pygame 2.2.0 (SDL 2.30.7, Python 3.8.10)
Hello from the pygame community. https://www.pygame.org/contribute.html
LEVEL:0:__________\n_bB1...2._\n_..fR1SF._\n_1...31s._\n_3.r..2.1_\n__________
BATCH:0:0:0
TRAINING ON LEVEL:53
of 184 levels
---LEVEL STRING---
__________
_bB1...2._
_..fR1SF._
_1...31s._
_3.r..2.1_
__________
---LEVEL STRING---
TRACK:0;-1;-1;0;0;4;5;3;6;6;0;0;3;11;2;23;-3.1835438734459114;25;4;6;16;3;0;3;3;2;0;2;1;22;-4.758715428106052;14;1;11;18;5;4;19;2;6;1;20;7.722605428532027;19;6;1;25;21;1.9994854377192866;3;0;4;4;1;1;11;11;0;15;25;3;3;0;3;22;-9.114669753753732;3;12;5;6;6;0;1;3;3;1;1;14;21;8.358591292899039;0;7;-1.869367322863278;9;5;1;5;0;22;-8.022056719212063;10;4;1;10;25;3;0;0;1;2;15;22;3.943687383123333;3;7;-7.195081779025978;4;0;16;12;6;0;6;8;6;8
TRACK:1;-1;-1;4;5;2;1;6;3;6;2;0;1;22;-5.885117641786208;8;3;18;1;5;13;1;16;15;1;3;5;3;0;2;21;6.901657372548449;20;-8.766172100727507;4;25;2;3;5;0;2;22;6.2664914149444435;11;2;19;16;6;1;5;5;13;6;6;22;7.702797546971414;5;0;3;0;2;2;2;9;16;3;8;5;0;15;16;0;3;2;17;14;5;5;8;2;4;1;4;6;9;2;5;24;4;25;0;1;2;0;21;9.322911281263565;23;-5.786660041394556;3;22;-9.944696673503579;6;4;20;-2.435612925866648;2;1;6;10;3;17;2;0;8;24;4;17
TRACK:2;-1;-1;4;5;4;1;0;0;6;1;4;5;13;6;2;16;18;5;5;4;0;19;12;6;2;6;3;4;17;4;5;1;19;7;-0.01891249926072902;5;2;2;1;4;5;22;2.0935538305943258;6;0;11;12;6;5;3;10;0;0;0;6;25;2;23;2.625592011596325;11;0;1;13;23;-5.550218297813283;0;11;20;-6.452262648708573;0;4;2;24;15;5;4;11
TRACK:3;-1;-1;5;4;5;6;1;1;2;2;1;0;18;7;-4.300253037793151;6;18;4;4;19;1;5;0;13;21;-6.559770024051328;5;0;10;15;4;4;2;2;20;-0.04253046952845452;12;3;17;2;6;3;6;6;13;0;6;6;4;19;2;4;3;16;1;6;16;0;13;19
TRACK:4;-1;-1;2;5;4;4;4;1;6;1;5;5;17;4;5;11;6;3;2;5;11;5;10;3;6;4;2;4;6;5;5;4;25;3;2;4;2;2;15;16;5;7;1.2478647824390965;1;5;4;20;-0.9262408330318621;0;4;10;0;7;5.747710290795824;16
TRACK:5;-1;-1;5;1;1;0;3;1;1;5;0;5;20;-9.541812351048355;2;10;14;0;6;0;11;10;1;1;23;3.3017724946245757;8;3;10;3;1;0;2;23;6.22784196311942;15;4;14;2;6;22;5.7210034776655725;4;13;6;4;2;3;1;4;12;6;10;0;0;6;21;1.8905591991193802;0;7;-9.294871898982054;14;0;2;21;-5.844507495232332;23;0.8213435804196738;4;22;-9.948935348380028;0;5;0;0;3;5;3;15;0;2;5;13;6;14;1;4;20;-3.667460328647607;3;22;3.5106919057459436;0;1;2;5;8;1;12;22;0.766294315935113;6;5;21;5.745567760447539;6;3;6;17;4;0;0;0;4;1;10;12;1;5;8;3;13;5;2;2;16;17;3;23;-8.825729025091535;6;3;4;4;7;9.94930017024397;5;0;2;4;2;2;5;6;25;6;4;23;2.902194164127982;5;6;1;9;9;0;6;6;5;5;15;5;2;2;4;10;0;15;11;3;4;11;5;1;6;5;1;1;23;0.055968451000509845;23;-7.978066272181086;3;13;6;2;6;1;15;17;5;1;19;25
TRACK:6;-1;-1;6;3;2;4;3;3;3;2;6;6;24;5;5;7;-8.025569262358076;5;3;0;4;0;0;6;12;2;14;16;0;4;17;6;15;4;1;2;5;18;2;14;10;5;1;23;7.201129749918312;19
TRACK:7;-1;-1;3;4;3;5;0;3;5;4;3;6;10;2;0;2;3;4;15;5;5;12;4;3;3;19;6;1;5;3;17;1;2;19;7;9.090646614924193;1;15;20;8.16350914586113
TRACK:8;-1;-1;3;0;3;0;6;6;5;6;4;2;7;-2.011876686958047;25;4;3;4;6;3;6;15;3;5;3;4;4;6;2;4;25;3;13
TRACK:9;-1;-1;4;1;6;4;2;3;3;2;6;1;9;7;6.991902389945551;6;2;9;16;6;3;0;2;0;23;8.845186361251194;14;4;14;6;1;16;8;1;0;5;2;1;5;2;5;25;5;13;2;3;4;16;4;3;16;4;5;5;5;25;5;4;4;2;5;6;25;6;0;23;-8.015301505273316;18;4;4;4;4;1;2;2;12;12;4;9;0;1;20;4.342552658104479;15;5;22;4.316002868325807
EVAL_INSTANCE:0:0:0
EVAL_INSTANCE:0:1:1
EVAL_INSTANCE:0:2:2
EVAL_INSTANCE:0:3:3
EVAL_INSTANCE:0:4:4
EVAL_INSTANCE:0:5:5
EVAL_INSTANCE:0:6:6
EVAL_INSTANCE:0:7:7
EVAL_INSTANCE:0:8:8
EVAL_INSTANCE:0:9:9
RUN_RESULT:0:0:0:2000:----
RUN_RESULT:0:1:0:824:URULULLURL
RUN_RESULT:0:2:0:2000:----
RUN_RESULT:0:3:0:911:URULULLURL
RUN_RESULT:0:4:0:911:URULULLURL
RUN_RESULT:0:5:0:2000:----
RUN_RESULT:0:6:0:2000:----
RUN_RESULT:0:7:0:2000:----
RUN_RESULT:0:8:0:2000:----
RUN_RESULT:0:9:0:911:URULULLURL
=================================================
n_gen  |  n_eval  |     f_avg     |     f_min    
=================================================
     1 |       10 | -1.244300E+03 | -3.176000E+03
TRACK:10;9;1;4;1;6;4;2;3;3;2;6;1;9;7;6.991902389945551;6;2;22;6.2664914149444435;11;6;3;0;2;0;23;8.845186361251194;14;4;14;6;1;16;8;1;0;5;2;1;5;2;5;25;5;13;2;3;4;16;4;3;16;4;5;5;5;25;5;4;4;2;5;6;25;6;0;23;-8.015301505273316;18;4;4;4;4;1;2;2;12;12;4;9;0;1;20;4.342552658104479;15;5;22;4.316002868325807
TRACK:11;9;1;4;5;2;1;6;3;6;2;0;1;22;-5.885117641786208;8;3;18;1;5;13;1;16;15;1;3;5;3;0;2;21;6.901657372548449;20;-8.766172100727507;4;25;2;3;5;0;2;22;6.2664914149444435;11;2;19;16;6;1;5;5;13;6;1;9;7;6.991902389945551;5;0;3;0;2;2;2;9;16;3;8;5;0;15;16;0;3;2;17;14;5;5;8;2;4;1;4;6;9;2;5;24;4;25;0;1;2;0;21;9.322911281263565;23;-5.786660041394556;3;22;-9.944696673503579;6;4;20;-2.435612925866648;2;1;6;10;3;17;2;0;8;24;4;17
TRACK:12;2;4;4;5;4;1;0;0;6;1;4;5;13;6;2;16;18;5;5;4;0;19;12;6;2;6;3;4;17;4;4;5;11;5;2;2;1;4;5;22;2.0935538305943258;6;0;11;12;6;5;3;10;0;0;0;6;25;2;23;2.625592011596325;11;0;1;13;23;-5.550218297813283;0;11;20;-6.452262648708573;0;4;2;24;15;5;4;11
TRACK:13;2;4;2;5;4;4;4;1;6;1;5;5;17;4;5;11;6;3;2;5;11;5;10;3;6;4;2;4;6;5;5;4;25;3;2;4;2;2;15;16;5;23;2.625592011596325;1;5;4;20;-0.9262408330318621;0;4;10;0;7;5.747710290795824;16
TRACK:14;7;0;3;4;3;5;0;3;5;4;3;6;10;2;0;2;3;4;12;5;5;12;4;3;3;19;6;1;5;3;17;1;2;19;7;9.090646614924193;1;15;20;8.16350914586113
TRACK:15;7;0;0;0;4;5;3;6;6;0;0;3;11;2;23;-3.1835438734459114;25;4;6;16;3;0;3;3;2;0;2;1;22;-4.758715428106052;14;1;11;18;5;4;19;2;6;1;20;7.722605428532027;19;6;1;25;21;1.9994854377192866;3;0;4;4;1;1;11;11;0;15;25;3;3;3;19;5;6;6;0;1;3;3;1;1;14;21;8.358591292899039;0;7;-1.869367322863278;9;5;1;5;0;22;-8.022056719212063;10;4;1;10;25;3;0;0;1;2;15;22;3.943687383123333;3;7;-7.195081779025978;4;0;16;12;6;0;6;8;6;8
TRACK:16;4;9;2;5;4;4;4;1;6;1;5;5;17;4;5;11;6;3;2;5;11;5;10;3;6;4;2;4;6;5;5;4;16;3;2;4;2;2;15;16;5;7;1.2478647824390965;1;5;4;20;-0.9262408330318621;0;4;10;0;7;5.747710290795824;16
TRACK:17;4;9;4;1;6;4;2;3;3;2;6;1;9;7;6.991902389945551;6;2;9;16;6;3;0;2;0;23;8.845186361251194;14;4;14;6;1;16;8;1;0;5;2;1;5;2;5;15;5;13;2;3;4;16;4;3;16;4;5;5;5;25;5;4;4;2;5;6;25;6;0;23;-8.015301505273316;18;4;4;4;4;1;2;2;12;12;4;9;0;1;20;4.342552658104479;15;5;22;4.316002868325807
TRACK:18;1;5;4;5;2;1;6;3;6;2;0;1;22;-5.885117641786208;8;3;18;1;5;13;1;16;15;1;3;5;3;0;2;21;6.901657372548449;12;4;25;2;3;5;0;2;22;6.2664914149444435;11;2;19;16;6;1;5;5;13;6;6;22;7.702797546971414;5;0;3;0;2;2;2;9;16;3;8;5;0;15;16;0;3;2;17;14;5;5;8;2;4;1;4;6;9;2;5;24;4;25;0;1;2;0;21;9.322911281263565;23;-5.786660041394556;3;22;-9.944696673503579;6;4;20;-2.435612925866648;2;1;6;10;3;17;2;0;8;24;4;17
TRACK:19;1;5;5;1;1;0;3;1;1;5;0;5;20;-9.541812351048355;2;10;14;0;6;0;11;10;1;1;23;3.3017724946245757;8;3;10;3;1;0;2;23;6.22784196311942;15;4;14;2;6;22;5.7210034776655725;4;13;6;4;2;3;1;4;12;6;10;0;0;6;21;1.8905591991193802;0;7;-9.294871898982054;14;0;2;21;-5.844507495232332;23;0.8213435804196738;4;22;-9.948935348380028;0;5;0;0;3;5;3;15;0;2;5;13;6;14;1;4;20;-3.667460328647607;3;22;3.5106919057459436;0;1;2;5;8;1;12;22;0.766294315935113;6;5;21;5.745567760447539;6;3;6;17;4;0;0;0;4;1;10;12;1;5;8;3;13;5;2;2;16;17;3;23;-8.825729025091535;6;3;4;4;7;9.94930017024397;5;0;2;4;2;2;5;6;25;6;4;23;2.902194164127982;5;6;1;9;9;0;6;6;5;5;15;5;2;2;4;10;0;15;11;3;4;17;5;1;6;5;1;1;23;0.055968451000509845;23;-7.978066272181086;3;13;6;2;6;1;15;17;5;1;19;25
TRACK:20;10;-1;4;1;6;4;2;3;3;2;6;1;9;7;7.183822710827373;6;2;22;6.2777532588180796;11;6;2;2;24;22;-3.5879629053877053;2;13;16;1;0;5;2;1;5;2;5;25;5;13;2;3;4;16;4;3;16;4;5;5;5;25;5;4;4;2;5;6;25;6;0;23;-7.804270003866461;18;4;4;4;4;1;2;2;12;12;4;9;0;1;20;4.345606929130803;15;5;22;4.716738736530243
TRACK:21;2;-1;4;5;4;1;0;0;6;8;5;5;4;0;19;12;6;2;6;3;4;17;4;5;1;19;7;-0.02173866092352838;5;2;2;1;4;5;22;2.0976653898456217;6;0;11;12;6;5;3;10;0;0;0;6;25;2;23;2.6883590368956836;11;0;1;13;23;-5.626093928641649;0;11;20;-6.425434915750053;0;4;2;24;15;5;4;11
TRACK:22;14;-1;3;4;3;5;0;3;5;4;3;6;15;2;0;2;3;4;12;5;5;12;4;3;3;19;6;1;5;3;17;1;2;19;7;9.19654862018939;1;15;20;8.152720260436336
TRACK:23;16;-1;2;5;4;4;4;1;6;1;5;5;17;4;5;11;6;3;2;5;11;5;10;3;6;4;2;4;6;6;5;5;8;3;2;4;2;2;15;16;5;7;1.3831788055449383;1;5;4;20;-1.0461563125967988;0;4;10;0;7;5.629007871159457;16
TRACK:24;18;-1;4;5;2;1;6;3;6;2;0;1;22;-5.755570620780023;8;3;18;1;5;13;1;16;15;1;3;5;3;0;2;21;6.948764953586252;12;4;25;2;3;5;0;2;22;6.433939502779335;24;2;19;16;6;1;5;5;13;6;6;22;7.663014294379652;5;0;3;0;2;2;2;9;16;3;8;5;0;15;16;0;3;2;17;14;5;5;8;2;4;1;4;6;9;2;5;24;4;25;0;1;2;0;21;9.283915224158209;23;-5.648819634472822;3;22;-10.0;6;4;20;-2.3484585254737844;2;1;6;10;3;17;2;0;8;24;4;17
TRACK:25;11;-1;4;5;2;1;6;3;6;2;0;1;22;-5.746523720941028;8;3;18;1;5;13;1;16;15;1;3;5;3;0;2;21;6.843036789411427;20;-8.791083120677186;4;25;2;3;5;0;2;22;6.207569621508283;11;2;19;16;6;1;5;5;13;6;1;9;7;6.743319335669833;5;0;3;0;2;2;2;9;16;3;8;5;0;15;16;0;3;2;17;14;5;5;8;2;4;1;4;6;9;2;5;24;3;9;0;1;2;0;21;9.477309592716535;23;-5.562735987014143;3;22;-10.0;6;4;20;-2.58515420475647;2;1;6;10;3;17;2;0;8;24;4;17
TRACK:26;4;-1;2;5;4;4;4;1;6;1;5;5;17;4;5;11;6;3;2;5;11;5;10;3;6;4;2;4;6;5;5;4;25;3;2;4;2;2;15;16;5;15;1;5;4;20;-1.0622482811357012;0;4;10;0;7;5.777636995199486;16
TRACK:27;15;-1;0;0;4;5;3;6;6;0;0;3;11;2;23;-3.09367788908394;25;4;6;16;3;1;23;-6.486577504870812;16;5;6;6;0;1;3;3;1;1;14;21;8.359545594964642;0;7;-1.685626733954958;9;5;1;5;0;22;-8.079022625684305;10;4;1;10;25;3;0;0;1;2;15;22;4.002127730409901;3;7;-7.172511953819855;4;0;16;12;6;0;6;8;6;8
TRACK:28;17;-1;4;1;6;4;2;3;3;2;6;1;9;7;6.925741830748247;6;2;9;16;6;3;0;2;0;23;8.546107146033155;14;4;14;6;1;16;8;1;0;5;2;1;5;2;5;15;5;13;2;3;4;16;4;3;16;4;5;5;5;25;5;4;4;2;5;6;25;6;0;23;-7.94626085060443;18;4;4;4;4;1;2;2;12;12;4;9;0;1;20;4.267757152756217;15;5;7;-8.15604528731781
TRACK:29;19;-1;5;1;1;0;4;1;1;3;4;16;0;4;8;3;17;5;1;2;15;11;0;20;-6.087470990964903;14;6;4;2;3;1;4;12;6;10;0;0;6;21;1.7446381262056136;0;7;-9.282103312908678;14;0;2;21;-5.959675990439865;23;1.0178905451143334;4;22;-9.92159689565141;0;5;0;0;3;5;3;15;0;2;5;13;6;14;1;4;20;-3.7348837366355947;3;22;3.2034030713359396;0;1;2;5;8;1;12;22;0.7092519456746412;6;5;21;5.967376589964862;6;3;6;17;4;0;0;0;4;1;10;12;1;5;8;3;13;5;2;2;16;17;3;23;-8.800810669110831;6;3;4;4;7;10.0;5;0;2;4;2;2;5;6;25;6;4;23;2.850439660753378;5;6;1;9;9;0;6;6;5;5;15;5;2;2;4;10;0;15;11;3;4;17;5;1;6;5;1;1;23;0.11352625752849417;23;-7.9791689450656875;3;13;6;2;6;1;15;17;5;1;19;25
EVAL_INSTANCE:1:0:20
EVAL_INSTANCE:1:1:21
EVAL_INSTANCE:1:2:22
EVAL_INSTANCE:1:3:23
EVAL_INSTANCE:1:4:24
EVAL_INSTANCE:1:5:25
EVAL_INSTANCE:1:6:26
EVAL_INSTANCE:1:7:27
EVAL_INSTANCE:1:8:28
EVAL_INSTANCE:1:9:29
RUN_RESULT:1:0:0:911:URULULLURL
RUN_RESULT:1:1:0:2000:----
RUN_RESULT:1:2:0:235:RULRRUULRRDURDLUR
RUN_RESULT:1:3:0:2000:----
RUN_RESULT:1:4:0:824:URULULLURL
RUN_RESULT:1:5:0:824:URULULLURL
RUN_RESULT:1:6:0:911:URULULLURL
RUN_RESULT:1:7:0:2000:----
RUN_RESULT:1:8:0:911:URULULLURL
RUN_RESULT:1:9:0:2000:----
     2 |       20 | -3.182700E+03 | -3.765000E+03
TRACK:30;22;20;3;4;3;5;0;3;5;4;3;6;15;2;0;2;3;4;13;5;5;12;4;3;3;19;6;1;5;3;17;1;2;19;7;9.19654862018939;1;15;20;8.152720260436336
TRACK:31;22;20;4;1;6;4;2;3;3;2;6;1;9;7;7.183822710827373;6;2;22;6.2777532588180796;11;6;2;2;24;22;-3.5879629053877053;2;13;16;1;0;5;2;1;5;2;5;25;5;13;1;2;19;7;9.19654862018939;1;15;20;8.152720260436336;4;5;5;5;25;5;4;4;2;5;6;25;6;0;23;-7.804270003866461;18;4;4;4;4;1;2;2;12;12;4;9;0;1;20;4.345606929130803;15;5;22;4.716738736530243
TRACK:32;9;25;4;1;6;4;2;3;3;2;6;1;9;7;6.991902389945551;6;2;9;16;6;3;0;2;0;23;8.845186361251194;14;4;14;6;1;16;8;1;2;0;21;9.477309592716535;23;-5.562735987014143;3;22;-10.0;4;4;4;4;1;2;2;12;12;4;9;0;1;20;4.342552658104479;15;5;22;4.316002868325807
TRACK:33;9;25;4;5;2;1;6;3;6;2;0;1;22;-5.746523720941028;8;3;18;1;5;13;1;16;15;1;3;5;3;0;2;21;6.843036789411427;20;-8.791083120677186;4;25;2;3;5;0;2;22;6.207569621508283;11;2;19;16;6;1;5;5;13;6;1;9;7;6.743319335669833;5;0;3;0;2;2;2;9;16;3;8;5;0;15;16;0;3;2;17;14;5;5;8;2;4;1;4;6;9;2;5;24;3;9;0;1;2;0;21;9.477309592716535;23;-5.562735987014143;3;22;-10.0;6;4;20;-2.58515420475647;2;1;6;10;3;17;2;0;8;24;4;18
TRACK:34;24;24;4;5;2;1;6;3;6;2;0;1;22;-5.755570620780023;8;3;18;1;5;13;1;16;15;1;3;5;3;0;2;21;6.948764953586252;12;4;25;2;3;5;0;2;22;6.433939502779335;24;2;19;16;6;1;5;5;13;6;6;22;7.663014294379652;5;0;3;0;2;2;2;9;16;3;8;5;0;15;16;0;3;2;17;14;5;9;2;4;1;4;6;9;2;5;24;4;25;0;1;2;0;21;9.283915224158209;23;-5.648819634472822;3;22;-10.0;6;4;20;-2.3484585254737844;2;1;6;10;3;17;2;0;8;24;4;17
TRACK:35;24;24;4;5;2;1;6;3;6;2;0;1;22;-5.755570620780023;8;3;18;1;5;13;1;16;15;1;3;5;3;0;2;13;12;4;25;2;3;5;0;2;22;6.433939502779335;24;2;19;16;6;1;5;5;13;6;6;22;7.663014294379652;5;0;3;0;2;2;2;9;16;3;8;5;0;15;16;0;3;2;17;14;5;5;8;2;4;1;4;6;9;2;5;24;4;25;0;1;2;0;21;9.283915224158209;23;-5.648819634472822;3;22;-10.0;6;4;20;-2.3484585254737844;2;1;6;10;3;17;2;0;8;24;4;17
TRACK:36;22;1;3;4;3;5;0;3;5;4;3;6;15;2;0;2;3;4;12;5;5;12;4;3;3;19;6;3;18
TRACK:37;22;1;4;5;2;1;6;3;6;2;0;1;22;-5.885117641786208;8;3;18;1;5;13;1;16;15;1;3;5;3;0;2;21;6.901657372548449;20;-8.766172100727507;4;25;2;3;5;0;2;22;6.2664914149444435;11;2;19;16;6;1;5;5;13;6;6;22;7.702797546971414;5;0;3;0;2;2;2;9;16;3;8;5;0;15;16;0;3;2;17;14;5;5;8;2;4;1;4;6;9;2;5;24;4;25;0;1;2;0;21;9.322911281263565;23;-5.786660041394556;3;17;6;4;20;-2.435612925866648;2;1;6;10;3;17;2;0;8;24;4;17
TRACK:38;25;26;4;5;2;1;6;3;6;2;0;1;22;-5.746523720941028;8;3;18;1;5;13;1;16;15;1;3;5;3;0;2;21;6.843036789411427;20;-8.791083120677186;4;25;2;3;5;0;2;22;6.207569621508283;11;2;19;16;6;1;5;5;13;6;1;9;7;6.743319335669833;5;0;3;0;2;2;2;9;16;3;8;5;0;15;16;0;3;2;17;14;5;5;8;2;4;1;4;6;9;2;5;24;3;9;0;1;2;0;21;9.477309592716535;23;-5.562735987014143;3;22;-10.0;6;4;20;-2.58515420475647;2;1;6;17;3;17;2;0;8;24;4;17
TRACK:39;25;26;2;5;4;4;4;1;6;1;5;5;17;4;5;11;6;3;2;5;11;5;10;3;6;4;2;4;6;5;5;4;25;3;2;4;2;2;15;16;5;15;1;5;4;20;-1.0622482811357012;0;3;22;-10.0;0;7;5.777636995199486;16
TRACK:40;30;-1;3;4;3;5;5;3;7;-8.305019762756343
TRACK:41;32;-1;4;6;2;0;1;10;20;9.057021145820705;3;22;-8.200379624566043;4;0;11;10
TRACK:42;34;-1;4;5;2;1;6;3;6;2;0;1;22;-5.608592917745508;8;3;18;1;5;13;1;16;15;1;3;5;6;21;5.6407488024231505;2;3;5;0;2;22;6.498985882427732;24;2;19;16;6;1;5;5;13;6;6;22;7.756749154008723;5;0;3;0;2;2;2;9;16;3;8;5;0;15;16;0;3;2;17;14;5;9;2;4;1;4;6;9;2;5;24;4;25;0;1;2;0;21;9.228188466401484;23;-5.81129903909294;3;22;-10.0;6;4;20;-2.486572374347893;2;1;6;10;3;17;2;0;8;24;4;17
TRACK:43;36;-1;3;1;4;3;3;2;1;14;18;0;24;17;6;6;6;2;4;15;6;11
TRACK:44;38;-1;4;5;2;1;6;3;6;2;0;1;22;-5.6027369744941025;8;3;18;1;5;13;1;16;15;1;3;5;3;0;2;21;6.931472828695746;20;-8.746786319416469;4;25;2;3;5;0;2;22;6.180999717580369;11;2;19;16;6;1;5;5;13;6;1;9;7;6.678789691660777;5;0;3;0;2;2;2;9;16;3;8;5;0;15;16;0;3;2;17;14;5;5;8;2;4;1;4;6;9;2;5;24;3;9;6;4;24
TRACK:45;31;-1;4;1;6;4;2;3;3;2;6;1;9;7;7.05645354565337;6;2;22;6.2792358386681695;11;6;2;2;24;22;-3.5854665722343286;2;13;16;1;0;5;2;1;5;2;5;25;5;13;1;2;19;7;9.189630321423177;1;15;20;8.13670865225467;4;5;5;5;25;5;4;4;2;5;6;25;6;0;23;-7.725093950663392;18;4;4;4;4;1;2;2;12;16;4;9;0;1;20;4.237260615528592;15;5;22;4.521285886301293
TRACK:46;33;-1;4;5;2;1;6;3;6;2;0;1;22;-5.659839229984138;8;3;18;1;5;13;1;16;15;1;3;5;3;0;2;21;6.933436363590648;20;-8.836352540581021;4;25;2;3;5;0;2;22;6.002113467025442;11;2;19;16;6;1;5;5;13;6;1;9;7;6.662807613207571;5;6;3;6;4;11
TRACK:47;35;-1;4;5;2;2;4;2;18;15;1;2;13;20;-9.500195446331336;2;11;20;-3.099800097608762;5;0;3;0;2;2;2;9;16;3;8;5;0;15;16;0;3;2;17;14;5;5;8;2;4;1;4;6;9;2;5;24;4;25;0;1;2;0;21;9.289056676571958;23;-5.704089604140381;3;22;-9.920248640005036;6;4;20;-2.1511062262323755;2;1;6;10;3;17;2;0;8;24;4;17
TRACK:48;37;-1;4;5;2;1;6;3;6;2;0;1;22;-5.635617339879697;8;3;18;1;5;13;1;16;15;1;3;5;3;0;2;21;6.770077414895882;20;-8.75542701817586;4;25;2;3;5;0;2;22;6.274303668928278;11;2;19;16;6;1;5;5;13;6;6;22;7.628122376322557;5;0;3;0;2;2;2;9;16;3;8;5;0;8;16;0;3;2;17;14;5;5;8;2;4;1;4;6;9;2;5;24;4;25;0;1;2;0;21;9.339923304257649;23;-5.649909078448394;3;17;6;4;20;-2.5220288527058448;2;1;6;10;3;17;2;0;8;24;4;17
TRACK:49;39;-1;2;5;4;4;4;1;6;1;5;5;17;4;5;11;6;3;2;5;11;5;10;3;6;4;2;2;23;1.9506684640664993;14;3;2;4;2;2;15;16;5;15;1;5;4;20;-1.1066068497378876;0;3;22;-10.0;0;7;5.801389981761421;16
EVAL_INSTANCE:2:0:40
EVAL_INSTANCE:2:1:41
EVAL_INSTANCE:2:2:42
EVAL_INSTANCE:2:3:43
EVAL_INSTANCE:2:4:44
EVAL_INSTANCE:2:5:45
EVAL_INSTANCE:2:6:46
EVAL_INSTANCE:2:7:47
EVAL_INSTANCE:2:8:48
EVAL_INSTANCE:2:9:49
RUN_RESULT:2:0:0:911:URULULLURL
RUN_RESULT:2:1:0:911:URULULLURL
RUN_RESULT:2:2:0:824:URULULLURL
RUN_RESULT:2:3:0:911:URULULLURL
RUN_RESULT:2:4:0:824:URULULLURL
RUN_RESULT:2:5:0:911:URULULLURL
RUN_RESULT:2:6:0:896:URULULLURL
RUN_RESULT:2:7:0:911:URULULLURL
RUN_RESULT:2:8:0:362:URULULLURL
RUN_RESULT:2:9:0:2000:----
     3 |       30 | -3.256500E+03 | -3.765000E+03
TRACK:50;22;24;3;4;3;5;0;3;5;4;3;6;15;4;20;-2.3484585254737844
TRACK:51;22;24;4;5;2;1;6;3;6;2;0;1;22;-5.755570620780023;8;3;18;1;5;13;1;16;15;1;3;5;3;0;2;21;6.948764953586252;12;4;25;2;3;5;0;2;22;6.433939502779335;24;2;19;12;6;1;5;5;13;6;6;22;7.663014294379652;5;0;3;0;2;2;2;9;16;3;8;5;0;15;16;0;3;2;17;14;5;5;8;2;4;1;4;6;9;2;5;24;4;25;0;1;2;0;21;9.283915224158209;23;-5.648819634472822;3;22;-10.0;6;4;20;-2.3484585254737844;2;1;6;10;3;17;2;0;8;24;4;17
TRACK:52;48;4;4;5;2;1;6;3;6;2;0;1;22;-5.635617339879697;8;3;18;1;5;13;1;16;15;1;3;5;3;0;2;21;6.770077414895882;20;-8.75542701817586;4;25;2;3;5;0;2;22;6.274303668928278;11;2;19;16;6;1;5;5;13;6;6;22;7.628122376322557;5;0;3;0;2;2;2;9;16;3;8;5;0;11;16;0;3;2;17;14;5;5;8;2;4;1;4;6;9;2;5;24;4;25;0;1;2;0;21;9.339923304257649;23;-5.649909078448394;3;17;6;4;20;-2.5220288527058448;2;1;6;10;3;17;2;0;8;24;4;17
TRACK:53;48;4;2;5;4;4;4;1;6;1;5;5;17;4;5;11;6;3;2;5;11;5;10;3;6;4;2;4;6;5;5;4;25;3;2;4;2;1;22;-5.635617339879697;8;5;7;1.2478647824390965;1;5;4;20;-0.9262408330318621;0;4;10;0;7;5.747710290795824;16
TRACK:54;44;48;4;5;2;1;6;3;6;2;0;1;22;-5.6027369744941025;8;3;18;1;5;13;1;16;15;1;3;5;3;0;2;21;6.931472828695746;20;-8.746786319416469;4;25;2;3;5;0;2;22;6.180999717580369;11;2;19;16;6;1;5;5;13;6;1;9;7;6.678789691660777;5;0;3;0;2;2;2;24;16;3;8;5;0;15;16;0;3;2;17;14;5;5;8;2;4;1;4;6;9;2;5;24;3;9;6;4;24
TRACK:55;44;48;4;5;2;1;6;3;6;2;0;1;22;-5.635617339879697;8;3;18;1;5;13;1;16;15;1;3;5;3;0;2;21;6.770077414895882;20;-8.75542701817586;4;25;2;3;5;4;25;6;1;5;5;13;6;6;22;7.628122376322557;5;0;3;0;2;2;2;9;16;3;8;5;0;8;16;0;3;2;17;14;5;5;8;2;4;1;4;6;9;2;5;24;4;25;0;1;2;0;21;9.339923304257649;23;-5.649909078448394;3;17;6;4;20;-2.5220288527058448;2;1;6;10;3;17;2;0;8;24;4;17
TRACK:56;22;44;3;4;3;5;0;3;5;4;3;6;16;2;0;2;3;4;12;5;5;12;4;3;3;19;6;1;5;3;17;1;2;19;7;9.19654862018939;1;15;20;8.152720260436336
TRACK:57;22;44;4;5;2;1;6;3;6;2;0;1;22;-5.6027369744941025;8;3;18;1;5;12;1;16;15;1;3;5;3;0;2;21;6.931472828695746;20;-8.746786319416469;4;25;2;3;5;0;2;22;6.180999717580369;11;2;19;16;6;1;5;5;13;6;1;9;7;6.678789691660777;5;0;3;0;2;2;2;9;16;3;8;5;0;15;16;0;3;2;17;14;5;5;8;2;4;1;4;6;9;2;5;24;3;9;6;4;24
TRACK:58;1;3;4;5;2;1;6;3;6;2;0;1;22;-5.885117641786208;8;3;18;16;1;3;5;3;0;2;21;6.901657372548449;20;-8.766172100727507;4;25;2;3;5;0;2;22;6.2664914149444435;11;2;19;16;6;1;5;5;13;6;6;22;7.702797546971414;5;0;3;0;2;2;2;9;16;3;8;5;0;15;16;0;3;2;17;14;5;5;8;2;4;1;4;6;9;2;5;24;4;25;0;1;2;0;21;9.322911281263565;23;-5.786660041394556;3;22;-9.944696673503579;6;4;20;-2.435612925866648;2;1;6;10;3;17;2;0;8;24;4;17
TRACK:59;1;3;5;4;5;6;1;1;2;2;1;0;18;7;-4.300253037793151;6;18;4;4;19;1;6;10;3;17;4;4;2;2;20;-0.04253046952845452;12;3;17;2;6;3;6;6;13;0;6;6;4;19;2;4;3;16;1;6;16;0;13;19
TRACK:60;50;-1;3;4;3;2;6;5;0;6;16;4;22;4.48398588836074;0;6;4;5;11;3;0;5;22;-6.475207688708533;0;12;12
TRACK:61;52;-1;4;5;2;1;6;3;6;2;0;1;22;-5.48838448682196;8;3;18;1;5;13;1;16;15;1;3;5;3;0;2;21;6.594682689718039;20;-8.856393794389428;4;25;2;3;5;0;2;22;6.1736323209603325;11;2;19;16;6;1;5;5;13;6;6;22;7.628632986674112;5;0;3;0;2;2;2;9;16;5;18;5;0;11;16;0;3;2;17;14;5;5;8;2;4;1;4;6;9;2;5;24;4;25;0;1;2;0;21;9.24365219021948;23;-5.668186508805729;3;17;6;4;20;-2.4048849785490636;2;1;6;10;3;17;2;0;8;24;4;17
TRACK:62;54;-1;4;5;2;1;6;3;6;2;0;1;22;-5.49545665310793;8;3;18;1;5;16;1;16;15;1;3;5;3;0;2;21;6.800772202515181;20;-8.700667984862347;4;25;2;3;5;0;2;22;6.152749847000943;11;2;19;16;6;1;5;5;13;6;1;9;7;6.690266017981302;5;0;3;0;2;2;2;24;16;3;8;5;0;15;16;0;3;2;17;14;5;5;8;2;4;1;4;6;9;2;5;24;3;9;6;4;24
TRACK:63;56;-1;3;4;3;5;0;3;5;4;3;6;16;2;0;2;3;4;12;5;5;12;4;3;3;19;6;1;5;3;17;1;6;7;2.9968522850028876;1;15;20;8.083713526240437
TRACK:64;58;-1;4;5;2;1;6;3;6;2;0;1;22;-5.926442981909552;8;3;18;16;1;3;5;3;0;2;21;6.864847398196391;20;-8.957939485074316;4;25;2;3;5;0;2;22;6.201355292006266;11;2;19;16;6;1;5;5;13;6;6;22;7.81169609935245;5;0;3;0;2;2;2;9;16;1;24;25;5;0;15;16;0;3;2;17;14;5;5;8;2;4;1;4;6;9;2;5;24;4;25;0;1;2;0;21;9.152913296219156;23;-5.876348279705171;3;22;-10.0;6;4;20;-2.5753377206606136;2;1;6;10;3;17;2;0;8;24;4;17
TRACK:65;51;-1;4;5;2;1;6;3;6;2;0;1;22;-5.796186434830653;8;3;18;1;5;13;1;16;15;1;3;5;3;0;2;21;6.960107499995514;12;4;25;2;3;5;0;2;22;6.502984557334696;24;2;19;12;6;1;5;5;13;6;6;22;7.75168625050282;5;0;3;0;2;2;2;9;16;3;8;5;0;15;16;0;3;2;17;23;0.04872951881578835;5;5;8;2;4;1;4;6;9;2;5;24;4;25;0;1;2;0;21;9.206189106674456;23;-5.705892170027004;3;22;-9.868379426294142;6;4;20;-2.185629477021538;2;1;6;10;3;17;2;0;8;24;4;17
TRACK:66;53;-1;2;5;4;4;4;1;6;1;5;5;17;4;5;11;6;3;2;5;11;5;10;3;6;4;2;6;5;3;2;3;7;-1.0206979667073934;5;9;3;2;4;2;1;22;-5.813797337086139;8;5;7;1.2999720738103018;1;5;4;20;-0.9795598881800177;0;4;10;0;7;5.715609817090034;16
TRACK:67;55;-1;4;5;2;1;6;3;6;2;0;1;22;-5.615444395591063;8;3;18;1;5;13;1;16;15;1;3;5;3;0;2;21;6.654540481662112;20;-8.873252052311184;4;25;2;3;5;4;25;6;1;5;5;13;6;6;22;7.468011085712893;3;5;1;2;6;0;24;18;1;5;19;4;21;-6.724022482167024;6;0;0;22;-3.384507052459538;8;6;7;9.898694567878255
TRACK:68;57;-1;4;5;2;1;6;3;6;2;0;1;22;-5.773939330428718;8;3;18;1;5;12;1;16;15;1;3;5;3;0;2;21;6.891408406155899;20;-8.671283952904115;4;25;2;3;5;0;2;22;6.1066698227471425;11;2;19;16;6;1;5;5;13;6;1;9;7;6.685842089612191;5;0;3;0;2;2;2;9;16;3;8;5;0;15;16;0;3;2;17;14;5;5;8;2;4;1;4;6;9;2;5;24;3;9;6;0;0;5;20;0.3445374237091752;3;25;0;2;16;11;0;14;20;2.7305494965566286
TRACK:69;59;-1;5;4;5;6;1;1;1;0;4;21;7.802097890142587;1;13;18;5;4;10;1;1;3;15;1;12;24;5;0;14;20;-8.332797525504681;2;6;3;6;6;13;0;6;6;4;19;2;4;3;16;1;6;16;0;13;19
EVAL_INSTANCE:3:0:60
EVAL_INSTANCE:3:1:61
EVAL_INSTANCE:3:2:62
EVAL_INSTANCE:3:3:63
EVAL_INSTANCE:3:4:64
EVAL_INSTANCE:3:5:65
EVAL_INSTANCE:3:6:66
EVAL_INSTANCE:3:7:67
EVAL_INSTANCE:3:8:68
EVAL_INSTANCE:3:9:69
RUN_RESULT:3:0:0:911:URULULLURL
RUN_RESULT:3:1:0:362:URULULLURL
RUN_RESULT:3:2:0:824:URULULLURL
RUN_RESULT:3:3:0:235:RULRRUULRRDURDLUR
RUN_RESULT:3:4:0:824:URULULLURL
RUN_RESULT:3:5:0:362:URULULLURL
RUN_RESULT:3:6:0:1912:RUULLLDLDRLDRL
RUN_RESULT:3:7:0:150:URULULLURDUL
RUN_RESULT:3:8:0:911:URULULLURL
RUN_RESULT:3:9:0:911:URULULLURL
     4 |       40 | -3.499800E+03 | -3.850000E+03
TRACK:70;67;65;4;5;2;1;6;3;6;2;0;1;22;-5.615444395591063;8;3;18;1;5;13;1;16;15;1;3;5;3;0;2;21;6.654540481662112;20;-8.873252052311184;4;25;2;3;5;4;25;6;1;5;5;13;6;6;22;7.468011085712893;3;5;1;2;6;0;24;18;1;5;19;4;3;18;6;0;0;22;-3.384507052459538;8;6;7;9.898694567878255
TRACK:71;67;65;4;5;2;1;6;3;6;2;0;1;22;-5.796186434830653;8;3;18;1;5;13;1;16;15;1;3;5;3;0;2;21;6.960107499995514;18;4;25;2;3;5;0;2;22;6.502984557334696;24;2;19;12;6;1;5;5;13;6;6;22;7.75168625050282;5;0;3;0;2;2;2;9;16;3;8;5;0;15;16;0;3;2;17;23;0.04872951881578835;5;5;8;2;4;1;4;6;9;2;5;24;4;25;0;1;2;0;21;9.206189106674456;23;-5.705892170027004;3;22;-9.868379426294142;6;4;20;-2.185629477021538;2;1;6;10;3;17;2;0;8;24;4;17
TRACK:72;22;24;3;4;3;5;0;3;5;4;3;6;15;2;0;2;3;4;12;5;5;12;4;3;3;19;6;1;5;3;17;1;0;21;9.283915224158209;23;-5.648819634472822;1;15;20;8.152720260436336
TRACK:73;22;24;4;5;2;1;6;3;6;2;0;1;22;-5.755570620780023;8;3;18;1;5;13;1;16;15;1;3;5;3;0;2;21;6.948764953586252;12;4;25;2;3;5;0;2;22;6.433939502779335;24;2;19;16;6;1;5;5;13;6;6;22;7.663014294379652;5;0;3;0;2;2;2;9;16;3;8;5;0;15;16;0;3;2;17;14;5;5;8;2;4;1;4;6;9;2;5;24;4;25;0;1;2;0;21;9.283915224158209;23;-5.648819634472822;3;22;-10.0;6;4;20;-2.3484585254737844;12
TRACK:74;63;1;3;4;3;5;0;3;5;4;3;6;16;2;0;2;3;4;12;5;5;12;4;3;3;19;6;1;5;3;17;1;6;22;-5.885117641786208;1;15;20;8.083713526240437
TRACK:75;63;1;4;5;2;1;6;3;6;2;0;1;22;-5.885117641786208;8;3;18;1;5;13;1;16;15;1;3;5;3;0;2;21;6.901657372548449;20;-8.766172100727507;4;25;2;3;5;0;2;19;11;2;19;16;6;1;5;5;13;6;6;22;7.702797546971414;5;0;3;0;2;2;2;9;16;3;8;5;0;15;16;0;3;2;17;14;5;5;8;2;4;1;4;6;9;2;5;24;4;25;0;1;2;0;21;9.322911281263565;23;-5.786660041394556;3;22;-9.944696673503579;6;4;20;-2.435612925866648;2;1;6;10;3;17;2;0;8;24;4;17
TRACK:76;67;48;4;5;2;1;6;3;6;2;0;1;22;-5.615444395591063;8;3;18;1;14;1;16;15;1;3;5;3;0;2;21;6.654540481662112;20;-8.873252052311184;4;25;2;3;5;4;25;6;1;5;5;13;6;6;22;7.468011085712893;3;5;1;2;6;0;24;18;1;5;19;4;21;-6.724022482167024;6;0;0;22;-3.384507052459538;8;6;7;9.898694567878255
TRACK:77;67;48;4;5;2;1;6;3;6;2;0;1;22;-5.635617339879697;8;3;18;1;5;13;1;16;15;1;3;5;3;0;2;21;6.770077414895882;20;-8.75542701817586;4;25;2;3;5;0;2;22;6.274303668928278;11;2;19;16;6;1;5;5;13;6;6;22;7.628122376322557;5;0;3;0;2;2;2;9;16;3;8;5;0;8;16;0;3;2;17;14;5;5;8;2;4;1;4;6;9;2;5;24;4;25;0;1;5;4;25;6;4;20;-2.5220288527058448;2;1;6;10;3;17;2;0;8;24;4;17
TRACK:78;65;22;4;5;2;1;6;3;6;2;0;1;22;-5.796186434830653;8;3;18;1;5;13;1;16;15;1;3;5;3;0;2;21;6.960107499995514;12;4;25;2;3;5;0;2;22;6.502984557334696;24;2;19;12;6;1;5;5;13;6;6;22;7.75168625050282;5;0;3;0;2;2;2;9;16;3;8;5;0;15;16;0;3;2;17;23;0.04872951881578835;5;5;8;2;4;1;4;6;9;2;5;24;4;25;0;1;2;0;21;9.206189106674456;23;-5.705892170027004;3;22;-9.868379426294142;6;4;15;2;1;6;10;3;17;2;0;8;24;4;17
TRACK:79;65;22;3;4;3;5;0;3;5;4;3;6;15;2;0;2;3;4;21;9.206189106674456;5;5;12;4;3;3;19;6;1;5;3;17;1;2;19;7;9.19654862018939;1;15;20;8.152720260436336
TRACK:80;70;-1;4;5;2;1;6;3;6;2;0;1;22;-5.67141585999137;8;3;18;1;5;13;1;16;15;1;3;5;2;5;23;-2.2714321437080764;1;14;8;2;3;5;4;25;6;1;5;5;13;6;6;22;7.474286720851288;3;5;1;2;6;0;24;18;1;5;19;4;3;18;6;0;0;22;-3.4757819013542166;8;6;7;9.846540838137674
TRACK:81;72;-1;3;4;3;5;0;3;5;4;3;6;15;2;0;1;8;8;4;3;3;19;6;1;5;3;17;1;0;21;9.383851751116131;23;-5.702583854923503;1;15;20;8.091646171025133
TRACK:82;74;-1;3;4;3;5;0;3;5;4;3;6;16;2;0;2;3;4;12;5;5;12;4;3;3;19;6;1;5;3;17;1;4;19;1;15;20;8.129363964437548
TRACK:83;76;-1;4;5;2;1;6;3;6;2;0;1;22;-5.747268224955002;8;3;18;1;14;1;16;15;1;3;5;3;0;2;21;6.588820331802615;20;-8.987996551755876;4;25;2;3;5;4;25;6;1;5;5;13;6;6;22;7.3272540527523216;3;5;1;2;6;0;1;7;6.898383728734856;19;18;1;5;19;4;21;-6.762374748314514;6;0;0;22;-3.4105748591589653;8;6;7;9.950789017284947
TRACK:84;65;-1;4;5;2;1;6;3;6;2;0;1;22;-5.8469785171881865;8;3;18;1;5;13;1;16;15;1;3;5;3;0;2;21;7.045301678884716;12;4;25;2;3;5;0;2;22;6.434690961660686;24;2;19;12;6;1;5;5;13;6;6;22;7.700652197447476;5;0;3;0;5;3;6;15;0;3;2;17;23;-0.11611457057864813;5;5;8;2;4;1;4;6;9;2;5;24;4;25;0;1;2;0;21;9.328411079801247;23;-5.7352314520905825;3;22;-9.865025372728327;6;4;20;-2.2638207232656407;2;1;6;10;3;17;2;0;8;24;4;17
TRACK:85;71;-1;4;5;2;1;6;3;6;2;0;1;22;-5.853989734833828;8;3;18;1;5;13;1;16;15;1;3;5;3;0;2;21;6.972758673270271;18;4;25;2;3;5;0;2;22;6.417784992940932;24;2;19;12;6;1;5;5;13;6;6;22;7.721678063497073;5;0;3;0;2;2;2;9;16;3;8;5;0;15;16;0;3;2;17;23;0.020998811784553477;5;5;8;2;4;1;4;6;9;2;5;24;4;25;0;1;2;0;21;9.08110888979821;23;-5.697837157739338;3;22;-10.0;6;4;20;-2.2212948174064753;2;1;6;10;3;17;2;0;8;24;1;20;6.618948321251402;18
TRACK:86;73;-1;4;5;2;1;6;3;6;2;0;1;22;-5.70018789472145;8;3;18;1;5;13;1;16;15;1;3;5;3;0;2;21;6.9814488548467954;12;4;25;2;3;5;0;2;22;6.396891651098237;24;2;19;16;6;1;5;5;13;6;6;22;7.772563088506155;5;0;3;0;2;2;2;9;16;3;8;5;0;15;16;0;3;2;13;14;5;5;8;2;4;1;4;6;9;2;5;24;4;25;0;1;2;0;21;9.470599443585291;23;-5.477757931740164;3;22;-10.0;6;4;20;-2.38423433720957;12
TRACK:87;75;-1;4;5;2;1;6;3;6;2;0;1;22;-5.846327688548884;8;3;18;1;5;13;1;16;15;1;3;5;3;0;2;21;6.876956872627215;20;-9.028952552663592;4;25;2;3;5;0;2;19;11;2;19;16;6;1;5;5;13;6;6;22;7.842743269306854;5;0;3;0;2;6;18;5;0;15;16;0;3;2;17;14;5;5;8;2;4;1;4;6;9;2;5;24;4;25;0;1;2;0;21;9.519813185588921;23;-5.695745025270184;3;22;-10.0;6;4;20;-2.6510928921046775;2;1;6;10;3;17;2;0;8;24;4;17
TRACK:88;77;-1;4;5;2;1;0;1;0;1;8;23;-0.15955607155117235;1;22;-6.636530606815243;9;0;2;24;14;0;24;8;0;1;1;10;12;4;13;3;6;15;1;3;5;3;0;2;21;6.9130771733382;20;-8.761040476516884;4;25;2;3;5;0;2;22;6.422060151597407;11;2;19;16;6;1;5;5;13;6;6;22;7.502716875694655;5;0;3;0;2;2;2;9;16;3;8;5;0;8;16;0;3;2;17;14;5;5;8;2;4;1;4;6;9;2;5;24;4;25;0;1;5;4;25;6;4;20;-2.495487848289865;2;1;6;10;3;17;2;0;8;24;4;17
TRACK:89;22;-1;3;4;3;5;0;3;5;4;3;6;15;2;0;2;3;4;12;5;5;12;4;3;3;19;6;1;5;3;20;-7.490770327175548;1;2;19;7;9.251209324644835;1;15;20;8.071386365007708
EVAL_INSTANCE:4:0:80
EVAL_INSTANCE:4:1:81
EVAL_INSTANCE:4:2:82
EVAL_INSTANCE:4:3:83
EVAL_INSTANCE:4:4:84
EVAL_INSTANCE:4:5:85
EVAL_INSTANCE:4:6:86
EVAL_INSTANCE:4:7:87
EVAL_INSTANCE:4:8:88
EVAL_INSTANCE:4:9:89
RUN_RESULT:4:0:0:1549:URULULLLDURRRDLD
RUN_RESULT:4:1:0:2000:----
RUN_RESULT:4:2:0:235:RULRRUULRRDURDLUR
RUN_RESULT:4:3:0:896:URULULLURL
RUN_RESULT:4:4:0:364:URULULLURL
RUN_RESULT:4:5:0:362:URULULLURL
RUN_RESULT:4:6:0:2000:----
RUN_RESULT:4:7:0:364:URULULLURL
RUN_RESULT:4:8:0:359:URULULLURL
RUN_RESULT:4:9:0:2000:----
     5 |       50 | -3.697400E+03 | -3.850000E+03
TRACK:90;82;22;3;4;3;5;0;3;5;4;3;17;2;0;2;3;4;12;5;5;12;4;3;3;19;6;1;5;3;17;1;4;19;1;15;20;8.129363964437548
TRACK:91;82;22;3;4;3;5;0;16;2;0;2;3;4;12;5;5;12;4;3;3;19;6;1;5;3;17;1;2;19;7;9.19654862018939;1;15;20;8.152720260436336
TRACK:92;67;61;4;5;2;1;6;3;6;2;0;1;22;-5.615444395591063;8;3;18;1;5;13;1;16;15;1;3;5;3;0;2;21;6.654540481662112;20;-8.873252052311184;4;25;2;3;5;4;25;6;1;5;5;13;6;6;22;7.468011085712893;21;6.594682689718039
TRACK:93;67;61;4;5;2;1;6;3;6;2;0;1;22;-5.48838448682196;8;3;18;1;5;13;1;16;15;1;3;5;3;0;2;21;6.594682689718039;20;-8.856393794389428;4;25;2;3;5;0;2;22;6.1736323209603325;11;2;19;16;6;1;5;5;13;6;6;22;7.628632986674112;5;0;3;0;2;2;2;9;16;5;18;5;0;11;16;0;22;-3.384507052459538;5;5;8;2;4;1;4;6;9;2;5;24;4;25;0;1;2;0;21;9.24365219021948;23;-5.668186508805729;3;17;6;4;20;-2.4048849785490636;2;1;6;10;3;17;2;0;8;24;4;17
TRACK:94;88;63;4;5;2;1;0;1;0;1;8;23;-0.15955607155117235;1;22;-6.636530606815243;9;0;2;24;14;0;24;8;0;1;1;10;12;4;13;3;6;15;1;3;5;3;0;2;21;6.9130771733382;20;-8.761040476516884;4;25;2;3;5;0;2;22;6.422060151597407;11;2;19;16;6;1;5;5;13;6;6;22;7.502716875694655;5;0;3;0;2;2;2;9;16;3;8;5;0;8;16;0;3;4;12;5;5;8;2;4;1;4;6;9;2;5;24;4;25;0;1;5;4;25;6;4;20;-2.495487848289865;2;1;6;10;3;17;2;0;8;24;4;17
TRACK:95;88;63;3;4;3;5;0;3;5;4;3;6;16;2;0;2;3;4;12;5;5;12;4;3;3;19;6;1;5;3;16;1;6;7;2.9968522850028876;1;15;20;8.083713526240437
TRACK:96;22;88;3;4;3;5;0;3;5;4;3;6;15;2;0;2;3;4;12;5;5;12;4;3;3;19;6;1;5;3;17;1;2;19;7;9.19654862018939;1;15;8
TRACK:97;22;88;4;5;2;1;0;1;0;3;6;15;1;22;-6.636530606815243;9;0;2;24;14;0;24;8;0;1;1;10;12;4;13;3;6;15;1;3;5;3;0;2;21;6.9130771733382;20;-8.761040476516884;4;25;2;3;5;0;2;22;6.422060151597407;11;2;19;16;6;1;5;5;13;6;6;22;7.502716875694655;5;0;3;0;2;2;2;9;16;3;8;5;0;8;16;0;3;2;17;14;5;5;8;2;4;1;4;6;9;2;5;24;4;25;0;1;5;4;25;6;4;20;-2.495487848289865;2;1;6;10;3;17;2;0;8;24;4;17
TRACK:98;82;67;3;4;3;5;0;3;5;4;3;6;16;2;0;2;3;4;12;5;5;12;4;3;3;19;6;1;5;3;18;1;4;19;1;15;20;8.129363964437548
TRACK:99;82;67;4;5;2;1;6;3;6;2;0;1;22;-5.615444395591063;8;3;18;1;5;13;1;16;15;1;3;5;3;0;2;21;6.654540481662112;20;-8.873252052311184;4;25;2;3;5;4;16;6;1;5;5;13;6;6;22;7.468011085712893;3;5;1;2;6;0;24;18;1;5;19;4;21;-6.724022482167024;6;0;0;22;-3.384507052459538;8;6;7;9.898694567878255
TRACK:100;90;-1;3;4;3;5;0;3;5;4;3;17;2;0;2;3;4;12;5;5;12;4;3;4;10;6;1;5;3;17;1;4;19;1;15;20;8.292815370567773
TRACK:101;67;-1;4;5;2;1;6;3;6;2;0;1;22;-5.672933873810925;8;3;18;1;5;13;1;16;15;1;3;5;3;0;2;21;6.7112683832534845;20;-8.772603492559249;4;25;2;3;5;4;25;6;1;5;5;13;6;6;22;7.445470480080073;3;5;1;2;6;0;24;18;1;5;19;4;21;-6.702252893021923;6;3;11
TRACK:102;94;-1;4;5;2;1;0;1;0;1;8;23;-0.21811499440017196;1;22;-6.585572070189134;9;0;2;24;14;0;24;8;0;1;1;10;12;4;13;3;6;15;1;3;5;3;0;2;21;6.819025244320651;20;-8.545505218138942;4;25;2;3;5;0;2;22;6.330145769022586;11;2;19;16;6;1;5;5;13;6;6;22;7.326094234551442;5;0;3;0;2;2;2;9;16;3;8;5;0;8;16;0;3;4;12;5;5;8;2;4;1;4;6;9;2;5;24;4;25;1;0;7;3.8594186737626046;25;1;18;15
TRACK:103;96;-1;3;4;3;5;0;3;5;4;3;6;15;2;0;2;3;4;12;5;5;12;4;3;3;19;6;1;5;3;17;1;2;19;7;9.202195856723202;6;9
TRACK:104;98;-1;3;4;3;5;0;3;5;4;3;6;16;2;0;2;3;4;12;5;5;12;4;3;3;19;6;1;5;3;18;1;2;15;19;1;15;20;8.118343146392332
TRACK:105;91;-1;3;4;3;5;0;16;2;0;2;3;4;12;5;5;12;4;3;3;19;6;1;5;3;17;1;2;19;7;9.012108009473799;4;19
TRACK:106;61;-1;4;5;2;1;6;3;6;2;0;1;22;-5.445020362812457;8;3;18;1;5;13;1;16;15;1;3;5;3;0;2;21;6.485485998010152;20;-8.963658127248355;4;25;2;3;5;0;2;22;6.184911177361365;11;2;19;16;6;1;5;5;13;6;6;22;7.707072104536349;5;0;3;0;2;2;2;9;16;5;18;5;0;11;16;0;3;2;16;14;5;5;8;2;4;1;4;6;9;2;5;24;4;25;0;1;2;0;21;9.185899547152795;23;-5.755163646850453;3;17;6;4;20;-2.4847790827203506;2;1;6;10;3;17;2;0;8;24;4;17
TRACK:107;95;-1;3;4;3;5;0;3;5;4;3;6;16;2;0;2;3;4;12;5;5;12;4;3;3;19;6;1;5;3;22;2.9305391769043254;1;6;7;3.0478319664768843;1;15;20;8.130153041642334
TRACK:108;97;-1;4;5;2;1;0;1;0;3;6;15;1;22;-6.555110897397201;9;0;2;24;14;0;24;8;0;1;1;10;12;4;13;3;6;15;1;3;5;3;0;2;21;6.976657392168578;20;-8.528056099344825;4;25;2;3;5;0;2;22;6.386228259365558;11;2;19;16;6;1;5;5;13;6;6;22;7.359388696077023;5;0;3;0;2;2;2;9;16;3;8;5;0;8;16;0;3;2;17;14;5;5;8;2;4;1;4;6;9;2;5;24;4;25;0;1;5;0;12;22;-0.7462924079269673;6;4;20;-2.5385917301915897;2;1;6;10;3;17;2;0;8;24;4;17
TRACK:109;99;-1;4;5;2;1;6;3;6;2;0;1;22;-5.55002900062327;8;3;18;1;5;13;1;16;15;1;3;5;3;0;2;21;6.643918610833184;20;-8.740526607497973;4;25;2;3;5;4;16;6;1;5;5;13;6;6;22;7.422948204567265;3;5;1;2;6;0;24;1;7;-6.231857287629818;20;-1.6167501682446623;1;5;19;4;21;-6.822939019275939;6;0;0;22;-3.392691044390095;8;6;7;9.969274908066886
EVAL_INSTANCE:5:0:100
EVAL_INSTANCE:5:1:101
EVAL_INSTANCE:5:2:102
EVAL_INSTANCE:5:3:103
EVAL_INSTANCE:5:4:104
EVAL_INSTANCE:5:5:105
EVAL_INSTANCE:5:6:106
EVAL_INSTANCE:5:7:107
EVAL_INSTANCE:5:8:108
EVAL_INSTANCE:5:9:109
RUN_RESULT:5:0:0:235:RULRRUULRRDURDLUR
RUN_RESULT:5:1:0:896:URULULLURL
RUN_RESULT:5:2:0:2000:----
RUN_RESULT:5:3:0:235:RULRRUULRRDURDLUR
RUN_RESULT:5:4:0:235:RULRRUULRRDURDLUR
RUN_RESULT:5:5:0:235:RULRRUULRRDURDLUR
RUN_RESULT:5:6:0:362:URULULLURL
RUN_RESULT:5:7:0:2000:----
RUN_RESULT:5:8:0:2000:----
RUN_RESULT:5:9:0:911:URULULLURL
     6 |       60 | -3.748400E+03 | -3.850000E+03
TRACK:110;100;82;3;4;3;5;0;3;4;3;6;16;2;0;2;3;4;12;5;5;12;4;3;4;10;6;1;5;3;17;1;4;19;1;15;20;8.292815370567773
TRACK:111;100;82;3;4;3;5;0;3;5;4;3;6;16;2;0;2;3;4;12;5;5;12;4;3;3;19;17
TRACK:112;88;67;4;5;2;1;0;1;0;1;8;23;-0.15955607155117235;1;22;-6.636530606815243;9;0;2;24;14;0;24;8;0;1;1;10;12;4;13;3;6;15;1;3;5;3;0;2;21;6.9130771733382;20;-8.761040476516884;4;25;2;3;5;0;2;22;6.422060151597407;11;2;19;16;6;1;5;5;13;6;6;22;7.502716875694655;5;0;3;0;2;2;2;9;16;3;8;5;0;8;16;0;3;2;17;14;5;5;8;2;4;1;4;6;9;2;5;24;4;25;0;1;5;4;25;6;4;20;-2.495487848289865;2;1;6;10;3;8;2;0;8;24;4;17
TRACK:113;88;67;4;5;2;1;6;3;6;2;0;1;22;-5.615444395591063;8;3;18;1;5;13;1;16;15;1;3;5;3;0;2;21;6.654540481662112;14;4;25;2;3;5;4;25;6;1;5;5;13;6;6;22;7.468011085712893;3;5;1;2;6;0;24;18;1;5;19;4;21;-6.724022482167024;6;0;0;22;-3.384507052459538;8;6;7;9.898694567878255
TRACK:114;63;105;3;4;3;5;0;3;5;4;3;6;16;2;0;2;3;4;12;5;5;12;4;3;3;19;6;1;5;3;12;1;6;7;2.9968522850028876;1;15;20;8.083713526240437
TRACK:115;63;105;3;4;3;5;0;16;2;0;2;3;6;16;5;5;12;4;3;3;19;6;1;5;3;17;1;2;19;7;9.012108009473799;4;19
TRACK:116;82;67;3;4;3;5;0;3;5;4;3;6;16;2;0;2;0;0;22;-3.384507052459538;8;6;7;9.898694567878255;5;5;12;4;3;3;19;6;1;5;3;17;1;4;19;1;15;20;8.129363964437548
TRACK:117;82;67;4;5;2;1;6;3;6;2;0;1;22;-5.615444395591063;8;3;18;1;5;13;1;16;15;1;3;5;3;0;2;21;6.654540481662112;20;-8.873252052311184;4;25;2;3;5;4;25;6;1;5;5;13;15;3;5;1;2;6;0;24;18;1;5;19;4;21;-6.724022482167024;6;0;0;22;-3.384507052459538;8;6;7;9.898694567878255
TRACK:118;63;100;3;17
TRACK:119;63;100;3;6;1;5;3;17;1;6;7;2.9968522850028876;1;15;20;8.083713526240437
TRACK:120;110;-1;3;4;3;5;5;24
TRACK:121;112;-1;4;5;2;1;0;1;5;4;0;8;10;0;2;24;14;0;24;8;0;1;1;10;12;4;13;3;6;15;1;3;5;3;0;2;21;7.001673490645124;20;-8.702862367333072;4;25;2;3;5;0;2;22;6.490862167113677;11;2;19;16;6;1;5;5;13;6;6;22;7.561581445925859;5;0;3;0;2;2;2;9;16;3;8;5;0;8;16;0;3;2;17;14;5;5;8;2;4;1;4;6;9;2;5;24;4;25;0;1;5;4;25;6;4;20;-2.478635746217828;2;1;6;10;3;8;2;0;8;24;4;17
TRACK:122;114;-1;3;4;3;5;0;3;5;4;1;7;8.223732786411968;16;2;0;2;3;4;12;5;5;12;4;3;3;19;6;1;5;3;12;1;6;7;2.955793138868679;1;15;20;7.975079956634481
TRACK:123;116;-1;3;4;3;5;0;3;5;4;3;6;16;2;0;2;0;0;22;-3.487645318666632;8;4;11;5;5;12;4;3;3;19;6;1;5;3;17;1;4;19;1;15;20;8.001957266228214
TRACK:124;118;-1;3;3;0;5;9;2;7;-8.875167763753415;22;6.069546923411359
TRACK:125;111;-1;3;4;3;5;0;3;5;4;3;6;16;2;2;4;19;4;17;17
TRACK:126;113;-1;4;5;2;1;6;3;6;2;0;1;22;-5.62294924874017;8;3;18;1;5;13;1;16;15;1;3;5;3;0;2;21;6.699662277597545;14;4;25;2;3;5;4;25;6;1;5;5;13;6;6;22;7.390956910574108;3;5;6;11
TRACK:127;115;-1;4;3;5;2;2;24;17;5;7;-1.7870642914963035
TRACK:128;117;-1;4;5;2;1;6;3;6;2;0;1;22;-5.422143630213645;8;3;18;1;5;13;1;16;15;1;3;5;3;0;2;21;6.7491681761472835;20;-8.80651695260765;3;18;2;3;5;4;25;6;1;5;5;13;15;3;5;1;2;6;0;24;18;1;5;19;4;21;-6.4633342660723505;6;0;0;22;-3.3634924798225785;8;6;7;9.967714489183736
TRACK:129;119;-1;3;6;1;5;3;17;1;6;7;2.8107675058663135;3;0;3;0;6;14;4;11;6;3;6;23;-1.0286904999108302
EVAL_INSTANCE:6:0:120
EVAL_INSTANCE:6:1:121
EVAL_INSTANCE:6:2:122
EVAL_INSTANCE:6:3:123
EVAL_INSTANCE:6:4:124
EVAL_INSTANCE:6:5:125
EVAL_INSTANCE:6:6:126
EVAL_INSTANCE:6:7:127
EVAL_INSTANCE:6:8:128
EVAL_INSTANCE:6:9:129
RUN_RESULT:6:0:0:2000:----
RUN_RESULT:6:1:0:1389:RULLLURRRLDR
RUN_RESULT:6:2:0:2000:----
RUN_RESULT:6:3:0:2000:----
RUN_RESULT:6:4:0:2000:----
RUN_RESULT:6:5:0:911:URULULLURL
RUN_RESULT:6:6:0:2000:----
RUN_RESULT:6:7:0:2000:----
RUN_RESULT:6:8:0:1647:URULULLLDURRRDLD
RUN_RESULT:6:9:0:911:URULULLURL
     7 |       70 | -3.748400E+03 | -3.850000E+03
TRACK:130;67;22;4;5;2;1;6;3;6;2;0;1;22;-5.615444395591063;8;3;18;1;5;13;1;16;15;1;3;5;3;19;2;3;5;4;25;6;1;5;5;13;6;6;22;7.468011085712893;3;5;1;2;6;0;24;18;1;5;19;4;21;-6.724022482167024;6;0;0;22;-3.384507052459538;8;6;7;9.898694567878255
TRACK:131;67;22;3;4;3;5;0;3;5;4;3;6;15;2;0;2;3;4;12;5;5;12;4;3;3;19;6;1;5;3;21;6.654540481662112;1;2;19;7;9.19654862018939;1;15;20;8.152720260436336
TRACK:132;105;63;3;4;3;5;0;16;2;0;2;3;4;12;5;5;12;4;3;3;19;6;3;17
TRACK:133;105;63;3;4;0;2;3;4;12;5;5;12;4;3;3;19
TRACK:134;103;88;3;4;3;5;0;3;5;4;3;6;15;2;0;2;3;4;12;5;5;12;4;5;13;6;1;5;3;17;1;2;19;7;9.202195856723202;6;9
TRACK:135;103;88;4;5;2;1;0;1;0;1;8;23;-0.15955607155117235;1;22;-6.636530606815243;9;0;2;24;14;0;24;8;0;1;1;10;12;4;13;3;6;15;1;3;5;3;0;2;21;6.9130771733382;20;-8.761040476516884;4;25;2;3;5;0;2;22;6.422060151597407;11;2;19;16;6;1;5;5;13;6;6;22;7.502716875694655;5;0;3;0;2;2;2;9;16;3;17;5;0;8;16;0;3;2;17;14;5;5;8;2;4;1;4;6;9;2;5;24;4;25;0;1;5;4;25;6;4;20;-2.495487848289865;2;1;6;10;3;17;2;0;8;24;4;17
TRACK:136;63;105;3;4;3;5;0;3;5;4;3;6;16;2;0;2;3;4;12;5;16;4;3;3;19;6;1;5;3;17;1;6;7;2.9968522850028876;1;15;20;8.083713526240437
TRACK:137;63;105;3;4;3;5;0;16;2;0;2;3;4;12;5;5;12;4;3;3;19;6;1;5;3;17;1;2;19;7;9.012108009473799;4;7;2.9968522850028876
TRACK:138;67;100;4;5;2;1;6;3;6;2;3;4;12;1;5;13;1;16;15;1;3;5;3;0;2;21;6.654540481662112;20;-8.873252052311184;4;25;2;3;5;4;25;6;1;5;5;13;6;6;22;7.468011085712893;3;5;1;2;6;0;24;18;1;5;19;4;21;-6.724022482167024;6;0;0;22;-3.384507052459538;8;6;7;9.898694567878255
TRACK:139;67;100;3;4;3;5;13
TRACK:140;130;-1;4;5;2;1;6;5;2;2;3;4;24;0;2;10;13;0;17;24;4;5;0;9;8;1;3;5;3;19;2;3;5;4;25;6;1;5;5;13;6;6;22;7.4686676918181805;3;5;1;2;6;0;24;18;1;5;19;4;21;-6.724158201966667;6;0;0;22;-3.6075575968956417;8;6;7;9.862361379789343
TRACK:141;132;-1;3;4;3;5;0;16;2;0;2;3;4;12;5;5;12;4;3;3;13;6;3;17
TRACK:142;134;-1;3;4;3;5;0;3;5;4;3;6;15;2;0;2;3;4;12;5;5;12;4;5;13;6;1;5;3;17;1;2;9;7;9.002297017533664;6;9
TRACK:143;136;-1;3;4;3;5;0;3;5;4;3;6;16;2;0;2;3;4;12;5;16;4;3;3;19;6;1;5;3;17;1;6;7;3.0326093966620054;4;18
TRACK:144;138;-1;4;5;2;1;6;3;6;2;3;4;17;1;5;13;1;16;15;1;3;5;3;0;2;21;6.707736723891494;20;-8.850862001494406;4;25;2;3;5;4;25;6;1;5;5;13;6;6;22;7.396388427478738;3;5;1;2;6;0;24;18;1;5;19;4;21;-6.6969556795925405;6;0;0;22;-3.4411890202585766;8;6;7;9.787417462096784
TRACK:145;131;-1;3;4;3;5;0;3;5;4;3;6;15;2;0;2;3;4;12;5;5;12;4;3;3;19;6;1;5;3;21;6.74214358492001;1;2;19;22;8.911748976660121;1;15;20;8.201528089117975
TRACK:146;133;-1;3;4;0;2;3;4;12;5;5;5;0;2;18;23;2.8017977198616517;3;12;4;3;3;19
TRACK:147;135;-1;4;5;2;1;0;1;0;1;8;23;-0.14536950514012595;1;22;-6.715009020351958;9;0;2;24;2;14;21;7.768377844137401;0;24;8;0;1;1;10;12;4;13;3;6;15;1;3;5;3;0;2;21;6.96862121649511;20;-8.763492036157201;4;25;2;3;5;0;2;22;6.3320887130155095;11;2;19;16;6;1;5;5;13;6;6;22;7.56652098398408;5;0;3;0;2;2;2;9;16;3;17;5;0;8;16;0;3;2;17;14;5;5;8;2;4;1;4;6;9;2;5;24;4;25;0;1;5;4;25;6;4;20;-2.5508323758574694;2;1;6;10;3;17;2;0;8;24;4;17
TRACK:148;137;-1;3;4;3;5;0;16;2;0;2;3;4;12;5;5;15;4;3;3;19;6;1;5;3;17;1;2;19;7;9.080785812318299;4;7;3.0057061702996997
TRACK:149;139;-1;3;3;2;4;5;5;2;5;18;5;9;0;1;2;3;6;15;4;0;17;18;3;6;5;11;5;2;0;0;11;19;1;25;12;5;1;17;23;4.905062851303931
EVAL_INSTANCE:7:0:140
EVAL_INSTANCE:7:1:141
EVAL_INSTANCE:7:2:142
EVAL_INSTANCE:7:3:143
EVAL_INSTANCE:7:4:144
EVAL_INSTANCE:7:5:145
EVAL_INSTANCE:7:6:146
EVAL_INSTANCE:7:7:147
EVAL_INSTANCE:7:8:148
EVAL_INSTANCE:7:9:149
RUN_RESULT:7:0:0:2000:----
RUN_RESULT:7:1:0:235:RULRRUULRRDURDLUR
RUN_RESULT:7:2:0:235:RULRRUULRRDURDLUR
RUN_RESULT:7:3:0:2000:----
RUN_RESULT:7:4:0:2000:----
RUN_RESULT:7:5:0:2000:----
RUN_RESULT:7:6:0:2000:----
RUN_RESULT:7:7:0:2000:----
RUN_RESULT:7:8:0:2000:----
RUN_RESULT:7:9:0:2000:----
     8 |       80 | -3.773500E+03 | -3.850000E+03
TRACK:150;103;67;3;4;3;0;24;18
TRACK:151;103;67;4;5;2;1;6;3;6;2;0;1;22;-5.615444395591063;8;3;18;1;5;13;1;12;15;1;3;5;3;0;2;21;6.654540481662112;20;-8.873252052311184;4;25;2;3;5;4;25;6;1;5;5;13;6;6;22;7.468011085712893;3;5;1;2;6;0;24;18;1;5;19;4;21;-6.724022482167024;6;0;0;22;-3.384507052459538;8;6;7;9.898694567878255
TRACK:152;63;142;3;4;3;5;0;3;5;4;3;6;16;2;0;2;3;4;12;5;5;12;4;3;3;19;6;1;5;3;17;1;6;7;2.9968522850028876;5;13
TRACK:153;63;142;3;4;3;5;0;3;5;4;3;6;16;2;0;2;3;4;12;5;5;12;4;5;13;6;1;5;3;17;1;2;9;7;9.002297017533664;6;9
TRACK:154;105;67;3;4;3;5;0;16;2;0;2;3;4;12;5;5;12;4;3;3;19;6;1;5;3;17;1;0;22;-3.384507052459538;8;4;19
TRACK:155;105;67;4;5;2;1;6;3;6;2;0;1;22;-5.615444395591063;8;3;18;1;5;13;1;16;15;1;3;5;3;0;2;21;6.654540481662112;20;-8.873252052311184;4;25;2;3;5;3;17;6;1;5;5;13;6;6;22;7.468011085712893;3;5;1;2;6;0;24;18;1;5;19;4;21;-6.724022482167024;6;0;0;22;-3.384507052459538;8;6;7;9.898694567878255
TRACK:156;104;103;3;4;3;5;3;5;4;3;6;15
TRACK:157;104;103;3;4;3;5;0;3;5;4;3;6;15;2;0;2;3;4;12;5;5;12;4;3;12;6;1;5;3;17;1;2;19;7;9.202195856723202;6;9
TRACK:158;142;82;3;4;3;5;0;3;5;4;3;6;15;2;0;2;3;4;12;6;16;4;5;13;6;1;5;3;17;1;2;9;7;9.002297017533664;6;9
TRACK:159;142;82;3;4;3;5;0;3;5;4;3;6;16;2;0;2;3;4;12;5;5;12;4;3;3;19;6;1;5;3;17;1;4;19;1;17;20;8.129363964437548
TRACK:160;150;-1;3;4;3;0;24;3;9
TRACK:161;152;-1;3;4;3;5;0;3;5;4;3;6;16;2;3;5;6;6;18;6;1;5;3;17;1;6;7;3.1099021387806176;5;13
TRACK:162;154;-1;3;4;3;5;0;16;2;0;2;3;4;22;-0.7909622639083693;5;5;12;4;3;3;19;6;1;5;3;17;1;0;22;-3.431454973359085;8;4;19
TRACK:163;156;-1;3;4;3;5;3;5;4;3;0;17;11
TRACK:164;158;-1;3;4;3;5;0;3;5;4;3;3;18;2;0;2;3;4;12;6;16;4;5;13;6;1;5;3;17;1;2;9;7;9.033575160852516;6;9
TRACK:165;151;-1;4;5;2;1;6;3;6;2;0;1;22;-5.557670105554315;8;3;18;1;5;13;1;12;15;1;3;5;3;0;2;21;6.691225468904823;20;-8.729899543274831;4;25;2;3;5;4;25;6;1;5;5;13;6;6;22;7.3981701908575745;3;5;1;2;6;0;24;18;1;5;19;4;21;-6.689811134630495;6;19
TRACK:166;153;-1;3;4;3;5;0;3;5;4;3;6;16;2;0;3;4;14;4;5;13;6;1;5;3;17;1;2;9;7;8.96588877003086;6;9
TRACK:167;155;-1;4;5;2;1;6;3;6;2;0;1;22;-5.466565559537818;8;3;18;1;5;13;1;16;15;1;3;5;3;0;2;21;6.613718542544978;20;-8.910002257018252;4;25;2;3;1;17;19;6;1;5;5;13;6;6;22;7.274507565674956;3;5;1;2;6;0;24;18;1;5;19;4;21;-6.6883931291940915;6;0;0;22;-3.6530991343156534;8;6;7;9.99049858722979
TRACK:168;157;-1;3;4;3;5;0;3;5;4;3;6;15;2;0;2;3;4;12;5;5;12;4;3;12;6;1;5;3;17;1;2;19;7;9.204068155213562;0;21;1.1956355498824998;11
TRACK:169;159;-1;3;4;3;5;0;3;5;4;3;6;16;2;0;2;3;4;12;5;5;12;4;3;3;19;6;1;5;3;17;3;13
EVAL_INSTANCE:8:0:160
EVAL_INSTANCE:8:1:161
EVAL_INSTANCE:8:2:162
EVAL_INSTANCE:8:3:163
EVAL_INSTANCE:8:4:164
EVAL_INSTANCE:8:5:165
EVAL_INSTANCE:8:6:166
EVAL_INSTANCE:8:7:167
EVAL_INSTANCE:8:8:168
EVAL_INSTANCE:8:9:169
RUN_RESULT:8:0:0:2000:----
RUN_RESULT:8:1:0:911:URULULLURL
RUN_RESULT:8:2:0:911:URULULLURL
RUN_RESULT:8:3:0:911:URULULLURL
RUN_RESULT:8:4:0:2000:----
RUN_RESULT:8:5:0:896:URULULLURL
RUN_RESULT:8:6:0:2000:----
RUN_RESULT:8:7:0:1660:URULULLLDURRRRDLL
RUN_RESULT:8:8:0:2000:----
RUN_RESULT:8:9:0:235:RULRRUULRRDURDLUR
     9 |       90 | -3.773500E+03 | -3.850000E+03
TRACK:170;105;141;3;4;3;3;13
TRACK:171;105;141;3;4;3;5;0;16;7;9.012108009473799
TRACK:172;22;67;3;4;3;5;0;3;5;4;3;6;15;2;1;5;19;4;21;-6.724022482167024;6;1;5;3;17;1;2;19;7;9.19654862018939;1;15;20;8.152720260436336
TRACK:173;22;67;4;5;2;1;6;3;6;2;0;1;22;-5.615444395591063;8;3;18;1;5;13;1;16;15;1;3;5;3;0;2;21;6.654540481662112;20;-8.873252052311184;4;25;2;3;5;4;5;12;6;1;5;5;13;6;6;22;7.468011085712893;3;5;1;2;6;0;24;18;1;5;19;4;21;-6.724022482167024;6;0;0;22;-3.384507052459538;8;6;7;9.898694567878255
TRACK:174;63;67;3;4;3;0;24;18
TRACK:175;63;67;4;5;2;1;6;3;6;2;0;1;22;-5.615444395591063;8;3;18;1;5;13;1;16;15;1;3;5;3;0;2;21;6.654540481662112;20;-8.873252052311184;4;25;2;3;5;4;25;6;1;5;5;13;6;6;22;7.468011085712893;3;5;1;2;6;0;24;18;1;5;19;3;17;6;0;0;22;-3.384507052459538;8;6;7;9.898694567878255
TRACK:176;82;103;3;4;3;5;0;3;5;6;9;2;0;2;3;4;12;5;5;12;4;3;3;19;6;1;5;3;17;1;4;19;1;15;20;8.129363964437548
TRACK:177;82;103;3;4;3;5;0;3;5;4;3;6;15;1;5;3;17;1;4;19;1;15;20;8.129363964437548
TRACK:178;104;142;3;4;3;5;0;3;5;4;3;6;16;2;0;2;3;4;12;5;5;12;17;6;1;5;3;18;1;2;15;19;1;15;20;8.118343146392332
TRACK:179;104;142;3;4;3;5;0;3;5;4;3;6;15;2;0;2;3;4;12;5;5;12;4;5;13;6;1;3;3;19;1;2;9;7;9.002297017533664;6;9
TRACK:180;170;-1;0;4;0;4;3;6;2;23;-4.697118282205032;19;2;4;4;4;19;2;0;0;18;13;2;15;25;5;4;15;6;1;0;5;6;5;13;0;3;6;9;6;5;16;1;4;3;2;7;-3.275825282584657;7;7.0510730515967595;0;0;3;10;3;16;0;0;11;10;6;13
TRACK:181;172;-1;3;4;3;5;0;3;5;4;3;6;15;2;1;5;1;25;16;4;21;-6.8076691557720075;6;1;5;3;17;1;2;19;7;9.302334438154222;1;15;20;8.176625394172678
TRACK:182;174;-1;3;4;3;0;24;6;4;3;1;1;4;7;-7.302143695839785;3;19;1;0;24;24;2;13;12
TRACK:183;176;-1;3;4;3;5;0;3;5;6;9;2;0;2;3;4;12;5;5;12;4;3;3;19;6;1;5;3;17;1;4;13;1;15;20;8.038126131817755
TRACK:184;178;-1;5;5;5;1;4;3;3;2;2;19;23;-1.723960374605225;0;8;23;-7.3622614974305804;1;4;6;5;5;12;4;6;6;2;10;20;4.965083446674042
TRACK:185;171;-1;3;4;3;5;1;0;0;5;18;0;13;15;5;5;8;4;3;4;21;2.1882822261989716
TRACK:186;173;-1;4;5;2;1;6;3;6;2;0;1;22;-5.638438269943246;8;3;18;1;5;13;1;16;15;1;3;5;3;0;2;21;6.756788138190408;20;-8.901634977895284;4;25;2;3;5;4;5;12;6;1;5;5;9;6;6;22;7.452791011004789;3;5;1;2;6;0;24;18;1;5;19;4;21;-6.740530053670762;6;0;0;22;-3.4134112588521393;8;6;7;9.949193120381967
TRACK:187;175;-1;4;5;2;1;6;0;14;21;-8.297797446114256;1;3;5;3;0;2;21;6.53869352861077;20;-8.955159351351657;4;25;2;3;5;4;25;6;1;5;5;13;6;6;22;7.536811266583999;3;5;1;2;6;0;24;18;1;5;19;3;17;6;0;0;22;-3.498204787119591;8;6;7;9.968694337994544
TRACK:188;177;-1;4;1;2;21;-7.588987115876704;9;1;15;11
TRACK:189;179;-1;3;4;3;5;0;3;5;4;3;6;15;2;0;2;3;4;12;5;5;12;4;5;0;22;-6.032238126785556;18;6;1;3;3;19;1;2;9;7;8.856101197546376;6;9
EVAL_INSTANCE:9:0:180
EVAL_INSTANCE:9:1:181
EVAL_INSTANCE:9:2:182
EVAL_INSTANCE:9:3:183
EVAL_INSTANCE:9:4:184
EVAL_INSTANCE:9:5:185
EVAL_INSTANCE:9:6:186
EVAL_INSTANCE:9:7:187
EVAL_INSTANCE:9:8:188
EVAL_INSTANCE:9:9:189
RUN_RESULT:9:0:0:2000:----
RUN_RESULT:9:1:0:911:URULULLURL
RUN_RESULT:9:2:0:2000:----
RUN_RESULT:9:3:0:1577:RULLLURRDLDRUURRLLDDDRRULDLURULLUL
RUN_RESULT:9:4:0:911:URULULLURL
RUN_RESULT:9:5:0:2000:----
RUN_RESULT:9:6:0:2000:----
RUN_RESULT:9:7:0:149:URULULLURL
RUN_RESULT:9:8:0:911:URULULLURL
RUN_RESULT:9:9:0:832:URUUDLRRLRRLDLLURRRLRRLULDLDR
    10 |      100 | -3.782100E+03 | -3.851000E+03
TRACK:190;67;187;4;5;2;1;6;3;6;2;0;1;22;-5.615444395591063;8;3;18;1;5;13;1;16;15;1;3;5;3;0;2;21;6.654540481662112;20;-8.873252052311184;4;25;2;3;5;4;25;6;1;5;5;13;6;6;22;7.468011085712893;3;5;1;2;2;6;0;24;18;1;5;19;3;17;1;5;19;4;21;-6.724022482167024;6;0;0;22;-3.384507052459538;8;6;7;9.898694567878255
TRACK:191;67;187;4;5;2;1;6;0;14;21;-8.297797446114256;1;3;5;3;0;2;21;6.53869352861077;20;-8.955159351351657;4;25;2;3;5;4;25;6;1;5;5;22;-3.384507052459538;6;6;22;7.536811266583999;3;5;1;2;6;0;24;18;1;5;19;3;17;6;0;0;22;-3.498204787119591;8;6;7;9.968694337994544
TRACK:192;82;63;3;4;3;5;0;3;5;4;3;6;16;2;0;2;3;4;12;5;5;12;4;3;3;19;6;7;2.9968522850028876
TRACK:193;82;63;3;4;3;5;0;3;5;4;3;6;16;2;0;2;3;3;17;5;5;12;4;3;3;19;6;1;5;3;17;1;6;7;2.9968522850028876;1;15;20;8.083713526240437
TRACK:194;141;67;3;4;22;-5.615444395591063
TRACK:195;141;67;4;5;2;1;6;3;13;1;3;5;3;0;2;21;6.654540481662112;20;-8.873252052311184;4;25;2;3;5;4;25;6;1;5;5;13;6;6;22;7.468011085712893;3;5;1;2;6;0;24;18;1;5;19;4;21;-6.724022482167024;6;0;0;22;-3.384507052459538;8;6;7;9.898694567878255
TRACK:196;141;82;3;4;3;5;0;16;2;6;1;5;3;17;1;4;19;1;15;20;8.129363964437548;6;3;17
TRACK:197;141;82;3;4;3;5;0;3;5;4;3;6;16;2;0;2;3;4;12;5;5;12;2;3;4;12;5;5;12;6;1;5;3;17;1;4;19;1;15;20;8.129363964437548
TRACK:198;187;100;4;5;2;1;6;0;14;21;-8.297797446114256;1;3;5;3;0;2;21;6.53869352861077;20;-8.955159351351657;4;25;2;3;5;4;12;6;1;5;5;13;6;6;22;7.536811266583999;3;5;1;2;6;0;24;18;1;5;19;3;17;6;0;0;22;-3.498204787119591;8;6;7;9.968694337994544
TRACK:199;187;100;3;4;3;5;0;3;5;4;3;17;2;0;2;3;4;12;5;5;12;4;3;4;10;6;1;5;3;17;1;4;19;1;19;20;8.292815370567773
TRACK:200;190;-1;4;5;2;1;6;3;6;2;0;1;22;-5.558653576235026;8;3;18;1;5;13;1;16;15;1;3;5;3;0;2;21;6.6105038432567556;20;-8.883772438327851;4;25;2;3;5;4;25;6;1;5;5;13;6;6;22;7.607217887914545;3;5;1;2;1;13;14;1;5;19;4;21;-6.828141384405079;6;0;0;22;-3.379434115963995;8;6;7;9.978529391658547
TRACK:201;82;-1;3;4;3;5;0;3;5;4;3;6;16;2;0;2;3;4;12;5;5;12;4;3;1;14;17;6;1;5;3;17;1;4;19;1;15;20;8.197858705113807
TRACK:202;194;-1;3;6;1;11;23;3.4131249371613936
TRACK:203;141;-1;3;4;3;5;0;16;2;0;2;3;4;12;5;5;12;4;3;2;21;-3.56856491961633;7;-0.35831496523842077;6;3;17
TRACK:204;198;-1;4;5;2;2;4;4;0;3;5;15;1;2;20;-7.60567620407169;24;0;19;24;3;3;5;5;4;7;0.9724451032734667;3;5;1;2;6;0;24;18;1;5;19;3;17;6;0;0;22;-3.355501903740391;8;6;7;9.892949967723226
TRACK:205;191;-1;4;5;2;1;6;0;14;21;-8.5001191268647;0;4;4;10;0;2;23;4.922213850284955;16;0;7;-7.323114394006738;15;3;5;1;2;6;0;24;18;1;5;19;3;17;6;0;0;22;-3.6133247391083083;8;6;7;10.0
TRACK:206;63;-1;3;4;3;5;0;3;5;4;3;6;16;2;0;2;3;4;12;5;5;12;4;3;3;19;6;6;17
TRACK:207;195;-1;4;5;2;3;0;5;16;0;9;14;3;5;1;2;6;0;24;18;1;5;19;4;21;-6.740905757440251;6;0;0;22;-3.3576744724978784;8;6;7;10.0
TRACK:208;82;-1;3;4;3;5;0;3;5;4;3;6;16;2;0;1;0;3;17;4;24;2;6;9;3;11;4;3;3;19;6;1;5;3;17;1;4;19;1;15;20;8.159068346100076
TRACK:209;199;-1;3;4;5;5;0;2;4;0;5;4;11;3;1;15;22;-6.505049809505808;5;6;0;1;9;20;3.201083680278934;1;17;11;6;0;1;0;6;10;3;7;-2.9172831980499474;5;0;15;19;3;6;0;21;5.950988981749992;19
EVAL_INSTANCE:10:0:200
EVAL_INSTANCE:10:1:201
EVAL_INSTANCE:10:2:202
EVAL_INSTANCE:10:3:203
EVAL_INSTANCE:10:4:204
EVAL_INSTANCE:10:5:205
EVAL_INSTANCE:10:6:206
EVAL_INSTANCE:10:7:207
EVAL_INSTANCE:10:8:208
EVAL_INSTANCE:10:9:209
RUN_RESULT:10:0:0:896:URULULLURL
RUN_RESULT:10:1:0:235:RULRRUULRRDURDLUR
RUN_RESULT:10:2:0:911:URULULLURL
RUN_RESULT:10:3:0:2000:----
RUN_RESULT:10:4:0:2000:----
RUN_RESULT:10:5:0:2000:----
RUN_RESULT:10:6:0:235:RULRRUULRRDURDLUR
RUN_RESULT:10:7:0:2000:----
RUN_RESULT:10:8:0:2000:----
RUN_RESULT:10:9:0:1660:RULLLURRDRUUR
    11 |      110 | -3.782100E+03 | -3.851000E+03
TRACK:210;105;187;3;4;3;5;0;16;2;0;2;3;4;12;5;5;12;4;3;3;19;6;1;5;25;1;2;19;7;9.012108009473799;4;19
TRACK:211;105;187;4;5;2;1;6;0;14;21;-8.297797446114256;1;3;5;3;0;2;21;6.53869352861077;20;-8.955159351351657;4;25;2;3;5;4;25;6;19;3;5;1;2;6;0;24;18;1;5;19;3;17;6;0;0;22;-3.498204787119591;8;6;7;9.968694337994544
TRACK:212;67;22;4;5;2;1;6;3;6;2;0;1;12;8;3;18;1;5;13;1;16;15;1;3;5;3;0;2;21;6.654540481662112;20;-8.873252052311184;4;25;2;3;5;4;25;6;1;5;5;13;6;6;22;7.468011085712893;3;5;1;2;6;0;24;18;1;5;19;4;21;-6.724022482167024;6;0;0;22;-3.384507052459538;8;6;7;9.898694567878255
TRACK:213;67;22;3;4;3;5;0;3;5;4;3;6;15;22;-3.384507052459538
TRACK:214;141;103;3;4;3;5;0;16;2;0;2;3;4;12;5;5;12;4;2;19;7;9.202195856723202;6;3;17
TRACK:215;141;103;3;4;3;5;0;3;5;4;3;6;15;2;0;16;4;3;3;19;6;1;5;3;17;1;2;19;7;9.202195856723202;6;9
TRACK:216;67;63;4;5;2;1;6;3;6;2;0;1;22;-5.615444395591063;8;3;18;1;5;13;1;16;15;1;3;5;3;19;2;3;5;4;25;6;1;5;5;13;6;6;22;7.468011085712893;3;5;1;2;6;0;24;18;1;5;19;4;21;-6.724022482167024;6;0;0;22;-3.384507052459538;8;6;7;9.898694567878255
TRACK:217;67;63;3;4;3;5;0;3;5;4;3;6;16;2;0;2;3;4;22;-3.384507052459538;5;5;12;4;3;3;19;6;1;5;3;17;1;6;7;2.9968522850028876;1;15;20;8.083713526240437
TRACK:218;187;104;4;5;2;1;6;0;14;21;-8.297797446114256;1;3;5;3;0;2;21;6.53869352861077;20;-8.955159351351657;4;25;2;3;5;4;25;6;1;5;5;13;6;6;22;7.536811266583999;5;3;18
TRACK:219;187;104;3;4;3;5;0;3;5;4;3;6;16;2;0;2;3;4;12;5;5;12;4;3;3;19;6;1;5;3;18;5;4;25
TRACK:220;105;-1;3;4;3;5;0;16;6;0;6;3;12;6;6;25
TRACK:221;212;-1;4;5;2;1;6;3;6;2;0;1;12;8;3;18;1;5;13;1;16;15;1;3;5;3;0;2;21;6.622054588552992;20;-8.885931160127855;4;25;2;3;5;4;25;6;1;5;5;17;6;6;22;7.5799311205256865;3;5;1;2;6;0;24;18;1;5;19;4;21;-6.814471177695757;6;0;0;22;-3.4024005238801025;8;6;7;10.0
TRACK:222;214;-1;5;3;18
TRACK:223;216;-1;4;5;2;1;6;3;6;2;0;1;22;-5.697690234925293;8;3;18;1;5;13;1;16;15;1;3;5;3;19;2;3;5;4;25;6;1;5;5;13;6;6;22;7.3276660449630855;3;5;1;2;6;0;24;18;1;0;5;17;5;10;4;21;-6.733813564327688;6;0;0;22;-3.380983956320855;8;6;7;9.940821822806129
TRACK:224;218;-1;4;5;2;1;6;0;14;21;-8.16474344285755;1;3;5;3;1;5;20;-8.728982217557524;3;24;2;3;5;4;25;6;1;5;5;13;6;6;22;7.56622482025825;5;3;18
TRACK:225;187;-1;4;5;2;1;6;0;14;21;-8.46756766871505;1;3;5;3;0;2;21;6.499236165365188;20;-9.090848151109707;4;25;2;3;5;4;25;6;1;5;5;13;6;6;22;7.482635684717007;3;5;1;4;11;3;13
TRACK:226;213;-1;5;5;22;5.148769050683201
TRACK:227;215;-1;3;4;3;5;0;3;5;4;3;6;15;2;0;16;4;3;3;19;6;1;5;3;17;1;3;8;6;9
TRACK:228;217;-1;3;4;3;5;0;3;5;4;3;6;16;2;0;2;3;4;22;-3.479179199270741;5;5;12;4;3;3;19;6;1;5;3;17;1;6;7;2.9938452190846387;1;24;20;7.896574754290057
TRACK:229;219;-1;3;4;3;5;0;3;5;4;3;6;16;2;0;2;3;4;12;5;5;12;4;3;3;19;6;6;2;8;12
EVAL_INSTANCE:11:0:220
EVAL_INSTANCE:11:1:221
EVAL_INSTANCE:11:2:222
EVAL_INSTANCE:11:3:223
EVAL_INSTANCE:11:4:224
EVAL_INSTANCE:11:5:225
EVAL_INSTANCE:11:6:226
EVAL_INSTANCE:11:7:227
EVAL_INSTANCE:11:8:228
EVAL_INSTANCE:11:9:229
RUN_RESULT:11:0:0:2000:----
RUN_RESULT:11:1:0:2000:----
RUN_RESULT:11:2:0:911:URULULLURL
RUN_RESULT:11:3:0:2000:----
RUN_RESULT:11:4:0:2000:----
RUN_RESULT:11:5:0:847:URULULLURL
RUN_RESULT:11:6:0:2000:----
RUN_RESULT:11:7:0:911:URULULLURL
RUN_RESULT:11:8:0:911:URULULLURL
RUN_RESULT:11:9:0:2000:----
    12 |      120 | -3.782100E+03 | -3.851000E+03
TRACK:230;100;187;3;4;3;5;0;3;5;4;3;17;2;0;20;-8.955159351351657;4;3;4;10;6;1;5;3;17;1;4;19;1;15;20;8.292815370567773
TRACK:231;100;187;4;5;2;1;6;0;14;21;-8.297797446114256;1;3;5;3;0;2;21;6.53869352861077;20;-8.955159351351657;4;25;2;3;5;4;25;6;1;5;5;13;6;6;22;7.536811266583999;3;5;4;3;17
TRACK:232;141;22;3;4;19
TRACK:233;141;22;3;4;3;5;0;3;5;4;3;6;15;2;0;2;3;4;12;5;5;12;4;3;3;19;6;1;5;3;17;1;2;19;7;9.19654862018939;16
TRACK:234;67;22;4;5;2;1;6;3;6;2;0;1;22;-5.615444395591063;8;3;18;1;5;13;1;16;15;1;3;5;3;0;7;9.19654862018939;4;25;2;3;5;4;25;6;1;5;5;13;6;6;22;7.468011085712893;3;5;1;2;6;0;24;18;1;5;19;4;21;-6.724022482167024;6;0;0;22;-3.384507052459538;8;6;7;9.898694567878255
TRACK:235;67;22;3;4;3;5;0;3;5;4;3;6;15;2;0;2;3;4;12;5;5;12;4;3;21;6.654540481662112;6;1;5;3;17;1;2;19;7;9.19654862018939;1;15;20;8.152720260436336
TRACK:236;100;82;3;4;20;8.129363964437548
TRACK:237;100;82;3;4;12
TRACK:238;187;67;4;5;2;1;6;19;1;3;5;3;0;2;21;6.53869352861077;20;-8.955159351351657;4;25;2;3;5;4;25;6;1;5;5;13;6;6;22;7.536811266583999;3;5;1;2;6;0;24;18;1;5;19;3;17;6;0;0;22;-3.498204787119591;8;6;7;9.968694337994544
TRACK:239;187;67;4;5;2;1;6;3;6;2;0;1;22;-5.615444395591063;8;3;18;1;5;13;1;16;15;1;3;5;3;0;2;21;6.654540481662112;20;-8.873252052311184;4;25;2;3;5;4;25;6;1;5;5;13;6;6;22;7.468011085712893;3;5;1;2;6;0;24;18;1;5;19;4;21;-6.724022482167024;6;0;0;22;-3.384507052459538;8;8
TRACK:240;230;-1;3;4;3;5;0;3;5;4;3;17;2;0;2;2;0;11;8;4;23;7.78910338171287;3;1;19;21;-8.640461146545722;4;3;4;10;6;1;5;3;17;1;4;19;1;15;20;8.294863462148003
TRACK:241;232;-1;5;5;6;13
TRACK:242;234;-1;4;5;2;1;6;3;6;2;0;1;22;-5.6132379727648845;8;3;18;1;5;13;1;16;15;1;3;5;3;0;7;9.070168671633189;4;25;6;5;6;5;6;19;3;5;1;2;6;0;24;18;1;5;19;4;21;-6.6894009482677825;6;0;0;22;-3.2700508639102095;8;6;7;9.772455698568988
TRACK:243;236;-1;6;14
TRACK:244;238;-1;4;3;3;3;0;1;0;1;3;22;-7.464396263847197;2;21;7.6506781538497854;17;4;3;20;-1.8795850791519335;1;4;6;23;-9.644900214437843;6;6;25;3;1;5;5;17;0;3;17;3;25
TRACK:245;231;-1;4;5;2;1;6;0;14;21;-8.28012298619149;1;3;5;3;0;6;21;-2.48168863595218;4;25;2;3;5;4;25;6;1;5;5;13;6;6;22;7.361900456280249;3;5;4;3;17
TRACK:246;233;-1;3;4;3;5;0;3;5;4;3;6;15;2;0;2;3;4;12;5;5;12;4;3;3;11;6;1;5;3;17;1;2;19;7;9.359708303594214;16
TRACK:247;235;-1;3;5;4;0;0;6;3;3;6;13;2;6;1;6;19;3;23;-4.869246422099753;5;5;0;20;9.657126106150319;15;2;1;0;4;5;12;1;4;8;5;11;3;1;5;19;3;7;-3.16569168158757;0;5;1;4;15;2;10;24;3;6;4;12
TRACK:248;237;-1;3;4;3;12
TRACK:249;239;-1;4;5;2;1;2;10;11;2;11;22;2.4835698818696006;3;5;1;2;6;0;24;18;1;5;19;4;21;-6.62051658595633;6;0;0;22;-3.3282087678337233;8;8
EVAL_INSTANCE:12:0:240
EVAL_INSTANCE:12:1:241
EVAL_INSTANCE:12:2:242
EVAL_INSTANCE:12:3:243
EVAL_INSTANCE:12:4:244
EVAL_INSTANCE:12:5:245
EVAL_INSTANCE:12:6:246
EVAL_INSTANCE:12:7:247
EVAL_INSTANCE:12:8:248
EVAL_INSTANCE:12:9:249
RUN_RESULT:12:0:0:911:URULULLURL
RUN_RESULT:12:1:0:231:RUULLLDLDRLDRL
RUN_RESULT:12:2:0:2000:----
RUN_RESULT:12:3:0:2000:----
RUN_RESULT:12:4:0:895:URULULLURL
RUN_RESULT:12:5:0:2000:----
RUN_RESULT:12:6:0:235:RULRRUULRRDURDLUR
RUN_RESULT:12:7:0:2000:----
RUN_RESULT:12:8:0:2000:----
RUN_RESULT:12:9:0:911:URULULLURL
    13 |      130 | -3.782500E+03 | -3.851000E+03
TRACK:250;67;104;4;5;2;1;6;3;6;2;0;1;22;-5.615444395591063;8;3;18;1;5;13;1;16;15;4;12;3;5;1;2;6;0;24;18;1;5;19;4;21;-6.724022482167024;6;0;0;22;-3.384507052459538;8;6;7;9.898694567878255
TRACK:251;67;104;3;4;3;5;0;3;5;4;3;6;16;2;0;2;3;4;12;5;5;12;4;3;3;19;6;1;5;22;-5.615444395591063;1;2;15;19;1;15;20;8.118343146392332
TRACK:252;63;187;3;4;3;5;0;3;5;4;3;13;2;0;2;3;4;12;5;5;12;4;3;3;19;6;1;5;3;17;1;6;7;2.9968522850028876;1;15;20;8.083713526240437
TRACK:253;63;187;4;5;2;1;6;0;14;21;-8.297797446114256;1;3;5;3;0;2;21;6.53869352861077;20;-8.955159351351657;4;25;2;3;5;4;25;6;1;5;5;13;6;6;22;7.536811266583999;3;5;1;2;6;0;5;12;18;1;5;19;3;17;6;0;0;22;-3.498204787119591;8;6;7;9.968694337994544
TRACK:254;241;63;5;5;4;3;6;16
TRACK:255;241;63;3;4;3;5;0;3;5;4;6;13;2;0;2;3;4;12;5;5;12;4;3;3;19;6;1;5;3;17;1;6;7;2.9968522850028876;1;15;20;8.083713526240437
TRACK:256;187;22;4;5;2;1;6;0;14;21;-8.297797446114256;1;3;5;3;0;2;21;6.53869352861077;20;-8.955159351351657;4;25;2;3;5;4;25;6;1;5;3;17;6;6;22;7.536811266583999;3;5;1;2;6;0;24;18;1;5;19;3;17;6;0;0;22;-3.498204787119591;8;6;7;9.968694337994544
TRACK:257;187;22;3;4;3;5;0;3;5;4;3;6;15;2;0;2;3;4;12;5;5;12;4;3;3;19;6;1;5;3;17;1;2;19;7;9.19654862018939;1;22;7.536811266583999;20;8.152720260436336
TRACK:258;241;100;5;5;5;0;3;5;4;3;17;2;0;2;3;4;12;5;5;12;4;3;4;10;6;1;5;3;17;1;4;19;1;15;20;8.292815370567773
TRACK:259;241;100;3;4;3;5;0;3;5;4;5;6;13;2;0;2;3;4;12;5;5;12;4;3;4;10;6;1;5;3;17;1;4;19;1;15;20;8.292815370567773
TRACK:260;250;-1;4;5;2;1;6;3;6;2;0;1;22;-5.5644738250099;8;3;18;1;5;13;1;16;15;4;12;3;5;1;2;6;0;24;18;1;5;19;4;21;-6.584937180354538;6;0;3;6;11;2;6;18;6;21;4.862212815124511
TRACK:261;252;-1;3;4;3;5;0;3;5;4;3;13;2;0;2;3;4;12;5;5;12;4;3;3;19;6;1;5;3;15;1;6;7;2.9502072357598452;1;15;20;7.9732112450664445
TRACK:262;254;-1;5;5;4;4;0;21;3.128009290409363;18
TRACK:263;187;-1;4;5;2;1;6;0;14;21;-8.251514147554508;1;3;5;3;0;2;21;6.518791419247092;20;-8.891430268408131;4;25;2;3;5;4;25;6;1;5;5;25;6;6;22;7.673839218926428;3;5;1;2;6;0;24;18;1;5;19;3;17;6;0;0;22;-3.493644342906063;8;6;7;10.0
TRACK:264;258;-1;5;5;5;0;3;5;4;3;17;2;0;2;3;4;12;5;5;12;4;24;6;1;5;3;17;1;4;19;1;15;20;8.273975082659463
TRACK:265;251;-1;3;4;3;5;0;3;5;4;3;6;16;2;0;2;3;4;12;5;5;12;4;3;3;11;6;1;5;22;-5.595401723349365;1;2;15;19;1;15;20;8.058777206614534
TRACK:266;253;-1;4;5;2;1;6;0;14;21;-8.42255640163747;1;3;5;3;0;2;21;6.455098470544066;20;-9.085859218085178;4;25;2;3;5;1;2;8;25;3;18;6;1;5;5;13;6;6;22;7.573026315497628;3;5;1;2;6;0;5;12;18;1;5;19;3;17;6;0;0;22;-3.5832371755396117;8;6;7;9.894839350024508
TRACK:267;255;-1;3;4;3;5;0;3;5;4;6;13;2;0;2;3;4;12;5;5;12;4;3;3;19;6;1;5;6;21;-3.1920645560149;1;6;7;3.017234120104771;1;15;20;8.2992989652546
TRACK:268;22;-1;3;4;3;5;0;3;5;4;3;6;15;2;0;2;3;6;15;5;5;12;4;3;3;19;6;1;5;3;17;1;2;19;7;9.218486224088746;1;15;20;8.141210954293461
TRACK:269;259;-1;3;4;3;5;0;3;5;4;5;6;13;2;0;2;3;4;12;5;5;12;4;3;4;10;6;1;5;4;11;1;4;19;1;15;20;8.207716073738718
EVAL_INSTANCE:13:0:260
EVAL_INSTANCE:13:1:261
EVAL_INSTANCE:13:2:262
EVAL_INSTANCE:13:3:263
EVAL_INSTANCE:13:4:264
EVAL_INSTANCE:13:5:265
EVAL_INSTANCE:13:6:266
EVAL_INSTANCE:13:7:267
EVAL_INSTANCE:13:8:268
EVAL_INSTANCE:13:9:269
RUN_RESULT:13:0:0:910:URULULLURL
RUN_RESULT:13:1:0:2000:----
RUN_RESULT:13:2:0:1162:RULRRUURDLLL
RUN_RESULT:13:3:0:149:URULULLURL
RUN_RESULT:13:4:0:2000:----
RUN_RESULT:13:5:0:2000:----
RUN_RESULT:13:6:0:2000:----
RUN_RESULT:13:7:0:2000:----
RUN_RESULT:13:8:0:911:URULULLURL
RUN_RESULT:13:9:0:235:RULRRUULRRDURDLUR
    14 |      140 | -3.791100E+03 | -3.851000E+03
TRACK:270;263;103;4;5;2;1;6;0;14;21;-8.251514147554508;1;3;5;3;0;2;21;6.518791419247092;20;-8.891430268408131;4;25;2;3;5;4;25;6;1;5;5;25;6;6;22;7.673839218926428;3;5;1;2;6;0;24;18;1;19;3;17;6;0;0;22;-3.493644342906063;8;6;7;10.0
TRACK:271;263;103;3;4;3;5;0;3;5;4;3;6;15;22;-3.493644342906063
TRACK:272;241;67;5;8
TRACK:273;241;67;4;5;2;1;6;3;6;2;0;1;22;-5.615444395591063;8;3;18;1;5;13;1;16;15;1;3;5;3;0;2;21;6.654540481662112;20;-8.873252052311184;4;25;2;3;5;4;25;6;5;6;13;3;5;1;2;6;0;24;18;1;5;19;4;21;-6.724022482167024;6;0;0;22;-3.384507052459538;8;6;7;9.898694567878255
TRACK:274;187;241;4;5;2;1;6;0;14;21;-8.297797446114256;5;5;6;13;3;5;1;2;6;0;24;18;1;5;19;3;17;6;0;0;22;-3.498204787119591;8;6;7;9.968694337994544
TRACK:275;187;241;5;5;1;2;6;0;24;18;1;5;19;3;17;6;0;0;22;-3.498204787119591;8;6;7;9.968694337994544
TRACK:276;187;263;4;5;2;1;6;0;14;21;-8.297797446114256;1;3;5;3;0;2;21;6.53869352861077;20;-8.955159351351657;4;25;2;3;5;4;25;6;1;5;5;13;6;6;22;7.536811266583999;3;5;1;2;6;0;24;18;1;5;19;3;17;6;21;6.518791419247092
TRACK:277;187;263;4;5;2;1;6;0;14;21;-8.251514147554508;1;3;5;3;0;2;21;6.518791419247092;20;-8.891430268408131;4;25;2;3;5;4;25;6;1;5;5;25;6;6;22;7.673839218926428;3;5;1;2;6;0;22;-3.498204787119591;18;1;5;19;3;17;6;0;0;22;-3.493644342906063;8;6;7;10.0
TRACK:278;22;67;3;4;3;5;0;3;5;4;3;6;15;2;15;6;1;5;3;17;1;2;19;7;9.19654862018939;1;15;20;8.152720260436336
TRACK:279;22;67;4;5;2;1;6;3;6;2;0;1;22;-5.615444395591063;8;3;18;1;5;13;1;16;15;1;3;5;3;0;2;21;6.654540481662112;20;-8.873252052311184;4;25;2;3;5;4;25;6;1;5;5;13;6;6;22;7.468011085712893;12
TRACK:280;270;-1;4;5;2;1;6;0;14;21;-8.235968250011581;1;3;5;3;0;2;21;6.48874288716745;20;-9.107440336226114;6;9;2;3;5;4;25;6;1;5;5;25;6;6;22;7.627661657783966;3;5;1;2;6;0;24;18;1;19;3;17;6;0;0;22;-3.3630365914658316;8;6;7;10.0
TRACK:281;241;-1;5;5;5;3;3;5;3;5;13
TRACK:282;187;-1;4;5;2;1;4;5;8;1;3;5;3;0;2;21;6.449475086260396;20;-8.883941802501333;4;25;2;3;5;4;25;6;1;5;5;13;6;6;22;7.466150271131821;3;5;1;2;6;0;24;18;1;5;19;3;17;6;0;0;22;-3.551099751393198;8;6;7;10.0
TRACK:283;276;-1;4;5;2;1;6;0;14;21;-8.30383294493343;1;0;3;17;0;15;8;2;3;5;4;25;6;1;5;5;13;6;6;22;7.594727675930638;3;5;1;2;6;0;24;18;1;5;19;3;17;6;21;6.594946499154272
TRACK:284;278;-1;3;4;3;5;0;3;5;4;3;6;15;2;15;6;4;16
TRACK:285;271;-1;3;4;3;5;0;3;5;4;3;4;15;22;-3.417711865875629
TRACK:286;67;-1;5;4;0;1;6;1;0;5;3;10;1;3;16;2;17;8;0;5;4;13;5;5;16;3;4;3;5;4;7;7.583362119401983;2;1;0;6;2;3;10;4;22;0.8739808583369637;5;5;0;7;-9.190508796600042;14;0;6;4;4;15;3;5;0;17;8;6;6;4;1;2;21;-0.33555545474733783;15;0;19;18
TRACK:287;241;-1;3;5;0;4;6;3;5;22;-4.151134911435898;3;3;1;1;18;17;3;19
TRACK:288;277;-1;4;5;2;1;6;0;5;5;2;15;10;21;-8.325784981772888;1;3;5;3;0;2;21;6.582701108847618;20;-8.98967226585983;4;25;2;3;5;4;25;6;1;5;5;25;6;6;22;7.503015470622912;3;5;1;2;6;0;22;-3.4956668686647814;18;1;5;19;3;17;6;0;0;22;-3.4321710636299363;8;6;7;10.0
TRACK:289;279;-1;4;5;2;1;6;3;6;2;0;1;22;-5.84971150196806;8;3;18;1;5;13;1;16;15;1;3;5;3;0;2;21;6.635296913786762;20;-8.920394679396383;4;25;2;3;5;4;25;6;2;2;5;19;1;21;5.696955684099008;7;-0.024563098662916616;2;3;23;9.825152413966698;5;20;2.137981631539432;12
EVAL_INSTANCE:14:0:280
EVAL_INSTANCE:14:1:281
EVAL_INSTANCE:14:2:282
EVAL_INSTANCE:14:3:283
EVAL_INSTANCE:14:4:284
EVAL_INSTANCE:14:5:285
EVAL_INSTANCE:14:6:286
EVAL_INSTANCE:14:7:287
EVAL_INSTANCE:14:8:288
EVAL_INSTANCE:14:9:289
RUN_RESULT:14:0:0:149:URULULLURL
RUN_RESULT:14:1:0:855:URULULLURL
RUN_RESULT:14:2:0:1448:URULULLLDURRRDLD
RUN_RESULT:14:3:0:861:URULULLURL
RUN_RESULT:14:4:0:2000:----
RUN_RESULT:14:5:0:2000:----
RUN_RESULT:14:6:0:738:URULULLURL
RUN_RESULT:14:7:0:734:URULULLURL
RUN_RESULT:14:8:0:354:URULULLURL
RUN_RESULT:14:9:0:911:URULULLURL
    15 |      150 | -3.799700E+03 | -3.851000E+03
TRACK:290;187;280;4;5;2;1;6;0;14;21;-8.297797446114256;1;24;2;3;5;4;25;6;1;5;5;13;6;6;22;7.536811266583999;3;5;1;2;6;0;24;18;1;5;19;3;17;6;0;0;22;-3.498204787119591;8;6;7;9.968694337994544
TRACK:291;187;280;4;5;2;1;6;0;14;21;-8.235968250011581;1;3;5;3;0;2;14;20;-9.107440336226114;6;9;2;3;5;4;25;6;1;5;5;25;6;6;22;7.627661657783966;3;5;1;2;6;0;24;18;1;19;3;17;6;0;0;22;-3.3630365914658316;8;6;7;10.0
TRACK:292;103;82;3;4;3;5;0;3;5;4;3;6;15;2;0;2;3;4;12;5;5;12;4;3;3;19;6;1;5;3;17;1;2;19;7;9.202195856723202;6;12
TRACK:293;103;82;3;4;3;5;0;3;5;4;3;6;16;2;0;2;3;4;12;5;5;12;4;3;3;19;6;1;5;3;17;1;4;19;1;15;20;8.129363964437548
TRACK:294;263;82;4;5;2;1;6;0;14;21;-8.251514147554508;1;3;5;3;0;2;21;6.518791419247092;20;-8.891430268408131;4;25;2;3;5;4;25;6;1;5;5;25;6;6;22;7.673839218926428;3;5;1;2;6;0;24;18;3;3;19;6;0;0;22;-3.493644342906063;8;6;7;10.0
TRACK:295;263;82;3;4;3;5;0;3;5;4;3;6;16;3;17
TRACK:296;280;100;4;5;2;1;6;0;14;21;-8.235968250011581;1;3;5;3;0;2;21;6.48874288716745;20;-9.107440336226114;6;9;2;3;5;4;25;6;1;5;5;25;6;6;22;7.627661657783966;3;5;1;2;6;0;24;18;1;19;3;17;6;0;0;22;-3.3630365914658316;8;6;15
TRACK:297;280;100;3;4;3;5;0;3;5;4;3;17;2;0;2;3;4;12;5;5;12;4;3;4;10;6;1;5;5;25;6;6;22;7.627661657783966
TRACK:298;263;67;4;5;2;1;6;0;14;21;-8.251514147554508;1;3;5;3;0;2;21;6.518791419247092;20;-8.891430268408131;4;25;2;3;5;4;25;6;1;5;5;25;6;6;22;7.673839218926428;3;5;1;2;6;0;24;25;1;5;19;3;17;6;0;0;22;-3.493644342906063;8;6;7;10.0
TRACK:299;263;67;4;5;2;1;6;3;6;2;0;1;22;-5.615444395591063;8;3;18;1;5;13;1;16;15;1;3;5;3;0;2;21;6.654540481662112;20;-8.873252052311184;4;25;2;3;5;4;25;6;1;5;5;13;6;6;22;7.468011085712893;3;5;1;3;0;2;21;6.518791419247092;20;-8.891430268408131;4;25;6;0;0;22;-3.384507052459538;8;6;7;9.898694567878255
TRACK:300;290;-1;4;5;2;1;6;0;14;21;-8.386285993369965;1;24;2;3;5;4;25;6;1;5;5;13;6;6;22;7.680421911535815;3;5;0;12;19
TRACK:301;292;-1;3;4;3;5;0;3;5;4;3;6;15;2;0;2;3;4;12;5;5;12;4;3;3;19;6;1;5;3;17;1;6;22;6.499767356982044;6;12
TRACK:302;294;-1;4;5;2;1;6;0;14;21;-8.292423682222823;1;3;5;3;0;2;21;6.554676976246926;20;-8.821421145511138;4;25;2;3;5;4;25;6;1;5;5;25;6;6;22;7.718928803950526;3;5;1;2;6;0;24;18;3;3;19;6;0;0;3;16;8;6;7;9.94581065993055
TRACK:303;296;-1;4;5;2;1;6;0;14;21;-8.185967676093577;1;3;5;3;0;3;16;6;9;2;3;5;4;25;6;1;5;5;25;6;6;22;7.504085941754983;3;5;1;2;6;0;24;18;1;19;3;17;6;0;0;22;-3.3786960388466074;8;6;15
TRACK:304;298;-1;4;5;2;1;6;0;14;21;-8.179459541256959;1;3;5;3;0;2;21;6.452806708353873;20;-8.931070201582495;4;25;2;3;5;4;25;6;1;5;5;25;6;6;22;7.734565581613738;5;0;5;14;0;9;21;-7.559041291515937
TRACK:305;291;-1;4;5;2;1;6;0;14;21;-8.066314028889348;1;3;5;3;0;2;14;20;-9.111818782739975;6;9;2;3;5;4;25;6;1;5;5;25;6;6;22;7.6449287035162214;6;0;1;6;6;6;2;17;19;5;3;2;5;15;3;20;5.800539306580845;0;4;0;6;0;10;15;1;5;20;4.377685351540062;2;19;10;4;3;1;1;11;17;1;22;8.970548431367526;24
TRACK:306;293;-1;3;4;3;5;0;3;5;4;3;6;16;2;0;2;3;4;12;5;5;12;4;3;3;19;6;1;5;3;14;1;4;19;1;15;20;8.158978187208312
TRACK:307;295;-1;3;4;3;5;0;3;5;4;3;6;16;3;17
TRACK:308;297;-1;3;4;3;5;0;3;5;4;3;17;2;0;2;3;4;12;5;5;12;4;3;4;10;6;1;5;2;16;22;9.62166321122369;6;6;22;7.61573931254241
TRACK:309;299;-1;4;5;2;1;6;3;1;0;11;24;5;18;1;3;5;3;0;2;21;6.761042927991066;20;-8.95264644997348;4;25;2;3;5;4;25;6;1;5;5;13;6;6;22;7.477475109148264;3;5;1;3;0;2;21;6.629021802726584;20;-8.921602779843159;4;25;6;0;0;22;-3.476030172782804;8;6;7;10.0
EVAL_INSTANCE:15:0:300
EVAL_INSTANCE:15:1:301
EVAL_INSTANCE:15:2:302
EVAL_INSTANCE:15:3:303
EVAL_INSTANCE:15:4:304
EVAL_INSTANCE:15:5:305
EVAL_INSTANCE:15:6:306
EVAL_INSTANCE:15:7:307
EVAL_INSTANCE:15:8:308
EVAL_INSTANCE:15:9:309
RUN_RESULT:15:0:0:857:URULULLURL
RUN_RESULT:15:1:0:235:RULRRUULRRDURDLUR
RUN_RESULT:15:2:0:2000:----
RUN_RESULT:15:3:0:822:URULULLURL
RUN_RESULT:15:4:0:2000:----
RUN_RESULT:15:5:0:2000:----
RUN_RESULT:15:6:0:235:RULRRUULRRDURDLUR
RUN_RESULT:15:7:0:911:URULULLURL
RUN_RESULT:15:8:0:911:URULULLURL
RUN_RESULT:15:9:0:903:URULULLURL
    16 |      160 | -3.799700E+03 | -3.851000E+03
TRACK:310;187;67;4;5;2;8;3;5;1;2;6;0;24;18;1;5;19;3;17;6;0;0;22;-3.498204787119591;8;6;7;9.968694337994544
TRACK:311;187;67;4;5;2;1;6;3;6;2;0;1;22;-5.615444395591063;8;3;18;1;5;13;1;16;15;1;3;5;3;0;2;21;6.654540481662112;20;-8.873252052311184;4;25;2;3;5;4;25;6;5;13;3;5;1;2;6;0;24;18;1;5;19;4;21;-6.724022482167024;6;0;0;22;-3.384507052459538;8;6;7;9.898694567878255
TRACK:312;22;280;3;4;3;5;0;3;5;4;3;6;15;2;0;2;3;4;12;5;5;12;4;3;3;19;6;24
TRACK:313;22;280;4;5;2;1;6;0;14;21;-8.235968250011581;1;3;5;3;0;2;21;6.48874288716745;20;-9.107440336226114;6;9;2;3;5;4;25;6;1;5;5;25;6;6;22;7.627661657783966;3;5;1;2;6;0;24;18;1;6;15;3;17;6;0;0;22;-3.3630365914658316;8;6;7;10.0
TRACK:314;263;103;4;5;2;1;6;0;14;21;-8.251514147554508;1;3;5;3;0;2;21;6.518791419247092;20;-8.891430268408131;4;25;2;3;5;4;25;6;1;5;12;6;6;22;7.673839218926428;3;5;1;2;6;0;24;18;1;5;19;3;17;6;0;0;22;-3.493644342906063;8;6;7;10.0
TRACK:315;263;103;3;4;3;5;0;3;4;25;2;0;2;3;4;12;5;5;12;4;3;3;19;6;1;5;3;17;1;2;19;7;9.202195856723202;6;9
TRACK:316;263;241;4;5;2;1;6;0;14;21;-8.251514147554508;1;3;5;3;0;2;21;6.518791419247092;20;-8.891430268408131;4;13;2;3;5;4;25;6;1;5;5;25;6;6;22;7.673839218926428;3;5;1;2;6;0;24;18;1;5;19;3;17;6;0;0;22;-3.493644342906063;8;6;7;10.0
TRACK:317;263;241;5;18
TRACK:318;187;280;4;5;2;1;6;0;14;21;-8.297797446114256;1;3;5;3;0;2;21;6.53869352861077;20;-8.955159351351657;4;25;2;3;5;4;25;6;1;5;5;13;0;14;21;-8.235968250011581;3;5;1;2;6;0;24;18;1;5;19;3;17;6;0;0;22;-3.498204787119591;8;6;7;9.968694337994544
TRACK:319;187;280;4;5;2;1;6;0;14;21;-8.235968250011581;1;3;5;3;0;2;21;6.48874288716745;20;-9.107440336226114;6;9;2;3;5;4;25;6;1;5;5;25;6;4;25;3;5;1;2;6;0;24;18;1;19;3;17;6;0;0;22;-3.3630365914658316;8;6;7;10.0
TRACK:320;310;-1;4;5;2;8;3;5;1;2;6;0;24;18;4;1;9;13;6;0;0;22;-3.6209863274499425;8;6;7;9.962331056505738
TRACK:321;312;-1;3;4;3;5;0;3;5;4;3;6;15;2;0;2;3;4;16;5;5;12;4;3;3;19;6;24
TRACK:322;314;-1;4;5;2;1;6;0;14;21;-8.341593871340324;1;3;5;3;0;2;21;6.444329219701317;20;-8.880966743834199;4;25;2;3;5;4;25;6;1;5;12;6;6;22;7.592482826642613;3;5;1;2;6;0;24;18;1;5;4;16;3;17;6;0;0;22;-3.4579660041961513;8;6;7;10.0
TRACK:323;263;-1;4;5;2;1;6;0;14;21;-8.237000811763275;2;2;4;1;4;11;2;17;23;-5.595795487542306;3;2;3;21;-6.828505240374094;0;10;25;5;4;6;5;22;-1.6177210297704203;3;5;1;2;6;0;24;18;1;5;19;3;17;6;0;0;22;-3.601078410150688;8;6;7;10.0
TRACK:324;318;-1;4;5;2;1;3;0;0;18;14;2;13;23;-4.450890019966707;4;5;3;16;3;5;1;2;6;0;24;18;1;5;19;3;17;6;0;0;22;-3.5135776739450355;8;6;7;9.984811714680683
TRACK:325;311;-1;4;5;2;1;6;3;6;2;0;1;22;-5.577404779644397;8;6;20;1.460125884062009;1;5;13;1;16;15;1;3;5;3;0;2;21;6.668183878942984;20;-8.801403425311499;4;25;2;3;5;4;25;6;5;13;3;5;1;2;6;0;24;18;1;5;19;4;21;-6.834696982993275;6;0;0;22;-3.367674855778507;8;6;7;9.764151711196856
TRACK:326;313;-1;4;5;2;1;6;0;14;21;-8.229281051002781;1;3;5;3;0;2;21;6.639930421209076;20;-9.012852197414956;6;9;2;3;5;4;25;6;1;5;5;25;6;6;22;7.671718188558812;3;5;1;2;6;0;24;18;1;6;15;0;5;7;-6.27660219796025;2;9;21;3.4531717362163423;6;0;0;22;-3.4013610949143747;8;6;7;10.0
TRACK:327;315;-1;3;5;5;0;2;4;0;2;4;1;18;11;3;6;20;8.328556595973588;0;1;1;24;14;1;7;4.09838700790684;13;3;1;14;17;0;0;6;3;5;8;2;5;1;25;13;6;0;19;19;5;5;4;0;12;8;2;2;3;1;5;6;10;4;0;25;12;6;1;2;6;11;6;21;-0.10168745771083465;1;3;13;2;24;24;6;1;4;6;6;18;4;1;0;19;10;1;25;8
TRACK:328;241;-1;5;5;0;3;5;5;20;-2.386147449677245;2;2;5;18;6;8;3;2;13;18
TRACK:329;319;-1;4;5;2;1;6;0;14;21;-8.299824235601815;1;3;5;3;1;2;16;21;0.5234944441191871;3;12;2;3;5;4;25;6;1;5;5;25;6;4;25;3;5;1;2;6;0;24;18;1;19;3;17;6;0;0;22;-3.2081332602271555;8;6;7;9.938735218567867
EVAL_INSTANCE:16:0:320
EVAL_INSTANCE:16:1:321
EVAL_INSTANCE:16:2:322
EVAL_INSTANCE:16:3:323
EVAL_INSTANCE:16:4:324
EVAL_INSTANCE:16:5:325
EVAL_INSTANCE:16:6:326
EVAL_INSTANCE:16:7:327
EVAL_INSTANCE:16:8:328
EVAL_INSTANCE:16:9:329
RUN_RESULT:16:0:0:2000:----
RUN_RESULT:16:1:0:2000:----
RUN_RESULT:16:2:0:2000:----
RUN_RESULT:16:3:0:186:URULULRDDLURULLRR
RUN_RESULT:16:4:0:2000:----
RUN_RESULT:16:5:0:2000:----
RUN_RESULT:16:6:0:625:RULRRULLRRULRDLDDLURUULLDR
RUN_RESULT:16:7:0:2000:----
RUN_RESULT:16:8:0:2000:----
RUN_RESULT:16:9:0:2000:----
    17 |      170 | -3.804600E+03 | -3.851000E+03
TRACK:330;241;187;5;5;6;8
TRACK:331;241;187;4;5;2;1;6;0;14;21;-8.297797446114256;1;3;5;3;0;2;21;6.53869352861077;20;-8.955159351351657;4;25;2;3;5;4;25;6;1;5;6;13;6;6;22;7.536811266583999;3;5;1;2;6;0;24;18;1;5;19;3;17;6;0;0;22;-3.498204787119591;8;6;7;9.968694337994544
TRACK:332;280;263;4;5;2;1;6;0;14;21;-8.235968250011581;1;3;5;3;0;2;21;6.48874288716745;20;-9.107440336226114;6;9;2;3;5;4;25;1;2;6;0;24;18;1;5;19;3;17;6;0;0;22;-3.493644342906063;8;6;7;10.0;3;5;1;2;6;0;24;18;1;19;3;17;6;0;0;22;-3.3630365914658316;8;6;7;10.0
TRACK:333;280;263;4;5;2;1;6;0;14;21;-8.251514147554508;1;3;5;3;0;2;21;6.518791419247092;20;-8.891430268408131;4;25;25;3;5;1;2;6;0;24;18;1;5;19;3;17;6;0;0;22;-3.493644342906063;8;6;7;10.0
TRACK:334;323;82;4;5;2;1;6;0;14;21;-8.237000811763275;2;2;4;1;4;11;2;17;23;-5.595795487542306;3;2;3;21;-6.828505240374094;0;10;25;5;4;1;5;3;17;1;4;19;1;15;20;8.129363964437548;3;5;1;2;6;0;24;18;1;5;19;3;17;6;0;0;22;-3.601078410150688;8;6;7;10.0
TRACK:335;323;82;3;4;3;5;0;3;5;4;3;6;16;2;0;2;3;4;12;5;0;14;21;-8.237000811763275;4;3;3;19;6;1;5;3;17;1;4;19;1;15;20;8.129363964437548
TRACK:336;67;280;4;5;2;1;6;3;6;2;0;1;22;-5.615444395591063;8;3;18;1;5;13;1;16;15;1;3;5;3;0;2;21;6.654540481662112;20;-8.873252052311184;4;25;2;3;5;4;25;6;1;5;5;13;6;6;22;7.468011085712893;3;5;1;8;6;0;0;22;-3.384507052459538;8;6;7;9.898694567878255
TRACK:337;67;280;4;6;22;7.468011085712893
TRACK:338;263;187;4;5;2;1;6;0;14;21;-8.251514147554508;1;3;5;3;0;2;21;6.518791419247092;20;-8.891430268408131;4;25;2;3;5;4;25;6;1;5;5;25;6;6;20;-8.955159351351657;3;5;1;2;6;0;24;18;1;5;19;3;17;6;0;0;22;-3.493644342906063;8;6;7;10.0
TRACK:339;263;187;4;5;2;1;6;0;14;21;-8.297797446114256;1;3;5;3;0;2;21;6.53869352861077;20;-8.955159351351657;4;25;2;6;1;5;5;25;6;6;22;7.673839218926428;6;1;5;5;13;6;6;22;7.536811266583999;3;5;1;2;6;0;24;18;1;5;19;3;17;6;0;0;22;-3.498204787119591;8;6;7;9.968694337994544
TRACK:340;330;-1;5;5;6;6;5;2;0;2;11;22;-9.051797167301842;0;7;1.073709948702401;17;2;4;10;5;25
TRACK:341;332;-1;4;5;2;1;4;6;0;6;10;4;13;4;5;6;5;20;5.306309053470713;3;5;1;2;6;0;24;18;1;19;3;17;6;0;0;22;-3.306838572091796;8;6;7;10.0
TRACK:342;334;-1;4;5;2;1;6;0;14;21;-8.245288732313147;2;2;4;1;4;11;2;17;23;-5.590753865514543;3;2;3;21;-6.657155645336934;0;10;25;5;4;1;5;3;17;1;4;19;1;15;20;8.148457826546442;3;2;0;4;3;3;4;24;4;6;3;5;8;6;3;6;6;4;18
TRACK:343;336;-1;4;5;2;1;6;3;6;2;0;1;22;-5.444842957853641;14;3;18;1;5;13;1;16;15;1;3;5;3;0;2;21;6.472515760033183;20;-8.883189184793398;4;25;2;3;5;4;25;6;1;5;5;13;6;6;22;7.398654026833566;3;5;1;8;6;0;0;22;-3.4565237504175035;8;6;7;9.964200181763905
TRACK:344;338;-1;4;5;2;1;6;0;14;21;-8.201460115649276;1;3;5;3;0;2;21;6.498539551616714;20;-8.899072513237655;4;25;2;3;5;4;25;6;2;7;-1.307754637170138;11;3;5;1;2;6;0;24;18;1;5;19;3;17;6;0;0;22;-3.334505359317874;8;6;7;9.980009155672736
TRACK:345;331;-1;4;5;2;1;6;0;14;21;-8.477248923124094;1;3;5;3;0;2;21;6.44404206945911;20;-8.914050192208446;4;25;2;3;5;4;25;6;5;4;25;3;5;1;2;6;0;24;18;1;5;19;3;17;6;0;0;22;-3.5130764065491955;8;6;7;9.736138242770814
TRACK:346;333;-1;4;5;1;21;8.095857695554965;21;1.6855467177653605
TRACK:347;335;-1;3;4;3;5;0;3;5;4;3;6;18;2;0;2;3;4;12;5;0;14;21;-8.043504840029632;4;3;3;19;6;1;5;3;17;1;4;19;1;15;20;8.044256463081766
TRACK:348;337;-1;4;6;2;3;4;5;1;2;2;3;21;-7.329515080633575;5;16;2;2;14;15;1;9;21;-2.536410554833319;2;6;4;7;-7.691579515267019;6;2;18;22;4.990520890536425;3;2;0;3;2;5;6;14;1;3;23;-0.2795453602815954;6;19;6;6;3;3;14;5;2;0;0;3;14;4;7;6.279360731986607;5;2;10;17;4;1;1;20;6.8337743003432685;9;4;7;-2.196044673848374
TRACK:349;339;-1;4;5;3;2;2;1;0;1;2;2;12;18;2;25;18;0;2;15;25;2;22;-0.9371630638690149;20;7.778652050551692;6;3;4;19;3;5;0;6;13;5;16;2;5;6;6;4;9;1;6;2;3;9;6;22;5.81894438270405;3;5;3;16;2;0;3;6;0;3;21;4.398199895629427;5;19;4;1;1;1;8;11;5;17;5;0;10;14;4;5;3;4;6;20;-7.6061882349623104
EVAL_INSTANCE:17:0:340
EVAL_INSTANCE:17:1:341
EVAL_INSTANCE:17:2:342
EVAL_INSTANCE:17:3:343
EVAL_INSTANCE:17:4:344
EVAL_INSTANCE:17:5:345
EVAL_INSTANCE:17:6:346
EVAL_INSTANCE:17:7:347
EVAL_INSTANCE:17:8:348
EVAL_INSTANCE:17:9:349
RUN_RESULT:17:0:0:2000:----
RUN_RESULT:17:1:0:2000:----
RUN_RESULT:17:2:0:2000:----
RUN_RESULT:17:3:0:909:URULULLURL
RUN_RESULT:17:4:0:2000:----
RUN_RESULT:17:5:0:149:URULULLURL
RUN_RESULT:17:6:0:293:URULULLURL
RUN_RESULT:17:7:0:1130:RUULDDRRUULLLDDULRDRRLLURDDRRRULDLLUDRRULLLD
RUN_RESULT:17:8:0:911:URULULLURL
RUN_RESULT:17:9:0:2000:----
    18 |      180 | -3.813200E+03 | -3.851000E+03
TRACK:350;345;67;4;5;2;1;6;0;14;21;-8.477248923124094;1;3;5;3;0;2;21;6.44404206945911;20;-8.914050192208446;4;25;2;3;5;4;25;6;5;4;25;3;5;1;2;6;7;9.898694567878255;1;5;19;3;17;6;0;0;22;-3.5130764065491955;8;6;7;9.736138242770814
TRACK:351;345;67;4;5;2;1;6;3;6;2;0;1;22;-5.615444395591063;8;3;18;1;5;13;1;16;15;1;3;0;2;21;6.44404206945911;20;-8.914050192208446;4;25;2;3;5;4;25;6;1;5;5;13;6;6;22;7.468011085712893;3;5;1;2;6;0;24;18;1;5;19;4;21;-6.724022482167024;6;0;0;22;-3.384507052459538;8;6;7;9.898694567878255
TRACK:352;241;263;5;5;5;25
TRACK:353;241;263;4;5;2;1;6;0;14;21;-8.251514147554508;1;3;5;3;0;2;21;6.518791419247092;20;-8.891430268408131;4;25;2;3;5;4;25;6;1;5;5;25;6;6;22;7.673839218926428;3;5;1;2;6;6;13;1;5;19;3;17;6;0;0;22;-3.493644342906063;8;6;7;10.0
TRACK:354;280;280;4;5;2;1;6;0;14;21;-8.235968250011581;1;3;5;3;0;2;21;6.48874288716745;20;-9.107440336226114;6;9;2;3;5;4;25;6;1;5;5;25;6;6;22;7.627661657783966;3;6;6;22;7.627661657783966
TRACK:355;280;280;4;5;2;1;6;0;14;21;-8.235968250011581;1;3;5;3;0;2;21;6.48874288716745;20;-9.107440336226114;6;9;2;3;5;4;25;6;1;5;5;25;6;6;22;7.627661657783966;3;5;1;2;6;0;24;18;1;25;3;17;6;0;0;22;-3.3630365914658316;8;6;7;10.0
TRACK:356;67;187;4;5;2;1;6;3;6;2;5;13;1;5;13;1;16;15;1;3;5;3;0;2;21;6.654540481662112;20;-8.873252052311184;4;25;2;3;5;4;25;6;1;5;5;13;6;6;22;7.468011085712893;3;5;1;2;6;0;24;18;1;5;19;4;21;-6.724022482167024;6;0;0;22;-3.384507052459538;8;6;7;9.898694567878255
TRACK:357;67;187;4;5;2;1;6;0;14;21;-8.297797446114256;1;3;5;3;0;2;21;6.53869352861077;20;-8.955159351351657;4;25;2;3;5;4;25;6;1;5;5;13;6;6;22;7.536811266583999;3;5;1;2;6;24;1;5;19;3;17;6;0;0;22;-3.498204787119591;8;6;7;9.968694337994544
TRACK:358;241;345;5;5;6;1;6;0;14;21;-8.477248923124094;1;3;5;3;0;2;21;6.44404206945911;20;-8.914050192208446;4;25;2;3;5;4;25;6;5;4;25
TRACK:359;241;345;4;5;2;1;6;0;14;21;-8.477248923124094;1;3;5;3;0;2;21;6.44404206945911;20;-8.914050192208446;4;25;2;3;5;4;25;6;5;6;13;3;5;1;2;6;0;24;18;1;5;19;3;17;6;0;0;22;-3.5130764065491955;8;6;7;9.736138242770814
TRACK:360;350;-1;4;5;2;1;6;0;14;21;-8.46971065747785;1;3;5;3;0;2;21;6.507315271564705;20;-8.89972375506796;4;25;5;3;1;5;12;6;18;3;5;1;2;6;7;9.930563380032575;1;5;19;3;17;6;0;0;22;-3.3957764044830285;8;6;7;9.913992608666499
TRACK:361;352;-1;5;5;5;3;4;6;21;-1.1687304615209761
TRACK:362;354;-1;4;5;1;5;0;0;0;0;1;5;15;3;15;0;2;21;-1.380497031730183;23;2.5660263561435563;2;24;10;0;0;6;7;-1.2137459964699815;5;13;1;4;15;2;16;8;2;1;6;1;19;22;5.823763478893273;4;3;20;8.369364006460366;1;0;1;19;14;0;9;23;-6.288212322704878;3;4;20;-2.0522689853332388;5;5;5;2;4;19;0;17;14;1;4;5;3;5;3;5;19;4;2;3;3;1;3;19;5;15;2;6;5;1;14;18;3;4;2;22;-3.467062431791814;12
TRACK:363;356;-1;4;5;2;1;6;3;6;2;5;13;1;5;13;2;13;12;1;3;5;3;0;2;21;6.610577789059097;20;-8.788548481014681;4;25;2;3;5;4;25;6;1;5;5;13;6;6;22;7.58695234735769;3;5;1;2;6;0;24;18;1;5;19;4;21;-6.8747660128219;6;0;0;22;-3.4438526330198616;8;6;7;10.0
TRACK:364;241;-1;5;5;0;5;1;1;4;20;6.813563452574396;4;14;3;0;10;22;0.16279029898223207;4;4;1;2;10;20;3.0934924632187677;2;19;25
TRACK:365;351;-1;4;5;2;1;6;3;6;2;0;1;22;-5.824582182471066;8;3;18;1;5;13;1;16;15;1;3;0;6;3;1;18;16;4;25;2;3;5;4;25;6;1;5;5;13;6;6;22;7.4620456147432;3;5;1;2;6;0;24;18;1;5;19;4;21;-6.818781346933848;6;0;0;22;-3.3346407773110003;8;6;7;10.0
TRACK:366;353;-1;4;5;2;1;6;0;14;21;-8.223086310511901;1;3;5;3;0;2;21;6.566399076582532;20;-9.006978722057678;4;25;2;3;5;4;25;6;1;5;5;25;6;6;22;7.731300785873303;3;5;1;2;6;6;1;24;11;1;5;19;3;17;6;0;0;22;-3.457633489427368;8;6;7;10.0
TRACK:367;355;-1;4;5;2;20;-8.700060516279757;17
TRACK:368;357;-1;4;5;2;1;6;0;14;21;-8.4144868460887;1;3;5;3;0;2;21;6.46562538464336;20;-8.95966541425658;4;25;2;3;5;4;25;6;1;5;5;13;6;6;22;7.588721084281442;3;5;1;2;6;24;1;5;19;3;17;6;0;18;7;2.715317485575536
TRACK:369;345;-1;4;5;2;1;5;12;1;3;5;3;0;2;21;6.456876734659104;20;-8.904905026649091;4;25;2;3;5;4;25;6;5;4;25;3;5;1;2;6;0;24;18;1;5;19;3;17;6;0;0;22;-3.4789439784833767;8;6;7;9.760479620162972
EVAL_INSTANCE:18:0:360
EVAL_INSTANCE:18:1:361
EVAL_INSTANCE:18:2:362
EVAL_INSTANCE:18:3:363
EVAL_INSTANCE:18:4:364
EVAL_INSTANCE:18:5:365
EVAL_INSTANCE:18:6:366
EVAL_INSTANCE:18:7:367
EVAL_INSTANCE:18:8:368
EVAL_INSTANCE:18:9:369
RUN_RESULT:18:0:0:911:URULULLURL
RUN_RESULT:18:1:0:227:RRULDRUDLLULU
RUN_RESULT:18:2:0:911:URULULLURL
RUN_RESULT:18:3:0:2000:----
RUN_RESULT:18:4:0:2000:----
RUN_RESULT:18:5:0:148:URULULLURL
RUN_RESULT:18:6:0:903:URULULLURL
RUN_RESULT:18:7:0:911:URULULLURL
RUN_RESULT:18:8:0:848:URULULLURL
RUN_RESULT:18:9:0:1448:URULULLLDURRRDLD
    19 |      190 | -3.822700E+03 | -3.852000E+03
TRACK:370;263;280;4;5;2;1;6;0;14;21;-8.251514147554508;1;3;5;3;0;2;21;6.518791419247092;20;-8.891430268408131;4;25;2;3;5;4;25;6;1;5;5;25;6;6;22;7.673839218926428;3;5;1;2;6;0;0;22;-3.3630365914658316;8;18;1;5;19;3;17;6;0;0;22;-3.493644342906063;8;6;7;10.0
TRACK:371;263;280;4;5;2;1;6;0;14;21;-8.235968250011581;1;3;5;3;0;2;21;6.48874288716745;20;-9.107440336226114;6;9;2;3;5;6;0;24;18;6;1;5;5;25;6;6;22;7.627661657783966;3;5;1;2;6;0;24;18;1;19;3;17;6;0;0;22;-3.3630365914658316;8;6;7;10.0
TRACK:372;345;241;4;5;5;6;13
TRACK:373;345;241;5;5;6;22;-3.5130764065491955
TRACK:374;365;263;4;5;2;1;6;3;6;2;0;1;22;-5.824582182471066;8;3;18;1;5;13;1;16;15;1;3;0;6;3;1;18;16;4;25;2;3;5;4;25;6;1;5;5;13;6;6;22;7.4620456147432;3;5;1;2;6;19;1;5;19;4;21;-6.818781346933848;6;0;0;22;-3.3346407773110003;8;6;7;10.0
TRACK:375;365;263;4;5;2;1;6;0;14;21;-8.251514147554508;1;3;5;3;0;2;21;6.518791419247092;20;-8.891430268408131;4;25;2;3;5;4;25;6;1;5;5;25;6;7;10.0;3;5;1;2;6;0;24;18;1;5;19;3;17;6;0;0;22;-3.493644342906063;8;6;7;10.0
TRACK:376;323;67;4;5;2;1;6;0;14;21;-8.237000811763275;2;2;4;1;4;11;2;17;23;-5.595795487542306;3;2;3;21;-6.828505240374094;0;10;25;5;4;6;5;22;-1.6177210297704203;3;5;1;2;6;0;24;18;13;6;0;0;22;-3.601078410150688;8;6;7;10.0
TRACK:377;323;67;4;5;2;1;6;3;6;2;0;1;22;-5.615444395591063;8;3;18;1;5;13;1;16;15;1;3;5;3;0;2;21;6.654540481662112;20;-8.873252052311184;4;25;2;3;5;4;25;6;1;5;5;13;6;6;22;7.468011085712893;3;5;1;2;6;0;24;18;1;5;19;4;21;-6.724022482167024;6;0;0;18;8;6;7;9.898694567878255
TRACK:378;280;365;4;5;2;1;6;0;14;21;-8.235968250011581;1;3;5;3;0;2;21;6.48874288716745;20;-9.107440336226114;6;9;2;3;5;4;25;6;1;5;5;25;6;6;22;7.627661657783966;3;5;1;2;6;0;24;18;1;19;3;17;6;1;5;5;13;6;6;22;7.4620456147432
TRACK:379;280;365;4;5;2;1;6;3;6;2;0;1;22;-5.824582182471066;8;3;18;17;1;3;0;6;3;1;18;16;4;25;2;3;5;4;25;6;1;5;5;13;6;6;22;7.4620456147432;3;5;1;2;6;0;24;18;1;5;19;4;21;-6.818781346933848;6;0;0;22;-3.3346407773110003;8;6;7;10.0
TRACK:380;263;-1;4;5;2;1;6;0;14;21;-8.12204145485805;1;3;5;3;0;2;21;6.563477766275187;20;-8.80321511099518;4;25;2;3;5;4;25;6;1;5;5;25;6;6;22;7.708262820457041;3;5;1;2;6;0;24;18;1;5;19;3;17;6;0;0;0;9;21;-6.056779493011497;8;6;7;10.0
TRACK:381;372;-1;4;5;5;6;2;6;4;2;7;-2.7710368916381185;20;-6.565002308875833;3;3;1;22;2.503032009328237;12
TRACK:382;374;-1;4;5;2;1;6;3;6;2;0;1;22;-5.83186817373701;8;3;18;1;5;13;1;16;15;1;3;0;6;3;1;18;16;4;25;2;3;5;4;25;6;1;5;5;13;6;6;22;7.497737056168322;3;5;18
TRACK:383;376;-1;4;5;0;5;6;1;0;5;13;6;20;7.484441163753331;5;3;24;5;6;2;0;4;23;9.021756068873096;4;23;4.8802861861514835;1;6;15;2;15;23;4.1576099033901635
TRACK:384;378;-1;4;5;5;1;4;3;2;4;1;3;11;4;17;6;1;2;11;7;7.699102031396411;2;14;22;-4.373831931077261;6;5;3;6;6;4;22;-8.730180918870031
TRACK:385;280;-1;4;5;2;1;6;0;14;21;-8.269902081048773;1;3;5;3;4;6;12;2;3;5;4;25;6;1;5;5;25;6;6;22;7.658174592753984;3;5;1;2;6;0;24;18;1;19;3;17;6;0;0;22;-3.5622085853270473;8;6;7;9.990694728933173
TRACK:386;373;-1;5;6;0;24;15
TRACK:387;375;-1;4;5;2;1;6;0;14;21;-8.13395602786857;1;3;5;3;0;2;21;6.50097416219704;20;-8.819884615088075;4;25;2;3;5;4;25;6;1;5;5;25;2;17;10;3;5;1;2;6;0;24;18;1;5;19;3;17;6;0;0;22;-3.602551346255002;8;6;7;10.0
TRACK:388;377;-1;4;5;2;1;6;3;6;2;0;1;22;-5.746082287256214;8;3;18;1;5;13;1;16;15;1;3;0;5;2;14;25;2;4;9;6;25;2;3;5;4;25;6;1;5;5;13;6;6;22;7.356563678804151;3;5;1;2;6;0;24;18;1;5;19;4;21;-6.692162560335275;6;0;0;18;8;6;7;9.874892692503861
TRACK:389;379;-1;4;5;2;1;6;3;5;1;2;2;9;8;0;23;4.793017909914678;16;1;1;7;0.7717297534045642;12;2;11;7;9.936447675436845;1;3;0;6;3;1;18;16;4;25;2;3;5;4;25;6;1;5;5;13;6;6;22;7.432610153612571;3;5;1;2;6;0;24;18;1;5;19;4;21;-6.846191570308022;6;0;0;22;-3.310786952359091;8;6;7;9.997536793448475
EVAL_INSTANCE:19:0:380
EVAL_INSTANCE:19:1:381
EVAL_INSTANCE:19:2:382
EVAL_INSTANCE:19:3:383
EVAL_INSTANCE:19:4:384
EVAL_INSTANCE:19:5:385
EVAL_INSTANCE:19:6:386
EVAL_INSTANCE:19:7:387
EVAL_INSTANCE:19:8:388
EVAL_INSTANCE:19:9:389
RUN_RESULT:19:0:0:2000:----
RUN_RESULT:19:1:0:2000:----
RUN_RESULT:19:2:0:896:URULULLURL
RUN_RESULT:19:3:0:911:URULULLURL
RUN_RESULT:19:4:0:2000:----
RUN_RESULT:19:5:0:2000:----
RUN_RESULT:19:6:0:268:URULLLLURDRRRULUL
RUN_RESULT:19:7:0:167:URULULLURDDUUL
RUN_RESULT:19:8:0:2000:----
RUN_RESULT:19:9:0:148:URULULLURL
    20 |      200 | -3.837800E+03 | -3.852000E+03
TRAINING ON LEVEL:53
of 184 levels
---LEVEL STRING---
__________
_bB1...2._
_..fR1SF._
_1...31s._
_3.r..2.1_
__________
---LEVEL STRING---
training done.
The time of execution is: 239.48078846931458 s

TRAINING DONE


-----!!!NEW PROBLEM!!!-----


START TESTING

LEVEL:0:______\n_K.2._\n_kSF._\n_bB1._\n_..fR_\n_1..._\n_3.r._\n_251O_\n_s.31_\n_o..2_\n______
LEVEL:1:________\n_......_\n_......_\n_.Sb.s._\n_.1..s._\n_.4b..1_\n_B12..3_\n_......_\n________
LEVEL:2:____________\n_.........._\n_.r....f..._\n_.....bssss_\n_.R.......F_\n_B1..f..b.1_\n_AO........_\n_.rssssssss_\n_.........F_\n_ss...R...1_\n_....B12W.3_\n_oS14...1.._\n____________
LEVEL:3:__________\n_F13....G_\n_..R15a.1_\n_.......0_\n_a.A.b.a._\n_....a..._\n_B....ggg_\n_1.a.ag.a_\n_2....g.f_\n__________
LEVEL:4:__________\n_.....B12_\n_.W......_\n_.1wwwww._\n_.6wf..w._\n_..w..kw._\n_F.wwwww._\n_1......._\n_3...bK17_\n__________
LEVEL:5:_________\n_....B18_\n_......._\n_...R..._\n_...1..._\n_...3..._\n_......._\n_....B12_\n_......._\n_.b..R.._\n_....1.._\n_r...9.._\n_......._\n_________
LEVEL:6:____________\n_G13wwwwK14_\n_w.o.okofow_\n_wo.o.o.o.w_\n_wko.o.o.ow_\n_wggggggggw_\n_w.o.o.o.ow_\n_wo.o.o.okw_\n_w.o.o.o.ow_\n_wo.obo.o.w_\n_K17wwwwB12_\n____________
LEVEL:7:____________\n_F13wwwwK14_\n_w.o.okofow_\n_wo.oko.o.w_\n_wko.o.o.ow_\n_wo.o.o.okw_\n_wko.o.o.ow_\n_wo.o.o.okw_\n_wko.o.o.ow_\n_wo.obo.o.w_\n_K17wwwwB12_\n____________
LEVEL:8:__________\n_B12....F_\n_1......1_\n_9lllL.f3_\n_..rl1..._\n_...l8..._\n_...lllll_\n_.br....._\n_....R15._\n__________
LEVEL:9:___________\n_rg9SkofVr_\n_GF.6WOV0A_\n_Fw0.3o6AB_\n_A5W..5A2l_\n_.WO5KlF.1_\n_441934sR2_\n_vF38vVb.k_\n_W4bAS.K1K_\n_kO9.W..21_\n_0Ba4o3.L2_\n_w9G.SG99v_\n_g9Br5Kkbk_\n_.l7RRG6r3_\n_LFffV..Gv_\n_ga8.ro1wr_\n_VWV7R..3._\n___________
LEVEL:10:__________\n_........_\n_....V12._\n_........_\n_...v...._\n_F.v.v..._\n_1..v...._\n_3......._\n_....f..._\n__________
LEVEL:11:__________\n_b....Vwv_\n_.....1ww_\n_.....3.._\n_........_\n_........_\n_.....BW._\n_.....11._\n_.....26._\n__________
LEVEL:12:__________\n_...K..3._\n_.f.k...._\n_kkkk...._\n_...kgkkk_\n_........_\n_G10...b._\n_.....B12_\n_K14..F13_\n__________
LEVEL:13:__________\n_..Bwwlll_\n_b.1wwlll_\n_..2wwlll_\n_...wwlll_\n_...wwlll_\n_W16....._\n_....F13._\n_s...wwwf_\n__________
LEVEL:14:__________\n_G10gl.f._\n_.aagl.l._\n_.R.gg.ll_\n_.b..gggl_\n_...a...a_\n_..r....5_\n_B12.1..._\n_F13a.L16_\n__________
LEVEL:15:__________\n_bW12..Fr_\n_........_\n_w.w.w..S_\n_.s...s.1_\n_..w.www4_\n_B.3s1..._\n_1.w.w..._\n_2.....Rf_\n__________
LEVEL:16:__________\n_bW12..Fr_\n_........_\n_w.w.w..S_\n_.s...s.1_\n_..w.www4_\n_B.3s1..S_\n_1.w.w..._\n_2.....Rf_\n__________
LEVEL:17:__________\n_.f......_\n_.......3_\n_kkkkgkkk_\n_...g.g.._\n_K14k.k.._\n_...k.kkk_\n_B12k..b._\n_F13....._\n__________
LEVEL:18:____________________\n_B.S14.O16.R15.B12._\n_1.F13.G16.V17....._\n_.Sv..............._\n_Rggggggggggggggggg_\n_1ggggggggggggggggg_\n_.F......gggggggggg_\n_ooo.......gggggggg_\n_wwwoo.......gggggg_\n_wwwwwoo.......gggg_\n_wwwwwwwoo..r......_\n_wwwwwwwwwoo.b....._\n_wwwwwwwwwwwooaaaaa_\n____________________
LEVEL:19:_________________\n_F13w.f.w.a...rw_\n_.a.wa...b.a.a.w_\n_wwrwwwww..wwwww_\n_...a...a....a.._\n_wwwwww.wwwwwwww_\n_.a.........ar.._\n_www.wwwwwwwwwww_\n_.a...a......ba._\n_..b......a....._\n_wwwwwwwwww.war._\n_k...a.....awwww_\n_wwwwwwwwwwwwB14_\n_R16wW16wK12wB17_\n_________________
LEVEL:20:__________\n_...s.V12_\n_v..s...._\n_..sssfss_\n_..s..s.._\n_F..s..s._\n_1.....s._\n_3..S14.._\n_........_\n__________
LEVEL:21:____________________\n_.Laallgg.......BG._\n_.1aallgg.......11._\n_.8aallgg.......90._\n_..aallgg.........._\n_..9allgg.......v.._\n_..aallgg.......V.._\n_b.2allgg.......1.._\n_llllllgg.......3.._\n_llllllgg.........._\n_gggggggg.........._\n_gggggggg.......B12_\n____________________
LEVEL:22:__________\n_........_\n_...b...._\n_........_\n_F......._\n_1.B.f..._\n_3.1....._\n_..2....._\n_........_\n__________
LEVEL:23:__________\n_........_\n_B...b..._\n_1......._\n_2......._\n_........_\n_..3...f._\n_F1....f._\n_........_\n__________
LEVEL:24:__________\n_S13....._\n_.......f_\n_...r...3_\n_........_\n_........_\n_F14..R12_\n_........_\n_......s._\n__________
LEVEL:25:_________________\n_....gg.....l..._\n_....gg.....l..._\n_....gg.....l..._\n_.b..gg.....l..._\n_....gg.....l..._\n_....gg.....l..._\n_....gg.....l..._\n_....gg.B12.l..f_\n_....gg.....l..._\n_K...gg.....l..._\n_B12.gg..k..l..._\n_....gg.....l..._\n_....gg.....l..._\n_....gg.G10.l..._\n_....gg.....l..._\n_....gg.....lF13_\n_....gg.....l..._\n_....gg.....lL14_\n_________________
LEVEL:26:__________\n_.ssss.s._\n_..ss.fv._\n_...as.v._\n_.F12.A.._\n_.....1.._\n_.....3.._\n_.ggg...._\n_.s......_\n__________
LEVEL:27:__________\n_glF13S12_\n_gksgggVV_\n_ggrrrrV2_\n_vggkgkVr_\n_vvgvvvVr_\n_vvvvvlVl_\n_vvvvvlVl_\n_vvvvl.fl_\n__________
LEVEL:28:__________\n_B12..VGF_\n_S.....1._\n_1.b.s35f_\n_4...sss._\n_........_\n_gggggggg_\n_...vv..._\n_........_\n__________
LEVEL:29:__________\n_V.2a..12_\n_B12avF.._\n_bv.a...._\n_aaaaaaaa_\n_...a...._\n_..2a.A.._\n_A16a1..._\n_.1.a2f3._\n__________
LEVEL:30:__________\n_K17....._\n_......O._\n_k.vwww.._\n_...wow.k_\n_...www.._\n_KV..W16._\n_11.O1.3._\n_42..k..._\n__________
LEVEL:31:___________________\n_B12w...ag...wG10._\n_wwww...gg...wW16._\n_..13...ga...wwwww_\n_.V15..agga......._\n_.R...araga.a....._\n_.....a.ggaaa....._\n_ggggggggaaaav...._\n_.v....agga......._\n_....b..aga......._\n_......agga......._\n___________________
LEVEL:32:__________\n_b.....f._\n_.....V12_\n_........_\n_F13....._\n_........_\n_........_\n_....v..._\n_........_\n__________
LEVEL:33:__________\n_........_\n_...bV12._\n_........_\n_........_\n_.B13...._\n_........_\n_........_\n_...vv..._\n__________
LEVEL:34:__________\n_...V13.._\n_v......._\n_........_\n_......b._\n_....B12._\n_........_\n_..V15..._\n_........_\n__________
LEVEL:35:__________\n_..F1.3.._\n_llllllll_\n_..L14..._\n_........_\n_........_\n_........_\n_........_\n_bB12...f_\n__________
LEVEL:36:__________\n_B12.F13._\n_........_\n_...sss.._\n_.b.sfs.._\n_...s...._\n_...s...._\n_........_\n_........_\n__________
LEVEL:37:__________\n_s..S..a._\n_k.o....l_\n_.g....b._\n_L.g..b.w_\n_g.s..fs._\n_....B..l_\n_b...1r.._\n_G13.2b.._\n__________
LEVEL:38:__________\n_.Rrbll.f_\n_L18.lll._\n_.5..ll.r_\n_..r.ll.1_\n_..r.ll.l_\n_.F..ll.B_\n_B19.ll.1_\n_r3r....2_\n__________
LEVEL:39:__________\n_A.2...bg_\n_1.G.3.a._\n_wwg1W16._\n_..12B12b_\n_........_\n_........_\n_........_\n_........_\n__________
LEVEL:40:__________\n_b..lsllf_\n_...lslll_\n_.S.lslll_\n_L18lslll_\n_.6.ls..._\n_F......._\n_1......._\n_3.B12..._\n__________
LEVEL:41:____________________\n_llllllff........L._\n_lgggglff........1._\n_lbggglff........5._\n_lg..glff.........._\n_lG15glff.........._\n_llllllff.........._\n_ffffwww..........._\n_ffff.............._\n_.................._\n_.........F.3......_\n_..B12.....1......._\n_.................._\n_.........k........_\n_....K12..........._\n_.................._\n_.................._\n_................7._\n_.................._\n____________________
LEVEL:42:__________\n_f.k.k.kk_\n_.B12F13._\n_k......k_\n_...b...._\n_k......k_\n_........_\n_k......k_\n_.K14K17._\n__________
LEVEL:43:__________\n_ffffffff_\n_W16....._\n_Bk......_\n_1.k...k._\n_2...k..._\n_w..wwwww_\n_...k...._\n_Kk.....k_\n_1k...k.._\n_7......._\n_w..wwwww_\n_........_\n_F13...k._\n_K..k...._\n_1......._\n_4...kk.b_\n__________
LEVEL:44:__________\n_FWwwwwww_\n_11wb.fww_\n_36wwwwww_\n_G10wgkww_\n_wwwwwwww_\n_wBKwwwww_\n_w11wwwww_\n_b2.kwwww_\n__________
LEVEL:45:___________\n_.F.w..V.._\n_o1.w.o1.._\n_.4.w.o2.o_\n_wwww.o..._\n_.ov...oWw_\n_.ov.o..1w_\n_..o.O186w_\n_foo..wF13_\n___________
LEVEL:46:____________________\n_W........wwwwwwwww_\n_1wwwwwwwww......Kw_\n_6wK17ooowwR1.O.81w_\n_Kwkooo3oww..3.1.9w_\n_1wkoooooww.......w_\n_4wo1kbkowwaaaaw.ww_\n_Awooooooww.....ww._\n_1woooooowwb..w..w._\n_9wwwwwwwwww.sw.ww._\n_Awwwwwwwwwwwlwwww._\n_1wb.....ww......w._\n_4wwwww.www.b.R..w._\n_Sw......ww.r.1..w._\n_1ww.wwwwww...5L.w._\n_4wrrrrrrww....1.w._\n_Bwrrfrrrww....8.w._\n_1wwwwwwwwwwwwwwww._\n_9R19F13L18R14B12.._\n____________________
LEVEL:47:______\n_fr.b_\n_F13w_\n_gggg_\n_wwww_\n_F17w_\n_R15w_\n_G10W_\n_B121_\n_W16W_\n______
LEVEL:48:__________\n_WSLlllll_\n_111llllk_\n_556llK12_\n_lllllB17_\n_lllllK1._\n_lllkklll_\n_lllwwlll_\n_FllssllF_\n_1......1_\n_3......3_\n_f......f_\n_........_\n_........_\n_oooggooo_\n_..o..o.._\n_GBo..oOS_\n_11ob.o11_\n_89o..o58_\n__________
LEVEL:49:____________________\n_Wwvvvvvvvfvvvvvvvv_\n_1wvvvvvvv.vvvvvvvv_\n_6wvvvvvvv.vvvvvvvv_\n_Fwvvvvvvv.vvvvvvvv_\n_1wvvvvvvv.vvvvvvvv_\n_3wvvvvvvvvvvvvvvvv_\n_Vwvvvvvvvvvvvvvvvv_\n_1wvvvvvvvvvvvvvvvv_\n_4wvvvvvvvvvvvvvvvv_\n_wwvvvvvvvvvvvvvvvv_\n_..............s..._\n_......r.r.....sS.._\n_...b..rrr.....s1.._\n_..B12..R......s4.._\n_.......1......s..._\n_.......5..O1O.s..._\n_..............w..._\n_..............w..._\n____________________
LEVEL:50:_______\n_bB12._\n_...F._\n_.fR15_\n_...3._\n_.r..._\n_______
LEVEL:51:________\n_rrrrrr_\n_rrrrrr_\n_rrbrrr_\n_rr.rRr_\n_r..B12_\n_r.3.6._\n________
LEVEL:52:____________\n_v......V12_\n_...f.....F_\n_.R.....b.1_\n_B12......3_\n_...S.S14.._\n____________
LEVEL:53:__________\n_bB1...2._\n_..fR1SF._\n_1...31s._\n_3.r..2.1_\n__________
LEVEL:54:_________\n_......._\n_....b.._\n_....s.._\n_......F_\n_.B12..1_\n_......3_\n_...S121_\n_________
LEVEL:55:____________\n_.........._\n_.b..S....._\n_.....712.._\n_.....O...._\n_.B........_\n_...b.....F_\n_.........1_\n_GokK12...3_\n_V......B1._\n_r........R_\n____________
LEVEL:56:________\n_......_\n_.b...._\n_......_\n_......_\n_.S...._\n_.1...._\n_.BB123_\n_.s...3_\n________
LEVEL:57:____________\n_B1.B.....B_\n_R1.......1_\n_..5....S12_\n_.........._\n_.r.....b.._\n_...L......_\n_......1..F_\n_..f......1_\n_......s..4_\n_F13......._\n____________
LEVEL:58:_______\n_F.B12_\n_1b..._\n_3...f_\n_..k.._\n_K17.._\n_______
LEVEL:59:____________\n_B12w.....S_\n_K12w.....1_\n_F16w....7._\n_wwww......_\n_G1........_\n_1.....s..._\n_.0.3.sbs.._\n_g.....s..g_\n_gg......gg_\n_ggg....ggg_\n____________
LEVEL:60:____________\n_B12......S_\n_Br.......1_\n_R..f.....F_\n_.........1_\n_G1.......3_\n_1.....s.f._\n_.0.3.sbs.F_\n_g.....s..g_\n_gg..13..gg_\n_ggg....ggg_\n____________
LEVEL:61:_________\n_.....B8_\n_......._\n_...R..._\n_..o1..._\n_......._\n_....B.._\n_......._\n_....rs._\n_..1SF.._\n_fB31s.._\n_F112o.._\n_......._\n_________
LEVEL:62:________\n_......_\n_......_\n_......_\n_......_\n_......_\n_......_\n_..B..._\n_..1..._\n_..2F13_\n_..b..._\n_......_\n_......_\n_f.F15._\n_......_\n_......_\n________
LEVEL:63:_____________\n_.....2....._\n_.b...F....._\n_....w.712.._\n_.B....O...._\n_....S.....F_\n_........S.1_\n_.....K12..._\n_.b.W......._\n_........s.._\n_.....B12s3k_\n_..........k_\n_____________
LEVEL:64:_________\n_Fw.f.wB_\n_1w...w1_\n_3wwwww2_\n_......._\n_..W16.._\n_......._\n_...b..._\n_________
LEVEL:65:____________\n_B13......F_\n_....f....1_\n_rrrR1Rrrr2_\n_........b._\n____________
LEVEL:66:____________\n_F13wwwwK14_\n_w.o.okofow_\n_wo.o.o.o.w_\n_wko.o.o.ow_\n_wo.o.o.o.w_\n_w.o.o.o.ow_\n_wo.o.o.okw_\n_w.o.o.o.ow_\n_wo.obo.o.w_\n_K17wwwwB12_\n____________
LEVEL:67:____________\n_.........._\n_llllllll.._\n_.....r...._\n_.........._\n_..b..r...._\n_.........._\n_gggggggg.._\n_W13..G17.._\n_.........._\n_B12......._\n____________
LEVEL:68:___________\n_B12w....._\n_wwww.brk._\n_.R......._\n_........._\n_ggggggggg_\n_.1......._\n_.5......._\n_........._\n_.K......._\n_........._\n_ggggggggg_\n_........._\n_......ooo_\n_wwww..ofo_\n_W16w..ooo_\n_G10w..F13_\n___________
LEVEL:69:__________\n_k....b.._\n_w....o.o_\n_sB123ggg_\n_.fR.oo.o_\n_.....bg._\n_.r..f..._\n_.s.bs..k_\n_..sg.www_\n__________
LEVEL:70:__________\n_...12..._\n_...r.ooo_\n_2...B11O_\n_......31_\n_s2.3...2_\n_........_\n_..R1..F1_\n_.....S14_\n__________
LEVEL:71:_______________\n_.l..gL16g..l._\n_.l..ggggg..l._\n_............._\n_............._\n_..l.......l.._\n_..l.......l.._\n_3....G10....3_\n_..l.......l.._\n_..l.......l.._\n_............._\n_............._\n_.l..ggggg..l._\n_.l..gL12g..l._\n_______________
LEVEL:72:__________\n_.kSFr..._\n_vbR1Sbb._\n_g..31skB_\n_r...2so8_\n_bss...a4_\n_FR...aa._\n_S1o....w_\n_W6R11oof_\n__________
LEVEL:73:__________\n_........_\n_....V12._\n_........_\n_........_\n_F.v.v..._\n_1..v...._\n_3......._\n_....f..._\n__________
LEVEL:74:__________\n_........_\n_....V12._\n_..v.v..._\n_..vvv..._\n_F.v.v..._\n_1..v...._\n_3......._\n_....f..._\n__________
LEVEL:75:__________\n_.....B12_\n_.W.14..._\n_.1wwwww._\n_.6wf..w._\n_..w..kw._\n_F.wwwww._\n_1......._\n_3...bK17_\n__________
LEVEL:76:____________\n_K..w.kwK14_\n_1...okkfow_\n_7...B12o.w_\n_s.k......._\n_.....R...._\n_w.www..W16_\n_w........._\n_..b...r..k_\n_w........._\n_..kwwwF13._\n____________
LEVEL:77:____________\n_K.kw.kwK14_\n_1...okkfo._\n_7.o.A12o.w_\n_s.2..r.o.._\n_.....R...._\n_w.www..W16_\n_w...o..o.._\n_..b...rbak_\n_w...5...o._\n_b.fwwwF13._\n____________
LEVEL:78:__________\n_...12..._\n_...rg1.._\n_........_\n_.s..wk2g_\n_F12.V7f._\n_w.F.v..._\n_3R25K..._\n_..v....._\n__________
LEVEL:79:__________\n_W16..R15_\n_.....R13_\n_..R....._\n_B1B12.ww_\n_......wr_\n_......ww_\n_........_\n_b....R19_\n__________
LEVEL:80:__________\n_W16..R15_\n_.....R13_\n_..R....._\n_B1B12.ww_\n_......wr_\n_......ww_\n_...R...._\n_bB1..R19_\n__________
LEVEL:81:__________\n_B1B....f_\n_1......._\n_2......._\n_........_\n_........_\n_.......F_\n_.......1_\n_b......3_\n__________
LEVEL:82:__________\n_V1V....B_\n_.......1_\n_V1.....2_\n_..F....._\n_........_\n_........_\n_........_\n_bv....7F_\n_.......1_\n_.......3_\n_wwwwwwww_\n_.v....W._\n_......1._\n_f.....6._\n__________
LEVEL:83:__________\n_B12..F13_\n_........_\n_........_\n_........_\n_.b....f._\n_........_\n_........_\n_........_\n__________
LEVEL:84:__________\n_.K14.B12_\n_.fow...._\n_2o.w...3_\n_..1.W..w_\n_..4...k._\n_....rr.._\n_........_\n_....bK17_\n__________
LEVEL:85:__________\n_l......._\n_...b...._\n_L1B....._\n_..1....._\n_..2F...._\n_.b.bB1Br_\n_........_\n_.f....13_\n__________
LEVEL:86:__________\n_bF132..G_\n_....g1.1_\n_..B12AO._\n_.RF13wwr_\n_a12....._\n_o.....WF_\n_......F1_\n_.....f.._\n__________
LEVEL:87:__________\n_W16w..s._\n_...wF..._\n_...w1..._\n_...w3..._\n_r..w...._\n_...wR.b._\n_S14wB12._\n_.1Fw...r_\n__________
LEVEL:88:__________\n_W16w..s._\n_.14wF..._\n_F..w1..._\n_...w3..._\n_..rw...._\n_...wR.b._\n_S14wB12._\n_.1Fw...r_\n__________
LEVEL:89:__________\n_........_\n_WW..W16._\n_11b.B12._\n_9W......_\n_........_\n_FL...www_\n_11...wll_\n_38...wlf_\n__________
LEVEL:90:________________\n_K17..........._\n_1....3........_\n_.4w.k...Ww...._\n_..l.....1....._\n_..lw.k.76Ww..._\n_..l..........._\n_lllllllll....._\n_......ll......_\n_.............._\n_b............._\n_L14........B12_\n________________
LEVEL:91:__________\n_...K.3.._\n_.f.k...._\n_kkkk...._\n_...kgkkk_\n_........_\n_G10...b._\n_.....B12_\n_K14..F13_\n__________
LEVEL:92:__________\n_.....b.s_\n_FBs....s_\n_f13....s_\n_.2..rrrr_\n_...r...._\n_...r.RF._\n_...r.11._\n_S14r.5.._\n__________
LEVEL:93:__________\n_.B1..ww._\n_s..S...f_\n_.w1ww4.._\n_.w.SF..1_\n_1.4.Bw.4_\n_3bww3w.._\n_.......s_\n_.W12.s.._\n__________
LEVEL:94:__________\n_........_\n_B12....._\n_S16....._\n_K13.b..._\n_G16....._\n_F16..v.v_\n_.....vsv_\n_V16..vkf_\n__________
LEVEL:95:___________\n_s...f...s_\n_.k.....k._\n_..k...k.._\n_...k.k..._\n_....k...._\n_....S14.._\n_........._\n_K17...K14_\n_B12.b.F13_\n___________
LEVEL:96:__________\n_.B1.sF13_\n_S142s..._\n_...fs..._\n_sssss..._\n_........_\n_.....17._\n_.B12..b._\n_........_\n__________
LEVEL:97:_________\n_....F13_\n_......._\n_..K...._\n_..1...._\n_.f2...._\n_......._\n_k......_\n_________
LEVEL:98:__________\n_........_\n_...F13.._\n_........_\n_.......v_\n_B.....a._\n_1......._\n_2..O...._\n_..k.fb.S_\n__________
LEVEL:99:__________\n_B12.gggf_\n_F13agggg_\n_R15.gggg_\n_G10.gggg_\n_.a......_\n_..r..rr._\n_..rrrrrr_\n_b..rr..._\n__________
LEVEL:100:__________\n_........_\n_........_\n_.B...k.._\n_1......._\n_wwwvwwww_\n_.b......_\n_........_\n_.....3.._\n_...K...._\n_....1..._\n_..7....._\n_........_\n_.......V_\n_.......1_\n_B12..W14_\n__________
LEVEL:101:__________\n_....B12b_\n_....b..._\n_.......F_\n_...1...1_\n_......12_\n_........_\n_gb...f.._\n_g......._\n_g1..Rr.._\n_gfRf12.k_\n_G.f36..._\n_.b.15..F_\n_G.f....1_\n_.......4_\n_K13....._\n__________
LEVEL:102:__________\n_........_\n_........_\n_.bf....._\n_......B._\n_......1._\n_.F13..2._\n_........_\n_........_\n__________
LEVEL:103:___________\n_oLoLBLoLo_\n_o1o111o1o_\n_w8w828w8w_\n_ooo131ooo_\n_L18oboooo_\n_oooowoOoo_\n_L18oWoL18_\n_oooo1oooo_\n_L14o6oo1L_\n___________
LEVEL:104:_______________\n_B12wwW16.F.13_\n_K14ww.......k_\n_1bG.w.....k.._\n_7.1ww.w.....k_\n_f.4ww.....k.._\n_gggww..k....._\n_gggwwk......._\n_gggww..k....._\n_gggwwk......._\n_k..www..k...k_\n_..k..www..k.._\n_k......w...kw_\n_wwwwww...wwww_\n_______________
LEVEL:105:___________\n_B19L18F13_\n_1wwwwwwwW_\n_2w..b..w1_\n_ww.....w6_\n_..A....wA_\n_a.1.a..w1_\n_...5...w9_\n_.llllllll_\n_.llllllll_\n_.....l..._\n_.V1.vl.f._\n_.1...l..._\n_..2.lllll_\n___________
LEVEL:106:__________\n_.f......_\n_........_\n_kkkkkgkk_\n_B12....._\n_........_\n_G10....._\n_..F13..._\n_......b._\n__________
LEVEL:107:__________\n_.....L14_\n_.llK14wF_\n_.Wrb...1_\n_.ww....3_\n_.ww....._\n_.R1....._\n_........_\n_.1F..B12_\n__________
LEVEL:108:__________\n_b....V.B_\n_.....1.1_\n_..3..9.2_\n_.F...s.._\n_S14sss.._\n_........_\n_........_\n_....f..k_\n__________
LEVEL:109:______________\n_l.bFk...l..._\n_l.B12...l..._\n_l.k42....l.._\n_ll...R..rl2._\n_.1l......l.._\n_..llKl.lll.._\n_.k..1......._\n_....8.f..4.._\n_..2........._\n_..F1.9..K12._\n_...3........_\n_............_\n______________
LEVEL:110:__________\n_B12...fO_\n_...3...._\n_.b......_\n_F......o_\n_1......l_\n_L1......_\n_3......._\n_........_\n__________
LEVEL:111:__________\n_.2......_\n_S..b...._\n_..B....._\n_ww1....._\n_W1......_\n_.F12ss.._\n_....B123_\n_.f.....3_\n__________
LEVEL:112:__________\n_b....F13_\n_l..W16.._\n_llwlllll_\n_.....V.._\n_gggG..12_\n_v.g1.L18_\n_f.g0...._\n_ggg..B12_\n__________
LEVEL:113:______\n_...._\n_.r.._\n_...f_\n_R12._\n_..F._\n_..1._\n_..3._\n_...._\n_...._\n______
LEVEL:114:___________\n_B12aab..._\n_.......A._\n_.......1._\n_F13....7._\n_ggggggggg_\n_ggwwwwwgg_\n_www.f.www_\n_W16.k.G14_\n___________
LEVEL:115:__________\n_........_\n_........_\n_..F12..._\n_........_\n_....31A._\n_fff....._\n_..f....._\n_a.f....._\n__________
LEVEL:116:__________\n_........_\n_.......o_\n_..f....._\n_........_\n_...K13.._\n_.r.g..B._\n_..w...1._\n_...b..2k_\n__________
LEVEL:117:__________\n_B1.awB12_\n_f.o..12._\n_b....rg1_\n_1......._\n_3..Rrr.5_\n_....r..l_\n_g7.w.Ar._\n_K2.k..or_\n__________
LEVEL:118:__________\n_B12..F13_\n_1......._\n_9......._\n_..rb.9.._\n_........_\n_..R..5.._\n_..1....v_\n_V18...vf_\n__________
LEVEL:119:__________\n_b......B_\n_..1.R..1_\n_.R...5.2_\n_........_\n_.0.rrr.._\n_gggggggg_\n_gg...G10_\n_fg...F13_\n__________
LEVEL:120:__________\n_........_\n_S12.B..._\n_S..1..2._\n_........_\n_K.....s._\n_...b...._\n_........_\n_3......._\n__________
LEVEL:121:__________\n_........_\n_.b......_\n_..B....._\n_..1....._\n_..2....._\n_..3....._\n_.Ss....._\n_........_\n__________
LEVEL:122:__________\n_b......._\n_........_\n_...f...._\n_B......._\n_1......._\n_2......._\n_l......._\n_ff.lF13._\n__________
LEVEL:123:__________\n_....B12._\n_....F13._\n_k.b....._\n_....K1.._\n_....fR.._\n_........_\n_........_\n_....r..._\n__________
LEVEL:124:__________\n_........_\n_...b...._\n_........_\n_........_\n_..B...F._\n_..1...1._\n_..2...3._\n_........_\n_........_\n_.......f_\n_........_\n__________
LEVEL:125:__________\n_........_\n_b......._\n_........_\n_...r...._\n_..R12..._\n_.....F.f_\n_.....1.._\n_.....3.._\n__________
LEVEL:126:__________\n_..B12..._\n_........_\n_....F..._\n_..fR15.._\n_b...3..._\n_........_\n_........_\n_..r....._\n__________
LEVEL:127:__________\n_F13....._\n_........_\n_........_\n_.b......_\n_........_\n_...B12.._\n_........_\n_f......._\n__________
LEVEL:128:__________\n_....LLLr_\n_1...LLL._\n_F......._\n_.......F_\n_.......1_\n_.......3_\n_..Rb...._\n_.....B12_\n__________
LEVEL:129:__________\n_......13_\n_..W16..._\n_...B1B.._\n_..B1...._\n_..12...._\n_wwb....._\n_........_\n_........_\n__________
LEVEL:130:_______________\n_......w......_\n_......r..R15._\n_..g.ggr.w...._\n_..g...r...w.._\n_g.rrr.rrk...._\n_.....rK14...._\n_.r.w...r..k.._\n_..r.w.r..ggrg_\n_.bwwwwr.W16r._\n_.wr.rrrwr..k._\n_.w...gw.r..k._\n_.w.f.g..r...._\n_.wr.....r...._\n_B12G10..r.F13_\n_______________
LEVEL:131:_______________\n_......w......_\n_......r..R15._\n_..g.ggr.w...._\n_..g...r...w3._\n_g.rrr.rrk...._\n_.....rK14...._\n_.r.w...r..k.._\n_..r.w.r..ggrg_\n_.bwwwwr.W16r._\n_.wr.rrrwr..k._\n_.w...gw.r..k._\n_.w.f.g..r...._\n_.wr.....r...._\n_B12G10..r.F13_\n_______________
LEVEL:132:__________\n_.......f_\n_........_\n_.k......_\n_..k....._\n_b..k...._\n_.....F13_\n_B12....._\n_........_\n__________
LEVEL:133:__________\n_........_\n_........_\n_llllllll_\n_L.....B._\n_1...b.1._\n_8.....9._\n_........_\n_B12..F13_\n__________
LEVEL:134:_______________\n_b........wF19_\n_G.R.B.R.SwV18_\n_1.R.1.1.1wV17_\n_6.R.2.5.6wF13_\n_...r.r...wW16_\n_.........wG1G_\n_....g....wS1S_\n_wwwwswwwwwwww_\n_vg..f..svw..._\n_______________
LEVEL:135:__________\n_......F._\n_f......o_\n_..b....f_\n_......R._\n_.r....11_\n_.1OB12.._\n_1..b...._\n_3......._\n__________
LEVEL:136:__________\n_........_\n_b.....b._\n_.....b.._\n_...r...._\n_..R12..._\n_.....F.f_\n_.b...1.._\n_.....3.._\n__________
LEVEL:137:__________\n_F13....._\n_........_\n_........_\n_.b......_\n_........_\n_.....B12_\n_........_\n_f......._\n__________
LEVEL:138:__________\n_......BF_\n_.b....11_\n_....R.23_\n_1..5.r.._\n_.....r.._\n_gggggggg_\n_gggggggg_\n_gggggfgg_\n__________
LEVEL:139:__________\n_V.2a..12_\n_B12avF.._\n_bv.a...._\n_aaaaaaaa_\n_...a...._\n_r.Ra.A.._\n_A16a1..._\n_A1032f3._\n__________
LEVEL:140:__________\n_F13....f_\n_....llV._\n_....ll1l_\n_....ll2l_\n_...lll.l_\n_...lllll_\n_.v......_\n_........_\n__________
LEVEL:141:__________\n_........_\n_F12....._\n_....3..._\n_....V1.._\n_........_\n_........_\n_...f.l.v_\n_.....l.._\n__________
LEVEL:142:__________\n_....w.b._\n_....w..w_\n_B13.w.ww_\n_........_\n_F12.fff._\n_........_\n_....W15._\n_........_\n__________
LEVEL:143:__________\n_G......._\n_1..L14.._\n_0......F_\n_.......1_\n_.b.....3_\n_ggg....._\n_llg.B12._\n_fl......_\n__________
LEVEL:144:__________\n_bB1...2._\n_..fR1SF._\n_1...31s._\n_3.s..2.1_\n__________
LEVEL:145:__________\n_......wf_\n_W15..w.._\n_.....w.w_\n_.B12w.w._\n_.....w.._\n_...b..ww_\n_F13...w._\n_......w._\n__________
LEVEL:146:____________\n_A18wa....._\n_B19ww..a.._\n_1ssswa..a._\n_2K13wV13a._\n_wwwww..a.._\n_aaaaa...a._\n_a....aaVav_\n_..aa.aa1av_\n_a.ba.a.8av_\n_aaaa...akv_\n____________
LEVEL:147:__________\n_...w..w._\n_..w.fw.._\n_V12..v.w_\n_....w.w._\n_..ww...w_\n_F13.w.v._\n_.b.v...._\n_....W15._\n__________
LEVEL:148:__________\n_.....w.._\n_F13v...._\n_..V1..w._\n_.b..2..._\n_.W15...w_\n_.w...w.._\n_....w..._\n_B12.w.f._\n__________
LEVEL:149:__________\n_fwwwwwGF_\n_ggwwww11_\n_ggrwww03_\n_g...wwwW_\n_r....ww1_\n_.W19.R16_\n_.O18.1ww_\n_bB12b5.w_\n__________
LEVEL:150:__________\n_.......4_\n_.b..v.gb_\n_..lBOrv._\n_O131..F._\n_.sf2..f._\n_..w...bl_\n_...g.v.._\n_A.of.f.9_\n__________
LEVEL:151:__________\n_.B......_\n_.1..F13O_\n_.2bR...._\n_........_\n_......a._\n_........_\n_........_\n_...f...._\n__________
LEVEL:152:____________________\n_BWw..............._\n_11w.....G10......._\n_26w..wwwwwwww....._\n_www..woooooow....._\n_.....wooR15ow....._\n_.....woooooow....._\n_.....woborrow....._\n_.....woooooow....._\n_..wwwwwggggwwwww.._\n_..w............w.._\n_..w............w.._\n_..w............w.._\n_..wggg.........w.._\n_..wggg.....F13.w.._\n_..wfgg.........w.._\n_..wwwwwwwwwwwwww.._\n_.................._\n_.................._\n____________________
LEVEL:153:__________\n_L1.....O_\n_1......1_\n_8......9_\n_........_\n_F15.V12._\n_w.l.Kv.._\n_3.2.V..k_\n_.......k_\n__________
LEVEL:154:__________\n_B1gg..kb_\n_...v...._\n_......f3_\n_a3V12..._\n_........_\n_.g......_\n_K1.G...._\n_B1...F13_\n__________
LEVEL:155:__________\n_B12..G10_\n_...f...._\n_........_\n_gggggggg_\n_b......._\n_.....r.._\n_........_\n_F13..R15_\n__________
LEVEL:156:__________\n_.R.bll.f_\n_L18.lll._\n_.5..ll.r_\n_..r.ll.1_\n_..r.ll.l_\n_.F..ll.B_\n_B19.ll.1_\n_.3.....2_\n__________
LEVEL:157:__________\n_V12.r..._\n_R.rr2rw._\n_1r....wg_\n_4.ggrrwv_\n_gggF13aa_\n_r.gggggg_\n_a..rarar_\n_fargrara_\n__________
LEVEL:158:__________\n_B12..G10_\n_........_\n_gg..b.1._\n_Fgsr.r5._\n_.gsr.R.._\n_.gs....._\n_.gssss.._\n_.13S141F_\n__________
LEVEL:159:__________\n_B12..G10_\n_sss....._\n_gg..b.1._\n_Fgsr.r5._\n_.gsr.R.._\n_.gs....._\n_.gssss.._\n_.13S141F_\n__________
LEVEL:160:__________\n_kBK.w.b._\n_..1ww..._\n_..2w...._\n_wwww..V._\n_......1._\n_......3._\n_W18....._\n_.....B19_\n__________
LEVEL:161:__________\n_BK13gggG_\n_1rrrggR1_\n_2rbrgR16_\n_.rrrgg7g_\n_.ggggrgg_\n_.ggggggg_\n_.g..rggr_\n_.r.r.r.k_\n__________
LEVEL:162:__________\n_bwawaB12_\n_wawawawa_\n_awawawaw_\n_wawawawa_\n_awawawaw_\n_wawawawa_\n_awawawaw_\n_F13awawf_\n__________
LEVEL:163:__________\n_........_\n_.aaaaa.1_\n_.aabaa.3_\n_.aaaaa.._\n_........_\n_.A......_\n_.1......_\n_.2...B12_\n__________
LEVEL:164:__________\n_KRg...rs_\n_11.g..rr_\n_45.gg..._\n_.B13g..._\n_....wS12_\n_L...l..._\n_1.kkl.k._\n_0b.ll.k._\n__________
LEVEL:165:__________\n_VB12...3_\n_1o..o..._\n_4o..vK16_\n_oo.o...._\n_vobo.kk._\n_..o....._\n_..v..v.._\n_........_\n__________
LEVEL:166:__________\n_wfkwwwww_\n_lwwlwwlw_\n_sllsllsl_\n_.s......_\n_....b.s._\n_W16F13.._\n_..B19S14_\n_L18..B12_\n__________
LEVEL:167:__________\n_kk.k.kkk_\n_llo..o.k_\n_.lo..o.k_\n_.loooo.k_\n_.llll..k_\n_..looooo_\n_..lollll_\n_..lollll_\n_....llll_\n_........_\n_........_\n_L16....._\n_........_\n_........_\n_BK13...._\n_1......._\n_2.K17..._\n_b......._\n__________
LEVEL:168:_____________\n_..wwB12ww.._\n_..........._\n_..wwrwrww.._\n_..w.....w.._\n_W.Rw.b.wR.B_\n_1.w.....w.1_\n_6.w.....w.2_\n_w.w.......w_\n_w1.ww.ww.1w_\n_.........3._\n_..wwR15w..._\n_____________
LEVEL:169:_____________\n_B12F13fL17._\n_..........._\n_l.l.ll.ll.._\n_..........._\n_l.l..l..l.._\n_l..l..l...._\n_.l.....l.l._\n_ll.l.l.l..l_\n_..........._\n_..........._\n_b...B19.L18_\n_____________
LEVEL:170:__________\n_..b....._\n_B12.www._\n_K1.w.k.w_\n_...w...w_\n_....w.wF_\n_....wfw1_\n_.....w.3_\n_W17....._\n__________
LEVEL:171:_____________\n_B12S14F13ww_\n_S17O14W16bw_\n_wwwwwwwww.w_\n_wwwwww..osw_\n_wwwww..os.w_\n_wwww...so.w_\n_www...so..w_\n_ww.....so.w_\n_w......os.w_\n_........osw_\n_.......os.w_\n_w......so.w_\n_ww....so..w_\n_www....so.w_\n_wwww...os.w_\n_wwwww...osw_\n_wwwwww.os.w_\n_wwwwwwwwwfw_\n_____________
LEVEL:172:____________________\n_S16.........wwww.._\n_............wBFw.._\n_............w11w.._\n_............w23w.._\n_............wwww.._\n_...wwwwwwwww......_\n_...wosooooow......_\n_...wooooooow......_\n_...wooobosow......_\n_...wsooooosw......_\n_...woosoooow......_\n_...wwwwwwwww......_\n_.................._\n_.......f.........._\n_.................._\n_.................._\n_.................._\n_.................._\n____________________
LEVEL:173:__________\n_B12oo.b._\n_ooooo.F._\n_sosoo.1._\n_ofooo.3._\n_sosoo..._\n_oooooooo_\n_ooooO14o_\n_oooooooo_\n__________
LEVEL:174:____________________\n_wwowwf....Kwbwwow._\n_wB12wwF13.1w.wooWw_\n_wwbww.o.oA12.oo.1w_\n_LRwwV....o3o.wwo6r_\n_11.Br1......kwwwwg_\n_451.3..llll..wwwgg_\n_..4lwgwlllllllwwwg_\n_llllwvwllllllwK17w_\n____________________
LEVEL:175:__________\n_bsfgalro_\n_kwoBSFWA_\n_ROKGV213_\n_6750489w_\n_w.....ww_\n_w.wwwwWw_\n_w...vw1w_\n_B12V136w_\n__________
LEVEL:176:____________________\n_W........wwwwwwwww_\n_1wwwwwwwww......Kw_\n_6woooooowwR1.O.81w_\n_Kwooo3koww..3.1.9w_\n_1wkoooooww.......w_\n_4wo1kbkowwaaaaw.ww_\n_Awooooooww....oww._\n_1wK17ooowwb..woow._\n_9wwwwwwwwww.swoww._\n_Awwwwwwwwwwwlwwww._\n_1wb.....ww......w._\n_4wwwww.www.b.R..w._\n_Sw......ww.r.1..w._\n_1ww.wwwwww...5L.w._\n_4wrrrrrrww....1.w._\n_Bwrrfrrrww....8.w._\n_1wwwwwwwwwwwwwwww._\n_9R19F13L18R14B12.._\n____________________
LEVEL:177:__________\n_........_\n_S2..B12._\n_w...s..._\n_...7wooo_\n_.1.vooVo_\n_.3vbW1.6_\n_...voo2o_\n_V14.oO16_\n__________
LEVEL:178:____________________\n_WR1R.....wwwwwwwww_\n_1wwwwwwwww......Kw_\n_6wK17ooowwR1.O.81w_\n_Kwkooo3oww..3.1.9w_\n_1wkoooooww.......w_\n_4wo1kbkowwaaaaw.ww_\n_Awooooooww.....ww._\n_1woooooowwb..w..w._\n_9wwwwwwwwww.sw.ww._\n_Awwwwwwwwwwwlwwww._\n_1wb.....ww......w._\n_4wwwww.www.b.R..w._\n_Sw......ww.r.1..w._\n_1ww.wwwwww...5L.w._\n_4wrrrrrrww....1.w._\n_Bwrrfrrrww....8.w._\n_1wwwwwwwwwwwwwwww._\n_9R19F13L18R14B12.._\n____________________
LEVEL:179:__________\n_KF13K1K._\n_1f......_\n_4.wwwwwk_\n_B.wK1b.._\n_1.waA.6._\n_2WwvV.2._\n_w1wgG.0._\n_w6wlL.8._\n__________
LEVEL:180:____________________\n_S14W16...........V_\n_B12V18ww.........1_\n_G14S19..w........5_\n_.w.w..ww.........._\n_...www............_\n_.................._\n_.................._\n_....wwwwsw........_\n_...w.vb..w........_\n_..w..b...w........_\n_...w..b..w........_\n_....wwwwww........_\n_.................._\n_...O15........gggg_\n_...F13....gggggggg_\n_.........gggoooooo_\n_......ggggggoooooo_\n_..ggggggggggooooof_\n____________________
LEVEL:181:____________\n_L.kwB..K1r_\n_w.r..3.fos_\n_wS1.....s1_\n_g.r.W1..s4_\n_W.b......._\n_kk..rb.ff5_\n_9.B12....G_\n_.b.f.swgw1_\n_g.o...oO.0_\n_v.wwoRF1.f_\n____________
LEVEL:182:__________\n_K14....._\n_1k..k..._\n_.boL..k._\n_.A15..aa_\n_.b....b._\n_k...F.k._\n_..k.1..._\n_B12.lf13_\n__________
LEVEL:183:____________________\n_Wwvvvvvvvfvvvvvvvv_\n_1wvvvvvvv.vvvvvvvv_\n_6wvvvvvvv.vvvvvvvv_\n_Fwvvvvvvv.vvvvvvvv_\n_1wvvvvvvv.vvvvvvvv_\n_3wvvvvvvvvvvvvvvvv_\n_Vwvvvvvvvvvvvvvvvv_\n_1wvvvvvvvvvvvvvvvv_\n_4wvvvvvvvvvvvvvvvv_\n_wwvvvvvvvvvvwwwwww_\n_............r....._\n_............rRK.B._\n_...b..sss...r11.1._\n_..B12..S....r457.._\n_..B12..1....r....._\n_.......5....kw...._\n_.O1O........ww...._\n_............w....._\n____________________
BATCH:-1:0:0
BATCH:-1:1:1
BATCH:-1:2:2
BATCH:-1:3:3
BATCH:-1:4:4
BATCH:-1:5:5
BATCH:-1:6:6
BATCH:-1:7:7
BATCH:-1:8:8
BATCH:-1:9:9
BATCH:-1:10:10
BATCH:-1:11:11
BATCH:-1:12:12
BATCH:-1:13:13
BATCH:-1:14:14
BATCH:-1:15:15
BATCH:-1:16:16
BATCH:-1:17:17
BATCH:-1:18:18
BATCH:-1:19:19
BATCH:-1:20:20
BATCH:-1:21:21
BATCH:-1:22:22
BATCH:-1:23:23
BATCH:-1:24:24
BATCH:-1:25:25
BATCH:-1:26:26
BATCH:-1:27:27
BATCH:-1:28:28
BATCH:-1:29:29
BATCH:-1:30:30
BATCH:-1:31:31
BATCH:-1:32:32
BATCH:-1:33:33
BATCH:-1:34:34
BATCH:-1:35:35
BATCH:-1:36:36
BATCH:-1:37:37
BATCH:-1:38:38
BATCH:-1:39:39
BATCH:-1:40:40
BATCH:-1:41:41
BATCH:-1:42:42
BATCH:-1:43:43
BATCH:-1:44:44
BATCH:-1:45:45
BATCH:-1:46:46
BATCH:-1:47:47
BATCH:-1:48:48
BATCH:-1:49:49
BATCH:-1:50:50
BATCH:-1:51:51
BATCH:-1:52:52
BATCH:-1:53:53
BATCH:-1:54:54
BATCH:-1:55:55
BATCH:-1:56:56
BATCH:-1:57:57
BATCH:-1:58:58
BATCH:-1:59:59
BATCH:-1:60:60
BATCH:-1:61:61
BATCH:-1:62:62
BATCH:-1:63:63
BATCH:-1:64:64
BATCH:-1:65:65
BATCH:-1:66:66
BATCH:-1:67:67
BATCH:-1:68:68
BATCH:-1:69:69
BATCH:-1:70:70
BATCH:-1:71:71
BATCH:-1:72:72
BATCH:-1:73:73
BATCH:-1:74:74
BATCH:-1:75:75
BATCH:-1:76:76
BATCH:-1:77:77
BATCH:-1:78:78
BATCH:-1:79:79
BATCH:-1:80:80
BATCH:-1:81:81
BATCH:-1:82:82
BATCH:-1:83:83
BATCH:-1:84:84
BATCH:-1:85:85
BATCH:-1:86:86
BATCH:-1:87:87
BATCH:-1:88:88
BATCH:-1:89:89
BATCH:-1:90:90
BATCH:-1:91:91
BATCH:-1:92:92
BATCH:-1:93:93
BATCH:-1:94:94
BATCH:-1:95:95
BATCH:-1:96:96
BATCH:-1:97:97
BATCH:-1:98:98
BATCH:-1:99:99
BATCH:-1:100:100
BATCH:-1:101:101
BATCH:-1:102:102
BATCH:-1:103:103
BATCH:-1:104:104
BATCH:-1:105:105
BATCH:-1:106:106
BATCH:-1:107:107
BATCH:-1:108:108
BATCH:-1:109:109
BATCH:-1:110:110
BATCH:-1:111:111
BATCH:-1:112:112
BATCH:-1:113:113
BATCH:-1:114:114
BATCH:-1:115:115
BATCH:-1:116:116
BATCH:-1:117:117
BATCH:-1:118:118
BATCH:-1:119:119
BATCH:-1:120:120
BATCH:-1:121:121
BATCH:-1:122:122
BATCH:-1:123:123
BATCH:-1:124:124
BATCH:-1:125:125
BATCH:-1:126:126
BATCH:-1:127:127
BATCH:-1:128:128
BATCH:-1:129:129
BATCH:-1:130:130
BATCH:-1:131:131
BATCH:-1:132:132
BATCH:-1:133:133
BATCH:-1:134:134
BATCH:-1:135:135
BATCH:-1:136:136
BATCH:-1:137:137
BATCH:-1:138:138
BATCH:-1:139:139
BATCH:-1:140:140
BATCH:-1:141:141
BATCH:-1:142:142
BATCH:-1:143:143
BATCH:-1:144:144
BATCH:-1:145:145
BATCH:-1:146:146
BATCH:-1:147:147
BATCH:-1:148:148
BATCH:-1:149:149
BATCH:-1:150:150
BATCH:-1:151:151
BATCH:-1:152:152
BATCH:-1:153:153
BATCH:-1:154:154
BATCH:-1:155:155
BATCH:-1:156:156
BATCH:-1:157:157
BATCH:-1:158:158
BATCH:-1:159:159
BATCH:-1:160:160
BATCH:-1:161:161
BATCH:-1:162:162
BATCH:-1:163:163
BATCH:-1:164:164
BATCH:-1:165:165
BATCH:-1:166:166
BATCH:-1:167:167
BATCH:-1:168:168
BATCH:-1:169:169
BATCH:-1:170:170
BATCH:-1:171:171
BATCH:-1:172:172
BATCH:-1:173:173
BATCH:-1:174:174
BATCH:-1:175:175
BATCH:-1:176:176
BATCH:-1:177:177
BATCH:-1:178:178
BATCH:-1:179:179
BATCH:-1:180:180
BATCH:-1:181:181
BATCH:-1:182:182
BATCH:-1:183:183
EVAL_INSTANCE:0:0:389
RUN_RESULT:0:0:0:2000:----
RUN_RESULT:0:0:1:2000:----
RUN_RESULT:0:0:2:7:UR
RUN_RESULT:0:0:3:2000:----
RUN_RESULT:0:0:4:376:LULLUULUUURDDRR
RUN_RESULT:0:0:5:97:DRRRUU
RUN_RESULT:0:0:6:91:UUUU
RUN_RESULT:0:0:7:2000:----
RUN_RESULT:0:0:8:2000:----
RUN_RESULT:0:0:9:4:R
RUN_RESULT:0:0:10:24:DDD
RUN_RESULT:0:0:11:1362:RRRRDDRDDRRDDLUURUULUUR
RUN_RESULT:0:0:12:578:ULLLLDURRUUUULLDL
RUN_RESULT:0:0:13:2000:----
RUN_RESULT:0:0:14:2000:----
RUN_RESULT:0:0:15:2000:----
RUN_RESULT:0:0:16:2000:----
RUN_RESULT:0:0:17:55:LLUUUUUULLL
RUN_RESULT:0:0:18:2000:----
RUN_RESULT:0:0:19:2000:----
RUN_RESULT:0:0:20:1356:DDDRDRRDUUUURR
RUN_RESULT:0:0:21:2000:----
RUN_RESULT:0:0:22:35:DDDR
RUN_RESULT:0:0:23:2000:----
RUN_RESULT:0:0:24:144:DDDDDRRR
RUN_RESULT:0:0:25:2000:----
RUN_RESULT:0:0:26:23:DLL
RUN_RESULT:0:0:27:110:DDDDDDRRRR
RUN_RESULT:0:0:28:2000:----
RUN_RESULT:0:0:29:2000:----
RUN_RESULT:0:0:30:2000:----
RUN_RESULT:0:0:31:2000:----
RUN_RESULT:0:0:32:106:UUUUUURR
RUN_RESULT:0:0:33:1501:UURUUULLU
RUN_RESULT:0:0:34:2000:----
RUN_RESULT:0:0:35:2000:----
RUN_RESULT:0:0:36:29:RRR
RUN_RESULT:0:0:37:5:UU
RUN_RESULT:0:0:38:498:LDURRRRR
RUN_RESULT:0:0:39:2000:----
RUN_RESULT:0:0:40:474:DDRDRDLRR
RUN_RESULT:0:0:41:2000:----
RUN_RESULT:0:0:42:1171:LLULUU
RUN_RESULT:0:0:43:2000:----
RUN_RESULT:0:0:44:4:RLR
RUN_RESULT:0:0:45:2000:----
RUN_RESULT:0:0:46:2000:----
RUN_RESULT:0:0:47:2000:----
RUN_RESULT:0:0:48:2000:----
RUN_RESULT:0:0:49:2000:----
RUN_RESULT:0:0:50:8:DDR
RUN_RESULT:0:0:51:20:DDLDRRLLL
RUN_RESULT:0:0:52:79:DRRR
RUN_RESULT:0:0:53:148:URULULLURL
RUN_RESULT:0:0:54:2000:----
RUN_RESULT:0:0:55:2000:----
RUN_RESULT:0:0:56:2000:----
RUN_RESULT:0:0:57:2000:----
RUN_RESULT:0:0:58:104:DRRR
RUN_RESULT:0:0:59:2000:----
RUN_RESULT:0:0:60:1:U
RUN_RESULT:0:0:61:2000:----
RUN_RESULT:0:0:62:153:DDDLL
RUN_RESULT:0:0:63:2000:----
RUN_RESULT:0:0:64:476:UUUUULUR
RUN_RESULT:0:0:65:328:DRDRRR
RUN_RESULT:0:0:66:2000:----
RUN_RESULT:0:0:67:2000:----
RUN_RESULT:0:0:68:2000:----
RUN_RESULT:0:0:69:2000:----
RUN_RESULT:0:0:70:2000:----
RUN_RESULT:0:0:71:2000:----
RUN_RESULT:0:0:72:357:URDRLL
RUN_RESULT:0:0:73:24:DDD
RUN_RESULT:0:0:74:14:DDD
RUN_RESULT:0:0:75:615:LULLUULUUURURDDDR
RUN_RESULT:0:0:76:2000:----
RUN_RESULT:0:0:77:2000:----
RUN_RESULT:0:0:78:2000:----
RUN_RESULT:0:0:79:305:UUUUURURD
RUN_RESULT:0:0:80:1075:URRRDLUUULUULURRD
RUN_RESULT:0:0:81:95:UUUURUURRURRRR
RUN_RESULT:0:0:82:2000:----
RUN_RESULT:0:0:83:60:RRRRR
RUN_RESULT:0:0:84:2000:----
RUN_RESULT:0:0:85:2000:----
RUN_RESULT:0:0:86:84:DRRRRD
RUN_RESULT:0:0:87:2000:----
RUN_RESULT:0:0:88:378:ULLUDDULLDDDUUURUUUUL
RUN_RESULT:0:0:89:284:RRUDDDDDDRRR
RUN_RESULT:0:0:90:2000:----
RUN_RESULT:0:0:91:587:ULLLLDURRUUUULLDL
RUN_RESULT:0:0:92:2000:----
RUN_RESULT:0:0:93:2000:----
RUN_RESULT:0:0:94:149:DDDLLLLUUURUUUULLLLLDR
RUN_RESULT:0:0:95:2000:----
RUN_RESULT:0:0:96:2000:----
RUN_RESULT:0:0:97:8:UUR
RUN_RESULT:0:0:98:2:L
RUN_RESULT:0:0:99:2000:----
RUN_RESULT:0:0:100:2000:----
RUN_RESULT:0:0:101:2000:----
RUN_RESULT:0:0:102:4:R
RUN_RESULT:0:0:103:2000:----
RUN_RESULT:0:0:104:2000:----
RUN_RESULT:0:0:105:2000:----
RUN_RESULT:0:0:106:29:RUUUUUUULLLLLL
RUN_RESULT:0:0:107:2000:----
RUN_RESULT:0:0:108:2000:----
RUN_RESULT:0:0:109:2000:----
RUN_RESULT:0:0:110:2000:----
RUN_RESULT:0:0:111:2000:----
RUN_RESULT:0:0:112:399:RRRDDRUDDDLDLDLL
RUN_RESULT:0:0:113:18:DRR
RUN_RESULT:0:0:114:2000:----
RUN_RESULT:0:0:115:2000:----
RUN_RESULT:0:0:116:2000:----
RUN_RESULT:0:0:117:2000:----
RUN_RESULT:0:0:118:2000:----
RUN_RESULT:0:0:119:2000:----
RUN_RESULT:0:0:120:2000:----
RUN_RESULT:0:0:121:2000:----
RUN_RESULT:0:0:122:32:DDRRR
RUN_RESULT:0:0:123:45:DDRR
RUN_RESULT:0:0:124:1221:DDDDDDDDRRRR
RUN_RESULT:0:0:125:111:RRDRDR
RUN_RESULT:0:0:126:14:URR
RUN_RESULT:0:0:127:48:DDDDL
RUN_RESULT:0:0:128:2000:----
RUN_RESULT:0:0:129:2000:----
RUN_RESULT:0:0:130:2000:----
RUN_RESULT:0:0:131:2000:----
RUN_RESULT:0:0:132:246:UUUURRRRRRR
RUN_RESULT:0:0:133:2000:----
RUN_RESULT:0:0:134:2000:----
RUN_RESULT:0:0:135:2000:----
RUN_RESULT:0:0:136:111:RRDRDR
RUN_RESULT:0:0:137:48:DDDDL
RUN_RESULT:0:0:138:1446:DDDDDDRRRR
RUN_RESULT:0:0:139:2000:----
RUN_RESULT:0:0:140:127:UUUUURRURRRR
RUN_RESULT:0:0:141:2000:----
RUN_RESULT:0:0:142:112:UUUUR
RUN_RESULT:0:0:143:261:UUUURRRRRRDDDDUUUULLLLLDRRURRRDULLLLDDDDDDDLLL
RUN_RESULT:0:0:144:148:URULULLURL
RUN_RESULT:0:0:145:1570:URUURURRU
RUN_RESULT:0:0:146:2000:----
RUN_RESULT:0:0:147:7:UL
RUN_RESULT:0:0:148:2000:----
RUN_RESULT:0:0:149:2000:----
RUN_RESULT:0:0:150:2000:----
RUN_RESULT:0:0:151:205:DDDDDR
RUN_RESULT:0:0:152:2000:----
RUN_RESULT:0:0:153:2000:----
RUN_RESULT:0:0:154:30:DRRR
RUN_RESULT:0:0:155:729:DDRRRRRUUUUULL
RUN_RESULT:0:0:156:597:LDURRRRR
RUN_RESULT:0:0:157:1117:DDLLLLLDLDL
RUN_RESULT:0:0:158:2000:----
RUN_RESULT:0:0:159:2000:----
RUN_RESULT:0:0:160:2000:----
RUN_RESULT:0:0:161:2000:----
RUN_RESULT:0:0:162:99:DDDDDDRRRDRRRR
RUN_RESULT:0:0:163:2000:----
RUN_RESULT:0:0:164:2000:----
RUN_RESULT:0:0:165:2000:----
RUN_RESULT:0:0:166:2000:----
RUN_RESULT:0:0:167:2000:----
RUN_RESULT:0:0:168:2000:----
RUN_RESULT:0:0:169:2000:----
RUN_RESULT:0:0:170:724:RRDDDDDR
RUN_RESULT:0:0:171:2000:----
RUN_RESULT:0:0:172:60:DDDDD
RUN_RESULT:0:0:173:65:DDDLL
RUN_RESULT:0:0:174:165:LLLLDDLDDD
RUN_RESULT:0:0:175:25:RRRRRDULLL
RUN_RESULT:0:0:176:2000:----
RUN_RESULT:0:0:177:2000:----
RUN_RESULT:0:0:178:2000:----
RUN_RESULT:0:0:179:2000:----
RUN_RESULT:0:0:180:2000:----
RUN_RESULT:0:0:181:2000:----
RUN_RESULT:0:0:182:2000:----
RUN_RESULT:0:0:183:2000:----
The time of execution is: 546.8470492362976 s
