pygame 2.2.0 (SDL 2.30.7, Python 3.8.10)
Hello from the pygame community. https://www.pygame.org/contribute.html
LEVEL:0:____________________\n_W........wwwwwwwww_\n_1wwwwwwwww......Kw_\n_6woooooowwR1.O.81w_\n_Kwooo3koww..3.1.9w_\n_1wkoooooww.......w_\n_4wo1kbkowwaaaaw.ww_\n_Awooooooww....oww._\n_1wK17ooowwb..woow._\n_9wwwwwwwwww.swoww._\n_Awwwwwwwwwwwlwwww._\n_1wb.....ww......w._\n_4wwwww.www.b.R..w._\n_Sw......ww.r.1..w._\n_1ww.wwwwww...5L.w._\n_4wrrrrrrww....1.w._\n_Bwrrfrrrww....8.w._\n_1wwwwwwwwwwwwwwww._\n_9R19F13L18R14B12.._\n____________________
BATCH:0:0:0
TRAINING ON LEVEL:176
of 184 levels
---LEVEL STRING---
____________________
_W........wwwwwwwww_
_1wwwwwwwww......Kw_
_6woooooowwR1.O.81w_
_Kwooo3koww..3.1.9w_
_1wkoooooww.......w_
_4wo1kbkowwaaaaw.ww_
_Awooooooww....oww._
_1wK17ooowwb..woow._
_9wwwwwwwwww.swoww._
_Awwwwwwwwwwwlwwww._
_1wb.....ww......w._
_4wwwww.www.b.R..w._
_Sw......ww.r.1..w._
_1ww.wwwwww...5L.w._
_4wrrrrrrww....1.w._
_Bwrrfrrrww....8.w._
_1wwwwwwwwwwwwwwww._
_9R19F13L18R14B12.._
____________________
---LEVEL STRING---
TRACK:0;-1;-1;4;1;4;6;5;0;0;2;6;2;13;22;-4.603230904268843;5;3;10;2;4;6;23;6.343985849147831;3;6;20;-6.095482378500828;4;2;2;6;8;3;21;5.103361447273095;2;6;10;5;9;1;1;1;1;6;5;2;5;18;2;11;12;1;6;3;4;9;1;1;3;11;2;12;22;-3.3438064607914697;4;5;18;6;0;4;6;1;13;12;6;3;1;20;3.780097448197882;22;3.0440703342546716;4;3;6;1;2;3;25;0;18;10;0;1;11;11;2;7;-2.1657840898606917;19;0;4;1;3;6;1;5;19;4;19;6;1;5;5;11;1;4;17;6;23;-1.5924323230148332;3;1;2;1;6;2;10;11;4;5;9;3;6;1;8;10;0;4;5;5;12;0;2;0;8;21;3.5649811782570495;1;21;-8.29852661153094;20;-0.46752976461751317;1;5;25;1;20;7.682702362997276;9
TRACK:1;-1;-1;0;6;3;1;5;1;5;5;2;2;7;-1.3953047492077264;16;0;16;15;0;5;5;0;9;20;-2.6753478607069088;3;5;4;14;4;0;2;2;6;2;23;-5.402986715272511;23;-8.979415523344642;6;5;16;4;3;3;13;6;4;1;6;7;3.064892568166309;5;23;-3.938027136348916;4;2;4;1;6;4;5;4;4;8;1;2;0;2;4;19;2;23;-6.406882129477614;10;1;5;7;-0.8955629571012391;4;7;0.7049487513734292;6;0;0;20;-8.149730036999966;16;2;22;1.4576976302495392;16;5;0;4;3;13;6;3;23;0.6408258153832591;3;3;3;4;0;3;2;11;23;-3.095446220809257;2;0;22;3.0982624044065776;20;-0.11076928616092552;2;19;10
TRACK:2;-1;-1;3;4;0;2;3;3;1;5;1;1;10;25;6;9;1;2;4;7;-4.369929423587575;2;12;7;-4.398710777840968;4;5;14;2;2;3;0;4;4;10;0;0;12;10;0;21;-7.133759821978964;17;3;3;3;3;18;0;2;1;2;3;19;4;7;9.835895344278278;0;4;13;2;19;13;5;5;2;12;21;-0.4436517457628302;1;2;2;0;15;11;6;14;5;0;10;23;1.192169254850242;4;1;4;13;0;12;21;-2.8641750531555505;3;0;4;5;0;3;3;12;6;4;15;0;0;0;2;2;18;8;5;17;3;1;20;-0.2294028281324998;7;-4.245696521492417;0;4;1;21;7.879313521243596;14;4;5;21;-9.966007950084038;4;2;6;5;11;2;0;25;14;5;11
TRACK:3;-1;-1;3;3;6;0;2;0;3;2;6;5;20;-9.701764442078257;1;0;9;24;4;17;5;1;0;4;20;-7.4502268446463145;3;11;5;6;14;4;6;4;6;4;23;-8.262170189992226;1;3;3;1;1;1;25;10;1;14;8;5;2;13;25;1;0;4;2;0;8;7;6.79444641258058;0;25;19;1;3;4;21;-1.4984147464865476;3;6;24;4;2;0;6;17;4;13;1;4;14;2;16;14
TRACK:4;-1;-1;4;1;6;3;3;5;0;4;4;3;15;5;4;6;20;-2.0636358974695117;6;0;4;6;5;3;1;1;20;-1.8984417138207341;12;1;11;20;-6.453792938009338;3;3;4;0;3;3;14;1;5;19;0;9;17
TRACK:5;-1;-1;5;4;6;0;4;2;1;2;3;0;7;1.1352015811540745;17;3;2;25;9;2;6;0;21;-6.306980080885323;11;2;3;20;2.8731534184708174;0;15;8;3;0;5;0;10;18;3;4;24;0;1;5;2;0;0;23;-2.736537522069879;24;2;25;17;6;2;24;15;5;3;2;1;11;9;6;8;0;6;4;2;1;16;18;2;18;20;2.4143813332607316;3;2;2;1;15;16;3;22;-8.400983248688448;5;4;14
TRACK:6;-1;-1;5;5;5;0;6;4;0;3;3;1;20;1.260791455111569;24;1;6;4;8;3;1;22;2.2030339291647074;25;0;0;3;5;5;6;22;-6.785093994653115;5;3;3;2;7;-4.413278780454211;11;2;3;5;5;6;16;3;2;4;3;16;5;5;21;6.489639194072293
TRACK:7;-1;-1;4;1;5;3;6;4;1;4;5;5;8;4;6;1;23;7.671803656522261;15;5;1;0;0;2;6;2;4;17;5;15;6;0;6;9;0;8;23;-6.552680552158286;6;2;6;3;20;4.528669866956754;0;4;12;4;16;6;5;1;4;5;13;3;4;12;4;1;3;1;5;6;23;-2.4236166361332323;0;2;25;24;3;8;1;5;4;3;20;-6.0424245692499685;6;1;3;22;-5.199444144059939;3;24
TRACK:8;-1;-1;4;3;5;5;3;3;4;5;5;2;13;14
TRACK:9;-1;-1;1;4;2;5;1;6;1;3;4;1;9;15;3;3;3;15;6;0;0;0;6;24;3;17;5;5;23;-5.070642976499964;6;6;0;25;24;1;4;3;2;4;1;3;21;1.1513147414425333;1;15;11;2;0;0;21;-3.1996123640033947;25;6;10;6;4;21;0.7686611917713453;2;0;1;5;3;2;23;-1.3494932688328234;25;6;5;1;7;1.1511193950977887;17;2;0;3;0;15;20;-1.9286768630757436;3;1;19;17;1;2;4;16;0;23;8.663426016447893;21;-9.151397488480889;6;3;21;-7.96184902568152;4;1;4;5;1;19;9;2;3;5;15;5;1;15;25;1;3;0;4;3;4;5;5;0;10;15;0;1;4;6;2;1;11;13;6;18;4;4;1;0;9;10;0;17;14;3;3;6;6;3;24;2;6;3;5;3;5;0;1;16;16;4;15;5;1;6;1;5;5;3;10;6;6;5;19;4;1;5;0;4;25;4;23;-9.915517422434215;4;3;4;8
EVAL_INSTANCE:0:0:0
EVAL_INSTANCE:0:1:1
EVAL_INSTANCE:0:2:2
EVAL_INSTANCE:0:3:3
EVAL_INSTANCE:0:4:4
EVAL_INSTANCE:0:5:5
EVAL_INSTANCE:0:6:6
EVAL_INSTANCE:0:7:7
EVAL_INSTANCE:0:8:8
EVAL_INSTANCE:0:9:9
RUN_RESULT:0:0:0:2000:----
RUN_RESULT:0:1:0:2000:----
RUN_RESULT:0:2:0:2000:----
RUN_RESULT:0:3:0:2000:----
RUN_RESULT:0:4:0:2000:----
RUN_RESULT:0:5:0:2000:----
RUN_RESULT:0:6:0:2000:----
RUN_RESULT:0:7:0:2000:----
RUN_RESULT:0:8:0:2000:----
RUN_RESULT:0:9:0:2000:----
=================================================
n_gen  |  n_eval  |     f_avg     |     f_min    
=================================================
     1 |       10 |  0.000000E+00 | -0.000000E+00
TRACK:10;2;6;3;4;0;2;3;3;1;5;1;1;10;25;6;9;1;2;4;7;-4.369929423587575;2;12;7;-4.398710777840968;4;5;14;2;2;3;0;4;4;10;0;0;12;10;0;21;-7.133759821978964;17;3;3;3;2;7;-4.413278780454211;11;0;2;1;2;3;19;4;7;9.835895344278278;0;4;13;2;19;13;5;5;2;12;21;-0.4436517457628302;1;2;2;0;15;11;6;14;5;0;10;23;1.192169254850242;4;1;4;13;0;12;21;-2.8641750531555505;3;0;4;5;0;3;3;12;6;4;15;0;0;0;2;2;18;8;5;17;3;1;20;-0.2294028281324998;7;-4.245696521492417;0;4;1;21;7.879313521243596;14;4;5;21;-9.966007950084038;4;2;6;5;11;2;0;25;14;5;11
TRACK:11;2;6;5;5;5;0;6;4;0;3;3;1;20;1.260791455111569;21;-9.966007950084038;1;6;4;8;3;1;22;2.2030339291647074;25;0;0;3;5;5;6;22;-6.785093994653115;5;3;3;2;7;-4.413278780454211;11;2;3;5;5;6;16;3;2;4;3;16;5;5;21;6.489639194072293
TRACK:12;7;1;4;1;5;3;6;4;1;4;5;5;8;4;6;1;23;7.671803656522261;15;5;1;0;0;2;6;2;4;17;5;15;6;0;6;9;0;8;23;-6.552680552158286;6;2;6;3;20;4.528669866956754;0;4;12;4;16;6;5;1;4;22;1.4576976302495392;3;4;12;4;1;3;1;5;6;23;-2.4236166361332323;0;2;25;24;3;8;1;5;4;3;20;-6.0424245692499685;6;1;3;22;-5.199444144059939;3;24
TRACK:13;7;1;0;6;3;1;5;1;5;5;2;2;7;-1.3953047492077264;16;0;16;15;0;5;5;0;9;20;-2.6753478607069088;3;5;4;14;4;0;2;2;6;2;23;-5.402986715272511;23;-8.979415523344642;6;5;16;4;3;3;13;6;4;1;6;7;3.064892568166309;5;23;-3.938027136348916;4;2;4;1;6;4;5;4;4;8;1;2;0;2;4;19;2;23;-6.406882129477614;10;1;5;7;-0.8955629571012391;4;7;0.7049487513734292;6;0;0;20;-8.149730036999966;16;2;22;1.4576976302495392;20;-6.0424245692499685;5;0;4;3;13;6;3;23;0.6408258153832591;3;3;3;4;0;3;2;11;23;-3.095446220809257;2;0;22;3.0982624044065776;20;-0.11076928616092552;2;19;10
TRACK:14;5;6;5;4;6;0;4;2;1;2;3;0;7;1.1352015811540745;17;3;2;25;9;2;6;0;21;-6.306980080885323;11;2;3;20;2.8731534184708174;0;15;8;3;0;5;0;10;18;3;4;24;0;1;5;2;0;0;23;-2.736537522069879;24;2;25;17;6;2;24;15;5;3;2;1;11;9;6;8;0;6;4;2;1;16;18;2;18;20;2.4143813332607316;3;2;2;1;15;16;3;22;-8.400983248688448;5;3;16
TRACK:15;5;6;5;5;5;0;6;4;0;3;3;1;20;1.260791455111569;24;2;3;20;2.8731534184708174;0;15;8;0;0;3;5;5;6;22;-6.785093994653115;5;3;3;2;7;-4.413278780454211;11;2;3;5;5;6;16;3;2;4;3;16;5;5;21;6.489639194072293
TRACK:16;7;4;4;1;5;3;6;6;20;-2.0636358974695117;5;1;0;0;2;6;2;4;17;5;15;6;0;6;9;0;8;23;-6.552680552158286;6;2;6;3;20;4.528669866956754;0;4;12;4;16;6;5;1;4;5;13;3;4;12;4;1;3;1;5;6;23;-2.4236166361332323;0;2;25;24;3;8;1;5;4;3;20;-6.0424245692499685;6;1;3;22;-5.199444144059939;3;24
TRACK:17;7;4;4;1;6;3;3;5;0;4;4;3;15;5;4;6;20;-2.0636358974695117;6;0;4;6;5;3;1;1;20;-1.8984417138207341;12;1;11;20;-6.453792938009338;3;3;4;0;3;3;14;1;5;19;0;12;17
TRACK:18;1;3;0;6;3;1;5;1;5;5;2;2;7;-1.3953047492077264;16;0;16;15;0;5;5;0;9;20;-2.6753478607069088;3;5;4;14;4;0;0;4;2;0;8;7;6.79444641258058;0;25;19;1;3;4;21;-1.4984147464865476;3;6;24;6;4;1;6;7;3.064892568166309;5;23;-3.938027136348916;4;2;4;1;6;4;5;4;4;8;1;2;0;2;4;19;2;23;-6.406882129477614;10;1;5;7;-0.8955629571012391;4;7;0.7049487513734292;6;0;0;20;-8.149730036999966;16;2;22;1.4576976302495392;16;5;0;4;3;13;6;3;23;0.6408258153832591;3;3;3;4;0;3;2;11;23;-3.095446220809257;2;0;22;3.0982624044065776;20;-0.11076928616092552;2;19;10
TRACK:19;1;3;3;3;6;0;2;0;3;2;6;5;20;-9.701764442078257;1;0;9;24;4;17;5;1;0;4;20;-7.4502268446463145;3;11;5;6;14;4;6;4;6;4;23;-8.262170189992226;1;3;3;1;1;1;25;10;1;14;8;5;2;13;25;1;0;4;2;0;8;7;6.79444641258058;0;25;19;1;3;4;21;-1.4984147464865476;3;6;24;4;2;0;6;17;4;13;1;4;19;2;16;14
TRACK:20;10;-1;3;4;0;2;3;3;1;5;1;1;10;25;6;9;1;2;4;7;-4.5055308479640335;2;12;7;-4.361882143321064;4;5;14;2;2;3;0;4;1;23;1.410114857947205;9;0;0;12;10;0;21;-7.06273508755027;17;3;3;3;2;7;-4.604496111202806;11;0;2;1;2;3;19;4;7;9.908798862856944;0;4;13;2;19;13;5;5;2;12;21;-0.40267843548782845;1;2;2;0;15;11;6;14;5;0;10;23;1.1005407332378483;4;1;4;13;0;12;21;-2.8920769887758486;3;0;4;5;0;3;3;12;6;4;15;0;0;0;2;2;18;8;5;17;3;1;20;-0.19757643807094502;7;-4.299450029757664;0;4;1;21;7.97209380028105;14;4;5;21;-9.792078232364702;4;2;6;5;11;2;0;25;14;5;11
TRACK:21;7;-1;4;1;5;3;6;4;1;4;5;5;8;4;6;1;23;7.660999314387765;15;5;1;0;0;2;6;2;4;17;5;15;6;0;6;9;0;8;23;-6.674836332446823;6;2;6;3;20;4.591620793503233;0;4;12;4;16;6;5;1;4;5;13;3;4;12;4;1;3;1;5;6;23;-2.591769814606723;0;2;25;24;3;8;1;5;4;4;10;6;1;3;22;-5.098959829988252;3;24
TRACK:22;14;-1;5;4;6;0;4;2;1;2;3;0;7;1.0361205789655565;17;3;2;25;9;2;6;0;21;-6.327679354655136;11;2;3;20;2.789884845372314;0;15;8;3;0;5;0;10;18;3;4;24;0;1;5;2;0;0;23;-2.9089296868932704;24;2;25;17;6;2;24;15;5;3;2;1;11;9;6;8;0;6;4;2;1;16;18;1;25;12;3;2;2;1;15;16;3;22;-8.587365913680642;5;3;16
TRACK:23;16;-1;4;1;5;3;6;6;20;-2.0089236254141083;5;1;0;0;2;6;2;4;17;5;15;6;0;6;9;0;8;23;-6.461077950638192;6;2;6;3;20;4.3511258370062045;0;4;12;4;16;6;5;1;4;5;13;3;4;12;4;1;0;3;0;14;15;4;4;25;5;5;5;19
TRACK:24;18;-1;0;6;3;1;5;1;5;5;2;2;7;-1.5070145326501103;16;0;16;15;0;5;5;0;9;20;-2.6800229644907363;3;5;4;14;4;0;0;4;2;0;8;7;6.860534026519142;0;25;19;1;3;4;21;-1.4555245365457463;3;6;24;6;4;1;6;7;3.1031619732864284;5;23;-3.8915258502151207;4;2;4;1;6;4;5;4;4;8;1;2;0;2;4;19;2;15;10;1;5;7;-0.6921362643667813;4;7;0.8134116706486795;6;0;0;20;-8.043724865717023;16;2;22;1.3797348389497885;16;5;0;4;3;13;6;3;23;0.6380106651742511;3;3;3;4;0;3;2;11;23;-3.2255261166115634;2;0;22;3.3584902866536366;20;-0.17030271288686108;2;19;10
TRACK:25;11;-1;5;5;5;0;6;4;0;3;3;1;20;1.1174200384050321;21;-9.881514748023568;1;6;4;8;3;18;0;0;3;5;5;6;22;-6.764257993025013;5;3;3;2;7;-4.404390459509347;11;2;3;5;5;6;16;3;2;4;3;16;5;5;21;6.583906540049939
TRACK:26;1;-1;0;6;3;1;5;1;5;5;2;2;7;-1.5612067861440613;16;0;16;15;0;5;5;0;9;20;-2.495451601688994;3;5;4;14;4;0;2;2;6;2;23;-5.319446390519869;23;-8.975995329274024;6;5;16;4;3;3;13;6;4;1;6;7;3.237658822452693;5;23;-4.029952633735258;4;2;4;1;6;4;5;4;4;8;1;2;0;2;4;19;2;23;-6.154082403685987;10;1;5;7;-0.971133331350595;4;23;-8.413882799473907;6;0;0;20;-8.20714384261854;16;2;22;1.4893804852418142;16;5;0;4;3;13;6;3;23;0.451810881594041;3;3;3;4;0;3;2;11;23;-3.0510401536342737;2;0;22;3.35804058319316;20;-0.07726856248014982;2;19;10
TRACK:27;15;-1;5;5;4;0;21;-7.003009912657079;10
TRACK:28;17;-1;4;1;6;3;3;5;0;4;4;3;15;5;4;6;20;-2.065633244613483;6;0;4;6;5;3;1;1;20;-1.7237935878877313;12;1;11;20;-6.403699960042431;3;3;4;0;3;6;25;1;5;19;0;12;17
TRACK:29;19;-1;3;3;6;0;2;0;3;2;6;5;20;-9.572739036963695;1;0;9;24;4;17;5;1;0;4;20;-7.4212898757033825;3;9;5;6;14;4;6;4;6;4;23;-8.258170281623276;1;3;3;1;1;1;25;10;1;14;8;5;2;13;25;1;0;4;2;0;8;7;6.753322312318137;0;25;19;1;3;4;21;-1.5537420675527107;3;6;24;4;2;0;6;17;4;13;1;4;19;2;16;14
EVAL_INSTANCE:1:0:20
EVAL_INSTANCE:1:1:21
EVAL_INSTANCE:1:2:22
EVAL_INSTANCE:1:3:23
EVAL_INSTANCE:1:4:24
EVAL_INSTANCE:1:5:25
EVAL_INSTANCE:1:6:26
EVAL_INSTANCE:1:7:27
EVAL_INSTANCE:1:8:28
EVAL_INSTANCE:1:9:29
RUN_RESULT:1:0:0:2000:----
RUN_RESULT:1:1:0:2000:----
RUN_RESULT:1:2:0:2000:----
RUN_RESULT:1:3:0:2000:----
RUN_RESULT:1:4:0:2000:----
RUN_RESULT:1:5:0:2000:----
RUN_RESULT:1:6:0:2000:----
RUN_RESULT:1:7:0:2000:----
RUN_RESULT:1:8:0:2000:----
RUN_RESULT:1:9:0:2000:----
     2 |       20 |  0.000000E+00 | -0.000000E+00
TRACK:30;4;3;4;1;6;3;3;5;0;4;4;3;15;5;4;6;20;-2.0636358974695117;6;0;4;6;5;3;1;1;20;-1.8984417138207341;16;1;11;20;-6.453792938009338;3;3;4;0;3;3;14;1;5;19;0;9;17
TRACK:31;4;3;3;3;6;0;2;0;3;2;6;5;20;-9.701764442078257;1;0;9;24;4;17;5;1;0;4;20;-7.4502268446463145;3;11;12;4;6;4;6;4;23;-8.262170189992226;1;3;3;1;1;1;25;10;1;14;8;5;2;13;25;1;0;4;2;0;8;7;6.79444641258058;0;25;19;1;3;4;21;-1.4984147464865476;3;6;24;4;2;0;6;17;4;13;1;4;14;2;16;14
TRACK:32;0;1;4;1;4;6;5;0;0;2;6;2;13;22;-4.603230904268843;5;3;10;2;4;6;23;6.343985849147831;3;6;20;-6.095482378500828;4;2;2;6;8;3;21;5.103361447273095;2;6;10;5;9;1;1;1;1;6;5;2;5;18;2;11;12;1;6;3;4;9;1;1;3;11;2;12;22;-3.3438064607914697;4;5;18;6;23;-3.095446220809257;4;3;6;1;2;3;25;0;18;10;0;1;11;11;2;7;-2.1657840898606917;19;0;4;1;3;6;1;5;19;4;19;6;1;5;5;11;1;4;17;6;23;-1.5924323230148332;3;1;2;1;6;2;10;11;4;5;9;3;6;1;8;10;0;4;5;5;12;0;2;0;8;21;3.5649811782570495;1;21;-8.29852661153094;20;-0.46752976461751317;1;5;25;1;20;7.682702362997276;9
TRACK:33;0;1;0;6;3;1;5;1;5;5;2;2;7;-1.3953047492077264;16;0;16;15;0;5;5;0;9;20;-2.6753478607069088;3;5;4;14;4;0;2;2;6;2;23;-5.402986715272511;23;-8.979415523344642;6;5;16;4;3;3;13;6;4;1;6;7;3.064892568166309;5;11;4;2;4;1;6;4;5;4;4;8;1;2;0;2;4;19;2;23;-6.406882129477614;10;1;5;7;-0.8955629571012391;4;7;0.7049487513734292;6;0;0;20;-8.149730036999966;16;2;22;1.4576976302495392;16;5;0;4;3;13;6;3;23;0.6408258153832591;3;3;3;4;0;3;2;11;23;-3.095446220809257;2;0;22;3.0982624044065776;20;-0.11076928616092552;2;19;10
TRACK:34;8;9;4;3;5;5;3;15
TRACK:35;8;9;1;4;2;5;1;6;1;3;4;1;9;15;3;3;3;15;6;0;0;0;6;24;3;17;5;5;23;-5.070642976499964;6;6;0;25;24;1;4;3;2;4;1;3;21;1.1513147414425333;1;15;11;2;0;0;21;-3.1996123640033947;25;6;10;6;4;21;0.7686611917713453;2;0;1;5;3;2;23;-1.3494932688328234;25;6;5;1;7;1.1511193950977887;17;2;0;3;0;15;20;-1.9286768630757436;3;1;19;17;1;2;4;16;0;23;8.663426016447893;21;-9.151397488480889;6;3;21;-7.96184902568152;4;1;4;5;1;19;9;2;3;5;15;5;1;15;25;1;3;0;4;3;4;5;5;0;10;15;0;1;4;6;2;1;11;13;6;18;4;4;1;0;9;10;0;17;14;3;3;6;6;3;24;2;6;3;5;3;5;0;1;16;16;4;15;5;1;6;1;5;5;3;10;6;6;5;19;4;1;5;0;4;25;4;23;-9.915517422434215;4;14
TRACK:36;0;2;4;1;4;6;5;0;0;2;6;2;13;22;-4.603230904268843;5;3;10;2;4;6;23;6.343985849147831;3;6;20;-6.095482378500828;4;2;2;6;8;3;21;5.103361447273095;2;6;10;5;9;1;1;1;1;6;5;2;5;18;2;11;12;1;6;3;4;9;1;1;3;11;2;12;22;-3.3438064607914697;4;5;18;6;0;4;6;1;13;12;6;3;1;20;3.780097448197882;22;3.0440703342546716;4;3;6;1;2;3;25;0;18;10;0;1;11;11;2;7;-2.1657840898606917;19;0;4;1;3;6;1;5;19;4;19;6;1;5;5;11;1;4;17;6;23;-1.5924323230148332;3;1;2;1;6;2;10;11;4;23;1.192169254850242;3;6;1;8;10;0;4;5;5;12;0;2;0;8;21;3.5649811782570495;1;21;-8.29852661153094;20;-0.46752976461751317;1;5;25;1;20;7.682702362997276;9
TRACK:37;0;2;3;4;0;2;3;3;1;5;1;1;10;25;6;9;1;2;4;20;7.682702362997276;2;12;7;-4.398710777840968;4;5;14;2;2;3;0;4;4;10;0;0;12;10;0;21;-7.133759821978964;17;3;3;3;3;18;0;2;1;2;3;19;4;7;9.835895344278278;0;4;13;2;19;13;5;5;2;12;21;-0.4436517457628302;1;2;2;0;15;11;6;14;5;0;10;23;1.192169254850242;4;1;4;13;0;12;21;-2.8641750531555505;3;0;4;5;0;3;3;12;6;4;15;0;0;0;2;2;18;8;5;17;3;1;20;-0.2294028281324998;7;-4.245696521492417;0;4;1;21;7.879313521243596;14;4;5;21;-9.966007950084038;4;2;6;5;11;2;0;25;14;5;11
TRACK:38;8;1;4;3;5;5;3;3;4;5;5;2;9;14
TRACK:39;8;1;0;6;3;1;5;1;5;5;2;2;7;-1.3953047492077264;16;0;16;15;0;5;5;0;9;20;-2.6753478607069088;3;5;4;14;4;0;2;2;6;2;23;-5.402986715272511;23;-8.979415523344642;6;5;16;4;3;3;13;6;4;1;6;7;3.064892568166309;5;23;-3.938027136348916;4;2;4;1;6;4;5;4;4;8;1;2;0;2;4;19;2;23;-6.406882129477614;10;1;5;7;-0.8955629571012391;4;7;0.7049487513734292;6;0;0;20;-8.149730036999966;16;2;22;1.4576976302495392;16;5;0;4;3;13;6;3;23;0.6408258153832591;3;3;3;4;0;3;2;11;23;-3.095446220809257;2;0;22;3.0982624044065776;20;-0.11076928616092552;2;19;13
TRACK:40;30;-1;4;1;6;3;3;5;0;4;4;2;14;13;5;4;6;20;-2.095536359505634;6;0;4;6;5;3;1;1;20;-1.957511629968082;16;1;11;20;-6.472475434576064;3;3;4;0;3;3;14;1;5;19;0;9;17
TRACK:41;32;-1;4;1;4;6;5;0;0;2;6;2;13;22;-4.567752016633177;5;3;10;2;4;6;23;6.470943246131977;3;6;20;-6.089924654404002;4;2;2;6;8;3;21;4.98082206019415;2;6;10;5;9;1;1;1;1;6;5;2;5;18;2;11;12;2;9;12;6;23;-3.035618297458028;4;3;6;1;2;3;25;0;18;10;0;1;11;11;2;7;-2.18395490823895;19;0;4;1;3;6;1;5;19;4;19;6;1;5;5;11;1;4;17;6;23;-1.6272800091364163;3;1;2;1;6;2;10;11;4;5;9;3;6;1;8;10;0;4;5;5;12;0;2;0;8;21;3.504243859922789;1;21;-8.248495712882754;20;-0.44678525753277903;1;5;25;1;20;7.798923236641512;9
TRACK:42;34;-1;4;2;3;1;3;5;22;1.3297254699474887;0;6;11;6;23;-2.1859477066372417;0;0;0;0;10;7;3.5937052298501158;1;12;19;4;6;16;0;0;4;18;5;9;1;5;14;0;17;19
TRACK:43;36;-1;4;1;4;6;5;0;0;2;6;2;13;22;-4.629741057210491;5;3;10;2;4;6;23;6.205781670869264;3;6;20;-6.066138530081703;4;2;2;6;8;3;21;5.138563385688211;2;6;10;5;9;1;1;1;1;6;5;2;5;18;2;11;12;1;6;3;4;9;1;1;3;11;2;12;22;-3.3266413368561043;4;5;18;6;0;4;6;1;13;12;6;3;1;20;3.8797978958695483;22;3.1515981412443885;4;3;6;1;2;3;25;0;18;10;0;1;11;11;2;7;-2.24875318925393;19;0;4;1;3;2;4;3;16;0;0;12;22;-7.483286886159504;4;15;6;1;5;5;11;1;4;17;6;23;-1.643606972909203;3;1;2;1;6;2;10;11;4;23;1.0905050968679433;3;6;1;8;10;0;4;5;5;12;0;2;0;8;21;3.5128059917540226;1;21;-8.32727774334482;20;-0.3878426326515788;1;5;25;1;20;7.656463374200623;9
TRACK:44;38;-1;4;3;4;3;2;5;5;4;2;5;14;3;15;0;1;0;4;1;20;-1.841005287884098;20;0.8658437446422003;6;6;7;-3.19663286788926;6;1;1;23;9.371278853566395;10;4;20;-5.030417892555807;6;4;0;3;22;6.436851248297785;6;15
TRACK:45;31;-1;3;3;6;0;2;0;3;2;5;14;1;0;9;24;4;17;5;1;0;4;20;-7.4015031610992805;3;11;12;4;6;4;6;4;23;-8.158182273879346;1;3;3;1;1;1;25;10;1;14;8;5;2;13;25;1;0;4;2;0;8;7;6.812476664997332;0;25;19;1;3;4;21;-1.5436794826213616;3;6;24;4;2;0;6;17;4;13;1;4;14;2;16;14
TRACK:46;33;-1;2;1;3;1;0;3;14;3;9;4;4;20;-7.707595077969705;5;2;3;0;13;7;3.556336936596674;0;1;23;-7.257133576656347;19;2;13;16;0;0;3;6;6;15;3;3;5;18;3;4;3;6;15
TRACK:47;35;-1;1;4;2;5;1;6;1;3;4;1;9;15;3;3;3;15;6;0;0;0;6;24;3;17;5;5;23;-5.019797501857137;6;6;3;25;1;4;3;2;4;1;3;21;1.1425506878432847;1;15;11;2;0;0;21;-3.180288510204157;25;6;10;6;4;21;0.6295831213321645;2;0;1;5;3;2;23;-1.2939833801353473;25;6;5;1;7;1.2519624155945708;17;2;0;3;0;15;20;-1.8447094460623463;3;1;19;17;1;2;4;16;0;23;8.713696549390123;21;-9.173839234050858;6;3;21;-7.757437634464781;4;1;4;5;1;19;9;2;3;5;15;5;1;15;25;1;3;0;4;3;4;5;5;0;10;15;0;1;4;6;2;1;11;13;6;18;4;4;1;0;9;10;0;17;14;3;3;6;6;3;24;2;6;3;5;3;5;0;1;16;16;4;15;5;1;6;1;5;5;3;10;6;6;5;19;4;1;5;0;4;25;4;23;-9.949328569184061;4;14
TRACK:48;37;-1;3;4;0;2;3;3;1;5;1;1;10;25;6;18;1;2;4;20;7.622004469367508;2;12;7;-4.439623710021363;4;5;14;2;2;3;0;4;4;10;0;0;12;10;0;21;-7.269709490947565;17;3;3;3;3;18;0;2;1;2;3;19;4;7;9.75467147338356;0;4;13;2;19;13;5;5;2;12;21;-0.3123927013298706;1;2;2;0;15;11;6;14;5;0;10;23;1.2729083655831612;4;1;4;13;0;12;21;-2.8078827628745686;3;0;4;5;0;3;3;12;6;4;15;0;0;0;2;2;18;8;5;17;3;1;20;-0.19515153214701536;7;-4.130518759137032;0;4;1;21;7.853467562084709;14;4;5;21;-9.926804036044553;4;2;6;5;11;2;0;25;14;5;11
TRACK:49;39;-1;0;6;3;1;5;1;5;5;2;2;7;-1.5974930004756407;16;0;16;15;0;5;5;0;9;20;-2.6400997806402233;3;5;4;14;4;0;2;2;3;15;6;5;16;4;3;3;13;6;4;1;6;7;3.1346445462132997;5;23;-3.9807918090918943;4;2;4;1;6;4;5;4;4;8;1;2;0;2;4;19;2;23;-6.337004367946926;10;1;5;7;-0.8909585763515627;4;7;0.6275612464231672;6;0;0;20;-8.383518832737547;16;2;22;1.5008245533673723;16;5;0;4;3;13;6;3;23;0.451626150269233;3;3;3;4;0;3;2;11;23;-3.012322630865761;2;0;22;3.0649911077237375;20;-0.09089220338290063;2;19;13
EVAL_INSTANCE:2:0:40
EVAL_INSTANCE:2:1:41
EVAL_INSTANCE:2:2:42
EVAL_INSTANCE:2:3:43
EVAL_INSTANCE:2:4:44
EVAL_INSTANCE:2:5:45
EVAL_INSTANCE:2:6:46
EVAL_INSTANCE:2:7:47
EVAL_INSTANCE:2:8:48
EVAL_INSTANCE:2:9:49
RUN_RESULT:2:0:0:2000:----
RUN_RESULT:2:1:0:2000:----
RUN_RESULT:2:2:0:2000:----
RUN_RESULT:2:3:0:2000:----
RUN_RESULT:2:4:0:2000:----
RUN_RESULT:2:5:0:2000:----
RUN_RESULT:2:6:0:2000:----
RUN_RESULT:2:7:0:2000:----
RUN_RESULT:2:8:0:2000:----
RUN_RESULT:2:9:0:2000:----
     3 |       30 |  0.000000E+00 | -0.000000E+00
TRACK:50;5;3;5;4;6;0;4;2;1;2;3;0;7;1.1352015811540745;17;3;2;25;9;2;6;0;21;-6.306980080885323;11;2;3;20;2.8731534184708174;0;15;8;3;0;5;0;10;18;3;4;24;0;1;5;2;0;0;23;-2.736537522069879;24;2;25;17;6;2;24;15;5;3;2;13;6;8;0;6;4;2;1;16;18;2;18;20;2.4143813332607316;3;2;2;1;15;16;3;22;-8.400983248688448;5;4;14
TRACK:51;5;3;3;3;6;8
TRACK:52;9;4;1;4;2;5;1;6;1;3;4;1;9;15;3;3;3;15;6;0;0;0;6;24;3;17;5;5;23;-5.070642976499964;6;6;0;25;24;1;4;3;2;4;1;3;21;1.1513147414425333;1;15;11;2;0;0;21;-3.1996123640033947;20;-6.453792938009338;6;10;6;4;21;0.7686611917713453;2;0;1;5;3;2;23;-1.3494932688328234;25;6;5;1;7;1.1511193950977887;17;2;0;3;0;15;20;-1.9286768630757436;3;1;19;17;1;2;4;16;0;23;8.663426016447893;21;-9.151397488480889;6;3;21;-7.96184902568152;4;1;4;5;1;19;9;2;3;5;15;5;1;15;25;1;3;0;4;3;4;5;5;0;10;15;0;1;4;6;2;1;11;13;6;18;4;4;1;0;9;10;0;17;14;3;3;6;6;3;24;2;6;3;5;3;5;0;1;16;16;4;15;5;1;6;1;5;5;3;10;6;6;5;19;4;1;5;0;4;25;4;23;-9.915517422434215;4;3;4;8
TRACK:53;9;4;4;1;6;3;3;5;0;4;4;3;15;5;4;6;20;-2.0636358974695117;6;0;4;6;5;3;1;1;20;-1.8984417138207341;12;1;11;20;-6.453792938009338;3;3;4;10
TRACK:54;8;1;4;3;5;5;3;3;3;13
TRACK:55;8;1;0;6;3;1;5;1;5;5;2;2;7;-1.3953047492077264;16;0;16;15;0;5;5;0;9;20;-2.6753478607069088;3;5;4;14;4;0;2;2;6;2;23;-5.402986715272511;23;-8.979415523344642;6;5;16;4;3;3;13;6;4;1;6;7;3.064892568166309;5;23;-3.938027136348916;4;2;4;1;6;4;5;4;4;8;1;2;0;2;4;19;2;23;-6.406882129477614;10;1;5;7;-0.8955629571012391;4;7;0.7049487513734292;6;0;0;20;-8.149730036999966;16;2;22;1.4576976302495392;16;5;0;4;3;13;6;3;23;0.6408258153832591;3;3;3;4;5;5;2;13;14
TRACK:56;9;0;1;4;3;6;20;-6.095482378500828;1;3;0;4;3;4;5;5;0;10;15;0;1;4;6;2;1;11;13;6;18;4;4;1;0;9;10;0;17;14;3;3;6;6;3;24;2;6;3;5;3;5;0;1;16;16;4;15;5;1;6;1;5;5;3;10;6;6;5;19;4;1;5;0;4;25;4;23;-9.915517422434215;4;3;4;8
TRACK:57;9;0;4;1;4;6;5;0;0;2;6;1;11;13;5;3;10;2;4;6;23;6.343985849147831;3;6;20;-6.095482378500828;4;2;2;6;8;3;21;5.103361447273095;2;6;10;5;9;1;1;1;1;6;5;2;5;18;2;11;12;1;6;3;4;9;1;1;3;11;2;12;22;-3.3438064607914697;4;5;18;6;0;4;6;1;13;12;6;3;1;20;3.780097448197882;22;3.0440703342546716;4;3;6;1;2;3;25;0;18;10;0;1;11;11;2;7;-2.1657840898606917;19;0;4;1;3;6;1;5;19;4;19;6;1;5;5;11;1;4;17;6;23;-1.5924323230148332;3;1;2;1;6;2;10;11;4;5;9;3;6;1;8;10;0;4;5;5;12;0;2;0;8;21;3.5649811782570495;1;21;-8.29852661153094;20;-0.46752976461751317;1;5;25;1;20;7.682702362997276;9
TRACK:58;8;5;4;3;5;5;3;3;4;2;1;16;18;2;18;20;2.4143813332607316
TRACK:59;8;5;5;4;6;0;4;2;1;2;3;13;3;2;25;9;2;6;0;21;-6.306980080885323;11;2;3;20;2.8731534184708174;0;15;8;3;0;5;0;10;18;3;4;24;0;1;5;2;0;0;23;-2.736537522069879;24;2;25;17;6;2;24;15;5;3;2;1;11;9;6;8;0;6;4;2;1;16;18;2;18;20;2.4143813332607316;3;2;2;1;15;16;3;22;-8.400983248688448;5;4;14
TRACK:60;50;-1;5;4;6;0;4;2;1;2;3;0;7;1.2506052835175099;17;3;2;25;9;2;6;0;21;-6.386435819719051;11;2;3;20;2.937885367813447;0;15;8;3;0;5;0;20;-8.844901629438182;18;3;4;24;0;1;5;2;0;0;23;-2.5704691857879234;24;2;25;17;6;2;24;15;5;3;2;13;6;8;0;6;4;2;1;16;18;2;18;20;2.4355611819861513;3;2;2;1;15;16;3;22;-8.420181861821167;5;4;14
TRACK:61;52;-1;1;4;2;5;1;6;1;3;4;1;9;15;3;3;3;15;6;0;0;0;6;24;3;17;5;5;23;-5.05114502368568;6;6;0;25;24;1;4;3;2;4;1;3;21;1.2058141889777423;1;15;11;2;0;0;21;-3.16291767415997;20;-6.435460525974172;6;10;6;4;21;0.6644752052642162;2;0;1;5;3;2;23;-1.5589351382375862;25;6;5;1;7;1.2134899193911837;17;2;0;3;0;15;20;-2.0511163637832737;3;1;19;17;1;2;4;16;0;23;8.619014487050933;21;-9.185236664453324;6;3;21;-7.954727599186418;4;1;4;5;1;19;9;2;3;5;15;5;1;15;25;1;3;0;4;3;4;5;5;0;10;15;0;1;4;6;2;1;11;13;6;18;4;4;1;0;9;10;0;17;14;3;3;6;6;3;24;2;6;3;5;3;5;0;1;16;16;4;15;5;1;6;1;5;5;3;10;6;6;5;19;4;3;11
TRACK:62;54;-1;4;3;5;3;4;3;3;3;5;23;3.4989455609842537
TRACK:63;56;-1;1;4;6;1;2;2;1;4;6;11;0;6;15;4;20;-8.539428891502055;1;3;4;24;0;1;11;7;-8.219536713227576;6;10;3;2;0;4;23;-8.61758373624145;3;15;6;3;7;-2.8092560829722535;5;2;0;4;1;20;-0.4479032474458542;12;6;1;7;-5.295470614432027;15;1;6;1;13;16;3;5;20;-0.2418066843529214;1;3;0;4;3;4;5;5;0;10;15;0;1;4;6;2;1;11;13;6;18;4;4;1;0;9;10;0;17;14;3;3;6;6;3;24;2;6;3;5;3;5;0;1;16;16;4;15;5;1;6;1;5;5;3;10;6;6;5;19;4;1;5;0;4;25;4;23;-9.78788351665191;4;3;4;8
TRACK:64;58;-1;4;3;5;5;3;3;0;3;22;-3.7042744525026583;4;10
TRACK:65;51;-1;3;1;5;20;7.569775045347747;6;16
TRACK:66;53;-1;4;1;6;3;3;5;0;4;3;5;23;-3.422753986193376;5;4;6;20;-2.0045201433616424;6;0;4;6;5;3;1;1;20;-1.857319741744375;12;1;11;20;-6.45421910560626;3;3;4;10
TRACK:67;55;-1;0;6;3;1;5;1;5;5;2;2;7;-1.539324595238666;16;0;16;15;0;5;5;0;9;20;-2.6294481572057684;3;5;4;14;4;0;2;2;6;2;23;-5.493728553427566;23;-8.989059089522774;6;5;16;4;3;3;13;6;4;1;6;7;3.1843866267549594;5;23;-3.89637189717529;4;2;4;1;6;4;5;4;4;8;1;2;3;8;6;0;0;20;-8.226124935921751;16;2;22;1.5908351541123542;16;5;0;4;3;13;6;3;23;0.5391095138646704;3;3;3;4;5;5;2;13;14
TRACK:68;57;-1;4;1;4;6;5;0;0;2;6;1;11;13;5;3;10;2;4;3;10;3;6;20;-6.171028882908384;4;2;2;6;8;3;21;5.185777048612186;2;6;10;5;9;1;1;1;1;6;5;2;5;18;2;11;12;1;6;3;4;9;1;1;3;11;2;12;22;-3.2993945903647814;4;5;18;6;0;4;6;1;13;12;6;3;1;20;3.9232899475835024;22;3.2049586703474;4;3;6;1;2;3;25;0;18;10;0;1;11;11;2;7;-2.2448957372726057;19;0;4;1;3;6;1;5;19;4;19;6;1;5;5;11;1;4;17;6;23;-1.7144327944158089;3;1;2;1;6;2;10;11;4;5;9;3;6;1;8;10;0;4;5;5;12;0;2;0;8;21;3.583271157695324;1;21;-8.266270434724726;20;-0.4507338729495128;1;5;25;1;20;7.623483177649942;9
TRACK:69;59;-1;5;4;6;0;4;2;1;2;3;13;3;2;25;9;2;6;0;21;-6.132365694404085;11;2;3;20;2.89015616369409;0;15;8;3;0;5;0;10;18;3;4;24;0;1;5;2;6;25;6;2;24;15;5;3;2;1;11;9;6;8;0;6;4;2;1;16;18;2;18;20;2.3264274011942008;3;2;2;1;15;16;3;22;-8.338805542867238;5;4;14
EVAL_INSTANCE:3:0:60
EVAL_INSTANCE:3:1:61
EVAL_INSTANCE:3:2:62
EVAL_INSTANCE:3:3:63
EVAL_INSTANCE:3:4:64
EVAL_INSTANCE:3:5:65
EVAL_INSTANCE:3:6:66
EVAL_INSTANCE:3:7:67
EVAL_INSTANCE:3:8:68
EVAL_INSTANCE:3:9:69
RUN_RESULT:3:0:0:2000:----
RUN_RESULT:3:1:0:2000:----
RUN_RESULT:3:2:0:2000:----
RUN_RESULT:3:3:0:2000:----
RUN_RESULT:3:4:0:2000:----
RUN_RESULT:3:5:0:2000:----
RUN_RESULT:3:6:0:2000:----
RUN_RESULT:3:7:0:2000:----
RUN_RESULT:3:8:0:2000:----
RUN_RESULT:3:9:0:2000:----
     4 |       40 |  0.000000E+00 | -0.000000E+00
TRACK:70;5;9;5;4;6;0;4;2;1;2;3;0;7;1.1352015811540745;17;3;2;25;9;2;6;0;21;-6.306980080885323;11;2;3;20;2.8731534184708174;0;15;8;3;0;5;0;10;18;3;4;24;0;1;5;2;0;1;11;13;2;25;17;6;2;24;15;5;3;2;1;11;9;6;8;0;6;4;2;1;16;18;2;18;20;2.4143813332607316;3;2;2;1;15;16;3;22;-8.400983248688448;5;4;14
TRACK:71;5;9;1;4;2;5;1;6;1;3;4;1;9;15;3;3;3;15;6;0;0;0;6;24;3;17;5;5;23;-5.070642976499964;6;6;0;25;24;1;4;3;2;4;1;3;21;1.1513147414425333;1;15;11;2;0;0;21;-3.1996123640033947;25;6;10;6;4;21;0.7686611917713453;2;0;1;5;3;2;23;-1.3494932688328234;25;6;5;1;7;1.1511193950977887;17;2;0;3;0;15;20;-1.9286768630757436;3;1;19;17;1;2;4;16;0;23;8.663426016447893;21;-9.151397488480889;6;3;21;-7.96184902568152;4;1;4;5;2;18;20;2.4143813332607316;2;3;5;15;5;1;15;25;1;3;0;4;3;4;5;5;0;10;15;0;1;4;6;2;1;11;13;6;18;4;4;1;0;9;10;0;17;14;3;3;6;6;3;24;2;6;3;5;3;5;0;1;16;16;4;15;5;1;6;1;5;5;3;10;6;6;5;19;4;1;5;0;4;25;4;23;-9.915517422434215;4;3;4;8
TRACK:72;7;3;4;1;5;3;6;4;1;4;5;5;8;4;6;1;23;7.671803656522261;15;5;1;0;0;2;6;2;4;17;5;15;6;0;6;9;0;8;23;-6.552680552158286;6;2;6;3;20;4.528669866956754;0;4;12;4;16;6;5;1;4;5;13;3;4;12;4;1;3;1;5;6;23;-2.4236166361332323;0;2;25;24;3;8;1;5;4;3;20;-6.0424245692499685;0;25;19
TRACK:73;7;3;3;3;6;0;2;0;3;2;6;5;20;-9.701764442078257;1;0;9;24;4;17;5;1;0;4;20;-7.4502268446463145;3;11;5;6;14;4;6;4;15;1;3;3;1;1;1;25;10;1;14;8;5;2;13;25;1;0;4;2;0;8;7;6.79444641258058;0;25;19;1;3;4;21;-1.4984147464865476;3;6;24;4;2;0;6;17;4;13;1;4;14;2;16;14
TRACK:74;8;1;4;3;5;5;3;3;4;5;5;2;22;1.4576976302495392;14
TRACK:75;8;1;0;6;3;1;5;1;5;5;2;2;7;-1.3953047492077264;16;0;16;15;0;5;5;0;9;20;-2.6753478607069088;3;5;4;14;4;0;2;2;6;2;23;-5.402986715272511;23;-8.979415523344642;6;5;16;4;3;3;13;6;4;1;6;7;3.064892568166309;5;23;-3.938027136348916;4;2;4;1;6;4;5;4;4;8;1;2;0;2;4;19;2;23;-6.406882129477614;10;1;5;7;-0.8955629571012391;4;7;0.7049487513734292;6;0;0;20;-8.149730036999966;16;2;22;1.4576976302495392;16;5;0;4;3;13;6;3;23;0.6408258153832591;3;3;3;4;0;3;2;11;23;-3.095446220809257;2;0;22;3.0982624044065776;20;-0.11076928616092552;2;19;14
TRACK:76;2;7;3;4;0;2;3;3;1;22;-5.199444144059939;1;2;4;7;-4.369929423587575;2;12;7;-4.398710777840968;4;5;14;2;2;3;0;4;4;10;0;0;12;10;0;21;-7.133759821978964;17;3;3;3;3;18;0;2;1;2;3;19;4;7;9.835895344278278;0;4;13;2;19;13;5;5;2;12;21;-0.4436517457628302;1;2;2;0;15;11;6;14;5;0;10;23;1.192169254850242;4;1;4;13;0;12;21;-2.8641750531555505;3;0;4;5;0;3;3;12;6;4;15;0;0;0;2;2;18;8;5;17;3;1;20;-0.2294028281324998;7;-4.245696521492417;0;4;1;21;7.879313521243596;14;4;5;21;-9.966007950084038;4;2;6;5;11;2;0;25;14;5;11
TRACK:77;2;7;4;1;5;3;6;4;1;4;5;5;8;4;6;1;23;7.671803656522261;15;5;1;0;0;2;6;2;4;17;5;15;6;0;6;9;0;8;23;-6.552680552158286;6;2;6;3;20;4.528669866956754;0;4;12;4;16;6;5;1;14;3;4;12;4;1;3;1;5;6;23;-2.4236166361332323;0;2;25;24;3;8;1;5;4;3;20;-6.0424245692499685;6;1;3;22;-5.199444144059939;3;24
TRACK:78;3;9;3;3;6;0;2;0;3;2;6;5;20;-9.701764442078257;1;0;9;24;4;17;5;1;0;4;20;-7.4502268446463145;3;11;5;6;14;4;6;4;6;4;23;-8.262170189992226;1;3;3;1;1;1;25;10;1;15;8;5;2;13;25;1;0;4;2;0;8;7;6.79444641258058;0;25;19;1;3;4;21;-1.4984147464865476;3;6;24;4;2;0;6;17;4;13;1;4;14;2;16;14
TRACK:79;3;9;1;4;2;5;1;6;1;3;4;1;9;15;3;3;3;15;6;0;0;0;6;24;3;17;5;5;23;-5.070642976499964;6;6;0;25;24;1;4;3;2;4;1;3;21;1.1513147414425333;1;15;11;2;0;0;21;-3.1996123640033947;25;6;10;6;4;21;0.7686611917713453;2;0;1;5;3;2;23;-1.3494932688328234;25;6;5;1;7;1.1511193950977887;17;2;0;3;0;15;20;-1.9286768630757436;3;1;19;17;1;2;4;16;0;23;8.663426016447893;21;-9.151397488480889;6;3;21;-7.96184902568152;4;1;4;5;1;19;9;2;3;5;15;5;1;15;25;1;3;0;4;3;4;5;5;0;10;15;0;1;4;6;2;1;11;13;6;18;4;4;1;0;9;10;0;17;14;3;3;6;6;3;24;2;6;3;5;3;5;0;1;16;16;23;-8.262170189992226;5;1;6;1;5;5;3;10;6;6;5;19;4;1;5;0;4;25;4;23;-9.915517422434215;4;3;4;8
TRACK:80;70;-1;5;4;6;0;4;2;1;2;3;0;7;1.1853972401736435;17;3;2;25;9;2;6;0;21;-6.318621158953819;11;2;3;20;2.862470529827585;0;15;8;3;0;5;0;10;18;3;4;24;0;1;5;2;0;1;11;13;2;25;17;6;2;24;15;5;3;2;1;11;9;6;8;0;6;4;2;1;16;18;2;18;20;2.3532040369816722;3;2;2;1;15;16;3;10;5;4;14
TRACK:81;72;-1;4;1;5;3;6;4;1;4;5;5;8;4;6;1;23;7.9408275373928285;15;5;1;0;0;2;6;2;4;17;5;15;6;0;6;9;0;8;23;-6.514505222993783;6;2;6;3;19;0;4;12;4;16;6;5;1;4;5;13;3;4;12;4;1;3;1;5;6;23;-2.6308306306499674;0;2;25;24;3;8;1;5;4;3;20;-6.088663578681856;0;25;19
TRACK:82;74;-1;5;2;3;3;20;5.556673965389503;1;1;16;20;4.748196276767784;5;8
TRACK:83;76;-1;3;4;0;2;3;3;1;22;-5.158309359329911;1;2;4;7;-4.382211470684509;2;12;7;-4.643382105104559;4;5;14;2;2;3;0;4;4;10;0;0;12;10;0;21;-6.993162647329265;17;3;3;3;3;18;0;2;1;2;3;19;4;7;9.894167439862578;0;4;13;2;19;13;1;2;2;8;10;2;11;7;-3.839021216891016;6;4;9;1;2;2;0;15;11;6;14;5;0;10;23;1.0698205614025202;4;1;4;13;0;12;21;-2.716506064580643;3;0;4;5;0;3;3;12;6;4;15;0;0;0;2;2;18;8;5;17;3;1;20;-0.2290518447011841;7;-4.238195844283642;0;4;1;21;7.938620616776628;14;4;5;21;-10.0;4;2;6;5;11;2;0;25;14;5;11
TRACK:84;78;-1;3;3;3;24
TRACK:85;71;-1;1;4;2;5;1;6;1;3;4;1;9;15;3;3;3;15;6;0;0;0;6;24;3;17;5;5;23;-5.035226938010639;6;6;0;25;24;1;4;3;2;4;1;3;21;1.2213846708986433;1;15;11;2;0;0;21;-3.3412322736891484;25;6;10;6;4;21;0.8177252199450088;2;0;1;5;3;2;23;-1.2573344996132823;25;6;5;1;7;1.1347341958724688;17;2;0;3;0;15;20;-2.0045928376223987;3;1;19;17;1;2;4;16;0;23;8.634000303997718;21;-9.198395513707556;6;3;21;-7.91453285001066;6;6;4;4;4;11;1;3;0;4;3;4;5;5;0;10;15;0;1;4;6;2;1;11;13;6;18;4;4;1;0;9;10;0;17;14;3;3;6;6;3;24;2;6;3;5;3;5;0;1;16;16;4;15;5;1;6;1;5;5;3;10;6;6;5;19;4;1;5;0;4;25;4;23;-9.71058718824424;4;3;4;8
TRACK:86;73;-1;3;3;6;0;2;0;3;2;6;5;20;-9.681836420619254;1;0;9;24;4;17;5;1;0;4;20;-7.381301461464069;3;11;5;6;14;4;6;4;15;1;3;3;1;1;1;25;10;1;14;8;5;2;13;25;1;0;4;2;0;8;7;6.683231351284547;0;25;19;1;3;4;21;-1.3544312040513407;3;6;24;4;5;2;0;25;23;9.131229984571988;4;14
TRACK:87;75;-1;0;6;3;1;5;1;5;5;2;2;7;-1.4893532061784038;16;0;16;15;0;5;5;0;9;20;-2.7683610326647505;3;5;4;14;4;0;2;2;6;2;23;-5.519718554933319;23;-9.054968621795847;6;5;16;4;3;3;13;6;4;1;6;7;3.0988735586878433;5;23;-3.927977640035595;4;2;4;1;6;4;5;4;4;8;1;2;0;2;4;19;2;23;-6.4797246045632555;10;1;5;7;-0.8611948747955117;4;7;0.48692900221545565;6;0;4;9;2;22;1.4386290683133935;16;5;0;4;3;13;6;3;23;0.6786975378791915;3;3;3;4;0;3;2;11;23;-3.2607220496073177;2;0;22;3.0133260905662613;20;0.0700378225371524;2;19;14
TRACK:88;77;-1;4;1;5;3;6;4;1;4;5;5;8;4;6;1;23;7.660459785388159;15;5;1;0;0;1;2;12;16;4;8;6;2;6;3;20;4.480992230510908;0;4;12;4;16;6;5;1;14;3;4;12;4;1;3;1;5;6;23;-2.4613861221951865;0;2;25;24;3;8;1;5;4;3;20;-6.003825149973892;6;1;3;22;-5.132284059881577;3;24
TRACK:89;79;-1;1;4;2;5;1;6;1;3;4;1;9;15;3;3;3;15;6;0;0;0;6;24;3;17;5;5;23;-4.951533634028806;6;6;0;25;24;1;4;3;2;4;1;3;21;1.075627504400305;1;15;11;2;0;0;21;-3.17195165760824;25;6;10;6;4;21;0.6777275596738509;2;0;1;5;3;2;23;-1.4963331449644248;25;6;5;1;7;1.0688736713968634;17;2;0;3;0;15;20;-1.9732364540545757;3;1;19;17;1;2;4;16;0;23;8.71203417412027;21;-9.057145104381997;4;21;6.84936312157874;4;1;4;5;1;19;9;2;3;5;15;5;1;15;25;1;3;0;4;3;4;5;5;0;10;15;0;1;4;6;2;1;11;13;6;18;4;4;1;0;9;10;0;17;14;3;3;6;6;3;24;2;6;3;5;3;5;0;1;16;16;23;-8.205578063821141;5;1;6;1;5;5;3;10;6;6;5;19;4;1;5;0;4;25;4;23;-9.969044433295787;4;3;4;8
EVAL_INSTANCE:4:0:80
EVAL_INSTANCE:4:1:81
EVAL_INSTANCE:4:2:82
EVAL_INSTANCE:4:3:83
EVAL_INSTANCE:4:4:84
EVAL_INSTANCE:4:5:85
EVAL_INSTANCE:4:6:86
EVAL_INSTANCE:4:7:87
EVAL_INSTANCE:4:8:88
EVAL_INSTANCE:4:9:89
RUN_RESULT:4:0:0:2000:----
RUN_RESULT:4:1:0:2000:----
RUN_RESULT:4:2:0:2000:----
RUN_RESULT:4:3:0:2000:----
RUN_RESULT:4:4:0:2000:----
RUN_RESULT:4:5:0:2000:----
RUN_RESULT:4:6:0:2000:----
RUN_RESULT:4:7:0:2000:----
RUN_RESULT:4:8:0:2000:----
RUN_RESULT:4:9:0:2000:----
     5 |       50 |  0.000000E+00 | -0.000000E+00
TRACK:90;9;4;1;4;2;5;1;6;1;3;4;1;9;15;3;3;3;11;6;0;0;0;6;24;3;17;5;5;23;-5.070642976499964;6;6;0;25;24;1;4;3;2;4;1;3;21;1.1513147414425333;1;15;11;2;0;0;21;-3.1996123640033947;25;6;10;6;4;21;0.7686611917713453;2;0;1;5;3;2;23;-1.3494932688328234;25;6;5;1;7;1.1511193950977887;17;2;0;3;0;15;20;-1.9286768630757436;3;1;19;17;1;2;4;16;0;23;8.663426016447893;21;-9.151397488480889;6;3;21;-7.96184902568152;4;1;4;5;1;19;9;2;3;5;15;5;1;15;25;1;3;0;4;3;4;5;5;0;10;15;0;1;4;6;2;1;11;13;6;18;4;4;1;0;9;10;0;17;14;3;3;6;6;3;24;2;6;3;5;3;5;0;1;16;16;4;15;5;1;6;1;5;5;3;10;6;6;5;19;4;1;5;0;4;25;4;23;-9.915517422434215;4;3;4;8
TRACK:91;9;4;4;1;6;3;3;5;0;5;0;4;25;4;23;-9.915517422434215;5;4;6;20;-2.0636358974695117;6;0;4;6;5;3;1;1;20;-1.8984417138207341;12;1;11;20;-6.453792938009338;3;3;4;0;3;3;14;1;5;19;0;9;17
TRACK:92;0;3;4;1;4;6;5;0;0;2;6;2;13;22;-4.603230904268843;5;3;10;2;4;6;23;6.343985849147831;3;6;20;-6.095482378500828;4;2;2;6;8;3;21;5.103361447273095;2;6;10;5;9;1;1;1;1;6;5;2;5;18;2;11;12;1;6;3;4;9;1;1;3;11;2;12;22;-3.3438064607914697;4;5;18;6;0;4;6;24;6;3;1;20;3.780097448197882;22;3.0440703342546716;4;3;6;1;2;3;25;0;18;10;0;1;11;11;2;7;-2.1657840898606917;19;0;4;1;3;6;1;5;19;4;19;6;1;5;5;11;1;4;17;6;23;-1.5924323230148332;3;1;2;1;6;2;10;11;4;5;9;3;6;1;8;10;0;4;5;5;12;0;2;0;8;21;3.5649811782570495;1;21;-8.29852661153094;20;-0.46752976461751317;1;5;25;1;20;7.682702362997276;9
TRACK:93;0;3;3;3;6;0;2;0;3;2;6;5;20;-9.701764442078257;1;0;9;24;4;17;5;1;0;4;20;-7.4502268446463145;3;11;5;6;14;4;6;4;6;4;23;-8.262170189992226;1;3;3;1;1;1;25;10;1;14;8;5;2;13;25;1;0;4;2;0;8;7;6.79444641258058;0;25;19;1;3;4;21;-1.4984147464865476;3;6;24;4;2;0;6;17;4;13;1;4;14;2;12;14
TRACK:94;7;2;4;1;5;3;6;4;1;4;5;5;8;4;6;1;23;7.671803656522261;15;5;1;1;10;25;6;9
TRACK:95;7;2;3;4;0;2;3;5;4;3;20;-6.0424245692499685;2;2;3;0;4;4;10;0;0;12;10;0;21;-7.133759821978964;17;3;3;3;3;18;0;2;1;2;3;19;4;7;9.835895344278278;0;4;13;2;19;13;5;5;2;12;21;-0.4436517457628302;1;2;2;0;15;11;6;14;5;0;10;23;1.192169254850242;4;1;4;13;0;12;21;-2.8641750531555505;3;0;4;5;0;3;3;12;6;4;15;0;0;0;2;2;18;8;5;17;3;1;20;-0.2294028281324998;7;-4.245696521492417;0;4;1;21;7.879313521243596;14;4;5;21;-9.966007950084038;4;2;6;5;11;2;0;25;14;5;11
TRACK:96;4;0;4;1;6;3;3;5;0;4;4;3;15;5;4;6;20;-2.0636358974695117;6;0;4;12;3;3;4;0;3;3;14;1;5;19;0;9;17
TRACK:97;4;0;4;1;4;6;5;0;0;2;6;2;13;22;-4.603230904268843;5;3;10;2;4;6;23;6.343985849147831;3;6;20;-6.095482378500828;4;2;2;6;8;3;21;5.103361447273095;2;6;10;5;9;1;1;1;1;6;5;2;5;18;2;11;12;1;6;3;4;9;1;1;3;11;2;12;22;-3.3438064607914697;4;5;18;6;0;4;6;1;13;12;6;3;1;20;3.780097448197882;22;3.0440703342546716;4;3;6;1;2;3;25;0;17;10;0;1;11;11;2;7;-2.1657840898606917;19;0;4;1;3;6;1;5;19;4;19;6;1;5;5;11;1;4;17;6;23;-1.5924323230148332;3;1;2;1;6;2;10;11;4;5;9;3;6;1;8;10;0;4;5;5;12;0;2;0;8;21;3.5649811782570495;1;21;-8.29852661153094;20;-0.46752976461751317;1;5;25;1;20;7.682702362997276;9
TRACK:98;1;5;0;6;3;1;5;1;5;5;2;2;7;-1.3953047492077264;16;0;16;15;0;5;5;0;9;20;-2.6753478607069088;3;5;4;14;4;0;2;2;6;2;23;-5.402986715272511;23;-8.979415523344642;6;5;16;4;3;3;13;6;4;1;6;7;3.064892568166309;5;23;-3.938027136348916;4;2;4;1;6;4;5;4;4;8;1;2;0;2;4;19;2;23;-6.406882129477614;10;1;5;7;-0.8955629571012391;4;7;0.7049487513734292;6;0;0;20;-8.149730036999966;16;2;22;1.4576976302495392;16;5;0;4;3;13;6;3;23;0.6408258153832591;3;3;3;4;0;3;2;11;23;-3.095446220809257;2;0;22;3.0982624044065776;20;-0.11076928616092552;2;23;-2.736537522069879;10
TRACK:99;1;5;5;4;6;0;4;2;1;2;3;0;7;1.1352015811540745;17;3;2;25;9;2;6;0;21;-6.306980080885323;11;2;3;20;2.8731534184708174;0;15;8;3;0;5;0;10;18;3;22;3.0982624044065776;0;1;5;2;0;0;23;-2.736537522069879;24;2;25;17;6;2;24;15;5;3;2;1;11;9;6;8;0;6;4;2;1;16;18;2;18;20;2.4143813332607316;3;2;2;1;15;16;3;22;-8.400983248688448;5;4;14
TRACK:100;9;-1;1;4;2;5;1;6;1;3;4;1;9;15;3;3;3;15;6;0;0;0;6;24;3;17;5;5;23;-5.202277657791822;6;6;0;25;24;1;4;3;2;4;1;3;21;1.2772752083708196;1;15;11;2;0;0;21;-3.26252711698578;25;6;10;6;4;21;0.8115077456842394;2;0;1;5;3;2;23;-1.2770855446785687;25;6;5;1;7;1.2124659404048466;17;2;0;3;0;15;20;-1.971024543888415;3;1;19;17;1;2;4;16;0;23;8.59811615770494;21;-9.280956423162843;6;3;21;-8.0238924867475;4;1;4;5;1;19;9;2;3;5;15;5;22;-5.513638597956241;1;3;0;4;3;4;5;5;0;10;15;0;1;4;6;2;1;11;13;6;18;4;4;1;0;9;10;0;17;14;3;3;6;6;3;24;2;6;3;5;3;5;0;1;16;16;4;15;5;1;6;1;5;5;3;10;6;6;5;19;4;1;5;0;4;25;4;23;-9.905724285406128;4;3;4;8
TRACK:101;92;-1;4;1;4;6;5;0;0;2;6;2;13;22;-4.423434727215267;5;3;10;2;4;6;23;6.39140482371312;3;6;20;-6.0772589172943405;4;2;2;6;8;3;21;5.0728683945546;2;6;10;5;9;1;1;1;1;6;5;2;5;18;2;11;12;1;6;3;4;9;1;1;3;11;2;12;22;-3.200605105158349;4;5;18;6;0;4;6;24;6;3;1;20;3.809284905415497;22;3.08220413191388;4;3;6;1;2;3;25;0;18;10;0;1;11;11;2;7;-2.2504492354155055;19;0;2;3;17;0;14;21;-0.7804412907485556;3;1;2;1;6;2;10;11;4;5;9;3;6;1;8;10;0;4;5;5;12;0;2;0;8;21;3.5082760657835963;1;21;-8.255028693376193;20;-0.5812768873176329;1;5;25;1;20;7.688302289522311;9
TRACK:102;94;-1;4;1;5;3;3;4;21;3.3165377658364026;5;1;1;10;25;6;9
TRACK:103;96;-1;4;1;6;3;3;5;0;4;4;3;11;5;4;6;20;-2.1041979863987637;6;0;4;12;3;3;4;0;3;3;14;1;5;19;0;9;17
TRACK:104;98;-1;0;6;3;1;5;1;5;5;2;2;7;-1.3658569867232753;16;0;16;15;0;5;5;0;9;20;-2.5769471633607175;3;5;4;14;4;0;2;2;6;2;23;-5.377157189518043;23;-8.790767151917311;6;5;16;4;3;3;13;6;4;1;6;7;3.0430820479977934;5;23;-3.878562862673888;4;2;4;1;6;4;5;4;4;8;1;2;0;2;4;19;2;23;-6.540759545124834;10;1;5;7;-0.8551984742856231;4;7;0.7326219366157805;6;0;0;20;-8.126968315273492;16;2;22;1.440375914446375;16;5;0;4;3;13;6;6;9;3;3;3;4;0;3;2;11;23;-3.1916240687830926;2;0;22;3.0727948854664184;20;-0.15973250158625432;2;23;-2.7898802596443213;10
TRACK:105;4;-1;4;1;6;3;3;5;0;4;4;1;23;-3.1292794663472794;17;5;4;6;20;-2.0502408248308255;6;0;4;6;5;3;1;1;20;-2.035055690116798;12;1;11;20;-6.457679699659833;3;3;4;0;3;3;14;1;5;19;0;9;17
TRACK:106;93;-1;3;3;6;0;2;0;3;2;6;5;20;-9.700770774985491;1;0;9;24;4;17;5;1;0;4;20;-7.420376313830302;3;11;5;6;14;4;6;4;6;4;23;-8.335447177280964;1;3;4;5;6;12;1;0;4;2;0;8;7;6.6370156828091345;0;25;19;1;3;4;21;-1.3990071054439448;3;6;24;4;2;0;6;17;4;13;1;4;14;2;12;14
TRACK:107;95;-1;3;4;0;2;3;5;4;3;20;-6.009464598260759;2;2;3;0;4;4;10;0;0;12;10;0;21;-7.080771449903127;17;3;3;3;3;18;0;2;1;2;3;19;4;7;9.82304727740186;0;4;13;2;19;13;5;5;2;12;21;-0.4168677683515159;1;2;2;0;15;11;6;14;5;0;10;23;1.0943104836127393;4;1;4;13;0;12;21;-2.849385388677137;3;0;4;5;0;3;3;12;6;4;15;0;0;0;2;2;18;8;5;17;3;1;20;-0.23178035087111432;7;-4.177478020128874;0;4;1;21;7.880761834249427;14;4;5;21;-9.77867581664326;4;2;0;3;17;4;23;-5.37051669878811;2;0;25;14;5;11
TRACK:108;97;-1;4;1;4;6;5;0;0;2;6;2;13;22;-4.332425941572274;5;3;10;2;4;6;23;6.2890205665824634;3;6;20;-6.17766989358114;4;2;2;6;8;3;21;5.051184806140178;2;6;10;5;9;1;1;1;1;6;5;2;5;18;2;11;12;1;6;3;4;9;1;1;3;11;2;12;22;-3.3629859253603946;4;5;18;6;0;4;6;1;13;12;6;3;1;20;3.752675085730473;22;3.0385711334163417;4;3;6;1;2;3;25;0;17;10;0;1;11;11;2;7;-2.0447040636809066;19;0;4;1;3;6;1;5;19;4;19;6;1;5;5;11;1;4;17;6;23;-1.3651850873810027;3;1;2;1;6;2;10;11;4;5;9;3;6;1;8;10;0;4;5;5;12;0;4;11;1;5;25;1;20;7.627570621991089;9
TRACK:109;99;-1;5;4;6;0;4;2;1;2;3;0;7;1.1965005937113309;17;3;2;25;9;2;6;0;21;-6.193670014628913;11;2;3;25;0;15;8;3;0;5;0;10;18;3;22;3.2950066700384504;0;1;5;2;0;0;23;-2.7795464654938264;24;2;25;17;6;2;24;15;5;3;2;1;11;9;6;8;0;6;4;2;1;16;18;2;18;20;2.2788424147492585;3;2;2;1;15;16;3;22;-8.378980213732035;5;4;14
EVAL_INSTANCE:5:0:100
EVAL_INSTANCE:5:1:101
EVAL_INSTANCE:5:2:102
EVAL_INSTANCE:5:3:103
EVAL_INSTANCE:5:4:104
EVAL_INSTANCE:5:5:105
EVAL_INSTANCE:5:6:106
EVAL_INSTANCE:5:7:107
EVAL_INSTANCE:5:8:108
EVAL_INSTANCE:5:9:109
RUN_RESULT:5:0:0:2000:----
RUN_RESULT:5:1:0:2000:----
RUN_RESULT:5:2:0:2000:----
RUN_RESULT:5:3:0:2000:----
RUN_RESULT:5:4:0:2000:----
RUN_RESULT:5:5:0:2000:----
RUN_RESULT:5:6:0:2000:----
RUN_RESULT:5:7:0:2000:----
RUN_RESULT:5:8:0:2000:----
RUN_RESULT:5:9:0:2000:----
     6 |       60 |  0.000000E+00 | -0.000000E+00
TRACK:110;4;7;4;1;6;3;3;5;0;4;4;3;15;5;4;6;20;-2.0636358974695117;6;0;4;6;13;3;3;4;0;3;3;14;1;5;19;0;9;17
TRACK:111;4;7;4;1;5;3;6;4;1;4;5;5;8;4;6;1;23;7.671803656522261;15;5;1;0;0;2;6;2;4;17;5;15;6;0;6;9;0;8;23;-6.552680552158286;6;2;6;3;20;4.528669866956754;0;4;12;4;16;6;5;1;4;5;13;3;4;12;4;1;3;1;5;6;23;-2.4236166361332323;0;2;25;24;3;20;-2.0636358974695117;1;5;4;3;20;-6.0424245692499685;6;1;3;22;-5.199444144059939;3;24
TRACK:112;0;8;4;1;4;6;5;0;0;2;6;2;13;22;-4.603230904268843;5;3;10;2;4;6;23;6.343985849147831;3;6;20;-6.095482378500828;4;2;2;6;8;3;21;5.103361447273095;2;6;10;5;9;1;1;1;1;5;2;13;14;1;6;3;4;9;1;1;3;11;2;12;22;-3.3438064607914697;4;5;18;6;0;4;6;1;13;12;6;3;1;20;3.780097448197882;22;3.0440703342546716;4;3;6;1;2;3;25;0;18;10;0;1;11;11;2;7;-2.1657840898606917;19;0;4;1;3;6;1;5;19;4;19;6;1;5;5;11;1;4;17;6;23;-1.5924323230148332;3;1;2;1;6;2;10;11;4;5;9;3;6;1;8;10;0;4;5;5;12;0;2;0;8;21;3.5649811782570495;1;21;-8.29852661153094;20;-0.46752976461751317;1;5;25;1;20;7.682702362997276;9
TRACK:113;0;8;4;3;5;5;3;3;4;5;5;2;9;14
TRACK:114;5;2;5;4;6;0;4;2;1;2;3;0;7;1.1352015811540745;17;3;2;25;9;2;6;0;21;-6.306980080885323;11;2;3;20;2.8731534184708174;0;15;8;3;0;5;0;10;18;3;4;24;0;1;5;2;0;7;9.835895344278278;2;25;17;6;2;24;15;5;3;2;1;11;9;6;8;0;6;4;2;1;16;18;2;18;20;2.4143813332607316;3;2;2;1;15;16;3;22;-8.400983248688448;5;4;14
TRACK:115;5;2;3;4;23;-2.736537522069879
TRACK:116;1;3;0;6;3;1;5;1;5;5;2;2;7;-1.3953047492077264;16;0;16;15;0;5;5;0;9;20;-2.6753478607069088;3;5;4;14;4;0;2;2;6;2;23;-5.402986715272511;23;-8.979415523344642;6;5;16;4;3;3;13;6;4;1;6;7;3.064892568166309;5;23;-3.938027136348916;4;2;4;1;6;4;5;4;4;8;1;2;0;2;4;19;2;23;-6.406882129477614;10;1;5;7;-0.8955629571012391;4;9;6;0;0;20;-8.149730036999966;16;2;22;1.4576976302495392;16;5;0;4;3;13;6;3;23;0.6408258153832591;3;3;3;4;0;3;2;11;23;-3.095446220809257;2;0;22;3.0982624044065776;20;-0.11076928616092552;2;19;10
TRACK:117;1;3;3;3;6;0;2;0;3;2;6;5;20;-9.701764442078257;1;0;9;24;4;17;5;1;0;4;20;-7.4502268446463145;3;11;5;6;14;4;6;4;6;4;23;-8.262170189992226;1;3;3;1;1;1;25;10;1;14;8;5;2;13;25;1;0;4;2;0;23;-5.402986715272511;7;6.79444641258058;0;25;19;1;3;4;21;-1.4984147464865476;3;6;24;4;2;0;6;17;4;13;1;4;14;2;16;14
TRACK:118;9;5;1;4;2;5;1;6;1;3;4;1;9;15;3;3;3;15;6;0;0;0;6;24;3;17;5;5;23;-5.070642976499964;6;6;0;25;24;1;4;3;2;4;1;3;21;1.1513147414425333;1;15;11;2;0;0;21;-3.1996123640033947;25;6;10;6;4;21;0.7686611917713453;2;0;1;5;3;2;23;-1.3494932688328234;15;6;5;1;7;1.1511193950977887;17;2;0;3;0;15;20;-1.9286768630757436;3;1;19;17;1;2;4;16;0;23;8.663426016447893;21;-9.151397488480889;6;3;21;-7.96184902568152;4;1;4;5;1;19;9;2;3;5;15;5;1;15;25;1;3;0;4;3;4;5;5;0;10;15;0;1;4;6;2;1;11;13;6;18;4;4;1;0;9;10;0;17;14;3;3;6;6;3;24;2;6;3;5;3;5;0;1;16;16;4;15;5;1;6;1;5;5;3;10;6;6;5;19;4;1;5;0;4;25;4;23;-9.915517422434215;4;3;4;8
TRACK:119;9;5;5;4;6;0;4;2;1;2;3;0;7;1.1352015811540745;17;3;2;25;9;2;6;0;21;-6.306980080885323;11;2;3;20;2.8731534184708174;0;15;8;3;0;5;0;10;18;3;4;24;0;1;5;2;0;0;23;-2.736537522069879;24;2;25;17;6;2;24;15;5;3;2;1;11;9;6;16;0;6;4;2;1;16;18;2;18;20;2.4143813332607316;3;2;2;1;15;16;3;22;-8.400983248688448;5;4;14
TRACK:120;4;-1;4;1;6;3;3;5;0;4;1;24;7;4.843804953112452;5;4;6;20;-2.069182689467494;6;0;4;6;5;3;1;1;20;-1.896002890489237;12;1;11;20;-6.382621534616801;3;3;4;0;3;3;14;1;5;19;0;9;17
TRACK:121;112;-1;4;1;4;6;5;0;0;2;6;2;13;25;5;3;10;2;4;6;23;6.323404760772653;3;6;20;-6.212573467165309;4;2;2;6;8;3;21;5.103637142575544;2;6;10;5;9;1;1;1;1;5;2;13;14;1;6;3;4;9;1;1;3;11;2;12;22;-3.391873502349498;4;5;18;6;0;4;6;1;13;12;6;3;1;20;3.8989553474134637;22;3.139992176856982;4;3;6;1;2;3;25;0;18;10;0;1;11;11;2;7;-2.142420547758139;19;0;4;1;3;6;1;5;19;4;19;6;1;5;5;11;1;4;17;6;23;-1.399905645739576;3;1;2;1;6;2;10;11;4;5;9;3;6;1;8;10;0;4;5;5;12;0;2;0;8;21;3.497765369002739;1;21;-8.336243180041532;20;-0.34084531268847984;1;5;25;1;20;7.535815190753267;9
TRACK:122;114;-1;5;4;6;0;4;2;1;2;3;0;7;1.069722973279915;17;3;2;25;9;2;6;0;21;-6.232237815053655;11;2;3;20;2.9399596510650863;0;15;8;3;0;5;15;3;4;24;0;1;5;2;0;7;9.790155322651493;2;25;17;6;2;24;15;5;3;2;1;11;9;6;8;0;6;4;2;1;16;18;2;18;20;2.5496290854244066;3;2;2;1;15;16;3;22;-8.383662748598121;5;4;14
TRACK:123;116;-1;0;6;3;1;5;1;5;5;2;2;7;-1.2439452146184846;16;0;16;15;0;5;5;0;9;20;-2.74672098979005;3;5;4;14;4;0;2;2;6;2;23;-5.324112041990499;23;-9.191020315721135;6;5;16;4;3;3;13;6;4;1;6;7;3.043058688330682;5;23;-3.87244183469469;4;2;4;1;6;4;5;4;4;8;1;2;0;2;4;19;2;23;-6.426163759907699;10;1;5;7;-0.838429134523066;4;9;6;0;0;20;-8.048020976147331;16;2;22;1.6218345381264294;16;5;0;4;3;11;6;3;23;0.7811920769379859;3;3;3;4;0;3;2;11;23;-3.20085483319879;2;0;22;3.0651232419527723;20;-0.09235594193918628;2;19;10
TRACK:124;118;-1;1;4;2;5;1;6;1;3;4;1;9;15;3;3;3;15;6;0;2;7;1.5157827579546979;10;6;6;0;25;24;1;4;3;2;4;1;3;21;1.270419653910625;1;15;11;2;0;0;21;-3.278898335066092;25;6;10;6;4;21;0.6737611311509553;2;0;1;5;3;2;23;-1.4118371517322952;15;6;5;1;7;1.3296039924888399;17;2;0;3;0;15;20;-1.9096943780342874;3;1;19;17;1;2;4;16;0;23;8.629773880273362;21;-9.303113187811919;6;3;21;-8.10544154683987;4;1;4;5;1;19;9;2;3;5;15;5;1;15;25;1;3;0;4;3;4;5;5;0;10;15;0;1;4;6;2;1;11;13;6;18;4;4;1;0;9;10;0;17;14;3;3;6;6;3;24;2;6;3;5;3;5;0;1;16;16;4;15;5;1;6;1;5;5;3;10;6;6;5;19;4;1;5;0;4;25;4;23;-9.947504282279139;4;3;4;8
TRACK:125;7;-1;4;1;5;3;6;4;1;4;5;5;8;4;6;1;23;7.717524760958426;15;5;1;0;0;2;6;2;4;17;5;15;6;0;6;9;0;8;23;-6.732247313249959;6;2;6;3;20;4.4411365436364125;0;4;12;4;16;6;5;1;4;5;13;3;4;12;4;1;3;1;5;6;23;-2.414071283751752;0;2;25;24;3;8;6;5;2;14;9
TRACK:126;113;-1;4;3;5;2;6;6;2;3;3;13;3;4;11;5;2;2;6;0;8;10;6;3;17;1;0;6;13;4;9;0;3;15;6;16
TRACK:127;115;-1;3;4;0;4;3;2;6;5;14;5;2;24;7;2.1476120433464256;3;4;0;6;5;15;2;2;18;14;0;23;-6.885702418461306;7;2.2746528498108187
TRACK:128;117;-1;3;3;6;0;2;0;3;2;6;5;20;-9.693121027376701;1;0;9;24;4;17;5;1;0;4;20;-7.461610911891248;3;15;5;6;14;4;6;4;6;4;23;-8.404604109991658;1;3;3;1;1;1;25;10;1;14;8;5;2;13;25;1;0;4;2;0;23;-5.321975893237497;7;6.719378617444591;0;25;19;1;3;4;21;-1.4949267083190694;3;6;24;4;2;0;6;17;4;13;1;4;14;2;16;14
TRACK:129;119;-1;5;4;6;6;19
EVAL_INSTANCE:6:0:120
EVAL_INSTANCE:6:1:121
EVAL_INSTANCE:6:2:122
EVAL_INSTANCE:6:3:123
EVAL_INSTANCE:6:4:124
EVAL_INSTANCE:6:5:125
EVAL_INSTANCE:6:6:126
EVAL_INSTANCE:6:7:127
EVAL_INSTANCE:6:8:128
EVAL_INSTANCE:6:9:129
RUN_RESULT:6:0:0:2000:----
RUN_RESULT:6:1:0:2000:----
RUN_RESULT:6:2:0:2000:----
RUN_RESULT:6:3:0:2000:----
RUN_RESULT:6:4:0:2000:----
RUN_RESULT:6:5:0:2000:----
RUN_RESULT:6:6:0:2000:----
RUN_RESULT:6:7:0:2000:----
RUN_RESULT:6:8:0:2000:----
RUN_RESULT:6:9:0:2000:----
     7 |       70 |  0.000000E+00 | -0.000000E+00
TRACK:130;2;5;3;4;0;2;3;3;1;5;1;1;10;25;6;9;1;2;4;7;-4.369929423587575;2;12;7;-4.398710777840968;4;5;14;2;2;3;0;4;4;10;0;0;12;10;0;21;-7.133759821978964;17;3;3;3;3;18;0;2;1;2;3;19;4;7;9.835895344278278;0;4;13;2;19;13;5;5;2;12;21;-0.4436517457628302;1;2;2;0;15;11;6;14;5;0;10;23;1.192169254850242;4;1;4;13;0;12;21;-2.8641750531555505;3;0;4;5;0;3;3;12;6;4;15;0;0;0;2;2;18;8;5;17;3;1;20;-0.2294028281324998;7;-4.245696521492417;0;4;1;21;7.879313521243596;14;4;5;21;-9.966007950084038;4;2;6;5;11;2;0;25;14;5;11
TRACK:131;2;5;5;4;6;0;4;2;1;2;3;0;7;1.1352015811540745;17;3;2;25;9;2;6;0;21;-6.306980080885323;11;2;3;20;2.8731534184708174;0;15;8;3;0;5;0;10;18;3;4;24;0;1;5;2;0;0;19;24;2;25;17;6;2;24;15;5;3;2;1;11;9;6;8;0;6;4;2;1;16;18;2;18;20;2.4143813332607316;3;2;2;1;15;16;3;22;-8.400983248688448;5;4;14
TRACK:132;9;0;1;4;2;5;1;6;1;3;4;1;9;15;3;3;3;15;6;0;0;0;6;24;3;17;5;5;23;-5.070642976499964;6;6;0;25;24;1;4;3;2;4;1;3;21;1.1513147414425333;1;15;11;2;0;0;21;-3.1996123640033947;25;6;10;6;4;21;0.7686611917713453;2;0;1;5;3;2;23;-1.3494932688328234;25;6;5;1;7;1.1511193950977887;17;2;0;3;0;15;20;-1.9286768630757436;10;1;2;4;16;0;23;8.663426016447893;21;-9.151397488480889;6;3;21;-7.96184902568152;4;1;4;5;1;19;9;2;3;5;15;5;1;15;25;1;3;0;4;3;4;5;5;0;10;15;0;1;4;6;2;1;11;13;6;18;4;4;1;0;9;10;0;17;14;3;3;6;6;3;24;2;6;3;5;3;5;0;1;16;16;4;15;5;1;6;1;5;5;3;10;6;6;5;19;4;1;5;0;4;25;4;23;-9.915517422434215;4;3;4;8
TRACK:133;9;0;4;1;4;6;5;0;0;2;6;2;13;22;-4.603230904268843;5;3;10;2;4;6;23;6.343985849147831;3;6;20;-6.095482378500828;4;2;2;6;8;3;21;5.103361447273095;2;6;10;5;9;1;1;1;1;6;5;2;5;18;2;11;12;1;6;3;4;9;1;1;3;11;2;12;22;-3.3438064607914697;4;5;18;6;0;4;6;1;13;12;6;3;1;20;3.780097448197882;22;3.0440703342546716;4;3;6;1;2;3;25;0;18;10;0;1;11;11;2;7;-2.1657840898606917;19;0;4;1;25;6;1;5;5;11;1;4;17;6;23;-1.5924323230148332;3;1;2;1;6;2;10;11;4;5;9;3;6;1;8;10;0;4;5;5;12;0;2;0;8;21;3.5649811782570495;1;21;-8.29852661153094;20;-0.46752976461751317;1;5;25;1;20;7.682702362997276;9
TRACK:134;7;4;4;1;5;3;6;4;1;4;5;5;8;4;6;1;23;7.671803656522261;15;5;1;0;0;2;6;2;4;17;5;15;6;0;6;9;0;8;23;-6.552680552158286;6;2;6;3;20;4.528669866956754;0;4;12;4;16;6;5;1;4;6;20;-2.0636358974695117;3;4;12;4;1;3;1;5;6;23;-2.4236166361332323;0;2;25;24;3;8;1;5;4;3;20;-6.0424245692499685;6;1;3;22;-5.199444144059939;3;24
TRACK:135;7;4;4;1;6;3;3;5;0;3;24;5;4;6;20;-2.0636358974695117;6;0;4;6;5;3;1;1;20;-1.8984417138207341;12;1;11;20;-6.453792938009338;3;3;4;0;3;3;14;1;5;19;0;9;17
TRACK:136;9;6;1;4;2;5;1;6;1;3;4;1;9;15;3;3;3;15;6;0;0;0;6;24;3;17;5;5;23;-5.070642976499964;6;6;0;25;24;1;4;3;2;4;1;3;21;1.1513147414425333;1;15;11;2;0;0;21;-3.1996123640033947;25;6;10;6;4;21;0.7686611917713453;2;0;1;5;3;2;23;-1.3494932688328234;25;6;5;1;7;1.1511193950977887;17;2;0;3;0;15;20;-1.9286768630757436;3;1;19;17;1;2;4;16;0;23;8.663426016447893;21;-9.151397488480889;6;3;21;-7.96184902568152;4;1;4;5;1;19;9;2;3;5;15;5;1;15;25;1;3;0;4;3;4;5;5;0;10;15;0;1;4;6;2;1;11;13;6;18;3;2;4;3;16;5;5;21;6.489639194072293;3;3;6;6;3;24;2;6;3;5;3;5;0;1;16;16;4;15;5;1;6;1;5;5;3;10;6;6;5;19;4;1;5;0;4;25;4;23;-9.915517422434215;4;3;4;8
TRACK:137;9;6;5;5;5;0;6;0;0;0;6;24;3;17;5;5;23;-5.070642976499964;6;6;0;25;24;0;0;3;5;5;6;22;-6.785093994653115;5;3;3;2;7;-4.413278780454211;11;2;3;5;5;6;16;3;2;4;3;16;5;5;21;6.489639194072293
TRACK:138;0;3;4;1;4;6;5;0;0;2;6;2;13;22;-4.603230904268843;5;3;10;2;4;6;23;6.343985849147831;3;6;20;-6.095482378500828;4;2;2;6;8;3;21;5.103361447273095;2;6;10;5;9;1;1;1;1;6;5;2;5;18;2;11;12;1;6;3;4;9;1;1;3;11;2;12;22;-3.3438064607914697;4;5;18;6;0;4;6;1;13;12;6;3;1;20;3.780097448197882;22;3.0440703342546716;4;3;6;1;2;3;25;0;18;10;0;1;11;11;2;7;-2.1657840898606917;19;0;4;1;3;6;1;5;19;4;19;6;1;5;5;11;1;4;17;6;23;-1.5924323230148332;3;1;2;1;6;2;10;11;4;5;9;3;6;1;8;10;0;4;5;5;12;0;2;0;8;21;3.5649811782570495;1;21;-8.29852661153094;14;1;5;25;1;20;7.682702362997276;9
TRACK:139;0;3;3;3;6;0;2;0;3;2;6;5;20;-9.701764442078257;1;0;11;24;4;17;5;1;0;4;20;-7.4502268446463145;3;11;5;6;14;4;6;4;6;4;23;-8.262170189992226;1;3;3;1;1;1;25;10;1;14;8;5;2;13;25;1;0;4;2;0;8;7;6.79444641258058;0;25;19;1;3;4;21;-1.4984147464865476;3;6;24;4;2;0;6;17;4;13;1;4;14;2;16;14
TRACK:140;130;-1;3;4;0;2;3;3;1;5;1;1;10;25;6;9;1;2;4;7;-4.399257716105494;2;12;7;-4.511994645254236;4;5;14;2;2;3;0;4;4;10;0;0;12;10;0;21;-7.175993682661497;17;3;3;3;3;18;0;2;1;2;3;19;4;7;9.764884727583182;0;4;13;2;19;13;5;5;2;12;21;-0.30320272088144207;1;2;2;0;15;11;6;14;5;0;10;23;1.1583578356939308;4;1;4;13;0;12;21;-2.702429743305526;3;0;4;5;0;3;3;12;6;4;15;0;0;0;4;6;10;3;1;20;-0.2642840921697462;7;-4.115300091637768;0;4;1;21;7.852368403301685;14;4;5;21;-9.999718306331431;4;2;6;5;11;2;0;25;14;5;11
TRACK:141;132;-1;1;4;2;5;1;6;1;3;4;1;9;15;3;3;3;15;6;0;0;0;6;24;3;17;5;5;23;-4.9051155713989285;6;6;0;25;24;1;4;3;2;4;1;3;21;1.0926830827357268;1;15;11;2;0;0;21;-3.1497654689267254;25;6;10;6;4;21;0.8425417602692352;2;0;1;5;3;2;23;-1.3465224771366835;25;6;5;1;7;1.1619945464309498;17;2;0;3;0;15;20;-1.9889248147779592;10;1;2;4;16;0;23;8.604576785282267;21;-9.198013571861054;6;3;21;-7.901001552354767;4;1;4;5;1;19;9;2;3;5;15;5;1;15;25;1;3;0;4;3;4;5;5;0;10;15;0;1;4;6;2;1;11;13;6;18;4;4;1;0;9;10;0;17;14;3;3;6;6;3;24;2;6;3;5;3;5;5;5;9;5;1;6;1;5;5;3;10;6;6;5;19;4;1;5;0;4;25;4;23;-9.868462264870626;4;3;4;8
TRACK:142;7;-1;4;1;5;3;6;4;1;4;5;5;8;4;6;1;23;7.5662996307703665;15;5;1;0;0;2;6;2;4;17;5;15;6;0;6;9;0;8;23;-6.618182465255676;6;2;6;5;25;0;4;12;4;16;6;5;1;4;5;13;3;4;12;4;1;3;1;5;6;23;-2.357846689050121;0;2;25;24;3;8;1;5;4;3;20;-6.181936086659356;6;1;3;22;-5.314176624641498;3;24
TRACK:143;136;-1;1;4;2;5;1;6;1;3;4;1;9;15;3;3;3;15;6;0;0;0;6;24;3;17;5;5;23;-5.210919668245201;6;6;0;25;24;1;4;3;2;4;1;3;21;1.0947491146048043;1;15;11;2;0;0;21;-3.1159776284392824;25;6;10;6;4;21;0.8588617342200415;2;0;1;5;3;2;23;-1.4167922239509465;25;6;5;1;7;1.2305889305967752;17;2;0;3;0;15;20;-1.755867507661392;3;1;19;17;1;2;4;16;0;23;8.603257935231273;21;-9.31272188633151;6;3;21;-7.895087657042123;4;1;4;5;1;19;9;2;3;5;15;5;1;15;25;1;3;0;4;3;4;5;5;0;10;15;0;1;4;6;2;1;11;13;6;18;3;2;4;3;16;5;5;21;6.34119868229419;3;3;6;6;3;24;2;6;3;5;3;5;0;1;16;16;4;15;5;1;6;1;5;5;3;10;6;6;5;19;4;1;5;5;15;4;3;4;8
TRACK:144;138;-1;4;1;4;6;5;0;0;2;6;2;13;22;-4.6517109769683405;5;3;10;2;4;6;23;6.336639815417836;3;6;20;-6.092009824753098;4;0;4;4;22;-4.5891749282687115;2;1;22;6.396662464663837;22;-1.9082271569398017;0;23;6.560577272258904;12;1;1;1;1;6;5;2;5;18;2;11;12;1;6;3;4;9;1;1;3;11;2;12;22;-3.296214771119494;4;5;18;6;0;4;6;1;13;12;6;3;1;20;3.706183839059577;22;2.9698096914144503;4;3;6;1;2;3;25;0;18;10;0;1;11;11;2;7;-2.1716336186004397;19;0;4;1;3;6;1;5;19;4;19;6;1;5;5;11;1;4;17;6;23;-1.8451429561945205;3;1;2;1;6;2;10;11;4;5;9;3;6;1;8;10;0;4;5;5;12;0;2;0;8;21;3.7587150148759343;1;21;-8.356665729268153;14;1;5;25;1;20;7.696758116719418;9
TRACK:145;131;-1;5;4;6;0;4;2;1;2;3;0;7;1.040133306889417;17;3;2;25;9;2;6;0;21;-6.169793244256467;11;2;3;20;2.715934610066755;0;15;8;3;0;5;0;10;18;3;4;24;0;1;5;2;0;0;19;24;2;25;17;6;2;24;15;5;3;2;1;11;9;6;8;0;6;4;2;1;16;18;2;18;20;2.395097536872135;3;2;2;1;15;16;3;22;-8.60201709671504;5;4;14
TRACK:146;133;-1;4;1;4;6;5;0;0;2;6;2;13;22;-4.470142317399103;5;3;10;2;4;6;23;6.158916616661506;3;6;20;-5.944448739916186;4;2;2;6;8;3;21;5.147546522590351;2;6;10;5;9;1;1;1;1;6;5;2;5;18;2;11;12;1;6;3;4;9;1;1;3;11;2;12;22;-3.3784473044567696;4;5;18;6;0;4;6;1;13;12;6;3;1;20;3.937437676215257;22;3.2556295899736165;4;3;6;1;2;3;25;0;18;10;0;1;11;11;2;7;-2.2346282897639105;19;0;4;1;25;6;1;5;0;10;15;1;4;17;6;23;-1.688766989262368;3;1;2;1;6;2;10;11;4;5;9;3;6;1;8;10;0;4;5;5;12;0;2;0;8;21;3.6260095349814443;1;21;-8.482859954421476;20;-0.47599275452629186;1;5;25;1;20;7.769997372825347;9
TRACK:147;4;-1;4;1;6;3;3;5;0;4;4;3;15;5;4;6;20;-1.9326294534449027;4;2;0;4;15;3;21;-0.08246515824757772;1;0;15;8;1;16;11
TRACK:148;137;-1;5;5;5;4;1;23;1.0505740414894724;16
TRACK:149;139;-1;3;3;6;0;2;0;3;2;6;5;20;-9.754346489703279;1;0;11;24;4;17;5;1;0;4;20;-7.550668314828838;3;11;5;6;14;4;6;4;6;4;23;-8.362781425447396;1;3;3;1;1;1;25;10;1;14;8;5;2;13;25;1;0;1;5;11;6;19;1;3;4;21;-1.4686858976288277;3;6;24;4;2;0;6;17;4;13;1;4;14;2;16;14
EVAL_INSTANCE:7:0:140
EVAL_INSTANCE:7:1:141
EVAL_INSTANCE:7:2:142
EVAL_INSTANCE:7:3:143
EVAL_INSTANCE:7:4:144
EVAL_INSTANCE:7:5:145
EVAL_INSTANCE:7:6:146
EVAL_INSTANCE:7:7:147
EVAL_INSTANCE:7:8:148
EVAL_INSTANCE:7:9:149
RUN_RESULT:7:0:0:2000:----
RUN_RESULT:7:1:0:2000:----
RUN_RESULT:7:2:0:2000:----
RUN_RESULT:7:3:0:2000:----
RUN_RESULT:7:4:0:2000:----
RUN_RESULT:7:5:0:2000:----
RUN_RESULT:7:6:0:2000:----
RUN_RESULT:7:7:0:2000:----
RUN_RESULT:7:8:0:2000:----
RUN_RESULT:7:9:0:2000:----
     8 |       80 |  0.000000E+00 | -0.000000E+00
TRACK:150;3;2;3;3;6;0;2;0;3;2;6;5;20;-9.701764442078257;1;0;9;24;4;17;5;1;0;4;20;-7.4502268446463145;3;11;5;6;14;4;6;4;6;4;23;-8.262170189992226;1;3;3;1;1;1;25;10;1;14;8;5;2;13;25;1;0;4;2;0;8;7;6.79444641258058;15;1;3;4;21;-1.4984147464865476;3;6;24;4;2;0;6;17;4;13;1;4;14;2;16;14
TRACK:151;3;2;3;4;0;2;3;3;1;5;1;1;10;25;6;9;1;2;4;7;-4.369929423587575;2;12;7;-4.398710777840968;1;14;8;2;2;3;0;4;4;10;0;0;12;10;0;21;-7.133759821978964;17;3;3;3;3;18;0;2;1;2;3;19;4;7;9.835895344278278;0;4;13;2;19;13;5;5;2;12;21;-0.4436517457628302;1;2;2;0;15;11;6;14;5;0;10;23;1.192169254850242;4;1;4;13;0;12;21;-2.8641750531555505;3;0;4;5;0;3;3;12;6;4;15;0;0;0;2;2;18;8;5;17;3;1;20;-0.2294028281324998;7;-4.245696521492417;0;4;1;21;7.879313521243596;14;4;5;21;-9.966007950084038;4;2;6;5;11;2;0;25;14;5;11
TRACK:152;1;0;0;6;3;1;5;1;5;5;2;2;7;-1.3953047492077264;16;0;16;15;0;5;5;0;9;20;-2.6753478607069088;3;5;4;14;4;0;2;2;6;2;23;-5.402986715272511;23;-8.979415523344642;6;5;16;4;3;5;9;6;4;1;6;7;3.064892568166309;5;23;-3.938027136348916;4;2;4;1;6;4;5;4;4;8;1;2;0;2;4;19;2;23;-6.406882129477614;10;1;5;7;-0.8955629571012391;4;7;0.7049487513734292;6;0;0;20;-8.149730036999966;16;2;22;1.4576976302495392;16;5;0;4;3;13;6;3;23;0.6408258153832591;3;3;3;4;0;3;2;11;23;-3.095446220809257;2;0;22;3.0982624044065776;20;-0.11076928616092552;2;19;10
TRACK:153;1;0;4;1;4;6;5;0;0;2;6;2;13;22;-4.603230904268843;5;3;10;2;4;6;23;6.343985849147831;3;6;20;-6.095482378500828;4;2;2;6;8;3;21;5.103361447273095;2;6;10;5;9;1;1;1;1;6;5;2;5;18;2;11;12;1;6;3;4;9;1;1;3;11;2;12;22;-3.3438064607914697;4;5;18;6;0;4;6;1;13;12;6;3;1;20;3.780097448197882;22;3.0440703342546716;4;3;6;1;2;3;25;0;18;10;0;1;11;11;2;7;-2.1657840898606917;10;0;4;1;3;6;1;5;19;4;19;6;1;5;5;11;1;4;17;6;23;-1.5924323230148332;3;1;2;1;6;2;10;11;4;5;9;3;6;1;8;10;0;4;5;5;12;0;2;0;8;21;3.5649811782570495;1;21;-8.29852661153094;20;-0.46752976461751317;1;5;25;1;20;7.682702362997276;9
TRACK:154;4;7;4;1;6;3;3;12;6;0;4;6;5;3;1;1;20;-1.8984417138207341;12;1;11;20;-6.453792938009338;3;3;4;0;3;3;14;1;5;19;0;9;17
TRACK:155;4;7;4;1;5;3;6;4;1;4;5;5;8;4;6;1;23;7.671803656522261;15;5;1;0;0;2;6;2;4;17;5;15;6;0;6;9;0;8;23;-6.552680552158286;6;2;6;3;20;4.528669866956754;0;4;20;-6.453792938009338;4;16;6;5;1;4;5;13;3;4;12;4;1;3;1;5;6;23;-2.4236166361332323;0;2;25;24;3;8;1;5;4;3;20;-6.0424245692499685;6;1;3;22;-5.199444144059939;3;24
TRACK:156;2;5;3;4;0;2;3;3;1;5;1;1;10;25;6;9;1;2;4;7;-4.369929423587575;2;12;7;-4.398710777840968;4;5;14;2;2;3;0;4;4;10;0;0;12;10;0;21;-7.133759821978964;17;3;3;3;2;25;9;0;2;1;2;3;19;4;7;9.835895344278278;0;4;13;2;19;13;5;5;2;12;21;-0.4436517457628302;1;2;2;0;15;11;6;14;5;0;10;23;1.192169254850242;4;1;4;13;0;12;21;-2.8641750531555505;3;0;4;5;0;3;3;12;6;4;15;0;0;0;2;2;18;8;5;17;3;1;20;-0.2294028281324998;7;-4.245696521492417;0;4;1;21;7.879313521243596;14;4;5;21;-9.966007950084038;4;2;6;5;11;2;0;25;14;5;11
TRACK:157;2;5;5;4;6;0;4;2;1;2;3;0;7;1.1352015811540745;17;3;2;25;9;2;6;0;21;-6.306980080885323;11;2;3;20;2.8731534184708174;0;15;8;3;0;5;0;10;18;3;4;24;0;1;5;2;0;0;23;-2.736537522069879;7;-4.369929423587575;2;25;17;6;2;24;15;5;3;2;1;11;9;6;8;0;6;4;2;1;16;18;2;18;20;2.4143813332607316;3;2;2;1;15;16;3;22;-8.400983248688448;5;4;14
TRACK:158;1;8;0;6;5;2;13;14;4;2;4;1;6;4;5;4;4;8;1;2;0;2;4;19;2;23;-6.406882129477614;10;1;5;7;-0.8955629571012391;4;7;0.7049487513734292;6;0;0;20;-8.149730036999966;16;2;22;1.4576976302495392;16;5;0;4;3;13;6;3;23;0.6408258153832591;3;3;3;4;0;3;2;11;23;-3.095446220809257;2;0;22;3.0982624044065776;20;-0.11076928616092552;2;19;10
TRACK:159;1;8;4;3;5;5;3;3;4;5;3;13
TRACK:160;150;-1;3;3;6;0;2;0;3;2;6;5;20;-9.686938344790864;1;0;9;24;4;17;5;1;0;4;20;-7.478753620795313;3;11;5;6;14;4;6;4;6;4;23;-8.151719800421537;1;3;3;1;1;1;25;10;1;14;8;5;2;13;25;1;0;4;2;0;8;7;6.8076086511855625;15;1;3;4;21;-1.4982039369388223;3;6;24;6;4;23;-9.610492709242067
TRACK:161;152;-1;0;6;3;1;5;1;5;5;2;2;7;-1.287120438101752;16;0;16;15;0;5;5;0;9;20;-2.482225797738532;3;5;4;14;4;0;2;2;6;2;23;-5.284716358064516;23;-9.02254833445027;6;5;16;4;3;5;9;6;4;1;6;7;2.88361300823491;5;23;-3.6270616557340705;4;2;4;1;6;4;5;4;4;8;1;2;0;2;4;19;2;23;-6.386753226860153;10;1;5;7;-0.6742123113579089;4;23;5.129992079080752;6;0;0;20;-8.246129287176645;16;2;22;1.5333314789011774;16;5;0;4;3;13;6;3;23;0.7366660450732825;3;3;3;4;0;3;2;11;23;-3.2955862231422204;2;0;22;3.1191804982973323;20;-0.08212563038247186;2;19;10
TRACK:162;154;-1;4;1;6;3;3;12;6;0;4;6;5;3;1;1;20;-1.8106230018918046;12;1;11;20;-6.5551914761418795;3;3;4;0;3;2;11;12;1;5;19;0;9;17
TRACK:163;156;-1;3;4;0;2;3;3;1;5;1;1;10;25;6;9;1;2;4;7;-4.498769333500266;2;12;7;-4.318716683409604;4;5;14;2;2;3;0;4;4;10;0;0;12;10;0;21;-7.1441084657627565;17;3;3;3;2;12;9;0;2;1;2;3;19;4;7;9.77670663786749;0;4;13;2;19;13;5;5;2;12;21;-0.4404382884189596;1;2;2;0;15;11;6;14;5;0;10;23;1.2775432159707103;4;1;4;13;0;12;21;-2.8366901215063103;3;0;4;5;0;3;3;12;6;4;15;0;0;0;2;2;18;8;5;17;3;1;20;-0.10279538615253953;7;-4.349150988573054;0;4;1;21;7.790580850365601;14;4;5;21;-10.0;4;2;6;5;11;2;0;25;14;5;11
TRACK:164;158;-1;0;6;5;2;13;14;4;2;4;1;0;6;20;1.4311800991028356;6;15;1;2;0;2;4;19;2;23;-6.3241077713962985;10;1;5;7;-0.8246369880186442;4;7;0.7694526013910697;6;0;0;20;-8.158378983758965;16;2;22;1.4671617893377429;16;5;0;4;3;13;6;3;23;0.6092509789613398;3;3;3;4;0;3;2;11;23;-3.1519674132807602;2;0;22;3.0205723411417327;20;0.05920242887092428;2;19;10
TRACK:165;151;-1;3;4;0;2;3;3;1;5;1;1;10;25;6;9;1;2;4;7;-4.360944792192606;2;19;7;-4.517558718540042;1;14;8;2;2;3;0;4;4;10;0;0;12;10;0;21;-7.145757229224428;17;3;3;3;3;18;0;2;1;2;3;19;4;7;9.797402510969597;0;4;13;2;19;13;5;5;2;12;21;-0.5668667205407524;1;2;2;0;15;11;6;14;5;0;10;23;1.0828446759395243;4;1;4;13;0;12;21;-2.9204792378691;3;0;4;5;0;3;3;12;6;4;15;0;0;0;2;2;18;8;5;17;3;1;20;-0.299630315571108;7;-4.3059146404908635;0;4;1;21;7.910866655497639;14;4;5;21;-10.0;4;2;6;5;11;2;0;25;14;5;11
TRACK:166;153;-1;4;1;4;6;5;0;0;2;6;2;13;22;-4.593016704672339;5;3;10;2;4;6;23;6.3738728327925545;3;6;20;-6.217680606802436;4;2;2;6;8;5;17;2;6;10;5;9;1;1;1;1;6;5;2;5;18;2;11;12;1;6;3;4;9;1;1;3;11;2;12;22;-3.4558175309038246;4;5;18;6;0;4;6;1;13;12;6;3;1;20;3.665039461204141;22;2.998178865236093;4;3;6;1;2;3;25;0;18;10;0;1;11;11;2;7;-2.1508895438326743;10;0;4;1;3;6;1;5;19;4;19;6;1;5;5;11;1;4;17;6;23;-1.7731905444937885;3;1;2;1;6;2;10;11;4;5;9;3;6;1;8;10;0;4;5;5;12;0;2;0;8;21;3.6748268648695235;1;21;-8.270344325572403;20;-0.5316008543106068;1;5;25;1;20;7.930178373827603;9
TRACK:167;155;-1;4;1;5;3;6;4;1;4;5;5;8;4;6;1;23;7.778195377471644;15;5;1;0;0;2;6;2;4;17;5;15;6;0;6;9;0;8;23;-6.6490417319806445;6;2;6;3;20;4.321150903084646;0;4;20;-6.469185219586426;4;16;6;5;1;4;5;13;3;4;12;4;1;3;1;5;6;23;-2.3543798832001817;1;20;-8.71726148481137;18;1;5;4;3;20;-6.1017293708597125;6;1;3;22;-5.058119524175342;3;24
TRACK:168;157;-1;5;4;6;0;4;2;1;2;3;0;7;1.0638923391400268;17;3;2;25;9;2;6;0;21;-6.210294019433532;11;2;3;20;2.8163198839974872;0;15;8;3;0;5;0;10;18;3;4;24;0;1;5;2;0;0;23;-2.890032084671635;7;-4.505183122135731;2;25;17;6;2;24;15;5;3;2;1;11;9;6;8;0;6;4;2;1;16;18;2;18;20;2.5543768616509865;3;5;2;25;8
TRACK:169;159;-1;4;3;5;5;0;6;1;15;16;0;0;25;9;1;25;10
EVAL_INSTANCE:8:0:160
EVAL_INSTANCE:8:1:161
EVAL_INSTANCE:8:2:162
EVAL_INSTANCE:8:3:163
EVAL_INSTANCE:8:4:164
EVAL_INSTANCE:8:5:165
EVAL_INSTANCE:8:6:166
EVAL_INSTANCE:8:7:167
EVAL_INSTANCE:8:8:168
EVAL_INSTANCE:8:9:169
RUN_RESULT:8:0:0:2000:----
RUN_RESULT:8:1:0:2000:----
RUN_RESULT:8:2:0:2000:----
RUN_RESULT:8:3:0:2000:----
RUN_RESULT:8:4:0:2000:----
RUN_RESULT:8:5:0:2000:----
RUN_RESULT:8:6:0:2000:----
RUN_RESULT:8:7:0:2000:----
RUN_RESULT:8:8:0:2000:----
RUN_RESULT:8:9:0:2000:----
     9 |       90 |  0.000000E+00 | -0.000000E+00
TRACK:170;0;6;4;1;4;6;5;0;0;2;6;2;13;22;-4.603230904268843;5;3;10;2;4;6;23;6.343985849147831;3;6;20;-6.095482378500828;4;2;2;6;8;3;21;5.103361447273095;2;6;10;5;9;1;1;1;1;6;5;2;5;18;2;11;12;1;6;3;4;9;1;1;3;11;2;12;22;-3.3438064607914697;4;5;18;6;0;4;6;1;13;12;6;3;1;20;3.780097448197882;22;3.0440703342546716;4;3;6;1;2;3;25;0;18;10;0;1;11;11;2;7;-2.1657840898606917;11;0;4;1;3;6;1;5;19;4;19;6;1;5;5;11;1;4;17;6;23;-1.5924323230148332;3;1;2;1;6;2;10;11;4;5;9;3;6;1;8;10;0;4;5;5;12;0;2;0;8;21;3.5649811782570495;1;21;-8.29852661153094;20;-0.46752976461751317;1;5;25;1;20;7.682702362997276;9
TRACK:171;0;6;5;5;5;0;6;4;0;3;3;1;20;1.260791455111569;24;1;6;4;8;3;4;9;0;0;3;5;5;6;22;-6.785093994653115;5;3;3;2;7;-4.413278780454211;11;2;3;5;5;6;16;3;2;4;3;16;5;5;21;6.489639194072293
TRACK:172;7;9;4;1;5;3;6;4;1;4;5;5;8;4;6;1;23;7.671803656522261;15;5;1;0;0;2;6;2;4;17;5;15;6;0;6;9;0;8;23;-6.552680552158286;6;2;6;3;20;4.528669866956754;0;4;12;4;16;6;5;1;4;5;13;3;4;12;4;1;3;1;5;6;23;-2.4236166361332323;0;2;25;24;3;8;1;5;4;3;20;-6.0424245692499685;6;17
TRACK:173;7;9;1;15;1;3;0;4;3;4;5;5;0;10;15;0;1;4;6;2;1;11;13;6;18;4;4;1;0;9;10;0;17;14;3;3;6;6;3;24;2;6;3;5;3;5;0;1;16;16;4;15;5;1;6;1;5;5;3;10;6;6;5;19;4;1;5;0;4;25;4;23;-9.915517422434215;4;3;4;8
TRACK:174;1;4;0;6;3;1;5;1;5;5;2;2;7;-1.3953047492077264;16;0;16;15;0;5;5;0;9;20;-2.6753478607069088;3;5;4;14;4;0;2;2;6;2;23;-5.402986715272511;23;-8.979415523344642;1;5;19;0;9;17;4;3;3;13;6;4;1;6;7;3.064892568166309;5;23;-3.938027136348916;4;2;4;1;6;4;5;4;4;8;1;2;0;2;4;19;2;23;-6.406882129477614;10;1;5;7;-0.8955629571012391;4;7;0.7049487513734292;6;0;0;20;-8.149730036999966;16;2;22;1.4576976302495392;16;5;0;4;3;13;6;3;23;0.6408258153832591;3;3;3;4;0;3;2;11;23;-3.095446220809257;2;0;22;3.0982624044065776;20;-0.11076928616092552;2;19;10
TRACK:175;1;4;4;1;6;3;3;5;0;4;4;3;15;5;4;6;20;-2.0636358974695117;6;0;4;6;5;3;1;1;20;-1.8984417138207341;23;-6.406882129477614;1;11;20;-6.453792938009338;3;3;4;0;3;3;14;1;5;19;0;9;17
TRACK:176;7;6;4;1;5;3;6;4;1;4;5;5;8;4;6;1;23;7.671803656522261;15;5;1;0;0;2;6;2;4;17;5;15;6;0;6;9;0;8;23;-6.552680552158286;6;2;6;3;20;4.528669866956754;0;4;12;4;16;6;5;1;4;5;13;3;4;12;4;1;3;1;5;6;23;-2.4236166361332323;0;2;25;24;3;21;6.489639194072293;1;5;4;3;20;-6.0424245692499685;6;1;3;22;-5.199444144059939;3;24
TRACK:177;7;6;5;5;5;0;6;4;0;3;3;1;20;1.260791455111569;24;1;6;4;8;3;1;22;2.2030339291647074;25;0;0;3;5;5;6;22;-6.785093994653115;5;5;4;3;20;-6.0424245692499685;2;3;5;5;6;16;3;2;4;3;16;5;5;21;6.489639194072293
TRACK:178;3;5;3;3;6;0;2;0;3;2;6;5;20;-9.701764442078257;1;0;9;24;4;17;5;1;0;4;20;-7.4502268446463145;3;11;5;6;14;4;6;4;6;4;23;-8.262170189992226;1;3;3;1;1;1;25;10;1;14;8;5;2;13;25;1;0;4;2;0;8;7;6.79444641258058;0;25;19;1;3;4;21;-1.4984147464865476;3;6;24;4;2;0;6;17;25;1;4;14;2;16;14
TRACK:179;3;5;5;4;6;0;4;2;6;5;20;-9.701764442078257;3;0;5;0;10;18;3;4;24;0;1;5;2;0;0;23;-2.736537522069879;24;2;25;17;6;2;24;15;5;3;2;1;11;9;6;8;0;6;4;2;1;16;18;2;18;20;2.4143813332607316;3;2;2;1;15;16;3;22;-8.400983248688448;5;4;14
TRACK:180;170;-1;4;1;4;6;5;0;0;2;6;2;13;22;-4.610682083442033;5;3;10;2;4;6;23;6.604321741740178;3;6;20;-5.891950753466054;4;2;2;6;8;3;21;5.138094375190679;2;6;10;5;9;1;1;1;1;6;5;2;5;18;2;11;12;1;6;3;4;9;1;1;3;11;2;12;22;-3.292211826094092;6;5;9;6;0;4;6;1;13;12;6;3;1;20;3.643637132554738;22;2.9580049139418163;4;3;6;1;2;3;25;0;18;10;0;1;11;11;2;7;-2.227390943198914;11;0;4;1;3;6;1;5;19;4;19;6;1;5;5;11;1;4;17;6;23;-1.5800052413017804;3;1;2;1;6;2;10;11;4;5;9;3;6;1;8;10;0;4;5;5;12;0;2;0;8;21;3.6473568944292616;1;21;-8.318579927901933;20;-0.5483814779428704;1;5;25;1;20;7.754416305174949;9
TRACK:181;172;-1;4;1;5;3;6;4;1;4;5;5;8;4;6;1;23;7.637582146529589;15;5;1;0;0;2;6;2;4;17;5;15;6;0;6;9;0;8;23;-6.565459007160446;6;2;6;3;20;4.499897651118572;0;4;12;4;16;6;5;1;4;5;13;3;4;12;4;1;3;1;5;6;23;-2.640267420300928;0;2;25;24;3;8;1;5;4;3;20;-6.3218563025646946;6;17
TRACK:182;174;-1;0;6;3;1;5;1;5;5;2;2;7;-1.3151237578588284;16;0;16;15;0;5;5;0;9;20;-2.8334968537636414;3;5;4;14;4;0;2;2;6;2;23;-5.505417330251981;23;-9.056866830010248;1;5;19;0;9;17;4;3;3;13;6;4;1;6;7;3.1074788577955563;5;23;-4.006836855474261;4;2;4;1;6;4;5;4;4;8;1;2;0;2;4;19;2;23;-6.252554282758928;10;1;5;7;-0.9484545749990679;4;7;0.7431526972204984;6;0;0;20;-8.128132080685347;16;2;22;1.6926618675330958;16;5;0;4;3;13;6;3;23;0.605529911951961;3;3;3;4;0;3;2;15;23;-3.2349688843296613;2;0;22;3.088155571008229;20;-0.03610693628235613;2;19;10
TRACK:183;176;-1;4;1;2;14;23;8.924373956945775;5;1;0;0;2;6;2;4;17;5;15;6;0;6;9;0;8;23;-6.779112973860468;6;2;6;3;20;4.448541211820331;0;4;12;4;16;6;5;1;4;5;13;3;4;12;4;1;3;1;5;6;23;-2.5055124470392696;0;2;25;24;3;21;6.411332377153121;1;5;4;3;20;-6.0358414121431405;6;1;3;22;-5.175962313189615;3;24
TRACK:184;178;-1;3;3;6;0;2;0;3;2;6;5;20;-9.680391273860733;1;0;9;24;4;17;5;1;0;4;20;-7.239589174169864;3;11;5;6;14;4;6;4;6;4;23;-8.346075690937242;1;3;3;1;1;1;25;10;1;14;8;5;2;13;25;1;0;4;2;0;8;7;6.67081820359069;0;25;19;1;3;4;21;-1.3842426525208469;3;6;24;4;2;0;6;25;25;1;4;14;2;16;14
TRACK:185;171;-1;5;5;5;0;6;4;0;3;3;1;20;1.3615647149805494;24;1;6;4;8;0;4;15;1;23;2.8605892072900385;17;0;0;3;5;5;6;22;-6.92884499347225;5;3;3;2;7;-4.340658032875432;11;2;3;5;5;6;16;3;2;4;3;16;5;5;21;6.42495627753883
TRACK:186;173;-1;1;15;1;3;0;4;3;4;5;5;0;20;-3.8310695520008746;15;0;1;4;6;2;1;11;13;6;18;4;4;1;0;9;10;0;17;14;3;3;6;6;3;24;2;6;3;5;3;5;0;1;16;16;4;15;5;1;6;1;5;5;3;10;6;6;5;19;4;1;5;0;4;25;4;23;-9.84353743140671;4;3;4;8
TRACK:187;175;-1;4;1;6;3;3;5;0;4;4;6;11;5;4;6;20;-2.1614311396873322;6;0;4;6;5;3;1;1;20;-1.8752754464225703;23;-6.440037846646018;1;11;20;-6.447975372705661;3;3;4;0;3;3;14;1;5;19;0;9;17
TRACK:188;177;-1;5;5;5;0;6;6;8;0;0;3;5;5;6;22;-6.758099710970522;5;5;4;3;20;-6.030741393536807;2;3;5;5;6;16;3;2;4;3;16;5;5;21;6.613670223163952
TRACK:189;179;-1;5;4;6;0;4;2;6;5;20;-9.739951099023923;3;0;5;2;23;6.029503093574299;23;4.8622124561603535;3;4;24;0;1;5;2;0;0;23;-2.6831614522950047;24;2;25;17;6;2;24;15;5;3;2;1;11;9;6;8;0;6;4;2;1;16;18;2;18;20;2.4246136766779625;3;2;2;1;15;16;3;22;-8.233637653646763;5;4;14
EVAL_INSTANCE:9:0:180
EVAL_INSTANCE:9:1:181
EVAL_INSTANCE:9:2:182
EVAL_INSTANCE:9:3:183
EVAL_INSTANCE:9:4:184
EVAL_INSTANCE:9:5:185
EVAL_INSTANCE:9:6:186
EVAL_INSTANCE:9:7:187
EVAL_INSTANCE:9:8:188
EVAL_INSTANCE:9:9:189
RUN_RESULT:9:0:0:2000:----
RUN_RESULT:9:1:0:2000:----
RUN_RESULT:9:2:0:2000:----
RUN_RESULT:9:3:0:2000:----
RUN_RESULT:9:4:0:2000:----
RUN_RESULT:9:5:0:2000:----
RUN_RESULT:9:6:0:2000:----
RUN_RESULT:9:7:0:2000:----
RUN_RESULT:9:8:0:2000:----
RUN_RESULT:9:9:0:2000:----
    10 |      100 |  0.000000E+00 | -0.000000E+00
TRACK:190;9;1;1;4;2;5;1;6;1;3;4;1;9;15;3;3;3;15;6;0;0;0;6;24;3;17;5;5;23;-5.070642976499964;6;6;0;25;24;1;4;3;2;4;3;23;0.6408258153832591;2;0;0;21;-3.1996123640033947;25;6;10;6;4;21;0.7686611917713453;2;0;1;5;3;2;23;-1.3494932688328234;25;6;5;1;7;1.1511193950977887;17;2;0;3;0;15;20;-1.9286768630757436;3;1;19;17;1;2;4;16;0;23;8.663426016447893;21;-9.151397488480889;6;3;21;-7.96184902568152;4;1;4;5;1;19;9;2;3;5;15;5;1;15;25;1;3;0;4;3;4;5;5;0;10;15;0;1;4;6;2;1;11;13;6;18;4;4;1;0;9;10;0;17;14;3;3;6;6;3;24;2;6;3;5;3;5;0;1;16;16;4;15;5;1;6;1;5;5;3;10;6;6;5;19;4;1;5;0;4;25;4;23;-9.915517422434215;4;3;4;8
TRACK:191;9;1;0;6;3;1;5;1;5;5;2;2;7;-1.3953047492077264;16;0;16;15;0;5;5;0;9;20;-2.6753478607069088;3;5;4;14;4;0;2;2;6;2;23;-5.402986715272511;23;-8.979415523344642;6;5;16;4;3;3;13;6;4;1;6;7;3.064892568166309;5;23;-3.938027136348916;4;2;4;1;6;4;5;4;4;8;1;2;0;2;4;19;2;23;-6.406882129477614;10;1;5;7;-0.8955629571012391;4;7;0.7049487513734292;6;0;0;20;-8.149730036999966;16;2;22;1.4576976302495392;16;5;0;4;3;13;6;3;23;0.6408258153832591;3;3;3;4;0;3;15;2;0;22;3.0982624044065776;20;-0.11076928616092552;2;19;10
TRACK:192;7;6;4;1;5;3;6;4;1;4;5;5;8;4;6;1;23;7.671803656522261;15;5;1;0;0;2;6;2;4;17;5;15;6;0;6;9;0;8;23;-6.552680552158286;6;2;6;3;20;4.528669866956754;0;4;12;4;16;6;5;1;4;5;13;3;4;12;4;1;3;1;5;6;23;-2.4236166361332323;0;2;22;-6.785093994653115;24;3;8;1;5;4;3;20;-6.0424245692499685;6;1;3;22;-5.199444144059939;3;24
TRACK:193;7;6;5;5;5;0;6;4;0;3;3;1;20;1.260791455111569;24;1;6;4;8;3;1;22;2.2030339291647074;25;0;0;3;5;5;6;22;-6.785093994653115;5;3;3;2;7;-4.413278780454211;11;2;3;5;5;6;16;3;2;4;3;16;5;5;21;6.489639194072293
TRACK:194;5;3;5;4;6;0;4;2;1;2;3;0;7;1.1352015811540745;17;3;2;25;9;2;6;0;21;-6.306980080885323;11;2;3;20;2.8731534184708174;0;15;8;3;0;4;17;3;4;24;0;1;5;2;0;0;23;-2.736537522069879;24;2;25;17;6;2;24;15;5;3;2;1;11;9;6;8;0;6;4;2;1;16;18;2;18;20;2.4143813332607316;3;2;2;1;15;16;3;22;-8.400983248688448;5;4;14
TRACK:195;5;3;3;3;6;0;2;0;3;2;6;5;20;-9.701764442078257;1;0;9;24;4;17;5;1;0;4;20;-7.4502268446463145;3;11;5;6;14;4;6;4;6;4;23;-8.262170189992226;1;3;3;1;1;1;25;10;1;14;8;5;2;13;25;1;0;4;2;0;8;7;6.79444641258058;0;25;19;1;3;4;21;-1.4984147464865476;3;6;10;4;2;0;6;17;4;13;1;4;14;2;16;14
TRACK:196;6;7;5;5;5;0;6;4;0;3;3;1;20;1.260791455111569;24;1;6;4;8;3;1;22;2.2030339291647074;25;0;0;3;5;5;6;22;-6.785093994653115;5;3;3;2;7;-4.413278780454211;11;2;25;24
TRACK:197;6;7;4;1;5;3;6;4;1;4;5;5;8;4;7;-4.413278780454211;5;1;0;0;2;6;2;4;17;5;15;6;0;6;9;0;8;23;-6.552680552158286;6;2;6;3;20;4.528669866956754;0;4;12;4;16;6;5;1;4;5;13;3;4;12;4;1;3;1;5;6;23;-2.4236166361332323;0;2;25;24;3;8;1;5;4;3;20;-6.0424245692499685;6;1;3;22;-5.199444144059939;3;24
TRACK:198;8;9;4;3;5;5;3;3;4;5;5;2;9;14
TRACK:199;8;9;1;4;2;5;1;6;1;3;4;1;9;15;3;3;3;15;6;0;0;0;6;24;3;17;5;5;23;-5.070642976499964;6;6;0;25;24;1;4;3;2;4;1;3;21;1.1513147414425333;1;15;11;2;0;0;21;-3.1996123640033947;25;6;10;6;4;21;0.7686611917713453;2;0;1;5;3;2;23;-1.3494932688328234;25;6;5;1;7;1.1511193950977887;17;2;0;3;0;15;20;-1.9286768630757436;3;1;19;17;1;2;4;16;0;23;8.663426016447893;21;-9.151397488480889;6;3;21;-7.96184902568152;4;1;4;5;1;19;9;2;3;5;15;5;1;15;13;1;3;0;4;3;4;5;5;0;10;15;0;1;4;6;2;1;11;13;6;18;4;4;1;0;9;10;0;17;14;3;3;6;6;3;24;2;6;3;5;3;5;0;1;16;16;4;15;5;1;6;1;5;5;3;10;6;6;5;19;4;1;5;0;4;25;4;23;-9.915517422434215;4;3;4;8
TRACK:200;190;-1;1;4;2;5;1;6;1;3;4;1;9;15;3;3;3;15;6;0;0;0;6;24;3;17;5;5;23;-5.077219467472884;6;6;0;25;24;1;4;3;2;4;3;23;0.6877431050040346;2;0;0;21;-3.236586588926044;25;6;10;6;4;21;0.7636076040186167;2;0;1;5;3;2;23;-1.3191136166120145;25;6;5;1;7;1.3130962147185739;17;2;0;3;0;15;20;-2.0268721551476863;3;1;19;17;1;2;4;16;0;23;8.545441154620214;21;-9.205565262690145;6;3;21;-7.92821232586863;4;1;4;5;1;19;9;2;3;5;15;5;1;15;25;1;3;0;4;3;4;5;5;0;10;15;0;1;4;6;2;1;11;13;6;18;4;4;1;0;9;10;0;24;17;3;3;6;6;3;24;2;6;3;5;3;5;0;1;16;16;4;15;5;1;6;1;5;5;3;10;6;6;5;19;4;1;5;0;4;25;4;23;-10.0;4;3;4;8
TRACK:201;7;-1;4;1;5;3;6;4;1;4;5;5;8;4;6;1;23;7.662418765777666;15;5;1;0;0;2;6;2;4;17;5;15;6;0;6;9;0;8;23;-6.586476863784459;6;2;6;3;20;4.528159691370034;0;4;12;4;16;6;5;1;4;5;13;3;4;12;4;1;3;1;3;17;0;2;25;24;3;8;1;5;4;3;20;-6.145570038273354;6;1;3;22;-5.117703790482348;3;24
TRACK:202;194;-1;5;4;6;0;4;2;1;2;3;0;7;1.287622678642664;17;3;2;25;9;2;6;0;21;-6.242652452785187;11;2;3;20;2.884647279611175;0;15;8;3;0;4;17;3;4;24;0;1;5;2;0;0;23;-2.781746862887171;24;2;25;17;6;2;24;15;5;3;3;8;0;6;4;2;1;16;18;2;18;20;2.546011899482135;3;2;2;1;15;16;3;22;-8.444671751114676;5;4;14
TRACK:203;196;-1;5;5;5;0;6;5;13;0;0;3;5;5;6;22;-6.810204822664736;5;3;3;2;7;-4.335491799395978;11;2;25;24
TRACK:204;198;-1;4;3;5;4;3;1;2;1;11;7;0.7205966004372772;0;8;7;-4.859201282395407;2;2;9;22;0.46344726829688376;0;24;20;5.300214099737762
TRACK:205;191;-1;0;6;3;1;5;1;5;5;2;2;7;-1.391128909816542;16;0;16;15;0;5;5;0;9;20;-2.6662071392455475;3;5;4;14;4;0;2;2;6;2;23;-5.409656861388982;23;-9.037393261016186;6;5;16;4;3;3;13;6;4;1;6;7;3.0780288093111783;5;23;-3.923940740198287;4;2;4;1;6;4;5;4;4;8;1;2;0;2;4;19;2;23;-6.379040295835866;10;1;5;7;-0.897482685148275;4;7;0.6244958964677618;6;0;0;15;16;2;22;1.4553335682498485;16;5;0;4;3;13;6;3;23;0.6185802816823637;3;3;3;4;0;3;15;2;0;22;3.1192815512177683;20;-0.23866439821445115;2;19;10
TRACK:206;6;-1;5;5;5;0;6;4;0;3;3;1;20;1.3456097882332532;24;1;6;4;8;3;1;22;2.1648622524216403;25;0;0;3;5;4;25;5;3;3;2;7;-4.3373604434880715;11;2;3;5;5;6;16;3;2;4;3;16;5;5;21;6.578308796319241
TRACK:207;195;-1;3;3;6;0;2;0;3;2;6;5;20;-9.735282336601047;1;0;9;24;4;17;5;1;0;4;20;-7.389487649814345;3;11;5;6;14;4;6;4;6;4;23;-8.371554929251028;1;4;5;0;5;0;18;20;9.161607629139958;3;6;10;1;0;4;2;0;8;7;6.829866677604151;0;25;19;1;3;4;21;-1.4294628920729537;3;6;10;4;2;0;6;17;4;13;1;4;14;2;16;14
TRACK:208;197;-1;4;1;5;3;6;4;1;4;5;5;8;4;7;-4.6243327551999585;5;1;0;0;2;6;2;4;17;5;15;6;0;6;9;0;8;23;-6.541840740928652;6;3;3;3;8;6;5;1;4;5;13;3;4;12;4;1;3;1;5;6;23;-2.42732544904884;0;2;25;24;3;8;1;5;4;3;20;-6.122095059684265;6;1;3;22;-5.1705203460095035;3;24
TRACK:209;199;-1;1;4;2;5;1;6;1;3;4;1;9;15;3;3;3;15;6;0;0;0;6;24;3;17;5;5;23;-5.055487125021624;6;6;0;25;23;-8.832866902972526;1;4;3;2;4;1;3;21;1.244313950338826;1;15;11;2;0;0;21;-3.3485134997526265;25;6;10;6;4;21;0.8367821210477647;2;0;1;5;3;2;23;-1.4250902434415416;25;6;5;1;7;1.1517861964692107;17;2;0;3;0;15;20;-2.003017150726292;3;1;19;17;1;2;4;16;0;23;8.698248159041267;21;-9.041974911463603;6;3;21;-7.995432169218577;4;1;4;5;1;19;9;2;3;5;15;5;1;15;13;1;3;0;4;3;4;5;5;0;10;15;0;1;4;6;2;1;11;13;6;18;4;4;1;0;9;10;0;17;14;3;3;6;6;3;24;2;6;3;5;3;5;0;1;16;16;4;15;5;1;6;1;5;5;3;10;6;6;5;19;4;1;5;0;4;25;4;23;-9.832725559757233;4;3;4;8
EVAL_INSTANCE:10:0:200
EVAL_INSTANCE:10:1:201
EVAL_INSTANCE:10:2:202
EVAL_INSTANCE:10:3:203
EVAL_INSTANCE:10:4:204
EVAL_INSTANCE:10:5:205
EVAL_INSTANCE:10:6:206
EVAL_INSTANCE:10:7:207
EVAL_INSTANCE:10:8:208
EVAL_INSTANCE:10:9:209
RUN_RESULT:10:0:0:2000:----
RUN_RESULT:10:1:0:2000:----
RUN_RESULT:10:2:0:2000:----
RUN_RESULT:10:3:0:2000:----
RUN_RESULT:10:4:0:2000:----
RUN_RESULT:10:5:0:2000:----
RUN_RESULT:10:6:0:2000:----
RUN_RESULT:10:7:0:2000:----
RUN_RESULT:10:8:0:2000:----
RUN_RESULT:10:9:0:2000:----
    11 |      110 |  0.000000E+00 | -0.000000E+00
TRACK:210;0;4;4;1;4;6;5;0;0;2;6;2;13;22;-4.603230904268843;5;3;10;2;4;5;19;3;6;20;-6.095482378500828;4;2;2;6;8;3;21;5.103361447273095;2;6;10;5;9;1;1;1;1;6;5;2;5;18;2;11;12;1;6;3;4;9;1;1;3;11;2;12;22;-3.3438064607914697;4;5;18;6;0;4;6;1;13;12;6;3;1;20;3.780097448197882;22;3.0440703342546716;4;3;6;1;2;3;25;0;18;10;0;1;11;11;2;7;-2.1657840898606917;19;0;4;1;3;6;1;5;19;4;19;6;1;5;5;11;1;4;17;6;23;-1.5924323230148332;3;1;2;1;6;2;10;11;4;5;9;3;6;1;8;10;0;4;5;5;12;0;2;0;8;21;3.5649811782570495;1;21;-8.29852661153094;20;-0.46752976461751317;1;5;25;1;20;7.682702362997276;9
TRACK:211;0;4;4;1;6;3;3;5;0;4;4;3;15;5;4;6;20;-2.0636358974695117;6;0;4;6;5;3;3;6;20;-6.095482378500828;3;3;4;0;3;3;14;1;5;19;0;9;17
TRACK:212;8;1;4;3;5;5;3;3;2;23;-5.402986715272511;23;-8.979415523344642
TRACK:213;8;1;0;6;3;1;5;1;5;5;2;2;7;-1.3953047492077264;16;0;16;15;0;5;5;0;9;20;-2.6753478607069088;3;5;4;14;4;0;2;2;6;2;23;-5.402986715272511;23;-8.979415523344642;6;5;16;4;3;3;13;6;4;1;6;7;3.064892568166309;5;23;-3.938027136348916;4;2;4;1;6;4;5;4;4;8;1;5;5;2;13;14;5;0;4;3;13;6;3;23;0.6408258153832591;3;3;3;4;0;3;2;11;23;-3.095446220809257;2;0;22;3.0982624044065776;20;-0.11076928616092552;2;19;10
TRACK:214;9;5;1;4;2;5;1;6;1;3;4;1;9;15;3;3;3;15;6;0;0;0;6;24;3;17;5;5;23;-5.070642976499964;6;6;0;25;24;1;4;3;2;4;1;3;21;1.1513147414425333;1;15;11;2;0;0;21;-3.1996123640033947;25;6;10;6;4;21;0.7686611917713453;2;0;1;5;3;2;23;-1.3494932688328234;25;6;5;1;7;1.1511193950977887;17;2;0;3;0;15;20;-1.9286768630757436;3;1;19;17;1;2;4;16;0;23;8.663426016447893;21;-9.151397488480889;6;3;21;-7.96184902568152;4;1;4;5;1;19;9;2;3;5;15;5;1;15;25;1;3;0;4;3;4;5;5;0;10;15;0;1;4;3;0;7;1.1352015811540745;17;4;4;1;0;9;10;0;17;14;3;3;6;6;3;24;2;6;3;5;3;5;0;1;16;16;4;15;5;1;6;1;5;5;3;10;6;6;5;19;4;1;5;0;4;25;4;23;-9.915517422434215;4;3;4;8
TRACK:215;9;5;5;4;6;0;4;2;1;2;3;0;7;1.1352015811540745;23;-1.3494932688328234;3;2;25;9;2;6;0;21;-6.306980080885323;11;2;3;20;2.8731534184708174;0;15;8;3;0;5;0;10;18;3;4;24;0;1;5;2;0;0;23;-2.736537522069879;24;2;25;17;6;2;24;15;5;3;2;1;11;9;6;8;0;6;4;2;1;16;18;2;18;20;2.4143813332607316;3;2;2;1;15;16;3;22;-8.400983248688448;5;4;14
TRACK:216;6;7;5;5;5;0;6;4;0;3;3;1;20;1.260791455111569;24;1;6;4;8;3;1;22;2.2030339291647074;25;5;6;23;-2.4236166361332323
TRACK:217;6;7;4;1;5;3;6;4;1;4;5;5;8;4;6;1;23;7.671803656522261;15;5;1;0;0;2;6;2;4;17;5;15;6;0;6;9;0;8;23;-6.552680552158286;6;2;6;3;20;4.528669866956754;0;4;12;4;16;6;5;1;4;5;13;3;4;12;4;1;3;1;5;6;23;-2.4236166361332323;0;2;25;7;-4.413278780454211;3;8;1;5;4;3;20;-6.0424245692499685;6;1;3;22;-5.199444144059939;3;24
TRACK:218;2;9;3;4;0;2;3;3;1;5;1;1;10;25;6;9;1;2;4;7;-4.369929423587575;2;12;7;-4.398710777840968;4;5;14;2;2;3;0;4;4;10;0;0;12;10;0;21;-7.133759821978964;17;3;3;3;3;18;0;2;1;2;3;19;4;10;0;4;13;2;19;13;5;5;2;12;21;-0.4436517457628302;1;2;2;0;15;11;6;14;5;0;10;23;1.192169254850242;4;1;4;13;0;12;21;-2.8641750531555505;3;0;4;5;0;3;3;12;6;4;15;0;0;0;2;2;18;8;5;17;3;1;20;-0.2294028281324998;7;-4.245696521492417;0;4;1;21;7.879313521243596;14;4;5;21;-9.966007950084038;4;2;6;5;11;2;0;25;14;5;11
TRACK:219;2;9;1;4;2;5;1;6;1;3;4;1;9;15;3;3;3;15;6;0;0;0;6;24;3;17;5;5;23;-5.070642976499964;6;6;0;25;24;1;4;3;2;4;1;3;21;1.1513147414425333;1;15;11;2;0;0;21;-3.1996123640033947;25;12;6;4;21;0.7686611917713453;2;0;1;5;3;2;23;-1.3494932688328234;25;6;5;1;7;1.1511193950977887;17;2;0;3;0;15;20;-1.9286768630757436;3;1;19;17;1;2;4;16;0;23;8.663426016447893;21;-9.151397488480889;6;3;21;-7.96184902568152;4;1;4;5;1;19;9;2;3;5;15;5;1;15;25;1;3;0;4;3;4;5;5;0;10;15;0;1;4;6;2;1;11;13;6;18;4;4;1;0;9;10;0;17;14;3;3;6;6;3;24;2;6;3;5;3;5;0;1;16;16;4;15;5;1;6;1;5;5;3;10;6;6;5;19;4;1;5;0;4;25;4;23;-9.915517422434215;4;3;4;8
TRACK:220;210;-1;4;1;4;6;5;0;0;2;6;2;13;22;-4.623851867996293;5;3;10;2;4;5;19;3;6;20;-6.064745752567818;4;2;2;6;8;3;21;4.997979615035644;2;6;10;5;9;1;1;1;1;6;5;2;5;18;2;11;12;1;6;3;4;9;1;1;3;11;2;12;22;-3.346000258737443;4;5;18;6;0;4;6;1;13;12;6;3;1;20;3.768604916231018;22;3.1915777864473007;4;3;6;1;2;3;25;0;18;10;0;1;11;11;2;7;-2.02186385450165;19;0;4;1;3;6;1;5;19;4;19;6;1;5;5;11;1;4;17;6;23;-1.5860384724400742;3;1;2;1;6;2;10;11;4;5;9;3;6;1;8;10;0;4;5;5;12;0;2;0;8;21;3.6917340844413236;1;21;-8.274922814811866;20;-0.49489518775221386;1;5;25;1;20;7.820284780695765;15
TRACK:221;212;-1;4;3;5;2;6;4;1;1;2;9;21;-1.3090477984252242;1;8;15;4;5;17;3;5;4;0;5;21;-8.050845629190011;4;12
TRACK:222;214;-1;1;4;2;5;1;6;1;3;4;1;9;15;3;3;3;15;6;0;0;0;6;24;3;17;5;5;23;-5.042179848465143;6;6;0;25;24;1;4;3;2;4;1;2;24;21;2.8024439786001523;1;15;11;2;0;0;21;-3.2670897952396603;25;6;10;6;4;21;0.8290018078269303;2;0;1;5;3;2;23;-1.2710081095246903;25;6;5;1;7;1.0741922447346721;17;2;0;3;0;15;20;-1.9242520482896368;3;1;19;17;1;2;4;16;0;23;8.608607557385746;21;-9.157098430192029;6;3;21;-7.97400595512476;4;1;4;5;1;19;9;2;3;5;15;5;1;15;25;1;3;0;4;3;4;5;5;0;10;15;0;1;4;3;0;7;1.1546291612435513;17;4;4;1;0;9;10;0;17;14;3;3;6;6;3;24;2;6;3;5;3;5;0;1;16;16;4;15;5;1;6;1;5;5;3;10;6;6;5;19;4;1;5;0;4;25;4;23;-9.872606819846096;4;3;4;8
TRACK:223;216;-1;5;5;5;0;6;4;0;3;3;1;20;1.0975630376794567;24;1;6;4;15;3;1;22;2.0950821641582396;25;5;6;23;-2.4229004596574404
TRACK:224;218;-1;3;4;0;2;3;3;1;5;1;1;10;25;6;9;1;2;4;7;-4.287339601442247;2;12;7;-4.360750399026196;4;5;14;2;2;3;0;4;4;10;0;0;12;10;0;21;-7.036157713611237;17;3;3;3;3;18;0;2;1;2;3;19;4;10;0;4;13;2;19;13;5;5;2;12;21;-0.47479445506536055;1;2;2;0;15;11;6;14;5;0;10;20;-1.9494942943730127;4;1;4;13;0;12;21;-2.825503765961184;3;0;4;5;0;3;3;12;6;4;15;0;0;0;2;2;18;8;5;17;3;1;20;-0.2695065947232657;7;-4.165440403877465;0;4;1;21;7.945597852310701;14;4;5;21;-10.0;4;2;6;5;11;2;0;25;14;5;11
TRACK:225;211;-1;4;1;6;3;3;5;0;4;4;3;15;5;4;6;20;-2.119863326125487;6;4;3;1;5;5;13;0;0;21;7.160898594983859;9;1;25;11
TRACK:226;213;-1;0;6;3;1;5;1;5;5;2;2;7;-1.3618746858179513;16;0;16;15;0;5;5;0;9;20;-2.739020912530562;3;5;4;14;4;0;2;2;6;2;23;-5.496245237421911;23;-9.04707900285867;6;5;16;4;3;3;13;6;4;1;6;7;2.9739342809318963;5;23;-3.9174950832486433;4;2;4;1;6;4;5;4;4;8;1;5;5;2;13;14;5;0;4;3;13;6;3;23;0.43025231964821176;3;3;3;4;0;3;2;11;23;-3.025098821548945;2;0;22;3.0166541876345763;20;-0.022694732409726942;2;19;23;6.230533279239598
TRACK:227;215;-1;5;4;6;0;4;2;1;2;3;0;7;1.1912440834757552;23;-1.2984026881944821;3;2;25;9;2;6;0;21;-6.390817444871386;11;2;3;20;2.8715353041708633;0;15;8;3;0;5;0;10;18;3;4;24;0;1;5;2;0;0;23;-2.787946428544065;24;2;25;17;6;2;24;15;5;3;2;1;11;9;6;8;0;0;2;2;15;23;-5.835930976937149;6;24;2;3;13;6;24;3;2;2;1;15;16;3;22;-8.46283852151182;5;4;14
TRACK:228;217;-1;4;1;5;3;6;4;1;4;5;5;8;4;6;1;23;7.602315048426543;15;5;1;0;0;2;6;2;4;17;5;15;6;0;6;9;0;8;23;-6.582366040189613;6;2;6;3;20;4.565076229707382;0;1;15;24;4;16;6;5;1;4;5;13;3;4;12;4;1;3;1;5;6;23;-2.511204359210325;0;2;25;7;-4.269621062506859;3;8;1;5;4;3;20;-5.988511875705753;6;1;3;22;-5.157683296218295;3;24
TRACK:229;219;-1;1;4;2;5;1;6;1;3;4;1;9;15;3;3;3;15;6;0;0;0;6;24;3;17;5;5;23;-4.998319079726041;6;6;0;25;24;1;4;3;2;4;1;3;21;1.2081778669458152;4;14;2;0;0;21;-2.98793988458127;25;12;6;4;21;0.9142382465753083;2;0;1;5;3;2;23;-1.3955205427917023;25;6;5;1;7;1.2303292287207968;17;2;0;3;0;15;20;-2.0230531396181304;3;1;19;17;1;2;4;16;0;23;8.633633677389026;21;-9.081957534298786;6;3;21;-8.040585256912076;4;1;4;5;1;19;9;2;3;5;15;5;1;15;25;1;3;0;4;3;4;5;5;0;10;15;0;1;4;6;2;1;11;13;6;18;4;4;1;0;9;10;0;17;14;3;3;6;6;3;24;2;6;3;5;3;5;0;1;16;16;4;15;5;1;6;1;5;5;3;10;6;6;5;19;4;1;5;0;4;25;4;23;-9.802709084045395;4;3;4;8
EVAL_INSTANCE:11:0:220
EVAL_INSTANCE:11:1:221
EVAL_INSTANCE:11:2:222
EVAL_INSTANCE:11:3:223
EVAL_INSTANCE:11:4:224
EVAL_INSTANCE:11:5:225
EVAL_INSTANCE:11:6:226
EVAL_INSTANCE:11:7:227
EVAL_INSTANCE:11:8:228
EVAL_INSTANCE:11:9:229
RUN_RESULT:11:0:0:2000:----
RUN_RESULT:11:1:0:2000:----
RUN_RESULT:11:2:0:2000:----
RUN_RESULT:11:3:0:2000:----
RUN_RESULT:11:4:0:2000:----
RUN_RESULT:11:5:0:2000:----
RUN_RESULT:11:6:0:2000:----
RUN_RESULT:11:7:0:2000:----
RUN_RESULT:11:8:0:2000:----
RUN_RESULT:11:9:0:2000:----
    12 |      120 |  0.000000E+00 | -0.000000E+00
TRACK:230;8;0;4;3;5;5;3;3;4;5;5;2;13;10
TRACK:231;8;0;4;1;4;6;5;0;0;2;6;2;13;22;-4.603230904268843;5;3;10;2;4;6;23;6.343985849147831;3;6;20;-6.095482378500828;4;2;2;6;8;3;21;5.103361447273095;2;6;10;5;9;1;1;1;1;6;5;2;5;18;2;11;12;1;6;3;4;9;1;1;3;11;2;12;22;-3.3438064607914697;4;5;18;6;0;4;6;1;13;12;6;3;1;20;3.780097448197882;22;3.0440703342546716;4;3;6;1;2;3;25;0;18;10;0;1;11;11;2;7;-2.1657840898606917;19;0;4;1;3;6;1;5;19;4;19;6;1;5;5;11;1;4;17;6;23;-1.5924323230148332;3;1;2;1;6;2;14;11;4;5;9;3;6;1;8;10;0;4;5;5;12;0;2;0;8;21;3.5649811782570495;1;21;-8.29852661153094;20;-0.46752976461751317;1;5;25;1;20;7.682702362997276;9
TRACK:232;7;4;4;1;5;3;6;4;1;4;5;5;8;4;6;1;23;7.671803656522261;15;5;1;0;0;2;6;2;4;17;5;15;6;0;6;9;0;8;23;-6.552680552158286;6;2;6;3;20;4.528669866956754;0;4;12;4;16;3;1;1;20;-1.8984417138207341;12;1;11;20;-6.453792938009338;4;1;3;1;5;6;23;-2.4236166361332323;0;2;25;24;3;8;1;5;4;3;20;-6.0424245692499685;6;1;3;22;-5.199444144059939;3;24
TRACK:233;7;4;4;1;6;3;3;5;0;4;4;3;15;5;4;6;20;-2.0636358974695117;6;0;4;6;5;3;1;1;20;-1.8984417138207341;25;1;11;20;-6.453792938009338;3;3;4;0;3;3;14;1;5;19;0;9;17
TRACK:234;2;1;3;4;0;2;3;3;1;5;1;1;10;25;6;9;1;2;4;7;-4.369929423587575;2;12;7;-4.398710777840968;4;5;14;2;2;3;0;4;4;10;0;0;12;10;0;21;-7.133759821978964;17;3;3;3;3;18;0;2;1;2;3;19;4;7;9.835895344278278;0;4;13;2;19;13;5;5;2;12;21;-0.4436517457628302;1;2;2;0;15;11;6;14;5;0;10;23;1.192169254850242;4;1;4;13;0;12;21;-2.8641750531555505;3;0;4;5;0;3;3;12;6;4;15;0;0;0;2;2;18;8;5;17;3;1;20;-0.2294028281324998;7;-4.245696521492417;0;4;3;13;4;5;21;-9.966007950084038;4;2;6;5;11;2;0;25;14;5;11
TRACK:235;2;1;0;6;3;1;5;1;5;5;2;2;7;-1.3953047492077264;16;0;16;15;0;5;5;0;9;20;-2.6753478607069088;3;5;4;14;4;0;2;2;6;2;23;-5.402986715272511;23;-8.979415523344642;6;5;16;4;3;3;13;6;4;2;0;25;14;5;11;4;2;4;1;6;4;5;4;4;8;1;2;0;2;4;19;2;23;-6.406882129477614;10;1;5;7;-0.8955629571012391;4;7;0.7049487513734292;6;0;0;20;-8.149730036999966;16;2;22;1.4576976302495392;16;5;0;4;3;13;6;3;23;0.6408258153832591;3;3;3;4;0;3;2;11;23;-3.095446220809257;2;0;22;3.0982624044065776;20;-0.11076928616092552;2;19;10
TRACK:236;3;6;3;3;6;0;2;0;3;2;4;3;16;5;5;21;6.489639194072293;5;1;0;4;20;-7.4502268446463145;3;11;5;6;14;4;6;4;6;4;23;-8.262170189992226;1;3;3;1;1;1;25;10;1;14;8;5;2;13;25;1;0;4;2;0;8;7;6.79444641258058;0;25;19;1;3;4;21;-1.4984147464865476;3;6;24;4;2;0;6;17;4;13;1;4;14;2;16;14
TRACK:237;3;6;5;5;5;0;6;4;0;19;1;6;4;8;3;1;22;2.2030339291647074;25;0;0;3;5;5;6;22;-6.785093994653115;5;3;3;2;7;-4.413278780454211;11;2;3;5;5;6;16;3;2;4;3;16;5;5;21;6.489639194072293
TRACK:238;5;0;5;4;6;0;4;2;1;2;3;0;7;1.1352015811540745;17;3;2;25;9;2;6;0;21;-6.306980080885323;11;2;3;20;2.8731534184708174;0;15;8;3;0;5;0;10;18;3;4;24;0;1;5;2;0;0;23;-2.736537522069879;24;2;25;17;6;2;24;15;5;3;2;1;11;9;6;8;0;6;4;2;1;16;18;2;18;20;2.4143813332607316;3;2;2;1;15;16;3;13;5;4;14
TRACK:239;5;0;4;1;4;6;5;0;0;2;6;2;13;22;-4.603230904268843;5;3;10;2;4;6;23;6.343985849147831;3;6;20;-6.095482378500828;4;2;2;6;8;3;21;5.103361447273095;16;1;1;1;1;6;5;2;5;18;2;11;12;1;6;3;4;9;1;1;3;11;2;12;22;-3.3438064607914697;4;5;18;6;0;4;6;1;13;12;6;3;1;20;3.780097448197882;22;3.0440703342546716;4;3;6;1;2;3;25;0;18;10;0;1;11;11;2;7;-2.1657840898606917;19;0;4;1;3;6;1;5;19;4;19;6;1;5;5;11;1;4;17;6;23;-1.5924323230148332;3;1;2;1;6;2;10;11;4;5;9;3;6;1;8;10;0;4;5;5;12;0;2;0;8;21;3.5649811782570495;1;21;-8.29852661153094;20;-0.46752976461751317;1;5;25;1;20;7.682702362997276;9
TRACK:240;230;-1;4;3;5;5;3;3;4;5;5;5;18
TRACK:241;232;-1;4;1;5;3;6;4;1;4;5;5;8;4;6;1;23;7.795579645275876;15;5;1;0;0;2;6;2;4;17;5;15;6;0;6;9;0;8;23;-6.400409936493835;6;2;6;3;20;4.563889627119081;0;4;12;4;19;3;1;1;20;-1.832597764794322;12;1;11;20;-6.439192278779829;4;1;3;1;5;6;23;-2.4077106407183226;0;2;25;24;3;8;1;5;4;3;20;-6.212196145715782;6;1;3;22;-5.137004321588435;3;24
TRACK:242;234;-1;3;4;0;2;3;3;1;5;1;1;10;25;6;9;1;2;4;7;-4.280838998736157;2;12;7;-4.513940930365002;4;5;17;2;2;3;0;4;4;10;0;0;12;10;0;21;-7.0943136644950755;17;3;3;3;3;18;0;2;1;2;3;19;4;7;9.822329498232612;0;4;13;2;19;13;5;5;2;12;21;-0.33447949761079154;1;2;2;0;15;11;6;14;5;0;10;23;1.211890523979109;4;1;4;13;0;12;21;-2.7312153647152932;3;0;4;5;0;3;3;12;6;4;15;0;0;0;2;2;18;8;5;17;3;1;20;-0.2532034603819428;7;-4.150031110122842;0;4;3;13;4;5;21;-9.944924956090006;4;2;6;5;11;2;0;25;14;5;11
TRACK:243;236;-1;3;3;6;0;2;0;3;2;4;3;16;5;5;21;6.461540808491788;5;1;0;4;20;-7.616550735653628;3;11;5;6;14;4;6;4;6;4;23;-8.226920342941186;1;3;3;1;1;1;25;10;1;14;8;5;2;13;25;1;0;4;2;0;8;7;6.759390769803427;0;25;19;1;3;4;21;-1.5173938193561347;4;1;21;0.9695317676810262;16;4;2;0;6;17;4;13;1;4;14;2;16;14
TRACK:244;238;-1;5;4;6;0;4;2;1;2;3;0;7;1.1102127113794915;17;3;2;25;9;2;6;0;21;-6.301117969964755;11;2;3;20;2.8377530304299494;0;15;8;3;0;5;0;10;18;3;4;24;0;1;5;2;0;0;23;-2.700529016052475;24;2;25;17;6;2;24;15;5;3;2;1;11;9;6;8;0;6;4;2;1;16;18;2;18;20;2.6398981969264654;0;6;3;4;25;0;0;5;24;4;20;-2.1624418036186572;5;0;20;5.976538545611046;9
TRACK:245;231;-1;4;1;4;6;5;0;0;2;6;2;13;22;-4.5021125743948245;5;3;10;2;4;6;23;6.412527789673888;3;6;20;-6.352746437275546;4;2;2;6;8;3;21;5.0778836750419005;2;6;10;5;9;1;1;1;1;6;5;2;5;18;2;11;12;1;6;3;4;9;1;1;3;11;2;9;22;-3.2731500587699203;4;5;18;6;0;4;6;1;13;12;6;3;1;20;3.7570042203778895;22;2.944408033166585;4;3;6;1;2;3;25;0;18;10;0;1;11;11;2;7;-2.1121732426793103;19;0;4;1;3;6;1;5;19;4;19;6;1;5;5;11;1;4;17;6;23;-1.517135864899124;3;1;2;1;6;2;14;11;4;5;9;3;6;1;8;10;0;4;5;5;12;0;2;0;8;21;3.4899637500859475;1;21;-8.165907198743442;20;-0.42672036709312094;1;5;25;1;20;7.600628364381931;9
TRACK:246;233;-1;4;1;6;3;3;5;0;4;4;3;15;5;4;6;20;-2.1355694982988958;6;0;4;6;5;3;1;1;20;-1.885057781916105;25;1;11;20;-6.548217774490553;5;6;5;6;6;6;22;7.83105140641652
TRACK:247;235;-1;0;6;3;1;5;1;5;5;2;2;7;-1.4416877816554952;16;0;16;15;0;5;5;0;9;20;-2.8024103351178447;3;5;4;14;4;0;2;2;6;2;23;-5.385968884327085;23;-8.997794753724293;6;5;16;4;3;3;13;6;4;2;0;25;14;5;11;4;2;4;1;6;4;5;4;4;8;1;2;0;4;20;-3.392705400341482;1;5;7;-0.9883043361409717;4;7;0.8798738368109567;6;0;0;20;-8.192299373453539;16;2;22;1.6252022969541535;16;5;0;4;3;13;6;3;23;0.7871383526610483;3;3;3;4;0;3;2;11;23;-3.0573068142693245;2;0;22;3.161831088578453;20;-0.07733028145791704;2;19;10
TRACK:248;237;-1;5;5;5;0;6;4;0;19;1;6;4;8;3;1;17;25;0;0;3;5;5;6;22;-6.728914828531145;5;3;3;2;7;-4.486165714245961;11;2;3;5;5;6;16;3;2;4;3;16;5;5;21;6.674960606425929
TRACK:249;239;-1;4;1;4;6;5;1;4;3;5;16;1;2;6;14;1;20;6.00232186653318;8;3;4;18;1;1;1;1;6;5;2;5;18;2;11;12;1;6;3;4;9;1;1;3;11;2;12;22;-3.234167045103429;4;5;18;6;0;4;6;1;13;12;6;3;1;20;3.8289782984803566;22;3.045101140398906;4;3;6;1;2;3;25;0;18;10;0;1;11;11;2;7;-2.285367387322077;19;0;4;1;3;6;1;5;19;4;19;6;1;5;5;11;1;4;17;6;23;-1.5571969616600425;3;1;2;1;6;2;10;11;4;5;9;3;6;1;8;10;0;4;5;5;12;0;2;0;8;21;3.412036992175114;1;21;-8.397466657500193;20;-0.41306999025164587;1;5;25;1;20;7.4863948755201895;9
EVAL_INSTANCE:12:0:240
EVAL_INSTANCE:12:1:241
EVAL_INSTANCE:12:2:242
EVAL_INSTANCE:12:3:243
EVAL_INSTANCE:12:4:244
EVAL_INSTANCE:12:5:245
EVAL_INSTANCE:12:6:246
EVAL_INSTANCE:12:7:247
EVAL_INSTANCE:12:8:248
EVAL_INSTANCE:12:9:249
RUN_RESULT:12:0:0:2000:----
RUN_RESULT:12:1:0:2000:----
RUN_RESULT:12:2:0:2000:----
RUN_RESULT:12:3:0:2000:----
RUN_RESULT:12:4:0:2000:----
RUN_RESULT:12:5:0:2000:----
RUN_RESULT:12:6:0:2000:----
RUN_RESULT:12:7:0:2000:----
RUN_RESULT:12:8:0:2000:----
RUN_RESULT:12:9:0:2000:----
    13 |      130 |  0.000000E+00 | -0.000000E+00
TRACK:250;7;0;4;1;5;3;6;4;1;1;4;17;6;23;-1.5924323230148332;4;6;1;23;7.671803656522261;15;5;1;0;0;2;6;2;4;17;5;15;6;0;6;9;0;8;23;-6.552680552158286;6;2;6;3;20;4.528669866956754;0;4;12;4;16;6;5;1;4;5;13;3;4;12;4;1;3;1;5;6;23;-2.4236166361332323;0;2;25;24;3;8;1;5;4;3;20;-6.0424245692499685;6;1;3;22;-5.199444144059939;3;24
TRACK:251;7;0;4;1;4;6;5;0;0;2;6;2;13;22;-4.603230904268843;5;3;10;2;4;6;23;6.343985849147831;3;6;20;-6.095482378500828;4;2;2;6;8;3;21;5.103361447273095;2;6;10;5;9;1;1;1;1;6;5;2;5;18;2;11;12;1;6;3;4;9;1;1;3;11;2;12;22;-3.3438064607914697;4;5;18;6;0;4;6;1;13;12;6;3;1;20;3.780097448197882;22;3.0440703342546716;4;3;6;1;2;3;25;0;18;10;0;1;11;11;2;24;19;0;4;1;3;6;1;5;19;4;19;6;1;5;5;11;1;4;17;6;23;-1.5924323230148332;3;1;2;1;6;2;10;11;4;5;9;3;6;1;8;10;0;4;5;5;12;0;2;0;8;21;3.5649811782570495;1;21;-8.29852661153094;20;-0.46752976461751317;1;5;25;1;20;7.682702362997276;9
TRACK:252;1;3;0;6;3;1;5;1;5;5;2;2;7;-1.3953047492077264;16;0;16;15;0;5;5;0;9;20;-2.6753478607069088;3;5;4;14;4;0;2;2;6;2;23;-5.402986715272511;23;-8.979415523344642;6;5;16;4;3;3;13;6;4;1;6;7;3.064892568166309;5;23;-3.938027136348916;4;2;4;1;6;4;5;4;4;8;1;2;0;2;4;19;2;23;-6.406882129477614;10;1;5;7;-0.8955629571012391;4;7;0.7049487513734292;6;0;0;20;-8.149730036999966;16;2;22;1.4576976302495392;16;5;0;4;3;13;6;3;23;0.6408258153832591;3;3;3;4;0;3;2;11;23;-3.095446220809257;2;0;22;3.0982624044065776;20;-0.11076928616092552;2;19;10
TRACK:253;1;3;3;3;6;0;2;0;3;2;6;5;20;-9.701764442078257;1;0;9;24;4;17;5;1;0;4;20;-7.4502268446463145;3;11;5;6;14;4;6;4;6;4;23;-8.262170189992226;1;3;3;1;1;1;25;10;1;14;8;5;2;13;25;1;0;4;2;0;8;7;6.79444641258058;0;25;19;1;3;4;21;-1.4984147464865476;3;6;24;4;2;0;6;17;4;10;1;4;14;2;16;14
TRACK:254;2;9;3;4;0;2;3;3;1;5;1;1;10;25;6;9;1;2;4;7;-4.369929423587575;2;17;7;-4.398710777840968;4;5;14;2;2;3;0;4;4;10;0;0;12;10;0;21;-7.133759821978964;17;3;3;3;3;18;0;2;1;2;3;19;4;7;9.835895344278278;0;4;13;2;19;13;5;5;2;12;21;-0.4436517457628302;1;2;2;0;15;11;6;14;5;0;10;23;1.192169254850242;4;1;4;13;0;12;21;-2.8641750531555505;3;0;4;5;0;3;3;12;6;4;15;0;0;0;2;2;18;8;5;17;3;1;20;-0.2294028281324998;7;-4.245696521492417;0;4;1;21;7.879313521243596;14;4;5;21;-9.966007950084038;4;2;6;5;11;2;0;25;14;5;11
TRACK:255;2;9;1;4;2;5;1;6;1;3;4;1;9;15;3;3;3;15;6;0;0;0;6;24;3;17;5;5;23;-5.070642976499964;6;6;0;25;24;1;4;3;2;4;1;3;21;1.1513147414425333;1;15;11;2;0;0;21;-3.1996123640033947;25;6;10;6;4;21;0.7686611917713453;2;0;1;5;3;2;23;-1.3494932688328234;25;6;5;1;7;1.1511193950977887;17;2;0;3;0;15;20;-1.9286768630757436;3;1;19;17;1;2;4;16;0;23;8.663426016447893;21;-9.151397488480889;6;3;21;-7.96184902568152;4;1;4;5;1;19;9;2;3;5;15;5;1;15;25;1;3;5;0;3;3;12;6;4;15;2;6;3;5;3;5;0;1;16;16;4;15;5;1;6;1;5;5;3;10;6;6;5;19;4;1;5;0;4;25;4;23;-9.915517422434215;4;3;4;8
TRACK:256;7;8;4;1;5;3;6;4;1;4;5;5;8;4;6;1;23;7.671803656522261;15;5;1;0;0;2;6;2;4;17;5;15;6;0;6;9;0;8;23;-6.552680552158286;6;2;6;3;20;4.528669866956754;0;4;12;4;13;6;5;1;4;5;13;3;4;12;4;1;3;1;5;6;23;-2.4236166361332323;0;2;25;24;3;8;1;5;4;3;20;-6.0424245692499685;6;1;3;22;-5.199444144059939;3;24
TRACK:257;7;8;4;3;4;12
TRACK:258;5;3;5;4;6;0;4;2;1;2;3;13;3;2;25;9;2;6;0;21;-6.306980080885323;11;2;3;20;2.8731534184708174;0;15;8;3;0;5;0;10;18;3;4;24;0;1;5;2;0;0;23;-2.736537522069879;24;2;25;17;6;2;24;15;5;3;2;1;11;9;6;8;0;6;4;2;1;16;18;2;18;20;2.4143813332607316;3;2;2;1;15;16;3;22;-8.400983248688448;5;4;14
TRACK:259;5;3;3;3;6;0;2;0;3;2;6;5;20;-9.701764442078257;1;0;9;24;4;17;5;1;0;4;20;-7.4502268446463145;3;11;5;6;14;4;6;4;6;4;23;-8.262170189992226;1;3;3;1;1;16;18;5;2;13;25;1;0;4;2;0;8;7;6.79444641258058;0;25;19;1;3;4;21;-1.4984147464865476;3;6;24;4;2;0;6;17;4;13;1;4;14;2;16;14
TRACK:260;250;-1;4;1;5;3;6;4;1;1;4;17;6;23;-1.4670595948423901;4;6;1;23;7.6799988863115365;15;5;1;0;0;2;6;2;4;17;5;15;6;0;6;9;0;8;23;-6.534313236352424;6;2;6;3;20;4.425301321762863;0;4;12;4;16;6;5;1;4;5;13;3;4;12;4;1;3;1;4;3;11;0;2;25;24;3;8;1;5;4;3;20;-6.071890045176908;6;1;3;22;-5.170531013580221;3;24
TRACK:261;252;-1;0;6;3;1;5;1;5;5;2;2;7;-1.4334585005095308;16;0;16;15;0;5;5;0;9;20;-2.674517025776431;3;5;4;14;4;0;2;2;6;2;23;-5.245753790208406;23;-9.009736808040806;6;5;16;4;3;3;13;6;4;1;6;7;2.8818105542330956;5;23;-3.8623600934611884;4;2;4;1;6;4;5;4;4;8;1;2;0;2;4;19;4;8;1;5;7;-1.0355924434891248;4;7;0.8173823020167224;6;0;0;20;-8.222401804000688;16;2;22;1.2736464470163522;16;5;0;4;3;13;6;3;23;0.7270783703419028;3;3;3;4;0;3;2;11;23;-3.1500148233590415;2;0;22;3.072866209797194;20;-0.11796236216620273;2;19;10
TRACK:262;254;-1;3;4;0;2;3;3;1;5;1;1;10;25;6;9;1;2;4;7;-4.28700320845282;2;17;7;-4.5947773816082815;4;5;14;2;2;3;0;4;4;10;0;0;12;10;0;21;-7.218423674536409;17;3;3;3;3;18;0;2;1;2;3;19;4;7;9.766429842702392;0;4;13;2;19;13;5;5;2;12;21;-0.5506511647484087;1;2;2;0;15;11;6;14;5;0;10;23;1.2339597979433732;6;2;2;11;10;3;12;3;0;4;5;0;3;3;12;6;4;15;0;0;0;2;2;18;8;5;17;3;1;20;-0.06316244511861568;7;-4.11284357818005;0;4;1;21;7.794003994439731;14;4;5;21;-10.0;4;2;6;5;11;2;0;25;14;5;11
TRACK:263;256;-1;4;1;5;3;6;4;1;4;5;5;8;4;6;1;23;7.724639054643758;15;5;1;0;0;0;5;10;1;21;4.064681804239502;25;5;4;24;6;5;1;4;5;13;3;4;12;4;1;3;1;5;6;23;-2.396302520414972;0;2;25;24;3;8;1;5;4;3;20;-6.036766187670427;6;1;3;22;-5.2613453449319465;3;24
TRACK:264;258;-1;5;4;6;0;4;2;1;2;3;13;3;2;25;9;2;6;0;21;-6.367749303570273;11;2;3;19;0;15;8;3;0;5;0;10;18;3;4;24;0;1;5;2;0;0;23;-2.9804396122763794;24;2;25;17;6;2;24;15;5;3;2;1;11;9;6;8;0;6;4;2;1;16;18;2;18;20;2.369148191372494;3;2;2;1;15;16;3;22;-8.476752649628118;5;4;14
TRACK:265;251;-1;4;1;4;6;5;0;0;2;6;2;13;22;-4.615389535292412;5;3;10;2;4;6;23;6.315224291325975;3;6;20;-6.2275215639130295;4;2;2;6;8;3;21;5.052128535908011;2;6;10;5;9;1;1;4;0;0;5;9;6;23;-5.085564799828801;5;4;13;4;3;6;1;2;3;25;0;18;10;0;1;11;11;2;24;19;0;4;1;3;6;1;5;19;4;19;6;1;5;5;11;1;4;17;6;23;-1.6640287959162063;3;1;2;1;6;2;10;11;4;5;9;3;6;1;8;10;0;4;5;5;12;0;2;0;8;21;3.5041695969380453;1;21;-8.295546828724657;20;-0.5962541108216327;1;5;25;1;20;7.730754587457842;9
TRACK:266;253;-1;3;3;6;0;2;0;3;2;6;5;20;-9.71332893706234;1;0;9;24;4;17;5;1;0;4;20;-7.640048477265048;3;11;5;6;14;4;6;4;6;4;23;-8.302495274092456;1;3;3;1;1;1;25;10;1;14;8;5;2;13;25;1;0;0;3;5;22;-4.931054314911845;6;3;20;8.69721071864694;1;3;4;21;-1.6693411280565718;3;6;24;4;2;0;6;17;4;10;1;4;14;2;16;14
TRACK:267;255;-1;1;0;4;6;1;4;22;-1.3386551197631658;1;7;4.5442639135278196;8;1;2;4;3;18;2;2;8;8;1;13;20;7.598264760588517;0;4;3;19;6;1;20;1.3494274968348403;22;-0.6807229679638311;1;3;5;0;3;3;12;6;4;15;2;6;3;5;3;5;0;1;16;16;4;15;5;1;6;1;5;5;3;10;6;6;5;19;4;1;5;0;4;25;4;23;-9.963121350191992;4;3;4;8
TRACK:268;257;-1;4;3;4;5;5;1;14;22;-9.664494874092727
TRACK:269;259;-1;3;3;6;0;2;0;3;2;6;5;20;-9.821190724101488;1;0;9;24;4;17;5;1;0;4;20;-7.450241709092308;3;11;5;6;14;4;6;4;6;4;23;-8.048509427388812;1;3;3;1;1;16;18;5;2;13;25;1;0;4;2;6;25;0;25;19;1;3;4;21;-1.3877193638107626;3;6;24;4;2;0;6;17;4;13;1;4;14;2;16;14
EVAL_INSTANCE:13:0:260
EVAL_INSTANCE:13:1:261
EVAL_INSTANCE:13:2:262
EVAL_INSTANCE:13:3:263
EVAL_INSTANCE:13:4:264
EVAL_INSTANCE:13:5:265
EVAL_INSTANCE:13:6:266
EVAL_INSTANCE:13:7:267
EVAL_INSTANCE:13:8:268
EVAL_INSTANCE:13:9:269
RUN_RESULT:13:0:0:2000:----
RUN_RESULT:13:1:0:2000:----
RUN_RESULT:13:2:0:2000:----
RUN_RESULT:13:3:0:2000:----
RUN_RESULT:13:4:0:2000:----
RUN_RESULT:13:5:0:2000:----
RUN_RESULT:13:6:0:2000:----
RUN_RESULT:13:7:0:2000:----
RUN_RESULT:13:8:0:2000:----
RUN_RESULT:13:9:0:2000:----
    14 |      140 |  0.000000E+00 | -0.000000E+00
TRACK:270;3;8;3;3;6;0;2;0;3;2;6;5;20;-9.701764442078257;1;0;9;24;4;17;5;1;0;4;20;-7.4502268446463145;3;11;5;6;14;4;6;4;6;4;23;-8.262170189992226;1;3;3;1;1;1;25;10;1;14;8;5;2;13;25;1;0;4;2;0;8;7;6.79444641258058;0;25;19;1;3;4;21;-1.4984147464865476;2;13;14;4;2;0;6;17;4;13;1;4;14;2;16;14
TRACK:271;3;8;4;3;5;5;3;3;4;5;5;2;17;14
TRACK:272;7;6;4;1;5;3;6;4;1;4;5;5;8;4;6;1;23;7.671803656522261;15;5;1;0;0;2;6;2;4;17;5;15;6;0;6;9;0;8;23;-6.552680552158286;6;2;6;3;20;4.528669866956754;0;4;12;4;16;6;5;1;4;5;13;3;4;12;4;1;3;1;5;6;23;-2.4236166361332323;0;2;25;24;3;8;1;4;3;16;6;1;3;22;-5.199444144059939;3;24
TRACK:273;7;6;5;5;5;0;6;4;0;3;3;1;20;1.260791455111569;24;4;12;0;0;3;5;5;6;22;-6.785093994653115;5;3;3;2;7;-4.413278780454211;11;2;3;5;5;6;16;3;2;4;3;16;5;5;21;6.489639194072293
TRACK:274;5;3;5;4;6;0;4;2;1;2;3;0;7;1.1352015811540745;17;3;2;25;9;2;6;0;21;-6.306980080885323;14;2;3;20;2.8731534184708174;0;15;8;3;0;5;0;10;18;3;4;24;0;1;5;2;0;0;23;-2.736537522069879;24;2;25;17;6;2;24;15;5;3;2;1;11;9;6;8;0;6;4;2;1;16;18;2;18;20;2.4143813332607316;3;2;2;1;15;16;3;22;-8.400983248688448;5;4;14
TRACK:275;5;3;3;3;6;0;2;0;3;2;6;5;20;-9.701764442078257;1;0;9;24;4;17;5;1;0;4;20;-7.4502268446463145;3;11;5;6;14;4;6;4;6;4;23;-8.262170189992226;1;3;3;1;1;1;25;10;1;14;8;5;25;1;0;4;2;0;8;7;6.79444641258058;0;25;19;1;3;4;21;-1.4984147464865476;3;6;24;4;2;0;6;17;4;13;1;4;14;2;16;14
TRACK:276;4;6;4;1;6;3;3;5;0;4;4;3;15;5;4;6;20;-2.0636358974695117;6;0;4;6;5;3;1;1;20;-1.8984417138207341;12;1;11;20;-6.453792938009338;3;3;4;0;3;3;14;1;5;25;0;9;17
TRACK:277;4;6;5;5;5;0;6;4;0;3;3;1;20;1.260791455111569;24;1;6;4;8;3;1;22;2.2030339291647074;25;0;0;3;5;5;6;22;-6.785093994653115;5;3;3;2;9;11;2;3;5;5;6;16;3;2;4;3;16;5;5;21;6.489639194072293
TRACK:278;9;5;1;4;2;5;1;6;1;3;4;1;9;15;3;3;3;15;6;0;0;0;6;24;3;17;5;5;23;-5.070642976499964;6;6;0;25;24;1;4;3;2;4;1;3;21;1.1513147414425333;1;15;11;2;0;0;21;-3.1996123640033947;25;6;10;6;4;21;0.7686611917713453;2;0;1;5;3;2;23;-1.3494932688328234;25;6;5;1;7;1.1511193950977887;17;2;0;3;0;15;20;-1.9286768630757436;3;1;19;17;1;2;18;0;23;8.663426016447893;21;-9.151397488480889;6;3;21;-7.96184902568152;4;1;4;5;1;19;9;2;3;5;15;5;1;15;25;1;3;0;4;3;4;5;5;0;10;15;0;1;4;6;2;1;11;13;6;18;4;4;1;0;9;10;0;17;14;3;3;6;6;3;24;2;6;3;5;3;5;0;1;16;16;4;15;5;1;6;1;5;5;3;10;6;6;5;19;4;1;5;0;4;25;4;23;-9.915517422434215;4;3;4;8
TRACK:279;9;5;5;4;6;0;4;2;1;2;3;0;7;1.1352015811540745;17;3;2;25;15;2;6;0;21;-6.306980080885323;11;2;3;20;2.8731534184708174;0;15;8;3;0;5;0;10;18;3;4;24;0;1;5;2;0;0;23;-2.736537522069879;24;2;25;17;6;2;24;15;5;3;2;1;11;9;6;8;0;6;4;2;1;16;18;2;18;20;2.4143813332607316;3;2;2;1;15;16;3;22;-8.400983248688448;5;4;14
TRACK:280;270;-1;3;3;6;0;2;0;3;2;6;5;20;-9.671242753965018;1;0;9;24;4;17;5;1;0;4;20;-7.434164959465628;3;12;5;6;14;4;6;4;6;4;23;-8.409059494895795;1;3;3;1;1;1;25;10;1;14;8;5;2;13;25;1;0;4;2;0;8;7;6.7502477811621135;0;25;19;1;3;4;21;-1.5883229592251282;2;13;14;4;2;0;6;17;4;13;1;4;14;2;16;14
TRACK:281;272;-1;4;1;5;3;6;4;1;4;5;5;8;4;6;1;23;7.671721246351606;15;5;1;0;0;2;6;2;4;17;5;15;6;0;6;9;0;8;23;-6.717253089376976;6;2;6;3;20;4.429505887146754;0;4;12;4;16;6;5;1;4;5;13;3;4;12;4;1;3;1;5;6;23;-2.3338787519995665;0;2;25;24;3;8;1;4;3;16;6;1;3;7;-4.385786127427869;3;24
TRACK:282;274;-1;5;4;6;0;4;2;1;2;3;0;7;1.102461766899647;17;3;2;25;9;2;6;0;21;-6.231705586979366;14;2;3;20;2.9895795826158076;0;15;8;3;0;5;0;10;18;3;4;24;0;1;5;2;0;0;23;-2.555926088252757;24;2;25;17;6;2;24;15;5;3;2;1;11;9;6;8;0;6;4;2;1;16;18;2;7;-2.7912911881707725;19;3;2;2;1;15;16;3;22;-8.600855699393609;5;4;14
TRACK:283;276;-1;4;1;6;3;3;5;0;4;4;3;15;5;4;6;20;-1.9616272576041955;6;0;4;6;5;3;1;1;20;-1.783310189896909;12;1;11;20;-6.585920884201275;3;3;4;0;3;3;14;5;10
TRACK:284;278;-1;1;4;2;5;1;6;1;3;4;1;9;15;3;3;3;15;6;0;0;0;6;24;3;17;5;5;23;-5.181753456623873;6;6;0;25;24;1;0;4;3;3;19;3;5;5;18;2;0;1;5;3;2;23;-1.2098219422820358;25;6;5;1;7;1.189194931079617;17;2;0;3;0;15;20;-1.8902110548129138;3;1;19;17;1;2;18;0;23;8.696595202260877;21;-9.092434780545107;6;3;21;-7.865650635913013;4;1;4;5;1;19;9;2;3;5;15;5;1;15;25;1;3;0;4;3;4;5;5;0;10;15;0;1;4;6;2;1;11;13;6;18;4;4;1;0;9;10;0;17;14;3;3;6;6;3;24;2;6;3;5;3;5;0;1;16;16;4;15;5;1;6;1;5;5;3;10;6;6;5;19;4;1;5;0;4;25;4;23;-9.968216759061495;4;3;4;8
TRACK:285;271;-1;4;6;2;6;2;1;0;9;18;3;8;4;1;21;-5.942710347572944;17;6;0;1;0;16;15;0;9;19;5;1;7;5.760351829541433;21;1.4672085506298416
TRACK:286;273;-1;5;5;5;0;6;4;0;3;3;1;20;1.258547956803751;24;4;12;0;0;3;5;5;6;22;-6.630030347365214;5;3;3;2;7;-4.4724918857645966;14;2;3;5;5;6;16;3;2;4;3;16;5;5;21;6.357518611743973
TRACK:287;275;-1;3;3;6;0;2;0;3;2;6;5;20;-9.599677276523819;1;0;9;24;4;17;5;1;0;4;20;-7.542947952775511;3;11;5;6;14;4;6;4;6;4;23;-8.4756616704083;1;3;3;1;1;1;22;-9.014047498555913;10;1;14;8;5;25;1;0;4;2;0;8;7;6.646910548704945;0;25;19;1;3;4;21;-1.3966844937303227;3;6;24;4;2;0;6;17;4;13;1;4;14;2;16;14
TRACK:288;277;-1;5;5;5;0;6;4;0;3;2;4;22;-0.647571800438655;2;23;8.042325559224885;22;4.15597243317638;1;6;4;8;3;1;22;1.9769625389809058;25;0;0;3;5;5;6;22;-6.910840887170663;5;3;3;2;9;11;2;3;5;5;6;16;3;2;4;3;16;5;5;21;6.610304684062329
TRACK:289;279;-1;5;4;6;0;4;2;1;2;3;0;7;1.168155522023269;17;3;2;25;15;2;6;0;21;-6.389206068133815;11;2;3;20;2.691772151796621;0;15;8;3;0;5;0;10;18;3;4;24;0;1;3;1;2;12;23;0.39760075206030976;4;18;5;3;2;1;11;9;6;8;0;6;4;2;1;16;18;2;18;20;2.4313083262739674;3;2;2;1;15;16;3;22;-8.352971944811538;5;4;14
EVAL_INSTANCE:14:0:280
EVAL_INSTANCE:14:1:281
EVAL_INSTANCE:14:2:282
EVAL_INSTANCE:14:3:283
EVAL_INSTANCE:14:4:284
EVAL_INSTANCE:14:5:285
EVAL_INSTANCE:14:6:286
EVAL_INSTANCE:14:7:287
EVAL_INSTANCE:14:8:288
EVAL_INSTANCE:14:9:289
RUN_RESULT:14:0:0:2000:----
RUN_RESULT:14:1:0:2000:----
RUN_RESULT:14:2:0:2000:----
RUN_RESULT:14:3:0:2000:----
RUN_RESULT:14:4:0:2000:----
RUN_RESULT:14:5:0:2000:----
RUN_RESULT:14:6:0:2000:----
RUN_RESULT:14:7:0:2000:----
RUN_RESULT:14:8:0:2000:----
RUN_RESULT:14:9:0:2000:----
    15 |      150 |  0.000000E+00 | -0.000000E+00
TRACK:290;2;8;3;4;0;2;3;3;1;5;1;1;10;25;6;9;1;2;4;7;-4.369929423587575;2;12;7;-4.398710777840968;4;5;14;2;2;3;0;4;4;10;0;0;12;10;0;21;-7.133759821978964;17;3;3;3;3;14;0;2;1;2;3;19;4;7;9.835895344278278;0;4;13;2;19;13;5;5;2;12;21;-0.4436517457628302;1;2;2;0;15;11;6;14;5;0;10;23;1.192169254850242;4;1;4;13;0;12;21;-2.8641750531555505;3;0;4;5;0;3;3;12;6;4;15;0;0;0;2;2;18;8;5;17;3;1;20;-0.2294028281324998;7;-4.245696521492417;0;4;1;21;7.879313521243596;14;4;5;21;-9.966007950084038;4;2;6;5;11;2;0;25;14;5;11
TRACK:291;2;8;4;3;12
TRACK:292;3;4;3;3;6;0;2;0;3;2;6;5;20;-9.701764442078257;1;0;9;24;4;17;5;1;0;4;20;-7.4502268446463145;3;11;5;6;14;4;6;4;6;4;23;-8.262170189992226;1;3;3;1;1;1;25;10;1;14;8;5;2;13;25;1;0;4;2;0;8;7;6.79444641258058;0;25;19;1;3;4;21;-1.4984147464865476;3;6;20;-6.453792938009338;4;2;0;6;17;4;13;1;4;14;2;16;14
TRACK:293;3;4;4;1;6;3;3;5;0;9;24;6;0;4;6;5;3;1;1;20;-1.8984417138207341;12;1;11;20;-6.453792938009338;3;3;4;0;3;3;14;1;5;19;0;9;17
TRACK:294;9;7;1;4;2;5;1;6;1;3;4;1;9;15;3;3;3;15;6;0;0;0;6;24;3;17;5;5;23;-5.070642976499964;6;6;0;25;24;1;4;3;2;4;1;3;21;1.1513147414425333;1;15;11;2;0;0;21;-3.1996123640033947;25;6;10;6;4;21;0.7686611917713453;2;0;1;5;3;2;23;-1.3494932688328234;25;6;5;1;7;1.1511193950977887;17;2;0;3;0;15;20;-1.9286768630757436;3;1;19;17;1;2;4;16;0;23;8.663426016447893;21;-9.151397488480889;6;3;21;-7.96184902568152;4;1;4;5;6;9;2;3;5;15;5;1;15;25;1;3;0;4;3;4;5;5;0;10;15;0;1;4;6;2;1;11;13;6;18;4;4;1;0;9;10;0;17;14;3;3;6;6;3;24;2;6;3;5;3;5;0;1;16;16;4;15;5;1;6;1;5;5;3;10;6;6;5;19;4;1;5;0;4;25;4;23;-9.915517422434215;4;3;4;8
TRACK:295;9;7;4;1;5;3;6;4;1;4;5;5;8;4;6;1;23;7.671803656522261;15;5;1;0;0;2;6;2;4;17;5;15;6;0;6;9;0;8;23;-6.552680552158286;6;2;6;3;20;4.528669866956754;0;4;12;4;16;6;10;4;1;3;1;5;6;23;-2.4236166361332323;0;2;25;24;3;8;1;5;4;3;20;-6.0424245692499685;6;1;3;22;-5.199444144059939;3;24
TRACK:296;3;9;3;3;6;0;2;0;3;2;6;5;20;-9.701764442078257;1;0;9;24;4;17;5;1;0;4;20;-7.4502268446463145;3;11;5;6;14;4;6;4;6;23;8.663426016447893;1;3;3;1;1;1;25;10;1;14;8;5;2;13;25;1;0;4;2;0;8;7;6.79444641258058;0;25;19;1;3;4;21;-1.4984147464865476;3;6;24;4;2;0;6;17;4;13;1;4;14;2;16;14
TRACK:297;3;9;1;4;2;5;1;6;1;3;4;1;9;24;3;3;3;15;6;0;0;0;6;24;3;17;5;5;23;-5.070642976499964;6;6;0;25;24;1;4;3;2;4;1;3;21;1.1513147414425333;1;15;11;2;0;0;21;-3.1996123640033947;25;6;10;6;4;21;0.7686611917713453;2;0;1;5;3;2;23;-1.3494932688328234;25;6;5;1;7;1.1511193950977887;17;2;0;3;0;15;20;-1.9286768630757436;3;1;19;17;1;2;4;16;0;23;8.663426016447893;21;-9.151397488480889;6;3;21;-7.96184902568152;4;1;4;5;1;19;9;2;3;5;15;5;1;15;25;1;3;0;4;3;4;5;5;0;10;15;0;1;4;6;2;1;11;13;6;18;4;4;1;0;9;10;0;17;14;3;3;6;6;3;24;2;6;3;5;3;5;0;1;16;16;4;15;5;1;6;1;5;5;3;10;6;6;5;19;4;1;5;0;4;25;4;23;-9.915517422434215;4;3;4;8
TRACK:298;8;1;4;3;5;5;3;19
TRACK:299;8;1;0;6;3;1;5;1;5;13;0;5;5;0;9;20;-2.6753478607069088;3;5;4;14;4;0;2;2;6;2;23;-5.402986715272511;23;-8.979415523344642;6;5;16;4;3;3;13;6;4;1;6;7;3.064892568166309;5;23;-3.938027136348916;4;2;4;1;6;4;5;4;4;8;1;2;0;2;4;19;2;23;-6.406882129477614;10;1;5;7;-0.8955629571012391;4;7;0.7049487513734292;6;0;0;20;-8.149730036999966;16;2;22;1.4576976302495392;16;5;0;4;3;13;6;3;23;0.6408258153832591;3;3;3;4;0;3;2;11;23;-3.095446220809257;2;0;22;3.0982624044065776;20;-0.11076928616092552;2;19;10
TRACK:300;290;-1;3;4;0;2;3;3;1;5;1;1;10;25;6;9;1;2;4;7;-4.311935136303685;2;12;7;-4.42370293165983;4;5;14;2;2;3;0;4;4;10;0;0;12;10;0;21;-7.183613631174269;17;3;3;3;3;14;0;2;1;2;3;19;4;7;9.904733809041643;0;4;13;2;19;13;5;5;2;12;21;-0.5693351493301109;1;2;2;0;15;11;6;14;5;0;10;23;1.267655540552171;4;1;4;13;0;12;14;3;0;4;5;0;3;3;12;6;4;15;0;0;0;2;2;18;8;5;17;3;1;20;-0.28335911717473156;7;-4.271518588090524;0;4;1;21;7.819911976317344;14;4;5;21;-9.701823831425447;4;2;6;5;11;2;0;25;14;5;11
TRACK:301;3;-1;3;3;6;1;3;3;5;17;1;5;2;10;12;1;3;12;1;7;7.215876680810162;20;4.008483047858187
TRACK:302;294;-1;1;4;2;5;1;6;1;3;4;1;9;15;3;3;3;15;6;0;0;0;6;24;3;17;5;5;24;6;6;0;25;24;1;4;3;2;4;1;3;21;0.9870323747964216;1;15;11;2;0;0;21;-3.3972450317614658;25;6;10;6;4;21;0.8267442714607868;2;0;1;5;3;2;23;-1.3268695515994642;25;6;5;1;7;1.2299117298656315;17;2;0;3;0;15;20;-1.8846779549128136;3;1;19;17;1;2;4;16;0;23;8.59985216449856;21;-9.116050862047151;6;3;21;-7.926560139726227;4;1;4;5;6;9;2;3;5;15;5;1;15;25;1;3;0;4;3;4;5;5;0;10;15;0;1;4;6;2;1;11;13;6;18;4;4;1;0;9;10;0;17;14;3;3;6;6;3;24;2;6;3;5;3;5;0;1;16;16;4;15;5;1;6;1;5;5;3;10;6;6;5;19;4;1;5;0;4;25;4;23;-10.0;4;3;4;8
TRACK:303;296;-1;3;3;6;0;2;0;3;2;6;5;20;-9.449097702159989;1;0;9;24;4;17;5;1;0;4;20;-7.438805120696382;3;11;5;6;14;4;6;4;1;1;9;10;6;20;-3.310413533464822;1;3;3;1;1;1;25;10;1;14;8;5;2;13;25;1;0;4;2;0;8;7;6.6798555683558165;0;25;19;1;3;4;21;-1.5347602942560035;3;6;24;4;2;0;6;17;4;13;1;4;14;2;16;14
TRACK:304;298;-1;4;3;5;5;3;2;3;5;24;4;4;16
TRACK:305;291;-1;4;3;6;4;5;24
TRACK:306;4;-1;4;1;6;3;3;5;0;4;4;3;15;5;4;6;20;-2.0252228127286704;6;0;4;6;5;3;1;1;20;-1.8415489872119168;22;0.5530158937163154;1;11;20;-6.54305574667985;3;3;4;0;3;3;14;1;5;19;0;9;17
TRACK:307;295;-1;4;1;5;3;6;4;1;4;5;5;8;4;6;1;23;7.644519025216683;15;5;1;0;0;2;6;2;4;17;5;15;6;0;6;9;0;8;23;-6.607268628449148;6;2;6;3;22;1.6284286512488428;0;4;12;4;16;6;10;4;1;3;1;5;6;23;-2.5300583732986537;0;2;25;24;3;8;1;5;4;3;20;-5.866032256215781;6;1;3;22;-5.266352690429513;3;24
TRACK:308;297;-1;1;4;2;5;1;6;1;3;4;1;9;24;3;3;3;15;6;0;0;0;6;24;3;17;5;5;23;-5.035999206375082;6;6;0;25;24;1;4;3;2;4;1;3;21;1.126459722261362;1;15;11;2;0;0;21;-3.1414513175929026;25;6;10;6;4;21;0.6153324075390681;2;0;1;5;3;2;23;-1.4526316831307466;25;6;5;1;7;1.0964402415424714;17;2;0;3;0;15;20;-2.0079211268921426;3;1;19;17;1;2;4;16;0;23;8.629216442434782;21;-9.18437236111608;6;3;21;-7.925050423869512;4;1;4;5;1;19;9;2;5;21;-2.2041924556729553;5;1;15;25;1;3;0;4;3;4;5;5;0;10;15;0;1;4;6;2;1;11;13;6;18;4;4;1;0;9;10;0;17;14;3;3;6;6;3;24;2;6;3;5;3;5;0;1;16;16;4;15;5;1;6;1;5;5;3;10;6;6;5;19;4;1;5;0;4;25;4;23;-9.799885464097267;4;3;4;8
TRACK:309;299;-1;0;6;3;1;5;1;5;13;0;5;5;0;9;20;-2.8306069147937016;3;5;4;14;4;0;2;2;6;2;23;-5.421687410584046;23;-8.875234328175887;6;5;16;4;3;3;13;6;4;1;6;7;2.9830457315120116;5;23;-3.7673696762009663;4;2;4;1;6;4;5;4;4;8;1;2;0;2;4;19;2;23;-6.430426466598524;10;1;5;7;-0.9044400690382508;4;7;0.7657929013571684;6;0;0;20;-7.9690577994839815;18;2;22;1.3838684196688673;16;5;0;4;3;13;6;3;23;0.54696910276647;3;3;3;4;0;3;2;11;23;-3.200509566271641;2;0;22;3.161878841721977;20;-0.041719903492588695;2;19;10
EVAL_INSTANCE:15:0:300
EVAL_INSTANCE:15:1:301
EVAL_INSTANCE:15:2:302
EVAL_INSTANCE:15:3:303
EVAL_INSTANCE:15:4:304
EVAL_INSTANCE:15:5:305
EVAL_INSTANCE:15:6:306
EVAL_INSTANCE:15:7:307
EVAL_INSTANCE:15:8:308
EVAL_INSTANCE:15:9:309
RUN_RESULT:15:0:0:2000:----
RUN_RESULT:15:1:0:2000:----
RUN_RESULT:15:2:0:2000:----
RUN_RESULT:15:3:0:2000:----
RUN_RESULT:15:4:0:2000:----
RUN_RESULT:15:5:0:2000:----
RUN_RESULT:15:6:0:2000:----
RUN_RESULT:15:7:0:2000:----
RUN_RESULT:15:8:0:2000:----
RUN_RESULT:15:9:0:2000:----
    16 |      160 |  0.000000E+00 | -0.000000E+00
TRACK:310;2;6;3;4;0;2;3;3;1;5;1;1;10;25;6;9;1;2;4;7;-4.369929423587575;2;12;7;-4.398710777840968;4;5;14;2;2;3;0;4;4;10;0;0;12;10;0;21;-7.133759821978964;17;3;3;3;3;18;0;2;1;2;3;19;4;7;9.835895344278278;0;4;13;2;19;13;5;5;2;12;21;-0.4436517457628302;1;2;2;0;15;11;6;14;5;0;10;23;1.192169254850242;4;1;4;13;0;12;21;-2.8641750531555505;3;0;4;5;0;3;3;12;6;4;15;0;0;0;2;2;18;8;5;17;3;1;20;-0.2294028281324998;7;-4.245696521492417;0;4;1;21;7.879313521243596;14;4;5;21;-9.966007950084038;4;2;6;5;11;2;0;25;14;5;16
TRACK:311;2;6;5;5;5;0;6;4;0;4;7;-4.369929423587575;1;6;4;8;3;1;22;2.2030339291647074;25;0;0;3;5;5;6;22;-6.785093994653115;5;3;3;2;7;-4.413278780454211;11;2;3;5;5;6;16;3;2;4;3;16;5;5;21;6.489639194072293
TRACK:312;9;0;1;4;2;5;1;6;1;3;4;1;9;15;3;3;3;15;6;0;0;0;6;24;3;17;5;5;23;-5.070642976499964;6;6;0;25;24;1;4;3;2;4;1;3;21;1.1513147414425333;1;15;11;2;0;0;21;-3.1996123640033947;25;6;10;6;4;21;0.7686611917713453;2;0;1;5;3;2;23;-1.3494932688328234;25;6;5;1;7;1.1511193950977887;17;2;0;3;0;15;20;-1.9286768630757436;3;1;19;17;1;2;4;16;0;23;8.663426016447893;21;-9.151397488480889;6;3;21;-7.96184902568152;4;1;4;5;1;19;9;2;3;5;15;5;1;15;25;1;3;0;4;3;4;5;5;0;10;15;0;1;4;6;2;1;11;13;6;18;4;4;1;0;9;10;0;17;14;3;3;6;6;3;24;2;6;3;5;3;5;0;1;16;16;4;25;5;1;6;1;5;5;3;10;6;6;5;19;4;1;5;0;4;25;4;23;-9.915517422434215;4;3;4;8
TRACK:313;9;0;4;1;4;6;5;0;0;2;6;2;13;22;-4.603230904268843;5;3;10;2;4;6;23;6.343985849147831;3;6;20;-6.095482378500828;4;2;2;6;8;3;21;5.103361447273095;2;6;10;5;9;1;1;1;1;6;5;2;5;18;2;11;12;1;6;3;4;9;1;1;3;11;2;12;22;-3.3438064607914697;4;5;18;6;0;4;6;1;13;12;6;3;1;20;3.780097448197882;22;3.0440703342546716;4;3;6;1;2;3;25;0;18;10;0;1;11;11;2;7;-2.1657840898606917;19;0;4;1;3;6;4;1;9;15;6;1;5;5;11;1;4;17;6;23;-1.5924323230148332;3;1;2;1;6;2;10;11;4;5;9;3;6;1;8;10;0;4;5;5;12;0;2;0;8;21;3.5649811782570495;1;21;-8.29852661153094;20;-0.46752976461751317;1;5;25;1;20;7.682702362997276;9
TRACK:314;7;4;4;1;5;11;5;1;0;0;2;6;2;4;17;5;15;6;0;6;9;0;8;23;-6.552680552158286;6;2;6;3;20;4.528669866956754;0;4;12;4;16;6;5;1;4;5;13;3;4;12;4;1;3;1;5;6;23;-2.4236166361332323;0;2;25;24;3;8;1;5;4;3;20;-6.0424245692499685;6;1;3;22;-5.199444144059939;3;24
TRACK:315;7;4;4;1;6;3;3;5;0;4;4;3;15;5;4;6;20;-2.0636358974695117;1;4;5;5;8;4;6;1;23;7.671803656522261;15
TRACK:316;9;3;1;4;2;5;1;6;1;3;4;1;9;15;3;3;3;15;6;0;0;0;6;24;3;17;5;5;23;-5.070642976499964;6;6;0;25;24;1;4;3;2;4;1;3;21;1.1513147414425333;1;15;11;2;0;0;21;-3.1996123640033947;25;6;10;6;4;21;0.7686611917713453;2;0;1;5;3;2;23;-1.3494932688328234;25;6;5;1;7;1.1511193950977887;17;2;0;3;0;15;20;-1.9286768630757436;3;1;19;17;1;2;4;16;0;23;8.663426016447893;21;-9.151397488480889;6;3;21;-7.96184902568152;4;1;4;5;1;19;9;2;3;5;15;5;1;15;25;1;3;0;4;3;4;5;5;0;10;15;0;1;4;6;2;1;11;13;6;18;4;4;1;0;9;10;0;17;14;3;3;6;6;3;24;2;6;3;5;3;5;0;1;14;8;4;15;5;1;6;1;5;5;3;10;6;6;5;19;4;1;5;0;4;25;4;23;-9.915517422434215;4;3;4;8
TRACK:317;9;3;3;3;6;0;2;0;3;2;6;5;20;-9.701764442078257;1;0;9;24;5;23;-5.070642976499964;5;1;0;4;20;-7.4502268446463145;3;11;5;6;14;4;6;4;6;4;23;-8.262170189992226;1;3;3;1;1;1;25;10;1;14;8;5;2;13;25;1;0;4;2;0;8;7;6.79444641258058;0;25;19;1;3;4;21;-1.4984147464865476;3;6;24;4;2;0;6;17;4;13;1;4;14;2;16;14
TRACK:318;5;6;5;4;6;0;4;2;1;2;3;0;7;1.1352015811540745;17;3;2;25;9;2;6;0;21;-6.306980080885323;11;2;3;20;2.8731534184708174;0;15;8;3;0;5;0;10;18;3;4;24;0;1;5;2;0;0;23;-2.736537522069879;24;2;25;17;6;2;24;15;5;3;2;1;11;9;6;8;0;6;4;2;1;16;18;2;18;20;2.4143813332607316;3;2;2;1;15;16;3;22;2.2030339291647074;5;4;14
TRACK:319;5;6;5;5;5;0;6;4;0;3;3;1;20;1.260791455111569;24;1;6;4;8;3;1;22;2.2030339291647074;25;0;0;3;5;5;6;22;-6.785093994653115;8;2;3;5;5;6;16;3;2;4;3;16;5;5;21;6.489639194072293
TRACK:320;310;-1;3;4;0;2;3;3;1;5;1;1;10;25;6;9;1;2;4;7;-4.5315712993004595;2;12;7;-4.3663464773668546;4;5;14;2;2;3;0;4;4;10;0;0;12;10;0;21;-6.998124089338975;17;3;3;3;3;18;0;2;1;2;3;19;4;7;9.934662744565752;0;4;13;2;19;13;5;5;2;12;21;-0.4555081146860279;1;2;2;0;15;11;6;14;5;0;10;23;1.2422035194438608;4;1;4;13;0;12;21;-2.939631566593372;3;0;4;5;0;3;3;12;6;4;15;0;0;0;2;2;18;8;5;17;3;6;14;0;4;1;21;7.869962090218305;14;4;5;21;-9.997541988628884;4;2;6;5;11;2;0;25;14;5;16
TRACK:321;312;-1;1;4;2;5;1;6;1;3;4;1;9;15;3;3;3;15;6;0;0;0;6;24;3;17;5;5;23;-4.998383081611481;6;6;0;25;24;1;4;3;2;4;1;3;21;1.1002876014426883;1;15;11;2;0;0;20;4.642491428308361;25;6;10;6;4;21;0.8095977811455717;2;0;1;5;3;2;23;-1.465033128150234;25;6;5;1;7;1.154230384710996;17;2;0;3;0;15;20;-1.9658274080278737;3;1;19;17;1;2;4;16;0;23;8.543402970936324;21;-9.217871558337862;6;3;21;-7.980147690476553;4;1;4;5;1;19;9;2;3;5;15;5;1;15;25;1;3;0;4;3;4;5;5;0;10;15;0;1;4;6;2;1;11;13;6;18;4;4;1;0;9;10;0;17;14;3;3;6;6;3;24;2;6;3;5;3;5;0;1;16;16;4;25;5;1;6;1;5;5;3;10;6;6;5;19;4;1;5;0;4;25;4;23;-9.976225832179038;4;3;4;8
TRACK:322;314;-1;4;1;5;11;5;1;0;0;2;6;2;4;17;5;15;6;0;6;9;0;8;23;-6.429134910611159;6;2;6;3;20;4.5877031832068775;0;4;12;4;16;6;5;1;4;5;13;3;4;12;4;1;3;1;5;0;24;21;3.4529566598936334;0;2;25;24;3;8;1;5;4;3;20;-6.054907113512371;6;1;3;22;-5.0447811288840185;3;24
TRACK:323;316;-1;1;4;2;5;1;6;1;3;4;1;9;15;3;3;3;15;6;0;0;0;6;24;3;17;5;5;23;-5.2998588679235;6;6;0;25;24;1;4;3;2;4;1;3;21;1.1155699155382788;1;15;11;2;0;0;21;-3.4460149014486845;25;6;10;6;4;21;0.8897353709982168;2;0;1;5;3;2;23;-1.170489471552538;25;6;5;1;7;1.1557562470490088;17;2;0;3;0;15;20;-2.069785940465937;3;1;19;17;1;2;4;16;0;23;8.7136436177623;21;-8.966931493754482;6;3;21;-7.847120004811851;4;1;4;5;1;19;9;2;3;5;15;5;1;15;25;1;3;0;4;3;4;5;5;0;10;15;0;1;4;6;2;1;11;13;6;18;4;4;1;0;9;10;0;17;14;3;3;6;6;3;24;2;6;3;5;3;5;0;1;14;8;4;15;5;1;6;2;11;25;4;1;5;0;4;25;4;23;-9.934806736256757;4;3;4;8
TRACK:324;318;-1;5;4;6;0;4;2;1;2;3;0;7;1.0213323105372925;17;3;2;25;9;2;6;0;21;-6.425678817656395;11;2;3;20;2.965009181362805;0;15;8;3;0;5;0;10;18;3;4;24;0;1;5;2;0;0;23;-2.7617121961123723;24;2;25;17;6;2;24;15;3;2;10;22;8.246428672102162;0;6;4;2;1;16;18;2;18;20;2.4488355448297376;3;2;2;1;15;16;3;22;2.263629376595096;5;4;14
TRACK:325;311;-1;5;5;5;0;6;4;0;4;7;-4.302094742770114;1;6;4;8;3;1;22;2.310652205260648;25;0;0;3;5;5;6;22;-6.957329065450745;5;3;3;2;7;-4.3884967373398736;25;2;3;5;5;6;16;3;2;4;3;16;5;5;21;6.457566544479567
TRACK:326;313;-1;4;1;4;6;5;0;0;2;6;2;13;22;-4.905868194926078;5;3;10;2;4;6;23;6.413146817600969;3;6;20;-5.889965089801214;4;2;2;6;8;3;12;2;6;10;5;9;1;1;1;1;6;5;2;5;18;2;11;12;1;6;3;4;9;1;1;3;11;2;12;22;-3.3850338124876322;4;5;18;6;0;4;6;1;13;12;6;3;1;20;3.855594794826441;22;3.0679299945717635;4;3;6;1;2;3;25;0;18;10;0;1;11;11;2;7;-2.1455049524541723;19;0;4;1;3;6;4;1;9;15;6;1;5;5;11;1;4;17;6;23;-1.7738458702849744;3;1;2;1;6;2;10;11;4;5;9;3;6;1;8;10;0;4;5;5;12;0;2;0;8;21;3.4802406014011185;1;21;-8.241868919388583;20;-0.4652004348196977;1;5;25;1;20;7.706916798871391;9
TRACK:327;315;-1;4;1;6;3;3;5;0;4;4;3;15;5;4;6;20;-2.073296754152225;1;4;5;3;6;19;4;6;1;23;7.796730444614616;15
TRACK:328;317;-1;3;3;6;0;2;0;3;2;6;5;20;-9.415288111883433;1;0;9;24;5;23;-5.125147145883608;5;1;0;20;1.992779421344375;21;4.41967437064447;5;6;14;4;6;4;6;4;23;-8.347212628875674;1;3;3;1;1;1;25;10;1;14;8;5;2;13;25;1;0;4;2;0;8;7;6.706211670249104;0;25;19;1;3;4;21;-1.5813790233079554;3;6;24;4;2;0;6;17;4;13;1;4;14;2;16;14
TRACK:329;319;-1;5;5;5;0;6;4;0;3;3;1;20;1.3866025892196037;24;1;6;4;8;3;1;22;2.193872297130785;25;0;0;3;5;5;6;22;-6.7727323479622745;8;2;3;5;5;6;16;3;3;10
EVAL_INSTANCE:16:0:320
EVAL_INSTANCE:16:1:321
EVAL_INSTANCE:16:2:322
EVAL_INSTANCE:16:3:323
EVAL_INSTANCE:16:4:324
EVAL_INSTANCE:16:5:325
EVAL_INSTANCE:16:6:326
EVAL_INSTANCE:16:7:327
EVAL_INSTANCE:16:8:328
EVAL_INSTANCE:16:9:329
RUN_RESULT:16:0:0:2000:----
RUN_RESULT:16:1:0:2000:----
RUN_RESULT:16:2:0:2000:----
RUN_RESULT:16:3:0:2000:----
RUN_RESULT:16:4:0:2000:----
RUN_RESULT:16:5:0:2000:----
RUN_RESULT:16:6:0:2000:----
RUN_RESULT:16:7:0:2000:----
RUN_RESULT:16:8:0:2000:----
RUN_RESULT:16:9:0:2000:----
    17 |      170 |  0.000000E+00 | -0.000000E+00
TRACK:330;3;7;3;3;6;0;2;0;3;2;6;5;20;-9.701764442078257;1;0;9;24;4;17;5;1;0;4;20;-7.4502268446463145;3;11;5;6;14;4;6;4;6;4;23;-8.262170189992226;1;3;3;1;1;1;25;10;1;14;8;5;2;13;25;1;0;4;2;0;8;7;6.79444641258058;0;8;19;1;3;4;21;-1.4984147464865476;3;6;24;4;2;0;6;17;4;13;1;4;14;2;16;14
TRACK:331;3;7;4;1;5;3;6;4;1;4;5;5;8;4;6;1;23;7.671803656522261;15;5;1;0;0;2;6;2;4;17;5;15;6;0;6;9;0;8;23;-6.552680552158286;6;2;6;3;20;4.528669866956754;5;2;13;25;6;5;1;4;5;13;3;4;12;4;1;3;1;5;6;23;-2.4236166361332323;0;2;25;24;3;8;1;5;4;3;20;-6.0424245692499685;6;1;3;22;-5.199444144059939;3;24
TRACK:332;8;2;4;0;0;0;2;2;18;8;5;17;3;1;20;-0.2294028281324998;7;-4.245696521492417;0;4;1;21;7.879313521243596;14;4;5;21;-9.966007950084038;4;2;6;5;11;2;0;25;14;5;11
TRACK:333;8;2;3;4;0;2;3;3;1;5;1;1;10;25;6;13;1;2;4;7;-4.369929423587575;2;12;7;-4.398710777840968;4;5;14;2;2;3;0;4;4;10;0;0;12;10;0;21;-7.133759821978964;17;3;3;3;3;18;0;2;1;2;3;19;4;7;9.835895344278278;0;4;13;2;19;13;5;5;2;12;21;-0.4436517457628302;1;2;2;0;15;11;6;14;5;0;10;23;1.192169254850242;4;1;4;13;0;12;21;-2.8641750531555505;3;0;4;5;0;3;3;12;6;4;15;0;0;0;2;2;18;8;5;17;3;1;20;-0.2294028281324998;7;-4.245696521492417;0;4;1;21;7.879313521243596;14;4;5;21;-9.966007950084038;4;2;6;5;11;2;0;25;14;5;11
TRACK:334;6;2;5;5;5;0;6;4;0;3;3;1;20;1.260791455111569;24;1;1;10;25;6;9;0;0;3;5;5;6;22;-6.785093994653115;5;3;3;2;7;-4.413278780454211;11;2;3;5;5;6;16;3;2;4;3;16;5;5;21;6.489639194072293
TRACK:335;6;2;3;4;0;2;3;3;1;5;1;1;10;25;6;9;1;2;4;7;-4.369929423587575;2;12;7;-4.398710777840968;4;5;14;2;2;3;0;4;4;10;0;0;12;10;0;21;-7.133759821978964;17;3;3;3;3;18;0;2;1;2;3;19;4;7;9.835895344278278;0;4;13;2;19;13;5;5;2;12;21;-0.4436517457628302;1;2;2;0;15;11;6;14;5;0;10;23;1.192169254850242;4;1;4;13;0;12;21;-2.8641750531555505;3;0;4;5;0;3;3;12;6;4;15;0;0;0;2;25;5;17;3;1;20;-0.2294028281324998;7;-4.245696521492417;0;4;1;21;7.879313521243596;14;4;5;21;-9.966007950084038;4;2;6;5;11;2;0;25;14;5;11
TRACK:336;8;7;4;3;5;3;8
TRACK:337;8;7;4;1;5;3;6;4;1;4;5;5;8;4;6;1;23;7.671803656522261;15;5;1;0;0;2;6;2;4;17;5;15;6;0;6;9;0;8;23;-6.552680552158286;6;2;6;3;20;4.528669866956754;0;4;12;2;13;14;6;5;1;4;5;13;3;4;12;4;1;3;1;5;6;23;-2.4236166361332323;0;2;25;24;3;8;1;5;4;3;20;-6.0424245692499685;6;1;3;22;-5.199444144059939;3;24
TRACK:338;9;5;1;4;2;5;1;6;1;3;4;1;9;15;3;3;3;15;6;0;0;0;6;24;3;17;5;5;23;-5.070642976499964;6;6;0;25;24;1;4;3;2;4;1;3;21;1.1513147414425333;1;15;11;2;0;0;21;-3.1996123640033947;25;6;10;6;4;21;0.7686611917713453;2;0;1;5;3;2;23;-1.3494932688328234;25;6;5;1;7;1.1511193950977887;17;2;0;3;0;15;20;-1.9286768630757436;3;1;19;17;1;2;4;16;0;23;8.663426016447893;21;-9.151397488480889;6;24;4;1;4;5;1;19;9;2;3;5;15;5;1;15;25;1;3;0;4;3;4;5;5;0;10;15;0;1;4;6;2;1;11;13;6;18;4;4;1;0;9;10;0;17;14;3;3;6;6;3;24;2;6;3;5;3;5;0;1;16;16;4;15;5;1;6;1;5;5;3;10;6;6;5;19;4;1;5;0;4;25;4;23;-9.915517422434215;4;3;4;8
TRACK:339;9;5;5;4;6;0;4;2;1;2;3;0;7;1.1352015811540745;17;3;2;25;9;2;6;0;21;-6.306980080885323;11;2;3;20;2.8731534184708174;0;15;8;3;0;5;0;10;18;3;4;24;0;1;5;2;0;0;23;-2.736537522069879;24;2;25;17;6;2;24;15;5;3;2;1;11;9;6;8;0;6;4;2;1;16;18;2;9;20;2.4143813332607316;3;2;2;1;15;16;3;22;-8.400983248688448;5;4;14
TRACK:340;3;-1;3;3;6;0;2;0;3;2;6;5;20;-9.811847982952933;1;0;9;24;4;17;5;1;0;4;20;-7.497862964532686;3;11;5;6;14;4;1;3;6;5;8;0;3;4;7;1.5184078159972856;3;0;20;5.548292438409739;25;1;3;3;1;1;1;25;10;1;14;8;5;2;13;25;1;0;4;2;0;8;7;6.941950550148274;0;25;19;1;3;4;21;-1.372772784472593;3;6;24;4;2;0;6;17;4;13;1;4;14;2;16;14
TRACK:341;332;-1;4;0;0;0;2;3;6;3;5;9;5;17;3;1;20;-0.23782387616715156;7;-4.272971719832578;0;4;1;21;7.916261038954781;14;4;5;21;-9.995313002116898;4;2;6;5;11;2;0;25;14;5;11
TRACK:342;6;-1;5;5;6;0;9;15
TRACK:343;336;-1;4;0;4;4;0;6;11;1;19;24;5;2;3;6;24;4;4;15
TRACK:344;338;-1;1;4;2;5;1;6;1;3;4;1;9;15;3;3;3;15;6;0;0;0;6;24;3;17;5;5;23;-5.195643606062065;6;6;0;25;24;1;4;3;2;4;1;3;21;1.4741038315167163;1;15;11;2;0;0;21;-3.1532878427515114;25;6;10;6;4;21;0.6880096882288564;2;0;1;5;3;2;23;-1.2887576942379686;25;6;4;4;23;3.0881108209262376;2;0;3;0;15;20;-2.102424255233608;3;1;19;17;1;2;4;16;0;23;8.900003116443335;21;-9.202161281679711;6;24;4;1;4;5;1;19;9;2;3;5;15;5;1;15;25;1;3;0;4;3;4;5;5;0;10;15;0;1;4;6;2;1;11;13;6;18;4;4;1;0;9;10;0;17;14;3;3;6;6;3;24;2;6;3;5;3;5;0;1;16;16;4;15;5;1;6;1;5;5;3;10;6;6;5;19;4;1;5;0;4;25;4;23;-9.925507273861301;4;3;4;8
TRACK:345;7;-1;4;1;5;3;6;4;1;4;5;5;8;4;6;1;23;7.69944623948678;15;5;1;0;0;2;6;2;4;17;5;15;6;0;6;9;0;8;14;6;2;6;3;20;4.60120806887654;0;4;12;4;16;6;5;1;4;5;13;3;4;12;4;1;3;1;5;6;23;-2.4200108846024393;0;2;25;24;3;8;1;5;4;3;20;-5.95227885154788;6;1;3;22;-5.215191705146894;3;24
TRACK:346;333;-1;3;4;0;2;3;3;1;5;1;1;10;25;6;13;1;2;4;7;-4.336120883916076;2;12;7;-4.50921883181697;4;5;14;2;2;3;0;4;4;10;0;0;12;10;0;21;-7.325325100283047;17;3;3;3;3;18;0;2;1;2;3;19;4;7;9.813816664571519;0;4;13;2;19;13;5;5;2;12;21;-0.415426689819901;1;2;2;0;15;11;6;14;5;0;10;23;1.3495639062397828;4;1;4;13;0;12;21;-2.723282482701069;3;0;4;5;0;3;3;12;6;3;9;0;0;0;2;2;18;8;5;17;3;1;20;-0.21252687178157806;7;-4.294816223463151;0;4;1;21;7.730763865876057;14;4;5;21;-9.851108730769617;4;2;6;5;11;2;0;25;14;5;11
TRACK:347;2;-1;3;4;0;2;3;3;1;5;1;1;10;25;6;9;1;2;4;7;-4.308367754971394;2;12;7;-4.385329095674551;4;5;14;2;2;3;0;4;4;10;0;0;12;10;0;21;-7.093090154842926;17;3;3;3;2;22;4.919873987255322;11;0;2;1;2;3;19;4;7;9.755638030799501;0;4;13;2;19;13;5;5;2;12;21;-0.37382489155570575;1;2;2;0;15;11;6;14;5;0;10;23;1.17345852321577;4;1;4;13;0;12;21;-2.907822775726149;3;0;4;5;0;3;3;12;6;4;15;0;0;0;2;2;18;8;5;17;3;1;20;-0.10066597323937373;7;-4.207862161327746;0;4;1;21;7.816755998205299;14;4;5;21;-9.792531590954374;4;2;6;5;11;2;0;25;14;5;11
TRACK:348;337;-1;4;1;5;3;6;4;1;4;5;5;8;4;6;1;23;7.780779658366202;15;5;1;0;0;2;6;2;4;17;5;15;6;0;6;9;0;8;23;-6.612532833127952;6;2;6;3;20;4.617414223390229;0;4;12;2;13;14;6;5;1;4;5;13;3;4;12;4;1;3;6;5;9;1;5;4;3;20;-6.043725392639135;6;1;3;22;-5.260506133762195;3;24
TRACK:349;339;-1;5;4;6;0;4;2;1;2;3;0;7;1.0383621764353408;17;3;2;25;9;2;6;0;21;-6.316078535510842;11;2;3;20;3.007691553384708;0;15;8;3;0;5;0;10;18;3;4;24;0;1;5;2;0;0;23;-2.860309847864911;24;2;25;17;6;2;24;15;5;3;2;1;11;9;6;8;0;6;4;2;1;16;18;2;9;20;2.3620241394625423;3;2;0;10;23;0.34856461402829275;5;4;14
EVAL_INSTANCE:17:0:340
EVAL_INSTANCE:17:1:341
EVAL_INSTANCE:17:2:342
EVAL_INSTANCE:17:3:343
EVAL_INSTANCE:17:4:344
EVAL_INSTANCE:17:5:345
EVAL_INSTANCE:17:6:346
EVAL_INSTANCE:17:7:347
EVAL_INSTANCE:17:8:348
EVAL_INSTANCE:17:9:349
RUN_RESULT:17:0:0:2000:----
RUN_RESULT:17:1:0:2000:----
RUN_RESULT:17:2:0:2000:----
RUN_RESULT:17:3:0:2000:----
RUN_RESULT:17:4:0:2000:----
RUN_RESULT:17:5:0:2000:----
RUN_RESULT:17:6:0:2000:----
RUN_RESULT:17:7:0:2000:----
RUN_RESULT:17:8:0:2000:----
RUN_RESULT:17:9:0:2000:----
    18 |      180 |  0.000000E+00 | -0.000000E+00
TRACK:350;5;8;5;4;6;0;4;2;1;2;3;0;7;1.1352015811540745;13;3;2;25;9;2;6;0;21;-6.306980080885323;11;2;3;20;2.8731534184708174;0;15;8;3;0;5;0;10;18;3;4;24;0;1;5;2;0;0;23;-2.736537522069879;24;2;25;17;6;2;24;15;5;3;2;1;11;9;6;8;0;6;4;2;1;16;18;2;18;20;2.4143813332607316;3;2;2;1;15;16;3;22;-8.400983248688448;5;4;14
TRACK:351;5;8;4;3;5;9
TRACK:352;7;9;4;1;5;3;6;4;1;4;5;5;8;4;6;1;23;7.671803656522261;15;5;1;0;0;2;6;2;19;5;15;6;0;6;9;0;8;23;-6.552680552158286;6;2;6;3;20;4.528669866956754;0;4;12;4;16;6;5;1;4;5;13;3;4;12;4;1;3;1;5;6;23;-2.4236166361332323;0;2;25;24;3;8;1;5;4;3;20;-6.0424245692499685;6;1;3;22;-5.199444144059939;3;24
TRACK:353;7;9;1;4;2;5;1;6;1;3;4;1;9;15;3;3;3;15;6;0;0;0;6;24;3;17;5;5;23;-5.070642976499964;6;6;0;25;24;1;4;3;2;4;1;3;21;1.1513147414425333;1;15;11;2;0;0;21;-3.1996123640033947;25;6;10;6;4;21;0.7686611917713453;2;0;1;5;3;2;23;-1.3494932688328234;25;6;5;1;7;1.1511193950977887;17;2;0;3;0;15;20;-1.9286768630757436;3;1;19;17;6;1;3;22;-5.199444144059939;3;24;4;1;4;5;1;19;9;2;3;5;15;5;1;15;25;1;3;0;4;3;4;5;5;0;10;15;0;1;4;6;2;1;11;13;6;18;4;4;1;0;9;10;0;17;14;3;3;6;6;3;24;2;6;3;5;3;5;0;1;16;16;4;15;5;1;6;1;5;5;3;10;6;6;5;19;4;1;5;0;4;25;4;23;-9.915517422434215;4;3;4;8
TRACK:354;6;3;5;5;5;0;6;4;0;3;3;1;20;1.260791455111569;24;1;6;4;8;3;25;0;0;3;5;5;6;22;-6.785093994653115;5;3;3;2;7;-4.413278780454211;11;2;3;5;5;6;16;3;2;4;3;16;5;5;21;6.489639194072293
TRACK:355;6;3;3;3;6;0;2;0;3;2;6;5;20;-9.701764442078257;1;0;9;24;4;17;5;1;0;4;20;-7.4502268446463145;3;11;5;6;14;4;6;4;6;4;23;-8.262170189992226;1;3;3;1;1;1;25;10;1;14;8;5;2;13;25;1;0;4;2;0;8;7;6.79444641258058;0;25;19;1;3;4;21;-1.4984147464865476;3;6;24;4;2;0;6;17;4;11;1;4;14;2;16;14
TRACK:356;7;8;4;1;5;3;6;4;1;4;5;5;8;4;6;1;23;7.671803656522261;15;5;1;0;0;2;6;2;4;17;5;15;6;0;6;9;0;8;23;-6.552680552158286;5;5;2;13;14;6;5;1;4;5;13;3;4;12;4;1;3;1;5;6;23;-2.4236166361332323;0;2;25;24;3;8;1;5;4;3;20;-6.0424245692499685;6;1;3;22;-5.199444144059939;3;24
TRACK:357;7;8;4;5;15
TRACK:358;1;6;0;6;3;1;5;1;5;5;2;2;7;-1.3953047492077264;16;0;16;15;0;5;5;0;9;20;-2.6753478607069088;3;5;4;14;4;0;2;2;6;2;23;-5.402986715272511;23;-8.979415523344642;6;5;16;4;3;3;13;6;4;1;6;7;3.064892568166309;5;23;-3.938027136348916;4;2;4;1;6;4;5;4;4;8;1;2;0;2;4;19;3;16;1;5;7;-0.8955629571012391;4;7;0.7049487513734292;6;0;0;20;-8.149730036999966;16;2;22;1.4576976302495392;16;5;0;4;3;13;6;3;23;0.6408258153832591;3;3;3;4;0;3;2;11;23;-3.095446220809257;2;0;22;3.0982624044065776;20;-0.11076928616092552;2;19;10
TRACK:359;1;6;5;5;5;0;6;4;0;3;3;1;20;1.260791455111569;24;1;6;4;8;3;1;22;2.2030339291647074;25;0;0;3;5;5;6;22;-6.785093994653115;5;3;10;2;3;5;5;6;16;3;2;4;3;16;5;5;21;6.489639194072293
TRACK:360;350;-1;5;4;6;0;4;2;1;2;3;0;7;1.2423526194934496;13;3;2;25;9;2;6;0;21;-6.2932934100941695;11;2;3;20;2.979917634802281;0;15;8;3;0;5;0;10;18;3;4;24;0;1;5;2;0;0;23;-2.709586252209462;24;2;25;17;6;2;24;15;5;3;2;1;11;9;1;18;17;0;6;4;2;1;16;18;2;18;20;2.252295773449028;3;2;2;1;15;16;3;22;-8.3180823245516;5;4;14
TRACK:361;352;-1;4;1;5;3;6;4;1;4;5;5;8;4;6;1;23;7.678532950330864;15;5;1;0;0;2;6;2;19;5;15;6;0;6;9;0;8;23;-6.571260235345273;6;2;6;3;20;4.499711888290482;0;4;12;4;25;6;5;1;4;5;13;3;4;12;4;1;3;1;5;6;23;-2.282710915154414;0;2;25;24;3;8;1;5;4;3;20;-6.129803704242271;6;1;3;22;-5.317965254314594;3;24
TRACK:362;354;-1;5;5;5;0;6;4;0;3;3;1;20;1.3216505084935273;24;1;6;4;8;3;25;0;0;3;5;5;3;25;5;3;3;2;7;-4.368402057708124;11;2;3;5;5;6;16;3;2;4;3;16;5;5;21;6.606796024302763
TRACK:363;356;-1;4;1;5;3;6;4;1;4;5;5;8;4;6;1;23;7.61700882002837;15;5;1;0;0;2;6;2;4;17;5;15;6;0;6;9;0;8;23;-6.5007311926433555;5;5;2;13;14;6;5;1;4;5;13;3;4;12;4;1;3;1;5;6;23;-2.4582483612413326;0;2;25;24;1;8;14;1;5;4;3;20;-6.006778627186643;6;1;3;22;-5.351520046883857;3;24
TRACK:364;358;-1;0;6;3;1;5;1;5;5;2;2;7;-1.31127237268888;16;0;16;15;0;5;5;0;9;20;-2.712271939091126;3;5;4;14;4;0;2;2;6;2;23;-5.375308680957901;23;-8.929726812335574;6;5;16;4;3;3;13;6;4;1;6;7;3.091806495468518;5;23;-3.9296665753405278;4;2;4;1;6;4;5;4;4;11;1;2;0;2;4;19;3;16;1;5;7;-0.9512881643456936;4;7;0.6854066683197655;6;0;0;20;-8.144604703344523;16;2;22;1.5790897576537946;16;5;0;4;3;13;6;3;23;0.7308816573540925;3;3;3;4;0;3;2;11;23;-3.006488060690295;2;0;22;3.113583862354785;20;-0.24094133564263853;2;19;10
TRACK:365;351;-1;4;3;1;25;9
TRACK:366;353;-1;1;4;2;5;1;6;1;3;4;1;9;15;3;3;3;15;6;0;0;0;6;24;3;17;5;5;23;-5.024971201516207;6;6;0;25;24;1;4;3;2;4;1;3;21;1.1187936850712437;1;15;11;2;0;0;21;-3.273296905490014;25;6;10;6;4;21;0.9267995080666627;2;0;1;5;3;2;23;-1.4855190421788407;25;6;5;1;7;1.3344276844772722;17;2;0;3;0;15;20;-1.994834067134818;3;1;19;17;6;1;3;22;-5.28700877875236;3;24;4;1;4;5;1;19;9;2;3;5;15;5;1;15;25;1;3;0;4;3;4;5;5;0;10;15;0;1;4;6;2;1;11;13;6;18;4;4;1;0;9;10;0;17;11;3;3;6;6;3;24;2;6;3;5;3;5;0;1;16;16;4;15;5;1;6;1;5;5;3;10;6;6;5;19;4;1;5;0;4;25;4;23;-9.8748435648902;4;3;4;8
TRACK:367;355;-1;3;3;6;0;2;0;3;2;6;5;20;-9.813096389174351;1;5;18;4;17;5;1;0;4;20;-7.4440699597014826;3;11;5;6;14;4;6;4;6;4;23;-8.415075204170133;1;3;3;1;1;1;25;10;1;14;8;5;2;13;25;1;0;4;2;0;8;7;6.756932886911823;0;25;19;1;3;4;21;-1.5374509608713243;3;6;24;4;2;0;6;17;4;11;1;4;14;2;16;14
TRACK:368;357;-1;1;5;5;5;1;1;24;24;6;14;2;2;0;1;4;17;4;8;3;5;13;4;5;0;16;10;3;3;3;4;11
TRACK:369;359;-1;5;5;5;0;6;4;0;3;3;1;20;1.229678225122084;24;1;6;4;8;3;1;22;2.2310940306819735;25;0;0;3;5;5;6;22;-6.783169908592185;5;3;10;2;3;5;5;6;16;3;2;4;3;16;2;18;10
EVAL_INSTANCE:18:0:360
EVAL_INSTANCE:18:1:361
EVAL_INSTANCE:18:2:362
EVAL_INSTANCE:18:3:363
EVAL_INSTANCE:18:4:364
EVAL_INSTANCE:18:5:365
EVAL_INSTANCE:18:6:366
EVAL_INSTANCE:18:7:367
EVAL_INSTANCE:18:8:368
EVAL_INSTANCE:18:9:369
RUN_RESULT:18:0:0:2000:----
RUN_RESULT:18:1:0:2000:----
RUN_RESULT:18:2:0:2000:----
RUN_RESULT:18:3:0:2000:----
RUN_RESULT:18:4:0:2000:----
RUN_RESULT:18:5:0:2000:----
RUN_RESULT:18:6:0:2000:----
RUN_RESULT:18:7:0:2000:----
RUN_RESULT:18:8:0:2000:----
RUN_RESULT:18:9:0:2000:----
    19 |      190 |  0.000000E+00 | -0.000000E+00
TRACK:370;2;9;3;4;0;2;3;3;1;5;1;1;10;25;6;9;1;2;4;7;-4.369929423587575;2;12;7;-4.398710777840968;4;5;14;2;2;3;0;4;4;10;0;0;12;10;0;21;-7.133759821978964;17;3;3;3;3;18;0;2;1;2;3;19;4;7;9.835895344278278;0;4;13;2;19;13;5;5;2;12;21;-0.4436517457628302;1;2;2;0;15;11;6;14;5;0;10;23;1.192169254850242;4;1;4;13;0;12;21;-2.8641750531555505;3;0;4;5;0;3;3;12;6;4;15;0;0;0;2;2;18;8;5;17;3;1;20;-0.2294028281324998;7;-4.245696521492417;15;4;2;6;5;11;2;0;25;14;5;11
TRACK:371;2;9;1;4;2;5;1;6;1;3;4;1;9;15;3;3;3;15;6;0;0;0;6;24;3;17;5;5;23;-5.070642976499964;6;6;0;25;24;1;4;3;2;4;1;3;21;1.1513147414425333;1;15;11;2;0;0;21;-3.1996123640033947;25;6;10;6;4;10;2;0;1;5;3;2;23;-1.3494932688328234;25;6;5;1;7;1.1511193950977887;17;2;0;3;0;15;20;-1.9286768630757436;3;1;19;17;1;2;4;16;0;23;8.663426016447893;21;-9.151397488480889;6;3;21;-7.96184902568152;4;1;4;5;1;19;9;2;3;5;15;5;1;15;25;1;3;0;4;3;4;5;5;0;10;15;0;1;4;6;2;1;11;13;6;18;4;4;1;0;9;10;0;17;14;3;3;6;6;3;24;2;6;3;5;3;5;0;1;16;16;4;15;5;1;6;1;5;5;3;10;6;6;5;19;4;1;5;0;4;25;4;23;-9.915517422434215;4;3;4;8
TRACK:372;1;5;0;6;3;1;5;1;5;5;2;2;7;-1.3953047492077264;16;0;16;15;0;5;5;0;9;20;-2.6753478607069088;3;5;25;4;0;2;2;6;2;23;-5.402986715272511;23;-8.979415523344642;6;5;16;4;3;3;13;6;4;1;6;7;3.064892568166309;5;23;-3.938027136348916;4;2;4;1;6;4;5;4;4;8;1;2;0;2;4;19;2;23;-6.406882129477614;10;1;5;7;-0.8955629571012391;4;7;0.7049487513734292;6;0;0;20;-8.149730036999966;16;2;22;1.4576976302495392;16;5;0;4;3;13;6;3;23;0.6408258153832591;3;3;3;4;0;3;2;11;23;-3.095446220809257;2;0;22;3.0982624044065776;20;-0.11076928616092552;2;19;10
TRACK:373;1;5;5;4;6;0;4;2;1;2;3;0;7;1.1352015811540745;17;3;2;25;9;2;6;0;21;-6.306980080885323;11;2;3;20;2.8731534184708174;0;15;8;3;0;5;0;10;18;3;4;24;0;1;5;2;0;0;23;-2.736537522069879;24;2;25;17;6;2;24;15;5;3;2;1;11;9;6;8;0;6;4;2;1;16;18;2;18;20;2.4143813332607316;3;2;2;1;15;16;3;16;5;4;14
TRACK:374;4;8;4;1;6;3;3;5;0;4;4;3;15;5;4;6;20;-2.0636358974695117;6;0;4;6;5;3;1;1;20;-1.8984417138207341;12;1;14;20;-6.453792938009338;3;3;4;0;3;3;14;1;5;19;0;9;17
TRACK:375;4;8;4;3;5;5;3;3;4;5;14
TRACK:376;1;2;0;6;3;1;5;1;5;5;2;2;7;-1.3953047492077264;16;0;16;15;0;5;5;0;9;20;-2.6753478607069088;3;5;4;14;4;0;2;2;6;2;23;-5.402986715272511;23;-8.979415523344642;6;5;16;4;3;3;13;6;4;1;6;7;3.064892568166309;5;23;-3.938027136348916;4;2;4;1;6;4;5;4;4;8;1;2;0;2;4;19;2;23;-6.406882129477614;10;1;5;7;-0.8955629571012391;4;7;0.7049487513734292;6;0;0;20;-8.149730036999966;16;2;22;1.4576976302495392;16;5;0;4;3;13;6;3;23;0.6408258153832591;3;3;3;4;0;3;2;11;21;-7.133759821978964;2;0;22;3.0982624044065776;20;-0.11076928616092552;2;19;10
TRACK:377;1;2;3;4;0;2;3;3;1;5;1;1;10;25;6;9;1;2;4;7;-4.369929423587575;2;12;7;-4.398710777840968;4;5;14;2;2;3;0;4;4;10;0;8;0;21;-7.133759821978964;17;3;3;3;3;18;0;2;1;2;3;19;4;7;9.835895344278278;0;4;13;2;19;13;5;5;2;12;21;-0.4436517457628302;1;2;2;0;15;11;6;14;5;0;10;23;1.192169254850242;4;1;4;13;0;12;21;-2.8641750531555505;3;0;4;5;0;3;3;12;6;4;15;0;0;0;2;2;18;8;5;17;3;1;20;-0.2294028281324998;7;-4.245696521492417;0;4;1;21;7.879313521243596;14;4;5;21;-9.966007950084038;4;2;6;5;11;2;0;25;14;5;11
TRACK:378;0;5;4;1;4;6;5;0;0;2;6;2;13;22;-4.603230904268843;5;3;10;2;4;6;23;6.343985849147831;3;6;20;-6.095482378500828;4;2;2;6;8;3;21;5.103361447273095;2;6;10;5;9;1;1;1;1;6;5;2;5;18;2;11;12;1;6;3;4;9;1;1;3;11;2;12;22;-3.3438064607914697;4;5;18;6;0;4;6;1;13;12;6;3;1;20;3.780097448197882;22;3.0440703342546716;4;3;6;1;2;3;25;0;18;10;0;1;11;11;2;7;-2.1657840898606917;19;0;4;1;3;6;1;5;19;4;19;0;21;-6.306980080885323;11;3;1;2;1;6;2;10;11;4;5;9;3;6;1;8;10;0;4;5;5;12;0;2;0;8;21;3.5649811782570495;1;21;-8.29852661153094;20;-0.46752976461751317;1;5;25;1;20;7.682702362997276;9
TRACK:379;0;5;5;4;6;0;4;2;1;2;3;0;7;1.1352015811540745;17;3;2;25;9;2;6;0;21;-6.306980080885323;11;2;3;20;2.8731534184708174;0;15;8;3;0;5;0;8;21;3.5649811782570495;3;4;24;0;1;5;2;0;0;23;-2.736537522069879;24;2;25;17;6;2;24;15;5;3;2;1;11;9;6;8;0;6;4;2;1;16;18;2;18;20;2.4143813332607316;3;2;2;1;15;16;3;22;-8.400983248688448;5;4;14
TRACK:380;370;-1;3;4;0;2;3;3;1;5;1;1;10;25;6;9;1;2;4;7;-4.1034617011815255;2;12;7;-4.277381504785141;4;5;14;2;2;3;0;4;4;10;0;0;12;10;0;21;-6.9711546311933805;17;3;3;3;3;18;0;2;1;2;3;19;4;7;9.920266764620614;0;4;13;2;19;13;5;5;2;12;21;-0.4697111270853425;1;2;2;0;15;11;6;14;5;0;10;23;1.2271192672657143;4;1;4;13;0;12;21;-2.8633771812743576;3;0;4;5;0;3;3;12;6;4;15;0;0;5;18;15;4;2;6;5;11;2;0;25;14;5;11
TRACK:381;372;-1;0;6;3;1;5;1;5;5;2;2;7;-1.338573907664159;16;0;16;15;0;5;5;0;9;20;-2.7107447708086134;3;5;25;4;0;2;2;6;2;23;-5.290650328916975;23;-9.014889561841306;6;5;16;4;3;3;13;6;4;1;6;7;3.1537187929954595;5;23;-4.014547706339234;4;2;4;1;6;4;5;4;4;8;1;2;0;2;4;19;2;23;-6.312004778935921;10;1;5;7;-0.8771834257667576;4;7;0.6304666248833484;6;0;0;20;-8.152773349744443;16;2;22;1.411940204078758;16;5;0;4;3;13;6;3;23;0.7769990035395942;5;20;-9.631853541133722
TRACK:382;374;-1;4;1;6;3;3;5;0;4;4;3;15;5;4;6;20;-2.0602821736492976;6;0;4;6;5;3;1;1;20;-1.9461541685138797;12;1;14;20;-6.695172881836439;3;0;0;17;20;5.653269753051264;1;7;-0.8792162662053631;11
TRACK:383;1;-1;0;6;3;1;5;1;5;5;2;2;7;-1.370332226601083;16;0;16;15;0;2;24;25;3;5;4;14;4;0;2;2;6;2;23;-5.399617347437325;23;-9.061471874104273;6;5;16;4;3;3;13;6;4;1;6;7;3.0613100999663923;5;23;-3.805887595410788;4;2;4;1;6;4;5;4;4;8;1;2;0;2;4;19;2;23;-6.51941853966638;10;1;5;7;-1.089466889076729;4;7;0.7348159915113435;6;0;0;20;-8.14881594976089;16;2;22;1.310382854311039;16;5;0;4;3;13;6;3;23;0.605452927274808;3;3;3;4;0;3;2;11;23;-3.1867498534205687;2;0;22;2.957114882810157;20;-0.2985566107709785;2;19;10
TRACK:384;378;-1;4;1;4;6;5;0;0;2;6;2;13;22;-4.572625143390688;5;3;10;2;4;6;23;6.206592032910684;3;6;20;-6.118989936409264;4;2;2;6;8;3;21;5.194091280252852;2;6;10;5;9;1;1;1;1;6;5;2;5;18;2;11;12;1;6;3;4;9;1;1;3;11;2;12;22;-3.1853989206488422;4;5;18;6;0;4;6;1;13;12;6;3;1;20;3.8148096333706527;22;3.200831788455761;4;3;6;1;2;3;25;0;18;10;0;1;11;11;2;7;-2.0870387293833876;19;0;4;1;3;6;1;5;19;4;19;0;21;-6.262275145856237;11;3;1;2;1;6;2;10;11;4;5;22;9.587853822091969;3;6;1;8;10;0;4;5;5;12;0;2;0;8;21;3.5710045666092576;1;21;-8.247755272079274;20;-0.5892522126949357;1;5;25;1;20;7.686788816322395;9
TRACK:385;371;-1;1;4;2;5;1;6;1;3;4;1;9;15;3;3;3;15;6;0;0;0;6;24;3;17;5;5;23;-5.304197810205929;6;6;0;25;24;1;4;3;2;4;1;3;21;1.210360268402654;1;15;11;2;0;0;21;-3.31437110645232;25;6;10;6;4;10;2;0;1;5;3;2;23;-1.3675163026158543;25;6;5;1;7;1.028351509694809;17;2;0;3;0;15;20;-1.9658124104994381;3;4;25;1;2;4;16;0;23;8.685054914503628;21;-9.081347088718314;6;3;21;-7.930575676042161;4;1;4;5;1;19;9;2;3;5;15;5;1;15;25;1;3;0;4;3;4;5;5;0;10;15;0;1;4;6;2;1;11;13;6;18;4;4;1;0;9;10;0;17;14;3;3;6;6;3;24;2;6;3;5;3;5;0;1;16;16;4;15;5;1;6;1;5;5;3;10;6;6;5;19;4;1;5;0;4;25;4;23;-9.80842955496562;4;3;4;8
TRACK:386;373;-1;5;4;6;0;4;2;1;2;3;0;7;1.107904828421652;17;3;2;25;9;2;6;0;21;-6.200472287581394;11;2;3;20;2.785455011897827;0;15;8;3;0;5;0;10;18;3;4;24;0;1;5;2;0;0;21;6.527197372832763;24;2;25;17;6;2;24;15;5;3;2;1;11;9;6;8;0;6;4;2;1;16;18;2;18;20;2.4979368164755904;3;2;2;1;15;16;3;16;5;4;14
TRACK:387;375;-1;4;3;5;5;3;3;4;6;12
TRACK:388;2;-1;3;4;0;2;3;3;1;5;1;1;10;25;6;9;1;2;4;7;-4.5007811546156855;2;12;7;-4.430918611236863;4;5;14;2;2;3;0;4;4;10;0;0;12;10;0;21;-7.002262567257926;17;3;3;3;3;18;0;1;2;7;-0.6336623302407567;22;2.5601929122674782;4;14;1;2;2;0;15;11;6;14;5;0;10;23;1.2225534612045756;4;1;4;13;0;12;21;-2.7020581771594268;3;0;4;5;0;3;3;12;6;4;15;0;0;0;2;2;18;8;5;17;3;1;20;-0.302849389167374;7;-4.1939432161602594;0;4;1;21;7.884681128732919;14;4;5;21;-10.0;4;2;6;5;11;2;0;25;14;5;11
TRACK:389;379;-1;5;4;6;0;4;2;1;2;3;0;7;1.0210788925016407;17;3;2;25;9;2;6;0;21;-6.334020003111766;11;2;3;20;2.8469521479684503;0;15;8;3;0;11;12;0;1;5;2;0;0;23;-2.7923759256994063;24;2;25;17;6;2;24;15;5;3;2;1;11;9;6;8;0;6;4;2;1;16;18;2;18;20;2.423386164167269;3;2;2;1;15;16;3;22;-8.326292456489686;5;4;14
EVAL_INSTANCE:19:0:380
EVAL_INSTANCE:19:1:381
EVAL_INSTANCE:19:2:382
EVAL_INSTANCE:19:3:383
EVAL_INSTANCE:19:4:384
EVAL_INSTANCE:19:5:385
EVAL_INSTANCE:19:6:386
EVAL_INSTANCE:19:7:387
EVAL_INSTANCE:19:8:388
EVAL_INSTANCE:19:9:389
RUN_RESULT:19:0:0:2000:----
RUN_RESULT:19:1:0:2000:----
RUN_RESULT:19:2:0:2000:----
RUN_RESULT:19:3:0:2000:----
RUN_RESULT:19:4:0:2000:----
RUN_RESULT:19:5:0:2000:----
RUN_RESULT:19:6:0:2000:----
RUN_RESULT:19:7:0:2000:----
RUN_RESULT:19:8:0:2000:----
RUN_RESULT:19:9:0:2000:----
    20 |      200 |  0.000000E+00 | -0.000000E+00
TRAINING ON LEVEL:176
of 184 levels
---LEVEL STRING---
____________________
_W........wwwwwwwww_
_1wwwwwwwww......Kw_
_6woooooowwR1.O.81w_
_Kwooo3koww..3.1.9w_
_1wkoooooww.......w_
_4wo1kbkowwaaaaw.ww_
_Awooooooww....oww._
_1wK17ooowwb..woow._
_9wwwwwwwwww.swoww._
_Awwwwwwwwwwwlwwww._
_1wb.....ww......w._
_4wwwww.www.b.R..w._
_Sw......ww.r.1..w._
_1ww.wwwwww...5L.w._
_4wrrrrrrww....1.w._
_Bwrrfrrrww....8.w._
_1wwwwwwwwwwwwwwww._
_9R19F13L18R14B12.._
____________________
---LEVEL STRING---
training done.
The time of execution is: 1998.6383392810822 s

TRAINING DONE


-----!!!NEW PROBLEM!!!-----


START TESTING

LEVEL:0:______\n_K.2._\n_kSF._\n_bB1._\n_..fR_\n_1..._\n_3.r._\n_251O_\n_s.31_\n_o..2_\n______
LEVEL:1:________\n_......_\n_......_\n_.Sb.s._\n_.1..s._\n_.4b..1_\n_B12..3_\n_......_\n________
LEVEL:2:____________\n_.........._\n_.r....f..._\n_.....bssss_\n_.R.......F_\n_B1..f..b.1_\n_AO........_\n_.rssssssss_\n_.........F_\n_ss...R...1_\n_....B12W.3_\n_oS14...1.._\n____________
LEVEL:3:__________\n_F13....G_\n_..R15a.1_\n_.......0_\n_a.A.b.a._\n_....a..._\n_B....ggg_\n_1.a.ag.a_\n_2....g.f_\n__________
LEVEL:4:__________\n_.....B12_\n_.W......_\n_.1wwwww._\n_.6wf..w._\n_..w..kw._\n_F.wwwww._\n_1......._\n_3...bK17_\n__________
LEVEL:5:_________\n_....B18_\n_......._\n_...R..._\n_...1..._\n_...3..._\n_......._\n_....B12_\n_......._\n_.b..R.._\n_....1.._\n_r...9.._\n_......._\n_________
LEVEL:6:____________\n_G13wwwwK14_\n_w.o.okofow_\n_wo.o.o.o.w_\n_wko.o.o.ow_\n_wggggggggw_\n_w.o.o.o.ow_\n_wo.o.o.okw_\n_w.o.o.o.ow_\n_wo.obo.o.w_\n_K17wwwwB12_\n____________
LEVEL:7:____________\n_F13wwwwK14_\n_w.o.okofow_\n_wo.oko.o.w_\n_wko.o.o.ow_\n_wo.o.o.okw_\n_wko.o.o.ow_\n_wo.o.o.okw_\n_wko.o.o.ow_\n_wo.obo.o.w_\n_K17wwwwB12_\n____________
LEVEL:8:__________\n_B12....F_\n_1......1_\n_9lllL.f3_\n_..rl1..._\n_...l8..._\n_...lllll_\n_.br....._\n_....R15._\n__________
LEVEL:9:___________\n_rg9SkofVr_\n_GF.6WOV0A_\n_Fw0.3o6AB_\n_A5W..5A2l_\n_.WO5KlF.1_\n_441934sR2_\n_vF38vVb.k_\n_W4bAS.K1K_\n_kO9.W..21_\n_0Ba4o3.L2_\n_w9G.SG99v_\n_g9Br5Kkbk_\n_.l7RRG6r3_\n_LFffV..Gv_\n_ga8.ro1wr_\n_VWV7R..3._\n___________
LEVEL:10:__________\n_........_\n_....V12._\n_........_\n_...v...._\n_F.v.v..._\n_1..v...._\n_3......._\n_....f..._\n__________
LEVEL:11:__________\n_b....Vwv_\n_.....1ww_\n_.....3.._\n_........_\n_........_\n_.....BW._\n_.....11._\n_.....26._\n__________
LEVEL:12:__________\n_...K..3._\n_.f.k...._\n_kkkk...._\n_...kgkkk_\n_........_\n_G10...b._\n_.....B12_\n_K14..F13_\n__________
LEVEL:13:__________\n_..Bwwlll_\n_b.1wwlll_\n_..2wwlll_\n_...wwlll_\n_...wwlll_\n_W16....._\n_....F13._\n_s...wwwf_\n__________
LEVEL:14:__________\n_G10gl.f._\n_.aagl.l._\n_.R.gg.ll_\n_.b..gggl_\n_...a...a_\n_..r....5_\n_B12.1..._\n_F13a.L16_\n__________
LEVEL:15:__________\n_bW12..Fr_\n_........_\n_w.w.w..S_\n_.s...s.1_\n_..w.www4_\n_B.3s1..._\n_1.w.w..._\n_2.....Rf_\n__________
LEVEL:16:__________\n_bW12..Fr_\n_........_\n_w.w.w..S_\n_.s...s.1_\n_..w.www4_\n_B.3s1..S_\n_1.w.w..._\n_2.....Rf_\n__________
LEVEL:17:__________\n_.f......_\n_.......3_\n_kkkkgkkk_\n_...g.g.._\n_K14k.k.._\n_...k.kkk_\n_B12k..b._\n_F13....._\n__________
LEVEL:18:____________________\n_B.S14.O16.R15.B12._\n_1.F13.G16.V17....._\n_.Sv..............._\n_Rggggggggggggggggg_\n_1ggggggggggggggggg_\n_.F......gggggggggg_\n_ooo.......gggggggg_\n_wwwoo.......gggggg_\n_wwwwwoo.......gggg_\n_wwwwwwwoo..r......_\n_wwwwwwwwwoo.b....._\n_wwwwwwwwwwwooaaaaa_\n____________________
LEVEL:19:_________________\n_F13w.f.w.a...rw_\n_.a.wa...b.a.a.w_\n_wwrwwwww..wwwww_\n_...a...a....a.._\n_wwwwww.wwwwwwww_\n_.a.........ar.._\n_www.wwwwwwwwwww_\n_.a...a......ba._\n_..b......a....._\n_wwwwwwwwww.war._\n_k...a.....awwww_\n_wwwwwwwwwwwwB14_\n_R16wW16wK12wB17_\n_________________
LEVEL:20:__________\n_...s.V12_\n_v..s...._\n_..sssfss_\n_..s..s.._\n_F..s..s._\n_1.....s._\n_3..S14.._\n_........_\n__________
LEVEL:21:____________________\n_.Laallgg.......BG._\n_.1aallgg.......11._\n_.8aallgg.......90._\n_..aallgg.........._\n_..9allgg.......v.._\n_..aallgg.......V.._\n_b.2allgg.......1.._\n_llllllgg.......3.._\n_llllllgg.........._\n_gggggggg.........._\n_gggggggg.......B12_\n____________________
LEVEL:22:__________\n_........_\n_...b...._\n_........_\n_F......._\n_1.B.f..._\n_3.1....._\n_..2....._\n_........_\n__________
LEVEL:23:__________\n_........_\n_B...b..._\n_1......._\n_2......._\n_........_\n_..3...f._\n_F1....f._\n_........_\n__________
LEVEL:24:__________\n_S13....._\n_.......f_\n_...r...3_\n_........_\n_........_\n_F14..R12_\n_........_\n_......s._\n__________
LEVEL:25:_________________\n_....gg.....l..._\n_....gg.....l..._\n_....gg.....l..._\n_.b..gg.....l..._\n_....gg.....l..._\n_....gg.....l..._\n_....gg.....l..._\n_....gg.B12.l..f_\n_....gg.....l..._\n_K...gg.....l..._\n_B12.gg..k..l..._\n_....gg.....l..._\n_....gg.....l..._\n_....gg.G10.l..._\n_....gg.....l..._\n_....gg.....lF13_\n_....gg.....l..._\n_....gg.....lL14_\n_________________
LEVEL:26:__________\n_.ssss.s._\n_..ss.fv._\n_...as.v._\n_.F12.A.._\n_.....1.._\n_.....3.._\n_.ggg...._\n_.s......_\n__________
LEVEL:27:__________\n_glF13S12_\n_gksgggVV_\n_ggrrrrV2_\n_vggkgkVr_\n_vvgvvvVr_\n_vvvvvlVl_\n_vvvvvlVl_\n_vvvvl.fl_\n__________
LEVEL:28:__________\n_B12..VGF_\n_S.....1._\n_1.b.s35f_\n_4...sss._\n_........_\n_gggggggg_\n_...vv..._\n_........_\n__________
LEVEL:29:__________\n_V.2a..12_\n_B12avF.._\n_bv.a...._\n_aaaaaaaa_\n_...a...._\n_..2a.A.._\n_A16a1..._\n_.1.a2f3._\n__________
LEVEL:30:__________\n_K17....._\n_......O._\n_k.vwww.._\n_...wow.k_\n_...www.._\n_KV..W16._\n_11.O1.3._\n_42..k..._\n__________
LEVEL:31:___________________\n_B12w...ag...wG10._\n_wwww...gg...wW16._\n_..13...ga...wwwww_\n_.V15..agga......._\n_.R...araga.a....._\n_.....a.ggaaa....._\n_ggggggggaaaav...._\n_.v....agga......._\n_....b..aga......._\n_......agga......._\n___________________
LEVEL:32:__________\n_b.....f._\n_.....V12_\n_........_\n_F13....._\n_........_\n_........_\n_....v..._\n_........_\n__________
LEVEL:33:__________\n_........_\n_...bV12._\n_........_\n_........_\n_.B13...._\n_........_\n_........_\n_...vv..._\n__________
LEVEL:34:__________\n_...V13.._\n_v......._\n_........_\n_......b._\n_....B12._\n_........_\n_..V15..._\n_........_\n__________
LEVEL:35:__________\n_..F1.3.._\n_llllllll_\n_..L14..._\n_........_\n_........_\n_........_\n_........_\n_bB12...f_\n__________
LEVEL:36:__________\n_B12.F13._\n_........_\n_...sss.._\n_.b.sfs.._\n_...s...._\n_...s...._\n_........_\n_........_\n__________
LEVEL:37:__________\n_s..S..a._\n_k.o....l_\n_.g....b._\n_L.g..b.w_\n_g.s..fs._\n_....B..l_\n_b...1r.._\n_G13.2b.._\n__________
LEVEL:38:__________\n_.Rrbll.f_\n_L18.lll._\n_.5..ll.r_\n_..r.ll.1_\n_..r.ll.l_\n_.F..ll.B_\n_B19.ll.1_\n_r3r....2_\n__________
LEVEL:39:__________\n_A.2...bg_\n_1.G.3.a._\n_wwg1W16._\n_..12B12b_\n_........_\n_........_\n_........_\n_........_\n__________
LEVEL:40:__________\n_b..lsllf_\n_...lslll_\n_.S.lslll_\n_L18lslll_\n_.6.ls..._\n_F......._\n_1......._\n_3.B12..._\n__________
LEVEL:41:____________________\n_llllllff........L._\n_lgggglff........1._\n_lbggglff........5._\n_lg..glff.........._\n_lG15glff.........._\n_llllllff.........._\n_ffffwww..........._\n_ffff.............._\n_.................._\n_.........F.3......_\n_..B12.....1......._\n_.................._\n_.........k........_\n_....K12..........._\n_.................._\n_.................._\n_................7._\n_.................._\n____________________
LEVEL:42:__________\n_f.k.k.kk_\n_.B12F13._\n_k......k_\n_...b...._\n_k......k_\n_........_\n_k......k_\n_.K14K17._\n__________
LEVEL:43:__________\n_ffffffff_\n_W16....._\n_Bk......_\n_1.k...k._\n_2...k..._\n_w..wwwww_\n_...k...._\n_Kk.....k_\n_1k...k.._\n_7......._\n_w..wwwww_\n_........_\n_F13...k._\n_K..k...._\n_1......._\n_4...kk.b_\n__________
LEVEL:44:__________\n_FWwwwwww_\n_11wb.fww_\n_36wwwwww_\n_G10wgkww_\n_wwwwwwww_\n_wBKwwwww_\n_w11wwwww_\n_b2.kwwww_\n__________
LEVEL:45:___________\n_.F.w..V.._\n_o1.w.o1.._\n_.4.w.o2.o_\n_wwww.o..._\n_.ov...oWw_\n_.ov.o..1w_\n_..o.O186w_\n_foo..wF13_\n___________
LEVEL:46:____________________\n_W........wwwwwwwww_\n_1wwwwwwwww......Kw_\n_6wK17ooowwR1.O.81w_\n_Kwkooo3oww..3.1.9w_\n_1wkoooooww.......w_\n_4wo1kbkowwaaaaw.ww_\n_Awooooooww.....ww._\n_1woooooowwb..w..w._\n_9wwwwwwwwww.sw.ww._\n_Awwwwwwwwwwwlwwww._\n_1wb.....ww......w._\n_4wwwww.www.b.R..w._\n_Sw......ww.r.1..w._\n_1ww.wwwwww...5L.w._\n_4wrrrrrrww....1.w._\n_Bwrrfrrrww....8.w._\n_1wwwwwwwwwwwwwwww._\n_9R19F13L18R14B12.._\n____________________
LEVEL:47:______\n_fr.b_\n_F13w_\n_gggg_\n_wwww_\n_F17w_\n_R15w_\n_G10W_\n_B121_\n_W16W_\n______
LEVEL:48:__________\n_WSLlllll_\n_111llllk_\n_556llK12_\n_lllllB17_\n_lllllK1._\n_lllkklll_\n_lllwwlll_\n_FllssllF_\n_1......1_\n_3......3_\n_f......f_\n_........_\n_........_\n_oooggooo_\n_..o..o.._\n_GBo..oOS_\n_11ob.o11_\n_89o..o58_\n__________
LEVEL:49:____________________\n_Wwvvvvvvvfvvvvvvvv_\n_1wvvvvvvv.vvvvvvvv_\n_6wvvvvvvv.vvvvvvvv_\n_Fwvvvvvvv.vvvvvvvv_\n_1wvvvvvvv.vvvvvvvv_\n_3wvvvvvvvvvvvvvvvv_\n_Vwvvvvvvvvvvvvvvvv_\n_1wvvvvvvvvvvvvvvvv_\n_4wvvvvvvvvvvvvvvvv_\n_wwvvvvvvvvvvvvvvvv_\n_..............s..._\n_......r.r.....sS.._\n_...b..rrr.....s1.._\n_..B12..R......s4.._\n_.......1......s..._\n_.......5..O1O.s..._\n_..............w..._\n_..............w..._\n____________________
LEVEL:50:_______\n_bB12._\n_...F._\n_.fR15_\n_...3._\n_.r..._\n_______
LEVEL:51:________\n_rrrrrr_\n_rrrrrr_\n_rrbrrr_\n_rr.rRr_\n_r..B12_\n_r.3.6._\n________
LEVEL:52:____________\n_v......V12_\n_...f.....F_\n_.R.....b.1_\n_B12......3_\n_...S.S14.._\n____________
LEVEL:53:__________\n_bB1...2._\n_..fR1SF._\n_1...31s._\n_3.r..2.1_\n__________
LEVEL:54:_________\n_......._\n_....b.._\n_....s.._\n_......F_\n_.B12..1_\n_......3_\n_...S121_\n_________
LEVEL:55:____________\n_.........._\n_.b..S....._\n_.....712.._\n_.....O...._\n_.B........_\n_...b.....F_\n_.........1_\n_GokK12...3_\n_V......B1._\n_r........R_\n____________
LEVEL:56:________\n_......_\n_.b...._\n_......_\n_......_\n_.S...._\n_.1...._\n_.BB123_\n_.s...3_\n________
LEVEL:57:____________\n_B1.B.....B_\n_R1.......1_\n_..5....S12_\n_.........._\n_.r.....b.._\n_...L......_\n_......1..F_\n_..f......1_\n_......s..4_\n_F13......._\n____________
LEVEL:58:_______\n_F.B12_\n_1b..._\n_3...f_\n_..k.._\n_K17.._\n_______
LEVEL:59:____________\n_B12w.....S_\n_K12w.....1_\n_F16w....7._\n_wwww......_\n_G1........_\n_1.....s..._\n_.0.3.sbs.._\n_g.....s..g_\n_gg......gg_\n_ggg....ggg_\n____________
LEVEL:60:____________\n_B12......S_\n_Br.......1_\n_R..f.....F_\n_.........1_\n_G1.......3_\n_1.....s.f._\n_.0.3.sbs.F_\n_g.....s..g_\n_gg..13..gg_\n_ggg....ggg_\n____________
LEVEL:61:_________\n_.....B8_\n_......._\n_...R..._\n_..o1..._\n_......._\n_....B.._\n_......._\n_....rs._\n_..1SF.._\n_fB31s.._\n_F112o.._\n_......._\n_________
LEVEL:62:________\n_......_\n_......_\n_......_\n_......_\n_......_\n_......_\n_..B..._\n_..1..._\n_..2F13_\n_..b..._\n_......_\n_......_\n_f.F15._\n_......_\n_......_\n________
LEVEL:63:_____________\n_.....2....._\n_.b...F....._\n_....w.712.._\n_.B....O...._\n_....S.....F_\n_........S.1_\n_.....K12..._\n_.b.W......._\n_........s.._\n_.....B12s3k_\n_..........k_\n_____________
LEVEL:64:_________\n_Fw.f.wB_\n_1w...w1_\n_3wwwww2_\n_......._\n_..W16.._\n_......._\n_...b..._\n_________
LEVEL:65:____________\n_B13......F_\n_....f....1_\n_rrrR1Rrrr2_\n_........b._\n____________
LEVEL:66:____________\n_F13wwwwK14_\n_w.o.okofow_\n_wo.o.o.o.w_\n_wko.o.o.ow_\n_wo.o.o.o.w_\n_w.o.o.o.ow_\n_wo.o.o.okw_\n_w.o.o.o.ow_\n_wo.obo.o.w_\n_K17wwwwB12_\n____________
LEVEL:67:____________\n_.........._\n_llllllll.._\n_.....r...._\n_.........._\n_..b..r...._\n_.........._\n_gggggggg.._\n_W13..G17.._\n_.........._\n_B12......._\n____________
LEVEL:68:___________\n_B12w....._\n_wwww.brk._\n_.R......._\n_........._\n_ggggggggg_\n_.1......._\n_.5......._\n_........._\n_.K......._\n_........._\n_ggggggggg_\n_........._\n_......ooo_\n_wwww..ofo_\n_W16w..ooo_\n_G10w..F13_\n___________
LEVEL:69:__________\n_k....b.._\n_w....o.o_\n_sB123ggg_\n_.fR.oo.o_\n_.....bg._\n_.r..f..._\n_.s.bs..k_\n_..sg.www_\n__________
LEVEL:70:__________\n_...12..._\n_...r.ooo_\n_2...B11O_\n_......31_\n_s2.3...2_\n_........_\n_..R1..F1_\n_.....S14_\n__________
LEVEL:71:_______________\n_.l..gL16g..l._\n_.l..ggggg..l._\n_............._\n_............._\n_..l.......l.._\n_..l.......l.._\n_3....G10....3_\n_..l.......l.._\n_..l.......l.._\n_............._\n_............._\n_.l..ggggg..l._\n_.l..gL12g..l._\n_______________
LEVEL:72:__________\n_.kSFr..._\n_vbR1Sbb._\n_g..31skB_\n_r...2so8_\n_bss...a4_\n_FR...aa._\n_S1o....w_\n_W6R11oof_\n__________
LEVEL:73:__________\n_........_\n_....V12._\n_........_\n_........_\n_F.v.v..._\n_1..v...._\n_3......._\n_....f..._\n__________
LEVEL:74:__________\n_........_\n_....V12._\n_..v.v..._\n_..vvv..._\n_F.v.v..._\n_1..v...._\n_3......._\n_....f..._\n__________
LEVEL:75:__________\n_.....B12_\n_.W.14..._\n_.1wwwww._\n_.6wf..w._\n_..w..kw._\n_F.wwwww._\n_1......._\n_3...bK17_\n__________
LEVEL:76:____________\n_K..w.kwK14_\n_1...okkfow_\n_7...B12o.w_\n_s.k......._\n_.....R...._\n_w.www..W16_\n_w........._\n_..b...r..k_\n_w........._\n_..kwwwF13._\n____________
LEVEL:77:____________\n_K.kw.kwK14_\n_1...okkfo._\n_7.o.A12o.w_\n_s.2..r.o.._\n_.....R...._\n_w.www..W16_\n_w...o..o.._\n_..b...rbak_\n_w...5...o._\n_b.fwwwF13._\n____________
LEVEL:78:__________\n_...12..._\n_...rg1.._\n_........_\n_.s..wk2g_\n_F12.V7f._\n_w.F.v..._\n_3R25K..._\n_..v....._\n__________
LEVEL:79:__________\n_W16..R15_\n_.....R13_\n_..R....._\n_B1B12.ww_\n_......wr_\n_......ww_\n_........_\n_b....R19_\n__________
LEVEL:80:__________\n_W16..R15_\n_.....R13_\n_..R....._\n_B1B12.ww_\n_......wr_\n_......ww_\n_...R...._\n_bB1..R19_\n__________
LEVEL:81:__________\n_B1B....f_\n_1......._\n_2......._\n_........_\n_........_\n_.......F_\n_.......1_\n_b......3_\n__________
LEVEL:82:__________\n_V1V....B_\n_.......1_\n_V1.....2_\n_..F....._\n_........_\n_........_\n_........_\n_bv....7F_\n_.......1_\n_.......3_\n_wwwwwwww_\n_.v....W._\n_......1._\n_f.....6._\n__________
LEVEL:83:__________\n_B12..F13_\n_........_\n_........_\n_........_\n_.b....f._\n_........_\n_........_\n_........_\n__________
LEVEL:84:__________\n_.K14.B12_\n_.fow...._\n_2o.w...3_\n_..1.W..w_\n_..4...k._\n_....rr.._\n_........_\n_....bK17_\n__________
LEVEL:85:__________\n_l......._\n_...b...._\n_L1B....._\n_..1....._\n_..2F...._\n_.b.bB1Br_\n_........_\n_.f....13_\n__________
LEVEL:86:__________\n_bF132..G_\n_....g1.1_\n_..B12AO._\n_.RF13wwr_\n_a12....._\n_o.....WF_\n_......F1_\n_.....f.._\n__________
LEVEL:87:__________\n_W16w..s._\n_...wF..._\n_...w1..._\n_...w3..._\n_r..w...._\n_...wR.b._\n_S14wB12._\n_.1Fw...r_\n__________
LEVEL:88:__________\n_W16w..s._\n_.14wF..._\n_F..w1..._\n_...w3..._\n_..rw...._\n_...wR.b._\n_S14wB12._\n_.1Fw...r_\n__________
LEVEL:89:__________\n_........_\n_WW..W16._\n_11b.B12._\n_9W......_\n_........_\n_FL...www_\n_11...wll_\n_38...wlf_\n__________
LEVEL:90:________________\n_K17..........._\n_1....3........_\n_.4w.k...Ww...._\n_..l.....1....._\n_..lw.k.76Ww..._\n_..l..........._\n_lllllllll....._\n_......ll......_\n_.............._\n_b............._\n_L14........B12_\n________________
LEVEL:91:__________\n_...K.3.._\n_.f.k...._\n_kkkk...._\n_...kgkkk_\n_........_\n_G10...b._\n_.....B12_\n_K14..F13_\n__________
LEVEL:92:__________\n_.....b.s_\n_FBs....s_\n_f13....s_\n_.2..rrrr_\n_...r...._\n_...r.RF._\n_...r.11._\n_S14r.5.._\n__________
LEVEL:93:__________\n_.B1..ww._\n_s..S...f_\n_.w1ww4.._\n_.w.SF..1_\n_1.4.Bw.4_\n_3bww3w.._\n_.......s_\n_.W12.s.._\n__________
LEVEL:94:__________\n_........_\n_B12....._\n_S16....._\n_K13.b..._\n_G16....._\n_F16..v.v_\n_.....vsv_\n_V16..vkf_\n__________
LEVEL:95:___________\n_s...f...s_\n_.k.....k._\n_..k...k.._\n_...k.k..._\n_....k...._\n_....S14.._\n_........._\n_K17...K14_\n_B12.b.F13_\n___________
LEVEL:96:__________\n_.B1.sF13_\n_S142s..._\n_...fs..._\n_sssss..._\n_........_\n_.....17._\n_.B12..b._\n_........_\n__________
LEVEL:97:_________\n_....F13_\n_......._\n_..K...._\n_..1...._\n_.f2...._\n_......._\n_k......_\n_________
LEVEL:98:__________\n_........_\n_...F13.._\n_........_\n_.......v_\n_B.....a._\n_1......._\n_2..O...._\n_..k.fb.S_\n__________
LEVEL:99:__________\n_B12.gggf_\n_F13agggg_\n_R15.gggg_\n_G10.gggg_\n_.a......_\n_..r..rr._\n_..rrrrrr_\n_b..rr..._\n__________
LEVEL:100:__________\n_........_\n_........_\n_.B...k.._\n_1......._\n_wwwvwwww_\n_.b......_\n_........_\n_.....3.._\n_...K...._\n_....1..._\n_..7....._\n_........_\n_.......V_\n_.......1_\n_B12..W14_\n__________
LEVEL:101:__________\n_....B12b_\n_....b..._\n_.......F_\n_...1...1_\n_......12_\n_........_\n_gb...f.._\n_g......._\n_g1..Rr.._\n_gfRf12.k_\n_G.f36..._\n_.b.15..F_\n_G.f....1_\n_.......4_\n_K13....._\n__________
LEVEL:102:__________\n_........_\n_........_\n_.bf....._\n_......B._\n_......1._\n_.F13..2._\n_........_\n_........_\n__________
LEVEL:103:___________\n_oLoLBLoLo_\n_o1o111o1o_\n_w8w828w8w_\n_ooo131ooo_\n_L18oboooo_\n_oooowoOoo_\n_L18oWoL18_\n_oooo1oooo_\n_L14o6oo1L_\n___________
LEVEL:104:_______________\n_B12wwW16.F.13_\n_K14ww.......k_\n_1bG.w.....k.._\n_7.1ww.w.....k_\n_f.4ww.....k.._\n_gggww..k....._\n_gggwwk......._\n_gggww..k....._\n_gggwwk......._\n_k..www..k...k_\n_..k..www..k.._\n_k......w...kw_\n_wwwwww...wwww_\n_______________
LEVEL:105:___________\n_B19L18F13_\n_1wwwwwwwW_\n_2w..b..w1_\n_ww.....w6_\n_..A....wA_\n_a.1.a..w1_\n_...5...w9_\n_.llllllll_\n_.llllllll_\n_.....l..._\n_.V1.vl.f._\n_.1...l..._\n_..2.lllll_\n___________
LEVEL:106:__________\n_.f......_\n_........_\n_kkkkkgkk_\n_B12....._\n_........_\n_G10....._\n_..F13..._\n_......b._\n__________
LEVEL:107:__________\n_.....L14_\n_.llK14wF_\n_.Wrb...1_\n_.ww....3_\n_.ww....._\n_.R1....._\n_........_\n_.1F..B12_\n__________
LEVEL:108:__________\n_b....V.B_\n_.....1.1_\n_..3..9.2_\n_.F...s.._\n_S14sss.._\n_........_\n_........_\n_....f..k_\n__________
LEVEL:109:______________\n_l.bFk...l..._\n_l.B12...l..._\n_l.k42....l.._\n_ll...R..rl2._\n_.1l......l.._\n_..llKl.lll.._\n_.k..1......._\n_....8.f..4.._\n_..2........._\n_..F1.9..K12._\n_...3........_\n_............_\n______________
LEVEL:110:__________\n_B12...fO_\n_...3...._\n_.b......_\n_F......o_\n_1......l_\n_L1......_\n_3......._\n_........_\n__________
LEVEL:111:__________\n_.2......_\n_S..b...._\n_..B....._\n_ww1....._\n_W1......_\n_.F12ss.._\n_....B123_\n_.f.....3_\n__________
LEVEL:112:__________\n_b....F13_\n_l..W16.._\n_llwlllll_\n_.....V.._\n_gggG..12_\n_v.g1.L18_\n_f.g0...._\n_ggg..B12_\n__________
LEVEL:113:______\n_...._\n_.r.._\n_...f_\n_R12._\n_..F._\n_..1._\n_..3._\n_...._\n_...._\n______
LEVEL:114:___________\n_B12aab..._\n_.......A._\n_.......1._\n_F13....7._\n_ggggggggg_\n_ggwwwwwgg_\n_www.f.www_\n_W16.k.G14_\n___________
LEVEL:115:__________\n_........_\n_........_\n_..F12..._\n_........_\n_....31A._\n_fff....._\n_..f....._\n_a.f....._\n__________
LEVEL:116:__________\n_........_\n_.......o_\n_..f....._\n_........_\n_...K13.._\n_.r.g..B._\n_..w...1._\n_...b..2k_\n__________
LEVEL:117:__________\n_B1.awB12_\n_f.o..12._\n_b....rg1_\n_1......._\n_3..Rrr.5_\n_....r..l_\n_g7.w.Ar._\n_K2.k..or_\n__________
LEVEL:118:__________\n_B12..F13_\n_1......._\n_9......._\n_..rb.9.._\n_........_\n_..R..5.._\n_..1....v_\n_V18...vf_\n__________
LEVEL:119:__________\n_b......B_\n_..1.R..1_\n_.R...5.2_\n_........_\n_.0.rrr.._\n_gggggggg_\n_gg...G10_\n_fg...F13_\n__________
LEVEL:120:__________\n_........_\n_S12.B..._\n_S..1..2._\n_........_\n_K.....s._\n_...b...._\n_........_\n_3......._\n__________
LEVEL:121:__________\n_........_\n_.b......_\n_..B....._\n_..1....._\n_..2....._\n_..3....._\n_.Ss....._\n_........_\n__________
LEVEL:122:__________\n_b......._\n_........_\n_...f...._\n_B......._\n_1......._\n_2......._\n_l......._\n_ff.lF13._\n__________
LEVEL:123:__________\n_....B12._\n_....F13._\n_k.b....._\n_....K1.._\n_....fR.._\n_........_\n_........_\n_....r..._\n__________
LEVEL:124:__________\n_........_\n_...b...._\n_........_\n_........_\n_..B...F._\n_..1...1._\n_..2...3._\n_........_\n_........_\n_.......f_\n_........_\n__________
LEVEL:125:__________\n_........_\n_b......._\n_........_\n_...r...._\n_..R12..._\n_.....F.f_\n_.....1.._\n_.....3.._\n__________
LEVEL:126:__________\n_..B12..._\n_........_\n_....F..._\n_..fR15.._\n_b...3..._\n_........_\n_........_\n_..r....._\n__________
LEVEL:127:__________\n_F13....._\n_........_\n_........_\n_.b......_\n_........_\n_...B12.._\n_........_\n_f......._\n__________
LEVEL:128:__________\n_....LLLr_\n_1...LLL._\n_F......._\n_.......F_\n_.......1_\n_.......3_\n_..Rb...._\n_.....B12_\n__________
LEVEL:129:__________\n_......13_\n_..W16..._\n_...B1B.._\n_..B1...._\n_..12...._\n_wwb....._\n_........_\n_........_\n__________
LEVEL:130:_______________\n_......w......_\n_......r..R15._\n_..g.ggr.w...._\n_..g...r...w.._\n_g.rrr.rrk...._\n_.....rK14...._\n_.r.w...r..k.._\n_..r.w.r..ggrg_\n_.bwwwwr.W16r._\n_.wr.rrrwr..k._\n_.w...gw.r..k._\n_.w.f.g..r...._\n_.wr.....r...._\n_B12G10..r.F13_\n_______________
LEVEL:131:_______________\n_......w......_\n_......r..R15._\n_..g.ggr.w...._\n_..g...r...w3._\n_g.rrr.rrk...._\n_.....rK14...._\n_.r.w...r..k.._\n_..r.w.r..ggrg_\n_.bwwwwr.W16r._\n_.wr.rrrwr..k._\n_.w...gw.r..k._\n_.w.f.g..r...._\n_.wr.....r...._\n_B12G10..r.F13_\n_______________
LEVEL:132:__________\n_.......f_\n_........_\n_.k......_\n_..k....._\n_b..k...._\n_.....F13_\n_B12....._\n_........_\n__________
LEVEL:133:__________\n_........_\n_........_\n_llllllll_\n_L.....B._\n_1...b.1._\n_8.....9._\n_........_\n_B12..F13_\n__________
LEVEL:134:_______________\n_b........wF19_\n_G.R.B.R.SwV18_\n_1.R.1.1.1wV17_\n_6.R.2.5.6wF13_\n_...r.r...wW16_\n_.........wG1G_\n_....g....wS1S_\n_wwwwswwwwwwww_\n_vg..f..svw..._\n_______________
LEVEL:135:__________\n_......F._\n_f......o_\n_..b....f_\n_......R._\n_.r....11_\n_.1OB12.._\n_1..b...._\n_3......._\n__________
LEVEL:136:__________\n_........_\n_b.....b._\n_.....b.._\n_...r...._\n_..R12..._\n_.....F.f_\n_.b...1.._\n_.....3.._\n__________
LEVEL:137:__________\n_F13....._\n_........_\n_........_\n_.b......_\n_........_\n_.....B12_\n_........_\n_f......._\n__________
LEVEL:138:__________\n_......BF_\n_.b....11_\n_....R.23_\n_1..5.r.._\n_.....r.._\n_gggggggg_\n_gggggggg_\n_gggggfgg_\n__________
LEVEL:139:__________\n_V.2a..12_\n_B12avF.._\n_bv.a...._\n_aaaaaaaa_\n_...a...._\n_r.Ra.A.._\n_A16a1..._\n_A1032f3._\n__________
LEVEL:140:__________\n_F13....f_\n_....llV._\n_....ll1l_\n_....ll2l_\n_...lll.l_\n_...lllll_\n_.v......_\n_........_\n__________
LEVEL:141:__________\n_........_\n_F12....._\n_....3..._\n_....V1.._\n_........_\n_........_\n_...f.l.v_\n_.....l.._\n__________
LEVEL:142:__________\n_....w.b._\n_....w..w_\n_B13.w.ww_\n_........_\n_F12.fff._\n_........_\n_....W15._\n_........_\n__________
LEVEL:143:__________\n_G......._\n_1..L14.._\n_0......F_\n_.......1_\n_.b.....3_\n_ggg....._\n_llg.B12._\n_fl......_\n__________
LEVEL:144:__________\n_bB1...2._\n_..fR1SF._\n_1...31s._\n_3.s..2.1_\n__________
LEVEL:145:__________\n_......wf_\n_W15..w.._\n_.....w.w_\n_.B12w.w._\n_.....w.._\n_...b..ww_\n_F13...w._\n_......w._\n__________
LEVEL:146:____________\n_A18wa....._\n_B19ww..a.._\n_1ssswa..a._\n_2K13wV13a._\n_wwwww..a.._\n_aaaaa...a._\n_a....aaVav_\n_..aa.aa1av_\n_a.ba.a.8av_\n_aaaa...akv_\n____________
LEVEL:147:__________\n_...w..w._\n_..w.fw.._\n_V12..v.w_\n_....w.w._\n_..ww...w_\n_F13.w.v._\n_.b.v...._\n_....W15._\n__________
LEVEL:148:__________\n_.....w.._\n_F13v...._\n_..V1..w._\n_.b..2..._\n_.W15...w_\n_.w...w.._\n_....w..._\n_B12.w.f._\n__________
LEVEL:149:__________\n_fwwwwwGF_\n_ggwwww11_\n_ggrwww03_\n_g...wwwW_\n_r....ww1_\n_.W19.R16_\n_.O18.1ww_\n_bB12b5.w_\n__________
LEVEL:150:__________\n_.......4_\n_.b..v.gb_\n_..lBOrv._\n_O131..F._\n_.sf2..f._\n_..w...bl_\n_...g.v.._\n_A.of.f.9_\n__________
LEVEL:151:__________\n_.B......_\n_.1..F13O_\n_.2bR...._\n_........_\n_......a._\n_........_\n_........_\n_...f...._\n__________
LEVEL:152:____________________\n_BWw..............._\n_11w.....G10......._\n_26w..wwwwwwww....._\n_www..woooooow....._\n_.....wooR15ow....._\n_.....woooooow....._\n_.....woborrow....._\n_.....woooooow....._\n_..wwwwwggggwwwww.._\n_..w............w.._\n_..w............w.._\n_..w............w.._\n_..wggg.........w.._\n_..wggg.....F13.w.._\n_..wfgg.........w.._\n_..wwwwwwwwwwwwww.._\n_.................._\n_.................._\n____________________
LEVEL:153:__________\n_L1.....O_\n_1......1_\n_8......9_\n_........_\n_F15.V12._\n_w.l.Kv.._\n_3.2.V..k_\n_.......k_\n__________
LEVEL:154:__________\n_B1gg..kb_\n_...v...._\n_......f3_\n_a3V12..._\n_........_\n_.g......_\n_K1.G...._\n_B1...F13_\n__________
LEVEL:155:__________\n_B12..G10_\n_...f...._\n_........_\n_gggggggg_\n_b......._\n_.....r.._\n_........_\n_F13..R15_\n__________
LEVEL:156:__________\n_.R.bll.f_\n_L18.lll._\n_.5..ll.r_\n_..r.ll.1_\n_..r.ll.l_\n_.F..ll.B_\n_B19.ll.1_\n_.3.....2_\n__________
LEVEL:157:__________\n_V12.r..._\n_R.rr2rw._\n_1r....wg_\n_4.ggrrwv_\n_gggF13aa_\n_r.gggggg_\n_a..rarar_\n_fargrara_\n__________
LEVEL:158:__________\n_B12..G10_\n_........_\n_gg..b.1._\n_Fgsr.r5._\n_.gsr.R.._\n_.gs....._\n_.gssss.._\n_.13S141F_\n__________
LEVEL:159:__________\n_B12..G10_\n_sss....._\n_gg..b.1._\n_Fgsr.r5._\n_.gsr.R.._\n_.gs....._\n_.gssss.._\n_.13S141F_\n__________
LEVEL:160:__________\n_kBK.w.b._\n_..1ww..._\n_..2w...._\n_wwww..V._\n_......1._\n_......3._\n_W18....._\n_.....B19_\n__________
LEVEL:161:__________\n_BK13gggG_\n_1rrrggR1_\n_2rbrgR16_\n_.rrrgg7g_\n_.ggggrgg_\n_.ggggggg_\n_.g..rggr_\n_.r.r.r.k_\n__________
LEVEL:162:__________\n_bwawaB12_\n_wawawawa_\n_awawawaw_\n_wawawawa_\n_awawawaw_\n_wawawawa_\n_awawawaw_\n_F13awawf_\n__________
LEVEL:163:__________\n_........_\n_.aaaaa.1_\n_.aabaa.3_\n_.aaaaa.._\n_........_\n_.A......_\n_.1......_\n_.2...B12_\n__________
LEVEL:164:__________\n_KRg...rs_\n_11.g..rr_\n_45.gg..._\n_.B13g..._\n_....wS12_\n_L...l..._\n_1.kkl.k._\n_0b.ll.k._\n__________
LEVEL:165:__________\n_VB12...3_\n_1o..o..._\n_4o..vK16_\n_oo.o...._\n_vobo.kk._\n_..o....._\n_..v..v.._\n_........_\n__________
LEVEL:166:__________\n_wfkwwwww_\n_lwwlwwlw_\n_sllsllsl_\n_.s......_\n_....b.s._\n_W16F13.._\n_..B19S14_\n_L18..B12_\n__________
LEVEL:167:__________\n_kk.k.kkk_\n_llo..o.k_\n_.lo..o.k_\n_.loooo.k_\n_.llll..k_\n_..looooo_\n_..lollll_\n_..lollll_\n_....llll_\n_........_\n_........_\n_L16....._\n_........_\n_........_\n_BK13...._\n_1......._\n_2.K17..._\n_b......._\n__________
LEVEL:168:_____________\n_..wwB12ww.._\n_..........._\n_..wwrwrww.._\n_..w.....w.._\n_W.Rw.b.wR.B_\n_1.w.....w.1_\n_6.w.....w.2_\n_w.w.......w_\n_w1.ww.ww.1w_\n_.........3._\n_..wwR15w..._\n_____________
LEVEL:169:_____________\n_B12F13fL17._\n_..........._\n_l.l.ll.ll.._\n_..........._\n_l.l..l..l.._\n_l..l..l...._\n_.l.....l.l._\n_ll.l.l.l..l_\n_..........._\n_..........._\n_b...B19.L18_\n_____________
LEVEL:170:__________\n_..b....._\n_B12.www._\n_K1.w.k.w_\n_...w...w_\n_....w.wF_\n_....wfw1_\n_.....w.3_\n_W17....._\n__________
LEVEL:171:_____________\n_B12S14F13ww_\n_S17O14W16bw_\n_wwwwwwwww.w_\n_wwwwww..osw_\n_wwwww..os.w_\n_wwww...so.w_\n_www...so..w_\n_ww.....so.w_\n_w......os.w_\n_........osw_\n_.......os.w_\n_w......so.w_\n_ww....so..w_\n_www....so.w_\n_wwww...os.w_\n_wwwww...osw_\n_wwwwww.os.w_\n_wwwwwwwwwfw_\n_____________
LEVEL:172:____________________\n_S16.........wwww.._\n_............wBFw.._\n_............w11w.._\n_............w23w.._\n_............wwww.._\n_...wwwwwwwww......_\n_...wosooooow......_\n_...wooooooow......_\n_...wooobosow......_\n_...wsooooosw......_\n_...woosoooow......_\n_...wwwwwwwww......_\n_.................._\n_.......f.........._\n_.................._\n_.................._\n_.................._\n_.................._\n____________________
LEVEL:173:__________\n_B12oo.b._\n_ooooo.F._\n_sosoo.1._\n_ofooo.3._\n_sosoo..._\n_oooooooo_\n_ooooO14o_\n_oooooooo_\n__________
LEVEL:174:____________________\n_wwowwf....Kwbwwow._\n_wB12wwF13.1w.wooWw_\n_wwbww.o.oA12.oo.1w_\n_LRwwV....o3o.wwo6r_\n_11.Br1......kwwwwg_\n_451.3..llll..wwwgg_\n_..4lwgwlllllllwwwg_\n_llllwvwllllllwK17w_\n____________________
LEVEL:175:__________\n_bsfgalro_\n_kwoBSFWA_\n_ROKGV213_\n_6750489w_\n_w.....ww_\n_w.wwwwWw_\n_w...vw1w_\n_B12V136w_\n__________
LEVEL:176:____________________\n_W........wwwwwwwww_\n_1wwwwwwwww......Kw_\n_6woooooowwR1.O.81w_\n_Kwooo3koww..3.1.9w_\n_1wkoooooww.......w_\n_4wo1kbkowwaaaaw.ww_\n_Awooooooww....oww._\n_1wK17ooowwb..woow._\n_9wwwwwwwwww.swoww._\n_Awwwwwwwwwwwlwwww._\n_1wb.....ww......w._\n_4wwwww.www.b.R..w._\n_Sw......ww.r.1..w._\n_1ww.wwwwww...5L.w._\n_4wrrrrrrww....1.w._\n_Bwrrfrrrww....8.w._\n_1wwwwwwwwwwwwwwww._\n_9R19F13L18R14B12.._\n____________________
LEVEL:177:__________\n_........_\n_S2..B12._\n_w...s..._\n_...7wooo_\n_.1.vooVo_\n_.3vbW1.6_\n_...voo2o_\n_V14.oO16_\n__________
LEVEL:178:____________________\n_WR1R.....wwwwwwwww_\n_1wwwwwwwww......Kw_\n_6wK17ooowwR1.O.81w_\n_Kwkooo3oww..3.1.9w_\n_1wkoooooww.......w_\n_4wo1kbkowwaaaaw.ww_\n_Awooooooww.....ww._\n_1woooooowwb..w..w._\n_9wwwwwwwwww.sw.ww._\n_Awwwwwwwwwwwlwwww._\n_1wb.....ww......w._\n_4wwwww.www.b.R..w._\n_Sw......ww.r.1..w._\n_1ww.wwwwww...5L.w._\n_4wrrrrrrww....1.w._\n_Bwrrfrrrww....8.w._\n_1wwwwwwwwwwwwwwww._\n_9R19F13L18R14B12.._\n____________________
LEVEL:179:__________\n_KF13K1K._\n_1f......_\n_4.wwwwwk_\n_B.wK1b.._\n_1.waA.6._\n_2WwvV.2._\n_w1wgG.0._\n_w6wlL.8._\n__________
LEVEL:180:____________________\n_S14W16...........V_\n_B12V18ww.........1_\n_G14S19..w........5_\n_.w.w..ww.........._\n_...www............_\n_.................._\n_.................._\n_....wwwwsw........_\n_...w.vb..w........_\n_..w..b...w........_\n_...w..b..w........_\n_....wwwwww........_\n_.................._\n_...O15........gggg_\n_...F13....gggggggg_\n_.........gggoooooo_\n_......ggggggoooooo_\n_..ggggggggggooooof_\n____________________
LEVEL:181:____________\n_L.kwB..K1r_\n_w.r..3.fos_\n_wS1.....s1_\n_g.r.W1..s4_\n_W.b......._\n_kk..rb.ff5_\n_9.B12....G_\n_.b.f.swgw1_\n_g.o...oO.0_\n_v.wwoRF1.f_\n____________
LEVEL:182:__________\n_K14....._\n_1k..k..._\n_.boL..k._\n_.A15..aa_\n_.b....b._\n_k...F.k._\n_..k.1..._\n_B12.lf13_\n__________
LEVEL:183:____________________\n_Wwvvvvvvvfvvvvvvvv_\n_1wvvvvvvv.vvvvvvvv_\n_6wvvvvvvv.vvvvvvvv_\n_Fwvvvvvvv.vvvvvvvv_\n_1wvvvvvvv.vvvvvvvv_\n_3wvvvvvvvvvvvvvvvv_\n_Vwvvvvvvvvvvvvvvvv_\n_1wvvvvvvvvvvvvvvvv_\n_4wvvvvvvvvvvvvvvvv_\n_wwvvvvvvvvvvwwwwww_\n_............r....._\n_............rRK.B._\n_...b..sss...r11.1._\n_..B12..S....r457.._\n_..B12..1....r....._\n_.......5....kw...._\n_.O1O........ww...._\n_............w....._\n____________________
BATCH:-1:0:0
BATCH:-1:1:1
BATCH:-1:2:2
BATCH:-1:3:3
BATCH:-1:4:4
BATCH:-1:5:5
BATCH:-1:6:6
BATCH:-1:7:7
BATCH:-1:8:8
BATCH:-1:9:9
BATCH:-1:10:10
BATCH:-1:11:11
BATCH:-1:12:12
BATCH:-1:13:13
BATCH:-1:14:14
BATCH:-1:15:15
BATCH:-1:16:16
BATCH:-1:17:17
BATCH:-1:18:18
BATCH:-1:19:19
BATCH:-1:20:20
BATCH:-1:21:21
BATCH:-1:22:22
BATCH:-1:23:23
BATCH:-1:24:24
BATCH:-1:25:25
BATCH:-1:26:26
BATCH:-1:27:27
BATCH:-1:28:28
BATCH:-1:29:29
BATCH:-1:30:30
BATCH:-1:31:31
BATCH:-1:32:32
BATCH:-1:33:33
BATCH:-1:34:34
BATCH:-1:35:35
BATCH:-1:36:36
BATCH:-1:37:37
BATCH:-1:38:38
BATCH:-1:39:39
BATCH:-1:40:40
BATCH:-1:41:41
BATCH:-1:42:42
BATCH:-1:43:43
BATCH:-1:44:44
BATCH:-1:45:45
BATCH:-1:46:46
BATCH:-1:47:47
BATCH:-1:48:48
BATCH:-1:49:49
BATCH:-1:50:50
BATCH:-1:51:51
BATCH:-1:52:52
BATCH:-1:53:53
BATCH:-1:54:54
BATCH:-1:55:55
BATCH:-1:56:56
BATCH:-1:57:57
BATCH:-1:58:58
BATCH:-1:59:59
BATCH:-1:60:60
BATCH:-1:61:61
BATCH:-1:62:62
BATCH:-1:63:63
BATCH:-1:64:64
BATCH:-1:65:65
BATCH:-1:66:66
BATCH:-1:67:67
BATCH:-1:68:68
BATCH:-1:69:69
BATCH:-1:70:70
BATCH:-1:71:71
BATCH:-1:72:72
BATCH:-1:73:73
BATCH:-1:74:74
BATCH:-1:75:75
BATCH:-1:76:76
BATCH:-1:77:77
BATCH:-1:78:78
BATCH:-1:79:79
BATCH:-1:80:80
BATCH:-1:81:81
BATCH:-1:82:82
BATCH:-1:83:83
BATCH:-1:84:84
BATCH:-1:85:85
BATCH:-1:86:86
BATCH:-1:87:87
BATCH:-1:88:88
BATCH:-1:89:89
BATCH:-1:90:90
BATCH:-1:91:91
BATCH:-1:92:92
BATCH:-1:93:93
BATCH:-1:94:94
BATCH:-1:95:95
BATCH:-1:96:96
BATCH:-1:97:97
BATCH:-1:98:98
BATCH:-1:99:99
BATCH:-1:100:100
BATCH:-1:101:101
BATCH:-1:102:102
BATCH:-1:103:103
BATCH:-1:104:104
BATCH:-1:105:105
BATCH:-1:106:106
BATCH:-1:107:107
BATCH:-1:108:108
BATCH:-1:109:109
BATCH:-1:110:110
BATCH:-1:111:111
BATCH:-1:112:112
BATCH:-1:113:113
BATCH:-1:114:114
BATCH:-1:115:115
BATCH:-1:116:116
BATCH:-1:117:117
BATCH:-1:118:118
BATCH:-1:119:119
BATCH:-1:120:120
BATCH:-1:121:121
BATCH:-1:122:122
BATCH:-1:123:123
BATCH:-1:124:124
BATCH:-1:125:125
BATCH:-1:126:126
BATCH:-1:127:127
BATCH:-1:128:128
BATCH:-1:129:129
BATCH:-1:130:130
BATCH:-1:131:131
BATCH:-1:132:132
BATCH:-1:133:133
BATCH:-1:134:134
BATCH:-1:135:135
BATCH:-1:136:136
BATCH:-1:137:137
BATCH:-1:138:138
BATCH:-1:139:139
BATCH:-1:140:140
BATCH:-1:141:141
BATCH:-1:142:142
BATCH:-1:143:143
BATCH:-1:144:144
BATCH:-1:145:145
BATCH:-1:146:146
BATCH:-1:147:147
BATCH:-1:148:148
BATCH:-1:149:149
BATCH:-1:150:150
BATCH:-1:151:151
BATCH:-1:152:152
BATCH:-1:153:153
BATCH:-1:154:154
BATCH:-1:155:155
BATCH:-1:156:156
BATCH:-1:157:157
BATCH:-1:158:158
BATCH:-1:159:159
BATCH:-1:160:160
BATCH:-1:161:161
BATCH:-1:162:162
BATCH:-1:163:163
BATCH:-1:164:164
BATCH:-1:165:165
BATCH:-1:166:166
BATCH:-1:167:167
BATCH:-1:168:168
BATCH:-1:169:169
BATCH:-1:170:170
BATCH:-1:171:171
BATCH:-1:172:172
BATCH:-1:173:173
BATCH:-1:174:174
BATCH:-1:175:175
BATCH:-1:176:176
BATCH:-1:177:177
BATCH:-1:178:178
BATCH:-1:179:179
BATCH:-1:180:180
BATCH:-1:181:181
BATCH:-1:182:182
BATCH:-1:183:183
EVAL_INSTANCE:0:0:389
RUN_RESULT:0:0:0:2000:----
RUN_RESULT:0:0:1:2000:----
RUN_RESULT:0:0:2:13:DDL
RUN_RESULT:0:0:3:2000:----
RUN_RESULT:0:0:4:429:ULLLUUULUURDRDR
RUN_RESULT:0:0:5:2000:----
RUN_RESULT:0:0:6:5:UURUU
RUN_RESULT:0:0:7:2000:----
RUN_RESULT:0:0:8:2000:----
RUN_RESULT:0:0:9:2000:----
RUN_RESULT:0:0:10:1187:LULDDUULDLRDRRRDD
RUN_RESULT:0:0:11:2000:----
RUN_RESULT:0:0:12:2000:----
RUN_RESULT:0:0:13:2000:----
RUN_RESULT:0:0:14:2000:----
RUN_RESULT:0:0:15:2000:----
RUN_RESULT:0:0:16:2000:----
RUN_RESULT:0:0:17:2000:----
RUN_RESULT:0:0:18:2000:----
RUN_RESULT:0:0:19:2000:----
RUN_RESULT:0:0:20:2000:----
RUN_RESULT:0:0:21:2000:----
RUN_RESULT:0:0:22:22:DRDD
RUN_RESULT:0:0:23:2000:----
RUN_RESULT:0:0:24:2000:----
RUN_RESULT:0:0:25:2000:----
RUN_RESULT:0:0:26:2000:----
RUN_RESULT:0:0:27:2000:----
RUN_RESULT:0:0:28:2000:----
RUN_RESULT:0:0:29:2000:----
RUN_RESULT:0:0:30:2000:----
RUN_RESULT:0:0:31:2000:----
RUN_RESULT:0:0:32:2000:----
RUN_RESULT:0:0:33:777:ULUULULDUURLDDRDRRRRURURUUL
RUN_RESULT:0:0:34:2000:----
RUN_RESULT:0:0:35:2000:----
RUN_RESULT:0:0:36:3:RRR
RUN_RESULT:0:0:37:18:DDDDDUU
RUN_RESULT:0:0:38:2000:----
RUN_RESULT:0:0:39:2000:----
RUN_RESULT:0:0:40:2000:----
RUN_RESULT:0:0:41:65:RUDDUUURRRR
RUN_RESULT:0:0:42:2000:----
RUN_RESULT:0:0:43:2000:----
RUN_RESULT:0:0:44:3:RLR
RUN_RESULT:0:0:45:2000:----
RUN_RESULT:0:0:46:2000:----
RUN_RESULT:0:0:47:2000:----
RUN_RESULT:0:0:48:1565:DUURUUUURR
RUN_RESULT:0:0:49:2000:----
RUN_RESULT:0:0:50:77:DDDDRRRLLLUUUURDD
RUN_RESULT:0:0:51:16:DDLDRRLLL
RUN_RESULT:0:0:52:4:DRRR
RUN_RESULT:0:0:53:2000:----
RUN_RESULT:0:0:54:2000:----
RUN_RESULT:0:0:55:2000:----
RUN_RESULT:0:0:56:2000:----
RUN_RESULT:0:0:57:2000:----
RUN_RESULT:0:0:58:54:DDRDRDRUU
RUN_RESULT:0:0:59:2000:----
RUN_RESULT:0:0:60:1:U
RUN_RESULT:0:0:61:2000:----
RUN_RESULT:0:0:62:2000:----
RUN_RESULT:0:0:63:2000:----
RUN_RESULT:0:0:64:2000:----
RUN_RESULT:0:0:65:2000:----
RUN_RESULT:0:0:66:831:UUURUURLLLLWRRRRRRUU
RUN_RESULT:0:0:67:2000:----
RUN_RESULT:0:0:68:2000:----
RUN_RESULT:0:0:69:2000:----
RUN_RESULT:0:0:70:2000:----
RUN_RESULT:0:0:71:2000:----
RUN_RESULT:0:0:72:2000:----
RUN_RESULT:0:0:73:1059:LULDDUULDLRDRRRDD
RUN_RESULT:0:0:74:2000:----
RUN_RESULT:0:0:75:2000:----
RUN_RESULT:0:0:76:2000:----
RUN_RESULT:0:0:77:2000:----
RUN_RESULT:0:0:78:2000:----
RUN_RESULT:0:0:79:356:RUUURRRRUULLULD
RUN_RESULT:0:0:80:77:RRUUURRRUULULLD
RUN_RESULT:0:0:81:87:UUUURUURRURRRR
RUN_RESULT:0:0:82:2000:----
RUN_RESULT:0:0:83:50:RRRRR
RUN_RESULT:0:0:84:2000:----
RUN_RESULT:0:0:85:2000:----
RUN_RESULT:0:0:86:309:RDDRDDRDLUUULDURURRRLLLDDDRRRRRU
RUN_RESULT:0:0:87:538:UUUULULDDURURULUULLDDDDDURRU
RUN_RESULT:0:0:88:653:UUUULULDDUUUUULLLDDDURRRLDLDULDURRU
RUN_RESULT:0:0:89:2000:----
RUN_RESULT:0:0:90:2000:----
RUN_RESULT:0:0:91:2000:----
RUN_RESULT:0:0:92:2000:----
RUN_RESULT:0:0:93:2000:----
RUN_RESULT:0:0:94:2000:----
RUN_RESULT:0:0:95:153:UUURRUULLLLLURRRRRRUULLLLLLURRR
RUN_RESULT:0:0:96:2000:----
RUN_RESULT:0:0:97:3:UUR
RUN_RESULT:0:0:98:2000:----
RUN_RESULT:0:0:99:2000:----
RUN_RESULT:0:0:100:2000:----
RUN_RESULT:0:0:101:2000:----
RUN_RESULT:0:0:102:2:R
RUN_RESULT:0:0:103:2000:----
RUN_RESULT:0:0:104:2000:----
RUN_RESULT:0:0:105:2000:----
RUN_RESULT:0:0:106:2000:----
RUN_RESULT:0:0:107:2000:----
RUN_RESULT:0:0:108:2000:----
RUN_RESULT:0:0:109:2000:----
RUN_RESULT:0:0:110:2000:----
RUN_RESULT:0:0:111:2000:----
RUN_RESULT:0:0:112:2000:----
RUN_RESULT:0:0:113:13:URRDD
RUN_RESULT:0:0:114:2000:----
RUN_RESULT:0:0:115:2000:----
RUN_RESULT:0:0:116:2000:----
RUN_RESULT:0:0:117:2000:----
RUN_RESULT:0:0:118:2000:----
RUN_RESULT:0:0:119:2000:----
RUN_RESULT:0:0:120:2000:----
RUN_RESULT:0:0:121:2000:----
RUN_RESULT:0:0:122:170:DDDRDRRRRDRDRDLLUUULULU
RUN_RESULT:0:0:123:39:DDRR
RUN_RESULT:0:0:124:2000:----
RUN_RESULT:0:0:125:38:URRRDRDD
RUN_RESULT:0:0:126:89:UUURURDDD
RUN_RESULT:0:0:127:382:UURRRRDDDRDLLLDLLLD
RUN_RESULT:0:0:128:2000:----
RUN_RESULT:0:0:129:2000:----
RUN_RESULT:0:0:130:2000:----
RUN_RESULT:0:0:131:2000:----
RUN_RESULT:0:0:132:2000:----
RUN_RESULT:0:0:133:2000:----
RUN_RESULT:0:0:134:2000:----
RUN_RESULT:0:0:135:2000:----
RUN_RESULT:0:0:136:38:URRRDRDD
RUN_RESULT:0:0:137:102:DDLDD
RUN_RESULT:0:0:138:2000:----
RUN_RESULT:0:0:139:2000:----
RUN_RESULT:0:0:140:89:UUURRRRDRURUUU
RUN_RESULT:0:0:141:2000:----
RUN_RESULT:0:0:142:2000:----
RUN_RESULT:0:0:143:92:UURRULDDDRDDDLLL
RUN_RESULT:0:0:144:2000:----
RUN_RESULT:0:0:145:2000:----
RUN_RESULT:0:0:146:2000:----
RUN_RESULT:0:0:147:2000:----
RUN_RESULT:0:0:148:2000:----
RUN_RESULT:0:0:149:111:RULULL
RUN_RESULT:0:0:150:2000:----
RUN_RESULT:0:0:151:2000:----
RUN_RESULT:0:0:152:2000:----
RUN_RESULT:0:0:153:2000:----
RUN_RESULT:0:0:154:2000:----
RUN_RESULT:0:0:155:636:DDRRRRRUUUUULL
RUN_RESULT:0:0:156:2000:----
RUN_RESULT:0:0:157:2000:----
RUN_RESULT:0:0:158:2000:----
RUN_RESULT:0:0:159:2000:----
RUN_RESULT:0:0:160:2000:----
RUN_RESULT:0:0:161:2000:----
RUN_RESULT:0:0:162:99:RRDDDDDDRDRRRR
RUN_RESULT:0:0:163:2000:----
RUN_RESULT:0:0:164:2000:----
RUN_RESULT:0:0:165:2000:----
RUN_RESULT:0:0:166:2000:----
RUN_RESULT:0:0:167:2000:----
RUN_RESULT:0:0:168:2000:----
RUN_RESULT:0:0:169:2000:----
RUN_RESULT:0:0:170:2000:----
RUN_RESULT:0:0:171:2000:----
RUN_RESULT:0:0:172:2000:----
RUN_RESULT:0:0:173:167:DLDRDDLL
RUN_RESULT:0:0:174:2000:----
RUN_RESULT:0:0:175:36:RRRRRDLULL
RUN_RESULT:0:0:176:2000:----
RUN_RESULT:0:0:177:2000:----
RUN_RESULT:0:0:178:2000:----
RUN_RESULT:0:0:179:2000:----
RUN_RESULT:0:0:180:2000:----
RUN_RESULT:0:0:181:2000:----
RUN_RESULT:0:0:182:2000:----
RUN_RESULT:0:0:183:2000:----
The time of execution is: 291.73427629470825 s
