pygame 2.2.0 (SDL 2.30.7, Python 3.8.10)
Hello from the pygame community. https://www.pygame.org/contribute.html
LEVEL:0:__________\n_.ssss.s._\n_..ss.fv._\n_...as.v._\n_.F12.A.._\n_.....1.._\n_.....3.._\n_.ggg...._\n_.s......_\n__________
BATCH:0:0:0
TRAINING ON LEVEL:26
of 184 levels
---LEVEL STRING---
__________
_.ssss.s._
_..ss.fv._
_...as.v._
_.F12.A.._
_.....1.._
_.....3.._
_.ggg...._
_.s......_
__________
---LEVEL STRING---
TRACK:0;-1;-1;1;6;1;5;2;1;3;4;4;2;24;11;6;3;3;5;16;1;3;2;3;3;11;1;5;25;1;18;14;2;4;1;1;7;3.5975445984194003;8;0;11;24;3;3;4;24;6;1;0;0;4;4;4;17;0;1;5;11;5;11;5;4;17;3;1;5;6;11;0;1;23;-5.708497441060776;15;2;10;12;0;5;5;2;5;23;5.766543068067557;4;15;0;3;1;3;15;3;18;2;4;5;11;5;4;25;3;2;1;6;5;3;2;2;1;13;7;-4.9277769842067425;4;16;0;6;15;6;16;0;3;6;3;3;2;8;15;4;4;4;4;4;24;5;3;1;6;2;2;4;11;2;20;-0.20809334081130437;15;5;0;22;-4.225037828946818;18;2;1;5;1;13;11;2;3;17;4;13;5;1;5;8;4;12
TRACK:1;-1;-1;0;1;1;2;4;4;6;0;4;3;12;5;0;21;7.681159687951318;11;6;1;0;2;5;4;23;-5.882871339184009;5;3;13;6;6;4;14;6;6;1;6;19;6;20;3.950808460962026;3;4;2;5;2;5;3;11;1;3;10;1;12;7;-1.8173101831485994;0;5;2;1;13;11;3;13;3;2;1;19;8;1;22;9.987060275988298;19;5;1;1;5;3;3;4;3;16;4;1;4;6;0;15;19;2;6;4;8;4;0;22;4.1308295972557385;23;5.618681861808195;6;4;0;3;3;3;11;2;6;4;10;2;0;18;7;2.4669343075944976;4;24;5;6;2;3;6;1;0;4;4;12;5;3;17;6;5;5;16;6;4;4;2;5;2;24;22;-7.87187689009051;5;2;18;22;2.5815407224536777
TRACK:2;-1;-1;6;2;0;6;4;2;6;5;0;5;12;1;20;7.494654353893154;17;6;1;0;1;13;7;-0.09474514265803968;3;22;-6.001590814070987;1;5;12;0;7;1.3874923035203075;18;1;3;4;6;1;2;5;7;6.418487465542924;3;13;4;2;8;15;6;6;1;5;3;0;13;16;2;4;5;20;-5.28413385622647;3;6;17;1;4;2;6;2;4;4;4;23;7.108698788339439;0;4;5;17;5;1;17;24;2;0;1;3;5;24;2;3;9;6;13;0;0;0;14;20;-5.686893290195869;1;14;15;1;2;23;7.050963350589875;12;0;23;-2.2605232061138008;17;0;3;4;5;19;3;4;2;21;-6.95433167606283;17;6;3;4;3;4;1;1;7;-0.4176018350842945;22;-7.59871201701533;6;12
TRACK:3;-1;-1;6;1;4;2;2;5;1;6;3;3;20;1.0219285675680023;1;5;3;20;2.9154096614834977;6;4;24;2;4;0;2;5;8;3;12;6;6;11;2;5;1;4;13;5;24;3;5;0;22;8.634653462816708;19;2;1;2;3;0;3;10;5;14;2;0;1;10;12;1;16;21;-5.881313417662444;0;5;19;2;13;12;4;0;3;2;11;18;5;4;15;5;0;5;2;3;19;1;15;20;1.8756425007028774;0;4;6;13;5;2;18;11;1;2;0;0;6;1;1;5;18;4;13;4;2;11;23;1.2975692480753729;1;0;6;0;19;7;0.22589509131794117;1;4;12;5;22;-7.937989990088088;5;2;2;10;9;4;12;3;5;0;6;3;25;0;6;24;4;8;1;0;5;4;3;0;20;9.414847419950398;14;5;1;3;3;12;3;0;19;21;-1.773632800214699;1;1;1;4;0;15;21;1.607488555643954;5;2;7;-7.712401156099737;8;0;3;2;10;23;7.754480513411902;1;2;13;9;5;21;-8.79475651554775;4;4;1;6;10;4;18;5;2;1;4;1;0;2;13;24;6;17;5;3;12;2;6;0;0;22;-9.773906483453214;14;1;25;21;0.3150916675067599;6;2;6;23;4.0580085283098715;6;16;5;1;6;6;5;15;5;2;1;12;12;2;15;10
TRACK:4;-1;-1;5;5;4;0;3;5;3;6;0;1;17;21;1.9556307579640304;5;15;2;5;2;1;5;1;25;14;1;5;11;3;25;4;6;4;13;5;1;4;4;3;19;6;0;2;23;5.9835548266249;19;2;18;25
TRACK:5;-1;-1;2;5;6;5;5;3;1;4;2;4;17;5;20;1.7048391205836655;4;5;6;14;5;0;6;1;6;5;5;1;6;19;2;13;19;3;3;3;6;0;20;2.9030509398087627;18;3;1;4;5;2;1;1;8;7;0.018344278691310834;3;23;-3.6845364125365077;2;3;13;0;12;18;1;3;6;3;0;21;0.9249109337565464;11;0;3;1;1;22;9.303949390071963;18;6;8;4;4;3;15
TRACK:6;-1;-1;6;0;5;2;0;4;4;3;3;5;24;4;5;5;2;2;24;21;1.2136632241323007;1;11;11;0;4;2;3;6;1;19;11;2;5;3;18;2;3;22;9.27590162021355;4;16;6;0;0;0;1;23;2.240674576529493;12;0;19;10;1;3;22;2.983150830065197;4;19;0;1;0;9;10;4;21;4.770589549128985;2;1;21;-1.557596802001724;19;6;13;6;6;4;2;4;0;5;2;18;22;-7.32132054322435;1;2;10;14;3;25;4;3;4;2;11;15
TRACK:7;-1;-1;1;6;5;0;5;4;3;5;2;2;13;20;-4.567267794047871;3;15;0;0;0;5;2;0;22;8.01008452193918;14;0;21;-4.060546944985674;10;6;0;4;20;2.961701215598895;0;24;11;2;2;5;0;12;12;6;1;16;20;7.79857689694137;4;5;2;8;12;6;1;3;4;2;16;13;4;2;2;19;15;2;24;8;3;4;1;0;1;2;4;1;1;19;11;1;24;12;6;6;5;12;2;5;4;0;15;21;-7.572790196236692;0;2;5;20;-3.777239568017512;0;24;9;2;3;14;0;23;9.748531640009293;12;2;3;1;1;1;19;25;2;14;15;1;1;8;11;6;20;-5.323404177890225;0;6;2;3;8;3;10;3;0;0;20;3.078083808380722;15;4;9;0;6;2;2;1;4;9;3;13;3;4;22;-2.132503888061372;1;1;6;8;6;7;-7.8111012397056605;2;1;19;21;-8.897209327109882;0;23;-3.3430466683182285;21;-7.299079570126663;5;0;4;6;4;7;-4.635082139729456;6;5;0;24;11
TRACK:8;-1;-1;3;1;4;6;4;4;3;4;3;0;20;8.518773583123558;12;6;1;6;3;4;4;4;0;14;15;6;3;0;3;2;3;11;3;16;5;3;1;13;22;-1.0402255792328425
TRACK:9;-1;-1;5;4;5;2;2;0;1;2;3;5;10;1;1;23;3.914507547779092;18;2;9;11;0;3;5;11;0;4;19;1;16;19;1;0;0;6;16;0;11;21;-7.8844264379590845;3;5;18;6;0;5;9;3;7;1.0877798479097507;0;3;3;1;6;18;5;15;4;4;4;4;25;4;2;4;5;1;2;18;22;-5.956358224331179;1;11;7;-4.546051807688598;5;5;5;4;17
EVAL_INSTANCE:0:0:0
EVAL_INSTANCE:0:1:1
EVAL_INSTANCE:0:2:2
EVAL_INSTANCE:0:3:3
EVAL_INSTANCE:0:4:4
EVAL_INSTANCE:0:5:5
EVAL_INSTANCE:0:6:6
EVAL_INSTANCE:0:7:7
EVAL_INSTANCE:0:8:8
EVAL_INSTANCE:0:9:9
RUN_RESULT:0:0:0:23:DLL
RUN_RESULT:0:1:0:23:DLL
RUN_RESULT:0:2:0:23:DLL
RUN_RESULT:0:3:0:23:DLL
RUN_RESULT:0:4:0:23:DLL
RUN_RESULT:0:5:0:23:DLL
RUN_RESULT:0:6:0:446:LLD
RUN_RESULT:0:7:0:2000:----
RUN_RESULT:0:8:0:23:DLL
RUN_RESULT:0:9:0:23:DLL
=================================================
n_gen  |  n_eval  |     f_avg     |     f_min    
=================================================
     1 |       10 | -3.537000E+03 | -3.977000E+03
TRACK:10;9;5;5;4;5;2;2;0;1;18;0;3;5;11;0;4;19;1;16;19;1;0;0;6;16;0;11;21;-7.8844264379590845;3;5;18;6;0;5;9;3;7;1.0877798479097507;0;3;3;1;6;18;5;15;4;4;4;4;25;4;2;4;5;1;2;18;22;-5.956358224331179;1;11;7;-4.546051807688598;5;5;5;4;17
TRACK:11;9;5;2;5;6;5;5;6;0;5;9;3;7;1.0877798479097507;5;0;6;1;6;5;5;1;6;19;2;13;19;3;3;3;6;0;20;2.9030509398087627;18;3;1;4;5;2;1;1;8;7;0.018344278691310834;3;23;-3.6845364125365077;2;3;13;0;12;18;1;3;6;3;0;21;0.9249109337565464;11;0;3;1;1;22;9.303949390071963;18;6;8;4;4;3;15
TRACK:12;4;8;5;5;4;0;3;5;3;6;0;1;17;21;1.9556307579640304;5;15;2;5;2;1;5;1;25;14;1;5;11;3;25;4;6;4;13;5;1;4;4;3;19;6;0;2;23;5.9835548266249;19;2;18;25
TRACK:13;4;8;3;1;4;6;4;4;3;4;3;0;17;12;6;1;6;3;4;4;4;0;14;15;6;3;0;3;2;3;11;3;16;5;3;1;13;22;-1.0402255792328425
TRACK:14;0;3;1;6;1;5;2;1;4;13;6;3;3;5;16;1;3;2;3;3;11;1;5;25;1;18;14;2;4;1;1;7;3.5975445984194003;8;0;11;24;3;3;4;24;6;1;0;0;4;4;4;17;0;1;5;11;5;11;5;4;17;3;1;5;6;11;0;1;23;-5.708497441060776;15;2;10;12;0;5;5;2;5;23;5.766543068067557;4;15;0;3;1;3;15;3;18;2;4;5;11;5;4;25;3;2;1;6;5;3;2;2;1;13;7;-4.9277769842067425;4;16;0;6;15;6;16;0;3;6;3;3;2;8;15;4;4;4;4;4;24;5;3;1;6;2;2;4;11;2;20;-0.20809334081130437;15;5;0;22;-4.225037828946818;18;2;1;5;1;13;11;2;3;17;4;13;5;1;5;8;4;12
TRACK:15;0;3;6;1;4;2;2;5;1;6;3;3;20;1.0219285675680023;1;5;3;20;2.9154096614834977;6;4;24;2;4;0;2;5;8;3;12;6;6;11;2;5;1;4;13;5;24;3;5;0;22;8.634653462816708;19;2;1;2;3;0;3;10;5;14;2;0;1;10;12;1;16;21;-5.881313417662444;0;5;19;2;13;12;4;0;3;2;11;18;5;4;15;5;0;5;2;3;19;1;15;20;1.8756425007028774;0;4;6;13;5;2;18;11;1;2;0;0;6;1;1;5;18;8;4;2;11;23;1.2975692480753729;1;0;6;0;19;7;0.22589509131794117;1;4;12;5;22;-7.937989990088088;5;2;2;10;9;4;12;3;5;0;6;3;25;0;6;24;4;8;1;0;5;4;3;0;20;9.414847419950398;14;5;1;3;3;12;3;0;19;21;-1.773632800214699;1;1;1;4;0;15;21;1.607488555643954;5;2;7;-7.712401156099737;8;0;3;2;10;23;7.754480513411902;1;2;13;9;5;21;-8.79475651554775;4;4;1;6;10;4;18;5;2;1;4;1;0;2;13;24;6;17;5;3;12;2;6;0;0;22;-9.773906483453214;14;1;25;21;0.3150916675067599;6;2;6;23;4.0580085283098715;6;16;5;1;6;6;5;15;5;2;1;12;12;2;15;10
TRACK:16;4;2;5;5;4;0;3;5;3;6;0;1;17;21;1.9556307579640304;5;15;2;5;5;7;6.418487465542924;5;1;4;4;3;19;6;0;2;23;5.9835548266249;19;2;18;25
TRACK:17;4;2;6;2;0;6;4;2;6;5;0;5;12;1;20;7.494654353893154;17;6;1;0;1;13;7;-0.09474514265803968;3;22;-6.001590814070987;1;5;12;0;7;1.3874923035203075;18;1;3;4;6;1;2;5;7;6.418487465542924;3;13;4;2;8;15;6;6;1;5;3;0;13;16;2;4;5;20;-5.28413385622647;3;6;17;1;4;2;6;2;4;4;4;23;7.108698788339439;0;4;5;17;5;1;17;24;2;0;1;3;5;24;2;3;9;6;13;0;0;0;14;20;-5.686893290195869;1;14;15;1;2;23;7.050963350589875;12;0;23;-2.2605232061138008;14;0;3;4;5;19;3;4;2;21;-6.95433167606283;17;6;3;4;3;4;1;1;7;-0.4176018350842945;22;-7.59871201701533;6;12
TRACK:18;5;8;2;5;6;5;5;3;1;4;2;4;17;5;20;1.7048391205836655;4;5;6;14;5;0;6;1;6;5;5;1;6;19;2;13;19;3;3;3;6;0;20;2.9030509398087627;18;3;1;4;5;2;1;1;8;7;0.018344278691310834;3;23;-3.6845364125365077;2;3;13;0;12;12;1;3;6;3;0;21;0.9249109337565464;11;0;3;1;1;22;9.303949390071963;18;6;8;4;4;3;15
TRACK:19;5;8;3;1;4;6;4;4;3;4;3;0;20;8.518773583123558;12;6;1;6;3;4;4;4;0;14;15;6;3;0;3;2;3;11;3;16;5;3;0;12;18
TRACK:20;10;-1;5;4;5;2;2;0;1;18;0;3;5;11;0;4;19;1;16;19;1;0;0;6;16;0;11;21;-8.083751841979328;3;5;18;6;0;4;15;3;7;0.9937470636345189;0;3;3;1;6;18;5;15;4;4;4;4;25;4;2;4;5;1;2;18;22;-5.869901137636397;1;11;7;-4.717988255976845;5;5;5;4;17
TRACK:21;12;-1;5;5;4;0;3;5;3;6;0;1;17;21;1.9898040086616555;5;15;2;5;2;1;5;1;25;14;1;5;11;3;25;4;6;4;13;1;2;4;22;-9.046658976677124;5;22;-3.6347666937144973;3;3;11
TRACK:22;14;-1;1;6;1;5;2;1;4;13;6;3;3;5;16;1;3;2;3;3;11;1;5;25;1;18;14;2;4;1;1;7;3.619057629824148;8;0;11;24;3;3;4;24;6;1;6;1;6;4;3;13;3;0;5;15;1;8;9;0;5;5;2;5;23;5.52782548492876;4;15;0;3;1;3;15;3;18;2;4;5;11;5;4;25;3;2;1;6;5;3;2;2;1;13;7;-4.99751017322039;4;16;0;6;15;6;16;0;3;6;3;3;2;8;15;4;4;4;4;4;24;5;3;1;6;2;2;4;11;2;20;-0.23880477097074537;15;5;0;22;-4.2712543727112475;18;2;1;5;1;13;11;2;3;17;4;13;5;1;5;8;4;12
TRACK:23;4;-1;5;5;4;0;3;5;3;6;0;1;17;21;1.9104868864846578;5;15;2;5;2;1;5;1;25;14;1;5;11;3;25;5;0;9;20;-9.974492957826367;5;1;4;4;3;19;6;0;2;23;5.914664720057111;19;2;18;25
TRACK:24;5;-1;2;5;6;5;5;3;1;4;2;4;17;5;20;1.5823191826626002;4;5;6;14;5;0;4;6;3;6;25;3;1;4;5;2;1;1;8;7;0.0009666126127949731;3;23;-3.5791824756483734;2;3;13;0;12;18;1;3;6;3;0;21;0.9675889483297077;11;0;3;1;1;22;9.11391401385267;18;6;8;4;4;3;15
TRACK:25;11;-1;2;5;6;5;5;6;0;5;9;3;7;1.0319361552499406;5;0;6;1;6;5;5;1;6;19;2;13;19;3;3;3;6;0;20;2.668086041982619;18;3;1;4;5;2;1;5;25;3;23;-3.6955502648343677;2;3;13;0;12;18;1;3;6;3;0;21;0.9949975488456286;11;0;3;1;1;22;9.350963717030266;18;6;8;4;4;3;15
TRACK:26;13;-1;3;1;4;6;4;4;3;4;3;0;17;12;6;1;6;3;4;4;4;0;14;15;6;3;1;5;12;1;19;20;-5.357159135540817
TRACK:27;15;-1;6;1;4;2;2;5;1;6;3;3;20;0.8098767277214;1;5;3;20;3.0186248292476656;6;3;22;2.9437328638472025;2;4;0;2;5;8;3;12;6;6;11;2;5;1;4;13;5;24;3;5;0;22;8.570225216842134;19;2;1;2;3;0;3;10;5;14;2;0;1;10;12;1;16;21;-5.837416680424329;0;5;19;2;13;12;4;0;3;2;11;18;5;4;15;5;0;5;2;3;19;1;15;20;1.9488888482970752;0;4;6;13;5;2;18;11;1;2;0;0;6;1;1;5;18;8;4;2;11;23;1.5226375880962724;1;0;6;0;19;7;0.2694706570097778;1;4;12;5;22;-7.958678225788537;5;2;2;10;9;4;12;3;5;0;6;3;25;0;6;24;4;8;1;0;5;4;3;0;20;9.443114103271018;14;5;1;3;3;12;3;0;19;21;-1.7966955437388197;1;1;1;4;0;15;21;1.6237180998796543;5;2;7;-7.822516549112467;8;0;3;2;10;23;7.678593898204249;1;2;13;9;5;21;-8.957592399170874;4;4;1;6;10;4;18;5;2;1;4;1;0;2;13;24;6;17;5;3;12;2;6;0;0;22;-9.774630388547811;14;1;25;21;0.5243776105542507;6;2;6;23;3.8549437443645544;6;16;5;1;6;6;5;15;5;2;1;12;12;2;15;10
TRACK:28;2;-1;6;2;0;6;4;2;6;5;0;5;12;1;20;7.603662127427006;17;6;1;0;1;13;7;-0.23000560845392026;3;22;-5.932833693292554;1;5;12;2;17;7;-3.3380341302450933;1;3;4;6;1;2;5;7;6.456707195144858;3;13;4;2;8;15;6;6;1;5;3;0;13;16;2;4;5;20;-5.246962561579317;3;6;17;1;4;2;6;2;4;4;4;23;7.061436439886089;0;4;5;17;5;1;17;24;2;0;1;3;5;24;2;3;9;6;13;0;0;0;14;20;-5.7249327271189285;1;14;15;1;2;23;6.965032068974157;12;0;23;-2.071044555685323;17;0;3;4;5;19;3;4;2;21;-6.860033297984548;17;6;3;4;3;4;1;1;7;-0.3301380509644277;22;-7.5100141550898645;6;12
TRACK:29;8;-1;3;1;4;6;4;4;3;4;3;0;20;8.597778210649007;12;6;1;6;3;4;4;4;0;14;15;6;3;0;3;2;3;11;6;9;5;3;1;13;22;-0.9630997909113003
EVAL_INSTANCE:1:0:20
EVAL_INSTANCE:1:1:21
EVAL_INSTANCE:1:2:22
EVAL_INSTANCE:1:3:23
EVAL_INSTANCE:1:4:24
EVAL_INSTANCE:1:5:25
EVAL_INSTANCE:1:6:26
EVAL_INSTANCE:1:7:27
EVAL_INSTANCE:1:8:28
EVAL_INSTANCE:1:9:29
RUN_RESULT:1:0:0:23:DLL
RUN_RESULT:1:1:0:23:DLL
RUN_RESULT:1:2:0:23:DLL
RUN_RESULT:1:3:0:23:DLL
RUN_RESULT:1:4:0:23:DLL
RUN_RESULT:1:5:0:23:DLL
RUN_RESULT:1:6:0:23:DLL
RUN_RESULT:1:7:0:23:DLL
RUN_RESULT:1:8:0:23:DLL
RUN_RESULT:1:9:0:23:DLL
     2 |       20 | -3.977000E+03 | -3.977000E+03
TRACK:30;20;5;5;4;5;2;2;14;0;3;3;1;6;18;5;15;4;4;4;4;25;4;2;4;5;1;2;18;22;-5.869901137636397;1;11;7;-4.717988255976845;5;5;5;4;17
TRACK:31;20;5;2;5;6;5;5;3;1;4;2;4;17;5;20;1.7048391205836655;4;4;17;5;0;6;1;6;5;5;1;6;19;2;13;19;3;3;3;6;0;20;2.9030509398087627;18;3;1;4;5;2;1;1;8;7;0.018344278691310834;3;23;-3.6845364125365077;2;3;13;0;12;18;1;3;6;3;0;21;0.9249109337565464;11;0;3;1;1;22;9.303949390071963;18;6;8;4;4;3;15
TRACK:32;21;1;5;5;4;0;3;5;3;6;0;1;17;21;1.9898040086616555;5;15;2;5;2;1;5;1;25;14;1;5;22;4.1308295972557385;3;25;4;6;4;13;1;2;4;22;-9.046658976677124;5;22;-3.6347666937144973;3;3;11
TRACK:33;21;1;0;1;1;2;4;4;6;0;4;3;12;5;0;21;7.681159687951318;11;6;1;0;2;5;4;23;-5.882871339184009;5;3;13;6;6;4;14;6;6;1;6;19;6;20;3.950808460962026;3;4;2;5;2;5;3;11;1;3;10;1;12;7;-1.8173101831485994;0;5;2;1;13;11;3;13;3;2;1;19;8;1;22;9.987060275988298;19;3;25;5;6;2;3;6;1;0;4;4;12;5;3;17;6;5;5;16;6;4;4;2;5;2;24;22;-7.87187689009051;5;2;18;22;2.5815407224536777
TRACK:34;9;8;5;4;5;2;2;0;1;2;3;5;10;1;1;23;3.914507547779092;18;2;9;11;0;3;5;11;0;4;19;1;16;19;1;0;0;6;16;0;11;21;-7.8844264379590845;3;5;18;6;0;5;9;3;7;1.0877798479097507;0;3;3;20;8.518773583123558;4;4;4;4;25;4;2;4;5;1;2;18;22;-5.956358224331179;1;11;7;-4.546051807688598;5;5;5;4;17
TRACK:35;9;8;3;4;2;4;5;1;2;18;22;-5.956358224331179;1;11;7;-4.546051807688598;5;5;5;4;17
TRACK:36;1;4;0;1;1;2;4;4;6;0;4;3;12;5;0;21;7.681159687951318;11;6;1;0;2;5;4;23;-5.882871339184009;5;3;13;6;6;4;14;6;6;1;6;19;6;20;3.950808460962026;3;4;2;5;2;5;3;11;1;3;10;1;12;7;-1.8173101831485994;0;5;2;1;13;11;3;13;3;2;1;19;8;1;22;9.987060275988298;19;5;1;1;5;3;3;4;3;16;4;1;4;6;0;15;19;2;6;4;8;13;6;4;0;3;3;3;11;2;6;4;10;2;0;18;7;2.4669343075944976;4;24;5;6;2;3;6;1;0;4;4;12;5;3;17;6;5;5;16;6;4;4;2;5;2;24;22;-7.87187689009051;5;2;18;22;2.5815407224536777
TRACK:37;1;4;5;5;4;0;3;5;3;6;0;3;11;5;15;2;5;2;1;5;1;25;14;1;5;11;3;25;4;6;4;13;5;1;4;4;3;19;6;0;2;23;5.9835548266249;19;2;18;25
TRACK:38;9;0;5;4;5;2;2;0;1;2;3;5;10;1;1;23;3.914507547779092;18;2;9;11;0;3;5;11;0;4;19;1;16;19;1;0;0;6;16;0;11;21;-7.8844264379590845;3;5;18;6;0;5;9;3;7;1.0877798479097507;0;3;3;1;6;18;5;15;4;4;4;4;25;4;2;4;5;1;2;18;22;-5.956358224331179;1;11;7;-4.546051807688598;7;-4.9277769842067425
TRACK:39;9;0;1;6;1;5;2;1;3;4;4;2;24;11;6;3;3;5;16;1;3;2;3;3;11;1;5;25;1;18;14;2;4;1;1;7;3.5975445984194003;8;0;11;24;3;3;4;24;6;1;0;0;4;4;4;17;0;1;5;11;5;11;5;4;17;3;1;5;6;11;0;1;23;-5.708497441060776;15;2;10;12;0;5;5;2;5;23;5.766543068067557;4;15;0;3;1;3;15;3;18;2;4;5;11;5;4;25;3;2;1;6;5;3;2;2;1;13;7;-4.9277769842067425;11;0;6;15;6;16;0;3;6;3;3;2;8;15;4;4;4;4;4;24;5;3;1;6;2;2;4;11;2;20;-0.20809334081130437;15;5;0;22;-4.225037828946818;18;2;1;5;1;13;11;2;3;17;4;13;5;1;5;8;4;12
TRACK:40;30;-1;5;4;5;2;2;14;0;3;3;1;6;19;5;15;4;4;4;4;25;4;2;4;5;1;2;18;22;-6.0717001275907485;1;11;7;-4.733920817083995;5;5;5;4;17
TRACK:41;32;-1;5;5;4;0;3;5;3;6;2;6;20;5.7763834028367995;5;11;2;5;2;1;5;1;25;14;1;5;22;4.03084280456126;3;25;4;6;4;13;1;2;4;22;-9.092357358392842;5;22;-3.822626601779428;3;3;11
TRACK:42;34;-1;5;4;5;2;2;0;1;2;3;5;10;1;1;23;3.78694087878516;18;2;9;11;0;3;5;11;0;4;19;1;16;19;1;0;0;6;16;0;11;21;-7.880977223331874;3;5;18;6;0;5;9;3;7;1.0737817232438467;0;3;3;20;8.499709434238897;4;4;4;4;25;4;2;4;5;1;2;18;22;-5.855125176105162;1;11;7;-4.441709789594532;5;5;5;1;17;8
TRACK:43;36;-1;0;1;1;2;4;4;6;0;4;3;12;5;0;21;7.515679660408897;11;6;1;0;2;5;4;23;-5.70467126157723;5;3;13;6;6;4;14;6;6;1;6;19;6;20;3.897408090584278;3;4;2;5;2;5;3;11;1;3;10;1;12;7;-1.6800038393191472;0;5;2;1;13;11;3;13;3;2;1;19;8;1;22;10.0;19;5;1;1;5;3;3;4;3;16;4;1;4;6;0;15;19;2;6;4;8;13;6;4;0;3;3;3;11;2;6;4;10;2;0;18;7;2.480403909584733;4;24;5;6;2;3;6;1;0;4;4;12;5;3;17;6;5;5;16;6;4;4;2;1;5;25;2;10;14;5;2;18;22;2.604500463071824
TRACK:44;38;-1;5;4;5;2;2;0;1;2;3;5;10;1;1;23;3.826588922598305;18;2;9;11;0;3;5;11;0;4;19;1;16;19;1;0;0;6;16;0;11;21;-7.6734510801572;3;5;21;-8.061113586566517;6;0;5;9;3;7;0.961737309981585;0;3;3;1;6;18;5;15;4;4;4;4;25;4;2;4;5;1;2;18;22;-5.844787863315972;1;11;7;-4.593653005918917;7;-5.105316918402094
TRACK:45;31;-1;2;5;6;5;5;3;1;4;2;4;17;5;20;1.6137094263801712;4;4;17;5;0;6;1;6;5;5;1;6;19;2;13;19;3;3;3;6;0;20;2.996872565341899;18;3;1;4;5;2;1;1;8;7;0.06453641919866526;3;23;-3.662185304310611;2;3;13;0;12;18;1;3;6;3;0;21;0.8894554159750547;11;0;3;1;1;22;9.198705921728038;18;6;8;4;4;3;10
TRACK:46;33;-1;0;1;1;2;4;4;6;0;4;3;12;5;0;21;7.45766091719184;11;6;1;0;2;5;4;23;-5.819135369206856;5;3;13;6;6;4;14;6;6;1;6;19;6;20;3.867528173910371;3;4;2;5;2;5;3;11;1;3;10;1;12;7;-1.8250588321826633;0;5;2;1;13;11;3;13;3;2;1;19;8;1;22;9.892017357483873;19;3;25;5;6;3;4;6;1;4;3;6;8;0;0;6;25;2;22;5.503323365451756;17;0;5;23;1.131308721440302;3;9
TRACK:47;35;-1;3;4;2;4;5;1;2;18;22;-6.025468022153854;1;11;1;1;10;15;1;16;13;5;5;5;4;17
TRACK:48;37;-1;5;5;4;0;3;5;3;6;0;3;11;5;15;2;5;2;1;5;1;25;14;1;5;11;3;25;4;6;4;13;5;1;4;4;3;19;3;24
TRACK:49;39;-1;1;6;1;5;2;1;3;4;4;2;24;11;6;3;3;5;16;1;3;2;3;3;11;1;5;25;1;18;14;2;4;1;1;7;3.5760618134645834;8;0;11;24;3;3;4;24;6;1;0;0;4;4;4;17;0;1;5;11;5;11;5;4;17;3;1;5;6;11;0;1;23;-5.6866404616306;15;2;10;12;0;5;5;2;5;23;5.767513448626054;4;15;0;3;1;3;15;3;18;2;4;5;11;5;4;25;3;2;1;6;5;3;0;20;-7.579051591961048;21;-0.12892510043793948;0;3;6;3;3;2;8;15;4;4;4;4;4;24;5;3;1;6;2;2;4;11;2;20;-0.12710844384666486;15;5;0;22;-4.1686665835250984;18;2;1;5;1;13;11;2;3;17;4;13;5;1;5;8;4;12
EVAL_INSTANCE:2:0:40
EVAL_INSTANCE:2:1:41
EVAL_INSTANCE:2:2:42
EVAL_INSTANCE:2:3:43
EVAL_INSTANCE:2:4:44
EVAL_INSTANCE:2:5:45
EVAL_INSTANCE:2:6:46
EVAL_INSTANCE:2:7:47
EVAL_INSTANCE:2:8:48
EVAL_INSTANCE:2:9:49
RUN_RESULT:2:0:0:23:DLL
RUN_RESULT:2:1:0:23:DLL
RUN_RESULT:2:2:0:23:DLL
RUN_RESULT:2:3:0:289:LLD
RUN_RESULT:2:4:0:23:DLL
RUN_RESULT:2:5:0:2000:----
RUN_RESULT:2:6:0:23:DLL
RUN_RESULT:2:7:0:23:DLL
RUN_RESULT:2:8:0:23:DLL
RUN_RESULT:2:9:0:23:DLL
     3 |       30 | -3.977000E+03 | -3.977000E+03
TRACK:50;3;0;6;1;4;2;2;5;1;6;3;3;20;1.0219285675680023;1;5;3;20;2.9154096614834977;6;4;24;2;4;0;2;5;8;3;12;6;6;11;2;5;1;4;13;5;24;3;5;0;22;8.634653462816708;19;2;1;2;3;0;3;10;5;14;2;0;1;10;12;1;16;21;-5.881313417662444;0;5;19;2;13;12;4;0;3;2;11;18;5;4;15;5;0;5;13;0;4;6;13;5;2;18;11;1;2;0;0;6;1;1;5;18;4;13;4;2;11;23;1.2975692480753729;1;0;6;0;19;7;0.22589509131794117;1;4;12;5;22;-7.937989990088088;5;2;2;10;9;4;12;3;5;0;6;3;25;0;6;24;4;8;1;0;5;4;3;0;20;9.414847419950398;14;5;1;3;3;12;3;0;19;21;-1.773632800214699;1;1;1;4;0;15;21;1.607488555643954;5;2;7;-7.712401156099737;8;0;3;2;10;23;7.754480513411902;1;2;13;9;5;21;-8.79475651554775;4;4;1;6;10;4;18;5;2;1;4;1;0;2;13;24;6;17;5;3;12;2;6;0;0;22;-9.773906483453214;14;1;25;21;0.3150916675067599;6;2;6;23;4.0580085283098715;6;16;5;1;6;6;5;15;5;2;1;12;12;2;15;10
TRACK:51;3;0;1;6;1;5;1;4;12;5;22;-7.937989990088088;6;1;0;0;4;4;4;17;0;1;5;11;5;11;5;4;17;3;1;5;6;11;0;1;23;-5.708497441060776;15;2;10;12;0;5;5;2;5;23;5.766543068067557;4;15;0;3;1;3;15;3;18;2;4;5;11;5;4;25;3;2;1;6;5;3;2;2;1;13;7;-4.9277769842067425;4;16;0;6;15;6;16;0;3;6;3;3;2;8;15;4;4;4;4;4;24;5;3;1;6;2;2;4;11;2;20;-0.20809334081130437;15;5;0;22;-4.225037828946818;18;2;1;5;1;13;11;2;3;17;4;13;5;1;5;8;4;12
TRACK:52;20;4;5;4;5;2;2;0;1;18;0;3;5;11;0;4;19;1;16;19;1;0;0;6;16;0;11;21;-8.083751841979328;3;5;18;6;0;4;15;3;7;0.9937470636345189;0;3;3;1;6;11;5;15;4;4;4;4;25;4;2;4;5;1;2;18;22;-5.869901137636397;1;11;7;-4.717988255976845;5;5;5;4;17
TRACK:53;20;4;5;5;4;0;3;5;3;6;0;1;17;21;1.9556307579640304;5;15;2;5;2;1;5;3;7;0.9937470636345189;1;5;11;3;25;4;6;4;13;5;1;4;4;3;19;6;0;2;23;5.9835548266249;19;2;18;25
TRACK:54;2;2;6;2;0;6;4;2;6;5;0;5;12;1;20;7.494654353893154;17;6;1;0;1;13;7;-0.09474514265803968;3;22;-6.001590814070987;1;5;12;0;7;1.3874923035203075;18;1;3;4;6;1;2;5;7;6.418487465542924;3;13;4;2;8;15;6;6;1;5;3;0;13;16;2;4;5;20;-5.28413385622647;3;6;17;1;4;2;6;2;4;4;4;23;7.108698788339439;0;4;5;17;5;1;17;24;2;0;1;3;5;24;2;3;9;6;13;0;0;0;14;20;-5.686893290195869;1;14;15;1;2;23;7.050963350589875;12;0;23;-2.2605232061138008;17;0;3;4;5;19;3;4;2;21;-6.95433167606283;17;6;3;4;3;4;1;1;7;-0.4176018350842945;22;-7.59871201701533;6;12
TRACK:55;2;2;6;2;0;20;-5.686893290195869;1;3;4;6;1;2;5;7;6.418487465542924;3;13;4;2;8;15;6;6;1;5;3;0;13;16;2;4;5;20;-5.28413385622647;3;6;17;1;4;2;6;2;4;4;4;23;7.108698788339439;0;4;5;17;5;1;17;24;2;0;1;3;5;24;2;3;9;6;13;0;0;0;14;20;-5.686893290195869;1;14;15;1;2;23;7.050963350589875;12;0;23;-2.2605232061138008;17;0;3;4;5;19;3;4;2;21;-6.95433167606283;17;6;3;4;3;4;1;1;7;-0.4176018350842945;22;-7.59871201701533;6;12
TRACK:56;21;1;5;5;4;0;3;5;3;6;0;1;17;21;1.9898040086616555;5;15;2;5;2;1;5;1;25;14;1;3;11;3;25;4;6;4;13;1;2;4;22;-9.046658976677124;5;22;-3.6347666937144973;3;3;11
TRACK:57;21;1;0;1;1;2;4;4;6;0;4;3;12;5;0;21;7.681159687951318;11;6;1;0;2;5;4;23;-5.882871339184009;5;3;13;6;6;4;14;6;6;1;6;19;6;20;3.950808460962026;3;4;2;5;2;5;3;11;1;3;10;1;12;7;-1.8173101831485994;0;5;2;1;13;11;3;13;3;2;1;19;8;1;22;9.987060275988298;19;5;1;1;5;3;3;4;3;16;4;1;4;6;0;15;19;2;6;4;8;4;0;22;4.1308295972557385;23;5.618681861808195;6;4;0;3;3;3;11;2;6;4;10;2;0;18;7;2.4669343075944976;4;24;5;6;2;3;6;1;0;4;4;12;5;3;17;6;5;5;16;6;13
TRACK:58;5;4;2;5;6;5;5;3;1;4;2;4;17;5;20;1.7048391205836655;4;5;6;14;5;0;6;1;6;5;5;1;6;19;2;13;19;3;3;3;6;0;20;2.9030509398087627;18;3;1;4;5;2;1;1;8;7;0.018344278691310834;3;23;-3.6845364125365077;2;3;13;0;12;18;1;3;6;3;0;21;0.9249109337565464;11;0;1;5;11;3;25;4;4;3;15
TRACK:59;5;4;5;5;4;0;3;5;3;6;0;1;17;21;1.9556307579640304;5;15;2;5;2;1;5;1;25;14;1;5;11;3;25;4;6;4;13;5;1;4;4;3;8;6;0;2;23;5.9835548266249;19;2;18;25
TRACK:60;50;-1;6;1;4;2;2;5;1;6;3;3;20;1.0010058838000175;1;5;3;20;2.749916558716265;6;4;24;2;4;0;2;5;8;3;12;6;6;11;2;5;1;4;13;5;24;3;5;0;22;8.58865241337926;19;2;1;2;3;0;3;10;5;14;2;0;1;10;12;1;16;21;-5.986891324527721;0;5;19;2;13;12;4;0;3;2;11;18;5;4;15;5;0;5;13;0;4;6;13;5;2;18;11;1;2;0;0;6;1;1;5;18;4;13;4;2;11;23;1.4178863970718716;1;0;6;0;19;7;0.2941067177883504;1;4;12;5;22;-7.868405316130872;5;2;2;10;9;4;12;3;5;0;6;3;11;0;6;24;4;8;1;0;5;4;3;0;20;9.4725355688124;14;5;1;3;3;12;3;0;19;21;-1.9148304983112254;1;1;1;4;0;15;21;1.644140569744752;5;2;7;-7.626511798697065;8;0;3;2;10;23;7.63444694335022;1;2;13;9;5;21;-8.856215318074856;4;4;1;6;10;4;18;5;2;1;4;1;0;2;13;24;6;17;5;3;12;2;6;0;0;22;-9.695699875942172;14;1;25;21;0.31133697436703306;6;2;6;23;4.095801096890203;6;16;5;1;6;6;5;15;5;2;1;12;12;2;15;10
TRACK:61;52;-1;5;4;5;2;2;0;1;18;0;3;5;11;0;4;19;1;16;19;1;0;0;6;16;0;11;21;-7.949494257173614;3;5;18;6;0;4;15;3;7;0.9785886874944947;0;3;5;0;16;12;4;4;4;4;25;4;2;4;5;1;2;18;22;-5.914886212232699;1;11;7;-4.737298760212788;5;5;5;4;17
TRACK:62;2;-1;6;2;0;6;4;2;6;5;0;5;12;1;20;7.607624043545535;17;6;1;0;1;13;7;0.05705068632014715;3;22;-5.918907875614573;1;5;12;0;7;1.2414831716227377;18;1;3;4;6;1;2;5;7;6.317531245904854;3;13;4;2;8;15;6;6;1;5;3;0;13;16;2;4;5;20;-5.290733052613897;3;6;17;1;4;2;6;2;4;4;4;23;7.161917854523147;0;4;5;17;5;1;17;24;2;0;1;3;5;24;2;3;9;6;13;0;0;0;14;20;-5.724427441966785;1;14;15;1;2;23;7.12495652357275;12;0;23;-2.0279362207202913;23;1.178893833462384;0;3;4;5;19;3;4;2;21;-7.113357601688161;17;6;3;4;3;4;1;1;7;-0.4811399294237757;22;-7.530391322641911;6;12
TRACK:63;56;-1;5;5;4;0;3;5;3;6;0;1;17;21;1.8959044710305315;5;15;2;5;2;1;5;1;25;14;1;3;11;3;25;4;6;4;13;1;5;5;2;0;19;18;5;16;3;3;11
TRACK:64;58;-1;2;5;6;5;5;3;1;4;2;4;17;5;20;1.7225057817356813;4;5;6;14;5;0;6;1;6;5;5;1;6;19;2;13;19;3;3;3;6;0;20;2.845490663427053;18;3;1;4;5;2;1;1;8;7;0.06048142385439664;3;23;-3.630529332524819;2;3;13;0;12;18;1;3;6;3;0;21;0.9946631303526097;11;0;1;5;11;3;25;1;18;17
TRACK:65;51;-1;1;6;1;5;1;4;12;5;22;-7.893277295556687;6;1;0;0;4;4;4;17;0;1;5;11;5;11;5;4;17;3;1;5;6;11;0;1;23;-5.5815225897146155;23;-2.627291778577985;2;10;12;0;5;5;2;5;23;5.66329017781215;4;15;0;3;1;3;15;3;18;2;4;5;11;5;4;25;3;2;1;6;5;3;2;2;1;13;7;-4.777979938478762;4;16;0;6;15;6;16;0;3;6;3;3;2;8;15;4;4;4;4;4;24;5;3;1;6;2;2;4;11;2;20;-0.2534831042044101;15;5;0;22;-4.231376847981105;18;2;1;5;1;13;11;2;3;17;4;13;5;1;5;8;4;12
TRACK:66;53;-1;5;5;4;0;3;5;3;6;0;1;17;21;1.9364760817938884;4;14;2;5;2;1;5;3;7;1.058806673478152;1;5;11;3;25;4;6;4;13;5;1;4;4;3;19;6;0;2;23;6.059551606182664;19;2;18;25
TRACK:67;2;-1;6;2;0;6;4;2;6;5;0;5;12;1;20;7.529614033418643;17;6;1;0;1;13;7;-0.07422260262976005;3;22;-5.890163104234529;1;5;12;0;7;1.3018111164834063;18;1;3;4;6;1;2;5;7;6.586101354592637;3;13;4;2;8;15;6;6;1;5;3;0;13;16;2;4;5;20;-5.03346015399295;3;6;17;1;4;2;6;2;4;4;4;23;6.994115390472004;0;4;5;17;5;1;17;24;2;0;1;3;5;24;2;3;9;6;13;0;0;0;14;20;-5.566942294429965;1;14;15;1;2;23;6.992274499179666;12;0;23;-2.3341190202293736;17;0;3;4;5;19;3;4;2;23;6.870169925634247;17;6;3;4;3;4;1;1;7;-0.3672750854194414;22;-7.527224070977953;6;12
TRACK:68;57;-1;0;1;1;2;4;4;6;0;4;3;12;5;0;21;7.63592861060383;11;6;1;0;2;5;4;23;-5.882668813512372;5;3;13;6;6;4;14;6;6;1;6;19;6;17;3;4;2;5;2;5;3;11;1;3;10;1;12;7;-1.7778290179377467;0;5;2;1;13;11;3;13;3;2;1;19;8;1;22;10.0;19;5;1;1;5;3;3;4;3;16;4;1;4;6;0;15;19;2;6;4;8;4;0;22;4.102628428025536;23;5.6574623499853836;6;4;0;3;3;3;11;2;6;4;10;2;0;18;7;2.4654456875520943;4;24;5;6;2;3;6;1;0;4;4;12;5;3;17;6;5;5;16;6;13
TRACK:69;59;-1;5;5;4;0;3;5;3;6;0;1;17;21;1.9654657952804957;5;15;2;5;2;1;5;1;10;14;1;5;11;3;25;4;6;4;13;5;1;4;4;3;8;6;0;2;23;6.092660537069421;19;2;18;25
EVAL_INSTANCE:3:0:60
EVAL_INSTANCE:3:1:61
EVAL_INSTANCE:3:2:62
EVAL_INSTANCE:3:3:63
EVAL_INSTANCE:3:4:64
EVAL_INSTANCE:3:5:65
EVAL_INSTANCE:3:6:66
EVAL_INSTANCE:3:7:67
EVAL_INSTANCE:3:8:68
EVAL_INSTANCE:3:9:69
RUN_RESULT:3:0:0:23:DLL
RUN_RESULT:3:1:0:23:DLL
RUN_RESULT:3:2:0:23:DLL
RUN_RESULT:3:3:0:23:DLL
RUN_RESULT:3:4:0:23:DLL
RUN_RESULT:3:5:0:23:DLL
RUN_RESULT:3:6:0:23:DLL
RUN_RESULT:3:7:0:23:DLL
RUN_RESULT:3:8:0:23:DLL
RUN_RESULT:3:9:0:2000:----
     4 |       40 | -3.977000E+03 | -3.977000E+03
TRACK:70;3;4;6;1;4;2;2;5;1;6;3;3;20;1.0219285675680023;1;5;3;20;2.9154096614834977;6;4;24;2;4;0;2;5;8;3;12;6;6;11;2;5;14;3;5;0;22;8.634653462816708;19;2;1;2;3;0;3;10;5;14;2;0;1;10;12;1;16;21;-5.881313417662444;0;5;19;2;13;12;4;0;3;2;11;18;5;4;15;5;0;5;2;3;19;1;15;20;1.8756425007028774;0;4;6;13;5;2;18;11;1;2;0;0;6;1;1;5;18;4;13;4;2;11;23;1.2975692480753729;1;0;6;0;19;7;0.22589509131794117;1;4;12;5;22;-7.937989990088088;5;2;2;10;9;4;12;3;5;0;6;3;25;0;6;24;4;8;1;0;5;4;3;0;20;9.414847419950398;14;5;1;3;3;12;3;0;19;21;-1.773632800214699;1;1;1;4;0;15;21;1.607488555643954;5;2;7;-7.712401156099737;8;0;3;2;10;23;7.754480513411902;1;2;13;9;5;21;-8.79475651554775;4;4;1;6;10;4;18;5;2;1;4;1;0;2;13;24;6;17;5;3;12;2;6;0;0;22;-9.773906483453214;14;1;25;21;0.3150916675067599;6;2;6;23;4.0580085283098715;6;16;5;1;6;6;5;15;5;2;1;12;12;2;15;10
TRACK:71;3;4;5;5;4;0;3;5;3;6;0;1;17;21;1.9556307579640304;0;19;7;0.22589509131794117;2;5;2;1;5;1;25;14;1;5;11;3;25;4;6;4;13;5;1;4;4;3;19;6;0;2;23;5.9835548266249;19;2;18;25
TRACK:72;21;2;5;5;4;0;3;5;3;6;0;1;17;21;1.9898040086616555;5;15;2;5;2;1;5;1;25;14;7;-0.09474514265803968;4;6;4;13;1;2;4;22;-9.046658976677124;5;22;-3.6347666937144973;3;3;11
TRACK:73;21;2;6;2;0;6;4;2;6;5;0;5;12;1;20;7.494654353893154;17;6;1;0;1;13;7;-0.09474514265803968;3;22;-6.001590814070987;1;5;12;0;7;1.3874923035203075;18;1;3;4;6;1;2;5;7;6.418487465542924;3;13;4;2;8;15;0;1;17;21;1.9898040086616555;5;15;1;4;2;6;2;4;4;4;23;7.108698788339439;0;4;5;17;5;1;17;24;2;0;1;3;5;24;2;3;9;6;13;0;0;0;14;20;-5.686893290195869;1;14;15;1;2;23;7.050963350589875;12;0;23;-2.2605232061138008;17;0;3;4;5;19;3;4;2;21;-6.95433167606283;17;6;3;4;3;4;1;1;7;-0.4176018350842945;22;-7.59871201701533;6;12
TRACK:74;5;21;2;5;6;5;5;3;1;4;2;22;-3.6347666937144973;5;20;1.7048391205836655;4;5;6;14;5;0;6;1;6;5;5;1;6;19;2;13;19;3;3;3;6;0;20;2.9030509398087627;18;3;1;4;5;2;1;1;8;7;0.018344278691310834;3;23;-3.6845364125365077;2;3;13;0;12;18;1;3;6;3;0;21;0.9249109337565464;11;0;3;1;1;22;9.303949390071963;18;6;8;4;4;3;15
TRACK:75;5;21;5;5;4;0;3;5;3;6;0;1;17;21;1.9898040086616555;6;8;2;5;2;1;5;1;25;14;1;5;11;3;25;4;6;4;13;1;2;4;22;-9.046658976677124;5;22;-3.6347666937144973;3;3;11
TRACK:76;20;0;5;4;5;2;2;0;1;18;0;3;5;11;0;4;19;1;16;19;1;0;0;6;16;0;11;21;-8.083751841979328;3;5;18;6;0;4;15;3;7;0.9937470636345189;0;3;3;1;6;18;5;15;4;4;4;4;25;4;2;4;5;1;2;18;22;-5.869901137636397;1;11;7;-4.717988255976845;5;5;5;4;24
TRACK:77;20;0;1;6;1;5;2;1;3;4;4;2;24;11;6;3;3;5;16;1;3;2;3;3;11;1;5;25;1;18;14;2;4;1;1;7;3.5975445984194003;8;0;11;24;3;3;4;24;6;1;0;0;4;4;4;17;0;1;5;11;5;11;5;4;17;3;0;3;5;11;0;4;19;1;16;19;0;5;5;2;5;23;5.766543068067557;4;15;0;3;1;3;15;3;18;2;4;5;11;5;4;25;3;2;1;6;5;3;2;2;1;13;7;-4.9277769842067425;4;16;0;6;15;6;16;0;3;6;3;3;2;8;15;4;4;4;4;4;24;5;3;1;6;2;2;4;11;2;20;-0.20809334081130437;15;5;0;22;-4.225037828946818;18;2;1;5;1;13;11;2;3;17;4;13;5;1;5;8;4;12
TRACK:78;5;9;2;5;6;5;5;3;1;4;2;4;17;5;20;1.7048391205836655;4;5;6;14;5;0;6;1;6;5;5;1;6;19;2;13;19;3;3;3;6;0;20;2.9030509398087627;18;3;1;4;5;2;17;2;3;13;0;12;18;1;3;6;3;0;21;0.9249109337565464;11;0;3;1;1;22;9.303949390071963;18;6;8;4;4;3;15
TRACK:79;5;9;5;4;5;2;2;0;1;2;3;5;10;1;1;23;3.914507547779092;18;2;9;11;0;3;5;11;0;4;19;1;16;19;21;0.9249109337565464;0;3;3;1;6;18;5;15;4;4;4;4;25;4;2;4;5;1;2;18;22;-5.956358224331179;1;11;7;-4.546051807688598;5;5;5;4;17
TRACK:80;70;-1;6;1;4;2;2;5;1;6;3;3;20;1.1357523125187134;1;5;3;20;2.6329819728732375;6;4;24;2;4;0;2;5;8;3;12;6;6;11;2;5;14;3;5;0;22;8.622549466997143;19;2;1;2;3;0;3;10;5;14;2;0;1;10;12;1;16;21;-5.860110577079661;0;3;23;-1.376521202591407;2;13;12;4;0;3;2;11;18;5;4;15;5;0;5;2;3;19;1;15;20;1.9184861104918105;0;4;6;13;5;2;18;11;1;2;0;0;6;1;1;5;18;4;13;4;2;11;23;1.2530496150816237;1;0;6;0;19;7;0.44825378794086834;1;4;12;5;22;-7.9548764192399855;5;2;2;10;9;4;12;3;5;0;6;3;25;0;6;24;4;8;1;0;5;4;3;0;20;9.654306275308237;14;5;1;3;3;12;3;0;19;21;-1.6665611517976127;1;1;1;4;0;15;21;1.5762816568639284;5;2;7;-7.546769171914516;8;0;3;2;10;23;7.644024792584998;1;2;13;9;5;21;-8.727673479109509;4;4;1;6;10;4;18;5;2;1;4;1;0;2;13;24;6;17;5;3;12;2;6;0;0;22;-9.749354950906152;14;1;25;21;0.3726288027851273;6;2;6;23;4.100056623044088;6;16;5;1;6;6;5;15;5;2;1;12;12;2;15;10
TRACK:81;72;-1;5;5;4;0;3;5;3;6;0;1;17;21;2.0660340876975334;5;24;2;5;2;1;5;1;25;14;7;-0.2436955332145981;4;6;4;13;1;2;4;22;-9.045362402470303;5;22;-3.765872117418007;3;3;11
TRACK:82;74;-1;2;5;6;5;5;1;0;5;24;6;22;9.205676821246517;1;4;19;2;23;-0.614548240932395;14;5;0;6;1;6;5;5;1;6;19;2;13;19;3;3;3;6;0;20;3.062670956133962;18;3;1;4;5;2;1;1;8;7;-0.08979258744791084;3;23;-3.5861731901883385;2;3;13;0;12;18;1;3;6;3;0;21;0.8965506235458081;11;0;3;1;1;22;9.298553721326211;18;6;8;4;4;3;15
TRACK:83;76;-1;5;4;5;2;2;0;1;18;0;3;5;11;0;4;19;1;16;19;1;0;0;6;16;0;11;21;-8.09523197688237;3;5;18;6;0;4;15;3;7;1.1296984324476347;0;4;3;12;4;4;4;4;25;4;2;4;5;1;2;18;22;-5.7879419517137425;1;11;7;-4.771265130965614;5;5;5;4;24
TRACK:84;5;-1;2;5;6;5;5;3;1;4;2;4;17;5;20;1.7971473051036595;4;5;6;14;5;0;6;1;6;5;5;1;6;19;2;13;19;3;3;3;6;0;25;18;3;1;4;5;2;1;1;8;7;-0.11356657242566978;3;23;-3.5497384300781967;2;3;13;0;12;18;1;3;6;3;0;21;0.9501876182049768;11;0;3;1;1;22;9.227889825824786;18;6;8;4;4;3;15
TRACK:85;71;-1;5;5;4;0;3;5;3;6;0;1;17;21;1.9600209969942088;0;19;7;0.10480999019160865;2;5;2;1;5;1;25;14;1;5;11;3;25;4;6;4;13;5;1;4;4;3;15;6;0;2;23;5.923711745200723;19;2;18;25
TRACK:86;73;-1;6;2;0;6;4;2;6;5;0;5;12;1;20;7.605376478152228;17;6;1;0;1;13;7;-0.18752671789734987;3;22;-5.782295546440652;1;5;12;0;7;1.2619172943452537;18;1;3;4;6;1;2;5;7;6.416579712152379;3;13;4;2;8;15;0;1;5;5;4;20;-8.591776008616472;21;1.9723789722821399;5;15;1;4;2;6;2;4;4;4;23;7.103349535320858;0;4;5;17;5;1;17;24;2;0;1;3;5;24;2;3;9;6;13;0;0;0;14;20;-5.698664233696757;1;14;15;1;2;23;7.024959166099287;12;0;23;-2.4425102770377896;17;0;3;4;5;19;3;4;2;21;-6.9951560611743115;17;6;3;4;3;4;1;1;7;-0.40206626238567345;22;-7.43012849913842;6;12
TRACK:87;75;-1;5;5;4;0;3;5;3;1;6;1;19;17;2;4;22;9.996785060444523;0;17;14;2;5;2;1;5;1;25;14;1;5;11;3;25;4;6;4;13;1;2;4;22;-9.259663590037086;5;22;-3.632432483887315;3;3;11
TRACK:88;77;-1;1;6;1;5;2;1;3;4;4;2;24;11;6;3;3;5;16;6;4;5;1;4;15;4;17;6;1;0;0;4;4;4;17;0;1;5;11;5;11;5;4;17;3;0;3;5;11;0;4;19;1;16;19;0;5;5;2;5;23;5.757863750847995;4;15;0;3;1;3;15;3;18;2;4;5;11;5;4;25;3;2;1;6;5;3;2;2;1;13;7;-5.0050324623591145;4;16;0;6;15;6;16;0;3;6;3;3;2;8;15;4;4;4;4;4;24;5;3;1;6;2;2;4;11;2;20;-0.23091926002222918;15;5;0;22;-4.374589640906439;18;2;1;5;1;13;11;2;3;17;4;13;5;1;5;8;4;12
TRACK:89;9;-1;5;4;5;2;2;0;1;2;3;5;10;1;1;23;3.9414507776418093;18;2;9;11;0;3;5;11;5;4;11;1;0;0;6;16;0;11;21;-7.935005738423983;3;5;18;6;0;5;9;3;7;1.1106352877276655;0;3;3;1;6;18;5;15;4;4;4;4;25;4;2;4;5;1;2;18;22;-5.940693617839652;1;11;7;-4.587099605281799;5;5;5;4;17
EVAL_INSTANCE:4:0:80
EVAL_INSTANCE:4:1:81
EVAL_INSTANCE:4:2:82
EVAL_INSTANCE:4:3:83
EVAL_INSTANCE:4:4:84
EVAL_INSTANCE:4:5:85
EVAL_INSTANCE:4:6:86
EVAL_INSTANCE:4:7:87
EVAL_INSTANCE:4:8:88
EVAL_INSTANCE:4:9:89
RUN_RESULT:4:0:0:23:DLL
RUN_RESULT:4:1:0:23:DLL
RUN_RESULT:4:2:0:23:DLL
RUN_RESULT:4:3:0:23:DLL
RUN_RESULT:4:4:0:23:DLL
RUN_RESULT:4:5:0:23:DLL
RUN_RESULT:4:6:0:23:DLL
RUN_RESULT:4:7:0:23:DLL
RUN_RESULT:4:8:0:23:DLL
RUN_RESULT:4:9:0:23:DLL
     5 |       50 | -3.977000E+03 | -3.977000E+03
TRACK:90;1;20;0;1;1;2;4;4;6;0;4;3;12;5;0;21;7.681159687951318;11;6;1;0;2;5;4;23;-5.882871339184009;5;3;13;6;6;1;16;19;6;6;1;6;19;6;20;3.950808460962026;3;4;2;5;2;5;3;11;1;3;10;1;12;7;-1.8173101831485994;0;5;2;1;13;11;3;13;3;2;1;19;8;1;22;9.987060275988298;19;5;1;1;5;3;3;4;3;16;4;1;4;6;0;15;19;2;6;4;8;4;0;22;4.1308295972557385;23;5.618681861808195;6;4;0;3;3;3;11;2;6;4;10;2;0;18;7;2.4669343075944976;4;24;5;6;2;3;6;1;0;4;4;12;5;3;17;6;5;5;16;6;4;4;2;5;2;24;22;-7.87187689009051;5;2;18;22;2.5815407224536777
TRACK:91;1;20;5;4;5;2;2;0;1;18;0;3;5;12;0;4;19;1;16;19;1;0;0;6;16;0;11;21;-8.083751841979328;3;5;18;6;0;4;15;3;7;0.9937470636345189;0;3;3;1;6;18;5;15;4;4;4;4;25;4;2;4;5;1;2;18;22;-5.869901137636397;1;11;7;-4.717988255976845;5;5;5;4;17
TRACK:92;8;9;3;1;4;6;4;4;5;1;2;18;22;-5.956358224331179;1;11;7;-4.546051807688598;6;1;6;3;4;4;4;0;14;15;6;3;0;3;2;3;11;3;16;5;3;1;13;22;-1.0402255792328425
TRACK:93;8;9;5;4;5;2;2;0;1;2;3;5;10;1;1;23;3.914507547779092;18;2;9;11;0;3;5;11;0;4;19;1;16;19;1;0;0;6;16;0;11;21;-7.8844264379590845;3;5;18;6;0;5;9;3;7;1.0877798479097507;0;3;11;4;4;4;4;25;4;2;4;5;1;2;18;22;-5.956358224331179;1;11;7;-4.546051807688598;5;5;5;4;17
TRACK:94;0;2;1;6;1;5;2;1;3;4;4;2;24;11;6;3;3;5;16;1;3;2;3;3;11;1;5;25;1;18;14;2;4;1;1;7;3.5975445984194003;8;0;11;24;3;3;4;24;6;1;0;0;4;4;4;17;0;1;5;11;5;11;5;4;17;3;1;17;0;1;23;-5.708497441060776;15;2;10;12;0;5;5;2;5;23;5.766543068067557;4;15;0;3;1;3;15;3;18;2;4;5;11;5;4;25;3;2;1;6;5;3;2;2;1;13;7;-4.9277769842067425;4;16;0;6;15;6;16;0;3;6;3;3;2;8;15;4;4;4;4;4;24;5;3;1;6;2;2;4;11;2;20;-0.20809334081130437;15;5;0;22;-4.225037828946818;18;2;1;5;1;13;11;2;3;17;4;13;5;1;5;8;4;12
TRACK:95;0;2;6;2;0;6;3;2;2;1;13;7;-4.9277769842067425;4;16;0;6;15;6;16;1;3;4;6;1;2;5;7;6.418487465542924;3;13;4;2;8;15;6;6;1;5;3;0;13;16;2;4;5;20;-5.28413385622647;3;6;17;1;4;2;6;2;4;4;4;23;7.108698788339439;0;4;5;17;5;1;17;24;2;0;1;3;5;24;2;3;9;6;13;0;0;0;14;20;-5.686893290195869;1;14;15;1;2;23;7.050963350589875;12;0;23;-2.2605232061138008;17;0;3;4;5;19;3;4;2;21;-6.95433167606283;17;6;3;4;3;4;1;1;7;-0.4176018350842945;22;-7.59871201701533;6;12
TRACK:96;4;5;5;5;4;0;3;5;3;6;0;1;17;21;1.9556307579640304;5;15;2;5;2;1;5;1;25;14;1;5;11;3;19;4;6;4;13;5;1;4;4;3;19;6;0;2;23;5.9835548266249;19;2;18;25
TRACK:97;4;5;2;5;6;5;5;3;1;4;2;4;17;5;20;1.7048391205836655;4;5;6;14;5;0;6;1;6;5;5;1;6;19;2;13;19;3;3;3;6;0;20;2.9030509398087627;18;3;1;4;5;2;1;1;8;7;0.018344278691310834;3;23;-3.6845364125365077;2;3;13;0;12;18;1;3;6;3;0;21;0.9249109337565464;11;0;3;1;1;22;9.303949390071963;18;6;13;4;4;3;15
TRACK:98;9;3;5;4;5;2;2;0;1;2;3;5;10;1;1;23;3.914507547779092;18;2;9;11;0;3;5;11;0;4;19;1;16;19;1;0;0;6;16;0;11;21;-7.8844264379590845;3;5;18;6;0;5;9;3;7;1.0877798479097507;0;3;3;1;6;18;5;15;4;12;4;2;4;5;1;2;18;22;-5.956358224331179;1;11;7;-4.546051807688598;5;5;5;4;17
TRACK:99;9;3;6;1;4;2;2;5;1;6;3;3;20;1.0219285675680023;1;5;3;20;2.9154096614834977;6;4;24;2;4;0;2;5;8;3;12;6;6;11;2;5;1;4;13;5;24;3;5;0;22;8.634653462816708;19;2;1;2;3;0;3;10;5;14;2;0;1;10;12;1;16;21;-5.881313417662444;0;5;19;2;13;12;4;0;3;2;11;18;5;4;15;5;0;5;2;3;19;1;15;20;1.8756425007028774;0;4;6;13;5;2;18;11;1;2;0;0;6;1;1;5;18;4;13;4;2;11;23;1.2975692480753729;1;0;6;0;19;7;0.22589509131794117;1;4;12;5;22;-7.937989990088088;5;2;2;10;9;4;12;3;5;0;6;3;25;0;6;24;4;8;1;0;5;4;3;0;20;9.414847419950398;14;5;1;3;3;12;3;0;19;21;-1.773632800214699;1;1;1;4;0;15;21;1.607488555643954;5;2;7;-7.712401156099737;8;0;3;2;10;23;7.754480513411902;1;2;13;9;5;21;-8.79475651554775;4;4;1;6;10;4;18;5;2;1;4;1;0;2;13;24;6;17;5;3;12;2;6;0;0;22;-9.773906483453214;14;1;25;21;0.3150916675067599;6;2;6;23;4.0580085283098715;6;16;5;1;6;6;5;15;5;2;1;12;12;2;15;10
TRACK:100;90;-1;0;1;1;2;4;4;6;0;4;3;12;5;0;21;7.616903511542787;11;6;1;0;2;5;4;23;-5.860235071641362;5;3;13;6;6;1;16;19;6;6;1;6;19;6;20;3.862400521040737;3;4;2;5;2;5;3;11;1;3;10;1;12;7;-1.9449333152413888;0;5;2;1;13;11;3;13;3;2;1;19;8;1;22;9.999831234973428;19;5;1;1;5;3;3;4;3;16;4;1;4;6;0;15;19;2;6;4;8;4;0;22;4.070320813572827;23;5.494233431304335;6;4;0;3;3;3;11;2;6;4;10;2;0;18;7;2.6035039673633915;4;24;5;5;1;6;3;3;4;17;6;0;3;3;9;4;4;10
TRACK:101;92;-1;3;1;4;6;4;4;5;1;2;18;22;-5.906997666947629;1;0;12;18;7;-4.552258989027616;6;1;6;3;4;4;4;0;14;15;6;3;0;3;2;3;11;3;16;5;3;1;13;22;-1.0423932086079777
TRACK:102;94;-1;1;6;1;5;2;1;3;4;4;2;24;11;6;3;3;5;16;1;3;2;3;3;11;1;5;25;1;18;14;2;4;1;1;7;3.2083220084906996;8;0;11;24;3;3;4;24;6;1;0;0;4;4;4;17;0;1;5;11;5;11;5;4;17;3;1;17;0;1;23;-5.7314240410820805;15;2;10;12;0;5;5;2;5;23;5.8058683631452865;4;15;4;2;5;12;4;15;3;2;1;6;5;3;2;2;1;13;7;-4.848820073202054;4;16;0;6;15;6;16;0;3;6;3;3;2;8;15;4;4;4;4;4;24;5;3;1;6;2;2;4;11;2;20;-0.1744691787595592;15;5;0;22;-4.267526594905195;18;2;1;5;1;13;11;2;3;17;4;13;5;1;5;8;4;12
TRACK:103;96;-1;5;5;4;0;3;5;3;6;0;1;17;21;1.781797151480239;5;15;2;5;2;1;5;1;25;14;1;5;11;3;19;4;6;4;13;5;1;4;4;3;19;6;0;2;23;6.004016499118076;18;2;18;25
TRACK:104;98;-1;5;4;5;2;2;0;1;2;3;5;10;1;1;23;4.071359791006432;18;2;9;11;0;3;5;11;0;4;19;1;19;19;1;0;0;6;16;0;11;21;-7.719358136632186;3;5;18;6;0;5;9;3;7;1.2586378994023997;0;3;3;1;6;18;5;15;4;12;4;2;4;5;1;2;18;22;-6.027276147501057;1;11;7;-4.559641865571642;5;5;5;4;17
TRACK:105;91;-1;5;4;5;2;2;0;1;18;0;3;5;12;0;4;19;1;16;19;1;0;0;6;16;0;11;21;-7.858654639048509;3;5;19;6;0;4;15;3;7;1.0694473090090075;0;3;3;1;6;18;5;15;4;4;4;4;25;4;2;4;5;1;2;18;22;-5.765465694810429;1;11;7;-4.70284350148706;5;5;5;4;17
TRACK:106;93;-1;5;4;5;2;2;0;1;2;3;5;10;1;1;23;3.9635801691430723;18;0;17;23;8.691842397520922;0;3;5;11;0;4;19;1;16;19;1;0;0;6;16;0;11;21;-7.871561695949404;3;5;18;6;0;5;9;3;7;0.9682892020279339;0;3;11;4;4;4;4;25;4;2;4;5;1;2;18;22;-6.017265710845015;1;11;7;-4.378147313878095;5;5;5;4;17
TRACK:107;95;-1;6;2;0;6;3;2;2;1;13;7;-4.964203370683181;4;16;0;6;15;6;16;1;3;4;6;1;2;5;7;6.342253002847914;3;13;4;2;8;15;6;6;1;5;3;0;13;16;2;4;5;20;-5.293306749084086;3;6;17;1;4;2;6;2;4;4;4;23;7.2543791308460985;0;4;5;12;5;1;17;24;2;0;1;3;5;24;2;3;9;6;13;0;0;0;14;20;-5.536710345899664;1;14;15;1;2;23;7.053791929503186;12;0;23;-2.448317680108838;17;0;3;4;5;19;3;4;2;21;-7.037398248751316;17;6;3;4;3;4;1;1;7;-0.44246418836347806;22;-7.573779642720105;6;12
TRACK:108;97;-1;2;5;6;5;5;3;1;4;2;4;17;5;20;1.6834974435013137;4;5;6;14;5;0;6;1;6;5;5;1;6;14;2;13;19;3;3;3;6;0;20;2.986049931657761;18;3;1;4;5;2;1;1;8;7;-0.07255435852864234;3;23;-3.7091226481338975;2;3;13;0;12;18;1;3;6;3;0;21;1.0379601882347913;11;0;3;1;1;22;9.567303346470215;18;6;13;4;4;3;15
TRACK:109;99;-1;6;1;4;2;2;5;1;6;3;3;20;0.8825167110172805;1;5;3;20;3.022259431724593;6;4;24;2;4;0;2;5;8;3;12;6;6;11;2;5;1;4;13;5;24;3;5;0;22;8.545349578235964;19;2;1;2;3;0;3;10;5;14;2;0;1;10;12;1;16;21;-5.935976789984662;0;5;19;2;13;12;4;0;3;2;11;18;5;4;15;5;0;5;2;3;19;1;15;20;2.035711828605635;0;4;6;13;5;2;18;11;1;2;0;0;6;1;1;5;18;4;13;4;2;11;23;1.4160604981650615;1;0;6;0;19;7;0.33706526310197044;1;4;12;5;22;-7.740175730983883;5;2;2;10;9;4;12;3;5;0;6;3;25;0;6;24;4;8;1;0;5;4;3;0;20;9.569567552021578;14;5;1;3;3;12;3;0;19;21;-1.8295941058381928;1;1;1;4;0;15;21;1.5725575956809474;5;3;10;0;3;2;10;23;7.751395898564813;1;2;13;9;5;21;-8.774687456896912;4;4;1;6;10;4;18;5;2;1;4;1;0;2;13;24;6;17;5;3;12;2;6;0;0;22;-9.711545769284358;14;1;25;21;0.3687989623139389;6;2;6;23;4.050986819151129;6;16;5;1;6;6;5;15;5;2;1;12;12;2;15;10
EVAL_INSTANCE:5:0:100
EVAL_INSTANCE:5:1:101
EVAL_INSTANCE:5:2:102
EVAL_INSTANCE:5:3:103
EVAL_INSTANCE:5:4:104
EVAL_INSTANCE:5:5:105
EVAL_INSTANCE:5:6:106
EVAL_INSTANCE:5:7:107
EVAL_INSTANCE:5:8:108
EVAL_INSTANCE:5:9:109
RUN_RESULT:5:0:0:23:DLL
RUN_RESULT:5:1:0:23:DLL
RUN_RESULT:5:2:0:23:DLL
RUN_RESULT:5:3:0:23:DLL
RUN_RESULT:5:4:0:23:DLL
RUN_RESULT:5:5:0:23:DLL
RUN_RESULT:5:6:0:23:DLL
RUN_RESULT:5:7:0:23:DLL
RUN_RESULT:5:8:0:23:DLL
RUN_RESULT:5:9:0:23:DLL
     6 |       60 | -3.977000E+03 | -3.977000E+03
TRACK:110;20;5;5;4;5;2;2;0;1;18;0;3;5;11;0;4;19;1;16;19;1;0;0;6;16;0;11;21;-8.083751841979328;3;5;18;6;0;8;3;7;0.9937470636345189;0;3;3;1;6;18;5;15;4;4;4;4;25;4;2;4;5;1;2;18;22;-5.869901137636397;1;11;7;-4.717988255976845;5;5;5;4;17
TRACK:111;20;5;2;5;6;5;5;3;1;4;2;4;17;5;16;4;5;6;14;5;0;6;1;6;5;5;1;6;19;2;13;19;3;3;3;6;0;20;2.9030509398087627;18;3;1;4;5;2;1;1;8;7;0.018344278691310834;3;23;-3.6845364125365077;2;3;13;0;12;18;1;3;6;3;0;21;0.9249109337565464;11;0;3;1;1;22;9.303949390071963;18;6;8;4;4;3;15
TRACK:112;2;3;6;2;0;6;4;2;6;5;0;5;12;1;20;7.494654353893154;17;6;1;0;1;13;7;-0.09474514265803968;3;22;-6.001590814070987;1;5;12;0;7;1.3874923035203075;18;1;3;4;6;1;2;5;7;6.418487465542924;3;13;4;2;8;15;6;6;1;5;3;0;13;16;2;4;5;20;-5.28413385622647;3;6;17;1;4;2;6;2;4;4;4;23;7.108698788339439;0;4;5;17;5;1;17;24;2;0;1;3;5;24;2;3;9;6;13;0;0;0;14;20;-5.686893290195869;1;14;15;1;2;23;7.050963350589875;12;0;23;-2.2605232061138008;17;0;3;4;5;19;3;4;2;21;-6.95433167606283;17;6;3;0;3;2;11;18;5;4;15
TRACK:113;2;3;6;1;4;2;2;5;1;6;3;3;20;1.0219285675680023;1;5;3;20;2.9154096614834977;6;4;24;2;4;0;2;5;8;3;12;6;6;11;2;5;1;4;13;5;24;3;5;0;22;8.634653462816708;19;2;1;2;3;0;3;10;5;14;2;0;1;10;12;1;16;21;-5.881313417662444;0;5;19;2;13;12;4;0;3;2;11;18;5;4;15;5;0;5;2;3;19;1;15;20;1.8756425007028774;0;4;6;13;5;2;18;11;1;2;0;0;6;1;1;5;18;4;13;4;2;11;23;1.2975692480753729;1;0;6;0;19;7;0.22589509131794117;1;4;12;5;22;-7.937989990088088;5;2;2;10;9;4;12;3;5;0;6;3;25;0;6;24;4;8;1;0;5;4;3;0;20;9.414847419950398;14;5;1;3;3;12;3;0;19;21;-1.773632800214699;1;1;1;4;0;15;21;1.607488555643954;5;2;7;-7.712401156099737;8;0;3;2;10;23;7.754480513411902;1;2;13;9;5;21;-8.79475651554775;4;4;1;6;10;4;18;5;2;1;4;1;0;2;13;24;6;17;5;3;12;2;6;0;0;22;-9.773906483453214;14;1;25;21;0.3150916675067599;6;2;6;23;4.0580085283098715;6;16;5;1;6;6;5;15;5;2;1;12;12;2;15;10
TRACK:114;0;0;1;6;1;5;2;1;3;4;4;2;24;11;6;3;3;5;16;1;3;2;3;3;11;1;5;25;1;18;14;2;4;1;1;7;3.5975445984194003;8;0;11;24;3;3;4;24;6;1;0;0;4;4;4;17;0;1;5;11;5;11;5;4;17;3;1;5;6;11;0;1;23;-5.708497441060776;15;2;10;12;0;5;5;2;5;23;5.766543068067557;4;15;0;3;1;5;11;3;18;2;4;5;11;5;4;25;3;2;1;6;5;3;2;2;1;13;7;-4.9277769842067425;4;16;0;6;15;6;16;0;3;6;3;3;2;8;15;4;4;4;4;4;24;5;3;1;6;2;2;4;11;2;20;-0.20809334081130437;15;5;0;22;-4.225037828946818;18;2;1;5;1;13;11;2;3;17;4;13;5;1;5;8;4;12
TRACK:115;0;0;1;6;1;5;2;1;3;4;4;2;24;11;6;3;3;5;16;1;3;2;3;3;11;1;5;25;1;18;14;2;4;1;1;7;3.5975445984194003;8;0;11;24;3;3;4;24;6;1;0;0;4;4;4;17;0;1;5;11;5;11;5;4;17;3;1;5;6;11;0;1;23;-5.708497441060776;15;2;10;12;0;5;5;2;5;23;5.766543068067557;4;15;0;3;1;3;15;3;18;2;4;5;11;5;4;25;3;2;1;6;5;3;2;2;1;13;7;-4.9277769842067425;4;16;0;6;15;6;16;0;3;6;3;3;2;8;15;4;4;4;4;4;24;5;3;1;6;2;2;4;11;2;20;-0.20809334081130437;15;5;0;22;-4.225037828946818;18;2;1;5;1;13;15;2;3;17;4;13;5;1;5;8;4;12
TRACK:116;21;1;5;5;4;0;3;5;3;6;0;1;17;21;1.9898040086616555;5;15;2;5;2;1;5;1;25;14;1;5;11;3;25;4;6;4;19;1;2;4;22;-9.046658976677124;5;22;-3.6347666937144973;3;3;11
TRACK:117;21;1;0;1;1;2;4;4;6;0;4;3;12;5;0;21;7.681159687951318;11;6;1;0;2;5;4;23;-5.882871339184009;5;3;13;6;6;4;14;6;6;1;6;19;6;20;3.950808460962026;3;4;2;5;2;5;3;11;1;3;10;1;12;7;-1.8173101831485994;0;5;2;1;13;11;3;13;3;2;1;19;8;1;22;9.987060275988298;19;5;1;1;5;3;3;4;3;16;4;1;4;6;0;15;19;2;6;4;8;4;0;22;4.1308295972557385;23;5.618681861808195;6;4;0;3;3;3;11;2;6;4;10;2;0;18;7;2.4669343075944976;4;24;5;6;2;3;5;15;6;4;4;2;5;2;24;22;-7.87187689009051;5;2;18;22;2.5815407224536777
TRACK:118;8;2;3;1;4;6;4;4;3;4;3;0;20;8.518773583123558;12;6;1;6;3;4;4;4;0;14;15;6;3;0;8;5;3;1;13;22;-1.0402255792328425
TRACK:119;8;2;6;2;0;6;4;2;6;5;0;5;12;1;20;7.494654353893154;17;6;1;0;1;13;7;-0.09474514265803968;3;22;-1.0402255792328425;1;5;12;0;7;1.3874923035203075;18;1;3;4;6;1;2;5;7;6.418487465542924;3;13;4;2;8;15;6;6;1;5;3;0;13;16;2;4;5;20;-5.28413385622647;3;6;17;1;4;2;6;2;4;4;4;23;7.108698788339439;0;4;5;17;5;1;17;24;2;0;1;3;5;24;2;3;9;6;13;0;0;0;14;20;-5.686893290195869;1;14;15;1;2;23;7.050963350589875;12;0;23;-2.2605232061138008;17;0;3;4;5;19;3;4;2;21;-6.95433167606283;17;6;3;4;3;4;1;1;7;-0.4176018350842945;22;-7.59871201701533;6;12
TRACK:120;110;-1;5;4;5;2;2;0;1;18;0;3;5;11;0;4;19;1;16;19;1;0;0;6;16;0;11;21;-8.224791604862286;3;5;18;6;0;8;3;7;0.958626611868273;0;3;3;1;6;18;5;15;4;4;4;4;25;4;2;4;5;1;2;18;22;-5.789894718256617;4;25;5;5;5;4;17
TRACK:121;112;-1;6;2;0;6;4;2;6;5;0;5;12;1;20;7.435070445570669;17;6;1;0;1;13;7;-0.24613442122334453;3;22;-6.040714535045961;1;5;12;0;7;1.4401706180634528;18;1;3;4;6;1;2;5;7;6.484041281777485;3;13;4;2;8;15;6;6;1;5;3;0;13;16;2;4;5;20;-5.278525106408483;3;6;17;1;4;2;6;2;4;4;4;23;7.273115940714536;0;4;5;17;5;1;17;24;2;0;1;3;5;24;2;3;9;3;19;0;0;0;14;20;-5.689362048699908;1;14;15;1;2;23;7.027892818316109;12;0;23;-2.2262279347418064;17;0;3;4;5;19;3;4;2;21;-7.087512433457647;17;6;3;0;3;2;11;18;5;4;15
TRACK:122;114;-1;1;6;1;5;2;1;3;4;4;2;24;11;6;3;3;5;16;1;3;2;3;3;11;1;5;25;1;18;14;5;1;1;14;15;0;25;17;6;1;0;0;4;4;4;17;0;1;5;11;5;11;5;4;17;3;1;5;6;11;0;1;23;-5.723418718224803;15;2;10;12;0;5;5;2;5;23;5.499783331823408;4;15;0;3;1;5;11;3;18;2;4;5;11;5;4;25;3;2;1;6;5;3;2;2;1;13;7;-4.967540591323928;4;16;0;6;15;6;16;0;3;6;3;3;2;8;15;4;4;4;4;4;24;5;3;1;6;2;2;4;11;2;20;-0.24087223377516181;15;5;0;22;-4.02572527128472;18;2;1;5;1;13;11;2;3;17;4;13;5;1;5;8;4;12
TRACK:123;21;-1;5;5;4;0;3;5;3;6;0;1;17;21;1.9183703950738114;5;15;2;5;2;1;5;1;25;14;1;5;17;3;25;4;6;4;13;1;2;4;22;-8.98956607707039;5;22;-3.89448126009328;3;3;11
TRACK:124;118;-1;3;1;4;6;4;4;3;4;3;0;20;8.4968534742147;12;6;1;6;5;6;2;22;6.053724545127036;7;5.875001013153383;6;3;0;8;5;3;1;13;22;-1.0361505836182925
TRACK:125;111;-1;2;5;6;5;5;3;1;4;2;4;17;5;16;4;5;6;14;5;0;6;1;6;5;5;1;6;19;2;13;19;3;3;6;7;5.835651104791564;3;1;4;5;2;1;1;8;7;0.003546742985398704;3;23;-3.4282053985937826;2;3;13;0;12;18;1;3;6;3;0;21;0.8091143769661656;11;0;3;1;1;22;9.370765649171839;18;6;8;4;4;3;15
TRACK:126;113;-1;6;1;4;2;2;5;1;6;3;3;20;1.1363250902491957;1;5;3;20;2.903015707848309;6;4;24;2;4;0;2;5;8;3;12;6;6;11;2;5;1;4;13;5;24;3;5;0;22;8.37199165662225;19;2;1;2;3;0;3;10;5;14;2;0;1;10;12;1;16;21;-6.089740703014512;0;5;19;2;13;12;4;0;3;2;11;18;5;4;15;5;0;5;2;3;19;1;15;20;1.765819427890319;3;2;4;11;6;17;1;2;0;0;6;1;1;5;18;4;13;4;2;11;23;1.0743456793298332;1;0;6;0;19;7;0.1560911480627883;1;4;12;5;22;-7.781515856517576;5;2;2;10;9;4;12;3;5;0;6;3;25;0;6;24;4;8;1;0;5;4;3;0;20;9.331250328395608;14;5;1;3;3;12;3;0;19;21;-1.8660154084275762;1;1;1;4;0;15;21;1.5639164380603692;5;2;7;-7.668080570926087;8;0;3;2;10;23;7.68592550659167;1;2;13;9;5;21;-8.83299566731715;4;4;1;6;10;4;18;5;2;1;4;1;0;2;13;24;6;17;5;3;12;2;6;0;0;22;-9.731230300643533;14;1;25;21;0.2788147829846825;6;2;6;23;4.1569182118987476;6;16;5;1;6;6;5;15;5;2;1;12;12;2;15;10
TRACK:127;115;-1;1;6;1;5;2;1;3;4;4;2;24;11;6;3;3;5;16;1;3;2;3;3;11;1;5;25;1;18;14;2;4;1;1;7;3.432306368668952;8;0;11;24;3;3;4;24;6;1;0;0;4;4;4;17;0;1;5;11;5;11;5;4;17;3;1;5;6;20;-4.685605802059527;0;1;23;-5.701650172089787;15;2;10;12;0;5;5;2;5;23;5.707283130464421;4;15;0;3;1;3;15;3;18;2;4;5;11;5;4;25;3;2;1;6;5;3;2;2;1;13;7;-4.559565866678236;4;16;0;6;15;6;16;0;3;6;3;3;2;8;15;4;4;4;4;4;24;5;3;1;6;2;2;4;11;2;20;-0.25829246782181126;15;5;0;22;-4.207078931760936;18;2;1;5;1;13;15;2;3;17;4;13;5;1;5;8;4;12
TRACK:128;1;-1;0;1;1;2;4;4;6;0;4;3;12;5;0;21;7.737605879194251;11;6;1;0;2;5;4;23;-5.894162115213658;5;3;13;6;6;4;14;6;6;1;6;19;6;20;4.029788811604933;3;4;2;5;2;5;3;11;1;3;10;1;12;7;-1.7737195723772223;0;5;2;1;13;11;3;13;3;2;1;19;8;1;22;10.0;19;5;1;1;5;3;3;4;3;16;4;1;4;6;0;15;19;2;6;4;8;4;0;22;4.096890063692404;23;5.606119578164351;6;4;0;3;3;3;11;2;6;4;10;2;0;18;7;2.6541201820286027;4;24;5;6;2;3;6;1;4;1;3;18;6;16;6;5;5;16;6;4;4;2;5;2;24;22;-7.884412273904857;5;2;18;22;2.667204147476778
TRACK:129;119;-1;6;2;0;6;4;2;6;5;0;5;12;1;20;7.587188415936102;17;6;1;0;1;13;7;0.004737776894864862;3;22;-1.0532702893323695;1;5;12;0;7;1.486360711595537;18;1;3;4;6;1;2;5;7;6.400799230530099;3;13;4;2;8;15;6;6;1;5;3;0;13;16;2;4;5;20;-5.257807019382759;3;6;17;1;4;2;6;2;4;4;4;23;7.0484732205894565;0;4;5;17;5;1;17;24;2;0;1;3;5;24;2;3;9;6;13;0;0;0;14;20;-5.801821919790759;1;14;15;1;2;23;7.04819985505272;12;0;23;-2.3340082851921315;17;0;3;4;3;19;3;4;2;21;-6.950919096520976;17;6;3;4;3;4;1;1;7;-0.39122289771532864;22;-7.690864522462798;6;12
EVAL_INSTANCE:6:0:120
EVAL_INSTANCE:6:1:121
EVAL_INSTANCE:6:2:122
EVAL_INSTANCE:6:3:123
EVAL_INSTANCE:6:4:124
EVAL_INSTANCE:6:5:125
EVAL_INSTANCE:6:6:126
EVAL_INSTANCE:6:7:127
EVAL_INSTANCE:6:8:128
EVAL_INSTANCE:6:9:129
RUN_RESULT:6:0:0:23:DLL
RUN_RESULT:6:1:0:23:DLL
RUN_RESULT:6:2:0:23:DLL
RUN_RESULT:6:3:0:23:DLL
RUN_RESULT:6:4:0:23:DLL
RUN_RESULT:6:5:0:23:DLL
RUN_RESULT:6:6:0:23:DLL
RUN_RESULT:6:7:0:23:DLL
RUN_RESULT:6:8:0:23:DLL
RUN_RESULT:6:9:0:23:DLL
     7 |       70 | -3.977000E+03 | -3.977000E+03
TRACK:130;20;0;5;4;5;2;2;0;1;18;0;3;5;11;0;4;19;1;16;19;1;0;0;6;11;0;11;21;-8.083751841979328;3;5;18;6;0;4;15;3;7;0.9937470636345189;0;3;3;1;6;18;5;15;4;4;4;4;25;4;2;4;5;1;2;18;22;-5.869901137636397;1;11;7;-4.717988255976845;5;5;5;4;17
TRACK:131;20;0;1;6;1;5;2;1;3;4;4;2;24;11;6;3;3;5;16;1;3;2;3;3;11;1;5;25;1;18;14;2;4;1;1;7;3.5975445984194003;8;0;11;24;3;3;4;24;6;1;0;0;4;4;4;17;0;0;4;15;3;7;0.9937470636345189;5;4;17;3;1;5;6;11;0;1;23;-5.708497441060776;15;2;10;12;0;5;5;2;5;23;5.766543068067557;4;15;0;3;1;3;15;3;18;2;4;5;11;5;4;25;3;2;1;6;5;3;2;2;1;13;7;-4.9277769842067425;4;16;0;6;15;6;16;0;3;6;3;3;2;8;15;4;4;4;4;4;24;5;3;1;6;2;2;4;11;2;20;-0.20809334081130437;15;5;0;22;-4.225037828946818;18;2;1;5;1;13;11;2;3;17;4;13;5;1;5;8;4;12
TRACK:132;9;4;5;4;5;2;2;0;1;2;3;5;10;1;1;23;3.914507547779092;18;2;9;11;0;3;5;11;0;4;19;1;16;19;1;0;0;6;16;0;11;21;-7.8844264379590845;3;5;18;6;0;5;9;3;7;1.0877798479097507;0;3;3;1;6;18;5;15;4;4;4;4;25;4;2;1;4;4;3;19;6;0;2;23;5.9835548266249;19;2;18;25;5;5;5;4;17
TRACK:133;9;4;5;5;4;0;3;5;3;6;0;1;10;21;1.9556307579640304;5;15;2;5;2;1;5;1;25;14;1;5;11;3;25;4;6;4;13;5;1;4;4;3;19;6;0;2;23;5.9835548266249;19;2;18;25
TRACK:134;3;21;6;1;4;2;2;5;1;6;3;3;20;1.0219285675680023;1;5;3;20;2.9154096614834977;6;4;24;2;4;0;2;5;8;3;12;6;6;11;2;5;1;4;13;5;24;3;5;0;22;8.634653462816708;19;2;1;2;3;0;3;10;5;14;2;0;1;10;12;1;16;21;-5.881313417662444;0;5;19;2;13;12;4;0;3;2;11;18;5;4;15;5;0;5;2;3;19;1;15;20;1.8756425007028774;0;4;6;13;5;2;18;11;1;2;0;0;6;1;1;5;18;4;13;4;2;11;23;1.2975692480753729;1;0;6;0;19;7;0.22589509131794117;1;4;12;5;22;-7.937989990088088;5;2;2;10;9;4;12;3;5;0;6;3;25;0;6;24;4;8;1;0;5;4;3;0;20;9.414847419950398;14;5;1;3;3;12;3;0;19;21;-1.773632800214699;1;1;1;4;0;15;21;1.607488555643954;5;2;7;-7.712401156099737;8;0;3;22;-3.6347666937144973;1;2;13;9;5;21;-8.79475651554775;4;4;1;6;10;4;18;5;2;1;4;1;0;2;13;24;6;17;5;3;12;2;6;0;0;22;-9.773906483453214;14;1;25;21;0.3150916675067599;6;2;6;23;4.0580085283098715;6;16;5;1;6;6;5;15;5;2;1;12;12;2;15;10
TRACK:135;3;21;5;5;4;0;3;5;3;6;0;1;17;21;1.9898040086616555;5;15;2;5;2;1;5;1;25;14;1;5;11;3;25;4;6;4;13;1;2;4;22;-9.046658976677124;5;22;-3.6347666937144973;3;3;5;18
TRACK:136;3;8;6;1;4;2;2;5;1;6;3;3;20;1.0219285675680023;1;5;3;20;2.9154096614834977;6;4;24;2;4;0;2;5;8;3;12;6;6;11;2;5;1;4;13;5;24;3;5;0;22;8.634653462816708;19;2;1;2;3;0;3;10;5;14;2;0;1;10;12;1;16;21;-5.881313417662444;0;5;19;2;13;12;4;0;3;2;11;18;5;4;15;5;0;5;2;3;19;1;15;20;1.8756425007028774;0;4;6;13;5;2;18;11;1;2;0;0;6;1;1;5;18;4;13;4;2;11;23;1.2975692480753729;1;0;6;0;19;7;0.22589509131794117;1;4;12;5;22;-7.937989990088088;5;2;2;10;9;4;12;3;5;0;6;3;25;0;6;24;4;8;1;0;5;4;3;0;20;9.414847419950398;14;5;1;3;3;12;3;0;19;21;-1.773632800214699;1;11;4;4;1;6;10;4;18;5;2;1;4;1;0;2;13;24;6;17;5;3;12;2;6;0;0;22;-9.773906483453214;14;1;25;21;0.3150916675067599;6;2;6;23;4.0580085283098715;6;16;5;1;6;6;5;15;5;2;1;12;12;2;15;10
TRACK:137;3;8;3;1;4;6;4;4;12;6;1;6;3;4;4;4;0;14;15;6;3;0;3;2;3;11;3;16;5;3;1;13;22;-1.0402255792328425
TRACK:138;1;9;0;1;1;2;4;4;6;0;4;3;12;5;0;21;7.681159687951318;11;6;1;0;2;5;5;9;5;3;13;6;6;4;14;6;6;1;6;19;6;20;3.950808460962026;3;4;2;5;2;5;3;11;1;3;10;1;12;7;-1.8173101831485994;0;5;2;1;13;11;3;13;3;2;1;19;8;1;22;9.987060275988298;19;5;1;1;5;3;3;4;3;16;4;1;4;6;0;15;19;2;6;4;8;4;0;22;4.1308295972557385;23;5.618681861808195;6;4;0;3;3;3;11;2;6;4;10;2;0;18;7;2.4669343075944976;4;24;5;6;2;3;6;1;0;4;4;12;5;3;17;6;5;5;16;6;4;4;2;5;2;24;22;-7.87187689009051;5;2;18;22;2.5815407224536777
TRACK:139;1;9;5;4;5;2;2;0;1;2;3;5;10;1;1;23;3.914507547779092;18;2;9;11;0;3;5;11;0;4;19;1;16;19;1;0;0;6;16;0;11;21;-7.8844264379590845;3;5;18;6;0;5;9;3;7;1.0877798479097507;0;3;3;1;6;18;5;15;4;4;4;4;25;4;2;4;5;4;8;5;5;5;4;17
TRACK:140;130;-1;5;4;5;2;2;0;1;18;0;3;5;11;0;4;19;1;16;19;1;0;0;6;11;0;11;21;-8.021966430784603;3;5;18;6;0;4;15;3;7;0.939311484158677;0;3;3;1;6;18;5;15;4;4;4;4;25;4;2;4;5;1;2;18;22;-5.805406442287773;1;11;7;-4.753549864982439;5;5;5;4;15
TRACK:141;132;-1;5;4;5;2;2;0;1;2;3;5;10;1;1;23;4.054923927992011;18;2;9;11;0;3;5;11;0;4;19;1;16;19;1;0;0;6;16;0;11;21;-7.913002063277408;3;5;18;6;0;5;9;3;7;1.1780887981735964;0;3;11;4;4;4;4;25;4;2;1;4;4;3;19;6;0;2;23;5.9815777115611315;19;2;18;25;5;5;5;4;17
TRACK:142;134;-1;6;1;4;2;2;5;1;6;3;3;20;0.9451652360857296;1;5;3;20;2.9378794719831895;6;4;24;2;4;0;2;5;8;3;12;6;6;11;2;5;1;5;14;5;24;3;5;0;22;8.676183545097825;19;2;1;2;3;0;3;10;5;14;2;0;1;10;12;1;16;21;-5.935452094325563;0;5;19;2;13;12;4;0;3;2;11;18;5;4;15;5;0;5;2;3;19;1;15;20;1.9010014699570967;0;4;6;13;5;2;18;11;1;2;0;0;6;1;1;5;18;4;13;4;2;11;23;1.1633302180896896;1;0;6;0;19;7;0.2715956591151442;1;4;12;5;22;-7.872998028847649;5;2;2;10;9;4;12;3;5;0;6;3;25;0;6;24;4;8;1;0;5;4;3;0;20;9.49541040040683;14;5;1;3;3;12;3;0;19;21;-1.799859289312852;1;1;1;4;0;15;21;1.6809112404140985;5;2;7;-7.5809016591596645;8;0;3;22;-3.6115820123026046;1;2;13;9;5;21;-8.669988519981306;4;4;1;6;10;4;18;5;2;1;4;1;0;2;13;24;6;17;5;3;12;2;6;0;0;22;-9.840798082341456;14;1;25;21;0.27672180578807337;6;2;6;23;4.037703185549616;6;16;5;1;6;6;5;15;5;2;1;12;12;2;15;10
TRACK:143;136;-1;6;1;4;2;2;5;1;6;3;3;20;0.9974743469726766;1;5;3;20;2.8491123150378552;6;4;24;2;4;0;2;5;8;3;12;6;6;11;2;5;1;4;13;5;24;3;5;0;22;8.529218433057332;19;2;1;2;3;0;3;10;5;14;2;0;1;10;12;1;16;21;-6.011175532449943;0;5;19;2;13;12;4;0;3;2;11;18;5;4;15;5;0;5;2;3;19;1;15;20;1.9552929082342279;0;4;6;13;5;6;22;4.397713230423543;1;2;0;0;6;1;1;5;18;4;13;4;2;11;23;1.4721362680633319;1;0;6;0;19;7;0.4285053161881663;1;4;12;5;22;-8.07104518415756;5;2;2;10;9;4;12;3;5;0;6;3;25;0;6;24;4;8;1;0;5;4;3;0;20;9.304303297573542;14;5;1;3;3;12;3;0;19;21;-1.6209212403848374;1;11;4;4;1;6;10;4;18;5;2;1;4;1;0;2;13;24;6;17;5;3;12;2;6;0;0;22;-9.903723153014612;14;1;25;21;0.23728880617494286;6;2;6;23;4.066938810460653;6;16;5;1;6;6;5;15;5;2;1;12;12;2;15;10
TRACK:144;138;-1;0;1;1;2;4;4;6;0;4;3;12;5;0;21;7.628193432458709;11;6;1;0;2;5;5;9;5;3;13;6;6;4;14;6;6;1;6;19;6;20;3.987950160539898;3;4;2;5;2;5;3;11;1;3;10;1;12;7;-1.8684684426282951;0;5;2;1;13;11;3;13;3;2;1;19;8;1;22;10.0;19;5;1;1;5;3;3;4;3;16;4;1;4;6;0;15;19;2;6;4;8;4;0;22;4.073935165736546;23;5.644429102402717;6;4;0;3;3;3;11;2;6;4;10;2;0;18;7;2.568980189477818;4;24;5;6;2;3;6;1;0;4;4;12;5;3;17;6;5;5;16;6;4;4;4;15
TRACK:145;131;-1;1;6;1;5;2;1;3;4;4;2;24;11;6;3;3;5;16;1;3;2;3;3;11;1;5;25;1;18;14;2;4;1;1;7;3.7499191891363206;8;0;11;24;3;3;4;24;6;1;0;0;4;4;4;17;0;0;4;15;3;7;0.95357606768603;5;4;17;3;1;5;6;11;0;1;23;-5.732904397343389;15;2;10;12;0;5;5;2;5;23;5.723971025932728;4;15;0;3;1;3;15;3;18;2;4;5;11;5;4;25;3;2;1;6;5;3;2;2;1;13;7;-4.955976622928966;4;16;0;6;15;6;16;0;3;6;3;3;2;8;15;4;4;4;4;4;24;5;3;1;6;2;2;4;11;2;20;-0.3542245635025395;15;5;0;22;-4.134435538832616;18;2;1;5;1;13;11;2;3;17;4;13;5;1;5;8;4;12
TRACK:146;133;-1;5;5;4;0;3;5;3;6;0;1;10;21;1.8910658362156731;5;15;2;5;2;16;8;5;1;4;4;3;19;6;0;2;23;6.10298603724904;19;2;18;25
TRACK:147;135;-1;5;5;3;0;1;5;0;1;2;21;6.197249624349826;20;-8.56410780329991;3;17;3;5;19;1;6;0;1;14;23;-1.8246268320979802;1;18;22;-8.118610771425521;1;2;4;25;1;16;25;5;1;15;16;3;0;3;2;6;23;4.6109296087383616;1;23;-9.691535718086344;11;5;4;0;10;22;-4.9935723944296235
TRACK:148;137;-1;3;1;4;6;4;4;12;6;1;6;3;4;4;4;0;14;15;1;4;0;17;12;0;4;14;6;8
TRACK:149;139;-1;5;4;5;2;2;0;1;2;3;5;10;1;1;23;3.6868610174277547;18;2;9;11;0;3;5;11;0;4;19;1;16;19;1;0;0;6;16;0;11;21;-7.983989991695851;3;5;18;6;0;5;9;3;7;1.0971995766945966;0;3;3;1;6;18;5;15;4;4;4;4;25;4;2;4;5;5;16;5;5;5;4;17
EVAL_INSTANCE:7:0:140
EVAL_INSTANCE:7:1:141
EVAL_INSTANCE:7:2:142
EVAL_INSTANCE:7:3:143
EVAL_INSTANCE:7:4:144
EVAL_INSTANCE:7:5:145
EVAL_INSTANCE:7:6:146
EVAL_INSTANCE:7:7:147
EVAL_INSTANCE:7:8:148
EVAL_INSTANCE:7:9:149
RUN_RESULT:7:0:0:23:DLL
RUN_RESULT:7:1:0:23:DLL
RUN_RESULT:7:2:0:23:DLL
RUN_RESULT:7:3:0:23:DLL
RUN_RESULT:7:4:0:23:DLL
RUN_RESULT:7:5:0:23:DLL
RUN_RESULT:7:6:0:23:DLL
RUN_RESULT:7:7:0:526:LLD
RUN_RESULT:7:8:0:23:DLL
RUN_RESULT:7:9:0:23:DLL
     8 |       80 | -3.977000E+03 | -3.977000E+03
TRACK:150;4;5;5;5;4;0;3;5;3;6;0;1;17;21;1.9556307579640304;5;15;2;5;5;2;1;1;8;7;0.018344278691310834;3;23;-3.6845364125365077;2;3;13;0;12;18;5;1;4;4;3;19;6;0;2;23;5.9835548266249;19;2;18;25
TRACK:151;4;5;2;5;6;5;5;3;1;4;2;4;17;5;20;1.7048391205836655;4;5;6;14;5;0;6;1;6;5;5;1;6;19;19;3;3;3;6;0;20;2.9030509398087627;18;3;1;4;5;2;1;1;8;7;0.018344278691310834;3;23;-3.6845364125365077;2;3;13;0;12;18;1;3;6;3;0;21;0.9249109337565464;11;0;3;1;1;22;9.303949390071963;18;6;8;4;4;3;15
TRACK:152;0;21;1;6;1;5;2;1;3;4;4;2;24;11;6;3;3;5;16;1;3;2;3;3;11;1;5;25;1;18;14;2;4;1;1;7;3.5975445984194003;8;0;11;24;3;3;4;24;6;1;0;0;4;4;4;17;0;1;5;11;5;11;5;4;17;3;1;5;6;11;0;5;15;2;10;12;0;5;5;2;5;23;5.766543068067557;4;15;0;3;1;3;15;3;18;2;4;5;11;5;4;25;3;2;1;6;5;3;2;2;1;13;7;-4.9277769842067425;4;16;0;6;15;6;16;0;3;6;3;3;2;8;15;4;4;4;4;4;24;5;3;1;6;2;2;4;11;2;20;-0.20809334081130437;15;5;0;22;-4.225037828946818;18;2;1;5;1;13;11;2;3;17;4;13;5;1;5;8;4;12
TRACK:153;0;21;5;5;4;0;3;5;3;6;0;1;17;21;1.9898040086616555;5;15;18
TRACK:154;20;9;5;4;5;2;2;0;1;18;0;3;5;11;0;4;19;1;16;19;1;0;0;6;16;0;11;21;-8.083751841979328;3;5;18;6;0;4;15;3;7;0.9937470636345189;0;3;3;1;6;18;5;15;4;4;4;4;25;4;2;4;5;1;2;18;22;-5.869901137636397;1;11;7;-4.717988255976845;0;4;19;1;16;19
TRACK:155;20;9;5;4;5;2;2;0;1;2;3;5;10;1;1;23;3.914507547779092;18;2;9;11;0;3;5;11;0;4;19;1;16;19;1;0;0;6;16;0;11;21;-7.8844264379590845;3;5;18;6;0;5;9;3;7;1.0877798479097507;0;3;3;1;6;18;5;15;4;4;4;4;25;4;2;4;5;1;2;18;22;-5.956358224331179;1;11;7;-4.546051807688598;5;5;5;25
TRACK:156;3;8;6;1;4;2;2;5;1;6;3;3;20;1.0219285675680023;1;5;3;20;2.9154096614834977;6;4;24;2;4;0;2;5;8;3;12;6;6;11;2;5;1;4;13;5;24;3;5;0;22;8.634653462816708;19;2;1;2;3;0;3;10;5;14;2;0;1;10;12;1;16;21;-5.881313417662444;0;5;19;2;13;12;4;0;3;2;11;18;5;4;15;5;0;5;2;3;19;1;15;20;1.8756425007028774;0;4;6;13;5;2;18;11;1;2;0;0;6;1;1;5;18;4;13;4;2;11;23;1.2975692480753729;1;0;6;0;19;7;0.22589509131794117;1;4;12;5;22;-7.937989990088088;4;3;0;20;8.518773583123558;12;3;5;0;6;3;25;0;6;24;4;8;1;0;5;4;3;0;20;9.414847419950398;14;5;1;3;3;12;3;0;19;21;-1.773632800214699;1;1;1;4;0;15;21;1.607488555643954;5;2;7;-7.712401156099737;8;0;3;2;10;23;7.754480513411902;1;2;13;9;5;21;-8.79475651554775;4;4;1;6;10;4;18;5;2;1;4;1;0;2;13;24;6;17;5;3;12;2;6;0;0;22;-9.773906483453214;14;1;25;21;0.3150916675067599;6;2;6;23;4.0580085283098715;6;16;5;1;6;6;5;15;5;2;1;12;12;2;15;10
TRACK:157;3;8;3;1;4;6;4;4;3;4;3;0;20;8.518773583123558;12;6;1;6;3;4;4;4;0;14;15;1;0;6;0;19;7;0.22589509131794117;1;4;12;5;22;-7.937989990088088;5;2;2;10;9;4;12
TRACK:158;21;4;5;5;4;0;3;5;3;6;0;1;17;21;1.9898040086616555;5;15;2;5;2;1;5;1;25;14;1;5;11;3;25;4;6;4;13;1;2;4;22;-9.046658976677124;5;22;-3.6347666937144973;15
TRACK:159;21;4;5;5;4;0;3;5;3;6;0;1;17;21;1.9556307579640304;5;15;2;5;2;1;5;1;25;14;1;5;11;3;25;4;6;4;13;4;13
TRACK:160;150;-1;5;5;4;0;3;5;3;6;0;1;17;21;1.8131430869911986;5;15;2;5;5;2;1;1;8;7;0.10553731037873047;3;23;-3.651281243454137;2;3;13;0;12;18;5;1;4;4;3;19;6;6;0;17;9
TRACK:161;152;-1;1;6;1;5;2;1;3;4;4;2;24;11;6;3;3;5;16;1;3;2;3;3;11;1;5;25;1;18;14;2;4;1;1;7;3.5646685990900404;8;0;11;24;3;3;4;24;6;1;0;0;4;4;4;17;0;1;5;11;5;11;5;4;17;3;1;5;6;11;0;5;15;2;10;12;0;5;5;2;5;23;5.86523085596725;4;15;0;3;1;3;15;3;18;2;4;5;11;5;4;25;3;2;1;6;5;3;2;2;1;13;7;-5.156388293025734;4;16;0;6;15;6;16;0;3;6;3;3;3;22;-3.5023275832663696;4;4;4;4;4;24;5;3;1;6;2;2;4;11;2;20;-0.39236517866699105;15;5;0;22;-4.282283060484424;18;2;1;5;1;13;11;2;3;17;4;13;5;1;5;8;4;12
TRACK:162;154;-1;5;4;5;2;2;0;1;18;0;3;5;11;0;4;19;1;16;19;1;0;0;6;16;0;11;21;-8.14081034694093;3;5;18;6;0;4;15;3;7;1.0922521500144438;0;3;3;1;6;18;5;15;4;4;4;4;25;4;2;4;5;1;2;18;22;-6.0409315961151115;1;12;7;-4.7471974472490395;0;4;19;1;16;19
TRACK:163;156;-1;6;1;4;2;2;5;1;6;3;3;20;1.1172208812881992;1;5;3;20;2.9466575658201135;6;4;24;2;4;4;0;23;5.254686487466113;19;2;5;1;4;13;5;24;3;5;0;22;8.676639917615713;19;2;1;2;3;0;3;10;5;14;2;0;1;10;12;1;16;21;-5.940168744669087;0;5;19;2;13;12;4;0;3;2;11;18;5;4;15;5;0;5;2;3;19;1;15;20;1.842029053857065;0;4;6;13;5;2;18;11;1;2;0;0;6;1;1;5;18;4;13;4;2;11;23;1.2692744976488153;1;0;6;0;19;7;0.031108322693984197;1;4;12;5;22;-8.049880063155765;4;3;0;20;8.486275957815094;12;3;5;0;6;3;25;0;6;24;4;8;1;0;5;4;3;0;20;9.472930107109164;14;5;1;3;3;12;3;0;19;21;-1.6524493097604807;1;1;1;4;0;15;21;1.5476247043893994;5;2;7;-7.6297798644699135;8;0;3;2;10;23;7.856479409720775;1;2;13;9;5;21;-8.82985223720665;4;4;1;6;10;4;18;5;2;1;4;1;0;2;13;24;6;17;5;3;12;2;6;0;0;22;-9.756672256314445;14;1;25;21;0.25476527022031137;6;2;6;23;4.136160158143006;6;16;5;1;6;6;5;15;5;2;1;12;12;2;15;10
TRACK:164;158;-1;0;0;4;15;4;22;2.671480769337716;0;0;17;24;0;23;6.6930108769282235;21;-4.00822701425311
TRACK:165;151;-1;2;5;6;5;5;3;1;4;2;4;17;5;20;1.868388764037978;4;5;6;14;5;0;6;1;6;5;5;1;6;19;19;3;3;3;6;0;20;2.795657309275852;18;3;1;4;5;2;1;1;8;7;0.04612979211086152;3;23;-3.67148553331325;2;3;13;0;12;18;1;3;6;3;0;21;1.100745192636214;10;0;3;1;1;22;9.404425011634881;18;6;8;4;4;3;15
TRACK:166;153;-1;5;5;4;0;3;5;3;6;0;1;17;21;1.9076525788433343;1;9;24;18
TRACK:167;155;-1;5;4;5;2;2;0;1;2;3;5;10;1;1;23;3.8482304349569714;18;2;9;11;2;18;20;-5.492683511429903;1;0;0;6;16;0;11;21;-7.856705848839003;3;5;18;6;0;5;9;3;7;1.1100970713003508;0;3;3;1;6;18;5;15;4;4;4;4;25;4;2;4;5;1;2;18;22;-5.946604925433689;1;11;7;-4.683460320178895;5;5;5;25
TRACK:168;157;-1;3;1;4;6;4;4;3;4;3;0;20;8.252235432562198;12;6;1;6;5;7;6.979948666445203;1;0;6;0;19;7;0.30888672160272046;1;4;12;5;22;-8.029617543718926;5;2;2;10;9;4;12
TRACK:169;159;-1;5;5;4;0;3;5;3;6;0;1;17;21;2.0462565898566143;5;15;2;5;2;1;5;1;25;21;-3.5959946432669465;1;5;11;3;25;4;6;4;13;4;13
EVAL_INSTANCE:8:0:160
EVAL_INSTANCE:8:1:161
EVAL_INSTANCE:8:2:162
EVAL_INSTANCE:8:3:163
EVAL_INSTANCE:8:4:164
EVAL_INSTANCE:8:5:165
EVAL_INSTANCE:8:6:166
EVAL_INSTANCE:8:7:167
EVAL_INSTANCE:8:8:168
EVAL_INSTANCE:8:9:169
RUN_RESULT:8:0:0:2000:----
RUN_RESULT:8:1:0:23:DLL
RUN_RESULT:8:2:0:23:DLL
RUN_RESULT:8:3:0:23:DLL
RUN_RESULT:8:4:0:3:DLL
RUN_RESULT:8:5:0:23:DLL
RUN_RESULT:8:6:0:23:DLL
RUN_RESULT:8:7:0:2000:----
RUN_RESULT:8:8:0:23:DLL
RUN_RESULT:8:9:0:23:DLL
     9 |       90 | -3.979000E+03 | -3.997000E+03
TRACK:170;4;3;5;5;4;0;3;5;3;6;0;1;17;21;1.9556307579640304;5;15;2;5;2;1;5;1;25;14;1;5;11;3;25;4;6;4;13;5;1;4;4;9;6;0;2;23;5.9835548266249;19;2;18;25
TRACK:171;4;3;6;1;4;2;2;5;1;6;3;3;20;1.0219285675680023;1;5;3;20;2.9154096614834977;6;4;24;2;4;0;2;5;8;3;12;6;6;11;2;5;1;4;13;5;24;3;5;0;22;8.634653462816708;19;2;1;2;3;0;3;10;5;14;2;0;1;10;12;1;16;21;-5.881313417662444;0;5;19;2;13;12;4;0;3;2;11;18;5;4;15;5;0;5;2;3;19;1;15;20;1.8756425007028774;0;4;6;13;5;2;18;11;1;2;13;1;0;5;4;3;0;20;9.414847419950398;14;5;1;3;3;12;3;0;19;21;-1.773632800214699;1;1;1;4;0;15;21;1.607488555643954;5;2;7;-7.712401156099737;8;0;3;2;10;23;7.754480513411902;1;2;13;9;5;21;-8.79475651554775;4;4;1;6;10;4;18;5;2;1;4;1;0;2;13;24;6;17;5;3;12;2;6;0;0;22;-9.773906483453214;14;1;25;21;0.3150916675067599;6;2;6;23;4.0580085283098715;6;16;5;1;6;6;5;15;5;2;1;12;12;2;15;10
TRACK:172;2;164;6;2;0;6;4;2;6;5;0;5;12;1;20;7.494654353893154;17;6;1;0;1;13;7;-0.09474514265803968;3;22;-6.001590814070987;1;5;12;0;7;1.3874923035203075;18;1;3;4;6;1;2;5;7;6.418487465542924;3;13;4;2;8;15;6;6;1;5;3;0;13;16;2;4;5;20;-5.28413385622647;3;6;17;1;4;2;6;2;4;4;4;23;7.108698788339439;0;4;5;17;5;1;17;24;2;0;1;3;5;24;2;3;24;6;13;0;0;0;14;20;-5.686893290195869;1;14;15;1;2;23;7.050963350589875;12;0;23;-2.2605232061138008;17;0;3;4;5;19;3;4;2;21;-6.95433167606283;17;6;3;4;3;4;1;1;7;-0.4176018350842945;22;-7.59871201701533;6;12
TRACK:173;2;164;0;0;4;15;4;22;2.671480769337716;0;0;17;24;13
TRACK:174;9;20;5;4;5;2;2;0;1;2;3;5;10;1;1;23;3.914507547779092;18;2;9;11;1;6;18;5;15;1;0;0;6;16;0;11;21;-7.8844264379590845;3;5;18;6;0;5;9;3;7;1.0877798479097507;0;3;3;1;6;18;5;15;4;4;4;4;25;4;2;4;5;1;2;18;22;-5.956358224331179;1;11;7;-4.546051807688598;5;5;5;4;17
TRACK:175;9;20;5;4;5;2;2;0;1;18;0;3;5;11;0;4;19;1;16;19;1;0;0;6;16;0;11;21;-8.083751841979328;3;5;18;6;0;4;15;3;7;0.9937470636345189;0;3;3;1;6;18;5;15;4;4;4;4;25;4;9
TRACK:176;164;2;0;0;4;15;4;2;21;-6.95433167606283;17;0;0;17;24;0;23;6.6930108769282235;21;-4.00822701425311
TRACK:177;164;2;6;2;0;6;4;2;6;5;0;5;12;1;20;7.494654353893154;17;6;1;0;1;13;7;-0.09474514265803968;3;22;-6.001590814070987;1;5;12;0;7;1.3874923035203075;18;1;3;4;6;1;2;5;7;6.418487465542924;3;13;4;2;8;15;6;6;1;5;3;0;13;16;2;4;5;20;-5.28413385622647;3;6;17;1;4;2;6;2;4;4;4;23;7.108698788339439;0;4;5;17;5;0;23;6.6930108769282235;21;-4.00822701425311;2;0;1;3;5;24;2;3;9;6;13;0;0;0;14;20;-5.686893290195869;1;14;15;1;2;23;7.050963350589875;12;0;23;-2.2605232061138008;17;0;3;4;5;19;3;4;2;21;-6.95433167606283;17;6;3;4;3;4;1;1;7;-0.4176018350842945;22;-7.59871201701533;6;12
TRACK:178;0;5;1;6;1;5;2;1;3;4;4;2;24;11;6;3;3;5;16;1;3;2;3;3;11;1;5;25;1;18;14;2;4;1;1;7;3.5975445984194003;8;0;11;24;3;3;4;24;6;1;0;0;4;4;4;17;0;1;5;11;5;11;5;4;17;3;1;5;6;11;0;1;23;-5.708497441060776;15;2;10;12;0;5;5;2;5;23;5.766543068067557;4;15;0;3;1;3;15;3;18;2;4;5;11;5;4;25;3;2;1;6;5;3;6;0;20;2.9030509398087627;18;0;3;6;3;3;2;8;15;4;4;4;4;4;24;5;3;1;6;2;2;4;11;2;20;-0.20809334081130437;15;5;0;22;-4.225037828946818;18;2;1;5;1;13;11;2;3;17;4;13;5;1;5;8;4;12
TRACK:179;0;5;2;5;6;5;5;3;1;4;7;-4.9277769842067425;4;5;6;14;5;0;6;1;6;5;5;1;6;19;2;13;19;3;3;3;6;0;20;2.9030509398087627;18;3;1;4;5;2;1;1;8;7;0.018344278691310834;3;23;-3.6845364125365077;2;3;13;0;12;18;1;3;6;3;0;21;0.9249109337565464;11;0;3;1;1;22;9.303949390071963;18;6;8;4;4;3;15
TRACK:180;170;-1;5;5;4;0;3;5;3;6;0;1;17;21;1.9375446364772864;5;15;2;5;2;1;5;1;20;-2.094790859280047;11;1;5;11;3;25;4;6;4;13;5;1;4;4;9;6;0;2;23;6.052198973405057;19;2;18;25
TRACK:181;2;-1;6;2;0;6;4;2;6;5;0;5;12;1;20;7.537586763052323;17;6;1;0;1;13;7;-0.16729030776823223;3;22;-6.069593395577554;1;5;12;0;7;1.4929605420816356;18;1;3;4;6;1;2;5;7;6.462083982896744;3;13;4;2;8;15;6;6;1;3;1;24;10;2;4;5;20;-5.037989509357648;3;6;17;1;4;2;6;2;4;4;4;23;7.251799997403435;0;4;5;17;5;1;17;24;2;0;1;3;5;24;2;3;9;6;13;0;0;0;14;20;-5.781012556416493;1;14;15;1;2;23;6.903914589955558;12;0;23;-2.0902008568601307;17;0;3;4;5;19;3;4;2;21;-6.9641481434090675;17;6;3;4;3;4;1;1;7;-0.5355344902808564;22;-7.485136440768379;6;12
TRACK:182;174;-1;5;4;2;0;0;1;4;2;13;22;-6.821585535158501;4;6;21;-9.336749158998023;0;0;6;7;8.346342304646718;2;11;21;5.7337390427511625;3;5;10;1;5;2;1;21;-4.082465406297338;23;-9.793842130296413;0;18;10;5;6;6;14;6;5;1;2;6;24;4;8;1;1;22;2.1768096125772693;12;4;12
TRACK:183;176;-1;0;0;4;15;4;3;4;1;1;0;3;13;4;18;6;2;9;16;0;3;5;25;3;0;24;24;0;0;17;24;0;23;6.671788839277237;21;-4.017965587659981
TRACK:184;178;-1;1;6;1;5;2;1;3;4;4;2;24;11;6;3;3;5;16;1;11;20;9.797553858235727;6;1;0;0;4;4;4;17;0;1;5;11;5;11;5;4;17;3;1;5;6;11;0;1;23;-5.592526900742734;15;2;10;12;0;5;5;2;5;23;5.735842041780868;4;15;0;3;1;3;15;3;18;2;4;5;11;5;4;25;3;2;1;6;5;3;6;0;20;2.7263851627089806;18;0;3;6;3;3;2;8;15;4;4;4;4;4;24;5;3;1;6;2;2;4;11;2;20;-0.3318282265788498;15;5;0;22;-4.239906881507655;18;2;1;5;1;13;11;2;3;17;4;13;5;1;5;8;4;12
TRACK:185;171;-1;6;1;4;2;2;5;1;6;3;3;20;1.0535850406344587;1;5;3;20;2.9005837056433568;6;4;24;2;4;0;2;5;8;3;12;6;6;11;2;5;1;4;13;5;24;3;5;0;22;8.56796451291603;19;2;1;2;3;0;3;10;5;14;2;0;1;10;12;1;16;21;-5.9784432555624365;0;5;19;2;13;12;4;0;3;2;11;18;5;4;15;5;0;5;2;3;19;1;15;20;1.9447769495545792;0;4;6;13;5;2;18;11;1;2;13;1;0;5;4;3;0;20;9.319839585666173;14;5;1;3;3;12;3;0;19;21;-1.7932611149842856;1;1;1;4;0;15;21;1.5843153423682408;5;2;7;-7.833415838516747;8;0;3;2;10;23;7.608963258291907;1;2;13;9;5;21;-8.669882621566414;4;4;5;3;19;5;2;1;4;1;0;2;13;24;6;17;5;3;12;2;6;0;0;22;-9.827714362291026;14;1;25;21;0.297754554205114;6;2;6;23;3.999804757826115;6;16;5;1;6;6;5;15;5;2;1;12;12;2;15;10
TRACK:186;164;-1;0;0;2;3;5;21;-1.3906193195700425;0;5;22;3.6466356667613535;3;24;4;22;2.7534795057885137;0;0;17;24;0;23;6.585653490343435;21;-4.028651311162686
TRACK:187;175;-1;5;4;5;2;2;0;1;18;0;3;5;11;0;4;19;1;16;19;1;0;0;6;16;0;11;21;-8.0383509756451;3;5;18;6;0;4;15;3;7;1.039257905274093;3;1;1;0;19;17;6;7;5.6403065538601815;3;5;15;4;9
TRACK:188;177;-1;6;2;0;6;4;2;6;5;0;5;12;1;20;7.557868507596311;17;6;1;0;1;13;7;-0.006938511181038554;3;22;-6.078933206490025;1;5;12;0;7;1.4359948271155016;18;1;3;4;6;1;2;5;7;6.19596658130336;3;13;4;2;8;15;6;6;1;5;3;0;13;16;2;4;5;20;-5.053164249087907;1;25;16;1;4;2;6;2;4;4;4;23;7.1083683651834715;0;4;5;17;5;0;23;6.732075509638767;21;-4.0642911940354;2;0;1;3;5;24;2;3;9;6;13;0;0;0;14;20;-5.614157280614177;1;14;15;1;2;23;7.019798502410648;12;0;23;-2.409899009118386;17;0;3;4;5;19;3;4;2;21;-6.916292718847422;17;6;3;4;3;4;1;1;7;-0.5569934417132365;22;-7.700050389388001;6;12
TRACK:189;179;-1;2;5;6;5;5;3;1;4;7;-4.910141585590574;4;5;6;14;5;2;4;6;0;3;0;13;13;2;5;13;3;8;1;6;6;2;2;21;-2.7326937968266325;14;6;16;3;6;4;4;7;5.569201128080643
EVAL_INSTANCE:9:0:180
EVAL_INSTANCE:9:1:181
EVAL_INSTANCE:9:2:182
EVAL_INSTANCE:9:3:183
EVAL_INSTANCE:9:4:184
EVAL_INSTANCE:9:5:185
EVAL_INSTANCE:9:6:186
EVAL_INSTANCE:9:7:187
EVAL_INSTANCE:9:8:188
EVAL_INSTANCE:9:9:189
RUN_RESULT:9:0:0:23:DLL
RUN_RESULT:9:1:0:23:DLL
RUN_RESULT:9:2:0:23:DLL
RUN_RESULT:9:3:0:3:DLL
RUN_RESULT:9:4:0:23:DLL
RUN_RESULT:9:5:0:23:DLL
RUN_RESULT:9:6:0:3:DLL
RUN_RESULT:9:7:0:23:DLL
RUN_RESULT:9:8:0:23:DLL
RUN_RESULT:9:9:0:3:DLL
    10 |      100 | -3.985000E+03 | -3.997000E+03
TRACK:190;164;1;0;4;2;5;2;24;22;-7.87187689009051;5;2;18;22;2.5815407224536777;0;0;17;24;0;23;6.6930108769282235;21;-4.00822701425311
TRACK:191;164;1;0;1;1;2;4;4;6;0;4;3;12;5;0;21;7.681159687951318;11;24;3;4;2;5;2;5;3;11;1;3;10;1;12;7;-1.8173101831485994;0;5;2;1;13;11;3;13;3;2;1;19;8;1;22;9.987060275988298;19;5;1;1;5;3;3;4;3;16;4;1;4;6;0;15;19;2;6;4;8;4;0;22;4.1308295972557385;23;5.618681861808195;6;4;0;3;3;3;11;2;6;4;10;2;0;18;7;2.4669343075944976;4;24;5;6;2;3;6;1;0;4;4;12;5;3;17;6;5;5;16;6;4;4;2;5;2;24;22;-7.87187689009051;5;2;18;22;2.5815407224536777
TRACK:192;183;5;0;5;3;1;4;2;4;17;5;20;1.7048391205836655;4;5;6;14;0;0;17;24;0;23;6.671788839277237;21;-4.017965587659981
TRACK:193;183;5;2;5;6;5;5;3;1;4;2;4;17;5;20;1.7048391205836655;4;5;6;14;5;0;6;1;6;5;5;1;6;19;2;13;19;3;3;3;6;0;20;2.9030509398087627;18;3;1;4;5;2;1;1;8;7;0.018344278691310834;3;23;-3.6845364125365077;2;3;13;0;12;18;1;3;6;3;0;21;0.9249109337565464;11;0;3;1;1;22;9.303949390071963;18;6;8;4;21;-4.017965587659981
TRACK:194;186;186;0;0;2;3;5;23;6.585653490343435;0;5;22;3.6466356667613535;3;24;4;22;2.7534795057885137;0;0;17;24;0;23;6.585653490343435;21;-4.028651311162686
TRACK:195;186;186;0;0;2;3;5;21;-1.3906193195700425;0;5;22;3.6466356667613535;3;24;4;22;2.7534795057885137;0;0;17;21;-1.3906193195700425;0;23;6.585653490343435;21;-4.028651311162686
TRACK:196;183;1;0;0;4;15;4;3;4;1;1;0;3;13;4;18;6;2;9;16;0;3;5;25;3;0;24;24;0;4;3;12;0;23;6.671788839277237;21;-4.017965587659981
TRACK:197;183;1;0;1;1;2;4;4;6;0;4;3;12;5;0;21;7.681159687951318;11;6;1;0;2;5;4;23;-5.882871339184009;5;3;13;6;6;4;14;6;6;1;6;19;6;20;3.950808460962026;3;4;2;5;2;5;3;11;16;0;5;2;1;13;11;3;13;3;2;1;19;8;1;22;9.987060275988298;19;5;1;1;5;3;3;4;3;16;4;1;4;6;0;15;19;2;6;4;8;4;0;22;4.1308295972557385;23;5.618681861808195;6;4;0;3;3;3;11;2;6;4;10;2;0;18;7;2.4669343075944976;4;24;5;6;2;3;6;1;0;4;4;12;5;3;17;6;5;5;16;6;4;4;2;5;2;24;22;-7.87187689009051;5;2;18;22;2.5815407224536777
TRACK:198;189;164;2;5;6;5;5;3;1;4;7;-4.910141585590574;4;5;6;14;5;2;4;6;0;3;0;13;13;2;5;13;3;8;1;6;6;2;2;21;-2.7326937968266325;14;6;16;3;6;4;0;17;24
TRACK:199;189;164;0;0;4;15;4;14;0;0;17;24;0;23;6.6930108769282235;21;-4.00822701425311
TRACK:200;190;-1;0;4;2;5;2;24;22;-7.839730942612852;5;2;18;22;2.636553999516799;0;5;3;3;0;6;5;15;6;5;9;0;23;6.701392664400698;21;-3.9504314913032177
TRACK:201;192;-1;0;5;3;1;4;2;4;17;5;20;1.6850994081291588;4;5;6;14;0;2;2;5;1;14;21;2.0754205504839653;4;4;25;3;5;0;12;11;0;23;6.612726576146445;21;-3.924586363288571
TRACK:202;194;-1;3;2;2;1;2;4;3;0;4;14;6;14;5;2;3;1;13;20;-7.927583699907849;1;3;18;6;11;0;6;3;1;5;18;5;20;8.69371326896599;2;0;3;1;11;24;0;1;19;18;4;23;-8.121014565516662;3;0;2;13;22;-5.054423472297273;6;20;-2.7559762030226764;4;3;2;5;5;1;17;19;4;2;3;11;4;21;-3.0871935912894566;2;3;5;4;6;3;3;18;0;6;4;1;6;1;22;8.230128261958999;8;3;3;15;0;0;0;4;4;11;1;4;12;3;7;1.7835069473227527;3;1;0;25;9;1;19;24;6;2;3;0;20;-8.73190548358091;7;6.865379889309516;5;1;22;-8.096207278255957;19
TRACK:203;196;-1;6;4;4;3;25
TRACK:204;198;-1;2;5;6;5;5;3;1;4;7;-4.773294477794306;4;5;6;14;5;2;4;6;3;3;1;0;4;25;6;22;-9.137991829126545;3;4;17;1;6;6;2;2;21;-2.7855637834834126;14;6;16;3;6;4;0;17;24
TRACK:205;191;-1;0;1;1;2;4;4;6;0;4;3;12;5;0;21;7.704871713063402;11;24;3;4;2;5;2;5;3;11;1;3;10;1;12;7;-1.9836320643112864;0;5;2;1;13;11;3;13;3;2;1;19;8;1;22;10.0;19;5;1;1;5;3;3;4;3;16;4;1;4;6;0;15;19;2;6;4;8;4;0;22;4.132900999144672;23;5.501545524385685;6;4;0;3;3;3;11;2;6;4;10;2;0;18;7;2.4447897272467847;4;24;5;6;2;3;6;1;0;4;4;12;5;3;17;6;5;5;16;6;4;4;2;5;2;24;22;-7.8077459069823725;3;19
TRACK:206;193;-1;2;5;6;5;5;3;1;4;2;4;17;5;20;1.6325867261374527;4;5;6;8;5;0;6;1;6;5;5;1;6;19;2;13;19;3;3;3;6;0;20;2.9281192303561445;18;3;1;4;5;2;1;1;8;7;0.16751672481252716;3;23;-3.8534082706773423;2;3;13;0;12;18;1;3;6;3;0;21;0.9072393828383752;11;0;3;1;1;22;9.04841833560603;18;6;8;4;21;-3.951404107797874
TRACK:207;195;-1;0;0;2;3;5;21;-1.3917846788088326;0;5;22;3.633720079686689;3;24;4;22;2.6712498444557315;0;1;16;9;0;23;6.551798075308588;21;-4.056336774877527
TRACK:208;197;-1;0;1;1;2;4;4;6;0;4;3;12;5;0;21;7.614962646623938;11;6;1;0;2;5;4;23;-5.9288121413224975;5;3;13;6;6;4;14;6;6;1;6;19;6;20;3.9295210652854102;3;4;2;5;2;5;3;11;16;0;5;2;1;13;11;3;13;1;5;10;0;10;25;5;1;1;5;3;3;4;3;16;4;1;4;6;0;15;19;2;6;4;8;4;0;22;3.973863117643069;23;5.72707446110266;6;4;0;3;3;3;11;2;6;4;10;2;0;18;7;2.533228730128298;4;24;5;6;2;3;6;1;0;4;4;12;5;3;17;6;5;5;16;6;4;4;2;5;2;24;22;-7.795468172710447;5;2;18;22;2.6215123719312166
TRACK:209;199;-1;0;0;4;15;4;14;0;0;17;24;0;3;5;19;21;-4.046985450424016
EVAL_INSTANCE:10:0:200
EVAL_INSTANCE:10:1:201
EVAL_INSTANCE:10:2:202
EVAL_INSTANCE:10:3:203
EVAL_INSTANCE:10:4:204
EVAL_INSTANCE:10:5:205
EVAL_INSTANCE:10:6:206
EVAL_INSTANCE:10:7:207
EVAL_INSTANCE:10:8:208
EVAL_INSTANCE:10:9:209
RUN_RESULT:10:0:0:3:DLL
RUN_RESULT:10:1:0:3:DLL
RUN_RESULT:10:2:0:23:DLL
RUN_RESULT:10:3:0:23:DLL
RUN_RESULT:10:4:0:23:DLL
RUN_RESULT:10:5:0:23:DLL
RUN_RESULT:10:6:0:2000:----
RUN_RESULT:10:7:0:3:DLL
RUN_RESULT:10:8:0:23:DLL
RUN_RESULT:10:9:0:3:DLL
    11 |      110 | -3.993000E+03 | -3.997000E+03
TRACK:210;189;201;2;5;6;5;5;3;1;4;7;-4.910141585590574;4;5;6;14;5;2;4;6;0;3;0;23;6.612726576146445;13;2;5;13;3;8;1;6;6;2;2;21;-2.7326937968266325;14;6;16;3;6;4;4;7;5.569201128080643
TRACK:211;189;201;0;5;3;1;4;2;4;17;5;20;1.6850994081291588;4;5;6;14;0;2;2;5;1;14;21;2.0754205504839653;4;4;25;4;6;0;3;0;13;13;2;5;13;3;8;0;23;6.612726576146445;21;-3.924586363288571
TRACK:212;200;164;0;4;2;5;2;24;22;-7.839730942612852;5;2;18;22;2.636553999516799;0;5;3;3;4;22;2.671480769337716;0;23;6.701392664400698;21;-3.9504314913032177
TRACK:213;200;164;0;0;4;15;4;22;2.671480769337716;0;0;17;3;3;0;6;5;15;6;5;9;0;23;6.6930108769282235;21;-4.00822701425311
TRACK:214;207;189;0;0;2;3;5;21;-1.3917846788088326;0;5;22;3.633720079686689;3;24;13;0;1;16;9;0;23;6.551798075308588;21;-4.056336774877527
TRACK:215;207;189;2;5;6;5;5;3;1;4;7;-4.910141585590574;4;5;6;14;5;2;4;6;0;3;16;2;5;13;3;8;1;6;6;2;2;21;-2.7326937968266325;14;6;16;3;6;4;4;7;5.569201128080643
TRACK:216;164;209;0;0;4;15;14;0;0;17;24;0;23;6.6930108769282235;21;-4.00822701425311
TRACK:217;164;209;0;15;0;0;17;24;0;3;5;19;21;-4.046985450424016
TRACK:218;200;207;0;4;2;5;2;24;22;-7.839730942612852;9;0;5;3;3;0;6;5;15;6;5;9;0;23;6.701392664400698;21;-3.9504314913032177
TRACK:219;200;207;0;0;2;3;5;21;-1.3917846788088326;0;5;22;3.633720079686689;3;24;9;0;1;16;9;0;23;6.551798075308588;21;-4.056336774877527
TRACK:220;210;-1;2;5;6;5;5;3;1;4;7;-4.961426835185031;4;5;6;14;5;2;4;6;0;3;0;23;6.6788507986857955;13;2;5;13;3;8;1;6;6;2;2;21;-2.599040190007809;14;6;16;3;6;3;0;12;8
TRACK:221;212;-1;0;4;2;0;9;16;5;2;18;22;2.469968205788502;0;5;3;3;4;22;2.661090718006205;0;23;6.653420363165192;21;-3.8747813065421775
TRACK:222;214;-1;0;0;2;3;5;21;-1.2940538203241503;0;5;22;3.599361220130294;3;24;13;0;1;16;9;0;23;6.613883180152393;2;0;6;9;6;20;-2.8446958486388763;0;6;12;4;12
TRACK:223;216;-1;0;0;4;15;2;9;8;0;0;17;24;0;23;6.841816398903741;21;-3.87874451121163
TRACK:224;218;-1;0;4;2;5;2;0;4;16;5;16;22;-7.919680438064813;9;0;5;3;3;0;6;5;15;6;5;9;0;23;6.792497627818882;21;-3.8325587881272756
TRACK:225;211;-1;0;5;3;1;4;2;4;5;2;16;13;5;20;1.7623083392364753;4;5;6;14;0;2;2;5;1;14;21;2.0760967627339113;4;4;25;4;6;0;3;0;13;13;2;5;13;3;8;0;23;6.535644795623727;21;-3.9856879611459526
TRACK:226;213;-1;0;0;4;15;4;22;2.5616061024578607;0;0;17;3;3;0;6;5;15;1;24;20;-7.386972045882412;0;23;6.7126176600915635;21;-4.127298222330697
TRACK:227;215;-1;2;5;6;3;12;5;2;4;6;0;3;16;2;5;13;3;8;1;6;6;2;2;21;-2.811751141372394;14;6;16;3;6;4;4;7;5.349329825504096
TRACK:228;217;-1;1;6;1;5;5;3;4;6;3;25;4;0;1;2;5;3;7;3.004431423887148;5;4;15;0;1;3;17;1;13;14;3;4;12;4;1;5;6;7;-9.51667905204512;5;1;18;10;5;4;2;0;6;2;5;0;19;20;-5.730531354650976;3;1;21;-5.263983818300408;14;0;1;3;0;21;6.633385183207729;19;2;3;22;3.928497425432507;2;16;12;4;6;3;17;2;6;2;6;6;16;2;6;22;2.777820196796643;3;22;2.027004537101867;2;5;2;1;10;25;6;17;4;1;1;17;7;-9.709036584638843;2;10;24
TRACK:229;219;-1;0;0;2;3;5;21;-1.2870858960457177;0;1;1;6;4;1;5;19;4;10;2;4;1;6;25;6;25;1;6;6;13;5;6;16;2;5;6;6;0;20;5.434725813627976;13;0;4;0;6;8;5;16;4;5;0;16;16;3;24;9;0;1;16;9;0;23;6.5343690976186535;21;-4.083730373729253
EVAL_INSTANCE:11:0:220
EVAL_INSTANCE:11:1:221
EVAL_INSTANCE:11:2:222
EVAL_INSTANCE:11:3:223
EVAL_INSTANCE:11:4:224
EVAL_INSTANCE:11:5:225
EVAL_INSTANCE:11:6:226
EVAL_INSTANCE:11:7:227
EVAL_INSTANCE:11:8:228
EVAL_INSTANCE:11:9:229
RUN_RESULT:11:0:0:2000:----
RUN_RESULT:11:1:0:3:LLD
RUN_RESULT:11:2:0:3:LLD
RUN_RESULT:11:3:0:3:DLL
RUN_RESULT:11:4:0:3:LLD
RUN_RESULT:11:5:0:3:DLL
RUN_RESULT:11:6:0:3:DLL
RUN_RESULT:11:7:0:3:DLL
RUN_RESULT:11:8:0:23:DLL
RUN_RESULT:11:9:0:3:DLL
    12 |      120 | -3.997000E+03 | -3.997000E+03
TRACK:230;186;209;0;0;2;3;5;21;-1.3906193195700425;0;5;22;3.6466356667613535;3;24;4;22;2.7534795057885137;0;0;4;14;24;0;23;6.585653490343435;21;-4.028651311162686
TRACK:231;186;209;0;0;4;15;4;14;0;0;17;24;0;3;5;2;3;5;21;-1.3906193195700425;0;5;22;3.6466356667613535;3;24;21;-4.046985450424016
TRACK:232;201;207;0;5;3;1;4;2;4;17;5;20;1.6850994081291588;4;5;16;0;2;2;5;1;14;21;2.0754205504839653;4;4;25;3;5;0;12;11;0;23;6.612726576146445;21;-3.924586363288571
TRACK:233;201;207;0;0;2;3;5;21;-1.3917846788088326;0;0;2;2;5;1;14;21;2.0754205504839653;4;4;25;3;5;0;12;11;0;23;6.612726576146445;21;-3.924586363288571;3;24;4;22;2.6712498444557315;0;1;16;9;0;23;6.551798075308588;21;-4.056336774877527
TRACK:234;221;209;0;19;0;5;3;3;4;22;2.661090718006205;0;23;6.653420363165192;21;-3.8747813065421775
TRACK:235;221;209;0;0;4;15;4;14;0;0;17;18;0;3;5;19;21;-4.046985450424016
TRACK:236;186;222;0;0;2;3;5;21;-1.3906193195700425;0;2;0;6;9;6;20;-2.8446958486388763;0;6;12;4;12;3;24;4;22;2.7534795057885137;0;0;17;24;0;23;6.585653490343435;21;-4.028651311162686
TRACK:237;186;222;0;0;2;3;5;21;-1.2940538203241503;0;5;22;3.599361220130294;3;24;13;0;1;16;9;0;23;6.613883180152393;2;0;6;9;6;20;-2.8446958486388763;0;6;12;4;3;24
TRACK:238;201;207;0;5;3;1;4;2;4;17;5;20;1.6850994081291588;22;3.633720079686689;0;2;2;5;1;14;21;2.0754205504839653;4;4;25;3;5;0;12;11;0;23;6.612726576146445;21;-3.924586363288571
TRACK:239;201;207;0;0;2;3;5;21;-1.3917846788088326;0;5;22;3.633720079686689;3;24;4;22;2.6712498444557315;0;1;16;9;17
TRACK:240;230;-1;0;0;2;3;5;4;2;3;3;20;7.332792469484168;3;0;19;24;0;5;22;3.6826409710373738;3;24;4;22;2.781358684061268;0;0;4;14;24;0;23;6.439641166850871;21;-4.065724638940593
TRACK:241;232;-1;0;5;4;2;0;6;3;5;5;21;-0.5791637911693144;3;0;0;0;9;18;2;9;17;0;1;20;2.4234762300720014;15;1;10;22;8.344590094699079;2;3;2;5;4;25;1;4;21;2.086433042381845;4;13;2;2;6;5;18;6;3;18;1;3;1;17;7;-0.6031761475825004;6;2;24;11;0;2;2;5;1;14;21;2.1267802173085175;4;4;25;3;5;0;12;11;0;23;6.4358901642289545;21;-3.9843777510782092
TRACK:242;234;-1;0;19;0;5;3;3;4;22;2.5480126686935565;6;18
TRACK:243;236;-1;0;0;2;3;5;21;-1.1251051923915227;0;2;0;6;9;6;20;-2.984033848006448;0;6;12;4;12;3;24;4;22;2.72531204231022;0;0;17;24;0;6;2;5;2;25;7;-4.019799099355062;4;0;19;10;21;-3.899800123700408
TRACK:244;201;-1;0;5;3;1;4;2;1;6;2;3;11;4;10;1;1;0;13;11;0;11;7;6.4141659308325245;6;6;11;5;20;1.4997735120046585;4;5;6;14;0;2;2;5;1;14;21;2.1091947118985916;4;4;25;3;5;0;12;11;0;23;6.738258305273497;21;-4.038438113008932
TRACK:245;231;-1;0;0;4;15;4;14;0;0;17;6;4;1;4;8;1;11;8;0;3;5;2;3;5;21;-1.5910840058426556;0;5;22;3.521520560129014;3;24;21;-4.179446341226563
TRACK:246;233;-1;0;0;2;3;5;21;-1.4979576063931779;0;0;2;2;5;1;14;21;1.8788671357522064;4;4;25;3;5;0;12;11;0;23;6.735850212542797;21;-4.017058687849643;3;24;4;22;2.486347417965254;6;1;6;0;4;15;4;15;5;1;2;13;9;5;24
TRACK:247;235;-1;0;0;4;15;4;14;3;14
TRACK:248;237;-1;0;0;2;3;5;21;-1.3704926643311492;0;5;22;3.76915963883662;3;24;13;0;1;16;9;0;23;6.5872275717028;2;0;6;9;6;20;-2.7720345828497845;0;3;18;4;3;24
TRACK:249;207;-1;0;0;2;3;5;21;-1.4571263482335763;0;5;22;3.5867526474055906;3;24;4;1;5;5;0;6;3;1;13;15;6;4;4;8;6;1;6;0;1;6;13;0;25;24;1;3;10;0;24;24;6;5;6;2;15;18;0;1;16;9;0;23;6.597854553345874;21;-4.025370048654481
EVAL_INSTANCE:12:0:240
EVAL_INSTANCE:12:1:241
EVAL_INSTANCE:12:2:242
EVAL_INSTANCE:12:3:243
EVAL_INSTANCE:12:4:244
EVAL_INSTANCE:12:5:245
EVAL_INSTANCE:12:6:246
EVAL_INSTANCE:12:7:247
EVAL_INSTANCE:12:8:248
EVAL_INSTANCE:12:9:249
RUN_RESULT:12:0:0:3:DLL
RUN_RESULT:12:1:0:3:DLL
RUN_RESULT:12:2:0:436:LLD
RUN_RESULT:12:3:0:3:DLL
RUN_RESULT:12:4:0:3:DLL
RUN_RESULT:12:5:0:3:LLD
RUN_RESULT:12:6:0:1850:DDRDDDDLUULULLLLURDRRRDRURUUUULLDDL
RUN_RESULT:12:7:0:23:DLL
RUN_RESULT:12:8:0:3:LLD
RUN_RESULT:12:9:0:3:LLD
    13 |      130 | -3.997000E+03 | -3.997000E+03
TRACK:250;222;200;0;0;2;3;5;21;-1.2940538203241503;3;3;0;6;5;15;6;5;9;13;0;1;16;9;0;23;6.613883180152393;2;0;6;9;6;20;-2.8446958486388763;0;6;12;4;12
TRACK:251;222;200;0;4;2;5;2;24;22;-7.839730942612852;5;2;18;22;2.636553999516799;0;5;3;0;6;9;6;20;-2.8446958486388763;0;23;6.701392664400698;21;-3.9504314913032177
TRACK:252;209;183;0;0;4;15;4;14;0;0;17;24;0;3;5;19;0;3;5;25;3;0;24;24
TRACK:253;209;183;0;0;4;15;4;3;4;1;1;0;3;13;4;18;6;2;9;16;0;4;14;3;0;24;24;0;0;17;24;0;23;6.671788839277237;21;-4.017965587659981
TRACK:254;221;201;0;4;2;0;9;16;5;2;18;22;2.469968205788502;0;5;3;3;4;22;2.661090718006205;0;23;6.653420363165192;4;25
TRACK:255;221;201;0;5;3;1;4;2;4;17;5;20;1.6850994081291588;4;5;6;14;0;2;16;3;5;0;12;11;0;23;6.612726576146445;21;-3.924586363288571
TRACK:256;222;200;0;0;2;3;5;21;-1.2940538203241503;0;5;22;3.599361220130294;3;24;5;2;24;22;-7.839730942612852;0;1;16;9;0;23;6.613883180152393;2;0;6;9;6;20;-2.8446958486388763;0;6;12;4;12
TRACK:257;222;200;0;4;2;5;2;24;22;-7.839730942612852;5;2;18;22;2.636553999516799;0;5;3;3;0;6;5;15;24;0;23;6.701392664400698;21;-3.9504314913032177
TRACK:258;183;209;0;0;4;15;4;3;4;1;1;0;3;13;4;18;6;2;9;16;0;3;5;25;3;0;24;24;0;0;17;24;0;23;6.671788839277237;0;0;4;15;4;14;0;0;17;24;0;3;5;19;21;-4.046985450424016
TRACK:259;183;209;0;0;4;15;24;0;0;17;24;0;3;5;19;21;-4.046985450424016
TRACK:260;250;-1;0;0;2;3;6;4;1;2;3;0;13;8;6;6;18;3;6;2;15;12;3;3;0;6;5;15;6;5;9;13;0;1;16;9;0;23;6.601946014493598;2;0;6;9;6;20;-2.823423269906385;0;6;12;4;12
TRACK:261;252;-1;3;2;3;5;6;4;6;1;5;3;16;2;0;12;9;1;10;14;1;6;4;2;4;3;2;1;15;24;2;7;6.087302955508338;9;0;1;1;6;24;0;13;23;-6.759891184236664;3;6;24;3;3;2;21;9.681296703579012;9;1;5;5;4;2;0;4;15;2;21;4.447711449861377;22;8.743276556658522;4;4;15;1;5;4;1;1;1;8;7;7.953894836925251;5;13;4;5;19;4;0;3;4;1;24;17;2;0;3;10;6;19;1;2;20;1.3900592311732787;17;3;24
TRACK:262;254;-1;0;4;2;0;9;16;5;2;18;22;2.5397863446750657;0;5;6;5;5;3;15;0;23;6.813303227674742;4;25
TRACK:263;256;-1;0;0;2;3;5;21;-1.3335560755285871;0;5;22;3.505511120607661;3;24;5;2;24;22;-7.90330906814502;0;1;16;9;0;23;6.717811439345955;2;0;6;9;6;3;4;4;25;0;6;12;4;12
TRACK:264;258;-1;5;25
TRACK:265;251;-1;0;4;2;5;2;24;22;-7.856171278301758;5;2;18;22;2.6099468990910806;0;5;3;0;6;9;6;20;-2.680509225385892;0;23;6.713777287836364;6;3;1;2;1;6;5;10;0;6;16;0;14;19;2;3;3;17;6;3;7;-8.472227797772113;6;0;5;0;8;10;1;0;23;-8.852115202748665;16;2;18;19
TRACK:266;253;-1;0;0;4;15;4;3;4;25;0;0;17;24;0;23;6.816609449046497;21;-3.9885999227820053
TRACK:267;255;-1;0;5;3;1;4;2;4;17;5;20;1.6399606659827097;4;5;6;14;0;2;16;3;5;0;12;11;0;6;14;21;-3.946276425561956
TRACK:268;257;-1;0;4;2;5;2;24;22;-7.9943620085119305;5;2;18;22;2.76099373599298;0;5;3;3;0;6;5;15;24;0;23;6.785728283331336;0;6;1;4;5;5;10;3;4;1;9;22;6.683633346954679;2;0;5;5;1;19;7;-2.7430140872924413;3;2;0;12;22;-7.169176801618626;0;16;21;-1.919226402152761;5;6;0;5;25;2;10;24
TRACK:269;259;-1;0;0;4;15;24;0;0;17;24;5;4;0;0;2;2;11;13;3;18;4;2;8;25;6;6;4;12
EVAL_INSTANCE:13:0:260
EVAL_INSTANCE:13:1:261
EVAL_INSTANCE:13:2:262
EVAL_INSTANCE:13:3:263
EVAL_INSTANCE:13:4:264
EVAL_INSTANCE:13:5:265
EVAL_INSTANCE:13:6:266
EVAL_INSTANCE:13:7:267
EVAL_INSTANCE:13:8:268
EVAL_INSTANCE:13:9:269
RUN_RESULT:13:0:0:23:DLL
RUN_RESULT:13:1:0:23:DLL
RUN_RESULT:13:2:0:2000:----
RUN_RESULT:13:3:0:3:LLD
RUN_RESULT:13:4:0:2000:----
RUN_RESULT:13:5:0:2000:----
RUN_RESULT:13:6:0:3:DLL
RUN_RESULT:13:7:0:3:DLL
RUN_RESULT:13:8:0:2000:----
RUN_RESULT:13:9:0:23:DLL
    14 |      140 | -3.997000E+03 | -3.997000E+03
TRACK:270;183;209;0;0;4;15;4;3;4;1;1;0;3;13;4;18;6;2;9;16;0;3;5;4;15;3;0;24;24;0;0;17;24;0;23;6.671788839277237;21;-4.017965587659981
TRACK:271;183;209;0;0;4;15;4;14;24
TRACK:272;201;221;0;5;3;1;4;2;4;17;5;20;1.6850994081291588;4;5;6;14;0;2;2;5;1;14;21;2.0754205504839653;4;4;22;2.469968205788502;3;5;0;12;11;0;23;6.612726576146445;21;-3.924586363288571
TRACK:273;201;221;0;4;2;0;9;16;5;2;18;22;2.469968205788502;0;17;0;23;6.653420363165192;21;-3.8747813065421775
TRACK:274;164;201;0;0;4;15;4;22;2.671480769337716;0;0;4;2;4;17;5;20;1.6850994081291588;24;0;23;6.6930108769282235;21;-4.00822701425311
TRACK:275;164;201;0;5;3;1;4;2;4;17;5;20;1.6850994081291588;4;5;6;14;0;2;2;5;1;14;21;2.0754205504839653;0;23;6.6930108769282235;21;-4.00822701425311;3;5;0;12;11;0;23;6.612726576146445;21;-3.924586363288571
TRACK:276;221;207;0;4;2;0;9;16;5;2;18;22;2.469968205788502;0;5;22;3.633720079686689;3;24
TRACK:277;221;207;0;0;2;3;5;21;-1.3917846788088326;0;5;22;3.633720079686689;3;24;4;22;2.6712498444557315;0;1;16;9;0;23;6.551798075308588;0;9;16
TRACK:278;164;186;0;0;4;15;4;22;2.671480769337716;0;0;2;3;5;21;-1.3906193195700425;0;5;22;3.6466356667613535;3;24;24;0;23;6.6930108769282235;21;-4.00822701425311
TRACK:279;164;186;0;0;2;3;5;4;22;2.671480769337716;0;5;22;3.6466356667613535;3;24;4;22;2.7534795057885137;0;0;17;24;0;23;6.585653490343435;21;-4.028651311162686
TRACK:280;270;-1;0;0;4;15;4;3;4;1;1;0;3;13;4;18;6;6;21;-5.820209705102341;0;3;5;4;15;3;0;24;24;0;0;17;24;0;23;6.617014416645945;21;-3.8353755336065873
TRACK:281;272;-1;0;5;3;1;4;2;3;14;3;19;4;5;6;14;0;2;2;5;1;14;21;1.8956550360494542;4;4;22;2.5646170627186513;3;5;0;12;11;0;23;6.635039548284962;21;-3.980321344149969
TRACK:282;274;-1;0;0;4;15;4;22;2.657882207282065;0;0;1;2;6;2;2;2;8;15;3;11;2;5;19;6;20;2.9914363163966335;2;6;3;5;7;-2.209557810242413;5;2;2;14;13;2;23;8.682784247968765;8;0;0;6;5;4;7;3.3234283461232508;3;0;3;18;3;7;6.993288674503621;2;6;6;4;10;5;2;2;20;1.9304109035056385;11;5;12;24;0;23;6.730651345084193;21;-4.090089699597437
TRACK:283;276;-1;0;1;4;23;-6.577048608203288;0;11;20;-6.618374481075515;0;5;22;3.705337497091396;3;24
TRACK:284;278;-1;0;0;4;15;4;22;2.6555173962850978;0;0;2;3;5;21;-1.3182557356584732;0;5;5;18;3;24;24;0;23;6.731658913205321;21;-4.072129648111474
TRACK:285;271;-1;0;0;4;2;6;0;4;16;4;21;-5.96179884337081;5;0;2;20;9.496854696682526;21;7.298568220000924;4;7;-5.784611965312414;4;14;24
TRACK:286;273;-1;0;4;2;0;9;16;5;2;18;22;2.6374184453223277;0;17;0;23;6.644409685641703;6;3;9
TRACK:287;275;-1;0;6;3;0;4;0;5;18;2;12;16;1;3;0;22;0.23856281836852133;9;0;1;17;7;-1.9485842391603025;3;17;0;2;2;5;1;14;21;1.9879682798300256;0;23;6.599385542581973;21;-3.857447938414828;3;5;0;12;11;0;23;6.577358473053218;21;-3.7389690323656453
TRACK:288;277;-1;0;0;2;3;5;21;-1.3592791406515783;0;5;22;3.6439957523568083;3;24;4;22;2.682673844998417;0;1;16;9;0;23;6.587458712296621;3;2;4;2;15;19;3;1;9;9
TRACK:289;279;-1;0;0;2;3;5;4;22;2.509603539953405;0;5;22;3.6757607579003344;3;3;2;0;6;10;4;23;-4.680588319765788;6;0;16;21;-5.674598147111139;4;22;2.8053635709823204;0;0;17;24;0;23;6.596059567715983;21;-4.052825102152317
EVAL_INSTANCE:14:0:280
EVAL_INSTANCE:14:1:281
EVAL_INSTANCE:14:2:282
EVAL_INSTANCE:14:3:283
EVAL_INSTANCE:14:4:284
EVAL_INSTANCE:14:5:285
EVAL_INSTANCE:14:6:286
EVAL_INSTANCE:14:7:287
EVAL_INSTANCE:14:8:288
EVAL_INSTANCE:14:9:289
RUN_RESULT:14:0:0:3:DLL
RUN_RESULT:14:1:0:4:LLD
RUN_RESULT:14:2:0:3:DLL
RUN_RESULT:14:3:0:77:DLL
RUN_RESULT:14:4:0:3:DLL
RUN_RESULT:14:5:0:23:DLL
RUN_RESULT:14:6:0:23:DLL
RUN_RESULT:14:7:0:2000:----
RUN_RESULT:14:8:0:2000:----
RUN_RESULT:14:9:0:2000:----
    15 |      150 | -3.997000E+03 | -3.997000E+03
TRACK:290;183;189;0;0;4;15;4;3;4;1;1;0;3;13;5;13;6;2;9;16;0;3;5;25;3;0;24;24;0;0;17;24;0;23;6.671788839277237;21;-4.017965587659981
TRACK:291;183;189;2;5;6;5;5;3;1;4;7;-4.910141585590574;4;5;6;14;5;2;4;6;0;3;0;13;13;2;5;13;3;8;1;6;4;18;3;6;4;4;7;5.569201128080643
TRACK:292;201;164;0;5;3;1;4;2;4;17;5;20;1.6850994081291588;4;5;6;14;0;2;2;5;0;4;15;4;22;2.671480769337716;4;4;25;3;5;0;12;11;0;23;6.612726576146445;21;-3.924586363288571
TRACK:293;201;164;0;0;4;1;14;21;2.0754205504839653;4;22;2.671480769337716;0;0;17;24;0;23;6.6930108769282235;21;-4.00822701425311
TRACK:294;200;186;0;4;2;5;2;24;4;22;2.7534795057885137;5;2;18;22;2.636553999516799;0;5;3;3;0;6;5;15;6;5;9;0;23;6.701392664400698;21;-3.9504314913032177
TRACK:295;200;186;0;0;2;3;5;21;-1.3906193195700425;5;2;18;22;2.636553999516799;4;22;2.7534795057885137;0;0;17;24;0;23;6.585653490343435;21;-4.028651311162686
TRACK:296;209;183;0;0;4;15;4;14;0;0;17;0;24;24;0;3;5;19;21;-4.046985450424016
TRACK:297;209;183;0;0;4;15;4;3;4;1;1;0;3;13;4;18;6;2;9;16;0;3;5;25;3;0;24;24;0;0;17;0;4;15;4;14;0;23;6.671788839277237;21;-4.017965587659981
TRACK:298;221;222;0;4;2;0;9;16;5;2;18;22;2.469968205788502;0;5;3;3;4;22;2.661090718006205;0;23;6.653420363165192;13
TRACK:299;221;222;0;0;2;3;5;21;-1.2940538203241503;0;5;22;3.599361220130294;3;24;2;0;9;16;5;2;18;22;2.469968205788502;0;1;16;9;0;23;6.613883180152393;2;0;6;9;6;20;-2.8446958486388763;0;6;12;4;12
TRACK:300;290;-1;0;0;4;15;4;3;2;0;5;4;20;4.442988680688911;0;2;14;17;4;10;0;2;1;15;22;-1.4235064504880306;4;16;0;5;14;4;14;0;0;17;24;0;23;6.727418244374063;21;-3.9468604360322024
TRACK:301;292;-1;0;5;3;1;4;2;4;17;5;20;1.6830680107626512;4;5;6;14;0;2;2;5;0;4;15;4;22;2.7222709010250634;4;4;25;3;5;0;12;11;3;5;5;1;5;6;4;0;18;10;3;3;5;2;14;18
TRACK:302;294;-1;0;4;2;5;2;24;4;22;2.7631530592304077;5;2;18;22;2.5238403776822422;0;5;3;3;0;6;5;15;5;7;-3.6135390968205243;0;23;6.606549899216186;21;-3.8484209942515593
TRACK:303;296;-1;0;6;0;25;9;0;0;17;0;24;24;0;3;5;19;21;-4.053902872109536
TRACK:304;221;-1;0;4;2;0;9;2;3;5;5;0;8;9;0;3;4;4;17;0;3;5;14;4;0;11;18;5;2;18;22;2.526669910661075;0;5;3;3;4;22;2.681840320164976;0;23;6.597803199022769;21;-3.8452679961053295
TRACK:305;291;-1;2;5;6;5;5;3;1;4;2;23;1.293929644640171;7;2.901353448215927;4;5;6;14;5;2;4;6;0;3;0;13;13;2;5;13;3;8;1;6;4;18;3;6;4;4;7;5.4174031166035395
TRACK:306;293;-1;0;0;4;1;14;21;1.9092380896204555;4;22;2.7564497165119213;0;5;5;0;4;7;9.59913053011438;1;9;12;0;23;6.836833972324575;21;-3.9180938375035304
TRACK:307;295;-1;0;0;2;3;5;21;-1.383821894161058;5;2;18;22;2.677464464443852;4;22;2.816875813192396;0;0;17;24;0;23;6.734584561816664;3;6;5;3;2;25;20;-2.814490351289056
TRACK:308;297;-1;0;0;4;15;4;3;4;1;1;0;3;13;4;18;6;2;9;16;0;3;5;25;3;0;24;24;0;0;17;1;6;3;4;6;10;6;2;4;4;16;2;4;8;3;11;0;23;6.697570265712531;21;-4.0899009084055375
TRACK:309;222;-1;0;3;6;6;25;0;1;16;9;0;23;6.65279453885925;2;0;6;9;6;20;-2.840622017240314;0;6;12;4;12
EVAL_INSTANCE:15:0:300
EVAL_INSTANCE:15:1:301
EVAL_INSTANCE:15:2:302
EVAL_INSTANCE:15:3:303
EVAL_INSTANCE:15:4:304
EVAL_INSTANCE:15:5:305
EVAL_INSTANCE:15:6:306
EVAL_INSTANCE:15:7:307
EVAL_INSTANCE:15:8:308
EVAL_INSTANCE:15:9:309
RUN_RESULT:15:0:0:3:DLL
RUN_RESULT:15:1:0:22:DLL
RUN_RESULT:15:2:0:3:DLL
RUN_RESULT:15:3:0:3:DLL
RUN_RESULT:15:4:0:3:LLD
RUN_RESULT:15:5:0:23:DLL
RUN_RESULT:15:6:0:3:DLL
RUN_RESULT:15:7:0:2000:----
RUN_RESULT:15:8:0:3:DLL
RUN_RESULT:15:9:0:2000:----
    16 |      160 | -3.997000E+03 | -3.997000E+03
TRACK:310;200;183;0;4;2;5;2;24;22;-7.839730942612852;5;2;18;22;2.636553999516799;0;5;3;3;0;3;5;25;6;5;9;0;23;6.701392664400698;21;-3.9504314913032177
TRACK:311;200;183;0;0;24;4;3;4;1;1;0;3;13;4;18;6;2;9;16;0;3;5;25;3;0;24;24;0;0;17;24;0;23;6.671788839277237;21;-4.017965587659981
TRACK:312;201;189;0;5;3;1;4;2;4;17;5;20;1.6850994081291588;4;5;13;0;2;2;5;1;14;21;2.0754205504839653;4;4;25;3;5;0;12;11;0;23;6.612726576146445;21;-3.924586363288571
TRACK:313;201;189;2;5;6;5;5;3;1;4;7;-4.910141585590574;4;5;6;14;5;0;12;11
TRACK:314;164;209;0;0;4;0;4;15;4;14;4;22;2.671480769337716;0;0;17;24;0;23;6.6930108769282235;21;-4.00822701425311
TRACK:315;164;209;0;0;4;15;4;14;0;17;24
TRACK:316;186;207;0;2;3;5;21;-1.3917846788088326;0;5;22;3.633720079686689;3;24;0;0;17;24;0;23;6.585653490343435;21;-4.028651311162686
TRACK:317;186;207;0;0;2;3;5;21;-1.3917846788088326;0;5;22;3.633720079686689;3;24;4;22;2.6712498444557315;0;1;16;9;0;23;6.585653490343435;21;-4.056336774877527
TRACK:318;201;189;0;5;3;1;4;2;4;17;5;20;1.6850994081291588;4;5;6;14;0;2;2;5;1;14;21;2.0754205504839653;4;4;21;-2.7326937968266325;3;5;0;12;11;0;23;6.612726576146445;21;-3.924586363288571
TRACK:319;201;189;2;5;6;5;5;3;1;4;7;-4.910141585590574;4;5;6;14;5;2;21;-3.924586363288571;1;6;6;2;2;21;-2.7326937968266325;14;6;16;3;6;4;4;7;5.569201128080643
TRACK:320;310;-1;5;24
TRACK:321;312;-1;0;5;3;1;4;6;0;1;1;2;12;22;9.492686824565755;6;7;6.985827516143971;2;3;25;5;8;5;2;3;16;2;25;11;4;5;13;0;2;2;5;1;14;21;2.098905721040926;4;4;25;3;5;0;12;11;0;23;6.585505955847817;21;-3.8648028160141146
TRACK:322;314;-1;1;0;3;1;4;2;9;8;2;1;8;21;-6.170019000979456;6;24;1;5;6;1;18;20;6.20872632593867;6;4;3;12;2;2;1;5;1;7;-5.888489863374491;14;5;0;7;-9.994449726706456;20;-3.733921905668984;6;4;4;12;1;1;1;0;11;7;7.975726842624784;6;20;5.54361518555789;1;0;12;20;-7.577022967064435;4;19;5;3;3;15
TRACK:323;186;-1;0;0;2;3;5;2;21;-1.9342839398845513;12;0;5;22;3.413117402637293;3;24;4;22;2.7827032984782627;0;0;17;24;0;23;6.6432226775189145;21;-4.146673998168913
TRACK:324;318;-1;0;5;3;1;4;2;4;17;5;20;1.6143890774343819;4;5;6;14;0;2;2;5;1;14;21;2.019504011446847;4;0;1;0;6;11;3;14;2;0;8;8;0;19;9;4;3;6;9;3;5;0;12;11;0;23;6.636812001019814;21;-3.870337392508428
TRACK:325;311;-1;0;0;24;4;3;4;1;1;0;5;19;4;18;6;2;9;16;0;3;5;25;3;0;24;24;0;0;17;24;0;23;6.6198381274080385;21;-4.029721865104662
TRACK:326;313;-1;2;5;6;5;5;3;6;23;7.77346734827692;5;0;12;11
TRACK:327;315;-1;0;0;4;15;4;3;15;0;17;24
TRACK:328;207;-1;0;0;2;3;5;21;-1.4347040299448095;0;5;22;3.567321377156013;3;24;4;4;21;6.77335112892154;0;1;16;9;0;23;6.700040203168731;21;-4.009563627541918
TRACK:329;319;-1;2;5;6;5;5;3;1;4;7;-4.685734715358234;4;5;6;14;5;2;21;-3.985593977006702;1;6;3;25;3;6;4;4;7;5.549226164108447
EVAL_INSTANCE:16:0:320
EVAL_INSTANCE:16:1:321
EVAL_INSTANCE:16:2:322
EVAL_INSTANCE:16:3:323
EVAL_INSTANCE:16:4:324
EVAL_INSTANCE:16:5:325
EVAL_INSTANCE:16:6:326
EVAL_INSTANCE:16:7:327
EVAL_INSTANCE:16:8:328
EVAL_INSTANCE:16:9:329
RUN_RESULT:16:0:0:23:DLL
RUN_RESULT:16:1:0:3:DLL
RUN_RESULT:16:2:0:23:DLL
RUN_RESULT:16:3:0:3:DLL
RUN_RESULT:16:4:0:3:DLL
RUN_RESULT:16:5:0:3:DLL
RUN_RESULT:16:6:0:23:DLL
RUN_RESULT:16:7:0:23:DLL
RUN_RESULT:16:8:0:3:LLD
RUN_RESULT:16:9:0:2000:----
    17 |      170 | -3.997000E+03 | -3.997000E+03
TRACK:330;209;200;0;0;4;15;4;14;0;0;17;24;6;5;15
TRACK:331;209;200;0;4;2;5;2;24;22;-7.839730942612852;5;2;18;22;2.636553999516799;0;5;3;3;0;5;19;6;5;9;0;23;6.701392664400698;21;-3.9504314913032177
TRACK:332;222;164;0;0;2;3;5;21;-1.2940538203241503;0;5;22;3.599361220130294;3;24;13;0;1;16;22;2.671480769337716;0;23;6.613883180152393;2;0;6;9;6;20;-2.8446958486388763;0;6;12;4;12
TRACK:333;222;164;0;0;4;15;4;24;0;0;17;24;0;23;6.6930108769282235;21;-4.00822701425311
TRACK:334;189;222;2;5;6;5;5;3;1;4;7;-4.910141585590574;4;5;6;14;5;2;4;6;0;3;0;13;13;2;5;13;3;8;1;6;1;16;9;3;6;4;4;7;5.569201128080643
TRACK:335;189;222;0;0;2;3;5;21;-1.2940538203241503;0;4;5;6;14;3;24;13;0;1;16;9;0;23;6.613883180152393;2;0;6;9;6;20;-2.8446958486388763;0;6;12;4;12
TRACK:336;189;183;2;5;6;5;5;3;1;4;7;-4.910141585590574;4;5;6;14;5;2;4;6;0;3;0;13;13;2;5;13;3;8;1;6;6;2;2;21;-2.7326937968266325;0;24;24;6;16;3;6;4;4;7;5.569201128080643
TRACK:337;189;183;0;0;4;15;4;3;4;1;1;0;3;13;4;18;6;2;9;16;4;4;7;5.569201128080643;0;0;17;24;0;23;6.671788839277237;21;-4.017965587659981
TRACK:338;200;207;0;4;2;5;2;24;22;-7.839730942612852;5;2;18;2;3;5;21;-1.3917846788088326;0;5;22;3.633720079686689;3;24;0;5;3;3;0;6;5;15;6;5;9;0;23;6.701392664400698;21;-3.9504314913032177
TRACK:339;200;207;0;0;2;3;5;21;-1.3917846788088326;0;5;22;3.633720079686689;3;24;4;22;2.6712498444557315;0;1;16;9;2;5;2;24;22;-7.839730942612852;5;2;18;22;2.636553999516799
TRACK:340;330;-1;0;0;4;15;4;14;0;0;5;3;4;5;0;9;22;2.5005289541781934;24;6;5;15
TRACK:341;222;-1;0;0;2;3;5;21;-1.224453714351745;0;5;22;3.614702354364442;0;5;1;4;5;6;25;1;5;4;12;4;0;13;9;0;5;0;0;5;11;2;15;24;0;1;11;10;0;14;9;3;5;0;5;25;5;19;13;0;1;16;9;0;23;6.795663036123882;2;0;6;9;6;20;-2.932748446620797;0;6;12;4;12
TRACK:342;334;-1;2;5;6;5;5;3;1;4;7;-4.941374908531417;4;5;6;14;5;2;4;6;0;3;0;13;13;2;5;13;3;8;1;21;0.25911637595028836;10
TRACK:343;336;-1;2;5;6;5;5;3;1;5;5;1;22;9.927285910203778;8;4;5;6;14;5;2;4;6;0;3;0;13;13;2;5;13;3;8;1;6;6;2;2;21;-2.7168827132545386;0;24;24;6;16;3;6;4;4;7;5.477290142812102
TRACK:344;338;-1;0;4;2;5;2;24;22;-7.879507456410392;5;2;18;2;3;5;21;-1.417648117583684;0;5;22;3.631023449260048;3;24;0;5;3;3;0;6;5;15;1;2;19;11;3;8;0;23;6.7547487328625335;21;-3.8741512858553047
TRACK:345;331;-1;0;4;2;5;2;24;22;-7.82132232985024;5;2;18;22;2.5116078987578345;0;5;3;3;0;5;19;6;5;9;0;23;6.742128279160615;0;3;0;24;11;3;0;20;-3.4102716439658787;7;-4.411483486542074
TRACK:346;164;-1;0;0;4;15;4;22;2.7532438534575174;0;0;17;24;0;23;6.679441395506967;3;0;0;1;13;25;6;8;0;5;18;2;12;12
TRACK:347;335;-1;0;0;2;3;5;21;-1.3221698147251337;0;4;5;6;14;3;24;13;0;1;16;9;0;23;6.595491210431875;2;0;6;9;0;2;5;5;15;4;3;16;3;5;5;15;0;6;12;4;12
TRACK:348;337;-1;0;0;4;15;4;3;4;1;1;0;3;13;4;18;6;2;5;14;16;4;4;7;5.440192909486043;0;0;17;24;0;23;6.470778187193203;21;-4.050960403201086
TRACK:349;339;-1;0;0;2;3;5;3;4;2;14;15;0;5;22;3.572800820321171;3;24;4;22;2.6411205600167325;0;1;16;9;2;5;2;24;22;-7.709077475876259;5;2;18;22;2.6614118179554502
EVAL_INSTANCE:17:0:340
EVAL_INSTANCE:17:1:341
EVAL_INSTANCE:17:2:342
EVAL_INSTANCE:17:3:343
EVAL_INSTANCE:17:4:344
EVAL_INSTANCE:17:5:345
EVAL_INSTANCE:17:6:346
EVAL_INSTANCE:17:7:347
EVAL_INSTANCE:17:8:348
EVAL_INSTANCE:17:9:349
RUN_RESULT:17:0:0:77:DLL
RUN_RESULT:17:1:0:3:LLD
RUN_RESULT:17:2:0:3:DLL
RUN_RESULT:17:3:0:3:DLL
RUN_RESULT:17:4:0:3:DLL
RUN_RESULT:17:5:0:23:DLL
RUN_RESULT:17:6:0:27:DLL
RUN_RESULT:17:7:0:3:DLL
RUN_RESULT:17:8:0:3:DLL
RUN_RESULT:17:9:0:77:DLL
    18 |      180 | -3.997000E+03 | -3.997000E+03
TRACK:350;183;201;0;0;4;15;4;3;4;1;1;0;3;13;4;18;6;21;-3.924586363288571;0;3;5;25;3;0;24;24;0;0;17;24;0;23;6.671788839277237;21;-4.017965587659981
TRACK:351;183;201;0;5;3;1;4;2;4;17;5;20;1.6850994081291588;4;5;6;14;0;2;2;5;1;14;21;2.0754205504839653;4;4;25;24;0;23;6.612726576146445;21;-3.924586363288571
TRACK:352;221;189;0;4;2;0;9;16;5;2;18;22;2.469968205788502;0;5;3;3;6;2;2;21;-2.7326937968266325;14;6;16;0;23;6.653420363165192;21;-3.8747813065421775
TRACK:353;221;189;2;5;6;5;5;3;1;4;7;-4.910141585590574;4;5;6;14;5;2;4;6;0;3;0;13;13;3;3;4;22;2.661090718006205;1;6;6;2;2;21;-2.7326937968266325;14;6;16;3;6;4;4;7;5.569201128080643
TRACK:354;164;221;0;0;16;4;22;2.671480769337716;0;0;17;24;0;23;6.6930108769282235;21;-4.00822701425311
TRACK:355;164;221;0;4;2;0;9;16;5;2;18;22;2.469968205788502;0;5;3;3;4;23;6.6930108769282235;0;23;6.653420363165192;21;-3.8747813065421775
TRACK:356;207;209;0;0;2;3;5;21;-1.3917846788088326;0;5;22;3.633720079686689;3;24;4;22;2.6712498444557315;0;0;0;17;24;0;3;5;19;21;-4.046985450424016;0;23;6.551798075308588;21;-4.056336774877527
TRACK:357;207;209;0;0;4;15;4;14;0;0;17;24;0;3;5;19;24
TRACK:358;201;186;0;5;3;1;4;2;4;17;5;20;1.6850994081291588;4;5;6;14;0;2;2;5;1;14;21;2.0754205504839653;4;4;25;3;5;0;12;11;0;0;0;2;3;5;21;-1.3906193195700425;0;5;22;3.6466356667613535;3;24;4;22;2.7534795057885137;0;0;17;24;0;23;6.585653490343435;21;-4.028651311162686;21;-3.924586363288571
TRACK:359;201;186;0;0;2;3;5;23;6.612726576146445;0;5;22;3.6466356667613535;3;24;4;22;2.7534795057885137;0;0;17;24;0;23;6.585653490343435;21;-4.028651311162686
TRACK:360;183;-1;0;0;4;15;4;3;4;1;1;0;3;13;4;4;12;6;2;9;16;0;3;5;25;3;0;24;24;0;0;17;24;0;23;6.6285566119242025;21;-4.069173866077409
TRACK:361;352;-1;0;4;3;3;0;0;6;6;6;15;1;6;1;11;21;9.507072069520422;2;6;17;1;19;22;-5.410508647217;3;1;0;5;16;3;7;6.295336334904352;6;1;18;17;0;5;3;3;6;2;2;21;-2.6346053056624434;14;6;16;0;23;6.577910624351985;21;-3.709565814751541
TRACK:362;164;-1;0;0;4;15;4;22;2.7188458544419176;0;0;17;24;0;23;6.639962345616591;2;4;6;3;4;3;18;5;1;3;0;0;24;12;1;18;9;0;6;5;9;5;0;24;9
TRACK:363;356;-1;0;0;2;3;5;21;-1.4067501832815512;0;5;22;3.5214140606679045;3;24;4;22;2.654779388670747;0;0;0;17;0;5;2;4;17;6;10;1;3;2;20;6.452508096979383;10;2;5;24;2;22;3.654155502511651;14;0;3;5;19;21;-3.93065963276726;0;23;6.4446343508323105;21;-3.981667907141096
TRACK:364;358;-1;0;5;3;1;4;2;4;17;5;20;1.8050470945715686;4;5;6;14;0;2;2;5;1;14;21;1.9330872376105828;4;4;25;3;5;3;5;5;5;1;17;8;0;0;0;2;3;5;21;-1.387497797258489;0;5;22;3.6103565305984984;3;24;4;22;2.786739542764944;0;0;17;24;0;23;6.6060564962339265;21;-3.8011816161278165;21;-3.9266693092260527
TRACK:365;201;-1;0;5;3;1;4;2;4;17;5;20;1.606533407963731;4;5;6;14;0;2;2;5;1;14;21;1.9967053859118475;4;0;2;6;12;2;20;8.202331710384065;21;1.8221533714470937;6;1;8;23;-1.4132569672465003;3;5;0;12;11;0;23;6.486298095678933;21;-3.929849134100507
TRACK:366;353;-1;2;5;6;5;5;3;1;4;7;-4.928970253206732;4;5;6;14;5;2;4;6;1;6;1;4;0;20;-2.9264892434706136;23;-9.32158140917525;2;5;13;4;13;0;6;1;4;7;-5.487038178977894;6;25;5;3;4;9;1;6;6;2;2;21;-2.792350387003436;14;6;16;3;6;4;4;7;5.432681946614986
TRACK:367;221;-1;0;4;2;0;9;16;5;2;18;22;2.3697345080822556;0;5;6;5;1;4;2;6;18;1;10;23;-0.5457508310752957;4;4;2;12;21;-9.221927822882938;0;23;6.828329099641542;21;-3.983557827182115
TRACK:368;357;-1;0;0;4;15;4;14;0;0;17;24;0;3;5;3;11;24
TRACK:369;359;-1;0;0;2;3;5;4;2;0;1;22;-9.703636708681305;21;-6.870244525456282;6;7;8.173288702007213;3;5;8;0;5;22;3.5709560652559156;3;24;4;22;2.8394620511347353;0;0;17;24;0;23;6.589559052894364;21;-3.921533625335843
EVAL_INSTANCE:18:0:360
EVAL_INSTANCE:18:1:361
EVAL_INSTANCE:18:2:362
EVAL_INSTANCE:18:3:363
EVAL_INSTANCE:18:4:364
EVAL_INSTANCE:18:5:365
EVAL_INSTANCE:18:6:366
EVAL_INSTANCE:18:7:367
EVAL_INSTANCE:18:8:368
EVAL_INSTANCE:18:9:369
RUN_RESULT:18:0:0:3:DLL
RUN_RESULT:18:1:0:3:DLL
RUN_RESULT:18:2:0:91:DLL
RUN_RESULT:18:3:0:3:DLL
RUN_RESULT:18:4:0:3:DLL
RUN_RESULT:18:5:0:3:DLL
RUN_RESULT:18:6:0:3:DLL
RUN_RESULT:18:7:0:3:DLL
RUN_RESULT:18:8:0:23:DLL
RUN_RESULT:18:9:0:3:DLL
    19 |      190 | -3.997000E+03 | -3.997000E+03
TRACK:370;222;221;0;0;2;3;5;21;-1.2940538203241503;0;5;22;3.599361220130294;3;24;13;0;1;16;9;0;23;6.613883180152393;2;0;6;9;6;20;-2.8446958486388763;0;6;12;22;2.469968205788502
TRACK:371;222;221;0;4;6;9;0;5;3;3;4;22;2.661090718006205;0;23;6.653420363165192;21;-3.8747813065421775
TRACK:372;189;200;2;5;6;5;5;3;1;4;7;-4.910141585590574;18;5;2;4;6;0;3;0;13;13;2;5;13;3;8;1;6;6;2;2;21;-2.7326937968266325;14;6;16;3;6;4;4;7;5.569201128080643
TRACK:373;189;200;0;4;2;5;2;24;22;-7.839730942612852;5;2;18;22;2.636553999516799;0;5;6;14;0;23;6.701392664400698;21;-3.9504314913032177
TRACK:374;186;186;0;0;0;2;3;5;21;-1.3906193195700425;0;5;22;3.6466356667613535;3;24;4;22;2.7534795057885137;0;0;17;24;0;23;6.585653490343435;21;-4.028651311162686;0;0;17;24;0;23;6.585653490343435;21;-4.028651311162686
TRACK:375;186;186;0;0;2;3;5;21;-1.3906193195700425;0;5;22;3.6466356667613535;0;2;3;5;21;-1.3906193195700425;0;5;22;3.6466356667613535;3;24;4;22;2.7534795057885137;4;22;2.7534795057885137;0;0;17;24;0;23;6.585653490343435;21;-4.028651311162686
TRACK:376;209;200;0;0;4;9;4;14;0;0;17;24;0;3;5;19;21;-4.046985450424016
TRACK:377;209;200;0;4;2;5;2;24;22;-7.839730942612852;5;2;18;22;2.636553999516799;0;5;3;3;0;6;5;4;15;6;5;9;0;23;6.701392664400698;21;-3.9504314913032177
TRACK:378;164;201;0;0;4;15;2;5;1;14;21;2.0754205504839653;4;4;25;0;0;17;24;0;23;6.6930108769282235;21;-4.00822701425311
TRACK:379;164;201;0;5;4;15;0;2;2;5;1;14;21;2.0754205504839653;4;4;25;3;5;0;12;11;0;23;6.612726576146445;21;-3.924586363288571
TRACK:380;370;-1;0;0;2;3;5;21;-1.2507593611093593;0;5;22;3.581872583151213;3;24;13;0;1;16;9;0;23;6.654266653166215;2;4;1;4;22;-3.3797888384137647;4;23;-0.37608492652974057;0;6;12;22;2.6825498120082725
TRACK:381;372;-1;2;5;6;5;5;3;1;4;7;-4.831493431195759;18;5;2;4;6;0;3;0;13;13;2;5;13;3;8;4;4;0;16;18
TRACK:382;374;-1;0;0;0;2;5;4;6;5;3;1;14;9;0;6;3;2;2;0;24;15;0;21;-8.331573478372379;17;4;5;20;-1.7541903307590285;4;3;6;3;1;17;18;4;22;2.824992084588746;0;0;17;24;0;23;6.458136525822491;21;-4.12050707861437;0;0;17;24;0;23;6.583094509322222;21;-4.236117606409089
TRACK:383;376;-1;0;0;4;9;4;14;0;0;17;24;0;3;5;0;2;15;22;-8.613097715962322;3;24;21;-3.9535111491402466
TRACK:384;378;-1;0;0;4;4;0;6;6;6;0;12;20;3.3411972497739306;0;5;3;6;12;4;1;3;15;4;9;2;5;1;14;21;1.9680383449507086;4;4;25;0;0;17;24;0;23;6.636351135894675;21;-4.147437378257301
TRACK:385;371;-1;0;4;6;9;0;5;6;4;0;0;4;9;4;23;-1.8442519485050983;6;4;22;-9.72716501606043;0;23;6.730948933367571;21;-3.910434030952616
TRACK:386;373;-1;0;4;2;5;2;24;22;-7.788305547341177;5;2;18;22;2.71653400801349;0;5;6;14;0;6;2;2;2;6;21;0.25174775171682207;6;24;2;0;14;13;2;13;9;1;1;1;19;23;-4.707096440323719;3;15;3;0;23;0.4880749701149476;18;21;-4.11928261436574
TRACK:387;375;-1;0;0;2;3;5;21;-1.302744180559237;0;5;22;3.5845851688780925;0;2;3;5;21;-1.4081865476081372;0;5;22;3.6332969482522914;3;24;4;0;25;19;4;22;2.794163814035873;0;0;17;24;0;23;6.607298791057787;21;-4.022162548459511
TRACK:388;377;-1;0;4;2;2;4;6;25;0;0;21;-3.474461825131492;24;0;10;21;1.909809793880214;5;2;18;22;2.74834653713742;0;5;3;3;0;6;5;4;15;6;5;9;0;23;6.668527198311156;21;-3.9032056205493406
TRACK:389;379;-1;0;5;4;4;6;23;-4.81515657000033;0;2;2;5;1;14;21;1.9067593684752449;4;4;25;3;5;0;12;11;0;23;6.674376384498732;21;-3.7484495232831403
EVAL_INSTANCE:19:0:380
EVAL_INSTANCE:19:1:381
EVAL_INSTANCE:19:2:382
EVAL_INSTANCE:19:3:383
EVAL_INSTANCE:19:4:384
EVAL_INSTANCE:19:5:385
EVAL_INSTANCE:19:6:386
EVAL_INSTANCE:19:7:387
EVAL_INSTANCE:19:8:388
EVAL_INSTANCE:19:9:389
RUN_RESULT:19:0:0:2000:----
RUN_RESULT:19:1:0:23:DLL
RUN_RESULT:19:2:0:3:DLL
RUN_RESULT:19:3:0:3:LLD
RUN_RESULT:19:4:0:3:DLL
RUN_RESULT:19:5:0:3:DLL
RUN_RESULT:19:6:0:3:DLL
RUN_RESULT:19:7:0:3:DLL
RUN_RESULT:19:8:0:3:DLL
RUN_RESULT:19:9:0:3:DLL
    20 |      200 | -3.997000E+03 | -3.997000E+03
TRAINING ON LEVEL:26
of 184 levels
---LEVEL STRING---
__________
_.ssss.s._
_..ss.fv._
_...as.v._
_.F12.A.._
_.....1.._
_.....3.._
_.ggg...._
_.s......_
__________
---LEVEL STRING---
training done.
The time of execution is: 65.95122599601746 s

TRAINING DONE


-----!!!NEW PROBLEM!!!-----


START TESTING

LEVEL:0:______\n_K.2._\n_kSF._\n_bB1._\n_..fR_\n_1..._\n_3.r._\n_251O_\n_s.31_\n_o..2_\n______
LEVEL:1:________\n_......_\n_......_\n_.Sb.s._\n_.1..s._\n_.4b..1_\n_B12..3_\n_......_\n________
LEVEL:2:____________\n_.........._\n_.r....f..._\n_.....bssss_\n_.R.......F_\n_B1..f..b.1_\n_AO........_\n_.rssssssss_\n_.........F_\n_ss...R...1_\n_....B12W.3_\n_oS14...1.._\n____________
LEVEL:3:__________\n_F13....G_\n_..R15a.1_\n_.......0_\n_a.A.b.a._\n_....a..._\n_B....ggg_\n_1.a.ag.a_\n_2....g.f_\n__________
LEVEL:4:__________\n_.....B12_\n_.W......_\n_.1wwwww._\n_.6wf..w._\n_..w..kw._\n_F.wwwww._\n_1......._\n_3...bK17_\n__________
LEVEL:5:_________\n_....B18_\n_......._\n_...R..._\n_...1..._\n_...3..._\n_......._\n_....B12_\n_......._\n_.b..R.._\n_....1.._\n_r...9.._\n_......._\n_________
LEVEL:6:____________\n_G13wwwwK14_\n_w.o.okofow_\n_wo.o.o.o.w_\n_wko.o.o.ow_\n_wggggggggw_\n_w.o.o.o.ow_\n_wo.o.o.okw_\n_w.o.o.o.ow_\n_wo.obo.o.w_\n_K17wwwwB12_\n____________
LEVEL:7:____________\n_F13wwwwK14_\n_w.o.okofow_\n_wo.oko.o.w_\n_wko.o.o.ow_\n_wo.o.o.okw_\n_wko.o.o.ow_\n_wo.o.o.okw_\n_wko.o.o.ow_\n_wo.obo.o.w_\n_K17wwwwB12_\n____________
LEVEL:8:__________\n_B12....F_\n_1......1_\n_9lllL.f3_\n_..rl1..._\n_...l8..._\n_...lllll_\n_.br....._\n_....R15._\n__________
LEVEL:9:___________\n_rg9SkofVr_\n_GF.6WOV0A_\n_Fw0.3o6AB_\n_A5W..5A2l_\n_.WO5KlF.1_\n_441934sR2_\n_vF38vVb.k_\n_W4bAS.K1K_\n_kO9.W..21_\n_0Ba4o3.L2_\n_w9G.SG99v_\n_g9Br5Kkbk_\n_.l7RRG6r3_\n_LFffV..Gv_\n_ga8.ro1wr_\n_VWV7R..3._\n___________
LEVEL:10:__________\n_........_\n_....V12._\n_........_\n_...v...._\n_F.v.v..._\n_1..v...._\n_3......._\n_....f..._\n__________
LEVEL:11:__________\n_b....Vwv_\n_.....1ww_\n_.....3.._\n_........_\n_........_\n_.....BW._\n_.....11._\n_.....26._\n__________
LEVEL:12:__________\n_...K..3._\n_.f.k...._\n_kkkk...._\n_...kgkkk_\n_........_\n_G10...b._\n_.....B12_\n_K14..F13_\n__________
LEVEL:13:__________\n_..Bwwlll_\n_b.1wwlll_\n_..2wwlll_\n_...wwlll_\n_...wwlll_\n_W16....._\n_....F13._\n_s...wwwf_\n__________
LEVEL:14:__________\n_G10gl.f._\n_.aagl.l._\n_.R.gg.ll_\n_.b..gggl_\n_...a...a_\n_..r....5_\n_B12.1..._\n_F13a.L16_\n__________
LEVEL:15:__________\n_bW12..Fr_\n_........_\n_w.w.w..S_\n_.s...s.1_\n_..w.www4_\n_B.3s1..._\n_1.w.w..._\n_2.....Rf_\n__________
LEVEL:16:__________\n_bW12..Fr_\n_........_\n_w.w.w..S_\n_.s...s.1_\n_..w.www4_\n_B.3s1..S_\n_1.w.w..._\n_2.....Rf_\n__________
LEVEL:17:__________\n_.f......_\n_.......3_\n_kkkkgkkk_\n_...g.g.._\n_K14k.k.._\n_...k.kkk_\n_B12k..b._\n_F13....._\n__________
LEVEL:18:____________________\n_B.S14.O16.R15.B12._\n_1.F13.G16.V17....._\n_.Sv..............._\n_Rggggggggggggggggg_\n_1ggggggggggggggggg_\n_.F......gggggggggg_\n_ooo.......gggggggg_\n_wwwoo.......gggggg_\n_wwwwwoo.......gggg_\n_wwwwwwwoo..r......_\n_wwwwwwwwwoo.b....._\n_wwwwwwwwwwwooaaaaa_\n____________________
LEVEL:19:_________________\n_F13w.f.w.a...rw_\n_.a.wa...b.a.a.w_\n_wwrwwwww..wwwww_\n_...a...a....a.._\n_wwwwww.wwwwwwww_\n_.a.........ar.._\n_www.wwwwwwwwwww_\n_.a...a......ba._\n_..b......a....._\n_wwwwwwwwww.war._\n_k...a.....awwww_\n_wwwwwwwwwwwwB14_\n_R16wW16wK12wB17_\n_________________
LEVEL:20:__________\n_...s.V12_\n_v..s...._\n_..sssfss_\n_..s..s.._\n_F..s..s._\n_1.....s._\n_3..S14.._\n_........_\n__________
LEVEL:21:____________________\n_.Laallgg.......BG._\n_.1aallgg.......11._\n_.8aallgg.......90._\n_..aallgg.........._\n_..9allgg.......v.._\n_..aallgg.......V.._\n_b.2allgg.......1.._\n_llllllgg.......3.._\n_llllllgg.........._\n_gggggggg.........._\n_gggggggg.......B12_\n____________________
LEVEL:22:__________\n_........_\n_...b...._\n_........_\n_F......._\n_1.B.f..._\n_3.1....._\n_..2....._\n_........_\n__________
LEVEL:23:__________\n_........_\n_B...b..._\n_1......._\n_2......._\n_........_\n_..3...f._\n_F1....f._\n_........_\n__________
LEVEL:24:__________\n_S13....._\n_.......f_\n_...r...3_\n_........_\n_........_\n_F14..R12_\n_........_\n_......s._\n__________
LEVEL:25:_________________\n_....gg.....l..._\n_....gg.....l..._\n_....gg.....l..._\n_.b..gg.....l..._\n_....gg.....l..._\n_....gg.....l..._\n_....gg.....l..._\n_....gg.B12.l..f_\n_....gg.....l..._\n_K...gg.....l..._\n_B12.gg..k..l..._\n_....gg.....l..._\n_....gg.....l..._\n_....gg.G10.l..._\n_....gg.....l..._\n_....gg.....lF13_\n_....gg.....l..._\n_....gg.....lL14_\n_________________
LEVEL:26:__________\n_.ssss.s._\n_..ss.fv._\n_...as.v._\n_.F12.A.._\n_.....1.._\n_.....3.._\n_.ggg...._\n_.s......_\n__________
LEVEL:27:__________\n_glF13S12_\n_gksgggVV_\n_ggrrrrV2_\n_vggkgkVr_\n_vvgvvvVr_\n_vvvvvlVl_\n_vvvvvlVl_\n_vvvvl.fl_\n__________
LEVEL:28:__________\n_B12..VGF_\n_S.....1._\n_1.b.s35f_\n_4...sss._\n_........_\n_gggggggg_\n_...vv..._\n_........_\n__________
LEVEL:29:__________\n_V.2a..12_\n_B12avF.._\n_bv.a...._\n_aaaaaaaa_\n_...a...._\n_..2a.A.._\n_A16a1..._\n_.1.a2f3._\n__________
LEVEL:30:__________\n_K17....._\n_......O._\n_k.vwww.._\n_...wow.k_\n_...www.._\n_KV..W16._\n_11.O1.3._\n_42..k..._\n__________
LEVEL:31:___________________\n_B12w...ag...wG10._\n_wwww...gg...wW16._\n_..13...ga...wwwww_\n_.V15..agga......._\n_.R...araga.a....._\n_.....a.ggaaa....._\n_ggggggggaaaav...._\n_.v....agga......._\n_....b..aga......._\n_......agga......._\n___________________
LEVEL:32:__________\n_b.....f._\n_.....V12_\n_........_\n_F13....._\n_........_\n_........_\n_....v..._\n_........_\n__________
LEVEL:33:__________\n_........_\n_...bV12._\n_........_\n_........_\n_.B13...._\n_........_\n_........_\n_...vv..._\n__________
LEVEL:34:__________\n_...V13.._\n_v......._\n_........_\n_......b._\n_....B12._\n_........_\n_..V15..._\n_........_\n__________
LEVEL:35:__________\n_..F1.3.._\n_llllllll_\n_..L14..._\n_........_\n_........_\n_........_\n_........_\n_bB12...f_\n__________
LEVEL:36:__________\n_B12.F13._\n_........_\n_...sss.._\n_.b.sfs.._\n_...s...._\n_...s...._\n_........_\n_........_\n__________
LEVEL:37:__________\n_s..S..a._\n_k.o....l_\n_.g....b._\n_L.g..b.w_\n_g.s..fs._\n_....B..l_\n_b...1r.._\n_G13.2b.._\n__________
LEVEL:38:__________\n_.Rrbll.f_\n_L18.lll._\n_.5..ll.r_\n_..r.ll.1_\n_..r.ll.l_\n_.F..ll.B_\n_B19.ll.1_\n_r3r....2_\n__________
LEVEL:39:__________\n_A.2...bg_\n_1.G.3.a._\n_wwg1W16._\n_..12B12b_\n_........_\n_........_\n_........_\n_........_\n__________
LEVEL:40:__________\n_b..lsllf_\n_...lslll_\n_.S.lslll_\n_L18lslll_\n_.6.ls..._\n_F......._\n_1......._\n_3.B12..._\n__________
LEVEL:41:____________________\n_llllllff........L._\n_lgggglff........1._\n_lbggglff........5._\n_lg..glff.........._\n_lG15glff.........._\n_llllllff.........._\n_ffffwww..........._\n_ffff.............._\n_.................._\n_.........F.3......_\n_..B12.....1......._\n_.................._\n_.........k........_\n_....K12..........._\n_.................._\n_.................._\n_................7._\n_.................._\n____________________
LEVEL:42:__________\n_f.k.k.kk_\n_.B12F13._\n_k......k_\n_...b...._\n_k......k_\n_........_\n_k......k_\n_.K14K17._\n__________
LEVEL:43:__________\n_ffffffff_\n_W16....._\n_Bk......_\n_1.k...k._\n_2...k..._\n_w..wwwww_\n_...k...._\n_Kk.....k_\n_1k...k.._\n_7......._\n_w..wwwww_\n_........_\n_F13...k._\n_K..k...._\n_1......._\n_4...kk.b_\n__________
LEVEL:44:__________\n_FWwwwwww_\n_11wb.fww_\n_36wwwwww_\n_G10wgkww_\n_wwwwwwww_\n_wBKwwwww_\n_w11wwwww_\n_b2.kwwww_\n__________
LEVEL:45:___________\n_.F.w..V.._\n_o1.w.o1.._\n_.4.w.o2.o_\n_wwww.o..._\n_.ov...oWw_\n_.ov.o..1w_\n_..o.O186w_\n_foo..wF13_\n___________
LEVEL:46:____________________\n_W........wwwwwwwww_\n_1wwwwwwwww......Kw_\n_6wK17ooowwR1.O.81w_\n_Kwkooo3oww..3.1.9w_\n_1wkoooooww.......w_\n_4wo1kbkowwaaaaw.ww_\n_Awooooooww.....ww._\n_1woooooowwb..w..w._\n_9wwwwwwwwww.sw.ww._\n_Awwwwwwwwwwwlwwww._\n_1wb.....ww......w._\n_4wwwww.www.b.R..w._\n_Sw......ww.r.1..w._\n_1ww.wwwwww...5L.w._\n_4wrrrrrrww....1.w._\n_Bwrrfrrrww....8.w._\n_1wwwwwwwwwwwwwwww._\n_9R19F13L18R14B12.._\n____________________
LEVEL:47:______\n_fr.b_\n_F13w_\n_gggg_\n_wwww_\n_F17w_\n_R15w_\n_G10W_\n_B121_\n_W16W_\n______
LEVEL:48:__________\n_WSLlllll_\n_111llllk_\n_556llK12_\n_lllllB17_\n_lllllK1._\n_lllkklll_\n_lllwwlll_\n_FllssllF_\n_1......1_\n_3......3_\n_f......f_\n_........_\n_........_\n_oooggooo_\n_..o..o.._\n_GBo..oOS_\n_11ob.o11_\n_89o..o58_\n__________
LEVEL:49:____________________\n_Wwvvvvvvvfvvvvvvvv_\n_1wvvvvvvv.vvvvvvvv_\n_6wvvvvvvv.vvvvvvvv_\n_Fwvvvvvvv.vvvvvvvv_\n_1wvvvvvvv.vvvvvvvv_\n_3wvvvvvvvvvvvvvvvv_\n_Vwvvvvvvvvvvvvvvvv_\n_1wvvvvvvvvvvvvvvvv_\n_4wvvvvvvvvvvvvvvvv_\n_wwvvvvvvvvvvvvvvvv_\n_..............s..._\n_......r.r.....sS.._\n_...b..rrr.....s1.._\n_..B12..R......s4.._\n_.......1......s..._\n_.......5..O1O.s..._\n_..............w..._\n_..............w..._\n____________________
LEVEL:50:_______\n_bB12._\n_...F._\n_.fR15_\n_...3._\n_.r..._\n_______
LEVEL:51:________\n_rrrrrr_\n_rrrrrr_\n_rrbrrr_\n_rr.rRr_\n_r..B12_\n_r.3.6._\n________
LEVEL:52:____________\n_v......V12_\n_...f.....F_\n_.R.....b.1_\n_B12......3_\n_...S.S14.._\n____________
LEVEL:53:__________\n_bB1...2._\n_..fR1SF._\n_1...31s._\n_3.r..2.1_\n__________
LEVEL:54:_________\n_......._\n_....b.._\n_....s.._\n_......F_\n_.B12..1_\n_......3_\n_...S121_\n_________
LEVEL:55:____________\n_.........._\n_.b..S....._\n_.....712.._\n_.....O...._\n_.B........_\n_...b.....F_\n_.........1_\n_GokK12...3_\n_V......B1._\n_r........R_\n____________
LEVEL:56:________\n_......_\n_.b...._\n_......_\n_......_\n_.S...._\n_.1...._\n_.BB123_\n_.s...3_\n________
LEVEL:57:____________\n_B1.B.....B_\n_R1.......1_\n_..5....S12_\n_.........._\n_.r.....b.._\n_...L......_\n_......1..F_\n_..f......1_\n_......s..4_\n_F13......._\n____________
LEVEL:58:_______\n_F.B12_\n_1b..._\n_3...f_\n_..k.._\n_K17.._\n_______
LEVEL:59:____________\n_B12w.....S_\n_K12w.....1_\n_F16w....7._\n_wwww......_\n_G1........_\n_1.....s..._\n_.0.3.sbs.._\n_g.....s..g_\n_gg......gg_\n_ggg....ggg_\n____________
LEVEL:60:____________\n_B12......S_\n_Br.......1_\n_R..f.....F_\n_.........1_\n_G1.......3_\n_1.....s.f._\n_.0.3.sbs.F_\n_g.....s..g_\n_gg..13..gg_\n_ggg....ggg_\n____________
LEVEL:61:_________\n_.....B8_\n_......._\n_...R..._\n_..o1..._\n_......._\n_....B.._\n_......._\n_....rs._\n_..1SF.._\n_fB31s.._\n_F112o.._\n_......._\n_________
LEVEL:62:________\n_......_\n_......_\n_......_\n_......_\n_......_\n_......_\n_..B..._\n_..1..._\n_..2F13_\n_..b..._\n_......_\n_......_\n_f.F15._\n_......_\n_......_\n________
LEVEL:63:_____________\n_.....2....._\n_.b...F....._\n_....w.712.._\n_.B....O...._\n_....S.....F_\n_........S.1_\n_.....K12..._\n_.b.W......._\n_........s.._\n_.....B12s3k_\n_..........k_\n_____________
LEVEL:64:_________\n_Fw.f.wB_\n_1w...w1_\n_3wwwww2_\n_......._\n_..W16.._\n_......._\n_...b..._\n_________
LEVEL:65:____________\n_B13......F_\n_....f....1_\n_rrrR1Rrrr2_\n_........b._\n____________
LEVEL:66:____________\n_F13wwwwK14_\n_w.o.okofow_\n_wo.o.o.o.w_\n_wko.o.o.ow_\n_wo.o.o.o.w_\n_w.o.o.o.ow_\n_wo.o.o.okw_\n_w.o.o.o.ow_\n_wo.obo.o.w_\n_K17wwwwB12_\n____________
LEVEL:67:____________\n_.........._\n_llllllll.._\n_.....r...._\n_.........._\n_..b..r...._\n_.........._\n_gggggggg.._\n_W13..G17.._\n_.........._\n_B12......._\n____________
LEVEL:68:___________\n_B12w....._\n_wwww.brk._\n_.R......._\n_........._\n_ggggggggg_\n_.1......._\n_.5......._\n_........._\n_.K......._\n_........._\n_ggggggggg_\n_........._\n_......ooo_\n_wwww..ofo_\n_W16w..ooo_\n_G10w..F13_\n___________
LEVEL:69:__________\n_k....b.._\n_w....o.o_\n_sB123ggg_\n_.fR.oo.o_\n_.....bg._\n_.r..f..._\n_.s.bs..k_\n_..sg.www_\n__________
LEVEL:70:__________\n_...12..._\n_...r.ooo_\n_2...B11O_\n_......31_\n_s2.3...2_\n_........_\n_..R1..F1_\n_.....S14_\n__________
LEVEL:71:_______________\n_.l..gL16g..l._\n_.l..ggggg..l._\n_............._\n_............._\n_..l.......l.._\n_..l.......l.._\n_3....G10....3_\n_..l.......l.._\n_..l.......l.._\n_............._\n_............._\n_.l..ggggg..l._\n_.l..gL12g..l._\n_______________
LEVEL:72:__________\n_.kSFr..._\n_vbR1Sbb._\n_g..31skB_\n_r...2so8_\n_bss...a4_\n_FR...aa._\n_S1o....w_\n_W6R11oof_\n__________
LEVEL:73:__________\n_........_\n_....V12._\n_........_\n_........_\n_F.v.v..._\n_1..v...._\n_3......._\n_....f..._\n__________
LEVEL:74:__________\n_........_\n_....V12._\n_..v.v..._\n_..vvv..._\n_F.v.v..._\n_1..v...._\n_3......._\n_....f..._\n__________
LEVEL:75:__________\n_.....B12_\n_.W.14..._\n_.1wwwww._\n_.6wf..w._\n_..w..kw._\n_F.wwwww._\n_1......._\n_3...bK17_\n__________
LEVEL:76:____________\n_K..w.kwK14_\n_1...okkfow_\n_7...B12o.w_\n_s.k......._\n_.....R...._\n_w.www..W16_\n_w........._\n_..b...r..k_\n_w........._\n_..kwwwF13._\n____________
LEVEL:77:____________\n_K.kw.kwK14_\n_1...okkfo._\n_7.o.A12o.w_\n_s.2..r.o.._\n_.....R...._\n_w.www..W16_\n_w...o..o.._\n_..b...rbak_\n_w...5...o._\n_b.fwwwF13._\n____________
LEVEL:78:__________\n_...12..._\n_...rg1.._\n_........_\n_.s..wk2g_\n_F12.V7f._\n_w.F.v..._\n_3R25K..._\n_..v....._\n__________
LEVEL:79:__________\n_W16..R15_\n_.....R13_\n_..R....._\n_B1B12.ww_\n_......wr_\n_......ww_\n_........_\n_b....R19_\n__________
LEVEL:80:__________\n_W16..R15_\n_.....R13_\n_..R....._\n_B1B12.ww_\n_......wr_\n_......ww_\n_...R...._\n_bB1..R19_\n__________
LEVEL:81:__________\n_B1B....f_\n_1......._\n_2......._\n_........_\n_........_\n_.......F_\n_.......1_\n_b......3_\n__________
LEVEL:82:__________\n_V1V....B_\n_.......1_\n_V1.....2_\n_..F....._\n_........_\n_........_\n_........_\n_bv....7F_\n_.......1_\n_.......3_\n_wwwwwwww_\n_.v....W._\n_......1._\n_f.....6._\n__________
LEVEL:83:__________\n_B12..F13_\n_........_\n_........_\n_........_\n_.b....f._\n_........_\n_........_\n_........_\n__________
LEVEL:84:__________\n_.K14.B12_\n_.fow...._\n_2o.w...3_\n_..1.W..w_\n_..4...k._\n_....rr.._\n_........_\n_....bK17_\n__________
LEVEL:85:__________\n_l......._\n_...b...._\n_L1B....._\n_..1....._\n_..2F...._\n_.b.bB1Br_\n_........_\n_.f....13_\n__________
LEVEL:86:__________\n_bF132..G_\n_....g1.1_\n_..B12AO._\n_.RF13wwr_\n_a12....._\n_o.....WF_\n_......F1_\n_.....f.._\n__________
LEVEL:87:__________\n_W16w..s._\n_...wF..._\n_...w1..._\n_...w3..._\n_r..w...._\n_...wR.b._\n_S14wB12._\n_.1Fw...r_\n__________
LEVEL:88:__________\n_W16w..s._\n_.14wF..._\n_F..w1..._\n_...w3..._\n_..rw...._\n_...wR.b._\n_S14wB12._\n_.1Fw...r_\n__________
LEVEL:89:__________\n_........_\n_WW..W16._\n_11b.B12._\n_9W......_\n_........_\n_FL...www_\n_11...wll_\n_38...wlf_\n__________
LEVEL:90:________________\n_K17..........._\n_1....3........_\n_.4w.k...Ww...._\n_..l.....1....._\n_..lw.k.76Ww..._\n_..l..........._\n_lllllllll....._\n_......ll......_\n_.............._\n_b............._\n_L14........B12_\n________________
LEVEL:91:__________\n_...K.3.._\n_.f.k...._\n_kkkk...._\n_...kgkkk_\n_........_\n_G10...b._\n_.....B12_\n_K14..F13_\n__________
LEVEL:92:__________\n_.....b.s_\n_FBs....s_\n_f13....s_\n_.2..rrrr_\n_...r...._\n_...r.RF._\n_...r.11._\n_S14r.5.._\n__________
LEVEL:93:__________\n_.B1..ww._\n_s..S...f_\n_.w1ww4.._\n_.w.SF..1_\n_1.4.Bw.4_\n_3bww3w.._\n_.......s_\n_.W12.s.._\n__________
LEVEL:94:__________\n_........_\n_B12....._\n_S16....._\n_K13.b..._\n_G16....._\n_F16..v.v_\n_.....vsv_\n_V16..vkf_\n__________
LEVEL:95:___________\n_s...f...s_\n_.k.....k._\n_..k...k.._\n_...k.k..._\n_....k...._\n_....S14.._\n_........._\n_K17...K14_\n_B12.b.F13_\n___________
LEVEL:96:__________\n_.B1.sF13_\n_S142s..._\n_...fs..._\n_sssss..._\n_........_\n_.....17._\n_.B12..b._\n_........_\n__________
LEVEL:97:_________\n_....F13_\n_......._\n_..K...._\n_..1...._\n_.f2...._\n_......._\n_k......_\n_________
LEVEL:98:__________\n_........_\n_...F13.._\n_........_\n_.......v_\n_B.....a._\n_1......._\n_2..O...._\n_..k.fb.S_\n__________
LEVEL:99:__________\n_B12.gggf_\n_F13agggg_\n_R15.gggg_\n_G10.gggg_\n_.a......_\n_..r..rr._\n_..rrrrrr_\n_b..rr..._\n__________
LEVEL:100:__________\n_........_\n_........_\n_.B...k.._\n_1......._\n_wwwvwwww_\n_.b......_\n_........_\n_.....3.._\n_...K...._\n_....1..._\n_..7....._\n_........_\n_.......V_\n_.......1_\n_B12..W14_\n__________
LEVEL:101:__________\n_....B12b_\n_....b..._\n_.......F_\n_...1...1_\n_......12_\n_........_\n_gb...f.._\n_g......._\n_g1..Rr.._\n_gfRf12.k_\n_G.f36..._\n_.b.15..F_\n_G.f....1_\n_.......4_\n_K13....._\n__________
LEVEL:102:__________\n_........_\n_........_\n_.bf....._\n_......B._\n_......1._\n_.F13..2._\n_........_\n_........_\n__________
LEVEL:103:___________\n_oLoLBLoLo_\n_o1o111o1o_\n_w8w828w8w_\n_ooo131ooo_\n_L18oboooo_\n_oooowoOoo_\n_L18oWoL18_\n_oooo1oooo_\n_L14o6oo1L_\n___________
LEVEL:104:_______________\n_B12wwW16.F.13_\n_K14ww.......k_\n_1bG.w.....k.._\n_7.1ww.w.....k_\n_f.4ww.....k.._\n_gggww..k....._\n_gggwwk......._\n_gggww..k....._\n_gggwwk......._\n_k..www..k...k_\n_..k..www..k.._\n_k......w...kw_\n_wwwwww...wwww_\n_______________
LEVEL:105:___________\n_B19L18F13_\n_1wwwwwwwW_\n_2w..b..w1_\n_ww.....w6_\n_..A....wA_\n_a.1.a..w1_\n_...5...w9_\n_.llllllll_\n_.llllllll_\n_.....l..._\n_.V1.vl.f._\n_.1...l..._\n_..2.lllll_\n___________
LEVEL:106:__________\n_.f......_\n_........_\n_kkkkkgkk_\n_B12....._\n_........_\n_G10....._\n_..F13..._\n_......b._\n__________
LEVEL:107:__________\n_.....L14_\n_.llK14wF_\n_.Wrb...1_\n_.ww....3_\n_.ww....._\n_.R1....._\n_........_\n_.1F..B12_\n__________
LEVEL:108:__________\n_b....V.B_\n_.....1.1_\n_..3..9.2_\n_.F...s.._\n_S14sss.._\n_........_\n_........_\n_....f..k_\n__________
LEVEL:109:______________\n_l.bFk...l..._\n_l.B12...l..._\n_l.k42....l.._\n_ll...R..rl2._\n_.1l......l.._\n_..llKl.lll.._\n_.k..1......._\n_....8.f..4.._\n_..2........._\n_..F1.9..K12._\n_...3........_\n_............_\n______________
LEVEL:110:__________\n_B12...fO_\n_...3...._\n_.b......_\n_F......o_\n_1......l_\n_L1......_\n_3......._\n_........_\n__________
LEVEL:111:__________\n_.2......_\n_S..b...._\n_..B....._\n_ww1....._\n_W1......_\n_.F12ss.._\n_....B123_\n_.f.....3_\n__________
LEVEL:112:__________\n_b....F13_\n_l..W16.._\n_llwlllll_\n_.....V.._\n_gggG..12_\n_v.g1.L18_\n_f.g0...._\n_ggg..B12_\n__________
LEVEL:113:______\n_...._\n_.r.._\n_...f_\n_R12._\n_..F._\n_..1._\n_..3._\n_...._\n_...._\n______
LEVEL:114:___________\n_B12aab..._\n_.......A._\n_.......1._\n_F13....7._\n_ggggggggg_\n_ggwwwwwgg_\n_www.f.www_\n_W16.k.G14_\n___________
LEVEL:115:__________\n_........_\n_........_\n_..F12..._\n_........_\n_....31A._\n_fff....._\n_..f....._\n_a.f....._\n__________
LEVEL:116:__________\n_........_\n_.......o_\n_..f....._\n_........_\n_...K13.._\n_.r.g..B._\n_..w...1._\n_...b..2k_\n__________
LEVEL:117:__________\n_B1.awB12_\n_f.o..12._\n_b....rg1_\n_1......._\n_3..Rrr.5_\n_....r..l_\n_g7.w.Ar._\n_K2.k..or_\n__________
LEVEL:118:__________\n_B12..F13_\n_1......._\n_9......._\n_..rb.9.._\n_........_\n_..R..5.._\n_..1....v_\n_V18...vf_\n__________
LEVEL:119:__________\n_b......B_\n_..1.R..1_\n_.R...5.2_\n_........_\n_.0.rrr.._\n_gggggggg_\n_gg...G10_\n_fg...F13_\n__________
LEVEL:120:__________\n_........_\n_S12.B..._\n_S..1..2._\n_........_\n_K.....s._\n_...b...._\n_........_\n_3......._\n__________
LEVEL:121:__________\n_........_\n_.b......_\n_..B....._\n_..1....._\n_..2....._\n_..3....._\n_.Ss....._\n_........_\n__________
LEVEL:122:__________\n_b......._\n_........_\n_...f...._\n_B......._\n_1......._\n_2......._\n_l......._\n_ff.lF13._\n__________
LEVEL:123:__________\n_....B12._\n_....F13._\n_k.b....._\n_....K1.._\n_....fR.._\n_........_\n_........_\n_....r..._\n__________
LEVEL:124:__________\n_........_\n_...b...._\n_........_\n_........_\n_..B...F._\n_..1...1._\n_..2...3._\n_........_\n_........_\n_.......f_\n_........_\n__________
LEVEL:125:__________\n_........_\n_b......._\n_........_\n_...r...._\n_..R12..._\n_.....F.f_\n_.....1.._\n_.....3.._\n__________
LEVEL:126:__________\n_..B12..._\n_........_\n_....F..._\n_..fR15.._\n_b...3..._\n_........_\n_........_\n_..r....._\n__________
LEVEL:127:__________\n_F13....._\n_........_\n_........_\n_.b......_\n_........_\n_...B12.._\n_........_\n_f......._\n__________
LEVEL:128:__________\n_....LLLr_\n_1...LLL._\n_F......._\n_.......F_\n_.......1_\n_.......3_\n_..Rb...._\n_.....B12_\n__________
LEVEL:129:__________\n_......13_\n_..W16..._\n_...B1B.._\n_..B1...._\n_..12...._\n_wwb....._\n_........_\n_........_\n__________
LEVEL:130:_______________\n_......w......_\n_......r..R15._\n_..g.ggr.w...._\n_..g...r...w.._\n_g.rrr.rrk...._\n_.....rK14...._\n_.r.w...r..k.._\n_..r.w.r..ggrg_\n_.bwwwwr.W16r._\n_.wr.rrrwr..k._\n_.w...gw.r..k._\n_.w.f.g..r...._\n_.wr.....r...._\n_B12G10..r.F13_\n_______________
LEVEL:131:_______________\n_......w......_\n_......r..R15._\n_..g.ggr.w...._\n_..g...r...w3._\n_g.rrr.rrk...._\n_.....rK14...._\n_.r.w...r..k.._\n_..r.w.r..ggrg_\n_.bwwwwr.W16r._\n_.wr.rrrwr..k._\n_.w...gw.r..k._\n_.w.f.g..r...._\n_.wr.....r...._\n_B12G10..r.F13_\n_______________
LEVEL:132:__________\n_.......f_\n_........_\n_.k......_\n_..k....._\n_b..k...._\n_.....F13_\n_B12....._\n_........_\n__________
LEVEL:133:__________\n_........_\n_........_\n_llllllll_\n_L.....B._\n_1...b.1._\n_8.....9._\n_........_\n_B12..F13_\n__________
LEVEL:134:_______________\n_b........wF19_\n_G.R.B.R.SwV18_\n_1.R.1.1.1wV17_\n_6.R.2.5.6wF13_\n_...r.r...wW16_\n_.........wG1G_\n_....g....wS1S_\n_wwwwswwwwwwww_\n_vg..f..svw..._\n_______________
LEVEL:135:__________\n_......F._\n_f......o_\n_..b....f_\n_......R._\n_.r....11_\n_.1OB12.._\n_1..b...._\n_3......._\n__________
LEVEL:136:__________\n_........_\n_b.....b._\n_.....b.._\n_...r...._\n_..R12..._\n_.....F.f_\n_.b...1.._\n_.....3.._\n__________
LEVEL:137:__________\n_F13....._\n_........_\n_........_\n_.b......_\n_........_\n_.....B12_\n_........_\n_f......._\n__________
LEVEL:138:__________\n_......BF_\n_.b....11_\n_....R.23_\n_1..5.r.._\n_.....r.._\n_gggggggg_\n_gggggggg_\n_gggggfgg_\n__________
LEVEL:139:__________\n_V.2a..12_\n_B12avF.._\n_bv.a...._\n_aaaaaaaa_\n_...a...._\n_r.Ra.A.._\n_A16a1..._\n_A1032f3._\n__________
LEVEL:140:__________\n_F13....f_\n_....llV._\n_....ll1l_\n_....ll2l_\n_...lll.l_\n_...lllll_\n_.v......_\n_........_\n__________
LEVEL:141:__________\n_........_\n_F12....._\n_....3..._\n_....V1.._\n_........_\n_........_\n_...f.l.v_\n_.....l.._\n__________
LEVEL:142:__________\n_....w.b._\n_....w..w_\n_B13.w.ww_\n_........_\n_F12.fff._\n_........_\n_....W15._\n_........_\n__________
LEVEL:143:__________\n_G......._\n_1..L14.._\n_0......F_\n_.......1_\n_.b.....3_\n_ggg....._\n_llg.B12._\n_fl......_\n__________
LEVEL:144:__________\n_bB1...2._\n_..fR1SF._\n_1...31s._\n_3.s..2.1_\n__________
LEVEL:145:__________\n_......wf_\n_W15..w.._\n_.....w.w_\n_.B12w.w._\n_.....w.._\n_...b..ww_\n_F13...w._\n_......w._\n__________
LEVEL:146:____________\n_A18wa....._\n_B19ww..a.._\n_1ssswa..a._\n_2K13wV13a._\n_wwwww..a.._\n_aaaaa...a._\n_a....aaVav_\n_..aa.aa1av_\n_a.ba.a.8av_\n_aaaa...akv_\n____________
LEVEL:147:__________\n_...w..w._\n_..w.fw.._\n_V12..v.w_\n_....w.w._\n_..ww...w_\n_F13.w.v._\n_.b.v...._\n_....W15._\n__________
LEVEL:148:__________\n_.....w.._\n_F13v...._\n_..V1..w._\n_.b..2..._\n_.W15...w_\n_.w...w.._\n_....w..._\n_B12.w.f._\n__________
LEVEL:149:__________\n_fwwwwwGF_\n_ggwwww11_\n_ggrwww03_\n_g...wwwW_\n_r....ww1_\n_.W19.R16_\n_.O18.1ww_\n_bB12b5.w_\n__________
LEVEL:150:__________\n_.......4_\n_.b..v.gb_\n_..lBOrv._\n_O131..F._\n_.sf2..f._\n_..w...bl_\n_...g.v.._\n_A.of.f.9_\n__________
LEVEL:151:__________\n_.B......_\n_.1..F13O_\n_.2bR...._\n_........_\n_......a._\n_........_\n_........_\n_...f...._\n__________
LEVEL:152:____________________\n_BWw..............._\n_11w.....G10......._\n_26w..wwwwwwww....._\n_www..woooooow....._\n_.....wooR15ow....._\n_.....woooooow....._\n_.....woborrow....._\n_.....woooooow....._\n_..wwwwwggggwwwww.._\n_..w............w.._\n_..w............w.._\n_..w............w.._\n_..wggg.........w.._\n_..wggg.....F13.w.._\n_..wfgg.........w.._\n_..wwwwwwwwwwwwww.._\n_.................._\n_.................._\n____________________
LEVEL:153:__________\n_L1.....O_\n_1......1_\n_8......9_\n_........_\n_F15.V12._\n_w.l.Kv.._\n_3.2.V..k_\n_.......k_\n__________
LEVEL:154:__________\n_B1gg..kb_\n_...v...._\n_......f3_\n_a3V12..._\n_........_\n_.g......_\n_K1.G...._\n_B1...F13_\n__________
LEVEL:155:__________\n_B12..G10_\n_...f...._\n_........_\n_gggggggg_\n_b......._\n_.....r.._\n_........_\n_F13..R15_\n__________
LEVEL:156:__________\n_.R.bll.f_\n_L18.lll._\n_.5..ll.r_\n_..r.ll.1_\n_..r.ll.l_\n_.F..ll.B_\n_B19.ll.1_\n_.3.....2_\n__________
LEVEL:157:__________\n_V12.r..._\n_R.rr2rw._\n_1r....wg_\n_4.ggrrwv_\n_gggF13aa_\n_r.gggggg_\n_a..rarar_\n_fargrara_\n__________
LEVEL:158:__________\n_B12..G10_\n_........_\n_gg..b.1._\n_Fgsr.r5._\n_.gsr.R.._\n_.gs....._\n_.gssss.._\n_.13S141F_\n__________
LEVEL:159:__________\n_B12..G10_\n_sss....._\n_gg..b.1._\n_Fgsr.r5._\n_.gsr.R.._\n_.gs....._\n_.gssss.._\n_.13S141F_\n__________
LEVEL:160:__________\n_kBK.w.b._\n_..1ww..._\n_..2w...._\n_wwww..V._\n_......1._\n_......3._\n_W18....._\n_.....B19_\n__________
LEVEL:161:__________\n_BK13gggG_\n_1rrrggR1_\n_2rbrgR16_\n_.rrrgg7g_\n_.ggggrgg_\n_.ggggggg_\n_.g..rggr_\n_.r.r.r.k_\n__________
LEVEL:162:__________\n_bwawaB12_\n_wawawawa_\n_awawawaw_\n_wawawawa_\n_awawawaw_\n_wawawawa_\n_awawawaw_\n_F13awawf_\n__________
LEVEL:163:__________\n_........_\n_.aaaaa.1_\n_.aabaa.3_\n_.aaaaa.._\n_........_\n_.A......_\n_.1......_\n_.2...B12_\n__________
LEVEL:164:__________\n_KRg...rs_\n_11.g..rr_\n_45.gg..._\n_.B13g..._\n_....wS12_\n_L...l..._\n_1.kkl.k._\n_0b.ll.k._\n__________
LEVEL:165:__________\n_VB12...3_\n_1o..o..._\n_4o..vK16_\n_oo.o...._\n_vobo.kk._\n_..o....._\n_..v..v.._\n_........_\n__________
LEVEL:166:__________\n_wfkwwwww_\n_lwwlwwlw_\n_sllsllsl_\n_.s......_\n_....b.s._\n_W16F13.._\n_..B19S14_\n_L18..B12_\n__________
LEVEL:167:__________\n_kk.k.kkk_\n_llo..o.k_\n_.lo..o.k_\n_.loooo.k_\n_.llll..k_\n_..looooo_\n_..lollll_\n_..lollll_\n_....llll_\n_........_\n_........_\n_L16....._\n_........_\n_........_\n_BK13...._\n_1......._\n_2.K17..._\n_b......._\n__________
LEVEL:168:_____________\n_..wwB12ww.._\n_..........._\n_..wwrwrww.._\n_..w.....w.._\n_W.Rw.b.wR.B_\n_1.w.....w.1_\n_6.w.....w.2_\n_w.w.......w_\n_w1.ww.ww.1w_\n_.........3._\n_..wwR15w..._\n_____________
LEVEL:169:_____________\n_B12F13fL17._\n_..........._\n_l.l.ll.ll.._\n_..........._\n_l.l..l..l.._\n_l..l..l...._\n_.l.....l.l._\n_ll.l.l.l..l_\n_..........._\n_..........._\n_b...B19.L18_\n_____________
LEVEL:170:__________\n_..b....._\n_B12.www._\n_K1.w.k.w_\n_...w...w_\n_....w.wF_\n_....wfw1_\n_.....w.3_\n_W17....._\n__________
LEVEL:171:_____________\n_B12S14F13ww_\n_S17O14W16bw_\n_wwwwwwwww.w_\n_wwwwww..osw_\n_wwwww..os.w_\n_wwww...so.w_\n_www...so..w_\n_ww.....so.w_\n_w......os.w_\n_........osw_\n_.......os.w_\n_w......so.w_\n_ww....so..w_\n_www....so.w_\n_wwww...os.w_\n_wwwww...osw_\n_wwwwww.os.w_\n_wwwwwwwwwfw_\n_____________
LEVEL:172:____________________\n_S16.........wwww.._\n_............wBFw.._\n_............w11w.._\n_............w23w.._\n_............wwww.._\n_...wwwwwwwww......_\n_...wosooooow......_\n_...wooooooow......_\n_...wooobosow......_\n_...wsooooosw......_\n_...woosoooow......_\n_...wwwwwwwww......_\n_.................._\n_.......f.........._\n_.................._\n_.................._\n_.................._\n_.................._\n____________________
LEVEL:173:__________\n_B12oo.b._\n_ooooo.F._\n_sosoo.1._\n_ofooo.3._\n_sosoo..._\n_oooooooo_\n_ooooO14o_\n_oooooooo_\n__________
LEVEL:174:____________________\n_wwowwf....Kwbwwow._\n_wB12wwF13.1w.wooWw_\n_wwbww.o.oA12.oo.1w_\n_LRwwV....o3o.wwo6r_\n_11.Br1......kwwwwg_\n_451.3..llll..wwwgg_\n_..4lwgwlllllllwwwg_\n_llllwvwllllllwK17w_\n____________________
LEVEL:175:__________\n_bsfgalro_\n_kwoBSFWA_\n_ROKGV213_\n_6750489w_\n_w.....ww_\n_w.wwwwWw_\n_w...vw1w_\n_B12V136w_\n__________
LEVEL:176:____________________\n_W........wwwwwwwww_\n_1wwwwwwwww......Kw_\n_6woooooowwR1.O.81w_\n_Kwooo3koww..3.1.9w_\n_1wkoooooww.......w_\n_4wo1kbkowwaaaaw.ww_\n_Awooooooww....oww._\n_1wK17ooowwb..woow._\n_9wwwwwwwwww.swoww._\n_Awwwwwwwwwwwlwwww._\n_1wb.....ww......w._\n_4wwwww.www.b.R..w._\n_Sw......ww.r.1..w._\n_1ww.wwwwww...5L.w._\n_4wrrrrrrww....1.w._\n_Bwrrfrrrww....8.w._\n_1wwwwwwwwwwwwwwww._\n_9R19F13L18R14B12.._\n____________________
LEVEL:177:__________\n_........_\n_S2..B12._\n_w...s..._\n_...7wooo_\n_.1.vooVo_\n_.3vbW1.6_\n_...voo2o_\n_V14.oO16_\n__________
LEVEL:178:____________________\n_WR1R.....wwwwwwwww_\n_1wwwwwwwww......Kw_\n_6wK17ooowwR1.O.81w_\n_Kwkooo3oww..3.1.9w_\n_1wkoooooww.......w_\n_4wo1kbkowwaaaaw.ww_\n_Awooooooww.....ww._\n_1woooooowwb..w..w._\n_9wwwwwwwwww.sw.ww._\n_Awwwwwwwwwwwlwwww._\n_1wb.....ww......w._\n_4wwwww.www.b.R..w._\n_Sw......ww.r.1..w._\n_1ww.wwwwww...5L.w._\n_4wrrrrrrww....1.w._\n_Bwrrfrrrww....8.w._\n_1wwwwwwwwwwwwwwww._\n_9R19F13L18R14B12.._\n____________________
LEVEL:179:__________\n_KF13K1K._\n_1f......_\n_4.wwwwwk_\n_B.wK1b.._\n_1.waA.6._\n_2WwvV.2._\n_w1wgG.0._\n_w6wlL.8._\n__________
LEVEL:180:____________________\n_S14W16...........V_\n_B12V18ww.........1_\n_G14S19..w........5_\n_.w.w..ww.........._\n_...www............_\n_.................._\n_.................._\n_....wwwwsw........_\n_...w.vb..w........_\n_..w..b...w........_\n_...w..b..w........_\n_....wwwwww........_\n_.................._\n_...O15........gggg_\n_...F13....gggggggg_\n_.........gggoooooo_\n_......ggggggoooooo_\n_..ggggggggggooooof_\n____________________
LEVEL:181:____________\n_L.kwB..K1r_\n_w.r..3.fos_\n_wS1.....s1_\n_g.r.W1..s4_\n_W.b......._\n_kk..rb.ff5_\n_9.B12....G_\n_.b.f.swgw1_\n_g.o...oO.0_\n_v.wwoRF1.f_\n____________
LEVEL:182:__________\n_K14....._\n_1k..k..._\n_.boL..k._\n_.A15..aa_\n_.b....b._\n_k...F.k._\n_..k.1..._\n_B12.lf13_\n__________
LEVEL:183:____________________\n_Wwvvvvvvvfvvvvvvvv_\n_1wvvvvvvv.vvvvvvvv_\n_6wvvvvvvv.vvvvvvvv_\n_Fwvvvvvvv.vvvvvvvv_\n_1wvvvvvvv.vvvvvvvv_\n_3wvvvvvvvvvvvvvvvv_\n_Vwvvvvvvvvvvvvvvvv_\n_1wvvvvvvvvvvvvvvvv_\n_4wvvvvvvvvvvvvvvvv_\n_wwvvvvvvvvvvwwwwww_\n_............r....._\n_............rRK.B._\n_...b..sss...r11.1._\n_..B12..S....r457.._\n_..B12..1....r....._\n_.......5....kw...._\n_.O1O........ww...._\n_............w....._\n____________________
BATCH:-1:0:0
BATCH:-1:1:1
BATCH:-1:2:2
BATCH:-1:3:3
BATCH:-1:4:4
BATCH:-1:5:5
BATCH:-1:6:6
BATCH:-1:7:7
BATCH:-1:8:8
BATCH:-1:9:9
BATCH:-1:10:10
BATCH:-1:11:11
BATCH:-1:12:12
BATCH:-1:13:13
BATCH:-1:14:14
BATCH:-1:15:15
BATCH:-1:16:16
BATCH:-1:17:17
BATCH:-1:18:18
BATCH:-1:19:19
BATCH:-1:20:20
BATCH:-1:21:21
BATCH:-1:22:22
BATCH:-1:23:23
BATCH:-1:24:24
BATCH:-1:25:25
BATCH:-1:26:26
BATCH:-1:27:27
BATCH:-1:28:28
BATCH:-1:29:29
BATCH:-1:30:30
BATCH:-1:31:31
BATCH:-1:32:32
BATCH:-1:33:33
BATCH:-1:34:34
BATCH:-1:35:35
BATCH:-1:36:36
BATCH:-1:37:37
BATCH:-1:38:38
BATCH:-1:39:39
BATCH:-1:40:40
BATCH:-1:41:41
BATCH:-1:42:42
BATCH:-1:43:43
BATCH:-1:44:44
BATCH:-1:45:45
BATCH:-1:46:46
BATCH:-1:47:47
BATCH:-1:48:48
BATCH:-1:49:49
BATCH:-1:50:50
BATCH:-1:51:51
BATCH:-1:52:52
BATCH:-1:53:53
BATCH:-1:54:54
BATCH:-1:55:55
BATCH:-1:56:56
BATCH:-1:57:57
BATCH:-1:58:58
BATCH:-1:59:59
BATCH:-1:60:60
BATCH:-1:61:61
BATCH:-1:62:62
BATCH:-1:63:63
BATCH:-1:64:64
BATCH:-1:65:65
BATCH:-1:66:66
BATCH:-1:67:67
BATCH:-1:68:68
BATCH:-1:69:69
BATCH:-1:70:70
BATCH:-1:71:71
BATCH:-1:72:72
BATCH:-1:73:73
BATCH:-1:74:74
BATCH:-1:75:75
BATCH:-1:76:76
BATCH:-1:77:77
BATCH:-1:78:78
BATCH:-1:79:79
BATCH:-1:80:80
BATCH:-1:81:81
BATCH:-1:82:82
BATCH:-1:83:83
BATCH:-1:84:84
BATCH:-1:85:85
BATCH:-1:86:86
BATCH:-1:87:87
BATCH:-1:88:88
BATCH:-1:89:89
BATCH:-1:90:90
BATCH:-1:91:91
BATCH:-1:92:92
BATCH:-1:93:93
BATCH:-1:94:94
BATCH:-1:95:95
BATCH:-1:96:96
BATCH:-1:97:97
BATCH:-1:98:98
BATCH:-1:99:99
BATCH:-1:100:100
BATCH:-1:101:101
BATCH:-1:102:102
BATCH:-1:103:103
BATCH:-1:104:104
BATCH:-1:105:105
BATCH:-1:106:106
BATCH:-1:107:107
BATCH:-1:108:108
BATCH:-1:109:109
BATCH:-1:110:110
BATCH:-1:111:111
BATCH:-1:112:112
BATCH:-1:113:113
BATCH:-1:114:114
BATCH:-1:115:115
BATCH:-1:116:116
BATCH:-1:117:117
BATCH:-1:118:118
BATCH:-1:119:119
BATCH:-1:120:120
BATCH:-1:121:121
BATCH:-1:122:122
BATCH:-1:123:123
BATCH:-1:124:124
BATCH:-1:125:125
BATCH:-1:126:126
BATCH:-1:127:127
BATCH:-1:128:128
BATCH:-1:129:129
BATCH:-1:130:130
BATCH:-1:131:131
BATCH:-1:132:132
BATCH:-1:133:133
BATCH:-1:134:134
BATCH:-1:135:135
BATCH:-1:136:136
BATCH:-1:137:137
BATCH:-1:138:138
BATCH:-1:139:139
BATCH:-1:140:140
BATCH:-1:141:141
BATCH:-1:142:142
BATCH:-1:143:143
BATCH:-1:144:144
BATCH:-1:145:145
BATCH:-1:146:146
BATCH:-1:147:147
BATCH:-1:148:148
BATCH:-1:149:149
BATCH:-1:150:150
BATCH:-1:151:151
BATCH:-1:152:152
BATCH:-1:153:153
BATCH:-1:154:154
BATCH:-1:155:155
BATCH:-1:156:156
BATCH:-1:157:157
BATCH:-1:158:158
BATCH:-1:159:159
BATCH:-1:160:160
BATCH:-1:161:161
BATCH:-1:162:162
BATCH:-1:163:163
BATCH:-1:164:164
BATCH:-1:165:165
BATCH:-1:166:166
BATCH:-1:167:167
BATCH:-1:168:168
BATCH:-1:169:169
BATCH:-1:170:170
BATCH:-1:171:171
BATCH:-1:172:172
BATCH:-1:173:173
BATCH:-1:174:174
BATCH:-1:175:175
BATCH:-1:176:176
BATCH:-1:177:177
BATCH:-1:178:178
BATCH:-1:179:179
BATCH:-1:180:180
BATCH:-1:181:181
BATCH:-1:182:182
BATCH:-1:183:183
EVAL_INSTANCE:0:0:389
RUN_RESULT:0:0:0:2000:----
RUN_RESULT:0:0:1:2000:----
RUN_RESULT:0:0:2:5:LDD
RUN_RESULT:0:0:3:2000:----
RUN_RESULT:0:0:4:269:ULLLUUULUURDDRR
RUN_RESULT:0:0:5:29:DDRRRLLLL
RUN_RESULT:0:0:6:4:UUUU
RUN_RESULT:0:0:7:10:UUUUUUURRR
RUN_RESULT:0:0:8:1597:RDRRULDLUULUURLDDRULURRRURR
RUN_RESULT:0:0:9:7:ULDLUU
RUN_RESULT:0:0:10:3:DDD
RUN_RESULT:0:0:11:2000:----
RUN_RESULT:0:0:12:296:ULLLLLDULDURRRRUUUULLDL
RUN_RESULT:0:0:13:2000:----
RUN_RESULT:0:0:14:2000:----
RUN_RESULT:0:0:15:2000:----
RUN_RESULT:0:0:16:2000:----
RUN_RESULT:0:0:17:12:LLUUUUUULLL
RUN_RESULT:0:0:18:2000:----
RUN_RESULT:0:0:19:2000:----
RUN_RESULT:0:0:20:28:DRDDRDRRRDUUUU
RUN_RESULT:0:0:21:2000:----
RUN_RESULT:0:0:22:5:DDDR
RUN_RESULT:0:0:23:2000:----
RUN_RESULT:0:0:24:8:DDDDDRRR
RUN_RESULT:0:0:25:2000:----
RUN_RESULT:0:0:26:3:DLL
RUN_RESULT:0:0:27:10:DDDDDDRRRR
RUN_RESULT:0:0:28:2000:----
RUN_RESULT:0:0:29:2000:----
RUN_RESULT:0:0:30:2000:----
RUN_RESULT:0:0:31:2000:----
RUN_RESULT:0:0:32:9:UUUUUURR
RUN_RESULT:0:0:33:2000:----
RUN_RESULT:0:0:34:2000:----
RUN_RESULT:0:0:35:2000:----
RUN_RESULT:0:0:36:3:RRR
RUN_RESULT:0:0:37:4:UU
RUN_RESULT:0:0:38:2000:----
RUN_RESULT:0:0:39:2000:----
RUN_RESULT:0:0:40:53:RRDDLUURRRRRR
RUN_RESULT:0:0:41:2000:----
RUN_RESULT:0:0:42:2000:----
RUN_RESULT:0:0:43:2000:----
RUN_RESULT:0:0:44:3:RLR
RUN_RESULT:0:0:45:2000:----
RUN_RESULT:0:0:46:2000:----
RUN_RESULT:0:0:47:2000:----
RUN_RESULT:0:0:48:2000:----
RUN_RESULT:0:0:49:2000:----
RUN_RESULT:0:0:50:3:DDR
RUN_RESULT:0:0:51:18:DDLDRRLUUUU
RUN_RESULT:0:0:52:5:ULLLL
RUN_RESULT:0:0:53:2000:----
RUN_RESULT:0:0:54:2000:----
RUN_RESULT:0:0:55:2000:----
RUN_RESULT:0:0:56:2000:----
RUN_RESULT:0:0:57:2000:----
RUN_RESULT:0:0:58:4:DRRR
RUN_RESULT:0:0:59:2000:----
RUN_RESULT:0:0:60:1:U
RUN_RESULT:0:0:61:2000:----
RUN_RESULT:0:0:62:2000:----
RUN_RESULT:0:0:63:2000:----
RUN_RESULT:0:0:64:9:UUUUULUR
RUN_RESULT:0:0:65:6:DRDRRR
RUN_RESULT:0:0:66:10:UUUUUUURRR
RUN_RESULT:0:0:67:2000:----
RUN_RESULT:0:0:68:2000:----
RUN_RESULT:0:0:69:2000:----
RUN_RESULT:0:0:70:2000:----
RUN_RESULT:0:0:71:2000:----
RUN_RESULT:0:0:72:9:RDDRDD
RUN_RESULT:0:0:73:3:DDD
RUN_RESULT:0:0:74:4:DDD
RUN_RESULT:0:0:75:269:ULLLUUULUURDDRR
RUN_RESULT:0:0:76:2000:----
RUN_RESULT:0:0:77:2000:----
RUN_RESULT:0:0:78:2000:----
RUN_RESULT:0:0:79:2000:----
RUN_RESULT:0:0:80:1410:UUURRDDRDRUURULLDLU
RUN_RESULT:0:0:81:14:UUUURUURRURRRR
RUN_RESULT:0:0:82:2000:----
RUN_RESULT:0:0:83:5:RRRRR
RUN_RESULT:0:0:84:2000:----
RUN_RESULT:0:0:85:2000:----
RUN_RESULT:0:0:86:12:DDDDDDDRRRRR
RUN_RESULT:0:0:87:2000:----
RUN_RESULT:0:0:88:2000:----
RUN_RESULT:0:0:89:27:DDDDDRRUUURRUUDRDR
RUN_RESULT:0:0:90:2000:----
RUN_RESULT:0:0:91:296:ULLLLLDULDURRRRUUUULLDL
RUN_RESULT:0:0:92:2000:----
RUN_RESULT:0:0:93:2000:----
RUN_RESULT:0:0:94:2000:----
RUN_RESULT:0:0:95:30:UUUUUUULUR
RUN_RESULT:0:0:96:2000:----
RUN_RESULT:0:0:97:3:UUR
RUN_RESULT:0:0:98:1:L
RUN_RESULT:0:0:99:2000:----
RUN_RESULT:0:0:100:2000:----
RUN_RESULT:0:0:101:9:RRRDDRRDR
RUN_RESULT:0:0:102:1:R
RUN_RESULT:0:0:103:2000:----
RUN_RESULT:0:0:104:2000:----
RUN_RESULT:0:0:105:2000:----
RUN_RESULT:0:0:106:13:UUUUUUULLLLL
RUN_RESULT:0:0:107:2000:----
RUN_RESULT:0:0:108:2000:----
RUN_RESULT:0:0:109:2000:----
RUN_RESULT:0:0:110:2000:----
RUN_RESULT:0:0:111:2000:----
RUN_RESULT:0:0:112:30:DDDRRRDRDDLLLULD
RUN_RESULT:0:0:113:5:DRR
RUN_RESULT:0:0:114:2000:----
RUN_RESULT:0:0:115:2000:----
RUN_RESULT:0:0:116:2000:----
RUN_RESULT:0:0:117:2000:----
RUN_RESULT:0:0:118:2000:----
RUN_RESULT:0:0:119:2000:----
RUN_RESULT:0:0:120:2000:----
RUN_RESULT:0:0:121:2000:----
RUN_RESULT:0:0:122:8:DDDDRDDD
RUN_RESULT:0:0:123:4:DDRR
RUN_RESULT:0:0:124:15:DDDDDDDDRRRR
RUN_RESULT:0:0:125:2000:----
RUN_RESULT:0:0:126:3:RRU
RUN_RESULT:0:0:127:5:DDDDL
RUN_RESULT:0:0:128:2000:----
RUN_RESULT:0:0:129:2000:----
RUN_RESULT:0:0:130:2000:----
RUN_RESULT:0:0:131:2000:----
RUN_RESULT:0:0:132:11:UUUURRRRRRR
RUN_RESULT:0:0:133:2000:----
RUN_RESULT:0:0:134:2000:----
RUN_RESULT:0:0:135:2000:----
RUN_RESULT:0:0:136:2000:----
RUN_RESULT:0:0:137:5:DDDDL
RUN_RESULT:0:0:138:10:DDDDDDRRRR
RUN_RESULT:0:0:139:2000:----
RUN_RESULT:0:0:140:12:UUUUURRURRRR
RUN_RESULT:0:0:141:2000:----
RUN_RESULT:0:0:142:9:UUURUUUR
RUN_RESULT:0:0:143:586:UURRUDDDDDDLLL
RUN_RESULT:0:0:144:2000:----
RUN_RESULT:0:0:145:470:RRURRULUURU
RUN_RESULT:0:0:146:2000:----
RUN_RESULT:0:0:147:5:UUUUL
RUN_RESULT:0:0:148:2000:----
RUN_RESULT:0:0:149:2000:----
RUN_RESULT:0:0:150:2000:----
RUN_RESULT:0:0:151:7:DDDDDR
RUN_RESULT:0:0:152:2000:----
RUN_RESULT:0:0:153:2000:----
RUN_RESULT:0:0:154:6:DRRR
RUN_RESULT:0:0:155:1361:RRRRRRDLLDLUUUUU
RUN_RESULT:0:0:156:15:DDLURRURRR
RUN_RESULT:0:0:157:2000:----
RUN_RESULT:0:0:158:2000:----
RUN_RESULT:0:0:159:2000:----
RUN_RESULT:0:0:160:2000:----
RUN_RESULT:0:0:161:2000:----
RUN_RESULT:0:0:162:14:DDDDDDRRRDRRRR
RUN_RESULT:0:0:163:2000:----
RUN_RESULT:0:0:164:2000:----
RUN_RESULT:0:0:165:2000:----
RUN_RESULT:0:0:166:2000:----
RUN_RESULT:0:0:167:2000:----
RUN_RESULT:0:0:168:2000:----
RUN_RESULT:0:0:169:17:UUUUUUURUURRRRRU
RUN_RESULT:0:0:170:5:DDUDD
RUN_RESULT:0:0:171:2000:----
RUN_RESULT:0:0:172:5:DDDDD
RUN_RESULT:0:0:173:5:DDDLL
RUN_RESULT:0:0:174:2000:----
RUN_RESULT:0:0:175:34:RRRRRDLULL
RUN_RESULT:0:0:176:2000:----
RUN_RESULT:0:0:177:2000:----
RUN_RESULT:0:0:178:2000:----
RUN_RESULT:0:0:179:2000:----
RUN_RESULT:0:0:180:2000:----
RUN_RESULT:0:0:181:2000:----
RUN_RESULT:0:0:182:2000:----
RUN_RESULT:0:0:183:2000:----
The time of execution is: 226.0143370628357 s
