pygame 2.2.0 (SDL 2.30.7, Python 3.8.10)
Hello from the pygame community. https://www.pygame.org/contribute.html
LEVEL:0:__________\n_......wf_\n_W15..w.._\n_.....w.w_\n_.B12w.w._\n_.....w.._\n_...b..ww_\n_F13...w._\n_......w._\n__________
BATCH:0:0:0
TRAINING ON LEVEL:145
of 184 levels
---LEVEL STRING---
__________
_......wf_
_W15..w.._
_.....w.w_
_.B12w.w._
_.....w.._
_...b..ww_
_F13...w._
_......w._
__________
---LEVEL STRING---
TRACK:0;-1;-1;5;5;5;2;4;2;5;1;0;2;24;12;0;23;6.96139277435163;15;5;6;21;-8.426450216478834;1;2;0;0;9;24;2;16;21;-6.755752653153488;3;0;9;17;3;5;3;23;-8.221399783876326;1;4;6;6;1;0;21;9.858975644653619;13;1;25;23;4.172900565019011;2;0;0;4;5;15;3;4;21;-1.6339682954259587;1;2;1;9;12;6;20;-4.354133040418954;1;6;8;2;15;22;-1.0161924804981144;3;0;2;4;24;0;17;20;-2.655279105359689;1;1;23;6.3587183844672985;22;-7.963944544954915;2;15;14
TRACK:1;-1;-1;3;5;6;4;3;3;1;0;1;2;15;16;4;14;4;0;15;19;1;0;5;24;1;13;11;6;6;13
TRACK:2;-1;-1;6;3;3;4;0;5;4;5;5;0;25;23;-6.446777457110187;6;6;6;2;0;8;14;0;8;14
TRACK:3;-1;-1;6;1;6;3;3;2;3;3;0;6;14;5;13;5;5;4;0;12;25;6;6;0;5;4;6;6;3;22;3.083654807468344;3;4;3;0;3;7;3.675986222752625;0;13;25
TRACK:4;-1;-1;2;2;4;1;3;0;1;0;2;4;7;2.22806134119271;0;18;14;6;3;13;6;5;0;24;8;6;0;5;4;17;4;5;14;6;6;6;2;3;3;21;-2.5887519727575476;3;5;12;6;1;4;3;0;2;2;1;10;14;0;12;7;3.8200768621235355;6;0;17;16;0;5;1;17;19;1;3;15;0;24;18;3;3;0;2;5;4;22;5.374236717787781;5;2;20;-4.872044933859407;9;3;2;3;15;1;10;11;6;4;2;5;4;3;3;3;3;8;2;2;6;5;2;0;12;11;4;10;0;6;6;0;23;-5.869593933043591;19;0;0;2;25;21;-9.615678173539484;3;14;1;5;13;3;19;5;1;0;5;5;12;2;4;14;2;20;-6.578629461605581;19;1;1;2;20;-7.0611272534869185;13;6;14;2;3;14;6;9
TRACK:5;-1;-1;0;5;6;6;1;4;6;0;0;5;21;5.501526806958097;6;11;4;6;20;8.358093087670536;2;2;4;6;5;12;0;0;6;15;1;10;17;2;4;20;5.859797161668006;1;8;23;7.054255816159586;3;6;2;2;9;8;4;10;1;5;3;2;5;4;5;4;0;15;19;2;3;5;2;5;16;1;16;19;2;5;1;4;20;-4.044014961364935;5;9;2;2;5;20;2.965686255064515;0;17;10;3;3;7;3.3512237571942336;0;4;6;3;5;1;0;6;19;4;20;-8.321216716781539;3;5;11;5;4;0;5;0;4;1;19;16;5;4;14;1;2;0;6;8;5;20;-8.301220107850455;2;0;12;20;-6.103486035661605;2;19;25;1;5;6;15;3;1;8;12
TRACK:6;-1;-1;4;3;2;0;6;3;4;5;2;2;16;11;4;22;5.738771528728909;3;0;4;1;0;0;23;9.478533037207288;13;2;24;24;1;6;11;5;19;4;1;4;1;19;8;0;3;10;0;7;-2.6487928301209624;10;5;5;5;0;4;5;4;25;4;6;2;24;18
TRACK:7;-1;-1;3;4;2;5;4;3;5;2;0;0;25;17;0;8;16;0;1;21;-4.307566582331777;14;2;8;20;8.140661864575943;6;0;1;0;3;0;2;18;20;1.8668665753985287;2;15;13;6;5;3;7;1.3891454258398284;6;6;6;2;22;7.7206994536414975;8;4;4;1;3;5;9;6;4;14
TRACK:8;-1;-1;3;2;6;1;3;0;0;0;4;0;9;18;1;5;16;2;20;-9.545467603134146;11;1;4;4;9;6;0;16;18;1;4;0;6;14;3;24;6;3;6;11;6;3;3;2;0;5;15;3;13;4;6;7;-8.348817336307281;6;5;5;0;0;2;2;2;24;7;7.742961864452706;4;23;-1.0240547259671473;6;5;13;4;4;3;22;6.294267051395263;1;1;1;3;23;-3.879643886636268;4;22;3.9031087456645164;0;5;24;1;19;21;-1.4499552264858906;4;2;0;20;7.298176013982157;16;5;8
TRACK:9;-1;-1;4;0;2;0;6;1;2;1;5;0;20;-4.698931169937792;16;6;3;12;0;3;0;19;23;-1.757324306076276;6;4;19;1;1;2;1;25;22;5.182131933241468;2;11;12;0;5;12;3;10;3;1;2;22;9.899580083448761;22;4.598752536736267;6;7;4.475581383150793;6;0;2;3;0;3;16;5;21;9.012901751462024;2;5;5;9;2;1;22;-2.5073505629389263;24;6;22;-3.015235963472973;6;5;0;1;23;5.382534253267968;21;-1.6634788631456559;5;18;1;3;1;4;6;3;5;15;2;0;1;5;24;3;20;8.157126611656299;4;0;17;17;3;0;0;19;9;1;13;8;1;4;3;1;4;2;20;-6.164545390810572;24;4;0;13;23;2.9181643817716214;1;1;1;4;4;7;8.435575998124193;1;5;20;-7.574589983532281;0;23;-0.5776506903453633;16;5;4;0;22;-3.6304489933733786;11;4;3;6;6;20;3.189120101806928;5;2;4;1;5;2;1;4;18;3;20;-3.8703912310835182;6;6;11;1;0;3;1;22;-5.317329967939677;25;1;3;25;1;8;16;5;6;0;8;25;2;6;5;1;0;6;10;4;19;5;0;11;12;2;2;3;0;0;10;22;2.708362774227055;0;17;23;-0.5282139405815034;1;4;0;19;18;2;1;17;17;2;20;-7.02152548001536;10;2;3;5;5;16;0;2;5;17;3;22;0.2737012028143564;0;4;22;-0.06356709592581389;6;19
EVAL_INSTANCE:0:0:0
EVAL_INSTANCE:0:1:1
EVAL_INSTANCE:0:2:2
EVAL_INSTANCE:0:3:3
EVAL_INSTANCE:0:4:4
EVAL_INSTANCE:0:5:5
EVAL_INSTANCE:0:6:6
EVAL_INSTANCE:0:7:7
EVAL_INSTANCE:0:8:8
EVAL_INSTANCE:0:9:9
RUN_RESULT:0:0:0:2000:----
RUN_RESULT:0:1:0:1570:URUURURRU
RUN_RESULT:0:2:0:2000:----
RUN_RESULT:0:3:0:2000:----
RUN_RESULT:0:4:0:2000:----
RUN_RESULT:0:5:0:2000:----
RUN_RESULT:0:6:0:1570:URUURURRU
RUN_RESULT:0:7:0:2000:----
RUN_RESULT:0:8:0:2000:----
RUN_RESULT:0:9:0:1512:URUURURRU
=================================================
n_gen  |  n_eval  |     f_avg     |     f_min    
=================================================
     1 |       10 | -7.348000E+02 | -2.488000E+03
TRACK:10;0;6;5;5;5;2;4;2;5;1;0;2;24;12;0;23;6.96139277435163;15;5;6;21;-8.426450216478834;1;2;0;0;9;24;2;16;21;-6.755752653153488;3;0;9;17;3;5;3;23;-8.221399783876326;1;4;6;6;1;0;21;9.858975644653619;13;1;25;23;4.172900565019011;2;0;0;4;5;15;3;4;21;-1.6339682954259587;1;2;24;6;20;-4.354133040418954;1;6;8;2;15;22;-1.0161924804981144;3;0;2;4;24;0;17;20;-2.655279105359689;1;1;23;6.3587183844672985;22;-7.963944544954915;2;15;14
TRACK:11;0;6;4;3;2;0;6;3;4;5;2;2;16;11;4;22;5.738771528728909;3;0;4;1;0;0;23;9.478533037207288;13;2;24;24;1;6;11;5;19;4;1;4;1;19;8;0;3;10;9;5;5;5;0;4;5;4;25;4;6;2;24;18
TRACK:12;1;9;3;5;22;-0.06356709592581389
TRACK:13;1;9;4;0;2;0;6;1;2;1;5;0;20;-4.698931169937792;16;6;3;12;0;3;0;19;23;-1.757324306076276;6;4;19;1;1;2;1;25;22;5.182131933241468;2;11;12;0;5;12;3;10;3;1;2;22;9.899580083448761;22;4.598752536736267;6;7;4.475581383150793;6;0;2;3;0;3;16;5;21;9.012901751462024;2;5;5;9;2;1;22;-2.5073505629389263;24;6;22;-3.015235963472973;6;5;0;1;23;5.382534253267968;21;-1.6634788631456559;5;18;1;3;1;4;6;3;5;15;2;0;1;5;24;3;20;8.157126611656299;4;0;17;14;3;0;0;19;9;1;13;8;1;4;3;1;4;2;20;-6.164545390810572;24;4;0;13;23;2.9181643817716214;1;1;1;4;4;7;8.435575998124193;1;5;20;-7.574589983532281;0;23;-0.5776506903453633;16;5;4;0;22;-3.6304489933733786;11;4;3;6;6;20;3.189120101806928;5;2;4;1;5;2;1;4;18;3;20;-3.8703912310835182;6;6;11;1;0;3;1;22;-5.317329967939677;25;1;3;25;1;8;16;5;6;0;8;25;2;6;5;1;0;6;10;4;19;5;0;11;12;2;2;3;0;0;10;22;2.708362774227055;0;17;23;-0.5282139405815034;1;4;0;19;18;2;1;17;17;2;20;-7.02152548001536;10;2;3;5;5;16;0;2;5;17;3;22;0.2737012028143564;0;4;22;-0.06356709592581389;6;19
TRACK:14;8;3;3;2;6;1;3;0;0;0;4;0;9;18;1;5;16;2;20;-9.545467603134146;11;1;4;4;9;6;0;16;18;1;4;0;6;14;3;24;6;3;6;11;6;3;3;2;0;5;15;3;13;4;6;7;-8.348817336307281;6;5;5;0;0;2;2;2;24;7;7.742961864452706;4;12;6;5;13;4;4;3;22;6.294267051395263;1;1;1;3;23;-3.879643886636268;4;22;3.9031087456645164;0;5;24;1;19;21;-1.4499552264858906;4;2;0;20;7.298176013982157;16;5;8
TRACK:15;8;3;6;1;6;3;3;2;2;20;-9.545467603134146;11;5;5;4;0;12;25;6;6;0;5;4;6;6;3;22;3.083654807468344;3;4;3;0;3;7;3.675986222752625;0;13;25
TRACK:16;1;8;3;5;6;7;7.742961864452706
TRACK:17;1;8;3;2;6;1;3;0;0;0;4;0;9;18;1;5;16;2;20;-9.545467603134146;11;1;4;4;9;6;0;16;18;1;4;0;1;13;11;3;24;6;3;6;11;6;3;3;2;0;5;15;3;13;4;6;7;-8.348817336307281;6;5;5;0;0;2;2;2;24;7;7.742961864452706;4;23;-1.0240547259671473;6;5;13;4;4;3;22;6.294267051395263;1;1;1;3;23;-3.879643886636268;4;22;3.9031087456645164;0;5;24;1;19;21;-1.4499552264858906;4;2;0;20;7.298176013982157;16;5;8
TRACK:18;9;5;4;0;2;0;6;1;2;1;5;0;20;-4.698931169937792;16;6;3;12;0;3;0;19;23;-1.757324306076276;6;4;19;1;1;2;1;25;22;5.182131933241468;2;11;12;0;5;12;3;10;3;1;2;22;9.899580083448761;22;4.598752536736267;6;7;4.475581383150793;6;0;2;3;0;3;16;5;21;9.012901751462024;2;5;5;9;2;1;22;-2.5073505629389263;24;6;22;-3.015235963472973;6;5;0;1;23;5.382534253267968;21;-1.6634788631456559;5;18;1;3;1;4;6;3;5;15;2;0;1;5;24;3;20;8.157126611656299;4;0;17;17;3;0;0;19;9;1;13;8;1;4;3;1;4;2;20;-6.164545390810572;24;4;0;13;23;2.9181643817716214;1;1;1;4;4;7;8.435575998124193;1;5;20;-7.574589983532281;0;23;-0.5776506903453633;16;5;4;0;22;-3.6304489933733786;11;4;3;6;6;20;3.189120101806928;5;2;4;1;5;2;1;4;18;3;20;-3.8703912310835182;6;6;11;1;0;3;1;22;-5.317329967939677;25;1;3;25;1;8;16;5;6;0;8;25;2;6;5;1;0;6;10;4;19;5;0;11;12;2;2;3;0;0;10;7;3.3512237571942336;0;17;23;-0.5282139405815034;1;4;0;19;18;2;1;17;17;2;20;-7.02152548001536;10;2;3;5;5;16;0;2;5;17;3;22;0.2737012028143564;0;4;22;-0.06356709592581389;6;19
TRACK:19;9;5;0;5;6;6;1;4;6;0;0;5;21;5.501526806958097;6;11;4;6;20;8.358093087670536;2;2;4;6;5;12;0;0;6;15;1;10;17;2;4;20;5.859797161668006;1;8;23;7.054255816159586;3;6;2;2;9;8;4;10;1;5;3;2;5;4;20;8.157126611656299;2;3;5;2;5;16;1;16;19;2;5;1;4;20;-4.044014961364935;5;9;2;2;5;20;2.965686255064515;0;17;10;3;3;7;3.3512237571942336;0;4;6;3;5;1;0;6;19;4;20;-8.321216716781539;3;5;11;5;4;0;5;0;4;1;19;16;5;4;14;1;2;0;6;8;5;20;-8.301220107850455;2;0;12;20;-6.103486035661605;2;19;25;1;5;6;15;3;1;8;12
TRACK:20;10;-1;5;5;5;2;4;2;5;1;0;2;24;12;0;23;6.802819453856086;15;5;6;21;-8.444528422533848;1;2;0;0;9;24;2;16;21;-6.597316267259307;3;0;9;17;3;5;3;23;-8.330444378197198;1;4;6;6;1;0;21;9.804789670762347;13;1;25;23;4.096362654173539;2;0;0;4;5;15;3;4;7;-2.299797307627431;1;2;24;6;20;-4.533949524716109;1;6;8;2;15;22;-1.0842220144166572;3;0;2;4;24;0;17;20;-2.4734942484783637;1;1;23;6.285686482316213;22;-8.026198905824495;2;15;14
TRACK:21;12;-1;5;0;18;23;6.5290377418329335
TRACK:22;14;-1;3;2;6;1;3;0;0;0;4;0;9;18;1;5;16;2;20;-9.594928918144527;11;1;4;4;9;6;0;16;18;1;4;0;6;14;3;24;6;3;6;11;6;3;3;2;0;5;15;3;13;4;6;7;-8.429276791769778;6;5;5;0;0;2;2;2;24;7;7.855290973999846;4;12;6;5;13;0;3;18;6;9;1;1;1;3;23;-3.7762785126496636;4;22;3.8443452199836377;0;5;24;1;19;21;-1.5641900878191435;4;2;0;20;7.189578446037666;16;5;8
TRACK:23;16;-1;2;6;0;1;5;0;4;2;5;18;2;8;11;6;6;3;24;2;5;0;6;4;19;6;4;19;2;6;2;5;9;4;24;2;0;4;24;1;12;22;5.767131025402062;0;1;24;14;3;18;1;0;6;3;0;2;13;22;5.465234848653687;1;15;22;-0.7063965555459077;4;3;2;4;21;3.341615971871029;6;10;5;2;4;2;3;18;0;18;19;1;3;2;20;5.209415002697009;19;1;1;15;12;1;10;15;0;1;4;3;2;2;1;0;19;12;3;12;0;3;15;0;21;-4.899356610884293;22;7.555201071123157;5;1;0;21;-7.559851450058348;13;6;10;4;2;1;3;3;1;18;16;4;4;2;16;21;3.2989646595395534;0;4;1;1;21;-2.3304496624651954;18;2;13;16;3;0;2;18;8;3;19;0;0;0;0;0;2;6;16;3;10;6;6;25;4;3;4;11;4;3;0;2;22;9.655785321542748;22;-5.405398651218234;6;15;4;5;2;4;4;11;3;0;24;23;2.9241050343171935;6;1;3;0;4;4;17;0;1;22;3.616611183292717;17;3;8;1;6;2;3;20;-1.4296183857146456;3;20;0.6296468432306295;6;5;2;17;13
TRACK:24;18;-1;4;0;2;0;6;1;2;1;5;0;20;-4.626395213676642;16;6;3;12;0;3;0;19;23;-1.7833706135212777;6;4;19;1;1;2;1;25;22;5.100602153864906;2;11;12;0;5;12;3;10;3;1;2;22;9.744011579828795;22;4.683738591541915;6;7;4.647276526539832;6;0;2;3;0;3;16;5;21;8.978497993253628;2;5;5;9;2;1;22;-2.5156344987219126;24;6;22;-3.1130091861825466;6;5;0;1;23;5.455531787150409;21;-1.8141406795379602;5;18;1;3;1;4;6;3;5;15;2;0;1;5;24;3;20;8.174634077631719;4;0;17;17;3;0;0;19;9;1;13;8;1;4;3;1;4;2;20;-5.975451560456966;18;4;0;13;23;2.8315595963164086;1;1;1;4;4;7;8.37590851556308;1;5;20;-7.618687483123463;0;23;-0.6648258685591616;16;5;4;0;22;-3.4247222599757596;11;4;3;6;6;20;3.1157852846876772;5;2;4;1;5;2;1;4;18;3;20;-3.849874080686241;6;6;11;1;0;3;1;22;-5.493428391963214;25;1;3;25;1;8;16;5;6;0;8;25;2;6;5;1;0;6;10;4;19;5;0;11;12;2;2;3;0;0;10;7;3.4588368032810277;0;17;23;-0.587363430444218;1;4;0;19;18;2;1;17;17;2;20;-7.143643301131095;10;2;3;5;5;16;0;2;5;17;3;22;0.13382769007039375;0;4;22;-0.21572417219110707;6;19
TRACK:25;11;-1;4;3;2;0;6;3;4;5;2;2;16;11;4;22;5.857974915598982;3;0;4;1;0;0;17;13;2;24;24;1;6;11;5;19;4;1;4;1;19;8;0;3;10;9;5;5;5;0;4;5;4;25;4;6;2;24;18
TRACK:26;13;-1;4;0;2;0;6;3;4;1;5;22;-7.7552206734654465;2;7;-9.407886168821882;10;6;0;2;3;0;3;16;5;21;8.935518492713825;2;5;5;9;2;1;22;-2.3586341888242845;24;6;22;-3.10509756801928;6;5;0;1;23;5.387644346032016;21;-1.721621536806702;5;18;1;3;1;4;6;3;5;15;2;0;1;5;24;3;20;8.287514425576177;4;0;17;14;3;0;0;19;9;1;13;8;1;4;3;1;4;2;20;-6.1623860386349945;24;4;0;13;23;2.886822019238373;1;1;1;4;4;7;8.478864184188241;1;5;20;-7.561089696568958;0;23;-0.5447002001280986;16;5;4;0;22;-3.5387525766979424;11;4;3;6;6;20;3.1979373180979502;5;2;4;1;5;2;1;4;18;3;20;-3.7562478198585203;6;6;11;1;0;3;1;22;-5.386950034921837;25;1;3;25;1;8;16;5;6;0;8;25;2;6;5;1;0;6;10;4;19;5;0;11;12;2;2;3;0;0;10;22;2.4582706017560003;0;17;23;-0.6338152053044639;1;4;0;19;18;2;1;17;17;2;20;-6.983342382967186;10;2;3;5;5;16;0;2;5;17;3;22;0.18751688017637153;0;4;22;-0.169749395101008;6;19
TRACK:27;15;-1;6;1;6;3;3;2;2;20;-9.599269767127195;11;5;5;4;0;12;25;6;6;0;3;1;5;8;1;16;18;2;1;1;7;0.8707665246367142;17;1;25;9;3;6;24
TRACK:28;17;-1;3;2;6;1;3;0;0;0;4;0;9;18;1;5;16;2;20;-9.509025051910562;11;1;4;4;9;6;0;16;18;1;4;0;1;13;11;3;24;6;3;6;11;6;3;3;2;0;5;24;3;13;4;6;7;-8.329575913836855;6;5;5;0;0;2;2;2;24;7;7.641372182278326;4;23;-1.0438427076781658;6;5;13;4;4;3;22;6.350520970106735;1;1;1;3;23;-3.802558235693842;4;22;3.8678044127781175;0;5;24;1;19;21;-1.4366823840695102;4;2;0;20;7.150333290244693;16;5;8
TRACK:29;19;-1;0;5;6;6;1;4;6;0;0;5;21;5.4218466468794535;6;11;4;6;20;8.430694525421178;2;2;4;6;5;12;0;0;6;15;1;10;17;2;4;20;6.056431088493078;1;8;23;7.088454188593802;3;6;2;2;9;8;4;10;1;5;3;2;5;4;20;8.099045104043867;2;3;3;4;9;2;5;1;4;20;-4.0431819745080375;5;9;2;2;5;20;2.98103641440568;0;17;10;3;3;7;3.350039505518811;0;4;6;3;5;1;0;6;19;4;20;-8.377375019303788;3;5;11;5;4;0;5;0;4;1;19;16;5;4;14;1;2;0;6;8;5;20;-8.250938298767965;2;0;12;20;-6.065076567734593;2;19;25;1;5;6;15;3;1;8;12
EVAL_INSTANCE:1:0:20
EVAL_INSTANCE:1:1:21
EVAL_INSTANCE:1:2:22
EVAL_INSTANCE:1:3:23
EVAL_INSTANCE:1:4:24
EVAL_INSTANCE:1:5:25
EVAL_INSTANCE:1:6:26
EVAL_INSTANCE:1:7:27
EVAL_INSTANCE:1:8:28
EVAL_INSTANCE:1:9:29
RUN_RESULT:1:0:0:2000:----
RUN_RESULT:1:1:0:2000:----
RUN_RESULT:1:2:0:2000:----
RUN_RESULT:1:3:0:1827:URUULLURURRRR
RUN_RESULT:1:4:0:1512:URUURURRU
RUN_RESULT:1:5:0:1570:URUURURRU
RUN_RESULT:1:6:0:1512:URUURURRU
RUN_RESULT:1:7:0:1096:URUURURRU
RUN_RESULT:1:8:0:2000:----
RUN_RESULT:1:9:0:1558:URUURURRU
     2 |       20 | -2.227300E+03 | -2.904000E+03
TRACK:30;1;24;3;5;6;4;3;3;1;0;1;2;15;16;4;14;22;-0.21572417219110707;1;0;5;24;1;13;11;6;6;13
TRACK:31;1;24;4;0;2;0;6;1;2;1;5;0;20;-4.626395213676642;16;6;3;12;0;3;0;19;23;-1.7833706135212777;6;4;19;1;1;2;1;25;22;5.100602153864906;2;11;12;0;5;12;3;10;3;1;2;22;9.744011579828795;22;4.683738591541915;6;7;4.647276526539832;6;0;2;3;0;3;16;5;21;8.978497993253628;2;5;5;9;2;1;22;-2.5156344987219126;24;6;13;6;5;0;1;23;5.455531787150409;21;-1.8141406795379602;5;18;1;3;1;4;6;3;5;15;2;0;1;5;24;3;20;8.174634077631719;4;0;17;17;3;0;0;19;9;1;13;8;1;4;3;1;4;2;20;-5.975451560456966;18;4;0;13;23;2.8315595963164086;1;1;1;4;4;7;8.37590851556308;1;5;20;-7.618687483123463;0;23;-0.6648258685591616;16;5;4;0;22;-3.4247222599757596;11;4;3;6;6;20;3.1157852846876772;5;2;4;1;5;2;1;4;18;3;20;-3.849874080686241;6;6;11;1;0;3;1;22;-5.493428391963214;25;1;3;25;1;8;16;5;6;0;8;25;2;6;5;1;0;6;10;4;19;5;0;11;12;2;2;3;0;0;10;7;3.4588368032810277;0;17;23;-0.587363430444218;1;4;0;19;18;2;1;17;17;2;20;-7.143643301131095;10;2;3;5;5;16;0;2;5;17;3;22;0.13382769007039375;0;4;22;-0.21572417219110707;6;19
TRACK:32;6;27;4;3;2;0;6;3;4;5;2;2;16;11;4;22;5.738771528728909;3;0;4;1;0;0;23;9.478533037207288;13;2;24;24;1;6;11;5;19;4;1;4;1;19;8;0;3;10;0;7;-2.6487928301209624;10;5;5;4;0;12;25
TRACK:33;6;27;6;1;6;3;3;2;2;20;-9.599269767127195;11;5;5;4;0;12;25;6;4;5;2;2;16;11;4;22;5.738771528728909
TRACK:34;26;27;4;0;2;0;6;3;4;1;5;22;-7.7552206734654465;2;7;-9.407886168821882;10;6;0;5;4;0;12;25;6;5;0;1;23;5.387644346032016;21;-1.721621536806702;5;18;1;3;1;4;6;3;5;15;2;0;1;5;24;3;20;8.287514425576177;4;0;17;14;3;0;0;19;9;1;13;8;1;4;3;1;4;2;20;-6.1623860386349945;24;4;0;13;23;2.886822019238373;1;1;1;4;4;7;8.478864184188241;1;5;20;-7.561089696568958;0;23;-0.5447002001280986;16;5;4;0;22;-3.5387525766979424;11;4;3;6;6;20;3.1979373180979502;5;2;4;1;5;2;1;4;18;3;20;-3.7562478198585203;6;6;11;1;0;3;1;22;-5.386950034921837;25;1;3;25;1;8;16;5;6;0;8;25;2;6;5;1;0;6;10;4;19;5;0;11;12;2;2;3;0;0;10;22;2.4582706017560003;0;17;23;-0.6338152053044639;1;4;0;19;18;2;1;17;17;2;20;-6.983342382967186;10;2;3;5;5;16;0;2;5;17;3;22;0.18751688017637153;0;4;22;-0.169749395101008;6;19
TRACK:35;26;27;6;1;6;3;3;2;2;20;-9.599269767127195;11;5;5;4;0;12;25;6;6;0;3;1;5;8;1;16;18;2;5;1;0;6;10;4;19;5;0;11;12;3;6;24
TRACK:36;25;26;4;3;2;0;6;3;4;5;2;2;16;11;4;22;5.857974915598982;3;0;25;4;1;4;1;19;8;0;3;10;9;5;5;5;0;4;5;4;25;4;6;2;24;18
TRACK:37;25;26;4;0;2;0;6;3;4;1;5;22;-7.7552206734654465;2;7;-9.407886168821882;10;6;0;2;3;0;13;5;21;8.935518492713825;2;5;5;9;2;1;22;-2.3586341888242845;24;6;22;-3.10509756801928;6;5;0;1;23;5.387644346032016;21;-1.721621536806702;5;18;1;3;1;4;6;3;5;15;2;0;1;5;24;3;20;8.287514425576177;4;0;17;14;3;0;0;19;9;1;13;8;1;4;3;1;4;2;20;-6.1623860386349945;24;4;0;13;23;2.886822019238373;1;1;1;4;4;7;8.478864184188241;1;5;20;-7.561089696568958;0;23;-0.5447002001280986;16;5;4;0;22;-3.5387525766979424;11;4;3;6;6;20;3.1979373180979502;5;2;4;1;5;2;1;4;18;3;20;-3.7562478198585203;6;6;11;1;0;3;1;22;-5.386950034921837;25;1;3;25;1;8;16;5;6;0;8;25;2;6;5;1;0;6;10;4;19;5;0;11;12;2;2;3;0;0;10;22;2.4582706017560003;0;17;23;-0.6338152053044639;1;4;0;19;18;2;1;17;17;2;20;-6.983342382967186;10;2;3;5;5;16;0;2;5;17;3;22;0.18751688017637153;0;4;22;-0.169749395101008;6;19
TRACK:38;9;6;4;0;2;0;6;1;2;1;5;0;20;-4.698931169937792;16;6;3;12;0;3;0;19;23;-1.757324306076276;6;4;19;1;1;2;1;25;22;5.182131933241468;2;11;12;0;5;12;3;10;3;1;2;22;9.899580083448761;22;4.598752536736267;6;7;4.475581383150793;6;0;2;3;0;3;16;5;21;9.012901751462024;2;5;5;9;2;1;22;-2.5073505629389263;24;6;22;-3.015235963472973;6;5;0;1;23;5.382534253267968;21;-1.6634788631456559;5;18;1;3;1;4;6;3;5;15;2;0;1;5;24;3;20;8.157126611656299;4;3;10;3;0;0;19;9;1;13;8;1;4;3;1;4;2;20;-6.164545390810572;24;4;0;13;23;2.9181643817716214;1;1;1;4;4;7;8.435575998124193;1;5;20;-7.574589983532281;0;23;-0.5776506903453633;16;5;4;0;22;-3.6304489933733786;11;4;3;6;6;20;3.189120101806928;5;2;4;1;5;2;1;4;18;3;20;-3.8703912310835182;6;6;11;1;0;3;1;22;-5.317329967939677;25;1;3;25;1;8;16;5;6;0;8;25;2;6;5;1;0;6;10;4;19;5;0;11;12;2;2;3;0;0;10;22;2.708362774227055;0;17;23;-0.5282139405815034;1;4;0;19;18;2;1;17;17;2;20;-7.02152548001536;10;2;3;5;5;16;0;2;5;17;3;22;0.2737012028143564;0;4;22;-0.06356709592581389;6;19
TRACK:39;9;6;4;3;2;6;5;0;1;23;5.382534253267968;21;-1.6634788631456559;5;18;5;5;5;0;4;5;4;25;4;6;2;24;18
TRACK:40;30;-1;3;5;6;4;3;3;1;0;1;2;15;16;4;14;22;-0.11611764826618592;1;0;5;24;1;13;13;6;6;13
TRACK:41;32;-1;4;3;2;0;6;3;4;5;2;2;16;11;4;22;5.731395919220653;3;0;4;1;0;0;23;9.456104788481127;16;2;24;24;1;6;11;5;19;4;1;4;1;19;8;0;3;10;0;7;-2.6036285447758307;10;5;5;4;0;12;25
TRACK:42;34;-1;4;0;2;0;6;3;4;1;5;22;-7.649703250432147;2;7;-9.41611114535416;10;6;0;5;4;0;12;25;6;5;0;1;23;5.33423338355883;21;-1.7547982086057037;5;18;1;3;1;4;6;3;5;15;2;0;1;5;24;3;20;8.433812327027319;6;0;18;19;3;0;0;19;9;1;13;8;1;4;3;1;4;2;20;-6.197601131371682;24;4;0;13;23;2.712231955775292;1;1;1;4;4;7;8.403499775205164;1;5;20;-7.68814494438702;0;23;-0.4999658721177413;16;5;4;0;22;-3.675317836921409;11;4;3;6;6;20;3.156454712884239;5;2;4;1;5;2;1;4;18;3;20;-3.607247591502775;6;6;11;1;0;3;1;22;-5.55763217981553;25;1;3;25;1;8;16;5;6;0;8;25;2;6;5;1;0;6;10;4;19;5;0;11;12;2;2;3;0;0;10;22;2.3991470153109793;0;17;23;-0.5603256772460878;1;4;0;19;18;2;1;17;17;2;20;-6.904281778378687;10;2;3;5;5;16;0;2;5;17;3;22;0.25147916921705155;0;4;22;-0.06389592348364376;6;19
TRACK:43;36;-1;4;3;2;0;6;3;4;5;2;1;8;13;4;22;5.951369033531268;3;0;25;4;1;4;1;19;8;0;3;10;9;5;5;5;0;4;5;4;25;4;6;2;24;18
TRACK:44;38;-1;4;0;2;0;6;1;2;1;5;0;20;-4.650791559889146;16;6;3;12;0;3;0;19;23;-1.76305951096499;5;11;1;1;2;1;25;22;5.151224966660219;2;11;12;0;5;12;3;10;3;1;2;22;9.937928229813036;22;4.493392119757062;6;7;4.552197722639555;6;0;2;3;0;3;16;5;21;9.082361931194697;2;5;5;9;2;1;22;-2.6349068716600272;24;6;22;-2.927307822854521;6;5;0;1;23;5.2780913112459755;21;-1.5278923174355343;5;18;1;3;1;4;6;3;5;15;2;0;1;5;24;3;20;8.101920174060027;4;3;10;3;0;0;19;9;1;13;8;1;4;3;1;4;2;20;-6.134347195208675;24;4;0;13;23;2.833703048603911;1;1;1;4;4;7;8.522442211916285;1;5;20;-7.609672677557193;0;23;-0.49210326717419095;16;5;4;0;22;-3.645878299671178;11;4;3;6;6;20;3.20322619266047;5;2;4;1;5;2;1;4;18;3;20;-3.9365590839759315;6;6;11;1;0;3;1;22;-5.350569152648437;25;1;3;25;1;8;16;5;6;0;8;25;2;6;5;1;0;6;10;4;19;5;0;11;12;2;2;3;0;0;10;22;2.8024241373827374;0;17;23;-0.5602450804937316;1;4;0;19;18;2;1;17;17;2;20;-6.933160355231329;10;2;3;5;5;16;0;2;5;17;3;22;0.32045063940137875;0;4;22;-0.14320510231609745;6;19
TRACK:45;31;-1;4;0;2;0;6;1;2;1;5;0;20;-4.490339526653185;16;6;3;12;0;3;0;19;23;-1.823198391852549;6;4;19;1;1;2;1;25;22;5.191794153921262;2;11;12;0;5;12;3;10;3;1;2;22;9.714083976800696;22;4.676143121313536;6;7;4.4616069894973664;6;0;2;3;0;3;16;5;21;8.788089882163487;2;5;5;9;2;1;22;-2.4953937097923493;24;6;13;6;5;0;1;23;5.387157561162405;21;-1.6280413063594803;5;18;1;3;1;4;6;3;5;15;2;0;1;5;24;3;20;8.205267711258992;3;25;3;0;0;19;9;1;13;8;1;4;3;1;4;2;20;-5.882927218261561;18;4;0;13;23;2.8293234312207565;1;1;1;4;4;7;8.324258074702772;1;5;20;-7.515423054221207;0;23;-0.6308842497945925;16;5;4;0;22;-3.361276379565693;11;4;3;6;6;20;3.0843619790311356;5;2;4;1;5;2;1;4;18;3;20;-3.932886330942681;6;6;11;1;0;3;1;22;-5.463165212778936;25;1;3;25;1;8;16;5;6;0;8;25;2;6;5;1;0;6;10;4;19;5;0;11;12;2;2;3;0;0;10;7;3.59873050321817;0;17;23;-0.4644332991654149;1;4;0;19;18;2;1;17;17;2;20;-7.032480266897264;10;2;3;5;5;16;0;2;5;17;3;22;0.015513274807282013;0;4;22;-0.20687713744389538;6;19
TRACK:46;33;-1;6;1;6;6;5;14;6;4;5;2;2;16;11;4;22;5.947801872458644
TRACK:47;35;-1;6;1;6;3;3;2;2;20;-9.584464549990704;11;5;5;4;0;12;25;6;6;0;3;1;5;8;1;16;18;2;5;1;4;25;1;7;-5.413428299218634;21;-3.6475885953721736;3;6;24
TRACK:48;37;-1;4;0;2;0;6;3;4;1;5;22;-7.751424112771294;2;7;-9.333385315377297;10;6;0;2;3;0;6;25;5;21;8.809555610137314;2;5;5;9;2;1;22;-2.1537936394676254;24;6;22;-3.1866982013722702;6;5;0;1;23;5.37991128009573;21;-1.780472140168003;5;18;1;3;1;4;6;3;5;15;2;0;1;5;24;3;20;8.173133414331073;4;0;17;14;3;0;0;19;9;1;13;8;1;4;3;1;4;2;20;-6.186840986244927;24;4;0;13;23;3.030931272653651;1;1;1;4;4;7;8.481897483296018;1;5;20;-7.763638192389409;0;23;-0.7265412705916856;16;5;4;0;22;-3.6721020631164927;11;4;3;6;6;20;3.472424037682879;5;2;4;1;5;2;1;4;18;3;20;-3.7071005768954772;6;6;11;1;0;3;1;22;-5.539158454975796;25;1;3;25;1;8;16;5;6;0;8;25;2;6;5;1;0;6;10;4;19;5;0;11;12;2;2;3;0;0;10;22;2.5472534849182513;0;17;23;-0.7466885427196522;1;4;0;19;18;2;1;17;17;2;20;-6.946803331342758;10;2;3;5;5;16;0;2;5;17;3;22;0.19937172745170204;0;4;22;-0.23826652739728377;6;19
TRACK:49;39;-1;4;3;2;6;5;0;1;4;2;1;19;18;3;13;21;-1.7196499760978026;5;18;5;5;5;0;4;5;4;25;4;6;2;24;18
EVAL_INSTANCE:2:0:40
EVAL_INSTANCE:2:1:41
EVAL_INSTANCE:2:2:42
EVAL_INSTANCE:2:3:43
EVAL_INSTANCE:2:4:44
EVAL_INSTANCE:2:5:45
EVAL_INSTANCE:2:6:46
EVAL_INSTANCE:2:7:47
EVAL_INSTANCE:2:8:48
EVAL_INSTANCE:2:9:49
RUN_RESULT:2:0:0:1630:URUURURRU
RUN_RESULT:2:1:0:1570:URUURURRU
RUN_RESULT:2:2:0:2000:----
RUN_RESULT:2:3:0:2000:----
RUN_RESULT:2:4:0:1512:URUURURRU
RUN_RESULT:2:5:0:2000:----
RUN_RESULT:2:6:0:1570:URUURURRU
RUN_RESULT:2:7:0:2000:----
RUN_RESULT:2:8:0:1512:URUURURRU
RUN_RESULT:2:9:0:1570:URUURURRU
     3 |       30 | -2.507600E+03 | -2.904000E+03
TRACK:50;26;27;4;0;2;0;6;3;4;1;5;22;-7.7552206734654465;2;7;-9.407886168821882;10;6;0;2;3;0;3;16;5;21;8.935518492713825;2;5;5;9;2;1;22;-2.3586341888242845;24;6;22;-3.10509756801928;6;5;0;1;23;5.387644346032016;21;-1.721621536806702;5;18;1;3;1;4;6;3;5;15;2;0;1;5;24;2;20;-9.599269767127195;11;4;0;17;14;3;0;0;19;9;1;13;8;1;4;3;1;4;2;20;-6.1623860386349945;24;4;0;13;23;2.886822019238373;1;1;1;4;4;7;8.478864184188241;1;5;20;-7.561089696568958;0;23;-0.5447002001280986;16;5;4;0;22;-3.5387525766979424;11;4;3;6;6;20;3.1979373180979502;5;2;4;1;5;2;1;4;18;3;20;-3.7562478198585203;6;6;11;1;0;3;1;22;-5.386950034921837;25;1;3;25;1;8;16;5;6;0;8;25;2;6;5;1;0;6;10;4;19;5;0;11;12;2;2;3;0;0;10;22;2.4582706017560003;0;17;23;-0.6338152053044639;1;4;0;19;18;2;1;17;17;2;20;-6.983342382967186;10;2;3;5;5;16;0;2;5;17;3;22;0.18751688017637153;0;4;22;-0.169749395101008;6;19
TRACK:51;26;27;6;1;6;3;3;2;2;20;-9.599269767127195;11;5;5;4;0;12;25;6;6;0;3;1;5;8;1;16;18;2;1;1;7;0.8707665246367142;17;1;25;4;2;20;-6.1623860386349945;24;3;6;24
TRACK:52;9;24;4;0;2;0;6;1;2;1;5;0;20;-4.698931169937792;16;6;3;12;0;3;0;19;23;-1.757324306076276;6;4;19;1;1;2;1;25;22;5.182131933241468;2;11;12;0;5;12;3;10;3;1;2;22;9.899580083448761;22;4.598752536736267;6;7;4.475581383150793;6;0;2;3;0;3;16;5;21;9.012901751462024;2;5;5;9;2;1;22;-2.5073505629389263;24;6;22;-3.015235963472973;6;5;0;1;23;5.382534253267968;21;-1.6634788631456559;5;18;1;3;1;4;6;3;5;15;2;0;1;5;24;3;20;8.157126611656299;4;0;17;17;3;0;0;19;9;1;13;8;1;4;3;1;4;2;20;-6.164545390810572;24;4;0;13;23;2.9181643817716214;1;1;1;4;4;7;8.435575998124193;1;5;20;-7.574589983532281;0;23;-0.5776506903453633;16;5;4;0;22;-3.6304489933733786;11;4;3;6;6;20;3.189120101806928;5;2;4;0;4;22;-0.21572417219110707;6;19;2;6;5;1;0;6;10;4;19;5;0;11;12;2;2;3;0;0;10;22;2.708362774227055;0;17;23;-0.5282139405815034;1;4;0;19;18;2;1;17;17;2;20;-7.02152548001536;10;2;3;5;5;16;0;2;5;17;3;22;0.2737012028143564;0;4;22;-0.06356709592581389;6;19
TRACK:53;9;24;4;0;2;0;6;1;2;1;5;0;20;-4.626395213676642;16;6;3;12;0;3;0;19;23;-1.7833706135212777;6;4;19;1;1;2;1;25;22;5.100602153864906;2;11;12;0;5;12;3;10;3;1;2;22;9.744011579828795;22;4.683738591541915;6;7;4.647276526539832;6;0;2;3;0;3;16;5;21;8.978497993253628;2;5;5;9;2;1;22;-2.5156344987219126;24;6;22;-3.1130091861825466;6;5;0;1;23;5.455531787150409;21;-1.8141406795379602;5;18;1;3;1;4;6;3;5;15;2;0;1;5;24;3;20;8.174634077631719;4;0;17;17;3;0;0;19;9;1;13;8;1;4;3;1;4;2;20;-5.975451560456966;18;4;6;20;3.189120101806928;1;1;1;4;4;7;8.37590851556308;1;5;20;-7.618687483123463;0;23;-0.6648258685591616;16;5;4;0;22;-3.4247222599757596;11;4;3;6;6;20;3.1157852846876772;5;2;4;1;5;2;1;4;18;3;20;-3.849874080686241;6;6;11;1;0;3;1;22;-5.493428391963214;25;1;3;25;1;8;16;5;6;0;8;25;2;6;5;1;0;6;10;4;19;5;0;11;12;2;2;3;0;0;10;7;3.4588368032810277;0;17;23;-0.587363430444218;1;4;0;19;18;2;1;17;17;2;20;-7.143643301131095;10;2;3;5;5;16;0;2;5;17;3;22;0.13382769007039375;0;4;22;-0.21572417219110707;6;19
TRACK:54;29;6;0;5;6;6;1;4;6;0;0;5;21;5.4218466468794535;6;11;4;6;20;8.430694525421178;2;2;4;6;5;12;0;0;6;15;1;10;17;2;4;20;6.056431088493078;1;8;23;7.088454188593802;3;6;2;2;9;8;4;10;1;5;3;2;5;4;20;8.099045104043867;2;3;3;4;9;2;5;1;4;20;-4.0431819745080375;5;9;2;2;5;20;2.98103641440568;0;17;10;3;3;7;3.350039505518811;0;4;6;3;5;1;0;6;19;4;20;-8.377375019303788;3;5;11;5;4;0;5;0;4;1;19;16;5;4;14;1;2;0;6;8;5;18;2;0;12;20;-6.065076567734593;2;19;25;1;5;6;15;3;1;8;12
TRACK:55;29;6;4;3;2;15;5;5;5;0;4;5;4;25;4;6;2;24;18
TRACK:56;24;9;4;0;2;0;6;1;2;1;5;0;20;-4.626395213676642;16;6;3;12;0;3;0;19;23;-1.7833706135212777;6;4;19;1;1;2;1;25;22;5.100602153864906;2;11;12;0;5;12;3;10;3;1;2;22;9.744011579828795;22;4.683738591541915;6;7;4.647276526539832;6;0;2;3;0;3;16;5;21;8.978497993253628;2;5;5;9;2;1;22;-2.5156344987219126;24;6;22;-3.1130091861825466;6;5;0;1;23;5.455531787150409;21;-1.8141406795379602;5;18;1;3;1;4;6;3;5;15;2;0;1;5;24;3;20;8.174634077631719;4;0;17;17;3;0;0;19;19;1;13;8;1;4;3;1;4;2;20;-5.975451560456966;18;4;0;13;23;2.8315595963164086;1;1;1;4;4;7;8.37590851556308;1;5;20;-7.618687483123463;0;23;-0.6648258685591616;16;5;4;0;22;-3.4247222599757596;11;4;3;6;6;20;3.1157852846876772;5;2;4;1;5;2;1;4;18;3;20;-3.849874080686241;6;6;11;1;0;3;1;22;-5.493428391963214;25;1;3;25;1;8;16;5;6;0;8;25;2;6;5;1;0;6;10;4;19;5;0;11;12;2;2;3;0;0;10;7;3.4588368032810277;0;17;23;-0.587363430444218;1;4;0;19;18;2;1;17;17;2;20;-7.143643301131095;10;2;3;5;5;16;0;2;5;17;3;22;0.13382769007039375;0;4;22;-0.21572417219110707;6;19
TRACK:57;24;9;4;0;2;0;6;1;2;1;5;0;20;-4.698931169937792;16;6;3;12;0;3;0;19;23;-1.757324306076276;6;4;19;1;1;2;1;25;22;5.182131933241468;2;11;12;0;5;12;3;10;3;1;2;22;9.899580083448761;22;4.598752536736267;6;7;4.475581383150793;6;0;2;3;0;3;16;5;21;9.012901751462024;2;5;5;9;2;1;22;-2.5073505629389263;24;6;22;-3.015235963472973;6;5;0;1;23;5.382534253267968;21;-1.6634788631456559;5;18;1;3;1;4;6;3;5;15;2;0;1;5;24;3;20;8.157126611656299;4;0;17;17;3;0;0;19;9;1;13;8;1;4;3;1;4;2;20;-6.164545390810572;24;4;0;13;23;2.9181643817716214;1;1;1;4;4;7;8.435575998124193;1;5;20;-7.574589983532281;0;23;-0.5776506903453633;16;5;4;0;22;-3.6304489933733786;11;4;3;6;6;20;3.189120101806928;5;2;4;1;5;2;1;4;18;3;20;-3.8703912310835182;6;6;11;1;0;3;1;22;-5.317329967939677;25;1;3;25;1;8;16;5;6;0;8;25;2;6;5;1;0;6;10;4;19;5;0;11;12;2;2;3;0;0;10;22;2.708362774227055;0;17;23;-0.5282139405815034;1;4;0;19;18;2;1;17;17;2;20;-7.02152548001536;10;2;3;5;5;16;0;2;5;17;3;22;0.2737012028143564;0;4;22;-0.06356709592581389;6;11
TRACK:58;27;48;6;1;6;3;3;2;2;19;11;5;5;4;0;12;25;6;6;0;3;1;5;8;1;16;18;2;1;1;7;0.8707665246367142;17;1;25;9;3;6;24
TRACK:59;27;48;4;0;2;0;6;3;4;1;5;22;-7.751424112771294;2;7;-9.333385315377297;10;6;0;2;3;0;6;25;5;21;8.809555610137314;2;5;5;9;2;1;22;-2.1537936394676254;24;6;22;-3.1866982013722702;6;5;0;1;23;5.37991128009573;21;-1.780472140168003;5;18;1;3;1;4;6;3;5;15;2;0;1;5;24;3;20;8.173133414331073;4;0;17;14;3;0;0;19;9;1;13;8;1;4;3;1;4;2;20;-6.186840986244927;24;4;0;13;23;3.030931272653651;1;1;1;4;4;7;8.481897483296018;1;5;20;-7.763638192389409;0;23;-0.7265412705916856;16;5;4;0;22;-3.6721020631164927;11;4;3;6;6;20;3.472424037682879;5;2;4;1;5;2;1;4;18;3;20;-3.7071005768954772;6;6;11;1;0;3;1;22;-5.539158454975796;25;1;3;25;1;8;16;5;6;0;8;25;2;6;5;1;0;6;10;4;19;5;0;11;12;2;2;3;0;0;10;22;2.5472534849182513;0;17;23;-0.7466885427196522;7;0.8707665246367142;2;3;5;5;16;0;2;5;17;3;22;0.19937172745170204;0;4;22;-0.23826652739728377;6;19
TRACK:60;50;-1;4;0;2;0;6;3;4;1;5;22;-7.588439421926413;2;7;-9.267195757798175;10;6;6;2;3;15;3;25;1;3;1;4;6;3;5;15;2;0;1;5;24;2;20;-9.668486993809873;11;4;0;17;14;3;0;0;19;9;1;13;8;1;4;3;1;4;2;20;-5.981848981281499;24;4;0;13;23;2.823422021615203;1;1;1;4;4;7;8.32624357485353;1;5;20;-7.382941589600352;0;23;-0.7066166840671873;16;5;4;0;22;-3.6452014803118553;11;4;3;6;6;20;3.2061064859691446;5;2;4;1;5;2;1;4;18;3;20;-3.7539189981910086;6;6;11;1;0;3;1;22;-5.389675591232585;25;1;3;25;1;8;16;5;6;0;8;25;2;6;5;1;0;6;10;4;19;5;0;11;12;2;2;3;0;0;10;22;2.3642806174201336;0;17;23;-0.6742398853758672;1;4;0;19;18;2;1;17;17;2;20;-6.979694691054362;10;2;3;5;5;16;0;2;5;17;3;22;0.14033464179715474;0;4;22;-0.33755201743312846;6;19
TRACK:61;9;-1;4;0;2;0;6;1;2;1;5;0;20;-4.741866976518446;16;6;3;12;0;3;0;19;23;-1.685034235039078;6;4;19;1;1;2;1;25;22;5.323319198603789;2;11;12;0;5;12;3;10;3;1;2;22;9.833807579657392;22;4.525696327993964;6;7;4.558967521831743;6;0;2;3;0;3;16;5;21;8.896339933665812;2;5;5;9;2;1;22;-2.5279233897966678;24;6;22;-3.1497360646543116;6;5;0;1;23;5.379671566557145;21;-1.7740206223276507;5;18;1;3;1;4;6;3;5;15;2;0;1;5;24;3;20;8.203558269419295;4;0;17;17;3;0;0;19;9;1;13;8;1;4;3;1;4;2;20;-6.164945974118089;24;4;0;13;23;2.966366188192937;1;1;1;4;4;7;8.373728325983027;1;5;20;-7.6673252390604505;0;23;-0.41694971338210735;16;5;4;0;22;-3.5163754417582136;11;4;3;6;6;20;3.102258832361507;5;2;4;1;5;2;1;4;18;3;20;-3.9496675351002972;6;6;11;1;0;3;1;22;-5.175499386778401;25;1;3;25;1;8;25;5;6;0;8;25;2;6;5;1;0;6;10;4;19;5;0;11;12;2;2;3;0;0;10;22;2.7119347534179803;0;17;23;-0.5388579152563638;1;4;0;19;18;2;1;17;17;2;20;-7.00317490198396;10;2;3;5;5;16;0;2;5;17;3;22;0.32616814122775384;0;4;22;-0.0479105192420827;6;19
TRACK:62;54;-1;0;5;6;6;1;4;6;0;0;5;21;5.286431107145705;6;11;4;6;20;8.516458988378998;2;2;4;6;5;12;0;0;6;15;1;10;17;2;4;20;6.09659680878964;1;8;23;6.852661462994521;3;6;2;2;9;8;4;10;1;5;3;2;5;4;20;8.155820956359207;2;3;3;4;9;2;5;1;4;20;-4.041964818792235;5;9;2;2;5;20;2.902309138915602;0;17;10;3;3;7;3.215216587537242;0;4;6;3;5;1;0;6;19;4;20;-8.413968427557835;3;5;11;5;4;0;5;0;4;1;19;16;5;4;14;1;2;0;6;13;5;18;2;0;12;20;-6.226913904612682;2;19;25;1;5;6;15;3;1;8;12
TRACK:63;56;-1;4;0;2;0;6;1;2;1;5;0;20;-4.568866615850792;16;6;3;12;0;3;0;19;23;-1.801528539847071;6;4;19;1;1;2;1;25;22;5.35224007658987;2;11;12;0;5;12;3;10;3;1;2;22;9.717226357010563;22;4.64920645070499;6;7;4.671181226276447;6;0;2;3;0;3;16;5;21;8.885755228869726;2;5;5;9;2;1;22;-2.4796000522824464;24;6;22;-2.9778230314003826;6;5;0;1;23;5.290122613613036;21;-1.8857535851640537;5;18;1;3;1;4;6;3;5;15;2;0;1;5;24;3;20;8.08796583098292;6;3;25;3;0;0;19;19;1;13;8;1;4;3;1;4;2;20;-6.316905945424271;18;4;0;13;23;2.8039789007190343;1;1;1;4;4;7;8.319878478332662;1;5;20;-7.595551623962104;0;23;-0.4685263326358651;16;5;4;0;22;-3.3086552209516222;11;4;3;6;6;20;3.130440463026821;5;2;4;1;5;2;1;4;18;3;20;-3.8922022497240536;6;6;11;1;0;3;1;22;-5.533451722149823;25;1;3;25;1;8;16;5;6;0;8;25;2;6;5;1;0;6;10;4;19;5;0;11;12;2;2;3;0;0;10;7;3.4778883994237235;0;17;23;-0.4022076435812747;1;4;0;19;18;2;1;17;17;2;20;-7.051965497275846;10;2;3;5;5;16;0;2;5;17;3;22;0.12949851337843646;0;4;22;-0.2360410059399151;6;19
TRACK:64;58;-1;6;1;6;3;3;2;2;19;11;5;5;4;0;17;25;6;6;0;3;1;5;8;1;16;18;2;1;1;7;0.7986251857125031;17;1;25;9;3;6;24
TRACK:65;51;-1;6;1;6;3;3;2;2;20;-9.715588299861553;11;5;5;4;0;12;25;6;6;0;3;1;5;8;1;16;18;2;1;1;7;0.760688389970631;17;1;25;5;5;9;3;6;24
TRACK:66;24;-1;4;0;2;0;6;1;2;1;5;0;20;-4.583431220764282;16;6;3;12;0;3;0;19;23;-1.827800295002353;6;4;19;1;1;2;1;25;22;5.128781774685953;2;11;12;0;5;12;3;10;3;1;2;22;9.7312318201898;22;4.498735250403988;6;7;4.687128673673269;6;0;2;3;0;3;16;5;21;8.92510229988222;2;5;5;9;2;1;22;-2.582925308902494;24;6;22;-3.029048186930255;6;5;0;1;23;5.309507727416831;21;-1.8858894730921454;5;18;1;3;1;4;6;3;5;15;2;0;1;5;24;3;22;-3.2214919122925822;4;0;17;17;3;0;0;19;9;1;13;8;1;4;3;1;4;2;20;-5.801918310153108;18;4;0;13;23;2.967446553777124;1;1;1;4;4;7;8.494254551397885;1;5;20;-7.748932378073063;0;23;-0.7074204090137166;16;5;4;0;22;-3.499217390316827;11;4;3;6;6;20;3.162464788315683;5;2;4;1;5;2;1;4;18;3;20;-3.95995883457588;6;6;11;1;0;3;1;22;-5.462266105466293;25;1;3;25;1;8;16;5;6;0;8;25;2;6;5;1;0;6;10;4;19;5;0;11;12;2;2;3;0;0;10;7;3.596349780800953;0;17;23;-0.8727325386590035;1;4;0;19;18;2;1;17;17;2;20;-7.128577276118059;10;2;3;5;5;16;0;2;5;17;3;22;0.15597771125260368;0;4;22;-0.10585476068642158;6;19
TRACK:67;55;-1;4;3;2;15;5;5;5;0;4;5;4;25;4;6;5;13
TRACK:68;57;-1;4;0;2;0;6;1;2;1;5;0;20;-4.703090788426484;16;6;3;12;0;3;0;19;23;-1.8749991272788518;6;4;19;1;1;2;1;25;22;5.209419927955224;2;11;12;0;5;12;3;10;3;1;2;22;9.73366124479655;22;4.560042843037355;6;7;4.527870169339735;6;0;2;3;0;3;16;5;21;9.179439391129739;2;5;5;9;2;1;22;-2.4838260541002635;24;6;22;-3.093019756981339;6;5;0;1;23;5.26896612139725;21;-1.5427103947671157;5;18;1;3;1;4;6;3;5;15;2;0;1;5;24;3;20;8.105897678811887;4;0;17;17;3;0;0;19;9;1;13;8;1;4;3;1;4;2;20;-6.0954612707414935;24;4;0;13;23;2.8634000526331382;1;1;1;4;4;7;8.50613472697011;1;5;20;-7.693792496802217;0;23;-0.6682417299012705;16;5;4;0;22;-3.832937825837409;11;4;3;6;6;20;3.2386327241296606;5;2;4;1;5;2;1;4;18;3;20;-4.0229491132257715;6;6;11;1;0;3;1;22;-5.295757298253469;25;1;3;25;1;8;16;5;6;0;8;25;2;6;5;1;0;6;10;4;19;5;0;11;12;2;2;3;0;0;10;7;5.657013367264154;0;17;23;-0.4720421726332522;1;4;0;19;18;2;1;17;17;2;20;-7.107715685249401;10;2;3;5;5;16;0;2;5;17;3;22;0.052450691323961546;0;4;22;-0.08182200299871481;6;11
TRACK:69;59;-1;4;0;2;0;6;3;4;1;5;22;-7.615083221705903;2;7;-9.35956651639011;10;6;0;2;3;0;6;25;5;21;8.92699684848483;2;5;5;9;2;1;22;-2.074320306029861;24;6;22;-3.2881770359020783;6;5;0;1;23;5.599608930247752;21;-1.6683238666086229;5;18;1;3;1;4;6;3;5;15;2;0;1;5;24;3;20;8.17515002690955;4;0;17;14;3;0;0;19;9;1;13;8;1;4;3;1;4;2;20;-6.18367428768533;24;4;0;13;23;2.9857482488587093;1;1;1;4;4;7;8.201999632938195;1;5;20;-7.819723149521684;0;23;-0.7827641319028674;16;5;4;0;22;-3.7004255061977083;11;4;3;6;6;20;3.4508534440803937;5;2;4;1;5;2;1;4;18;3;20;-3.8645334191524774;6;6;11;1;1;22;-1.3808707377497207;14;5;6;0;8;25;2;6;5;1;0;6;10;4;19;5;0;11;12;2;2;3;0;0;10;22;2.707874082319308;0;17;23;-0.6444106320874905;7;0.8156137932924251;2;3;5;5;16;0;2;5;17;3;22;0.16504063079440306;0;4;22;-0.35097551053835896;6;19
EVAL_INSTANCE:3:0:60
EVAL_INSTANCE:3:1:61
EVAL_INSTANCE:3:2:62
EVAL_INSTANCE:3:3:63
EVAL_INSTANCE:3:4:64
EVAL_INSTANCE:3:5:65
EVAL_INSTANCE:3:6:66
EVAL_INSTANCE:3:7:67
EVAL_INSTANCE:3:8:68
EVAL_INSTANCE:3:9:69
RUN_RESULT:3:0:0:2000:----
RUN_RESULT:3:1:0:1512:URUURURRU
RUN_RESULT:3:2:0:1558:URUURURRU
RUN_RESULT:3:3:0:1512:URUURURRU
RUN_RESULT:3:4:0:2000:----
RUN_RESULT:3:5:0:1096:URUURURRU
RUN_RESULT:3:6:0:1512:URUURURRU
RUN_RESULT:3:7:0:1558:URUURURRU
RUN_RESULT:3:8:0:1512:URUURURRU
RUN_RESULT:3:9:0:1512:URUURURRU
     4 |       40 | -2.571200E+03 | -2.904000E+03
TRACK:70;48;65;4;0;2;0;6;3;4;1;5;17;2;7;-9.333385315377297;10;6;0;2;3;0;6;25;5;21;8.809555610137314;2;5;5;9;2;1;22;-2.1537936394676254;24;6;22;-3.1866982013722702;6;5;0;1;23;5.37991128009573;21;-1.780472140168003;5;18;1;3;1;4;6;3;5;15;2;0;1;5;24;3;20;8.173133414331073;4;0;17;14;3;0;0;19;9;1;13;8;1;4;3;1;4;2;20;-6.186840986244927;24;4;0;13;23;3.030931272653651;1;1;1;4;4;7;8.481897483296018;1;5;20;-7.763638192389409;0;23;-0.7265412705916856;16;5;4;0;22;-3.6721020631164927;11;4;3;6;6;20;3.472424037682879;5;2;4;1;5;2;1;4;18;3;20;-3.7071005768954772;6;6;11;1;0;3;1;22;-5.539158454975796;25;1;3;25;1;8;16;5;6;0;8;25;2;6;5;1;0;6;10;4;19;5;0;11;12;2;2;3;0;0;10;22;2.5472534849182513;0;17;23;-0.7466885427196522;1;4;0;19;18;2;1;17;17;2;20;-6.946803331342758;10;2;3;5;5;16;0;2;5;17;3;22;0.19937172745170204;0;4;22;-0.23826652739728377;6;19
TRACK:71;48;65;6;1;6;3;3;2;2;20;-9.715588299861553;11;5;5;4;0;12;25;6;6;0;3;1;5;8;11;2;1;1;7;0.760688389970631;17;1;25;5;5;9;3;6;24
TRACK:72;63;27;4;0;2;0;6;1;2;1;5;0;20;-4.568866615850792;16;6;3;12;0;3;0;19;23;-1.801528539847071;6;4;19;1;1;2;1;25;22;5.35224007658987;2;11;12;0;5;12;3;10;3;1;2;22;9.717226357010563;22;4.64920645070499;6;12;6;0;2;3;0;3;16;5;21;8.885755228869726;2;5;5;9;2;1;22;-2.4796000522824464;24;6;22;-2.9778230314003826;6;5;0;1;23;5.290122613613036;21;-1.8857535851640537;5;18;1;3;1;4;6;3;5;15;2;0;1;5;24;3;20;8.08796583098292;6;3;25;3;0;0;19;19;1;13;8;1;4;3;1;4;2;20;-6.316905945424271;18;4;0;13;23;2.8039789007190343;1;1;1;4;4;7;8.319878478332662;1;5;20;-7.595551623962104;0;23;-0.4685263326358651;16;5;4;0;22;-3.3086552209516222;11;4;3;6;6;20;3.130440463026821;5;2;4;1;5;2;1;4;18;3;20;-3.8922022497240536;6;6;11;1;0;3;1;22;-5.533451722149823;25;1;3;25;1;8;16;5;6;0;8;25;2;6;5;1;0;6;10;4;19;5;0;11;12;2;2;3;0;0;10;7;3.4778883994237235;0;17;23;-0.4022076435812747;1;4;0;19;18;2;1;17;17;2;20;-7.051965497275846;10;2;3;5;5;16;0;2;5;17;3;22;0.12949851337843646;0;4;22;-0.2360410059399151;6;19
TRACK:73;63;27;6;1;6;3;3;2;2;20;-9.599269767127195;11;5;5;4;0;12;25;6;6;0;3;1;5;8;1;16;18;2;1;1;7;0.8707665246367142;17;19;3;6;24
TRACK:74;9;63;4;0;2;0;6;1;2;1;5;0;20;-4.698931169937792;16;6;3;12;0;3;0;19;23;-1.757324306076276;6;4;19;1;1;2;1;25;22;5.182131933241468;2;11;12;0;5;12;3;10;3;1;2;22;9.899580083448761;22;4.598752536736267;6;7;4.475581383150793;6;0;2;3;0;3;16;5;21;9.012901751462024;2;5;5;9;2;1;22;-2.5073505629389263;24;6;22;-3.015235963472973;6;5;0;1;23;5.382534253267968;21;-1.6634788631456559;5;18;1;3;1;4;6;3;5;15;2;0;1;1;22;-2.4796000522824464;24;3;20;8.157126611656299;4;0;17;17;3;0;0;19;9;1;13;8;1;4;3;1;4;2;20;-6.164545390810572;24;4;0;13;23;2.9181643817716214;1;1;1;4;4;7;8.435575998124193;1;5;20;-7.574589983532281;0;23;-0.5776506903453633;16;5;4;0;22;-3.6304489933733786;11;4;3;6;6;20;3.189120101806928;5;2;4;1;5;2;1;4;18;3;20;-3.8703912310835182;6;6;11;1;0;3;1;22;-5.317329967939677;25;1;3;25;1;8;16;5;6;0;8;25;2;6;5;1;0;6;10;4;19;5;0;11;12;2;2;3;0;0;10;22;2.708362774227055;0;17;23;-0.5282139405815034;1;4;0;19;18;2;1;17;17;2;20;-7.02152548001536;10;2;3;5;5;16;0;2;5;17;3;22;0.2737012028143564;0;4;22;-0.06356709592581389;6;19
TRACK:75;9;63;4;0;2;0;6;1;2;1;5;0;20;-4.568866615850792;16;6;3;12;0;3;0;19;23;-1.801528539847071;6;4;19;1;1;2;1;25;22;5.35224007658987;2;11;12;0;5;12;3;10;3;1;2;22;9.717226357010563;22;4.64920645070499;6;7;4.671181226276447;6;0;2;3;0;3;16;5;21;8.885755228869726;2;5;5;9;2;1;22;-2.4796000522824464;24;6;22;-2.9778230314003826;6;5;0;1;23;5.382534253267968;21;-1.6634788631456559;5;18;1;3;1;4;6;3;5;15;2;0;1;5;24;3;20;8.08796583098292;6;3;25;3;0;0;19;19;1;13;8;1;4;3;1;4;2;20;-6.316905945424271;18;4;0;13;23;2.8039789007190343;1;1;1;4;4;7;8.319878478332662;1;5;20;-7.595551623962104;0;23;-0.4685263326358651;16;5;4;0;22;-3.3086552209516222;11;4;3;6;6;20;3.130440463026821;5;2;4;1;5;2;1;4;18;3;20;-3.8922022497240536;6;6;11;1;0;3;1;22;-5.533451722149823;25;1;3;25;1;8;16;5;6;0;8;25;2;6;5;1;0;6;10;4;19;5;0;11;12;2;2;3;0;0;10;7;3.4778883994237235;0;17;23;-0.4022076435812747;1;4;0;19;18;2;1;17;17;2;20;-7.051965497275846;10;2;3;5;5;16;0;2;5;17;3;22;0.12949851337843646;0;4;22;-0.2360410059399151;6;19
TRACK:76;26;65;4;0;2;0;6;3;4;1;5;22;-7.7552206734654465;2;7;-9.407886168821882;10;6;0;2;3;0;3;16;5;21;8.935518492713825;2;5;5;9;2;1;22;-2.3586341888242845;24;6;22;-3.10509756801928;6;5;0;1;23;5.387644346032016;21;-1.721621536806702;5;18;1;3;1;4;6;3;5;15;2;0;1;5;24;3;20;8.287514425576177;4;0;17;14;3;0;0;19;9;1;13;8;1;4;3;24;1;1;1;4;4;7;8.478864184188241;1;5;20;-7.561089696568958;0;23;-0.5447002001280986;16;5;4;0;22;-3.5387525766979424;11;4;3;6;6;20;3.1979373180979502;5;2;4;1;5;2;1;4;18;3;20;-3.7562478198585203;6;6;11;1;0;3;1;22;-5.386950034921837;25;1;3;25;1;8;16;5;6;0;8;25;2;6;5;1;0;6;10;4;19;5;0;11;12;2;2;3;0;0;10;22;2.4582706017560003;0;17;23;-0.6338152053044639;1;4;0;19;18;2;1;17;17;2;20;-6.983342382967186;10;2;3;5;5;16;0;2;5;17;3;22;0.18751688017637153;0;4;22;-0.169749395101008;6;19
TRACK:77;26;65;6;1;6;3;3;2;2;20;-9.715588299861553;11;5;5;4;0;12;25;6;6;0;3;1;5;8;1;16;18;2;1;1;7;0.760688389970631;17;1;25;5;5;9;3;5;6;0;8;25
TRACK:78;48;27;4;0;2;0;6;3;4;1;5;22;-7.751424112771294;2;7;-9.333385315377297;10;6;0;2;3;0;6;25;5;21;8.809555610137314;2;5;5;9;2;1;22;-2.1537936394676254;24;6;22;-3.1866982013722702;6;5;0;1;23;5.37991128009573;21;-1.780472140168003;5;18;1;3;1;4;6;3;5;15;2;0;1;5;24;3;20;8.173133414331073;4;0;17;14;3;0;0;19;9;1;13;8;1;4;3;1;4;2;9;24;4;0;13;23;3.030931272653651;1;1;1;4;4;7;8.481897483296018;1;5;20;-7.763638192389409;0;23;-0.7265412705916856;16;5;4;0;22;-3.6721020631164927;11;4;3;6;6;20;3.472424037682879;5;2;4;1;5;2;1;4;18;3;20;-3.7071005768954772;6;6;11;1;0;3;1;22;-5.539158454975796;25;1;3;25;1;8;16;5;6;0;8;25;2;6;5;1;0;6;10;4;19;5;0;11;12;2;2;3;0;0;10;22;2.5472534849182513;0;17;23;-0.7466885427196522;1;4;0;19;18;2;1;17;17;2;20;-6.946803331342758;10;2;3;5;5;16;0;2;5;17;3;22;0.19937172745170204;0;4;22;-0.23826652739728377;6;19
TRACK:79;48;27;6;1;6;3;3;2;2;20;-9.599269767127195;11;5;5;4;0;12;25;6;6;0;3;1;5;8;1;16;18;2;1;2;5;5;9;2;1;22;-2.1537936394676254;24;6;22;-3.1866982013722702;1;25;9;3;6;24
TRACK:80;70;-1;4;0;2;0;6;3;4;1;5;17;2;7;-9.554206026496177;10;6;0;2;3;0;6;25;5;21;8.77670037465853;2;5;5;9;2;1;22;-2.0385530398839653;24;6;22;-3.308225768688159;6;5;0;1;23;5.248267920884242;21;-1.6145762257343825;5;18;1;3;1;4;6;3;5;7;-5.2787561338490026;2;0;1;5;24;3;20;7.988526255043334;4;0;17;14;3;0;0;19;9;1;13;8;1;4;3;1;4;2;20;-6.338711548408705;24;4;0;13;23;2.9988242235724654;1;1;1;4;4;7;8.544338264293764;1;5;20;-7.612760518101059;0;23;-0.8169835213979896;16;5;4;0;22;-3.812182994235142;11;4;3;6;6;20;3.5739948215725015;5;2;4;1;5;2;1;4;18;3;20;-3.825920085904522;6;6;11;1;0;3;1;22;-5.553638914780732;25;1;3;25;1;8;16;5;6;0;8;25;2;6;5;1;0;6;10;4;19;5;0;11;12;2;2;3;0;0;10;22;2.426229987575898;0;17;23;-0.7035231457194153;1;4;0;19;18;2;1;17;17;2;20;-6.991201404329273;10;2;3;5;5;16;0;2;5;17;3;22;0.24901636630376395;0;4;22;-0.26489825590863014;6;19
TRACK:81;72;-1;4;0;2;0;6;1;2;1;5;0;20;-4.560607906671195;16;6;3;12;0;3;0;19;23;-1.7718376875818471;6;4;19;1;1;3;22;8.55100565650724;0;5;12;3;10;3;1;2;22;9.74597306583088;22;4.688822122481194;6;12;6;0;2;3;0;3;16;5;21;8.950530050765005;2;5;5;9;2;1;22;-2.587131573593499;24;6;22;-3.0172367829318136;6;5;0;1;23;5.287176345419603;21;-1.9900450638998726;5;18;1;3;1;4;6;3;5;15;2;0;1;5;24;3;20;8.084848697197748;6;3;25;3;0;0;19;19;1;13;8;1;4;3;1;4;2;20;-6.168538152917705;18;4;0;13;23;2.7150996560470526;1;1;1;4;4;7;8.317656667509008;1;5;20;-7.491527707746877;0;23;-0.5180895334822336;16;5;4;0;22;-3.2615752482037816;11;4;3;6;6;20;3.0460671123947147;5;2;4;1;5;2;1;4;18;3;20;-3.8355895279666066;6;6;11;1;0;3;1;22;-5.306254165660844;25;1;3;25;1;8;16;5;6;0;8;25;2;6;5;1;0;6;10;4;19;5;0;11;12;2;2;3;0;0;10;7;3.574543590678305;0;17;23;-0.2998801207453636;1;4;0;19;18;2;1;17;17;2;20;-7.043075205157625;10;2;3;5;5;16;0;2;5;17;3;22;-0.10260006583893816;0;4;22;-0.19071131603782446;6;19
TRACK:82;74;-1;4;0;2;0;6;1;2;1;5;0;20;-4.733322943833345;16;6;3;12;0;3;0;19;23;-1.7980253851682786;6;4;19;1;5;3;1;17;24;3;1;2;22;9.93986490943569;22;4.607902796394993;6;7;4.3520864161503745;6;0;2;3;0;3;16;5;21;9.247443682784512;2;5;5;9;2;1;22;-2.4201602717438537;24;6;22;-3.1933621375096317;6;5;0;1;23;5.514347572313746;21;-1.4745964694114004;5;18;1;3;1;4;6;3;5;15;2;0;1;1;22;-2.6710698588799007;24;3;20;8.129967670728046;4;0;17;17;3;0;0;19;9;1;13;8;1;4;3;1;4;2;20;-6.180207827320496;24;4;0;13;23;3.020880392497013;1;1;1;4;4;7;8.485569705925968;1;5;20;-7.404945707917473;0;23;-0.5731035309530924;16;5;4;0;22;-3.4931872862106976;11;4;3;6;6;20;3.170197122130499;5;2;4;1;5;2;1;4;18;3;20;-3.9900942284367846;6;6;11;1;0;3;1;22;-5.288242525133534;25;1;3;25;1;8;16;5;6;0;8;25;2;6;5;1;0;6;10;4;19;5;0;11;12;2;2;3;0;0;10;22;2.7613133431193724;0;17;23;-0.5080049308588463;1;4;0;19;18;2;1;17;17;2;20;-7.0170419801340795;10;2;3;5;5;16;0;2;5;17;3;22;0.22396351920953395;0;4;22;-0.032561944987834254;6;19
TRACK:83;26;-1;4;0;2;0;6;3;4;1;5;22;-7.719774727975769;2;7;-9.359361136704148;10;6;0;2;4;0;21;1.216220145105158;13;2;5;5;9;2;1;22;-2.421608912320953;24;6;22;-3.045568715625576;6;5;0;1;23;5.4113023579494115;21;-1.8695170278233968;5;18;1;3;1;4;6;3;5;15;2;0;1;5;24;3;20;8.284913663286087;4;0;17;14;3;0;0;19;9;1;13;8;1;4;3;1;4;2;20;-6.07630875260342;24;4;0;13;23;2.9070176585434067;1;1;1;4;4;7;8.3483354661885;1;5;20;-7.37943587217288;0;23;-0.4383268708463739;16;5;4;0;22;-3.519914190280748;11;4;3;6;6;20;3.254755591678846;5;2;4;1;5;2;1;4;18;3;20;-3.5116152420006683;6;6;11;1;0;3;1;22;-5.5965475854036;25;1;3;25;1;8;16;5;6;0;8;25;2;6;5;1;0;6;10;4;19;5;0;11;12;2;2;3;0;0;10;22;2.5406183041745254;0;17;23;-0.5121430985482467;1;4;0;19;18;2;1;17;17;2;20;-7.089608935450067;10;2;3;5;5;16;0;2;5;17;3;22;0.29252069245256657;0;4;22;-0.21956521423997918;6;19
TRACK:84;78;-1;4;0;2;0;6;3;4;1;5;22;-7.933255207207454;2;7;-9.359071341841092;10;6;0;2;3;0;6;25;5;21;8.877221418640307;2;5;5;9;2;1;22;-2.0548653174389404;24;6;22;-3.1345413663994393;6;5;0;1;23;5.59419993567302;21;-1.9427480684989415;5;18;1;3;1;4;6;3;5;15;2;0;1;5;24;3;20;8.140579229995133;4;0;17;14;3;0;0;19;9;1;13;8;1;4;3;1;4;2;9;24;4;0;13;23;3.06624701338009;0;12;10;5;2;4;1;5;2;1;4;18;3;20;-3.767303031795666;6;6;11;1;0;3;1;22;-5.562785288373097;25;1;3;25;1;8;16;5;6;0;8;25;2;6;5;1;0;6;10;4;19;5;0;11;12;2;2;3;0;0;10;22;2.4588378003890203;0;17;23;-0.536311742648509;1;4;0;19;18;2;1;17;17;2;20;-6.8225847534602675;10;2;3;5;5;16;0;2;5;17;3;22;0.3149488839084678;0;4;22;-0.19723428297487963;6;19
TRACK:85;71;-1;6;1;6;3;3;2;2;3;6;21;-2.075177343564059;11;5;5;4;0;12;25;6;6;0;3;1;5;8;11;2;1;1;7;0.8592705739423557;17;1;25;5;5;9;3;6;24
TRACK:86;73;-1;6;1;6;3;3;2;2;20;-9.618583214350359;11;5;5;4;0;12;25;6;6;0;3;6;21;3.237078317077655;2;1;1;7;0.791399538971662;17;19;3;6;24
TRACK:87;75;-1;4;0;2;0;6;1;2;1;5;0;20;-4.616624110154326;16;6;3;12;2;2;9;12;5;21;-7.8665851902703725;1;1;2;1;25;22;5.372368445835878;2;11;12;0;5;12;3;10;3;1;2;22;9.752005422237334;22;4.587240307916384;6;7;4.5461265717909205;6;0;2;3;0;3;16;5;21;8.896983976364867;2;5;5;9;2;1;22;-2.5325773157260563;24;6;22;-3.0708434145239725;6;5;0;1;23;5.30800412234327;21;-1.7095382953159342;5;18;1;3;1;4;6;3;5;15;2;0;1;5;24;3;20;8.031137100161953;6;3;25;3;0;0;19;19;1;13;8;1;4;3;1;4;2;20;-6.361118094055512;18;4;0;13;23;2.8888957955606887;1;1;1;4;4;7;8.269976101524945;1;5;20;-7.527045606060539;0;23;-0.3863217672426036;16;5;4;0;22;-3.4684265464308983;11;4;3;6;6;20;3.2450889833802328;5;2;4;1;5;2;1;4;18;3;20;-3.905383930658512;6;6;11;1;0;3;1;22;-5.623747353038743;25;1;3;25;1;8;16;5;6;0;8;25;2;6;5;1;0;6;10;4;19;5;0;11;12;2;2;3;0;0;10;7;3.5557358847684988;0;17;23;-0.5356534807251163;1;4;0;19;18;2;1;17;17;2;20;-7.084770898947387;10;2;3;5;5;16;0;2;5;17;3;22;0.2068191881267906;0;4;22;-0.3253910010061838;6;19
TRACK:88;65;-1;6;1;6;3;3;2;2;20;-9.574651029732454;11;5;5;4;0;12;25;6;6;0;3;1;2;1;5;23;-5.496873186749472;5;24;6;4;23;1.948557385126735;1;16;18;2;1;1;7;0.8621595086099196;17;1;25;5;5;9;3;6;24
TRACK:89;79;-1;6;1;6;3;3;2;2;20;-9.488973958325028;11;5;5;4;0;12;25;6;6;0;3;1;5;8;1;16;18;2;1;2;5;5;9;2;1;22;-2.079119428024738;24;3;10;1;25;9;3;6;24
EVAL_INSTANCE:4:0:80
EVAL_INSTANCE:4:1:81
EVAL_INSTANCE:4:2:82
EVAL_INSTANCE:4:3:83
EVAL_INSTANCE:4:4:84
EVAL_INSTANCE:4:5:85
EVAL_INSTANCE:4:6:86
EVAL_INSTANCE:4:7:87
EVAL_INSTANCE:4:8:88
EVAL_INSTANCE:4:9:89
RUN_RESULT:4:0:0:1512:URUURURRU
RUN_RESULT:4:1:0:1512:URUURURRU
RUN_RESULT:4:2:0:1512:URUURURRU
RUN_RESULT:4:3:0:1512:URUURURRU
RUN_RESULT:4:4:0:1512:URUURURRU
RUN_RESULT:4:5:0:2000:----
RUN_RESULT:4:6:0:2000:----
RUN_RESULT:4:7:0:1512:URUURURRU
RUN_RESULT:4:8:0:1096:URUURURRU
RUN_RESULT:4:9:0:310:ULLLUUUDRURRURRRR
     5 |       50 | -2.733000E+03 | -3.690000E+03
TRACK:90;88;89;6;1;6;3;3;2;2;20;-9.574651029732454;11;5;5;4;0;12;25;6;6;0;3;1;2;1;5;23;-5.496873186749472;5;24;6;4;23;1.948557385126735;1;16;18;2;1;1;7;0.8621595086099196;9;1;25;5;5;9;3;6;24
TRACK:91;88;89;6;1;6;3;3;2;2;20;-9.488973958325028;11;5;5;4;0;12;25;24
TRACK:92;27;61;6;1;6;3;3;2;2;20;-9.599269767127195;11;5;7;8.373728325983027;6;6;0;3;1;5;8;1;16;18;2;1;1;7;0.8707665246367142;17;1;25;9;3;6;24
TRACK:93;27;61;4;0;2;0;6;1;2;1;5;0;20;-4.741866976518446;16;6;3;12;0;3;0;19;23;-1.685034235039078;6;4;19;1;1;2;1;25;22;5.323319198603789;2;11;12;0;5;12;3;10;3;1;2;22;9.833807579657392;22;4.525696327993964;6;7;4.558967521831743;6;0;2;3;0;3;16;5;21;8.896339933665812;2;5;5;9;2;7;0.8707665246367142;6;22;-3.1497360646543116;6;5;0;1;23;5.379671566557145;21;-1.7740206223276507;5;18;1;3;1;4;6;3;5;15;2;0;1;5;24;3;20;8.203558269419295;4;0;17;17;3;0;0;19;9;1;13;8;1;4;3;1;4;2;20;-6.164945974118089;24;4;0;13;23;2.966366188192937;1;1;1;4;4;7;8.373728325983027;1;5;20;-7.6673252390604505;0;23;-0.41694971338210735;16;5;4;0;22;-3.5163754417582136;11;4;3;6;6;20;3.102258832361507;5;2;4;1;5;2;1;4;18;3;20;-3.9496675351002972;6;6;11;1;0;3;1;22;-5.175499386778401;25;1;3;25;1;8;25;5;6;0;8;25;2;6;5;1;0;6;10;4;19;5;0;11;12;2;2;3;0;0;10;22;2.7119347534179803;0;17;23;-0.5388579152563638;1;4;0;19;18;2;1;17;17;2;20;-7.00317490198396;10;2;3;5;5;16;0;2;5;17;3;22;0.32616814122775384;0;4;22;-0.0479105192420827;6;19
TRACK:94;26;26;4;0;2;0;6;3;4;1;5;22;-7.7552206734654465;2;7;-9.407886168821882;10;6;0;2;3;0;3;16;5;21;8.935518492713825;2;5;5;9;2;1;22;-2.3586341888242845;24;6;22;-3.10509756801928;6;5;0;1;23;5.387644346032016;21;-1.721621536806702;5;18;1;3;1;4;6;3;5;15;2;0;1;5;24;3;20;8.287514425576177;4;0;17;14;3;0;0;19;9;1;13;8;1;4;3;1;4;2;20;-6.1623860386349945;24;4;0;13;23;2.886822019238373;1;1;1;4;4;7;8.478864184188241;1;5;20;-7.561089696568958;0;23;-0.5447002001280986;16;5;4;0;22;-3.5387525766979424;11;4;3;6;6;20;3.1979373180979502;5;2;4;1;5;2;1;4;18;3;20;-3.7562478198585203;6;6;11;1;0;3;1;24;25;1;3;25;1;8;16;5;6;0;8;25;2;6;5;1;0;6;10;4;19;5;0;11;12;2;2;3;0;0;10;22;2.4582706017560003;0;17;23;-0.6338152053044639;1;4;0;19;18;2;1;17;17;2;20;-6.983342382967186;10;2;3;5;5;16;0;2;5;17;3;22;0.18751688017637153;0;4;22;-0.169749395101008;6;19
TRACK:95;26;26;4;0;2;0;6;3;4;1;5;22;-7.7552206734654465;2;7;-9.407886168821882;10;6;0;2;3;0;3;16;5;21;8.935518492713825;2;5;5;9;2;1;22;-2.3586341888242845;24;6;22;-3.10509756801928;6;5;0;1;23;5.387644346032016;21;-1.721621536806702;5;18;1;3;1;4;6;3;5;15;2;0;1;5;24;3;20;8.287514425576177;4;0;17;14;3;0;0;19;9;1;13;8;1;4;3;1;4;2;20;-6.1623860386349945;24;4;0;13;23;2.886822019238373;1;1;1;4;4;7;8.478864184188241;1;5;20;-7.561089696568958;0;23;-0.5447002001280986;16;5;4;0;22;-3.5387525766979424;11;4;3;6;6;20;3.1979373180979502;5;2;4;1;5;2;1;4;18;3;20;-3.7562478198585203;6;6;11;1;0;3;14;1;3;25;1;8;16;5;6;0;8;25;2;6;5;1;0;6;10;4;19;5;0;11;12;2;2;3;0;0;10;22;2.4582706017560003;0;17;23;-0.6338152053044639;1;4;0;19;18;2;1;17;17;2;20;-6.983342382967186;10;2;3;5;5;16;0;2;5;17;3;22;0.18751688017637153;0;4;22;-0.169749395101008;6;19
TRACK:96;88;89;6;1;6;3;3;2;2;20;-9.574651029732454;11;5;5;4;0;12;25;6;6;0;3;1;2;1;5;23;-5.496873186749472;5;24;6;4;23;1.948557385126735;1;16;18;5;8
TRACK:97;88;89;6;1;6;3;16;6;6;0;3;1;5;8;1;16;18;2;1;2;5;5;9;2;1;22;-2.079119428024738;24;3;10;1;25;9;3;6;24
TRACK:98;27;65;6;1;6;3;3;2;2;20;-9.599269767127195;11;5;4;0;12;25;6;6;0;3;1;5;8;1;16;18;2;1;1;7;0.8707665246367142;17;1;25;9;3;6;24
TRACK:99;27;65;6;1;6;3;3;2;2;20;-9.715588299861553;11;5;5;4;0;12;25;6;6;0;3;1;5;2;20;-9.599269767127195;11;1;16;18;2;1;1;7;0.760688389970631;17;1;25;5;5;9;3;6;24
TRACK:100;90;-1;6;5;6;0;1;3;2;4;2;3;22;-7.471966364161959;1;23;3.586443307443556;18;5;2;6;23;-9.067692094853417;5;13;5;0;6;4;4;17;3;0;0;11;17;2;10;22;4.0566701592104675;1;6;6;3;0;6;7;-4.8011546708327835;4;22;3.406335009134482;2;0;3;3;4;21;1.7260666293043485;4;3;5;25;5;2;2;5;17;0;21;4.563432759672889;12;2;3;12;5;8
TRACK:101;27;-1;6;1;6;3;3;2;2;20;-9.657906830982498;11;5;5;4;0;12;25;6;6;0;3;1;5;8;1;16;18;2;1;1;1;1;24;15;1;18;23;2.0605459360648286;17;1;25;9;3;6;24
TRACK:102;94;-1;4;0;2;0;6;3;4;1;5;22;-7.958956242782552;2;7;-9.42924929779465;10;6;0;2;3;0;3;16;5;21;9.113810611206047;2;5;5;9;2;1;22;-2.2512778233785036;12;6;22;-3.1809470708711878;6;5;0;1;23;5.243648821488355;21;-1.6290695376891764;5;18;1;3;1;4;6;3;5;15;2;0;1;5;24;3;20;8.263357092054221;4;0;17;14;3;0;0;19;9;1;13;8;1;4;3;1;4;2;20;-6.14273343667945;24;4;0;13;23;2.9707277290678817;1;1;1;4;4;7;8.697807256665067;1;5;20;-7.542961309409359;0;23;-0.5557646700576446;16;5;4;0;22;-3.584484969060807;11;4;3;6;6;20;3.371807885730113;5;2;4;1;5;2;1;4;18;3;20;-3.8767751088888263;6;6;11;1;0;3;1;24;25;1;3;25;1;8;16;5;6;0;8;25;2;6;5;1;0;6;10;4;19;5;0;11;12;2;2;3;0;0;10;22;2.534668890896945;0;17;23;-0.5656857288526012;1;4;0;19;18;2;1;17;17;2;20;-6.96187642722813;10;2;3;5;5;16;0;2;5;17;3;22;0.03703114480339495;0;4;22;-0.11216006790922954;6;19
TRACK:103;96;-1;6;1;6;3;3;2;2;20;-9.632091775252645;11;5;5;4;0;12;25;6;6;0;3;1;2;1;5;23;-5.505499771447621;5;24;3;3;17;1;16;18;5;8
TRACK:104;98;-1;6;4;3;11
TRACK:105;91;-1;6;4;3;5;4;6;4;3;5;0;21;-5.579494336712436;18
TRACK:106;61;-1;4;0;2;0;6;1;2;1;5;0;20;-4.786193286971317;16;6;3;12;0;3;0;19;23;-1.7276662256743678;6;4;19;1;1;2;1;25;22;5.27050724926737;2;11;12;0;5;12;3;10;3;1;2;22;10.0;22;4.329101047218996;6;7;4.56685945834626;6;0;2;3;0;3;16;5;21;9.10136600101801;2;5;5;9;2;1;22;-2.3931503433271497;24;6;22;-3.2505227471678713;6;5;0;1;23;5.399730971261463;21;-1.6625884517012806;5;18;1;3;1;4;6;3;5;15;2;0;1;5;24;3;20;8.261089620658217;4;0;17;17;3;0;0;19;9;1;13;8;1;4;3;1;4;2;20;-6.14021552319342;24;4;0;13;23;2.98717119512654;1;1;1;4;5;11;1;5;20;-7.765498494721399;0;23;-0.3612261711366554;16;5;4;0;22;-3.347678195842738;11;4;3;6;6;20;3.040558001904102;5;2;4;1;5;2;1;4;18;3;20;-3.83737522731948;6;6;11;1;0;3;1;22;-5.065302354967512;25;1;3;25;1;8;25;5;6;0;8;25;2;6;5;1;0;6;10;4;19;5;0;11;12;2;2;3;0;0;10;22;2.530299717913143;0;17;23;-0.48100791707759055;1;4;0;19;18;2;1;17;17;2;20;-7.255534007947695;10;2;3;5;5;16;0;2;5;17;3;22;0.21300135892419697;0;4;22;0.13537420826205865;6;19
TRACK:107;95;-1;4;0;2;0;6;3;4;1;5;22;-7.737610076741051;2;7;-9.340903279540713;10;6;0;2;3;0;3;16;5;21;8.935121343300542;2;5;5;9;2;1;22;-2.3527312168435794;24;6;22;-2.9753132158243645;6;5;0;1;23;5.409902463048239;21;-1.6437553558896196;5;18;1;3;1;4;6;3;5;15;2;0;1;5;24;3;20;8.261020533887018;4;0;17;14;3;0;0;19;9;1;13;8;1;4;3;1;4;2;20;-6.110126142948029;24;4;0;13;23;2.7367751048542104;1;1;1;4;4;7;8.541503020619329;1;5;20;-7.423351278691798;0;23;-0.6249642179521087;16;5;4;0;22;-3.600641712202293;11;4;3;6;6;20;3.1607553184883153;5;2;4;1;5;2;1;4;18;3;20;-3.6814716195015786;6;6;11;1;0;3;14;1;3;25;6;19;5;6;0;8;25;2;6;5;1;0;6;10;4;19;5;0;11;12;2;2;3;0;0;10;22;2.705281907642569;0;17;23;-0.6459932547458921;1;4;0;19;18;2;1;17;17;2;20;-7.152469031415556;10;2;3;5;5;16;0;2;5;17;3;22;0.19596973245031488;0;4;22;-0.3082482018778637;6;19
TRACK:108;97;-1;6;1;6;3;16;6;6;0;3;1;5;8;1;16;18;2;1;2;5;5;18;2;1;22;-2.056222941099248;24;3;10;1;25;9;3;6;24
TRACK:109;99;-1;6;1;6;3;3;2;2;20;-9.683055871632604;11;5;5;4;0;12;25;6;6;0;3;1;5;2;20;-9.474409641147913;11;1;16;18;2;1;1;7;0.8243811851813754;17;1;25;2;23;-8.977828072243256;23;-4.031085901376321;3;6;24
EVAL_INSTANCE:5:0:100
EVAL_INSTANCE:5:1:101
EVAL_INSTANCE:5:2:102
EVAL_INSTANCE:5:3:103
EVAL_INSTANCE:5:4:104
EVAL_INSTANCE:5:5:105
EVAL_INSTANCE:5:6:106
EVAL_INSTANCE:5:7:107
EVAL_INSTANCE:5:8:108
EVAL_INSTANCE:5:9:109
RUN_RESULT:5:0:0:2000:----
RUN_RESULT:5:1:0:1570:URUURURRU
RUN_RESULT:5:2:0:1512:URUURURRU
RUN_RESULT:5:3:0:2000:----
RUN_RESULT:5:4:0:1570:URUURURRU
RUN_RESULT:5:5:0:1570:URUURURRU
RUN_RESULT:5:6:0:1512:URUURURRU
RUN_RESULT:5:7:0:1512:URUURURRU
RUN_RESULT:5:8:0:1570:URUURURRU
RUN_RESULT:5:9:0:1570:URUURURRU
     6 |       60 | -2.733000E+03 | -3.690000E+03
TRACK:110;27;24;6;1;6;3;3;2;2;20;-9.599269767127195;11;5;5;4;0;12;25;6;6;0;3;1;5;8;0;20;-4.626395213676642;16;2;1;1;7;0.8707665246367142;17;1;25;9;3;6;24
TRACK:111;27;24;4;0;2;0;6;1;2;4;0;12;25;0;3;0;19;23;-1.7833706135212777;6;4;19;1;1;2;1;25;22;5.100602153864906;2;11;12;0;5;12;3;10;3;1;2;22;9.744011579828795;22;4.683738591541915;6;7;4.647276526539832;6;0;2;3;0;3;16;5;21;8.978497993253628;2;5;5;9;2;1;22;-2.5156344987219126;24;6;22;-3.1130091861825466;6;5;0;1;23;5.455531787150409;21;-1.8141406795379602;5;18;1;3;1;4;6;3;5;15;2;0;1;5;24;3;20;8.174634077631719;4;0;17;17;3;0;0;19;9;1;13;8;1;4;3;1;4;2;20;-5.975451560456966;18;4;0;13;23;2.8315595963164086;1;1;1;4;4;7;8.37590851556308;1;5;20;-7.618687483123463;0;23;-0.6648258685591616;16;5;4;0;22;-3.4247222599757596;11;4;3;6;6;20;3.1157852846876772;5;2;4;1;5;2;1;4;18;3;20;-3.849874080686241;6;6;11;1;0;3;1;22;-5.493428391963214;25;1;3;25;1;8;16;5;6;0;8;25;2;6;5;1;0;6;10;4;19;5;0;11;12;2;2;3;0;0;10;7;3.4588368032810277;0;17;23;-0.587363430444218;1;4;0;19;18;2;1;17;17;2;20;-7.143643301131095;10;2;3;5;5;16;0;2;5;17;3;22;0.13382769007039375;0;4;22;-0.21572417219110707;6;19
TRACK:112;88;89;6;1;6;3;3;2;2;20;-9.574651029732454;11;5;5;4;0;12;25;6;1;25;9
TRACK:113;88;89;6;1;6;3;3;2;2;20;-9.488973958325028;11;5;5;4;0;12;25;6;6;0;3;1;5;8;1;16;18;2;1;2;5;5;9;2;1;22;-2.079119428024738;24;3;10;1;25;9;3;6;24
TRACK:114;61;88;4;0;2;0;6;1;2;1;5;0;20;-4.741866976518446;16;6;3;12;0;3;0;19;23;-1.685034235039078;6;4;19;1;1;2;1;25;22;5.323319198603789;2;11;12;0;5;12;3;10;3;1;2;22;9.833807579657392;22;4.525696327993964;6;7;4.558967521831743;6;0;2;3;0;3;16;5;21;8.896339933665812;2;5;1;7;0.8621595086099196;17;2;1;22;-2.5279233897966678;24;6;22;-3.1497360646543116;6;5;0;1;23;5.379671566557145;21;-1.7740206223276507;5;18;1;3;1;4;6;3;5;15;2;0;1;5;24;3;20;8.203558269419295;4;0;17;17;3;0;0;19;9;1;13;8;1;4;3;1;4;2;20;-6.164945974118089;24;4;0;13;23;2.966366188192937;1;1;1;4;4;7;8.373728325983027;1;5;20;-7.6673252390604505;0;23;-0.41694971338210735;16;5;4;0;22;-3.5163754417582136;11;4;3;6;6;20;3.102258832361507;5;2;4;1;5;2;1;4;18;3;20;-3.9496675351002972;6;6;11;1;0;3;1;22;-5.175499386778401;25;1;3;25;1;8;25;5;6;0;8;25;2;6;5;1;0;6;10;4;19;5;0;11;12;2;2;3;0;0;10;22;2.7119347534179803;0;17;23;-0.5388579152563638;1;4;0;19;18;2;1;17;17;2;20;-7.00317490198396;10;2;3;5;5;16;0;2;5;17;3;22;0.32616814122775384;0;4;22;-0.0479105192420827;6;19
TRACK:115;61;88;6;1;6;3;3;2;2;20;-9.574651029732454;11;5;5;4;0;12;25;6;6;0;3;1;2;1;5;23;-5.496873186749472;5;24;6;4;23;1.948557385126735;1;16;18;3;20;-3.9496675351002972
TRACK:116;9;89;4;0;2;0;6;1;2;1;5;0;20;-4.698931169937792;16;6;3;12;0;3;0;19;23;-1.757324306076276;6;4;19;1;1;2;1;25;22;5.182131933241468;2;11;12;0;5;12;3;10;3;1;2;22;9.899580083448761;22;4.598752536736267;6;7;4.475581383150793;6;0;2;3;0;3;16;5;21;9.012901751462024;2;5;5;9;2;1;22;-2.5073505629389263;24;6;22;-3.015235963472973;6;5;0;1;23;5.382534253267968;21;-1.6634788631456559;5;18;1;3;1;4;6;3;5;15;2;0;1;5;24;3;20;8.157126611656299;4;0;17;17;3;0;0;19;9;1;13;8;1;4;3;1;4;2;20;-6.164545390810572;24;4;0;13;23;2.9181643817716214;1;1;1;4;4;7;8.435575998124193;1;5;20;-7.574589983532281;0;23;-0.5776506903453633;16;5;4;0;22;-3.6304489933733786;11;4;3;6;6;20;3.189120101806928;5;2;4;1;5;2;1;4;18;3;20;-3.8703912310835182;6;6;11;1;0;3;1;22;-5.317329967939677;25;1;3;25;1;8;16;5;6;0;8;25;2;6;2;1;22;-2.079119428024738;24;3;10;2;2;3;0;0;10;22;2.708362774227055;0;17;23;-0.5282139405815034;1;4;0;19;18;2;1;17;17;2;20;-7.02152548001536;10;2;3;5;5;16;0;2;5;17;3;22;0.2737012028143564;0;4;22;-0.06356709592581389;6;19
TRACK:117;9;89;6;1;6;3;3;2;2;20;-9.488973958325028;11;5;5;4;0;12;25;6;6;0;3;1;5;8;1;16;18;2;1;2;5;5;9;2;1;22;-0.06356709592581389;24;3;10;1;25;9;3;6;24
TRACK:118;65;27;6;1;6;3;3;2;2;20;-9.715588299861553;11;3;1;5;8;1;16;18;6;6;0;3;1;5;8;1;16;18;2;1;1;7;0.760688389970631;17;1;25;5;5;9;3;6;24
TRACK:119;65;27;6;1;6;1;25;5;5;9;6;6;0;3;1;5;8;1;16;18;2;1;1;7;0.8707665246367142;17;1;25;9;3;6;24
TRACK:120;110;-1;6;1;6;3;3;2;2;20;-9.696487598116722;11;5;5;4;0;12;25;6;6;5;3;0;5;21;5.19327792251951;1;20;9.328769783744402;21;2.9263173342334454
TRACK:121;112;-1;6;1;6;3;3;3;3;1;4;2;22;-5.078311475081008;14;2;5;16;4;21;-0.06822227419328541;6;1;25;9
TRACK:122;114;-1;4;0;2;0;6;1;2;1;5;0;20;-4.67661402027214;16;6;3;12;0;3;0;19;23;-1.7078733397276826;6;4;19;1;1;2;1;25;22;5.3208444873494285;2;11;12;0;5;12;3;10;3;1;2;22;9.915972332926575;22;4.580701065566011;6;7;4.636643249021444;6;0;2;3;0;3;16;5;21;8.821235802828518;2;5;1;7;0.6118335432889235;17;2;1;22;-2.435992011908363;24;6;22;-3.0570583021153577;6;5;0;1;23;5.482194896808021;21;-1.7658671720719585;5;18;1;3;1;4;6;3;5;15;2;0;1;5;24;3;20;8.123592679279957;4;0;17;17;3;0;0;19;9;1;13;8;1;4;3;1;4;2;20;-6.29625359562245;24;4;0;13;23;3.101618822848229;1;1;1;4;4;7;8.393831930423957;1;5;20;-7.557393080814044;0;23;-0.6280819585806241;16;5;4;0;22;-3.548599209149696;11;4;3;6;6;20;2.9946623334645484;5;2;4;1;5;2;1;4;18;3;20;-4.129786532098973;6;6;11;1;0;3;0;13;10;1;3;25;1;8;25;5;6;0;8;25;2;6;5;1;0;6;10;4;19;5;0;11;12;2;2;3;0;0;10;22;2.7131742755291612;0;17;23;-0.5162783198093327;1;4;0;19;18;2;1;17;17;2;20;-6.894730372347788;10;2;3;5;5;16;0;2;5;17;3;22;0.3502269541285951;0;4;22;-0.04123813568738707;6;19
TRACK:123;116;-1;4;0;2;0;6;1;2;1;5;0;20;-4.726396515555143;16;6;3;12;0;3;0;19;23;-1.829754176542223;6;4;19;1;1;2;1;25;22;5.166426843690756;2;11;12;0;5;12;3;10;3;1;2;22;9.772264390132868;22;4.651149772388424;6;7;4.597006055173478;6;0;2;3;0;3;16;5;21;9.00638033840896;2;5;5;9;2;1;22;-2.5528024688084887;24;6;22;-2.964552557087903;6;5;0;1;23;5.45749009095101;21;-1.683024133538525;5;18;1;3;1;4;6;3;5;15;2;0;1;5;24;3;20;8.279344513966683;4;0;17;17;3;0;0;9;15;1;13;8;1;4;3;1;4;2;20;-6.346854765496983;24;4;0;13;23;2.7920528019747706;1;1;1;4;4;7;8.418848212435972;1;5;20;-7.565473892215517;0;23;-0.580299629402359;16;5;4;0;22;-3.6988535544466865;11;4;3;6;6;20;3.130246910251143;5;2;4;1;5;2;1;4;18;3;20;-3.79228326098932;6;6;11;1;0;3;1;22;-5.355614779085971;25;1;3;25;1;8;16;5;6;0;8;25;2;6;2;1;22;-1.9067550386185566;24;3;10;2;2;3;0;0;10;22;2.5517402086627383;0;17;23;-0.6035558715250217;1;4;0;19;18;2;1;17;17;2;20;-7.013699893225691;10;2;3;5;5;16;0;2;5;17;3;22;0.36149567710700414;0;4;22;-0.04099837250785457;6;19
TRACK:124;118;-1;6;1;6;3;3;2;2;20;-9.74871742328036;4;1;6;10;6;16;3;1;5;8;1;16;18;6;6;0;3;1;5;8;1;16;18;2;1;1;7;0.8748225655149181;17;1;25;5;5;9;3;6;24
TRACK:125;111;-1;4;0;2;0;6;1;2;4;0;12;25;0;3;0;19;23;-1.7793613243959718;6;4;19;1;1;2;1;25;22;5.245018992520373;2;11;12;0;5;12;3;10;3;1;2;22;9.723936138155096;22;4.768051058178526;6;7;4.520188788525327;6;0;2;3;0;3;16;5;21;9.035023123154764;2;5;5;9;2;1;22;-2.5993764626013482;24;6;22;-3.0354140904015336;6;5;0;1;23;5.424765048042497;21;-1.8347452631351404;5;18;1;3;1;4;5;5;7;-5.75260944225783;2;0;1;5;24;3;20;8.25579837412661;4;0;17;17;3;0;0;19;9;1;13;8;1;4;3;1;4;2;20;-6.073946729902254;18;4;0;13;23;2.8424101330594014;1;1;1;4;4;7;8.4885814280744;1;5;20;-7.672975527446997;0;23;-0.6741174507450451;16;5;4;0;22;-3.217598664544715;11;4;3;6;6;20;3.2142910431784255;5;2;4;1;5;2;1;4;18;3;20;-4.080528983521829;6;6;11;1;0;3;1;22;-5.521348688868031;25;1;3;25;1;8;16;5;6;0;8;25;2;6;5;1;0;6;10;4;19;5;0;11;12;2;2;3;0;0;10;7;3.698860835646898;0;17;23;-0.5046592836685586;1;4;0;19;18;2;1;17;17;2;20;-7.076107481762865;10;2;3;5;5;16;0;2;5;17;3;22;0.20588400107052368;0;4;22;-0.16741343733573674;6;19
TRACK:126;113;-1;6;1;6;3;3;2;2;20;-9.450748716185045;11;5;5;4;0;12;25;6;6;0;3;1;5;8;1;16;18;2;1;2;5;5;9;2;1;22;-1.9738359252513467;24;3;10;1;25;9;2;4;7;1.9023866446254587;6;21;-9.42853453981374
TRACK:127;115;-1;6;1;6;3;3;2;2;20;-9.626880836486565;11;5;5;4;0;12;25;6;6;0;3;1;2;1;5;23;-5.411706576011774;5;24;6;4;19;1;16;18;3;20;-4.1422661101318266
TRACK:128;117;-1;6;1;6;3;3;3;5;2;6;1;12;24;5;3;17;6;6;0;3;1;5;8;1;16;18;2;1;2;5;5;9;2;1;22;-0.0027782586685645982;24;3;10;1;25;9;3;6;24
TRACK:129;119;-1;6;1;6;1;25;5;5;9;6;6;0;3;1;5;8;1;16;18;2;1;1;7;1.0853396856637088;17;1;25;9;3;6;3;4;12
EVAL_INSTANCE:6:0:120
EVAL_INSTANCE:6:1:121
EVAL_INSTANCE:6:2:122
EVAL_INSTANCE:6:3:123
EVAL_INSTANCE:6:4:124
EVAL_INSTANCE:6:5:125
EVAL_INSTANCE:6:6:126
EVAL_INSTANCE:6:7:127
EVAL_INSTANCE:6:8:128
EVAL_INSTANCE:6:9:129
RUN_RESULT:6:0:0:2000:----
RUN_RESULT:6:1:0:1268:RUURRUURU
RUN_RESULT:6:2:0:1512:URUURURRU
RUN_RESULT:6:3:0:1512:URUURURRU
RUN_RESULT:6:4:0:1096:URUURURRU
RUN_RESULT:6:5:0:1512:URUURURRU
RUN_RESULT:6:6:0:2000:----
RUN_RESULT:6:7:0:2000:----
RUN_RESULT:6:8:0:2000:----
RUN_RESULT:6:9:0:2000:----
     7 |       70 | -2.799000E+03 | -3.690000E+03
TRACK:130;124;27;6;1;6;3;3;2;2;20;-9.74871742328036;4;1;6;10;6;16;3;1;5;8;1;16;18;6;6;0;3;1;5;8;1;5;8;1;16;18;2;1;1;7;0.8748225655149181;17;1;25;5;5;9;3;6;24
TRACK:131;124;27;6;1;6;3;3;2;2;20;-9.599269767127195;11;5;5;4;0;12;25;6;6;0;3;1;5;8;1;16;18;2;1;1;7;0.8707665246367142;17;1;25;9;3;6;24
TRACK:132;121;88;6;1;6;3;3;3;3;17;6;1;25;9
TRACK:133;121;88;6;1;6;3;3;2;2;20;-9.574651029732454;11;5;5;4;0;12;25;1;4;2;22;-5.078311475081008;14;2;5;16;4;21;-0.06822227419328541
TRACK:134;89;124;6;1;6;3;3;2;2;20;-9.488973958325028;11;5;5;4;0;12;25;6;6;0;3;1;5;8;1;16;18;2;1;2;5;5;9;2;1;22;-2.079119428024738;24;3;10;8;3;6;24
TRACK:135;89;124;6;1;6;3;3;2;2;20;-9.74871742328036;4;1;6;10;6;16;3;1;5;8;1;16;18;6;6;0;3;1;5;8;1;16;18;2;1;1;7;0.8748225655149181;17;16;3;6;24
TRACK:136;88;27;6;1;6;3;3;2;2;20;-9.574651029732454;11;5;5;4;0;12;25;6;6;0;3;1;2;1;5;23;-5.496873186749472;5;24;6;4;23;1.948557385126735;1;16;18;2;16;3;6;24
TRACK:137;88;27;6;1;6;3;3;2;2;20;-9.599269767127195;11;5;5;4;0;12;25;6;6;0;3;1;5;8;1;16;18;2;1;1;7;0.8707665246367142;17;1;25;9;3;6;24
TRACK:138;65;89;6;1;6;3;3;2;2;20;-9.715588299861553;11;5;5;4;0;12;25;6;6;0;3;1;5;8;1;16;18;2;1;1;7;0.760688389970631;17;1;25;5;8;3;6;24
TRACK:139;65;89;6;1;6;3;3;2;2;20;-9.488973958325028;11;5;5;4;0;12;25;6;6;0;20;-9.715588299861553;2;1;2;5;5;9;2;1;22;-2.079119428024738;24;3;10;1;25;9;3;6;24
TRACK:140;130;-1;6;1;6;3;3;2;2;20;-9.689969100694626;4;1;6;10;6;16;3;1;5;8;1;16;18;6;6;0;3;1;5;8;6;25;2;1;1;7;0.8448271254126574;17;1;25;5;5;9;3;6;24
TRACK:141;132;-1;6;1;5;0;2;4;2;25;20;-3.657478499779671;3;6;18;5;2;6;21;1.8223961677496945;0;12;16;6;1;25;9
TRACK:142;134;-1;6;1;6;3;3;2;2;20;-9.485219893656;11;5;5;4;0;12;25;6;6;0;3;1;5;8;1;6;11;18;2;1;2;5;5;9;2;1;22;-1.9524217613937347;24;3;10;8;3;6;24
TRACK:143;136;-1;6;1;6;3;3;2;2;20;-9.514016506181534;11;5;5;4;0;12;25;6;6;0;3;1;2;1;5;8;5;24;6;4;23;2.012308028997942;1;16;18;2;16;3;6;24
TRACK:144;138;-1;6;1;6;3;3;2;2;20;-9.634576135361563;11;3;2;7;-4.908741860411565;12;6;6;0;3;1;5;8;1;16;18;2;1;1;7;1.00293827592472;17;1;25;5;8;3;6;24
TRACK:145;131;-1;6;1;5;24;6;6;0;3;1;5;8;1;16;18;2;1;1;7;0.8465277298585097;17;1;25;9;3;6;24
TRACK:146;133;-1;6;1;6;3;3;2;2;20;-9.505044225719876;11;5;5;4;0;12;25;1;4;6;3;1;3;7;-5.695336875040004;0;24;13;2;5;16;4;21;-0.0036751220957935843
TRACK:147;135;-1;6;1;6;3;3;2;2;20;-9.78011667903331;4;1;6;10;6;16;3;1;5;8;1;16;18;6;6;0;3;5;3;0;2;22;8.839509716007413;7;0.8324465174303626;5;12;2;1;1;7;0.7684604046114439;17;16;3;6;24
TRACK:148;137;-1;6;1;6;3;3;2;2;5;3;10;11;5;5;4;0;12;25;6;6;0;3;1;5;8;1;16;18;2;1;1;7;0.8729198381295569;17;1;25;9;3;6;24
TRACK:149;139;-1;6;1;6;3;3;2;2;20;-9.397628963142205;11;5;5;4;0;12;25;6;6;0;20;-9.89406551663732;4;6;0;1;0;23;-3.2400674686339093;8;4;17;5;1;9;12
EVAL_INSTANCE:7:0:140
EVAL_INSTANCE:7:1:141
EVAL_INSTANCE:7:2:142
EVAL_INSTANCE:7:3:143
EVAL_INSTANCE:7:4:144
EVAL_INSTANCE:7:5:145
EVAL_INSTANCE:7:6:146
EVAL_INSTANCE:7:7:147
EVAL_INSTANCE:7:8:148
EVAL_INSTANCE:7:9:149
RUN_RESULT:7:0:0:1096:URUURURRU
RUN_RESULT:7:1:0:201:URUURURRU
RUN_RESULT:7:2:0:2000:----
RUN_RESULT:7:3:0:1570:URUURURRU
RUN_RESULT:7:4:0:2000:----
RUN_RESULT:7:5:0:1571:URUURURRU
RUN_RESULT:7:6:0:1570:URUURURRU
RUN_RESULT:7:7:0:2000:----
RUN_RESULT:7:8:0:2000:----
RUN_RESULT:7:9:0:1134:URUULLURULRRRRR
     8 |       80 | -3.009500E+03 | -3.799000E+03
TRACK:150;124;88;6;1;6;3;3;2;2;20;-9.74871742328036;4;1;6;10;6;16;25;6;6;0;3;1;5;8;1;16;18;2;1;1;7;0.8748225655149181;17;1;25;5;5;9;3;6;24
TRACK:151;124;88;6;1;6;3;3;2;2;20;-9.574651029732454;11;5;5;4;0;12;25;6;6;0;3;1;2;1;5;23;-5.496873186749472;5;24;6;4;23;1.948557385126735;1;16;18;2;1;1;7;0.8621595086099196;17;1;25;5;6;24;3;6;24
TRACK:152;140;141;6;1;6;3;3;2;2;20;-9.689969100694626;4;1;6;10;6;12;3;1;5;8;1;16;18;6;6;0;3;1;5;8;6;25;2;1;1;7;0.8448271254126574;17;1;25;5;5;9;3;6;24
TRACK:153;140;141;6;1;5;0;3;2;2;20;-9.689969100694626;4;1;6;10;6;16;3;1;5;8;1;16;18;5;2;6;21;1.8223961677496945;0;12;16;6;1;25;9
TRACK:154;65;141;6;1;6;9;6;6;0;3;1;5;8;1;16;18;2;1;1;7;0.760688389970631;17;1;25;5;5;9;3;6;24
TRACK:155;65;141;6;1;5;0;2;4;2;7;0.760688389970631;20;-3.657478499779671;3;6;18;5;2;6;21;1.8223961677496945;0;12;16;6;1;25;9
TRACK:156;89;65;6;1;3;6;24;6;6;0;3;1;5;8;1;16;18;2;1;2;5;5;9;2;1;22;-2.079119428024738;24;3;10;1;25;9;3;6;24
TRACK:157;89;65;6;1;6;3;2;2;20;-9.488973958325028;11;5;5;4;0;12;25;6;6;0;3;1;5;8;1;16;18;2;1;1;7;0.760688389970631;17;1;25;5;5;9;3;6;24
TRACK:158;27;124;6;1;6;3;3;2;5;8;5;5;4;0;12;25;6;6;0;3;1;5;8;1;16;18;2;1;1;7;0.8707665246367142;17;1;25;9;3;6;24
TRACK:159;27;124;6;1;6;3;3;2;2;20;-9.74871742328036;4;7;0.8707665246367142;3;1;5;8;1;16;18;6;6;0;3;1;5;8;1;16;18;2;1;1;7;0.8748225655149181;17;1;25;5;5;9;3;6;24
TRACK:160;150;-1;6;1;6;3;3;2;2;20;-9.683664568335884;4;1;6;10;6;16;25;6;6;0;3;1;5;8;1;16;18;2;5;3;5;22;-4.741445720571036;3;6;24
TRACK:161;152;-1;6;1;6;3;3;2;2;20;-9.666222064049757;4;1;6;10;6;12;3;1;5;8;1;16;18;5;5;6;1;20;-6.060146984259667;7;6.401711813953401
TRACK:162;154;-1;6;1;6;9;6;6;0;3;1;5;8;1;16;18;2;1;1;7;0.7283214426745888;17;1;25;0;3;8;3;25;3;6;24
TRACK:163;156;-1;6;1;3;6;24;6;6;0;3;1;5;8;1;16;18;2;1;2;5;5;9;2;1;22;-2.19543353170193;24;3;10;1;3;8;9;3;6;24
TRACK:164;158;-1;6;1;6;3;3;2;5;8;5;5;4;0;12;25;6;3;6;0;0;4;25;6;24;0;3;23;-3.3660169120166428;1;17;10
TRACK:165;151;-1;6;1;6;3;3;2;2;20;-9.563928004479537;11;5;5;4;0;12;25;6;6;0;3;1;2;1;5;23;-5.5270907107955125;5;24;6;4;23;1.9026989771291394;1;16;18;2;1;1;7;0.8617293249732765;5;16;1;25;5;6;24;3;6;24
TRACK:166;153;-1;6;1;5;0;3;2;2;20;-9.622462937543668;4;1;6;10;6;16;3;6;1;8;23;-7.218268285165143;5;2;6;21;1.7813012078884913;0;12;16;6;1;25;9
TRACK:167;155;-1;6;2;3;3;6;21;-0.42487684934154757;5;5;5;12
TRACK:168;157;-1;6;1;6;3;2;4;4;1;11;25;5;5;4;0;12;25;6;6;0;3;1;5;8;1;16;18;2;1;1;7;0.8383837031097298;17;1;25;5;5;9;3;6;24
TRACK:169;159;-1;6;1;6;3;3;2;2;20;-9.783813927940173;4;7;0.7649083755617371;3;1;5;8;1;16;18;6;6;0;3;1;5;8;1;16;18;2;1;1;7;0.7572865885850433;17;1;5;1;22;7.480408718979707;17;5;5;9;3;6;24
EVAL_INSTANCE:8:0:160
EVAL_INSTANCE:8:1:161
EVAL_INSTANCE:8:2:162
EVAL_INSTANCE:8:3:163
EVAL_INSTANCE:8:4:164
EVAL_INSTANCE:8:5:165
EVAL_INSTANCE:8:6:166
EVAL_INSTANCE:8:7:167
EVAL_INSTANCE:8:8:168
EVAL_INSTANCE:8:9:169
RUN_RESULT:8:0:0:2000:----
RUN_RESULT:8:1:0:1532:URUURURRU
RUN_RESULT:8:2:0:1096:URUURURRU
RUN_RESULT:8:3:0:1570:URUURURRU
RUN_RESULT:8:4:0:2000:----
RUN_RESULT:8:5:0:1570:URUURURRU
RUN_RESULT:8:6:0:1082:DRDRRLLUUUULUURURRLLDLDDDDRDRDRULLULUUULURURRRR
RUN_RESULT:8:7:0:2000:----
RUN_RESULT:8:8:0:2000:----
RUN_RESULT:8:9:0:1473:URUURURRU
     9 |       90 | -3.069700E+03 | -3.799000E+03
TRACK:170;141;27;6;1;5;0;2;4;2;25;20;-3.657478499779671;3;6;18;5;2;6;21;1.8223961677496945;0;12;16;6;1;25;5;5;4;0;12;25
TRACK:171;141;27;6;1;6;3;3;2;2;20;-9.599269767127195;11;5;5;2;6;21;1.8223961677496945;0;12;16;6;6;0;3;1;5;8;1;16;18;2;1;1;7;0.8707665246367142;17;1;25;9;3;6;24
TRACK:172;89;140;6;1;6;1;25;5;5;9;6;6;0;3;1;5;8;1;16;18;2;1;2;5;5;9;2;1;22;-2.079119428024738;24;3;10;1;25;9;3;6;24
TRACK:173;89;140;6;1;6;3;3;2;2;20;-9.689969100694626;4;1;5;9;6;16;3;1;5;8;1;16;18;6;6;0;3;1;5;8;6;25;2;1;1;7;0.8448271254126574;17;1;25;5;5;9;3;6;24
TRACK:174;166;89;6;1;5;0;3;2;2;20;-9.622462937543668;4;1;6;10;6;16;3;6;1;8;23;-7.218268285165143;5;24;6;1;25;9
TRACK:175;166;89;6;1;6;3;3;2;2;20;-9.488973958325028;11;5;5;4;0;12;25;6;6;0;3;1;5;8;1;16;18;2;1;3;6;1;8;23;-7.218268285165143;1;25;9;3;6;24
TRACK:176;141;65;6;1;5;0;2;4;2;25;20;-3.657478499779671;3;5;5;9;5;2;6;21;1.8223961677496945;0;12;16;6;1;25;9
TRACK:177;141;65;6;1;6;3;3;2;2;20;-9.715588299861553;11;5;5;4;0;9;25;6;6;0;3;1;5;8;1;16;18;2;1;1;7;0.760688389970631;17;1;25;5;5;9;3;6;24
TRACK:178;88;166;6;5;2;6;21;1.7813012078884913;0;12;16
TRACK:179;88;166;6;1;5;0;3;2;2;20;-9.622462937543668;4;1;1;16;18;6;16;3;6;1;8;23;-7.218268285165143;5;2;6;21;1.7813012078884913;0;12;16;6;1;25;9
TRACK:180;141;-1;6;1;5;0;2;4;2;25;20;-3.58495858570396;3;6;5;3;0;20;-7.750559668684735;10;5;2;6;21;1.8072634084959585;0;12;16;6;1;25;9
TRACK:181;172;-1;6;1;6;1;25;5;5;9;6;6;0;3;1;5;8;1;16;18;2;1;2;5;5;9;2;1;22;-2.0565370777663716;24;3;10;1;25;9;3;2;3;1;19;13;4;0;19;16
TRACK:182;174;-1;6;1;5;0;3;2;2;20;-9.604806672610225;4;1;6;10;6;16;3;6;1;8;23;-7.17472586578348;5;3;5;2;4;25;5;10;6;1;25;9
TRACK:183;176;-1;6;1;5;0;2;4;2;25;20;-3.79417581180229;3;5;5;9;5;2;6;0;6;11;6;23;-4.326062253859854;0;12;16;6;1;25;9
TRACK:184;178;-1;6;5;2;6;6;0;2;0;1;13;8;0;9;8;4;5;7;5.392461555089836;0;5;6;16;6;1;25;10;0;12;16
TRACK:185;27;-1;6;1;6;3;3;2;2;20;-9.476630346721313;11;5;5;4;0;9;25;6;6;0;3;1;5;8;1;16;18;2;1;1;7;0.9557632150295352;17;1;25;9;3;6;24
TRACK:186;173;-1;6;1;6;3;3;2;2;20;-9.614005471297213;4;1;5;9;6;16;3;1;4;5;13;1;16;18;6;6;0;3;1;5;8;6;25;2;1;1;7;0.8743503154919476;17;1;25;5;5;9;3;6;24
TRACK:187;175;-1;6;1;6;3;3;2;2;20;-9.337819594560196;11;5;5;4;0;12;25;6;6;0;3;1;5;8;1;16;18;2;1;3;6;1;8;23;-7.288586154009123;1;2;2;22;0.8337474608472935;11;6;22;-6.764869908030027;9;3;6;24
TRACK:188;177;-1;6;1;6;3;3;2;2;20;-9.668903734446292;11;5;5;4;0;9;25;6;6;0;3;1;5;8;1;16;18;2;1;1;7;0.6275324053222389;17;1;25;5;0;15;17;3;6;24
TRACK:189;179;-1;0;6;5;4;3;5;1;2;1;5;14;0;21;-0.2850288854086891;18;6;5;19;0;4;1;22;4.523981499083515;24;4;5;19;0;3;1;6;4;6;1;4;4;14;3;2;19;22;7.081421232522562;2;2;1;6;3;4;7;-5.476483167459458;3;3;1;25;16;2;5;2;3;16;1;18;16;6;5;2;7;-4.4098910263431845;22;-0.5028457262392738;6;6;3;2;2;19;10;0;22;1.3965023447918838;25;6;5;0;4;1;3;6;5;7;8.616515733603393;3;2;1;13;23;-9.169294724575481;1;16;8;5;2;3;4;6;8;1;4;4;19;6;4;11
EVAL_INSTANCE:9:0:180
EVAL_INSTANCE:9:1:181
EVAL_INSTANCE:9:2:182
EVAL_INSTANCE:9:3:183
EVAL_INSTANCE:9:4:184
EVAL_INSTANCE:9:5:185
EVAL_INSTANCE:9:6:186
EVAL_INSTANCE:9:7:187
EVAL_INSTANCE:9:8:188
EVAL_INSTANCE:9:9:189
RUN_RESULT:9:0:0:2000:----
RUN_RESULT:9:1:0:2000:----
RUN_RESULT:9:2:0:417:DRDRRLLUUUULUURURRLLDLDDDDRDRDRULLULUUULURURRRR
RUN_RESULT:9:3:0:2000:----
RUN_RESULT:9:4:0:2000:----
RUN_RESULT:9:5:0:1096:URUURURRU
RUN_RESULT:9:6:0:1096:URUURURRU
RUN_RESULT:9:7:0:470:DRDRRLURDLLUUUULUURDUURDRRU
RUN_RESULT:9:8:0:2000:----
RUN_RESULT:9:9:0:908:ULLLUUURURRRRRR
    10 |      100 | -3.222800E+03 | -3.799000E+03
TRACK:190;187;182;6;1;6;3;3;2;2;20;-9.337819594560196;11;5;5;4;0;12;25;6;6;0;3;1;5;8;1;16;18;2;1;3;6;1;8;25;1;2;2;22;0.8337474608472935;11;6;22;-6.764869908030027;9;3;6;24
TRACK:191;187;182;6;1;5;0;3;2;2;20;-9.604806672610225;4;1;6;10;6;16;3;11;5;3;5;2;4;25;5;10;6;1;25;9
TRACK:192;89;189;6;1;6;3;3;2;2;20;-9.488973958325028;11;1;18;16;6;6;0;3;1;5;8;1;16;18;2;1;2;5;5;9;2;1;22;-2.079119428024738;24;3;10;1;25;9;3;6;24
TRACK:193;89;189;0;6;5;4;3;5;1;2;1;5;14;0;21;-0.2850288854086891;18;6;5;19;0;4;1;22;4.523981499083515;24;4;5;19;0;3;1;6;4;6;1;11;3;2;19;22;7.081421232522562;2;2;1;6;3;4;7;-5.476483167459458;3;3;1;25;16;2;5;2;3;16;1;18;16;6;5;2;7;-4.4098910263431845;22;-0.5028457262392738;6;6;3;2;2;19;10;0;22;1.3965023447918838;25;6;5;0;4;1;3;6;5;7;8.616515733603393;3;2;1;13;23;-9.169294724575481;1;16;8;5;2;3;4;6;8;1;4;4;19;6;4;11
TRACK:194;141;89;6;1;5;0;2;4;2;25;20;-3.657478499779671;3;6;18;5;2;6;22;-2.079119428024738;0;12;16;6;1;25;9
TRACK:195;141;89;6;1;6;3;3;2;25;5;5;4;0;12;25;6;6;0;3;1;5;8;1;16;18;2;1;2;5;5;9;2;1;22;-2.079119428024738;24;3;10;1;25;9;3;6;24
TRACK:196;124;182;6;1;6;3;3;2;2;20;-9.74871742328036;4;1;6;10;6;16;3;1;5;8;1;16;18;6;6;0;3;1;5;8;1;16;18;2;1;1;7;0.8748225655149181;17;1;25;1;8;23;-7.17472586578348;3;6;24
TRACK:197;124;182;6;1;5;0;3;2;2;20;-9.604806672610225;4;1;6;10;6;16;3;6;1;8;23;-7.17472586578348;5;3;5;6;24;6;1;25;9
TRACK:198;141;88;6;1;5;0;2;4;2;25;20;-3.657478499779671;11;5;2;6;21;1.8223961677496945;0;12;16;6;1;25;9
TRACK:199;141;88;6;1;6;3;3;2;2;20;-9.574651029732454;11;5;5;4;0;12;25;6;6;0;3;1;2;1;5;23;-5.496873186749472;5;24;6;4;23;1.948557385126735;1;16;18;4;2;25;20;-3.657478499779671
TRACK:200;190;-1;6;1;6;3;3;2;2;20;-9.194266587636895;11;5;5;4;1;19;24;6;6;0;3;1;5;8;1;16;18;2;1;3;6;1;8;25;1;2;2;22;0.947286923037528;11;6;22;-6.628153826367705;9;3;6;24
TRACK:201;192;-1;6;1;6;3;3;2;2;20;-9.579985837767172;11;1;18;16;6;6;0;3;1;5;8;1;16;18;2;1;2;5;5;9;2;1;21;-4.670401960490153;24;3;10;1;25;9;3;6;24
TRACK:202;194;-1;6;1;6;6;0;2;4;4;20;6.692053000334212;1;5;17;3;14;1;0;0;13;14;2;18;21;-4.11001005524742;2;3;18;1;9;24;6;1;25;9
TRACK:203;196;-1;6;1;6;3;3;2;2;20;-9.84936649905586;4;1;6;10;6;16;3;1;5;8;1;16;18;6;6;0;3;1;5;8;1;16;18;2;1;1;7;0.6963344619627685;17;1;25;2;4;17;0;22;-7.957431854486305;9;3;6;24
TRACK:204;198;-1;6;6;2;4;1;4;6;2;3;0;13;8;0;1;22;-5.502506132366413;17;4;17;6;0;3;3;0;22;8.868285942530573;22;-2.330624167640172;5;4;4;9;1;3;1;0;6;1;4;17;1;13;10;1;6;2;11;20;-2.493931847080166;2;1;18;19;0;18;11;1;0;2;3;13;1;14;11;0;4;7;-1.3396372128987863;3;21;5.976514432728967;1;0;5;20;9.494780486764117;6;16;0;3;13;1;20;2.7920432761771323;22;-6.183098331035392;5;0;1;1;1;2;22;-5.5404815713987166;14;1;21;3.6637888717485367;19;0;3;17;0;21;-4.513567772345597;18;0;1;6;11;2;23;4.560607057693268;8;2;1;16;10;5;23;-4.213473782607831;6;2;4;2;12;23;-4.5145142259564075;4;5;8
TRACK:205;191;-1;6;1;5;0;3;2;2;20;-9.626102927940199;4;1;6;10;6;16;3;11;5;3;5;2;4;2;20;-7.956311823490356;16;5;10;6;1;25;9
TRACK:206;193;-1;0;6;5;4;3;5;1;2;1;5;14;0;21;-0.24326419163009375;18;6;5;19;0;4;1;22;4.400548427030785;24;4;5;19;0;3;1;6;4;6;1;11;3;2;19;22;7.1175815977148025;2;2;1;6;3;4;7;-5.413496070840934;3;3;1;25;16;2;5;2;3;16;1;18;16;6;5;2;7;-4.549478325337379;22;-0.5021382196044165;6;6;3;2;2;19;10;0;22;1.3731585069804864;25;6;5;0;4;1;3;6;5;7;8.564570337804449;3;2;1;13;23;-9.290689072477702;1;16;8;5;2;3;4;6;8;0;23;-7.864083363057571;24
TRACK:207;195;-1;6;1;6;3;3;2;25;5;5;4;0;12;25;6;6;0;3;1;5;8;1;16;18;2;1;2;5;5;9;2;1;22;-2.0818326245710987;8;3;10;1;25;9;3;6;24
TRACK:208;197;-1;6;1;5;6;5;0;5;0;0;20;-8.825497567807428;14;3;18;5;6;2;24;14;6;1;25;9
TRACK:209;199;-1;6;1;6;3;3;2;2;20;-9.57823100647609;11;5;5;4;0;12;25;6;6;0;3;1;3;4;25;1;16;18;4;2;25;20;-3.7517343559715153
EVAL_INSTANCE:10:0:200
EVAL_INSTANCE:10:1:201
EVAL_INSTANCE:10:2:202
EVAL_INSTANCE:10:3:203
EVAL_INSTANCE:10:4:204
EVAL_INSTANCE:10:5:205
EVAL_INSTANCE:10:6:206
EVAL_INSTANCE:10:7:207
EVAL_INSTANCE:10:8:208
EVAL_INSTANCE:10:9:209
RUN_RESULT:10:0:0:2000:----
RUN_RESULT:10:1:0:1520:ULLLUUURURRRRRR
RUN_RESULT:10:2:0:1135:URUURURRU
RUN_RESULT:10:3:0:2000:----
RUN_RESULT:10:4:0:2000:----
RUN_RESULT:10:5:0:2000:----
RUN_RESULT:10:6:0:2000:----
RUN_RESULT:10:7:0:2000:----
RUN_RESULT:10:8:0:1135:URUURURRU
RUN_RESULT:10:9:0:2000:----
    11 |      110 | -3.222800E+03 | -3.799000E+03
TRACK:210;166;141;6;1;5;0;3;2;2;20;-9.622462937543668;4;1;6;10;6;16;3;6;1;8;23;-7.218268285165143;1;5;0;2;4;2;25;20;-3.657478499779671;3;6;18;5;2;6;21;1.8223961677496945;0;12;16;6;1;25;9;6;1;25;9
TRACK:211;166;141;6;1;5;0;2;4;2;25;20;-3.657478499779671;3;6;18;5;2;6;21;1.8223961677496945;4;1;6;10;6;16;6;1;25;9
TRACK:212;182;189;6;1;5;0;3;2;2;20;-9.604806672610225;4;1;6;10;6;16;3;6;1;8;23;-7.17472586578348;5;3;5;2;4;25;5;10;2;2;19;10;0;22;1.3965023447918838;25
TRACK:213;182;189;0;6;5;4;3;5;1;8;0;4;1;22;4.523981499083515;24;4;5;19;0;3;1;6;4;6;1;4;4;14;3;2;19;22;7.081421232522562;2;2;1;6;3;4;7;-5.476483167459458;3;3;1;25;16;2;5;2;3;16;1;18;16;6;5;2;7;-4.4098910263431845;22;-0.5028457262392738;6;6;3;2;2;19;10;0;22;1.3965023447918838;25;6;5;0;4;1;3;6;5;7;8.616515733603393;3;2;1;13;23;-9.169294724575481;1;16;8;5;2;3;4;6;8;1;4;4;19;6;4;11
TRACK:214;89;88;6;1;6;3;3;2;2;20;-9.488973958325028;11;5;6;24;6;6;0;3;1;5;8;1;16;18;2;1;2;5;5;9;2;1;22;-2.079119428024738;24;3;10;1;25;9;3;6;24
TRACK:215;89;88;6;1;6;3;3;2;2;20;-9.574651029732454;11;5;5;4;0;12;25;6;6;0;5;8;2;1;1;7;0.8621595086099196;17;1;25;5;5;9;3;6;24
TRACK:216;166;141;6;1;5;0;3;16;5;2;6;21;1.7813012078884913;0;12;16;6;1;25;9
TRACK:217;166;141;6;1;5;0;2;4;2;25;20;-3.657478499779671;3;6;18;5;2;6;21;1.8223961677496945;0;12;16;6;9
TRACK:218;187;89;6;6;6;0;3;1;5;8;1;16;18;2;1;2;5;5;9;2;1;22;-2.079119428024738;24;3;10;1;25;9;3;6;24
TRACK:219;187;89;6;1;6;3;3;2;2;20;-9.488973958325028;11;5;5;4;0;12;25;6;2;1;3;6;1;8;23;-7.288586154009123;1;2;2;22;0.8337474608472935;11;6;22;-6.764869908030027;9;3;6;24
TRACK:220;210;-1;6;1;0;0;3;3;4;6;10;4;0;2;4;10;5;14;3;3;25;3;1;0;4;1;23;-9.366927292932079;7;-2.54058513424531;6;1;8;25;0;0;5;23;-9.919321163029995;1;25;12;2;5;11;0;12;19;3;2;6;1;6;5;12;0;6;25;0;13;11;6;4;6;6;18
TRACK:221;212;-1;6;1;5;0;3;2;2;20;-9.474028361879396;4;1;6;10;6;16;3;6;1;8;23;-7.084726090522237;5;3;5;2;4;25;5;10;1;2;4;21;3.3668723664174074;5;22;-9.087300808878902;6;0;10;24
TRACK:222;214;-1;6;1;6;3;3;2;3;5;4;3;8;5;6;24;6;6;0;3;1;5;8;1;16;18;2;1;2;5;5;9;2;1;22;-2.073055956164169;24;3;10;1;25;9;3;6;24
TRACK:223;216;-1;6;1;5;0;3;16;5;2;3;1;4;16;2;7;-2.6984574336118916;12;0;12;16;6;1;25;9
TRACK:224;218;-1;6;6;6;0;3;1;5;8;1;16;18;2;1;2;5;5;9;2;1;22;-1.9961055011827016;24;3;10;1;25;4;17;3;6;24
TRACK:225;211;-1;6;1;5;0;2;4;2;25;20;-3.6845633895059677;3;6;18;5;2;6;21;1.9475337822659191;4;1;6;10;6;16;6;4;1;4;0;18;24;5;0;20;-9.353410544114805;7;-1.7729107205934262
TRACK:226;213;-1;0;6;5;4;3;5;1;8;0;4;1;22;4.491089893513766;24;4;5;19;0;3;1;6;4;6;1;4;4;14;3;2;19;22;7.080362266346846;2;2;1;6;3;4;7;-5.57309103293671;3;3;1;25;16;2;5;2;3;16;1;25;16;6;5;2;7;-4.247408719004402;22;-0.6103589380418581;6;6;3;2;2;19;10;0;22;1.4926102927893865;25;6;5;0;4;1;3;6;5;7;8.579034436533933;3;2;1;13;23;-9.260893826319707;1;16;8;5;2;3;4;6;8;1;4;4;19;6;4;11
TRACK:227;215;-1;6;1;6;3;3;2;2;20;-9.695545968364941;11;5;5;4;0;12;25;6;6;0;5;8;2;1;1;7;0.972179389210188;17;1;25;5;5;9;3;1;0;12;15;3;21;4.373595588612558
TRACK:228;217;-1;6;1;5;0;2;4;2;25;20;-3.898354975136135;3;6;18;5;2;6;21;1.9362307421895872;0;12;16;6;0;0;1;17;15;4;18;0;6;11;0;8;19
TRACK:229;219;-1;6;1;6;3;3;2;2;20;-9.419407972825276;11;5;5;4;0;12;25;6;2;1;3;6;1;8;23;-7.141888305727221;4;24;3;6;24
EVAL_INSTANCE:11:0:220
EVAL_INSTANCE:11:1:221
EVAL_INSTANCE:11:2:222
EVAL_INSTANCE:11:3:223
EVAL_INSTANCE:11:4:224
EVAL_INSTANCE:11:5:225
EVAL_INSTANCE:11:6:226
EVAL_INSTANCE:11:7:227
EVAL_INSTANCE:11:8:228
EVAL_INSTANCE:11:9:229
RUN_RESULT:11:0:0:2000:----
RUN_RESULT:11:1:0:69:RRUURUURU
RUN_RESULT:11:2:0:1520:ULLLUUURURRRRRR
RUN_RESULT:11:3:0:1570:URUURURRU
RUN_RESULT:11:4:0:2000:----
RUN_RESULT:11:5:0:1570:URUURURRU
RUN_RESULT:11:6:0:909:ULLLUUURURRRRRR
RUN_RESULT:11:7:0:1096:URUURURRU
RUN_RESULT:11:8:0:2000:----
RUN_RESULT:11:9:0:1570:URUURURRU
    12 |      120 | -3.344200E+03 | -3.931000E+03
TRACK:230;187;189;6;1;6;3;3;2;2;20;-9.337819594560196;11;5;5;4;0;19;25;6;6;0;3;1;5;8;1;16;18;2;1;3;6;1;8;23;-7.288586154009123;1;2;2;22;0.8337474608472935;11;6;22;-6.764869908030027;9;3;6;24
TRACK:231;187;189;0;6;5;4;3;5;1;2;1;5;14;0;21;-0.2850288854086891;18;6;5;19;0;4;1;22;4.523981499083515;24;4;5;19;0;3;1;6;4;6;1;4;4;14;2;2;22;0.8337474608472935;11;6;22;-6.764869908030027;2;2;1;6;3;4;7;-5.476483167459458;3;3;1;25;16;2;5;2;3;16;1;18;16;6;5;2;7;-4.4098910263431845;22;-0.5028457262392738;6;6;3;2;2;19;10;0;22;1.3965023447918838;25;6;5;0;4;1;3;6;5;7;8.616515733603393;3;2;1;13;23;-9.169294724575481;1;16;8;5;2;3;4;6;8;1;4;4;19;6;4;11
TRACK:232;221;89;6;1;5;0;3;2;2;20;-9.474028361879396;4;1;5;8;6;16;3;6;1;8;23;-7.084726090522237;5;3;5;2;4;25;5;10;1;2;4;21;3.3668723664174074;5;22;-9.087300808878902;6;0;10;24
TRACK:233;221;89;6;1;6;3;3;2;2;20;-9.488973958325028;11;5;5;4;0;12;25;6;6;0;3;1;5;8;1;16;18;2;1;2;5;5;9;2;1;22;-2.079119428024738;24;0;10;24;1;25;9;3;6;24
TRACK:234;226;141;0;6;5;4;3;5;1;8;0;4;1;22;4.491089893513766;24;4;5;19;0;3;1;6;4;6;1;4;4;14;3;2;19;22;7.080362266346846;2;2;1;6;3;4;7;-5.57309103293671;3;3;1;25;16;2;5;2;3;16;1;25;16;6;5;2;7;-4.247408719004402;22;-0.6103589380418581;6;6;0;12;16;6;5;0;4;1;3;6;5;7;8.579034436533933;3;2;1;13;23;-9.260893826319707;1;16;8;5;2;3;4;6;8;1;4;4;19;6;4;11
TRACK:235;226;141;6;1;5;0;2;4;2;25;20;-3.657478499779671;3;6;18;5;2;6;21;1.8223961677496945;0;3;1;25;16;16;6;1;25;9
TRACK:236;182;187;6;1;5;0;3;2;2;20;-9.604806672610225;4;1;6;10;6;16;3;6;1;8;23;-7.17472586578348;5;3;6;24;6;1;25;9
TRACK:237;182;187;6;1;6;3;3;2;2;20;-9.337819594560196;11;5;5;4;0;12;25;6;6;0;3;1;5;8;1;16;18;2;1;3;6;23;-7.17472586578348;1;2;2;22;0.8337474608472935;11;6;22;-6.764869908030027;9;3;6;24
TRACK:238;89;221;6;1;6;3;3;2;2;20;-9.488973958325028;11;5;5;4;0;12;25;6;6;0;3;1;5;8;1;16;18;2;1;2;5;5;9;2;1;22;-2.079119428024738;25;3;10;1;25;9;3;6;24
TRACK:239;89;221;6;1;5;0;3;2;2;20;-9.474028361879396;4;1;25;6;16;3;6;1;8;23;-7.084726090522237;5;3;5;2;4;25;5;10;1;2;4;21;3.3668723664174074;5;22;-9.087300808878902;6;0;10;24
TRACK:240;230;-1;3;3;4;4;3;3;5;3;5;7;3.3208469395345226
TRACK:241;232;-1;6;1;5;0;3;2;2;20;-9.511878544261657;4;1;5;8;6;16;3;6;1;8;23;-7.131690906539236;5;3;5;2;4;25;5;10;1;2;4;5;3;5;19;5;22;-9.001762504456508;6;0;10;24
TRACK:242;234;-1;0;6;5;4;3;5;1;8;0;4;1;22;4.583284583478997;24;4;5;19;0;3;1;6;4;6;1;4;4;14;3;2;19;22;6.97818008200264;2;2;1;6;3;4;7;-5.552239856239702;3;3;1;25;16;2;5;2;3;16;1;25;16;6;5;0;16;11;6;6;0;12;16;6;5;0;4;1;3;6;5;7;8.552245046576758;3;2;1;13;23;-9.254686442391767;1;16;8;5;2;3;4;6;8;1;4;4;19;6;4;11
TRACK:243;236;-1;6;1;5;0;3;2;2;20;-9.553087905401469;4;1;6;10;6;16;3;2;4;1;9;11;5;3;13;5;3;6;24;6;1;25;9
TRACK:244;238;-1;6;1;6;3;3;2;2;20;-9.50106055014707;11;5;5;4;0;12;25;6;6;0;3;1;5;8;1;16;18;2;1;2;5;5;9;2;1;22;-2.2279126810319854;25;3;10;4;1;6;21;8.639147719383708;5;25;3;6;24
TRACK:245;231;-1;0;6;5;4;3;5;1;2;1;5;14;0;21;-0.4677708615825694;18;6;5;19;0;4;1;22;4.240372324338403;24;4;5;19;0;3;1;6;4;6;1;4;4;14;2;2;22;1.0725645730691988;11;6;22;-6.824685061690115;2;2;1;6;3;4;7;-5.373226999653179;3;3;1;25;16;2;5;2;3;16;1;18;16;6;5;2;7;-4.44571764189542;22;-0.5771943828209131;6;6;3;2;2;19;10;0;22;1.4289240921268327;25;6;5;0;4;1;3;6;5;7;8.843112038834716;3;1;0;13;25;2;18;23;4.773859482280811;5;2;3;4;6;8;1;4;4;19;6;4;11
TRACK:246;233;-1;6;5;15
TRACK:247;235;-1;6;1;5;6;2;3;1;3;1;6;15;3;12;5;1;1;16;20;-9.526815654613072;1;19;12;4;3;6;1;3;16;0;19;21;-0.4223701167315248;6;1;25;9
TRACK:248;237;-1;6;1;6;3;3;2;2;20;-9.313712897590145;11;5;5;4;0;12;25;6;6;0;3;1;5;8;1;16;18;2;1;3;6;23;-7.146177515816683;3;2;4;22;1.3692203376472847;5;8;3;6;24
TRACK:249;239;-1;6;1;5;0;4;4;2;11;21;5.38340169697369;5;3;5;2;4;25;5;10;1;2;4;21;3.3382111228446867;5;22;-9.002776931881987;6;0;10;24
EVAL_INSTANCE:12:0:240
EVAL_INSTANCE:12:1:241
EVAL_INSTANCE:12:2:242
EVAL_INSTANCE:12:3:243
EVAL_INSTANCE:12:4:244
EVAL_INSTANCE:12:5:245
EVAL_INSTANCE:12:6:246
EVAL_INSTANCE:12:7:247
EVAL_INSTANCE:12:8:248
EVAL_INSTANCE:12:9:249
RUN_RESULT:12:0:0:1570:URUURURRU
RUN_RESULT:12:1:0:1052:DRDRRLURDLLUUUULUURDURLDLLURRRURR
RUN_RESULT:12:2:0:909:ULLLUUURURRRRRR
RUN_RESULT:12:3:0:1124:URUURURRU
RUN_RESULT:12:4:0:1570:URUURURRU
RUN_RESULT:12:5:0:2000:----
RUN_RESULT:12:6:0:2000:----
RUN_RESULT:12:7:0:1570:URUURURRU
RUN_RESULT:12:8:0:2000:----
RUN_RESULT:12:9:0:2000:----
    13 |      130 | -3.367300E+03 | -3.931000E+03
TRACK:250;141;89;6;1;5;0;2;4;2;25;20;-3.657478499779671;3;6;18;5;2;6;21;1.8223961677496945;0;3;1;5;8;1;16;18;16;6;1;25;9
TRACK:251;141;89;6;1;6;3;3;2;2;20;-9.488973958325028;11;5;5;4;0;12;25;6;6;0;3;1;5;8;1;16;18;2;1;2;5;21;1.8223961677496945;2;1;22;-2.079119428024738;24;3;10;1;25;9;3;6;24
TRACK:252;226;221;0;6;5;4;3;5;1;8;0;4;1;22;4.491089893513766;24;4;5;19;0;3;1;6;4;6;1;4;4;14;3;2;19;22;7.080362266346846;2;2;1;6;3;4;7;-5.57309103293671;3;3;1;25;16;2;5;2;3;16;1;25;16;6;5;2;7;-4.247408719004402;22;-0.6103589380418581;6;6;3;2;2;19;10;0;22;1.4926102927893865;25;6;5;0;4;1;3;6;5;7;8.579034436533933;3;2;1;13;23;-9.260893826319707;1;16;8;5;6;0;10;24
TRACK:253;226;221;6;1;5;0;3;2;2;20;-9.474028361879396;4;1;6;10;6;16;3;6;1;8;23;-7.084726090522237;5;3;5;2;4;25;5;10;1;2;4;21;3.3668723664174074;13;6;0;10;24
TRACK:254;182;242;6;1;5;0;3;2;16;3;6;1;8;23;-7.17472586578348;5;3;5;2;4;25;5;10;6;1;25;9
TRACK:255;182;242;0;6;5;4;3;5;1;8;0;4;1;22;4.583284583478997;24;4;5;19;0;3;1;6;4;6;1;4;4;14;3;2;19;22;6.97818008200264;2;2;1;6;3;4;7;-5.552239856239702;3;3;1;25;16;2;5;2;3;16;1;25;16;6;5;0;16;11;6;6;0;12;16;6;5;0;4;1;3;6;5;7;8.552245046576758;3;2;1;13;23;-9.254686442391767;1;16;8;5;4;1;6;10;6;16
TRACK:256;182;187;6;1;5;0;3;2;2;20;-9.604806672610225;4;1;6;10;6;16;3;6;1;8;23;-7.17472586578348;5;3;1;16;18;6;1;25;9
TRACK:257;182;187;6;1;6;3;3;2;2;20;-9.337819594560196;11;5;5;4;0;12;25;6;6;0;3;1;5;8;10;2;1;3;6;1;8;23;-7.288586154009123;1;2;2;22;0.8337474608472935;11;6;22;-6.764869908030027;9;3;6;24
TRACK:258;221;141;6;1;5;0;3;2;2;20;-9.474028361879396;4;1;6;10;6;16;3;6;1;8;23;-7.084726090522237;5;3;5;2;4;25;5;10;1;2;4;21;3.3668723664174074;5;22;-9.087300808878902;6;0;10;0;2;4;2;25;20;-3.657478499779671;3;6;18;5;2;6;21;1.8223961677496945;0;12;16
TRACK:259;221;141;6;1;5;0;2;4;2;25;20;-3.657478499779671;3;6;18;5;2;6;21;1.8223961677496945;0;4;25;16;6;1;25;9
TRACK:260;250;-1;6;1;5;0;2;4;2;25;20;-3.5194191392220158;3;6;2;11;23;4.795955654096494;5;2;6;21;1.8916973073297882;0;3;1;5;8;1;16;18;16;6;1;25;9
TRACK:261;252;-1;0;6;5;4;3;5;1;8;0;6;13;4;5;19;0;3;1;6;4;6;1;4;4;14;3;2;19;22;7.105732625317205;2;2;1;6;3;4;7;-5.4894018125745845;3;3;1;25;16;2;5;2;3;16;1;25;16;6;5;2;7;-4.133383852637764;22;-0.6653001751905877;6;6;3;2;2;19;10;0;22;1.4531535817704921;25;6;5;0;4;1;3;6;5;7;8.617077648059208;3;2;1;13;23;-9.168613315543599;1;16;8;5;6;0;10;24
TRACK:262;182;-1;6;1;5;0;3;2;2;20;-9.57369457710171;4;1;6;10;6;16;3;5;2;5;17;4;17;5;3;5;2;4;25;5;10;6;1;25;9
TRACK:263;256;-1;6;1;5;0;3;2;2;20;-9.572726892591207;4;1;6;10;6;16;3;6;1;8;23;-7.261303969853808;5;3;1;16;18;6;1;25;5;2;3;1;16;10;2;5;11;3;17
TRACK:264;258;-1;6;1;5;0;3;2;2;20;-9.504797004501086;4;1;6;10;6;16;3;6;0;15;23;1.814722512156962;5;3;5;2;4;25;5;10;1;2;4;21;3.415736724169195;5;22;-8.842485360282868;6;0;10;0;2;4;2;25;20;-3.7054613595413657;3;6;18;5;2;6;21;1.7605896733654014;0;12;16
TRACK:265;251;-1;6;1;6;3;3;2;2;20;-9.491307516661976;11;5;5;4;0;12;25;6;2;2;5;4;5;10;3;5;2;12;21;9.388385941599108;1;2;0;4;17;4;9;6;1;12;12;5;4;4;16
TRACK:266;253;-1;6;1;5;0;3;2;2;20;-9.507120667765134;4;1;6;10;6;16;3;6;6;24;5;3;5;2;4;25;5;10;1;2;4;21;3.3355598657030447;13;6;0;10;24
TRACK:267;242;-1;0;6;5;4;3;5;1;8;0;4;6;22;2.6510743912886667;4;5;19;0;3;1;6;4;6;1;4;4;14;3;2;19;22;7.109506174890325;2;2;1;6;3;4;7;-5.434459382804468;3;3;1;25;16;2;5;2;3;16;1;25;16;6;5;0;16;11;6;6;0;12;16;6;5;0;4;1;3;6;5;7;8.578446113900833;3;2;1;13;23;-9.312867937921252;1;16;8;5;2;3;4;6;8;1;4;4;19;6;4;11
TRACK:268;257;-1;6;0;5;24;5;20;-3.9586563983022938
TRACK:269;259;-1;6;1;5;0;2;4;2;25;20;-3.737732154639213;0;8;10;5;2;6;21;1.5879558079661615;0;4;25;16;6;1;25;9
EVAL_INSTANCE:13:0:260
EVAL_INSTANCE:13:1:261
EVAL_INSTANCE:13:2:262
EVAL_INSTANCE:13:3:263
EVAL_INSTANCE:13:4:264
EVAL_INSTANCE:13:5:265
EVAL_INSTANCE:13:6:266
EVAL_INSTANCE:13:7:267
EVAL_INSTANCE:13:8:268
EVAL_INSTANCE:13:9:269
RUN_RESULT:13:0:0:967:DRDRRLLUUUULUURURRLLDLDDDDRDRDRULLULUUULURURRRR
RUN_RESULT:13:1:0:1074:URUULLLLURURRRRRR
RUN_RESULT:13:2:0:2000:----
RUN_RESULT:13:3:0:2000:----
RUN_RESULT:13:4:0:63:RRUURUURU
RUN_RESULT:13:5:0:2000:----
RUN_RESULT:13:6:0:2000:----
RUN_RESULT:13:7:0:908:ULLLUUURURRRRRR
RUN_RESULT:13:8:0:1571:URUURURRU
RUN_RESULT:13:9:0:10:URUURURRU
    14 |      140 | -3.573500E+03 | -3.990000E+03
TRACK:270;264;89;6;1;5;0;3;2;2;20;-9.504797004501086;4;1;6;10;6;16;3;6;0;15;23;1.814722512156962;5;20;-9.488973958325028;1;2;4;21;3.415736724169195;5;22;-8.842485360282868;6;0;10;0;2;4;2;25;20;-3.7054613595413657;3;6;18;5;2;6;21;1.7605896733654014;0;12;16
TRACK:271;264;89;6;1;2;4;2;25;20;-3.7054613595413657;3;6;18;6;6;0;3;1;5;8;1;16;18;2;1;2;5;5;9;2;1;22;-2.079119428024738;24;3;10;1;25;9;3;6;24
TRACK:272;182;221;6;1;5;0;3;2;2;1;8;23;-7.084726090522237;4;1;6;10;6;16;3;6;1;8;23;-7.17472586578348;5;3;5;2;4;25;5;10;6;1;25;9
TRACK:273;182;221;6;1;5;0;3;2;2;20;-9.474028361879396;4;1;6;20;-9.604806672610225;6;16;3;6;1;8;23;-7.084726090522237;5;3;5;2;4;25;5;10;1;2;4;21;3.3668723664174074;5;22;-9.087300808878902;6;0;10;24
TRACK:274;269;269;6;1;5;0;2;4;2;25;20;-3.737732154639213;0;8;10;5;2;6;20;-3.737732154639213;0;4;25;16;6;1;25;9
TRACK:275;269;269;6;1;5;0;2;4;2;25;20;-3.737732154639213;0;8;10;5;2;6;21;1.5879558079661615;0;4;25;16;6;1;25;9
TRACK:276;264;221;6;1;5;0;3;2;2;20;-9.504797004501086;4;1;6;10;6;16;3;6;0;5;10;23;1.814722512156962;5;3;5;2;4;25;5;10;1;2;4;21;3.415736724169195;5;22;-8.842485360282868;6;0;10;0;2;4;2;25;20;-3.7054613595413657;3;6;18;5;2;6;21;1.7605896733654014;0;12;16
TRACK:277;264;221;6;1;5;0;3;2;2;20;-9.474028361879396;4;1;6;10;6;16;3;6;1;5;10;23;-7.084726090522237;5;3;5;2;4;25;5;10;1;2;4;21;3.3668723664174074;5;22;-9.087300808878902;6;0;10;24
TRACK:278;141;182;6;1;5;0;2;4;2;25;20;-3.657478499779671;3;6;18;5;2;6;21;1.8223961677496945;0;12;8;6;1;25;9
TRACK:279;141;182;6;1;5;9;6;1;25;9
TRACK:280;270;-1;6;1;5;0;3;2;2;20;-9.57462304864035;4;1;6;10;6;16;3;6;0;15;23;1.9111933824996465;5;20;-9.40020302885061;1;2;4;4;0;1;25;25;2;10;23;-7.8627107110115;5;22;-8.811410222579564;6;0;10;0;2;4;2;25;20;-3.66683120041477;3;6;18;5;2;6;21;1.9764115210717583;0;12;16
TRACK:281;272;-1;6;1;5;0;3;2;2;2;24;16;4;1;6;10;6;16;3;6;1;8;23;-7.045591248093395;5;3;5;2;4;25;5;10;6;1;25;9
TRACK:282;274;-1;6;1;5;0;2;4;2;25;20;-3.650676928016686;0;8;10;5;2;6;5;0;4;14;5;13;0;4;25;16;6;1;25;9
TRACK:283;276;-1;6;1;5;0;3;2;2;20;-9.383214704963095;4;1;6;10;6;7;5.528403024828293;3;6;0;5;10;23;1.7963270325725553;5;3;5;2;4;25;5;10;1;2;4;21;3.4427670791082363;5;22;-8.666474978497234;6;0;10;0;2;4;2;25;20;-3.7077890126557698;3;6;18;5;2;6;21;1.8079846237518131;0;12;16
TRACK:284;278;-1;6;1;5;0;2;4;2;25;20;-3.6601596773340326;3;6;18;5;2;6;21;1.6307524798385673;0;12;8;6;1;1;13;10;9
TRACK:285;271;-1;6;1;2;4;4;2;4;18;0;16;12;3;6;18;6;6;0;3;1;5;8;1;16;18;2;1;2;5;5;9;2;1;22;-2.0313419201473857;24;3;10;1;25;9;3;6;24
TRACK:286;273;-1;6;1;5;0;3;2;2;20;-9.467283835488884;4;1;6;20;-9.691399398285514;6;16;3;6;6;20;-2.103092608160173;5;3;5;2;4;25;5;10;1;2;4;21;3.4058553142589556;5;22;-9.195627788326393;6;0;10;24
TRACK:287;275;-1;6;1;5;0;2;4;2;25;20;-3.8611698114447197;0;8;10;5;3;25;6;1;25;9
TRACK:288;277;-1;6;1;5;0;3;2;4;3;2;3;8;6;20;5.365875448246957;6;0;2;2;25;17;2;8;17;4;2;23;3.47163290685123;10;5;3;5;2;4;25;5;10;1;2;4;21;3.3188714023782597;5;22;-9.151156523747359;6;0;10;24
TRACK:289;279;-1;6;1;5;9;6;1;3;23;5.588240517836034;9
EVAL_INSTANCE:14:0:280
EVAL_INSTANCE:14:1:281
EVAL_INSTANCE:14:2:282
EVAL_INSTANCE:14:3:283
EVAL_INSTANCE:14:4:284
EVAL_INSTANCE:14:5:285
EVAL_INSTANCE:14:6:286
EVAL_INSTANCE:14:7:287
EVAL_INSTANCE:14:8:288
EVAL_INSTANCE:14:9:289
RUN_RESULT:14:0:0:380:DRDRRLLUUUULUURURRLLDLDDDDRDRDRULLULUUULUDLLURURRRRDRRU
RUN_RESULT:14:1:0:2000:----
RUN_RESULT:14:2:0:689:URUURURRU
RUN_RESULT:14:3:0:2000:----
RUN_RESULT:14:4:0:2000:----
RUN_RESULT:14:5:0:1570:URUURURRU
RUN_RESULT:14:6:0:2000:----
RUN_RESULT:14:7:0:690:URUURURRU
RUN_RESULT:14:8:0:2000:----
RUN_RESULT:14:9:0:1071:DRDRRLLUUUULUURURRLLDLDDDDRDRDRULLULUUULURURRRR
    15 |      150 | -3.670100E+03 | -3.990000E+03
TRACK:290;280;264;6;1;5;0;3;2;2;20;-9.57462304864035;4;1;6;10;6;16;3;6;15;5;20;-9.40020302885061;1;2;4;4;0;1;25;25;2;10;23;-7.8627107110115;5;22;-8.811410222579564;6;0;10;0;2;4;2;25;20;-3.66683120041477;3;6;18;5;2;6;21;1.9764115210717583;0;12;16
TRACK:291;280;264;6;1;5;0;3;2;2;20;-9.504797004501086;4;1;6;10;6;16;3;6;0;15;23;1.814722512156962;5;3;5;2;4;25;5;10;1;2;4;21;3.415736724169195;5;22;-8.842485360282868;6;0;10;0;15;5;2;6;21;1.7605896733654014;0;12;16
TRACK:292;187;221;6;1;6;3;3;2;2;20;-9.337819594560196;11;5;5;4;0;12;25;6;6;0;3;1;5;8;1;16;18;22;-9.087300808878902
TRACK:293;187;221;6;1;5;0;3;2;2;20;-9.474028361879396;4;1;6;10;6;16;3;6;1;8;23;-7.084726090522237;5;3;5;2;20;-9.337819594560196;11;1;2;4;21;3.3668723664174074;5;22;-9.087300808878902;6;0;10;24
TRACK:294;269;269;6;1;2;4;2;25;20;-3.737732154639213;0;8;10;6;1;25;9
TRACK:295;269;269;6;1;5;0;2;4;2;25;20;-3.737732154639213;0;8;10;5;2;6;21;1.5879558079661615;0;4;25;16;6;1;25;6;1;25;9
TRACK:296;280;89;6;1;10;1;2;4;4;0;1;25;25;2;10;23;-7.8627107110115;5;22;-8.811410222579564;6;0;10;0;2;4;2;25;20;-3.66683120041477;3;6;18;5;2;6;21;1.9764115210717583;0;12;16
TRACK:297;280;89;6;1;6;3;3;2;2;20;-9.488973958325028;11;5;5;4;0;12;25;6;20;-9.57462304864035
TRACK:298;141;221;6;1;5;0;2;4;2;25;20;-3.657478499779671;3;6;18;5;2;6;21;1.8223961677496945;0;12;16;20;-9.474028361879396
TRACK:299;141;221;6;1;5;0;20;-3.657478499779671;5;3;5;2;4;25;5;10;1;2;4;21;3.3668723664174074;5;22;-9.087300808878902;6;0;10;24
TRACK:300;290;-1;6;1;5;0;3;2;2;20;-9.48900569036083;4;1;6;10;1;19;24;3;6;15;5;20;-9.529414890683842;1;2;4;4;0;1;25;25;2;10;23;-7.852635037403643;5;22;-8.839156909245027;6;0;10;0;2;4;2;25;20;-3.6036118238707107;3;6;18;5;2;6;21;1.9859338326618228;0;12;16
TRACK:301;292;-1;6;1;6;3;3;2;2;20;-9.20719453756569;11;5;5;4;0;12;25;6;6;0;15;14
TRACK:302;294;-1;6;1;2;4;2;25;20;-3.523028461962502;1;3;5;6;10;2;0;0;12;25;2;23;-0.3582543073255131;7;-5.831935476577106;6;2;22;5.757165931946819;7;5.732526607350401;6;1;25;9
TRACK:303;296;-1;6;1;10;1;2;4;4;0;1;25;25;2;10;23;-7.758997064468488;5;22;-8.745564090554238;6;0;10;0;2;4;2;25;20;-3.6599740969917023;3;6;18;5;2;2;4;24;5;13;0;12;16
TRACK:304;298;-1;6;1;5;0;2;4;2;25;20;-3.467948097007558;2;4;24;1;13;9;5;2;6;21;1.7850970943271638;0;12;16;20;-9.404320409427768
TRACK:305;291;-1;6;1;5;0;3;2;2;20;-9.56461193561598;4;1;20;7.80343859664665;9;3;6;0;15;23;1.7273060060356946;5;3;5;2;4;25;5;10;1;2;4;21;3.369422623792884;5;22;-8.830298714564835;6;0;10;0;15;5;2;6;21;1.619860381257312;0;12;16
TRACK:306;293;-1;6;1;5;0;3;2;2;20;-9.409346715607725;4;1;6;10;6;16;3;6;1;8;23;-7.061846779256286;0;1;2;4;20;-4.822481511721626;3;22;-5.928903970419412;2;5;23;-8.58280094837773;4;10;4;6;2;11;14;1;2;4;21;3.537567180410201;5;22;-8.84765874105541;6;0;10;24
TRACK:307;295;-1;6;1;5;0;2;4;2;25;20;-3.6889029890403866;0;8;10;5;2;6;21;1.526227215809831;0;4;5;1;21;-2.4609452505898455;20;-1.9961278018834392;16;6;1;25;6;1;25;9
TRACK:308;297;-1;6;1;6;2;1;6;4;6;6;22;0.2639720219923962;3;0;0;3;25;6;11;3;0;14;8;1;6;6;6;4;12;3;4;6;4;23;-8.547938098804806;6;20;-9.618487228882376
TRACK:309;299;-1;6;1;5;0;20;-3.6683472348456614;5;3;5;2;4;25;5;10;1;2;4;14;4;21;-1.1488849395204497;6;0;10;24
EVAL_INSTANCE:15:0:300
EVAL_INSTANCE:15:1:301
EVAL_INSTANCE:15:2:302
EVAL_INSTANCE:15:3:303
EVAL_INSTANCE:15:4:304
EVAL_INSTANCE:15:5:305
EVAL_INSTANCE:15:6:306
EVAL_INSTANCE:15:7:307
EVAL_INSTANCE:15:8:308
EVAL_INSTANCE:15:9:309
RUN_RESULT:15:0:0:731:LDUULLURUUDRRULDLDDDDULDRUUUURURURRRR
RUN_RESULT:15:1:0:2000:----
RUN_RESULT:15:2:0:2000:----
RUN_RESULT:15:3:0:2000:----
RUN_RESULT:15:4:0:2000:----
RUN_RESULT:15:5:0:2000:----
RUN_RESULT:15:6:0:2000:----
RUN_RESULT:15:7:0:1623:DDLUDLUUDRRUL
RUN_RESULT:15:8:0:2000:----
RUN_RESULT:15:9:0:11:URUURURRU
    16 |      160 | -3.738000E+03 | -3.990000E+03
TRACK:310;89;269;6;1;6;3;3;2;2;20;-9.488973958325028;11;21;1.5879558079661615;6;6;0;3;1;5;8;1;16;18;2;1;2;5;5;9;2;1;22;-2.079119428024738;24;3;10;1;25;9;3;6;24
TRACK:311;89;269;6;1;5;0;2;4;2;25;20;-3.737732154639213;1;2;5;5;9;2;1;22;-2.079119428024738;24;3;10;1;25;9;5;2;6;21;1.5879558079661615;0;4;25;16;6;1;25;9
TRACK:312;221;309;6;1;5;0;3;2;2;20;-9.474028361879396;4;1;6;10;6;16;3;6;1;8;23;-7.084726090522237;5;3;5;2;4;25;5;10;25
TRACK:313;221;309;6;1;5;2;4;25;5;10;1;2;4;14;4;21;-1.1488849395204497;6;0;10;24
TRACK:314;264;89;6;1;5;0;3;2;2;20;-9.504797004501086;4;1;6;12;6;16;3;6;0;15;23;1.814722512156962;5;3;5;2;4;25;5;10;1;2;4;21;3.415736724169195;5;22;-8.842485360282868;6;0;10;0;2;4;2;25;20;-3.7054613595413657;3;6;18;5;2;6;21;1.7605896733654014;0;12;16
TRACK:315;264;89;6;1;6;3;3;2;2;20;-9.488973958325028;11;5;6;0;15;23;1.814722512156962;6;6;0;3;1;5;8;1;16;18;2;1;2;5;5;9;2;1;22;-2.079119428024738;24;3;10;1;25;9;3;6;24
TRACK:316;269;264;6;1;5;0;2;4;2;3;6;0;15;23;1.814722512156962;20;-3.737732154639213;0;8;10;5;2;6;21;1.5879558079661615;0;4;25;16;6;1;25;9
TRACK:317;269;264;6;1;5;0;3;2;6;21;1.5879558079661615;0;4;25;16;5;3;5;2;4;25;5;10;1;2;4;21;3.415736724169195;5;22;-8.842485360282868;6;0;10;0;2;4;2;25;20;-3.7054613595413657;3;6;18;5;2;6;21;1.7605896733654014;0;12;16
TRACK:318;309;221;6;1;5;0;20;-3.6683472348456614;5;3;5;2;4;25;16;1;2;4;14;4;21;-1.1488849395204497;6;0;10;24
TRACK:319;309;221;6;1;5;0;3;2;2;20;-9.474028361879396;4;4;21;-1.1488849395204497;3;6;1;8;23;-7.084726090522237;5;3;5;2;4;25;5;10;1;2;4;21;3.3668723664174074;5;22;-9.087300808878902;6;0;10;24
TRACK:320;310;-1;6;1;6;3;3;2;2;20;-9.419664577888017;11;21;1.5178465546210491;6;6;0;3;1;5;8;1;16;18;2;1;4;7;-3.0619110692981195;1;25;9;3;6;24
TRACK:321;312;-1;6;1;5;0;3;2;2;20;-9.343020389771974;4;1;6;14;6;16;3;6;1;8;23;-7.113915191378765;5;3;5;2;4;25;5;10;25
TRACK:322;314;-1;6;1;5;0;3;2;2;20;-9.488741624973235;4;1;6;12;6;16;3;6;0;15;23;1.5977371444439945;5;3;5;2;4;25;5;10;1;2;4;21;3.5358269309056936;5;22;-8.817722474254468;1;5;2;0;4;23;-0.18968873484804583;5;22;8.444668571167448;3;4;22;7.192220115864622;1;4;2;2;18;21;2.306153974810387;1;18;17;3;5;1;10;23;9.668455535022765
TRACK:323;316;-1;6;1;5;0;2;4;2;3;6;0;15;23;1.9129332489867998;20;-3.7912487509270063;0;8;10;5;2;3;6;0;15;8;0;4;25;16;6;1;25;9
TRACK:324;318;-1;6;1;5;4;5;6;5;1;4;7;-4.028885406132652;2;21;-9.374550219598198;8;1;2;4;14;4;21;-1.0896355814049787;6;0;10;24
TRACK:325;311;-1;6;1;5;0;2;4;2;25;20;-3.8275918539021174;1;2;5;5;9;2;1;22;-2.1286790742997397;24;3;10;1;25;9;5;2;6;21;1.5857582730463902;0;4;25;16;6;1;25;1;5;0;4;2;10;25;6;1;25;7;-9.753220482852388;0;5;6;3;16;2;3;2;19;10;6;4;15
TRACK:326;313;-1;6;1;5;2;4;25;5;10;1;2;4;14;4;21;-1.1615049961833421;6;0;1;6;3;4;18;3;6;4;24;24
TRACK:327;315;-1;6;1;6;3;3;2;2;20;-9.341353629857032;11;5;6;0;15;23;1.8815226865379042;6;6;0;3;1;5;8;1;16;18;2;1;2;5;5;9;2;1;18;24;3;10;1;25;9;3;6;24
TRACK:328;317;-1;6;1;5;4;3;1;5;3;6;4;18;0;0;0;4;20;-4.004536334277451;2;24;15;4;1;15;7;9.316071860279301;2;0;3;8;2;14;16;1;1;21;5.048083311447263;11;6;17;1;2;4;21;3.376353891872141;5;22;-8.855438420672138;6;0;10;0;2;4;2;25;20;-3.830559216054641;3;6;18;5;2;6;21;1.610143082526077;0;12;16
TRACK:329;319;-1;6;1;5;0;3;2;2;20;-9.375955159376629;4;2;4;10;4;18;3;6;1;8;23;-6.92240235653058;5;3;5;2;4;25;5;10;1;2;4;21;3.420027476208934;5;22;-9.192129813666178;6;0;10;24
EVAL_INSTANCE:16:0:320
EVAL_INSTANCE:16:1:321
EVAL_INSTANCE:16:2:322
EVAL_INSTANCE:16:3:323
EVAL_INSTANCE:16:4:324
EVAL_INSTANCE:16:5:325
EVAL_INSTANCE:16:6:326
EVAL_INSTANCE:16:7:327
EVAL_INSTANCE:16:8:328
EVAL_INSTANCE:16:9:329
RUN_RESULT:16:0:0:1570:URUURURRU
RUN_RESULT:16:1:0:419:DRDRRLLUUUULUURURRLLDLDDDDRDRDRULLULUUULURURRRR
RUN_RESULT:16:2:0:1570:URUURURRU
RUN_RESULT:16:3:0:1398:DRDRRLLUUUUDDDRRLLUUULUURURDLDURRRU
RUN_RESULT:16:4:0:1570:URUURURRU
RUN_RESULT:16:5:0:1953:RRDDRUUURUUULLULLLDURRRRR
RUN_RESULT:16:6:0:1570:URUURURRU
RUN_RESULT:16:7:0:2000:----
RUN_RESULT:16:8:0:1570:URUURURRU
RUN_RESULT:16:9:0:2000:----
    17 |      170 | -3.765000E+03 | -3.990000E+03
TRACK:330;89;269;6;1;6;3;3;2;2;20;-9.488973958325028;11;5;5;4;0;12;25;6;6;2;6;21;1.5879558079661615;0;4;25;16
TRACK:331;89;269;6;1;5;0;2;4;2;25;20;-3.737732154639213;0;8;10;5;2;6;21;1.5879558079661615;3;6;24;6;1;25;9
TRACK:332;309;264;6;4;1;6;10;6;16
TRACK:333;309;264;6;1;5;0;3;2;2;20;-9.504797004501086;4;1;6;10;6;16;3;6;0;15;23;1.814722512156962;5;3;5;2;4;25;5;10;1;2;4;21;3.415736724169195;5;22;-8.842485360282868;6;0;10;0;2;4;2;25;20;-3.7054613595413657;3;6;20;-3.6683472348456614;5;2;6;21;1.7605896733654014;0;12;16
TRACK:334;280;89;6;1;5;0;3;2;25;3;6;0;15;23;1.9111933824996465;5;20;-9.40020302885061;1;2;4;4;0;1;25;25;2;10;23;-7.8627107110115;5;22;-8.811410222579564;6;0;10;0;2;4;2;25;20;-3.66683120041477;3;6;18;5;2;6;21;1.9764115210717583;0;12;16
TRACK:335;280;89;6;1;6;3;3;2;2;20;-9.488973958325028;11;5;5;4;0;12;25;6;6;0;3;1;5;8;1;16;18;2;20;-9.40020302885061;3;6;24
TRACK:336;269;309;6;1;5;0;2;4;2;25;20;-3.737732154639213;0;8;10;5;2;6;2;4;14;4;21;-1.1488849395204497;0;4;25;16;6;1;25;9
TRACK:337;269;309;6;1;5;0;20;-3.6683472348456614;5;2;25;20;-3.737732154639213;1;2;4;14;4;21;-1.1488849395204497;6;0;10;24
TRACK:338;264;221;6;1;5;0;3;2;2;20;-9.504797004501086;4;1;6;10;6;16;3;6;0;15;23;1.814722512156962;5;3;5;2;4;25;5;10;1;2;4;10;5;22;-8.842485360282868;6;0;10;0;2;4;2;25;20;-3.7054613595413657;3;6;18;5;2;6;21;1.7605896733654014;0;12;16
TRACK:339;264;221;6;1;5;0;3;2;2;20;-9.474028361879396;4;1;6;10;6;16;3;6;1;8;23;-7.084726090522237;5;3;5;2;4;25;5;10;1;2;4;21;3.3668723664174074;6;18;6;0;10;24
TRACK:340;330;-1;2;1;2;1;1;6;1;6;6;25;0;5;11;1;8;16;5;4;0;6;15;2;22;1.9861999756244906;23;-7.58809160429029;4;4;0;6;6;15;1;6;25;4;19;3;6;6;5;5;5;24;1;2;1;3;0;0;1;19;12;4;9;3;3;18;0;1;2;5;24;2;19;19;1;4;12;3;25;1;6;5;18;5;0;10;18;2;3;1;4;2;14;22;0.34320643497779457;4;0;7;-7.938334974997481;9;0;0;6;0;7;8.528480150798849;15;0;0;9;9;3;17;5;5;0;15;11;4;5;0;0;3;3;14;6;3;9;5;6;3;21;2.7504015731358677;6;1;6;6;2;1;5;3;22;1.8472669990823043;1;1;16;22;1.068984595637426;3;24;5;1;3;17;4;8;5;6;1;0;5;1;17;9;0;5;19;6;8;5;6;2;19;14
TRACK:341;332;-1;4;5;3;0;0;7;7.25447641002345;25;1;8;18
TRACK:342;334;-1;6;1;5;0;3;2;25;3;6;0;15;23;2.163153336329227;5;20;-9.56360057872509;1;2;4;4;0;1;25;25;2;0;1;8;12;3;21;-2.946750258226201;23;-7.912303695015095;5;22;-8.921460275362808;6;0;10;0;2;4;2;25;20;-3.7021223766281484;3;6;18;5;2;6;21;2.232875599882698;0;12;16
TRACK:343;336;-1;6;1;5;0;2;4;2;25;20;-3.6600278758083147;0;8;10;5;2;6;2;1;9;21;-9.287393388008303;4;21;-1.1040345840419108;0;4;25;16;6;1;25;9
TRACK:344;338;-1;6;1;5;0;3;2;2;20;-9.373838152856257;1;6;7;4.367788017564456;4;10;3;6;0;15;23;1.8287287303899102;5;3;5;2;4;25;5;10;1;2;4;10;5;22;-8.868052355228375;6;0;10;0;2;4;2;25;20;-3.665792107558347;3;6;18;5;2;6;21;1.813717343541007;0;12;16
TRACK:345;331;-1;1;3;3;0;3;9;5;16;0;6;5;5;19;4;6;1;19;10
TRACK:346;333;-1;6;1;5;0;3;2;2;20;-9.414610235160893;4;1;6;10;6;16;3;6;0;15;23;1.8193979778170286;5;3;5;2;4;25;5;10;1;2;4;21;3.398787042318347;5;22;-8.770827694552425;6;0;10;0;2;4;2;25;20;-3.6356098341201046;3;6;20;-3.823914498290325;5;3;1;19;8
TRACK:347;335;-1;6;1;6;3;3;2;2;20;-9.410185666419542;11;5;5;4;0;12;25;6;6;0;3;1;5;8;1;16;18;4;3;0;22;-8.09444890031963;16
TRACK:348;337;-1;6;1;5;0;20;-3.9007291598744205;5;2;25;20;-3.690701062590783;3;5;5;6;4;2;4;2;7;4.80569480858383;22;9.789735324545028;3;2;8;19
TRACK:349;339;-1;6;1;5;0;3;2;2;20;-9.592341764371557;4;1;6;10;6;16;3;6;1;8;23;-6.998468635317334;5;3;5;2;4;25;5;10;1;2;4;21;3.370853597578143;6;18;0;4;6;2;0;8;14;6;24;6;5;5;1;20;-9.688331843382043;14
EVAL_INSTANCE:17:0:340
EVAL_INSTANCE:17:1:341
EVAL_INSTANCE:17:2:342
EVAL_INSTANCE:17:3:343
EVAL_INSTANCE:17:4:344
EVAL_INSTANCE:17:5:345
EVAL_INSTANCE:17:6:346
EVAL_INSTANCE:17:7:347
EVAL_INSTANCE:17:8:348
EVAL_INSTANCE:17:9:349
RUN_RESULT:17:0:0:1570:URUURURRU
RUN_RESULT:17:1:0:2000:----
RUN_RESULT:17:2:0:2000:----
RUN_RESULT:17:3:0:2000:----
RUN_RESULT:17:4:0:2000:----
RUN_RESULT:17:5:0:1570:URUURURRU
RUN_RESULT:17:6:0:89:RRUURUURU
RUN_RESULT:17:7:0:2000:----
RUN_RESULT:17:8:0:2000:----
RUN_RESULT:17:9:0:1558:URUURURRU
    18 |      180 | -3.803100E+03 | -3.990000E+03
TRACK:350;346;221;6;1;5;0;3;2;2;20;-9.414610235160893;4;1;6;10;6;16;3;6;0;15;23;1.8193979778170286;5;3;5;2;4;25;10;1;2;4;21;3.398787042318347;5;22;-8.770827694552425;6;0;10;0;2;4;2;25;20;-3.6356098341201046;3;6;20;-3.823914498290325;5;3;1;19;8
TRACK:351;346;221;6;1;5;0;3;2;2;20;-9.474028361879396;4;1;6;10;6;16;3;6;1;8;23;-7.084726090522237;5;3;5;2;4;25;5;10;1;6;16;6;0;10;24
TRACK:352;264;89;6;1;5;0;3;2;2;20;-9.504797004501086;4;1;6;10;6;16;3;6;0;15;23;1.814722512156962;5;3;5;2;4;25;5;10;1;2;4;21;3.415736724169195;5;22;-8.842485360282868;6;0;10;0;2;4;4;0;12;25;3;6;18;5;2;6;21;1.7605896733654014;0;12;16
TRACK:353;264;89;6;1;6;3;3;2;2;20;-9.488973958325028;11;5;5;4;0;12;25;6;6;0;3;1;5;8;1;16;2;6;21;1.7605896733654014;0;12;16;2;1;2;5;5;9;2;1;22;-2.079119428024738;24;3;10;1;25;9;3;6;24
TRACK:354;269;269;6;1;5;0;2;4;2;25;20;-3.737732154639213;0;4;2;25;20;-3.737732154639213;10;5;2;6;21;1.5879558079661615;0;4;25;16;6;1;25;9
TRACK:355;269;269;6;1;5;0;2;4;2;25;20;-3.737732154639213;0;8;10;5;2;6;21;1.5879558079661615;0;4;25;16;6;21;1.5879558079661615
TRACK:356;280;309;6;1;5;0;3;2;2;20;-9.57462304864035;4;1;6;21;-1.1488849395204497;6;16;3;6;0;15;23;1.9111933824996465;5;20;-9.40020302885061;1;2;4;4;0;1;25;25;2;10;23;-7.8627107110115;5;22;-8.811410222579564;6;0;10;0;2;4;2;25;20;-3.66683120041477;3;6;18;5;2;6;21;1.9764115210717583;0;12;16
TRACK:357;280;309;6;1;5;0;20;-3.6683472348456614;5;3;5;2;4;25;5;25;1;2;4;14;4;21;-1.1488849395204497;6;0;10;24
TRACK:358;264;221;6;1;5;0;3;2;2;20;-9.504797004501086;4;1;6;10;6;16;3;6;0;15;23;1.814722512156962;5;3;5;2;4;25;5;10;1;2;4;21;3.415736724169195;5;22;-8.842485360282868;6;0;5;3;5;2;4;25;5;10;0;2;4;2;25;20;-3.7054613595413657;3;6;18;5;2;6;21;1.7605896733654014;0;12;16
TRACK:359;264;221;6;1;5;0;3;2;2;20;-9.474028361879396;4;1;6;10;6;16;3;6;1;25;23;-7.084726090522237;5;3;5;2;4;25;5;10;1;2;4;21;3.3668723664174074;5;22;-9.087300808878902;6;0;10;24
TRACK:360;346;-1;6;1;5;0;3;2;2;20;-9.483502577309167;4;1;6;10;6;16;3;6;0;2;24;16;23;1.935525544183111;5;3;5;2;4;25;5;10;1;2;4;21;3.3528437460465623;5;22;-8.913883827386249;6;0;10;0;2;4;2;25;20;-3.520435306745655;3;6;20;-3.782144638383459;5;3;1;19;8
TRACK:361;352;-1;6;1;5;0;3;2;5;1;0;23;2.4985971640764397;19;5;9;3;6;0;15;23;1.7385585802213679;5;3;5;2;4;25;5;10;1;2;4;21;3.337161167303435;5;22;-8.92037233542586;6;0;10;0;2;4;4;0;12;25;3;6;18;5;2;6;21;1.6740548954173509;0;12;16
TRACK:362;269;-1;6;1;5;0;2;4;2;25;20;-3.738566359930401;0;8;10;5;2;6;21;1.5812444275256738;0;2;3;4;10;0;0;18;20;3.7590480319026476;2;20;3.3129511947388774;11;16;6;1;25;9
TRACK:363;356;-1;6;1;5;0;3;2;2;20;-9.445029661660584;4;1;6;21;-1.1236546179218159;6;16;3;6;0;15;23;1.8128055573578319;5;20;-9.452782389188265;1;2;4;4;0;1;25;25;2;10;23;-7.8791908986848345;5;22;-8.688021385354233;6;0;10;0;2;4;2;25;20;-3.5444830414456066;4;13;5;2;6;21;1.9728812507084101;0;12;16
TRACK:364;264;-1;6;1;5;0;3;2;2;20;-9.500483945173762;4;4;12;3;6;0;15;23;1.6280264265346551;5;3;5;2;4;25;5;10;1;2;4;21;3.4097013525924047;5;22;-8.812765069733883;6;0;10;0;2;4;2;25;20;-3.623003876331084;3;6;18;5;2;6;21;1.7044399234271923;0;12;16
TRACK:365;221;-1;6;1;5;0;3;2;2;20;-9.365605335954202;4;1;6;10;6;14;3;6;1;8;23;-6.894763238484275;5;3;5;2;4;25;5;10;1;2;4;21;3.4230924532147475;5;22;-9.060053462960985;6;0;10;24
TRACK:366;353;-1;6;1;6;3;3;2;2;20;-9.402577094953456;11;5;5;4;0;12;25;6;6;0;3;4;9;2;1;2;5;5;9;2;1;22;-1.844618060141269;24;3;10;1;25;9;3;6;24
TRACK:367;269;-1;6;1;6;3;4;21;9.452985560292053;6;1;25;9
TRACK:368;357;-1;6;1;5;0;20;-3.6231005889040326;5;3;5;2;4;25;5;25;1;2;4;14;4;21;-1.1032655703455285;6;0;4;16;24
TRACK:369;221;-1;6;1;5;0;3;1;0;3;4;4;13;1;1;2;16;13;0;24;24;6;3;12;6;5;0;5;9;5;8;5;3;5;2;4;25;5;10;1;2;4;21;3.322071443747778;5;22;-9.246321400044284;6;0;10;24
EVAL_INSTANCE:18:0:360
EVAL_INSTANCE:18:1:361
EVAL_INSTANCE:18:2:362
EVAL_INSTANCE:18:3:363
EVAL_INSTANCE:18:4:364
EVAL_INSTANCE:18:5:365
EVAL_INSTANCE:18:6:366
EVAL_INSTANCE:18:7:367
EVAL_INSTANCE:18:8:368
EVAL_INSTANCE:18:9:369
RUN_RESULT:18:0:0:69:RRUURUURU
RUN_RESULT:18:1:0:2000:----
RUN_RESULT:18:2:0:10:URUURURRU
RUN_RESULT:18:3:0:318:DRDRRLLUUUULUURURRLLDLDDDDRDRDRULLULUUULURURRRR
RUN_RESULT:18:4:0:63:RRUURUURU
RUN_RESULT:18:5:0:2000:----
RUN_RESULT:18:6:0:310:ULLLUUUDRURRURRRR
RUN_RESULT:18:7:0:2000:----
RUN_RESULT:18:8:0:1570:URUURURRU
RUN_RESULT:18:9:0:2000:----
    19 |      190 | -3.910500E+03 | -3.990000E+03
TRACK:370;221;362;6;1;5;0;3;2;2;20;-9.474028361879396;4;1;6;10;9;3;6;1;8;23;-7.084726090522237;5;3;5;2;4;25;5;10;1;2;4;21;3.3668723664174074;5;22;-9.087300808878902;6;0;10;24
TRACK:371;221;362;6;1;5;0;2;4;2;25;20;-3.738566359930401;0;8;10;5;2;6;21;1.5812444275256738;0;2;3;4;10;0;0;18;20;3.7590480319026476;2;10;11;16;6;1;25;9
TRACK:372;346;264;6;1;5;0;3;2;2;20;-9.414610235160893;4;1;6;10;16;3;6;0;15;23;1.8193979778170286;5;3;5;2;4;25;5;10;1;2;4;21;3.398787042318347;5;22;-8.770827694552425;6;0;10;0;2;4;2;25;20;-3.6356098341201046;3;6;20;-3.823914498290325;5;3;1;19;8
TRACK:373;346;264;6;1;5;0;3;2;2;20;-9.504797004501086;4;1;6;10;6;16;3;6;0;15;23;1.814722512156962;5;3;5;2;4;25;5;10;1;2;4;21;3.415736724169195;5;22;-8.842485360282868;6;0;10;0;2;4;2;25;20;-3.7054613595413657;3;6;18;5;2;6;21;1.7605896733654014;0;12;16
TRACK:374;269;360;6;1;5;0;2;4;2;25;20;-3.737732154639213;0;8;10;5;2;6;21;1.5879558079661615;0;4;25;3;6;20;-3.782144638383459;6;1;25;9
TRACK:375;269;360;6;1;5;0;3;2;2;20;-9.483502577309167;4;1;6;10;6;16;3;6;0;2;24;16;21;1.5879558079661615;5;3;5;2;4;25;5;10;1;2;4;21;3.3528437460465623;5;22;-8.913883827386249;6;0;10;0;2;4;2;25;20;-3.520435306745655;3;6;20;-3.782144638383459;5;3;1;19;8
TRACK:376;362;141;6;1;5;0;1;5;0;2;4;2;25;20;-3.657478499779671;3;6;18;5;2;6;21;1.8223961677496945;0;12;16;6;1;25;9;5;2;6;21;1.5812444275256738;0;2;3;4;10;0;0;18;20;3.7590480319026476;2;20;3.3129511947388774;11;16;6;1;25;9
TRACK:377;362;141;6;1;5;0;2;4;2;25;20;-3.657478499779671;3;6;18;5;2;6;1;25;9;0;12;16;6;1;25;9
TRACK:378;264;309;6;1;5;0;3;2;2;20;-9.504797004501086;4;1;6;10;6;16;3;6;0;15;23;1.814722512156962;5;3;5;2;4;25;5;10;1;2;4;21;3.415736724169195;5;22;-8.842485360282868;6;0;10;0;2;4;2;25;20;-3.7054613595413657;3;6;18;5;2;6;21;1.7605896733654014;0;12;10
TRACK:379;264;309;6;1;5;0;20;-3.6683472348456614;5;3;5;2;4;25;5;10;1;2;4;14;4;21;-1.1488849395204497;6;0;10;16
TRACK:380;370;-1;6;5;6;4;5;4;4;2;3;0;22;-2.4317220254336487;17;6;5;16
TRACK:381;372;-1;6;1;5;0;3;2;2;20;-9.427299936711488;4;1;6;10;16;3;6;0;15;23;1.7612761679511206;5;3;5;2;4;25;5;10;1;2;4;21;3.3958595509568386;5;22;-8.75083601394056;6;5;5;4;4;24
TRACK:382;374;-1;6;1;5;0;2;4;2;25;20;-3.760748743449326;0;8;4;10;5;2;6;21;1.5969726781148346;0;4;25;3;6;20;-3.6700086793418594;6;1;25;9
TRACK:383;376;-1;6;1;5;0;1;5;0;2;4;2;25;20;-3.643893473377416;3;6;18;5;2;6;21;1.9782997976041983;0;12;16;6;1;25;9;5;2;5;0;18;21;-8.492060751602557;0;2;3;4;10;0;0;18;20;3.64625150282937;2;20;3.3525775334412566;11;16;6;1;25;9
TRACK:384;378;-1;6;1;5;0;3;2;2;20;-9.44458497288141;4;1;6;10;1;18;23;-6.443914102039412;3;6;0;15;23;1.869306703678128;5;3;5;2;4;25;5;10;1;2;4;21;3.378741771923801;5;22;-8.913077944034715;6;0;10;0;2;4;2;25;20;-3.6437940689852986;3;6;18;5;2;6;21;1.899243707564745;0;12;10
TRACK:385;371;-1;6;1;5;5;5;2;2;11;13;2;22;3.536134227327656;21;-1.1679068671081403;6;1;25;9
TRACK:386;373;-1;6;1;5;0;3;2;2;20;-9.507628830497831;4;1;6;10;6;16;3;6;0;15;23;1.7245065940174447;5;3;5;2;4;25;5;10;1;2;4;21;3.2160570457921844;5;22;-8.780417725549272;6;0;10;0;2;4;2;25;20;-3.686923229922168;3;6;1;16;11;5;2;6;21;1.8507894701092862;0;12;16
TRACK:387;375;-1;6;1;5;0;3;2;2;20;-9.420548461877756;4;1;6;10;6;16;3;6;0;2;24;16;21;1.7467731973904834;5;3;5;2;4;25;5;10;1;2;4;21;3.381854387271709;5;22;-9.133052259025439;6;0;10;0;2;4;2;25;20;-3.582962766928599;3;6;20;-3.775549389057524;5;3;6;0;7;-0.7541588715623515;16
TRACK:388;377;-1;6;1;5;0;2;4;2;25;20;-3.7327031237544435;3;0;3;22;0.5137678839872919;1;17;11;5;2;6;1;25;9;0;12;16;6;1;25;9
TRACK:389;379;-1;2;6;1;6;2;4;2;19;22;3.155711582851488;1;1;25;11;1;10;11;0;3;4;4;15;3;5;1;14;7;-0.4406173935966997;4;0;4;1;1;1;11;11;0;17;18;6;3;23;2.3206781333367825;6;3;1;6;22;5.148024546100476;2;15;11
EVAL_INSTANCE:19:0:380
EVAL_INSTANCE:19:1:381
EVAL_INSTANCE:19:2:382
EVAL_INSTANCE:19:3:383
EVAL_INSTANCE:19:4:384
EVAL_INSTANCE:19:5:385
EVAL_INSTANCE:19:6:386
EVAL_INSTANCE:19:7:387
EVAL_INSTANCE:19:8:388
EVAL_INSTANCE:19:9:389
RUN_RESULT:19:0:0:2000:----
RUN_RESULT:19:1:0:1571:URUURURRU
RUN_RESULT:19:2:0:10:URUURURRU
RUN_RESULT:19:3:0:197:URUURURRU
RUN_RESULT:19:4:0:69:RRUURUURU
RUN_RESULT:19:5:0:2000:----
RUN_RESULT:19:6:0:63:RRUURUURU
RUN_RESULT:19:7:0:2000:----
RUN_RESULT:19:8:0:2000:----
RUN_RESULT:19:9:0:2000:----
    20 |      200 | -3.956300E+03 | -3.990000E+03
TRAINING ON LEVEL:145
of 184 levels
---LEVEL STRING---
__________
_......wf_
_W15..w.._
_.....w.w_
_.B12w.w._
_.....w.._
_...b..ww_
_F13...w._
_......w._
__________
---LEVEL STRING---
training done.
The time of execution is: 196.05003762245178 s

TRAINING DONE


-----!!!NEW PROBLEM!!!-----


START TESTING

LEVEL:0:______\n_K.2._\n_kSF._\n_bB1._\n_..fR_\n_1..._\n_3.r._\n_251O_\n_s.31_\n_o..2_\n______
LEVEL:1:________\n_......_\n_......_\n_.Sb.s._\n_.1..s._\n_.4b..1_\n_B12..3_\n_......_\n________
LEVEL:2:____________\n_.........._\n_.r....f..._\n_.....bssss_\n_.R.......F_\n_B1..f..b.1_\n_AO........_\n_.rssssssss_\n_.........F_\n_ss...R...1_\n_....B12W.3_\n_oS14...1.._\n____________
LEVEL:3:__________\n_F13....G_\n_..R15a.1_\n_.......0_\n_a.A.b.a._\n_....a..._\n_B....ggg_\n_1.a.ag.a_\n_2....g.f_\n__________
LEVEL:4:__________\n_.....B12_\n_.W......_\n_.1wwwww._\n_.6wf..w._\n_..w..kw._\n_F.wwwww._\n_1......._\n_3...bK17_\n__________
LEVEL:5:_________\n_....B18_\n_......._\n_...R..._\n_...1..._\n_...3..._\n_......._\n_....B12_\n_......._\n_.b..R.._\n_....1.._\n_r...9.._\n_......._\n_________
LEVEL:6:____________\n_G13wwwwK14_\n_w.o.okofow_\n_wo.o.o.o.w_\n_wko.o.o.ow_\n_wggggggggw_\n_w.o.o.o.ow_\n_wo.o.o.okw_\n_w.o.o.o.ow_\n_wo.obo.o.w_\n_K17wwwwB12_\n____________
LEVEL:7:____________\n_F13wwwwK14_\n_w.o.okofow_\n_wo.oko.o.w_\n_wko.o.o.ow_\n_wo.o.o.okw_\n_wko.o.o.ow_\n_wo.o.o.okw_\n_wko.o.o.ow_\n_wo.obo.o.w_\n_K17wwwwB12_\n____________
LEVEL:8:__________\n_B12....F_\n_1......1_\n_9lllL.f3_\n_..rl1..._\n_...l8..._\n_...lllll_\n_.br....._\n_....R15._\n__________
LEVEL:9:___________\n_rg9SkofVr_\n_GF.6WOV0A_\n_Fw0.3o6AB_\n_A5W..5A2l_\n_.WO5KlF.1_\n_441934sR2_\n_vF38vVb.k_\n_W4bAS.K1K_\n_kO9.W..21_\n_0Ba4o3.L2_\n_w9G.SG99v_\n_g9Br5Kkbk_\n_.l7RRG6r3_\n_LFffV..Gv_\n_ga8.ro1wr_\n_VWV7R..3._\n___________
LEVEL:10:__________\n_........_\n_....V12._\n_........_\n_...v...._\n_F.v.v..._\n_1..v...._\n_3......._\n_....f..._\n__________
LEVEL:11:__________\n_b....Vwv_\n_.....1ww_\n_.....3.._\n_........_\n_........_\n_.....BW._\n_.....11._\n_.....26._\n__________
LEVEL:12:__________\n_...K..3._\n_.f.k...._\n_kkkk...._\n_...kgkkk_\n_........_\n_G10...b._\n_.....B12_\n_K14..F13_\n__________
LEVEL:13:__________\n_..Bwwlll_\n_b.1wwlll_\n_..2wwlll_\n_...wwlll_\n_...wwlll_\n_W16....._\n_....F13._\n_s...wwwf_\n__________
LEVEL:14:__________\n_G10gl.f._\n_.aagl.l._\n_.R.gg.ll_\n_.b..gggl_\n_...a...a_\n_..r....5_\n_B12.1..._\n_F13a.L16_\n__________
LEVEL:15:__________\n_bW12..Fr_\n_........_\n_w.w.w..S_\n_.s...s.1_\n_..w.www4_\n_B.3s1..._\n_1.w.w..._\n_2.....Rf_\n__________
LEVEL:16:__________\n_bW12..Fr_\n_........_\n_w.w.w..S_\n_.s...s.1_\n_..w.www4_\n_B.3s1..S_\n_1.w.w..._\n_2.....Rf_\n__________
LEVEL:17:__________\n_.f......_\n_.......3_\n_kkkkgkkk_\n_...g.g.._\n_K14k.k.._\n_...k.kkk_\n_B12k..b._\n_F13....._\n__________
LEVEL:18:____________________\n_B.S14.O16.R15.B12._\n_1.F13.G16.V17....._\n_.Sv..............._\n_Rggggggggggggggggg_\n_1ggggggggggggggggg_\n_.F......gggggggggg_\n_ooo.......gggggggg_\n_wwwoo.......gggggg_\n_wwwwwoo.......gggg_\n_wwwwwwwoo..r......_\n_wwwwwwwwwoo.b....._\n_wwwwwwwwwwwooaaaaa_\n____________________
LEVEL:19:_________________\n_F13w.f.w.a...rw_\n_.a.wa...b.a.a.w_\n_wwrwwwww..wwwww_\n_...a...a....a.._\n_wwwwww.wwwwwwww_\n_.a.........ar.._\n_www.wwwwwwwwwww_\n_.a...a......ba._\n_..b......a....._\n_wwwwwwwwww.war._\n_k...a.....awwww_\n_wwwwwwwwwwwwB14_\n_R16wW16wK12wB17_\n_________________
LEVEL:20:__________\n_...s.V12_\n_v..s...._\n_..sssfss_\n_..s..s.._\n_F..s..s._\n_1.....s._\n_3..S14.._\n_........_\n__________
LEVEL:21:____________________\n_.Laallgg.......BG._\n_.1aallgg.......11._\n_.8aallgg.......90._\n_..aallgg.........._\n_..9allgg.......v.._\n_..aallgg.......V.._\n_b.2allgg.......1.._\n_llllllgg.......3.._\n_llllllgg.........._\n_gggggggg.........._\n_gggggggg.......B12_\n____________________
LEVEL:22:__________\n_........_\n_...b...._\n_........_\n_F......._\n_1.B.f..._\n_3.1....._\n_..2....._\n_........_\n__________
LEVEL:23:__________\n_........_\n_B...b..._\n_1......._\n_2......._\n_........_\n_..3...f._\n_F1....f._\n_........_\n__________
LEVEL:24:__________\n_S13....._\n_.......f_\n_...r...3_\n_........_\n_........_\n_F14..R12_\n_........_\n_......s._\n__________
LEVEL:25:_________________\n_....gg.....l..._\n_....gg.....l..._\n_....gg.....l..._\n_.b..gg.....l..._\n_....gg.....l..._\n_....gg.....l..._\n_....gg.....l..._\n_....gg.B12.l..f_\n_....gg.....l..._\n_K...gg.....l..._\n_B12.gg..k..l..._\n_....gg.....l..._\n_....gg.....l..._\n_....gg.G10.l..._\n_....gg.....l..._\n_....gg.....lF13_\n_....gg.....l..._\n_....gg.....lL14_\n_________________
LEVEL:26:__________\n_.ssss.s._\n_..ss.fv._\n_...as.v._\n_.F12.A.._\n_.....1.._\n_.....3.._\n_.ggg...._\n_.s......_\n__________
LEVEL:27:__________\n_glF13S12_\n_gksgggVV_\n_ggrrrrV2_\n_vggkgkVr_\n_vvgvvvVr_\n_vvvvvlVl_\n_vvvvvlVl_\n_vvvvl.fl_\n__________
LEVEL:28:__________\n_B12..VGF_\n_S.....1._\n_1.b.s35f_\n_4...sss._\n_........_\n_gggggggg_\n_...vv..._\n_........_\n__________
LEVEL:29:__________\n_V.2a..12_\n_B12avF.._\n_bv.a...._\n_aaaaaaaa_\n_...a...._\n_..2a.A.._\n_A16a1..._\n_.1.a2f3._\n__________
LEVEL:30:__________\n_K17....._\n_......O._\n_k.vwww.._\n_...wow.k_\n_...www.._\n_KV..W16._\n_11.O1.3._\n_42..k..._\n__________
LEVEL:31:___________________\n_B12w...ag...wG10._\n_wwww...gg...wW16._\n_..13...ga...wwwww_\n_.V15..agga......._\n_.R...araga.a....._\n_.....a.ggaaa....._\n_ggggggggaaaav...._\n_.v....agga......._\n_....b..aga......._\n_......agga......._\n___________________
LEVEL:32:__________\n_b.....f._\n_.....V12_\n_........_\n_F13....._\n_........_\n_........_\n_....v..._\n_........_\n__________
LEVEL:33:__________\n_........_\n_...bV12._\n_........_\n_........_\n_.B13...._\n_........_\n_........_\n_...vv..._\n__________
LEVEL:34:__________\n_...V13.._\n_v......._\n_........_\n_......b._\n_....B12._\n_........_\n_..V15..._\n_........_\n__________
LEVEL:35:__________\n_..F1.3.._\n_llllllll_\n_..L14..._\n_........_\n_........_\n_........_\n_........_\n_bB12...f_\n__________
LEVEL:36:__________\n_B12.F13._\n_........_\n_...sss.._\n_.b.sfs.._\n_...s...._\n_...s...._\n_........_\n_........_\n__________
LEVEL:37:__________\n_s..S..a._\n_k.o....l_\n_.g....b._\n_L.g..b.w_\n_g.s..fs._\n_....B..l_\n_b...1r.._\n_G13.2b.._\n__________
LEVEL:38:__________\n_.Rrbll.f_\n_L18.lll._\n_.5..ll.r_\n_..r.ll.1_\n_..r.ll.l_\n_.F..ll.B_\n_B19.ll.1_\n_r3r....2_\n__________
LEVEL:39:__________\n_A.2...bg_\n_1.G.3.a._\n_wwg1W16._\n_..12B12b_\n_........_\n_........_\n_........_\n_........_\n__________
LEVEL:40:__________\n_b..lsllf_\n_...lslll_\n_.S.lslll_\n_L18lslll_\n_.6.ls..._\n_F......._\n_1......._\n_3.B12..._\n__________
LEVEL:41:____________________\n_llllllff........L._\n_lgggglff........1._\n_lbggglff........5._\n_lg..glff.........._\n_lG15glff.........._\n_llllllff.........._\n_ffffwww..........._\n_ffff.............._\n_.................._\n_.........F.3......_\n_..B12.....1......._\n_.................._\n_.........k........_\n_....K12..........._\n_.................._\n_.................._\n_................7._\n_.................._\n____________________
LEVEL:42:__________\n_f.k.k.kk_\n_.B12F13._\n_k......k_\n_...b...._\n_k......k_\n_........_\n_k......k_\n_.K14K17._\n__________
LEVEL:43:__________\n_ffffffff_\n_W16....._\n_Bk......_\n_1.k...k._\n_2...k..._\n_w..wwwww_\n_...k...._\n_Kk.....k_\n_1k...k.._\n_7......._\n_w..wwwww_\n_........_\n_F13...k._\n_K..k...._\n_1......._\n_4...kk.b_\n__________
LEVEL:44:__________\n_FWwwwwww_\n_11wb.fww_\n_36wwwwww_\n_G10wgkww_\n_wwwwwwww_\n_wBKwwwww_\n_w11wwwww_\n_b2.kwwww_\n__________
LEVEL:45:___________\n_.F.w..V.._\n_o1.w.o1.._\n_.4.w.o2.o_\n_wwww.o..._\n_.ov...oWw_\n_.ov.o..1w_\n_..o.O186w_\n_foo..wF13_\n___________
LEVEL:46:____________________\n_W........wwwwwwwww_\n_1wwwwwwwww......Kw_\n_6wK17ooowwR1.O.81w_\n_Kwkooo3oww..3.1.9w_\n_1wkoooooww.......w_\n_4wo1kbkowwaaaaw.ww_\n_Awooooooww.....ww._\n_1woooooowwb..w..w._\n_9wwwwwwwwww.sw.ww._\n_Awwwwwwwwwwwlwwww._\n_1wb.....ww......w._\n_4wwwww.www.b.R..w._\n_Sw......ww.r.1..w._\n_1ww.wwwwww...5L.w._\n_4wrrrrrrww....1.w._\n_Bwrrfrrrww....8.w._\n_1wwwwwwwwwwwwwwww._\n_9R19F13L18R14B12.._\n____________________
LEVEL:47:______\n_fr.b_\n_F13w_\n_gggg_\n_wwww_\n_F17w_\n_R15w_\n_G10W_\n_B121_\n_W16W_\n______
LEVEL:48:__________\n_WSLlllll_\n_111llllk_\n_556llK12_\n_lllllB17_\n_lllllK1._\n_lllkklll_\n_lllwwlll_\n_FllssllF_\n_1......1_\n_3......3_\n_f......f_\n_........_\n_........_\n_oooggooo_\n_..o..o.._\n_GBo..oOS_\n_11ob.o11_\n_89o..o58_\n__________
LEVEL:49:____________________\n_Wwvvvvvvvfvvvvvvvv_\n_1wvvvvvvv.vvvvvvvv_\n_6wvvvvvvv.vvvvvvvv_\n_Fwvvvvvvv.vvvvvvvv_\n_1wvvvvvvv.vvvvvvvv_\n_3wvvvvvvvvvvvvvvvv_\n_Vwvvvvvvvvvvvvvvvv_\n_1wvvvvvvvvvvvvvvvv_\n_4wvvvvvvvvvvvvvvvv_\n_wwvvvvvvvvvvvvvvvv_\n_..............s..._\n_......r.r.....sS.._\n_...b..rrr.....s1.._\n_..B12..R......s4.._\n_.......1......s..._\n_.......5..O1O.s..._\n_..............w..._\n_..............w..._\n____________________
LEVEL:50:_______\n_bB12._\n_...F._\n_.fR15_\n_...3._\n_.r..._\n_______
LEVEL:51:________\n_rrrrrr_\n_rrrrrr_\n_rrbrrr_\n_rr.rRr_\n_r..B12_\n_r.3.6._\n________
LEVEL:52:____________\n_v......V12_\n_...f.....F_\n_.R.....b.1_\n_B12......3_\n_...S.S14.._\n____________
LEVEL:53:__________\n_bB1...2._\n_..fR1SF._\n_1...31s._\n_3.r..2.1_\n__________
LEVEL:54:_________\n_......._\n_....b.._\n_....s.._\n_......F_\n_.B12..1_\n_......3_\n_...S121_\n_________
LEVEL:55:____________\n_.........._\n_.b..S....._\n_.....712.._\n_.....O...._\n_.B........_\n_...b.....F_\n_.........1_\n_GokK12...3_\n_V......B1._\n_r........R_\n____________
LEVEL:56:________\n_......_\n_.b...._\n_......_\n_......_\n_.S...._\n_.1...._\n_.BB123_\n_.s...3_\n________
LEVEL:57:____________\n_B1.B.....B_\n_R1.......1_\n_..5....S12_\n_.........._\n_.r.....b.._\n_...L......_\n_......1..F_\n_..f......1_\n_......s..4_\n_F13......._\n____________
LEVEL:58:_______\n_F.B12_\n_1b..._\n_3...f_\n_..k.._\n_K17.._\n_______
LEVEL:59:____________\n_B12w.....S_\n_K12w.....1_\n_F16w....7._\n_wwww......_\n_G1........_\n_1.....s..._\n_.0.3.sbs.._\n_g.....s..g_\n_gg......gg_\n_ggg....ggg_\n____________
LEVEL:60:____________\n_B12......S_\n_Br.......1_\n_R..f.....F_\n_.........1_\n_G1.......3_\n_1.....s.f._\n_.0.3.sbs.F_\n_g.....s..g_\n_gg..13..gg_\n_ggg....ggg_\n____________
LEVEL:61:_________\n_.....B8_\n_......._\n_...R..._\n_..o1..._\n_......._\n_....B.._\n_......._\n_....rs._\n_..1SF.._\n_fB31s.._\n_F112o.._\n_......._\n_________
LEVEL:62:________\n_......_\n_......_\n_......_\n_......_\n_......_\n_......_\n_..B..._\n_..1..._\n_..2F13_\n_..b..._\n_......_\n_......_\n_f.F15._\n_......_\n_......_\n________
LEVEL:63:_____________\n_.....2....._\n_.b...F....._\n_....w.712.._\n_.B....O...._\n_....S.....F_\n_........S.1_\n_.....K12..._\n_.b.W......._\n_........s.._\n_.....B12s3k_\n_..........k_\n_____________
LEVEL:64:_________\n_Fw.f.wB_\n_1w...w1_\n_3wwwww2_\n_......._\n_..W16.._\n_......._\n_...b..._\n_________
LEVEL:65:____________\n_B13......F_\n_....f....1_\n_rrrR1Rrrr2_\n_........b._\n____________
LEVEL:66:____________\n_F13wwwwK14_\n_w.o.okofow_\n_wo.o.o.o.w_\n_wko.o.o.ow_\n_wo.o.o.o.w_\n_w.o.o.o.ow_\n_wo.o.o.okw_\n_w.o.o.o.ow_\n_wo.obo.o.w_\n_K17wwwwB12_\n____________
LEVEL:67:____________\n_.........._\n_llllllll.._\n_.....r...._\n_.........._\n_..b..r...._\n_.........._\n_gggggggg.._\n_W13..G17.._\n_.........._\n_B12......._\n____________
LEVEL:68:___________\n_B12w....._\n_wwww.brk._\n_.R......._\n_........._\n_ggggggggg_\n_.1......._\n_.5......._\n_........._\n_.K......._\n_........._\n_ggggggggg_\n_........._\n_......ooo_\n_wwww..ofo_\n_W16w..ooo_\n_G10w..F13_\n___________
LEVEL:69:__________\n_k....b.._\n_w....o.o_\n_sB123ggg_\n_.fR.oo.o_\n_.....bg._\n_.r..f..._\n_.s.bs..k_\n_..sg.www_\n__________
LEVEL:70:__________\n_...12..._\n_...r.ooo_\n_2...B11O_\n_......31_\n_s2.3...2_\n_........_\n_..R1..F1_\n_.....S14_\n__________
LEVEL:71:_______________\n_.l..gL16g..l._\n_.l..ggggg..l._\n_............._\n_............._\n_..l.......l.._\n_..l.......l.._\n_3....G10....3_\n_..l.......l.._\n_..l.......l.._\n_............._\n_............._\n_.l..ggggg..l._\n_.l..gL12g..l._\n_______________
LEVEL:72:__________\n_.kSFr..._\n_vbR1Sbb._\n_g..31skB_\n_r...2so8_\n_bss...a4_\n_FR...aa._\n_S1o....w_\n_W6R11oof_\n__________
LEVEL:73:__________\n_........_\n_....V12._\n_........_\n_........_\n_F.v.v..._\n_1..v...._\n_3......._\n_....f..._\n__________
LEVEL:74:__________\n_........_\n_....V12._\n_..v.v..._\n_..vvv..._\n_F.v.v..._\n_1..v...._\n_3......._\n_....f..._\n__________
LEVEL:75:__________\n_.....B12_\n_.W.14..._\n_.1wwwww._\n_.6wf..w._\n_..w..kw._\n_F.wwwww._\n_1......._\n_3...bK17_\n__________
LEVEL:76:____________\n_K..w.kwK14_\n_1...okkfow_\n_7...B12o.w_\n_s.k......._\n_.....R...._\n_w.www..W16_\n_w........._\n_..b...r..k_\n_w........._\n_..kwwwF13._\n____________
LEVEL:77:____________\n_K.kw.kwK14_\n_1...okkfo._\n_7.o.A12o.w_\n_s.2..r.o.._\n_.....R...._\n_w.www..W16_\n_w...o..o.._\n_..b...rbak_\n_w...5...o._\n_b.fwwwF13._\n____________
LEVEL:78:__________\n_...12..._\n_...rg1.._\n_........_\n_.s..wk2g_\n_F12.V7f._\n_w.F.v..._\n_3R25K..._\n_..v....._\n__________
LEVEL:79:__________\n_W16..R15_\n_.....R13_\n_..R....._\n_B1B12.ww_\n_......wr_\n_......ww_\n_........_\n_b....R19_\n__________
LEVEL:80:__________\n_W16..R15_\n_.....R13_\n_..R....._\n_B1B12.ww_\n_......wr_\n_......ww_\n_...R...._\n_bB1..R19_\n__________
LEVEL:81:__________\n_B1B....f_\n_1......._\n_2......._\n_........_\n_........_\n_.......F_\n_.......1_\n_b......3_\n__________
LEVEL:82:__________\n_V1V....B_\n_.......1_\n_V1.....2_\n_..F....._\n_........_\n_........_\n_........_\n_bv....7F_\n_.......1_\n_.......3_\n_wwwwwwww_\n_.v....W._\n_......1._\n_f.....6._\n__________
LEVEL:83:__________\n_B12..F13_\n_........_\n_........_\n_........_\n_.b....f._\n_........_\n_........_\n_........_\n__________
LEVEL:84:__________\n_.K14.B12_\n_.fow...._\n_2o.w...3_\n_..1.W..w_\n_..4...k._\n_....rr.._\n_........_\n_....bK17_\n__________
LEVEL:85:__________\n_l......._\n_...b...._\n_L1B....._\n_..1....._\n_..2F...._\n_.b.bB1Br_\n_........_\n_.f....13_\n__________
LEVEL:86:__________\n_bF132..G_\n_....g1.1_\n_..B12AO._\n_.RF13wwr_\n_a12....._\n_o.....WF_\n_......F1_\n_.....f.._\n__________
LEVEL:87:__________\n_W16w..s._\n_...wF..._\n_...w1..._\n_...w3..._\n_r..w...._\n_...wR.b._\n_S14wB12._\n_.1Fw...r_\n__________
LEVEL:88:__________\n_W16w..s._\n_.14wF..._\n_F..w1..._\n_...w3..._\n_..rw...._\n_...wR.b._\n_S14wB12._\n_.1Fw...r_\n__________
LEVEL:89:__________\n_........_\n_WW..W16._\n_11b.B12._\n_9W......_\n_........_\n_FL...www_\n_11...wll_\n_38...wlf_\n__________
LEVEL:90:________________\n_K17..........._\n_1....3........_\n_.4w.k...Ww...._\n_..l.....1....._\n_..lw.k.76Ww..._\n_..l..........._\n_lllllllll....._\n_......ll......_\n_.............._\n_b............._\n_L14........B12_\n________________
LEVEL:91:__________\n_...K.3.._\n_.f.k...._\n_kkkk...._\n_...kgkkk_\n_........_\n_G10...b._\n_.....B12_\n_K14..F13_\n__________
LEVEL:92:__________\n_.....b.s_\n_FBs....s_\n_f13....s_\n_.2..rrrr_\n_...r...._\n_...r.RF._\n_...r.11._\n_S14r.5.._\n__________
LEVEL:93:__________\n_.B1..ww._\n_s..S...f_\n_.w1ww4.._\n_.w.SF..1_\n_1.4.Bw.4_\n_3bww3w.._\n_.......s_\n_.W12.s.._\n__________
LEVEL:94:__________\n_........_\n_B12....._\n_S16....._\n_K13.b..._\n_G16....._\n_F16..v.v_\n_.....vsv_\n_V16..vkf_\n__________
LEVEL:95:___________\n_s...f...s_\n_.k.....k._\n_..k...k.._\n_...k.k..._\n_....k...._\n_....S14.._\n_........._\n_K17...K14_\n_B12.b.F13_\n___________
LEVEL:96:__________\n_.B1.sF13_\n_S142s..._\n_...fs..._\n_sssss..._\n_........_\n_.....17._\n_.B12..b._\n_........_\n__________
LEVEL:97:_________\n_....F13_\n_......._\n_..K...._\n_..1...._\n_.f2...._\n_......._\n_k......_\n_________
LEVEL:98:__________\n_........_\n_...F13.._\n_........_\n_.......v_\n_B.....a._\n_1......._\n_2..O...._\n_..k.fb.S_\n__________
LEVEL:99:__________\n_B12.gggf_\n_F13agggg_\n_R15.gggg_\n_G10.gggg_\n_.a......_\n_..r..rr._\n_..rrrrrr_\n_b..rr..._\n__________
LEVEL:100:__________\n_........_\n_........_\n_.B...k.._\n_1......._\n_wwwvwwww_\n_.b......_\n_........_\n_.....3.._\n_...K...._\n_....1..._\n_..7....._\n_........_\n_.......V_\n_.......1_\n_B12..W14_\n__________
LEVEL:101:__________\n_....B12b_\n_....b..._\n_.......F_\n_...1...1_\n_......12_\n_........_\n_gb...f.._\n_g......._\n_g1..Rr.._\n_gfRf12.k_\n_G.f36..._\n_.b.15..F_\n_G.f....1_\n_.......4_\n_K13....._\n__________
LEVEL:102:__________\n_........_\n_........_\n_.bf....._\n_......B._\n_......1._\n_.F13..2._\n_........_\n_........_\n__________
LEVEL:103:___________\n_oLoLBLoLo_\n_o1o111o1o_\n_w8w828w8w_\n_ooo131ooo_\n_L18oboooo_\n_oooowoOoo_\n_L18oWoL18_\n_oooo1oooo_\n_L14o6oo1L_\n___________
LEVEL:104:_______________\n_B12wwW16.F.13_\n_K14ww.......k_\n_1bG.w.....k.._\n_7.1ww.w.....k_\n_f.4ww.....k.._\n_gggww..k....._\n_gggwwk......._\n_gggww..k....._\n_gggwwk......._\n_k..www..k...k_\n_..k..www..k.._\n_k......w...kw_\n_wwwwww...wwww_\n_______________
LEVEL:105:___________\n_B19L18F13_\n_1wwwwwwwW_\n_2w..b..w1_\n_ww.....w6_\n_..A....wA_\n_a.1.a..w1_\n_...5...w9_\n_.llllllll_\n_.llllllll_\n_.....l..._\n_.V1.vl.f._\n_.1...l..._\n_..2.lllll_\n___________
LEVEL:106:__________\n_.f......_\n_........_\n_kkkkkgkk_\n_B12....._\n_........_\n_G10....._\n_..F13..._\n_......b._\n__________
LEVEL:107:__________\n_.....L14_\n_.llK14wF_\n_.Wrb...1_\n_.ww....3_\n_.ww....._\n_.R1....._\n_........_\n_.1F..B12_\n__________
LEVEL:108:__________\n_b....V.B_\n_.....1.1_\n_..3..9.2_\n_.F...s.._\n_S14sss.._\n_........_\n_........_\n_....f..k_\n__________
LEVEL:109:______________\n_l.bFk...l..._\n_l.B12...l..._\n_l.k42....l.._\n_ll...R..rl2._\n_.1l......l.._\n_..llKl.lll.._\n_.k..1......._\n_....8.f..4.._\n_..2........._\n_..F1.9..K12._\n_...3........_\n_............_\n______________
LEVEL:110:__________\n_B12...fO_\n_...3...._\n_.b......_\n_F......o_\n_1......l_\n_L1......_\n_3......._\n_........_\n__________
LEVEL:111:__________\n_.2......_\n_S..b...._\n_..B....._\n_ww1....._\n_W1......_\n_.F12ss.._\n_....B123_\n_.f.....3_\n__________
LEVEL:112:__________\n_b....F13_\n_l..W16.._\n_llwlllll_\n_.....V.._\n_gggG..12_\n_v.g1.L18_\n_f.g0...._\n_ggg..B12_\n__________
LEVEL:113:______\n_...._\n_.r.._\n_...f_\n_R12._\n_..F._\n_..1._\n_..3._\n_...._\n_...._\n______
LEVEL:114:___________\n_B12aab..._\n_.......A._\n_.......1._\n_F13....7._\n_ggggggggg_\n_ggwwwwwgg_\n_www.f.www_\n_W16.k.G14_\n___________
LEVEL:115:__________\n_........_\n_........_\n_..F12..._\n_........_\n_....31A._\n_fff....._\n_..f....._\n_a.f....._\n__________
LEVEL:116:__________\n_........_\n_.......o_\n_..f....._\n_........_\n_...K13.._\n_.r.g..B._\n_..w...1._\n_...b..2k_\n__________
LEVEL:117:__________\n_B1.awB12_\n_f.o..12._\n_b....rg1_\n_1......._\n_3..Rrr.5_\n_....r..l_\n_g7.w.Ar._\n_K2.k..or_\n__________
LEVEL:118:__________\n_B12..F13_\n_1......._\n_9......._\n_..rb.9.._\n_........_\n_..R..5.._\n_..1....v_\n_V18...vf_\n__________
LEVEL:119:__________\n_b......B_\n_..1.R..1_\n_.R...5.2_\n_........_\n_.0.rrr.._\n_gggggggg_\n_gg...G10_\n_fg...F13_\n__________
LEVEL:120:__________\n_........_\n_S12.B..._\n_S..1..2._\n_........_\n_K.....s._\n_...b...._\n_........_\n_3......._\n__________
LEVEL:121:__________\n_........_\n_.b......_\n_..B....._\n_..1....._\n_..2....._\n_..3....._\n_.Ss....._\n_........_\n__________
LEVEL:122:__________\n_b......._\n_........_\n_...f...._\n_B......._\n_1......._\n_2......._\n_l......._\n_ff.lF13._\n__________
LEVEL:123:__________\n_....B12._\n_....F13._\n_k.b....._\n_....K1.._\n_....fR.._\n_........_\n_........_\n_....r..._\n__________
LEVEL:124:__________\n_........_\n_...b...._\n_........_\n_........_\n_..B...F._\n_..1...1._\n_..2...3._\n_........_\n_........_\n_.......f_\n_........_\n__________
LEVEL:125:__________\n_........_\n_b......._\n_........_\n_...r...._\n_..R12..._\n_.....F.f_\n_.....1.._\n_.....3.._\n__________
LEVEL:126:__________\n_..B12..._\n_........_\n_....F..._\n_..fR15.._\n_b...3..._\n_........_\n_........_\n_..r....._\n__________
LEVEL:127:__________\n_F13....._\n_........_\n_........_\n_.b......_\n_........_\n_...B12.._\n_........_\n_f......._\n__________
LEVEL:128:__________\n_....LLLr_\n_1...LLL._\n_F......._\n_.......F_\n_.......1_\n_.......3_\n_..Rb...._\n_.....B12_\n__________
LEVEL:129:__________\n_......13_\n_..W16..._\n_...B1B.._\n_..B1...._\n_..12...._\n_wwb....._\n_........_\n_........_\n__________
LEVEL:130:_______________\n_......w......_\n_......r..R15._\n_..g.ggr.w...._\n_..g...r...w.._\n_g.rrr.rrk...._\n_.....rK14...._\n_.r.w...r..k.._\n_..r.w.r..ggrg_\n_.bwwwwr.W16r._\n_.wr.rrrwr..k._\n_.w...gw.r..k._\n_.w.f.g..r...._\n_.wr.....r...._\n_B12G10..r.F13_\n_______________
LEVEL:131:_______________\n_......w......_\n_......r..R15._\n_..g.ggr.w...._\n_..g...r...w3._\n_g.rrr.rrk...._\n_.....rK14...._\n_.r.w...r..k.._\n_..r.w.r..ggrg_\n_.bwwwwr.W16r._\n_.wr.rrrwr..k._\n_.w...gw.r..k._\n_.w.f.g..r...._\n_.wr.....r...._\n_B12G10..r.F13_\n_______________
LEVEL:132:__________\n_.......f_\n_........_\n_.k......_\n_..k....._\n_b..k...._\n_.....F13_\n_B12....._\n_........_\n__________
LEVEL:133:__________\n_........_\n_........_\n_llllllll_\n_L.....B._\n_1...b.1._\n_8.....9._\n_........_\n_B12..F13_\n__________
LEVEL:134:_______________\n_b........wF19_\n_G.R.B.R.SwV18_\n_1.R.1.1.1wV17_\n_6.R.2.5.6wF13_\n_...r.r...wW16_\n_.........wG1G_\n_....g....wS1S_\n_wwwwswwwwwwww_\n_vg..f..svw..._\n_______________
LEVEL:135:__________\n_......F._\n_f......o_\n_..b....f_\n_......R._\n_.r....11_\n_.1OB12.._\n_1..b...._\n_3......._\n__________
LEVEL:136:__________\n_........_\n_b.....b._\n_.....b.._\n_...r...._\n_..R12..._\n_.....F.f_\n_.b...1.._\n_.....3.._\n__________
LEVEL:137:__________\n_F13....._\n_........_\n_........_\n_.b......_\n_........_\n_.....B12_\n_........_\n_f......._\n__________
LEVEL:138:__________\n_......BF_\n_.b....11_\n_....R.23_\n_1..5.r.._\n_.....r.._\n_gggggggg_\n_gggggggg_\n_gggggfgg_\n__________
LEVEL:139:__________\n_V.2a..12_\n_B12avF.._\n_bv.a...._\n_aaaaaaaa_\n_...a...._\n_r.Ra.A.._\n_A16a1..._\n_A1032f3._\n__________
LEVEL:140:__________\n_F13....f_\n_....llV._\n_....ll1l_\n_....ll2l_\n_...lll.l_\n_...lllll_\n_.v......_\n_........_\n__________
LEVEL:141:__________\n_........_\n_F12....._\n_....3..._\n_....V1.._\n_........_\n_........_\n_...f.l.v_\n_.....l.._\n__________
LEVEL:142:__________\n_....w.b._\n_....w..w_\n_B13.w.ww_\n_........_\n_F12.fff._\n_........_\n_....W15._\n_........_\n__________
LEVEL:143:__________\n_G......._\n_1..L14.._\n_0......F_\n_.......1_\n_.b.....3_\n_ggg....._\n_llg.B12._\n_fl......_\n__________
LEVEL:144:__________\n_bB1...2._\n_..fR1SF._\n_1...31s._\n_3.s..2.1_\n__________
LEVEL:145:__________\n_......wf_\n_W15..w.._\n_.....w.w_\n_.B12w.w._\n_.....w.._\n_...b..ww_\n_F13...w._\n_......w._\n__________
LEVEL:146:____________\n_A18wa....._\n_B19ww..a.._\n_1ssswa..a._\n_2K13wV13a._\n_wwwww..a.._\n_aaaaa...a._\n_a....aaVav_\n_..aa.aa1av_\n_a.ba.a.8av_\n_aaaa...akv_\n____________
LEVEL:147:__________\n_...w..w._\n_..w.fw.._\n_V12..v.w_\n_....w.w._\n_..ww...w_\n_F13.w.v._\n_.b.v...._\n_....W15._\n__________
LEVEL:148:__________\n_.....w.._\n_F13v...._\n_..V1..w._\n_.b..2..._\n_.W15...w_\n_.w...w.._\n_....w..._\n_B12.w.f._\n__________
LEVEL:149:__________\n_fwwwwwGF_\n_ggwwww11_\n_ggrwww03_\n_g...wwwW_\n_r....ww1_\n_.W19.R16_\n_.O18.1ww_\n_bB12b5.w_\n__________
LEVEL:150:__________\n_.......4_\n_.b..v.gb_\n_..lBOrv._\n_O131..F._\n_.sf2..f._\n_..w...bl_\n_...g.v.._\n_A.of.f.9_\n__________
LEVEL:151:__________\n_.B......_\n_.1..F13O_\n_.2bR...._\n_........_\n_......a._\n_........_\n_........_\n_...f...._\n__________
LEVEL:152:____________________\n_BWw..............._\n_11w.....G10......._\n_26w..wwwwwwww....._\n_www..woooooow....._\n_.....wooR15ow....._\n_.....woooooow....._\n_.....woborrow....._\n_.....woooooow....._\n_..wwwwwggggwwwww.._\n_..w............w.._\n_..w............w.._\n_..w............w.._\n_..wggg.........w.._\n_..wggg.....F13.w.._\n_..wfgg.........w.._\n_..wwwwwwwwwwwwww.._\n_.................._\n_.................._\n____________________
LEVEL:153:__________\n_L1.....O_\n_1......1_\n_8......9_\n_........_\n_F15.V12._\n_w.l.Kv.._\n_3.2.V..k_\n_.......k_\n__________
LEVEL:154:__________\n_B1gg..kb_\n_...v...._\n_......f3_\n_a3V12..._\n_........_\n_.g......_\n_K1.G...._\n_B1...F13_\n__________
LEVEL:155:__________\n_B12..G10_\n_...f...._\n_........_\n_gggggggg_\n_b......._\n_.....r.._\n_........_\n_F13..R15_\n__________
LEVEL:156:__________\n_.R.bll.f_\n_L18.lll._\n_.5..ll.r_\n_..r.ll.1_\n_..r.ll.l_\n_.F..ll.B_\n_B19.ll.1_\n_.3.....2_\n__________
LEVEL:157:__________\n_V12.r..._\n_R.rr2rw._\n_1r....wg_\n_4.ggrrwv_\n_gggF13aa_\n_r.gggggg_\n_a..rarar_\n_fargrara_\n__________
LEVEL:158:__________\n_B12..G10_\n_........_\n_gg..b.1._\n_Fgsr.r5._\n_.gsr.R.._\n_.gs....._\n_.gssss.._\n_.13S141F_\n__________
LEVEL:159:__________\n_B12..G10_\n_sss....._\n_gg..b.1._\n_Fgsr.r5._\n_.gsr.R.._\n_.gs....._\n_.gssss.._\n_.13S141F_\n__________
LEVEL:160:__________\n_kBK.w.b._\n_..1ww..._\n_..2w...._\n_wwww..V._\n_......1._\n_......3._\n_W18....._\n_.....B19_\n__________
LEVEL:161:__________\n_BK13gggG_\n_1rrrggR1_\n_2rbrgR16_\n_.rrrgg7g_\n_.ggggrgg_\n_.ggggggg_\n_.g..rggr_\n_.r.r.r.k_\n__________
LEVEL:162:__________\n_bwawaB12_\n_wawawawa_\n_awawawaw_\n_wawawawa_\n_awawawaw_\n_wawawawa_\n_awawawaw_\n_F13awawf_\n__________
LEVEL:163:__________\n_........_\n_.aaaaa.1_\n_.aabaa.3_\n_.aaaaa.._\n_........_\n_.A......_\n_.1......_\n_.2...B12_\n__________
LEVEL:164:__________\n_KRg...rs_\n_11.g..rr_\n_45.gg..._\n_.B13g..._\n_....wS12_\n_L...l..._\n_1.kkl.k._\n_0b.ll.k._\n__________
LEVEL:165:__________\n_VB12...3_\n_1o..o..._\n_4o..vK16_\n_oo.o...._\n_vobo.kk._\n_..o....._\n_..v..v.._\n_........_\n__________
LEVEL:166:__________\n_wfkwwwww_\n_lwwlwwlw_\n_sllsllsl_\n_.s......_\n_....b.s._\n_W16F13.._\n_..B19S14_\n_L18..B12_\n__________
LEVEL:167:__________\n_kk.k.kkk_\n_llo..o.k_\n_.lo..o.k_\n_.loooo.k_\n_.llll..k_\n_..looooo_\n_..lollll_\n_..lollll_\n_....llll_\n_........_\n_........_\n_L16....._\n_........_\n_........_\n_BK13...._\n_1......._\n_2.K17..._\n_b......._\n__________
LEVEL:168:_____________\n_..wwB12ww.._\n_..........._\n_..wwrwrww.._\n_..w.....w.._\n_W.Rw.b.wR.B_\n_1.w.....w.1_\n_6.w.....w.2_\n_w.w.......w_\n_w1.ww.ww.1w_\n_.........3._\n_..wwR15w..._\n_____________
LEVEL:169:_____________\n_B12F13fL17._\n_..........._\n_l.l.ll.ll.._\n_..........._\n_l.l..l..l.._\n_l..l..l...._\n_.l.....l.l._\n_ll.l.l.l..l_\n_..........._\n_..........._\n_b...B19.L18_\n_____________
LEVEL:170:__________\n_..b....._\n_B12.www._\n_K1.w.k.w_\n_...w...w_\n_....w.wF_\n_....wfw1_\n_.....w.3_\n_W17....._\n__________
LEVEL:171:_____________\n_B12S14F13ww_\n_S17O14W16bw_\n_wwwwwwwww.w_\n_wwwwww..osw_\n_wwwww..os.w_\n_wwww...so.w_\n_www...so..w_\n_ww.....so.w_\n_w......os.w_\n_........osw_\n_.......os.w_\n_w......so.w_\n_ww....so..w_\n_www....so.w_\n_wwww...os.w_\n_wwwww...osw_\n_wwwwww.os.w_\n_wwwwwwwwwfw_\n_____________
LEVEL:172:____________________\n_S16.........wwww.._\n_............wBFw.._\n_............w11w.._\n_............w23w.._\n_............wwww.._\n_...wwwwwwwww......_\n_...wosooooow......_\n_...wooooooow......_\n_...wooobosow......_\n_...wsooooosw......_\n_...woosoooow......_\n_...wwwwwwwww......_\n_.................._\n_.......f.........._\n_.................._\n_.................._\n_.................._\n_.................._\n____________________
LEVEL:173:__________\n_B12oo.b._\n_ooooo.F._\n_sosoo.1._\n_ofooo.3._\n_sosoo..._\n_oooooooo_\n_ooooO14o_\n_oooooooo_\n__________
LEVEL:174:____________________\n_wwowwf....Kwbwwow._\n_wB12wwF13.1w.wooWw_\n_wwbww.o.oA12.oo.1w_\n_LRwwV....o3o.wwo6r_\n_11.Br1......kwwwwg_\n_451.3..llll..wwwgg_\n_..4lwgwlllllllwwwg_\n_llllwvwllllllwK17w_\n____________________
LEVEL:175:__________\n_bsfgalro_\n_kwoBSFWA_\n_ROKGV213_\n_6750489w_\n_w.....ww_\n_w.wwwwWw_\n_w...vw1w_\n_B12V136w_\n__________
LEVEL:176:____________________\n_W........wwwwwwwww_\n_1wwwwwwwww......Kw_\n_6woooooowwR1.O.81w_\n_Kwooo3koww..3.1.9w_\n_1wkoooooww.......w_\n_4wo1kbkowwaaaaw.ww_\n_Awooooooww....oww._\n_1wK17ooowwb..woow._\n_9wwwwwwwwww.swoww._\n_Awwwwwwwwwwwlwwww._\n_1wb.....ww......w._\n_4wwwww.www.b.R..w._\n_Sw......ww.r.1..w._\n_1ww.wwwwww...5L.w._\n_4wrrrrrrww....1.w._\n_Bwrrfrrrww....8.w._\n_1wwwwwwwwwwwwwwww._\n_9R19F13L18R14B12.._\n____________________
LEVEL:177:__________\n_........_\n_S2..B12._\n_w...s..._\n_...7wooo_\n_.1.vooVo_\n_.3vbW1.6_\n_...voo2o_\n_V14.oO16_\n__________
LEVEL:178:____________________\n_WR1R.....wwwwwwwww_\n_1wwwwwwwww......Kw_\n_6wK17ooowwR1.O.81w_\n_Kwkooo3oww..3.1.9w_\n_1wkoooooww.......w_\n_4wo1kbkowwaaaaw.ww_\n_Awooooooww.....ww._\n_1woooooowwb..w..w._\n_9wwwwwwwwww.sw.ww._\n_Awwwwwwwwwwwlwwww._\n_1wb.....ww......w._\n_4wwwww.www.b.R..w._\n_Sw......ww.r.1..w._\n_1ww.wwwwww...5L.w._\n_4wrrrrrrww....1.w._\n_Bwrrfrrrww....8.w._\n_1wwwwwwwwwwwwwwww._\n_9R19F13L18R14B12.._\n____________________
LEVEL:179:__________\n_KF13K1K._\n_1f......_\n_4.wwwwwk_\n_B.wK1b.._\n_1.waA.6._\n_2WwvV.2._\n_w1wgG.0._\n_w6wlL.8._\n__________
LEVEL:180:____________________\n_S14W16...........V_\n_B12V18ww.........1_\n_G14S19..w........5_\n_.w.w..ww.........._\n_...www............_\n_.................._\n_.................._\n_....wwwwsw........_\n_...w.vb..w........_\n_..w..b...w........_\n_...w..b..w........_\n_....wwwwww........_\n_.................._\n_...O15........gggg_\n_...F13....gggggggg_\n_.........gggoooooo_\n_......ggggggoooooo_\n_..ggggggggggooooof_\n____________________
LEVEL:181:____________\n_L.kwB..K1r_\n_w.r..3.fos_\n_wS1.....s1_\n_g.r.W1..s4_\n_W.b......._\n_kk..rb.ff5_\n_9.B12....G_\n_.b.f.swgw1_\n_g.o...oO.0_\n_v.wwoRF1.f_\n____________
LEVEL:182:__________\n_K14....._\n_1k..k..._\n_.boL..k._\n_.A15..aa_\n_.b....b._\n_k...F.k._\n_..k.1..._\n_B12.lf13_\n__________
LEVEL:183:____________________\n_Wwvvvvvvvfvvvvvvvv_\n_1wvvvvvvv.vvvvvvvv_\n_6wvvvvvvv.vvvvvvvv_\n_Fwvvvvvvv.vvvvvvvv_\n_1wvvvvvvv.vvvvvvvv_\n_3wvvvvvvvvvvvvvvvv_\n_Vwvvvvvvvvvvvvvvvv_\n_1wvvvvvvvvvvvvvvvv_\n_4wvvvvvvvvvvvvvvvv_\n_wwvvvvvvvvvvwwwwww_\n_............r....._\n_............rRK.B._\n_...b..sss...r11.1._\n_..B12..S....r457.._\n_..B12..1....r....._\n_.......5....kw...._\n_.O1O........ww...._\n_............w....._\n____________________
BATCH:-1:0:0
BATCH:-1:1:1
BATCH:-1:2:2
BATCH:-1:3:3
BATCH:-1:4:4
BATCH:-1:5:5
BATCH:-1:6:6
BATCH:-1:7:7
BATCH:-1:8:8
BATCH:-1:9:9
BATCH:-1:10:10
BATCH:-1:11:11
BATCH:-1:12:12
BATCH:-1:13:13
BATCH:-1:14:14
BATCH:-1:15:15
BATCH:-1:16:16
BATCH:-1:17:17
BATCH:-1:18:18
BATCH:-1:19:19
BATCH:-1:20:20
BATCH:-1:21:21
BATCH:-1:22:22
BATCH:-1:23:23
BATCH:-1:24:24
BATCH:-1:25:25
BATCH:-1:26:26
BATCH:-1:27:27
BATCH:-1:28:28
BATCH:-1:29:29
BATCH:-1:30:30
BATCH:-1:31:31
BATCH:-1:32:32
BATCH:-1:33:33
BATCH:-1:34:34
BATCH:-1:35:35
BATCH:-1:36:36
BATCH:-1:37:37
BATCH:-1:38:38
BATCH:-1:39:39
BATCH:-1:40:40
BATCH:-1:41:41
BATCH:-1:42:42
BATCH:-1:43:43
BATCH:-1:44:44
BATCH:-1:45:45
BATCH:-1:46:46
BATCH:-1:47:47
BATCH:-1:48:48
BATCH:-1:49:49
BATCH:-1:50:50
BATCH:-1:51:51
BATCH:-1:52:52
BATCH:-1:53:53
BATCH:-1:54:54
BATCH:-1:55:55
BATCH:-1:56:56
BATCH:-1:57:57
BATCH:-1:58:58
BATCH:-1:59:59
BATCH:-1:60:60
BATCH:-1:61:61
BATCH:-1:62:62
BATCH:-1:63:63
BATCH:-1:64:64
BATCH:-1:65:65
BATCH:-1:66:66
BATCH:-1:67:67
BATCH:-1:68:68
BATCH:-1:69:69
BATCH:-1:70:70
BATCH:-1:71:71
BATCH:-1:72:72
BATCH:-1:73:73
BATCH:-1:74:74
BATCH:-1:75:75
BATCH:-1:76:76
BATCH:-1:77:77
BATCH:-1:78:78
BATCH:-1:79:79
BATCH:-1:80:80
BATCH:-1:81:81
BATCH:-1:82:82
BATCH:-1:83:83
BATCH:-1:84:84
BATCH:-1:85:85
BATCH:-1:86:86
BATCH:-1:87:87
BATCH:-1:88:88
BATCH:-1:89:89
BATCH:-1:90:90
BATCH:-1:91:91
BATCH:-1:92:92
BATCH:-1:93:93
BATCH:-1:94:94
BATCH:-1:95:95
BATCH:-1:96:96
BATCH:-1:97:97
BATCH:-1:98:98
BATCH:-1:99:99
BATCH:-1:100:100
BATCH:-1:101:101
BATCH:-1:102:102
BATCH:-1:103:103
BATCH:-1:104:104
BATCH:-1:105:105
BATCH:-1:106:106
BATCH:-1:107:107
BATCH:-1:108:108
BATCH:-1:109:109
BATCH:-1:110:110
BATCH:-1:111:111
BATCH:-1:112:112
BATCH:-1:113:113
BATCH:-1:114:114
BATCH:-1:115:115
BATCH:-1:116:116
BATCH:-1:117:117
BATCH:-1:118:118
BATCH:-1:119:119
BATCH:-1:120:120
BATCH:-1:121:121
BATCH:-1:122:122
BATCH:-1:123:123
BATCH:-1:124:124
BATCH:-1:125:125
BATCH:-1:126:126
BATCH:-1:127:127
BATCH:-1:128:128
BATCH:-1:129:129
BATCH:-1:130:130
BATCH:-1:131:131
BATCH:-1:132:132
BATCH:-1:133:133
BATCH:-1:134:134
BATCH:-1:135:135
BATCH:-1:136:136
BATCH:-1:137:137
BATCH:-1:138:138
BATCH:-1:139:139
BATCH:-1:140:140
BATCH:-1:141:141
BATCH:-1:142:142
BATCH:-1:143:143
BATCH:-1:144:144
BATCH:-1:145:145
BATCH:-1:146:146
BATCH:-1:147:147
BATCH:-1:148:148
BATCH:-1:149:149
BATCH:-1:150:150
BATCH:-1:151:151
BATCH:-1:152:152
BATCH:-1:153:153
BATCH:-1:154:154
BATCH:-1:155:155
BATCH:-1:156:156
BATCH:-1:157:157
BATCH:-1:158:158
BATCH:-1:159:159
BATCH:-1:160:160
BATCH:-1:161:161
BATCH:-1:162:162
BATCH:-1:163:163
BATCH:-1:164:164
BATCH:-1:165:165
BATCH:-1:166:166
BATCH:-1:167:167
BATCH:-1:168:168
BATCH:-1:169:169
BATCH:-1:170:170
BATCH:-1:171:171
BATCH:-1:172:172
BATCH:-1:173:173
BATCH:-1:174:174
BATCH:-1:175:175
BATCH:-1:176:176
BATCH:-1:177:177
BATCH:-1:178:178
BATCH:-1:179:179
BATCH:-1:180:180
BATCH:-1:181:181
BATCH:-1:182:182
BATCH:-1:183:183
EVAL_INSTANCE:0:0:382
RUN_RESULT:0:0:0:2000:----
RUN_RESULT:0:0:1:2000:----
RUN_RESULT:0:0:2:11:RLLULUUR
RUN_RESULT:0:0:3:2000:----
RUN_RESULT:0:0:4:601:ULLLUUULUURDDRR
RUN_RESULT:0:0:5:97:DRRRUU
RUN_RESULT:0:0:6:235:LLUUUU
RUN_RESULT:0:0:7:2000:----
RUN_RESULT:0:0:8:2000:----
RUN_RESULT:0:0:9:698:LURURLULLU
RUN_RESULT:0:0:10:3:DDD
RUN_RESULT:0:0:11:23:RRRRDDDRRRDDLU
RUN_RESULT:0:0:12:243:ULLLLDURRUUUULLDL
RUN_RESULT:0:0:13:13:DDDDDRDRRRRRR
RUN_RESULT:0:0:14:2000:----
RUN_RESULT:0:0:15:2000:----
RUN_RESULT:0:0:16:2000:----
RUN_RESULT:0:0:17:12:LLUUUUUULLL
RUN_RESULT:0:0:18:2000:----
RUN_RESULT:0:0:19:2000:----
RUN_RESULT:0:0:20:25:DRDDRDRDUUUURR
RUN_RESULT:0:0:21:2000:----
RUN_RESULT:0:0:22:4:DDDR
RUN_RESULT:0:0:23:58:DDDLLDRRRR
RUN_RESULT:0:0:24:9:DDDRDRDR
RUN_RESULT:0:0:25:2000:----
RUN_RESULT:0:0:26:3:DLL
RUN_RESULT:0:0:27:113:DDDDDDRRRR
RUN_RESULT:0:0:28:2000:----
RUN_RESULT:0:0:29:2000:----
RUN_RESULT:0:0:30:2000:----
RUN_RESULT:0:0:31:2000:----
RUN_RESULT:0:0:32:8:UUUUUURR
RUN_RESULT:0:0:33:11:UURUUULLU
RUN_RESULT:0:0:34:237:UULLLLLULDDDDDRRDLL
RUN_RESULT:0:0:35:417:UUUURRULUURRDDDDDRDDRRR
RUN_RESULT:0:0:36:28:RRR
RUN_RESULT:0:0:37:4:UU
RUN_RESULT:0:0:38:502:LDURRRRR
RUN_RESULT:0:0:39:484:DLUDRRU
RUN_RESULT:0:0:40:53:RRDDLUURRRRRR
RUN_RESULT:0:0:41:2000:----
RUN_RESULT:0:0:42:1734:ULLLLDLUUUU
RUN_RESULT:0:0:43:2000:----
RUN_RESULT:0:0:44:3:RLR
RUN_RESULT:0:0:45:2000:----
RUN_RESULT:0:0:46:2000:----
RUN_RESULT:0:0:47:2000:----
RUN_RESULT:0:0:48:2000:----
RUN_RESULT:0:0:49:2000:----
RUN_RESULT:0:0:50:3:DDR
RUN_RESULT:0:0:51:20:DDLDRRLLL
RUN_RESULT:0:0:52:5:ULLLL
RUN_RESULT:0:0:53:1040:RRULDRUDLLULU
RUN_RESULT:0:0:54:2000:----
RUN_RESULT:0:0:55:1529:UUURRRRRRRDLLLLLL
RUN_RESULT:0:0:56:2000:----
RUN_RESULT:0:0:57:2000:----
RUN_RESULT:0:0:58:4:DRRR
RUN_RESULT:0:0:59:2000:----
RUN_RESULT:0:0:60:1:U
RUN_RESULT:0:0:61:941:DLUURRD
RUN_RESULT:0:0:62:154:DDDLL
RUN_RESULT:0:0:63:1155:LLDLUUUDDRRRRRRR
RUN_RESULT:0:0:64:9:UUUUULUR
RUN_RESULT:0:0:65:328:DRDRRR
RUN_RESULT:0:0:66:2000:----
RUN_RESULT:0:0:67:2000:----
RUN_RESULT:0:0:68:2000:----
RUN_RESULT:0:0:69:2000:----
RUN_RESULT:0:0:70:2000:----
RUN_RESULT:0:0:71:2000:----
RUN_RESULT:0:0:72:6:RDDRDD
RUN_RESULT:0:0:73:3:DDD
RUN_RESULT:0:0:74:3:DDD
RUN_RESULT:0:0:75:601:ULLLUUULUURDDRR
RUN_RESULT:0:0:76:2000:----
RUN_RESULT:0:0:77:843:LUDUUUUUUUUUUUUUWUUWWWWDUU
RUN_RESULT:0:0:78:2000:----
RUN_RESULT:0:0:79:2000:----
RUN_RESULT:0:0:80:1189:UUURRDDRDRUURULLDLU
RUN_RESULT:0:0:81:14:UUUURUURRURRRR
RUN_RESULT:0:0:82:2000:----
RUN_RESULT:0:0:83:5:RRRRR
RUN_RESULT:0:0:84:2000:----
RUN_RESULT:0:0:85:2000:----
RUN_RESULT:0:0:86:12:DDDDDDDRRRRR
RUN_RESULT:0:0:87:44:ULLDDDUUUUUUUL
RUN_RESULT:0:0:88:87:ULLDDLLDRRUUURUUUUL
RUN_RESULT:0:0:89:2000:----
RUN_RESULT:0:0:90:2000:----
RUN_RESULT:0:0:91:243:ULLLLDURRUUUULLDL
RUN_RESULT:0:0:92:2000:----
RUN_RESULT:0:0:93:840:LDLLUL
RUN_RESULT:0:0:94:1136:DDDLLLLUUUUUUULLLLDR
RUN_RESULT:0:0:95:37:UUWWUUURUUUUU
RUN_RESULT:0:0:96:2000:----
RUN_RESULT:0:0:97:3:UUR
RUN_RESULT:0:0:98:1:L
RUN_RESULT:0:0:99:2000:----
RUN_RESULT:0:0:100:2000:----
RUN_RESULT:0:0:101:209:URRDDDDDDRRURDLDDURUUDDRULD
RUN_RESULT:0:0:102:1:R
RUN_RESULT:0:0:103:2000:----
RUN_RESULT:0:0:104:2000:----
RUN_RESULT:0:0:105:2000:----
RUN_RESULT:0:0:106:13:UUUUUULULLLL
RUN_RESULT:0:0:107:2000:----
RUN_RESULT:0:0:108:2000:----
RUN_RESULT:0:0:109:2000:----
RUN_RESULT:0:0:110:1882:URRURDDDDRDLLURRRR
RUN_RESULT:0:0:111:2000:----
RUN_RESULT:0:0:112:31:DDDRRRDRDLLDLL
RUN_RESULT:0:0:113:3:DRR
RUN_RESULT:0:0:114:2000:----
RUN_RESULT:0:0:115:1441:UURRURDRDRDLLLLLDL
RUN_RESULT:0:0:116:96:UULURURRRRDDDD
RUN_RESULT:0:0:117:191:RDDDLUU
RUN_RESULT:0:0:118:2000:----
RUN_RESULT:0:0:119:2000:----
RUN_RESULT:0:0:120:2000:----
RUN_RESULT:0:0:121:2000:----
RUN_RESULT:0:0:122:8:DDDDRDDD
RUN_RESULT:0:0:123:4:DDRR
RUN_RESULT:0:0:124:1222:DDDDDDDDRRRR
RUN_RESULT:0:0:125:6:RRDRDR
RUN_RESULT:0:0:126:3:URR
RUN_RESULT:0:0:127:5:DDDDL
RUN_RESULT:0:0:128:2000:----
RUN_RESULT:0:0:129:414:RURURUU
RUN_RESULT:0:0:130:2000:----
RUN_RESULT:0:0:131:2000:----
RUN_RESULT:0:0:132:11:UUUURRRRRRR
RUN_RESULT:0:0:133:782:RRLURURDD
RUN_RESULT:0:0:134:2000:----
RUN_RESULT:0:0:135:322:LURULLDRRURRUURRU
RUN_RESULT:0:0:136:6:RRDRDR
RUN_RESULT:0:0:137:5:DDDDL
RUN_RESULT:0:0:138:1476:DDDDDDRRRR
RUN_RESULT:0:0:139:2000:----
RUN_RESULT:0:0:140:12:UUUUURRURRRR
RUN_RESULT:0:0:141:271:UUUURRURDRDDDD
RUN_RESULT:0:0:142:8:UUURUUUR
RUN_RESULT:0:0:143:1998:RUURUDDDDDDLLL
RUN_RESULT:0:0:144:1040:RRULDRUDLLULU
RUN_RESULT:0:0:145:10:URUURURRU
RUN_RESULT:0:0:146:2000:----
RUN_RESULT:0:0:147:5:UUUUL
RUN_RESULT:0:0:148:9:DDRDRDRRR
RUN_RESULT:0:0:149:2000:----
RUN_RESULT:0:0:150:32:DLLULLDLLRRRDDDDDL
RUN_RESULT:0:0:151:6:DDDDDR
RUN_RESULT:0:0:152:2000:----
RUN_RESULT:0:0:153:2000:----
RUN_RESULT:0:0:154:4:DRRR
RUN_RESULT:0:0:155:636:DDRRRRRUUUUULL
RUN_RESULT:0:0:156:10:LDURRRRR
RUN_RESULT:0:0:157:2000:----
RUN_RESULT:0:0:158:2000:----
RUN_RESULT:0:0:159:2000:----
RUN_RESULT:0:0:160:2000:----
RUN_RESULT:0:0:161:2000:----
RUN_RESULT:0:0:162:35:RRRRDRRRDDDDDD
RUN_RESULT:0:0:163:2000:----
RUN_RESULT:0:0:164:2000:----
RUN_RESULT:0:0:165:2000:----
RUN_RESULT:0:0:166:307:LLLDULDU
RUN_RESULT:0:0:167:2000:----
RUN_RESULT:0:0:168:2000:----
RUN_RESULT:0:0:169:251:UUUUUURWDDRRDUUURRRLUUUU
RUN_RESULT:0:0:170:5:DDUDD
RUN_RESULT:0:0:171:2000:----
RUN_RESULT:0:0:172:45:DDDDD
RUN_RESULT:0:0:173:2000:----
RUN_RESULT:0:0:174:2000:----
RUN_RESULT:0:0:175:42:RRRDURRDLLUL
RUN_RESULT:0:0:176:2000:----
RUN_RESULT:0:0:177:2000:----
RUN_RESULT:0:0:178:2000:----
RUN_RESULT:0:0:179:2000:----
RUN_RESULT:0:0:180:2000:----
RUN_RESULT:0:0:181:2000:----
RUN_RESULT:0:0:182:2000:----
RUN_RESULT:0:0:183:2000:----
The time of execution is: 275.62526774406433 s
