pygame 2.2.0 (SDL 2.30.7, Python 3.8.10)
Hello from the pygame community. https://www.pygame.org/contribute.html
LEVEL:0:__________\n_F13....G_\n_..R15a.1_\n_.......0_\n_a.A.b.a._\n_....a..._\n_B....ggg_\n_1.a.ag.a_\n_2....g.f_\n__________
BATCH:0:0:0
TRAINING ON LEVEL:3
of 184 levels
---LEVEL STRING---
__________
_F13....G_
_..R15a.1_
_.......0_
_a.A.b.a._
_....a..._
_B....ggg_
_1.a.ag.a_
_2....g.f_
__________
---LEVEL STRING---
TRACK:0;-1;-1;4;4;1;4;5;2;4;3;4;5;9;3;4;5;4;12;4;3;1;4;4;1;3;23;9.902861388265876;1;25;17;4;0;0;0;23;-3.151887525592068;19;1;10;19;0;3;21;9.534468036470376;0;7;-0.844471306045671;15
TRACK:1;-1;-1;0;4;3;4;5;2;0;0;6;4;12;3;2;24;8;5;3;4;19;5;2;4;2;8;12;6;2;15;24;5;4;6;4;6;0;6;5;3;23;9.472284916086107;5;2;6;20;4.669756911777332;0;9;14
TRACK:2;-1;-1;4;1;3;1;2;6;2;6;5;4;21;6.818934413405614;3;5;1;10;8;4;3;6;4;0;16;23;2.1869903083707136;3;1;0;0;1;1;12;12;2;25;24;5;6;21;4.3351546493173245;3;6;6;15;5;5;6;2;13;16;4;3;4;1;1;2;3;4;25;0;2;23;-7.5216135560918085;21;0.37404154257095357;4;12;4;0;4;12;0;13;9;2;6;6;1;19;8;3;2;3;20;-3.523383983686948;1;8;18
TRACK:3;-1;-1;2;0;3;5;3;5;4;2;1;3;10;0;10;21;4.950310066841324;4;0;7;7.236194297597397;22;-3.559440102977005;1;3;3;0;1;0;5;0;16;11;2;3;7;3.4929483691740586;2;21;-6.040731570947278;21;-9.547482794325441;5;6;0;19;19;4;3;6;6;15;0;3;2;3;0;0;0;10;14;3;24;6;2;23;-8.88363786393655;25;1;0;6;3;22;8.78054657296805;0;2;12;14;3;9;6;1;1;16;11;2;23;5.712115931887599;8;0;2;4;4;1;2;12;19;1;21;-6.889224475247266;24;1;3;5;2;14;20;-8.877805939863176;4;6;3;17;4;5;4;5;2;9;14;6;3;6;3;5;5;3;3;6;22;9.409739666290925
TRACK:4;-1;-1;1;3;1;0;4;6;3;0;3;1;12;14;2;4;8;5;9;1;4;6;3;5;0;10;8;4;1;5;6;1;21;-9.144232763342824;21;9.220913628839803;0;6;1;11;9;4;4;21;6.506485473553585;4;6;4;1;1;4;2;7;4.39960663261064;8;6;2;12;14;2;0;1;23;-5.597780175006511;13;5;13;2;4;23;-7.798229947511346;1;24;25;1;3;6;5;4;6;1;6;6;8;0;5;11;6;12;3;6;2;4;4;1;3;5;13;3;1;25;10;4;3;5;3;6;25
TRACK:5;-1;-1;2;1;2;4;1;0;6;2;1;6;8;1;23;1.9435505751889686;16;5;5;7;-9.970495877691814;2;1;6;3;16;1;0;14;14;0;12;25;5;6;6;25;2;3;4;2;0;10;9;2;11;23;3.6929058481254664;3;4;6;4;21;-9.868013446484571;0;0;0;0;3;1;2;25;13;2;23;3.188522840622923;24;4;2;2;23;9.526442355950877;15;5;18;4;5;0;2;8;12;6;10;5;0;5;5;1;11;7;7.333803900222733;4;4;2;8;18;2;0;3;3;2;0;8;25;0;16;11;3;2;1;3;17;5;16;4;1;12;13;3;0;3;3;4;17;1;1;0;19;19;3;15;2;1;21;-8.6020949155918;17;6;9;2;6;6;2;1;6;0;3;19;4;19;0;0;4;16;5;8;4;3;9;1;5;3;1;7;-3.1514155949858624;14;0;5;5;21;9.495230067178664;4;6;22;-5.258464433095174;0;6;1;5;5;0;4;17;4;19;2;4;5;6;8;0;1;2;11;22;-6.037875568448814;2;16;24;1;3;9;4;11;5;3;5;4;3;1;25;17;1;3;4;3;5;5;2;6;2;23;2.4675391161849625;10;2;1;8;20;5.274136172894398;3;7;-7.66799673225125;0;6;2;6;6;4;3;5;25;3;6;5;4;3;10;2;0;3;2;5;1;6;11;5;14;6;5;5;14;5;0;6;6;1;12;9;3;4;0;9;22;5.596626002595075;4;3;0;6;2;4;8;2;22;-5.507935477182007;22;-3.1496246991677745;4;2;4;23;5.879029348790814;5;13
TRACK:6;-1;-1;5;5;6;3;5;3;3;2;2;5;11;6;22;-5.829923129369776;0;6;21;8.730918602513583;0;9;23;5.836419005017115
TRACK:7;-1;-1;2;4;6;0;0;2;2;6;3;5;17;0;2;0;23;-8.605434152394043;25;4;18;6;5;8;3;3;1;0;21;-3.9899083245807043;7;-9.279102787611741;1;10;21;-2.216448201627257;4;4;4;3;3;12;1;4;1;0;5;1;9;18;1;2;12;19;6;8;4;4;2;25;19;5;5;4;0;4;13;4;16;0;5;6;4;5;6;1;0;5;23;9.815088973756822;3;14;3;4;10;2;4;0;3;1;0;0;4;25;2;24;24;5;6;18;5;4;3;20;-7.901640642544496;2;4;3;1;2;16;13;2;21;-2.0786214077571614;15;4;4;6;1;13;21;3.6890414251887016;0;1;1;5;4;6;4;10;4;3;2;5;15;1;25;25;1;1;0;0;4;18;0;8;14;4;3;16;4;5;3;19;1;5;6;5;24;6;2;0;19;23;-7.211849803535893;3;23;7.6775755986173735;0;0;3;2;3;6;12;6;3;14;1;1;6;5;15;0;4;13;0;24;23;5.2290408923456475;3;4;3;24;5;0;4;1;4;23;7.625402505565869;4;17;2;1;6;21;3.2182747061561106;4;15;0;1;20;-8.198996768964637;21;-7.885558270084214;5;18
TRACK:8;-1;-1;0;4;5;2;0;5;1;1;4;4;17;4;0;10;8;2;3;0;25;14;5;5;7;-4.828525043125511;6;4;1;4;6;13;6;0;23;-3.713886189411495;21;6.2279698388282405;3;2;6;4;2;4;9;3;10;0;1;6;0;24;23;-9.056650368018255;4;0;24;19;0;2;1;13;9;4;9;6;2;14;18;4;0;5;5;3;6;0;4;3;22;3.4159046257935533;3;3;15;1;1;6;2;5;5;0;18;22;6.76684805985289;6;1;4;7;7.416723571136409;5;13;6;1;1;6;3;19;1;2;22;-1.1994082806791333;16;2;23;4.51766295090909;23;3.3339639868502235;4;6;3;11;4;0;3;6;5;3;8;0;3;6;4;10;3;5;4;14
TRACK:9;-1;-1;1;6;1;0;4;6;3;2;2;0;13;16;0;7;-8.423337156008355;20;7.310567505102316;1;5;9;1;11;24;1;2;5;0;2;0;19;14;4;19;1;5;13;4;18;1;4;6;6;22;-6.327067917795482;4;4;3;7;2.363621869407959;5;2;0;3;0;19;19;2;6;22;4.067705010378075;5;19;6;5;4;24;0;5;0;2;5;4;1;15;9;2;4;0;17;10;0;5;12;2;15;19;3;6;0;6;16;1;21;-7.502246105735986;13;3;5;0;3;0;6;10;5;19;3;5;6;23;1.9038779263252152;3;5;6;0;6;5;3;4;6;13;6;0;1;3;2;7;5.856128750953847;10;0;3;13;4;23;4.7014506549020965;5;5;4;21;9.826285362990241
EVAL_INSTANCE:0:0:0
EVAL_INSTANCE:0:1:1
EVAL_INSTANCE:0:2:2
EVAL_INSTANCE:0:3:3
EVAL_INSTANCE:0:4:4
EVAL_INSTANCE:0:5:5
EVAL_INSTANCE:0:6:6
EVAL_INSTANCE:0:7:7
EVAL_INSTANCE:0:8:8
EVAL_INSTANCE:0:9:9
RUN_RESULT:0:0:0:2000:----
RUN_RESULT:0:1:0:2000:----
RUN_RESULT:0:2:0:2000:----
RUN_RESULT:0:3:0:2000:----
RUN_RESULT:0:4:0:2000:----
RUN_RESULT:0:5:0:2000:----
RUN_RESULT:0:6:0:2000:----
RUN_RESULT:0:7:0:2000:----
RUN_RESULT:0:8:0:2000:----
RUN_RESULT:0:9:0:2000:----
=================================================
n_gen  |  n_eval  |     f_avg     |     f_min    
=================================================
     1 |       10 |  0.000000E+00 | -0.000000E+00
TRACK:10;3;4;2;0;3;5;3;5;4;2;1;3;10;0;21;9.220913628839803;21;4.950310066841324;4;0;7;7.236194297597397;22;-3.559440102977005;1;3;3;0;1;0;5;0;16;11;2;3;7;3.4929483691740586;2;21;-6.040731570947278;21;-9.547482794325441;5;6;0;19;19;4;3;6;6;15;0;3;2;3;0;0;0;10;14;3;24;6;2;23;-8.88363786393655;25;1;0;6;3;22;8.78054657296805;0;2;12;14;3;9;6;1;1;16;11;2;23;5.712115931887599;8;0;2;4;4;1;2;12;19;1;21;-6.889224475247266;24;1;3;5;2;14;20;-8.877805939863176;4;6;3;17;4;5;4;5;2;9;14;6;3;6;3;5;5;3;3;6;22;9.409739666290925
TRACK:11;3;4;1;3;1;0;4;6;3;0;3;1;12;14;2;4;8;5;9;1;4;6;22;-3.559440102977005;4;1;5;6;1;21;-9.144232763342824;21;9.220913628839803;0;6;1;11;9;4;4;21;6.506485473553585;4;6;4;1;1;4;2;7;4.39960663261064;8;6;2;12;14;2;0;1;23;-5.597780175006511;13;5;13;2;4;23;-7.798229947511346;1;24;25;1;3;6;5;4;6;1;6;6;8;0;5;11;6;12;3;6;2;4;4;1;3;5;13;3;1;25;10;4;3;5;3;6;25
TRACK:12;2;9;4;1;19;4;3;4;1;1;2;3;4;25;0;2;23;-7.5216135560918085;21;0.37404154257095357;4;12;4;0;4;12;0;13;9;2;6;6;1;19;8;3;2;3;20;-3.523383983686948;1;8;18
TRACK:13;2;9;1;6;1;0;4;6;3;2;2;0;13;16;0;7;-8.423337156008355;20;7.310567505102316;1;5;9;1;11;24;1;2;5;0;2;0;19;14;4;19;1;5;13;4;18;1;4;6;6;22;-6.327067917795482;4;4;3;7;2.363621869407959;5;2;0;3;0;19;19;2;6;22;4.067705010378075;5;19;6;5;4;24;0;5;0;2;5;4;1;15;9;2;4;0;17;10;0;5;12;2;15;19;3;6;0;6;16;1;21;-7.502246105735986;13;3;5;0;3;0;6;10;5;19;3;5;6;23;1.9038779263252152;3;5;6;0;6;5;3;4;6;13;6;0;1;3;2;7;5.856128750953847;10;0;3;13;4;23;4.7014506549020965;5;12
TRACK:14;1;7;0;4;3;4;5;2;0;0;6;4;12;3;2;24;8;5;3;4;19;5;2;4;2;8;12;6;2;15;24;5;4;6;4;6;0;6;5;3;23;9.472284916086107;5;12
TRACK:15;1;7;2;4;6;0;0;2;2;6;3;5;17;0;2;0;23;-8.605434152394043;25;4;18;6;5;8;3;3;1;0;21;-3.9899083245807043;7;-9.279102787611741;1;10;21;-2.216448201627257;4;4;4;3;3;12;1;4;1;0;5;1;9;18;1;2;12;19;6;8;4;4;2;25;19;5;5;4;0;4;13;4;16;0;5;6;4;5;6;1;0;5;23;9.815088973756822;3;14;3;4;23;9.472284916086107;2;4;0;3;1;0;0;4;25;2;24;24;5;6;18;5;4;3;20;-7.901640642544496;2;4;3;1;2;16;13;2;21;-2.0786214077571614;15;4;4;6;1;13;21;3.6890414251887016;0;1;1;5;4;6;4;10;4;3;2;5;15;1;25;25;1;1;0;0;4;18;0;8;14;4;3;16;4;5;3;19;1;5;6;5;24;6;2;0;19;23;-7.211849803535893;3;23;7.6775755986173735;0;0;3;2;3;6;12;6;3;14;1;1;6;5;15;0;4;13;0;24;23;5.2290408923456475;3;4;3;24;5;0;4;1;4;23;7.625402505565869;4;17;2;1;6;21;3.2182747061561106;4;15;0;1;20;-8.198996768964637;21;-7.885558270084214;5;18
TRACK:16;0;9;4;4;1;4;5;10;4;3;1;4;4;1;3;23;9.902861388265876;1;25;17;4;0;0;0;23;-3.151887525592068;19;1;10;19;0;3;21;9.534468036470376;0;7;-0.844471306045671;15
TRACK:17;0;9;1;6;1;0;4;6;3;2;2;0;13;16;0;7;-8.423337156008355;20;7.310567505102316;1;5;9;1;11;24;1;2;5;0;2;0;19;14;4;19;1;5;13;4;18;1;4;25;4;4;3;7;2.363621869407959;5;2;0;3;0;19;19;2;6;22;4.067705010378075;5;19;6;5;4;24;0;5;0;2;5;4;1;15;9;2;4;0;17;10;0;5;12;2;15;19;3;6;0;6;16;1;21;-7.502246105735986;13;3;5;0;3;0;6;10;5;19;3;5;6;23;1.9038779263252152;3;5;6;0;6;5;3;4;6;13;6;0;1;3;2;7;5.856128750953847;10;0;3;13;4;23;4.7014506549020965;5;5;4;21;9.826285362990241
TRACK:18;5;3;2;1;2;4;1;0;6;2;1;6;8;1;23;1.9435505751889686;16;5;5;7;-9.970495877691814;2;1;6;3;16;1;0;14;14;0;12;25;5;6;6;25;2;3;4;2;0;10;9;2;11;23;3.6929058481254664;3;4;6;4;21;-9.868013446484571;0;0;0;0;3;1;2;25;13;2;23;3.188522840622923;24;4;2;2;23;9.526442355950877;15;5;18;4;5;0;2;8;12;6;10;5;0;5;5;1;11;7;7.333803900222733;4;4;2;8;18;2;0;3;3;2;0;8;25;0;16;11;3;2;1;3;17;5;16;4;1;12;13;3;0;3;3;4;17;1;1;0;19;19;3;15;2;1;21;-8.6020949155918;17;6;9;2;6;6;2;1;6;0;3;19;4;19;0;0;4;16;5;8;4;3;9;1;5;3;1;7;-3.1514155949858624;14;0;5;5;21;9.495230067178664;4;6;22;-5.258464433095174;0;6;1;5;5;0;4;17;4;19;2;4;5;6;8;0;1;2;11;22;-6.037875568448814;2;16;24;1;3;9;4;11;5;3;5;4;3;24;1;3;4;3;5;5;2;6;2;23;2.4675391161849625;10;2;1;8;20;5.274136172894398;3;7;-7.66799673225125;0;6;2;6;6;4;3;5;25;3;6;5;4;3;10;2;0;3;2;5;1;6;11;5;14;6;5;5;14;5;0;6;6;1;12;9;3;4;0;9;22;5.596626002595075;4;3;0;6;2;4;8;2;22;-5.507935477182007;22;-3.1496246991677745;4;2;4;23;5.879029348790814;5;13
TRACK:19;5;3;2;0;3;5;3;5;4;2;1;3;10;0;10;21;4.950310066841324;4;0;7;7.236194297597397;22;-3.559440102977005;1;3;3;0;1;0;5;0;16;11;2;3;7;3.4929483691740586;2;21;-6.040731570947278;21;-9.547482794325441;5;6;0;19;19;4;3;6;6;15;0;3;2;11;23;3.6929058481254664;0;2;4;4;1;2;12;19;1;21;-6.889224475247266;24;1;3;5;2;14;20;-8.877805939863176;4;6;3;17;4;5;4;5;2;9;14;6;3;6;3;5;5;3;3;6;22;9.409739666290925
TRACK:20;10;-1;2;0;3;5;3;5;4;2;1;3;10;0;21;9.324829621385284;21;4.908293807737556;4;0;7;6.968573632026743;22;-3.606644126226361;1;3;3;0;1;0;5;0;16;11;2;3;7;3.493156289919759;2;21;-6.19190321354578;21;-9.590524205534228;5;6;0;19;19;4;3;6;6;15;0;3;2;3;0;0;0;10;14;3;24;6;2;23;-8.909812545801328;25;1;0;6;3;22;8.799996285935928;2;5;19;1;20;-1.2183843029253936;23;9.545638746660888;6;1;1;16;11;2;23;5.629068281081504;8;0;2;4;4;1;2;12;19;1;21;-6.736207426421825;24;1;3;5;2;14;20;-8.899313566783654;4;6;3;17;4;5;4;5;2;9;14;6;3;6;3;5;5;3;3;6;22;9.335403303213772
TRACK:21;12;-1;4;1;19;4;3;4;1;1;2;3;4;25;3;3;23;0.46282989818919873;4;0;4;12;0;13;9;2;6;6;1;19;8;3;2;3;20;-3.438018021373041;1;8;18
TRACK:22;14;-1;0;4;3;4;5;2;0;0;6;4;12;3;2;24;8;5;3;4;19;5;2;4;2;8;12;6;2;15;24;5;4;6;4;6;0;6;5;3;25;5;12
TRACK:23;0;-1;4;4;1;4;5;2;4;3;4;5;9;3;4;5;4;12;4;3;1;4;4;1;3;23;9.785372666509986;1;9;17;4;0;0;0;23;-3.0323894953610764;19;1;10;19;0;3;21;9.474092880091625;0;7;-0.887974475188811;15
TRACK:24;5;-1;2;1;2;4;1;0;6;2;1;6;8;1;23;2.019771279116389;16;5;5;7;-9.951973263650263;2;1;6;3;16;1;0;14;14;0;12;25;5;6;6;25;2;3;4;2;0;10;9;2;11;23;3.7595291800865507;3;4;6;4;21;-9.759374795256054;0;0;0;0;3;1;2;25;13;2;23;3.231410740558143;24;4;2;2;23;9.564565832266638;15;5;18;4;5;0;2;8;12;6;10;5;0;5;5;1;11;7;7.251717859055975;4;4;2;8;18;2;0;3;3;2;0;8;25;0;16;11;0;2;20;1.3328278700500995;15;0;23;2.543777678790601;21;0.7488667375738878;3;0;3;3;4;17;1;1;0;19;19;3;15;2;1;21;-8.666520673345778;17;6;9;2;6;6;2;1;6;0;3;19;4;19;0;0;4;16;5;8;4;3;9;1;5;3;1;7;-3.1596179036587633;14;0;5;5;21;9.509660459042859;4;6;22;-5.2326502971757085;0;6;1;5;5;0;4;17;4;19;2;4;5;6;8;0;1;2;11;22;-6.036275203003654;2;16;24;1;3;9;4;11;5;3;5;4;3;1;25;17;1;3;4;3;5;5;2;6;2;23;2.3435016059880693;10;2;1;8;20;5.3590516206888;3;7;-7.758932002822257;0;6;2;6;6;4;3;5;25;3;6;5;4;3;10;2;0;3;2;5;1;6;11;5;14;6;5;5;14;5;0;6;6;1;12;9;3;4;0;9;22;5.5738015180515745;4;3;0;6;2;4;8;2;22;-5.44850921938703;22;-3.2232090602868544;4;2;4;23;5.905675627076963;5;13
TRACK:25;11;-1;1;3;1;0;4;6;3;0;3;1;12;14;2;4;8;5;9;1;4;6;22;-3.41178871245978;4;1;5;6;1;21;-9.153994238587831;21;9.110739574621809;0;6;1;11;9;4;4;21;6.603123108374961;4;6;4;1;1;4;2;7;4.489559710750731;8;6;2;12;14;2;0;1;23;-5.53121485704111;13;5;13;2;4;23;-7.647670252130425;1;24;25;1;3;6;5;4;6;1;6;6;8;6;24;3;6;2;4;4;1;3;5;13;3;1;25;10;4;3;5;3;6;25
TRACK:26;13;-1;1;6;1;0;4;6;3;2;2;0;13;16;0;7;-8.65601467993345;20;7.206438426934038;1;5;9;1;11;12;1;2;5;0;2;0;19;14;4;19;1;5;13;4;18;1;4;6;6;22;-6.326201360434627;4;4;3;7;2.455532237449714;5;2;0;3;0;19;19;2;6;22;4.188182183165171;5;19;6;5;4;24;0;5;0;2;5;4;1;15;9;2;4;0;17;10;0;5;12;2;15;19;3;6;0;6;16;1;21;-7.405939035575353;13;3;5;0;3;0;6;10;5;19;3;5;6;23;1.8777313024180997;3;5;6;0;6;5;3;4;6;13;6;0;1;3;2;7;5.874476765165702;10;0;3;13;4;23;4.875460086638314;5;12
TRACK:27;15;-1;2;4;6;0;0;2;2;6;3;5;17;0;2;0;23;-8.542681698690851;25;4;18;6;5;8;3;3;1;0;21;-4.090804226781862;7;-9.213803410727213;1;10;21;-2.3648666861219207;4;4;4;3;3;12;4;5;1;1;0;10;25;5;9;0;1;23;-1.4935552593039763;24;6;17;0;5;6;4;5;6;1;0;5;23;9.867847761065436;3;14;3;4;23;9.612227969333764;2;4;0;3;1;0;0;4;25;2;24;24;5;6;18;5;4;3;20;-7.910949769864678;2;4;3;1;2;16;13;2;21;-2.1473648506866416;15;4;4;6;1;13;21;3.6566718255781216;0;1;1;5;4;6;4;10;4;3;2;5;15;1;25;25;1;1;0;0;4;18;0;8;14;4;3;16;4;5;3;19;1;5;6;5;24;6;2;0;19;23;-7.186514522157186;3;23;7.762475306776655;0;0;3;2;3;6;12;6;3;14;1;1;6;5;15;0;4;13;0;24;23;5.196962602338596;3;4;3;24;5;0;4;1;4;23;7.756864943041392;4;17;2;1;6;21;3.0598454999119786;4;15;0;1;20;-8.19047333757472;21;-7.830863748582865;5;18
TRACK:28;9;-1;1;6;1;0;4;6;3;2;2;0;13;16;0;7;-8.512039748960031;20;7.111137114794233;1;5;9;1;11;24;1;2;5;0;2;0;19;14;4;19;1;5;13;4;18;1;4;6;6;22;-6.464271457267282;4;4;3;7;2.592602877960909;5;2;0;3;0;19;19;2;6;22;4.088100265835961;5;19;6;5;4;24;0;5;0;2;5;4;1;15;9;2;4;0;17;10;0;5;12;2;15;19;3;6;0;6;16;1;21;-7.44855881931099;13;3;5;0;3;0;6;10;5;19;3;5;6;23;1.6703172267754032;3;5;6;0;6;5;4;1;4;11;6;17;6;0;1;3;2;7;5.952275307074271;10;0;3;13;4;23;4.533354066776003;5;5;4;21;9.884741172489127
TRACK:29;3;-1;2;0;3;5;3;5;4;2;1;3;10;0;10;21;4.859628735361939;4;0;7;7.250072226839072;22;-3.633393075557662;1;3;3;0;1;0;5;0;16;11;2;3;7;3.4146842605657306;2;21;-5.911461862606484;21;-9.498242487017613;5;6;0;19;19;4;3;6;6;15;0;3;2;3;0;0;0;10;14;3;24;6;2;8;25;1;0;6;3;22;8.677403621737941;0;2;12;14;3;9;6;1;1;16;11;2;23;5.597846876918616;8;0;2;4;4;1;2;12;19;1;21;-6.952736218816101;24;1;3;5;2;14;20;-8.72038664432008;4;6;3;17;4;5;4;5;2;9;14;6;3;6;3;5;5;3;3;6;22;9.29290660022572
EVAL_INSTANCE:1:0:20
EVAL_INSTANCE:1:1:21
EVAL_INSTANCE:1:2:22
EVAL_INSTANCE:1:3:23
EVAL_INSTANCE:1:4:24
EVAL_INSTANCE:1:5:25
EVAL_INSTANCE:1:6:26
EVAL_INSTANCE:1:7:27
EVAL_INSTANCE:1:8:28
EVAL_INSTANCE:1:9:29
RUN_RESULT:1:0:0:2000:----
RUN_RESULT:1:1:0:2000:----
RUN_RESULT:1:2:0:2000:----
RUN_RESULT:1:3:0:2000:----
RUN_RESULT:1:4:0:2000:----
RUN_RESULT:1:5:0:2000:----
RUN_RESULT:1:6:0:2000:----
RUN_RESULT:1:7:0:2000:----
RUN_RESULT:1:8:0:2000:----
RUN_RESULT:1:9:0:2000:----
     2 |       20 |  0.000000E+00 | -0.000000E+00
TRACK:30;9;8;1;6;1;0;4;6;3;2;2;0;13;16;0;7;-8.423337156008355;20;7.310567505102316;1;5;9;1;11;24;1;2;5;0;2;0;19;14;4;19;1;5;13;4;18;1;4;6;6;22;-6.327067917795482;4;4;3;7;2.363621869407959;5;2;0;3;0;19;19;2;6;22;4.067705010378075;5;19;6;5;4;24;0;5;0;2;5;4;1;15;9;2;4;0;17;10;0;5;12;2;15;19;3;6;0;6;16;1;21;-7.502246105735986;13;3;5;3;0;25;14;3;5;6;0;6;5;3;4;6;13;6;0;1;3;2;7;5.856128750953847;10;0;3;13;4;23;4.7014506549020965;5;5;4;21;9.826285362990241
TRACK:31;9;8;0;4;5;2;0;5;1;1;4;4;17;4;0;10;8;2;3;0;25;14;5;5;7;-4.828525043125511;6;4;1;4;6;13;6;0;23;-3.713886189411495;21;6.2279698388282405;3;2;6;4;2;4;9;3;10;0;1;6;0;24;23;-9.056650368018255;4;0;24;19;0;2;1;13;9;4;9;6;2;14;18;4;0;5;5;3;6;0;4;3;22;3.4159046257935533;3;3;15;1;1;6;2;5;5;0;18;22;6.76684805985289;6;1;4;7;7.416723571136409;5;13;6;1;1;6;3;19;1;2;22;-1.1994082806791333;16;2;23;4.51766295090909;23;3.3339639868502235;4;6;3;11;4;0;3;6;5;3;8;0;3;6;4;10;3;5;4;16
TRACK:32;0;4;4;4;1;4;5;2;4;3;4;5;9;3;4;5;4;12;12
TRACK:33;0;4;1;3;1;0;4;6;3;0;3;1;12;14;2;4;8;5;9;1;4;6;3;5;19;4;1;5;6;1;21;-9.144232763342824;21;9.220913628839803;0;6;1;11;9;4;4;21;6.506485473553585;4;6;4;1;1;4;2;7;4.39960663261064;8;6;2;12;14;2;0;1;23;-5.597780175006511;13;5;13;2;4;23;-7.798229947511346;1;24;25;1;3;6;5;4;6;1;6;6;8;0;5;11;6;12;3;6;2;4;4;1;3;5;13;3;1;25;10;4;3;5;3;6;25
TRACK:34;5;6;2;1;2;4;1;0;6;2;1;6;8;1;23;1.9435505751889686;16;5;5;7;-9.970495877691814;2;1;6;3;16;1;0;14;14;0;12;25;5;6;6;25;2;3;4;2;0;10;9;2;11;23;3.6929058481254664;3;4;6;4;21;-9.868013446484571;0;0;0;0;3;1;2;25;13;2;23;3.188522840622923;24;4;2;2;23;9.526442355950877;15;5;18;4;5;0;2;8;12;6;10;5;0;5;5;1;11;7;7.333803900222733;4;4;2;8;18;2;0;3;3;2;0;8;25;0;16;11;3;2;1;3;17;5;16;4;1;12;13;3;0;3;3;4;17;2;5;11;6;22;-5.829923129369776;2;6;6;2;1;6;0;3;19;4;19;0;0;4;16;5;8;4;3;9;1;5;3;1;7;-3.1514155949858624;14;0;5;5;21;9.495230067178664;4;6;22;-5.258464433095174;0;6;1;5;5;0;4;17;4;19;2;4;5;6;8;0;1;2;11;22;-6.037875568448814;2;16;24;1;3;9;4;11;5;3;5;4;3;1;25;17;1;3;4;3;5;5;2;6;2;23;2.4675391161849625;10;2;1;8;20;5.274136172894398;3;7;-7.66799673225125;0;6;2;6;6;4;3;5;25;3;6;5;4;3;10;2;0;3;2;5;1;6;11;5;14;6;5;5;14;5;0;6;6;1;12;9;3;4;0;9;22;5.596626002595075;4;3;0;6;2;4;8;2;22;-5.507935477182007;22;-3.1496246991677745;4;2;4;23;5.879029348790814;5;13
TRACK:35;5;6;5;5;6;3;5;3;3;2;2;5;11;6;22;-5.829923129369776;0;15;0;9;23;5.836419005017115
TRACK:36;7;9;2;4;6;0;0;2;2;6;3;5;17;0;2;0;23;-8.605434152394043;25;4;18;6;5;8;3;3;1;0;21;-3.9899083245807043;7;-9.279102787611741;1;10;21;-2.216448201627257;4;4;4;3;3;12;1;4;1;0;5;1;9;18;1;2;12;19;6;8;4;4;2;25;19;5;5;4;0;4;13;4;16;0;5;6;4;5;6;1;0;5;23;9.815088973756822;3;14;3;4;10;2;4;0;3;1;0;0;4;25;2;24;24;5;6;18;5;4;3;20;-7.901640642544496;2;4;3;1;2;16;13;2;21;-2.0786214077571614;15;4;4;6;1;13;21;3.6890414251887016;0;1;1;5;4;6;4;10;4;3;2;5;15;1;25;25;1;1;0;0;4;18;0;8;14;4;3;16;4;5;3;19;1;5;6;5;24;6;2;0;19;23;-7.211849803535893;3;23;7.6775755986173735;0;0;3;2;3;6;12;6;3;14;1;1;6;5;15;0;4;13;0;24;23;5.2290408923456475;3;4;3;24;5;0;4;1;4;23;7.625402505565869;4;17;2;1;6;21;3.2182747061561106;4;15;0;1;13;21;-7.885558270084214;5;18
TRACK:37;7;9;1;6;1;0;4;6;3;2;2;0;13;16;0;7;-8.423337156008355;20;7.310567505102316;1;5;9;1;11;24;1;2;5;0;2;0;19;14;4;19;1;5;13;4;18;1;4;6;6;22;-6.327067917795482;4;4;3;7;2.363621869407959;5;2;0;3;0;19;19;2;6;22;4.067705010378075;5;19;6;5;5;8;0;5;0;2;5;4;1;15;9;2;4;0;17;10;0;5;12;2;15;19;3;6;0;6;16;1;21;-7.502246105735986;13;3;5;0;3;0;6;10;5;19;3;5;6;23;1.9038779263252152;3;5;6;0;6;5;3;4;6;13;6;0;1;3;2;7;5.856128750953847;10;0;3;13;4;23;4.7014506549020965;5;5;4;21;9.826285362990241
TRACK:38;0;1;4;4;1;4;5;2;4;3;4;5;9;3;4;5;4;12;4;3;1;4;4;1;3;23;9.902861388265876;1;25;17;4;0;0;0;23;-3.151887525592068;19;1;10;19;0;3;8;0;7;-0.844471306045671;15
TRACK:39;0;1;0;4;3;4;5;2;0;0;6;4;12;3;2;24;8;5;3;4;19;5;2;4;2;8;12;6;2;15;24;5;4;6;4;6;0;12;5;2;6;20;4.669756911777332;0;9;14
TRACK:40;30;-1;1;6;1;0;4;6;3;2;2;0;13;16;0;7;-8.537562295932911;20;7.421894262142241;1;5;9;1;11;24;1;2;5;0;2;0;19;14;4;19;1;5;13;4;18;1;4;6;6;22;-6.361579180416563;4;4;3;7;2.332482405094561;5;2;2;3;13;6;15;6;5;4;24;0;5;0;2;5;4;1;15;9;2;4;0;17;10;0;5;12;2;15;19;3;6;0;6;16;1;21;-7.595406299408498;13;3;5;3;0;25;14;3;5;6;0;6;5;3;4;6;13;6;0;1;3;2;7;6.084245250971576;10;0;3;13;4;23;4.600706030643882;5;5;4;21;9.746954590002904
TRACK:41;0;-1;4;4;1;4;5;2;4;3;4;5;9;3;4;5;4;12;4;3;1;4;4;1;3;23;9.920265462736094;1;25;17;4;0;0;0;23;-3.1204119418448877;19;1;10;19;0;3;21;9.541178267487911;3;7;-5.979132468952162
TRACK:42;34;-1;2;1;2;4;1;0;6;2;1;6;8;1;23;2.033876107810845;16;5;5;7;-9.926530337808144;2;1;6;3;16;1;0;14;14;0;12;25;5;6;6;25;2;3;4;2;0;10;9;2;11;23;3.5840866807943144;3;4;6;4;21;-9.712416602016994;0;0;0;0;3;1;2;25;13;2;23;3.1198581564588936;24;4;2;2;23;9.524675063832545;15;5;18;4;5;0;2;8;12;6;10;5;0;5;5;1;11;7;7.363899780803463;4;4;2;8;18;2;0;3;3;2;0;8;25;0;16;11;3;2;1;3;17;5;16;4;1;12;13;3;0;3;3;4;17;2;5;11;6;22;-6.007707429657179;2;6;6;2;1;6;0;3;19;4;19;0;0;4;16;5;8;4;3;9;1;5;3;1;7;-3.183228758982645;14;0;5;5;21;9.486548315736265;4;6;22;-5.301495988122123;0;6;1;5;5;0;4;17;4;19;2;4;5;6;8;0;1;2;11;22;-6.003540745180402;2;16;24;1;3;9;4;11;5;3;5;4;3;1;25;17;1;3;4;3;5;5;2;3;19;2;1;8;20;5.363339554775263;3;7;-7.738156551141421;0;6;2;6;6;4;3;5;25;3;6;5;4;3;10;2;0;3;2;5;1;6;11;5;14;6;5;5;14;5;0;6;6;1;12;9;3;4;0;9;22;5.602833243720184;4;3;0;6;2;4;8;2;22;-5.437850417545527;22;-3.208050776872799;4;2;4;23;5.9113050002000636;5;13
TRACK:43;36;-1;2;4;6;0;0;2;2;6;3;5;17;0;2;0;23;-8.458819986041018;25;4;18;6;5;8;3;3;1;0;21;-3.9041517714481104;7;-9.194856737801636;1;10;21;-2.400918490453111;4;4;4;3;3;12;1;4;1;0;5;1;9;18;1;2;12;19;6;8;4;4;2;25;19;5;5;4;0;4;13;4;16;0;5;6;4;5;6;1;0;5;23;9.800972242749852;3;14;0;9;10;2;4;0;3;1;0;0;4;25;2;24;24;5;6;18;5;4;3;20;-7.831699909744771;2;4;3;1;2;16;13;2;21;-2.177355877333509;15;4;4;6;1;13;21;3.762785435626718;0;1;1;5;4;6;4;10;4;3;2;5;15;1;25;25;1;1;0;0;4;18;0;8;14;4;3;16;4;5;3;19;1;5;6;5;24;6;2;0;19;23;-7.215742107661355;3;23;7.624757104298616;0;0;3;2;3;6;12;6;3;14;1;1;6;5;15;0;4;13;0;24;23;5.307884948284602;3;4;3;24;5;0;4;1;4;23;7.563770384308671;4;17;2;1;6;21;3.1359859049869674;4;15;0;1;13;21;-7.862282640407529;5;18
TRACK:44;38;-1;4;4;1;4;5;2;4;3;4;5;9;3;4;5;4;12;4;3;1;4;4;1;3;23;9.827302814414589;1;25;11;4;0;0;0;23;-3.1014907383620893;19;1;10;19;0;3;8;0;7;-0.7887483397247076;15
TRACK:45;31;-1;0;4;5;2;0;5;0;1;12;23;7.447836515258736;2;24;14;6;4;1;4;6;13;6;0;23;-3.722573063453133;21;6.280930274253827;3;2;6;4;2;4;9;3;10;0;1;6;0;24;23;-8.967240638022147;4;0;24;19;0;2;1;13;9;4;9;6;2;14;18;4;0;5;5;3;6;0;4;3;22;3.4418349861633732;3;3;15;1;1;6;2;5;5;0;18;22;6.661123593833519;6;1;4;7;7.31650266097237;5;13;6;1;1;6;3;19;1;2;22;-1.1679270216378526;16;2;23;4.498105175743459;23;3.3212249858512837;4;6;3;11;4;0;3;6;5;3;8;0;3;6;4;10;3;5;4;16
TRACK:46;4;-1;1;3;1;0;4;6;3;0;3;1;12;14;2;4;8;5;9;1;4;6;3;5;0;10;8;4;1;5;6;1;21;-9.0336032786812;21;9.13613474900008;0;6;1;11;9;4;4;21;6.462870171588949;4;6;4;1;1;4;2;7;4.501983130406731;8;6;2;12;14;2;0;1;23;-5.387860822153243;13;5;13;2;4;23;-7.671052571650566;1;24;25;1;3;6;5;4;6;1;6;6;8;0;5;11;6;12;3;6;2;4;4;1;3;5;13;3;1;25;10;4;3;6;23;-6.870752695545084
TRACK:47;35;-1;5;5;6;3;5;3;3;2;2;5;11;6;22;-6.13562732162439;2;0;13;10;3;8
TRACK:48;37;-1;1;6;1;0;4;6;3;2;2;0;13;16;0;7;-8.475513330217813;20;7.4183506719149515;1;5;9;1;11;24;1;2;5;0;2;0;19;14;4;19;1;5;13;4;18;1;4;6;6;22;-6.315622875608765;4;4;3;7;2.420737330633922;5;2;0;3;0;19;19;2;6;22;4.1398293040973915;5;19;6;5;5;8;0;5;0;2;5;4;1;15;9;2;4;0;17;10;0;5;12;2;15;19;3;6;0;6;16;1;21;-7.5088804635089685;13;3;5;0;3;0;6;10;5;19;3;5;6;23;1.8607974331611445;3;5;6;0;6;5;3;4;6;13;6;0;1;3;2;7;5.8739819979113825;10;2;2;17;22;1.4749203042489967;5;24;5;5;4;21;9.827880381491076
TRACK:49;39;-1;0;4;3;4;5;2;0;0;6;4;12;3;2;24;8;5;3;4;19;5;2;4;2;8;12;6;2;15;24;5;4;6;4;6;0;12;5;2;6;20;4.680601087026259;0;9;25
EVAL_INSTANCE:2:0:40
EVAL_INSTANCE:2:1:41
EVAL_INSTANCE:2:2:42
EVAL_INSTANCE:2:3:43
EVAL_INSTANCE:2:4:44
EVAL_INSTANCE:2:5:45
EVAL_INSTANCE:2:6:46
EVAL_INSTANCE:2:7:47
EVAL_INSTANCE:2:8:48
EVAL_INSTANCE:2:9:49
RUN_RESULT:2:0:0:2000:----
RUN_RESULT:2:1:0:2000:----
RUN_RESULT:2:2:0:2000:----
RUN_RESULT:2:3:0:2000:----
RUN_RESULT:2:4:0:2000:----
RUN_RESULT:2:5:0:2000:----
RUN_RESULT:2:6:0:2000:----
RUN_RESULT:2:7:0:2000:----
RUN_RESULT:2:8:0:2000:----
RUN_RESULT:2:9:0:2000:----
     3 |       30 |  0.000000E+00 | -0.000000E+00
TRACK:50;9;6;1;6;1;0;4;6;3;2;2;0;13;16;0;7;-8.423337156008355;20;7.310567505102316;1;5;9;1;11;24;1;2;5;0;2;0;19;14;4;19;1;5;13;4;18;1;4;6;6;22;-6.327067917795482;4;4;3;7;2.363621869407959;5;2;0;3;0;19;19;2;6;22;4.067705010378075;5;19;6;5;4;24;0;5;0;2;5;4;1;15;9;2;4;0;17;10;0;5;12;2;15;19;3;6;0;6;16;1;21;-7.502246105735986;13;3;5;0;3;0;6;10;5;19;3;5;6;23;1.9038779263252152;3;5;6;0;6;5;3;4;22;-5.829923129369776;6;0;1;3;2;7;5.856128750953847;10;0;3;13;4;23;4.7014506549020965;5;5;4;21;9.826285362990241
TRACK:51;9;6;5;5;6;3;5;3;3;2;2;5;11;6;22;-5.829923129369776;0;6;21;8.730918602513583;19
TRACK:52;0;2;4;4;1;4;5;2;4;3;4;5;9;3;4;5;4;12;4;3;1;4;4;25;4;0;0;0;23;-3.151887525592068;19;1;10;19;0;3;21;9.534468036470376;0;7;-0.844471306045671;15
TRACK:53;0;2;4;1;3;1;2;6;2;6;5;4;21;6.818934413405614;3;5;1;10;8;4;3;12;3;1;0;0;1;1;12;12;2;25;24;5;6;21;4.3351546493173245;3;6;6;15;5;5;6;2;13;16;4;3;4;1;1;2;3;4;25;0;2;23;-7.5216135560918085;21;0.37404154257095357;4;12;4;0;4;12;0;13;9;2;6;6;1;19;8;3;2;3;20;-3.523383983686948;1;8;18
TRACK:54;3;5;2;0;3;5;3;5;4;2;1;3;10;0;10;21;4.950310066841324;4;0;7;7.236194297597397;22;-3.559440102977005;1;3;3;0;1;0;5;0;16;11;2;3;7;3.4929483691740586;2;21;-6.040731570947278;21;-9.547482794325441;2;8;12;4;3;6;6;15;0;3;2;3;0;0;0;10;14;3;24;6;2;23;-8.88363786393655;25;1;0;6;3;22;8.78054657296805;0;2;12;14;3;9;6;1;1;16;11;2;23;5.712115931887599;8;0;2;4;4;1;2;12;19;1;21;-6.889224475247266;24;1;3;5;2;14;20;-8.877805939863176;4;6;3;17;4;5;4;5;2;9;14;6;3;6;3;5;5;3;3;6;22;9.409739666290925
TRACK:55;3;5;2;1;2;4;1;0;6;2;1;6;8;1;23;1.9435505751889686;16;5;5;7;-9.970495877691814;2;1;6;3;16;1;0;14;14;0;12;25;5;6;6;25;2;3;4;2;0;10;9;2;11;23;3.6929058481254664;3;4;6;4;21;-9.868013446484571;0;0;0;0;3;1;2;25;13;2;23;3.188522840622923;24;4;2;2;23;9.526442355950877;15;5;18;4;5;0;2;8;12;6;10;5;0;5;5;1;11;7;7.333803900222733;4;4;2;8;18;2;0;3;3;2;0;8;25;0;16;11;3;2;1;3;17;5;16;4;1;12;13;3;0;3;3;4;17;1;1;0;19;19;3;15;2;1;21;-8.6020949155918;17;6;9;2;6;6;2;1;6;0;3;19;4;19;0;0;4;16;5;8;4;3;9;1;5;3;1;7;-3.1514155949858624;14;0;5;5;21;9.495230067178664;4;6;22;-5.258464433095174;0;6;1;5;5;0;4;17;4;19;2;4;5;6;8;0;1;2;11;22;-6.037875568448814;2;16;24;1;3;9;4;11;5;3;5;3;5;2;14;20;-8.877805939863176;1;3;4;3;5;5;2;6;2;23;2.4675391161849625;10;2;1;8;20;5.274136172894398;3;7;-7.66799673225125;0;6;2;6;6;4;3;5;25;3;6;5;4;3;10;2;0;3;2;5;1;6;11;5;14;6;5;5;14;5;0;6;6;1;12;9;3;4;0;9;22;5.596626002595075;4;3;0;6;2;4;8;2;22;-5.507935477182007;22;-3.1496246991677745;4;2;4;23;5.879029348790814;5;13
TRACK:56;0;7;4;4;1;4;5;2;4;3;4;5;9;3;4;5;4;12;4;3;1;4;4;1;3;14;1;25;17;4;0;0;0;23;-3.151887525592068;19;1;10;19;0;3;21;9.534468036470376;0;7;-0.844471306045671;15
TRACK:57;0;7;2;4;6;0;0;2;2;6;3;5;17;0;2;0;23;-8.605434152394043;25;4;18;6;5;8;3;3;1;0;21;-3.9899083245807043;7;-9.279102787611741;1;10;21;-2.216448201627257;4;4;4;3;3;12;1;4;1;0;5;1;9;18;1;2;12;19;6;8;4;4;2;25;19;5;5;4;0;4;13;4;16;0;5;6;4;5;6;1;0;5;23;9.815088973756822;3;14;3;4;10;2;4;0;3;1;0;0;4;25;2;24;24;5;6;18;5;4;3;20;-7.901640642544496;2;4;3;1;2;16;13;2;21;-2.0786214077571614;15;4;4;6;1;13;21;3.6890414251887016;0;1;1;5;4;6;4;10;4;3;2;5;15;1;25;25;1;1;0;0;4;18;0;8;14;4;3;16;4;5;3;19;1;5;6;5;24;6;2;0;7;-0.844471306045671;15;3;23;7.6775755986173735;0;0;3;2;3;6;12;6;3;14;1;1;6;5;15;0;4;13;0;24;23;5.2290408923456475;3;4;3;24;5;0;4;1;4;23;7.625402505565869;4;17;2;1;6;21;3.2182747061561106;4;15;0;1;20;-8.198996768964637;21;-7.885558270084214;5;18
TRACK:58;3;8;2;0;3;5;3;5;4;2;1;3;10;0;10;21;4.950310066841324;4;0;7;7.236194297597397;22;-3.559440102977005;1;3;3;0;1;0;11;2;3;7;3.4929483691740586;2;21;-6.040731570947278;21;-9.547482794325441;5;6;0;19;19;4;3;6;6;15;0;3;2;3;0;0;0;10;14;3;24;6;2;23;-8.88363786393655;25;1;0;6;3;22;8.78054657296805;0;2;12;14;3;9;6;1;1;16;11;2;23;5.712115931887599;8;0;2;4;4;1;2;12;19;1;21;-6.889224475247266;24;1;3;5;2;14;20;-8.877805939863176;4;6;3;17;4;5;4;5;2;9;14;6;3;6;3;5;5;3;3;6;22;9.409739666290925
TRACK:59;3;8;0;4;5;2;0;5;1;1;4;4;17;4;0;10;8;2;3;0;25;14;5;5;7;-4.828525043125511;6;4;1;4;6;13;6;0;23;-3.713886189411495;21;6.2279698388282405;3;2;6;4;2;4;9;3;10;0;1;6;0;24;23;-9.056650368018255;4;0;24;19;0;2;1;13;9;4;9;6;2;14;18;4;0;5;5;3;6;0;4;3;22;3.4159046257935533;3;3;15;1;1;6;2;5;5;0;18;22;6.76684805985289;6;1;4;7;7.416723571136409;5;13;6;1;1;6;3;19;25;4;6;3;11;4;0;3;6;5;3;8;0;3;6;4;10;3;5;4;14
TRACK:60;50;-1;1;6;1;0;4;6;3;2;2;0;13;16;0;7;-8.387001361260147;20;7.320645896153739;4;0;13;10;1;2;5;0;2;0;19;14;4;19;1;5;13;4;18;1;4;6;6;22;-6.18892574827499;4;4;3;7;2.363598020893164;5;2;0;3;0;19;19;2;6;22;4.107691000381158;5;19;6;5;4;24;0;5;0;2;5;4;1;15;9;2;4;0;17;10;0;5;12;2;15;19;3;6;0;6;16;1;21;-7.4607286703419975;13;3;5;0;3;0;6;10;5;19;3;5;6;23;1.773699315366128;3;5;6;0;6;5;3;4;22;-5.909619809710011;6;0;1;3;2;7;6.004749634709462;10;0;3;13;4;23;4.749924078784642;5;5;4;21;9.715896681339762
TRACK:61;52;-1;4;4;1;4;5;2;4;3;4;5;9;3;4;5;4;12;4;3;1;4;4;0;12;22;-7.728944107777529;4;0;0;0;23;-3.023275256849116;19;1;10;19;0;3;21;9.418419911726716;0;7;-0.9636483165217237;15
TRACK:62;54;-1;2;0;3;5;3;5;4;2;1;3;10;0;10;21;4.819018509930709;4;0;7;7.036272403193131;22;-3.4467449996284416;1;3;3;6;3;24;0;3;2;3;0;0;0;10;14;3;24;6;2;23;-8.71057357355775;25;1;0;6;3;22;8.695168653900312;0;2;12;14;3;9;6;1;1;16;11;2;23;5.697060866269556;8;0;2;4;4;1;2;12;19;1;21;-7.007532140929121;24;1;3;5;2;14;20;-8.794168663072456;4;6;3;17;4;5;4;5;2;9;14;6;3;6;3;5;5;3;3;6;22;9.401152469506263
TRACK:63;56;-1;4;4;1;4;5;2;4;3;4;5;9;3;4;5;4;12;4;0;3;6;3;3;23;-7.562240250330106;2;5;0;5;25;0;14;25;4;2;4;16;1;22;3.5823836137675897;23;8.878217793150657
TRACK:64;58;-1;0;4;3;4;1;13;10;6;2;3;4;16;5;2;8;25
TRACK:65;51;-1;5;5;6;3;5;3;3;2;2;5;11;6;22;-5.689077213684548;0;6;21;8.695938811567986;3;18
TRACK:66;53;-1;4;1;3;1;2;6;2;6;5;4;21;6.718937198521726;3;5;1;10;8;4;3;12;3;1;0;0;1;1;12;12;2;25;24;5;6;21;4.2856212831599825;3;6;6;15;5;5;6;2;13;16;4;3;4;1;1;2;3;4;25;0;2;23;-7.4734434591610315;21;0.3712568438306867;4;12;4;0;4;12;0;13;9;2;6;6;2;8;7;-6.528643856088252;3;2;3;20;-3.6511303834821227;1;8;18
TRACK:67;55;-1;2;1;2;4;1;0;6;2;1;6;8;1;23;1.842280185051622;16;5;5;7;-9.902575573964356;2;1;6;3;16;1;0;14;14;0;12;25;5;6;6;21;0.7112691105295905;2;3;4;2;0;10;9;2;11;23;3.4548905660748246;3;4;6;4;21;-9.946683888159844;0;0;0;0;3;1;2;25;13;2;23;3.2220540853482493;24;4;2;2;23;9.614586823861544;15;5;18;4;5;0;2;8;12;6;10;5;0;5;5;1;11;7;7.244947665729488;4;4;2;8;18;2;0;3;3;2;0;8;25;0;16;11;3;2;1;3;17;5;16;4;1;12;13;3;0;3;3;4;17;1;1;0;19;19;3;15;2;1;21;-8.64271977574777;17;6;9;2;6;6;2;1;6;0;3;19;4;19;0;0;4;16;5;8;4;3;9;1;5;3;1;7;-3.2935417508395;14;0;5;5;21;9.610030516595453;4;6;22;-5.338582411729422;0;6;1;5;5;0;4;17;4;19;2;4;5;6;8;0;1;2;11;22;-6.104816650162409;2;16;24;1;3;9;4;11;5;3;5;3;5;2;14;20;-8.719622728089591;1;3;4;3;5;5;2;6;2;23;2.386759924532469;10;2;1;8;20;5.360974999628834;3;7;-7.635342482627806;0;6;2;6;6;4;3;5;25;3;6;5;4;3;10;2;0;3;2;5;1;6;11;5;14;6;5;5;14;5;0;6;6;1;12;9;3;4;0;9;22;5.61363727597757;4;3;0;6;2;4;8;2;22;-5.600746835147144;22;-3.104256899459848;4;2;4;23;5.921586502601003;5;13
TRACK:68;57;-1;2;4;6;0;0;2;2;6;3;5;17;0;2;0;23;-8.644338118053573;25;4;18;6;5;8;3;3;1;0;21;-4.032817616594341;7;-9.256138306454185;1;10;21;-2.225309294673134;4;2;5;5;16;0;2;18;9;1;12;25;1;4;1;0;5;1;9;18;1;2;12;19;6;8;4;4;2;25;19;5;5;4;0;4;13;4;16;0;5;6;4;5;6;1;0;5;23;9.959322718863996;3;14;3;4;10;2;4;0;3;1;0;0;4;25;2;24;24;5;6;18;5;4;3;20;-7.815992106073982;2;4;3;1;2;16;13;2;21;-1.9813576711610583;15;4;4;6;1;13;21;3.680302819940643;0;1;1;5;4;6;4;10;4;3;2;5;15;1;25;25;1;1;0;0;4;18;0;8;14;4;3;16;4;5;3;19;1;5;6;5;24;6;2;0;7;-0.8588438797027131;15;3;23;7.607129556370894;0;0;3;2;3;6;12;6;3;14;1;1;6;5;15;0;4;13;0;24;23;5.175625569670027;3;4;3;24;5;0;4;1;4;23;7.583088788278044;4;17;2;1;6;21;3.376835089111229;4;15;0;1;20;-8.308958612501524;21;-8.13133449347525;5;18
TRACK:69;59;-1;0;4;5;2;0;5;1;1;4;4;17;4;0;10;8;2;3;0;25;14;5;5;7;-4.895327312176768;6;4;1;4;6;13;6;0;23;-3.7628968250577395;21;6.329413292197399;3;2;6;4;2;4;9;3;10;0;1;6;0;24;23;-8.95097245921962;4;0;24;19;0;2;1;13;9;4;9;6;2;14;18;4;0;5;5;1;6;6;2;17;17;3;6;6;10;1;1;6;2;5;5;0;18;22;6.682032639623491;6;1;4;7;7.380929431601499;5;13;6;1;1;6;3;19;25;4;6;3;11;4;0;3;6;5;3;8;0;3;6;4;10;3;5;4;14
EVAL_INSTANCE:3:0:60
EVAL_INSTANCE:3:1:61
EVAL_INSTANCE:3:2:62
EVAL_INSTANCE:3:3:63
EVAL_INSTANCE:3:4:64
EVAL_INSTANCE:3:5:65
EVAL_INSTANCE:3:6:66
EVAL_INSTANCE:3:7:67
EVAL_INSTANCE:3:8:68
EVAL_INSTANCE:3:9:69
RUN_RESULT:3:0:0:2000:----
RUN_RESULT:3:1:0:2000:----
RUN_RESULT:3:2:0:2000:----
RUN_RESULT:3:3:0:2000:----
RUN_RESULT:3:4:0:2000:----
RUN_RESULT:3:5:0:2000:----
RUN_RESULT:3:6:0:2000:----
RUN_RESULT:3:7:0:1080:ULLLURDRUDDLLDLUURRRRRRULLLRRDRUDDUULLLDLLDDLUDRDRDLDRRRRRR
RUN_RESULT:3:8:0:2000:----
RUN_RESULT:3:9:0:2000:----
     4 |       40 | -2.920000E+02 | -2.920000E+03
TRACK:70;8;67;0;4;5;2;0;5;1;1;4;4;17;4;0;10;8;2;3;0;25;14;5;5;7;-4.828525043125511;6;4;1;4;6;13;6;0;23;-3.713886189411495;21;6.2279698388282405;3;6;5;4;3;10;4;0;5;5;3;6;0;4;3;22;3.4159046257935533;3;3;15;1;1;6;2;5;5;0;18;22;6.76684805985289;6;1;4;7;7.416723571136409;5;13;6;1;1;6;3;19;1;2;22;-1.1994082806791333;16;2;23;4.51766295090909;23;3.3339639868502235;4;6;3;11;4;0;3;6;5;3;8;0;3;6;4;10;3;5;4;14
TRACK:71;8;67;2;1;2;4;1;0;6;2;1;6;8;1;23;1.842280185051622;16;5;5;7;-9.902575573964356;2;1;6;3;16;1;0;14;14;0;12;25;5;6;6;21;0.7112691105295905;2;3;4;2;0;10;9;2;11;23;3.4548905660748246;3;4;6;4;21;-9.946683888159844;0;0;0;0;3;1;2;25;13;2;23;3.2220540853482493;24;4;2;2;23;9.614586823861544;15;5;18;4;5;0;2;8;12;6;10;5;0;5;5;1;11;7;7.244947665729488;4;4;2;8;18;2;0;3;3;2;0;8;25;0;16;11;3;2;1;3;17;5;16;4;1;12;13;3;0;3;3;4;17;1;1;0;19;19;3;15;2;1;21;-8.64271977574777;17;6;9;2;6;6;2;1;6;0;3;19;4;19;0;0;4;16;5;8;4;3;9;1;5;3;1;7;-3.2935417508395;14;0;5;5;21;9.610030516595453;4;6;22;-5.338582411729422;0;6;1;5;5;0;4;17;4;19;2;4;5;6;8;0;1;2;11;22;-6.104816650162409;2;16;24;1;3;9;4;11;5;3;5;3;5;2;14;20;-8.719622728089591;1;3;4;3;5;5;2;6;2;23;2.386759924532469;10;2;1;8;20;5.360974999628834;3;7;-7.635342482627806;0;6;2;6;6;4;3;5;25;3;6;5;4;3;10;2;0;3;2;5;1;6;11;5;14;6;5;5;14;5;0;6;6;6;13;3;4;0;9;22;5.61363727597757;4;3;0;6;2;4;8;2;22;-5.600746835147144;22;-3.104256899459848;4;2;4;23;5.921586502601003;5;13
TRACK:72;6;5;5;5;6;3;5;3;3;2;2;8;6;22;-5.829923129369776;0;6;21;8.730918602513583;0;9;23;5.836419005017115
TRACK:73;6;5;2;1;2;4;1;0;6;2;1;6;8;1;23;1.9435505751889686;16;5;5;7;-9.970495877691814;2;1;6;3;16;1;0;14;14;0;12;25;5;6;6;25;2;3;4;2;0;10;9;2;11;23;3.6929058481254664;3;4;6;4;21;-9.868013446484571;0;0;0;0;3;1;2;25;13;2;23;3.188522840622923;24;4;2;2;23;9.526442355950877;15;5;18;4;5;0;2;8;12;6;10;5;0;5;5;1;11;7;7.333803900222733;4;4;2;8;18;2;0;3;3;2;0;8;25;0;16;11;3;2;1;3;17;5;16;4;1;12;13;3;0;3;3;4;17;1;1;0;19;19;3;15;2;1;21;-8.6020949155918;17;6;9;2;6;6;2;1;6;0;3;19;4;19;0;0;4;16;5;8;4;3;9;1;5;3;1;7;-3.1514155949858624;14;0;5;5;21;9.495230067178664;4;6;22;-5.258464433095174;0;6;1;5;5;0;4;17;4;19;2;4;5;6;8;0;1;2;11;22;-6.037875568448814;2;16;24;1;3;9;4;11;5;3;5;4;3;1;25;17;1;3;4;3;5;5;2;6;2;23;2.4675391161849625;10;2;1;8;20;5.274136172894398;3;7;-7.66799673225125;0;6;2;6;6;4;3;5;25;3;6;5;4;3;10;2;0;3;2;5;1;6;11;5;14;6;5;5;14;5;0;6;6;1;12;9;3;4;0;9;22;5.596626002595075;4;3;0;6;23;5.836419005017115;4;2;4;23;5.879029348790814;5;13
TRACK:74;1;5;0;4;3;4;5;2;0;0;6;4;12;3;2;24;8;5;3;4;19;5;2;4;2;8;12;6;2;15;24;5;1;5;5;0;4;17;4;19;2;4;5;6;8;0;1;2;11;22;-6.037875568448814;2;16;24;1;3;9;4;11
TRACK:75;1;5;2;1;2;4;1;0;6;2;1;6;8;1;23;1.9435505751889686;16;5;5;7;-9.970495877691814;2;1;6;3;16;1;0;14;14;0;12;25;5;6;6;25;2;3;4;2;0;10;9;2;11;23;3.6929058481254664;3;4;6;4;21;-9.868013446484571;0;0;0;0;3;1;2;25;13;2;23;3.188522840622923;24;4;2;2;23;9.526442355950877;15;5;18;4;5;0;2;8;12;6;10;5;0;5;5;1;11;7;7.333803900222733;4;4;2;8;18;2;0;3;3;2;0;8;25;0;16;11;3;2;1;3;17;5;16;4;1;12;13;3;0;3;3;4;17;1;1;0;19;19;3;15;2;1;21;-8.6020949155918;17;6;9;2;6;6;2;1;6;0;3;19;4;19;0;0;4;16;5;8;4;3;9;1;5;3;1;7;-3.1514155949858624;14;0;5;5;21;9.495230067178664;4;6;22;-5.258464433095174;0;6;1;5;5;0;4;17;4;19;2;4;5;6;8;0;1;2;11;22;-6.037875568448814;2;16;24;1;3;9;4;11;5;3;5;4;3;1;25;17;1;3;4;3;5;6;2;15;24;0;6;2;6;6;4;3;5;25;3;6;5;4;3;10;2;0;3;2;5;1;6;11;5;14;6;5;5;14;5;0;6;6;1;12;9;3;4;0;9;22;5.596626002595075;4;3;0;6;2;4;8;2;22;-5.507935477182007;22;-3.1496246991677745;4;2;4;23;5.879029348790814;5;13
TRACK:76;2;8;4;1;3;1;2;6;2;6;5;4;21;6.818934413405614;3;5;1;10;8;4;3;6;4;8;3;1;0;0;1;1;12;12;2;25;24;5;6;21;4.3351546493173245;3;6;6;15;5;5;6;2;13;16;4;3;4;1;1;2;3;4;25;0;2;23;-7.5216135560918085;21;0.37404154257095357;4;12;4;0;4;12;0;13;9;2;6;6;1;19;8;3;2;3;20;-3.523383983686948;1;8;18
TRACK:77;2;8;0;4;5;2;0;5;1;1;4;4;17;4;0;10;8;2;3;0;25;14;5;5;7;-4.828525043125511;6;4;1;4;6;13;6;0;23;-3.713886189411495;21;6.2279698388282405;3;2;6;4;2;4;9;3;10;0;1;6;0;24;23;-9.056650368018255;4;0;24;23;2.1869903083707136;0;2;1;13;9;4;9;6;2;14;18;4;0;5;5;3;6;0;4;3;22;3.4159046257935533;3;3;15;1;1;6;2;5;5;0;18;22;6.76684805985289;6;1;4;7;7.416723571136409;5;13;6;1;1;6;3;19;1;2;22;-1.1994082806791333;16;2;23;4.51766295090909;23;3.3339639868502235;4;6;3;11;4;0;3;6;5;3;8;0;3;6;4;10;3;5;4;14
TRACK:78;6;67;5;5;6;3;5;3;3;2;2;5;16;6;22;-5.829923129369776;0;6;21;8.730918602513583;0;9;23;5.836419005017115
TRACK:79;6;67;2;1;2;4;1;0;6;2;1;6;8;1;23;1.842280185051622;16;5;5;7;-9.902575573964356;2;1;6;3;16;1;0;14;14;0;12;25;5;6;6;21;0.7112691105295905;2;3;4;2;0;10;9;2;11;23;3.4548905660748246;3;4;6;4;21;-9.946683888159844;0;0;0;0;3;1;2;25;13;2;23;3.2220540853482493;24;4;2;2;23;9.614586823861544;15;5;18;4;5;0;2;8;12;6;10;5;0;5;5;1;11;7;7.244947665729488;4;4;2;8;18;2;0;3;3;2;0;8;25;0;16;11;3;2;1;3;17;5;16;4;1;12;13;3;0;3;3;4;17;1;1;0;19;19;3;15;2;1;21;-8.64271977574777;17;6;9;2;6;6;2;1;6;0;3;19;4;19;0;0;4;16;5;8;4;3;9;1;5;3;1;7;-3.2935417508395;14;0;5;5;21;9.610030516595453;4;6;22;-5.338582411729422;0;6;1;5;5;0;4;17;4;19;2;4;5;6;8;0;1;2;11;22;-6.104816650162409;2;16;24;1;3;9;4;11;5;3;5;3;5;2;14;20;-8.719622728089591;1;3;4;3;5;5;2;6;2;23;2.386759924532469;10;2;6;21;8.730918602513583;3;7;-7.635342482627806;0;6;2;6;6;4;3;5;25;3;6;5;4;3;10;2;0;3;2;5;1;6;11;5;14;6;5;5;14;5;0;6;6;1;12;9;3;4;0;9;22;5.61363727597757;4;3;0;6;2;4;8;2;22;-5.600746835147144;22;-3.104256899459848;4;2;4;23;5.921586502601003;5;13
TRACK:80;70;-1;0;4;5;2;0;5;1;1;4;4;17;4;0;10;8;2;3;0;25;14;5;5;7;-4.847431791893337;6;4;1;4;6;13;6;0;23;-3.6976937883482623;21;6.149773868453081;3;6;5;4;3;10;4;0;5;5;3;6;0;4;3;22;3.609872548922424;3;3;15;1;1;6;2;5;5;0;18;22;6.7399463185422555;6;1;4;7;7.441020321086905;5;13;6;1;0;10;10;4;6;3;11;4;0;3;6;5;3;8;0;3;6;4;10;3;5;4;14
TRACK:81;72;-1;5;5;6;3;5;3;3;2;2;8;6;22;-5.974205992495031;0;6;24;0;9;23;5.691474496123363
TRACK:82;74;-1;0;4;3;4;5;2;5;4;17;5;2;4;2;8;12;6;2;15;24;5;1;5;5;0;4;17;4;19;2;4;5;6;8;0;1;2;11;22;-6.112766044057081;2;16;24;1;3;9;4;11
TRACK:83;76;-1;4;1;3;1;2;6;2;6;5;4;21;6.909155711064654;3;5;1;10;8;4;3;6;4;8;3;1;0;0;1;1;12;12;2;25;24;5;6;21;4.309185246667375;3;6;6;15;5;5;6;2;13;16;4;3;4;1;1;2;3;4;25;0;2;23;-7.5987889448578265;21;0.35621235269705015;4;12;4;0;4;12;0;13;9;2;2;12;7;3.618580026366242;3;2;3;20;-3.5542675414564036;1;8;18
TRACK:84;78;-1;5;5;6;3;5;3;3;2;2;5;16;5;12;0;6;21;8.597622357024518;0;9;23;5.875695015240903
TRACK:85;71;-1;2;1;2;4;1;0;6;2;1;6;8;1;23;1.7123607282574451;16;5;5;7;-9.780543413836316;2;1;6;3;16;1;0;14;14;0;12;25;5;6;6;21;0.7691666646453992;2;3;4;2;0;10;9;2;11;23;3.5338857853138057;3;4;6;4;21;-10.0;0;0;0;0;3;1;2;25;13;2;23;3.2740317389507307;24;4;2;2;23;9.59154922022165;15;5;18;4;5;0;2;8;12;6;10;5;0;5;5;1;11;7;7.281197618075065;4;4;2;8;18;2;0;3;3;2;0;8;25;0;16;11;3;2;1;3;17;5;16;4;1;12;13;3;0;3;3;4;17;1;1;0;19;19;3;15;2;1;21;-8.62039517143492;17;6;9;2;6;6;2;1;6;0;3;19;4;19;0;0;4;16;5;8;4;3;9;1;5;3;1;7;-3.3764773544790994;14;0;5;5;21;9.622385385763058;4;6;22;-5.451667294476809;0;6;1;5;5;0;4;17;4;19;2;4;5;6;8;0;1;2;11;22;-6.174965456558752;2;16;24;1;3;9;4;11;5;3;5;3;5;0;20;6.137936342669285;23;-4.92564317509604;1;3;4;3;5;5;2;6;2;23;2.265126910555254;10;2;1;8;20;5.533497118541467;3;7;-7.686286449256533;0;6;2;6;6;4;3;5;25;3;6;5;4;3;10;2;0;3;2;5;1;6;11;5;14;6;5;5;14;5;0;6;6;6;13;3;4;0;9;22;5.569524342209796;4;3;0;6;2;4;8;2;22;-5.588750846471899;22;-3.230648043931707;4;2;4;23;6.015882305940632;5;13
TRACK:86;73;-1;2;1;2;4;1;0;6;2;1;6;8;1;23;2.20802837790651;16;5;5;7;-10.0;2;1;6;3;16;1;0;14;14;0;12;25;5;6;6;25;2;3;4;2;0;10;9;2;11;23;3.634193427281457;3;4;6;4;21;-9.937847039114216;0;0;0;0;3;1;2;25;13;2;23;3.3270330580952807;24;4;2;2;23;9.389807960333142;15;5;18;4;5;0;2;8;12;6;10;5;0;5;5;1;11;7;7.395937591304668;4;4;2;8;18;2;0;3;3;2;0;8;25;0;16;11;3;2;1;3;17;5;16;4;1;12;13;3;0;3;3;4;17;1;1;0;19;19;3;15;2;1;21;-8.697998662961531;17;6;9;2;6;6;2;1;6;0;3;19;4;19;5;4;14;1;5;3;1;7;-3.150896999471945;14;0;5;5;21;9.36080438658166;4;6;22;-5.086994185439728;0;6;1;5;5;0;4;17;4;19;2;4;5;6;8;0;1;2;11;22;-6.024792710145079;2;16;24;1;3;9;4;11;5;3;5;4;3;1;25;17;1;3;4;3;5;5;2;6;2;23;2.497164918797414;10;2;1;8;20;5.4334999817179055;3;7;-7.546261001263869;0;6;2;6;6;4;3;5;25;3;6;5;4;3;10;2;0;3;2;5;1;6;11;5;14;6;5;5;14;5;0;6;6;1;12;9;3;4;0;9;22;5.744118133222753;4;3;0;6;23;5.739915113154682;4;2;4;23;5.7275847230517325;5;13
TRACK:87;75;-1;2;1;2;4;1;0;6;2;5;2;24;18;5;5;7;-10.0;2;1;6;3;16;1;0;14;14;0;12;25;5;6;6;25;2;3;4;2;0;10;9;2;11;23;3.7418462756579802;3;4;6;4;21;-9.8027761449621;0;0;0;0;3;1;2;25;13;2;23;3.0995550522483084;24;4;2;2;23;9.60938196591805;15;5;18;4;5;0;2;8;12;6;10;5;0;5;5;1;11;7;7.1384632124317;4;4;2;8;18;2;0;3;3;2;0;8;25;0;16;11;3;2;1;3;17;5;16;4;1;12;13;3;0;3;3;4;17;1;1;0;19;19;3;15;2;1;21;-8.499647054242859;17;6;9;2;6;6;2;1;6;0;3;19;4;19;0;0;4;16;5;8;4;3;9;1;5;3;1;7;-3.126487275422472;14;0;5;5;21;9.45422494116658;4;6;22;-4.989336804609631;0;6;1;5;5;0;4;17;4;19;2;4;5;6;8;0;1;2;11;22;-6.078142004568987;2;16;24;1;3;9;4;11;5;3;5;4;3;1;25;17;1;3;4;3;5;6;2;15;24;0;6;2;6;6;4;3;5;25;3;6;5;4;3;10;2;0;3;2;5;1;6;11;5;14;6;5;5;14;5;0;6;6;1;12;9;3;4;0;9;22;5.504444802332887;4;3;0;6;2;4;8;2;22;-5.542225160262483;22;-3.248894974252065;4;2;4;23;5.963044555862263;5;13
TRACK:88;77;-1;0;4;5;2;0;5;1;1;4;4;17;4;0;10;8;2;3;0;25;14;5;5;7;-4.95416693718281;6;4;1;4;6;13;6;0;23;-3.610838049707357;21;6.213757887250644;3;2;6;4;2;4;9;3;10;0;1;6;0;24;23;-9.071945648897529;4;0;24;23;2.0809116091033864;0;2;1;13;9;4;9;6;2;14;18;0;2;0;2;2;25;20;8.295257481464187;1;21;-7.146464788072131;11;6;4;8;6;2;6;21;3.3171420182690134;4;9;0;4;0;4;22;6.513126097368879;0;20;-4.212361820394062;11;6;5;6;22;-6.322540475282952
TRACK:89;79;-1;2;1;2;4;1;0;6;2;1;6;8;1;23;1.9909459869992114;16;5;5;7;-9.852093076479434;2;1;6;3;16;1;0;14;14;0;12;25;5;6;6;21;0.6403590901575742;2;3;4;2;0;10;9;2;11;23;3.5330363900945683;3;4;6;4;21;-9.851967889381374;0;0;0;0;3;1;2;25;13;2;23;3.245302891979831;24;4;2;2;23;9.672190664613415;15;5;18;4;5;0;2;8;12;6;10;5;0;5;5;1;11;7;7.310382499937392;4;4;2;8;18;2;0;3;3;2;0;8;25;0;16;11;3;2;1;3;17;5;16;4;1;12;13;3;0;3;3;4;17;1;1;0;19;19;3;15;2;1;21;-8.567406620403935;17;6;9;1;2;6;3;6;4;4;2;12;11;6;6;2;0;1;0;11;16;5;11;4;2;12;10;5;6;0;22;-5.012410259084428;16;4;0;0;4;5;3;2;25;12;5;5;2;2;24;13;3;9;0;5;2;0;4;17;5;7;-9.292072120867783;5;1;23;-5.56520004385291;22;-5.243169596369621;4;2;2;4;22;8.135137496739205;1;14;19;2;5;10;1;21;-8.318639622675665;13;1;3;4;3;5;5;2;6;2;23;2.475528700527131;10;2;6;21;8.69171521658064;3;7;-7.552372995419428;0;6;2;6;6;4;3;5;25;3;6;5;4;3;10;2;0;3;2;5;1;6;11;5;14;6;5;5;14;5;0;6;6;1;12;9;3;4;0;9;22;5.679634180931826;4;3;0;6;2;4;8;2;22;-5.655577750761061;22;-3.142475430188627;4;2;4;23;5.8102059910175425;5;13
EVAL_INSTANCE:4:0:80
EVAL_INSTANCE:4:1:81
EVAL_INSTANCE:4:2:82
EVAL_INSTANCE:4:3:83
EVAL_INSTANCE:4:4:84
EVAL_INSTANCE:4:5:85
EVAL_INSTANCE:4:6:86
EVAL_INSTANCE:4:7:87
EVAL_INSTANCE:4:8:88
EVAL_INSTANCE:4:9:89
RUN_RESULT:4:0:0:2000:----
RUN_RESULT:4:1:0:2000:----
RUN_RESULT:4:2:0:2000:----
RUN_RESULT:4:3:0:2000:----
RUN_RESULT:4:4:0:2000:----
RUN_RESULT:4:5:0:2000:----
RUN_RESULT:4:6:0:2000:----
RUN_RESULT:4:7:0:2000:----
RUN_RESULT:4:8:0:2000:----
RUN_RESULT:4:9:0:2000:----
     5 |       50 | -2.920000E+02 | -2.920000E+03
TRACK:90;67;1;2;1;2;4;1;0;6;2;1;6;8;1;23;1.842280185051622;16;5;5;7;-9.902575573964356;2;1;6;3;16;1;0;14;14;0;12;25;5;6;6;21;0.7112691105295905;2;3;4;2;0;10;9;2;11;23;3.4548905660748246;3;4;6;4;21;-9.946683888159844;0;0;0;0;3;1;2;25;13;2;23;3.2220540853482493;24;4;2;2;23;9.614586823861544;15;5;18;4;5;0;2;8;12;6;10;5;0;5;5;1;11;7;7.244947665729488;4;4;2;8;18;2;0;3;3;2;0;8;25;0;16;11;3;2;1;3;17;5;16;4;1;12;13;3;0;3;3;4;17;1;1;0;19;19;3;15;2;1;21;-8.64271977574777;17;6;9;2;6;6;2;1;6;0;3;19;4;19;0;0;4;16;5;8;4;3;9;1;5;3;1;7;-3.2935417508395;14;0;5;5;21;9.610030516595453;4;6;22;-5.338582411729422;0;6;1;5;5;0;4;17;4;19;2;4;5;6;8;0;1;2;11;22;-6.104816650162409;2;16;24;1;3;9;4;11;5;3;5;3;5;2;14;20;-8.719622728089591;1;3;4;3;5;5;2;6;2;23;2.386759924532469;10;2;1;8;20;5.360974999628834;3;7;-7.635342482627806;0;6;2;6;6;4;3;5;25;3;6;5;4;3;10;2;0;3;2;5;1;6;11;5;14;6;5;5;14;5;0;6;6;1;12;9;3;4;0;9;22;5.61363727597757;4;3;0;6;2;4;8;24;4;2;4;23;5.921586502601003;5;13
TRACK:91;67;1;0;4;3;4;5;2;0;0;6;4;12;3;2;8;8;5;3;4;19;5;2;4;2;8;12;6;2;15;24;5;4;6;4;6;0;6;5;3;23;9.472284916086107;5;2;6;20;4.669756911777332;0;9;14
TRACK:92;0;5;4;0;6;2;4;8;2;22;-5.507935477182007;22;-3.1496246991677745;4;2;4;23;5.879029348790814;5;13
TRACK:93;0;5;2;1;2;4;1;0;6;2;1;6;8;1;23;1.9435505751889686;16;5;5;7;-9.970495877691814;2;1;6;3;16;1;25;0;12;25;5;6;6;25;2;3;4;2;0;10;9;2;11;23;3.6929058481254664;3;4;6;4;21;-9.868013446484571;0;0;0;0;3;1;2;25;13;2;23;3.188522840622923;24;4;2;2;23;9.526442355950877;15;5;18;4;5;0;2;8;12;6;10;5;0;5;5;1;11;7;7.333803900222733;4;4;2;8;18;2;0;3;3;2;0;8;25;0;16;11;3;2;1;3;17;5;16;4;1;12;13;3;0;3;3;4;17;1;1;0;19;19;3;15;2;1;21;-8.6020949155918;17;6;9;2;6;6;2;1;6;0;3;19;4;19;0;0;4;16;5;8;4;3;9;1;5;3;1;7;-3.1514155949858624;14;0;5;5;21;9.495230067178664;4;6;22;-5.258464433095174;0;6;1;5;5;0;4;17;4;19;2;4;5;6;8;0;1;2;11;22;-6.037875568448814;2;16;24;1;3;9;4;11;5;3;5;4;3;1;25;17;1;3;4;3;5;5;2;6;2;23;2.4675391161849625;10;2;1;8;20;5.274136172894398;3;7;-7.66799673225125;0;6;2;6;6;4;3;5;25;3;6;5;4;3;10;2;0;3;2;5;1;6;11;5;14;6;5;5;14;5;0;6;6;1;12;9;3;4;0;9;22;5.596626002595075;4;3;0;6;2;4;8;2;22;-5.507935477182007;22;-3.1496246991677745;4;2;4;23;5.879029348790814;5;13
TRACK:94;3;0;2;0;3;5;3;5;4;2;1;3;10;0;10;21;4.950310066841324;4;0;7;7.236194297597397;22;-3.559440102977005;1;3;3;0;1;0;5;0;16;11;2;3;7;3.4929483691740586;2;21;-6.040731570947278;21;-9.547482794325441;5;6;0;19;19;4;3;6;6;15;0;3;2;3;0;0;0;10;14;3;24;6;2;23;-8.88363786393655;25;1;0;6;3;22;8.78054657296805;0;2;12;14;3;9;6;1;1;16;11;2;23;5.712115931887599;8;0;2;4;4;1;2;12;19;1;21;-6.889224475247266;24;1;3;5;2;14;20;-8.877805939863176;4;6;3;17;4;4;3;4;5;9;6;3;6;3;5;5;3;3;6;22;9.409739666290925
TRACK:95;3;0;4;4;1;4;5;2;4;3;4;5;9;3;4;5;4;12;4;3;1;4;4;1;3;23;9.902861388265876;0;10;21;4.950310066841324;4;0;0;0;23;-3.151887525592068;19;1;10;19;0;3;21;9.534468036470376;0;7;-0.844471306045671;15
TRACK:96;5;67;2;1;2;4;1;0;6;2;1;6;8;1;23;1.9435505751889686;16;5;5;7;-9.970495877691814;2;1;6;3;16;1;0;14;14;0;12;25;5;6;6;25;2;3;4;2;0;10;9;2;11;23;3.6929058481254664;3;4;6;4;21;-9.868013446484571;0;0;0;0;3;1;2;25;13;2;23;3.188522840622923;24;4;2;2;23;9.526442355950877;15;5;18;4;5;0;2;8;12;6;10;5;0;5;5;1;11;7;7.333803900222733;4;4;2;8;18;2;0;3;3;2;0;8;25;0;16;11;3;2;1;3;17;5;16;4;1;12;13;3;0;3;3;4;17;1;1;0;19;19;3;15;2;1;21;-8.6020949155918;17;6;9;2;6;6;2;1;6;0;3;19;4;19;0;0;4;16;5;8;4;3;9;1;5;3;1;7;-3.1514155949858624;14;0;5;5;21;9.495230067178664;4;6;22;-5.258464433095174;0;6;1;5;5;0;4;17;6;11;2;4;5;6;8;0;1;2;11;22;-6.037875568448814;2;16;24;1;3;9;4;11;5;3;5;4;3;1;25;17;1;3;4;3;5;5;2;6;2;23;2.4675391161849625;10;2;1;8;20;5.274136172894398;3;7;-7.66799673225125;0;6;2;6;6;4;3;5;25;3;6;5;4;3;10;2;0;3;2;5;1;6;11;5;14;6;5;5;14;5;0;6;6;1;12;9;3;4;0;9;22;5.596626002595075;4;3;0;6;2;4;8;2;22;-5.507935477182007;22;-3.1496246991677745;4;2;4;23;5.879029348790814;5;13
TRACK:97;5;67;2;1;2;4;1;0;6;2;1;6;8;1;23;1.842280185051622;16;5;5;7;-9.902575573964356;2;1;6;3;16;1;0;14;14;0;12;25;5;6;6;21;0.7112691105295905;2;3;4;2;0;10;9;2;11;23;3.4548905660748246;3;4;6;4;21;-9.946683888159844;0;0;0;0;3;1;2;25;13;2;23;3.2220540853482493;24;4;2;2;23;9.614586823861544;15;5;18;4;5;0;2;8;12;6;10;5;0;5;5;1;11;7;7.244947665729488;4;4;2;8;18;2;0;3;3;2;0;8;25;0;16;11;3;2;1;3;17;5;16;4;1;12;13;3;0;3;3;4;17;1;1;0;19;19;3;15;2;1;21;-8.64271977574777;17;6;9;2;6;6;2;1;6;0;3;19;4;19;0;0;4;16;5;8;4;3;9;1;5;3;1;7;-3.2935417508395;14;0;5;5;21;9.610030516595453;4;6;22;-5.338582411729422;0;6;1;5;5;0;4;17;4;19;2;4;5;6;8;0;1;2;11;22;-6.104816650162409;2;16;24;1;3;9;4;11;5;3;5;3;5;2;14;20;-8.719622728089591;1;3;4;3;5;5;2;6;2;23;2.386759924532469;10;2;1;8;20;5.360974999628834;3;7;-7.635342482627806;0;6;2;6;6;4;3;5;25;3;6;5;4;3;10;2;0;3;2;5;1;6;11;5;14;6;10;5;0;6;6;1;12;9;3;4;0;9;22;5.61363727597757;4;3;0;6;2;4;8;2;22;-5.600746835147144;22;-3.104256899459848;4;2;4;23;5.921586502601003;5;13
TRACK:98;1;4;0;4;3;4;5;2;0;0;6;4;12;1;21;-9.144232763342824;21;9.220913628839803;5;3;4;19;5;2;4;2;8;12;6;2;15;24;5;4;6;4;6;0;6;5;3;23;9.472284916086107;5;2;6;20;4.669756911777332;0;9;14
TRACK:99;1;4;1;3;1;0;4;6;3;0;3;1;12;14;2;4;8;5;9;1;4;6;3;5;0;10;8;4;1;5;6;1;21;-9.144232763342824;21;9.220913628839803;0;6;1;11;9;4;4;21;6.506485473553585;4;6;4;1;1;4;2;7;4.39960663261064;8;6;2;12;14;2;0;1;23;-5.597780175006511;13;5;13;2;4;23;-7.798229947511346;1;24;25;1;3;6;5;24;3;6;2;4;4;1;3;5;13;3;1;25;10;4;3;5;3;6;25
TRACK:100;90;-1;2;1;2;4;1;0;6;2;1;6;8;1;23;1.894381511422525;16;5;5;7;-9.958619188280224;2;1;6;3;16;1;0;14;14;0;12;25;5;6;6;21;0.7503116085401859;2;3;4;2;0;10;9;2;11;23;3.291356222681064;3;4;6;4;21;-9.988881467632782;0;0;0;0;3;1;2;25;13;2;23;3.208434675601598;24;4;2;2;23;9.685553281447806;15;5;18;4;5;0;2;8;12;6;10;5;0;5;5;3;22;8.921676567586019;4;4;2;8;18;2;0;3;3;2;0;8;25;0;16;11;3;2;1;3;17;5;16;4;1;12;13;3;0;3;3;4;17;1;1;0;19;19;3;15;2;1;21;-8.710837599360827;17;6;9;2;6;6;2;1;6;0;3;19;4;19;0;0;4;16;5;8;4;3;9;1;5;3;1;7;-3.288408590006742;14;0;5;5;21;9.633321521240514;4;6;22;-5.1667037349175216;0;6;1;5;5;0;4;17;4;19;2;4;5;6;8;0;1;2;11;22;-6.223139441827183;2;16;24;1;3;9;4;11;5;3;5;3;5;2;14;20;-8.64317963872181;1;3;4;3;5;5;2;6;2;23;2.3717553568532086;10;2;1;8;20;5.5808320882206495;3;7;-7.587801163050305;0;6;2;6;6;4;3;5;25;3;6;5;4;3;10;2;0;3;2;5;1;6;11;5;14;6;5;5;14;5;0;6;6;1;12;9;3;4;0;9;22;5.63593902023262;4;3;0;6;2;4;8;24;4;2;4;23;5.8721405800141255;5;13
TRACK:101;92;-1;4;0;6;2;4;8;3;6;1;0;5;20;2.411530755049519;6;10;3;5;11;4;2;4;23;5.809970458873775;5;13
TRACK:102;94;-1;2;0;3;5;3;5;4;2;1;3;10;0;10;21;4.870737154475951;4;0;7;7.151874914410185;22;-3.590308480804176;1;3;3;0;1;0;5;0;16;11;2;3;7;3.5486093721066876;2;21;-6.0491294416369925;21;-9.53840115860365;5;6;0;19;19;4;3;6;6;15;0;3;2;3;0;0;0;10;14;3;21;1.2255180942692405;6;2;23;-8.857332579770782;25;1;0;6;3;22;8.897225253104603;0;2;12;14;3;9;6;1;1;16;11;2;23;5.731876157636379;8;0;2;4;4;1;2;12;19;1;21;-6.904367172348895;24;1;3;5;2;14;20;-8.903922627514865;4;6;3;17;4;4;3;4;5;9;6;3;6;3;5;5;3;3;6;22;9.436499185032522
TRACK:103;96;-1;2;1;2;4;1;0;6;2;1;6;8;1;23;2.0250762771988007;16;5;5;7;-9.983975644164245;2;1;6;3;16;1;0;14;14;0;12;25;5;6;6;25;2;3;4;2;0;10;9;2;11;23;3.7194772642214406;3;4;6;4;21;-9.809821073077279;0;0;0;0;3;1;2;25;13;2;23;3.3329913321584668;24;4;2;2;23;9.353359134297788;15;5;18;4;5;0;2;8;12;6;10;5;0;5;5;1;11;7;7.232226860580278;4;4;2;8;18;2;0;3;3;2;0;8;25;0;16;11;3;2;1;3;17;5;16;4;1;12;13;3;0;3;3;4;17;1;1;0;19;19;3;15;2;1;21;-8.601906406428295;17;6;9;2;6;6;2;1;6;0;3;19;4;19;0;0;4;16;5;8;4;3;9;1;5;3;1;7;-3.0624003280995455;14;0;5;5;21;9.416436813814618;4;6;22;-5.216762616921978;0;6;1;5;5;0;4;17;6;11;2;4;5;6;8;0;1;2;11;22;-6.219150505388992;2;16;24;1;3;9;4;11;5;3;5;4;3;1;25;17;1;3;4;3;5;5;2;6;2;23;2.4692870425208095;13;2;1;8;20;5.249647863735639;3;7;-7.639788941464548;0;6;2;6;6;4;3;5;25;3;6;5;4;3;10;2;0;3;2;5;1;6;11;5;14;6;5;5;14;5;0;6;6;1;12;9;3;4;0;9;22;5.544635120721761;4;3;0;6;2;4;8;2;22;-5.48082252041501;22;-3.2007390153518807;4;2;4;23;5.920808517359324;5;13
TRACK:104;98;-1;0;4;3;4;5;2;0;0;6;4;12;1;21;-9.07733783096434;21;9.291591585489737;5;3;4;19;5;2;4;2;8;12;6;6;12;5;4;6;4;6;0;6;5;3;23;9.477497041688927;5;2;6;20;4.972153955993021;0;9;14
TRACK:105;91;-1;0;4;3;0;5;3;1;3;23;-6.010835902102285;2;7;-1.3906439535489028;18;0;3;3;1;17;20;-1.0181041402281146;3;4;4;13;5;4;6;4;6;0;6;5;3;23;9.605667917621574;5;2;6;20;4.7437761725408745;0;9;14
TRACK:106;93;-1;2;1;2;4;1;0;6;2;1;6;8;1;23;1.912588304769314;16;5;5;7;-9.909441094019519;2;1;6;3;16;1;25;0;12;25;5;6;6;25;2;3;4;2;0;10;9;2;11;23;3.7191193661165585;3;4;6;4;21;-9.986272435932477;0;0;0;0;3;1;2;25;13;2;23;3.323021710209204;24;4;2;2;23;9.547044467037532;15;5;18;4;5;0;2;8;12;6;10;5;0;5;5;1;11;7;7.365401549605504;4;4;2;25;18;2;0;3;3;2;0;8;25;0;16;11;3;2;1;3;17;5;16;4;1;12;13;3;0;3;3;4;17;1;1;0;19;19;3;15;2;1;21;-8.522207239501006;17;6;9;2;6;6;2;1;6;0;3;19;4;19;0;0;4;16;5;8;4;3;9;1;5;3;1;7;-3.2351549287535173;14;0;5;5;21;9.650102889764536;4;6;22;-5.326696077486526;0;6;1;5;5;0;4;17;4;19;2;4;5;6;8;0;1;2;11;22;-6.092365349249331;2;16;24;1;3;9;4;11;5;3;5;4;3;1;25;17;1;3;4;3;5;5;2;6;2;23;2.2491748091341437;10;2;1;8;20;5.229973280491173;3;7;-7.731003787888229;0;6;2;6;6;4;3;5;25;3;6;5;4;3;10;2;0;3;2;5;1;6;11;5;14;6;5;5;14;5;0;6;6;1;12;9;3;4;0;9;22;5.734081916430182;4;3;0;6;2;4;8;2;22;-5.618495955817623;22;-3.3204092095049718;4;2;4;23;5.849844697891122;5;13
TRACK:107;95;-1;4;4;1;4;5;2;4;3;4;5;9;3;4;5;4;12;4;3;1;4;4;1;3;23;9.965936346074125;0;10;21;5.011874572768961;4;0;0;0;23;-3.1609590644802794;19;1;7;0.11039514362328973;19;0;3;21;9.650979328707079;0;7;-0.6592497358140234;15
TRACK:108;97;-1;2;1;2;4;1;0;6;2;1;6;8;1;23;1.8920579376147995;16;5;5;7;-9.990312267791056;2;1;6;3;16;1;0;14;14;0;12;25;5;6;6;21;0.7614848001851249;2;3;4;2;0;10;9;2;11;23;3.5065979755621015;3;4;6;4;21;-9.998899598594628;0;0;0;0;3;1;2;25;13;2;23;3.1695873606702483;24;4;2;2;23;9.562039808942153;15;5;18;4;5;0;2;8;12;6;10;5;0;5;5;1;11;7;7.233359145647209;4;4;2;8;18;2;0;3;3;2;0;8;25;0;16;11;3;2;1;3;17;5;16;4;1;12;13;3;0;3;3;4;17;1;1;0;19;19;3;15;2;1;21;-8.788693461672649;17;6;9;2;6;6;2;1;6;0;3;19;4;19;0;0;4;16;5;8;4;3;9;1;5;3;0;10;13;0;5;5;21;9.523802286815405;4;6;22;-5.258329737720841;0;6;1;5;5;0;4;17;4;19;2;4;5;6;8;0;1;2;11;22;-6.144687345689287;2;16;24;1;3;9;4;11;5;3;5;3;5;2;14;20;-8.583338921713308;1;3;4;3;5;5;2;6;2;23;2.5349441547381932;10;2;1;8;20;5.420514358317207;3;7;-7.566516537354542;0;6;2;6;6;4;3;5;25;3;6;5;4;3;10;2;0;3;2;5;1;6;11;5;14;6;10;5;0;6;6;1;12;9;3;4;0;9;22;5.606387954734212;4;3;0;6;2;4;8;2;22;-5.586552062783149;22;-3.036073522218172;4;2;4;23;5.986308674171279;5;13
TRACK:109;99;-1;1;3;1;0;4;6;3;0;3;1;12;14;2;4;8;5;9;1;4;6;3;5;0;10;8;4;1;5;6;1;21;-9.371525956847009;21;9.25552174395206;2;13;17;4;6;4;1;1;4;2;7;4.463015010398714;8;6;2;12;14;2;0;1;23;-5.700318412757799;13;5;13;2;4;23;-7.671074378275836;1;24;25;1;3;6;5;24;3;6;2;4;4;1;3;5;13;3;1;25;10;4;3;5;3;6;25
EVAL_INSTANCE:5:0:100
EVAL_INSTANCE:5:1:101
EVAL_INSTANCE:5:2:102
EVAL_INSTANCE:5:3:103
EVAL_INSTANCE:5:4:104
EVAL_INSTANCE:5:5:105
EVAL_INSTANCE:5:6:106
EVAL_INSTANCE:5:7:107
EVAL_INSTANCE:5:8:108
EVAL_INSTANCE:5:9:109
RUN_RESULT:5:0:0:811:DLLUDLLUURRLURDRURLDDRULLLDDLUDRDRDRDRULLLDRRRRRR
RUN_RESULT:5:1:0:2000:----
RUN_RESULT:5:2:0:2000:----
RUN_RESULT:5:3:0:2000:----
RUN_RESULT:5:4:0:2000:----
RUN_RESULT:5:5:0:2000:----
RUN_RESULT:5:6:0:2000:----
RUN_RESULT:5:7:0:2000:----
RUN_RESULT:5:8:0:2000:----
RUN_RESULT:5:9:0:2000:----
     6 |       60 | -6.109000E+02 | -3.189000E+03
TRACK:110;6;1;5;5;24
TRACK:111;6;1;0;4;3;4;5;2;0;0;6;4;12;3;2;24;8;5;3;4;19;5;2;4;2;8;12;6;2;15;24;5;4;6;4;0;9;23;5.836419005017115
TRACK:112;100;67;2;1;2;4;1;0;6;2;1;6;8;1;23;1.894381511422525;16;5;5;7;-9.958619188280224;2;1;6;3;16;1;0;14;14;0;12;25;5;6;6;21;0.7503116085401859;2;3;4;2;0;10;9;2;11;23;3.291356222681064;3;4;6;4;21;-9.988881467632782;0;0;0;0;3;1;2;25;13;2;23;3.208434675601598;24;4;2;2;23;9.685553281447806;15;5;18;4;5;0;2;8;12;6;10;5;0;5;5;3;22;8.921676567586019;4;4;2;8;18;2;0;3;3;2;0;8;25;0;16;11;3;2;1;3;17;5;16;4;1;12;13;3;0;3;3;4;17;1;1;0;19;19;3;15;2;1;21;-8.710837599360827;17;6;9;2;6;6;2;1;6;0;3;19;4;19;0;0;4;16;5;8;4;3;9;1;5;3;1;7;-3.288408590006742;14;0;5;5;21;9.633321521240514;4;6;22;-5.1667037349175216;0;6;1;5;5;0;4;17;4;19;2;4;5;6;8;0;1;2;11;22;-6.223139441827183;2;16;24;1;3;9;4;11;5;3;5;3;5;2;14;20;-8.64317963872181;1;3;4;3;5;5;2;6;2;23;2.3717553568532086;10;2;1;8;20;5.5808320882206495;3;7;-7.587801163050305;0;6;5;2;6;2;23;2.386759924532469;10;2;1;8;20;5.360974999628834;3;7;-7.635342482627806;2;0;3;2;5;1;6;11;5;14;6;5;5;14;5;0;6;6;1;12;9;3;4;0;9;22;5.63593902023262;4;3;0;6;2;4;8;24;4;2;4;23;5.8721405800141255;5;13
TRACK:113;100;67;2;1;2;4;1;0;6;2;1;6;8;1;23;1.842280185051622;16;5;5;7;-9.902575573964356;2;1;6;3;16;1;0;14;14;0;12;25;5;6;6;21;0.7112691105295905;2;3;4;2;0;10;9;2;11;23;3.4548905660748246;3;4;6;4;21;-9.946683888159844;0;0;0;0;3;1;2;25;13;2;23;3.2220540853482493;24;4;2;2;23;9.614586823861544;15;5;18;4;5;0;2;8;12;6;10;5;0;5;5;1;11;7;7.244947665729488;4;4;2;8;18;2;0;3;3;2;0;8;25;0;16;11;3;2;1;3;17;5;16;4;1;12;13;3;0;3;3;4;17;1;1;0;19;19;3;15;2;1;21;-8.64271977574777;17;6;9;2;6;6;2;1;6;0;3;19;4;19;0;0;4;16;5;8;1;6;8;1;23;1.894381511422525;16;1;5;3;1;7;-3.2935417508395;14;0;5;5;21;9.610030516595453;4;6;22;-5.338582411729422;0;6;1;5;5;0;4;17;4;19;2;4;5;6;8;0;1;2;11;22;-6.104816650162409;2;16;24;1;3;9;4;11;5;3;5;3;5;2;14;20;-8.719622728089591;1;3;4;3;5;5;2;6;2;23;2.386759924532469;10;2;1;8;20;5.360974999628834;3;7;-7.635342482627806;0;6;2;6;6;4;3;5;25;3;6;5;4;3;10;2;0;3;2;5;1;6;11;5;14;6;5;5;14;5;0;6;6;1;12;9;3;4;0;9;22;5.61363727597757;4;3;0;6;2;4;8;2;22;-5.600746835147144;22;-3.104256899459848;4;2;4;23;5.921586502601003;5;13
TRACK:114;7;100;2;4;6;0;0;2;2;0;0;4;16;5;8;4;3;9;0;2;0;23;-8.605434152394043;25;4;18;6;5;8;3;3;1;0;21;-3.9899083245807043;7;-9.279102787611741;1;10;21;-2.216448201627257;4;4;4;3;3;12;1;4;1;0;5;1;9;18;1;2;12;19;6;8;4;4;2;25;19;5;5;4;0;4;13;4;16;0;5;6;4;5;6;1;0;5;23;9.815088973756822;3;14;3;4;10;2;4;0;3;1;0;0;4;25;2;24;24;5;6;18;5;4;3;20;-7.901640642544496;2;4;3;1;2;16;13;2;21;-2.0786214077571614;15;4;4;6;1;13;21;3.6890414251887016;0;1;1;5;4;6;4;10;4;3;2;5;15;1;25;25;1;1;0;0;4;18;0;8;14;4;3;16;4;5;3;19;1;5;6;5;24;6;2;0;19;23;-7.211849803535893;3;23;7.6775755986173735;0;0;3;2;3;6;12;6;3;14;1;1;6;5;15;0;4;13;0;24;23;5.2290408923456475;3;4;3;24;5;0;4;1;4;23;7.625402505565869;4;17;2;1;6;21;3.2182747061561106;4;15;0;1;20;-8.198996768964637;21;-7.885558270084214;5;18
TRACK:115;7;100;2;1;2;4;1;0;6;2;1;6;8;1;23;1.894381511422525;16;5;5;7;-9.958619188280224;2;1;6;3;16;1;0;14;14;0;12;25;5;6;6;21;0.7503116085401859;2;3;4;2;0;10;9;2;11;23;3.291356222681064;3;4;6;4;21;-9.988881467632782;0;0;0;0;3;1;2;25;13;2;23;3.208434675601598;24;4;2;2;23;9.685553281447806;15;5;18;4;5;0;2;8;12;6;10;5;0;5;5;3;22;8.921676567586019;4;4;2;8;18;2;0;3;3;2;0;8;25;0;16;11;3;2;1;3;17;5;16;4;1;12;13;3;0;3;3;4;17;1;1;0;19;19;3;15;2;1;21;-8.710837599360827;17;6;9;2;6;6;2;1;6;0;3;19;4;19;0;0;4;16;5;8;4;3;9;1;5;3;1;7;-3.288408590006742;14;0;5;5;21;9.633321521240514;4;6;22;-5.1667037349175216;0;6;1;5;5;0;4;17;4;19;2;4;5;6;8;0;1;2;11;22;-6.223139441827183;2;16;24;1;3;9;4;11;5;3;5;3;5;2;14;20;-8.64317963872181;1;3;4;3;5;5;2;6;2;23;2.3717553568532086;10;2;1;8;20;5.5808320882206495;3;7;-7.587801163050305;0;6;2;6;6;4;3;5;25;3;6;5;4;3;10;2;0;3;2;5;1;6;11;5;14;6;5;5;14;5;0;6;6;1;12;9;3;4;0;9;22;5.63593902023262;4;3;0;6;2;4;8;24;4;2;4;23;5.8721405800141255;18
TRACK:116;67;7;2;1;2;4;1;0;6;2;1;6;8;1;23;1.842280185051622;16;5;5;7;-9.902575573964356;2;1;6;3;16;1;0;14;14;0;12;25;5;6;6;21;0.7112691105295905;2;3;4;2;0;10;9;2;11;23;3.4548905660748246;3;4;6;4;21;-9.946683888159844;0;0;0;0;3;1;2;25;13;2;23;3.2220540853482493;24;4;2;2;23;9.614586823861544;15;5;18;4;5;0;2;8;12;6;10;5;0;5;5;1;11;7;7.244947665729488;4;4;2;8;18;2;0;3;3;2;0;8;25;0;16;11;3;2;1;3;17;5;16;4;1;12;13;3;0;3;3;4;17;1;1;0;19;19;3;15;2;1;21;-8.64271977574777;17;6;9;2;6;6;2;1;6;0;3;19;4;19;0;0;4;16;5;8;4;3;9;1;5;3;1;7;-3.2935417508395;14;0;5;5;21;9.610030516595453;4;6;22;-5.338582411729422;0;6;1;5;5;0;4;17;4;19;2;4;5;6;8;0;1;2;11;22;-6.104816650162409;2;16;24;1;3;23;9.815088973756822;4;11;5;3;5;3;5;2;14;20;-8.719622728089591;1;3;4;3;5;5;2;6;2;23;2.386759924532469;10;2;1;8;20;5.360974999628834;3;7;-7.635342482627806;0;6;2;6;6;4;3;5;25;3;6;5;4;3;10;2;0;3;2;5;1;6;11;5;14;6;5;5;14;5;0;6;6;1;12;9;3;4;0;9;22;5.61363727597757;4;3;0;6;2;4;8;2;22;-5.600746835147144;22;-3.104256899459848;4;2;4;23;5.921586502601003;5;13
TRACK:117;67;7;2;4;6;0;0;2;2;6;3;5;17;0;2;0;23;-8.605434152394043;25;4;18;6;5;8;3;3;1;0;21;-3.9899083245807043;7;-9.279102787611741;1;10;21;-2.216448201627257;4;4;4;3;3;12;1;4;1;0;5;1;9;18;1;2;12;19;6;8;4;4;2;25;19;5;5;4;0;4;13;4;16;0;5;6;4;5;6;1;0;5;23;9.815088973756822;3;14;3;4;10;2;4;0;3;1;0;0;4;25;2;24;24;5;6;18;5;4;3;20;-7.901640642544496;2;4;3;1;2;16;13;2;21;-2.0786214077571614;15;4;4;6;1;13;21;3.6890414251887016;0;1;1;5;4;6;4;10;4;3;2;5;15;1;25;25;1;1;0;0;4;18;0;8;14;4;3;16;4;5;3;19;1;5;6;17;6;2;0;19;23;-7.211849803535893;3;23;7.6775755986173735;0;0;3;2;3;6;12;6;3;14;1;1;6;5;15;0;4;13;0;24;23;5.2290408923456475;3;4;3;24;5;0;4;1;4;23;7.625402505565869;4;17;2;1;6;21;3.2182747061561106;4;15;0;1;20;-8.198996768964637;21;-7.885558270084214;5;18
TRACK:118;3;4;2;0;3;5;3;5;4;2;1;3;10;0;10;21;4.950310066841324;4;0;7;7.236194297597397;22;-3.559440102977005;1;3;3;0;1;0;5;0;16;11;2;3;7;3.4929483691740586;2;21;-6.040731570947278;21;-9.547482794325441;5;6;0;19;19;4;3;6;6;15;0;3;2;3;0;0;0;10;14;3;24;6;2;23;-8.88363786393655;25;1;0;6;3;22;8.78054657296805;0;2;12;14;3;9;6;1;1;16;11;2;23;5.712115931887599;8;0;2;4;4;1;2;12;19;1;21;-6.889224475247266;24;1;3;5;2;14;12;4;6;3;17;4;5;4;5;2;9;14;6;3;6;3;5;5;3;3;6;22;9.409739666290925
TRACK:119;3;4;1;3;1;0;4;6;3;0;3;1;12;14;2;4;8;5;9;1;4;6;3;5;0;10;8;4;1;5;6;1;21;-9.144232763342824;21;9.220913628839803;0;6;1;11;9;4;4;21;6.506485473553585;4;6;4;1;1;4;2;7;4.39960663261064;8;6;2;12;14;2;0;1;23;-5.597780175006511;13;5;13;2;4;23;-7.798229947511346;1;24;25;1;3;6;5;9;3;6;2;4;4;1;3;5;13;3;1;25;10;4;3;5;3;6;25
TRACK:120;110;-1;5;1;2;3;4;4;3;10;5;2;5;2;12;9;6;6;23;5.129704108985887;4;3;2;2;2;14;24;2;23;-3.0009824910361926;19;1;5;7;8.702197719593936;5;7;-2.355160348919087
TRACK:121;112;-1;2;1;2;4;1;0;6;2;1;6;8;1;23;1.9259657678002748;16;5;5;7;-9.958046383762719;2;1;6;3;16;1;0;14;14;0;12;25;5;6;6;21;0.6910788360703021;2;3;4;2;0;10;9;2;11;23;3.077189071818708;3;4;6;4;21;-9.897383180034442;0;0;0;0;3;1;2;25;13;2;23;3.284707271324968;24;4;2;2;23;9.547272621967526;15;5;18;4;5;0;2;8;12;6;10;5;0;5;5;3;22;8.916990431628893;4;4;2;8;18;2;0;3;3;2;0;8;25;0;16;11;3;2;1;3;17;5;16;4;1;12;13;3;0;3;3;4;17;1;1;0;19;19;3;15;2;1;21;-8.782414199563856;17;6;9;2;6;6;2;1;6;0;3;19;4;19;0;0;4;16;5;8;4;3;9;1;5;3;1;7;-3.2546271282540973;14;0;5;5;21;9.486272059119056;4;6;22;-5.303657056116747;0;6;1;5;5;0;4;17;4;19;2;4;5;6;8;0;1;2;11;22;-6.180427776193257;2;16;24;1;3;9;4;11;5;3;5;3;5;2;14;20;-8.719660750114684;1;3;4;3;5;5;2;6;2;23;2.5109837787450955;10;2;1;8;20;5.655414557721205;3;7;-7.449027165054126;0;6;5;2;6;2;23;2.276584180947706;10;2;1;6;0;15;18;20;5.286119260030983;3;7;-7.584490910616166;2;0;3;2;5;1;6;11;5;14;6;5;5;14;5;0;6;6;1;12;9;3;4;0;9;22;5.679281528391448;4;3;0;6;2;4;8;24;4;2;4;23;5.765550519437018;5;13
TRACK:122;114;-1;2;4;6;0;0;2;2;0;0;4;16;5;8;4;3;9;0;2;0;23;-8.549086873468978;25;4;18;6;5;8;3;3;1;0;21;-4.022946734872397;7;-9.212051364042022;1;10;21;-2.2053776692701392;4;4;4;3;3;12;1;4;1;0;5;1;9;18;1;2;12;19;6;8;4;4;2;25;19;5;5;4;0;4;13;4;16;0;5;6;4;5;6;1;0;5;23;9.942440016593453;3;14;3;4;10;2;4;0;3;1;0;0;4;25;2;24;24;5;6;18;5;4;3;8;2;4;3;1;2;16;13;2;21;-2.2063360536248733;15;4;4;6;1;13;21;3.530766483353771;0;1;1;5;4;6;4;10;4;3;2;5;15;1;25;25;1;1;0;0;4;18;0;8;14;4;3;16;4;5;3;19;1;5;6;5;24;6;2;0;19;23;-7.270451422488059;3;23;7.673071661699481;0;0;3;2;3;6;12;6;3;14;1;1;6;5;15;0;4;13;0;24;23;5.373148047068018;3;4;3;24;5;0;4;1;4;23;7.7163594630200585;4;17;2;1;6;21;3.2825222737947977;4;15;0;1;20;-8.202600656142664;21;-7.985784989629694;5;18
TRACK:123;67;-1;2;1;2;4;1;0;6;2;1;6;8;1;23;1.650014297857874;16;5;5;7;-9.906580916250762;2;1;6;3;16;1;0;14;14;0;12;25;5;6;6;21;0.8026446978671135;2;3;4;2;0;10;9;2;11;23;3.4607499776341686;3;4;6;4;21;-10.0;0;0;0;0;3;1;2;25;13;2;23;3.1731187835993424;24;4;2;2;23;9.633484161186727;15;5;18;4;5;0;2;8;12;6;10;5;0;5;5;1;11;7;7.216310499091081;4;4;2;8;18;2;0;3;3;2;0;8;25;0;16;11;3;2;1;3;17;5;16;4;1;12;13;3;0;3;3;4;17;1;1;0;19;19;3;15;2;1;21;-8.702425956186856;17;6;9;2;6;6;2;1;6;0;3;19;4;19;0;0;4;16;5;8;4;1;14;14;1;5;3;1;7;-3.3234628223382403;14;0;5;5;21;9.398125826282678;4;6;22;-5.247733865028168;0;6;1;5;5;0;4;17;4;19;2;4;5;6;8;0;1;2;11;22;-6.207530515983886;2;16;24;1;3;9;4;11;5;3;5;3;5;2;14;20;-8.781174012833077;1;3;4;3;5;5;2;6;2;23;2.3458399005037216;10;2;1;8;20;5.415348995591054;3;7;-7.8019822837628;0;6;2;6;6;4;3;5;25;3;6;5;4;3;10;2;0;3;2;5;1;6;11;5;14;6;5;5;14;5;0;6;6;1;12;9;3;4;0;9;22;5.531808152745073;4;3;0;6;2;4;8;2;22;-5.7930070599192405;22;-3.1629013656329072;4;2;4;23;5.896257325962762;5;13
TRACK:124;118;-1;2;0;3;5;3;5;4;2;1;3;10;0;10;21;4.815155215684718;4;0;7;7.207040802893308;22;-3.650630239468527;1;3;3;0;1;0;5;0;16;11;2;3;7;3.5582712009555046;2;21;-5.992501490401992;21;-9.581450656337148;5;6;0;19;19;4;3;6;6;15;0;3;2;3;0;0;0;10;14;3;24;6;2;23;-8.878431302692976;25;1;0;6;3;22;8.662563716973773;0;2;12;14;3;9;6;1;1;16;11;2;23;5.788271204322873;8;0;2;4;4;1;2;12;19;1;21;-6.833923130508024;24;1;3;5;2;14;12;4;6;3;17;4;5;4;5;2;9;14;6;3;6;3;5;5;3;0;12;22;7.737021889873862
TRACK:125;111;-1;0;4;3;4;5;2;0;0;6;5;16;3;2;24;8;5;3;4;19;5;2;4;2;8;12;6;2;15;24;5;4;6;4;0;9;23;5.809166313078056
TRACK:126;113;-1;2;1;2;4;1;0;6;2;1;6;8;1;23;1.9966176145432524;16;5;5;7;-9.953562749342229;2;1;6;3;16;1;0;14;14;0;12;25;5;6;6;21;0.8017688806210062;2;3;4;2;0;10;9;2;11;23;3.332427535006668;3;4;6;4;21;-9.96131454563795;0;0;0;0;3;1;2;25;13;2;23;3.0734535520320647;24;4;2;2;23;9.67870940206045;15;5;18;4;5;0;2;8;12;6;10;5;0;5;5;1;11;7;7.196641921536468;4;4;2;8;18;2;0;3;3;2;0;8;25;0;16;11;3;2;1;3;17;5;16;4;1;12;13;3;0;3;3;4;17;1;1;0;19;19;3;15;2;1;21;-8.79058371922182;17;6;9;2;6;6;2;1;6;0;3;19;4;19;0;0;4;16;5;8;1;6;8;1;23;2.0631687733253457;16;1;5;3;1;7;-3.239444481203314;14;0;5;5;21;9.620778321417307;4;6;22;-5.356760617903316;0;6;1;5;5;0;4;17;4;19;2;4;5;6;8;0;1;2;11;22;-5.872788947278927;2;16;24;1;3;9;4;11;5;3;5;3;5;2;14;20;-8.668919323775134;1;3;4;3;5;5;2;6;2;23;2.417179943725504;10;2;1;8;20;5.4987583603186705;3;7;-7.6809343555816705;0;6;2;6;6;4;1;11;24;3;6;5;4;3;10;2;0;3;2;5;1;6;11;5;14;6;5;5;14;5;0;6;6;1;12;9;3;4;0;9;22;5.692924102022781;4;3;0;6;2;4;8;2;22;-5.675524757327857;22;-3.043965686573369;4;2;4;23;5.810286719429148;5;13
TRACK:127;115;-1;2;1;2;4;1;0;6;2;1;6;8;1;23;1.612578435235465;16;5;5;7;-9.930867532738377;2;1;6;3;16;1;0;14;14;0;12;25;5;6;6;21;0.5229070394685349;2;3;4;2;0;10;9;2;11;23;3.2477217921656756;3;4;6;4;21;-10.0;0;0;0;0;3;1;2;25;13;2;23;3.096830377669216;24;4;2;2;23;9.792595410227388;15;5;18;4;5;0;2;8;12;6;10;5;0;5;5;3;22;9.001039141811587;4;4;2;8;18;2;0;3;3;2;0;8;25;0;16;11;3;2;1;3;17;5;16;4;1;12;13;3;0;3;3;4;17;1;1;0;19;19;3;15;2;1;21;-8.760199290208313;17;6;9;2;6;6;2;1;6;0;3;19;4;19;0;0;4;16;5;8;4;3;9;1;5;3;1;7;-3.4111499696237173;14;0;5;5;21;9.768213482535234;4;6;22;-5.1691464615410885;0;6;1;5;5;0;4;17;4;19;2;4;5;6;8;0;1;2;11;22;-6.226788480233703;2;16;24;1;3;9;5;13;5;3;5;3;5;2;14;20;-8.794883377184988;1;3;4;3;5;5;2;6;2;23;2.445257291110844;10;2;1;8;20;5.551268059758483;3;7;-7.407483892099387;0;6;2;6;6;4;3;5;25;3;6;5;4;3;10;2;0;3;2;5;1;6;11;5;14;6;5;5;14;5;0;6;6;1;12;9;3;4;0;9;22;5.543615076814438;4;3;0;6;2;4;8;24;4;2;4;23;5.882280204119384;18
TRACK:128;7;-1;2;4;6;0;0;2;2;6;3;5;17;0;2;0;23;-8.698446195763937;25;4;18;6;5;8;3;3;1;0;21;-3.9349958515739814;7;-9.364452730401656;1;10;21;-2.0123102459938975;4;4;4;3;3;12;1;4;1;0;5;1;9;18;1;2;12;19;6;8;4;4;2;25;19;5;5;4;0;4;13;4;16;0;5;6;4;5;6;1;0;5;23;9.904411089160291;3;14;3;4;10;2;4;0;3;1;0;0;4;25;2;24;24;5;6;18;5;4;3;20;-7.992728730576327;2;4;3;1;2;16;13;2;21;-2.0104975909258767;15;4;4;6;1;13;21;3.715317317187573;0;1;1;5;4;6;4;10;4;3;2;5;15;1;25;25;1;1;0;0;4;18;0;8;14;4;3;16;4;5;3;19;1;5;6;5;24;6;2;0;19;23;-7.095259168732808;3;23;7.419245287354281;0;0;3;2;3;6;12;6;3;14;1;1;6;5;15;0;4;13;0;24;23;5.106563687150802;3;4;3;24;5;0;4;1;4;23;7.654350929122717;4;17;2;1;3;9;4;15;0;1;20;-8.134862620729207;21;-7.968916550889258;5;18
TRACK:129;119;-1;1;3;1;0;4;6;3;0;3;1;12;14;2;4;8;5;9;1;4;6;3;5;0;10;8;4;1;5;6;1;21;-8.986238501784802;21;9.37590132738241;0;6;1;11;9;4;4;21;6.578944487397676;4;6;4;1;1;4;2;7;4.4206919622574725;8;6;2;12;14;2;0;1;23;-5.635537777406966;13;5;13;2;4;23;-8.009715159766426;1;24;25;1;3;6;5;9;3;6;2;4;4;1;3;5;13;3;1;25;10;4;3;18
EVAL_INSTANCE:6:0:120
EVAL_INSTANCE:6:1:121
EVAL_INSTANCE:6:2:122
EVAL_INSTANCE:6:3:123
EVAL_INSTANCE:6:4:124
EVAL_INSTANCE:6:5:125
EVAL_INSTANCE:6:6:126
EVAL_INSTANCE:6:7:127
EVAL_INSTANCE:6:8:128
EVAL_INSTANCE:6:9:129
RUN_RESULT:6:0:0:2000:----
RUN_RESULT:6:1:0:811:DLLUDLLUURRLURDRURLDDRULLLDDLUDRDRDRDRULLLDRRRRRR
RUN_RESULT:6:2:0:2000:----
RUN_RESULT:6:3:0:1080:ULLLURDRUDDLLDLUURRRRRRULLLRRDRUDDUULLLDLLDDLUDRDRDLDRRRRRR
RUN_RESULT:6:4:0:2000:----
RUN_RESULT:6:5:0:2000:----
RUN_RESULT:6:6:0:2000:----
RUN_RESULT:6:7:0:2000:----
RUN_RESULT:6:8:0:2000:----
RUN_RESULT:6:9:0:2000:----
     7 |       70 | -1.221800E+03 | -3.189000E+03
TRACK:130;100;123;2;1;2;4;1;0;6;2;1;6;8;1;23;1.894381511422525;16;5;5;7;-9.958619188280224;2;1;6;3;16;1;0;14;14;0;12;25;5;6;6;21;0.7503116085401859;2;3;4;2;0;10;9;2;11;23;3.291356222681064;3;4;6;4;21;-9.988881467632782;0;0;0;0;3;1;2;25;13;2;23;3.208434675601598;24;4;2;2;23;9.685553281447806;15;5;18;4;5;0;2;8;12;6;10;5;0;5;5;3;22;8.921676567586019;4;4;2;8;18;2;0;3;3;2;0;8;25;0;16;11;3;2;1;3;17;5;16;4;1;12;13;3;0;3;3;4;17;1;1;8;3;15;2;1;21;-8.710837599360827;17;6;9;2;6;6;2;1;6;0;3;19;4;19;0;0;4;16;5;8;4;3;9;1;5;3;1;7;-3.288408590006742;14;0;5;5;21;9.633321521240514;4;6;22;-5.1667037349175216;0;6;1;5;5;0;4;17;4;19;2;4;5;6;8;0;1;2;11;22;-6.223139441827183;2;16;24;1;3;9;4;11;5;3;5;3;5;2;14;20;-8.64317963872181;1;3;4;3;5;5;2;6;2;23;2.3717553568532086;10;2;1;8;20;5.5808320882206495;3;7;-7.587801163050305;0;6;2;6;6;4;3;5;25;3;6;5;4;3;10;2;0;3;2;5;1;6;11;5;14;6;5;5;14;5;0;6;6;1;12;9;3;4;0;9;22;5.63593902023262;4;3;0;6;2;4;8;24;4;2;4;23;5.8721405800141255;5;13
TRACK:131;100;123;2;1;2;4;1;0;6;2;1;6;8;1;23;1.650014297857874;16;5;5;7;-9.906580916250762;2;1;6;3;16;1;0;14;14;0;12;25;5;6;6;21;0.8026446978671135;2;3;4;2;0;10;9;2;11;23;3.4607499776341686;3;4;6;4;21;-10.0;0;0;0;0;3;1;2;25;25;2;23;3.1731187835993424;24;4;2;2;23;9.633484161186727;15;5;18;4;5;0;2;8;12;6;10;5;0;5;5;1;11;7;7.216310499091081;4;4;2;8;18;2;0;3;3;2;0;8;25;0;16;11;3;2;1;3;17;5;16;4;1;12;13;3;0;3;3;4;17;1;1;0;19;19;3;15;2;1;21;-8.702425956186856;17;6;9;2;6;6;2;1;6;0;3;19;4;19;0;0;4;16;5;8;4;1;14;14;1;5;3;1;7;-3.3234628223382403;14;0;5;5;21;9.398125826282678;4;6;22;-5.247733865028168;0;6;1;5;5;0;4;17;4;19;2;4;5;6;8;0;1;2;11;22;-6.207530515983886;2;16;24;1;3;9;4;11;5;3;5;3;5;2;14;20;-8.781174012833077;1;3;4;3;5;5;2;6;2;23;2.3458399005037216;10;2;1;8;20;5.415348995591054;3;7;-7.8019822837628;0;6;2;6;6;4;3;5;25;3;6;5;4;3;10;2;0;3;2;5;1;6;11;5;14;6;5;5;14;5;0;6;6;1;12;9;3;4;0;9;22;5.531808152745073;4;3;0;6;2;4;8;2;22;-5.7930070599192405;22;-3.1629013656329072;4;2;4;23;5.896257325962762;5;13
TRACK:132;0;121;4;4;1;4;5;2;4;3;4;5;9;3;4;5;4;12;4;3;1;4;4;1;3;23;9.902861388265876;1;25;17;4;0;0;0;23;-3.151887525592068;19;1;19;19;0;3;21;9.534468036470376;0;7;-0.844471306045671;15
TRACK:133;0;121;2;1;2;4;1;0;6;2;1;6;8;1;23;1.9259657678002748;16;5;5;7;-9.958046383762719;2;1;6;3;16;1;0;14;14;0;12;25;5;6;6;21;0.6910788360703021;2;3;4;2;0;10;9;2;11;23;3.077189071818708;3;4;6;4;21;-9.897383180034442;0;0;0;0;3;1;2;25;13;2;23;3.284707271324968;24;4;2;2;23;9.547272621967526;15;5;18;4;5;0;2;8;12;6;10;5;0;5;5;3;22;8.916990431628893;4;4;2;8;18;2;0;3;3;2;0;8;25;0;16;11;3;2;1;3;17;5;16;4;1;12;13;3;0;3;3;4;17;1;1;0;19;19;3;15;2;1;21;-8.782414199563856;17;6;9;2;6;6;2;1;6;0;3;19;4;19;0;0;4;16;5;8;4;3;9;1;5;3;1;7;-3.2546271282540973;14;0;5;5;21;9.486272059119056;4;6;22;-5.303657056116747;0;6;1;5;5;0;4;17;4;19;2;4;5;6;8;0;1;2;11;22;-6.180427776193257;2;16;24;1;3;9;4;11;5;3;5;3;5;2;14;20;-8.719660750114684;1;3;4;3;5;5;2;6;2;23;2.5109837787450955;10;2;1;8;20;5.655414557721205;3;7;-7.449027165054126;0;6;5;2;6;2;23;2.276584180947706;10;2;1;6;0;15;18;20;5.286119260030983;3;7;-7.584490910616166;2;0;3;2;5;1;6;11;5;14;6;5;5;14;5;0;6;6;1;12;9;3;4;0;9;22;5.679281528391448;4;3;0;6;2;4;8;24;4;2;4;23;5.765550519437018;5;13
TRACK:134;67;2;2;1;2;4;1;0;6;2;1;6;8;1;23;1.842280185051622;16;5;5;7;-9.902575573964356;2;1;6;3;16;1;0;14;14;0;12;25;5;6;6;21;0.7112691105295905;2;3;4;2;0;10;9;2;11;23;3.4548905660748246;3;4;6;4;21;-9.946683888159844;0;0;0;0;3;1;2;25;13;2;23;3.2220540853482493;24;4;2;2;23;9.614586823861544;15;5;18;4;5;0;2;8;12;6;10;5;0;5;5;1;11;7;7.244947665729488;4;4;2;8;18;2;0;3;3;2;0;8;25;0;16;11;3;2;1;3;17;5;16;4;1;12;13;3;0;3;3;4;17;1;1;0;19;19;3;15;2;1;21;-8.64271977574777;17;6;9;2;6;6;2;1;6;0;3;19;4;19;0;0;4;16;5;8;4;3;9;1;5;3;1;7;-3.2935417508395;14;0;5;5;21;9.610030516595453;4;6;22;-5.338582411729422;0;6;1;5;5;0;4;17;4;19;2;4;5;6;8;0;1;2;11;22;-6.104816650162409;2;16;24;1;3;9;16;5;3;5;3;5;2;14;20;-8.719622728089591;1;3;4;3;5;5;2;6;2;23;2.386759924532469;10;2;1;8;20;5.360974999628834;3;7;-7.635342482627806;0;6;2;6;6;4;3;5;25;3;6;5;4;3;10;2;0;3;2;5;1;6;11;5;14;6;5;5;14;5;0;6;6;1;12;9;3;4;0;9;22;5.61363727597757;4;3;0;6;2;4;8;2;22;-5.600746835147144;22;-3.104256899459848;4;2;4;23;5.921586502601003;5;13
TRACK:135;67;2;4;1;3;1;5;2;14;20;-8.719622728089591;3;1;0;0;1;1;12;12;2;25;24;5;6;21;4.3351546493173245;3;6;6;15;5;5;6;2;13;16;4;3;4;1;1;2;3;4;25;0;2;23;-7.5216135560918085;21;0.37404154257095357;4;12;4;0;4;12;0;13;9;2;6;6;1;19;8;3;2;3;20;-3.523383983686948;1;8;18
TRACK:136;0;121;4;4;1;4;5;2;4;3;4;5;9;3;4;5;4;12;4;3;1;4;4;1;3;23;9.902861388265876;1;25;17;4;0;0;0;23;-3.151887525592068;19;1;10;19;0;3;21;9.534468036470376;2;23;3.284707271324968;24
TRACK:137;0;121;2;1;2;4;1;0;6;2;1;6;8;1;23;1.9259657678002748;16;5;5;7;-9.958046383762719;2;1;6;3;16;1;0;14;14;0;12;25;5;6;6;21;0.6910788360703021;2;3;4;2;0;10;9;2;11;23;3.077189071818708;3;4;6;4;21;-9.897383180034442;0;0;0;0;3;1;2;25;13;2;23;3.284707271324968;24;4;2;2;23;9.547272621967526;15;5;18;4;5;0;2;8;12;6;10;5;0;5;5;3;22;8.916990431628893;4;4;2;8;18;2;0;3;3;2;0;8;25;0;16;11;3;2;1;3;17;5;16;4;1;12;13;3;0;3;3;4;17;1;1;0;19;19;3;15;2;1;21;-8.782414199563856;17;6;9;2;6;6;2;1;6;0;3;19;4;19;0;0;4;16;5;8;4;3;9;1;5;3;1;7;-3.2546271282540973;14;0;5;5;21;9.486272059119056;4;6;22;-5.303657056116747;0;6;1;5;5;0;4;17;4;19;2;4;5;6;8;0;1;2;11;22;-6.180427776193257;2;16;24;1;3;9;4;11;5;3;5;3;5;2;14;20;-8.719660750114684;1;3;4;3;5;5;2;6;2;23;2.5109837787450955;10;2;1;8;20;5.655414557721205;3;7;-7.449027165054126;0;6;5;2;6;2;23;2.276584180947706;10;2;23;-3.151887525592068;3;7;-7.584490910616166;2;0;3;2;5;1;6;11;5;14;6;5;5;14;5;0;6;6;1;12;9;3;4;0;9;22;5.679281528391448;4;3;0;6;2;4;8;24;4;2;4;23;5.765550519437018;5;13
TRACK:138;100;123;2;1;2;4;1;0;6;2;1;6;8;1;23;1.894381511422525;16;5;5;7;-9.958619188280224;2;4;5;6;8;5;6;6;21;0.7503116085401859;2;3;4;2;0;10;9;2;11;23;3.291356222681064;3;4;6;4;21;-9.988881467632782;0;0;0;0;3;1;2;25;13;2;23;3.208434675601598;24;4;2;2;23;9.685553281447806;15;5;18;4;5;0;2;8;12;6;10;5;0;5;5;3;22;8.921676567586019;4;4;2;8;18;2;0;3;3;2;0;8;25;0;16;11;3;2;1;3;17;5;16;4;1;12;13;3;0;3;3;4;17;1;1;0;19;19;3;15;2;1;21;-8.710837599360827;17;6;9;2;6;6;2;1;6;0;3;19;4;19;0;0;4;16;5;8;4;3;9;1;5;3;1;7;-3.288408590006742;14;0;5;5;21;9.633321521240514;4;6;22;-5.1667037349175216;0;6;1;5;5;0;4;17;4;19;2;4;5;6;8;0;1;2;11;22;-6.223139441827183;2;16;24;1;3;9;4;11;5;3;5;3;5;2;14;20;-8.64317963872181;1;3;4;3;5;5;2;6;2;23;2.3717553568532086;10;2;1;8;20;5.5808320882206495;3;7;-7.587801163050305;0;6;2;6;6;4;3;5;25;3;6;5;4;3;10;2;0;3;2;5;1;6;11;5;14;6;5;5;14;5;0;6;6;1;12;9;3;4;0;9;22;5.63593902023262;4;3;0;6;2;4;8;24;4;2;4;23;5.8721405800141255;5;13
TRACK:139;100;123;2;1;2;4;1;0;6;2;1;6;8;1;23;1.650014297857874;16;5;5;7;-9.906580916250762;2;1;6;3;16;1;0;14;14;0;12;25;5;6;6;21;0.8026446978671135;2;3;4;2;0;10;9;2;11;23;3.4607499776341686;3;4;6;4;21;-10.0;0;0;0;0;3;1;2;25;13;2;23;3.1731187835993424;24;4;2;2;23;9.633484161186727;15;5;18;4;5;0;2;8;12;6;10;5;0;5;5;1;11;7;7.216310499091081;4;4;2;8;18;2;0;3;3;2;0;8;25;0;16;11;3;2;1;3;17;5;16;4;1;12;13;3;0;3;3;4;17;1;1;0;19;19;3;15;2;1;21;-8.702425956186856;17;6;9;2;6;6;2;1;6;0;3;19;4;19;0;0;4;16;5;8;4;1;14;14;1;5;3;1;7;-3.3234628223382403;14;0;5;5;21;9.398125826282678;4;6;22;-5.247733865028168;0;6;1;5;5;0;4;17;4;19;2;4;5;6;8;0;1;2;11;22;-6.207530515983886;2;16;24;1;3;9;4;11;5;3;5;3;5;2;14;20;-8.781174012833077;1;3;4;3;5;5;2;6;2;23;2.3458399005037216;10;2;1;24;20;5.415348995591054;3;7;-7.8019822837628;0;6;2;6;6;4;3;5;25;3;6;5;4;3;10;2;0;3;2;5;1;6;11;5;14;6;5;5;14;5;0;6;6;1;12;9;3;4;0;9;22;5.531808152745073;4;3;0;6;2;4;8;2;22;-5.7930070599192405;22;-3.1629013656329072;4;2;4;23;5.896257325962762;5;13
TRACK:140;130;-1;2;1;2;4;1;0;6;2;1;6;8;1;23;1.8460227511510063;16;5;5;7;-10.0;2;1;6;3;16;1;0;14;14;0;12;25;5;6;6;21;0.7093831134937598;2;3;4;2;0;10;9;2;11;23;3.085391908116088;3;4;6;4;21;-10.0;0;0;0;0;3;1;2;25;13;2;23;3.172224519441159;24;4;2;2;23;9.760403565013915;15;5;18;4;5;0;2;8;12;6;10;5;0;5;5;3;22;8.942874507321044;4;4;2;8;18;2;0;3;3;2;0;8;25;0;16;11;3;2;1;3;10;5;16;4;1;12;13;3;0;3;3;4;17;1;1;8;3;15;2;1;21;-8.83356645613671;17;6;9;2;6;6;2;1;6;0;3;19;4;19;0;0;4;16;5;8;4;3;9;1;5;3;1;7;-3.3302545876816696;14;0;5;5;21;9.565925895087727;4;6;22;-5.05567313044412;0;6;1;5;5;0;4;17;4;19;2;4;5;6;8;0;1;2;11;22;-6.401983532504714;2;16;24;1;3;9;4;11;5;3;5;3;5;2;14;20;-8.616323898591212;1;3;4;3;5;5;2;6;2;23;2.3959803144657323;10;2;1;8;20;5.705786641178726;3;7;-7.669018949736079;0;6;2;6;6;4;3;5;25;3;6;5;4;3;10;2;0;3;2;5;1;6;11;5;14;6;5;5;14;5;0;6;6;1;12;9;3;4;0;9;22;5.5913228252552685;4;3;0;6;2;4;8;24;4;2;4;23;5.846310630793269;5;13
TRACK:141;132;-1;3;3;6;6;0;0;2;5;1;21;0.46314653027146235;20;7.777877119339568;6;6;16;0;4;4;8;5;6;13;0;5;5;1;9;10;4;2;2;23;6.761288338310443;9;2;18;7;7.978850391575868
TRACK:142;134;-1;2;1;2;4;1;0;6;2;1;6;8;1;23;1.7780199820934592;16;5;5;7;-9.857725672816581;2;1;6;3;16;1;0;14;14;0;12;25;5;6;6;21;0.6487551382269883;2;3;4;2;0;10;9;2;11;23;3.517202078491212;3;4;6;4;21;-9.975778132615412;0;0;0;0;3;1;2;25;13;2;23;3.21339896096568;24;4;2;2;23;9.628383515491139;15;5;18;4;5;0;2;8;12;6;10;5;0;5;5;1;11;7;7.309255695030565;4;4;2;8;18;2;0;3;3;2;0;8;25;0;16;11;3;2;1;3;17;5;16;4;1;12;13;3;0;3;3;4;17;1;1;0;19;19;3;15;2;1;21;-8.590031532457656;17;6;9;2;1;4;2;4;22;2.297397036440609;3;20;5.215268100243035;4;1;0;10;25;4;12;3;3;5;4;7;3.9721046050015207;1;3;4;3;5;5;2;6;2;23;2.3302571164084314;10;2;1;8;20;5.503735630147033;3;7;-7.667155844580125;0;6;2;6;6;4;3;5;25;3;6;5;4;3;10;2;0;3;2;5;1;6;11;5;14;6;5;5;14;5;0;6;6;1;12;9;3;4;0;9;22;5.644201653252586;4;3;0;6;2;4;8;2;22;-5.572406347391035;22;-3.0093030632975375;4;2;4;23;5.981426402337668;5;13
TRACK:143;136;-1;4;4;1;4;13;4;3;1;4;4;1;3;23;9.737168057516305;1;25;17;4;0;0;0;23;-3.2057515308688;19;1;10;19;0;3;21;9.524318285421538;2;23;3.3084577001042397;24
TRACK:144;138;-1;2;1;2;4;1;0;6;2;1;6;8;1;23;1.8882063319223388;16;5;5;7;-9.973274111825821;2;4;5;6;8;5;6;6;21;0.6699103130447128;2;3;4;2;0;10;9;2;11;23;3.2629721645075787;3;4;6;4;21;-10.0;0;0;0;0;3;1;2;25;13;2;23;3.156935155898009;24;4;2;2;23;9.799381132536348;15;5;18;4;5;0;2;8;12;6;10;5;0;5;5;3;22;9.060768218076394;4;4;2;8;18;2;0;3;3;2;0;8;25;0;16;11;3;2;1;3;17;5;16;4;1;12;13;3;0;3;3;4;17;1;1;0;19;19;3;15;2;1;21;-8.812788903403467;17;6;9;2;6;6;2;1;6;0;3;19;4;19;0;0;4;16;5;8;4;3;9;1;5;3;1;7;-3.2562792241141842;14;0;5;5;21;9.561389490454028;0;13;7;-7.676490930041638;0;6;1;5;5;0;4;17;4;19;2;4;5;6;8;0;1;2;11;22;-6.342258715367308;2;16;24;1;3;9;4;11;5;3;5;3;5;2;14;20;-8.567824068318243;1;3;4;3;5;5;2;6;2;23;2.3556847404803336;10;2;1;8;20;5.596665894816574;3;7;-7.664244379214899;0;6;2;6;6;4;3;5;25;3;6;5;4;3;10;2;0;3;2;5;1;6;11;5;14;6;5;5;14;5;0;6;6;1;12;9;3;4;0;9;22;5.570895931149595;4;3;0;6;2;4;8;24;4;2;4;23;5.911641162413931;5;13
TRACK:145;131;-1;2;1;2;4;1;0;6;2;1;6;8;1;23;1.760723290085385;16;5;5;7;-9.944144211481774;2;1;6;3;16;1;0;14;14;0;12;25;5;6;6;21;0.7612378249202373;2;3;4;2;0;10;9;2;11;23;3.3848638436269955;3;4;6;4;21;-10.0;0;0;0;0;3;1;2;25;25;2;23;3.0144645929291407;24;4;2;2;23;9.543241504407106;15;5;18;4;5;0;2;8;12;6;10;5;0;5;5;1;11;7;7.135905500847218;4;4;2;8;18;2;0;3;3;2;0;8;25;0;16;11;3;2;1;3;17;5;16;4;1;12;13;3;0;3;3;4;17;1;1;0;19;19;3;15;2;1;21;-8.874186977209378;17;6;9;2;6;6;2;1;6;0;3;19;4;19;0;0;4;16;5;8;4;1;14;14;1;5;3;1;7;-3.4040787946013324;14;0;5;5;21;9.204524122447774;4;6;22;-5.30720350419431;0;6;1;5;5;0;4;17;4;19;2;4;5;6;8;0;1;2;11;22;-6.263788143561144;2;16;24;1;3;9;4;11;5;3;5;3;5;2;14;20;-8.691581360653572;1;3;4;3;5;5;3;3;3;20;-1.212888790162907;0;6;2;6;6;4;3;5;25;3;6;5;4;3;10;2;0;3;2;5;1;6;11;5;14;6;5;5;14;5;0;6;6;1;12;9;3;4;0;9;22;5.52596702700497;4;3;0;6;2;4;8;2;22;-5.6531653118954175;22;-3.2574820553840174;4;2;4;23;5.962112507740092;5;13
TRACK:146;133;-1;2;1;2;4;1;0;6;2;1;6;8;1;23;1.9835291030649018;16;5;5;7;-10.0;2;1;6;3;16;1;0;14;14;0;12;25;5;6;6;21;0.728677821587655;2;3;4;2;0;10;9;2;11;23;3.0524094240795834;3;4;6;4;21;-9.832394616027656;0;0;0;0;3;1;2;25;13;2;23;3.2627946375146006;24;4;2;2;23;9.510476222173589;15;5;18;4;5;0;2;8;12;6;10;5;0;5;5;3;22;8.761246471946988;4;4;2;8;18;2;0;3;3;2;0;8;25;0;16;11;3;2;1;3;17;5;16;4;1;12;13;3;0;3;3;4;17;1;1;0;19;19;3;15;2;1;21;-8.803730312478857;17;6;9;2;6;6;2;1;6;0;3;19;4;19;0;0;4;16;5;8;4;3;9;1;5;3;1;7;-3.1938060593367967;14;0;5;5;21;9.542456341679431;4;6;22;-5.368665257468757;0;6;1;5;5;0;4;17;4;19;2;4;5;6;8;0;1;2;11;22;-6.244968824420469;2;16;24;1;3;9;4;11;5;3;5;3;5;2;14;20;-8.693853837522163;1;3;4;3;5;5;2;6;2;23;2.44150799222607;10;2;1;8;20;5.794395632501266;3;7;-7.395229342352756;0;6;5;2;6;2;23;2.335225328103828;10;2;1;6;0;15;18;20;5.153999436899008;3;7;-7.769269307480592;2;0;3;2;5;1;6;11;5;14;6;5;5;14;5;0;6;6;1;12;9;1;4;2;25;7;6.008610582304467;1;5;15;3;23;-8.925227905715971;4;3;0;6;2;4;8;24;4;2;4;23;5.664424886797954;5;13
TRACK:147;135;-1;4;1;3;1;5;2;14;20;-8.734175782554768;3;1;0;0;1;1;12;12;2;25;24;5;6;21;4.105709017697242;3;6;6;15;5;5;6;2;13;16;4;3;4;1;1;2;3;3;24;0;2;23;-7.619388747150468;21;0.40978660373792236;4;12;4;0;4;12;0;13;9;2;6;6;1;19;8;3;2;3;20;-3.6490725981177423;1;8;18
TRACK:148;137;-1;2;1;2;4;1;0;6;2;1;6;8;1;23;1.873753150282079;16;5;5;7;-10.0;2;1;6;3;16;1;0;14;14;0;12;25;5;6;6;21;0.5638259005646784;2;3;4;2;0;10;9;2;11;23;3.016376753215464;3;4;6;4;21;-9.798246847941266;0;0;0;0;3;1;2;25;13;2;23;3.1594471356770355;24;4;2;2;23;9.520384350635844;15;5;18;4;5;0;2;8;22;-4.896753892463213;6;10;5;0;5;5;3;22;8.819782014801152;4;4;2;8;18;2;0;3;3;2;0;8;25;0;16;11;3;2;1;3;17;5;16;4;1;12;13;3;0;3;3;4;17;1;1;0;19;19;3;15;2;1;21;-8.681083353620961;17;6;9;2;6;6;2;1;6;0;3;19;4;19;0;0;4;16;5;8;4;3;9;1;5;3;1;7;-3.256562456967681;14;0;5;5;21;9.480474537531437;4;6;22;-5.352452255315845;0;6;1;5;5;0;4;17;4;19;2;4;5;6;8;0;1;2;11;22;-6.17747545454354;2;16;24;1;3;9;4;11;5;3;5;3;5;2;14;20;-8.701709838742186;1;3;4;3;5;5;2;6;2;23;2.6017534248609735;10;2;1;8;20;5.623644867736839;3;7;-7.493503057162981;0;6;5;2;6;2;23;2.239016503723935;10;2;23;-3.1678912921192826;3;7;-7.5209221281928755;2;0;3;2;5;1;6;11;5;14;6;5;5;14;5;0;6;6;1;12;9;3;4;0;9;22;5.6208830427040715;4;3;0;6;2;4;8;24;4;2;4;23;5.677322889828589;5;13
TRACK:149;139;-1;2;1;2;4;1;0;6;2;1;6;8;1;23;1.6485368793178987;16;5;5;7;-10.0;2;1;6;3;16;1;0;14;14;0;12;25;5;6;6;21;0.566150959046781;2;3;4;2;0;10;9;2;11;23;3.3493791699522437;3;4;6;4;21;-10.0;0;0;0;0;3;1;2;25;13;2;23;3.2937892374319184;24;4;2;2;23;9.73913492430401;15;5;18;4;5;0;2;8;12;6;10;5;0;5;5;1;11;7;7.35531671823667;4;4;2;8;18;2;0;3;3;2;0;8;25;0;16;11;3;2;1;3;17;5;16;4;1;12;13;3;0;3;3;4;17;1;1;0;19;19;3;15;2;1;21;-8.504430567181492;17;6;9;2;6;6;2;1;6;0;3;19;4;19;0;0;4;16;5;8;4;1;14;14;1;5;3;1;7;-2.986038046537419;14;0;5;5;21;9.240286792940477;4;6;22;-5.305372335087193;0;6;1;5;5;0;4;17;4;19;2;4;5;6;8;4;5;25;5;3;5;3;5;2;14;20;-8.89054095718871;1;3;4;3;5;5;2;6;2;23;2.399904379981901;10;2;1;24;20;5.550948961489492;3;7;-7.752182611826691;0;6;2;6;6;4;3;5;25;3;6;5;4;3;10;2;0;3;2;5;1;6;11;5;14;6;5;5;14;5;0;6;6;1;12;9;3;4;0;9;22;5.347632597080619;4;3;0;6;2;4;8;2;22;-5.876617661401199;22;-3.1769445028635834;4;2;4;23;5.9078741854611225;5;13
EVAL_INSTANCE:7:0:140
EVAL_INSTANCE:7:1:141
EVAL_INSTANCE:7:2:142
EVAL_INSTANCE:7:3:143
EVAL_INSTANCE:7:4:144
EVAL_INSTANCE:7:5:145
EVAL_INSTANCE:7:6:146
EVAL_INSTANCE:7:7:147
EVAL_INSTANCE:7:8:148
EVAL_INSTANCE:7:9:149
RUN_RESULT:7:0:0:508:DLLUDLLUURRLURDRURLDDRULLLDDLUDRDDDRRULULDRRRRRDR
RUN_RESULT:7:1:0:2000:----
RUN_RESULT:7:2:0:2000:----
RUN_RESULT:7:3:0:2000:----
RUN_RESULT:7:4:0:2000:----
RUN_RESULT:7:5:0:2000:----
RUN_RESULT:7:6:0:811:DLLUDLLUURRLURDRURLDDRULLLDDLUDRDRDRDRULLLDRRRRRR
RUN_RESULT:7:7:0:2000:----
RUN_RESULT:7:8:0:811:DLLUDLLUURRLURDRURLDDRULLLDDLUDRDRDRDRULLLDRRRRRR
RUN_RESULT:7:9:0:2000:----
     8 |       80 | -2.208800E+03 | -3.492000E+03
TRACK:150;148;121;2;1;2;4;1;0;6;2;1;6;8;1;23;1.873753150282079;16;5;5;7;-10.0;2;1;6;3;16;1;0;14;14;0;12;25;5;6;6;21;0.5638259005646784;2;3;4;2;0;10;9;2;11;23;3.016376753215464;3;0;14;14;0;0;0;0;3;1;2;25;13;2;23;3.1594471356770355;24;4;2;2;23;9.520384350635844;15;5;18;4;5;0;2;8;22;-4.896753892463213;6;10;5;0;5;5;3;22;8.819782014801152;4;4;2;8;18;2;0;3;3;2;0;8;25;0;16;11;3;2;1;3;17;5;16;4;1;12;13;3;0;3;3;4;17;1;1;0;19;19;3;15;2;1;21;-8.681083353620961;17;6;9;2;6;6;2;1;6;0;3;19;4;19;0;0;4;16;5;8;4;3;9;1;5;3;1;7;-3.256562456967681;14;0;5;5;21;9.480474537531437;4;6;22;-5.352452255315845;0;6;1;5;5;0;4;17;4;19;2;4;5;6;8;0;1;2;11;22;-6.17747545454354;2;16;24;1;3;9;4;11;5;3;5;3;5;2;14;20;-8.701709838742186;1;3;4;3;5;5;2;6;2;23;2.6017534248609735;10;2;1;8;20;5.623644867736839;3;7;-7.493503057162981;0;6;5;2;6;2;23;2.239016503723935;10;2;23;-3.1678912921192826;3;7;-7.5209221281928755;2;0;3;2;5;1;6;11;5;14;6;5;5;14;5;0;6;6;1;12;9;3;4;0;9;22;5.6208830427040715;4;3;0;6;2;4;8;24;4;2;4;23;5.677322889828589;5;13
TRACK:151;148;121;2;1;2;4;1;0;6;2;1;6;8;1;23;1.9259657678002748;16;5;5;7;-9.958046383762719;2;1;6;3;16;1;0;14;14;0;12;25;5;6;6;21;0.6910788360703021;2;3;4;2;0;10;9;2;11;23;3.077189071818708;3;4;6;4;21;-9.897383180034442;0;0;0;0;3;1;2;25;13;2;23;3.284707271324968;24;4;2;2;23;9.547272621967526;15;5;18;25;5;0;5;5;3;22;8.916990431628893;4;4;2;8;18;2;0;3;3;2;0;8;25;0;16;11;3;2;1;3;17;5;16;4;1;12;13;3;0;3;3;4;17;1;1;0;19;19;3;15;2;1;21;-8.782414199563856;17;6;9;2;6;6;2;1;6;0;3;19;4;19;0;0;4;16;5;8;4;3;9;1;5;3;1;7;-3.2546271282540973;14;0;5;5;21;9.486272059119056;4;6;22;-5.303657056116747;0;6;1;5;5;0;4;17;4;19;2;4;5;6;8;0;1;2;11;22;-6.180427776193257;2;16;24;1;3;9;4;11;5;3;5;3;5;2;14;20;-8.719660750114684;1;3;4;3;5;5;2;6;2;23;2.5109837787450955;10;2;1;8;20;5.655414557721205;3;7;-7.449027165054126;0;6;5;2;6;2;23;2.276584180947706;10;2;1;6;0;15;18;20;5.286119260030983;3;7;-7.584490910616166;2;0;3;2;5;1;6;11;5;14;6;5;5;14;5;0;6;6;1;12;9;3;4;0;9;22;5.679281528391448;4;3;0;6;2;4;8;24;4;2;4;23;5.765550519437018;5;13
TRACK:152;0;67;4;4;1;4;5;2;4;3;4;5;9;3;4;5;4;12;4;3;1;4;4;1;3;23;9.902861388265876;1;25;17;4;0;0;0;23;-3.151887525592068;19;1;16;19;0;3;21;9.534468036470376;0;7;-0.844471306045671;15
TRACK:153;0;67;2;1;2;4;1;0;6;2;1;6;8;1;23;1.842280185051622;16;5;5;7;-9.902575573964356;2;1;6;3;25;1;0;14;14;0;12;25;5;6;6;21;0.7112691105295905;2;3;4;2;0;10;9;2;11;23;3.4548905660748246;3;4;6;4;21;-9.946683888159844;0;0;0;0;3;1;2;25;13;2;23;3.2220540853482493;24;4;2;2;23;9.614586823861544;15;5;18;4;5;0;2;8;12;6;10;5;0;5;5;1;11;7;7.244947665729488;4;4;2;8;18;2;0;3;3;2;0;8;25;0;16;11;3;2;1;3;17;5;16;4;1;12;13;3;0;3;3;4;17;1;1;0;19;19;3;15;2;1;21;-8.64271977574777;17;6;9;2;6;6;2;1;6;0;3;19;4;19;0;0;4;16;5;8;4;3;9;1;5;3;1;7;-3.2935417508395;14;0;5;5;21;9.610030516595453;4;6;22;-5.338582411729422;0;6;1;5;5;0;4;17;4;19;2;4;5;6;8;0;1;2;11;22;-6.104816650162409;2;16;24;1;3;9;4;11;5;3;5;3;5;2;14;20;-8.719622728089591;1;3;4;3;5;5;2;6;2;23;2.386759924532469;10;2;1;8;20;5.360974999628834;3;7;-7.635342482627806;0;6;2;6;6;4;3;5;25;3;6;5;4;3;10;2;0;3;2;5;1;6;11;5;14;6;5;5;14;5;0;6;6;1;12;9;3;4;0;9;22;5.61363727597757;4;3;0;6;2;4;8;2;22;-5.600746835147144;22;-3.104256899459848;4;2;4;23;5.921586502601003;5;13
TRACK:154;140;67;2;1;2;4;1;0;6;2;1;6;8;1;23;1.8460227511510063;16;5;5;7;-10.0;2;1;6;3;16;1;0;14;14;0;12;25;5;6;6;21;0.7093831134937598;2;3;4;2;0;10;9;2;11;23;3.085391908116088;3;4;6;4;21;-10.0;0;0;0;0;3;1;2;25;13;2;23;3.172224519441159;24;4;2;2;23;9.760403565013915;15;5;18;4;5;0;2;8;12;6;10;5;0;5;5;3;22;8.942874507321044;4;4;2;8;18;2;0;3;3;2;0;8;25;0;16;11;3;2;1;3;10;5;16;4;1;12;13;3;0;3;3;4;17;1;1;8;3;15;2;1;21;-8.83356645613671;17;6;9;2;6;6;2;1;6;0;3;19;4;19;0;0;4;16;5;8;4;3;9;1;5;3;1;7;-3.3302545876816696;14;0;5;5;21;9.565925895087727;4;6;22;-5.05567313044412;0;6;1;5;5;0;4;17;4;19;2;4;5;6;8;0;1;2;11;22;-6.401983532504714;2;16;24;1;3;9;4;11;5;3;5;3;5;2;14;20;-8.616323898591212;1;3;4;3;5;5;2;6;2;23;2.3959803144657323;10;2;1;8;20;5.705786641178726;3;7;-7.669018949736079;0;6;2;6;6;4;3;5;25;3;6;5;4;3;10;2;0;3;2;5;1;6;11;5;14;6;5;5;14;5;0;6;6;1;12;9;3;4;0;9;22;5.5913228252552685;4;3;0;6;2;4;8;24;4;2;4;23;5.846310630793269;2;22;-5.600746835147144;22;-3.104256899459848
TRACK:155;140;67;2;1;2;4;1;0;6;2;1;6;8;1;23;1.842280185051622;16;5;5;7;-9.902575573964356;2;1;6;3;16;1;0;14;14;0;12;25;5;6;6;21;0.7112691105295905;2;3;4;2;0;10;9;2;11;23;3.4548905660748246;3;4;6;4;21;-9.946683888159844;0;0;0;0;3;1;2;25;13;2;23;3.2220540853482493;24;4;2;2;23;9.614586823861544;15;5;18;4;5;0;2;8;12;6;10;5;0;5;5;1;11;7;7.244947665729488;4;4;2;8;18;2;0;3;3;2;0;8;25;0;16;11;3;2;1;3;17;5;16;4;1;12;13;3;0;3;3;4;17;1;1;0;19;19;3;15;2;1;21;-8.64271977574777;17;6;9;2;6;6;2;1;6;0;3;19;4;19;0;0;4;16;5;8;4;3;9;1;5;3;1;7;-3.2935417508395;14;0;5;5;21;9.610030516595453;4;6;22;-5.338582411729422;0;10;5;3;5;3;5;2;14;20;-8.719622728089591;1;3;4;3;5;5;2;6;2;23;2.386759924532469;10;2;1;8;20;5.360974999628834;3;7;-7.635342482627806;0;6;2;6;6;4;3;5;25;3;6;5;4;3;10;2;0;3;2;5;1;6;11;5;14;6;5;5;14;5;0;6;6;1;12;9;3;4;0;9;22;5.61363727597757;4;3;0;6;2;4;8;2;22;-5.600746835147144;22;-3.104256899459848;4;2;4;23;5.921586502601003;5;13
TRACK:156;146;140;2;1;2;4;1;0;6;2;1;6;8;1;23;1.9835291030649018;16;5;5;7;-10.0;2;1;6;3;16;1;0;14;14;0;12;25;5;6;6;21;0.728677821587655;2;3;4;2;0;10;9;2;11;23;3.0524094240795834;3;4;6;4;21;-9.832394616027656;0;0;0;0;3;1;2;25;13;2;23;3.2627946375146006;24;4;2;2;23;9.510476222173589;15;5;18;4;5;0;2;8;12;6;10;5;0;5;5;3;22;8.761246471946988;4;6;21;0.7093831134937598;2;0;3;3;2;0;8;25;0;16;11;3;2;1;3;17;5;16;4;1;12;13;3;0;3;3;4;17;1;1;0;19;19;3;15;2;1;21;-8.803730312478857;17;6;9;2;6;6;2;1;6;0;3;19;4;19;0;0;4;16;5;8;4;3;9;1;5;3;1;7;-3.1938060593367967;14;0;5;5;21;9.542456341679431;4;6;22;-5.368665257468757;0;6;1;5;5;0;4;17;4;19;2;4;5;6;8;0;1;2;11;22;-6.244968824420469;2;16;24;1;3;9;4;11;5;3;5;3;5;2;14;20;-8.693853837522163;1;3;4;3;5;5;2;6;2;23;2.44150799222607;10;2;1;8;20;5.794395632501266;3;7;-7.395229342352756;0;6;5;2;6;2;23;2.335225328103828;10;2;1;6;0;15;18;20;5.153999436899008;3;7;-7.769269307480592;2;0;3;2;5;1;6;11;5;14;6;5;5;14;5;0;6;6;1;12;9;1;4;2;25;7;6.008610582304467;1;5;15;3;23;-8.925227905715971;4;3;0;6;2;4;8;24;4;2;4;23;5.664424886797954;5;13
TRACK:157;146;140;2;1;2;4;1;0;6;2;1;6;8;1;23;1.8460227511510063;16;5;5;7;-10.0;2;1;6;3;16;1;0;14;14;0;12;25;5;6;6;21;0.7093831134937598;2;3;4;2;0;10;9;2;11;23;3.085391908116088;3;4;6;4;21;-10.0;0;0;0;0;3;1;2;25;13;2;23;3.172224519441159;24;4;2;2;23;9.760403565013915;15;5;18;4;5;0;2;8;12;6;10;5;0;5;5;3;22;8.942874507321044;0;1;2;11;22;-6.244968824420469;2;16;24;1;3;9;4;11;2;0;3;3;2;0;8;25;0;16;11;3;2;1;3;10;5;16;4;1;12;13;3;0;3;3;4;17;1;1;8;3;15;2;1;21;-8.83356645613671;17;6;9;2;6;6;2;1;6;0;3;19;4;19;0;0;4;16;5;8;4;3;9;1;5;3;1;7;-3.3302545876816696;14;0;5;5;21;9.565925895087727;4;6;22;-5.05567313044412;0;6;1;5;5;0;4;17;4;19;2;4;5;6;8;0;1;2;11;22;-6.401983532504714;2;16;24;1;3;9;4;11;5;3;5;3;5;2;14;20;-8.616323898591212;1;3;4;3;5;5;2;6;2;23;2.3959803144657323;10;2;1;8;20;5.705786641178726;3;7;-7.669018949736079;0;6;2;6;6;4;3;5;25;3;6;5;4;3;10;2;0;3;2;5;1;6;11;5;14;6;5;5;14;5;0;6;6;1;12;9;3;4;0;9;22;5.5913228252552685;4;3;0;6;2;4;8;24;4;2;4;23;5.846310630793269;5;13
TRACK:158;148;100;2;1;2;4;1;0;6;2;1;6;8;1;23;1.873753150282079;16;5;5;7;-10.0;2;1;6;3;16;1;0;14;14;0;12;25;5;6;6;21;0.5638259005646784;2;2;8;18;3;4;6;4;21;-9.798246847941266;0;0;0;0;3;1;2;25;13;2;23;3.1594471356770355;24;4;2;2;23;9.520384350635844;15;5;18;4;5;0;2;8;22;-4.896753892463213;6;10;5;0;5;5;3;22;8.819782014801152;4;4;2;8;18;2;0;3;3;2;0;8;25;0;16;11;3;2;1;3;17;5;16;4;1;12;13;3;0;3;3;4;17;1;1;0;19;19;3;15;2;1;21;-8.681083353620961;17;6;9;2;6;6;2;1;6;0;3;19;4;19;0;0;4;16;5;8;4;3;9;1;5;3;1;7;-3.256562456967681;14;0;5;5;21;9.480474537531437;4;6;22;-5.352452255315845;0;6;1;5;5;0;4;17;4;19;2;4;5;6;8;0;1;2;11;22;-6.17747545454354;2;16;24;1;3;9;4;11;5;3;5;3;5;2;14;20;-8.701709838742186;1;3;4;3;5;5;2;6;2;23;2.6017534248609735;10;2;1;8;20;5.623644867736839;3;7;-7.493503057162981;0;6;5;2;6;2;23;2.239016503723935;10;2;23;-3.1678912921192826;3;7;-7.5209221281928755;2;0;3;2;5;1;6;11;5;14;6;5;5;14;5;0;6;6;1;12;9;3;4;0;9;22;5.6208830427040715;4;3;0;6;2;4;8;24;4;2;4;23;5.677322889828589;5;13
TRACK:159;148;100;2;1;2;4;1;0;6;2;1;6;8;1;23;1.894381511422525;16;5;5;7;-9.958619188280224;2;1;6;3;16;1;0;14;14;0;12;25;5;6;6;21;0.7503116085401859;2;3;4;2;0;10;9;2;11;23;3.291356222681064;3;4;6;4;21;-9.988881467632782;0;0;0;0;3;1;2;25;13;2;23;3.208434675601598;24;4;2;2;23;9.685553281447806;15;5;18;4;5;0;2;8;12;6;10;5;0;5;5;3;22;8.921676567586019;4;4;2;8;18;2;0;3;3;2;0;8;25;0;16;11;3;2;1;3;17;5;16;4;1;17;13;3;0;3;3;4;17;1;1;0;19;19;3;15;2;1;21;-8.710837599360827;17;6;9;2;6;6;2;1;6;0;3;19;4;19;0;0;4;16;5;8;4;3;9;1;5;3;1;7;-3.288408590006742;14;0;5;5;21;9.633321521240514;4;6;22;-5.1667037349175216;0;6;1;5;5;0;4;17;4;19;2;4;5;6;8;0;1;2;11;22;-6.223139441827183;2;16;24;1;3;9;4;11;5;3;5;3;5;2;14;20;-8.64317963872181;1;3;4;3;5;5;2;6;2;23;2.3717553568532086;10;2;1;8;20;5.5808320882206495;3;7;-7.587801163050305;0;6;2;6;6;4;3;5;25;3;6;5;4;3;10;2;0;3;2;5;1;6;11;5;14;6;5;5;14;5;0;6;6;1;12;9;3;4;0;9;22;5.63593902023262;4;3;0;6;2;4;8;24;4;2;4;23;5.8721405800141255;5;13
TRACK:160;150;-1;2;1;2;4;1;0;6;2;1;6;8;1;23;1.8307382916076786;16;5;5;7;-9.957419795441337;2;1;6;3;16;1;0;14;14;0;12;25;5;6;6;21;0.7709073012313495;2;3;4;2;0;10;9;2;11;23;2.9068135045718777;3;0;14;14;0;0;0;0;3;1;2;25;13;2;23;3.1434758790102517;24;4;2;2;12;15;5;18;4;5;0;2;8;22;-4.8758413665216285;6;10;5;0;5;5;3;22;8.921797295670988;4;4;2;8;18;2;0;3;3;2;0;8;25;0;16;11;3;2;1;3;17;5;16;4;1;12;13;3;0;3;3;4;17;1;1;0;19;19;3;15;2;1;21;-8.520886078171335;17;6;9;2;6;6;2;1;6;0;3;19;4;19;0;0;4;16;5;8;4;3;9;1;5;3;1;7;-3.1557815466852466;14;0;5;5;21;9.532176167675276;4;6;22;-5.3208424194211235;0;6;1;5;5;0;4;17;4;19;2;4;5;6;8;0;1;2;11;22;-6.102346374237792;2;16;24;1;3;9;4;11;5;3;5;3;5;2;14;20;-8.74413983299074;1;3;4;3;5;5;2;6;2;23;2.711750279977079;10;2;1;8;20;5.63112042152354;3;7;-7.482783112468002;0;6;5;2;6;2;23;2.2780662168822174;10;2;23;-3.1213141005926173;3;7;-7.410243045806135;2;0;3;2;5;1;6;11;5;14;6;5;5;14;5;0;6;6;1;12;9;3;4;0;9;22;5.4434182748273825;4;3;0;6;2;4;8;24;4;2;4;23;5.588965115661453;5;13
TRACK:161;152;-1;4;4;1;4;5;2;4;3;4;5;9;3;5;0;17;16;4;3;1;4;4;1;3;23;9.953516209969573;1;25;17;4;0;0;0;23;-3.133393346360677;19;1;16;19;0;3;21;9.325827866501818;0;7;-0.8051352904838074;15
TRACK:162;154;-1;2;1;2;4;1;0;6;2;1;6;8;1;23;1.8334755249453765;16;5;5;7;-10.0;2;1;6;3;16;1;0;14;14;0;12;25;5;6;6;21;1.0150766199162224;2;3;4;2;0;10;9;2;11;23;2.9554865465834688;3;4;6;0;7;-5.002777280914604;21;9.99291526398595;0;0;0;0;3;1;2;25;13;2;23;3.104145982947724;24;4;2;2;23;9.623160386269678;15;5;18;4;5;0;2;8;12;6;10;5;0;5;5;3;22;9.160320695863053;4;4;2;8;18;2;0;3;3;2;0;8;25;0;16;11;3;2;1;3;10;5;16;4;1;12;13;3;0;3;3;4;17;1;1;8;3;15;2;1;21;-8.755850929681268;17;6;9;2;6;6;2;1;6;0;3;19;4;19;0;0;4;16;5;8;4;3;9;1;5;3;1;7;-3.1459177939180596;14;0;5;5;21;9.530173867401736;4;6;22;-5.075240413736747;0;6;1;5;5;0;4;17;4;19;2;4;5;6;8;0;1;2;11;22;-6.377816854447493;2;16;24;1;3;9;4;11;5;3;5;3;5;2;14;20;-8.757188662634057;1;3;4;3;5;5;2;6;2;23;2.37716760045862;10;2;1;8;20;5.711963942764274;3;7;-7.5468734244301725;0;6;2;6;6;4;3;5;25;3;6;5;4;3;10;2;0;3;2;5;1;6;11;5;14;6;5;5;14;5;0;6;6;1;12;9;3;4;0;9;22;5.743007128362922;4;3;0;6;2;4;8;24;4;2;4;23;5.844275104366018;2;22;-5.627846002795384;22;-3.061572045844305
TRACK:163;156;-1;2;1;2;4;1;0;6;2;1;6;8;1;23;1.9777363641250445;16;5;5;7;-10.0;2;1;6;3;16;1;0;14;14;0;12;25;5;6;6;21;0.7278158613621352;2;3;4;2;0;10;9;2;11;23;2.883013212385542;3;4;6;4;21;-9.722718351583401;0;0;0;0;3;1;2;25;13;2;23;3.3194443600797463;24;4;2;2;23;9.4518808688183;15;5;18;4;5;0;2;8;12;6;10;5;0;5;5;3;22;8.663011864237198;4;6;21;0.6771102688165922;2;0;3;3;2;0;8;25;0;16;11;3;2;1;3;17;5;16;4;1;12;13;3;0;3;3;4;15;1;1;0;19;19;3;15;2;1;21;-8.954156820203936;17;6;9;2;6;6;2;1;6;0;3;19;4;19;0;0;4;16;5;8;4;3;9;1;5;3;1;7;-3.2808094285845724;14;0;5;5;21;9.618530289703859;4;6;22;-5.450677498063298;0;6;1;5;5;0;4;17;4;19;2;4;5;6;8;0;1;2;11;22;-6.298192210361701;2;16;24;1;3;9;4;11;5;3;5;3;5;2;14;20;-8.691182868821693;1;3;4;3;5;5;2;6;2;23;2.527596470821828;10;2;1;8;20;5.680495197315605;3;7;-7.430452829037887;0;6;5;2;6;2;23;2.4223718616228287;10;2;1;6;0;15;18;20;4.984836683693673;3;7;-7.775589622017069;2;0;3;2;5;1;6;11;5;14;6;5;5;14;5;0;6;6;1;12;9;1;4;2;25;7;6.109710043192095;1;5;15;3;23;-9.15500986456879;4;3;0;6;2;4;8;24;4;2;4;23;5.757205168633678;5;13
TRACK:164;158;-1;2;1;2;4;1;0;6;2;1;6;8;1;23;2.12963355247033;16;5;5;7;-10.0;2;1;6;3;16;1;0;14;14;0;12;25;5;6;6;21;0.6701160987486439;2;2;8;18;3;4;6;4;21;-9.875772466567584;0;0;0;0;3;1;2;25;13;2;23;2.9935455540669573;24;4;2;2;23;9.3861691641505;15;5;18;4;5;0;2;8;22;-5.008051528559769;6;10;5;0;5;5;3;22;8.911277994131005;4;4;2;8;18;2;0;3;3;2;0;8;25;0;16;11;3;2;1;3;17;5;16;4;1;12;13;3;0;3;3;4;17;1;1;0;19;19;3;15;2;1;21;-8.661925113351659;17;6;9;2;6;6;2;1;6;0;3;19;4;19;0;0;4;16;5;8;4;3;9;1;5;3;1;7;-3.2091733465809313;14;0;5;5;21;9.451845285718655;4;6;22;-5.45716815259633;0;6;1;5;5;0;4;17;4;19;2;4;5;6;8;0;1;2;11;22;-6.214393474696266;2;16;24;1;3;9;4;20;-0.6932550473731265;5;3;5;3;5;2;14;20;-8.660261029406062;1;3;4;3;5;5;2;6;2;23;2.4978317235105685;10;2;1;8;20;5.624668556233893;3;7;-7.471569461902773;0;6;5;2;6;2;23;2.2175397611435357;10;2;23;-3.0258561708592056;3;7;-7.600177680647537;2;0;3;2;5;1;6;11;5;14;6;5;5;14;5;0;6;6;1;12;9;3;4;0;9;22;5.7508452952560996;4;3;0;6;2;4;8;24;4;2;4;23;5.755056735725047;5;13
TRACK:165;151;-1;2;1;2;4;1;0;6;2;1;6;8;1;23;2.072950053472449;16;5;5;7;-9.90888716400385;2;1;6;3;16;1;0;14;14;0;12;25;5;6;6;21;0.6354935478679249;2;3;4;2;0;10;9;2;11;23;3.057026793958857;3;4;6;4;21;-9.968140661123671;0;0;0;0;3;1;2;25;13;2;23;3.17078233773229;24;4;2;2;23;9.67028818210638;15;5;18;25;5;0;5;5;3;22;8.972041590285828;4;4;2;8;18;2;0;3;3;2;0;8;25;0;16;11;3;2;1;3;17;5;16;4;1;12;13;3;0;3;3;4;17;1;1;0;19;19;3;15;2;1;21;-8.724843483111535;17;6;9;2;6;6;2;1;6;0;3;19;4;19;0;0;4;16;5;8;4;3;9;1;5;3;1;7;-3.220296025201899;14;0;5;5;21;9.561659743708196;4;6;22;-5.171446625424996;0;6;1;5;5;0;4;17;4;19;2;4;5;6;8;0;1;2;11;22;-6.190585415163132;2;16;24;1;3;9;4;11;5;3;5;3;5;2;14;20;-8.812742656652388;1;3;4;3;5;5;2;6;2;23;2.4305306254016457;10;2;1;8;20;5.669486880770903;3;7;-7.518926455633407;0;6;5;2;6;2;23;2.259888217931387;10;2;1;6;0;15;22;2.914929834563935;20;5.283844085033872;3;7;-7.549754979643317;2;0;3;2;5;1;6;11;5;14;6;5;5;14;5;0;6;6;1;12;9;3;4;0;9;22;5.5400728963294865;4;3;0;6;2;4;8;24;4;2;4;23;5.837712866322549;5;13
TRACK:166;153;-1;2;1;2;4;1;0;6;2;1;6;8;1;23;1.6426159611844902;16;5;5;7;-9.956956985344998;2;1;6;3;25;1;0;14;14;0;12;25;5;6;6;21;0.539211107503537;2;3;4;2;0;10;9;2;11;23;3.5066501127743153;3;4;6;4;21;-9.810251750943381;0;0;0;0;3;1;2;25;13;2;23;3.0648819358326462;24;4;2;2;23;9.679225685698778;15;5;18;4;5;0;2;8;12;6;10;5;0;5;5;1;11;7;7.247043075715716;4;4;2;8;18;2;0;3;3;2;0;8;25;0;16;11;3;2;1;3;17;5;16;4;1;12;13;3;0;3;3;4;17;1;1;0;19;19;3;15;2;1;21;-8.578358780271865;17;6;9;2;6;6;2;1;6;0;3;19;4;19;0;0;4;16;5;8;4;3;9;1;5;3;1;7;-3.209435559629407;14;0;5;5;21;9.514938645585081;4;6;22;-5.534108578143162;0;6;1;5;5;0;4;17;4;19;2;4;5;6;8;0;1;2;11;22;-6.217754642519824;2;16;24;1;3;9;4;11;5;3;5;3;5;2;14;20;-8.631207507754624;1;3;4;3;5;5;2;6;2;23;2.203938913587543;10;2;1;8;20;5.326283041896454;3;7;-7.634017686856007;0;6;2;6;6;4;3;5;25;3;6;5;4;3;10;2;0;3;6;4;10;5;0;6;6;1;12;9;3;4;0;9;22;5.618460239245217;4;3;0;6;2;4;8;2;22;-5.628379751187312;22;-3.168427596589414;4;2;4;23;5.867335556979741;5;13
TRACK:167;155;-1;2;1;2;4;1;0;6;2;1;6;8;1;23;1.8142591864871207;16;5;5;7;-9.856368392076183;2;1;6;3;16;1;0;14;14;0;12;25;5;6;6;21;0.6790807856342075;2;3;4;2;0;10;9;2;11;23;3.4863990169842514;3;4;6;4;21;-9.801861475268131;0;0;0;0;3;1;2;25;13;2;23;3.2994305434738043;24;4;2;2;23;9.597756605868677;15;5;18;4;5;0;2;8;8;6;10;5;0;5;5;1;11;7;7.194697917290358;4;4;2;8;18;2;0;3;3;2;0;8;25;0;16;11;3;2;1;3;17;5;16;4;1;12;13;3;0;3;3;4;17;1;1;0;19;19;3;15;2;1;21;-8.644598860687223;17;6;9;2;6;6;2;1;6;0;3;19;4;19;0;0;4;16;5;8;4;3;9;1;5;3;1;7;-3.2243227692460312;14;0;5;5;21;9.571761271523952;4;6;22;-5.172094605373621;0;10;5;3;5;3;5;2;14;20;-8.700307925552876;1;3;4;3;5;5;2;6;2;23;2.4901180502941047;10;2;1;8;20;5.403417139944591;3;7;-7.617278695356841;0;6;2;6;6;4;3;5;25;3;6;5;4;3;10;2;0;3;2;5;1;6;11;5;14;6;5;5;14;5;0;6;6;1;12;9;3;4;0;9;22;5.760158817773747;4;3;0;6;2;4;8;2;22;-5.5568775354110675;22;-3.1334636397943743;4;2;4;23;5.9390740085758456;5;13
TRACK:168;157;-1;2;1;2;4;1;0;6;2;1;6;8;1;23;1.714947501831654;16;5;5;7;-10.0;2;1;6;3;16;1;0;14;14;0;12;25;5;6;6;21;0.7343103384619687;2;3;4;2;0;10;9;2;11;23;3.1411627590058133;3;4;6;4;21;-9.915406809656409;0;0;0;0;3;1;2;25;13;2;23;3.170969146057697;24;4;2;2;23;9.835509710687983;15;5;18;4;5;0;2;8;12;6;10;5;0;5;5;3;22;8.889620300324628;0;1;2;11;22;-6.156890047549256;2;16;24;1;3;9;4;11;2;0;3;3;2;0;8;25;0;16;11;3;2;1;3;10;5;16;4;1;12;13;3;0;3;3;4;17;1;1;8;3;15;2;1;21;-8.835019078397535;17;6;9;2;6;6;2;1;6;0;3;19;4;19;0;0;4;16;5;8;4;3;9;1;5;3;1;7;-3.297274165916531;15;0;5;5;21;9.669330435369972;4;6;22;-5.189195424352895;0;6;1;5;5;0;4;17;4;19;2;4;5;6;8;0;1;2;11;22;-6.286156289730776;2;16;24;1;3;9;4;11;5;3;5;3;5;2;14;20;-8.769494585923468;1;3;4;3;5;5;2;6;2;23;2.218466461510646;10;2;1;8;20;5.642303799459485;3;7;-7.531615937969377;0;6;2;6;6;4;3;5;25;3;6;5;4;3;10;2;0;3;2;5;1;6;11;5;14;6;5;5;14;5;0;6;6;1;12;9;3;4;0;9;22;5.634687282334056;4;3;0;6;2;4;8;24;4;2;4;23;6.040240246643603;5;13
TRACK:169;159;-1;2;1;2;4;1;0;6;2;1;6;8;1;23;1.8967912428437843;16;5;5;7;-9.878816300559862;2;1;6;3;16;1;0;14;14;0;12;25;5;6;6;21;0.7545211650988697;2;3;4;2;0;10;9;2;11;23;3.2174362027964585;3;4;6;4;21;-9.886620621837631;0;0;0;0;3;1;2;25;13;2;23;2.939504027513674;24;4;2;2;23;9.832692502300516;15;5;18;4;5;0;2;8;12;6;10;5;0;5;5;3;22;8.950992930029594;4;4;2;8;18;2;0;3;3;2;0;8;25;0;16;11;3;2;1;3;17;5;16;4;1;17;13;3;0;3;3;4;17;1;1;0;19;19;3;15;2;1;21;-8.66872692770296;17;6;9;2;6;4;1;0;0;0;10;16;5;8;4;2;10;9;4;0;6;23;5.100846884031213;1;9;13;0;6;1;5;5;0;4;17;4;19;2;4;5;6;8;0;1;2;11;22;-6.124767114869578;2;16;24;1;3;9;4;11;5;3;5;3;5;2;14;20;-8.708046814953331;1;3;4;3;5;5;2;6;2;23;2.3255789257618154;10;2;1;8;20;5.5857140866045984;3;7;-7.598866307848896;0;6;2;6;6;4;3;5;25;3;6;5;4;3;10;2;0;3;2;5;1;6;11;5;14;6;5;5;14;5;0;6;6;1;12;9;3;4;0;9;22;5.546981135913384;4;3;0;6;2;4;8;24;4;2;4;23;5.8322552241084145;5;13
EVAL_INSTANCE:8:0:160
EVAL_INSTANCE:8:1:161
EVAL_INSTANCE:8:2:162
EVAL_INSTANCE:8:3:163
EVAL_INSTANCE:8:4:164
EVAL_INSTANCE:8:5:165
EVAL_INSTANCE:8:6:166
EVAL_INSTANCE:8:7:167
EVAL_INSTANCE:8:8:168
EVAL_INSTANCE:8:9:169
RUN_RESULT:8:0:0:2000:----
RUN_RESULT:8:1:0:2000:----
RUN_RESULT:8:2:0:2000:----
RUN_RESULT:8:3:0:1551:DLLUDLLUURRLURDRURLDDRULLLDDLUDRDRDRDRULLLDRRRRRR
RUN_RESULT:8:4:0:2000:----
RUN_RESULT:8:5:0:619:DLLUDLLUURRLURDRURLDDRULLLDDLUDRDRDRDRULLLDRRRRRR
RUN_RESULT:8:6:0:2000:----
RUN_RESULT:8:7:0:2000:----
RUN_RESULT:8:8:0:667:ULLLURDRUDDLLDLUURRRRRRULLLRRDRUDDDDDDR
RUN_RESULT:8:9:0:2000:----
     9 |       90 | -3.125100E+03 | -3.492000E+03
TRACK:170;140;100;2;1;2;4;1;0;6;2;1;6;8;1;23;1.8460227511510063;16;5;5;7;-10.0;2;1;6;3;16;1;0;14;14;0;12;25;5;6;6;21;0.7093831134937598;2;3;4;2;0;10;9;2;11;23;3.085391908116088;3;4;6;4;21;-10.0;0;0;0;0;3;1;2;25;13;2;23;3.172224519441159;24;4;2;2;23;9.760403565013915;15;5;18;4;5;0;2;8;12;6;10;5;0;5;5;3;22;8.942874507321044;4;4;2;8;18;2;0;3;3;2;0;8;25;0;16;11;3;2;1;3;10;22;8.921676567586019;4;1;12;13;3;0;3;3;4;17;1;1;8;3;15;2;1;21;-8.83356645613671;17;6;9;2;6;6;2;1;6;0;3;19;4;19;0;0;4;16;5;8;4;3;9;1;5;3;1;7;-3.3302545876816696;14;0;5;5;21;9.565925895087727;4;6;22;-5.05567313044412;0;6;1;5;5;0;4;17;4;19;2;4;5;6;8;0;1;2;11;22;-6.401983532504714;2;16;24;1;3;9;4;11;5;3;5;3;5;2;14;20;-8.616323898591212;1;3;4;3;5;5;2;6;2;23;2.3959803144657323;10;2;1;8;20;5.705786641178726;3;7;-7.669018949736079;0;6;2;6;6;4;3;5;25;3;6;5;4;3;10;2;0;3;2;5;1;6;11;5;14;6;5;5;14;5;0;6;6;1;12;9;3;4;0;9;22;5.5913228252552685;4;3;0;6;2;4;8;24;4;2;4;23;5.846310630793269;5;13
TRACK:171;140;100;2;1;2;4;1;0;6;2;1;6;8;1;23;1.894381511422525;16;5;5;7;-9.958619188280224;2;1;6;3;16;1;0;14;14;0;12;25;5;6;6;21;0.7503116085401859;2;3;4;2;0;10;9;2;11;23;3.291356222681064;3;4;6;4;21;-9.988881467632782;0;0;0;0;3;1;2;25;13;2;23;3.208434675601598;24;4;2;2;23;9.685553281447806;15;5;18;4;5;0;2;8;12;6;10;5;0;5;5;3;22;8.921676567586019;4;4;2;8;18;2;0;3;3;2;0;8;25;0;16;11;3;2;1;3;17;5;16;4;1;12;13;3;0;3;3;4;17;1;1;0;19;19;3;15;2;1;21;-8.710837599360827;17;6;9;2;6;6;2;1;6;0;3;19;4;19;0;0;4;16;5;8;4;3;9;1;5;3;1;7;-3.288408590006742;14;0;5;5;21;9.633321521240514;4;6;22;-5.1667037349175216;0;6;1;5;5;0;4;17;4;19;2;4;5;6;8;0;1;2;11;22;-6.223139441827183;2;16;24;1;3;9;4;11;5;3;5;3;5;2;14;20;-8.64317963872181;1;3;4;3;5;5;2;6;2;23;2.3717553568532086;10;2;1;8;20;5.5808320882206495;3;7;-7.587801163050305;0;6;2;6;6;4;3;5;25;3;6;5;4;3;10;2;0;3;2;5;1;6;11;5;14;6;5;5;14;5;0;6;2;25;13;3;4;0;9;22;5.63593902023262;4;3;0;6;2;4;8;24;4;2;4;23;5.8721405800141255;5;13
TRACK:172;168;148;2;1;2;4;1;0;6;2;1;6;8;1;23;1.714947501831654;16;5;5;7;-10.0;2;1;6;3;16;1;0;14;14;0;12;25;5;6;6;21;0.7343103384619687;2;3;4;2;0;10;9;2;11;23;3.1411627590058133;3;4;6;4;21;-9.915406809656409;0;0;0;0;3;1;2;25;13;2;23;3.170969146057697;24;4;2;2;23;9.835509710687983;15;5;18;4;5;0;2;8;12;6;10;5;0;5;5;3;22;8.889620300324628;0;1;2;11;22;-6.156890047549256;2;16;24;1;3;9;4;11;2;0;3;3;2;0;8;25;0;16;11;3;2;1;3;10;5;16;4;1;12;13;3;0;3;3;4;17;1;1;8;3;15;2;1;21;-8.835019078397535;17;6;9;2;6;6;2;1;6;0;3;19;4;19;0;0;4;16;5;8;4;3;9;1;5;3;1;7;-3.297274165916531;15;0;5;5;21;9.669330435369972;4;6;22;-5.189195424352895;0;6;1;5;5;0;4;17;4;19;2;4;5;6;8;0;1;2;11;22;-6.286156289730776;2;16;24;1;3;9;4;11;5;3;5;3;5;2;14;20;-8.769494585923468;1;3;4;3;5;5;2;6;2;23;2.218466461510646;10;2;1;8;20;5.642303799459485;3;7;-7.531615937969377;0;6;2;6;6;4;3;5;25;3;6;5;4;3;10;2;0;3;2;5;1;6;11;5;14;6;5;5;14;5;0;6;14;3;4;0;9;22;5.634687282334056;4;3;0;6;2;4;8;24;4;2;4;23;6.040240246643603;5;13
TRACK:173;168;148;2;1;2;4;1;0;6;2;1;6;8;1;23;1.873753150282079;16;5;5;7;-10.0;2;1;6;3;16;1;0;14;14;0;12;25;5;6;6;21;0.5638259005646784;2;3;4;2;0;10;9;2;11;23;3.016376753215464;3;4;6;4;21;-9.798246847941266;0;0;0;0;3;1;2;25;13;2;23;3.1594471356770355;24;4;2;2;23;9.520384350635844;15;5;18;4;5;0;2;8;22;-4.896753892463213;6;10;5;0;5;5;3;22;8.819782014801152;4;4;2;8;18;2;0;3;3;2;0;8;25;0;16;11;3;2;1;3;17;5;16;4;1;12;13;3;0;3;3;4;17;1;1;0;19;19;3;15;2;1;21;-8.681083353620961;17;6;9;2;6;6;2;1;6;0;3;19;4;19;0;0;4;16;5;8;4;3;9;1;5;3;1;7;-3.256562456967681;14;0;5;5;21;9.480474537531437;4;6;22;-5.352452255315845;0;6;1;5;5;0;4;17;4;19;2;4;5;6;8;0;1;2;11;22;-6.17747545454354;2;16;24;1;3;9;4;11;5;3;5;3;5;2;14;20;-8.701709838742186;1;3;4;3;5;5;2;6;2;23;2.6017534248609735;10;2;1;8;20;5.623644867736839;3;22;8.889620300324628;0;6;5;2;6;2;23;2.239016503723935;10;2;23;-3.1678912921192826;3;7;-7.5209221281928755;2;0;3;2;5;1;6;11;5;14;6;5;5;14;5;0;6;6;1;12;9;3;4;0;9;22;5.6208830427040715;4;3;0;6;2;4;8;24;4;2;4;23;5.677322889828589;5;13
TRACK:174;165;165;2;1;2;4;1;0;6;2;1;6;8;1;23;2.072950053472449;16;5;5;7;-9.90888716400385;2;1;6;3;16;1;0;14;14;0;12;25;5;6;6;21;0.6354935478679249;2;3;4;2;0;10;9;2;11;23;3.057026793958857;3;4;6;4;21;-9.968140661123671;0;0;0;0;3;1;2;25;13;2;23;3.17078233773229;24;4;2;2;23;9.67028818210638;15;5;18;25;5;0;5;5;3;22;8.972041590285828;4;4;2;8;18;2;0;3;3;2;0;8;25;0;16;11;3;2;1;3;17;5;16;4;1;12;13;3;0;3;3;4;17;1;1;0;19;19;3;15;2;1;21;-8.724843483111535;17;6;9;2;6;6;2;1;6;0;3;19;4;19;0;0;4;16;5;8;4;3;9;1;5;3;1;7;-3.220296025201899;14;0;5;5;21;9.561659743708196;4;6;22;-5.171446625424996;0;6;1;5;5;0;4;17;4;19;2;4;5;6;8;0;1;2;11;22;-6.190585415163132;2;16;24;1;3;9;4;11;5;3;5;3;5;2;14;20;-8.812742656652388;1;3;4;3;5;4;16;0;6;5;2;6;2;23;2.259888217931387;10;2;1;6;0;15;22;2.914929834563935;20;5.283844085033872;3;7;-7.549754979643317;2;0;3;2;5;1;6;11;5;14;6;5;5;14;5;0;6;6;1;12;9;3;4;0;9;22;5.5400728963294865;4;3;0;6;2;4;8;24;4;2;4;23;5.837712866322549;5;13
TRACK:175;165;165;2;1;2;4;1;0;6;2;1;6;8;1;23;2.072950053472449;16;5;5;7;-9.90888716400385;2;1;6;3;16;1;0;14;14;0;12;25;5;6;6;21;0.6354935478679249;2;3;4;2;0;10;9;2;11;23;3.057026793958857;3;4;6;4;21;-9.968140661123671;0;0;0;0;3;1;2;25;13;2;23;3.17078233773229;24;4;2;2;23;9.67028818210638;15;5;18;25;5;0;5;5;3;22;8.972041590285828;4;4;2;8;18;2;0;3;3;2;0;8;25;0;22;-6.190585415163132;11;3;2;1;3;17;5;16;4;1;12;13;3;0;3;3;4;17;1;1;0;19;19;3;15;2;1;21;-8.724843483111535;17;6;9;2;6;6;2;1;6;0;3;19;4;19;0;0;4;16;5;8;4;3;9;1;5;3;1;7;-3.220296025201899;14;0;5;5;21;9.561659743708196;4;6;22;-5.171446625424996;0;6;1;5;5;0;4;17;4;19;2;4;5;6;8;0;1;2;11;22;-6.190585415163132;2;16;24;1;3;9;4;11;5;3;5;3;5;2;14;20;-8.812742656652388;1;3;4;3;5;5;2;6;2;23;2.4305306254016457;10;2;1;8;20;5.669486880770903;3;7;-7.518926455633407;0;6;5;2;6;2;23;2.259888217931387;10;2;1;6;0;15;22;2.914929834563935;20;5.283844085033872;3;7;-7.549754979643317;2;0;3;2;5;1;6;11;5;14;6;5;5;14;5;0;6;6;1;12;9;3;4;0;9;22;5.5400728963294865;4;3;0;6;2;4;8;24;4;2;4;23;5.837712866322549;5;13
TRACK:176;100;140;2;1;2;4;1;0;6;2;1;6;8;1;23;1.894381511422525;16;5;5;7;-9.958619188280224;2;1;6;3;16;1;0;14;14;0;12;25;5;6;6;21;0.7503116085401859;2;3;4;2;0;10;9;2;11;23;3.291356222681064;3;4;6;4;21;-9.988881467632782;0;0;0;0;3;1;2;25;13;2;23;3.208434675601598;24;4;2;2;23;9.685553281447806;15;5;18;4;5;0;2;8;12;6;10;5;4;3;5;25;2;0;3;3;2;0;8;25;0;16;11;3;2;1;3;17;5;16;4;1;12;13;3;0;3;3;4;17;1;1;0;19;19;3;15;2;1;21;-8.710837599360827;17;6;9;2;6;6;2;1;6;0;3;19;4;19;0;0;4;16;5;8;4;3;9;1;5;3;1;7;-3.288408590006742;14;0;5;5;21;9.633321521240514;4;6;22;-5.1667037349175216;0;6;1;5;5;0;4;17;4;19;2;4;5;6;8;0;1;2;11;22;-6.223139441827183;2;16;24;1;3;9;4;11;5;3;5;3;5;2;14;20;-8.64317963872181;1;3;4;3;5;5;2;6;2;23;2.3717553568532086;10;2;1;8;20;5.5808320882206495;3;7;-7.587801163050305;0;6;2;6;6;4;3;5;25;3;6;5;4;3;10;2;0;3;2;5;1;6;11;5;14;6;5;5;14;5;0;6;6;1;12;9;3;4;0;9;22;5.63593902023262;4;3;0;6;2;4;8;24;4;2;4;23;5.8721405800141255;5;13
TRACK:177;100;140;2;1;2;4;1;0;6;2;1;6;8;1;23;1.8460227511510063;16;5;5;7;-10.0;2;1;6;3;16;1;0;14;14;0;12;25;5;6;6;21;0.7093831134937598;2;3;4;2;0;10;10;2;11;23;3.085391908116088;3;4;6;4;21;-10.0;0;0;0;0;3;1;2;25;13;2;23;3.172224519441159;24;4;2;2;23;9.760403565013915;15;5;18;4;5;0;2;8;12;6;10;5;0;5;5;3;22;8.942874507321044;4;4;2;8;18;2;0;3;3;2;0;8;25;0;16;11;3;2;1;3;10;5;16;4;1;12;13;3;0;3;3;4;17;1;1;8;3;15;2;1;21;-8.83356645613671;17;6;9;2;6;6;2;1;6;0;3;19;4;19;0;0;4;16;5;8;4;3;9;1;5;3;1;7;-3.3302545876816696;14;0;5;5;21;9.565925895087727;4;6;22;-5.05567313044412;0;6;1;5;5;0;4;17;4;19;2;4;5;6;8;0;1;2;11;22;-6.401983532504714;2;16;24;1;3;9;4;11;5;3;5;3;5;2;14;20;-8.616323898591212;1;3;4;3;5;5;2;6;2;23;2.3959803144657323;10;2;1;8;20;5.705786641178726;3;7;-7.669018949736079;0;6;2;6;6;4;3;5;25;3;6;5;4;3;10;2;0;3;2;5;1;6;11;5;14;6;5;5;14;5;0;6;6;1;12;9;3;4;0;9;22;5.5913228252552685;4;3;0;6;2;4;8;24;4;2;4;23;5.846310630793269;5;13
TRACK:178;148;121;2;1;2;4;1;0;6;2;1;6;8;1;23;1.873753150282079;16;5;5;7;-10.0;2;1;6;3;16;1;0;14;14;0;12;25;5;6;6;21;0.5638259005646784;2;3;4;2;0;10;9;2;11;23;3.077189071818708;3;4;6;4;21;-9.798246847941266;0;0;0;0;3;1;2;25;13;2;23;3.1594471356770355;24;4;2;2;23;9.520384350635844;15;5;18;4;5;0;2;8;22;-4.896753892463213;6;10;5;0;5;5;3;22;8.819782014801152;4;4;2;8;18;2;0;3;3;2;0;8;25;0;16;11;3;2;1;3;17;5;16;4;1;12;13;3;0;3;3;4;17;1;1;0;19;19;3;15;2;1;21;-8.681083353620961;17;6;9;2;6;6;2;1;6;0;3;19;4;19;0;0;4;16;5;8;4;3;9;1;5;3;1;7;-3.256562456967681;14;0;5;5;21;9.480474537531437;4;6;22;-5.352452255315845;0;6;1;5;5;0;4;17;4;19;2;4;5;6;8;0;1;2;11;22;-6.17747545454354;2;16;24;1;3;9;4;11;5;3;5;3;5;2;14;20;-8.701709838742186;1;3;4;3;5;5;2;6;2;23;2.6017534248609735;10;2;1;8;20;5.623644867736839;3;7;-7.493503057162981;0;6;5;2;6;2;23;2.239016503723935;10;2;23;-3.1678912921192826;3;7;-7.5209221281928755;2;0;3;2;5;1;6;11;5;14;6;5;5;14;5;0;6;6;1;12;9;3;4;0;9;22;5.6208830427040715;4;3;0;6;2;4;8;24;4;2;4;23;5.677322889828589;5;13
TRACK:179;148;121;2;1;2;4;1;0;6;2;1;6;8;1;23;1.9259657678002748;16;5;5;7;-9.958046383762719;2;1;6;3;16;1;0;14;14;0;12;25;5;6;6;21;0.6910788360703021;2;3;4;2;0;10;9;2;11;23;3.077189071818708;3;4;6;4;21;-9.897383180034442;0;0;0;0;3;1;2;25;13;2;23;3.284707271324968;24;4;2;2;23;9.547272621967526;15;5;18;4;5;0;2;8;12;6;10;5;0;5;5;3;22;8.916990431628893;4;4;2;8;18;2;0;3;3;2;0;8;25;0;16;11;3;2;1;3;17;5;16;4;1;12;13;3;0;3;3;4;17;1;1;0;19;19;3;15;2;1;21;-8.782414199563856;17;6;9;2;6;6;2;1;6;0;3;19;4;19;0;0;4;16;5;8;4;3;9;1;5;3;1;7;-3.2546271282540973;14;0;5;5;21;9.486272059119056;4;6;22;-5.303657056116747;0;6;1;5;5;0;4;17;4;19;2;4;5;6;8;0;1;2;11;22;-6.180427776193257;2;16;24;1;3;9;4;11;5;3;5;3;5;2;14;20;-8.719660750114684;1;3;4;3;5;5;2;6;2;23;2.5109837787450955;10;2;1;8;20;5.655414557721205;3;7;-7.449027165054126;0;6;5;2;6;2;23;2.276584180947706;10;2;1;6;0;15;18;20;5.286119260030983;3;7;-7.584490910616166;2;0;3;2;5;1;6;11;5;14;6;5;5;14;5;0;6;6;1;12;9;3;4;0;9;22;5.679281528391448;4;3;0;6;2;4;14;24;4;2;4;23;5.765550519437018;5;13
TRACK:180;170;-1;2;1;2;4;1;0;6;2;1;6;8;1;23;1.8434767280554356;16;5;5;7;-10.0;2;1;6;3;16;1;0;14;14;0;12;25;5;6;6;21;0.9164863937241827;2;3;4;2;0;10;9;2;11;23;3.043968899715445;3;4;6;4;21;-9.909764823193516;0;0;0;0;3;1;2;24;13;2;23;3.1983521835324575;24;4;2;2;23;9.95107998307592;15;5;18;4;5;0;2;8;12;6;10;5;0;5;5;3;22;9.090049740404512;4;4;2;8;18;2;0;3;3;2;0;8;25;0;16;11;3;2;1;3;10;22;8.985765736779511;4;1;12;13;3;0;3;3;4;17;1;1;8;3;15;2;1;21;-9.214145539901883;17;6;9;2;6;6;2;1;6;0;3;19;4;19;0;0;4;16;5;8;4;3;9;1;5;3;1;7;-3.3636380703911812;14;0;5;5;21;9.632510522315435;4;6;22;-5.067235097108101;0;6;1;5;5;0;4;17;4;19;2;4;5;6;8;0;1;2;11;22;-6.4120825065843565;2;16;24;1;3;9;4;11;5;3;5;3;5;2;14;20;-8.701046700370886;1;3;4;3;5;5;2;6;2;23;2.416281343527388;10;2;1;8;20;5.563352225717592;3;7;-7.69078963366545;0;6;2;6;6;4;3;5;25;3;6;5;4;3;10;2;0;3;2;5;1;6;11;5;14;6;5;5;14;5;0;6;6;1;12;9;3;4;0;9;22;5.703658136816966;4;3;0;6;2;4;8;24;4;2;4;23;5.805376785971618;5;13
TRACK:181;172;-1;2;1;2;4;1;0;6;2;1;6;8;1;23;1.6722675919002326;16;5;5;7;-9.93148908611963;2;1;6;3;16;1;0;14;14;0;12;25;5;6;6;21;0.6765363639783271;2;3;4;2;0;10;9;2;11;23;3.122049898108008;3;4;6;4;21;-10.0;0;0;0;0;3;1;2;25;13;2;23;3.1057906602723704;24;4;2;2;23;9.890853652009929;15;5;18;4;5;0;2;8;12;6;10;5;0;5;5;3;22;8.933638359592145;0;1;2;11;22;-6.170542986761301;2;16;24;1;3;9;4;11;2;0;3;3;2;0;8;25;0;16;11;3;2;1;3;10;5;16;4;1;12;13;3;0;3;3;4;17;1;1;8;3;15;2;1;21;-8.722313128204295;17;6;9;2;6;6;2;1;6;0;3;19;4;19;0;0;4;16;5;8;4;3;9;1;5;3;1;7;-3.3587329294272736;15;0;5;5;21;9.738559662245917;4;6;22;-5.0856681499945235;0;6;1;5;5;0;4;17;4;19;2;4;5;6;8;0;1;2;11;22;-6.412068434284889;2;16;24;1;3;9;4;11;5;3;5;3;5;2;14;15;1;3;4;3;5;5;2;6;2;23;2.202449731697628;10;2;1;8;20;5.749292076293864;3;7;-7.672871018618206;0;6;2;6;6;4;3;5;25;3;6;5;4;3;10;2;0;3;2;5;1;6;11;5;14;6;5;5;14;5;0;6;14;3;4;0;9;22;5.647061632290728;4;3;0;6;2;4;8;24;4;2;4;23;6.180326079113261;5;13
TRACK:182;174;-1;2;1;2;4;1;0;6;2;1;6;8;1;23;1.9959407179737103;16;5;5;7;-9.941623695906545;2;1;6;3;16;1;0;14;14;0;12;25;5;6;6;21;0.5276894974330938;2;3;4;2;0;10;9;2;11;23;2.7459809356137272;3;4;6;4;21;-9.87430082950695;0;0;0;0;3;1;2;25;13;2;23;3.1475865879952534;24;4;2;2;23;9.715486672049826;15;5;18;25;5;0;5;5;3;22;8.92984270565502;4;4;2;8;18;2;0;3;3;2;0;8;25;0;16;11;3;2;1;3;17;5;16;4;1;12;13;3;0;3;3;4;17;1;1;0;19;19;3;15;2;1;21;-8.617725479307841;17;6;9;2;6;6;2;1;6;0;3;19;4;19;0;0;4;16;5;8;4;3;9;1;5;3;1;7;-3.0454649173483164;14;0;5;5;21;9.626199538198545;4;6;22;-5.092577273897627;0;6;1;2;16;25;2;4;5;6;8;0;1;2;11;22;-6.097881056568881;2;16;24;1;3;9;4;11;5;3;5;3;5;2;14;20;-8.667491317356996;1;3;4;3;5;4;16;0;6;5;2;6;2;23;2.3936659446275486;10;2;1;6;0;15;22;2.9909158317805247;20;5.316411953779596;3;7;-7.767039127365898;2;0;3;2;5;1;6;11;5;14;6;5;5;14;5;0;6;6;1;12;9;3;4;0;9;22;5.4730982985499965;4;3;0;6;2;4;8;24;4;2;4;23;5.856008178113428;5;13
TRACK:183;176;-1;2;1;2;4;1;0;6;2;1;6;8;1;23;1.7270631387861508;16;5;5;7;-9.86843437907084;2;1;6;3;16;1;0;14;14;0;12;25;5;6;6;21;0.8598730479942169;2;3;4;2;0;10;9;2;11;23;3.4001887195105396;3;4;6;4;21;-10.0;0;0;0;0;3;1;2;25;13;2;23;3.2014162138634537;24;4;2;2;23;9.747847649119615;15;5;18;4;5;0;2;8;12;6;10;5;4;3;5;25;2;0;3;3;2;0;8;25;0;16;11;3;2;1;3;14;5;16;4;1;12;13;3;0;3;3;4;17;1;1;0;19;19;3;15;2;1;21;-8.598854634656186;17;6;9;2;6;6;2;1;6;0;3;19;4;19;0;0;4;16;5;8;4;3;9;1;5;3;1;7;-3.394898115779012;14;0;5;5;21;9.419473630823786;4;6;22;-5.176403376258655;0;6;1;5;5;0;4;17;4;19;2;4;5;6;8;0;1;2;11;22;-6.093898907016807;2;16;24;1;3;9;4;11;5;3;5;3;5;2;14;20;-8.589242095347098;1;3;4;3;5;5;2;6;2;23;2.3431269640938783;10;2;1;8;20;5.6825458817738825;3;7;-7.629337892340359;0;6;2;6;6;4;3;5;25;3;6;5;4;3;10;2;0;3;2;5;1;6;11;5;14;6;5;5;14;5;0;6;6;1;12;9;3;4;0;9;22;5.737589631594739;4;3;0;6;2;4;8;24;4;2;4;23;5.736095352906563;5;13
TRACK:184;178;-1;2;1;2;4;1;0;6;2;1;6;8;1;23;1.7760073413034616;16;5;5;7;-9.999751609395785;2;1;6;3;16;1;0;14;14;0;12;25;5;6;6;21;0.3519453320874455;2;3;4;2;0;10;9;2;11;23;3.1169790351664353;3;4;6;4;21;-9.57844111805623;0;0;0;0;3;1;2;25;13;2;23;3.2038959556102253;24;4;2;2;23;9.482485914158039;15;5;18;4;5;0;2;8;22;-4.857353871987881;6;10;5;0;5;5;3;22;8.766635309611253;4;4;2;8;18;2;0;3;3;2;0;8;25;0;16;11;3;2;1;3;17;5;16;4;1;12;13;3;0;3;3;4;17;1;1;0;19;19;3;15;2;1;21;-8.823797301001425;17;6;9;2;6;6;2;1;6;0;3;19;4;19;0;0;4;16;5;8;4;3;9;1;5;3;1;7;-3.276843303751339;14;0;5;5;21;9.515382513198354;4;6;22;-5.344123008069973;0;6;1;5;5;0;4;17;4;19;2;4;5;6;8;0;1;2;11;22;-6.132731234434455;2;16;24;1;3;9;4;11;5;1;22;-5.916558340228571;15;1;3;4;3;5;5;2;6;2;23;2.6746367634846786;10;2;1;8;20;5.692740731012319;3;7;-7.466536146962566;0;6;5;2;6;2;23;2.231765828220266;10;2;23;-3.22596013640074;3;7;-7.5284036333864774;2;0;3;2;5;1;6;11;5;14;6;5;5;14;5;0;6;6;1;12;9;3;4;0;9;22;5.496637553056032;4;3;0;6;2;4;8;24;4;2;4;23;5.757614679650709;5;13
TRACK:185;171;-1;2;1;2;4;1;0;6;2;1;6;8;1;23;1.81613505631767;16;5;5;7;-10.0;2;1;6;3;16;1;0;14;14;0;12;25;5;6;6;21;0.4757262887999756;2;3;4;2;0;10;9;2;11;23;3.3215700044493324;3;4;6;4;21;-10.0;0;0;0;0;3;1;2;25;13;2;23;3.1026658672604244;24;4;2;2;23;9.738511228856769;15;5;18;4;5;0;2;8;12;6;10;5;0;5;5;3;22;9.222323570621036;4;4;2;8;18;2;0;3;3;2;0;8;25;0;16;11;3;2;1;3;17;5;16;4;1;12;13;3;0;3;3;4;17;1;1;0;19;19;3;15;2;1;21;-8.631685756587798;17;6;9;2;6;6;2;1;6;0;3;19;4;19;0;0;4;16;5;8;4;3;9;1;5;3;1;7;-3.2012618326658897;14;0;5;5;21;9.589307025415202;4;6;22;-5.332335491561004;0;6;1;5;5;0;4;17;4;19;2;4;5;6;8;0;1;2;11;22;-6.22315048419769;2;16;24;1;3;9;4;11;5;3;5;3;5;2;14;20;-8.679222808389836;1;3;4;3;5;5;2;6;2;23;2.4767682730297236;10;2;1;8;20;5.509412503996115;3;7;-7.516801744537578;0;6;2;6;6;4;3;5;25;3;6;5;4;3;10;2;0;3;2;5;1;6;10;5;14;6;5;5;14;5;0;6;2;25;13;3;4;0;9;22;5.715318694295726;4;3;0;6;2;4;8;24;4;2;4;23;5.6977749525142265;5;13
TRACK:186;173;-1;2;1;2;4;1;0;6;2;6;15;5;5;7;-9.94928359914527;2;1;6;3;16;1;0;14;14;0;12;25;5;6;6;21;0.48433655479342974;2;3;4;2;0;10;9;2;11;23;3.147413744512353;3;4;6;4;21;-9.834626953308437;0;0;0;0;3;1;2;25;13;2;23;3.199330728248863;24;4;2;2;23;9.478622282274955;15;5;18;4;5;0;2;8;22;-4.92842235425061;6;10;5;0;5;5;3;22;8.634412432362263;4;4;2;8;18;2;0;3;3;2;0;8;25;0;16;11;3;2;1;3;17;5;16;4;1;12;13;3;0;3;3;4;17;1;1;0;19;19;3;15;2;1;21;-8.609752037238183;17;6;9;2;6;6;2;1;6;0;3;19;4;19;0;0;4;16;5;8;4;3;9;1;5;3;1;7;-3.1637055870997237;14;0;5;5;21;9.322231042190065;4;6;22;-5.279483884947744;0;6;1;5;5;0;4;17;4;19;2;4;5;6;8;0;1;2;11;22;-6.227006856809495;2;16;24;1;3;9;4;11;5;3;5;3;5;2;14;20;-8.767059166995391;1;3;4;3;5;5;2;6;2;23;2.664256748558675;10;2;1;8;20;5.6177966919309625;3;22;8.877715014031626;0;6;5;2;6;2;23;2.2241161936169584;10;2;23;-3.210021127643841;3;7;-7.457277944488128;2;0;3;2;5;1;6;11;5;14;6;5;5;14;5;0;6;6;1;12;9;3;4;0;9;22;5.704496881546362;4;3;0;6;2;4;8;24;4;2;4;23;5.70688737856135;5;13
TRACK:187;175;-1;2;1;2;4;1;0;6;2;1;6;8;1;23;2.1086924080146017;16;5;5;7;-10.0;2;1;6;3;16;1;0;14;14;0;12;25;5;6;6;21;0.7355553348787544;2;3;4;2;0;10;9;2;11;23;3.0665794847774976;3;4;6;4;21;-10.0;0;0;0;0;3;1;2;25;13;2;23;3.1856219589677757;24;4;2;2;23;9.731146636440121;15;5;18;25;5;0;5;5;3;22;8.926832665749501;4;4;2;8;18;2;0;3;3;2;0;8;25;0;22;-6.169143559783325;11;3;2;1;3;17;5;16;4;1;12;13;3;0;3;3;4;17;1;1;0;19;19;3;15;2;1;21;-8.893642924395355;17;6;9;2;6;6;2;1;6;0;3;19;4;19;0;0;4;16;5;8;4;3;9;1;5;3;1;7;-3.2081381191867333;14;0;5;5;21;9.442196802029752;4;6;22;-5.100137245948705;0;6;1;5;5;0;4;17;4;19;2;4;5;6;8;0;1;2;11;22;-6.141906563729325;2;16;24;1;3;9;4;11;5;3;5;3;5;2;14;20;-8.89446654844476;1;3;4;3;5;5;2;6;2;23;2.4837640379502774;10;2;1;8;20;5.685839156242131;3;7;-7.702323126143322;0;6;5;2;6;2;23;2.375669522422656;10;2;1;6;0;15;22;2.9063562358734343;20;5.381566617980646;3;7;-7.439703273947198;2;0;3;2;5;1;6;11;5;14;6;4;23;2.6504255894320057;5;0;6;6;1;12;9;3;4;0;9;22;5.49726288542929;4;3;0;6;2;4;8;24;4;2;4;23;5.883462059731056;5;13
TRACK:188;177;-1;2;1;2;4;1;0;6;2;1;6;8;1;23;1.982586468698886;16;5;5;7;-9.822523433414355;2;1;6;3;16;1;0;14;14;0;12;25;5;6;6;21;0.6243655662272389;2;3;4;2;0;10;10;2;11;23;3.146587620681446;3;4;6;4;21;-9.802514498509009;0;0;0;0;3;1;2;25;13;2;23;3.0805505196962444;24;4;2;2;23;9.65226474235066;15;5;18;4;5;0;2;8;12;6;10;5;0;5;5;3;22;9.075264187812385;4;4;2;8;18;2;0;3;3;2;0;8;25;0;16;11;3;2;1;3;10;5;16;4;1;12;13;3;0;3;3;4;17;1;1;8;3;15;2;1;21;-8.791980709200592;17;6;9;2;6;6;2;1;6;0;3;19;4;19;0;0;4;16;5;8;4;3;9;1;5;3;1;7;-3.408200352054065;14;0;5;5;21;9.43299010364841;4;6;22;-5.00031250083896;0;6;1;5;5;0;4;17;4;19;2;4;5;6;8;0;1;2;11;22;-6.3802632571053115;2;16;24;1;3;9;4;11;5;3;5;3;5;2;14;20;-8.620566128422805;1;3;4;3;5;5;2;6;2;23;2.3562615088427172;10;2;1;8;20;5.787627119750094;3;7;-7.5720378802987796;0;6;2;6;6;4;3;5;25;3;6;5;4;3;10;2;0;3;2;5;1;6;11;5;14;6;5;5;14;5;0;6;6;1;12;9;3;4;0;9;22;5.666179945909175;4;3;0;6;2;4;8;24;2;2;1;9;23;-1.7489999759496975;1;9;25;2;6;15;1;15;9
TRACK:189;179;-1;2;1;2;4;1;0;6;2;1;6;8;1;23;1.8552996448417134;16;5;5;7;-9.899268173425368;2;1;6;3;16;1;0;14;14;0;12;25;5;6;6;21;0.5895371830635756;2;3;4;2;0;10;9;2;11;23;3.047796521656232;3;4;6;4;21;-9.96722002638576;0;0;0;0;3;1;2;25;13;2;23;3.230667403617351;24;4;2;2;23;9.539937960158584;15;5;18;4;5;0;2;8;12;6;10;5;0;5;5;3;22;8.871387865829353;4;4;2;8;18;2;0;3;3;2;0;8;25;0;16;11;3;2;1;3;17;5;16;4;1;12;13;3;0;3;3;4;17;1;1;0;19;19;3;15;2;1;21;-8.592637968077536;17;6;9;2;6;6;2;1;6;0;3;19;4;19;0;0;4;16;5;8;4;3;9;1;5;3;1;7;-3.1171526875257842;14;0;5;5;21;9.482206544664374;4;6;22;-5.286641559473952;0;6;1;5;5;0;4;17;4;19;2;4;5;6;8;0;1;2;11;22;-6.40186670271779;2;16;24;1;3;9;4;11;5;3;5;3;5;2;14;20;-8.699464011406825;1;3;4;3;5;5;2;6;2;23;2.51374076558195;10;2;1;8;20;5.6872912799632145;3;7;-7.357286701326773;0;6;5;2;6;2;23;2.212421972266728;10;2;1;6;0;15;18;20;5.319118601398873;3;7;-7.526219070140569;2;0;3;2;5;1;6;11;5;14;6;5;5;14;5;0;6;6;1;12;9;3;4;0;9;22;5.636809264769763;4;3;0;6;2;4;14;24;4;2;4;23;5.896883166517842;5;13
EVAL_INSTANCE:9:0:180
EVAL_INSTANCE:9:1:181
EVAL_INSTANCE:9:2:182
EVAL_INSTANCE:9:3:183
EVAL_INSTANCE:9:4:184
EVAL_INSTANCE:9:5:185
EVAL_INSTANCE:9:6:186
EVAL_INSTANCE:9:7:187
EVAL_INSTANCE:9:8:188
EVAL_INSTANCE:9:9:189
RUN_RESULT:9:0:0:2000:----
RUN_RESULT:9:1:0:2000:----
RUN_RESULT:9:2:0:2000:----
RUN_RESULT:9:3:0:738:ULLLURDRUDDLLDLUURRRRRRULLLRRDRUDDDDDDR
RUN_RESULT:9:4:0:2000:----
RUN_RESULT:9:5:0:2000:----
RUN_RESULT:9:6:0:203:DLLUDLLUURRLURDRURLDDRUDDDLDLDLUUDDRRRRRR
RUN_RESULT:9:7:0:2000:----
RUN_RESULT:9:8:0:2000:----
RUN_RESULT:9:9:0:811:DLLUDLLUURRLURDRURLDDRULLLDDLUDRDRDRDRULLLDRRRRRR
    10 |      100 | -3.321000E+03 | -3.797000E+03
TRACK:190;186;148;2;1;2;4;1;0;6;2;6;15;5;5;7;-9.94928359914527;2;1;6;3;16;1;0;14;14;0;12;25;5;6;6;21;0.48433655479342974;2;3;4;2;0;10;9;2;11;23;3.147413744512353;3;4;6;4;21;-9.834626953308437;0;0;0;0;3;1;2;25;13;2;23;3.199330728248863;24;4;2;2;23;9.478622282274955;15;5;18;4;5;0;2;8;22;-4.92842235425061;6;10;5;0;5;5;3;22;8.634412432362263;4;4;2;8;18;2;0;3;3;2;0;8;25;0;16;11;3;2;1;3;17;5;16;4;1;12;13;3;0;3;3;4;17;1;1;0;19;19;3;15;2;1;21;-8.609752037238183;17;6;9;2;6;6;2;1;6;0;3;19;4;19;0;0;4;16;5;8;4;3;9;1;5;3;1;7;-3.1637055870997237;14;0;5;5;21;9.322231042190065;4;6;22;-5.279483884947744;0;6;1;5;5;0;4;17;4;19;2;4;5;6;8;0;1;2;11;22;-6.227006856809495;2;16;24;1;3;15;4;11;5;3;5;3;5;2;14;20;-8.767059166995391;1;3;4;3;5;5;2;6;2;23;2.664256748558675;10;2;1;8;20;5.6177966919309625;3;22;8.877715014031626;0;6;5;2;6;2;23;2.2241161936169584;10;2;23;-3.210021127643841;3;7;-7.457277944488128;2;0;3;2;5;1;6;11;5;14;6;5;5;14;5;0;6;6;1;12;9;3;4;0;9;22;5.704496881546362;4;3;0;6;2;4;8;24;4;2;4;23;5.70688737856135;5;13
TRACK:191;186;148;2;1;2;4;1;5;5;21;9.322231042190065;2;3;4;2;0;10;9;2;11;23;3.016376753215464;3;4;6;4;21;-9.798246847941266;0;0;0;0;3;1;2;25;13;2;23;3.1594471356770355;24;4;2;2;23;9.520384350635844;15;5;18;4;5;0;2;8;22;-4.896753892463213;6;10;5;0;5;5;3;22;8.819782014801152;4;4;2;8;18;2;0;3;3;2;0;8;25;0;16;11;3;2;1;3;17;5;16;4;1;12;13;3;0;3;3;4;17;1;1;0;19;19;3;15;2;1;21;-8.681083353620961;17;6;9;2;6;6;2;1;6;0;3;19;4;19;0;0;4;16;5;8;4;3;9;1;5;3;1;7;-3.256562456967681;14;0;5;5;21;9.480474537531437;4;6;22;-5.352452255315845;0;6;1;5;5;0;4;17;4;19;2;4;5;6;8;0;1;2;11;22;-6.17747545454354;2;16;24;1;3;9;4;11;5;3;5;3;5;2;14;20;-8.701709838742186;1;3;4;3;5;5;2;6;2;23;2.6017534248609735;10;2;1;8;20;5.623644867736839;3;7;-7.493503057162981;0;6;5;2;6;2;23;2.239016503723935;10;2;23;-3.1678912921192826;3;7;-7.5209221281928755;2;0;3;2;5;1;6;11;5;14;6;5;5;14;5;0;6;6;1;12;9;3;4;0;9;22;5.6208830427040715;4;3;0;6;2;4;8;24;4;2;4;23;5.677322889828589;5;13
TRACK:192;140;165;2;1;2;4;1;0;6;2;1;6;8;1;23;1.8460227511510063;16;5;5;7;-10.0;2;1;6;3;16;1;0;14;14;0;12;25;5;6;6;21;0.7093831134937598;2;3;4;2;0;10;9;2;11;23;3.085391908116088;3;4;6;4;21;-10.0;0;0;0;0;3;1;2;25;13;2;23;3.172224519441159;24;4;2;2;23;9.760403565013915;15;5;18;4;5;0;2;8;12;6;10;5;0;5;5;3;22;8.942874507321044;4;4;2;8;18;2;0;3;3;2;0;8;25;0;16;11;3;2;1;3;10;5;16;4;1;12;13;3;0;3;3;4;17;1;1;8;3;15;2;1;21;-8.83356645613671;17;6;9;2;6;6;2;1;6;0;3;19;4;19;0;0;4;16;5;8;4;3;9;1;5;3;1;7;-3.3302545876816696;14;0;5;5;21;9.565925895087727;4;6;22;-5.05567313044412;0;6;1;5;5;0;4;17;4;19;2;4;5;6;8;0;1;2;11;22;-6.401983532504714;2;16;24;1;3;9;4;11;5;3;5;3;5;2;14;20;-8.616323898591212;1;3;4;3;5;5;2;22;-5.171446625424996;2;1;8;20;5.705786641178726;3;7;-7.669018949736079;0;6;2;6;6;4;3;5;25;3;6;5;4;3;10;2;0;3;2;5;1;6;11;5;14;6;5;5;14;5;0;6;6;1;12;9;3;4;0;9;22;5.5913228252552685;4;3;0;6;2;4;8;24;4;2;4;23;5.846310630793269;5;13
TRACK:193;140;165;2;1;2;4;1;0;6;2;1;6;8;1;23;2.072950053472449;16;5;5;7;-9.90888716400385;2;1;6;3;16;1;0;14;14;0;12;25;5;6;6;21;0.6354935478679249;2;3;4;2;0;10;9;2;11;23;3.057026793958857;3;4;6;4;21;-9.968140661123671;0;0;0;0;3;1;2;25;13;2;23;3.17078233773229;24;4;2;2;23;9.67028818210638;15;5;18;25;5;0;5;5;3;22;8.972041590285828;4;4;2;8;18;2;0;3;3;2;0;8;25;0;16;11;3;2;1;3;17;5;16;4;1;12;13;3;0;3;3;4;17;1;1;0;19;19;3;15;2;1;21;-8.724843483111535;17;6;9;2;6;6;2;1;6;0;3;19;4;19;0;0;4;16;5;8;4;3;9;1;5;3;1;7;-3.220296025201899;14;0;5;5;21;9.561659743708196;4;6;22;-5.171446625424996;0;6;1;5;5;0;4;17;4;19;2;4;5;6;8;0;1;2;11;22;-6.190585415163132;2;16;24;1;3;9;4;11;5;3;5;3;5;2;14;20;-8.812742656652388;1;3;4;3;5;5;2;6;2;23;2.4305306254016457;10;2;1;8;20;5.669486880770903;3;7;-7.518926455633407;0;6;5;2;6;2;23;2.259888217931387;10;2;1;6;0;15;22;2.914929834563935;20;5.283844085033872;3;7;-7.549754979643317;2;0;9;5;0;6;6;1;12;9;3;4;0;9;22;5.5400728963294865;4;3;0;6;2;4;8;24;4;2;4;23;5.837712866322549;5;13
TRACK:194;183;189;2;1;2;4;1;0;6;2;1;6;8;1;23;1.7270631387861508;16;5;5;7;-9.86843437907084;2;1;6;3;16;1;0;14;14;0;12;25;5;6;6;21;0.8598730479942169;2;3;4;2;0;10;9;2;11;23;3.4001887195105396;3;4;6;4;21;-10.0;0;0;0;0;3;1;2;25;13;2;23;3.2014162138634537;24;4;2;2;23;9.747847649119615;15;5;18;4;5;0;2;8;12;6;10;5;4;3;5;25;2;0;3;3;2;0;8;25;0;16;11;3;2;1;3;14;5;16;4;1;12;13;3;0;3;3;4;17;1;1;0;19;19;3;15;2;1;21;-8.598854634656186;17;6;9;2;6;6;2;1;6;0;3;19;4;19;0;0;4;16;5;8;4;3;9;1;5;3;1;7;-3.394898115779012;14;0;5;5;21;9.419473630823786;4;6;22;-5.176403376258655;0;6;1;5;5;0;4;17;4;19;2;4;5;6;8;0;1;2;11;22;-6.093898907016807;2;16;24;1;3;9;4;11;5;3;5;3;5;2;14;20;-8.589242095347098;1;3;4;3;5;5;2;6;2;23;2.3431269640938783;10;2;1;8;20;5.6825458817738825;3;7;-7.629337892340359;0;6;2;6;6;4;3;5;25;3;6;5;4;3;10;2;0;3;2;5;1;6;11;5;14;6;5;5;14;5;0;6;6;1;12;9;3;4;0;20;5.319118601398873;22;5.737589631594739;4;3;0;6;2;4;8;24;4;2;4;23;5.736095352906563;5;13
TRACK:195;183;189;2;1;2;4;1;0;6;2;1;6;8;1;23;1.8552996448417134;16;5;5;7;-9.899268173425368;2;1;6;3;16;1;0;14;14;0;12;25;5;6;6;21;0.5895371830635756;2;3;4;2;0;10;9;2;11;23;3.047796521656232;3;4;6;4;21;-9.96722002638576;0;0;0;0;3;1;2;25;13;2;23;3.230667403617351;24;4;2;2;23;9.539937960158584;15;5;18;4;5;0;2;8;12;6;10;5;0;5;5;3;22;8.871387865829353;4;4;2;8;18;2;0;3;3;2;0;8;25;0;16;11;3;2;1;3;19;5;16;4;1;12;13;3;0;3;3;4;17;1;1;0;19;19;3;15;2;1;21;-8.592637968077536;17;6;9;2;6;6;2;1;6;0;3;19;4;19;0;0;4;16;5;8;4;3;9;1;5;3;1;7;-3.1171526875257842;14;0;5;5;21;9.482206544664374;4;6;22;-5.286641559473952;0;6;1;5;5;0;4;17;4;19;2;4;5;6;8;0;1;2;11;22;-6.40186670271779;2;16;24;1;3;9;4;11;5;3;5;3;5;2;14;20;-8.699464011406825;1;3;4;3;5;5;2;6;2;23;2.51374076558195;10;2;1;8;20;5.6872912799632145;3;7;-7.357286701326773;0;6;5;2;6;2;23;2.212421972266728;10;2;1;6;0;15;18;20;5.319118601398873;3;7;-7.526219070140569;2;0;3;2;5;1;6;11;5;14;6;5;5;14;5;0;6;6;1;12;9;3;4;0;9;22;5.636809264769763;4;3;0;6;2;4;14;24;4;2;4;23;5.896883166517842;5;13
TRACK:196;186;140;2;1;2;4;1;0;6;2;6;15;5;5;7;-9.94928359914527;2;1;6;3;16;1;0;14;14;0;12;25;5;6;6;21;0.48433655479342974;2;3;4;2;0;10;9;2;11;23;3.147413744512353;3;4;6;4;21;-9.834626953308437;0;0;0;0;3;1;2;25;13;2;23;3.199330728248863;24;4;2;2;23;9.478622282274955;15;5;18;4;5;0;2;8;22;-4.92842235425061;6;10;5;0;5;5;3;22;8.634412432362263;4;4;2;8;18;2;0;3;3;2;0;8;25;0;16;11;3;2;1;3;17;5;16;4;1;12;13;3;0;3;3;4;17;1;1;0;19;19;3;15;2;1;21;-8.609752037238183;17;6;9;2;6;6;2;1;6;0;3;19;0;10;9;0;0;4;16;5;8;4;3;9;1;5;3;1;7;-3.1637055870997237;14;0;5;5;21;9.322231042190065;4;6;22;-5.279483884947744;0;6;1;5;5;0;4;17;4;19;2;4;5;6;8;0;1;2;11;22;-6.227006856809495;2;16;24;1;3;9;4;11;5;3;5;3;5;2;14;20;-8.767059166995391;1;3;4;3;5;5;2;6;2;23;2.664256748558675;10;2;1;8;20;5.6177966919309625;3;22;8.877715014031626;0;6;5;2;6;2;23;2.2241161936169584;10;2;23;-3.210021127643841;3;7;-7.457277944488128;2;0;3;2;5;1;6;11;5;14;6;5;5;14;5;0;6;6;1;12;9;3;4;0;9;22;5.704496881546362;4;3;0;6;2;4;8;24;4;2;4;23;5.70688737856135;5;13
TRACK:197;186;140;2;1;2;4;1;0;6;2;1;6;8;1;23;1.8460227511510063;16;5;5;7;-10.0;2;1;6;3;16;1;0;14;14;0;12;25;5;6;6;21;0.7093831134937598;2;3;4;2;0;10;9;2;11;23;3.085391908116088;3;4;6;4;21;-10.0;0;0;0;0;3;1;2;25;13;2;23;3.172224519441159;24;4;2;2;23;9.760403565013915;15;5;18;4;5;0;2;8;12;6;10;5;0;5;5;3;22;8.942874507321044;4;4;2;8;18;2;0;3;3;2;0;8;25;0;16;11;3;2;1;3;10;5;16;4;1;12;13;3;0;3;3;4;17;1;1;8;3;15;2;1;21;-8.83356645613671;17;6;9;2;6;6;2;1;6;0;3;19;4;19;0;0;4;16;5;8;4;3;9;1;5;3;1;7;-3.3302545876816696;14;0;5;5;21;9.565925895087727;4;6;22;-5.05567313044412;0;6;1;5;5;0;4;17;4;19;2;4;5;6;8;0;1;2;11;22;-6.401983532504714;2;16;17;1;3;9;4;11;5;3;5;3;5;2;14;20;-8.616323898591212;1;3;4;3;5;5;2;6;2;23;2.3959803144657323;10;2;1;8;20;5.705786641178726;3;7;-7.669018949736079;0;6;2;6;6;4;3;5;25;3;6;5;4;3;10;2;0;3;2;5;1;6;11;5;14;6;5;5;14;5;0;6;6;1;12;9;3;4;0;9;22;5.5913228252552685;4;3;0;6;2;4;8;24;4;2;4;23;5.846310630793269;5;13
TRACK:198;183;168;2;1;2;4;1;0;6;2;1;6;8;1;23;1.7270631387861508;16;5;5;7;-9.86843437907084;2;1;6;3;16;1;0;14;14;0;12;25;5;6;6;21;0.8598730479942169;2;3;4;2;0;10;9;2;11;23;3.4001887195105396;3;4;6;4;21;-10.0;0;0;0;0;3;1;2;25;13;2;23;3.2014162138634537;24;4;2;2;23;9.747847649119615;15;5;18;4;5;0;2;8;12;6;10;5;4;3;5;25;2;0;3;3;2;0;8;25;0;16;11;3;2;1;3;14;5;16;4;1;12;13;3;0;2;14;20;-8.769494585923468;1;1;0;19;19;3;15;2;1;21;-8.598854634656186;17;6;9;2;6;6;2;1;6;0;3;19;4;19;0;0;4;16;5;8;4;3;9;1;5;3;1;7;-3.394898115779012;14;0;5;5;21;9.419473630823786;4;6;22;-5.176403376258655;0;6;1;5;5;0;4;17;4;19;2;4;5;6;8;0;1;2;11;22;-6.093898907016807;2;16;24;1;3;9;4;11;5;3;5;3;5;2;14;20;-8.589242095347098;1;3;4;3;5;5;2;6;2;23;2.3431269640938783;10;2;1;8;20;5.6825458817738825;3;7;-7.629337892340359;0;6;2;6;6;4;3;5;25;3;6;5;4;3;10;2;0;3;2;5;1;6;11;5;14;6;5;5;14;5;0;6;6;1;12;9;3;4;0;9;22;5.737589631594739;4;3;0;6;2;4;8;24;4;2;4;23;5.736095352906563;5;13
TRACK:199;183;168;2;1;2;4;1;0;6;2;1;6;8;1;23;1.714947501831654;16;5;5;7;-10.0;2;1;6;3;16;1;0;14;14;0;12;25;5;6;6;21;0.7343103384619687;2;3;4;2;0;10;9;2;11;23;3.1411627590058133;3;4;6;4;21;-9.915406809656409;0;0;0;0;3;1;2;25;13;2;23;3.170969146057697;24;4;2;2;23;9.835509710687983;15;5;18;4;5;0;2;8;12;6;10;5;0;5;5;3;22;8.889620300324628;0;1;2;11;22;-6.156890047549256;2;16;24;1;3;9;4;11;2;0;3;3;2;0;8;25;0;16;11;3;2;1;3;10;5;16;4;1;12;13;3;0;3;3;4;17;1;1;8;3;15;2;1;21;-8.835019078397535;17;6;9;2;6;6;2;1;6;0;3;19;4;19;0;0;4;16;5;8;4;3;9;7;-9.86843437907084;0;6;1;5;5;0;4;17;4;19;2;4;5;6;8;0;1;2;11;22;-6.286156289730776;2;16;24;1;3;9;4;11;5;3;5;3;5;2;14;20;-8.769494585923468;1;3;4;3;5;5;2;6;2;23;2.218466461510646;10;2;1;8;20;5.642303799459485;3;7;-7.531615937969377;0;6;2;6;6;4;3;5;25;3;6;5;4;3;10;2;0;3;2;5;1;6;11;5;14;6;5;5;14;5;0;6;6;1;12;9;3;4;0;9;22;5.634687282334056;4;3;0;6;2;4;8;24;4;2;4;23;6.040240246643603;5;13
TRACK:200;190;-1;2;1;2;4;1;0;6;2;6;15;5;5;7;-10.0;2;1;6;3;16;1;0;14;14;0;12;25;5;0;3;8;0;7;-5.617593303862818;11;2;3;4;2;0;10;9;2;11;23;3.3203172768660254;3;4;6;4;21;-9.833950191501128;0;0;0;0;3;1;2;25;13;2;23;3.2476994524851444;24;4;2;2;23;9.489870904850415;15;5;18;4;5;0;2;8;22;-5.03231007234698;6;10;5;0;5;5;3;22;8.466664647005581;4;4;2;8;18;2;0;3;3;2;0;8;25;0;16;11;3;2;1;3;17;5;16;4;1;12;13;3;0;3;3;4;17;1;1;0;19;19;3;15;2;1;21;-8.63014283027689;17;6;9;2;6;6;2;1;6;0;3;19;4;19;0;0;4;16;5;8;4;3;9;1;5;3;1;7;-3.124793875155933;14;0;5;5;21;9.364291397880733;4;6;22;-5.191543398823688;0;6;1;5;5;0;4;17;4;19;2;4;5;6;8;0;1;2;11;22;-6.336936887730349;2;16;24;1;3;15;4;11;5;3;5;3;5;2;14;20;-8.799579719924346;1;3;4;3;5;5;2;6;2;23;2.468966313705773;10;2;1;8;20;5.812336761527477;3;22;8.755982148114764;0;6;5;2;6;2;23;2.2619017884554857;10;2;23;-3.1933066603148346;3;7;-7.353802982075588;2;0;3;2;5;1;6;11;5;14;6;5;5;14;5;0;6;6;1;12;9;3;4;0;9;22;5.792661888782583;4;3;0;6;2;4;8;24;4;2;4;23;5.6845076367297676;5;13
TRACK:201;192;-1;2;1;2;4;1;0;6;2;1;6;8;1;23;1.8401780610029683;16;5;5;7;-10.0;2;1;6;3;16;1;0;14;14;0;12;25;5;6;6;21;0.7245802575615465;2;3;4;2;0;10;9;2;11;23;2.9702193365220415;3;4;6;4;21;-10.0;0;0;0;0;3;1;2;25;13;2;23;3.0175094768017785;24;4;2;2;23;9.873998225614011;15;5;18;4;5;0;2;8;12;6;10;5;0;5;5;3;22;8.925689810372742;4;4;2;8;18;2;0;3;3;2;0;8;25;0;16;11;3;2;1;3;10;5;16;4;1;12;13;3;0;3;3;4;17;1;1;8;3;15;2;1;21;-8.765669272240238;17;6;9;2;6;6;2;1;6;0;3;19;4;19;0;0;4;16;5;8;4;3;9;1;5;3;1;7;-3.4782998171366724;14;0;5;5;21;9.490398354529889;4;6;22;-5.031946926892861;0;6;1;5;5;0;4;17;4;19;2;4;5;6;8;0;1;2;11;22;-6.401671244453151;2;16;24;1;3;9;4;11;5;3;5;3;5;2;14;20;-8.612796732733145;1;3;4;3;5;5;2;22;-5.189546703609233;2;1;8;20;5.7681364859613735;3;7;-7.7179059173682285;0;6;2;6;6;4;3;5;25;3;6;5;4;3;10;2;0;3;2;5;1;6;11;5;14;6;5;6;11;5;0;6;6;1;12;9;3;4;0;9;22;5.668071756934163;4;3;0;6;2;4;8;24;4;2;4;23;5.91625088098929;5;13
TRACK:202;194;-1;2;1;2;4;1;0;6;2;1;6;8;1;23;1.862395073025881;16;5;5;7;-9.898829409604316;2;1;6;3;16;1;0;14;14;0;12;25;5;6;6;21;0.8676575056468201;2;3;4;2;0;10;9;2;11;23;3.319940624815813;3;4;6;4;21;-10.0;0;0;0;0;3;1;2;25;13;2;23;3.329239672355652;24;4;2;2;23;9.85346010034359;15;5;18;4;5;0;2;8;12;6;10;5;4;3;5;25;2;0;3;3;2;0;8;25;0;16;11;3;2;1;3;14;5;16;4;1;12;13;3;0;3;3;4;17;1;1;0;19;19;3;15;2;1;21;-8.800176304436476;17;6;9;2;6;6;2;1;6;0;3;19;4;19;0;0;4;16;5;8;4;3;9;1;5;3;1;7;-3.256911809752484;14;0;5;5;21;9.441942423704472;4;6;22;-5.183595037962188;0;6;1;5;5;0;4;17;4;19;2;4;5;6;8;0;1;2;11;22;-6.118650838883828;2;16;24;1;3;9;4;11;5;3;5;3;5;2;14;20;-8.562191044282097;1;3;3;3;4;2;13;11;0;6;2;6;6;4;3;5;25;3;6;5;4;3;10;2;0;3;2;5;1;6;11;5;14;6;5;5;14;5;0;6;6;1;12;9;3;4;0;20;5.155927871062247;22;5.78220697955796;4;3;0;6;2;4;8;24;4;2;4;23;5.767680453396321;5;13
TRACK:203;196;-1;2;1;2;4;1;0;6;2;6;15;5;5;7;-9.810781554370315;2;1;6;3;16;1;0;14;14;0;12;25;5;6;6;21;0.47155198998711456;2;3;4;2;0;10;9;2;11;23;3.2814217940893102;3;4;6;4;21;-9.862855397104953;0;0;0;0;3;1;2;25;13;2;23;3.0913996573404185;24;4;2;2;23;9.488339959151773;15;5;18;4;5;0;2;8;22;-4.860572388569587;6;10;5;0;5;5;3;22;8.73191667465443;4;4;2;8;18;2;0;3;3;2;0;8;25;0;16;11;3;2;1;3;17;5;16;4;1;12;13;3;0;3;3;4;17;1;1;0;19;19;3;15;2;1;21;-8.456474832848937;17;6;9;2;6;6;2;1;6;0;3;19;0;10;9;0;0;4;16;5;8;4;3;9;1;5;3;1;7;-3.444481078997219;14;0;5;5;21;9.099696244695624;4;6;22;-5.271789828878771;0;6;1;5;5;0;4;17;4;19;2;4;5;6;8;0;1;2;11;22;-6.349262084863024;2;16;24;1;3;9;4;23;-3.772851269660345;5;3;5;3;5;2;14;20;-8.804156220075534;1;3;4;3;5;5;2;6;2;23;2.6586596011546706;10;2;1;8;20;5.700398227217533;3;22;8.86183283895084;0;6;5;2;6;2;23;2.257989408428633;10;2;23;-3.063833178778739;3;7;-7.498046522331313;2;0;3;2;5;1;6;11;5;14;6;5;5;14;5;0;6;6;1;12;9;3;4;0;9;22;5.742873164966149;4;3;0;6;2;4;8;24;4;2;4;23;5.714355731002523;5;13
TRACK:204;198;-1;2;1;2;4;1;0;6;2;1;6;8;1;23;1.6227710535910682;16;5;5;7;-9.8841584455647;2;1;6;3;16;1;0;14;14;0;12;25;5;6;6;21;0.7853309765135147;2;3;4;2;0;10;9;2;11;23;3.455514174404284;3;4;6;4;21;-10.0;0;0;0;0;3;1;2;25;13;2;23;3.1935376961667203;24;4;2;2;23;9.619723447087006;15;5;18;4;5;0;2;8;12;6;10;5;4;3;5;25;2;0;3;3;2;0;8;25;0;16;11;3;2;1;3;14;6;23;8.921978332192886;4;1;12;13;3;0;2;14;20;-8.938979842698993;1;1;0;19;19;3;15;2;1;21;-8.701177892180702;17;6;9;2;6;6;2;1;6;0;3;19;4;19;0;0;4;16;5;8;4;3;9;1;5;3;1;7;-3.387222039353145;14;0;5;5;21;9.293960118042548;4;6;22;-5.274644475952976;0;6;1;5;5;0;4;17;4;19;2;4;5;6;8;0;1;2;11;22;-6.075442064592541;2;16;24;1;3;9;4;11;5;3;5;3;5;2;14;20;-8.752288517880292;1;3;4;3;5;5;2;6;2;23;2.382613445992808;10;2;1;8;20;5.754870147453476;3;7;-7.6922876823660316;0;6;2;6;6;4;3;5;25;3;6;5;4;3;10;2;0;3;2;5;1;6;11;5;14;6;5;5;14;5;0;6;6;1;12;9;3;4;0;9;22;5.743838973370896;4;3;0;6;2;4;8;24;4;2;4;23;5.699474456758944;5;13
TRACK:205;191;-1;2;1;2;4;1;5;5;21;9.4836475726602;2;3;4;2;0;10;9;2;11;23;2.8943805420389337;3;4;6;4;21;-9.917907999058036;0;0;0;0;3;1;2;25;13;2;23;3.1307703882179503;24;3;8;4;5;0;2;8;22;-4.772880696289544;6;10;5;0;5;5;3;22;8.819575434202786;4;4;2;8;18;2;0;3;3;2;0;8;25;0;16;11;3;2;1;3;17;5;16;4;1;12;13;3;0;3;3;4;17;1;1;0;19;19;3;15;2;1;21;-8.632951354562826;17;6;9;2;6;6;2;1;6;0;3;19;4;19;0;0;4;16;5;8;4;3;9;1;5;3;1;7;-3.267208765403771;14;0;5;5;21;9.29035329479188;4;6;22;-5.434666019348723;0;6;1;5;5;0;4;17;4;19;2;4;5;6;8;0;1;2;11;22;-6.117504231905649;2;16;24;1;3;9;4;11;5;3;5;3;5;2;14;20;-8.908785034576757;1;3;4;3;5;5;2;6;2;23;2.735616903739984;10;2;1;8;20;5.693969433383207;3;7;-7.333394127969534;0;6;5;2;6;2;23;2.2410944736091705;10;2;23;-3.0995668853948706;3;7;-7.500567491030334;2;0;3;2;5;1;6;11;5;14;6;5;5;14;5;0;6;6;1;12;9;3;4;0;9;22;5.523848488349415;4;3;0;6;2;4;8;24;4;2;4;23;5.736679223358464;5;13
TRACK:206;193;-1;2;1;2;4;1;0;6;2;1;6;8;1;23;1.916717457492728;16;5;5;7;-10.0;2;1;6;3;16;1;0;14;14;0;12;25;5;6;6;21;0.6995036473034302;2;3;4;2;0;10;9;2;11;23;3.181442716737661;3;4;6;4;21;-9.92389942288323;0;0;0;0;3;1;2;25;13;2;23;3.028300891374764;24;4;2;2;23;9.779503447949475;15;5;18;25;5;0;5;5;3;22;8.922804092679419;4;4;2;8;18;2;0;3;3;2;0;8;25;0;16;11;3;2;1;3;17;5;16;4;1;12;13;3;0;3;3;4;17;1;1;0;19;19;3;15;2;1;21;-8.917396821148506;17;6;9;2;6;6;2;1;6;0;3;19;4;19;0;0;4;16;5;8;4;3;9;1;5;3;1;7;-3.19189584656281;14;0;5;5;21;9.510973703397411;4;6;22;-5.220498582919187;0;6;1;5;5;0;4;17;4;19;2;4;5;6;8;0;1;2;11;22;-6.09894250349076;2;16;24;1;3;9;4;11;5;3;5;3;5;2;14;20;-8.879834746513014;1;3;4;3;5;5;2;6;2;23;2.5384663216494125;10;2;1;8;20;5.793167844056551;3;7;-7.513041911621884;0;6;5;2;6;2;23;2.330899414379015;10;2;5;11;3;7;-7.607827823093349;2;0;9;5;0;6;6;1;12;9;3;4;0;9;22;5.513216255690356;4;3;0;6;2;4;8;24;4;2;4;23;5.839326393078529;5;13
TRACK:207;195;-1;2;1;2;4;1;0;6;2;1;6;8;1;23;1.7201345670639905;16;5;5;7;-9.881182245095374;2;1;6;3;16;1;0;14;14;0;12;25;5;6;6;21;0.5587042515724713;2;3;4;2;0;10;9;2;11;23;3.1757413998035546;3;4;6;4;21;-9.890179060434306;0;0;0;0;3;1;2;25;13;2;23;3.2481017479334877;24;4;2;2;23;9.286828983141309;15;5;18;4;5;0;2;8;12;6;10;5;0;5;5;3;22;8.902707776125855;4;4;2;8;18;2;0;3;3;2;0;8;25;0;16;11;4;5;3;6;22;4.409122453013463;3;0;3;3;4;17;1;1;0;19;19;3;15;2;1;21;-8.625247949948463;17;6;9;2;6;6;2;1;6;0;3;19;4;19;0;0;4;16;5;8;4;3;9;1;5;3;1;7;-3.108388562603663;14;0;5;5;21;9.559008081730154;4;6;22;-5.2873205053616275;0;6;1;5;5;0;4;17;4;19;2;4;5;6;8;0;1;2;11;22;-6.505978004577965;2;16;24;1;3;9;4;11;5;3;5;3;5;2;14;20;-8.683363373675892;1;3;4;3;5;5;2;6;2;23;2.490000817474756;10;2;1;8;20;5.533303232661193;3;7;-7.33693551120972;0;6;5;2;6;2;23;2.3719202565427677;10;2;1;6;0;15;18;20;5.339945607832082;3;7;-7.537008938244555;2;0;3;2;5;1;6;11;5;14;6;5;5;14;5;0;6;6;1;12;9;3;4;0;9;22;5.783182160191053;4;3;0;6;2;4;14;24;4;2;4;23;5.821596218778265;5;13
TRACK:208;197;-1;2;1;2;4;1;0;6;2;1;6;8;1;23;1.829943909987012;16;5;5;7;-9.978710457607978;2;1;6;3;16;1;0;14;14;0;12;25;5;6;6;21;0.6897635616170109;2;3;4;2;0;10;9;2;11;23;3.301941711307179;3;4;6;4;21;-9.8049575325615;0;0;0;0;3;1;2;25;13;2;23;3.1247186433866565;24;4;2;2;23;9.843620781386848;15;5;18;4;5;0;2;8;12;6;10;5;0;5;5;3;22;8.91273784861039;4;4;2;8;18;2;0;3;3;2;0;8;25;0;16;11;3;2;1;3;10;5;16;4;1;12;13;3;0;3;3;4;17;1;1;8;3;15;2;1;21;-8.827767541322135;17;6;9;2;6;4;4;3;0;24;9;0;6;1;5;5;0;4;17;4;19;2;4;5;6;8;0;1;2;11;22;-6.2383848455283335;2;16;17;1;3;9;4;11;5;3;5;3;5;2;14;20;-8.639217286533366;1;3;4;3;5;5;2;6;2;23;2.520698450988129;10;2;1;8;20;5.873534661514975;3;7;-7.603273003702497;0;6;2;6;6;4;3;5;25;3;6;5;4;3;10;2;0;3;2;5;1;6;11;5;14;6;5;5;14;5;0;6;6;1;12;9;3;4;0;9;22;5.754072743851281;4;3;0;6;2;4;8;24;4;2;4;23;6.037209893196909;5;13
TRACK:209;199;-1;2;1;2;4;1;0;6;2;1;6;8;1;23;1.7988600576093965;16;5;5;7;-10.0;2;1;6;3;16;1;0;14;14;0;12;25;5;6;6;21;0.5691012228806536;2;3;4;2;0;10;9;2;11;23;3.213341778918194;3;4;6;4;21;-9.952309384454198;0;0;0;0;3;2;13;15;4;2;2;23;9.937806162086506;15;5;18;4;5;0;2;8;12;6;10;5;0;5;5;3;22;8.93547227899091;0;1;2;11;22;-6.188713601939597;2;16;24;1;3;9;4;11;2;0;3;3;2;0;8;25;0;16;11;3;2;1;3;10;5;16;4;1;12;13;3;0;3;3;4;17;1;1;8;3;15;2;1;21;-8.89741130378726;17;6;9;2;6;6;2;1;6;0;3;19;4;19;0;0;4;16;5;8;4;3;9;7;-9.913414308896348;0;6;1;5;5;0;4;17;4;19;2;4;5;6;8;0;1;2;11;22;-6.33791226390095;2;16;24;1;3;9;4;11;5;3;5;3;5;2;14;20;-8.607636517940488;1;3;4;3;5;5;2;6;2;23;2.310136845900189;10;2;1;8;20;5.815449878918764;3;7;-7.629792315068936;0;6;2;6;6;4;3;5;25;3;6;5;4;3;10;2;0;3;2;5;1;6;11;5;14;6;5;5;14;5;0;6;6;1;12;9;3;4;0;9;22;5.796520281937373;4;3;0;6;2;4;8;24;4;2;4;23;6.1391491621187795;5;13
EVAL_INSTANCE:10:0:200
EVAL_INSTANCE:10:1:201
EVAL_INSTANCE:10:2:202
EVAL_INSTANCE:10:3:203
EVAL_INSTANCE:10:4:204
EVAL_INSTANCE:10:5:205
EVAL_INSTANCE:10:6:206
EVAL_INSTANCE:10:7:207
EVAL_INSTANCE:10:8:208
EVAL_INSTANCE:10:9:209
RUN_RESULT:10:0:0:530:DLLUDLLUURRLURDRURLDDRULLLLDRDDRDRDRULLLDRRRRRR
RUN_RESULT:10:1:0:2000:----
RUN_RESULT:10:2:0:2000:----
RUN_RESULT:10:3:0:2000:----
RUN_RESULT:10:4:0:2000:----
RUN_RESULT:10:5:0:2000:----
RUN_RESULT:10:6:0:2000:----
RUN_RESULT:10:7:0:2000:----
RUN_RESULT:10:8:0:2000:----
RUN_RESULT:10:9:0:2000:----
    11 |      110 | -3.349100E+03 | -3.797000E+03
TRACK:210;200;140;2;1;2;4;1;0;6;2;6;15;5;5;7;-10.0;2;1;6;3;16;1;0;14;14;0;12;25;5;0;3;8;0;7;-5.617593303862818;11;2;3;4;2;0;10;9;2;11;23;3.3203172768660254;3;4;6;4;21;-9.833950191501128;0;0;0;0;3;1;2;25;13;2;23;3.2476994524851444;24;4;2;2;23;9.489870904850415;15;5;18;4;5;0;2;8;22;-5.03231007234698;6;10;5;0;5;5;3;22;8.466664647005581;4;4;2;8;18;2;0;3;3;2;0;8;25;0;16;11;3;2;1;3;17;5;16;4;1;12;13;3;0;3;3;4;17;1;1;0;19;19;3;15;2;1;21;-8.63014283027689;17;6;9;2;6;6;2;1;6;0;3;19;4;19;0;0;4;16;5;8;4;3;9;1;5;3;1;7;-3.124793875155933;14;0;5;5;21;9.364291397880733;4;6;22;-5.191543398823688;0;6;1;5;5;0;4;17;4;19;2;4;5;6;8;0;1;2;11;22;-6.336936887730349;2;16;24;1;3;15;4;11;5;3;5;3;5;2;14;20;-8.799579719924346;1;3;4;3;5;5;2;6;2;23;2.468966313705773;10;2;1;8;20;5.812336761527477;3;22;8.755982148114764;0;6;5;2;6;2;23;2.2619017884554857;10;2;23;-3.1933066603148346;3;7;-7.353802982075588;2;0;3;2;5;1;6;11;5;14;6;5;5;14;5;0;6;6;1;12;9;3;4;0;9;22;5.792661888782583;4;3;0;6;2;4;8;24;4;2;4;23;5.6845076367297676;9
TRACK:211;200;140;2;1;2;4;1;0;6;2;1;6;8;1;23;1.8460227511510063;16;5;5;7;-10.0;2;1;6;3;16;1;6;10;0;12;25;5;6;6;21;0.7093831134937598;2;3;4;2;0;10;9;2;11;23;3.085391908116088;3;4;6;4;21;-10.0;0;0;0;0;3;1;2;25;13;2;23;3.172224519441159;24;4;2;2;23;9.760403565013915;15;5;18;4;5;0;2;8;12;6;10;5;0;5;5;3;22;8.942874507321044;4;4;2;8;18;2;0;3;3;2;0;8;25;0;16;11;3;2;1;3;10;5;16;4;1;12;13;3;0;3;3;4;17;1;1;8;3;15;2;1;21;-8.83356645613671;17;6;9;2;6;6;2;1;6;0;3;19;4;19;0;0;4;16;5;8;4;3;9;1;5;3;1;7;-3.3302545876816696;14;0;5;5;21;9.565925895087727;4;6;22;-5.05567313044412;0;6;1;5;5;0;4;17;4;19;2;4;5;6;8;0;1;2;11;22;-6.401983532504714;2;16;24;1;3;9;4;11;5;3;5;3;5;2;14;20;-8.616323898591212;1;3;4;3;5;5;2;6;2;23;2.3959803144657323;10;2;1;8;20;5.705786641178726;3;7;-7.669018949736079;0;6;2;6;6;4;3;5;25;3;6;5;4;3;10;2;0;3;2;5;1;6;11;5;14;6;5;5;14;5;0;6;6;1;12;9;3;4;0;9;22;5.5913228252552685;4;3;0;6;2;4;8;24;4;2;4;23;5.846310630793269;5;13
TRACK:212;186;183;2;1;2;4;1;0;6;2;6;15;5;5;7;-9.94928359914527;2;1;6;3;16;1;0;14;14;0;12;25;5;6;6;21;0.48433655479342974;2;3;4;2;0;10;9;2;11;23;3.147413744512353;3;4;6;4;21;-9.834626953308437;0;0;0;0;3;1;2;25;13;2;23;3.199330728248863;24;4;2;2;23;9.478622282274955;15;5;18;4;5;0;2;8;22;-4.92842235425061;6;10;5;0;5;5;3;22;8.634412432362263;4;4;2;8;18;2;0;3;3;2;0;8;25;0;16;11;3;2;1;3;17;5;16;4;1;12;13;3;0;3;3;4;17;1;1;0;19;19;3;15;2;1;21;-8.609752037238183;24;6;9;2;6;6;2;1;6;0;3;19;4;19;0;0;4;16;5;8;4;3;9;1;5;3;1;7;-3.1637055870997237;14;0;5;5;21;9.322231042190065;4;6;22;-5.279483884947744;0;6;1;5;5;0;4;17;4;19;2;4;5;6;8;0;1;2;11;22;-6.227006856809495;2;16;24;1;3;9;4;11;5;3;5;3;5;2;14;20;-8.767059166995391;1;3;4;3;5;5;2;6;2;23;2.664256748558675;10;2;1;8;20;5.6177966919309625;3;22;8.877715014031626;0;6;5;2;6;2;23;2.2241161936169584;10;2;23;-3.210021127643841;3;7;-7.457277944488128;2;0;3;2;5;1;6;11;5;14;6;5;5;14;5;0;6;6;1;12;9;3;4;0;9;22;5.704496881546362;4;3;0;6;2;4;8;24;4;2;4;23;5.70688737856135;5;13
TRACK:213;186;183;2;1;2;4;1;0;6;2;1;6;8;1;23;1.7270631387861508;16;5;5;7;-9.86843437907084;2;1;6;3;16;1;0;14;14;0;12;25;5;6;6;21;0.8598730479942169;2;3;4;2;0;10;9;2;11;23;3.4001887195105396;3;4;6;4;21;-10.0;0;0;0;0;3;1;2;25;8;2;23;3.2014162138634537;24;4;2;2;23;9.747847649119615;15;5;18;4;5;0;2;8;12;6;10;5;4;3;5;25;2;0;3;3;2;0;8;25;0;16;11;3;2;1;3;14;5;16;4;1;12;13;3;0;3;3;4;17;1;1;0;19;19;3;15;2;1;21;-8.598854634656186;17;6;9;2;6;6;2;1;6;0;3;19;4;19;0;0;4;16;5;8;4;3;9;1;5;3;1;7;-3.394898115779012;14;0;5;5;21;9.419473630823786;4;6;22;-5.176403376258655;0;6;1;5;5;0;4;17;4;19;2;4;5;6;8;0;1;2;11;22;-6.093898907016807;2;16;24;1;3;9;4;11;5;3;5;3;5;2;14;20;-8.589242095347098;1;3;4;3;5;5;2;6;2;23;2.3431269640938783;10;2;1;8;20;5.6825458817738825;3;7;-7.629337892340359;0;6;2;6;6;4;3;5;25;3;6;5;4;3;10;2;0;3;2;5;1;6;11;5;14;6;5;5;14;5;0;6;6;1;12;9;3;4;0;9;22;5.737589631594739;4;3;0;6;2;4;8;24;4;2;4;23;5.736095352906563;5;13
TRACK:214;121;140;2;1;2;4;1;0;6;2;1;6;8;1;23;1.9259657678002748;16;5;5;7;-9.958046383762719;2;1;6;3;16;1;0;14;14;0;12;25;5;6;6;21;0.6910788360703021;2;3;4;2;0;10;9;2;11;23;3.077189071818708;3;4;6;4;21;-9.897383180034442;0;0;0;0;3;1;2;25;13;2;23;3.284707271324968;24;4;2;2;23;9.547272621967526;15;5;18;4;5;0;2;8;12;6;10;5;0;5;5;3;22;8.916990431628893;4;4;2;8;18;2;0;3;3;2;0;8;25;0;16;11;3;2;1;3;17;5;16;4;1;12;13;3;0;3;3;4;17;1;1;0;19;19;3;15;2;1;21;-8.782414199563856;17;6;9;2;6;6;2;1;6;0;3;19;4;19;0;0;4;16;5;8;4;3;9;1;5;3;1;7;-3.2546271282540973;14;0;5;5;21;9.486272059119056;4;6;22;-5.303657056116747;0;6;1;5;5;0;4;17;4;19;2;4;5;6;8;0;1;2;11;22;-6.180427776193257;2;16;24;1;3;9;4;11;5;3;5;3;5;2;14;20;-8.719660750114684;1;3;4;3;5;5;2;6;2;23;2.5109837787450955;10;2;1;8;20;5.655414557721205;3;7;-7.449027165054126;0;6;5;2;6;2;23;2.276584180947706;10;2;1;6;2;23;2.3959803144657323;10;20;5.286119260030983;3;7;-7.584490910616166;2;0;3;2;5;1;6;11;5;14;6;5;5;14;5;0;6;6;1;12;9;3;4;0;9;22;5.679281528391448;4;3;0;6;2;4;8;24;4;2;4;23;5.765550519437018;5;13
TRACK:215;121;140;2;1;2;4;1;0;6;2;1;6;8;1;23;1.8460227511510063;16;5;5;7;-10.0;2;1;6;3;16;1;0;14;14;0;12;25;5;6;6;21;0.7093831134937598;2;3;4;2;0;10;9;2;11;23;3.085391908116088;3;4;6;4;21;-10.0;0;0;0;0;3;1;2;25;13;2;23;3.172224519441159;24;4;2;2;23;9.760403565013915;15;5;18;4;5;0;2;8;12;6;10;5;0;5;5;3;22;8.942874507321044;4;4;2;8;18;2;0;3;3;2;0;8;25;0;16;11;3;2;1;3;10;5;16;4;1;12;13;3;0;3;3;4;17;1;1;8;3;15;2;1;21;-8.83356645613671;17;6;9;2;6;6;2;1;6;0;3;19;4;19;0;0;4;16;5;8;4;3;9;1;5;3;1;7;-3.3302545876816696;14;0;5;5;21;9.565925895087727;4;6;22;-5.05567313044412;0;6;1;5;5;0;4;17;4;19;2;4;5;6;8;0;1;2;11;22;-6.401983532504714;2;16;24;1;3;9;4;11;5;3;5;3;5;2;14;20;-8.616323898591212;1;3;4;3;5;5;2;6;2;23;2.3959803144657323;10;2;1;8;20;5.705786641178726;3;7;-7.669018949736079;0;6;2;6;6;4;3;5;25;3;6;5;4;3;10;2;0;3;2;5;1;6;11;5;14;6;5;2;8;18;5;0;6;6;1;12;9;3;4;0;9;22;5.5913228252552685;4;3;0;6;2;4;8;24;4;2;4;23;5.846310630793269;5;13
TRACK:216;148;168;2;1;2;4;1;0;6;3;4;17;2;1;6;3;16;1;0;14;14;0;12;25;5;6;6;21;0.5638259005646784;2;3;4;2;0;10;9;2;11;23;3.016376753215464;3;4;6;4;21;-9.798246847941266;0;0;0;0;3;1;2;25;13;2;23;3.1594471356770355;24;4;2;2;23;9.520384350635844;15;5;18;4;5;0;2;8;22;-4.896753892463213;6;10;5;0;5;5;3;22;8.819782014801152;4;4;2;8;18;2;0;3;3;2;0;8;25;0;16;11;3;2;1;3;17;5;16;4;1;12;13;3;0;3;3;4;17;1;1;0;19;19;3;15;2;1;21;-8.681083353620961;17;6;9;2;6;6;2;1;6;0;3;19;4;19;0;0;4;16;5;8;4;3;9;1;5;3;1;7;-3.256562456967681;14;0;5;5;21;9.480474537531437;4;6;22;-5.352452255315845;0;6;1;5;5;0;4;17;4;19;2;4;5;6;8;0;1;2;11;22;-6.17747545454354;2;16;24;1;3;9;4;11;5;3;5;3;5;2;14;20;-8.701709838742186;1;3;4;3;5;5;2;6;2;23;2.6017534248609735;10;2;1;8;20;5.623644867736839;3;7;-7.493503057162981;0;6;5;2;6;2;23;2.239016503723935;10;2;23;-3.1678912921192826;3;7;-7.5209221281928755;2;0;3;2;5;1;6;11;5;14;6;5;5;14;5;0;6;6;1;12;9;3;4;0;9;22;5.6208830427040715;4;3;0;6;2;4;8;24;4;2;4;23;5.677322889828589;5;13
TRACK:217;148;168;2;1;2;4;1;0;6;2;1;6;8;1;23;1.714947501831654;16;5;5;7;-10.0;2;1;6;3;16;1;0;14;14;0;12;25;5;6;6;21;0.7343103384619687;2;3;4;2;0;10;9;2;11;23;3.1411627590058133;3;4;6;4;21;-9.915406809656409;0;0;0;0;3;1;2;25;13;2;23;3.170969146057697;24;4;2;2;23;9.835509710687983;15;5;18;4;5;0;2;8;12;6;10;5;0;5;5;3;22;8.889620300324628;0;1;2;11;22;-6.156890047549256;2;16;24;1;14;4;11;2;0;3;3;2;0;8;25;0;16;11;3;2;1;3;10;5;16;4;1;12;13;3;0;3;3;4;17;1;1;8;3;15;2;1;21;-8.835019078397535;17;6;9;2;6;6;2;1;6;0;3;19;4;19;0;0;4;16;5;8;4;3;9;1;5;3;1;7;-3.297274165916531;15;0;5;5;21;9.669330435369972;4;6;22;-5.189195424352895;0;6;1;5;5;0;4;17;4;19;2;4;5;6;8;0;1;2;11;22;-6.286156289730776;2;16;24;1;3;9;4;11;5;3;5;3;5;2;14;20;-8.769494585923468;1;3;4;3;5;5;2;6;2;23;2.218466461510646;10;2;1;8;20;5.642303799459485;3;7;-7.531615937969377;0;6;2;6;6;4;3;5;25;3;6;5;4;3;10;2;0;3;2;5;1;6;11;5;14;6;5;5;14;5;0;6;6;1;12;9;3;4;0;9;22;5.634687282334056;4;3;0;6;2;4;8;24;4;2;4;23;6.040240246643603;5;13
TRACK:218;165;186;2;1;2;4;1;0;6;2;1;6;8;1;23;2.072950053472449;16;5;5;7;-9.90888716400385;2;1;6;3;16;1;0;14;14;0;12;25;5;6;6;21;0.6354935478679249;2;3;4;2;0;10;9;2;11;23;3.057026793958857;3;4;6;19;0;0;0;0;3;1;2;25;13;2;23;3.17078233773229;24;4;2;2;23;9.67028818210638;15;5;18;25;5;0;5;5;3;22;8.972041590285828;4;4;2;8;18;2;0;3;3;2;0;8;25;0;16;11;3;2;1;3;17;5;16;4;1;12;13;3;0;3;3;4;17;1;1;0;19;19;3;15;2;1;21;-8.724843483111535;17;6;9;2;6;6;2;1;6;0;3;19;4;19;0;0;4;16;5;8;4;3;9;1;5;3;1;7;-3.220296025201899;14;0;5;5;21;9.561659743708196;4;6;22;-5.171446625424996;0;6;1;5;5;0;4;17;4;19;2;4;5;6;8;0;1;2;11;22;-6.190585415163132;2;16;24;1;3;9;4;11;5;3;5;3;5;2;14;20;-8.812742656652388;1;3;4;3;5;5;2;6;2;23;2.4305306254016457;10;2;1;8;20;5.669486880770903;3;7;-7.518926455633407;0;6;5;2;6;2;23;2.259888217931387;10;2;1;6;0;15;22;2.914929834563935;20;5.283844085033872;3;7;-7.549754979643317;2;0;3;2;5;1;6;11;5;14;6;5;5;14;5;0;6;6;1;12;9;3;4;0;9;22;5.5400728963294865;4;3;0;6;2;4;8;24;4;2;4;23;5.837712866322549;5;13
TRACK:219;165;186;2;1;2;4;1;0;6;2;6;15;5;5;7;-9.94928359914527;2;1;6;3;16;1;0;14;14;0;12;25;5;6;6;21;0.48433655479342974;2;3;4;2;0;10;9;2;11;23;3.147413744512353;3;4;6;4;21;-9.834626953308437;0;0;0;0;3;1;2;25;13;2;23;3.199330728248863;24;4;2;2;23;9.478622282274955;15;5;18;4;5;0;2;8;22;-4.92842235425061;6;10;5;0;5;5;3;22;8.634412432362263;4;4;2;8;18;2;0;3;3;2;0;8;25;0;16;11;3;2;1;3;17;5;16;4;1;12;13;3;0;3;3;4;17;1;1;0;19;19;3;15;2;16;6;9;2;6;6;2;1;6;0;3;19;4;19;0;0;4;16;5;8;4;3;9;1;5;3;1;7;-3.1637055870997237;14;0;5;5;21;9.322231042190065;4;6;22;-5.279483884947744;0;6;1;5;5;0;4;17;4;19;2;4;5;6;8;0;1;2;11;22;-6.227006856809495;2;16;24;1;3;9;4;11;5;3;5;3;5;2;14;20;-8.767059166995391;1;3;4;3;5;5;2;6;2;23;2.664256748558675;10;2;1;8;20;5.6177966919309625;3;22;8.877715014031626;0;6;5;2;6;2;23;2.2241161936169584;10;2;23;-3.210021127643841;3;7;-7.457277944488128;2;0;3;2;5;1;6;11;5;14;6;5;5;14;5;0;6;6;1;12;9;3;4;0;9;22;5.704496881546362;4;3;0;6;2;4;8;24;4;2;4;23;5.70688737856135;5;13
TRACK:220;210;-1;2;1;2;4;1;0;6;2;6;15;5;5;7;-10.0;2;1;6;3;16;1;0;14;14;0;12;25;5;0;3;8;0;7;-5.77529771170832;11;2;3;4;2;0;10;9;2;11;23;3.2160914365145166;3;4;6;4;21;-9.647844195003616;0;0;0;0;3;1;2;25;13;2;23;3.3273914552014223;24;4;2;2;23;9.645338372112942;15;5;18;4;5;0;2;8;22;-4.958094644398005;6;10;5;0;5;5;3;22;8.496674258509973;4;4;2;20;4.646456209960434;18;2;0;3;3;2;0;8;25;0;16;11;3;2;1;3;17;5;16;4;1;12;13;3;0;3;3;4;17;1;1;0;19;19;3;15;2;1;21;-8.712881488233414;17;6;9;2;6;6;2;1;6;0;3;19;4;19;0;0;4;16;5;8;4;3;9;1;5;3;1;7;-2.9883515024113905;14;0;5;5;21;9.46369522723989;4;6;22;-5.1210961054798245;0;6;1;5;5;0;4;17;4;19;2;4;5;6;8;0;1;2;11;22;-6.304352750542835;2;16;24;1;3;15;4;11;5;3;5;3;5;2;14;20;-8.869566496538209;1;3;4;3;5;5;2;6;2;23;2.412417148589669;10;2;1;8;20;5.769865794014065;3;22;8.80419921572777;0;6;5;2;6;2;23;2.1320187465283924;10;2;23;-3.178343691247601;3;7;-7.565024780660036;2;0;3;2;5;1;6;11;5;14;6;5;5;14;5;0;6;6;1;12;9;3;4;0;9;22;5.799745340807707;4;3;0;6;2;4;8;24;4;2;4;23;5.7001482280326465;9
TRACK:221;212;-1;2;1;2;4;1;0;6;2;6;15;5;5;7;-9.778231187794258;2;1;6;3;16;1;0;14;14;0;12;25;5;6;6;21;0.46365952423593526;2;3;4;2;0;10;9;2;11;23;3.0781093724100868;3;4;6;4;21;-9.83930547146758;0;0;0;0;3;1;2;25;13;2;23;3.3036744791866575;24;4;2;2;23;9.523203314069185;15;5;18;4;5;0;2;8;22;-5.01456528642841;6;10;5;0;5;5;3;22;8.665988960640709;4;4;2;8;18;2;0;3;3;2;0;8;25;0;16;11;3;2;1;3;17;5;16;4;1;12;13;3;0;3;3;4;17;1;1;0;19;19;3;15;2;1;21;-8.739997762141797;24;6;9;2;6;6;2;1;6;0;3;19;4;19;0;0;4;16;5;8;4;3;9;1;5;3;1;7;-3.341985594388886;14;0;5;5;21;9.401141321630826;4;6;22;-5.278547766110667;0;6;1;5;5;0;4;17;4;19;2;4;5;6;18;0;1;2;11;22;-6.258638286710222;2;16;24;1;3;9;4;11;5;3;5;3;5;2;14;20;-8.86496947026123;1;3;4;3;5;5;2;6;2;23;2.659040534679855;10;2;1;8;20;5.668632218125726;3;22;8.935265610115989;0;6;5;2;6;2;23;2.1021565829825266;10;2;23;-3.157816992344227;3;7;-7.464310763937912;2;0;3;2;5;1;6;11;5;14;6;5;5;14;5;0;6;6;1;12;9;3;4;0;9;22;5.767722596970211;4;3;0;6;2;4;8;24;4;2;4;23;5.6648407051079985;5;13
TRACK:222;214;-1;2;1;2;4;1;0;6;2;1;6;8;1;23;1.765146407503625;16;5;5;7;-10.0;2;1;6;3;16;1;0;14;14;0;12;25;5;6;6;21;0.6741521631629857;2;3;4;2;0;10;9;2;11;23;3.0220553455655415;3;4;6;4;21;-10.0;0;0;0;0;3;1;2;25;13;2;23;3.3338540551917237;24;4;2;2;23;9.614226007871514;15;5;18;4;5;0;2;8;12;6;10;5;0;5;5;3;22;8.882227426107526;4;4;2;8;18;2;0;3;3;2;0;8;25;0;16;11;3;2;1;3;17;5;16;4;1;12;13;3;0;3;3;4;17;1;1;0;19;19;3;15;2;1;21;-8.675253224327319;17;6;9;2;6;6;2;1;6;0;3;19;4;19;0;0;4;16;5;8;4;3;9;1;5;3;1;7;-3.2220129199663012;14;0;5;5;21;9.494654259394558;4;6;22;-5.1220908886571905;0;6;1;5;5;0;4;17;4;19;2;4;5;6;8;0;1;2;11;22;-6.246135840800197;2;16;24;1;3;9;4;11;5;3;5;3;5;2;14;20;-8.789022270384262;1;3;4;3;5;5;2;6;2;23;2.4587866082656595;10;2;1;8;20;5.608909624319728;3;7;-7.370688309576227;0;6;5;2;6;5;0;23;8.827737282999554;17;2;1;6;2;23;2.3887415504468437;10;20;5.266485312180435;3;7;-7.680412716728084;2;0;3;2;5;1;6;11;5;14;6;5;5;14;5;0;6;6;1;12;9;3;4;0;9;22;5.590989955079313;4;3;0;6;2;4;8;24;4;2;4;23;5.828590204346486;5;13
TRACK:223;216;-1;2;1;2;4;1;0;6;3;4;17;2;1;6;3;16;1;0;14;14;0;12;25;5;6;6;21;0.47644848037289794;2;3;4;2;0;10;9;2;11;23;3.0208585375516392;3;4;6;4;21;-9.690720643071762;0;0;0;0;3;1;2;25;13;2;23;3.0754636503468724;24;4;2;2;23;9.472613122111836;15;5;18;4;5;0;2;8;22;-4.902521758298096;6;10;5;0;5;5;3;22;8.673855605116154;4;4;2;8;18;2;0;3;3;2;0;8;25;0;16;11;3;2;1;5;24;5;16;4;1;12;13;3;0;3;3;4;17;1;1;0;19;19;3;15;2;1;21;-8.866108902421976;17;6;9;2;6;6;2;1;6;0;3;19;4;19;0;0;4;16;5;8;4;3;9;1;5;3;1;7;-3.358708464202979;14;0;5;5;21;9.528735359573307;4;6;22;-5.314768773286091;0;6;1;5;5;0;4;17;4;19;2;4;5;6;8;0;1;2;11;22;-6.101924960462252;2;16;24;1;3;9;4;11;5;3;5;3;5;2;14;20;-8.695195061164629;1;3;4;3;5;5;2;6;2;23;2.4988124958449336;10;2;1;8;20;5.599697847713158;3;7;-7.444487912005849;0;6;5;2;6;2;23;2.212408891643229;10;2;23;-3.1185898580803206;3;7;-7.308167284288006;2;0;3;2;5;1;6;11;5;14;6;5;5;14;5;0;6;6;1;12;9;3;4;0;9;22;5.539724948950399;4;3;0;6;2;4;8;24;4;2;4;23;5.7322039606577855;5;13
TRACK:224;165;-1;2;1;2;4;1;0;6;2;1;6;8;1;23;2.112815396554119;16;5;5;7;-9.681566444922538;2;1;6;3;16;1;0;14;14;0;12;25;5;6;6;21;0.7553527643691131;2;3;4;2;0;10;9;2;11;23;3.0686575686529096;3;4;6;4;21;-9.859812155149143;0;0;0;0;3;1;2;25;13;2;23;3.328226851439414;24;4;2;2;23;9.594171770225255;15;5;18;25;5;0;5;5;3;22;9.014905754933213;4;4;2;8;18;2;0;3;3;2;0;8;25;0;16;11;3;2;1;3;17;5;16;4;1;12;13;3;0;3;3;4;17;1;1;0;19;19;3;15;2;1;21;-8.657299997653153;17;6;9;2;6;6;2;1;6;0;3;19;4;19;0;0;4;16;5;8;4;3;9;1;5;3;1;7;-3.3088675791762037;14;0;5;5;21;9.61907640602189;4;6;22;-5.004290022952896;0;6;1;5;5;0;4;17;4;19;2;4;5;6;8;0;1;2;11;22;-5.99994167623919;2;16;24;1;3;9;4;11;5;3;5;3;5;2;14;20;-8.621143291444293;1;3;4;3;3;3;1;3;8;6;21;-2.2996063740584116;0;6;5;2;6;2;23;2.163923453629073;10;2;1;6;0;15;22;2.918942004713783;20;5.129984881590876;3;7;-7.457843805033623;2;0;3;2;5;1;6;11;5;14;6;5;5;14;5;0;6;6;1;12;9;3;4;0;9;22;5.423300374127009;4;3;0;6;2;4;8;24;4;2;4;23;5.896463373785266;5;13
TRACK:225;211;-1;2;1;2;4;1;0;6;2;1;6;8;1;23;1.9568549817847813;16;5;5;7;-9.950251176779174;2;1;6;3;16;1;6;10;0;12;25;5;6;6;21;0.6355735713341906;2;3;4;2;0;10;9;2;11;23;2.932378952266959;3;4;6;4;21;-10.0;0;0;0;0;3;1;2;25;13;2;23;3.0846450197796775;24;4;2;2;23;9.691900972442552;15;5;18;4;5;0;2;8;12;6;10;5;0;5;5;3;22;8.791078586415884;4;4;2;8;18;2;0;3;3;2;0;8;25;0;16;11;3;2;1;3;10;5;16;4;1;12;13;3;0;3;3;4;17;1;1;8;3;15;2;1;21;-8.624939112156712;17;6;9;2;6;6;2;1;6;0;3;19;4;19;0;0;4;16;5;8;4;3;9;1;5;3;1;7;-3.5195636587001036;14;0;5;5;21;9.638415533235593;4;6;22;-5.162923358750488;0;6;1;5;5;0;4;17;4;19;2;4;5;6;8;0;1;2;11;22;-6.260119318970319;2;16;24;1;3;9;4;11;5;3;5;3;5;2;14;20;-8.516352570385127;1;3;4;3;5;5;2;6;2;23;2.1356440946197375;10;2;1;8;20;5.748310093007118;3;7;-7.742880437513197;0;6;2;6;6;4;3;5;25;3;6;5;4;3;10;2;0;3;2;5;1;6;11;5;14;6;5;5;14;5;0;6;6;1;13;21;-0.15275388591460626;3;4;0;9;22;5.613757100481252;4;3;0;6;2;4;8;24;4;2;4;23;5.78197105248569;5;13
TRACK:226;213;-1;2;1;2;4;1;0;6;2;1;6;8;1;23;1.5308715327480007;16;5;5;7;-9.995635437374247;2;1;6;3;16;1;0;14;14;0;12;25;5;6;6;21;0.8855560837477499;2;3;4;2;0;10;9;2;11;23;3.1070876927271787;3;4;6;4;21;-9.841253874931203;0;0;0;0;3;1;2;25;8;2;23;2.9468131226987877;24;4;2;2;23;9.583877501280421;15;5;18;4;5;0;2;8;12;6;10;5;4;3;5;25;2;0;3;3;2;0;8;25;0;16;11;3;2;1;3;14;5;16;4;1;12;13;3;0;3;3;4;17;1;1;0;19;19;3;15;2;1;21;-8.566817673728393;17;6;9;2;6;6;2;1;6;0;3;19;4;19;0;0;4;16;5;8;4;3;9;1;5;3;1;7;-3.3593721130079577;14;0;5;5;21;9.48527306499093;4;6;22;-5.228016928496003;0;6;1;5;5;0;4;17;4;19;2;4;5;6;8;0;1;2;11;22;-6.0767559296739595;2;16;24;1;3;9;4;11;5;3;5;3;5;2;14;20;-8.62249761627813;1;3;4;3;5;5;5;1;2;20;4.0397708869715245;23;2.1530251375138025;0;21;-3.386100797516061;17;0;6;2;6;6;4;3;5;25;3;6;5;4;3;10;2;0;3;2;5;1;6;11;5;14;6;5;5;14;5;0;6;6;1;12;9;3;4;0;9;22;5.81225571411904;4;3;0;6;2;4;8;24;4;2;4;23;5.818217066081726;5;13
TRACK:227;215;-1;2;1;2;4;1;0;6;2;1;6;8;1;23;1.7094321520417253;16;5;5;7;-10.0;2;1;6;3;16;1;0;14;14;0;12;25;5;6;6;21;0.7855852927585816;2;3;4;2;0;10;9;2;11;23;3.0291025014559407;3;4;6;4;21;-10.0;0;0;0;0;3;1;2;25;13;2;23;3.226375267555532;24;4;2;2;23;9.985502945781073;15;5;18;4;5;0;2;8;12;6;10;5;0;5;5;3;22;8.869927673411203;4;4;2;8;18;2;0;3;3;2;0;8;25;0;16;11;3;2;1;3;10;5;16;4;1;12;13;3;0;3;3;4;17;1;1;8;3;15;2;1;21;-8.776450594345485;17;6;9;2;6;6;2;1;6;0;3;19;4;19;0;0;4;16;5;8;4;3;9;1;5;3;1;7;-3.6850819598125475;14;0;5;5;21;9.376037180814716;4;6;22;-4.937800504635951;0;6;1;5;5;0;4;17;4;19;2;4;5;6;8;0;1;2;11;22;-6.484044984747581;2;16;24;1;3;9;4;11;5;3;5;3;5;2;14;20;-8.703968696651135;1;3;4;3;5;5;2;6;2;23;2.393996349050755;10;2;1;8;20;5.674374220108992;3;25;0;6;2;6;6;4;3;5;25;3;6;5;4;3;10;2;0;3;2;5;1;6;11;5;14;6;5;2;8;18;5;0;6;6;1;12;9;3;4;0;9;22;5.52571033292476;4;3;0;6;2;4;8;24;4;2;4;23;5.599579171175106;5;13
TRACK:228;217;-1;2;1;2;4;1;0;6;2;1;6;8;1;23;1.7555334757357863;16;5;5;7;-10.0;2;1;6;3;16;1;0;14;14;0;12;25;5;6;6;21;0.7985510541228424;2;3;4;2;0;10;9;2;11;23;3.1751801103661625;3;4;6;4;21;-9.78653943113491;0;0;0;0;3;1;2;25;13;2;23;3.1247135258134753;24;4;2;2;23;9.755272911053954;15;5;18;4;5;0;2;8;12;6;10;5;0;5;5;3;22;8.920399656450842;0;1;2;11;22;-6.043204694728743;2;16;24;1;14;4;11;2;0;3;3;2;0;8;25;0;16;11;3;2;1;3;10;5;16;4;1;12;13;3;0;3;3;4;17;1;1;8;3;15;2;3;8;6;9;2;6;6;2;1;6;0;3;19;4;19;0;0;4;16;5;8;4;3;9;1;5;3;1;7;-3.3293862273561543;15;0;5;5;21;9.580728071995525;4;6;22;-5.201152011822273;0;6;1;5;5;0;4;17;4;19;2;4;5;6;8;0;1;2;11;22;-6.258095605005614;2;16;24;1;3;9;4;11;5;3;5;3;5;2;14;20;-8.673540624832762;1;3;4;3;5;5;2;6;2;23;1.9666809356812576;10;2;1;8;20;5.51744476387057;3;7;-7.557619397005556;0;6;2;6;6;4;3;5;25;3;6;5;4;3;10;2;0;3;2;5;1;6;11;5;14;6;5;5;14;5;0;6;6;1;12;9;3;4;0;9;22;5.657688634254107;4;3;0;6;2;4;8;24;4;2;4;23;6.1525005362452045;5;13
TRACK:229;186;-1;2;1;2;4;1;0;6;2;6;15;5;5;7;-9.785264741319986;2;1;6;3;16;1;0;14;14;0;12;25;5;6;0;7;-8.522313958625595;21;-3.419294418185417;2;3;4;2;0;10;9;2;11;23;3.1706835197397685;3;4;6;4;21;-9.775792108246653;0;0;0;0;3;1;2;25;13;2;23;3.1144156565702983;24;4;2;2;23;9.443200334002432;15;5;18;4;5;0;2;8;22;-4.756094892134959;6;10;5;0;5;5;3;22;8.720531240681769;4;4;2;8;18;2;0;3;3;2;0;8;25;0;16;11;3;2;1;3;17;5;16;4;1;12;13;3;0;3;3;4;17;1;1;0;19;19;3;15;2;1;21;-8.70490341808563;17;6;9;2;6;6;2;1;6;0;3;19;4;19;0;0;4;16;5;8;4;3;9;1;5;3;1;7;-3.2222552141560317;14;0;5;5;21;9.442320167807864;4;6;22;-5.32412051508937;0;6;1;5;5;0;4;17;4;19;2;4;5;6;8;0;1;2;11;22;-6.269431274256741;2;16;24;1;3;9;4;11;5;3;5;3;5;2;14;20;-8.792015212414952;1;3;4;3;5;5;2;6;2;23;2.7422253807884283;10;2;1;8;20;5.577853480128994;3;22;8.785436422482128;0;6;5;2;6;2;23;2.076207160112071;10;2;23;-3.1471495606190247;3;7;-7.544307952495995;2;0;3;2;5;1;6;11;5;14;6;5;5;14;5;0;6;6;1;12;9;3;4;0;9;22;5.644712293474619;4;3;0;6;2;4;8;24;4;2;4;23;5.579329227654888;5;13
EVAL_INSTANCE:11:0:220
EVAL_INSTANCE:11:1:221
EVAL_INSTANCE:11:2:222
EVAL_INSTANCE:11:3:223
EVAL_INSTANCE:11:4:224
EVAL_INSTANCE:11:5:225
EVAL_INSTANCE:11:6:226
EVAL_INSTANCE:11:7:227
EVAL_INSTANCE:11:8:228
EVAL_INSTANCE:11:9:229
RUN_RESULT:11:0:0:2000:----
RUN_RESULT:11:1:0:203:DLLUDLLUURRLURDRURLDDRUDDDLDLDLUUDDRRRRRR
RUN_RESULT:11:2:0:811:DLLUDLLUURRLURDRURLDDRULLLDDLUDRDRDRDRULLLDRRRRRR
RUN_RESULT:11:3:0:2000:----
RUN_RESULT:11:4:0:2000:----
RUN_RESULT:11:5:0:2000:----
RUN_RESULT:11:6:0:2000:----
RUN_RESULT:11:7:0:508:DLLUDLLUURRLURDRURLDDRULLLDDLUDRDDDRRULULDRRRRRDR
RUN_RESULT:11:8:0:2000:----
RUN_RESULT:11:9:0:2000:----
    12 |      120 | -3.440200E+03 | -3.797000E+03
TRACK:230;165;227;2;1;2;4;1;0;6;2;1;6;8;1;23;2.072950053472449;16;5;5;7;-9.90888716400385;2;1;6;3;16;1;0;14;14;0;12;25;5;6;6;21;0.6354935478679249;2;3;4;2;0;10;9;2;11;23;3.057026793958857;3;4;6;4;21;-9.968140661123671;1;6;3;16;1;0;14;14;0;12;25;2;6;6;2;1;6;0;3;19;4;19;0;0;4;16;5;8;4;3;9;1;5;3;1;7;-3.220296025201899;14;0;5;5;21;9.561659743708196;4;6;22;-5.171446625424996;0;6;1;5;5;0;4;17;4;19;2;4;5;6;8;0;1;2;11;22;-6.190585415163132;2;16;24;1;3;9;4;11;5;3;5;3;5;2;14;20;-8.812742656652388;1;3;4;3;5;5;2;6;2;23;2.4305306254016457;10;2;1;8;20;5.669486880770903;3;7;-7.518926455633407;0;6;5;2;6;2;23;2.259888217931387;10;2;1;6;0;15;22;2.914929834563935;20;5.283844085033872;3;7;-7.549754979643317;2;0;3;2;5;1;6;11;5;14;6;5;5;14;5;0;6;6;1;12;9;3;4;0;9;22;5.5400728963294865;4;3;0;6;2;4;8;24;4;2;4;23;5.837712866322549;5;13
TRACK:231;165;227;2;1;2;4;1;0;6;2;1;6;8;1;23;1.7094321520417253;16;5;5;7;-10.0;2;1;6;3;16;1;0;14;14;0;12;25;5;6;6;21;0.7855852927585816;2;3;4;2;0;10;9;2;11;23;3.0291025014559407;3;4;6;4;21;-10.0;0;0;0;0;3;1;2;25;13;2;23;3.226375267555532;24;4;2;2;23;9.985502945781073;15;5;18;4;5;0;2;8;12;6;10;5;0;5;5;3;22;8.869927673411203;4;4;2;8;18;2;0;3;3;2;0;8;25;0;16;11;3;2;1;3;10;5;16;4;1;12;13;3;0;3;3;4;17;1;1;8;3;15;2;1;21;-8.776450594345485;17;6;9;2;6;6;2;1;6;0;3;19;4;19;0;0;4;16;5;8;4;3;9;1;5;3;1;7;-3.6850819598125475;14;0;5;5;21;9.376037180814716;4;6;22;-4.937800504635951;0;6;1;5;5;0;4;17;4;19;4;1;12;13;5;3;5;3;5;2;14;20;-8.703968696651135;1;3;4;3;5;5;2;6;2;23;2.393996349050755;10;2;1;8;20;5.674374220108992;3;25;0;6;2;6;6;4;3;5;25;3;6;5;4;3;10;2;0;3;2;5;1;6;11;5;14;6;5;2;8;18;5;0;6;6;1;12;9;3;4;0;9;22;5.52571033292476;4;3;0;6;2;4;8;24;4;2;4;23;5.599579171175106;5;13
TRACK:232;140;186;2;1;2;4;1;0;6;2;1;6;8;1;23;1.8460227511510063;16;5;5;7;-10.0;2;1;6;3;16;1;0;14;14;0;12;25;5;6;6;21;0.7093831134937598;2;3;4;2;0;10;9;2;11;23;3.085391908116088;3;4;6;4;21;-10.0;0;0;0;0;3;1;2;25;13;2;23;3.172224519441159;24;4;2;2;23;9.760403565013915;15;5;18;4;5;0;2;8;12;6;10;5;0;5;5;3;22;8.942874507321044;4;4;2;8;18;2;0;3;3;2;0;8;25;0;16;11;3;2;1;3;10;5;16;4;1;12;13;3;0;3;3;4;17;1;1;8;3;15;2;1;21;-8.83356645613671;17;6;9;2;6;6;2;1;6;0;3;19;4;19;3;1;7;-3.1637055870997237;14;1;5;3;1;7;-3.3302545876816696;14;0;5;5;21;9.565925895087727;4;6;22;-5.05567313044412;0;6;1;5;5;0;4;17;4;19;2;4;5;6;8;0;1;2;11;22;-6.401983532504714;2;16;24;1;3;9;4;11;5;3;5;3;5;2;14;20;-8.616323898591212;1;3;4;3;5;5;2;6;2;23;2.3959803144657323;10;2;1;8;20;5.705786641178726;3;7;-7.669018949736079;0;6;2;6;6;4;3;5;25;3;6;5;4;3;10;2;0;3;2;5;1;6;11;5;14;6;5;5;14;5;0;6;6;1;12;9;3;4;0;9;22;5.5913228252552685;4;3;0;6;2;4;8;24;4;2;4;23;5.846310630793269;5;13
TRACK:233;140;186;2;1;2;4;1;0;6;2;6;15;5;5;7;-9.94928359914527;2;1;6;3;16;1;0;14;14;0;12;25;5;6;6;21;0.48433655479342974;2;3;4;2;0;10;9;2;11;23;3.147413744512353;3;4;6;4;21;-9.834626953308437;0;0;0;0;3;1;2;25;13;2;23;3.199330728248863;24;4;2;2;23;9.478622282274955;15;5;18;4;5;0;2;8;22;-4.92842235425061;6;10;5;0;5;5;3;22;8.634412432362263;4;4;2;8;18;2;0;3;3;2;0;8;25;0;16;11;3;2;1;3;17;5;16;4;1;12;13;3;0;3;3;4;17;1;1;0;19;19;3;15;2;1;21;-8.609752037238183;17;6;9;2;6;6;2;1;6;0;3;19;4;19;0;0;4;16;5;8;4;3;9;1;5;5;18;0;5;5;21;9.322231042190065;4;6;22;-5.279483884947744;0;6;1;5;5;0;4;17;4;19;2;4;5;6;8;0;1;2;11;22;-6.227006856809495;2;16;24;1;3;9;4;11;5;3;5;3;5;2;14;20;-8.767059166995391;1;3;4;3;5;5;2;6;2;23;2.664256748558675;10;2;1;8;20;5.6177966919309625;3;22;8.877715014031626;0;6;5;2;6;2;23;2.2241161936169584;10;2;23;-3.210021127643841;3;7;-7.457277944488128;2;0;3;2;5;1;6;11;5;14;6;5;5;14;5;0;6;6;1;12;9;3;4;0;9;22;5.704496881546362;4;3;0;6;2;4;8;24;4;2;4;23;5.70688737856135;5;13
TRACK:234;221;140;2;1;2;4;1;0;6;2;6;15;5;5;7;-9.778231187794258;2;1;6;3;16;1;0;14;14;0;12;25;5;6;6;21;0.46365952423593526;2;3;4;2;0;10;9;2;11;23;3.0781093724100868;3;4;6;4;21;-9.83930547146758;0;0;0;0;3;1;2;25;13;2;23;3.3036744791866575;24;4;2;2;23;9.523203314069185;15;5;18;4;5;0;2;8;22;-5.01456528642841;6;10;5;0;5;5;3;22;8.665988960640709;4;4;2;8;13;2;0;3;3;2;0;8;25;0;16;11;3;2;1;3;17;5;16;4;1;12;13;3;0;3;3;4;17;1;1;0;19;19;3;15;2;1;21;-8.739997762141797;24;6;9;2;6;6;2;1;6;0;3;19;4;19;0;0;4;16;5;8;4;3;9;1;5;3;1;7;-3.341985594388886;14;0;5;5;21;9.401141321630826;4;6;22;-5.278547766110667;0;6;1;5;5;0;4;17;4;19;2;4;5;6;18;0;1;2;11;22;-6.258638286710222;2;16;24;1;3;9;4;11;5;3;5;3;5;2;14;20;-8.86496947026123;1;3;4;3;5;5;2;6;2;23;2.659040534679855;10;2;1;8;20;5.668632218125726;3;22;8.935265610115989;0;6;5;2;6;2;23;2.1021565829825266;10;2;23;-3.157816992344227;3;7;-7.464310763937912;2;0;3;2;5;1;6;11;5;14;6;5;5;14;5;0;6;6;1;12;9;3;4;0;9;22;5.767722596970211;4;3;0;6;2;4;8;24;4;2;4;23;5.6648407051079985;5;13
TRACK:235;221;140;2;1;2;4;1;0;6;2;1;6;8;1;23;1.8460227511510063;16;5;5;7;-10.0;2;1;6;3;16;1;0;14;14;0;12;25;5;6;6;21;0.7093831134937598;2;3;4;2;0;10;9;2;11;23;3.085391908116088;3;4;6;4;21;-10.0;0;0;0;0;3;1;2;25;13;2;23;3.172224519441159;24;4;2;2;23;9.760403565013915;15;5;18;4;5;0;2;8;12;6;10;5;0;5;5;3;22;8.942874507321044;4;4;2;8;9;2;0;3;3;2;0;8;25;0;16;11;3;2;1;3;10;5;16;4;1;12;13;3;0;3;3;4;17;1;1;8;3;15;2;1;21;-8.83356645613671;17;6;9;2;6;6;2;1;6;0;3;19;4;19;0;0;4;16;5;8;4;3;9;1;5;3;1;7;-3.3302545876816696;14;0;5;5;21;9.565925895087727;4;6;22;-5.05567313044412;0;6;1;5;5;0;4;17;4;19;2;4;5;6;8;0;1;2;11;22;-6.401983532504714;2;16;24;1;3;9;4;11;5;3;5;3;5;2;14;20;-8.616323898591212;1;3;4;3;5;5;2;6;2;23;2.3959803144657323;10;2;1;8;20;5.705786641178726;3;7;-7.669018949736079;0;6;2;6;6;4;3;5;25;3;6;5;4;3;10;2;0;3;2;5;1;6;11;5;14;6;5;5;14;5;0;6;6;1;12;9;3;4;0;9;22;5.5913228252552685;4;3;0;6;2;4;8;24;4;2;4;23;5.846310630793269;5;13
TRACK:236;221;186;2;1;2;4;1;0;6;2;6;15;5;5;7;-9.778231187794258;2;1;6;3;16;1;0;14;14;0;12;25;5;6;6;21;0.46365952423593526;2;3;4;2;0;10;9;2;11;23;3.0781093724100868;3;4;6;4;21;-9.83930547146758;0;0;0;0;3;1;9;2;23;3.3036744791866575;24;4;2;2;23;9.523203314069185;15;5;18;4;5;0;2;8;22;-5.01456528642841;6;10;5;0;5;5;3;22;8.665988960640709;4;4;2;8;18;2;0;3;3;2;0;8;25;0;16;11;3;2;1;3;17;5;16;4;1;12;13;3;0;3;3;4;17;1;1;0;19;19;3;15;2;1;21;-8.739997762141797;24;6;9;2;6;6;2;1;6;0;3;19;4;19;0;0;4;16;5;8;4;3;9;1;5;3;1;7;-3.341985594388886;14;0;5;5;21;9.401141321630826;4;6;22;-5.278547766110667;0;6;1;5;5;0;4;17;4;19;2;4;5;6;18;0;1;2;11;22;-6.258638286710222;2;16;24;1;3;9;4;11;5;3;5;3;5;2;14;20;-8.86496947026123;1;3;4;3;5;5;2;6;2;23;2.659040534679855;10;2;1;8;20;5.668632218125726;3;22;8.935265610115989;0;6;5;2;6;2;23;2.1021565829825266;10;2;23;-3.157816992344227;3;7;-7.464310763937912;2;0;3;2;5;1;6;11;5;14;6;5;5;14;5;0;6;6;1;12;9;3;4;0;9;22;5.767722596970211;4;3;0;6;2;4;8;24;4;2;4;23;5.6648407051079985;5;13
TRACK:237;221;186;2;1;2;4;1;0;6;2;6;15;5;5;7;-9.94928359914527;2;1;6;3;16;1;0;14;14;0;12;25;5;6;6;21;0.48433655479342974;2;3;4;2;0;10;9;2;11;23;3.147413744512353;3;4;6;4;21;-9.834626953308437;0;0;0;0;3;1;2;25;13;2;23;3.199330728248863;24;4;2;2;23;9.478622282274955;15;5;18;4;5;0;2;8;22;-4.92842235425061;6;10;5;0;5;5;3;22;8.634412432362263;4;4;2;8;18;2;0;3;3;2;0;8;25;0;16;11;3;2;1;3;17;5;16;4;1;12;13;3;0;3;3;4;17;1;1;0;19;19;3;15;2;1;21;-8.609752037238183;17;6;9;2;6;6;2;1;6;0;3;19;4;19;0;0;4;16;5;8;4;3;9;1;5;3;1;7;-3.1637055870997237;14;0;5;5;21;9.322231042190065;4;6;22;-5.279483884947744;0;6;1;5;5;0;4;17;4;19;2;4;5;6;8;0;1;2;11;22;-6.227006856809495;2;16;24;12;5;3;5;3;5;2;14;20;-8.767059166995391;1;3;4;3;5;5;2;6;2;23;2.664256748558675;10;2;1;8;20;5.6177966919309625;3;22;8.877715014031626;0;6;5;2;6;2;23;2.2241161936169584;10;2;23;-3.210021127643841;3;7;-7.457277944488128;2;0;3;2;5;1;6;11;5;14;6;5;5;14;5;0;6;6;1;12;9;3;4;0;9;22;5.704496881546362;4;3;0;6;2;4;8;24;4;2;4;23;5.70688737856135;5;13
TRACK:238;200;168;2;1;2;4;1;0;6;2;6;15;5;5;7;-10.0;2;1;6;3;16;1;0;14;14;0;12;25;5;0;3;8;0;7;-5.617593303862818;11;2;3;4;2;0;10;9;2;11;23;3.3203172768660254;3;4;6;4;21;-9.833950191501128;0;0;0;0;3;1;2;25;13;2;23;3.2476994524851444;24;4;2;2;23;9.489870904850415;15;5;18;4;5;0;2;8;22;-5.03231007234698;6;10;5;13;2;0;3;3;2;0;8;25;0;16;11;3;2;1;3;17;5;16;4;1;12;13;3;0;3;3;4;17;1;1;0;19;19;3;15;2;1;21;-8.63014283027689;17;6;9;2;6;6;2;1;6;0;3;19;4;19;0;0;4;16;5;8;4;3;9;1;5;3;1;7;-3.124793875155933;14;0;5;5;21;9.364291397880733;4;6;22;-5.191543398823688;0;6;1;5;5;0;4;17;4;19;2;4;5;6;8;0;1;2;11;22;-6.336936887730349;2;16;24;1;3;15;4;11;5;3;5;3;5;2;14;20;-8.799579719924346;1;3;4;3;5;5;2;6;2;23;2.468966313705773;10;2;1;8;20;5.812336761527477;3;22;8.755982148114764;0;6;5;2;6;2;23;2.2619017884554857;10;2;23;-3.1933066603148346;3;7;-7.353802982075588;2;0;3;2;5;1;6;11;5;14;6;5;5;14;5;0;6;6;1;12;9;3;4;0;9;22;5.792661888782583;4;3;0;6;2;4;8;24;4;2;4;23;5.6845076367297676;5;13
TRACK:239;200;168;2;1;2;4;1;0;5;16;2;1;6;3;16;1;0;14;14;0;12;25;5;6;6;21;0.7343103384619687;2;3;4;2;0;10;9;2;11;23;3.1411627590058133;3;4;6;4;21;-9.915406809656409;0;0;0;0;3;1;2;25;13;2;23;3.170969146057697;24;4;2;2;23;9.835509710687983;15;5;18;4;5;0;2;8;12;6;10;5;0;5;5;3;22;8.889620300324628;0;1;2;11;22;-6.156890047549256;2;16;24;1;3;9;4;11;2;0;3;3;2;0;8;25;0;16;11;3;2;1;3;10;5;16;4;1;12;13;3;0;3;3;4;17;1;1;8;3;15;2;1;21;-8.835019078397535;17;6;9;2;6;6;2;1;6;0;3;19;4;19;0;0;4;16;5;8;4;3;9;1;5;3;1;7;-3.297274165916531;15;0;5;5;21;9.669330435369972;4;6;22;-5.189195424352895;0;6;1;5;5;0;4;17;4;19;2;4;5;6;8;0;1;2;11;22;-6.286156289730776;2;16;24;1;3;9;4;11;5;3;5;3;5;2;14;20;-8.769494585923468;1;3;4;3;5;5;2;6;2;23;2.218466461510646;10;2;1;8;20;5.642303799459485;3;7;-7.531615937969377;0;6;2;6;6;4;3;5;25;3;6;5;4;3;10;2;0;3;2;5;1;6;11;5;14;6;5;5;14;5;0;6;6;1;12;9;3;4;0;9;22;5.634687282334056;4;3;0;6;2;4;8;24;4;2;4;23;6.040240246643603;5;13
TRACK:240;230;-1;2;1;2;4;1;0;6;2;1;6;8;1;23;1.9662678966192912;16;5;5;7;-10.0;2;1;6;3;16;1;0;14;14;0;12;25;5;6;6;21;0.7606584325455388;2;3;6;3;8;3;4;6;4;21;-10.0;1;6;3;16;1;0;14;14;0;12;25;2;6;6;2;1;6;0;3;19;4;19;0;0;4;16;5;8;4;3;9;1;5;3;1;7;-3.257886091842331;14;0;5;5;21;9.665712067262673;4;6;22;-5.285654091460444;0;6;1;5;5;0;4;17;4;19;2;4;5;6;8;0;1;2;11;22;-6.1952026832295735;2;16;24;1;3;9;4;11;5;3;5;3;5;2;14;20;-8.939061963870062;1;3;4;3;5;5;2;6;2;23;2.346357200917077;10;2;1;8;20;5.647507327000049;3;7;-7.498445446707222;0;6;5;2;6;2;23;2.1740315818939626;10;2;1;6;0;15;22;2.84762593528731;20;5.218486235056856;3;7;-7.317688721354396;2;0;3;2;5;1;6;11;5;14;6;5;5;14;5;0;6;6;1;12;9;3;4;0;9;22;5.63740355284325;4;3;0;6;2;4;8;24;4;2;4;23;5.993191879484119;5;13
TRACK:241;140;-1;2;1;2;4;1;0;6;2;1;6;8;1;23;1.9372581219856468;16;5;5;7;-9.92738468088928;2;1;6;3;16;1;0;14;14;0;12;25;5;6;6;21;0.7994685073112732;2;3;4;2;0;10;9;2;11;23;3.2384064839585265;3;4;6;4;21;-9.85300586193638;0;0;0;0;3;1;2;25;13;2;23;3.1927705528890336;24;4;2;2;23;9.79366023443103;15;5;18;4;5;0;2;8;12;6;10;5;0;5;5;3;22;8.933254351875824;4;4;2;8;18;2;0;3;3;2;0;8;25;0;16;11;3;2;1;3;10;5;16;4;1;12;13;3;0;3;3;4;17;1;1;8;3;15;2;1;21;-8.861227106776177;17;6;9;2;6;6;2;1;6;0;3;19;4;19;0;0;4;16;5;8;4;3;9;1;5;3;1;7;-3.14117558018062;14;0;5;5;21;9.69142271118367;4;6;22;-5.083575816400548;0;6;1;5;5;0;4;17;4;19;2;4;5;6;8;0;1;2;11;22;-6.580052675580375;2;16;24;1;3;9;4;11;5;3;5;3;5;2;14;20;-8.719710702220198;1;3;4;3;5;5;2;6;2;23;2.392473481008696;10;2;1;8;20;5.587039170996257;3;7;-7.639307197271016;0;6;2;6;6;4;3;5;25;3;6;5;4;3;10;2;0;3;2;5;1;6;11;5;14;6;5;5;14;5;0;6;6;1;12;9;3;4;0;9;22;5.533132680706536;4;3;0;6;2;4;8;24;4;2;4;23;5.882863370883294;2;16;24
TRACK:242;234;-1;2;1;2;4;1;0;6;2;6;15;5;5;7;-9.784203972929674;2;1;6;3;16;1;0;14;14;0;12;25;5;6;6;21;0.3897302220851354;2;3;4;2;0;10;9;2;11;23;3.183716578802364;3;4;6;4;21;-9.794693252374977;0;0;0;0;3;1;2;25;13;2;23;3.102367952032388;24;4;2;2;23;9.434076754945034;15;5;18;4;5;0;2;8;22;-4.8743967352857025;6;10;5;0;5;5;3;22;8.486215968155514;4;4;2;8;13;2;0;3;3;2;0;8;25;0;16;11;3;2;1;3;17;5;16;4;1;12;13;3;0;3;3;4;17;1;1;0;19;19;3;15;2;1;21;-8.713687225824202;24;6;9;2;6;6;2;1;6;0;3;19;4;19;0;0;4;16;5;8;4;3;9;1;5;3;1;7;-3.36311486422954;14;0;5;5;21;9.381384485754957;4;6;22;-5.381419267517227;0;6;1;5;5;0;4;17;4;19;2;4;5;6;18;0;1;2;11;22;-6.282144895803688;2;16;24;1;3;9;4;11;5;3;5;3;5;2;14;20;-8.92905235507914;1;3;4;3;5;5;2;6;2;23;2.7530225285376932;10;2;1;8;20;5.751414862082391;3;22;8.891799714409675;0;6;5;2;6;2;23;1.8856979666138505;10;2;23;-3.17203745509819;3;7;-7.515326495760827;2;0;3;2;5;1;6;11;5;14;6;5;5;14;5;0;6;6;1;12;9;3;4;0;9;22;5.7779932177680005;4;3;0;1;18;15;4;2;4;23;5.748835385225845;5;13
TRACK:243;236;-1;2;1;2;4;1;0;6;2;6;15;5;5;7;-9.757075602555727;2;1;6;3;16;1;0;14;14;0;12;25;5;6;6;21;0.39817044148432923;2;3;4;2;0;10;9;2;11;23;3.0237431436262665;3;4;6;4;21;-9.754862801699419;0;0;0;0;3;1;9;2;23;3.3842775080769876;24;4;2;2;23;9.53958479957836;15;5;18;4;5;0;2;8;22;-5.104222650041537;6;10;5;0;5;5;3;22;8.800313483376168;4;4;2;8;18;2;0;3;3;2;0;8;25;0;16;11;3;2;1;3;17;5;16;4;1;12;13;3;0;3;3;4;17;1;1;0;19;19;3;15;2;1;21;-8.72675071082263;24;6;9;2;6;6;2;1;6;0;3;19;4;19;0;0;4;16;5;8;4;3;9;1;5;3;1;7;-3.2191085641344137;14;0;5;5;21;9.190456622539351;4;6;22;-5.550661644231355;0;6;1;5;5;0;4;17;4;19;2;4;5;6;18;0;1;2;11;22;-6.2094350324918235;2;16;24;1;3;9;4;11;5;3;5;3;5;2;14;20;-8.882458469177958;1;3;4;3;5;5;2;6;2;23;2.5912668192037978;10;2;1;8;20;5.660201797964233;3;22;8.957956251852684;0;6;5;2;6;2;23;2.1505452745509626;10;2;23;-3.1490127878306313;3;7;-7.471911375597255;2;0;3;2;5;1;6;11;5;14;6;5;5;14;5;0;6;6;1;12;9;3;4;0;9;20;-7.395015331655435;4;3;0;6;2;4;8;24;4;2;4;23;5.721672299354995;5;13
TRACK:244;238;-1;2;1;2;4;1;0;6;2;6;15;5;5;7;-10.0;2;1;6;3;16;1;0;14;14;0;12;25;5;0;3;8;0;7;-5.5988942594265625;11;2;3;4;2;0;10;9;2;11;23;3.418341770950042;3;4;6;4;21;-9.65433652486095;0;0;0;0;3;2;16;19;4;2;2;23;9.544540841415726;15;5;18;4;5;0;2;8;22;-5.177856440883074;6;10;5;13;2;0;3;3;2;0;8;25;0;16;11;3;2;1;3;17;5;16;4;1;12;13;3;0;3;3;4;17;1;1;0;19;19;3;15;2;1;21;-8.81110930564393;17;6;9;2;6;6;2;1;6;0;3;19;4;19;0;0;4;16;5;8;4;3;9;1;5;3;1;7;-3.110373757112725;14;0;5;5;21;9.169288225522678;4;6;22;-5.30666942779765;0;6;1;5;5;0;4;17;4;19;2;4;5;6;8;0;1;2;11;22;-6.3157997304543825;2;16;24;1;3;15;4;11;5;3;5;3;5;2;14;20;-8.793843651925034;1;3;4;3;5;5;2;6;2;23;2.5059921964917455;10;2;1;8;20;5.89010501160426;3;22;8.753995881614976;0;6;5;2;6;2;23;2.3343081550470304;10;2;23;-3.3422401747346933;3;7;-7.25133740141877;2;0;3;2;5;1;6;11;5;14;6;5;5;14;5;0;6;6;1;12;9;3;4;0;9;22;5.714468194447491;4;3;0;6;2;4;8;24;4;2;4;23;5.724605986158681;5;13
TRACK:245;231;-1;2;1;2;4;1;0;6;2;1;6;8;1;23;1.6999864348978713;16;5;5;7;-9.939981755006514;2;1;6;3;16;1;0;14;14;0;12;25;5;6;6;21;0.6148719554128529;2;3;4;2;0;10;9;2;11;23;3.1119246640398206;3;4;6;4;21;-9.938495165242648;0;0;0;0;3;1;2;25;13;2;23;3.3094789713251216;24;4;2;2;23;10.0;15;5;18;4;5;0;2;8;12;6;10;5;0;5;5;3;22;8.787785369007832;4;4;2;8;18;2;0;3;3;2;0;8;25;0;16;11;3;2;1;3;10;5;16;4;1;12;13;3;4;6;1;25;9;2;6;6;2;1;6;0;3;19;4;19;0;0;4;16;5;8;4;3;9;1;5;3;1;7;-3.688838779961212;14;0;5;5;21;9.31837668490063;4;6;22;-4.961637401082966;0;6;1;5;5;0;4;17;4;19;4;1;12;13;5;3;5;3;5;2;14;20;-8.641282267029194;1;3;4;3;5;5;2;6;2;23;2.323209843156663;10;2;1;8;20;5.510058121902464;3;25;0;6;2;6;6;4;3;5;25;3;6;5;4;3;10;2;0;3;2;5;1;6;11;5;14;6;5;2;8;18;5;0;6;6;1;12;9;3;4;0;9;22;5.4743547665675445;4;3;0;6;2;4;8;24;4;2;4;23;5.495700113532596;5;13
TRACK:246;186;-1;2;1;2;4;1;0;6;2;6;15;5;5;7;-9.923967405057843;2;1;6;3;16;1;0;14;14;0;12;25;5;6;6;21;0.44965709213818833;2;3;4;2;0;10;9;2;11;23;3.2442053458861486;3;4;6;4;21;-9.939991600961125;0;0;0;0;3;1;2;25;13;2;23;3.312022292707403;24;4;2;2;23;9.54622201529388;15;5;18;4;5;0;2;8;22;-5.115924878106531;6;10;5;0;5;5;3;22;8.733381762066923;4;4;2;8;18;2;0;3;3;2;0;8;25;0;16;11;3;2;1;3;17;5;16;4;1;12;13;3;0;3;3;4;17;1;1;0;19;19;3;15;2;1;21;-8.760051853328177;17;6;9;2;6;6;2;1;2;2;20;-6.536340321227891;17;0;18;21;9.684749635641644;0;0;4;16;5;8;4;3;9;1;5;3;1;7;-3.193404082577326;14;0;5;5;21;9.500800221684916;4;6;22;-5.318619187865835;0;6;1;5;5;0;4;17;4;19;2;4;5;6;8;0;1;2;11;22;-6.090943612671388;2;16;24;1;3;9;4;11;5;3;5;3;5;2;14;20;-8.757173615788078;1;3;4;3;5;5;2;6;2;23;2.540266665264524;10;2;1;8;20;5.628388500650957;3;22;8.815299996778643;0;6;5;2;6;2;23;2.4503967310812254;10;2;23;-3.2621003516093285;3;7;-7.4534453704436485;2;0;3;2;5;1;6;11;5;14;6;5;5;14;5;0;6;6;1;12;9;3;4;0;9;22;5.731778743674285;4;3;0;6;2;4;8;24;4;2;4;23;5.698187459359887;5;13
TRACK:247;235;-1;2;1;2;4;1;0;6;2;1;6;8;1;23;1.9158432259562808;16;5;5;7;-9.968203408408943;2;1;6;3;16;1;0;14;14;0;12;25;5;6;6;21;0.5525835414199012;2;3;4;2;0;10;9;2;11;23;3.0456335905845795;3;4;6;4;21;-9.820299765176653;0;0;0;0;3;1;2;25;13;2;23;3.075008640414154;24;4;2;2;23;9.649124733255825;15;5;18;4;5;0;2;8;12;6;10;5;0;5;5;3;22;8.961769118525462;4;4;2;8;9;2;0;3;3;2;0;8;25;0;16;11;3;2;1;3;10;5;16;4;1;12;13;3;0;3;3;4;17;1;1;8;3;15;2;1;21;-8.765877334703168;17;6;9;3;2;23;7.825929657429562;12;1;3;4;3;5;5;2;6;2;23;2.3457491439318665;10;2;1;8;20;5.780950422852976;3;7;-7.724128324448291;0;6;2;6;6;4;3;5;25;3;6;5;4;3;10;2;0;3;2;5;1;6;11;5;14;6;5;5;14;5;0;6;6;1;12;9;3;4;0;9;22;5.420029295067043;4;3;0;6;2;4;8;24;4;2;4;23;5.851207447771909;5;13
TRACK:248;237;-1;2;1;2;4;1;0;6;2;6;15;5;5;7;-9.789025470114769;2;1;6;3;16;1;0;14;14;0;12;25;5;6;6;21;0.4907705212859587;2;3;4;2;0;10;9;2;11;23;3.183794928930785;3;4;6;4;21;-9.776819495161694;0;0;0;0;3;1;2;25;13;2;23;3.1452777267074605;24;4;2;2;23;9.655601113563353;15;5;18;4;5;0;2;8;22;-5.025024129665633;6;10;5;0;5;5;3;22;8.631016138175285;4;4;2;8;18;2;0;3;3;2;0;8;25;0;16;11;3;2;1;3;17;5;16;4;1;12;13;3;0;3;3;4;17;1;1;0;19;19;3;15;2;1;21;-8.564746218382801;17;6;9;2;6;6;2;1;6;0;3;19;4;19;0;0;4;16;5;8;4;3;9;1;5;6;0;20;-8.343465491430983;12;0;5;5;21;9.238913640398259;4;6;22;-5.2401219000990285;0;6;1;5;5;0;4;17;4;19;2;4;5;6;8;0;1;2;11;22;-6.223908419268319;2;16;24;12;5;3;5;3;5;2;14;20;-8.894641986331383;1;3;4;3;5;5;2;6;2;23;2.497441548892913;10;2;1;8;20;5.624299507125069;3;22;8.787490089291651;0;6;5;2;6;2;23;2.2902122018124644;10;2;23;-3.2969800960813602;3;7;-7.516687059279639;2;0;3;2;5;1;6;11;5;14;6;5;5;14;5;0;6;6;1;12;9;3;4;0;9;22;5.6880374452452;4;3;0;6;2;4;8;24;4;2;4;23;5.613063271383709;5;13
TRACK:249;239;-1;2;1;2;4;1;0;5;16;2;1;6;3;16;1;0;14;14;0;12;25;5;6;6;21;0.5246000169119063;2;3;4;2;0;10;9;2;11;23;3.1341177585745155;3;4;6;4;21;-9.977700430576622;0;0;0;0;3;1;2;25;13;2;23;3.192606051246167;24;4;2;2;23;9.963056959147506;15;5;18;4;5;0;2;8;12;6;10;5;0;5;5;3;22;8.937420866417401;0;1;2;11;22;-6.075138622080564;2;16;24;1;3;9;4;11;2;0;3;3;2;0;8;25;0;16;11;3;2;1;3;10;5;16;4;1;12;13;3;0;3;3;4;17;1;1;8;3;15;2;1;21;-8.920851158900117;17;6;9;2;6;6;2;1;6;0;3;19;4;19;0;0;4;16;5;8;4;3;9;1;5;3;1;7;-3.191418129525068;15;0;5;5;21;9.787852777996758;4;6;22;-5.0177620013743764;0;6;1;5;5;0;4;17;4;19;2;4;5;6;8;0;1;2;11;22;-6.136570148056363;2;16;24;1;3;9;4;11;5;3;5;3;5;2;14;20;-8.905618194405566;1;3;4;3;5;5;2;6;2;23;2.1942903633422755;10;2;1;8;20;5.6796720408880965;3;7;-7.500244278692616;0;6;2;6;6;4;3;5;25;3;6;5;4;3;10;2;5;0;4;1;6;1;23;-0.3038185976354093;13;1;0;16;15;6;16;3;3;4;3;11;4;3;0;6;2;4;8;24;4;2;4;23;6.110851386073305;5;13
EVAL_INSTANCE:12:0:240
EVAL_INSTANCE:12:1:241
EVAL_INSTANCE:12:2:242
EVAL_INSTANCE:12:3:243
EVAL_INSTANCE:12:4:244
EVAL_INSTANCE:12:5:245
EVAL_INSTANCE:12:6:246
EVAL_INSTANCE:12:7:247
EVAL_INSTANCE:12:8:248
EVAL_INSTANCE:12:9:249
RUN_RESULT:12:0:0:2000:----
RUN_RESULT:12:1:0:508:DLLUDLLUURRLURDRURLDDRULLLDDLUDRDDDRRULULDRRRRRDR
RUN_RESULT:12:2:0:2000:----
RUN_RESULT:12:3:0:1066:DLLUDLLUURRLURDRURLDDRULULLDDDLUUDDRDDDRRULDLUUDRRRRRDR
RUN_RESULT:12:4:0:1547:ULLLURDRUDDLLDLUURRRRRRULLLRRDRUDDUULLLDLLDDLUDRDRDRDRULLLDRRRRRR
RUN_RESULT:12:5:0:2000:----
RUN_RESULT:12:6:0:2000:----
RUN_RESULT:12:7:0:2000:----
RUN_RESULT:12:8:0:323:DLLUDLLUURRLURDRURLDDRUDDDLDLDLUUDDRRRRRR
RUN_RESULT:12:9:0:663:ULLLURDRUDDLLDLUURRRRRRULLLRURRDLRDDDDDDR
    13 |      130 | -3.526800E+03 | -3.797000E+03
TRACK:250;221;248;2;1;2;4;1;0;6;2;6;15;5;5;7;-9.778231187794258;2;1;6;3;16;1;0;14;14;0;12;25;5;6;6;21;0.46365952423593526;2;3;4;2;0;10;9;2;11;23;3.0781093724100868;3;4;6;4;21;-9.83930547146758;0;0;0;0;3;1;2;25;13;2;23;3.3036744791866575;24;4;2;2;23;9.523203314069185;15;5;18;4;5;0;2;8;22;-5.01456528642841;6;10;5;0;5;5;3;22;8.665988960640709;4;4;2;8;18;2;0;3;3;2;0;8;25;0;16;11;3;2;1;3;17;5;16;4;1;12;13;3;0;3;3;4;17;1;1;0;19;19;3;15;2;1;21;-8.739997762141797;24;6;9;2;6;6;2;1;6;0;15;4;19;0;0;4;16;5;8;4;3;9;1;5;3;1;7;-3.341985594388886;14;0;5;5;21;9.401141321630826;4;6;22;-5.278547766110667;0;6;1;5;5;0;4;17;4;19;2;4;5;6;18;0;1;2;11;22;-6.258638286710222;2;16;24;1;3;9;4;11;5;3;5;3;5;2;14;20;-8.86496947026123;1;3;4;3;5;5;2;6;2;23;2.659040534679855;10;2;1;8;20;5.668632218125726;3;22;8.935265610115989;0;6;5;2;6;2;23;2.1021565829825266;10;2;23;-3.157816992344227;3;7;-7.464310763937912;2;0;3;2;5;1;6;11;5;14;6;5;5;14;5;0;6;6;1;12;9;3;4;0;9;22;5.767722596970211;4;3;0;6;2;4;8;24;4;2;4;23;5.6648407051079985;5;13
TRACK:251;221;248;2;1;2;4;1;0;6;2;6;15;5;5;7;-9.789025470114769;2;1;6;3;16;1;0;14;14;0;12;25;5;6;6;21;0.4907705212859587;2;3;4;2;0;10;9;2;11;23;3.183794928930785;3;4;6;4;21;-9.776819495161694;0;0;0;0;3;1;2;25;13;2;23;3.1452777267074605;24;4;2;2;23;9.655601113563353;15;5;18;4;5;0;2;8;22;-5.025024129665633;6;10;5;0;5;5;3;22;8.631016138175285;4;4;2;8;18;2;0;3;3;2;0;8;25;0;16;11;3;2;1;3;17;5;16;4;1;12;13;3;0;3;3;4;17;1;1;0;19;19;3;15;2;1;21;-8.564746218382801;17;6;9;2;6;6;2;1;6;0;3;19;4;19;0;0;4;16;5;8;4;3;9;1;5;6;0;20;-8.343465491430983;12;0;5;5;21;9.238913640398259;4;6;22;-5.2401219000990285;0;6;1;5;5;0;4;17;4;19;2;4;5;6;8;0;1;2;11;22;-6.223908419268319;2;16;24;12;5;3;5;3;5;2;14;20;-8.894641986331383;1;3;4;3;5;5;2;6;2;23;2.497441548892913;10;2;1;8;20;5.624299507125069;3;22;8.787490089291651;0;6;5;2;6;2;23;2.2902122018124644;10;2;23;-3.2969800960813602;3;7;-7.516687059279639;2;0;3;2;5;1;6;11;5;14;6;5;5;14;5;0;6;6;4;19;3;4;0;9;22;5.6880374452452;4;3;0;6;2;4;8;24;4;2;4;23;5.613063271383709;5;13
TRACK:252;249;200;2;1;2;4;1;0;5;16;2;1;6;3;16;1;0;14;14;0;12;25;5;6;6;21;0.5246000169119063;2;3;4;2;0;10;9;2;11;23;3.1341177585745155;3;4;6;4;21;-9.977700430576622;0;0;0;0;3;1;2;25;13;2;23;3.192606051246167;24;4;2;2;23;9.963056959147506;15;5;18;4;5;0;2;8;12;6;10;5;0;5;5;3;22;8.937420866417401;0;1;2;11;22;-6.075138622080564;2;16;24;1;3;9;4;11;20;5.812336761527477;2;6;6;2;1;6;0;3;19;4;19;0;0;4;16;5;8;4;3;9;1;5;3;1;7;-3.191418129525068;15;0;5;5;21;9.787852777996758;4;6;22;-5.0177620013743764;0;6;1;5;5;0;4;17;4;19;2;4;5;6;8;0;1;2;11;22;-6.136570148056363;2;16;24;1;3;9;4;11;5;3;5;3;5;2;14;20;-8.905618194405566;1;3;4;3;5;5;2;6;2;23;2.1942903633422755;10;2;1;8;20;5.6796720408880965;3;7;-7.500244278692616;0;6;2;6;6;4;3;5;25;3;6;5;4;3;10;2;5;0;4;1;6;1;23;-0.3038185976354093;13;1;0;16;15;6;16;3;3;4;3;11;4;3;0;6;2;4;8;24;4;2;4;23;6.110851386073305;5;13
TRACK:253;249;200;2;1;2;4;1;0;6;2;6;15;5;5;7;-10.0;2;1;6;3;16;1;0;14;14;0;12;25;5;0;3;8;0;7;-5.617593303862818;11;2;3;4;2;0;10;9;2;11;23;3.3203172768660254;3;4;6;4;21;-9.833950191501128;0;0;0;0;3;1;2;25;13;2;23;3.2476994524851444;24;4;2;2;23;9.489870904850415;15;5;18;4;5;0;2;8;22;-5.03231007234698;6;10;5;0;5;5;3;22;8.466664647005581;4;4;2;8;18;2;0;3;3;2;0;8;25;0;16;11;3;2;1;3;17;5;16;4;1;12;13;3;0;3;3;4;17;1;1;0;19;19;3;15;2;1;21;-8.63014283027689;17;6;9;2;6;6;2;1;6;0;3;19;4;19;0;0;4;16;5;8;4;3;9;1;5;3;1;7;-3.124793875155933;14;0;5;5;21;9.364291397880733;4;6;22;-5.191543398823688;0;6;1;5;5;0;4;17;4;19;2;4;5;6;8;0;1;2;11;22;-6.336936887730349;2;16;24;1;3;15;4;11;5;3;5;3;5;2;14;20;-8.799579719924346;1;3;4;3;5;5;2;6;2;23;2.468966313705773;10;2;1;8;20;5.812336761527477;3;22;8.755982148114764;0;6;5;2;6;2;23;2.2619017884554857;10;2;23;-3.1933066603148346;3;7;-7.353802982075588;2;0;3;2;5;1;6;11;5;14;6;5;5;14;5;0;6;6;1;12;9;3;4;0;9;22;5.792661888782583;17
TRACK:254;186;140;2;1;2;4;1;0;6;2;6;15;5;5;7;-9.94928359914527;2;1;6;3;16;1;0;14;14;0;12;25;5;6;6;21;0.48433655479342974;2;3;4;2;0;10;9;2;11;23;3.147413744512353;3;4;6;24;0;0;0;0;3;1;2;25;13;2;23;3.199330728248863;24;4;2;2;23;9.478622282274955;15;5;18;4;5;0;2;8;22;-4.92842235425061;6;10;5;0;5;5;3;22;8.634412432362263;4;4;2;8;18;2;0;3;3;2;0;8;25;0;16;11;3;2;1;3;17;5;16;4;1;12;13;3;0;3;3;4;17;1;1;0;19;19;3;15;2;1;21;-8.609752037238183;17;6;9;2;6;6;2;1;6;0;3;19;4;19;0;0;4;16;5;8;4;3;9;1;5;3;1;7;-3.1637055870997237;14;0;5;5;21;9.322231042190065;4;6;22;-5.279483884947744;0;6;1;5;5;0;4;17;4;19;2;4;5;6;8;0;1;2;11;22;-6.227006856809495;2;16;24;1;3;9;4;11;5;3;5;3;5;2;14;20;-8.767059166995391;1;3;4;3;5;5;2;6;2;23;2.664256748558675;10;2;1;8;20;5.6177966919309625;3;22;8.877715014031626;0;6;5;2;6;2;23;2.2241161936169584;10;2;23;-3.210021127643841;3;7;-7.457277944488128;2;0;3;2;5;1;6;11;5;14;6;5;5;14;5;0;6;6;1;12;9;3;4;0;9;22;5.704496881546362;4;3;0;6;2;4;8;24;4;2;4;23;5.70688737856135;5;13
TRACK:255;186;140;2;1;2;4;1;0;6;5;8;2;1;6;3;16;1;0;14;14;0;12;25;5;6;6;21;0.7093831134937598;2;3;4;2;0;10;9;2;11;23;3.085391908116088;3;4;6;4;21;-10.0;0;0;0;0;3;1;2;25;13;2;23;3.172224519441159;24;4;2;2;23;9.760403565013915;15;5;18;4;5;0;2;8;12;6;10;5;0;5;5;3;22;8.942874507321044;4;4;2;8;18;2;0;3;3;2;0;8;25;0;16;11;3;2;1;3;10;5;16;4;1;12;13;3;0;3;3;4;17;1;1;8;3;15;2;1;21;-8.83356645613671;17;6;9;2;6;6;2;1;6;0;3;19;4;19;0;0;4;16;5;8;4;3;9;1;5;3;1;7;-3.3302545876816696;14;0;5;5;21;9.565925895087727;4;6;22;-5.05567313044412;0;6;1;5;5;0;4;17;4;19;2;4;5;6;8;0;1;2;11;22;-6.401983532504714;2;16;24;1;3;9;4;11;5;3;5;3;5;2;14;20;-8.616323898591212;1;3;4;3;5;5;2;6;2;23;2.3959803144657323;10;2;1;8;20;5.705786641178726;3;7;-7.669018949736079;0;6;2;6;6;4;3;5;25;3;6;5;4;3;10;2;0;3;2;5;1;6;11;5;14;6;5;5;14;5;0;6;6;1;12;9;3;4;0;9;22;5.5913228252552685;4;3;0;6;2;4;8;24;4;2;4;23;5.846310630793269;5;13
TRACK:256;241;186;2;1;2;4;1;0;6;2;1;6;8;1;23;1.9372581219856468;16;5;5;7;-9.92738468088928;2;1;6;3;16;1;0;14;14;0;12;25;5;6;6;21;0.7994685073112732;2;3;4;2;0;10;9;2;11;23;3.2384064839585265;3;4;6;4;21;-9.85300586193638;0;0;0;0;3;1;2;25;13;2;23;3.1927705528890336;24;4;2;2;23;9.79366023443103;15;5;18;4;5;0;2;8;12;6;10;5;0;5;5;3;22;8.933254351875824;4;4;2;8;18;2;0;3;3;2;14;0;16;11;3;2;1;3;10;5;16;4;1;12;13;3;0;3;3;4;17;1;1;8;3;15;2;1;21;-8.861227106776177;17;6;9;2;6;6;2;1;6;0;3;19;4;19;0;0;4;16;5;8;4;3;9;1;5;3;1;7;-3.14117558018062;14;0;5;5;21;9.69142271118367;4;6;22;-5.083575816400548;0;6;1;5;5;0;4;17;4;19;2;4;5;6;8;0;1;2;11;22;-6.580052675580375;2;16;24;1;3;9;4;11;5;3;5;3;5;2;14;20;-8.719710702220198;1;3;4;3;5;5;2;6;2;23;2.392473481008696;10;2;1;8;20;5.587039170996257;3;7;-7.639307197271016;0;6;2;6;6;4;3;5;25;3;6;5;4;3;10;2;0;3;2;5;1;6;11;5;14;6;5;5;14;5;0;6;6;1;12;9;3;4;0;9;22;5.533132680706536;4;3;0;6;2;4;8;24;4;2;4;23;5.882863370883294;2;16;24
TRACK:257;241;186;2;1;2;4;1;0;6;2;6;15;5;5;7;-9.94928359914527;2;1;6;3;16;1;0;14;14;0;12;25;5;6;6;21;0.48433655479342974;2;3;4;2;0;10;9;2;11;23;3.147413744512353;3;4;6;4;21;-9.834626953308437;0;0;0;0;3;1;2;25;13;2;23;3.199330728248863;24;4;2;2;23;9.478622282274955;15;5;18;4;5;0;2;8;22;-4.92842235425061;6;10;5;0;5;5;3;22;8.634412432362263;4;4;2;8;18;2;0;3;3;2;0;8;25;0;16;11;3;2;1;3;17;5;16;4;1;12;13;3;0;3;3;4;17;1;1;0;19;19;3;15;2;1;21;-8.609752037238183;17;6;9;2;6;0;5;5;21;9.69142271118367;4;6;22;-5.083575816400548;0;6;1;5;5;0;4;17;4;19;2;4;5;6;8;0;1;2;11;22;-6.227006856809495;2;16;24;1;3;9;4;11;5;3;5;3;5;2;14;20;-8.767059166995391;1;3;4;3;5;5;2;6;2;23;2.664256748558675;10;2;1;8;20;5.6177966919309625;3;22;8.877715014031626;0;6;5;2;6;2;23;2.2241161936169584;10;2;23;-3.210021127643841;3;7;-7.457277944488128;2;0;3;2;5;1;6;11;5;14;6;5;5;14;5;0;6;6;1;12;9;3;4;0;9;22;5.704496881546362;4;3;0;6;2;4;8;24;4;2;4;23;5.70688737856135;5;13
TRACK:258;221;248;2;1;2;4;1;0;6;2;6;15;5;5;7;-9.778231187794258;2;1;6;3;16;1;0;14;14;0;12;25;5;6;6;21;0.46365952423593526;2;3;4;2;0;10;9;2;11;23;3.0781093724100868;3;4;6;4;21;-9.83930547146758;0;0;0;0;3;1;2;25;13;2;23;3.3036744791866575;24;4;2;2;23;9.523203314069185;15;5;18;4;5;0;2;8;22;-5.01456528642841;6;10;5;0;5;5;3;22;8.665988960640709;4;4;2;8;18;2;0;3;3;2;0;8;25;0;16;11;3;2;1;3;17;5;16;4;1;12;13;3;0;3;3;4;17;1;1;0;19;19;3;15;2;1;21;-8.739997762141797;24;6;9;2;16;0;6;1;5;5;0;4;17;4;19;2;4;5;6;18;0;1;2;11;22;-6.258638286710222;2;16;24;1;3;9;4;11;5;3;5;3;5;2;14;20;-8.86496947026123;1;3;4;3;5;5;2;6;2;23;2.659040534679855;10;2;1;8;20;5.668632218125726;3;22;8.935265610115989;0;6;5;2;6;2;23;2.1021565829825266;10;2;23;-3.157816992344227;3;7;-7.464310763937912;2;0;3;2;5;1;6;11;5;14;6;5;5;14;5;0;6;6;1;12;9;3;4;0;9;22;5.767722596970211;4;3;0;6;2;4;8;24;4;2;4;23;5.6648407051079985;5;13
TRACK:259;221;248;2;1;2;4;1;0;6;2;6;15;5;5;7;-9.789025470114769;2;1;6;3;16;1;0;14;14;0;12;25;5;6;6;21;0.4907705212859587;2;3;4;0;9;22;5.767722596970211;3;4;6;4;21;-9.776819495161694;0;0;0;0;3;1;2;25;13;2;23;3.1452777267074605;24;4;2;2;23;9.655601113563353;15;5;18;4;5;0;2;8;22;-5.025024129665633;6;10;5;0;5;5;3;22;8.631016138175285;4;4;2;8;18;2;0;3;3;2;0;8;25;0;16;11;3;2;1;3;17;5;16;4;1;12;13;3;0;3;3;4;17;1;1;0;19;19;3;15;2;1;21;-8.564746218382801;17;6;9;2;6;6;2;1;6;0;3;19;4;19;0;0;4;16;5;8;4;3;9;1;5;6;0;20;-8.343465491430983;12;0;5;5;21;9.238913640398259;4;6;22;-5.2401219000990285;0;6;1;5;5;0;4;17;4;19;2;4;5;6;8;0;1;2;11;22;-6.223908419268319;2;16;24;12;5;3;5;3;5;2;14;20;-8.894641986331383;1;3;4;3;5;5;2;6;2;23;2.497441548892913;10;2;1;8;20;5.624299507125069;3;22;8.787490089291651;0;6;5;2;6;2;23;2.2902122018124644;10;2;23;-3.2969800960813602;3;7;-7.516687059279639;2;0;3;2;5;1;6;11;5;14;6;5;5;14;5;0;6;6;1;12;9;3;4;0;9;22;5.6880374452452;4;3;0;6;2;4;8;24;4;2;4;23;5.613063271383709;5;13
TRACK:260;250;-1;2;1;2;4;1;0;6;2;6;15;5;5;7;-9.72144671904748;2;1;6;3;16;1;0;14;14;0;12;25;5;6;6;21;0.42816852254532306;2;3;4;2;0;10;9;5;19;3;4;6;4;21;-9.78063955425568;0;0;0;0;3;1;2;25;13;2;23;3.452197096066103;24;4;2;2;23;9.551969487195976;15;5;18;4;5;0;2;8;22;-5.177562222467604;6;10;5;0;5;5;3;22;8.679094515827096;4;4;2;8;18;2;0;3;3;2;0;8;25;0;16;11;3;2;1;3;17;5;16;4;1;12;13;3;0;3;3;4;17;1;1;0;19;19;3;15;2;1;21;-8.681419427819721;24;6;9;2;6;6;2;1;6;0;15;4;19;0;0;4;16;5;8;4;3;9;1;5;3;1;7;-3.4642611394016716;14;0;5;5;21;9.348666489638187;4;6;22;-5.149523468070049;0;6;1;5;5;0;4;17;4;19;2;4;5;6;18;0;1;2;11;22;-6.308855102934636;2;16;24;1;3;9;4;11;5;3;5;3;5;2;14;20;-8.741359421254183;1;3;4;3;5;5;2;6;2;23;2.681792858944806;10;2;1;8;20;5.653975155258196;3;22;8.725207929748588;0;6;5;2;6;2;23;2.1072213547220615;10;2;23;-2.926254746201283;3;7;-7.4272530985714775;2;0;3;2;5;1;6;11;5;14;6;5;5;14;5;0;6;6;1;12;9;3;4;0;9;22;5.5920993095210685;4;3;0;6;2;4;8;24;4;2;4;23;5.7317456484536145;5;13
TRACK:261;252;-1;2;1;2;4;1;0;5;16;2;1;6;3;16;1;0;14;14;0;12;25;5;6;6;21;0.38759066458124514;2;3;4;2;0;10;9;2;11;23;3.110550997005564;3;4;6;4;21;-9.983793935796207;0;0;0;0;3;1;2;25;13;2;23;3.0698551302081136;24;4;2;2;23;9.863887999518363;15;5;18;4;5;0;2;8;12;6;10;5;0;5;5;3;22;8.718727000181678;0;1;2;11;22;-5.945352013291473;2;16;24;1;3;9;4;11;4;2;11;21;-8.99225559036779;2;6;6;2;1;6;0;3;19;4;19;0;0;4;16;5;8;4;3;9;1;5;3;1;7;-3.3000803158067695;15;0;5;5;21;9.789703945748984;4;6;22;-4.915066079243926;0;6;1;5;5;0;4;17;4;19;2;4;5;6;8;0;1;2;11;22;-6.201693638820587;2;16;24;1;3;9;4;11;5;3;5;3;5;2;14;20;-8.807237225259636;1;3;4;3;5;5;2;6;2;23;2.412838861170554;10;2;1;8;20;5.580262044922978;3;7;-7.480708515163254;0;6;2;6;6;4;3;5;25;3;6;5;4;3;10;2;5;0;4;1;6;1;23;-0.19453009790725495;13;1;0;16;15;6;16;3;3;4;3;11;4;3;0;6;2;4;8;24;4;2;4;23;6.10842542864177;5;13
TRACK:262;254;-1;2;1;2;4;1;0;6;2;6;15;5;5;7;-9.91151302507803;2;1;6;3;16;1;0;14;14;0;12;25;5;6;6;21;0.39992933657842344;2;3;4;2;0;10;9;2;11;23;3.3842125727798513;3;4;6;24;0;0;0;0;3;1;2;25;13;2;23;3.230415703116655;24;4;2;2;23;9.558690103498927;15;5;18;4;5;0;2;8;22;-4.835097682798431;6;10;5;0;5;5;3;22;8.557048085276868;4;4;2;8;18;2;0;3;3;2;0;8;25;0;16;11;3;2;1;3;17;5;16;4;1;12;13;3;0;3;3;4;17;1;1;0;19;19;3;15;2;1;21;-8.848559734618902;17;6;9;2;6;6;2;1;6;0;3;19;4;19;0;0;4;16;5;8;4;3;9;1;5;3;1;7;-3.336218857201062;14;0;5;5;21;9.380992151071522;4;6;22;-5.335964403869181;0;6;1;5;5;2;2;15;16;3;22;3.031995053362955;2;4;5;6;8;0;1;2;11;22;-6.2603329770657385;2;16;24;1;3;9;4;11;5;3;5;3;5;2;14;20;-8.848496534648753;1;3;4;3;5;5;2;6;2;23;2.6077392869458373;10;2;1;8;20;5.673156297126622;3;22;8.948888258742874;0;6;5;2;6;2;23;2.1987350209155196;10;2;23;-3.2541536813717347;3;7;-7.7103000787193;2;0;3;2;5;1;6;11;5;14;6;5;5;14;5;0;6;6;1;12;9;3;4;0;9;22;5.818885441125543;4;3;0;6;2;4;8;24;4;2;4;23;5.743295779736261;5;13
TRACK:263;256;-1;2;1;2;4;1;0;6;2;1;6;8;1;23;2.100905986290489;16;5;5;7;-9.803672887776822;2;1;6;3;16;1;0;14;14;0;12;18;5;6;6;21;0.8699842147404167;2;3;4;2;0;10;9;2;11;23;3.1678542545692507;3;4;6;4;21;-9.92662437953704;0;0;0;0;3;1;2;25;13;2;23;3.4125235275153365;24;4;2;2;23;9.800002518780056;15;5;18;4;5;0;2;8;12;6;10;5;0;5;5;3;22;8.875738427630752;4;4;2;8;18;2;0;3;3;2;14;0;16;11;3;2;1;3;10;5;16;4;1;12;13;3;0;3;3;4;17;1;1;8;3;15;2;1;21;-8.918497680446617;17;6;9;2;6;6;2;1;6;0;3;19;4;19;0;0;4;16;5;8;4;3;9;1;5;3;1;7;-2.9994343729931567;14;0;5;5;21;9.61973353126288;4;6;22;-5.188019188984183;0;6;1;5;5;0;4;17;4;19;2;4;5;6;8;0;1;2;11;22;-6.482463364538788;2;16;24;1;3;9;4;11;5;3;5;3;5;2;14;20;-8.75334309716981;1;3;4;3;5;5;2;6;2;23;2.440111207810004;10;2;1;8;20;5.6571161626321596;3;7;-7.633566059496007;0;6;2;6;6;4;3;5;25;3;6;5;4;3;10;2;0;3;2;5;1;6;11;5;14;6;5;5;14;5;0;6;6;1;12;9;3;4;0;9;22;5.647487470087965;4;3;0;6;2;4;8;24;4;2;4;23;5.853300834115168;2;16;24
TRACK:264;258;-1;2;1;2;4;1;0;6;2;6;15;5;5;7;-9.785620166550462;2;1;6;3;16;1;0;14;14;0;12;25;5;6;6;21;0.47794714688340856;2;3;4;2;0;10;9;2;11;23;3.236298801517626;3;4;6;4;21;-9.703024663129234;0;0;0;0;3;1;2;25;13;2;23;3.2780814549184716;24;4;2;2;23;9.536919222710955;15;5;18;4;5;0;2;8;22;-5.06173800827776;6;10;5;0;5;5;3;22;8.450437139489743;4;4;2;8;18;2;0;3;3;2;0;8;25;0;16;11;3;2;1;3;17;5;16;4;1;12;13;3;0;3;3;4;17;1;1;0;19;19;3;15;2;1;21;-8.83568116991458;24;6;9;2;16;0;6;1;5;5;0;4;17;4;19;2;4;5;6;18;0;1;2;11;22;-6.248869411783405;2;16;24;1;3;9;4;11;5;3;5;3;5;2;14;19;1;3;4;3;5;5;2;6;2;23;2.558829830716615;10;2;1;8;20;5.542016822623474;3;22;9.16550378151845;0;6;5;2;6;2;23;1.9925755043190316;10;2;23;-3.104632365728256;3;7;-7.465880717595607;2;0;3;2;5;1;6;11;5;14;6;5;5;14;5;0;6;6;1;12;9;3;4;0;9;22;5.821901267541846;4;3;0;6;2;4;8;24;4;2;4;23;5.72533349241083;5;13
TRACK:265;251;-1;2;1;2;4;1;0;6;2;6;15;5;5;7;-9.64535602696691;2;1;6;3;16;1;0;14;14;0;12;25;5;6;6;21;0.4053579684000564;2;3;4;2;0;10;9;2;11;23;3.117588984972316;3;4;6;4;21;-9.609972225306084;0;0;0;0;3;1;2;25;13;2;23;3.3048181379472674;24;4;2;2;23;9.654316740294162;15;5;18;4;5;0;2;8;22;-4.8634112457067475;6;10;5;0;5;5;3;22;8.54906630527198;4;4;2;8;18;2;0;3;3;2;0;8;25;0;16;11;3;2;1;3;17;5;16;4;1;12;16;3;0;3;3;4;17;1;1;0;19;19;3;15;2;1;21;-8.655365788901499;17;6;9;2;6;6;2;1;6;0;3;19;4;19;0;0;4;16;5;8;4;3;9;1;5;6;0;20;-8.234417774549277;12;0;5;5;21;9.186719480803028;4;6;22;-5.239529534588011;0;6;1;5;5;0;4;17;4;19;2;4;5;6;8;0;1;2;11;22;-6.318123193755993;2;16;24;12;5;3;5;3;5;2;14;20;-8.954800335684785;1;3;4;3;5;5;2;6;2;23;2.4968511127290234;10;2;1;8;20;5.706748431629285;3;22;8.683197679170847;0;6;5;2;6;2;23;2.2783913710392234;10;2;23;-3.1719603329202517;3;7;-7.4235886873727885;2;0;3;2;5;1;6;11;5;14;6;5;5;14;5;0;6;6;4;19;3;4;0;9;22;5.726467639516887;4;3;0;6;2;4;8;24;4;2;4;23;5.525402204148378;5;13
TRACK:266;253;-1;2;1;2;4;1;0;6;2;6;15;5;5;7;-10.0;2;1;6;3;16;1;0;14;14;0;12;25;5;0;3;8;0;7;-5.463826847253459;11;2;3;4;2;0;10;9;2;11;23;3.3546380288356716;3;4;6;4;21;-9.814038565862752;0;0;0;0;3;1;2;25;13;2;23;3.1033319161433788;24;4;2;2;23;9.370744651899116;15;5;18;4;5;0;2;8;22;-5.078555251035431;6;10;5;0;5;5;3;22;8.428389491129812;4;4;2;8;18;2;0;3;3;2;0;8;25;0;16;11;3;2;1;3;17;5;16;4;1;12;13;3;0;3;3;4;17;1;1;0;19;19;3;15;2;1;21;-8.640842275341221;17;6;9;2;6;6;2;1;6;0;3;19;4;19;0;0;4;16;5;8;4;3;9;1;5;3;1;7;-3.0092226835879736;14;0;5;5;21;9.212826855447359;4;6;22;-5.1844009316442445;0;6;1;5;5;0;4;17;4;19;2;4;5;6;8;0;1;2;11;22;-6.372156509938335;2;16;24;1;3;15;4;17;5;3;5;3;5;2;14;20;-8.943979464879211;1;3;4;3;5;5;2;6;2;23;2.49350686772134;10;2;1;8;20;5.89382270400572;3;22;8.623406860458532;0;6;5;2;6;2;23;2.423491707282907;10;2;23;-3.2118102073538757;3;7;-7.2125821362303455;2;0;3;2;5;1;6;11;5;14;6;5;5;14;5;0;6;6;1;12;9;3;4;0;9;22;5.802314190185055;17
TRACK:267;255;-1;2;1;2;4;1;0;6;5;8;2;1;6;3;16;1;0;14;14;0;12;25;5;6;6;21;0.7174553525127396;2;3;4;2;0;10;9;2;11;23;3.1795275520518675;3;4;6;4;21;-9.905304075718712;0;0;0;0;3;1;2;25;13;2;23;3.2580141089116537;24;4;2;2;23;9.774767893982995;15;5;18;4;5;0;2;8;12;6;10;5;0;5;5;3;22;8.914128573599378;4;4;2;8;18;2;0;3;3;2;0;8;25;0;16;11;3;2;1;3;10;5;16;4;1;12;13;3;0;3;3;4;17;1;1;8;3;15;2;1;21;-8.834952682606806;17;6;9;2;6;6;2;1;6;0;3;19;4;19;0;0;4;16;5;8;4;3;9;1;5;3;1;7;-3.4079241850209754;14;0;5;5;21;9.54250543573967;4;6;22;-5.099883710715578;0;6;1;5;5;0;4;17;4;19;2;4;5;6;8;0;1;2;11;22;-6.3857404426625735;2;16;24;1;3;9;4;11;5;3;5;3;5;2;14;20;-8.547710623336613;1;3;4;3;5;5;2;6;2;23;2.298151277203445;10;2;1;8;20;5.674797170499423;3;7;-7.717321571290395;0;6;2;6;6;4;3;5;25;3;6;5;4;3;10;2;0;3;2;5;1;6;11;5;14;6;5;5;14;6;21;4.28496009735219;4;3;0;6;2;4;8;24;4;2;4;23;6.063336387587464;5;13
TRACK:268;257;-1;2;1;2;4;1;0;6;2;6;15;5;5;7;-9.966169354346604;2;1;6;3;16;1;0;14;14;0;12;25;5;6;6;21;0.5481218926089684;2;3;4;2;0;10;9;2;11;23;3.034205943564029;3;4;6;4;21;-9.801718961322612;0;0;0;0;3;1;2;25;13;2;23;3.157044752257905;24;4;2;2;23;9.350603365797733;15;5;18;4;5;0;2;8;22;-4.8091619622769635;6;10;5;0;5;5;3;22;8.59399047860571;4;4;2;8;18;2;0;3;3;2;0;8;25;0;16;11;3;2;1;3;17;5;16;4;1;12;13;3;0;3;3;4;17;1;1;0;19;19;3;15;2;1;21;-8.505888511754597;17;6;9;2;6;0;5;5;21;9.603816301723391;4;6;22;-5.05780848308921;0;6;1;5;5;0;4;17;4;19;2;4;5;6;8;0;1;2;11;22;-6.028490340119766;2;16;24;1;3;9;4;11;5;3;5;3;5;2;14;20;-8.790567950641158;1;3;4;3;5;5;2;6;2;23;2.7436586287943454;10;2;1;8;20;5.529446718777186;3;22;8.890512554315164;0;6;5;2;6;2;23;2.079683070950925;10;2;23;-3.2603656124509395;3;7;-7.303087235112414;2;0;3;2;5;5;3;10;6;5;5;14;5;0;6;6;1;12;9;3;4;0;9;22;5.799539137654301;4;3;0;6;2;4;8;24;4;2;4;23;5.624523362501216;5;13
TRACK:269;259;-1;2;1;2;4;1;0;6;2;6;15;5;5;7;-9.838372808932304;2;1;6;3;16;1;0;14;14;0;12;25;5;6;6;21;0.4836317213939972;2;3;4;0;9;22;5.652837248868008;3;4;6;4;21;-9.67436121076775;0;0;0;0;3;1;2;25;13;2;23;3.076452414651157;24;4;2;2;23;9.858850679236188;15;5;18;4;5;0;2;8;22;-4.939708089570579;6;10;5;0;5;5;3;22;8.496828381015037;4;4;2;8;18;2;0;3;3;2;0;8;25;0;16;11;3;2;1;3;17;5;16;4;1;12;13;3;0;3;3;4;17;1;1;0;19;19;3;15;2;1;21;-8.558146071071018;17;6;9;2;6;6;2;1;6;0;3;19;4;19;0;0;4;16;5;8;4;3;9;1;5;6;0;20;-8.210204078237718;12;0;5;5;21;9.324347574543394;4;6;22;-5.09857524419113;0;6;1;5;5;0;4;17;1;22;6.222231927968853;18;2;4;5;6;8;0;1;2;11;22;-6.235120001610972;2;16;24;12;5;3;5;3;5;2;14;20;-9.133088141867361;1;3;4;3;5;5;2;6;2;23;2.4971741845629647;10;2;1;8;20;5.722358943146465;3;22;8.859784498590258;0;6;5;2;6;2;23;2.419684895784254;10;2;23;-3.2983555012425074;3;7;-7.5390246078289245;2;0;3;2;5;1;6;11;5;14;6;5;5;14;5;0;6;6;1;12;9;3;4;0;9;22;5.743500557653951;4;3;0;6;2;4;8;24;4;2;4;23;5.630354439349085;5;13
EVAL_INSTANCE:13:0:260
EVAL_INSTANCE:13:1:261
EVAL_INSTANCE:13:2:262
EVAL_INSTANCE:13:3:263
EVAL_INSTANCE:13:4:264
EVAL_INSTANCE:13:5:265
EVAL_INSTANCE:13:6:266
EVAL_INSTANCE:13:7:267
EVAL_INSTANCE:13:8:268
EVAL_INSTANCE:13:9:269
RUN_RESULT:13:0:0:530:DLLUDLLUURRLURDRURLDDRULLLLDRDDRDRDRULLLDRRRRRR
RUN_RESULT:13:1:0:2000:----
RUN_RESULT:13:2:0:2000:----
RUN_RESULT:13:3:0:2000:----
RUN_RESULT:13:4:0:2000:----
RUN_RESULT:13:5:0:2000:----
RUN_RESULT:13:6:0:2000:----
RUN_RESULT:13:7:0:189:DLLUDLLUURRLURDRURLDDRUDDDLDDRRRR
RUN_RESULT:13:8:0:2000:----
RUN_RESULT:13:9:0:2000:----
    14 |      140 | -3.587900E+03 | -3.811000E+03
TRACK:270;248;186;2;1;2;4;1;0;6;2;6;15;5;5;7;-9.789025470114769;2;1;6;3;16;1;0;14;14;0;12;25;5;6;6;21;0.4907705212859587;2;3;4;2;0;10;9;2;11;23;3.183794928930785;3;4;6;4;21;-9.776819495161694;0;0;0;0;3;1;2;25;13;2;23;3.1452777267074605;24;4;2;2;23;9.655601113563353;15;5;18;4;5;0;2;8;22;-5.025024129665633;6;10;5;0;5;5;3;22;8.631016138175285;4;4;2;8;18;2;0;3;3;2;0;8;25;0;16;11;3;2;1;3;17;5;16;4;1;12;13;3;0;3;3;4;17;1;1;0;19;19;3;15;2;1;21;-8.564746218382801;17;6;9;2;6;6;2;1;6;0;3;19;4;19;0;0;4;16;5;8;4;3;9;1;5;6;0;20;-8.343465491430983;12;0;5;5;21;9.238913640398259;4;6;22;-5.2401219000990285;0;6;1;5;5;0;4;17;4;19;2;4;5;6;8;0;1;2;11;22;-6.223908419268319;2;16;11;12;5;3;5;3;5;2;14;20;-8.894641986331383;1;3;4;3;5;5;2;6;2;23;2.497441548892913;10;2;1;8;20;5.624299507125069;3;22;8.787490089291651;0;6;5;2;6;2;23;2.2902122018124644;10;2;23;-3.2969800960813602;3;7;-7.516687059279639;2;0;3;2;5;1;6;11;5;14;6;5;5;14;5;0;6;6;1;12;9;3;4;0;9;22;5.6880374452452;4;3;0;6;2;4;8;24;4;2;4;23;5.613063271383709;5;13
TRACK:271;248;186;2;1;2;4;1;0;6;2;6;15;5;5;7;-9.94928359914527;2;1;6;3;16;1;0;14;14;0;12;25;5;6;6;21;0.48433655479342974;2;3;4;2;0;10;9;2;11;23;3.147413744512353;3;4;6;4;21;-9.834626953308437;0;0;0;0;3;1;2;25;13;2;23;3.199330728248863;24;4;2;2;23;9.478622282274955;15;5;18;4;5;0;2;8;22;-4.92842235425061;6;10;5;0;5;5;3;22;8.634412432362263;23;9.655601113563353;2;0;3;3;2;0;8;25;0;16;11;3;2;1;3;17;5;16;4;1;12;13;3;0;3;3;4;17;1;1;0;19;19;3;15;2;1;21;-8.609752037238183;17;6;9;2;6;6;2;1;6;0;3;19;4;19;0;0;4;16;5;8;4;3;9;1;5;3;1;7;-3.1637055870997237;14;0;5;5;21;9.322231042190065;4;6;22;-5.279483884947744;0;6;1;5;5;0;4;17;4;19;2;4;5;6;8;0;1;2;11;22;-6.227006856809495;2;16;24;1;3;9;4;11;5;3;5;3;5;2;14;20;-8.767059166995391;1;3;4;3;5;5;2;6;2;23;2.664256748558675;10;2;1;8;20;5.6177966919309625;3;22;8.877715014031626;0;6;5;2;6;2;23;2.2241161936169584;10;2;23;-3.210021127643841;3;7;-7.457277944488128;2;0;3;2;5;1;6;11;5;14;6;5;5;14;5;0;6;6;1;12;9;3;4;0;9;22;5.704496881546362;4;3;0;6;2;4;8;24;4;2;4;23;5.70688737856135;5;13
TRACK:272;260;227;2;1;2;4;1;0;6;2;6;15;5;5;7;-9.72144671904748;2;1;6;3;16;1;0;14;14;0;12;25;5;6;6;21;0.42816852254532306;2;3;4;2;0;10;9;5;19;3;4;6;4;21;-9.78063955425568;0;0;0;0;3;1;2;25;13;2;23;3.452197096066103;24;4;2;2;23;9.551969487195976;15;5;18;4;5;0;2;8;22;-5.177562222467604;6;10;5;0;5;5;3;22;8.679094515827096;4;4;2;8;18;8;2;6;6;2;1;6;0;15;4;19;0;0;4;16;5;8;4;3;9;1;5;3;1;7;-3.4642611394016716;14;0;5;5;21;9.348666489638187;4;6;22;-5.149523468070049;0;6;1;5;5;0;4;17;4;19;2;4;5;6;18;0;1;2;11;22;-6.308855102934636;2;16;24;1;3;9;4;11;5;3;5;3;5;2;14;20;-8.741359421254183;1;3;4;3;5;5;2;6;2;23;2.681792858944806;10;2;1;8;20;5.653975155258196;3;22;8.725207929748588;0;6;5;2;6;2;23;2.1072213547220615;10;2;23;-2.926254746201283;3;7;-7.4272530985714775;2;0;3;2;5;1;6;11;5;14;6;5;5;14;5;0;6;6;1;12;9;3;4;0;9;22;5.5920993095210685;4;3;0;6;2;4;8;24;4;2;4;23;5.7317456484536145;5;13
TRACK:273;260;227;2;1;2;4;1;0;6;2;1;6;8;1;23;1.7094321520417253;16;5;5;7;-10.0;2;1;6;3;16;1;0;14;14;0;12;25;5;6;6;21;0.7855852927585816;2;3;4;2;0;10;9;2;11;23;3.0291025014559407;3;4;6;4;21;-10.0;0;0;0;0;3;1;2;25;13;2;23;3.226375267555532;24;4;2;2;23;9.985502945781073;15;5;18;4;5;0;2;8;12;6;10;5;0;5;5;3;22;8.869927673411203;4;4;2;8;18;2;0;3;3;2;0;8;25;0;16;11;3;2;1;3;10;5;16;4;1;12;13;3;0;3;3;4;17;1;1;8;3;15;2;1;21;-8.776450594345485;17;6;9;2;6;6;2;1;6;0;3;19;4;19;0;0;4;16;5;8;4;3;9;1;5;3;1;7;-3.6850819598125475;14;0;5;5;21;9.376037180814716;4;6;22;-4.937800504635951;0;6;1;5;5;0;4;17;4;19;2;4;5;6;8;0;1;2;11;22;-6.484044984747581;2;16;24;1;3;9;4;11;5;3;5;3;5;2;14;20;-8.703968696651135;1;3;4;3;5;5;2;6;2;23;2.393996349050755;10;2;1;8;20;5.674374220108992;3;25;0;6;2;6;6;4;3;5;25;3;6;5;4;3;10;2;3;2;5;1;6;11;5;14;6;5;5;14;4;3;0;6;2;4;8;24;4;2;4;23;5.599579171175106;5;13
TRACK:274;267;221;2;1;2;4;1;0;6;5;8;2;1;6;3;16;1;0;14;14;0;12;25;5;6;6;21;0.7174553525127396;2;3;4;2;0;10;9;2;11;23;3.1795275520518675;3;4;6;4;21;-9.905304075718712;0;0;0;0;3;1;2;25;13;2;23;3.2580141089116537;24;4;2;2;23;9.774767893982995;15;5;18;4;5;0;2;8;12;6;10;5;0;5;5;3;22;8.914128573599378;4;4;2;8;18;2;0;3;3;2;0;8;25;0;16;11;3;2;1;3;10;5;16;4;1;12;13;3;0;3;3;4;17;1;1;8;3;15;2;1;21;-8.834952682606806;17;6;9;2;6;6;2;1;6;0;3;19;4;19;0;0;4;16;5;8;4;3;9;1;5;3;1;7;-3.4079241850209754;14;0;5;5;21;9.54250543573967;4;6;22;-5.099883710715578;0;6;1;5;5;0;4;17;4;19;2;4;5;6;8;0;1;2;11;22;-6.3857404426625735;2;16;24;1;3;9;4;11;5;3;5;3;5;2;14;20;-8.547710623336613;1;3;4;3;5;5;2;6;2;23;2.298151277203445;25;2;1;8;20;5.674797170499423;3;7;-7.717321571290395;0;6;2;6;6;4;3;5;25;3;6;5;4;3;10;2;0;3;2;5;1;6;11;5;14;6;5;5;14;6;21;4.28496009735219;4;3;0;6;2;4;8;24;4;2;4;23;6.063336387587464;5;13
TRACK:275;267;221;2;1;2;4;1;0;6;2;6;15;5;5;7;-9.778231187794258;2;1;6;3;16;1;0;14;14;0;12;25;5;6;6;21;0.46365952423593526;2;3;4;2;0;10;9;2;11;23;3.0781093724100868;3;4;6;4;21;-9.83930547146758;0;0;0;0;3;1;2;25;13;2;23;3.3036744791866575;24;4;2;2;23;9.523203314069185;15;5;18;4;5;0;2;8;22;-5.01456528642841;6;10;5;0;5;5;3;22;8.665988960640709;4;4;2;8;18;2;0;3;3;2;0;8;25;0;16;11;3;2;1;3;17;5;16;4;1;24;13;3;0;3;3;4;17;1;1;0;19;19;3;15;2;1;21;-8.739997762141797;24;6;9;2;6;6;2;1;6;0;3;19;4;19;0;0;4;16;5;8;4;3;9;1;5;3;1;7;-3.341985594388886;14;0;5;5;21;9.401141321630826;4;6;22;-5.278547766110667;0;6;1;5;5;0;4;17;4;19;2;4;5;6;18;0;1;2;11;22;-6.258638286710222;2;16;24;1;3;9;4;11;5;3;5;3;5;2;14;20;-8.86496947026123;1;3;4;3;5;5;2;6;2;23;2.659040534679855;10;2;1;8;20;5.668632218125726;3;22;8.935265610115989;0;6;5;2;6;2;23;2.1021565829825266;10;2;23;-3.157816992344227;3;7;-7.464310763937912;2;0;3;2;5;1;6;11;5;14;6;5;5;14;5;0;6;6;1;12;9;3;4;0;9;22;5.767722596970211;4;3;0;6;2;4;8;24;4;2;4;23;5.6648407051079985;5;13
TRACK:276;267;140;2;1;2;4;1;0;6;5;8;2;1;6;3;16;1;0;14;14;0;12;25;5;6;6;21;0.7174553525127396;2;3;4;2;0;10;14;2;11;23;3.1795275520518675;3;4;6;4;21;-9.905304075718712;0;0;0;0;3;1;2;25;13;2;23;3.2580141089116537;24;4;2;2;23;9.774767893982995;15;5;18;4;5;0;2;8;12;6;10;5;0;5;5;3;22;8.914128573599378;4;4;2;8;18;2;0;3;3;2;0;8;25;0;16;11;3;2;1;3;10;5;16;4;1;12;13;3;0;3;3;4;17;1;1;8;3;15;2;1;21;-8.834952682606806;17;6;9;2;6;6;2;1;6;0;3;19;4;19;0;0;4;16;5;8;4;3;9;1;5;3;1;7;-3.4079241850209754;14;0;5;5;21;9.54250543573967;4;6;22;-5.099883710715578;0;6;1;5;5;0;4;17;4;19;2;4;5;6;8;0;1;2;11;22;-6.3857404426625735;2;16;24;1;3;9;4;11;5;3;5;3;5;2;14;20;-8.547710623336613;1;3;4;3;5;5;2;6;2;23;2.298151277203445;10;2;1;8;20;5.674797170499423;3;7;-7.717321571290395;0;6;2;6;6;4;3;5;25;3;6;5;4;3;10;2;0;3;2;5;1;6;11;5;14;6;5;5;14;6;21;4.28496009735219;4;3;0;6;2;4;8;24;4;2;4;23;6.063336387587464;5;13
TRACK:277;267;140;2;1;2;4;1;0;6;2;1;6;8;1;23;1.8460227511510063;16;5;5;7;-10.0;2;1;6;3;16;1;0;14;14;0;12;25;5;6;6;21;0.7093831134937598;2;3;4;2;0;10;9;2;11;23;3.085391908116088;3;4;6;4;21;-10.0;0;0;0;0;3;1;2;25;13;2;23;3.172224519441159;24;4;2;2;23;9.760403565013915;15;5;18;4;5;0;2;8;12;6;10;5;0;5;5;3;22;8.942874507321044;4;4;2;8;18;2;0;3;3;2;0;8;25;0;16;11;3;2;1;3;10;5;16;4;1;12;13;3;0;3;3;4;17;1;1;8;24;2;1;21;-8.83356645613671;17;6;9;2;6;6;2;1;6;0;3;19;4;19;0;0;4;16;5;8;4;3;9;1;5;3;1;7;-3.3302545876816696;14;0;5;5;21;9.565925895087727;4;6;22;-5.05567313044412;0;6;1;5;5;0;4;17;4;19;2;4;5;6;8;0;1;2;11;22;-6.401983532504714;2;16;24;1;3;9;4;11;5;3;5;3;5;2;14;20;-8.616323898591212;1;3;4;3;5;5;2;6;2;23;2.3959803144657323;10;2;1;8;20;5.705786641178726;3;7;-7.669018949736079;0;6;2;6;6;4;3;5;25;3;6;5;4;3;10;2;0;3;2;5;1;6;11;5;14;6;5;5;14;5;0;6;6;1;12;9;3;4;0;9;22;5.5913228252552685;4;3;0;6;2;4;8;24;4;2;4;23;5.846310630793269;5;13
TRACK:278;260;186;2;1;2;4;1;0;6;2;6;15;5;5;7;-9.72144671904748;2;1;6;3;16;1;0;14;14;0;12;25;5;6;6;21;0.42816852254532306;2;3;4;2;0;10;9;5;19;3;4;6;4;21;-9.78063955425568;0;0;0;0;3;1;2;25;13;2;23;3.452197096066103;24;4;2;2;23;9.551969487195976;15;5;18;4;5;0;2;8;22;-5.177562222467604;6;10;5;0;5;5;3;22;8.679094515827096;4;4;2;8;18;2;0;3;3;2;0;8;25;0;16;11;3;2;1;3;17;5;16;4;1;12;13;3;0;3;3;4;17;1;1;0;19;19;3;15;2;1;21;-8.681419427819721;24;6;9;2;6;6;2;1;6;0;15;4;19;0;0;4;16;5;8;4;3;9;1;5;3;1;7;-3.4642611394016716;14;0;5;5;21;9.348666489638187;4;6;22;-5.149523468070049;0;6;1;5;5;0;4;17;4;19;2;4;5;4;19;0;1;2;11;22;-6.308855102934636;2;16;24;1;3;9;4;11;5;3;5;3;5;2;14;20;-8.741359421254183;1;3;4;3;5;5;2;6;2;23;2.681792858944806;10;2;1;8;20;5.653975155258196;3;22;8.725207929748588;0;6;5;2;6;2;23;2.1072213547220615;10;2;23;-2.926254746201283;3;7;-7.4272530985714775;2;0;3;2;5;1;6;11;5;14;6;5;5;14;5;0;6;6;1;12;9;3;4;0;9;22;5.5920993095210685;4;3;0;6;2;4;8;24;4;2;4;23;5.7317456484536145;5;13
TRACK:279;260;186;2;1;2;4;1;0;6;2;6;15;5;5;7;-9.94928359914527;2;1;6;3;16;1;0;14;14;0;12;25;5;6;6;21;0.48433655479342974;2;3;4;2;0;10;9;2;11;23;3.147413744512353;3;4;6;4;21;-9.834626953308437;0;0;0;0;3;1;2;25;13;2;23;3.199330728248863;24;4;2;2;23;9.478622282274955;15;5;18;4;5;0;2;8;22;-4.92842235425061;6;10;5;0;5;5;3;22;8.634412432362263;4;4;2;8;18;2;0;3;3;2;0;8;25;0;16;11;3;2;1;3;17;5;16;4;1;12;13;3;0;3;3;4;17;1;1;0;19;19;3;15;2;1;21;-8.609752037238183;17;6;9;2;6;6;2;1;6;0;3;19;4;19;0;0;4;16;5;8;4;3;9;1;5;3;1;7;-3.1637055870997237;14;0;5;5;21;9.322231042190065;4;6;22;-5.279483884947744;0;6;1;5;5;0;4;17;4;19;2;4;5;6;8;0;1;2;11;22;-6.227006856809495;2;16;24;1;3;9;4;11;5;3;5;3;5;2;14;20;-8.767059166995391;1;3;4;3;5;5;2;6;2;23;2.664256748558675;10;2;1;8;20;5.6177966919309625;3;22;8.877715014031626;0;6;5;2;6;2;23;2.2241161936169584;10;2;23;-3.210021127643841;3;7;-7.457277944488128;2;0;3;2;5;1;6;11;5;14;6;5;5;14;5;0;17;3;4;0;9;22;5.704496881546362;4;3;0;6;2;4;8;24;4;2;4;23;5.70688737856135;5;13
TRACK:280;270;-1;2;1;2;4;1;0;6;2;6;15;5;5;7;-9.724181600823963;2;1;6;3;16;1;0;14;14;0;12;25;5;6;6;21;0.43440713289413924;2;3;4;2;0;10;9;2;11;23;3.117443846444334;3;4;6;4;21;-9.800158226934037;0;0;0;0;3;1;2;25;13;2;23;3.170133462876859;24;4;2;2;23;9.785401140639616;15;5;18;4;5;0;2;8;22;-5.079931848007749;6;10;5;0;5;5;3;22;8.658359039794508;4;4;2;8;18;2;0;3;3;2;0;8;25;0;16;11;3;2;1;3;17;5;16;4;1;12;13;3;0;3;3;4;17;1;1;0;19;19;3;15;2;1;21;-8.720799054688932;17;6;9;2;6;6;2;1;6;0;3;19;4;19;0;0;4;16;5;8;4;3;9;1;5;6;0;20;-8.291979462042685;12;0;5;5;21;9.261702517736083;4;6;22;-5.314278302591716;0;6;1;5;5;0;4;17;4;19;2;4;5;6;8;0;1;2;11;22;-6.181752188408506;2;16;11;12;5;3;5;3;5;2;14;20;-8.903488385497303;1;3;4;3;5;5;2;6;2;23;2.4391819893850273;10;2;1;8;20;5.532750714767155;3;22;8.708580884726615;0;6;5;2;6;2;23;2.1764473273206777;10;2;23;-3.4104595822435035;3;7;-7.639415346432667;2;0;3;2;5;1;6;11;5;14;6;5;5;21;6.447947265172875;5;0;6;6;1;12;9;3;4;0;9;22;5.679833345907086;4;3;0;6;2;4;8;24;4;2;4;23;5.670699482412301;5;13
TRACK:281;272;-1;2;1;2;4;1;0;6;2;6;15;5;5;7;-9.706088589902917;2;1;6;3;16;1;0;14;14;0;12;25;5;6;6;21;0.24867766247586895;2;3;4;2;0;10;9;5;19;3;4;6;4;21;-9.718353892383474;0;0;0;0;3;1;2;25;13;2;23;3.376775833166776;24;4;2;2;23;9.465901811514383;15;5;18;4;5;0;2;8;22;-5.150035439210977;6;10;5;0;5;5;3;22;8.582911305026686;4;4;2;8;18;8;2;6;6;2;1;6;0;15;4;19;0;0;4;16;5;8;4;3;9;1;5;0;18;18;0;5;5;21;9.438875980180333;4;6;22;-5.234746760069013;0;6;1;5;5;0;4;17;4;19;2;4;5;6;18;0;1;2;11;22;-6.317601806683957;2;16;24;1;3;9;4;11;5;3;5;3;5;2;14;20;-8.740688218583921;1;3;4;3;5;5;2;6;2;23;2.641358163634329;10;2;1;8;20;5.668928545271393;3;22;8.770382153145048;0;6;5;2;6;2;23;2.1873830144788426;10;2;23;-3.0026410672361448;3;7;-7.519273816105796;2;0;3;2;5;1;6;11;5;14;6;5;5;14;5;0;6;6;1;12;9;3;4;0;9;22;5.450142746003408;4;3;0;6;2;4;8;24;4;2;4;23;5.662991202289968;5;13
TRACK:282;274;-1;2;1;2;4;1;0;6;5;8;2;1;6;3;16;1;0;14;14;0;12;25;5;6;6;21;0.6837021204064464;5;0;5;2;20;4.71459916859364;12;6;5;10;0;0;0;0;3;1;2;25;13;2;23;3.175276138445135;24;4;2;2;23;9.921558379747285;15;5;18;4;5;0;2;8;12;6;10;5;0;5;5;3;22;8.915127360727476;4;4;2;8;18;2;0;3;3;2;0;8;25;0;16;11;3;2;1;3;10;5;16;4;1;12;13;3;0;3;3;4;17;1;1;8;3;15;2;1;21;-8.881715779648303;17;6;9;2;6;6;2;1;6;0;3;19;4;19;0;0;4;16;5;8;4;3;9;1;5;3;1;7;-3.4700591628765602;14;0;5;5;21;9.474771425546292;4;6;22;-5.025766733903601;0;6;1;5;5;0;4;17;4;19;2;4;5;6;8;0;1;2;11;22;-6.4956906882305425;2;16;24;1;3;9;4;11;5;3;5;3;5;2;14;20;-8.577739051930438;1;3;4;3;5;5;2;6;2;23;2.3845378347344988;25;2;1;8;20;5.590535767290046;3;7;-7.717171395547243;0;6;2;6;6;4;3;5;25;3;6;5;4;3;10;2;0;3;2;5;1;6;11;5;14;6;5;5;14;6;21;4.227665712829826;4;3;0;6;2;4;8;24;4;2;4;23;6.208456015209885;5;13
TRACK:283;276;-1;2;1;2;4;1;0;6;5;8;2;1;6;3;16;1;0;14;14;0;12;25;5;6;6;21;0.6963393597697575;2;3;4;2;0;10;14;2;11;23;3.03525535957872;3;4;6;4;21;-10.0;0;0;0;0;3;1;2;25;13;2;23;3.2781313593634893;24;4;2;2;23;9.910758355741184;15;5;18;4;5;0;2;8;12;6;10;5;0;5;5;3;22;8.792741014106879;4;4;2;8;18;2;0;3;3;2;0;8;25;0;16;11;3;2;1;3;10;5;16;4;1;12;13;3;0;3;3;4;17;1;1;8;3;15;2;1;21;-8.835381649895258;17;6;9;2;6;6;2;1;6;0;3;19;4;19;0;0;4;16;5;8;4;3;9;1;5;3;2;7;-0.660195823942713;8;0;5;5;21;9.510163522930176;4;6;22;-5.1439214094319725;0;6;1;5;5;0;4;17;4;19;2;4;5;6;8;0;1;2;11;22;-6.5718371252090915;2;16;24;1;3;9;4;11;5;3;5;3;5;2;14;20;-8.435389630868174;1;3;4;3;5;5;2;6;2;23;2.5090967896527205;10;2;1;8;20;5.712577163023926;3;7;-7.7737591808325295;0;6;2;6;6;4;3;5;25;3;6;5;4;3;10;2;0;3;2;5;1;6;11;5;14;6;5;5;14;6;21;4.105433851397122;4;3;0;6;2;4;8;24;4;2;4;23;5.929987368110742;5;13
TRACK:284;278;-1;2;1;2;4;1;0;6;2;6;15;5;5;7;-9.792432873479692;2;1;6;3;16;1;0;14;14;0;12;25;5;6;6;21;0.4277781413838664;2;3;4;2;0;10;9;5;19;3;4;6;4;21;-9.939169642764375;0;0;0;0;3;1;2;25;13;2;23;3.6630363384501754;24;4;2;2;23;9.385132583870645;15;5;18;4;5;0;2;8;22;-5.2580654623984975;6;10;5;0;5;5;3;22;8.706924379566177;4;4;2;8;18;2;0;3;3;2;0;8;25;0;16;11;3;2;1;3;17;5;16;4;1;12;13;3;0;3;3;4;17;1;1;0;19;19;3;15;2;1;21;-8.905861137254963;24;6;9;2;6;6;2;1;6;0;15;4;19;0;0;4;16;5;8;4;3;9;1;5;3;1;7;-3.5174279762655996;14;0;5;5;21;9.187117585443225;4;6;22;-5.164533475686754;0;6;1;5;5;0;4;17;4;19;2;4;5;4;19;0;1;2;11;22;-6.342821615618842;2;16;24;1;3;9;4;11;5;3;5;3;5;2;14;20;-8.685485903495941;1;1;4;2;6;4;18;2;1;22;-6.872836188811076;21;8.088920088111031;6;19;3;3;2;4;13;5;7;-1.3684381016531528;0;6;5;2;6;2;23;1.992836769337302;10;2;23;-2.97576193542299;3;7;-7.38334334428689;2;0;3;2;5;1;6;11;5;14;6;5;5;14;5;0;6;6;1;12;9;3;4;0;9;22;5.604232244805133;4;3;0;6;2;4;8;24;4;2;4;23;5.775699245801432;5;13
TRACK:285;271;-1;2;1;2;4;1;0;6;2;6;15;5;5;7;-9.943085599440781;2;1;6;3;16;1;0;14;14;0;12;25;5;6;6;21;0.3596947175881165;2;3;4;2;0;10;9;2;11;23;3.331480721531605;3;4;6;4;21;-9.88926627969781;0;0;0;0;3;1;2;25;13;2;23;3.2560255038890795;24;4;2;2;23;9.314624662234767;15;5;18;4;5;0;2;8;22;-4.9424971264587745;6;10;5;0;5;5;3;22;8.583620738365761;23;9.58334803783508;2;0;3;3;2;0;8;25;0;16;11;3;2;1;3;17;5;16;4;1;12;13;3;0;3;3;4;17;1;1;0;19;19;3;15;2;1;21;-8.659310351304162;17;6;9;2;6;6;2;1;6;0;3;19;4;19;0;0;4;16;5;8;4;3;9;1;5;3;1;7;-3.2078859610338872;14;0;5;5;21;9.498217928378194;4;6;22;-5.385737717399419;0;6;1;5;5;0;4;17;4;19;2;4;5;6;8;0;1;2;11;22;-6.248048214179771;2;16;24;1;3;9;4;11;5;3;5;3;5;2;14;20;-8.79244906635973;1;3;4;3;5;5;2;6;2;23;2.6782568859134837;18;2;1;8;20;5.669090001658969;3;22;8.914920755812231;0;6;5;2;6;2;23;2.2268619138591963;10;2;23;-3.299136399544607;3;7;-7.414825274527554;2;0;3;2;5;1;6;11;5;14;6;5;5;14;5;0;6;6;1;12;9;3;4;0;9;22;5.497632018187705;4;3;0;6;2;4;8;24;4;2;4;23;5.7536784266193575;5;13
TRACK:286;273;-1;2;1;2;4;1;0;6;2;1;6;8;1;23;1.6974213267325962;16;5;5;7;-9.951780848042354;2;1;6;3;16;1;0;14;14;0;12;25;5;6;6;21;0.9213034626722918;2;3;4;2;0;10;9;2;11;23;2.9035026326811333;3;4;6;4;21;-10.0;0;0;0;0;3;1;2;25;13;2;23;3.276885816027588;24;4;2;2;23;10.0;15;5;18;4;5;0;2;8;12;6;10;5;0;5;5;3;22;8.877875388394328;4;4;2;8;18;2;0;3;3;2;0;8;25;0;16;11;3;2;1;3;10;5;16;4;1;12;13;3;0;3;3;4;17;1;1;8;3;15;2;1;21;-8.813129733196938;17;6;9;2;6;6;2;1;6;0;3;19;4;19;0;0;4;16;5;8;4;3;9;1;5;3;1;7;-3.6531348684285976;14;0;5;5;21;9.490534781769894;4;6;22;-5.0672391880457015;0;6;1;5;5;0;4;17;4;19;2;4;5;6;18;0;1;2;11;22;-6.443453823549484;2;16;24;1;3;9;4;11;5;3;5;3;5;2;14;20;-8.620700640420466;1;3;4;3;5;5;2;6;2;23;2.368514644351093;10;2;1;8;20;5.706977271527229;3;25;0;6;2;6;6;4;3;5;25;3;6;5;4;3;10;2;3;2;5;1;6;11;5;14;6;5;5;14;4;3;0;6;2;4;8;24;4;2;4;23;5.54842621254324;5;13
TRACK:287;275;-1;2;1;2;4;1;0;6;2;6;15;5;5;7;-9.725433738044401;2;1;6;3;16;1;0;14;14;0;12;25;5;6;6;21;0.5421036700258373;2;3;4;2;0;10;9;2;11;23;3.049452330038109;3;4;6;4;21;-9.782533890909946;0;0;0;0;3;1;2;25;13;2;23;3.4027543740390707;24;4;2;2;23;9.557337038372564;15;5;18;4;5;0;2;8;22;-5.103653667879607;6;10;5;0;5;5;3;22;8.666260363495132;4;4;2;8;18;2;0;3;3;2;0;8;25;0;16;11;3;2;1;3;17;5;16;4;1;24;13;3;0;3;3;4;17;1;1;0;19;19;3;15;2;1;21;-8.61577751175865;24;6;9;2;6;6;2;1;6;0;3;19;4;19;0;0;4;16;5;8;4;3;9;1;5;3;1;7;-3.366108007809166;14;0;5;5;21;9.385216708532214;4;6;22;-5.304691208260159;0;6;1;5;5;0;4;17;4;19;2;4;5;6;18;0;1;2;11;22;-6.276833330652638;2;16;24;1;3;9;4;9;5;3;5;3;5;2;14;20;-8.672853763559788;1;3;4;3;5;5;2;6;2;23;2.561298972915654;10;2;1;8;20;5.6379150216780625;3;22;8.912417134278721;0;6;5;2;6;2;23;2.0562604112639713;10;2;23;-3.275545781556236;3;7;-7.451462647601967;2;0;3;2;5;1;6;11;5;14;6;5;5;14;5;0;6;6;1;12;9;3;4;0;9;22;5.467840040016235;4;3;0;6;2;4;8;24;4;2;4;23;5.825985123014482;5;13
TRACK:288;277;-1;2;1;2;4;1;0;6;2;1;6;8;1;23;1.753133756045604;16;5;5;7;-9.868396754339539;2;1;6;3;16;1;0;14;14;0;12;25;5;6;6;21;0.7405275507715186;2;3;4;2;0;10;9;2;11;23;3.1556254840477846;3;4;6;4;21;-10.0;0;0;0;0;3;1;2;25;13;2;23;3.1633658600689194;24;4;2;2;23;9.797389233964394;15;5;18;4;5;0;2;8;12;6;10;5;0;5;5;3;22;8.94472772838788;4;4;2;8;18;2;0;3;3;2;0;8;25;0;16;11;3;2;1;3;10;5;16;4;1;12;13;3;0;3;3;4;17;1;1;8;24;2;1;21;-9.010746284358673;17;6;9;2;6;6;2;1;6;0;3;19;4;19;0;0;4;16;5;8;4;3;9;1;5;3;1;7;-3.4050650878252826;14;0;5;5;21;9.6450107176555;4;6;22;-4.8968681005766195;0;6;1;5;5;0;4;17;4;19;2;4;5;6;8;0;1;2;11;22;-6.221571789953837;2;16;24;1;3;9;4;11;5;3;5;3;5;2;14;20;-8.706552001839466;1;3;4;3;5;5;2;6;2;23;2.424126220314995;10;2;1;8;20;5.71142392095283;3;7;-7.616879253482879;0;6;2;6;6;4;3;5;25;3;6;5;4;3;10;2;0;3;2;5;1;6;11;5;14;6;5;5;14;5;0;6;6;1;12;9;3;4;0;9;22;5.597138942569341;4;3;0;6;2;4;8;24;4;2;4;11;5;13
TRACK:289;279;-1;2;1;2;4;1;0;6;2;6;15;5;5;7;-10.0;2;1;6;3;16;1;0;14;14;0;12;25;5;6;6;21;0.5095240162713227;2;3;4;2;0;10;9;2;11;23;3.174705049441267;3;4;6;4;21;-9.697986006910181;0;0;0;0;3;1;2;25;13;2;23;3.2244183631904537;24;4;2;2;23;9.516608295360165;15;5;18;4;5;0;2;8;22;-4.985932579211563;6;10;5;0;5;5;4;24;4;4;2;8;18;2;0;3;3;2;0;8;25;0;16;11;3;2;1;3;17;5;16;4;1;12;13;3;0;3;3;4;17;1;1;0;19;19;3;15;2;1;21;-8.644382368213922;17;6;9;2;6;6;2;1;6;0;3;19;4;19;0;0;4;16;5;8;4;3;9;1;5;3;1;7;-3.2152221037575863;14;0;5;5;21;9.344082697088739;4;6;22;-5.402421353733002;0;6;1;5;5;0;4;17;4;19;2;4;5;6;8;0;1;2;11;22;-6.178882434472697;2;16;24;1;3;9;4;11;5;3;5;3;5;2;14;20;-8.711196333154152;1;3;4;3;5;5;2;6;2;23;2.65237725828593;10;2;1;8;20;5.662379942261251;3;22;9.042882191448012;0;6;5;2;6;2;23;2.171942982925643;10;2;23;-3.0932673197050584;3;7;-7.525860980909642;2;0;3;2;5;1;6;11;5;14;6;5;5;14;5;0;17;3;4;0;9;22;5.711477611331852;4;3;0;6;2;4;8;24;4;2;4;23;5.59977567062427;5;13
EVAL_INSTANCE:14:0:280
EVAL_INSTANCE:14:1:281
EVAL_INSTANCE:14:2:282
EVAL_INSTANCE:14:3:283
EVAL_INSTANCE:14:4:284
EVAL_INSTANCE:14:5:285
EVAL_INSTANCE:14:6:286
EVAL_INSTANCE:14:7:287
EVAL_INSTANCE:14:8:288
EVAL_INSTANCE:14:9:289
RUN_RESULT:14:0:0:201:DLLUDLLUURRLURDRURLDDRUDDDLDLDLUUDDRRRRRR
RUN_RESULT:14:1:0:2000:----
RUN_RESULT:14:2:0:306:DLLUDLLUURRLURDRURLDDRULLLLDRDDDDRRULDLUUDRRRRRDR
RUN_RESULT:14:3:0:2000:----
RUN_RESULT:14:4:0:530:DLLUDLLUURRLURDRURLDDRULLLLDRDDRDRDRULLLDRRRRRR
RUN_RESULT:14:5:0:1700:ULLLURDRURLLLDDDRUULURRLLDDDDDRDRRUUDDLLLUUULUDRDDDRRRULDLLUUULUUDDRDRDLDRRRRRR
RUN_RESULT:14:6:0:508:DLLUDLLUURRLURDRURLDDRULLLDDLUDRDDDRRULULDRRRRRDR
RUN_RESULT:14:7:0:2000:----
RUN_RESULT:14:8:0:186:DLLUDLLUURRLURDRURLDDRURRDDDDDR
RUN_RESULT:14:9:0:918:ULLLURDRUDDLLDLUURRRRRRULLLRURRDLRDDRDLLLDLDLDRRULUURDDLDRRRR
    15 |      150 | -3.686500E+03 | -3.814000E+03
TRACK:290;280;282;2;1;2;4;1;0;6;2;6;15;5;5;7;-9.724181600823963;2;1;6;3;16;1;0;14;14;0;12;25;5;6;6;21;0.43440713289413924;2;3;4;2;0;10;9;2;11;23;3.117443846444334;3;4;6;4;21;-9.800158226934037;0;0;0;0;3;1;2;25;13;2;23;3.170133462876859;24;4;2;2;23;9.785401140639616;15;5;18;4;5;0;2;8;22;-5.079931848007749;6;10;5;0;5;5;3;22;8.658359039794508;4;4;2;8;18;2;0;3;3;2;0;8;25;0;16;11;3;2;1;3;17;5;16;4;1;12;13;3;0;3;3;4;17;1;1;0;19;19;3;15;2;1;21;-8.720799054688932;17;6;9;2;6;6;2;1;6;0;3;19;4;19;0;0;4;16;5;8;4;3;9;1;5;6;0;20;-8.291979462042685;12;0;5;5;21;9.261702517736083;4;6;22;-5.314278302591716;0;6;1;5;5;0;4;17;4;19;2;4;5;6;8;0;1;2;11;22;-6.181752188408506;2;16;11;12;5;3;5;3;5;2;14;20;-8.903488385497303;1;3;4;3;5;5;2;5;16;2;1;8;20;5.532750714767155;3;22;8.708580884726615;0;6;5;2;6;2;23;2.1764473273206777;10;2;23;-3.4104595822435035;3;7;-7.639415346432667;2;0;3;2;5;1;6;11;5;14;6;5;5;21;6.447947265172875;5;0;6;6;1;12;9;3;4;0;9;22;5.679833345907086;4;3;0;6;2;4;8;24;4;2;4;23;5.670699482412301;5;13
TRACK:291;280;282;2;1;2;4;1;0;6;21;-8.720799054688932;2;1;6;3;16;1;0;14;14;0;12;25;5;6;6;21;0.6837021204064464;5;0;5;2;20;4.71459916859364;12;6;5;10;0;0;0;0;3;1;2;25;13;2;23;3.175276138445135;24;4;2;2;23;9.921558379747285;15;5;18;4;5;0;2;8;12;6;10;5;0;5;5;3;22;8.915127360727476;4;4;2;8;18;2;0;3;3;2;0;8;25;0;16;11;3;2;1;3;10;5;16;4;1;12;13;3;0;3;3;4;17;1;1;8;3;15;2;1;21;-8.881715779648303;17;6;9;2;6;6;2;1;6;0;3;19;4;19;0;0;4;16;5;8;4;3;9;1;5;3;1;7;-3.4700591628765602;14;0;5;5;21;9.474771425546292;4;6;22;-5.025766733903601;0;6;1;5;5;0;4;17;4;19;2;4;5;6;8;0;1;2;11;22;-6.4956906882305425;2;16;24;1;3;9;4;11;5;3;5;3;5;2;14;20;-8.577739051930438;1;3;4;3;5;5;2;6;2;23;2.3845378347344988;25;2;1;8;20;5.590535767290046;3;7;-7.717171395547243;0;6;2;6;6;4;3;5;25;3;6;5;4;3;10;2;0;3;2;5;1;6;11;5;14;6;5;5;14;6;21;4.227665712829826;4;3;0;6;2;4;8;24;4;2;4;23;6.208456015209885;5;13
TRACK:292;267;288;2;1;2;4;1;0;6;5;8;2;1;6;3;16;1;0;14;14;0;12;25;5;6;6;21;0.7174553525127396;2;3;4;2;0;10;9;2;11;23;3.1795275520518675;3;4;6;4;25;0;0;0;0;3;1;2;25;13;2;23;3.2580141089116537;24;4;2;2;23;9.774767893982995;15;5;18;4;5;0;2;8;12;6;10;5;0;5;5;3;22;8.914128573599378;4;4;2;8;18;2;0;3;3;2;0;8;25;0;16;11;3;2;1;3;10;5;16;4;1;12;13;3;0;3;3;4;17;1;1;8;3;15;2;1;21;-8.834952682606806;17;6;9;2;6;6;2;1;6;0;3;19;4;19;0;0;4;16;5;8;4;3;9;1;5;3;1;7;-3.4079241850209754;14;0;5;5;21;9.54250543573967;4;6;22;-5.099883710715578;0;6;1;5;5;0;4;17;4;19;2;4;5;6;8;0;1;2;11;22;-6.3857404426625735;2;16;24;1;3;9;4;11;5;3;5;3;5;2;14;20;-8.547710623336613;1;3;4;3;5;5;2;6;2;23;2.298151277203445;10;2;1;8;20;5.674797170499423;3;7;-7.717321571290395;0;6;2;6;6;4;3;5;25;3;6;5;4;3;10;2;0;3;2;5;1;6;11;5;14;6;5;5;14;6;21;4.28496009735219;4;3;0;6;2;4;8;24;4;2;4;23;6.063336387587464;5;13
TRACK:293;267;288;2;1;2;4;1;0;6;2;1;6;8;1;23;1.753133756045604;16;5;5;7;-9.868396754339539;2;1;6;3;16;1;0;14;14;0;12;25;5;6;6;21;0.7405275507715186;2;3;4;2;0;10;9;2;11;23;3.1556254840477846;3;4;6;4;21;-10.0;0;0;0;4;21;-9.905304075718712;4;5;0;2;8;12;6;10;5;0;5;5;3;22;8.94472772838788;4;4;2;8;18;2;0;3;3;2;0;8;25;0;16;11;3;2;1;3;10;5;16;4;1;12;13;3;0;3;3;4;17;1;1;8;24;2;1;21;-9.010746284358673;17;6;9;2;6;6;2;1;6;0;3;19;4;19;0;0;4;16;5;8;4;3;9;1;5;3;1;7;-3.4050650878252826;14;0;5;5;21;9.6450107176555;4;6;22;-4.8968681005766195;0;6;1;5;5;0;4;17;4;19;2;4;5;6;8;0;1;2;11;22;-6.221571789953837;2;16;24;1;3;9;4;11;5;3;5;3;5;2;14;20;-8.706552001839466;1;3;4;3;5;5;2;6;2;23;2.424126220314995;10;2;1;8;20;5.71142392095283;3;7;-7.616879253482879;0;6;2;6;6;4;3;5;25;3;6;5;4;3;10;2;0;3;2;5;1;6;11;5;14;6;5;5;14;5;0;6;6;1;12;9;3;4;0;9;22;5.597138942569341;4;3;0;6;2;4;8;24;4;2;4;11;5;13
TRACK:294;186;288;2;1;2;4;1;0;6;2;6;15;5;5;7;-9.94928359914527;2;1;6;3;16;1;0;14;14;0;12;25;5;6;6;21;0.48433655479342974;2;3;4;2;0;10;9;2;11;23;3.147413744512353;3;4;6;4;21;-9.834626953308437;0;0;0;0;3;1;2;25;13;2;23;3.199330728248863;24;4;2;2;23;9.478622282274955;15;5;18;4;5;0;2;8;22;-4.92842235425061;6;10;5;0;5;5;3;22;8.634412432362263;4;4;2;8;18;2;0;3;3;2;0;8;25;0;16;11;3;2;1;3;17;5;16;4;1;12;13;3;0;3;3;4;17;1;1;0;19;19;3;15;2;1;21;-8.609752037238183;17;6;9;2;6;6;2;1;6;0;3;19;4;19;0;0;4;16;5;8;4;3;9;1;5;3;1;7;-3.1637055870997237;14;0;5;5;21;9.322231042190065;4;6;22;-5.279483884947744;0;6;1;5;5;0;4;17;4;19;2;4;5;6;8;0;1;2;11;22;-6.227006856809495;2;16;24;1;3;9;4;11;5;3;5;3;5;2;14;20;-8.767059166995391;1;3;4;3;5;5;2;6;2;23;2.664256748558675;10;2;1;8;20;5.6177966919309625;3;22;8.877715014031626;0;6;5;2;6;2;23;2.2241161936169584;10;2;23;-3.210021127643841;3;7;-7.457277944488128;2;0;3;2;5;1;6;11;5;14;6;5;5;14;5;0;6;6;1;12;9;3;4;0;9;22;5.704496881546362;4;3;0;6;2;4;8;24;4;2;4;23;5.70688737856135;5;13
TRACK:295;186;288;2;1;2;4;1;0;6;2;1;6;10;1;23;1.753133756045604;16;5;5;7;-9.868396754339539;2;1;6;3;16;1;0;14;14;0;12;25;5;6;6;21;0.7405275507715186;2;3;4;2;0;10;9;2;11;23;3.1556254840477846;3;4;6;4;21;-10.0;0;0;0;0;3;1;2;25;13;2;23;3.1633658600689194;24;4;2;2;23;9.797389233964394;15;5;18;4;5;0;2;8;12;6;10;5;0;5;5;3;22;8.94472772838788;4;4;2;8;18;2;0;3;3;2;0;8;25;0;16;11;3;2;1;3;10;5;16;4;1;12;13;3;0;3;3;4;17;1;1;8;24;2;1;21;-9.010746284358673;17;6;9;2;6;6;2;1;6;0;3;19;4;19;0;0;4;16;5;8;4;3;9;1;5;3;1;7;-3.4050650878252826;14;0;5;5;21;9.6450107176555;4;6;22;-4.8968681005766195;0;6;1;5;5;0;4;17;4;19;2;4;5;6;8;0;1;2;11;22;-6.221571789953837;2;16;24;1;3;9;4;11;5;3;5;3;5;2;14;20;-8.706552001839466;1;3;4;3;5;5;2;6;2;23;2.424126220314995;10;2;1;8;20;5.71142392095283;3;7;-7.616879253482879;0;6;2;6;6;4;3;5;25;3;6;5;4;3;10;2;0;3;2;5;1;6;11;5;14;6;5;5;14;5;0;6;6;1;12;9;3;4;0;9;22;5.597138942569341;4;3;0;6;2;4;8;24;4;2;4;11;5;13
TRACK:296;280;140;2;1;2;4;1;0;6;2;6;15;5;5;7;-9.724181600823963;2;1;6;3;16;1;0;14;14;0;12;25;5;6;6;21;0.43440713289413924;2;3;4;2;0;10;9;2;11;23;3.117443846444334;3;4;6;4;21;-9.800158226934037;0;0;0;0;3;1;2;25;13;2;23;3.170133462876859;24;4;2;2;23;9.785401140639616;15;5;18;4;5;0;2;8;22;-5.079931848007749;6;10;5;0;5;5;3;22;8.658359039794508;4;4;2;8;18;2;0;3;3;2;0;8;25;0;16;11;3;2;1;3;17;5;16;4;1;12;13;3;0;3;3;4;17;1;1;0;19;19;3;15;2;1;21;-8.720799054688932;17;6;9;2;6;6;2;1;6;0;3;19;4;19;0;0;4;16;5;8;4;3;9;1;5;6;0;20;-8.291979462042685;12;0;5;5;21;9.261702517736083;4;6;22;-5.314278302591716;0;6;1;5;5;0;4;17;4;19;2;4;5;6;8;0;1;2;11;22;-6.181752188408506;2;16;11;12;5;3;5;3;5;2;14;20;-8.903488385497303;1;3;4;3;5;5;6;6;1;12;9;0;6;5;2;6;2;23;2.1764473273206777;10;2;23;-3.4104595822435035;3;7;-7.639415346432667;2;0;3;2;5;1;6;11;5;14;6;5;5;21;6.447947265172875;5;0;6;6;1;12;9;3;4;0;9;22;5.679833345907086;4;3;0;6;2;4;8;24;4;2;4;23;5.670699482412301;5;13
TRACK:297;280;140;2;1;2;4;1;0;6;2;1;6;8;11;5;5;7;-10.0;2;1;6;3;16;1;0;14;14;0;12;25;5;6;6;21;0.7093831134937598;2;3;4;2;0;10;9;2;11;23;3.085391908116088;3;4;6;4;21;-10.0;0;0;0;0;3;1;2;25;13;2;23;3.172224519441159;24;4;2;2;23;9.760403565013915;15;5;18;4;5;0;2;8;12;6;10;5;0;5;5;3;22;8.942874507321044;4;4;2;8;18;2;0;3;3;2;0;8;25;0;16;11;3;2;1;3;10;5;16;4;1;12;13;3;0;3;3;4;17;1;1;8;3;15;2;1;21;-8.83356645613671;17;6;9;2;6;6;2;1;6;0;3;19;4;19;0;0;4;16;5;8;4;3;9;1;5;3;1;7;-3.3302545876816696;14;0;5;5;21;9.565925895087727;4;6;22;-5.05567313044412;0;6;1;5;5;0;4;17;4;19;2;4;5;6;8;0;1;2;11;22;-6.401983532504714;2;16;24;1;3;9;4;11;5;3;5;3;5;2;14;20;-8.616323898591212;1;3;4;3;5;5;2;6;2;23;2.3959803144657323;10;2;1;8;20;5.705786641178726;3;7;-7.669018949736079;0;6;2;6;6;4;3;5;25;3;6;5;4;3;10;2;0;3;2;5;1;6;11;5;14;6;5;5;14;5;0;6;6;1;12;9;3;4;0;9;22;5.5913228252552685;4;3;0;6;2;4;8;24;4;2;4;23;5.846310630793269;5;13
TRACK:298;267;248;2;1;2;4;1;0;6;5;8;2;1;6;3;16;1;0;14;14;0;12;25;5;6;6;21;0.7174553525127396;2;3;4;2;0;10;9;2;11;23;3.1795275520518675;3;4;6;4;21;-9.905304075718712;0;0;0;0;3;1;2;25;13;2;23;3.2580141089116537;24;4;2;2;23;9.774767893982995;15;5;18;4;5;0;2;8;12;6;10;5;0;5;5;3;22;8.914128573599378;4;4;2;8;18;2;0;3;3;2;0;8;25;0;16;11;3;2;1;3;10;5;16;4;1;12;14;3;0;3;3;4;17;1;1;8;3;15;2;1;21;-8.834952682606806;17;6;9;2;6;6;2;1;6;0;3;19;4;19;0;0;4;16;5;8;4;3;9;1;5;3;1;7;-3.4079241850209754;14;0;5;5;21;9.54250543573967;4;6;22;-5.099883710715578;0;6;1;5;5;0;4;17;4;19;2;4;5;6;8;0;1;2;11;22;-6.3857404426625735;2;16;24;1;3;9;4;11;5;3;5;3;5;2;14;20;-8.547710623336613;1;3;4;3;5;5;2;6;2;23;2.298151277203445;10;2;1;8;20;5.674797170499423;3;7;-7.717321571290395;0;6;2;6;6;4;3;5;25;3;6;5;4;3;10;2;0;3;2;5;1;6;11;5;14;6;5;5;14;6;21;4.28496009735219;4;3;0;6;2;4;8;24;4;2;4;23;6.063336387587464;5;13
TRACK:299;267;248;2;1;2;4;1;0;6;2;6;15;5;5;7;-9.789025470114769;2;1;6;3;16;1;0;14;14;0;12;25;5;6;6;21;0.4907705212859587;2;3;4;2;0;10;9;2;11;23;3.183794928930785;3;4;6;4;21;-9.776819495161694;0;0;0;0;3;1;2;25;13;2;23;3.1452777267074605;24;4;2;2;23;9.655601113563353;15;5;18;4;5;0;2;8;22;-5.025024129665633;6;10;5;0;5;5;3;22;8.631016138175285;4;4;2;8;18;2;0;3;3;2;0;8;25;0;16;11;3;2;1;3;17;5;16;4;1;12;13;3;0;3;3;4;17;1;1;0;19;19;3;15;2;1;21;-8.564746218382801;17;6;9;2;6;6;2;1;6;0;3;19;4;19;0;0;4;16;5;8;4;3;9;1;5;6;0;20;-8.343465491430983;12;0;6;8;4;6;22;-5.2401219000990285;0;6;1;5;5;0;4;17;4;19;2;4;5;6;8;0;1;2;11;22;-6.223908419268319;2;16;24;12;5;3;5;3;5;2;14;20;-8.894641986331383;1;3;4;3;5;5;2;6;2;23;2.497441548892913;10;2;1;8;20;5.624299507125069;3;22;8.787490089291651;0;6;5;2;6;2;23;2.2902122018124644;10;2;23;-3.2969800960813602;3;7;-7.516687059279639;2;0;3;2;5;1;6;11;5;14;6;5;5;14;5;0;6;6;1;12;9;3;4;0;9;22;5.6880374452452;4;3;0;6;2;4;8;24;4;2;4;23;5.613063271383709;5;13
TRACK:300;290;-1;2;1;2;4;1;0;6;2;6;15;5;5;7;-9.659097586649505;2;1;6;3;16;1;0;14;14;0;12;25;5;6;6;21;0.5934901397899055;2;3;4;2;0;10;9;2;11;23;3.0590819727866867;3;4;5;11;0;0;0;0;3;1;2;25;13;2;23;3.133002000698904;24;4;2;2;23;9.82141642102599;15;5;18;4;5;0;2;8;22;-5.005544267460514;6;10;5;0;5;5;3;22;8.522273623444832;4;4;2;8;18;2;0;3;3;2;0;8;25;0;16;11;3;2;1;3;17;5;16;4;1;12;13;3;0;3;3;4;17;1;1;0;19;19;3;15;2;1;21;-8.715045438294649;17;6;9;2;6;6;2;1;6;0;3;19;4;19;0;0;4;16;5;8;4;3;9;1;5;6;0;20;-8.378401203296955;12;0;5;5;21;9.256673374142965;4;6;22;-5.219334411436065;0;6;1;5;5;0;4;17;4;19;2;4;5;6;8;0;1;2;11;22;-6.127306907159105;2;16;11;12;5;3;5;3;5;2;14;20;-8.977137136603352;1;3;4;3;5;5;2;5;16;2;1;8;20;5.641286750717619;3;22;8.812540655877392;0;6;5;2;6;2;23;2.0736349335192292;10;2;23;-3.3914010269636727;3;7;-7.688957944332929;2;0;3;2;5;1;6;11;5;14;6;5;5;21;6.484853090009066;5;0;6;6;1;12;9;3;4;0;9;22;5.766787777118111;4;3;0;6;2;4;8;24;4;2;4;23;5.506089186113031;5;13
TRACK:301;292;-1;2;1;2;4;1;0;6;5;8;2;1;6;3;16;1;0;14;14;0;12;25;5;6;6;21;0.6351736161220729;2;3;4;2;0;10;9;2;11;23;3.110945797718147;3;4;6;4;25;0;0;0;0;3;1;2;25;13;2;23;3.256632867761286;24;4;2;2;23;9.820454790292567;15;5;18;4;5;0;2;8;12;6;10;5;0;5;5;3;22;8.935633602160888;4;4;2;8;18;2;0;3;3;2;0;8;25;0;16;11;3;2;1;3;10;5;16;4;1;12;13;3;0;3;3;4;17;1;1;8;3;15;2;1;21;-8.974162170705858;17;6;9;2;6;6;2;1;6;0;3;19;4;19;0;0;4;16;5;8;4;3;9;1;5;3;1;7;-3.482012164874812;14;0;5;5;21;9.561740321360412;4;6;10;0;6;1;5;5;0;4;17;4;19;2;4;5;6;8;0;1;2;11;22;-6.526422446335927;2;16;24;1;3;9;4;11;5;3;5;3;5;2;14;20;-8.492795407381434;1;3;4;3;5;5;2;6;2;23;2.35810701481292;10;2;1;8;20;5.6676074054505925;3;7;-7.9105496725492825;0;6;2;6;6;4;3;5;25;3;6;5;4;3;10;2;0;3;2;5;1;6;11;5;14;6;5;5;14;6;21;4.375799480674267;4;3;0;6;2;4;8;24;4;2;4;23;6.174309064150275;5;13
TRACK:302;186;-1;2;1;2;4;1;0;6;2;6;15;5;5;7;-10.0;2;1;6;3;16;1;0;14;14;0;12;25;5;6;6;21;0.7257281223601025;2;3;4;2;0;10;9;2;11;23;3.1537596585039296;3;4;6;4;21;-9.750905054028188;0;0;0;0;3;1;2;25;13;2;23;3.0924628919917847;24;4;2;2;23;9.475520082821918;15;5;18;4;5;0;2;8;22;-4.920556900281749;6;10;5;0;5;5;3;22;8.564835478308325;4;4;2;8;18;2;0;3;3;2;0;8;25;0;16;11;3;2;1;3;17;5;16;4;1;12;13;3;0;3;3;4;17;1;1;0;19;19;3;15;2;1;21;-8.584985144315281;17;6;9;2;6;6;2;1;6;0;3;19;4;19;0;0;4;16;5;8;4;3;9;1;5;3;1;7;-3.059043476546923;14;0;5;5;21;9.266113244573692;4;6;22;-5.240892223166612;0;6;1;5;5;0;4;17;4;19;2;4;5;6;8;0;1;2;11;22;-6.2393712663145475;2;16;24;1;3;9;4;11;5;3;5;3;5;2;14;20;-8.836417465279604;1;3;4;3;5;0;24;25;0;6;5;2;6;2;23;2.4055075762725466;10;2;23;-3.1593503776120118;3;7;-7.274474725695531;2;0;3;2;5;1;6;11;5;14;6;5;5;14;5;0;6;6;1;12;9;3;4;0;9;22;5.632653587202856;4;3;0;6;2;4;8;24;4;2;4;23;5.889121536625311;5;13
TRACK:303;296;-1;2;1;2;4;1;0;6;2;6;15;5;5;7;-9.746149626747378;2;1;6;3;16;1;0;14;14;0;12;25;5;6;6;21;0.3522649624175518;2;3;4;2;0;10;9;2;11;23;3.1282113542754084;3;4;6;4;21;-9.83045239221263;0;0;0;0;3;1;2;25;13;2;23;3.1675216111758173;24;4;2;2;23;9.803739013467148;15;5;18;4;5;0;2;8;22;-5.177900588414826;6;10;5;0;5;5;3;22;8.462591661262643;4;4;2;8;18;2;0;3;3;2;0;8;25;0;16;11;3;2;1;3;17;5;16;4;1;12;13;3;0;3;3;4;17;1;1;0;19;19;3;15;2;1;21;-8.616848034987859;17;6;9;2;6;6;2;1;6;0;3;19;4;19;0;0;4;16;5;8;4;3;9;1;5;6;0;20;-8.293795920497345;12;0;5;5;21;9.184386489943952;4;6;15;0;6;1;5;5;0;4;17;4;19;2;4;5;6;8;0;1;2;11;22;-6.215354558343801;2;16;11;12;5;3;5;3;5;2;14;20;-8.986678702319937;1;3;4;3;5;5;6;6;1;12;9;0;6;5;2;6;2;23;2.0762551575105013;10;2;23;-3.3352143267191914;3;7;-7.699425500153703;2;0;3;2;5;1;6;11;5;14;6;5;5;21;6.36014052061086;5;0;6;6;1;12;9;3;4;0;9;22;5.547587175387952;4;3;0;6;2;4;8;24;4;2;4;23;5.595701556759216;5;13
TRACK:304;298;-1;2;1;2;4;1;0;6;5;8;2;1;6;3;16;1;0;14;14;0;12;25;5;6;6;21;0.41850841937139843;2;3;4;2;0;10;9;2;11;23;3.177801240315843;3;4;6;4;21;-10.0;0;0;0;0;3;1;2;25;13;2;23;3.238088181305505;24;4;2;2;23;9.808485159743979;15;5;18;4;5;0;2;8;12;6;10;5;0;5;5;3;22;8.957234300408835;4;4;2;8;18;2;0;3;3;2;0;8;25;0;16;11;3;2;1;3;10;5;16;4;1;12;14;3;0;3;3;4;17;1;1;8;3;15;2;1;21;-8.870529601310833;17;6;9;2;6;6;2;1;6;0;3;19;4;19;0;0;4;16;5;8;4;3;9;1;5;3;1;7;-3.2844190672943667;14;0;5;5;21;9.67051506123497;4;6;22;-5.023636367244234;0;6;1;5;5;0;4;17;4;19;2;4;5;6;8;0;1;2;11;22;-6.337862749759335;2;16;24;1;3;9;4;11;5;3;5;3;5;2;14;20;-8.41480248104129;1;3;4;3;5;5;2;6;2;23;2.350991541852008;10;2;1;8;20;5.627095030673953;3;7;-7.786925109769178;0;6;2;6;6;4;3;5;25;3;6;5;4;3;10;2;0;3;5;2;4;2;10;8;1;1;18;25;1;14;9;6;21;4.448992116620481;4;3;0;6;2;4;8;24;4;2;4;23;6.03958084194579;5;13
TRACK:305;291;-1;2;1;2;4;1;0;6;21;-8.79097201860599;2;1;6;3;16;1;0;14;14;0;12;25;5;6;6;21;0.6599614446869294;5;0;5;1;15;16;6;5;10;0;0;0;0;3;1;2;25;13;2;23;3.230955249828337;24;4;2;2;23;9.916804269459698;15;5;18;4;5;0;2;8;12;6;10;5;0;5;5;3;22;8.877418110110428;4;4;2;8;18;2;0;3;3;2;0;8;25;0;16;11;3;2;1;3;10;5;16;4;1;12;13;3;0;3;3;4;17;1;1;8;3;15;2;1;21;-8.809279871880225;17;6;9;2;6;6;2;1;6;0;3;19;4;19;0;0;4;16;5;8;4;3;9;1;5;3;1;7;-3.2914155450790945;14;0;5;5;21;9.266701297560639;4;6;22;-4.969331357442868;0;6;1;5;5;0;4;17;4;19;2;4;5;6;8;0;1;2;11;22;-6.342904283261093;2;16;24;1;3;9;4;11;5;3;5;3;5;2;14;20;-8.601681541048135;1;3;4;3;5;5;2;6;2;23;2.3988928462968113;25;2;1;8;20;5.518071193878611;3;7;-7.75087823948361;0;6;2;6;6;4;3;5;25;3;6;5;4;3;10;2;0;3;2;5;1;6;11;5;14;6;5;5;14;6;21;4.314442022595112;4;3;0;6;2;4;8;24;4;2;4;23;6.23308468535777;5;13
TRACK:306;293;-1;2;1;2;4;1;0;6;2;1;6;8;1;23;1.7687335087106306;16;5;5;7;-9.871882450556296;2;1;6;3;16;1;0;14;14;0;12;25;5;6;6;21;0.7994350651942889;2;3;4;2;0;10;9;2;11;23;3.080595968851911;3;4;6;4;21;-9.83402554851932;0;0;0;4;21;-9.867208388842835;4;5;0;2;8;12;6;10;5;0;5;5;3;22;8.974853417648706;4;4;2;8;18;2;0;3;3;2;0;8;25;0;16;11;3;2;1;3;10;5;16;4;1;12;13;3;0;3;3;4;17;1;1;8;24;2;1;21;-9.252401988585587;17;6;9;2;6;6;2;1;6;0;3;19;4;19;0;0;4;16;5;8;4;3;9;1;5;3;1;7;-3.413609236179423;14;0;5;5;21;9.557286416235197;4;6;22;-4.765841203174322;0;6;4;19;5;3;5;3;5;2;14;20;-8.667665977695952;1;3;4;3;5;5;2;6;2;23;2.3463275738452194;10;2;1;8;20;5.627008726675218;3;7;-7.567631160079246;0;6;2;6;6;4;3;5;25;3;6;5;4;3;10;2;0;3;2;5;1;6;11;5;14;6;5;5;14;5;0;6;6;1;12;9;3;4;0;9;22;5.546358985486661;4;3;0;6;2;4;8;24;4;2;4;11;5;13
TRACK:307;288;-1;2;1;2;4;1;0;6;2;1;6;8;1;23;1.837651149886395;16;5;5;7;-9.855399073340712;2;1;6;3;16;1;5;20;1.6744860074785333;0;12;25;5;6;6;21;0.6605029361089366;2;3;4;2;0;10;9;2;11;23;3.052661277108403;3;4;6;4;21;-10.0;0;0;0;0;3;1;2;25;13;2;23;3.162440296759964;24;4;2;2;23;9.738898165405383;15;5;18;4;5;0;2;8;12;6;10;5;0;5;5;3;22;8.822752567223775;4;4;2;8;18;2;0;3;3;2;0;8;25;0;16;11;3;2;1;3;10;5;16;4;1;12;13;3;0;3;3;4;17;1;1;8;24;2;1;21;-8.867924573756877;17;6;9;2;6;6;2;1;6;0;3;19;4;19;0;0;4;16;5;8;4;3;9;1;5;3;1;7;-3.395023766653235;14;0;5;5;21;9.715021075144348;4;6;22;-5.005011408161736;0;6;1;5;5;0;4;17;4;19;2;4;5;6;8;0;1;2;11;22;-6.215615879201862;2;16;24;1;3;9;4;11;5;3;5;3;5;2;14;20;-8.746192887783147;1;3;4;3;5;5;2;6;2;23;2.459445096564432;10;2;1;8;20;5.827147445469078;3;7;-7.669046106816443;0;6;2;6;6;4;3;5;25;3;6;5;4;3;10;2;0;3;2;5;1;6;11;5;14;6;5;5;14;5;0;6;6;1;12;9;3;4;0;9;22;5.419009707820669;4;3;0;6;2;4;8;24;4;2;4;11;5;13
TRACK:308;297;-1;2;1;2;4;1;0;6;2;1;6;8;11;5;5;7;-10.0;2;1;6;3;16;1;0;14;14;0;12;25;5;6;6;21;0.6652442518421678;2;3;4;2;0;10;9;2;11;23;3.0234036547882153;3;4;6;4;21;-9.945135893520083;0;0;0;0;3;1;2;25;13;2;23;3.187734550453697;24;4;2;2;23;9.74928568186968;15;5;18;4;5;0;2;8;12;6;10;5;0;5;5;3;22;8.866290008748605;4;4;2;8;18;2;0;3;3;2;0;8;25;0;16;11;3;2;1;3;10;5;16;4;1;12;13;2;1;10;25;2;25;21;0.803138483458854;2;6;6;2;1;6;0;3;19;4;19;0;0;4;16;5;8;4;3;9;1;5;3;1;7;-3.120155366545554;14;0;5;5;21;9.548791883098362;4;6;22;-5.028258937095038;0;6;1;5;5;0;4;17;4;19;2;4;5;6;8;0;1;2;11;22;-6.221574651717768;2;16;24;1;3;9;4;11;5;3;5;3;5;2;14;20;-8.598698097104547;1;3;4;3;5;5;2;6;2;23;2.332786501728493;10;2;1;8;20;5.714965961532154;3;7;-7.536032792855545;0;6;2;6;6;4;3;5;25;3;6;5;4;3;10;2;0;3;2;5;1;6;11;5;14;6;5;5;14;5;0;6;6;1;12;9;3;4;0;9;22;5.555275258103779;4;3;0;6;2;4;8;24;4;2;4;23;5.727144716152208;5;13
TRACK:309;299;-1;2;1;2;2;4;2;2;1;2;19;12;2;12;23;-7.775435131962912;6;4;21;-3.8747199007996063;1;4;5;22;8.499499138476697;3;3;14;2;0;2;2;6;22;4.520534237088576;2;25;22;5.544686065974556;6;0;7;5.455947980342369;22;-5.032615274362411;3;2;1;7;-7.537030266265408;17;2;22;-4.813104109618442;14;4;6;5;6;21;1.151824909567047;0;0;0;0;3;1;2;25;13;2;23;3.0595822494607323;24;4;2;2;23;9.662947150667462;15;5;18;4;5;0;2;8;22;-4.808675072878887;6;10;5;0;5;5;3;22;8.646766492003241;4;4;2;8;18;2;0;3;3;2;0;8;25;0;16;11;3;2;1;3;17;5;16;4;1;12;13;3;0;3;3;4;17;1;1;0;19;19;3;15;2;1;21;-8.623597446833998;17;6;9;2;6;6;2;1;6;0;3;19;4;19;0;0;4;16;5;8;4;3;9;1;5;6;0;20;-8.407917548034456;12;0;6;8;4;6;22;-5.271459817383911;0;6;1;5;5;0;4;17;4;19;2;4;5;6;8;0;1;2;11;22;-6.186777428919629;2;16;24;12;5;3;5;3;5;2;14;20;-8.875932719050924;1;3;4;3;5;5;2;6;2;23;2.490935853952548;10;2;1;8;20;5.49281745753481;3;22;8.675172254502131;0;6;5;2;6;2;23;2.3080568655859177;10;2;23;-3.3269578636867014;3;7;-7.351067194356223;2;0;3;2;5;1;6;11;5;14;6;5;5;14;5;0;6;6;1;12;9;3;4;0;9;22;5.542948280821071;4;3;0;6;2;4;8;24;4;2;4;23;5.609843287515167;5;13
EVAL_INSTANCE:15:0:300
EVAL_INSTANCE:15:1:301
EVAL_INSTANCE:15:2:302
EVAL_INSTANCE:15:3:303
EVAL_INSTANCE:15:4:304
EVAL_INSTANCE:15:5:305
EVAL_INSTANCE:15:6:306
EVAL_INSTANCE:15:7:307
EVAL_INSTANCE:15:8:308
EVAL_INSTANCE:15:9:309
RUN_RESULT:15:0:0:2000:----
RUN_RESULT:15:1:0:189:DLLUDLLUURRLURDRURLDDRUDDDLDDRRRR
RUN_RESULT:15:2:0:2000:----
RUN_RESULT:15:3:0:201:DLLUDLLUURRLURDRURLDDRUDDDLDLDLUUDDRRRRRR
RUN_RESULT:15:4:0:2000:----
RUN_RESULT:15:5:0:2000:----
RUN_RESULT:15:6:0:2000:----
RUN_RESULT:15:7:0:181:DLLUDLLUURRLURDRURLDDRURRDDDDDR
RUN_RESULT:15:8:0:2000:----
RUN_RESULT:15:9:0:2000:----
    16 |      160 | -3.781800E+03 | -3.819000E+03
TRACK:310;301;267;2;1;2;4;1;0;6;5;8;2;1;6;3;16;1;0;14;14;0;12;25;5;6;6;21;0.6351736161220729;2;3;4;2;0;10;9;2;11;23;3.110945797718147;3;4;6;4;25;0;0;0;0;3;1;2;25;13;2;23;3.256632867761286;24;4;2;2;23;9.820454790292567;15;5;18;4;5;0;2;8;12;6;10;5;0;5;5;3;22;8.935633602160888;4;4;2;8;18;2;0;3;3;2;0;8;25;0;16;11;3;2;1;3;10;5;16;4;1;12;13;3;0;3;3;4;17;1;1;8;3;15;6;2;23;2.298151277203445;10;2;6;6;2;1;6;0;3;19;4;19;0;0;4;16;5;8;4;3;9;1;5;3;1;7;-3.482012164874812;14;0;5;5;21;9.561740321360412;4;6;10;0;6;1;5;5;0;4;17;4;19;2;4;5;6;8;0;1;2;11;22;-6.526422446335927;2;16;24;1;3;9;4;11;5;3;5;3;5;2;14;20;-8.492795407381434;1;3;4;3;5;5;2;6;2;23;2.35810701481292;10;2;1;8;20;5.6676074054505925;3;7;-7.9105496725492825;0;6;2;6;6;4;3;5;25;3;6;5;4;3;10;2;0;3;2;5;1;6;11;5;14;6;5;5;14;6;21;4.375799480674267;4;3;0;6;2;4;8;24;4;2;4;23;6.174309064150275;5;13
TRACK:311;301;267;2;1;2;4;1;0;6;5;8;2;1;6;3;16;1;0;14;14;0;12;25;5;6;6;21;0.7174553525127396;2;3;4;2;0;10;9;2;11;23;3.1795275520518675;3;4;6;4;21;-9.905304075718712;0;0;0;0;3;1;2;25;13;2;23;3.2580141089116537;24;4;2;2;23;9.774767893982995;15;5;18;4;5;0;2;8;12;6;10;5;0;5;5;3;22;8.914128573599378;4;4;2;8;18;2;6;6;4;3;5;25;3;0;3;3;4;17;1;1;8;3;15;2;1;21;-8.834952682606806;17;6;9;2;6;6;2;1;6;0;3;19;4;19;0;0;4;16;5;8;4;3;9;1;5;3;1;7;-3.4079241850209754;14;0;5;5;21;9.54250543573967;4;6;22;-5.099883710715578;0;6;1;5;5;0;4;17;4;19;2;4;5;6;8;0;1;2;11;22;-6.3857404426625735;2;16;24;1;3;9;4;11;5;3;5;3;5;2;14;20;-8.547710623336613;1;3;4;3;5;5;2;6;2;23;2.298151277203445;10;2;1;8;20;5.674797170499423;3;7;-7.717321571290395;0;6;2;6;6;4;3;5;25;3;6;5;4;3;10;2;0;3;2;5;1;6;11;5;14;6;5;5;14;6;21;4.28496009735219;4;3;0;6;2;4;8;24;4;2;4;23;6.063336387587464;5;13
TRACK:312;221;307;2;1;2;4;1;0;6;2;6;15;5;5;7;-9.778231187794258;2;1;6;3;16;1;0;14;14;0;12;25;5;1;6;11;5;14;2;3;4;2;0;10;9;2;11;23;3.0781093724100868;3;4;6;4;21;-9.83930547146758;0;0;0;0;3;1;2;25;13;2;23;3.3036744791866575;24;4;2;2;23;9.523203314069185;15;5;18;4;5;0;2;8;22;-5.01456528642841;6;10;5;0;5;5;3;22;8.665988960640709;4;4;2;8;18;2;0;3;3;2;0;8;25;0;16;11;3;2;1;3;17;5;16;4;1;12;13;3;0;3;3;4;17;1;1;0;19;19;3;15;2;1;21;-8.739997762141797;24;6;9;2;6;6;2;1;6;0;3;19;4;19;0;0;4;16;5;8;4;3;9;1;5;3;1;7;-3.341985594388886;14;0;5;5;21;9.401141321630826;4;6;22;-5.278547766110667;0;6;1;5;5;0;4;17;4;19;2;4;5;6;18;0;1;2;11;22;-6.258638286710222;2;16;24;1;3;9;4;11;5;3;5;3;5;2;14;20;-8.86496947026123;1;3;4;3;5;5;2;6;2;23;2.659040534679855;10;2;1;8;20;5.668632218125726;3;22;8.935265610115989;0;6;5;2;6;2;23;2.1021565829825266;10;2;23;-3.157816992344227;3;7;-7.464310763937912;2;0;3;2;5;1;6;11;5;14;6;5;5;14;5;0;6;6;1;12;9;3;4;0;9;22;5.767722596970211;4;3;0;6;2;4;8;24;4;2;4;23;5.6648407051079985;5;13
TRACK:313;221;307;2;1;2;4;1;0;6;2;1;6;8;1;23;1.837651149886395;16;5;5;7;-9.855399073340712;2;1;6;3;16;1;5;20;1.6744860074785333;0;12;25;5;6;6;21;0.6605029361089366;2;3;4;2;0;10;9;2;11;23;3.052661277108403;3;4;6;4;21;-10.0;0;0;0;0;3;1;2;25;13;2;23;3.162440296759964;24;4;2;2;23;9.738898165405383;15;5;18;4;5;0;2;8;12;6;10;5;0;5;5;3;22;8.822752567223775;4;4;2;8;18;2;0;3;3;2;0;8;25;0;16;11;3;2;1;3;10;5;16;4;1;12;13;3;0;3;3;4;17;1;1;8;24;2;1;21;-8.867924573756877;17;6;9;2;6;6;2;1;6;0;3;15;4;19;0;0;4;16;5;8;4;3;9;1;5;3;1;7;-3.395023766653235;14;0;5;5;21;9.715021075144348;4;6;22;-5.005011408161736;0;6;1;5;5;0;4;17;4;19;2;4;5;6;8;0;1;2;11;22;-6.215615879201862;2;16;24;1;3;9;4;11;5;3;5;3;5;2;14;20;-8.746192887783147;1;3;4;3;5;5;2;6;2;23;2.459445096564432;10;2;1;8;20;5.827147445469078;3;7;-7.669046106816443;0;6;2;6;6;4;3;5;25;3;6;5;4;3;10;2;0;3;2;5;1;6;11;5;14;6;5;5;14;5;0;6;6;1;12;9;3;4;0;9;22;5.419009707820669;4;3;0;6;2;4;8;24;4;2;4;11;5;13
TRACK:314;288;307;2;1;2;4;1;0;6;2;1;6;8;1;23;1.753133756045604;16;5;5;7;-9.868396754339539;2;1;6;3;16;1;0;13;14;0;12;25;5;6;6;21;0.7405275507715186;2;3;4;2;0;10;9;2;11;23;3.1556254840477846;3;4;6;4;21;-10.0;0;0;0;0;3;1;2;25;13;2;23;3.1633658600689194;24;4;2;2;23;9.797389233964394;15;5;18;4;5;0;2;8;12;6;10;5;0;5;5;3;22;8.94472772838788;4;4;2;8;18;2;0;3;3;2;0;8;25;0;16;11;3;2;1;3;10;5;16;4;1;12;13;3;0;3;3;4;17;1;1;8;24;2;1;21;-9.010746284358673;17;6;9;2;6;6;2;1;6;0;3;19;4;19;0;0;4;16;5;8;4;3;9;1;5;3;1;7;-3.4050650878252826;14;0;5;5;21;9.6450107176555;4;6;22;-4.8968681005766195;0;6;1;5;5;0;4;17;4;19;2;4;5;6;8;0;1;2;11;22;-6.221571789953837;2;16;24;1;3;9;4;11;5;3;5;3;5;2;14;20;-8.706552001839466;1;3;4;3;5;5;2;6;2;23;2.424126220314995;10;2;1;8;20;5.71142392095283;3;7;-7.616879253482879;0;6;2;6;6;4;3;5;25;3;6;5;4;3;10;2;0;3;2;5;1;6;11;5;14;6;5;5;14;5;0;6;6;1;12;9;3;4;0;9;22;5.597138942569341;4;3;0;6;2;4;8;24;4;2;4;11;5;13
TRACK:315;288;307;2;1;2;4;1;0;6;2;1;6;8;1;23;1.837651149886395;16;5;5;7;-9.855399073340712;2;1;6;3;16;1;5;20;1.6744860074785333;0;12;25;5;6;6;21;0.6605029361089366;2;3;4;2;0;10;9;2;11;23;3.052661277108403;3;4;6;4;21;-10.0;0;0;0;0;3;1;2;25;13;2;23;3.162440296759964;24;4;2;2;23;9.738898165405383;15;5;18;4;5;0;2;8;12;6;10;5;0;5;5;3;22;8.822752567223775;4;4;2;8;18;2;0;3;3;2;0;8;25;0;16;11;3;2;1;3;10;5;16;4;1;12;13;3;0;3;3;4;17;1;1;8;24;2;1;21;-8.867924573756877;17;6;9;2;6;6;2;1;6;0;3;19;4;19;0;0;4;16;5;8;4;3;9;1;5;3;1;7;-3.395023766653235;14;0;5;5;21;9.715021075144348;4;6;22;-5.005011408161736;0;6;1;5;5;0;4;17;4;19;2;4;5;6;8;0;1;2;11;22;-6.215615879201862;2;16;24;1;2;23;3.1633658600689194;24;4;11;5;3;5;3;5;2;14;20;-8.746192887783147;1;3;4;3;5;5;2;6;2;23;2.459445096564432;10;2;1;8;20;5.827147445469078;3;7;-7.669046106816443;0;6;2;6;6;4;3;5;25;3;6;5;4;3;10;2;0;3;2;5;1;6;11;5;14;6;5;5;14;5;0;6;6;1;12;9;3;4;0;9;22;5.419009707820669;4;3;0;6;2;4;8;24;4;2;4;11;5;13
TRACK:316;288;280;2;1;2;4;1;0;6;2;1;6;8;1;23;1.753133756045604;16;5;5;7;-9.868396754339539;2;1;6;20;5.532750714767155;1;0;14;14;0;12;25;5;6;6;21;0.7405275507715186;2;3;4;2;0;10;9;2;11;23;3.1556254840477846;3;4;6;4;21;-10.0;0;0;0;0;3;1;2;25;13;2;23;3.1633658600689194;24;4;2;2;23;9.797389233964394;15;5;18;4;5;0;2;8;12;6;10;5;0;5;5;3;22;8.94472772838788;4;4;2;8;18;2;0;3;3;2;0;8;25;0;16;11;3;2;1;3;10;5;16;4;1;12;13;3;0;3;3;4;17;1;1;8;24;2;1;21;-9.010746284358673;17;6;9;2;6;6;2;1;6;0;3;19;4;19;0;0;4;16;5;8;4;3;9;1;5;3;1;7;-3.4050650878252826;14;0;5;5;21;9.6450107176555;4;6;22;-4.8968681005766195;0;6;1;5;5;0;4;17;4;19;2;4;5;6;8;0;1;2;11;22;-6.221571789953837;2;16;24;1;3;9;4;11;5;3;5;3;5;2;14;20;-8.706552001839466;1;3;4;3;5;5;2;6;2;23;2.424126220314995;10;2;1;8;20;5.71142392095283;3;7;-7.616879253482879;0;6;2;6;6;4;3;5;25;3;6;5;4;3;10;2;0;3;2;5;1;6;11;5;14;6;5;5;14;5;0;6;6;1;12;9;3;4;0;9;22;5.597138942569341;4;3;0;6;2;4;8;24;4;2;4;11;5;13
TRACK:317;288;280;2;1;2;4;1;0;6;2;6;15;5;5;7;-9.724181600823963;2;1;6;3;16;1;0;14;14;0;12;25;5;6;6;21;0.43440713289413924;2;3;4;2;0;10;9;2;11;23;3.117443846444334;3;4;6;4;21;-9.800158226934037;0;0;0;0;3;1;2;25;13;2;23;3.170133462876859;24;4;2;2;23;9.785401140639616;15;5;18;4;5;0;2;8;22;-5.079931848007749;6;10;5;0;5;5;3;22;8.658359039794508;4;4;2;8;18;2;0;3;3;2;0;8;25;0;16;11;3;2;1;3;17;5;16;4;1;12;13;3;0;3;3;4;17;1;1;0;19;19;3;15;2;1;21;-8.720799054688932;17;6;9;2;6;6;2;1;6;0;3;19;4;19;0;0;4;16;5;8;4;3;9;1;5;6;0;20;-8.291979462042685;12;0;5;5;21;9.261702517736083;4;6;22;-5.314278302591716;0;6;1;5;5;0;4;17;4;19;2;4;5;6;8;0;1;2;11;22;-6.181752188408506;2;16;11;12;5;3;5;3;5;2;14;20;-8.903488385497303;1;3;4;3;5;5;2;6;2;23;2.4391819893850273;10;2;1;8;20;5.532750714767155;3;22;8.708580884726615;0;6;5;2;6;2;1;8;20;5.71142392095283;3;7;-7.616879253482879;2;23;-3.4104595822435035;3;7;-7.639415346432667;2;0;3;2;5;1;6;11;5;14;6;5;5;21;6.447947265172875;5;0;6;6;1;12;9;3;4;0;9;22;5.679833345907086;4;3;0;6;2;4;8;24;4;2;4;23;5.670699482412301;5;13
TRACK:318;186;301;2;1;2;4;1;0;6;2;6;15;5;5;7;-9.94928359914527;2;1;6;3;16;1;0;14;14;0;12;25;5;6;6;21;0.48433655479342974;2;3;4;2;0;10;9;2;11;23;3.147413744512353;3;4;6;4;21;-9.834626953308437;0;0;0;0;3;1;2;25;13;2;23;3.199330728248863;24;4;2;2;23;9.478622282274955;15;5;18;4;5;0;2;8;22;-4.92842235425061;6;10;5;0;5;5;3;22;8.634412432362263;4;4;2;8;18;2;0;3;3;2;0;8;25;0;16;11;3;2;1;3;17;5;16;4;1;12;13;3;0;3;3;4;17;1;1;0;19;19;3;15;2;1;21;-8.609752037238183;17;6;9;2;6;6;2;1;6;0;3;19;4;19;0;2;23;3.256632867761286;24;4;3;9;1;5;3;1;7;-3.1637055870997237;14;0;5;5;21;9.322231042190065;4;6;22;-5.279483884947744;0;6;1;5;5;0;4;17;4;19;2;4;5;6;8;0;1;2;11;22;-6.227006856809495;2;16;24;1;3;9;4;11;5;3;5;3;5;2;14;20;-8.767059166995391;1;3;4;3;5;5;2;6;2;23;2.664256748558675;10;2;1;8;20;5.6177966919309625;3;22;8.877715014031626;0;6;5;2;6;2;23;2.2241161936169584;10;2;23;-3.210021127643841;3;7;-7.457277944488128;2;0;3;2;5;1;6;11;5;14;6;5;5;14;5;0;6;6;1;12;9;3;4;0;9;22;5.704496881546362;4;3;0;6;2;4;8;24;4;2;4;23;5.70688737856135;5;13
TRACK:319;186;301;2;1;2;6;10;0;0;0;0;3;1;2;25;13;2;23;3.256632867761286;24;4;2;2;23;9.820454790292567;15;5;18;4;5;0;2;8;12;6;10;5;0;5;5;3;22;8.935633602160888;4;4;2;8;18;2;0;3;3;2;0;8;25;0;16;11;3;2;1;3;10;5;16;4;1;12;13;3;0;3;3;4;17;1;1;8;3;15;2;1;21;-8.974162170705858;17;6;9;2;6;6;2;1;6;0;3;19;4;19;0;0;4;16;5;8;4;3;9;1;5;3;1;7;-3.482012164874812;14;0;5;5;21;9.561740321360412;4;6;10;0;6;1;5;5;0;4;17;4;19;2;4;5;6;8;0;1;2;11;22;-6.526422446335927;2;16;24;1;3;9;4;11;5;3;5;3;5;2;14;20;-8.492795407381434;1;3;4;3;5;5;2;6;2;23;2.35810701481292;10;2;1;8;20;5.6676074054505925;3;7;-7.9105496725492825;0;6;2;6;6;4;3;5;25;3;6;5;4;3;10;2;0;3;2;5;1;6;11;5;14;6;5;5;14;6;21;4.375799480674267;4;3;0;6;2;4;8;24;4;2;4;23;6.174309064150275;5;13
TRACK:320;310;-1;2;1;2;4;1;0;6;5;8;2;1;6;3;16;1;0;14;14;0;12;25;5;6;6;21;0.7824830040454942;2;3;4;2;0;10;9;2;11;23;3.306379812090086;3;4;6;4;25;0;0;0;0;3;1;2;25;13;2;23;3.456066645727072;24;4;2;2;23;9.97613460923885;15;5;8;4;5;0;2;8;12;6;10;5;0;5;5;3;22;9.06644485563766;4;4;2;8;18;2;0;3;3;2;0;8;25;0;16;11;3;2;1;3;10;5;16;4;1;12;13;3;0;3;3;4;17;1;1;8;3;15;6;2;23;2.3005384055959057;10;2;6;6;2;1;6;0;3;19;4;19;0;0;4;16;5;8;4;3;9;1;5;3;1;7;-3.3231397431076783;14;0;5;5;21;9.709397985844022;4;6;10;0;6;1;5;5;0;4;17;4;19;2;4;5;6;8;0;1;2;11;22;-6.57249348237137;2;16;24;1;3;9;4;11;5;3;5;3;5;2;14;20;-8.71653893360859;1;3;4;3;5;5;2;6;2;23;2.45292460628431;10;2;1;8;20;5.851151185883009;3;7;-7.665738746892364;0;6;2;6;6;4;3;5;25;3;6;5;4;3;10;2;0;3;2;5;1;6;11;5;14;6;5;5;14;6;21;4.339635016012334;4;3;0;6;2;4;8;24;4;2;4;23;6.109825903172476;5;13
TRACK:321;312;-1;2;1;2;4;1;0;6;2;6;15;5;5;7;-9.75432270031197;2;1;6;3;16;1;0;14;14;0;12;25;5;1;6;11;5;14;2;3;4;2;0;10;9;2;11;23;2.990859111388075;3;4;6;4;21;-9.861715912148941;0;0;0;0;3;1;2;25;13;2;23;3.4686701291329785;24;4;2;2;23;9.596271724522031;15;5;18;4;5;0;2;8;22;-4.910431643752404;6;10;5;0;5;5;3;22;8.971125367072958;4;4;2;8;18;2;0;3;3;2;0;8;25;0;16;11;3;2;1;3;17;5;16;4;1;12;13;3;0;3;3;4;17;1;1;0;19;19;3;15;2;1;21;-8.876100119107004;24;6;9;2;6;6;2;1;6;0;3;19;4;19;0;0;4;16;5;8;4;3;9;1;5;3;1;7;-3.4277149115155803;14;0;5;5;21;9.244315076970036;4;6;22;-5.070256278327218;0;6;1;5;5;0;4;17;4;19;2;4;5;6;18;0;1;2;11;22;-6.23706360507719;2;16;24;1;3;9;4;11;5;3;5;3;5;2;14;20;-8.75353083625088;1;3;4;3;5;5;2;6;2;23;2.6331949661545346;10;2;1;8;20;5.655656533302383;3;22;9.024251841320918;0;6;5;2;6;2;23;2.1331497886661137;10;2;6;14;3;7;-7.51692873526492;2;0;3;2;5;1;6;11;5;14;6;5;5;14;5;0;6;6;1;12;9;3;4;0;9;22;5.781720390884963;4;3;0;6;2;4;8;24;4;2;4;23;5.634286933967273;5;13
TRACK:322;288;-1;2;1;2;4;1;0;6;2;1;6;8;1;23;1.6586219408505671;16;5;5;7;-9.925826638437591;2;1;6;3;16;1;0;14;14;0;12;25;5;6;6;21;0.818007673886088;2;3;4;2;0;10;9;2;11;23;3.1760943361444167;3;4;6;4;21;-10.0;0;0;0;0;3;1;2;25;13;2;23;3.103654046385773;24;4;2;2;23;9.760949119101268;15;5;18;4;5;0;2;8;12;6;10;5;0;5;5;3;22;8.886611585921047;4;4;2;8;18;2;0;3;3;2;0;8;25;0;16;11;3;2;1;3;10;5;16;6;4;22;0.26603238768636395;3;0;3;3;4;17;1;1;8;24;2;1;21;-8.957578871290355;17;6;9;2;6;6;2;1;6;0;3;19;4;19;0;0;4;16;5;8;4;3;9;1;5;3;1;7;-3.522174144400528;14;0;5;5;21;9.893991445922035;4;6;22;-4.900878865882709;0;6;1;5;5;0;4;17;4;19;2;4;5;6;8;0;1;2;11;22;-6.252099357555785;2;16;24;1;3;9;4;11;5;3;5;3;5;2;14;20;-8.699948675528754;1;3;4;3;5;5;2;6;2;23;2.2411168595726454;10;2;1;8;20;5.627056139925935;3;7;-7.5092208632017705;0;6;2;6;6;4;3;5;25;3;6;5;4;3;10;2;0;3;2;5;1;6;11;5;14;6;5;5;14;5;0;6;6;1;12;9;3;4;0;9;22;5.665702023565554;4;3;0;6;2;4;8;24;4;2;4;11;5;13
TRACK:323;288;-1;2;1;2;4;1;0;6;2;1;6;8;1;23;1.7925239407438034;16;5;5;7;-10.0;2;1;6;3;16;1;0;14;14;0;12;25;5;6;6;21;0.7004433568415489;2;3;4;2;0;10;9;2;11;23;3.171697708520452;3;4;6;4;21;-9.97612053426319;0;0;0;0;3;1;2;25;13;2;23;3.16512780453455;24;4;2;2;23;9.87154271689743;15;5;18;4;5;0;2;8;12;6;10;2;5;17;4;7;6.8538274069000735;2;0;3;3;2;0;8;25;0;16;11;3;2;1;3;10;5;16;4;1;12;13;3;0;3;3;4;17;1;1;8;24;2;1;21;-9.120659488804243;17;6;9;2;6;6;2;1;6;0;3;19;4;19;0;0;4;16;5;8;4;3;9;1;5;3;1;7;-3.4490480120967493;14;0;5;5;21;9.602735994743565;4;6;22;-4.9026082759325424;0;6;1;5;5;0;4;17;4;19;2;4;5;6;8;0;1;2;11;22;-6.207635212501933;2;16;24;1;3;9;4;11;5;3;5;3;5;2;14;20;-8.585258567730149;1;3;4;3;5;5;2;6;2;23;2.346019035979338;10;2;1;8;20;5.760541554783982;3;7;-7.595235003412451;0;6;2;6;6;4;3;5;25;3;6;5;4;3;10;2;0;3;2;5;1;6;11;5;14;6;5;5;14;5;0;6;6;1;12;9;3;4;0;9;22;5.619566550372796;4;3;0;6;2;4;8;24;4;2;4;11;5;13
TRACK:324;186;-1;2;1;2;4;1;0;6;2;6;15;5;5;7;-10.0;2;1;6;3;16;1;0;14;14;0;12;25;5;6;6;21;0.44103357247741914;2;3;4;2;0;10;9;2;11;23;3.3389932631501558;3;4;6;4;21;-9.96655734968567;0;0;0;0;3;1;2;25;13;2;23;3.1304150847670082;24;4;2;2;23;9.402312527841085;15;5;18;4;5;0;2;8;22;-5.092745137471915;6;10;5;0;5;5;3;22;8.583984137217014;4;4;2;8;18;2;0;3;3;2;0;8;25;0;16;11;3;2;1;3;17;5;16;4;1;12;13;3;0;3;3;4;17;1;1;0;19;19;3;15;2;1;21;-8.442400499972258;15;6;9;2;6;6;2;1;6;0;3;19;4;19;0;0;4;16;5;8;4;3;9;1;5;3;1;7;-3.0183973312616237;14;0;5;5;21;9.305579139183424;4;6;22;-5.347417748114411;0;6;1;5;5;0;4;17;4;19;2;4;5;6;8;0;1;2;11;22;-6.34251776972864;2;16;24;1;3;9;4;11;5;3;5;3;5;2;14;20;-8.838723318633418;1;3;4;3;5;5;2;6;2;23;2.7397948525690805;10;2;1;8;20;5.649706775571284;3;22;8.889747908753098;0;6;5;2;6;2;23;2.2328636064122787;10;2;23;-3.366375676202069;3;7;-7.570867190375288;2;0;3;2;5;1;6;11;5;14;6;5;5;14;5;0;6;6;1;12;9;3;4;0;9;22;5.651116982926617;4;3;0;6;2;4;8;24;4;2;4;23;5.730500549814327;5;13
TRACK:325;311;-1;2;1;2;4;1;0;6;5;8;2;1;6;3;16;1;0;14;14;0;12;25;5;6;6;21;0.8483577524194286;2;3;4;2;0;10;9;2;11;23;3.198995178255449;3;4;6;4;21;-9.908809109198383;0;0;0;0;3;1;2;25;13;2;23;3.28751585381237;24;4;2;2;23;9.749229742598406;15;5;18;4;5;0;2;8;12;6;10;5;0;5;5;3;22;8.694091314129023;4;4;2;8;18;2;6;6;4;3;5;25;3;0;3;3;4;17;1;1;8;3;15;2;1;21;-8.838382630169189;17;6;9;2;6;6;2;1;6;0;3;19;4;19;0;0;4;16;5;8;4;3;9;1;5;3;1;7;-3.3183542709399134;14;0;5;5;21;9.735655912994291;4;6;22;-5.0453631859694035;0;6;1;5;5;0;4;17;4;19;2;4;5;6;8;0;1;2;11;22;-6.271975860038607;2;16;24;1;3;9;4;11;5;3;5;3;5;2;14;20;-8.550377136825112;1;3;4;3;5;5;2;6;2;23;2.2782476682930577;10;2;1;8;20;5.7254141212252065;3;7;-7.794940624873295;0;6;2;6;6;4;3;5;25;3;6;5;4;3;10;2;0;3;2;5;1;6;11;5;14;6;5;5;14;6;21;4.34314261115698;4;3;0;6;2;4;8;24;4;2;4;23;6.090333254184097;5;13
TRACK:326;313;-1;2;1;2;4;1;0;6;2;1;6;8;1;23;1.9416492062035176;16;5;5;7;-10.0;2;1;6;3;16;3;14;5;6;6;21;0.6399388616969692;2;3;4;2;0;10;9;2;11;23;3.145322051363574;3;4;6;4;21;-10.0;0;0;0;0;3;1;2;25;13;2;23;3.138328905820224;24;4;2;2;23;9.683227324838683;15;5;18;4;5;0;2;8;12;6;10;5;0;5;5;3;22;8.786602200883994;4;4;2;8;18;2;0;3;3;2;0;8;25;0;16;11;3;2;1;3;10;5;16;4;1;12;13;3;0;3;3;4;17;1;1;8;24;2;1;21;-8.831533947122107;17;6;9;2;6;6;2;1;6;0;3;15;4;19;0;0;4;16;5;8;4;3;9;1;5;3;1;7;-3.3763093730727234;14;0;5;5;21;9.768505017550535;4;6;22;-5.216453878740669;0;6;1;5;5;0;4;17;4;19;2;4;5;6;8;0;1;2;11;22;-6.2345375409616794;2;16;24;1;3;9;4;11;5;3;5;3;5;2;14;20;-8.795356778638375;1;3;4;3;5;5;2;6;2;23;2.3939309139622633;10;2;1;8;20;5.844541826435983;3;7;-7.637647456845531;0;6;2;6;6;4;3;5;25;3;6;5;4;3;10;2;0;3;2;5;1;6;11;5;14;6;5;5;14;5;0;6;6;1;12;9;3;4;0;9;22;5.34546017997653;4;3;0;6;2;4;8;24;4;2;4;11;5;13
TRACK:327;307;-1;2;1;2;4;1;0;6;2;0;4;13;1;11;8;5;5;7;-9.802435129872602;2;1;6;3;16;1;5;20;1.76533897156912;0;12;25;5;6;6;21;0.9167453586889887;2;3;4;2;0;10;9;2;11;23;2.860039133448419;3;4;6;4;21;-9.898344207775104;0;0;0;0;3;1;2;25;13;2;23;3.156522954042034;24;4;2;2;23;9.871023947561667;15;5;18;4;5;0;2;8;12;6;10;5;0;5;5;3;22;8.687732513728884;4;4;2;8;18;2;0;3;3;2;0;8;25;0;16;11;3;2;1;3;10;5;16;4;1;12;13;3;0;3;3;4;17;1;1;8;24;2;1;21;-9.048588001303376;17;6;9;2;6;6;2;1;6;0;3;19;4;19;0;0;4;16;5;8;4;3;9;1;5;3;1;7;-3.5228047436136283;14;0;5;5;21;9.874696167521126;4;6;22;-5.089049187374675;0;6;1;5;5;0;4;17;4;19;2;4;5;6;8;0;1;2;11;22;-6.10352901769677;2;16;24;1;3;9;4;11;5;3;5;3;5;2;14;20;-8.807415623432838;1;3;4;3;5;5;2;6;2;23;2.341378560604364;10;2;1;8;20;5.84957890208557;3;7;-7.787884145528039;0;6;2;6;6;4;3;5;25;3;6;5;4;3;10;2;0;3;2;5;1;6;11;5;14;6;5;5;14;5;0;6;6;1;12;9;3;4;0;9;22;5.339850804743945;4;3;0;6;2;4;8;24;4;2;4;11;5;13
TRACK:328;280;-1;2;1;2;4;1;0;6;2;6;15;5;5;7;-9.819735222229063;2;1;6;3;16;1;0;14;14;0;12;25;5;6;6;21;0.3268323192352456;2;3;4;2;0;10;9;2;11;23;3.220230905347193;3;4;6;4;21;-9.754058884595493;0;0;0;0;3;1;2;25;13;2;23;3.1713091951367693;24;4;2;2;23;9.624859261376752;15;5;18;4;5;0;2;8;22;-4.979855601650986;6;10;5;0;5;5;3;22;8.684809246223917;4;4;2;8;18;2;0;3;3;2;0;8;25;0;16;11;3;2;1;3;17;5;16;4;1;12;13;3;0;3;3;4;17;1;1;0;19;19;3;15;2;1;21;-8.648990504223239;17;6;9;2;6;6;2;1;6;0;3;19;4;19;0;0;4;16;5;8;4;3;9;1;5;6;0;20;-8.311173169893499;12;0;5;5;21;9.361694276614733;4;6;22;-5.401466017766709;0;6;1;5;5;0;4;17;4;19;2;4;5;6;8;0;1;2;11;22;-6.019554079819534;2;16;11;12;5;3;5;3;5;2;14;20;-8.972712248398288;1;3;4;3;5;5;2;6;2;23;2.5652942687863343;10;2;1;8;20;5.613483493037415;3;22;8.641239516419889;0;6;5;2;6;2;23;2.1633081438918467;10;2;23;-3.3683786818983332;3;7;-7.733818286857345;2;0;3;2;5;1;6;11;5;14;6;5;5;21;6.445456264911896;5;0;6;6;1;12;9;3;4;0;9;22;5.605658034516724;4;3;0;6;2;4;8;24;4;2;5;9;0;11;19
TRACK:329;301;-1;2;1;2;4;1;0;6;5;8;2;1;6;3;16;1;0;14;14;0;12;25;5;6;6;21;0.6054740579772293;2;3;4;2;0;10;9;2;11;23;3.144728861694467;3;4;6;4;25;0;0;0;0;3;1;2;25;13;2;23;3.1933624312976123;24;4;2;2;23;9.7589338973403;15;5;18;4;5;0;2;8;12;6;10;5;0;5;5;3;22;8.795146751863623;4;4;2;8;18;2;0;3;3;2;0;8;25;0;16;11;3;2;1;3;10;5;16;4;1;12;13;3;0;3;3;4;17;1;1;8;3;15;2;1;21;-9.027993025398413;17;6;9;2;6;6;2;1;6;0;3;19;4;19;0;0;4;16;5;8;4;3;9;1;5;3;1;7;-3.4565629319632674;14;0;5;5;21;9.504776410231173;4;6;10;0;6;1;5;5;0;4;17;4;19;2;4;5;6;8;0;1;2;11;22;-5.123087308101912;2;16;24;1;3;9;4;11;5;3;5;3;5;2;14;20;-8.401549619066298;1;3;4;3;5;5;2;6;2;23;2.2318759611376917;10;2;1;8;20;5.525047084186162;3;7;-7.994054462678329;0;6;2;6;6;4;3;5;25;3;6;5;4;3;10;2;0;3;2;5;1;6;11;5;14;6;5;5;14;6;21;4.4375948658225095;4;3;0;6;2;4;8;24;4;2;4;23;6.108688595178874;5;13
EVAL_INSTANCE:16:0:320
EVAL_INSTANCE:16:1:321
EVAL_INSTANCE:16:2:322
EVAL_INSTANCE:16:3:323
EVAL_INSTANCE:16:4:324
EVAL_INSTANCE:16:5:325
EVAL_INSTANCE:16:6:326
EVAL_INSTANCE:16:7:327
EVAL_INSTANCE:16:8:328
EVAL_INSTANCE:16:9:329
RUN_RESULT:16:0:0:189:DLLUDLLUURRLURDRURLDDRUDDDLDDRRRR
RUN_RESULT:16:1:0:562:DLLUDLLUURRLURDRURLDDRULULLLDDRDDRDRDRULLLDRRRRRR
RUN_RESULT:16:2:0:2000:----
RUN_RESULT:16:3:0:2000:----
RUN_RESULT:16:4:0:2000:----
RUN_RESULT:16:5:0:2000:----
RUN_RESULT:16:6:0:2000:----
RUN_RESULT:16:7:0:271:DLLUDLLUURRLURDRURLDDRUDDLDLDLDRLUUULUUDDRDDDRRRRRR
RUN_RESULT:16:8:0:201:DLLUDLLUURRLURDRURLDDRUDDDLDLDLUUDDRRRRRR
RUN_RESULT:16:9:0:189:DLLUDLLUURRLURDRURLDDRUDDDLDDRRRR
    17 |      170 | -3.807100E+03 | -3.819000E+03
TRACK:330;288;328;2;1;2;4;1;0;6;2;1;6;8;1;23;1.753133756045604;16;5;5;7;-9.868396754339539;2;1;6;3;16;1;0;14;14;0;12;25;5;6;6;21;0.7405275507715186;2;3;4;2;0;10;9;2;11;23;3.1556254840477846;3;4;6;4;21;-10.0;0;0;0;0;3;1;2;25;13;2;23;3.1633658600689194;24;4;2;2;23;9.797389233964394;15;5;18;4;5;0;2;8;12;6;10;5;0;5;5;3;22;8.94472772838788;4;4;2;8;18;2;0;3;3;2;0;8;25;0;16;11;3;2;1;3;10;5;16;4;1;12;13;3;0;3;3;4;17;1;1;8;24;2;1;21;-9.010746284358673;17;6;9;2;6;6;2;1;6;0;3;19;4;19;0;0;4;16;5;8;4;3;9;1;5;3;1;7;-3.4050650878252826;14;0;5;5;21;9.6450107176555;4;6;22;-4.8968681005766195;0;6;1;5;5;0;4;17;4;19;2;4;5;6;8;0;1;2;11;22;-6.221571789953837;2;16;24;1;3;9;4;11;5;3;5;3;5;2;14;20;-8.706552001839466;1;3;4;3;5;5;2;6;2;23;2.424126220314995;10;2;1;8;20;5.71142392095283;3;7;-7.616879253482879;0;6;2;6;6;4;3;5;25;3;6;5;4;3;10;2;0;3;2;5;1;6;11;5;14;6;5;5;14;5;0;6;6;1;12;9;3;4;0;17;22;5.597138942569341;4;3;0;6;2;4;8;24;4;2;4;11;5;13
TRACK:331;288;328;2;1;2;4;1;0;6;2;6;15;5;5;7;-9.819735222229063;2;1;6;3;16;1;0;14;14;0;12;25;5;6;6;21;0.3268323192352456;2;3;4;2;0;10;9;2;11;23;3.220230905347193;3;4;6;4;21;-9.754058884595493;0;0;0;0;3;1;2;25;13;2;23;3.1713091951367693;24;4;2;2;23;9.624859261376752;15;5;18;4;5;0;2;8;22;-4.979855601650986;6;10;5;0;5;5;3;22;8.684809246223917;4;4;2;8;18;2;0;3;3;2;0;8;25;0;16;11;3;2;1;3;17;5;16;4;1;12;13;3;0;3;3;4;17;1;1;0;19;19;3;15;2;1;21;-8.648990504223239;17;6;9;2;6;6;2;1;6;0;3;19;4;19;0;0;4;16;5;8;4;8;1;5;6;0;20;-8.311173169893499;12;0;5;5;21;9.361694276614733;4;6;22;-5.401466017766709;0;6;1;5;5;0;4;17;4;19;2;4;5;6;8;0;1;2;11;22;-6.019554079819534;2;16;11;12;5;3;5;3;5;2;14;20;-8.972712248398288;1;3;4;3;5;5;2;6;2;23;2.5652942687863343;10;2;1;8;20;5.613483493037415;3;22;8.641239516419889;0;6;5;2;6;2;23;2.1633081438918467;10;2;23;-3.3683786818983332;3;7;-7.733818286857345;2;0;3;2;5;1;6;11;5;14;6;5;5;21;6.445456264911896;5;0;6;6;1;12;9;3;4;0;9;22;5.605658034516724;4;3;0;6;2;4;8;24;4;2;5;9;0;11;19
TRACK:332;307;301;2;1;2;4;1;0;6;2;1;6;8;1;23;1.837651149886395;16;5;5;7;-9.855399073340712;2;1;6;3;16;1;5;20;1.6744860074785333;0;12;25;5;6;6;21;0.6605029361089366;2;3;4;2;0;10;9;2;11;23;3.052661277108403;3;4;6;4;21;-10.0;0;0;0;0;3;1;2;25;13;2;23;3.162440296759964;24;4;2;2;23;9.738898165405383;15;5;18;4;5;0;2;8;12;6;10;5;0;5;5;3;22;8.822752567223775;4;4;2;8;18;2;0;3;3;2;0;8;25;0;16;11;3;2;1;3;10;5;16;4;1;12;13;3;0;3;3;4;17;1;1;8;24;2;1;21;-8.867924573756877;17;6;9;2;6;6;2;1;6;0;3;19;4;19;0;0;4;16;5;8;4;3;9;1;5;3;1;7;-3.395023766653235;14;0;5;5;21;9.715021075144348;4;6;22;-5.005011408161736;0;6;1;5;5;0;4;17;4;19;2;4;5;6;8;0;1;2;11;22;-6.215615879201862;2;16;24;1;3;9;4;11;5;3;5;3;5;2;14;20;-8.746192887783147;1;3;4;3;5;5;2;6;2;23;2.459445096564432;10;2;1;8;20;5.827147445469078;3;7;-7.669046106816443;0;6;2;6;6;4;3;5;25;3;6;5;4;3;10;2;0;3;2;5;1;6;11;5;14;6;5;17;5;0;6;6;1;12;9;3;4;0;9;22;5.419009707820669;4;3;0;6;2;4;8;24;4;2;4;11;5;13
TRACK:333;307;301;2;1;2;4;1;0;6;5;8;2;1;6;3;16;1;0;14;14;0;12;25;5;6;6;21;0.6351736161220729;2;3;4;2;0;10;9;2;11;23;3.110945797718147;3;4;6;4;25;0;0;0;0;3;1;2;25;13;2;23;3.256632867761286;24;4;2;2;23;9.820454790292567;15;5;18;4;5;0;2;8;12;6;10;5;0;5;5;3;22;8.935633602160888;4;4;2;8;18;2;0;3;3;2;0;8;25;0;16;11;3;2;1;3;10;5;16;4;1;12;13;3;0;3;3;4;17;1;1;8;3;15;2;1;21;-8.974162170705858;17;6;9;2;6;6;2;1;6;0;3;19;4;19;0;0;4;16;5;8;4;3;9;1;5;3;1;7;-3.482012164874812;14;0;5;5;21;9.561740321360412;4;6;10;0;6;1;5;5;0;4;17;4;19;2;4;5;6;8;0;1;2;11;22;-6.526422446335927;2;16;24;1;3;9;4;11;5;3;5;3;5;2;14;20;-8.492795407381434;1;3;8;0;6;2;6;6;4;3;5;25;3;6;5;4;3;10;2;0;3;2;5;1;6;11;5;14;6;5;5;14;6;21;4.375799480674267;4;3;0;6;2;4;8;24;4;2;4;23;6.174309064150275;5;13
TRACK:334;267;329;2;1;2;4;1;0;6;5;8;2;1;6;3;16;1;0;14;14;0;12;25;5;6;6;21;0.7174553525127396;2;3;4;2;0;10;9;2;11;23;3.1795275520518675;3;4;6;4;21;-9.905304075718712;0;0;0;0;3;1;2;25;13;2;23;3.2580141089116537;24;4;2;2;23;9.774767893982995;15;5;18;4;5;0;2;8;12;6;10;5;0;5;5;3;22;8.914128573599378;4;4;2;8;18;2;0;3;3;2;0;8;25;0;16;11;3;2;1;3;10;5;16;4;1;12;13;3;0;3;3;4;17;1;1;8;3;15;2;1;21;-8.834952682606806;17;6;9;2;6;6;2;1;6;0;3;19;4;19;0;0;4;16;5;8;4;3;9;1;5;3;1;7;-3.4079241850209754;14;0;5;5;21;9.54250543573967;4;6;22;-5.099883710715578;0;6;1;5;5;0;4;17;4;19;2;4;5;6;8;0;1;2;11;22;-6.3857404426625735;2;16;24;1;3;9;4;11;5;3;5;3;5;2;14;20;-8.547710623336613;1;3;4;3;5;5;2;6;2;23;2.298151277203445;10;2;1;8;20;5.674797170499423;3;7;-7.717321571290395;0;6;2;6;6;4;3;5;25;3;6;5;4;3;10;2;0;3;2;5;1;6;11;5;14;6;5;5;14;4;4;2;8;18;4;3;0;6;2;4;8;24;4;2;4;23;6.063336387587464;5;13
TRACK:335;267;329;2;1;2;4;1;0;6;5;8;2;1;6;3;16;1;0;14;14;0;12;25;5;6;6;21;0.6054740579772293;2;3;4;2;0;10;9;2;11;23;3.144728861694467;3;4;6;4;25;0;0;0;0;3;1;2;25;13;2;23;3.1933624312976123;24;4;2;2;23;9.7589338973403;15;5;18;4;5;0;2;8;12;6;10;5;0;5;5;3;22;8.795146751863623;4;4;2;8;18;2;0;3;3;2;0;8;25;0;16;11;3;2;1;3;10;5;16;4;1;12;13;3;0;3;3;4;17;1;1;8;3;15;2;1;21;-9.027993025398413;17;6;9;2;6;6;2;1;6;0;3;19;4;19;0;0;4;16;5;8;4;3;9;1;5;3;1;7;-3.4565629319632674;14;0;5;5;21;9.504776410231173;4;6;10;0;6;1;5;5;0;4;17;4;19;2;4;5;6;8;0;1;2;11;22;-5.123087308101912;2;16;24;1;3;9;4;11;5;3;5;3;5;2;14;20;-8.401549619066298;1;3;13;0;6;2;6;6;4;3;5;25;3;6;5;4;3;10;2;0;3;2;5;1;6;11;5;14;6;5;5;14;6;21;4.4375948658225095;4;3;0;6;2;4;8;24;4;2;4;23;6.108688595178874;5;13
TRACK:336;320;307;2;1;2;4;1;0;6;5;8;2;1;6;3;16;1;0;14;14;0;12;25;5;6;6;21;0.7824830040454942;2;3;4;2;0;10;9;2;11;23;3.306379812090086;3;4;6;4;25;0;0;0;0;3;1;2;25;13;2;23;3.456066645727072;24;4;2;2;23;9.97613460923885;15;5;8;4;5;0;2;8;12;6;10;5;0;5;5;3;22;9.06644485563766;4;4;2;8;18;2;0;3;3;2;0;8;25;0;16;11;3;2;1;3;10;5;8;4;1;12;13;3;0;3;3;4;17;1;1;8;3;15;6;2;23;2.3005384055959057;10;2;6;6;2;1;6;0;3;19;4;19;0;0;4;16;5;8;4;3;9;1;5;3;1;7;-3.3231397431076783;14;0;5;5;21;9.709397985844022;4;6;10;0;6;1;5;5;0;4;17;4;19;2;4;5;6;8;0;1;2;11;22;-6.57249348237137;2;16;24;1;3;9;4;11;5;3;5;3;5;2;14;20;-8.71653893360859;1;3;4;3;5;5;2;6;2;23;2.45292460628431;10;2;1;8;20;5.851151185883009;3;7;-7.665738746892364;0;6;2;6;6;4;3;5;25;3;6;5;4;3;10;2;0;3;2;5;1;6;11;5;14;6;5;5;14;6;21;4.339635016012334;4;3;0;6;2;4;8;24;4;2;4;23;6.109825903172476;5;13
TRACK:337;320;307;2;1;2;4;1;0;6;2;1;6;8;1;23;1.837651149886395;16;5;5;7;-9.855399073340712;2;1;6;3;16;1;5;20;1.6744860074785333;0;12;25;5;6;6;21;0.6605029361089366;2;3;4;2;0;10;9;2;11;23;3.052661277108403;3;4;6;4;21;-10.0;0;0;0;0;3;1;2;25;13;2;23;3.162440296759964;24;4;2;2;23;9.738898165405383;15;5;18;4;5;0;2;8;12;6;10;5;0;5;5;3;22;8.822752567223775;4;4;2;8;18;2;0;3;3;2;0;8;25;0;16;11;3;2;1;3;10;5;16;4;1;12;11;3;0;3;3;4;17;1;1;8;24;2;1;21;-8.867924573756877;17;6;9;2;6;6;2;1;6;0;3;19;4;19;0;0;4;16;5;8;4;3;9;1;5;3;1;7;-3.395023766653235;14;0;5;5;21;9.715021075144348;4;6;22;-5.005011408161736;0;6;1;5;5;0;4;17;4;19;2;4;5;6;8;0;1;2;11;22;-6.215615879201862;2;16;24;1;3;9;4;11;5;3;5;3;5;2;14;20;-8.746192887783147;1;3;4;3;5;5;2;6;2;23;2.459445096564432;10;2;1;8;20;5.827147445469078;3;7;-7.669046106816443;0;6;2;6;6;4;3;5;25;3;6;5;4;3;10;2;0;3;2;5;1;6;11;5;14;6;5;5;14;5;0;6;6;1;12;9;3;4;0;9;22;5.419009707820669;4;3;0;6;2;4;8;24;4;2;4;11;5;13
TRACK:338;280;288;2;1;2;4;1;0;6;2;6;15;5;5;7;-9.724181600823963;2;1;6;3;16;1;0;14;14;0;12;25;5;6;6;21;0.43440713289413924;2;3;4;2;0;10;9;2;11;23;3.117443846444334;3;4;6;4;21;-9.800158226934037;0;0;0;0;3;1;2;25;13;2;23;3.170133462876859;24;4;2;2;23;9.785401140639616;15;5;18;4;5;0;2;8;22;-5.079931848007749;6;10;22;8.94472772838788;2;0;3;3;2;0;8;25;0;16;11;3;2;1;3;17;5;16;4;1;12;13;3;0;3;3;4;17;1;1;0;19;19;3;15;2;1;21;-8.720799054688932;17;6;9;2;6;6;2;1;6;0;3;19;4;19;0;0;4;16;5;8;4;3;9;1;5;6;0;20;-8.291979462042685;12;0;5;5;21;9.261702517736083;4;6;22;-5.314278302591716;0;6;1;5;5;0;4;17;4;19;2;4;5;6;8;0;1;2;11;22;-6.181752188408506;2;16;11;12;5;3;5;3;5;2;14;20;-8.903488385497303;1;3;4;3;5;5;2;6;2;23;2.4391819893850273;10;2;1;8;20;5.532750714767155;3;22;8.708580884726615;0;6;5;2;6;2;23;2.1764473273206777;10;2;23;-3.4104595822435035;3;7;-7.639415346432667;2;0;3;2;5;1;6;11;5;14;6;5;5;21;6.447947265172875;5;0;6;6;1;12;9;3;4;0;9;22;5.679833345907086;4;3;0;6;2;4;8;24;4;2;4;23;5.670699482412301;5;13
TRACK:339;280;288;2;1;2;4;1;0;6;2;1;6;8;1;23;1.753133756045604;16;5;5;7;-9.868396754339539;2;1;6;3;16;1;0;14;14;0;12;25;5;6;6;21;0.7405275507715186;2;3;4;2;0;10;9;2;11;23;3.1556254840477846;3;4;6;4;21;-10.0;0;0;0;0;3;1;2;25;13;2;23;3.1633658600689194;24;4;2;2;23;3.170133462876859;15;5;18;4;5;0;2;8;12;6;10;5;0;5;5;3;22;8.94472772838788;4;4;2;8;18;2;0;3;3;2;0;8;25;0;16;11;3;2;1;3;10;5;16;4;1;12;13;3;0;3;3;4;17;1;1;8;24;2;1;21;-9.010746284358673;17;6;9;2;6;6;2;1;6;0;3;19;4;19;0;0;4;16;5;8;4;3;9;1;5;3;1;7;-3.4050650878252826;14;0;5;5;21;9.6450107176555;4;6;22;-4.8968681005766195;0;6;1;5;5;0;4;17;4;19;2;4;5;6;8;0;1;2;11;22;-6.221571789953837;2;16;24;1;3;9;4;11;5;3;5;3;5;2;14;20;-8.706552001839466;1;3;4;3;5;5;2;6;2;23;2.424126220314995;10;2;1;8;20;5.71142392095283;3;7;-7.616879253482879;0;6;2;6;6;4;3;5;25;3;6;5;4;3;10;2;0;3;2;5;1;6;11;5;14;6;5;5;14;5;0;6;6;1;12;9;3;4;0;9;22;5.597138942569341;4;3;0;6;2;4;8;24;4;2;4;11;5;13
TRACK:340;330;-1;2;1;2;4;1;0;6;2;1;6;8;1;23;1.7180230941928452;16;5;5;7;-9.94333559854057;2;1;18;11;5;6;6;21;0.8015532775026816;2;3;4;2;0;10;9;2;11;23;3.0077337076823523;3;4;6;4;21;-10.0;0;0;0;0;3;1;2;25;13;2;23;3.2396742974613346;24;4;2;2;23;9.958885690326277;15;5;18;4;5;0;2;8;12;6;10;5;0;5;5;3;22;8.939655479375888;4;4;2;8;18;2;0;3;3;2;0;8;25;0;16;11;3;2;1;3;10;5;16;4;1;12;13;3;0;3;3;4;17;1;1;8;24;2;1;21;-9.01610747398948;17;6;9;2;6;6;2;1;6;0;3;19;4;19;0;0;4;16;5;8;4;3;9;1;5;3;1;7;-3.555857156668584;14;0;5;5;21;9.69286131010363;4;6;22;-4.7906741363117185;0;6;1;5;5;0;4;17;4;19;2;4;5;6;8;0;1;2;11;22;-6.135933031772457;2;16;24;1;3;9;4;11;5;3;5;3;5;2;14;20;-8.763782846378794;1;3;4;3;5;5;2;6;2;23;2.2663234701906734;10;2;1;8;20;5.7996546758129925;3;7;-7.694578455700829;0;6;2;6;6;4;3;5;25;3;6;5;4;3;10;2;0;3;2;5;1;6;11;5;14;6;5;5;14;5;0;6;6;1;12;9;3;4;0;17;22;5.660366529622368;4;3;0;6;2;4;8;24;4;2;4;11;5;13
TRACK:341;332;-1;2;1;2;4;1;0;6;2;1;6;8;1;23;1.872668176322808;16;5;5;7;-9.920923286858747;2;1;6;3;16;1;5;20;1.5178105458526963;0;12;25;5;6;6;21;0.7293710697594935;2;3;4;2;0;10;9;2;11;23;3.038730990448417;3;4;6;4;21;-10.0;0;0;0;0;3;1;2;25;13;2;23;3.1735984355861815;24;4;2;2;23;9.496173301844575;15;5;18;4;5;0;2;8;12;6;10;5;0;5;5;3;22;8.81851949335359;4;4;2;8;18;2;0;3;3;2;0;8;25;0;16;11;3;2;1;3;10;5;16;4;1;12;13;3;0;3;3;4;17;1;1;8;24;2;1;21;-8.74470156170951;17;6;9;2;6;6;2;1;6;0;3;19;4;19;0;0;4;16;5;8;4;3;9;1;5;3;1;7;-3.4767976609462083;14;0;5;5;21;9.738755779858506;4;5;22;-0.8758031894961924;0;6;1;5;5;0;4;17;4;19;2;4;5;6;8;0;1;2;11;22;-6.085751015975094;2;16;24;1;3;9;4;11;5;3;5;3;5;2;14;20;-8.518248496803386;1;3;4;3;5;5;2;6;2;23;2.525989588621844;10;2;1;8;20;5.7287863081841985;3;7;-7.747892485696564;0;6;2;6;6;4;3;5;25;3;6;5;4;3;10;2;0;3;2;5;1;6;11;5;14;6;5;17;5;0;6;6;1;12;9;3;4;0;9;22;5.454609114894372;4;3;0;6;2;4;8;24;4;2;4;11;5;13
TRACK:342;334;-1;2;1;2;4;1;0;6;5;8;2;1;6;3;16;1;0;14;14;0;12;25;5;6;6;21;0.7186635497756907;2;3;4;2;0;10;9;2;11;23;3.1395566022532937;3;4;6;4;21;-9.949957066398527;0;0;0;0;3;1;2;25;13;2;23;3.193459788191789;24;4;2;2;23;9.711071041831033;15;5;18;4;5;0;2;8;12;6;10;5;0;5;5;3;22;8.905600169172718;4;4;2;8;18;2;0;3;3;2;0;8;25;0;16;11;3;2;1;3;10;5;16;4;1;12;13;3;0;3;3;4;17;1;1;8;3;15;2;1;21;-8.909631289855138;17;6;9;2;6;6;2;1;6;0;3;19;4;19;0;0;4;16;5;8;4;3;9;1;5;3;1;7;-3.3062934963344115;14;0;5;5;21;9.428011842343238;4;6;22;-4.975442280576573;0;6;1;5;5;0;4;17;4;19;2;4;5;6;8;0;1;2;11;22;-6.296713587098819;2;16;24;1;3;9;4;11;5;3;5;3;5;2;14;20;-8.488167647976823;1;3;4;3;5;5;1;5;13;4;11;0;6;2;6;6;4;3;5;25;3;6;5;4;3;10;2;0;3;2;5;1;6;11;5;14;6;5;5;14;4;4;2;8;18;4;3;0;6;2;4;8;24;4;2;4;23;5.992889044825004;5;13
TRACK:343;320;-1;2;1;2;4;1;0;6;5;8;2;1;6;3;16;1;0;14;14;0;12;25;5;6;6;21;0.7872086726312644;2;3;4;2;0;10;9;2;11;23;3.1184263936525536;3;4;6;4;25;0;0;0;0;3;1;2;25;13;2;23;3.471193288546314;24;4;2;2;23;10.0;15;5;8;4;5;0;2;8;12;6;10;5;0;5;5;3;22;9.157802678381541;4;4;2;8;18;2;0;3;3;2;0;8;25;0;16;11;3;2;1;3;10;5;16;4;1;12;13;3;0;3;3;4;17;1;1;8;3;15;6;2;23;2.3834027882132967;10;2;6;6;2;1;6;0;3;19;4;19;0;0;4;16;5;8;4;3;9;1;5;3;1;7;-3.310786081986152;14;0;5;5;21;9.732422692722098;4;6;10;0;6;1;5;5;0;4;17;4;19;2;4;5;6;8;0;1;2;11;22;-6.553916612192445;2;16;24;1;3;9;4;11;5;3;5;3;5;2;14;20;-8.805308230295392;1;3;4;3;5;5;2;6;2;23;2.3201254436472416;10;2;1;8;20;5.60348368061032;3;7;-7.682621291427507;0;6;2;6;6;4;3;5;25;3;6;5;4;3;10;2;0;3;2;5;1;6;11;5;14;6;5;5;14;6;21;4.404423986309081;4;3;0;6;2;4;8;2;7;3.0014954488036203;11;4;2;4;23;6.01760297991456;5;13
TRACK:344;338;-1;2;1;2;4;1;0;6;2;6;15;5;5;7;-9.651515600299533;2;1;6;3;16;1;0;14;14;0;12;25;5;6;6;21;0.3410639939911027;2;3;4;2;0;10;9;2;11;23;3.2488087897594395;3;4;6;4;21;-9.873530459959118;0;0;0;0;3;1;2;25;13;2;23;3.072747447409996;24;4;2;2;23;9.573310251521704;15;5;18;4;5;0;2;8;22;-5.215282785490894;6;10;22;9.06204520107897;2;0;3;3;2;0;8;25;0;16;11;3;2;1;3;17;5;16;4;1;12;13;3;0;3;3;4;17;1;1;0;19;19;3;15;2;1;21;-8.618094227544967;17;6;9;2;6;6;2;1;6;0;3;19;4;19;0;0;4;16;5;8;4;3;9;1;5;6;0;20;-8.371261297965882;12;0;5;5;21;9.389704164864087;4;6;22;-5.388040351607411;0;6;1;5;5;0;4;17;4;19;2;4;5;6;8;0;1;2;11;22;-6.286732772459188;2;16;11;12;5;3;5;3;5;2;14;20;-8.830626879523424;1;3;4;3;5;5;2;6;2;23;2.499882731801175;10;2;1;8;20;5.55945792279297;3;13;0;6;5;2;6;2;23;2.295882652155773;10;2;23;-3.219917871821355;3;7;-7.8123184656114555;2;0;3;2;5;1;6;11;5;14;6;5;5;21;6.5499103910611085;5;0;6;6;1;12;9;3;4;0;9;22;5.682884658708018;4;3;0;6;2;4;8;24;4;2;4;23;5.564699751147187;5;13
TRACK:345;331;-1;2;1;2;4;2;5;23;4.346996670029476;2;24;18;0;0;0;0;3;1;2;25;13;2;23;3.257238494675596;24;4;2;2;23;9.579234334254052;15;5;18;4;5;0;2;8;22;-5.1782777181691655;6;10;5;0;5;5;3;22;8.626076068412502;4;4;2;8;18;2;0;3;3;2;0;8;25;0;16;11;3;2;1;3;17;5;16;4;1;12;13;3;0;3;3;4;17;1;1;0;19;19;3;15;2;1;21;-8.584434299107723;17;6;9;2;6;6;2;1;6;0;3;19;4;19;0;0;4;16;5;8;4;8;1;5;6;0;20;-8.305213379664536;12;0;5;5;21;9.416736334911569;4;6;22;-5.397090598319492;0;6;1;5;5;0;4;17;4;19;2;4;5;6;8;0;1;2;11;22;-5.999226427634361;2;16;11;12;5;3;5;3;5;2;14;20;-8.952443303176725;1;3;4;3;5;5;2;6;2;23;2.4835294920283886;10;2;1;8;20;5.588054072872747;3;22;8.392179991237546;0;6;5;2;6;2;23;2.1226726337234045;10;2;23;-3.3702269797607083;3;7;-7.590564741457533;2;0;3;2;5;1;6;11;5;14;6;5;5;21;6.42868531605046;5;0;6;6;1;12;9;3;4;0;9;22;5.675528045648973;4;3;0;6;2;4;8;24;4;2;5;9;0;11;19
TRACK:346;333;-1;2;1;2;4;1;0;6;5;8;2;1;6;3;16;1;0;14;14;0;12;25;5;6;6;21;0.7077981884536996;2;3;4;2;0;10;9;2;11;23;2.964822404622295;3;4;6;4;25;0;0;0;0;3;1;2;25;13;2;23;3.3393563155510373;24;4;2;2;23;10.0;15;5;18;4;5;0;2;8;12;6;10;5;0;5;5;3;22;8.91275116637224;4;4;2;8;18;2;0;3;3;2;0;8;25;0;16;11;3;2;1;3;10;5;16;4;1;12;13;3;0;3;3;4;17;1;1;3;25;3;15;2;1;21;-8.822590155166411;17;6;9;2;6;6;2;1;6;0;3;19;4;19;0;0;4;16;5;8;4;3;9;1;5;3;1;7;-3.236574263771965;14;0;5;5;21;9.368864399789643;4;6;10;0;6;1;5;5;0;4;17;4;19;2;4;5;6;8;0;1;2;11;22;-6.618217201421347;2;16;24;1;3;9;4;11;5;3;5;3;5;2;14;20;-8.460526276150862;1;3;8;0;6;2;6;6;4;3;5;25;3;6;5;4;3;10;2;0;3;2;5;1;6;11;5;14;6;5;5;14;6;21;4.556820684447964;4;3;0;6;2;4;8;24;4;2;4;23;6.292390870900602;5;13
TRACK:347;335;-1;2;1;2;4;1;0;6;5;8;2;1;6;3;16;1;0;14;14;0;12;25;5;6;6;21;0.6214845538656596;2;3;4;2;0;10;9;2;11;23;3.0256094990220443;3;4;6;4;25;0;0;0;0;3;1;2;25;13;2;23;3.1608625247133726;24;4;2;2;23;9.77637656577576;15;5;18;4;5;0;2;8;12;6;10;5;0;5;5;3;22;8.813952284085405;4;4;2;8;18;2;0;3;3;2;0;8;25;0;16;11;3;2;1;3;10;5;16;4;1;12;13;3;0;3;3;4;17;1;1;8;3;15;2;1;21;-8.905116888741185;17;6;9;2;6;6;2;1;6;0;3;19;4;19;0;0;4;16;5;8;4;3;9;1;5;3;1;7;-3.2920280828474016;14;0;5;5;21;9.61070132265918;4;6;10;0;6;1;5;5;0;4;17;4;19;2;4;5;6;8;0;1;2;11;22;-5.057352931849263;2;16;24;1;3;9;4;11;5;3;5;3;5;2;14;20;-8.273941932624094;1;3;13;0;6;2;6;6;4;3;5;25;3;6;5;4;3;10;2;0;3;4;16;6;21;4.38552729565523;4;3;0;6;2;4;8;24;4;2;4;23;6.315604582163924;5;13
TRACK:348;307;-1;2;1;2;4;1;0;6;2;1;6;8;1;23;1.78630375469825;16;5;5;7;-9.781949610946636;2;1;6;3;16;1;5;20;1.8209746666397144;0;12;25;5;6;6;21;0.5251406749238268;2;3;4;2;0;10;9;2;11;23;3.0099726909341538;3;4;6;4;21;-10.0;0;0;0;0;3;1;2;25;13;2;23;3.115514979906776;24;4;2;2;23;9.685297831058705;15;5;18;4;5;0;2;8;12;6;10;5;0;5;5;3;22;9.07815303965356;4;4;2;8;18;2;0;3;3;2;0;8;25;0;16;11;3;2;1;3;10;5;16;4;1;12;13;3;0;3;3;4;17;1;1;8;24;2;1;21;-8.990666634557066;17;6;9;2;6;6;2;1;6;0;5;24;4;19;0;0;4;16;5;8;4;3;9;1;5;3;1;7;-3.4474498888925167;14;0;5;5;21;9.691910215481702;4;6;22;-5.035543404188766;0;6;1;5;5;0;4;17;4;19;2;4;5;6;8;0;1;2;11;22;-6.272779784992498;2;16;24;1;3;9;4;11;5;3;5;3;5;2;14;20;-8.743145910828863;1;3;4;3;5;5;2;6;2;23;2.4788024338384522;10;2;1;8;20;5.8616369502061465;3;7;-7.610553853775088;0;6;2;6;6;4;3;5;25;3;6;5;4;3;10;2;0;3;2;5;1;6;11;5;14;6;5;5;14;5;0;6;6;1;12;9;3;4;0;9;22;5.479446771641678;4;3;0;6;2;4;8;24;4;2;4;11;5;13
TRACK:349;339;-1;2;1;2;4;1;0;6;2;1;6;8;1;23;1.7250141005263029;16;5;5;7;-9.881789497397772;2;1;6;3;16;1;0;14;14;0;12;25;5;6;6;21;0.6649225910463408;2;3;4;2;0;10;9;2;11;23;2.993997719174734;3;4;6;4;21;-10.0;0;0;0;0;3;1;2;25;13;2;23;3.104552396661122;24;4;2;2;23;3.2119861068858464;15;5;18;4;5;0;2;8;12;6;10;5;0;5;5;3;22;8.905121144823742;4;4;2;8;18;2;0;3;3;2;0;8;25;0;16;11;3;2;1;3;10;5;16;4;1;12;13;3;0;3;3;4;17;1;1;8;24;2;1;21;-9.18728459741396;17;6;9;2;6;6;2;1;6;0;3;19;4;19;0;0;4;16;5;8;4;3;9;1;5;3;1;7;-3.5314066126848407;14;0;5;5;21;9.580101489347202;4;6;22;-4.9162575228033525;0;6;1;5;5;0;4;17;4;19;2;4;5;6;8;0;1;2;11;22;-6.339453112201293;2;16;24;1;3;9;4;11;5;3;5;3;5;2;14;20;-8.6716670915166;1;3;4;3;5;5;2;6;2;23;2.252844880335782;10;2;1;8;20;5.659543800501178;3;7;-7.617566686789787;0;6;2;6;6;4;3;5;25;3;6;5;4;3;10;2;0;3;2;5;1;6;11;5;14;6;5;5;14;5;0;6;6;1;12;9;3;4;0;9;22;5.578260193977095;4;6;3;5;1;4;13;5;24
EVAL_INSTANCE:17:0:340
EVAL_INSTANCE:17:1:341
EVAL_INSTANCE:17:2:342
EVAL_INSTANCE:17:3:343
EVAL_INSTANCE:17:4:344
EVAL_INSTANCE:17:5:345
EVAL_INSTANCE:17:6:346
EVAL_INSTANCE:17:7:347
EVAL_INSTANCE:17:8:348
EVAL_INSTANCE:17:9:349
RUN_RESULT:17:0:0:186:DLLUDLLUURRLURDRURLDDRURRDDDDDR
RUN_RESULT:17:1:0:181:DLLUDLLUURRLURDRURLDDRURRDDDDDR
RUN_RESULT:17:2:0:189:DLLUDLLUURRLURDRURLDDRUDDDLDDRRRR
RUN_RESULT:17:3:0:189:DLLUDLLUURRLURDRURLDDRUDDDLDDRRRR
RUN_RESULT:17:4:0:2000:----
RUN_RESULT:17:5:0:2000:----
RUN_RESULT:17:6:0:2000:----
RUN_RESULT:17:7:0:2000:----
RUN_RESULT:17:8:0:2000:----
RUN_RESULT:17:9:0:2000:----
    18 |      180 | -3.813200E+03 | -3.819000E+03
TRACK:350;340;301;2;1;2;4;1;0;6;2;1;6;8;1;23;1.7180230941928452;16;5;5;7;-9.94333559854057;2;1;18;11;5;6;6;21;0.8015532775026816;2;3;4;2;0;10;9;2;11;23;3.0077337076823523;3;4;6;4;21;-10.0;0;0;0;0;3;1;2;25;13;2;23;3.2396742974613346;24;4;2;2;23;9.958885690326277;15;5;18;4;5;0;2;8;12;6;10;5;0;5;5;3;22;8.939655479375888;4;4;2;8;18;2;0;3;3;2;0;8;25;0;16;11;3;2;1;3;10;5;16;4;1;12;13;3;0;3;3;4;17;1;1;8;24;2;1;21;-9.01610747398948;17;6;9;2;6;6;2;1;6;0;3;19;4;19;0;0;4;16;5;8;4;3;9;1;5;3;1;7;-3.555857156668584;14;0;5;5;21;9.69286131010363;4;6;22;-4.7906741363117185;0;6;1;5;5;0;4;17;4;19;2;4;5;6;8;0;2;14;20;-8.492795407381434;1;3;9;4;11;5;3;5;3;5;2;14;20;-8.763782846378794;1;3;4;3;5;5;2;6;2;23;2.2663234701906734;10;2;1;8;20;5.7996546758129925;3;7;-7.694578455700829;0;6;2;6;6;4;3;5;25;3;6;5;4;3;10;2;0;3;2;5;1;6;11;5;14;6;5;5;14;5;0;6;6;1;12;9;3;4;0;17;22;5.660366529622368;4;3;0;6;2;4;8;24;4;2;4;11;5;13
TRACK:351;340;301;2;1;2;4;1;0;6;5;8;2;1;6;3;16;1;0;14;14;0;12;25;5;6;6;21;0.6351736161220729;2;3;4;2;0;10;9;2;11;23;3.110945797718147;3;4;6;4;25;0;0;0;0;3;1;2;25;13;2;23;3.256632867761286;24;4;2;2;23;9.820454790292567;15;5;18;4;5;0;2;8;12;6;10;5;0;5;5;3;22;8.935633602160888;4;4;2;8;18;2;0;3;3;2;0;8;25;0;16;11;3;2;1;3;10;5;16;4;1;12;13;3;0;3;3;4;17;1;1;8;3;15;2;1;21;-8.974162170705858;17;6;9;2;6;6;2;1;6;0;3;19;4;19;0;0;4;16;5;8;4;3;9;1;5;3;1;7;-3.482012164874812;14;0;5;5;21;9.561740321360412;4;6;10;0;6;1;5;5;0;4;17;4;19;2;4;5;6;8;0;1;2;11;22;-6.526422446335927;2;16;24;1;3;9;4;11;5;3;6;5;5;14;1;3;4;3;5;5;2;6;2;23;2.35810701481292;10;2;1;8;20;5.6676074054505925;3;7;-7.9105496725492825;0;6;2;6;6;4;3;5;25;3;6;5;4;3;10;2;0;3;2;5;1;6;11;5;14;6;5;5;14;6;21;4.375799480674267;4;3;0;6;2;4;8;24;4;2;4;23;6.174309064150275;5;13
TRACK:352;288;341;2;1;2;4;1;0;6;2;1;6;8;1;23;1.753133756045604;16;5;5;7;-9.868396754339539;2;1;6;3;16;1;0;14;14;0;12;25;5;6;6;21;0.7405275507715186;2;3;4;2;3;10;2;11;23;3.1556254840477846;3;4;6;4;21;-10.0;0;0;0;0;3;1;2;25;13;2;23;3.1633658600689194;24;4;2;2;23;9.797389233964394;15;5;18;4;5;0;2;8;12;6;10;5;0;5;5;3;22;8.94472772838788;4;4;2;8;18;2;0;3;3;2;0;8;25;0;16;11;3;2;1;3;10;5;16;4;1;12;13;3;0;3;3;4;17;1;1;8;24;2;1;21;-9.010746284358673;17;6;9;2;6;6;2;1;6;0;3;19;4;19;0;0;4;16;5;8;4;3;9;1;5;3;1;7;-3.4050650878252826;14;0;5;5;21;9.6450107176555;4;6;22;-4.8968681005766195;0;6;1;5;5;0;4;17;4;19;2;4;5;6;8;0;1;2;11;22;-6.221571789953837;2;16;24;1;3;9;4;11;5;3;5;3;5;2;14;20;-8.706552001839466;1;3;4;3;5;5;2;6;2;23;2.424126220314995;10;2;1;8;20;5.71142392095283;3;7;-7.616879253482879;0;6;2;6;6;4;3;5;25;3;6;5;4;3;10;2;0;3;2;5;1;6;11;5;14;6;5;5;14;5;0;6;6;1;12;9;3;4;0;9;22;5.597138942569341;4;3;0;6;2;4;8;24;4;2;4;11;5;13
TRACK:353;288;341;2;1;2;4;1;0;6;2;1;6;8;1;23;1.872668176322808;16;5;5;7;-9.920923286858747;2;1;6;3;16;1;5;20;1.5178105458526963;0;12;25;5;6;6;21;0.7293710697594935;2;3;4;2;0;10;9;2;11;23;3.038730990448417;3;4;6;4;21;-10.0;0;0;0;0;3;1;2;25;13;2;23;3.1735984355861815;24;4;2;2;23;9.496173301844575;15;5;18;4;5;0;2;8;12;6;10;5;0;5;5;3;22;8.81851949335359;4;4;2;8;18;2;0;3;3;2;0;8;25;0;16;11;3;2;1;3;10;5;16;4;1;12;13;3;0;3;3;4;17;1;1;8;24;2;1;21;-8.74470156170951;17;6;9;2;6;6;2;1;6;0;3;19;4;19;0;0;4;16;5;8;4;3;9;1;5;3;1;7;-3.4767976609462083;14;0;5;5;21;9.738755779858506;4;5;22;-0.8758031894961924;0;6;1;5;5;0;4;17;4;19;2;4;5;6;8;0;1;2;11;22;-6.085751015975094;2;16;24;1;3;9;4;11;5;3;5;3;5;2;14;20;-8.518248496803386;1;3;4;3;5;5;2;6;2;23;2.525989588621844;14;2;1;8;20;5.7287863081841985;3;7;-7.747892485696564;0;6;2;6;6;4;3;5;25;3;6;5;4;3;10;2;0;3;2;5;1;6;11;5;14;6;5;17;5;0;6;6;1;12;9;3;4;0;9;22;5.454609114894372;4;3;0;6;2;4;8;24;4;2;4;11;5;13
TRACK:354;307;320;2;1;2;4;1;0;6;2;1;6;8;1;23;1.837651149886395;16;5;5;7;-9.855399073340712;2;1;6;3;16;1;5;20;1.6744860074785333;0;12;25;5;6;6;21;0.6605029361089366;2;3;4;2;0;10;9;2;11;23;3.052661277108403;3;4;6;4;21;-10.0;0;0;0;0;3;1;2;25;13;2;23;3.162440296759964;24;4;2;2;23;9.738898165405383;15;5;18;4;5;0;2;8;12;6;10;5;0;5;5;3;22;8.822752567223775;4;4;2;8;18;2;0;3;3;2;0;8;25;0;16;11;3;2;1;3;10;5;16;0;2;8;12;6;10;3;0;3;3;4;17;1;1;8;24;2;1;21;-8.867924573756877;17;6;9;2;6;6;2;1;6;0;3;19;4;19;0;0;4;16;5;8;4;3;9;1;5;3;1;7;-3.395023766653235;14;0;5;5;21;9.715021075144348;4;6;22;-5.005011408161736;0;6;1;5;5;0;4;17;4;19;2;4;5;6;8;0;1;2;11;22;-6.215615879201862;2;16;24;1;3;9;4;11;5;3;5;3;5;2;14;20;-8.746192887783147;1;3;4;3;5;5;2;6;2;23;2.459445096564432;10;2;1;8;20;5.827147445469078;3;7;-7.669046106816443;0;6;2;6;6;4;3;5;25;3;6;5;4;3;10;2;0;3;2;5;1;6;11;5;14;6;5;5;14;5;0;6;6;1;12;9;3;4;0;9;22;5.419009707820669;4;3;0;6;2;4;8;24;4;2;4;11;5;13
TRACK:355;307;320;2;1;2;4;1;0;6;5;8;2;1;6;3;16;1;0;14;14;0;12;25;5;6;6;21;0.7824830040454942;2;3;4;2;0;10;9;2;11;23;3.306379812090086;3;4;6;4;25;0;0;0;0;3;1;2;25;13;2;23;3.456066645727072;24;4;2;2;23;9.97613460923885;15;5;8;4;5;0;2;8;12;6;10;5;0;5;5;3;22;9.06644485563766;4;4;2;8;18;2;0;3;3;2;0;8;25;0;16;11;3;2;1;3;10;5;16;4;1;12;13;3;0;3;3;4;17;1;1;8;3;15;6;2;23;2.3005384055959057;10;2;6;6;2;1;6;0;3;19;4;19;0;0;4;16;5;8;4;3;9;1;5;3;1;7;-3.3231397431076783;14;0;5;5;21;9.709397985844022;4;6;10;0;6;1;5;5;0;4;17;4;19;2;4;5;6;10;0;1;2;11;22;-6.57249348237137;2;16;24;1;3;9;4;11;5;3;5;3;5;2;14;20;-8.71653893360859;1;3;4;3;5;5;2;6;2;23;2.45292460628431;10;2;1;8;20;5.851151185883009;3;7;-7.665738746892364;0;6;2;6;6;4;3;5;25;3;6;5;4;3;10;2;0;3;2;5;1;6;11;5;14;6;5;5;14;6;21;4.339635016012334;4;3;0;6;2;4;8;24;4;2;4;23;6.109825903172476;5;13
TRACK:356;341;343;2;1;2;4;1;0;6;2;1;6;8;1;23;1.872668176322808;16;5;5;7;-9.920923286858747;2;1;6;3;16;1;5;20;1.5178105458526963;0;12;25;5;6;6;21;0.7293710697594935;2;4;25;3;4;6;4;21;-10.0;0;0;0;0;3;1;2;25;13;2;23;3.1735984355861815;24;4;2;2;23;9.496173301844575;15;5;18;4;5;0;2;8;12;6;10;5;0;5;5;3;22;8.81851949335359;4;4;2;8;18;2;0;3;3;2;0;8;25;0;16;11;3;2;1;3;10;5;16;4;1;12;13;3;0;3;3;4;17;1;1;8;24;2;1;21;-8.74470156170951;17;6;9;2;6;6;2;1;6;0;3;19;4;19;0;0;4;16;5;8;4;3;9;1;5;3;1;7;-3.4767976609462083;14;0;5;5;21;9.738755779858506;4;5;22;-0.8758031894961924;0;6;1;5;5;0;4;17;4;19;2;4;5;6;8;0;1;2;11;22;-6.085751015975094;2;16;24;1;3;9;4;11;5;3;5;3;5;2;14;20;-8.518248496803386;1;3;4;3;5;5;2;6;2;23;2.525989588621844;10;2;1;8;20;5.7287863081841985;3;7;-7.747892485696564;0;6;2;6;6;4;3;5;25;3;6;5;4;3;10;2;0;3;2;5;1;6;11;5;14;6;5;17;5;0;6;6;1;12;9;3;4;0;9;22;5.454609114894372;4;3;0;6;2;4;8;24;4;2;4;11;5;13
TRACK:357;341;343;2;1;2;4;1;0;8;2;1;6;3;16;1;0;14;14;0;12;25;5;6;6;21;0.7872086726312644;2;3;4;2;0;10;9;2;11;23;3.1184263936525536;3;4;6;4;25;0;0;0;0;3;1;2;25;13;2;23;3.471193288546314;24;4;2;2;23;10.0;15;5;8;4;5;0;2;8;12;6;10;5;0;5;5;3;22;9.157802678381541;4;4;2;8;18;2;0;3;3;2;0;8;25;0;16;11;3;2;1;3;10;5;16;4;1;12;13;3;0;3;3;4;17;1;1;8;3;15;6;2;23;2.3834027882132967;10;2;6;6;2;1;6;0;3;19;4;19;0;0;4;16;5;8;4;3;9;1;5;3;1;7;-3.310786081986152;14;0;5;5;21;9.732422692722098;4;6;10;0;6;1;5;5;0;4;17;4;19;2;4;5;6;8;0;1;2;11;22;-6.553916612192445;2;16;24;1;3;9;4;11;5;3;5;3;5;2;14;20;-8.805308230295392;1;3;4;3;5;5;2;6;2;23;2.3201254436472416;10;2;1;8;20;5.60348368061032;3;7;-7.682621291427507;0;6;2;6;6;4;3;5;25;3;6;5;4;3;10;2;0;3;2;5;1;6;11;5;14;6;5;5;14;6;21;4.404423986309081;4;3;0;6;2;4;8;2;7;3.0014954488036203;11;4;2;4;23;6.01760297991456;5;13
TRACK:358;307;342;2;1;2;4;1;0;6;2;1;6;8;1;23;1.837651149886395;16;5;5;7;-9.855399073340712;2;1;6;3;16;1;5;20;1.6744860074785333;0;12;25;5;6;6;21;0.6605029361089366;2;3;4;2;0;10;9;2;11;23;3.052661277108403;3;4;6;4;21;-10.0;0;0;0;0;3;1;2;25;13;2;23;3.162440296759964;24;4;2;2;23;9.738898165405383;15;5;18;4;5;0;2;8;12;6;10;5;0;5;5;3;22;8.822752567223775;4;4;2;8;18;2;0;0;12;25;3;2;1;3;10;5;16;4;1;12;13;3;0;3;3;4;17;1;1;8;24;2;1;21;-8.867924573756877;17;6;9;2;6;6;2;1;6;0;3;19;4;19;0;0;4;16;5;8;4;3;9;1;5;3;1;7;-3.395023766653235;14;0;5;5;21;9.715021075144348;4;6;22;-5.005011408161736;0;6;1;5;5;0;4;17;4;19;2;4;5;6;8;0;1;2;11;22;-6.215615879201862;2;16;24;1;3;9;4;11;5;3;5;3;5;2;14;20;-8.746192887783147;1;3;4;3;5;5;2;6;2;23;2.459445096564432;10;2;1;8;20;5.827147445469078;3;7;-7.669046106816443;0;6;2;6;6;4;3;5;25;3;6;5;4;3;10;2;0;3;2;5;1;6;11;5;14;6;5;5;14;5;0;6;6;1;12;9;3;4;0;9;22;5.419009707820669;4;3;0;6;2;4;8;24;4;2;4;11;5;13
TRACK:359;307;342;2;1;2;4;1;0;6;5;8;2;1;6;3;16;1;0;14;14;0;12;25;5;6;6;21;0.7186635497756907;2;3;4;2;0;10;9;2;11;23;3.1395566022532937;3;4;6;4;21;-9.949957066398527;0;0;0;0;3;1;2;25;13;2;23;3.193459788191789;24;4;2;2;23;9.711071041831033;15;5;18;4;5;0;2;8;12;6;10;5;0;5;5;3;22;8.905600169172718;4;4;2;8;18;2;0;3;3;2;0;8;25;0;16;11;3;2;1;3;10;5;16;4;1;12;13;3;0;3;3;4;17;1;1;8;3;15;2;1;21;-8.909631289855138;17;6;9;2;6;6;2;1;6;0;3;19;4;19;0;0;4;16;5;8;4;3;9;1;5;3;1;7;-3.3062934963344115;14;0;5;5;21;9.428011842343238;4;6;22;-4.975442280576573;0;6;1;5;5;0;4;17;4;19;2;4;5;6;8;0;1;2;11;22;-6.296713587098819;2;16;24;1;2;23;2.459445096564432;10;4;11;5;3;5;3;5;2;14;20;-8.488167647976823;1;3;4;3;5;5;1;5;13;4;11;0;6;2;6;6;4;3;5;25;3;6;5;4;3;10;2;0;3;2;5;1;6;11;5;14;6;5;5;14;4;4;2;8;18;4;3;0;6;2;4;8;24;4;2;4;23;5.992889044825004;5;13
TRACK:360;350;-1;2;1;2;4;1;0;6;2;1;6;8;1;23;2.037058508398731;16;5;5;7;-9.933083218917853;2;1;18;11;5;6;6;21;0.9712338185237421;2;3;4;2;0;10;9;2;11;23;2.914811886748635;3;4;6;4;21;-9.91369666044783;0;0;0;0;3;1;2;25;13;2;23;3.244756289938703;24;4;2;6;24;5;18;4;5;0;2;8;12;6;10;5;0;5;5;3;22;8.902114565009928;4;4;2;8;18;2;0;3;3;2;0;8;25;0;16;11;3;2;1;3;10;5;16;4;1;12;13;3;0;3;3;4;17;1;1;8;24;2;1;21;-8.85624950124581;17;6;9;2;6;6;2;1;6;0;3;19;4;19;0;0;4;16;5;8;4;3;9;1;5;3;1;7;-3.498547714543007;14;0;5;5;21;9.869144247732702;4;6;22;-4.726463157325746;0;6;1;5;5;0;4;17;4;19;2;4;5;6;8;0;2;14;20;-8.265307297743314;1;3;9;4;11;5;3;5;3;5;2;14;20;-8.815874297112055;1;3;4;3;5;5;2;6;2;23;2.2990125905545993;10;2;1;8;20;5.789317447179876;3;7;-7.69554737642141;0;6;2;6;6;4;3;5;25;3;6;5;4;3;10;2;0;3;2;5;1;6;11;5;14;6;5;5;14;5;0;6;6;1;12;9;3;4;0;17;22;5.592969518579726;4;3;0;6;2;4;8;24;4;2;4;11;5;13
TRACK:361;352;-1;2;1;2;4;1;0;6;2;1;6;8;1;23;1.765290517446177;16;5;5;7;-9.94723289902427;2;1;6;3;16;1;0;14;14;0;12;25;5;6;6;21;0.7161756878279826;2;3;4;2;3;10;2;11;23;3.1999447812478556;3;4;6;4;21;-9.97096322937136;0;0;0;0;3;1;2;25;13;2;23;3.0870813889189646;24;4;2;2;23;9.883499258408456;15;5;18;4;5;0;2;8;12;6;10;5;0;5;5;3;22;8.907549603339934;4;4;2;8;18;2;0;3;3;2;0;8;25;0;16;11;3;2;1;3;10;5;16;4;1;12;13;3;0;3;3;4;17;1;1;8;24;2;1;21;-8.944205685125173;17;6;9;2;6;6;2;1;6;0;3;19;4;19;0;0;4;16;5;8;4;3;9;1;5;3;1;7;-3.527931976904073;14;0;5;5;21;9.40405551512832;4;6;22;-4.869642383621943;0;6;1;5;5;0;4;17;4;19;2;4;5;6;8;0;1;2;11;22;-6.150159745818538;2;16;24;1;3;9;4;11;5;3;5;3;5;2;14;20;-8.754027483595634;1;3;4;3;5;5;2;6;2;23;2.45567839372664;10;2;1;8;20;5.641365185811911;3;7;-7.448594213572593;0;6;2;6;4;23;9.321372200085769;3;6;5;4;3;10;2;0;3;2;5;1;6;11;5;14;6;5;5;14;5;0;6;6;1;12;9;3;4;0;9;22;5.54033594816222;4;3;0;6;2;4;8;24;4;2;4;11;5;13
TRACK:362;354;-1;2;1;2;4;1;0;6;2;1;6;8;1;23;1.822254883924946;16;5;5;7;-9.844235533667668;2;1;6;3;16;1;5;20;1.6016388005501339;0;12;25;5;6;6;21;0.6206020617666012;2;3;4;2;0;10;9;2;11;23;3.038523530025447;3;4;6;4;21;-9.862364137356892;0;0;0;0;3;1;2;25;13;2;23;3.1310392207175988;24;4;2;2;23;9.571907435892943;15;5;18;4;5;0;2;8;12;6;10;5;0;5;5;3;22;9.112486564950911;4;4;2;8;18;2;0;3;3;2;0;8;25;0;16;11;3;2;1;3;10;5;16;0;2;8;12;6;10;3;0;3;3;4;17;1;1;8;24;2;1;21;-8.898241117904943;17;6;9;2;6;6;2;1;6;0;3;19;4;19;0;0;4;16;5;8;4;3;9;1;5;3;1;7;-3.5070333650846544;14;0;5;5;21;9.878419899958079;4;6;22;-4.9517609997628655;0;6;1;5;5;0;4;17;4;19;2;4;5;6;8;5;5;6;11;5;3;5;3;5;2;14;20;-8.556170853821996;1;3;4;3;5;5;2;6;2;23;2.3921889279934243;10;2;1;8;20;5.862186389946296;3;7;-7.614812678060046;0;6;2;6;6;4;3;5;25;3;6;5;4;3;10;2;0;3;2;5;1;6;11;5;14;6;5;5;14;5;0;6;6;1;12;9;3;4;0;9;22;5.381266215596077;4;3;0;6;2;4;8;24;4;2;4;11;5;13
TRACK:363;356;-1;2;1;2;4;1;0;6;2;1;6;8;1;23;1.972384079887228;16;5;5;7;-9.902897010128587;2;1;6;3;16;1;5;20;1.6434287522804294;0;12;25;5;6;6;21;0.7313823366813262;2;4;25;3;4;6;4;21;-9.95280236071956;0;0;0;0;3;1;2;25;13;2;23;3.1380482824767038;24;4;2;2;23;9.348241574412985;15;5;18;4;5;0;2;8;12;6;10;5;0;5;5;3;22;8.790222786124515;4;4;2;8;18;2;0;3;3;2;0;8;25;0;16;11;3;2;1;3;10;5;16;4;1;12;13;3;0;3;3;4;17;1;1;8;24;2;1;21;-8.89510256910637;17;6;9;2;6;6;2;1;6;0;3;19;4;19;0;0;4;16;5;8;4;3;9;1;5;3;1;7;-3.4477257990977397;14;0;5;5;21;9.795357781827267;4;5;22;-0.7888815696514124;0;6;1;5;5;0;4;17;4;19;2;4;5;6;8;0;1;2;11;22;-6.152533240716522;2;16;24;1;3;9;4;11;5;3;5;3;5;2;14;20;-8.54185757395523;1;3;4;3;5;5;2;6;2;23;2.4203720070032384;10;2;1;8;20;5.599298953152545;3;7;-7.7671545859176785;0;6;2;6;6;4;3;5;25;3;6;5;4;3;10;2;0;3;2;5;1;6;11;5;14;6;5;17;5;0;6;6;1;12;9;3;1;1;8;11;5;25;4;3;0;6;2;4;8;24;4;2;4;11;5;13
TRACK:364;358;-1;2;1;2;4;1;0;6;2;1;6;8;1;23;1.8628019663044875;16;5;5;7;-9.785118380749;2;1;6;3;16;1;5;20;1.7195680196167096;0;12;25;5;6;6;21;0.6536452949067052;2;3;4;2;0;10;9;2;11;23;3.069924717862426;3;4;6;4;21;-9.975476911862616;0;0;0;0;3;1;2;25;13;2;23;3.0765580506031514;24;4;2;2;23;9.711480204991657;15;5;18;4;5;0;2;16;12;6;10;5;0;5;5;3;22;8.866827724413268;4;4;2;8;18;2;0;0;12;25;3;2;1;3;10;5;16;4;1;12;13;3;0;3;3;4;17;1;1;8;24;2;1;21;-8.929473797928363;17;6;9;2;6;6;2;1;6;0;3;19;4;19;0;0;4;16;5;8;4;3;9;1;5;3;1;7;-3.5169428487858143;14;0;5;5;21;9.775784531833697;4;6;22;-4.880838884790062;0;6;1;5;5;0;4;17;4;19;2;4;5;6;8;0;1;2;11;22;-6.185732739321198;2;16;24;1;3;9;4;11;5;3;5;3;5;2;14;20;-8.769508412312296;1;3;4;3;5;5;2;6;2;23;2.33910529335832;10;2;1;8;20;5.888809386151002;3;7;-7.732597467092538;0;6;2;6;6;4;3;5;25;3;6;5;4;3;10;2;0;3;2;5;1;6;11;5;14;6;5;5;14;5;0;6;6;1;12;9;3;4;0;9;22;5.51605565837474;4;3;0;6;2;4;8;24;4;2;4;11;5;13
TRACK:365;351;-1;2;1;2;4;1;0;6;5;8;2;1;6;3;16;1;0;14;14;0;23;-2.4678210492285935;25;5;6;6;21;0.49737710452648776;2;3;4;2;0;10;9;2;11;23;3.0871748348075876;3;4;6;4;25;0;0;0;0;3;1;2;25;13;2;23;3.340606592791348;24;4;2;2;23;9.798204070314435;15;5;18;4;5;0;2;8;12;6;10;5;0;5;5;3;22;9.06565568139875;4;4;2;8;18;2;0;3;3;2;0;8;25;0;16;11;3;2;1;3;10;5;16;4;1;12;13;3;0;3;3;4;17;1;1;8;3;15;2;1;21;-9.036755299649679;17;6;9;2;6;6;2;1;6;0;3;19;4;19;0;0;4;16;5;8;4;3;9;1;5;3;1;7;-3.385605277382562;14;0;5;5;21;9.646763569879843;4;6;10;0;6;1;5;5;0;4;17;4;19;2;4;5;6;8;0;1;2;11;22;-6.472859280316385;2;16;24;1;3;9;4;11;5;3;6;5;5;14;1;3;4;3;5;5;2;6;2;23;2.386131574355998;10;2;1;8;20;5.781013330292448;3;7;-8.020188747496118;0;6;2;6;6;4;3;5;25;3;6;5;4;3;10;2;0;3;2;5;1;6;11;5;14;6;5;5;14;6;21;4.364713106597821;4;3;0;6;2;4;8;24;4;2;4;23;6.164882417684759;5;13
TRACK:366;353;-1;2;1;2;4;1;0;6;2;1;6;8;1;23;1.9908904757756254;16;5;5;7;-9.976776004507819;2;1;6;3;16;1;5;20;1.527170181036324;0;12;25;5;6;6;21;0.7299291009967072;2;3;4;2;0;10;9;2;11;23;2.880174275784071;3;4;6;4;21;-10.0;0;0;0;0;3;1;2;25;13;2;23;3.0365281588381876;24;4;2;2;23;9.468753579501028;15;5;18;4;5;0;2;8;12;6;10;5;0;5;5;3;22;8.64152619084853;4;4;2;8;18;2;0;3;3;2;0;8;25;0;16;11;3;2;1;3;10;5;16;4;1;12;13;3;0;3;3;4;17;1;1;8;24;2;1;21;-8.765874868866028;17;6;9;2;6;6;2;1;6;0;3;19;4;19;0;0;4;16;5;8;4;3;9;1;5;3;1;7;-3.5688484877103304;14;0;5;5;21;9.76055092992899;4;5;22;-1.0181602598309933;0;6;1;5;5;0;4;17;4;19;2;4;5;6;8;0;1;2;11;22;-6.183416417426085;2;16;24;1;3;9;4;11;5;3;5;3;5;2;14;20;-8.573693427370326;1;3;4;3;5;5;2;6;2;23;2.6993271339801854;14;2;1;8;20;5.963985255929437;3;7;-7.886778050950089;0;6;2;6;6;4;3;5;25;3;6;5;4;3;10;2;5;2;0;3;4;6;20;2.724041754253605;0;5;4;11;0;6;19;4;13;1;1;4;3;7;4.141953303176809;1;4;22;-0.16417794329727187;1;9;22;-7.41438689549801;5;0;3;10;2;9;25;4;3;0;6;2;4;8;24;4;2;4;11;5;13
TRACK:367;355;-1;2;1;2;4;1;0;6;5;8;2;1;6;3;16;1;0;14;14;0;12;25;5;6;6;21;0.8575334298936228;2;3;4;2;0;10;9;2;11;23;3.418848915017617;3;4;6;4;25;0;0;0;0;3;1;2;25;13;2;23;3.36497455909047;24;4;2;2;23;9.9505197399166;15;5;8;4;5;0;2;8;12;6;10;5;0;5;5;3;22;9.184699714202152;4;4;2;8;18;2;0;3;3;2;0;8;25;0;16;11;3;2;1;3;10;5;16;4;1;12;13;3;0;3;3;4;17;1;1;8;3;15;6;2;23;2.1976431994782826;10;2;6;6;2;1;6;0;3;19;4;19;0;0;4;16;5;8;4;3;9;1;5;3;1;7;-3.3858733843126414;14;0;5;5;21;9.852855259836758;4;6;10;0;6;1;5;5;0;4;17;4;19;2;4;5;6;10;0;1;2;11;22;-6.63905370198808;2;16;24;1;3;9;4;11;5;3;5;3;5;2;14;20;-8.523521133312348;1;3;4;3;5;5;2;6;2;23;2.356878008693597;10;2;1;8;20;5.971002423789753;3;7;-7.758131660745216;0;6;2;6;6;4;5;25;3;6;5;4;3;10;2;0;3;2;5;1;6;11;5;14;6;5;5;14;6;21;4.165625774126133;4;3;0;6;2;4;8;24;4;2;4;23;6.201009052588226;5;13
TRACK:368;357;-1;2;1;2;4;1;0;8;2;1;6;3;16;1;0;14;14;0;12;25;5;6;6;21;0.833766049625615;2;3;4;2;0;10;9;2;11;23;3.107519947048974;3;4;6;4;25;0;0;0;0;3;1;2;25;13;2;23;3.559019334532098;24;4;2;2;23;10.0;15;5;8;4;5;0;2;8;12;6;10;5;0;5;5;3;22;9.197981059379233;4;4;2;8;18;2;0;3;3;2;0;8;25;0;16;11;3;2;1;3;10;5;16;4;1;12;13;3;0;3;3;4;17;1;1;8;3;15;6;2;23;2.559976878654238;10;2;6;6;2;1;6;0;3;19;4;19;0;0;4;16;5;8;4;3;9;1;5;3;1;7;-3.4034669007241076;14;0;5;5;21;9.798033085411012;4;6;10;0;6;1;5;5;0;4;17;4;19;2;4;5;6;8;0;1;2;11;22;-6.578836335960783;2;16;24;1;3;9;4;11;5;3;5;3;5;2;14;22;-1.6435319291914414;1;3;4;3;5;5;2;6;2;23;2.381854543237967;10;2;1;8;20;5.4852886013929165;3;7;-7.558728577211953;0;6;2;6;6;4;3;5;25;3;6;5;4;3;10;2;0;3;2;5;1;6;11;5;14;6;5;5;14;6;21;4.3701036919100815;4;3;0;6;2;4;8;2;7;2.7668040273340817;11;4;2;4;23;6.018660002357825;5;13
TRACK:369;359;-1;2;1;2;4;1;0;6;5;8;2;1;6;3;16;1;0;14;14;0;12;25;5;6;6;21;0.6921909281678086;2;3;4;2;0;10;9;2;11;23;3.0621750755635198;3;4;6;4;21;-9.904932950143543;0;0;0;0;3;1;2;25;13;2;23;3.1448656373428165;24;4;2;2;23;9.510827793993474;15;5;18;4;5;0;2;8;12;6;10;5;0;5;5;3;22;8.856824083773065;4;4;2;8;18;2;0;3;3;2;0;8;25;0;16;11;3;2;1;3;10;5;16;4;1;12;13;3;0;3;3;4;17;1;1;8;3;15;2;1;21;-9.101865749951632;17;2;25;19;2;6;6;2;1;6;0;3;19;4;19;0;0;4;16;5;8;4;3;9;1;5;3;1;7;-3.1573311127054366;14;0;5;5;21;9.48376540903801;4;6;22;-4.935773463937455;0;6;1;5;5;0;4;17;4;19;2;4;5;6;8;0;1;2;11;22;-6.250191830516248;2;16;24;1;2;23;2.455130395340708;10;4;11;5;3;5;3;5;2;14;20;-8.288638210109909;1;3;4;3;5;5;1;5;13;4;11;0;6;2;6;6;4;3;5;25;3;6;5;4;3;10;2;0;3;2;5;1;6;11;5;14;6;5;5;14;4;4;2;8;18;4;3;0;6;2;4;8;24;4;2;4;23;5.845408687357532;5;13
EVAL_INSTANCE:18:0:360
EVAL_INSTANCE:18:1:361
EVAL_INSTANCE:18:2:362
EVAL_INSTANCE:18:3:363
EVAL_INSTANCE:18:4:364
EVAL_INSTANCE:18:5:365
EVAL_INSTANCE:18:6:366
EVAL_INSTANCE:18:7:367
EVAL_INSTANCE:18:8:368
EVAL_INSTANCE:18:9:369
RUN_RESULT:18:0:0:2000:----
RUN_RESULT:18:1:0:2000:----
RUN_RESULT:18:2:0:2000:----
RUN_RESULT:18:3:0:2000:----
RUN_RESULT:18:4:0:2000:----
RUN_RESULT:18:5:0:2000:----
RUN_RESULT:18:6:0:2000:----
RUN_RESULT:18:7:0:189:DLLUDLLUURRLURDRURLDDRUDDDLDDRRRR
RUN_RESULT:18:8:0:306:DLLUDLLUURRLURDRURLDDRULLLLDRDDDDRRULDLUUDRRRRRDR
RUN_RESULT:18:9:0:311:DLLUDLLUURRLURDRURLDDRUDDDLDDRRRR
    19 |      190 | -3.813200E+03 | -3.819000E+03
TRACK:370;288;343;2;1;2;4;1;0;6;2;1;6;8;1;23;1.753133756045604;16;5;5;7;-9.868396754339539;2;1;6;3;16;1;0;14;14;0;12;25;5;6;6;21;0.7405275507715186;2;3;4;25;3;4;6;4;21;-10.0;0;0;0;0;3;1;2;25;13;2;23;3.1633658600689194;24;4;2;2;23;9.797389233964394;15;5;18;4;5;0;2;8;12;6;10;5;0;5;5;3;22;8.94472772838788;4;4;2;8;18;2;0;3;3;2;0;8;25;0;16;11;3;2;1;3;10;5;16;4;1;12;13;3;0;3;3;4;17;1;1;8;24;2;1;21;-9.010746284358673;17;6;9;2;6;6;2;1;6;0;3;19;4;19;0;0;4;16;5;8;4;3;9;1;5;3;1;7;-3.4050650878252826;14;0;5;5;21;9.6450107176555;4;6;22;-4.8968681005766195;0;6;1;5;5;0;4;17;4;19;2;4;5;6;8;0;1;2;11;22;-6.221571789953837;2;16;24;1;3;9;4;11;5;3;5;3;5;2;14;20;-8.706552001839466;1;3;4;3;5;5;2;6;2;23;2.424126220314995;10;2;1;8;20;5.71142392095283;3;7;-7.616879253482879;0;6;2;6;6;4;3;5;25;3;6;5;4;3;10;2;0;3;2;5;1;6;11;5;14;6;5;5;14;5;0;6;6;1;12;9;3;4;0;9;22;5.597138942569341;4;3;0;6;2;4;8;24;4;2;4;11;5;13
TRACK:371;288;343;2;1;2;4;1;0;6;5;8;2;1;6;3;16;1;0;14;14;0;12;25;5;6;6;21;0.7872086726312644;2;3;4;2;0;10;9;2;11;23;3.1184263936525536;3;4;6;4;25;0;0;0;0;3;1;2;25;13;2;23;3.471193288546314;24;4;2;2;23;10.0;15;5;8;4;5;0;2;8;12;6;10;5;0;5;5;3;22;9.157802678381541;4;4;2;8;18;2;0;3;3;2;0;8;25;0;16;11;3;2;1;3;10;5;16;4;1;12;13;3;0;3;3;4;17;1;1;8;3;15;6;2;23;2.3834027882132967;10;2;6;6;2;1;6;0;3;19;4;19;0;0;4;16;5;8;4;3;9;1;5;3;1;7;-3.310786081986152;14;0;5;5;21;9.732422692722098;4;6;10;0;6;1;5;5;0;4;17;4;19;2;4;5;6;8;0;14;1;3;9;4;11;5;3;5;3;5;2;14;20;-8.805308230295392;1;3;4;3;5;5;2;6;2;23;2.3201254436472416;10;2;1;8;20;5.60348368061032;3;7;-7.682621291427507;0;6;2;6;6;4;3;5;25;3;6;5;4;3;10;2;0;3;2;5;1;6;11;5;14;6;5;5;14;6;21;4.404423986309081;4;3;0;6;2;4;8;2;7;3.0014954488036203;11;4;2;4;23;6.01760297991456;5;13
TRACK:372;307;301;2;1;2;4;1;0;6;2;1;6;8;1;23;1.837651149886395;16;5;5;7;-9.855399073340712;2;1;6;3;16;1;5;20;1.6744860074785333;0;12;25;5;6;6;21;0.6605029361089366;2;4;17;3;4;6;4;21;-10.0;0;0;0;0;3;1;2;25;13;2;23;3.162440296759964;24;4;2;2;23;9.738898165405383;15;5;18;4;5;0;2;8;12;6;10;5;0;5;5;3;22;8.822752567223775;4;4;2;8;18;2;0;3;3;2;0;8;25;0;16;11;3;2;1;3;10;5;16;4;1;12;13;3;0;3;3;4;17;1;1;8;24;2;1;21;-8.867924573756877;17;6;9;2;6;6;2;1;6;0;3;19;4;19;0;0;4;16;5;8;4;3;9;1;5;3;1;7;-3.395023766653235;14;0;5;5;21;9.715021075144348;4;6;22;-5.005011408161736;0;6;1;5;5;0;4;17;4;19;2;4;5;6;8;0;1;2;11;22;-6.215615879201862;2;16;24;1;3;9;4;11;5;3;5;3;5;2;14;20;-8.746192887783147;1;3;4;3;5;5;2;6;2;23;2.459445096564432;10;2;1;8;20;5.827147445469078;3;7;-7.669046106816443;0;6;2;6;6;4;3;5;25;3;6;5;4;3;10;2;0;3;2;5;1;6;11;5;14;6;5;5;14;5;0;6;6;1;12;9;3;4;0;9;22;5.419009707820669;4;3;0;6;2;4;8;24;4;2;4;11;5;13
TRACK:373;307;301;2;1;2;4;1;0;6;5;8;2;1;6;3;16;1;0;14;14;0;12;25;5;6;6;21;0.6351736161220729;2;3;4;2;0;10;9;2;11;23;3.110945797718147;3;4;6;4;25;0;0;0;0;3;1;2;25;13;2;23;3.256632867761286;24;4;2;2;23;9.820454790292567;15;5;18;4;5;0;2;8;12;6;10;5;0;5;5;3;22;8.935633602160888;4;4;2;8;18;2;0;3;3;2;0;8;25;0;16;11;3;2;1;3;10;5;16;4;1;12;13;3;0;3;3;4;17;1;1;8;3;15;2;1;21;-8.974162170705858;17;6;9;2;6;6;2;1;6;0;3;19;4;19;0;0;4;16;5;8;4;3;9;1;5;3;1;7;-3.482012164874812;14;0;5;5;21;9.561740321360412;4;6;10;0;6;1;5;5;0;4;17;4;19;2;4;5;6;8;0;1;2;11;22;-6.526422446335927;2;16;24;1;3;9;4;11;5;3;5;3;5;2;14;20;-8.492795407381434;1;3;4;3;5;5;2;6;2;23;2.35810701481292;10;2;1;8;20;5.6676074054505925;3;7;-7.9105496725492825;0;6;2;6;6;4;3;5;25;3;6;5;4;3;10;2;0;3;2;5;1;6;11;5;14;6;5;5;14;6;21;4.375799480674267;4;3;0;6;2;4;8;24;4;2;4;23;6.174309064150275;5;13
TRACK:374;341;340;2;1;2;4;1;0;6;2;1;6;8;1;23;1.872668176322808;16;5;5;7;-9.920923286858747;2;1;6;3;16;1;5;20;1.5178105458526963;0;12;25;5;6;6;25;2;3;4;2;0;10;9;2;11;23;3.038730990448417;3;4;6;4;21;-10.0;0;0;0;0;3;1;2;25;13;2;23;3.1735984355861815;24;4;2;2;23;9.496173301844575;15;5;18;4;5;0;2;8;12;6;10;5;0;5;5;3;22;8.81851949335359;4;4;2;8;18;2;0;3;3;2;0;8;25;0;16;11;3;2;1;3;10;5;16;4;1;12;13;3;0;3;3;4;17;1;1;8;24;2;1;21;-8.74470156170951;17;6;9;2;6;6;2;1;6;0;3;19;4;19;0;0;4;16;5;8;4;3;9;1;5;3;1;7;-3.4767976609462083;14;0;5;5;21;9.738755779858506;4;5;22;-0.8758031894961924;0;6;1;5;5;0;4;17;4;19;2;4;5;6;8;0;1;2;11;22;-6.085751015975094;2;16;24;1;3;9;4;11;5;3;5;3;5;2;14;20;-8.518248496803386;1;3;4;3;5;5;2;6;2;23;2.525989588621844;10;2;1;8;20;5.7287863081841985;3;7;-7.747892485696564;0;6;2;6;6;4;3;5;25;3;6;5;4;3;10;2;0;3;2;5;1;6;11;5;14;6;5;17;5;0;6;6;1;12;9;3;4;0;9;22;5.454609114894372;4;3;0;6;2;4;8;24;4;2;4;11;5;13
TRACK:375;341;340;2;1;2;4;1;0;6;2;1;6;8;1;23;1.7180230941928452;16;5;5;7;-9.94333559854057;2;1;18;11;5;6;6;21;0.8015532775026816;2;3;4;2;0;10;9;2;11;25;3;4;6;4;21;-10.0;0;0;0;0;3;1;2;25;13;2;23;3.2396742974613346;24;4;2;2;23;9.958885690326277;15;5;18;4;5;0;2;8;12;6;10;5;0;5;5;3;22;8.939655479375888;4;4;2;8;18;2;0;3;3;2;0;8;25;0;16;11;3;2;1;3;10;5;16;4;1;12;13;3;0;3;3;4;17;1;1;8;24;2;1;21;-9.01610747398948;17;6;9;2;6;6;2;1;6;0;3;19;4;19;0;0;4;16;5;8;4;3;9;1;5;3;1;7;-3.555857156668584;14;0;5;5;21;9.69286131010363;4;6;22;-4.7906741363117185;0;6;1;5;5;0;4;17;4;19;2;4;5;6;8;0;1;2;11;22;-6.135933031772457;2;16;24;1;3;9;4;11;5;3;5;3;5;2;14;20;-8.763782846378794;1;3;4;3;5;5;2;6;2;23;2.2663234701906734;10;2;1;8;20;5.7996546758129925;3;7;-7.694578455700829;0;6;2;6;6;4;3;5;25;3;6;5;4;3;10;2;0;3;2;5;1;6;11;5;14;6;5;5;14;5;0;6;6;1;12;9;3;4;0;17;22;5.660366529622368;4;3;0;6;2;4;8;24;4;2;4;11;5;13
TRACK:376;343;329;2;1;2;4;1;0;6;5;8;2;1;6;3;16;1;0;14;14;0;12;25;5;6;6;21;0.7872086726312644;2;3;4;2;0;10;9;2;11;23;3.1184263936525536;3;4;6;4;25;0;0;0;0;3;1;2;25;13;2;23;3.471193288546314;24;4;2;2;23;10.0;15;5;8;4;5;0;2;8;12;6;10;5;0;5;5;3;22;9.157802678381541;4;4;2;8;18;2;0;3;3;2;0;8;25;0;16;11;3;2;1;3;10;5;16;4;1;12;13;3;0;3;3;4;17;1;1;8;3;15;6;2;23;2.3834027882132967;10;2;6;6;2;1;6;0;3;19;4;19;0;0;4;16;5;8;4;3;9;1;5;3;1;7;-3.310786081986152;14;0;5;5;21;9.732422692722098;4;6;10;0;6;1;5;5;0;4;17;4;19;2;4;5;6;8;0;1;2;11;22;-6.553916612192445;2;16;24;1;3;9;4;11;5;3;5;3;5;2;14;20;-8.805308230295392;1;3;4;3;5;5;2;6;2;23;2.3201254436472416;10;2;1;8;20;5.60348368061032;3;7;-7.682621291427507;0;6;2;6;6;4;3;5;25;3;6;5;4;3;10;2;0;3;4;25;6;21;4.404423986309081;4;3;0;6;2;4;8;2;7;3.0014954488036203;11;4;2;4;23;6.01760297991456;5;13
TRACK:377;343;329;2;1;2;4;1;0;6;5;8;2;1;6;3;16;1;0;14;14;0;12;25;5;6;6;21;0.6054740579772293;2;3;4;2;0;10;9;2;11;23;3.144728861694467;3;4;6;4;25;0;0;0;0;3;1;2;25;13;2;23;3.1933624312976123;24;4;2;2;23;9.7589338973403;15;5;18;4;5;0;2;8;12;6;10;5;0;5;5;3;22;8.795146751863623;4;4;2;8;18;2;0;3;3;2;0;8;25;0;16;11;3;2;1;3;10;5;16;4;1;12;13;3;0;3;3;4;17;1;1;8;3;15;2;1;21;-9.027993025398413;17;6;9;2;6;6;2;1;6;0;3;19;4;19;0;0;4;16;5;8;4;3;9;1;5;3;1;7;-3.4565629319632674;14;0;5;5;21;9.504776410231173;4;6;10;0;6;1;5;5;0;4;17;4;19;2;4;5;6;8;0;1;2;11;22;-5.123087308101912;2;16;24;1;3;9;4;11;5;3;5;3;5;2;14;20;-8.401549619066298;1;3;4;3;5;5;2;6;2;23;2.2318759611376917;13;2;1;8;20;5.525047084186162;3;7;-7.994054462678329;0;6;2;6;6;4;3;5;25;3;6;5;4;3;10;2;0;3;2;5;1;6;11;5;14;6;5;5;14;6;21;4.4375948658225095;4;3;0;6;2;4;8;24;4;2;4;23;6.108688595178874;5;13
TRACK:378;341;342;2;1;2;4;1;0;6;2;1;6;8;1;23;1.872668176322808;16;5;5;7;-9.920923286858747;2;1;6;3;16;1;5;20;1.5178105458526963;0;12;25;5;6;6;21;0.7293710697594935;2;3;4;2;0;10;9;2;11;23;3.038730990448417;3;4;6;4;21;-10.0;0;3;3;4;17;1;1;8;3;15;2;1;21;-8.909631289855138;17;6;9;2;6;6;2;1;6;0;3;19;4;19;0;0;4;16;5;8;4;3;9;1;5;3;1;7;-3.4767976609462083;14;0;5;5;21;9.738755779858506;4;5;22;-0.8758031894961924;0;6;1;5;5;0;4;17;4;19;2;4;5;6;8;0;1;2;11;22;-6.085751015975094;2;16;24;1;3;9;4;11;5;3;5;3;5;2;14;20;-8.518248496803386;1;3;4;3;5;5;2;6;2;23;2.525989588621844;10;2;1;8;20;5.7287863081841985;3;7;-7.747892485696564;0;6;2;6;6;4;3;5;25;3;6;5;4;3;10;2;0;3;2;5;1;6;11;5;14;6;5;17;5;0;6;6;1;12;9;3;4;0;9;22;5.454609114894372;4;3;0;6;2;4;8;24;4;2;4;11;5;13
TRACK:379;341;342;2;1;2;4;1;0;6;5;8;2;1;6;3;16;1;0;14;14;0;12;25;5;6;6;21;0.7186635497756907;2;3;4;2;0;10;9;2;11;23;3.1395566022532937;3;4;6;4;21;-9.949957066398527;0;0;0;0;3;1;2;25;13;2;23;3.193459788191789;24;4;2;2;23;9.711071041831033;15;5;18;4;5;0;2;8;12;6;10;5;0;5;5;3;22;8.905600169172718;4;4;2;8;18;2;0;3;3;2;0;8;25;0;16;11;3;2;1;3;10;5;16;4;1;12;13;3;0;3;3;4;17;1;1;8;3;15;2;1;21;-8.909631289855138;17;6;9;2;6;6;2;1;6;0;3;19;4;19;0;0;4;16;5;8;4;5;13;1;5;3;1;7;-3.3062934963344115;14;0;5;5;21;9.428011842343238;4;6;22;-4.975442280576573;0;6;1;5;5;0;4;17;4;19;2;4;5;6;8;0;1;2;11;22;-6.296713587098819;2;16;24;1;3;9;4;11;5;3;5;3;5;2;14;20;-8.488167647976823;1;3;4;3;5;5;1;5;13;4;11;0;6;2;6;6;4;3;5;25;3;6;5;4;3;10;2;0;3;2;5;1;6;11;5;14;6;5;5;14;4;4;2;8;18;4;3;0;6;2;4;8;24;4;2;4;23;5.992889044825004;5;13
TRACK:380;370;-1;2;1;2;4;1;0;6;2;1;6;8;1;23;1.823484530035154;16;5;5;7;-9.95253368848565;2;1;6;3;16;1;0;14;14;0;12;25;5;6;6;21;0.7168580079643053;2;3;4;25;3;4;6;4;21;-9.859670065819198;0;0;0;0;3;1;2;25;13;2;23;3.1054357062099442;24;4;2;6;16;5;18;4;5;0;2;8;12;6;10;5;0;5;5;3;22;8.744035672344596;4;4;2;8;18;2;0;3;3;2;0;8;25;0;16;11;3;2;1;3;10;5;16;4;1;12;13;3;0;3;3;4;17;1;1;8;24;2;1;21;-9.053156927218174;17;6;9;2;6;6;2;1;6;0;3;19;4;19;0;0;4;16;5;8;4;3;9;1;5;3;1;7;-3.210441686359154;14;0;5;5;21;9.522605788972902;4;6;22;-4.930216786608843;0;6;1;5;5;0;4;17;4;19;2;4;5;6;8;0;1;2;11;22;-6.128704344794272;2;16;24;1;3;9;4;11;5;3;5;3;5;2;14;20;-8.580779680427085;1;3;4;3;5;5;2;6;2;23;2.434823532219972;10;2;1;8;20;5.61671459893564;3;7;-7.7522411862645955;0;6;2;6;6;4;3;5;25;3;6;5;4;3;10;2;0;3;2;5;1;6;11;5;14;6;5;5;14;5;0;6;6;1;12;9;3;4;0;9;22;5.448563939856551;4;3;0;6;2;4;8;24;4;2;4;11;5;13
TRACK:381;372;-1;2;1;2;4;1;0;6;2;1;6;8;1;23;1.6715068450009989;16;5;5;7;-9.897968157725746;2;1;6;3;16;1;5;20;1.7722254553516212;0;12;25;5;6;6;21;0.6339900309643918;2;4;17;3;4;6;4;21;-10.0;0;0;0;0;3;1;2;25;13;2;23;2.911400061585247;24;4;2;2;23;9.832969058285356;15;5;18;4;5;0;2;8;12;6;10;5;0;5;5;3;22;8.853756686008493;4;4;2;8;18;2;0;3;3;2;0;8;25;0;16;11;3;2;1;3;10;5;16;4;1;12;13;3;0;3;3;4;17;1;1;8;24;2;1;21;-8.741569742533375;17;6;9;2;6;6;2;1;6;0;3;19;4;19;0;0;4;16;5;8;4;3;9;1;5;3;1;7;-3.517666837512567;14;0;5;5;21;9.669021677910319;4;6;22;-5.087788718367227;0;6;1;5;5;0;4;17;4;19;6;4;0;3;9;1;12;12;5;3;5;3;5;2;14;20;-8.671729672469919;1;3;4;3;5;5;2;6;2;23;2.5383224225632044;10;2;1;8;20;5.979278991678156;3;7;-7.7832887155779265;0;6;2;6;6;4;3;5;25;3;6;5;4;3;10;2;0;3;2;5;1;6;11;5;14;6;5;5;14;5;0;6;6;1;12;9;3;4;0;9;22;5.452482811110647;4;3;0;6;2;4;8;24;4;2;4;11;5;13
TRACK:382;374;-1;2;1;2;4;1;0;6;2;1;6;8;1;23;1.9747162675630385;16;5;5;7;-9.878909142327599;2;1;6;3;16;1;5;20;1.4716351689741065;0;12;25;5;6;6;25;2;3;4;2;0;10;9;2;11;23;3.169140125899482;3;4;6;4;21;-9.965853516084366;0;0;0;0;3;1;2;25;13;2;23;3.319776424886314;24;4;2;2;23;9.590950799981297;15;5;18;4;5;0;2;8;12;6;10;5;0;5;5;3;22;8.793131663248108;4;4;2;8;18;2;0;3;3;2;0;8;25;0;16;11;3;2;1;3;10;5;16;4;1;12;13;3;0;3;3;4;17;1;1;5;18;24;2;1;21;-8.772070617221594;17;6;9;2;6;6;2;1;6;0;3;19;4;19;0;0;4;16;5;8;4;3;9;1;5;3;1;7;-3.613883448175337;14;0;5;5;21;9.81717414254202;4;5;22;-0.8403469152143183;0;6;1;5;5;0;4;17;4;19;2;4;5;6;8;0;1;2;11;22;-6.119013053892597;2;16;24;1;3;9;4;11;5;3;5;3;5;2;14;20;-8.412883816996422;1;3;4;3;5;5;2;6;2;23;2.603962661618868;10;2;1;8;20;5.626106186249334;3;7;-7.632187737415602;0;6;2;6;6;4;3;5;25;3;6;5;4;3;10;2;0;3;2;5;1;6;11;5;14;6;5;17;5;0;6;6;1;12;9;3;4;0;9;22;5.505113105019391;4;3;0;6;2;4;8;24;4;2;4;11;5;13
TRACK:383;343;-1;2;1;2;4;1;0;6;5;8;2;1;6;3;16;1;0;14;14;0;12;25;5;6;6;21;0.8916954473501487;2;3;4;2;0;10;9;2;11;23;3.136457759725491;3;4;6;4;25;0;0;0;0;3;1;2;25;13;2;23;3.524175479867801;24;4;2;2;23;9.961751989560435;15;5;8;4;5;0;2;8;12;6;10;5;0;5;5;3;22;9.147038633867696;4;4;2;8;18;2;0;3;3;2;0;8;25;0;16;11;3;2;1;3;10;5;16;4;1;12;13;3;0;3;3;4;17;1;1;8;3;15;6;2;23;2.515172764003835;10;2;6;6;2;1;6;0;3;19;4;19;0;0;4;16;5;8;4;3;9;1;5;3;1;7;-3.42723117195817;14;0;5;5;21;9.767817525475072;4;6;10;0;6;1;5;5;0;4;17;4;19;2;4;5;6;8;0;1;2;11;22;-6.427822187487219;2;16;24;1;3;9;4;11;5;3;5;3;5;2;14;20;-8.812550279013665;1;3;4;3;5;5;2;6;2;23;2.3755053053034563;10;2;2;8;9;3;7;-7.490400447274336;0;6;2;6;6;4;3;5;25;3;6;5;4;3;10;2;0;3;2;5;1;6;11;5;14;6;5;5;14;6;21;4.40402593601372;4;3;0;6;2;4;8;2;7;3.0444782469735503;11;4;2;4;23;5.99391747276148;5;13
TRACK:384;378;-1;2;1;2;4;1;0;6;2;1;6;8;1;23;1.7897470438209735;16;5;5;7;-9.894078927861964;2;1;6;3;16;1;5;20;1.5572732795097024;0;12;25;5;6;6;21;0.692181431169463;2;3;4;2;0;10;9;2;11;23;3.153836912190751;3;4;6;4;21;-9.999899044028568;0;3;3;4;17;1;1;8;3;15;2;1;21;-8.788600692472286;17;6;9;2;6;6;2;1;6;0;3;19;4;19;0;0;4;16;5;8;4;3;9;1;5;3;1;7;-3.550500022034181;14;0;5;5;21;9.68865917277549;4;5;22;-0.9864117259778271;0;6;1;5;5;0;4;17;4;19;2;4;5;6;8;0;1;2;11;13;2;16;24;1;3;9;4;11;5;3;5;3;5;2;14;20;-8.621261701602613;1;3;4;3;5;5;2;6;2;23;2.666118053951814;10;2;1;8;20;5.633930492099295;3;7;-7.845704471557705;0;6;2;6;6;4;3;5;25;3;6;5;4;3;10;2;0;3;2;5;1;6;11;5;14;6;5;17;5;0;6;6;1;12;9;3;4;0;9;22;5.572692031429726;4;3;0;6;2;4;8;24;4;2;4;11;5;13
TRACK:385;371;-1;2;1;2;4;1;0;6;5;8;2;1;6;3;16;1;0;14;14;0;12;25;5;6;6;21;1.0487955895958734;2;3;4;2;0;10;9;2;11;23;3.1571628514293453;3;4;6;4;25;0;0;0;0;3;1;2;25;13;2;23;3.412201763924753;24;4;2;2;23;9.83938841560283;15;5;8;4;5;0;2;8;12;6;10;5;0;5;5;3;22;9.072600400419073;4;4;2;8;18;2;0;3;3;2;0;8;25;0;16;11;3;2;1;3;10;5;16;4;1;12;13;3;0;3;3;4;17;1;1;8;3;15;6;2;23;2.300299995361092;10;2;6;6;2;1;6;0;3;19;4;19;0;0;4;16;5;8;4;3;9;1;5;3;1;7;-3.283144061516657;14;0;5;5;21;9.681665278310103;4;6;10;0;2;6;2;3;3;18;4;6;16;6;1;2;4;13;3;8;5;6;12;5;3;5;3;5;2;14;20;-8.755067569931363;1;3;4;3;5;5;2;6;2;23;2.156128838030484;10;2;1;8;20;5.4979518784838675;3;7;-7.748727575203849;0;6;2;6;6;4;3;5;25;3;6;5;4;3;10;2;0;3;2;5;1;6;11;5;14;6;5;5;14;6;21;4.429900431194104;4;3;0;6;2;4;8;2;7;3.1237042783310836;11;4;2;4;23;5.8804264972468445;5;13
TRACK:386;373;-1;2;1;2;4;1;0;6;5;8;2;1;6;3;16;1;0;14;14;0;12;25;5;6;6;21;0.6534415383683476;2;3;4;2;0;10;9;2;11;23;3.1447924817781883;3;4;6;4;25;0;0;0;0;3;1;2;25;13;2;23;3.3693021140962642;24;4;2;2;23;9.88523484243689;15;5;18;4;5;0;2;8;12;6;10;5;0;5;5;3;22;9.094579257874678;4;4;2;8;18;2;0;3;3;2;0;8;25;0;16;11;3;2;1;3;10;5;16;4;1;12;13;3;0;3;3;4;17;1;1;8;3;15;2;1;21;-8.941742686635635;17;6;9;2;6;6;2;1;6;0;3;19;4;19;0;0;4;16;5;8;4;3;9;1;5;3;1;7;-3.5589076712217373;14;0;5;5;21;9.573835240746899;4;6;10;0;6;1;5;5;0;4;17;4;19;2;4;5;6;8;0;1;2;11;25;2;16;24;1;3;9;4;11;5;3;5;3;5;2;14;20;-8.30381137704064;1;3;4;3;5;5;2;6;2;23;2.3062872030032717;10;2;1;8;20;5.935364981557259;3;7;-7.7757280918065375;0;6;2;6;6;4;3;5;25;3;6;5;4;3;10;2;0;3;2;5;1;6;11;5;14;6;5;5;14;6;21;4.292039921638286;4;3;0;6;2;4;8;24;4;2;4;23;5.996258045393421;5;13
TRACK:387;375;-1;2;1;2;4;1;0;6;2;1;6;8;1;23;1.8840288781900172;16;5;5;7;-9.91751193593437;2;1;18;11;5;6;6;21;0.8687374144307383;2;3;4;2;0;10;9;2;11;25;3;4;6;4;21;-10.0;0;0;0;0;3;1;2;25;13;2;23;3.1654134915279593;24;4;2;2;23;10.0;15;5;18;4;5;0;2;8;12;6;10;5;0;5;5;3;22;8.989359646696766;4;4;2;8;18;2;0;3;3;2;0;8;25;0;16;11;3;2;1;3;10;5;16;4;1;12;13;3;0;3;3;4;17;1;1;8;24;2;1;21;-8.948485788469574;17;6;9;2;6;6;2;1;6;0;3;19;4;19;0;0;4;16;5;8;4;3;9;1;5;3;1;7;-3.56742146869637;14;0;5;5;21;9.695342424598232;4;6;22;-4.941349604800342;0;6;1;5;5;0;4;17;4;19;2;4;5;6;8;0;1;2;11;22;-6.192169425280225;2;16;24;1;3;9;4;11;5;3;5;3;5;2;14;20;-8.774095646694079;1;3;4;3;5;5;2;6;2;23;2.1827805033238565;10;2;1;8;20;5.795591926086795;3;7;-7.574093953251839;0;6;2;6;6;4;3;5;25;3;6;5;4;3;10;2;0;3;2;5;1;6;11;5;14;6;5;5;14;5;0;6;6;1;12;9;3;4;0;17;22;5.594074331674357;4;3;0;6;2;4;8;24;4;2;4;11;5;13
TRACK:388;329;-1;2;1;2;4;1;0;6;5;8;2;1;6;3;16;1;0;14;14;0;12;25;5;6;6;21;0.5791414534617407;2;3;4;2;0;10;9;2;11;23;3.175284162859179;3;4;6;4;25;0;0;0;0;3;1;2;25;13;2;23;3.291209533083652;24;4;2;2;23;9.651118730602738;15;5;18;4;5;0;2;8;12;6;10;5;0;5;5;3;22;8.803888422707095;4;4;2;8;18;2;0;3;3;2;0;8;25;0;16;11;3;2;1;3;10;5;16;4;1;12;13;3;0;3;3;4;17;1;1;8;3;15;2;1;21;-8.971198126926259;17;6;9;2;6;6;2;1;6;0;3;19;4;19;0;0;4;16;5;8;4;3;9;1;5;3;1;7;-3.4377414116042093;14;0;5;5;21;9.468547061604953;4;6;10;0;6;1;5;5;0;4;17;4;19;2;4;5;6;8;0;1;2;11;22;-5.229420312209992;2;16;24;1;3;24;4;11;5;3;5;3;5;2;14;20;-8.528914913165698;1;3;4;3;5;5;2;6;2;23;2.366706025874475;10;2;1;8;20;5.547150169727622;3;7;-8.19948065886097;0;6;2;6;6;4;3;5;25;3;6;5;4;3;10;2;0;3;2;5;1;6;11;5;14;6;5;5;14;6;21;4.466665705077709;4;3;0;6;2;4;8;24;4;2;4;23;6.245215600945987;5;13
TRACK:389;379;-1;2;1;2;4;1;0;6;5;8;2;1;6;3;16;1;0;14;14;0;12;25;5;6;6;21;0.6782353614748107;2;3;4;2;0;10;9;2;11;23;3.240172533613316;3;4;6;4;21;-10.0;0;0;0;0;3;1;2;25;13;2;23;3.420605868251685;24;4;2;2;23;9.673222824370988;15;5;18;4;5;0;2;8;12;6;10;5;0;5;5;3;22;8.90864392382182;4;4;2;8;18;2;0;3;3;4;18;3;2;1;3;10;5;16;4;1;12;13;3;0;3;3;4;17;1;1;8;3;15;2;1;21;-8.836310604485048;17;6;9;2;6;6;2;1;6;0;3;19;4;19;0;0;4;16;5;8;4;5;13;1;5;3;1;7;-3.2257416977993976;14;0;5;5;21;9.43271200421662;4;6;22;-4.961845409113011;0;6;1;5;5;0;4;17;4;19;2;4;5;6;8;0;1;2;11;22;-6.103131474291609;2;16;24;1;3;9;4;11;5;3;5;3;5;2;14;20;-8.189548745378536;1;3;4;3;5;5;1;5;13;4;11;0;6;2;6;6;4;3;5;25;3;6;5;4;3;10;2;0;3;2;5;1;6;11;5;14;6;5;5;14;4;4;2;8;18;4;3;0;6;2;4;8;24;4;2;4;23;6.021528926875561;5;13
EVAL_INSTANCE:19:0:380
EVAL_INSTANCE:19:1:381
EVAL_INSTANCE:19:2:382
EVAL_INSTANCE:19:3:383
EVAL_INSTANCE:19:4:384
EVAL_INSTANCE:19:5:385
EVAL_INSTANCE:19:6:386
EVAL_INSTANCE:19:7:387
EVAL_INSTANCE:19:8:388
EVAL_INSTANCE:19:9:389
RUN_RESULT:19:0:0:2000:----
RUN_RESULT:19:1:0:2000:----
RUN_RESULT:19:2:0:186:DLLUDLLUURRLURDRURLDDRURRDDDDDR
RUN_RESULT:19:3:0:189:DLLUDLLUURRLURDRURLDDRUDDDLDDRRRR
RUN_RESULT:19:4:0:2000:----
RUN_RESULT:19:5:0:2000:----
RUN_RESULT:19:6:0:2000:----
RUN_RESULT:19:7:0:2000:----
RUN_RESULT:19:8:0:189:DLLUDLLUURRLURDRURLDDRUDDDLDDRRRR
RUN_RESULT:19:9:0:185:DLLUDLLUURRLURDRURLDDRUDDDLDDRRRR
    20 |      200 | -3.813900E+03 | -3.819000E+03
TRAINING ON LEVEL:3
of 184 levels
---LEVEL STRING---
__________
_F13....G_
_..R15a.1_
_.......0_
_a.A.b.a._
_....a..._
_B....ggg_
_1.a.ag.a_
_2....g.f_
__________
---LEVEL STRING---
training done.
The time of execution is: 614.1075654029846 s

TRAINING DONE


-----!!!NEW PROBLEM!!!-----


START TESTING

LEVEL:0:______\n_K.2._\n_kSF._\n_bB1._\n_..fR_\n_1..._\n_3.r._\n_251O_\n_s.31_\n_o..2_\n______
LEVEL:1:________\n_......_\n_......_\n_.Sb.s._\n_.1..s._\n_.4b..1_\n_B12..3_\n_......_\n________
LEVEL:2:____________\n_.........._\n_.r....f..._\n_.....bssss_\n_.R.......F_\n_B1..f..b.1_\n_AO........_\n_.rssssssss_\n_.........F_\n_ss...R...1_\n_....B12W.3_\n_oS14...1.._\n____________
LEVEL:3:__________\n_F13....G_\n_..R15a.1_\n_.......0_\n_a.A.b.a._\n_....a..._\n_B....ggg_\n_1.a.ag.a_\n_2....g.f_\n__________
LEVEL:4:__________\n_.....B12_\n_.W......_\n_.1wwwww._\n_.6wf..w._\n_..w..kw._\n_F.wwwww._\n_1......._\n_3...bK17_\n__________
LEVEL:5:_________\n_....B18_\n_......._\n_...R..._\n_...1..._\n_...3..._\n_......._\n_....B12_\n_......._\n_.b..R.._\n_....1.._\n_r...9.._\n_......._\n_________
LEVEL:6:____________\n_G13wwwwK14_\n_w.o.okofow_\n_wo.o.o.o.w_\n_wko.o.o.ow_\n_wggggggggw_\n_w.o.o.o.ow_\n_wo.o.o.okw_\n_w.o.o.o.ow_\n_wo.obo.o.w_\n_K17wwwwB12_\n____________
LEVEL:7:____________\n_F13wwwwK14_\n_w.o.okofow_\n_wo.oko.o.w_\n_wko.o.o.ow_\n_wo.o.o.okw_\n_wko.o.o.ow_\n_wo.o.o.okw_\n_wko.o.o.ow_\n_wo.obo.o.w_\n_K17wwwwB12_\n____________
LEVEL:8:__________\n_B12....F_\n_1......1_\n_9lllL.f3_\n_..rl1..._\n_...l8..._\n_...lllll_\n_.br....._\n_....R15._\n__________
LEVEL:9:___________\n_rg9SkofVr_\n_GF.6WOV0A_\n_Fw0.3o6AB_\n_A5W..5A2l_\n_.WO5KlF.1_\n_441934sR2_\n_vF38vVb.k_\n_W4bAS.K1K_\n_kO9.W..21_\n_0Ba4o3.L2_\n_w9G.SG99v_\n_g9Br5Kkbk_\n_.l7RRG6r3_\n_LFffV..Gv_\n_ga8.ro1wr_\n_VWV7R..3._\n___________
LEVEL:10:__________\n_........_\n_....V12._\n_........_\n_...v...._\n_F.v.v..._\n_1..v...._\n_3......._\n_....f..._\n__________
LEVEL:11:__________\n_b....Vwv_\n_.....1ww_\n_.....3.._\n_........_\n_........_\n_.....BW._\n_.....11._\n_.....26._\n__________
LEVEL:12:__________\n_...K..3._\n_.f.k...._\n_kkkk...._\n_...kgkkk_\n_........_\n_G10...b._\n_.....B12_\n_K14..F13_\n__________
LEVEL:13:__________\n_..Bwwlll_\n_b.1wwlll_\n_..2wwlll_\n_...wwlll_\n_...wwlll_\n_W16....._\n_....F13._\n_s...wwwf_\n__________
LEVEL:14:__________\n_G10gl.f._\n_.aagl.l._\n_.R.gg.ll_\n_.b..gggl_\n_...a...a_\n_..r....5_\n_B12.1..._\n_F13a.L16_\n__________
LEVEL:15:__________\n_bW12..Fr_\n_........_\n_w.w.w..S_\n_.s...s.1_\n_..w.www4_\n_B.3s1..._\n_1.w.w..._\n_2.....Rf_\n__________
LEVEL:16:__________\n_bW12..Fr_\n_........_\n_w.w.w..S_\n_.s...s.1_\n_..w.www4_\n_B.3s1..S_\n_1.w.w..._\n_2.....Rf_\n__________
LEVEL:17:__________\n_.f......_\n_.......3_\n_kkkkgkkk_\n_...g.g.._\n_K14k.k.._\n_...k.kkk_\n_B12k..b._\n_F13....._\n__________
LEVEL:18:____________________\n_B.S14.O16.R15.B12._\n_1.F13.G16.V17....._\n_.Sv..............._\n_Rggggggggggggggggg_\n_1ggggggggggggggggg_\n_.F......gggggggggg_\n_ooo.......gggggggg_\n_wwwoo.......gggggg_\n_wwwwwoo.......gggg_\n_wwwwwwwoo..r......_\n_wwwwwwwwwoo.b....._\n_wwwwwwwwwwwooaaaaa_\n____________________
LEVEL:19:_________________\n_F13w.f.w.a...rw_\n_.a.wa...b.a.a.w_\n_wwrwwwww..wwwww_\n_...a...a....a.._\n_wwwwww.wwwwwwww_\n_.a.........ar.._\n_www.wwwwwwwwwww_\n_.a...a......ba._\n_..b......a....._\n_wwwwwwwwww.war._\n_k...a.....awwww_\n_wwwwwwwwwwwwB14_\n_R16wW16wK12wB17_\n_________________
LEVEL:20:__________\n_...s.V12_\n_v..s...._\n_..sssfss_\n_..s..s.._\n_F..s..s._\n_1.....s._\n_3..S14.._\n_........_\n__________
LEVEL:21:____________________\n_.Laallgg.......BG._\n_.1aallgg.......11._\n_.8aallgg.......90._\n_..aallgg.........._\n_..9allgg.......v.._\n_..aallgg.......V.._\n_b.2allgg.......1.._\n_llllllgg.......3.._\n_llllllgg.........._\n_gggggggg.........._\n_gggggggg.......B12_\n____________________
LEVEL:22:__________\n_........_\n_...b...._\n_........_\n_F......._\n_1.B.f..._\n_3.1....._\n_..2....._\n_........_\n__________
LEVEL:23:__________\n_........_\n_B...b..._\n_1......._\n_2......._\n_........_\n_..3...f._\n_F1....f._\n_........_\n__________
LEVEL:24:__________\n_S13....._\n_.......f_\n_...r...3_\n_........_\n_........_\n_F14..R12_\n_........_\n_......s._\n__________
LEVEL:25:_________________\n_....gg.....l..._\n_....gg.....l..._\n_....gg.....l..._\n_.b..gg.....l..._\n_....gg.....l..._\n_....gg.....l..._\n_....gg.....l..._\n_....gg.B12.l..f_\n_....gg.....l..._\n_K...gg.....l..._\n_B12.gg..k..l..._\n_....gg.....l..._\n_....gg.....l..._\n_....gg.G10.l..._\n_....gg.....l..._\n_....gg.....lF13_\n_....gg.....l..._\n_....gg.....lL14_\n_________________
LEVEL:26:__________\n_.ssss.s._\n_..ss.fv._\n_...as.v._\n_.F12.A.._\n_.....1.._\n_.....3.._\n_.ggg...._\n_.s......_\n__________
LEVEL:27:__________\n_glF13S12_\n_gksgggVV_\n_ggrrrrV2_\n_vggkgkVr_\n_vvgvvvVr_\n_vvvvvlVl_\n_vvvvvlVl_\n_vvvvl.fl_\n__________
LEVEL:28:__________\n_B12..VGF_\n_S.....1._\n_1.b.s35f_\n_4...sss._\n_........_\n_gggggggg_\n_...vv..._\n_........_\n__________
LEVEL:29:__________\n_V.2a..12_\n_B12avF.._\n_bv.a...._\n_aaaaaaaa_\n_...a...._\n_..2a.A.._\n_A16a1..._\n_.1.a2f3._\n__________
LEVEL:30:__________\n_K17....._\n_......O._\n_k.vwww.._\n_...wow.k_\n_...www.._\n_KV..W16._\n_11.O1.3._\n_42..k..._\n__________
LEVEL:31:___________________\n_B12w...ag...wG10._\n_wwww...gg...wW16._\n_..13...ga...wwwww_\n_.V15..agga......._\n_.R...araga.a....._\n_.....a.ggaaa....._\n_ggggggggaaaav...._\n_.v....agga......._\n_....b..aga......._\n_......agga......._\n___________________
LEVEL:32:__________\n_b.....f._\n_.....V12_\n_........_\n_F13....._\n_........_\n_........_\n_....v..._\n_........_\n__________
LEVEL:33:__________\n_........_\n_...bV12._\n_........_\n_........_\n_.B13...._\n_........_\n_........_\n_...vv..._\n__________
LEVEL:34:__________\n_...V13.._\n_v......._\n_........_\n_......b._\n_....B12._\n_........_\n_..V15..._\n_........_\n__________
LEVEL:35:__________\n_..F1.3.._\n_llllllll_\n_..L14..._\n_........_\n_........_\n_........_\n_........_\n_bB12...f_\n__________
LEVEL:36:__________\n_B12.F13._\n_........_\n_...sss.._\n_.b.sfs.._\n_...s...._\n_...s...._\n_........_\n_........_\n__________
LEVEL:37:__________\n_s..S..a._\n_k.o....l_\n_.g....b._\n_L.g..b.w_\n_g.s..fs._\n_....B..l_\n_b...1r.._\n_G13.2b.._\n__________
LEVEL:38:__________\n_.Rrbll.f_\n_L18.lll._\n_.5..ll.r_\n_..r.ll.1_\n_..r.ll.l_\n_.F..ll.B_\n_B19.ll.1_\n_r3r....2_\n__________
LEVEL:39:__________\n_A.2...bg_\n_1.G.3.a._\n_wwg1W16._\n_..12B12b_\n_........_\n_........_\n_........_\n_........_\n__________
LEVEL:40:__________\n_b..lsllf_\n_...lslll_\n_.S.lslll_\n_L18lslll_\n_.6.ls..._\n_F......._\n_1......._\n_3.B12..._\n__________
LEVEL:41:____________________\n_llllllff........L._\n_lgggglff........1._\n_lbggglff........5._\n_lg..glff.........._\n_lG15glff.........._\n_llllllff.........._\n_ffffwww..........._\n_ffff.............._\n_.................._\n_.........F.3......_\n_..B12.....1......._\n_.................._\n_.........k........_\n_....K12..........._\n_.................._\n_.................._\n_................7._\n_.................._\n____________________
LEVEL:42:__________\n_f.k.k.kk_\n_.B12F13._\n_k......k_\n_...b...._\n_k......k_\n_........_\n_k......k_\n_.K14K17._\n__________
LEVEL:43:__________\n_ffffffff_\n_W16....._\n_Bk......_\n_1.k...k._\n_2...k..._\n_w..wwwww_\n_...k...._\n_Kk.....k_\n_1k...k.._\n_7......._\n_w..wwwww_\n_........_\n_F13...k._\n_K..k...._\n_1......._\n_4...kk.b_\n__________
LEVEL:44:__________\n_FWwwwwww_\n_11wb.fww_\n_36wwwwww_\n_G10wgkww_\n_wwwwwwww_\n_wBKwwwww_\n_w11wwwww_\n_b2.kwwww_\n__________
LEVEL:45:___________\n_.F.w..V.._\n_o1.w.o1.._\n_.4.w.o2.o_\n_wwww.o..._\n_.ov...oWw_\n_.ov.o..1w_\n_..o.O186w_\n_foo..wF13_\n___________
LEVEL:46:____________________\n_W........wwwwwwwww_\n_1wwwwwwwww......Kw_\n_6wK17ooowwR1.O.81w_\n_Kwkooo3oww..3.1.9w_\n_1wkoooooww.......w_\n_4wo1kbkowwaaaaw.ww_\n_Awooooooww.....ww._\n_1woooooowwb..w..w._\n_9wwwwwwwwww.sw.ww._\n_Awwwwwwwwwwwlwwww._\n_1wb.....ww......w._\n_4wwwww.www.b.R..w._\n_Sw......ww.r.1..w._\n_1ww.wwwwww...5L.w._\n_4wrrrrrrww....1.w._\n_Bwrrfrrrww....8.w._\n_1wwwwwwwwwwwwwwww._\n_9R19F13L18R14B12.._\n____________________
LEVEL:47:______\n_fr.b_\n_F13w_\n_gggg_\n_wwww_\n_F17w_\n_R15w_\n_G10W_\n_B121_\n_W16W_\n______
LEVEL:48:__________\n_WSLlllll_\n_111llllk_\n_556llK12_\n_lllllB17_\n_lllllK1._\n_lllkklll_\n_lllwwlll_\n_FllssllF_\n_1......1_\n_3......3_\n_f......f_\n_........_\n_........_\n_oooggooo_\n_..o..o.._\n_GBo..oOS_\n_11ob.o11_\n_89o..o58_\n__________
LEVEL:49:____________________\n_Wwvvvvvvvfvvvvvvvv_\n_1wvvvvvvv.vvvvvvvv_\n_6wvvvvvvv.vvvvvvvv_\n_Fwvvvvvvv.vvvvvvvv_\n_1wvvvvvvv.vvvvvvvv_\n_3wvvvvvvvvvvvvvvvv_\n_Vwvvvvvvvvvvvvvvvv_\n_1wvvvvvvvvvvvvvvvv_\n_4wvvvvvvvvvvvvvvvv_\n_wwvvvvvvvvvvvvvvvv_\n_..............s..._\n_......r.r.....sS.._\n_...b..rrr.....s1.._\n_..B12..R......s4.._\n_.......1......s..._\n_.......5..O1O.s..._\n_..............w..._\n_..............w..._\n____________________
LEVEL:50:_______\n_bB12._\n_...F._\n_.fR15_\n_...3._\n_.r..._\n_______
LEVEL:51:________\n_rrrrrr_\n_rrrrrr_\n_rrbrrr_\n_rr.rRr_\n_r..B12_\n_r.3.6._\n________
LEVEL:52:____________\n_v......V12_\n_...f.....F_\n_.R.....b.1_\n_B12......3_\n_...S.S14.._\n____________
LEVEL:53:__________\n_bB1...2._\n_..fR1SF._\n_1...31s._\n_3.r..2.1_\n__________
LEVEL:54:_________\n_......._\n_....b.._\n_....s.._\n_......F_\n_.B12..1_\n_......3_\n_...S121_\n_________
LEVEL:55:____________\n_.........._\n_.b..S....._\n_.....712.._\n_.....O...._\n_.B........_\n_...b.....F_\n_.........1_\n_GokK12...3_\n_V......B1._\n_r........R_\n____________
LEVEL:56:________\n_......_\n_.b...._\n_......_\n_......_\n_.S...._\n_.1...._\n_.BB123_\n_.s...3_\n________
LEVEL:57:____________\n_B1.B.....B_\n_R1.......1_\n_..5....S12_\n_.........._\n_.r.....b.._\n_...L......_\n_......1..F_\n_..f......1_\n_......s..4_\n_F13......._\n____________
LEVEL:58:_______\n_F.B12_\n_1b..._\n_3...f_\n_..k.._\n_K17.._\n_______
LEVEL:59:____________\n_B12w.....S_\n_K12w.....1_\n_F16w....7._\n_wwww......_\n_G1........_\n_1.....s..._\n_.0.3.sbs.._\n_g.....s..g_\n_gg......gg_\n_ggg....ggg_\n____________
LEVEL:60:____________\n_B12......S_\n_Br.......1_\n_R..f.....F_\n_.........1_\n_G1.......3_\n_1.....s.f._\n_.0.3.sbs.F_\n_g.....s..g_\n_gg..13..gg_\n_ggg....ggg_\n____________
LEVEL:61:_________\n_.....B8_\n_......._\n_...R..._\n_..o1..._\n_......._\n_....B.._\n_......._\n_....rs._\n_..1SF.._\n_fB31s.._\n_F112o.._\n_......._\n_________
LEVEL:62:________\n_......_\n_......_\n_......_\n_......_\n_......_\n_......_\n_..B..._\n_..1..._\n_..2F13_\n_..b..._\n_......_\n_......_\n_f.F15._\n_......_\n_......_\n________
LEVEL:63:_____________\n_.....2....._\n_.b...F....._\n_....w.712.._\n_.B....O...._\n_....S.....F_\n_........S.1_\n_.....K12..._\n_.b.W......._\n_........s.._\n_.....B12s3k_\n_..........k_\n_____________
LEVEL:64:_________\n_Fw.f.wB_\n_1w...w1_\n_3wwwww2_\n_......._\n_..W16.._\n_......._\n_...b..._\n_________
LEVEL:65:____________\n_B13......F_\n_....f....1_\n_rrrR1Rrrr2_\n_........b._\n____________
LEVEL:66:____________\n_F13wwwwK14_\n_w.o.okofow_\n_wo.o.o.o.w_\n_wko.o.o.ow_\n_wo.o.o.o.w_\n_w.o.o.o.ow_\n_wo.o.o.okw_\n_w.o.o.o.ow_\n_wo.obo.o.w_\n_K17wwwwB12_\n____________
LEVEL:67:____________\n_.........._\n_llllllll.._\n_.....r...._\n_.........._\n_..b..r...._\n_.........._\n_gggggggg.._\n_W13..G17.._\n_.........._\n_B12......._\n____________
LEVEL:68:___________\n_B12w....._\n_wwww.brk._\n_.R......._\n_........._\n_ggggggggg_\n_.1......._\n_.5......._\n_........._\n_.K......._\n_........._\n_ggggggggg_\n_........._\n_......ooo_\n_wwww..ofo_\n_W16w..ooo_\n_G10w..F13_\n___________
LEVEL:69:__________\n_k....b.._\n_w....o.o_\n_sB123ggg_\n_.fR.oo.o_\n_.....bg._\n_.r..f..._\n_.s.bs..k_\n_..sg.www_\n__________
LEVEL:70:__________\n_...12..._\n_...r.ooo_\n_2...B11O_\n_......31_\n_s2.3...2_\n_........_\n_..R1..F1_\n_.....S14_\n__________
LEVEL:71:_______________\n_.l..gL16g..l._\n_.l..ggggg..l._\n_............._\n_............._\n_..l.......l.._\n_..l.......l.._\n_3....G10....3_\n_..l.......l.._\n_..l.......l.._\n_............._\n_............._\n_.l..ggggg..l._\n_.l..gL12g..l._\n_______________
LEVEL:72:__________\n_.kSFr..._\n_vbR1Sbb._\n_g..31skB_\n_r...2so8_\n_bss...a4_\n_FR...aa._\n_S1o....w_\n_W6R11oof_\n__________
LEVEL:73:__________\n_........_\n_....V12._\n_........_\n_........_\n_F.v.v..._\n_1..v...._\n_3......._\n_....f..._\n__________
LEVEL:74:__________\n_........_\n_....V12._\n_..v.v..._\n_..vvv..._\n_F.v.v..._\n_1..v...._\n_3......._\n_....f..._\n__________
LEVEL:75:__________\n_.....B12_\n_.W.14..._\n_.1wwwww._\n_.6wf..w._\n_..w..kw._\n_F.wwwww._\n_1......._\n_3...bK17_\n__________
LEVEL:76:____________\n_K..w.kwK14_\n_1...okkfow_\n_7...B12o.w_\n_s.k......._\n_.....R...._\n_w.www..W16_\n_w........._\n_..b...r..k_\n_w........._\n_..kwwwF13._\n____________
LEVEL:77:____________\n_K.kw.kwK14_\n_1...okkfo._\n_7.o.A12o.w_\n_s.2..r.o.._\n_.....R...._\n_w.www..W16_\n_w...o..o.._\n_..b...rbak_\n_w...5...o._\n_b.fwwwF13._\n____________
LEVEL:78:__________\n_...12..._\n_...rg1.._\n_........_\n_.s..wk2g_\n_F12.V7f._\n_w.F.v..._\n_3R25K..._\n_..v....._\n__________
LEVEL:79:__________\n_W16..R15_\n_.....R13_\n_..R....._\n_B1B12.ww_\n_......wr_\n_......ww_\n_........_\n_b....R19_\n__________
LEVEL:80:__________\n_W16..R15_\n_.....R13_\n_..R....._\n_B1B12.ww_\n_......wr_\n_......ww_\n_...R...._\n_bB1..R19_\n__________
LEVEL:81:__________\n_B1B....f_\n_1......._\n_2......._\n_........_\n_........_\n_.......F_\n_.......1_\n_b......3_\n__________
LEVEL:82:__________\n_V1V....B_\n_.......1_\n_V1.....2_\n_..F....._\n_........_\n_........_\n_........_\n_bv....7F_\n_.......1_\n_.......3_\n_wwwwwwww_\n_.v....W._\n_......1._\n_f.....6._\n__________
LEVEL:83:__________\n_B12..F13_\n_........_\n_........_\n_........_\n_.b....f._\n_........_\n_........_\n_........_\n__________
LEVEL:84:__________\n_.K14.B12_\n_.fow...._\n_2o.w...3_\n_..1.W..w_\n_..4...k._\n_....rr.._\n_........_\n_....bK17_\n__________
LEVEL:85:__________\n_l......._\n_...b...._\n_L1B....._\n_..1....._\n_..2F...._\n_.b.bB1Br_\n_........_\n_.f....13_\n__________
LEVEL:86:__________\n_bF132..G_\n_....g1.1_\n_..B12AO._\n_.RF13wwr_\n_a12....._\n_o.....WF_\n_......F1_\n_.....f.._\n__________
LEVEL:87:__________\n_W16w..s._\n_...wF..._\n_...w1..._\n_...w3..._\n_r..w...._\n_...wR.b._\n_S14wB12._\n_.1Fw...r_\n__________
LEVEL:88:__________\n_W16w..s._\n_.14wF..._\n_F..w1..._\n_...w3..._\n_..rw...._\n_...wR.b._\n_S14wB12._\n_.1Fw...r_\n__________
LEVEL:89:__________\n_........_\n_WW..W16._\n_11b.B12._\n_9W......_\n_........_\n_FL...www_\n_11...wll_\n_38...wlf_\n__________
LEVEL:90:________________\n_K17..........._\n_1....3........_\n_.4w.k...Ww...._\n_..l.....1....._\n_..lw.k.76Ww..._\n_..l..........._\n_lllllllll....._\n_......ll......_\n_.............._\n_b............._\n_L14........B12_\n________________
LEVEL:91:__________\n_...K.3.._\n_.f.k...._\n_kkkk...._\n_...kgkkk_\n_........_\n_G10...b._\n_.....B12_\n_K14..F13_\n__________
LEVEL:92:__________\n_.....b.s_\n_FBs....s_\n_f13....s_\n_.2..rrrr_\n_...r...._\n_...r.RF._\n_...r.11._\n_S14r.5.._\n__________
LEVEL:93:__________\n_.B1..ww._\n_s..S...f_\n_.w1ww4.._\n_.w.SF..1_\n_1.4.Bw.4_\n_3bww3w.._\n_.......s_\n_.W12.s.._\n__________
LEVEL:94:__________\n_........_\n_B12....._\n_S16....._\n_K13.b..._\n_G16....._\n_F16..v.v_\n_.....vsv_\n_V16..vkf_\n__________
LEVEL:95:___________\n_s...f...s_\n_.k.....k._\n_..k...k.._\n_...k.k..._\n_....k...._\n_....S14.._\n_........._\n_K17...K14_\n_B12.b.F13_\n___________
LEVEL:96:__________\n_.B1.sF13_\n_S142s..._\n_...fs..._\n_sssss..._\n_........_\n_.....17._\n_.B12..b._\n_........_\n__________
LEVEL:97:_________\n_....F13_\n_......._\n_..K...._\n_..1...._\n_.f2...._\n_......._\n_k......_\n_________
LEVEL:98:__________\n_........_\n_...F13.._\n_........_\n_.......v_\n_B.....a._\n_1......._\n_2..O...._\n_..k.fb.S_\n__________
LEVEL:99:__________\n_B12.gggf_\n_F13agggg_\n_R15.gggg_\n_G10.gggg_\n_.a......_\n_..r..rr._\n_..rrrrrr_\n_b..rr..._\n__________
LEVEL:100:__________\n_........_\n_........_\n_.B...k.._\n_1......._\n_wwwvwwww_\n_.b......_\n_........_\n_.....3.._\n_...K...._\n_....1..._\n_..7....._\n_........_\n_.......V_\n_.......1_\n_B12..W14_\n__________
LEVEL:101:__________\n_....B12b_\n_....b..._\n_.......F_\n_...1...1_\n_......12_\n_........_\n_gb...f.._\n_g......._\n_g1..Rr.._\n_gfRf12.k_\n_G.f36..._\n_.b.15..F_\n_G.f....1_\n_.......4_\n_K13....._\n__________
LEVEL:102:__________\n_........_\n_........_\n_.bf....._\n_......B._\n_......1._\n_.F13..2._\n_........_\n_........_\n__________
LEVEL:103:___________\n_oLoLBLoLo_\n_o1o111o1o_\n_w8w828w8w_\n_ooo131ooo_\n_L18oboooo_\n_oooowoOoo_\n_L18oWoL18_\n_oooo1oooo_\n_L14o6oo1L_\n___________
LEVEL:104:_______________\n_B12wwW16.F.13_\n_K14ww.......k_\n_1bG.w.....k.._\n_7.1ww.w.....k_\n_f.4ww.....k.._\n_gggww..k....._\n_gggwwk......._\n_gggww..k....._\n_gggwwk......._\n_k..www..k...k_\n_..k..www..k.._\n_k......w...kw_\n_wwwwww...wwww_\n_______________
LEVEL:105:___________\n_B19L18F13_\n_1wwwwwwwW_\n_2w..b..w1_\n_ww.....w6_\n_..A....wA_\n_a.1.a..w1_\n_...5...w9_\n_.llllllll_\n_.llllllll_\n_.....l..._\n_.V1.vl.f._\n_.1...l..._\n_..2.lllll_\n___________
LEVEL:106:__________\n_.f......_\n_........_\n_kkkkkgkk_\n_B12....._\n_........_\n_G10....._\n_..F13..._\n_......b._\n__________
LEVEL:107:__________\n_.....L14_\n_.llK14wF_\n_.Wrb...1_\n_.ww....3_\n_.ww....._\n_.R1....._\n_........_\n_.1F..B12_\n__________
LEVEL:108:__________\n_b....V.B_\n_.....1.1_\n_..3..9.2_\n_.F...s.._\n_S14sss.._\n_........_\n_........_\n_....f..k_\n__________
LEVEL:109:______________\n_l.bFk...l..._\n_l.B12...l..._\n_l.k42....l.._\n_ll...R..rl2._\n_.1l......l.._\n_..llKl.lll.._\n_.k..1......._\n_....8.f..4.._\n_..2........._\n_..F1.9..K12._\n_...3........_\n_............_\n______________
LEVEL:110:__________\n_B12...fO_\n_...3...._\n_.b......_\n_F......o_\n_1......l_\n_L1......_\n_3......._\n_........_\n__________
LEVEL:111:__________\n_.2......_\n_S..b...._\n_..B....._\n_ww1....._\n_W1......_\n_.F12ss.._\n_....B123_\n_.f.....3_\n__________
LEVEL:112:__________\n_b....F13_\n_l..W16.._\n_llwlllll_\n_.....V.._\n_gggG..12_\n_v.g1.L18_\n_f.g0...._\n_ggg..B12_\n__________
LEVEL:113:______\n_...._\n_.r.._\n_...f_\n_R12._\n_..F._\n_..1._\n_..3._\n_...._\n_...._\n______
LEVEL:114:___________\n_B12aab..._\n_.......A._\n_.......1._\n_F13....7._\n_ggggggggg_\n_ggwwwwwgg_\n_www.f.www_\n_W16.k.G14_\n___________
LEVEL:115:__________\n_........_\n_........_\n_..F12..._\n_........_\n_....31A._\n_fff....._\n_..f....._\n_a.f....._\n__________
LEVEL:116:__________\n_........_\n_.......o_\n_..f....._\n_........_\n_...K13.._\n_.r.g..B._\n_..w...1._\n_...b..2k_\n__________
LEVEL:117:__________\n_B1.awB12_\n_f.o..12._\n_b....rg1_\n_1......._\n_3..Rrr.5_\n_....r..l_\n_g7.w.Ar._\n_K2.k..or_\n__________
LEVEL:118:__________\n_B12..F13_\n_1......._\n_9......._\n_..rb.9.._\n_........_\n_..R..5.._\n_..1....v_\n_V18...vf_\n__________
LEVEL:119:__________\n_b......B_\n_..1.R..1_\n_.R...5.2_\n_........_\n_.0.rrr.._\n_gggggggg_\n_gg...G10_\n_fg...F13_\n__________
LEVEL:120:__________\n_........_\n_S12.B..._\n_S..1..2._\n_........_\n_K.....s._\n_...b...._\n_........_\n_3......._\n__________
LEVEL:121:__________\n_........_\n_.b......_\n_..B....._\n_..1....._\n_..2....._\n_..3....._\n_.Ss....._\n_........_\n__________
LEVEL:122:__________\n_b......._\n_........_\n_...f...._\n_B......._\n_1......._\n_2......._\n_l......._\n_ff.lF13._\n__________
LEVEL:123:__________\n_....B12._\n_....F13._\n_k.b....._\n_....K1.._\n_....fR.._\n_........_\n_........_\n_....r..._\n__________
LEVEL:124:__________\n_........_\n_...b...._\n_........_\n_........_\n_..B...F._\n_..1...1._\n_..2...3._\n_........_\n_........_\n_.......f_\n_........_\n__________
LEVEL:125:__________\n_........_\n_b......._\n_........_\n_...r...._\n_..R12..._\n_.....F.f_\n_.....1.._\n_.....3.._\n__________
LEVEL:126:__________\n_..B12..._\n_........_\n_....F..._\n_..fR15.._\n_b...3..._\n_........_\n_........_\n_..r....._\n__________
LEVEL:127:__________\n_F13....._\n_........_\n_........_\n_.b......_\n_........_\n_...B12.._\n_........_\n_f......._\n__________
LEVEL:128:__________\n_....LLLr_\n_1...LLL._\n_F......._\n_.......F_\n_.......1_\n_.......3_\n_..Rb...._\n_.....B12_\n__________
LEVEL:129:__________\n_......13_\n_..W16..._\n_...B1B.._\n_..B1...._\n_..12...._\n_wwb....._\n_........_\n_........_\n__________
LEVEL:130:_______________\n_......w......_\n_......r..R15._\n_..g.ggr.w...._\n_..g...r...w.._\n_g.rrr.rrk...._\n_.....rK14...._\n_.r.w...r..k.._\n_..r.w.r..ggrg_\n_.bwwwwr.W16r._\n_.wr.rrrwr..k._\n_.w...gw.r..k._\n_.w.f.g..r...._\n_.wr.....r...._\n_B12G10..r.F13_\n_______________
LEVEL:131:_______________\n_......w......_\n_......r..R15._\n_..g.ggr.w...._\n_..g...r...w3._\n_g.rrr.rrk...._\n_.....rK14...._\n_.r.w...r..k.._\n_..r.w.r..ggrg_\n_.bwwwwr.W16r._\n_.wr.rrrwr..k._\n_.w...gw.r..k._\n_.w.f.g..r...._\n_.wr.....r...._\n_B12G10..r.F13_\n_______________
LEVEL:132:__________\n_.......f_\n_........_\n_.k......_\n_..k....._\n_b..k...._\n_.....F13_\n_B12....._\n_........_\n__________
LEVEL:133:__________\n_........_\n_........_\n_llllllll_\n_L.....B._\n_1...b.1._\n_8.....9._\n_........_\n_B12..F13_\n__________
LEVEL:134:_______________\n_b........wF19_\n_G.R.B.R.SwV18_\n_1.R.1.1.1wV17_\n_6.R.2.5.6wF13_\n_...r.r...wW16_\n_.........wG1G_\n_....g....wS1S_\n_wwwwswwwwwwww_\n_vg..f..svw..._\n_______________
LEVEL:135:__________\n_......F._\n_f......o_\n_..b....f_\n_......R._\n_.r....11_\n_.1OB12.._\n_1..b...._\n_3......._\n__________
LEVEL:136:__________\n_........_\n_b.....b._\n_.....b.._\n_...r...._\n_..R12..._\n_.....F.f_\n_.b...1.._\n_.....3.._\n__________
LEVEL:137:__________\n_F13....._\n_........_\n_........_\n_.b......_\n_........_\n_.....B12_\n_........_\n_f......._\n__________
LEVEL:138:__________\n_......BF_\n_.b....11_\n_....R.23_\n_1..5.r.._\n_.....r.._\n_gggggggg_\n_gggggggg_\n_gggggfgg_\n__________
LEVEL:139:__________\n_V.2a..12_\n_B12avF.._\n_bv.a...._\n_aaaaaaaa_\n_...a...._\n_r.Ra.A.._\n_A16a1..._\n_A1032f3._\n__________
LEVEL:140:__________\n_F13....f_\n_....llV._\n_....ll1l_\n_....ll2l_\n_...lll.l_\n_...lllll_\n_.v......_\n_........_\n__________
LEVEL:141:__________\n_........_\n_F12....._\n_....3..._\n_....V1.._\n_........_\n_........_\n_...f.l.v_\n_.....l.._\n__________
LEVEL:142:__________\n_....w.b._\n_....w..w_\n_B13.w.ww_\n_........_\n_F12.fff._\n_........_\n_....W15._\n_........_\n__________
LEVEL:143:__________\n_G......._\n_1..L14.._\n_0......F_\n_.......1_\n_.b.....3_\n_ggg....._\n_llg.B12._\n_fl......_\n__________
LEVEL:144:__________\n_bB1...2._\n_..fR1SF._\n_1...31s._\n_3.s..2.1_\n__________
LEVEL:145:__________\n_......wf_\n_W15..w.._\n_.....w.w_\n_.B12w.w._\n_.....w.._\n_...b..ww_\n_F13...w._\n_......w._\n__________
LEVEL:146:____________\n_A18wa....._\n_B19ww..a.._\n_1ssswa..a._\n_2K13wV13a._\n_wwwww..a.._\n_aaaaa...a._\n_a....aaVav_\n_..aa.aa1av_\n_a.ba.a.8av_\n_aaaa...akv_\n____________
LEVEL:147:__________\n_...w..w._\n_..w.fw.._\n_V12..v.w_\n_....w.w._\n_..ww...w_\n_F13.w.v._\n_.b.v...._\n_....W15._\n__________
LEVEL:148:__________\n_.....w.._\n_F13v...._\n_..V1..w._\n_.b..2..._\n_.W15...w_\n_.w...w.._\n_....w..._\n_B12.w.f._\n__________
LEVEL:149:__________\n_fwwwwwGF_\n_ggwwww11_\n_ggrwww03_\n_g...wwwW_\n_r....ww1_\n_.W19.R16_\n_.O18.1ww_\n_bB12b5.w_\n__________
LEVEL:150:__________\n_.......4_\n_.b..v.gb_\n_..lBOrv._\n_O131..F._\n_.sf2..f._\n_..w...bl_\n_...g.v.._\n_A.of.f.9_\n__________
LEVEL:151:__________\n_.B......_\n_.1..F13O_\n_.2bR...._\n_........_\n_......a._\n_........_\n_........_\n_...f...._\n__________
LEVEL:152:____________________\n_BWw..............._\n_11w.....G10......._\n_26w..wwwwwwww....._\n_www..woooooow....._\n_.....wooR15ow....._\n_.....woooooow....._\n_.....woborrow....._\n_.....woooooow....._\n_..wwwwwggggwwwww.._\n_..w............w.._\n_..w............w.._\n_..w............w.._\n_..wggg.........w.._\n_..wggg.....F13.w.._\n_..wfgg.........w.._\n_..wwwwwwwwwwwwww.._\n_.................._\n_.................._\n____________________
LEVEL:153:__________\n_L1.....O_\n_1......1_\n_8......9_\n_........_\n_F15.V12._\n_w.l.Kv.._\n_3.2.V..k_\n_.......k_\n__________
LEVEL:154:__________\n_B1gg..kb_\n_...v...._\n_......f3_\n_a3V12..._\n_........_\n_.g......_\n_K1.G...._\n_B1...F13_\n__________
LEVEL:155:__________\n_B12..G10_\n_...f...._\n_........_\n_gggggggg_\n_b......._\n_.....r.._\n_........_\n_F13..R15_\n__________
LEVEL:156:__________\n_.R.bll.f_\n_L18.lll._\n_.5..ll.r_\n_..r.ll.1_\n_..r.ll.l_\n_.F..ll.B_\n_B19.ll.1_\n_.3.....2_\n__________
LEVEL:157:__________\n_V12.r..._\n_R.rr2rw._\n_1r....wg_\n_4.ggrrwv_\n_gggF13aa_\n_r.gggggg_\n_a..rarar_\n_fargrara_\n__________
LEVEL:158:__________\n_B12..G10_\n_........_\n_gg..b.1._\n_Fgsr.r5._\n_.gsr.R.._\n_.gs....._\n_.gssss.._\n_.13S141F_\n__________
LEVEL:159:__________\n_B12..G10_\n_sss....._\n_gg..b.1._\n_Fgsr.r5._\n_.gsr.R.._\n_.gs....._\n_.gssss.._\n_.13S141F_\n__________
LEVEL:160:__________\n_kBK.w.b._\n_..1ww..._\n_..2w...._\n_wwww..V._\n_......1._\n_......3._\n_W18....._\n_.....B19_\n__________
LEVEL:161:__________\n_BK13gggG_\n_1rrrggR1_\n_2rbrgR16_\n_.rrrgg7g_\n_.ggggrgg_\n_.ggggggg_\n_.g..rggr_\n_.r.r.r.k_\n__________
LEVEL:162:__________\n_bwawaB12_\n_wawawawa_\n_awawawaw_\n_wawawawa_\n_awawawaw_\n_wawawawa_\n_awawawaw_\n_F13awawf_\n__________
LEVEL:163:__________\n_........_\n_.aaaaa.1_\n_.aabaa.3_\n_.aaaaa.._\n_........_\n_.A......_\n_.1......_\n_.2...B12_\n__________
LEVEL:164:__________\n_KRg...rs_\n_11.g..rr_\n_45.gg..._\n_.B13g..._\n_....wS12_\n_L...l..._\n_1.kkl.k._\n_0b.ll.k._\n__________
LEVEL:165:__________\n_VB12...3_\n_1o..o..._\n_4o..vK16_\n_oo.o...._\n_vobo.kk._\n_..o....._\n_..v..v.._\n_........_\n__________
LEVEL:166:__________\n_wfkwwwww_\n_lwwlwwlw_\n_sllsllsl_\n_.s......_\n_....b.s._\n_W16F13.._\n_..B19S14_\n_L18..B12_\n__________
LEVEL:167:__________\n_kk.k.kkk_\n_llo..o.k_\n_.lo..o.k_\n_.loooo.k_\n_.llll..k_\n_..looooo_\n_..lollll_\n_..lollll_\n_....llll_\n_........_\n_........_\n_L16....._\n_........_\n_........_\n_BK13...._\n_1......._\n_2.K17..._\n_b......._\n__________
LEVEL:168:_____________\n_..wwB12ww.._\n_..........._\n_..wwrwrww.._\n_..w.....w.._\n_W.Rw.b.wR.B_\n_1.w.....w.1_\n_6.w.....w.2_\n_w.w.......w_\n_w1.ww.ww.1w_\n_.........3._\n_..wwR15w..._\n_____________
LEVEL:169:_____________\n_B12F13fL17._\n_..........._\n_l.l.ll.ll.._\n_..........._\n_l.l..l..l.._\n_l..l..l...._\n_.l.....l.l._\n_ll.l.l.l..l_\n_..........._\n_..........._\n_b...B19.L18_\n_____________
LEVEL:170:__________\n_..b....._\n_B12.www._\n_K1.w.k.w_\n_...w...w_\n_....w.wF_\n_....wfw1_\n_.....w.3_\n_W17....._\n__________
LEVEL:171:_____________\n_B12S14F13ww_\n_S17O14W16bw_\n_wwwwwwwww.w_\n_wwwwww..osw_\n_wwwww..os.w_\n_wwww...so.w_\n_www...so..w_\n_ww.....so.w_\n_w......os.w_\n_........osw_\n_.......os.w_\n_w......so.w_\n_ww....so..w_\n_www....so.w_\n_wwww...os.w_\n_wwwww...osw_\n_wwwwww.os.w_\n_wwwwwwwwwfw_\n_____________
LEVEL:172:____________________\n_S16.........wwww.._\n_............wBFw.._\n_............w11w.._\n_............w23w.._\n_............wwww.._\n_...wwwwwwwww......_\n_...wosooooow......_\n_...wooooooow......_\n_...wooobosow......_\n_...wsooooosw......_\n_...woosoooow......_\n_...wwwwwwwww......_\n_.................._\n_.......f.........._\n_.................._\n_.................._\n_.................._\n_.................._\n____________________
LEVEL:173:__________\n_B12oo.b._\n_ooooo.F._\n_sosoo.1._\n_ofooo.3._\n_sosoo..._\n_oooooooo_\n_ooooO14o_\n_oooooooo_\n__________
LEVEL:174:____________________\n_wwowwf....Kwbwwow._\n_wB12wwF13.1w.wooWw_\n_wwbww.o.oA12.oo.1w_\n_LRwwV....o3o.wwo6r_\n_11.Br1......kwwwwg_\n_451.3..llll..wwwgg_\n_..4lwgwlllllllwwwg_\n_llllwvwllllllwK17w_\n____________________
LEVEL:175:__________\n_bsfgalro_\n_kwoBSFWA_\n_ROKGV213_\n_6750489w_\n_w.....ww_\n_w.wwwwWw_\n_w...vw1w_\n_B12V136w_\n__________
LEVEL:176:____________________\n_W........wwwwwwwww_\n_1wwwwwwwww......Kw_\n_6woooooowwR1.O.81w_\n_Kwooo3koww..3.1.9w_\n_1wkoooooww.......w_\n_4wo1kbkowwaaaaw.ww_\n_Awooooooww....oww._\n_1wK17ooowwb..woow._\n_9wwwwwwwwww.swoww._\n_Awwwwwwwwwwwlwwww._\n_1wb.....ww......w._\n_4wwwww.www.b.R..w._\n_Sw......ww.r.1..w._\n_1ww.wwwwww...5L.w._\n_4wrrrrrrww....1.w._\n_Bwrrfrrrww....8.w._\n_1wwwwwwwwwwwwwwww._\n_9R19F13L18R14B12.._\n____________________
LEVEL:177:__________\n_........_\n_S2..B12._\n_w...s..._\n_...7wooo_\n_.1.vooVo_\n_.3vbW1.6_\n_...voo2o_\n_V14.oO16_\n__________
LEVEL:178:____________________\n_WR1R.....wwwwwwwww_\n_1wwwwwwwww......Kw_\n_6wK17ooowwR1.O.81w_\n_Kwkooo3oww..3.1.9w_\n_1wkoooooww.......w_\n_4wo1kbkowwaaaaw.ww_\n_Awooooooww.....ww._\n_1woooooowwb..w..w._\n_9wwwwwwwwww.sw.ww._\n_Awwwwwwwwwwwlwwww._\n_1wb.....ww......w._\n_4wwwww.www.b.R..w._\n_Sw......ww.r.1..w._\n_1ww.wwwwww...5L.w._\n_4wrrrrrrww....1.w._\n_Bwrrfrrrww....8.w._\n_1wwwwwwwwwwwwwwww._\n_9R19F13L18R14B12.._\n____________________
LEVEL:179:__________\n_KF13K1K._\n_1f......_\n_4.wwwwwk_\n_B.wK1b.._\n_1.waA.6._\n_2WwvV.2._\n_w1wgG.0._\n_w6wlL.8._\n__________
LEVEL:180:____________________\n_S14W16...........V_\n_B12V18ww.........1_\n_G14S19..w........5_\n_.w.w..ww.........._\n_...www............_\n_.................._\n_.................._\n_....wwwwsw........_\n_...w.vb..w........_\n_..w..b...w........_\n_...w..b..w........_\n_....wwwwww........_\n_.................._\n_...O15........gggg_\n_...F13....gggggggg_\n_.........gggoooooo_\n_......ggggggoooooo_\n_..ggggggggggooooof_\n____________________
LEVEL:181:____________\n_L.kwB..K1r_\n_w.r..3.fos_\n_wS1.....s1_\n_g.r.W1..s4_\n_W.b......._\n_kk..rb.ff5_\n_9.B12....G_\n_.b.f.swgw1_\n_g.o...oO.0_\n_v.wwoRF1.f_\n____________
LEVEL:182:__________\n_K14....._\n_1k..k..._\n_.boL..k._\n_.A15..aa_\n_.b....b._\n_k...F.k._\n_..k.1..._\n_B12.lf13_\n__________
LEVEL:183:____________________\n_Wwvvvvvvvfvvvvvvvv_\n_1wvvvvvvv.vvvvvvvv_\n_6wvvvvvvv.vvvvvvvv_\n_Fwvvvvvvv.vvvvvvvv_\n_1wvvvvvvv.vvvvvvvv_\n_3wvvvvvvvvvvvvvvvv_\n_Vwvvvvvvvvvvvvvvvv_\n_1wvvvvvvvvvvvvvvvv_\n_4wvvvvvvvvvvvvvvvv_\n_wwvvvvvvvvvvwwwwww_\n_............r....._\n_............rRK.B._\n_...b..sss...r11.1._\n_..B12..S....r457.._\n_..B12..1....r....._\n_.......5....kw...._\n_.O1O........ww...._\n_............w....._\n____________________
BATCH:-1:0:0
BATCH:-1:1:1
BATCH:-1:2:2
BATCH:-1:3:3
BATCH:-1:4:4
BATCH:-1:5:5
BATCH:-1:6:6
BATCH:-1:7:7
BATCH:-1:8:8
BATCH:-1:9:9
BATCH:-1:10:10
BATCH:-1:11:11
BATCH:-1:12:12
BATCH:-1:13:13
BATCH:-1:14:14
BATCH:-1:15:15
BATCH:-1:16:16
BATCH:-1:17:17
BATCH:-1:18:18
BATCH:-1:19:19
BATCH:-1:20:20
BATCH:-1:21:21
BATCH:-1:22:22
BATCH:-1:23:23
BATCH:-1:24:24
BATCH:-1:25:25
BATCH:-1:26:26
BATCH:-1:27:27
BATCH:-1:28:28
BATCH:-1:29:29
BATCH:-1:30:30
BATCH:-1:31:31
BATCH:-1:32:32
BATCH:-1:33:33
BATCH:-1:34:34
BATCH:-1:35:35
BATCH:-1:36:36
BATCH:-1:37:37
BATCH:-1:38:38
BATCH:-1:39:39
BATCH:-1:40:40
BATCH:-1:41:41
BATCH:-1:42:42
BATCH:-1:43:43
BATCH:-1:44:44
BATCH:-1:45:45
BATCH:-1:46:46
BATCH:-1:47:47
BATCH:-1:48:48
BATCH:-1:49:49
BATCH:-1:50:50
BATCH:-1:51:51
BATCH:-1:52:52
BATCH:-1:53:53
BATCH:-1:54:54
BATCH:-1:55:55
BATCH:-1:56:56
BATCH:-1:57:57
BATCH:-1:58:58
BATCH:-1:59:59
BATCH:-1:60:60
BATCH:-1:61:61
BATCH:-1:62:62
BATCH:-1:63:63
BATCH:-1:64:64
BATCH:-1:65:65
BATCH:-1:66:66
BATCH:-1:67:67
BATCH:-1:68:68
BATCH:-1:69:69
BATCH:-1:70:70
BATCH:-1:71:71
BATCH:-1:72:72
BATCH:-1:73:73
BATCH:-1:74:74
BATCH:-1:75:75
BATCH:-1:76:76
BATCH:-1:77:77
BATCH:-1:78:78
BATCH:-1:79:79
BATCH:-1:80:80
BATCH:-1:81:81
BATCH:-1:82:82
BATCH:-1:83:83
BATCH:-1:84:84
BATCH:-1:85:85
BATCH:-1:86:86
BATCH:-1:87:87
BATCH:-1:88:88
BATCH:-1:89:89
BATCH:-1:90:90
BATCH:-1:91:91
BATCH:-1:92:92
BATCH:-1:93:93
BATCH:-1:94:94
BATCH:-1:95:95
BATCH:-1:96:96
BATCH:-1:97:97
BATCH:-1:98:98
BATCH:-1:99:99
BATCH:-1:100:100
BATCH:-1:101:101
BATCH:-1:102:102
BATCH:-1:103:103
BATCH:-1:104:104
BATCH:-1:105:105
BATCH:-1:106:106
BATCH:-1:107:107
BATCH:-1:108:108
BATCH:-1:109:109
BATCH:-1:110:110
BATCH:-1:111:111
BATCH:-1:112:112
BATCH:-1:113:113
BATCH:-1:114:114
BATCH:-1:115:115
BATCH:-1:116:116
BATCH:-1:117:117
BATCH:-1:118:118
BATCH:-1:119:119
BATCH:-1:120:120
BATCH:-1:121:121
BATCH:-1:122:122
BATCH:-1:123:123
BATCH:-1:124:124
BATCH:-1:125:125
BATCH:-1:126:126
BATCH:-1:127:127
BATCH:-1:128:128
BATCH:-1:129:129
BATCH:-1:130:130
BATCH:-1:131:131
BATCH:-1:132:132
BATCH:-1:133:133
BATCH:-1:134:134
BATCH:-1:135:135
BATCH:-1:136:136
BATCH:-1:137:137
BATCH:-1:138:138
BATCH:-1:139:139
BATCH:-1:140:140
BATCH:-1:141:141
BATCH:-1:142:142
BATCH:-1:143:143
BATCH:-1:144:144
BATCH:-1:145:145
BATCH:-1:146:146
BATCH:-1:147:147
BATCH:-1:148:148
BATCH:-1:149:149
BATCH:-1:150:150
BATCH:-1:151:151
BATCH:-1:152:152
BATCH:-1:153:153
BATCH:-1:154:154
BATCH:-1:155:155
BATCH:-1:156:156
BATCH:-1:157:157
BATCH:-1:158:158
BATCH:-1:159:159
BATCH:-1:160:160
BATCH:-1:161:161
BATCH:-1:162:162
BATCH:-1:163:163
BATCH:-1:164:164
BATCH:-1:165:165
BATCH:-1:166:166
BATCH:-1:167:167
BATCH:-1:168:168
BATCH:-1:169:169
BATCH:-1:170:170
BATCH:-1:171:171
BATCH:-1:172:172
BATCH:-1:173:173
BATCH:-1:174:174
BATCH:-1:175:175
BATCH:-1:176:176
BATCH:-1:177:177
BATCH:-1:178:178
BATCH:-1:179:179
BATCH:-1:180:180
BATCH:-1:181:181
BATCH:-1:182:182
BATCH:-1:183:183
EVAL_INSTANCE:0:0:341
RUN_RESULT:0:0:0:2000:----
RUN_RESULT:0:0:1:2000:----
RUN_RESULT:0:0:2:142:RDRUULLLLULLLLDDDURRR
RUN_RESULT:0:0:3:181:DLLUDLLUURRLURDRURLDDRURRDDDDDR
RUN_RESULT:0:0:4:2000:----
RUN_RESULT:0:0:5:2000:----
RUN_RESULT:0:0:6:86:DRDDRUWUUWWWURU
RUN_RESULT:0:0:7:383:LWUWWWRUDRWWUWWRRRUWUWWWLWWWRUULWUUUUL
RUN_RESULT:0:0:8:2000:----
RUN_RESULT:0:0:9:396:DDR
RUN_RESULT:0:0:10:2000:----
RUN_RESULT:0:0:11:2000:----
RUN_RESULT:0:0:12:272:LLDLLUUULLDDURDURRRUUUULLDL
RUN_RESULT:0:0:13:2000:----
RUN_RESULT:0:0:14:2000:----
RUN_RESULT:0:0:15:2000:----
RUN_RESULT:0:0:16:2000:----
RUN_RESULT:0:0:17:32:LLUUUUUULLL
RUN_RESULT:0:0:18:2000:----
RUN_RESULT:0:0:19:2000:----
RUN_RESULT:0:0:20:2000:----
RUN_RESULT:0:0:21:2000:----
RUN_RESULT:0:0:22:19:DRDD
RUN_RESULT:0:0:23:2000:----
RUN_RESULT:0:0:24:37:ULLLDDDRRRDDDRRR
RUN_RESULT:0:0:25:2000:----
RUN_RESULT:0:0:26:2000:----
RUN_RESULT:0:0:27:2000:----
RUN_RESULT:0:0:28:2000:----
RUN_RESULT:0:0:29:2000:----
RUN_RESULT:0:0:30:2000:----
RUN_RESULT:0:0:31:2000:----
RUN_RESULT:0:0:32:2000:----
RUN_RESULT:0:0:33:2000:----
RUN_RESULT:0:0:34:2000:----
RUN_RESULT:0:0:35:2000:----
RUN_RESULT:0:0:36:3:RRR
RUN_RESULT:0:0:37:18:DDDDDUU
RUN_RESULT:0:0:38:2000:----
RUN_RESULT:0:0:39:2000:----
RUN_RESULT:0:0:40:2000:----
RUN_RESULT:0:0:41:2000:----
RUN_RESULT:0:0:42:2000:----
RUN_RESULT:0:0:43:2000:----
RUN_RESULT:0:0:44:4:RLR
RUN_RESULT:0:0:45:2000:----
RUN_RESULT:0:0:46:2000:----
RUN_RESULT:0:0:47:2000:----
RUN_RESULT:0:0:48:2000:----
RUN_RESULT:0:0:49:2000:----
RUN_RESULT:0:0:50:198:RLDDDDRRLUU
RUN_RESULT:0:0:51:20:DDLDRRLLL
RUN_RESULT:0:0:52:4:DRRR
RUN_RESULT:0:0:53:2000:----
RUN_RESULT:0:0:54:2000:----
RUN_RESULT:0:0:55:2000:----
RUN_RESULT:0:0:56:2000:----
RUN_RESULT:0:0:57:2000:----
RUN_RESULT:0:0:58:54:DDRDRDRUU
RUN_RESULT:0:0:59:2000:----
RUN_RESULT:0:0:60:1:U
RUN_RESULT:0:0:61:2000:----
RUN_RESULT:0:0:62:2000:----
RUN_RESULT:0:0:63:2000:----
RUN_RESULT:0:0:64:97:UURRLLLLURRRRLLLLUURUR
RUN_RESULT:0:0:65:2000:----
RUN_RESULT:0:0:66:128:UWWWWWUWWWWWWWURRRUWRWRWRWRDUWRWRUUUUU
RUN_RESULT:0:0:67:2000:----
RUN_RESULT:0:0:68:2000:----
RUN_RESULT:0:0:69:2000:----
RUN_RESULT:0:0:70:2000:----
RUN_RESULT:0:0:71:2000:----
RUN_RESULT:0:0:72:2000:----
RUN_RESULT:0:0:73:1185:LLLULDDRRRD
RUN_RESULT:0:0:74:2000:----
RUN_RESULT:0:0:75:2000:----
RUN_RESULT:0:0:76:2000:----
RUN_RESULT:0:0:77:2000:----
RUN_RESULT:0:0:78:2000:----
RUN_RESULT:0:0:79:2000:----
RUN_RESULT:0:0:80:2000:----
RUN_RESULT:0:0:81:73:UUUURUURRURRRR
RUN_RESULT:0:0:82:2000:----
RUN_RESULT:0:0:83:47:RRRRR
RUN_RESULT:0:0:84:2000:----
RUN_RESULT:0:0:85:2000:----
RUN_RESULT:0:0:86:185:RDDDDRRDRU
RUN_RESULT:0:0:87:2000:----
RUN_RESULT:0:0:88:2000:----
RUN_RESULT:0:0:89:2000:----
RUN_RESULT:0:0:90:2000:----
RUN_RESULT:0:0:91:519:LLDLLUDLLUUDRRRRRRLLDLLLLUUUDDRRUUDRRUUUULLRRRLLLDL
RUN_RESULT:0:0:92:2000:----
RUN_RESULT:0:0:93:2000:----
RUN_RESULT:0:0:94:2000:----
RUN_RESULT:0:0:95:2000:----
RUN_RESULT:0:0:96:2000:----
RUN_RESULT:0:0:97:3:UUR
RUN_RESULT:0:0:98:2000:----
RUN_RESULT:0:0:99:2000:----
RUN_RESULT:0:0:100:2000:----
RUN_RESULT:0:0:101:2000:----
RUN_RESULT:0:0:102:1:R
RUN_RESULT:0:0:103:2000:----
RUN_RESULT:0:0:104:2000:----
RUN_RESULT:0:0:105:2000:----
RUN_RESULT:0:0:106:21:RUUUUUULULLLLL
RUN_RESULT:0:0:107:2000:----
RUN_RESULT:0:0:108:979:DDRRRURURDRDLULLDURRDLLULDLLDRRURRRRDRDLRDDDLLL
RUN_RESULT:0:0:109:2000:----
RUN_RESULT:0:0:110:2000:----
RUN_RESULT:0:0:111:2000:----
RUN_RESULT:0:0:112:2000:----
RUN_RESULT:0:0:113:12:URRDD
RUN_RESULT:0:0:114:2000:----
RUN_RESULT:0:0:115:2000:----
RUN_RESULT:0:0:116:2000:----
RUN_RESULT:0:0:117:2000:----
RUN_RESULT:0:0:118:2000:----
RUN_RESULT:0:0:119:2000:----
RUN_RESULT:0:0:120:2000:----
RUN_RESULT:0:0:121:2000:----
RUN_RESULT:0:0:122:166:DDDRDRRRRDRDRDLLUUULULU
RUN_RESULT:0:0:123:30:DDRR
RUN_RESULT:0:0:124:2000:----
RUN_RESULT:0:0:125:28:URRRDRDD
RUN_RESULT:0:0:126:4:RUR
RUN_RESULT:0:0:127:258:RRRRDRDLLLDLLLD
RUN_RESULT:0:0:128:2000:----
RUN_RESULT:0:0:129:2000:----
RUN_RESULT:0:0:130:2000:----
RUN_RESULT:0:0:131:2000:----
RUN_RESULT:0:0:132:2000:----
RUN_RESULT:0:0:133:2000:----
RUN_RESULT:0:0:134:2000:----
RUN_RESULT:0:0:135:2000:----
RUN_RESULT:0:0:136:28:URRRDRDD
RUN_RESULT:0:0:137:100:DDLDD
RUN_RESULT:0:0:138:2000:----
RUN_RESULT:0:0:139:2000:----
RUN_RESULT:0:0:140:70:UUURRRRUUURR
RUN_RESULT:0:0:141:2000:----
RUN_RESULT:0:0:142:2000:----
RUN_RESULT:0:0:143:2000:----
RUN_RESULT:0:0:144:2000:----
RUN_RESULT:0:0:145:2000:----
RUN_RESULT:0:0:146:2000:----
RUN_RESULT:0:0:147:2:UL
RUN_RESULT:0:0:148:2000:----
RUN_RESULT:0:0:149:2000:----
RUN_RESULT:0:0:150:2000:----
RUN_RESULT:0:0:151:2000:----
RUN_RESULT:0:0:152:2000:----
RUN_RESULT:0:0:153:2000:----
RUN_RESULT:0:0:154:2000:----
RUN_RESULT:0:0:155:88:DDRRRRRUUUUULL
RUN_RESULT:0:0:156:2000:----
RUN_RESULT:0:0:157:110:DLLRUULLLDLLDRRUURUDLDLLDDDDL
RUN_RESULT:0:0:158:2000:----
RUN_RESULT:0:0:159:2000:----
RUN_RESULT:0:0:160:2000:----
RUN_RESULT:0:0:161:2000:----
RUN_RESULT:0:0:162:99:RDRDDDDRDRRRDR
RUN_RESULT:0:0:163:2000:----
RUN_RESULT:0:0:164:2000:----
RUN_RESULT:0:0:165:2000:----
RUN_RESULT:0:0:166:56:ULLDLDRRDLRUUULUULU
RUN_RESULT:0:0:167:2000:----
RUN_RESULT:0:0:168:2000:----
RUN_RESULT:0:0:169:2000:----
RUN_RESULT:0:0:170:2000:----
RUN_RESULT:0:0:171:344:UUUUDDDDDDRRDDDDDDDLWRURRDDDD
RUN_RESULT:0:0:172:2000:----
RUN_RESULT:0:0:173:2000:----
RUN_RESULT:0:0:174:1009:DDLWWWDLLLWLDLWDDD
RUN_RESULT:0:0:175:315:RRRRDULLDRDULDURURRDLLUL
RUN_RESULT:0:0:176:2000:----
RUN_RESULT:0:0:177:2000:----
RUN_RESULT:0:0:178:2000:----
RUN_RESULT:0:0:179:2000:----
RUN_RESULT:0:0:180:2000:----
RUN_RESULT:0:0:181:2000:----
RUN_RESULT:0:0:182:2000:----
RUN_RESULT:0:0:183:2000:----
The time of execution is: 832.6880648136139 s
