pygame 2.2.0 (SDL 2.30.7, Python 3.8.10)
Hello from the pygame community. https://www.pygame.org/contribute.html
LEVEL:0:__________\n_VB12...3_\n_1o..o..._\n_4o..vK16_\n_oo.o...._\n_vobo.kk._\n_..o....._\n_..v..v.._\n_........_\n__________
BATCH:0:0:0
TRAINING ON LEVEL:165
of 184 levels
---LEVEL STRING---
__________
_VB12...3_
_1o..o..._
_4o..vK16_
_oo.o...._
_vobo.kk._
_..o....._
_..v..v.._
_........_
__________
---LEVEL STRING---
TRACK:0;-1;-1;3;1;4;4;1;3;3;6;1;5;10;2;7;1.7391097964445699;23;-7.00087732635774;1;5;3;0;1;22;1.9351522506727843;13;2;13;8;4;5;0;0;20;0.6611338476442707;23;0.02316367979253009;4;12;6;3;1;2;1;0;6;1;17;15;0;2;20;4.275613648132211;10;1;8;15;6;1;4;13;4;11;3;3;0;0;20;5.705296093567654;17;4;18;4;1;0;4;4;11;4;2;24;19;5;4;1;23;-0.5570788306791066;15
TRACK:1;-1;-1;3;0;5;4;2;6;2;6;5;0;23;-0.7726198048798594;23;6.504302234164221;2;4;2;25;18;0;2;15;19;0;25;17;1;4;6;6;5;20;-8.687512360044288;4;6;1;3;23;0.7624450055255174;2;16;7;-8.361220144320393;6;0;1;0;0;5;2;2;8;17;6;21;9.797695408917797;0;6;2;11;17;1;5;9;4;13;3;2;1;5;20;-0.3414898978547125;3;16;1;6;7;4.624083231449891;3;15;2;5;6;0;2;10;11;0;15;15;3;6;2;1;25;18;3;25;0;0;6;0;4;2;18;24;0;5;15;3;22;-0.2632889503193425;2;1;5;0;15;21;-3.8610335996666496;2;5;7;-9.234869963422396;2;16;7;9.496355201299146;1;5;3;17;5;6;14;1;1;4;5;0;19;18;5;1;4;24;4;17;3;4;5;0;16;16
TRACK:2;-1;-1;2;1;6;5;4;3;5;5;2;5;18;3;11;1;3;0;1;2;2;6;0;12;12;0;5;20;0.41082662054373387;6;11;0;3;3;21;0.8293109746007747;2;2;12;15;2;17;19;1;6;6;2;13;10;4;6;3;17;2;5;4;1;1;8;8;2;24;7;-1.137465462311484;4;0;2;5;16;3;16;1;3;16;1;24;12;6;1;5;6;5;5;6;9;5;0;6;5;0;14;22;1.7400480338150555;4;4;5;18;2;5;1;4;6;6;6;3;6;24;0;5;0;6;2;1;24;20;6.050831186487613;1;10;22;-6.210195216261809;5;4;2;17;20;-1.41071754980209;2;3;3;5;1;22;7.02351225401949;14;1;2;5;2;25;15;4;5;10;6;5;1;7;-5.662368779356259;22;-8.031951887890292;6;2;2;6;5;3;5;2;14;17;2;5;5;3;0;16;9;2;4;2;1;8;15;5;19;4;5;3;19;1;3;0;6;4;1;7;-2.0327293450069828;24;1;4;4;24;1;6;19;1;25;14;0;0;5;6;6;12;3;1;4;7;3.5594318950540504;3;20;1.056824561996832;5;1;3;5;17;0;3;23;-9.000148082600646;1;20;2.4900269857119426;18
TRACK:3;-1;-1;3;1;1;1;1;2;6;1;6;2;16;22;-7.108950383504739;1;3;15;0;24;23;2.5833784514667624;4;5;3;1;25;9;1;3;5;3;2;23;-6.452283371823546;8;1;3;2;3;22;5.6516044727898205;3;20;4.568835131449729;2;3;2;7;2.717066821526579;25;3;6;18;1;0;0;2;6;5;9;3;6;24;2;6;5;22;-2.382657268071819;1;0;13;8;0;25;13;2;5;6;3;15;0;5;4;15;1;2;23;1.8516194465980877;20;-4.978207730301403;2;15;7;-9.783843130050807;3;1;0;6;6;10;1;1;17;21;-3.05115689176529;1;7;-6.125688480366687;16;6;4;5;13;3;0;0;0;1;2;4;13;5;18;4;5;22;1.6102217763995945;5;4;3;15;4;1;3;0;23;-1.4449704919963509;7;-4.956240590047257;1;1;9;14;6;15;1;1;5;3;0;19;13;1;0;4;16;2;18;13;0;1;15;13;5;11;6;1;6;5;17;1;2;8;14;5;19;6;0;4;2;4;3;5;3;12;5;6;2;4;10;3;16;6;3;4;4;0;2;25;12;2;19;10
TRACK:4;-1;-1;6;5;4;1;4;1;2;2;2;5;16;4;13;6;3;23;6.415067245048107;1;4;2;12;11;6;5;24;5;5;6;1;16;11;3;1;2;6;6;1;18;8;6;4;0;11;21;6.499635404409542;5;1;2;3;9;2;8;21;3.144408001539734;2;3;25;6;8
TRACK:5;-1;-1;5;4;3;3;5;1;1;3;4;1;22;-6.417212831416894;24;0;5;6;12;1;2;12;21;-3.358408125718757;5;21;-1.5978158854468578;3;6;5;1;15;24
TRACK:6;-1;-1;6;3;2;1;6;0;3;4;4;0;8;12;2;3;5;3;22;9.52570500935192;6;2;6;23;-3.6137067334894173;0;8;18;2;1;1;3;3;1;13;18;0;1;0;21;-5.44615325392384;10;4;11;0;6;21;-8.194542683219709;0;25;23;4.419520239227197;2;0;4;1;22;-6.234134065814734;25;4;0;7;4.8404843028280595;11;2;5;3;14;2;3;15;4;7;-5.188134455543658;2;6;4;5;5;11;0;0;1;2;17;11;2;22;0.095191781316462;11;4;3;21;2.2570856059477844;5;1;5;15;5;15;5;0;4;6;3;4;5;7;8.779206615692377;6;6;4;1;1;10;14;1;21;6.1305007276008325;17
TRACK:7;-1;-1;2;5;0;5;2;6;2;4;6;2;8;14;1;5;3;21;8.288686347984871;0;3;17;2;16;16;1;1;5;1;6;7;-5.060087843852569;5;15;4;2;0;10;13;1;7;-7.628696112944993;23;-5.715822718780579;0;6;5;3;7;9.688644135719997;5;5;5;17;1;0;3;3;5;6;2;16;24;1;1;5;4;0;16;13;3;5;0;19;25;4;6;1;5;18;6;12;0;3;4;2;6;3;12;3;6;7;9.50631110743462;2;6;6;3;1;17;21;5.113519547957361;5;2;3;3;11;5;5;17;4;2;1;1;1;2;5;2;3;9;4;19;5;3;4;12;2;5;2;5;19;4;21;-1.8629362179220266;6;3;3;21;9.623335817829354;2;1;3;5;0;18;13;3;0;1;15;18;6;22;3.7475106693012368;4;2;0;1;15;10;6;22;-0.03485449319012801;4;2;21;9.426311018817525;15;3;0;1;4;6;6;16;2;0;0;15;23;9.360052830848716;3;21;4.019879214732251;6;0;19;19;1;0;3;5;12;1;3;25;6;22;-6.896609983744568;3;2;5;15;5;22;-6.05288122189614;6;4;4;4;1;5;2;18;25;5;1;23;-9.100304075343935;9
TRACK:8;-1;-1;3;2;1;2;6;6;1;4;1;1;20;-2.7858128805147313;9;5;12;5;2;4;24;6;17;1;1;2;1;1;6;16;3;21;4.983200883875449;0;3;12;3;8;4;6;5;21;-1.6889615056755574;1;1;4;2;21;-7.78261587598357;18;0;6;15;6;14;1;6;1;23;2.357552849591908;19;3;3;10;6;2;6;5;2;19;11;4;0;3;20;-9.099330445108219;0;24;16;4;6;1;2;2;0;4;10;0;20;-3.8066126244635434;14;2;5;9;1;17;11;6;2;5;11;2;20;-3.279066226176715;17;1;3;0;4;10;0;15;21;-5.7633445442449265;5;0;4;20;5.968661858943879;4;7;-1.5286064123330156;6;4;2;2;1;3;2;1;9;24;6;22;-6.399911465246584;2;0;4;14;5;24;2;5;7;-4.290014972646759;3;19;3;5;1;1;7;-9.23375097102982;17;1;21;8.0945738513472;24;3;6;1;5;1;7;6.97207499813393;17;4;3;8
TRACK:9;-1;-1;3;6;4;6;5;5;2;5;5;1;8;24;2;4;6;12;4;3;10
EVAL_INSTANCE:0:0:0
EVAL_INSTANCE:0:1:1
EVAL_INSTANCE:0:2:2
EVAL_INSTANCE:0:3:3
EVAL_INSTANCE:0:4:4
EVAL_INSTANCE:0:5:5
EVAL_INSTANCE:0:6:6
EVAL_INSTANCE:0:7:7
EVAL_INSTANCE:0:8:8
EVAL_INSTANCE:0:9:9
RUN_RESULT:0:0:0:2000:----
RUN_RESULT:0:1:0:2000:----
RUN_RESULT:0:2:0:2000:----
RUN_RESULT:0:3:0:2000:----
RUN_RESULT:0:4:0:2000:----
RUN_RESULT:0:5:0:2000:----
RUN_RESULT:0:6:0:2000:----
RUN_RESULT:0:7:0:2000:----
RUN_RESULT:0:8:0:1475:URRRUUDDRUUDDD
RUN_RESULT:0:9:0:2000:----
=================================================
n_gen  |  n_eval  |     f_avg     |     f_min    
=================================================
     1 |       10 | -2.525000E+02 | -2.525000E+03
TRACK:10;8;6;3;2;1;2;6;6;1;1;21;6.1305007276008325;17;5;2;4;24;6;17;1;1;2;1;1;6;16;3;21;4.983200883875449;0;3;12;3;8;4;6;5;21;-1.6889615056755574;1;1;4;2;21;-7.78261587598357;18;0;6;15;6;14;1;6;1;23;2.357552849591908;19;3;3;10;6;2;6;5;2;19;11;4;0;3;20;-9.099330445108219;0;24;16;4;6;1;2;2;0;4;10;0;20;-3.8066126244635434;14;2;5;9;1;17;11;6;2;5;11;2;20;-3.279066226176715;17;1;3;0;4;10;0;15;21;-5.7633445442449265;5;0;4;20;5.968661858943879;4;7;-1.5286064123330156;6;4;2;2;1;3;2;1;9;24;6;22;-6.399911465246584;2;0;4;14;5;24;2;5;7;-4.290014972646759;3;19;3;5;1;1;7;-9.23375097102982;17;1;21;8.0945738513472;24;3;6;1;5;1;7;6.97207499813393;17;4;3;8
TRACK:11;8;6;6;3;2;1;6;0;3;4;4;0;8;12;2;3;5;3;22;9.52570500935192;6;2;6;23;-3.6137067334894173;0;8;18;2;1;1;3;3;1;13;18;0;1;0;21;-5.44615325392384;10;4;11;0;6;21;-8.194542683219709;0;25;23;4.419520239227197;2;0;4;1;22;-6.234134065814734;25;4;0;7;4.8404843028280595;11;2;5;3;14;2;3;15;4;7;-5.188134455543658;2;6;4;5;5;11;0;0;1;2;17;11;2;22;0.095191781316462;11;4;3;21;2.2570856059477844;5;1;5;15;5;15;5;0;4;6;1;1;6;16;3;21;4.983200883875449;0;3;12;3;8;6;6;4;1;1;10;14;1;21;6.1305007276008325;17
TRACK:12;2;1;2;1;6;5;4;3;5;5;2;5;18;3;11;1;3;0;1;2;2;6;0;12;12;0;5;20;0.41082662054373387;6;11;0;3;3;21;0.8293109746007747;2;2;12;15;2;17;19;1;6;6;2;13;10;4;6;3;17;2;5;4;1;1;8;8;2;24;7;-1.137465462311484;4;0;2;5;16;3;16;1;3;16;1;24;12;6;1;5;6;5;5;6;9;5;0;6;5;0;14;22;1.7400480338150555;4;4;5;18;2;5;1;4;6;6;6;3;6;24;0;5;0;6;2;1;24;20;6.050831186487613;1;10;22;-6.210195216261809;5;4;2;17;20;-1.41071754980209;2;3;3;5;1;22;7.02351225401949;14;1;2;5;2;25;15;4;5;10;6;5;1;7;-5.662368779356259;22;-8.031951887890292;6;2;2;11;17;1;3;0;6;4;1;7;-2.0327293450069828;24;1;4;4;24;1;6;19;1;25;14;0;0;5;6;6;12;3;1;4;7;3.5594318950540504;3;20;1.056824561996832;5;1;3;5;17;0;3;23;-9.000148082600646;1;20;2.4900269857119426;18
TRACK:13;2;1;3;0;5;4;2;6;2;6;5;0;23;-0.7726198048798594;23;6.504302234164221;2;4;2;25;18;0;2;15;19;0;25;17;1;4;6;6;5;20;-8.687512360044288;4;6;1;3;23;0.7624450055255174;2;16;7;-8.361220144320393;6;0;1;0;0;5;2;2;8;17;6;21;9.797695408917797;0;6;2;11;17;1;5;9;4;13;3;2;1;5;20;-0.3414898978547125;3;16;1;6;7;4.624083231449891;3;15;2;5;6;0;2;10;11;0;15;15;3;5;0;14;22;1.7400480338150555;0;0;6;0;4;2;18;24;0;5;15;3;22;-0.2632889503193425;2;1;5;0;15;21;-3.8610335996666496;2;5;7;-9.234869963422396;2;16;7;9.496355201299146;1;5;3;17;5;6;14;1;1;4;5;0;19;18;5;1;4;24;4;17;3;4;5;0;16;16
TRACK:14;9;2;3;6;4;6;5;5;2;5;5;1;8;24;6;2;1;24;20;6.050831186487613;1;10;22;-6.210195216261809
TRACK:15;9;2;2;1;6;5;4;3;5;5;2;5;18;3;11;1;3;0;1;2;2;6;0;12;12;0;5;20;0.41082662054373387;6;11;0;3;3;21;0.8293109746007747;2;2;12;15;2;17;19;1;6;6;2;13;10;4;6;3;17;2;5;4;1;1;8;8;2;24;7;-1.137465462311484;4;0;2;5;16;3;16;1;3;16;1;24;12;6;1;5;6;5;5;6;9;5;0;6;5;0;14;22;1.7400480338150555;4;4;5;18;2;5;1;4;6;6;6;3;6;24;0;5;0;6;2;1;24;20;6.050831186487613;1;10;22;-6.210195216261809;5;4;2;17;20;-1.41071754980209;3;10;6;2;2;6;5;3;5;2;14;17;2;5;5;3;0;16;9;2;4;2;1;8;15;5;19;4;5;3;19;1;3;0;6;4;1;7;-2.0327293450069828;24;1;4;4;24;1;6;19;1;25;14;0;0;5;6;6;12;3;1;4;7;3.5594318950540504;3;20;1.056824561996832;5;1;3;5;17;0;3;23;-9.000148082600646;1;20;2.4900269857119426;18
TRACK:16;5;7;5;1;1;1;2;5;2;3;9;4;19;5;3;4;12;2;5;2;5;19;4;21;-1.8629362179220266;6;3;3;21;9.623335817829354;2;1;3;5;0;18;13;3;0;1;15;18;6;22;3.7475106693012368;4;2;0;1;15;10;6;22;-0.03485449319012801;4;2;21;9.426311018817525;15;3;0;1;4;6;6;16;2;0;0;15;23;9.360052830848716;3;21;4.019879214732251;6;0;19;19;1;0;3;5;12;1;3;25;6;22;-6.896609983744568;3;2;5;15;5;22;-6.05288122189614
TRACK:17;5;7;2;5;0;5;2;6;2;4;6;2;8;14;1;5;3;21;8.288686347984871;0;3;17;2;16;16;1;1;5;1;6;7;-5.060087843852569;5;15;4;2;0;10;13;1;7;-7.628696112944993;23;-5.715822718780579;0;6;5;3;7;9.688644135719997;5;5;5;17;1;0;3;3;5;6;2;16;24;1;1;5;4;0;16;13;3;5;0;19;25;4;6;1;5;18;6;12;0;3;4;2;6;3;12;3;6;7;9.50631110743462;2;6;6;3;1;17;21;5.113519547957361;5;2;3;3;11;5;5;17;4;2;1;1;1;2;5;2;3;9;4;19;5;3;4;12;2;5;2;5;19;4;21;-1.8629362179220266;6;3;3;21;9.623335817829354;2;1;5;1;15;24;3;0;1;15;18;6;22;3.7475106693012368;4;2;0;1;15;10;6;22;-0.03485449319012801;4;2;21;9.426311018817525;15;3;0;1;4;6;6;16;2;0;0;15;23;9.360052830848716;3;21;4.019879214732251;6;0;19;19;1;0;3;5;12;1;3;25;6;22;-6.896609983744568;3;2;5;15;5;22;-6.05288122189614;6;4;4;4;1;5;2;18;25;5;1;23;-9.100304075343935;9
TRACK:18;4;8;6;5;4;1;4;1;4;24;5;5;6;1;16;11;3;1;2;6;6;1;18;8;6;4;0;11;21;6.499635404409542;5;1;2;3;9;2;8;21;3.144408001539734;2;3;25;6;8
TRACK:19;4;8;3;2;1;2;6;6;1;4;1;1;20;-2.7858128805147313;9;5;12;5;2;4;24;6;17;1;1;2;1;1;6;16;3;21;4.983200883875449;0;3;12;3;8;4;6;5;21;-1.6889615056755574;1;1;4;2;21;-7.78261587598357;18;0;6;15;6;14;1;6;1;23;2.357552849591908;19;3;3;10;6;2;6;5;2;19;11;4;0;3;20;-9.099330445108219;0;24;16;4;6;1;2;2;0;4;10;0;20;-3.8066126244635434;14;2;5;9;1;17;11;6;2;5;11;2;20;-3.279066226176715;17;1;3;0;4;10;0;15;21;-5.7633445442449265;5;0;4;20;5.968661858943879;4;7;-1.5286064123330156;6;4;2;2;1;3;2;1;9;24;6;22;-6.399911465246584;2;0;4;14;5;24;2;5;7;-4.290014972646759;3;19;3;5;6;5;24;3;6;1;5;1;7;6.97207499813393;17;4;3;8
TRACK:20;10;-1;3;2;1;2;6;6;1;1;21;6.100472974651142;17;5;2;6;16;6;17;1;1;2;1;1;6;16;3;21;5.07024944693043;0;3;12;3;8;4;6;5;21;-1.6895847271289504;1;1;4;2;21;-7.852352831648568;18;0;6;15;6;14;1;6;1;23;2.5508055859192806;19;3;3;10;6;2;6;5;2;19;11;4;0;3;20;-9.211222673873205;0;24;16;4;6;1;2;2;0;4;10;0;20;-3.881108659073193;14;2;5;9;1;17;11;6;2;5;11;2;20;-3.2648317812904177;17;1;3;0;4;10;0;15;21;-5.802888330141703;5;0;4;20;6.0744764404930764;4;7;-1.3107369998628067;6;4;2;2;1;3;2;1;9;24;6;22;-6.339735039777148;2;0;4;14;5;24;2;5;7;-4.28472970955229;3;19;3;5;1;1;7;-9.314808126898416;17;1;21;7.939115297488505;24;3;6;1;5;1;7;7.136053474360275;17;4;3;8
TRACK:21;12;-1;2;1;6;5;4;3;5;5;2;5;18;3;11;1;3;0;1;2;4;5;6;8;0;3;3;21;0.7731615625711288;2;2;12;15;2;17;19;1;6;6;2;13;10;4;6;3;17;2;5;4;1;1;8;8;2;24;7;-1.0519108254846172;4;0;2;5;16;3;16;1;3;16;1;24;12;6;1;5;6;5;5;6;9;5;0;6;5;0;14;22;1.6659992047621484;4;4;5;18;2;5;1;4;6;6;6;3;6;24;0;5;0;6;2;1;24;20;5.982483900008263;1;10;22;-6.1881596431330586;5;4;2;17;20;-1.5376152687802433;2;3;3;5;1;22;6.916845240576454;14;1;2;5;2;25;15;4;5;10;6;5;1;7;-5.707040799252343;22;-8.151036553874919;6;2;2;11;17;1;3;0;6;4;1;7;-2.0428771311326757;24;1;4;4;24;1;6;19;1;25;14;0;0;5;6;6;12;3;1;4;7;3.5350449207041286;3;20;1.0242327805646831;5;1;3;5;17;0;3;23;-9.06847737426363;1;20;2.48773958866674;18
TRACK:22;14;-1;3;6;4;6;5;5;2;5;5;1;8;24;6;2;6;10;4;9
TRACK:23;16;-1;5;1;1;1;2;5;2;3;9;4;19;5;3;4;12;2;5;2;5;19;4;21;-1.9181058924219125;6;3;3;21;9.752270300530874;2;1;3;5;0;18;13;3;0;1;15;18;6;22;3.7001163799021817;4;2;0;1;15;10;6;22;-0.1580091449360267;4;2;21;9.326656048387669;15;3;0;1;4;6;6;16;2;0;0;15;5;25;3;21;4.154552606961836;6;0;19;19;1;0;3;5;12;1;3;25;6;22;-6.976477619142256;3;2;5;15;5;22;-5.910606979668249
TRACK:24;18;-1;6;5;4;1;4;1;4;24;5;5;6;1;16;11;3;1;2;6;6;1;18;8;6;4;0;11;21;6.561321195499115;5;1;2;3;9;2;17;21;3.0908696425879763;2;3;25;6;8
TRACK:25;11;-1;6;3;2;1;6;0;3;4;4;0;8;12;2;3;5;3;22;9.510214632784777;6;2;6;23;-3.6712943182895517;0;8;18;2;1;1;3;3;1;13;18;0;1;0;21;-5.381589095738361;10;4;11;0;6;21;-8.264546887423407;0;7;0.2926002208434184;23;4.548266206480124;2;0;4;1;22;-6.272580230702935;25;4;0;7;4.73374339851743;11;2;5;3;14;2;3;15;4;7;-5.1672367997587445;2;6;4;5;5;11;0;0;1;2;17;11;2;22;0.09611158767251181;11;4;3;21;2.178443945682294;5;1;5;15;5;15;5;0;4;6;1;1;6;16;3;21;4.994831316274095;0;3;12;3;8;6;6;4;1;1;10;14;1;21;6.192222996252973;17
TRACK:26;13;-1;3;0;5;4;2;6;2;6;5;0;23;-0.8315231326092203;23;6.505275225449828;2;4;2;25;18;0;2;15;19;0;25;17;1;4;6;6;5;20;-8.643933849052422;4;6;1;3;23;0.8382894204621111;2;16;7;-8.269010384777468;6;0;1;0;0;5;2;2;8;17;6;21;9.693001434251078;0;6;2;11;17;1;5;9;4;13;3;2;1;5;20;-0.27750947835960665;3;16;1;6;7;4.54497488743124;3;15;2;5;6;0;2;10;11;0;15;15;3;5;0;14;22;1.78995471850823;0;0;6;0;4;2;18;24;0;5;15;3;22;-0.2807036859241459;2;1;5;0;15;21;-3.8786111063259683;2;5;7;-9.153722871137326;2;16;7;9.601360527996135;1;5;3;17;5;6;14;1;1;4;5;0;19;18;5;1;4;24;4;17;3;4;5;0;17;16
TRACK:27;15;-1;2;1;6;5;4;3;5;5;2;5;18;3;11;1;3;0;1;2;2;6;0;12;12;0;5;20;0.5364660957095482;6;11;0;3;3;21;0.997378699066292;2;2;12;15;2;17;19;1;6;6;2;13;10;4;6;3;17;2;5;4;1;1;8;8;2;24;7;-1.1145937459649504;4;0;2;5;16;3;16;1;3;16;1;24;12;6;1;5;6;5;5;6;9;5;0;6;5;0;14;22;2.1622194730390967;4;4;5;18;2;5;1;4;6;6;6;3;6;24;0;5;0;6;2;1;24;20;6.006800645946001;1;10;22;-6.1748658041932165;5;4;2;17;20;-1.2022299473758409;3;10;6;2;2;6;5;3;5;2;14;17;2;5;5;3;0;16;9;2;4;2;1;8;15;5;19;4;5;3;19;1;3;0;6;4;1;7;-2.0264738286418753;24;1;4;4;24;1;6;19;1;25;14;0;0;5;6;6;12;3;1;4;7;3.604293646266645;0;8;10;5;1;3;5;17;0;3;23;-8.906694077096587;1;20;2.5537076414466067;18
TRACK:28;17;-1;2;5;0;5;2;6;2;4;6;2;8;14;1;5;3;21;8.274509721489453;0;3;17;2;16;16;1;1;5;1;6;7;-5.038839283884927;5;15;4;2;0;10;13;1;7;-7.456044757919875;23;-5.814737518373064;0;6;5;3;7;9.777150701507544;5;6;23;7.6306927139403165;1;0;3;3;5;6;2;16;24;1;1;5;4;0;16;13;3;5;0;19;25;4;6;1;5;18;6;12;0;3;4;2;6;3;12;3;6;7;9.548108681799865;2;6;6;3;1;17;21;5.0842165669374975;5;2;3;3;11;5;5;17;4;2;1;1;1;2;5;2;3;9;4;19;5;3;4;12;2;5;2;5;19;4;21;-1.683547495775781;6;3;3;21;9.708126369197412;2;1;5;1;15;24;3;0;1;15;18;6;22;3.633510532683133;4;2;0;1;15;10;6;22;-0.16581440909285247;4;2;21;9.474709330575754;15;3;0;1;4;6;6;16;2;0;0;15;23;9.196687281388513;3;21;4.085752953110476;6;0;19;19;1;0;3;5;12;1;3;25;6;22;-6.773653129928423;3;2;5;15;5;22;-6.100419895809802;6;4;4;4;1;5;2;18;25;5;1;23;-9.207313980354117;9
TRACK:29;19;-1;3;2;1;2;6;6;1;4;1;1;20;-2.6630723037083257;9;5;12;5;2;4;24;6;17;1;1;2;1;1;6;16;3;21;5.132709779286027;0;3;22;7.883029478849785;3;8;4;6;5;21;-1.696025175666431;1;1;4;2;21;-7.723381634783642;18;0;6;15;6;14;1;6;1;23;2.363136960250135;19;3;3;10;6;2;6;5;2;19;11;4;0;3;20;-8.907296244167751;0;24;16;4;6;1;2;2;0;4;10;0;20;-3.631341955874492;14;2;5;9;1;17;11;6;2;5;11;2;20;-3.3168581586476225;17;1;3;0;4;10;0;15;21;-5.854079643167348;5;0;4;20;6.079177258898087;4;7;-1.5766499437923067;6;4;2;2;1;3;2;1;9;24;6;22;-6.311312530722923;2;0;4;14;5;24;2;5;7;-4.364414640054047;3;19;3;5;6;5;24;3;6;1;5;1;7;7.036893429014716;17;4;3;8
EVAL_INSTANCE:1:0:20
EVAL_INSTANCE:1:1:21
EVAL_INSTANCE:1:2:22
EVAL_INSTANCE:1:3:23
EVAL_INSTANCE:1:4:24
EVAL_INSTANCE:1:5:25
EVAL_INSTANCE:1:6:26
EVAL_INSTANCE:1:7:27
EVAL_INSTANCE:1:8:28
EVAL_INSTANCE:1:9:29
RUN_RESULT:1:0:0:1475:URRRUUDDRUUDDD
RUN_RESULT:1:1:0:2000:----
RUN_RESULT:1:2:0:2000:----
RUN_RESULT:1:3:0:2000:----
RUN_RESULT:1:4:0:2000:----
RUN_RESULT:1:5:0:2000:----
RUN_RESULT:1:6:0:2000:----
RUN_RESULT:1:7:0:100:URRRUUDDRUUDDD
RUN_RESULT:1:8:0:2000:----
RUN_RESULT:1:9:0:2000:----
     2 |       20 | -8.950000E+02 | -3.900000E+03
TRACK:30;8;27;3;2;1;2;6;6;1;4;1;1;20;-2.7858128805147313;9;5;12;5;2;4;24;6;17;1;1;2;1;1;6;16;3;21;4.983200883875449;0;3;12;3;8;4;6;5;21;-1.6889615056755574;1;1;4;2;21;-7.78261587598357;18;0;6;15;6;14;1;6;5;18;3;3;10;6;2;6;5;2;19;11;4;0;3;20;-9.099330445108219;0;24;16;4;6;1;2;2;0;4;10;0;20;-3.8066126244635434;14;2;5;9;1;17;11;6;2;5;11;2;20;-3.279066226176715;17;1;3;0;4;10;0;15;21;-5.7633445442449265;5;0;4;20;5.968661858943879;4;7;-1.5286064123330156;6;4;2;2;1;3;2;1;9;24;6;22;-6.399911465246584;2;0;4;14;5;24;2;5;7;-4.290014972646759;3;19;3;5;1;1;7;-9.23375097102982;17;1;21;8.0945738513472;24;3;6;1;5;1;7;6.97207499813393;17;4;3;8
TRACK:31;8;27;2;1;6;5;4;3;5;5;2;5;18;3;11;1;3;0;1;2;2;6;0;12;12;0;5;20;0.5364660957095482;6;11;0;3;3;21;0.997378699066292;2;2;12;15;2;17;19;1;6;6;2;13;10;4;6;3;17;2;5;4;1;1;8;8;2;24;7;-1.1145937459649504;4;0;2;5;16;3;16;1;1;9;24;1;24;12;6;1;5;6;5;5;6;9;5;0;6;5;0;14;22;2.1622194730390967;4;4;5;18;2;5;1;4;6;6;6;3;6;24;0;5;0;6;2;1;24;20;6.006800645946001;1;10;22;-6.1748658041932165;5;4;2;17;20;-1.2022299473758409;3;10;6;2;2;6;5;3;5;2;14;17;2;5;5;3;0;16;9;2;4;2;1;8;15;5;19;4;5;3;19;1;3;0;6;4;1;7;-2.0264738286418753;24;1;4;4;24;1;6;19;1;25;14;0;0;5;6;6;12;3;1;4;7;3.604293646266645;0;8;10;5;1;3;5;17;0;3;23;-8.906694077096587;1;20;2.5537076414466067;18
TRACK:32;20;6;3;2;1;2;6;6;1;1;21;6.100472974651142;17;5;2;6;16;6;17;1;1;2;1;1;6;16;3;21;5.07024944693043;0;3;12;3;8;4;6;5;21;-1.6895847271289504;1;1;4;2;21;-7.852352831648568;18;0;6;15;6;14;1;6;1;23;2.5508055859192806;19;3;3;10;6;2;6;5;2;19;11;4;0;3;20;-9.211222673873205;0;24;16;4;6;1;2;2;0;4;10;0;20;-3.881108659073193;22;0.095191781316462;2;5;9;1;17;11;6;2;5;11;2;20;-3.2648317812904177;17;1;3;0;4;10;0;15;21;-5.802888330141703;5;0;4;20;6.0744764404930764;4;7;-1.3107369998628067;6;4;2;2;1;3;2;1;9;24;6;22;-6.339735039777148;2;0;4;14;5;24;2;5;7;-4.28472970955229;3;19;3;5;1;1;7;-9.314808126898416;17;1;21;7.939115297488505;24;3;6;1;5;1;7;7.136053474360275;17;4;3;8
TRACK:33;20;6;6;3;2;1;6;0;3;4;4;0;8;12;2;3;5;3;22;9.52570500935192;6;2;6;23;-3.6137067334894173;0;8;18;2;1;1;3;3;1;13;18;0;1;0;21;-5.44615325392384;10;4;11;0;6;21;-8.194542683219709;0;25;23;4.419520239227197;2;0;4;1;22;-6.234134065814734;25;4;0;7;4.8404843028280595;11;2;5;3;14;2;3;15;4;7;-5.188134455543658;2;6;4;5;5;11;0;0;1;2;17;11;2;22;0.095191781316462;11;4;3;21;2.2570856059477844;5;1;5;16;5;15;5;0;4;6;3;4;5;7;8.779206615692377;6;6;4;1;1;10;14;1;21;6.1305007276008325;17
TRACK:34;4;20;6;5;4;1;4;1;2;2;2;8;4;13;6;3;23;6.415067245048107;1;4;2;12;11;6;5;24;5;5;6;1;16;11;3;1;2;6;6;1;18;8;6;4;0;11;21;6.499635404409542;5;1;2;3;9;2;8;21;3.144408001539734;2;3;25;6;8
TRACK:35;4;20;3;2;1;2;6;6;1;1;21;6.100472974651142;17;5;2;6;16;6;17;1;1;2;1;1;6;16;3;21;5.07024944693043;0;3;12;3;8;4;6;5;21;-1.6895847271289504;1;1;4;2;21;-7.852352831648568;21;6.499635404409542;0;6;15;6;14;1;6;1;23;2.5508055859192806;19;3;3;10;6;2;6;5;2;19;11;4;0;3;20;-9.211222673873205;0;24;16;4;6;1;2;2;0;4;10;0;20;-3.881108659073193;14;2;5;9;1;17;11;6;2;5;11;2;20;-3.2648317812904177;17;1;3;0;4;10;0;15;21;-5.802888330141703;5;0;4;20;6.0744764404930764;4;7;-1.3107369998628067;6;4;2;2;1;3;2;1;9;24;6;22;-6.339735039777148;2;0;4;14;5;24;2;5;7;-4.28472970955229;3;19;3;5;1;1;7;-9.314808126898416;17;1;21;7.939115297488505;24;3;6;1;5;1;7;7.136053474360275;17;4;3;8
TRACK:36;3;8;3;1;1;1;1;2;6;1;6;2;16;22;-7.108950383504739;1;3;15;0;24;23;2.5833784514667624;4;5;3;1;25;9;1;3;5;3;2;23;-6.452283371823546;8;1;3;2;3;22;5.6516044727898205;3;20;4.568835131449729;2;3;2;7;2.717066821526579;25;3;6;18;1;0;0;2;6;5;9;3;6;24;2;6;5;22;-2.382657268071819;1;0;13;8;0;25;13;2;5;6;3;15;0;5;4;15;1;2;23;1.8516194465980877;20;-4.978207730301403;2;15;7;-9.783843130050807;3;1;0;6;6;10;1;1;17;21;-3.05115689176529;1;7;-6.125688480366687;16;6;4;5;13;3;0;0;0;1;2;4;13;5;18;4;5;22;1.6102217763995945;5;4;3;15;4;1;3;0;23;-1.4449704919963509;7;-4.956240590047257;1;1;9;14;6;15;1;1;5;3;0;19;13;1;0;4;16;2;18;13;0;3;21;4.983200883875449;5;11;6;1;6;5;17;1;2;8;14;5;19;6;0;4;2;4;3;5;3;12;5;6;2;4;10;3;16;6;3;4;4;0;2;25;12;2;19;10
TRACK:37;3;8;3;2;1;2;6;6;1;4;1;1;20;-2.7858128805147313;9;5;12;5;2;4;24;6;17;1;1;2;1;1;6;16;3;21;4.983200883875449;0;3;12;3;23;-6.452283371823546;4;6;5;21;-1.6889615056755574;1;1;4;2;21;-7.78261587598357;18;0;6;15;6;14;1;6;1;23;2.357552849591908;19;3;3;10;6;2;6;5;2;19;11;4;0;3;20;-9.099330445108219;0;24;16;4;6;1;2;2;0;4;10;0;20;-3.8066126244635434;14;2;5;9;1;17;11;6;2;5;11;2;20;-3.279066226176715;17;1;3;0;4;10;0;15;21;-5.7633445442449265;5;0;4;20;5.968661858943879;4;7;-1.5286064123330156;6;4;2;2;1;3;2;1;9;24;6;22;-6.399911465246584;2;0;4;14;5;24;2;5;7;-4.290014972646759;3;19;3;5;1;1;7;-9.23375097102982;17;1;21;8.0945738513472;24;3;6;1;5;1;7;6.97207499813393;17;4;3;8
TRACK:38;27;5;2;1;6;5;4;3;5;5;2;5;18;3;11;1;3;0;1;2;2;6;0;12;12;0;5;20;0.5364660957095482;6;11;0;3;3;21;0.997378699066292;2;2;12;15;2;17;19;1;6;6;2;13;10;4;6;3;17;2;5;4;1;1;8;8;2;24;7;-1.1145937459649504;4;0;2;5;16;3;16;1;3;16;1;24;12;6;1;5;6;5;5;6;9;5;0;6;5;0;14;22;2.1622194730390967;4;4;5;18;2;5;1;4;6;6;6;3;6;24;0;5;0;6;2;1;24;20;6.006800645946001;1;10;22;-6.1748658041932165;5;4;2;17;20;-1.2022299473758409;3;10;6;2;2;6;5;3;5;2;14;17;2;5;5;3;0;16;9;2;4;2;1;8;15;5;19;4;5;3;19;1;3;0;6;4;1;7;-2.0264738286418753;24;1;4;4;22;-6.417212831416894;1;6;19;1;25;14;0;0;5;6;6;12;3;1;4;7;3.604293646266645;0;8;10;5;1;3;5;17;0;3;23;-8.906694077096587;1;20;2.5537076414466067;18
TRACK:39;27;5;5;4;3;3;5;1;1;3;4;1;22;-6.417212831416894;24;0;5;6;12;1;2;12;21;-3.358408125718757;5;21;-1.5978158854468578;3;6;5;1;15;19
TRACK:40;30;-1;3;2;1;2;6;6;1;4;1;1;20;-2.7733343319674555;9;5;12;5;2;4;24;6;17;1;1;2;1;1;6;16;3;21;5.101528360645961;0;3;12;3;8;4;6;5;21;-1.6400624177051568;1;1;4;2;21;-7.916346343475426;18;0;6;15;6;14;1;6;5;18;3;3;10;6;2;6;5;2;19;11;4;0;3;20;-9.128939949939388;0;24;16;4;6;1;2;2;0;4;10;0;20;-3.6723775581005116;14;2;5;9;1;17;11;6;2;5;11;2;20;-3.212408456640308;17;1;3;0;4;10;0;15;21;-5.884826473236381;5;0;4;20;5.980479445762041;4;7;-1.575985672059168;6;4;2;2;1;3;2;1;9;24;6;22;-6.348429105001357;2;0;4;14;5;24;2;5;7;-4.269578669609465;3;19;3;5;1;1;7;-9.377638248605479;17;2;24;11;3;6;1;5;1;7;7.017356092474016;17;4;3;8
TRACK:41;32;-1;3;2;1;2;6;6;1;1;21;5.9693206425298655;17;5;2;6;16;6;17;1;1;2;1;1;6;16;3;21;5.017497174471803;0;3;12;3;8;4;6;5;21;-1.6382250981778184;1;1;4;2;21;-7.914298410033384;18;0;6;15;6;14;1;6;1;23;2.591394804082299;19;3;3;10;6;2;6;5;2;19;11;4;0;3;20;-9.303563169343269;0;24;16;4;6;1;2;2;0;4;10;0;20;-3.9289435276053757;22;-0.15181533652343948;2;5;9;1;17;11;6;0;17;14;1;3;0;4;10;0;15;21;-5.798090917439813;5;0;4;20;6.15548145998575;4;7;-1.3143629124699048;6;4;2;2;1;3;2;1;9;24;6;22;-6.187166124257307;2;0;4;14;5;24;2;5;7;-4.29328828170691;3;19;3;5;1;1;7;-9.309620330192502;17;1;21;8.065142658519104;24;3;6;1;5;1;7;7.295480461209427;17;4;3;8
TRACK:42;4;-1;6;5;4;1;4;1;2;2;2;2;25;7;-9.243167860415657;4;13;6;3;23;6.517947088785924;1;4;2;12;11;6;5;24;5;5;6;1;16;11;3;1;2;6;6;1;18;8;6;4;0;11;21;6.562490085124754;5;1;2;3;9;2;8;21;3.0172386698834623;2;3;25;6;8
TRACK:43;36;-1;3;1;1;1;1;2;6;1;6;2;16;22;-7.206788530779343;1;3;15;0;24;23;2.544370062315948;4;5;3;1;25;9;1;3;5;3;2;23;-6.441744868301247;8;1;3;2;3;22;5.734034153122193;3;20;4.631033650191922;2;3;2;7;2.661523681862448;25;3;6;18;1;0;0;2;6;5;9;3;6;24;2;6;5;22;-2.2809957723631555;1;0;13;8;0;25;13;2;5;6;3;15;0;5;4;15;1;2;23;1.5786980647267428;20;-4.877531109798036;2;15;7;-9.506394401794644;3;1;0;6;6;10;1;1;17;21;-3.0399054012738578;1;7;-6.309058457756429;16;6;4;5;13;3;0;0;0;1;2;4;13;5;18;4;5;22;1.6824879272188231;5;4;3;15;4;1;3;0;23;-1.3629660122694314;7;-5.050250820341;1;1;9;14;6;15;1;1;5;3;0;19;13;1;0;4;16;2;18;13;0;3;21;5.021172708210968;5;11;6;1;6;5;17;1;2;8;14;5;19;6;6;1;1;5;6;2;6;7;-6.195764184494655;6;7;-6.82883726212955;0;2;5;0;8;8;2;5;11;4;8;1;2;5;8;5;23;0.009085007309565185;0;0;22;-0.9341362485110611;10;4;15;4;0;5;0;1;25;15;5;9;2;5;1;17;14;4;1;18;9
TRACK:44;38;-1;2;1;6;5;4;3;5;5;2;5;18;3;11;1;3;0;1;2;2;6;0;12;12;0;5;20;0.6754824709619174;6;11;0;3;3;21;0.9835764603601798;2;2;12;15;2;17;19;1;6;6;2;13;10;4;6;3;17;2;5;4;1;1;8;8;2;24;7;-1.145844988714277;4;0;2;5;16;3;16;1;3;16;1;24;12;6;1;5;6;5;5;6;9;1;4;5;2;8;20;-3.2212864843179734;1;1;5;14;6;21;8.927078178668605;2;4;18;6;14;2;5;1;4;6;6;6;3;6;24;0;5;0;6;2;1;24;20;6.143371917899337;1;10;22;-6.007084284337308;5;4;2;17;20;-1.0970316199750585;3;10;6;2;2;6;5;3;5;2;14;17;2;5;5;3;0;16;9;2;4;2;1;8;15;5;19;4;5;3;19;1;3;0;6;4;1;7;-1.9222259688997718;24;1;4;4;22;-6.145192160230695;1;6;19;1;25;14;0;0;5;6;6;12;3;1;4;7;3.5441437719599778;0;8;10;5;1;3;5;17;0;3;23;-9.00510396009123;1;20;2.6088746664437363;18
TRACK:45;31;-1;2;1;6;5;4;3;5;5;2;5;18;3;11;1;3;0;1;2;2;6;0;12;12;0;5;20;0.5544809410655842;6;11;0;3;3;21;0.9307190416780292;2;2;12;15;2;17;19;1;6;6;2;13;10;4;6;3;17;2;5;4;1;1;8;8;2;24;7;-1.1605132189460474;4;0;2;5;16;3;16;1;1;9;24;1;24;12;6;1;5;6;5;5;6;9;5;0;6;5;0;14;22;2.0704408329693558;4;4;5;18;2;5;1;4;6;6;6;3;6;24;0;5;0;6;2;1;24;20;5.844500832812259;1;10;22;-6.140361757404531;5;4;2;17;20;-1.2712287815917989;3;10;6;2;2;6;5;3;5;2;14;17;2;5;5;3;0;16;9;2;4;2;1;8;15;5;19;4;5;3;19;1;3;0;6;4;1;7;-2.16793688794384;24;1;4;4;24;1;6;19;1;25;14;0;0;5;6;6;12;3;1;4;7;3.5205374677186483;0;8;10;3;16
TRACK:46;33;-1;6;3;2;1;6;0;3;4;4;0;8;12;2;3;5;3;22;9.504444620500761;6;2;6;23;-3.4406692910677656;0;8;18;2;1;1;3;3;1;13;18;0;1;0;21;-5.493648633087822;10;4;11;0;6;21;-8.228192811960776;0;25;23;4.4221586663127255;2;0;4;1;22;-6.268049957249741;25;4;0;7;5.078869321293261;11;2;5;3;14;2;3;15;4;7;-5.212049445853266;2;6;4;5;5;11;0;0;1;2;17;11;2;22;0.06409517351093916;11;4;3;21;2.300955331201175;5;1;5;16;5;15;5;0;4;6;3;4;5;7;8.862576548733733;5;6;18
TRACK:47;20;-1;3;2;1;2;6;6;1;1;21;6.071651176329202;17;5;2;6;16;6;17;1;1;2;1;1;6;16;3;21;5.165731006828236;0;3;12;3;8;4;6;5;21;-1.672936614967984;1;1;4;2;21;-7.697413621308867;18;0;6;15;6;14;1;6;1;23;2.5546254956135215;19;3;3;10;6;2;6;5;2;19;11;4;5;1;21;7.2986261956631004;18;4;6;1;2;2;0;4;10;0;20;-3.73453593219173;14;2;5;9;1;17;11;6;2;5;11;2;20;-3.2237705812064346;17;1;3;0;4;10;0;15;21;-5.880143069529273;5;0;4;20;6.011219396377287;4;7;-1.335580510066815;6;4;2;2;1;3;2;1;9;24;6;22;-6.412064143098495;2;0;4;14;5;24;2;5;7;-4.183416253553664;3;19;3;5;1;1;7;-9.214150983032036;17;1;21;8.03607674758031;24;3;6;1;5;1;7;7.220352890961728;17;4;3;8
TRACK:48;37;-1;3;2;1;2;6;6;1;4;1;1;20;-2.644764119277545;9;5;12;5;2;4;24;6;17;1;1;2;1;1;6;16;3;21;5.002933286645727;0;3;12;3;23;-6.33263773414779;4;6;5;21;-1.577941446752623;3;6;11;6;2;6;5;2;19;11;4;0;3;20;-9.1758869345574;0;24;16;4;6;1;2;2;0;4;10;0;20;-3.8845444499109276;14;2;5;9;1;17;11;6;2;5;11;2;20;-3.0966520450979464;17;1;3;0;4;10;0;15;21;-5.861224595311966;5;0;4;20;6.045142607356848;4;7;-1.5925573222964986;6;4;2;2;1;3;2;1;9;24;6;22;-6.3955932443578725;2;0;4;14;5;24;2;5;7;-4.388133998014178;3;19;3;5;1;1;7;-9.041836900369253;17;1;21;8.301700764705792;24;3;6;1;5;1;7;6.917353072127876;17;4;3;8
TRACK:49;39;-1;5;4;3;3;5;1;1;3;4;1;10;19;0;5;6;12;1;2;12;21;-3.402748602403756;5;21;-1.4659085858052865;3;6;5;1;15;19
EVAL_INSTANCE:2:0:40
EVAL_INSTANCE:2:1:41
EVAL_INSTANCE:2:2:42
EVAL_INSTANCE:2:3:43
EVAL_INSTANCE:2:4:44
EVAL_INSTANCE:2:5:45
EVAL_INSTANCE:2:6:46
EVAL_INSTANCE:2:7:47
EVAL_INSTANCE:2:8:48
EVAL_INSTANCE:2:9:49
RUN_RESULT:2:0:0:1475:URRRUUDDRUUDDD
RUN_RESULT:2:1:0:1384:URRRUUDDRUUDDD
RUN_RESULT:2:2:0:2000:----
RUN_RESULT:2:3:0:2000:----
RUN_RESULT:2:4:0:100:URRRUUDDRUUDDD
RUN_RESULT:2:5:0:100:URRRUUDDRUUDDD
RUN_RESULT:2:6:0:2000:----
RUN_RESULT:2:7:0:1475:URRRUUDDRUUDDD
RUN_RESULT:2:8:0:1475:URRRUUDDRUUDDD
RUN_RESULT:2:9:0:640:URRRUUDDRUUDDD
     3 |       30 | -3.030100E+03 | -3.900000E+03
TRACK:50;49;27;5;4;3;3;5;1;1;3;4;1;10;19;0;5;6;12;1;2;12;21;-3.402748602403756;5;21;-1.4659085858052865;3;6;1;10;22;-6.1748658041932165
TRACK:51;49;27;2;1;6;5;4;3;5;5;2;5;18;3;11;1;3;0;1;2;2;6;0;12;12;0;5;20;0.5364660957095482;6;11;0;3;3;21;0.997378699066292;2;2;12;15;2;17;19;1;6;6;2;13;10;4;6;3;17;2;5;4;1;1;8;8;2;24;7;-1.1145937459649504;4;0;2;5;16;3;16;1;3;16;1;24;12;6;1;5;6;5;5;6;9;5;0;6;5;0;14;22;2.1622194730390967;4;4;5;18;2;5;1;4;6;6;6;3;6;24;0;5;0;6;2;1;24;20;6.006800645946001;1;10;22;-6.1748658041932165;5;4;2;17;20;-1.2022299473758409;3;10;6;2;2;6;5;3;5;2;14;17;2;5;5;3;0;16;9;2;4;2;1;8;15;5;19;4;5;3;19;1;3;0;6;4;1;7;-2.0264738286418753;24;1;4;4;24;1;6;19;1;25;14;0;0;5;6;6;12;12;5;1;3;5;17;0;3;23;-8.906694077096587;1;20;2.5537076414466067;18
TRACK:52;44;45;2;1;6;5;4;3;11;1;3;0;1;2;2;6;0;12;12;0;5;20;0.6754824709619174;6;11;0;3;3;21;0.9835764603601798;2;2;12;15;2;17;19;1;6;6;2;13;10;4;6;3;17;2;5;4;1;1;8;8;2;24;7;-1.145844988714277;4;0;2;5;16;3;16;1;3;16;1;24;12;6;1;5;6;5;5;6;9;1;4;5;2;8;20;-3.2212864843179734;1;1;5;14;6;21;8.927078178668605;2;4;18;6;14;2;5;1;4;6;6;6;3;6;24;0;5;0;6;2;1;24;20;6.143371917899337;1;10;22;-6.007084284337308;5;4;2;17;20;-1.0970316199750585;3;10;6;2;2;6;5;3;5;2;14;17;2;5;5;3;0;16;9;2;4;2;1;8;15;5;19;4;5;3;19;1;3;0;6;4;1;7;-1.9222259688997718;24;1;4;4;22;-6.145192160230695;1;6;19;1;25;14;0;0;5;6;6;12;3;1;4;7;3.5441437719599778;0;8;10;5;1;3;5;17;0;3;23;-9.00510396009123;1;20;2.6088746664437363;18
TRACK:53;44;45;2;1;6;5;4;3;5;5;2;5;18;3;11;1;3;0;1;2;2;6;0;12;12;0;5;20;0.5544809410655842;6;11;0;3;3;21;0.9307190416780292;2;2;12;15;2;17;19;1;6;6;2;13;10;4;6;3;17;2;5;4;1;1;8;8;2;24;7;-1.1605132189460474;4;0;2;5;16;3;16;1;1;9;24;1;24;12;6;1;5;6;5;5;6;9;5;0;24;4;4;5;18;2;5;1;4;6;6;6;3;6;24;0;5;0;6;2;1;24;20;5.844500832812259;1;10;22;-6.140361757404531;5;4;2;17;20;-1.2712287815917989;3;10;6;2;2;6;5;3;5;2;14;17;2;5;5;3;0;16;9;2;4;2;1;8;15;5;19;4;5;3;19;1;3;0;6;4;1;7;-2.16793688794384;24;1;4;4;24;1;6;19;1;25;14;0;0;5;6;6;12;3;1;4;7;3.5205374677186483;0;8;10;3;16
TRACK:54;20;45;3;2;1;2;6;6;1;1;21;6.100472974651142;17;5;2;6;16;6;17;1;1;2;1;1;6;16;3;21;5.07024944693043;0;3;12;3;8;4;6;5;21;-1.6895847271289504;1;1;4;2;21;-7.852352831648568;18;0;6;15;6;14;1;6;1;23;2.5508055859192806;19;3;3;10;6;2;6;5;2;19;11;4;0;3;20;-9.211222673873205;0;24;16;4;6;1;2;2;0;4;10;0;20;-3.881108659073193;14;2;5;9;1;17;11;6;2;5;11;2;20;-3.2648317812904177;17;1;3;0;4;10;0;15;21;-5.802888330141703;5;0;4;20;6.0744764404930764;4;7;-1.3107369998628067;6;4;2;2;1;3;2;1;9;24;6;22;-6.339735039777148;2;0;4;14;5;24;2;5;7;-4.28472970955229;3;19;3;5;1;1;7;-9.314808126898416;24;1;21;7.939115297488505;24;3;6;1;5;1;7;7.136053474360275;17;4;3;8
TRACK:55;20;45;2;1;6;5;4;3;5;5;2;5;18;3;11;1;3;0;1;2;2;6;0;12;12;0;5;20;0.5544809410655842;6;11;0;3;3;21;0.9307190416780292;2;2;12;15;2;17;19;1;6;6;2;13;10;21;6.100472974651142;2;5;4;1;1;8;8;2;24;7;-1.1605132189460474;4;0;2;5;16;3;16;1;1;9;24;1;24;12;6;1;5;6;5;5;6;9;5;0;6;5;0;14;22;2.0704408329693558;4;4;5;18;2;5;1;4;6;6;6;3;6;24;0;5;0;6;2;1;24;20;5.844500832812259;1;10;22;-6.140361757404531;5;4;2;17;20;-1.2712287815917989;3;10;6;2;2;6;5;3;5;2;14;17;2;5;5;3;0;16;9;2;4;2;1;8;15;5;19;4;5;3;19;1;3;0;6;4;1;7;-2.16793688794384;24;1;4;4;24;1;6;19;1;25;14;0;0;5;6;6;12;3;1;4;7;3.5205374677186483;0;8;10;3;16
TRACK:56;8;48;3;2;1;2;6;6;1;4;1;1;20;-2.7858128805147313;9;5;12;5;2;4;24;6;17;1;1;2;1;1;6;16;3;21;4.983200883875449;0;3;12;3;8;4;6;5;21;-1.6889615056755574;1;1;4;2;21;-7.78261587598357;18;0;6;15;6;14;1;6;1;23;2.357552849591908;19;3;3;10;6;2;6;5;2;19;11;4;0;3;20;-9.099330445108219;0;24;16;4;6;0;24;16;6;4;2;2;1;3;2;1;9;24;6;22;-6.399911465246584;2;0;4;14;5;24;2;5;7;-4.290014972646759;3;19;3;5;1;1;7;-9.23375097102982;17;1;21;8.0945738513472;24;3;6;1;5;1;7;6.97207499813393;17;4;3;8
TRACK:57;8;48;3;2;1;2;6;6;1;2;19;11;5;2;4;24;6;17;1;1;2;1;1;6;16;3;21;5.002933286645727;0;3;12;3;23;-6.33263773414779;4;6;5;21;-1.577941446752623;3;6;11;6;2;6;5;2;19;11;4;0;3;20;-9.1758869345574;0;24;16;4;6;1;2;2;0;4;10;0;20;-3.8845444499109276;14;2;5;9;1;17;11;6;2;5;11;2;20;-3.0966520450979464;17;1;3;0;4;10;0;15;21;-5.861224595311966;5;0;4;20;6.045142607356848;4;7;-1.5925573222964986;6;4;2;2;1;3;2;1;9;24;6;22;-6.3955932443578725;2;0;4;14;5;24;2;5;7;-4.388133998014178;3;19;3;5;1;1;7;-9.041836900369253;17;1;21;8.301700764705792;24;3;6;1;5;1;7;6.917353072127876;17;4;3;8
TRACK:58;44;27;2;1;6;5;4;3;5;5;2;5;18;3;11;1;3;0;1;2;2;6;0;12;12;0;5;20;0.6754824709619174;6;11;0;3;3;21;0.9835764603601798;2;2;12;15;2;17;19;1;6;6;2;13;10;4;6;3;17;2;5;4;1;1;8;8;2;24;7;-1.145844988714277;4;0;2;5;16;3;16;1;3;16;1;24;12;6;1;5;6;5;5;6;9;1;4;5;2;8;20;-3.2212864843179734;1;1;5;14;6;21;8.927078178668605;2;4;18;6;14;2;5;1;4;6;6;6;3;6;24;0;5;0;6;2;1;24;20;6.143371917899337;1;10;22;-6.007084284337308;5;4;2;17;20;-1.0970316199750585;3;10;6;2;2;6;5;3;5;2;14;17;2;5;5;3;0;16;9;2;4;2;1;8;15;5;19;4;5;3;19;1;3;0;6;4;1;7;-1.9222259688997718;24;1;4;4;22;-6.145192160230695;1;6;19;1;25;14;0;0;5;5;19;3;1;4;7;3.5441437719599778;0;8;10;5;1;3;5;17;0;3;23;-9.00510396009123;1;20;2.6088746664437363;18
TRACK:59;44;27;2;1;6;5;4;3;5;5;2;5;18;3;11;1;3;0;1;2;2;6;0;12;12;0;5;20;0.5364660957095482;6;11;21;8.927078178668605;1;6;6;2;13;10;4;6;3;17;2;5;4;1;1;8;8;2;24;7;-1.1145937459649504;4;0;2;5;16;3;16;1;3;16;1;24;12;6;1;5;6;5;5;6;9;5;0;6;5;0;14;22;2.1622194730390967;4;4;5;18;2;5;1;4;6;6;6;3;6;24;0;5;0;6;2;1;24;20;6.006800645946001;1;10;22;-6.1748658041932165;5;4;2;17;20;-1.2022299473758409;3;10;6;2;2;6;5;3;5;2;14;17;2;5;5;3;0;16;9;2;4;2;1;8;15;5;19;4;5;3;19;1;3;0;6;4;1;7;-2.0264738286418753;24;1;4;4;24;1;6;19;1;25;14;0;0;5;6;6;12;3;1;4;7;3.604293646266645;0;8;10;5;1;3;5;17;0;3;23;-8.906694077096587;1;20;2.5537076414466067;18
TRACK:60;50;-1;5;4;3;3;5;1;1;3;6;22;5.345368306265524;0;5;6;12;1;2;12;21;-3.3954845485438105;5;21;-1.4014664318518228;3;6;1;10;22;-6.171875288928772
TRACK:61;52;-1;2;1;6;5;4;3;11;1;3;0;1;2;2;6;0;12;12;0;5;20;0.7879694484698336;6;11;0;3;3;21;0.9908895871316599;2;2;12;15;2;17;19;1;6;6;2;13;10;4;6;3;17;2;5;4;1;1;8;8;2;24;7;-1.2758916465307528;4;0;2;5;16;3;16;1;3;16;1;24;12;6;1;5;6;5;5;6;9;1;4;5;2;8;20;-3.2800625327894393;1;1;5;14;6;21;8.97770768671137;2;4;18;6;14;2;5;1;4;6;6;6;3;6;24;0;5;0;6;2;1;24;20;6.065237206104736;1;10;22;-6.1892003250105905;5;4;2;17;20;-0.8725825942484504;3;10;6;2;2;6;5;3;5;2;14;17;2;5;5;3;0;16;9;2;4;2;1;8;15;5;19;4;5;3;19;1;3;0;6;4;1;7;-1.8985721778053706;24;1;4;4;22;-6.084310227887479;1;6;19;1;25;14;0;0;5;6;6;21;-4.800825685191754;3;1;4;7;3.4304486156365233;0;8;10;5;1;3;5;17;0;3;23;-9.083981233074581;1;20;2.533714707337035;18
TRACK:62;54;-1;3;2;1;2;6;6;1;1;21;6.107849530685994;17;5;2;6;16;6;17;1;1;2;1;1;6;16;3;21;5.032574808248749;0;3;12;3;8;4;6;5;21;-1.7517642768799924;1;1;4;2;21;-7.790974514595078;18;0;6;15;6;14;1;6;1;23;2.557904999853161;19;3;3;10;6;2;6;5;2;19;11;4;0;3;20;-9.168240820949437;0;24;16;4;6;1;2;2;0;4;10;0;20;-4.008564631457986;14;2;5;9;1;17;11;6;2;5;11;2;20;-3.315172143987345;17;1;3;0;4;10;0;15;21;-6.003576418480225;5;0;4;20;6.0205889264260914;4;7;-1.6341336290195265;6;4;2;2;1;3;2;1;9;24;1;23;-1.6945736865973426;9;2;0;4;14;5;24;2;5;7;-4.335477016499649;3;19;3;5;1;1;7;-9.240299662488274;24;1;21;8.028243355197567;24;3;6;1;5;1;7;7.043709523366111;17;4;3;8
TRACK:63;56;-1;3;2;1;6;2;6;18;4;16;4;6;0;24;16;6;4;2;2;1;3;2;1;9;24;6;22;-6.522950137224705;2;0;4;14;5;24;2;5;7;-4.197871893444881;3;19;3;5;1;1;7;-9.126829954699806;17;1;21;7.965298660406197;24;3;6;1;5;1;7;6.914596407776195;17;4;3;8
TRACK:64;58;-1;2;1;6;5;4;3;5;5;2;5;18;3;11;1;3;0;1;2;2;6;0;12;12;0;5;20;0.6357404319403683;6;11;0;3;3;21;1.115446367393298;2;2;12;15;2;17;19;1;6;6;2;13;10;4;6;3;17;2;5;4;1;1;8;8;2;24;7;-1.1073421561280101;4;0;2;5;16;3;16;1;3;16;1;24;12;6;1;5;6;5;5;6;9;1;4;5;2;8;5;14;1;1;5;14;6;21;8.819694235714934;2;4;18;6;14;2;5;1;4;6;6;6;3;6;24;0;5;0;6;2;1;24;20;5.9207707238848375;1;10;22;-6.0377844051361045;5;4;2;17;20;-1.1471063646143629;3;10;6;2;2;6;5;3;5;2;14;17;2;5;5;3;0;16;9;2;4;2;1;8;15;5;19;4;5;3;19;1;3;0;6;4;1;7;-1.7718308324637162;24;1;4;4;22;-6.285502400286827;1;6;19;1;25;14;0;0;5;5;19;3;1;4;7;3.5231493989268623;0;8;10;5;1;3;5;17;0;3;23;-8.927501559647391;1;20;2.6949437176889344;18
TRACK:65;51;-1;2;1;6;5;4;3;5;5;2;5;18;3;11;1;3;0;1;2;2;6;0;12;12;0;5;20;0.592939277894491;6;11;0;3;3;21;0.9924030265489886;2;2;12;15;2;17;19;1;6;6;2;13;10;4;6;3;17;2;5;4;1;1;8;8;2;24;7;-1.099650447181148;4;0;2;5;16;3;16;1;3;16;1;24;12;6;1;5;6;5;5;6;9;5;0;6;5;0;14;22;2.031590721413082;4;4;5;18;2;5;1;4;6;6;6;3;6;24;0;5;0;6;2;0;17;16;1;10;22;-5.959334711917381;5;4;2;17;20;-1.2462302835927526;3;10;6;2;2;6;5;3;5;2;14;17;2;5;5;3;0;16;9;2;4;2;1;8;15;5;19;4;5;3;19;1;3;0;6;4;1;7;-2.0226350879644546;24;1;4;4;24;1;6;19;1;25;14;0;0;5;6;6;12;12;5;1;3;5;17;0;3;23;-8.744363998190272;1;20;2.70177482144017;18
TRACK:66;53;-1;2;1;6;5;4;3;5;5;2;5;18;3;20;2.39134938338262;1;3;0;1;2;2;6;0;12;12;0;5;20;0.7106222833260383;6;11;0;3;3;21;0.9367367828448053;2;2;12;15;2;17;19;1;6;6;2;13;10;4;6;3;17;2;5;4;1;1;8;8;2;24;7;-1.408848067724663;4;0;2;5;16;3;16;1;1;9;24;1;24;12;6;1;5;6;5;5;6;9;5;0;24;4;4;5;18;2;5;1;4;6;6;6;3;6;24;0;5;0;6;2;1;24;20;5.939334769855138;1;10;22;-6.10962233785648;5;4;2;17;20;-1.235523562408769;3;10;6;2;2;6;5;3;5;2;14;17;2;5;5;3;0;16;9;2;4;2;1;8;15;5;19;4;5;3;19;1;3;0;6;4;1;7;-2.113083118487054;24;1;4;4;24;1;6;19;1;25;14;0;0;5;6;6;12;3;1;4;7;3.4098734667371255;0;8;10;3;16
TRACK:67;55;-1;2;1;6;5;4;3;5;5;2;5;18;3;11;1;3;0;1;2;2;6;0;12;12;0;5;20;0.5180105753757215;6;11;0;3;3;21;0.964568255780726;2;2;12;15;2;17;19;1;6;6;2;13;10;21;6.147546469550958;0;19;19;6;1;5;6;5;5;6;9;5;0;6;5;0;14;22;1.8847590947579413;4;4;5;18;2;5;1;4;6;6;6;3;6;24;0;5;0;6;2;1;24;20;5.742032867683112;1;10;22;-6.3573892356270525;5;4;2;17;20;-1.2085665123144402;3;10;6;2;2;6;5;3;5;2;14;17;2;5;5;3;0;16;9;2;4;2;1;8;15;5;19;4;5;3;19;1;3;0;6;4;1;7;-2.126361268544172;24;1;4;4;24;1;6;19;1;25;14;0;0;5;6;6;12;3;1;4;7;3.4669542177430746;0;8;10;3;16
TRACK:68;57;-1;3;2;1;2;6;6;1;2;19;11;5;2;4;24;6;17;1;1;2;1;1;6;16;3;21;4.895172513985205;0;3;12;3;23;-6.323273113038266;4;6;5;21;-1.6695470690792147;3;6;11;6;2;6;0;21;-0.5683836707828664;16;4;0;3;20;-9.155699439741007;0;24;16;4;6;1;2;2;0;4;10;0;20;-3.9059977094428837;14;2;5;9;1;17;11;6;2;5;11;2;20;-3.0755728683648935;17;1;3;0;4;10;0;15;21;-5.853147011608279;5;0;4;20;6.183425453803343;4;7;-1.7111400605009144;6;4;2;2;1;3;2;1;9;24;6;22;-6.241312716246994;2;0;4;14;5;24;2;5;7;-4.409864823046042;3;19;3;5;1;1;7;-8.987619006362161;17;1;21;8.236339504019599;24;3;6;1;5;1;7;6.993208196441585;17;4;3;8
TRACK:69;59;-1;2;1;6;5;4;3;5;5;2;5;18;3;11;1;3;0;1;2;2;6;0;12;12;0;5;20;0.6342437611583274;6;11;21;8.80619975661751;1;6;6;2;13;10;4;6;3;17;2;5;4;1;1;8;8;2;24;7;-1.166446961576023;4;0;2;5;16;3;16;1;3;16;1;24;12;6;1;5;6;5;5;6;9;5;0;6;5;0;14;22;2.025103107816425;4;4;5;18;2;5;1;4;6;6;6;3;6;24;0;5;0;6;2;1;24;20;6.017821262348704;1;10;22;-6.2777647637485225;5;4;2;17;20;-1.1188005207483547;3;10;6;2;2;6;5;3;5;2;14;17;2;5;5;3;0;16;9;2;4;2;1;8;15;3;8;4;5;3;19;1;3;0;6;4;1;7;-1.9836571956551843;24;1;4;4;24;1;6;19;1;25;14;0;0;5;6;6;12;3;1;4;7;3.5112110676603234;0;8;10;5;1;3;5;17;0;3;23;-8.87682310409353;1;20;2.5174226855068405;18
EVAL_INSTANCE:3:0:60
EVAL_INSTANCE:3:1:61
EVAL_INSTANCE:3:2:62
EVAL_INSTANCE:3:3:63
EVAL_INSTANCE:3:4:64
EVAL_INSTANCE:3:5:65
EVAL_INSTANCE:3:6:66
EVAL_INSTANCE:3:7:67
EVAL_INSTANCE:3:8:68
EVAL_INSTANCE:3:9:69
RUN_RESULT:3:0:0:2000:----
RUN_RESULT:3:1:0:100:URRRUUDDRUUDDD
RUN_RESULT:3:2:0:2000:----
RUN_RESULT:3:3:0:1475:URRRUUDDRUUDDD
RUN_RESULT:3:4:0:100:URRRUUDDRUUDDD
RUN_RESULT:3:5:0:100:URRRUUDDRUUDDD
RUN_RESULT:3:6:0:100:URRRUUDDRUUDDD
RUN_RESULT:3:7:0:100:URRRUUDDRUUDDD
RUN_RESULT:3:8:0:1384:URRRUUDDRUUDDD
RUN_RESULT:3:9:0:100:URRRUUDDRUUDDD
     4 |       40 | -3.846000E+03 | -3.900000E+03
TRACK:70;27;45;2;1;6;5;4;3;5;5;2;5;18;3;11;1;3;0;1;2;2;6;0;12;12;0;5;20;0.5364660957095482;6;11;0;3;3;21;0.997378699066292;2;2;12;15;2;17;19;1;6;6;2;13;10;4;6;3;17;2;5;11;4;0;2;5;16;3;16;1;3;16;1;24;12;6;1;5;6;5;5;6;9;5;0;6;5;0;14;22;2.1622194730390967;4;4;5;18;2;5;1;4;6;6;6;3;6;24;0;5;0;6;2;1;24;20;6.006800645946001;1;10;22;-6.1748658041932165;5;4;2;17;20;-1.2022299473758409;3;10;6;2;2;6;5;3;5;2;14;17;2;5;5;3;0;16;9;2;4;2;1;8;15;5;19;4;5;3;19;1;3;0;6;4;1;7;-2.0264738286418753;24;1;4;4;24;1;6;19;1;25;14;0;0;5;6;6;12;3;1;4;7;3.604293646266645;0;8;10;5;1;3;5;17;0;3;23;-8.906694077096587;1;20;2.5537076414466067;18
TRACK:71;27;45;2;1;6;5;4;3;5;5;2;5;18;3;11;1;3;0;1;2;2;6;0;12;12;0;5;20;0.5544809410655842;6;17;0;3;3;21;0.9307190416780292;2;2;12;15;2;17;19;1;6;6;2;13;10;4;6;3;17;2;5;4;1;1;8;8;2;24;7;-1.1605132189460474;4;0;2;5;16;3;16;1;1;9;24;1;24;12;6;1;5;6;5;5;6;9;5;0;6;5;0;14;22;2.0704408329693558;4;4;5;18;2;5;1;4;6;6;6;3;6;24;0;5;0;6;2;1;24;20;5.844500832812259;1;10;22;-6.140361757404531;5;4;2;17;20;-1.2712287815917989;3;10;6;2;2;6;5;3;5;2;14;17;2;5;5;3;0;16;9;2;4;2;1;8;15;5;19;4;5;3;19;1;3;0;6;4;1;7;-2.16793688794384;24;1;4;4;24;1;6;19;1;25;14;0;0;5;6;6;12;3;1;4;7;3.5205374677186483;0;8;10;3;16
TRACK:72;69;44;2;1;6;5;4;3;5;5;2;5;18;3;11;1;3;0;1;2;2;6;0;12;12;0;5;20;0.6342437611583274;6;11;21;8.80619975661751;1;6;6;2;13;10;4;6;3;17;2;5;4;1;1;8;8;2;24;7;-1.166446961576023;4;0;2;5;16;3;16;1;3;16;1;24;12;6;1;5;6;5;5;6;9;5;0;6;5;0;14;22;2.025103107816425;4;4;5;18;2;5;1;4;6;6;6;3;6;24;0;5;0;6;2;1;24;20;6.017821262348704;1;25;22;-6.2777647637485225;5;4;2;17;20;-1.1188005207483547;3;10;6;2;2;6;5;3;5;2;14;17;2;5;5;3;0;16;9;2;4;2;1;8;15;3;8;4;5;3;19;1;3;0;6;4;1;7;-1.9836571956551843;24;1;4;4;24;1;6;19;1;25;14;0;0;5;6;6;12;3;1;4;7;3.5112110676603234;0;8;10;5;1;3;5;17;0;3;23;-8.87682310409353;1;20;2.5174226855068405;18
TRACK:73;69;44;2;1;6;5;4;3;5;5;2;5;18;3;11;1;3;0;1;2;2;6;0;12;12;0;5;20;0.6754824709619174;6;11;0;3;3;21;0.9835764603601798;2;2;12;15;2;17;19;1;6;6;2;13;10;4;6;3;17;2;5;4;1;1;8;8;2;24;7;-1.145844988714277;4;0;2;5;16;3;16;1;3;16;1;24;12;6;1;5;6;5;5;6;9;1;4;5;2;8;20;-3.2212864843179734;1;1;5;14;6;21;8.927078178668605;2;4;18;6;14;2;5;1;4;6;6;6;3;6;24;0;5;0;6;2;1;24;20;6.143371917899337;1;10;22;-6.007084284337308;5;4;2;17;20;-1.0970316199750585;3;10;6;2;2;6;5;3;5;2;14;17;2;5;3;0;16;9;2;4;2;1;8;15;5;19;4;5;3;19;1;3;0;6;4;1;7;-1.9222259688997718;24;1;4;4;22;-6.145192160230695;1;6;19;1;25;14;0;0;5;6;6;12;3;1;4;7;3.5441437719599778;0;8;10;5;1;3;5;17;0;3;23;-9.00510396009123;1;20;2.6088746664437363;18
TRACK:74;65;65;2;1;6;5;4;3;5;5;2;5;18;3;11;1;3;0;1;2;2;6;0;12;12;0;5;20;0.592939277894491;6;11;0;3;3;21;0.9924030265489886;2;2;12;15;2;17;19;1;6;6;2;13;10;4;6;3;17;2;5;4;1;1;8;8;2;24;7;-1.099650447181148;4;0;2;5;16;3;16;1;3;16;1;24;12;6;1;5;6;5;5;6;9;5;0;6;5;0;14;22;2.031590721413082;4;4;5;18;2;5;1;4;6;6;6;3;6;24;0;5;0;6;2;0;17;16;1;10;22;-5.959334711917381;5;4;2;17;20;-1.2462302835927526;3;10;6;2;2;6;5;3;5;2;14;17;2;5;5;3;0;16;9;2;4;2;1;8;15;5;19;4;5;3;19;1;3;0;5;19;1;4;4;24;1;6;19;1;25;14;0;0;5;6;6;12;12;5;1;3;5;17;0;3;23;-8.744363998190272;1;20;2.70177482144017;18
TRACK:75;65;65;2;1;6;5;4;3;5;5;2;5;18;3;11;1;3;0;1;2;2;6;0;12;12;0;5;20;0.592939277894491;6;11;0;3;3;21;0.9924030265489886;2;2;12;15;2;17;19;1;6;6;2;13;10;4;6;3;17;2;5;4;1;1;8;8;2;24;7;-1.099650447181148;4;0;2;5;16;3;16;1;3;16;1;24;12;6;1;5;6;5;5;6;9;5;0;6;5;0;14;22;2.031590721413082;4;4;5;18;2;5;1;4;6;6;6;3;6;24;0;5;0;6;2;0;17;16;1;10;22;-5.959334711917381;5;4;2;17;20;-1.2462302835927526;3;10;6;2;2;6;5;3;5;2;14;17;2;5;5;3;0;16;9;2;2;2;12;15;2;17;19;4;5;3;19;1;3;0;6;4;1;7;-2.0226350879644546;24;1;4;4;24;1;6;19;1;25;14;0;0;5;6;6;12;12;5;1;3;5;17;0;3;23;-8.744363998190272;1;20;2.70177482144017;18
TRACK:76;44;66;2;1;6;5;4;3;5;5;2;5;18;3;11;1;3;0;1;2;2;6;0;12;12;0;5;20;0.6754824709619174;6;11;0;3;3;21;0.9835764603601798;2;2;12;15;2;17;19;1;6;6;2;13;10;4;6;3;17;2;5;4;1;1;8;8;2;24;7;-1.145844988714277;4;0;2;5;16;3;16;1;3;16;1;24;12;6;1;5;6;5;5;6;9;1;4;5;2;8;20;-3.2212864843179734;1;1;5;14;6;21;8.927078178668605;2;4;18;6;14;2;5;1;4;6;6;6;3;6;24;0;5;0;6;2;1;24;20;6.143371917899337;1;10;22;-6.007084284337308;5;4;2;17;20;-1.0970316199750585;3;10;6;2;2;6;5;3;5;2;14;17;2;5;5;3;0;16;9;2;4;2;1;8;15;5;19;4;5;3;19;1;3;0;6;4;1;7;-1.9222259688997718;24;1;4;4;22;-6.145192160230695;1;6;19;1;25;12;0;0;5;6;6;12;3;1;4;7;3.5441437719599778;0;8;10;5;1;3;5;17;0;3;23;-9.00510396009123;1;20;2.6088746664437363;18
TRACK:77;44;66;2;1;6;5;4;3;5;5;2;5;18;3;20;2.39134938338262;1;3;0;1;2;2;6;0;12;12;0;5;20;0.7106222833260383;6;11;0;3;3;21;0.9367367828448053;2;2;12;15;2;17;19;1;6;6;2;13;10;4;6;3;17;2;5;4;1;1;8;8;2;24;7;-1.408848067724663;4;0;2;5;16;3;16;1;1;9;24;1;24;12;6;1;5;6;5;5;6;9;5;0;24;4;4;5;18;2;5;1;4;6;6;6;3;6;24;0;5;0;6;2;1;24;20;5.939334769855138;1;10;22;-6.10962233785648;5;4;2;17;20;-1.235523562408769;3;16;6;2;2;6;5;3;5;2;14;17;2;5;5;3;0;16;9;2;4;2;1;8;15;5;19;4;5;3;19;1;3;0;6;4;1;7;-2.113083118487054;24;1;4;4;24;1;6;19;1;25;14;0;0;5;6;6;12;3;1;4;7;3.4098734667371255;0;8;10;3;16
TRACK:78;27;67;2;1;6;5;4;3;5;5;2;5;18;3;11;1;3;0;1;2;2;6;0;12;12;0;5;20;0.5364660957095482;6;11;0;3;3;21;0.997378699066292;2;2;12;15;2;17;19;1;6;6;2;13;10;4;6;3;17;2;5;4;1;1;8;8;2;24;7;-1.1145937459649504;4;0;2;5;16;3;16;1;3;16;1;24;12;6;1;5;6;5;5;6;9;5;0;6;5;0;14;22;2.1622194730390967;4;4;5;18;2;5;0;14;22;1.8847590947579413;6;2;2;6;5;3;5;2;14;17;2;5;5;3;0;16;9;2;4;2;1;8;15;5;19;4;5;3;19;1;3;0;6;4;1;7;-2.0264738286418753;24;1;4;4;24;1;6;19;1;25;14;0;0;5;6;6;12;3;1;4;7;3.604293646266645;0;8;10;5;1;3;5;17;0;3;23;-8.906694077096587;1;20;2.5537076414466067;18
TRACK:79;27;67;2;1;6;5;4;3;5;5;2;5;18;3;11;1;3;0;1;2;9;0;3;3;21;0.964568255780726;2;2;12;15;2;17;19;1;6;6;2;13;10;21;6.147546469550958;0;19;19;6;1;5;6;5;5;6;9;5;0;6;5;0;14;22;1.8847590947579413;4;4;5;18;2;5;1;4;6;6;6;3;6;24;0;5;0;6;2;1;24;20;5.742032867683112;1;10;22;-6.3573892356270525;5;4;2;17;20;-1.2085665123144402;3;10;6;2;2;6;5;3;5;2;14;17;2;5;5;3;0;16;9;2;4;2;1;8;15;5;19;4;5;3;19;1;3;0;6;4;1;7;-2.126361268544172;24;1;4;4;24;1;6;19;1;25;14;0;0;5;6;6;12;3;1;4;7;3.4669542177430746;0;8;10;3;16
TRACK:80;70;-1;2;1;6;5;4;3;5;5;2;5;18;3;11;1;3;0;1;2;2;6;0;12;12;0;5;20;0.624462486101507;6;11;0;3;3;21;1.113572677543253;2;2;12;15;2;17;19;1;6;6;2;13;10;4;6;3;17;2;5;11;4;0;2;5;16;3;16;1;3;16;1;24;12;6;1;5;6;5;5;6;9;5;0;6;5;0;14;22;2.114350267918569;4;4;5;18;2;5;1;4;6;6;6;3;6;24;0;5;0;6;2;1;24;20;5.9327538072633725;1;10;22;-6.124941959429004;5;4;2;17;8;3;10;6;2;2;6;5;3;5;2;14;17;2;5;5;3;0;16;9;2;4;2;1;8;15;5;19;4;5;3;19;1;3;0;6;4;1;7;-1.9484683265137726;24;1;4;4;24;1;6;19;1;25;14;0;0;5;6;6;12;3;1;4;7;3.692841334454379;0;8;10;5;1;3;5;17;0;3;23;-8.759558710913879;1;20;2.4645389431540994;18
TRACK:81;72;-1;2;1;6;5;4;3;5;5;2;5;18;3;11;1;3;0;1;2;2;6;0;12;12;0;5;20;0.6609663340030393;6;11;21;8.839379140723908;1;6;6;2;13;10;4;6;3;17;2;5;4;1;1;8;8;2;24;7;-1.039308917809418;4;0;2;5;16;6;25;1;3;16;1;24;12;6;1;5;6;5;5;6;9;5;0;6;5;0;14;22;2.119839004959177;4;4;5;18;2;5;1;4;6;6;6;3;6;24;0;5;0;6;2;1;24;20;6.0525570928332355;1;25;22;-6.377505587852526;5;4;2;17;20;-1.1211308288122752;3;10;6;2;2;6;5;3;5;2;14;17;2;5;5;3;0;16;9;2;4;2;1;8;15;3;8;4;5;3;19;1;3;0;6;4;1;7;-2.1232985429955167;24;1;4;4;24;1;6;19;1;25;14;0;0;5;6;6;12;3;1;4;7;3.621393532630746;0;8;10;5;1;3;5;17;0;3;23;-8.847495665562239;1;20;2.5715098362742905;18
TRACK:82;74;-1;2;1;6;5;4;3;5;5;2;5;18;3;11;1;3;3;2;0;4;7;5.3529231262696;1;10;14;2;1;16;24;5;25;6;1;5;6;5;5;6;9;5;0;6;5;0;14;22;2.1366723975735673;4;4;5;18;2;5;1;4;6;6;6;3;6;24;0;5;0;6;2;0;17;16;1;10;22;-6.110373145838431;5;4;2;17;20;-1.295852970086931;3;10;6;2;2;6;5;3;5;2;14;17;2;5;5;3;0;16;9;2;4;2;1;8;15;5;19;4;5;3;19;1;3;0;5;19;1;4;4;24;1;6;19;1;25;14;0;0;5;6;6;12;12;5;1;3;5;17;0;3;23;-8.717503944586243;1;20;2.5426859085855367;18
TRACK:83;76;-1;2;1;6;5;4;3;5;5;2;5;18;3;11;1;3;0;1;2;2;6;0;12;12;0;5;20;0.8984105152777501;6;11;0;3;3;21;0.9637477305348435;2;2;12;15;2;17;19;1;6;6;2;13;10;4;6;3;17;2;5;4;1;1;8;8;2;24;7;-1.1764032450947974;4;0;2;5;16;3;16;1;3;16;1;24;12;6;1;5;6;5;5;6;9;1;4;5;2;8;20;-3.3516622452277196;1;1;5;14;6;21;8.8141599325606;2;4;18;6;14;2;5;1;4;6;6;6;3;6;24;0;5;0;6;2;1;24;20;6.082386847808453;1;10;22;-6.073067533345192;5;4;2;17;20;-0.9505760216102784;3;10;6;2;2;6;5;3;5;2;14;17;2;5;5;3;0;16;9;2;4;2;1;8;15;5;19;4;5;3;19;1;2;0;3;0;3;16;3;15;2;1;2;25;24;5;8;6;5;21;-2.7170833917771597;2;1;6;1;12;17;3;5;15;6;5;6;16;0;0;5;6;6;12;3;1;4;7;3.3341970043908713;0;8;10;5;1;3;5;17;0;3;23;-9.086064223429672;1;20;2.608161464907382;18
TRACK:84;27;-1;2;1;6;5;4;3;5;5;2;5;18;5;9;1;3;0;1;2;2;6;0;12;12;0;5;20;0.5548831416863593;6;11;0;3;3;21;0.9997698684067777;2;2;12;15;2;17;19;1;6;6;2;13;10;4;6;3;17;2;5;4;1;1;8;8;2;24;7;-0.9576053617270421;4;0;2;5;16;3;16;1;3;16;1;24;12;6;1;5;6;5;5;6;9;5;0;6;5;0;14;22;2.2546397997515637;4;4;5;18;2;5;1;4;6;6;6;3;6;24;0;5;0;6;2;1;24;20;5.952836343734752;1;10;22;-6.244130170209318;5;4;2;17;20;-1.1749025506516595;3;10;6;2;2;6;5;3;5;2;14;17;2;5;5;3;0;16;9;2;4;2;1;8;15;5;19;4;5;3;19;1;3;0;6;4;1;7;-2.0397406268671747;24;1;4;4;24;1;6;19;1;25;14;0;0;5;6;6;12;3;1;4;7;3.641162034920043;0;8;10;5;1;3;5;17;0;3;23;-9.047990231205688;1;20;2.742896917648147;18
TRACK:85;71;-1;2;1;6;5;4;3;5;5;2;5;18;3;11;1;3;0;1;2;2;6;0;12;12;0;5;20;0.49090910536921795;6;17;0;3;3;21;0.8658950640447951;2;2;12;15;2;17;19;1;6;6;2;13;10;4;6;3;17;2;5;4;1;1;8;8;2;24;7;-1.1237511263352082;4;0;2;5;16;3;16;1;1;9;24;1;24;12;6;1;5;6;5;5;6;9;5;0;6;5;0;14;22;2.12400139932507;4;4;5;18;2;5;1;4;6;6;6;3;6;24;0;5;0;6;2;1;24;20;5.858725758853546;1;10;22;-6.242846511407536;5;4;2;17;20;-1.374701338176455;3;10;6;2;2;6;5;3;5;2;14;17;2;5;5;3;0;25;9;2;4;2;1;8;15;5;19;4;5;3;19;1;3;0;6;4;1;7;-2.326697979048759;24;1;4;4;24;1;6;19;1;25;14;0;0;5;6;6;12;3;1;4;7;3.4402418020848557;0;8;10;3;16
TRACK:86;73;-1;2;1;6;5;4;3;5;5;2;5;18;3;11;1;3;0;1;2;2;6;0;12;12;0;5;20;0.7554551304257214;6;11;0;3;3;21;1.0762243426787699;2;2;12;15;2;17;19;1;6;6;2;13;10;4;6;3;17;2;5;4;1;1;8;8;2;24;7;-1.2188651071768077;4;0;2;5;16;3;16;1;3;16;1;24;12;0;8;11;2;5;1;4;6;6;6;3;6;24;0;5;0;6;2;1;24;20;6.036029828920406;1;10;22;-5.926718100732323;5;4;2;17;20;-0.8295122333397925;3;10;6;2;2;6;5;3;5;2;14;17;2;5;3;0;16;9;2;4;2;1;8;15;5;19;4;5;3;19;1;3;0;6;4;1;7;-1.9673661999744891;24;1;4;4;22;-6.309852554863671;1;6;19;1;25;14;0;0;5;6;6;12;3;1;4;7;3.755282580537879;0;8;10;5;1;3;5;17;0;3;23;-8.927658307850065;1;20;2.626689770553335;18
TRACK:87;75;-1;2;1;6;5;4;3;5;5;2;5;18;3;8;1;3;0;1;2;2;6;0;12;12;0;5;20;0.46875682643736594;6;11;0;3;3;21;0.7746296937872865;2;2;12;15;2;17;19;1;6;6;2;13;10;4;6;3;17;2;5;4;1;1;8;8;2;24;7;-1.0209481937277873;4;0;2;5;16;3;16;1;3;16;1;24;12;6;1;5;6;5;5;6;9;5;0;6;5;0;14;22;1.9943958369722155;4;4;5;18;2;5;1;4;6;6;6;3;6;24;0;5;0;6;2;0;17;16;1;10;22;-5.68149493638558;5;4;2;17;20;-1.36333474849079;3;10;6;2;2;6;5;3;5;2;14;17;2;5;5;3;0;16;9;2;2;2;12;15;2;17;19;4;5;3;19;1;3;0;6;4;1;7;-2.1288830708827766;24;1;4;4;24;1;6;19;1;25;14;0;0;5;6;6;12;12;5;1;3;5;17;0;3;23;-8.74271343401251;1;20;2.658165184333585;18
TRACK:88;77;-1;2;1;6;5;4;3;5;5;2;5;18;3;20;2.467799962446011;1;3;0;1;2;2;6;0;12;12;0;5;20;0.7242449605273819;6;11;0;3;3;21;1.0249360377662158;2;2;12;15;2;17;19;1;6;6;2;13;10;4;6;3;17;2;5;4;1;1;8;8;2;24;7;-1.4053545623630548;4;0;2;5;16;3;16;1;1;9;24;1;24;12;6;1;5;6;5;5;6;9;5;0;24;4;4;5;18;2;5;1;4;6;6;6;3;6;24;0;5;0;6;6;20;8.771720385337112;5;4;2;17;20;-1.0951269806062043;3;16;6;2;2;6;5;3;5;2;14;17;2;5;5;3;0;16;9;2;4;2;1;8;15;5;19;4;5;3;19;1;3;0;6;4;1;7;-1.9671941059164206;24;1;4;4;24;1;6;19;1;25;14;0;0;5;6;6;12;3;1;4;7;3.483388288962965;0;8;10;3;16
TRACK:89;67;-1;2;1;6;5;4;3;5;5;2;5;18;3;11;1;3;0;1;2;2;6;0;12;12;0;5;20;0.6191950193366427;6;11;0;3;3;21;1.14478820134602;2;2;12;15;2;17;19;1;6;6;2;13;10;5;2;2;20;-8.470840022850016;16;4;7;-3.3542870551534953;0;19;19;6;1;5;6;5;5;6;9;5;0;6;5;0;14;22;1.9747004859366832;4;4;5;18;2;5;1;4;6;6;6;3;6;24;0;5;0;6;2;1;24;20;5.491122854904176;1;10;22;-6.41472754362369;5;4;2;17;20;-1.1988264640316522;3;10;6;2;2;6;5;3;5;2;14;17;2;5;5;3;0;16;9;2;4;2;1;8;15;5;19;4;5;3;19;1;3;0;6;4;1;7;-2.1578847952899984;24;1;4;4;24;1;6;19;1;25;14;0;0;5;6;6;12;3;1;4;7;3.3690921235383424;0;8;10;3;16
EVAL_INSTANCE:4:0:80
EVAL_INSTANCE:4:1:81
EVAL_INSTANCE:4:2:82
EVAL_INSTANCE:4:3:83
EVAL_INSTANCE:4:4:84
EVAL_INSTANCE:4:5:85
EVAL_INSTANCE:4:6:86
EVAL_INSTANCE:4:7:87
EVAL_INSTANCE:4:8:88
EVAL_INSTANCE:4:9:89
RUN_RESULT:4:0:0:100:URRRUUDDRUUDDD
RUN_RESULT:4:1:0:104:URRRUUDDRUURDDDL
RUN_RESULT:4:2:0:100:URRRUUDDRUUDDD
RUN_RESULT:4:3:0:113:URRRUUDDRUURDDDDUULLD
RUN_RESULT:4:4:0:862:DLDDRRRRRRUUUUUDLUUDDLUUDDD
RUN_RESULT:4:5:0:2000:----
RUN_RESULT:4:6:0:100:URRRUUDDRUUDDD
RUN_RESULT:4:7:0:115:URRRRUUDDLUUDDD
RUN_RESULT:4:8:0:194:URRRUUDDRUUDDLD
RUN_RESULT:4:9:0:100:URRRUUDDRUUDDD
     5 |       50 | -3.900000E+03 | -3.900000E+03
TRACK:90;27;64;2;1;6;5;4;3;5;5;2;5;18;3;11;1;3;0;1;2;2;6;0;12;12;0;5;20;0.5364660957095482;6;11;0;3;3;21;0.997378699066292;2;2;12;15;2;17;19;1;6;6;2;13;10;4;6;3;17;2;5;4;1;1;8;8;2;24;7;-1.1145937459649504;4;0;2;5;16;3;16;1;3;16;1;24;12;6;1;5;6;5;5;6;9;5;0;6;5;0;14;22;2.1622194730390967;4;4;5;18;2;5;1;4;6;6;6;3;6;24;0;5;0;2;14;17;5;4;2;17;20;-1.2022299473758409;3;10;6;2;2;6;5;3;5;2;14;17;2;5;5;3;0;16;9;2;4;2;1;8;15;5;19;4;5;3;19;1;3;0;6;4;1;7;-2.0264738286418753;24;1;4;4;24;1;6;19;1;25;14;0;0;5;6;6;12;3;1;4;7;3.604293646266645;0;8;10;5;1;3;5;17;0;3;23;-8.906694077096587;1;20;2.5537076414466067;18
TRACK:91;27;64;2;1;6;5;4;3;5;5;2;5;18;3;11;1;3;0;1;2;2;2;12;15;0;5;20;0.6357404319403683;6;11;0;3;3;21;1.115446367393298;2;2;12;15;2;17;19;1;6;6;2;13;10;4;6;3;17;2;5;4;1;1;8;8;2;24;7;-1.1073421561280101;4;0;2;5;16;3;16;1;3;16;1;24;12;6;1;5;6;5;5;6;9;1;4;5;2;8;5;14;1;1;5;14;6;21;8.819694235714934;2;4;18;6;14;2;5;1;4;6;6;6;3;6;24;0;5;0;6;2;1;24;20;5.9207707238848375;1;10;22;-6.0377844051361045;5;4;2;17;20;-1.1471063646143629;3;10;6;2;2;6;5;3;5;2;14;17;2;5;5;3;0;16;9;2;4;2;1;8;15;5;19;4;5;3;19;1;3;0;6;4;1;7;-1.7718308324637162;24;1;4;4;22;-6.285502400286827;1;6;19;1;25;14;0;0;5;5;19;3;1;4;7;3.5231493989268623;0;8;10;5;1;3;5;17;0;3;23;-8.927501559647391;1;20;2.6949437176889344;18
TRACK:92;80;44;2;1;6;5;4;3;5;5;2;5;18;3;11;1;3;0;1;2;2;6;0;12;12;0;5;20;0.624462486101507;6;11;0;3;3;21;1.113572677543253;2;2;12;15;2;17;19;1;6;6;2;13;10;4;6;3;17;2;5;11;4;0;2;5;16;3;16;1;3;16;1;24;12;6;1;5;6;5;5;6;9;5;0;6;5;0;14;22;2.114350267918569;4;4;5;18;2;5;1;4;6;6;6;3;6;24;0;5;0;6;2;1;24;20;5.9327538072633725;1;10;22;-6.124941959429004;5;4;2;17;8;3;5;16;6;2;2;6;5;3;5;2;14;17;2;5;5;3;0;16;9;2;4;2;1;8;15;5;19;4;5;3;19;1;3;0;6;4;1;7;-1.9484683265137726;24;1;4;4;24;1;6;19;1;25;14;0;0;5;6;6;12;3;1;4;7;3.692841334454379;0;8;10;5;1;3;5;17;0;3;23;-8.759558710913879;1;20;2.4645389431540994;18
TRACK:93;80;44;2;1;6;5;4;3;5;5;2;5;18;3;11;1;3;0;1;2;2;6;5;16;0;5;20;0.6754824709619174;6;11;0;3;3;21;0.9835764603601798;2;2;12;15;2;17;19;1;6;6;2;13;10;4;6;3;17;2;5;4;1;1;8;8;2;24;7;-1.145844988714277;4;0;2;5;16;3;16;1;3;16;1;24;12;6;1;5;6;5;5;6;9;1;4;5;2;8;20;-3.2212864843179734;1;1;5;14;6;21;8.927078178668605;2;4;18;6;14;2;5;1;4;6;6;6;3;6;24;0;5;0;6;2;1;24;20;6.143371917899337;1;10;22;-6.007084284337308;5;4;2;17;20;-1.0970316199750585;3;10;6;2;2;6;5;3;5;2;14;17;2;5;5;3;0;16;9;2;4;2;1;8;15;5;19;4;5;3;19;1;3;0;6;4;1;7;-1.9222259688997718;24;1;4;4;22;-6.145192160230695;1;6;19;1;25;14;0;0;5;6;6;12;3;1;4;7;3.5441437719599778;0;8;10;5;1;3;5;17;0;3;23;-9.00510396009123;1;20;2.6088746664437363;18
TRACK:94;45;64;2;1;6;5;4;3;5;5;12;1;3;0;1;2;2;6;0;12;12;0;5;20;0.5544809410655842;6;11;0;3;3;21;0.9307190416780292;2;2;12;15;2;17;19;1;6;6;2;13;10;4;6;3;17;2;5;4;1;1;8;8;2;24;7;-1.1605132189460474;4;0;2;5;16;3;16;1;1;9;24;1;24;12;6;1;5;6;5;5;6;9;5;0;6;5;0;14;22;2.0704408329693558;4;4;5;18;2;5;1;4;6;6;6;3;6;24;0;5;0;6;2;1;24;20;5.844500832812259;1;10;22;-6.140361757404531;5;4;2;17;20;-1.2712287815917989;3;10;6;2;2;6;5;3;5;2;14;17;2;5;5;3;0;16;9;2;4;2;1;8;15;5;19;4;5;3;19;1;3;0;6;4;1;7;-2.16793688794384;24;1;4;4;24;1;6;19;1;25;14;0;0;5;6;6;12;3;1;4;7;3.5205374677186483;0;8;10;3;16
TRACK:95;45;64;2;1;6;5;4;3;5;5;2;5;18;3;11;1;3;0;1;2;2;6;0;12;12;0;5;20;0.6357404319403683;6;11;0;3;3;21;1.115446367393298;2;2;12;15;2;17;19;1;6;6;2;13;10;4;6;3;17;2;5;4;1;1;8;8;2;24;7;-1.1073421561280101;4;0;2;5;16;3;16;1;3;16;1;24;12;6;1;5;6;5;5;6;9;1;4;5;2;8;5;14;1;1;5;14;6;21;8.819694235714934;2;4;18;6;14;2;5;1;4;6;6;6;3;6;24;0;5;0;6;2;1;24;20;5.9207707238848375;1;10;22;-6.0377844051361045;5;4;2;17;20;-1.1471063646143629;3;10;6;2;2;6;5;3;5;2;17;17;2;5;5;3;0;16;9;2;4;2;1;8;15;5;19;4;5;3;19;1;3;0;6;4;1;7;-1.7718308324637162;24;1;4;4;22;-6.285502400286827;1;6;19;1;25;14;0;0;5;5;19;3;1;4;7;3.5231493989268623;0;8;10;5;1;3;5;17;0;3;23;-8.927501559647391;1;20;2.6949437176889344;18
TRACK:96;44;65;2;1;6;5;4;3;5;5;2;5;18;3;11;1;3;0;1;2;2;6;0;12;12;0;5;20;0.6754824709619174;6;11;0;3;3;21;0.9835764603601798;2;2;12;15;2;17;19;1;6;6;2;13;10;4;6;3;17;2;5;4;1;1;8;8;2;24;7;-1.145844988714277;4;0;2;5;16;3;16;1;3;16;1;24;12;6;1;5;6;5;5;6;9;1;4;5;2;8;20;-3.2212864843179734;1;1;5;14;6;21;8.927078178668605;2;4;18;6;14;2;2;14;17;6;2;2;6;5;3;5;2;14;17;2;5;5;3;0;16;9;2;4;2;1;8;15;5;19;4;5;3;19;1;3;0;6;4;1;7;-1.9222259688997718;24;1;4;4;22;-6.145192160230695;1;6;19;1;25;14;0;0;5;6;6;12;3;1;4;7;3.5441437719599778;0;8;10;5;1;3;5;17;0;3;23;-9.00510396009123;1;20;2.6088746664437363;18
TRACK:97;44;65;2;1;6;5;4;3;5;5;2;5;18;3;11;1;3;0;1;2;2;6;0;12;12;0;5;20;0.592939277894491;6;11;0;3;3;21;0.9924030265489886;2;2;12;15;2;17;19;1;6;6;2;13;10;4;6;3;17;2;5;4;1;1;8;8;2;24;7;-1.099650447181148;4;0;2;5;16;3;16;1;3;16;1;24;12;6;1;5;6;5;5;6;9;5;0;6;5;0;14;22;2.031590721413082;4;4;5;18;2;5;1;4;6;6;6;3;6;24;0;5;0;6;2;0;17;16;1;10;22;-5.959334711917381;5;4;2;17;20;-1.2462302835927526;4;7;3.5441437719599778;6;2;2;6;5;3;5;2;14;17;2;5;5;3;0;16;9;2;4;2;1;8;15;5;19;4;5;3;19;1;3;0;6;4;1;7;-2.0226350879644546;24;1;4;4;24;1;6;19;1;25;14;0;0;5;6;6;12;12;5;1;3;5;17;0;3;23;-8.744363998190272;1;20;2.70177482144017;18
TRACK:98;45;66;2;1;6;5;4;3;5;5;2;5;18;3;11;1;3;0;1;2;2;6;0;12;12;0;5;20;0.5544809410655842;6;11;0;3;3;21;0.9307190416780292;2;2;12;15;2;17;19;1;6;6;2;13;10;4;6;3;17;2;5;4;1;1;8;8;2;24;7;-1.1605132189460474;4;0;2;5;16;3;16;0;16;9;6;1;5;6;5;5;6;9;5;0;6;5;0;14;22;2.0704408329693558;4;4;5;18;2;5;1;4;6;6;6;3;6;24;0;5;0;6;2;1;24;20;5.844500832812259;1;10;22;-6.140361757404531;5;4;2;17;20;-1.2712287815917989;3;10;6;2;2;6;5;3;5;2;14;17;2;5;5;3;0;16;9;2;4;2;1;8;15;5;19;4;5;3;19;1;3;0;6;4;1;7;-2.16793688794384;24;1;4;4;24;1;6;19;1;25;14;0;0;5;6;6;12;3;1;4;7;3.5205374677186483;0;8;10;3;16
TRACK:99;45;66;2;1;6;5;4;3;5;5;2;5;18;3;20;2.39134938338262;1;3;0;1;2;2;6;0;12;12;0;5;20;0.7106222833260383;6;11;0;3;3;21;0.9367367828448053;2;2;12;15;2;17;19;1;6;6;2;13;10;4;6;3;17;2;5;4;1;1;8;8;2;24;7;-1.408848067724663;4;0;2;5;16;3;16;1;1;9;24;1;24;12;6;1;5;6;5;5;6;9;5;0;24;4;4;5;18;2;5;1;4;6;6;6;3;6;24;0;5;0;6;2;1;24;20;5.939334769855138;1;10;22;-6.10962233785648;5;4;2;17;20;-1.235523562408769;3;10;6;2;2;6;5;3;5;2;14;17;2;5;5;3;0;16;9;2;4;2;1;8;15;5;19;4;5;3;19;1;3;0;6;4;1;7;-2.113083118487054;24;1;4;4;24;1;6;19;1;25;14;0;0;5;6;6;12;3;1;4;7;3.4098734667371255;0;8;10;3;16
TRACK:100;90;-1;2;1;6;5;4;3;5;5;2;5;18;3;11;1;3;0;1;2;2;6;0;12;12;0;5;20;0.568705211985205;6;11;0;3;3;21;0.8213419465066122;2;2;12;15;2;17;19;1;6;6;2;13;10;3;12;2;5;4;1;1;8;8;2;24;7;-1.0259806973705476;4;0;2;5;16;3;16;1;3;16;1;24;12;6;1;5;6;5;5;6;9;5;0;6;5;0;14;22;2.3430350173219585;4;4;5;18;2;5;1;4;6;6;6;3;6;24;0;5;0;2;14;17;5;4;2;17;20;-1.1692891302701875;3;10;6;2;2;6;5;3;5;2;14;17;2;5;5;3;0;16;9;2;4;2;1;8;15;5;19;4;5;3;19;1;3;0;6;4;1;7;-1.99371884947091;24;1;4;4;24;1;6;19;1;25;14;0;0;5;6;6;12;3;1;4;7;3.6065804092484557;0;8;10;5;1;3;5;17;0;3;23;-8.892110342257329;1;20;2.4938909627215504;18
TRACK:101;80;-1;2;1;6;5;4;3;5;5;2;5;18;3;11;1;3;0;1;2;2;6;0;12;12;0;5;20;0.6296654619665742;6;11;0;3;3;21;1.288458240415479;2;2;12;15;2;17;19;1;6;6;2;13;10;4;6;3;17;2;5;11;4;0;2;5;16;3;16;1;3;16;1;24;12;6;1;5;6;5;5;6;9;5;0;6;5;0;14;22;2.075832760035783;4;4;5;18;2;5;1;4;6;6;6;3;6;24;0;5;0;6;2;1;24;20;6.003931080733901;1;10;22;-6.063133689645275;5;4;2;17;18;3;10;6;2;2;6;5;3;5;2;14;17;2;5;5;3;0;16;9;2;4;2;1;8;15;5;19;4;5;3;19;1;3;0;6;4;1;7;-1.8918711146305018;24;1;4;4;24;1;6;19;1;25;14;0;0;5;6;6;12;3;1;4;7;3.742199950829441;0;8;10;5;1;3;5;17;0;3;23;-8.851948495637396;1;20;2.53445408954039;18
TRACK:102;94;-1;2;1;6;5;4;3;5;5;12;1;3;0;1;2;3;6;3;17;0;3;3;21;1.0122017610174083;2;2;12;15;2;17;19;1;6;6;2;13;10;4;6;3;17;2;5;4;1;1;8;8;2;24;7;-1.4403997399797843;4;0;2;5;16;3;16;1;1;9;24;1;24;12;6;1;5;6;5;5;6;9;5;0;6;5;0;14;22;2.1086899232054646;4;4;5;18;2;5;1;4;6;6;6;3;6;24;0;5;0;6;2;1;24;20;5.829403752676439;1;10;22;-6.3341836733119745;5;4;2;17;20;-1.1697603983294513;3;10;6;2;2;6;5;3;5;2;14;17;2;5;5;3;0;16;9;2;4;2;1;8;15;5;19;4;5;3;19;1;3;0;6;4;1;7;-2.0213237239608333;24;1;4;4;24;1;6;19;1;25;14;0;0;5;6;6;12;3;1;4;7;3.6118628966595594;0;8;10;3;16
TRACK:103;96;-1;2;1;6;5;4;3;5;5;2;5;18;3;11;1;3;0;1;2;2;6;0;12;12;0;5;20;0.8506806051625637;6;11;0;3;3;21;1.0708072244504958;2;2;12;15;2;17;19;1;6;6;2;13;10;4;6;3;17;2;5;4;1;1;8;8;2;24;7;-1.2042677882939972;4;0;2;5;16;3;16;1;3;19;1;24;12;6;1;5;6;5;5;6;9;1;4;5;2;8;20;-3.2232272059390206;1;1;5;14;6;21;8.934570491393588;2;4;18;6;14;2;2;14;17;6;2;2;6;5;3;5;2;14;17;2;5;5;3;0;16;9;2;4;2;1;8;15;5;19;4;5;3;19;1;3;0;6;4;1;7;-1.8657331276793057;24;1;4;4;22;-6.068978948284274;1;6;19;1;25;14;0;0;5;6;6;12;3;1;4;7;3.5581532140611127;0;8;10;5;1;3;5;17;0;3;23;-9.085396311537481;1;20;2.5133777158544253;18
TRACK:104;98;-1;2;1;6;5;4;3;5;5;2;5;18;3;11;1;3;0;1;2;2;6;0;12;12;0;5;20;0.588346105979784;6;11;0;3;3;21;0.9077551139426924;2;2;12;15;2;17;19;1;6;6;2;13;10;4;6;3;17;2;5;4;1;1;8;8;2;24;7;-1.1557210144225996;4;0;2;5;16;3;16;0;16;9;6;1;5;6;5;5;6;9;5;0;6;5;0;14;22;2.385471642509633;4;4;5;18;2;5;1;4;6;6;6;3;6;24;0;5;0;6;2;1;24;20;5.868437923863634;1;10;22;-6.243517787137095;5;4;2;17;20;-1.2404791200452834;3;10;6;2;2;6;5;3;5;2;14;17;2;5;5;3;0;16;9;2;4;2;1;8;10;5;19;4;5;3;19;1;3;0;6;4;1;7;-2.0652655428020728;24;1;4;4;24;1;6;19;1;25;14;0;0;5;6;6;12;3;1;4;7;3.5774227675158605;0;8;10;3;16
TRACK:105;91;-1;2;1;6;5;4;3;5;5;2;5;18;3;11;1;3;0;1;2;2;2;12;15;0;5;20;0.6219726200803501;6;11;0;3;3;21;1.2051120920877825;2;2;12;15;2;17;19;1;6;6;2;13;10;4;6;3;17;2;5;4;1;1;8;8;2;24;8;4;0;2;5;16;3;16;1;3;16;1;24;12;6;1;5;6;5;5;6;9;1;4;5;2;8;5;14;1;1;5;14;6;21;8.799599546734992;2;4;18;6;14;2;5;1;4;6;6;6;3;6;24;0;5;0;6;2;1;24;20;5.872502259280384;1;10;22;-6.009064352265477;5;4;2;17;20;-1.1610242932977795;3;10;6;2;2;6;5;3;5;2;14;17;2;5;5;3;0;16;9;2;4;2;1;8;15;5;19;4;5;3;19;1;3;0;6;4;1;7;-1.781075660686983;24;1;4;4;22;-6.430698376060771;1;6;19;1;25;14;0;0;5;5;19;3;1;4;7;3.38384752323289;0;8;10;5;1;3;5;17;0;3;23;-9.0267649291872;1;20;2.6276871479543282;18
TRACK:106;44;-1;2;1;6;5;4;3;5;5;2;5;18;3;11;1;3;0;1;2;2;6;0;12;12;0;5;20;0.6464814850474478;6;11;0;3;3;21;0.8666129261845142;2;2;12;15;2;17;19;1;6;6;2;13;10;4;6;3;17;2;5;4;1;1;8;8;2;24;7;-1.011777320038084;4;0;1;14;18;1;3;16;1;24;12;6;1;5;6;5;5;6;9;1;4;5;2;8;20;-3.339065183823898;1;1;5;14;6;21;9.021674304291837;2;4;18;6;14;2;5;1;4;6;6;6;3;6;24;0;5;0;6;2;1;24;20;6.139471273183809;1;10;22;-6.030446928809167;5;4;2;17;20;-1.2459426001635632;3;10;6;2;2;6;5;3;5;2;14;17;2;5;5;3;0;16;9;2;4;2;1;8;15;5;19;4;5;3;19;1;3;0;6;4;1;7;-1.9480225624285439;24;1;4;4;22;-6.1025802893790875;1;6;19;1;25;14;0;0;5;6;6;12;3;1;4;7;3.487289326338342;0;8;10;5;1;3;5;17;0;3;23;-9.075376120062929;1;20;2.705774088439282;18
TRACK:107;95;-1;2;1;6;5;4;3;5;5;2;5;18;3;11;1;3;0;1;2;2;6;0;12;12;0;5;20;0.6003679799436029;6;11;0;3;3;21;1.1504180278634089;2;2;12;15;2;17;19;1;6;6;2;13;10;4;6;3;17;2;5;4;1;1;8;8;2;24;7;-1.1554034838550984;4;0;2;5;16;3;16;1;3;16;1;24;12;6;1;5;6;5;5;6;9;1;4;5;2;8;5;14;1;1;5;14;6;21;8.923018745728925;2;4;18;6;14;2;5;1;4;6;6;6;3;6;24;0;5;0;6;9;5;4;2;17;20;-1.2767664686439666;3;10;6;2;2;6;5;3;5;2;17;17;2;5;5;3;0;16;9;2;4;2;1;8;15;5;19;4;5;3;19;1;3;0;6;4;1;7;-1.7042146310873674;24;1;4;4;22;-6.085485378323499;1;6;19;1;25;14;0;0;5;5;19;3;1;4;7;3.671795976930046;0;8;10;5;1;3;5;17;0;3;23;-9.073326895761284;1;20;2.8462412479239942;18
TRACK:108;97;-1;2;1;6;5;4;3;5;5;2;5;18;3;11;1;3;0;1;2;2;6;0;12;12;0;5;20;0.5150057889534948;6;11;0;3;3;21;1.122971142443065;2;2;12;15;2;17;19;1;6;6;2;13;10;4;6;3;17;2;5;4;1;1;8;8;2;24;7;-1.0923525099899016;4;0;2;5;16;3;16;1;3;16;1;24;12;6;1;5;6;5;5;6;9;5;0;6;5;0;14;22;2.108841081192237;4;4;5;18;2;5;1;4;6;6;6;3;6;24;0;5;0;6;2;0;17;16;1;10;22;-5.867045098585667;5;4;2;21;0.3920521015307177;20;-1.3381276207928543;4;7;3.6306519316399957;6;2;2;6;5;3;5;2;14;17;2;5;5;3;0;16;9;2;4;2;1;8;15;5;19;4;5;3;19;1;3;0;6;4;1;7;-2.06601167319798;24;1;4;4;24;1;6;19;1;25;14;0;0;5;6;6;12;12;5;1;3;5;17;0;3;23;-8.814311302844281;1;20;2.5941558603286845;18
TRACK:109;99;-1;2;1;6;5;4;3;5;5;2;5;18;3;20;2.489614114568627;1;3;0;1;2;2;6;0;12;12;0;5;20;0.8170736141108725;6;11;0;3;3;21;0.9326664164002423;2;2;12;15;2;17;19;1;6;6;2;13;10;4;6;3;17;2;5;4;1;1;8;8;2;24;7;-1.3577518736708623;4;0;2;5;16;3;16;1;1;9;24;1;24;12;6;1;5;6;5;5;6;9;5;0;24;4;4;5;18;2;5;1;4;6;6;6;3;6;24;0;5;0;6;2;1;24;20;5.985060237537678;1;10;22;-6.087360402792555;5;4;2;17;20;-1.1504236402269008;3;10;6;2;2;6;5;3;5;2;14;17;2;5;5;3;0;16;9;2;4;2;1;8;15;5;19;4;5;3;19;1;3;0;6;4;1;7;-2.0705454781143513;24;1;4;4;24;1;6;19;1;25;16;0;0;5;6;6;12;3;1;4;7;3.422343995765144;0;8;10;3;16
EVAL_INSTANCE:5:0:100
EVAL_INSTANCE:5:1:101
EVAL_INSTANCE:5:2:102
EVAL_INSTANCE:5:3:103
EVAL_INSTANCE:5:4:104
EVAL_INSTANCE:5:5:105
EVAL_INSTANCE:5:6:106
EVAL_INSTANCE:5:7:107
EVAL_INSTANCE:5:8:108
EVAL_INSTANCE:5:9:109
RUN_RESULT:5:0:0:107:URRRUUDDRUUDDD
RUN_RESULT:5:1:0:100:URRRUUDDRUUDDD
RUN_RESULT:5:2:0:618:URRRUDRUURDDDDLLUUUUDDD
RUN_RESULT:5:3:0:2000:----
RUN_RESULT:5:4:0:100:URRRUUDDRUUDDD
RUN_RESULT:5:5:0:100:URRRUUDDRUUDDD
RUN_RESULT:5:6:0:100:URRRUUDDRUUDDD
RUN_RESULT:5:7:0:102:URRRUUDDRUUDDD
RUN_RESULT:5:8:0:100:URRRUUDDRUUDDD
RUN_RESULT:5:9:0:100:URRRUUDDRUUDDD
     6 |       60 | -3.900000E+03 | -3.900000E+03
TRACK:110;69;27;2;1;6;5;4;3;5;5;2;5;18;3;11;1;3;0;1;2;2;6;0;12;12;0;5;20;0.6342437611583274;6;11;21;8.80619975661751;1;6;6;2;13;10;4;6;3;17;2;5;4;1;1;8;8;2;24;7;-1.166446961576023;4;0;2;5;16;3;16;1;3;16;1;24;18;6;1;5;6;5;5;6;9;5;0;6;5;0;14;22;2.025103107816425;4;4;5;18;2;5;1;4;6;6;6;3;6;24;0;5;0;6;2;1;24;20;6.017821262348704;1;10;22;-6.2777647637485225;5;4;2;17;20;-1.1188005207483547;3;10;6;2;2;6;5;3;5;2;14;17;2;5;5;3;0;16;9;2;4;2;1;8;15;3;8;4;5;3;19;1;3;0;6;4;1;7;-1.9836571956551843;24;1;4;4;24;1;6;19;1;25;14;0;0;5;6;6;12;3;1;4;7;3.5112110676603234;0;8;10;5;1;3;5;17;0;3;23;-8.87682310409353;1;20;2.5174226855068405;18
TRACK:111;69;27;2;1;6;5;4;3;5;5;2;5;18;3;11;1;3;0;1;2;2;6;0;12;12;0;5;20;0.5364660957095482;6;11;0;3;3;21;0.997378699066292;2;2;12;15;2;17;19;1;6;6;2;13;10;4;6;3;17;2;5;4;1;1;8;8;2;24;7;-1.1145937459649504;4;0;2;5;16;3;16;1;3;16;1;24;12;6;1;5;6;5;5;6;9;5;0;6;5;0;14;22;2.1622194730390967;4;4;5;18;2;5;1;4;6;6;6;3;6;24;0;5;0;6;2;1;24;20;6.006800645946001;1;10;22;-6.1748658041932165;5;4;2;17;20;-1.2022299473758409;3;10;6;2;2;6;5;3;5;2;14;17;2;5;5;3;0;16;9;2;4;2;1;8;15;5;19;4;5;16;1;3;0;6;4;1;7;-2.0264738286418753;24;1;4;4;24;1;6;19;1;25;14;0;0;5;6;6;12;3;1;4;7;3.604293646266645;0;8;10;5;1;3;5;17;0;3;23;-8.906694077096587;1;20;2.5537076414466067;18
TRACK:112;80;66;2;1;6;5;4;5;6;5;5;6;9;1;3;0;1;2;2;6;0;12;12;0;5;20;0.624462486101507;6;11;0;3;3;21;1.113572677543253;2;2;12;15;2;17;19;1;6;6;2;13;10;4;6;3;17;2;5;11;4;0;2;5;16;3;16;1;3;16;1;24;12;6;1;5;6;5;5;6;9;5;0;6;5;0;14;22;2.114350267918569;4;4;5;18;2;5;1;4;6;6;6;3;6;24;0;5;0;6;2;1;24;20;5.9327538072633725;1;10;22;-6.124941959429004;5;4;2;17;8;3;10;6;2;2;6;5;3;5;2;14;17;2;5;5;3;0;16;9;2;4;2;1;8;15;5;19;4;5;3;19;1;3;0;6;4;1;7;-1.9484683265137726;24;1;4;4;24;1;6;19;1;25;14;0;0;5;6;6;12;3;1;4;7;3.692841334454379;0;8;10;5;1;3;5;17;0;3;23;-8.759558710913879;1;20;2.4645389431540994;18
TRACK:113;80;66;2;1;6;9;1;3;0;1;2;2;6;0;12;12;0;5;20;0.7106222833260383;6;11;0;3;3;21;0.9367367828448053;2;2;12;15;2;17;19;1;6;6;2;13;10;4;6;3;17;2;5;4;1;1;8;8;2;24;7;-1.408848067724663;4;0;2;5;16;3;16;1;1;9;24;1;24;12;6;1;5;6;5;5;6;9;5;0;24;4;4;5;18;2;5;1;4;6;6;6;3;6;24;0;5;0;6;2;1;24;20;5.939334769855138;1;10;22;-6.10962233785648;5;4;2;17;20;-1.235523562408769;3;10;6;2;2;6;5;3;5;2;14;17;2;5;5;3;0;16;9;2;4;2;1;8;15;5;19;4;5;3;19;1;3;0;6;4;1;7;-2.113083118487054;24;1;4;4;24;1;6;19;1;25;14;0;0;5;6;6;12;3;1;4;7;3.4098734667371255;0;8;10;3;16
TRACK:114;61;45;2;1;6;5;4;3;11;1;3;0;1;2;2;6;0;12;12;0;5;20;0.7879694484698336;6;11;0;3;3;21;0.9908895871316599;2;2;12;15;2;17;19;1;6;6;2;13;24;4;6;3;17;2;5;4;1;1;8;8;2;24;7;-1.2758916465307528;4;0;2;5;16;3;16;1;3;16;1;24;12;6;1;5;6;5;5;6;9;1;4;5;2;8;20;-3.2800625327894393;1;1;5;14;6;21;8.97770768671137;2;4;18;6;14;2;5;1;4;6;6;6;3;6;24;0;5;0;6;2;1;24;20;6.065237206104736;1;10;22;-6.1892003250105905;5;4;2;17;20;-0.8725825942484504;3;10;6;2;2;6;5;3;5;2;14;17;2;5;5;3;0;16;9;2;4;2;1;8;15;5;19;4;5;3;19;1;3;0;6;4;1;7;-1.8985721778053706;24;1;4;4;22;-6.084310227887479;1;6;19;1;25;14;0;0;5;6;6;21;-4.800825685191754;3;1;4;7;3.4304486156365233;0;8;10;5;1;3;5;17;0;3;23;-9.083981233074581;1;20;2.533714707337035;18
TRACK:115;61;45;2;1;6;5;4;3;5;5;2;5;18;3;11;1;3;0;1;2;2;6;0;12;12;0;5;20;0.5544809410655842;6;11;0;3;3;21;0.9307190416780292;2;2;12;15;2;17;19;1;6;6;2;13;10;4;6;3;17;2;5;4;1;1;8;8;2;24;7;-1.1605132189460474;4;0;2;5;24;3;16;1;1;9;24;1;24;12;6;1;5;6;5;5;6;9;5;0;6;5;0;14;22;2.0704408329693558;4;4;5;18;2;5;1;4;6;6;6;3;6;24;0;5;0;6;2;1;24;20;5.844500832812259;1;10;22;-6.140361757404531;5;4;2;17;20;-1.2712287815917989;3;10;6;2;2;6;5;3;5;2;14;17;2;5;5;3;0;16;9;2;4;2;1;8;15;5;19;4;5;3;19;1;3;0;6;4;1;7;-2.16793688794384;24;1;4;4;24;1;6;19;1;25;14;0;0;5;6;6;12;3;1;4;7;3.5205374677186483;0;8;10;3;16
TRACK:116;64;80;2;1;6;5;4;3;5;5;2;5;18;3;11;1;3;0;1;2;2;6;0;12;12;0;5;20;0.6357404319403683;6;11;0;3;3;21;1.115446367393298;2;2;12;15;2;17;19;1;6;6;2;13;10;4;6;3;17;2;5;4;1;1;8;8;2;24;7;-1.1073421561280101;4;0;2;5;16;3;16;1;3;16;1;24;12;6;1;5;6;5;5;6;9;1;4;5;2;8;5;14;1;1;5;14;6;21;8.819694235714934;2;4;18;6;14;2;5;1;4;6;6;6;3;6;24;0;5;0;6;2;1;24;20;5.9207707238848375;1;10;22;-6.0377844051361045;5;4;2;17;20;-1.1471063646143629;3;10;6;2;2;6;5;3;5;2;14;17;2;5;5;3;0;16;9;2;4;6;3;17;4;5;3;19;1;3;0;6;4;1;7;-1.7718308324637162;24;1;4;4;22;-6.285502400286827;1;6;19;1;25;14;0;0;5;5;19;3;1;4;7;3.5231493989268623;0;8;10;5;1;3;5;17;0;3;23;-8.927501559647391;1;20;2.6949437176889344;18
TRACK:117;64;80;2;1;6;5;4;3;5;5;2;5;18;3;11;1;3;0;1;2;2;6;0;12;12;0;5;20;0.624462486101507;6;11;0;3;3;21;1.113572677543253;2;2;12;15;2;17;19;1;6;6;2;13;10;4;6;3;17;2;5;11;4;0;2;5;16;3;16;1;3;16;1;24;12;6;1;5;6;5;5;6;9;5;0;6;5;0;14;22;2.114350267918569;4;4;5;18;2;5;1;4;6;6;6;3;6;24;0;5;0;6;2;1;24;20;5.9327538072633725;1;10;22;-6.124941959429004;5;4;2;17;8;3;10;6;2;2;6;5;3;5;2;14;14;2;5;5;3;0;16;9;2;4;2;1;8;15;5;19;4;5;3;19;1;3;0;6;4;1;7;-1.9484683265137726;24;1;4;4;24;1;6;19;1;25;14;0;0;5;6;6;12;3;1;4;7;3.692841334454379;0;8;10;5;1;3;5;17;0;3;23;-8.759558710913879;1;20;2.4645389431540994;18
TRACK:118;27;69;2;1;6;5;4;3;5;5;2;5;18;3;11;1;3;0;1;2;2;6;0;12;12;0;5;20;0.5364660957095482;6;11;0;3;3;21;0.997378699066292;2;2;12;15;2;17;19;1;6;6;2;13;10;4;6;3;17;2;5;4;1;1;8;8;2;24;7;-1.1145937459649504;4;0;2;5;16;3;16;1;3;16;1;24;12;6;1;5;6;5;5;6;9;5;0;6;5;0;14;22;2.1622194730390967;4;4;5;18;2;5;1;4;6;6;6;3;6;24;0;5;0;6;21;8.80619975661751;5;4;2;17;20;-1.2022299473758409;3;10;6;2;2;6;5;3;5;2;14;17;2;5;5;3;0;16;9;2;4;2;1;8;15;5;19;4;5;3;19;1;3;0;6;4;1;7;-2.0264738286418753;24;1;4;4;24;1;6;19;1;25;14;0;0;5;6;6;12;3;1;4;7;3.604293646266645;0;8;10;5;1;3;5;17;0;3;23;-8.906694077096587;1;20;2.5537076414466067;18
TRACK:119;27;69;2;1;6;5;4;3;5;5;2;5;18;3;11;1;3;0;1;2;2;6;0;12;12;0;5;20;0.6342437611583274;6;11;21;8.80619975661751;1;6;6;2;13;10;4;6;3;17;2;5;4;1;1;8;8;2;24;7;-1.166446961576023;4;0;10;1;3;16;1;24;12;6;1;5;6;5;5;6;9;5;0;6;5;0;14;22;2.025103107816425;4;4;5;18;2;5;1;4;6;6;6;3;6;24;0;5;0;6;2;1;24;20;6.017821262348704;1;10;22;-6.2777647637485225;5;4;2;17;20;-1.1188005207483547;3;10;6;2;2;6;5;3;5;2;14;17;2;5;5;3;0;16;9;2;4;2;1;8;15;3;8;4;5;3;19;1;3;0;6;4;1;7;-1.9836571956551843;24;1;4;4;24;1;6;19;1;25;14;0;0;5;6;6;12;3;1;4;7;3.5112110676603234;0;8;10;5;1;3;5;17;0;3;23;-8.87682310409353;1;20;2.5174226855068405;18
TRACK:120;110;-1;2;1;6;5;4;3;5;5;2;5;18;3;11;1;3;0;1;2;2;6;0;12;12;0;5;20;0.5428555593892718;6;11;21;8.700863029391648;1;6;6;2;13;10;4;6;3;17;2;5;4;1;1;8;8;2;24;7;-1.2730044174660389;4;0;2;5;16;3;16;1;3;16;1;24;18;6;1;5;6;5;5;6;9;5;0;6;5;0;14;22;1.9665817327068364;4;4;5;18;2;5;1;4;6;6;6;3;6;24;0;5;0;6;2;1;24;20;6.077190516432665;1;10;22;-6.359504017748053;5;4;2;17;20;-1.0782080627887347;3;10;6;2;2;6;5;3;5;2;14;17;2;5;5;3;0;16;9;2;4;2;1;8;15;3;8;4;5;3;19;0;0;2;0;18;24;2;21;7.40103168020115;7;-3.1989745849199753;4;1;17;11;3;3;3;25
TRACK:121;112;-1;2;1;6;5;4;5;6;5;5;6;9;1;3;0;1;2;2;6;0;12;12;0;5;20;0.5711862714757844;6;11;0;3;3;21;1.2047714399226956;2;2;12;15;2;17;19;1;6;6;2;13;10;4;6;3;17;2;5;11;4;0;2;5;16;3;16;1;3;16;1;24;12;6;1;5;6;5;5;6;9;5;0;6;5;0;14;22;2.0570685305760374;4;4;5;18;2;5;0;3;4;17;0;4;11;4;8;6;2;2;6;5;3;5;2;14;17;2;5;5;3;0;16;9;2;4;2;1;8;15;5;19;4;5;3;19;1;3;0;6;4;1;7;-2.0346267692548023;24;1;4;4;24;1;6;19;1;25;14;0;0;5;6;6;12;3;1;4;7;3.7201600013000258;0;8;10;5;1;3;5;17;0;3;23;-8.632118887603898;1;20;2.758784984852628;18
TRACK:122;114;-1;2;1;6;5;4;3;11;1;3;0;1;2;2;6;0;12;12;0;6;24;6;11;0;3;3;21;0.9352054023625471;2;2;12;15;2;17;19;1;6;6;2;13;24;4;6;3;17;2;5;4;1;1;8;8;2;24;7;-1.4140659829315314;4;0;2;5;16;3;16;1;3;16;1;24;12;6;1;5;6;5;5;6;9;1;4;5;2;8;20;-3.3852253668716523;1;1;5;14;6;21;8.970038888989295;2;4;18;6;14;2;5;1;4;6;6;6;3;6;24;0;5;0;6;2;1;24;20;6.190152591355632;1;10;22;-6.0548952532641644;5;4;2;17;20;-0.943810342735847;3;10;6;2;2;6;5;3;5;2;14;17;2;5;5;3;0;16;9;2;4;2;1;8;15;5;19;4;5;3;19;1;3;0;6;4;1;7;-1.992436246223458;24;1;4;4;22;-6.008155167539946;1;6;19;1;25;14;0;0;5;6;6;21;-4.811176796059404;3;1;4;7;3.3771688883370077;0;8;10;5;1;3;5;17;0;3;23;-9.077451198491872;1;20;2.6208612590707063;18
TRACK:123;116;-1;2;1;6;5;4;3;5;5;2;5;18;3;11;1;3;0;1;2;2;6;0;12;12;0;5;20;0.650895398300068;6;11;0;3;1;8;16;2;2;12;15;2;17;19;1;6;6;2;13;10;4;6;3;17;2;5;4;1;1;8;8;2;24;7;-1.257036574213803;4;0;2;5;16;3;16;1;3;16;1;24;12;6;1;5;6;5;5;6;9;1;4;5;2;8;5;14;1;1;5;14;6;21;8.734369341375984;2;4;18;6;14;2;5;1;4;6;6;6;3;6;24;0;5;0;6;2;1;24;20;5.976083344005565;1;10;22;-5.925160521088225;5;4;2;17;20;-1.2063491873535424;3;10;6;2;2;6;5;3;5;2;14;17;2;5;5;3;0;16;9;2;4;6;3;17;4;5;3;19;1;3;0;6;4;1;7;-1.6482518300326556;24;1;4;4;22;-6.441578669360099;1;6;19;1;25;14;0;0;5;5;19;3;1;4;7;3.2672936791216456;0;8;10;5;1;3;5;17;0;3;23;-8.882771653021775;1;20;2.783288479986275;18
TRACK:124;118;-1;2;1;6;5;4;3;5;5;2;5;18;3;11;1;3;0;1;2;2;6;0;12;12;0;5;20;0.5535612565169125;6;11;0;3;3;21;1.202185367754377;2;2;12;15;2;17;19;1;6;6;2;13;10;4;6;3;17;2;5;6;15;4;0;2;5;16;3;16;1;3;16;1;24;12;6;1;5;6;5;5;6;9;5;0;6;5;0;14;22;2.2933649964337572;4;4;5;18;2;5;1;4;6;6;6;3;6;24;0;5;0;6;21;8.887566458356124;5;4;2;17;20;-1.3815029096419928;3;10;6;2;2;6;5;3;5;2;14;17;2;5;5;3;0;16;9;2;4;2;1;8;15;5;19;4;5;3;19;1;3;0;6;4;1;7;-2.0585356155676324;24;1;4;4;24;1;6;19;1;25;14;0;0;5;6;6;12;3;1;4;7;3.636786476667823;0;8;10;5;1;3;5;17;0;3;23;-8.87207878607826;1;20;2.543524073533701;18
TRACK:125;111;-1;2;1;6;5;4;3;5;5;2;5;18;3;11;1;3;0;1;2;2;6;0;12;12;0;5;20;0.5135948757917275;6;11;0;3;3;21;0.902368565937028;2;2;12;15;2;17;19;1;6;6;2;13;10;4;6;3;17;2;5;4;1;1;8;8;2;24;7;-1.1595274129761173;4;0;2;5;16;3;16;1;3;16;1;24;12;6;1;5;6;5;5;6;9;5;0;6;5;0;14;22;2.087706479751206;4;4;5;18;2;5;1;4;6;6;6;3;6;24;0;5;0;6;2;1;24;20;6.048708444841013;1;10;22;-6.2904321519789015;5;4;2;17;20;-1.1102892893582859;3;10;6;2;2;6;5;3;5;2;14;17;2;5;5;3;0;16;9;2;4;2;1;8;15;5;19;4;2;10;10;1;3;0;6;4;1;7;-2.0918524248939487;24;1;4;4;24;1;6;19;1;25;14;0;0;5;6;6;12;3;1;4;7;3.5945773966528574;0;8;10;5;1;3;5;17;0;3;23;-9.033776507525769;1;20;2.5401130204018783;18
TRACK:126;113;-1;2;1;6;9;1;3;0;1;2;2;6;0;12;12;0;5;20;0.5701569309057126;6;11;0;3;3;21;0.9683258743833898;2;2;12;15;2;17;19;1;6;6;2;13;10;4;6;3;17;2;5;4;1;6;10;2;24;7;-1.4872800726767426;4;0;2;5;16;3;16;1;1;9;24;1;24;12;6;1;5;6;5;5;6;9;5;0;24;4;4;5;18;2;5;1;4;6;6;6;3;6;24;0;5;0;6;2;1;24;20;5.828658136211196;1;10;22;-5.902405973071248;5;4;2;17;20;-1.375003121654077;3;10;6;2;2;6;5;3;5;2;14;17;2;5;5;3;0;16;9;2;4;2;1;8;15;5;19;4;5;3;19;1;3;0;6;4;1;7;-2.1112502872220307;24;1;4;4;24;1;6;19;1;25;14;0;0;5;6;6;12;3;1;4;7;3.4299995404718326;0;8;10;3;16
TRACK:127;115;-1;2;1;6;5;4;3;5;5;2;5;18;3;11;1;3;0;1;2;2;6;0;12;12;0;5;20;0.5659949946862222;6;11;0;3;3;21;1.0296024543469189;2;2;12;25;2;17;19;1;6;6;2;13;10;4;6;3;17;2;5;4;1;1;8;8;2;24;7;-1.281061946143305;4;0;2;5;24;3;16;1;1;9;24;1;24;12;6;1;5;6;5;5;6;9;5;0;6;5;0;14;22;2.3721050718736945;4;4;5;18;2;5;1;4;6;6;6;3;6;24;0;5;0;6;2;1;24;20;5.641609326798279;1;10;22;-6.201236927018843;5;4;2;17;20;-1.3343836178308508;3;10;6;2;2;6;5;3;5;2;14;17;2;5;5;3;0;16;9;2;4;2;1;8;15;5;19;4;5;3;19;1;3;0;6;4;1;7;-2.1617431867904395;24;1;4;4;24;1;6;19;1;25;14;0;0;5;6;6;12;3;1;4;7;3.538343131025106;0;8;10;3;16
TRACK:128;117;-1;2;1;6;5;4;3;5;5;2;5;18;3;11;1;3;0;1;2;2;6;0;12;12;0;5;20;0.5435313172885154;6;11;0;3;3;21;1.2532101632186827;2;2;25;15;2;17;19;1;6;6;2;13;10;4;6;3;17;2;5;11;4;0;2;5;16;3;16;1;3;16;1;24;12;6;1;5;6;5;5;6;9;5;0;6;5;0;14;22;2.270202389147813;4;4;5;18;2;5;1;4;6;6;6;3;6;24;0;5;0;6;2;1;24;20;5.748165550781283;1;10;22;-6.1110727257288655;5;4;2;17;8;3;10;6;2;2;6;5;3;5;2;14;14;2;5;5;3;0;16;9;2;4;2;1;8;15;5;19;4;5;3;19;1;3;0;6;4;1;7;-1.978961328482492;24;1;4;4;24;1;6;19;1;25;14;0;0;5;6;6;12;3;1;4;7;3.683830526238396;0;8;10;5;1;3;5;17;0;3;23;-8.667096554762209;1;20;2.3540636228815277;18
TRACK:129;119;-1;2;1;6;5;4;3;5;5;2;5;18;3;11;1;3;0;1;2;2;6;0;12;12;0;5;20;0.7361821969334459;6;11;21;8.602996229880327;1;6;6;2;13;10;4;6;3;17;2;5;4;1;1;8;8;2;24;7;-1.1767716674964988;4;0;10;1;3;16;1;24;12;6;1;5;6;5;5;6;9;5;0;4;3;7;5.325903442748071;4;4;5;18;2;5;1;4;6;6;6;3;6;24;0;5;0;6;2;1;24;20;6.05199937579275;1;10;22;-6.195547437473477;5;4;2;17;20;-1.1974636588306673;3;10;6;2;2;6;5;3;5;2;14;17;2;5;5;3;0;16;9;2;4;2;1;8;15;3;8;4;5;3;19;1;3;0;6;4;1;7;-1.8941813130656993;24;1;4;4;24;1;6;19;1;25;14;0;0;5;6;6;12;3;1;4;7;3.5423136900317167;0;8;10;5;1;3;5;17;0;3;23;-8.863505774594602;1;20;2.402570567734714;18
EVAL_INSTANCE:6:0:120
EVAL_INSTANCE:6:1:121
EVAL_INSTANCE:6:2:122
EVAL_INSTANCE:6:3:123
EVAL_INSTANCE:6:4:124
EVAL_INSTANCE:6:5:125
EVAL_INSTANCE:6:6:126
EVAL_INSTANCE:6:7:127
EVAL_INSTANCE:6:8:128
EVAL_INSTANCE:6:9:129
RUN_RESULT:6:0:0:2000:----
RUN_RESULT:6:1:0:107:URRRUUDDRUUDDD
RUN_RESULT:6:2:0:100:URRRUUDDRUUDDD
RUN_RESULT:6:3:0:100:URRRUUDDRUUDDD
RUN_RESULT:6:4:0:100:URRRUUDDRUUDDD
RUN_RESULT:6:5:0:238:URRRUUDDRUUDDD
RUN_RESULT:6:6:0:100:URRRUUDDRUUDDD
RUN_RESULT:6:7:0:100:URRRUUDDRUUDDD
RUN_RESULT:6:8:0:2000:----
RUN_RESULT:6:9:0:100:URRRUUDDRUUDDD
     7 |       70 | -3.900000E+03 | -3.900000E+03
TRACK:130;45;27;2;1;6;5;4;3;5;5;2;5;18;3;11;1;3;0;1;2;2;6;0;12;12;0;5;20;0.5544809410655842;6;11;0;3;3;21;0.9307190416780292;2;2;12;15;2;17;19;1;6;5;20;0.5364660957095482;4;6;3;17;2;5;4;1;1;8;8;2;24;7;-1.1605132189460474;4;0;2;5;16;3;16;1;1;9;24;1;24;12;6;1;5;6;5;5;6;9;5;0;6;5;0;14;22;2.0704408329693558;4;4;5;18;2;5;1;4;6;6;6;3;6;24;0;5;0;6;2;1;24;20;5.844500832812259;1;10;22;-6.140361757404531;5;4;2;17;20;-1.2712287815917989;3;10;6;2;2;6;5;3;5;2;14;17;2;5;5;3;0;16;9;2;4;2;1;8;15;5;19;4;5;3;19;1;3;0;6;4;1;7;-2.16793688794384;24;1;4;4;24;1;6;19;1;25;14;0;0;5;6;6;12;3;1;4;7;3.5205374677186483;0;8;10;3;16
TRACK:131;45;27;2;1;6;5;4;3;5;5;2;5;18;3;11;1;3;0;1;2;2;16;0;5;20;0.5364660957095482;6;11;0;3;3;21;0.997378699066292;2;2;12;15;2;17;19;1;6;6;2;13;10;4;6;3;17;2;5;4;1;1;8;8;2;24;7;-1.1145937459649504;4;0;2;5;16;3;16;1;3;16;1;24;12;6;1;5;6;5;5;6;9;5;0;6;5;0;14;22;2.1622194730390967;4;4;5;18;2;5;1;4;6;6;6;3;6;24;0;5;0;6;2;1;24;20;6.006800645946001;1;10;22;-6.1748658041932165;5;4;2;17;20;-1.2022299473758409;3;10;6;2;2;6;5;3;5;2;14;17;2;5;5;3;0;16;9;2;4;2;1;8;15;5;19;4;5;3;19;1;3;0;6;4;1;7;-2.0264738286418753;24;1;4;4;24;1;6;19;1;25;14;0;0;5;6;6;12;3;1;4;7;3.604293646266645;0;8;10;5;1;3;5;17;0;3;23;-8.906694077096587;1;20;2.5537076414466067;18
TRACK:132;66;69;2;1;6;5;4;3;5;5;2;5;18;3;20;2.39134938338262;1;3;0;1;2;2;6;0;12;12;0;5;20;0.7106222833260383;6;11;0;3;6;24;2;2;12;15;2;17;19;1;6;6;2;13;10;4;6;3;17;2;5;4;1;1;8;8;2;24;7;-1.408848067724663;4;0;2;5;16;3;16;1;1;9;24;1;24;12;6;1;5;6;5;5;6;9;5;0;24;4;4;5;18;2;5;1;4;6;6;6;3;6;24;0;5;0;6;2;1;24;20;5.939334769855138;1;10;22;-6.10962233785648;5;4;2;17;20;-1.235523562408769;3;10;6;2;2;6;5;3;5;2;14;17;2;5;5;3;0;16;9;2;4;2;1;8;15;5;19;4;5;3;19;1;3;0;6;4;1;7;-2.113083118487054;24;1;4;4;24;1;6;19;1;25;14;0;0;5;6;6;12;3;1;4;7;3.4098734667371255;0;8;10;3;16
TRACK:133;66;69;2;1;6;5;4;3;5;5;2;5;18;3;11;1;3;0;1;2;2;6;16;0;5;20;0.6342437611583274;6;11;21;8.80619975661751;1;6;6;2;13;10;4;6;3;17;2;5;4;1;1;8;8;2;24;7;-1.166446961576023;4;0;2;5;16;3;16;1;3;16;1;24;12;6;1;5;6;5;5;6;9;5;0;6;5;0;14;22;2.025103107816425;4;4;5;18;2;5;1;4;6;6;6;3;6;24;0;5;0;6;2;1;24;20;6.017821262348704;1;10;22;-6.2777647637485225;5;4;2;17;20;-1.1188005207483547;3;10;6;2;2;6;5;3;5;2;14;17;2;5;5;3;0;16;9;2;4;2;1;8;15;3;8;4;5;3;19;1;3;0;6;4;1;7;-1.9836571956551843;24;1;4;4;24;1;6;19;1;25;14;0;0;5;6;6;12;3;1;4;7;3.5112110676603234;0;8;10;5;1;3;5;17;0;3;23;-8.87682310409353;1;20;2.5174226855068405;18
TRACK:134;65;61;2;1;6;5;4;3;5;5;2;5;18;3;11;1;3;0;1;2;2;6;0;12;12;0;5;20;0.592939277894491;6;11;0;3;3;21;0.9924030265489886;2;2;12;15;2;17;19;1;6;6;2;13;10;4;6;3;17;2;5;4;1;1;8;8;2;24;7;-1.099650447181148;4;0;2;5;16;3;16;1;3;16;1;24;12;6;1;5;6;5;5;6;9;5;0;6;5;0;14;22;2.031590721413082;4;4;5;18;2;5;1;4;6;6;6;3;6;24;0;5;0;6;2;0;17;16;1;10;22;-5.959334711917381;5;4;2;17;20;-1.2462302835927526;3;10;6;2;2;6;5;3;5;2;14;17;2;5;5;3;0;16;9;2;4;2;1;10;15;5;19;4;5;3;19;1;3;0;6;4;1;7;-2.0226350879644546;24;1;4;4;24;1;6;19;1;25;14;0;0;5;6;6;12;12;5;1;3;5;17;0;3;23;-8.744363998190272;1;20;2.70177482144017;18
TRACK:135;65;61;2;1;6;5;4;3;11;1;3;0;1;2;2;6;0;12;12;0;5;20;0.7879694484698336;6;11;0;3;3;21;0.9908895871316599;2;2;12;15;2;17;19;1;6;6;2;13;10;4;6;3;17;2;5;4;1;1;8;8;2;24;7;-1.2758916465307528;4;0;2;5;16;3;16;1;3;16;1;24;12;6;1;5;6;5;5;6;9;1;4;5;2;8;20;-3.2800625327894393;1;1;5;14;6;21;8.97770768671137;2;4;18;6;5;19;2;5;1;4;6;6;6;3;6;24;0;5;0;6;2;1;24;20;6.065237206104736;1;10;22;-6.1892003250105905;5;4;2;17;20;-0.8725825942484504;3;10;6;2;2;6;5;3;5;2;14;17;2;5;5;3;0;16;9;2;4;2;1;8;15;5;19;4;5;3;19;1;3;0;6;4;1;7;-1.8985721778053706;24;1;4;4;22;-6.084310227887479;1;6;19;1;25;14;0;0;5;6;6;21;-4.800825685191754;3;1;4;7;3.4304486156365233;0;8;10;5;1;3;5;17;0;3;23;-9.083981233074581;1;20;2.533714707337035;18
TRACK:136;65;45;2;1;6;5;4;2;6;0;12;12;0;5;20;0.5544809410655842;6;11;1;3;0;1;2;2;6;0;12;12;0;5;20;0.592939277894491;6;11;0;3;3;21;0.9924030265489886;2;2;12;15;2;17;19;1;6;6;2;13;10;4;6;3;17;2;5;4;1;1;8;8;2;24;7;-1.099650447181148;4;0;2;5;16;3;16;1;3;16;1;24;12;6;1;5;6;5;5;6;9;5;0;6;5;0;14;22;2.031590721413082;4;4;5;18;2;5;1;4;6;6;6;3;6;24;0;5;0;6;2;0;17;16;1;10;22;-5.959334711917381;5;4;2;17;20;-1.2462302835927526;3;10;6;2;2;6;5;3;5;2;14;17;2;5;5;3;0;16;9;2;4;2;1;8;15;5;19;4;5;3;19;1;3;0;6;4;1;7;-2.0226350879644546;24;1;4;4;24;1;6;19;1;25;14;0;0;5;6;6;12;12;5;1;3;5;17;0;3;23;-8.744363998190272;1;20;2.70177482144017;18
TRACK:137;65;45;2;1;6;5;4;3;5;5;2;5;18;3;11;1;3;0;1;2;2;6;0;12;12;0;5;20;0.5544809410655842;6;11;0;3;3;21;0.9307190416780292;2;2;12;15;2;17;19;1;6;6;2;13;10;4;6;3;17;2;5;4;1;1;8;8;2;24;7;-1.1605132189460474;3;16;6;1;5;6;5;5;6;9;5;0;6;5;0;14;22;2.0704408329693558;4;4;5;18;2;5;1;4;6;6;6;3;6;24;0;5;0;6;2;1;24;20;5.844500832812259;1;10;22;-6.140361757404531;5;4;2;17;20;-1.2712287815917989;3;10;6;2;2;6;5;3;5;2;14;17;2;5;5;3;0;16;9;2;4;2;1;8;15;5;19;4;5;3;19;1;3;0;6;4;1;7;-2.16793688794384;24;1;4;4;24;1;6;19;1;25;14;0;0;5;6;6;12;3;1;4;7;3.5205374677186483;0;8;10;3;16
TRACK:138;66;64;2;1;6;5;4;3;5;5;2;5;18;3;20;2.39134938338262;1;3;0;1;2;2;6;0;12;12;0;5;20;0.7106222833260383;6;11;0;3;3;21;0.9367367828448053;2;2;12;15;2;17;19;1;6;6;2;13;10;4;6;3;17;2;5;4;1;1;8;8;2;24;7;-1.408848067724663;4;0;2;5;16;3;16;1;1;9;24;1;24;12;6;1;5;6;5;5;6;9;5;0;24;4;4;5;18;2;5;1;4;6;6;6;3;6;24;0;5;0;6;2;1;24;20;5.939334769855138;1;10;22;-6.10962233785648;5;4;2;17;20;-1.235523562408769;3;10;6;2;2;6;5;3;5;2;14;17;2;5;5;3;0;16;9;2;4;2;1;8;15;5;19;4;5;3;19;1;3;0;6;4;1;7;-2.113083118487054;24;20;-1.1471063646143629;0;0;5;6;6;12;3;1;4;7;3.4098734667371255;0;8;10;3;16
TRACK:139;66;64;2;1;6;5;4;3;5;5;2;5;18;3;11;1;3;0;1;2;2;6;0;12;12;0;5;20;0.6357404319403683;6;11;0;3;3;21;1.115446367393298;2;2;12;15;2;17;19;1;6;6;2;13;10;4;6;3;17;2;5;4;1;1;8;8;2;24;7;-1.1073421561280101;4;0;2;5;16;3;16;1;3;16;1;24;12;6;1;5;6;5;5;6;9;1;4;5;2;8;5;14;1;1;5;14;6;21;8.819694235714934;2;4;18;6;14;2;5;1;4;6;6;1;4;7;3.4098734667371255;0;8;10;0;5;0;6;2;1;24;20;5.9207707238848375;1;10;22;-6.0377844051361045;5;4;2;17;20;-1.1471063646143629;3;10;6;2;2;6;5;3;5;2;14;17;2;5;5;3;0;16;9;2;4;2;1;8;15;5;19;4;5;3;19;1;3;0;6;4;1;7;-1.7718308324637162;24;1;4;4;22;-6.285502400286827;1;6;19;1;25;14;0;0;5;5;19;3;1;4;7;3.5231493989268623;0;8;10;5;1;3;5;17;0;3;23;-8.927501559647391;1;20;2.6949437176889344;18
TRACK:140;130;-1;2;1;6;5;4;3;5;5;2;5;18;3;11;1;3;0;1;2;2;6;0;12;12;0;5;20;0.5857418768722429;6;11;0;3;3;21;1.0271010119578297;2;2;12;15;2;17;19;1;6;5;20;0.7312457797909772;4;6;3;17;2;5;4;1;1;8;8;2;24;7;-1.284822414181387;4;0;2;5;16;3;16;1;1;9;24;1;24;12;6;1;5;6;5;5;6;9;5;0;6;5;0;14;22;2.0262837261630935;4;4;5;18;2;5;1;4;6;6;6;3;6;24;0;5;0;6;2;1;24;20;5.763643244074817;1;10;22;-6.180880378489244;5;4;2;17;20;-1.3289795328731453;3;10;6;2;2;6;5;3;5;2;14;17;2;5;5;3;0;16;9;2;4;2;1;16;15;5;19;4;5;3;19;1;3;0;6;4;1;7;-2.231855940885434;24;1;4;4;24;1;6;19;1;25;14;0;0;5;6;6;12;3;1;4;7;3.4286839493710732;0;8;10;3;16
TRACK:141;66;-1;2;1;6;5;4;3;5;5;2;5;18;3;20;2.467385576685078;1;3;0;1;2;2;6;0;12;12;0;5;20;0.5358630655564518;6;11;0;3;3;21;1.0844569301495035;2;2;12;15;2;17;19;1;6;6;2;13;10;4;6;3;17;2;5;4;1;1;8;8;2;24;7;-1.5715295986342661;4;0;2;5;16;3;16;1;1;9;24;1;24;12;6;1;5;6;5;5;6;9;5;0;24;4;4;5;18;2;5;1;4;6;6;6;3;6;24;0;5;0;6;2;1;24;20;5.8593084346649595;1;10;22;-5.964893315004226;5;4;2;17;20;-1.1681322295899625;3;10;6;2;2;6;5;3;2;1;19;9;2;14;20;3.4842571931555;2;5;5;3;0;16;9;2;4;2;1;8;15;5;19;4;5;3;19;1;3;0;6;4;1;7;-2.085522637531238;24;1;4;4;24;1;6;19;1;25;14;0;0;5;6;6;12;3;1;4;7;3.4462958293917967;0;8;10;3;16
TRACK:142;134;-1;2;1;6;5;4;3;5;5;2;5;18;3;11;1;3;0;1;2;2;6;0;12;12;0;5;20;0.5837888110530021;6;11;0;3;3;21;1.1489257475462529;2;2;12;15;2;17;19;1;6;6;2;13;10;4;6;3;17;2;5;4;1;1;8;8;2;24;7;-1.1758708093530656;4;0;2;5;16;3;16;1;3;16;1;24;12;6;1;5;6;5;5;6;9;5;0;6;5;0;14;22;1.8131451774428522;4;4;5;18;2;5;1;4;6;6;6;3;6;24;0;5;0;6;2;0;17;16;1;10;22;-5.86496444237058;5;4;2;17;20;-1.2973803069100383;3;10;6;2;2;6;5;3;5;2;14;17;2;5;4;0;2;18;19;3;13;2;4;2;1;10;15;5;19;4;5;3;19;1;3;0;6;4;1;7;-1.992035392923271;24;1;4;4;24;1;6;19;1;25;14;0;0;5;6;6;12;12;5;1;3;5;17;0;3;23;-8.853986182922384;1;20;2.631078458120949;18
TRACK:143;136;-1;2;1;6;5;4;2;6;0;12;12;0;5;20;0.533254352819368;6;11;1;3;0;1;2;2;6;0;12;12;0;5;20;0.6819192653136258;6;11;0;3;3;21;0.993144055219267;2;2;12;15;2;17;19;1;6;6;2;13;10;4;6;3;17;2;5;4;1;1;8;8;2;24;7;-1.0653095814069276;4;0;2;5;16;3;16;1;3;16;1;24;12;6;1;5;6;5;5;6;9;5;0;6;5;0;14;22;2.272156114581846;4;4;5;18;2;5;1;4;6;6;6;3;6;24;0;5;0;6;2;0;17;16;1;10;22;-5.974220688958853;5;4;2;17;20;-1.2149342953696092;3;10;6;2;2;6;5;3;5;2;14;17;2;5;5;3;0;16;9;2;4;2;1;8;15;5;19;4;5;3;19;1;3;0;6;4;1;7;-1.9172046848391775;24;1;4;4;24;1;6;19;1;25;14;0;0;5;6;6;12;12;5;1;3;5;9;0;3;23;-8.738061937155734;1;20;2.6349370318508747;18
TRACK:144;138;-1;2;1;6;5;4;3;5;5;2;5;18;3;20;2.201411901902179;1;3;0;1;2;2;6;0;12;12;0;5;7;-6.648998141900673;6;11;0;3;3;21;0.8130256273623752;2;2;12;15;2;17;19;1;6;6;2;13;10;4;6;3;17;2;5;4;1;1;8;8;2;24;7;-1.3264932772654259;4;0;2;5;16;3;16;1;1;9;24;1;24;12;6;1;5;6;5;5;6;9;5;0;24;4;4;5;18;2;5;1;4;6;6;6;3;6;24;0;5;0;6;2;1;24;20;6.04430642655083;1;10;22;-6.100421712654838;5;4;2;17;20;-1.1996560824515308;3;10;6;2;2;6;5;3;5;2;14;17;2;5;5;3;0;16;9;2;4;2;1;8;15;5;19;4;5;3;19;1;3;0;6;4;1;7;-2.1167594263865275;24;20;-1.0991454012777955;0;0;5;6;6;12;3;1;4;7;3.265705800356421;0;8;10;3;16
TRACK:145;131;-1;2;1;6;5;4;3;5;5;2;5;18;3;11;1;3;0;1;2;2;16;0;5;20;0.5101157802253512;6;11;0;3;3;21;1.0929130411096153;2;2;12;15;2;17;19;1;6;6;2;13;10;4;6;3;17;2;5;4;1;1;8;8;2;24;7;-0.9225706913141823;4;0;2;5;16;3;16;1;3;16;1;24;12;6;1;5;6;5;5;6;9;5;0;6;5;0;14;22;2.0488396300753595;4;4;5;18;2;5;1;4;6;6;6;3;6;24;0;5;0;6;2;1;24;20;5.958943714377058;1;10;22;-6.075169529689627;5;4;2;17;20;-1.048535343970319;3;10;6;2;2;6;5;3;5;2;14;17;2;5;5;3;0;16;9;2;4;2;1;8;15;5;19;4;5;3;19;1;3;0;6;4;1;7;-2.0364295956605565;24;1;4;4;24;1;6;19;1;25;14;0;0;5;6;6;11;3;1;4;7;3.6054142213556513;0;8;10;5;1;3;5;17;0;3;23;-8.733212714912595;1;20;2.579593848867355;18
TRACK:146;69;-1;2;1;6;5;4;3;5;5;2;5;18;3;11;1;3;0;1;2;2;6;0;12;12;0;5;20;0.6045257868922539;6;11;21;8.826270435441726;1;6;6;2;13;10;4;6;3;17;2;5;4;1;1;8;8;2;24;7;-1.2168972243008713;4;0;2;5;16;3;16;1;3;16;1;24;12;6;1;5;3;21;9.836061546806725;5;0;6;5;0;14;22;2.0171021947162786;4;4;5;18;2;5;1;4;6;6;6;3;6;24;0;5;0;6;2;1;24;20;6.0771811851311766;1;10;22;-6.153936587451283;5;4;2;17;20;-1.1266585493124754;3;10;6;2;2;6;5;3;5;2;14;17;2;5;5;3;0;16;9;2;4;2;1;8;15;3;8;4;5;3;19;1;3;0;6;4;1;7;-1.9120781295780032;24;1;4;4;24;1;6;19;1;25;14;0;0;5;6;6;12;3;1;4;7;3.447896911018924;0;8;10;5;1;3;5;17;0;3;23;-8.828326035910932;1;20;2.5790093177586493;18
TRACK:147;135;-1;2;1;6;5;4;3;11;1;3;0;1;2;2;6;0;12;12;0;5;20;0.9113680263800924;6;11;0;3;3;21;0.8685029992565233;2;2;12;15;2;17;19;1;6;6;2;13;10;4;6;3;17;2;5;4;1;1;8;8;2;24;7;-1.2041590493285281;4;0;2;5;16;3;16;1;3;16;1;24;12;6;1;5;6;5;5;6;9;1;4;5;2;8;20;-3.261965808623784;1;1;5;14;6;21;8.90120273014047;6;4;22;-4.382208409802589;2;5;1;4;6;6;6;3;6;24;0;5;0;6;2;1;24;20;6.045271526195496;1;10;22;-6.243382267199684;5;4;2;17;20;-0.7029026174820351;3;10;6;2;2;6;5;3;5;2;14;17;2;5;5;3;0;16;9;2;4;2;1;8;15;5;19;4;5;3;19;1;3;0;6;4;1;7;-1.8500362534403079;24;1;4;4;22;-6.167706567114798;1;6;19;1;25;14;0;0;5;6;6;21;-4.8978652469775374;3;1;4;7;3.3319060738272315;0;8;10;5;1;3;5;17;0;3;23;-9.053643123720846;1;20;2.3200907073467323;18
TRACK:148;137;-1;2;1;6;5;4;3;5;5;2;5;18;3;11;1;3;0;1;2;2;6;0;12;12;0;5;20;0.482187326765952;6;11;0;3;3;21;0.8268292887934876;2;2;12;15;2;17;19;1;6;6;2;13;10;4;6;3;17;2;5;4;2;14;14;3;16;6;1;5;6;5;5;6;9;5;0;6;5;0;14;22;2.114275292941592;4;4;5;18;2;5;1;4;6;6;6;3;6;24;0;5;0;6;2;1;24;20;5.857956307720122;1;10;22;-6.06999336239105;5;4;2;17;20;-1.1724254919527453;3;10;6;2;2;6;5;3;5;2;14;17;2;5;5;3;0;16;9;2;4;2;1;8;15;5;19;4;5;3;19;1;3;0;6;4;1;7;-2.2713088235179786;24;1;4;4;24;1;6;19;1;25;14;0;0;5;6;6;12;3;1;4;7;3.617371978207427;0;8;10;3;16
TRACK:149;139;-1;2;1;6;5;4;3;5;5;2;5;18;3;11;1;3;0;1;2;2;6;0;12;12;0;5;20;0.540745669594632;6;11;0;3;3;21;1.040445999908351;2;2;12;15;2;17;19;1;6;6;2;13;10;4;6;3;17;2;5;4;1;1;8;8;2;24;7;-1.143974148144735;4;0;2;5;16;3;16;1;3;16;1;24;12;6;1;5;6;5;5;6;9;1;4;5;2;8;5;14;1;1;5;14;4;13;2;4;18;6;14;2;5;1;4;6;6;1;4;7;3.4850221581133205;0;8;10;0;5;0;6;2;1;24;20;5.951175927960547;1;10;22;-6.014715053366997;5;4;2;17;20;-1.1339309834271507;3;10;6;2;2;6;5;3;5;2;14;17;2;5;5;3;0;16;9;2;4;2;1;8;15;5;19;4;5;3;19;1;3;0;6;4;1;7;-1.77414984077888;24;1;4;4;22;-6.339422641872209;1;6;19;1;25;14;0;0;5;5;19;3;1;4;7;3.5661562088243146;0;8;10;5;1;3;5;17;0;3;23;-9.029200814757273;1;20;2.617540853313037;18
EVAL_INSTANCE:7:0:140
EVAL_INSTANCE:7:1:141
EVAL_INSTANCE:7:2:142
EVAL_INSTANCE:7:3:143
EVAL_INSTANCE:7:4:144
EVAL_INSTANCE:7:5:145
EVAL_INSTANCE:7:6:146
EVAL_INSTANCE:7:7:147
EVAL_INSTANCE:7:8:148
EVAL_INSTANCE:7:9:149
RUN_RESULT:7:0:0:2000:----
RUN_RESULT:7:1:0:2000:----
RUN_RESULT:7:2:0:91:URRRUUDDRUUDDD
RUN_RESULT:7:3:0:100:URRRUUDDRUUDDD
RUN_RESULT:7:4:0:2000:----
RUN_RESULT:7:5:0:100:URRRUUDDRUUDDD
RUN_RESULT:7:6:0:100:URRRUUDDRUUDDD
RUN_RESULT:7:7:0:100:URRRUUDDRUUDDD
RUN_RESULT:7:8:0:100:URRRUUDDRUUDDD
RUN_RESULT:7:9:0:2000:----
     8 |       80 | -3.900900E+03 | -3.909000E+03
TRACK:150;27;142;2;1;6;5;4;3;5;5;2;5;18;3;11;1;3;0;1;2;2;6;0;12;12;0;5;20;0.5364660957095482;6;11;0;3;3;21;0.997378699066292;2;2;12;15;2;17;19;1;6;6;2;13;10;4;6;3;17;2;5;4;1;1;8;8;2;24;7;-1.1145937459649504;4;0;2;5;16;3;16;1;3;16;1;24;20;0.5837888110530021;6;1;5;6;5;5;6;9;5;0;6;5;0;14;22;2.1622194730390967;4;4;5;18;2;5;1;4;6;6;6;3;6;24;0;5;0;6;2;1;24;20;6.006800645946001;1;10;22;-6.1748658041932165;5;4;2;17;20;-1.2022299473758409;3;10;6;2;2;6;5;3;5;2;14;17;2;5;5;3;0;16;9;2;4;2;1;8;15;5;19;4;5;3;19;1;3;0;6;4;1;7;-2.0264738286418753;24;1;4;4;24;1;6;19;1;25;14;0;0;5;6;6;12;3;1;4;7;3.604293646266645;0;8;10;5;1;3;5;17;0;3;23;-8.906694077096587;1;20;2.5537076414466067;18
TRACK:151;27;142;2;1;6;5;4;3;5;5;12;1;3;0;1;2;2;6;0;12;12;0;5;20;0.5837888110530021;6;11;0;3;3;21;1.1489257475462529;2;2;12;15;2;17;19;1;6;6;2;13;10;4;6;3;17;2;5;4;1;1;8;8;2;24;7;-1.1758708093530656;4;0;2;5;16;3;16;1;3;16;1;24;12;6;1;5;6;5;5;6;9;5;0;6;5;0;14;22;1.8131451774428522;4;4;5;18;2;5;1;4;6;6;6;3;6;24;0;5;0;6;2;0;17;16;1;10;22;-5.86496444237058;5;4;2;17;20;-1.2973803069100383;3;10;6;2;2;6;5;3;5;2;14;17;2;5;4;0;2;18;19;3;13;2;4;2;1;10;15;5;19;4;5;3;19;1;3;0;6;4;1;7;-1.992035392923271;24;1;4;4;24;1;6;19;1;25;14;0;0;5;6;6;12;12;5;1;3;5;17;0;3;23;-8.853986182922384;1;20;2.631078458120949;18
TRACK:152;64;45;2;1;6;5;4;3;5;5;2;5;18;3;11;1;3;0;1;2;2;6;0;12;12;0;5;20;0.6357404319403683;6;11;0;3;3;21;1.115446367393298;2;2;12;15;2;17;19;1;6;6;2;13;10;4;6;3;17;2;5;4;1;1;8;8;2;24;7;-1.1073421561280101;4;0;2;5;16;3;16;1;3;16;1;24;12;6;1;5;6;5;5;6;9;1;4;5;2;8;5;14;1;1;5;14;6;21;8.819694235714934;2;17;6;14;2;5;1;4;6;6;6;3;6;24;0;5;0;6;2;1;24;20;5.9207707238848375;1;10;22;-6.0377844051361045;5;4;2;17;20;-1.1471063646143629;3;10;6;2;2;6;5;3;5;2;14;17;2;5;5;3;0;16;9;2;4;2;1;8;15;5;19;4;5;3;19;1;3;0;6;4;1;7;-1.7718308324637162;24;1;4;4;22;-6.285502400286827;1;6;19;1;25;14;0;0;5;5;19;3;1;4;7;3.5231493989268623;0;8;10;5;1;3;5;17;0;3;23;-8.927501559647391;1;20;2.6949437176889344;18
TRACK:153;64;45;2;1;6;5;4;3;5;5;2;5;18;3;11;1;3;0;1;2;2;6;0;12;12;0;5;20;0.5544809410655842;6;11;0;3;3;21;0.9307190416780292;2;2;12;15;2;17;19;1;6;6;2;13;21;1.115446367393298;4;6;3;17;2;5;4;1;1;8;8;2;24;7;-1.1605132189460474;4;0;2;5;16;3;16;1;1;9;24;1;24;12;6;1;5;6;5;5;6;9;5;0;6;5;0;14;22;2.0704408329693558;4;4;5;18;2;5;1;4;6;6;6;3;6;24;0;5;0;6;2;1;24;20;5.844500832812259;1;10;22;-6.140361757404531;5;4;2;17;20;-1.2712287815917989;3;10;6;2;2;6;5;3;5;2;14;17;2;5;5;3;0;16;9;2;4;2;1;8;15;5;19;4;5;3;19;1;3;0;6;4;1;7;-2.16793688794384;24;1;4;4;24;1;6;19;1;25;14;0;0;5;6;6;12;3;1;4;7;3.5205374677186483;0;8;10;3;16
TRACK:154;66;65;2;1;6;5;4;3;5;5;2;5;18;3;20;2.39134938338262;1;3;0;1;2;2;6;0;12;12;0;5;20;0.7106222833260383;6;11;0;3;3;21;0.9367367828448053;2;2;12;15;2;17;19;1;6;6;2;13;10;4;6;3;17;2;5;4;1;1;8;8;2;24;7;-1.408848067724663;4;0;2;5;16;3;16;1;1;9;24;1;24;12;6;17;2;5;1;4;6;6;6;3;6;24;0;5;0;6;2;1;24;20;5.939334769855138;1;10;22;-6.10962233785648;5;4;2;17;20;-1.235523562408769;3;10;6;2;2;6;5;3;5;2;14;17;2;5;5;3;0;16;9;2;4;2;1;8;15;5;19;4;5;3;19;1;3;0;6;4;1;7;-2.113083118487054;24;1;4;4;24;1;6;19;1;25;14;0;0;5;6;6;12;3;1;4;7;3.4098734667371255;0;8;10;3;16
TRACK:155;66;65;2;1;6;5;4;3;5;5;2;5;18;3;11;1;3;0;1;2;2;6;0;12;12;0;5;20;0.592939277894491;6;11;0;3;3;21;0.9924030265489886;2;2;12;15;2;17;19;1;6;6;2;13;10;4;6;3;17;2;5;4;1;1;8;8;2;24;7;-1.099650447181148;4;0;2;5;16;3;16;1;3;16;1;24;12;6;1;5;6;5;5;6;9;5;0;6;5;0;14;22;2.031590721413082;4;4;5;18;2;5;1;4;6;24;0;5;0;6;2;0;17;16;1;10;22;-5.959334711917381;5;4;2;17;20;-1.2462302835927526;3;10;6;2;2;6;5;3;5;2;14;17;2;5;5;3;0;16;9;2;4;2;1;8;15;5;19;4;5;3;19;1;3;0;6;4;1;7;-2.0226350879644546;24;1;4;4;24;1;6;19;1;25;14;0;0;5;6;6;12;12;5;1;3;5;17;0;3;23;-8.744363998190272;1;20;2.70177482144017;18
TRACK:156;69;44;2;1;6;5;4;3;5;5;2;5;18;3;11;1;3;0;1;2;2;6;0;12;12;0;5;20;0.6342437611583274;6;11;21;8.80619975661751;1;6;6;2;13;10;4;6;3;17;2;5;4;1;1;8;8;2;24;7;-1.166446961576023;4;1;1;5;14;6;21;8.927078178668605;2;4;18;6;14;6;1;5;6;5;5;6;9;5;0;6;5;0;14;22;2.025103107816425;4;4;5;18;2;5;1;4;6;6;6;3;6;24;0;5;0;6;2;1;24;20;6.017821262348704;1;10;22;-6.2777647637485225;5;4;2;17;20;-1.1188005207483547;3;10;6;2;2;6;5;3;5;2;14;17;2;5;5;3;0;16;9;2;4;2;1;8;15;3;8;4;5;3;19;1;3;0;6;4;1;7;-1.9836571956551843;24;1;4;4;24;1;6;19;1;25;14;0;0;5;6;6;12;3;1;4;7;3.5112110676603234;0;8;10;5;1;3;5;17;0;3;23;-8.87682310409353;1;20;2.5174226855068405;18
TRACK:157;69;44;2;1;6;5;4;3;5;5;2;5;18;3;11;1;3;0;1;2;2;6;0;12;12;0;5;20;0.6754824709619174;6;11;0;3;3;21;0.9835764603601798;2;2;12;15;2;17;19;1;6;6;2;13;10;4;6;3;17;2;5;4;1;1;8;8;2;24;7;-1.145844988714277;4;0;2;5;16;3;16;1;3;16;1;24;12;6;1;5;6;5;5;6;9;1;4;5;2;8;20;-3.2212864843179734;1;1;5;14;6;21;8.927078178668605;2;4;18;6;14;2;5;1;4;6;6;6;3;6;24;0;5;0;6;2;1;24;20;6.143371917899337;1;10;22;-6.007084284337308;5;4;2;17;20;-1.0970316199750585;3;10;6;2;2;6;5;3;5;2;14;17;2;5;5;3;0;16;9;2;4;2;1;8;15;5;19;4;5;3;19;1;3;0;6;4;1;7;-1.9222259688997718;24;1;4;4;22;-6.145192160230695;1;6;19;1;25;14;0;0;5;4;4;24;3;1;4;7;3.5441437719599778;0;8;10;5;1;3;5;17;0;3;23;-9.00510396009123;1;20;2.6088746664437363;18
TRACK:158;67;142;2;1;6;5;4;3;5;5;2;5;18;3;11;1;3;0;1;2;2;6;0;12;12;0;5;20;0.5180105753757215;6;11;0;3;3;21;0.964568255780726;2;2;12;15;2;17;19;1;6;6;2;13;10;21;6.147546469550958;0;19;19;6;1;5;6;5;5;6;9;5;0;6;5;0;14;22;1.8847590947579413;4;4;5;18;2;5;1;4;6;6;6;3;6;24;0;5;0;6;2;1;24;20;5.742032867683112;1;10;22;-6.3573892356270525;5;4;2;17;20;-1.2085665123144402;3;10;6;2;2;6;5;3;5;2;14;17;2;5;5;3;0;16;9;2;4;2;1;8;15;5;19;4;5;3;19;1;3;0;6;4;1;7;-2.126361268544172;24;1;22;-5.86496444237058;1;6;19;1;25;14;0;0;5;6;6;12;3;1;4;7;3.4669542177430746;0;8;10;3;16
TRACK:159;67;142;2;1;6;5;4;3;5;5;2;5;18;3;11;1;3;0;1;2;2;6;0;12;12;0;5;20;0.5837888110530021;6;11;0;3;3;21;1.1489257475462529;2;2;12;15;2;17;19;1;6;6;2;13;10;4;6;3;17;2;5;4;1;1;8;8;2;24;7;-1.1758708093530656;4;0;2;5;16;3;16;1;3;16;1;24;12;6;1;5;6;5;5;6;9;5;0;6;5;0;14;22;1.8131451774428522;4;4;5;18;2;5;1;4;6;6;6;3;6;24;0;5;0;6;2;0;17;16;1;10;22;-5.86496444237058;5;4;2;17;20;-1.2973803069100383;3;10;16
TRACK:160;150;-1;2;1;6;5;4;3;5;5;2;5;18;3;11;1;3;0;1;2;2;6;0;12;12;0;5;20;0.5532029033021746;6;11;0;3;3;21;0.9118472512761993;2;2;12;15;2;17;19;1;6;6;2;13;10;4;6;3;17;2;5;4;1;1;8;8;2;24;7;-1.0399801392335433;4;0;2;5;16;3;16;1;3;16;1;24;20;0.46225546521899386;6;1;5;6;5;5;6;9;5;0;6;5;0;14;22;2.159001362613429;4;4;5;18;2;5;1;4;6;6;6;3;6;24;0;5;0;6;2;1;24;20;6.081568939867812;1;10;22;-6.173578892233588;5;4;2;17;20;-1.282635966360661;3;10;6;2;2;6;5;3;5;2;14;17;2;5;5;3;0;16;9;2;4;2;1;8;15;5;19;4;5;3;19;1;3;0;6;4;1;7;-2.160444217150072;24;1;4;4;24;1;6;19;1;25;14;0;0;5;6;6;12;3;1;4;7;3.645767052378845;1;22;5.745159677560023;13;5;1;3;5;17;0;3;23;-8.78600749065607;1;20;2.4823182650956;18
TRACK:161;152;-1;2;1;6;5;4;3;5;5;2;5;18;3;11;1;3;0;1;2;2;6;0;12;12;0;5;20;0.6955138045734757;6;11;0;3;3;21;1.1296844143192821;2;2;12;15;2;17;19;1;6;6;2;13;10;4;6;3;17;2;5;4;1;1;8;8;2;24;7;-1.2380402969504756;4;0;2;5;16;3;16;1;3;16;1;24;12;6;1;5;6;5;5;6;9;1;4;5;2;8;5;14;1;1;5;14;6;21;8.863639741184924;2;17;6;14;2;5;1;4;6;6;6;3;6;24;0;5;0;6;2;1;24;20;5.961394495875728;1;10;22;-5.847360306585394;5;4;2;17;20;-1.1981150724058782;3;10;6;2;2;6;5;3;5;2;14;17;2;5;5;3;0;16;9;2;4;2;1;8;15;5;24;4;5;3;19;1;3;0;6;4;1;7;-1.653265416165129;24;1;4;4;22;-6.434109137844451;1;6;19;1;25;14;0;0;5;5;19;3;1;4;7;3.4735331945473784;0;8;10;5;1;3;5;17;0;3;23;-8.996703652094848;1;20;2.732096296433614;18
TRACK:162;154;-1;2;1;6;5;4;3;5;5;2;5;18;3;20;2.533864798159097;1;3;0;1;2;2;6;0;12;12;0;5;20;0.6015701461868258;6;11;0;3;3;21;0.7159853830837895;2;2;12;15;2;17;19;1;6;6;2;13;10;4;6;3;17;2;5;4;1;1;8;8;2;24;7;-1.5381495407213168;4;0;2;5;16;3;16;1;1;9;24;1;24;12;6;17;2;5;1;4;6;6;6;3;6;24;0;5;0;6;2;1;24;20;5.970652011588397;1;10;22;-6.248399268073116;5;4;2;17;20;-1.1726644107775528;3;10;6;2;2;6;5;3;5;3;8;2;5;5;3;0;16;9;2;4;2;1;8;15;5;19;4;5;3;19;1;3;0;6;4;1;7;-2.1924835475594833;24;1;4;4;24;1;6;19;1;25;14;0;0;5;6;6;12;3;1;4;7;3.453063780403282;0;8;10;3;16
TRACK:163;156;-1;2;1;6;5;4;3;5;5;2;5;18;5;24;1;3;0;1;2;2;6;0;12;12;0;5;20;0.4482770495358045;6;11;21;8.851880944361179;1;6;6;2;13;10;4;6;3;17;2;5;4;1;1;8;8;2;24;7;-1.0824823390813603;4;1;1;5;14;6;21;8.836330112506555;2;4;18;6;14;6;1;5;6;5;5;6;9;5;0;6;5;0;14;22;1.9804462320303193;4;4;5;18;2;5;1;4;6;6;6;3;6;24;0;5;0;6;2;1;24;20;5.975900997395819;1;10;22;-6.261064334973237;5;4;2;17;20;-1.2369253897380235;3;10;6;2;2;6;5;3;5;2;14;17;2;5;5;3;0;16;9;2;4;2;1;8;15;3;8;4;5;3;19;1;3;0;6;4;1;7;-2.081308611098939;24;1;4;4;24;1;6;19;1;25;14;0;0;5;6;6;12;3;1;4;7;3.534730080335713;0;8;10;5;1;3;5;17;0;3;23;-8.75047577819656;1;20;2.49423201261395;18
TRACK:164;158;-1;2;1;6;5;4;3;5;5;2;5;18;3;11;1;3;0;1;2;2;6;0;12;12;0;5;20;0.6459025008533688;6;11;0;3;3;21;0.9123144505468654;2;2;12;15;2;17;19;1;6;6;2;13;10;21;6.056738767044928;0;19;19;6;1;5;6;5;5;6;9;5;0;6;5;0;14;22;1.763346942874693;4;4;5;18;2;5;1;4;6;6;6;3;6;24;0;5;0;6;2;1;24;20;5.771695819444882;1;10;22;-6.3406787080311515;5;4;2;17;20;-1.3003788540293315;3;10;6;2;2;6;5;3;5;2;14;17;2;12;14;1;3;0;6;4;1;7;-1.9703337092843514;24;1;22;-5.824908638752266;1;6;19;1;25;14;0;0;5;6;6;12;3;1;4;7;3.4208465942932764;0;8;10;3;16
TRACK:165;151;-1;2;1;6;5;4;3;5;5;12;1;3;0;1;2;2;6;0;12;12;0;5;20;0.7593257814431953;6;11;0;3;3;21;1.2527055927055477;2;2;12;15;2;17;19;1;6;6;2;13;10;4;6;3;17;2;5;4;1;1;8;8;2;24;7;-1.0054351925916758;4;0;2;5;16;3;16;1;3;16;1;24;12;6;1;1;0;12;13;4;18;5;0;6;5;0;14;22;1.8703369863874622;4;4;5;18;2;5;1;4;6;6;6;3;6;24;0;5;0;6;2;0;17;16;1;10;22;-5.916702970824087;5;4;2;17;20;-1.3415239176486506;3;10;6;2;2;6;5;3;5;2;14;17;2;5;4;0;2;18;19;3;13;2;4;2;1;10;15;5;19;4;5;3;19;1;3;0;6;4;1;7;-2.2046963925081613;24;1;4;4;24;1;6;19;1;25;14;0;0;5;6;6;12;12;5;1;3;5;17;0;3;23;-9.05242940020407;1;20;2.3402035963811776;18
TRACK:166;153;-1;2;1;6;5;4;3;5;5;2;5;18;3;11;1;3;0;1;2;2;6;0;12;12;0;5;20;0.3955732013538673;6;11;0;3;3;21;0.9993042370582774;2;2;12;15;2;17;19;1;6;6;2;13;21;1.1068944263838956;4;6;3;17;2;5;4;1;1;8;8;2;24;7;-1.362785675137194;4;0;2;5;16;3;16;1;1;9;24;1;24;12;6;1;5;6;5;5;6;9;5;0;6;5;0;14;22;1.9909094518155908;4;4;5;18;2;5;1;4;6;6;6;3;6;24;0;5;0;6;2;1;24;20;5.889227155618823;1;10;22;-6.180792875151022;5;4;2;11;20;-1.3326556549560586;3;10;6;2;2;6;5;3;5;2;14;17;2;5;5;3;0;16;9;2;4;2;1;8;15;5;19;4;5;3;19;1;3;0;6;4;1;7;-2.189237356056172;24;1;4;4;24;1;6;19;1;25;14;0;0;5;6;6;12;3;1;4;7;3.4893096627173046;0;8;10;3;16
TRACK:167;155;-1;2;1;6;5;4;3;5;5;2;5;18;3;11;1;3;0;1;2;2;6;0;12;12;0;5;20;0.6369884067597544;6;11;0;3;3;21;1.1812271478258018;2;2;12;15;2;17;19;1;6;6;2;13;10;4;6;3;17;2;5;4;1;1;8;8;2;24;7;-1.0823940430927101;4;0;2;5;16;3;16;1;3;16;1;24;12;6;1;5;6;5;5;6;9;5;0;6;5;0;14;22;1.8941259382398221;4;4;5;18;2;5;1;4;6;24;0;5;0;6;2;0;17;16;1;10;22;-5.987605454130473;5;4;2;17;20;-1.202337092289414;3;10;6;2;2;6;5;3;5;2;14;17;2;5;5;3;0;16;9;2;4;2;1;8;15;5;19;4;5;3;19;1;3;0;6;4;1;7;-1.928478275084288;24;1;4;4;24;1;6;19;1;25;14;0;0;5;6;6;12;12;5;1;3;5;17;0;4;12;1;20;2.632666566370502;18
TRACK:168;157;-1;2;1;6;5;4;3;5;5;2;5;18;3;11;1;3;0;1;2;2;6;0;12;12;0;5;20;0.6298349919989324;6;11;0;3;3;21;0.8783523889557638;2;2;12;15;2;17;19;1;6;6;2;13;10;4;6;3;17;2;5;4;1;1;8;8;2;24;7;-1.1523682198401346;4;0;2;5;16;3;16;1;3;16;1;24;12;6;1;5;6;5;5;6;9;1;4;5;2;8;20;-3.250241662340216;1;1;5;14;6;21;9.128153053001672;2;4;18;5;6;9;2;5;1;4;6;6;6;3;6;24;0;5;0;6;2;1;24;20;6.21841560842177;1;10;22;-6.021053825588285;5;4;2;17;20;-0.8893293515999038;3;10;6;2;2;6;5;3;5;2;14;17;2;5;5;3;0;16;9;2;4;2;1;8;15;5;19;4;5;3;19;1;3;0;6;4;1;7;-1.9447538661746633;24;1;4;4;22;-6.205057271497802;1;6;19;1;25;14;0;0;5;4;4;24;3;1;4;7;3.577379900426922;0;8;10;5;1;3;5;17;0;3;23;-8.993532692283809;1;20;2.665548567547339;18
TRACK:169;159;-1;2;1;6;5;4;3;5;5;2;5;18;3;11;1;3;0;1;2;2;6;0;12;12;0;5;20;0.48246476633927815;6;11;0;3;3;21;1.1913327735648014;2;2;12;15;2;17;19;1;6;6;3;20;-4.704706215801973;4;6;3;17;2;5;4;1;1;8;8;2;24;7;-1.1179376868100472;4;0;2;5;16;3;16;1;3;16;1;24;12;6;1;5;6;5;5;6;9;5;0;6;5;0;14;22;1.8970448616968718;4;4;5;18;2;5;1;4;6;6;6;3;6;24;0;5;0;6;2;0;17;16;1;10;22;-5.922223867100884;5;4;2;17;20;-1.2911098108166612;3;10;16
EVAL_INSTANCE:8:0:160
EVAL_INSTANCE:8:1:161
EVAL_INSTANCE:8:2:162
EVAL_INSTANCE:8:3:163
EVAL_INSTANCE:8:4:164
EVAL_INSTANCE:8:5:165
EVAL_INSTANCE:8:6:166
EVAL_INSTANCE:8:7:167
EVAL_INSTANCE:8:8:168
EVAL_INSTANCE:8:9:169
RUN_RESULT:8:0:0:100:URRRUUDDRUUDDD
RUN_RESULT:8:1:0:100:URRRUUDDRUUDDD
RUN_RESULT:8:2:0:2000:----
RUN_RESULT:8:3:0:100:URRRUUDDRUUDDD
RUN_RESULT:8:4:0:2000:----
RUN_RESULT:8:5:0:91:URRRUUDDRUUDDD
RUN_RESULT:8:6:0:100:URRRUUDDRUUDDD
RUN_RESULT:8:7:0:107:URRRUUDDRUUDDD
RUN_RESULT:8:8:0:100:URRRUUDDRUUDDD
RUN_RESULT:8:9:0:225:URRRUUDDRUUDDD
     9 |       90 | -3.901800E+03 | -3.909000E+03
TRACK:170;142;27;2;1;6;5;4;3;5;5;2;5;18;3;11;1;1;2;2;6;0;12;12;0;5;20;0.5364660957095482;6;11;0;3;3;21;0.997378699066292;2;2;12;15;2;17;19;1;6;6;2;13;10;4;6;3;17;6;1;5;6;5;5;6;9;5;0;6;5;0;14;22;1.8131451774428522;4;4;5;18;2;5;1;4;6;6;6;3;6;24;0;5;0;6;2;0;17;16;1;10;22;-5.86496444237058;5;4;2;17;20;-1.2973803069100383;3;10;6;2;2;6;5;3;5;2;14;17;2;5;4;0;2;18;19;3;13;2;4;2;1;10;15;5;19;4;5;3;19;1;3;0;6;4;1;7;-1.992035392923271;24;1;4;4;24;1;6;19;1;25;14;0;0;5;6;6;12;12;5;1;3;5;17;0;3;23;-8.853986182922384;1;20;2.631078458120949;18
TRACK:171;142;27;2;1;6;5;4;3;5;5;2;5;18;3;11;1;3;0;1;2;2;6;0;12;12;0;5;20;0.5364660957095482;6;11;0;3;3;21;0.997378699066292;2;2;12;15;2;17;19;1;6;6;2;13;10;4;6;3;17;2;5;4;1;1;8;8;2;24;7;-1.1145937459649504;4;0;2;5;16;3;16;1;3;16;1;24;12;6;1;5;6;5;5;6;9;5;0;6;5;0;14;22;2.1622194730390967;4;4;5;18;2;5;1;4;6;6;6;3;6;24;0;5;0;6;2;1;24;20;6.006800645946001;1;10;22;-6.1748658041932165;5;4;2;17;20;-1.2022299473758409;3;10;6;2;2;6;5;3;5;2;14;17;2;5;5;3;0;16;9;2;4;2;1;8;15;5;19;4;5;3;19;1;3;0;6;4;1;7;-2.0264738286418753;24;1;4;4;24;1;6;19;1;25;14;5;17
TRACK:172;44;165;2;1;6;5;4;3;5;5;2;5;18;3;11;1;3;0;1;2;2;6;0;12;12;0;5;20;0.6754824709619174;6;11;0;3;7;-1.0054351925916758;2;2;12;15;2;17;19;1;6;6;2;13;10;4;6;3;17;2;5;4;1;1;8;8;2;24;7;-1.145844988714277;4;0;2;5;16;3;16;1;3;16;1;24;12;6;1;5;6;5;5;6;9;1;4;5;2;8;20;-3.2212864843179734;1;1;5;14;6;21;8.927078178668605;2;4;18;6;14;2;5;1;4;6;6;6;3;6;24;0;5;0;6;2;1;24;20;6.143371917899337;1;10;22;-6.007084284337308;5;4;2;17;20;-1.0970316199750585;3;10;6;2;2;6;5;3;5;2;14;17;2;5;5;3;0;16;9;2;4;2;1;8;15;5;19;4;5;3;19;1;3;0;6;4;1;7;-1.9222259688997718;24;1;4;4;22;-6.145192160230695;1;6;19;1;25;14;0;0;5;6;6;12;3;1;4;7;3.5441437719599778;0;8;10;5;1;3;5;17;0;3;23;-9.00510396009123;1;20;2.6088746664437363;18
TRACK:173;44;165;2;1;6;5;4;3;5;5;12;1;3;0;1;2;2;6;0;12;12;0;5;20;0.7593257814431953;6;11;0;3;3;21;1.2527055927055477;2;2;12;15;2;17;19;1;6;6;2;13;10;4;6;3;17;2;5;4;1;1;8;8;2;24;7;-1.0054351925916758;4;0;2;5;16;3;16;1;3;16;1;24;12;6;1;1;0;12;13;4;18;5;0;6;5;0;14;12;4;4;5;18;2;5;1;4;6;6;6;3;6;24;0;5;0;6;2;0;17;16;1;10;22;-5.916702970824087;5;4;2;17;20;-1.3415239176486506;3;10;6;2;2;6;5;3;5;2;14;17;2;5;4;0;2;18;19;3;13;2;4;2;1;10;15;5;19;4;5;3;19;1;3;0;6;4;1;7;-2.2046963925081613;24;1;4;4;24;1;6;19;1;25;14;0;0;5;6;6;12;12;5;1;3;5;17;0;3;23;-9.05242940020407;1;20;2.3402035963811776;18
TRACK:174;66;165;2;1;6;5;4;3;5;5;2;5;18;3;20;2.39134938338262;1;3;0;1;2;2;6;0;12;12;0;5;20;0.7106222833260383;6;11;0;3;3;21;0.9367367828448053;2;2;12;15;2;17;19;1;6;6;2;13;10;4;6;3;17;2;5;4;1;1;8;8;2;24;7;-1.408848067724663;4;0;2;5;16;3;16;1;1;9;24;1;24;12;6;1;5;6;5;5;6;9;5;0;24;4;4;5;18;2;5;1;4;6;6;6;3;6;24;0;5;0;6;2;1;24;20;5.939334769855138;1;10;22;-6.10962233785648;5;4;2;17;20;-1.235523562408769;3;10;6;2;2;6;5;3;5;2;14;17;2;5;5;3;0;16;9;2;4;2;1;8;15;5;19;4;5;3;19;1;3;0;6;4;1;7;-2.113083118487054;24;1;4;4;24;4;24;0;0;5;6;6;12;3;1;4;7;3.4098734667371255;0;8;10;3;16
TRACK:175;66;165;2;1;6;5;4;3;5;5;12;1;3;0;1;2;2;6;0;12;12;0;5;20;0.7593257814431953;6;11;0;3;3;21;1.2527055927055477;2;2;12;15;2;17;19;1;6;6;2;13;10;4;6;3;17;2;5;4;1;1;8;8;2;24;7;-1.0054351925916758;4;0;2;5;12;3;16;1;3;16;1;24;12;6;1;1;0;12;13;4;18;5;0;6;5;0;14;22;1.8703369863874622;4;4;5;18;2;5;1;4;6;6;6;3;6;24;0;5;0;6;2;0;17;16;1;10;22;-5.916702970824087;5;4;2;17;20;-1.3415239176486506;3;10;6;2;2;6;5;3;5;2;14;17;2;5;4;0;2;18;19;3;13;2;4;2;1;10;15;5;19;4;5;3;19;1;3;0;6;4;1;7;-2.2046963925081613;24;1;4;4;24;1;6;19;1;25;14;0;0;5;6;6;12;12;5;1;3;5;17;0;3;23;-9.05242940020407;1;20;2.3402035963811776;18
TRACK:176;27;67;2;1;6;5;4;3;5;5;2;5;18;3;11;1;3;0;1;2;2;6;0;12;12;0;5;20;0.5364660957095482;6;11;0;3;3;21;0.997378699066292;2;2;12;15;2;17;19;1;6;6;2;13;10;4;6;3;17;2;5;4;1;1;8;8;2;24;7;-1.1145937459649504;4;0;2;5;16;3;16;1;3;16;1;24;12;6;1;5;6;5;5;6;9;5;0;6;5;0;14;22;2.1622194730390967;4;4;5;18;2;5;1;4;6;6;6;3;6;24;0;5;0;6;2;1;24;20;6.006800645946001;1;10;22;-6.1748658041932165;5;4;2;17;20;-1.2022299473758409;3;10;6;2;5;0;6;5;0;14;22;1.8847590947579413;4;4;5;18;1;3;0;6;4;1;7;-2.0264738286418753;24;1;4;4;24;1;6;19;1;25;14;0;0;5;6;6;12;3;1;4;7;3.604293646266645;0;8;10;5;1;3;5;17;0;3;23;-8.906694077096587;1;20;2.5537076414466067;18
TRACK:177;27;67;2;1;6;5;4;3;5;5;2;5;18;3;11;1;3;0;1;2;2;6;0;12;12;0;5;20;0.5180105753757215;6;11;0;3;3;21;0.964568255780726;2;15;2;17;19;1;6;6;2;13;10;21;6.147546469550958;0;19;19;6;1;5;6;5;5;6;9;5;0;6;5;0;14;22;1.8847590947579413;4;4;5;18;2;5;1;4;6;6;6;3;6;24;0;5;0;6;2;1;24;20;5.742032867683112;1;10;22;-6.3573892356270525;5;4;2;17;20;-1.2085665123144402;3;10;6;2;2;6;5;3;5;2;14;17;2;5;5;3;0;16;9;2;4;2;1;8;15;5;19;4;5;3;19;1;3;0;6;4;1;7;-2.126361268544172;24;1;4;4;24;1;6;19;1;25;14;0;0;5;6;6;12;3;1;4;7;3.4669542177430746;0;8;10;3;16
TRACK:178;142;65;2;1;6;5;4;3;5;5;2;5;18;3;11;1;3;0;1;2;2;6;0;12;12;0;5;20;0.5837888110530021;6;11;0;3;3;21;1.1489257475462529;2;2;12;15;2;17;19;1;6;6;2;13;10;4;6;3;20;2.70177482144017;2;5;4;1;1;8;8;2;24;7;-1.1758708093530656;4;0;2;5;16;3;16;1;3;16;1;24;12;6;1;5;6;5;5;6;9;5;0;6;5;0;14;22;1.8131451774428522;4;4;5;18;2;5;1;4;6;6;6;3;6;24;0;5;0;6;2;0;17;16;1;10;22;-5.86496444237058;5;4;2;17;20;-1.2973803069100383;3;10;6;2;2;6;5;3;5;2;14;17;2;5;4;0;2;18;19;3;13;2;4;2;1;10;15;5;19;4;5;3;19;1;3;0;6;4;1;7;-1.992035392923271;24;1;4;4;24;1;6;19;1;25;14;0;0;5;6;6;12;12;5;1;3;5;17;0;3;23;-8.853986182922384;1;20;2.631078458120949;18
TRACK:179;142;65;2;1;6;5;4;3;5;5;2;5;18;3;11;1;3;0;1;2;2;6;0;12;12;0;5;20;0.592939277894491;6;11;0;3;3;21;0.9924030265489886;2;2;12;15;2;17;19;1;6;6;2;19;10;4;6;3;17;2;5;4;1;1;8;8;2;24;7;-1.099650447181148;4;0;2;5;16;3;16;1;3;16;1;24;12;6;1;5;6;5;5;6;9;5;0;6;5;0;14;22;2.031590721413082;4;4;5;18;2;5;1;4;6;6;6;3;6;24;0;5;0;6;2;0;17;16;1;10;22;-5.959334711917381;5;4;2;17;20;-1.2462302835927526;3;10;6;2;2;6;5;3;5;2;14;17;2;5;5;3;0;16;9;2;4;2;1;8;15;5;19;4;5;3;19;1;3;0;6;4;1;7;-2.0226350879644546;24;1;4;4;24;1;6;19;1;25;14;0;0;5;6;6;12;12;5;1;3;5;17;0;3;23;-8.744363998190272;1;20;2.70177482144017;18
TRACK:180;170;-1;2;1;6;5;4;3;5;5;2;5;18;3;11;1;1;2;2;6;0;12;12;0;5;20;0.4788805621383228;6;11;0;3;3;21;1.1466177362483598;2;2;12;15;2;17;19;1;6;6;2;13;10;4;6;6;6;2;13;21;-7.719919251540448;6;1;5;6;5;5;6;9;5;0;6;5;0;14;22;1.8844241544977587;4;4;5;18;2;5;1;4;6;6;6;3;6;24;0;5;0;6;2;0;17;16;1;10;22;-5.866404861991421;5;4;2;17;20;-1.416132748456956;3;10;6;2;2;6;5;3;5;2;14;17;2;5;4;0;2;18;19;3;13;2;4;2;1;10;15;5;19;4;5;3;19;1;3;0;6;4;1;7;-1.9586816079771845;24;1;4;4;24;1;6;19;1;25;14;0;0;5;6;6;12;12;5;1;3;5;17;0;3;23;-8.751385633116596;1;20;2.7018936977195085;18
TRACK:181;172;-1;2;1;6;5;4;3;5;5;2;5;18;3;11;1;3;0;1;2;2;6;0;12;12;0;5;20;0.6339255095278757;6;11;0;3;7;-1.1765993727089055;2;2;12;15;2;17;19;1;6;6;2;13;10;4;6;3;17;2;5;4;1;1;8;8;2;24;7;-1.0812343684076668;4;0;2;5;16;3;16;1;3;16;1;24;12;6;1;5;6;5;5;6;9;1;4;5;2;8;20;-3.277173391290761;1;1;5;14;6;21;8.911783698865033;2;4;18;6;14;2;5;1;4;6;6;6;3;6;24;0;5;0;6;2;1;24;20;6.289957094537042;1;10;22;-5.827305351899857;5;4;2;17;20;-0.9789397714094321;3;10;6;2;2;6;5;3;5;2;14;17;2;5;5;3;0;16;9;2;4;2;1;8;15;5;10;4;5;3;19;1;3;0;6;4;1;7;-1.8017201033872365;24;1;4;4;22;-6.055708781761825;1;6;19;1;25;14;0;0;5;6;6;12;3;1;4;7;3.6654096678144996;0;8;10;5;1;3;5;17;0;3;23;-8.933318535381794;1;20;2.6835787165786895;18
TRACK:182;174;-1;2;1;6;5;4;3;5;5;2;5;18;0;25;21;2.275168021262493;1;3;0;1;2;2;6;0;12;12;0;5;20;0.7813969710842954;6;11;0;3;3;21;0.9660216590487324;2;2;12;15;2;17;19;1;6;6;2;13;10;4;6;3;17;2;5;4;1;1;8;8;2;24;7;-1.443844629770716;4;0;2;5;16;3;16;1;1;9;24;1;24;12;6;1;5;6;5;5;6;9;5;0;24;4;4;5;18;2;5;1;4;6;6;6;3;6;24;0;5;0;6;2;1;24;20;5.80472396200339;1;10;22;-6.049605486958396;5;4;2;17;20;-1.4921497928322047;3;10;6;2;2;6;5;3;5;2;14;17;2;5;5;3;0;16;9;2;4;2;1;8;15;5;19;4;5;3;19;1;3;0;6;4;1;7;-2.2586734672762483;24;1;4;4;24;4;24;0;0;5;6;6;12;3;1;4;7;3.446295801097272;0;8;10;3;16
TRACK:183;176;-1;2;1;6;5;4;3;5;5;2;5;18;3;11;1;3;0;1;2;2;6;0;12;12;0;5;20;0.598029955622063;6;11;0;3;3;21;1.1214002608411955;2;2;20;-1.4228263782314343;15;2;17;19;1;6;6;2;13;10;4;6;3;17;2;5;4;1;1;8;8;2;24;7;-1.070018943726765;4;0;2;5;16;3;16;1;3;16;1;24;12;6;1;5;6;5;5;6;9;5;0;6;5;0;14;22;1.9817768002141576;4;4;5;18;2;5;1;4;6;6;6;3;6;24;0;5;0;6;2;1;24;20;5.8771656517864574;1;10;22;-6.10028110359889;5;4;2;17;20;-1.4686402018706308;3;10;6;2;5;0;6;5;0;14;22;1.8865914535566344;4;4;5;18;1;3;0;6;4;1;7;-1.8935758682720252;24;1;4;4;24;1;6;19;1;25;14;0;0;5;6;6;12;3;1;4;7;3.584248861041237;0;8;10;5;1;3;5;17;0;3;23;-8.783496019274903;1;20;2.6432131694152687;18
TRACK:184;142;-1;2;1;6;5;4;3;5;5;2;5;18;3;11;1;3;0;1;2;2;6;0;12;12;0;5;20;0.6176938651552389;6;11;0;3;3;21;1.193033777970352;2;2;12;15;2;17;19;1;6;6;2;13;10;4;6;3;17;2;5;4;1;1;8;8;2;24;7;-1.043464931503263;4;0;2;5;16;3;16;1;3;16;1;24;12;6;1;5;6;5;5;6;9;5;0;6;5;0;14;22;1.826844440721376;4;4;5;18;2;5;1;4;6;6;6;3;6;24;0;5;0;6;2;0;17;16;1;10;22;-5.788259814492873;5;4;2;17;20;-1.3253326107512515;4;3;2;15;10;6;2;2;6;5;3;5;2;14;17;2;5;4;0;2;18;19;3;13;2;4;2;1;10;15;5;19;4;5;3;19;1;3;0;6;4;1;7;-1.871482843468653;24;1;4;4;24;1;6;19;1;25;14;0;0;5;6;6;12;12;5;1;3;5;17;0;3;23;-8.90994671563749;1;20;2.654395193712747;18
TRACK:185;171;-1;2;1;6;5;4;3;5;5;2;5;18;3;11;1;3;0;1;2;2;6;0;12;12;0;5;25;6;11;0;3;3;21;0.9397622091075998;2;2;12;15;2;17;19;1;6;6;2;13;10;4;6;3;17;2;5;4;1;1;8;8;2;24;7;-1.0927277560835684;4;0;2;5;16;3;16;1;3;16;1;24;12;6;1;5;6;5;5;6;9;5;0;6;5;0;14;22;2.256640072154969;4;4;5;18;2;5;1;4;6;6;6;3;6;24;0;5;0;6;2;1;24;20;5.953664522929716;1;10;22;-6.3532709359066155;5;4;2;17;20;-1.188004197117298;3;10;6;2;2;6;5;3;5;2;14;17;2;5;5;3;0;16;9;2;4;2;1;8;15;5;19;4;5;3;19;1;3;0;6;4;1;7;-1.926273701208146;24;1;4;4;24;1;6;19;1;25;14;5;17
TRACK:186;173;-1;2;1;6;5;4;3;5;5;12;1;3;0;1;2;2;6;0;12;12;0;5;20;0.8031260937414108;6;11;0;3;3;21;1.0964254125614838;2;2;12;15;2;17;19;1;6;6;2;13;10;4;6;3;17;2;5;4;1;1;8;8;2;24;7;-0.9386893169475707;4;0;2;5;16;3;16;1;3;16;1;24;12;6;1;1;0;12;13;4;18;5;0;6;5;0;14;12;4;4;5;18;2;5;1;4;6;6;6;3;6;24;0;5;0;1;1;10;17;5;18;5;4;2;17;20;-1.2953169598241467;3;10;6;2;2;6;5;3;5;2;14;17;2;5;4;0;2;18;19;3;13;2;4;2;1;10;15;5;19;4;5;3;19;1;3;0;6;4;1;7;-2.365586944209831;24;1;4;4;24;1;6;19;1;25;14;0;0;5;6;6;12;12;5;1;3;5;17;0;3;23;-9.056380388015613;1;20;2.435279807615521;18
TRACK:187;175;-1;2;1;6;5;4;3;5;5;12;1;3;0;1;2;2;6;0;12;12;0;5;20;0.620276092513662;6;11;0;3;3;21;1.2087288264609943;2;2;12;15;2;17;19;1;6;6;2;13;10;4;6;3;17;2;5;4;1;1;8;8;2;24;7;-1.0781223182362107;4;0;2;5;12;3;16;1;3;16;1;24;12;6;1;1;0;12;13;4;18;5;0;6;5;0;14;22;1.8921866446438955;4;4;5;18;2;5;1;4;6;6;6;3;6;24;0;5;0;6;2;0;17;16;1;10;22;-5.822915971535487;5;4;2;17;20;-1.3309527725419137;3;10;2;6;4;0;4;4;22;-7.889833187068021;0;2;25;21;-1.5544828595693279;3;10;1;0;1;2;5;24;4;16;4;4;8;1;4;5;25;0;2;14;21;2.867354225137298;4;11;3;6;2;1;10;7;0.5045831283422135;1;25;17
TRACK:188;177;-1;2;1;6;5;4;3;5;5;2;5;18;3;11;1;3;0;1;2;2;6;0;12;12;0;5;20;0.49813868351144436;6;11;0;3;3;21;0.809210090001494;2;15;2;17;19;1;6;6;2;13;10;21;6.2659396614431895;0;19;19;6;1;5;6;5;5;6;9;5;0;6;5;0;14;22;1.8723597891781378;4;4;4;25;2;5;1;4;6;6;6;3;6;24;0;5;0;6;2;1;24;20;6.05239938739533;1;10;22;-6.253387338132724;5;4;2;17;20;-1.109805690291708;3;10;6;2;2;6;5;3;5;2;14;17;2;5;5;3;0;16;9;2;4;2;1;8;15;5;19;4;5;3;19;1;3;0;6;4;1;7;-2.1506509049383555;24;1;4;4;24;1;6;19;1;25;14;0;0;5;6;6;12;3;1;4;7;3.259580153163274;0;8;10;3;16
TRACK:189;65;-1;2;1;6;5;4;3;5;5;2;5;18;3;11;1;3;0;6;2;4;9;6;21;7.914871465680513;2;5;4;1;1;8;8;2;24;7;-1.2414214563215764;4;0;2;5;16;3;16;1;3;16;1;24;12;6;1;5;6;5;5;6;9;5;0;6;5;0;14;22;1.9316354885836697;4;4;5;18;2;5;1;4;6;6;6;3;6;24;0;5;0;6;2;0;17;16;1;10;22;-6.045277572415056;5;4;2;17;20;-1.041778114780434;3;10;6;2;2;6;5;3;5;2;14;17;2;5;5;3;0;16;9;2;4;2;1;8;15;5;19;4;5;3;19;1;3;0;6;4;1;7;-2.0574610520083585;24;1;4;4;24;1;6;19;1;25;14;0;0;5;6;6;12;12;5;1;3;5;17;0;3;23;-8.847142209763353;1;20;2.527987180618257;18
EVAL_INSTANCE:9:0:180
EVAL_INSTANCE:9:1:181
EVAL_INSTANCE:9:2:182
EVAL_INSTANCE:9:3:183
EVAL_INSTANCE:9:4:184
EVAL_INSTANCE:9:5:185
EVAL_INSTANCE:9:6:186
EVAL_INSTANCE:9:7:187
EVAL_INSTANCE:9:8:188
EVAL_INSTANCE:9:9:189
RUN_RESULT:9:0:0:91:URRRUUDDRUUDDD
RUN_RESULT:9:1:0:100:URRRUUDDRUUDDD
RUN_RESULT:9:2:0:100:URRRUUDDRUUDDD
RUN_RESULT:9:3:0:2000:----
RUN_RESULT:9:4:0:1951:URRRUURRDDDDUULUUDDD
RUN_RESULT:9:5:0:100:URRRUUDDRUUDDD
RUN_RESULT:9:6:0:98:URRRUUDDRUUDDD
RUN_RESULT:9:7:0:1046:DLDDRRRRRRUUUULUURDDDDDLULUUUURRDDDL
RUN_RESULT:9:8:0:100:URRRUUDDRUUDDD
RUN_RESULT:9:9:0:100:URRRUUDDRUUDDD
    10 |      100 | -3.902900E+03 | -3.909000E+03
TRACK:190;142;180;2;1;6;5;4;3;5;5;2;5;18;3;11;1;3;0;1;2;2;6;0;12;12;0;5;20;0.5837888110530021;6;11;0;3;3;21;1.1489257475462529;2;2;12;15;2;17;19;1;6;6;2;13;10;4;6;3;17;2;5;4;1;1;8;8;2;24;7;-1.1758708093530656;4;0;2;5;16;3;16;1;3;16;1;24;12;6;1;5;6;5;5;6;9;5;0;6;5;0;14;22;1.8131451774428522;4;4;5;18;2;5;1;4;6;6;6;3;6;24;0;5;0;6;2;0;17;16;1;10;22;-5.86496444237058;5;4;2;17;20;-1.2973803069100383;3;10;6;2;2;6;5;3;5;2;14;17;2;5;4;12;2;4;2;1;10;15;5;19;4;5;3;19;1;3;0;6;4;1;7;-1.992035392923271;24;1;4;4;24;1;6;19;1;25;14;0;0;5;6;6;12;12;5;1;3;5;17;0;3;23;-8.853986182922384;1;20;2.631078458120949;18
TRACK:191;142;180;2;1;6;5;4;3;5;5;2;5;18;3;11;1;1;2;2;6;0;12;12;0;5;20;0.4788805621383228;6;11;0;3;3;21;1.1466177362483598;2;2;12;15;2;17;19;1;6;6;2;13;10;4;6;6;6;2;13;21;-7.719919251540448;6;1;5;6;5;5;6;9;5;0;6;5;0;14;22;1.8844241544977587;4;4;5;18;2;5;1;4;6;6;6;3;6;24;0;5;0;6;2;0;17;16;1;10;22;-5.866404861991421;5;4;2;17;20;-1.416132748456956;3;10;6;2;2;6;5;3;5;23;-8.853986182922384;2;5;4;0;2;18;19;3;13;2;4;2;1;10;15;5;19;4;5;3;19;1;3;0;6;4;1;7;-1.9586816079771845;24;1;4;4;24;1;6;19;1;25;14;0;0;5;6;6;12;12;5;1;3;5;17;0;3;23;-8.751385633116596;1;20;2.7018936977195085;18
TRACK:192;65;165;2;1;6;5;4;3;5;5;2;5;18;3;11;1;3;0;1;2;2;6;0;12;12;0;5;20;0.592939277894491;6;11;0;3;3;21;0.9924030265489886;2;20;2.3402035963811776;2;17;19;1;6;6;2;13;10;4;6;3;17;2;5;4;1;1;8;8;2;24;7;-1.099650447181148;4;0;2;5;16;3;16;1;3;16;1;24;12;6;1;5;6;5;5;6;9;5;0;6;5;0;14;22;2.031590721413082;4;4;5;18;2;5;1;4;6;6;6;3;6;24;0;5;0;6;2;0;17;16;1;10;22;-5.959334711917381;5;4;2;17;20;-1.2462302835927526;3;10;6;2;2;6;5;3;5;2;14;17;2;5;5;3;0;16;9;2;4;2;1;8;15;5;19;4;5;3;19;1;3;0;6;4;1;7;-2.0226350879644546;24;1;4;4;24;1;6;19;1;25;14;0;0;5;6;6;12;12;5;1;3;5;17;0;3;23;-8.744363998190272;1;20;2.70177482144017;18
TRACK:193;65;165;2;1;6;5;4;3;5;5;12;1;3;0;1;2;2;6;0;12;12;0;5;20;0.7593257814431953;6;11;0;3;3;21;1.2527055927055477;2;2;12;15;2;17;19;1;6;6;2;13;10;4;6;3;17;2;5;4;1;1;8;8;2;24;7;-1.0054351925916758;4;0;2;5;16;3;16;1;3;16;1;24;12;6;1;1;0;12;13;4;18;5;0;6;5;0;14;22;1.8703369863874622;4;4;5;18;2;5;1;4;6;6;6;3;6;24;0;5;0;6;19;5;4;2;17;20;-1.3415239176486506;3;10;6;2;2;6;5;3;5;2;14;17;2;5;4;0;2;18;19;3;13;2;4;2;1;10;15;5;19;4;5;3;19;1;3;0;6;4;1;7;-2.2046963925081613;24;1;4;4;24;1;6;19;1;25;14;0;0;5;6;6;12;12;5;1;3;5;17;0;3;23;-9.05242940020407;1;20;2.3402035963811776;18
TRACK:194;61;27;2;1;6;5;4;3;11;1;3;0;1;2;2;6;0;12;12;0;5;20;0.7879694484698336;6;11;0;3;3;21;0.9908895871316599;2;2;12;15;2;17;19;1;6;6;2;13;10;4;6;3;17;2;5;4;1;1;8;8;2;24;7;-1.2758916465307528;4;0;2;5;16;3;16;1;3;16;1;24;12;6;1;5;6;5;5;6;9;1;4;5;2;8;20;-3.2800625327894393;1;1;5;14;6;21;8.97770768671137;2;4;18;6;14;2;5;1;4;6;6;6;3;6;24;0;5;0;6;2;1;24;20;6.065237206104736;1;10;22;-6.1892003250105905;5;4;2;17;20;-0.8725825942484504;3;10;6;2;2;6;5;3;5;2;14;17;2;5;5;3;0;16;9;2;4;2;1;12;15;5;19;4;5;3;19;1;3;0;6;4;1;7;-1.8985721778053706;24;1;4;4;22;-6.084310227887479;1;6;19;1;25;14;0;0;5;6;6;21;-4.800825685191754;3;1;4;7;3.4304486156365233;0;8;10;5;1;3;5;17;0;3;23;-9.083981233074581;1;20;2.533714707337035;18
TRACK:195;61;27;2;1;6;5;4;3;5;5;2;5;18;3;11;1;3;0;1;2;2;6;0;12;12;0;5;20;0.5364660957095482;6;11;0;3;3;21;0.997378699066292;2;2;12;15;2;17;19;1;6;6;5;20;0.7879694484698336;4;6;3;17;2;5;4;1;1;8;8;2;24;7;-1.1145937459649504;4;0;2;5;16;3;16;1;3;16;1;24;12;6;1;5;6;5;5;6;9;5;0;6;5;0;14;22;2.1622194730390967;4;4;5;18;2;5;1;4;6;6;6;3;6;24;0;5;0;6;2;1;24;20;6.006800645946001;1;10;22;-6.1748658041932165;5;4;2;17;20;-1.2022299473758409;3;10;6;2;2;6;5;3;5;2;14;17;2;5;5;3;0;16;9;2;4;2;1;8;15;5;19;4;5;3;19;1;3;0;6;4;1;7;-2.0264738286418753;24;1;4;4;24;1;6;19;1;25;14;0;0;5;6;6;12;3;1;4;7;3.604293646266645;0;8;10;5;1;3;5;17;0;3;23;-8.906694077096587;1;20;2.5537076414466067;18
TRACK:196;61;180;2;1;6;5;4;3;11;1;3;0;1;2;2;6;0;12;12;0;5;20;0.7879694484698336;6;11;0;3;3;21;0.9908895871316599;2;2;12;15;18;1;6;6;2;13;10;4;6;3;17;2;5;4;1;1;8;8;2;24;7;-1.2758916465307528;4;0;2;5;16;3;16;1;3;16;1;24;12;6;1;5;6;5;5;6;9;1;4;5;2;8;20;-3.2800625327894393;1;1;5;14;6;21;8.97770768671137;2;4;18;6;14;2;5;1;4;6;6;6;3;6;24;0;5;0;6;2;1;24;20;6.065237206104736;1;10;22;-6.1892003250105905;5;4;2;17;20;-0.8725825942484504;3;10;6;2;2;6;5;3;5;2;14;17;2;5;5;3;0;16;9;2;4;2;1;8;15;5;19;4;5;3;19;1;3;0;6;4;1;7;-1.8985721778053706;24;1;4;4;22;-6.084310227887479;1;6;19;1;25;14;0;0;5;6;6;21;-4.800825685191754;3;1;4;7;3.4304486156365233;0;8;10;5;1;3;5;17;0;3;23;-9.083981233074581;1;20;2.533714707337035;18
TRACK:197;61;180;2;1;6;5;4;3;5;5;2;5;18;3;11;1;1;2;2;6;0;12;12;0;5;20;0.4788805621383228;6;11;0;3;3;21;1.1466177362483598;2;2;12;15;2;17;19;1;6;6;2;13;10;4;6;6;6;2;13;21;-7.719919251540448;6;1;5;6;5;5;6;9;5;0;6;5;0;14;22;1.8844241544977587;4;4;5;18;2;5;1;4;6;6;6;3;6;24;0;5;0;6;2;0;17;16;1;10;22;-5.866404861991421;5;4;2;17;20;-1.416132748456956;3;10;6;2;2;6;5;3;5;2;14;17;2;5;4;0;2;18;19;3;13;2;4;2;24;5;19;4;5;3;19;1;3;0;6;4;1;7;-1.9586816079771845;24;1;4;4;24;1;6;19;1;25;14;0;0;5;6;6;12;12;5;1;3;5;17;0;3;23;-8.751385633116596;1;20;2.7018936977195085;18
TRACK:198;142;165;2;1;6;5;4;3;5;5;2;5;18;3;11;1;3;0;1;2;2;6;0;12;12;0;5;20;0.5837888110530021;6;11;0;3;3;21;1.1489257475462529;2;2;12;15;2;17;19;1;6;6;2;13;10;4;6;3;17;2;5;4;1;1;8;8;2;24;7;-1.1758708093530656;4;0;2;5;16;3;16;1;3;16;1;24;12;6;6;19;2;5;1;4;6;6;6;3;6;24;0;5;0;6;2;0;17;16;1;10;22;-5.86496444237058;5;4;2;17;20;-1.2973803069100383;3;10;6;2;2;6;5;3;5;2;14;17;2;5;4;0;2;18;19;3;13;2;4;2;1;10;15;5;19;4;5;3;19;1;3;0;6;4;1;7;-1.992035392923271;24;1;4;4;24;1;6;19;1;25;14;0;0;5;6;6;12;12;5;1;3;5;17;0;3;23;-8.853986182922384;1;20;2.631078458120949;18
TRACK:199;142;165;2;1;6;5;4;3;5;5;12;1;3;0;1;2;2;6;0;12;12;0;5;20;0.7593257814431953;6;11;0;3;3;21;1.2527055927055477;2;2;12;15;2;17;19;1;6;6;2;13;10;4;6;3;17;2;5;4;1;1;8;8;2;24;7;-1.0054351925916758;4;0;2;5;16;3;16;1;3;16;1;24;12;6;1;1;0;12;13;4;18;5;0;6;5;0;14;22;1.8703369863874622;4;4;5;18;2;5;1;4;6;6;6;3;6;24;0;5;0;6;2;0;17;16;1;10;22;-5.916702970824087;5;4;2;17;20;-1.3415239176486506;3;10;6;2;2;6;5;3;5;2;14;17;2;5;4;0;2;18;19;3;13;2;4;2;1;10;15;5;19;4;5;3;19;1;3;0;6;4;1;7;-2.2046963925081613;24;1;4;4;24;1;6;14;1;25;14;0;0;5;6;6;12;12;5;1;3;5;17;0;3;23;-9.05242940020407;1;20;2.3402035963811776;18
TRACK:200;190;-1;2;1;6;5;4;3;5;5;2;5;18;3;11;1;3;0;1;2;2;6;0;12;12;0;5;20;0.40225551430811346;6;11;0;3;3;21;1.2987372064977822;2;2;12;15;2;17;19;1;6;6;2;13;10;4;6;3;17;2;5;4;1;1;8;8;2;24;7;-0.9925616813985716;4;0;2;5;16;3;16;1;3;16;1;24;12;6;1;5;6;5;5;6;9;5;0;6;5;0;14;22;1.72166683279042;4;4;5;18;2;5;1;4;6;6;6;3;6;24;0;5;0;6;2;0;17;9;1;10;22;-5.853950519052189;5;4;2;17;20;-1.213551927318848;3;10;6;2;2;6;5;3;5;2;14;17;2;5;4;12;2;4;2;1;10;15;5;19;4;5;3;19;1;3;0;6;4;1;7;-1.9326683623719478;24;1;4;4;24;1;6;19;1;25;14;0;0;5;6;6;12;12;5;1;3;5;17;0;3;23;-8.881446343958597;1;20;2.656669995489134;18
TRACK:201;192;-1;2;1;6;5;4;3;5;5;2;5;18;3;11;1;3;0;1;2;2;6;0;12;12;0;5;20;0.49984225352232275;6;11;0;3;6;10;2;20;2.4651270998798553;2;17;19;1;6;6;2;13;10;4;6;3;17;2;5;4;1;1;8;8;2;24;7;-1.125443894436591;4;0;2;5;16;3;16;1;3;16;1;24;12;6;1;5;6;5;5;6;9;5;0;6;5;0;14;22;1.9156829362806655;4;4;5;18;2;5;1;4;6;6;6;3;6;24;0;5;0;6;2;0;17;16;1;10;22;-5.920908297954465;5;4;2;17;20;-1.300499826581929;3;10;6;2;2;6;5;3;5;2;14;17;2;5;5;3;0;16;9;2;4;2;1;8;15;5;19;4;5;3;19;1;3;0;6;4;1;7;-2.119246941671968;24;1;4;4;24;1;6;19;1;25;14;0;0;5;6;6;12;12;5;1;3;5;17;0;3;23;-8.71791909817088;1;20;2.6471065872712183;18
TRACK:202;194;-1;2;1;6;5;4;3;11;1;3;0;1;2;2;6;0;12;12;0;5;20;0.6851751226239939;6;11;0;3;3;21;1.0180423962443252;2;2;12;15;2;17;19;1;6;6;2;13;10;4;6;3;17;2;5;4;1;1;8;8;2;24;7;-1.1554083768830683;4;0;2;5;16;3;16;1;3;16;1;24;12;6;1;5;6;5;5;6;9;1;4;5;2;8;20;-3.0405245302054844;1;1;5;14;6;21;8.8479500978335;2;4;18;6;14;2;5;1;4;6;6;6;3;6;24;0;5;0;6;2;1;24;20;6.04975827371012;1;10;22;-6.191500111526076;5;4;2;17;20;-0.9186029228660324;3;10;6;2;2;6;5;3;5;2;14;17;2;5;5;3;0;16;9;2;4;2;1;12;15;5;19;4;5;3;19;1;3;0;6;4;1;7;-1.843636749693788;24;1;4;4;22;-6.008314142931455;1;6;19;1;25;14;0;0;5;6;6;21;-4.780581428752184;3;1;4;7;3.5529744693724497;0;8;10;5;1;3;5;11;0;3;23;-9.160157517983759;1;20;2.555802690972391;18
TRACK:203;196;-1;2;1;6;5;4;3;11;1;3;0;1;2;2;6;0;12;12;0;5;20;0.975104374507508;6;11;0;3;3;21;0.8882669950228053;2;2;12;15;18;1;6;6;2;13;10;4;6;3;17;2;5;4;1;1;8;8;2;24;7;-1.2946396647236524;4;0;2;5;16;3;16;1;3;16;1;24;12;6;1;5;6;5;5;6;9;1;4;5;2;8;20;-3.3009544634883894;1;1;5;14;6;21;9.096102431314444;2;4;18;6;14;2;5;1;4;6;6;6;3;6;24;0;5;0;6;2;1;24;20;6.129221677102922;1;10;22;-6.289649712650464;5;4;2;17;20;-0.8741576989697083;3;10;6;2;2;6;5;3;5;2;14;17;2;5;5;3;0;16;9;2;4;2;1;8;15;5;19;4;5;3;19;1;3;0;6;4;1;7;-1.7637693393353302;24;1;4;4;22;-6.018661021174173;1;6;19;1;25;14;0;0;5;6;6;21;-4.861776438652463;3;1;4;7;3.431528557922127;0;8;10;5;1;3;5;17;2;12;18
TRACK:204;198;-1;2;1;6;5;4;3;5;5;2;5;18;3;11;1;3;0;1;2;2;6;0;12;12;0;5;20;0.5704880464198734;6;11;0;3;3;21;1.153740455385797;2;2;12;15;2;17;19;1;6;6;2;13;10;4;6;3;17;2;5;4;6;1;9;7;-5.658505043079138;4;0;2;5;16;3;16;1;3;16;1;24;12;6;6;19;2;5;1;4;6;6;6;3;6;24;0;5;0;6;2;0;17;16;1;10;22;-5.989617042523396;5;4;2;17;20;-1.2712303473950028;3;10;6;2;2;6;5;3;5;2;14;17;2;5;4;0;2;18;19;3;13;2;4;2;1;10;15;5;19;4;5;3;19;1;3;0;6;4;1;7;-2.04281582110235;24;1;4;4;24;1;6;19;1;25;14;0;0;5;6;6;12;12;5;1;3;5;17;0;3;23;-8.923832559909949;1;20;2.5942863448588867;18
TRACK:205;191;-1;2;1;6;5;4;3;5;5;2;5;18;3;11;1;1;2;2;6;0;12;12;0;5;20;0.3744155271863545;6;11;0;3;3;21;1.3118688940927177;2;2;12;15;2;17;19;1;6;6;2;13;10;4;6;6;6;2;13;21;-7.687463354528522;6;1;5;6;5;5;6;9;5;0;6;5;0;14;22;1.9550827861895403;4;4;5;18;2;5;1;4;6;6;6;3;6;24;0;5;0;6;2;0;17;16;1;10;22;-5.861175775304362;5;4;2;17;20;-1.3047664231458653;3;10;6;2;2;6;5;3;5;23;-8.94065553367324;2;5;4;0;2;18;19;3;13;2;4;0;21;6.298212414045899;24;4;5;3;19;1;3;0;6;4;1;7;-1.8377137907347005;24;1;4;4;24;1;6;19;1;25;14;0;0;5;6;6;12;12;5;1;3;5;17;0;3;23;-8.821264027569343;1;20;2.5622354531469584;18
TRACK:206;193;-1;2;1;6;5;4;3;5;5;12;1;3;0;1;2;2;6;0;12;12;0;5;20;0.7439850419337438;6;11;0;3;3;21;1.2125752570996229;2;2;12;15;2;17;19;1;6;6;2;13;10;4;6;3;17;2;5;5;4;0;8;16;4;0;2;5;16;3;16;1;3;16;1;24;12;6;1;1;0;12;13;4;18;5;0;6;5;0;14;22;1.8811662443085981;4;4;5;18;2;5;1;4;6;6;6;3;6;24;0;5;0;6;19;5;4;2;17;20;-1.4640105377726798;3;10;6;2;2;6;5;3;5;2;14;17;2;5;4;0;2;18;19;3;13;2;4;2;1;10;15;5;19;4;5;3;19;1;3;0;6;4;1;7;-2.1887891716814467;24;1;4;4;24;1;6;19;1;25;14;0;0;5;6;6;12;12;5;1;3;5;17;0;3;23;-8.997521677546754;1;20;2.4669770621085036;18
TRACK:207;195;-1;2;1;6;5;4;3;5;5;2;5;18;3;11;1;3;0;1;2;2;6;0;12;12;0;5;20;0.4803463158502887;6;11;0;3;3;21;1.0528505784816167;2;2;12;15;2;17;19;1;6;6;5;20;0.7610750032016638;4;6;3;17;2;5;4;1;1;8;8;2;24;7;-1.2003275461914056;4;0;2;5;16;3;16;1;3;16;1;24;12;6;1;5;6;5;5;6;9;5;0;6;5;0;14;22;2.2421983896418474;4;4;5;18;2;5;1;4;6;6;6;3;6;24;0;5;0;6;2;1;24;20;5.925621334035236;1;10;22;-6.060241468122984;5;4;2;17;20;-1.158686972556302;3;10;6;2;2;6;5;3;5;2;14;17;2;5;5;3;0;16;9;2;4;2;1;8;15;5;19;4;5;3;19;1;3;0;5;3;17;1;4;4;24;1;6;19;1;25;14;0;0;5;6;6;12;3;1;4;7;3.8101661168756484;0;8;10;5;1;3;5;17;0;3;23;-8.935934372716638;1;20;2.5440436779202527;18
TRACK:208;197;-1;2;1;6;5;4;3;5;5;2;5;18;3;11;1;1;2;2;6;0;12;12;0;5;1;0;19;21;-8.596088292782138;6;17;6;11;0;3;3;21;1.0799270082368302;2;2;12;15;2;17;19;1;6;6;2;13;10;4;6;6;6;2;13;21;-7.830845634980582;6;1;5;6;5;5;6;9;5;0;6;5;0;14;22;1.646902471749531;4;4;5;18;2;5;1;4;6;6;6;3;6;24;0;5;0;6;2;0;17;16;1;10;22;-5.77552537840809;5;4;2;17;20;-1.2941144400963247;3;10;6;2;2;6;5;3;5;2;14;17;2;5;4;0;2;18;19;3;13;2;4;2;24;5;19;4;5;3;19;1;3;0;6;4;1;7;-2.0960346585316856;24;1;4;4;24;1;6;19;1;25;14;0;0;5;6;6;12;12;5;1;3;5;17;0;3;23;-8.802949281982134;1;20;2.7797547430340495;18
TRACK:209;199;-1;2;1;6;5;4;3;5;5;12;1;3;0;1;2;2;6;0;12;12;0;5;20;0.7057212212671764;6;11;0;3;3;21;1.1990207775233828;2;2;12;15;2;17;19;1;6;6;2;13;10;4;6;3;17;2;5;4;1;1;8;8;2;24;7;-0.9759219314844184;4;0;2;5;16;3;16;1;3;16;1;24;12;6;1;1;0;12;13;4;18;5;0;6;5;0;14;22;1.852328436962132;4;4;5;18;2;5;1;4;6;6;6;3;6;24;0;5;0;6;2;0;17;16;1;10;22;-5.931810424079735;5;1;1;19;12;3;9;3;10;6;2;2;6;5;3;5;2;14;17;2;5;4;0;2;18;19;3;13;2;4;2;1;10;15;5;19;4;5;3;19;1;3;0;6;4;1;7;-2.2551405678922167;24;1;4;4;24;1;6;14;1;25;14;0;0;5;6;6;12;12;5;1;3;5;17;0;3;23;-9.056731512618756;1;20;2.2717969409348635;18
EVAL_INSTANCE:10:0:200
EVAL_INSTANCE:10:1:201
EVAL_INSTANCE:10:2:202
EVAL_INSTANCE:10:3:203
EVAL_INSTANCE:10:4:204
EVAL_INSTANCE:10:5:205
EVAL_INSTANCE:10:6:206
EVAL_INSTANCE:10:7:207
EVAL_INSTANCE:10:8:208
EVAL_INSTANCE:10:9:209
RUN_RESULT:10:0:0:92:URRRUUDDRUUDDD
RUN_RESULT:10:1:0:100:URRRUUDDRUUDDD
RUN_RESULT:10:2:0:2000:----
RUN_RESULT:10:3:0:100:URRRUUDDRUUDDD
RUN_RESULT:10:4:0:91:URRRUUDDRUUDDD
RUN_RESULT:10:5:0:2000:----
RUN_RESULT:10:6:0:98:URRRUUDDRUUDDD
RUN_RESULT:10:7:0:100:URRRUUDDRUUDDD
RUN_RESULT:10:8:0:96:URRRUUDDRUUDDD
RUN_RESULT:10:9:0:91:URRRUUDDRUUDDD
    11 |      110 | -3.906100E+03 | -3.909000E+03
TRACK:210;204;165;2;1;6;5;4;3;5;5;2;5;18;3;11;1;3;0;1;2;2;6;0;12;12;0;5;20;0.5704880464198734;6;11;0;3;3;21;1.153740455385797;2;2;12;15;2;17;19;1;6;6;2;13;10;4;6;3;17;2;5;4;6;1;9;7;-5.658505043079138;4;0;2;5;16;3;16;1;3;16;1;24;12;6;6;19;2;5;1;4;6;6;6;3;6;24;23;-9.05242940020407;6;2;2;6;5;3;5;2;14;17;2;5;4;0;2;18;19;3;13;2;4;2;1;10;15;5;19;4;5;3;19;1;3;0;6;4;1;7;-2.04281582110235;24;1;4;4;24;1;6;19;1;25;14;0;0;5;6;6;12;12;5;1;3;5;17;0;3;23;-8.923832559909949;1;20;2.5942863448588867;18
TRACK:211;204;165;2;1;6;5;4;3;5;5;12;1;3;0;1;2;2;6;0;12;12;0;5;20;0.7593257814431953;6;11;0;3;3;21;1.2527055927055477;2;2;12;15;2;17;19;1;6;6;11;4;6;3;17;2;5;4;1;1;8;8;2;24;7;-1.0054351925916758;4;0;2;5;16;3;16;1;3;16;1;24;12;6;1;1;0;12;13;4;18;5;0;6;5;0;14;22;1.8703369863874622;4;4;5;18;2;5;1;4;6;6;6;3;6;24;0;5;0;6;2;0;17;16;1;10;22;-5.916702970824087;5;4;2;17;20;-1.3415239176486506;3;10;6;2;2;6;5;3;5;2;14;17;2;5;4;0;2;18;19;3;13;2;4;2;1;10;15;5;19;4;5;3;19;1;3;0;6;4;1;7;-2.2046963925081613;24;1;4;4;24;1;6;19;1;25;14;0;0;5;6;6;12;12;5;1;3;5;17;0;3;23;-9.05242940020407;1;20;2.3402035963811776;18
TRACK:212;209;180;2;1;6;5;4;3;5;5;12;1;3;0;1;2;2;6;0;12;12;0;5;20;0.7057212212671764;6;11;0;3;3;21;1.1990207775233828;2;2;12;15;2;17;19;1;6;6;2;13;10;4;6;3;17;2;5;4;1;1;8;8;2;24;7;-0.9759219314844184;4;0;2;5;16;3;16;1;3;16;1;24;12;6;1;1;0;12;13;4;18;5;0;6;5;0;14;22;1.852328436962132;4;4;5;18;2;5;1;4;6;6;6;3;6;24;0;5;0;6;2;0;17;16;1;10;22;-5.931810424079735;5;1;1;19;12;3;9;3;10;6;5;20;0.4788805621383228
TRACK:213;209;180;2;1;6;5;4;3;5;5;2;5;18;3;11;1;1;2;2;6;0;12;12;0;5;20;0.4788805621383228;6;11;0;3;3;21;1.1466177362483598;2;2;12;15;2;17;19;1;6;6;2;13;10;4;6;6;6;2;13;21;-7.719919251540448;6;1;5;6;5;5;6;9;5;0;6;5;0;14;22;1.8844241544977587;4;4;5;18;2;5;1;4;6;6;6;3;6;24;0;5;0;6;2;0;17;16;1;10;22;-5.866404861991421;5;4;2;17;20;-1.416132748456956;3;10;6;2;2;6;5;3;12;2;5;4;0;2;18;19;3;13;2;4;2;1;10;15;5;19;4;5;3;19;1;3;0;6;4;1;7;-1.9586816079771845;24;1;4;4;24;1;6;19;1;25;14;0;0;5;6;6;12;12;5;1;3;5;17;0;3;23;-8.751385633116596;1;20;2.7018936977195085;18
TRACK:214;186;204;2;1;6;5;4;3;5;5;12;1;3;0;1;2;2;6;0;12;12;0;5;20;0.8031260937414108;6;11;0;3;3;21;1.0964254125614838;2;2;12;15;2;17;19;1;6;6;2;13;10;4;6;3;12;2;5;4;1;1;8;8;2;24;7;-0.9386893169475707;4;0;2;5;16;3;16;1;3;16;1;24;12;6;1;1;0;12;13;4;18;5;0;6;5;0;14;12;4;4;5;18;2;5;1;4;6;6;6;3;6;24;0;5;0;1;1;10;17;5;18;5;4;2;17;20;-1.2953169598241467;3;10;6;2;2;6;5;3;5;2;14;17;2;5;4;0;2;18;19;3;13;2;4;2;1;10;15;5;19;4;5;3;19;1;3;0;6;4;1;7;-2.365586944209831;24;1;4;4;24;1;6;19;1;25;14;0;0;5;6;6;12;12;5;1;3;5;17;0;3;23;-9.056380388015613;1;20;2.435279807615521;18
TRACK:215;186;204;2;1;6;5;4;3;5;5;2;5;18;3;11;1;3;0;1;2;2;6;0;12;12;0;5;20;0.5704880464198734;6;11;0;3;3;21;1.153740455385797;2;2;12;15;2;17;19;1;6;6;2;13;10;4;6;3;17;2;5;4;6;1;9;7;-5.658505043079138;4;0;2;5;16;3;16;1;3;16;1;24;12;6;6;19;2;5;1;4;6;6;6;3;6;24;0;5;0;6;2;0;17;16;1;10;22;-5.989617042523396;5;4;2;17;20;-1.2712303473950028;3;10;6;2;2;6;5;3;5;2;14;17;2;5;4;0;2;18;19;3;13;2;4;2;1;10;15;5;19;4;5;3;19;1;3;0;6;4;1;7;-2.04281582110235;24;1;4;4;24;1;6;19;1;25;14;0;0;5;6;6;12;12;5;1;3;5;17;0;3;12;1;20;2.5942863448588867;18
TRACK:216;208;142;2;1;6;5;4;3;5;5;2;5;18;3;11;1;1;2;2;6;0;12;12;0;5;1;0;19;21;-8.596088292782138;6;17;6;11;0;3;3;21;1.0799270082368302;2;2;12;15;2;17;19;1;6;6;2;13;10;4;6;6;6;2;13;21;-7.830845634980582;6;1;5;6;5;5;6;9;5;0;6;5;0;14;22;1.646902471749531;4;4;5;18;2;5;1;4;6;6;6;3;6;24;0;5;0;6;2;0;17;16;1;10;22;-5.77552537840809;5;4;2;17;20;-1.2941144400963247;3;10;6;2;2;6;5;3;5;2;14;17;2;5;4;0;2;18;19;3;13;2;4;2;24;5;19;4;5;3;19;1;3;0;6;4;1;7;-2.0960346585316856;24;1;4;4;24;1;6;19;18;0;0;5;6;6;12;12;5;1;3;5;17;0;3;23;-8.802949281982134;1;20;2.7797547430340495;18
TRACK:217;208;142;2;1;6;5;4;3;5;5;2;5;18;3;11;1;3;0;1;2;2;6;0;19;12;0;5;20;0.5837888110530021;6;11;0;3;3;21;1.1489257475462529;2;2;12;15;2;17;19;1;6;6;2;13;10;4;6;3;17;2;5;4;1;1;8;8;2;24;7;-1.1758708093530656;4;0;2;5;16;3;16;1;3;16;1;24;12;6;1;5;6;5;5;6;9;5;0;6;5;0;14;22;1.8131451774428522;4;4;5;18;2;5;1;4;6;6;6;3;6;24;0;5;0;6;2;0;17;16;1;10;22;-5.86496444237058;5;4;2;17;20;-1.2973803069100383;3;10;6;2;2;6;5;3;5;2;14;17;2;5;4;0;2;18;19;3;13;2;4;2;1;10;15;5;19;4;5;3;19;1;3;0;6;4;1;7;-1.992035392923271;24;1;4;4;24;1;6;19;1;25;14;0;0;5;6;6;12;12;5;1;3;5;17;0;3;23;-8.853986182922384;1;20;2.631078458120949;18
TRACK:218;165;186;2;1;6;5;4;3;5;5;12;1;3;0;1;2;2;6;0;12;12;0;5;20;0.7593257814431953;6;11;0;3;3;21;1.2527055927055477;2;2;12;15;2;17;19;1;6;6;2;13;10;4;6;3;17;2;5;4;1;1;13;8;2;24;7;-1.0054351925916758;4;0;2;5;16;3;16;1;3;16;1;24;12;6;1;1;0;12;13;4;18;5;0;6;5;0;14;22;1.8703369863874622;4;4;5;18;2;5;1;4;6;6;6;3;6;24;0;5;0;6;2;0;17;16;1;10;22;-5.916702970824087;5;4;2;17;20;-1.3415239176486506;3;10;6;2;2;6;5;3;5;2;14;17;2;5;4;0;2;18;19;3;13;2;4;2;1;10;15;5;19;4;5;3;19;1;3;0;6;4;1;7;-2.2046963925081613;24;1;4;4;24;1;6;19;1;25;14;0;0;5;6;6;12;12;5;1;3;5;17;0;3;23;-9.05242940020407;1;20;2.3402035963811776;18
TRACK:219;165;186;2;1;6;5;4;3;5;5;12;1;3;0;1;2;2;6;0;12;12;0;5;20;0.8031260937414108;6;11;0;3;3;21;1.0964254125614838;2;2;12;15;2;17;19;1;6;6;2;13;10;4;6;3;17;2;5;4;1;1;8;8;2;24;7;-0.9386893169475707;4;0;2;5;16;3;16;1;3;16;1;24;12;6;1;1;0;12;13;4;18;5;0;6;5;0;14;12;4;4;5;18;2;5;1;4;6;6;6;3;6;24;0;5;0;1;1;10;17;5;18;5;4;2;17;20;-1.2953169598241467;3;10;6;2;2;6;5;3;5;2;14;17;2;5;4;0;2;18;19;3;13;2;4;2;1;10;15;5;19;4;5;11;1;3;0;6;4;1;7;-2.365586944209831;24;1;4;4;24;1;6;19;1;25;14;0;0;5;6;6;12;12;5;1;3;5;17;0;3;23;-9.056380388015613;1;20;2.435279807615521;18
TRACK:220;210;-1;2;1;6;5;4;3;5;5;2;5;18;3;11;1;3;0;1;2;2;6;0;12;12;0;5;20;0.5746495101404204;6;11;0;3;3;21;1.3200851017359925;2;2;12;15;2;17;19;1;6;6;2;13;10;4;6;3;17;2;5;4;6;1;9;7;-5.539784710396044;4;0;2;5;16;3;16;1;3;16;1;24;12;6;6;19;2;5;1;4;6;6;6;3;6;24;23;-9.07702095393371;6;2;2;6;5;3;5;2;14;17;2;5;4;0;2;18;19;3;13;2;4;2;1;10;15;5;19;4;5;3;19;1;3;0;6;4;1;7;-1.9819449986330586;24;1;4;4;24;1;6;19;1;25;14;0;0;5;6;6;12;12;5;1;3;5;17;4;11
TRACK:221;212;-1;2;1;6;5;4;3;5;5;12;1;3;0;1;2;2;6;0;12;12;0;5;20;0.8297585647862217;6;11;0;3;3;21;1.1452282845485595;2;2;12;15;2;17;19;1;6;3;1;10;20;-6.123965913672236;4;6;3;17;2;5;4;1;1;8;8;2;24;7;-1.124009331660333;4;0;2;5;16;3;16;1;3;16;1;24;12;6;1;1;0;12;13;4;18;5;0;6;5;0;14;22;1.8802951002619865;4;4;5;18;2;5;1;4;6;6;6;3;6;24;0;5;0;6;2;0;17;16;1;10;22;-6.015560112139928;5;1;1;19;12;3;9;3;10;6;5;20;0.5867694016492485
TRACK:222;214;-1;2;1;6;5;4;3;5;5;12;1;3;0;1;2;2;6;0;12;12;0;5;20;0.7590715797004273;6;11;0;3;3;21;1.185690726042563;2;2;12;15;2;17;19;1;6;6;2;13;10;4;6;3;12;2;5;4;1;1;8;8;2;24;7;-0.8725043867826623;4;0;2;5;16;3;16;1;3;16;1;24;12;6;1;1;0;12;13;4;18;5;0;6;5;0;14;12;4;4;5;18;2;5;1;4;6;6;6;3;6;24;0;5;0;1;1;10;17;5;18;5;4;2;17;20;-1.1089426188089817;3;10;6;2;2;6;5;3;5;2;9;17;2;5;4;0;2;18;19;3;13;2;4;2;1;10;15;5;19;4;5;3;19;1;3;0;6;4;1;7;-2.4668735589917716;24;1;4;4;24;1;6;19;1;25;14;0;0;5;6;6;12;12;5;1;3;5;17;0;3;23;-9.054208666725346;1;20;2.4326855392783435;18
TRACK:223;216;-1;2;1;6;5;4;3;5;5;2;5;18;3;11;1;1;2;2;6;0;12;12;0;5;1;0;19;21;-8.40033596147551;6;17;6;11;0;3;3;21;1.0032811090894607;2;2;12;15;2;17;19;1;6;6;2;13;10;4;6;6;6;2;13;21;-7.740059901919497;6;1;5;6;5;5;6;9;5;0;6;5;0;14;22;1.5671531133725938;4;4;5;18;2;5;1;4;6;6;6;3;6;24;0;5;0;6;2;0;17;16;1;10;22;-5.810808600307343;5;4;2;17;20;-1.1567223768696844;3;10;6;2;2;6;5;3;5;2;14;17;2;5;4;3;8;2;4;2;24;5;19;4;5;3;19;1;3;0;6;4;1;7;-2.1853131319848305;24;1;4;4;24;1;6;19;18;0;0;5;6;6;12;12;5;1;3;5;17;0;3;23;-8.669420750418134;1;20;2.676610633925352;18
TRACK:224;218;-1;2;1;6;5;4;3;5;5;12;1;3;0;1;2;2;6;0;12;12;0;5;20;0.6120802126925458;6;11;0;3;3;21;1.213759841867892;2;2;12;15;2;17;19;1;6;6;2;13;10;4;6;3;17;2;5;4;1;1;13;8;2;24;7;-1.0256024390344474;4;0;2;5;16;3;16;1;3;16;1;24;12;6;1;1;0;12;13;4;6;6;18;5;0;6;5;0;14;22;1.8672665496163923;4;4;5;18;2;5;1;4;6;6;6;3;6;24;0;5;0;6;2;0;17;16;1;10;22;-6.018109748541476;5;4;2;17;20;-1.4370940579014604;3;10;6;2;2;6;5;3;5;2;14;17;2;5;4;0;2;18;19;3;13;2;4;2;1;10;15;5;19;4;5;3;19;1;3;0;6;4;1;7;-2.2036255268602876;24;1;4;4;24;1;6;19;1;25;14;0;0;5;6;6;12;12;5;1;3;5;17;0;3;23;-9.169211720242362;1;20;2.3705449076218565;18
TRACK:225;211;-1;2;1;6;5;4;3;5;5;12;1;3;0;1;2;2;6;0;12;12;0;5;20;0.7148204967556417;6;11;0;3;3;21;1.2314704550569924;2;2;12;15;2;17;19;1;6;6;11;4;6;3;17;2;5;4;1;1;8;8;2;24;7;-0.8120269436977949;4;0;2;5;16;3;16;1;3;16;1;24;12;6;1;1;0;12;13;4;18;5;0;6;5;0;14;22;1.8375729370814606;4;4;5;18;2;5;1;4;6;3;4;11;0;5;0;6;2;0;17;16;1;10;22;-6.00237260243407;5;4;2;17;20;-1.3437326783520842;3;10;6;2;2;6;5;3;5;2;14;17;2;5;4;0;2;18;19;3;13;2;4;2;1;10;15;5;19;4;5;3;19;1;3;0;6;4;1;7;-1.9406068207636664;24;1;4;4;24;1;6;19;1;25;14;0;0;5;6;6;12;12;5;1;3;5;17;0;3;23;-8.926388984954258;1;20;2.381034351717161;18
TRACK:226;213;-1;2;1;6;5;4;3;5;5;2;5;18;3;11;1;1;2;2;6;0;12;12;0;5;20;0.6034488522018588;6;11;0;3;3;21;0.9543410544071224;2;2;12;15;2;17;19;1;6;6;2;13;10;4;6;6;6;2;13;21;-7.50163225407686;6;1;5;6;5;5;6;9;5;0;6;5;0;14;22;1.8425018670944588;4;4;5;18;2;5;1;4;6;6;6;3;6;24;0;5;0;6;2;0;17;16;1;16;22;-5.953945938358036;5;4;2;17;20;-1.4437589135805275;3;10;6;2;2;6;5;3;12;2;5;4;0;2;18;19;3;13;2;4;2;1;10;15;5;19;4;5;3;19;1;3;0;6;4;1;7;-2.1073529033885023;24;1;4;4;24;1;6;19;1;25;14;0;0;5;6;6;12;12;5;1;3;5;17;0;3;23;-8.800526716451198;1;20;2.7244751620272285;18
TRACK:227;215;-1;2;1;6;5;4;3;5;5;2;5;18;3;11;1;3;0;1;2;2;6;0;12;12;0;5;20;0.42125736013253134;6;11;0;3;3;21;1.2084744279369959;2;2;12;15;2;17;19;1;6;6;2;13;10;4;6;3;17;2;5;4;6;1;9;7;-5.693034747792679;4;0;2;5;16;3;16;1;3;16;1;24;12;6;6;19;2;5;1;4;6;6;6;3;6;24;0;5;0;6;2;0;17;16;1;10;22;-5.943610106785022;5;4;2;17;20;-1.2386225812921923;3;10;6;2;2;6;5;3;5;2;14;17;2;5;4;0;2;18;19;3;13;2;4;2;1;10;15;5;19;4;5;3;19;1;3;0;6;4;1;7;-2.069179665469343;24;1;4;4;24;1;6;19;1;25;14;0;0;5;6;6;12;12;5;2;7;-8.249239607394243;22;-8.880419036751917
TRACK:228;217;-1;2;1;6;5;4;3;5;5;2;5;18;3;11;1;3;0;1;2;2;6;0;19;12;0;5;20;0.5278202255848197;6;11;0;3;3;21;1.0410312431108082;2;2;12;15;2;17;19;1;6;6;2;13;10;4;6;3;17;2;5;4;1;1;8;8;2;24;7;-1.109206667916034;4;0;2;5;16;3;16;1;3;16;1;24;12;6;1;5;6;5;5;6;9;5;0;6;5;0;14;22;1.6032061440933456;4;4;5;18;2;5;1;4;6;6;6;3;6;24;0;5;0;6;2;0;17;16;1;10;22;-5.740002034495487;5;4;2;17;20;-1.2367349199744826;3;10;6;2;2;6;5;3;5;2;14;17;2;5;4;0;2;18;19;3;13;2;4;2;1;10;15;5;19;4;5;3;19;1;3;0;6;4;1;7;-2.187160698526047;24;1;4;4;24;1;6;19;1;25;14;0;0;5;6;6;12;12;5;1;3;5;17;0;3;23;-8.760253626433316;1;20;2.796564411452288;18
TRACK:229;219;-1;2;1;6;5;4;3;5;5;12;1;3;0;1;2;2;6;0;12;12;0;5;20;0.8678695632124299;6;11;0;3;3;21;1.0331758085302185;2;2;12;15;2;17;19;1;6;6;2;13;10;4;6;3;17;2;5;4;1;1;8;8;2;24;7;-1.0791874187493722;4;0;2;5;16;3;16;1;3;16;1;24;12;6;1;1;0;12;13;4;18;5;0;6;5;0;14;12;4;4;5;18;2;5;1;4;6;6;6;3;6;24;0;5;0;1;1;10;17;5;18;5;4;2;17;20;-1.249184149795856;3;10;6;2;2;6;5;3;5;2;14;17;2;5;4;2;2;13;15;2;24;12;2;4;2;1;10;15;5;19;4;5;11;1;3;0;6;4;1;7;-2.4045666214745367;24;1;4;4;24;1;6;19;1;25;14;0;0;5;6;6;12;12;5;1;3;5;17;0;3;23;-9.035352209051323;1;20;2.468757922480485;18
EVAL_INSTANCE:11:0:220
EVAL_INSTANCE:11:1:221
EVAL_INSTANCE:11:2:222
EVAL_INSTANCE:11:3:223
EVAL_INSTANCE:11:4:224
EVAL_INSTANCE:11:5:225
EVAL_INSTANCE:11:6:226
EVAL_INSTANCE:11:7:227
EVAL_INSTANCE:11:8:228
EVAL_INSTANCE:11:9:229
RUN_RESULT:11:0:0:2000:----
RUN_RESULT:11:1:0:2000:----
RUN_RESULT:11:2:0:2000:----
RUN_RESULT:11:3:0:100:URRRUUDDRUUDDD
RUN_RESULT:11:4:0:91:URRRUUDDRUUDDD
RUN_RESULT:11:5:0:2000:----
RUN_RESULT:11:6:0:2000:----
RUN_RESULT:11:7:0:91:URRRUUDDRUUDDD
RUN_RESULT:11:8:0:91:URRRUUDDRUUDDD
RUN_RESULT:11:9:0:99:URRRUUDDRUUDDD
    12 |      120 | -3.908400E+03 | -3.909000E+03
TRACK:230;180;228;2;1;6;5;4;3;5;5;2;5;18;3;11;1;1;2;2;6;0;12;12;0;5;20;0.4788805621383228;6;11;0;3;3;21;1.1466177362483598;2;2;12;15;2;17;19;1;6;6;2;13;10;4;6;6;6;2;13;21;-7.719919251540448;6;1;5;6;5;5;6;9;5;0;6;5;0;14;22;1.8844241544977587;4;4;5;18;2;5;1;4;6;6;6;3;6;24;0;5;0;6;2;0;17;16;1;10;22;-5.866404861991421;5;4;2;17;20;-1.416132748456956;3;10;6;2;2;6;5;3;5;2;14;17;2;5;4;0;2;17;19;3;13;2;4;2;1;10;15;5;19;4;5;3;19;1;3;0;6;4;1;7;-1.9586816079771845;24;1;4;4;24;1;6;19;1;25;14;0;0;5;6;6;12;12;5;1;3;5;17;0;3;23;-8.751385633116596;1;20;2.7018936977195085;18
TRACK:231;180;228;2;1;6;5;4;3;5;5;2;5;18;3;11;1;3;0;1;2;2;6;0;19;12;0;5;20;0.5278202255848197;6;11;0;3;3;21;1.0410312431108082;2;2;12;15;2;17;19;1;6;6;2;13;10;4;6;3;17;2;5;4;1;1;8;8;2;24;7;-1.109206667916034;4;0;2;5;16;3;16;1;3;16;1;24;12;6;1;5;6;5;5;6;9;5;0;6;5;0;14;22;1.6032061440933456;4;4;5;18;2;5;1;4;6;6;6;3;6;24;0;5;0;6;2;0;17;16;1;10;22;-5.740002034495487;5;4;2;17;20;-1.2367349199744826;3;10;6;2;2;6;5;3;5;2;14;17;2;5;4;0;2;18;19;3;13;2;4;2;1;10;15;5;19;4;5;3;19;1;3;0;6;4;1;7;-2.187160698526047;24;1;4;4;24;1;0;17;16;1;25;14;0;0;5;6;6;12;12;5;1;3;5;17;0;3;23;-8.760253626433316;1;20;2.796564411452288;18
TRACK:232;224;165;2;1;6;5;4;3;5;5;12;1;3;0;1;2;2;6;0;12;12;0;5;20;0.6120802126925458;6;11;0;3;3;21;1.213759841867892;2;2;12;15;2;17;19;1;6;6;2;13;10;4;6;3;17;2;5;4;1;1;13;8;2;24;7;-1.0256024390344474;4;0;2;5;16;3;16;1;3;16;1;24;12;6;1;1;0;12;13;4;6;6;18;5;0;16;4;4;5;18;2;5;1;4;6;6;6;3;6;24;0;5;0;6;2;0;17;16;1;10;22;-6.018109748541476;5;4;2;17;20;-1.4370940579014604;3;10;6;2;2;6;5;3;5;2;14;17;2;5;4;0;2;18;19;3;13;2;4;2;1;10;15;5;19;4;5;3;19;1;3;0;6;4;1;7;-2.2036255268602876;24;1;4;4;24;1;6;19;1;25;14;0;0;5;6;6;12;12;5;1;3;5;17;0;3;23;-9.169211720242362;1;20;2.3705449076218565;18
TRACK:233;224;165;2;1;6;5;4;3;5;5;12;1;3;0;1;2;2;6;0;12;12;0;5;20;0.7593257814431953;6;11;0;3;3;21;1.2527055927055477;2;2;12;15;2;17;19;1;6;6;2;13;10;4;6;3;17;2;5;4;1;1;8;8;2;24;7;-1.0054351925916758;4;0;2;5;16;3;16;1;3;16;1;24;12;6;1;1;0;12;13;4;18;5;0;6;5;0;14;22;1.8703369863874622;4;4;5;18;2;5;1;4;6;6;6;3;6;24;0;5;0;6;2;0;17;16;1;10;22;-5.916702970824087;5;4;2;17;20;-1.3415239176486506;3;10;6;2;2;6;5;3;5;2;14;17;2;5;4;0;2;18;19;3;13;2;4;2;1;10;7;-2.2036255268602876;5;19;4;5;3;19;1;3;0;6;4;1;7;-2.2046963925081613;24;1;4;4;24;1;6;19;1;25;14;0;0;5;6;6;12;12;5;1;3;5;17;0;3;23;-9.05242940020407;1;20;2.3402035963811776;18
TRACK:234;209;165;2;1;6;5;4;3;5;5;12;1;3;0;1;2;2;6;0;12;12;0;5;20;0.7057212212671764;6;11;0;3;3;21;1.1990207775233828;2;2;12;15;2;17;19;1;6;6;2;13;10;4;6;3;17;2;5;4;1;1;8;8;2;24;7;-0.9759219314844184;4;0;2;5;16;3;16;1;3;16;1;24;12;6;1;1;0;12;13;4;18;5;0;6;5;0;14;22;1.852328436962132;4;4;5;18;2;5;1;4;6;6;6;3;6;24;0;3;3;21;1.2527055927055477;2;2;12;15;2;17;19;6;2;2;6;5;3;5;2;14;17;2;5;4;0;2;18;19;3;13;2;4;2;1;10;15;5;19;4;5;3;19;1;3;0;6;4;1;7;-2.2551405678922167;24;1;4;4;24;1;6;14;1;25;14;0;0;5;6;6;12;12;5;1;3;5;17;0;3;23;-9.056731512618756;1;20;2.2717969409348635;18
TRACK:235;209;165;2;1;6;5;4;3;5;5;12;1;3;0;1;2;2;6;0;12;12;0;5;20;0.7593257814431953;6;11;0;3;3;21;1.2527055927055477;2;2;12;15;2;17;19;1;6;6;2;13;10;4;6;3;17;2;5;4;1;1;8;8;2;24;7;-1.0054351925916758;4;0;2;5;16;3;16;1;3;16;1;24;12;6;1;1;0;12;13;4;18;5;0;6;5;0;14;19;4;4;5;18;2;5;1;4;6;6;6;3;6;24;0;5;0;6;2;0;17;16;1;10;22;-5.916702970824087;5;4;2;17;20;-1.3415239176486506;3;10;6;2;2;6;5;3;5;2;14;17;2;5;4;0;2;18;19;3;13;2;4;2;1;10;15;5;19;4;5;3;19;1;3;0;6;4;1;7;-2.2046963925081613;24;1;4;4;24;1;6;19;1;25;14;0;0;5;6;6;12;12;5;1;3;5;17;0;3;23;-9.05242940020407;1;20;2.3402035963811776;18
TRACK:236;204;228;2;1;6;5;4;3;5;5;2;5;18;3;11;1;3;0;1;2;2;6;0;12;12;0;5;20;0.5704880464198734;6;11;0;3;3;21;1.153740455385797;2;2;12;15;2;17;19;1;6;6;2;13;10;4;6;3;17;2;5;4;6;1;9;7;-5.658505043079138;4;0;2;5;16;3;16;1;3;16;1;24;12;6;6;19;2;5;1;4;6;6;6;3;6;24;0;5;0;5;20;0.5278202255848197;5;4;2;17;20;-1.2712303473950028;3;10;6;2;2;6;5;3;5;2;14;17;2;5;4;0;2;18;19;3;13;2;4;2;1;10;15;5;19;4;5;3;19;1;3;0;6;4;1;7;-2.04281582110235;24;1;4;4;24;1;6;19;1;25;14;0;0;5;6;6;12;12;5;1;3;5;17;0;3;23;-8.923832559909949;1;20;2.5942863448588867;18
TRACK:237;204;228;2;1;6;5;4;3;5;5;2;5;18;3;11;1;3;0;1;2;2;6;0;19;12;0;5;20;0.5278202255848197;6;11;0;3;3;21;1.0410312431108082;2;2;12;15;2;17;19;1;6;6;2;13;10;4;6;3;17;2;5;4;1;1;8;8;2;24;7;-1.109206667916034;4;0;2;5;16;3;16;1;3;16;1;24;12;6;1;5;6;5;5;6;9;5;0;6;5;0;14;22;1.6032061440933456;4;4;5;18;2;5;1;4;6;6;6;3;6;24;0;5;0;6;2;0;17;16;1;10;22;-5.740002034495487;5;4;2;17;20;-1.2367349199744826;3;10;6;2;2;6;5;3;5;2;14;17;2;5;4;0;2;18;19;3;19;2;4;2;1;10;15;5;19;4;5;3;19;1;3;0;6;4;1;7;-2.187160698526047;24;1;4;4;24;1;6;19;1;25;14;0;0;5;6;6;12;12;5;1;3;5;17;0;3;23;-8.760253626433316;1;20;2.796564411452288;18
TRACK:238;209;227;2;1;6;5;4;3;5;5;12;1;3;0;1;2;2;6;0;12;12;0;5;20;0.7057212212671764;6;11;0;3;3;21;1.1990207775233828;2;2;12;15;2;17;19;1;6;6;2;13;10;4;6;3;17;2;5;4;1;1;8;8;2;24;7;-0.9759219314844184;4;0;2;5;16;3;16;1;3;16;1;24;12;6;1;1;0;12;13;4;18;5;0;6;5;0;14;22;1.852328436962132;4;4;5;18;2;5;1;4;6;6;6;3;6;24;0;5;0;6;2;0;17;16;1;10;22;-5.931810424079735;5;1;1;19;12;3;9;3;10;6;2;2;6;5;3;5;2;14;17;2;5;4;0;2;18;19;3;13;2;4;5;2;7;-8.249239607394243;22;-8.880419036751917;4;5;3;19;1;3;0;6;4;1;7;-2.2551405678922167;24;1;4;4;24;1;6;14;1;25;14;0;0;5;6;6;12;12;5;1;3;5;17;0;3;23;-9.056731512618756;1;20;2.2717969409348635;18
TRACK:239;209;227;2;1;6;5;4;3;5;5;2;5;18;3;11;1;3;0;1;2;2;6;0;12;12;0;5;20;0.42125736013253134;6;11;0;3;3;21;1.2084744279369959;2;2;12;15;2;17;19;1;6;6;2;13;10;4;6;3;17;2;5;4;6;1;9;7;-5.693034747792679;4;0;2;5;16;3;16;1;3;16;1;24;24;6;6;19;2;5;1;4;6;6;6;3;6;24;0;5;0;6;2;0;17;16;1;10;22;-5.943610106785022;5;4;2;17;20;-1.2386225812921923;3;10;6;2;2;6;5;3;5;2;14;17;2;5;4;0;2;18;19;3;13;2;4;2;1;10;15;5;19;4;5;3;19;1;3;0;6;4;1;7;-2.069179665469343;24;1;4;4;24;1;6;19;1;25;14;0;0;5;6;6;12;12;5;2;7;-8.249239607394243;22;-8.880419036751917
TRACK:240;230;-1;2;1;6;5;4;3;5;5;2;5;18;3;11;1;1;2;2;6;0;12;12;0;5;20;0.4571802643057514;6;11;0;3;3;21;1.1093447969279722;2;2;12;15;2;17;19;1;6;6;2;13;10;4;6;6;6;2;13;21;-7.7549761316332715;6;1;5;6;5;5;6;9;5;0;6;5;0;14;22;1.8070381754575018;4;4;5;18;2;5;1;4;6;6;6;6;4;17;0;5;0;6;2;0;17;16;1;10;22;-5.927518219591265;5;4;2;17;20;-1.3875963749465836;3;10;6;2;2;6;5;3;5;2;14;17;2;5;4;0;2;17;19;3;13;2;4;2;1;10;15;5;19;4;5;3;19;1;3;0;6;4;1;7;-1.9850812851381763;24;1;4;4;24;1;6;19;1;25;14;0;0;5;6;6;12;12;5;1;3;5;17;0;3;23;-8.75923296355856;1;20;2.9888096964330853;18
TRACK:241;232;-1;2;1;6;5;4;3;5;5;12;1;3;0;1;2;2;6;0;12;12;0;5;20;0.5557589904030055;6;11;0;3;3;21;1.2841302483716182;2;2;12;15;2;17;19;1;6;6;2;13;10;4;6;3;17;2;5;4;1;1;13;8;2;24;7;-0.9899770527974161;4;0;2;5;16;3;16;1;3;16;1;24;12;6;1;1;0;12;13;4;6;6;18;5;0;16;4;4;5;18;2;5;1;4;6;6;6;3;6;24;0;5;0;6;2;0;17;16;1;10;22;-5.977934831905855;5;4;2;17;20;-1.3013973646506876;3;10;6;2;2;6;5;3;5;2;14;17;2;5;4;0;2;18;19;3;13;2;4;1;16;25;4;5;3;19;1;3;0;6;4;1;7;-2.1152743245736216;24;1;4;4;24;1;6;19;1;25;14;0;0;5;6;6;12;12;5;1;3;5;17;0;3;23;-9.385115032572344;1;20;2.3065535508363118;18
TRACK:242;234;-1;2;1;6;5;4;3;5;5;12;1;3;0;1;2;2;6;0;12;12;0;5;20;0.8571849837205961;6;11;0;3;3;21;1.1655346615585793;2;2;12;15;2;17;19;1;6;6;2;13;10;4;6;3;17;2;5;4;1;1;8;8;2;24;7;-0.9866058953303058;4;0;2;5;16;3;16;1;3;16;1;24;12;6;1;1;0;12;13;4;18;5;0;6;5;0;14;22;1.9034767174743474;4;4;5;18;2;5;1;4;6;6;6;3;6;24;0;3;3;21;1.1879535268531873;2;2;12;15;2;17;19;6;2;2;6;5;3;5;2;14;17;2;5;4;0;2;18;19;3;13;2;4;2;1;10;15;5;19;1;5;0;8;7;-0.026100120915943492;3;1;21;1.2368394108418297;13;1;3;0;6;4;1;7;-2.1719665229277503;24;1;4;4;24;1;6;14;1;25;14;0;0;5;6;6;12;12;5;1;3;5;17;0;3;23;-9.002010602995487;1;20;2.204958268635995;18
TRACK:243;236;-1;2;1;6;5;4;3;5;5;2;5;18;3;11;1;3;0;1;2;2;6;0;12;12;0;5;20;0.5107650011613708;6;11;0;3;3;21;1.1339926413926293;2;2;12;15;2;17;19;1;6;6;2;13;10;4;6;3;17;2;5;4;6;1;9;7;-5.686201112640213;4;0;2;5;13;3;16;1;3;16;1;24;12;6;6;19;2;5;1;4;6;6;6;3;6;24;0;5;0;5;20;0.5844970291218263;5;4;2;17;20;-1.2721407737579509;3;10;6;2;2;6;5;3;5;2;14;17;2;5;4;0;2;18;19;3;13;2;4;2;1;10;15;5;19;4;5;3;19;1;3;0;6;4;1;7;-2.044260005227571;24;1;4;4;24;1;6;19;1;25;14;0;0;5;6;6;12;12;5;1;3;5;17;0;3;23;-8.846908396852564;1;20;2.587743482768461;18
TRACK:244;238;-1;2;1;6;5;4;3;5;5;12;1;3;0;1;2;2;6;0;12;12;0;5;20;0.7189311105342975;6;11;0;3;3;21;1.1197289886194326;2;2;12;15;2;17;19;1;6;6;2;13;10;4;6;3;17;2;5;4;1;1;8;8;2;24;7;-0.946064469964707;4;0;2;5;16;3;16;1;3;16;1;24;12;6;1;1;0;12;13;4;18;5;0;6;5;0;14;22;1.8784034610290379;4;4;5;18;2;5;1;4;6;6;6;3;6;24;0;5;0;6;2;0;17;16;1;10;22;-5.9941180201626345;5;1;1;19;12;3;9;3;10;6;2;2;6;5;3;5;2;14;17;2;5;4;0;2;18;19;3;13;2;4;5;2;7;-8.376997058380953;22;-9.064542812331538;4;5;3;19;1;2;5;1;23;6.726006694559786;17;4;5;10;0;0;5;6;6;12;12;5;1;3;5;17;0;3;23;-9.093674562844377;1;20;2.349590887568049;18
TRACK:245;231;-1;2;1;6;5;4;3;5;5;2;5;18;3;11;1;3;0;1;2;2;6;0;19;12;0;5;20;0.4786704594485104;6;11;0;3;3;21;0.8256484439883771;2;2;12;15;2;17;19;1;6;6;2;13;10;4;6;3;17;2;5;4;1;1;8;8;2;24;7;-1.036708812547509;4;0;2;5;16;3;16;1;3;16;1;24;12;6;1;5;6;5;5;6;9;5;0;6;5;0;14;22;1.6084355043712684;4;4;5;18;2;5;1;4;6;6;6;3;6;24;0;5;0;6;2;0;17;16;1;10;22;-5.847040142520414;5;4;2;17;20;-1.323454356964784;3;10;6;3;19
TRACK:246;233;-1;2;1;6;5;4;3;5;5;12;1;3;0;1;2;2;6;0;12;12;0;5;20;0.8882702377051923;6;11;4;19;1;6;6;2;13;10;4;6;3;17;2;5;4;1;1;8;8;2;24;7;-1.0765806207242024;4;0;2;5;16;3;16;1;3;16;1;24;12;6;1;1;0;12;13;4;18;5;0;6;5;0;14;22;1.8616112418491453;4;4;5;18;2;5;1;4;6;6;6;3;6;24;0;5;0;6;2;0;17;16;1;10;22;-5.80596854346588;5;4;2;17;20;-1.0673725269153485;3;10;6;2;2;6;5;3;5;2;14;17;2;5;4;0;2;18;19;3;13;2;4;2;1;10;7;-2.2014846262990497;5;19;4;5;3;19;1;3;0;6;4;1;7;-2.189083259953032;24;1;4;4;24;1;6;19;1;25;14;0;0;5;6;6;12;12;5;1;3;5;17;0;3;23;-9.11791361657627;1;20;2.2948236008930696;18
TRACK:247;235;-1;2;1;6;5;4;3;5;5;12;1;3;0;1;2;2;6;0;12;12;0;5;20;0.8787590774802473;6;11;0;3;3;21;1.2409495001373476;2;2;12;15;2;17;19;1;6;6;2;13;10;4;6;3;17;2;5;4;1;1;8;8;2;24;7;-1.0598405952764829;4;0;2;5;16;3;16;1;3;16;1;24;12;3;6;0;1;1;2;4;22;-2.7393343517920528;5;22;-4.634153086091198;2;5;20;7.648119299053885;4;15;1;0;5;15;5;18;0;6;13;3;21;6.380427264823737;1;4;2;0;11;15;2;25;16;1;2;4;9;6;10;3;5;18;2;5;1;4;6;6;6;3;6;24;0;5;0;6;2;0;17;16;1;10;22;-5.813761573645723;5;4;2;17;20;-1.3007319316227781;3;10;6;2;2;6;5;3;5;2;14;17;2;5;4;0;2;18;19;3;13;2;4;2;1;10;15;5;19;4;5;3;19;1;3;0;6;4;1;7;-2.111347812611241;24;1;4;4;24;1;6;19;1;25;14;0;0;5;6;6;12;12;5;1;3;5;17;0;3;23;-9.099136340750054;1;20;2.36595327603213;18
TRACK:248;237;-1;2;1;6;5;4;3;5;5;2;5;18;3;11;1;3;0;1;2;2;6;0;19;12;0;5;20;0.5806133100109765;6;11;0;3;3;21;1.069001521780072;2;2;12;15;2;17;19;1;6;6;2;13;10;4;6;3;17;2;5;4;1;1;8;8;2;24;7;-1.0310165071898676;4;0;2;5;25;3;16;1;3;16;1;24;12;6;1;5;6;5;5;6;9;5;0;6;5;0;14;22;1.49199855407164;4;4;5;18;2;5;1;4;6;6;6;3;6;24;0;5;0;6;2;0;17;16;1;10;22;-5.649054353328433;5;4;2;17;20;-1.2911310389624338;3;10;6;2;2;6;5;3;5;2;14;17;2;5;4;0;2;18;19;3;19;2;4;2;1;10;15;5;19;4;5;3;19;1;3;0;6;4;1;7;-2.031308360485481;24;1;4;4;24;1;6;19;1;25;14;0;0;5;6;6;12;12;5;1;3;5;17;0;3;23;-8.80969661855897;1;20;2.8751634330410494;18
TRACK:249;239;-1;2;1;6;5;4;3;5;5;2;5;18;3;11;1;3;0;1;2;2;6;0;12;12;0;0;10;25;6;11;0;3;3;21;1.1820357036462217;2;2;12;15;2;17;19;1;6;6;2;13;10;4;6;3;17;2;5;4;6;1;9;7;-5.619217721292667;4;0;2;5;16;3;16;1;3;16;1;24;24;6;6;19;2;5;1;4;6;6;6;3;6;24;0;5;0;6;2;0;17;16;1;10;22;-5.810782732667772;5;4;2;17;20;-1.244664327279902;3;10;6;2;2;6;5;3;5;2;14;17;2;5;4;0;2;18;19;3;13;2;4;2;1;10;15;5;19;4;5;3;19;1;3;0;6;4;1;7;-2.035487647366115;24;1;4;4;24;1;6;19;1;25;14;0;0;5;6;6;12;12;5;2;7;-8.19398906348271;22;-9.150303057069053
EVAL_INSTANCE:12:0:240
EVAL_INSTANCE:12:1:241
EVAL_INSTANCE:12:2:242
EVAL_INSTANCE:12:3:243
EVAL_INSTANCE:12:4:244
EVAL_INSTANCE:12:5:245
EVAL_INSTANCE:12:6:246
EVAL_INSTANCE:12:7:247
EVAL_INSTANCE:12:8:248
EVAL_INSTANCE:12:9:249
RUN_RESULT:12:0:0:2000:----
RUN_RESULT:12:1:0:100:URRRUUDDRUURDDDDUL
RUN_RESULT:12:2:0:2000:----
RUN_RESULT:12:3:0:186:URRRUUDDRUUDDD
RUN_RESULT:12:4:0:1625:URRRUDRUURDDDDUUULLUDDD
RUN_RESULT:12:5:0:291:URRRUUDDRUUDDD
RUN_RESULT:12:6:0:96:URRRUUDDRUUDDD
RUN_RESULT:12:7:0:91:URRRUUDDRUUDDD
RUN_RESULT:12:8:0:92:URRRUUDDRUUDDD
RUN_RESULT:12:9:0:91:URRRUUDDRUUDDD
    13 |      130 | -3.909000E+03 | -3.909000E+03
TRACK:250;224;165;2;1;6;5;4;3;5;5;12;1;3;0;1;2;2;6;0;12;12;0;5;20;0.6120802126925458;6;11;0;3;3;21;1.213759841867892;2;2;12;15;2;17;19;1;6;6;2;13;10;4;6;3;17;2;5;4;1;1;13;8;2;24;7;-1.0256024390344474;4;0;2;5;16;3;16;1;3;16;1;24;12;6;1;1;0;12;13;4;6;6;18;5;0;6;5;0;14;22;1.8672665496163923;4;4;5;18;2;5;0;5;20;0.7593257814431953;6;11;6;2;2;6;5;3;5;2;14;17;2;5;4;0;2;18;19;3;13;2;4;2;1;10;15;5;19;4;5;3;19;1;3;0;6;4;1;7;-2.2036255268602876;24;1;4;4;24;1;6;19;1;25;14;0;0;5;6;6;12;12;5;1;3;5;17;0;3;23;-9.169211720242362;1;20;2.3705449076218565;18
TRACK:251;224;165;2;1;6;5;4;3;5;5;12;1;3;0;1;2;2;6;0;12;12;0;5;20;0.7593257814431953;6;11;0;3;3;21;1.2527055927055477;2;2;12;15;2;17;19;1;6;6;2;13;10;4;6;3;17;2;5;4;1;1;8;8;2;24;7;-1.0054351925916758;4;0;2;5;16;3;16;1;3;16;1;24;12;6;1;1;0;12;13;4;18;5;0;6;5;0;14;22;1.8703369863874622;4;4;5;18;2;5;1;4;6;6;6;3;6;24;0;5;0;6;2;0;17;16;1;10;22;-5.916702970824087;5;4;2;17;20;-1.3415239176486506;3;10;6;2;2;6;5;3;5;2;14;17;2;5;4;0;2;18;19;3;13;2;4;2;1;10;15;5;13;4;5;3;19;1;3;0;6;4;1;7;-2.2046963925081613;24;1;4;4;24;1;6;19;1;25;14;0;0;5;6;6;12;12;5;1;3;5;17;0;3;23;-9.05242940020407;1;20;2.3402035963811776;18
TRACK:252;142;247;2;1;6;5;4;3;5;5;2;5;18;3;11;1;3;0;1;2;2;6;0;12;12;0;5;20;0.5837888110530021;6;11;0;3;3;21;1.1489257475462529;2;2;12;15;2;17;19;1;6;6;2;13;10;4;6;3;17;2;5;4;1;1;8;8;2;24;7;-1.1758708093530656;4;0;2;5;16;3;16;1;3;16;1;24;12;6;1;5;6;5;5;6;7;-1.0598405952764829;5;0;6;5;0;14;22;1.8131451774428522;4;4;5;18;2;5;1;4;6;6;6;3;6;24;0;5;0;6;2;0;17;16;1;10;22;-5.86496444237058;5;4;2;17;20;-1.2973803069100383;3;10;6;2;2;6;5;3;5;2;14;17;2;5;4;0;2;18;19;3;13;2;4;2;1;10;15;5;19;4;5;3;19;1;3;0;6;4;1;7;-1.992035392923271;24;1;4;4;24;1;6;19;1;25;14;0;0;5;6;6;12;12;5;1;3;5;17;0;3;23;-8.853986182922384;1;20;2.631078458120949;18
TRACK:253;142;247;2;1;6;5;4;3;5;5;12;1;3;0;1;2;2;6;0;12;12;0;5;20;0.8787590774802473;6;11;0;3;3;21;1.2409495001373476;2;2;12;15;2;17;19;1;6;6;2;13;10;4;6;3;17;2;5;4;1;1;8;8;17;4;0;2;5;16;3;16;1;3;16;1;24;12;3;6;0;1;1;2;4;22;-2.7393343517920528;5;22;-4.634153086091198;2;5;20;7.648119299053885;4;15;1;0;5;15;5;18;0;6;13;3;21;6.380427264823737;1;4;2;0;11;15;2;25;16;1;2;4;9;6;10;3;5;18;2;5;1;4;6;6;6;3;6;24;0;5;0;6;2;0;17;16;1;10;22;-5.813761573645723;5;4;2;17;20;-1.3007319316227781;3;10;6;2;2;6;5;3;5;2;14;17;2;5;4;0;2;18;19;3;13;2;4;2;1;10;15;5;19;4;5;3;19;1;3;0;6;4;1;7;-2.111347812611241;24;1;4;4;24;1;6;19;1;25;14;0;0;5;6;6;12;12;5;1;3;5;17;0;3;23;-9.099136340750054;1;20;2.36595327603213;18
TRACK:254;249;165;2;1;6;5;4;3;5;5;2;5;18;3;11;1;3;0;1;2;2;6;0;12;12;0;0;10;25;6;11;0;3;3;21;1.1820357036462217;2;2;12;15;2;17;19;1;6;6;2;13;10;4;6;3;17;2;5;4;6;1;9;7;-5.619217721292667;4;0;2;5;16;3;16;1;3;16;1;24;24;6;6;19;2;5;1;4;6;6;6;3;6;24;0;5;0;6;2;0;17;16;1;10;22;-5.810782732667772;5;4;2;17;20;-1.244664327279902;3;10;6;2;2;6;5;3;5;2;14;17;2;5;4;0;2;18;19;3;13;2;4;2;1;10;15;5;19;4;5;3;19;1;3;0;6;4;1;7;-2.035487647366115;24;1;4;4;24;1;6;19;18;0;0;5;6;6;12;12;5;2;7;-8.19398906348271;22;-9.150303057069053
TRACK:255;249;165;2;1;6;5;4;3;5;5;12;1;3;0;1;2;2;6;0;12;12;0;5;20;0.7593257814431953;6;11;0;3;3;21;1.2527055927055477;2;2;12;15;2;17;19;1;6;6;2;13;10;4;6;3;17;2;5;4;1;1;8;8;2;24;7;-1.0054351925916758;4;0;2;5;16;3;16;1;3;16;1;24;12;6;1;1;0;12;13;4;18;5;0;6;5;0;14;22;1.8703369863874622;4;4;5;18;2;5;1;4;6;6;6;3;6;24;0;5;0;6;2;0;17;16;1;10;22;-5.916702970824087;5;4;2;17;20;-1.3415239176486506;3;10;6;2;2;6;5;3;5;2;14;17;2;5;4;0;2;18;19;3;13;2;4;2;1;10;15;5;19;4;5;3;19;5;3;19
TRACK:256;228;247;2;1;6;5;4;3;5;5;2;5;18;3;11;1;0;0;5;6;6;12;12;5;1;3;5;17;0;3;23;-9.099136340750054;1;20;2.36595327603213;18;6;1;5;6;5;5;6;9;5;0;6;5;0;14;22;1.6032061440933456;4;4;5;18;2;5;1;4;6;6;6;3;6;24;0;5;0;6;2;0;17;16;1;10;22;-5.740002034495487;5;4;2;17;20;-1.2367349199744826;3;10;6;2;2;6;5;3;5;2;14;17;2;5;4;0;2;18;19;3;13;2;4;2;1;10;15;5;19;4;5;3;19;1;3;0;6;4;1;7;-2.187160698526047;24;1;4;4;24;1;6;19;1;25;14;0;0;5;6;6;12;12;5;1;3;5;17;0;3;23;-8.760253626433316;1;20;2.796564411452288;18
TRACK:257;228;247;2;1;6;5;4;3;5;5;12;1;3;0;1;2;2;6;0;12;12;0;5;20;0.8787590774802473;6;11;0;3;3;21;1.2409495001373476;2;2;12;15;2;17;19;1;6;6;2;13;10;4;6;3;17;2;5;4;1;1;8;8;2;24;7;-1.0598405952764829;4;0;2;5;16;3;16;1;3;16;1;24;12;3;6;0;1;1;2;4;22;-2.7393343517920528;5;22;-4.634153086091198;2;5;20;7.648119299053885;4;15;1;0;5;15;5;18;0;6;13;3;21;6.380427264823737;1;4;2;0;11;15;2;25;16;1;2;4;9;6;10;3;5;18;2;5;1;4;6;6;6;3;6;24;0;5;0;6;2;0;17;16;1;10;22;-5.813761573645723;5;4;2;17;20;-1.3007319316227781;3;10;6;2;2;6;5;3;5;2;14;17;2;5;4;0;2;18;19;3;13;2;4;2;1;10;15;5;19;4;5;3;19;1;3;0;6;4;1;7;-2.111347812611241;11;1;4;4;24;1;6;19;1;25;14;0;0;5;6;6;12;12;5;1;3;5;17;0;3;23;-9.099136340750054;1;20;2.36595327603213;18
TRACK:258;180;142;2;1;6;5;4;3;5;5;2;5;18;3;11;1;1;2;2;6;0;12;12;0;5;20;0.4788805621383228;6;11;0;3;3;21;1.1466177362483598;2;2;12;15;2;17;19;1;6;6;2;13;10;4;6;6;6;2;13;21;-7.719919251540448;6;1;5;6;5;5;6;9;5;0;6;5;0;14;22;1.8844241544977587;4;4;5;18;2;5;1;4;6;6;6;3;6;24;0;5;0;6;2;0;17;16;1;10;22;-5.866404861991421;5;4;2;17;20;-1.416132748456956;3;10;6;2;2;6;5;3;5;2;14;17;2;5;4;0;2;18;19;3;13;2;4;2;1;10;15;5;19;4;5;3;19;1;3;0;20;2.631078458120949;1;4;4;24;1;6;19;1;25;14;0;0;5;6;6;12;12;5;1;3;5;17;0;3;23;-8.751385633116596;1;20;2.7018936977195085;18
TRACK:259;180;142;2;1;6;5;4;3;5;5;2;5;18;3;11;1;3;0;1;2;2;6;0;12;12;0;5;20;0.5837888110530021;6;11;0;3;3;21;1.1489257475462529;2;2;12;15;2;17;19;1;6;6;2;13;10;4;6;3;17;2;5;4;1;1;8;8;2;24;7;-1.1758708093530656;4;0;2;5;16;3;16;1;3;16;1;24;12;6;1;5;6;5;5;6;9;5;0;6;5;0;14;22;1.8131451774428522;4;4;5;18;2;5;1;4;6;6;6;3;6;24;0;5;0;6;2;0;17;16;1;10;22;-5.86496444237058;5;4;2;17;20;-1.2973803069100383;3;10;6;2;2;6;5;3;5;2;14;17;2;5;4;0;2;18;19;3;13;2;4;2;1;10;15;5;19;4;5;3;19;1;3;0;6;4;1;7;-1.992035392923271;24;1;4;13;1;6;19;1;25;14;0;0;5;6;6;12;12;5;1;3;5;17;0;3;23;-8.853986182922384;1;20;2.631078458120949;18
TRACK:260;224;-1;2;1;6;5;4;3;5;5;12;1;3;0;1;2;2;6;0;12;12;0;5;20;0.6679421649555874;6;11;0;3;3;21;1.325787843059927;2;2;12;15;2;17;19;1;6;6;2;13;10;4;6;3;17;2;5;4;1;1;13;8;2;24;7;-0.9393293816702994;4;0;2;5;8;3;16;1;3;16;1;24;12;6;1;1;0;12;13;4;6;6;18;5;0;6;5;0;14;22;2.003238332986212;4;4;5;18;2;5;1;4;6;6;6;3;6;24;0;5;0;6;2;0;17;16;1;10;22;-6.097204897222278;5;4;2;17;20;-1.3231072531889423;3;10;6;2;2;6;5;3;5;2;14;17;2;5;4;0;2;18;19;3;13;2;4;2;1;10;15;5;19;4;5;3;19;1;3;0;6;4;1;7;-2.1932826706719655;24;1;4;4;24;1;6;19;1;25;14;0;0;5;6;6;12;12;5;1;3;5;17;0;3;23;-9.0355343139989;1;20;2.415647860095156;18
TRACK:261;252;-1;3;0;3;4;4;3;6;6;5;2;10;9;2;0;6;3;6;2;2;2;9;12;3;13;5;5;15;1;0;1;3;1;5;11;5;14;2;2;0;18;12;5;14;2;5;18;4;20;-6.72002630487505;0;3;2;2;25;12;1;19;13;3;2;1;25;14;4;25;5;2;1;1;5;18;5;19;2;1;14;10;0;14;19;3;3;5;7;-9.945428496897746;3;2;5;4;2;1;2;20;-6.618363272151823;15;4;8;6;0;21;2.7330022186059377;9;2;5;4;5;3;21;2.1433303406441127;0;3;3;5;25;0;3;2;10;17;3;5;13
TRACK:262;254;-1;2;1;6;5;4;3;5;5;2;5;25;3;11;1;3;0;1;2;2;6;0;12;12;0;0;10;25;6;11;0;3;3;21;1.31442930116944;2;2;12;15;2;17;19;1;6;6;2;13;10;4;6;3;17;2;5;4;6;1;9;7;-5.5236513539716885;4;0;2;5;16;3;16;1;3;16;1;24;24;6;6;19;2;5;1;4;6;6;6;3;6;24;0;5;0;6;2;0;17;16;1;10;22;-5.854037863279226;5;4;2;17;20;-1.081291906131509;3;10;6;2;2;6;5;3;5;2;14;17;2;5;4;0;2;18;19;3;13;2;4;2;1;10;15;5;19;4;5;3;19;1;3;0;6;4;1;7;-1.983718751179655;24;1;4;4;24;1;6;19;18;0;0;5;6;6;12;12;5;2;7;-8.189355015070538;22;-9.136584011330616
TRACK:263;256;-1;2;1;6;5;4;3;5;5;2;5;18;3;11;1;0;0;5;6;6;12;12;5;1;3;5;17;0;3;23;-9.155534104616965;1;20;2.3455611824084888;18;6;1;5;6;5;5;6;9;5;0;6;5;0;14;22;1.60042064194211;4;4;5;18;2;5;1;4;6;6;6;3;6;24;0;5;0;6;2;0;17;16;1;10;22;-5.665994991010388;5;4;2;17;20;-1.2726385533133002;3;10;6;2;2;6;5;3;5;2;14;17;2;5;4;0;2;18;19;3;13;2;4;2;1;10;15;1;12;25;4;5;3;19;1;3;0;6;4;1;7;-1.9383101641734475;24;1;4;4;24;1;6;19;1;25;14;0;0;5;6;6;12;12;5;1;3;5;17;0;3;23;-8.770655126030983;1;20;2.7741408154294476;18
TRACK:264;258;-1;2;1;6;5;4;3;5;5;2;5;18;3;11;1;1;2;2;6;0;12;12;0;5;20;0.5578977306917854;6;11;0;3;3;21;1.119727303582692;2;2;12;15;2;17;19;1;6;6;2;13;10;4;6;6;6;2;13;21;-7.697286339889015;6;1;5;6;2;5;8;1;18;13;5;0;6;5;0;14;22;1.7502666322044527;4;4;5;18;2;5;1;4;6;6;6;3;6;24;0;5;0;6;2;0;17;16;1;10;22;-5.770510580018879;5;4;2;17;20;-1.3735065402585818;3;10;6;2;2;6;5;3;5;2;14;17;2;5;4;0;2;18;19;3;13;2;4;2;1;10;15;5;19;4;5;3;19;1;3;0;20;2.7868450367759268;1;4;4;24;1;6;19;1;25;14;0;0;5;6;6;12;12;5;1;3;5;17;0;3;23;-8.80295415295774;1;20;2.7272977206685325;18
TRACK:265;165;-1;2;1;6;5;4;3;5;5;12;1;3;0;1;2;2;6;0;12;12;0;5;20;0.7890368295716974;6;11;0;3;3;21;1.1406606903313208;2;2;12;15;2;17;19;1;6;6;2;13;10;4;6;3;17;2;5;4;1;1;8;8;2;24;7;-0.9539543656570568;4;0;2;5;16;3;16;1;3;16;1;24;12;6;1;1;0;12;13;4;18;5;0;6;5;0;14;22;2.1633566448218042;4;4;5;18;2;5;1;4;6;6;6;3;6;24;0;5;0;6;2;0;17;16;1;10;22;-5.633108781040695;5;4;2;17;20;-1.3924604967872443;3;10;6;2;2;6;5;3;5;2;14;17;2;5;4;0;2;18;19;3;13;2;4;2;1;10;15;5;19;4;5;3;19;1;3;0;6;4;1;7;-2.0835822471785437;24;1;4;4;24;1;6;19;1;25;14;0;0;5;6;21;6.890475829096069;12;5;1;3;5;17;0;3;23;-8.965350474654608;1;20;2.2270428176617645;18
TRACK:266;253;-1;2;1;6;5;4;3;5;5;12;1;3;0;1;2;2;6;0;12;12;0;5;20;0.912259436934425;6;11;0;3;3;21;1.022786194061288;2;2;12;15;2;17;19;1;6;6;2;13;10;4;6;3;17;2;5;4;1;1;8;14;17;4;0;2;5;16;3;16;1;3;16;1;24;12;3;6;0;1;1;2;4;22;-2.994985953687337;5;22;-4.517300760244732;2;5;20;7.751159455714625;4;15;1;0;5;15;5;18;0;6;13;3;21;6.577423455659844;1;4;2;0;11;15;2;25;16;1;2;4;9;6;10;3;5;18;2;5;1;4;6;6;6;3;6;24;0;5;0;6;2;0;17;16;1;10;22;-5.988862621531271;5;4;2;17;20;-1.3435452004607356;3;10;6;2;2;6;5;3;5;2;14;17;2;5;4;0;2;18;19;3;13;2;4;2;1;10;15;5;19;4;5;3;19;1;3;0;6;4;1;7;-2.1265113057069223;24;1;4;4;24;1;6;19;1;25;14;0;0;5;6;6;12;12;5;1;3;5;17;0;3;23;-9.178398817260566;1;20;2.401247704356638;18
TRACK:267;255;-1;2;1;6;5;4;3;5;5;12;1;3;0;1;2;2;6;0;12;12;0;5;20;0.7476850113055966;6;11;0;3;3;21;1.2328561552159971;2;2;12;15;2;17;19;1;6;3;3;25;4;6;3;17;2;5;4;1;1;8;8;2;24;7;-0.952753365336096;4;0;2;5;16;3;16;1;3;16;1;24;12;6;1;1;0;12;13;4;18;5;0;6;5;0;14;22;2.0609172862929803;4;4;5;18;2;5;1;4;6;6;6;3;6;24;0;5;0;6;2;0;17;16;1;10;22;-5.9598583831682355;5;4;2;17;20;-1.4392217820853153;3;10;6;2;2;6;5;3;5;2;14;17;2;5;4;0;2;18;19;3;13;2;4;2;1;10;15;5;19;4;5;3;19;5;3;19
TRACK:268;257;-1;2;1;6;5;4;3;5;5;12;1;3;0;1;2;2;6;0;12;12;0;5;20;0.8348687489803939;6;11;0;3;3;21;1.2704359635080575;2;2;12;15;2;17;19;1;6;6;2;13;10;4;6;3;17;2;5;4;1;1;8;8;2;24;7;-1.2173649833597755;4;0;2;5;16;3;16;1;3;16;1;24;12;3;6;0;1;1;2;4;22;-2.7667465897019783;5;22;-4.657035710407168;2;5;20;7.637093388852061;4;15;1;0;5;15;5;18;0;6;13;3;21;6.476053444591283;1;4;2;0;11;15;2;25;16;1;2;4;9;6;10;3;5;18;2;5;1;4;6;6;6;3;6;24;0;5;0;6;2;0;17;16;1;10;22;-5.672720926404055;5;4;4;16;3;10;6;2;2;6;5;3;5;2;14;17;2;5;4;0;2;18;19;3;13;2;4;2;1;10;15;5;19;4;5;3;19;1;3;0;6;4;1;7;-1.957883471801245;11;1;4;4;24;1;6;19;1;25;14;0;0;5;6;6;12;12;5;1;3;5;17;0;3;23;-9.077344010821918;1;20;2.290788518638675;18
TRACK:269;259;-1;2;3;0;6;2;5;5;0;1;15;21;-0.9121238633183886;5;18;2;2;0;1;10;12;3;11;1;0;16;20;-6.126808780819526;5;15;1;5;3;18;3;2;13;16;4;4;6;6;1;5;18;4;20;-0.006960968454450267;2;5;3;1;5;5;1;2;8;19;6;14;4;3;5;1;25;22;-5.57372558240348;4;6;6;2;2;0;6;9;3;12;4;1;22;4.890902685650293;14;4;4;4;22;-9.971946657944175
EVAL_INSTANCE:13:0:260
EVAL_INSTANCE:13:1:261
EVAL_INSTANCE:13:2:262
EVAL_INSTANCE:13:3:263
EVAL_INSTANCE:13:4:264
EVAL_INSTANCE:13:5:265
EVAL_INSTANCE:13:6:266
EVAL_INSTANCE:13:7:267
EVAL_INSTANCE:13:8:268
EVAL_INSTANCE:13:9:269
RUN_RESULT:13:0:0:91:URRRUUDDRUUDDD
RUN_RESULT:13:1:0:2000:----
RUN_RESULT:13:2:0:91:URRRUUDDRUUDDD
RUN_RESULT:13:3:0:91:URRRUUDDRUUDDD
RUN_RESULT:13:4:0:614:URRRUDRUUDLUDDD
RUN_RESULT:13:5:0:91:URRRUUDDRUUDDD
RUN_RESULT:13:6:0:91:URRRUUDDRUUDDD
RUN_RESULT:13:7:0:91:URRRUUDDRUUDDD
RUN_RESULT:13:8:0:91:URRRUUDDRUUDDD
RUN_RESULT:13:9:0:2000:----
    14 |      140 | -3.909000E+03 | -3.909000E+03
TRACK:270;142;227;2;1;6;5;4;3;5;5;2;5;18;3;11;1;3;0;1;2;2;6;0;12;12;0;5;20;0.5837888110530021;6;11;0;3;3;21;1.1489257475462529;2;2;12;15;2;17;19;1;6;6;2;13;10;4;6;3;17;2;5;4;1;1;8;8;2;24;7;-1.1758708093530656;4;0;2;5;16;3;16;1;3;16;1;24;12;6;1;5;6;2;0;17;16;1;10;22;-5.943610106785022;5;0;6;5;0;14;22;1.8131451774428522;4;4;5;18;2;5;1;4;6;6;6;3;6;24;0;5;0;6;2;0;17;16;1;10;22;-5.86496444237058;5;4;2;17;20;-1.2973803069100383;3;10;6;2;2;6;5;3;5;2;14;17;2;5;4;0;2;18;19;3;13;2;4;2;1;10;15;5;19;4;5;3;19;1;3;0;6;4;1;7;-1.992035392923271;24;1;4;4;24;1;6;19;1;25;14;0;0;5;6;6;12;12;5;1;3;5;17;0;3;23;-8.853986182922384;1;20;2.631078458120949;18
TRACK:271;142;227;2;1;6;5;4;3;5;5;2;5;18;3;11;1;3;0;1;2;2;6;0;12;12;0;5;20;0.42125736013253134;6;11;0;3;3;21;1.2084744279369959;2;2;12;15;2;17;19;1;6;6;2;13;10;4;6;3;17;2;5;4;6;1;9;7;-5.693034747792679;4;0;2;5;16;3;16;1;3;16;1;24;12;6;6;19;2;5;1;4;6;6;6;3;6;24;0;5;0;6;2;0;17;17;1;10;22;-5.943610106785022;5;4;2;17;20;-1.2386225812921923;3;10;6;2;2;6;5;3;5;2;14;17;2;5;4;0;2;18;19;3;13;2;4;2;1;10;15;5;19;4;5;3;19;1;3;0;6;4;1;7;-2.069179665469343;24;1;4;4;24;1;6;19;1;25;14;0;0;5;6;6;12;12;5;2;7;-8.249239607394243;22;-8.880419036751917
TRACK:272;249;224;2;1;16;1;3;0;1;2;2;6;0;12;12;0;0;10;25;6;11;0;3;3;21;1.1820357036462217;2;2;12;15;2;17;19;1;6;6;2;13;10;4;6;3;17;2;5;4;6;1;9;7;-5.619217721292667;4;0;2;5;16;3;16;1;3;16;1;24;24;6;6;19;2;5;1;4;6;6;6;3;6;24;0;5;0;6;2;0;17;16;1;10;22;-5.810782732667772;5;4;2;17;20;-1.244664327279902;3;10;6;2;2;6;5;3;5;2;14;17;2;5;4;0;2;18;19;3;13;2;4;2;1;10;15;5;19;4;5;3;19;1;3;0;6;4;1;7;-2.035487647366115;24;1;4;4;24;1;6;19;1;25;14;0;0;5;6;6;12;12;5;2;7;-8.19398906348271;22;-9.150303057069053
TRACK:273;249;224;2;1;6;5;4;3;5;5;12;1;3;0;1;2;2;6;0;12;12;0;5;20;0.6120802126925458;6;11;0;3;3;21;1.213759841867892;2;2;12;15;2;17;19;1;6;6;2;13;10;4;6;3;17;2;5;4;1;1;13;8;2;24;7;-1.0256024390344474;4;0;2;5;16;3;16;1;3;16;1;24;12;6;1;1;0;12;13;4;6;6;18;5;0;6;5;0;14;22;1.8672665496163923;4;4;5;18;2;5;1;4;6;6;6;3;6;24;0;5;0;6;2;0;17;16;1;10;22;-6.018109748541476;5;4;2;17;20;-1.4370940579014604;3;10;6;2;2;6;5;3;5;2;14;17;2;5;4;0;2;18;19;3;13;2;4;2;1;10;15;5;19;4;5;3;19;1;3;0;6;4;1;7;-2.2036255268602876;24;1;4;4;24;1;6;19;1;25;14;0;0;5;6;6;12;12;5;1;3;5;17;0;3;23;-9.169211720242362;1;20;2.3705449076218565;18
TRACK:274;165;228;2;1;6;5;4;3;5;5;12;1;3;0;1;2;2;6;0;12;12;0;5;20;0.7593257814431953;6;11;0;3;3;21;1.2527055927055477;2;2;12;15;2;17;19;1;6;6;2;13;10;4;6;3;17;2;5;4;1;1;8;8;2;24;7;-1.0054351925916758;4;0;2;5;16;3;16;1;3;16;1;24;12;6;1;1;0;12;13;4;18;5;0;6;5;0;14;22;1.8703369863874622;4;4;5;18;2;5;1;4;6;6;6;3;6;24;0;5;0;6;2;0;17;16;1;10;22;-5.916702970824087;1;6;19;1;25;14;3;10;6;2;2;6;5;3;5;2;14;17;2;5;4;0;2;18;19;3;13;2;4;2;1;10;15;5;19;4;5;3;19;1;3;0;6;4;1;7;-2.2046963925081613;24;1;4;4;24;1;6;19;1;25;14;0;0;5;6;6;12;12;5;1;3;5;17;0;3;23;-9.05242940020407;1;20;2.3402035963811776;18
TRACK:275;165;228;2;1;6;5;4;3;5;5;2;5;18;3;11;1;3;0;1;2;2;6;0;19;12;0;5;20;0.5278202255848197;6;11;0;3;3;21;1.0410312431108082;2;2;12;15;2;17;19;1;6;6;2;13;10;4;6;3;17;2;5;4;1;1;8;8;2;24;7;-1.109206667916034;4;0;2;5;16;3;16;1;3;16;1;24;12;6;1;5;6;5;5;6;9;5;0;6;5;0;14;22;1.6032061440933456;4;4;5;18;2;5;1;4;6;6;6;3;6;24;0;5;0;6;2;0;17;16;1;10;22;-5.740002034495487;5;4;2;17;20;-1.2367349199744826;3;10;6;2;2;6;5;3;5;2;14;17;2;5;4;0;2;18;19;3;13;2;4;2;1;10;15;5;7;-2.2046963925081613;4;5;3;19;1;3;0;6;4;1;7;-2.187160698526047;24;1;4;4;24;1;6;19;1;25;14;0;0;5;6;6;12;12;5;1;3;5;17;0;3;23;-8.760253626433316;1;20;2.796564411452288;18
TRACK:276;165;249;2;1;6;5;4;3;5;5;12;1;3;0;1;2;2;6;0;12;12;0;5;20;0.7593257814431953;6;11;0;3;3;21;1.2527055927055477;2;2;12;15;2;17;19;1;6;6;2;13;10;4;6;3;17;2;5;4;1;1;8;8;2;24;7;-1.0054351925916758;4;0;2;5;16;3;16;1;3;16;1;24;12;6;1;1;0;12;13;4;18;5;0;6;5;0;14;22;1.8703369863874622;4;4;5;18;2;5;1;4;6;6;6;3;6;24;0;5;0;6;2;0;17;16;1;10;22;-5.916702970824087;5;4;2;17;20;-1.3415239176486506;3;10;6;2;2;6;5;3;5;2;14;17;2;5;4;0;2;18;19;3;13;2;4;2;1;10;15;5;19;4;5;3;19;1;3;0;6;4;1;7;-2.2046963925081613;24;1;4;4;24;1;6;19;1;25;14;0;0;11;12;5;1;3;5;17;0;3;23;-9.05242940020407;1;20;2.3402035963811776;18
TRACK:277;165;249;2;1;6;5;4;3;5;5;2;5;18;3;11;1;3;0;1;2;2;6;0;12;12;0;0;10;25;6;11;0;3;3;21;1.1820357036462217;2;2;12;15;2;17;19;1;6;6;2;13;10;4;6;3;17;2;5;4;6;1;9;7;-5.619217721292667;4;0;2;5;16;3;16;1;3;16;1;24;24;6;6;19;2;5;1;4;6;6;6;3;6;24;0;5;0;6;2;0;17;16;1;10;22;-5.810782732667772;5;4;2;17;20;-1.244664327279902;3;10;6;2;2;6;5;3;5;2;14;17;2;5;4;0;2;18;19;3;13;2;4;2;0;14;22;1.8703369863874622;5;19;4;5;3;19;1;3;0;6;4;1;7;-2.035487647366115;24;1;4;4;24;1;6;19;1;25;14;0;0;5;6;6;12;12;5;2;7;-8.19398906348271;22;-9.150303057069053
TRACK:278;209;204;2;1;6;5;4;3;5;5;12;1;3;0;1;2;2;6;0;12;12;0;5;20;0.7057212212671764;6;11;0;3;3;21;1.1990207775233828;2;2;12;15;2;17;19;1;6;6;2;13;10;4;6;3;17;2;5;4;1;1;8;8;2;24;7;-0.9759219314844184;4;0;2;5;16;3;16;1;3;16;1;24;12;6;1;1;0;12;13;4;18;5;0;6;5;0;14;22;1.852328436962132;4;4;5;18;2;5;1;4;6;6;6;3;6;24;0;5;0;6;2;0;17;16;1;10;22;-5.931810424079735;5;1;1;19;12;3;9;3;10;6;2;2;6;5;3;5;2;14;17;2;5;4;0;2;18;19;3;13;2;4;2;1;10;15;5;19;4;5;3;19;1;3;0;6;4;1;7;-2.2551405678922167;24;1;4;4;24;1;6;14;1;25;14;0;0;5;6;6;12;12;5;19
TRACK:279;209;204;2;1;6;5;4;3;5;5;2;5;18;3;11;1;3;0;1;2;2;6;0;12;12;0;5;20;0.5704880464198734;6;11;0;3;3;21;1.153740455385797;2;2;12;15;2;17;19;1;6;6;2;13;10;4;6;3;17;2;5;4;6;1;9;7;-5.658505043079138;4;0;2;5;16;3;16;1;3;16;1;24;12;6;6;19;2;5;1;4;6;6;6;3;6;24;0;5;0;6;2;0;17;16;1;10;21;1.1990207775233828;5;4;2;17;20;-1.2712303473950028;3;10;6;2;2;6;5;3;5;2;14;17;2;5;4;0;2;18;19;3;13;2;4;2;1;10;15;5;19;4;5;3;19;1;3;0;6;4;1;7;-2.04281582110235;24;1;4;4;24;1;6;19;1;25;14;0;0;5;6;6;12;12;5;1;3;5;17;0;3;23;-8.923832559909949;1;20;2.5942863448588867;18
TRACK:280;270;-1;2;1;6;5;4;3;5;5;2;5;18;3;11;1;3;0;1;2;2;6;0;12;12;0;5;20;0.6591732739210521;6;11;0;3;3;21;1.056073864707561;2;2;12;15;2;17;19;1;6;6;2;13;10;4;6;3;17;2;5;4;1;1;8;8;2;24;7;-1.1759163871249358;4;0;2;5;16;3;16;1;3;16;1;24;12;6;1;5;6;2;0;17;16;1;10;22;-5.974956646703992;5;0;6;5;0;14;22;1.7806336133249192;4;4;5;18;2;5;1;4;6;6;6;3;6;24;0;5;0;2;2;2;25;7;-2.451662584130263;1;19;14;1;6;15;0;18;13;5;4;2;17;20;-1.3510940188992218;3;10;6;2;2;6;5;3;5;2;14;17;2;5;4;0;2;18;19;3;13;2;4;2;1;10;15;5;19;4;5;3;19;1;3;0;6;4;1;7;-1.9819057065393504;24;1;4;4;24;1;6;19;1;25;14;0;0;5;6;6;12;12;5;1;3;5;17;0;3;23;-8.73854833673542;1;20;2.7292572481217183;18
TRACK:281;272;-1;2;1;16;1;3;0;1;2;2;6;0;12;12;0;0;10;25;6;11;0;3;3;21;1.238209281309132;2;2;12;15;2;17;19;1;6;6;2;13;10;4;6;3;17;2;5;4;6;1;9;7;-5.585361984003963;4;0;2;5;16;3;16;1;3;16;1;24;24;6;6;19;2;5;1;4;6;6;6;3;6;24;0;5;0;6;2;0;17;16;1;10;22;-5.709811743900895;5;4;2;17;20;-1.2779094125725488;3;10;6;2;2;6;5;3;5;2;14;17;2;5;4;0;2;18;19;3;13;2;4;2;1;10;15;5;19;4;5;3;19;1;3;0;6;4;1;7;-2.223403924264837;24;1;4;4;24;1;6;19;1;25;14;0;0;0;6;19;2;22;2.13444003446485;13;12;5;2;7;-8.358989635815874;22;-9.152064362219209
TRACK:282;274;-1;2;1;6;5;4;3;5;5;12;1;3;0;1;2;2;6;0;12;12;0;5;20;0.7754799632128532;6;11;0;3;3;21;1.147081185315969;2;2;12;15;2;17;19;1;6;6;2;13;10;4;6;3;17;2;5;4;1;1;8;8;2;24;7;-1.0350059528763036;4;0;2;5;16;3;16;1;3;16;1;24;12;6;1;1;0;12;13;4;18;5;0;6;5;0;14;22;1.8209501149786085;4;4;5;18;2;5;1;4;6;4;0;7;-7.381819234580225;23;-8.137239451365364;0;5;0;6;2;0;17;16;1;10;22;-6.016702830831363;1;6;19;1;25;14;3;10;6;2;2;6;5;3;5;2;14;17;2;5;4;0;2;18;19;3;13;2;4;2;1;10;15;5;19;4;5;3;19;1;3;0;6;4;1;7;-2.0734421565675847;24;1;4;4;24;1;6;19;1;25;14;0;0;5;6;6;12;12;5;1;3;5;17;0;3;23;-8.960351633947015;1;20;2.397709365508878;18
TRACK:283;276;-1;2;1;6;5;4;3;5;5;12;1;3;0;1;2;2;6;0;12;12;0;5;20;0.7538749963334204;6;11;0;3;3;21;1.2531747348238265;2;2;12;15;2;17;19;1;6;6;2;13;10;4;6;3;17;2;5;4;1;1;8;8;2;24;7;-1.054624083984803;4;0;2;5;16;3;16;1;3;16;1;24;12;6;1;1;0;12;13;4;18;5;0;6;5;0;14;22;1.973061309735085;4;4;5;18;2;5;1;4;6;6;6;3;6;24;0;5;0;6;2;0;17;16;1;10;22;-5.80458493782199;5;4;2;17;20;-1.197377482446064;3;10;6;2;2;6;5;3;5;2;14;17;2;5;4;0;2;18;19;3;13;2;4;2;1;10;15;5;19;4;5;3;19;1;3;0;6;4;1;7;-2.3319882773149017;24;1;4;4;24;1;6;19;1;25;14;0;0;11;12;3;6;7;9.753649726610021
TRACK:284;278;-1;2;1;6;5;4;3;5;5;12;1;3;0;1;2;2;6;0;12;12;0;5;20;0.8640966324593589;6;11;0;3;3;21;1.1103667466757918;2;2;12;15;2;17;19;1;6;6;2;13;10;4;6;3;17;2;5;4;1;1;8;8;2;24;7;-0.8754778570143456;4;0;2;5;16;3;16;1;1;19;20;9.108454045702995;1;24;12;6;1;1;0;12;13;4;18;5;0;6;5;0;14;22;1.852422923585356;4;4;5;18;2;5;1;4;6;6;6;3;6;24;0;5;0;6;2;0;17;16;1;10;22;-5.9415721415749605;5;1;1;19;12;3;9;3;10;6;2;2;6;5;3;5;2;14;17;2;5;4;0;2;18;19;3;13;2;4;2;1;10;15;5;19;4;5;3;19;1;3;0;6;4;1;7;-2.3560284081978957;24;1;4;4;24;1;6;14;1;25;14;0;0;5;6;6;12;12;5;19
TRACK:285;271;-1;2;1;6;5;4;3;5;5;2;5;18;3;11;1;3;0;1;2;2;6;0;12;12;0;5;20;0.49976281557476443;6;11;0;3;3;21;1.0617100305593283;2;2;12;15;2;17;19;1;6;6;2;13;10;4;6;3;17;2;5;4;6;1;9;7;-5.707295402587332;4;0;2;5;16;3;16;1;3;16;1;24;12;6;6;19;2;5;1;4;6;6;6;3;6;24;0;5;0;6;2;0;17;17;1;10;22;-5.902502921129516;5;3;13;3;10;6;2;2;6;5;3;5;2;14;17;2;5;4;0;2;18;19;3;13;2;4;2;1;10;15;5;19;4;5;3;19;1;3;0;6;4;1;7;-2.135751833717443;24;1;4;4;24;1;6;19;1;25;14;0;0;5;6;6;12;12;5;2;7;-8.129055006605801;22;-9.001611583646355
TRACK:286;273;-1;2;1;4;3;3;3;1;6;12;3;25;1;3;0;1;2;2;6;0;12;12;0;5;20;0.5750047675060165;6;11;0;3;3;21;1.2564352998040627;2;2;12;15;2;17;19;1;6;6;2;13;10;4;6;3;17;2;5;4;1;1;13;8;2;24;7;-1.0556729098721391;4;0;2;5;16;3;16;1;3;16;1;24;12;6;1;1;0;12;13;4;6;6;18;5;0;6;5;0;14;22;1.9834650190462861;4;4;5;18;2;5;1;4;6;6;6;3;6;24;0;5;0;6;2;0;17;16;1;10;22;-6.070806376250795;5;4;2;17;20;-1.3514466993002865;3;10;6;2;2;6;5;3;5;2;14;17;2;5;4;0;2;18;19;3;13;2;4;2;1;10;15;5;19;4;5;3;19;1;3;0;6;4;1;7;-2.4003095195772133;24;1;4;4;24;1;6;19;1;25;14;0;0;5;6;6;12;12;5;1;3;5;17;0;3;23;-9.071543629496565;1;20;2.4482220314734082;18
TRACK:287;275;-1;2;1;6;5;4;3;5;5;2;5;18;3;11;1;3;0;1;2;2;6;0;19;12;0;5;20;0.6822638779845961;6;11;0;3;3;21;1.0758265102252837;2;2;12;15;2;17;19;1;6;6;2;13;10;4;6;3;17;2;5;4;1;1;8;8;2;24;7;-1.2074349881318187;4;0;2;5;16;3;16;1;3;16;1;24;12;6;1;5;6;5;5;6;9;5;0;6;5;0;14;22;1.6974856474340179;4;4;5;18;2;5;1;4;6;6;6;3;6;24;0;5;0;6;2;0;17;16;1;10;22;-5.764189481785149;5;4;2;17;20;-1.2978024746726946;3;10;6;2;2;6;5;3;5;2;14;17;2;5;4;0;2;18;19;3;13;2;4;2;1;10;15;5;7;-2.3276347200581844;4;5;3;19;1;3;0;6;4;1;7;-2.245480410720147;11;1;4;4;24;1;6;19;1;25;14;0;0;5;6;6;12;12;5;1;3;5;17;0;3;23;-8.704023615768262;1;20;2.777550560266844;18
TRACK:288;277;-1;2;1;6;5;4;3;5;5;2;5;18;3;11;1;3;0;1;2;2;6;0;12;12;0;0;10;25;6;11;0;3;3;20;-0.9495837648907379;2;2;12;15;2;17;19;1;6;6;2;13;10;4;6;3;17;2;5;4;6;1;9;7;-5.66776181452255;4;0;2;5;16;3;16;1;3;16;1;24;24;6;6;19;2;5;1;4;6;6;6;3;6;24;0;5;0;6;2;0;17;16;1;10;22;-5.781191544883573;5;4;2;17;20;-1.0880766204374455;3;10;6;2;2;6;5;3;5;2;14;17;2;5;4;0;2;18;19;3;13;2;4;2;0;14;22;1.8431895742475597;5;19;4;5;3;19;1;3;0;6;4;1;7;-2.0788618073297003;24;1;4;4;24;1;6;19;1;25;14;0;0;5;6;6;12;12;5;2;7;-8.038925055341508;22;-9.139210596098001
TRACK:289;279;-1;2;1;6;5;4;3;5;5;2;5;18;3;11;1;3;0;1;2;2;6;0;12;12;0;5;20;0.5598770019525785;6;11;0;3;3;21;1.03028075072409;2;2;12;15;2;21;-4.521554611380125;19;1;6;6;2;13;10;4;6;3;17;2;5;4;6;1;9;7;-5.816198031869558;4;0;2;5;16;3;16;1;3;16;1;24;12;6;6;19;2;5;1;4;6;6;6;3;6;24;0;5;0;6;2;0;17;16;1;10;21;1.1296928472283414;5;4;2;17;20;-1.5266733784322044;3;10;6;2;2;6;5;3;5;2;14;17;2;5;4;0;2;18;19;3;13;2;4;2;1;10;15;5;19;4;5;3;19;1;3;0;6;4;1;7;-2.176662208415718;24;1;4;4;24;1;6;19;1;25;14;0;0;5;6;6;12;12;5;1;3;5;17;0;3;23;-8.912189364470223;1;20;2.6039216741015934;18
EVAL_INSTANCE:14:0:280
EVAL_INSTANCE:14:1:281
EVAL_INSTANCE:14:2:282
EVAL_INSTANCE:14:3:283
EVAL_INSTANCE:14:4:284
EVAL_INSTANCE:14:5:285
EVAL_INSTANCE:14:6:286
EVAL_INSTANCE:14:7:287
EVAL_INSTANCE:14:8:288
EVAL_INSTANCE:14:9:289
RUN_RESULT:14:0:0:102:URRRUUDDRUURDDDL
RUN_RESULT:14:1:0:285:URRRUUDDRUUDDD
RUN_RESULT:14:2:0:2000:----
RUN_RESULT:14:3:0:91:URRRUUDDRUUDDD
RUN_RESULT:14:4:0:91:URRRUUDDRUUDDD
RUN_RESULT:14:5:0:91:URRRUUDDRUUDDD
RUN_RESULT:14:6:0:91:URRRUUDDRUUDDD
RUN_RESULT:14:7:0:91:URRRUUDDRUUDDD
RUN_RESULT:14:8:0:1094:DLDDRRRRRRUUUUUDLUUDDLUUDDD
RUN_RESULT:14:9:0:2000:----
    15 |      150 | -3.909000E+03 | -3.909000E+03
TRACK:290;204;224;2;1;6;5;4;3;5;5;2;5;18;3;11;1;3;0;1;2;2;6;0;12;12;0;5;20;0.5704880464198734;6;11;0;3;3;21;1.153740455385797;2;2;15;15;2;17;19;1;6;6;2;13;10;4;6;3;17;2;5;4;6;1;9;7;-5.658505043079138;4;0;2;5;16;3;16;1;3;16;1;24;12;6;6;19;2;5;1;4;6;6;6;3;6;24;0;5;0;6;2;0;17;16;1;10;22;-5.989617042523396;5;4;2;17;20;-1.2712303473950028;3;10;6;2;2;6;5;3;5;2;14;17;2;5;4;0;2;18;19;3;13;2;4;2;1;10;15;5;19;4;5;3;19;1;3;0;6;4;1;7;-2.04281582110235;24;1;4;4;24;1;6;19;1;25;14;0;0;5;6;6;12;12;5;1;3;5;17;0;3;23;-8.923832559909949;1;20;2.5942863448588867;18
TRACK:291;204;224;2;1;6;5;4;3;5;5;12;1;3;0;1;2;2;6;0;12;12;0;5;20;0.6120802126925458;6;11;0;3;3;21;1.213759841867892;2;2;12;15;2;17;19;1;6;6;2;13;10;4;6;3;17;2;5;4;1;1;13;8;2;24;7;-1.0256024390344474;4;0;2;5;16;3;16;1;3;16;1;24;12;6;1;1;0;12;13;4;6;6;18;5;0;6;5;0;14;22;1.8672665496163923;4;4;5;18;2;5;1;4;6;6;6;3;6;24;0;5;0;6;2;0;17;16;1;10;22;-6.018109748541476;5;4;2;17;20;-1.4370940579014604;3;10;6;2;2;6;5;3;5;20;0.5704880464198734;2;5;4;0;2;18;19;3;13;2;4;2;1;10;15;5;19;4;5;3;19;1;3;0;6;4;1;7;-2.2036255268602876;24;1;4;4;24;1;6;19;1;25;14;0;0;5;6;6;12;12;5;1;3;5;17;0;3;23;-9.169211720242362;1;20;2.3705449076218565;18
TRACK:292;247;249;2;1;6;5;4;3;5;5;12;1;3;0;2;2;6;0;12;12;0;0;10;25;6;11;0;3;3;21;1.1820357036462217;2;2;12;15;2;17;19;2;5;4;1;1;8;8;2;24;7;-1.0598405952764829;4;0;2;5;16;3;16;1;3;16;1;24;12;3;6;0;1;1;2;4;22;-2.7393343517920528;5;22;-4.634153086091198;2;5;20;7.648119299053885;4;15;1;0;5;15;5;18;0;6;13;3;21;6.380427264823737;1;4;2;0;11;15;2;25;16;1;2;4;9;6;10;3;5;18;2;5;1;4;6;6;6;3;6;24;0;5;0;6;2;0;17;16;1;10;22;-5.813761573645723;5;4;2;17;20;-1.3007319316227781;3;10;6;2;2;6;5;3;5;2;14;17;2;5;4;0;2;18;19;3;13;2;4;2;1;10;15;5;19;4;5;3;19;1;3;0;6;4;1;7;-2.111347812611241;24;1;4;4;24;1;6;19;1;25;14;0;0;5;6;6;12;12;5;1;3;5;17;0;3;23;-9.099136340750054;1;20;2.36595327603213;18
TRACK:293;247;249;2;1;2;5;16;3;16;1;3;0;1;2;2;6;0;12;12;0;0;10;25;6;11;0;3;3;21;1.1820357036462217;2;2;12;15;2;17;19;1;6;6;2;13;10;4;6;3;17;2;5;4;6;1;9;7;-5.619217721292667;4;0;2;5;16;3;16;1;3;16;1;24;24;6;6;19;2;5;1;4;6;6;6;3;6;24;0;5;0;6;2;0;17;16;1;10;22;-5.810782732667772;5;4;2;17;20;-1.244664327279902;3;10;6;2;2;6;5;3;5;2;14;17;2;5;4;0;2;18;19;3;13;2;4;2;1;10;15;5;19;4;5;3;19;1;3;0;6;4;1;7;-2.035487647366115;24;1;4;4;24;1;6;19;1;25;14;0;0;5;6;6;12;12;5;2;7;-8.19398906348271;22;-9.150303057069053
TRACK:294;142;249;2;1;6;5;4;3;5;5;2;5;18;3;11;1;3;0;1;2;2;6;0;12;12;0;5;20;0.5837888110530021;6;11;0;3;3;21;1.1489257475462529;2;2;12;15;2;17;19;1;6;6;2;13;20;-1.244664327279902;4;6;3;17;2;5;4;1;1;8;8;2;24;7;-1.1758708093530656;4;0;2;5;16;3;16;1;3;16;1;24;12;6;1;5;6;5;5;6;9;5;0;6;5;0;14;22;1.8131451774428522;4;4;5;18;2;5;1;4;6;6;6;3;6;24;0;5;0;6;2;0;17;16;1;10;22;-5.86496444237058;5;4;2;17;20;-1.2973803069100383;3;10;6;2;2;6;5;3;5;2;14;17;2;5;4;0;2;18;19;3;13;2;4;2;1;10;15;5;19;4;5;3;19;1;3;0;6;4;1;7;-1.992035392923271;24;1;4;4;24;1;6;19;1;25;14;0;0;5;6;6;12;12;5;1;3;5;17;0;3;23;-8.853986182922384;1;20;2.631078458120949;18
TRACK:295;142;249;2;1;6;5;4;3;5;5;2;5;18;3;11;1;3;0;1;2;2;6;0;12;12;0;0;10;25;6;11;0;3;3;21;1.1820357036462217;2;2;12;15;2;17;19;1;6;6;2;13;10;4;6;3;17;2;5;4;6;1;9;7;-5.619217721292667;4;0;4;4;24;1;3;16;1;24;24;6;6;19;2;5;1;4;6;6;6;3;6;24;0;5;0;6;2;0;17;16;1;10;22;-5.810782732667772;5;4;2;17;20;-1.244664327279902;3;10;6;2;2;6;5;3;5;2;14;17;2;5;4;0;2;18;19;3;13;2;4;2;1;10;15;5;19;4;5;3;19;1;3;0;6;4;1;7;-2.035487647366115;24;1;4;4;24;1;6;19;1;25;14;0;0;5;6;6;12;12;5;2;7;-8.19398906348271;22;-9.150303057069053
TRACK:296;165;142;2;1;6;5;4;3;5;5;12;1;3;0;1;2;2;6;0;12;12;0;5;20;0.7593257814431953;6;11;0;3;3;21;1.2527055927055477;2;2;12;15;2;17;19;1;6;6;2;13;10;4;6;3;17;2;5;4;1;1;8;8;2;24;7;-1.0054351925916758;4;0;2;5;16;3;16;1;3;16;1;24;12;6;1;1;0;12;13;4;18;5;0;6;5;0;14;22;1.8703369863874622;4;4;5;18;2;5;1;4;6;6;6;3;6;24;0;5;0;6;2;0;17;16;1;10;22;-5.916702970824087;5;4;2;17;20;-1.3415239176486506;3;10;6;2;2;6;5;3;5;2;14;17;2;5;4;0;2;18;19;3;13;2;4;2;1;10;15;5;19;4;5;3;19;1;3;0;6;4;1;7;-2.2046963925081613;24;1;4;4;24;1;6;19;1;25;14;0;0;5;6;6;22;1.8131451774428522;12;5;1;3;5;17;0;3;23;-9.05242940020407;1;20;2.3402035963811776;18
TRACK:297;165;142;2;1;6;5;4;3;5;5;2;5;18;3;11;1;3;0;1;2;2;6;0;12;12;0;5;20;0.5837888110530021;6;11;0;3;3;21;1.1489257475462529;2;2;12;15;2;17;19;1;6;6;2;13;10;4;6;3;17;2;5;4;1;1;8;8;2;24;7;-1.1758708093530656;4;0;2;5;16;3;16;1;3;16;1;24;12;6;1;5;6;5;5;6;9;5;0;6;5;0;14;22;1.8131451774428522;4;13;2;5;1;4;6;6;6;3;6;24;0;5;0;6;2;0;17;16;1;10;22;-5.86496444237058;5;4;2;17;20;-1.2973803069100383;3;10;6;2;2;6;5;3;5;2;14;17;2;5;4;0;2;18;19;3;13;2;4;2;1;10;15;5;19;4;5;3;19;1;3;0;6;4;1;7;-1.992035392923271;24;1;4;4;24;1;6;19;1;25;14;0;0;5;6;6;12;12;5;1;3;5;17;0;3;23;-8.853986182922384;1;20;2.631078458120949;18
TRACK:298;228;224;2;1;6;5;4;3;5;5;2;5;18;3;11;1;3;0;1;2;2;6;0;19;12;0;5;20;0.5278202255848197;6;11;0;3;3;21;1.0410312431108082;2;2;12;15;2;17;19;1;6;6;2;13;10;4;6;3;17;2;5;4;1;1;8;8;2;24;7;-1.109206667916034;4;0;2;5;16;3;16;1;3;16;1;24;12;6;1;5;6;5;5;6;9;5;0;6;5;0;14;22;1.6032061440933456;4;4;5;18;2;5;1;4;6;6;6;3;6;24;0;5;0;6;2;0;17;16;1;10;22;-5.740002034495487;5;4;2;17;20;-1.2367349199744826;3;10;6;2;2;6;5;3;5;2;14;17;2;5;4;0;2;18;19;3;13;2;4;2;1;10;15;5;19;4;5;3;19;1;3;0;6;4;1;7;-2.187160698526047;24;1;4;4;24;1;6;19;1;25;14;0;0;5;1;25;14;12;5;1;3;5;17;0;3;23;-8.760253626433316;1;20;2.796564411452288;18
TRACK:299;228;224;2;1;6;5;4;3;5;5;12;1;3;0;1;2;2;6;0;12;12;0;5;20;0.6120802126925458;6;11;0;3;3;21;1.213759841867892;2;2;12;15;2;17;19;1;6;6;2;13;10;4;6;3;17;2;5;4;1;1;13;8;2;24;7;-1.0256024390344474;4;0;2;5;16;3;16;1;3;16;1;24;12;6;1;1;0;12;13;4;6;6;18;5;0;6;5;0;14;22;1.8672665496163923;4;4;5;18;2;1;10;15;5;19
TRACK:300;290;-1;2;1;6;5;4;3;5;5;2;5;18;3;11;1;3;0;1;2;2;6;0;12;12;0;5;20;0.5801572483232467;6;11;0;3;3;21;1.2269766654969914;2;2;15;15;2;17;19;1;6;6;2;13;10;4;6;3;17;2;5;4;6;1;9;7;-5.589164476310854;4;0;2;5;16;3;16;1;3;16;1;15;12;6;6;19;2;5;1;4;6;6;6;3;6;24;0;5;0;6;2;0;17;16;1;10;22;-6.031593846028164;5;4;2;17;20;-1.3870462335867735;3;10;6;2;2;6;5;3;5;2;14;17;2;5;4;0;2;18;19;3;13;2;4;2;1;10;15;5;19;4;5;3;19;1;3;0;6;4;1;7;-2.046308355137672;24;1;4;4;24;1;6;19;1;25;14;0;0;5;6;6;12;12;5;1;3;5;17;0;3;23;-8.880054874221566;1;20;2.4519875064494503;18
TRACK:301;292;-1;2;1;6;5;4;3;5;5;12;1;3;0;2;2;6;0;12;12;0;0;10;25;6;11;0;3;3;21;1.1090615526354708;2;2;12;15;2;17;19;2;5;4;1;1;8;8;2;24;7;-1.0024825291748851;4;0;2;5;16;3;16;1;3;16;1;24;12;6;1;9;14;2;5;1;4;6;6;6;3;6;24;0;5;0;6;2;0;17;16;1;10;22;-5.784290139045955;5;4;2;17;20;-1.398780956364922;3;10;6;2;2;6;5;3;5;2;14;17;2;5;4;0;2;18;19;3;13;2;4;2;1;10;15;5;19;4;5;3;19;1;3;0;6;4;1;7;-2.1633274031581027;24;1;4;4;24;1;6;19;1;25;14;0;0;5;6;6;12;12;5;1;3;5;17;0;3;23;-8.940706540417635;1;20;2.371001921240573;18
TRACK:302;294;-1;2;1;6;5;4;3;5;5;2;5;18;3;11;1;3;0;1;2;2;6;0;12;12;0;5;20;0.6722362669653935;6;11;0;3;3;21;1.1903795074693868;2;2;12;15;2;17;19;1;6;6;2;13;20;-1.379517738742584;4;6;3;17;2;5;4;1;1;8;8;2;24;7;-1.4408496099282653;4;0;2;5;16;3;16;1;3;16;1;24;12;6;1;5;6;5;5;6;9;5;0;6;5;0;14;22;1.6797309189525311;4;4;5;18;2;5;1;4;6;6;6;3;6;24;0;5;4;5;3;9;3;10;6;2;2;6;5;3;5;2;14;17;2;5;4;0;2;18;19;3;13;2;4;2;1;10;15;5;19;4;5;3;19;1;3;0;6;4;1;7;-1.8759978336889174;24;1;4;4;24;1;6;19;1;25;14;0;0;5;6;6;12;12;5;1;3;5;17;0;3;23;-8.885070458624787;1;20;2.676123902689582;18
TRACK:303;296;-1;2;1;6;5;4;3;5;5;12;1;3;0;1;2;2;6;0;12;12;0;5;20;0.7115563747076292;6;11;0;3;3;21;1.252377551888574;2;2;12;15;2;17;19;1;6;6;2;13;10;4;6;3;17;2;5;4;1;1;8;8;2;24;7;-1.0183670585339435;4;0;2;5;16;3;16;1;3;16;1;24;12;6;1;1;0;12;13;4;18;5;0;6;5;0;14;22;1.9081748128775775;4;4;5;18;2;5;1;4;6;6;6;3;6;24;0;5;0;6;2;0;17;16;1;10;22;-6.02668889057568;5;4;2;17;20;-1.2441648257302924;3;10;6;2;2;6;5;3;5;2;14;17;2;5;4;0;2;18;19;3;13;2;4;2;1;10;15;5;19;4;5;3;19;1;3;4;1;4;1;8;13;4;2;21;8.296413412993445;8;0;0;5;6;6;22;1.669698544229079;12;5;1;3;5;17;0;3;23;-9.045500536477693;1;20;2.280331800452105;18
TRACK:304;298;-1;2;1;6;5;4;3;5;5;2;5;18;3;11;1;3;0;1;2;2;6;0;19;12;0;5;20;0.5178974155776804;6;11;0;3;3;21;0.8982172272517064;2;2;12;15;2;17;19;1;6;6;2;13;10;4;6;3;17;2;5;4;1;1;8;8;2;24;7;-1.1201596834862344;4;0;2;5;16;3;16;1;3;16;1;24;12;6;1;5;6;5;5;6;9;5;0;6;5;0;14;20;-1.092516971823942;4;4;5;18;2;5;1;4;6;6;6;3;6;24;0;5;0;6;2;0;17;16;1;10;22;-5.852033072398765;5;4;2;17;20;-1.2344583472835466;3;10;6;2;2;6;5;3;5;2;14;17;2;5;4;0;2;18;19;3;13;2;4;2;1;10;15;5;19;4;5;3;19;1;3;0;6;4;1;7;-2.166522045488477;24;1;4;4;24;1;6;19;1;25;14;0;0;5;1;25;14;12;5;1;3;5;17;0;3;23;-8.872599496501895;1;20;2.9510671304676372;18
TRACK:305;291;-1;2;1;6;5;4;3;5;5;12;1;3;0;1;2;2;6;0;12;12;0;5;20;0.6221765195937523;6;11;0;3;3;21;1.2144729056836736;2;2;12;15;2;17;19;1;6;6;2;13;10;4;6;3;17;2;5;4;1;1;13;8;2;24;7;-1.0496017014317016;4;0;2;5;16;3;16;1;3;16;1;24;12;6;1;1;0;12;13;4;6;6;18;5;0;6;5;0;14;22;1.7213206176971563;4;4;5;18;2;5;1;4;6;6;6;3;6;24;0;5;0;6;2;0;17;16;1;10;22;-6.0560609889744015;5;4;2;17;20;-1.2740576990147323;3;10;6;2;2;6;5;3;5;20;0.5986411535389454;2;2;3;9;1;11;23;5.559698838885403;2;4;2;1;10;15;5;19;4;5;3;19;1;3;0;6;4;1;7;-2.1229444669390656;24;1;4;4;24;1;6;19;1;25;14;0;0;5;6;6;12;12;5;1;3;5;17;0;3;23;-9.14202962278906;1;20;2.506984271776653;18
TRACK:306;293;-1;2;1;2;5;16;3;16;1;3;0;1;2;2;6;0;12;12;0;0;10;25;6;11;0;3;3;21;1.0789270414596273;2;2;17;11;2;17;19;1;6;6;2;13;10;4;6;3;17;2;5;4;6;1;9;7;-5.493762761286224;4;0;2;5;16;3;16;1;3;16;1;24;24;6;6;19;2;5;1;4;6;6;6;3;6;24;0;5;0;6;2;0;17;16;1;10;22;-5.838312284533303;5;4;2;17;20;-1.1706991119923313;3;10;6;2;2;6;5;3;5;2;14;17;2;5;4;0;2;18;19;3;13;2;4;2;1;10;15;5;19;4;5;3;19;1;3;0;6;4;1;7;-2.024118098022525;24;1;4;4;24;1;6;19;1;25;14;0;0;5;6;6;12;12;5;2;7;-8.151785761806101;22;-9.30997424936238
TRACK:307;295;-1;2;1;6;5;4;3;5;5;2;5;18;3;11;1;3;0;1;2;2;6;0;12;12;0;0;10;25;6;11;0;3;3;21;1.1273317515562904;2;2;12;15;2;17;19;1;6;6;2;13;10;4;6;3;17;2;5;4;6;1;9;7;-5.802022143058029;4;0;4;4;24;1;3;16;1;24;24;6;6;19;2;5;1;4;6;6;6;3;6;24;0;5;0;6;2;0;17;16;1;10;22;-5.8160138250049815;5;4;2;17;20;-1.3093649323579173;3;10;6;2;2;6;5;3;5;2;14;17;2;5;4;0;2;18;19;3;13;2;4;2;1;10;15;5;19;4;5;3;19;1;3;0;6;4;1;7;-1.9975893333534191;24;1;4;4;24;1;6;19;1;25;14;0;0;5;3;7;-1.5791451944104473;12;5;2;7;-8.083563194182362;22;-9.077531633728826
TRACK:308;297;-1;2;1;6;5;4;3;5;5;2;5;18;3;11;1;3;0;1;2;2;6;0;12;12;0;5;20;0.48929352907807294;6;11;0;3;3;21;1.187515835662047;2;2;12;15;2;17;19;1;6;6;2;13;10;4;6;3;17;2;5;4;1;1;8;8;2;24;7;-1.1678288391886602;4;0;2;5;16;3;16;1;3;16;1;24;12;6;1;5;6;5;5;6;9;5;0;6;5;0;14;22;1.7692119583329349;4;13;2;5;1;4;6;6;6;3;6;24;0;5;0;6;2;0;17;16;1;10;22;-5.9432562115281335;5;4;1;15;19;3;10;6;2;2;6;5;3;5;2;14;17;2;5;4;0;2;18;19;3;13;2;4;2;1;10;15;5;19;4;5;3;19;1;3;0;6;4;1;7;-1.9161321283506498;24;1;4;4;24;1;6;19;1;25;14;0;0;5;6;6;12;12;5;1;3;5;17;0;3;23;-8.874619686288678;1;20;2.644420885471098;18
TRACK:309;299;-1;2;1;6;5;4;3;5;5;12;1;3;0;1;2;2;6;0;12;12;0;5;20;0.49715897392877284;6;11;0;3;3;21;1.2712765383129927;2;2;12;15;2;17;19;1;6;6;2;13;10;4;6;3;17;2;5;4;1;1;13;8;2;24;7;-0.9607395196036337;4;0;2;5;16;2;23;7.26920498781211;10;1;3;16;1;24;12;6;1;1;0;12;13;4;6;6;18;5;0;6;5;0;14;22;1.8805709015466436;4;4;5;18;2;1;10;15;5;19
EVAL_INSTANCE:15:0:300
EVAL_INSTANCE:15:1:301
EVAL_INSTANCE:15:2:302
EVAL_INSTANCE:15:3:303
EVAL_INSTANCE:15:4:304
EVAL_INSTANCE:15:5:305
EVAL_INSTANCE:15:6:306
EVAL_INSTANCE:15:7:307
EVAL_INSTANCE:15:8:308
EVAL_INSTANCE:15:9:309
RUN_RESULT:15:0:0:91:URRRUUDDRUUDDD
RUN_RESULT:15:1:0:1748:URRRUDRUURDDDDUUULLUDDD
RUN_RESULT:15:2:0:97:URRRUUDDRUUDDD
RUN_RESULT:15:3:0:91:URRRUUDDRUUDDD
RUN_RESULT:15:4:0:91:URRRUUDDRUUDDD
RUN_RESULT:15:5:0:2000:----
RUN_RESULT:15:6:0:285:URRRUUDDRUUDDD
RUN_RESULT:15:7:0:91:URRRUUDDRUUDDD
RUN_RESULT:15:8:0:91:URRRUUDDRUUDDD
RUN_RESULT:15:9:0:2000:----
    16 |      160 | -3.909000E+03 | -3.909000E+03
TRACK:310;180;165;2;1;6;5;4;3;5;5;2;5;18;3;11;1;1;2;2;6;0;12;12;0;5;20;0.4788805621383228;6;11;0;3;3;21;1.1466177362483598;2;2;12;15;2;17;19;1;6;6;2;13;10;4;3;17;6;1;5;6;5;5;6;9;5;0;6;5;0;14;22;1.8844241544977587;4;4;5;18;2;5;1;4;6;6;6;3;6;24;0;5;0;6;2;0;17;16;1;10;22;-5.866404861991421;5;4;2;17;20;-1.416132748456956;3;10;6;2;2;6;5;3;5;2;14;17;2;5;4;0;2;18;19;3;13;2;4;2;1;10;15;5;19;4;5;3;19;1;3;0;6;4;1;7;-1.9586816079771845;24;1;4;4;24;1;6;19;1;25;14;0;0;5;6;6;12;12;5;1;3;5;17;0;3;23;-8.751385633116596;1;20;2.7018936977195085;18
TRACK:311;180;165;2;1;6;5;4;3;5;5;12;1;3;0;1;2;2;6;0;12;12;0;5;20;0.7593257814431953;6;11;0;3;3;21;1.2527055927055477;2;2;12;15;2;17;19;1;6;6;2;13;10;4;6;3;17;2;5;4;1;1;8;8;2;24;7;-1.0054351925916758;4;0;2;5;16;3;16;1;3;16;1;24;12;6;1;1;0;12;13;4;18;5;0;6;5;0;14;22;1.8703369863874622;4;4;5;18;2;5;1;4;6;6;6;3;6;24;0;5;0;6;2;0;17;16;1;10;22;-5.916702970824087;5;4;2;17;20;-1.3415239176486506;3;10;6;2;2;6;5;3;5;2;14;17;2;5;4;0;2;18;19;3;13;6;2;13;21;-7.719919251540448;1;3;0;6;4;1;7;-2.2046963925081613;24;1;4;4;24;1;6;19;1;25;14;0;0;5;6;6;12;12;5;1;3;5;17;0;3;23;-9.05242940020407;1;20;2.3402035963811776;18
TRACK:312;209;228;2;1;6;5;4;3;5;5;12;1;3;0;1;2;2;6;0;12;12;0;5;20;0.7057212212671764;6;11;0;3;3;21;1.1990207775233828;2;2;12;15;2;17;19;1;6;6;2;13;10;4;6;3;17;2;5;4;1;1;8;8;2;24;7;-0.9759219314844184;4;0;2;5;16;3;16;1;3;16;1;24;12;6;1;1;0;12;13;4;18;5;0;6;5;0;14;22;1.852328436962132;4;4;5;18;2;5;1;4;6;6;6;3;6;24;0;5;0;2;2;12;15;2;17;19;5;1;1;19;12;3;9;3;10;6;2;2;6;5;3;5;2;14;17;2;5;4;0;2;18;19;3;13;2;4;2;1;10;15;5;19;4;5;3;19;1;3;0;6;4;1;7;-2.2551405678922167;24;1;4;4;24;1;6;14;1;25;14;0;0;5;6;6;12;12;5;1;3;5;17;0;3;23;-9.056731512618756;1;20;2.2717969409348635;18
TRACK:313;209;228;2;1;6;5;4;3;5;5;2;5;18;3;11;1;3;0;1;2;2;6;0;19;12;0;5;20;0.5278202255848197;6;11;0;3;3;21;1.0410312431108082;2;2;12;15;2;17;19;1;6;6;2;13;10;4;6;3;17;2;5;4;1;1;8;8;2;24;7;-1.109206667916034;4;0;2;5;16;3;16;1;3;16;1;24;12;6;1;5;6;5;5;6;9;5;0;6;5;0;14;22;1.6032061440933456;4;4;5;18;2;5;1;4;6;6;6;3;6;24;0;5;0;6;2;0;17;16;1;10;22;-5.740002034495487;5;4;2;17;20;-1.2367349199744826;3;10;6;2;2;6;5;3;5;2;14;17;2;5;4;0;2;18;19;3;13;2;4;2;1;10;15;5;19;4;5;3;19;1;3;0;6;4;1;7;-2.187160698526047;24;1;4;4;24;11;0;0;5;6;6;12;12;5;1;3;5;17;0;3;23;-8.760253626433316;1;20;2.796564411452288;18
TRACK:314;247;224;2;1;6;5;4;3;5;5;12;1;3;0;1;2;2;6;0;12;12;0;5;20;0.8787590774802473;6;11;0;3;3;21;1.2409495001373476;2;2;12;15;2;17;19;1;6;6;2;13;10;4;6;3;17;2;5;4;1;1;8;8;2;24;7;-1.0598405952764829;4;0;2;5;16;3;16;1;3;16;1;24;12;3;6;0;1;1;2;4;22;-2.7393343517920528;5;22;-4.634153086091198;2;5;20;7.648119299053885;4;15;1;0;5;15;5;18;0;6;13;3;21;6.380427264823737;1;4;2;0;11;15;2;25;16;1;2;4;9;6;10;3;5;18;2;5;1;4;6;6;6;3;6;24;0;5;0;6;2;0;17;16;1;10;22;-5.813761573645723;5;4;2;17;20;-1.3007319316227781;3;10;6;2;2;6;5;3;5;2;14;17;2;5;4;0;2;18;19;3;17;2;4;2;1;10;15;5;19;4;5;3;19;1;3;0;6;4;1;7;-2.111347812611241;24;1;4;4;24;1;6;19;1;25;14;0;0;5;6;6;12;12;5;1;3;5;17;0;3;23;-9.099136340750054;1;20;2.36595327603213;18
TRACK:315;247;224;2;1;6;5;4;3;5;5;12;1;3;0;1;2;2;6;0;12;12;0;5;20;0.6120802126925458;6;11;0;3;3;21;6.380427264823737;2;2;12;15;2;17;19;1;6;6;2;13;10;4;6;3;17;2;5;4;1;1;13;8;2;24;7;-1.0256024390344474;4;0;2;5;16;3;16;1;3;16;1;24;12;6;1;1;0;12;13;4;6;6;18;5;0;6;5;0;14;22;1.8672665496163923;4;4;5;18;2;5;1;4;6;6;6;3;6;24;0;5;0;6;2;0;17;16;1;10;22;-6.018109748541476;5;4;2;17;20;-1.4370940579014604;3;10;6;2;2;6;5;3;5;2;14;17;2;5;4;0;2;18;19;3;13;2;4;2;1;10;15;5;19;4;5;3;19;1;3;0;6;4;1;7;-2.2036255268602876;24;1;4;4;24;1;6;19;1;25;14;0;0;5;6;6;12;12;5;1;3;5;17;0;3;23;-9.169211720242362;1;20;2.3705449076218565;18
TRACK:316;209;204;2;1;6;5;4;3;5;5;12;1;3;0;1;2;2;6;0;12;12;0;5;20;0.7057212212671764;6;11;0;3;3;21;1.1990207775233828;2;2;12;15;2;17;19;1;6;6;2;13;10;4;6;3;17;2;5;4;1;1;8;8;2;24;7;-0.9759219314844184;4;0;2;5;16;3;16;1;3;16;1;24;12;6;1;1;0;12;13;4;18;5;0;6;5;0;14;22;1.852328436962132;4;4;5;18;2;0;6;4;1;7;-2.04281582110235;24;1;4;4;24;1;6;19;1;25;14;6;2;2;6;5;3;5;2;14;17;2;5;4;0;2;18;19;3;13;2;4;2;1;10;15;5;19;4;5;3;19;1;3;0;6;4;1;7;-2.2551405678922167;24;1;4;4;24;1;6;14;1;25;14;0;0;5;6;6;12;12;5;1;3;5;17;0;3;23;-9.056731512618756;1;20;2.2717969409348635;18
TRACK:317;209;204;2;1;6;5;4;3;5;5;2;5;18;3;11;1;3;0;1;2;2;6;0;12;12;0;5;20;0.5704880464198734;6;11;0;3;3;21;1.153740455385797;2;2;12;15;2;17;19;1;6;6;2;13;10;4;6;3;17;2;5;4;6;1;9;7;-5.658505043079138;4;0;2;5;16;3;16;1;3;16;1;24;12;6;6;19;2;5;1;4;6;6;6;3;6;24;0;5;0;6;2;12;1;10;22;-5.989617042523396;5;4;2;17;20;-1.2712303473950028;3;10;6;2;2;6;5;3;5;2;14;17;2;5;4;0;2;18;19;3;13;2;4;2;1;10;15;5;19;4;5;3;19;1;3;0;6;4;1;7;-2.04281582110235;24;1;4;4;24;1;6;19;1;25;14;0;0;5;6;6;12;12;5;1;3;5;17;0;3;23;-8.923832559909949;1;20;2.5942863448588867;18
TRACK:318;165;228;2;1;6;5;4;3;5;5;12;1;3;0;1;2;2;6;0;12;12;0;5;20;0.7593257814431953;6;11;0;3;3;21;1.2527055927055477;2;2;12;15;2;17;19;1;6;6;2;13;10;4;6;3;17;2;5;4;1;1;8;8;2;24;7;-1.0054351925916758;4;0;2;5;16;3;16;1;3;16;1;24;12;6;1;1;0;12;13;4;18;5;0;6;5;0;14;22;1.6032061440933456;4;4;5;18;2;5;1;4;6;6;6;3;6;24;0;5;0;6;2;0;17;16;1;10;22;-5.916702970824087;5;4;2;17;20;-1.3415239176486506;3;10;6;2;2;6;5;3;5;2;14;17;2;5;4;0;2;18;19;3;13;2;4;2;1;10;15;5;19;4;5;3;19;1;3;0;6;4;1;7;-2.2046963925081613;24;1;4;4;24;1;6;19;1;25;14;0;0;5;6;6;12;12;5;1;3;5;17;0;3;23;-9.05242940020407;1;20;2.3402035963811776;18
TRACK:319;165;228;2;1;6;5;4;3;5;5;2;5;18;3;11;1;3;0;1;2;2;6;0;19;12;0;5;20;0.5278202255848197;6;11;0;3;3;21;1.0410312431108082;2;1;10;15;5;19;1;6;6;2;13;10;4;6;3;17;2;5;4;1;1;8;8;2;24;7;-1.109206667916034;4;0;2;5;16;3;16;1;3;16;1;24;12;6;1;5;6;5;5;6;9;5;0;6;5;0;14;22;1.6032061440933456;4;4;5;18;2;5;1;4;6;6;6;3;6;24;0;5;0;6;2;0;17;16;1;10;22;-5.740002034495487;5;4;2;17;20;-1.2367349199744826;3;10;6;2;2;6;5;3;5;2;14;17;2;5;4;0;2;18;19;3;13;2;4;2;1;10;15;5;19;4;5;3;19;1;3;0;6;4;1;7;-2.187160698526047;24;1;4;4;24;1;6;19;1;25;14;0;0;5;6;6;12;12;5;1;3;5;17;0;3;23;-8.760253626433316;1;20;2.796564411452288;18
TRACK:320;310;-1;2;1;6;5;4;3;5;5;2;5;18;3;11;1;1;2;2;6;0;12;12;0;5;20;0.59441757666659;6;11;0;3;3;21;1.191574392730511;2;2;12;15;2;17;19;1;6;6;2;13;10;4;3;17;6;1;5;6;5;5;6;9;5;0;6;5;0;14;22;1.8661630042549953;4;4;5;18;2;5;1;4;6;6;6;3;6;24;0;5;0;6;2;0;17;16;1;10;22;-5.794161643052495;5;4;2;17;20;-1.262916901390756;3;10;6;2;2;6;5;3;5;2;14;17;2;5;4;0;2;18;19;3;13;2;4;2;1;10;15;5;18;4;5;3;19;1;3;0;6;4;1;7;-2.055350736816575;24;1;4;4;24;1;6;19;1;25;14;0;0;5;6;6;12;12;5;1;3;5;17;0;3;23;-8.796246966260018;1;20;2.782279036793499;18
TRACK:321;312;-1;2;1;6;5;4;3;5;5;12;1;3;0;1;2;2;6;0;12;12;0;5;20;0.7609585116762025;6;11;0;3;3;21;1.2664776294436568;2;2;12;15;2;17;19;1;6;6;2;13;10;4;6;3;17;2;5;4;1;1;8;8;2;24;7;-0.9431177656438088;4;0;2;5;16;3;16;1;3;16;1;24;12;6;1;1;0;12;13;4;18;5;0;6;5;0;14;22;1.874545692239011;4;4;5;18;2;5;1;4;6;6;6;3;6;24;0;5;0;2;2;12;15;2;17;19;5;1;1;19;12;3;9;3;10;6;2;2;6;5;3;5;2;14;17;2;5;4;0;2;18;19;3;13;2;4;2;1;10;15;5;19;0;20;3.3741974282906497;10;1;3;0;6;4;1;7;-2.3933786518718856;24;1;4;4;24;1;6;14;1;25;14;0;0;5;6;6;12;12;5;1;3;5;17;0;3;23;-9.108546236881422;1;20;2.2179019918166687;18
TRACK:322;314;-1;2;1;6;5;4;3;5;0;3;1;21;4.675924848878118;18;0;4;9;4;15;1;3;0;1;2;2;6;0;12;12;0;5;20;0.7797530238711343;6;11;0;3;3;21;1.1363480190436768;2;2;12;15;2;17;19;1;6;6;2;13;10;4;6;3;17;2;5;4;1;1;8;8;2;24;7;-0.9834135318001392;4;0;2;5;16;3;16;1;3;16;1;24;12;3;6;0;1;1;2;4;22;-2.807008542611239;5;22;-4.666127430602152;2;5;20;7.693525469531766;4;15;1;0;5;15;5;18;0;6;13;3;21;6.382502853191853;1;4;2;0;11;15;2;25;16;1;2;4;9;6;10;3;5;18;2;5;1;4;6;6;6;3;6;24;0;5;0;6;2;0;17;16;1;10;22;-5.8721580555805994;5;4;2;17;20;-1.2060134474517992;3;10;6;2;2;6;5;3;5;2;14;17;2;5;4;0;2;18;19;3;17;2;4;2;1;10;15;5;19;4;5;3;19;1;3;0;6;4;1;7;-2.139373744510341;24;1;4;4;24;1;6;19;1;25;14;0;0;5;6;6;12;12;5;1;3;5;17;0;3;23;-9.252299724308395;1;20;2.4054128910023285;18
TRACK:323;316;-1;2;1;6;5;4;3;5;5;12;1;3;0;1;2;2;6;0;12;12;0;5;20;0.7114644398729041;6;11;0;3;3;21;1.1533737507945583;2;2;12;15;2;17;19;1;6;6;2;13;10;4;6;3;17;2;5;4;1;1;8;8;2;24;7;-0.913042771865018;4;0;2;5;16;3;16;1;3;16;1;24;12;6;1;1;0;12;13;4;18;5;0;6;5;0;14;22;1.8891304773838737;4;4;5;18;2;0;6;4;1;7;-1.9641009257543975;24;1;4;4;24;1;6;19;1;25;14;6;2;2;6;5;3;5;2;14;17;2;5;4;0;2;18;19;3;13;2;4;2;1;10;15;5;19;4;5;3;19;1;3;0;6;4;1;7;-2.227889578488704;24;1;4;4;24;1;6;14;1;25;14;0;0;5;6;6;12;12;5;1;3;5;17;0;3;23;-8.911578787681687;1;20;2.1787112305037484;18
TRACK:324;318;-1;2;1;6;5;4;3;5;5;12;1;3;0;1;2;2;6;0;12;12;0;5;7;4.983171297955893;6;11;0;3;3;21;1.3440603579100747;2;2;12;15;2;17;19;1;6;6;2;13;10;4;6;3;17;2;5;4;1;1;8;8;2;24;7;-0.8460794172763438;4;0;2;5;16;3;16;1;3;16;1;24;12;6;1;1;0;12;13;4;18;5;0;6;5;0;14;22;1.6154300595946216;4;4;5;18;2;5;1;4;6;6;6;3;6;24;0;5;0;6;2;0;17;16;1;10;22;-5.937666112191933;5;4;2;17;20;-1.234063218739867;3;10;6;2;2;6;5;3;5;2;14;17;2;5;4;0;2;18;19;3;13;2;4;2;1;10;15;5;19;4;5;3;19;1;3;0;6;4;1;7;-2.086722335559676;24;1;4;4;24;1;6;19;1;25;14;0;0;5;6;6;12;12;5;1;3;5;17;0;3;23;-9.1168996522574;1;20;2.36917655217875;18
TRACK:325;311;-1;2;1;6;5;4;3;5;5;12;1;3;0;1;2;2;6;0;12;12;0;5;20;0.759401954722448;6;11;0;3;3;21;1.2908439975976254;2;2;12;15;2;17;19;1;6;6;2;13;10;4;6;3;17;2;5;4;1;1;8;8;2;24;7;-1.1087009526611133;4;0;2;5;16;3;16;1;3;16;1;24;12;6;1;1;0;12;13;4;18;5;0;6;5;0;14;22;1.9400555433869133;4;4;5;18;2;5;1;4;6;6;6;3;6;24;0;5;0;6;2;0;11;16;1;10;22;-5.763483347620809;5;4;2;17;20;-1.3803543115383994;3;10;6;2;2;6;5;3;5;2;14;17;2;5;4;0;2;18;19;3;13;6;2;13;21;-7.712226402458085;1;3;0;6;4;1;7;-2.2430519089926784;24;1;4;4;24;1;6;19;1;25;14;0;0;5;6;6;12;12;5;1;3;5;17;0;3;23;-8.84452238773803;1;20;2.4184861662915975;18
TRACK:326;313;-1;2;1;6;5;2;4;2;5;6;6;12;1;6;5;20;5.624192433613162;5;2;17;23;-9.763964586130783;6;6;3;3;0;14;23;-9.178353119564528;1;3;0;1;2;2;6;0;19;12;0;5;20;0.3788460878493083;6;11;0;3;3;21;1.152433058228421;2;2;12;15;2;17;19;1;6;6;2;13;10;4;6;3;17;2;5;4;1;1;8;8;2;24;7;-0.908614373777686;4;0;2;5;16;3;16;1;3;16;1;24;12;6;1;5;6;5;5;6;9;5;0;6;5;0;14;22;1.6093184354278376;4;4;5;18;2;5;1;4;6;6;6;3;6;24;0;5;0;6;2;0;17;16;1;10;22;-5.856134336563983;5;4;2;17;20;-1.193944303323997;3;10;6;2;2;6;5;3;5;2;14;17;2;5;4;0;2;18;19;3;13;2;4;2;1;10;15;5;19;4;5;3;19;1;3;0;6;4;1;7;-2.316653364105415;24;1;4;4;24;11;0;0;5;6;6;12;12;5;1;3;5;17;0;3;23;-8.773188281777186;1;20;2.72208046799427;18
TRACK:327;315;-1;2;1;6;5;4;3;5;5;12;1;3;0;1;2;2;6;0;12;12;0;5;20;0.6749997905143394;6;11;0;3;3;21;6.467630374495933;2;2;12;15;2;17;19;1;6;6;2;13;10;4;6;3;17;2;5;4;1;1;13;8;2;24;7;-1.214245748583203;4;0;2;5;16;3;16;1;3;16;1;24;12;6;1;1;0;12;13;4;6;6;18;5;0;6;5;0;14;22;1.7633772487144077;0;5;6;24;5;1;10;25;2;5;1;4;6;6;6;3;6;24;0;5;0;6;2;0;17;16;1;10;22;-6.144347933651815;5;4;2;17;20;-1.226154584286814;3;10;6;2;2;6;5;3;5;2;14;17;2;5;4;0;2;18;19;3;13;2;4;2;1;10;15;5;19;4;5;3;19;1;3;0;6;4;1;7;-2.1793528098458537;24;1;4;4;24;1;6;19;1;25;14;0;0;5;6;6;12;12;5;1;3;5;17;0;3;23;-9.199988075812836;1;20;2.343093421959738;18
TRACK:328;317;-1;2;1;6;5;4;3;5;5;2;5;18;3;11;1;3;0;1;2;2;6;0;12;12;0;5;20;0.40059564833587735;6;11;0;3;3;21;1.0749626115445345;2;2;12;15;2;17;19;1;6;6;2;13;10;4;6;3;17;2;5;4;6;1;17;7;-5.551423655360987;4;0;2;5;16;3;16;1;3;16;1;24;12;6;6;19;2;5;1;4;6;6;6;3;6;24;0;5;0;6;2;12;1;10;22;-5.908051154407593;5;4;2;17;20;-1.2715760678332868;3;10;6;2;2;6;5;3;5;2;14;17;2;5;4;0;2;18;19;3;13;2;4;2;1;10;15;5;19;4;5;3;19;1;3;0;6;4;1;7;-2.0619295635548336;24;1;4;4;24;1;6;19;1;25;14;0;0;5;6;6;12;12;5;1;3;5;17;0;3;23;-8.909644209192773;1;20;2.6836245119717783;18
TRACK:329;319;-1;2;1;6;5;4;3;5;5;2;5;18;3;11;1;3;0;1;2;2;6;0;19;12;0;5;20;0.5262834268363765;6;11;0;3;3;21;0.8511401720539453;2;1;10;15;5;19;1;6;6;2;13;10;4;6;3;17;2;5;4;1;1;8;8;2;24;7;-0.9911470461663621;4;0;2;5;16;3;16;1;3;16;1;24;12;6;1;5;6;5;5;6;9;5;0;6;5;0;14;22;1.6227105602975103;4;4;5;18;2;5;1;4;6;6;6;3;6;24;0;5;0;6;2;0;17;16;1;10;22;-5.777532857797944;5;4;2;17;20;-1.2176833856769513;3;10;6;2;2;6;5;3;5;2;14;17;2;5;4;0;2;18;19;3;13;2;4;2;1;10;15;2;7;-4.154055144572151;11;4;5;3;19;1;3;0;6;4;1;7;-2.106535034521513;24;1;4;4;24;1;6;19;1;25;14;0;0;5;6;6;12;12;5;1;3;5;17;0;3;23;-8.945607187212778;1;20;2.8111817830460977;18
EVAL_INSTANCE:16:0:320
EVAL_INSTANCE:16:1:321
EVAL_INSTANCE:16:2:322
EVAL_INSTANCE:16:3:323
EVAL_INSTANCE:16:4:324
EVAL_INSTANCE:16:5:325
EVAL_INSTANCE:16:6:326
EVAL_INSTANCE:16:7:327
EVAL_INSTANCE:16:8:328
EVAL_INSTANCE:16:9:329
RUN_RESULT:16:0:0:91:URRRUUDDRUUDDD
RUN_RESULT:16:1:0:2000:----
RUN_RESULT:16:2:0:2000:----
RUN_RESULT:16:3:0:2000:----
RUN_RESULT:16:4:0:91:URRRUUDDRUUDDD
RUN_RESULT:16:5:0:999:URRRUUDDRUULLLLLDDDDDDRRRRRRUUUUUDDL
RUN_RESULT:16:6:0:2000:----
RUN_RESULT:16:7:0:91:URRRUUDDRUUDDD
RUN_RESULT:16:8:0:91:URRRUUDDRUUDDD
RUN_RESULT:16:9:0:91:URRRUUDDRUUDDD
    17 |      170 | -3.909000E+03 | -3.909000E+03
TRACK:330;228;247;2;1;6;5;4;3;5;5;2;5;18;3;11;1;3;0;1;2;2;6;0;19;12;0;5;20;0.5278202255848197;6;11;0;3;3;21;1.0410312431108082;2;2;12;15;2;17;19;1;6;6;2;13;10;4;6;3;17;2;5;4;1;11;2;24;7;-1.109206667916034;4;0;2;5;16;3;16;1;3;16;1;24;12;6;1;5;6;5;5;6;9;5;0;6;5;0;14;22;1.6032061440933456;4;4;5;18;2;5;1;4;6;6;6;3;6;24;0;5;0;6;2;0;17;16;1;10;22;-5.740002034495487;5;4;2;17;20;-1.2367349199744826;3;10;6;2;2;6;5;3;5;2;14;17;2;5;4;0;2;18;19;3;13;2;4;2;1;10;15;5;19;4;5;3;19;1;3;0;6;4;1;7;-2.187160698526047;24;1;4;4;24;1;6;19;1;25;14;0;0;5;6;6;12;12;5;1;3;5;17;0;3;23;-8.760253626433316;1;20;2.796564411452288;18
TRACK:331;228;247;2;1;6;5;4;3;5;5;12;1;3;0;1;2;2;6;0;12;12;0;5;20;0.8787590774802473;6;11;0;3;3;21;1.2409495001373476;2;2;12;15;2;17;19;1;6;6;2;13;10;4;6;3;17;2;5;4;1;1;8;8;2;24;7;-1.0598405952764829;4;0;2;5;16;3;16;1;3;16;1;24;12;3;6;0;1;1;2;4;22;-2.7393343517920528;5;22;-4.634153086091198;2;5;20;7.648119299053885;4;15;1;0;5;15;5;18;0;6;13;3;21;6.380427264823737;1;4;2;0;11;15;2;25;16;1;2;4;9;6;10;3;5;18;2;5;1;4;6;6;6;3;0;19;12;0;5;0;6;2;0;17;16;1;10;22;-5.813761573645723;5;4;2;17;20;-1.3007319316227781;3;10;6;2;2;6;5;3;5;2;14;17;2;5;4;0;2;18;19;3;13;2;4;2;1;10;15;5;19;4;5;3;19;1;3;0;6;4;1;7;-2.111347812611241;24;1;4;4;24;1;6;19;1;25;14;0;0;5;6;6;12;12;5;1;3;5;17;0;3;23;-9.099136340750054;1;20;2.36595327603213;18
TRACK:332;227;165;2;1;6;5;4;3;5;5;2;5;18;3;11;1;3;0;1;2;2;6;0;12;12;0;5;20;0.42125736013253134;6;11;0;3;3;21;1.2084744279369959;2;2;12;15;2;17;19;1;6;6;2;13;10;4;6;3;17;2;5;4;6;1;9;7;-5.693034747792679;4;0;2;5;16;3;16;1;3;16;1;24;12;6;6;19;2;5;1;4;6;6;6;3;6;24;0;5;0;6;2;0;17;16;1;10;22;-5.943610106785022;5;4;2;17;20;-1.2386225812921923;3;10;5;19
TRACK:333;227;165;2;1;6;5;4;3;5;5;12;1;3;0;1;2;2;6;0;12;12;0;5;20;0.7593257814431953;6;11;0;3;3;21;1.2527055927055477;2;2;12;15;2;17;19;1;6;6;2;13;10;4;6;3;17;2;5;4;1;1;8;8;2;24;7;-1.0054351925916758;4;0;2;5;16;3;16;1;3;16;1;24;12;6;1;1;0;12;13;4;18;5;0;6;5;0;14;22;1.8703369863874622;4;4;5;18;2;5;1;4;6;6;6;3;6;24;0;5;0;6;2;0;17;16;1;10;22;-5.916702970824087;5;4;2;17;20;-1.3415239176486506;3;10;6;2;2;6;5;3;5;2;14;17;2;5;4;0;2;18;19;3;13;2;4;2;1;10;15;5;19;4;5;3;19;1;3;0;6;4;1;7;-2.2046963925081613;24;1;4;4;24;1;6;19;1;25;14;0;0;5;6;3;19;12;5;1;3;5;17;0;3;23;-9.05242940020407;1;20;2.3402035963811776;18
TRACK:334;142;227;2;1;6;5;4;3;5;5;2;5;18;3;11;1;3;0;1;2;2;6;0;12;12;0;5;20;0.5837888110530021;6;11;0;3;3;21;1.1489257475462529;2;2;12;15;2;17;19;1;6;6;2;13;10;4;6;3;17;2;5;4;1;1;8;8;2;24;7;-1.1758708093530656;4;0;2;5;16;3;16;1;3;16;1;24;12;6;1;5;6;5;5;6;9;5;0;6;5;0;14;22;1.8131451774428522;4;4;5;18;2;5;1;4;6;6;6;3;6;24;0;5;0;6;2;0;17;16;1;10;22;-5.86496444237058;5;4;2;17;20;-1.2973803069100383;3;10;6;2;2;6;5;3;5;2;14;17;2;5;4;0;2;18;19;3;13;2;4;2;1;10;15;5;19;4;5;17;1;3;0;6;4;1;7;-1.992035392923271;24;1;4;4;24;1;6;19;1;25;14;0;0;5;6;6;12;12;5;1;3;5;17;0;3;23;-8.853986182922384;1;20;2.631078458120949;18
TRACK:335;142;227;2;1;6;5;4;3;5;5;2;5;18;3;11;1;3;0;1;2;2;6;0;12;12;0;5;20;0.42125736013253134;6;11;0;3;3;21;1.2084744279369959;2;2;12;15;2;17;19;1;6;6;2;13;10;4;6;3;17;2;5;4;6;1;9;7;-5.693034747792679;4;0;2;5;16;3;16;1;3;16;1;24;12;6;6;19;2;5;1;4;6;6;6;3;6;24;0;5;0;6;2;0;17;16;1;10;12;5;4;2;17;20;-1.2386225812921923;3;10;6;2;2;6;5;3;5;2;14;17;2;5;4;0;2;18;19;3;13;2;4;2;1;10;15;5;19;4;5;3;19;1;3;0;6;4;1;7;-2.069179665469343;24;1;4;4;24;1;6;19;1;25;14;0;0;5;6;6;12;12;5;2;7;-8.249239607394243;22;-8.880419036751917
TRACK:336;204;228;2;1;6;5;4;3;5;5;2;5;18;3;11;1;3;0;1;2;2;6;0;12;12;0;5;20;0.5704880464198734;6;11;0;3;3;21;1.153740455385797;2;2;12;15;2;17;19;1;6;6;2;13;10;4;6;3;17;2;5;4;6;1;9;7;-5.658505043079138;4;0;2;5;16;3;16;1;3;16;1;24;12;6;6;19;2;5;1;4;6;6;6;3;6;24;0;5;0;6;2;0;17;16;1;10;22;-5.989617042523396;5;4;2;17;20;-1.2712303473950028;3;10;6;2;2;6;5;3;5;2;14;17;2;5;4;0;2;18;19;3;13;2;4;2;5;17;5;19;4;5;3;19;1;3;0;6;4;1;7;-2.04281582110235;24;1;4;4;24;1;6;19;1;25;14;0;0;5;6;6;12;12;5;1;3;5;17;0;3;23;-8.923832559909949;1;20;2.5942863448588867;18
TRACK:337;204;228;2;1;6;5;4;3;5;5;2;5;18;3;11;1;3;0;1;2;2;6;0;19;12;0;5;20;0.5278202255848197;6;11;0;3;3;21;1.0410312431108082;2;2;12;15;2;17;19;1;6;6;2;13;10;4;6;3;17;2;5;4;1;1;8;8;2;24;7;-1.109206667916034;4;0;2;5;16;3;16;1;3;16;1;24;12;6;1;5;6;5;5;6;9;5;0;6;5;0;14;22;1.6032061440933456;4;4;5;18;2;5;2;14;17;6;2;2;6;5;3;5;2;14;17;2;5;4;0;2;18;19;3;13;2;4;2;1;10;15;5;19;4;5;3;19;1;3;0;6;4;1;7;-2.187160698526047;24;1;4;4;24;1;6;19;1;25;14;0;0;5;6;6;12;12;5;1;3;5;17;0;3;23;-8.760253626433316;1;20;2.796564411452288;18
TRACK:338;142;247;2;1;6;5;4;3;5;5;2;5;18;3;11;1;3;0;1;2;2;6;0;12;12;0;5;20;0.5837888110530021;6;11;0;3;3;21;1.1489257475462529;2;2;12;15;2;17;19;1;6;6;2;13;10;4;6;15;2;5;4;1;1;8;8;2;24;7;-1.1758708093530656;4;0;2;5;16;3;16;1;3;16;1;24;12;6;1;5;6;5;5;6;9;5;0;6;5;0;14;22;1.8131451774428522;4;4;5;18;2;5;1;4;6;6;6;3;6;24;0;5;0;6;2;0;17;16;1;10;22;-5.86496444237058;5;4;2;17;20;-1.2973803069100383;3;10;6;2;2;6;5;3;5;2;14;17;2;5;4;0;2;18;19;3;13;2;4;2;1;10;15;5;19;4;5;3;19;1;3;0;6;4;1;7;-1.992035392923271;24;1;4;4;24;1;6;19;1;25;14;0;0;5;6;6;12;12;5;1;3;5;17;0;3;23;-8.853986182922384;1;20;2.631078458120949;18
TRACK:339;142;247;2;1;6;5;4;3;5;5;12;1;3;0;1;2;2;6;0;12;12;0;5;20;0.8787590774802473;6;11;0;3;3;21;1.2409495001373476;2;2;12;15;2;17;19;1;6;6;2;13;10;4;6;3;17;2;5;4;1;1;8;8;2;24;7;-1.0598405952764829;4;0;2;5;16;3;16;1;3;16;1;24;12;3;6;0;1;1;2;4;22;-2.7393343517920528;5;22;-4.634153086091198;2;22;-5.86496444237058;4;15;1;0;5;15;5;18;0;6;13;3;21;6.380427264823737;1;4;2;0;11;15;2;25;16;1;2;4;9;6;10;3;5;18;2;5;1;4;6;6;6;3;6;24;0;5;0;6;2;0;17;16;1;10;22;-5.813761573645723;5;4;2;17;20;-1.3007319316227781;3;10;6;2;2;6;5;3;5;2;14;17;2;5;4;0;2;18;19;3;13;2;4;2;1;10;15;5;19;4;5;3;19;1;3;0;6;4;1;7;-2.111347812611241;24;1;4;4;24;1;6;19;1;25;14;0;0;5;6;6;12;12;5;1;3;5;17;0;3;23;-9.099136340750054;1;20;2.36595327603213;18
TRACK:340;330;-1;2;1;6;5;4;3;5;5;2;5;18;3;11;1;3;0;1;2;2;6;0;19;12;0;5;20;0.7076141495158903;6;11;0;3;3;21;1.0847459145323823;2;2;12;15;2;17;19;1;6;6;2;13;17;4;6;3;17;2;5;4;1;11;2;24;7;-1.1616614757278771;4;0;2;5;16;3;16;1;3;16;1;24;12;6;1;5;6;5;5;6;9;5;0;6;5;0;14;22;1.601666789648599;4;4;5;18;2;5;1;4;6;6;6;3;6;24;0;5;0;6;2;0;17;16;1;10;22;-5.7283709647485805;5;4;2;17;20;-1.2958587203177896;3;10;6;2;2;6;5;3;5;2;14;17;2;5;4;0;2;18;19;3;13;2;4;2;1;10;15;5;19;4;5;3;19;1;3;0;6;4;1;7;-2.293575199366444;24;1;4;4;24;1;6;19;1;25;14;0;0;5;6;6;12;12;5;1;3;5;17;0;3;23;-8.584587503810143;1;20;2.7480015780710003;18
TRACK:341;227;-1;2;1;6;5;4;3;5;5;2;5;18;3;11;1;3;0;4;2;6;19;3;8;2;5;4;6;1;9;7;-5.637270535092422;4;0;2;5;16;3;16;1;3;16;1;24;12;6;6;19;2;5;1;4;6;6;6;3;6;24;0;5;0;6;2;0;17;16;1;10;22;-5.920439316567585;5;4;2;17;20;-1.4024049276289308;3;10;6;2;2;6;5;3;5;2;14;17;2;5;4;0;2;18;19;3;13;2;4;2;1;10;15;5;19;4;5;3;19;1;3;0;6;4;1;7;-1.9294257020335883;24;1;4;4;24;1;6;19;1;25;14;0;0;5;6;6;12;12;5;2;7;-8.276475000354809;22;-8.848288328197803
TRACK:342;334;-1;2;1;6;5;4;3;5;5;2;5;18;3;11;1;3;0;1;2;2;6;0;12;12;0;5;20;0.34741983176087865;6;11;0;3;3;21;1.288696318041103;2;2;12;15;2;17;19;1;6;6;2;13;10;4;6;3;17;2;5;4;1;1;8;8;2;24;7;-1.148705076371088;4;0;2;5;16;3;16;1;3;16;1;24;12;6;1;5;6;5;5;6;9;5;0;6;5;0;14;22;1.787465310056105;4;4;5;18;2;5;1;4;6;6;6;3;6;24;0;5;0;6;2;0;17;16;1;10;22;-5.925248501979979;5;4;2;17;20;-1.3187901165500076;3;10;6;2;2;6;5;3;5;2;14;17;2;5;4;0;2;18;19;2;25;14;2;4;2;1;10;15;5;19;4;5;17;1;3;0;6;4;1;7;-1.9655805907768338;24;1;4;4;24;1;6;19;1;25;14;0;0;5;6;6;12;12;5;1;3;5;17;0;3;23;-8.813273566123259;1;20;2.7099781406684316;18
TRACK:343;336;-1;2;1;6;5;4;3;5;5;2;5;18;3;11;1;3;0;1;2;2;6;0;12;12;0;5;20;0.5182644976320829;6;11;0;3;3;21;1.1879247011957466;2;2;12;15;2;17;19;1;6;6;2;13;10;4;6;3;17;2;5;4;6;1;9;7;-5.860324688226039;4;0;2;5;16;3;16;1;3;16;1;24;12;6;6;19;2;5;1;4;5;3;2;20;2.307366836930104;7;9.091783302721296;0;5;0;6;2;0;17;16;1;10;22;-5.884989321803203;5;4;2;17;20;-1.2515874379112484;3;10;6;2;2;6;5;3;5;2;14;17;2;5;4;0;2;18;19;3;13;2;4;2;5;17;5;19;4;5;3;19;1;3;0;6;4;1;7;-2.0987938651548443;24;1;4;4;24;1;6;19;1;25;14;0;0;5;6;6;12;12;5;1;3;5;17;0;3;23;-9.094319244477724;1;20;2.516794157084041;18
TRACK:344;338;-1;2;1;6;5;4;3;5;5;2;5;18;3;11;1;3;0;1;2;2;6;0;12;12;0;5;20;0.565344819451772;6;11;0;3;3;21;1.0645049432692888;2;2;12;15;2;17;19;1;6;6;2;13;10;4;6;15;2;5;4;1;1;8;8;2;24;7;-1.1804758013979493;4;0;2;5;16;3;16;1;3;16;1;24;12;6;1;5;6;5;5;6;9;5;0;6;5;0;14;22;1.8027555938578157;4;4;5;18;2;5;1;4;6;6;6;3;6;24;0;5;0;6;2;0;17;16;1;10;22;-6.117938223141654;5;4;2;17;20;-1.3049651957753587;3;10;6;2;2;6;5;3;5;2;14;17;2;5;4;0;2;18;19;3;13;2;4;2;1;10;25;5;19;4;5;3;19;1;3;0;6;4;1;7;-2.036874262600273;24;1;4;4;24;1;6;19;1;25;14;0;0;5;6;6;12;12;5;1;3;5;17;0;3;23;-8.863246939138039;1;20;2.64027245071642;18
TRACK:345;331;-1;2;1;6;5;4;3;5;5;12;1;3;0;1;2;2;6;0;12;12;0;5;20;0.8728967697760583;6;11;0;3;3;21;1.1801917446846446;2;2;12;15;2;17;19;1;6;6;2;13;10;4;6;3;17;2;5;4;1;1;8;8;2;24;7;-1.031309307177982;4;0;2;5;16;3;16;1;3;16;1;24;12;6;1;2;6;5;2;4;21;0.43243982978266615;2;14;17;5;0;5;6;16;0;6;11;2;14;13;5;4;6;3;5;16;2;5;1;4;6;6;6;3;0;19;12;0;5;0;6;2;0;17;16;1;10;22;-5.769005401158019;5;4;2;17;20;-1.3627143256826102;3;10;6;2;2;6;5;3;5;2;14;17;2;5;4;0;2;18;19;3;13;2;4;2;1;10;15;5;19;4;5;3;19;1;3;0;6;4;1;7;-2.09376429990254;24;1;4;4;24;1;6;19;1;25;14;0;0;5;6;6;12;12;5;1;3;5;17;0;3;23;-8.958391357621093;1;20;2.377143131373413;18
TRACK:346;165;-1;2;1;6;5;4;3;5;5;12;1;3;0;1;2;2;6;0;12;12;0;5;20;0.7530732744665535;6;11;0;3;3;21;1.188796328739816;2;2;12;15;2;17;19;1;6;6;2;13;10;4;6;3;17;2;5;4;1;1;8;8;2;24;16;4;0;2;5;16;3;16;1;3;16;1;24;12;6;1;1;0;12;13;4;18;5;0;6;5;0;14;22;1.8624539451023372;4;4;5;18;2;5;1;4;6;6;6;3;6;24;0;5;0;6;2;0;17;16;1;10;22;-5.964074770868409;5;4;2;17;20;-1.4140806928128713;3;10;6;2;2;6;5;3;5;2;14;17;2;5;4;0;2;18;19;3;13;2;4;2;1;10;15;5;19;4;5;3;19;1;3;0;6;4;1;7;-2.1968207203767434;24;1;4;4;24;1;6;19;1;25;14;0;0;5;6;6;12;12;5;1;3;5;17;0;3;23;-9.086738217563278;1;20;2.3301878797375597;18
TRACK:347;335;-1;2;1;6;5;4;3;5;5;2;5;18;3;11;1;3;0;1;2;2;3;7;8.762273610129807;0;5;20;0.4302267017097302;6;11;0;3;3;21;1.095064918621174;2;2;12;15;2;17;19;1;6;6;2;13;10;4;6;3;17;2;5;4;6;1;9;7;-5.6289344853544065;4;0;2;5;16;3;16;1;3;16;1;24;12;6;6;19;2;5;1;4;6;6;6;3;6;24;0;5;0;6;2;0;17;16;1;10;12;5;4;2;17;20;-1.272612828382508;3;10;6;2;2;6;5;3;5;2;14;17;2;5;4;0;2;18;19;3;13;2;4;2;1;10;15;5;19;4;5;3;19;1;3;0;6;4;1;7;-2.101532133456583;24;1;4;4;24;1;6;19;1;25;14;0;0;5;6;6;12;12;5;2;7;-8.207887463590154;22;-9.014912386627477
TRACK:348;337;-1;2;1;6;5;4;3;5;5;2;5;18;3;11;1;3;0;1;2;2;6;0;19;12;0;5;20;0.5066213439425675;6;11;0;3;3;21;1.1172725632939826;2;2;12;15;2;17;19;1;6;6;2;13;10;4;6;3;17;2;5;4;1;1;8;8;2;24;7;-1.1969860719054124;4;0;2;5;16;3;16;1;3;16;1;24;12;6;1;5;6;5;5;6;9;5;0;6;5;0;14;22;1.6826709173958692;4;4;5;18;2;5;2;14;17;6;2;0;4;6;5;2;10;12;2;4;1;0;13;7;-2.6945648259049015;0;7;-0.6944666661792205;20;5.543344827053428;4;6;1;10;12;1;3;0;6;4;1;7;-2.1643566861245693;24;1;4;4;24;1;6;19;1;25;14;0;0;5;6;6;12;12;5;1;3;5;17;0;3;23;-8.722698480260318;1;20;2.7887870596526385;18
TRACK:349;339;-1;2;1;6;5;4;3;5;5;12;1;3;0;1;2;2;6;0;12;12;0;5;20;0.9047617805782063;6;11;0;3;3;21;1.2794580114984087;2;2;12;15;2;17;19;1;6;6;2;13;10;4;6;3;17;2;5;4;1;1;8;8;2;24;7;-0.9116654040781547;4;0;2;5;16;3;16;1;3;16;1;24;12;3;6;0;1;1;2;4;22;-2.7096507683402624;5;22;-4.70626949406018;2;22;-5.840018562181886;4;15;1;0;5;15;5;18;0;6;13;3;21;6.389217749855147;1;4;2;0;11;15;2;25;16;1;2;4;9;6;10;3;5;18;2;5;1;4;6;6;6;3;6;24;0;5;0;6;2;0;17;16;1;10;22;-5.706806785043522;5;5;5;25;3;10;6;2;2;6;5;3;5;2;14;17;2;5;4;0;2;18;19;3;13;2;4;2;1;10;15;5;19;4;5;3;19;1;3;0;6;4;1;7;-2.149254296790493;24;1;4;4;24;1;6;19;1;25;14;0;0;5;6;6;12;12;5;1;3;5;17;0;3;23;-8.944248593711658;1;20;2.339707610804522;18
EVAL_INSTANCE:17:0:340
EVAL_INSTANCE:17:1:341
EVAL_INSTANCE:17:2:342
EVAL_INSTANCE:17:3:343
EVAL_INSTANCE:17:4:344
EVAL_INSTANCE:17:5:345
EVAL_INSTANCE:17:6:346
EVAL_INSTANCE:17:7:347
EVAL_INSTANCE:17:8:348
EVAL_INSTANCE:17:9:349
RUN_RESULT:17:0:0:91:URRRUUDDRUUDDD
RUN_RESULT:17:1:0:91:URRRUUDDRUUDDD
RUN_RESULT:17:2:0:2000:----
RUN_RESULT:17:3:0:256:URRRUUDDRUUDDD
RUN_RESULT:17:4:0:100:URRRUUDDRUURDDDDUL
RUN_RESULT:17:5:0:2000:----
RUN_RESULT:17:6:0:91:URRRUUDDRUUDDD
RUN_RESULT:17:7:0:2000:----
RUN_RESULT:17:8:0:2000:----
RUN_RESULT:17:9:0:188:URRRUDRUURDDLLUURRDDDDUL
    18 |      180 | -3.909000E+03 | -3.909000E+03
TRACK:350;247;228;2;1;6;5;4;3;5;5;12;1;3;0;1;2;2;6;0;12;12;0;5;20;0.8787590774802473;6;11;0;3;3;21;1.2409495001373476;2;2;12;15;2;17;19;1;6;6;2;13;10;4;6;3;17;2;5;4;1;1;8;8;2;24;7;-1.0598405952764829;4;0;2;5;16;3;16;1;3;16;1;24;12;3;6;0;1;1;2;4;22;-2.7393343517920528;5;22;-4.634153086091198;2;5;20;7.648119299053885;4;15;1;0;5;15;5;18;0;6;13;3;21;6.380427264823737;1;4;2;0;11;15;2;25;16;1;2;4;9;6;10;3;5;18;2;5;1;4;6;8;0;5;0;6;2;0;17;16;1;10;22;-5.813761573645723;5;4;2;17;20;-1.3007319316227781;3;10;6;2;2;6;5;3;5;2;14;17;2;5;4;0;2;18;19;3;13;2;4;2;1;10;15;5;19;4;5;3;19;1;3;0;6;4;1;7;-2.111347812611241;24;1;4;4;24;1;6;19;1;25;14;0;0;5;6;6;12;12;5;1;3;5;17;0;3;23;-9.099136340750054;1;20;2.36595327603213;18
TRACK:351;247;228;2;1;6;5;4;3;5;5;2;5;18;3;11;1;3;0;1;2;2;6;0;19;12;0;5;20;0.5278202255848197;6;11;0;3;6;10;2;2;12;15;2;17;19;1;6;6;2;13;10;4;6;3;17;2;5;4;1;1;8;8;2;24;7;-1.109206667916034;4;0;2;5;16;3;16;1;3;16;1;24;12;6;1;5;6;5;5;6;9;5;0;6;5;0;14;22;1.6032061440933456;4;4;5;18;2;5;1;4;6;6;6;3;6;24;0;5;0;6;2;0;17;16;1;10;22;-5.740002034495487;5;4;2;17;20;-1.2367349199744826;3;10;6;2;2;6;5;3;5;2;14;17;2;5;4;0;2;18;19;3;13;2;4;2;1;10;15;5;19;4;5;3;19;1;3;0;6;4;1;7;-2.187160698526047;24;1;4;4;24;1;6;19;1;25;14;0;0;5;6;6;12;12;5;1;3;5;17;0;3;23;-8.760253626433316;1;20;2.796564411452288;18
TRACK:352;142;227;2;1;6;5;4;3;5;5;2;5;18;3;11;1;3;0;1;2;2;6;0;12;12;0;5;20;0.5837888110530021;6;11;0;3;3;21;1.1489257475462529;2;2;12;15;2;17;19;1;6;6;2;13;10;4;6;3;17;2;5;4;1;1;8;8;2;24;7;-1.1758708093530656;4;0;2;5;16;3;16;1;3;16;1;24;12;6;1;5;6;5;5;6;9;5;0;6;5;0;14;22;1.8131451774428522;4;4;5;18;2;5;1;4;6;6;6;3;6;24;0;5;0;6;2;0;17;16;1;10;22;-5.86496444237058;5;4;2;17;20;-1.2973803069100383;3;10;6;2;2;6;5;3;5;2;14;17;2;5;4;0;2;18;19;3;13;2;4;2;1;10;15;5;19;4;5;3;19;1;3;0;6;4;1;7;-1.992035392923271;13;1;4;4;24;1;6;19;1;25;14;0;0;5;6;6;12;12;5;1;3;5;17;0;3;23;-8.853986182922384;1;20;2.631078458120949;18
TRACK:353;142;227;2;1;6;5;4;3;5;5;2;5;18;3;11;1;3;0;1;2;2;6;0;12;12;0;5;20;0.42125736013253134;6;11;0;3;3;21;1.2084744279369959;2;2;12;15;2;17;19;1;6;6;2;13;10;4;6;3;17;2;5;4;6;1;9;7;-5.693034747792679;4;0;2;5;16;3;16;1;3;16;1;24;12;6;6;19;2;5;1;4;6;6;6;3;6;24;0;5;0;6;2;0;17;16;1;10;22;-5.943610106785022;5;4;2;17;20;-1.2386225812921923;3;10;6;2;2;6;5;3;5;2;14;17;2;5;4;0;2;18;19;3;13;2;4;2;1;10;15;5;19;4;5;3;19;1;3;0;6;4;1;7;-2.069179665469343;24;1;4;4;24;1;6;19;1;25;11;0;0;5;6;6;12;12;5;2;7;-8.249239607394243;22;-8.880419036751917
TRACK:354;204;224;2;1;6;5;4;3;5;5;2;5;18;3;11;1;3;0;1;2;2;6;0;12;12;0;5;20;0.5704880464198734;6;11;0;3;3;21;1.153740455385797;2;2;12;15;2;17;19;1;6;6;2;13;10;4;6;3;17;2;5;4;6;1;9;7;-5.658505043079138;4;0;2;5;16;3;16;1;3;16;1;24;12;18;2;5;1;4;6;6;6;3;6;24;0;5;0;6;2;0;17;16;1;10;22;-5.989617042523396;5;4;2;17;20;-1.2712303473950028;3;10;6;2;2;6;5;3;5;2;14;17;2;5;4;0;2;18;19;3;13;2;4;2;1;10;15;5;19;4;5;3;19;1;3;0;6;4;1;7;-2.04281582110235;24;1;4;4;24;1;6;19;1;25;14;0;0;5;6;6;12;12;5;1;3;5;17;0;3;23;-8.923832559909949;1;20;2.5942863448588867;18
TRACK:355;204;224;2;1;6;5;4;3;5;5;12;1;3;0;1;2;2;6;0;12;12;0;5;20;0.6120802126925458;6;11;0;3;3;21;1.213759841867892;2;2;12;15;2;17;19;1;6;6;2;13;10;4;6;3;17;2;5;4;1;1;13;8;2;24;7;-1.0256024390344474;4;0;2;5;16;3;16;1;3;16;1;24;12;6;1;1;0;12;13;4;6;6;18;5;0;6;5;0;14;22;1.8672665496163923;4;4;5;18;2;5;1;4;6;6;6;3;6;24;0;5;0;6;2;0;17;16;1;10;22;-6.018109748541476;5;4;2;17;20;-1.4370940579014604;3;10;6;2;2;6;5;3;5;2;14;17;2;5;4;0;2;18;19;3;13;2;4;2;1;10;15;5;19;4;5;3;19;1;3;0;6;4;1;7;-2.2036255268602876;24;1;4;4;24;1;6;15;1;25;14;0;0;5;6;6;12;12;5;1;3;5;17;0;3;23;-9.169211720242362;1;20;2.3705449076218565;18
TRACK:356;228;204;2;1;6;5;4;3;5;5;2;5;18;3;11;1;3;0;1;2;2;6;0;19;12;0;5;20;0.5278202255848197;6;11;0;3;3;21;1.0410312431108082;2;2;18;15;2;17;19;1;6;6;2;13;10;4;6;3;17;2;5;4;1;1;8;8;2;24;7;-1.109206667916034;4;0;2;5;16;3;16;1;3;16;1;24;12;6;1;5;6;5;5;6;9;5;0;6;5;0;14;22;1.6032061440933456;4;4;5;18;2;5;1;4;6;6;6;3;6;24;0;5;0;6;2;0;17;16;1;10;22;-5.740002034495487;5;4;2;17;20;-1.2367349199744826;3;10;6;2;2;6;5;3;5;2;14;17;2;5;4;0;2;18;19;3;13;2;4;2;1;10;15;5;19;4;5;3;19;1;3;0;6;4;1;7;-2.187160698526047;24;1;4;4;24;1;6;19;1;25;14;0;0;5;6;6;12;12;5;1;3;5;17;0;3;23;-8.760253626433316;1;20;2.796564411452288;18
TRACK:357;228;204;2;1;6;5;4;3;5;5;2;5;18;3;11;1;3;0;1;2;2;6;0;12;12;0;5;20;0.5704880464198734;6;11;0;3;3;21;1.153740455385797;2;2;12;15;2;17;19;1;6;6;2;13;10;4;6;3;17;2;5;4;6;1;9;7;-5.658505043079138;4;0;2;5;16;3;16;1;3;16;1;24;12;6;6;5;0;14;22;1.6032061440933456;2;5;1;4;6;6;6;3;6;24;0;5;0;6;2;0;17;16;1;10;22;-5.989617042523396;5;4;2;17;20;-1.2712303473950028;3;10;6;2;2;6;5;3;5;2;14;17;2;5;4;0;2;18;19;3;13;2;4;2;1;10;15;5;19;4;5;3;19;1;3;0;6;4;1;7;-2.04281582110235;24;1;4;4;24;1;6;19;1;25;14;0;0;5;6;6;12;12;5;1;3;5;17;0;3;23;-8.923832559909949;1;20;2.5942863448588867;18
TRACK:358;247;165;2;1;6;5;4;3;5;5;12;1;3;0;1;2;2;6;0;12;12;0;5;20;0.8787590774802473;6;11;0;3;3;21;1.2409495001373476;2;2;12;15;2;17;19;1;6;6;2;13;10;10;2;5;4;1;1;8;8;2;24;7;-1.0598405952764829;4;0;2;5;16;3;16;1;3;16;1;24;12;3;6;0;1;1;2;4;22;-2.7393343517920528;5;22;-4.634153086091198;2;5;20;7.648119299053885;4;15;1;0;5;15;5;18;0;6;13;3;21;6.380427264823737;1;4;2;0;11;15;2;25;16;1;2;4;9;6;10;3;5;18;2;5;1;4;6;6;6;3;6;24;0;5;0;6;2;0;17;16;1;10;22;-5.813761573645723;5;4;2;17;20;-1.3007319316227781;3;10;6;2;2;6;5;3;5;2;14;17;2;5;4;0;2;18;19;3;13;2;4;2;1;10;15;5;19;4;5;3;19;1;3;0;6;4;1;7;-2.111347812611241;24;1;4;4;24;1;6;19;1;25;14;0;0;5;6;6;12;12;5;1;3;5;17;0;3;23;-9.099136340750054;1;20;2.36595327603213;18
TRACK:359;247;165;2;1;6;5;4;3;5;5;12;1;3;0;1;2;2;6;0;12;12;0;5;20;0.7593257814431953;6;11;0;3;3;21;1.2527055927055477;2;2;12;15;2;17;19;1;6;6;2;13;10;4;6;3;17;2;5;4;1;1;8;8;2;24;7;-1.0054351925916758;4;0;2;5;16;3;16;1;3;16;1;24;12;6;1;1;0;12;13;4;18;5;0;6;5;0;14;22;1.8703369863874622;4;4;5;18;2;5;1;4;6;6;6;3;6;24;0;5;0;6;2;0;17;16;1;10;22;-5.916702970824087;5;4;2;17;20;-1.3415239176486506;3;10;6;2;2;6;6;2;13;10;2;5;4;0;2;18;19;3;13;2;4;2;1;10;15;5;19;4;5;3;19;1;3;0;6;4;1;7;-2.2046963925081613;24;1;4;4;24;1;6;19;1;25;14;0;0;5;6;6;12;12;5;1;3;5;17;0;3;23;-9.05242940020407;1;20;2.3402035963811776;18
TRACK:360;350;-1;2;1;6;5;4;3;5;5;12;1;0;2;2;0;3;4;9;4;1;20;-9.535986928900275;11;0;4;6;15;5;0;10;11;1;6;2;6;12;1;10;19;2;6;2;15;7;7.586406578314943;1;1;20;-1.7070022562225056;16;5;14;4;1;2;5;6;8;6;5;17;2;3;0;10;8;1;0;11;16;5;22;-6.334408040601018;3;6;0;1;1;2;4;22;-2.3669811920680313;5;22;-4.709937066466227;2;5;20;7.727080310391641;4;15;1;0;5;15;5;18;0;6;13;3;21;6.438286271093749;1;4;2;0;11;15;2;25;16;1;2;4;9;6;10;3;5;18;2;5;1;4;6;8;0;5;0;6;2;0;17;16;1;10;22;-5.996419550658596;5;4;2;17;20;-1.23626854297307;3;10;6;2;2;6;5;3;5;2;14;17;2;5;4;0;2;18;19;3;13;2;4;2;1;10;15;5;19;4;5;3;19;1;3;0;6;4;1;7;-2.16671098482088;24;1;4;4;24;1;6;19;1;25;14;0;0;5;6;6;12;12;5;1;3;5;17;0;3;23;-9.171428396245505;1;20;2.563812344234823;18
TRACK:361;352;-1;2;1;6;5;4;3;5;5;2;5;18;3;11;1;3;0;1;2;2;6;0;12;12;0;5;20;0.7555700439091512;6;11;0;3;3;21;1.252660767396705;2;2;12;15;2;17;19;1;6;6;2;13;10;4;6;3;17;2;5;4;1;1;8;8;2;24;7;-1.1715801719059802;4;0;2;5;16;3;16;1;3;16;1;24;12;6;1;5;6;5;5;6;9;5;0;6;5;0;14;22;1.9462423481028068;4;4;5;18;2;5;1;4;6;6;6;3;6;24;0;5;0;3;14;5;4;2;17;20;-1.3295263196039027;3;10;6;2;2;6;5;3;5;2;14;17;2;5;4;0;2;18;19;3;13;2;4;2;1;10;15;5;19;4;5;3;19;1;3;0;6;4;1;7;-1.9290107882690664;13;1;4;4;24;1;6;19;1;25;14;0;0;5;6;6;12;12;5;1;3;5;17;0;3;23;-8.862842410702205;1;20;2.6132394263034677;18
TRACK:362;354;-1;2;1;6;5;4;3;5;5;2;5;18;3;11;1;3;0;1;2;2;6;0;12;12;0;5;20;0.5757150744183074;6;11;0;3;3;21;1.2350345939491292;2;2;12;15;2;17;19;1;6;6;2;13;10;4;6;3;17;2;5;4;6;1;9;7;-5.87140405249275;4;0;2;5;16;3;16;1;3;16;1;24;12;18;2;5;1;4;6;6;6;3;6;24;0;5;0;6;2;0;17;16;1;10;22;-6.121363684930044;5;0;4;8;4;23;7.102958354555081;3;10;6;2;2;6;5;3;5;2;14;17;2;5;4;0;2;18;19;3;13;2;4;2;1;10;15;5;19;4;5;3;19;1;3;0;6;4;1;7;-1.9600368523050753;24;1;4;4;24;1;6;19;1;25;14;0;0;5;6;6;12;12;5;1;3;5;17;0;3;23;-8.78492194218482;1;20;2.7341684428938815;18
TRACK:363;356;-1;2;1;6;5;4;3;5;5;2;5;18;3;11;1;3;0;1;2;2;6;0;19;12;0;5;20;0.4666482476286712;6;11;0;3;3;21;1.0875685450912538;2;2;18;15;2;17;19;1;6;6;2;13;10;4;6;3;17;2;5;4;1;1;8;8;2;24;7;-0.975120258664987;4;0;2;5;16;3;16;1;3;16;1;24;12;6;1;5;6;5;5;6;9;5;0;6;5;0;14;22;1.559722218721616;4;4;5;18;2;5;1;4;6;6;6;3;6;24;0;5;0;6;2;0;17;16;1;10;22;-5.857951895137957;5;4;2;17;20;-1.3928196358393365;3;10;6;2;2;6;5;3;5;2;14;17;2;5;4;0;2;18;19;3;13;2;4;2;1;10;15;5;19;4;5;3;19;1;3;0;6;4;1;7;-2.30799181746735;24;1;4;4;24;1;6;19;1;25;14;0;0;5;6;5;10;12;5;1;3;5;17;0;3;23;-8.872024595860216;1;20;2.7279096181647615;18
TRACK:364;358;-1;2;1;6;5;4;3;5;5;12;1;3;0;1;2;2;6;0;12;12;0;5;20;0.8356739344444879;6;11;0;3;3;21;1.4122225836857392;2;2;12;15;2;17;19;1;6;6;2;13;10;10;2;5;4;1;1;8;8;2;24;7;-0.980975097398699;4;0;2;5;16;3;16;1;3;16;5;21;-7.325066744870394;3;6;0;1;1;2;4;22;-2.9732936809317523;5;22;-4.702970885949428;2;5;20;7.640191147699281;4;15;1;0;5;15;5;18;0;6;13;3;21;6.163619475855243;1;4;2;0;11;15;2;25;16;1;2;4;9;6;10;3;5;18;2;5;1;4;6;6;6;3;6;24;0;5;0;6;2;0;17;16;1;10;22;-6.0442172507195675;5;4;2;17;20;-1.3215246595902057;3;10;6;2;2;6;5;3;5;2;14;17;2;5;4;0;2;18;19;3;13;2;4;2;1;10;15;5;19;4;5;3;19;1;3;0;6;4;1;7;-2.0311291484064706;24;1;4;4;24;1;6;19;1;25;14;0;0;5;6;6;12;12;5;1;3;5;17;0;3;23;-9.165569472640824;1;20;2.3778244749753648;18
TRACK:365;351;-1;2;1;6;5;4;3;5;5;2;5;18;3;11;1;5;4;22;1.9248791409181578;6;1;5;6;5;5;6;9;5;0;6;5;0;14;22;1.769025215279635;4;4;5;18;2;5;1;4;6;6;6;3;6;24;0;5;0;6;2;0;17;16;1;10;22;-5.688174260335085;5;4;2;17;20;-1.043347773064038;3;10;6;2;2;6;5;3;5;2;14;17;2;5;4;0;2;18;19;3;13;2;4;2;1;10;15;5;19;4;5;3;19;1;3;0;6;4;1;7;-2.0810871698897335;24;1;4;4;24;1;6;19;1;25;14;0;0;5;6;6;12;12;5;1;3;5;17;0;3;23;-8.826973485652053;1;20;2.8261279383340954;18
TRACK:366;353;-1;2;1;6;5;4;3;5;5;2;5;18;3;11;1;3;0;1;2;2;6;0;12;12;0;5;20;0.36189947911988946;6;11;0;3;3;21;1.1327004648154242;2;2;12;15;2;17;19;1;6;6;2;13;10;4;6;3;17;2;5;4;6;1;9;7;-5.7078168521466655;4;0;2;5;16;3;16;1;3;16;1;24;12;6;6;19;2;5;1;4;6;6;6;3;6;24;0;5;0;6;2;0;17;16;1;10;22;-6.081586604001543;5;4;2;17;20;-1.3923617959403678;3;10;6;2;2;6;5;3;5;2;14;17;2;5;4;0;2;18;19;3;13;2;4;2;1;10;15;5;19;4;5;3;19;1;3;0;6;4;1;7;-2.073143369852371;24;1;4;4;24;1;6;19;1;25;11;0;0;5;6;6;12;12;5;2;6;24;22;-8.904989851870852
TRACK:367;355;-1;2;1;6;5;4;3;5;0;5;20;8.856126610769461;6;13;1;3;0;1;2;2;6;0;12;12;0;5;20;0.7265356603552702;6;11;0;3;3;21;1.1753556263473817;2;2;12;15;2;17;19;1;6;6;2;13;10;4;6;3;17;2;5;4;1;1;13;8;2;24;7;-1.0745741436390486;4;0;2;5;16;3;16;1;3;16;1;24;12;6;1;1;0;12;13;4;6;6;18;5;0;6;5;0;14;22;1.8808932331731345;4;4;5;18;2;5;1;4;6;6;6;3;6;24;0;5;0;6;2;0;17;16;1;10;22;-6.061146579533659;5;4;2;17;20;-1.4528634839281958;3;10;6;2;2;6;5;3;5;2;14;17;2;5;4;0;2;18;19;3;13;2;4;2;1;10;15;5;19;4;5;3;19;1;3;0;6;4;1;7;-2.181385620072805;24;1;4;4;24;1;6;15;1;25;14;0;0;5;6;6;12;12;5;1;3;5;17;0;3;23;-9.258417219251282;1;20;2.4521874108719666;18
TRACK:368;357;-1;2;1;6;5;4;3;5;5;2;5;18;3;11;1;3;0;1;2;2;6;0;12;12;0;5;20;0.45304141805086334;6;11;0;3;3;21;1.0580724618770176;2;2;12;15;2;17;19;1;6;6;2;13;10;4;6;3;17;2;5;4;6;1;9;7;-5.503631382425064;4;0;2;5;16;3;16;1;2;10;18;1;24;12;6;6;5;0;14;22;1.5377444187817104;2;5;1;4;6;6;6;3;6;24;0;5;0;6;2;0;17;16;1;10;22;-6.073058158337504;5;4;2;17;20;-1.207391461552739;3;10;6;2;2;6;5;3;5;2;14;17;2;5;4;0;2;18;19;3;13;2;4;2;1;10;15;5;19;4;5;3;19;1;3;0;6;4;1;7;-2.1463540256670055;24;1;4;4;24;1;6;19;1;25;14;0;0;5;6;6;12;12;5;1;3;5;17;0;3;23;-8.758392510599075;1;20;2.476163284264494;18
TRACK:369;359;-1;2;1;6;5;4;3;5;5;12;1;3;0;1;2;2;6;0;12;12;0;5;20;0.7400785736950434;6;11;0;3;3;21;1.3484164573035597;2;2;12;15;2;17;19;1;6;6;2;13;10;4;6;3;17;2;5;4;1;1;8;8;2;24;7;-0.9764317758548061;4;0;2;5;16;3;16;1;3;16;1;24;12;6;1;1;0;12;13;4;18;5;0;6;5;0;14;22;1.8326073876209859;4;4;5;18;2;5;1;4;6;6;6;3;6;24;0;5;0;6;2;0;17;16;1;10;22;-5.970810296135787;5;4;2;25;16;3;10;6;2;2;6;6;2;13;10;2;5;4;0;2;18;19;3;13;2;4;2;1;10;15;5;19;4;5;3;19;1;3;0;6;4;1;7;-2.150006372421366;24;1;4;4;24;1;6;19;1;25;14;0;0;5;6;6;12;12;5;1;3;5;17;0;3;23;-9.12184255894361;1;20;2.3904306400132938;18
EVAL_INSTANCE:18:0:360
EVAL_INSTANCE:18:1:361
EVAL_INSTANCE:18:2:362
EVAL_INSTANCE:18:3:363
EVAL_INSTANCE:18:4:364
EVAL_INSTANCE:18:5:365
EVAL_INSTANCE:18:6:366
EVAL_INSTANCE:18:7:367
EVAL_INSTANCE:18:8:368
EVAL_INSTANCE:18:9:369
RUN_RESULT:18:0:0:2000:----
RUN_RESULT:18:1:0:98:URRRUUDDRUUDDD
RUN_RESULT:18:2:0:91:URRRUUDDRUUDDD
RUN_RESULT:18:3:0:91:URRRUUDDRUUDDD
RUN_RESULT:18:4:0:91:URRRUUDDRUUDDD
RUN_RESULT:18:5:0:91:URRRUUDDRUUDDD
RUN_RESULT:18:6:0:91:URRRUUDDRUUDDD
RUN_RESULT:18:7:0:91:URRRUUDDRUUDDD
RUN_RESULT:18:8:0:91:URRRUUDDRUUDDD
RUN_RESULT:18:9:0:2000:----
    19 |      190 | -3.909000E+03 | -3.909000E+03
TRACK:370;249;180;2;1;6;5;4;3;5;5;2;5;18;3;11;1;3;0;1;2;2;6;0;12;12;0;0;10;25;6;11;0;3;3;21;1.1820357036462217;2;2;12;15;2;19;19;1;6;6;2;13;10;4;6;3;17;2;5;4;6;1;9;7;-5.619217721292667;4;0;2;5;16;3;16;1;3;16;1;24;24;6;6;19;2;5;1;4;6;6;6;3;6;24;0;5;0;6;2;0;17;16;1;10;22;-5.810782732667772;5;4;2;17;20;-1.244664327279902;3;10;6;2;2;6;5;3;5;2;14;17;2;5;4;0;2;18;19;3;13;2;4;2;1;10;15;5;19;4;5;3;19;1;3;0;6;4;1;7;-2.035487647366115;24;1;4;4;24;1;6;19;1;25;14;0;0;5;6;6;12;12;5;2;7;-8.19398906348271;22;-9.150303057069053
TRACK:371;249;180;2;1;6;5;4;3;5;5;2;5;18;3;11;1;1;2;2;6;0;12;12;0;5;20;0.4788805621383228;6;11;0;3;3;21;1.1466177362483598;2;2;12;15;2;17;19;1;6;6;2;13;10;4;6;6;6;2;13;21;-7.719919251540448;6;1;5;6;5;5;6;9;5;0;6;5;0;14;22;1.8844241544977587;4;4;5;18;2;5;1;4;6;6;6;3;6;24;0;5;0;6;2;0;17;16;1;10;22;-5.866404861991421;5;4;2;17;20;-1.416132748456956;3;10;6;2;2;6;5;3;5;2;14;17;2;5;4;0;2;18;19;3;13;2;4;2;1;10;15;5;19;4;5;3;19;1;3;0;6;4;1;7;-1.9586816079771845;24;1;10;1;6;19;1;25;14;0;0;5;6;6;12;12;5;1;3;5;17;0;3;23;-8.751385633116596;1;20;2.7018936977195085;18
TRACK:372;165;204;2;1;6;5;4;3;5;5;12;1;3;0;1;2;2;6;0;12;12;0;5;20;0.7593257814431953;6;11;0;3;3;21;1.2527055927055477;2;2;12;15;2;17;19;1;6;6;2;13;10;4;6;3;17;2;5;4;1;1;8;8;2;24;7;-1.0054351925916758;4;0;2;5;16;3;16;1;3;16;1;24;12;6;1;1;0;12;13;4;18;5;0;6;5;0;14;22;1.8703369863874622;4;4;5;18;2;5;1;4;6;6;6;3;6;24;0;5;0;6;2;0;17;16;1;10;22;-5.916702970824087;5;4;2;17;20;-1.3415239176486506;3;10;6;2;2;6;5;3;5;2;14;17;2;5;4;0;2;18;19;3;13;2;4;2;1;10;15;5;19;4;5;3;19;1;3;0;6;4;1;7;-2.2046963925081613;24;1;4;4;24;1;6;19;1;25;20;0.5704880464198734;0;0;5;6;6;12;12;5;1;3;5;17;0;3;23;-9.05242940020407;1;20;2.3402035963811776;18
TRACK:373;165;204;2;1;6;5;4;3;5;5;2;5;18;3;11;1;3;0;1;2;2;6;0;12;12;0;5;20;0.5704880464198734;6;11;0;3;3;21;1.153740455385797;2;2;12;15;2;17;19;1;6;6;2;13;10;4;6;3;17;2;5;4;6;1;9;7;-5.658505043079138;4;0;2;5;16;3;16;1;3;16;1;24;12;6;6;19;2;5;1;4;6;6;6;3;6;24;0;5;0;6;2;0;17;16;1;10;22;-5.989617042523396;5;4;2;17;20;-1.2712303473950028;3;10;6;2;2;6;5;3;5;2;14;17;2;5;4;0;2;18;19;3;13;2;4;2;1;10;15;5;19;4;1;7;-2.2046963925081613;24;1;3;0;6;4;1;7;-2.04281582110235;24;1;4;4;24;1;6;19;1;25;14;0;0;5;6;6;12;12;5;1;3;5;17;0;3;23;-8.923832559909949;1;20;2.5942863448588867;18
TRACK:374;247;224;2;1;6;5;4;3;5;5;12;1;3;0;1;2;2;6;0;12;12;0;5;20;0.8787590774802473;6;11;0;3;3;21;1.2409495001373476;2;2;12;15;2;17;19;1;6;6;2;13;10;4;6;3;17;2;5;4;1;1;8;8;2;24;12;4;0;2;5;16;3;16;1;3;16;1;24;12;3;6;0;1;1;2;4;22;-2.7393343517920528;5;22;-4.634153086091198;2;5;20;7.648119299053885;4;15;1;0;5;15;5;18;0;6;13;3;21;6.380427264823737;1;4;2;0;11;15;2;25;16;1;2;4;9;6;10;3;5;18;2;5;1;4;6;6;6;3;6;24;0;5;0;6;2;0;17;16;1;10;22;-5.813761573645723;5;4;2;17;20;-1.3007319316227781;3;10;6;2;2;6;5;3;5;2;14;17;2;5;4;0;2;18;19;3;13;2;4;2;1;10;15;5;19;4;5;3;19;1;3;0;6;4;1;7;-2.111347812611241;24;1;4;4;24;1;6;19;1;25;14;0;0;5;6;6;12;12;5;1;3;5;17;0;3;23;-9.099136340750054;1;20;2.36595327603213;18
TRACK:375;247;224;2;1;6;5;4;3;5;5;12;1;3;0;1;2;2;6;0;12;12;0;5;20;0.6120802126925458;6;11;0;3;3;21;1.213759841867892;2;2;12;15;2;17;19;1;6;6;2;13;10;4;6;3;17;2;2;14;17;4;0;2;5;16;3;16;1;3;16;1;24;12;6;1;1;0;12;13;4;6;6;18;5;0;6;5;0;14;22;1.8672665496163923;4;4;5;18;2;5;1;4;6;6;6;3;6;24;0;5;0;6;2;0;17;16;1;10;22;-6.018109748541476;5;4;2;17;20;-1.4370940579014604;3;10;6;2;2;6;5;3;5;2;14;17;2;5;4;0;2;18;19;3;13;2;4;2;1;10;15;5;19;4;5;3;19;1;3;0;6;4;1;7;-2.2036255268602876;24;1;4;4;24;1;6;19;1;25;14;0;0;5;6;6;12;12;5;1;3;5;17;0;3;23;-9.169211720242362;1;20;2.3705449076218565;18
TRACK:376;227;142;2;1;6;5;4;3;5;5;2;5;18;3;11;1;3;0;1;2;2;6;0;12;12;0;5;20;0.42125736013253134;6;11;0;3;3;21;1.2084744279369959;2;20;-1.2973803069100383;2;17;19;1;6;6;2;13;10;4;6;3;17;2;5;4;6;1;9;7;-5.693034747792679;4;0;2;5;16;3;16;1;3;16;1;24;12;6;6;19;2;5;1;4;6;6;6;3;6;24;0;5;0;6;2;0;17;16;1;10;22;-5.943610106785022;5;4;2;17;20;-1.2386225812921923;3;10;6;2;2;6;5;3;5;2;14;17;2;5;4;0;2;18;19;3;13;2;4;2;1;10;15;5;19;4;5;3;19;1;3;0;6;4;1;7;-2.069179665469343;24;1;4;4;24;1;6;19;1;25;14;0;0;5;6;6;12;12;5;2;7;-8.249239607394243;22;-8.880419036751917
TRACK:377;227;142;2;1;6;5;4;3;5;5;2;5;18;3;11;1;3;0;1;2;2;6;0;12;12;0;5;20;0.5837888110530021;6;11;0;3;3;21;1.1489257475462529;2;2;12;15;2;17;19;1;6;6;2;13;10;4;6;3;17;2;5;4;1;1;8;8;2;24;7;-1.1758708093530656;4;0;2;5;16;3;16;1;3;16;1;24;12;6;1;5;6;5;5;6;9;5;0;6;5;0;14;22;1.8131451774428522;4;4;5;18;2;5;1;4;6;6;6;3;6;24;0;5;0;6;2;0;17;16;1;10;22;-5.86496444237058;5;4;2;17;20;-1.2973803069100383;3;10;6;2;2;6;5;3;5;2;14;17;2;5;4;0;2;18;19;3;13;2;4;2;1;10;15;5;19;4;5;3;19;1;3;0;6;4;1;7;-1.992035392923271;24;1;4;4;24;1;6;19;1;25;14;0;0;5;6;6;12;12;5;1;2;18;19;0;3;23;-8.853986182922384;1;20;2.631078458120949;18
TRACK:378;209;165;2;1;6;5;4;3;5;18;1;3;0;1;2;2;6;0;12;12;0;5;20;0.7057212212671764;6;11;0;3;3;21;1.1990207775233828;2;2;12;15;2;17;19;1;6;6;2;13;10;4;6;3;17;2;5;4;1;1;8;8;2;24;7;-0.9759219314844184;4;0;2;5;16;3;16;1;3;16;1;24;12;6;1;1;0;12;13;4;18;5;0;6;5;0;14;22;1.852328436962132;4;4;5;18;2;5;1;4;6;6;6;3;6;24;0;5;0;6;2;0;17;16;1;10;22;-5.931810424079735;5;1;1;19;12;3;9;3;10;6;2;2;6;5;3;5;2;14;17;2;5;4;0;2;18;19;3;13;2;4;2;1;10;15;5;19;4;5;3;19;1;3;0;6;4;1;7;-2.2551405678922167;24;1;4;4;24;1;6;14;1;25;14;0;0;5;6;6;12;12;5;1;3;5;17;0;3;23;-9.056731512618756;1;20;2.2717969409348635;18
TRACK:379;209;165;2;1;6;5;4;3;5;5;12;1;3;0;1;2;2;6;0;12;12;0;5;20;0.7593257814431953;6;11;0;3;3;21;1.2527055927055477;2;2;12;15;2;17;19;1;6;6;2;13;10;4;6;3;17;2;5;4;1;1;8;8;2;24;7;-1.0054351925916758;4;0;2;5;16;3;16;1;3;16;1;24;12;6;1;1;0;12;13;4;18;5;0;6;5;0;14;22;1.8703369863874622;4;4;5;18;2;5;1;4;6;6;6;3;6;24;0;5;0;6;2;0;17;16;1;10;22;-5.916702970824087;5;4;2;17;20;-1.3415239176486506;3;10;6;2;2;6;5;3;5;2;14;17;2;5;4;0;2;18;19;3;13;2;4;2;1;10;15;5;19;4;5;3;19;1;3;0;6;4;1;7;-2.2046963925081613;24;1;4;20;2.2717969409348635;1;6;19;1;25;14;0;0;5;6;6;12;12;5;1;3;5;17;0;3;23;-9.05242940020407;1;20;2.3402035963811776;18
TRACK:380;249;-1;2;1;6;5;4;3;5;5;2;5;18;3;11;1;3;0;1;2;2;6;0;12;12;0;0;10;25;6;11;0;3;3;21;1.0883135143508087;2;2;12;15;2;17;19;1;6;6;2;13;10;4;6;3;17;2;5;4;6;1;9;7;-5.666930706937742;4;0;2;5;16;3;16;1;3;16;1;24;24;6;6;19;2;5;1;4;6;6;6;3;6;24;0;5;0;6;2;0;17;16;1;10;22;-5.94315994113456;5;4;2;17;20;-1.2114189183199253;3;10;6;2;2;6;5;3;5;2;14;17;2;5;4;0;2;18;19;3;13;2;4;2;1;10;15;5;19;4;5;3;19;1;3;0;6;4;4;8;1;4;4;24;1;6;19;1;25;14;0;0;5;6;6;12;12;5;2;7;-8.138272506766551;22;-9.21614013807931
TRACK:381;372;-1;2;1;6;5;4;3;5;5;12;1;3;0;1;5;0;5;20;-9.863480930101511;0;10;14;1;6;6;2;13;10;4;6;3;17;2;5;4;1;1;8;8;2;24;7;-0.901875364445124;4;0;2;5;16;3;16;1;3;16;1;24;12;6;1;1;0;12;13;4;18;5;0;6;5;0;14;22;1.8215648950591208;4;4;5;18;2;5;1;4;6;6;6;3;6;24;0;5;0;6;2;0;17;16;1;10;22;-5.952316842089484;5;4;2;17;20;-1.4446538310021182;3;10;6;2;2;6;5;3;5;2;14;17;2;5;4;0;2;18;19;3;13;2;4;2;1;10;15;5;19;4;5;3;19;1;3;0;6;4;1;7;-2.2577960136668214;24;1;4;4;24;1;6;19;1;25;20;0.7387339839154035;0;0;5;6;6;12;12;5;1;3;5;17;0;3;23;-9.17217158569748;1;20;2.288733019465096;18
TRACK:382;374;-1;2;1;6;5;4;3;5;5;12;1;3;0;1;2;2;6;0;12;12;0;5;20;0.895715267882713;6;11;0;3;3;21;1.11710787271115;2;2;12;15;2;17;19;1;6;6;2;13;10;4;6;3;17;2;5;4;1;1;8;8;2;24;12;4;0;2;5;16;3;16;1;3;16;1;24;12;3;6;0;1;1;2;4;22;-2.6921144055666937;5;22;-4.6458322177272295;2;5;20;7.756848295555632;4;15;1;0;5;15;5;18;0;6;13;3;21;6.3588010424325665;1;4;2;0;11;15;2;25;16;1;2;4;9;6;10;3;5;18;2;5;1;4;6;6;6;3;6;24;0;5;0;6;2;0;17;16;1;10;22;-5.840215887571145;5;4;2;17;20;-1.4197167305929193;3;10;6;2;2;6;5;3;5;2;14;17;2;5;4;0;2;18;19;3;13;2;4;2;1;10;15;5;19;4;5;3;19;1;3;0;6;4;1;7;-2.05326700995904;24;1;4;4;24;1;6;19;1;25;14;2;3;1;3;6;18;5;4;7;-9.537412019924826;0;4;2;5;12;3;8;3;5;6;7;9.100202103381985
TRACK:383;376;-1;2;1;6;5;4;3;5;5;2;5;18;3;11;1;3;0;1;2;2;6;0;12;12;0;5;20;0.3468838160903484;6;11;0;3;3;21;1.2795116128172712;2;20;-1.2122367584932363;2;17;19;1;6;6;2;13;10;4;6;3;17;2;5;4;6;1;9;7;-5.81330499472366;4;0;2;5;16;3;16;1;3;16;1;24;12;6;6;19;2;5;1;4;6;6;6;3;6;24;0;5;0;6;2;0;17;16;1;10;22;-5.954509310612767;5;4;2;17;20;-1.175197824710154;3;1;5;1;1;18;9;5;22;4.504375802687839;2;4;0;24;12;3;6;20;-5.949829462658061;6;2;2;6;5;3;5;2;14;17;2;5;4;0;2;18;19;3;13;2;4;2;1;10;15;5;19;4;5;3;19;1;3;0;6;4;1;7;-2.0080446469875373;24;1;4;4;24;1;6;19;1;25;14;0;0;5;6;6;12;12;5;2;7;-8.24116243450261;22;-8.68473179093509
TRACK:384;378;-1;2;1;6;5;4;3;5;18;1;3;0;1;2;2;6;0;12;12;0;5;10;6;11;0;3;3;21;1.2499740663921262;2;2;12;15;2;17;19;1;6;6;2;13;10;4;6;3;17;2;5;4;1;1;8;8;2;24;7;-1.0947168130506715;4;0;2;5;16;3;16;1;3;16;1;24;12;6;1;1;0;12;13;4;18;5;0;6;5;0;14;22;2.1672375613839785;4;4;5;18;2;5;1;4;6;6;6;3;6;24;0;5;0;6;2;0;17;16;1;10;22;-5.980203491532561;5;1;1;19;12;3;9;3;10;6;2;2;6;5;3;5;2;14;17;2;5;4;0;2;18;19;3;13;2;4;2;1;10;15;5;19;4;5;3;19;1;3;0;6;4;1;7;-2.308068451418698;24;1;4;4;24;1;6;14;1;25;14;0;0;5;6;6;12;12;5;1;3;5;17;0;3;23;-9.163879290281153;1;20;2.267814087486197;18
TRACK:385;180;-1;2;1;6;5;4;3;5;5;2;5;18;3;11;1;1;2;2;6;0;12;12;0;5;20;0.5599813555187056;6;11;0;3;3;21;1.2395334551104549;2;2;12;15;2;17;19;1;6;6;2;13;10;4;6;6;6;2;13;21;-7.718987508654313;6;1;5;6;5;5;6;9;5;0;6;5;0;14;22;1.9653779799093163;4;4;5;18;2;5;1;4;6;6;6;3;6;24;0;5;0;6;2;0;17;16;1;10;22;-5.920383751717906;5;4;2;17;20;-1.362873511712253;3;10;6;2;2;6;5;3;5;2;14;17;2;5;4;0;2;18;19;3;13;2;4;2;1;10;15;5;19;4;5;3;19;1;3;0;6;4;1;7;-1.9655126906535023;24;1;4;4;24;1;6;19;1;25;14;0;0;5;6;6;12;12;5;1;3;5;17;4;18
TRACK:386;373;-1;2;1;6;5;4;3;5;5;2;5;18;3;11;1;3;0;1;2;2;6;0;12;12;0;5;20;0.5918775411189754;6;11;0;3;3;21;1.1849168650195894;2;2;12;15;2;17;19;1;6;6;2;13;10;4;6;3;17;2;5;4;6;1;9;7;-5.666311206704243;4;0;2;5;16;3;16;1;3;16;1;24;12;6;6;19;2;5;1;4;6;6;6;3;6;24;0;5;0;6;2;0;17;16;1;10;22;-5.961569790030778;5;4;2;17;20;-1.3070733596508897;3;10;6;2;2;6;5;3;5;2;14;17;2;5;4;0;2;18;19;3;13;2;4;2;1;10;15;5;19;4;1;7;-2.1999241955287014;24;1;3;0;6;4;1;16;24;1;4;4;24;1;6;19;1;25;14;0;0;5;6;6;12;12;5;1;3;5;17;0;3;23;-8.981149693010275;1;20;2.8502519401738318;18
TRACK:387;375;-1;2;1;6;5;4;3;5;5;12;1;3;0;1;2;2;6;0;12;12;0;5;20;0.5374230370154607;6;11;0;3;3;21;1.246455098425896;2;2;12;15;2;17;19;1;6;6;2;13;10;4;6;3;17;2;2;14;17;4;0;2;5;16;3;16;1;3;16;1;24;12;6;1;1;0;12;13;4;6;6;18;5;0;6;5;0;14;22;1.9264641663517683;4;4;5;18;2;5;1;4;6;6;6;3;6;24;0;5;0;6;2;0;17;16;1;10;22;-6.141520657320217;5;4;2;17;20;-1.5172476265446497;3;10;6;2;2;6;5;3;5;2;14;17;2;5;4;0;2;18;19;3;13;2;4;2;1;10;15;5;19;0;11;22;1.886736039584978;1;3;0;6;4;1;7;-2.253348334592082;24;1;4;4;24;1;6;19;1;25;14;0;0;5;6;6;12;12;5;1;3;5;17;0;3;23;-9.132543789167896;1;20;2.3327624485928804;18
TRACK:388;377;-1;2;1;6;5;4;3;5;5;2;5;18;3;11;1;3;0;1;2;2;6;0;12;12;0;5;20;0.3241603162020158;6;11;0;3;3;21;1.2179195048593436;2;2;12;15;2;17;19;1;6;6;2;13;10;4;6;3;17;2;5;4;1;1;8;8;2;24;7;-1.1890582056422911;4;0;2;5;16;3;16;1;3;16;1;24;12;6;1;5;6;5;5;6;9;5;0;6;5;0;14;22;1.8181366351163937;4;4;5;18;2;5;1;4;6;6;6;3;6;24;0;5;0;6;2;0;17;16;1;10;22;-5.961442114962829;5;4;2;17;20;-1.4946533174518777;3;10;6;2;2;6;5;3;5;2;14;17;2;5;4;0;2;18;19;3;13;2;4;2;1;10;15;5;19;4;5;3;19;1;3;0;6;4;1;7;-2.0068591870045935;24;1;4;4;24;1;6;19;1;25;14;0;0;5;6;6;12;12;5;1;2;18;19;0;3;23;-8.740476301080578;1;20;2.723936646070087;18
TRACK:389;379;-1;2;1;6;5;4;3;5;5;3;23;-5.981302381334437;1;3;0;1;2;2;6;0;12;12;0;5;20;0.8181524931864131;6;11;0;3;3;21;1.2108599494324739;2;2;12;15;2;17;19;1;6;6;2;13;10;4;6;3;17;2;5;4;1;1;8;8;2;24;7;-0.9571763798041888;4;0;2;5;16;3;16;1;3;16;1;24;12;6;1;1;0;12;13;4;18;5;0;6;5;0;14;22;2.001453413489937;4;4;5;18;2;5;1;4;6;6;6;3;6;24;0;5;0;6;2;0;17;16;1;10;22;-5.930947726668587;5;4;2;17;20;-1.1392813964399175;3;10;6;2;2;6;5;3;5;2;14;17;2;5;4;0;2;18;19;3;13;2;4;2;1;10;15;5;19;4;5;3;19;1;3;0;6;4;1;7;-2.140145959942991;24;1;4;20;2.268879820101635;1;6;19;1;25;14;0;0;5;6;6;12;12;5;1;3;5;17;0;3;23;-9.257965911341278;1;20;2.1978594298593546;18
EVAL_INSTANCE:19:0:380
EVAL_INSTANCE:19:1:381
EVAL_INSTANCE:19:2:382
EVAL_INSTANCE:19:3:383
EVAL_INSTANCE:19:4:384
EVAL_INSTANCE:19:5:385
EVAL_INSTANCE:19:6:386
EVAL_INSTANCE:19:7:387
EVAL_INSTANCE:19:8:388
EVAL_INSTANCE:19:9:389
RUN_RESULT:19:0:0:2000:----
RUN_RESULT:19:1:0:91:URRRUUDDRUUDDD
RUN_RESULT:19:2:0:91:URRRUUDDRUUDDD
RUN_RESULT:19:3:0:1951:URRRUURRDDDDUULUUDDD
RUN_RESULT:19:4:0:91:URRRUUDDRUUDDD
RUN_RESULT:19:5:0:91:URRRUUDDRUUDDD
RUN_RESULT:19:6:0:91:URRRUUDDRUUDDD
RUN_RESULT:19:7:0:2000:----
RUN_RESULT:19:8:0:91:URRRUUDDRUUDDD
RUN_RESULT:19:9:0:91:URRRUUDDRUUDDD
    20 |      200 | -3.909000E+03 | -3.909000E+03
TRAINING ON LEVEL:165
of 184 levels
---LEVEL STRING---
__________
_VB12...3_
_1o..o..._
_4o..vK16_
_oo.o...._
_vobo.kk._
_..o....._
_..v..v.._
_........_
__________
---LEVEL STRING---
training done.
The time of execution is: 163.7715241909027 s

TRAINING DONE


-----!!!NEW PROBLEM!!!-----


START TESTING

LEVEL:0:______\n_K.2._\n_kSF._\n_bB1._\n_..fR_\n_1..._\n_3.r._\n_251O_\n_s.31_\n_o..2_\n______
LEVEL:1:________\n_......_\n_......_\n_.Sb.s._\n_.1..s._\n_.4b..1_\n_B12..3_\n_......_\n________
LEVEL:2:____________\n_.........._\n_.r....f..._\n_.....bssss_\n_.R.......F_\n_B1..f..b.1_\n_AO........_\n_.rssssssss_\n_.........F_\n_ss...R...1_\n_....B12W.3_\n_oS14...1.._\n____________
LEVEL:3:__________\n_F13....G_\n_..R15a.1_\n_.......0_\n_a.A.b.a._\n_....a..._\n_B....ggg_\n_1.a.ag.a_\n_2....g.f_\n__________
LEVEL:4:__________\n_.....B12_\n_.W......_\n_.1wwwww._\n_.6wf..w._\n_..w..kw._\n_F.wwwww._\n_1......._\n_3...bK17_\n__________
LEVEL:5:_________\n_....B18_\n_......._\n_...R..._\n_...1..._\n_...3..._\n_......._\n_....B12_\n_......._\n_.b..R.._\n_....1.._\n_r...9.._\n_......._\n_________
LEVEL:6:____________\n_G13wwwwK14_\n_w.o.okofow_\n_wo.o.o.o.w_\n_wko.o.o.ow_\n_wggggggggw_\n_w.o.o.o.ow_\n_wo.o.o.okw_\n_w.o.o.o.ow_\n_wo.obo.o.w_\n_K17wwwwB12_\n____________
LEVEL:7:____________\n_F13wwwwK14_\n_w.o.okofow_\n_wo.oko.o.w_\n_wko.o.o.ow_\n_wo.o.o.okw_\n_wko.o.o.ow_\n_wo.o.o.okw_\n_wko.o.o.ow_\n_wo.obo.o.w_\n_K17wwwwB12_\n____________
LEVEL:8:__________\n_B12....F_\n_1......1_\n_9lllL.f3_\n_..rl1..._\n_...l8..._\n_...lllll_\n_.br....._\n_....R15._\n__________
LEVEL:9:___________\n_rg9SkofVr_\n_GF.6WOV0A_\n_Fw0.3o6AB_\n_A5W..5A2l_\n_.WO5KlF.1_\n_441934sR2_\n_vF38vVb.k_\n_W4bAS.K1K_\n_kO9.W..21_\n_0Ba4o3.L2_\n_w9G.SG99v_\n_g9Br5Kkbk_\n_.l7RRG6r3_\n_LFffV..Gv_\n_ga8.ro1wr_\n_VWV7R..3._\n___________
LEVEL:10:__________\n_........_\n_....V12._\n_........_\n_...v...._\n_F.v.v..._\n_1..v...._\n_3......._\n_....f..._\n__________
LEVEL:11:__________\n_b....Vwv_\n_.....1ww_\n_.....3.._\n_........_\n_........_\n_.....BW._\n_.....11._\n_.....26._\n__________
LEVEL:12:__________\n_...K..3._\n_.f.k...._\n_kkkk...._\n_...kgkkk_\n_........_\n_G10...b._\n_.....B12_\n_K14..F13_\n__________
LEVEL:13:__________\n_..Bwwlll_\n_b.1wwlll_\n_..2wwlll_\n_...wwlll_\n_...wwlll_\n_W16....._\n_....F13._\n_s...wwwf_\n__________
LEVEL:14:__________\n_G10gl.f._\n_.aagl.l._\n_.R.gg.ll_\n_.b..gggl_\n_...a...a_\n_..r....5_\n_B12.1..._\n_F13a.L16_\n__________
LEVEL:15:__________\n_bW12..Fr_\n_........_\n_w.w.w..S_\n_.s...s.1_\n_..w.www4_\n_B.3s1..._\n_1.w.w..._\n_2.....Rf_\n__________
LEVEL:16:__________\n_bW12..Fr_\n_........_\n_w.w.w..S_\n_.s...s.1_\n_..w.www4_\n_B.3s1..S_\n_1.w.w..._\n_2.....Rf_\n__________
LEVEL:17:__________\n_.f......_\n_.......3_\n_kkkkgkkk_\n_...g.g.._\n_K14k.k.._\n_...k.kkk_\n_B12k..b._\n_F13....._\n__________
LEVEL:18:____________________\n_B.S14.O16.R15.B12._\n_1.F13.G16.V17....._\n_.Sv..............._\n_Rggggggggggggggggg_\n_1ggggggggggggggggg_\n_.F......gggggggggg_\n_ooo.......gggggggg_\n_wwwoo.......gggggg_\n_wwwwwoo.......gggg_\n_wwwwwwwoo..r......_\n_wwwwwwwwwoo.b....._\n_wwwwwwwwwwwooaaaaa_\n____________________
LEVEL:19:_________________\n_F13w.f.w.a...rw_\n_.a.wa...b.a.a.w_\n_wwrwwwww..wwwww_\n_...a...a....a.._\n_wwwwww.wwwwwwww_\n_.a.........ar.._\n_www.wwwwwwwwwww_\n_.a...a......ba._\n_..b......a....._\n_wwwwwwwwww.war._\n_k...a.....awwww_\n_wwwwwwwwwwwwB14_\n_R16wW16wK12wB17_\n_________________
LEVEL:20:__________\n_...s.V12_\n_v..s...._\n_..sssfss_\n_..s..s.._\n_F..s..s._\n_1.....s._\n_3..S14.._\n_........_\n__________
LEVEL:21:____________________\n_.Laallgg.......BG._\n_.1aallgg.......11._\n_.8aallgg.......90._\n_..aallgg.........._\n_..9allgg.......v.._\n_..aallgg.......V.._\n_b.2allgg.......1.._\n_llllllgg.......3.._\n_llllllgg.........._\n_gggggggg.........._\n_gggggggg.......B12_\n____________________
LEVEL:22:__________\n_........_\n_...b...._\n_........_\n_F......._\n_1.B.f..._\n_3.1....._\n_..2....._\n_........_\n__________
LEVEL:23:__________\n_........_\n_B...b..._\n_1......._\n_2......._\n_........_\n_..3...f._\n_F1....f._\n_........_\n__________
LEVEL:24:__________\n_S13....._\n_.......f_\n_...r...3_\n_........_\n_........_\n_F14..R12_\n_........_\n_......s._\n__________
LEVEL:25:_________________\n_....gg.....l..._\n_....gg.....l..._\n_....gg.....l..._\n_.b..gg.....l..._\n_....gg.....l..._\n_....gg.....l..._\n_....gg.....l..._\n_....gg.B12.l..f_\n_....gg.....l..._\n_K...gg.....l..._\n_B12.gg..k..l..._\n_....gg.....l..._\n_....gg.....l..._\n_....gg.G10.l..._\n_....gg.....l..._\n_....gg.....lF13_\n_....gg.....l..._\n_....gg.....lL14_\n_________________
LEVEL:26:__________\n_.ssss.s._\n_..ss.fv._\n_...as.v._\n_.F12.A.._\n_.....1.._\n_.....3.._\n_.ggg...._\n_.s......_\n__________
LEVEL:27:__________\n_glF13S12_\n_gksgggVV_\n_ggrrrrV2_\n_vggkgkVr_\n_vvgvvvVr_\n_vvvvvlVl_\n_vvvvvlVl_\n_vvvvl.fl_\n__________
LEVEL:28:__________\n_B12..VGF_\n_S.....1._\n_1.b.s35f_\n_4...sss._\n_........_\n_gggggggg_\n_...vv..._\n_........_\n__________
LEVEL:29:__________\n_V.2a..12_\n_B12avF.._\n_bv.a...._\n_aaaaaaaa_\n_...a...._\n_..2a.A.._\n_A16a1..._\n_.1.a2f3._\n__________
LEVEL:30:__________\n_K17....._\n_......O._\n_k.vwww.._\n_...wow.k_\n_...www.._\n_KV..W16._\n_11.O1.3._\n_42..k..._\n__________
LEVEL:31:___________________\n_B12w...ag...wG10._\n_wwww...gg...wW16._\n_..13...ga...wwwww_\n_.V15..agga......._\n_.R...araga.a....._\n_.....a.ggaaa....._\n_ggggggggaaaav...._\n_.v....agga......._\n_....b..aga......._\n_......agga......._\n___________________
LEVEL:32:__________\n_b.....f._\n_.....V12_\n_........_\n_F13....._\n_........_\n_........_\n_....v..._\n_........_\n__________
LEVEL:33:__________\n_........_\n_...bV12._\n_........_\n_........_\n_.B13...._\n_........_\n_........_\n_...vv..._\n__________
LEVEL:34:__________\n_...V13.._\n_v......._\n_........_\n_......b._\n_....B12._\n_........_\n_..V15..._\n_........_\n__________
LEVEL:35:__________\n_..F1.3.._\n_llllllll_\n_..L14..._\n_........_\n_........_\n_........_\n_........_\n_bB12...f_\n__________
LEVEL:36:__________\n_B12.F13._\n_........_\n_...sss.._\n_.b.sfs.._\n_...s...._\n_...s...._\n_........_\n_........_\n__________
LEVEL:37:__________\n_s..S..a._\n_k.o....l_\n_.g....b._\n_L.g..b.w_\n_g.s..fs._\n_....B..l_\n_b...1r.._\n_G13.2b.._\n__________
LEVEL:38:__________\n_.Rrbll.f_\n_L18.lll._\n_.5..ll.r_\n_..r.ll.1_\n_..r.ll.l_\n_.F..ll.B_\n_B19.ll.1_\n_r3r....2_\n__________
LEVEL:39:__________\n_A.2...bg_\n_1.G.3.a._\n_wwg1W16._\n_..12B12b_\n_........_\n_........_\n_........_\n_........_\n__________
LEVEL:40:__________\n_b..lsllf_\n_...lslll_\n_.S.lslll_\n_L18lslll_\n_.6.ls..._\n_F......._\n_1......._\n_3.B12..._\n__________
LEVEL:41:____________________\n_llllllff........L._\n_lgggglff........1._\n_lbggglff........5._\n_lg..glff.........._\n_lG15glff.........._\n_llllllff.........._\n_ffffwww..........._\n_ffff.............._\n_.................._\n_.........F.3......_\n_..B12.....1......._\n_.................._\n_.........k........_\n_....K12..........._\n_.................._\n_.................._\n_................7._\n_.................._\n____________________
LEVEL:42:__________\n_f.k.k.kk_\n_.B12F13._\n_k......k_\n_...b...._\n_k......k_\n_........_\n_k......k_\n_.K14K17._\n__________
LEVEL:43:__________\n_ffffffff_\n_W16....._\n_Bk......_\n_1.k...k._\n_2...k..._\n_w..wwwww_\n_...k...._\n_Kk.....k_\n_1k...k.._\n_7......._\n_w..wwwww_\n_........_\n_F13...k._\n_K..k...._\n_1......._\n_4...kk.b_\n__________
LEVEL:44:__________\n_FWwwwwww_\n_11wb.fww_\n_36wwwwww_\n_G10wgkww_\n_wwwwwwww_\n_wBKwwwww_\n_w11wwwww_\n_b2.kwwww_\n__________
LEVEL:45:___________\n_.F.w..V.._\n_o1.w.o1.._\n_.4.w.o2.o_\n_wwww.o..._\n_.ov...oWw_\n_.ov.o..1w_\n_..o.O186w_\n_foo..wF13_\n___________
LEVEL:46:____________________\n_W........wwwwwwwww_\n_1wwwwwwwww......Kw_\n_6wK17ooowwR1.O.81w_\n_Kwkooo3oww..3.1.9w_\n_1wkoooooww.......w_\n_4wo1kbkowwaaaaw.ww_\n_Awooooooww.....ww._\n_1woooooowwb..w..w._\n_9wwwwwwwwww.sw.ww._\n_Awwwwwwwwwwwlwwww._\n_1wb.....ww......w._\n_4wwwww.www.b.R..w._\n_Sw......ww.r.1..w._\n_1ww.wwwwww...5L.w._\n_4wrrrrrrww....1.w._\n_Bwrrfrrrww....8.w._\n_1wwwwwwwwwwwwwwww._\n_9R19F13L18R14B12.._\n____________________
LEVEL:47:______\n_fr.b_\n_F13w_\n_gggg_\n_wwww_\n_F17w_\n_R15w_\n_G10W_\n_B121_\n_W16W_\n______
LEVEL:48:__________\n_WSLlllll_\n_111llllk_\n_556llK12_\n_lllllB17_\n_lllllK1._\n_lllkklll_\n_lllwwlll_\n_FllssllF_\n_1......1_\n_3......3_\n_f......f_\n_........_\n_........_\n_oooggooo_\n_..o..o.._\n_GBo..oOS_\n_11ob.o11_\n_89o..o58_\n__________
LEVEL:49:____________________\n_Wwvvvvvvvfvvvvvvvv_\n_1wvvvvvvv.vvvvvvvv_\n_6wvvvvvvv.vvvvvvvv_\n_Fwvvvvvvv.vvvvvvvv_\n_1wvvvvvvv.vvvvvvvv_\n_3wvvvvvvvvvvvvvvvv_\n_Vwvvvvvvvvvvvvvvvv_\n_1wvvvvvvvvvvvvvvvv_\n_4wvvvvvvvvvvvvvvvv_\n_wwvvvvvvvvvvvvvvvv_\n_..............s..._\n_......r.r.....sS.._\n_...b..rrr.....s1.._\n_..B12..R......s4.._\n_.......1......s..._\n_.......5..O1O.s..._\n_..............w..._\n_..............w..._\n____________________
LEVEL:50:_______\n_bB12._\n_...F._\n_.fR15_\n_...3._\n_.r..._\n_______
LEVEL:51:________\n_rrrrrr_\n_rrrrrr_\n_rrbrrr_\n_rr.rRr_\n_r..B12_\n_r.3.6._\n________
LEVEL:52:____________\n_v......V12_\n_...f.....F_\n_.R.....b.1_\n_B12......3_\n_...S.S14.._\n____________
LEVEL:53:__________\n_bB1...2._\n_..fR1SF._\n_1...31s._\n_3.r..2.1_\n__________
LEVEL:54:_________\n_......._\n_....b.._\n_....s.._\n_......F_\n_.B12..1_\n_......3_\n_...S121_\n_________
LEVEL:55:____________\n_.........._\n_.b..S....._\n_.....712.._\n_.....O...._\n_.B........_\n_...b.....F_\n_.........1_\n_GokK12...3_\n_V......B1._\n_r........R_\n____________
LEVEL:56:________\n_......_\n_.b...._\n_......_\n_......_\n_.S...._\n_.1...._\n_.BB123_\n_.s...3_\n________
LEVEL:57:____________\n_B1.B.....B_\n_R1.......1_\n_..5....S12_\n_.........._\n_.r.....b.._\n_...L......_\n_......1..F_\n_..f......1_\n_......s..4_\n_F13......._\n____________
LEVEL:58:_______\n_F.B12_\n_1b..._\n_3...f_\n_..k.._\n_K17.._\n_______
LEVEL:59:____________\n_B12w.....S_\n_K12w.....1_\n_F16w....7._\n_wwww......_\n_G1........_\n_1.....s..._\n_.0.3.sbs.._\n_g.....s..g_\n_gg......gg_\n_ggg....ggg_\n____________
LEVEL:60:____________\n_B12......S_\n_Br.......1_\n_R..f.....F_\n_.........1_\n_G1.......3_\n_1.....s.f._\n_.0.3.sbs.F_\n_g.....s..g_\n_gg..13..gg_\n_ggg....ggg_\n____________
LEVEL:61:_________\n_.....B8_\n_......._\n_...R..._\n_..o1..._\n_......._\n_....B.._\n_......._\n_....rs._\n_..1SF.._\n_fB31s.._\n_F112o.._\n_......._\n_________
LEVEL:62:________\n_......_\n_......_\n_......_\n_......_\n_......_\n_......_\n_..B..._\n_..1..._\n_..2F13_\n_..b..._\n_......_\n_......_\n_f.F15._\n_......_\n_......_\n________
LEVEL:63:_____________\n_.....2....._\n_.b...F....._\n_....w.712.._\n_.B....O...._\n_....S.....F_\n_........S.1_\n_.....K12..._\n_.b.W......._\n_........s.._\n_.....B12s3k_\n_..........k_\n_____________
LEVEL:64:_________\n_Fw.f.wB_\n_1w...w1_\n_3wwwww2_\n_......._\n_..W16.._\n_......._\n_...b..._\n_________
LEVEL:65:____________\n_B13......F_\n_....f....1_\n_rrrR1Rrrr2_\n_........b._\n____________
LEVEL:66:____________\n_F13wwwwK14_\n_w.o.okofow_\n_wo.o.o.o.w_\n_wko.o.o.ow_\n_wo.o.o.o.w_\n_w.o.o.o.ow_\n_wo.o.o.okw_\n_w.o.o.o.ow_\n_wo.obo.o.w_\n_K17wwwwB12_\n____________
LEVEL:67:____________\n_.........._\n_llllllll.._\n_.....r...._\n_.........._\n_..b..r...._\n_.........._\n_gggggggg.._\n_W13..G17.._\n_.........._\n_B12......._\n____________
LEVEL:68:___________\n_B12w....._\n_wwww.brk._\n_.R......._\n_........._\n_ggggggggg_\n_.1......._\n_.5......._\n_........._\n_.K......._\n_........._\n_ggggggggg_\n_........._\n_......ooo_\n_wwww..ofo_\n_W16w..ooo_\n_G10w..F13_\n___________
LEVEL:69:__________\n_k....b.._\n_w....o.o_\n_sB123ggg_\n_.fR.oo.o_\n_.....bg._\n_.r..f..._\n_.s.bs..k_\n_..sg.www_\n__________
LEVEL:70:__________\n_...12..._\n_...r.ooo_\n_2...B11O_\n_......31_\n_s2.3...2_\n_........_\n_..R1..F1_\n_.....S14_\n__________
LEVEL:71:_______________\n_.l..gL16g..l._\n_.l..ggggg..l._\n_............._\n_............._\n_..l.......l.._\n_..l.......l.._\n_3....G10....3_\n_..l.......l.._\n_..l.......l.._\n_............._\n_............._\n_.l..ggggg..l._\n_.l..gL12g..l._\n_______________
LEVEL:72:__________\n_.kSFr..._\n_vbR1Sbb._\n_g..31skB_\n_r...2so8_\n_bss...a4_\n_FR...aa._\n_S1o....w_\n_W6R11oof_\n__________
LEVEL:73:__________\n_........_\n_....V12._\n_........_\n_........_\n_F.v.v..._\n_1..v...._\n_3......._\n_....f..._\n__________
LEVEL:74:__________\n_........_\n_....V12._\n_..v.v..._\n_..vvv..._\n_F.v.v..._\n_1..v...._\n_3......._\n_....f..._\n__________
LEVEL:75:__________\n_.....B12_\n_.W.14..._\n_.1wwwww._\n_.6wf..w._\n_..w..kw._\n_F.wwwww._\n_1......._\n_3...bK17_\n__________
LEVEL:76:____________\n_K..w.kwK14_\n_1...okkfow_\n_7...B12o.w_\n_s.k......._\n_.....R...._\n_w.www..W16_\n_w........._\n_..b...r..k_\n_w........._\n_..kwwwF13._\n____________
LEVEL:77:____________\n_K.kw.kwK14_\n_1...okkfo._\n_7.o.A12o.w_\n_s.2..r.o.._\n_.....R...._\n_w.www..W16_\n_w...o..o.._\n_..b...rbak_\n_w...5...o._\n_b.fwwwF13._\n____________
LEVEL:78:__________\n_...12..._\n_...rg1.._\n_........_\n_.s..wk2g_\n_F12.V7f._\n_w.F.v..._\n_3R25K..._\n_..v....._\n__________
LEVEL:79:__________\n_W16..R15_\n_.....R13_\n_..R....._\n_B1B12.ww_\n_......wr_\n_......ww_\n_........_\n_b....R19_\n__________
LEVEL:80:__________\n_W16..R15_\n_.....R13_\n_..R....._\n_B1B12.ww_\n_......wr_\n_......ww_\n_...R...._\n_bB1..R19_\n__________
LEVEL:81:__________\n_B1B....f_\n_1......._\n_2......._\n_........_\n_........_\n_.......F_\n_.......1_\n_b......3_\n__________
LEVEL:82:__________\n_V1V....B_\n_.......1_\n_V1.....2_\n_..F....._\n_........_\n_........_\n_........_\n_bv....7F_\n_.......1_\n_.......3_\n_wwwwwwww_\n_.v....W._\n_......1._\n_f.....6._\n__________
LEVEL:83:__________\n_B12..F13_\n_........_\n_........_\n_........_\n_.b....f._\n_........_\n_........_\n_........_\n__________
LEVEL:84:__________\n_.K14.B12_\n_.fow...._\n_2o.w...3_\n_..1.W..w_\n_..4...k._\n_....rr.._\n_........_\n_....bK17_\n__________
LEVEL:85:__________\n_l......._\n_...b...._\n_L1B....._\n_..1....._\n_..2F...._\n_.b.bB1Br_\n_........_\n_.f....13_\n__________
LEVEL:86:__________\n_bF132..G_\n_....g1.1_\n_..B12AO._\n_.RF13wwr_\n_a12....._\n_o.....WF_\n_......F1_\n_.....f.._\n__________
LEVEL:87:__________\n_W16w..s._\n_...wF..._\n_...w1..._\n_...w3..._\n_r..w...._\n_...wR.b._\n_S14wB12._\n_.1Fw...r_\n__________
LEVEL:88:__________\n_W16w..s._\n_.14wF..._\n_F..w1..._\n_...w3..._\n_..rw...._\n_...wR.b._\n_S14wB12._\n_.1Fw...r_\n__________
LEVEL:89:__________\n_........_\n_WW..W16._\n_11b.B12._\n_9W......_\n_........_\n_FL...www_\n_11...wll_\n_38...wlf_\n__________
LEVEL:90:________________\n_K17..........._\n_1....3........_\n_.4w.k...Ww...._\n_..l.....1....._\n_..lw.k.76Ww..._\n_..l..........._\n_lllllllll....._\n_......ll......_\n_.............._\n_b............._\n_L14........B12_\n________________
LEVEL:91:__________\n_...K.3.._\n_.f.k...._\n_kkkk...._\n_...kgkkk_\n_........_\n_G10...b._\n_.....B12_\n_K14..F13_\n__________
LEVEL:92:__________\n_.....b.s_\n_FBs....s_\n_f13....s_\n_.2..rrrr_\n_...r...._\n_...r.RF._\n_...r.11._\n_S14r.5.._\n__________
LEVEL:93:__________\n_.B1..ww._\n_s..S...f_\n_.w1ww4.._\n_.w.SF..1_\n_1.4.Bw.4_\n_3bww3w.._\n_.......s_\n_.W12.s.._\n__________
LEVEL:94:__________\n_........_\n_B12....._\n_S16....._\n_K13.b..._\n_G16....._\n_F16..v.v_\n_.....vsv_\n_V16..vkf_\n__________
LEVEL:95:___________\n_s...f...s_\n_.k.....k._\n_..k...k.._\n_...k.k..._\n_....k...._\n_....S14.._\n_........._\n_K17...K14_\n_B12.b.F13_\n___________
LEVEL:96:__________\n_.B1.sF13_\n_S142s..._\n_...fs..._\n_sssss..._\n_........_\n_.....17._\n_.B12..b._\n_........_\n__________
LEVEL:97:_________\n_....F13_\n_......._\n_..K...._\n_..1...._\n_.f2...._\n_......._\n_k......_\n_________
LEVEL:98:__________\n_........_\n_...F13.._\n_........_\n_.......v_\n_B.....a._\n_1......._\n_2..O...._\n_..k.fb.S_\n__________
LEVEL:99:__________\n_B12.gggf_\n_F13agggg_\n_R15.gggg_\n_G10.gggg_\n_.a......_\n_..r..rr._\n_..rrrrrr_\n_b..rr..._\n__________
LEVEL:100:__________\n_........_\n_........_\n_.B...k.._\n_1......._\n_wwwvwwww_\n_.b......_\n_........_\n_.....3.._\n_...K...._\n_....1..._\n_..7....._\n_........_\n_.......V_\n_.......1_\n_B12..W14_\n__________
LEVEL:101:__________\n_....B12b_\n_....b..._\n_.......F_\n_...1...1_\n_......12_\n_........_\n_gb...f.._\n_g......._\n_g1..Rr.._\n_gfRf12.k_\n_G.f36..._\n_.b.15..F_\n_G.f....1_\n_.......4_\n_K13....._\n__________
LEVEL:102:__________\n_........_\n_........_\n_.bf....._\n_......B._\n_......1._\n_.F13..2._\n_........_\n_........_\n__________
LEVEL:103:___________\n_oLoLBLoLo_\n_o1o111o1o_\n_w8w828w8w_\n_ooo131ooo_\n_L18oboooo_\n_oooowoOoo_\n_L18oWoL18_\n_oooo1oooo_\n_L14o6oo1L_\n___________
LEVEL:104:_______________\n_B12wwW16.F.13_\n_K14ww.......k_\n_1bG.w.....k.._\n_7.1ww.w.....k_\n_f.4ww.....k.._\n_gggww..k....._\n_gggwwk......._\n_gggww..k....._\n_gggwwk......._\n_k..www..k...k_\n_..k..www..k.._\n_k......w...kw_\n_wwwwww...wwww_\n_______________
LEVEL:105:___________\n_B19L18F13_\n_1wwwwwwwW_\n_2w..b..w1_\n_ww.....w6_\n_..A....wA_\n_a.1.a..w1_\n_...5...w9_\n_.llllllll_\n_.llllllll_\n_.....l..._\n_.V1.vl.f._\n_.1...l..._\n_..2.lllll_\n___________
LEVEL:106:__________\n_.f......_\n_........_\n_kkkkkgkk_\n_B12....._\n_........_\n_G10....._\n_..F13..._\n_......b._\n__________
LEVEL:107:__________\n_.....L14_\n_.llK14wF_\n_.Wrb...1_\n_.ww....3_\n_.ww....._\n_.R1....._\n_........_\n_.1F..B12_\n__________
LEVEL:108:__________\n_b....V.B_\n_.....1.1_\n_..3..9.2_\n_.F...s.._\n_S14sss.._\n_........_\n_........_\n_....f..k_\n__________
LEVEL:109:______________\n_l.bFk...l..._\n_l.B12...l..._\n_l.k42....l.._\n_ll...R..rl2._\n_.1l......l.._\n_..llKl.lll.._\n_.k..1......._\n_....8.f..4.._\n_..2........._\n_..F1.9..K12._\n_...3........_\n_............_\n______________
LEVEL:110:__________\n_B12...fO_\n_...3...._\n_.b......_\n_F......o_\n_1......l_\n_L1......_\n_3......._\n_........_\n__________
LEVEL:111:__________\n_.2......_\n_S..b...._\n_..B....._\n_ww1....._\n_W1......_\n_.F12ss.._\n_....B123_\n_.f.....3_\n__________
LEVEL:112:__________\n_b....F13_\n_l..W16.._\n_llwlllll_\n_.....V.._\n_gggG..12_\n_v.g1.L18_\n_f.g0...._\n_ggg..B12_\n__________
LEVEL:113:______\n_...._\n_.r.._\n_...f_\n_R12._\n_..F._\n_..1._\n_..3._\n_...._\n_...._\n______
LEVEL:114:___________\n_B12aab..._\n_.......A._\n_.......1._\n_F13....7._\n_ggggggggg_\n_ggwwwwwgg_\n_www.f.www_\n_W16.k.G14_\n___________
LEVEL:115:__________\n_........_\n_........_\n_..F12..._\n_........_\n_....31A._\n_fff....._\n_..f....._\n_a.f....._\n__________
LEVEL:116:__________\n_........_\n_.......o_\n_..f....._\n_........_\n_...K13.._\n_.r.g..B._\n_..w...1._\n_...b..2k_\n__________
LEVEL:117:__________\n_B1.awB12_\n_f.o..12._\n_b....rg1_\n_1......._\n_3..Rrr.5_\n_....r..l_\n_g7.w.Ar._\n_K2.k..or_\n__________
LEVEL:118:__________\n_B12..F13_\n_1......._\n_9......._\n_..rb.9.._\n_........_\n_..R..5.._\n_..1....v_\n_V18...vf_\n__________
LEVEL:119:__________\n_b......B_\n_..1.R..1_\n_.R...5.2_\n_........_\n_.0.rrr.._\n_gggggggg_\n_gg...G10_\n_fg...F13_\n__________
LEVEL:120:__________\n_........_\n_S12.B..._\n_S..1..2._\n_........_\n_K.....s._\n_...b...._\n_........_\n_3......._\n__________
LEVEL:121:__________\n_........_\n_.b......_\n_..B....._\n_..1....._\n_..2....._\n_..3....._\n_.Ss....._\n_........_\n__________
LEVEL:122:__________\n_b......._\n_........_\n_...f...._\n_B......._\n_1......._\n_2......._\n_l......._\n_ff.lF13._\n__________
LEVEL:123:__________\n_....B12._\n_....F13._\n_k.b....._\n_....K1.._\n_....fR.._\n_........_\n_........_\n_....r..._\n__________
LEVEL:124:__________\n_........_\n_...b...._\n_........_\n_........_\n_..B...F._\n_..1...1._\n_..2...3._\n_........_\n_........_\n_.......f_\n_........_\n__________
LEVEL:125:__________\n_........_\n_b......._\n_........_\n_...r...._\n_..R12..._\n_.....F.f_\n_.....1.._\n_.....3.._\n__________
LEVEL:126:__________\n_..B12..._\n_........_\n_....F..._\n_..fR15.._\n_b...3..._\n_........_\n_........_\n_..r....._\n__________
LEVEL:127:__________\n_F13....._\n_........_\n_........_\n_.b......_\n_........_\n_...B12.._\n_........_\n_f......._\n__________
LEVEL:128:__________\n_....LLLr_\n_1...LLL._\n_F......._\n_.......F_\n_.......1_\n_.......3_\n_..Rb...._\n_.....B12_\n__________
LEVEL:129:__________\n_......13_\n_..W16..._\n_...B1B.._\n_..B1...._\n_..12...._\n_wwb....._\n_........_\n_........_\n__________
LEVEL:130:_______________\n_......w......_\n_......r..R15._\n_..g.ggr.w...._\n_..g...r...w.._\n_g.rrr.rrk...._\n_.....rK14...._\n_.r.w...r..k.._\n_..r.w.r..ggrg_\n_.bwwwwr.W16r._\n_.wr.rrrwr..k._\n_.w...gw.r..k._\n_.w.f.g..r...._\n_.wr.....r...._\n_B12G10..r.F13_\n_______________
LEVEL:131:_______________\n_......w......_\n_......r..R15._\n_..g.ggr.w...._\n_..g...r...w3._\n_g.rrr.rrk...._\n_.....rK14...._\n_.r.w...r..k.._\n_..r.w.r..ggrg_\n_.bwwwwr.W16r._\n_.wr.rrrwr..k._\n_.w...gw.r..k._\n_.w.f.g..r...._\n_.wr.....r...._\n_B12G10..r.F13_\n_______________
LEVEL:132:__________\n_.......f_\n_........_\n_.k......_\n_..k....._\n_b..k...._\n_.....F13_\n_B12....._\n_........_\n__________
LEVEL:133:__________\n_........_\n_........_\n_llllllll_\n_L.....B._\n_1...b.1._\n_8.....9._\n_........_\n_B12..F13_\n__________
LEVEL:134:_______________\n_b........wF19_\n_G.R.B.R.SwV18_\n_1.R.1.1.1wV17_\n_6.R.2.5.6wF13_\n_...r.r...wW16_\n_.........wG1G_\n_....g....wS1S_\n_wwwwswwwwwwww_\n_vg..f..svw..._\n_______________
LEVEL:135:__________\n_......F._\n_f......o_\n_..b....f_\n_......R._\n_.r....11_\n_.1OB12.._\n_1..b...._\n_3......._\n__________
LEVEL:136:__________\n_........_\n_b.....b._\n_.....b.._\n_...r...._\n_..R12..._\n_.....F.f_\n_.b...1.._\n_.....3.._\n__________
LEVEL:137:__________\n_F13....._\n_........_\n_........_\n_.b......_\n_........_\n_.....B12_\n_........_\n_f......._\n__________
LEVEL:138:__________\n_......BF_\n_.b....11_\n_....R.23_\n_1..5.r.._\n_.....r.._\n_gggggggg_\n_gggggggg_\n_gggggfgg_\n__________
LEVEL:139:__________\n_V.2a..12_\n_B12avF.._\n_bv.a...._\n_aaaaaaaa_\n_...a...._\n_r.Ra.A.._\n_A16a1..._\n_A1032f3._\n__________
LEVEL:140:__________\n_F13....f_\n_....llV._\n_....ll1l_\n_....ll2l_\n_...lll.l_\n_...lllll_\n_.v......_\n_........_\n__________
LEVEL:141:__________\n_........_\n_F12....._\n_....3..._\n_....V1.._\n_........_\n_........_\n_...f.l.v_\n_.....l.._\n__________
LEVEL:142:__________\n_....w.b._\n_....w..w_\n_B13.w.ww_\n_........_\n_F12.fff._\n_........_\n_....W15._\n_........_\n__________
LEVEL:143:__________\n_G......._\n_1..L14.._\n_0......F_\n_.......1_\n_.b.....3_\n_ggg....._\n_llg.B12._\n_fl......_\n__________
LEVEL:144:__________\n_bB1...2._\n_..fR1SF._\n_1...31s._\n_3.s..2.1_\n__________
LEVEL:145:__________\n_......wf_\n_W15..w.._\n_.....w.w_\n_.B12w.w._\n_.....w.._\n_...b..ww_\n_F13...w._\n_......w._\n__________
LEVEL:146:____________\n_A18wa....._\n_B19ww..a.._\n_1ssswa..a._\n_2K13wV13a._\n_wwwww..a.._\n_aaaaa...a._\n_a....aaVav_\n_..aa.aa1av_\n_a.ba.a.8av_\n_aaaa...akv_\n____________
LEVEL:147:__________\n_...w..w._\n_..w.fw.._\n_V12..v.w_\n_....w.w._\n_..ww...w_\n_F13.w.v._\n_.b.v...._\n_....W15._\n__________
LEVEL:148:__________\n_.....w.._\n_F13v...._\n_..V1..w._\n_.b..2..._\n_.W15...w_\n_.w...w.._\n_....w..._\n_B12.w.f._\n__________
LEVEL:149:__________\n_fwwwwwGF_\n_ggwwww11_\n_ggrwww03_\n_g...wwwW_\n_r....ww1_\n_.W19.R16_\n_.O18.1ww_\n_bB12b5.w_\n__________
LEVEL:150:__________\n_.......4_\n_.b..v.gb_\n_..lBOrv._\n_O131..F._\n_.sf2..f._\n_..w...bl_\n_...g.v.._\n_A.of.f.9_\n__________
LEVEL:151:__________\n_.B......_\n_.1..F13O_\n_.2bR...._\n_........_\n_......a._\n_........_\n_........_\n_...f...._\n__________
LEVEL:152:____________________\n_BWw..............._\n_11w.....G10......._\n_26w..wwwwwwww....._\n_www..woooooow....._\n_.....wooR15ow....._\n_.....woooooow....._\n_.....woborrow....._\n_.....woooooow....._\n_..wwwwwggggwwwww.._\n_..w............w.._\n_..w............w.._\n_..w............w.._\n_..wggg.........w.._\n_..wggg.....F13.w.._\n_..wfgg.........w.._\n_..wwwwwwwwwwwwww.._\n_.................._\n_.................._\n____________________
LEVEL:153:__________\n_L1.....O_\n_1......1_\n_8......9_\n_........_\n_F15.V12._\n_w.l.Kv.._\n_3.2.V..k_\n_.......k_\n__________
LEVEL:154:__________\n_B1gg..kb_\n_...v...._\n_......f3_\n_a3V12..._\n_........_\n_.g......_\n_K1.G...._\n_B1...F13_\n__________
LEVEL:155:__________\n_B12..G10_\n_...f...._\n_........_\n_gggggggg_\n_b......._\n_.....r.._\n_........_\n_F13..R15_\n__________
LEVEL:156:__________\n_.R.bll.f_\n_L18.lll._\n_.5..ll.r_\n_..r.ll.1_\n_..r.ll.l_\n_.F..ll.B_\n_B19.ll.1_\n_.3.....2_\n__________
LEVEL:157:__________\n_V12.r..._\n_R.rr2rw._\n_1r....wg_\n_4.ggrrwv_\n_gggF13aa_\n_r.gggggg_\n_a..rarar_\n_fargrara_\n__________
LEVEL:158:__________\n_B12..G10_\n_........_\n_gg..b.1._\n_Fgsr.r5._\n_.gsr.R.._\n_.gs....._\n_.gssss.._\n_.13S141F_\n__________
LEVEL:159:__________\n_B12..G10_\n_sss....._\n_gg..b.1._\n_Fgsr.r5._\n_.gsr.R.._\n_.gs....._\n_.gssss.._\n_.13S141F_\n__________
LEVEL:160:__________\n_kBK.w.b._\n_..1ww..._\n_..2w...._\n_wwww..V._\n_......1._\n_......3._\n_W18....._\n_.....B19_\n__________
LEVEL:161:__________\n_BK13gggG_\n_1rrrggR1_\n_2rbrgR16_\n_.rrrgg7g_\n_.ggggrgg_\n_.ggggggg_\n_.g..rggr_\n_.r.r.r.k_\n__________
LEVEL:162:__________\n_bwawaB12_\n_wawawawa_\n_awawawaw_\n_wawawawa_\n_awawawaw_\n_wawawawa_\n_awawawaw_\n_F13awawf_\n__________
LEVEL:163:__________\n_........_\n_.aaaaa.1_\n_.aabaa.3_\n_.aaaaa.._\n_........_\n_.A......_\n_.1......_\n_.2...B12_\n__________
LEVEL:164:__________\n_KRg...rs_\n_11.g..rr_\n_45.gg..._\n_.B13g..._\n_....wS12_\n_L...l..._\n_1.kkl.k._\n_0b.ll.k._\n__________
LEVEL:165:__________\n_VB12...3_\n_1o..o..._\n_4o..vK16_\n_oo.o...._\n_vobo.kk._\n_..o....._\n_..v..v.._\n_........_\n__________
LEVEL:166:__________\n_wfkwwwww_\n_lwwlwwlw_\n_sllsllsl_\n_.s......_\n_....b.s._\n_W16F13.._\n_..B19S14_\n_L18..B12_\n__________
LEVEL:167:__________\n_kk.k.kkk_\n_llo..o.k_\n_.lo..o.k_\n_.loooo.k_\n_.llll..k_\n_..looooo_\n_..lollll_\n_..lollll_\n_....llll_\n_........_\n_........_\n_L16....._\n_........_\n_........_\n_BK13...._\n_1......._\n_2.K17..._\n_b......._\n__________
LEVEL:168:_____________\n_..wwB12ww.._\n_..........._\n_..wwrwrww.._\n_..w.....w.._\n_W.Rw.b.wR.B_\n_1.w.....w.1_\n_6.w.....w.2_\n_w.w.......w_\n_w1.ww.ww.1w_\n_.........3._\n_..wwR15w..._\n_____________
LEVEL:169:_____________\n_B12F13fL17._\n_..........._\n_l.l.ll.ll.._\n_..........._\n_l.l..l..l.._\n_l..l..l...._\n_.l.....l.l._\n_ll.l.l.l..l_\n_..........._\n_..........._\n_b...B19.L18_\n_____________
LEVEL:170:__________\n_..b....._\n_B12.www._\n_K1.w.k.w_\n_...w...w_\n_....w.wF_\n_....wfw1_\n_.....w.3_\n_W17....._\n__________
LEVEL:171:_____________\n_B12S14F13ww_\n_S17O14W16bw_\n_wwwwwwwww.w_\n_wwwwww..osw_\n_wwwww..os.w_\n_wwww...so.w_\n_www...so..w_\n_ww.....so.w_\n_w......os.w_\n_........osw_\n_.......os.w_\n_w......so.w_\n_ww....so..w_\n_www....so.w_\n_wwww...os.w_\n_wwwww...osw_\n_wwwwww.os.w_\n_wwwwwwwwwfw_\n_____________
LEVEL:172:____________________\n_S16.........wwww.._\n_............wBFw.._\n_............w11w.._\n_............w23w.._\n_............wwww.._\n_...wwwwwwwww......_\n_...wosooooow......_\n_...wooooooow......_\n_...wooobosow......_\n_...wsooooosw......_\n_...woosoooow......_\n_...wwwwwwwww......_\n_.................._\n_.......f.........._\n_.................._\n_.................._\n_.................._\n_.................._\n____________________
LEVEL:173:__________\n_B12oo.b._\n_ooooo.F._\n_sosoo.1._\n_ofooo.3._\n_sosoo..._\n_oooooooo_\n_ooooO14o_\n_oooooooo_\n__________
LEVEL:174:____________________\n_wwowwf....Kwbwwow._\n_wB12wwF13.1w.wooWw_\n_wwbww.o.oA12.oo.1w_\n_LRwwV....o3o.wwo6r_\n_11.Br1......kwwwwg_\n_451.3..llll..wwwgg_\n_..4lwgwlllllllwwwg_\n_llllwvwllllllwK17w_\n____________________
LEVEL:175:__________\n_bsfgalro_\n_kwoBSFWA_\n_ROKGV213_\n_6750489w_\n_w.....ww_\n_w.wwwwWw_\n_w...vw1w_\n_B12V136w_\n__________
LEVEL:176:____________________\n_W........wwwwwwwww_\n_1wwwwwwwww......Kw_\n_6woooooowwR1.O.81w_\n_Kwooo3koww..3.1.9w_\n_1wkoooooww.......w_\n_4wo1kbkowwaaaaw.ww_\n_Awooooooww....oww._\n_1wK17ooowwb..woow._\n_9wwwwwwwwww.swoww._\n_Awwwwwwwwwwwlwwww._\n_1wb.....ww......w._\n_4wwwww.www.b.R..w._\n_Sw......ww.r.1..w._\n_1ww.wwwwww...5L.w._\n_4wrrrrrrww....1.w._\n_Bwrrfrrrww....8.w._\n_1wwwwwwwwwwwwwwww._\n_9R19F13L18R14B12.._\n____________________
LEVEL:177:__________\n_........_\n_S2..B12._\n_w...s..._\n_...7wooo_\n_.1.vooVo_\n_.3vbW1.6_\n_...voo2o_\n_V14.oO16_\n__________
LEVEL:178:____________________\n_WR1R.....wwwwwwwww_\n_1wwwwwwwww......Kw_\n_6wK17ooowwR1.O.81w_\n_Kwkooo3oww..3.1.9w_\n_1wkoooooww.......w_\n_4wo1kbkowwaaaaw.ww_\n_Awooooooww.....ww._\n_1woooooowwb..w..w._\n_9wwwwwwwwww.sw.ww._\n_Awwwwwwwwwwwlwwww._\n_1wb.....ww......w._\n_4wwwww.www.b.R..w._\n_Sw......ww.r.1..w._\n_1ww.wwwwww...5L.w._\n_4wrrrrrrww....1.w._\n_Bwrrfrrrww....8.w._\n_1wwwwwwwwwwwwwwww._\n_9R19F13L18R14B12.._\n____________________
LEVEL:179:__________\n_KF13K1K._\n_1f......_\n_4.wwwwwk_\n_B.wK1b.._\n_1.waA.6._\n_2WwvV.2._\n_w1wgG.0._\n_w6wlL.8._\n__________
LEVEL:180:____________________\n_S14W16...........V_\n_B12V18ww.........1_\n_G14S19..w........5_\n_.w.w..ww.........._\n_...www............_\n_.................._\n_.................._\n_....wwwwsw........_\n_...w.vb..w........_\n_..w..b...w........_\n_...w..b..w........_\n_....wwwwww........_\n_.................._\n_...O15........gggg_\n_...F13....gggggggg_\n_.........gggoooooo_\n_......ggggggoooooo_\n_..ggggggggggooooof_\n____________________
LEVEL:181:____________\n_L.kwB..K1r_\n_w.r..3.fos_\n_wS1.....s1_\n_g.r.W1..s4_\n_W.b......._\n_kk..rb.ff5_\n_9.B12....G_\n_.b.f.swgw1_\n_g.o...oO.0_\n_v.wwoRF1.f_\n____________
LEVEL:182:__________\n_K14....._\n_1k..k..._\n_.boL..k._\n_.A15..aa_\n_.b....b._\n_k...F.k._\n_..k.1..._\n_B12.lf13_\n__________
LEVEL:183:____________________\n_Wwvvvvvvvfvvvvvvvv_\n_1wvvvvvvv.vvvvvvvv_\n_6wvvvvvvv.vvvvvvvv_\n_Fwvvvvvvv.vvvvvvvv_\n_1wvvvvvvv.vvvvvvvv_\n_3wvvvvvvvvvvvvvvvv_\n_Vwvvvvvvvvvvvvvvvv_\n_1wvvvvvvvvvvvvvvvv_\n_4wvvvvvvvvvvvvvvvv_\n_wwvvvvvvvvvvwwwwww_\n_............r....._\n_............rRK.B._\n_...b..sss...r11.1._\n_..B12..S....r457.._\n_..B12..1....r....._\n_.......5....kw...._\n_.O1O........ww...._\n_............w....._\n____________________
BATCH:-1:0:0
BATCH:-1:1:1
BATCH:-1:2:2
BATCH:-1:3:3
BATCH:-1:4:4
BATCH:-1:5:5
BATCH:-1:6:6
BATCH:-1:7:7
BATCH:-1:8:8
BATCH:-1:9:9
BATCH:-1:10:10
BATCH:-1:11:11
BATCH:-1:12:12
BATCH:-1:13:13
BATCH:-1:14:14
BATCH:-1:15:15
BATCH:-1:16:16
BATCH:-1:17:17
BATCH:-1:18:18
BATCH:-1:19:19
BATCH:-1:20:20
BATCH:-1:21:21
BATCH:-1:22:22
BATCH:-1:23:23
BATCH:-1:24:24
BATCH:-1:25:25
BATCH:-1:26:26
BATCH:-1:27:27
BATCH:-1:28:28
BATCH:-1:29:29
BATCH:-1:30:30
BATCH:-1:31:31
BATCH:-1:32:32
BATCH:-1:33:33
BATCH:-1:34:34
BATCH:-1:35:35
BATCH:-1:36:36
BATCH:-1:37:37
BATCH:-1:38:38
BATCH:-1:39:39
BATCH:-1:40:40
BATCH:-1:41:41
BATCH:-1:42:42
BATCH:-1:43:43
BATCH:-1:44:44
BATCH:-1:45:45
BATCH:-1:46:46
BATCH:-1:47:47
BATCH:-1:48:48
BATCH:-1:49:49
BATCH:-1:50:50
BATCH:-1:51:51
BATCH:-1:52:52
BATCH:-1:53:53
BATCH:-1:54:54
BATCH:-1:55:55
BATCH:-1:56:56
BATCH:-1:57:57
BATCH:-1:58:58
BATCH:-1:59:59
BATCH:-1:60:60
BATCH:-1:61:61
BATCH:-1:62:62
BATCH:-1:63:63
BATCH:-1:64:64
BATCH:-1:65:65
BATCH:-1:66:66
BATCH:-1:67:67
BATCH:-1:68:68
BATCH:-1:69:69
BATCH:-1:70:70
BATCH:-1:71:71
BATCH:-1:72:72
BATCH:-1:73:73
BATCH:-1:74:74
BATCH:-1:75:75
BATCH:-1:76:76
BATCH:-1:77:77
BATCH:-1:78:78
BATCH:-1:79:79
BATCH:-1:80:80
BATCH:-1:81:81
BATCH:-1:82:82
BATCH:-1:83:83
BATCH:-1:84:84
BATCH:-1:85:85
BATCH:-1:86:86
BATCH:-1:87:87
BATCH:-1:88:88
BATCH:-1:89:89
BATCH:-1:90:90
BATCH:-1:91:91
BATCH:-1:92:92
BATCH:-1:93:93
BATCH:-1:94:94
BATCH:-1:95:95
BATCH:-1:96:96
BATCH:-1:97:97
BATCH:-1:98:98
BATCH:-1:99:99
BATCH:-1:100:100
BATCH:-1:101:101
BATCH:-1:102:102
BATCH:-1:103:103
BATCH:-1:104:104
BATCH:-1:105:105
BATCH:-1:106:106
BATCH:-1:107:107
BATCH:-1:108:108
BATCH:-1:109:109
BATCH:-1:110:110
BATCH:-1:111:111
BATCH:-1:112:112
BATCH:-1:113:113
BATCH:-1:114:114
BATCH:-1:115:115
BATCH:-1:116:116
BATCH:-1:117:117
BATCH:-1:118:118
BATCH:-1:119:119
BATCH:-1:120:120
BATCH:-1:121:121
BATCH:-1:122:122
BATCH:-1:123:123
BATCH:-1:124:124
BATCH:-1:125:125
BATCH:-1:126:126
BATCH:-1:127:127
BATCH:-1:128:128
BATCH:-1:129:129
BATCH:-1:130:130
BATCH:-1:131:131
BATCH:-1:132:132
BATCH:-1:133:133
BATCH:-1:134:134
BATCH:-1:135:135
BATCH:-1:136:136
BATCH:-1:137:137
BATCH:-1:138:138
BATCH:-1:139:139
BATCH:-1:140:140
BATCH:-1:141:141
BATCH:-1:142:142
BATCH:-1:143:143
BATCH:-1:144:144
BATCH:-1:145:145
BATCH:-1:146:146
BATCH:-1:147:147
BATCH:-1:148:148
BATCH:-1:149:149
BATCH:-1:150:150
BATCH:-1:151:151
BATCH:-1:152:152
BATCH:-1:153:153
BATCH:-1:154:154
BATCH:-1:155:155
BATCH:-1:156:156
BATCH:-1:157:157
BATCH:-1:158:158
BATCH:-1:159:159
BATCH:-1:160:160
BATCH:-1:161:161
BATCH:-1:162:162
BATCH:-1:163:163
BATCH:-1:164:164
BATCH:-1:165:165
BATCH:-1:166:166
BATCH:-1:167:167
BATCH:-1:168:168
BATCH:-1:169:169
BATCH:-1:170:170
BATCH:-1:171:171
BATCH:-1:172:172
BATCH:-1:173:173
BATCH:-1:174:174
BATCH:-1:175:175
BATCH:-1:176:176
BATCH:-1:177:177
BATCH:-1:178:178
BATCH:-1:179:179
BATCH:-1:180:180
BATCH:-1:181:181
BATCH:-1:182:182
BATCH:-1:183:183
EVAL_INSTANCE:0:0:389
RUN_RESULT:0:0:0:2000:----
RUN_RESULT:0:0:1:2000:----
RUN_RESULT:0:0:2:7:UR
RUN_RESULT:0:0:3:2000:----
RUN_RESULT:0:0:4:501:ULLLUUULUURDDRR
RUN_RESULT:0:0:5:63:DRRRUU
RUN_RESULT:0:0:6:91:UUUU
RUN_RESULT:0:0:7:2000:----
RUN_RESULT:0:0:8:2000:----
RUN_RESULT:0:0:9:3:UUR
RUN_RESULT:0:0:10:24:DDD
RUN_RESULT:0:0:11:104:DDDDDDDRRRRRU
RUN_RESULT:0:0:12:189:ULLLLDURRUUUURRLLLLDL
RUN_RESULT:0:0:13:2000:----
RUN_RESULT:0:0:14:2000:----
RUN_RESULT:0:0:15:2000:----
RUN_RESULT:0:0:16:2000:----
RUN_RESULT:0:0:17:55:LLUUUUUULLL
RUN_RESULT:0:0:18:2000:----
RUN_RESULT:0:0:19:2000:----
RUN_RESULT:0:0:20:1348:DDDRDRRDUUUURR
RUN_RESULT:0:0:21:2000:----
RUN_RESULT:0:0:22:35:DDDR
RUN_RESULT:0:0:23:58:DDDLLDRRRR
RUN_RESULT:0:0:24:143:DDDDDRRR
RUN_RESULT:0:0:25:2000:----
RUN_RESULT:0:0:26:23:DLL
RUN_RESULT:0:0:27:110:DDDDDDRRRR
RUN_RESULT:0:0:28:2000:----
RUN_RESULT:0:0:29:2000:----
RUN_RESULT:0:0:30:2000:----
RUN_RESULT:0:0:31:2000:----
RUN_RESULT:0:0:32:107:UUUUUURR
RUN_RESULT:0:0:33:1501:UURUUULLU
RUN_RESULT:0:0:34:2000:----
RUN_RESULT:0:0:35:2000:----
RUN_RESULT:0:0:36:29:RRR
RUN_RESULT:0:0:37:5:UU
RUN_RESULT:0:0:38:2000:----
RUN_RESULT:0:0:39:2000:----
RUN_RESULT:0:0:40:50:DDRURDUURRDRRUR
RUN_RESULT:0:0:41:89:UUDRULLUUUUUUUUUUL
RUN_RESULT:0:0:42:1751:LLULUU
RUN_RESULT:0:0:43:2000:----
RUN_RESULT:0:0:44:8:RLR
RUN_RESULT:0:0:45:2000:----
RUN_RESULT:0:0:46:2000:----
RUN_RESULT:0:0:47:2000:----
RUN_RESULT:0:0:48:2000:----
RUN_RESULT:0:0:49:2000:----
RUN_RESULT:0:0:50:8:DDR
RUN_RESULT:0:0:51:9:DDLDRRLLL
RUN_RESULT:0:0:52:75:DRRR
RUN_RESULT:0:0:53:2000:----
RUN_RESULT:0:0:54:2000:----
RUN_RESULT:0:0:55:2000:----
RUN_RESULT:0:0:56:2000:----
RUN_RESULT:0:0:57:2000:----
RUN_RESULT:0:0:58:104:DRRR
RUN_RESULT:0:0:59:2000:----
RUN_RESULT:0:0:60:1:U
RUN_RESULT:0:0:61:2000:----
RUN_RESULT:0:0:62:2000:----
RUN_RESULT:0:0:63:2000:----
RUN_RESULT:0:0:64:473:UUUUULUR
RUN_RESULT:0:0:65:328:DRDRRR
RUN_RESULT:0:0:66:2000:----
RUN_RESULT:0:0:67:2000:----
RUN_RESULT:0:0:68:2000:----
RUN_RESULT:0:0:69:2000:----
RUN_RESULT:0:0:70:2000:----
RUN_RESULT:0:0:71:2000:----
RUN_RESULT:0:0:72:153:URDRLL
RUN_RESULT:0:0:73:24:DDD
RUN_RESULT:0:0:74:14:DDD
RUN_RESULT:0:0:75:501:ULLLUUULUURDDRR
RUN_RESULT:0:0:76:2000:----
RUN_RESULT:0:0:77:1926:UUUULUU
RUN_RESULT:0:0:78:2000:----
RUN_RESULT:0:0:79:84:UUUUURURD
RUN_RESULT:0:0:80:491:RRUURRDLLDLLURDRUUU
RUN_RESULT:0:0:81:95:UUUURUURRURRRR
RUN_RESULT:0:0:82:2000:----
RUN_RESULT:0:0:83:60:RRRRR
RUN_RESULT:0:0:84:2000:----
RUN_RESULT:0:0:85:2000:----
RUN_RESULT:0:0:86:26:DDRRLLDDDDDRRRRR
RUN_RESULT:0:0:87:2000:----
RUN_RESULT:0:0:88:2000:----
RUN_RESULT:0:0:89:32:UURRDRDRD
RUN_RESULT:0:0:90:2000:----
RUN_RESULT:0:0:91:189:ULLLLDURRUUUURRLLLLDL
RUN_RESULT:0:0:92:2000:----
RUN_RESULT:0:0:93:2000:----
RUN_RESULT:0:0:94:155:UUULLDUURUUUULLLLLLLDRDDDRRRDDD
RUN_RESULT:0:0:95:2000:----
RUN_RESULT:0:0:96:2000:----
RUN_RESULT:0:0:97:8:UUR
RUN_RESULT:0:0:98:2:L
RUN_RESULT:0:0:99:2000:----
RUN_RESULT:0:0:100:2000:----
RUN_RESULT:0:0:101:2000:----
RUN_RESULT:0:0:102:4:R
RUN_RESULT:0:0:103:2000:----
RUN_RESULT:0:0:104:2000:----
RUN_RESULT:0:0:105:2000:----
RUN_RESULT:0:0:106:2000:----
RUN_RESULT:0:0:107:2000:----
RUN_RESULT:0:0:108:146:DRRDDLULDUUURRRRRLDRULLLLLDDDRRRDDDDR
RUN_RESULT:0:0:109:2000:----
RUN_RESULT:0:0:110:2000:----
RUN_RESULT:0:0:111:2000:----
RUN_RESULT:0:0:112:108:RRRDDRDDLURRLLLLLDDD
RUN_RESULT:0:0:113:18:DRR
RUN_RESULT:0:0:114:2000:----
RUN_RESULT:0:0:115:1488:UURRURDRDRDDDLLLLL
RUN_RESULT:0:0:116:2000:----
RUN_RESULT:0:0:117:2000:----
RUN_RESULT:0:0:118:2000:----
RUN_RESULT:0:0:119:2000:----
RUN_RESULT:0:0:120:2000:----
RUN_RESULT:0:0:121:2000:----
RUN_RESULT:0:0:122:32:DDRRR
RUN_RESULT:0:0:123:45:DDRR
RUN_RESULT:0:0:124:2000:----
RUN_RESULT:0:0:125:111:RRDRDR
RUN_RESULT:0:0:126:14:URR
RUN_RESULT:0:0:127:48:DDDDL
RUN_RESULT:0:0:128:2000:----
RUN_RESULT:0:0:129:100:UULLDDRRRURURUU
RUN_RESULT:0:0:130:2000:----
RUN_RESULT:0:0:131:2000:----
RUN_RESULT:0:0:132:2000:----
RUN_RESULT:0:0:133:728:RRLURURDD
RUN_RESULT:0:0:134:2000:----
RUN_RESULT:0:0:135:2000:----
RUN_RESULT:0:0:136:111:RRDRDR
RUN_RESULT:0:0:137:48:DDDDL
RUN_RESULT:0:0:138:156:DRRRDRUDDDDD
RUN_RESULT:0:0:139:2000:----
RUN_RESULT:0:0:140:127:UUUUURRURRRR
RUN_RESULT:0:0:141:271:UUUURRURDRDDDD
RUN_RESULT:0:0:142:99:UUUUR
RUN_RESULT:0:0:143:774:UUURRURDDDDDD
RUN_RESULT:0:0:144:2000:----
RUN_RESULT:0:0:145:2000:----
RUN_RESULT:0:0:146:213:LUURRRDDDRRURUUULLULUUURURRRRDDDDDDDDDL
RUN_RESULT:0:0:147:7:UL
RUN_RESULT:0:0:148:2000:----
RUN_RESULT:0:0:149:2000:----
RUN_RESULT:0:0:150:2000:----
RUN_RESULT:0:0:151:2000:----
RUN_RESULT:0:0:152:2000:----
RUN_RESULT:0:0:153:2000:----
RUN_RESULT:0:0:154:30:DRRR
RUN_RESULT:0:0:155:2000:----
RUN_RESULT:0:0:156:32:LDRDLUURRRRR
RUN_RESULT:0:0:157:1116:DDLLLLLDLDL
RUN_RESULT:0:0:158:2000:----
RUN_RESULT:0:0:159:2000:----
RUN_RESULT:0:0:160:2000:----
RUN_RESULT:0:0:161:2000:----
RUN_RESULT:0:0:162:99:DDDDDDRRRDRRRR
RUN_RESULT:0:0:163:2000:----
RUN_RESULT:0:0:164:2000:----
RUN_RESULT:0:0:165:91:URRRUUDDRUUDDD
RUN_RESULT:0:0:166:73:LLLDULDU
RUN_RESULT:0:0:167:2000:----
RUN_RESULT:0:0:168:2000:----
RUN_RESULT:0:0:169:2000:----
RUN_RESULT:0:0:170:2000:----
RUN_RESULT:0:0:171:2000:----
RUN_RESULT:0:0:172:63:DDDDD
RUN_RESULT:0:0:173:13:DDDRUUULLL
RUN_RESULT:0:0:174:252:DDRDDLLDDD
RUN_RESULT:0:0:175:20:RRRRRDULLL
RUN_RESULT:0:0:176:2000:----
RUN_RESULT:0:0:177:2000:----
RUN_RESULT:0:0:178:2000:----
RUN_RESULT:0:0:179:653:DDDRURULDLURRUUULLLLLL
RUN_RESULT:0:0:180:2000:----
RUN_RESULT:0:0:181:2000:----
RUN_RESULT:0:0:182:2000:----
RUN_RESULT:0:0:183:2000:----
The time of execution is: 318.612229347229 s
