pygame 2.2.0 (SDL 2.30.7, Python 3.8.10)
Hello from the pygame community. https://www.pygame.org/contribute.html
LEVEL:0:__________\n_B12oo.b._\n_ooooo.F._\n_sosoo.1._\n_ofooo.3._\n_sosoo..._\n_oooooooo_\n_ooooO14o_\n_oooooooo_\n__________
BATCH:0:0:0
TRAINING ON LEVEL:173
of 184 levels
---LEVEL STRING---
__________
_B12oo.b._
_ooooo.F._
_sosoo.1._
_ofooo.3._
_sosoo..._
_oooooooo_
_ooooO14o_
_oooooooo_
__________
---LEVEL STRING---
TRACK:0;-1;-1;0;2;6;6;5;4;1;1;0;0;20;9.274057091846512;16;1;10;20;1.971424766988159;5;2;21;-7.312824311124235;14;2;4;2;7;1.8086275106837775;13;1;0;15;25;0;11;15;3;6;6;1;4;0;1;5;8;6;23;-4.758236553005764;2;4;23;-2.646905128994293;6;10;2;4;4;5;23;1.2348194074858796;4;6;4;16;6;4;0;6;2;3;3;0;0;13;25;2;25;19;3;1;2;1;21;4.947949308292115;14;1;13;12;0;6;11;3;7;-9.331203468191214;5;4;1;4;5;4;9;2;6;1;10;8;6;0;14;20;0.6990863022456395
TRACK:1;-1;-1;3;4;2;3;0;5;5;5;6;2;25;20;-1.3482063271598221;2;6;3;2;4;18;2;22;-0.12550667473694688;23;7.533161720539788;3;2;5;4;15;4;5;21;-2.8644104697106565;0;3;4;2;1;2;4;10;2;10;9;6;1;24;18;6;6;0;19;23;-4.790790624924854;6;0;3;2;6;6;10;6;3;14;4;3;2;6;19;3;23;6.515649325162318
TRACK:2;-1;-1;6;6;1;4;0;0;4;2;4;3;25;0;6;19;0;18;20;-6.1234201272594095;1;0;0;4;22;-7.129940120576055;5;19;1;0;24;25;3;14;2;4;4;18;2;4;21;0.48476349702313115;3;7;3.4983210162942022;6;2;6;1;4;9;5;24;3;3;2;9;10;3;2;6;6;3;0;3;19;0;19;12;1;2;1;6;1;15;21;3.222950536093256;2;3;19;0;16;10;2;2;4;16;3;24;2;6;18;6;8;3;4;6;4;20;-7.3084839821726355
TRACK:3;-1;-1;5;1;5;4;4;6;6;2;0;5;17;4;9;4;2;24;21;9.888159305875131;5;0;5;1;0;5;1;6;25;4;23;8.69468042606944;0;6;1;14;11;2;4;24;2;16;11;3;4;0;5;22;3.8451497782676434;5;11;4;6;4;0;1;4;10;4;25;0;3;7;5.133027544494615;3;11
TRACK:4;-1;-1;5;4;1;2;5;1;5;4;5;0;12;8;6;3;0;3;18;4;21;-5.087936118515084;4;5;3;1;1;5;16;2;10;9;1;6;18;0;15;12;1;6;4;6;5;5;2;18;19;5;0;0;1;2;4;25;2;17;7;4.116158806528613;0;5;25;1;11;7;-0.507594830423411;1;5;4;24;1;6;10;6;16;1;6;4;1;9;13;1;6;6;12;1;5;14;5;14
TRACK:5;-1;-1;2;3;6;6;0;5;6;1;1;3;17;5;7;-2.0490656638236837;1;3;25;2;9;13;6;2;3;5;4;7;-9.430951340111886;2;5;5;9;6;3;19;5;6;3;2;5;0;2;3;3;15;4;2;9;20;-7.545136859767174;4;3;6;20;-1.347624719730467;1;4;2;1;2;9;8;4;8;3;2;13;22;-9.08876191920408;2;0;0;1;8;21;-1.466676679318617;6;13;6;1;25;8;0;0;0;25;20;-6.785534804713793;2;10;22;-7.919689608394364;2;3;15;4;7;5.025786253523419
TRACK:6;-1;-1;3;4;4;3;4;5;4;3;0;6;24;6;15
TRACK:7;-1;-1;6;0;0;6;1;4;6;6;5;2;16;20;-6.868087835883927;6;5;0;1;4;15;1;9;18;6;6;16;0;2;5;2;2;3;5;11;4;0;18;20;-8.038269474888654;3;4;6;12;0;4;0;5;3;9;0;5;13;5;8;5;6;2;6;9;0;16;10;2;1;6;1;1;6;17;6;13;0;6;9;4;24;4;0;0;3;18;4;22;0.32770391589943415;5;1;12;22;-9.710718566030216;1;6;4;1;2;8;11;2;7;-3.9713977736189783;8;4;5;4;4;14;3;4;0;1;0;3;0;0;12;14;4;25;4;2;2;13;25;3;20;-7.453960683964109;1;0;6;3;17;6;5;11;1;0;5;9;0;10;25;6;6;15;4;5;0;6;4;24;5;3;8
TRACK:8;-1;-1;3;4;3;4;2;2;1;2;6;5;25;0;4;16;5;19;1;5;0;16;24;2;2;9;12;0;23;5.27053029003099;7;-4.219997695804409;1;5;5;2;19;11;4;4;5;24;1;1;6;1;3;23;6.323337406110372;2;9;25;1;5;0;10;15;3;2;15;12;4;5;5;5;8
TRACK:9;-1;-1;2;3;4;5;2;4;3;6;0;6;19;5;15;4;6;3;6;4;16;2;2;4;6;0;4;2;5;3;17;3;1;8;21;5.5135162374858115;0;0;4;3;24;5;2;12;21;5.641891842543615;2;3;1;16;25;1;2;24;9;4;11;4;0;1;1;6;2;5;21;9.145235613612353;4;14;3;0;2;20;1.2538812376793622;9;2;19;17;6;1;2;6;21;4.69933584744914;2;22;-3.407119856203926;23;5.943714125929514;4;3;12;5;6;4;5;4;24;4;2;2;1;3;5;6;1;15;7;-3.3308090510773063;1;3;4;1;7;-2.9189347477706846;8;5;0;5;8;0;22;-0.15380942681951737;17;2;6;5;0;5;13;1;19;7;0.4455129654035179;1;5;6;6;25;5;5;1;19;14;1;1;1;4;0;0;24;9;5;21;8.013488885061047;3;1;6;21;9.851474750654962;4;8;3;1;5;6;8;3;0;11;14;5;3;6;0;1;25;8;5;13
EVAL_INSTANCE:0:0:0
EVAL_INSTANCE:0:1:1
EVAL_INSTANCE:0:2:2
EVAL_INSTANCE:0:3:3
EVAL_INSTANCE:0:4:4
EVAL_INSTANCE:0:5:5
EVAL_INSTANCE:0:6:6
EVAL_INSTANCE:0:7:7
EVAL_INSTANCE:0:8:8
EVAL_INSTANCE:0:9:9
RUN_RESULT:0:0:0:2000:----
RUN_RESULT:0:1:0:2000:----
RUN_RESULT:0:2:0:65:DDDLL
RUN_RESULT:0:3:0:65:DDDLL
RUN_RESULT:0:4:0:65:DDDLL
RUN_RESULT:0:5:0:38:DDDLL
RUN_RESULT:0:6:0:65:DDDLL
RUN_RESULT:0:7:0:17:DDDLL
RUN_RESULT:0:8:0:2000:----
RUN_RESULT:0:9:0:2000:----
=================================================
n_gen  |  n_eval  |     f_avg     |     f_min    
=================================================
     1 |       10 | -2.368500E+03 | -3.983000E+03
TRACK:10;5;6;2;3;6;6;0;5;6;1;1;3;17;5;7;-2.0490656638236837;1;3;25;2;9;13;6;2;3;5;4;7;-9.430951340111886;2;5;5;9;6;3;19;5;6;3;2;5;0;2;3;3;15;4;2;9;20;-7.545136859767174;4;3;6;20;-1.347624719730467;1;4;2;1;2;9;8;4;8;3;2;13;22;-9.08876191920408;2;0;0;1;8;21;-1.466676679318617;6;13;6;1;25;8;0;0;0;25;20;-6.785534804713793;2;24;22;-7.919689608394364;2;3;15;4;7;5.025786253523419
TRACK:11;5;6;3;4;4;3;4;5;4;3;2;10;22;-7.919689608394364
TRACK:12;7;8;6;0;0;6;1;4;6;6;5;2;16;20;-6.868087835883927;6;5;0;1;4;15;1;9;18;6;6;16;0;2;5;2;2;3;5;11;4;0;18;20;-8.038269474888654;3;4;6;12;0;4;0;5;3;9;0;5;13;5;8;5;6;2;6;9;0;16;10;2;1;6;1;1;6;17;6;13;0;6;9;4;24;4;0;0;3;18;4;22;0.32770391589943415;5;1;12;22;-9.710718566030216;1;6;4;1;2;8;11;2;7;-3.9713977736189783;24;4;5;4;4;14;3;4;0;1;0;3;0;0;12;14;4;25;4;2;2;13;25;3;20;-7.453960683964109;1;0;6;3;17;6;5;11;1;0;5;9;0;10;25;6;6;15;4;5;0;6;4;24;5;3;8
TRACK:13;7;8;3;4;3;4;2;2;1;2;6;5;25;0;4;16;5;19;1;5;0;16;24;2;2;9;12;0;23;5.27053029003099;7;-4.219997695804409;1;5;5;2;19;11;4;4;5;11;1;1;6;1;3;23;6.323337406110372;2;9;25;1;5;0;10;15;3;2;15;12;4;5;5;5;8
TRACK:14;2;3;6;6;1;4;0;0;4;2;4;3;25;0;6;19;0;18;20;-6.1234201272594095;1;0;0;4;22;-7.129940120576055;5;19;1;0;24;25;3;14;2;4;4;18;2;4;21;0.48476349702313115;3;7;3.4983210162942022;6;2;6;1;4;9;5;24;3;3;2;9;10;3;2;6;6;3;0;3;19;0;19;12;1;2;1;6;1;15;21;3.222950536093256;2;3;19;0;16;10;2;2;4;16;3;24;2;6;24;6;8;3;4;6;4;20;-7.3084839821726355
TRACK:15;2;3;5;1;5;4;4;6;6;2;0;5;17;4;9;4;2;24;21;9.888159305875131;5;0;5;1;0;5;18;0;6;1;14;11;2;4;24;2;16;11;3;4;0;5;22;3.8451497782676434;5;11;4;6;4;0;1;4;10;4;25;0;3;7;5.133027544494615;3;11
TRACK:16;7;8;6;0;0;6;1;4;6;6;5;2;16;20;-6.868087835883927;6;5;0;1;4;15;1;9;18;6;6;16;0;2;5;2;2;3;5;11;4;0;18;20;-8.038269474888654;3;4;6;12;0;4;0;5;3;9;0;5;13;5;8;5;6;2;6;9;0;16;10;2;1;6;1;1;6;17;6;13;0;6;9;4;24;4;0;0;3;18;4;22;0.32770391589943415;5;1;12;22;-9.710718566030216;1;6;4;1;2;8;11;2;7;-3.9713977736189783;8;25;3;4;0;1;0;3;0;0;12;14;4;25;4;2;2;13;25;3;20;-7.453960683964109;1;0;6;3;17;6;5;11;1;0;5;9;0;10;25;6;6;15;4;5;0;6;4;24;5;3;8
TRACK:17;7;8;3;4;3;4;2;2;1;2;6;5;25;0;4;16;5;19;1;5;0;16;24;2;2;9;12;0;23;5.27053029003099;7;-4.219997695804409;1;5;5;2;19;11;4;4;5;24;1;1;6;2;16;20;-6.868087835883927;1;5;0;10;15;3;2;15;12;4;5;5;5;8
TRACK:18;5;2;2;3;6;6;0;5;6;1;1;3;17;5;7;-2.0490656638236837;1;3;25;2;9;13;6;2;3;5;4;7;-9.430951340111886;2;5;5;9;6;3;19;5;6;3;2;5;0;2;3;3;15;4;2;9;20;-7.545136859767174;4;3;6;20;-1.347624719730467;1;4;2;1;2;9;8;4;8;3;2;13;22;-9.08876191920408;2;0;0;1;8;21;-1.466676679318617;6;13;6;1;25;8;0;0;0;25;20;-6.785534804713793;2;10;22;-7.919689608394364;2;3;19;4;7;5.025786253523419
TRACK:19;5;2;6;6;1;4;0;0;4;2;4;3;25;0;6;19;0;18;20;-6.1234201272594095;1;0;0;4;22;-7.129940120576055;5;19;1;0;24;25;3;14;2;4;4;18;2;4;21;0.48476349702313115;3;7;3.4983210162942022;6;2;6;1;4;9;5;24;3;3;2;9;10;3;2;6;6;3;0;7;-2.0490656638236837;0;19;12;1;2;1;6;1;15;21;3.222950536093256;2;3;19;0;16;10;2;2;4;16;3;24;2;6;18;6;8;3;4;6;4;20;-7.3084839821726355
TRACK:20;10;-1;2;3;6;6;0;5;6;1;1;3;17;5;7;-2.0467182556353913;1;3;25;2;9;13;6;2;3;5;4;7;-9.464129884148031;2;5;5;9;6;3;19;5;6;3;2;5;0;2;3;3;15;4;2;9;20;-7.451202541619796;4;3;6;20;-1.4827944559049706;1;4;2;1;4;8;5;19;3;2;13;22;-9.063539963392165;2;0;0;1;8;21;-1.4257412886705783;6;13;6;1;25;8;0;0;0;25;20;-6.783630167834246;2;24;22;-7.902169614883655;2;3;15;4;7;4.765884977734839
TRACK:21;12;-1;6;0;0;6;1;4;6;6;5;2;16;20;-6.947487657742926;6;5;0;1;4;15;1;9;18;6;6;16;0;2;5;4;9;0;4;0;5;3;9;0;5;13;5;8;5;6;2;6;9;0;16;10;2;1;6;1;1;6;17;6;13;0;6;9;4;24;4;0;0;3;18;4;22;0.3746134239701312;5;1;12;22;-9.765144940006254;1;6;4;1;2;8;11;2;7;-4.118964345751958;24;4;5;4;4;14;3;4;0;1;0;3;0;0;12;14;4;25;4;2;2;13;25;3;20;-7.271543415145739;1;0;6;3;17;6;5;11;1;0;5;9;0;10;25;6;6;15;4;5;0;6;4;24;5;3;8
TRACK:22;14;-1;6;6;1;4;0;0;4;2;4;3;25;0;6;19;0;18;20;-6.0277027983938956;1;0;0;4;22;-6.859639428014312;5;19;1;0;24;25;3;14;2;4;4;18;2;4;21;0.45369070376455445;3;7;3.5251979431354212;6;2;6;1;4;9;5;24;3;3;2;9;10;3;2;6;6;1;2;20;-1.0104041310261298;16;0;24;17;1;2;1;6;1;15;21;3.2067668867408967;2;3;19;0;16;10;2;2;4;16;3;24;2;6;24;6;8;3;4;6;4;20;-7.309505071186468
TRACK:23;16;-1;6;0;0;6;1;4;6;6;5;2;16;20;-6.853629778806465;6;5;0;1;4;15;1;9;18;6;6;16;0;2;5;2;2;3;5;11;4;0;18;20;-8.096566513971108;3;4;6;12;0;4;0;5;3;9;0;5;13;5;8;5;6;2;6;9;0;16;10;2;1;6;1;1;6;17;6;13;0;6;9;4;24;4;0;0;3;18;4;22;0.2049257378735676;5;1;23;-7.469228053963071;22;-9.563954178801227;1;6;4;1;2;8;11;2;7;-3.8996694851254574;8;25;3;4;0;1;0;3;0;0;12;14;4;25;4;2;2;13;25;3;20;-7.305582491292154;1;0;6;3;17;6;5;11;1;0;5;9;0;10;25;6;6;15;4;5;0;6;4;24;5;3;8
TRACK:24;18;-1;2;3;6;6;0;5;6;1;1;3;17;5;7;-2.1808963510655874;1;3;25;2;9;13;6;2;3;5;4;7;-9.596601472690088;2;5;5;9;6;3;19;5;6;3;2;5;0;2;3;3;15;4;2;9;20;-7.617054069516297;4;3;6;20;-1.321937712363048;1;4;2;1;2;9;8;4;8;3;2;13;22;-9.14020560950597;2;0;0;1;8;21;-1.4977811988846614;6;13;6;1;25;8;0;0;0;25;21;1.9513379553364487;2;10;22;-7.886856894097425;2;3;19;4;7;5.091638673293693
TRACK:25;11;-1;3;4;4;3;6;0;6;4;4;4;17;1;4;4;1;7;3.82026053051246;14;3;4;0;13;8
TRACK:26;13;-1;3;4;3;4;2;2;1;2;6;5;25;0;4;16;5;19;1;5;0;16;24;2;2;9;12;0;23;5.455066130076174;7;-4.141808084501087;1;5;5;2;19;11;4;4;5;11;1;1;6;1;3;23;6.487808820376035;2;9;25;1;5;0;10;15;3;2;15;12;4;5;5;5;17
TRACK:27;15;-1;5;1;5;4;4;6;6;2;5;6;11;0;0;22;-5.8063477528375635;14;1;24;16;5;0;5;1;0;5;18;0;6;1;14;11;2;4;24;2;16;11;3;4;0;5;22;3.8931225063338726;5;11;4;6;4;0;1;4;10;4;25;0;3;7;5.204564131579992;3;11
TRACK:28;17;-1;3;4;3;4;2;2;1;2;6;5;25;0;4;16;5;19;1;5;0;16;24;2;2;9;12;0;23;5.211585405423987;7;-4.0466587789595225;1;5;5;2;19;11;4;4;3;22;6.8543934145221215;1;1;6;2;16;20;-6.7294830895735895;1;5;0;10;15;3;2;15;12;4;5;5;5;8
TRACK:29;19;-1;6;6;1;4;0;0;4;2;4;3;25;0;6;19;0;18;20;-6.027388140598109;1;0;0;4;22;-7.091693937162829;5;19;1;0;9;25;3;14;2;4;4;18;2;4;21;0.4904111194833985;3;7;3.4809386405137235;6;2;6;1;4;9;5;24;3;3;2;9;10;3;2;6;6;3;0;7;-2.113891613439812;0;19;12;1;2;1;6;1;15;21;3.1551676145687253;2;3;19;0;16;10;2;2;4;16;3;24;2;6;18;6;8;3;4;6;4;20;-7.496959675419599
EVAL_INSTANCE:1:0:20
EVAL_INSTANCE:1:1:21
EVAL_INSTANCE:1:2:22
EVAL_INSTANCE:1:3:23
EVAL_INSTANCE:1:4:24
EVAL_INSTANCE:1:5:25
EVAL_INSTANCE:1:6:26
EVAL_INSTANCE:1:7:27
EVAL_INSTANCE:1:8:28
EVAL_INSTANCE:1:9:29
RUN_RESULT:1:0:0:38:DDDLL
RUN_RESULT:1:1:0:2000:----
RUN_RESULT:1:2:0:65:DDDLL
RUN_RESULT:1:3:0:17:DDDLL
RUN_RESULT:1:4:0:38:DDDLL
RUN_RESULT:1:5:0:65:DDDLL
RUN_RESULT:1:6:0:2000:----
RUN_RESULT:1:7:0:63:DDDLL
RUN_RESULT:1:8:0:2000:----
RUN_RESULT:1:9:0:63:DDDLL
     2 |       20 | -3.953100E+03 | -3.983000E+03
TRACK:30;5;23;2;3;6;6;0;5;6;1;1;3;17;5;7;-2.0490656638236837;1;3;25;2;9;13;6;2;3;5;4;7;-9.430951340111886;2;5;5;9;6;3;19;5;6;3;2;5;0;2;3;3;15;4;2;9;20;-7.545136859767174;4;3;6;20;-1.347624719730467;1;4;2;1;2;9;9;4;8;3;2;13;22;-9.08876191920408;2;0;0;1;8;21;-1.466676679318617;6;13;6;1;25;8;0;0;0;25;20;-6.785534804713793;2;10;22;-7.919689608394364;2;3;15;4;7;5.025786253523419
TRACK:31;5;23;6;0;0;6;1;4;6;6;5;2;16;20;-6.853629778806465;6;5;0;1;4;15;1;9;18;6;6;16;0;2;5;2;2;3;5;11;4;0;18;20;-8.096566513971108;3;4;6;12;0;4;0;5;3;9;0;5;13;5;8;5;6;2;6;9;0;16;10;2;1;6;1;1;6;17;6;13;0;6;9;4;24;4;0;0;3;18;4;22;0.2049257378735676;5;1;23;-7.469228053963071;22;-9.563954178801227;1;6;4;1;2;8;11;2;15;8;25;3;4;0;1;0;3;0;0;12;14;4;25;4;2;2;13;25;3;20;-7.305582491292154;1;0;6;3;17;6;5;11;1;0;5;9;0;10;25;6;6;15;4;5;0;6;4;24;5;3;8
TRACK:32;27;2;5;1;5;4;4;6;6;2;5;6;11;0;0;22;-5.8063477528375635;14;1;24;16;5;0;5;1;0;5;18;0;6;1;14;11;2;4;24;2;16;11;3;4;0;5;22;3.8931225063338726;5;11;4;6;0;6;19;0;18;20;-6.1234201272594095
TRACK:33;27;2;6;6;1;4;0;0;4;2;4;3;25;0;6;19;0;18;20;-6.1234201272594095;1;0;0;4;22;-7.129940120576055;5;19;1;0;24;25;3;14;2;4;4;18;2;4;21;0.48476349702313115;3;7;3.4983210162942022;6;2;6;1;4;9;5;24;3;3;2;9;10;3;2;6;6;3;0;3;19;0;19;12;1;25;3;4;6;4;20;-7.3084839821726355
TRACK:34;7;23;6;0;0;6;1;4;6;6;5;2;16;20;-6.868087835883927;6;5;0;1;4;15;1;9;18;6;6;16;0;2;5;2;2;3;5;11;4;0;18;20;-8.038269474888654;3;4;6;12;0;4;0;5;3;9;0;5;13;5;8;5;6;2;6;9;0;16;10;2;1;6;1;1;6;17;6;13;0;6;9;4;24;4;0;0;3;18;4;22;0.32770391589943415;5;1;12;22;-9.710718566030216;1;6;4;1;2;8;11;13;4;5;4;4;14;3;4;0;1;0;3;0;0;12;14;4;25;4;2;2;13;25;3;20;-7.453960683964109;1;0;6;3;17;6;5;11;1;0;5;9;0;10;25;6;6;15;4;5;0;6;4;24;5;3;8
TRACK:35;7;23;6;0;0;6;1;4;6;6;5;2;16;20;-6.853629778806465;6;5;0;1;4;15;1;9;18;6;6;16;0;2;5;2;2;3;5;11;4;0;18;20;-8.096566513971108;3;4;6;12;0;4;0;5;3;9;0;5;13;5;8;5;6;2;6;9;0;16;10;2;1;6;1;1;6;17;6;13;0;6;9;4;24;4;0;0;3;18;4;22;0.2049257378735676;5;1;23;-7.469228053963071;22;-9.563954178801227;1;6;4;1;2;8;11;2;7;-3.8996694851254574;8;25;3;4;0;1;0;3;0;0;12;14;4;25;4;2;8;3;20;-7.305582491292154;1;0;6;3;17;6;5;11;1;0;5;9;0;10;25;6;6;15;4;5;0;6;4;24;5;3;8
TRACK:36;29;7;6;6;1;4;0;0;4;2;4;3;25;0;6;19;0;18;20;-6.027388140598109;1;0;0;4;22;-7.091693937162829;5;19;1;0;9;25;3;14;2;4;4;18;2;4;21;0.4904111194833985;3;7;3.4809386405137235;6;2;6;1;4;9;5;24;3;3;2;9;10;3;2;6;6;3;0;7;-2.113891613439812;0;19;12;1;2;1;6;1;15;21;3.1551676145687253;2;3;19;0;16;20;-8.038269474888654;2;2;4;16;3;24;2;6;18;6;8;3;4;6;4;20;-7.496959675419599
TRACK:37;29;7;6;0;0;6;1;4;6;6;5;2;16;20;-6.868087835883927;6;5;10;0;2;5;2;2;3;5;11;4;0;18;20;-8.038269474888654;3;4;6;12;0;4;0;5;3;9;0;5;13;5;8;5;6;2;6;9;0;16;10;2;1;6;1;1;6;17;6;13;0;6;9;4;24;4;0;0;3;18;4;22;0.32770391589943415;5;1;12;22;-9.710718566030216;1;6;4;1;2;8;11;2;7;-3.9713977736189783;8;4;5;4;4;14;3;4;0;1;0;3;0;0;12;14;4;25;4;2;2;13;25;3;20;-7.453960683964109;1;0;6;3;17;6;5;11;1;0;5;9;0;10;25;6;6;15;4;5;0;6;4;24;5;3;8
TRACK:38;24;27;2;3;6;4;6;4;0;1;4;10;4;25;0;3;7;5.204564131579992;3;11;5;6;3;2;5;0;2;3;3;15;4;2;9;20;-7.617054069516297;4;3;6;20;-1.321937712363048;1;4;2;1;2;9;8;4;8;3;2;13;22;-9.14020560950597;2;0;0;1;8;21;-1.4977811988846614;6;13;6;1;25;8;0;0;0;25;21;1.9513379553364487;2;10;22;-7.886856894097425;2;3;19;4;7;5.091638673293693
TRACK:39;24;27;5;1;5;4;4;6;6;2;5;6;11;0;0;22;-5.8063477528375635;14;1;24;16;5;0;5;1;0;5;18;0;6;20;-1.321937712363048;2;4;24;2;16;11;3;4;0;5;22;3.8931225063338726;5;11;4;6;4;0;1;4;10;4;25;0;3;7;5.204564131579992;3;11
TRACK:40;5;-1;2;3;6;6;0;5;6;1;1;3;17;5;7;-1.9759235221621196;1;3;25;2;9;13;6;2;3;5;4;7;-9.510753952417693;2;5;5;9;6;3;19;5;6;3;2;5;0;2;3;3;15;4;2;9;20;-7.526174115635098;4;3;6;20;-1.4988981234740837;1;4;2;1;2;9;8;4;8;3;2;13;22;-9.140717601955457;2;0;0;1;8;21;-1.4397808161544288;6;13;6;1;25;8;0;0;0;25;20;-6.759766227096976;2;10;22;-7.960315110817647;6;7;2.0521377698430356
TRACK:41;32;-1;5;1;5;4;4;6;6;2;5;6;11;0;0;22;-5.895875658062844;14;1;24;17;5;0;5;1;0;5;18;0;6;1;14;11;2;4;24;2;16;11;3;4;0;5;22;3.9348330804279095;5;11;4;6;0;6;19;0;18;20;-5.977631605690955
TRACK:42;34;-1;6;0;0;6;1;4;6;6;5;2;16;20;-6.706683957150525;6;5;0;1;4;15;1;9;18;6;6;16;0;2;5;2;2;3;5;11;4;0;18;20;-8.03698010755067;3;4;6;12;0;4;0;5;3;9;0;5;13;5;8;5;6;2;6;9;0;16;10;2;1;6;1;1;6;17;6;13;0;6;9;4;24;4;0;0;3;18;4;22;0.30928597734584695;5;1;12;22;-9.778145712211787;1;6;4;1;2;8;11;3;19;4;5;4;4;14;3;4;0;1;0;3;0;0;12;14;4;25;4;2;2;13;25;3;20;-7.387377618924488;1;0;6;3;17;6;5;11;1;0;5;9;0;10;25;6;6;15;4;5;0;6;4;24;5;3;8
TRACK:43;36;-1;6;6;1;4;0;0;4;2;4;3;25;0;6;19;0;18;20;-6.009673580321505;1;0;0;4;22;-7.0182227701021755;5;19;1;0;9;25;3;14;2;4;4;18;2;4;21;0.6359811608753346;3;7;3.319535289249852;6;2;6;1;4;9;5;24;3;3;2;9;10;3;2;6;6;3;0;7;-1.9266574140935353;0;19;12;0;19;7;2.3184967306159088
TRACK:44;38;-1;2;3;6;4;6;4;0;1;4;10;4;25;0;3;7;5.3862848993449735;3;11;5;6;3;2;5;0;2;3;3;15;4;2;9;20;-7.318384971016908;4;3;6;20;-1.2923558520097675;1;4;2;1;2;9;8;4;8;3;2;13;22;-9.18640648669545;2;0;0;1;8;21;-1.6399811880198198;6;13;1;10;12;0;0;0;25;21;1.9419378059767378;2;10;22;-8.058090467595814;2;3;19;4;7;5.05645607395172
TRACK:45;23;-1;6;0;0;6;1;4;6;6;5;2;16;20;-6.7528709009835515;6;5;0;1;4;15;1;9;18;6;6;16;0;2;5;2;2;3;5;11;4;0;18;20;-8.00674573039776;3;4;6;12;0;4;0;5;3;9;0;5;13;5;8;5;6;2;6;23;4.408083727352757;0;16;10;2;1;6;1;1;6;17;6;13;0;6;9;4;24;4;0;0;3;18;4;22;0.12338412252882584;5;1;23;-7.441906045552054;22;-9.381195444070862;1;6;4;1;2;8;11;2;7;-4.045944884831686;8;25;3;4;0;1;0;3;0;0;12;14;4;25;4;2;2;13;25;3;20;-7.238029443807312;1;0;6;3;17;6;5;11;1;0;5;9;0;10;25;6;6;15;4;5;0;6;4;24;5;3;8
TRACK:46;33;-1;6;6;1;4;0;0;4;2;4;3;25;0;6;19;0;18;24;1;0;0;4;22;-6.934230553641933;5;19;1;0;24;25;3;14;2;4;4;18;2;4;21;0.5150695677544512;3;7;3.567789748375143;6;2;6;1;4;9;5;24;3;3;2;9;10;3;2;6;6;3;0;3;19;0;19;12;1;25;3;4;6;4;20;-7.090608790237301
TRACK:47;35;-1;6;0;0;6;1;4;6;6;5;2;16;20;-6.942911827550135;6;5;0;1;4;15;1;9;18;6;6;16;0;2;5;2;2;3;5;11;4;0;18;20;-8.149297297302994;3;4;6;12;0;4;0;5;3;9;0;5;13;5;8;5;6;2;6;9;0;16;10;2;1;6;1;1;6;17;6;13;0;6;9;4;24;4;0;0;3;18;4;22;0.18499852369323083;5;1;23;-7.367992266865234;22;-9.589294941342446;1;6;4;1;2;8;11;2;7;-4.0126203497988735;8;25;3;4;0;1;0;3;0;0;12;14;4;25;0;8;7;-1.9039963154711828;1;0;6;3;17;6;5;11;1;0;5;9;0;10;25;6;6;15;4;5;0;6;4;24;5;3;8
TRACK:48;37;-1;6;0;0;6;1;4;6;6;5;2;16;20;-6.821168460391325;6;5;10;0;2;5;2;2;3;5;11;4;0;18;20;-7.984175636109869;3;4;6;12;0;4;0;5;3;9;0;5;13;5;8;5;6;2;6;9;0;16;10;2;1;6;1;1;6;24;6;13;0;6;9;4;24;4;0;0;3;18;4;22;0.27805628366730756;5;1;12;22;-9.587451890326864;1;6;4;1;2;8;11;2;7;-3.826039063577263;8;4;5;4;4;14;3;4;0;1;0;3;0;0;12;14;4;25;4;2;2;13;25;3;20;-7.364865837751933;1;0;6;3;17;6;5;11;1;0;5;9;0;10;25;6;6;15;4;5;0;6;4;24;5;3;8
TRACK:49;39;-1;5;1;5;4;4;6;6;2;5;6;11;0;0;22;-6.021610426347354;14;1;24;16;5;0;5;1;0;5;18;0;6;20;-1.305407964637135;2;4;24;2;16;11;3;4;0;5;22;3.8642737815437624;5;11;4;6;4;0;1;4;10;4;25;0;3;7;5.100791697750799;3;8
EVAL_INSTANCE:2:0:40
EVAL_INSTANCE:2:1:41
EVAL_INSTANCE:2:2:42
EVAL_INSTANCE:2:3:43
EVAL_INSTANCE:2:4:44
EVAL_INSTANCE:2:5:45
EVAL_INSTANCE:2:6:46
EVAL_INSTANCE:2:7:47
EVAL_INSTANCE:2:8:48
EVAL_INSTANCE:2:9:49
RUN_RESULT:2:0:0:38:DDDLL
RUN_RESULT:2:1:0:58:DDDLL
RUN_RESULT:2:2:0:17:DDDLL
RUN_RESULT:2:3:0:58:DDDLL
RUN_RESULT:2:4:0:38:DDDLL
RUN_RESULT:2:5:0:2000:----
RUN_RESULT:2:6:0:65:DDDLL
RUN_RESULT:2:7:0:17:DDDLL
RUN_RESULT:2:8:0:17:DDDLL
RUN_RESULT:2:9:0:63:DDDLL
     3 |       30 | -3.972500E+03 | -3.983000E+03
TRACK:50;20;23;2;3;6;6;0;5;6;1;1;3;17;5;7;-2.0467182556353913;1;3;25;2;9;13;6;2;3;5;4;7;-9.464129884148031;2;5;5;9;6;3;19;5;6;3;2;5;0;2;3;3;15;4;2;9;20;-7.451202541619796;4;3;6;20;-1.4827944559049706;1;4;2;1;4;8;5;19;3;2;13;22;-9.063539963392165;11
TRACK:51;20;23;6;0;0;6;1;4;6;6;5;2;16;20;-6.853629778806465;6;5;0;1;4;15;1;9;18;6;6;16;0;2;5;2;2;3;5;11;4;0;18;20;-8.096566513971108;3;4;6;12;0;4;0;5;3;9;0;5;13;5;8;5;6;2;6;9;0;16;10;2;1;6;1;1;6;17;6;13;0;6;9;4;24;4;0;0;3;18;4;22;0.2049257378735676;5;1;23;-7.469228053963071;22;-9.563954178801227;1;6;4;1;2;8;11;2;7;-3.8996694851254574;8;25;3;4;0;1;0;3;0;0;12;14;4;25;4;2;2;13;25;3;20;-7.305582491292154;1;0;6;20;-6.783630167834246;6;5;11;1;0;5;9;0;10;25;6;6;15;4;5;0;6;4;24;5;3;8
TRACK:52;48;42;6;0;0;6;1;4;6;6;5;2;16;20;-6.821168460391325;6;5;10;0;2;5;2;2;3;5;11;4;25;3;4;6;12;0;4;0;5;3;9;0;5;13;5;8;5;6;2;6;9;0;16;10;2;1;6;1;1;6;24;6;13;0;6;9;4;24;4;0;0;3;18;4;22;0.27805628366730756;5;1;12;22;-9.587451890326864;1;6;4;1;2;8;11;2;7;-3.826039063577263;8;4;5;4;4;14;3;4;0;1;0;3;0;0;12;14;4;25;4;2;2;13;25;3;20;-7.364865837751933;1;0;6;3;17;6;5;11;1;0;5;9;0;10;25;6;6;15;4;5;0;6;4;24;5;3;8
TRACK:53;48;42;6;0;0;6;1;4;6;6;5;2;16;20;-6.706683957150525;6;5;0;1;4;15;1;9;18;6;6;16;0;2;5;2;2;3;5;11;4;0;18;20;-8.03698010755067;3;4;11;0;4;0;5;3;9;0;5;13;5;8;5;6;2;6;9;0;16;10;2;1;6;1;1;6;17;6;13;0;6;9;4;24;4;0;0;3;18;4;22;0.30928597734584695;5;1;12;22;-9.778145712211787;1;6;4;1;2;8;11;3;19;4;5;4;4;14;3;4;0;1;0;3;0;0;12;14;4;25;4;2;2;13;25;3;20;-7.387377618924488;1;0;6;3;17;6;5;11;1;0;5;9;0;10;25;6;6;15;4;5;0;6;4;24;5;3;8
TRACK:54;47;23;6;0;0;6;1;4;6;6;5;2;16;20;-6.942911827550135;6;5;0;1;4;15;1;9;18;6;6;16;0;2;5;2;2;3;5;11;4;0;18;20;-8.149297297302994;3;4;6;12;0;4;0;5;3;9;0;5;13;5;8;5;6;2;6;9;0;16;10;2;1;6;1;1;6;17;6;13;0;6;9;4;24;4;0;0;3;18;4;22;0.18499852369323083;5;1;23;-7.367992266865234;22;-9.589294941342446;1;6;4;1;2;8;11;2;7;-4.0126203497988735;8;25;3;4;0;1;0;3;0;0;12;14;4;25;0;8;7;-1.9039963154711828;1;0;6;3;17;6;5;11;1;0;5;9;0;10;25;5;13;4;5;0;6;4;24;5;3;8
TRACK:55;47;23;6;0;0;6;1;4;6;6;5;2;16;20;-6.853629778806465;6;5;0;1;4;15;1;9;18;6;6;16;0;2;5;2;2;3;5;11;4;0;18;20;-8.096566513971108;3;4;6;12;0;4;0;5;3;9;0;5;13;5;8;5;6;2;6;9;0;16;10;2;1;6;1;1;6;17;6;13;0;6;9;4;24;4;0;0;3;18;4;22;0.2049257378735676;5;1;23;-7.469228053963071;22;-9.563954178801227;1;6;4;1;2;8;11;2;7;-3.8996694851254574;8;25;3;4;0;1;0;3;0;0;12;14;4;25;4;2;2;13;25;3;20;-7.305582491292154;1;0;6;3;17;6;5;11;1;0;5;9;0;10;25;6;6;15;4;5;0;6;9;5;3;8
TRACK:56;24;42;2;3;6;6;0;5;6;1;1;3;17;5;7;-2.1808963510655874;1;3;25;2;9;13;6;2;3;5;4;7;-9.596601472690088;2;5;5;9;6;3;19;5;6;3;4;0;18;20;-8.03698010755067
TRACK:57;24;42;6;0;0;6;1;4;6;6;5;2;16;20;-6.706683957150525;6;5;0;1;4;9;1;9;18;6;6;16;0;2;5;2;2;3;5;11;4;0;18;20;-8.03698010755067;3;4;6;12;0;4;0;5;3;9;0;5;13;5;8;5;6;2;6;9;0;16;10;2;1;6;1;1;6;17;6;13;0;6;9;4;24;4;0;0;3;18;4;22;0.30928597734584695;5;1;12;22;-9.778145712211787;1;6;4;1;2;8;11;3;19;4;5;4;4;14;3;4;0;1;0;3;0;0;12;14;4;25;4;2;2;13;25;3;20;-7.387377618924488;1;0;6;3;17;6;5;11;1;0;5;9;0;10;25;6;6;15;4;5;0;6;4;24;5;3;8
TRACK:58;7;48;6;0;0;6;1;4;6;6;5;2;16;20;-6.868087835883927;6;5;0;1;4;15;1;9;18;2;7;-3.826039063577263;8;0;2;5;2;2;3;5;11;4;0;18;20;-8.038269474888654;3;4;6;12;0;4;0;5;3;9;0;5;13;5;8;5;6;2;6;9;0;16;10;2;1;6;1;1;6;17;6;13;0;6;9;4;24;4;0;0;3;18;4;22;0.32770391589943415;5;1;12;22;-9.710718566030216;1;6;4;1;2;8;11;2;7;-3.9713977736189783;8;4;5;4;4;14;3;4;0;1;0;3;0;0;12;14;4;25;4;2;2;13;25;3;20;-7.453960683964109;1;0;6;3;17;6;5;11;1;0;5;9;0;10;25;6;6;15;4;5;0;6;4;24;5;3;8
TRACK:59;7;48;6;0;0;6;1;4;6;6;5;2;16;20;-6.821168460391325;6;5;10;0;2;5;2;2;3;5;11;4;0;18;20;-7.984175636109869;3;4;6;12;0;4;0;5;3;9;0;5;13;5;8;5;6;2;6;9;0;16;10;2;1;6;1;1;6;24;6;13;0;6;9;4;24;4;0;0;3;18;4;22;0.27805628366730756;5;1;12;22;-9.587451890326864;1;6;4;1;2;8;11;2;7;-3.826039063577263;8;4;1;12;22;-9.710718566030216;3;4;0;1;0;3;0;0;12;14;4;25;4;2;2;13;25;3;20;-7.364865837751933;1;0;6;3;17;6;5;11;1;0;5;9;0;10;25;6;6;15;4;5;0;6;4;24;5;3;8
TRACK:60;50;-1;2;3;6;6;0;0;6;6;5;4;21;5.589558419907565;3;0;2;2;8;23;-9.684572471684497;5;13;4;6;20;-8.105268119389528;6;2;3;5;4;7;-9.433979745422905;2;5;5;9;6;3;19;5;6;3;2;5;0;2;3;3;15;4;2;9;20;-7.494970273167538;4;3;6;20;-1.5984008983243507;1;4;2;1;4;8;5;19;3;2;13;22;-9.186846110777974;11
TRACK:61;52;-1;6;0;0;6;1;4;6;6;5;2;16;20;-6.802533947816567;6;5;10;0;2;5;2;2;3;5;11;4;25;3;4;6;12;0;4;0;5;3;9;0;5;13;5;8;5;6;2;6;9;0;16;10;2;1;6;1;1;6;24;6;13;0;6;9;4;24;4;0;0;3;18;4;22;0.31220449086107266;5;1;12;22;-9.444944352306491;1;6;4;1;2;10;22;6.316531573430243;2;7;-3.8351614194407873;8;4;5;4;4;14;3;4;0;1;0;3;0;0;12;14;4;25;4;2;2;13;25;3;20;-7.540290066462351;1;0;6;3;17;6;5;11;1;0;5;9;0;10;25;6;6;15;4;5;0;6;4;24;5;3;8
TRACK:62;54;-1;6;0;0;6;1;4;6;6;5;2;16;20;-6.8685499208157434;6;5;0;1;4;15;1;9;18;6;6;16;0;2;5;2;2;3;5;11;4;0;18;20;-8.319530929669147;3;4;6;12;0;4;0;5;3;9;0;5;13;5;8;5;6;2;6;9;0;16;10;2;1;6;1;1;6;17;6;13;0;6;9;4;24;4;0;0;3;18;5;7;6.842658371252448;5;1;23;-7.432363554873378;22;-9.677892977273542;1;6;4;1;2;8;11;2;7;-3.650309167424207;8;25;3;4;0;1;0;3;0;0;12;14;4;25;0;8;7;-1.9464970006679432;1;0;6;3;17;6;5;11;1;0;5;9;0;10;25;5;13;4;5;0;6;4;24;5;3;8
TRACK:63;56;-1;2;3;6;6;0;5;6;1;1;3;17;5;7;-2.2660057502937585;1;3;25;2;9;13;6;2;3;5;4;7;-9.608626342981395;2;5;5;9;6;3;19;2;0;5;5;8;5;5;15;0;5;4;24;0;4;13;0;14;13
TRACK:64;58;-1;6;0;0;6;1;4;6;6;5;2;16;20;-6.77523770959882;6;5;0;1;4;15;1;9;18;2;7;-3.7982124696210624;8;0;2;5;2;2;3;5;11;4;0;18;20;-8.072100658921238;3;4;6;12;0;4;0;5;3;9;0;5;13;5;8;5;6;2;6;9;0;16;10;2;1;6;1;1;6;17;6;13;0;6;9;4;24;4;0;0;3;23;1.2302419745298039;4;22;0.40008604239800427;5;1;12;22;-9.544251432200697;1;6;4;1;2;8;11;2;7;-4.020639450732376;8;4;5;4;4;14;3;4;0;1;0;3;0;0;12;14;4;25;4;2;2;13;25;3;20;-7.429225540091683;1;0;6;3;17;6;5;11;1;0;5;9;0;10;25;6;6;15;4;5;0;6;4;24;5;3;8
TRACK:65;51;-1;6;0;0;6;1;4;6;6;5;2;16;20;-6.963374597401055;6;5;0;1;4;15;1;9;18;6;6;16;0;2;5;2;2;3;5;11;4;0;18;20;-8.124032262211175;3;4;6;12;0;4;0;5;3;9;0;5;13;5;8;5;6;2;6;9;0;16;10;2;1;6;1;1;6;17;6;13;0;6;9;4;24;4;0;0;3;18;4;22;0.2611382371539677;5;1;23;-7.590272124481747;22;-9.542689500828502;1;6;4;1;2;8;11;2;7;-4.124109482529695;8;25;3;4;0;1;0;3;0;0;12;14;4;25;4;2;2;13;25;3;20;-7.4845353085922515;1;4;5;20;0.149254388569247;1;0;5;9;0;10;25;6;6;15;4;5;0;6;4;24;5;3;8
TRACK:66;53;-1;6;0;0;6;1;4;6;6;5;2;16;20;-6.58739366123595;6;5;0;1;4;15;1;9;18;6;6;16;0;2;5;2;2;3;5;11;4;0;18;20;-8.120407473739244;3;4;11;0;4;0;5;3;18;0;5;13;5;8;5;6;2;6;9;0;16;10;2;1;6;1;1;6;17;6;13;0;6;9;4;24;4;0;0;3;18;4;22;0.22988770396794506;5;1;12;22;-9.875078709610724;1;6;4;1;2;8;11;3;19;4;5;4;4;14;3;4;0;1;0;3;0;0;12;14;4;25;4;2;2;13;25;3;20;-7.365936462194562;1;0;6;3;17;6;5;11;1;0;5;9;0;10;25;6;6;15;4;5;0;6;4;24;5;3;8
TRACK:67;55;-1;6;0;0;6;1;4;6;6;5;2;16;20;-6.732848890335329;6;5;0;1;4;15;1;9;18;6;6;16;0;2;5;2;2;3;5;11;4;0;18;20;-8.154410199317434;6;24;0;4;0;5;3;9;0;5;13;5;8;5;6;2;6;9;0;16;10;2;1;6;1;1;6;17;6;13;0;6;9;4;24;4;0;0;3;18;4;22;0.30659270020190815;5;1;23;-7.346937914764601;22;-9.71729718246624;1;6;4;1;2;8;11;2;7;-3.9180570498211456;8;25;3;4;0;1;0;3;0;0;12;14;4;25;4;2;2;13;25;3;20;-7.368056897967047;1;0;6;3;17;6;5;11;1;0;5;9;0;10;25;6;6;15;4;5;0;6;9;5;3;8
TRACK:68;57;-1;6;0;0;6;1;4;6;6;5;2;16;20;-6.7779497784641825;6;5;0;1;4;9;1;9;18;6;6;16;0;2;5;2;2;3;5;11;4;0;18;20;-8.138012862642485;3;4;6;12;0;4;0;5;3;9;0;5;13;5;17;5;6;2;6;9;0;16;10;2;1;6;1;1;6;17;6;13;0;6;9;4;24;4;0;0;3;18;4;22;0.3911342670550504;5;1;12;22;-9.746930420988091;1;6;4;1;2;8;11;3;19;4;5;4;4;14;3;4;0;1;0;3;0;0;12;14;4;25;4;2;2;13;25;3;20;-7.378992684391107;1;0;6;3;17;6;5;11;1;0;5;9;0;10;25;6;6;15;4;5;0;6;4;24;5;3;8
TRACK:69;59;-1;6;0;0;6;1;4;6;6;5;2;16;20;-6.761268782027052;6;5;10;0;2;5;2;2;3;5;11;4;0;18;20;-8.06330027491921;3;4;6;12;0;4;0;5;3;9;0;5;13;5;8;5;6;2;6;9;0;16;10;2;1;6;1;1;6;24;6;13;0;6;9;4;24;4;0;0;3;18;4;22;0.2639311910586937;5;1;12;22;-9.622421802846757;1;6;4;1;2;8;11;2;7;-3.8822005619839213;8;4;1;12;6;23;-6.824885750254488;3;4;0;1;0;3;0;0;12;14;4;25;4;2;2;13;25;3;20;-7.499641126338106;1;0;6;3;17;6;5;11;1;0;5;9;0;10;25;6;6;15;4;5;0;6;4;24;5;3;8
EVAL_INSTANCE:3:0:60
EVAL_INSTANCE:3:1:61
EVAL_INSTANCE:3:2:62
EVAL_INSTANCE:3:3:63
EVAL_INSTANCE:3:4:64
EVAL_INSTANCE:3:5:65
EVAL_INSTANCE:3:6:66
EVAL_INSTANCE:3:7:67
EVAL_INSTANCE:3:8:68
EVAL_INSTANCE:3:9:69
RUN_RESULT:3:0:0:34:DDDLL
RUN_RESULT:3:1:0:2000:----
RUN_RESULT:3:2:0:17:DDDLL
RUN_RESULT:3:3:0:130:DDDLL
RUN_RESULT:3:4:0:17:DDDLL
RUN_RESULT:3:5:0:17:DDDLL
RUN_RESULT:3:6:0:2000:----
RUN_RESULT:3:7:0:17:DDDLL
RUN_RESULT:3:8:0:17:DDDLL
RUN_RESULT:3:9:0:17:DDDLL
     4 |       40 | -3.983000E+03 | -3.983000E+03
TRACK:70;42;23;6;0;0;6;1;4;6;6;5;2;16;20;-6.706683957150525;6;5;0;1;4;15;1;9;18;6;6;16;0;2;5;2;2;3;5;11;4;0;18;20;-8.03698010755067;3;4;6;12;0;4;0;5;3;9;0;5;13;5;8;5;6;2;6;9;0;16;10;18;3;4;0;1;0;3;0;0;12;14;4;25;4;2;2;13;25;3;20;-7.387377618924488;1;0;6;3;17;6;5;11;1;0;5;9;0;10;25;6;6;15;4;5;0;6;4;24;5;3;8
TRACK:71;42;23;6;0;0;6;1;4;6;6;5;2;16;20;-6.853629778806465;6;5;0;1;4;15;1;9;18;6;6;16;0;2;5;2;2;3;5;11;4;0;18;20;-8.096566513971108;3;4;6;12;0;4;0;5;3;9;0;5;13;5;8;5;6;2;6;9;0;16;10;2;1;6;1;1;6;17;6;13;0;6;9;4;24;4;0;0;3;18;4;22;0.2049257378735676;5;1;23;-7.469228053963071;22;-9.563954178801227;1;6;4;1;2;8;11;2;7;-3.8996694851254574;8;25;3;4;0;0;16;10;4;5;0;6;4;24;5;3;8
TRACK:72;48;67;6;0;0;6;1;4;6;6;5;2;16;20;-6.821168460391325;6;5;10;0;2;5;2;2;3;5;11;4;0;18;20;-7.984175636109869;3;4;6;12;0;4;0;5;3;9;0;5;13;5;8;5;6;2;6;9;0;16;10;2;1;6;1;1;6;24;6;13;0;6;9;4;24;5;2;16;20;-6.732848890335329;1;6;4;1;2;8;11;2;7;-3.826039063577263;8;4;5;4;4;14;3;4;0;1;0;3;0;0;12;14;4;25;4;2;2;13;25;3;20;-7.364865837751933;1;0;6;3;17;6;5;11;1;0;5;9;0;10;25;6;6;15;4;5;0;6;4;24;5;3;8
TRACK:73;48;67;6;0;0;6;1;4;6;6;5;2;16;20;-6.732848890335329;6;5;0;1;4;15;1;9;18;6;6;16;0;14;2;1;6;1;1;6;17;6;13;0;6;9;4;24;4;0;0;3;18;4;22;0.30659270020190815;5;1;23;-7.346937914764601;22;-9.71729718246624;1;6;4;1;2;8;11;2;7;-3.9180570498211456;8;25;3;4;0;1;0;3;0;0;12;14;4;25;4;2;2;13;25;3;20;-7.368056897967047;1;0;6;3;17;6;5;11;1;0;5;9;0;10;25;6;6;15;4;5;0;6;9;5;3;8
TRACK:74;62;7;6;0;0;6;1;4;6;6;5;2;16;20;-6.8685499208157434;6;5;6;4;24;0;2;5;2;2;3;5;11;4;0;18;20;-8.319530929669147;3;4;6;12;0;4;0;5;3;9;0;5;13;5;8;5;6;2;6;9;0;16;10;2;1;6;1;1;6;17;6;13;0;6;9;4;24;4;0;0;3;18;5;7;6.842658371252448;5;1;23;-7.432363554873378;22;-9.677892977273542;1;6;4;1;2;8;11;2;7;-3.650309167424207;8;25;3;4;0;1;0;3;0;0;12;14;4;25;0;8;7;-1.9464970006679432;1;0;6;3;17;6;5;11;1;0;5;9;0;10;25;5;13;4;5;0;6;4;24;5;3;8
TRACK:75;62;7;6;0;0;6;1;4;6;6;5;2;16;20;-6.868087835883927;6;5;0;1;4;15;1;9;18;6;6;16;0;2;5;2;6;5;2;16;20;-6.8685499208157434;3;4;6;12;0;4;0;5;3;9;0;5;13;5;8;5;6;2;6;9;0;16;10;2;1;6;1;1;6;17;6;13;0;6;9;4;24;4;0;0;3;18;4;22;0.32770391589943415;5;1;12;22;-9.710718566030216;1;6;4;1;2;8;11;2;7;-3.9713977736189783;8;4;5;4;4;14;3;4;0;1;0;3;0;0;12;14;4;25;4;2;2;13;25;3;20;-7.453960683964109;1;0;6;3;17;6;5;11;1;0;5;9;0;10;25;6;6;15;4;5;0;6;4;24;5;3;8
TRACK:76;47;65;6;0;0;6;1;4;6;6;5;2;16;20;-6.942911827550135;6;5;0;1;4;15;1;9;18;6;6;16;0;2;5;6;9;0;4;0;5;3;9;0;5;13;5;8;5;6;2;6;9;0;16;10;2;1;6;1;1;6;17;6;13;0;6;9;4;24;4;0;0;3;18;4;22;0.18499852369323083;5;1;23;-7.367992266865234;22;-9.589294941342446;1;6;4;1;2;8;11;2;7;-4.0126203497988735;8;25;3;4;0;1;0;3;0;0;12;14;4;25;0;8;7;-1.9039963154711828;1;0;6;3;17;6;5;11;1;0;5;9;0;10;25;6;6;15;4;5;0;6;4;24;5;3;8
TRACK:77;47;65;6;0;0;6;1;4;6;6;5;2;16;20;-6.963374597401055;6;5;0;1;4;15;1;9;18;6;6;16;0;2;5;2;2;3;5;11;4;0;18;20;-8.124032262211175;3;4;6;12;0;4;0;5;3;9;0;5;13;5;8;5;6;2;6;9;0;16;10;2;1;6;1;9;0;6;9;4;24;4;0;0;3;18;4;22;0.2611382371539677;5;1;23;-7.590272124481747;22;-9.542689500828502;1;6;4;1;2;8;11;2;7;-4.124109482529695;8;25;3;4;0;1;0;3;0;0;12;14;4;25;4;2;2;13;25;3;20;-7.4845353085922515;1;4;5;20;0.149254388569247;1;0;5;9;0;10;25;6;6;15;4;5;0;6;4;24;5;3;8
TRACK:78;64;68;6;0;0;6;1;4;6;6;5;2;16;20;-6.77523770959882;6;5;0;1;4;15;1;9;18;2;7;-3.7982124696210624;8;0;2;5;2;2;3;5;11;4;0;18;20;-8.072100658921238;3;4;6;12;0;4;0;5;3;9;0;5;13;5;8;5;6;2;6;9;0;16;10;2;1;6;1;1;6;17;6;9;0;6;9;4;24;4;0;0;3;23;1.2302419745298039;4;22;0.40008604239800427;5;1;12;22;-9.544251432200697;1;6;4;1;2;8;11;2;7;-4.020639450732376;8;4;5;4;4;14;3;4;0;1;0;3;0;0;12;14;4;25;4;2;2;13;25;3;20;-7.429225540091683;1;0;6;3;17;6;5;11;1;0;5;9;0;10;25;6;6;15;4;5;0;6;4;24;5;3;8
TRACK:79;64;68;6;0;0;6;1;4;6;6;5;2;16;20;-6.7779497784641825;6;5;0;1;4;9;1;9;18;6;6;16;0;2;5;2;2;3;5;11;4;0;18;20;-8.138012862642485;3;4;6;12;0;4;0;5;3;9;0;5;13;5;17;5;6;2;6;9;0;16;10;2;1;6;1;1;6;17;6;13;0;6;9;4;24;4;0;0;3;18;4;22;0.3911342670550504;5;1;12;22;-9.746930420988091;1;6;4;1;2;8;11;3;19;4;5;4;4;14;3;4;0;1;0;3;0;0;12;14;4;25;4;2;2;13;25;3;20;-7.378992684391107;1;1;6;17;6;13;0;6;9;4;24;4;5;0;6;4;24;5;3;8
TRACK:80;70;-1;6;0;0;6;1;4;6;6;5;2;16;20;-6.65852852161433;6;5;0;1;4;15;1;9;18;6;6;16;0;2;5;2;2;3;5;11;4;0;18;20;-8.209741525566912;3;4;6;12;0;4;0;5;3;23;3.052913249829569;0;5;13;5;8;5;6;2;6;9;0;16;10;18;3;4;0;1;0;3;0;0;12;14;4;25;4;2;2;13;25;3;20;-7.260131351466958;1;0;6;3;17;6;5;11;1;0;5;9;0;10;25;6;6;15;4;5;0;6;4;24;5;3;8
TRACK:81;48;-1;6;0;0;6;1;4;6;6;5;2;16;20;-6.88235867325403;6;5;10;0;2;5;2;2;3;5;11;4;0;18;20;-8.017142728428711;3;4;6;12;0;4;0;5;3;9;0;6;19;5;8;5;6;2;6;9;0;16;10;2;1;6;1;1;6;24;6;13;0;6;9;4;24;4;0;0;3;18;4;22;0.2841010096233577;5;1;12;22;-9.447113979837619;1;6;4;1;2;8;11;2;7;-3.7959855673131027;8;4;5;4;4;14;3;4;0;1;0;3;0;0;12;14;4;25;4;2;2;13;25;3;20;-7.2215552200992;1;0;6;3;17;6;5;11;1;0;5;9;0;10;25;6;6;15;4;5;0;6;4;24;5;3;8
TRACK:82;62;-1;6;0;0;6;1;4;6;6;5;2;16;20;-6.783698283337495;6;5;0;1;4;15;1;9;18;6;6;16;0;2;5;2;2;3;5;11;4;0;18;20;-8.305107456085743;3;4;6;12;0;4;0;5;3;9;0;5;13;5;8;5;6;2;6;9;0;16;10;2;1;6;1;1;6;17;6;13;0;6;9;4;24;4;0;0;3;18;5;7;6.837708058780944;5;1;23;-7.399603281256508;22;-9.651153205355453;1;6;4;1;2;8;20;-8.691310198385597;2;7;-3.6618421382138915;8;25;3;4;0;1;0;3;0;0;12;14;4;25;0;8;7;-1.9763874205570149;1;0;6;3;17;6;5;11;1;0;5;9;0;10;25;5;13;4;5;0;6;4;24;5;3;8
TRACK:83;76;-1;6;0;0;6;1;4;6;6;5;2;16;20;-6.916999795981749;6;5;0;1;4;15;1;9;18;6;6;16;2;0;6;2;1;0;4;11;2;7;8.965272784253443;15;2;0;23;-2.14269170617216;10;2;22;1.9060992575093785;8;0;0;6;9;1;11;12;3;4;25;2;1;0;4;3;17;0;6;18;1;23;-6.667733040356987;21;-4.845637407519801;1;3;4;19;3;6;19;5;4;3;0;18;24;0;0;3;2;2;6;19;0;22;-8.024970887401109;8;5;0;14;11;0;0;0;4;8;0;23;-5.244634395336501;21;-1.856141365031327;6;6;19;3;3;3;12;4;6;3;1;2;8;25;0;7;3.4238100646650835;10;3;4;0;1;0;3;0;0;12;14;4;25;0;8;7;-1.8866216265258549;1;0;6;3;17;6;5;11;1;0;5;9;0;10;25;6;6;15;4;5;0;6;4;24;5;3;8
TRACK:84;78;-1;6;0;0;6;1;4;6;6;5;2;16;20;-6.810903490988209;6;5;0;1;4;15;1;9;18;2;7;-4.065440772873381;8;0;2;5;2;2;3;5;11;4;0;18;20;-7.973700804707859;3;4;6;12;0;4;0;5;3;9;0;5;13;5;8;5;6;2;6;9;0;16;10;2;1;6;1;1;6;17;6;9;0;6;9;4;24;4;0;0;3;23;1.2726782571963036;4;22;0.4382270809202041;5;1;12;22;-9.582339907370288;1;6;4;1;2;8;11;2;7;-3.862290663812173;8;4;5;4;4;14;3;4;0;1;0;3;0;0;12;14;4;25;4;2;2;25;25;3;20;-7.403377018786733;1;0;6;3;17;6;5;11;1;0;5;9;0;10;25;6;6;15;4;5;0;6;4;24;5;3;8
TRACK:85;71;-1;6;0;0;6;1;4;6;6;5;2;16;20;-6.8206019715294595;6;5;0;1;4;15;1;9;18;6;6;16;0;2;5;2;2;3;5;11;4;0;18;20;-8.117639373952567;3;4;6;12;0;4;0;5;3;9;0;5;13;5;8;0;3;0;1;14;25;3;15;0;5;3;17;5;5;18;2;1;6;1;1;6;17;6;13;0;6;9;4;24;4;0;0;3;18;4;22;0.25777747446517685;5;1;23;-7.74746795026289;22;-9.531280429504733;1;6;4;1;2;8;11;2;7;-3.8148110774098756;8;25;3;4;0;0;16;10;4;5;0;6;4;24;5;3;8
TRACK:86;67;-1;6;0;0;6;1;4;6;6;5;2;16;20;-6.718593204359914;6;5;0;1;4;15;1;9;18;6;6;16;0;2;5;2;2;3;5;11;4;0;18;20;-8.20164244693595;6;24;0;4;0;5;3;9;0;5;13;5;8;5;6;2;6;9;0;16;10;2;1;6;1;1;6;17;6;13;0;6;9;4;24;4;0;0;3;18;4;22;0.3822785375354237;5;1;23;-7.250517958443217;22;-9.815000583602476;1;6;4;1;2;8;11;2;7;-3.956469026770867;8;25;3;4;0;1;0;3;0;0;12;14;4;24;4;2;2;13;25;3;20;-7.36235174615151;1;0;6;3;17;6;5;11;1;0;5;9;0;10;25;6;6;15;4;5;0;6;9;5;3;8
TRACK:87;7;-1;6;0;0;6;1;4;6;6;3;10;6;5;0;1;4;15;1;9;18;6;6;16;0;2;5;2;2;3;5;11;4;0;18;20;-8.067460282697137;3;4;6;12;0;4;0;5;3;9;0;5;13;5;8;5;6;2;6;9;0;16;10;2;1;6;1;1;6;17;6;13;0;6;9;4;24;4;0;0;3;18;4;22;0.43825688096085175;5;1;12;22;-9.599193853759056;1;6;4;1;2;8;11;2;7;-3.8162237637087673;8;4;5;4;4;14;3;4;0;1;0;3;0;0;12;14;4;25;4;2;2;13;25;3;20;-7.285200305620581;1;0;6;3;17;6;5;11;1;0;5;9;0;10;25;6;6;15;4;5;0;6;4;24;5;3;8
TRACK:88;77;-1;6;0;0;6;1;4;6;6;5;2;16;20;-6.8220929704847695;6;5;0;1;4;15;1;9;18;6;6;16;0;2;5;2;2;3;5;11;4;0;18;20;-8.253324845966281;3;4;6;12;0;4;0;5;3;9;0;5;13;5;8;5;6;2;6;9;0;16;10;2;1;6;1;9;0;6;9;4;24;4;0;0;1;12;20;6.8189090056670665;4;22;0.21503929878534525;5;1;23;-7.455616007260497;22;-9.54451334381726;1;6;4;1;2;8;11;2;7;-4.118873816971479;8;25;3;4;0;1;0;3;0;0;12;14;4;25;4;2;2;13;25;3;20;-7.3954893145649505;1;4;5;20;0.2791134643602266;1;0;5;9;0;10;25;6;6;15;4;5;0;6;4;24;5;3;8
TRACK:89;79;-1;6;0;0;6;1;4;6;6;5;2;16;20;-6.7982328625616715;6;5;0;1;4;9;1;9;18;6;6;16;0;2;5;2;2;3;5;11;4;0;18;20;-8.112966600148837;3;4;6;12;0;4;0;5;3;9;0;5;13;5;17;5;6;2;6;9;0;16;10;2;1;6;1;1;6;17;6;13;0;6;9;4;24;4;0;0;3;18;4;22;0.5424826980258135;5;1;12;22;-9.602967473673468;1;6;4;1;2;8;11;3;19;4;5;4;4;14;3;0;5;11;0;12;21;4.627888588285188
EVAL_INSTANCE:4:0:80
EVAL_INSTANCE:4:1:81
EVAL_INSTANCE:4:2:82
EVAL_INSTANCE:4:3:83
EVAL_INSTANCE:4:4:84
EVAL_INSTANCE:4:5:85
EVAL_INSTANCE:4:6:86
EVAL_INSTANCE:4:7:87
EVAL_INSTANCE:4:8:88
EVAL_INSTANCE:4:9:89
RUN_RESULT:4:0:0:2000:----
RUN_RESULT:4:1:0:17:DDDLL
RUN_RESULT:4:2:0:17:DDDLL
RUN_RESULT:4:3:0:2000:----
RUN_RESULT:4:4:0:17:DDDLL
RUN_RESULT:4:5:0:2000:----
RUN_RESULT:4:6:0:17:DDDLL
RUN_RESULT:4:7:0:24:DLDRDDLD
RUN_RESULT:4:8:0:33:DDDRUUULLL
RUN_RESULT:4:9:0:35:DDDRUUULLL
     5 |       50 | -3.983000E+03 | -3.983000E+03
TRACK:90;47;7;6;0;0;6;1;4;6;6;5;2;16;20;-6.942911827550135;6;5;0;1;4;15;1;9;18;6;6;16;0;2;5;2;2;3;5;11;4;0;18;20;-8.149297297302994;3;4;6;12;0;4;0;5;3;9;0;5;13;5;8;5;6;2;6;9;0;16;10;2;1;6;1;1;6;17;6;13;0;6;9;4;24;4;0;0;3;18;4;22;0.18499852369323083;5;1;23;-7.367992266865234;22;-9.589294941342446;1;6;4;1;2;8;11;2;7;-4.0126203497988735;8;25;3;4;0;1;0;3;0;0;12;14;4;25;0;8;7;-1.9039963154711828;1;0;6;3;17;6;5;11;1;0;5;9;0;10;25;6;18;4;5;0;6;4;24;5;3;8
TRACK:91;47;7;6;0;0;6;1;4;6;6;5;2;16;20;-6.868087835883927;6;5;0;1;4;15;1;9;18;6;6;16;0;2;5;2;2;3;5;11;4;6;15;3;4;6;12;0;4;0;5;3;9;0;5;13;5;8;5;6;2;6;9;0;16;10;2;1;6;1;1;6;17;6;13;0;6;9;4;24;4;0;0;3;18;4;22;0.32770391589943415;5;1;12;22;-9.710718566030216;1;6;4;1;2;8;11;2;7;-3.9713977736189783;8;4;5;4;4;14;3;4;0;1;0;3;0;0;12;14;4;25;4;2;2;13;25;3;20;-7.453960683964109;1;0;6;3;17;6;5;11;1;0;5;9;0;10;25;6;6;15;4;5;0;6;4;24;5;3;8
TRACK:92;68;23;6;0;0;6;1;4;6;6;5;2;16;20;-6.7779497784641825;6;5;0;1;4;9;1;9;18;6;6;16;0;2;5;2;2;3;5;11;4;0;18;20;-8.138012862642485;3;4;6;12;0;4;0;5;3;9;0;5;13;10;5;6;2;6;9;0;16;10;2;1;6;1;1;6;17;6;13;0;6;9;4;24;4;0;0;3;18;4;22;0.3911342670550504;5;1;12;22;-9.746930420988091;1;6;4;1;2;8;11;3;19;4;5;4;4;14;3;4;0;1;0;3;0;0;12;14;4;25;4;2;2;13;25;3;20;-7.378992684391107;1;0;6;3;17;6;5;11;1;0;5;9;0;10;25;6;6;15;4;5;0;6;4;24;5;3;8
TRACK:93;68;23;6;0;0;6;1;4;6;6;5;2;16;20;-6.853629778806465;6;5;0;1;4;15;1;9;18;6;6;16;0;2;5;2;2;3;5;11;4;0;18;20;-8.096566513971108;3;4;6;12;0;4;0;5;3;9;0;5;13;5;8;5;6;2;6;9;0;16;10;2;1;6;1;1;6;17;6;13;0;6;9;4;24;4;0;0;3;18;4;22;0.2049257378735676;5;1;23;-7.469228053963071;22;-9.563954178801227;1;6;4;1;2;8;11;2;7;-3.8996694851254574;8;25;3;4;0;1;0;3;0;0;12;14;4;24;4;2;2;13;25;3;20;-7.305582491292154;1;0;6;3;17;6;5;11;1;0;5;9;0;10;25;6;6;15;4;5;0;6;4;24;5;3;8
TRACK:94;62;62;6;0;0;6;1;4;6;6;5;2;16;20;-6.8685499208157434;6;5;0;1;4;15;1;9;18;6;6;16;0;2;5;2;2;3;5;11;4;0;18;20;-8.319530929669147;3;4;6;12;0;4;0;5;3;9;0;5;13;5;8;5;6;2;6;9;0;16;10;2;1;6;1;1;6;17;6;13;0;6;9;4;24;4;0;0;3;18;5;7;6.842658371252448;5;1;23;-7.432363554873378;22;-9.677892977273542;1;6;4;1;2;8;11;2;7;-3.650309167424207;8;25;3;4;0;1;0;3;0;0;12;14;4;25;0;8;7;-1.9464970006679432;1;0;6;3;17;6;5;11;1;0;5;9;0;10;25;5;13;4;5;0;5;9;5;3;8
TRACK:95;62;62;6;0;0;6;1;4;6;6;5;2;16;20;-6.8685499208157434;6;5;0;1;4;15;1;9;18;6;6;16;0;2;5;2;2;3;5;11;4;0;18;20;-8.319530929669147;3;4;6;12;0;4;0;5;3;9;0;5;13;5;8;5;6;2;6;9;0;16;10;2;1;6;1;1;6;17;6;13;0;6;9;4;24;4;0;0;3;18;5;7;6.842658371252448;5;1;23;-7.432363554873378;22;-9.677892977273542;1;6;4;1;2;8;11;2;7;-3.650309167424207;8;25;3;4;0;1;0;3;0;0;12;14;4;25;0;8;7;-1.9464970006679432;1;23;-7.432363554873378;1;0;5;9;0;10;25;5;13;4;5;0;6;4;24;5;3;8
TRACK:96;64;68;6;0;0;6;1;4;6;6;5;2;16;20;-6.77523770959882;6;5;0;1;4;15;1;9;18;2;7;-3.7982124696210624;8;0;2;5;2;2;3;5;11;4;0;18;20;-8.072100658921238;3;4;6;12;0;4;0;5;3;9;0;5;13;5;8;5;6;2;6;9;0;16;10;2;1;6;1;1;6;17;6;13;0;6;9;4;24;4;0;0;3;23;1.2302419745298039;4;22;0.40008604239800427;5;1;12;22;-9.544251432200697;1;6;4;1;2;8;11;2;7;-4.020639450732376;8;4;5;4;4;14;3;4;0;1;0;3;1;9;18;4;2;2;13;25;3;20;-7.429225540091683;1;0;6;3;17;6;5;11;1;0;5;9;0;10;25;6;6;15;4;5;0;6;4;24;5;3;8
TRACK:97;64;68;6;0;0;6;1;4;6;6;5;2;16;20;-6.7779497784641825;6;5;0;1;4;9;1;9;18;6;6;16;0;2;5;2;2;3;5;11;4;0;18;20;-8.138012862642485;3;4;6;12;0;4;0;5;3;9;0;5;15;5;17;5;6;2;6;9;0;16;10;2;1;6;1;1;6;17;6;13;0;6;9;4;24;4;0;0;3;18;4;22;0.3911342670550504;5;1;12;22;-9.746930420988091;1;6;4;1;2;8;11;3;19;4;5;4;4;14;3;4;0;1;0;3;0;0;12;14;4;25;4;2;2;13;25;3;20;-7.378992684391107;1;0;6;3;17;6;5;11;1;0;5;9;0;10;25;6;6;15;4;5;0;6;4;24;5;3;8
TRACK:98;7;67;6;0;0;6;1;4;6;6;5;2;16;20;-6.868087835883927;6;5;0;1;4;15;1;9;18;6;6;16;0;2;5;2;2;3;5;11;4;0;18;20;-8.038269474888654;3;4;6;12;0;4;0;5;3;9;0;5;13;5;8;5;6;2;6;9;0;16;10;2;1;6;1;1;6;17;6;13;0;6;9;4;24;4;0;0;3;18;4;22;0.32770391589943415;5;1;12;22;-9.710718566030216;1;6;4;1;2;8;11;2;7;-3.9713977736189783;8;4;5;4;4;14;3;4;0;1;0;3;0;0;12;14;4;25;4;2;2;13;25;3;20;-7.453960683964109;1;0;6;3;17;6;5;11;1;0;5;9;0;10;25;6;6;15;4;5;0;6;4;24;5;3;8
TRACK:99;7;67;6;0;0;6;1;4;6;6;5;2;16;20;-6.732848890335329;6;5;0;1;4;15;1;9;18;6;6;16;0;2;5;2;2;3;5;11;4;0;18;20;-8.154410199317434;6;24;0;4;0;5;3;9;0;5;13;5;8;5;6;2;6;9;0;16;10;2;1;6;1;1;6;17;6;13;0;6;9;4;24;4;0;0;3;18;4;22;0.30659270020190815;5;1;23;-7.346937914764601;22;-9.71729718246624;1;6;4;1;2;8;11;2;7;-3.9180570498211456;8;25;3;4;0;1;0;3;0;0;12;14;4;25;4;4;14;1;0;6;3;17;6;5;11;1;0;5;9;0;10;25;6;6;15;4;5;0;6;9;5;3;8
TRACK:100;90;-1;6;0;0;6;1;4;6;6;5;2;16;20;-6.913455721329562;6;5;0;1;4;15;1;9;18;6;6;16;0;2;5;2;2;3;5;11;4;0;18;20;-8.108135949877157;3;4;6;12;0;4;0;5;3;22;2.692354249647133;0;5;13;5;8;5;6;2;6;9;0;16;10;2;1;6;1;1;6;17;6;13;0;6;9;4;24;4;0;0;3;18;4;22;0.4247515237469365;5;1;23;-7.568289150442957;22;-9.471742300141347;1;6;4;1;2;8;11;2;7;-4.008938962789459;8;25;3;4;0;1;0;3;0;0;12;14;4;25;0;8;7;-2.1110307884206123;1;0;6;3;17;6;5;11;1;0;5;9;0;10;25;6;18;4;5;0;6;4;24;5;3;8
TRACK:101;92;-1;6;0;0;6;1;4;6;6;5;2;16;20;-6.847362646697407;6;5;0;1;4;9;1;9;18;6;6;16;0;2;5;2;2;3;5;11;4;0;18;20;-7.924526745141388;3;4;6;12;0;4;0;5;3;9;0;5;13;10;5;6;2;6;9;0;16;10;2;1;6;1;1;6;17;6;13;0;6;9;4;24;4;0;0;3;18;4;22;0.34190709376813727;5;1;12;22;-9.72156387686292;1;6;4;1;2;8;11;3;19;4;5;4;4;14;3;4;0;1;0;3;0;0;12;14;4;25;4;2;2;13;25;3;20;-7.224743900397203;1;0;6;3;17;6;5;11;1;0;5;9;0;10;25;6;6;15;4;5;0;6;4;24;4;11
TRACK:102;94;-1;6;0;0;6;1;4;6;6;5;2;16;20;-6.763725932234399;6;5;0;1;4;15;1;9;18;6;6;16;0;2;5;2;2;3;5;11;4;0;18;20;-8.204301098389672;3;4;6;12;0;4;0;5;3;9;0;5;13;5;8;5;6;2;6;9;0;16;10;2;1;6;1;1;6;17;6;13;0;6;9;4;24;4;0;0;3;18;5;7;6.905085813808519;5;1;23;-7.423373225363763;22;-9.56165077591396;1;6;4;1;2;8;11;2;7;-3.6762807700644706;8;25;3;4;0;1;0;3;0;0;12;14;4;25;0;8;7;-1.7915656036845613;1;0;6;3;10;6;5;11;1;0;5;9;0;10;25;5;13;4;5;0;5;9;5;3;8
TRACK:103;64;-1;6;0;0;6;1;4;6;6;5;2;16;20;-6.6103978549521;6;5;0;1;4;15;1;9;18;2;7;-3.887093869417727;8;0;2;5;2;2;3;5;11;4;0;18;20;-8.082178542697642;3;4;6;12;0;4;0;5;3;9;0;5;13;5;8;5;6;2;6;9;0;16;10;2;1;6;1;1;6;17;6;13;0;6;9;4;24;4;0;0;3;23;1.2544839258450111;4;22;0.3214451542582516;5;1;12;22;-9.660670936904904;1;6;4;1;2;8;11;2;7;-4.163065158831253;8;4;5;4;4;14;3;4;6;2;6;5;3;18;1;2;3;24;2;23;7.9886918769196775;25;2;4;19;2;17;24
TRACK:104;98;-1;6;0;0;6;1;4;6;6;5;2;16;20;-6.844338605018377;6;5;0;1;4;15;1;9;18;6;6;16;0;2;5;2;2;3;5;11;4;0;18;20;-7.9557294600666575;3;4;6;12;0;4;0;5;3;9;0;5;13;5;8;5;6;2;6;9;0;16;10;2;1;6;1;1;6;17;6;13;0;6;9;4;18;4;0;0;3;18;4;22;0.3569729532710088;5;1;12;22;-9.716218151235282;1;6;4;1;2;8;11;2;7;-4.038868193881028;8;4;5;4;4;14;3;4;0;1;0;3;0;0;12;14;4;25;4;2;2;13;25;3;20;-7.51020667226749;1;0;6;3;17;6;5;11;1;0;5;9;0;10;25;6;6;15;4;5;0;6;4;24;5;3;8
TRACK:105;91;-1;6;0;0;6;1;4;6;6;5;2;16;20;-6.840436561948613;6;5;0;1;4;15;1;9;18;6;6;16;0;2;5;2;2;3;5;11;4;6;15;3;4;6;12;0;4;0;5;3;9;0;5;13;5;8;5;6;2;6;9;0;16;10;2;1;6;1;1;6;17;6;13;0;6;9;4;24;4;0;0;3;18;4;22;0.23731858710511572;5;1;12;22;-9.66991914446434;1;6;4;3;17;4;5;4;4;14;3;4;0;1;0;3;0;0;12;14;4;25;4;2;2;13;25;3;20;-7.467371891077564;1;0;6;3;17;6;5;11;1;0;5;9;0;10;25;6;6;15;4;5;0;6;4;24;5;3;8
TRACK:106;93;-1;6;0;0;6;1;4;6;6;5;2;16;20;-6.793841196990801;6;5;0;1;4;15;1;9;18;6;6;16;0;2;5;2;2;3;5;11;4;0;18;20;-8.118186035713892;3;4;6;12;0;4;0;5;3;9;0;5;17;5;8;5;6;2;6;9;0;16;10;2;1;6;1;1;6;17;6;13;0;6;9;4;24;4;0;0;3;18;4;22;0.258574916905482;5;1;23;-7.548258518430128;22;-9.607290660890563;1;6;4;1;2;8;11;2;7;-3.88728211339754;8;25;3;4;0;1;0;3;0;0;12;14;4;24;4;2;2;13;25;3;20;-7.223503692663227;1;0;6;3;17;6;5;11;1;0;5;9;0;10;25;6;6;15;4;5;0;6;4;24;5;3;8
TRACK:107;95;-1;6;0;0;6;1;4;6;6;5;2;16;20;-6.884009812889983;6;5;0;1;4;15;1;9;18;6;6;16;0;2;5;2;2;3;5;11;4;0;18;20;-8.260079062611918;3;4;6;12;0;4;0;5;3;9;0;5;13;5;8;5;6;2;6;9;0;16;10;2;1;6;1;1;6;17;6;13;0;6;9;4;24;4;0;0;3;18;5;7;6.788684783258068;5;1;23;-7.366142694009493;22;-9.724702030550633;1;6;4;1;2;8;11;2;7;-3.6058088385207214;8;25;3;4;0;1;0;3;0;0;12;14;4;25;0;8;7;-2.1742159236876315;1;23;-7.126858548513537;1;0;5;9;0;10;25;5;13;4;5;0;2;13;18;5;3;8
TRACK:108;68;-1;6;0;0;6;1;4;6;6;5;2;16;20;-6.737961165514178;6;5;0;1;4;9;1;9;18;6;6;16;0;2;5;2;2;3;5;11;4;0;18;20;-7.987297148716962;3;4;6;12;0;4;0;5;3;9;0;5;13;5;17;5;6;2;6;9;0;16;10;2;1;6;1;1;6;17;6;13;0;6;9;4;24;4;0;0;3;18;6;17;5;1;12;22;-9.853325184154473;1;6;4;1;2;8;11;3;19;4;5;4;4;14;3;4;0;1;0;3;0;0;12;14;4;25;4;2;2;13;25;3;20;-7.427877361866818;1;0;6;3;17;6;5;11;1;0;5;9;0;10;25;6;6;15;4;5;0;6;4;24;5;3;8
TRACK:109;99;-1;6;0;0;6;1;4;6;6;5;2;16;20;-6.874077427661277;6;5;0;1;4;15;1;9;18;6;6;16;4;6;3;6;6;5;13;3;4;0;1;0;3;0;0;12;14;4;25;4;4;14;1;0;6;3;17;6;5;11;1;0;5;9;0;10;25;6;6;15;4;5;0;6;9;5;3;8
EVAL_INSTANCE:5:0:100
EVAL_INSTANCE:5:1:101
EVAL_INSTANCE:5:2:102
EVAL_INSTANCE:5:3:103
EVAL_INSTANCE:5:4:104
EVAL_INSTANCE:5:5:105
EVAL_INSTANCE:5:6:106
EVAL_INSTANCE:5:7:107
EVAL_INSTANCE:5:8:108
EVAL_INSTANCE:5:9:109
RUN_RESULT:5:0:0:5:DDDLL
RUN_RESULT:5:1:0:24:DLDRDDLD
RUN_RESULT:5:2:0:24:DLDRDDLD
RUN_RESULT:5:3:0:24:DLDRDDLD
RUN_RESULT:5:4:0:17:DDDLL
RUN_RESULT:5:5:0:2000:----
RUN_RESULT:5:6:0:17:DDDLL
RUN_RESULT:5:7:0:17:DDDLL
RUN_RESULT:5:8:0:17:DDDLL
RUN_RESULT:5:9:0:2000:----
     6 |       60 | -3.984200E+03 | -3.995000E+03
TRACK:110;100;62;6;0;0;6;1;4;6;6;5;2;16;20;-6.913455721329562;6;5;0;1;4;15;1;9;18;6;6;16;0;2;5;2;2;3;5;11;4;0;18;20;-8.108135949877157;3;4;6;12;0;4;0;5;3;22;2.692354249647133;0;5;13;5;8;5;6;2;6;9;0;16;10;2;1;6;1;1;6;17;6;13;0;6;9;4;24;4;0;0;3;18;4;22;0.4247515237469365;5;1;23;-7.568289150442957;22;-9.471742300141347;1;6;4;1;2;8;11;2;7;-4.008938962789459;8;25;3;4;0;3;8;4;5;0;6;4;24;5;3;8
TRACK:111;100;62;6;0;0;6;1;4;6;6;5;2;16;20;-6.8685499208157434;6;5;0;1;4;15;1;9;18;6;6;16;0;2;5;2;2;3;5;11;4;0;18;20;-8.319530929669147;3;4;6;12;0;4;0;5;3;9;0;5;13;5;8;5;6;2;6;9;0;16;10;2;1;6;1;1;6;17;6;13;0;6;9;4;24;4;0;0;3;18;5;7;6.842658371252448;5;1;23;-7.432363554873378;22;-9.677892977273542;1;6;4;1;2;8;11;2;7;-3.650309167424207;8;25;3;4;0;1;0;3;0;0;12;14;4;25;0;8;7;-1.9464970006679432;1;0;6;3;17;0;12;14;1;0;5;9;0;10;25;5;13;4;5;0;6;4;24;5;3;8
TRACK:112;42;23;6;0;0;6;1;4;6;6;5;2;16;20;-6.706683957150525;6;5;0;1;4;15;1;9;18;6;6;16;0;2;5;2;2;3;5;15;4;0;18;20;-8.03698010755067;3;4;6;12;0;4;0;5;3;9;0;5;13;5;8;5;6;2;6;9;0;16;10;2;1;6;1;1;6;17;6;13;0;6;9;4;24;4;0;0;3;18;4;22;0.30928597734584695;5;1;12;22;-9.778145712211787;1;6;4;1;2;8;11;3;19;4;5;4;4;14;3;4;0;1;0;3;0;0;12;14;4;25;4;2;2;13;25;3;20;-7.387377618924488;1;0;6;3;17;6;5;11;1;0;5;9;0;10;25;6;6;15;4;5;0;6;4;24;5;3;8
TRACK:113;42;23;6;0;0;6;1;4;6;6;5;2;16;20;-6.853629778806465;6;5;0;1;4;15;1;9;18;6;6;16;0;2;5;2;2;3;5;11;4;0;18;20;-8.096566513971108;3;4;6;12;0;4;0;5;3;9;0;5;13;5;8;5;6;2;6;9;0;16;10;2;1;6;1;1;6;17;6;13;0;12;14;4;0;0;3;18;4;22;0.2049257378735676;5;1;23;-7.469228053963071;22;-9.563954178801227;1;6;4;1;2;8;11;2;7;-3.8996694851254574;8;25;3;4;0;1;0;3;0;0;12;14;4;25;4;2;2;13;25;3;20;-7.305582491292154;1;0;6;3;17;6;5;11;1;0;5;9;0;10;25;6;6;15;4;5;0;6;4;24;5;3;8
TRACK:114;65;64;6;0;0;6;1;4;6;6;5;2;16;20;-6.963374597401055;6;5;0;1;4;15;1;9;18;6;6;16;0;2;5;2;2;3;5;11;4;0;18;20;-8.124032262211175;3;4;6;12;0;4;0;5;3;9;0;5;13;5;8;5;6;2;6;9;0;16;10;2;1;6;1;1;6;17;6;13;0;6;9;4;24;4;0;3;5;11;5;1;23;-7.590272124481747;22;-9.542689500828502;1;6;4;1;2;8;11;2;7;-4.124109482529695;8;25;3;4;0;1;0;3;0;0;12;14;4;25;4;2;2;13;25;3;20;-7.4845353085922515;1;4;5;20;0.149254388569247;1;0;5;9;0;10;25;6;6;15;4;5;0;6;4;24;5;3;8
TRACK:115;65;64;6;0;0;6;1;4;6;6;5;2;16;20;-6.77523770959882;6;5;0;1;4;15;1;9;18;2;7;-3.7982124696210624;8;0;2;5;2;2;3;5;11;4;0;18;20;-8.072100658921238;3;4;6;12;0;4;0;5;3;9;0;5;13;5;8;5;6;2;6;9;0;16;10;2;1;6;1;1;6;17;6;13;0;6;9;4;24;4;0;0;3;23;1.2302419745298039;4;22;0.40008604239800427;5;1;12;22;-9.544251432200697;1;6;4;1;2;8;22;0.2611382371539677;2;7;-4.020639450732376;8;4;5;4;4;14;3;4;0;1;0;3;0;0;12;14;4;25;4;2;2;13;25;3;20;-7.429225540091683;1;0;6;3;17;6;5;11;1;0;5;9;0;10;25;6;6;15;4;5;0;6;4;24;5;3;8
TRACK:116;65;48;6;0;0;6;1;4;6;6;5;2;16;20;-6.963374597401055;6;5;0;1;4;15;1;9;18;6;6;16;0;2;5;2;2;3;5;11;4;0;18;20;-8.124032262211175;3;4;6;12;24;2;1;6;1;1;6;17;6;13;0;6;9;4;24;4;0;0;3;18;4;22;0.2611382371539677;5;1;23;-7.590272124481747;22;-9.542689500828502;1;6;4;1;2;8;11;2;7;-4.124109482529695;8;25;3;4;0;1;0;3;0;0;12;14;4;25;4;2;2;13;25;3;20;-7.4845353085922515;1;4;5;20;0.149254388569247;1;0;5;9;0;10;25;6;6;15;4;5;0;6;4;24;5;3;8
TRACK:117;65;48;6;0;0;6;1;4;6;6;5;2;16;20;-6.821168460391325;6;5;10;0;2;5;2;2;3;5;11;4;0;18;20;-7.984175636109869;3;4;6;12;0;4;0;5;3;9;0;5;13;5;8;5;6;2;6;9;0;16;10;2;1;6;1;1;6;24;6;13;0;6;9;4;24;4;0;0;3;18;4;22;0.27805628366730756;5;1;12;22;-9.587451890326864;1;6;4;1;2;8;11;2;7;-3.826039063577263;8;4;5;4;4;14;3;4;0;1;0;3;0;0;12;14;4;25;4;2;2;13;25;3;20;-7.364865837751933;1;0;6;3;17;6;5;11;1;0;5;9;0;10;25;6;6;15;6;16
TRACK:118;42;100;6;0;0;6;1;4;6;6;5;2;16;20;-6.706683957150525;6;5;0;1;4;15;1;9;18;6;6;16;0;2;5;2;2;3;5;11;4;0;18;20;-8.03698010755067;3;4;6;12;0;4;0;5;3;9;0;5;13;5;8;5;6;2;6;9;0;16;10;2;1;6;1;1;6;17;6;13;0;6;9;4;24;4;0;0;3;18;4;22;0.30928597734584695;5;1;12;22;-9.778145712211787;1;6;4;1;2;20;-8.108135949877157;11;3;19;4;5;4;4;14;3;4;0;1;0;3;0;0;12;14;4;25;4;2;2;13;25;3;20;-7.387377618924488;1;0;6;3;17;6;5;11;1;0;5;9;0;10;25;6;6;15;4;5;0;6;4;24;5;3;8
TRACK:119;42;100;6;0;0;6;1;4;6;6;5;2;16;20;-6.913455721329562;3;8;0;2;5;2;2;3;5;11;4;0;18;20;-8.108135949877157;3;4;6;12;0;4;0;5;3;22;2.692354249647133;0;5;13;5;8;5;6;2;6;9;0;16;10;2;1;6;1;1;6;17;6;13;0;6;9;4;24;4;0;0;3;18;4;22;0.4247515237469365;5;1;23;-7.568289150442957;22;-9.471742300141347;1;6;4;1;2;8;11;2;7;-4.008938962789459;8;25;3;4;0;1;0;3;0;0;12;14;4;25;0;8;7;-2.1110307884206123;1;0;6;3;17;6;5;11;1;0;5;9;0;10;25;6;18;4;5;0;6;4;24;5;3;8
TRACK:120;100;-1;6;0;0;6;1;4;6;6;5;2;16;20;-6.926832238989957;6;5;0;1;4;15;1;9;18;6;6;16;0;2;5;2;2;3;5;11;4;0;18;20;-7.94173565609176;3;4;6;12;0;4;0;5;3;22;2.6919690486782764;0;5;13;5;8;5;6;2;6;9;0;16;10;2;1;6;1;1;6;17;6;13;0;6;9;4;24;4;0;0;3;18;4;22;0.40831185790281305;5;1;23;-7.572324657550623;22;-9.520678340891108;1;6;4;1;2;8;11;2;7;-3.995912611918657;8;25;3;4;0;1;0;3;0;0;12;14;4;25;0;8;7;-2.149059635771216;1;0;6;3;17;6;5;11;1;0;5;9;0;10;18;6;18;4;5;0;6;4;24;5;3;8
TRACK:121;112;-1;6;0;0;6;1;4;6;6;5;2;16;20;-6.677455312208055;6;5;0;1;3;7;-3.731104610974308;1;9;18;6;6;16;0;2;5;2;2;3;5;15;4;0;18;20;-8.117799159350971;3;4;6;12;0;4;0;5;3;9;0;5;13;5;8;5;6;2;6;9;0;16;10;2;1;6;1;1;6;17;6;13;0;6;9;4;24;4;0;0;3;18;4;22;0.3807517915586176;5;1;12;22;-9.857866135917392;1;6;4;1;2;8;11;3;19;4;5;4;4;14;3;4;0;1;0;3;0;0;12;14;4;25;4;2;2;13;25;3;20;-7.4614129572237555;1;0;6;3;17;6;5;11;1;0;5;9;0;10;25;6;6;15;4;5;0;6;4;24;5;3;8
TRACK:122;114;-1;6;0;0;6;1;4;6;6;5;2;16;20;-6.878924324840378;6;5;0;1;4;15;1;9;18;6;6;16;0;2;5;2;2;3;5;11;4;0;19;20;-8.116350093278616;3;4;6;12;0;4;0;5;3;9;0;5;13;5;8;5;6;2;6;9;0;16;10;2;1;6;1;1;6;17;6;13;0;6;9;4;24;4;0;3;5;11;5;1;23;-7.634847117206039;22;-9.549562463700575;1;6;4;1;2;8;11;2;7;-4.088317551076732;8;25;3;4;0;1;0;3;0;0;12;14;4;25;4;2;2;13;25;3;20;-7.497845450422405;1;4;5;20;0.1621757916676643;1;0;5;9;0;10;25;6;6;15;4;5;0;6;4;24;5;3;8
TRACK:123;116;-1;6;0;0;6;1;4;6;6;5;2;16;20;-6.839129494386295;6;5;0;1;4;10;1;9;18;6;6;16;0;2;5;2;2;3;5;11;4;0;18;20;-8.274909873943646;3;4;6;12;24;2;1;6;1;1;6;17;6;13;0;6;9;4;24;4;0;0;3;18;4;22;0.17614235647839177;5;1;23;-7.611883017692657;22;-9.580465611701555;1;6;4;1;2;8;11;2;7;-4.134169984878693;8;25;3;4;0;1;0;3;0;0;12;14;4;25;4;2;2;13;25;3;20;-7.549676796599985;1;4;5;20;0.21891701407565745;1;0;5;9;0;10;25;6;6;15;4;5;0;6;4;24;5;3;8
TRACK:124;118;-1;6;0;0;2;1;2;16;25;4;19;1;2;20;7.796759036026181;13;1;15;15;0;2;5;2;2;3;5;11;4;0;18;20;-8.184747274335752;3;4;6;12;0;4;0;5;3;9;0;5;13;5;8;5;6;2;6;9;0;16;10;2;1;6;1;1;6;17;6;13;0;6;9;4;24;4;0;0;3;18;4;22;0.44451826313864234;5;1;12;22;-9.628090990690922;1;6;4;1;2;20;-8.028387320450925;11;3;19;4;5;4;4;14;3;4;0;1;0;3;0;0;12;14;4;25;4;2;2;13;25;3;20;-7.370223155112927;1;0;6;3;17;6;5;11;1;0;5;9;0;10;25;6;6;15;4;5;0;6;4;24;5;3;8
TRACK:125;62;-1;6;0;0;6;1;4;6;6;5;2;16;20;-6.813041005354922;6;5;0;1;4;15;1;9;18;6;6;16;0;2;5;2;2;3;5;11;4;0;18;20;-8.46817438370641;3;4;6;12;0;4;0;5;3;9;0;5;13;5;8;5;6;2;6;9;0;16;10;2;1;6;1;1;6;17;6;13;0;6;9;4;24;4;0;0;3;18;5;7;6.753716829997621;5;1;23;-7.55495869144739;22;-9.777163709284949;1;6;4;1;2;8;11;2;7;-3.6596298073975726;8;25;3;4;0;1;0;3;4;6;17;0;8;7;-1.7851864750331692;1;0;6;3;17;6;5;11;1;0;5;9;0;10;25;5;13;4;5;0;6;4;24;5;3;8
TRACK:126;113;-1;6;0;0;6;1;4;6;6;5;2;16;20;-6.945211384334469;6;5;0;1;4;15;1;9;18;6;6;16;0;2;5;2;2;3;5;11;4;0;18;20;-8.057182160258069;3;4;6;12;0;4;0;5;3;9;0;5;13;5;8;5;6;2;6;9;0;16;10;2;1;6;1;1;6;17;6;13;0;12;14;4;0;0;3;18;4;22;0.12344971468103572;5;1;23;-7.586788014342182;22;-9.54037935514955;1;6;4;1;2;8;11;2;7;-4.017946312569306;8;25;3;4;0;1;0;3;0;0;12;14;4;25;4;2;2;13;23;-8.186463055460727;3;20;-7.370556688729097;1;0;6;3;17;6;5;11;1;0;5;9;0;10;25;6;6;15;4;5;0;6;4;24;5;3;8
TRACK:127;115;-1;6;0;0;6;1;4;6;6;5;2;16;20;-6.781952663416795;6;5;0;1;4;15;1;9;18;2;7;-3.7719251135990435;8;0;2;5;2;2;3;5;11;4;0;18;20;-8.04117826726382;3;4;6;12;0;4;0;5;3;9;0;5;13;5;8;5;6;2;6;9;0;16;10;2;1;6;1;1;6;17;6;13;0;6;9;4;24;4;0;0;3;23;1.3102523272833015;4;22;0.503089355187316;5;1;12;22;-9.64024746644025;1;6;4;1;2;8;22;0.3957680753528031;2;21;5.906530312879889;8;4;5;4;4;14;3;4;0;1;0;3;0;0;12;14;4;25;4;2;2;13;25;3;20;-7.45697459146235;1;0;6;3;17;6;5;11;1;0;5;9;0;10;25;6;6;15;4;5;0;6;4;24;5;3;8
TRACK:128;117;-1;6;0;0;6;1;4;6;6;5;2;16;20;-6.834852714060696;6;5;10;0;2;5;2;2;3;5;11;4;0;18;20;-8.103159401644021;3;4;6;12;0;4;0;5;3;9;0;5;13;5;8;5;6;2;6;9;0;16;10;2;1;6;1;1;6;24;6;13;0;6;9;4;24;4;0;0;3;18;4;22;0.42029910031179474;5;1;12;22;-9.515169572349995;1;6;4;1;2;8;11;2;7;-3.802556243973153;8;4;5;5;2;11;14;3;4;0;1;0;3;0;0;12;14;4;25;4;2;2;13;25;3;20;-7.243599266877274;1;0;6;3;17;6;5;11;1;0;5;9;0;10;25;6;6;15;6;16
TRACK:129;119;-1;6;0;0;6;1;4;6;6;5;2;16;20;-7.028620964539983;3;8;0;2;5;2;2;3;5;11;4;0;18;20;-8.29777011174305;3;4;6;12;0;4;0;5;3;22;2.708405174789726;0;5;13;5;8;5;6;2;6;9;0;16;10;2;1;6;1;1;6;17;6;13;0;6;9;4;24;6;6;5;7;9.221675513620188;1;6;4;1;2;8;11;2;7;-3.757116736274685;8;25;3;4;0;1;0;3;0;0;12;14;4;25;0;8;7;-2.20602819687777;1;0;6;3;17;6;5;11;1;0;5;9;0;10;25;6;18;4;5;0;6;4;24;5;3;8
EVAL_INSTANCE:6:0:120
EVAL_INSTANCE:6:1:121
EVAL_INSTANCE:6:2:122
EVAL_INSTANCE:6:3:123
EVAL_INSTANCE:6:4:124
EVAL_INSTANCE:6:5:125
EVAL_INSTANCE:6:6:126
EVAL_INSTANCE:6:7:127
EVAL_INSTANCE:6:8:128
EVAL_INSTANCE:6:9:129
RUN_RESULT:6:0:0:5:DDDLL
RUN_RESULT:6:1:0:17:DDDLL
RUN_RESULT:6:2:0:17:DDDLL
RUN_RESULT:6:3:0:2000:----
RUN_RESULT:6:4:0:17:DDDLL
RUN_RESULT:6:5:0:17:DDDLL
RUN_RESULT:6:6:0:17:DDDLL
RUN_RESULT:6:7:0:17:DDDLL
RUN_RESULT:6:8:0:24:DLDRDDLD
RUN_RESULT:6:9:0:5:DDDLL
     7 |       70 | -3.986600E+03 | -3.995000E+03
TRACK:130;100;64;6;0;0;6;1;4;6;6;5;2;16;20;-6.913455721329562;6;5;0;1;4;15;1;9;18;6;6;16;0;2;5;2;2;3;5;11;4;0;18;20;-8.108135949877157;3;4;6;12;0;4;0;5;3;22;2.692354249647133;0;5;13;5;8;5;6;2;6;9;0;16;10;2;1;1;0;6;3;17;6;5;11;1;0;5;9;0;10;25;6;6;15;4;0;0;3;18;4;22;0.4247515237469365;5;1;23;-7.568289150442957;22;-9.471742300141347;1;6;4;1;2;8;11;2;7;-4.008938962789459;8;25;3;4;0;1;0;3;0;0;12;14;4;25;0;8;7;-2.1110307884206123;1;0;6;3;17;6;5;11;1;0;5;9;0;10;25;6;18;4;5;0;6;4;24;5;3;8
TRACK:131;100;64;6;0;0;6;1;4;6;6;5;2;16;20;-6.77523770959882;6;5;0;1;4;15;1;9;18;2;7;-3.7982124696210624;8;0;2;5;2;2;3;5;11;4;0;18;20;-8.072100658921238;3;4;6;12;0;4;0;5;3;9;0;5;13;5;8;5;6;2;6;9;0;16;10;6;6;5;2;16;20;-6.913455721329562;3;4;0;1;0;3;0;0;12;14;4;25;4;2;2;13;25;3;20;-7.429225540091683;1;0;6;3;17;6;5;11;1;0;5;9;0;10;25;6;6;15;4;5;0;6;4;24;5;3;8
TRACK:132;47;120;6;0;0;6;1;4;6;6;5;2;16;20;-6.942911827550135;6;5;0;1;4;15;1;9;18;6;6;16;0;2;5;2;2;3;5;11;4;0;18;22;-9.520678340891108;3;4;6;12;0;4;0;5;3;9;0;5;13;5;8;5;6;2;6;9;0;16;10;2;1;6;1;1;6;17;6;13;0;6;9;4;24;4;0;0;3;18;4;22;0.18499852369323083;5;1;23;-7.367992266865234;22;-9.589294941342446;1;6;4;1;2;8;11;2;7;-4.0126203497988735;8;25;3;4;0;1;0;3;0;0;12;14;4;25;0;8;7;-1.9039963154711828;1;0;6;3;17;6;5;11;1;0;5;9;0;10;25;6;6;15;4;5;0;6;4;24;5;3;8
TRACK:133;47;120;6;0;0;6;1;4;6;6;5;2;16;20;-6.926832238989957;6;5;0;1;4;15;1;9;18;6;6;16;0;2;5;2;2;3;5;11;4;0;18;20;-7.94173565609176;3;4;6;12;0;4;0;5;3;22;2.6919690486782764;0;5;13;5;8;5;6;2;6;9;0;16;10;2;1;6;1;1;6;17;6;13;0;6;9;4;24;4;0;0;3;18;4;22;0.40831185790281305;5;1;23;-7.572324657550623;22;-9.520678340891108;1;6;4;1;2;8;11;2;7;-3.995912611918657;8;25;3;4;0;7;-1.9039963154711828;4;5;0;6;4;24;5;3;8
TRACK:134;129;120;6;0;0;6;1;4;6;6;5;2;16;20;-7.028620964539983;3;8;0;2;5;2;2;3;5;11;4;0;18;20;-8.29777011174305;3;4;6;12;0;4;0;5;3;8;0;5;13;5;8;5;6;2;6;9;0;16;10;2;1;6;1;1;6;17;6;13;0;6;9;4;24;6;6;5;7;9.221675513620188;1;6;4;1;2;8;11;2;7;-3.757116736274685;8;25;3;4;0;1;0;3;0;0;12;14;4;25;0;8;7;-2.20602819687777;1;0;6;3;17;6;5;11;1;0;5;9;0;10;25;6;18;4;5;0;6;4;24;5;3;8
TRACK:135;129;120;6;0;0;6;1;4;6;6;5;2;16;20;-6.926832238989957;6;5;0;1;4;15;1;9;18;6;6;16;0;2;5;2;2;3;5;11;4;0;18;20;-7.94173565609176;3;4;6;12;0;4;0;5;3;22;2.6919690486782764;0;5;13;5;8;5;6;2;6;9;0;16;10;2;1;6;1;1;6;8;6;13;0;6;9;4;24;4;0;0;3;18;4;22;0.40831185790281305;5;1;23;-7.572324657550623;22;-9.520678340891108;1;6;4;1;2;8;11;2;7;-3.995912611918657;8;25;3;4;0;1;0;3;0;0;12;14;4;25;0;8;7;-2.149059635771216;1;0;6;3;17;6;5;11;1;0;5;9;0;10;18;6;18;4;5;0;6;4;24;5;3;8
TRACK:136;100;62;6;0;0;6;1;4;6;6;5;2;16;20;-6.913455721329562;6;5;0;1;4;15;1;9;18;6;6;16;0;2;5;2;2;3;5;11;4;0;18;20;-8.108135949877157;3;4;6;12;0;4;0;5;3;22;2.692354249647133;0;5;13;5;8;5;6;2;6;9;0;16;10;2;1;6;1;1;6;17;6;13;25;4;0;0;3;18;4;22;0.4247515237469365;5;1;23;-7.568289150442957;22;-9.471742300141347;1;6;4;1;2;8;11;2;7;-4.008938962789459;8;25;3;4;0;1;0;3;0;0;12;14;4;25;0;8;7;-2.1110307884206123;1;0;6;3;17;6;5;11;1;0;5;9;0;10;25;6;18;4;5;0;6;4;24;5;3;8
TRACK:137;100;62;6;0;23;-7.568289150442957;3;4;0;1;0;3;0;0;12;14;4;25;0;8;7;-1.9464970006679432;1;0;6;3;17;6;5;11;1;0;5;9;0;10;25;5;13;4;5;0;6;4;24;5;3;8
TRACK:138;129;48;6;0;0;6;1;4;6;6;5;2;16;20;-7.028620964539983;3;8;0;2;5;2;2;3;5;11;4;0;18;20;-8.29777011174305;3;4;6;12;0;4;0;5;3;22;2.708405174789726;0;5;13;5;8;5;6;2;6;9;0;16;10;2;1;6;1;1;6;17;6;13;0;6;9;4;24;6;6;5;7;9.221675513620188;1;6;20;-6.821168460391325;25;3;4;0;1;0;3;0;0;12;14;4;25;0;8;7;-2.20602819687777;1;0;6;3;17;6;5;11;1;0;5;9;0;10;25;6;18;4;5;0;6;4;24;5;3;8
TRACK:139;129;48;6;0;0;6;1;4;6;6;5;2;16;20;-6.821168460391325;6;5;10;0;2;5;2;2;3;5;11;4;0;18;20;-7.984175636109869;3;4;6;12;0;12;5;6;2;6;9;0;16;10;2;1;6;1;1;6;24;6;13;0;6;9;4;24;4;0;0;3;18;4;22;0.27805628366730756;5;1;12;22;-9.587451890326864;1;6;4;1;2;8;11;2;7;-3.826039063577263;8;4;5;4;4;14;3;4;0;1;0;3;0;0;12;14;4;25;4;2;2;13;25;3;20;-7.364865837751933;1;0;6;3;17;6;5;11;1;0;5;9;0;10;25;6;6;15;4;5;0;6;4;24;5;3;8
TRACK:140;130;-1;6;0;0;6;1;4;6;6;5;2;16;20;-6.847479852964436;6;5;0;1;4;15;1;9;18;6;6;16;0;2;5;2;2;3;5;11;4;0;18;20;-8.236671846335065;3;4;6;12;0;4;0;5;3;22;2.5611150932066176;0;5;13;5;8;5;6;2;6;9;0;16;10;2;1;1;0;6;3;17;6;5;11;1;0;5;9;0;10;25;6;6;15;4;0;0;3;18;4;22;0.39802480090157555;5;1;23;-7.515214438065535;22;-9.648684786893098;1;6;4;1;2;8;11;2;7;-3.958628964702158;18;25;3;4;0;1;0;3;0;0;12;14;4;25;0;8;7;-1.9617125308637433;1;0;6;3;17;6;5;11;1;0;5;9;0;10;25;6;18;4;5;0;6;4;24;5;3;8
TRACK:141;132;-1;6;0;0;6;1;4;6;6;5;2;16;20;-7.222524997418344;6;5;0;1;4;15;1;9;18;6;6;16;0;2;5;2;2;3;5;11;4;0;18;22;-9.454959656108665;3;4;6;12;0;4;0;5;3;9;0;5;13;5;8;5;6;2;6;9;0;16;10;2;1;6;1;1;6;17;6;10;0;6;9;4;24;4;0;0;3;18;4;22;0.257523889567047;5;1;23;-7.457550924265899;22;-9.639634874088266;1;6;4;1;2;8;11;2;7;-4.017052263308973;8;25;3;4;0;1;0;3;0;0;12;14;4;25;0;8;7;-1.7742387708810154;1;0;6;3;17;6;5;11;1;0;5;9;0;10;25;6;6;15;4;5;0;6;4;24;5;3;8
TRACK:142;134;-1;6;0;0;6;1;4;6;6;5;2;16;20;-7.061384695223205;3;8;0;2;5;2;2;3;5;11;4;0;18;20;-8.541220807547118;3;4;6;12;0;4;0;5;3;8;0;5;13;5;8;5;6;2;6;9;0;16;10;2;1;6;1;1;6;17;6;13;0;6;9;4;24;6;6;5;7;9.279493460978427;1;6;4;1;2;8;11;2;7;-3.7421668166065714;8;25;3;4;0;1;0;3;0;0;12;14;4;25;0;8;7;-2.1920749834051265;1;0;6;5;13;6;5;11;1;0;5;9;0;10;25;6;18;4;5;0;6;4;24;5;3;8
TRACK:143;136;-1;6;0;0;6;1;4;6;6;5;2;16;20;-6.892668435068498;6;5;0;1;4;15;3;16;6;6;16;0;2;5;2;2;3;5;11;4;0;18;20;-8.0630947251259;3;4;6;12;0;4;0;5;3;22;2.588853594397547;0;5;13;5;8;5;6;2;6;9;0;16;10;2;1;6;1;1;6;17;6;13;25;4;0;0;3;18;4;22;0.38616512667031355;5;1;23;-7.454573677997786;22;-9.419678754032486;1;6;4;1;2;8;11;2;7;-3.9534114257821624;8;25;3;4;0;1;0;3;0;0;12;14;4;25;0;8;7;-2.1642125709337416;1;0;6;3;17;6;5;11;1;0;5;9;0;10;25;6;18;4;5;0;6;4;24;5;3;8
TRACK:144;138;-1;6;0;0;6;1;4;6;6;5;14;3;8;0;2;5;2;2;3;5;11;4;0;18;20;-8.226312670408277;3;4;6;12;0;4;0;5;3;22;2.6212065923007217;0;5;13;5;8;5;6;2;6;9;0;16;10;2;1;6;1;1;6;17;6;13;0;6;9;4;24;6;6;5;7;9.207858224386369;1;6;20;-7.032359333763071;25;3;4;0;1;0;3;0;0;12;14;4;25;0;8;7;-2.2214792462967092;1;0;6;3;17;6;5;11;1;0;5;9;0;10;25;6;18;4;5;0;6;4;24;5;3;8
TRACK:145;131;-1;6;0;0;6;1;4;6;6;5;2;16;20;-6.7822182113076535;6;5;0;1;4;15;1;9;18;2;7;-3.8641928893897526;8;0;2;5;2;2;3;5;11;4;0;18;20;-8.012930979345878;3;4;6;12;0;4;0;5;3;9;0;5;13;5;8;5;6;2;6;9;0;16;10;6;6;5;2;16;20;-6.785831935594692;3;4;0;1;0;3;0;0;12;14;4;25;4;0;25;11;1;0;6;3;17;6;5;11;1;0;5;9;0;10;25;6;6;15;4;5;0;6;4;24;5;3;8
TRACK:146;133;-1;6;0;0;6;1;4;6;6;5;2;16;20;-6.769059579599625;6;5;0;1;4;9;1;9;18;6;6;16;0;2;5;2;2;3;5;11;4;0;18;20;-7.765011217881949;3;4;6;12;0;4;0;5;3;22;2.5689126357795886;0;5;13;5;8;5;6;2;6;9;0;16;10;2;1;6;1;1;6;17;6;13;0;6;9;4;24;4;0;0;3;18;4;22;0.5687100004412472;5;1;23;-7.5156224969508445;22;-9.465876712742855;1;6;4;1;2;8;11;2;7;-4.0182377129793485;8;25;3;4;0;7;-1.9839548210211035;4;5;0;6;4;24;5;3;8
TRACK:147;135;-1;6;0;0;6;1;4;6;6;5;2;16;20;-6.899140643663201;6;5;0;1;4;15;1;9;18;6;6;16;0;2;5;2;2;3;5;11;4;0;18;20;-7.995481264482649;3;4;6;12;0;4;0;5;3;22;2.698910660431475;0;5;13;5;8;5;6;2;6;9;0;16;10;2;1;6;1;1;6;8;6;13;0;6;9;4;24;4;0;0;3;18;4;22;0.28348197588301366;5;1;23;-7.440662477537072;22;-9.61300399971852;1;6;4;1;2;8;11;2;7;-4.0930753366211805;8;25;3;4;0;1;0;3;0;0;12;14;4;25;0;8;7;-2.0623827909021886;1;0;6;3;17;6;5;11;1;0;5;17;0;10;18;6;18;4;5;0;6;4;24;5;3;8
TRACK:148;137;-1;6;5;4;4;4;21;1.536226440050763
TRACK:149;139;-1;6;0;0;6;1;4;6;6;5;2;16;20;-6.555647307401061;6;5;10;0;2;5;2;2;3;5;11;4;0;18;20;-8.054662444657996;3;4;6;12;0;12;5;6;2;6;9;0;16;11;2;1;6;1;1;6;24;6;13;0;6;9;4;24;4;0;0;3;18;4;22;0.20274127257973154;5;1;12;22;-9.545054596797835;1;6;4;1;2;8;11;2;7;-3.9469295841016634;8;4;5;4;4;14;3;4;0;1;0;3;0;0;12;14;4;25;4;2;2;13;25;3;20;-7.394900903091082;1;0;6;3;17;6;5;11;1;0;5;9;0;10;25;6;6;15;4;5;0;6;4;24;5;3;8
EVAL_INSTANCE:7:0:140
EVAL_INSTANCE:7:1:141
EVAL_INSTANCE:7:2:142
EVAL_INSTANCE:7:3:143
EVAL_INSTANCE:7:4:144
EVAL_INSTANCE:7:5:145
EVAL_INSTANCE:7:6:146
EVAL_INSTANCE:7:7:147
EVAL_INSTANCE:7:8:148
EVAL_INSTANCE:7:9:149
RUN_RESULT:7:0:0:5:DDDLL
RUN_RESULT:7:1:0:2000:----
RUN_RESULT:7:2:0:24:DLDRDDLD
RUN_RESULT:7:3:0:5:DDDLL
RUN_RESULT:7:4:0:2000:----
RUN_RESULT:7:5:0:17:DDDLL
RUN_RESULT:7:6:0:5:DDDLL
RUN_RESULT:7:7:0:5:DDDLL
RUN_RESULT:7:8:0:42:DDDRUUULLL
RUN_RESULT:7:9:0:17:DDDLL
     8 |       80 | -3.991400E+03 | -3.995000E+03
TRACK:150;143;146;6;0;0;6;1;4;6;6;5;2;16;20;-6.892668435068498;6;5;0;1;4;15;3;16;6;6;16;0;2;5;2;2;3;5;11;4;0;18;20;-8.0630947251259;3;4;6;12;0;4;0;5;3;22;2.588853594397547;0;5;13;5;8;5;6;2;6;9;0;16;10;2;1;6;1;1;6;17;6;13;25;4;0;0;3;18;4;22;0.38616512667031355;5;1;23;-7.454573677997786;22;-9.419678754032486;1;6;4;1;2;8;11;2;7;-3.9534114257821624;8;25;3;4;0;1;0;3;0;0;12;14;4;25;0;8;7;-2.1642125709337416;4;24;4;5;0;6;4;24;5;3;8
TRACK:151;143;146;6;0;0;6;1;4;6;6;5;2;16;20;-6.769059579599625;6;5;0;1;4;9;1;9;18;6;6;16;0;2;5;2;2;3;5;11;4;0;18;20;-7.765011217881949;7;-2.1642125709337416;0;4;0;5;3;22;2.5689126357795886;0;5;13;5;8;5;6;2;6;9;0;16;10;2;1;6;1;1;6;17;6;13;0;6;9;4;24;4;0;0;3;18;4;22;0.5687100004412472;5;1;23;-7.5156224969508445;22;-9.465876712742855;1;6;4;1;2;8;11;2;7;-4.0182377129793485;8;25;3;4;0;7;-1.9839548210211035;4;5;0;6;4;24;5;3;8
TRACK:152;147;120;6;0;0;6;1;4;6;6;5;2;16;20;-6.899140643663201;6;5;0;1;4;15;1;9;18;6;6;16;0;2;5;2;2;3;5;11;4;0;18;20;-7.995481264482649;3;4;6;12;0;4;0;5;3;22;2.698910660431475;0;5;13;5;8;5;6;2;6;9;0;16;10;2;5;2;16;20;-6.926832238989957;1;6;4;1;2;8;11;2;7;-4.0930753366211805;8;25;3;4;0;1;0;3;0;0;12;14;4;25;0;8;7;-2.0623827909021886;1;0;6;3;17;6;5;11;1;0;5;17;0;10;18;6;18;4;5;0;6;4;24;5;3;8
TRACK:153;147;120;6;0;0;6;1;4;6;6;5;2;16;20;-6.926832238989957;6;5;0;1;4;15;1;9;18;6;6;16;0;2;5;2;2;3;5;20;-7.995481264482649;4;0;18;20;-7.94173565609176;3;4;6;12;0;4;0;5;3;22;2.6919690486782764;0;5;13;5;8;5;6;2;6;9;0;16;10;2;1;6;1;1;6;17;6;13;0;6;9;4;24;4;0;0;3;18;4;22;0.40831185790281305;5;1;23;-7.572324657550623;22;-9.520678340891108;1;6;4;1;2;8;11;2;7;-3.995912611918657;8;25;3;4;0;1;0;3;0;0;12;14;4;25;0;8;7;-2.149059635771216;1;0;6;3;17;6;5;11;1;0;5;9;0;10;18;6;18;4;5;0;6;4;24;5;3;8
TRACK:154;129;147;6;0;0;6;1;4;6;6;5;2;16;20;-7.028620964539983;3;8;0;2;5;2;2;3;5;11;4;0;18;20;-8.29777011174305;3;4;6;12;0;4;0;5;3;22;2.708405174789726;0;5;13;5;8;5;6;2;6;9;0;16;10;2;5;11;1;6;4;1;2;8;11;2;7;-3.757116736274685;8;25;3;4;0;1;0;3;0;0;12;14;4;25;0;8;7;-2.20602819687777;1;0;6;3;17;6;5;11;1;0;5;9;0;10;25;6;18;4;5;0;6;4;24;5;3;8
TRACK:155;129;147;6;0;0;6;1;4;6;6;5;2;16;20;-6.899140643663201;6;5;0;1;4;15;1;9;18;6;6;16;0;2;5;2;2;3;5;11;4;0;18;20;-7.995481264482649;3;4;6;12;0;4;0;5;3;22;2.698910660431475;0;5;13;5;8;5;6;2;6;9;17;2;1;6;1;1;6;8;6;13;0;6;9;4;24;4;0;0;3;18;4;22;0.28348197588301366;5;1;23;-7.440662477537072;22;-9.61300399971852;1;6;4;1;2;8;11;2;7;-4.0930753366211805;8;25;3;4;0;1;0;3;0;0;12;14;4;25;0;8;7;-2.0623827909021886;1;0;6;3;17;6;5;11;1;0;5;17;0;10;18;6;18;4;5;0;6;4;24;5;3;8
TRACK:156;100;129;6;0;0;6;1;4;6;6;5;2;16;20;-6.913455721329562;6;5;0;1;4;15;1;9;18;6;6;16;0;2;5;2;2;3;5;11;4;0;18;20;-8.108135949877157;3;4;6;12;0;4;0;5;3;22;2.692354249647133;0;5;13;5;8;5;6;2;6;9;0;16;10;2;1;6;1;1;6;17;6;13;0;6;9;4;24;4;0;0;3;18;4;22;0.4247515237469365;5;1;23;-7.568289150442957;22;-9.471742300141347;1;6;4;1;2;8;11;2;7;-4.008938962789459;8;25;3;4;0;1;0;3;0;0;12;14;4;25;0;8;7;-2.1110307884206123;1;0;6;3;17;6;5;11;1;0;5;9;0;10;25;6;18;4;5;0;6;4;24;5;3;22;2.708405174789726
TRACK:157;100;129;6;0;0;6;1;4;6;6;5;2;16;20;-7.028620964539983;3;8;0;2;5;2;2;3;5;11;4;0;18;20;-8.29777011174305;3;4;6;12;0;4;0;5;3;22;2.708405174789726;0;5;13;5;8;5;6;2;6;9;0;16;10;2;1;6;1;1;6;17;6;13;0;6;9;4;24;6;6;5;7;9.221675513620188;1;6;4;1;2;8;11;2;7;-3.757116736274685;8;25;3;4;0;1;0;3;6;16;0;8;7;-2.20602819687777;1;0;6;3;17;6;5;11;1;0;5;9;0;10;25;6;18;4;5;0;6;4;24;5;3;8
TRACK:158;146;143;6;0;0;6;1;4;6;6;5;2;16;20;-6.769059579599625;6;5;0;1;4;9;1;9;18;6;6;16;0;2;5;2;2;3;5;11;4;0;18;20;-7.765011217881949;3;4;6;12;0;4;0;5;3;22;2.5689126357795886;0;5;13;5;8;5;6;2;6;9;0;16;10;2;1;6;1;1;6;17;6;13;0;6;9;4;24;4;0;0;3;18;4;22;0.5687100004412472;5;1;23;-7.5156224969508445;22;-9.465876712742855;1;6;4;1;2;8;11;2;7;-4.0182377129793485;8;25;8
TRACK:159;146;143;6;0;0;6;1;4;6;6;5;2;16;20;-6.892668435068498;6;5;0;1;4;15;3;16;6;6;16;0;2;5;2;2;3;5;11;4;0;18;20;-8.0630947251259;3;4;6;12;0;4;0;5;3;22;2.588853594397547;0;5;13;5;8;5;6;2;6;9;0;16;10;2;1;6;1;1;6;17;6;13;25;4;0;0;3;18;4;22;0.38616512667031355;5;1;23;-7.454573677997786;22;-9.419678754032486;1;6;4;1;2;8;11;2;7;-3.9534114257821624;8;25;3;4;0;1;0;3;0;0;12;14;4;25;0;8;7;-2.1642125709337416;1;0;6;3;17;6;5;11;1;0;5;9;0;10;25;6;18;4;5;0;2;6;9;0;16;10;5;3;8
TRACK:160;143;-1;6;0;0;6;1;4;6;6;5;2;16;20;-6.913230095901255;6;5;0;1;4;15;3;16;6;6;16;0;2;5;2;2;3;5;11;4;0;18;20;-7.952764504492133;3;4;6;12;0;4;0;5;3;22;2.4954319949866814;0;5;13;5;8;5;6;2;6;9;0;16;10;2;1;6;1;1;6;17;6;13;25;4;0;0;3;18;4;22;0.308803479601941;5;1;23;-7.281492523065521;22;-9.32949340332651;1;6;4;1;2;8;11;2;7;-3.840498074468987;8;25;3;4;0;1;0;3;0;0;19;16;4;25;0;8;7;-2.1611830980767577;1;0;6;3;17;6;5;11;1;0;5;9;0;10;25;6;18;4;5;0;6;4;24;5;3;8
TRACK:161;152;-1;6;3;2;0;1;0;3;4;0;1;20;-0.11101694099299664;14;5;10;4;6;1;5;12;4;7;-1.0204137596913014;4;0;1;5;6;13;2;0;18;21;3.0309685051471273;3;10;4;5;4;9;2;1;4;3;1;4;25;1;16;17;2;1;5;2;19;19;5;3;24;1;5;0;25;20;-9.03015006918265;5;4;23;-8.87202881998473;5;0;5;3;6;20;-2.0879044655609373;2;2;2;22;-0.47690976197492674;15;1;20;-4.117685371825576;14;1;5;7;4.185258240006052;2;22;2.2334052979401537;20;6.164524143257374;0;3;0;1;3;5;1;24;24;1;2;6;7;4.290950666602523;4;8;3;0;25;22;-2.1411515347151493;3;4;3;6;17;5;2;4;5;4;1;14;11;0;3;4;5;19;4;1;1;7;-6.593574759731606;7;8.98233748540287;4;13
TRACK:162;154;-1;6;0;0;6;1;4;6;6;5;2;16;20;-7.133205136659979;3;8;0;2;5;2;2;3;5;11;4;0;18;20;-8.48787788418944;3;4;6;12;0;4;0;5;3;22;2.51626894641638;0;5;13;5;8;5;6;2;6;18;0;16;10;2;5;11;1;6;4;1;2;8;11;2;7;-3.7409647213981883;8;25;3;4;0;1;0;3;0;0;12;14;4;25;0;8;7;-2.149733877872348;1;0;6;3;17;6;5;11;1;0;5;9;0;10;25;6;18;4;5;0;6;4;24;5;3;8
TRACK:163;156;-1;6;0;0;6;1;4;6;6;5;2;16;20;-6.924949967378228;6;5;0;1;4;15;1;9;18;6;6;16;0;2;5;2;2;3;5;11;4;0;18;20;-8.135701083069105;3;4;6;12;0;4;0;5;3;22;2.6599751112749135;0;5;13;5;8;5;6;2;6;9;0;16;10;2;1;6;1;1;6;17;6;13;0;6;9;4;24;4;0;0;3;18;4;22;0.4463525870309487;5;1;23;-7.461192599319767;22;-9.404666260435956;1;6;4;1;2;8;11;2;7;-3.935189530796652;8;25;3;4;0;1;0;3;0;0;12;14;4;25;0;8;7;-2.1150759439134816;1;0;6;3;17;6;5;11;1;0;5;9;0;10;18;6;18;4;5;0;6;4;24;5;3;22;2.8494679047274483
TRACK:164;158;-1;6;0;0;6;1;4;6;6;5;2;25;20;-6.700897973006837;6;5;0;1;4;9;1;9;18;6;6;16;0;2;5;2;2;3;5;11;4;0;18;20;-7.804794028679147;3;4;6;12;0;4;0;5;3;22;2.6101376859724694;0;5;13;5;8;5;6;2;6;9;0;16;10;2;1;6;1;1;6;17;6;13;0;6;9;4;24;4;0;0;3;18;4;22;0.46554232886632535;5;1;23;-7.439864702890444;22;-9.370761704071422;1;6;4;1;2;8;11;2;7;-4.0557115092577884;8;25;8
TRACK:165;146;-1;6;0;0;6;1;4;6;6;5;2;16;20;-6.672341417346186;6;5;0;1;4;9;1;9;18;6;6;16;0;2;5;2;2;3;5;11;4;0;18;20;-7.637296144929282;4;0;18;9;0;4;0;5;3;22;2.70973230703459;0;5;13;5;8;5;6;2;6;9;0;16;10;2;1;6;1;1;6;17;6;13;0;6;9;4;24;4;0;0;3;18;4;22;0.4588736761407366;5;1;23;-7.42307737516521;22;-9.723654858084448;1;6;4;1;2;8;11;2;7;-4.056616632728033;8;25;3;4;0;7;-2.0051730804503367;4;5;0;6;4;24;5;3;8
TRACK:166;153;-1;6;0;0;6;1;4;6;6;5;2;16;20;-6.891330724974343;6;5;0;1;4;15;1;9;18;6;6;16;0;2;3;6;20;-8.71584740971312;0;4;0;5;3;22;2.7025300688085268;0;5;13;5;8;5;6;2;6;9;0;16;10;2;1;6;1;1;6;17;6;13;0;6;9;4;24;4;0;0;3;18;4;22;0.3263006878739523;5;1;23;-7.441768091900394;22;-9.618918729973291;1;6;4;1;2;8;11;2;7;-3.9639251602530488;8;25;3;4;0;1;0;3;0;0;12;14;4;25;0;8;7;-1.9483184129553988;1;0;6;3;17;6;5;11;1;0;5;9;0;10;18;6;18;4;5;0;6;4;24;5;3;8
TRACK:167;155;-1;6;0;0;6;1;4;6;6;5;2;16;20;-6.887100688676322;6;5;0;1;4;15;1;9;18;6;6;16;0;2;5;2;2;3;5;11;4;0;18;8;3;4;6;12;0;4;0;5;3;22;2.786763456869156;0;5;13;5;8;5;6;2;6;9;17;2;1;6;1;1;6;8;6;13;0;6;9;4;24;4;0;0;3;18;4;22;0.2646596487261551;5;1;23;-7.388934975997112;22;-9.619727440280377;1;6;4;1;2;8;11;2;7;-4.244054960830203;8;25;3;4;0;1;0;3;0;0;12;14;4;25;0;8;7;-2.1061210846811207;1;0;6;3;17;6;5;11;1;0;5;17;0;10;18;6;18;4;5;0;6;4;24;5;3;8
TRACK:168;157;-1;6;0;0;6;1;4;6;6;5;2;16;20;-7.125776182949099;3;8;0;2;5;2;2;3;5;11;4;0;18;20;-8.166007099343538;3;4;6;12;0;4;0;5;3;22;2.631844709994845;0;5;13;5;8;5;3;0;0;21;-1.5072477185029989;15;6;15;2;1;6;1;1;6;17;6;13;0;6;9;4;24;6;6;5;7;9.27491347591419;1;6;4;1;2;8;11;2;7;-3.810126189165462;8;25;3;4;0;1;0;3;6;16;0;8;7;-2.1858862833923274;1;0;6;3;17;6;5;11;1;0;5;9;0;10;25;6;18;4;5;0;6;4;24;5;3;8
TRACK:169;159;-1;6;0;0;6;1;4;6;6;5;2;16;20;-6.941684604324957;6;5;0;1;4;15;3;16;6;6;16;0;2;5;2;2;3;5;11;4;0;16;20;-8.12115170786532;3;4;6;12;0;4;0;5;3;22;2.735809295602242;0;5;13;5;8;5;6;2;6;9;0;16;10;2;1;6;1;1;6;17;6;13;25;4;0;0;3;18;4;22;0.46797545598563894;5;1;23;-7.480579640912202;22;-9.447121568850065;1;6;4;1;2;8;11;2;7;-3.7717795167587433;8;25;3;4;0;1;0;3;0;0;12;14;4;25;0;8;7;-2.052597727334809;1;0;6;3;17;6;5;11;1;0;5;9;0;10;25;6;18;4;5;0;2;6;9;0;16;10;5;3;8
EVAL_INSTANCE:8:0:160
EVAL_INSTANCE:8:1:161
EVAL_INSTANCE:8:2:162
EVAL_INSTANCE:8:3:163
EVAL_INSTANCE:8:4:164
EVAL_INSTANCE:8:5:165
EVAL_INSTANCE:8:6:166
EVAL_INSTANCE:8:7:167
EVAL_INSTANCE:8:8:168
EVAL_INSTANCE:8:9:169
RUN_RESULT:8:0:0:5:DDDLL
RUN_RESULT:8:1:0:2000:----
RUN_RESULT:8:2:0:5:DDDLL
RUN_RESULT:8:3:0:5:DDDLL
RUN_RESULT:8:4:0:5:DDDLL
RUN_RESULT:8:5:0:5:DDDLL
RUN_RESULT:8:6:0:80:DDDLL
RUN_RESULT:8:7:0:2000:----
RUN_RESULT:8:8:0:10:DDDLDRLD
RUN_RESULT:8:9:0:5:DDDLL
     9 |       90 | -3.995000E+03 | -3.995000E+03
TRACK:170;120;146;6;0;0;6;1;4;6;6;5;2;16;20;-6.926832238989957;6;5;0;1;4;15;1;9;18;6;6;16;0;2;5;2;2;3;5;11;4;0;18;20;-7.94173565609176;3;4;6;12;0;4;0;5;3;22;2.6919690486782764;0;5;13;5;8;5;6;2;6;9;0;16;10;2;1;6;1;1;6;17;6;13;0;6;9;4;24;4;0;0;3;18;4;22;0.40831185790281305;5;1;23;-7.572324657550623;22;-9.520678340891108;1;6;4;1;2;8;11;2;7;-3.995912611918657;8;25;3;4;0;1;0;3;0;0;12;14;4;25;0;8;7;-2.149059635771216;1;0;6;24;6;5;11;1;0;5;9;0;10;18;6;18;4;5;0;6;4;24;5;3;8
TRACK:171;120;146;6;0;0;6;1;4;6;6;5;1;9;18;6;5;0;1;4;9;1;9;18;6;6;16;0;2;5;2;2;3;5;11;4;0;18;20;-7.765011217881949;3;4;6;12;0;4;0;5;3;22;2.5689126357795886;0;5;13;5;8;5;6;2;6;9;0;16;10;2;1;6;1;1;6;17;6;13;0;6;9;4;24;4;0;0;3;18;4;22;0.5687100004412472;5;1;23;-7.5156224969508445;22;-9.465876712742855;1;6;4;1;2;8;11;2;7;-4.0182377129793485;8;25;3;4;0;7;-1.9839548210211035;4;5;0;6;4;24;5;3;8
TRACK:172;100;143;6;0;0;6;1;4;6;6;5;2;16;20;-6.913455721329562;6;5;0;1;4;15;1;9;18;6;6;16;0;2;5;2;2;3;5;11;4;0;18;20;-8.108135949877157;3;4;6;12;0;4;0;5;3;22;2.692354249647133;0;5;13;5;8;5;6;2;6;9;0;16;10;2;1;6;1;1;6;17;6;13;0;6;9;4;24;4;0;0;3;18;4;22;0.4247515237469365;5;1;23;-7.568289150442957;22;-9.471742300141347;1;2;8;11;25;3;4;0;1;0;3;0;0;12;14;4;25;0;8;7;-2.1110307884206123;1;0;6;3;17;6;5;11;1;0;5;9;0;10;25;6;18;4;5;0;6;4;24;5;3;8
TRACK:173;100;143;6;0;0;6;1;4;6;6;5;2;16;20;-6.892668435068498;6;5;0;1;4;15;3;16;6;6;16;0;2;5;2;2;3;5;11;4;0;18;20;-8.0630947251259;3;4;6;12;0;4;0;5;3;22;2.588853594397547;0;5;13;5;8;5;6;2;6;9;0;16;10;2;1;6;1;1;6;17;6;13;25;4;0;0;3;18;4;22;0.38616512667031355;5;1;23;-7.454573677997786;22;-9.419678754032486;1;6;4;1;2;8;11;2;7;-3.9534114257821624;8;25;3;4;0;1;0;3;0;0;12;14;4;25;0;8;7;-2.1642125709337416;1;0;6;3;17;6;5;11;1;0;5;9;0;16;10;6;18;4;5;0;6;4;24;5;3;8
TRACK:174;163;160;6;0;0;6;1;4;6;6;5;2;16;20;-6.924949967378228;6;5;0;1;4;15;1;9;18;6;6;16;0;2;5;2;2;3;5;11;4;0;18;20;-8.135701083069105;3;4;6;12;0;4;0;5;3;22;2.6599751112749135;0;5;13;5;8;5;6;2;6;9;0;16;10;2;1;6;1;1;6;17;6;13;0;6;9;4;24;4;0;0;3;18;19;5;1;23;-7.461192599319767;22;-9.404666260435956;1;6;4;1;2;8;11;2;7;-3.935189530796652;8;25;3;4;0;1;0;3;0;0;12;14;4;25;0;8;7;-2.1150759439134816;1;0;6;3;17;6;5;11;1;0;5;9;0;10;18;6;18;4;5;0;6;4;24;5;3;22;2.8494679047274483
TRACK:175;163;160;6;0;0;6;1;4;6;6;5;2;16;20;-6.913230095901255;6;5;0;1;4;15;3;16;6;6;16;0;2;5;2;2;3;5;11;4;0;18;20;-7.952764504492133;3;4;6;12;0;4;0;5;3;22;2.4954319949866814;0;5;13;5;8;5;6;2;6;9;0;16;10;2;1;6;1;1;6;17;6;13;25;4;0;0;3;18;4;22;0.308803479601941;5;1;23;-7.281492523065521;22;-9.32949340332651;1;6;10;25;3;4;0;1;0;3;0;0;19;16;4;25;0;8;7;-2.1611830980767577;1;0;6;3;17;6;5;11;1;0;5;9;0;10;25;6;18;4;5;0;6;4;24;5;3;8
TRACK:176;100;162;6;0;0;6;1;4;6;6;5;2;16;20;-6.913455721329562;6;5;0;1;4;15;1;9;18;6;6;16;0;2;5;0;5;9;0;10;25;0;4;0;5;3;22;2.692354249647133;0;5;13;5;8;5;6;2;6;9;0;16;10;2;1;6;1;1;6;17;6;13;0;6;9;4;24;4;0;0;3;18;4;22;0.4247515237469365;5;1;23;-7.568289150442957;22;-9.471742300141347;1;6;4;1;2;8;11;2;7;-4.008938962789459;8;25;3;4;0;1;0;3;0;0;12;14;4;25;0;8;7;-2.1110307884206123;1;0;6;3;17;6;5;11;1;0;5;9;0;10;25;6;18;4;5;0;6;4;24;5;3;8
TRACK:177;100;162;6;0;0;6;1;4;6;6;6;5;11;3;8;0;2;5;2;2;3;5;11;4;0;18;20;-8.48787788418944;3;4;6;12;0;4;0;5;3;22;2.51626894641638;0;5;13;5;8;5;6;2;6;18;0;16;10;2;5;11;1;6;4;1;2;8;11;2;7;-3.7409647213981883;8;25;3;4;0;1;0;3;0;0;12;14;4;25;0;8;7;-2.149733877872348;1;0;6;3;17;6;5;11;1;0;5;9;0;10;25;6;18;4;5;0;6;4;24;5;3;8
TRACK:178;147;163;6;0;0;6;1;4;6;6;5;2;16;20;-6.899140643663201;6;5;0;1;4;15;1;9;18;6;6;16;0;2;5;2;5;2;16;20;-6.924949967378228;3;4;6;12;0;4;0;5;3;22;2.698910660431475;0;5;13;5;8;5;6;2;6;9;0;16;10;2;1;6;1;1;6;8;6;13;0;6;9;4;24;4;0;0;3;18;4;22;0.28348197588301366;5;1;23;-7.440662477537072;22;-9.61300399971852;1;6;4;1;2;8;11;2;7;-4.0930753366211805;8;25;3;4;0;1;0;3;0;0;12;14;4;25;0;8;7;-2.0623827909021886;1;0;6;3;17;6;5;11;1;0;5;17;0;10;18;6;18;4;5;0;6;4;24;5;3;8
TRACK:179;147;163;6;0;0;6;1;4;6;6;5;2;16;20;-6.924949967378228;6;5;0;1;4;15;1;9;18;6;6;16;0;2;5;2;2;3;5;11;4;0;18;20;-8.135701083069105;3;4;6;12;0;4;0;5;3;22;2.6599751112749135;0;8;5;8;5;6;2;6;9;0;16;10;2;1;6;1;1;6;17;6;13;0;6;9;4;24;4;0;0;3;18;4;22;0.4463525870309487;5;1;23;-7.461192599319767;22;-9.404666260435956;1;6;4;1;2;8;11;2;7;-3.935189530796652;8;25;3;4;0;1;0;3;0;0;12;14;4;25;0;8;7;-2.1150759439134816;1;0;6;3;17;6;5;11;1;0;5;9;0;10;18;6;18;4;5;0;6;4;24;5;3;22;2.8494679047274483
TRACK:180;170;-1;6;0;0;6;1;4;6;6;5;2;16;20;-6.8406443185229655;6;5;0;1;4;15;1;9;18;6;6;16;0;6;19;2;1;6;1;1;6;17;6;13;0;6;9;4;24;4;0;0;3;18;4;22;0.36119094088981646;5;1;23;-7.9037414268703445;22;-9.434645500162786;1;6;4;1;2;8;11;2;7;-3.993402173389829;8;25;3;4;0;1;0;3;0;0;12;14;4;25;0;8;7;-2.022159780012801;1;0;6;24;6;5;11;1;0;5;9;0;10;18;6;18;4;5;0;6;4;24;5;3;8
TRACK:181;172;-1;6;0;0;6;1;4;6;6;5;2;16;20;-6.962360900970534;6;5;0;1;4;15;1;9;18;6;6;16;0;2;5;2;2;3;5;11;4;0;18;20;-8.036913118994917;3;4;6;12;0;4;2;3;3;12;4;3;20;9.61666049717812;5;6;2;6;9;0;16;10;2;1;6;1;1;6;17;6;13;0;6;9;4;24;4;0;0;3;18;4;22;0.4514809703639095;5;1;23;-7.5498621281028955;22;-9.434527605377648;1;2;8;11;25;3;4;0;1;0;3;0;0;12;14;4;25;0;8;7;-2.4299147652956874;1;0;6;3;17;6;5;11;1;0;5;9;0;10;25;6;18;4;5;0;6;4;24;5;3;8
TRACK:182;174;-1;6;0;0;6;1;4;6;6;5;2;16;20;-6.991721559778431;6;5;0;1;4;15;1;9;18;6;6;16;0;2;5;2;2;3;5;11;4;0;18;20;-8.122697252703812;3;4;6;12;0;4;0;5;3;22;2.5392777996492546;0;5;13;5;8;5;6;2;6;9;0;16;10;2;1;6;1;1;6;17;6;13;0;6;9;4;24;4;0;0;3;18;19;5;1;23;-7.436049080472075;22;-9.40374606052696;1;6;4;1;2;8;11;2;7;-4.066005135112894;8;25;3;4;0;3;5;11;3;2;23;-8.983444902093122;24
TRACK:183;176;-1;6;0;0;6;1;4;6;6;5;2;16;20;-6.81499547828294;6;5;0;1;4;15;1;9;18;6;6;16;0;2;5;0;5;9;0;10;25;0;4;0;5;3;22;2.7588050262709882;0;5;13;5;8;5;6;2;6;9;0;16;10;2;1;6;1;1;6;17;6;13;0;6;9;4;24;4;0;0;3;18;4;22;0.5536672697022865;5;1;24;8;1;6;4;1;2;8;11;2;7;-3.9488224302762505;8;25;3;4;0;1;0;3;0;0;12;14;4;25;0;8;7;-2.060631992128157;1;0;6;3;17;6;5;11;1;0;5;9;0;10;25;6;18;4;5;0;6;4;24;5;3;8
TRACK:184;178;-1;6;0;0;6;1;4;6;6;5;2;16;20;-6.863158690971669;6;5;0;1;4;15;1;9;18;6;6;16;0;2;5;2;5;2;16;20;-6.9758677497666275;3;4;6;12;0;4;0;5;3;22;2.640924563042653;0;2;21;0.6574646252378695;11;5;8;5;6;2;6;9;0;16;10;2;1;6;1;1;6;8;6;13;0;6;9;4;24;4;0;0;3;18;4;22;0.2517562242401427;5;1;23;-7.424346080726612;22;-9.763975618331227;1;6;4;1;2;8;11;2;7;-4.234596362763826;8;25;3;4;0;1;0;3;0;0;12;14;4;25;0;8;7;-2.14101271378482;1;0;6;3;17;6;5;11;1;0;5;17;0;10;18;6;18;4;5;0;6;4;24;5;3;8
TRACK:185;171;-1;6;0;0;6;6;5;9;0;2;5;2;2;3;5;11;4;0;18;20;-7.640046107898473;3;4;6;12;0;4;0;5;3;22;2.441837294647422;0;5;13;5;8;5;6;2;6;9;0;16;10;2;1;6;1;1;6;17;6;13;0;6;9;4;24;4;0;0;3;18;4;22;0.5896416159685857;5;1;23;-7.5500552186326715;22;-9.480618895705227;1;6;4;1;2;8;11;2;7;-3.922354576354197;8;25;3;4;0;7;-2.146900947149745;4;5;0;6;4;24;5;3;8
TRACK:186;173;-1;6;0;0;6;1;4;6;6;5;2;16;20;-6.909132758650391;6;5;0;1;4;15;3;16;6;6;16;0;2;5;2;2;3;3;7;3.5362978774993046;4;0;18;20;-8.18788877095296;3;4;6;12;0;4;0;5;3;22;2.548290440913334;0;5;13;5;8;5;6;2;6;9;0;16;10;2;1;6;1;1;6;17;6;13;25;4;0;0;3;18;4;22;0.4572128739882184;5;1;23;-7.45078045503988;22;-9.355322578462161;1;6;4;1;2;8;11;2;7;-3.8732173993525465;8;25;3;4;0;1;0;3;0;0;12;14;4;25;0;8;7;-2.1325906492436664;1;0;6;3;17;6;5;11;1;0;5;9;0;16;10;6;18;4;5;0;6;4;24;5;3;8
TRACK:187;175;-1;6;0;0;6;1;4;6;6;5;2;16;20;-6.870548367583225;6;5;0;1;4;15;3;16;6;6;16;0;2;5;2;2;3;5;11;4;0;18;20;-7.975496877104241;3;4;6;12;0;4;0;5;3;22;2.5954399656603933;0;5;13;5;8;5;6;2;6;9;0;16;10;2;1;6;1;1;6;17;6;13;25;4;0;0;3;18;4;22;0.39301985081545027;5;1;23;-7.30347598116821;22;-9.48061269378238;1;6;10;25;3;4;0;1;0;3;0;0;19;16;4;25;0;8;7;-2.1212404516973247;1;0;6;3;17;6;5;11;1;0;5;9;0;10;25;6;4;24;4;5;0;6;4;24;5;3;8
TRACK:188;177;-1;6;0;0;6;1;4;6;6;6;5;11;3;8;0;2;5;2;2;3;5;11;4;0;18;20;-8.500433073722231;3;4;6;12;0;4;0;5;3;22;2.468208653146107;0;5;13;5;8;5;6;2;6;18;0;16;10;2;5;11;1;6;4;1;2;8;11;2;7;-3.84022761200778;8;25;3;4;0;1;0;3;0;0;12;14;4;25;0;8;7;-2.259980556584126;1;0;6;3;17;6;5;11;1;0;5;9;0;10;25;6;18;4;5;0;3;15;5;3;8
TRACK:189;179;-1;6;0;0;6;1;4;6;6;5;2;16;20;-6.948439549836963;6;5;0;1;4;15;1;9;18;6;6;16;0;2;5;2;2;3;5;11;4;0;18;20;-8.230554482138317;3;4;6;12;0;4;0;5;3;22;2.614196939371971;0;8;5;8;5;6;2;6;9;0;16;10;2;1;6;1;1;6;17;6;13;0;6;9;4;24;4;0;0;3;18;4;22;0.5183453543128808;5;1;23;-7.6395875165690805;22;-9.354725412729934;1;6;4;1;2;24;11;2;7;-3.822269473998041;8;25;3;4;0;1;0;3;0;0;12;14;4;25;0;8;7;-2.061150593483292;1;0;6;3;17;6;5;11;1;0;5;9;0;10;18;6;18;4;5;0;6;4;24;5;3;22;2.991072082521563
EVAL_INSTANCE:9:0:180
EVAL_INSTANCE:9:1:181
EVAL_INSTANCE:9:2:182
EVAL_INSTANCE:9:3:183
EVAL_INSTANCE:9:4:184
EVAL_INSTANCE:9:5:185
EVAL_INSTANCE:9:6:186
EVAL_INSTANCE:9:7:187
EVAL_INSTANCE:9:8:188
EVAL_INSTANCE:9:9:189
RUN_RESULT:9:0:0:2000:----
RUN_RESULT:9:1:0:2000:----
RUN_RESULT:9:2:0:5:DDDLL
RUN_RESULT:9:3:0:2000:----
RUN_RESULT:9:4:0:2000:----
RUN_RESULT:9:5:0:5:DDDLL
RUN_RESULT:9:6:0:35:DDDLL
RUN_RESULT:9:7:0:5:DDDLL
RUN_RESULT:9:8:0:5:DDDLL
RUN_RESULT:9:9:0:2000:----
    10 |      100 | -3.995000E+03 | -3.995000E+03
TRACK:190;147;146;6;0;0;6;1;4;6;6;5;2;16;20;-6.899140643663201;6;5;18;0;2;5;2;2;3;5;11;4;0;18;20;-7.995481264482649;3;4;6;12;0;4;0;5;3;22;2.698910660431475;0;5;13;5;8;5;6;2;6;9;0;16;10;2;1;6;1;1;6;8;6;13;0;6;9;4;24;4;0;0;3;18;4;22;0.28348197588301366;5;1;23;-7.440662477537072;22;-9.61300399971852;1;6;4;1;2;8;11;2;7;-4.0930753366211805;8;25;3;4;0;1;0;3;0;0;12;14;4;25;0;8;7;-2.0623827909021886;1;0;6;3;17;6;5;11;1;0;5;17;0;10;18;6;18;4;5;0;6;4;24;5;3;8
TRACK:191;147;146;6;0;0;6;1;4;6;6;5;2;16;20;-6.769059579599625;6;5;0;1;4;9;1;9;18;6;6;16;0;2;5;2;2;3;5;11;4;0;18;20;-7.765011217881949;3;4;6;12;0;4;0;5;3;22;2.5689126357795886;0;5;13;5;8;5;6;2;6;9;0;16;10;2;1;6;12;4;0;0;3;18;4;22;0.5687100004412472;5;1;23;-7.5156224969508445;22;-9.465876712742855;1;6;4;1;2;8;11;2;7;-4.0182377129793485;8;25;3;4;0;7;-1.9839548210211035;4;5;0;6;4;24;5;3;8
TRACK:192;160;162;6;0;0;6;1;4;6;6;5;2;16;20;-6.913230095901255;6;5;0;1;4;15;3;16;6;6;16;0;2;5;2;2;3;5;11;4;0;18;20;-7.952764504492133;3;4;6;12;0;4;0;5;3;22;2.4954319949866814;0;5;13;5;8;5;6;2;6;9;0;16;10;2;1;6;1;1;6;17;6;13;25;4;0;0;3;18;4;8;5;1;23;-7.281492523065521;22;-9.32949340332651;1;6;4;1;2;8;11;2;7;-3.840498074468987;8;25;3;4;0;1;0;3;0;0;19;16;4;25;0;8;7;-2.1611830980767577;1;0;6;3;17;6;5;11;1;0;5;9;0;10;25;6;18;4;5;0;6;4;24;5;3;8
TRACK:193;160;162;6;0;0;6;1;4;6;6;5;2;16;20;-7.133205136659979;3;8;0;3;5;11;2;5;11;1;6;4;1;2;8;11;2;7;-3.7409647213981883;8;25;3;4;0;1;0;3;0;0;12;14;4;25;0;8;7;-2.149733877872348;1;0;6;3;17;6;5;11;1;0;5;9;0;10;25;6;18;4;5;0;6;4;24;5;3;8
TRACK:194;140;100;6;0;0;6;1;4;6;6;5;2;16;20;-6.847479852964436;6;5;0;1;4;15;1;9;18;6;6;16;0;2;5;2;2;3;5;11;4;0;18;20;-8.236671846335065;3;4;6;12;0;4;0;5;3;22;2.5611150932066176;0;5;13;5;8;5;6;2;6;9;0;16;10;2;1;1;0;6;3;17;6;5;11;1;0;5;9;0;10;25;6;6;15;4;0;0;3;18;4;16;5;1;23;-7.515214438065535;22;-9.648684786893098;1;6;4;1;2;8;11;2;7;-3.958628964702158;18;25;3;4;0;1;0;3;0;0;12;14;4;25;0;8;7;-1.9617125308637433;1;0;6;3;17;6;5;11;1;0;5;9;0;10;25;6;18;4;5;0;6;4;24;5;3;8
TRACK:195;140;100;6;0;0;6;1;4;6;6;5;2;16;20;-6.913455721329562;6;5;0;1;4;15;1;9;18;6;6;16;0;2;5;2;2;3;5;11;4;0;18;20;-8.108135949877157;3;4;6;12;0;4;0;5;3;22;2.692354249647133;0;5;13;5;8;5;6;2;6;9;0;16;10;2;1;6;1;1;6;17;8;0;6;9;4;24;4;0;0;3;18;4;22;0.4247515237469365;5;1;23;-7.568289150442957;22;-9.471742300141347;1;6;4;1;2;8;11;2;7;-4.008938962789459;8;25;3;4;0;1;0;3;0;0;12;14;4;25;0;8;7;-2.1110307884206123;1;0;6;3;17;6;5;11;1;0;5;9;0;10;25;6;18;4;5;0;6;4;24;5;3;8
TRACK:196;160;146;6;0;0;6;1;4;6;6;5;2;16;20;-6.913230095901255;6;5;0;1;4;15;3;16;6;6;16;0;2;5;2;2;3;5;11;4;0;18;20;-7.952764504492133;3;4;6;12;0;4;0;5;3;22;2.4954319949866814;0;5;13;5;8;5;6;2;6;9;0;16;10;2;1;6;1;1;6;17;6;13;25;4;0;0;3;18;4;22;0.308803479601941;5;1;23;-7.281492523065521;18;1;6;4;1;2;8;11;2;7;-3.840498074468987;8;25;3;4;0;1;0;3;0;0;19;16;4;25;0;8;7;-2.1611830980767577;1;0;6;3;17;6;5;11;1;0;5;9;0;10;25;6;18;4;5;0;6;4;24;5;3;8
TRACK:197;160;146;6;0;0;6;1;4;6;6;5;2;16;20;-6.769059579599625;6;5;0;1;4;9;1;9;18;6;6;16;0;2;5;2;2;3;5;11;4;0;18;20;-7.765011217881949;3;4;6;12;0;4;0;5;3;22;2.5689126357795886;0;5;13;5;8;5;6;2;6;9;0;16;10;2;1;6;1;1;6;17;6;13;0;6;25;4;24;4;0;0;3;18;4;22;0.5687100004412472;5;1;23;-7.5156224969508445;22;-9.465876712742855;1;6;4;1;2;8;11;2;7;-4.0182377129793485;8;25;3;4;0;7;-1.9839548210211035;4;5;0;6;4;24;5;3;8
TRACK:198;162;147;6;0;0;6;1;4;6;6;5;2;16;20;-7.133205136659979;3;8;0;6;3;17;6;5;11;3;4;0;1;0;3;0;0;12;14;4;25;0;8;7;-2.149733877872348;1;0;6;3;17;6;5;11;1;0;5;9;0;10;25;6;18;4;5;0;6;4;24;5;3;8
TRACK:199;162;147;6;0;0;6;1;4;6;6;5;2;16;20;-6.899140643663201;6;5;0;1;4;15;1;9;18;6;6;16;0;2;5;2;2;3;5;11;4;0;18;20;-7.995481264482649;3;4;6;12;0;4;0;5;3;22;2.698910660431475;0;5;13;5;8;5;6;2;6;9;0;16;10;2;1;6;1;1;6;8;6;13;0;6;9;4;24;4;0;0;3;18;4;22;0.28348197588301366;5;1;23;-7.440662477537072;22;-9.61300399971852;1;6;4;1;2;8;11;2;7;-4.0930753366211805;8;25;3;4;0;1;0;3;0;0;12;14;4;25;0;8;7;-2.0623827909021886;1;0;2;8;11;6;5;11;1;0;5;17;0;10;18;6;18;4;5;0;6;4;24;5;3;8
TRACK:200;190;-1;6;0;0;6;1;4;6;6;5;2;16;20;-6.896153289961188;6;5;18;0;2;5;2;2;3;5;11;4;0;18;20;-7.981664990219554;3;4;6;12;0;4;0;5;3;22;2.605563723627771;0;5;13;5;8;5;6;2;6;9;4;15;2;1;6;1;1;6;8;6;13;0;6;9;4;24;4;0;0;3;18;4;22;0.14311286027029924;5;1;23;-7.657678134829132;22;-9.748457205977013;1;6;4;1;2;8;11;2;7;-3.9350216190624585;8;25;3;4;0;1;0;3;0;0;12;14;4;25;0;8;7;-2.222392792449333;1;0;6;3;17;6;5;11;1;0;5;17;0;10;18;6;18;4;5;0;6;4;24;5;3;8
TRACK:201;192;-1;6;0;0;6;1;4;6;6;5;2;16;20;-6.7687599932454425;6;5;0;1;4;15;3;16;6;6;16;0;2;5;6;11;0;4;0;5;3;22;2.3151997670626976;0;5;13;5;8;5;6;2;6;9;0;16;10;2;1;6;1;1;6;17;6;13;25;4;0;0;3;18;4;8;5;1;23;-7.408720818595054;22;-9.38364654124582;1;6;4;1;2;8;11;2;7;-3.688438665302221;8;25;3;4;0;1;0;3;0;0;19;16;4;25;0;8;7;-2.248901514972064;1;0;6;3;17;6;5;11;1;0;5;9;0;10;25;6;18;4;5;0;6;4;24;5;3;8
TRACK:202;194;-1;6;0;0;6;1;4;6;6;5;2;16;20;-6.95454123712326;6;5;0;1;4;15;1;9;18;6;6;16;0;2;5;2;2;3;5;11;4;0;18;20;-8.342597447549018;3;4;6;12;0;4;0;5;3;23;-0.7805845758278274;0;5;13;5;8;5;6;2;6;9;0;16;10;2;1;1;0;6;3;17;6;5;11;1;0;5;9;0;10;25;6;6;15;4;0;0;3;18;4;16;5;1;23;-7.535343077912332;22;-9.582726773190307;1;6;4;1;2;8;11;2;7;-3.9203706181486346;18;25;3;4;0;1;0;3;0;0;12;14;4;25;0;8;7;-1.955923108267164;1;0;6;3;17;6;5;11;1;0;5;9;0;10;25;6;18;4;5;0;6;4;24;5;3;8
TRACK:203;196;-1;6;0;0;6;1;4;6;6;5;2;16;20;-6.989905620683272;6;5;0;1;4;15;3;16;6;6;16;0;2;5;2;2;3;5;11;4;0;18;20;-8.037950417544616;3;4;6;12;0;4;0;5;3;22;2.5505330865147675;0;5;13;5;8;5;6;2;6;9;0;16;10;2;1;6;1;1;6;17;6;13;25;4;0;0;3;18;4;22;0.35117467241250055;5;1;23;-7.174625422283724;18;1;6;4;1;2;8;11;2;7;-3.8145699292146413;8;25;3;4;0;1;0;3;0;0;19;16;4;25;0;8;7;-2.068489610473894;1;0;6;3;17;6;5;11;1;0;5;9;0;10;25;1;2;25;12;5;7;2.275918899364168;4;5;0;6;4;24;5;3;8
TRACK:204;198;-1;6;0;0;6;1;4;6;6;5;2;16;20;-6.979905949178734;3;8;0;6;3;17;6;5;11;3;4;0;1;0;3;0;0;12;14;4;25;0;8;7;-2.126908750147492;1;0;6;3;17;6;5;11;1;20;-2.572757320428318;24;4;5;0;6;4;24;5;3;8
TRACK:205;191;-1;6;0;0;6;1;4;6;6;5;2;16;20;-6.770316555908524;6;5;0;1;4;9;1;9;18;6;6;16;0;2;5;2;2;3;5;11;4;0;18;20;-7.65318501003694;3;4;6;12;0;4;0;5;3;22;2.523093381144995;0;5;13;5;8;5;6;2;6;9;0;16;10;2;1;6;12;4;0;0;3;18;4;22;0.7037810314452949;5;1;18;22;-9.236017811853834;1;6;4;1;2;8;11;2;7;-4.046848470858646;8;25;3;4;0;7;-1.9310055368093935;4;5;0;6;4;24;5;3;8
TRACK:206;193;-1;6;5;2;15;16
TRACK:207;195;-1;6;0;0;6;1;4;6;6;5;2;16;20;-6.908782544468097;6;5;0;1;4;15;1;9;18;6;6;16;0;2;5;2;2;3;5;11;4;0;18;20;-8.085524502925972;3;4;6;12;0;4;0;5;3;22;2.592985544910429;0;5;13;5;8;5;6;2;6;9;0;16;10;2;2;4;2;3;0;7;-8.960534198841778;19;5;2;8;16;3;2;4;0;12;20;4.260845821195797;1;3;24;1;9;23;2.049353258878659;1;6;4;1;2;8;11;2;7;-3.942951101695455;8;25;3;4;0;1;0;3;0;0;12;14;4;25;0;8;7;-2.2276378216340156;1;0;6;3;17;6;5;11;1;0;5;9;0;10;25;6;18;4;5;0;6;4;24;5;3;8
TRACK:208;197;-1;6;0;0;6;1;4;6;6;5;2;16;20;-6.831590217628708;6;5;0;1;4;9;1;9;18;6;6;16;0;2;5;2;2;3;5;11;4;0;18;20;-7.889434038547085;3;4;6;12;0;4;0;5;3;22;2.59975298169275;0;5;13;5;8;5;6;2;6;9;0;16;10;2;1;6;1;1;6;17;6;13;0;6;25;4;24;4;0;0;3;18;4;22;0.5751215013494355;5;1;23;-7.490720224402168;22;-9.645395558049085;1;6;4;1;2;8;11;2;7;-4.092907876288972;8;25;3;4;0;7;-1.9510318486882214;4;5;0;6;4;24;6;18
TRACK:209;199;-1;6;0;0;6;1;4;6;6;5;2;16;20;-6.886935532126258;6;5;0;1;4;15;1;9;18;6;6;16;0;2;5;2;2;3;5;11;4;0;18;20;-7.893529766780856;3;4;6;12;0;4;0;5;6;23;3.8633259816114585;0;5;13;5;8;5;6;2;6;9;0;16;10;2;1;6;1;1;6;8;6;13;0;6;9;4;24;4;0;0;3;18;4;22;0.22874018317218694;5;1;23;-7.402055291303038;22;-9.474220767806882;1;6;4;1;2;8;11;2;7;-4.123167209146732;8;25;3;4;0;1;0;3;0;0;12;14;4;25;0;8;7;-2.000125901979366;1;0;2;8;11;6;5;11;1;0;5;17;0;10;18;6;18;4;5;0;6;4;24;5;3;8
EVAL_INSTANCE:10:0:200
EVAL_INSTANCE:10:1:201
EVAL_INSTANCE:10:2:202
EVAL_INSTANCE:10:3:203
EVAL_INSTANCE:10:4:204
EVAL_INSTANCE:10:5:205
EVAL_INSTANCE:10:6:206
EVAL_INSTANCE:10:7:207
EVAL_INSTANCE:10:8:208
EVAL_INSTANCE:10:9:209
RUN_RESULT:10:0:0:5:DDDLL
RUN_RESULT:10:1:0:2000:----
RUN_RESULT:10:2:0:17:DDDLL
RUN_RESULT:10:3:0:5:DDDLL
RUN_RESULT:10:4:0:2000:----
RUN_RESULT:10:5:0:5:DDDLL
RUN_RESULT:10:6:0:15:DDDLL
RUN_RESULT:10:7:0:97:DDDLL
RUN_RESULT:10:8:0:5:DDDLL
RUN_RESULT:10:9:0:17:DDDLL
    11 |      110 | -3.995000E+03 | -3.995000E+03
TRACK:210;146;140;6;0;0;6;1;4;6;6;5;2;16;20;-6.769059579599625;6;5;0;1;4;9;1;9;18;6;6;16;0;2;5;2;2;3;5;11;4;0;18;20;-7.765011217881949;3;4;6;12;0;4;0;5;3;22;2.5689126357795886;0;5;13;5;8;5;6;2;6;9;0;16;10;2;1;6;1;1;6;17;6;13;0;6;9;3;17;4;0;0;3;18;4;22;0.5687100004412472;5;1;23;-7.5156224969508445;22;-9.465876712742855;1;6;4;1;2;8;11;2;7;-4.0182377129793485;8;25;3;4;0;7;-1.9839548210211035;4;5;0;6;4;24;5;3;8
TRACK:211;146;140;6;0;0;6;1;4;6;6;5;2;16;20;-6.847479852964436;6;5;0;1;4;15;1;9;18;6;6;16;0;2;5;2;2;3;5;11;4;0;18;20;-8.236671846335065;3;17;0;4;0;5;3;22;2.5611150932066176;0;5;13;5;8;5;6;2;6;9;0;16;10;2;1;1;0;6;3;17;6;5;11;1;0;5;9;0;10;25;6;6;15;4;0;0;3;18;4;22;0.39802480090157555;5;1;23;-7.515214438065535;22;-9.648684786893098;1;6;4;1;2;8;11;2;7;-3.958628964702158;18;25;3;4;0;1;0;3;0;0;12;14;4;25;0;8;7;-1.9617125308637433;1;0;6;3;17;6;5;11;1;0;5;9;0;10;25;6;18;4;5;0;6;4;24;5;3;8
TRACK:212;143;162;6;0;0;6;1;4;6;6;5;2;16;20;-6.892668435068498;6;5;0;1;4;15;3;16;6;6;16;0;2;5;2;2;3;5;11;4;0;18;20;-8.0630947251259;3;4;6;12;0;4;0;5;3;22;2.588853594397547;0;5;13;5;8;5;6;2;6;9;0;16;10;2;1;6;1;1;6;17;6;13;25;4;0;0;3;9;4;22;0.38616512667031355;5;1;23;-7.454573677997786;22;-9.419678754032486;1;6;4;1;2;8;11;2;7;-3.9534114257821624;8;25;3;4;0;1;0;3;0;0;12;14;4;25;0;8;7;-2.1642125709337416;1;0;6;3;17;6;5;11;1;0;5;9;0;10;25;6;18;4;5;0;6;4;24;5;3;8
TRACK:213;143;162;6;0;0;6;1;4;6;6;5;2;16;20;-7.133205136659979;3;8;0;2;5;2;2;3;5;11;4;0;18;20;-8.48787788418944;3;4;6;12;0;4;0;5;3;22;2.51626894641638;0;5;13;5;8;5;6;2;6;18;0;16;10;2;5;11;1;6;4;1;2;11;11;2;7;-3.7409647213981883;8;25;3;4;0;1;0;3;0;0;12;14;4;25;0;8;7;-2.149733877872348;1;0;6;3;17;6;5;11;1;0;5;9;0;10;25;6;18;4;5;0;6;4;24;5;3;8
TRACK:214;163;143;6;0;0;6;1;4;6;6;5;2;16;20;-6.924949967378228;6;5;0;1;4;15;1;9;18;6;6;16;0;2;5;2;2;3;5;11;4;0;18;20;-8.135701083069105;3;4;6;12;0;4;0;5;3;22;2.6599751112749135;0;5;13;5;8;5;6;2;6;9;0;16;10;2;1;6;1;1;6;17;6;13;0;6;9;4;16;4;0;0;3;18;4;22;0.4463525870309487;5;1;23;-7.461192599319767;22;-9.404666260435956;1;6;4;1;2;8;11;2;7;-3.935189530796652;8;25;3;4;0;1;0;3;0;0;12;14;4;25;0;8;7;-2.1150759439134816;1;0;6;3;17;6;5;11;1;0;5;9;0;10;18;6;18;4;5;0;6;4;24;5;3;22;2.8494679047274483
TRACK:215;163;143;6;0;0;6;1;4;6;6;5;2;16;20;-6.892668435068498;6;5;0;1;4;15;3;16;6;6;16;0;2;5;2;2;3;5;11;4;0;18;20;-8.0630947251259;3;4;6;12;0;4;0;5;3;22;2.588853594397547;0;5;13;5;8;5;6;2;6;9;0;16;10;2;1;6;1;1;6;17;5;11;25;4;0;0;3;18;4;22;0.38616512667031355;5;1;23;-7.454573677997786;22;-9.419678754032486;1;6;4;1;2;8;11;2;7;-3.9534114257821624;8;25;3;4;0;1;0;3;0;0;12;14;4;25;0;8;7;-2.1642125709337416;1;0;6;3;17;6;5;11;1;0;5;9;0;10;25;6;18;4;5;0;6;4;24;5;3;8
TRACK:216;120;100;6;0;0;6;1;4;6;6;5;2;16;20;-6.926832238989957;6;5;0;1;4;15;1;9;18;6;6;16;0;2;5;2;2;3;5;11;4;0;18;20;-7.94173565609176;3;4;6;12;0;4;0;5;3;22;2.6919690486782764;0;5;13;5;8;5;6;2;6;9;0;16;10;2;1;6;1;1;6;17;6;13;0;6;8;4;24;4;0;0;3;18;4;22;0.40831185790281305;5;1;23;-7.572324657550623;22;-9.520678340891108;1;6;4;1;2;8;11;2;7;-3.995912611918657;8;25;3;4;0;1;0;3;0;0;12;14;4;25;0;8;7;-2.149059635771216;1;0;6;3;17;6;5;11;1;0;5;9;0;10;18;6;18;4;5;0;6;4;24;5;3;8
TRACK:217;120;100;6;0;0;6;1;4;6;6;5;2;16;20;-6.913455721329562;6;5;0;1;4;15;1;9;18;6;6;16;0;2;5;2;2;3;5;11;4;0;18;20;-8.108135949877157;3;4;6;12;0;4;0;5;3;22;2.692354249647133;0;5;13;0;12;14;5;6;2;6;9;0;16;10;2;1;6;1;1;6;17;6;13;0;6;9;4;24;4;0;0;3;18;4;22;0.4247515237469365;5;1;23;-7.568289150442957;22;-9.471742300141347;1;6;4;1;2;8;11;2;7;-4.008938962789459;8;25;3;4;0;1;0;3;0;0;12;14;4;25;0;8;7;-2.1110307884206123;1;0;6;3;17;6;5;11;1;0;5;9;0;10;25;6;18;4;5;0;6;4;24;5;3;8
TRACK:218;129;146;6;0;0;6;1;4;6;6;5;2;16;20;-7.028620964539983;3;8;0;2;5;2;2;3;5;11;4;0;18;20;-8.29777011174305;3;4;6;12;0;4;0;5;3;22;2.708405174789726;0;5;13;5;8;5;6;2;6;9;0;16;10;2;1;6;1;1;6;17;6;13;0;6;9;4;24;6;6;5;7;9.221675513620188;1;6;4;1;2;8;11;2;7;-3.757116736274685;8;25;3;4;0;1;0;3;0;0;12;14;4;25;0;8;7;-2.20602819687777;1;0;6;3;17;6;5;11;4;1;2;8;11;2;7;-4.0182377129793485;8;4;5;0;6;4;24;5;3;8
TRACK:219;129;146;6;0;0;6;1;4;6;6;5;2;16;20;-6.769059579599625;6;5;0;1;4;9;1;9;18;6;6;16;0;2;5;2;2;3;5;11;4;0;18;20;-7.765011217881949;3;4;6;12;0;4;0;5;3;22;2.5689126357795886;0;5;13;5;8;5;6;2;6;9;0;16;10;2;6;17;1;6;4;1;2;8;11;2;7;-4.0182377129793485;8;25;3;4;0;7;-1.9839548210211035;4;5;0;6;4;24;5;3;8
TRACK:220;210;-1;6;0;0;6;1;4;6;6;5;2;16;20;-6.847100288745242;6;5;0;1;4;9;1;9;18;6;6;16;0;2;5;2;2;3;5;11;4;2;22;-5.8960274835972815;24;3;4;6;12;0;4;0;5;3;22;2.4990951170638134;0;5;13;5;8;5;6;2;6;9;0;16;10;2;1;6;1;1;6;17;6;13;0;6;9;3;17;4;0;0;3;18;4;22;0.4456963039637652;5;1;23;-7.27716837973511;22;-9.547153967740636;1;6;4;1;2;8;11;2;7;-4.151356812732828;8;25;3;4;0;7;-2.058382683058964;4;5;0;6;4;24;5;3;8
TRACK:221;212;-1;6;0;0;6;1;4;6;6;5;2;16;20;-6.797646108104586;6;5;0;1;4;15;3;16;6;6;16;0;2;5;2;2;3;5;11;4;0;18;20;-8.261408656374659;3;4;6;12;0;4;0;5;3;22;2.516199519478999;0;5;13;5;8;5;6;2;6;9;0;16;10;2;1;6;1;1;6;17;6;13;25;4;0;0;3;9;4;22;0.34093901508222346;2;18;8;1;6;4;1;2;8;11;2;7;-4.116646709214293;8;25;3;4;0;1;0;3;0;0;12;14;4;25;0;8;7;-2.2987690951605275;1;0;6;3;17;6;5;11;1;0;5;9;0;10;25;6;18;4;5;0;6;4;24;5;3;8
TRACK:222;214;-1;6;0;0;6;1;4;6;6;5;2;16;20;-6.914312509470389;6;5;0;1;4;15;1;9;18;6;6;16;0;2;5;2;2;3;5;11;4;0;18;20;-8.097798595405372;3;4;6;12;0;4;0;5;3;22;2.5290384438338696;0;5;13;5;8;0;1;5;23;-0.642666976448341;5;15;6;6;10;2;1;6;1;1;6;17;6;13;0;6;9;4;16;4;0;0;3;18;4;22;0.4930694748557497;5;1;23;-7.4747386996174034;22;-9.440641062493947;1;6;4;1;2;8;11;2;7;-3.9734856336210473;8;25;3;4;0;1;0;3;0;0;12;14;4;25;0;8;7;-2.1103213426615337;1;0;6;3;17;6;5;11;1;0;5;9;0;10;18;6;18;4;5;0;6;4;24;5;3;22;2.7123724350707685
TRACK:223;216;-1;6;0;0;6;1;4;6;6;5;2;16;20;-6.847273020073979;6;5;0;1;4;15;1;9;18;6;6;16;0;2;3;5;6;4;5;25;0;4;0;5;3;22;2.5826394039016836;0;5;13;5;8;5;6;2;6;9;0;16;10;2;1;6;1;1;6;17;6;13;0;6;8;4;24;4;0;0;3;18;4;22;0.4966729104190551;5;1;23;-7.655995811307731;22;-9.48461107179279;1;6;4;1;2;8;11;2;7;-3.90977610013178;8;25;3;4;0;1;0;3;0;0;12;14;4;25;0;8;7;-2.273503584439662;1;0;6;3;17;6;5;11;1;0;5;9;0;10;18;6;18;4;5;0;6;4;24;5;3;8
TRACK:224;218;-1;6;0;0;6;1;4;6;6;5;2;16;20;-6.971175248636654;3;8;0;2;5;2;2;3;5;11;4;0;18;20;-8.433467859924338;3;4;6;12;0;4;0;5;3;22;2.812532916907595;0;5;13;5;8;5;6;2;6;9;4;18;2;1;6;1;1;6;17;6;13;0;6;9;4;24;6;6;5;7;9.18393843706847;1;6;4;1;2;8;11;2;7;-3.6364057057124377;8;25;3;4;0;1;0;3;0;0;12;14;4;25;0;8;7;-2.3012693773769635;1;0;6;3;17;6;5;11;4;1;2;8;11;2;7;-4.145911836815523;8;4;5;0;6;4;24;5;3;8
TRACK:225;211;-1;6;0;0;6;1;4;6;6;5;2;16;20;-6.867136906703328;6;5;0;1;4;15;1;9;18;6;6;16;0;2;5;2;2;3;5;11;4;0;18;20;-8.194733417633335;3;17;0;4;0;5;3;22;2.6321976102105755;0;5;13;5;8;5;6;2;6;9;0;16;10;2;1;1;0;6;3;17;6;5;11;1;0;5;9;0;10;25;6;6;15;4;0;0;3;18;4;22;0.3321036982607492;5;1;23;-7.552910010119163;22;-9.529833350080557;1;6;4;1;2;8;11;2;7;-3.849678782534586;18;25;3;4;0;1;0;3;0;0;12;14;4;25;0;8;7;-2.1955038959677444;1;0;6;3;17;6;5;11;1;0;5;9;0;10;25;6;18;4;5;0;6;4;18;5;3;8
TRACK:226;213;-1;6;0;0;6;1;4;6;6;5;2;16;20;-6.993825358281051;3;8;0;2;5;2;2;3;5;11;4;0;18;20;-8.587842359106743;3;4;6;12;0;4;0;5;3;22;2.5145624589691824;0;5;13;5;8;5;6;2;6;18;0;16;10;2;5;11;1;6;4;1;2;11;11;2;7;-3.663481317094108;8;25;3;4;0;1;5;12;1;0;6;3;17;6;5;11;1;0;5;9;0;10;25;6;18;4;5;0;6;4;24;5;3;8
TRACK:227;215;-1;6;0;0;6;1;4;6;6;5;2;16;20;-6.796840676573334;6;5;0;1;4;15;3;16;6;6;16;0;2;5;2;2;3;5;11;4;0;18;20;-8.135032626341452;3;4;4;8;0;4;0;5;3;22;2.5560346925781294;0;5;13;5;8;5;6;2;6;9;0;16;10;2;1;6;1;1;6;17;5;11;25;4;0;0;3;18;4;22;0.47204619899894584;5;1;23;-7.491450228111434;22;-9.414292632912497;1;6;4;1;2;8;11;2;7;-4.065406750384104;8;25;3;4;0;1;0;3;0;0;12;14;4;25;0;8;7;-2.084777741458489;1;0;6;3;17;6;5;11;1;0;5;9;0;10;25;6;18;4;5;0;6;4;24;5;3;8
TRACK:228;217;-1;6;0;0;6;1;4;6;6;5;2;16;20;-7.125647341157664;6;5;0;1;4;15;1;9;18;6;6;16;0;2;5;2;2;3;5;11;4;0;18;20;-8.037568894853537;3;4;6;12;0;4;0;5;3;22;2.5695148160814782;0;5;13;0;12;14;5;6;2;6;9;0;10;10;2;1;6;1;1;6;17;6;13;0;6;9;4;24;4;0;0;3;18;4;22;0.5978325749319322;5;1;23;-7.5522114936943225;22;-9.421616411576087;1;6;4;1;2;8;11;2;7;-4.016680525870877;8;25;3;4;0;1;0;3;0;0;12;14;4;25;0;8;7;-2.229640802554462;1;0;6;3;17;6;5;11;1;0;5;9;0;10;25;6;18;4;5;0;6;4;24;5;3;8
TRACK:229;219;-1;6;0;0;6;1;4;6;6;5;2;16;20;-6.844537272186491;6;5;0;1;4;9;1;9;18;6;6;16;0;1;5;0;4;1;11;22;9.332524328029987;5;3;20;-0.4659563075040971;2;6;6;4;9;4;1;0;23;-3.112142371387561;14;5;14;2;6;17;1;6;4;1;2;8;11;2;7;-3.9794949340665733;8;25;3;4;0;7;-2.0156817454872065;4;5;0;6;4;24;5;3;8
EVAL_INSTANCE:11:0:220
EVAL_INSTANCE:11:1:221
EVAL_INSTANCE:11:2:222
EVAL_INSTANCE:11:3:223
EVAL_INSTANCE:11:4:224
EVAL_INSTANCE:11:5:225
EVAL_INSTANCE:11:6:226
EVAL_INSTANCE:11:7:227
EVAL_INSTANCE:11:8:228
EVAL_INSTANCE:11:9:229
RUN_RESULT:11:0:0:2000:----
RUN_RESULT:11:1:0:5:DDDLL
RUN_RESULT:11:2:0:5:DDDLL
RUN_RESULT:11:3:0:2000:----
RUN_RESULT:11:4:0:5:DDDLL
RUN_RESULT:11:5:0:5:DDDLL
RUN_RESULT:11:6:0:5:DDDLL
RUN_RESULT:11:7:0:58:DDDLL
RUN_RESULT:11:8:0:71:DDDLL
RUN_RESULT:11:9:0:2000:----
    12 |      120 | -3.995000E+03 | -3.995000E+03
TRACK:230;163;140;6;0;0;6;1;4;6;6;5;2;16;20;-6.924949967378228;6;5;0;1;4;15;1;9;18;6;6;16;0;2;5;2;2;3;5;11;4;0;18;20;-8.135701083069105;3;4;6;12;0;4;0;5;3;22;2.6599751112749135;0;5;13;5;8;5;6;2;6;9;0;16;10;2;1;6;1;1;6;17;6;13;0;6;9;4;24;4;0;0;3;18;4;22;0.4463525870309487;5;1;23;-7.461192599319767;22;-9.404666260435956;1;6;4;1;2;8;11;2;7;-3.935189530796652;8;25;3;4;0;1;0;3;0;0;12;14;4;25;0;8;7;-2.1150759439134816;1;0;6;3;17;6;5;11;1;0;5;9;0;10;18;6;18;4;5;0;6;4;24;5;3;22;2.8494679047274483
TRACK:231;163;140;6;0;0;6;1;4;6;6;5;2;16;20;-6.847479852964436;6;5;0;1;4;15;1;9;18;6;6;16;0;2;5;2;2;3;5;11;4;0;18;20;-8.236671846335065;3;4;6;12;0;4;0;5;3;22;2.5611150932066176;0;5;13;5;8;5;6;2;6;9;0;16;10;2;1;1;0;6;3;17;6;5;11;1;0;5;9;0;10;25;6;6;15;4;0;0;3;18;4;22;0.39802480090157555;5;1;23;-7.515214438065535;22;-9.648684786893098;1;6;4;1;2;16;11;2;7;-3.958628964702158;18;25;3;4;0;1;0;3;0;0;12;14;4;25;0;8;7;-1.9617125308637433;1;0;6;3;17;6;5;11;1;0;5;9;0;10;25;6;18;4;5;0;6;4;24;5;3;8
TRACK:232;162;146;6;0;0;6;1;4;6;6;5;2;16;20;-7.133205136659979;3;8;0;2;5;2;2;3;5;11;4;0;18;20;-8.48787788418944;3;4;6;12;0;4;0;5;3;22;2.51626894641638;0;5;13;5;8;5;6;2;6;18;0;16;10;2;5;11;1;6;4;1;2;8;11;2;7;-3.7409647213981883;8;25;3;4;0;1;0;3;0;0;12;14;4;25;0;8;7;-2.149733877872348;1;0;6;3;17;6;5;11;1;0;5;9;0;10;25;6;18;4;5;0;6;4;16;5;3;8
TRACK:233;162;146;6;0;0;6;1;4;6;6;5;2;16;13;6;5;0;1;4;9;1;9;18;6;6;16;0;2;5;2;2;3;5;11;4;0;18;20;-7.765011217881949;3;4;6;12;0;4;0;5;3;22;2.5689126357795886;0;5;13;5;8;5;6;2;6;9;0;16;10;2;1;6;1;1;6;17;6;13;0;6;9;4;24;4;0;0;3;18;4;22;0.5687100004412472;5;1;23;-7.5156224969508445;22;-9.465876712742855;1;6;4;1;2;8;11;2;7;-4.0182377129793485;8;25;3;4;0;7;-1.9839548210211035;4;5;0;6;4;24;5;3;8
TRACK:234;147;120;6;0;0;6;1;4;6;6;5;2;16;20;-6.899140643663201;6;5;0;1;4;15;1;9;18;6;6;16;0;2;5;2;2;3;5;11;4;0;18;20;-7.995481264482649;3;4;6;12;0;4;0;5;3;22;2.698910660431475;0;5;13;5;8;5;6;2;6;9;0;16;10;2;1;6;1;1;6;8;6;13;0;6;9;4;24;4;0;0;3;18;4;22;0.28348197588301366;5;1;23;-7.440662477537072;22;-9.61300399971852;1;6;4;1;2;8;11;2;7;-4.0930753366211805;8;25;3;4;0;1;0;3;0;0;12;14;4;25;0;8;7;-2.0623827909021886;1;0;16;6;5;11;1;0;5;17;0;10;18;6;18;4;5;0;6;4;24;5;3;8
TRACK:235;147;120;6;0;0;6;1;4;6;6;5;2;16;20;-6.926832238989957;6;5;0;1;4;15;1;9;18;6;6;16;0;2;5;2;2;3;5;11;4;0;18;20;-7.94173565609176;3;4;6;12;0;4;0;5;3;22;2.6919690486782764;0;5;13;5;8;5;6;2;6;9;0;16;10;2;1;6;1;1;6;17;6;13;0;6;9;4;24;4;0;0;3;18;4;22;0.40831185790281305;5;1;23;-7.572324657550623;22;-9.520678340891108;1;6;4;1;2;8;11;2;7;-3.995912611918657;8;25;3;4;0;1;0;3;0;0;12;14;4;25;16;1;0;6;3;17;6;5;11;1;0;5;9;0;10;18;6;18;4;5;0;6;4;24;5;3;8
TRACK:236;163;129;6;0;0;6;1;4;6;6;5;2;16;20;-6.924949967378228;6;5;0;1;4;15;1;9;18;6;6;16;0;2;5;2;2;3;5;11;4;0;18;20;-8.135701083069105;3;4;6;12;0;4;0;5;3;22;2.6599751112749135;0;5;13;5;8;5;6;2;6;9;0;16;10;2;1;6;1;1;6;17;6;13;0;6;9;4;24;4;0;0;3;18;4;22;0.4463525870309487;5;1;23;-7.461192599319767;22;-9.404666260435956;1;6;4;1;2;8;11;2;7;-3.935189530796652;8;25;3;4;0;1;0;3;0;0;12;14;4;25;0;8;7;-2.1150759439134816;1;0;6;3;17;6;5;11;1;0;16;10;6;18;4;5;0;6;4;24;5;3;22;2.8494679047274483
TRACK:237;163;129;6;0;0;6;1;4;6;6;5;2;16;20;-7.028620964539983;3;8;0;2;5;2;2;3;5;11;4;0;18;20;-8.29777011174305;3;4;6;12;5;0;6;4;24;5;3;22;2.8494679047274483;2;1;6;1;1;6;17;6;13;0;6;9;4;24;6;6;5;7;9.221675513620188;1;6;4;1;2;8;11;2;7;-3.757116736274685;8;25;3;4;0;1;0;3;0;0;12;14;4;25;0;8;7;-2.20602819687777;1;0;6;3;17;6;5;11;1;0;5;9;0;10;25;6;18;4;5;0;6;4;24;5;3;8
TRACK:238;143;162;6;0;0;6;1;4;6;6;5;2;16;20;-6.892668435068498;6;5;0;1;4;15;3;16;6;6;16;0;2;5;2;2;3;5;11;4;0;18;20;-8.0630947251259;3;4;6;12;0;4;0;5;3;22;2.588853594397547;0;5;13;5;8;5;6;2;6;9;0;16;10;2;1;6;1;1;6;17;6;13;25;4;0;0;3;18;4;22;0.38616512667031355;5;1;23;-7.454573677997786;22;-9.419678754032486;1;6;4;1;2;8;11;2;7;-3.9534114257821624;8;25;3;4;0;1;0;3;0;0;12;14;4;25;0;8;7;-2.1642125709337416;1;0;6;3;17;6;5;11;1;0;10;0;10;25;6;18;4;5;0;6;4;24;5;3;8
TRACK:239;143;162;6;0;0;6;1;4;6;6;5;2;16;20;-7.133205136659979;3;8;0;2;5;2;2;3;5;11;4;0;18;20;-8.48787788418944;3;4;6;12;0;4;0;5;3;22;2.51626894641638;0;5;13;5;8;5;6;2;6;18;0;16;10;2;5;11;1;6;4;1;2;8;11;17;25;3;4;0;1;0;3;0;0;12;14;4;25;0;8;7;-2.149733877872348;1;0;6;3;17;6;5;11;1;0;5;9;0;10;25;6;18;4;5;0;6;4;24;5;3;8
TRACK:240;230;-1;6;0;0;6;1;4;6;6;5;2;16;20;-7.133345114645691;6;5;0;1;4;15;1;9;18;6;6;16;0;2;5;2;2;3;5;11;4;0;18;20;-8.180965018578233;3;4;6;12;0;4;0;5;3;22;2.647770140514017;0;5;13;5;8;5;6;2;6;9;0;16;10;2;1;6;1;1;6;17;6;13;0;6;9;4;24;4;0;0;3;18;4;22;0.45421434324505;5;1;23;-7.433737268046646;22;-9.333128195952662;1;6;4;1;2;8;11;2;7;-3.907454846143443;8;25;3;4;0;1;0;3;0;0;12;14;0;11;9;0;8;7;-2.2113368372838687;1;0;6;3;17;6;5;11;1;0;5;9;0;10;18;6;18;4;5;0;6;4;24;5;3;22;2.828776671168953
TRACK:241;232;-1;6;0;0;6;1;4;6;6;5;2;16;20;-7.048851556749699;3;8;0;2;5;2;2;3;5;11;4;0;9;20;-8.44401355183747;3;4;6;12;0;4;0;5;3;22;2.564487136766755;0;5;13;5;8;5;6;2;6;18;0;16;10;2;5;11;1;6;4;1;2;8;11;2;7;-3.7719082936195814;8;25;3;4;0;1;0;3;0;0;12;14;4;25;0;8;7;-2.201934784771148;1;0;6;3;17;6;5;11;1;0;5;9;0;10;25;6;18;4;5;0;6;4;16;5;3;8
TRACK:242;234;-1;6;0;0;6;1;4;6;6;5;2;16;20;-6.943250741556916;6;5;0;1;4;15;1;9;18;6;6;16;0;2;5;2;2;3;5;11;4;0;18;20;-8.086946334318748;3;4;6;12;0;4;0;5;3;22;2.6579665068983824;0;5;13;5;8;5;6;2;6;9;0;16;10;2;1;6;1;1;6;8;6;13;0;6;9;4;24;4;0;0;3;18;4;22;0.1652479177355236;5;1;23;-7.323970505383766;22;-9.699103122331959;1;6;4;1;2;8;11;2;7;-3.9108534092756035;8;25;3;4;0;1;0;3;0;0;12;14;4;25;0;8;7;-2.0704343731200745;1;1;3;6;11;3;5;10;1;0;5;17;0;10;18;6;18;4;5;0;6;4;24;5;3;8
TRACK:243;236;-1;6;0;0;6;1;4;6;6;5;2;16;20;-6.745425392766741;6;5;0;1;4;15;1;9;18;6;6;16;0;2;5;2;2;3;5;11;4;0;18;20;-8.078275039054095;3;4;6;12;0;4;0;5;3;22;2.523386270324521;0;5;13;5;8;5;6;2;6;9;0;16;10;2;1;6;1;1;6;17;6;13;0;6;9;4;24;4;0;0;3;18;4;22;0.5309772866373603;5;1;23;-7.461344321760282;22;-9.470089087386024;1;6;4;1;2;8;11;2;7;-4.040791561841067;8;25;3;4;0;1;0;3;0;0;12;14;4;25;0;8;7;-2.1476886259440953;1;0;6;3;17;6;5;11;1;0;16;10;6;5;24;4;5;0;6;4;24;5;3;22;2.8760703814049378
TRACK:244;238;-1;6;0;0;6;1;4;6;6;5;2;16;20;-6.930129493564189;6;4;13;0;2;5;2;2;3;5;11;4;0;18;20;-8.293834773578125;3;4;6;12;0;4;0;5;3;22;2.683639939510555;0;5;13;5;8;5;6;2;6;9;0;16;10;2;1;6;1;1;6;17;6;13;25;4;0;0;3;18;4;22;0.5007050309959599;5;1;23;-7.258224759409112;22;-9.355341762631339;1;6;4;1;2;8;11;2;7;-4.039619999495326;8;25;3;4;0;1;0;3;0;0;12;14;4;25;0;8;7;-2.1873266767677415;1;0;6;3;17;6;5;11;1;0;10;0;10;25;6;18;4;5;0;6;4;24;5;3;8
TRACK:245;231;-1;6;0;0;6;1;4;6;6;5;2;16;20;-6.910160816394532;6;5;0;1;4;15;1;9;18;6;6;16;0;2;5;2;2;3;3;21;0.02801458675450874;4;0;18;20;-8.249144505485276;3;4;6;12;0;4;0;5;3;22;2.4345532481347614;0;5;13;5;8;5;6;2;6;9;0;16;10;2;1;1;0;6;3;17;6;5;11;1;0;5;9;0;10;25;6;6;15;4;0;0;3;18;4;22;0.25450724545558634;5;1;23;-7.744417257114437;22;-9.594240338980631;1;6;4;1;2;16;11;2;7;-4.061235004434547;18;25;3;4;0;1;0;3;0;0;12;14;4;25;0;8;7;-1.8580502401383254;1;0;6;3;17;6;5;11;1;0;5;9;0;10;25;6;18;4;5;0;6;4;24;5;3;8
TRACK:246;233;-1;6;0;0;6;1;4;6;6;5;2;16;13;6;5;0;1;4;9;1;9;18;6;6;16;0;2;5;2;2;3;5;11;4;0;18;20;-7.58895810187564;3;4;6;12;0;4;0;5;3;22;2.506105158441516;0;5;13;5;8;5;6;2;6;9;0;12;10;2;1;6;1;1;6;17;6;13;0;6;9;4;24;4;0;0;3;18;4;22;0.5010828418019007;5;1;23;-7.662946765403454;22;-9.517301334615082;1;6;4;1;2;8;11;2;7;-3.9810298755961666;8;25;3;4;0;7;-1.8658927288319211;4;5;0;6;4;24;5;3;8
TRACK:247;235;-1;6;0;0;6;1;4;6;6;5;2;16;20;-6.717553340631166;6;5;0;1;4;15;1;9;18;6;6;16;0;2;5;2;2;3;5;11;4;0;18;20;-7.9565597690101075;3;4;6;12;0;4;0;5;3;22;2.51940378984845;0;5;13;5;8;5;6;2;6;9;0;16;10;2;1;6;1;1;6;17;6;13;0;6;9;4;24;4;0;0;3;18;4;22;0.37165436371015864;5;1;23;-7.4373694949430496;22;-9.71299834179781;1;6;4;1;2;8;11;2;7;-4.055989709491775;8;25;3;4;0;1;0;3;0;0;12;14;4;25;16;1;0;6;3;7;-6.596992385477634;6;5;11;1;0;5;9;0;10;18;6;18;4;5;0;6;4;24;5;3;8
TRACK:248;237;-1;6;0;0;6;1;4;6;6;5;2;16;20;-7.005094552513487;3;8;0;2;5;2;2;3;5;11;4;0;18;20;-8.388749046665355;3;4;6;12;5;0;6;4;24;5;3;22;2.9475899369783054;2;1;6;1;1;6;17;6;13;0;6;9;4;9;6;6;5;7;9.232645224292241;1;6;4;1;2;8;11;2;7;-3.545794057211584;8;25;3;4;0;1;0;3;0;0;12;14;4;25;0;8;7;-2.211047034963051;1;0;6;3;17;6;5;11;1;0;5;9;0;10;25;6;18;4;5;0;6;4;24;5;3;8
TRACK:249;239;-1;6;0;0;6;1;4;6;6;5;2;16;20;-7.156840338699313;3;8;0;2;5;2;2;3;5;11;4;0;18;20;-8.415705867112031;3;4;6;12;0;4;0;5;3;22;2.467690602620904;0;5;13;5;8;5;6;2;6;18;0;16;10;2;5;11;1;6;4;1;2;8;11;17;25;3;4;0;1;0;3;0;0;12;14;4;25;2;6;9;2;18;24;1;0;6;3;17;6;5;11;1;0;5;9;0;10;25;6;18;4;5;0;6;4;24;5;3;8
EVAL_INSTANCE:12:0:240
EVAL_INSTANCE:12:1:241
EVAL_INSTANCE:12:2:242
EVAL_INSTANCE:12:3:243
EVAL_INSTANCE:12:4:244
EVAL_INSTANCE:12:5:245
EVAL_INSTANCE:12:6:246
EVAL_INSTANCE:12:7:247
EVAL_INSTANCE:12:8:248
EVAL_INSTANCE:12:9:249
RUN_RESULT:12:0:0:5:DDDLL
RUN_RESULT:12:1:0:5:DDDLL
RUN_RESULT:12:2:0:5:DDDLL
RUN_RESULT:12:3:0:5:DDDLL
RUN_RESULT:12:4:0:5:DDDLL
RUN_RESULT:12:5:0:90:DDDRDD
RUN_RESULT:12:6:0:5:DDDLL
RUN_RESULT:12:7:0:5:DDDLL
RUN_RESULT:12:8:0:5:DDDLL
RUN_RESULT:12:9:0:5:DDDLL
    13 |      130 | -3.995000E+03 | -3.995000E+03
TRACK:250;146;163;6;0;0;6;1;4;6;6;5;2;16;20;-6.769059579599625;6;5;0;1;4;9;1;9;18;6;6;16;0;2;5;2;2;3;5;11;4;0;18;20;-7.765011217881949;3;4;6;12;0;3;0;0;12;14;4;25;5;6;2;6;9;0;16;10;2;1;6;1;1;6;17;6;13;0;6;9;4;24;4;0;0;3;18;4;22;0.5687100004412472;5;1;23;-7.5156224969508445;22;-9.465876712742855;1;6;4;1;2;8;11;2;7;-4.0182377129793485;8;25;3;4;0;7;-1.9839548210211035;4;5;0;6;4;24;5;3;8
TRACK:251;146;163;6;0;0;6;1;4;6;6;5;2;16;20;-6.924949967378228;6;5;0;1;4;15;1;9;18;6;6;16;0;2;5;2;2;3;5;11;4;0;18;20;-8.135701083069105;3;4;6;12;0;4;0;5;3;22;2.6599751112749135;0;5;13;5;8;5;6;2;6;9;0;16;10;2;1;6;1;1;6;17;6;13;0;6;9;4;24;4;0;0;3;18;4;22;0.4463525870309487;5;1;23;-7.461192599319767;22;-9.404666260435956;1;6;4;1;2;8;11;2;7;-3.935189530796652;8;25;3;4;0;1;0;3;0;0;12;14;4;25;0;8;7;-2.1150759439134816;1;0;6;3;17;6;5;11;1;0;5;9;0;10;18;6;18;4;5;0;6;4;24;5;2;16;20;-6.769059579599625
TRACK:252;162;143;6;0;0;6;1;4;6;6;5;2;16;20;-7.133205136659979;3;8;0;2;5;2;2;3;5;11;4;0;18;20;-8.48787788418944;3;4;6;12;0;4;0;5;3;22;2.51626894641638;0;5;13;5;8;5;6;2;6;18;0;16;10;2;5;11;1;6;4;1;18;2;7;-3.7409647213981883;8;25;3;4;0;1;0;3;0;0;12;14;4;25;0;8;7;-2.149733877872348;1;0;6;3;17;6;5;11;1;0;5;9;0;10;25;6;18;4;5;0;6;4;24;5;3;8
TRACK:253;162;143;6;0;0;6;1;4;6;6;5;2;16;20;-6.892668435068498;6;5;0;1;4;15;3;16;6;6;16;0;2;5;2;2;3;5;11;4;0;18;20;-8.0630947251259;3;4;6;12;0;4;0;5;3;22;2.588853594397547;0;5;13;5;8;5;6;2;6;9;0;16;10;2;1;6;1;1;6;17;6;13;25;4;0;0;3;18;4;22;0.38616512667031355;5;1;23;-7.454573677997786;22;-9.419678754032486;1;6;4;1;2;8;11;2;7;-3.9534114257821624;8;25;3;4;0;1;0;3;0;0;12;14;4;25;0;8;7;-2.1642125709337416;1;0;6;3;8;6;5;11;1;0;5;9;0;10;25;6;18;4;5;0;6;4;24;5;3;8
TRACK:254;140;100;6;0;0;6;1;4;6;6;5;2;16;20;-6.847479852964436;6;5;0;1;4;15;1;9;18;6;6;16;0;2;5;2;2;3;5;11;4;0;20;-8.108135949877157;20;-8.236671846335065;3;4;6;12;0;4;0;5;3;22;2.5611150932066176;0;5;13;5;8;5;6;2;6;9;0;16;10;2;1;1;0;6;3;17;6;5;11;1;0;5;9;0;10;25;6;6;15;4;0;0;3;18;4;22;0.39802480090157555;5;1;23;-7.515214438065535;22;-9.648684786893098;1;6;4;1;2;8;11;2;7;-3.958628964702158;18;25;3;4;0;1;0;3;0;0;12;14;4;25;0;8;7;-1.9617125308637433;1;0;6;3;17;6;5;11;1;0;5;9;0;10;25;6;18;4;5;0;6;4;24;5;3;8
TRACK:255;140;100;6;0;0;6;1;4;6;6;5;2;16;20;-6.913455721329562;6;5;0;3;18;6;6;16;0;2;5;2;2;3;5;11;4;0;18;20;-8.108135949877157;3;4;6;12;0;4;0;5;3;22;2.692354249647133;0;5;13;5;8;5;6;2;6;9;0;16;10;2;1;6;1;1;6;17;6;13;0;6;9;4;24;4;0;0;3;18;4;22;0.4247515237469365;5;1;23;-7.568289150442957;22;-9.471742300141347;1;6;4;1;2;8;11;2;7;-4.008938962789459;8;25;3;4;0;1;0;3;0;0;12;14;4;25;0;8;7;-2.1110307884206123;1;0;6;3;17;6;5;11;1;0;5;9;0;10;25;6;18;4;5;0;6;4;24;5;3;8
TRACK:256;160;163;6;0;0;6;1;4;6;6;5;2;16;20;-6.913230095901255;6;5;0;1;4;15;3;16;6;6;16;0;2;5;2;2;3;5;11;4;0;18;20;-7.952764504492133;3;4;6;12;0;4;0;5;3;22;2.4954319949866814;0;5;13;5;8;5;6;2;6;9;0;16;10;2;1;6;1;1;6;17;6;13;25;4;0;0;3;18;4;22;0.308803479601941;5;1;23;-7.281492523065521;22;-9.32949340332651;1;6;4;1;2;8;11;2;7;-3.840498074468987;8;25;3;4;0;1;0;3;0;11;4;25;0;8;7;-2.1611830980767577;1;0;6;3;17;6;5;11;1;0;5;9;0;10;25;6;18;4;5;0;6;4;24;5;3;8
TRACK:257;160;163;6;0;0;6;1;4;6;6;5;2;16;20;-6.924949967378228;6;5;0;1;4;15;1;9;18;6;6;16;0;2;5;2;2;3;5;11;4;0;18;20;-8.135701083069105;3;4;6;12;0;4;0;5;3;22;2.6599751112749135;0;5;13;5;8;5;6;2;6;9;0;16;10;2;1;6;1;1;6;17;6;13;0;6;9;4;24;4;0;0;3;18;0;18;20;-7.952764504492133;5;1;23;-7.461192599319767;22;-9.404666260435956;1;6;4;1;2;8;11;2;7;-3.935189530796652;8;25;3;4;0;1;0;3;0;0;12;14;4;25;0;8;7;-2.1150759439134816;1;0;6;3;17;6;5;11;1;0;5;9;0;10;18;6;18;4;5;0;6;4;24;5;3;22;2.8494679047274483
TRACK:258;146;120;6;0;0;6;1;4;6;6;5;2;16;20;-6.769059579599625;6;5;0;1;4;9;1;9;18;6;6;16;0;2;5;2;2;3;5;11;4;0;18;20;-7.765011217881949;3;4;6;12;5;0;6;4;24;5;3;8;2;1;6;1;1;6;17;6;13;0;6;9;4;24;4;0;0;3;18;4;22;0.5687100004412472;5;1;23;-7.5156224969508445;22;-9.465876712742855;1;6;4;1;2;8;11;2;7;-4.0182377129793485;8;25;3;4;0;7;-1.9839548210211035;4;5;0;6;4;24;5;3;8
TRACK:259;146;120;6;0;0;6;1;4;6;6;5;2;16;20;-6.926832238989957;6;5;0;1;4;15;1;9;18;6;6;16;0;2;5;2;2;3;5;11;4;0;18;20;-7.94173565609176;3;4;6;12;0;4;0;6;9;0;5;13;5;8;5;6;2;6;9;0;16;10;2;1;6;1;1;6;17;6;13;0;6;9;4;24;4;0;0;3;18;4;22;0.40831185790281305;5;1;23;-7.572324657550623;22;-9.520678340891108;1;6;4;1;2;8;11;2;7;-3.995912611918657;8;25;3;4;0;1;0;3;0;0;12;14;4;25;0;8;7;-2.149059635771216;1;0;6;3;17;6;5;11;1;0;5;9;0;10;18;6;18;4;5;0;6;4;24;5;3;8
TRACK:260;250;-1;6;0;0;6;1;4;6;6;5;2;16;20;-6.918592106757075;6;5;0;1;4;9;1;9;18;6;6;16;0;2;5;2;2;3;5;11;4;0;18;20;-7.723461902240456;3;4;6;12;0;3;0;14;17;5;6;2;6;9;0;16;10;2;1;6;1;1;6;17;6;13;0;6;9;4;24;4;0;0;3;18;4;22;0.5277119523157585;5;1;23;-7.516130839861644;22;-9.355530477053847;1;6;4;1;2;8;11;2;7;-4.14404747037151;8;25;3;4;0;7;-1.8943117495676836;4;5;0;6;4;24;5;3;8
TRACK:261;252;-1;6;0;0;6;1;4;6;6;5;2;16;20;-6.910904967863589;3;8;0;2;5;6;2;2;3;24;2;18;8;0;5;10;5;15;0;4;0;5;3;22;2.4663878963053447;0;5;13;5;8;5;6;2;6;18;0;16;10;2;5;11;1;6;4;1;18;2;7;-3.72407419874932;8;25;3;4;0;1;0;3;0;0;12;14;4;25;0;8;7;-2.2108688752883814;1;0;6;3;17;6;5;11;1;0;5;9;0;10;25;6;18;4;5;0;6;4;24;5;3;8
TRACK:262;254;-1;6;0;0;6;1;4;6;6;5;2;16;20;-6.8966958838391745;6;5;0;1;4;15;1;9;18;6;6;16;0;2;5;2;2;3;5;11;4;0;20;-8.147306613975644;20;-8.39094034013031;3;4;6;12;0;4;0;5;3;22;2.4617561364196887;0;5;13;1;20;0.6993762075488963;16;5;6;2;6;9;0;16;10;2;1;1;0;6;3;17;6;5;11;1;0;5;9;0;10;25;6;6;15;4;0;0;3;18;4;22;0.16098804121221463;5;1;23;-7.556249550367186;22;-9.69049320797437;1;6;4;1;2;8;11;2;7;-4.068302518547159;18;25;3;4;0;1;0;3;0;0;12;14;4;25;0;8;7;-1.9408859853830056;1;0;6;3;17;6;5;11;1;0;5;9;0;10;25;6;18;4;5;0;6;4;24;5;3;8
TRACK:263;256;-1;6;0;0;6;1;4;6;6;5;2;16;20;-6.916006155845372;6;5;0;1;4;15;3;16;6;6;16;0;2;5;2;2;3;5;11;4;0;18;20;-7.891585814764142;3;4;6;12;0;4;0;5;3;22;2.580716443127763;0;5;13;5;8;5;6;2;6;9;0;16;10;2;1;6;1;1;6;17;6;13;25;4;0;0;3;18;4;22;0.3792640213925619;5;1;23;-7.255369552215559;22;-9.41544688289416;1;6;4;1;2;8;11;2;7;-3.972946198242674;8;25;3;2;0;5;17;6;21;-6.691075440997897;3;1;22;8.140235546309153;20;6.55230167757049
TRACK:264;258;-1;6;0;0;6;1;4;6;6;5;2;16;20;-6.824795552089159;6;5;0;1;4;9;1;9;18;6;6;16;0;2;5;2;2;3;5;11;4;0;18;20;-7.691398697737658;3;4;6;12;5;0;6;4;24;5;3;8;2;1;6;1;1;6;17;6;13;0;6;9;4;24;4;5;2;1;13;7;-3.6700843463526356;4;24;1;6;4;1;2;8;11;2;7;-4.075684301374021;8;25;3;4;0;7;-1.9097949058688428;4;5;0;6;4;24;5;3;8
TRACK:265;251;-1;6;0;0;6;1;4;6;6;5;2;16;20;-6.98332601848062;6;5;0;1;4;15;1;9;18;6;6;16;0;2;5;2;2;3;5;11;4;0;18;20;-8.17306654227149;3;4;6;12;0;4;0;5;3;22;2.8529199707800315;0;5;13;5;8;5;6;2;6;9;0;16;10;2;1;6;1;1;6;17;6;13;0;6;9;4;24;4;0;0;3;18;4;22;0.5526452011309876;5;1;16;22;-9.643476796516035;1;6;4;1;2;8;11;2;7;-4.097977937688995;8;25;3;4;0;1;0;3;0;0;12;14;4;25;0;8;7;-2.0805186698672498;1;0;6;3;17;6;5;11;1;0;5;9;0;10;18;6;18;4;5;0;6;4;24;5;2;16;20;-6.788436319663157
TRACK:266;253;-1;6;0;0;6;1;4;6;6;5;2;16;20;-6.933777928500059;6;5;0;1;4;15;3;16;6;6;16;0;2;5;2;2;3;5;11;4;0;18;15;3;4;6;12;0;4;0;5;3;22;2.5630607077947745;0;5;13;5;8;5;6;2;6;9;0;16;10;2;1;6;1;1;6;17;6;13;25;4;0;0;3;18;4;22;0.5476231924124362;5;1;23;-7.605882955678194;22;-9.414759289925247;1;6;4;1;2;8;11;2;7;-3.966657061429261;8;25;3;4;0;1;0;3;0;0;12;14;4;25;0;8;7;-2.3045973980341334;1;0;6;3;8;6;5;11;1;0;5;9;0;10;25;6;18;4;5;0;6;4;24;5;3;8
TRACK:267;255;-1;6;0;0;6;1;4;6;6;5;2;16;20;-6.939098768186624;6;5;0;3;18;6;6;16;0;2;5;2;2;3;6;17;4;0;18;20;-8.171201632508906;3;4;6;12;0;4;0;5;3;22;2.674417039494636;0;5;13;5;8;5;6;2;6;9;0;16;10;2;1;6;1;1;6;17;6;13;0;6;9;4;24;4;0;0;3;18;4;22;0.462635987399295;5;1;23;-7.556403783155903;22;-9.317799395920709;1;6;4;1;2;8;11;2;7;-3.8086205407571008;8;25;3;4;0;1;0;3;0;0;12;14;4;25;0;8;7;-2.1929579054758253;1;0;6;3;17;6;5;11;1;0;5;9;0;10;25;6;18;4;5;0;6;4;24;5;3;8
TRACK:268;257;-1;6;0;0;6;1;4;6;6;5;2;16;20;-7.037261370110238;6;5;0;1;4;15;1;9;18;6;6;16;0;2;5;2;2;3;5;11;4;0;18;20;-8.197350247246007;3;4;6;12;0;4;0;5;3;22;2.6569375402501496;0;5;13;5;8;5;6;2;6;9;0;16;10;2;1;6;1;1;6;17;6;13;0;6;9;4;24;4;0;0;3;18;0;18;20;-7.872134746315906;5;1;23;-7.28303646142377;22;-9.420056814524148;1;6;4;1;2;8;11;2;7;-3.8468071699189146;8;25;3;4;0;1;0;3;0;0;12;14;4;25;1;4;14;6;20;-7.395454734103284;1;0;6;3;17;6;5;11;1;0;5;9;0;10;18;6;18;4;5;0;6;4;24;5;3;22;2.772016940227527
TRACK:269;259;-1;6;0;0;6;1;4;6;6;5;2;16;20;-7.033237850332541;6;5;0;1;4;15;1;9;18;6;6;16;0;2;5;2;2;3;5;11;4;0;18;20;-7.900035342807123;3;4;6;12;0;4;0;6;9;0;5;13;5;8;5;6;2;6;9;0;16;10;2;1;6;1;1;6;17;6;13;0;6;9;4;24;4;0;0;3;18;4;22;0.3369760208278925;5;1;23;-7.670376571461828;22;-9.466019245010463;2;6;4;5;24;1;4;2;22;9.74661324857393;14;5;5;8;3;4;0;1;0;3;0;0;12;14;4;25;0;8;7;-2.1919593938434083;1;0;6;3;17;6;5;11;1;0;5;9;0;10;18;6;18;4;5;0;6;4;24;5;3;8
EVAL_INSTANCE:13:0:260
EVAL_INSTANCE:13:1:261
EVAL_INSTANCE:13:2:262
EVAL_INSTANCE:13:3:263
EVAL_INSTANCE:13:4:264
EVAL_INSTANCE:13:5:265
EVAL_INSTANCE:13:6:266
EVAL_INSTANCE:13:7:267
EVAL_INSTANCE:13:8:268
EVAL_INSTANCE:13:9:269
RUN_RESULT:13:0:0:56:DDDLL
RUN_RESULT:13:1:0:2000:----
RUN_RESULT:13:2:0:55:DDDLL
RUN_RESULT:13:3:0:142:DDDLDD
RUN_RESULT:13:4:0:24:DLDRDDLD
RUN_RESULT:13:5:0:5:DDDLL
RUN_RESULT:13:6:0:2000:----
RUN_RESULT:13:7:0:5:DDDLL
RUN_RESULT:13:8:0:5:DDDLL
RUN_RESULT:13:9:0:36:DDDRUUULLL
    14 |      140 | -3.995000E+03 | -3.995000E+03
TRACK:270;162;160;6;0;0;6;1;4;6;6;5;2;16;20;-7.133205136659979;3;8;0;2;5;2;2;3;5;11;4;0;18;20;-8.48787788418944;3;4;6;12;0;4;0;5;3;22;2.51626894641638;0;5;13;5;8;5;6;2;6;18;0;16;10;2;5;11;1;6;4;1;2;8;11;2;7;-3.7409647213981883;8;25;3;4;0;1;0;3;0;0;12;19;4;25;0;8;7;-2.149733877872348;1;0;6;3;17;6;5;11;1;0;5;9;0;10;25;6;18;4;5;0;6;4;24;5;3;8
TRACK:271;162;160;6;0;0;6;1;4;6;6;5;2;16;20;-6.913230095901255;6;5;0;1;4;15;3;16;6;6;16;0;2;5;2;2;3;5;11;4;0;18;20;-7.952764504492133;3;4;6;12;0;4;0;5;3;22;2.4954319949866814;0;5;13;5;8;5;6;2;6;9;0;16;10;2;1;6;1;1;6;17;6;13;25;4;0;0;3;18;4;22;0.308803479601941;5;1;23;-7.281492523065521;22;-9.32949340332651;1;6;4;1;2;8;11;2;7;-3.840498074468987;8;25;2;5;11;1;6;4;1;2;8;11;2;7;-3.7409647213981883;8;25
TRACK:272;146;120;6;0;0;6;1;4;6;6;5;2;16;20;-6.769059579599625;6;5;0;1;4;9;1;9;18;6;6;16;0;2;5;2;2;3;5;11;4;0;18;20;-7.765011217881949;3;4;6;12;0;4;0;5;3;22;2.5689126357795886;0;5;13;5;8;5;6;2;6;9;0;16;10;2;1;6;1;1;6;17;6;13;0;6;9;4;24;4;0;0;3;18;5;8;5;1;23;-7.5156224969508445;22;-9.465876712742855;1;6;4;1;2;8;11;2;7;-4.0182377129793485;8;25;3;4;0;7;-1.9839548210211035;4;5;0;6;4;24;5;3;8
TRACK:273;146;120;6;0;0;6;1;4;6;6;5;2;16;20;-6.926832238989957;6;5;0;1;4;15;1;9;18;6;6;16;0;2;5;2;2;3;5;11;4;0;18;20;-7.94173565609176;3;4;6;12;0;4;0;5;3;22;2.6919690486782764;0;5;13;5;8;5;6;2;6;9;0;16;10;2;1;6;1;1;6;17;6;13;0;6;9;4;24;4;0;0;3;18;4;22;0.40831185790281305;5;1;23;-7.572324657550623;22;-9.520678340891108;1;6;4;1;2;8;11;2;7;-3.995912611918657;8;25;3;4;0;1;0;3;0;0;12;14;4;25;0;8;7;-2.149059635771216;1;0;8;6;5;11;1;0;5;9;0;10;18;6;18;4;5;0;6;4;24;5;3;8
TRACK:274;100;100;6;0;0;6;1;4;6;6;5;2;16;20;-6.913455721329562;6;5;0;1;4;15;1;9;18;6;6;16;0;2;5;2;2;3;5;11;4;0;18;20;-8.108135949877157;3;4;6;12;0;4;0;5;3;22;2.692354249647133;0;5;13;5;8;5;6;2;6;9;4;22;0.4247515237469365;2;1;6;1;1;6;17;6;13;0;6;9;4;24;4;0;0;3;18;4;22;0.4247515237469365;5;1;23;-7.568289150442957;22;-9.471742300141347;1;6;4;1;2;8;11;2;7;-4.008938962789459;8;25;3;4;0;1;0;3;0;0;12;14;4;25;0;8;7;-2.1110307884206123;1;0;6;3;17;6;5;11;1;0;5;9;0;10;25;6;18;4;5;0;6;4;24;5;3;8
TRACK:275;100;100;6;0;0;6;1;4;6;6;5;2;16;20;-6.913455721329562;6;5;0;1;4;15;1;9;18;6;6;16;0;2;5;2;2;3;5;11;4;0;18;20;-8.108135949877157;3;4;6;12;0;4;0;5;3;22;2.692354249647133;0;5;13;5;8;5;6;2;6;9;0;16;10;2;1;6;1;1;6;17;6;13;0;6;9;4;24;4;0;0;3;18;4;22;0.4247515237469365;5;1;23;-7.568289150442957;22;-9.471742300141347;1;6;4;1;2;8;11;2;7;-4.008938962789459;15;25;3;4;0;1;0;3;0;0;12;14;4;25;0;8;7;-2.1110307884206123;1;0;6;3;17;6;5;11;1;0;5;9;0;10;25;6;18;4;5;0;6;4;24;5;3;8
TRACK:276;147;146;6;0;0;6;1;4;6;6;5;2;16;20;-6.899140643663201;6;5;0;1;4;15;1;9;18;6;6;16;0;2;5;2;2;3;5;11;4;0;18;20;-7.995481264482649;3;4;6;12;0;4;0;5;3;22;2.698910660431475;0;5;13;5;8;5;6;2;6;9;0;16;10;2;1;6;1;1;6;8;6;7;-1.9839548210211035;0;6;9;4;24;4;0;0;3;18;4;22;0.28348197588301366;5;1;23;-7.440662477537072;22;-9.61300399971852;1;6;4;1;2;8;11;2;7;-4.0930753366211805;8;25;3;4;0;1;0;3;0;0;12;14;4;25;0;8;7;-2.0623827909021886;1;0;6;3;17;6;5;11;1;0;5;17;0;10;18;6;18;4;5;0;6;4;24;5;3;8
TRACK:277;147;146;6;0;0;6;1;4;6;6;5;2;16;20;-6.769059579599625;6;5;0;1;4;9;1;9;18;6;6;16;0;2;5;2;2;3;5;11;4;0;18;20;-7.765011217881949;3;4;6;12;0;4;0;5;3;22;2.5689126357795886;0;5;13;5;8;5;6;2;6;9;0;16;10;2;1;6;1;1;6;17;6;13;0;6;9;4;24;4;0;0;3;18;4;22;0.5687100004412472;5;1;25;22;-9.465876712742855;1;6;4;1;2;8;11;2;7;-4.0182377129793485;8;25;3;4;0;7;-1.9839548210211035;4;5;0;6;4;24;5;3;8
TRACK:278;143;120;6;0;0;6;1;4;6;6;5;2;16;20;-6.892668435068498;6;5;0;1;4;15;3;16;6;6;16;0;2;5;2;2;3;5;11;4;0;18;20;-8.0630947251259;3;4;6;12;0;4;0;5;3;22;2.588853594397547;0;5;13;5;8;5;6;2;6;9;0;16;10;2;1;6;1;1;6;17;6;13;25;4;0;0;3;18;4;22;0.38616512667031355;5;1;23;-7.454573677997786;22;-9.419678754032486;1;6;4;1;2;8;11;2;7;-3.9534114257821624;18;25;3;4;0;1;0;3;0;0;12;14;4;25;0;8;7;-2.1642125709337416;1;0;6;3;17;6;5;11;1;0;5;9;0;10;25;6;18;4;5;0;6;4;24;5;3;8
TRACK:279;143;120;6;0;0;6;1;4;6;6;5;2;16;20;-6.926832238989957;6;5;0;1;4;15;1;9;18;6;6;16;0;2;5;2;2;3;5;11;4;0;18;20;-7.94173565609176;3;4;6;12;0;4;0;5;3;22;2.6919690486782764;0;5;13;5;8;5;6;2;6;9;0;16;10;2;1;6;1;1;6;17;6;13;0;6;9;4;24;4;0;0;3;18;4;22;0.40831185790281305;5;1;23;-7.572324657550623;22;-9.520678340891108;1;25;25;3;4;0;1;0;3;0;0;12;14;4;25;0;8;7;-2.149059635771216;1;0;6;3;17;6;5;11;1;0;5;9;0;10;18;6;18;4;5;0;6;4;24;5;3;8
TRACK:280;270;-1;6;0;0;6;1;4;6;6;5;2;16;20;-6.989472493739344;3;8;0;2;5;2;2;3;5;11;4;0;18;20;-8.579984949178506;3;4;6;12;0;4;0;5;3;22;2.4856124404261477;0;5;13;5;8;5;6;2;6;18;0;16;10;2;5;11;1;6;4;1;2;8;11;2;7;-3.716092248832308;8;25;3;4;0;1;4;2;3;18;4;10;1;0;6;3;17;6;5;11;1;0;5;9;0;10;25;6;18;4;5;0;6;4;24;5;3;8
TRACK:281;272;-1;6;0;0;6;1;4;6;6;5;2;16;20;-6.747729120693592;6;5;0;1;4;9;1;9;18;6;6;16;0;2;5;2;2;3;5;11;4;0;18;20;-7.833675889571882;3;4;6;12;0;4;0;5;3;22;2.7202229340780546;0;5;13;5;8;5;6;2;6;9;0;16;10;2;1;6;1;1;6;17;6;13;0;6;9;4;24;4;0;0;3;18;5;8;5;1;23;-7.562146798470743;22;-9.312700326392225;1;6;4;0;3;24;3;7;3.937675490270225;25;3;4;0;7;-1.8653506289592956;4;5;0;6;4;24;5;3;8
TRACK:282;274;-1;6;0;0;6;1;4;6;6;5;2;16;20;-6.806696143293279;6;5;0;1;4;15;1;9;18;6;6;16;0;2;5;2;2;3;5;11;4;0;18;20;-8.031403117133397;3;4;6;12;0;4;0;5;3;22;2.880675379895151;0;5;13;5;8;5;6;2;6;9;4;22;0.43489735070759467;2;1;6;1;1;6;17;6;13;0;6;9;4;24;4;0;0;3;18;4;22;0.402828526931829;5;1;23;-7.679818627382465;22;-9.35330356942119;1;6;4;1;2;8;11;2;7;-4.052140752057982;8;25;3;4;0;1;0;3;0;0;12;14;4;25;0;1;15;11;7;-1.9620078025928394;1;0;6;3;17;6;5;11;1;0;5;9;0;10;25;6;18;4;5;0;6;4;24;5;3;8
TRACK:283;276;-1;6;0;0;6;1;4;6;6;5;2;16;20;-7.0756445807204855;6;5;0;1;4;15;1;9;18;6;6;16;0;2;5;2;2;3;5;11;4;0;18;20;-8.254249854233148;3;4;6;12;0;4;0;5;3;22;2.821767529510755;0;5;13;5;8;5;6;2;6;9;0;16;10;2;1;6;1;1;6;8;6;7;-2.033888939773079;0;6;9;4;24;4;0;0;3;18;4;22;0.18929975859439108;5;1;23;-7.536995261885407;22;-9.673410112870744;1;6;2;2;0;8;13;0;21;6.743312249404418;9;5;1;13;15;25;3;4;0;1;0;3;0;0;12;14;4;25;0;8;7;-2.0534219346226203;1;0;6;3;17;6;5;11;1;0;5;17;0;10;18;6;18;4;5;0;6;4;24;5;3;8
TRACK:284;278;-1;6;0;0;6;1;4;6;6;5;2;16;20;-7.037601490857499;6;5;5;4;14;0;2;5;2;2;3;5;11;4;0;18;20;-7.984870549603304;3;4;6;12;0;4;0;5;3;22;2.5953466111830807;0;5;13;5;8;5;6;2;6;9;0;16;10;2;1;6;1;1;6;17;6;13;25;4;0;0;3;18;4;22;0.41231473777934685;5;1;23;-7.43497611354035;22;-9.243078262652263;1;6;4;1;2;8;11;2;7;-3.824876108923856;18;25;3;4;0;1;0;3;0;0;12;14;4;25;0;8;7;-2.0556647743290455;1;0;6;3;17;6;5;11;1;0;5;9;0;10;25;6;18;4;5;0;6;4;24;5;3;8
TRACK:285;271;-1;6;0;0;6;1;4;6;6;5;2;16;20;-6.997869174076038;6;5;0;1;4;15;3;16;6;6;16;0;2;5;2;2;3;5;11;4;0;18;14;3;4;6;12;0;4;0;5;3;22;2.542384192481634;0;5;13;5;8;5;6;2;6;9;0;16;10;2;1;6;1;1;6;17;6;13;25;4;0;0;3;18;4;22;0.34007622821745387;5;1;23;-7.179240932153882;22;-9.309658507017566;1;6;4;1;2;8;11;2;7;-3.8912885221703055;8;25;2;5;11;1;6;4;1;2;8;11;2;7;-3.5226476975078413;8;25
TRACK:286;273;-1;6;0;0;6;1;4;6;6;5;2;16;20;-6.979064137712221;6;5;0;1;4;15;1;9;18;6;6;16;0;2;2;21;-3.821417875827315;21;3.9458353344164614;0;4;0;5;3;22;2.7034979844719027;0;5;13;5;8;5;6;2;6;9;0;16;10;2;1;6;1;1;6;17;6;13;0;6;9;4;24;4;0;0;3;18;4;22;0.31413375728715204;5;1;23;-7.835592416797622;22;-9.644165016881756;1;6;4;1;2;8;11;2;7;-4.044519910887711;8;25;3;4;0;1;0;3;0;0;12;14;4;25;0;8;7;-2.2122045914815756;1;0;8;6;5;11;1;0;5;9;0;10;18;6;18;4;5;0;6;4;24;5;3;8
TRACK:287;275;-1;6;0;0;6;1;4;6;6;5;2;16;20;-6.999444715677117;6;5;0;1;4;15;1;9;18;6;6;16;0;2;5;2;2;3;5;11;2;13;13;3;4;6;12;0;4;0;5;3;22;2.893683720999817;0;5;13;5;8;5;6;2;6;9;0;16;10;2;1;6;1;1;6;17;6;13;0;6;9;4;24;4;0;0;3;18;4;22;0.3921812829866927;5;1;23;-7.427805214240948;22;-9.244256543843335;1;6;4;1;2;8;11;2;7;-3.969436911504614;15;25;3;4;0;1;0;3;0;0;12;14;4;25;0;8;7;-2.3533893232518324;1;0;6;3;17;6;5;11;1;0;5;9;0;10;25;6;18;4;5;0;6;4;24;5;3;8
TRACK:288;277;-1;6;0;0;6;1;4;6;6;5;2;16;20;-6.598019601349721;6;5;0;1;4;9;1;9;18;6;6;16;0;2;5;2;2;3;5;11;4;0;18;20;-7.940111399309738;3;4;6;12;3;1;2;6;6;19;2;5;10;5;14;5;3;3;24;2;1;6;1;1;6;17;6;13;0;6;9;4;24;4;0;0;3;18;4;22;0.41120725840365846;5;1;25;22;-9.446894854158362;1;6;4;1;2;8;11;2;7;-4.081400204817564;8;25;3;4;0;7;-1.7597334487925576;4;5;0;6;4;24;5;3;8
TRACK:289;279;-1;6;0;0;6;1;4;6;6;5;1;10;19;6;5;0;1;4;15;1;9;18;6;6;16;0;2;5;2;2;3;5;11;4;0;18;20;-8.100247703607089;3;4;6;12;0;4;0;5;3;22;2.802936016614388;0;5;13;5;8;5;6;2;6;9;0;16;10;2;1;6;1;1;6;17;6;13;0;6;9;4;24;4;0;0;3;18;4;22;0.23352062835936874;5;1;23;-7.617547750410122;22;-9.604886145679536;1;25;25;3;4;0;1;0;3;0;0;12;14;4;25;0;8;7;-2.233953205151128;1;0;6;3;17;6;5;11;1;0;5;9;0;10;18;6;18;4;5;0;6;4;24;5;3;8
EVAL_INSTANCE:14:0:280
EVAL_INSTANCE:14:1:281
EVAL_INSTANCE:14:2:282
EVAL_INSTANCE:14:3:283
EVAL_INSTANCE:14:4:284
EVAL_INSTANCE:14:5:285
EVAL_INSTANCE:14:6:286
EVAL_INSTANCE:14:7:287
EVAL_INSTANCE:14:8:288
EVAL_INSTANCE:14:9:289
RUN_RESULT:14:0:0:5:DDDLL
RUN_RESULT:14:1:0:5:DDDLL
RUN_RESULT:14:2:0:2000:----
RUN_RESULT:14:3:0:33:DDDRUUULLL
RUN_RESULT:14:4:0:5:DDDLL
RUN_RESULT:14:5:0:2000:----
RUN_RESULT:14:6:0:58:DDDLL
RUN_RESULT:14:7:0:2000:----
RUN_RESULT:14:8:0:56:DDDLL
RUN_RESULT:14:9:0:5:DDDLL
    15 |      150 | -3.995000E+03 | -3.995000E+03
TRACK:290;147;129;6;0;0;6;1;4;6;6;5;2;16;20;-6.899140643663201;6;5;0;1;4;15;1;9;18;6;6;16;0;2;5;2;2;3;5;11;4;0;18;20;-7.995481264482649;3;4;6;12;6;5;7;9.221675513620188;2;1;6;1;1;6;8;6;13;0;6;9;4;24;4;0;0;3;18;4;22;0.28348197588301366;5;1;23;-7.440662477537072;22;-9.61300399971852;1;6;4;1;2;8;11;2;7;-4.0930753366211805;8;25;3;4;0;1;0;3;0;0;12;14;4;25;0;8;7;-2.0623827909021886;1;0;6;3;17;6;5;11;1;0;5;17;0;10;18;6;18;4;5;0;6;4;24;5;3;8
TRACK:291;147;129;6;0;0;6;1;4;6;6;5;2;16;20;-7.028620964539983;3;8;0;2;5;2;2;3;5;11;4;0;18;20;-8.29777011174305;3;4;6;12;0;4;0;5;3;22;2.708405174789726;0;5;13;5;8;5;6;2;6;9;0;16;10;2;1;2;2;3;5;11;4;0;18;20;-7.995481264482649;3;4;6;12;6;6;5;7;9.221675513620188;1;6;4;1;2;8;11;2;7;-3.757116736274685;8;25;3;4;0;1;0;3;0;0;12;14;4;25;0;8;7;-2.20602819687777;1;0;6;3;17;6;5;11;1;0;5;9;0;10;25;6;18;4;5;0;6;4;24;5;3;8
TRACK:292;162;100;6;0;0;6;1;4;6;6;5;2;16;20;-7.133205136659979;3;8;0;2;5;2;2;3;5;11;4;0;18;8;3;4;6;12;0;4;0;5;3;22;2.51626894641638;0;5;13;5;8;5;6;2;6;18;0;16;10;2;5;11;1;6;4;1;2;8;11;2;7;-3.7409647213981883;8;25;3;4;0;1;0;3;0;0;12;14;4;25;0;8;7;-2.149733877872348;1;0;6;3;17;6;5;11;1;0;5;9;0;10;25;6;18;4;5;0;6;4;24;5;3;8
TRACK:293;162;100;6;0;0;6;1;4;6;6;5;2;16;20;-6.913455721329562;6;5;0;1;4;15;1;9;18;6;6;16;0;2;5;2;2;3;5;11;4;0;18;20;-8.108135949877157;3;4;6;12;0;4;0;5;3;22;2.692354249647133;0;5;13;5;8;5;6;2;6;9;0;16;10;2;1;6;1;1;6;17;6;13;0;6;9;4;24;4;0;0;3;18;4;22;0.4247515237469365;5;1;23;-7.568289150442957;22;-9.471742300141347;1;6;4;1;2;8;11;2;7;-4.008938962789459;8;25;3;4;0;1;0;3;0;0;12;14;4;25;0;8;7;-2.1110307884206123;1;0;6;3;17;6;5;11;1;0;5;9;0;10;25;6;18;5;9
TRACK:294;163;163;6;0;0;6;1;4;6;6;5;2;16;20;-6.924949967378228;6;5;0;1;4;15;1;9;18;6;6;16;0;2;5;2;2;3;5;11;4;0;18;20;-8.135701083069105;3;4;6;12;0;4;0;5;3;22;2.6599751112749135;0;5;13;5;8;5;6;6;9;2;1;6;1;1;6;17;6;13;0;6;9;4;24;4;0;0;3;18;4;22;0.4463525870309487;5;1;23;-7.461192599319767;22;-9.404666260435956;1;6;4;1;2;8;11;2;7;-3.935189530796652;8;25;3;4;0;1;0;3;0;0;12;14;4;25;0;8;7;-2.1150759439134816;1;0;6;3;17;6;5;11;1;0;5;9;0;10;18;6;18;4;5;0;6;4;24;5;3;22;2.8494679047274483
TRACK:295;163;163;6;0;0;6;1;4;6;6;5;2;16;20;-6.924949967378228;6;5;0;1;4;15;1;9;18;6;6;16;0;2;5;2;2;3;5;11;4;0;18;20;-8.135701083069105;3;4;6;12;0;4;0;5;3;22;2.6599751112749135;0;5;13;5;8;5;6;2;6;9;0;16;10;2;1;6;1;1;6;17;6;13;0;6;9;4;24;4;0;0;3;18;4;22;0.4463525870309487;5;1;23;-7.461192599319767;22;-9.404666260435956;1;6;4;1;2;8;11;2;7;-3.935189530796652;8;25;3;4;0;1;0;3;0;0;8;14;4;25;0;8;7;-2.1150759439134816;1;0;6;3;17;6;5;11;1;0;5;9;0;10;18;6;18;4;5;0;6;4;24;5;3;22;2.8494679047274483
TRACK:296;143;100;6;0;0;6;1;4;6;6;5;2;16;20;-6.892668435068498;6;5;0;1;4;15;3;16;6;6;16;0;2;5;2;2;3;5;11;4;0;18;20;-8.0630947251259;3;4;6;12;0;4;0;5;3;22;2.588853594397547;0;5;13;4;15;5;6;2;6;9;0;16;10;2;1;6;1;1;6;17;6;13;25;4;0;0;3;18;4;22;0.38616512667031355;5;1;23;-7.454573677997786;22;-9.419678754032486;1;6;4;1;2;8;11;2;7;-3.9534114257821624;8;25;3;4;0;1;0;3;0;0;12;14;4;25;0;8;7;-2.1642125709337416;1;0;6;3;17;6;5;11;1;0;5;9;0;10;25;6;18;4;5;0;6;4;24;5;3;8
TRACK:297;143;100;6;0;0;6;1;4;6;6;5;2;16;20;-6.913455721329562;6;5;0;1;4;15;1;9;18;6;6;16;0;2;5;2;2;3;5;11;4;0;18;20;-8.108135949877157;3;4;6;12;0;4;0;5;3;22;2.692354249647133;0;5;13;5;8;5;6;2;6;9;0;16;10;2;1;6;1;1;6;17;6;13;0;6;9;4;24;4;0;0;3;18;4;22;0.4247515237469365;5;1;23;-7.568289150442957;22;-9.471742300141347;1;6;4;1;2;8;11;2;7;-4.008938962789459;8;25;3;4;0;1;0;3;0;0;12;14;4;25;0;8;7;-2.1110307884206123;1;0;6;3;17;6;5;11;1;0;5;9;0;10;25;6;18;4;5;0;6;4;24;5;3;8
TRACK:298;162;146;6;0;0;6;1;4;6;6;5;2;16;20;-7.133205136659979;3;8;0;2;5;2;2;3;5;11;4;0;18;20;-8.48787788418944;3;4;6;12;0;4;0;5;3;22;2.51626894641638;0;5;13;5;8;5;6;2;6;18;0;16;10;2;5;11;1;6;4;1;2;8;11;2;7;-3.7409647213981883;8;25;3;4;0;1;0;3;0;0;12;14;4;25;0;8;7;-2.149733877872348;1;0;6;3;17;6;5;11;1;0;5;9;0;10;25;6;18;24
TRACK:299;162;146;6;0;0;6;1;4;6;6;5;2;16;20;-6.769059579599625;6;5;0;1;4;9;1;9;18;6;6;16;0;2;5;2;2;3;5;11;4;0;18;20;-7.765011217881949;3;4;6;12;0;4;0;5;3;22;2.5689126357795886;0;5;13;5;8;5;6;2;6;9;0;16;10;2;1;6;1;1;6;17;6;13;0;6;9;4;24;4;0;0;3;18;4;22;0.5687100004412472;5;1;23;-7.5156224969508445;22;-9.465876712742855;1;6;4;18;25;3;4;0;7;-1.9839548210211035;4;5;0;6;4;24;5;3;8
TRACK:300;290;-1;6;0;0;6;1;4;6;6;5;2;16;20;-7.030207673700248;6;5;0;1;4;15;1;9;18;6;6;16;0;2;5;2;2;3;5;11;4;0;18;20;-8.039707848881985;3;18;6;5;7;9.293665829659782;2;1;6;1;1;6;8;6;13;0;6;9;4;24;4;0;0;3;18;4;22;0.4172774792232239;5;1;23;-7.482565380005848;22;-9.569860617616404;1;6;4;1;2;8;11;2;7;-3.8584977476029083;8;25;3;4;0;1;0;3;0;0;12;14;4;25;0;8;7;-1.9200436207997993;1;0;6;3;17;6;5;11;1;0;5;17;0;10;18;6;18;4;5;0;6;4;24;5;3;8
TRACK:301;292;-1;6;0;0;6;1;4;6;6;5;2;16;20;-7.109046515162654;3;8;0;2;5;2;2;3;5;11;4;0;18;8;3;4;6;12;0;4;0;5;3;22;2.424983570451265;0;5;13;5;8;5;6;2;6;18;0;16;10;2;5;11;1;5;5;2;1;14;14;6;16;25;3;4;0;1;0;3;0;0;12;14;4;25;0;8;7;-2.128735685904078;1;0;6;3;17;6;5;11;1;0;5;9;0;10;25;6;18;4;5;0;6;4;24;5;3;8
TRACK:302;294;-1;6;0;0;6;1;4;6;6;5;2;16;20;-6.845201573578422;6;5;0;1;4;15;1;9;18;6;6;16;0;2;5;2;2;3;5;11;4;0;18;20;-8.147465916358025;3;4;6;12;0;4;0;5;3;22;2.6520600963530025;0;5;13;5;8;5;6;6;9;2;1;6;1;1;6;17;6;13;0;6;9;4;24;4;0;0;3;18;4;22;0.5418028733348061;5;1;23;-7.519327992672055;22;-9.431850791193119;1;6;4;1;2;8;11;2;7;-3.943932168480648;8;25;3;4;0;1;0;3;0;0;12;14;5;11;0;8;7;-2.229434665000497;1;0;6;3;17;6;5;11;1;0;5;9;0;10;18;6;18;4;5;0;6;4;24;5;3;22;2.9528063925546837
TRACK:303;296;-1;6;0;0;6;1;4;6;6;5;2;16;20;-6.750991657136554;6;5;0;1;4;15;3;16;6;6;16;0;2;5;2;2;3;5;11;4;0;18;20;-8.027660467098256;3;4;6;12;0;4;0;5;3;22;2.5104063130457295;0;5;13;4;15;5;6;2;6;9;0;16;10;2;1;6;1;1;6;17;6;13;25;4;0;0;3;18;4;22;0.6472268306098194;5;1;23;-7.47433907706829;22;-9.462937471461657;1;6;4;1;2;8;11;2;7;-4.011709438673926;8;25;3;4;0;1;6;0;3;16;1;8;11;1;0;6;3;17;6;5;11;1;0;5;9;0;10;25;6;18;4;5;0;6;4;24;5;3;8
TRACK:304;298;-1;6;0;4;0;1;6;6;5;13;0;2;0;9;7;-5.379543489369194;4;23;-7.365511286181279;0;4;19;6;24;6;1;3;0;25;16;4;6;15;3;4;0;1;0;3;0;0;12;14;4;25;0;8;7;-2.260478738061491;1;0;6;3;17;6;5;11;1;0;5;9;0;10;25;6;18;24
TRACK:305;291;-1;6;0;0;6;1;4;6;6;5;2;16;20;-6.998131406087732;3;8;0;2;5;2;2;3;5;11;4;0;18;20;-8.222011829026261;3;4;6;12;0;4;0;5;3;22;2.6532559928134116;0;5;13;5;8;5;6;2;6;9;0;16;10;2;1;2;2;3;5;11;4;0;18;20;-8.164581658604087;3;4;6;12;6;6;5;7;9.33078551008468;1;6;4;1;2;8;11;2;20;-7.470855311141522;8;25;3;4;0;1;0;3;0;0;12;14;4;25;0;8;7;-2.3131617120586987;1;0;6;3;17;6;5;11;1;0;5;9;0;10;25;6;18;4;5;0;6;4;24;5;3;8
TRACK:306;293;-1;6;0;0;6;1;4;6;6;5;2;16;20;-6.945648244226317;6;5;0;1;4;15;1;9;18;6;6;16;0;2;5;2;2;3;5;11;4;0;18;20;-8.014039484615102;3;4;6;12;0;4;0;5;3;22;2.627163304743909;0;5;13;5;8;5;6;2;6;9;0;16;10;2;1;6;1;1;3;12;6;13;0;6;9;4;24;4;0;0;3;18;4;22;0.2663194795331694;5;1;23;-7.457493644522311;22;-9.3786076563893;1;6;4;1;2;8;11;2;7;-4.0585149680496135;8;25;3;4;0;1;0;3;0;0;12;14;4;25;0;8;7;-2.0643550358125617;1;0;6;3;17;6;5;11;1;0;5;9;0;10;25;6;18;5;9
TRACK:307;295;-1;6;0;0;6;1;4;6;6;5;2;16;20;-6.933239715423374;6;5;0;1;4;15;1;9;18;6;6;16;0;1;3;2;5;21;-7.8448006754008155;6;11;0;3;2;8;11;3;2;9;15;2;1;6;1;1;6;17;6;13;0;6;9;4;24;4;0;0;3;18;4;22;0.5148173372960714;5;1;23;-7.354809621104871;22;-9.511522481742423;1;6;4;1;2;8;11;2;7;-4.043662436014374;8;25;3;4;0;1;0;3;0;0;8;14;4;25;0;8;7;-1.9497795888531964;1;0;6;3;17;6;5;11;1;0;5;9;0;10;18;6;18;4;5;0;6;4;24;5;3;22;2.7319557421773757
TRACK:308;297;-1;6;0;0;6;1;4;6;6;5;2;16;20;-7.00525519797621;6;5;0;1;4;15;1;9;18;6;6;16;0;2;5;2;2;3;5;11;4;0;18;20;-8.047375002760822;3;4;6;12;0;4;0;5;3;22;2.733876222756308;1;17;7;-2.757187609081475;5;6;2;6;9;0;16;10;2;1;6;1;1;6;17;6;13;0;6;9;4;24;4;0;0;3;18;4;22;0.29137887081303293;5;1;23;-7.671545234305628;22;-9.390076116650643;1;6;4;1;2;8;11;2;7;-4.040059291735061;8;25;3;4;0;1;0;3;0;0;12;14;4;25;0;8;7;-2.0415040004747995;1;0;6;3;17;6;5;11;1;0;5;9;0;10;25;6;18;4;5;0;6;4;24;5;3;8
TRACK:309;299;-1;6;0;0;6;1;4;6;6;5;2;16;20;-6.76262660370758;6;5;0;1;4;9;1;9;18;6;6;16;0;2;5;2;2;3;5;11;4;0;18;20;-7.698335343160827;3;4;6;12;0;4;0;5;3;22;2.655945038481869;0;5;13;5;8;5;6;2;6;9;0;16;10;2;1;6;1;1;6;17;6;13;0;6;9;4;24;4;0;0;3;18;4;22;0.7009676890747513;5;1;23;-7.333936027151506;22;-9.515579773643934;1;6;4;18;25;3;4;0;7;-1.8960573925471216;4;5;0;6;6;21;-9.472410979961907;5;3;8
EVAL_INSTANCE:15:0:300
EVAL_INSTANCE:15:1:301
EVAL_INSTANCE:15:2:302
EVAL_INSTANCE:15:3:303
EVAL_INSTANCE:15:4:304
EVAL_INSTANCE:15:5:305
EVAL_INSTANCE:15:6:306
EVAL_INSTANCE:15:7:307
EVAL_INSTANCE:15:8:308
EVAL_INSTANCE:15:9:309
RUN_RESULT:15:0:0:2000:----
RUN_RESULT:15:1:0:2000:----
RUN_RESULT:15:2:0:2000:----
RUN_RESULT:15:3:0:17:DDDLL
RUN_RESULT:15:4:0:15:DDDLL
RUN_RESULT:15:5:0:60:DLDRDDLL
RUN_RESULT:15:6:0:5:DDDLL
RUN_RESULT:15:7:0:2000:----
RUN_RESULT:15:8:0:17:DDDLL
RUN_RESULT:15:9:0:5:DDDLL
    16 |      160 | -3.995000E+03 | -3.995000E+03
TRACK:310;162;140;6;0;0;6;1;4;6;6;5;2;16;20;-7.133205136659979;3;8;0;2;5;2;2;3;5;11;4;0;18;20;-8.48787788418944;3;4;6;12;0;4;0;5;3;22;2.51626894641638;0;5;13;5;8;5;6;2;6;18;0;16;10;2;5;11;1;6;4;1;9;2;7;-3.7409647213981883;8;25;3;4;0;1;0;3;0;0;12;14;4;25;0;8;7;-2.149733877872348;1;0;6;3;17;6;5;11;1;0;5;9;0;10;25;6;18;4;5;0;6;4;24;5;3;8
TRACK:311;162;140;6;0;0;6;1;4;6;6;5;2;16;20;-6.847479852964436;6;5;0;1;4;15;1;9;18;6;6;16;0;2;5;2;2;3;5;11;4;0;18;20;-8.236671846335065;3;4;6;12;0;4;5;8;5;6;2;6;9;0;16;10;2;1;1;0;6;3;17;6;5;11;1;0;5;9;0;10;25;6;6;15;4;0;0;3;18;4;22;0.39802480090157555;5;1;23;-7.515214438065535;22;-9.648684786893098;1;6;4;1;2;8;11;2;7;-3.958628964702158;18;25;3;4;0;1;0;3;0;0;12;14;4;25;0;8;7;-1.9617125308637433;1;0;6;3;17;6;5;11;1;0;5;9;0;10;25;6;18;4;5;0;6;4;24;5;3;8
TRACK:312;120;100;6;0;0;6;1;4;6;6;5;2;16;20;-6.926832238989957;0;5;3;22;2.692354249647133;0;5;13;5;8;0;2;5;2;2;3;5;11;4;0;18;20;-7.94173565609176;3;4;6;12;0;4;0;5;3;22;2.6919690486782764;0;5;13;5;8;5;6;2;6;9;0;16;10;2;1;6;1;1;6;17;6;13;0;6;9;4;24;4;0;0;3;18;4;22;0.40831185790281305;5;1;23;-7.572324657550623;22;-9.520678340891108;1;6;4;1;2;8;11;2;7;-3.995912611918657;8;25;3;4;0;1;0;3;0;0;12;14;4;25;0;8;7;-2.149059635771216;1;0;6;3;17;6;5;11;1;0;5;9;0;10;18;6;18;4;5;0;6;4;24;5;3;8
TRACK:313;120;100;6;0;0;6;1;4;6;6;5;2;16;20;-6.913455721329562;6;5;0;1;4;15;1;9;18;6;6;16;0;2;5;2;2;3;5;11;4;0;18;20;-8.108135949877157;3;4;6;12;0;4;20;-7.94173565609176;5;6;2;6;9;0;16;10;2;1;6;1;1;6;17;6;13;0;6;9;4;24;4;0;0;3;18;4;22;0.4247515237469365;5;1;23;-7.568289150442957;22;-9.471742300141347;1;6;4;1;2;8;11;2;7;-4.008938962789459;8;25;3;4;0;1;0;3;0;0;12;14;4;25;0;8;7;-2.1110307884206123;1;0;6;3;17;6;5;11;1;0;5;9;0;10;25;6;18;4;5;0;6;4;24;5;3;8
TRACK:314;143;100;6;0;0;6;1;4;6;6;5;2;16;20;-6.892668435068498;6;5;0;1;4;15;3;16;6;6;16;0;2;5;2;2;3;5;11;4;0;18;20;-8.0630947251259;3;4;6;12;0;4;0;5;3;22;2.588853594397547;0;5;13;5;8;5;6;2;6;9;0;16;10;2;1;6;1;1;6;17;6;13;25;4;0;0;3;18;4;22;0.38616512667031355;5;1;23;-7.454573677997786;22;-9.419678754032486;1;6;4;1;2;8;11;2;7;-3.9534114257821624;8;25;3;4;0;1;0;3;0;0;12;14;4;25;0;8;7;-2.1642125709337416;1;0;6;3;17;6;5;11;1;0;5;9;0;10;25;6;18;1;2;8;11;2;7;-4.008938962789459;8
TRACK:315;143;100;6;0;0;6;1;4;6;6;5;2;16;20;-6.913455721329562;6;5;0;1;4;15;1;9;18;6;6;16;0;2;5;2;2;3;5;11;4;0;18;20;-8.108135949877157;3;4;6;12;0;4;0;5;3;22;2.692354249647133;0;5;13;5;8;5;6;2;6;9;0;16;10;2;1;6;1;1;6;17;6;13;0;6;9;4;24;4;0;0;3;18;4;22;0.4247515237469365;5;1;23;-7.568289150442957;22;-9.471742300141347;1;6;4;1;2;8;11;2;7;-4.008938962789459;8;25;3;4;0;1;0;3;0;0;12;14;4;25;6;18;1;0;6;3;17;6;5;11;1;0;5;9;0;10;25;6;18;4;5;0;6;4;24;5;3;8
TRACK:316;140;120;6;0;0;6;1;4;6;6;5;2;16;20;-6.847479852964436;6;5;0;1;4;15;1;9;18;6;6;16;0;2;5;2;2;3;5;11;4;0;18;20;-8.236671846335065;3;4;18;0;4;0;5;3;22;2.5611150932066176;0;5;13;5;8;5;6;2;6;9;0;16;10;2;1;1;0;6;3;17;6;5;11;1;0;5;9;0;10;25;6;6;15;4;0;0;3;18;4;22;0.39802480090157555;5;1;23;-7.515214438065535;22;-9.648684786893098;1;6;4;1;2;8;11;2;7;-3.958628964702158;18;25;3;4;0;1;0;3;0;0;12;14;4;25;0;8;7;-1.9617125308637433;1;0;6;3;17;6;5;11;1;0;5;9;0;10;25;6;18;4;5;0;6;4;24;5;3;8
TRACK:317;140;120;6;0;0;6;1;4;6;6;5;2;16;20;-6.926832238989957;6;5;0;1;4;15;1;9;18;6;6;16;0;2;5;2;2;3;5;11;4;0;18;20;-7.94173565609176;3;4;6;12;0;4;0;5;3;22;2.6919690486782764;0;5;13;5;8;5;6;2;6;9;0;16;10;2;1;6;1;1;6;17;6;13;0;6;9;4;24;4;0;0;3;18;4;22;0.40831185790281305;5;1;23;-7.572324657550623;17;1;6;4;1;2;8;11;2;7;-3.995912611918657;8;25;3;4;0;1;0;3;0;0;12;14;4;25;0;8;7;-2.149059635771216;1;0;6;3;17;6;5;11;1;0;5;9;0;10;18;6;18;4;5;0;6;4;24;5;3;8
TRACK:318;163;160;6;0;0;6;1;4;6;6;5;2;16;20;-6.924949967378228;6;5;0;1;4;15;1;9;18;6;6;16;0;2;5;2;2;3;5;11;4;0;18;20;-8.135701083069105;3;4;6;12;0;4;0;5;3;22;2.6599751112749135;0;5;13;5;8;5;6;2;6;9;0;16;10;2;1;6;1;1;6;17;6;13;0;6;9;4;24;4;0;0;3;18;4;22;0.4463525870309487;5;1;23;-7.461192599319767;22;-9.404666260435956;1;6;4;1;2;8;11;2;7;-3.935189530796652;8;25;3;4;0;1;0;3;0;0;12;14;4;25;0;8;7;-2.1150759439134816;1;0;6;3;17;6;5;11;5;3;8;4;5;0;6;4;24;5;3;22;2.8494679047274483
TRACK:319;163;160;6;0;0;6;1;4;6;6;5;2;16;20;-6.913230095901255;6;5;0;1;4;15;3;16;6;6;16;0;2;5;2;2;3;5;11;4;0;18;20;-7.952764504492133;3;4;6;12;0;4;0;5;3;22;2.4954319949866814;0;5;13;5;8;5;6;2;6;9;0;16;10;2;4;15;1;6;4;1;2;8;11;2;7;-3.840498074468987;8;25;3;4;0;1;0;3;0;0;19;16;4;25;0;8;7;-2.1611830980767577;1;0;6;3;17;6;5;11;1;0;5;9;0;10;25;6;18;4;5;0;6;4;24;5;3;8
TRACK:320;310;-1;6;0;0;6;1;4;6;6;5;2;16;20;-6.982937180424937;3;8;0;2;5;2;2;3;5;11;4;0;18;20;-8.67096856352733;3;4;6;12;0;4;0;5;3;22;2.574040402052026;0;5;13;5;8;5;6;2;6;18;0;16;10;2;5;11;1;6;4;1;9;2;7;-3.7269682663205086;8;25;3;4;0;1;0;3;0;0;12;14;4;25;0;8;7;-2.1542125394279474;1;0;6;3;17;6;5;11;1;0;5;9;0;10;9;6;18;4;5;0;6;4;24;5;3;8
TRACK:321;312;-1;6;0;0;6;1;4;6;6;5;2;16;20;-7.032503861247167;0;5;3;22;2.7276131994634545;0;5;13;5;8;0;2;5;2;5;6;10;3;4;6;12;0;4;0;5;3;22;2.884721047021255;0;5;13;5;8;5;6;2;6;9;0;16;10;2;1;6;1;1;6;17;6;13;0;6;9;4;24;4;0;0;3;18;4;22;0.5072680824444542;5;1;23;-7.659323145232145;22;-9.380652664323296;1;6;4;1;2;8;11;2;7;-4.272413134953432;8;25;3;4;0;1;0;3;0;0;12;14;4;25;0;8;7;-2.075402980006211;1;0;6;3;17;6;5;11;1;0;5;9;0;10;18;6;18;4;5;0;6;4;24;5;3;8
TRACK:322;143;-1;6;0;0;6;1;4;6;6;5;2;16;20;-6.964438341928304;6;5;0;1;4;15;3;16;6;6;16;0;2;1;1;1;0;5;25;0;7;3.7361539671067305;13;4;6;19;2;3;0;24;18;2;3;25;2;12;14;2;2;2;0;22;-2.271180770062027;15;2;21;-1.7602899405399732;8;2;2;7;-2.8705882092954527;22;6.213121277673071;1;12;19;1;4;6;16;6;3;11;0;4;0;5;3;22;2.534373204484256;0;5;13;5;8;5;6;2;6;9;0;16;10;2;1;6;1;1;6;17;6;13;25;4;0;0;3;18;4;22;0.4368064969358032;5;1;23;-7.4584581304663145;22;-9.297069962968393;1;6;4;1;2;8;11;2;7;-3.9166029798097237;8;25;3;4;0;1;0;3;0;0;12;14;4;25;0;8;7;-2.1068223420234524;1;0;6;3;17;6;5;11;1;0;5;9;0;10;25;6;18;4;5;0;6;4;24;5;3;8
TRACK:323;316;-1;6;0;0;2;3;5;3;13;1;4;1;25;7;0.17095511416341758;3;0;13;11;0;2;5;2;2;3;5;11;4;0;18;20;-8.283223095058293;3;4;18;0;4;0;5;3;22;2.5953150745302893;0;5;13;5;8;5;6;2;6;9;0;16;10;2;1;1;0;6;3;17;6;5;11;1;0;5;9;0;10;25;6;6;15;4;0;0;3;18;4;22;0.41942156778746825;5;1;23;-7.628774288359915;22;-9.579762000407978;1;6;4;1;2;8;11;2;7;-3.8878987867504113;18;25;3;4;0;1;0;3;0;0;12;14;4;25;0;8;7;-2.0994970314086325;1;0;6;3;17;6;5;11;1;0;5;9;0;10;25;6;18;4;5;0;6;4;24;5;3;8
TRACK:324;318;-1;6;0;0;6;1;4;6;6;5;2;16;20;-6.9963619395758645;6;5;0;1;4;15;1;9;18;6;6;16;0;2;5;2;2;3;5;11;4;0;18;20;-8.166562107944065;3;4;6;12;0;4;0;6;14;0;25;20;-0.5912677165662394;5;6;2;6;9;0;16;10;2;1;6;1;1;6;17;6;13;0;6;9;4;24;4;0;0;3;18;4;22;0.36819616400312916;5;1;23;-7.442924128437207;22;-9.436261013019642;1;6;4;1;2;8;11;2;7;-3.654424607546194;8;25;3;4;0;1;0;3;0;0;12;14;4;25;0;8;7;-1.953629112755835;1;0;6;3;17;6;5;11;5;3;8;4;5;0;6;4;24;5;3;22;2.7292898942596486
TRACK:325;311;-1;6;0;0;6;1;4;6;6;5;2;16;20;-6.771055880003671;6;5;0;1;4;15;1;9;18;6;6;16;0;2;5;2;2;3;5;11;4;0;18;20;-8.216899829102113;3;4;6;12;0;4;5;8;5;6;2;6;9;0;16;10;2;1;1;0;6;3;17;6;5;11;1;0;5;9;0;10;25;6;6;15;4;0;0;3;18;4;22;0.34055006491555323;5;1;23;-7.6279608014008495;22;-9.618026175059654;1;6;4;1;2;8;11;2;7;-3.8330530871793336;18;25;3;4;0;1;0;3;0;0;12;14;4;25;0;8;7;-1.8818601016379264;1;0;6;3;17;6;5;14;1;0;5;9;0;10;25;6;18;4;5;0;6;4;24;5;3;8
TRACK:326;313;-1;6;0;0;6;1;4;6;6;5;2;16;20;-7.002855558847622;6;5;0;1;4;15;1;9;18;6;6;16;0;2;5;2;2;3;5;11;4;0;18;20;-7.960078822260789;3;4;6;12;0;4;20;-8.266153519267215;5;6;2;6;9;0;19;10;2;1;6;1;1;6;17;6;13;0;6;9;4;24;4;0;0;3;18;4;22;0.5268051290101582;5;1;23;-7.493508417801973;22;-9.351677839126555;1;6;4;1;2;8;11;2;7;-4.118090572330808;8;25;3;4;0;1;0;3;0;0;12;14;4;25;0;8;7;-2.1679649375334606;1;0;6;3;17;6;5;11;1;0;5;9;0;10;25;6;18;4;5;0;6;4;24;5;3;8
TRACK:327;100;-1;6;0;0;6;1;4;6;6;5;2;16;20;-7.096710516505944;6;5;0;1;4;15;1;9;18;6;6;16;0;2;5;2;2;3;5;11;4;0;18;20;-8.153177804136744;3;4;6;12;0;4;0;5;3;22;2.546737397812564;0;5;13;5;8;5;6;2;6;9;0;16;10;2;1;6;1;1;6;17;6;13;0;6;9;4;24;4;0;0;3;18;4;22;0.4713791008632375;5;1;23;-7.5078971213877095;22;-9.625384528536483;1;6;4;1;2;8;11;2;7;-4.026751287852982;8;25;3;4;0;1;0;3;0;0;12;14;4;25;0;8;7;-2.1036586798382872;1;0;6;3;17;6;10;1;0;5;9;0;10;25;6;18;4;5;0;6;4;24;5;3;8
TRACK:328;317;-1;6;0;0;6;1;4;6;6;5;2;16;20;-7.089447595936825;6;5;0;1;4;15;1;9;18;6;6;16;0;2;5;2;2;3;5;11;4;0;18;20;-8.180766847583628;3;4;6;12;0;4;0;5;3;22;2.8423922508381554;0;5;13;5;8;5;6;2;6;9;0;16;10;2;1;6;1;1;6;17;6;13;0;6;9;4;24;4;0;0;3;18;4;22;0.2805043949850861;5;1;23;-7.556975333361735;17;1;6;4;1;2;8;11;2;7;-3.9143956264609168;8;25;3;4;0;1;0;1;1;12;8;1;9;20;0.24448303294794194;0;8;7;-2.007386789027822;1;0;6;3;17;6;5;11;1;0;5;9;0;10;18;6;18;4;5;0;6;4;24;5;3;8
TRACK:329;319;-1;6;0;0;6;1;4;4;8;6;5;0;1;4;15;3;16;6;6;16;0;2;5;2;2;3;5;11;4;0;18;20;-7.905856488834968;3;4;6;12;0;4;0;5;3;22;2.487818825112602;0;5;13;5;8;5;6;2;6;9;0;16;10;2;4;15;1;6;4;1;2;8;11;2;7;-3.8863994138180025;8;25;3;4;0;1;0;3;0;0;19;16;4;25;0;8;7;-2.215404780568631;1;0;6;3;17;6;5;11;1;0;5;9;0;10;25;6;18;4;5;0;6;4;24;5;3;8
EVAL_INSTANCE:16:0:320
EVAL_INSTANCE:16:1:321
EVAL_INSTANCE:16:2:322
EVAL_INSTANCE:16:3:323
EVAL_INSTANCE:16:4:324
EVAL_INSTANCE:16:5:325
EVAL_INSTANCE:16:6:326
EVAL_INSTANCE:16:7:327
EVAL_INSTANCE:16:8:328
EVAL_INSTANCE:16:9:329
RUN_RESULT:16:0:0:5:DDDLL
RUN_RESULT:16:1:0:5:DDDLL
RUN_RESULT:16:2:0:2000:----
RUN_RESULT:16:3:0:5:DDDLL
RUN_RESULT:16:4:0:53:DDDULL
RUN_RESULT:16:5:0:2000:----
RUN_RESULT:16:6:0:51:DDDLL
RUN_RESULT:16:7:0:5:DDDLL
RUN_RESULT:16:8:0:5:DDDLL
RUN_RESULT:16:9:0:5:DDDLL
    17 |      170 | -3.995000E+03 | -3.995000E+03
TRACK:330;120;143;6;0;0;6;1;4;6;6;5;2;16;20;-6.926832238989957;6;5;0;1;4;15;1;9;18;6;6;16;0;2;5;2;2;3;5;11;4;0;18;20;-7.94173565609176;3;4;6;12;0;4;0;5;3;22;2.6919690486782764;0;5;13;5;8;5;6;2;6;9;0;16;10;2;1;6;1;1;6;17;6;13;0;6;9;4;24;4;0;0;3;18;4;22;0.40831185790281305;5;1;23;-7.572324657550623;22;-9.520678340891108;1;6;4;1;2;8;11;2;7;-3.995912611918657;8;25;3;4;0;1;0;3;0;0;12;14;4;25;0;8;7;-2.149059635771216;1;0;6;3;17;6;6;18;1;0;5;9;0;10;18;6;18;4;5;0;6;4;24;5;3;8
TRACK:331;120;143;6;0;0;6;1;4;6;6;5;2;16;20;-6.892668435068498;6;5;0;1;4;15;3;16;6;6;16;0;2;5;2;2;3;5;11;4;0;18;20;-8.0630947251259;3;4;6;12;0;4;0;5;3;22;2.588853594397547;0;5;13;5;8;5;6;2;6;9;0;16;10;2;1;6;1;1;6;17;6;13;25;4;0;0;3;18;4;22;0.38616512667031355;5;1;23;-7.454573677997786;22;-9.419678754032486;1;6;4;1;2;8;11;2;7;-3.9534114257821624;8;25;3;4;0;1;0;3;0;0;12;14;4;25;0;4;22;0.40831185790281305;7;-2.1642125709337416;1;0;6;3;17;6;5;11;1;0;5;9;0;10;25;6;18;4;5;0;6;4;24;5;3;8
TRACK:332;100;162;6;0;0;6;1;4;6;6;5;2;16;20;-6.913455721329562;6;5;0;1;4;15;1;9;18;6;6;16;0;2;5;2;2;3;5;11;4;0;18;20;-8.108135949877157;3;4;6;12;0;4;0;5;3;22;2.692354249647133;0;5;13;5;8;5;6;2;6;9;0;16;10;2;1;6;1;1;6;17;6;13;0;6;9;4;24;4;0;0;3;18;4;22;0.4247515237469365;5;1;23;-7.568289150442957;22;-9.471742300141347;1;6;4;1;2;8;11;2;7;-4.008938962789459;8;25;3;4;0;5;11;4;5;0;6;4;24;5;3;8
TRACK:333;100;162;6;0;0;6;1;0;4;0;5;3;22;2.692354249647133;0;5;13;5;8;5;6;2;6;9;0;16;10;3;8;0;2;5;2;2;3;5;11;4;0;18;20;-8.48787788418944;3;4;6;12;0;4;0;5;3;22;2.51626894641638;0;5;13;5;8;5;6;2;6;18;0;16;10;2;5;11;1;6;4;1;2;8;11;2;7;-3.7409647213981883;8;25;3;4;0;1;0;3;0;0;12;14;4;25;0;8;7;-2.149733877872348;1;0;6;3;17;6;5;11;1;0;5;9;0;10;25;6;18;4;5;0;6;4;24;5;3;8
TRACK:334;129;100;6;0;0;6;1;4;6;6;5;2;16;9;3;8;0;2;5;2;2;3;5;11;4;0;18;20;-8.29777011174305;3;4;6;12;0;4;0;5;3;22;2.708405174789726;0;5;13;5;8;5;6;2;6;9;0;16;10;2;1;6;1;1;6;17;6;13;0;6;9;4;24;6;6;5;7;9.221675513620188;1;6;4;1;2;8;11;2;7;-3.757116736274685;8;25;3;4;0;1;0;3;0;0;12;14;4;25;0;8;7;-2.20602819687777;1;0;6;3;17;6;5;11;1;0;5;9;0;10;25;6;18;4;5;0;6;4;24;5;3;8
TRACK:335;129;100;6;0;0;6;1;4;6;6;5;2;16;24;6;5;0;1;4;15;1;9;18;6;6;16;0;2;5;2;2;3;5;11;4;0;18;20;-8.108135949877157;3;4;6;12;0;4;0;5;3;22;2.692354249647133;0;5;13;5;8;5;6;2;6;9;0;16;10;2;1;6;1;1;6;17;6;13;0;6;9;4;24;4;0;0;3;18;4;22;0.4247515237469365;5;1;23;-7.568289150442957;22;-9.471742300141347;1;6;4;1;2;8;11;2;7;-4.008938962789459;8;25;3;4;0;1;0;3;0;0;12;14;4;25;0;8;7;-2.1110307884206123;1;0;6;3;17;6;5;11;1;0;5;9;0;10;25;6;18;4;5;0;6;4;24;5;3;8
TRACK:336;143;147;6;0;0;6;1;4;6;6;5;2;16;20;-6.892668435068498;6;5;0;1;4;15;3;16;6;6;16;0;2;5;2;2;3;5;11;4;0;18;20;-8.0630947251259;3;4;6;12;0;4;0;5;3;22;2.588853594397547;0;5;13;5;8;5;6;2;6;9;0;16;10;2;1;6;1;1;6;17;6;13;25;4;0;0;3;18;4;22;0.38616512667031355;5;1;23;-7.454573677997786;22;-9.419678754032486;1;6;4;1;2;8;11;2;7;-3.9534114257821624;8;25;3;4;0;1;0;3;6;12;0;8;7;-2.1642125709337416;1;0;6;3;17;6;5;11;1;0;5;9;0;10;25;6;18;4;5;0;6;4;24;5;3;8
TRACK:337;143;147;6;0;0;0;0;3;18;4;22;0.38616512667031355;5;1;23;-7.454573677997786;22;-9.419678754032486;0;2;5;2;2;3;5;11;4;0;18;20;-7.995481264482649;3;4;6;12;0;4;0;5;3;22;2.698910660431475;0;5;13;5;8;5;6;2;6;9;0;16;10;2;1;6;1;1;6;8;6;13;0;6;9;4;24;4;0;0;3;18;4;22;0.28348197588301366;5;1;23;-7.440662477537072;22;-9.61300399971852;1;6;4;1;2;8;11;2;7;-4.0930753366211805;8;25;3;4;0;1;0;3;0;0;12;14;4;25;0;8;7;-2.0623827909021886;1;0;6;3;17;6;5;11;1;0;5;17;0;10;18;6;18;4;5;0;6;4;24;5;3;8
TRACK:338;160;162;6;0;0;6;1;4;6;6;5;2;16;20;-6.913230095901255;6;5;0;1;4;15;3;16;6;6;16;0;2;5;2;2;3;5;11;4;0;18;20;-7.952764504492133;3;4;6;12;0;4;0;5;3;22;2.4954319949866814;0;5;13;5;8;5;6;2;6;9;0;16;10;2;1;20;-8.48787788418944;4;0;0;3;18;4;22;0.308803479601941;5;1;23;-7.281492523065521;22;-9.32949340332651;1;6;4;1;2;8;11;2;7;-3.840498074468987;8;25;3;4;0;1;0;3;0;0;19;16;4;25;0;8;7;-2.1611830980767577;1;0;6;3;17;6;5;11;1;0;5;9;0;10;25;6;18;4;5;0;6;4;24;5;3;8
TRACK:339;160;162;6;0;0;6;1;4;6;6;5;2;16;20;-7.133205136659979;7;-3.840498074468987;0;2;5;2;2;3;5;11;4;0;18;20;-8.48787788418944;3;4;6;12;0;4;0;5;3;22;2.51626894641638;0;5;13;5;8;5;6;2;6;18;0;16;10;2;5;11;1;6;4;1;2;8;11;2;7;-3.7409647213981883;8;25;3;4;0;1;0;3;0;0;12;14;4;25;0;8;7;-2.149733877872348;1;0;6;3;17;6;5;11;1;0;5;9;0;10;25;6;18;4;5;0;6;4;24;5;3;8
TRACK:340;330;-1;6;0;0;6;1;4;6;6;5;2;16;20;-6.806503843837658;6;5;0;1;4;15;1;9;21;-8.321663855221109;6;6;16;0;2;5;2;2;3;5;11;4;0;18;20;-7.859487544531166;3;4;6;12;0;4;0;5;3;22;2.7156330795731503;0;5;13;5;8;5;6;2;6;9;0;16;10;2;1;6;1;1;6;17;6;13;0;6;9;4;24;4;0;0;3;18;4;22;0.3979753359288738;5;1;23;-7.660691553260538;22;-9.552322226199188;1;6;4;1;2;8;11;2;7;-3.9684416423876763;8;25;3;4;0;1;0;3;0;0;12;14;4;25;0;8;7;-2.12501259646211;1;0;6;3;17;6;6;18;1;0;5;9;0;10;18;6;18;4;5;0;6;4;24;5;3;8
TRACK:341;332;-1;6;0;0;6;1;2;5;4;1;9;20;9.270025949450357;4;4;6;17;6;5;0;1;4;15;1;9;18;6;6;16;0;2;5;2;2;3;5;11;4;0;18;20;-8.291727805897462;3;4;6;12;0;4;0;5;3;22;2.7623669579753627;0;5;13;5;8;5;6;2;6;9;0;16;10;2;1;6;1;1;6;17;6;13;0;6;9;4;24;4;0;0;3;18;4;22;0.3768140076322959;5;1;23;-7.330775655011592;22;-9.569110848897115;1;6;4;1;2;8;11;2;7;-4.003128558753611;8;25;3;4;0;5;11;4;5;0;6;4;24;5;3;8
TRACK:342;334;-1;6;0;0;6;1;4;6;6;5;2;16;9;3;8;0;2;5;2;2;3;5;11;4;0;18;20;-8.289381181313585;3;3;2;16;10;0;4;0;5;3;22;2.6599102090274935;0;5;13;5;8;5;6;2;6;9;0;16;10;2;1;6;1;1;6;17;6;13;0;6;9;4;24;6;6;5;7;9.395056549790292;1;6;4;1;2;8;11;2;7;-3.665258581155165;8;25;3;4;0;1;0;3;0;0;12;14;4;25;0;8;7;-2.1423120811045155;1;0;6;3;17;6;5;11;1;0;5;9;0;10;25;6;18;4;5;0;6;4;24;5;3;8
TRACK:343;336;-1;6;0;0;6;1;4;6;6;5;2;16;20;-6.957380433789865;6;5;0;1;4;15;3;16;6;1;9;11;0;2;5;2;2;3;5;11;4;0;18;20;-8.096096017215297;3;4;6;12;0;4;0;5;3;22;2.7070287229087686;0;5;13;5;8;5;6;2;6;9;0;16;10;2;1;6;1;1;6;17;6;13;25;4;0;0;3;18;4;22;0.2746369086155193;5;1;23;-7.486231998525749;22;-9.274577023404916;1;6;4;1;2;8;11;2;7;-3.8494178029276607;8;25;3;4;0;1;0;3;6;12;0;8;7;-2.056168018571685;1;0;6;3;17;6;5;11;1;0;5;9;0;10;25;6;18;4;5;0;6;4;24;5;3;8
TRACK:344;338;-1;6;0;0;6;1;4;6;6;5;2;16;20;-6.920670384114685;6;5;0;1;4;15;3;16;6;6;16;0;2;5;2;2;3;5;11;4;0;18;20;-7.995853132682462;3;4;6;12;0;4;0;5;3;22;2.505311599700711;0;5;13;5;8;5;6;2;6;9;0;16;10;2;1;20;-8.391443342277016;4;0;0;3;18;4;22;0.32061575658990643;5;1;23;-7.325825300424;22;-9.410616167132016;1;6;4;3;2;15;22;9.116031479210417;25;3;4;0;1;0;3;0;0;19;16;4;25;0;8;7;-1.9735862948017338;1;0;6;3;17;6;5;11;1;0;5;9;0;10;25;6;18;4;5;0;6;4;24;5;3;8
TRACK:345;331;-1;6;0;0;6;1;4;6;6;5;2;16;20;-6.827754090142486;6;5;0;1;4;15;3;16;6;6;16;0;2;5;2;2;3;5;11;4;0;18;20;-8.089358915587715;3;4;6;12;0;4;0;5;3;22;2.5881676665630238;0;5;13;5;8;5;6;2;6;9;0;16;10;2;1;6;1;1;6;17;6;13;25;4;0;0;3;18;4;22;0.4063299249104789;5;1;23;-7.347429611809114;22;-9.381728194702033;1;6;4;1;2;8;11;2;9;8;25;3;4;0;1;0;3;0;0;12;14;4;25;0;4;22;0.47963866115163717;7;-2.1344232348235703;1;0;6;3;17;6;5;11;1;0;5;9;0;10;25;6;18;4;5;0;6;4;24;5;3;8
TRACK:346;333;-1;6;0;0;6;1;0;4;0;5;3;22;2.6201264484279085;0;5;13;5;8;5;6;2;6;9;0;16;10;3;8;0;2;5;2;2;3;5;11;4;0;18;20;-8.343482932574426;3;4;6;12;0;4;0;5;3;22;2.6024447297082225;0;5;13;5;8;5;6;2;6;18;0;16;10;2;5;11;1;6;4;1;2;8;11;2;7;-3.772803139222594;8;25;3;4;0;1;0;3;0;0;24;14;4;25;0;8;7;-2.228724551053002;1;0;6;3;17;6;5;11;1;0;5;9;0;10;25;6;18;4;5;0;6;4;24;5;3;8
TRACK:347;335;-1;6;0;0;6;1;4;6;6;5;2;16;24;6;5;0;1;4;15;1;9;18;6;6;16;0;2;5;2;2;3;5;11;4;0;18;20;-8.102857490843837;3;4;6;12;0;4;0;5;3;22;2.5316131706871454;0;5;13;5;8;5;6;2;6;9;0;16;10;2;1;6;1;1;6;17;6;13;0;6;9;4;24;4;0;0;3;18;4;22;0.31412712067806764;5;1;23;-7.785338126911407;22;-9.48432915746216;1;6;4;1;2;8;11;2;7;-3.9687563367046765;8;25;3;4;0;1;0;3;0;0;12;14;4;25;0;8;5;21;6.7958559536717225;1;0;6;3;17;6;5;11;1;0;5;9;0;10;25;6;18;4;5;0;6;4;24;5;3;8
TRACK:348;337;-1;6;0;0;0;0;3;18;4;22;0.4294575331593334;5;1;23;-7.406836036010335;22;-9.427288676817449;0;2;5;2;2;3;5;11;4;0;18;20;-7.845958943328004;3;4;6;12;2;18;8;2;1;6;1;1;6;8;6;13;0;6;9;4;24;4;0;0;3;18;4;22;0.4908291574015679;5;1;23;-7.372227838581132;22;-9.604665442441707;1;6;4;1;2;8;11;2;7;-4.2312367961853505;8;25;3;4;0;1;0;3;0;0;12;14;4;25;0;8;7;-2.035535264565498;1;0;6;3;17;6;5;11;1;0;5;17;0;10;18;6;18;4;5;0;6;4;24;5;3;8
TRACK:349;339;-1;6;0;1;1;4;1;6;5;14;1;2;21;3.636719040841136;23;3.238717752039058;1;15;17;6;6;5;3;18;5;2;5;0;1;9;21;2.0898454961061645;0;14;20;-5.363218387095053;0;5;2;15;17;1;1;22;-8.283006420366535;14;2;19;17;3;4;0;1;0;3;0;0;12;14;4;25;0;8;7;-2.0512425802645273;1;0;6;3;17;6;5;11;1;0;5;9;0;10;25;6;18;4;5;0;6;4;24;5;3;8
EVAL_INSTANCE:17:0:340
EVAL_INSTANCE:17:1:341
EVAL_INSTANCE:17:2:342
EVAL_INSTANCE:17:3:343
EVAL_INSTANCE:17:4:344
EVAL_INSTANCE:17:5:345
EVAL_INSTANCE:17:6:346
EVAL_INSTANCE:17:7:347
EVAL_INSTANCE:17:8:348
EVAL_INSTANCE:17:9:349
RUN_RESULT:17:0:0:5:DDDLL
RUN_RESULT:17:1:0:5:DDDLL
RUN_RESULT:17:2:0:5:DDDLL
RUN_RESULT:17:3:0:5:DDDLL
RUN_RESULT:17:4:0:2000:----
RUN_RESULT:17:5:0:5:DDDLL
RUN_RESULT:17:6:0:5:DDDLL
RUN_RESULT:17:7:0:5:DDDLL
RUN_RESULT:17:8:0:33:DDDRUUULLL
RUN_RESULT:17:9:0:110:DDDLL
    18 |      180 | -3.995000E+03 | -3.995000E+03
TRACK:350;160;140;6;0;0;6;1;4;6;6;5;2;16;20;-6.913230095901255;6;5;0;1;4;15;3;16;6;6;16;0;2;5;2;2;3;5;11;4;0;18;20;-7.952764504492133;3;4;6;12;0;4;0;5;3;22;2.4954319949866814;0;5;13;5;8;5;6;2;6;9;0;16;10;2;1;6;1;1;6;17;6;13;25;4;0;0;3;18;4;22;0.308803479601941;5;1;23;-7.281492523065521;22;-9.32949340332651;1;6;4;1;2;8;11;2;7;-3.840498074468987;8;25;3;4;0;1;0;3;0;0;19;16;4;25;0;8;7;-2.1611830980767577;1;0;6;3;17;6;5;11;1;0;5;20;-6.847479852964436;0;10;25;6;18;4;5;0;6;4;24;5;3;8
TRACK:351;160;140;6;0;0;6;1;4;6;6;5;2;16;20;-6.847479852964436;6;5;0;1;4;15;1;9;18;6;6;16;0;2;5;2;2;3;5;11;4;0;18;20;-8.236671846335065;3;4;6;12;0;4;0;5;3;22;2.5611150932066176;0;5;13;5;8;5;6;2;6;9;0;16;10;2;1;1;0;6;3;17;6;5;11;1;0;5;9;0;10;25;6;6;15;4;0;0;3;18;4;22;0.39802480090157555;5;1;23;-7.515214438065535;22;-9.648684786893098;1;6;4;1;2;8;11;2;7;-3.958628964702158;18;25;3;4;0;1;0;3;0;0;12;14;4;25;0;8;7;-1.9617125308637433;1;0;22;2.4954319949866814;6;5;11;1;0;5;9;0;10;25;6;18;4;5;0;6;4;24;5;3;8
TRACK:352;143;100;6;0;0;6;1;4;6;6;5;2;16;20;-6.892668435068498;6;5;0;1;4;15;3;16;6;6;16;0;2;5;2;2;3;5;11;4;0;18;20;-8.0630947251259;3;4;6;12;0;4;0;5;3;22;2.588853594397547;0;5;13;5;8;5;6;2;6;9;3;8;2;1;6;1;1;6;17;6;13;25;4;0;0;3;18;4;22;0.38616512667031355;5;1;23;-7.454573677997786;22;-9.419678754032486;1;6;4;1;2;8;11;2;7;-3.9534114257821624;8;25;3;4;0;1;0;3;0;0;12;14;4;25;0;8;7;-2.1642125709337416;1;0;6;3;17;6;5;11;1;0;5;9;0;10;25;6;18;4;5;0;6;4;24;5;3;8
TRACK:353;143;100;6;0;0;6;1;4;6;6;5;2;16;20;-6.913455721329562;6;5;0;1;4;15;1;9;18;6;6;16;0;2;5;2;2;3;5;11;4;0;18;20;-8.108135949877157;3;4;6;12;0;4;0;5;3;22;2.692354249647133;0;5;13;5;8;5;6;2;6;9;0;16;10;2;5;1;23;-7.454573677997786;22;-9.419678754032486;1;6;4;1;2;8;11;2;7;-4.008938962789459;8;25;3;4;0;1;0;3;0;0;12;14;4;25;0;8;7;-2.1110307884206123;1;0;6;3;17;6;5;11;1;0;5;9;0;10;25;6;18;4;5;0;6;4;24;5;3;8
TRACK:354;147;163;6;0;0;6;1;4;6;6;5;2;16;20;-6.899140643663201;6;5;0;1;4;15;1;9;18;6;6;16;0;2;5;2;2;3;5;11;4;0;18;20;-7.995481264482649;3;4;6;12;0;4;0;5;3;22;2.698910660431475;0;5;13;5;8;5;6;2;6;9;0;16;10;2;1;6;1;1;6;8;6;13;0;6;9;4;24;4;0;0;3;18;4;22;0.28348197588301366;5;1;23;-7.440662477537072;22;-9.61300399971852;1;16;25;3;4;0;1;0;3;0;0;12;14;4;25;0;8;7;-2.0623827909021886;1;0;6;3;17;6;5;11;1;0;5;17;0;10;18;6;18;4;5;0;6;4;24;5;3;8
TRACK:355;147;163;6;0;0;6;1;4;6;6;5;2;16;20;-6.924949967378228;6;5;0;1;4;15;1;9;18;6;6;16;0;2;5;2;2;3;5;11;4;0;18;20;-8.135701083069105;3;4;6;12;0;4;0;5;3;22;2.6599751112749135;0;5;13;5;8;5;6;2;6;9;0;16;10;2;1;6;1;1;6;17;6;13;0;6;9;4;24;4;0;0;3;18;4;22;0.4463525870309487;5;1;23;-7.461192599319767;22;-9.404666260435956;1;6;4;1;2;16;11;2;7;-3.935189530796652;8;25;3;4;0;1;0;3;0;0;12;14;4;25;0;8;7;-2.1150759439134816;1;0;6;3;17;6;5;11;1;0;5;9;0;10;18;6;18;4;5;0;6;4;24;5;3;22;2.8494679047274483
TRACK:356;162;120;6;0;0;6;1;4;6;6;5;2;16;20;-7.133205136659979;3;8;0;2;5;2;2;3;5;11;4;0;18;20;-8.48787788418944;3;4;6;12;0;4;0;5;3;22;2.51626894641638;0;5;13;5;8;5;6;2;6;18;0;16;10;2;5;11;1;6;4;1;2;8;11;2;7;-3.7409647213981883;8;25;3;4;0;1;6;2;6;9;0;16;10;1;0;6;3;17;6;5;11;1;0;5;9;0;10;25;6;18;4;5;0;6;4;24;5;3;8
TRACK:357;162;120;6;0;0;6;1;4;6;6;5;2;16;20;-6.926832238989957;6;5;0;1;4;15;1;9;18;6;6;16;0;2;5;2;2;3;5;13;4;0;18;20;-7.94173565609176;3;4;6;12;0;4;0;5;3;22;2.6919690486782764;0;5;13;5;8;5;6;2;6;9;0;16;10;2;1;6;1;1;6;17;6;13;0;6;9;4;24;4;0;0;3;18;4;22;0.40831185790281305;5;1;23;-7.572324657550623;22;-9.520678340891108;1;6;4;1;2;8;11;2;7;-3.995912611918657;8;25;3;4;0;1;0;3;0;0;12;14;4;25;0;8;7;-2.149059635771216;1;0;6;3;17;6;5;11;1;0;5;9;0;10;18;6;18;4;5;0;6;4;24;5;3;8
TRACK:358;100;129;6;0;0;6;1;4;6;6;5;2;16;20;-6.913455721329562;6;5;0;1;4;15;1;9;18;6;6;16;0;2;5;2;2;3;5;11;4;11;3;4;6;12;0;4;0;5;3;22;2.692354249647133;0;5;13;5;8;5;6;2;6;9;0;16;10;2;1;6;1;1;6;17;6;13;0;6;9;4;24;4;0;0;3;18;4;22;0.4247515237469365;5;1;23;-7.568289150442957;22;-9.471742300141347;1;6;4;1;2;8;11;2;7;-4.008938962789459;8;25;3;4;0;1;0;3;0;0;12;14;4;25;0;8;7;-2.1110307884206123;1;0;6;3;17;6;5;11;1;0;5;9;0;10;25;6;18;4;5;0;6;4;24;5;3;8
TRACK:359;100;129;6;0;0;6;1;4;6;6;5;2;16;20;-7.028620964539983;3;8;0;2;5;2;2;3;5;11;4;0;18;20;-8.29777011174305;3;4;6;12;0;4;0;5;3;22;-9.471742300141347;0;5;13;5;8;5;6;2;6;9;0;16;10;2;1;6;1;1;6;17;6;13;0;6;9;4;24;6;6;5;7;9.221675513620188;1;6;4;1;2;8;11;2;7;-3.757116736274685;8;25;3;4;0;1;0;3;0;0;12;14;4;25;0;8;7;-2.20602819687777;1;0;6;3;17;6;5;11;1;0;5;9;0;10;25;6;18;4;5;0;6;4;24;5;3;8
TRACK:360;350;-1;6;0;0;6;1;4;6;6;5;2;16;20;-7.002977706028755;6;5;0;1;4;15;3;16;6;6;16;0;2;5;2;2;3;5;11;4;0;18;20;-7.987328742865517;3;4;6;12;0;4;0;5;3;22;2.5527576576273088;0;5;13;5;8;5;6;2;6;9;0;16;10;2;1;6;1;1;6;17;6;13;25;4;0;0;3;18;4;22;0.205058813946087;5;1;23;-7.2384640308754955;22;-9.24571243897062;1;6;4;1;2;8;11;2;7;-3.8502414703846157;8;25;3;4;0;1;0;3;0;0;19;16;4;25;0;8;7;-2.2330715120286135;1;0;6;3;17;6;5;11;1;0;5;20;-6.895402629217599;0;10;25;6;18;4;5;0;6;4;24;5;3;8
TRACK:361;352;-1;6;0;6;6;10;3;4;0;1;0;3;0;0;12;14;4;25;0;8;7;-2.1590857988862804;1;0;6;3;17;6;5;11;1;0;5;9;0;10;25;6;18;4;5;0;6;4;24;5;3;8
TRACK:362;354;-1;6;0;0;6;1;4;6;6;5;2;16;20;-6.675918487786416;6;5;0;1;4;15;1;9;18;6;6;16;0;2;5;2;2;3;5;11;4;0;18;20;-8.009847012533173;3;4;6;12;0;4;0;5;3;22;2.556642174766666;0;5;13;5;8;5;6;2;6;9;0;16;10;2;1;6;1;1;1;21;-9.278770906471053;12;2;14;15;0;6;9;4;24;4;0;0;3;18;4;22;0.2980201614487495;5;1;23;-7.2945467872127745;22;-9.484164339357621;1;16;25;3;4;0;1;0;3;0;0;12;14;4;25;0;8;7;-2.0764448282949814;1;0;6;3;17;6;5;11;1;0;5;17;0;10;18;6;18;4;5;0;6;4;24;5;3;8
TRACK:363;356;-1;6;0;0;6;1;4;6;6;5;2;16;20;-7.185673364853083;3;8;0;2;5;2;2;3;5;11;4;0;18;22;7.562688839204299;3;4;6;12;0;4;0;5;3;22;2.465063734983621;0;5;13;5;8;5;6;2;6;18;0;16;10;2;5;11;1;6;4;1;2;8;11;2;7;-3.676862523987452;8;25;3;4;0;1;6;2;6;9;0;16;10;1;0;6;3;17;6;5;11;1;0;5;9;0;10;25;6;18;4;5;0;6;4;24;5;3;8
TRACK:364;358;-1;6;0;0;6;6;3;6;2;9;11;0;2;5;2;2;3;5;11;4;11;3;4;6;12;0;4;0;5;3;22;2.5792098965421126;0;5;13;5;8;5;6;2;6;9;0;16;10;2;1;6;1;1;6;17;6;13;0;6;9;4;24;4;0;0;3;18;4;22;0.58897911709317;5;1;23;-7.7130659084558335;22;-9.3029624046722;1;6;4;1;2;8;11;2;7;-3.9706084462384075;8;25;3;4;0;1;0;3;0;0;12;14;4;25;0;8;7;-1.9701842251519963;1;0;6;3;17;6;5;11;1;0;5;9;0;10;25;6;18;4;5;0;6;4;24;5;3;8
TRACK:365;351;-1;6;0;0;6;1;4;6;6;5;2;16;20;-6.804423835004465;6;5;0;1;4;15;1;9;18;6;6;16;0;2;5;2;2;3;5;11;4;0;18;20;-8.203401879311091;3;4;6;12;0;4;0;5;3;22;2.6699271995927054;0;5;13;5;8;5;6;2;6;9;0;16;10;2;1;1;0;6;3;17;6;5;11;1;0;5;9;0;10;25;6;6;15;4;0;2;20;4.734266896358827;23;-4.241938792088491;5;1;23;-7.49814815583551;22;-9.564694032311385;1;6;4;1;2;8;11;2;7;-3.935301799407845;18;25;3;4;0;1;0;3;0;0;12;14;4;25;0;8;7;-1.8948423249541955;1;0;22;2.4891438997160185;6;5;11;1;0;5;9;0;10;25;6;18;4;5;0;6;4;24;5;3;8
TRACK:366;353;-1;6;0;0;6;1;4;6;6;5;2;16;20;-6.783800924951666;6;5;0;1;4;15;1;9;18;6;6;16;0;2;5;6;20;4.682908149925186;0;4;0;5;3;22;2.748321690216654;0;5;13;5;8;5;6;2;6;9;0;16;10;2;5;1;23;-7.582730891378152;22;-9.36085342260877;1;6;4;1;2;8;11;2;7;-3.929364225593161;8;25;3;4;0;1;0;3;0;0;12;14;4;25;0;8;7;-2.0740587259039596;1;0;6;3;17;6;5;11;1;0;5;9;0;10;25;6;18;4;5;0;6;4;24;5;3;8
TRACK:367;355;-1;6;0;0;6;1;4;6;6;5;2;16;20;-6.9377804060304875;6;5;0;1;4;15;1;9;18;6;6;16;0;2;5;2;2;3;5;11;4;0;18;20;-8.169701454182903;3;4;6;12;0;4;0;5;3;22;2.697679318106928;0;5;13;5;8;5;6;2;6;9;0;16;10;2;1;6;1;1;6;17;6;13;0;6;9;4;24;4;0;0;3;18;4;22;0.37613483531022374;5;1;23;-7.504199982328442;22;-9.475172768431877;1;6;4;1;2;16;11;2;7;-3.938152407904713;8;25;3;4;0;1;0;3;0;0;12;14;4;25;0;8;7;-2.0945256555416107;1;0;6;3;17;6;5;11;1;0;5;9;0;10;18;6;18;4;4;3;3;2;15;13
TRACK:368;357;-1;6;0;0;6;1;4;6;6;5;2;16;20;-7.12886149961808;6;5;0;1;4;15;1;9;18;6;6;16;0;2;5;2;2;3;5;13;4;0;18;20;-7.936172756109528;3;4;6;12;0;4;0;5;3;22;2.5305983661133395;0;5;13;5;8;5;6;2;6;9;0;16;10;2;1;6;1;1;6;17;6;13;0;6;9;4;24;4;0;0;3;18;4;22;0.4796595584989848;5;1;23;-7.775866350820587;22;-9.652588473290036;1;6;4;1;2;8;11;2;7;-4.042790349152174;8;25;3;4;0;1;0;3;0;0;12;14;4;25;0;8;7;-2.312971036110066;1;0;6;3;17;6;5;11;3;2;3;9;1;10;14;4;5;0;6;4;24;5;3;8
TRACK:369;359;-1;6;0;0;6;1;4;6;6;5;2;16;20;-7.174172369310245;3;8;0;2;5;2;2;3;5;11;4;0;18;20;-8.273523533441585;3;4;6;12;0;4;0;5;3;22;-9.478922661706179;0;5;13;5;8;5;6;2;6;9;0;16;10;2;1;6;1;1;6;17;6;13;0;6;9;4;24;6;6;5;7;9.108754933614698;1;6;4;1;2;8;11;2;7;-3.960215994033082;8;25;3;4;0;1;0;3;0;0;12;14;4;25;0;8;7;-2.440674329279391;1;0;6;3;17;6;5;11;1;0;5;9;0;10;25;6;18;4;5;0;6;4;24;5;3;8
EVAL_INSTANCE:18:0:360
EVAL_INSTANCE:18:1:361
EVAL_INSTANCE:18:2:362
EVAL_INSTANCE:18:3:363
EVAL_INSTANCE:18:4:364
EVAL_INSTANCE:18:5:365
EVAL_INSTANCE:18:6:366
EVAL_INSTANCE:18:7:367
EVAL_INSTANCE:18:8:368
EVAL_INSTANCE:18:9:369
RUN_RESULT:18:0:0:5:DDDLL
RUN_RESULT:18:1:0:1136:RDLRDLRDLUUULDDDLLLL
RUN_RESULT:18:2:0:5:DDDLL
RUN_RESULT:18:3:0:2000:----
RUN_RESULT:18:4:0:5:DDDLL
RUN_RESULT:18:5:0:5:DDDLL
RUN_RESULT:18:6:0:2000:----
RUN_RESULT:18:7:0:5:DDDLL
RUN_RESULT:18:8:0:5:DDDLL
RUN_RESULT:18:9:0:5:DDDLL
    19 |      190 | -3.995000E+03 | -3.995000E+03
TRACK:370;163;120;6;0;0;6;1;4;6;6;5;2;16;20;-6.924949967378228;6;5;0;1;4;15;1;9;18;6;6;16;0;2;5;2;2;3;5;11;4;0;18;20;-8.135701083069105;3;4;6;12;0;4;0;5;3;22;2.6599751112749135;0;5;13;5;8;5;6;2;6;9;0;16;10;2;1;6;1;1;6;15;6;13;0;6;9;4;24;4;0;0;3;18;4;22;0.4463525870309487;5;1;23;-7.461192599319767;22;-9.404666260435956;1;6;4;1;2;8;11;2;7;-3.935189530796652;8;25;3;4;0;1;0;3;0;0;12;14;4;25;0;8;7;-2.1150759439134816;1;0;6;3;17;6;5;11;1;0;5;9;0;10;18;6;18;4;5;0;6;4;24;5;3;22;2.8494679047274483
TRACK:371;163;120;6;0;0;6;1;4;6;6;5;2;16;20;-6.926832238989957;6;5;0;1;4;15;1;9;18;6;6;16;0;2;5;2;2;3;5;11;4;0;18;20;-7.94173565609176;3;4;6;12;0;4;0;5;3;22;2.6919690486782764;0;5;13;5;8;5;6;2;6;9;0;16;10;1;6;4;1;2;8;11;2;7;-3.935189530796652;8;25;3;4;0;1;0;3;0;0;12;14;4;25;0;8;7;-2.149059635771216;1;0;6;3;17;6;5;11;1;0;5;9;0;10;18;6;18;4;5;0;6;4;24;5;3;8
TRACK:372;146;143;6;0;0;6;1;4;6;6;5;2;16;20;-6.769059579599625;6;5;0;5;3;22;2.588853594397547;6;6;16;0;2;5;2;2;3;5;11;4;0;18;20;-7.765011217881949;3;4;6;12;0;4;0;5;3;22;2.5689126357795886;0;5;13;5;8;5;6;2;6;9;0;16;10;2;1;6;1;1;6;17;6;13;0;6;9;4;24;4;0;0;3;18;4;22;0.5687100004412472;5;1;23;-7.5156224969508445;22;-9.465876712742855;1;6;4;1;2;8;11;2;7;-4.0182377129793485;8;25;3;4;0;7;-1.9839548210211035;4;5;0;6;4;24;5;3;8
TRACK:373;146;143;6;0;0;6;1;4;6;6;5;2;16;20;-6.892668435068498;6;5;0;1;4;15;3;16;6;6;16;0;2;5;2;2;3;5;11;4;0;18;20;-8.0630947251259;3;4;6;12;0;4;0;5;3;22;2.588853594397547;0;5;13;5;8;5;6;2;6;9;0;16;10;2;1;6;1;1;6;17;6;13;17;4;0;0;3;18;4;22;0.38616512667031355;5;1;23;-7.454573677997786;22;-9.419678754032486;1;6;4;1;2;8;11;2;7;-3.9534114257821624;8;25;3;4;0;1;0;3;0;0;12;14;4;25;0;8;7;-2.1642125709337416;1;0;6;3;17;6;5;11;1;0;5;9;0;10;25;6;18;4;5;0;6;4;24;5;3;8
TRACK:374;162;146;6;0;0;6;1;4;6;6;5;2;16;20;-7.133205136659979;3;8;0;2;5;2;2;3;5;11;4;1;9;18;3;4;6;12;0;4;0;5;3;22;2.51626894641638;0;5;13;5;8;5;6;2;6;18;0;16;10;2;5;11;1;6;4;1;2;8;11;2;7;-3.7409647213981883;8;25;3;4;0;1;0;3;0;0;12;14;4;25;0;8;7;-2.149733877872348;1;0;6;3;17;6;5;11;1;0;5;9;0;10;25;6;18;4;5;0;6;4;24;5;3;8
TRACK:375;162;146;6;0;0;6;1;4;6;6;5;2;16;20;-6.769059579599625;6;5;0;1;4;9;1;9;18;6;6;16;0;2;5;2;2;3;5;11;4;0;18;20;-7.765011217881949;3;4;6;12;0;5;3;22;2.51626894641638;5;6;2;6;9;0;16;10;2;1;6;1;1;6;17;6;13;0;6;9;4;24;4;0;0;3;18;4;22;0.5687100004412472;5;1;23;-7.5156224969508445;22;-9.465876712742855;1;6;4;1;2;8;11;2;7;-4.0182377129793485;8;25;3;4;0;7;-1.9839548210211035;4;5;0;6;4;24;5;3;8
TRACK:376;140;129;6;0;0;6;1;4;6;6;5;2;16;20;-6.847479852964436;6;5;0;1;4;15;1;9;18;8;0;2;5;2;2;3;5;11;4;0;18;20;-8.236671846335065;3;4;6;12;0;4;0;5;3;22;2.5611150932066176;0;5;13;5;8;5;6;2;6;9;0;16;10;2;1;1;0;6;3;17;6;5;11;1;0;5;9;0;10;25;6;6;15;4;0;0;3;18;4;22;0.39802480090157555;5;1;23;-7.515214438065535;22;-9.648684786893098;1;6;4;1;2;8;11;2;7;-3.958628964702158;18;25;3;4;0;1;0;3;0;0;12;14;4;25;0;8;7;-1.9617125308637433;1;0;6;3;17;6;5;11;1;0;5;9;0;10;25;6;18;4;5;0;6;4;24;5;3;8
TRACK:377;140;129;6;0;0;6;1;4;6;6;5;2;16;20;-7.028620964539983;3;8;0;2;5;2;2;3;5;11;4;0;18;20;-8.29777011174305;3;4;6;12;0;4;0;5;3;22;2.708405174789726;0;5;13;5;8;5;6;2;6;9;0;16;10;2;1;6;1;1;6;17;0;16;10;0;6;9;4;24;6;6;5;7;9.221675513620188;1;6;4;1;2;8;11;2;7;-3.757116736274685;8;25;3;4;0;1;0;3;0;0;12;14;4;25;0;8;7;-2.20602819687777;1;0;6;3;17;6;5;11;1;0;5;9;0;10;25;6;18;4;5;0;6;4;24;5;3;8
TRACK:378;160;147;6;0;0;6;1;4;6;6;5;2;16;20;-6.913230095901255;6;5;0;1;4;15;3;16;6;6;16;0;2;5;2;2;3;5;11;4;0;24;20;-7.952764504492133;3;4;6;12;0;4;0;5;3;22;2.4954319949866814;0;5;13;5;8;5;6;2;6;9;0;16;10;2;1;6;1;1;6;17;6;13;25;4;0;0;3;18;4;22;0.308803479601941;5;1;23;-7.281492523065521;22;-9.32949340332651;1;6;4;1;2;8;11;2;7;-3.840498074468987;8;25;3;4;0;1;0;3;0;0;19;16;4;25;0;8;7;-2.1611830980767577;1;0;6;3;17;6;5;11;1;0;5;9;0;10;25;6;18;4;5;0;6;4;24;5;3;8
TRACK:379;160;147;6;0;0;6;1;4;6;6;5;2;16;20;-6.899140643663201;6;5;0;1;4;15;1;9;18;6;6;16;0;2;5;2;2;3;5;11;4;8;3;4;6;12;0;4;0;5;3;22;2.698910660431475;0;5;13;5;8;5;6;2;6;9;0;16;10;2;1;6;1;1;6;8;6;13;0;6;9;4;24;4;0;0;3;18;4;22;0.28348197588301366;5;1;23;-7.440662477537072;22;-9.61300399971852;1;6;4;1;2;8;11;2;7;-4.0930753366211805;8;25;3;4;0;1;0;3;0;0;12;14;4;25;0;8;7;-2.0623827909021886;1;0;6;3;17;6;5;11;1;0;5;17;0;10;18;6;18;4;5;0;6;4;24;5;3;8
TRACK:380;370;-1;6;0;0;6;1;4;6;6;5;2;16;20;-6.9390159440071715;6;5;0;1;4;15;1;25;18;6;6;16;0;2;5;2;2;3;5;11;4;0;18;20;-8.064011409075635;3;4;6;12;0;4;0;5;3;22;2.7058053717684927;0;5;13;5;8;5;6;2;6;9;0;16;10;2;1;6;1;1;6;15;6;13;0;6;9;4;24;4;0;0;3;18;4;22;0.2885364113597484;5;1;23;-7.489804285167612;22;-9.356059937214269;1;6;4;1;2;8;11;2;7;-3.981672755985042;8;25;3;4;0;1;0;3;0;0;12;14;4;25;0;8;7;-1.9975555910467495;1;0;6;3;17;6;5;11;1;0;5;9;0;10;18;6;18;4;5;0;6;4;24;5;3;22;2.92805899834329
TRACK:381;372;-1;6;0;0;6;1;4;6;6;5;2;16;20;-6.913871296492171;6;5;0;5;3;22;2.7952534059831557;6;6;16;0;2;5;2;2;3;5;11;4;0;18;20;-7.90624352704621;3;4;6;12;0;4;0;5;3;22;2.7009154767924484;0;5;13;5;8;5;6;2;6;9;0;16;10;2;1;6;1;1;6;17;6;13;0;6;9;4;24;4;0;0;5;10;4;22;0.5918591888568141;5;1;23;-7.5791407779495445;22;-9.351765673866796;1;6;4;1;2;8;11;2;7;-3.958893067390404;8;25;3;4;0;7;-1.9478705621842;4;5;0;6;4;24;5;3;8
TRACK:382;162;-1;6;0;0;6;1;4;6;6;5;4;22;3.0401873533880703;3;8;0;2;5;2;2;3;5;11;4;0;18;20;-8.561732161622663;3;4;6;12;0;4;0;5;3;22;2.4015197610111727;0;5;13;5;8;5;6;2;6;18;0;16;10;2;5;11;1;6;4;1;2;8;11;2;7;-3.6996298239744085;8;25;3;4;0;1;0;3;0;0;12;14;4;25;0;8;7;-2.2161235044681673;1;0;6;3;17;6;5;11;1;0;5;9;0;10;25;6;18;4;5;0;6;4;24;5;3;8
TRACK:383;376;-1;6;0;0;6;1;4;2;4;2;17;17;2;0;25;17;6;23;6.987683937723208;6;5;0;1;4;15;1;9;18;8;0;2;5;2;2;3;5;11;4;0;18;20;-8.232132601887384;3;4;6;12;0;4;0;5;3;22;2.4287965759054697;0;5;13;5;8;5;6;2;6;9;0;16;10;2;1;1;0;6;3;17;6;5;11;1;0;5;9;0;10;25;6;6;15;4;0;0;3;18;4;22;0.40761280931362137;5;1;23;-7.489013934216031;22;-9.5829450816369;1;6;4;1;2;8;11;2;7;-3.730516408710612;18;25;3;4;0;1;0;3;0;0;12;14;4;25;0;8;7;-1.891607695443868;1;0;6;3;17;6;5;11;1;0;5;9;0;10;25;6;18;4;5;0;6;4;24;5;3;8
TRACK:384;378;-1;6;0;0;6;1;4;6;6;5;2;16;20;-6.911850618365458;6;5;0;1;4;15;3;16;6;6;16;0;2;5;2;2;3;5;11;4;2;7;0.20153327284335987;9;3;4;6;12;0;4;0;5;3;22;2.5125003577332574;0;5;13;5;8;5;6;2;6;9;0;16;10;2;1;6;1;1;6;17;6;13;25;4;0;0;3;18;4;22;0.05164376727961978;5;1;23;-7.191290074723133;22;-9.399117200970517;1;6;4;1;2;8;11;2;7;-3.703205620971728;8;25;3;4;0;1;0;3;0;0;19;16;4;25;0;8;7;-2.2855656822116397;1;0;6;3;17;6;5;11;1;0;5;9;0;10;25;6;18;4;5;0;6;4;24;5;3;8
TRACK:385;371;-1;6;0;0;6;1;4;6;6;5;2;16;20;-7.0389687432247685;6;5;0;1;4;15;1;9;18;6;6;16;2;6;5;0;1;5;19;6;9;6;4;20;2.171054869699489;1;0;4;6;6;13;2;0;3;8;6;19;6;6;22;-3.850185239793227;5;4;0;5;12;5;7;-2.5629075385367024;3;4;0;1;0;3;0;0;12;14;4;25;0;8;7;-2.1769872526140075;1;0;6;3;17;6;5;11;1;0;5;9;0;10;18;6;18;4;5;0;6;4;24;5;3;8
TRACK:386;373;-1;6;0;0;6;1;4;6;6;5;2;16;20;-6.946458689484694;6;5;0;1;4;15;3;16;6;6;25;0;2;5;2;2;3;5;11;4;0;18;20;-8.201830146949426;3;4;6;12;0;4;0;5;3;22;2.586833113207948;0;5;13;5;8;5;6;2;6;9;0;16;10;2;1;6;1;1;6;17;6;13;17;4;0;0;3;18;4;22;0.3661843538768724;5;1;23;-7.478890353684456;22;-9.431820501012679;1;6;4;1;2;8;11;2;7;-3.7894857239536575;8;25;3;4;0;1;0;3;0;0;12;14;4;25;0;8;7;-2.032189405130032;1;0;6;3;17;6;5;11;1;0;5;9;0;10;25;6;18;4;5;0;6;4;24;5;3;8
TRACK:387;146;-1;6;0;0;6;1;4;6;6;5;2;16;20;-6.791523406871062;6;5;0;1;4;9;1;9;18;6;6;16;0;2;5;2;2;3;5;11;4;0;18;20;-7.777275067427606;3;4;6;12;0;4;0;5;3;22;2.653417646310239;0;5;13;5;8;5;6;2;6;9;0;16;10;2;1;6;1;1;6;17;6;13;0;6;9;4;24;1;6;4;17;4;1;20;2.42101957745016;20;3.474621020669737;1;6;4;1;2;8;11;2;7;-3.9517754406119705;8;25;3;4;0;7;-1.9877294368531058;4;5;0;6;4;24;5;3;8
TRACK:388;377;-1;6;0;0;6;1;4;6;6;5;2;16;20;-7.1132543888991755;3;8;0;0;1;5;21;-1.0665159499559955;0;18;17;2;4;18;0;19;24;2;1;6;1;1;6;17;0;16;10;0;6;9;4;24;6;6;5;7;9.16661830197052;1;6;4;1;2;8;11;2;7;-3.7842201252065295;8;25;3;4;0;1;0;3;0;0;12;14;4;25;0;8;7;-2.203821567224733;1;0;6;3;17;6;5;11;1;0;5;9;0;10;25;6;18;4;5;0;6;4;24;5;3;8
TRACK:389;379;-1;6;0;0;6;1;4;6;6;5;2;16;20;-6.803101959482456;6;5;0;1;4;15;1;9;18;6;6;16;0;2;5;2;2;3;5;11;4;8;3;4;6;12;0;4;0;5;3;22;2.65259443197617;0;5;13;5;8;5;6;2;6;9;0;16;10;2;1;6;1;1;6;8;6;13;0;6;9;4;24;4;0;0;3;18;4;22;0.32255980099889536;5;1;23;-7.499473785050097;22;-9.588249830224798;1;6;4;1;2;8;11;2;7;-4.095773583176092;8;25;3;4;0;1;0;3;0;0;12;14;4;25;0;8;7;-1.951100842282485;1;0;6;3;17;6;5;11;1;0;5;17;0;10;18;6;18;4;5;0;6;2;9;14;5;3;8
EVAL_INSTANCE:19:0:380
EVAL_INSTANCE:19:1:381
EVAL_INSTANCE:19:2:382
EVAL_INSTANCE:19:3:383
EVAL_INSTANCE:19:4:384
EVAL_INSTANCE:19:5:385
EVAL_INSTANCE:19:6:386
EVAL_INSTANCE:19:7:387
EVAL_INSTANCE:19:8:388
EVAL_INSTANCE:19:9:389
RUN_RESULT:19:0:0:5:DDDLL
RUN_RESULT:19:1:0:5:DDDLL
RUN_RESULT:19:2:0:5:DDDLL
RUN_RESULT:19:3:0:5:DDDLL
RUN_RESULT:19:4:0:2000:----
RUN_RESULT:19:5:0:2000:----
RUN_RESULT:19:6:0:5:DDDLL
RUN_RESULT:19:7:0:5:DDDLL
RUN_RESULT:19:8:0:2000:----
RUN_RESULT:19:9:0:2000:----
    20 |      200 | -3.995000E+03 | -3.995000E+03
TRAINING ON LEVEL:173
of 184 levels
---LEVEL STRING---
__________
_B12oo.b._
_ooooo.F._
_sosoo.1._
_ofooo.3._
_sosoo..._
_oooooooo_
_ooooO14o_
_oooooooo_
__________
---LEVEL STRING---
training done.
The time of execution is: 411.48209714889526 s

TRAINING DONE


-----!!!NEW PROBLEM!!!-----


START TESTING

LEVEL:0:______\n_K.2._\n_kSF._\n_bB1._\n_..fR_\n_1..._\n_3.r._\n_251O_\n_s.31_\n_o..2_\n______
LEVEL:1:________\n_......_\n_......_\n_.Sb.s._\n_.1..s._\n_.4b..1_\n_B12..3_\n_......_\n________
LEVEL:2:____________\n_.........._\n_.r....f..._\n_.....bssss_\n_.R.......F_\n_B1..f..b.1_\n_AO........_\n_.rssssssss_\n_.........F_\n_ss...R...1_\n_....B12W.3_\n_oS14...1.._\n____________
LEVEL:3:__________\n_F13....G_\n_..R15a.1_\n_.......0_\n_a.A.b.a._\n_....a..._\n_B....ggg_\n_1.a.ag.a_\n_2....g.f_\n__________
LEVEL:4:__________\n_.....B12_\n_.W......_\n_.1wwwww._\n_.6wf..w._\n_..w..kw._\n_F.wwwww._\n_1......._\n_3...bK17_\n__________
LEVEL:5:_________\n_....B18_\n_......._\n_...R..._\n_...1..._\n_...3..._\n_......._\n_....B12_\n_......._\n_.b..R.._\n_....1.._\n_r...9.._\n_......._\n_________
LEVEL:6:____________\n_G13wwwwK14_\n_w.o.okofow_\n_wo.o.o.o.w_\n_wko.o.o.ow_\n_wggggggggw_\n_w.o.o.o.ow_\n_wo.o.o.okw_\n_w.o.o.o.ow_\n_wo.obo.o.w_\n_K17wwwwB12_\n____________
LEVEL:7:____________\n_F13wwwwK14_\n_w.o.okofow_\n_wo.oko.o.w_\n_wko.o.o.ow_\n_wo.o.o.okw_\n_wko.o.o.ow_\n_wo.o.o.okw_\n_wko.o.o.ow_\n_wo.obo.o.w_\n_K17wwwwB12_\n____________
LEVEL:8:__________\n_B12....F_\n_1......1_\n_9lllL.f3_\n_..rl1..._\n_...l8..._\n_...lllll_\n_.br....._\n_....R15._\n__________
LEVEL:9:___________\n_rg9SkofVr_\n_GF.6WOV0A_\n_Fw0.3o6AB_\n_A5W..5A2l_\n_.WO5KlF.1_\n_441934sR2_\n_vF38vVb.k_\n_W4bAS.K1K_\n_kO9.W..21_\n_0Ba4o3.L2_\n_w9G.SG99v_\n_g9Br5Kkbk_\n_.l7RRG6r3_\n_LFffV..Gv_\n_ga8.ro1wr_\n_VWV7R..3._\n___________
LEVEL:10:__________\n_........_\n_....V12._\n_........_\n_...v...._\n_F.v.v..._\n_1..v...._\n_3......._\n_....f..._\n__________
LEVEL:11:__________\n_b....Vwv_\n_.....1ww_\n_.....3.._\n_........_\n_........_\n_.....BW._\n_.....11._\n_.....26._\n__________
LEVEL:12:__________\n_...K..3._\n_.f.k...._\n_kkkk...._\n_...kgkkk_\n_........_\n_G10...b._\n_.....B12_\n_K14..F13_\n__________
LEVEL:13:__________\n_..Bwwlll_\n_b.1wwlll_\n_..2wwlll_\n_...wwlll_\n_...wwlll_\n_W16....._\n_....F13._\n_s...wwwf_\n__________
LEVEL:14:__________\n_G10gl.f._\n_.aagl.l._\n_.R.gg.ll_\n_.b..gggl_\n_...a...a_\n_..r....5_\n_B12.1..._\n_F13a.L16_\n__________
LEVEL:15:__________\n_bW12..Fr_\n_........_\n_w.w.w..S_\n_.s...s.1_\n_..w.www4_\n_B.3s1..._\n_1.w.w..._\n_2.....Rf_\n__________
LEVEL:16:__________\n_bW12..Fr_\n_........_\n_w.w.w..S_\n_.s...s.1_\n_..w.www4_\n_B.3s1..S_\n_1.w.w..._\n_2.....Rf_\n__________
LEVEL:17:__________\n_.f......_\n_.......3_\n_kkkkgkkk_\n_...g.g.._\n_K14k.k.._\n_...k.kkk_\n_B12k..b._\n_F13....._\n__________
LEVEL:18:____________________\n_B.S14.O16.R15.B12._\n_1.F13.G16.V17....._\n_.Sv..............._\n_Rggggggggggggggggg_\n_1ggggggggggggggggg_\n_.F......gggggggggg_\n_ooo.......gggggggg_\n_wwwoo.......gggggg_\n_wwwwwoo.......gggg_\n_wwwwwwwoo..r......_\n_wwwwwwwwwoo.b....._\n_wwwwwwwwwwwooaaaaa_\n____________________
LEVEL:19:_________________\n_F13w.f.w.a...rw_\n_.a.wa...b.a.a.w_\n_wwrwwwww..wwwww_\n_...a...a....a.._\n_wwwwww.wwwwwwww_\n_.a.........ar.._\n_www.wwwwwwwwwww_\n_.a...a......ba._\n_..b......a....._\n_wwwwwwwwww.war._\n_k...a.....awwww_\n_wwwwwwwwwwwwB14_\n_R16wW16wK12wB17_\n_________________
LEVEL:20:__________\n_...s.V12_\n_v..s...._\n_..sssfss_\n_..s..s.._\n_F..s..s._\n_1.....s._\n_3..S14.._\n_........_\n__________
LEVEL:21:____________________\n_.Laallgg.......BG._\n_.1aallgg.......11._\n_.8aallgg.......90._\n_..aallgg.........._\n_..9allgg.......v.._\n_..aallgg.......V.._\n_b.2allgg.......1.._\n_llllllgg.......3.._\n_llllllgg.........._\n_gggggggg.........._\n_gggggggg.......B12_\n____________________
LEVEL:22:__________\n_........_\n_...b...._\n_........_\n_F......._\n_1.B.f..._\n_3.1....._\n_..2....._\n_........_\n__________
LEVEL:23:__________\n_........_\n_B...b..._\n_1......._\n_2......._\n_........_\n_..3...f._\n_F1....f._\n_........_\n__________
LEVEL:24:__________\n_S13....._\n_.......f_\n_...r...3_\n_........_\n_........_\n_F14..R12_\n_........_\n_......s._\n__________
LEVEL:25:_________________\n_....gg.....l..._\n_....gg.....l..._\n_....gg.....l..._\n_.b..gg.....l..._\n_....gg.....l..._\n_....gg.....l..._\n_....gg.....l..._\n_....gg.B12.l..f_\n_....gg.....l..._\n_K...gg.....l..._\n_B12.gg..k..l..._\n_....gg.....l..._\n_....gg.....l..._\n_....gg.G10.l..._\n_....gg.....l..._\n_....gg.....lF13_\n_....gg.....l..._\n_....gg.....lL14_\n_________________
LEVEL:26:__________\n_.ssss.s._\n_..ss.fv._\n_...as.v._\n_.F12.A.._\n_.....1.._\n_.....3.._\n_.ggg...._\n_.s......_\n__________
LEVEL:27:__________\n_glF13S12_\n_gksgggVV_\n_ggrrrrV2_\n_vggkgkVr_\n_vvgvvvVr_\n_vvvvvlVl_\n_vvvvvlVl_\n_vvvvl.fl_\n__________
LEVEL:28:__________\n_B12..VGF_\n_S.....1._\n_1.b.s35f_\n_4...sss._\n_........_\n_gggggggg_\n_...vv..._\n_........_\n__________
LEVEL:29:__________\n_V.2a..12_\n_B12avF.._\n_bv.a...._\n_aaaaaaaa_\n_...a...._\n_..2a.A.._\n_A16a1..._\n_.1.a2f3._\n__________
LEVEL:30:__________\n_K17....._\n_......O._\n_k.vwww.._\n_...wow.k_\n_...www.._\n_KV..W16._\n_11.O1.3._\n_42..k..._\n__________
LEVEL:31:___________________\n_B12w...ag...wG10._\n_wwww...gg...wW16._\n_..13...ga...wwwww_\n_.V15..agga......._\n_.R...araga.a....._\n_.....a.ggaaa....._\n_ggggggggaaaav...._\n_.v....agga......._\n_....b..aga......._\n_......agga......._\n___________________
LEVEL:32:__________\n_b.....f._\n_.....V12_\n_........_\n_F13....._\n_........_\n_........_\n_....v..._\n_........_\n__________
LEVEL:33:__________\n_........_\n_...bV12._\n_........_\n_........_\n_.B13...._\n_........_\n_........_\n_...vv..._\n__________
LEVEL:34:__________\n_...V13.._\n_v......._\n_........_\n_......b._\n_....B12._\n_........_\n_..V15..._\n_........_\n__________
LEVEL:35:__________\n_..F1.3.._\n_llllllll_\n_..L14..._\n_........_\n_........_\n_........_\n_........_\n_bB12...f_\n__________
LEVEL:36:__________\n_B12.F13._\n_........_\n_...sss.._\n_.b.sfs.._\n_...s...._\n_...s...._\n_........_\n_........_\n__________
LEVEL:37:__________\n_s..S..a._\n_k.o....l_\n_.g....b._\n_L.g..b.w_\n_g.s..fs._\n_....B..l_\n_b...1r.._\n_G13.2b.._\n__________
LEVEL:38:__________\n_.Rrbll.f_\n_L18.lll._\n_.5..ll.r_\n_..r.ll.1_\n_..r.ll.l_\n_.F..ll.B_\n_B19.ll.1_\n_r3r....2_\n__________
LEVEL:39:__________\n_A.2...bg_\n_1.G.3.a._\n_wwg1W16._\n_..12B12b_\n_........_\n_........_\n_........_\n_........_\n__________
LEVEL:40:__________\n_b..lsllf_\n_...lslll_\n_.S.lslll_\n_L18lslll_\n_.6.ls..._\n_F......._\n_1......._\n_3.B12..._\n__________
LEVEL:41:____________________\n_llllllff........L._\n_lgggglff........1._\n_lbggglff........5._\n_lg..glff.........._\n_lG15glff.........._\n_llllllff.........._\n_ffffwww..........._\n_ffff.............._\n_.................._\n_.........F.3......_\n_..B12.....1......._\n_.................._\n_.........k........_\n_....K12..........._\n_.................._\n_.................._\n_................7._\n_.................._\n____________________
LEVEL:42:__________\n_f.k.k.kk_\n_.B12F13._\n_k......k_\n_...b...._\n_k......k_\n_........_\n_k......k_\n_.K14K17._\n__________
LEVEL:43:__________\n_ffffffff_\n_W16....._\n_Bk......_\n_1.k...k._\n_2...k..._\n_w..wwwww_\n_...k...._\n_Kk.....k_\n_1k...k.._\n_7......._\n_w..wwwww_\n_........_\n_F13...k._\n_K..k...._\n_1......._\n_4...kk.b_\n__________
LEVEL:44:__________\n_FWwwwwww_\n_11wb.fww_\n_36wwwwww_\n_G10wgkww_\n_wwwwwwww_\n_wBKwwwww_\n_w11wwwww_\n_b2.kwwww_\n__________
LEVEL:45:___________\n_.F.w..V.._\n_o1.w.o1.._\n_.4.w.o2.o_\n_wwww.o..._\n_.ov...oWw_\n_.ov.o..1w_\n_..o.O186w_\n_foo..wF13_\n___________
LEVEL:46:____________________\n_W........wwwwwwwww_\n_1wwwwwwwww......Kw_\n_6wK17ooowwR1.O.81w_\n_Kwkooo3oww..3.1.9w_\n_1wkoooooww.......w_\n_4wo1kbkowwaaaaw.ww_\n_Awooooooww.....ww._\n_1woooooowwb..w..w._\n_9wwwwwwwwww.sw.ww._\n_Awwwwwwwwwwwlwwww._\n_1wb.....ww......w._\n_4wwwww.www.b.R..w._\n_Sw......ww.r.1..w._\n_1ww.wwwwww...5L.w._\n_4wrrrrrrww....1.w._\n_Bwrrfrrrww....8.w._\n_1wwwwwwwwwwwwwwww._\n_9R19F13L18R14B12.._\n____________________
LEVEL:47:______\n_fr.b_\n_F13w_\n_gggg_\n_wwww_\n_F17w_\n_R15w_\n_G10W_\n_B121_\n_W16W_\n______
LEVEL:48:__________\n_WSLlllll_\n_111llllk_\n_556llK12_\n_lllllB17_\n_lllllK1._\n_lllkklll_\n_lllwwlll_\n_FllssllF_\n_1......1_\n_3......3_\n_f......f_\n_........_\n_........_\n_oooggooo_\n_..o..o.._\n_GBo..oOS_\n_11ob.o11_\n_89o..o58_\n__________
LEVEL:49:____________________\n_Wwvvvvvvvfvvvvvvvv_\n_1wvvvvvvv.vvvvvvvv_\n_6wvvvvvvv.vvvvvvvv_\n_Fwvvvvvvv.vvvvvvvv_\n_1wvvvvvvv.vvvvvvvv_\n_3wvvvvvvvvvvvvvvvv_\n_Vwvvvvvvvvvvvvvvvv_\n_1wvvvvvvvvvvvvvvvv_\n_4wvvvvvvvvvvvvvvvv_\n_wwvvvvvvvvvvvvvvvv_\n_..............s..._\n_......r.r.....sS.._\n_...b..rrr.....s1.._\n_..B12..R......s4.._\n_.......1......s..._\n_.......5..O1O.s..._\n_..............w..._\n_..............w..._\n____________________
LEVEL:50:_______\n_bB12._\n_...F._\n_.fR15_\n_...3._\n_.r..._\n_______
LEVEL:51:________\n_rrrrrr_\n_rrrrrr_\n_rrbrrr_\n_rr.rRr_\n_r..B12_\n_r.3.6._\n________
LEVEL:52:____________\n_v......V12_\n_...f.....F_\n_.R.....b.1_\n_B12......3_\n_...S.S14.._\n____________
LEVEL:53:__________\n_bB1...2._\n_..fR1SF._\n_1...31s._\n_3.r..2.1_\n__________
LEVEL:54:_________\n_......._\n_....b.._\n_....s.._\n_......F_\n_.B12..1_\n_......3_\n_...S121_\n_________
LEVEL:55:____________\n_.........._\n_.b..S....._\n_.....712.._\n_.....O...._\n_.B........_\n_...b.....F_\n_.........1_\n_GokK12...3_\n_V......B1._\n_r........R_\n____________
LEVEL:56:________\n_......_\n_.b...._\n_......_\n_......_\n_.S...._\n_.1...._\n_.BB123_\n_.s...3_\n________
LEVEL:57:____________\n_B1.B.....B_\n_R1.......1_\n_..5....S12_\n_.........._\n_.r.....b.._\n_...L......_\n_......1..F_\n_..f......1_\n_......s..4_\n_F13......._\n____________
LEVEL:58:_______\n_F.B12_\n_1b..._\n_3...f_\n_..k.._\n_K17.._\n_______
LEVEL:59:____________\n_B12w.....S_\n_K12w.....1_\n_F16w....7._\n_wwww......_\n_G1........_\n_1.....s..._\n_.0.3.sbs.._\n_g.....s..g_\n_gg......gg_\n_ggg....ggg_\n____________
LEVEL:60:____________\n_B12......S_\n_Br.......1_\n_R..f.....F_\n_.........1_\n_G1.......3_\n_1.....s.f._\n_.0.3.sbs.F_\n_g.....s..g_\n_gg..13..gg_\n_ggg....ggg_\n____________
LEVEL:61:_________\n_.....B8_\n_......._\n_...R..._\n_..o1..._\n_......._\n_....B.._\n_......._\n_....rs._\n_..1SF.._\n_fB31s.._\n_F112o.._\n_......._\n_________
LEVEL:62:________\n_......_\n_......_\n_......_\n_......_\n_......_\n_......_\n_..B..._\n_..1..._\n_..2F13_\n_..b..._\n_......_\n_......_\n_f.F15._\n_......_\n_......_\n________
LEVEL:63:_____________\n_.....2....._\n_.b...F....._\n_....w.712.._\n_.B....O...._\n_....S.....F_\n_........S.1_\n_.....K12..._\n_.b.W......._\n_........s.._\n_.....B12s3k_\n_..........k_\n_____________
LEVEL:64:_________\n_Fw.f.wB_\n_1w...w1_\n_3wwwww2_\n_......._\n_..W16.._\n_......._\n_...b..._\n_________
LEVEL:65:____________\n_B13......F_\n_....f....1_\n_rrrR1Rrrr2_\n_........b._\n____________
LEVEL:66:____________\n_F13wwwwK14_\n_w.o.okofow_\n_wo.o.o.o.w_\n_wko.o.o.ow_\n_wo.o.o.o.w_\n_w.o.o.o.ow_\n_wo.o.o.okw_\n_w.o.o.o.ow_\n_wo.obo.o.w_\n_K17wwwwB12_\n____________
LEVEL:67:____________\n_.........._\n_llllllll.._\n_.....r...._\n_.........._\n_..b..r...._\n_.........._\n_gggggggg.._\n_W13..G17.._\n_.........._\n_B12......._\n____________
LEVEL:68:___________\n_B12w....._\n_wwww.brk._\n_.R......._\n_........._\n_ggggggggg_\n_.1......._\n_.5......._\n_........._\n_.K......._\n_........._\n_ggggggggg_\n_........._\n_......ooo_\n_wwww..ofo_\n_W16w..ooo_\n_G10w..F13_\n___________
LEVEL:69:__________\n_k....b.._\n_w....o.o_\n_sB123ggg_\n_.fR.oo.o_\n_.....bg._\n_.r..f..._\n_.s.bs..k_\n_..sg.www_\n__________
LEVEL:70:__________\n_...12..._\n_...r.ooo_\n_2...B11O_\n_......31_\n_s2.3...2_\n_........_\n_..R1..F1_\n_.....S14_\n__________
LEVEL:71:_______________\n_.l..gL16g..l._\n_.l..ggggg..l._\n_............._\n_............._\n_..l.......l.._\n_..l.......l.._\n_3....G10....3_\n_..l.......l.._\n_..l.......l.._\n_............._\n_............._\n_.l..ggggg..l._\n_.l..gL12g..l._\n_______________
LEVEL:72:__________\n_.kSFr..._\n_vbR1Sbb._\n_g..31skB_\n_r...2so8_\n_bss...a4_\n_FR...aa._\n_S1o....w_\n_W6R11oof_\n__________
LEVEL:73:__________\n_........_\n_....V12._\n_........_\n_........_\n_F.v.v..._\n_1..v...._\n_3......._\n_....f..._\n__________
LEVEL:74:__________\n_........_\n_....V12._\n_..v.v..._\n_..vvv..._\n_F.v.v..._\n_1..v...._\n_3......._\n_....f..._\n__________
LEVEL:75:__________\n_.....B12_\n_.W.14..._\n_.1wwwww._\n_.6wf..w._\n_..w..kw._\n_F.wwwww._\n_1......._\n_3...bK17_\n__________
LEVEL:76:____________\n_K..w.kwK14_\n_1...okkfow_\n_7...B12o.w_\n_s.k......._\n_.....R...._\n_w.www..W16_\n_w........._\n_..b...r..k_\n_w........._\n_..kwwwF13._\n____________
LEVEL:77:____________\n_K.kw.kwK14_\n_1...okkfo._\n_7.o.A12o.w_\n_s.2..r.o.._\n_.....R...._\n_w.www..W16_\n_w...o..o.._\n_..b...rbak_\n_w...5...o._\n_b.fwwwF13._\n____________
LEVEL:78:__________\n_...12..._\n_...rg1.._\n_........_\n_.s..wk2g_\n_F12.V7f._\n_w.F.v..._\n_3R25K..._\n_..v....._\n__________
LEVEL:79:__________\n_W16..R15_\n_.....R13_\n_..R....._\n_B1B12.ww_\n_......wr_\n_......ww_\n_........_\n_b....R19_\n__________
LEVEL:80:__________\n_W16..R15_\n_.....R13_\n_..R....._\n_B1B12.ww_\n_......wr_\n_......ww_\n_...R...._\n_bB1..R19_\n__________
LEVEL:81:__________\n_B1B....f_\n_1......._\n_2......._\n_........_\n_........_\n_.......F_\n_.......1_\n_b......3_\n__________
LEVEL:82:__________\n_V1V....B_\n_.......1_\n_V1.....2_\n_..F....._\n_........_\n_........_\n_........_\n_bv....7F_\n_.......1_\n_.......3_\n_wwwwwwww_\n_.v....W._\n_......1._\n_f.....6._\n__________
LEVEL:83:__________\n_B12..F13_\n_........_\n_........_\n_........_\n_.b....f._\n_........_\n_........_\n_........_\n__________
LEVEL:84:__________\n_.K14.B12_\n_.fow...._\n_2o.w...3_\n_..1.W..w_\n_..4...k._\n_....rr.._\n_........_\n_....bK17_\n__________
LEVEL:85:__________\n_l......._\n_...b...._\n_L1B....._\n_..1....._\n_..2F...._\n_.b.bB1Br_\n_........_\n_.f....13_\n__________
LEVEL:86:__________\n_bF132..G_\n_....g1.1_\n_..B12AO._\n_.RF13wwr_\n_a12....._\n_o.....WF_\n_......F1_\n_.....f.._\n__________
LEVEL:87:__________\n_W16w..s._\n_...wF..._\n_...w1..._\n_...w3..._\n_r..w...._\n_...wR.b._\n_S14wB12._\n_.1Fw...r_\n__________
LEVEL:88:__________\n_W16w..s._\n_.14wF..._\n_F..w1..._\n_...w3..._\n_..rw...._\n_...wR.b._\n_S14wB12._\n_.1Fw...r_\n__________
LEVEL:89:__________\n_........_\n_WW..W16._\n_11b.B12._\n_9W......_\n_........_\n_FL...www_\n_11...wll_\n_38...wlf_\n__________
LEVEL:90:________________\n_K17..........._\n_1....3........_\n_.4w.k...Ww...._\n_..l.....1....._\n_..lw.k.76Ww..._\n_..l..........._\n_lllllllll....._\n_......ll......_\n_.............._\n_b............._\n_L14........B12_\n________________
LEVEL:91:__________\n_...K.3.._\n_.f.k...._\n_kkkk...._\n_...kgkkk_\n_........_\n_G10...b._\n_.....B12_\n_K14..F13_\n__________
LEVEL:92:__________\n_.....b.s_\n_FBs....s_\n_f13....s_\n_.2..rrrr_\n_...r...._\n_...r.RF._\n_...r.11._\n_S14r.5.._\n__________
LEVEL:93:__________\n_.B1..ww._\n_s..S...f_\n_.w1ww4.._\n_.w.SF..1_\n_1.4.Bw.4_\n_3bww3w.._\n_.......s_\n_.W12.s.._\n__________
LEVEL:94:__________\n_........_\n_B12....._\n_S16....._\n_K13.b..._\n_G16....._\n_F16..v.v_\n_.....vsv_\n_V16..vkf_\n__________
LEVEL:95:___________\n_s...f...s_\n_.k.....k._\n_..k...k.._\n_...k.k..._\n_....k...._\n_....S14.._\n_........._\n_K17...K14_\n_B12.b.F13_\n___________
LEVEL:96:__________\n_.B1.sF13_\n_S142s..._\n_...fs..._\n_sssss..._\n_........_\n_.....17._\n_.B12..b._\n_........_\n__________
LEVEL:97:_________\n_....F13_\n_......._\n_..K...._\n_..1...._\n_.f2...._\n_......._\n_k......_\n_________
LEVEL:98:__________\n_........_\n_...F13.._\n_........_\n_.......v_\n_B.....a._\n_1......._\n_2..O...._\n_..k.fb.S_\n__________
LEVEL:99:__________\n_B12.gggf_\n_F13agggg_\n_R15.gggg_\n_G10.gggg_\n_.a......_\n_..r..rr._\n_..rrrrrr_\n_b..rr..._\n__________
LEVEL:100:__________\n_........_\n_........_\n_.B...k.._\n_1......._\n_wwwvwwww_\n_.b......_\n_........_\n_.....3.._\n_...K...._\n_....1..._\n_..7....._\n_........_\n_.......V_\n_.......1_\n_B12..W14_\n__________
LEVEL:101:__________\n_....B12b_\n_....b..._\n_.......F_\n_...1...1_\n_......12_\n_........_\n_gb...f.._\n_g......._\n_g1..Rr.._\n_gfRf12.k_\n_G.f36..._\n_.b.15..F_\n_G.f....1_\n_.......4_\n_K13....._\n__________
LEVEL:102:__________\n_........_\n_........_\n_.bf....._\n_......B._\n_......1._\n_.F13..2._\n_........_\n_........_\n__________
LEVEL:103:___________\n_oLoLBLoLo_\n_o1o111o1o_\n_w8w828w8w_\n_ooo131ooo_\n_L18oboooo_\n_oooowoOoo_\n_L18oWoL18_\n_oooo1oooo_\n_L14o6oo1L_\n___________
LEVEL:104:_______________\n_B12wwW16.F.13_\n_K14ww.......k_\n_1bG.w.....k.._\n_7.1ww.w.....k_\n_f.4ww.....k.._\n_gggww..k....._\n_gggwwk......._\n_gggww..k....._\n_gggwwk......._\n_k..www..k...k_\n_..k..www..k.._\n_k......w...kw_\n_wwwwww...wwww_\n_______________
LEVEL:105:___________\n_B19L18F13_\n_1wwwwwwwW_\n_2w..b..w1_\n_ww.....w6_\n_..A....wA_\n_a.1.a..w1_\n_...5...w9_\n_.llllllll_\n_.llllllll_\n_.....l..._\n_.V1.vl.f._\n_.1...l..._\n_..2.lllll_\n___________
LEVEL:106:__________\n_.f......_\n_........_\n_kkkkkgkk_\n_B12....._\n_........_\n_G10....._\n_..F13..._\n_......b._\n__________
LEVEL:107:__________\n_.....L14_\n_.llK14wF_\n_.Wrb...1_\n_.ww....3_\n_.ww....._\n_.R1....._\n_........_\n_.1F..B12_\n__________
LEVEL:108:__________\n_b....V.B_\n_.....1.1_\n_..3..9.2_\n_.F...s.._\n_S14sss.._\n_........_\n_........_\n_....f..k_\n__________
LEVEL:109:______________\n_l.bFk...l..._\n_l.B12...l..._\n_l.k42....l.._\n_ll...R..rl2._\n_.1l......l.._\n_..llKl.lll.._\n_.k..1......._\n_....8.f..4.._\n_..2........._\n_..F1.9..K12._\n_...3........_\n_............_\n______________
LEVEL:110:__________\n_B12...fO_\n_...3...._\n_.b......_\n_F......o_\n_1......l_\n_L1......_\n_3......._\n_........_\n__________
LEVEL:111:__________\n_.2......_\n_S..b...._\n_..B....._\n_ww1....._\n_W1......_\n_.F12ss.._\n_....B123_\n_.f.....3_\n__________
LEVEL:112:__________\n_b....F13_\n_l..W16.._\n_llwlllll_\n_.....V.._\n_gggG..12_\n_v.g1.L18_\n_f.g0...._\n_ggg..B12_\n__________
LEVEL:113:______\n_...._\n_.r.._\n_...f_\n_R12._\n_..F._\n_..1._\n_..3._\n_...._\n_...._\n______
LEVEL:114:___________\n_B12aab..._\n_.......A._\n_.......1._\n_F13....7._\n_ggggggggg_\n_ggwwwwwgg_\n_www.f.www_\n_W16.k.G14_\n___________
LEVEL:115:__________\n_........_\n_........_\n_..F12..._\n_........_\n_....31A._\n_fff....._\n_..f....._\n_a.f....._\n__________
LEVEL:116:__________\n_........_\n_.......o_\n_..f....._\n_........_\n_...K13.._\n_.r.g..B._\n_..w...1._\n_...b..2k_\n__________
LEVEL:117:__________\n_B1.awB12_\n_f.o..12._\n_b....rg1_\n_1......._\n_3..Rrr.5_\n_....r..l_\n_g7.w.Ar._\n_K2.k..or_\n__________
LEVEL:118:__________\n_B12..F13_\n_1......._\n_9......._\n_..rb.9.._\n_........_\n_..R..5.._\n_..1....v_\n_V18...vf_\n__________
LEVEL:119:__________\n_b......B_\n_..1.R..1_\n_.R...5.2_\n_........_\n_.0.rrr.._\n_gggggggg_\n_gg...G10_\n_fg...F13_\n__________
LEVEL:120:__________\n_........_\n_S12.B..._\n_S..1..2._\n_........_\n_K.....s._\n_...b...._\n_........_\n_3......._\n__________
LEVEL:121:__________\n_........_\n_.b......_\n_..B....._\n_..1....._\n_..2....._\n_..3....._\n_.Ss....._\n_........_\n__________
LEVEL:122:__________\n_b......._\n_........_\n_...f...._\n_B......._\n_1......._\n_2......._\n_l......._\n_ff.lF13._\n__________
LEVEL:123:__________\n_....B12._\n_....F13._\n_k.b....._\n_....K1.._\n_....fR.._\n_........_\n_........_\n_....r..._\n__________
LEVEL:124:__________\n_........_\n_...b...._\n_........_\n_........_\n_..B...F._\n_..1...1._\n_..2...3._\n_........_\n_........_\n_.......f_\n_........_\n__________
LEVEL:125:__________\n_........_\n_b......._\n_........_\n_...r...._\n_..R12..._\n_.....F.f_\n_.....1.._\n_.....3.._\n__________
LEVEL:126:__________\n_..B12..._\n_........_\n_....F..._\n_..fR15.._\n_b...3..._\n_........_\n_........_\n_..r....._\n__________
LEVEL:127:__________\n_F13....._\n_........_\n_........_\n_.b......_\n_........_\n_...B12.._\n_........_\n_f......._\n__________
LEVEL:128:__________\n_....LLLr_\n_1...LLL._\n_F......._\n_.......F_\n_.......1_\n_.......3_\n_..Rb...._\n_.....B12_\n__________
LEVEL:129:__________\n_......13_\n_..W16..._\n_...B1B.._\n_..B1...._\n_..12...._\n_wwb....._\n_........_\n_........_\n__________
LEVEL:130:_______________\n_......w......_\n_......r..R15._\n_..g.ggr.w...._\n_..g...r...w.._\n_g.rrr.rrk...._\n_.....rK14...._\n_.r.w...r..k.._\n_..r.w.r..ggrg_\n_.bwwwwr.W16r._\n_.wr.rrrwr..k._\n_.w...gw.r..k._\n_.w.f.g..r...._\n_.wr.....r...._\n_B12G10..r.F13_\n_______________
LEVEL:131:_______________\n_......w......_\n_......r..R15._\n_..g.ggr.w...._\n_..g...r...w3._\n_g.rrr.rrk...._\n_.....rK14...._\n_.r.w...r..k.._\n_..r.w.r..ggrg_\n_.bwwwwr.W16r._\n_.wr.rrrwr..k._\n_.w...gw.r..k._\n_.w.f.g..r...._\n_.wr.....r...._\n_B12G10..r.F13_\n_______________
LEVEL:132:__________\n_.......f_\n_........_\n_.k......_\n_..k....._\n_b..k...._\n_.....F13_\n_B12....._\n_........_\n__________
LEVEL:133:__________\n_........_\n_........_\n_llllllll_\n_L.....B._\n_1...b.1._\n_8.....9._\n_........_\n_B12..F13_\n__________
LEVEL:134:_______________\n_b........wF19_\n_G.R.B.R.SwV18_\n_1.R.1.1.1wV17_\n_6.R.2.5.6wF13_\n_...r.r...wW16_\n_.........wG1G_\n_....g....wS1S_\n_wwwwswwwwwwww_\n_vg..f..svw..._\n_______________
LEVEL:135:__________\n_......F._\n_f......o_\n_..b....f_\n_......R._\n_.r....11_\n_.1OB12.._\n_1..b...._\n_3......._\n__________
LEVEL:136:__________\n_........_\n_b.....b._\n_.....b.._\n_...r...._\n_..R12..._\n_.....F.f_\n_.b...1.._\n_.....3.._\n__________
LEVEL:137:__________\n_F13....._\n_........_\n_........_\n_.b......_\n_........_\n_.....B12_\n_........_\n_f......._\n__________
LEVEL:138:__________\n_......BF_\n_.b....11_\n_....R.23_\n_1..5.r.._\n_.....r.._\n_gggggggg_\n_gggggggg_\n_gggggfgg_\n__________
LEVEL:139:__________\n_V.2a..12_\n_B12avF.._\n_bv.a...._\n_aaaaaaaa_\n_...a...._\n_r.Ra.A.._\n_A16a1..._\n_A1032f3._\n__________
LEVEL:140:__________\n_F13....f_\n_....llV._\n_....ll1l_\n_....ll2l_\n_...lll.l_\n_...lllll_\n_.v......_\n_........_\n__________
LEVEL:141:__________\n_........_\n_F12....._\n_....3..._\n_....V1.._\n_........_\n_........_\n_...f.l.v_\n_.....l.._\n__________
LEVEL:142:__________\n_....w.b._\n_....w..w_\n_B13.w.ww_\n_........_\n_F12.fff._\n_........_\n_....W15._\n_........_\n__________
LEVEL:143:__________\n_G......._\n_1..L14.._\n_0......F_\n_.......1_\n_.b.....3_\n_ggg....._\n_llg.B12._\n_fl......_\n__________
LEVEL:144:__________\n_bB1...2._\n_..fR1SF._\n_1...31s._\n_3.s..2.1_\n__________
LEVEL:145:__________\n_......wf_\n_W15..w.._\n_.....w.w_\n_.B12w.w._\n_.....w.._\n_...b..ww_\n_F13...w._\n_......w._\n__________
LEVEL:146:____________\n_A18wa....._\n_B19ww..a.._\n_1ssswa..a._\n_2K13wV13a._\n_wwwww..a.._\n_aaaaa...a._\n_a....aaVav_\n_..aa.aa1av_\n_a.ba.a.8av_\n_aaaa...akv_\n____________
LEVEL:147:__________\n_...w..w._\n_..w.fw.._\n_V12..v.w_\n_....w.w._\n_..ww...w_\n_F13.w.v._\n_.b.v...._\n_....W15._\n__________
LEVEL:148:__________\n_.....w.._\n_F13v...._\n_..V1..w._\n_.b..2..._\n_.W15...w_\n_.w...w.._\n_....w..._\n_B12.w.f._\n__________
LEVEL:149:__________\n_fwwwwwGF_\n_ggwwww11_\n_ggrwww03_\n_g...wwwW_\n_r....ww1_\n_.W19.R16_\n_.O18.1ww_\n_bB12b5.w_\n__________
LEVEL:150:__________\n_.......4_\n_.b..v.gb_\n_..lBOrv._\n_O131..F._\n_.sf2..f._\n_..w...bl_\n_...g.v.._\n_A.of.f.9_\n__________
LEVEL:151:__________\n_.B......_\n_.1..F13O_\n_.2bR...._\n_........_\n_......a._\n_........_\n_........_\n_...f...._\n__________
LEVEL:152:____________________\n_BWw..............._\n_11w.....G10......._\n_26w..wwwwwwww....._\n_www..woooooow....._\n_.....wooR15ow....._\n_.....woooooow....._\n_.....woborrow....._\n_.....woooooow....._\n_..wwwwwggggwwwww.._\n_..w............w.._\n_..w............w.._\n_..w............w.._\n_..wggg.........w.._\n_..wggg.....F13.w.._\n_..wfgg.........w.._\n_..wwwwwwwwwwwwww.._\n_.................._\n_.................._\n____________________
LEVEL:153:__________\n_L1.....O_\n_1......1_\n_8......9_\n_........_\n_F15.V12._\n_w.l.Kv.._\n_3.2.V..k_\n_.......k_\n__________
LEVEL:154:__________\n_B1gg..kb_\n_...v...._\n_......f3_\n_a3V12..._\n_........_\n_.g......_\n_K1.G...._\n_B1...F13_\n__________
LEVEL:155:__________\n_B12..G10_\n_...f...._\n_........_\n_gggggggg_\n_b......._\n_.....r.._\n_........_\n_F13..R15_\n__________
LEVEL:156:__________\n_.R.bll.f_\n_L18.lll._\n_.5..ll.r_\n_..r.ll.1_\n_..r.ll.l_\n_.F..ll.B_\n_B19.ll.1_\n_.3.....2_\n__________
LEVEL:157:__________\n_V12.r..._\n_R.rr2rw._\n_1r....wg_\n_4.ggrrwv_\n_gggF13aa_\n_r.gggggg_\n_a..rarar_\n_fargrara_\n__________
LEVEL:158:__________\n_B12..G10_\n_........_\n_gg..b.1._\n_Fgsr.r5._\n_.gsr.R.._\n_.gs....._\n_.gssss.._\n_.13S141F_\n__________
LEVEL:159:__________\n_B12..G10_\n_sss....._\n_gg..b.1._\n_Fgsr.r5._\n_.gsr.R.._\n_.gs....._\n_.gssss.._\n_.13S141F_\n__________
LEVEL:160:__________\n_kBK.w.b._\n_..1ww..._\n_..2w...._\n_wwww..V._\n_......1._\n_......3._\n_W18....._\n_.....B19_\n__________
LEVEL:161:__________\n_BK13gggG_\n_1rrrggR1_\n_2rbrgR16_\n_.rrrgg7g_\n_.ggggrgg_\n_.ggggggg_\n_.g..rggr_\n_.r.r.r.k_\n__________
LEVEL:162:__________\n_bwawaB12_\n_wawawawa_\n_awawawaw_\n_wawawawa_\n_awawawaw_\n_wawawawa_\n_awawawaw_\n_F13awawf_\n__________
LEVEL:163:__________\n_........_\n_.aaaaa.1_\n_.aabaa.3_\n_.aaaaa.._\n_........_\n_.A......_\n_.1......_\n_.2...B12_\n__________
LEVEL:164:__________\n_KRg...rs_\n_11.g..rr_\n_45.gg..._\n_.B13g..._\n_....wS12_\n_L...l..._\n_1.kkl.k._\n_0b.ll.k._\n__________
LEVEL:165:__________\n_VB12...3_\n_1o..o..._\n_4o..vK16_\n_oo.o...._\n_vobo.kk._\n_..o....._\n_..v..v.._\n_........_\n__________
LEVEL:166:__________\n_wfkwwwww_\n_lwwlwwlw_\n_sllsllsl_\n_.s......_\n_....b.s._\n_W16F13.._\n_..B19S14_\n_L18..B12_\n__________
LEVEL:167:__________\n_kk.k.kkk_\n_llo..o.k_\n_.lo..o.k_\n_.loooo.k_\n_.llll..k_\n_..looooo_\n_..lollll_\n_..lollll_\n_....llll_\n_........_\n_........_\n_L16....._\n_........_\n_........_\n_BK13...._\n_1......._\n_2.K17..._\n_b......._\n__________
LEVEL:168:_____________\n_..wwB12ww.._\n_..........._\n_..wwrwrww.._\n_..w.....w.._\n_W.Rw.b.wR.B_\n_1.w.....w.1_\n_6.w.....w.2_\n_w.w.......w_\n_w1.ww.ww.1w_\n_.........3._\n_..wwR15w..._\n_____________
LEVEL:169:_____________\n_B12F13fL17._\n_..........._\n_l.l.ll.ll.._\n_..........._\n_l.l..l..l.._\n_l..l..l...._\n_.l.....l.l._\n_ll.l.l.l..l_\n_..........._\n_..........._\n_b...B19.L18_\n_____________
LEVEL:170:__________\n_..b....._\n_B12.www._\n_K1.w.k.w_\n_...w...w_\n_....w.wF_\n_....wfw1_\n_.....w.3_\n_W17....._\n__________
LEVEL:171:_____________\n_B12S14F13ww_\n_S17O14W16bw_\n_wwwwwwwww.w_\n_wwwwww..osw_\n_wwwww..os.w_\n_wwww...so.w_\n_www...so..w_\n_ww.....so.w_\n_w......os.w_\n_........osw_\n_.......os.w_\n_w......so.w_\n_ww....so..w_\n_www....so.w_\n_wwww...os.w_\n_wwwww...osw_\n_wwwwww.os.w_\n_wwwwwwwwwfw_\n_____________
LEVEL:172:____________________\n_S16.........wwww.._\n_............wBFw.._\n_............w11w.._\n_............w23w.._\n_............wwww.._\n_...wwwwwwwww......_\n_...wosooooow......_\n_...wooooooow......_\n_...wooobosow......_\n_...wsooooosw......_\n_...woosoooow......_\n_...wwwwwwwww......_\n_.................._\n_.......f.........._\n_.................._\n_.................._\n_.................._\n_.................._\n____________________
LEVEL:173:__________\n_B12oo.b._\n_ooooo.F._\n_sosoo.1._\n_ofooo.3._\n_sosoo..._\n_oooooooo_\n_ooooO14o_\n_oooooooo_\n__________
LEVEL:174:____________________\n_wwowwf....Kwbwwow._\n_wB12wwF13.1w.wooWw_\n_wwbww.o.oA12.oo.1w_\n_LRwwV....o3o.wwo6r_\n_11.Br1......kwwwwg_\n_451.3..llll..wwwgg_\n_..4lwgwlllllllwwwg_\n_llllwvwllllllwK17w_\n____________________
LEVEL:175:__________\n_bsfgalro_\n_kwoBSFWA_\n_ROKGV213_\n_6750489w_\n_w.....ww_\n_w.wwwwWw_\n_w...vw1w_\n_B12V136w_\n__________
LEVEL:176:____________________\n_W........wwwwwwwww_\n_1wwwwwwwww......Kw_\n_6woooooowwR1.O.81w_\n_Kwooo3koww..3.1.9w_\n_1wkoooooww.......w_\n_4wo1kbkowwaaaaw.ww_\n_Awooooooww....oww._\n_1wK17ooowwb..woow._\n_9wwwwwwwwww.swoww._\n_Awwwwwwwwwwwlwwww._\n_1wb.....ww......w._\n_4wwwww.www.b.R..w._\n_Sw......ww.r.1..w._\n_1ww.wwwwww...5L.w._\n_4wrrrrrrww....1.w._\n_Bwrrfrrrww....8.w._\n_1wwwwwwwwwwwwwwww._\n_9R19F13L18R14B12.._\n____________________
LEVEL:177:__________\n_........_\n_S2..B12._\n_w...s..._\n_...7wooo_\n_.1.vooVo_\n_.3vbW1.6_\n_...voo2o_\n_V14.oO16_\n__________
LEVEL:178:____________________\n_WR1R.....wwwwwwwww_\n_1wwwwwwwww......Kw_\n_6wK17ooowwR1.O.81w_\n_Kwkooo3oww..3.1.9w_\n_1wkoooooww.......w_\n_4wo1kbkowwaaaaw.ww_\n_Awooooooww.....ww._\n_1woooooowwb..w..w._\n_9wwwwwwwwww.sw.ww._\n_Awwwwwwwwwwwlwwww._\n_1wb.....ww......w._\n_4wwwww.www.b.R..w._\n_Sw......ww.r.1..w._\n_1ww.wwwwww...5L.w._\n_4wrrrrrrww....1.w._\n_Bwrrfrrrww....8.w._\n_1wwwwwwwwwwwwwwww._\n_9R19F13L18R14B12.._\n____________________
LEVEL:179:__________\n_KF13K1K._\n_1f......_\n_4.wwwwwk_\n_B.wK1b.._\n_1.waA.6._\n_2WwvV.2._\n_w1wgG.0._\n_w6wlL.8._\n__________
LEVEL:180:____________________\n_S14W16...........V_\n_B12V18ww.........1_\n_G14S19..w........5_\n_.w.w..ww.........._\n_...www............_\n_.................._\n_.................._\n_....wwwwsw........_\n_...w.vb..w........_\n_..w..b...w........_\n_...w..b..w........_\n_....wwwwww........_\n_.................._\n_...O15........gggg_\n_...F13....gggggggg_\n_.........gggoooooo_\n_......ggggggoooooo_\n_..ggggggggggooooof_\n____________________
LEVEL:181:____________\n_L.kwB..K1r_\n_w.r..3.fos_\n_wS1.....s1_\n_g.r.W1..s4_\n_W.b......._\n_kk..rb.ff5_\n_9.B12....G_\n_.b.f.swgw1_\n_g.o...oO.0_\n_v.wwoRF1.f_\n____________
LEVEL:182:__________\n_K14....._\n_1k..k..._\n_.boL..k._\n_.A15..aa_\n_.b....b._\n_k...F.k._\n_..k.1..._\n_B12.lf13_\n__________
LEVEL:183:____________________\n_Wwvvvvvvvfvvvvvvvv_\n_1wvvvvvvv.vvvvvvvv_\n_6wvvvvvvv.vvvvvvvv_\n_Fwvvvvvvv.vvvvvvvv_\n_1wvvvvvvv.vvvvvvvv_\n_3wvvvvvvvvvvvvvvvv_\n_Vwvvvvvvvvvvvvvvvv_\n_1wvvvvvvvvvvvvvvvv_\n_4wvvvvvvvvvvvvvvvv_\n_wwvvvvvvvvvvwwwwww_\n_............r....._\n_............rRK.B._\n_...b..sss...r11.1._\n_..B12..S....r457.._\n_..B12..1....r....._\n_.......5....kw...._\n_.O1O........ww...._\n_............w....._\n____________________
BATCH:-1:0:0
BATCH:-1:1:1
BATCH:-1:2:2
BATCH:-1:3:3
BATCH:-1:4:4
BATCH:-1:5:5
BATCH:-1:6:6
BATCH:-1:7:7
BATCH:-1:8:8
BATCH:-1:9:9
BATCH:-1:10:10
BATCH:-1:11:11
BATCH:-1:12:12
BATCH:-1:13:13
BATCH:-1:14:14
BATCH:-1:15:15
BATCH:-1:16:16
BATCH:-1:17:17
BATCH:-1:18:18
BATCH:-1:19:19
BATCH:-1:20:20
BATCH:-1:21:21
BATCH:-1:22:22
BATCH:-1:23:23
BATCH:-1:24:24
BATCH:-1:25:25
BATCH:-1:26:26
BATCH:-1:27:27
BATCH:-1:28:28
BATCH:-1:29:29
BATCH:-1:30:30
BATCH:-1:31:31
BATCH:-1:32:32
BATCH:-1:33:33
BATCH:-1:34:34
BATCH:-1:35:35
BATCH:-1:36:36
BATCH:-1:37:37
BATCH:-1:38:38
BATCH:-1:39:39
BATCH:-1:40:40
BATCH:-1:41:41
BATCH:-1:42:42
BATCH:-1:43:43
BATCH:-1:44:44
BATCH:-1:45:45
BATCH:-1:46:46
BATCH:-1:47:47
BATCH:-1:48:48
BATCH:-1:49:49
BATCH:-1:50:50
BATCH:-1:51:51
BATCH:-1:52:52
BATCH:-1:53:53
BATCH:-1:54:54
BATCH:-1:55:55
BATCH:-1:56:56
BATCH:-1:57:57
BATCH:-1:58:58
BATCH:-1:59:59
BATCH:-1:60:60
BATCH:-1:61:61
BATCH:-1:62:62
BATCH:-1:63:63
BATCH:-1:64:64
BATCH:-1:65:65
BATCH:-1:66:66
BATCH:-1:67:67
BATCH:-1:68:68
BATCH:-1:69:69
BATCH:-1:70:70
BATCH:-1:71:71
BATCH:-1:72:72
BATCH:-1:73:73
BATCH:-1:74:74
BATCH:-1:75:75
BATCH:-1:76:76
BATCH:-1:77:77
BATCH:-1:78:78
BATCH:-1:79:79
BATCH:-1:80:80
BATCH:-1:81:81
BATCH:-1:82:82
BATCH:-1:83:83
BATCH:-1:84:84
BATCH:-1:85:85
BATCH:-1:86:86
BATCH:-1:87:87
BATCH:-1:88:88
BATCH:-1:89:89
BATCH:-1:90:90
BATCH:-1:91:91
BATCH:-1:92:92
BATCH:-1:93:93
BATCH:-1:94:94
BATCH:-1:95:95
BATCH:-1:96:96
BATCH:-1:97:97
BATCH:-1:98:98
BATCH:-1:99:99
BATCH:-1:100:100
BATCH:-1:101:101
BATCH:-1:102:102
BATCH:-1:103:103
BATCH:-1:104:104
BATCH:-1:105:105
BATCH:-1:106:106
BATCH:-1:107:107
BATCH:-1:108:108
BATCH:-1:109:109
BATCH:-1:110:110
BATCH:-1:111:111
BATCH:-1:112:112
BATCH:-1:113:113
BATCH:-1:114:114
BATCH:-1:115:115
BATCH:-1:116:116
BATCH:-1:117:117
BATCH:-1:118:118
BATCH:-1:119:119
BATCH:-1:120:120
BATCH:-1:121:121
BATCH:-1:122:122
BATCH:-1:123:123
BATCH:-1:124:124
BATCH:-1:125:125
BATCH:-1:126:126
BATCH:-1:127:127
BATCH:-1:128:128
BATCH:-1:129:129
BATCH:-1:130:130
BATCH:-1:131:131
BATCH:-1:132:132
BATCH:-1:133:133
BATCH:-1:134:134
BATCH:-1:135:135
BATCH:-1:136:136
BATCH:-1:137:137
BATCH:-1:138:138
BATCH:-1:139:139
BATCH:-1:140:140
BATCH:-1:141:141
BATCH:-1:142:142
BATCH:-1:143:143
BATCH:-1:144:144
BATCH:-1:145:145
BATCH:-1:146:146
BATCH:-1:147:147
BATCH:-1:148:148
BATCH:-1:149:149
BATCH:-1:150:150
BATCH:-1:151:151
BATCH:-1:152:152
BATCH:-1:153:153
BATCH:-1:154:154
BATCH:-1:155:155
BATCH:-1:156:156
BATCH:-1:157:157
BATCH:-1:158:158
BATCH:-1:159:159
BATCH:-1:160:160
BATCH:-1:161:161
BATCH:-1:162:162
BATCH:-1:163:163
BATCH:-1:164:164
BATCH:-1:165:165
BATCH:-1:166:166
BATCH:-1:167:167
BATCH:-1:168:168
BATCH:-1:169:169
BATCH:-1:170:170
BATCH:-1:171:171
BATCH:-1:172:172
BATCH:-1:173:173
BATCH:-1:174:174
BATCH:-1:175:175
BATCH:-1:176:176
BATCH:-1:177:177
BATCH:-1:178:178
BATCH:-1:179:179
BATCH:-1:180:180
BATCH:-1:181:181
BATCH:-1:182:182
BATCH:-1:183:183
EVAL_INSTANCE:0:0:387
RUN_RESULT:0:0:0:2000:----
RUN_RESULT:0:0:1:2000:----
RUN_RESULT:0:0:2:10:DDL
RUN_RESULT:0:0:3:2000:----
RUN_RESULT:0:0:4:552:ULLLUUULUURDRDR
RUN_RESULT:0:0:5:2000:----
RUN_RESULT:0:0:6:5:UURUU
RUN_RESULT:0:0:7:2000:----
RUN_RESULT:0:0:8:1515:RDRRULDLUULUURLDDRULURURURDDRUR
RUN_RESULT:0:0:9:2000:----
RUN_RESULT:0:0:10:2000:----
RUN_RESULT:0:0:11:2000:----
RUN_RESULT:0:0:12:2000:----
RUN_RESULT:0:0:13:2000:----
RUN_RESULT:0:0:14:2000:----
RUN_RESULT:0:0:15:2000:----
RUN_RESULT:0:0:16:2000:----
RUN_RESULT:0:0:17:2000:----
RUN_RESULT:0:0:18:2000:----
RUN_RESULT:0:0:19:2000:----
RUN_RESULT:0:0:20:1488:RDDDRDRDUURRUU
RUN_RESULT:0:0:21:2000:----
RUN_RESULT:0:0:22:19:DRDD
RUN_RESULT:0:0:23:2000:----
RUN_RESULT:0:0:24:2000:----
RUN_RESULT:0:0:25:2000:----
RUN_RESULT:0:0:26:2000:----
RUN_RESULT:0:0:27:2000:----
RUN_RESULT:0:0:28:2000:----
RUN_RESULT:0:0:29:2000:----
RUN_RESULT:0:0:30:2000:----
RUN_RESULT:0:0:31:2000:----
RUN_RESULT:0:0:32:2000:----
RUN_RESULT:0:0:33:2000:----
RUN_RESULT:0:0:34:2000:----
RUN_RESULT:0:0:35:2000:----
RUN_RESULT:0:0:36:3:RRR
RUN_RESULT:0:0:37:9:DDDDDUU
RUN_RESULT:0:0:38:2000:----
RUN_RESULT:0:0:39:2000:----
RUN_RESULT:0:0:40:2000:----
RUN_RESULT:0:0:41:173:RUDDUUUDDDDLLLD
RUN_RESULT:0:0:42:2000:----
RUN_RESULT:0:0:43:2000:----
RUN_RESULT:0:0:44:8:RLR
RUN_RESULT:0:0:45:2000:----
RUN_RESULT:0:0:46:2000:----
RUN_RESULT:0:0:47:2000:----
RUN_RESULT:0:0:48:2000:----
RUN_RESULT:0:0:49:2000:----
RUN_RESULT:0:0:50:74:RDD
RUN_RESULT:0:0:51:15:DDLDRRLLL
RUN_RESULT:0:0:52:4:DRRR
RUN_RESULT:0:0:53:2000:----
RUN_RESULT:0:0:54:2000:----
RUN_RESULT:0:0:55:2000:----
RUN_RESULT:0:0:56:2000:----
RUN_RESULT:0:0:57:2000:----
RUN_RESULT:0:0:58:54:DDRDRDRUU
RUN_RESULT:0:0:59:2000:----
RUN_RESULT:0:0:60:1:U
RUN_RESULT:0:0:61:2000:----
RUN_RESULT:0:0:62:2000:----
RUN_RESULT:0:0:63:2000:----
RUN_RESULT:0:0:64:97:UURRLLLLURRRRLLLLUURUR
RUN_RESULT:0:0:65:2000:----
RUN_RESULT:0:0:66:2000:----
RUN_RESULT:0:0:67:2000:----
RUN_RESULT:0:0:68:2000:----
RUN_RESULT:0:0:69:2000:----
RUN_RESULT:0:0:70:2000:----
RUN_RESULT:0:0:71:2000:----
RUN_RESULT:0:0:72:2000:----
RUN_RESULT:0:0:73:1123:LLLULDDRRRD
RUN_RESULT:0:0:74:2000:----
RUN_RESULT:0:0:75:2000:----
RUN_RESULT:0:0:76:1294:DDLDDUDUDDDDDDDDDDDUDUDDDDDDDDUDLURURRRUURURUU
RUN_RESULT:0:0:77:177:UULUULUWWWWWWWUWUWRLUUWWWWWWWUWUWWWUUWWWWWWWUWUWWWUUWWWWWWWUWUWWWUUWWWWWWWUWUWWWUUWWWWWWWRRUUL
RUN_RESULT:0:0:78:2000:----
RUN_RESULT:0:0:79:2000:----
RUN_RESULT:0:0:80:16:RURUURRRUULULLD
RUN_RESULT:0:0:81:73:UUUURUURRURRRR
RUN_RESULT:0:0:82:2000:----
RUN_RESULT:0:0:83:47:RRRRR
RUN_RESULT:0:0:84:2000:----
RUN_RESULT:0:0:85:2000:----
RUN_RESULT:0:0:86:2000:----
RUN_RESULT:0:0:87:896:LULDLLDDRRURRULLLRUUUUULDDDDDURRU
RUN_RESULT:0:0:88:836:LULDLLDDRRURRULLLDUURUUUR
RUN_RESULT:0:0:89:2000:----
RUN_RESULT:0:0:90:2000:----
RUN_RESULT:0:0:91:2000:----
RUN_RESULT:0:0:92:2000:----
RUN_RESULT:0:0:93:2000:----
RUN_RESULT:0:0:94:2000:----
RUN_RESULT:0:0:95:2000:----
RUN_RESULT:0:0:96:2000:----
RUN_RESULT:0:0:97:3:UUR
RUN_RESULT:0:0:98:2000:----
RUN_RESULT:0:0:99:2000:----
RUN_RESULT:0:0:100:2000:----
RUN_RESULT:0:0:101:2000:----
RUN_RESULT:0:0:102:1:R
RUN_RESULT:0:0:103:2000:----
RUN_RESULT:0:0:104:2000:----
RUN_RESULT:0:0:105:2000:----
RUN_RESULT:0:0:106:2000:----
RUN_RESULT:0:0:107:2000:----
RUN_RESULT:0:0:108:2000:----
RUN_RESULT:0:0:109:2000:----
RUN_RESULT:0:0:110:2000:----
RUN_RESULT:0:0:111:2000:----
RUN_RESULT:0:0:112:936:DRRRDDDRDLUUURURDDRURRUURRLLURDLDDDDDRDRURRURLDURRLDLRUURUUDLUURRRLDLDDDDDRURUUURLURLUDLDDDDDDURRDULLDDRRLU
RUN_RESULT:0:0:113:11:URRDD
RUN_RESULT:0:0:114:2000:----
RUN_RESULT:0:0:115:2000:----
RUN_RESULT:0:0:116:2000:----
RUN_RESULT:0:0:117:2000:----
RUN_RESULT:0:0:118:2000:----
RUN_RESULT:0:0:119:2000:----
RUN_RESULT:0:0:120:2000:----
RUN_RESULT:0:0:121:2000:----
RUN_RESULT:0:0:122:166:DDDRDRRRRDRDRDLLUUULULU
RUN_RESULT:0:0:123:30:DDRR
RUN_RESULT:0:0:124:2000:----
RUN_RESULT:0:0:125:26:URRRDRDD
RUN_RESULT:0:0:126:2000:----
RUN_RESULT:0:0:127:240:RRRRDRDLLLDLLLD
RUN_RESULT:0:0:128:2000:----
RUN_RESULT:0:0:129:2000:----
RUN_RESULT:0:0:130:2000:----
RUN_RESULT:0:0:131:2000:----
RUN_RESULT:0:0:132:2000:----
RUN_RESULT:0:0:133:2000:----
RUN_RESULT:0:0:134:2000:----
RUN_RESULT:0:0:135:2000:----
RUN_RESULT:0:0:136:26:URRRDRDD
RUN_RESULT:0:0:137:94:DDLDD
RUN_RESULT:0:0:138:2000:----
RUN_RESULT:0:0:139:2000:----
RUN_RESULT:0:0:140:62:UUURRRRUUURR
RUN_RESULT:0:0:141:2000:----
RUN_RESULT:0:0:142:2000:----
RUN_RESULT:0:0:143:2000:----
RUN_RESULT:0:0:144:2000:----
RUN_RESULT:0:0:145:2000:----
RUN_RESULT:0:0:146:2000:----
RUN_RESULT:0:0:147:2000:----
RUN_RESULT:0:0:148:2000:----
RUN_RESULT:0:0:149:2000:----
RUN_RESULT:0:0:150:2000:----
RUN_RESULT:0:0:151:2000:----
RUN_RESULT:0:0:152:2000:----
RUN_RESULT:0:0:153:2000:----
RUN_RESULT:0:0:154:2000:----
RUN_RESULT:0:0:155:83:RRRRDDRUUUULLU
RUN_RESULT:0:0:156:2000:----
RUN_RESULT:0:0:157:2000:----
RUN_RESULT:0:0:158:2000:----
RUN_RESULT:0:0:159:2000:----
RUN_RESULT:0:0:160:2000:----
RUN_RESULT:0:0:161:2000:----
RUN_RESULT:0:0:162:67:RRDDDDDDRDRRRR
RUN_RESULT:0:0:163:2000:----
RUN_RESULT:0:0:164:2000:----
RUN_RESULT:0:0:165:2000:----
RUN_RESULT:0:0:166:2000:----
RUN_RESULT:0:0:167:2000:----
RUN_RESULT:0:0:168:2000:----
RUN_RESULT:0:0:169:2000:----
RUN_RESULT:0:0:170:2000:----
RUN_RESULT:0:0:171:2000:----
RUN_RESULT:0:0:172:2000:----
RUN_RESULT:0:0:173:5:DDDLL
RUN_RESULT:0:0:174:2000:----
RUN_RESULT:0:0:175:205:RRRRRDLULL
RUN_RESULT:0:0:176:2000:----
RUN_RESULT:0:0:177:2000:----
RUN_RESULT:0:0:178:2000:----
RUN_RESULT:0:0:179:2000:----
RUN_RESULT:0:0:180:2000:----
RUN_RESULT:0:0:181:2000:----
RUN_RESULT:0:0:182:2000:----
RUN_RESULT:0:0:183:2000:----
The time of execution is: 600.118715763092 s
