pygame 2.2.0 (SDL 2.30.7, Python 3.8.10)
Hello from the pygame community. https://www.pygame.org/contribute.html
LEVEL:0:__________\n_b....F13_\n_l..W16.._\n_llwlllll_\n_.....V.._\n_gggG..12_\n_v.g1.L18_\n_f.g0...._\n_ggg..B12_\n__________
BATCH:0:0:0
TRAINING ON LEVEL:112
of 184 levels
---LEVEL STRING---
__________
_b....F13_
_l..W16.._
_llwlllll_
_.....V.._
_gggG..12_
_v.g1.L18_
_f.g0...._
_ggg..B12_
__________
---LEVEL STRING---
TRACK:0;-1;-1;4;2;2;2;4;2;5;1;1;4;22;1.9953636014610883;0;9;12;4;6;23;-5.374050384852389;0;4;0;1;14;14;5;12;2;0;2;8;9;3;19;0;1;22;-7.187212315485231;25;1;24;15;2;4;0;5;0;3;25;1;23;-7.806077170905851;8;1;1;6;10;5;15;3;0;20;4.376970951905307;20;6.393962804010663;2;5;5;0;1;11;21;-8.295458121023469;2;9;24;5;0;5;2;25;11;4;0;9;20;5.411358125126204;0;1;4;0;1;4;4;19;2;3;24;3;21;8.143277110521836;1;4;6;25;4;0;23;-4.024183402476423;22;-7.76456181670488;1;1;0;1;4;10;3;18;3;5;18;6;2;0;21;-3.7748267919273797;24;5;18;6;6;0;2;12;25;0;24;22;-9.567794436247137;6;0;1;5;1;3;10;2;18;14;3;0;6;13;4;25;1;2;6;1;18;12;5;5;15;2;3;4;21;-9.275335803629009;2;4;25;4;11;3;1;1;3;6;4;4;5;10;4;2;6;6;4;24;1;5;1;14;21;3.515389488146729;0;6;16;4;21;-1.9283287266167477;5;0;1;5;2;5;9;2;12;8;4;6;6;20;8.527117885208405;5;0;5;2;24;19;4;6;11
TRACK:1;-1;-1;3;3;5;3;6;6;1;3;5;3;21;-4.940567219450315;5;3;1;7;0.8617626352741876;16
TRACK:2;-1;-1;3;2;2;0;1;1;5;0;6;0;24;25;3;4;14;3;0;3;6;23;-3.770700032851064;2;6;13;0;13;15;3;0;5;2;1;12;24;2;22;-6.684813659880198;11;2;6;5;8;5;5;12;0;0;6;5;4;0;19;18;2;2;1;3;10;4;13;5;6;10;2;4;1;13;7;8.960310767883922;6;0;24;16;4;4;2;3;6;17;0;4;14;4;16;4;3;4;6;1;0;4;10;1;19;23;-2.9259771512180865;0;4;19;4;7;2.321947346324947;2;4;3;6;1;1;2;3;7;4.625323013502033;6;9;6;2;15;11;4;2;1;19;21;8.979026310063965;5;19;4;3;3;5;0;3;5;9;2;3;18;4;24
TRACK:3;-1;-1;2;2;5;2;5;6;6;6;4;6;7;-5.091603145612877;2;4;2;5;4;1;22;7.418004774038824;19;1;3;6;7;7.136762151334356;6;4;10;6;0;4;5;3;11;2;2;6;14;2;14;16;2;5;18;5;11;1;6;5;0;3;5;5;6;19;0;5;2;5;9;6;16;5;2;1;23;2.9190341872950363;21;-1.1057589006293522;2;17;18;0;0;1;3;1;3;3;24;0;2;22;8.890773517572935;14;6;12;4;6;0;5;11;0;12;8;0;6;0;3;1;23;7.141391347225831;18;4;1;9;15;3;6;2;0;9;11;4;10;5;5;0;5;6;0;23;1.1674326238033927;21;-5.088137929341157;6;1;3;15;5;12;2;2;6;4;3;3;2;2;5;20;9.482858460506346;3;11;4;6;11;2;1;5;3;1;1;0;25;7;1.377783205759977;5;22;-5.606013190056938;4;4;7;-6.882443756700836;0;6;3;5;0;18;20;0.1441000616785182;1;5;4;2;10;13;5;4;0;24;11;0;5;1;4;0;5;14;6;8;4;2;4;11;4;14;1;3;1;4;4;17;3;5;7;9.8170377717665;1;5;2;2;21;4.021308639978917;14;1;17;13;4;6;4;15;5;3;6;6;3;0;1;0;15;19;4;17;5;6;14
TRACK:4;-1;-1;5;1;1;6;4;1;1;3;1;0;24;10;1;20;1.7705894945358285;23;9.14793924189393;3;6;1;20;3.454186334862783;10;1;2;3;6;22;-6.733956747715409;6;4;10;5;1;6;21;3.536623978604286;6;21;2.8093476100257657;5;0;2;4;4;4;2;24;20;-0.9152566972319587;1;4;5;4;22;-2.0382418506465054;6;0;6;14;4;21;9.466220679455425;3;6;0;3;5;21;-8.9918156810651;3;3;13;6;3;6;0;1;2;1;0;11;17;0;21;-8.103360248247126;18;0;3;7;-1.1457589303661102;0;17;7;-3.9601715881581416;3;6;2;14;20;3.1145158466927363;4;6;0;5;25;5;7;7.50127993452228
TRACK:5;-1;-1;6;5;5;0;1;2;5;1;6;3;17;3;3;9;6;3;5;6;22;-9.468703143614219;2;0;3;2;2;18;23;8.209196535453856;1;25;16;6;4;5;25;2;3;4;6;14;6;3;4;13;3;3;1;1;3;6;10;2;6;8;2;14;16;2;2;4;9;5;12;0;5;18;0;22;3.1956417846000367;15
TRACK:6;-1;-1;6;2;3;2;0;1;1;6;6;0;18;7;9.587824359254796;3;6;6;18;2;4;5;6;20;-6.18959401854136;5;1;0;12;12;2;22;-8.158818684771646;14;6;4;1;1;4;25;2;19;19;2;0;12;14;0;7;3.1997105723140624;13;5;5;3;1;4;5;25;5;0;17;12;2;1;0;5;5;6;2;3;19;0;25;23;8.82644948466546;2;0;5;2;0;25;16;6;25;5;0;5;13;3;24;2;1;2;3;9;0;10;18;0;3;15;4;8;4;1;2;19;9;1;13;11;3;4;3;2;0;2;12;25;6;15;6;5;7;-0.4408311040844559;4;0;1;5;4;5;3;8;6;1;2;1;25;11;5;18;0;1;25;23;-7.9430122719325364;4;18;5;6;0;6;5;11;6;5;7;-4.557632403201765
TRACK:7;-1;-1;6;5;1;5;0;3;2;6;4;2;23;-8.686726590887918;15;5;3;6;14;0;0;6;4;4;17;4;4;0;13;24;0;3;0;1;18;15;4;7;-4.833833161022314;3;6;5;24;2;2;6;6;0;3;6;8;4;4;17;4;2;4;2;5;20;2.4779476117758357;0;9;12;5;2;3;16;2;24;16;1;0;4;5;1;2;12;24;5;15;6;2;3;5;22;-8.38078656938306;5;3;9;5;1;4;6;2;19;24;3;4;0;7;-4.33661171842918;21;-3.1302760603121342
TRACK:8;-1;-1;2;6;0;4;1;3;0;5;3;0;19;8;5;2;0;19;15;5;15;4;5;0;0;4;24;4;17;0;2;25;18;0;11;23;1.9691971015251557;6;4;2;3;4;4;6;22;7.160789206683635;6;2;5;3;16;3;4;22;0.34773461411763584;2;5;6;5;2;0;4;6;4;10;1;1;0;10;18;6;20;-5.2374584836063764;2;0;22;0.27936111283194265;19;6;12;2;0;0;6;18;4;25;1;0;23;2.4646493240224245;19;6;20;-4.843327941718945;0;1;1;10;9;3;8;3;4;20;7.385370284473282;1;3;5;5;6;4;1;6;9;2;12;19;5;4;6;6;2;3;2;11;22;-5.427895743244702;3;1;17;14
TRACK:9;-1;-1;2;1;2;1;6;2;5;0;1;2;10;11;4;23;6.285997181173272;0;1;21;-3.3616620763639693;15;4;7;9.948930957401785;2;1;2;4;20;-2.2427134020880484;3;21;6.997260874182537;1;0;7;-9.443000844368019;19;1;23;1.8295065173633809;12;6;3;0;25;11;0;2;2;6;1;3;24;2;17;17;3;3;3;19;0;5;1;2;25;11;2;11;22;7.212066851366362;6;4;1;7;0.27638798294488076;16;0;2;1;0;2;23;9.404299112674117;23;-0.32471992158784246;4;19;6;6;19;1;0;1;18;22;-0.07691989899532459;3;17;4;2;22;1.667315012381101;16;6;5;1;6;8;6;10;2;2;2;1;0;3;1;7;-4.266135779773268;14;0;1;11;14;2;14;13;5;2;4;19;6;18;6;6;3;1;14;13;0;3;5;6;1;19;16;3;1;4;0;17;15;3;3;22;0.019969323739974953;5;2;3;1;4;2;24;12;3;1;21;-1.7579731030497836;15;2;1;3;3;16;2;6;9;2;13;9;5;0;1;23;-9.852310279786717;10;1;8;15;2;5;5;4;2;1;4;2;22;-0.4948302240950557;17;3;4;23;2.9359793384496076;1;6;5;8;5;5;17;1;3;0;3;3;2;2;19;16;0;21;1.0050120619706355;10;4;4;2;1;11;25;3;22;-6.973249785615514;1;2;3;4;0;2;18;25;6;15;2;1;1;4;9;1;14;23;5.7056482073725405;4;5;20;-0.997079157200524;2;6;5;7;-1.9268691841788037;4;0;8;18;3;6;5;1;0;23;-5.936966731582669;11;1;10;8;0;2;0;1;6;1;4;2;1;14;9;1;25;7;-9.331122950518045;2;3;0;10;24;3;0;12;19;1;5;0;2;1;9;20;7.430878544613243;6;25;2;3;14;5;25;1;1;5;3;22;7.600149398941735;0;4;7;3.9850433106022205;4;23;-5.520319041713466;6;0;1;25;16;5;15;5;1;2;3;6;6;22;9.6728075160993;5;1;4;14;3;17;2;0;0;4;13;3;16;2;1;13;12;4;24;3;2;5;14;1;18;15;5;4;0;4;1;3;6;8;3;2;24;13;6;2;0;3;18;2;19;15;2;6;24;3;9;3;2;0;3;3;2;2;0;21;1.4505098995364456;9;3;12;5;3;18;2;6;3;3;1;13;10;0;1;4;1;10;25;5;1;7;-1.9895728033145978;12;1;5;5;11;6;1;24;19;6;3;3;1;3;5;23;-5.3434139043775115;4;6;19
EVAL_INSTANCE:0:0:0
EVAL_INSTANCE:0:1:1
EVAL_INSTANCE:0:2:2
EVAL_INSTANCE:0:3:3
EVAL_INSTANCE:0:4:4
EVAL_INSTANCE:0:5:5
EVAL_INSTANCE:0:6:6
EVAL_INSTANCE:0:7:7
EVAL_INSTANCE:0:8:8
EVAL_INSTANCE:0:9:9
RUN_RESULT:0:0:0:991:RRRDRRDRDLDLLDRDRUDDDD
RUN_RESULT:0:1:0:138:DDRDRRDRDLLDLL
RUN_RESULT:0:2:0:2000:----
RUN_RESULT:0:3:0:25:DDDRRRDRDDRUUDL
RUN_RESULT:0:4:0:2000:----
RUN_RESULT:0:5:0:130:DDRDRRDRRURDLDLLUUURURRLLDRRLLDDDDLUUUUUDL
RUN_RESULT:0:6:0:2000:----
RUN_RESULT:0:7:0:2000:----
RUN_RESULT:0:8:0:369:RRRDLDDRRDRURDLDUURRDLUULDDDLLLLDL
RUN_RESULT:0:9:0:2000:----
=================================================
n_gen  |  n_eval  |     f_avg     |     f_min    
=================================================
     1 |       10 | -1.834700E+03 | -3.975000E+03
TRACK:10;5;6;6;5;5;0;1;2;5;1;6;3;17;3;3;7;3.1997105723140624;6;3;5;6;22;-9.468703143614219;2;0;3;2;2;18;23;8.209196535453856;1;25;16;6;4;5;25;2;3;4;6;14;6;3;4;13;3;3;1;1;3;6;10;2;6;8;2;14;16;2;2;4;9;5;12;0;5;18;0;22;3.1956417846000367;15
TRACK:11;5;6;6;2;3;2;0;1;1;6;6;0;18;7;9.587824359254796;3;6;6;18;2;4;5;6;20;-6.18959401854136;5;1;0;12;12;2;22;-8.158818684771646;14;6;4;1;1;4;25;2;19;19;2;0;12;14;0;7;3.1997105723140624;13;5;5;3;1;4;5;25;5;0;17;12;2;1;0;5;5;6;2;3;19;0;25;23;8.82644948466546;2;0;5;2;0;25;16;6;25;5;0;5;13;3;24;2;1;2;3;9;0;10;18;0;3;15;4;8;4;1;2;19;9;1;13;11;3;4;3;2;0;2;12;25;6;15;22;3.1956417846000367;4;0;1;5;4;5;3;8;6;1;2;1;25;11;5;18;0;1;25;23;-7.9430122719325364;4;18;5;6;0;6;5;11;6;5;7;-4.557632403201765
TRACK:12;3;8;2;2;5;2;5;6;6;6;4;6;7;-5.091603145612877;2;4;2;5;4;1;22;7.418004774038824;19;1;3;6;7;7.136762151334356;6;4;10;6;0;4;5;3;11;2;2;6;14;2;14;16;2;5;18;5;11;1;6;5;0;3;5;5;6;19;0;5;2;5;9;6;16;5;2;1;23;2.9190341872950363;21;-1.1057589006293522;2;17;18;0;0;1;3;1;3;3;24;0;2;22;8.890773517572935;14;6;12;4;6;0;5;11;0;12;8;0;6;0;3;1;23;7.141391347225831;18;4;1;9;15;3;6;2;0;9;11;4;10;5;5;0;5;6;0;23;1.1674326238033927;21;-5.088137929341157;6;1;3;15;5;12;2;2;6;4;3;3;2;2;5;20;9.482858460506346;3;11;4;6;11;2;1;5;3;1;1;0;25;7;1.377783205759977;5;22;-5.606013190056938;4;4;7;-6.882443756700836;0;6;3;5;0;18;20;0.1441000616785182;1;5;4;2;10;13;5;4;0;24;11;0;5;1;4;0;5;14;6;8;10;1;3;1;4;4;17;3;5;7;9.8170377717665;1;5;2;2;21;4.021308639978917;14;1;17;13;4;6;4;15;5;3;6;6;3;0;1;0;15;19;4;17;5;6;14
TRACK:13;3;8;2;6;0;4;1;3;0;5;3;0;19;8;5;2;0;19;15;5;15;4;5;0;0;4;24;4;17;0;2;25;18;0;11;23;1.9691971015251557;6;4;2;3;4;4;6;22;7.160789206683635;6;2;5;3;16;3;4;22;0.34773461411763584;2;5;6;5;2;0;4;6;4;10;1;1;0;10;18;6;20;-5.2374584836063764;2;0;22;0.27936111283194265;19;6;12;2;0;7;7.136762151334356;1;0;23;2.4646493240224245;19;6;20;-4.843327941718945;0;1;1;10;9;3;8;3;4;20;7.385370284473282;1;3;5;5;6;4;1;6;9;2;12;19;5;4;6;6;2;3;2;11;22;-5.427895743244702;3;1;17;14
TRACK:14;1;7;3;3;2;4;2;5;20;2.4779476117758357;0;9;12;5;2;3;16;2;24;16
TRACK:15;1;7;6;5;1;5;0;3;2;6;4;2;23;-8.686726590887918;15;5;3;6;14;0;0;6;4;4;17;4;4;0;13;24;0;3;0;1;18;15;4;7;-4.833833161022314;3;6;5;24;2;2;6;6;0;3;6;8;4;4;17;4;2;4;2;5;20;2.4779476117758357;0;9;12;5;2;3;16;2;7;0.8617626352741876;16;1;0;4;5;1;2;12;24;5;15;6;2;3;5;22;-8.38078656938306;5;3;9;5;1;4;6;2;19;24;3;4;0;7;-4.33661171842918;21;-3.1302760603121342
TRACK:16;5;8;6;5;5;0;1;2;5;1;6;3;17;3;3;9;6;3;5;6;22;-9.468703143614219;2;0;3;2;2;18;23;8.209196535453856;1;25;16;6;4;5;25;2;3;4;6;14;6;3;4;13;3;3;1;1;3;17;2;6;8;2;14;16;2;2;4;9;5;12;0;5;18;0;22;3.1956417846000367;15
TRACK:17;5;8;2;6;0;4;1;3;0;5;3;0;19;8;5;2;0;19;15;5;15;4;5;0;0;4;24;4;17;0;2;25;18;0;11;23;1.9691971015251557;6;4;2;3;4;4;6;22;7.160789206683635;6;2;5;3;16;3;4;22;0.34773461411763584;2;5;6;5;2;0;4;6;4;10;1;1;0;10;18;6;20;-5.2374584836063764;2;0;22;0.27936111283194265;19;6;12;2;0;0;6;18;4;25;1;0;23;2.4646493240224245;19;6;20;-4.843327941718945;0;1;1;10;9;3;8;3;4;20;7.385370284473282;1;3;5;5;6;3;9;5;4;6;6;2;3;2;11;22;-5.427895743244702;3;1;17;14
TRACK:18;3;0;2;2;5;2;5;6;6;6;4;6;7;-5.091603145612877;2;4;2;5;4;1;22;7.418004774038824;19;1;3;6;7;7.136762151334356;6;4;10;6;0;4;5;3;11;2;2;6;14;2;14;16;2;5;18;5;11;1;6;5;0;3;5;5;6;19;0;5;2;5;9;6;16;5;2;1;23;2.9190341872950363;21;-1.1057589006293522;2;17;18;0;0;1;3;1;3;3;24;0;2;22;8.890773517572935;14;6;12;4;6;0;5;11;0;12;8;0;6;0;3;1;11;18;4;1;9;15;3;6;2;0;9;11;4;10;5;5;0;5;6;0;23;1.1674326238033927;21;-5.088137929341157;6;1;3;15;5;12;2;2;6;4;3;3;2;2;5;20;9.482858460506346;3;11;4;6;11;2;1;5;3;1;1;0;25;7;1.377783205759977;5;22;-5.606013190056938;4;4;7;-6.882443756700836;0;6;3;5;0;18;20;0.1441000616785182;1;5;4;2;10;13;5;4;0;24;11;0;5;1;4;0;5;14;6;8;4;2;4;11;4;14;1;3;1;4;4;17;3;5;7;9.8170377717665;1;5;2;2;21;4.021308639978917;14;1;17;13;4;6;4;15;5;3;6;6;3;0;1;0;15;19;4;17;5;6;14
TRACK:19;3;0;4;2;2;2;4;2;5;1;1;4;22;1.9953636014610883;0;9;12;4;6;23;-5.374050384852389;0;4;0;1;14;14;5;12;2;0;2;8;9;3;19;0;1;22;-7.187212315485231;25;1;24;15;2;4;0;5;0;3;25;1;23;-7.806077170905851;8;1;1;6;10;5;15;3;0;20;4.376970951905307;20;6.393962804010663;2;5;5;0;1;11;21;-8.295458121023469;2;9;24;5;0;5;2;25;11;4;0;9;20;5.411358125126204;0;1;4;0;1;4;4;19;2;3;24;3;21;8.143277110521836;1;4;6;25;4;0;23;-4.024183402476423;22;-7.76456181670488;1;1;0;1;4;10;3;18;3;5;18;6;2;0;21;-3.7748267919273797;24;5;18;6;6;0;2;12;25;0;24;22;-9.567794436247137;6;0;1;5;1;3;10;2;18;14;3;0;6;13;16;1;2;6;1;18;12;5;5;15;2;3;4;21;-9.275335803629009;2;4;25;4;11;3;1;1;3;6;4;4;5;10;4;2;6;6;4;24;1;5;1;14;21;3.515389488146729;0;6;16;4;21;-1.9283287266167477;5;0;1;5;2;5;9;2;12;8;4;6;6;20;8.527117885208405;5;0;5;2;24;19;4;6;11
TRACK:20;10;-1;6;5;5;0;1;2;5;1;6;3;17;3;3;7;3.204568916132342;6;3;5;6;22;-9.586280059291811;2;0;3;2;2;18;23;8.171557240330635;1;25;16;6;4;5;25;2;3;4;6;14;6;3;4;13;3;3;1;1;3;6;10;2;6;8;3;10;2;2;4;9;5;12;0;5;18;0;22;3.314058533631224;15
TRACK:21;12;-1;2;2;5;2;5;6;6;6;4;6;7;-5.130848873640765;2;4;2;5;4;1;22;7.536916751924634;19;1;3;6;7;7.00504775770151;6;4;10;6;0;4;5;3;11;2;2;6;14;2;14;16;2;5;18;5;11;1;6;5;0;3;5;5;6;19;0;5;2;5;9;6;16;5;2;1;23;2.839927920869077;21;-1.2337529459230707;2;17;18;0;0;1;3;1;3;3;24;0;2;22;9.064431412595257;14;6;12;4;6;0;5;11;0;12;8;0;6;0;3;1;23;7.183844720581273;18;4;1;9;15;3;6;2;0;9;11;4;10;5;5;0;5;6;0;23;1.0915408263613573;21;-5.118165625277596;6;4;12;2;2;6;4;3;3;2;2;5;20;9.505674894062572;3;11;4;6;11;2;1;5;3;1;1;0;25;7;1.4287880289065626;5;22;-5.642168548350777;4;4;7;-6.919995153104931;0;6;3;5;0;18;20;0.13502991200817668;1;5;4;2;10;13;5;4;0;24;11;0;5;1;4;0;5;14;6;8;10;1;3;1;4;4;17;3;5;7;9.845007219409233;1;5;2;2;21;3.915764386656514;14;1;17;13;4;6;4;15;5;3;6;6;3;0;1;0;15;19;4;17;5;6;14
TRACK:22;14;-1;3;3;2;4;2;5;20;2.5145182099320396;0;9;5;1;19;18;5;2;3;16;2;24;16
TRACK:23;5;-1;6;5;5;0;1;2;5;1;6;3;17;3;3;9;6;3;5;6;22;-9.40189648698853;2;0;3;3;11;6;4;5;25;2;3;4;6;14;6;3;4;13;3;3;1;1;3;6;10;2;6;8;2;14;16;2;2;4;9;5;12;0;5;18;0;22;3.058301163202414;15
TRACK:24;18;-1;2;2;5;2;5;6;6;6;4;6;7;-5.058221308403785;2;4;2;5;4;1;22;7.459244271756901;19;1;3;6;7;7.188096145241204;6;4;10;6;0;4;5;3;11;2;2;6;14;2;14;16;2;10;20;-1.048712279648571;1;6;5;0;3;5;5;6;19;0;5;2;5;9;6;16;5;2;1;23;3.067516460537638;21;-1.197300511295837;2;17;18;0;0;1;3;1;3;3;24;0;2;22;8.898602464794452;14;6;12;4;6;0;5;11;0;12;8;0;6;0;3;1;11;18;4;1;9;15;3;6;2;0;9;11;4;10;5;5;0;5;6;0;23;1.3061900126572792;21;-5.180239284907893;6;1;3;15;5;12;2;2;6;4;3;3;2;2;5;20;9.455479539837365;3;11;4;6;11;2;1;5;3;1;1;0;25;7;1.4631003877911506;5;22;-5.808635016033068;4;4;7;-6.826036922989877;0;6;3;5;0;18;20;0.04591212955887389;1;5;4;2;10;13;5;4;0;24;11;0;5;1;4;0;5;14;6;8;4;2;4;11;4;14;1;3;1;4;4;17;3;5;7;9.89826166399709;1;5;2;2;21;4.08862816940896;14;1;17;13;4;6;4;15;5;3;6;6;3;0;1;0;15;19;4;17;5;6;14
TRACK:25;11;-1;6;2;3;2;0;1;1;6;6;0;18;7;9.63332143328709;3;6;6;18;2;4;5;6;20;-6.0935599341882565;5;1;0;12;12;2;22;-8.148452933981899;14;6;4;1;1;4;25;2;19;19;2;0;12;14;0;7;3.222351767590052;13;5;5;3;1;4;5;25;3;19;2;1;0;5;5;6;2;3;19;0;25;23;8.845732422230373;2;0;5;2;0;25;16;6;25;5;0;5;13;3;24;2;1;2;3;9;0;10;18;0;3;15;4;8;4;1;2;19;9;1;13;11;3;4;3;2;0;2;12;25;6;15;22;3.2535813292028486;4;0;1;5;4;5;3;8;6;1;2;1;25;11;5;18;0;1;25;23;-7.894760075935956;4;18;5;6;0;6;5;11;6;5;7;-4.550601373549293
TRACK:26;13;-1;2;6;0;4;1;3;0;5;3;0;19;8;5;2;0;19;15;5;15;4;5;0;0;4;24;4;17;0;2;25;18;0;11;23;2.0745248011721795;6;4;2;3;4;4;6;22;7.140539526375869;6;2;5;3;16;3;4;22;0.499840273636207;2;5;6;5;2;0;4;6;4;10;1;1;0;10;18;6;20;-5.279825454919698;2;0;22;0.25709717385964126;19;6;12;2;0;7;7.171830335876838;1;3;19;6;20;-5.047863973339347;0;1;1;10;9;3;8;3;4;20;7.373565259310979;1;3;5;5;6;4;1;6;9;2;12;19;5;4;6;6;2;3;2;11;22;-5.323260835124903;3;1;17;14
TRACK:27;15;-1;6;5;1;5;0;3;2;6;4;4;18;5;3;6;14;0;0;6;4;4;17;4;4;0;13;24;0;3;0;1;18;15;4;7;-4.7606142204000355;3;6;5;24;2;2;6;6;0;3;6;8;4;4;17;4;2;4;2;5;20;2.499766841655354;0;9;12;5;2;3;16;2;7;0.7673263421956182;16;1;0;4;5;1;2;12;24;5;15;6;2;3;5;22;-8.449551314885825;5;3;9;5;1;4;6;2;19;24;3;4;0;7;-4.469815735772944;21;-2.8812841246618124
TRACK:28;8;-1;2;6;0;4;1;3;0;5;3;0;19;8;5;2;0;19;15;5;15;4;5;0;0;4;24;4;17;0;2;25;18;0;11;23;1.678975775505646;6;4;2;3;4;4;6;22;7.179410467543123;6;2;5;3;16;3;4;22;0.41086467454764375;2;5;6;5;2;0;4;6;4;10;1;1;0;10;18;6;20;-5.306096072076294;2;0;22;0.25838116648726406;20;-4.340810977083178;6;12;2;0;0;6;18;4;25;1;0;23;2.5251875676510966;19;6;20;-4.955769270614988;0;1;1;10;9;3;8;3;4;20;7.44118498145782;1;3;5;5;6;4;1;6;9;2;12;19;5;4;6;6;2;3;2;11;22;-5.47411561402028;3;1;17;14
TRACK:29;19;-1;4;2;2;2;4;2;5;1;1;4;22;1.964581618247592;0;9;12;4;6;23;-5.387389443734139;0;4;0;1;14;14;5;12;2;0;2;8;9;3;19;0;1;22;-7.122882393685906;25;1;24;15;2;4;0;5;0;3;11;1;23;-7.974612838135177;8;1;1;6;10;5;15;3;0;20;4.318081550346095;20;6.443664788357553;2;5;5;0;1;11;21;-8.302503903978325;2;9;24;5;0;5;2;25;11;4;0;9;20;5.636933363164717;0;1;4;0;1;4;4;19;2;3;24;3;21;8.117029841090938;1;4;6;25;4;0;23;-4.103967975056145;22;-8.040393795225881;1;1;0;1;4;10;3;18;3;5;18;6;2;0;21;-3.8305060921552765;24;5;18;6;6;0;2;12;25;0;24;22;-9.496091016834715;6;0;1;5;1;3;10;2;18;14;3;0;6;13;16;1;2;6;1;18;12;5;5;15;2;3;4;21;-9.15660275763966;2;4;25;4;11;3;1;1;3;6;4;4;5;10;4;2;6;6;4;24;1;5;1;14;21;3.504926021713771;0;6;16;4;21;-1.933973270834437;5;0;1;5;2;5;9;2;12;8;4;6;6;20;8.37380088335965;5;0;5;2;24;19;4;6;11
EVAL_INSTANCE:1:0:20
EVAL_INSTANCE:1:1:21
EVAL_INSTANCE:1:2:22
EVAL_INSTANCE:1:3:23
EVAL_INSTANCE:1:4:24
EVAL_INSTANCE:1:5:25
EVAL_INSTANCE:1:6:26
EVAL_INSTANCE:1:7:27
EVAL_INSTANCE:1:8:28
EVAL_INSTANCE:1:9:29
RUN_RESULT:1:0:0:2000:----
RUN_RESULT:1:1:0:25:DDDRRRDRDDRUUDL
RUN_RESULT:1:2:0:1119:DDDRRRDRDDRRULLULLLDRLDL
RUN_RESULT:1:3:0:130:DDRDRRDRRURDLDLLUUURURRLLDRRLLDDDDLUUUUUDL
RUN_RESULT:1:4:0:25:DDDRRRDRDDRUUDL
RUN_RESULT:1:5:0:2000:----
RUN_RESULT:1:6:0:369:RRRDLDDRRDRURDLDUURRDLUULDDDLLLLDL
RUN_RESULT:1:7:0:2000:----
RUN_RESULT:1:8:0:2000:----
RUN_RESULT:1:9:0:991:RRRDRRDRDLDLLDRDRUDDDD
     2 |       20 | -3.680700E+03 | -3.975000E+03
TRACK:30;3;21;2;2;5;2;5;6;6;6;4;6;7;-5.091603145612877;2;4;2;5;4;1;22;7.418004774038824;19;1;3;6;7;7.136762151334356;6;4;10;6;0;4;5;3;11;2;2;6;14;2;14;16;2;5;18;5;11;1;6;5;0;3;5;5;6;19;0;5;2;5;9;6;16;5;2;1;23;2.9190341872950363;21;-1.1057589006293522;2;17;18;0;0;1;3;1;3;3;24;0;2;22;8.890773517572935;14;6;12;4;6;0;5;11;0;12;8;0;6;0;3;1;23;7.141391347225831;18;4;1;9;15;3;6;2;0;9;11;4;10;5;5;0;5;6;0;23;1.1674326238033927;21;-5.088137929341157;6;1;3;15;5;12;2;2;6;4;3;3;2;2;5;20;9.482858460506346;3;11;4;6;11;2;1;5;3;1;1;0;25;7;1.377783205759977;5;22;-5.606013190056938;4;4;7;-6.882443756700836;0;6;3;5;0;18;20;0.1441000616785182;1;5;4;2;10;13;5;4;0;24;11;0;5;1;4;0;5;14;6;8;4;2;4;11;4;14;1;3;1;4;4;17;3;5;7;9.845007219409233;1;5;2;2;21;4.021308639978917;14;1;17;13;4;6;4;15;5;3;6;6;3;0;1;0;15;19;4;17;5;6;14
TRACK:31;3;21;2;2;5;2;5;6;6;6;4;6;7;-5.130848873640765;2;4;2;5;4;1;22;7.536916751924634;19;1;3;6;7;7.00504775770151;6;4;10;6;0;4;5;3;11;2;2;6;14;2;14;16;2;5;18;5;11;1;6;5;0;3;5;5;6;19;0;5;2;5;9;6;16;5;2;1;23;2.839927920869077;21;-1.2337529459230707;2;17;18;0;0;1;3;1;3;3;24;0;2;22;9.064431412595257;14;6;12;4;6;0;5;11;0;12;8;0;6;0;3;1;23;7.183844720581273;18;4;1;9;15;3;6;2;0;9;11;4;10;5;5;0;5;6;0;23;1.0915408263613573;21;-5.118165625277596;6;4;12;2;2;6;4;3;3;2;2;5;20;9.505674894062572;3;11;4;6;11;2;1;5;6;14;0;6;3;5;0;18;20;0.13502991200817668;1;5;4;2;10;13;5;4;0;24;11;0;5;1;4;0;5;14;6;8;10;1;3;1;4;4;17;3;5;7;9.845007219409233;1;5;2;2;21;3.915764386656514;14;1;17;13;4;6;4;15;5;3;6;6;3;0;1;0;15;19;4;17;5;6;14
TRACK:32;24;1;2;2;5;2;5;6;6;6;4;6;7;-5.058221308403785;2;4;2;5;4;1;22;7.459244271756901;19;1;3;6;7;7.188096145241204;6;4;10;6;0;4;5;3;11;2;2;6;14;2;14;16;2;10;20;-1.048712279648571;1;6;5;0;3;5;5;6;19;0;5;2;5;9;6;16;5;2;1;23;3.067516460537638;21;-1.197300511295837;2;17;18;0;0;1;3;1;1;7;0.8617626352741876;16;0;2;22;8.898602464794452;14;6;12;4;6;0;5;11;0;12;8;0;6;0;3;1;11;18;4;1;9;15;3;6;2;0;9;11;4;10;5;5;0;5;6;0;23;1.3061900126572792;21;-5.180239284907893;6;1;3;15;5;12;2;2;6;4;3;3;2;2;5;20;9.455479539837365;3;11;4;6;11;2;1;5;3;1;1;0;25;7;1.4631003877911506;5;22;-5.808635016033068;4;4;7;-6.826036922989877;0;6;3;5;0;18;20;0.04591212955887389;1;5;4;2;10;13;5;4;0;24;11;0;5;1;4;0;5;14;6;8;4;2;4;11;4;14;1;3;1;4;4;17;3;5;7;9.89826166399709;1;5;2;2;21;4.08862816940896;14;1;17;13;4;6;4;15;5;3;6;6;3;0;1;0;15;19;4;17;5;6;14
TRACK:33;24;1;3;15
TRACK:34;23;21;6;5;5;0;1;2;5;1;6;3;17;3;3;9;6;3;5;6;22;-9.40189648698853;2;0;3;3;11;6;4;5;25;2;3;4;6;14;6;3;4;13;3;3;1;1;3;6;10;2;6;8;5;14;2;2;4;9;5;12;0;5;18;0;22;3.058301163202414;15
TRACK:35;23;21;2;2;5;2;5;6;6;6;4;6;7;-5.130848873640765;2;4;2;5;4;1;22;7.536916751924634;19;1;3;6;7;7.00504775770151;6;4;10;6;0;4;5;3;11;2;2;6;14;2;14;16;2;5;18;5;11;1;6;5;0;3;5;5;6;19;0;5;2;5;9;6;16;5;2;1;23;2.839927920869077;21;-1.2337529459230707;2;17;18;0;0;1;3;1;3;3;24;0;2;22;9.064431412595257;14;6;12;4;6;0;5;11;0;12;8;0;6;0;3;1;23;7.183844720581273;18;4;1;9;15;3;6;2;0;9;11;4;10;5;5;0;5;6;0;23;1.0915408263613573;21;-5.118165625277596;6;4;12;2;2;6;4;3;3;2;2;5;20;9.505674894062572;3;11;4;6;11;2;1;5;3;1;1;0;25;7;1.4287880289065626;5;22;-5.642168548350777;4;4;7;-6.919995153104931;0;6;3;5;0;18;20;0.13502991200817668;1;5;4;2;10;13;5;4;0;24;11;6;10;5;3;6;6;3;0;1;0;15;19;4;17;5;6;14
TRACK:36;26;24;2;6;0;4;1;3;0;5;3;0;19;8;5;2;0;19;15;5;15;4;5;0;0;4;24;4;17;4;4;7;-6.826036922989877;6;4;2;3;4;4;6;22;7.140539526375869;6;2;5;3;16;3;4;22;0.499840273636207;2;5;6;5;2;0;4;6;4;10;1;1;0;10;18;6;20;-5.279825454919698;2;0;22;0.25709717385964126;19;6;12;2;0;7;7.171830335876838;1;3;19;6;20;-5.047863973339347;0;1;1;10;9;3;8;3;4;20;7.373565259310979;1;3;5;5;6;4;1;6;9;2;12;19;5;4;6;6;2;3;2;11;22;-5.323260835124903;3;1;17;14
TRACK:37;26;24;2;2;5;2;5;6;6;6;4;6;7;-5.058221308403785;2;4;2;5;4;1;22;7.459244271756901;19;1;3;6;7;7.188096145241204;6;4;10;6;0;4;5;3;11;2;2;6;14;2;14;16;2;10;20;-1.048712279648571;1;6;5;0;3;5;5;6;19;0;5;2;5;9;6;16;5;2;1;23;3.067516460537638;21;-1.197300511295837;2;17;18;0;0;1;3;1;3;3;24;0;2;22;8.898602464794452;14;6;12;4;6;0;5;11;0;12;8;0;6;0;3;1;11;18;4;1;9;15;3;6;2;0;9;11;4;10;5;5;0;5;6;0;23;1.3061900126572792;21;-5.180239284907893;6;1;3;15;5;12;2;2;6;4;3;3;2;2;5;20;9.455479539837365;3;11;4;6;11;2;1;5;1;17;14;0;6;3;5;0;18;20;0.04591212955887389;1;5;4;2;10;13;5;4;0;24;11;0;5;1;4;0;5;14;6;8;4;2;4;11;4;14;1;3;1;4;4;17;3;5;7;9.89826166399709;1;5;2;2;21;4.08862816940896;14;1;17;13;4;6;4;15;5;3;6;6;3;0;1;0;15;19;4;17;5;6;14
TRACK:38;23;3;6;5;5;0;1;2;5;1;6;3;17;3;3;9;6;3;5;6;22;-9.40189648698853;2;0;3;3;11;6;4;5;25;2;3;4;6;14;6;3;4;13;3;3;1;1;1;23;2.9190341872950363;21;-1.1057589006293522;2;6;8;2;14;16;2;2;4;9;5;12;0;5;18;0;22;3.058301163202414;15
TRACK:39;23;3;2;2;5;2;5;6;6;6;4;6;7;-5.091603145612877;2;4;2;5;4;1;22;7.418004774038824;19;1;3;6;7;7.136762151334356;6;4;10;6;0;4;5;3;11;2;2;6;14;2;14;16;2;5;18;5;11;1;6;5;0;3;5;5;6;19;0;5;2;5;9;6;16;5;2;1;23;2.9190341872950363;21;-1.1057589006293522;2;17;18;0;0;1;3;1;3;3;24;0;2;22;8.890773517572935;14;6;12;4;6;0;5;11;0;12;8;0;6;0;3;1;23;7.141391347225831;18;4;1;9;15;3;6;2;0;9;11;4;10;5;5;0;5;6;0;23;1.1674326238033927;21;-5.088137929341157;6;1;3;15;5;12;2;2;6;4;3;3;2;2;5;20;9.482858460506346;3;11;4;6;11;2;1;5;3;1;1;0;25;7;1.377783205759977;5;22;-5.606013190056938;4;4;7;-6.882443756700836;0;6;3;5;0;18;20;0.1441000616785182;1;5;4;2;10;13;5;4;0;24;11;0;5;1;4;0;5;14;6;8;4;2;4;11;4;14;1;3;1;4;4;17;3;5;7;9.8170377717665;1;5;2;2;21;4.021308639978917;14;6;14;4;6;4;15;5;3;6;6;3;0;1;0;15;19;4;17;5;6;14
TRACK:40;30;-1;2;2;5;2;5;6;6;6;4;6;7;-5.078179041486816;2;4;2;5;4;1;22;7.464725800853901;19;1;3;6;7;7.0748217003814515;6;4;10;6;0;4;5;3;11;2;2;6;14;2;14;16;2;5;18;5;11;1;6;5;0;3;5;5;6;19;0;5;2;5;9;6;16;5;2;1;23;3.0377566431615888;21;-1.0694451032744883;2;17;18;0;0;1;3;1;3;3;24;0;2;22;9.039711996423529;14;6;12;4;6;0;5;11;0;12;8;0;6;0;3;1;23;7.158012488008953;18;4;1;9;15;3;6;2;0;10;13;4;10;5;5;0;5;6;0;23;0.969343325511377;21;-5.140340707617578;6;1;3;15;5;12;2;2;6;4;3;3;2;2;5;20;9.29945407803855;3;11;4;6;11;2;1;5;3;1;1;0;25;7;1.4012492209404728;5;22;-5.486483303272929;4;4;7;-6.776775202106905;0;6;3;5;0;18;20;0.28439857658953216;1;5;4;2;10;13;5;4;0;24;11;0;5;1;4;0;5;14;6;8;4;2;4;11;4;14;1;3;1;4;4;17;3;5;7;9.726492629924303;1;5;2;2;21;4.025425807438509;14;1;17;13;4;6;4;15;5;3;6;6;3;0;1;0;15;19;4;17;5;6;14
TRACK:41;32;-1;2;2;5;2;5;6;6;6;4;6;7;-5.166238757746288;2;4;2;5;4;1;22;7.428425446015611;19;1;3;6;7;7.334070534095149;6;4;10;6;0;4;5;3;11;2;2;6;14;2;14;16;2;10;20;-0.9025330808658277;1;6;5;0;3;5;5;6;19;0;5;2;5;16;6;16;5;2;1;23;3.0313260479641144;21;-1.015465706773845;2;17;18;0;0;1;3;1;1;7;0.8803841328703541;16;0;2;22;8.920581982209576;14;6;12;4;6;0;5;11;0;12;8;0;6;0;3;1;11;18;4;1;9;15;3;6;2;0;9;11;4;10;5;5;0;5;6;0;23;1.4522473532439775;21;-5.410401680808167;6;1;3;15;5;12;2;2;6;4;3;3;2;2;5;20;9.407272255454973;3;11;4;6;11;2;1;5;3;1;1;0;25;7;1.5017478740610288;5;22;-5.781877094724884;4;4;7;-6.832145779080002;0;6;3;5;0;18;20;0.17777893570120726;1;5;4;2;10;13;5;4;0;24;11;0;5;1;4;0;5;14;6;8;4;2;4;11;4;14;1;3;1;4;4;17;3;5;7;9.685132744135295;1;5;2;2;21;4.0918139242353835;14;1;17;13;4;6;4;15;5;3;6;6;3;0;1;0;15;19;4;17;5;6;14
TRACK:42;34;-1;5;1;10;21;-8.00588731221806
TRACK:43;36;-1;2;6;0;4;1;3;0;5;3;0;19;8;5;2;0;19;15;5;15;0;6;25;1;20;4.582443256748823;19;6;4;2;3;4;4;6;22;7.062416183757801;6;2;5;3;16;3;4;22;0.5165238184336665;2;5;6;5;2;0;4;6;4;10;1;1;0;10;18;6;20;-5.198553123586278;2;0;22;0.447798165963222;19;6;12;2;0;7;7.260379389875791;1;3;19;6;20;-4.921359039133994;0;1;1;10;9;3;8;3;4;20;7.496594228670561;1;3;5;5;6;4;1;6;9;2;12;19;5;4;6;6;2;3;2;11;22;-5.467697163988868;3;1;17;14
TRACK:44;23;-1;6;1;4;2;1;1;7;-9.639066701598214;16;0;22;-4.602094211783141;11;3;3;13;0;5;4;5;16;0;4;1;8;16;0;2;23;5.947795351768875;17;3;15
TRACK:45;31;-1;2;2;5;2;5;6;6;6;4;6;7;-4.996175205679947;2;4;2;5;4;1;22;7.6076156417846414;19;1;3;6;7;6.90035880387867;6;4;10;6;0;4;5;3;11;2;2;6;14;2;14;16;2;5;18;5;11;1;6;5;0;3;5;5;6;19;0;5;2;5;9;6;16;5;2;1;23;2.7514716455801516;21;-1.2238895807551573;2;17;18;0;0;1;3;1;3;3;24;4;22;2.9745681552748984;4;6;0;5;11;0;12;8;0;6;0;3;1;23;7.192501084555943;18;4;1;9;15;3;6;2;0;9;11;4;10;5;5;0;5;6;0;23;1.210242483620093;21;-5.232671558041494;6;4;12;2;2;6;4;3;3;2;2;5;20;9.348907293988407;3;11;4;6;11;2;1;5;6;14;0;6;3;5;0;18;20;0.2070398669945356;1;5;4;2;10;13;5;4;0;24;11;0;5;1;4;0;5;14;6;8;10;1;3;1;4;4;17;3;5;7;9.891329563799982;1;5;2;2;21;3.92959512206194;14;1;17;13;4;6;4;15;5;3;6;6;3;0;1;0;15;19;4;17;5;6;14
TRACK:46;33;-1;3;3;7;-6.510860463784585
TRACK:47;35;-1;2;2;5;2;5;6;6;6;4;6;7;-4.941592217376299;2;4;2;5;4;1;22;7.520592779081563;19;1;3;6;7;7.102530336381317;6;4;10;6;0;4;5;3;11;2;2;6;14;2;14;16;2;5;18;5;11;1;6;5;0;3;5;5;6;19;0;5;2;5;9;6;16;5;2;1;23;3.0120662724857374;21;-1.1569736479999613;2;17;18;0;0;1;3;1;6;6;12;0;2;22;9.14042327636454;14;6;12;4;6;0;5;11;0;12;8;0;6;0;3;1;23;7.154075764503482;18;4;1;9;15;3;6;2;0;9;11;4;10;5;5;0;5;6;0;23;1.0778456372433067;21;-5.249349478295805;6;4;12;2;2;6;4;3;3;2;2;5;20;9.418675807445961;3;11;4;6;11;2;1;5;3;1;1;0;25;7;1.377022639887722;5;22;-5.685002038356304;4;4;7;-6.881428857573004;0;6;3;5;0;18;20;0.09029357504171245;1;5;4;2;10;13;5;4;0;24;11;6;10;5;3;6;6;3;0;1;0;15;19;4;17;5;6;14
TRACK:48;37;-1;2;2;5;2;5;6;6;6;4;6;7;-4.971097112517584;2;4;2;5;4;1;22;7.35167617623874;19;1;3;6;7;7.243430944113473;6;4;10;6;0;4;5;3;11;2;2;6;14;2;14;16;2;10;20;-1.0574810776043413;1;6;5;0;3;5;5;6;19;0;5;2;5;9;6;16;5;2;1;23;3.201155185915309;21;-1.3203309917218782;2;22;-4.4357151396213474;15;0;0;1;3;1;3;3;24;0;2;22;8.98635767877162;14;6;12;4;6;0;5;11;0;12;8;0;6;0;3;1;11;18;4;1;9;15;3;6;2;0;9;11;4;10;5;5;0;5;6;0;23;1.3596945593474772;21;-5.122798387728696;6;1;3;15;5;12;2;2;6;4;3;3;2;2;5;20;9.483497832942831;3;11;4;6;11;2;1;5;1;17;14;0;6;3;5;0;18;20;0.035267135221402776;1;5;4;2;10;13;5;4;0;24;11;0;5;1;4;0;5;14;6;8;4;2;4;11;4;14;1;3;1;4;4;17;3;5;7;9.800289112320712;1;5;2;2;21;4.02002316896079;14;1;17;13;4;6;4;15;5;3;6;6;3;0;1;0;15;19;4;17;5;6;14
TRACK:49;3;-1;2;2;5;2;5;6;6;6;4;6;7;-4.965155323863691;2;4;2;5;4;1;22;7.460429258820407;19;1;3;6;7;7.203541611547829;6;4;10;6;5;18;1;6;5;0;3;5;5;6;19;0;5;2;5;9;6;16;5;2;1;23;2.740765777477356;21;-1.0152701062864118;2;17;18;0;0;1;3;1;3;3;24;0;2;22;8.98772148279192;14;6;12;4;6;0;5;11;0;12;8;0;6;0;3;1;23;7.050567284544362;18;4;1;9;15;3;6;2;0;9;11;4;10;5;5;0;5;6;0;23;1.0832386534757192;21;-5.297622880320765;6;1;3;15;5;12;2;2;6;4;3;3;2;2;5;20;9.702246711246467;3;11;4;6;11;2;1;5;3;1;1;0;25;7;1.4031386792284706;5;22;-5.59417384417664;4;4;7;-6.891060594344007;0;6;3;5;0;18;20;0.11889212595768338;1;5;4;2;10;13;5;4;0;24;11;0;5;1;4;0;5;14;6;8;4;2;4;11;4;14;1;3;1;4;4;17;3;5;7;9.80179026286913;1;5;2;2;21;3.973191045194739;14;1;17;13;4;6;4;15;5;3;6;6;3;0;1;0;15;19;4;17;5;6;14
EVAL_INSTANCE:2:0:40
EVAL_INSTANCE:2:1:41
EVAL_INSTANCE:2:2:42
EVAL_INSTANCE:2:3:43
EVAL_INSTANCE:2:4:44
EVAL_INSTANCE:2:5:45
EVAL_INSTANCE:2:6:46
EVAL_INSTANCE:2:7:47
EVAL_INSTANCE:2:8:48
EVAL_INSTANCE:2:9:49
RUN_RESULT:2:0:0:2000:----
RUN_RESULT:2:1:0:25:DDDRRRDRDDRUUDL
RUN_RESULT:2:2:0:30:DDDRRRDRDDLLLULD
RUN_RESULT:2:3:0:2000:----
RUN_RESULT:2:4:0:714:DRRRDRRDLD
RUN_RESULT:2:5:0:25:DDDRRRDRDDRUUDL
RUN_RESULT:2:6:0:690:DRRRDRRDLD
RUN_RESULT:2:7:0:25:DDDRRRDRDDRUUDL
RUN_RESULT:2:8:0:25:DDDRRRDRDDRUUDL
RUN_RESULT:2:9:0:21:DDDRRRDRDLLLDL
     3 |       30 | -3.964400E+03 | -3.979000E+03
TRACK:50;48;47;2;2;5;2;5;6;6;6;4;6;7;-4.971097112517584;2;4;2;5;4;1;22;7.35167617623874;19;1;3;6;7;7.243430944113473;6;4;10;6;0;4;5;3;11;2;2;6;14;2;14;16;2;10;20;-1.0574810776043413;1;6;5;0;3;5;5;6;19;0;5;2;5;9;6;16;5;2;1;23;3.201155185915309;21;-1.3203309917218782;6;12;0;0;1;3;1;3;3;24;0;2;22;8.98635767877162;14;6;12;4;6;0;5;11;0;12;8;0;6;0;3;1;11;18;4;1;9;15;3;6;2;0;9;11;4;10;5;5;0;5;6;0;23;1.3596945593474772;21;-5.122798387728696;6;1;3;15;5;12;2;2;6;4;3;3;2;2;5;20;9.483497832942831;3;11;4;6;11;2;1;5;1;17;14;0;6;3;5;0;18;20;0.035267135221402776;1;5;4;2;10;13;5;4;0;24;11;0;5;1;4;0;5;14;6;8;4;2;4;11;4;14;1;3;1;4;4;17;3;5;7;9.800289112320712;1;5;2;2;21;4.02002316896079;14;1;17;13;4;6;4;15;5;3;6;6;3;0;1;0;15;19;4;17;5;6;14
TRACK:51;48;47;2;2;5;2;5;6;6;6;4;6;7;-4.941592217376299;2;4;2;5;4;1;22;7.520592779081563;19;1;3;6;7;7.102530336381317;6;4;10;6;0;4;5;3;11;2;2;6;14;2;14;16;2;5;18;5;11;1;6;5;0;3;5;5;6;19;0;5;2;5;9;6;16;5;2;1;23;3.0120662724857374;21;-1.1569736479999613;2;18;18;0;0;1;3;1;6;6;12;0;2;22;9.14042327636454;14;6;12;4;6;0;5;11;0;12;8;0;6;0;3;1;23;7.154075764503482;18;4;1;9;15;3;6;2;0;9;11;4;10;5;5;0;5;6;0;23;1.0778456372433067;21;-5.249349478295805;6;4;12;2;2;6;4;3;3;2;2;5;20;9.418675807445961;3;11;4;6;11;2;1;5;3;1;1;0;25;7;1.377022639887722;5;22;-5.685002038356304;4;4;7;-6.881428857573004;0;6;3;5;0;18;20;0.09029357504171245;1;5;4;2;10;13;5;4;0;24;11;6;10;5;3;6;6;3;0;1;0;15;19;4;17;5;6;14
TRACK:52;45;49;2;2;5;2;5;6;6;6;4;6;7;-4.996175205679947;2;4;2;5;4;1;22;7.6076156417846414;19;1;3;6;7;6.90035880387867;6;4;10;6;0;4;5;3;11;2;2;6;12;2;14;16;2;5;18;5;11;1;6;5;0;3;5;5;6;19;0;5;2;5;9;6;16;5;2;1;23;2.7514716455801516;21;-1.2238895807551573;2;17;18;0;0;1;3;1;3;3;24;4;22;2.9745681552748984;4;6;0;5;11;0;12;8;0;6;0;3;1;23;7.192501084555943;18;4;1;9;15;3;6;2;0;9;11;4;10;5;5;0;5;6;0;23;1.210242483620093;21;-5.232671558041494;6;4;12;2;2;6;4;3;3;2;2;5;20;9.348907293988407;3;11;4;6;11;2;1;5;6;14;0;6;3;5;0;18;20;0.2070398669945356;1;5;4;2;10;13;5;4;0;24;11;0;5;1;4;0;5;14;6;8;10;1;3;1;4;4;17;3;5;7;9.891329563799982;1;5;2;2;21;3.92959512206194;14;1;17;13;4;6;4;15;5;3;6;6;3;0;1;0;15;19;4;17;5;6;14
TRACK:53;45;49;2;2;5;2;5;6;6;6;4;6;7;-4.965155323863691;2;4;2;5;4;1;22;7.460429258820407;19;1;3;6;7;7.203541611547829;6;4;10;6;5;18;1;6;5;0;3;5;5;6;19;0;5;2;5;9;6;16;5;2;1;23;2.740765777477356;21;-1.0152701062864118;2;17;18;0;0;1;3;1;3;3;24;0;2;22;8.98772148279192;14;6;12;4;6;0;5;11;0;12;8;0;6;0;3;1;23;7.050567284544362;18;4;1;9;15;3;6;2;0;9;11;4;10;5;5;0;5;6;0;23;1.0832386534757192;21;-5.297622880320765;6;1;3;15;5;12;2;2;6;4;3;3;2;2;5;20;9.702246711246467;3;11;4;6;11;2;1;5;3;1;1;3;24;5;22;-5.59417384417664;4;4;7;-6.891060594344007;0;6;3;5;0;18;20;0.11889212595768338;1;5;4;2;10;13;5;4;0;24;11;0;5;1;4;0;5;14;6;8;4;2;4;11;4;14;1;3;1;4;4;17;3;5;7;9.80179026286913;1;5;2;2;21;3.973191045194739;14;1;17;13;4;6;4;15;5;3;6;6;3;0;1;0;15;19;4;17;5;6;14
TRACK:54;42;47;5;5;3;11
TRACK:55;42;47;2;2;5;2;5;6;6;6;4;6;7;-4.941592217376299;2;4;2;5;4;1;22;7.520592779081563;19;1;3;6;7;7.102530336381317;6;4;10;6;0;4;5;3;11;2;2;6;14;2;14;16;2;5;18;5;11;1;6;5;0;3;5;5;6;19;0;5;2;5;9;6;16;5;2;1;23;3.0120662724857374;21;-1.1569736479999613;2;17;18;0;0;1;3;1;6;6;12;0;2;22;9.14042327636454;14;6;12;4;6;0;5;11;0;12;8;0;10;3;6;2;0;9;11;4;10;5;5;0;5;6;0;23;1.0778456372433067;21;-5.249349478295805;6;4;12;2;2;6;4;3;3;2;2;5;20;9.418675807445961;3;11;4;6;11;2;1;5;3;1;1;0;25;7;1.377022639887722;5;22;-5.685002038356304;4;4;7;-6.881428857573004;0;6;3;5;0;18;20;0.09029357504171245;1;5;4;2;10;13;5;4;0;24;11;6;10;5;3;6;6;3;0;1;0;15;19;4;17;5;6;14
TRACK:56;24;45;2;2;5;2;5;6;6;6;4;6;7;-5.058221308403785;2;4;2;5;4;1;22;7.459244271756901;19;1;3;6;7;7.188096145241204;6;4;10;6;0;4;5;3;11;2;2;6;14;2;14;16;2;10;20;-1.048712279648571;1;6;5;0;3;5;5;6;19;0;5;2;5;9;6;16;5;2;1;23;3.067516460537638;21;-1.197300511295837;2;17;18;0;0;1;3;1;3;3;24;0;2;22;8.898602464794452;14;6;12;4;6;0;5;11;0;12;8;0;6;0;3;1;11;18;4;1;9;15;3;6;2;0;9;11;4;10;5;5;0;5;6;0;23;1.3061900126572792;21;-5.180239284907893;6;1;3;15;5;12;2;2;6;4;0;12;8;2;1;5;3;1;1;0;25;7;1.4631003877911506;5;22;-5.808635016033068;4;4;7;-6.826036922989877;0;6;3;5;0;18;20;0.04591212955887389;1;5;4;2;10;13;5;4;0;24;11;0;5;1;4;0;5;14;6;8;4;2;4;11;4;14;1;3;1;4;4;17;3;5;7;9.89826166399709;1;5;2;2;21;4.08862816940896;14;1;17;13;4;6;4;15;5;3;6;6;3;0;1;0;15;19;4;17;5;6;14
TRACK:57;24;45;2;2;5;2;5;6;6;6;4;6;7;-4.996175205679947;2;4;2;5;11;1;3;6;7;6.90035880387867;6;4;10;6;0;4;5;3;11;2;2;6;14;2;14;16;2;5;18;5;11;1;6;5;0;3;5;5;6;19;0;5;2;5;9;6;16;5;2;1;23;2.7514716455801516;21;-1.2238895807551573;2;17;18;0;0;1;3;1;3;3;24;4;22;2.9745681552748984;4;6;0;5;11;0;12;8;0;6;0;3;1;23;7.192501084555943;18;4;1;9;15;3;6;2;0;9;11;4;10;5;5;0;5;6;0;23;1.210242483620093;21;-5.232671558041494;6;4;12;2;2;6;4;3;3;2;2;5;20;9.348907293988407;3;11;4;6;11;2;1;5;6;14;0;6;3;5;0;18;20;0.2070398669945356;1;5;4;2;10;13;5;4;0;24;11;0;5;1;4;0;5;14;6;8;10;1;3;1;4;4;17;3;5;7;9.891329563799982;1;5;2;2;21;3.92959512206194;14;1;17;13;4;6;4;15;5;3;6;6;3;0;1;0;15;19;4;17;5;6;14
TRACK:58;41;49;2;2;5;2;5;6;6;6;4;6;7;-5.166238757746288;2;4;2;5;4;1;22;7.428425446015611;19;1;3;6;7;7.334070534095149;6;4;10;6;0;4;5;3;11;2;2;6;14;2;14;16;2;10;20;-0.9025330808658277;1;6;5;0;3;5;5;6;19;0;5;2;5;16;6;16;5;2;1;23;3.0313260479641144;21;-1.015465706773845;2;17;18;0;0;1;3;1;1;7;0.8803841328703541;16;4;6;11;4;6;0;5;11;0;12;8;0;6;0;3;1;11;18;4;1;9;15;3;6;2;0;9;11;4;10;5;5;0;5;6;0;23;1.4522473532439775;21;-5.410401680808167;6;1;3;15;5;12;2;2;6;4;3;3;2;2;5;20;9.407272255454973;3;11;4;6;11;2;1;5;3;1;1;0;25;7;1.5017478740610288;5;22;-5.781877094724884;4;4;7;-6.832145779080002;0;6;3;5;0;18;20;0.17777893570120726;1;5;4;2;10;13;5;4;0;24;11;0;5;1;4;0;5;14;6;8;4;2;4;11;4;14;1;3;1;4;4;17;3;5;7;9.685132744135295;1;5;2;2;21;4.0918139242353835;14;1;17;13;4;6;4;15;5;3;6;6;3;0;1;0;15;19;4;17;5;6;14
TRACK:59;41;49;2;2;5;2;5;6;6;6;4;6;7;-4.965155323863691;2;4;2;5;4;1;22;7.460429258820407;19;1;3;6;7;7.203541611547829;6;4;10;6;5;18;1;6;5;0;3;5;5;6;19;0;5;2;5;9;6;16;5;2;1;23;2.740765777477356;21;-1.0152701062864118;2;17;18;0;0;1;3;1;3;3;24;0;2;22;8.98772148279192;14;6;12;4;6;0;5;11;0;12;8;0;6;0;3;1;23;7.050567284544362;18;4;1;9;15;3;6;2;0;9;11;4;10;5;5;0;5;6;0;23;1.0832386534757192;21;-5.297622880320765;6;1;3;15;5;12;2;2;6;4;3;3;2;2;5;20;9.702246711246467;3;11;4;6;11;2;1;5;3;1;1;0;25;7;1.4031386792284706;5;22;-5.59417384417664;4;4;7;-6.891060594344007;0;6;3;5;0;18;20;0.11889212595768338;1;5;4;2;10;13;5;4;0;24;11;0;5;1;4;0;5;14;6;14;4;2;4;11;4;14;1;3;1;4;4;17;3;5;7;9.80179026286913;1;5;2;2;21;3.973191045194739;14;1;17;13;4;6;4;15;5;3;6;6;3;0;1;0;15;19;4;17;5;6;14
TRACK:60;50;-1;2;2;5;2;5;6;6;6;4;6;7;-4.841714613102555;2;4;2;5;4;1;22;7.492514175684631;19;1;3;6;7;7.29514568187978;6;4;10;6;0;4;5;3;11;2;2;6;14;2;14;16;2;10;20;-0.9030240589874616;1;6;5;0;3;5;5;6;19;0;5;2;5;9;6;16;5;2;1;17;21;-1.443692640805687;6;12;0;0;1;3;1;3;3;24;0;2;22;8.942387508888723;14;6;12;4;6;0;5;11;0;12;8;0;6;0;3;1;11;18;4;1;9;15;3;6;2;0;9;11;4;10;5;5;0;5;6;0;23;1.4241337974807098;21;-5.179205154591322;6;1;3;15;5;12;2;2;6;4;3;3;2;2;5;20;9.46856386814851;3;11;4;6;11;2;1;5;1;17;14;0;6;3;5;0;18;20;-0.0641133026936233;1;5;4;2;10;13;5;4;0;24;11;0;5;1;4;0;5;14;6;8;4;2;4;11;4;14;1;3;1;4;4;17;3;5;7;9.966176872394989;1;5;2;2;21;4.0413202124204926;14;1;17;13;4;6;4;15;5;3;6;6;3;0;1;0;15;19;4;17;5;6;14
TRACK:61;45;-1;2;2;5;2;5;6;6;6;4;6;7;-4.80941553411165;2;4;2;5;4;1;22;7.744267783661226;19;1;3;6;7;6.854387369960461;6;4;10;6;0;4;5;3;11;2;2;6;14;2;14;16;2;5;18;5;11;1;6;5;0;3;5;5;6;19;0;5;2;5;9;6;16;5;2;1;23;2.716295617820795;21;-1.1732657057077116;2;17;18;0;0;1;3;1;3;3;24;4;22;2.9820853096647135;4;6;0;5;11;0;12;8;0;6;0;3;1;23;7.287069902248127;18;4;1;9;15;3;6;2;0;9;11;4;10;5;5;0;5;6;0;23;1.3873131791314108;21;-5.150814085912686;6;4;12;2;2;6;4;3;3;2;2;5;24;3;11;4;6;11;2;1;5;6;14;0;6;3;5;0;18;20;0.10769147958468575;1;5;4;2;10;13;5;4;0;24;11;0;5;1;4;0;5;14;6;8;10;1;3;1;4;4;17;3;5;7;9.92987327353496;1;5;2;2;21;3.884667959481402;14;1;17;13;4;6;4;15;5;3;6;6;3;0;1;0;15;19;4;17;5;6;14
TRACK:62;54;-1;5;5;3;6;6;3;5;1;2;6;14;2;22;7.51129313431678;15;4;3;9
TRACK:63;56;-1;2;2;5;2;5;6;6;6;4;6;7;-4.942053132669039;2;4;2;5;4;1;22;7.459288659970889;19;1;3;6;7;7.4514954839207475;6;4;10;6;0;4;5;3;11;2;2;6;14;2;14;16;2;10;20;-1.1518942539817256;1;6;5;0;3;5;5;6;19;0;5;2;5;9;6;16;5;2;1;23;3.1371568289606753;21;-1.0696301222672513;2;17;18;0;0;1;3;1;3;3;24;0;2;22;8.863906621698654;14;6;12;4;6;0;5;11;0;12;8;0;6;0;3;1;11;18;4;1;9;15;3;6;2;0;9;11;4;10;5;5;0;5;6;0;23;1.3089297291244626;21;-5.19107107996532;6;1;3;15;5;12;2;2;6;4;0;12;8;2;1;5;3;1;1;0;25;7;1.4795707863624241;5;22;-5.886696836145184;4;4;7;-6.6978679962002605;0;6;3;5;0;18;20;0.04919091466801285;1;5;4;2;10;13;5;4;0;24;11;0;5;1;4;0;5;14;6;8;4;2;4;11;4;14;1;3;1;4;4;17;3;5;7;9.939031974097317;1;5;2;2;21;4.188544833894086;14;1;17;13;4;6;4;15;5;3;6;0;5;19;2;17;15
TRACK:64;58;-1;2;2;5;3;6;9;1;6;5;0;3;5;5;6;19;0;5;2;5;16;6;16;5;2;1;23;2.94339322496911;21;-1.0177327335086304;2;17;18;0;0;1;3;1;1;7;0.8051422658412937;16;4;6;11;4;6;0;5;11;0;12;8;0;6;0;3;1;11;18;4;1;9;15;3;6;2;0;9;11;4;10;5;5;0;5;6;0;23;1.4372253490483027;21;-5.382697816440704;6;1;3;15;5;12;2;2;6;4;3;3;2;2;5;20;9.391099275533243;3;11;4;6;11;2;1;5;3;1;1;0;25;7;1.532429491412596;5;22;-5.792442751661974;4;4;7;-6.93653433174767;0;6;3;5;0;18;20;0.15828076878527153;1;5;4;2;10;13;5;4;0;24;11;0;5;1;4;0;5;14;6;8;4;2;4;11;4;14;1;3;1;4;4;17;3;5;7;9.730866982202398;1;5;2;2;21;4.2115602664998875;14;1;17;13;4;6;4;15;5;3;6;6;3;0;1;0;15;19;4;17;5;6;14
TRACK:65;51;-1;2;2;5;2;5;6;6;6;4;6;7;-5.146313497603059;2;4;2;5;4;1;22;7.622371432639825;19;1;3;6;7;7.129334578845494;6;4;10;6;0;4;5;3;11;2;2;6;14;2;14;16;2;5;18;5;11;1;6;5;0;3;5;5;6;19;0;5;2;5;9;6;16;5;2;1;23;2.929884993423759;21;-1.0273608162139032;2;18;18;0;0;1;3;1;6;6;12;0;2;22;9.090925399737154;14;4;9;4;6;0;5;11;0;12;8;0;6;0;3;1;23;7.181698958867615;18;4;1;9;15;3;6;2;0;9;11;4;10;5;5;0;5;6;0;23;1.1616485531980782;21;-5.203188167496594;6;4;12;2;2;6;4;3;3;2;2;5;20;9.55190962847541;3;11;4;6;11;2;1;5;3;1;1;0;25;7;1.5506431173628676;5;22;-5.652828699497018;4;4;7;-6.860142152386094;0;6;3;5;0;18;20;0.14868532454639502;1;5;4;2;10;13;5;4;0;24;11;6;10;5;3;6;6;3;0;1;0;15;19;4;17;5;6;14
TRACK:66;49;-1;2;2;5;2;5;6;6;6;4;6;7;-4.996466079660718;2;4;2;5;4;1;22;7.520165817734294;19;1;3;6;7;7.262666659264552;6;4;10;6;5;18;1;6;5;0;3;5;5;6;19;0;5;2;5;9;6;16;5;2;1;23;2.7313795155082885;21;-1.2319046624998178;2;17;18;0;0;1;3;1;3;3;24;0;2;22;8.906352165048391;14;6;12;4;6;0;5;11;0;12;8;0;6;0;3;1;23;7.012861779074463;18;4;1;9;15;3;6;2;0;9;11;4;10;5;0;6;3;9;0;5;11;4;10;2;2;6;4;3;3;2;2;5;20;9.667576817398777;3;11;4;6;11;2;1;5;3;1;1;0;25;7;1.4435409113447553;5;22;-5.618509508557545;4;4;7;-6.937307122761205;0;6;3;5;0;18;20;0.13482076290611747;1;5;4;2;10;13;5;4;0;24;11;0;5;1;4;0;5;14;6;8;4;2;4;11;4;14;1;3;1;4;4;17;3;5;7;9.794103401983092;1;5;2;2;21;4.082153377833316;14;1;17;13;4;6;4;15;5;3;6;6;3;0;1;0;15;19;4;17;5;6;14
TRACK:67;55;-1;2;2;5;2;5;6;6;6;4;6;7;-4.839797479607935;2;4;2;5;4;1;22;7.681435520396103;19;1;3;6;7;6.960153543273032;6;4;10;6;0;4;5;3;11;2;2;6;14;2;14;16;2;5;18;5;11;1;6;5;0;3;5;5;6;19;0;5;2;5;9;6;16;5;2;1;23;2.922455738108622;21;-1.2607231617047758;2;17;18;0;0;1;3;1;6;6;12;0;2;22;9.02496073570588;14;6;12;4;6;0;5;11;0;12;8;0;10;3;6;2;0;9;11;4;10;5;5;0;5;6;0;23;0.9990930280663947;21;-5.259950700447521;6;4;12;2;2;6;4;3;3;2;2;5;20;9.487530715162872;3;11;4;6;11;2;1;5;3;1;1;0;25;7;1.612097916289756;5;22;-5.516726782498463;4;4;7;-6.67353922225501;0;6;3;5;0;18;20;0.02787884968309099;1;5;4;1;11;23;1.1100274913922714;5;4;0;24;11;6;10;5;3;6;6;3;0;1;0;15;19;4;17;5;6;14
TRACK:68;57;-1;2;2;5;2;5;6;6;6;4;6;7;-5.088425893792945;2;4;2;5;11;1;3;0;13;16;6;4;10;6;0;4;5;3;11;2;2;6;14;2;14;16;2;5;18;5;11;1;6;5;0;3;5;5;6;19;0;5;2;5;9;6;16;5;2;1;23;2.8407306844470868;21;-1.5684501584334907;2;17;18;0;0;1;3;1;3;3;24;4;22;3.056041044657052;4;6;0;5;11;0;12;8;0;6;0;3;1;23;7.163192189879825;18;4;1;9;15;3;6;2;0;9;11;4;10;5;5;0;5;6;0;23;1.2433690172555905;21;-5.458954297608071;6;4;12;2;2;6;4;3;3;2;2;5;20;9.278278494034646;3;11;4;6;11;2;1;5;6;14;0;6;3;5;0;18;20;0.17201123585738104;1;5;4;2;10;13;5;4;0;24;11;0;5;1;4;0;5;14;6;8;10;1;3;1;4;4;17;3;5;7;10.0;1;5;2;2;21;4.166176655772727;14;1;17;13;4;6;4;15;5;3;6;6;3;0;1;0;15;19;4;17;5;6;14
TRACK:69;59;-1;2;2;5;2;5;6;6;6;4;6;7;-5.101629351318313;2;4;2;5;4;1;22;7.309431574939761;19;1;3;6;7;7.304047480745586;6;4;10;6;5;18;1;6;5;0;3;5;5;6;19;0;5;2;5;9;6;16;5;2;1;23;2.6496749853598693;21;-1.1469648211724344;2;17;18;0;0;1;3;1;3;3;24;0;2;22;8.975989861131735;14;6;12;4;6;0;5;11;0;12;8;0;6;0;3;1;23;7.045502703127612;18;4;1;9;15;3;6;2;0;9;11;4;10;5;5;0;5;6;0;23;1.015762956187285;21;-5.33734949387541;6;1;3;15;5;12;2;2;6;4;3;3;2;2;5;20;9.647922769841395;3;11;4;6;11;2;1;5;3;1;1;0;25;7;1.4515958936456184;5;22;-5.580253523514246;4;4;7;-6.738270755454934;0;6;3;5;0;18;20;0.1235222047865012;1;5;4;2;10;13;5;4;0;24;11;0;5;1;4;0;5;14;6;14;4;2;4;11;4;14;1;3;1;4;4;17;3;5;7;9.825334782025688;1;5;2;2;21;3.9923512336291225;14;1;17;13;4;6;4;15;5;3;6;6;3;0;1;0;21;0.7543781345051421;19;4;17;5;6;14
EVAL_INSTANCE:3:0:60
EVAL_INSTANCE:3:1:61
EVAL_INSTANCE:3:2:62
EVAL_INSTANCE:3:3:63
EVAL_INSTANCE:3:4:64
EVAL_INSTANCE:3:5:65
EVAL_INSTANCE:3:6:66
EVAL_INSTANCE:3:7:67
EVAL_INSTANCE:3:8:68
EVAL_INSTANCE:3:9:69
RUN_RESULT:3:0:0:25:DDDRRRDRDDRUUDL
RUN_RESULT:3:1:0:2000:----
RUN_RESULT:3:2:0:495:RRRRDDDURDLL
RUN_RESULT:3:3:0:25:RRDRRDRDLD
RUN_RESULT:3:4:0:2000:----
RUN_RESULT:3:5:0:25:DDDRRRDRDDRUUDL
RUN_RESULT:3:6:0:23:DDDRRRDRDLLLDL
RUN_RESULT:3:7:0:18:DDDRRRDRDLLLDL
RUN_RESULT:3:8:0:25:DDDRRRDRDDRUUDL
RUN_RESULT:3:9:0:21:DDDRRRDRDLLLDL
     4 |       40 | -3.976700E+03 | -3.982000E+03
TRACK:70;66;21;2;2;5;2;5;6;6;6;4;6;7;-4.996466079660718;2;4;2;5;4;1;22;7.520165817734294;19;1;3;6;7;7.262666659264552;6;4;10;6;5;18;1;6;5;0;3;5;5;6;19;0;5;2;5;9;6;16;5;2;1;23;2.7313795155082885;21;-1.2319046624998178;2;17;18;0;0;1;3;1;3;3;24;0;2;22;8.906352165048391;14;6;12;4;6;0;5;11;0;12;8;0;6;0;3;1;23;7.012861779074463;18;4;1;9;15;3;6;2;0;9;11;4;10;5;0;6;3;9;0;5;11;4;10;2;2;6;4;3;3;2;2;5;20;9.667576817398777;3;11;4;6;11;2;1;5;3;1;1;0;25;7;1.4435409113447553;5;22;-5.618509508557545;4;4;7;-6.937307122761205;0;6;3;5;0;18;20;0.13482076290611747;1;5;4;2;10;13;5;4;0;24;11;0;5;1;4;0;5;14;6;8;4;2;4;11;4;14;1;3;1;4;4;17;3;5;7;9.794103401983092;1;5;2;2;21;4.082153377833316;14;1;17;13;4;0;2;22;9.064431412595257;14;6;12;5;3;6;6;3;0;1;0;15;19;4;17;5;6;14
TRACK:71;66;21;2;2;5;2;5;6;6;6;4;6;7;-5.130848873640765;2;4;2;5;4;1;22;7.536916751924634;19;1;3;6;7;7.00504775770151;6;4;10;6;0;4;5;3;11;2;2;6;14;2;14;16;2;5;18;5;11;1;6;5;0;3;5;5;6;19;0;5;2;5;9;6;16;5;2;1;23;2.839927920869077;21;-1.2337529459230707;2;17;18;0;0;1;3;1;3;3;24;0;2;22;9.064431412595257;14;6;12;4;6;0;5;11;0;12;8;1;4;4;17;3;5;7;9.794103401983092;5;5;0;5;6;0;23;1.0915408263613573;21;-5.118165625277596;6;4;12;2;2;6;4;3;3;2;2;5;20;9.505674894062572;3;11;4;6;11;2;1;5;3;1;1;0;25;7;1.4287880289065626;5;22;-5.642168548350777;4;4;7;-6.919995153104931;0;6;3;5;0;18;20;0.13502991200817668;1;5;4;2;10;13;5;4;0;24;11;0;5;1;4;0;5;14;6;8;10;1;3;1;4;4;17;3;5;7;9.845007219409233;1;5;2;2;21;3.915764386656514;14;1;17;13;4;6;4;15;5;3;6;6;3;0;1;0;15;19;4;17;5;6;14
TRACK:72;3;49;2;2;5;2;5;6;6;6;4;6;7;-5.091603145612877;2;4;2;5;4;1;22;7.418004774038824;19;1;22;7.460429258820407;6;4;10;6;0;4;5;3;11;2;2;6;14;2;14;16;2;5;18;5;11;1;6;5;0;3;5;5;6;19;0;5;2;5;9;6;16;5;2;1;23;2.9190341872950363;21;-1.1057589006293522;2;17;18;0;0;1;3;1;3;3;24;0;2;22;8.890773517572935;14;6;12;4;6;0;5;11;0;12;8;0;6;0;3;1;23;7.141391347225831;18;4;1;9;15;3;6;2;0;9;11;4;10;5;5;0;5;6;0;23;1.1674326238033927;21;-5.088137929341157;6;1;3;15;5;12;2;2;6;4;3;3;2;2;5;20;9.482858460506346;3;11;4;6;11;2;1;5;3;1;1;0;25;7;1.377783205759977;5;22;-5.606013190056938;4;4;7;-6.882443756700836;0;6;3;5;0;18;20;0.1441000616785182;1;5;4;2;10;13;5;4;0;24;11;0;5;1;4;0;5;14;6;8;4;2;4;11;4;14;1;3;1;4;4;17;3;5;7;9.8170377717665;1;5;2;2;21;4.021308639978917;14;1;17;13;4;6;4;15;5;3;6;6;3;0;1;0;15;19;4;17;5;6;14
TRACK:73;3;49;2;2;5;2;5;6;6;6;4;6;7;-4.965155323863691;2;4;2;5;4;1;22;7.460429258820407;19;1;3;6;7;7.203541611547829;6;4;10;6;5;18;1;6;5;0;3;5;5;6;19;0;5;2;5;9;6;16;5;2;1;23;2.740765777477356;21;-1.0152701062864118;2;17;18;0;0;1;3;1;3;3;24;0;2;22;8.98772148279192;14;6;12;4;6;0;5;11;0;12;8;0;6;0;3;1;23;7.050567284544362;18;4;1;9;15;3;6;2;0;9;11;4;10;5;5;0;5;6;0;23;1.0832386534757192;21;-5.297622880320765;6;1;3;15;5;12;2;2;6;4;3;3;2;2;5;20;9.702246711246467;3;11;4;6;11;2;1;5;3;1;1;0;25;7;1.4031386792284706;5;22;-5.59417384417664;4;4;7;-6.891060594344007;0;6;3;5;0;18;20;0.11889212595768338;1;5;4;2;10;13;5;4;0;24;11;0;5;1;4;0;5;14;6;8;4;2;4;11;4;14;1;3;1;4;4;17;3;5;7;9.80179026286913;1;5;2;2;21;3.973191045194739;14;1;17;13;4;6;4;24;5;3;6;6;3;0;1;0;15;19;4;17;5;6;14
TRACK:74;67;47;2;2;5;2;5;6;6;6;4;6;7;-4.839797479607935;2;4;2;5;4;1;22;7.681435520396103;19;1;3;6;7;6.960153543273032;6;4;10;6;0;4;5;3;11;2;2;6;14;2;14;16;2;5;18;5;11;1;6;5;0;3;5;5;6;19;0;5;2;5;9;6;16;5;2;1;23;2.922455738108622;21;-1.2607231617047758;2;17;18;0;0;1;3;1;6;6;12;0;2;22;9.02496073570588;14;6;12;4;6;0;5;11;0;12;8;0;10;3;6;2;0;9;11;4;10;5;5;0;5;6;0;23;0.9990930280663947;21;-5.259950700447521;6;4;12;2;2;6;4;3;3;2;2;5;20;9.487530715162872;3;11;4;6;11;2;1;5;3;1;1;0;15;7;1.612097916289756;5;22;-5.516726782498463;4;4;7;-6.67353922225501;0;6;3;5;0;18;20;0.02787884968309099;1;5;4;1;11;23;1.1100274913922714;5;4;0;24;11;6;10;5;3;6;6;3;0;1;0;15;19;4;17;5;6;14
TRACK:75;67;47;2;2;5;2;5;6;6;6;4;6;7;-4.941592217376299;2;4;2;5;4;1;22;7.520592779081563;19;1;3;6;7;7.102530336381317;6;4;10;6;0;4;5;3;11;2;2;6;14;2;14;16;2;5;18;5;11;1;6;5;0;3;5;5;6;19;0;5;2;5;9;6;16;5;2;1;23;3.0120662724857374;12;2;17;18;0;0;1;3;1;6;6;12;0;2;22;9.14042327636454;14;6;12;4;6;0;5;11;0;12;8;0;6;0;3;1;23;7.154075764503482;18;4;1;9;15;3;6;2;0;9;11;4;10;5;5;0;5;6;0;23;1.0778456372433067;21;-5.249349478295805;6;4;12;2;2;6;4;3;3;2;2;5;20;9.418675807445961;3;11;4;6;11;2;1;5;3;1;1;0;25;7;1.377022639887722;5;22;-5.685002038356304;4;4;7;-6.881428857573004;0;6;3;5;0;18;20;0.09029357504171245;1;5;4;2;10;13;5;4;0;24;11;6;10;5;3;6;6;3;0;1;0;15;19;4;17;5;6;14
TRACK:76;69;67;2;2;5;2;5;6;6;6;4;6;7;-5.101629351318313;2;4;2;5;4;1;22;7.309431574939761;19;1;3;2;14;16;6;4;10;6;5;18;1;6;5;0;3;5;5;6;19;0;5;2;5;9;6;16;5;2;1;23;2.6496749853598693;21;-1.1469648211724344;2;17;18;0;0;1;3;1;3;3;24;0;2;22;8.975989861131735;14;6;12;4;6;0;5;11;0;12;8;0;6;0;3;1;23;7.045502703127612;18;4;1;9;15;3;6;2;0;9;11;4;10;5;5;0;5;6;0;23;1.015762956187285;21;-5.33734949387541;6;1;3;15;5;12;2;2;6;4;3;3;2;2;5;20;9.647922769841395;3;11;4;6;11;2;1;5;3;1;1;0;25;7;1.4515958936456184;5;22;-5.580253523514246;4;4;7;-6.738270755454934;0;6;3;5;0;18;20;0.1235222047865012;1;5;4;2;10;13;5;4;0;24;11;0;5;1;4;0;5;14;6;14;4;2;4;11;4;14;1;3;1;4;4;17;3;5;7;9.825334782025688;1;5;2;2;21;3.9923512336291225;14;1;17;13;4;6;4;15;5;3;6;6;3;0;1;0;21;0.7543781345051421;19;4;17;5;6;14
TRACK:77;69;67;2;2;5;2;5;6;6;6;4;6;7;-4.839797479607935;2;4;2;5;4;1;22;7.681435520396103;19;1;3;6;7;6.960153543273032;6;4;10;6;0;4;5;3;11;2;2;6;14;2;14;16;2;5;18;5;11;1;6;5;0;3;5;5;6;19;0;5;2;5;9;6;16;5;2;1;23;2.922455738108622;21;-1.2607231617047758;2;17;18;0;0;1;3;1;6;6;12;0;2;22;9.02496073570588;14;6;12;4;6;0;5;11;0;12;8;0;10;3;6;2;0;9;11;4;10;5;5;0;5;6;0;23;0.9990930280663947;21;-5.259950700447521;6;4;12;2;2;6;4;3;3;2;2;5;20;9.487530715162872;3;11;4;6;11;2;1;5;3;1;1;0;25;7;1.612097916289756;5;22;-5.516726782498463;4;4;7;-6.67353922225501;0;6;3;5;0;18;20;0.02787884968309099;1;5;4;1;11;23;1.1100274913922714;5;4;0;24;11;6;3;3;24;5;3;6;6;3;0;1;0;15;19;4;17;5;6;14
TRACK:78;49;66;2;2;5;2;5;6;6;6;4;6;7;-4.965155323863691;2;4;2;5;4;1;22;7.460429258820407;19;1;3;6;7;7.203541611547829;6;4;10;6;5;18;1;6;5;0;3;5;5;6;19;0;5;2;5;9;6;16;5;2;6;11;2;17;18;0;0;1;3;1;3;3;24;0;2;22;8.98772148279192;14;6;12;4;6;0;5;11;0;12;8;0;6;0;3;1;23;7.050567284544362;18;4;1;9;15;3;6;2;0;9;11;4;10;5;5;0;5;6;0;23;1.0832386534757192;21;-5.297622880320765;6;1;3;15;5;12;2;2;6;4;3;3;2;2;5;20;9.702246711246467;3;11;4;6;11;2;1;5;3;1;1;0;25;7;1.4031386792284706;5;22;-5.59417384417664;4;4;7;-6.891060594344007;0;6;3;5;0;18;20;0.11889212595768338;1;5;4;2;10;13;5;4;0;24;11;0;5;1;4;0;5;14;6;8;4;2;4;11;4;14;1;3;1;4;4;17;3;5;7;9.80179026286913;1;5;2;2;21;3.973191045194739;14;1;17;13;4;6;4;15;5;3;6;6;3;0;1;0;15;19;4;17;5;6;14
TRACK:79;49;66;2;2;5;2;5;6;6;6;4;6;7;-4.996466079660718;2;4;2;5;4;1;22;7.520165817734294;19;1;3;6;7;7.262666659264552;6;4;10;6;5;18;1;6;5;0;3;5;5;6;19;0;5;2;5;9;6;16;5;2;1;23;2.7313795155082885;21;-1.2319046624998178;2;17;18;0;0;1;3;1;3;3;24;0;2;22;8.906352165048391;14;6;12;4;6;0;5;11;0;12;8;0;6;0;3;1;23;7.012861779074463;18;4;1;9;15;3;6;2;0;9;11;4;10;5;0;6;3;9;0;3;6;7;7.203541611547829;4;10;2;2;6;4;3;3;2;2;5;20;9.667576817398777;3;11;4;6;11;2;1;5;3;1;1;0;25;7;1.4435409113447553;5;22;-5.618509508557545;4;4;7;-6.937307122761205;0;6;3;5;0;18;20;0.13482076290611747;1;5;4;2;10;13;5;4;0;24;11;0;5;1;4;0;5;14;6;8;4;2;4;11;4;14;1;3;1;4;4;17;3;5;7;9.794103401983092;1;5;2;2;21;4.082153377833316;14;1;17;13;4;6;4;15;5;3;6;6;3;0;1;0;15;19;4;17;5;6;14
TRACK:80;66;-1;2;2;5;2;5;6;6;6;4;6;7;-5.040180013235187;2;4;2;5;4;1;22;7.564421254092996;19;1;3;6;7;7.185419761687952;6;4;10;6;5;18;1;6;5;0;3;5;5;6;19;0;5;2;5;9;6;16;5;2;1;23;2.4754190272398633;21;-1.2352724452984598;2;17;18;0;0;1;3;1;3;3;24;0;2;22;9.106563827937707;14;6;12;4;6;0;5;12;0;12;8;0;6;0;3;1;23;6.93125339021733;18;4;1;9;15;3;6;2;0;9;11;4;10;5;0;6;3;9;0;5;11;4;10;2;2;6;4;3;3;2;2;5;20;9.58322857164537;3;11;4;6;11;2;1;5;3;1;1;0;25;7;1.4126478972283323;5;22;-5.721327182370943;4;4;7;-6.905420226448473;0;6;3;5;0;18;20;0.14231098902469497;1;5;4;2;10;13;5;4;0;24;11;0;5;1;4;0;5;14;6;8;4;2;4;11;4;14;1;3;1;4;4;17;3;5;7;9.63120786092889;1;5;2;2;21;4.031089922021394;14;1;17;13;4;6;4;15;5;3;6;6;3;0;1;0;15;19;4;17;5;6;14
TRACK:81;72;-1;2;2;5;2;5;6;6;6;4;6;7;-5.208259239274856;2;4;2;5;4;1;22;7.458720975365175;19;1;22;7.517855155148646;6;4;10;6;0;4;5;3;11;2;2;6;14;2;14;16;2;5;18;5;11;1;6;5;0;3;5;5;6;19;0;5;2;5;9;6;16;5;2;1;23;3.0155082567083076;21;-1.0012809236955516;2;17;18;0;0;1;3;1;3;3;24;0;2;22;8.736281411955147;14;6;12;4;6;0;5;11;0;12;8;0;6;0;3;1;23;7.067989467585684;18;4;1;9;15;3;6;2;0;9;11;4;10;5;5;0;5;6;0;23;1.0497211128587411;21;-5.076710126157845;6;1;3;15;5;12;2;2;6;4;3;3;2;2;5;20;9.401935123419541;3;11;4;6;11;2;1;5;3;1;1;0;25;7;1.273698869929524;5;22;-5.667232476369815;4;4;7;-7.066247093730423;0;6;3;5;0;18;20;0.14974079241817098;1;5;4;2;10;13;5;4;0;24;11;0;5;1;4;0;5;14;6;8;4;2;4;11;4;14;1;3;5;11;1;5;2;2;21;4.006115868621629;14;1;17;13;4;6;4;15;5;3;6;6;3;0;1;0;15;19;4;17;5;6;14
TRACK:82;74;-1;2;2;5;2;5;6;6;6;4;6;7;-4.9221149647716;2;4;2;5;4;1;22;7.708912422316088;19;1;3;6;13;6;4;10;6;0;4;5;3;11;2;2;6;14;2;14;16;2;5;18;5;11;1;6;5;0;3;5;5;6;19;0;5;2;5;9;6;16;5;2;1;23;2.895726745130768;21;-1.2860988538759013;2;17;18;0;0;1;3;1;6;6;12;0;2;22;9.07976668184689;14;6;12;4;6;0;5;11;0;12;8;0;10;3;6;2;0;9;11;4;10;5;5;0;5;6;0;23;0.9614348591502939;21;-5.274522580501949;6;4;12;2;2;6;4;3;3;2;2;5;20;9.520884552803993;3;11;4;6;11;2;1;5;3;1;1;0;15;7;1.5764689523989706;5;22;-5.608755372289354;4;4;7;-6.689843042966554;0;6;3;5;0;18;20;0.06645149411011314;1;5;4;1;11;23;1.1849433013561297;5;4;0;24;11;6;10;5;3;6;6;3;0;1;0;15;19;4;17;5;6;14
TRACK:83;76;-1;2;2;5;2;5;6;6;6;4;6;7;-5.375140872163963;2;4;2;5;4;1;17;19;1;3;2;14;16;6;4;10;6;5;18;1;6;5;0;3;5;5;6;19;0;5;2;5;9;6;16;5;2;1;23;2.5512527601035977;21;-1.2141946181971028;2;17;18;0;0;1;3;1;3;3;24;0;2;22;8.888416890739087;14;6;12;4;6;0;5;11;0;12;8;0;6;0;3;1;23;6.905544375710485;18;4;1;9;15;3;6;2;0;9;11;4;10;5;5;0;5;6;0;23;1.055170814497312;21;-5.323036642721249;6;1;3;15;5;12;2;2;6;4;3;3;2;2;5;20;9.564167801736216;3;11;4;6;11;2;1;5;3;1;1;0;25;7;1.3612072325208273;5;22;-5.547767243921692;4;4;7;-6.889159097595462;0;6;3;5;0;18;20;0.20768849171026957;1;5;4;2;10;13;5;4;0;24;11;0;5;1;4;0;5;14;6;14;4;2;4;11;4;14;1;3;1;4;4;17;3;5;7;9.954985691479356;1;5;2;2;21;3.9183126534831927;14;1;17;13;4;6;4;15;5;3;6;6;3;0;1;0;21;0.8307101826533474;19;4;17;5;6;14
TRACK:84;78;-1;2;2;5;2;5;6;6;6;4;6;7;-5.131908501469377;2;4;2;5;4;1;22;7.528372212839161;19;1;3;6;7;7.201378975856449;6;4;10;6;5;18;1;6;5;0;3;5;5;6;19;0;5;2;5;9;6;16;5;2;6;11;2;17;18;0;0;1;3;1;3;3;24;0;2;22;9.172177172190839;14;6;12;4;6;0;5;11;0;12;8;0;6;0;3;1;23;6.955443249670805;18;4;1;9;15;3;6;2;0;9;11;4;10;5;5;0;5;6;0;23;0.9410517421749736;21;-5.400918708889623;6;1;3;15;5;12;2;4;5;2;14;18;5;3;6;6;3;0;1;0;15;19;4;17;5;6;14
TRACK:85;21;-1;2;2;5;2;5;6;6;6;4;6;7;-4.658458817250253;2;4;2;5;4;1;22;7.801933029855146;19;1;3;6;7;6.9208996166986045;6;4;10;6;0;4;5;3;11;2;2;6;14;2;14;16;2;5;18;5;11;1;6;5;0;3;6;9;0;5;2;5;9;6;16;5;2;1;23;2.9561368426734416;21;-1.2086270631941218;2;17;18;0;0;1;3;1;3;3;24;0;2;22;9.045767715397147;14;6;12;4;6;0;5;11;0;12;8;0;6;0;3;1;23;7.21150944078668;18;4;1;9;15;3;6;2;0;9;11;4;10;5;5;0;5;6;0;23;0.9339919035952654;21;-5.037060372625957;6;4;12;2;2;6;4;3;3;2;2;5;20;9.509278223428552;3;11;4;6;11;2;1;5;3;1;1;0;25;7;1.4750011048180873;5;22;-5.531461606204106;4;4;7;-6.73646830641576;0;6;3;5;0;18;20;0.20708471433894832;1;5;4;2;10;13;5;4;0;24;11;0;5;1;4;0;5;14;6;8;10;1;3;1;4;4;17;3;5;7;9.779885888677077;1;5;2;2;21;3.7165051416685917;14;1;17;13;4;6;4;15;5;3;6;6;3;0;1;0;15;19;4;17;5;6;14
TRACK:86;73;-1;2;2;5;2;5;6;6;6;4;6;7;-4.810903321865943;2;4;2;5;4;1;22;7.620044305401209;19;1;3;6;7;7.280029667219559;6;4;10;6;5;18;1;6;5;0;3;5;5;6;19;0;3;6;12;5;2;1;23;2.779529205375366;21;-0.9324739418584966;2;17;18;0;0;1;3;1;3;3;24;0;2;22;9.05163303780197;14;6;12;4;6;0;5;11;0;12;8;0;6;0;3;1;23;7.3040628093576165;18;4;1;9;15;3;6;2;0;9;11;4;10;5;5;0;5;6;0;23;1.235500770647762;21;-5.200708565238985;6;1;3;15;5;12;2;2;6;4;3;3;2;2;5;20;9.854872562546783;3;11;4;6;11;2;1;5;3;1;1;0;25;7;1.4380321524980038;5;22;-5.652254028743279;4;4;7;-6.9444573624472;0;6;3;5;0;18;20;-0.03162358918303852;1;5;4;2;10;13;5;4;0;24;11;0;5;1;4;0;5;14;6;8;4;2;4;11;4;14;1;3;1;4;4;17;3;5;7;9.86338704146319;1;5;2;2;21;4.031539719276015;14;1;17;13;4;6;4;24;5;3;6;6;3;0;1;0;15;19;4;17;5;6;14
TRACK:87;75;-1;2;2;5;2;5;6;6;6;4;6;7;-4.8712772274032705;2;4;2;5;4;1;22;7.480663105727667;19;1;3;6;7;6.979758224875879;6;4;10;6;0;4;5;3;11;2;2;6;14;2;14;16;2;5;18;5;11;1;6;5;0;3;5;5;6;19;0;5;2;5;9;6;16;5;2;1;23;2.911929100119031;12;2;17;18;0;0;1;3;1;6;6;12;0;2;22;9.190184298456128;14;6;12;4;6;0;5;11;0;12;8;0;6;0;3;1;23;7.0819868954324185;18;4;1;9;15;3;6;2;0;9;11;4;10;5;5;0;5;6;0;23;0.981985480249864;21;-5.24627031448;6;4;12;2;2;6;4;3;3;2;2;5;20;9.4016867334776;3;11;4;6;11;2;1;5;3;1;1;0;25;7;1.1918341144746458;5;22;-5.728475791374046;4;4;7;-6.9332158040770535;0;6;3;5;0;18;20;0.15901253389370462;1;5;4;2;10;13;5;4;0;24;11;6;10;5;3;6;6;3;0;1;0;15;19;4;15;5;6;14
TRACK:88;77;-1;2;2;5;2;5;6;6;6;4;6;7;-4.737675094958419;2;4;2;5;4;1;22;7.584370175223616;19;1;3;6;7;6.918572577157337;6;4;10;6;0;4;5;3;11;2;2;6;14;2;14;16;2;5;18;5;11;1;6;5;0;3;5;5;6;19;0;5;2;5;9;6;16;5;2;1;23;2.8208820400782533;21;-1.0871574137701758;2;17;18;0;0;1;3;1;6;6;12;0;2;22;8.940614116526158;14;6;12;4;6;0;5;11;0;12;8;0;10;3;6;2;0;9;11;4;10;5;5;0;5;6;0;23;1.1020449586677628;21;-5.385095103673587;6;4;12;2;2;6;4;3;3;2;2;5;20;9.724389841023504;3;11;4;6;11;2;1;5;3;1;1;0;25;7;1.5540412181589445;5;22;-5.542376470404115;4;4;7;-6.638008078141404;0;1;6;2;1;9;23;2.355584779083152;4;19;5;6;2;25;11;1;5;4;1;11;23;1.1383794823089368;5;4;0;24;11;6;3;3;24;5;3;6;6;3;0;1;0;15;19;4;17;5;6;14
TRACK:89;79;-1;2;2;5;2;5;6;6;6;4;6;7;-5.001041118256227;2;4;2;5;4;1;22;7.497803790435933;19;1;3;6;7;7.21814100153772;6;4;10;6;5;18;1;6;5;0;3;5;5;6;19;0;5;2;5;9;6;16;5;2;1;23;2.7827445293527866;21;-1.3277556339085468;2;17;18;0;0;1;3;1;3;3;24;0;2;22;8.928043885331547;14;6;12;4;6;0;5;11;0;12;8;0;6;0;3;1;23;6.899346705478285;18;4;1;9;15;3;6;2;0;9;11;4;10;5;0;6;3;9;0;3;6;7;7.27705603839372;4;10;2;2;6;4;3;3;2;2;5;20;9.771630967838172;3;11;4;6;11;2;1;5;3;1;1;0;25;7;1.5522428004517954;5;22;-5.608031676718982;4;4;7;-6.883061101483606;0;6;3;5;0;18;20;0.07369723928616359;1;5;4;2;10;13;5;4;0;24;11;0;5;1;4;0;5;14;6;8;4;2;4;11;4;14;1;3;1;4;4;17;3;5;7;9.86694323068707;1;5;2;2;21;4.202213413438157;14;1;17;13;4;6;4;15;5;3;6;6;3;0;1;0;15;19;4;17;6;3;7;4.32322434774737
EVAL_INSTANCE:4:0:80
EVAL_INSTANCE:4:1:81
EVAL_INSTANCE:4:2:82
EVAL_INSTANCE:4:3:83
EVAL_INSTANCE:4:4:84
EVAL_INSTANCE:4:5:85
EVAL_INSTANCE:4:6:86
EVAL_INSTANCE:4:7:87
EVAL_INSTANCE:4:8:88
EVAL_INSTANCE:4:9:89
RUN_RESULT:4:0:0:23:DDDRRRDRDLLLDL
RUN_RESULT:4:1:0:18:DDDRRRDRDLLLDL
RUN_RESULT:4:2:0:18:DDDRRRDRDLLLDL
RUN_RESULT:4:3:0:18:DDDRRRDRDLLDLL
RUN_RESULT:4:4:0:144:RRDRRLDDDRDLLLDL
RUN_RESULT:4:5:0:2000:----
RUN_RESULT:4:6:0:57:DDDRRRDUUUDDDRDDRUDLRRLLU
RUN_RESULT:4:7:0:18:DDDRRRDRDLLLDL
RUN_RESULT:4:8:0:18:DDDRRRDRDLLLDL
RUN_RESULT:4:9:0:23:DDDRRRDRDLLLDL
     5 |       50 | -3.980400E+03 | -3.982000E+03
TRACK:90;83;49;2;2;5;2;5;6;6;6;4;6;7;-5.375140872163963;2;4;2;5;4;1;17;19;1;3;2;14;16;6;4;10;6;5;18;1;6;5;0;3;5;5;6;19;0;5;2;5;9;6;16;5;2;1;23;2.5512527601035977;21;-1.2141946181971028;2;17;18;0;0;1;3;1;3;3;24;0;2;22;8.888416890739087;14;6;12;4;6;0;5;11;0;12;8;0;6;0;3;1;23;6.905544375710485;18;4;1;9;15;3;6;2;0;9;11;4;10;5;5;0;5;6;0;23;1.055170814497312;21;-5.323036642721249;6;1;3;15;5;12;2;2;6;4;3;3;2;2;5;20;9.564167801736216;3;11;4;6;11;2;1;5;3;1;1;0;25;7;1.3612072325208273;5;22;-5.547767243921692;4;4;7;-6.889159097595462;0;6;3;5;0;18;20;0.20768849171026957;1;5;4;2;10;13;5;4;0;24;11;0;5;1;4;0;5;14;6;14;4;2;4;11;4;14;1;15;1;5;2;2;21;3.9183126534831927;14;1;17;13;4;6;4;15;5;3;6;6;3;0;1;0;21;0.8307101826533474;19;4;17;5;6;14
TRACK:91;83;49;2;2;5;2;5;6;6;6;4;6;7;-4.965155323863691;2;4;2;5;4;1;22;7.460429258820407;19;1;3;6;7;7.203541611547829;6;4;10;6;5;18;1;6;12;0;0;1;3;1;3;3;24;0;2;22;8.98772148279192;14;6;12;4;6;0;5;11;0;12;8;0;6;0;3;1;23;7.050567284544362;18;4;1;9;15;3;6;2;0;9;11;4;10;5;5;0;5;6;0;23;1.0832386534757192;21;-5.297622880320765;6;1;3;15;5;12;2;2;6;4;3;3;2;2;5;20;9.702246711246467;3;11;4;6;11;2;1;5;3;1;1;0;25;7;1.4031386792284706;5;22;-5.59417384417664;4;4;7;-6.891060594344007;0;6;3;5;0;18;20;0.11889212595768338;1;5;4;2;10;13;5;4;0;24;11;0;5;1;4;0;5;14;6;8;4;2;4;11;4;14;1;3;1;4;4;17;3;5;7;9.80179026286913;1;5;2;2;21;3.973191045194739;14;1;17;13;4;6;4;15;5;3;6;6;3;0;1;0;15;19;4;17;5;6;14
TRACK:92;67;81;2;2;5;2;5;6;6;6;4;6;7;-4.839797479607935;2;4;2;5;4;1;22;7.681435520396103;19;1;3;6;7;6.960153543273032;6;4;10;6;0;4;5;3;11;2;2;6;14;2;14;16;2;5;18;5;11;1;6;5;0;3;5;5;6;19;0;5;2;5;9;6;16;5;2;1;23;2.922455738108622;21;-1.2607231617047758;2;17;18;0;0;1;3;1;6;6;12;0;2;22;9.02496073570588;14;6;12;4;6;0;5;11;0;12;8;0;10;3;6;2;0;9;11;4;10;5;5;0;5;6;5;11;6;4;12;2;2;6;4;3;3;2;2;5;20;9.487530715162872;3;11;4;6;11;2;1;5;3;1;1;0;25;7;1.612097916289756;5;22;-5.516726782498463;4;4;7;-6.67353922225501;0;6;3;5;0;18;20;0.02787884968309099;1;5;4;1;11;23;1.1100274913922714;5;4;0;24;11;6;10;5;3;6;6;3;0;1;0;15;19;4;17;5;6;14
TRACK:93;67;81;2;2;5;2;5;6;6;6;4;6;7;-5.208259239274856;2;4;2;5;4;1;22;7.458720975365175;19;1;22;7.517855155148646;6;4;10;6;0;4;5;3;11;2;2;6;14;2;14;16;2;5;18;5;11;1;6;5;0;3;5;5;6;19;0;5;2;5;9;6;16;5;2;1;23;3.0155082567083076;21;-1.0012809236955516;2;17;18;0;0;1;3;1;3;3;24;0;2;22;8.736281411955147;14;6;12;4;6;0;5;11;0;12;8;0;6;0;3;1;23;7.067989467585684;18;4;1;9;15;3;6;2;0;9;11;4;10;5;5;0;5;6;0;23;1.0497211128587411;21;-5.076710126157845;6;11;2;2;6;4;3;3;2;2;5;20;9.401935123419541;3;11;4;6;11;2;1;5;3;1;1;0;25;7;1.273698869929524;5;22;-5.667232476369815;4;4;7;-7.066247093730423;0;6;3;5;0;18;20;0.14974079241817098;1;5;4;2;10;13;5;4;0;24;11;0;5;1;4;0;5;14;6;8;4;2;4;11;4;14;1;3;5;11;1;5;2;2;21;4.006115868621629;14;1;17;13;4;6;4;15;5;3;6;6;3;0;1;0;15;19;4;17;5;6;14
TRACK:94;87;87;2;2;5;2;5;6;6;6;4;6;7;-4.8712772274032705;2;4;2;5;4;1;22;7.480663105727667;19;1;3;6;7;6.979758224875879;6;4;10;6;0;4;5;3;11;2;2;6;14;2;14;16;2;5;18;5;11;1;6;5;0;3;5;5;6;22;7.480663105727667;0;5;2;5;9;6;16;5;2;1;23;2.911929100119031;12;2;17;18;0;0;1;3;1;6;6;12;0;2;22;9.190184298456128;14;6;12;4;6;0;5;11;0;12;8;0;6;0;3;1;23;7.0819868954324185;18;4;1;9;15;3;6;2;0;9;11;4;10;5;5;0;5;6;0;23;0.981985480249864;21;-5.24627031448;6;4;12;2;2;6;4;3;3;2;2;5;20;9.4016867334776;3;11;4;6;11;2;1;5;3;1;1;0;25;7;1.1918341144746458;5;22;-5.728475791374046;4;4;7;-6.9332158040770535;0;6;3;5;0;18;20;0.15901253389370462;1;5;4;2;10;13;5;4;0;24;11;6;10;5;3;6;6;3;0;1;0;15;19;4;15;5;6;14
TRACK:95;87;87;2;2;5;2;5;6;6;6;4;6;7;-4.8712772274032705;2;4;2;5;4;1;22;7.480663105727667;19;1;3;6;7;6.979758224875879;6;4;10;6;0;4;5;3;11;2;2;6;14;2;14;16;2;5;18;5;11;1;6;5;0;3;5;5;6;19;0;5;2;5;9;6;16;5;2;1;23;2.911929100119031;12;2;17;18;0;0;1;3;1;6;6;12;0;2;22;9.190184298456128;14;6;12;4;6;0;5;11;0;12;8;0;6;0;3;1;23;7.0819868954324185;18;4;1;9;15;3;6;2;0;9;11;4;10;5;5;0;5;6;0;23;0.981985480249864;21;-5.24627031448;6;4;12;2;2;6;4;3;3;2;2;3;11;3;11;4;6;11;2;1;5;3;1;1;0;25;7;1.1918341144746458;5;22;-5.728475791374046;4;4;7;-6.9332158040770535;0;6;3;5;0;18;20;0.15901253389370462;1;5;4;2;10;13;5;4;0;24;11;6;10;5;3;6;6;3;0;1;0;15;19;4;15;5;6;14
TRACK:96;82;81;2;2;5;2;5;6;6;6;4;6;7;-4.9221149647716;2;4;2;5;4;1;22;7.708912422316088;19;1;3;6;13;6;4;10;6;0;4;5;3;11;2;2;6;14;2;14;16;2;5;18;5;11;1;6;5;0;3;5;5;6;19;0;5;2;5;9;6;16;5;2;1;23;2.895726745130768;21;-1.2860988538759013;2;17;18;0;0;1;3;1;6;6;12;0;2;22;9.07976668184689;14;6;12;4;6;0;5;11;0;12;23;1.0497211128587411;0;10;3;6;2;0;9;11;4;10;5;5;0;5;6;0;23;0.9614348591502939;21;-5.274522580501949;6;4;12;2;2;6;4;3;3;2;2;5;20;9.520884552803993;3;11;4;6;11;2;1;5;3;1;1;0;15;7;1.5764689523989706;5;22;-5.608755372289354;4;4;7;-6.689843042966554;0;6;3;5;0;18;20;0.06645149411011314;1;5;4;1;11;23;1.1849433013561297;5;4;0;24;11;6;10;5;3;6;6;3;0;1;0;15;19;4;17;5;6;14
TRACK:97;82;81;2;2;5;2;5;6;6;6;4;6;7;-5.208259239274856;2;4;2;5;4;1;22;7.458720975365175;19;1;22;7.517855155148646;6;4;10;6;0;4;5;3;11;2;2;6;14;7;-6.689843042966554;2;5;18;5;11;1;6;5;0;3;5;5;6;19;0;5;2;5;9;6;16;5;2;1;23;3.0155082567083076;21;-1.0012809236955516;2;17;18;0;0;1;3;1;3;3;24;0;2;22;8.736281411955147;14;6;12;4;6;0;5;11;0;12;8;0;6;0;3;1;23;7.067989467585684;18;4;1;9;15;3;6;2;0;9;11;4;10;5;5;0;5;6;0;23;1.0497211128587411;21;-5.076710126157845;6;1;3;15;5;12;2;2;6;4;3;3;2;2;5;20;9.401935123419541;3;11;4;6;11;2;1;5;3;1;1;0;25;7;1.273698869929524;5;22;-5.667232476369815;4;4;7;-7.066247093730423;0;6;3;5;0;18;20;0.14974079241817098;1;5;4;2;10;13;5;4;0;24;11;0;5;1;4;0;5;14;6;8;4;2;4;11;4;14;1;3;5;11;1;5;2;2;21;4.006115868621629;14;1;17;13;4;6;4;15;5;3;6;6;3;0;1;0;15;19;4;17;5;6;14
TRACK:98;83;49;2;2;5;2;5;6;6;6;4;6;7;-5.375140872163963;2;4;2;5;4;1;17;19;1;3;2;14;16;6;4;10;6;5;18;1;6;5;0;3;5;5;6;19;0;5;2;5;9;6;16;5;2;1;23;2.5512527601035977;21;-1.2141946181971028;2;17;18;0;0;1;3;1;3;3;24;0;2;22;8.888416890739087;14;6;12;4;6;0;5;11;0;13;8;0;6;0;3;1;23;6.905544375710485;18;4;1;9;15;3;6;2;0;9;11;4;10;5;5;0;5;6;0;23;1.055170814497312;21;-5.323036642721249;6;1;3;15;5;12;2;2;6;4;3;3;2;2;5;20;9.564167801736216;3;11;4;6;11;2;1;5;3;1;1;0;25;7;1.3612072325208273;5;22;-5.547767243921692;4;4;7;-6.889159097595462;0;6;3;5;0;18;20;0.20768849171026957;1;5;4;2;10;13;5;4;0;24;11;0;5;1;4;0;5;14;6;14;4;2;4;11;4;14;1;3;1;4;4;17;3;5;7;9.954985691479356;1;5;2;2;21;3.9183126534831927;14;1;17;13;4;6;4;15;5;3;6;6;3;0;1;0;21;0.8307101826533474;19;4;17;5;6;14
TRACK:99;83;49;2;2;5;2;5;6;6;6;4;6;7;-4.965155323863691;2;4;2;5;4;1;22;7.460429258820407;19;1;3;6;7;7.203541611547829;6;4;10;6;5;18;5;12;2;2;6;4;3;3;2;2;5;20;9.702246711246467;3;11;4;6;11;2;1;5;3;1;1;0;25;7;1.4031386792284706;5;22;-5.59417384417664;4;4;7;-6.891060594344007;0;6;3;5;0;18;20;0.11889212595768338;1;5;4;2;10;13;5;4;0;24;11;0;5;1;4;0;5;14;6;8;4;2;4;11;4;14;1;3;1;4;4;17;3;5;7;9.80179026286913;1;5;2;2;21;3.973191045194739;14;1;17;13;4;6;4;15;5;3;6;6;3;0;1;0;15;19;4;17;5;6;14
TRACK:100;90;-1;2;2;5;2;5;6;6;6;4;6;7;-5.405740735639551;2;4;2;5;4;1;17;19;1;3;2;14;16;6;4;10;6;5;18;1;6;5;0;3;5;5;6;19;0;5;2;5;9;6;16;5;2;1;23;2.5170131359065393;21;-1.4304741121971778;2;17;18;0;0;1;3;1;3;3;24;0;2;22;8.807920687925433;14;6;12;4;6;0;5;11;0;12;8;0;6;0;3;1;23;6.905185345246153;18;4;1;9;15;3;6;2;0;9;11;4;10;5;5;0;5;6;0;23;1.0967258791106875;21;-5.125031256563061;6;1;3;15;5;12;2;2;6;4;3;3;2;2;5;20;9.76655605356914;3;11;4;6;11;2;1;5;3;1;1;0;25;7;1.1633623493484313;5;22;-5.448193177734908;4;4;7;-7.009679641743426;0;6;3;1;17;16;1;5;4;2;10;13;5;4;0;24;11;0;5;1;4;0;5;14;6;14;4;2;4;11;4;14;1;15;1;5;2;2;21;3.8096724943851896;14;1;17;13;4;6;4;15;5;3;6;6;3;0;1;0;21;0.8171287405483642;19;4;17;5;6;14
TRACK:101;67;-1;2;2;5;2;5;6;6;6;4;6;7;-4.76251188871014;2;4;2;5;4;1;22;7.748637102836673;19;1;3;6;7;6.618873756776671;6;4;10;6;0;4;5;3;11;2;2;1;11;7;-3.236892513372358;2;14;16;2;5;18;5;11;1;6;5;0;3;5;5;6;19;0;5;2;5;9;6;16;5;2;1;23;2.905015960883248;21;-1.2518730262160718;2;17;18;0;0;1;3;1;6;6;12;0;2;22;9.143052196298761;14;6;12;4;6;0;5;11;0;12;8;0;10;3;6;2;0;9;11;4;10;5;5;0;5;6;0;23;1.0756328785696967;21;-5.307473995167581;6;4;12;2;2;6;4;3;3;2;2;5;20;9.441840627111482;3;11;4;6;11;2;1;5;3;1;1;0;25;7;1.5615922161932811;5;22;-5.691202136745384;4;4;7;-6.653930265465757;0;6;3;5;0;18;20;0.07524311120920285;1;5;4;1;11;23;1.1738627622785691;5;4;0;24;11;6;10;5;3;6;6;3;0;1;0;15;19;4;17;5;6;14
TRACK:102;94;-1;2;2;5;2;5;6;6;6;4;6;7;-4.882831090983142;2;4;2;5;4;1;22;7.460754949925525;19;1;3;6;7;6.965246276201657;6;4;10;6;0;4;5;3;11;2;2;6;14;2;14;16;2;5;18;5;11;1;6;5;0;3;5;5;6;22;7.731781038210227;0;5;2;5;9;6;16;5;2;1;23;3.018104773618478;12;2;17;18;0;0;3;0;5;1;3;22;-2.805528783256001;2;17;16;5;3;0;8;15;0;4;1;5;1;23;-5.639860264700857;25;0;3;15;4;8;2;6;6;0;13;10;6;5;4;21;6.751335748941621;5;5;0;5;6;0;23;1.0646698524344262;21;-5.253829273597082;6;4;12;2;2;6;4;3;3;2;2;5;20;9.354948407677869;3;11;4;6;11;2;1;5;3;1;1;0;25;7;1.1544771046407227;5;22;-5.724551278830136;4;4;7;-6.851501776184161;0;6;3;5;0;18;20;0.34497042727811966;1;5;4;2;10;13;5;4;0;24;11;6;10;5;3;6;6;3;0;1;0;15;19;4;15;5;6;14
TRACK:103;96;-1;2;2;5;2;5;6;6;6;4;6;7;-4.921363946161;2;4;2;5;4;1;22;7.625236087157239;19;1;3;6;13;6;4;10;6;0;4;5;3;11;2;2;6;14;2;14;16;2;5;18;5;11;1;6;5;0;3;5;5;6;19;0;5;2;5;9;6;16;5;2;1;23;2.9895991120744636;21;-1.0693263361095817;2;17;18;0;0;1;3;1;6;6;12;0;2;22;9.119761021804292;14;6;12;4;6;0;5;11;0;12;23;1.0802355364310612;0;10;3;6;2;0;9;11;4;10;5;5;0;5;6;0;23;0.9737058818174502;21;-5.3238124774171744;6;4;12;2;2;6;4;3;3;2;2;5;20;9.648264341221333;3;11;4;6;11;2;1;5;3;1;1;0;15;7;1.6177506762810916;5;22;-5.740610111367556;4;4;7;-6.727591230376073;0;6;3;5;0;18;20;0.14204917798504857;1;5;4;1;11;23;0.8855394780897667;5;4;0;24;11;6;10;5;3;6;6;3;2;1;9;25;0;10;16
TRACK:104;98;-1;2;2;5;2;5;6;6;6;4;6;7;-5.482181261692386;2;4;2;5;4;1;17;19;1;3;2;14;16;6;4;10;6;5;18;1;6;5;0;3;5;5;6;19;0;5;2;5;9;6;16;5;2;1;23;2.5336162169444685;21;-1.3239979587869588;2;17;18;0;0;1;3;1;3;3;24;0;2;22;8.974880466130221;14;6;12;4;6;0;5;11;0;13;8;0;3;5;8;3;6;2;0;9;11;4;10;5;5;0;5;6;0;23;1.034242821378832;21;-5.486506890152942;6;1;3;15;5;12;2;2;6;4;3;3;2;2;5;20;9.590600366452675;3;11;4;6;11;2;1;5;3;1;1;0;25;7;1.3298417650169143;5;22;-5.456734325559397;4;4;7;-6.901424281687994;0;6;3;5;0;18;20;0.23091173184808558;1;5;4;2;10;13;5;4;0;24;11;0;5;1;4;0;5;14;6;14;4;2;4;11;4;14;1;3;1;4;4;17;3;5;7;10.0;1;5;2;2;21;3.791739605795703;14;1;17;13;4;6;4;15;5;3;6;6;3;0;1;0;21;0.7285895147725107;19;4;17;5;6;14
TRACK:105;91;-1;2;2;5;2;5;6;6;6;4;6;7;-4.8618934228434645;2;4;2;5;4;1;22;7.357864293345394;19;1;6;15;6;4;10;6;5;18;1;6;12;0;0;1;3;1;3;3;24;0;2;22;8.888643071025994;14;6;12;4;6;0;5;11;0;12;8;0;6;0;3;1;23;7.003647890995819;18;4;1;9;15;3;6;2;0;9;11;4;10;5;5;0;5;6;0;23;1.1857824731883186;21;-5.297164694961622;6;1;3;15;5;12;2;2;6;4;3;3;2;2;5;20;9.732871019470142;3;11;4;6;11;2;1;5;3;1;1;0;25;7;1.3299671048518753;5;22;-5.4424489954364885;4;4;7;-6.947091519542196;0;6;3;5;0;18;20;0.11895227161346833;1;5;4;2;10;13;5;4;0;24;11;0;5;1;4;0;5;14;6;8;4;2;4;11;4;14;1;3;1;4;4;17;3;5;7;9.670729295602484;1;5;2;2;21;4.0224306080240515;14;1;17;13;4;6;4;15;5;3;6;6;3;0;1;0;15;19;4;17;5;6;14
TRACK:106;81;-1;2;2;5;2;5;6;6;6;4;6;7;-5.258863983676806;2;4;2;5;4;1;22;7.721886703042103;19;1;22;7.3315552062274705;6;4;10;6;0;4;5;3;11;2;2;6;14;2;14;16;2;5;18;5;11;1;6;5;0;3;5;5;6;19;0;5;2;5;9;6;16;5;2;1;23;2.894273416256109;21;-0.8257692520222608;2;17;18;0;0;1;3;1;3;3;24;0;2;22;8.677329352604422;14;6;12;4;6;0;5;11;0;12;8;0;6;0;3;1;23;7.042647594666162;18;4;1;9;15;3;6;2;0;9;11;4;10;5;5;0;5;6;0;23;0.9658982585435638;21;-5.051640775226462;6;1;3;15;5;12;2;2;6;4;3;3;2;2;5;20;9.321067048080318;3;11;4;6;11;2;1;5;3;1;1;0;25;7;1.1402685567879483;5;22;-5.771583831470754;4;4;7;-6.977514722220839;0;6;3;5;0;18;20;0.07109952680046662;1;5;4;2;10;13;4;4;0;18;10;0;5;1;4;0;5;14;6;8;4;2;4;11;4;14;1;3;5;11;1;5;2;2;21;4.033274037456373;14;1;17;13;4;6;4;15;5;3;6;6;3;0;1;0;15;19;4;17;5;6;14
TRACK:107;95;-1;2;2;5;2;5;6;6;6;4;6;7;-4.938635724685078;2;4;2;5;4;1;22;7.396940377540532;19;1;3;6;7;7.016741264321639;6;4;10;6;0;4;5;3;11;2;2;6;14;2;14;16;2;5;18;5;11;1;6;5;0;3;5;5;6;19;0;5;2;5;9;6;16;5;2;1;23;3.0201187206887483;12;2;17;18;0;0;1;3;1;6;6;12;0;2;22;9.166955991930518;14;6;12;4;6;0;5;11;0;12;8;0;6;0;3;1;23;7.151949804568628;18;4;1;9;15;3;6;2;0;9;11;4;10;5;5;0;5;6;0;23;0.7721637683777193;21;-5.181995473860104;6;4;12;2;2;6;4;3;3;2;2;3;11;3;11;4;6;11;2;1;5;3;1;1;0;25;7;1.242903109984149;5;22;-5.617571068097465;4;4;7;-6.95797932542796;0;6;3;5;0;18;20;0.015251431979170699;1;5;4;2;10;13;5;4;0;24;11;6;10;5;3;6;6;3;0;1;0;15;19;4;15;5;6;14
TRACK:108;97;-1;2;2;5;2;5;6;6;6;4;6;7;-5.082988365161261;2;4;2;5;4;1;22;7.6746535197075865;19;1;22;7.602103760274797;6;4;10;6;0;4;5;3;11;2;2;6;14;7;-6.721488483068273;2;5;18;5;11;1;6;5;0;3;5;5;6;19;4;3;12;0;0;1;3;1;3;3;24;0;2;22;8.880594362836149;14;6;12;4;6;0;5;11;0;12;8;0;6;0;3;1;23;7.050822701653445;18;4;1;9;15;3;6;2;0;9;11;4;10;5;5;0;5;6;0;23;0.8346829698896593;21;-5.053879637210925;6;1;3;15;5;12;2;2;6;4;3;3;2;2;5;20;9.511478037115586;3;11;4;6;11;2;1;5;3;1;1;0;25;7;1.3060322941749374;5;22;-5.714429885799318;4;4;7;-6.950454475392215;0;6;3;5;0;18;20;0.3283550317948955;1;5;4;2;10;13;5;4;0;24;11;0;5;1;4;0;5;14;6;8;4;2;4;11;4;14;1;3;5;11;1;5;2;2;21;4.1345862829097;14;1;17;13;4;6;4;15;5;3;6;6;3;0;1;0;15;19;4;17;5;6;14
TRACK:109;99;-1;2;2;5;2;5;6;6;6;4;6;7;-5.044671423398158;2;4;2;5;4;1;22;7.340159208876252;19;1;3;6;7;7.324415902807624;6;4;10;6;5;18;5;12;2;2;6;4;3;3;2;2;5;20;9.600078548337034;3;11;4;6;11;2;1;5;3;1;1;0;25;7;1.4695446665763707;1;22;2.9820036227804376;13;4;4;7;-6.869704041767852;0;6;3;5;0;18;20;0.21044760731231915;1;5;4;2;10;13;5;4;0;24;11;0;5;1;4;0;5;14;6;8;4;2;4;11;4;14;1;3;1;4;4;17;3;5;7;9.819453039286971;1;5;2;2;21;3.979847248708935;14;1;17;13;4;6;4;15;5;3;6;6;3;0;1;0;15;19;4;17;5;6;14
EVAL_INSTANCE:5:0:100
EVAL_INSTANCE:5:1:101
EVAL_INSTANCE:5:2:102
EVAL_INSTANCE:5:3:103
EVAL_INSTANCE:5:4:104
EVAL_INSTANCE:5:5:105
EVAL_INSTANCE:5:6:106
EVAL_INSTANCE:5:7:107
EVAL_INSTANCE:5:8:108
EVAL_INSTANCE:5:9:109
RUN_RESULT:5:0:0:18:DDDRRRDRDLLDLL
RUN_RESULT:5:1:0:18:DDDRRRDRDLLLDL
RUN_RESULT:5:2:0:2000:----
RUN_RESULT:5:3:0:18:DDDRRRDRDLLLDL
RUN_RESULT:5:4:0:18:DDDRRRDRDLLDLL
RUN_RESULT:5:5:0:94:DDDRRRRDDDDLUUUDDRRULDLUD
RUN_RESULT:5:6:0:18:DDDRRRDRDLLLDL
RUN_RESULT:5:7:0:2000:----
RUN_RESULT:5:8:0:2000:----
RUN_RESULT:5:9:0:2000:----
     6 |       60 | -3.982000E+03 | -3.982000E+03
TRACK:110;103;88;2;2;5;2;5;6;6;6;4;6;7;-4.921363946161;2;4;2;5;4;1;22;7.625236087157239;19;1;3;6;13;6;4;10;6;0;4;5;3;11;2;2;6;14;2;14;16;2;5;18;5;11;1;6;5;0;3;5;5;6;19;0;5;2;5;9;6;16;5;2;1;23;2.9895991120744636;21;-1.0693263361095817;2;17;18;0;0;1;3;1;6;6;12;0;2;22;9.119761021804292;14;6;12;4;6;0;5;11;0;12;23;1.0802355364310612;0;10;3;6;2;0;9;11;4;10;5;5;0;17;6;4;12;2;2;6;4;3;3;2;2;5;20;9.648264341221333;3;11;4;6;11;2;1;5;3;1;1;0;15;7;1.6177506762810916;5;22;-5.740610111367556;4;4;7;-6.727591230376073;0;6;3;5;0;18;20;0.14204917798504857;1;5;4;1;11;23;0.8855394780897667;5;4;0;24;11;6;10;5;3;6;6;3;2;1;9;25;0;10;16
TRACK:111;103;88;2;2;5;2;5;6;6;6;4;6;7;-4.737675094958419;2;4;2;5;4;1;22;7.584370175223616;19;1;3;6;7;6.918572577157337;6;4;10;6;0;4;5;3;11;2;2;6;14;2;14;16;2;5;18;5;11;1;6;5;0;3;5;5;6;19;0;5;2;5;9;6;16;5;2;1;23;2.8208820400782533;21;-1.0871574137701758;2;17;18;0;0;1;3;1;6;6;12;0;2;22;8.940614116526158;14;6;12;4;6;0;5;11;0;12;8;0;10;3;6;2;0;9;11;4;10;5;5;0;5;6;0;23;1.1020449586677628;21;-5.385095103673587;6;4;12;2;2;6;4;3;3;2;2;5;20;9.724389841023504;3;11;4;6;11;2;1;5;3;1;1;0;25;7;1.5540412181589445;5;22;-5.542376470404115;4;4;7;-6.638008078141404;0;1;6;2;1;9;23;2.355584779083152;4;19;5;6;2;25;11;1;5;4;1;11;23;1.1383794823089368;5;4;0;24;24;6;3;3;24;5;3;6;6;3;0;1;0;15;19;4;17;5;6;14
TRACK:112;82;81;2;2;5;2;5;6;6;6;4;6;7;-4.9221149647716;2;4;2;5;4;1;22;7.708912422316088;19;1;3;6;13;6;4;10;6;0;4;5;3;11;2;2;6;14;2;14;16;2;5;18;5;11;1;6;5;0;3;5;5;14;0;5;2;5;9;6;16;5;2;1;23;2.895726745130768;21;-1.2860988538759013;2;17;18;0;0;1;3;1;6;6;12;0;2;22;9.07976668184689;14;6;12;4;6;0;5;11;0;12;8;0;10;3;6;2;0;9;11;4;10;5;5;0;5;6;0;23;0.9614348591502939;21;-5.274522580501949;6;4;12;2;2;6;4;3;3;2;2;5;20;9.520884552803993;3;11;4;6;11;2;1;5;3;1;1;0;15;7;1.5764689523989706;5;22;-5.608755372289354;4;4;7;-6.689843042966554;0;6;3;5;0;18;20;0.06645149411011314;1;5;4;1;11;23;1.1849433013561297;5;4;0;24;11;6;10;5;3;6;6;3;0;1;0;15;19;4;17;5;6;14
TRACK:113;82;81;2;2;5;2;5;6;6;6;4;6;7;-5.208259239274856;2;4;2;5;4;1;22;7.458720975365175;19;1;22;7.517855155148646;6;4;10;6;0;4;5;3;11;2;2;6;14;2;14;16;2;5;18;5;11;1;6;5;0;3;5;5;6;19;0;5;2;5;9;6;16;5;2;1;23;3.0155082567083076;21;-1.0012809236955516;2;17;18;0;0;1;3;1;3;3;24;0;2;22;8.736281411955147;14;6;12;4;6;0;5;11;0;12;8;0;6;0;3;1;23;7.067989467585684;18;4;1;9;15;3;6;2;0;9;11;4;10;5;5;0;5;6;0;23;1.0497211128587411;21;-5.076710126157845;6;1;3;15;5;12;2;2;6;4;3;3;2;2;5;20;9.401935123419541;3;11;4;6;11;2;1;5;3;1;1;0;25;7;1.273698869929524;5;22;-5.667232476369815;4;4;7;-7.066247093730423;0;6;3;5;0;18;20;0.14974079241817098;1;5;4;2;10;13;5;4;0;24;11;0;5;1;4;0;5;14;6;8;4;2;4;11;4;14;1;3;5;11;1;5;2;2;21;4.006115868621629;14;1;17;13;4;6;4;15;5;3;6;6;3;0;1;0;15;7;1.5764689523989706;4;17;5;6;14
TRACK:114;104;88;2;2;5;2;5;6;6;6;4;6;7;-5.482181261692386;2;4;2;5;4;1;17;19;1;3;2;14;16;6;4;10;6;5;18;1;6;5;0;3;5;5;6;19;0;5;2;5;9;6;16;5;2;1;23;2.5336162169444685;21;-1.3239979587869588;2;17;18;0;0;1;3;1;3;3;24;0;2;22;8.974880466130221;14;6;12;4;6;0;5;11;0;13;8;0;3;5;8;3;6;2;0;9;11;4;10;5;5;0;5;6;0;23;1.034242821378832;21;-5.486506890152942;6;1;3;15;5;12;2;2;6;4;3;3;2;2;5;20;9.590600366452675;3;11;4;6;11;2;1;5;3;1;1;0;25;7;1.3298417650169143;5;22;-5.456734325559397;4;4;7;-6.901424281687994;0;6;3;5;0;18;20;0.23091173184808558;1;5;4;2;10;13;5;4;0;24;11;0;5;1;4;0;5;14;6;17;4;2;4;11;4;14;1;3;1;4;4;17;3;5;7;10.0;1;5;2;2;21;3.791739605795703;14;1;17;13;4;6;4;15;5;3;6;6;3;0;1;0;21;0.7285895147725107;19;4;17;5;6;14
TRACK:115;104;88;2;2;5;1;17;13;1;6;5;0;3;5;5;6;19;0;5;2;5;9;6;16;5;2;1;23;2.8208820400782533;21;-1.0871574137701758;2;17;18;0;0;1;3;1;6;6;12;0;2;22;8.940614116526158;14;6;12;4;6;0;5;11;0;12;8;0;10;3;6;2;0;9;11;4;10;5;5;0;5;6;0;23;1.1020449586677628;21;-5.385095103673587;6;4;12;2;2;6;4;3;3;2;2;5;20;9.724389841023504;3;11;4;6;11;2;1;5;3;1;1;0;25;7;1.5540412181589445;5;22;-5.542376470404115;4;4;7;-6.638008078141404;0;1;6;2;1;9;23;2.355584779083152;4;19;5;6;2;25;11;1;5;4;1;11;23;1.1383794823089368;5;4;0;24;11;6;3;3;24;5;3;6;6;3;0;1;0;15;19;4;17;5;6;14
TRACK:116;82;101;2;2;5;2;5;6;6;6;4;6;7;-4.9221149647716;2;4;2;5;4;1;22;7.708912422316088;19;1;3;6;13;6;4;10;6;0;4;5;3;11;2;2;6;14;2;14;16;2;5;18;5;11;1;6;5;0;3;5;5;6;18;0;5;2;5;9;6;16;5;2;1;23;2.895726745130768;21;-1.2860988538759013;2;17;18;0;0;1;3;1;6;6;12;0;2;22;9.07976668184689;14;6;12;4;6;0;5;11;0;12;8;0;10;3;6;2;0;9;11;4;10;5;5;0;5;6;0;23;0.9614348591502939;21;-5.274522580501949;6;4;12;2;2;6;4;3;3;2;2;5;20;9.520884552803993;3;11;4;6;11;2;1;5;3;1;1;0;15;7;1.5764689523989706;5;22;-5.608755372289354;4;4;7;-6.689843042966554;0;6;3;5;0;18;20;0.06645149411011314;1;5;4;1;11;23;1.1849433013561297;5;4;0;24;11;6;10;5;3;6;6;3;0;1;0;15;19;4;17;5;6;14
TRACK:117;82;101;2;2;5;2;5;6;6;6;4;6;7;-4.76251188871014;2;4;2;5;4;1;22;7.748637102836673;19;1;3;6;7;6.618873756776671;6;4;10;6;0;4;5;3;11;2;2;1;11;7;-3.236892513372358;2;14;16;2;5;18;5;11;1;6;5;0;3;5;5;6;19;0;5;2;5;9;6;16;5;2;1;23;2.905015960883248;21;-1.2518730262160718;2;17;18;0;0;1;3;1;6;6;12;0;2;22;9.143052196298761;14;6;12;4;6;0;5;11;0;12;8;0;10;3;6;2;0;9;11;4;10;5;5;0;5;6;0;23;1.0756328785696967;21;-5.307473995167581;6;4;12;2;2;6;4;3;3;2;2;5;20;9.441840627111482;3;11;4;6;11;2;1;5;3;1;1;0;25;7;1.5615922161932811;5;22;-5.691202136745384;4;4;7;-6.653930265465757;0;6;3;5;0;18;20;0.07524311120920285;1;5;4;1;11;23;1.1738627622785691;5;4;0;24;11;6;10;5;3;6;6;3;0;1;0;15;19;4;17;5;5;22;-5.608755372289354
TRACK:118;100;104;2;2;5;2;5;6;6;6;4;6;7;-5.405740735639551;2;4;2;5;4;1;17;19;1;3;2;14;16;6;4;10;6;5;18;1;6;5;0;3;5;5;6;19;0;5;2;5;9;6;16;5;2;1;23;2.5170131359065393;21;-1.4304741121971778;2;17;18;0;0;1;3;1;3;3;24;0;2;22;8.807920687925433;14;6;12;4;6;0;5;11;0;12;8;0;6;0;3;1;23;6.905185345246153;18;4;1;9;15;3;6;2;0;9;11;4;10;5;5;0;5;6;0;23;1.0967258791106875;21;-5.125031256563061;6;1;3;15;5;12;2;2;6;4;3;3;2;2;20;0.23091173184808558;3;11;4;6;11;2;1;5;3;1;1;0;25;7;1.1633623493484313;5;22;-5.448193177734908;4;4;7;-7.009679641743426;0;6;3;1;17;16;1;5;4;2;10;13;5;4;0;24;11;0;5;1;4;0;5;14;6;14;4;2;4;11;4;14;1;15;1;5;2;2;21;3.8096724943851896;14;1;17;13;4;6;4;15;5;3;6;6;3;0;1;0;21;0.8171287405483642;19;4;17;5;6;14
TRACK:119;100;104;2;2;5;2;5;6;6;6;4;6;7;-5.482181261692386;2;4;2;5;4;1;17;19;1;3;2;14;16;6;4;10;6;5;18;1;6;5;0;3;5;5;6;19;0;5;2;5;9;6;16;5;2;1;23;2.5336162169444685;21;-1.3239979587869588;2;17;18;0;0;1;3;1;3;3;24;0;2;22;8.974880466130221;14;6;12;4;6;0;5;11;0;13;8;0;3;5;8;3;6;2;0;9;11;4;10;5;5;0;5;6;0;23;1.034242821378832;21;-5.486506890152942;6;1;3;15;5;12;2;2;6;4;3;3;2;2;5;20;9.590600366452675;3;11;4;6;11;2;1;5;3;1;1;0;25;7;1.3298417650169143;5;22;-5.456734325559397;4;4;7;-6.901424281687994;0;6;3;5;0;18;20;0.23091173184808558;1;5;4;2;10;13;5;4;0;24;11;0;5;1;4;0;5;14;6;14;4;2;4;11;4;14;1;3;1;4;4;17;3;5;7;10.0;1;5;2;0;25;7;1.1633623493484313;1;17;13;4;6;4;15;5;3;6;6;3;0;1;0;21;0.7285895147725107;19;4;17;5;6;14
TRACK:120;103;-1;2;2;5;2;5;6;6;6;4;6;7;-4.835653968682533;2;4;2;5;4;1;22;7.481762737189633;19;1;3;6;13;6;4;10;6;0;4;5;3;11;2;2;6;14;2;14;16;2;5;18;5;11;1;6;5;0;3;5;5;6;19;0;5;2;5;9;6;16;5;2;1;23;2.8993955160112552;21;-1.1107044761190876;2;17;18;0;0;1;3;1;6;6;12;0;2;22;9.051974826338144;14;6;12;4;6;0;5;11;0;12;23;1.1866200958057098;0;10;3;6;2;0;9;11;4;10;5;5;0;5;6;0;23;0.9584677500583562;21;-5.537260553873477;6;4;12;2;2;6;4;3;3;2;2;5;20;9.615606681787028;3;11;4;6;11;2;1;5;3;1;1;0;15;7;1.556153776698797;5;22;-5.8209954947469145;4;4;7;-6.624300465595748;0;6;3;5;0;18;20;0.2005536114089253;1;5;4;1;11;23;0.9386958095322067;5;4;0;24;11;6;1;3;11;2;19;24;5;3;6;6;3;2;1;9;25;0;10;16
TRACK:121;112;-1;2;2;5;2;5;6;6;6;4;6;7;-4.959933129192348;2;4;2;5;4;1;22;7.837639551515586;19;1;3;6;13;6;4;10;6;0;4;5;3;11;2;2;6;14;2;14;16;2;5;18;5;11;1;6;5;0;3;5;5;14;0;5;2;5;9;6;16;5;2;1;23;2.8093805870382864;21;-1.113824732675383;2;17;18;0;0;1;3;1;6;6;12;0;2;22;9.132699156737951;14;6;12;4;6;0;5;11;0;12;8;0;10;3;6;2;0;9;13;4;10;5;5;0;5;6;0;23;0.9161661054512596;21;-5.222531782835497;6;4;12;2;2;6;4;3;3;2;2;5;20;9.554052317319222;3;11;4;6;11;2;1;5;3;1;1;0;15;7;1.5343614410156345;5;22;-5.736631142460212;4;4;7;-6.742769647146177;0;6;3;5;0;18;20;0.11535298742031894;1;5;4;1;11;23;1.283490910113032;5;4;0;24;11;6;10;5;3;6;6;3;0;1;0;15;19;4;17;5;6;14
TRACK:122;114;-1;2;2;5;2;5;6;6;6;4;6;7;-5.6028133612537525;2;4;2;5;4;1;17;19;1;3;2;14;16;6;4;10;6;5;18;1;6;5;0;3;5;5;6;19;0;5;2;5;9;6;16;5;2;1;23;2.691246512194781;21;-1.379385579771707;2;17;18;0;0;1;3;1;3;3;24;0;2;22;9.042776937513828;14;6;12;4;6;0;5;11;0;13;8;0;3;5;8;3;6;0;1;9;24;4;22;-9.61010304105427;5;5;0;5;6;0;23;1.2640239373975946;21;-5.443582197308988;6;1;3;15;5;12;2;2;6;4;3;3;2;2;5;20;9.47442079939798;3;11;4;6;11;2;1;5;3;1;1;0;25;7;1.2390105828368003;5;22;-5.408469958970367;4;4;7;-6.918458736427418;0;6;3;5;0;18;20;0.25775948884137456;1;5;4;2;10;13;5;4;0;24;11;0;5;1;4;0;5;14;6;17;4;2;4;11;4;14;1;3;1;4;4;17;3;5;7;9.96556889231926;1;5;2;2;21;3.7904568453114775;14;1;17;13;4;6;4;15;5;3;6;6;3;0;1;0;21;0.7513353791108882;19;4;17;5;6;14
TRACK:123;116;-1;2;2;5;2;5;6;6;6;4;6;7;-4.847107955849952;2;4;2;5;4;1;22;7.695846811873092;19;1;3;6;13;6;4;10;6;0;4;5;3;11;2;2;6;14;2;14;16;2;5;18;5;11;1;6;5;0;3;5;5;6;18;0;5;2;5;9;6;16;5;2;1;23;3.028563180136594;21;-1.129359960712867;2;17;18;0;0;1;3;1;6;6;12;0;2;22;8.984622900136896;14;4;10;4;6;0;5;11;0;12;8;0;10;3;6;2;0;9;11;4;10;5;5;0;5;6;0;23;0.7723576346825815;21;-5.405180886282531;6;4;12;2;2;6;4;3;3;2;2;5;20;9.304937515194927;3;11;4;6;11;2;1;5;3;1;1;0;15;7;1.6564613534487922;5;22;-5.43451398850552;4;4;7;-6.6367836786925585;0;6;3;5;0;18;20;0.14819465890702654;1;5;4;1;11;23;1.1719787305740392;5;4;0;24;11;6;10;5;3;6;6;3;0;1;0;15;19;4;17;5;6;14
TRACK:124;118;-1;2;2;5;2;5;6;6;6;4;6;7;-5.397088990163207;2;4;2;5;4;1;17;19;1;3;2;14;16;6;4;10;6;5;18;1;6;5;0;3;5;5;6;19;0;5;2;5;9;6;16;5;2;1;23;2.5772274727058484;21;-1.4748949468852257;2;17;18;0;0;1;3;1;3;3;24;0;2;22;8.922050585707872;14;6;12;4;6;0;5;11;0;12;8;0;6;0;3;1;23;6.726487738232067;18;4;1;9;15;3;6;2;0;9;11;4;10;5;5;0;5;6;0;23;1.1565262320665677;21;-5.178156821777993;6;1;3;15;5;12;2;2;6;4;3;3;2;2;20;0.19449393088739253;3;11;4;6;11;2;1;5;3;1;1;0;25;7;1.2320016645137117;5;22;-5.3861894881759484;4;2;7;0.1954290774663896;8;0;6;3;1;17;16;1;5;4;2;10;13;5;4;0;24;11;0;5;1;4;0;5;14;6;14;4;2;4;11;4;14;1;15;1;5;2;2;21;3.635991452970723;14;1;17;13;4;6;4;15;5;3;6;6;3;0;1;0;21;0.7585046705864692;19;4;17;5;6;14
TRACK:125;88;-1;2;2;5;2;5;6;6;6;4;6;7;-4.816782738793781;2;4;2;5;4;1;22;7.633533686431814;19;1;3;6;7;6.932487080903163;6;4;10;6;0;4;5;3;11;2;2;6;14;2;14;16;2;5;18;5;11;1;6;5;0;3;5;5;6;19;0;5;2;5;9;6;16;5;2;1;23;2.794180423279693;21;-0.9989084154220065;2;17;18;0;0;1;3;1;6;6;12;0;2;22;9.015187414912507;14;6;12;4;6;0;5;11;0;12;8;0;10;3;6;2;0;9;11;4;10;5;5;0;5;6;0;23;1.1984122903440366;21;-5.51019710479845;6;4;12;2;2;6;4;3;3;2;2;5;20;9.752505562289102;3;11;4;6;11;2;1;5;3;1;1;0;25;7;1.4114861935632903;5;22;-5.512388398755845;4;0;13;22;2.444882520528779;0;1;6;2;1;9;23;2.4126650967983383;4;19;5;6;2;25;11;1;5;4;1;11;23;1.223396707280949;5;4;0;24;11;6;3;3;24;5;3;6;6;3;0;1;0;15;19;4;17;5;6;14
TRACK:126;113;-1;2;2;5;2;5;6;6;6;4;6;7;-5.060179325231246;2;4;2;5;4;1;22;7.306240613613238;19;1;22;7.463102561109317;6;4;10;6;0;4;5;3;11;2;2;6;14;2;14;16;2;5;18;5;11;1;6;5;0;3;5;5;6;19;0;5;2;5;9;6;16;5;2;1;23;3.096563153897918;21;-0.9625619975847188;2;17;18;0;0;1;3;1;3;3;24;0;2;22;8.737659557948485;14;6;12;4;6;0;5;11;0;12;8;0;6;0;3;1;23;7.031803163395293;18;4;1;9;15;3;6;2;0;9;11;4;10;5;5;0;5;6;0;23;1.0939479754996861;21;-5.267878201200584;6;1;3;15;5;12;2;2;6;4;3;3;2;2;5;20;9.418846289243735;3;11;4;6;11;2;1;5;3;1;1;0;25;7;1.2236754075565777;5;22;-5.48730958814262;4;4;7;-7.0682617186352;0;6;3;5;0;18;20;0.2369217711644297;1;5;4;2;10;13;5;4;0;24;11;0;4;1;4;17;0;10;13;1;3;5;11;1;5;2;2;21;4.059724086851741;14;1;17;13;4;6;4;15;5;3;6;6;3;0;1;0;15;7;1.7030019979329747;4;17;5;6;14
TRACK:127;115;-1;2;2;5;1;17;13;1;6;5;0;3;5;5;6;19;0;5;2;5;9;6;16;5;2;1;23;2.8849623607630024;21;-1.1579356582344138;2;17;18;0;0;1;3;1;6;6;12;0;2;22;8.938019031063021;14;6;12;4;6;0;5;11;0;12;8;0;10;3;6;6;18;5;5;0;5;6;0;23;0.9783047324196739;21;-5.391774381562083;6;4;12;2;2;6;4;3;3;2;2;5;20;9.647939997587258;3;11;4;6;11;2;1;5;3;1;1;0;25;7;1.3549286889229735;5;22;-5.659181207298979;4;4;7;-6.806448853994504;0;1;6;2;1;9;23;2.079685471503929;4;19;5;6;2;25;11;1;5;4;1;11;23;1.1502030680284199;5;4;0;24;11;6;3;3;24;5;3;6;6;3;0;1;0;15;19;4;17;5;6;14
TRACK:128;117;-1;2;2;5;2;5;6;6;6;4;6;7;-4.752572939820141;2;4;2;5;4;1;22;7.679572874763944;19;1;3;6;7;6.587817717375761;6;4;10;6;1;1;5;1;13;8;1;5;20;-9.536878972414648;4;17;1;5;4;7;-5.048019967980817;0;0;22;-4.077937434147527;17;3;13;1;6;5;0;3;5;5;6;19;0;5;2;5;9;6;16;5;2;1;23;2.7499000892087877;21;-1.1521985831824848;2;17;18;0;0;1;3;1;6;6;12;0;2;22;9.199204631541766;14;6;12;4;6;0;5;11;0;12;8;0;10;3;6;2;0;9;11;4;10;5;5;0;5;6;0;23;1.1485152222814072;21;-5.204178204097911;6;4;12;2;2;6;4;3;3;2;2;5;20;9.59614568417552;3;11;4;6;11;2;1;5;3;1;1;0;25;7;1.6196943823634982;5;22;-5.603115376628415;4;4;7;-6.600485486562622;0;6;3;5;0;18;20;0.10567417522442564;1;5;4;1;11;23;1.0933602965158795;5;4;0;24;11;6;10;5;3;6;6;3;0;1;0;15;19;4;17;5;5;22;-5.521030643637956
TRACK:129;119;-1;2;2;5;2;5;6;6;6;4;6;7;-5.515704790933322;2;4;2;5;4;1;17;19;1;3;2;14;16;6;4;10;6;5;18;1;6;5;0;3;5;5;6;19;0;5;2;5;9;6;16;5;2;1;23;2.426999219032822;21;-1.176382487072164;2;17;18;0;0;1;3;1;3;3;24;0;2;22;9.062298535801752;14;6;12;4;6;0;5;11;0;13;8;0;3;5;8;3;6;2;0;9;11;4;10;5;5;0;5;6;0;23;1.0442876276079074;21;-5.4148774723751485;6;1;3;15;5;12;2;2;6;4;3;3;2;2;5;20;9.54811912786332;3;11;4;6;11;2;1;5;3;1;1;0;25;7;1.371860615450689;5;22;-5.5016234036457785;4;4;7;-6.968808666358881;0;6;3;5;0;18;20;0.21851682560336808;1;5;4;2;10;13;5;4;0;24;11;0;5;1;4;0;5;14;6;14;4;2;4;11;4;14;1;3;1;4;4;17;3;5;7;10.0;1;5;2;8;20;-6.172188168864814;4;6;4;15;5;3;6;6;3;0;1;0;21;0.7770270921943897;19;4;17;5;6;14
EVAL_INSTANCE:6:0:120
EVAL_INSTANCE:6:1:121
EVAL_INSTANCE:6:2:122
EVAL_INSTANCE:6:3:123
EVAL_INSTANCE:6:4:124
EVAL_INSTANCE:6:5:125
EVAL_INSTANCE:6:6:126
EVAL_INSTANCE:6:7:127
EVAL_INSTANCE:6:8:128
EVAL_INSTANCE:6:9:129
RUN_RESULT:6:0:0:18:DDDRRRDRDLLLDL
RUN_RESULT:6:1:0:1286:DDDRRRDRDLULULUURRRDDDDDDLRUULUUURRDUUULUULLLRDDDULLRDRDDUULURRUUDDRRRRLUURDDRRRDDDDRRUUUUUULLLULLDULLRDRDURLDDDD
RUN_RESULT:6:2:0:2000:----
RUN_RESULT:6:3:0:1331:DDDRRRDRDLUULLUURRRDDDDDDLRUULUUURRDUUUUULUULLLRDDDULLRDRDDUULURRUUDDRRRRLUURDDRRRDDDDRRUUUUUULLLULLDULLRDRDURLDDDD
RUN_RESULT:6:4:0:30:RRDRDRDDLDLDLL
RUN_RESULT:6:5:0:123:RRRDDRRDLLD
RUN_RESULT:6:6:0:18:DDDRRRDRDLLLDL
RUN_RESULT:6:7:0:18:DDDRRRDRDLLDLL
RUN_RESULT:6:8:0:16:DDDRRRDRDLLDLL
RUN_RESULT:6:9:0:18:DDDRRRDRDLLDLL
     7 |       70 | -3.982200E+03 | -3.984000E+03
TRACK:130;103;83;2;2;5;2;5;6;6;6;4;6;7;-4.921363946161;2;4;2;5;4;1;22;7.625236087157239;19;1;3;6;13;6;4;10;6;0;4;5;3;11;2;2;6;14;2;14;16;2;5;18;5;11;1;6;5;0;3;5;5;6;19;0;5;2;5;9;6;16;5;2;1;23;2.9895991120744636;21;-1.0693263361095817;2;17;18;0;0;1;3;1;6;6;12;0;2;22;9.119761021804292;14;6;12;4;6;0;5;11;0;14;23;1.0802355364310612;0;10;3;6;2;0;9;11;4;10;5;5;0;5;6;0;23;0.9737058818174502;21;-5.3238124774171744;6;4;12;2;2;6;4;3;3;2;2;5;20;9.648264341221333;3;11;4;6;11;2;1;5;3;1;1;0;15;7;1.6177506762810916;5;22;-5.740610111367556;4;4;7;-6.727591230376073;0;6;3;5;0;18;20;0.14204917798504857;1;5;4;1;11;23;0.8855394780897667;5;4;0;24;11;6;10;5;3;6;6;3;2;1;9;25;0;10;16
TRACK:131;103;83;2;2;5;2;5;6;6;6;4;6;7;-5.375140872163963;2;4;2;5;4;1;17;19;1;3;2;14;16;6;4;10;6;5;18;1;6;5;0;3;5;5;6;19;0;5;2;5;9;6;16;5;2;1;23;2.5512527601035977;21;-1.2141946181971028;2;17;18;0;0;1;3;1;3;3;24;0;2;22;8.888416890739087;14;6;12;4;6;0;5;11;0;12;8;0;6;0;3;1;23;6.905544375710485;18;4;1;9;15;3;6;2;0;9;11;4;10;5;5;0;5;6;0;23;1.055170814497312;21;-5.323036642721249;6;1;3;15;5;12;2;2;6;4;3;3;2;2;5;10;3;11;4;6;11;2;1;5;3;1;1;0;25;7;1.3612072325208273;5;22;-5.547767243921692;4;4;7;-6.889159097595462;0;6;3;5;0;18;20;0.20768849171026957;1;5;4;2;10;13;5;4;0;24;11;0;5;1;4;0;5;14;6;14;4;2;4;11;4;14;1;3;1;4;4;17;3;5;7;9.954985691479356;1;5;2;2;21;3.9183126534831927;14;1;17;13;4;6;4;15;5;3;6;6;3;0;1;0;21;0.8307101826533474;19;4;17;5;6;14
TRACK:132;67;82;2;2;5;2;5;6;6;6;4;6;7;-4.839797479607935;2;4;2;5;4;1;22;7.681435520396103;19;1;3;6;7;6.960153543273032;6;4;10;6;0;4;5;3;11;2;2;6;14;2;14;16;2;5;18;5;11;1;6;5;0;3;5;5;6;19;0;5;2;5;9;6;16;5;2;1;23;2.922455738108622;21;-1.2607231617047758;2;17;18;0;0;1;3;1;6;6;12;0;2;22;9.02496073570588;14;6;12;4;6;0;5;11;0;12;8;0;10;3;6;2;0;9;11;4;10;5;5;0;5;6;0;23;0.9990930280663947;21;-5.259950700447521;6;4;12;2;2;6;4;3;3;2;5;11;4;6;11;2;1;5;3;1;1;0;25;7;1.612097916289756;5;22;-5.516726782498463;4;4;7;-6.67353922225501;0;6;3;5;0;18;20;0.02787884968309099;1;5;4;1;11;23;1.1100274913922714;5;4;0;24;11;6;10;5;3;6;6;3;0;1;0;15;19;4;17;5;6;14
TRACK:133;67;82;2;2;5;2;5;6;6;6;4;6;7;-4.9221149647716;2;4;2;5;4;1;22;7.708912422316088;19;1;3;6;13;6;4;10;6;0;4;5;3;11;2;2;6;14;2;14;16;2;5;18;5;11;1;6;5;0;3;5;5;6;19;0;5;2;5;9;6;16;5;2;1;23;2.895726745130768;21;-1.2860988538759013;2;17;18;0;0;1;3;1;6;6;12;0;2;22;9.07976668184689;14;6;12;4;6;0;5;11;0;12;8;0;10;3;6;2;0;9;11;4;10;5;5;0;5;6;0;23;0.9614348591502939;11;6;4;12;2;2;6;4;3;3;2;2;5;20;9.520884552803993;3;11;4;6;11;2;1;5;3;1;1;0;15;7;1.5764689523989706;5;22;-5.608755372289354;4;4;7;-6.689843042966554;0;6;3;5;0;18;20;0.06645149411011314;1;5;4;1;11;23;1.1849433013561297;5;4;0;24;11;6;10;5;3;6;6;3;0;1;0;15;19;4;17;5;6;14
TRACK:134;128;82;2;2;5;2;5;6;6;6;4;6;7;-4.752572939820141;2;4;2;5;4;1;22;7.679572874763944;8;1;3;6;7;6.587817717375761;6;4;10;6;1;1;5;1;13;8;1;5;20;-9.536878972414648;4;17;1;5;4;7;-5.048019967980817;0;0;22;-4.077937434147527;17;3;13;1;6;5;0;3;5;5;6;19;0;5;2;5;9;6;16;5;2;1;23;2.7499000892087877;21;-1.1521985831824848;2;17;18;0;0;1;3;1;6;6;12;0;2;22;9.199204631541766;14;6;12;4;6;0;5;11;0;12;8;0;10;3;6;2;0;9;11;4;10;5;5;0;5;6;0;23;1.1485152222814072;21;-5.204178204097911;6;4;12;2;2;6;4;3;3;2;2;5;20;9.59614568417552;3;11;4;6;11;2;1;5;3;1;1;0;25;7;1.6196943823634982;5;22;-5.603115376628415;4;4;7;-6.600485486562622;0;6;3;5;0;18;20;0.10567417522442564;1;5;4;1;11;23;1.0933602965158795;5;4;0;24;11;6;10;5;3;6;6;3;0;1;0;15;19;4;17;5;5;22;-5.521030643637956
TRACK:135;128;82;2;2;5;2;5;6;6;6;4;6;7;-4.9221149647716;2;4;2;5;4;1;22;7.708912422316088;19;1;3;6;13;6;4;12;6;0;4;5;3;11;2;2;6;14;2;14;16;2;5;18;5;11;1;6;5;0;3;5;5;6;19;0;5;2;5;9;6;16;5;2;1;23;2.895726745130768;21;-1.2860988538759013;2;17;18;0;0;1;3;1;6;6;12;0;2;22;9.07976668184689;14;6;12;4;6;0;5;11;0;12;8;0;10;3;6;2;0;9;11;4;10;5;5;0;5;6;0;23;0.9614348591502939;21;-5.274522580501949;6;4;12;2;2;6;4;3;3;2;2;5;20;9.520884552803993;3;11;4;6;11;2;1;5;3;1;1;0;15;7;1.5764689523989706;5;22;-5.608755372289354;4;4;7;-6.689843042966554;0;6;3;5;0;18;20;0.06645149411011314;1;5;4;1;11;23;1.1849433013561297;5;4;0;24;11;6;10;5;3;6;6;3;0;1;0;15;19;4;17;5;6;14
TRACK:136;88;100;2;2;5;2;5;6;6;6;4;6;7;-4.737675094958419;2;4;2;5;4;1;22;7.584370175223616;19;1;3;6;7;6.918572577157337;6;4;10;6;0;4;5;3;11;2;2;6;14;2;14;16;2;5;18;5;11;1;6;5;0;3;5;5;6;19;0;5;2;5;9;6;16;5;2;1;23;2.8208820400782533;21;-1.0871574137701758;2;17;18;0;0;1;3;1;6;6;12;0;2;22;8.940614116526158;14;6;12;4;6;0;5;11;0;12;8;0;10;3;6;2;0;9;11;4;10;5;5;0;5;6;0;23;1.1020449586677628;21;-5.385095103673587;6;4;12;2;2;6;4;3;3;2;2;5;20;9.724389841023504;3;11;4;6;11;2;1;5;3;1;1;0;25;7;1.5540412181589445;5;22;-5.542376470404115;4;4;7;-6.638008078141404;0;1;6;2;1;9;23;2.355584779083152;4;19;5;6;2;25;11;1;5;4;1;11;23;1.1383794823089368;5;12;6;3;3;24;5;3;6;6;3;0;1;0;15;19;4;17;5;6;14
TRACK:137;88;100;2;2;5;2;5;6;6;6;4;6;7;-5.405740735639551;2;4;2;5;4;1;17;19;1;3;2;14;16;6;4;10;6;5;18;1;6;5;0;3;5;5;6;19;0;5;2;5;9;6;16;5;2;1;23;2.5170131359065393;21;-1.4304741121971778;2;17;18;0;0;1;3;1;3;3;24;0;23;1.1383794823089368;6;12;4;6;0;5;11;0;12;8;0;6;0;3;1;23;6.905185345246153;18;4;1;9;15;3;6;2;0;9;11;4;10;5;5;0;5;6;0;23;1.0967258791106875;21;-5.125031256563061;6;1;3;15;5;12;2;2;6;4;3;3;2;2;5;20;9.76655605356914;3;11;4;6;11;2;1;5;3;1;1;0;25;7;1.1633623493484313;5;22;-5.448193177734908;4;4;7;-7.009679641743426;0;6;3;1;17;16;1;5;4;2;10;13;5;4;0;24;11;0;5;1;4;0;5;14;6;14;4;2;4;11;4;14;1;15;1;5;2;2;21;3.8096724943851896;14;1;17;13;4;6;4;15;5;3;6;6;3;0;1;0;21;0.8171287405483642;19;4;17;5;6;14
TRACK:138;128;87;2;2;5;2;5;6;6;6;4;6;7;-4.752572939820141;2;4;2;5;4;1;22;7.679572874763944;19;1;3;6;7;6.587817717375761;6;4;10;6;1;1;5;1;13;8;1;5;20;-9.536878972414648;4;17;1;5;4;7;-5.048019967980817;0;0;22;-4.077937434147527;17;3;13;1;6;5;0;3;5;5;6;19;0;5;2;5;9;6;16;5;2;1;23;2.7499000892087877;21;-1.1521985831824848;2;17;18;0;0;1;3;1;6;6;12;0;2;22;9.199204631541766;14;6;12;4;6;0;5;11;0;12;8;0;10;3;6;2;0;9;11;4;10;5;5;0;5;6;0;23;1.1485152222814072;21;-5.204178204097911;6;4;12;2;2;6;4;3;3;2;2;5;20;9.59614568417552;3;11;4;6;11;2;1;5;3;6;10;0;6;3;5;0;18;20;0.10567417522442564;1;5;4;1;11;23;1.0933602965158795;5;4;0;24;11;6;10;5;3;6;6;3;0;1;0;15;19;4;17;5;5;22;-5.521030643637956
TRACK:139;128;87;2;2;5;2;5;6;6;6;10;2;4;2;5;4;1;22;7.480663105727667;19;1;3;6;7;6.979758224875879;6;4;10;6;0;4;5;3;11;2;2;6;14;2;14;16;2;5;18;5;11;1;6;5;0;3;5;5;6;19;0;5;2;5;9;6;16;5;2;1;23;2.911929100119031;12;2;17;18;0;0;1;3;1;6;6;12;0;2;22;9.190184298456128;14;6;12;4;6;0;5;11;0;12;8;0;6;0;3;1;23;7.0819868954324185;18;4;1;9;15;3;6;2;0;9;11;4;10;5;5;0;5;6;0;23;0.981985480249864;21;-5.24627031448;6;4;12;2;2;6;4;3;3;2;2;5;20;9.4016867334776;3;11;4;6;11;2;1;5;3;1;1;0;25;7;1.1918341144746458;5;22;-5.728475791374046;4;4;7;-6.9332158040770535;0;6;3;5;0;18;20;0.15901253389370462;1;5;4;2;10;13;5;4;0;24;11;6;10;5;3;6;6;3;0;1;0;15;19;4;15;5;6;14
TRACK:140;130;-1;2;2;5;2;5;6;6;6;4;6;7;-4.890707392289435;2;4;2;5;4;1;22;7.695372501863007;19;1;3;6;13;6;4;10;6;0;4;5;3;11;2;2;6;14;2;14;15;2;5;18;5;11;1;6;5;0;3;5;5;6;19;0;5;2;5;9;6;16;5;2;1;23;2.9650002837308795;21;-1.261872023223489;2;17;18;0;0;1;3;1;6;6;12;0;2;22;9.174918701107325;14;6;12;4;6;0;5;11;0;14;23;1.1174972640550707;0;10;3;6;2;0;9;11;4;10;5;5;0;5;6;0;23;1.0440473912278405;21;-5.40865899845607;6;4;12;2;2;6;4;3;3;2;2;5;20;9.833123675560286;3;11;4;6;11;2;1;5;3;1;1;0;15;7;1.6161982330613578;5;22;-5.787304389065857;4;4;7;-6.576401052129177;0;6;3;5;0;18;20;0.1533276243700171;1;5;4;1;11;23;0.9308456541604118;5;4;0;24;11;6;10;5;3;6;6;3;2;1;9;25;0;10;16
TRACK:141;132;-1;2;2;5;2;5;6;6;6;4;6;7;-4.954968169815103;2;4;2;5;4;1;22;7.647691153954912;19;1;3;6;7;6.906324832611404;6;4;10;6;0;4;5;3;11;2;2;6;14;2;14;16;2;5;18;5;11;1;6;5;0;3;5;5;6;19;0;5;2;5;9;6;16;5;2;1;23;2.998864702970607;21;-1.2734728383548348;2;17;18;0;0;1;3;1;6;6;12;0;2;22;9.01805586852297;14;6;12;4;6;0;5;11;0;12;8;0;10;3;6;2;0;9;18;4;10;5;5;0;5;6;0;23;0.9573172650043759;21;-5.196606211037692;6;4;12;2;2;6;4;3;3;2;5;11;4;6;11;2;1;5;3;1;1;0;25;7;1.8863187168956983;5;22;-5.495816967502388;4;4;7;-6.8227010567071975;0;6;3;5;0;18;20;0.1554964708954464;1;5;4;1;11;23;0.9427877507533278;5;4;0;24;11;6;10;5;3;6;6;3;0;1;0;15;19;4;17;5;6;14
TRACK:142;134;-1;2;2;5;2;5;6;6;6;4;6;7;-4.60040327079763;2;4;2;5;4;1;22;7.658805218525106;8;1;3;6;7;6.5521751680685485;6;4;10;6;1;1;5;1;13;8;1;5;20;-9.445895189015006;4;17;1;5;4;7;-4.938446471423766;0;0;22;-3.9726259636604344;17;3;13;1;6;5;0;3;5;5;6;19;0;5;2;5;9;6;16;5;2;1;25;21;-1.344432804515533;2;17;18;0;0;1;3;1;6;6;12;0;2;22;9.39808481178591;14;6;12;4;6;0;5;11;0;12;8;0;10;3;6;2;0;9;11;4;10;5;5;0;5;6;0;23;1.1543589327011528;21;-5.209773095351641;6;4;12;2;2;6;4;3;3;2;2;5;20;9.647188291293215;3;11;4;6;11;2;1;5;3;1;1;0;25;7;1.8047266351251943;5;22;-5.57718879325755;4;4;7;-6.522387094914828;0;6;3;5;0;18;20;0.1434227095871626;1;5;4;1;11;23;1.0167387105832342;5;4;0;24;11;6;10;5;3;6;6;3;0;1;0;15;19;4;17;5;5;22;-5.780461907429556
TRACK:143;136;-1;2;2;5;2;5;6;6;6;4;6;7;-4.69542187192439;2;4;2;5;4;1;22;7.655218212346684;19;1;3;6;7;7.0384016813456425;6;4;10;6;0;4;5;3;11;2;2;6;14;2;18;16;2;5;18;5;11;1;6;5;0;3;5;5;6;19;0;5;2;5;9;6;16;5;2;1;23;2.7422462964678385;21;-1.0596803486414255;2;17;18;0;0;1;3;1;6;6;12;0;2;22;8.871842210274842;14;6;12;4;6;0;5;11;0;12;8;0;10;3;6;2;0;9;11;4;10;5;5;0;5;6;0;23;1.0916965118138156;21;-5.419064294240399;6;4;12;2;2;6;4;3;3;2;2;5;20;9.8415538430253;3;11;4;6;11;2;1;5;3;1;1;0;25;7;1.517180325804388;5;22;-5.347877576136755;4;4;7;-6.620153059520655;0;1;6;2;1;9;23;2.44134332312952;4;19;5;6;2;25;11;1;5;4;1;11;23;1.170842787857368;5;12;6;3;3;24;5;3;6;6;3;0;1;0;15;19;4;17;5;6;14
TRACK:144;138;-1;2;2;5;2;5;6;6;6;4;6;7;-4.850538651533148;2;4;2;5;4;1;22;7.602555217123854;19;1;3;6;7;6.565290258161699;6;4;10;6;1;1;5;1;13;8;1;7;0.13743905259474154;11;1;5;4;7;-4.843361414196206;0;0;22;-4.046761479507961;17;3;13;1;6;5;0;3;5;5;6;19;0;5;2;5;9;6;16;5;2;1;23;2.7941004419272777;21;-1.1281496166588507;2;17;18;0;0;1;3;1;6;6;12;0;2;22;9.231811310500438;14;6;12;4;6;0;5;11;0;12;8;0;10;3;6;2;0;9;11;4;10;5;5;0;5;6;0;23;1.2049177359002907;21;-5.330820648474455;6;4;12;2;2;6;4;3;3;2;2;5;20;9.780603350500702;3;11;4;6;11;2;1;5;3;6;10;0;6;3;5;0;18;20;0.15011834236646204;1;5;4;1;11;23;1.1930862148158192;5;4;0;24;11;6;10;5;3;6;6;3;0;1;0;15;19;4;17;5;5;22;-5.45409829770999
TRACK:145;131;-1;2;2;5;2;5;6;6;6;4;6;7;-5.433606478332986;2;4;2;5;4;1;17;19;1;3;2;14;16;6;4;10;6;5;18;1;6;5;0;3;5;5;6;19;0;5;2;5;9;6;16;5;2;1;23;2.4367287376358493;21;-1.1170168673629912;2;17;18;0;0;1;3;1;3;3;24;0;2;22;8.826919041669933;14;6;12;4;6;0;5;11;0;12;8;0;6;0;3;1;23;6.951448612650569;18;4;1;9;15;3;6;2;0;9;11;4;10;5;5;0;5;6;0;23;1.1126707535087332;21;-5.232573540705632;6;1;3;15;5;12;2;2;6;4;3;3;2;2;5;10;3;11;4;6;11;2;1;5;3;1;1;0;25;7;1.2547887620826643;5;22;-5.505349031668624;4;4;7;-6.784375182888531;0;6;3;5;0;18;20;0.34421801791791856;1;5;4;2;10;13;5;4;0;24;11;0;5;1;4;0;5;14;6;14;4;2;3;21;9.555705780898542;4;14;1;3;1;4;4;17;3;5;7;9.721643501121399;1;5;2;2;21;3.8164712653819697;14;1;17;13;4;6;4;15;5;3;6;6;3;0;1;0;21;0.6889180223198844;19;4;17;5;6;14
TRACK:146;133;-1;2;2;5;2;5;6;6;6;4;6;7;-4.772394317467833;2;4;2;5;4;1;22;7.8078497786224865;19;1;3;6;13;6;4;10;6;0;4;5;3;11;2;2;6;14;2;14;16;2;5;18;5;11;1;6;5;0;3;5;5;6;19;0;5;5;11;5;2;1;23;2.905269916715271;21;-1.3726243425444153;2;17;18;0;0;1;3;1;6;6;12;0;2;22;8.922660565771903;14;6;12;4;6;0;5;11;0;12;8;0;10;3;6;2;0;9;11;4;10;5;5;0;5;6;0;23;0.835733236353027;11;6;4;12;2;2;6;4;3;3;2;2;5;20;9.529442541255147;3;11;4;6;11;2;1;5;3;1;1;0;15;7;1.7201588757709652;5;22;-5.595136472781013;4;4;7;-6.792198491473061;0;6;3;5;0;18;20;0.10166255029615695;1;5;4;1;11;23;1.2545469152742268;5;4;0;24;11;6;10;5;3;6;6;3;0;1;0;15;19;4;17;5;6;14
TRACK:147;135;-1;2;2;5;2;5;6;6;6;4;6;7;-5.100895989029719;2;4;2;5;4;1;22;7.633327091399868;19;1;3;6;13;6;4;12;6;0;4;5;3;11;2;2;6;14;2;14;16;2;5;18;5;11;1;6;5;0;3;5;5;6;19;0;5;2;5;9;6;16;5;2;1;23;2.8519182331926998;21;-1.1877420357967976;2;17;18;0;0;1;3;1;6;6;12;0;2;22;9.057703059040511;14;6;12;4;6;0;5;11;0;12;8;0;10;3;6;2;0;9;11;4;10;0;4;2;3;1;1;10;20;8.422874234569445;3;23;-7.187485222645497;3;0;3;10;2;12;13;1;0;1;2;0;17;11;5;15;6;1;16;7;7.082667135469112;6;0;0;11;14;4;16;2;2;1;2;21;-2.7958803406299086;24;0;17;14;5;0;15;15;6;2;4;15;3;11;2;2;6;4;3;3;2;2;5;20;9.440315180803433;3;11;4;6;11;2;1;5;3;1;1;0;15;7;1.7185463607355287;5;22;-5.549855155887635;4;4;7;-6.612854189108408;0;6;3;5;0;18;20;0.11658713803845436;1;5;4;1;11;23;0.9279752774381045;5;4;0;24;11;6;10;5;3;6;6;3;0;1;0;15;19;4;17;5;6;14
TRACK:148;137;-1;2;2;5;2;5;6;6;6;4;6;7;-5.658192249104387;2;4;2;5;4;1;17;19;1;3;2;14;16;3;0;8;15;6;5;18;1;6;5;0;3;5;5;6;19;0;5;2;5;9;6;16;5;2;1;23;2.370458235373512;21;-1.4312840805627736;2;17;18;0;0;1;3;1;3;3;24;0;23;1.0650963404864022;6;12;4;6;0;5;11;0;12;8;0;6;0;3;1;23;6.84694256735933;18;4;1;9;15;3;6;2;0;9;11;4;10;5;5;0;5;6;0;23;1.1412186762893932;21;-5.131238131647604;6;1;3;15;5;12;2;2;6;4;3;3;2;2;5;20;9.755970021858193;3;11;4;6;11;2;1;5;3;1;1;0;25;7;1.172506983957658;5;22;-5.494376434376162;4;4;7;-6.895472062527002;0;6;3;1;17;16;1;5;4;2;10;13;5;4;0;24;11;0;5;1;4;0;5;14;6;14;4;2;4;11;4;14;1;15;1;5;2;2;21;3.655688341074256;14;1;17;13;4;6;4;15;5;3;6;6;3;0;1;0;21;0.7712509236544526;19;4;17;5;6;14
TRACK:149;139;-1;2;2;5;2;5;6;6;6;10;2;4;2;5;4;1;22;7.343957926512868;19;1;3;6;7;7.099098610520511;6;4;10;6;0;4;5;3;11;2;2;6;14;2;14;16;2;5;18;5;11;1;6;5;0;3;5;5;6;19;0;5;2;5;9;6;16;5;2;1;23;2.916764796844057;12;2;17;18;0;0;1;3;1;6;6;12;0;2;22;9.17419775941866;14;6;12;4;6;0;5;11;0;12;8;0;6;0;3;1;23;7.038179874501815;18;4;1;9;15;3;4;4;14;5;5;0;5;6;0;23;0.9480648214108511;21;-5.302173634757887;6;4;12;2;2;6;4;3;3;2;2;5;20;9.339669383161077;3;11;4;6;11;2;1;5;3;1;1;0;25;7;1.1357396070573347;5;22;-5.930579626880647;4;4;7;-6.938075896948638;0;6;3;5;0;18;20;0.22283137053739338;1;5;4;2;10;13;5;4;0;24;11;6;10;5;3;6;6;3;0;1;0;15;19;4;15;5;6;14
EVAL_INSTANCE:7:0:140
EVAL_INSTANCE:7:1:141
EVAL_INSTANCE:7:2:142
EVAL_INSTANCE:7:3:143
EVAL_INSTANCE:7:4:144
EVAL_INSTANCE:7:5:145
EVAL_INSTANCE:7:6:146
EVAL_INSTANCE:7:7:147
EVAL_INSTANCE:7:8:148
EVAL_INSTANCE:7:9:149
RUN_RESULT:7:0:0:141:DDDRRRDULLUURRRLLLDDRRDRDLLLDL
RUN_RESULT:7:1:0:2000:----
RUN_RESULT:7:2:0:16:DDDRRRDRDLLDLL
RUN_RESULT:7:3:0:149:DRRRLLDDRRDULLUURRRDDDDLLLDL
RUN_RESULT:7:4:0:41:DDDRRRDRDLLDLL
RUN_RESULT:7:5:0:22:RRDRRDRDLD
RUN_RESULT:7:6:0:27:DDDRRRDRDDRUUDL
RUN_RESULT:7:7:0:22:RDDDRRDRDLLLDL
RUN_RESULT:7:8:0:18:DDDRRRDRDLLDLL
RUN_RESULT:7:9:0:217:DDDRRRDUUUDDDRRDLDRLUUUUUDDLLU
     8 |       80 | -3.982400E+03 | -3.984000E+03
TRACK:150;128;88;2;2;5;2;5;6;6;6;4;6;7;-4.752572939820141;2;4;2;5;4;1;22;7.679572874763944;19;1;3;6;7;6.587817717375761;6;4;10;6;1;1;5;1;13;8;1;5;20;-9.536878972414648;4;17;1;5;4;7;-5.048019967980817;0;0;22;-4.077937434147527;17;3;13;1;6;5;0;3;5;5;6;19;0;5;2;5;9;6;16;5;2;1;23;2.7499000892087877;21;-1.1521985831824848;2;17;18;0;0;1;3;1;6;6;12;0;2;22;9.199204631541766;14;6;12;4;6;0;5;11;0;12;8;0;10;3;6;2;0;9;11;4;10;5;5;0;5;6;0;23;1.1485152222814072;21;-5.204178204097911;2;5;9;6;16;2;2;6;4;3;3;2;2;5;20;9.59614568417552;3;11;4;6;11;2;1;5;3;1;1;0;25;7;1.6196943823634982;5;22;-5.603115376628415;4;4;7;-6.600485486562622;0;6;3;5;0;18;20;0.10567417522442564;1;5;4;1;11;23;1.0933602965158795;5;4;0;24;11;6;10;5;3;6;6;3;0;1;0;15;19;4;17;5;5;22;-5.521030643637956
TRACK:151;128;88;2;2;5;2;5;6;6;6;4;6;7;-4.737675094958419;2;4;2;5;4;1;22;7.584370175223616;19;1;3;6;7;6.918572577157337;6;4;10;6;0;4;5;3;11;2;2;6;14;2;14;16;2;5;18;5;11;1;6;5;0;3;5;5;6;19;0;5;2;5;9;6;16;5;2;1;23;2.8208820400782533;21;-1.0871574137701758;2;17;18;0;0;1;3;1;6;6;12;0;2;22;8.940614116526158;14;6;12;4;6;0;5;11;0;12;8;0;10;3;6;2;0;9;11;4;10;5;5;0;5;6;0;23;1.1020449586677628;21;-5.385095103673587;6;4;12;2;2;6;4;3;3;2;2;5;20;9.724389841023504;3;11;4;6;11;2;1;5;3;1;1;0;25;7;1.5540412181589445;5;22;-5.542376470404115;4;4;7;-6.638008078141404;0;1;6;2;1;9;23;2.355584779083152;4;19;5;6;2;25;11;1;5;4;1;11;23;1.1383794823089368;5;4;0;24;11;6;3;3;24;5;3;2;5;20;9.59614568417552;3;11
TRACK:152;100;101;2;2;5;2;5;6;6;6;4;6;7;-5.405740735639551;2;4;2;5;4;1;17;19;1;3;2;14;16;6;4;10;6;5;18;1;6;5;0;3;5;5;6;19;0;5;2;5;9;6;16;5;2;1;23;2.5170131359065393;21;-1.4304741121971778;2;17;18;0;0;1;3;1;3;3;24;0;2;22;8.807920687925433;14;6;12;4;6;0;5;11;0;12;8;0;6;0;3;1;23;6.905185345246153;18;4;1;9;15;3;6;2;0;9;11;4;10;5;5;0;5;6;0;23;1.0967258791106875;21;-5.125031256563061;6;1;3;15;5;12;2;2;6;4;3;3;2;2;5;20;9.76655605356914;3;11;4;6;11;2;1;5;3;1;1;0;25;7;1.1633623493484313;5;22;-5.448193177734908;4;4;7;-7.009679641743426;0;6;3;1;17;16;1;5;4;2;10;13;5;4;0;24;11;0;5;1;4;0;5;14;6;14;4;2;4;11;4;14;1;15;1;5;2;2;21;3.8096724943851896;21;-5.307473995167581;1;17;13;4;6;4;15;5;3;6;6;3;0;1;0;21;0.8171287405483642;19;4;17;5;6;14
TRACK:153;100;101;2;2;5;2;5;6;6;6;4;6;7;-4.76251188871014;2;4;2;5;4;1;22;7.748637102836673;19;1;3;6;7;6.618873756776671;6;4;10;6;0;4;5;3;11;2;2;1;11;7;-3.236892513372358;2;14;16;2;5;18;5;11;1;6;5;0;3;5;5;6;19;0;5;2;5;9;6;16;5;2;1;23;2.905015960883248;21;-1.2518730262160718;2;17;18;0;0;1;3;1;6;6;12;0;2;22;9.143052196298761;14;6;12;4;6;0;5;11;0;12;8;0;10;3;6;2;0;9;11;4;10;5;5;0;5;6;0;23;1.0756328785696967;21;-5.307473995167581;6;4;12;2;2;6;4;3;3;2;2;5;20;9.441840627111482;3;11;4;6;11;2;1;5;3;1;2;10;13;4;4;7;-6.653930265465757;0;6;3;5;0;18;20;0.07524311120920285;1;5;4;1;11;23;1.1738627622785691;5;4;0;24;11;6;10;5;3;6;6;3;0;1;0;15;19;4;17;5;6;14
TRACK:154;142;128;2;2;5;2;5;6;6;6;4;6;7;-4.60040327079763;2;4;2;5;4;1;22;7.658805218525106;8;1;3;6;7;6.5521751680685485;6;4;10;6;1;1;5;1;13;8;1;5;20;-9.445895189015006;4;17;1;5;4;7;-4.938446471423766;0;0;22;-3.9726259636604344;17;3;13;1;6;5;0;3;5;5;6;19;0;5;2;5;9;6;16;5;2;1;25;21;-1.344432804515533;2;17;18;0;0;1;3;1;6;6;12;0;2;22;9.39808481178591;14;6;12;4;6;0;5;11;0;12;8;0;10;3;6;2;0;9;11;5;11;5;5;0;5;6;0;23;1.1543589327011528;21;-5.209773095351641;6;4;12;2;2;6;4;3;3;2;2;5;20;9.647188291293215;3;11;4;6;11;2;1;5;3;1;1;0;25;7;1.8047266351251943;5;22;-5.57718879325755;4;4;7;-6.522387094914828;0;6;3;5;0;18;20;0.1434227095871626;1;5;4;1;11;23;1.0167387105832342;5;4;0;24;11;6;10;5;3;6;6;3;0;1;0;15;19;4;17;5;5;22;-5.780461907429556
TRACK:155;142;128;2;2;5;2;5;6;6;6;4;6;7;-4.752572939820141;2;4;2;5;4;1;22;7.679572874763944;19;1;3;6;7;6.587817717375761;6;4;10;6;1;1;5;1;13;8;1;5;20;-9.536878972414648;4;17;1;5;4;7;-5.048019967980817;0;0;22;-4.077937434147527;17;3;13;1;6;5;0;3;5;5;6;19;0;5;2;5;9;6;16;5;2;1;23;2.7499000892087877;21;-1.1521985831824848;2;17;18;0;0;1;3;1;6;6;12;0;2;22;9.199204631541766;14;6;12;4;6;0;5;11;0;12;8;0;10;3;6;2;0;9;11;4;10;5;5;0;5;6;0;23;1.1485152222814072;21;-5.204178204097911;6;4;12;2;2;6;4;3;3;2;6;4;12;4;6;11;2;1;5;3;1;1;0;25;7;1.6196943823634982;5;22;-5.603115376628415;4;4;7;-6.600485486562622;0;6;3;5;0;18;20;0.10567417522442564;1;5;4;1;11;23;1.0933602965158795;5;4;0;24;11;6;10;5;3;6;6;3;0;1;0;15;19;4;17;5;5;22;-5.521030643637956
TRACK:156;101;100;2;2;5;2;5;6;6;6;4;6;7;-4.76251188871014;2;4;2;5;4;1;22;7.748637102836673;19;1;3;6;7;6.618873756776671;6;4;10;6;0;4;5;3;11;2;2;1;11;7;-3.236892513372358;2;14;16;2;5;18;5;11;1;6;5;0;3;5;5;6;19;0;5;2;5;9;6;16;5;2;1;23;2.905015960883248;21;-1.2518730262160718;2;17;18;0;0;1;3;1;6;6;12;0;2;22;9.143052196298761;14;6;12;4;6;0;5;11;0;12;8;0;10;3;6;2;0;9;11;4;10;5;5;0;5;6;0;23;1.0756328785696967;21;-5.307473995167581;6;4;12;2;2;6;4;3;3;2;2;5;20;9.441840627111482;3;11;4;6;11;2;1;5;24;0;6;3;5;0;18;20;0.07524311120920285;1;5;4;1;11;23;1.1738627622785691;5;4;0;24;11;6;10;5;3;6;6;3;0;1;0;15;19;4;17;5;6;14
TRACK:157;101;100;2;2;5;2;5;6;6;6;4;6;23;1.1738627622785691;2;4;2;5;4;1;17;19;1;3;2;14;16;6;4;10;6;5;18;1;6;5;0;3;5;5;6;19;0;5;2;5;9;6;16;5;2;1;23;2.5170131359065393;21;-1.4304741121971778;2;17;18;0;0;1;3;1;3;3;24;0;2;22;8.807920687925433;14;6;12;4;6;0;5;11;0;12;8;0;6;0;3;1;23;6.905185345246153;18;4;1;9;15;3;6;2;0;9;11;4;10;5;5;0;5;6;0;23;1.0967258791106875;21;-5.125031256563061;6;1;3;15;5;12;2;2;6;4;3;3;2;2;5;20;9.76655605356914;3;11;4;6;11;2;1;5;3;1;1;0;25;7;1.1633623493484313;5;22;-5.448193177734908;4;4;7;-7.009679641743426;0;6;3;1;17;16;1;5;4;2;10;13;5;4;0;24;11;0;5;1;4;0;5;14;6;14;4;2;4;11;4;14;1;15;1;5;2;2;21;3.8096724943851896;14;1;17;13;4;6;4;15;5;3;6;6;3;0;1;0;21;0.8171287405483642;19;4;17;5;6;14
TRACK:158;142;83;2;2;5;2;5;6;6;6;4;6;7;-4.60040327079763;2;4;2;5;4;1;22;7.658805218525106;8;1;3;7;1.3612072325208273;6;4;10;6;1;1;5;1;13;8;1;5;20;-9.445895189015006;4;17;1;5;4;7;-4.938446471423766;0;0;22;-3.9726259636604344;17;3;13;1;6;5;0;3;5;5;6;19;0;5;2;5;9;6;16;5;2;1;25;21;-1.344432804515533;2;17;18;0;0;1;3;1;6;6;12;0;2;22;9.39808481178591;14;6;12;4;6;0;5;11;0;12;8;0;10;3;6;2;0;9;11;4;10;5;5;0;5;6;0;23;1.1543589327011528;21;-5.209773095351641;6;4;12;2;2;6;4;3;3;2;2;5;20;9.647188291293215;3;11;4;6;11;2;1;5;3;1;1;0;25;7;1.8047266351251943;5;22;-5.57718879325755;4;4;7;-6.522387094914828;0;6;3;5;0;18;20;0.1434227095871626;1;5;4;1;11;23;1.0167387105832342;5;4;0;24;11;6;10;5;3;6;6;3;0;1;0;15;19;4;17;5;5;22;-5.780461907429556
TRACK:159;142;83;2;2;5;2;5;6;6;6;4;6;7;-5.375140872163963;2;4;2;5;4;1;17;19;1;3;2;14;16;6;4;10;6;5;18;1;6;5;0;3;5;5;6;19;0;5;2;5;9;6;16;5;2;1;23;2.5512527601035977;21;-1.2141946181971028;2;17;18;0;0;1;3;1;3;3;24;0;2;22;8.888416890739087;14;6;12;4;6;0;5;11;0;12;8;0;6;0;3;1;23;6.905544375710485;18;4;1;9;15;3;6;2;0;9;11;4;10;5;5;0;5;6;0;23;1.055170814497312;21;-5.323036642721249;6;1;3;15;11;2;2;6;4;3;3;2;2;5;20;9.564167801736216;3;11;4;6;11;2;1;5;3;1;1;0;25;7;1.3612072325208273;5;22;-5.547767243921692;4;4;7;-6.889159097595462;0;6;3;5;0;18;20;0.20768849171026957;1;5;4;2;10;13;5;4;0;24;11;0;5;1;4;0;5;14;6;14;4;2;4;11;4;14;1;3;1;4;4;17;3;5;7;9.954985691479356;1;5;2;2;21;3.9183126534831927;14;1;17;13;4;6;4;15;5;3;6;6;3;0;1;0;21;0.8307101826533474;19;4;17;5;6;14
TRACK:160;150;-1;2;2;5;2;5;6;6;6;4;6;7;-4.905290826479729;2;4;2;5;4;1;22;7.610986882336585;19;1;3;6;7;6.576612858908591;6;4;10;6;1;1;5;1;13;8;1;5;20;-9.657470876547382;4;17;1;5;4;7;-5.207322151488169;0;0;22;-4.13350089636482;17;3;13;1;6;5;0;3;5;5;6;19;0;5;2;5;9;6;16;5;2;1;23;2.81324834114858;21;-1.1966043739066712;2;17;18;0;0;1;3;1;6;6;12;0;2;22;9.102399226873983;14;6;12;4;6;0;0;21;-9.90064896033079;12;0;12;8;0;10;3;6;2;0;9;11;4;10;5;5;0;5;6;0;23;1.3243030044856263;21;-5.0555921375468715;2;5;9;6;16;2;2;6;4;3;3;2;2;5;20;9.540909233110934;3;11;4;6;11;2;1;5;3;1;1;0;25;7;1.6071791832071438;5;22;-5.463077073056784;4;4;7;-6.6641230923918;0;6;3;5;0;18;20;0.09353392717869856;1;5;4;1;11;23;1.1146190458969116;5;4;0;24;11;6;10;5;3;6;6;3;0;1;0;15;19;4;17;5;5;22;-5.462233442805476
TRACK:161;152;-1;2;2;5;2;5;6;6;6;4;6;7;-5.478757487803988;2;4;2;5;4;1;17;19;1;3;2;14;16;6;4;10;6;5;18;1;6;5;0;3;5;5;6;19;0;5;2;5;9;6;16;5;2;1;23;2.573610856710752;21;-1.481114674196356;2;17;18;0;0;1;3;1;3;3;24;0;2;22;8.892574922464012;14;6;12;4;6;0;5;11;0;12;8;0;6;0;3;1;23;6.705857696476544;18;4;1;9;15;3;6;2;0;9;11;4;10;5;5;0;5;6;0;23;1.2179450712354845;21;-5.193742817124797;6;1;3;15;5;12;2;2;6;4;3;3;2;4;4;18;4;6;11;2;1;5;3;1;1;0;25;7;1.1443596461141403;5;22;-5.409562564924438;4;4;7;-6.831204557470673;0;6;3;1;17;16;1;5;4;2;10;13;5;4;0;24;11;0;5;1;4;0;5;14;6;14;4;2;4;11;4;14;1;15;1;5;2;2;21;3.6084036548386367;21;-5.290859151019695;1;17;13;4;6;4;15;5;3;6;6;3;0;1;0;21;0.8849456876653239;19;4;17;5;6;14
TRACK:162;142;-1;2;2;5;2;5;6;6;6;4;6;7;-4.6984548604975105;2;4;2;5;4;1;22;7.720954236162102;8;1;3;6;7;6.624230417882594;6;4;10;6;1;1;5;1;13;8;1;5;20;-9.643090753880571;4;17;1;5;4;7;-5.0543861392433715;0;0;22;-4.2218654717897275;17;3;13;1;6;5;0;3;5;5;6;19;0;5;2;5;9;6;16;5;2;1;25;21;-1.2502332549976791;2;17;18;0;0;1;3;1;6;6;12;0;2;22;9.272800865814224;14;6;12;4;6;0;5;11;0;12;8;0;10;3;6;2;0;9;11;4;10;5;5;0;5;6;0;23;1.110889971211749;21;-5.23483211578759;6;4;12;2;2;6;4;3;3;2;2;5;20;9.743721909118296;3;11;4;6;11;2;1;5;3;1;1;0;25;7;1.655717662809829;5;22;-5.594551817106898;4;4;7;-6.611465719671031;0;6;3;5;0;18;20;0.05478675759885407;1;5;4;1;11;23;0.9913604586980851;5;2;8;16;6;10;5;3;6;6;3;0;1;0;15;19;4;17;5;5;22;-5.689753744493394
TRACK:163;156;-1;2;2;5;2;5;6;6;6;4;6;7;-4.6524225913778725;2;4;2;5;4;1;22;7.70665843099146;19;1;3;6;7;6.642119276556331;6;4;10;6;0;4;5;3;11;2;2;1;11;7;-3.1493512166585464;2;14;16;2;5;18;5;11;1;6;5;0;3;5;5;6;19;0;5;2;5;9;6;16;5;2;1;23;3.0179478628197987;21;-1.2374288873818753;2;17;18;0;0;1;3;1;6;6;12;0;2;22;9.186275987411015;14;6;12;4;6;0;5;11;0;12;8;0;10;3;6;2;0;9;11;4;10;5;5;0;5;6;0;23;1.1284666288419367;21;-5.418255672409232;6;4;12;2;2;6;4;3;3;2;2;5;20;9.475333057965836;3;11;4;6;11;2;1;5;24;0;6;3;5;0;18;20;0.10755137944688396;1;5;4;1;11;23;1.2124316981065892;5;4;0;24;11;6;10;5;3;6;6;3;0;1;0;9;19;4;17;5;6;14
TRACK:164;158;-1;2;2;5;2;5;6;6;6;4;6;7;-4.577272326067113;2;4;2;5;4;1;22;7.525889040892787;8;1;3;7;1.2876396666144434;6;4;10;6;1;1;5;1;13;8;1;5;20;-9.299131626629727;4;17;1;5;4;7;-5.027809340107719;0;0;22;-3.8257919649392105;17;3;13;1;6;5;0;3;5;5;6;19;0;5;2;5;9;6;16;5;2;1;25;21;-1.2237868751802852;2;17;18;0;0;1;3;1;6;6;12;0;2;22;9.442533797904424;14;6;12;4;6;0;5;11;0;12;8;0;10;3;6;2;0;9;11;4;10;5;5;0;5;1;15;18;6;4;12;2;2;6;4;3;3;2;2;5;20;9.683521394663961;3;11;4;6;11;2;1;5;3;1;1;0;25;7;1.8652227122895884;5;22;-5.483606454267551;4;4;7;-6.5427300137745075;0;6;3;5;0;18;20;0.2703398862515664;1;5;4;1;11;23;0.8548857803977805;5;4;0;24;11;6;10;5;3;6;6;3;0;1;0;15;19;4;17;5;5;22;-5.846191253757162
TRACK:165;151;-1;2;2;5;2;5;6;6;6;4;6;7;-4.756433992541663;2;4;2;5;4;1;22;7.700757314018392;19;1;3;6;7;6.9540162933954734;6;4;10;6;0;4;5;3;11;2;2;6;14;2;14;16;2;5;18;5;11;1;6;5;0;3;5;5;6;19;0;5;2;5;9;6;16;5;2;1;23;2.8183484807008754;21;-1.1337930012612436;2;17;18;0;0;1;3;1;6;6;12;0;2;22;8.884469145830833;14;6;12;4;6;0;5;11;0;12;8;0;10;3;6;2;0;9;11;4;8;5;5;0;5;6;0;23;1.0051496775755449;21;-5.357209377885672;6;4;12;2;2;6;4;3;3;2;2;5;20;9.728640782310979;3;11;4;6;11;2;1;5;3;1;1;0;25;7;1.3562121322865428;5;22;-5.619112373752336;4;4;7;-6.491042103389388;0;1;6;2;1;9;23;2.339264296265141;4;19;5;6;2;25;11;1;5;4;1;11;23;1.1479633801295837;5;4;0;24;11;6;3;3;24;5;3;2;5;20;9.509877867351227;3;11
TRACK:166;153;-1;2;2;5;2;5;6;6;6;4;6;7;-4.953534885315702;2;4;2;5;4;1;22;7.692412728309076;19;1;3;6;7;6.6004407388612;6;4;10;6;0;4;5;3;11;2;2;1;11;7;-3.399898014258538;2;14;16;2;5;18;5;11;1;6;5;1;2;5;21;3.9035158748649152;6;23;-0.8848073622952164;3;1;19;25;0;0;1;3;1;6;6;12;0;2;22;9.313912753701786;14;6;12;4;6;0;5;11;0;12;8;0;10;3;6;2;0;9;11;4;10;5;5;0;5;6;0;23;1.0014367064254177;21;-5.482109015486569;6;4;12;2;2;6;4;3;3;2;2;5;20;9.335027004176595;3;11;4;6;11;2;1;5;3;1;2;10;13;4;4;7;-6.831803707932492;0;6;3;5;0;18;20;0.03765630984394358;1;5;4;1;11;23;1.1456732559229388;5;4;0;24;11;6;10;5;3;6;6;3;0;1;0;15;19;4;17;5;6;14
TRACK:167;128;-1;2;2;5;2;5;6;6;6;4;6;7;-4.816400590775065;2;4;2;5;4;1;22;7.829980451259294;19;1;3;6;7;6.4752027701929045;6;4;10;6;1;1;5;1;13;8;1;5;20;-9.396039204338898;4;17;1;5;4;7;-4.867259365144123;0;0;22;-4.212760478271374;17;3;13;1;6;5;0;3;5;5;6;19;0;5;2;5;9;6;16;5;2;1;23;2.8837071595699473;21;-1.1885312275443083;2;17;18;0;0;1;3;1;6;6;12;0;2;22;9.276067279249125;14;6;12;4;6;0;5;11;0;12;8;0;10;3;6;2;0;9;11;4;10;5;5;0;5;6;0;23;1.2265192251419577;21;-5.154884101977094;6;4;12;2;2;6;4;3;3;2;2;5;20;9.681560870338897;3;11;4;6;11;2;1;5;3;1;1;1;10;11;5;22;-5.610970542067813;4;4;7;-6.505777443667751;0;6;3;5;0;18;20;0.2976493816262942;1;5;4;1;11;23;1.148571040788456;5;4;0;24;11;6;10;5;3;6;6;3;0;1;0;15;19;4;17;5;5;22;-5.327161160628905
TRACK:168;157;-1;2;2;5;2;5;6;6;6;4;6;23;1.2167178740909477;2;4;2;5;4;1;17;19;1;3;2;14;16;6;4;10;6;5;18;1;6;5;0;3;5;5;6;19;0;5;2;5;9;6;16;5;2;1;23;2.500964096582413;21;-1.252542395391595;2;17;18;0;0;1;3;1;3;3;24;0;2;22;8.826307809230837;14;6;12;4;6;0;5;11;0;12;8;0;6;0;3;1;23;6.8902745815173985;18;4;1;9;15;3;6;2;0;9;11;4;10;5;5;0;5;6;0;23;1.0368946400748469;21;-4.9140524678728585;6;1;3;15;5;12;2;2;6;4;3;3;2;2;5;20;9.844109954884017;3;11;4;6;11;2;1;5;3;1;1;0;25;7;1.1202005054939823;5;22;-5.3179170045461115;4;4;7;-7.091540109207486;0;6;3;1;17;16;1;5;4;2;10;13;5;4;0;24;11;0;5;6;4;2;21;5.735856765090086;23;0.896734115787968;1;15;1;5;2;2;21;3.921319476536507;14;1;17;13;4;6;4;15;5;3;6;6;3;0;1;0;21;0.8441719835313111;19;4;17;5;6;14
TRACK:169;159;-1;2;2;5;2;5;6;6;6;4;6;7;-5.390260964508105;2;4;2;5;4;3;10;1;3;2;14;16;6;4;10;6;5;18;1;6;5;0;3;5;5;6;19;0;5;2;5;9;6;16;5;2;1;23;2.525470775423561;21;-1.1317277649600053;2;17;18;0;0;1;3;1;3;3;24;0;2;22;8.841127467776126;14;6;12;4;6;0;5;11;0;12;8;0;6;0;3;1;23;7.0412460787766875;18;4;1;9;15;3;6;2;0;9;11;4;10;5;5;0;5;6;0;23;1.0680239243560188;21;-5.2336709915611355;6;1;3;15;11;2;2;6;4;3;3;2;2;5;20;9.584994138033606;3;11;4;6;11;2;1;5;3;1;1;0;25;7;1.3709332330703883;5;22;-5.6374918779975705;4;4;7;-6.783925698767093;0;6;3;5;0;18;20;0.19761882803002329;1;5;4;2;10;13;5;4;0;24;11;0;5;1;4;0;5;14;6;14;4;2;4;11;4;14;1;3;1;4;4;17;3;5;7;9.863670959941388;1;5;2;2;21;3.901292092867195;14;1;17;13;4;6;4;15;5;3;6;6;3;0;1;0;21;0.9375619156934452;19;4;17;5;6;14
EVAL_INSTANCE:8:0:160
EVAL_INSTANCE:8:1:161
EVAL_INSTANCE:8:2:162
EVAL_INSTANCE:8:3:163
EVAL_INSTANCE:8:4:164
EVAL_INSTANCE:8:5:165
EVAL_INSTANCE:8:6:166
EVAL_INSTANCE:8:7:167
EVAL_INSTANCE:8:8:168
EVAL_INSTANCE:8:9:169
RUN_RESULT:8:0:0:2000:----
RUN_RESULT:8:1:0:22:RRDRRDRDLLRDL
RUN_RESULT:8:2:0:16:DDDRRRDRDLLDLL
RUN_RESULT:8:3:0:18:DDDRRRDRDLLLDL
RUN_RESULT:8:4:0:16:DDDRRRDRDLLDLL
RUN_RESULT:8:5:0:18:DDDRRRDRDLLLDL
RUN_RESULT:8:6:0:462:DDDRRRDRDDRUDLRDLUULUUUDDDRUUDLLU
RUN_RESULT:8:7:0:125:DDDRRRDRDLRUURURDLDDLDLLLULD
RUN_RESULT:8:8:0:24:DDDRRRDRDLLDLL
RUN_RESULT:8:9:0:18:DDDRRRDRDLLDLL
     9 |       90 | -3.982800E+03 | -3.984000E+03
TRACK:170;164;142;2;2;5;2;5;6;6;6;4;6;7;-4.577272326067113;2;4;2;5;4;1;22;7.525889040892787;8;1;3;7;1.2876396666144434;6;4;10;6;1;1;5;1;13;8;1;5;20;-9.299131626629727;4;17;1;5;4;7;-5.027809340107719;0;0;22;-3.8257919649392105;17;3;13;1;6;5;0;3;5;5;6;19;0;5;6;11;5;2;1;25;21;-1.2237868751802852;2;17;18;0;0;1;3;1;6;6;12;0;2;22;9.442533797904424;14;6;12;4;6;0;5;11;0;12;8;0;10;3;6;2;0;9;11;4;10;5;5;0;5;1;15;18;6;4;12;2;2;6;4;3;3;2;2;5;20;9.683521394663961;3;11;4;6;11;2;1;5;3;1;1;0;25;7;1.8652227122895884;5;22;-5.483606454267551;4;4;7;-6.5427300137745075;0;6;3;5;0;18;20;0.2703398862515664;1;5;4;1;11;23;0.8548857803977805;5;4;0;24;11;6;10;5;3;6;6;3;0;1;0;15;19;4;17;5;5;22;-5.846191253757162
TRACK:171;164;142;2;2;5;2;5;6;6;6;4;6;7;-4.60040327079763;2;4;2;5;4;1;22;7.658805218525106;8;1;3;6;7;6.5521751680685485;6;4;10;6;1;1;5;1;13;8;1;5;20;-9.445895189015006;4;17;1;5;4;7;-4.938446471423766;0;0;22;-3.9726259636604344;17;3;13;1;6;5;0;3;5;5;6;19;0;5;2;5;9;6;16;5;2;4;17;2;17;18;0;0;1;3;1;6;6;12;0;2;22;9.39808481178591;14;6;12;4;6;0;5;11;0;12;8;0;10;3;6;2;0;9;11;4;10;5;5;0;5;6;0;23;1.1543589327011528;21;-5.209773095351641;6;4;12;2;2;6;4;3;3;2;2;5;20;9.647188291293215;3;11;4;6;11;2;1;5;3;1;1;0;25;7;1.8047266351251943;5;22;-5.57718879325755;4;4;7;-6.522387094914828;0;6;3;5;0;18;20;0.1434227095871626;1;5;4;1;11;23;1.0167387105832342;5;4;0;24;11;6;10;5;3;6;6;3;0;1;0;15;19;4;17;5;5;22;-5.780461907429556
TRACK:172;128;83;2;2;5;2;5;6;6;6;4;6;7;-4.752572939820141;2;4;2;5;4;1;22;7.679572874763944;19;1;3;23;2.5512527601035977;6;4;10;6;1;1;5;1;13;8;1;5;20;-9.536878972414648;4;17;1;5;4;7;-5.048019967980817;0;0;22;-4.077937434147527;17;3;13;1;6;5;0;3;5;5;6;19;0;5;2;5;9;6;16;5;2;1;23;2.7499000892087877;21;-1.1521985831824848;2;17;18;0;0;1;3;1;6;6;12;0;2;22;9.199204631541766;14;6;12;4;6;0;5;11;0;12;8;0;10;3;6;2;0;9;11;4;10;5;5;0;5;6;0;23;1.1485152222814072;21;-5.204178204097911;6;4;12;2;2;6;4;3;3;2;2;5;20;9.59614568417552;3;11;4;6;11;2;1;5;3;1;1;0;25;7;1.6196943823634982;5;22;-5.603115376628415;4;4;7;-6.600485486562622;0;6;3;5;0;18;20;0.10567417522442564;1;5;4;1;11;23;1.0933602965158795;5;4;0;24;11;6;10;5;3;6;6;3;0;1;0;15;19;4;17;5;5;22;-5.521030643637956
TRACK:173;128;83;2;2;5;2;5;6;6;6;4;6;7;-5.375140872163963;2;4;2;5;4;1;17;19;1;3;2;14;16;6;4;10;6;5;18;1;6;5;0;3;5;5;6;19;0;5;2;5;9;6;16;5;2;1;23;2.5512527601035977;21;-1.2141946181971028;2;17;18;0;0;1;3;1;3;3;24;0;2;22;8.888416890739087;14;6;12;4;6;0;5;11;0;12;8;0;6;0;3;1;23;6.905544375710485;18;4;1;9;15;3;6;2;0;9;11;4;10;5;5;0;5;6;0;23;1.055170814497312;21;-5.323036642721249;6;1;3;15;5;12;2;2;6;4;3;3;2;2;5;20;9.564167801736216;3;11;4;6;11;2;1;5;3;3;11;0;6;3;5;0;18;20;0.20768849171026957;1;5;4;2;10;13;5;4;0;24;11;0;5;1;4;0;5;14;6;14;4;2;4;11;4;14;1;3;1;4;4;17;3;5;7;9.954985691479356;1;5;2;2;21;3.9183126534831927;14;1;17;13;4;6;4;15;5;3;6;6;3;0;1;0;21;0.8307101826533474;19;4;17;5;6;14
TRACK:174;162;164;2;2;5;2;5;6;6;6;4;6;7;-4.6984548604975105;2;4;2;5;4;1;22;7.720954236162102;8;1;3;6;7;6.624230417882594;6;4;10;6;1;1;5;1;13;8;1;5;20;-9.643090753880571;4;17;1;5;4;7;-5.0543861392433715;0;0;22;-4.2218654717897275;17;3;13;1;6;5;0;3;5;5;6;19;0;5;2;5;9;6;16;5;2;1;25;21;-1.2502332549976791;2;17;18;0;0;1;3;1;6;6;12;0;2;22;9.272800865814224;14;6;12;4;6;0;5;11;0;12;8;0;10;3;6;2;0;9;11;4;10;5;5;0;5;6;0;23;1.110889971211749;21;-5.23483211578759;6;4;12;2;2;6;4;3;3;2;2;5;20;9.743721909118296;3;11;4;6;11;2;1;5;3;1;1;0;25;7;1.655717662809829;5;22;-5.594551817106898;4;4;7;-6.611465719671031;0;6;3;5;0;18;20;0.05478675759885407;1;5;4;1;11;20;0.2703398862515664;5;2;8;16;6;10;5;3;6;6;3;0;1;0;15;19;4;17;5;5;22;-5.689753744493394
TRACK:175;162;164;2;2;5;2;5;6;6;6;4;6;7;-4.577272326067113;2;4;2;5;4;1;22;7.525889040892787;8;1;3;7;1.2876396666144434;6;4;10;6;1;1;5;1;13;8;1;5;20;-9.299131626629727;4;17;1;5;4;7;-5.027809340107719;0;0;22;-3.8257919649392105;17;3;13;1;6;5;0;3;5;5;6;19;0;5;2;5;9;6;16;5;2;1;25;21;-1.2237868751802852;2;17;18;0;0;1;3;1;6;6;12;0;2;22;9.442533797904424;14;6;12;4;6;0;5;11;0;12;8;0;10;3;6;2;0;9;11;4;10;5;5;0;5;1;15;18;6;4;12;2;2;6;4;3;3;2;2;5;20;9.683521394663961;3;11;4;6;11;2;1;5;3;1;1;0;12;7;1.8652227122895884;5;22;-5.483606454267551;4;4;7;-6.5427300137745075;0;6;3;5;0;18;20;0.2703398862515664;1;5;4;1;11;23;0.8548857803977805;5;4;0;24;11;6;10;5;3;6;6;3;0;1;0;15;19;4;17;5;5;22;-5.846191253757162
TRACK:176;128;87;2;2;5;2;5;6;6;6;4;6;7;-4.752572939820141;2;4;2;5;4;1;22;7.679572874763944;19;1;3;6;7;6.587817717375761;6;4;10;6;1;1;5;1;13;8;1;5;20;-9.536878972414648;4;17;1;5;4;7;-5.048019967980817;0;0;22;-4.077937434147527;17;3;13;1;6;5;0;3;5;5;6;19;0;5;2;14;6;16;5;2;1;23;2.7499000892087877;21;-1.1521985831824848;2;17;18;0;0;1;3;1;6;6;12;0;2;22;9.199204631541766;14;6;12;4;6;0;5;11;0;12;8;0;10;3;6;2;0;9;11;4;10;5;5;0;5;6;0;23;1.1485152222814072;21;-5.204178204097911;6;4;12;2;2;6;4;3;3;2;2;5;20;9.59614568417552;3;11;4;6;11;2;1;5;3;1;1;0;25;7;1.6196943823634982;5;22;-5.603115376628415;4;4;7;-6.600485486562622;0;6;3;5;0;18;20;0.10567417522442564;1;5;4;1;11;23;1.0933602965158795;5;4;0;24;11;6;10;5;3;6;6;3;0;1;0;15;19;4;17;5;5;22;-5.521030643637956
TRACK:177;128;87;2;2;5;2;5;6;6;6;4;6;20;9.59614568417552;2;4;2;5;4;1;22;7.480663105727667;19;1;3;6;7;6.979758224875879;6;4;10;6;0;4;5;3;11;2;2;6;14;2;14;16;2;5;18;5;11;1;6;5;0;3;5;5;6;19;0;5;2;5;9;6;16;5;2;1;23;2.911929100119031;12;2;17;18;0;0;1;3;1;6;6;12;0;2;22;9.190184298456128;14;6;12;4;6;0;5;11;0;12;8;0;6;0;3;1;23;7.0819868954324185;18;4;1;9;15;3;6;2;0;9;11;4;10;5;5;0;5;6;0;23;0.981985480249864;21;-5.24627031448;6;4;12;2;2;6;4;3;3;2;2;5;20;9.4016867334776;3;11;4;6;11;2;1;5;3;1;1;0;25;7;1.1918341144746458;5;22;-5.728475791374046;4;4;7;-6.9332158040770535;0;6;3;5;0;18;20;0.15901253389370462;1;5;4;2;10;13;5;4;0;24;11;6;10;5;3;6;6;3;0;1;0;15;19;4;15;5;6;14
TRACK:178;162;81;2;2;5;2;5;6;6;6;4;6;7;-4.6984548604975105;2;4;2;5;4;1;22;7.720954236162102;8;1;3;6;7;6.624230417882594;6;4;10;6;1;1;5;1;13;8;1;5;12;4;17;1;5;4;7;-5.0543861392433715;0;0;22;-4.2218654717897275;17;3;13;1;6;5;0;3;5;5;6;19;0;5;2;5;9;6;16;5;2;1;25;21;-1.2502332549976791;2;17;18;0;0;1;3;1;6;6;12;0;2;22;9.272800865814224;14;6;12;4;6;0;5;11;0;12;8;0;10;3;6;2;0;9;11;4;10;5;5;0;5;6;0;23;1.110889971211749;21;-5.23483211578759;6;4;12;2;2;6;4;3;3;2;2;5;20;9.743721909118296;3;11;4;6;11;2;1;5;3;1;1;0;25;7;1.655717662809829;5;22;-5.594551817106898;4;4;7;-6.611465719671031;0;6;3;5;0;18;20;0.05478675759885407;1;5;4;1;11;23;0.9913604586980851;5;2;8;16;6;10;5;3;6;6;3;0;1;0;15;19;4;17;5;5;22;-5.689753744493394
TRACK:179;162;81;2;2;5;2;5;6;6;6;4;6;7;-5.208259239274856;2;4;2;5;4;1;22;7.458720975365175;19;1;22;7.517855155148646;6;4;10;6;0;4;5;3;11;2;2;6;14;2;14;16;2;5;18;5;11;1;6;5;0;3;5;5;6;19;0;5;2;5;9;6;16;5;2;1;23;3.0155082567083076;21;-1.0012809236955516;2;17;18;0;0;1;3;1;3;3;24;0;2;22;8.736281411955147;14;6;12;4;6;0;5;11;0;12;8;0;6;0;3;1;23;7.067989467585684;18;12;3;6;2;0;9;11;4;10;5;5;0;5;6;0;23;1.0497211128587411;21;-5.076710126157845;6;1;3;15;5;12;2;2;6;4;3;3;2;2;5;20;9.401935123419541;3;11;4;6;11;2;1;5;3;1;1;0;25;7;1.273698869929524;5;22;-5.667232476369815;4;4;7;-7.066247093730423;0;6;3;5;0;18;20;0.14974079241817098;1;5;4;2;10;13;5;4;0;24;11;0;5;1;4;0;5;14;6;8;4;2;4;11;4;14;1;3;5;11;1;5;2;2;21;4.006115868621629;14;1;17;13;4;6;4;15;5;3;6;6;3;0;1;0;15;19;4;17;5;6;14
TRACK:180;170;-1;2;2;5;2;5;6;6;6;4;6;7;-4.526567258871575;2;4;2;5;4;1;22;7.409294569652859;8;1;3;7;1.3353944396771267;6;4;10;6;1;1;5;1;13;8;1;5;20;-9.329249390655795;4;17;1;5;4;7;-5.0463344821410265;0;0;22;-3.806704764301032;17;3;13;1;6;5;0;3;5;5;6;19;0;5;6;11;5;2;1;25;21;-1.0698765320490113;2;17;18;0;0;1;3;1;6;6;12;0;2;22;9.380627228989317;14;6;12;4;6;0;5;11;0;12;8;0;10;3;6;2;0;12;11;4;10;5;5;0;5;1;15;18;6;4;12;2;2;6;4;3;3;2;2;5;20;9.700601768451351;3;11;4;6;11;2;1;5;3;1;1;0;25;7;2.039334414682798;5;22;-5.48920378627642;4;4;7;-6.61095648343121;0;6;3;5;0;18;20;0.21683931802206735;1;5;4;1;11;23;0.6757259136718946;5;4;0;24;11;6;10;5;3;6;6;3;0;1;0;15;19;4;17;5;5;22;-5.763931665704046
TRACK:181;172;-1;2;2;5;2;5;6;6;6;4;6;7;-4.562947780705947;6;6;12;1;6;5;0;3;5;5;6;19;0;5;2;5;9;6;16;5;2;1;23;2.847246978470053;21;-1.1354808401368206;2;17;18;0;0;1;3;1;6;6;12;0;2;22;9.14030628700678;14;6;12;4;6;0;5;11;0;12;8;0;10;3;6;2;0;9;11;4;10;5;5;0;5;6;0;23;1.212742695171453;21;-5.198321921024437;6;4;12;2;2;6;4;3;3;2;2;5;20;9.672845154144518;3;11;4;6;11;2;1;5;3;1;1;0;25;7;1.5454937371346118;5;22;-5.470694028099389;4;4;7;-6.561723436250501;0;6;3;5;0;18;20;0.11576452979627758;1;5;4;1;11;23;1.1812590685254205;5;4;0;24;11;6;10;5;3;6;6;3;0;1;0;15;19;4;17;5;5;22;-5.563641464160009
TRACK:182;174;-1;2;2;5;2;5;6;6;6;4;6;7;-4.627878398532168;2;4;2;5;4;1;22;7.70479169584886;8;1;3;6;7;6.6658079103722745;6;4;10;6;6;6;0;0;18;7;-5.871413109946728;0;17;17;1;6;5;0;3;5;5;6;19;0;5;2;5;9;6;16;5;2;1;25;21;-1.3880016207344148;2;17;18;0;0;1;3;1;6;6;12;0;2;22;9.363271071936296;14;6;12;4;6;0;5;11;0;12;8;0;10;3;6;2;0;9;11;4;10;5;5;0;5;6;0;23;1.0830900797886294;21;-5.079825391816653;6;4;12;2;2;6;4;3;3;2;2;5;20;9.82842418235104;3;11;4;6;11;2;1;5;3;1;1;0;25;7;1.5540209233705693;5;22;-5.75108517642414;4;4;7;-6.617818412390104;0;6;3;5;0;18;20;0.02171840888074942;1;5;4;1;11;20;0.2410319487428511;5;2;8;16;6;10;5;3;6;6;3;0;1;0;15;19;4;17;5;5;22;-5.743151991659397
TRACK:183;176;-1;2;2;5;2;5;6;6;6;4;6;7;-4.67631267966778;2;4;2;5;4;1;22;7.542295545058509;19;1;3;6;7;6.498035428592067;6;4;10;6;1;1;5;1;13;8;1;5;20;-9.623548612920596;4;17;1;5;4;7;-5.021816084694654;0;0;22;-4.041788473360381;17;3;13;1;6;5;0;3;5;5;6;19;0;5;2;14;6;16;5;2;1;23;2.5831731111409106;21;-1.1066552027510803;2;17;18;0;0;1;3;1;6;6;12;0;2;22;8.991964678180356;14;6;12;4;6;0;5;11;0;12;8;0;10;3;6;2;0;9;11;4;10;5;5;0;5;6;0;23;1.0545664923055549;21;-5.337706195311934;6;4;12;2;2;6;4;3;3;2;2;5;20;9.841980784127385;3;11;4;6;11;2;1;5;3;1;1;0;25;7;1.6187244116876207;5;22;-5.820690580367348;4;4;7;-6.674103731485788;0;6;3;5;0;18;20;0.04617074308115763;1;5;4;1;11;23;1.1365815385300797;5;4;0;24;11;6;10;5;3;6;2;7;1.672705516971524;8
TRACK:184;162;-1;2;2;5;2;5;6;6;6;4;6;7;-4.725379173681878;2;4;2;5;4;1;22;7.502353179019872;8;1;3;6;7;6.586901322799086;6;4;10;6;1;1;5;1;13;8;1;5;20;-9.600022873849552;4;17;1;5;4;7;-4.9451133876733895;0;0;22;-4.175638558629117;17;3;13;1;6;5;0;3;5;5;6;19;0;5;2;5;9;6;16;5;2;1;25;21;-1.1804607995854104;2;17;18;0;0;1;3;1;6;6;12;0;2;22;9.185436256563051;14;6;12;4;6;0;5;11;0;12;8;0;10;3;6;2;0;9;11;4;10;5;5;0;5;6;0;23;1.1110676728540663;21;-5.284675192885693;6;4;12;2;2;6;4;3;3;2;2;5;20;9.691722436140232;3;11;4;6;11;2;1;5;3;1;1;0;25;7;1.7281435604976203;5;22;-5.721560919095171;4;4;7;-6.559092570188364;0;6;3;5;0;18;20;0.10544663076674893;1;5;4;1;11;23;1.1042723815449131;5;2;8;16;6;10;5;3;6;6;0;6;4;1;22;-4.9905091295517545;22;7.595274092479919;0;3;3;9;5;6;25
TRACK:185;171;-1;2;2;5;2;5;6;6;6;4;6;7;-4.682335641324418;2;4;2;5;4;1;22;7.790773569619368;8;1;3;6;7;6.440419658121811;6;4;10;6;1;1;5;1;14;18;1;5;20;-9.426282718692807;4;17;1;5;4;7;-4.953171087653464;0;0;22;-3.9966910966820035;17;3;13;1;6;5;0;3;5;5;6;19;0;5;2;5;9;6;16;5;2;4;17;2;17;18;0;0;1;3;1;6;6;12;0;2;22;9.42356281516239;14;6;12;4;6;0;5;11;0;12;8;0;10;3;6;2;0;9;11;4;10;5;5;0;5;6;0;23;1.192482436102051;21;-5.1546156271259305;6;4;12;2;2;6;4;3;3;2;2;5;20;9.81974444517261;3;11;4;6;11;2;1;5;3;1;1;0;25;7;1.8847125010533665;5;22;-5.665307524253061;4;4;7;-6.3484549052246075;0;6;3;5;0;18;20;0.20721868958042094;1;5;4;1;11;23;0.9352807547570313;5;4;0;24;11;6;10;5;3;6;6;3;0;1;0;15;19;4;17;5;5;22;-5.7774196946883976
TRACK:186;173;-1;2;2;5;2;5;6;6;6;4;6;7;-5.489212187906223;2;4;2;5;4;1;17;19;1;3;2;14;16;6;4;10;6;5;18;1;6;5;0;3;5;5;6;19;0;5;2;5;9;6;16;5;2;1;23;2.5530000131512747;21;-1.111207330213578;2;17;18;0;0;1;3;1;3;3;24;0;2;22;8.907484242704937;14;6;12;4;6;0;5;11;0;12;8;0;6;0;3;1;23;6.9888292324009855;18;4;1;9;15;3;6;2;0;9;11;4;10;5;5;0;5;6;0;23;1.1046341159403765;21;-5.366923885750847;6;1;3;15;5;12;2;2;6;4;3;3;2;2;5;20;9.409042599371036;3;11;4;6;11;2;1;5;3;3;11;0;6;3;5;0;18;20;0.22496781335616503;1;5;4;2;10;13;5;4;0;24;11;0;5;1;4;0;5;14;6;14;4;0;3;13;1;7;9.482427033580123;22;9.884420624310913;1;3;1;4;4;17;3;5;7;10.0;1;5;2;2;21;3.856243905686904;14;1;17;13;4;6;4;15;5;3;6;6;3;0;1;0;21;0.9061776157109496;19;4;17;5;6;14
TRACK:187;175;-1;2;2;5;2;5;6;6;6;4;6;7;-4.398151092893199;2;4;2;5;4;6;21;-4.109661823538849;1;3;7;1.3094245728791996;6;4;10;6;1;1;5;1;13;8;1;5;20;-9.394574423112555;4;17;1;5;4;7;-5.0279281695571925;0;0;22;-3.7986151416989498;17;3;13;1;6;5;0;3;5;5;6;19;0;5;2;5;9;6;16;5;2;1;25;21;-1.1013431625025376;2;17;18;0;0;1;3;1;6;6;12;0;2;22;9.546595936457152;14;6;12;4;6;0;5;11;0;12;8;0;10;3;6;2;0;9;11;4;10;5;5;0;5;1;15;18;6;4;12;2;2;6;4;3;3;2;2;5;20;9.782039676102903;3;11;4;6;11;2;1;5;3;1;1;0;12;7;1.8411291402210113;5;22;-5.372333505959294;4;4;7;-6.383385603141804;0;6;3;5;0;18;20;0.12588991081241427;1;5;4;1;11;23;0.8152812650948424;5;4;0;24;11;6;10;5;3;6;6;3;0;1;0;15;19;4;17;5;5;22;-6.028188223768022
TRACK:188;177;-1;2;2;5;2;5;6;6;6;4;6;20;9.683003047306308;2;4;2;5;4;1;22;7.3274261369903595;19;1;3;6;7;7.030636652987209;6;4;10;6;0;4;5;3;11;2;2;6;14;2;14;16;2;5;18;5;11;1;6;5;0;3;5;5;6;19;0;5;2;5;9;6;16;5;2;1;23;2.788815004383969;12;2;17;18;0;0;0;5;0;20;4.428462407236903;10;5;5;24;0;6;0;3;1;23;7.0884268488614275;18;4;1;9;15;3;6;2;0;9;11;4;10;5;5;0;5;6;0;23;0.8418745460733743;21;-5.07722764632256;6;4;12;2;2;6;4;3;3;2;2;5;20;9.45109756170016;3;11;4;6;11;2;1;5;3;1;1;0;25;7;1.1538407945470515;5;22;-5.780226890349953;4;4;7;-6.823152645584075;0;6;3;5;0;18;20;0.2126099027762025;1;5;4;2;10;13;5;4;0;24;11;6;10;5;3;6;6;3;0;1;0;15;19;4;15;5;6;14
TRACK:189;81;-1;2;2;5;2;5;6;6;6;4;6;7;-5.33831868935433;2;4;2;5;4;1;22;7.239411995813768;19;1;22;7.610128162983359;6;4;10;6;0;4;5;3;11;2;2;6;14;2;14;16;2;5;18;5;11;1;6;5;0;3;5;5;6;19;0;5;2;5;9;6;16;5;2;1;23;2.9487048177536335;21;-1.0397636537339454;2;17;18;0;0;1;3;1;3;3;24;0;2;22;8.656184971217922;14;6;12;4;6;0;5;11;0;15;8;0;6;0;3;1;23;7.12943690198963;18;4;1;9;15;3;6;2;0;9;11;4;10;5;5;0;5;6;0;23;1.1001217639083203;21;-5.272474936201933;6;1;3;15;5;12;2;2;6;4;3;3;2;2;5;20;9.468783999562739;3;11;4;6;11;2;1;5;3;1;1;0;25;7;1.1944044984682807;5;22;-5.678788213698741;4;4;7;-7.0046488497265464;0;6;3;5;0;18;20;0.08809296589198629;1;5;4;2;10;13;5;4;0;24;11;0;5;1;4;0;5;14;6;8;4;2;4;11;4;14;1;3;5;11;1;5;2;2;21;4.069786506389992;14;1;17;13;4;6;4;15;5;3;6;6;3;0;1;0;15;19;4;17;5;6;14
EVAL_INSTANCE:9:0:180
EVAL_INSTANCE:9:1:181
EVAL_INSTANCE:9:2:182
EVAL_INSTANCE:9:3:183
EVAL_INSTANCE:9:4:184
EVAL_INSTANCE:9:5:185
EVAL_INSTANCE:9:6:186
EVAL_INSTANCE:9:7:187
EVAL_INSTANCE:9:8:188
EVAL_INSTANCE:9:9:189
RUN_RESULT:9:0:0:16:DDDRRRDRDLLDLL
RUN_RESULT:9:1:0:327:DDDRRRDRDLRURURDLDUURUULDRDLLDDDLLLULD
RUN_RESULT:9:2:0:42:DDDRRRDRRDLDRULUUURDLLD
RUN_RESULT:9:3:0:2000:----
RUN_RESULT:9:4:0:49:RDDDRRDRRURRDLULLLLU
RUN_RESULT:9:5:0:16:DDDRRRDRDLLDLL
RUN_RESULT:9:6:0:18:DDDRRRDRDLLDLL
RUN_RESULT:9:7:0:16:DDDRRRDRDLLDLL
RUN_RESULT:9:8:0:18:DDDRRRDRDLLLDL
RUN_RESULT:9:9:0:25:DDDRRRDRDDRUUDL
    10 |      100 | -3.983400E+03 | -3.984000E+03
TRACK:190;128;180;2;2;5;2;5;6;6;6;4;6;7;-4.752572939820141;2;4;2;5;4;1;22;7.679572874763944;19;1;3;6;7;6.587817717375761;6;4;10;6;1;1;5;1;13;8;1;5;20;-9.536878972414648;4;17;1;5;4;7;-5.048019967980817;0;0;22;-4.077937434147527;17;3;13;1;6;5;0;3;5;5;6;19;0;5;2;5;9;6;16;5;2;1;23;2.7499000892087877;21;-1.1521985831824848;2;17;18;0;0;1;3;1;6;6;12;0;2;22;9.199204631541766;14;6;12;4;6;0;5;11;0;12;8;17;5;5;0;5;6;0;23;1.1485152222814072;21;-5.204178204097911;6;4;12;2;2;6;4;3;3;2;2;5;20;9.59614568417552;3;11;4;6;11;2;1;5;3;1;1;0;25;7;1.6196943823634982;5;22;-5.603115376628415;4;4;7;-6.600485486562622;0;6;3;5;0;18;20;0.10567417522442564;1;5;4;1;11;23;1.0933602965158795;5;4;0;24;11;6;10;5;3;6;6;3;0;1;0;15;19;4;17;5;5;22;-5.521030643637956
TRACK:191;128;180;2;2;5;2;5;6;6;6;4;6;7;-4.526567258871575;2;4;2;5;4;1;22;7.409294569652859;8;1;3;7;1.3353944396771267;6;4;10;6;1;1;5;1;13;8;1;5;20;-9.329249390655795;4;17;1;5;4;7;-5.0463344821410265;0;0;22;-3.806704764301032;17;3;13;1;6;5;0;3;5;5;6;19;0;5;6;11;5;2;1;25;12;2;17;18;0;0;1;3;1;6;6;12;0;2;22;9.380627228989317;14;6;12;4;6;0;5;11;0;12;8;0;10;3;6;2;0;12;11;4;10;5;5;0;5;1;15;18;6;4;12;2;2;6;4;3;3;2;2;5;20;9.700601768451351;3;11;4;6;11;2;1;5;3;1;1;0;25;7;2.039334414682798;5;22;-5.48920378627642;4;4;7;-6.61095648343121;0;6;3;5;0;18;20;0.21683931802206735;1;5;4;1;11;23;0.6757259136718946;5;4;0;24;11;6;10;5;3;6;6;3;0;1;0;15;19;4;17;5;5;22;-5.763931665704046
TRACK:192;67;185;2;2;5;2;5;6;6;6;4;6;7;-4.839797479607935;2;4;2;5;4;1;22;7.681435520396103;19;1;3;6;7;6.960153543273032;6;4;10;6;0;4;5;3;11;2;2;6;14;2;14;16;2;5;18;5;11;1;6;5;0;3;5;5;6;19;0;5;2;5;9;6;16;5;2;1;23;2.922455738108622;21;-1.2607231617047758;2;17;18;0;0;1;3;1;6;6;12;0;2;22;9.02496073570588;14;6;12;4;6;0;5;11;0;12;8;0;10;3;6;2;0;9;11;4;10;5;5;0;5;6;0;23;0.9990930280663947;21;-5.259950700447521;6;4;12;2;2;6;4;3;3;2;2;5;20;9.487530715162872;3;11;4;6;11;2;1;5;3;1;1;0;25;7;1.612097916289756;5;22;-5.516726782498463;4;4;7;-6.67353922225501;0;6;3;5;0;18;20;0.02787884968309099;1;5;4;1;11;23;1.1100274913922714;5;4;0;24;11;6;10;2;0;9;11;4;10
TRACK:193;67;185;2;2;5;2;5;6;6;6;4;6;7;-4.682335641324418;2;4;2;5;4;1;22;7.790773569619368;8;1;3;6;7;6.440419658121811;6;4;10;6;1;1;5;1;14;18;1;5;20;-9.426282718692807;4;17;1;5;4;7;-4.953171087653464;0;0;22;-3.9966910966820035;17;3;13;1;6;5;0;3;5;5;6;19;0;5;2;5;9;6;16;5;2;4;17;2;17;18;0;0;1;3;1;6;6;12;0;2;22;9.42356281516239;14;6;12;4;6;0;5;11;0;12;8;0;10;3;6;2;0;9;11;4;10;5;5;0;5;6;0;23;1.192482436102051;21;-5.1546156271259305;6;4;12;2;2;6;4;3;3;2;2;5;20;9.81974444517261;3;11;4;6;11;2;1;5;3;1;1;0;25;7;1.8847125010533665;5;22;-5.665307524253061;4;4;7;-6.3484549052246075;0;6;3;5;0;18;20;0.20721868958042094;1;5;4;1;11;23;0.9352807547570313;5;4;0;24;11;6;10;5;3;6;6;3;0;1;0;15;19;4;17;5;6;12
TRACK:194;142;142;2;2;5;2;5;6;6;6;4;6;7;-4.60040327079763;2;4;2;5;4;1;22;7.658805218525106;8;1;3;6;7;6.5521751680685485;6;4;10;6;1;1;5;1;13;8;1;20;0.1434227095871626;4;17;1;5;4;7;-4.938446471423766;0;0;22;-3.9726259636604344;17;3;13;1;6;5;0;3;5;5;6;19;0;5;2;5;9;6;16;5;2;1;25;21;-1.344432804515533;2;17;18;0;0;1;3;1;6;6;12;0;2;22;9.39808481178591;14;6;12;4;6;0;5;11;0;12;8;0;10;3;6;2;0;9;11;4;10;5;5;0;5;6;0;23;1.1543589327011528;21;-5.209773095351641;6;4;12;2;2;6;4;3;3;2;2;5;20;9.647188291293215;3;11;4;6;11;2;1;5;3;1;1;0;25;7;1.8047266351251943;5;22;-5.57718879325755;4;4;7;-6.522387094914828;0;6;3;5;0;18;20;0.1434227095871626;1;5;4;1;11;23;1.0167387105832342;5;4;0;24;11;6;10;5;3;6;6;3;0;1;0;15;19;4;17;5;5;22;-5.780461907429556
TRACK:195;142;142;2;2;5;2;5;6;6;6;4;6;7;-4.60040327079763;2;4;2;5;4;1;22;7.658805218525106;8;1;3;6;7;6.5521751680685485;6;4;10;6;1;1;5;1;13;8;1;5;20;-9.445895189015006;4;17;1;5;4;7;-4.938446471423766;0;0;22;-3.9726259636604344;17;3;13;1;6;5;0;3;5;5;6;19;0;5;2;5;9;6;16;5;2;1;25;21;-1.344432804515533;2;17;18;0;0;1;3;1;6;6;12;0;2;22;9.39808481178591;14;6;12;4;6;0;5;11;0;12;8;0;10;3;6;2;0;9;11;4;10;5;5;0;5;6;0;23;1.1543589327011528;21;-5.209773095351641;6;7;-4.60040327079763;2;2;6;4;3;3;2;2;5;20;9.647188291293215;3;11;4;6;11;2;1;5;3;1;1;0;25;7;1.8047266351251943;5;22;-5.57718879325755;4;4;7;-6.522387094914828;0;6;3;5;0;18;20;0.1434227095871626;1;5;4;1;11;23;1.0167387105832342;5;4;0;24;11;6;10;5;3;6;6;3;0;1;0;15;19;4;17;5;5;22;-5.780461907429556
TRACK:196;164;180;2;2;5;2;5;6;6;6;4;6;7;-4.577272326067113;2;4;2;5;4;1;22;7.525889040892787;8;1;3;7;1.2876396666144434;6;4;10;6;1;1;5;1;13;8;1;5;20;-9.299131626629727;4;17;1;5;0;24;11;0;0;22;-3.8257919649392105;17;3;13;1;6;5;0;3;5;5;6;19;0;5;2;5;9;6;16;5;2;1;25;21;-1.2237868751802852;2;17;18;0;0;1;3;1;6;6;12;0;2;22;9.442533797904424;14;6;12;4;6;0;5;11;0;12;8;0;10;3;6;2;0;9;11;4;10;5;5;0;5;1;15;18;6;4;12;2;2;6;4;3;3;2;2;5;20;9.683521394663961;3;11;4;6;11;2;1;5;3;1;1;0;25;7;1.8652227122895884;5;22;-5.483606454267551;4;4;7;-6.5427300137745075;0;6;3;5;0;18;20;0.2703398862515664;1;5;4;1;11;23;0.8548857803977805;5;4;0;24;11;6;10;5;3;6;6;3;0;1;0;15;19;4;17;5;5;22;-5.846191253757162
TRACK:197;164;180;2;2;5;2;5;6;6;6;4;6;7;-4.526567258871575;2;4;2;5;4;1;22;7.409294569652859;8;1;3;7;1.3353944396771267;6;4;10;6;1;1;5;1;13;8;1;5;20;-9.329249390655795;4;17;1;5;4;7;-5.0463344821410265;0;0;22;-3.806704764301032;17;3;13;1;6;5;0;3;5;5;6;19;0;5;6;11;5;2;1;25;21;-1.0698765320490113;2;17;18;0;0;1;3;1;6;6;12;0;2;22;9.380627228989317;14;6;12;4;6;0;5;11;0;12;8;0;10;3;6;2;0;12;11;4;10;5;5;0;5;1;15;18;6;4;12;2;2;6;4;3;3;2;2;5;20;9.700601768451351;3;11;4;6;11;2;1;5;3;1;1;0;25;7;2.039334414682798;0;15;19;4;4;7;-6.61095648343121;0;6;3;5;0;18;20;0.21683931802206735;1;5;4;1;11;23;0.6757259136718946;5;4;0;24;11;6;10;5;3;6;6;3;0;1;0;15;19;4;17;5;5;22;-5.763931665704046
TRACK:198;162;187;2;2;5;2;5;6;6;6;4;6;7;-4.6984548604975105;2;4;2;5;4;1;22;7.720954236162102;8;1;3;6;7;6.624230417882594;6;4;10;6;1;1;5;1;13;8;1;5;20;-9.643090753880571;4;17;1;5;4;7;-5.0543861392433715;0;0;22;-4.2218654717897275;17;3;13;1;6;5;0;3;5;5;6;19;0;5;2;5;9;6;16;5;2;1;25;21;-1.2502332549976791;2;17;18;0;0;1;3;1;6;6;12;0;2;22;9.272800865814224;14;6;12;4;6;0;5;11;0;12;8;0;10;3;6;2;0;9;11;4;10;5;5;0;5;6;0;23;1.110889971211749;21;-5.23483211578759;6;4;12;2;2;6;4;3;3;2;2;5;20;9.743721909118296;3;11;4;6;11;2;1;5;3;1;1;0;25;7;1.655717662809829;5;22;-5.594551817106898;4;4;7;-6.611465719671031;0;6;3;5;0;18;20;0.05478675759885407;1;5;4;1;11;23;0.9913604586980851;0;9;11;6;10;5;3;6;6;3;0;1;0;15;19;4;17;5;5;22;-5.689753744493394
TRACK:199;162;187;2;2;5;2;5;6;6;6;4;6;7;-4.398151092893199;2;4;2;5;4;6;21;-4.109661823538849;1;3;7;1.3094245728791996;6;4;10;6;1;1;5;1;13;8;1;5;20;-9.394574423112555;4;17;1;5;4;7;-5.0279281695571925;0;0;22;-3.7986151416989498;17;3;13;1;6;5;0;3;5;5;6;19;0;5;2;5;9;6;16;5;2;1;25;21;-1.1013431625025376;2;17;18;0;0;1;3;1;6;6;12;0;2;22;9.546595936457152;14;6;12;4;6;0;5;11;0;12;8;0;10;3;6;2;0;9;11;4;10;5;5;0;5;1;15;18;6;4;12;2;2;6;4;3;3;2;2;5;20;9.782039676102903;3;11;4;6;11;2;1;5;3;1;1;0;12;7;1.8411291402210113;5;22;-5.372333505959294;4;4;7;-6.383385603141804;0;6;3;5;0;18;20;0.12588991081241427;1;5;4;1;11;23;0.8152812650948424;5;4;0;24;11;6;10;5;3;6;6;3;0;1;0;15;19;4;20;0.05478675759885407;5;5;22;-6.028188223768022
TRACK:200;190;-1;2;2;5;2;5;6;6;6;4;6;19;2;4;2;5;4;1;22;7.768018059983261;19;1;3;6;7;6.518431850689695;6;4;10;6;1;1;5;1;13;8;1;5;20;-9.461278502390966;4;17;1;5;4;7;-5.123168316073169;0;0;22;-4.135620437155284;17;3;13;1;6;5;0;3;5;5;6;19;0;5;2;5;9;6;16;5;2;1;23;2.7079545643443566;21;-1.2226197580516651;2;17;18;0;0;1;3;1;6;6;12;0;2;22;9.008522369340518;14;6;12;4;6;0;5;11;0;12;8;17;5;5;0;5;6;0;23;1.2345860192001958;21;-5.188317488019845;6;4;12;2;2;6;4;3;3;2;2;5;20;9.574649942655224;3;11;4;6;11;2;1;5;3;1;1;0;25;7;1.7319538297126267;5;22;-5.579319235151046;4;4;7;-6.657831924963671;0;6;3;5;0;18;20;0.2705891831343041;1;5;4;1;11;23;1.0774934330003147;5;4;0;24;11;6;10;5;3;6;6;3;0;1;0;15;19;4;17;5;5;22;-5.37685101821365
TRACK:201;192;-1;2;2;5;2;5;6;6;6;4;6;7;-4.77409799351513;2;4;2;5;4;1;22;7.635540609896934;19;1;3;6;7;6.851595136605038;6;4;10;6;0;4;5;3;11;2;2;6;14;2;14;16;2;5;18;5;11;1;6;5;0;3;5;5;6;19;0;5;2;5;9;6;16;5;2;1;23;2.947272768857457;21;-1.2941042103269607;2;17;18;0;0;1;3;1;6;6;12;0;2;22;9.069112635773052;14;6;12;4;6;0;5;11;0;12;8;0;10;3;6;2;0;9;11;4;10;5;5;0;5;6;0;16;21;-5.216511264620732;6;4;12;2;2;6;4;3;3;2;2;5;20;9.57053375376365;3;11;4;6;11;2;1;5;3;1;1;0;25;7;1.6906851907389404;5;22;-5.493278761434039;4;4;7;-6.554176300904241;0;6;3;5;0;18;20;-0.14107269686076612;1;5;4;1;11;23;1.2287625484991478;5;4;0;24;11;6;10;2;0;9;11;4;10
TRACK:202;194;-1;2;2;5;2;5;6;6;6;4;6;7;-4.481026323963002;2;4;2;5;4;1;22;7.754291639015754;8;1;3;6;7;6.442473749229187;6;4;10;6;1;1;5;1;13;8;1;20;0.1464358921897344;4;17;1;5;4;7;-5.009640081888699;0;0;22;-3.9096940819772863;17;3;13;1;6;5;0;3;5;5;6;19;0;5;2;5;9;6;16;5;2;1;25;21;-1.2877065042038924;2;17;18;0;0;1;3;1;6;6;12;0;2;22;9.467165626954275;14;6;12;4;6;0;5;11;0;12;8;0;10;3;6;0;25;14;5;5;0;5;6;0;23;1.217172807622328;21;-5.277983115290037;6;4;12;2;2;6;4;3;3;2;2;5;20;9.688948457137124;3;11;4;6;11;2;1;5;3;1;1;0;25;7;1.8928386136684703;5;22;-5.509724323280895;4;4;7;-6.3691142878817875;0;6;3;5;0;18;20;0.20771109036327406;1;5;4;1;11;23;1.0823984657749834;5;4;0;24;11;6;10;5;3;6;6;3;0;1;0;15;19;4;17;5;5;22;-5.751749707556676
TRACK:203;196;-1;2;2;5;2;5;6;6;6;4;6;7;-4.788651991555781;2;4;2;5;4;1;22;7.672581839255329;8;1;3;7;1.1670508956854078;6;4;10;6;1;1;5;1;13;8;1;5;20;-9.283524431160632;4;17;1;5;0;24;9;0;0;22;-3.888496227691303;17;3;13;1;6;5;0;3;5;5;6;19;0;5;2;5;9;6;16;5;2;1;25;21;-1.3070943376830617;2;17;18;0;0;1;3;1;6;6;12;0;2;22;9.350054101270791;14;6;12;4;6;0;5;11;0;12;8;0;10;3;6;2;0;9;11;4;10;5;5;0;5;1;15;18;6;4;12;2;2;6;4;3;3;2;2;5;20;9.774476407306098;3;11;4;6;11;2;1;5;3;1;1;0;25;7;1.8633599804656054;5;22;-5.580002006604658;4;4;7;-6.524085301773418;0;6;3;5;0;18;20;0.3383564090293415;1;5;4;1;11;23;0.9158991375521108;5;4;0;24;11;6;10;5;3;6;6;3;0;1;0;15;19;4;17;5;5;22;-5.888793237266359
TRACK:204;198;-1;2;2;5;2;5;6;6;6;4;6;7;-4.625614400079504;2;4;2;5;4;1;22;7.658989525415734;8;1;3;6;7;6.577043096266894;6;4;10;6;1;1;5;1;13;8;1;5;20;-9.670217989590524;4;17;1;5;4;7;-4.954547198988461;0;0;22;-4.17414447790179;17;3;13;1;6;5;0;3;5;5;6;19;0;5;2;5;9;6;16;5;2;1;25;21;-1.207605043250019;2;17;18;0;0;1;3;1;6;6;12;0;2;22;9.398392965299333;14;6;12;4;6;0;5;11;0;12;8;4;4;21;4.492560710565616;5;5;0;5;6;0;23;0.9981814323667538;21;-5.250549177416852;6;4;12;2;2;6;4;3;3;2;2;5;20;9.875593970734206;3;11;4;6;11;2;1;5;3;1;1;0;25;7;1.4886042480100725;5;22;-5.501773343007513;4;4;7;-6.75875484293581;0;6;3;5;0;18;20;-0.03658586467875395;1;5;4;1;11;23;1.0498165426413568;0;9;11;6;10;5;3;6;6;3;0;1;0;15;19;4;17;5;5;22;-5.8014185754742345
TRACK:205;191;-1;2;2;5;2;5;6;6;6;4;6;7;-4.554943168631258;2;4;2;5;4;1;22;7.415582097452065;8;1;3;7;1.521090294683047;6;4;10;6;1;1;5;1;13;8;1;5;20;-9.457691362822063;4;17;1;5;4;7;-5.090786860821678;0;0;22;-3.8323889438483;17;3;13;1;6;5;0;3;5;5;6;19;0;5;6;11;5;2;1;25;12;2;17;18;0;0;1;3;1;6;6;12;0;2;22;9.532854530209717;14;6;12;4;6;0;5;11;0;12;8;0;10;3;6;2;0;12;11;4;10;5;5;0;5;1;15;18;6;4;12;2;2;6;4;3;3;2;2;5;20;9.563233763980866;3;11;4;6;11;2;1;5;3;1;1;0;25;7;2.000671141636908;5;22;-5.397877202316155;4;4;7;-6.537457423481686;0;6;3;5;0;18;20;0.32331630947892964;1;5;4;1;11;23;0.4679879660508615;5;4;0;24;11;6;10;5;3;6;6;3;0;1;0;15;19;4;17;5;5;22;-5.603656139965203
TRACK:206;193;-1;2;2;5;2;5;5;3;15;2;4;2;5;4;1;22;7.900421642558139;8;1;3;6;7;6.4195130499970166;6;4;10;6;1;1;5;1;14;18;1;5;20;-9.576628125630789;4;17;1;5;4;7;-5.0456763244902705;0;0;22;-4.035998254331708;17;3;13;1;6;5;0;3;5;5;6;19;0;5;2;5;9;6;16;5;2;4;17;2;17;18;0;0;1;3;1;6;6;12;0;2;22;9.61100173252501;14;6;12;4;6;0;5;11;0;12;8;0;10;3;6;2;0;9;11;4;10;5;5;0;5;6;0;23;1.1509684692849231;21;-5.073302540491853;6;4;12;2;2;6;4;3;3;2;2;5;20;9.80455741515897;3;11;4;6;11;2;1;5;3;1;1;0;25;7;1.7191564767982508;5;22;-5.7912370638546875;4;4;7;-6.4654322918730776;0;6;3;5;0;18;20;0.26086312641574333;1;5;4;1;11;23;0.765691411225263;5;4;0;24;11;6;10;5;3;6;6;3;0;1;0;15;19;4;17;5;6;12
TRACK:207;195;-1;2;2;5;2;5;6;6;6;4;6;7;-4.793582778350686;2;4;2;5;4;1;22;7.66156517938741;8;1;3;6;7;6.729979139990661;6;4;10;6;1;1;5;1;13;8;1;5;20;-9.161792688448962;4;17;1;5;4;7;-4.9966303685401;0;0;22;-4.08710455460562;17;3;13;1;6;5;0;3;5;5;6;19;0;5;2;1;18;11;6;16;5;2;1;25;21;-1.2012383996382892;2;17;18;0;0;1;3;1;6;6;12;0;2;22;9.284250480992494;14;6;12;4;6;0;5;11;0;12;8;0;10;3;6;2;0;9;11;4;10;5;5;0;5;6;0;23;1.129599270793838;21;-5.183973574670935;6;7;-4.555467078573288;2;2;6;4;3;3;2;2;5;20;9.673441120859122;3;11;4;6;11;2;1;5;3;1;1;0;25;7;1.7340055665367504;5;22;-5.610742827528706;4;4;7;-6.454145058223929;0;6;3;5;0;18;20;0.3165891138546463;1;5;4;1;11;23;0.9556030766103649;5;4;0;24;11;6;10;5;3;6;6;3;0;1;0;15;19;4;17;5;5;22;-5.81693394061451
TRACK:208;197;-1;2;2;5;2;5;6;6;6;4;6;7;-4.639768708138756;2;4;2;5;4;1;22;7.5008693046051444;8;1;3;7;1.3016549857685342;6;4;10;6;1;1;5;1;13;8;1;5;20;-9.370820008593624;4;17;1;5;4;7;-5.174297324639791;0;0;22;-3.709295250442735;17;3;13;1;6;5;0;3;5;5;6;19;0;5;6;11;5;2;1;25;21;-1.0171974212367414;2;17;18;0;0;1;3;1;6;6;12;0;2;22;9.361264428056078;14;6;12;4;6;0;5;11;0;12;8;0;10;3;6;2;0;12;11;4;10;5;5;0;5;1;15;18;6;4;12;2;2;6;4;3;3;2;2;5;20;9.847104932430415;3;11;6;7;7.467814846839435;2;1;5;3;1;1;0;25;7;2.0084463523745324;0;15;19;4;4;7;-6.715950886948784;0;6;3;5;0;18;20;0.17813236517257985;1;5;4;1;11;23;0.8820633624768035;5;4;0;24;11;6;10;5;3;6;6;3;0;1;0;15;19;4;17;5;5;22;-5.9440228012353415
TRACK:209;199;-1;2;2;5;2;5;6;6;6;4;6;7;-4.2008673808402985;2;4;2;5;4;6;21;-3.993755543447676;1;3;7;1.070732053045557;6;4;10;6;1;1;5;1;13;8;1;5;20;-9.32356151592395;4;17;1;5;4;7;-4.905618211127888;0;0;22;-3.806929889856048;17;3;13;1;6;5;0;3;5;5;6;19;0;3;24;5;2;1;25;21;-1.3178265085751166;2;17;18;0;0;1;3;1;6;6;12;0;2;22;9.498058941865448;14;6;12;4;6;0;5;11;0;12;8;0;10;3;6;2;0;9;11;4;10;5;5;0;5;1;15;18;6;4;12;2;2;6;4;3;3;2;2;5;20;9.741082824157061;3;11;4;6;11;2;1;5;3;1;1;0;12;7;1.7401316154502235;5;22;-5.348192565351781;4;4;7;-6.471596218187922;0;6;3;5;0;18;20;0.05988236623624754;1;5;4;1;11;23;0.7562807394382511;5;4;0;24;11;6;10;5;3;6;6;3;0;1;0;15;19;4;20;0.11627103831152164;5;5;22;-6.020074431888972
EVAL_INSTANCE:10:0:200
EVAL_INSTANCE:10:1:201
EVAL_INSTANCE:10:2:202
EVAL_INSTANCE:10:3:203
EVAL_INSTANCE:10:4:204
EVAL_INSTANCE:10:5:205
EVAL_INSTANCE:10:6:206
EVAL_INSTANCE:10:7:207
EVAL_INSTANCE:10:8:208
EVAL_INSTANCE:10:9:209
RUN_RESULT:10:0:0:216:DRRRRDDDDDDLUUUUDDDRRULDLD
RUN_RESULT:10:1:0:21:DDDRRRDRDLLLDL
RUN_RESULT:10:2:0:2000:----
RUN_RESULT:10:3:0:16:DDDRRRDRDLLDLL
RUN_RESULT:10:4:0:2000:----
RUN_RESULT:10:5:0:2000:----
RUN_RESULT:10:6:0:145:DDDRRRDULLUURRRLLLDDRRDRDLLLDL
RUN_RESULT:10:7:0:16:DDDRRRDRDLLDLL
RUN_RESULT:10:8:0:213:RRDRRDRRDDLDUURULDLULUURDDDRDLLDLDLL
RUN_RESULT:10:9:0:253:DDDRRRRDDDDLUURDRULLDD
    11 |      110 | -3.983800E+03 | -3.984000E+03
TRACK:210;142;162;2;2;5;2;5;6;6;6;4;6;7;-4.60040327079763;2;4;2;5;4;1;22;7.658805218525106;8;1;3;6;7;6.5521751680685485;6;4;10;6;1;1;5;1;13;8;1;5;20;-9.445895189015006;4;17;1;5;4;7;-4.938446471423766;0;0;22;-3.9726259636604344;17;3;13;1;6;5;0;3;5;5;6;19;0;5;2;5;9;6;16;5;2;1;25;21;-1.344432804515533;2;17;18;0;0;1;3;1;6;6;12;0;2;22;9.39808481178591;14;6;12;4;6;0;5;11;0;12;8;0;10;3;6;2;0;9;11;4;10;5;5;0;5;6;0;23;1.1543589327011528;21;-5.209773095351641;6;4;12;2;2;6;4;3;3;2;2;5;20;9.647188291293215;22;-5.689753744493394;4;6;11;2;1;5;3;1;1;0;25;7;1.8047266351251943;5;22;-5.57718879325755;4;4;7;-6.522387094914828;0;6;3;5;0;18;20;0.1434227095871626;1;5;4;1;11;23;1.0167387105832342;5;4;0;24;11;6;10;5;3;6;6;3;0;1;0;15;19;4;17;5;5;22;-5.780461907429556
TRACK:211;142;162;2;2;5;2;5;6;6;6;4;6;7;-4.6984548604975105;2;4;2;5;4;1;22;7.720954236162102;8;1;3;6;7;6.624230417882594;6;4;10;6;1;1;5;1;22;7.658805218525106;8;1;5;20;-9.643090753880571;4;17;1;5;4;7;-5.0543861392433715;0;0;22;-4.2218654717897275;17;3;13;1;6;5;0;3;5;5;6;19;0;5;2;5;9;6;16;5;2;1;25;21;-1.2502332549976791;2;17;18;0;0;1;3;1;6;6;12;0;2;22;9.272800865814224;14;6;12;4;6;0;5;11;0;12;8;0;10;3;6;2;0;9;11;4;10;5;5;0;5;6;0;23;1.110889971211749;21;-5.23483211578759;6;4;12;2;2;6;4;3;3;2;2;5;20;9.743721909118296;3;11;4;6;11;2;1;5;3;1;1;0;25;7;1.655717662809829;5;22;-5.594551817106898;4;4;7;-6.611465719671031;0;6;3;5;0;18;20;0.05478675759885407;1;5;4;1;11;23;0.9913604586980851;5;2;8;16;6;10;5;3;6;6;3;0;1;0;15;19;4;17;5;5;22;-5.689753744493394
TRACK:212;185;203;2;2;5;2;5;6;6;6;4;6;7;-4.682335641324418;2;4;2;5;4;1;22;7.790773569619368;8;1;3;6;7;6.440419658121811;6;4;10;6;1;1;5;1;14;18;1;5;20;-9.426282718692807;4;17;1;5;4;7;-4.953171087653464;0;0;22;-3.9966910966820035;17;3;13;1;6;0;24;9;0;0;1;3;1;6;6;12;0;2;22;9.42356281516239;14;6;12;4;6;0;5;11;0;12;8;0;10;3;6;2;0;9;11;4;10;5;5;0;5;6;0;23;1.192482436102051;21;-5.1546156271259305;6;4;12;2;2;6;4;3;3;2;2;5;20;9.81974444517261;3;11;4;6;11;2;1;5;3;1;1;0;25;7;1.8847125010533665;5;22;-5.665307524253061;4;4;7;-6.3484549052246075;0;6;3;5;0;18;20;0.20721868958042094;1;5;4;1;11;23;0.9352807547570313;5;4;0;24;11;6;10;5;3;6;6;3;0;1;0;15;19;4;17;5;5;22;-5.7774196946883976
TRACK:213;185;203;2;2;5;2;5;6;6;6;4;6;7;-4.788651991555781;2;4;2;5;4;1;22;7.672581839255329;8;1;3;7;1.1670508956854078;6;4;10;6;1;1;22;-5.7774196946883976;1;5;20;-9.283524431160632;4;17;1;5;0;24;9;0;0;22;-3.888496227691303;17;3;13;1;6;5;0;3;5;5;6;19;0;5;2;5;9;6;16;5;2;1;25;21;-1.3070943376830617;2;17;18;0;0;1;3;1;6;6;12;0;2;22;9.350054101270791;14;6;12;4;6;0;5;11;0;12;8;0;10;3;6;2;0;9;11;4;10;5;5;0;5;1;15;18;6;4;12;2;2;6;4;3;3;2;2;5;20;9.774476407306098;3;11;4;6;11;2;1;5;3;1;1;0;25;7;1.8633599804656054;5;22;-5.580002006604658;4;4;7;-6.524085301773418;0;6;3;5;0;18;20;0.3383564090293415;1;5;4;1;11;23;0.9158991375521108;5;4;0;24;11;6;10;5;3;6;6;3;0;1;0;15;19;4;17;5;5;22;-5.888793237266359
TRACK:214;187;207;2;3;0;1;0;15;19;4;17;5;5;22;-5.81693394061451;2;2;6;4;3;3;2;2;5;20;9.782039676102903;3;11;4;6;11;2;1;5;3;1;1;0;12;7;1.8411291402210113;5;22;-5.372333505959294;4;4;7;-6.383385603141804;0;6;3;5;0;18;20;0.12588991081241427;1;5;4;1;11;23;0.8152812650948424;5;4;0;24;11;6;10;5;3;6;6;3;0;1;0;15;19;4;17;5;5;22;-6.028188223768022
TRACK:215;187;207;2;2;5;2;5;6;6;6;4;6;7;-4.793582778350686;2;4;2;5;4;1;22;7.66156517938741;8;1;3;6;7;6.729979139990661;6;4;10;6;1;1;5;1;13;8;1;5;20;-9.161792688448962;4;17;1;5;4;7;-4.9966303685401;0;0;22;-4.08710455460562;17;3;13;1;6;5;0;3;5;5;6;19;0;5;2;1;18;11;6;16;5;2;1;25;21;-1.2012383996382892;2;17;18;0;0;1;3;1;6;6;12;0;2;22;9.284250480992494;14;0;12;7;1.8411291402210113;4;6;0;5;11;0;12;8;0;10;3;6;2;0;9;11;4;10;5;5;0;5;6;0;23;1.129599270793838;21;-5.183973574670935;6;7;-4.555467078573288;2;2;6;4;3;3;2;2;5;20;9.673441120859122;3;11;4;6;11;2;1;5;3;1;1;0;25;7;1.7340055665367504;5;22;-5.610742827528706;4;4;7;-6.454145058223929;0;6;3;5;0;18;20;0.3165891138546463;1;5;4;1;11;23;0.9556030766103649;5;4;0;24;11;6;10;5;3;6;6;3;0;1;0;15;19;4;17;5;5;22;-5.81693394061451
TRACK:216;187;142;2;2;5;17;1;6;5;0;3;5;5;6;19;0;5;2;5;9;6;16;5;2;1;25;21;-1.1013431625025376;2;17;18;0;0;1;3;1;6;6;12;0;2;22;9.546595936457152;14;6;12;4;6;0;5;11;0;12;8;0;10;3;6;2;0;9;11;4;10;5;5;0;5;1;15;18;6;4;12;2;2;6;4;3;3;2;2;5;20;9.782039676102903;3;11;4;6;11;2;1;5;3;1;1;0;12;7;1.8411291402210113;5;22;-5.372333505959294;4;4;7;-6.383385603141804;0;6;3;5;0;18;20;0.12588991081241427;1;5;4;1;11;23;0.8152812650948424;5;4;0;24;11;6;10;5;3;6;6;3;0;1;0;15;19;4;17;5;5;22;-6.028188223768022
TRACK:217;187;142;2;2;5;2;5;6;6;6;4;6;7;-4.60040327079763;2;4;2;5;4;1;22;7.658805218525106;8;1;3;6;7;6.5521751680685485;6;4;10;6;1;1;5;1;13;8;1;5;20;-9.445895189015006;4;17;1;5;4;10;0;0;22;-3.9726259636604344;17;3;13;1;6;5;0;3;5;5;6;19;0;5;2;5;9;6;16;5;2;1;25;21;-1.344432804515533;2;17;18;0;0;1;3;1;6;6;12;0;2;22;9.39808481178591;14;6;12;4;6;0;5;11;0;12;8;0;10;3;6;2;0;9;11;4;10;5;5;0;5;6;0;23;1.1543589327011528;21;-5.209773095351641;6;4;12;2;2;6;4;3;3;2;2;5;20;9.647188291293215;3;11;4;6;11;2;1;5;3;1;1;0;25;7;1.8047266351251943;5;22;-5.57718879325755;4;4;7;-6.522387094914828;0;6;3;5;0;18;20;0.1434227095871626;1;5;4;1;11;23;1.0167387105832342;5;4;0;24;11;6;10;5;3;6;6;3;0;1;0;15;19;4;17;5;5;22;-5.780461907429556
TRACK:218;162;180;2;2;5;2;5;6;6;6;4;6;7;-4.6984548604975105;2;4;2;5;4;1;22;7.720954236162102;8;1;3;6;7;6.624230417882594;6;4;10;6;1;1;5;1;13;8;1;5;20;-9.643090753880571;4;17;1;5;4;7;-5.0543861392433715;0;0;22;-4.2218654717897275;17;3;13;1;6;5;0;3;5;5;6;19;0;5;2;5;9;6;16;5;2;1;25;21;-1.2502332549976791;2;17;18;0;0;1;3;1;6;6;12;0;2;22;9.272800865814224;14;6;12;4;6;0;5;11;0;12;8;0;10;3;6;2;0;9;11;4;10;5;5;0;5;6;0;23;1.110889971211749;21;-5.23483211578759;6;4;12;2;2;6;4;3;3;2;2;5;20;9.743721909118296;3;11;4;6;11;2;1;5;3;1;1;0;12;11;5;22;-5.594551817106898;4;4;7;-6.611465719671031;0;6;3;5;0;18;20;0.05478675759885407;1;5;4;1;11;23;0.9913604586980851;5;2;8;16;6;10;5;3;6;6;3;0;1;0;15;19;4;17;5;5;22;-5.689753744493394
TRACK:219;162;180;2;2;5;2;5;6;6;6;4;6;7;-4.526567258871575;2;4;2;5;4;1;22;7.409294569652859;8;1;3;7;1.3353944396771267;6;4;10;6;1;1;5;1;13;8;1;5;20;-9.329249390655795;4;17;1;5;4;7;-5.0463344821410265;0;0;22;-3.806704764301032;17;3;13;1;6;5;0;3;5;5;6;19;0;5;6;11;5;2;1;25;21;-1.0698765320490113;2;17;18;0;0;1;3;1;1;22;7.720954236162102;8;0;2;22;9.380627228989317;14;6;12;4;6;0;5;11;0;12;8;0;10;3;6;2;0;12;11;4;10;5;5;0;5;1;15;18;6;4;12;2;2;6;4;3;3;2;2;5;20;9.700601768451351;3;11;4;6;11;2;1;5;3;1;1;0;25;7;2.039334414682798;5;22;-5.48920378627642;4;4;7;-6.61095648343121;0;6;3;5;0;18;20;0.21683931802206735;1;5;4;1;11;23;0.6757259136718946;5;4;0;24;11;6;10;5;3;6;6;3;0;1;0;15;19;4;17;5;5;22;-5.763931665704046
TRACK:220;210;-1;2;2;5;2;5;6;6;6;0;6;10;0;19;13;2;4;2;5;4;1;22;7.695253958743676;8;1;3;6;7;6.593017699560163;6;4;10;6;1;1;5;1;13;8;1;5;20;-9.15591381923264;4;17;1;5;4;7;-4.910007461531209;0;0;22;-4.08272218008201;17;3;13;1;6;5;0;3;5;5;6;19;0;5;2;5;9;6;16;5;2;1;25;21;-1.3622297126114318;2;17;18;0;0;1;3;1;6;6;12;0;2;22;9.313735537613569;14;6;12;4;6;0;5;11;0;12;8;0;10;3;6;2;0;9;11;4;10;5;5;0;5;6;0;23;1.0607535993942367;21;-5.26046053464701;6;4;12;2;2;6;4;3;3;2;2;5;20;9.557682555323607;22;-5.688973303084791;4;6;11;2;1;5;3;1;1;0;25;7;1.8328369074182727;5;22;-5.516273020638678;4;4;7;-6.569046344784344;0;6;3;5;0;18;20;0.17645936723707714;1;5;4;1;11;23;1.0707113176297642;5;4;0;24;11;6;10;5;3;6;6;3;0;1;0;15;19;4;17;5;5;22;-5.779047577691413
TRACK:221;212;-1;2;2;5;2;5;6;6;6;4;6;7;-4.820126655475128;2;4;2;5;4;1;22;7.913510116268303;8;1;3;6;7;6.46249654891468;6;4;10;6;1;1;5;1;14;18;1;5;20;-9.327381679320382;4;17;1;6;0;16;17;0;0;22;-4.053428747104598;17;3;13;1;6;0;24;9;0;0;1;3;1;6;6;12;0;2;22;9.554320894885523;14;6;12;4;6;0;5;11;0;12;8;0;10;3;6;2;0;9;11;4;10;5;5;0;5;6;0;23;1.1116525335561434;21;-5.202170572283391;6;4;12;2;2;6;4;3;3;2;2;5;20;9.775891172823886;3;11;4;6;11;2;1;5;3;1;1;0;25;7;1.7958105199986483;5;22;-5.690040582054784;4;4;7;-6.393667135394916;0;6;3;5;0;18;20;0.32164047111926;1;5;4;1;11;23;0.8173522993653108;5;4;0;24;11;6;10;5;3;6;6;3;0;1;0;15;19;4;17;5;5;22;-5.795102092700191
TRACK:222;214;-1;2;3;0;1;0;6;5;5;3;13;19;4;17;5;5;22;-5.826360413531485;2;2;6;4;3;3;2;2;5;20;9.792473416409463;3;11;4;6;11;2;1;5;3;1;1;0;12;7;1.6501376371786383;5;22;-5.368563116476233;4;4;7;-6.336421505101464;0;6;3;5;0;18;20;0.011396714041155637;1;5;4;1;11;23;0.7267841036499979;5;4;0;24;11;6;10;5;3;6;6;3;0;1;0;15;19;4;17;5;5;22;-5.99296589339535
TRACK:223;216;-1;2;2;5;17;1;6;5;0;3;5;5;6;19;0;5;2;5;9;6;16;5;2;1;25;21;-1.1686059514982416;2;19;18;0;0;1;3;1;6;6;12;0;2;22;9.405390875835435;14;6;12;4;6;0;5;11;0;12;8;0;10;3;6;2;0;9;11;4;10;5;5;0;5;1;15;18;6;4;12;2;2;6;4;3;3;2;2;5;20;9.769423961458886;3;11;4;6;11;2;1;5;3;1;1;0;12;7;1.8303366500200766;5;22;-5.297627594530491;4;4;7;-6.48670810564447;0;6;3;5;0;18;20;0.13943480367123043;1;5;4;1;11;23;0.8998196952923286;5;4;0;24;11;6;10;5;3;6;6;3;0;1;0;15;19;4;17;5;5;22;-5.896628312934407
TRACK:224;218;-1;2;2;5;2;4;3;2;0;2;0;16;8;3;10;6;2;25;19;2;1;0;23;-1.9801244367180715;17;6;14;6;2;24;20;-0.3504975081884698;2;4;2;5;4;1;22;7.77359232790603;8;1;3;6;7;6.500426868845383;6;4;10;6;1;1;5;1;13;8;1;5;20;-9.488376606076848;4;17;1;5;4;7;-5.094960643926158;0;0;22;-4.1664351389591445;17;3;13;1;6;5;0;3;5;5;6;19;0;5;2;5;9;6;16;5;2;1;25;21;-1.356416263079697;2;17;18;0;0;1;3;1;6;6;12;0;2;22;9.175089626987141;14;6;12;4;6;0;5;11;0;12;8;0;10;3;6;2;0;9;11;4;10;5;5;0;5;6;0;23;1.2602577869117875;21;-5.255157658646859;6;4;12;2;2;6;4;3;3;2;2;5;20;9.833852236807742;3;11;4;6;11;2;1;5;3;1;1;0;12;11;5;22;-5.551024473158516;4;4;7;-6.670768174850237;0;6;3;5;0;18;20;0.1809314178209824;1;5;4;1;11;23;0.9939089021214209;5;2;8;16;6;10;5;3;6;6;3;0;1;0;15;19;4;17;5;5;22;-5.773015690950661
TRACK:225;211;-1;2;2;5;2;5;6;6;6;4;6;7;-4.7047677475471135;2;4;2;5;4;1;22;7.77255696479857;8;1;3;6;7;6.544941132918435;6;4;10;6;1;1;5;1;22;7.701981371008349;8;1;5;20;-9.699720975134303;4;17;1;5;4;7;-5.034859634217442;0;0;22;-4.158738871657775;17;3;13;1;6;5;0;3;5;4;7;3.4978059543230433;0;5;2;5;9;6;16;5;2;1;25;21;-1.1918521564001368;2;17;18;0;0;1;3;1;6;6;12;0;2;22;9.164104048430184;14;6;12;4;6;0;5;11;0;12;8;0;10;3;6;2;0;9;11;4;10;5;5;0;5;6;0;23;1.0676236910424919;21;-5.070223388596861;6;4;12;2;2;6;4;3;3;2;2;5;20;9.750379070737957;3;11;4;6;11;2;1;5;3;1;1;0;25;7;1.7011540958180997;5;22;-5.636666133885308;4;4;7;-6.610753917545339;0;6;3;5;0;18;20;-0.04828251616689358;1;5;4;1;11;23;0.9867934100467373;5;2;8;16;6;10;5;3;6;6;3;0;1;0;15;19;4;17;5;5;22;-5.820830732619008
TRACK:226;213;-1;2;2;5;2;5;6;6;6;4;6;7;-4.895094228226223;2;4;2;5;4;1;22;7.881111134645754;8;1;3;7;1.3941431167369982;6;4;10;6;1;1;22;-5.583515921081844;1;5;20;-9.122845405195834;4;17;1;5;0;24;9;0;0;22;-4.027403028224709;17;3;13;1;6;5;0;3;0;14;24;0;5;2;5;9;6;16;5;2;1;25;21;-1.0715007268924637;2;17;18;0;0;1;3;1;6;6;12;0;2;22;9.433672594316443;14;6;12;4;6;0;5;11;0;12;8;0;10;3;6;2;0;9;11;4;10;5;5;0;5;1;15;18;6;4;12;2;2;6;4;3;3;2;2;5;20;9.85707264648771;3;11;4;6;11;2;1;5;3;1;1;0;25;7;1.8878330693473868;5;22;-5.393894589480925;4;4;7;-6.608273024036013;0;6;3;5;0;18;20;0.25211609629278997;1;5;4;1;11;23;0.8733360452268849;5;4;0;24;11;6;10;5;3;6;6;3;0;1;0;15;19;4;17;5;5;22;-6.046953370711077
TRACK:227;215;-1;2;2;5;2;5;6;6;6;4;6;7;-4.794064521396629;2;4;2;5;4;1;22;7.678106756030622;8;1;3;6;7;6.89726037201465;6;4;10;6;1;1;5;1;13;8;1;5;20;-9.290685380459784;4;17;1;5;4;7;-4.870639758738501;0;0;22;-4.00878941391918;17;3;13;1;6;5;0;3;5;5;6;19;0;5;2;1;18;11;6;16;5;2;1;25;21;-1.2067313879057808;2;17;18;0;0;1;3;1;6;6;12;0;2;22;9.244002767092637;14;0;12;7;1.9660298202151107;4;6;0;5;11;0;12;8;0;10;3;6;2;0;9;11;4;10;5;5;0;5;6;0;23;1.1249456047694208;21;-5.328557641588581;6;7;-4.651310808892534;2;2;6;4;3;3;2;2;5;20;9.551219973121876;3;11;4;6;11;2;1;5;3;1;1;0;25;7;1.725979037169107;5;22;-5.613317537644094;4;4;7;-6.365739198245246;0;6;3;5;0;18;20;0.2774518300804351;1;5;4;1;11;23;0.9691521040591053;5;4;0;24;11;6;10;5;3;6;6;3;0;1;0;15;19;4;17;5;2;25;9
TRACK:228;217;-1;2;2;5;2;5;6;6;6;4;6;7;-4.549681165204263;2;4;2;5;4;1;22;7.758940420043579;8;1;3;6;7;6.595207124528865;6;4;10;6;1;1;5;1;13;8;1;5;20;-9.55704791058839;4;17;1;5;4;10;0;0;22;-3.939044800769601;17;3;13;1;6;5;0;3;5;5;6;19;0;5;2;5;9;6;16;5;2;1;25;21;-1.314335023277535;2;17;18;0;0;1;3;1;6;6;12;0;2;22;9.391479829629784;14;6;12;4;6;0;5;11;0;12;8;0;10;3;6;2;0;9;11;4;10;5;5;0;5;6;0;23;1.002793532001444;21;-5.281147899155384;6;4;12;2;2;6;4;3;3;2;2;5;20;9.750192919783776;3;11;4;6;11;2;1;5;0;5;16;2;10;13;0;6;3;5;0;18;20;0.21655696767894897;1;5;4;1;11;23;1.0423929898101763;5;4;0;24;11;6;10;5;3;6;6;3;0;1;0;15;19;4;17;5;5;22;-5.8286222087231065
TRACK:229;219;-1;2;2;5;2;5;6;6;6;4;6;7;-4.493822239225039;2;4;2;5;4;1;22;7.495066943735605;8;1;3;7;1.470531894375534;6;4;10;6;1;1;5;1;13;8;1;5;20;-9.312898060152499;4;17;1;5;4;7;-5.029282864485893;0;0;22;-3.959735291252222;17;3;13;1;6;5;0;3;5;5;6;19;0;5;6;11;5;2;1;25;21;-1.0764121640799569;2;17;18;0;0;1;3;1;1;22;7.562380380621299;8;0;2;22;9.279543701208787;14;6;12;4;6;0;5;11;0;12;8;0;10;3;6;2;0;12;11;4;10;5;5;0;5;1;15;18;6;4;12;2;2;6;4;3;3;2;2;5;20;9.846028931790027;3;11;4;5;17;2;1;5;3;1;1;0;25;7;1.9301409699920267;5;22;-5.4704088866966405;4;4;7;-6.577055046133959;0;6;3;5;0;18;20;0.14565477575805086;1;5;4;1;11;23;0.6141340074747587;5;4;0;24;11;6;10;5;3;6;6;3;0;1;0;15;19;4;17;5;5;22;-5.677189318346803
EVAL_INSTANCE:11:0:220
EVAL_INSTANCE:11:1:221
EVAL_INSTANCE:11:2:222
EVAL_INSTANCE:11:3:223
EVAL_INSTANCE:11:4:224
EVAL_INSTANCE:11:5:225
EVAL_INSTANCE:11:6:226
EVAL_INSTANCE:11:7:227
EVAL_INSTANCE:11:8:228
EVAL_INSTANCE:11:9:229
RUN_RESULT:11:0:0:2000:----
RUN_RESULT:11:1:0:39:DDDRRRDRRDLDLLLULD
RUN_RESULT:11:2:0:2000:----
RUN_RESULT:11:3:0:16:DDDRRRDRDLLDLL
RUN_RESULT:11:4:0:20:RDDDRRDRDLLLDL
RUN_RESULT:11:5:0:14:DDDRRRDRDLLDLL
RUN_RESULT:11:6:0:16:DDDRRRDRDLLDLL
RUN_RESULT:11:7:0:107:DDDRRRDULLUURRRLLLDDRRDRDLLLDL
RUN_RESULT:11:8:0:16:DDDRRRDRDLLDLL
RUN_RESULT:11:9:0:16:DDDRRRDRDLLDLL
    12 |      120 | -3.984200E+03 | -3.986000E+03
TRACK:230;187;203;2;2;5;2;5;6;6;6;4;6;7;-4.398151092893199;2;4;2;5;4;6;21;-4.109661823538849;1;3;7;1.3094245728791996;6;4;10;6;1;1;5;1;13;8;1;5;20;-9.394574423112555;4;17;1;5;4;7;-5.0279281695571925;0;0;22;-3.7986151416989498;17;3;13;1;6;5;0;3;5;5;6;19;0;5;2;5;9;6;16;5;2;1;25;21;-1.1013431625025376;2;17;18;0;0;1;3;1;6;6;12;0;2;22;9.546595936457152;14;6;12;4;6;0;5;11;0;12;8;0;10;3;6;2;0;9;11;4;10;5;5;0;5;1;15;18;6;4;12;2;2;6;4;3;3;2;2;5;20;9.782039676102903;3;11;4;6;11;2;1;5;3;1;1;0;12;7;1.8411291402210113;5;22;-5.372333505959294;4;4;7;-6.383385603141804;0;6;3;5;0;18;20;0.12588991081241427;1;5;4;1;11;23;0.8152812650948424;5;4;0;24;11;6;10;5;3;6;6;3;0;1;0;15;19;4;17;5;0;24;9
TRACK:231;187;203;2;2;5;2;5;6;6;6;4;6;7;-4.788651991555781;2;4;2;5;4;1;22;7.672581839255329;8;1;3;7;1.1670508956854078;6;4;10;6;1;1;5;1;13;8;1;5;20;-9.283524431160632;4;17;1;6;12;0;0;22;-3.888496227691303;17;3;13;1;6;5;0;3;5;5;6;19;0;5;2;5;9;6;16;5;2;1;25;21;-1.3070943376830617;2;17;18;0;0;1;3;1;6;6;12;0;2;22;9.350054101270791;14;6;12;4;6;0;5;11;0;12;8;0;10;3;6;2;0;9;11;4;10;5;5;0;5;1;15;18;6;4;12;2;2;6;4;3;3;2;2;5;20;9.774476407306098;3;11;4;6;11;2;1;5;3;1;1;0;25;7;1.8633599804656054;5;22;-5.580002006604658;4;4;7;-6.524085301773418;0;6;3;5;0;18;20;0.3383564090293415;1;5;4;1;11;23;0.9158991375521108;5;4;0;24;11;6;10;5;3;6;6;3;0;1;0;15;19;4;17;5;5;22;-5.888793237266359
TRACK:232;225;180;2;2;5;2;5;6;6;6;4;6;7;-4.7047677475471135;2;4;2;5;4;1;22;7.77255696479857;8;1;3;6;7;6.544941132918435;6;4;10;6;1;1;5;1;22;7.701981371008349;8;1;5;20;-9.699720975134303;4;17;1;5;4;7;-5.034859634217442;0;0;22;-4.158738871657775;17;3;13;1;6;5;0;3;5;4;7;3.4978059543230433;0;5;2;5;9;6;16;5;2;1;25;21;-1.1918521564001368;2;17;18;0;0;1;3;1;6;6;12;0;2;22;9.164104048430184;14;6;12;4;6;0;5;11;0;12;8;0;10;3;6;2;0;9;11;4;10;5;5;0;5;6;0;23;1.0676236910424919;21;-5.070223388596861;6;4;12;2;2;6;4;3;3;2;2;5;20;9.750379070737957;3;11;4;6;11;2;1;5;3;1;1;0;25;7;1.7011540958180997;5;22;-5.636666133885308;4;4;7;-6.610753917545339;0;6;3;5;0;18;20;-0.04828251616689358;1;25;5;2;8;16;6;10;5;3;6;6;3;0;1;0;15;19;4;17;5;5;22;-5.820830732619008
TRACK:233;225;180;2;2;5;2;5;6;6;6;4;6;7;-4.526567258871575;2;4;2;5;4;1;22;7.409294569652859;8;1;3;7;1.3353944396771267;6;4;10;6;1;1;5;1;13;8;1;5;20;-9.329249390655795;4;17;1;5;4;7;-5.0463344821410265;0;0;22;-3.806704764301032;17;3;13;1;6;5;0;3;5;5;6;19;0;5;6;11;5;2;1;25;21;-1.0698765320490113;2;17;18;0;0;1;3;1;6;6;12;1;25;21;-1.1918521564001368;4;6;0;5;11;0;12;8;0;10;3;6;2;0;12;11;4;10;5;5;0;5;1;15;18;6;4;12;2;2;6;4;3;3;2;2;5;20;9.700601768451351;3;11;4;6;11;2;1;5;3;1;1;0;25;7;2.039334414682798;5;22;-5.48920378627642;4;4;7;-6.61095648343121;0;6;3;5;0;18;20;0.21683931802206735;1;5;4;1;11;23;0.6757259136718946;5;4;0;24;11;6;10;5;3;6;6;3;0;1;0;15;19;4;17;5;5;22;-5.763931665704046
TRACK:234;207;142;2;2;5;2;5;6;6;6;4;6;7;-4.793582778350686;2;4;2;5;4;1;22;7.66156517938741;8;1;3;6;7;6.729979139990661;6;4;10;6;1;1;5;1;13;8;1;5;20;-9.161792688448962;4;17;1;5;4;7;-4.9966303685401;0;0;22;-4.08710455460562;17;3;13;1;6;5;0;3;5;5;6;19;0;5;2;1;18;11;6;16;5;2;1;25;21;-1.2012383996382892;2;17;18;0;0;1;3;1;6;6;12;0;2;22;9.284250480992494;14;6;12;4;6;0;5;11;0;12;8;0;10;3;6;2;0;9;11;4;10;5;5;0;5;6;0;23;1.129599270793838;21;-5.183973574670935;6;7;-4.555467078573288;2;2;6;4;3;3;2;2;5;20;9.673441120859122;3;11;4;6;11;2;1;5;3;1;1;0;25;7;1.7340055665367504;5;22;-5.610742827528706;4;4;7;-6.454145058223929;0;6;3;5;0;18;20;0.3165891138546463;1;5;4;1;11;23;0.9556030766103649;5;4;0;24;11;6;10;5;3;6;6;3;0;1;0;15;19;4;17;5;10
TRACK:235;207;142;2;2;5;2;5;6;6;6;4;6;7;-4.60040327079763;2;4;2;5;4;1;22;7.658805218525106;8;1;3;6;7;6.5521751680685485;6;4;10;6;1;1;5;1;13;8;1;5;20;-9.445895189015006;4;17;1;5;4;7;-4.938446471423766;0;0;22;-3.9726259636604344;17;3;13;1;6;5;0;3;5;5;6;19;0;5;2;5;9;6;16;5;2;1;25;21;-1.344432804515533;2;17;18;0;0;1;3;1;6;6;12;0;2;22;9.39808481178591;14;6;12;4;6;0;5;11;0;12;8;0;10;3;6;2;0;9;11;4;10;8;2;2;6;4;3;3;2;2;5;20;9.647188291293215;3;11;4;6;11;2;1;5;3;1;1;0;25;7;1.8047266351251943;5;22;-5.57718879325755;4;4;7;-6.522387094914828;0;6;3;5;0;18;20;0.1434227095871626;1;5;4;1;11;23;1.0167387105832342;5;4;0;24;11;6;10;5;3;6;6;3;0;1;0;15;19;4;17;5;5;22;-5.780461907429556
TRACK:236;187;162;2;2;5;2;5;6;6;6;4;6;7;-4.398151092893199;2;4;2;5;4;6;21;-4.109661823538849;1;3;7;1.3094245728791996;6;4;10;6;1;1;5;1;13;8;1;5;20;-9.394574423112555;4;17;1;5;4;7;-5.0279281695571925;0;0;22;-3.7986151416989498;17;3;12;1;6;5;0;3;5;5;6;19;0;5;2;5;9;6;16;5;2;1;25;21;-1.1013431625025376;2;17;18;0;0;1;3;1;6;6;12;0;2;22;9.546595936457152;14;6;12;4;6;0;5;11;0;12;8;0;10;3;6;2;0;9;11;4;10;5;5;0;5;1;15;18;6;4;12;2;2;6;4;3;3;2;2;5;20;9.782039676102903;3;11;4;6;11;2;1;5;3;1;1;0;12;7;1.8411291402210113;5;22;-5.372333505959294;4;4;7;-6.383385603141804;0;6;3;5;0;18;20;0.12588991081241427;1;5;4;1;11;23;0.8152812650948424;5;4;0;24;11;6;10;5;3;6;6;3;0;1;0;15;19;4;17;5;5;22;-6.028188223768022
TRACK:237;187;162;2;2;5;2;5;6;6;6;4;6;7;-4.6984548604975105;2;4;2;5;1;25;21;-1.1013431625025376;1;3;6;7;6.624230417882594;6;4;10;6;1;1;5;1;13;8;1;5;20;-9.643090753880571;4;17;1;5;4;7;-5.0543861392433715;0;0;22;-4.2218654717897275;17;3;13;1;6;5;0;3;5;5;6;19;0;5;2;5;9;6;16;5;2;1;25;21;-1.2502332549976791;2;17;18;0;0;1;3;1;6;6;12;0;2;22;9.272800865814224;14;6;12;4;6;0;5;11;0;12;8;0;10;3;6;2;0;9;11;4;10;5;5;0;5;6;0;23;1.110889971211749;21;-5.23483211578759;6;4;12;2;2;6;4;3;3;2;2;5;20;9.743721909118296;3;11;4;6;11;2;1;5;3;1;1;0;25;7;1.655717662809829;5;22;-5.594551817106898;4;4;7;-6.611465719671031;0;6;3;5;0;18;20;0.05478675759885407;1;5;4;1;11;23;0.9913604586980851;5;2;8;16;6;10;5;3;6;6;3;0;1;0;15;19;4;17;5;5;22;-5.689753744493394
TRACK:238;225;128;2;2;5;2;5;6;2;0;9;11;4;10;2;4;2;5;4;1;22;7.77255696479857;8;1;3;6;7;6.544941132918435;6;4;10;6;1;1;5;1;22;7.701981371008349;8;1;5;20;-9.699720975134303;4;17;1;5;4;7;-5.034859634217442;0;0;22;-4.158738871657775;17;3;13;1;6;5;0;3;5;4;7;3.4978059543230433;0;5;2;5;9;6;16;5;2;1;25;21;-1.1918521564001368;2;17;18;0;0;1;3;1;6;6;12;0;2;22;9.164104048430184;14;6;12;4;6;0;5;11;0;12;8;0;10;3;6;2;0;9;11;4;10;5;5;0;5;6;0;23;1.0676236910424919;21;-5.070223388596861;6;4;12;2;2;6;4;3;3;2;2;5;20;9.750379070737957;3;11;4;6;11;2;1;5;3;1;1;0;25;7;1.7011540958180997;5;22;-5.636666133885308;4;4;7;-6.610753917545339;0;6;3;5;0;18;20;-0.04828251616689358;1;5;4;1;11;23;0.9867934100467373;5;2;8;16;6;10;5;3;6;6;3;0;1;0;15;19;4;17;5;5;22;-5.820830732619008
TRACK:239;225;128;2;2;5;2;5;6;6;6;4;6;7;-4.752572939820141;2;4;2;5;4;1;22;7.679572874763944;19;1;3;6;7;6.587817717375761;6;4;10;6;1;1;5;1;13;8;1;5;20;-9.536878972414648;4;17;1;5;4;7;-5.048019967980817;0;0;22;-4.077937434147527;17;3;13;1;6;5;0;3;5;5;6;19;0;5;2;5;9;6;16;5;2;1;23;2.7499000892087877;21;-1.1521985831824848;2;17;18;0;0;1;3;1;6;6;12;0;2;22;9.199204631541766;14;6;12;4;6;0;5;11;0;12;8;0;10;3;6;2;0;9;11;4;10;5;5;0;6;16;6;4;12;2;2;6;4;3;3;2;2;5;20;9.59614568417552;3;11;4;6;11;2;1;5;3;1;1;0;25;7;1.6196943823634982;5;22;-5.603115376628415;4;4;7;-6.600485486562622;0;6;3;5;0;18;20;0.10567417522442564;1;5;4;1;11;23;1.0933602965158795;5;4;0;24;11;6;10;5;3;6;6;3;0;1;0;15;19;4;17;5;5;22;-5.521030643637956
TRACK:240;230;-1;2;2;5;2;5;6;6;6;4;6;7;-4.317165606160162;2;4;2;5;4;6;21;-4.090993252331814;1;3;7;1.2000402013634086;6;4;10;6;1;1;5;1;13;8;1;5;20;-9.41022926430428;4;17;1;5;4;7;-4.916049304101578;0;0;22;-3.9267023674113744;17;3;13;1;6;5;0;3;5;5;6;19;0;5;2;5;9;6;16;5;2;1;25;21;-1.2803450585391087;2;17;18;0;0;1;3;1;6;6;12;0;2;22;9.52784034102527;14;6;12;4;6;0;5;11;0;12;8;0;10;3;6;2;0;9;11;4;10;5;5;0;5;1;15;18;6;4;12;2;2;6;4;3;3;2;2;5;20;9.809798839512903;3;11;4;6;11;2;1;5;3;1;1;0;12;7;1.8926344827455193;5;22;-5.331021099868774;4;4;7;-6.334759207750367;0;6;3;5;0;18;20;-0.07384928045954903;1;5;4;1;11;23;0.8311320099495135;5;4;0;24;11;6;10;4;2;1;2;0;6;24;4;13;6;4;13;0;1;1;23;-1.9077662146874736;7;-9.10834125128334;2;8;22;3.697236169045649;5;1;22;-7.752716799986736;12;5;3;0;3;16;4;13
TRACK:241;232;-1;2;2;5;2;5;6;6;6;4;6;7;-4.61204822990452;2;4;2;5;4;1;22;7.794501194988879;8;1;3;6;7;6.445597006621203;6;4;10;6;1;1;5;1;22;7.623587453750717;8;1;5;20;-9.699662856339232;4;17;1;5;4;7;-5.067803737330113;0;0;22;-4.182571128110789;17;3;13;1;6;5;0;3;5;4;7;3.503297471955615;0;5;2;5;9;6;16;5;2;1;25;21;-1.384815639550816;2;17;18;0;0;1;3;1;6;6;12;0;2;22;9.272279293337007;14;6;12;4;6;0;5;11;0;12;8;0;10;3;6;2;0;9;11;4;10;5;5;0;5;6;0;23;1.102478643371858;21;-5.192805745234891;6;4;12;2;2;6;4;3;3;2;2;5;20;9.761667942174912;3;11;4;6;11;2;1;5;3;1;1;0;25;7;1.7504435673253023;5;22;-5.549434249832156;4;0;16;25;0;6;3;5;0;18;20;-0.10979150556650671;1;25;5;2;8;16;6;10;5;3;6;6;3;0;1;0;15;19;4;17;5;5;22;-5.89406791352399
TRACK:242;234;-1;2;2;5;2;5;6;6;6;4;6;7;-4.835509178674887;2;4;2;5;4;1;22;7.7443161208425115;8;1;3;6;7;6.876452261872839;6;4;10;6;1;1;5;1;13;8;1;5;20;-8.829422282676141;4;17;1;5;4;7;-4.914405471014256;0;0;22;-4.170629592394516;17;3;13;1;6;5;0;3;5;5;6;19;0;5;2;1;18;11;6;16;5;2;1;25;21;-1.0577463217607934;2;17;18;0;0;1;3;1;6;6;12;0;2;22;9.2216501048934;14;6;12;4;6;0;5;11;0;12;8;0;10;3;6;2;0;9;11;4;10;5;5;6;3;3;19;2;2;6;4;3;3;2;2;5;20;9.595573720413029;3;11;4;6;11;2;1;5;3;1;1;0;25;7;1.5816199385741891;5;22;-5.617492557476645;4;4;7;-6.425582876524761;0;6;3;5;0;18;20;0.17216307640253725;1;5;4;1;11;23;1.0310283818703116;5;4;0;24;11;6;10;5;3;6;6;3;0;1;0;15;19;4;17;5;10
TRACK:243;236;-1;2;2;5;2;5;6;6;6;4;6;7;-4.46293324387956;2;4;2;5;4;6;21;-4.225489169124105;1;3;7;1.267363043248141;6;4;10;6;1;1;5;1;13;8;1;5;20;-9.476988170251566;4;17;1;5;4;7;-4.850470565615356;0;0;22;-3.838234730447681;17;3;12;1;6;5;0;3;5;5;6;19;0;5;2;5;9;6;16;5;2;1;25;21;-0.9494538303228526;3;19;0;0;1;3;1;6;6;12;0;2;22;9.660266774680782;14;6;12;4;6;0;5;11;0;12;8;0;10;3;6;2;0;9;11;4;10;5;5;0;5;1;15;18;6;4;12;2;2;6;4;3;3;2;2;5;20;9.626252054974147;3;11;4;6;11;2;1;5;3;1;1;0;12;7;1.6342064553404545;5;22;-5.3422414013020845;4;4;7;-6.363608013941937;0;6;3;5;0;18;20;0.16157104410732126;1;5;4;1;11;23;0.9831354944729958;5;4;0;24;11;6;10;5;3;6;6;3;0;1;0;15;19;4;17;5;5;22;-6.106367572487616
TRACK:244;238;-1;2;2;5;2;5;6;2;0;9;11;4;10;2;4;2;5;4;1;22;7.702265437872675;8;1;3;6;7;6.498507060778934;6;4;10;6;1;1;5;1;22;7.6581360842400885;8;1;5;20;-9.781806015047527;4;17;1;5;4;7;-5.082064199390883;0;0;22;-3.9788389866118368;17;3;13;1;6;5;0;3;5;4;7;3.659443933403605;0;5;2;5;9;6;16;5;2;1;25;21;-1.2252127586360335;2;17;18;0;0;1;3;1;6;6;12;0;2;22;8.988704696957356;14;6;12;4;6;0;5;11;0;12;8;6;3;11;5;5;0;5;6;0;23;0.9435664181200428;21;-5.062081628457632;6;4;12;2;2;6;4;3;3;2;2;5;20;9.867020426498021;3;11;4;6;11;2;1;5;3;1;1;0;25;7;1.5709048668145107;5;22;-5.6889987738361585;4;4;7;-6.66234084796918;0;6;3;5;0;18;20;0.01486818674497599;1;5;4;1;11;23;1.1184388756876378;5;2;8;16;6;10;5;3;6;6;3;0;1;0;15;19;4;17;5;5;22;-5.914320379852248
TRACK:245;231;-1;2;2;5;2;5;6;6;6;4;6;7;-4.827213962432757;2;4;2;5;4;1;22;7.6247697837282615;8;1;3;7;1.2641861347220864;6;4;10;6;1;1;5;1;13;8;1;5;20;-9.147155535464323;4;17;1;6;12;0;0;22;-3.8340405873518932;17;3;13;1;6;5;0;3;5;5;6;19;0;5;2;5;9;6;16;5;2;1;25;21;-1.3116457372553012;2;17;18;0;0;1;3;1;6;6;12;0;2;22;9.379917845090938;14;6;12;4;6;0;5;11;0;12;8;0;10;3;6;2;0;9;11;4;10;5;5;0;5;1;15;18;6;4;12;2;2;6;4;3;3;2;2;5;20;10.0;3;11;4;6;11;2;1;5;3;1;1;0;25;7;1.7775071328788057;5;22;-5.566717044849321;4;4;7;-6.533645901846188;0;6;3;5;0;18;20;0.16561582113846038;1;5;4;1;11;23;0.8512314140134852;5;4;0;24;11;5;4;3;9;5;3;6;6;3;0;1;0;15;19;4;17;5;5;22;-5.998515608103523
TRACK:246;233;-1;2;2;5;2;5;6;6;6;4;6;7;-4.586611097781783;2;4;2;5;4;1;22;7.701718721919232;8;1;3;7;1.2839651672441226;6;4;10;6;1;1;5;4;20;-6.801093344699516;1;5;20;-9.280361016191026;4;17;1;5;4;7;-4.866416250767131;0;0;22;-3.890515692717157;17;3;13;1;6;5;0;3;5;5;6;19;0;5;6;11;5;2;1;25;21;-1.0520293086116606;2;17;18;0;0;1;3;1;6;6;12;1;25;21;-1.0044254968002266;4;6;0;5;11;0;12;8;0;10;3;6;2;0;12;11;4;10;5;5;0;5;1;15;18;6;4;12;2;2;6;4;3;3;2;2;5;20;9.692171778185106;3;11;4;6;11;2;1;5;3;1;1;0;25;7;1.93624970954916;5;22;-5.5138415209945615;4;4;7;-6.673770769649633;0;6;3;5;0;18;20;-0.008029793247578187;1;5;4;1;11;23;0.6759314951853798;5;4;0;24;11;6;10;5;3;6;6;3;0;1;0;15;19;4;17;5;5;22;-5.720833807486953
TRACK:247;235;-1;2;2;5;2;5;6;6;6;4;6;7;-4.437365223944997;2;4;2;5;4;1;22;7.556754659265535;8;1;3;6;7;6.511604915477066;6;4;10;6;1;1;5;1;13;8;1;5;20;-9.670602444372689;4;17;1;5;4;7;-5.025878496688019;0;0;22;-4.059203793981837;17;3;13;1;6;5;0;3;5;5;6;19;0;5;2;5;9;6;16;5;2;1;25;21;-1.2209345181560463;2;17;18;0;0;1;3;1;6;6;12;0;2;22;9.24380361091619;14;6;12;4;6;0;5;11;0;12;8;0;10;3;6;2;0;9;11;4;10;8;2;2;6;4;3;3;2;2;5;20;9.708903915647095;3;11;4;6;11;2;1;5;3;1;1;0;25;7;1.6958849245225245;5;22;-5.4441232861220215;4;4;7;-6.585061951747473;0;6;3;5;2;23;9.294599508049188;8;1;5;4;1;11;23;0.9805105457163535;5;4;0;24;11;6;10;5;3;6;6;3;0;1;0;15;19;4;17;5;5;22;-5.769072192108681
TRACK:248;237;-1;2;2;5;2;5;6;6;6;4;6;7;-4.641315848558286;2;4;2;5;1;25;21;-1.0647638258110692;1;3;6;7;6.535847729214875;6;4;10;6;1;1;5;1;13;8;1;5;20;-9.555325562641984;4;17;1;5;4;7;-5.137352621741;0;0;22;-4.246092310512908;17;3;13;1;6;5;0;3;5;5;6;19;0;5;2;5;9;6;16;5;2;1;25;21;-1.3408166378460666;2;17;18;0;0;1;3;1;6;6;12;0;2;22;9.098559436842372;14;6;12;4;6;0;5;11;0;12;8;0;10;3;6;2;0;9;11;4;10;5;5;0;5;6;0;23;1.0644973731344907;21;-5.189351193748295;6;4;12;2;2;6;4;3;3;2;2;5;20;9.603886725625934;3;11;4;6;11;2;1;5;3;1;1;0;25;7;1.5979135071214967;5;22;-5.700301120980886;4;4;7;-6.549667718313248;0;6;3;5;0;18;20;-0.042356344465960497;1;5;4;1;11;23;0.9993861420758444;5;2;5;8;16;6;10;5;3;6;6;3;0;1;0;15;19;4;17;5;5;22;-5.654428247754605
TRACK:249;239;-1;2;2;5;2;5;6;6;6;4;6;7;-4.715675250217685;2;4;2;5;4;1;22;7.739972004063634;19;1;3;6;7;6.576388445384995;6;4;10;6;1;1;5;1;13;8;1;5;20;-9.331776249530494;4;17;1;5;4;7;-4.962310011657442;0;0;22;-3.9675893277074623;17;3;13;1;6;5;0;3;5;5;6;19;0;5;2;5;9;6;16;5;2;1;23;2.6118218465738887;21;-1.086076283980434;2;17;18;0;0;1;3;1;6;6;14;0;2;22;9.116565812685488;14;6;12;4;6;0;5;11;0;12;8;0;10;3;6;2;0;9;11;4;10;5;5;0;6;16;6;4;12;2;2;6;4;3;3;2;2;5;20;9.500185244094332;3;11;4;6;11;2;1;5;3;1;1;0;25;7;1.8247788117534762;5;22;-5.6603271929401995;4;4;7;-6.616712536362543;0;6;3;5;0;18;20;0.03272176672929092;1;5;4;1;11;23;1.1018394781802818;5;4;0;24;11;6;10;5;3;6;6;3;0;1;0;15;19;4;17;5;5;22;-5.59151625727628
EVAL_INSTANCE:12:0:240
EVAL_INSTANCE:12:1:241
EVAL_INSTANCE:12:2:242
EVAL_INSTANCE:12:3:243
EVAL_INSTANCE:12:4:244
EVAL_INSTANCE:12:5:245
EVAL_INSTANCE:12:6:246
EVAL_INSTANCE:12:7:247
EVAL_INSTANCE:12:8:248
EVAL_INSTANCE:12:9:249
RUN_RESULT:12:0:0:23:DDDRRRDRDLLDLL
RUN_RESULT:12:1:0:1870:RRRRDLLLDLUDDRRRDULLUURRRRRLLLDRURDLLLD
RUN_RESULT:12:2:0:107:DDDRRRDULLUURRRLLLDDRRDRDLLLDL
RUN_RESULT:12:3:0:18:DDDRRRDRDLLDLL
RUN_RESULT:12:4:0:2000:----
RUN_RESULT:12:5:0:16:DDDRRRDRDLLDLL
RUN_RESULT:12:6:0:16:DDDRRRDRDLLDLL
RUN_RESULT:12:7:0:16:DDDRRRDRDLLDLL
RUN_RESULT:12:8:0:15:RDDDRRDRDLLDLL
RUN_RESULT:12:9:0:2000:----
    13 |      130 | -3.984300E+03 | -3.986000E+03
TRACK:250;248;164;2;2;5;2;5;6;6;6;4;6;7;-4.641315848558286;2;4;2;5;1;25;21;-1.0647638258110692;1;3;6;7;6.535847729214875;6;4;10;6;1;1;5;1;13;8;1;5;20;-9.555325562641984;4;17;1;5;4;7;-5.137352621741;0;0;22;-4.246092310512908;17;3;13;1;6;5;0;3;5;5;6;19;0;5;2;5;9;6;16;5;2;1;25;21;-1.3408166378460666;2;17;18;0;0;1;3;1;6;6;12;0;2;22;9.098559436842372;14;6;12;4;6;0;5;11;0;12;8;0;10;3;6;2;0;9;11;4;10;5;2;1;25;21;-1.2237868751802852;2;17;18;2;2;6;4;3;3;2;2;5;20;9.603886725625934;3;11;4;6;11;2;1;5;3;1;1;0;25;7;1.5979135071214967;5;22;-5.700301120980886;4;4;7;-6.549667718313248;0;6;3;5;0;18;20;-0.042356344465960497;1;5;4;1;11;23;0.9993861420758444;5;2;5;8;16;6;10;5;3;6;6;3;0;1;0;15;19;4;17;5;5;22;-5.654428247754605
TRACK:251;248;164;2;2;5;2;5;6;6;6;4;6;7;-4.577272326067113;2;4;2;5;4;1;22;7.525889040892787;8;1;3;7;1.2876396666144434;6;4;10;6;1;1;5;1;13;8;1;5;20;-9.299131626629727;4;17;1;5;4;7;-5.027809340107719;0;0;22;-3.8257919649392105;17;3;13;1;6;5;0;3;5;5;6;19;0;5;2;5;9;6;16;5;2;1;25;21;-1.2237868751802852;2;17;18;0;0;1;3;1;6;6;12;0;2;22;9.442533797904424;14;6;12;4;6;0;5;11;0;12;8;0;10;3;6;2;0;9;11;4;10;5;5;0;5;1;15;18;6;4;12;2;2;6;4;3;3;2;2;5;20;9.683521394663961;3;11;4;6;11;2;1;5;3;1;5;20;9.603886725625934;4;4;7;-6.5427300137745075;0;6;3;5;0;18;20;0.2703398862515664;1;5;4;1;11;23;0.8548857803977805;5;4;0;24;11;6;10;5;3;6;6;3;0;1;0;15;19;4;17;5;5;22;-5.846191253757162
TRACK:252;225;185;2;2;5;2;5;6;6;6;4;6;7;-4.7047677475471135;2;4;2;5;4;1;22;7.77255696479857;8;1;3;6;7;6.544941132918435;6;4;10;6;1;1;5;1;22;7.701981371008349;8;1;5;20;-9.699720975134303;4;17;1;5;4;7;-5.034859634217442;16;1;6;5;0;3;5;4;7;3.4978059543230433;0;5;2;5;9;6;16;5;2;1;25;21;-1.1918521564001368;2;17;18;0;0;1;3;1;6;6;12;0;2;22;9.164104048430184;14;6;12;4;6;0;5;11;0;12;8;0;10;3;6;2;0;9;11;4;10;5;5;0;5;6;0;23;1.0676236910424919;21;-5.070223388596861;6;4;12;2;2;6;4;3;3;2;2;5;20;9.750379070737957;3;11;4;6;11;2;1;5;3;1;1;0;25;7;1.7011540958180997;5;22;-5.636666133885308;4;4;7;-6.610753917545339;0;6;3;5;0;18;20;-0.04828251616689358;1;5;4;1;11;23;0.9867934100467373;5;2;8;16;6;10;5;3;6;6;3;0;1;0;15;19;4;17;5;5;22;-5.820830732619008
TRACK:253;225;185;2;2;5;2;5;6;6;6;4;6;7;-4.682335641324418;2;4;2;5;4;1;22;7.790773569619368;8;1;3;6;7;6.440419658121811;6;4;10;6;1;1;5;1;14;18;1;5;20;-9.426282718692807;4;17;1;5;4;7;-4.953171087653464;0;0;22;-3.9966910966820035;17;3;13;1;6;5;0;3;5;5;6;19;0;5;2;5;9;6;16;5;2;4;17;2;17;18;0;0;1;3;1;6;6;12;0;2;22;9.42356281516239;14;6;12;4;6;0;5;11;0;12;8;0;10;3;6;2;0;9;11;4;10;5;5;0;5;6;0;23;1.192482436102051;21;-5.1546156271259305;6;4;12;2;2;6;4;3;3;2;4;17;4;6;11;2;1;5;3;1;1;0;25;7;1.8847125010533665;5;22;-5.665307524253061;4;4;7;-6.3484549052246075;0;6;3;5;0;18;20;0.20721868958042094;1;5;4;1;11;23;0.9352807547570313;5;4;0;24;11;6;10;5;3;6;6;3;0;1;0;15;19;4;17;5;5;22;-5.7774196946883976
TRACK:254;142;128;2;2;5;2;5;6;6;6;4;6;7;-4.60040327079763;2;4;2;5;4;1;22;7.658805218525106;8;1;3;6;7;6.5521751680685485;6;4;10;6;1;1;4;6;7;-4.752572939820141;1;5;20;-9.445895189015006;4;17;1;5;4;7;-4.938446471423766;0;0;22;-3.9726259636604344;17;3;13;1;6;5;0;3;5;5;6;19;0;5;2;5;9;6;16;5;2;1;25;21;-1.344432804515533;2;17;18;0;0;1;3;1;6;6;12;0;2;22;9.39808481178591;14;6;12;4;6;0;5;11;0;12;8;0;10;3;6;2;0;9;11;4;10;5;5;0;5;6;0;23;1.1543589327011528;21;-5.209773095351641;6;4;12;2;2;6;4;3;3;2;2;5;20;9.647188291293215;3;11;4;6;11;2;1;5;3;1;1;0;25;7;1.8047266351251943;5;22;-5.57718879325755;4;4;7;-6.522387094914828;0;6;3;5;0;18;20;0.1434227095871626;1;5;4;1;11;23;1.0167387105832342;5;4;0;24;11;6;10;5;3;6;6;3;0;1;0;15;19;4;17;5;5;22;-5.780461907429556
TRACK:255;142;128;2;2;5;2;5;6;6;6;4;6;7;-4.752572939820141;3;2;2;5;20;9.647188291293215;3;11;4;6;11;1;6;5;0;3;5;5;6;19;0;5;2;5;9;6;16;5;2;1;23;2.7499000892087877;21;-1.1521985831824848;2;17;18;0;0;1;3;1;6;6;12;0;2;22;9.199204631541766;14;6;12;4;6;0;5;11;0;12;8;0;10;3;6;2;0;9;11;4;10;5;5;0;5;6;0;23;1.1485152222814072;21;-5.204178204097911;6;4;12;2;2;6;4;3;3;2;2;5;20;9.59614568417552;3;11;4;6;11;2;1;5;3;1;1;0;25;7;1.6196943823634982;5;22;-5.603115376628415;4;4;7;-6.600485486562622;0;6;3;5;0;18;20;0.10567417522442564;1;5;4;1;11;23;1.0933602965158795;5;4;0;24;11;6;10;5;3;6;6;3;0;1;0;15;19;4;17;5;5;22;-5.521030643637956
TRACK:256;164;248;2;2;5;2;5;6;6;6;4;6;7;-4.577272326067113;2;4;2;5;4;1;22;7.525889040892787;8;1;3;7;1.2876396666144434;6;4;10;6;1;1;5;1;13;8;1;5;20;-9.299131626629727;4;17;1;5;4;7;-5.027809340107719;0;0;22;-3.8257919649392105;17;3;13;1;6;5;0;3;5;5;6;19;0;5;2;5;9;6;16;5;2;1;25;21;-1.2237868751802852;2;17;18;0;0;1;3;1;6;6;12;0;2;22;9.442533797904424;14;6;12;4;6;0;5;11;0;12;8;0;10;3;6;2;0;9;11;4;10;5;5;0;5;1;15;18;6;4;12;17
TRACK:257;164;248;2;2;5;2;5;6;6;6;4;6;7;-4.641315848558286;2;4;2;5;1;25;21;-1.0647638258110692;1;3;6;7;6.535847729214875;6;4;10;6;1;1;5;1;13;8;1;5;20;-9.555325562641984;4;17;1;5;4;7;-5.137352621741;0;0;22;-4.246092310512908;17;3;13;1;6;5;0;3;5;5;6;19;0;5;2;5;9;6;16;5;2;1;25;21;-1.3408166378460666;2;17;18;0;0;1;3;1;6;6;12;0;2;22;9.098559436842372;14;6;12;4;6;0;5;11;0;12;8;0;0;22;-3.8257919649392105;17;3;13;5;5;0;5;6;0;23;1.0644973731344907;21;-5.189351193748295;6;4;12;2;2;6;4;3;3;2;2;5;20;9.603886725625934;3;11;4;6;11;2;1;5;3;1;1;0;25;7;1.5979135071214967;5;22;-5.700301120980886;4;4;7;-6.549667718313248;0;6;3;5;0;18;20;-0.042356344465960497;1;5;4;1;11;23;0.9993861420758444;5;2;5;8;16;6;10;5;3;6;6;3;0;1;0;15;19;4;17;5;5;22;-5.654428247754605
TRACK:258;185;225;2;2;5;2;5;6;6;6;4;6;7;-4.682335641324418;2;4;2;5;4;1;22;7.790773569619368;8;1;3;6;7;6.440419658121811;6;4;10;6;1;1;5;1;14;18;1;5;20;-9.426282718692807;4;17;1;5;4;7;-4.953171087653464;0;0;22;-3.9966910966820035;17;3;13;1;6;5;0;3;5;5;6;19;0;5;2;5;9;6;16;5;2;4;17;2;17;18;0;0;1;3;1;6;6;12;0;2;22;9.42356281516239;14;6;12;4;6;0;5;11;0;12;8;0;10;3;6;2;0;9;11;4;10;5;5;0;5;5;22;-5.820830732619008;6;4;12;2;2;6;4;3;3;2;2;5;20;9.81974444517261;3;11;4;6;11;2;1;5;3;1;1;0;25;7;1.8847125010533665;5;22;-5.665307524253061;4;4;7;-6.3484549052246075;0;6;3;5;0;18;20;0.20721868958042094;1;5;4;1;11;23;0.9352807547570313;5;4;0;24;11;6;10;5;3;6;6;3;0;1;0;15;19;4;17;5;5;22;-5.7774196946883976
TRACK:259;185;225;2;2;5;2;5;6;6;6;4;6;7;-4.7047677475471135;2;1;11;23;0.9352807547570313;6;1;1;5;1;22;7.701981371008349;8;1;5;20;-9.699720975134303;4;17;1;5;4;7;-5.034859634217442;0;0;22;-4.158738871657775;17;3;13;1;6;5;0;3;5;4;7;3.4978059543230433;0;5;2;5;9;6;16;5;2;1;25;21;-1.1918521564001368;2;17;18;0;0;1;3;1;6;6;12;0;2;22;9.164104048430184;14;6;12;4;6;0;5;11;0;12;8;0;10;3;6;2;0;9;11;4;10;5;5;0;5;6;0;23;1.0676236910424919;21;-5.070223388596861;6;4;12;2;2;6;4;3;3;2;2;5;20;9.750379070737957;3;11;4;6;11;2;1;5;3;1;1;0;25;7;1.7011540958180997;5;22;-5.636666133885308;4;4;7;-6.610753917545339;0;6;3;5;0;18;20;-0.04828251616689358;1;5;4;1;11;23;0.9867934100467373;5;2;8;16;6;10;5;3;6;6;3;0;1;0;15;19;4;17;5;5;22;-5.820830732619008
TRACK:260;250;-1;2;2;5;2;5;6;6;6;4;6;7;-4.628740147826988;2;4;2;5;1;25;21;-0.9795208706946594;1;3;6;7;6.651305598055453;6;4;10;6;1;1;5;1;13;8;1;5;20;-9.443948689313789;4;17;1;5;4;7;-5.276992157685873;0;0;22;-4.191054413126771;17;3;13;1;6;5;0;3;5;5;6;19;0;5;2;5;9;6;16;5;2;1;25;21;-1.3179590220194397;2;17;18;0;0;1;3;1;6;6;12;0;2;22;8.97714891753219;14;3;13;4;6;0;5;11;0;12;8;0;10;3;6;2;0;9;11;4;10;5;2;1;25;21;-1.2876921311481822;2;17;18;2;2;6;4;3;3;2;2;5;20;9.620355975203143;3;11;4;6;11;2;1;5;3;1;1;0;25;7;1.4183688979077202;5;22;-5.718771832891795;4;4;7;-6.568051780094975;0;6;3;5;0;18;20;-0.07088951061749074;1;5;4;1;11;23;1.220499702532852;5;2;5;8;16;6;10;5;3;6;6;3;0;1;0;15;19;4;17;5;5;22;-5.428311155756918
TRACK:261;252;-1;2;2;5;2;5;6;6;6;4;6;7;-4.892847907328929;2;4;2;5;4;1;22;7.7939755663801025;8;1;3;6;7;6.45019809254974;6;4;10;6;1;1;5;1;22;7.6729218342016825;8;1;5;20;-9.764444907941352;4;17;1;5;4;7;-4.980072997395729;16;1;6;5;0;3;5;4;7;3.352176103077218;0;5;2;5;9;6;16;5;2;1;25;21;-1.2382465471364625;2;17;18;0;0;1;3;1;6;6;12;0;2;22;9.23605698473715;14;6;12;4;6;0;5;11;0;12;8;0;10;3;6;2;0;9;11;4;10;5;5;0;5;6;0;23;1.2761663585556544;21;-5.188504753851686;6;4;12;2;2;6;4;3;3;2;2;5;20;9.841720619057728;3;11;4;6;11;2;1;5;3;1;1;0;25;7;1.7333109892252987;5;22;-5.64150059739066;4;4;7;-6.766101085546054;0;6;3;5;0;18;20;-0.10275575483540775;1;5;4;1;11;23;0.806294626558574;5;2;8;16;6;10;5;3;6;6;3;0;1;0;15;19;4;17;5;5;22;-5.756533220229769
TRACK:262;254;-1;2;2;3;5;2;2;23;-5.588714421260064;24;4;21;0.9296828274057916;1;6;5;0;3;5;5;6;19;0;5;2;5;9;6;16;5;2;1;25;21;-1.265994043047999;2;17;18;0;0;1;3;1;6;6;12;0;2;22;9.363116354174544;14;6;12;4;6;0;5;11;0;12;8;0;10;3;6;2;0;9;11;4;10;5;5;0;5;6;0;23;1.0941163907738072;21;-5.171184120040761;6;4;12;2;2;6;4;3;3;2;2;5;20;9.74851633427565;3;11;4;6;11;2;1;5;3;1;1;0;25;7;1.754276530265973;5;22;-5.6391832275674;4;4;7;-6.463605103633124;0;6;3;5;0;18;20;0.14828287308437796;1;5;4;1;11;23;0.978241536826421;5;4;0;24;11;6;10;5;3;6;6;3;0;1;0;15;19;4;17;5;5;22;-5.783530714515961
TRACK:263;256;-1;2;2;5;2;5;6;6;6;4;6;7;-4.628172388513767;2;4;2;5;4;1;22;7.743984996193924;8;1;3;7;1.2366781573284895;6;4;10;6;1;1;5;1;13;8;1;5;20;-9.166236268134275;4;17;1;5;4;7;-5.074531982493369;0;0;22;-4.025696726947861;17;3;13;1;6;5;0;3;5;5;6;19;0;5;2;5;9;6;16;5;2;1;25;21;-1.2834052825700066;2;17;18;0;0;1;3;1;6;6;12;0;2;22;9.55183287328382;14;6;12;4;6;0;5;11;0;12;11;0;10;3;6;2;0;9;11;4;10;5;5;0;5;1;15;18;6;4;12;17
TRACK:264;258;-1;2;6;4;2;5;6;5;5;5;13;1;4;0;5;2;25;25;4;2;12;10;4;3;6;5;15;2;2;6;4;3;3;2;2;5;20;9.816642440097171;3;11;4;6;11;2;1;5;3;1;1;0;25;7;1.7947335284123125;5;22;-5.678009773350321;4;4;7;-6.424234899009732;0;6;3;5;0;18;20;0.3034003804390877;1;5;4;1;11;23;0.9030998271606686;5;4;0;24;11;6;10;5;3;6;6;3;0;1;0;15;19;4;17;5;5;22;-5.674231022517109
TRACK:265;251;-1;2;2;5;2;5;6;6;6;4;6;7;-4.4838369816649175;2;4;2;5;4;1;22;7.521494406693306;8;1;3;7;1.4024980038861534;6;4;10;6;1;1;5;1;13;8;1;5;20;-9.130134992526537;4;17;1;5;4;7;-5.090774156627505;0;0;22;-3.6344003553996496;17;3;13;1;6;5;0;3;5;5;6;19;0;5;2;5;9;6;16;5;2;1;25;21;-1.2416734975107937;2;17;18;0;0;1;3;1;6;6;12;0;2;22;9.530351763018956;14;6;12;4;6;0;5;11;0;12;8;0;10;3;6;2;0;9;11;4;10;5;5;0;5;1;15;18;6;4;12;2;2;6;4;3;3;2;2;5;20;9.787675149084391;3;11;4;6;11;2;1;5;3;1;5;20;9.605601875132441;4;4;7;-6.6189734516517715;0;6;3;5;1;14;19;1;5;4;1;11;23;0.9748222558336875;5;4;0;24;11;6;10;5;3;6;6;3;0;1;0;15;19;4;17;5;5;22;-5.827062064446752
TRACK:266;253;-1;2;2;5;2;5;6;6;6;4;6;7;-4.532238071870859;2;4;2;5;4;1;22;7.833820012909244;8;1;3;6;7;6.643750991068728;6;4;10;6;1;1;5;1;14;18;1;5;20;-9.545317384460388;4;17;1;5;4;7;-4.846113660737754;0;0;22;-3.9656885130877746;17;3;13;1;6;5;0;3;5;5;6;19;0;5;2;5;9;6;16;5;2;4;17;2;17;18;0;0;1;3;1;6;6;12;0;2;22;9.404287727047395;14;6;12;4;6;0;5;11;0;12;8;0;10;3;6;2;0;9;11;4;10;5;5;0;5;6;0;23;1.2048280873130806;21;-5.2325273021372025;6;4;12;2;2;6;4;3;3;3;3;4;10;2;1;5;3;1;1;0;25;7;1.9190724893563447;5;22;-5.930837807493925;4;4;7;-6.340893743269291;0;6;3;5;0;18;20;0.077274556848615;1;5;4;1;11;23;0.9859844175321946;5;4;0;24;11;6;10;5;3;6;6;3;0;1;0;15;19;4;17;5;5;22;-5.56749401675551
TRACK:267;255;-1;2;2;5;2;5;6;6;6;4;6;7;-4.695395869392454;3;2;2;5;20;9.557565766493047;3;11;4;6;11;1;6;5;0;3;5;5;6;19;0;5;2;5;9;6;16;5;2;1;23;2.894075546907217;21;-0.9343273823720495;2;17;18;0;0;1;3;1;6;6;12;0;2;22;9.020582223572184;14;6;12;4;6;0;5;11;0;12;8;0;10;3;6;2;0;9;11;4;10;5;5;0;5;6;0;23;1.0907345538110753;21;-5.326525487116985;6;4;12;2;2;6;4;3;3;2;2;5;20;9.632191362714835;3;11;4;6;11;2;1;5;3;1;1;0;25;7;1.6695419964800273;5;22;-5.771529362930466;4;4;7;-6.616661481385498;0;6;3;5;0;18;20;-0.05571765994310922;1;5;4;1;11;23;1.2162850647856325;5;4;0;24;11;6;10;5;3;6;3;3;3;0;0;24;24;1;11;14
TRACK:268;257;-1;2;2;5;2;5;6;6;6;4;6;7;-4.629625228509003;2;4;2;5;1;25;21;-1.014246905233319;1;3;6;7;6.417769350584039;6;4;10;6;1;1;5;1;13;8;1;5;20;-9.591709882820595;4;17;1;5;4;7;-4.990042413128045;0;0;22;-4.2381865439173145;17;3;13;1;6;5;0;3;5;5;6;19;0;5;2;5;9;6;16;5;2;1;25;21;-1.3659444258045537;2;17;18;0;0;1;3;1;6;6;12;0;2;22;9.12358288939489;14;6;12;4;6;0;5;11;0;12;8;0;0;22;-4.116310485202227;17;3;13;5;5;0;5;6;0;23;0.9557449575081893;21;-5.299957564169001;6;4;12;2;2;6;4;3;3;2;2;5;20;9.523772585417008;3;11;4;6;11;2;1;5;3;1;1;0;25;7;1.6989151937557452;5;22;-5.736817406442165;4;4;7;-6.560027697388809;0;6;3;5;0;18;20;-0.16909032553921044;1;5;4;1;11;23;0.7810161810071629;5;2;5;8;16;6;10;5;3;6;6;3;0;5;5;7;0.28568339069081183;5;5;22;-5.60687906609545
TRACK:269;259;-1;2;2;5;2;5;6;6;6;4;6;7;-4.690829060251624;2;1;11;23;1.0513206345098514;6;1;1;5;1;22;7.655289271820191;8;1;5;20;-9.526009177449884;4;17;1;5;4;7;-4.9185884593034235;0;0;22;-4.017901671932444;17;3;13;1;6;5;0;3;5;4;7;3.4134614239578296;0;5;2;5;9;6;16;5;2;1;25;21;-1.1765482100902092;2;17;18;0;0;1;3;1;6;6;12;0;2;22;9.279291507641254;14;6;12;4;6;0;5;11;0;12;8;0;10;3;6;2;0;9;11;4;10;5;5;0;5;6;0;23;1.1429225353857695;21;-5.166276432755547;6;4;12;2;2;6;4;3;3;2;2;5;20;9.90493584404117;3;11;4;6;11;2;1;5;3;1;1;0;25;7;1.6476247597648122;5;22;-5.52148776531937;4;4;7;-6.50433170701651;0;6;3;5;0;18;20;0.2613055359280331;1;5;4;1;11;23;1.0744651383562003;5;2;8;16;6;10;5;3;6;6;3;0;0;2;11;19;4;12;5;5;22;-5.909262810577472
EVAL_INSTANCE:13:0:260
EVAL_INSTANCE:13:1:261
EVAL_INSTANCE:13:2:262
EVAL_INSTANCE:13:3:263
EVAL_INSTANCE:13:4:264
EVAL_INSTANCE:13:5:265
EVAL_INSTANCE:13:6:266
EVAL_INSTANCE:13:7:267
EVAL_INSTANCE:13:8:268
EVAL_INSTANCE:13:9:269
RUN_RESULT:13:0:0:17:RDDDRRDRDLLDLL
RUN_RESULT:13:1:0:14:DDDRRRDRDLLDLL
RUN_RESULT:13:2:0:16:DDDRRRDRDLLDLL
RUN_RESULT:13:3:0:159:DRRRRLDDDRDLLLDL
RUN_RESULT:13:4:0:2000:----
RUN_RESULT:13:5:0:16:DDDRRRDRDLLDLL
RUN_RESULT:13:6:0:17:RRDRRDRDLLRDL
RUN_RESULT:13:7:0:18:DDDRRRDRDLLDLL
RUN_RESULT:13:8:0:2000:----
RUN_RESULT:13:9:0:17:DDDRRRDRDLLDLL
    14 |      140 | -3.984500E+03 | -3.986000E+03
TRACK:270;225;142;2;2;5;2;5;6;6;6;4;6;7;-4.7047677475471135;2;4;2;5;4;1;22;7.77255696479857;8;1;3;6;7;6.544941132918435;6;4;10;6;17;1;6;5;0;3;5;4;7;3.4978059543230433;0;5;2;5;9;6;16;5;2;1;25;21;-1.1918521564001368;2;17;18;0;0;1;3;1;6;6;12;0;2;22;9.164104048430184;14;6;12;4;6;0;5;11;0;12;8;0;10;3;6;2;0;9;11;4;10;5;5;0;5;6;0;23;1.0676236910424919;21;-5.070223388596861;6;4;12;2;2;6;4;3;3;2;2;5;20;9.750379070737957;3;11;4;6;11;2;1;5;3;1;1;0;25;7;1.7011540958180997;5;22;-5.636666133885308;4;4;7;-6.610753917545339;0;6;3;5;0;18;20;-0.04828251616689358;1;5;4;1;11;23;0.9867934100467373;5;2;8;16;6;10;5;3;6;6;3;0;1;0;15;19;4;17;5;5;22;-5.820830732619008
TRACK:271;225;142;2;2;5;2;5;6;6;6;4;6;7;-4.60040327079763;2;4;2;5;4;1;22;7.658805218525106;8;1;3;6;7;6.5521751680685485;6;4;10;6;1;1;5;1;13;8;1;5;20;-9.445895189015006;4;17;1;5;4;7;-4.938446471423766;0;0;22;-3.9726259636604344;17;3;13;1;6;5;0;3;5;5;6;19;0;5;2;5;9;6;16;5;2;1;25;21;-1.344432804515533;2;17;18;0;0;1;3;1;6;6;12;0;2;22;9.39808481178591;14;6;12;4;6;0;5;11;0;12;8;0;10;3;6;2;6;12;4;10;5;5;0;5;6;0;23;1.1543589327011528;21;-5.209773095351641;6;4;12;2;2;6;4;3;3;2;2;5;20;9.647188291293215;3;11;4;6;11;2;1;5;3;1;1;0;25;7;1.8047266351251943;5;22;-5.57718879325755;4;4;7;-6.522387094914828;0;6;3;5;0;18;20;0.1434227095871626;1;5;4;1;11;23;1.0167387105832342;5;4;0;24;11;6;10;5;3;6;6;3;0;1;0;15;19;4;17;5;5;22;-5.780461907429556
TRACK:272;261;180;2;2;5;2;5;6;6;6;4;6;7;-4.892847907328929;2;4;6;0;5;11;0;12;8;6;1;1;5;1;22;7.6729218342016825;8;1;5;20;-9.764444907941352;4;17;1;5;4;7;-4.980072997395729;16;1;6;5;0;3;5;4;7;3.352176103077218;0;5;2;5;9;6;16;5;2;1;25;21;-1.2382465471364625;2;17;18;0;0;1;3;1;6;6;12;0;2;22;9.23605698473715;14;6;12;4;6;0;5;11;0;12;8;0;10;3;6;2;0;9;11;4;10;5;5;0;5;6;0;23;1.2761663585556544;21;-5.188504753851686;6;4;12;2;2;6;4;3;3;2;2;5;20;9.841720619057728;3;11;4;6;11;2;1;5;3;1;1;0;25;7;1.7333109892252987;5;22;-5.64150059739066;4;4;7;-6.766101085546054;0;6;3;5;0;18;20;-0.10275575483540775;1;5;4;1;11;23;0.806294626558574;5;2;8;16;6;10;5;3;6;6;3;0;1;0;15;19;4;17;5;5;22;-5.756533220229769
TRACK:273;261;180;2;2;5;2;5;6;6;6;4;6;7;-4.526567258871575;2;4;2;5;4;1;22;7.409294569652859;8;1;3;7;1.3353944396771267;6;4;10;6;1;1;5;1;13;8;1;5;20;-9.329249390655795;4;17;1;5;4;7;-5.0463344821410265;0;0;22;-3.806704764301032;17;3;13;1;6;5;0;3;5;5;6;19;0;5;6;11;5;2;1;25;21;-1.0698765320490113;2;17;18;0;0;1;3;1;6;6;12;0;2;22;9.380627228989317;14;6;12;4;6;0;5;11;0;12;8;0;10;3;6;2;0;12;11;4;10;5;5;0;5;1;15;18;6;4;12;2;2;6;4;3;3;2;2;5;20;9.700601768451351;3;11;4;6;11;2;1;5;3;1;1;0;25;7;2.039334414682798;5;22;-5.48920378627642;4;4;7;-6.61095648343121;0;6;3;5;0;18;20;0.21683931802206735;1;5;4;1;11;23;0.6757259136718946;5;4;0;24;11;6;10;5;3;6;11
TRACK:274;185;248;2;2;5;2;5;6;6;6;4;6;7;-4.682335641324418;2;4;2;5;4;1;22;7.790773569619368;8;1;3;6;7;6.440419658121811;6;4;10;6;1;1;5;1;14;18;1;5;20;-9.426282718692807;4;17;1;5;4;7;-4.953171087653464;16;1;6;5;0;3;5;5;6;19;0;5;2;5;9;6;16;5;2;4;17;2;17;18;0;0;1;3;1;6;6;12;0;2;22;9.42356281516239;14;6;12;4;6;0;5;11;0;12;8;0;10;3;6;2;0;9;11;4;10;5;5;0;5;6;0;23;1.192482436102051;21;-5.1546156271259305;6;4;12;2;2;6;4;3;3;2;2;5;20;9.81974444517261;3;11;4;6;11;2;1;5;3;1;1;0;25;7;1.8847125010533665;5;22;-5.665307524253061;4;4;7;-6.3484549052246075;0;6;3;5;0;18;20;0.20721868958042094;1;5;4;1;11;23;0.9352807547570313;5;4;0;24;11;6;10;5;3;6;6;3;0;1;0;15;19;4;17;5;5;22;-5.7774196946883976
TRACK:275;185;248;2;2;5;2;5;6;6;6;4;6;7;-4.641315848558286;2;4;2;5;1;25;21;-1.0647638258110692;1;3;6;7;6.535847729214875;6;4;10;6;1;1;5;1;13;8;1;5;20;-9.555325562641984;4;17;1;5;4;7;-5.137352621741;0;0;22;-4.246092310512908;17;3;13;1;6;5;0;3;5;5;6;19;0;5;2;5;9;6;16;5;2;1;25;21;-1.3408166378460666;2;17;18;0;10;5;5;0;5;6;0;23;1.0644973731344907;21;-5.189351193748295;6;4;12;2;2;6;4;3;3;2;2;5;20;9.603886725625934;3;11;4;6;11;2;1;5;3;1;1;0;25;7;1.5979135071214967;5;22;-5.700301120980886;4;4;7;-6.549667718313248;0;6;3;5;0;18;20;-0.042356344465960497;1;5;4;1;11;23;0.9993861420758444;5;2;5;8;16;6;10;5;3;6;6;3;0;1;0;15;19;4;17;5;5;22;-5.654428247754605
TRACK:276;164;225;2;2;5;2;5;6;6;6;4;6;7;-4.577272326067113;2;4;2;5;4;1;22;7.525889040892787;8;1;3;7;1.2876396666144434;6;4;10;6;1;1;5;1;13;8;1;5;20;-9.299131626629727;4;17;1;5;4;7;-5.027809340107719;0;0;22;-3.8257919649392105;17;3;13;1;6;5;0;3;5;5;6;19;0;5;2;5;9;6;16;5;2;1;25;21;-1.2237868751802852;2;17;10;0;0;1;3;1;6;6;12;0;2;22;9.442533797904424;14;6;12;4;6;0;5;11;0;12;8;0;10;3;6;2;0;9;11;4;10;5;5;0;5;1;15;18;6;4;12;2;2;6;4;3;3;2;2;5;20;9.683521394663961;3;11;4;6;11;2;1;5;3;1;1;0;25;7;1.8652227122895884;5;22;-5.483606454267551;4;4;7;-6.5427300137745075;0;6;3;5;0;18;20;0.2703398862515664;1;5;4;1;11;23;0.8548857803977805;5;4;0;24;11;6;10;5;3;6;6;3;0;1;0;15;19;4;17;5;5;22;-5.846191253757162
TRACK:277;164;225;2;2;5;2;5;6;6;6;4;6;7;-4.7047677475471135;2;4;2;5;4;1;22;7.77255696479857;8;1;3;6;7;6.544941132918435;6;4;10;6;1;1;5;1;22;7.701981371008349;8;1;5;20;-9.699720975134303;4;17;1;5;4;7;-5.034859634217442;0;0;22;-4.158738871657775;17;3;13;5;22;-5.846191253757162;2;2;6;4;3;3;2;2;5;20;9.750379070737957;3;11;4;6;11;2;1;5;3;1;1;0;25;7;1.7011540958180997;5;22;-5.636666133885308;4;4;7;-6.610753917545339;0;6;3;5;0;18;20;-0.04828251616689358;1;5;4;1;11;23;0.9867934100467373;5;2;8;16;6;10;5;3;6;6;3;0;1;0;15;19;4;17;5;5;22;-5.820830732619008
TRACK:278;185;261;2;2;5;2;5;6;6;6;4;6;7;-4.682335641324418;2;4;2;5;4;1;22;7.790773569619368;8;1;3;6;7;6.440419658121811;6;4;10;6;1;1;5;1;14;18;1;5;20;-9.426282718692807;4;17;1;5;4;7;-4.953171087653464;0;0;22;-3.9966910966820035;17;3;13;1;6;5;0;3;5;5;6;19;0;5;2;5;9;6;16;5;2;4;17;2;17;18;0;0;1;3;1;6;6;12;0;2;22;9.42356281516239;14;6;12;4;6;0;5;11;0;12;8;0;10;3;6;2;0;9;11;4;10;5;5;0;5;6;0;23;1.192482436102051;21;-5.1546156271259305;6;4;12;2;2;6;4;3;3;2;2;5;20;9.81974444517261;3;11;4;6;11;2;1;5;3;1;1;0;25;7;1.8847125010533665;5;22;-5.665307524253061;4;4;7;-6.3484549052246075;0;8;1;5;4;1;11;23;0.9352807547570313;5;4;0;24;11;6;10;5;3;6;6;3;0;1;0;15;19;4;17;5;5;22;-5.7774196946883976
TRACK:279;185;261;2;2;5;2;5;6;6;6;4;6;7;-4.892847907328929;2;4;2;5;4;1;22;7.7939755663801025;8;1;3;6;7;6.45019809254974;6;4;10;6;1;1;5;1;22;7.6729218342016825;8;1;5;20;-9.764444907941352;4;17;1;5;4;7;-4.980072997395729;16;1;6;5;0;3;5;4;7;3.352176103077218;0;5;2;5;9;6;16;5;2;1;25;21;-1.2382465471364625;2;17;18;0;0;1;3;1;6;6;12;0;2;22;9.23605698473715;14;6;12;4;0;25;7;1.8847125010533665;0;10;3;6;2;0;9;11;4;10;5;5;0;5;6;0;23;1.2761663585556544;21;-5.188504753851686;6;4;12;2;2;6;4;3;3;2;2;5;20;9.841720619057728;3;11;4;6;11;2;1;5;3;1;1;0;25;7;1.7333109892252987;5;22;-5.64150059739066;4;4;7;-6.766101085546054;0;6;3;5;0;18;20;-0.10275575483540775;1;5;4;1;11;23;0.806294626558574;5;2;8;16;6;10;5;3;6;6;3;0;1;0;15;19;4;17;5;5;22;-5.756533220229769
TRACK:280;270;-1;2;2;5;2;5;6;6;6;4;6;7;-4.721496564164711;2;4;2;5;4;1;22;7.736644546237317;8;1;3;6;7;6.574634641212252;6;4;10;6;17;1;6;5;0;3;5;4;7;3.306857659612369;0;5;2;5;9;6;16;5;2;1;25;21;-1.1269773125084361;2;17;18;0;0;1;3;1;6;6;12;0;2;22;9.150940430405496;14;6;12;4;6;0;5;11;0;12;8;0;10;3;6;2;0;9;11;4;10;5;5;0;5;6;0;23;1.043539192971581;21;-5.059538689013283;6;4;12;2;2;6;4;3;3;2;2;5;20;9.849702343809904;3;11;4;6;11;2;1;5;3;1;1;2;24;23;5.775077165330973;3;12;4;4;7;-6.533221628079773;0;6;3;5;0;18;20;-0.06446084394539324;1;5;4;1;11;23;1.0245579035629242;5;2;8;16;6;10;5;3;6;6;3;0;1;0;15;19;4;17;5;5;22;-5.703713760551443
TRACK:281;272;-1;2;2;5;2;5;6;6;6;4;6;7;-5.1110347108167655;2;4;6;0;5;11;0;12;8;6;1;1;5;1;22;7.8471790472759135;8;1;5;20;-9.83268283039139;4;17;1;5;4;7;-4.934829378961525;16;1;6;5;0;3;5;4;7;3.4405544464344273;0;5;2;5;9;6;16;5;2;1;25;21;-1.0569987620177357;6;12;0;0;1;3;1;6;6;12;0;2;22;9.310798998555624;14;6;12;4;6;0;5;11;0;12;8;0;10;3;6;2;0;9;11;4;10;5;5;0;5;6;0;23;1.2331171893318822;21;-5.156669008742058;6;4;12;2;2;6;4;3;3;2;2;5;20;9.87611155428766;3;11;4;6;11;2;1;5;3;1;1;0;25;7;1.8391315166836417;5;22;-5.738282293792524;4;4;7;-6.617611631839262;0;6;3;5;0;18;20;-0.1467974727756695;1;5;4;1;11;23;0.8124545655317822;5;2;8;16;6;10;5;3;6;6;3;0;1;0;15;19;4;17;5;5;22;-5.717115471149701
TRACK:282;274;-1;2;2;5;2;5;6;6;6;4;6;7;-4.601649565792027;2;4;2;5;4;1;22;7.744355539003727;8;1;3;6;7;6.403363425814878;6;4;10;6;1;1;5;1;14;18;1;5;20;-9.558742494151074;4;17;1;5;4;7;-5.08083104797736;16;1;6;5;0;3;5;5;6;19;0;5;2;5;9;6;16;5;2;4;17;2;17;18;6;3;3;5;6;3;23;8.275482917667915;2;2;6;4;3;3;2;2;5;20;9.688787160739672;3;11;4;6;11;2;1;5;3;1;1;0;25;7;1.8903138793555954;5;22;-5.640864782131838;4;4;7;-6.386008344699437;0;6;3;5;0;18;20;0.20390658830279915;1;5;4;1;11;23;0.9348338586275301;5;4;0;24;11;6;10;5;3;6;6;3;0;1;0;15;19;4;17;5;5;22;-5.853003698936684
TRACK:283;276;-1;2;2;5;2;5;6;6;6;4;6;7;-4.431855683086644;2;4;2;5;4;1;22;7.636160453588193;8;1;3;7;1.173686117954952;6;4;10;6;1;1;5;1;13;8;1;5;20;-9.217092586731304;4;17;1;5;4;7;-5.112636599128039;3;5;21;-7.266786183055971;1;6;5;0;3;5;5;6;19;0;5;2;5;9;6;16;5;2;1;25;21;-0.9633355605872245;2;17;10;0;0;1;3;1;6;6;12;0;2;22;9.566776291700457;14;6;12;4;6;0;5;11;0;12;8;0;10;3;6;2;0;9;11;4;10;5;5;0;5;1;15;18;6;4;12;2;2;6;4;3;3;2;2;5;20;9.751196788403108;3;11;4;6;11;2;1;5;3;1;1;0;25;7;1.7955346274198456;5;22;-5.428465475518925;4;4;7;-6.47005177897986;0;6;3;5;0;18;20;0.5025575551069665;1;5;4;1;11;23;0.8423251855768299;5;4;0;24;11;6;10;5;3;6;6;3;0;1;0;15;19;4;17;5;5;22;-5.6439057029611925
TRACK:284;278;-1;2;2;5;2;5;6;6;6;4;6;7;-4.558123694451223;2;4;2;5;4;1;22;7.833981757868537;8;1;3;6;7;6.389983148492635;6;4;10;6;1;1;5;1;14;18;1;5;20;-9.274152137144833;4;17;1;5;4;7;-5.076221716062003;0;0;22;-3.8886663692699024;17;3;13;1;6;5;0;3;5;5;6;19;0;5;2;5;9;6;16;5;2;4;17;2;17;18;0;0;1;3;1;6;6;12;0;2;22;9.566457329591769;14;6;12;4;6;0;5;11;0;12;8;0;10;3;6;2;6;25;4;10;5;5;0;5;6;0;23;1.2115053346968134;21;-5.105381964108108;6;4;12;2;2;6;4;3;3;2;2;5;20;9.825625907139848;3;11;4;6;11;2;1;5;3;1;1;0;25;7;1.8813536310322834;5;22;-5.643738747334719;4;4;7;-6.4722229588857365;0;8;1;5;4;1;11;23;0.9623102042909335;5;4;0;24;11;6;10;5;3;6;6;3;0;1;0;15;19;4;17;5;5;22;-5.714219129253451
TRACK:285;271;-1;2;2;5;2;5;6;6;6;4;6;7;-4.536447208284668;2;4;2;5;4;1;22;7.770247654387997;8;1;3;6;7;6.483321546595251;6;4;10;6;1;1;5;1;13;8;1;5;20;-9.450784164186523;4;17;1;5;4;7;-4.937854690506517;0;0;22;-3.9270135559385855;17;3;13;1;6;5;0;3;5;5;6;19;0;5;2;2;14;14;6;16;5;2;1;25;21;-1.1255081633360424;2;17;18;0;0;1;3;1;6;6;12;0;2;22;9.429191520868722;14;6;12;4;6;0;5;11;0;12;8;0;10;3;6;2;6;12;4;10;5;5;0;5;6;0;23;1.211012603836427;21;-5.226108836632826;6;4;12;2;2;6;4;3;3;2;2;5;20;9.51875087602371;3;11;4;6;11;2;1;5;3;1;1;0;25;7;1.7070156166277308;5;22;-5.703864187745995;4;4;7;-6.694034639670487;0;6;3;5;0;18;20;-0.08493470404879966;1;5;4;1;11;23;1.0414518298135986;5;4;0;24;11;6;10;5;3;6;6;3;0;1;0;15;19;4;17;5;5;22;-5.666879313201223
TRACK:286;273;-1;2;2;5;2;5;6;6;6;4;6;7;-4.536812435624924;2;4;2;5;4;1;22;7.353640120972977;8;1;3;7;1.2622798234728232;6;4;10;6;1;1;5;1;13;8;1;5;20;-9.185500239245656;4;17;1;5;4;7;-4.863923937060665;0;0;22;-3.795922504675442;17;3;13;1;6;5;0;3;5;5;6;19;0;5;6;11;5;2;1;25;21;-1.073973611945741;2;17;18;0;0;1;3;1;6;6;12;0;2;22;9.248840657045722;14;6;12;4;6;0;5;11;0;12;8;0;10;3;6;2;0;12;11;4;10;5;5;0;5;1;15;18;6;4;12;2;2;6;4;3;3;2;2;5;20;9.708770468381775;3;11;4;6;11;2;1;5;3;1;1;0;25;7;1.890359713564558;5;22;-5.534237178802835;4;4;7;-6.755134685560874;0;6;3;5;0;18;20;0.2918309390475649;1;5;4;1;11;23;0.5534304453745945;5;4;0;24;11;6;10;5;3;6;11
TRACK:287;275;-1;2;2;5;2;5;6;6;6;4;6;7;-4.704283939391974;2;4;2;5;1;25;21;-0.9478267431606764;1;3;6;7;6.463395742891497;6;4;10;6;1;1;5;1;13;8;1;5;20;-9.648326208827688;4;17;1;5;4;7;-4.962982126236784;0;0;22;-4.287171196412665;17;3;13;1;6;5;0;3;5;5;6;19;0;5;2;5;9;6;16;5;2;1;25;21;-1.4120262619115405;2;17;18;0;10;5;5;0;5;6;0;23;1.0870449165205442;21;-5.364505469547606;6;4;12;2;2;6;4;3;3;2;2;5;20;9.63058818404866;3;11;4;6;11;2;1;5;3;1;1;0;25;7;1.8111685091940921;5;22;-5.844511661675611;4;4;7;-6.474340751923182;0;6;3;5;0;18;20;-0.15177596510018004;1;5;4;1;11;23;1.002743963850223;5;2;5;8;16;6;10;5;3;6;6;3;0;1;0;15;19;4;9;5;5;22;-5.546686295120984
TRACK:288;277;-1;2;2;5;2;5;6;6;6;4;6;7;-4.555942380471001;2;4;2;5;4;1;22;7.733431198016374;8;1;3;6;7;6.628547385429673;6;4;10;6;1;1;5;1;22;7.85625423257855;8;1;5;20;-9.62774158385812;4;17;1;5;4;7;-4.876063353101006;0;0;22;-4.229623184107114;17;3;13;5;22;-5.896799634581867;2;2;6;4;3;3;2;2;5;20;9.72734718486914;3;11;4;6;7;6.991615345042121;2;1;5;3;1;1;0;25;7;1.7390725963174782;5;22;-5.618550476432106;4;4;7;-6.547234199193707;0;6;3;5;0;18;20;0.143597298101467;1;5;4;1;11;23;1.17916162810954;5;2;8;16;6;10;5;3;6;6;3;0;1;0;15;19;4;17;5;5;22;-5.696586136616837
TRACK:289;279;-1;2;2;5;2;5;6;6;6;4;6;7;-4.8375979290238345;2;4;2;5;4;1;22;7.889268148467574;8;1;3;6;7;6.470167566506658;6;4;10;6;1;1;5;1;22;7.5995626108073;8;1;5;20;-9.624793300198656;4;17;1;5;4;7;-4.810308616688776;16;1;6;5;0;3;5;4;7;3.384625909895912;0;5;2;5;9;6;16;5;2;1;25;21;-1.3476335455594393;2;17;18;0;0;1;3;1;6;6;12;0;2;22;9.251292006849173;14;6;12;4;0;25;7;2.003007723797302;0;10;3;6;2;0;9;11;4;10;5;5;0;5;6;0;23;1.196590586375913;21;-5.0999385224021925;6;4;12;2;2;6;4;3;3;2;2;5;20;9.767416731758285;3;11;4;6;11;2;1;5;3;1;1;0;25;7;1.8103587708757076;5;22;-5.7908879256265084;5;25;0;6;3;5;0;18;20;-0.20680330257644003;1;5;4;1;11;23;0.8392175452789228;5;2;8;16;6;10;5;3;6;6;3;0;1;0;15;19;4;17;5;5;22;-5.8616281931136855
EVAL_INSTANCE:14:0:280
EVAL_INSTANCE:14:1:281
EVAL_INSTANCE:14:2:282
EVAL_INSTANCE:14:3:283
EVAL_INSTANCE:14:4:284
EVAL_INSTANCE:14:5:285
EVAL_INSTANCE:14:6:286
EVAL_INSTANCE:14:7:287
EVAL_INSTANCE:14:8:288
EVAL_INSTANCE:14:9:289
RUN_RESULT:14:0:0:14:DDDRRRDRDLLDLL
RUN_RESULT:14:1:0:16:DDDRRRDRDLLDLL
RUN_RESULT:14:2:0:2000:----
RUN_RESULT:14:3:0:16:DDDRRRDRDLLDLL
RUN_RESULT:14:4:0:16:DDDRRRDRDLLDLL
RUN_RESULT:14:5:0:14:DDDRRRDRDLLDLL
RUN_RESULT:14:6:0:21:DDDRRRDRDLLLDL
RUN_RESULT:14:7:0:15:RDDDRRDRDLLDLL
RUN_RESULT:14:8:0:2000:----
RUN_RESULT:14:9:0:2000:----
    15 |      150 | -3.985000E+03 | -3.986000E+03
TRACK:290;225;248;2;2;5;2;5;6;6;6;4;6;7;-4.7047677475471135;2;4;2;5;4;1;22;7.77255696479857;8;1;3;6;7;6.544941132918435;6;4;10;6;1;1;5;1;22;7.701981371008349;8;1;5;20;-9.699720975134303;4;17;1;5;4;7;-5.034859634217442;0;0;22;-4.158738871657775;17;3;13;1;6;5;0;3;5;4;7;3.4978059543230433;0;5;2;5;9;6;16;5;2;1;25;21;-1.1918521564001368;2;17;18;0;0;1;3;1;6;6;12;0;2;22;9.164104048430184;14;6;12;4;6;0;5;11;0;12;8;0;10;3;6;2;0;9;11;4;10;5;5;0;5;6;0;23;1.0676236910424919;21;-5.070223388596861;6;4;12;2;2;6;4;3;3;2;2;5;20;9.750379070737957;3;11;4;6;11;2;1;5;3;1;1;0;25;7;1.7011540958180997;5;22;-5.636666133885308;4;17;0;6;3;5;0;18;20;-0.04828251616689358;1;5;4;1;11;23;0.9867934100467373;5;2;8;16;6;10;5;3;6;6;3;0;1;0;15;19;4;17;5;5;22;-5.820830732619008
TRACK:291;225;248;2;2;5;2;5;6;6;6;4;6;7;-4.641315848558286;2;4;2;5;1;25;7;6.544941132918435;1;3;6;7;6.535847729214875;6;4;10;6;1;1;5;1;13;8;1;5;20;-9.555325562641984;4;17;1;5;4;7;-5.137352621741;0;0;22;-4.246092310512908;17;3;13;1;6;5;0;3;5;5;6;19;0;5;2;5;9;6;16;5;2;1;25;21;-1.3408166378460666;2;17;18;0;0;1;3;1;6;6;12;0;2;22;9.098559436842372;14;6;12;4;6;0;5;11;0;12;8;0;10;3;6;2;0;9;11;4;10;5;5;0;5;6;0;23;1.0644973731344907;21;-5.189351193748295;6;4;12;2;2;6;4;3;3;2;2;5;20;9.603886725625934;3;11;4;6;11;2;1;5;3;1;1;0;25;7;1.5979135071214967;5;22;-5.700301120980886;4;4;7;-6.549667718313248;0;6;3;5;0;18;20;-0.042356344465960497;1;5;4;1;11;23;0.9993861420758444;5;2;5;8;16;6;10;5;3;6;6;3;0;1;0;15;19;4;17;5;5;22;-5.654428247754605
TRACK:292;280;261;2;2;5;2;5;6;6;6;4;6;7;-4.721496564164711;2;4;2;5;4;1;22;7.736644546237317;8;1;3;6;7;6.574634641212252;6;4;10;6;17;1;6;5;0;3;5;4;7;3.306857659612369;0;5;2;5;9;6;16;5;2;1;25;21;-1.1269773125084361;2;17;18;0;0;1;3;1;6;6;12;0;2;22;9.150940430405496;14;6;12;4;6;0;5;11;0;12;8;0;10;3;6;2;12;4;10;5;5;0;5;6;0;23;1.043539192971581;21;-5.059538689013283;6;4;12;2;2;6;4;3;3;2;2;5;20;9.849702343809904;3;11;4;6;11;2;1;5;3;1;1;2;24;23;5.775077165330973;3;12;4;4;7;-6.533221628079773;0;6;3;5;0;18;20;-0.06446084394539324;1;5;4;1;11;23;1.0245579035629242;5;2;8;16;6;10;5;3;6;6;3;0;1;0;15;19;4;17;5;5;22;-5.703713760551443
TRACK:293;280;261;2;2;5;2;5;6;6;6;4;6;7;-4.892847907328929;2;4;2;5;4;1;22;7.7939755663801025;8;1;3;6;7;6.45019809254974;6;4;10;6;1;1;5;1;22;7.6729218342016825;8;1;5;20;-9.764444907941352;4;17;1;5;4;7;-4.980072997395729;16;1;6;5;0;3;5;4;7;3.352176103077218;0;5;2;5;9;6;16;5;2;1;25;21;-1.2382465471364625;2;17;18;0;0;1;3;1;6;6;12;0;2;22;9.23605698473715;7;-6.533221628079773;6;12;4;6;0;5;11;0;12;8;0;10;3;6;2;0;9;11;4;10;5;5;0;5;6;0;23;1.2761663585556544;21;-5.188504753851686;6;4;12;2;2;6;4;3;3;2;2;5;20;9.841720619057728;3;11;4;6;11;2;1;5;3;1;1;0;25;7;1.7333109892252987;5;22;-5.64150059739066;4;4;7;-6.766101085546054;0;6;3;5;0;18;20;-0.10275575483540775;1;5;4;1;11;23;0.806294626558574;5;2;8;16;6;10;5;3;6;6;3;0;1;0;15;19;4;17;5;5;22;-5.756533220229769
TRACK:294;285;261;2;2;5;2;5;6;6;6;4;6;7;-4.536447208284668;2;4;2;5;4;1;22;7.770247654387997;8;1;3;6;14;6;4;10;6;1;1;5;1;13;8;1;5;20;-9.450784164186523;4;17;1;5;4;7;-4.937854690506517;0;0;22;-3.9270135559385855;17;3;13;1;6;5;0;3;5;5;6;19;0;5;2;2;14;14;6;16;5;2;1;25;21;-1.1255081633360424;2;17;18;0;0;1;3;1;6;6;12;0;2;22;9.429191520868722;14;6;12;4;6;0;5;11;0;12;8;0;10;3;6;2;6;12;4;10;5;5;0;5;6;0;23;1.211012603836427;21;-5.226108836632826;6;4;12;2;2;6;4;3;3;2;2;5;20;9.51875087602371;3;11;4;6;11;2;1;5;3;1;1;0;25;7;1.7070156166277308;5;22;-5.703864187745995;4;4;7;-6.694034639670487;0;6;3;5;0;18;20;-0.08493470404879966;1;5;4;1;11;23;1.0414518298135986;5;4;0;24;11;6;10;5;3;6;6;3;0;1;0;15;19;4;17;5;5;22;-5.666879313201223
TRACK:295;285;261;2;2;5;2;5;6;6;6;4;6;7;-4.892847907328929;2;4;2;5;4;1;22;7.7939755663801025;8;1;3;6;7;6.45019809254974;6;4;10;6;1;1;5;1;22;7.6729218342016825;8;1;5;20;-9.764444907941352;4;17;1;5;4;7;-4.980072997395729;16;1;6;5;0;3;5;4;7;3.352176103077218;0;5;2;5;9;6;16;5;2;1;25;21;-1.2382465471364625;2;17;18;0;0;1;3;1;6;6;12;0;2;22;9.23605698473715;14;6;12;4;6;0;5;11;0;12;8;0;10;3;6;2;0;9;11;4;10;5;5;0;5;6;0;23;1.2761663585556544;21;-5.188504753851686;6;4;12;2;2;6;4;3;3;2;2;5;20;9.841720619057728;3;11;4;6;11;2;1;5;3;1;1;0;25;7;1.7333109892252987;5;22;-3.9270135559385855;4;4;7;-6.766101085546054;0;6;3;5;0;18;20;-0.10275575483540775;1;5;4;1;11;23;0.806294626558574;5;2;8;16;6;10;5;3;6;6;3;0;1;0;15;19;4;17;5;5;22;-5.756533220229769
TRACK:296;285;248;2;2;5;2;5;6;6;6;4;6;7;-4.536447208284668;2;4;2;5;4;1;22;7.770247654387997;8;1;3;6;7;6.483321546595251;6;4;10;6;1;1;5;1;13;8;1;5;20;-9.450784164186523;4;17;1;5;4;7;-4.937854690506517;0;0;22;-3.9270135559385855;17;3;13;1;6;5;0;3;5;5;6;19;0;5;2;2;14;14;6;16;5;2;1;25;21;-1.1255081633360424;2;17;18;0;0;1;3;1;6;6;12;0;2;22;9.429191520868722;14;6;12;4;6;0;5;11;0;12;8;0;10;3;6;2;6;12;4;10;5;5;0;5;6;0;23;1.211012603836427;21;-5.226108836632826;6;4;12;2;2;6;4;3;3;2;2;5;20;9.51875087602371;3;11;4;6;11;2;1;5;3;1;1;0;25;7;1.7070156166277308;5;22;-5.703864187745995;4;4;7;-6.694034639670487;0;6;3;5;0;18;20;-0.08493470404879966;1;5;4;1;11;23;1.0414518298135986;5;4;0;24;11;6;0;12;8;5;3;6;6;3;0;1;0;15;19;4;17;5;5;22;-5.666879313201223
TRACK:297;285;248;2;2;5;2;5;6;6;6;4;6;7;-4.641315848558286;2;4;2;5;1;25;21;-1.0647638258110692;1;3;6;7;6.535847729214875;6;4;10;6;1;1;5;1;13;8;1;5;20;-9.555325562641984;4;17;1;5;4;7;-5.137352621741;0;0;22;-4.246092310512908;17;3;13;1;6;5;0;3;5;5;6;19;0;5;2;5;9;6;16;5;2;1;25;21;-1.3408166378460666;2;17;18;0;0;1;3;1;6;6;12;0;2;22;9.098559436842372;14;6;12;4;6;0;5;11;0;12;8;0;10;3;6;2;0;9;11;4;10;5;5;0;5;6;0;23;1.0644973731344907;21;-5.189351193748295;6;4;12;2;2;6;4;3;3;2;2;25;3;11;4;6;11;2;1;5;3;1;1;0;25;7;1.5979135071214967;5;22;-5.700301120980886;4;4;7;-6.549667718313248;0;6;3;5;0;18;20;-0.042356344465960497;1;5;4;1;11;23;0.9993861420758444;5;2;5;8;16;6;10;5;3;6;6;3;0;1;0;15;19;4;17;5;5;22;-5.654428247754605
TRACK:298;280;225;2;2;5;2;5;6;6;6;4;6;7;-4.721496564164711;2;4;2;5;4;1;22;7.736644546237317;8;1;3;6;7;6.574634641212252;6;4;10;6;17;1;6;5;0;3;5;4;7;3.306857659612369;0;5;2;5;9;6;16;5;2;1;25;21;-1.1269773125084361;2;17;18;0;0;1;3;1;6;6;12;0;2;22;9.150940430405496;14;6;12;4;6;0;5;11;0;12;8;0;10;3;6;2;0;9;11;4;10;5;5;0;5;6;0;23;1.043539192971581;21;-5.059538689013283;6;4;12;2;2;6;4;3;3;2;2;5;20;9.849702343809904;3;11;4;6;11;2;1;5;3;1;1;2;24;23;5.775077165330973;3;12;4;4;7;-6.533221628079773;0;6;3;5;0;18;20;-0.06446084394539324;1;5;4;1;11;23;1.0245579035629242;5;2;8;16;6;6;7;6.544941132918435;5;3;6;6;3;0;1;0;15;19;4;17;5;5;22;-5.703713760551443
TRACK:299;280;225;2;2;5;2;5;6;6;6;4;6;7;-4.7047677475471135;2;4;2;5;4;1;22;7.77255696479857;8;1;3;6;7;6.544941132918435;6;4;10;6;1;1;5;1;22;7.701981371008349;8;1;5;20;-9.699720975134303;4;17;1;5;4;7;-5.034859634217442;0;0;22;-4.158738871657775;17;3;13;1;6;5;0;3;5;4;7;3.4978059543230433;0;5;2;5;9;6;16;5;2;1;25;21;-1.1918521564001368;2;17;18;0;0;1;3;1;6;6;12;0;2;22;9.164104048430184;14;6;12;4;6;0;5;11;0;14;8;0;10;3;6;2;0;9;11;4;10;5;5;0;5;6;0;23;1.0676236910424919;21;-5.070223388596861;6;4;12;2;2;6;4;3;3;2;2;5;20;9.750379070737957;3;11;4;6;11;2;1;5;3;1;1;0;25;7;1.7011540958180997;5;22;-5.636666133885308;4;4;7;-6.610753917545339;0;6;3;5;0;18;20;-0.04828251616689358;1;5;4;1;11;23;0.9867934100467373;5;2;8;16;6;10;5;3;6;6;3;0;1;0;15;19;4;17;5;5;22;-5.820830732619008
TRACK:300;290;-1;2;2;5;2;5;6;6;6;4;6;7;-4.61567204105558;2;4;2;5;4;1;22;7.803575723386553;8;1;3;6;7;6.483136374966573;6;4;10;6;1;1;5;1;22;7.93293714302369;8;1;5;20;-9.81053357839089;4;17;1;5;4;7;-5.092195853902624;0;0;22;-4.241343923140205;17;3;13;1;6;5;0;3;5;4;7;3.5769592828335073;0;5;2;5;9;6;16;5;2;1;25;21;-1.2137455467439;2;17;18;0;0;1;3;1;6;6;12;0;2;22;9.173360685238094;14;6;12;4;6;0;5;11;0;12;8;0;10;3;6;2;0;9;11;4;10;5;5;0;5;6;0;23;0.9573280611244976;21;-5.197940145972911;6;4;12;2;2;6;4;3;3;2;2;5;20;9.78391617521037;0;17;19;4;6;11;2;1;5;3;1;1;0;25;7;1.7187627661462135;5;22;-5.466544033666844;4;17;0;6;3;5;0;18;20;-0.1504812292286572;1;5;4;1;11;23;1.0717579799512187;5;2;8;16;6;10;5;3;6;6;3;0;1;0;15;19;4;17;5;5;22;-5.886769371600571
TRACK:301;280;-1;2;2;5;2;5;6;6;6;4;6;7;-4.686238652954311;2;4;2;5;4;1;22;7.679070466657394;8;1;3;6;7;6.6538694750227005;6;4;10;6;17;1;6;5;0;3;5;4;7;3.2596921737568922;0;5;2;5;9;6;16;5;2;1;25;21;-1.0347743574851778;2;17;18;0;0;1;3;1;6;6;12;0;2;12;14;6;12;4;6;0;5;11;0;12;8;0;10;3;6;2;0;9;11;4;10;5;5;0;5;6;0;23;1.070799972667482;21;-5.072183481308779;6;4;12;2;2;6;4;3;3;2;2;5;20;9.768560605509096;3;11;4;6;11;2;1;5;3;1;1;2;24;23;5.637226970309687;3;12;4;4;7;-6.471417115981413;0;6;3;5;0;18;20;0.013157567734939452;1;5;4;1;11;23;0.9188464573735614;5;2;8;16;6;10;5;3;6;6;3;0;1;0;15;19;4;17;5;5;22;-5.7573435533951205
TRACK:302;294;-1;2;2;5;2;5;6;6;6;4;6;7;-4.503952535235915;2;4;2;5;4;1;22;7.797952667399094;8;1;3;6;14;6;4;10;6;1;1;5;1;13;8;1;5;20;-9.391813370911471;4;17;1;5;4;7;-4.809614709394883;0;0;22;-3.8220962878787557;17;3;13;1;6;5;0;3;5;5;6;19;0;5;2;2;14;14;6;16;5;2;1;25;21;-1.319202650069395;2;17;18;0;0;1;3;1;6;6;12;0;2;22;9.402971996077012;14;6;12;4;6;0;5;11;0;12;8;0;10;3;6;2;6;12;4;10;5;5;0;5;6;0;23;1.171266834010307;21;-5.342853468012137;6;4;12;2;2;6;4;3;3;2;2;5;20;9.679946920031758;3;11;4;6;11;2;1;5;3;1;1;0;25;11;5;22;-5.7125010637447025;4;4;7;-6.773296617091091;0;6;3;5;0;18;20;-0.04541039290705678;1;5;4;1;11;23;1.001767013468202;5;4;0;24;11;6;10;5;3;6;6;3;0;1;0;15;19;4;17;5;5;22;-5.515464805386863
TRACK:303;285;-1;2;2;5;2;5;6;6;6;4;6;7;-4.589445852404633;2;4;2;5;4;1;22;7.876319129154077;8;1;3;6;7;6.637357747411656;6;4;10;6;1;1;5;1;13;8;1;5;20;-9.454583376268769;4;17;1;5;4;7;-4.9796554272061835;0;0;22;-3.89044087268591;17;3;13;1;6;5;0;3;5;5;6;19;0;5;2;2;14;14;6;16;5;2;1;25;21;-1.1396567856090514;2;17;18;0;0;1;3;1;6;6;12;0;2;22;9.521100472708588;14;6;12;4;6;0;5;11;0;12;8;0;4;3;16;2;0;22;5.289570455766938;22;-2.5532901665003083;2;14;15;5;5;0;5;6;0;23;1.3869750534948344;21;-5.188451199176155;6;4;12;2;2;6;4;3;3;2;2;5;20;9.732891022603107;3;11;4;6;11;2;1;5;3;1;1;0;25;7;1.721096199428042;5;22;-5.834114175553488;4;4;7;-6.6158617928809225;0;6;3;5;0;18;20;-0.08526242526468955;1;5;4;1;11;23;0.9328687188513018;5;4;0;24;11;6;10;5;3;6;6;3;0;1;0;15;19;4;17;5;5;22;-5.799784229721313
TRACK:304;298;-1;2;2;5;2;5;6;6;6;4;6;7;-4.624340633331655;2;4;2;5;4;1;22;7.8395581548558555;8;1;3;6;7;6.54121680722445;6;4;10;6;17;1;6;5;0;3;5;4;7;3.336431303015694;0;5;6;14;5;2;1;25;21;-1.1656752061800217;2;17;18;0;0;1;3;1;6;6;12;0;2;22;9.016378625924473;14;6;12;4;6;0;5;11;0;12;8;0;10;3;6;2;0;9;11;4;10;5;5;0;5;6;0;23;1.0356443047479698;21;-5.1235155182715735;6;4;12;2;2;6;4;3;3;2;2;5;20;10.0;3;11;4;6;11;2;1;5;3;1;1;2;24;23;5.691240728820444;3;12;4;4;7;-6.612021186803766;0;6;3;5;0;18;20;-0.0918148781490607;1;5;4;1;11;23;1.0631210713197268;5;2;8;16;6;6;7;6.500643973302967;5;3;6;6;3;0;1;0;15;19;4;17;5;5;22;-5.599164342941934
TRACK:305;291;-1;2;2;5;2;5;6;6;6;4;6;7;-4.677068553700689;2;4;3;2;1;25;21;9.00495427741426;1;9;19;6;1;1;5;1;13;8;1;5;20;-9.518229835333578;4;17;1;5;4;7;-5.104517520315147;0;0;22;-4.353647510682095;17;3;13;1;6;5;0;3;5;5;6;19;0;5;2;5;9;6;16;5;2;1;25;21;-1.2033883231267997;2;17;18;0;0;1;3;1;6;6;12;0;2;22;8.969046816326289;14;6;12;4;6;0;5;11;0;12;8;0;10;3;6;2;0;9;11;4;10;5;5;0;5;6;0;23;1.0995713292303375;21;-5.028667368421421;6;4;12;2;2;6;4;3;3;2;2;5;20;9.659614310115181;3;11;4;6;11;2;1;5;3;1;1;0;25;7;1.6405349802198486;5;22;-5.689804431786006;4;4;7;-6.391676186459217;0;6;3;5;0;18;20;-0.013916062650750412;1;5;4;1;11;23;0.8850154699705786;5;2;5;8;16;6;10;5;3;6;6;3;0;1;0;15;19;4;17;5;5;22;-5.584734937050056
TRACK:306;261;-1;2;2;5;2;5;6;6;6;4;6;7;-4.7972236600023495;2;4;2;5;4;1;22;7.859947305280562;8;1;3;6;7;6.420557705743858;6;4;10;6;1;1;5;1;22;7.61657318059969;8;1;5;20;-9.791044710412043;4;17;1;5;4;7;-5.007185388941101;16;1;6;5;0;3;5;4;6;16;0;5;2;5;9;6;16;5;2;1;25;21;-1.1825725242289031;2;17;18;0;0;1;3;1;6;6;12;0;2;22;9.207397557485763;14;6;12;4;6;0;5;11;0;12;8;0;10;3;6;2;0;9;11;4;10;5;5;0;5;6;0;23;1.2750759266190492;21;-5.243321534618958;6;4;12;2;2;6;4;3;3;2;2;5;20;9.751231690494276;3;11;4;6;11;2;1;5;3;1;1;0;25;7;1.606372630333427;5;22;-5.610809049895014;4;4;7;-6.973544487282967;0;6;3;5;0;18;20;0.15916670317420348;1;5;4;1;11;23;0.9399728326442179;5;2;8;16;6;10;5;3;6;6;3;0;1;0;15;19;4;17;5;5;22;-5.8667486214080915
TRACK:307;295;-1;2;2;5;2;5;6;6;6;4;6;7;-4.778374756357653;2;4;2;5;4;1;22;7.794189941612496;8;1;3;6;7;6.348183744416492;6;4;10;6;1;1;5;1;22;7.734158023910651;8;1;5;20;-9.732823987011592;4;17;1;5;4;7;-5.0522784705515145;16;1;6;5;0;3;5;4;7;3.314978667095584;0;5;2;5;9;6;16;5;2;1;25;21;-1.1721920043609702;2;17;18;0;0;1;3;1;6;6;12;0;2;22;9.222980248389659;14;6;12;4;6;0;5;11;0;12;8;0;10;3;6;2;0;9;11;4;10;5;5;0;5;6;0;23;1.3245235647565505;21;-5.209681980055027;6;4;12;2;2;6;4;3;3;2;2;5;20;9.9811515315992;3;11;4;6;11;2;1;5;3;1;1;0;25;7;1.6911574371360523;5;22;-3.9647501117957153;4;4;7;-6.682696039612702;0;6;3;5;0;18;20;0.09596391664938689;1;5;4;1;11;23;0.8401869671769815;5;2;0;16;12;16;6;10;5;3;6;6;3;0;1;0;15;19;4;17;5;5;22;-5.70840407350171
TRACK:308;248;-1;2;2;5;2;5;6;6;6;4;6;7;-4.766122003602459;2;4;2;5;1;25;21;-1.0507745985095338;1;3;6;7;6.484416528500468;6;4;10;6;1;1;5;1;13;8;1;5;20;-9.677935479780793;4;17;1;5;4;7;-5.306574940360971;0;0;22;-4.440997488088217;17;3;13;1;6;5;0;3;5;5;6;19;0;5;2;5;9;6;16;5;2;1;25;21;-1.3732119799318774;2;17;18;0;0;1;3;1;6;6;12;0;2;22;9.095291195854944;14;6;12;4;6;0;5;11;0;12;8;0;10;3;6;2;0;9;11;4;10;5;5;0;5;6;0;23;1.1621885088456418;21;-5.052114402731715;6;4;12;2;2;6;4;3;3;2;2;5;20;9.6863859409971;3;11;4;6;11;1;19;16;5;3;6;6;3;0;1;0;15;19;4;17;5;5;22;-5.624840435111988
TRACK:309;299;-1;2;2;5;2;5;6;6;6;4;6;7;-4.7831308173509965;2;4;2;5;4;1;22;7.814832579190593;8;1;3;6;7;6.620745066366275;6;4;10;6;1;1;5;1;22;7.614055304995256;8;4;10;1;5;4;7;-4.910297388745974;0;0;22;-4.245174117015225;17;3;13;1;6;5;0;3;5;4;7;3.3224435447426566;0;5;2;5;9;6;16;5;2;1;25;21;-1.3013665884872785;2;17;18;0;0;1;3;1;6;6;12;0;2;22;9.210736324839743;14;6;12;4;6;0;5;11;0;14;8;0;10;3;6;2;0;9;11;4;10;5;5;0;5;6;0;23;0.9993561603917747;21;-4.986509703943104;6;4;12;2;2;6;4;3;3;2;2;5;20;9.771859473127325;3;11;4;6;11;2;1;5;3;1;1;0;25;7;1.7696444094091128;5;22;-5.635132247273459;4;4;7;-6.607809662596436;0;6;3;5;0;18;20;-0.0842914419760207;1;5;4;1;11;23;0.9321647181015225;5;2;8;16;6;10;5;3;6;6;3;0;1;0;15;19;4;17;5;5;22;-5.961783391881488
EVAL_INSTANCE:15:0:300
EVAL_INSTANCE:15:1:301
EVAL_INSTANCE:15:2:302
EVAL_INSTANCE:15:3:303
EVAL_INSTANCE:15:4:304
EVAL_INSTANCE:15:5:305
EVAL_INSTANCE:15:6:306
EVAL_INSTANCE:15:7:307
EVAL_INSTANCE:15:8:308
EVAL_INSTANCE:15:9:309
RUN_RESULT:15:0:0:17:RRDRRDRDLLRDL
RUN_RESULT:15:1:0:14:DDDRRRDRDLLDLL
RUN_RESULT:15:2:0:14:DDDRRRDRDLLDLL
RUN_RESULT:15:3:0:2000:----
RUN_RESULT:15:4:0:17:DDDRRRDRDDLLLULD
RUN_RESULT:15:5:0:2000:----
RUN_RESULT:15:6:0:14:DDDRRRDRDLLDLL
RUN_RESULT:15:7:0:14:DDDRRRDRDLLDLL
RUN_RESULT:15:8:0:15:RDDDRRDRDLLDLL
RUN_RESULT:15:9:0:14:DDDRRRDRDLLDLL
    16 |      160 | -3.985900E+03 | -3.986000E+03
TRACK:310;301;280;2;2;5;2;5;6;6;6;4;6;7;-4.686238652954311;2;4;2;5;4;1;22;7.679070466657394;8;1;3;6;7;6.6538694750227005;6;4;10;6;17;1;6;5;0;3;5;4;7;3.2596921737568922;0;5;2;5;9;6;16;5;2;1;25;21;-1.0347743574851778;2;17;18;0;0;1;3;1;6;6;12;0;2;12;14;6;12;4;6;0;5;11;0;12;8;0;10;3;6;2;0;9;11;4;10;5;5;0;5;6;0;23;1.070799972667482;21;-5.072183481308779;6;4;12;2;2;6;4;3;3;2;2;5;20;9.768560605509096;3;11;4;6;11;2;1;5;3;1;10;4;4;7;-6.471417115981413;0;6;3;5;0;18;20;0.013157567734939452;1;5;4;1;11;23;0.9188464573735614;5;2;8;16;6;10;5;3;6;6;3;0;1;0;15;19;4;17;5;5;22;-5.7573435533951205
TRACK:311;301;280;2;2;5;5;6;6;6;4;6;7;-4.686238652954311;1;6;5;0;3;5;4;7;3.306857659612369;0;5;2;5;9;6;16;5;2;1;25;21;-1.1269773125084361;2;17;18;0;0;1;3;1;6;6;12;0;2;22;9.150940430405496;14;6;12;4;6;0;5;11;0;12;8;0;10;3;6;2;0;9;11;4;10;5;5;0;5;6;0;23;1.043539192971581;21;-5.059538689013283;6;4;12;2;2;6;4;3;3;2;2;5;20;9.849702343809904;3;11;4;6;11;2;1;5;3;1;1;2;24;23;5.775077165330973;3;12;4;4;7;-6.533221628079773;0;6;3;5;0;18;20;-0.06446084394539324;1;5;4;1;11;23;1.0245579035629242;5;2;8;16;6;10;5;3;6;6;3;0;1;0;15;19;4;17;5;5;22;-5.703713760551443
TRACK:312;309;306;2;2;5;2;5;6;6;6;4;6;7;-4.7831308173509965;2;4;2;5;4;1;22;7.814832579190593;8;1;3;6;7;6.620745066366275;6;4;10;6;1;1;5;1;22;7.614055304995256;8;4;10;1;5;4;7;-4.910297388745974;0;0;22;-4.245174117015225;17;3;13;1;6;5;0;3;5;4;7;3.3224435447426566;0;5;2;5;9;6;16;5;2;1;25;21;-1.3013665884872785;2;17;18;0;0;1;3;1;6;6;18;0;2;22;9.210736324839743;14;6;12;4;6;0;5;11;0;14;8;0;10;3;6;2;0;9;11;4;10;5;5;0;5;6;0;23;0.9993561603917747;21;-4.986509703943104;6;4;12;2;2;6;4;3;3;2;2;5;20;9.771859473127325;3;11;4;6;11;2;1;5;3;1;1;0;25;7;1.7696444094091128;5;22;-5.635132247273459;4;4;7;-6.607809662596436;0;6;3;5;0;18;20;-0.0842914419760207;1;5;4;1;11;23;0.9321647181015225;5;2;8;16;6;10;5;3;6;6;3;0;1;0;15;19;4;17;5;5;22;-5.961783391881488
TRACK:313;309;306;2;2;5;2;5;6;6;6;4;6;7;-4.7972236600023495;2;4;2;5;4;1;22;7.859947305280562;8;1;3;6;7;6.420557705743858;6;4;10;6;1;1;5;1;22;7.61657318059969;8;1;5;20;-9.791044710412043;4;17;1;5;4;7;-5.007185388941101;16;1;6;5;0;3;5;4;6;16;0;5;2;5;9;6;16;5;2;1;25;21;-1.1825725242289031;2;17;18;0;0;1;3;1;6;6;12;0;2;22;9.207397557485763;14;6;12;4;6;0;5;11;0;12;8;0;10;3;6;2;0;9;11;4;10;5;5;0;7;-6.607809662596436;6;4;12;2;2;6;4;3;3;2;2;5;20;9.751231690494276;3;11;4;6;11;2;1;5;3;1;1;0;25;7;1.606372630333427;5;22;-5.610809049895014;4;4;7;-6.973544487282967;0;6;3;5;0;18;20;0.15916670317420348;1;5;4;1;11;23;0.9399728326442179;5;2;8;16;6;10;5;3;6;6;3;0;1;0;15;19;4;17;5;5;22;-5.8667486214080915
TRACK:314;261;306;2;2;5;2;5;6;6;6;4;6;7;-4.892847907328929;2;4;2;5;4;1;22;7.7939755663801025;8;1;3;6;7;6.45019809254974;6;4;10;6;1;1;5;1;22;7.6729218342016825;8;1;5;20;-9.764444907941352;4;17;1;5;4;7;-4.980072997395729;16;1;6;5;0;3;5;4;7;3.352176103077218;0;5;2;5;9;6;16;5;2;1;25;21;-1.2382465471364625;2;17;18;0;0;1;3;1;6;6;12;0;2;22;9.23605698473715;14;6;12;4;6;0;5;11;0;12;8;0;10;3;6;2;0;9;11;4;10;5;5;0;5;6;0;23;1.2761663585556544;21;-5.188504753851686;6;4;12;2;2;6;4;3;3;17;2;1;5;3;1;1;0;25;7;1.7333109892252987;5;22;-5.64150059739066;4;4;7;-6.766101085546054;0;6;3;5;0;18;20;-0.10275575483540775;1;5;4;1;11;23;0.806294626558574;5;2;8;16;6;10;5;3;6;6;3;0;1;0;15;19;4;17;5;5;22;-5.756533220229769
TRACK:315;261;306;2;2;5;2;5;6;6;6;4;6;7;-4.7972236600023495;2;4;2;5;4;1;22;7.859947305280562;8;1;3;6;7;6.420557705743858;6;4;10;6;1;1;5;1;22;7.61657318059969;8;1;5;20;-9.791044710412043;4;17;1;5;4;7;-5.007185388941101;16;1;6;5;0;3;5;4;6;16;0;5;2;5;9;6;16;5;2;1;25;21;-1.1825725242289031;2;17;18;0;0;1;3;1;6;6;12;0;2;22;9.207397557485763;14;6;12;4;6;0;5;11;0;12;8;0;10;3;6;2;0;9;11;4;10;5;5;0;5;6;0;23;1.2750759266190492;21;-5.243321534618958;6;4;12;2;2;6;4;3;3;2;2;5;20;9.751231690494276;3;11;4;6;11;2;1;5;3;1;1;0;25;7;1.606372630333427;5;22;-5.610809049895014;4;4;7;-6.973544487282967;0;6;3;5;0;18;20;0.15916670317420348;1;5;4;1;11;23;0.9399728326442179;5;2;5;22;-5.756533220229769;16;6;10;5;3;6;6;3;0;1;0;15;19;4;17;5;5;22;-5.8667486214080915
TRACK:316;302;280;2;2;5;2;5;6;6;6;4;6;7;-4.503952535235915;2;4;2;5;4;1;22;7.797952667399094;8;1;3;6;14;6;4;10;6;1;1;18;1;5;20;-9.391813370911471;4;17;1;5;4;7;-4.809614709394883;0;0;22;-3.8220962878787557;17;3;13;1;6;5;0;3;5;5;6;19;0;5;2;2;14;14;6;16;5;2;1;25;21;-1.319202650069395;2;17;18;0;0;1;3;1;6;6;12;0;2;22;9.402971996077012;14;6;12;4;6;0;5;11;0;12;8;0;10;3;6;2;6;12;4;10;5;5;0;5;6;0;23;1.171266834010307;21;-5.342853468012137;6;4;12;2;2;6;4;3;3;2;2;5;20;9.679946920031758;3;11;4;6;11;2;1;5;3;1;1;0;25;11;5;22;-5.7125010637447025;4;4;7;-6.773296617091091;0;6;3;5;0;18;20;-0.04541039290705678;1;5;4;1;11;23;1.001767013468202;5;4;0;24;11;6;10;5;3;6;6;3;0;1;0;15;19;4;17;5;5;22;-5.515464805386863
TRACK:317;302;280;2;2;5;2;5;6;6;6;4;6;7;-4.721496564164711;2;4;2;5;4;1;22;7.736644546237317;8;1;3;6;7;6.574634641212252;6;4;10;6;17;1;6;5;0;3;5;4;7;3.306857659612369;0;5;2;5;9;6;16;5;2;1;25;21;-1.1269773125084361;2;17;18;0;0;1;3;1;6;6;12;3;13;4;6;0;5;11;0;12;8;0;10;3;6;2;0;9;11;4;10;5;5;0;5;6;0;23;1.043539192971581;21;-5.059538689013283;6;4;12;2;2;6;4;3;3;2;2;5;20;9.849702343809904;3;11;4;6;11;2;1;5;3;1;1;2;24;23;5.775077165330973;3;12;4;4;7;-6.533221628079773;0;6;3;5;0;18;20;-0.06446084394539324;1;5;4;1;11;23;1.0245579035629242;5;2;8;16;6;10;5;3;6;6;3;0;1;0;15;19;4;17;5;5;22;-5.703713760551443
TRACK:318;301;309;2;2;5;2;5;6;6;6;4;6;7;-4.686238652954311;2;4;2;5;4;1;22;7.679070466657394;8;1;3;6;7;6.6538694750227005;6;4;10;6;4;12;1;6;5;0;3;5;4;7;3.2596921737568922;0;5;2;5;9;6;16;5;2;1;25;21;-1.0347743574851778;2;17;18;0;0;1;3;1;6;6;12;0;2;12;14;6;12;4;6;0;5;11;0;12;8;0;10;3;6;2;0;9;11;4;10;5;5;0;5;6;0;23;1.070799972667482;21;-5.072183481308779;6;4;12;2;2;6;4;3;3;2;2;5;20;9.768560605509096;3;11;4;6;11;2;1;5;3;1;1;2;24;23;5.637226970309687;3;12;4;4;7;-6.471417115981413;0;6;3;5;0;18;20;0.013157567734939452;1;5;4;1;11;23;0.9188464573735614;5;2;8;16;6;10;5;3;6;6;3;0;1;0;15;19;4;17;5;5;22;-5.7573435533951205
TRACK:319;301;309;2;2;5;2;5;6;6;6;4;6;7;-4.7831308173509965;2;4;2;5;4;1;22;7.814832579190593;8;1;3;6;20;9.768560605509096;6;4;10;6;1;1;5;1;22;7.614055304995256;8;4;10;1;5;4;7;-4.910297388745974;0;0;22;-4.245174117015225;17;3;13;1;6;5;0;3;5;4;7;3.3224435447426566;0;5;2;5;9;6;16;5;2;1;25;21;-1.3013665884872785;2;17;18;0;0;1;3;1;6;6;12;0;2;22;9.210736324839743;14;6;12;4;6;0;5;11;0;14;8;0;10;3;6;2;0;9;11;4;10;5;5;0;5;6;0;23;0.9993561603917747;21;-4.986509703943104;6;4;12;2;2;6;4;3;3;2;2;5;20;9.771859473127325;3;11;4;6;11;2;1;5;3;1;1;0;25;7;1.7696444094091128;5;22;-5.635132247273459;4;4;7;-6.607809662596436;0;6;3;5;0;18;20;-0.0842914419760207;1;5;4;1;11;23;0.9321647181015225;5;2;8;16;6;10;5;3;6;6;3;0;1;0;15;19;4;17;5;5;22;-5.961783391881488
TRACK:320;310;-1;2;2;5;2;5;6;6;6;4;6;7;-4.521257539795013;2;4;2;5;4;1;22;7.644514520870818;8;1;3;6;7;6.534820121920323;6;4;10;6;17;1;6;5;0;3;5;4;7;3.458786760232554;0;5;2;5;9;6;16;5;2;1;25;21;-0.9200850990894575;2;17;18;0;0;1;3;1;6;6;12;0;2;12;14;6;12;4;6;0;5;11;0;12;8;0;10;3;6;2;0;9;11;4;10;5;5;0;5;6;0;23;1.1376689094883043;21;-4.935779134914696;6;4;12;2;2;6;4;3;3;2;2;5;20;9.730844738089603;3;11;4;6;11;2;1;5;3;1;10;4;4;7;-6.434966835021014;0;6;3;5;0;18;20;-0.08741019522767766;1;0;18;10;5;2;8;16;6;10;5;3;6;6;3;0;1;0;15;19;4;17;5;5;22;-5.772918031141946
TRACK:321;312;-1;2;2;5;2;5;6;6;6;4;6;7;-4.946828040215147;2;4;2;5;4;1;22;7.5840449449741305;8;1;3;6;7;6.570188396735467;6;4;10;6;1;1;5;1;22;7.686575857874805;8;4;10;1;5;4;7;-4.863405254034686;0;0;22;-4.23897037683985;17;3;13;1;6;5;0;3;5;4;7;3.302178823347051;0;5;2;5;9;6;16;5;2;1;25;21;-1.3330347222719932;2;17;18;0;0;1;3;1;6;6;18;0;2;22;9.159353909911962;14;6;12;4;6;0;5;11;0;14;8;0;10;3;6;2;0;9;11;4;10;5;5;0;5;6;0;23;1.1034179414205516;21;-4.949658540120353;6;4;12;2;2;6;4;3;3;2;2;5;20;9.882856224156896;3;11;4;6;11;2;1;5;3;1;1;4;19;5;22;-5.564647991924251;4;4;7;-6.578665189150579;0;6;3;5;0;18;20;-0.07057544018033524;1;5;4;1;11;23;0.9091196978347554;5;2;8;16;6;10;5;3;6;6;3;0;1;0;15;19;4;17;5;5;22;-6.018262379120328
TRACK:322;314;-1;2;2;5;2;5;6;6;6;4;6;7;-5.061257989374077;2;4;2;5;4;1;22;7.804507919817188;8;1;3;6;7;6.536655019218428;6;4;10;6;1;1;5;1;22;7.74546143409214;8;1;5;20;-9.772485163442328;4;17;1;5;4;7;-5.087131513061495;16;1;4;9;0;0;1;3;1;6;6;12;0;2;22;9.192348730703387;14;6;12;4;6;0;5;11;0;12;8;0;10;3;6;2;0;9;11;4;10;5;5;0;5;6;0;23;1.5041611498766727;21;-5.230706671123752;6;4;12;2;2;6;4;3;3;17;2;1;5;3;1;1;0;25;7;1.73014766397639;5;22;-5.669415435875717;4;4;7;-6.85532315296941;0;6;3;5;0;18;20;-0.18393211338361734;1;5;4;1;11;23;1.0166685758893808;5;2;8;16;6;10;5;3;6;6;3;0;1;0;15;19;4;17;5;5;22;-5.8619928700805835
TRACK:323;316;-1;2;2;5;2;5;6;6;6;4;6;7;-4.41677694088546;2;4;1;8;20;2.6812199070728155;6;1;1;18;1;5;20;-9.291523180191502;4;17;1;5;4;7;-4.825282323240186;0;0;22;-3.83754347020782;17;3;13;1;6;5;0;3;5;5;6;19;0;5;2;2;14;14;6;16;5;2;1;25;21;-1.2947994405641716;2;17;18;0;0;1;3;1;6;6;12;0;2;22;9.390324272844593;14;6;12;4;6;0;5;11;0;12;8;0;10;3;6;2;6;12;4;10;5;5;0;5;6;0;23;1.117622131188847;21;-5.20351619681337;6;4;12;2;2;6;4;3;3;2;2;5;20;9.709846218414938;3;11;4;6;11;2;1;5;3;1;1;0;25;11;5;22;-5.657326053254891;4;4;7;-6.843849494261269;0;6;3;5;0;18;20;-0.03496086186729884;1;5;4;1;11;23;0.9612281868283654;5;4;0;24;11;6;10;5;3;6;6;3;0;1;0;15;19;4;17;5;5;22;-5.426621078328305
TRACK:324;318;-1;2;2;5;2;5;6;6;6;4;6;7;-4.544606183962399;2;4;2;5;4;1;22;7.6884477275908205;8;1;3;6;7;6.631695898613687;6;4;10;6;4;12;1;6;5;0;3;5;4;7;3.267240271707798;0;5;2;5;9;5;17;5;2;1;25;21;-0.9356751364221852;2;17;18;0;0;1;3;1;6;6;12;0;2;12;14;6;12;4;6;0;5;11;0;12;8;0;10;3;6;2;0;9;11;4;10;5;5;0;5;6;0;23;1.0335672171657788;21;-5.01223996304946;6;4;12;2;2;6;4;3;3;2;2;5;20;9.97553624990412;3;11;4;6;11;2;1;5;3;1;1;2;24;23;5.579738746751025;3;12;4;4;7;-6.261830264470994;0;6;3;5;0;18;20;0.0735982349323285;1;5;4;1;11;23;1.0224913577313652;5;2;8;16;6;10;5;3;6;6;3;0;1;0;15;19;4;17;5;5;22;-5.657497187003386
TRACK:325;311;-1;2;2;5;5;6;6;6;4;6;7;-4.690729722239551;1;6;5;0;3;5;4;7;3.266716152548738;0;5;2;5;9;6;16;5;2;1;25;21;-0.9212850368803805;2;17;18;0;0;1;3;1;6;6;12;0;2;22;9.088383242997027;14;6;12;4;6;0;5;11;0;12;8;0;10;3;6;2;0;9;11;4;10;5;5;0;5;6;0;23;1.072429856529495;21;-5.143222060228997;6;4;12;2;2;6;4;3;3;2;2;5;20;9.860775521838114;3;11;4;6;11;2;1;0;4;4;6;14;3;0;5;12;6;24;0;6;3;5;0;18;20;-0.10283989374698396;1;5;4;1;11;23;0.9639181718648793;5;2;8;16;6;10;5;3;6;6;3;0;1;0;15;19;4;17;5;5;22;-5.677321621150492
TRACK:326;313;-1;2;2;5;2;5;6;6;6;4;6;7;-4.8694216070978475;2;4;2;5;4;1;22;7.829888637091886;8;1;3;6;7;6.28115832346538;6;4;10;6;1;1;5;1;22;7.595425803614742;8;1;5;20;-9.79690372023651;4;17;1;5;4;7;-4.770002280543817;16;1;6;5;0;3;5;4;6;16;0;5;2;5;9;6;16;5;2;1;25;21;-1.0190498763810285;2;17;18;0;0;1;3;1;6;6;12;0;2;22;9.366971789775981;14;6;12;4;6;0;5;11;0;12;8;0;10;3;6;2;0;9;11;4;10;5;5;0;7;-6.622182554024477;6;4;12;2;2;6;4;3;3;2;2;5;20;9.78840262435014;3;11;4;6;11;2;1;5;3;1;1;0;25;7;1.4804799338843018;5;22;-5.61947259500093;4;4;7;-6.858763503786993;0;6;3;5;0;18;20;0.09905276574743366;1;5;4;1;11;23;1.0155109542993388;5;2;8;16;6;10;5;3;6;6;4;2;2;1;14;19;3;10;6;1;16;20;4.345647432555904
TRACK:327;315;-1;2;2;5;2;5;6;6;6;4;6;7;-4.8646787351532135;2;4;2;5;4;1;22;7.847940822210929;8;1;3;6;7;6.4058007765938125;6;4;10;6;1;1;5;1;22;7.581869997469537;8;1;5;20;-9.741573456364588;4;17;1;5;4;7;-5.0369488992194755;16;1;6;5;0;3;5;4;6;16;0;5;2;5;9;6;16;5;2;1;25;21;-1.2738744420698924;2;17;18;0;0;1;3;1;6;6;12;0;2;22;9.069199694154918;14;6;12;4;6;0;5;11;0;12;8;0;10;3;6;2;0;9;11;4;10;5;5;0;5;6;0;23;1.1801384400298867;21;-5.216072129795261;6;4;12;2;2;6;4;3;3;2;2;5;20;9.714868609404895;3;11;4;6;11;2;1;5;3;1;1;0;25;7;1.7169689677063877;5;22;-5.704399115487385;4;4;7;-7.039952911613789;0;6;3;5;0;18;20;0.19543397340150911;1;5;4;1;11;23;1.1103561183525288;5;2;5;22;-5.823617387492163;16;6;0;3;0;15;19;5;5;22;5.666567665764026;5;3;6;6;3;0;1;0;15;19;4;17;5;5;22;-5.97774960043606
TRACK:328;317;-1;2;2;5;2;5;6;6;6;4;6;7;-4.96226333672097;2;4;2;5;4;1;22;7.870837923001476;8;1;3;6;7;6.765907596659048;6;4;10;6;17;1;6;5;0;3;5;4;7;3.2788386986243196;0;5;2;5;9;6;16;5;2;1;25;21;-1.2658825955113804;2;17;18;0;0;1;3;1;6;6;12;3;13;4;6;0;5;11;0;12;8;0;10;3;6;2;0;9;11;4;10;5;5;0;6;3;9;6;4;12;2;2;6;4;3;3;2;2;5;20;9.961186781203361;3;11;4;6;11;2;1;5;3;1;1;2;24;23;5.849834966461641;3;12;4;4;7;-6.616719154746555;0;6;3;5;0;18;20;-0.016261683735915626;1;5;4;1;11;23;1.0087214043910193;5;2;8;16;6;10;5;3;6;6;3;0;1;0;15;19;4;17;5;5;22;-5.626355165000515
TRACK:329;319;-1;2;2;5;2;6;24;2;4;2;5;4;1;22;7.721332942132029;8;1;3;6;20;9.548521540524648;6;4;10;6;1;1;5;1;22;7.686178950554714;8;4;10;1;5;4;7;-4.923283016489708;0;0;22;-4.108425507188821;17;3;13;1;6;5;0;3;5;4;7;3.345741906709182;0;5;2;5;9;6;16;5;2;1;25;21;-1.2461437580650283;2;17;18;0;0;1;3;1;6;6;12;0;2;22;9.123373269638517;14;6;12;4;6;0;5;11;0;14;8;0;10;3;6;2;0;9;11;4;10;5;5;0;5;6;0;23;1.0059508285942713;21;-5.081114908372473;6;4;12;2;2;6;4;3;3;2;2;5;20;9.893595416015273;3;11;4;6;11;2;1;5;3;1;1;0;25;7;1.6808959512261112;5;22;-5.655471329681105;4;4;7;-6.496258556414047;0;6;3;5;0;18;20;-0.13848435579456125;1;5;4;1;11;23;0.8722222486962463;5;2;8;16;6;10;5;3;6;6;3;0;1;0;15;19;4;17;5;5;22;-6.095971877858314
EVAL_INSTANCE:16:0:320
EVAL_INSTANCE:16:1:321
EVAL_INSTANCE:16:2:322
EVAL_INSTANCE:16:3:323
EVAL_INSTANCE:16:4:324
EVAL_INSTANCE:16:5:325
EVAL_INSTANCE:16:6:326
EVAL_INSTANCE:16:7:327
EVAL_INSTANCE:16:8:328
EVAL_INSTANCE:16:9:329
RUN_RESULT:16:0:0:14:DDDRRRDRDLLDLL
RUN_RESULT:16:1:0:14:DDDRRRDRDLLDLL
RUN_RESULT:16:2:0:2000:----
RUN_RESULT:16:3:0:17:DDDRRRDRDLLDLL
RUN_RESULT:16:4:0:14:DDDRRRDRDLLDLL
RUN_RESULT:16:5:0:14:DDDRRRDRDLLDLL
RUN_RESULT:16:6:0:299:RRRDDRUDRDRDLLULRDRDULLLDLLD
RUN_RESULT:16:7:0:17:DDDRRRDRDLLDLL
RUN_RESULT:16:8:0:23:DDDRRRDRDLLLDL
RUN_RESULT:16:9:0:21:DDRDRRRRDLLDLDLL
    17 |      170 | -3.986000E+03 | -3.986000E+03
TRACK:330;261;306;2;2;5;2;5;6;6;6;4;6;7;-4.892847907328929;2;4;2;5;4;1;22;7.7939755663801025;8;1;3;6;7;6.45019809254974;6;4;10;6;1;1;5;1;22;7.6729218342016825;8;1;5;20;-9.764444907941352;4;17;1;5;4;7;-4.980072997395729;16;1;6;5;0;3;5;4;7;3.352176103077218;0;5;2;5;9;6;16;5;2;1;25;21;-1.2382465471364625;2;17;18;0;0;1;3;1;6;6;12;0;2;22;9.23605698473715;14;6;12;4;6;0;5;11;0;12;8;0;10;3;6;2;0;9;11;4;10;5;5;0;5;6;0;23;1.2761663585556544;21;-5.188504753851686;6;4;12;2;2;6;4;3;3;2;2;5;20;9.841720619057728;3;11;4;6;25;2;1;5;3;1;1;0;25;7;1.7333109892252987;5;22;-5.64150059739066;4;4;7;-6.766101085546054;0;6;3;5;0;18;20;-0.10275575483540775;1;5;4;1;11;23;0.806294626558574;5;2;8;16;6;10;5;3;6;6;3;0;1;0;15;19;4;17;5;5;22;-5.756533220229769
TRACK:331;261;306;2;2;5;2;5;6;6;6;4;6;7;-4.7972236600023495;2;4;2;5;4;1;22;7.859947305280562;8;1;3;6;7;6.420557705743858;6;4;10;6;1;1;5;1;22;7.61657318059969;8;1;5;20;-9.791044710412043;4;17;1;5;4;7;-5.007185388941101;16;1;6;5;0;3;5;4;6;16;0;5;2;5;9;6;16;5;2;1;25;21;-1.1825725242289031;2;17;18;0;0;1;3;1;6;6;12;0;2;22;9.207397557485763;14;6;12;4;6;0;5;11;0;12;8;0;10;3;6;2;0;9;11;4;10;5;5;0;5;6;0;23;1.2750759266190492;21;-5.243321534618958;6;4;12;2;2;6;4;3;3;2;2;5;20;9.751231690494276;3;11;4;6;11;2;1;5;2;5;20;9.841720619057728;3;11;0;6;3;5;0;18;20;0.15916670317420348;1;5;4;1;11;23;0.9399728326442179;5;2;8;16;6;10;5;3;6;6;3;0;1;0;15;19;4;17;5;5;22;-5.8667486214080915
TRACK:332;309;285;2;2;5;2;5;6;6;6;4;6;7;-4.7831308173509965;2;4;2;5;4;1;22;7.814832579190593;8;1;3;6;7;6.620745066366275;6;4;10;6;1;1;5;1;22;7.614055304995256;8;4;25;1;5;4;7;-4.910297388745974;0;0;22;-4.245174117015225;17;3;13;1;6;5;0;3;5;4;7;3.3224435447426566;0;5;2;5;9;6;16;5;2;1;25;21;-1.3013665884872785;2;17;18;0;0;1;3;1;6;6;12;0;2;22;9.210736324839743;14;6;12;4;6;0;5;11;0;14;8;0;10;3;6;2;0;9;11;4;10;5;5;0;5;6;0;23;0.9993561603917747;21;-4.986509703943104;6;4;12;2;2;6;4;3;3;2;2;5;20;9.771859473127325;3;11;4;6;11;2;1;5;3;1;1;0;25;7;1.7696444094091128;5;22;-5.635132247273459;4;4;7;-6.607809662596436;0;6;3;5;0;18;20;-0.0842914419760207;1;5;4;1;11;23;0.9321647181015225;5;2;8;16;6;10;5;3;6;6;3;0;1;0;15;19;4;17;5;5;22;-5.961783391881488
TRACK:333;309;285;2;2;5;2;5;6;6;6;4;6;7;-4.536447208284668;2;4;2;5;4;1;22;7.770247654387997;8;1;3;6;7;6.483321546595251;6;4;10;6;1;1;5;1;13;8;1;5;20;-9.450784164186523;4;17;1;5;4;7;-4.937854690506517;0;0;22;-3.9270135559385855;17;3;13;1;6;5;0;3;5;5;6;19;0;5;2;2;14;14;6;16;5;2;1;25;21;-1.1255081633360424;2;17;18;0;0;1;3;1;6;6;12;0;2;22;9.429191520868722;14;6;12;4;6;0;5;11;0;12;8;0;10;3;6;2;6;12;4;10;5;5;0;5;6;0;23;1.211012603836427;21;-5.226108836632826;6;4;12;2;2;6;4;3;3;2;2;5;20;9.51875087602371;3;16;4;6;11;2;1;5;3;1;1;0;25;7;1.7070156166277308;5;22;-5.703864187745995;4;4;7;-6.694034639670487;0;6;3;5;0;18;20;-0.08493470404879966;1;5;4;1;11;23;1.0414518298135986;5;4;0;24;11;6;10;5;3;6;6;3;0;1;0;15;19;4;17;5;5;22;-5.666879313201223
TRACK:334;320;307;2;2;5;2;5;6;6;6;4;6;7;-4.521257539795013;2;4;2;5;4;1;22;7.644514520870818;8;1;3;6;17;6;4;10;6;17;1;6;5;0;3;5;4;7;3.458786760232554;0;5;2;5;9;6;16;5;2;1;25;21;-0.9200850990894575;2;17;18;0;0;1;3;1;6;6;12;0;2;12;14;6;12;4;6;0;5;11;0;12;8;0;10;3;6;2;0;9;11;4;10;5;5;0;5;6;0;23;1.1376689094883043;21;-4.935779134914696;6;4;12;2;2;6;4;3;3;2;2;5;20;9.730844738089603;3;11;4;6;11;2;1;5;3;1;10;4;4;7;-6.434966835021014;0;6;3;5;0;18;20;-0.08741019522767766;1;0;18;10;5;2;8;16;6;10;5;3;6;6;3;0;1;0;15;19;4;17;5;5;22;-5.772918031141946
TRACK:335;320;307;2;2;5;2;5;6;6;6;4;6;7;-4.778374756357653;2;4;2;5;2;5;9;6;16;1;3;6;7;6.348183744416492;6;4;10;6;1;1;5;1;22;7.734158023910651;8;1;5;20;-9.732823987011592;4;17;1;5;4;7;-5.0522784705515145;16;1;6;5;0;3;5;4;7;3.314978667095584;0;5;2;5;9;6;16;5;2;1;25;21;-1.1721920043609702;2;17;18;0;0;1;3;1;6;6;12;0;2;22;9.222980248389659;14;6;12;4;6;0;5;11;0;12;8;0;10;3;6;2;0;9;11;4;10;5;5;0;5;6;0;23;1.3245235647565505;21;-5.209681980055027;6;4;12;2;2;6;4;3;3;2;2;5;20;9.9811515315992;3;11;4;6;11;2;1;5;3;1;1;0;25;7;1.6911574371360523;5;22;-3.9647501117957153;4;4;7;-6.682696039612702;0;6;3;5;0;18;20;0.09596391664938689;1;5;4;1;11;23;0.8401869671769815;5;2;0;16;12;16;6;10;5;3;6;6;3;0;1;0;15;19;4;17;5;5;22;-5.70840407350171
TRACK:336;225;309;2;2;5;2;5;6;6;6;4;6;7;-4.7047677475471135;2;4;2;5;4;1;22;7.77255696479857;8;1;3;6;7;6.544941132918435;6;4;10;6;1;1;5;1;22;7.701981371008349;8;1;5;20;-9.699720975134303;4;17;1;5;4;7;-5.034859634217442;0;0;22;-4.158738871657775;17;3;13;1;6;5;0;3;5;4;7;3.4978059543230433;0;5;2;5;9;6;16;5;2;1;25;21;-1.1918521564001368;2;17;18;0;0;1;3;1;6;6;12;0;2;22;9.164104048430184;14;6;12;4;6;0;5;11;0;12;8;0;10;3;6;2;0;9;11;4;10;5;5;0;5;6;0;23;1.0676236910424919;21;-5.070223388596861;6;4;12;2;2;6;4;3;3;2;2;5;20;9.750379070737957;3;11;4;6;11;2;1;5;3;1;1;0;25;7;1.7011540958180997;5;22;-5.636666133885308;4;4;7;-6.610753917545339;0;6;3;5;0;18;20;-0.04828251616689358;1;5;4;1;11;23;0.9867934100467373;5;2;8;16;6;10;5;3;18
TRACK:337;225;309;2;2;5;2;5;6;6;6;4;6;7;-4.7831308173509965;2;4;2;5;4;1;22;7.814832579190593;8;1;3;6;7;6.620745066366275;6;4;10;6;1;1;5;1;22;7.614055304995256;8;4;10;1;5;4;7;-4.910297388745974;0;0;22;-4.245174117015225;17;3;13;1;6;5;0;3;5;4;7;3.3224435447426566;0;5;2;5;9;6;16;5;2;1;25;21;-1.3013665884872785;2;17;18;0;0;1;3;1;6;6;12;0;2;22;9.210736324839743;14;6;12;4;6;0;5;11;0;14;8;0;10;3;6;2;0;9;11;4;10;5;5;0;5;6;0;23;0.9993561603917747;21;-4.986509703943104;6;4;12;2;2;6;4;3;3;2;2;5;20;9.771859473127325;3;11;4;6;11;2;1;5;3;1;1;0;25;7;1.7696444094091128;5;22;-5.635132247273459;4;4;7;-6.607809662596436;0;6;3;5;0;18;20;-0.0842914419760207;1;5;4;1;11;23;0.9321647181015225;5;2;8;16;6;10;6;3;5;0;18;20;-0.04828251616689358
TRACK:338;285;280;2;2;5;2;5;6;6;6;4;6;7;-4.536447208284668;2;4;2;5;4;1;22;7.770247654387997;8;1;0;2;22;9.150940430405496;14;6;12;6;4;10;6;1;1;5;1;13;8;1;5;20;-9.450784164186523;4;17;1;5;4;7;-4.937854690506517;0;0;22;-3.9270135559385855;17;3;13;1;6;5;0;3;5;5;6;19;0;5;2;2;14;14;6;16;5;2;1;25;21;-1.1255081633360424;2;17;18;0;0;1;3;1;6;6;12;0;2;22;9.429191520868722;14;6;12;4;6;0;5;11;0;12;8;0;10;3;6;2;6;12;4;10;5;5;0;5;6;0;23;1.211012603836427;21;-5.226108836632826;6;4;12;2;2;6;4;3;3;2;2;5;20;9.51875087602371;3;11;4;6;11;2;1;5;3;1;1;0;25;7;1.7070156166277308;5;22;-5.703864187745995;4;4;7;-6.694034639670487;0;6;3;5;0;18;20;-0.08493470404879966;1;5;4;1;11;23;1.0414518298135986;5;4;0;24;11;6;10;5;3;6;6;3;0;1;0;15;19;4;17;5;5;22;-5.666879313201223
TRACK:339;285;280;2;2;5;2;5;6;6;6;4;6;7;-4.721496564164711;2;4;2;5;4;1;22;7.736644546237317;8;1;3;6;7;6.574634641212252;6;4;10;6;17;1;6;5;0;3;5;4;7;3.306857659612369;0;5;2;5;9;6;16;5;2;1;25;21;-1.1269773125084361;2;17;18;0;0;1;3;2;17;18;4;6;0;5;11;0;12;8;0;10;3;6;2;0;9;11;4;10;5;5;0;5;6;0;23;1.043539192971581;21;-5.059538689013283;6;4;12;2;2;6;4;3;3;2;2;5;20;9.849702343809904;3;11;4;6;11;2;1;5;3;1;1;2;24;23;5.775077165330973;3;12;4;4;7;-6.533221628079773;0;6;3;5;0;18;20;-0.06446084394539324;1;5;4;1;11;23;1.0245579035629242;5;2;8;16;6;10;5;3;6;6;3;0;1;0;15;19;4;17;5;5;22;-5.703713760551443
TRACK:340;261;-1;2;2;5;2;5;6;6;6;4;6;7;-4.885915234975771;2;4;2;5;4;1;22;7.7366537037391545;8;1;3;6;7;6.366547401463583;6;4;10;6;1;1;5;1;22;7.671669474751305;8;1;5;20;-9.650142681912873;4;17;1;5;4;7;-5.040849228426653;16;1;6;5;0;3;5;4;7;3.351599831078279;0;5;2;5;9;6;16;5;2;1;16;21;-1.3481702194623633;2;17;18;0;0;1;3;1;6;6;12;0;2;22;9.260522233580044;14;6;12;4;6;0;5;11;0;12;8;0;10;3;6;2;0;9;11;4;10;5;5;0;5;6;0;23;1.2409562356652706;21;-5.314628531557672;6;4;12;2;2;6;4;3;3;2;2;5;20;9.808153018324706;3;11;4;6;11;2;1;5;3;1;1;0;25;7;1.7174990943155926;5;22;-5.554325708927368;4;4;7;-6.795284215715704;0;6;3;5;0;18;20;-0.18769600486896415;1;5;4;1;11;23;0.8346817040947355;5;2;8;16;6;10;5;3;6;6;3;0;1;0;15;19;4;17;5;5;22;-5.842593083400619
TRACK:341;332;-1;2;2;5;2;5;6;6;6;4;6;7;-4.729045609820523;2;4;2;5;4;1;22;7.834528599760847;8;1;3;6;7;6.759572727208124;6;4;10;6;1;1;5;1;22;7.5284427067513295;8;4;25;1;5;4;7;-4.853099539972738;0;0;22;-4.0614005151891615;17;3;13;1;6;5;0;3;5;4;7;3.32900730489799;0;5;2;5;9;2;16;15;5;2;1;25;21;-1.37931257285179;2;17;18;0;0;1;3;1;6;6;12;0;2;22;9.124079984406963;14;6;12;4;6;0;5;11;0;14;8;0;10;3;6;2;0;9;11;4;10;5;5;0;5;6;0;23;0.9048827720429908;21;-4.976127049682535;6;4;12;2;2;6;4;3;3;2;2;5;20;9.708979092518145;3;11;4;6;11;2;1;5;3;1;1;0;25;7;1.7208705592569458;5;22;-5.639505046228498;4;4;7;-6.645133006862282;0;6;3;5;0;18;20;-0.08415775152531112;1;5;4;1;11;23;1.0664758360209952;5;2;8;16;6;10;5;3;6;6;3;0;1;0;15;19;4;17;5;5;22;-5.870766358754573
TRACK:342;334;-1;2;2;5;2;5;6;6;6;4;6;7;-4.605869063689952;2;4;2;5;4;1;22;7.596068578931614;8;1;3;6;17;6;4;10;6;17;1;6;5;0;3;5;4;7;3.6115875072262917;0;5;2;5;9;6;16;5;2;1;25;21;-0.9132243868810932;2;17;18;0;0;1;3;1;6;6;12;0;2;12;14;6;12;4;6;0;5;11;0;12;8;0;10;3;6;2;0;9;11;4;10;5;5;0;5;6;0;23;1.172932220563368;21;-4.877762960626936;6;4;12;2;2;6;4;3;2;18;7;-4.221655687468681;2;1;5;3;1;10;4;4;7;-6.3279530339953505;0;6;3;5;0;18;20;-0.07276087703692344;1;0;18;10;5;2;8;16;6;10;5;3;6;6;3;0;1;0;15;19;4;17;5;5;22;-5.7395879082206624
TRACK:343;336;-1;2;2;5;2;5;6;6;6;4;6;7;-4.498152147395964;2;4;2;5;4;1;22;7.9171488169740725;8;1;3;6;7;6.601647667605036;6;4;10;6;1;1;5;1;22;7.789336705275761;8;1;5;20;-9.657471345574809;4;17;1;5;4;7;-5.172636425377707;0;0;22;-4.258402700439311;17;3;13;1;6;5;0;3;5;4;7;3.3415894038534333;0;5;2;5;9;6;16;5;2;1;25;21;-1.3740413843371677;2;17;18;0;0;1;3;1;6;6;12;0;2;22;9.162463427737267;14;6;12;4;6;0;5;11;0;12;8;0;10;3;6;2;0;9;11;4;10;5;5;0;5;6;0;23;1.2357862976026688;21;-5.007849799383334;6;4;12;2;2;6;4;3;3;2;2;5;20;9.710837048503343;3;11;4;6;11;2;1;5;3;1;1;0;25;7;1.8211751955288937;5;22;-5.7926075712953775;4;4;7;-6.393180195989816;0;6;3;5;0;18;20;-0.04798813311812972;1;5;0;2;14;18;5;11;5;2;8;16;6;10;5;3;18
TRACK:344;338;-1;2;2;5;2;5;6;6;6;4;6;7;-4.471406945743389;2;4;2;5;4;1;22;7.7567823988378475;8;1;0;2;22;9.265376175009239;14;6;12;6;4;10;6;1;1;5;1;13;8;1;5;20;-9.258043144383134;6;25;1;5;4;7;-5.0287985784871925;0;0;22;-4.026921468481771;17;3;13;1;6;5;0;3;5;5;6;19;0;5;2;2;14;14;6;16;5;2;1;25;21;-1.2467267261170836;2;17;18;0;0;1;3;1;6;6;12;0;2;22;9.450750150639026;14;6;12;4;6;0;5;11;0;12;8;0;10;3;6;2;6;12;4;10;5;5;0;5;6;0;23;1.3217386806540494;21;-5.144441293190128;6;4;12;2;2;6;4;3;3;2;2;5;20;9.544744551204655;3;11;4;6;11;2;1;5;3;1;1;0;25;7;1.6875587997273294;5;22;-5.695669633900685;4;4;7;-6.513551738459775;0;6;3;5;0;18;20;-0.19183255126269375;1;5;4;1;11;23;0.9457310919747061;5;4;0;24;11;6;10;5;3;6;6;3;0;1;0;15;19;4;17;5;5;22;-5.554387586782927
TRACK:345;306;-1;2;2;5;2;5;6;6;6;4;6;7;-4.961087047144087;2;4;2;5;4;1;22;7.725005853079541;8;1;3;6;7;6.487509984626267;6;4;10;6;1;1;5;1;22;7.598428119317965;8;1;5;20;-9.843970161280502;4;17;1;5;4;7;-5.017765864436471;16;1;6;5;0;3;5;4;6;16;0;5;2;5;9;6;16;5;2;1;25;21;-1.0987771784779148;2;17;18;0;0;1;3;1;6;6;12;0;2;22;9.131408861867689;14;6;12;4;6;0;5;11;0;12;8;0;10;3;6;2;0;9;11;4;10;5;5;0;5;6;0;23;1.1882104008332321;21;-5.085807619283228;6;4;12;2;2;6;4;3;3;2;2;5;20;9.683192432610271;3;11;4;6;11;2;1;5;3;1;1;0;25;7;1.6635514332161114;5;22;-5.636732319468146;4;4;7;-7.132695104620487;0;4;5;8;1;5;4;1;11;23;0.8938444271120075;5;2;8;16;6;10;5;3;6;6;3;0;1;0;15;19;4;17;5;5;22;-5.7288926922304855
TRACK:346;333;-1;2;2;5;2;5;6;6;6;4;6;7;-4.488032164909096;2;4;2;5;4;1;22;7.765857878371491;8;1;3;6;7;6.56696561370007;6;4;10;6;1;1;5;1;13;8;1;5;20;-9.412686978429807;4;17;1;5;4;7;-4.853588175939452;0;0;19;17;3;13;1;6;5;0;3;5;5;6;19;0;5;2;2;14;14;6;16;5;2;1;25;21;-1.0094709705531428;2;17;18;0;0;1;3;1;6;6;12;0;2;22;9.291377183682075;14;6;12;4;6;0;5;11;0;12;8;0;10;3;6;2;6;12;4;10;5;5;0;5;6;0;23;1.3220464157251084;21;-5.17319581584376;6;4;12;2;2;6;4;3;3;2;2;5;20;9.536121263285994;3;16;4;6;11;2;1;5;3;1;1;0;25;7;1.7133432804423687;5;22;-5.509692339904854;4;4;7;-6.762851292121471;0;6;3;5;0;18;20;0.10610082611224092;1;5;4;1;11;23;1.0019834798547054;5;4;0;24;11;6;10;5;3;6;6;3;0;1;0;15;19;4;17;5;5;22;-5.676684183138985
TRACK:347;335;-1;2;2;5;2;5;6;6;6;4;6;7;-4.739086392302376;2;4;2;5;2;5;9;6;16;1;3;6;7;6.420905121137193;6;4;10;6;1;1;5;1;22;7.8762136374084335;8;1;5;20;-9.717350840562776;4;17;1;5;4;7;-4.99950782308481;16;1;6;5;0;3;5;4;7;3.4095046099555733;0;5;2;5;9;6;16;5;2;1;25;21;-1.2502320104923914;2;17;18;0;0;1;3;1;6;6;12;0;2;22;9.098388825577864;14;6;12;4;6;0;5;11;0;12;8;0;10;3;6;2;0;9;11;4;10;5;5;0;5;6;0;23;1.4335361599485852;21;-5.124801129604796;6;4;12;2;2;6;6;2;2;5;2;17;21;-1.1263473738811118;4;6;23;-3.7289869471545067;3;1;6;11;6;24;2;1;5;3;1;1;0;25;7;1.4567919288188746;5;22;-4.026282072184605;4;4;7;-6.90132155495808;0;6;3;5;0;18;20;0.19038552267735703;1;5;4;1;11;23;0.7353289255980838;5;2;0;16;12;16;6;10;5;3;6;6;3;0;1;0;15;19;4;17;5;5;22;-5.7938520298642855
TRACK:348;337;-1;2;2;5;2;5;6;6;6;4;6;7;-4.728799549714937;2;1;0;6;5;2;21;9.995271651885005;19;1;4;2;7;-1.1871848592029188;10;2;0;17;7;1.8299630178599777;0;21;2.7647600703434794;18;3;4;5;0;15;18;6;1;1;5;1;22;7.728416045964378;8;4;10;1;5;4;7;-4.887016894523647;0;0;22;-4.423110873017267;17;3;13;1;6;5;0;3;5;4;7;3.357537018797994;0;5;2;5;9;6;16;5;2;1;25;21;-1.3862838026343565;2;17;18;0;0;1;3;1;6;6;12;0;2;22;9.340082900457045;14;6;12;4;6;0;5;11;0;14;8;0;10;3;6;2;0;9;11;4;10;5;5;0;5;6;0;23;0.8859649746262364;21;-4.995574809967685;6;4;12;2;2;6;4;3;3;2;2;5;20;9.78027497485211;3;11;4;6;11;2;1;5;3;1;1;0;25;7;1.745540986693325;5;22;-5.529284286047302;4;4;7;-6.708228744240658;0;6;3;5;0;18;20;-0.18854561529743086;1;5;4;1;11;23;0.7796814185699644;5;2;8;16;6;10;6;3;5;0;18;20;-0.03177551840202504
TRACK:349;339;-1;2;2;5;2;2;0;8;12;6;25;2;4;2;5;4;1;22;7.81303613000686;8;1;3;6;7;6.4750239356070916;6;4;10;6;17;1;6;5;0;3;5;4;7;3.3416030612073993;0;5;2;5;9;6;16;5;2;1;25;21;-1.4433554286844097;2;17;18;0;0;1;3;2;17;18;4;6;0;5;11;0;12;8;0;10;3;6;2;0;9;11;4;10;5;5;0;5;6;0;23;1.0353396759613382;21;-5.015962904530571;6;4;12;2;2;6;4;3;3;2;2;5;20;9.85519759108153;3;11;4;6;11;2;1;5;3;1;1;2;24;23;5.651059186413041;3;12;4;4;7;-6.3894794125043655;0;6;3;5;0;18;20;-0.0379384310760075;1;5;4;1;11;23;1.105782600304168;5;2;8;16;6;10;5;3;6;6;3;0;1;0;15;19;4;17;5;5;22;-5.903395342797021
EVAL_INSTANCE:17:0:340
EVAL_INSTANCE:17:1:341
EVAL_INSTANCE:17:2:342
EVAL_INSTANCE:17:3:343
EVAL_INSTANCE:17:4:344
EVAL_INSTANCE:17:5:345
EVAL_INSTANCE:17:6:346
EVAL_INSTANCE:17:7:347
EVAL_INSTANCE:17:8:348
EVAL_INSTANCE:17:9:349
RUN_RESULT:17:0:0:2000:----
RUN_RESULT:17:1:0:2000:----
RUN_RESULT:17:2:0:15:RRRDRRDDLLRDL
RUN_RESULT:17:3:0:23:DDDRRRDRDLLLDL
RUN_RESULT:17:4:0:14:DDDRRRDRDLLDLL
RUN_RESULT:17:5:0:14:DDDRRRDRDLLDLL
RUN_RESULT:17:6:0:410:DDDRRRDRRDLDRLUUUURDLLD
RUN_RESULT:17:7:0:21:DDDRRRDRDLLDLL
RUN_RESULT:17:8:0:31:DDDRRRDRDDRULULD
RUN_RESULT:17:9:0:30:DDDRRRDRDLLLDL
    18 |      180 | -3.986000E+03 | -3.986000E+03
TRACK:350;301;280;2;2;5;2;5;6;6;6;4;6;7;-4.686238652954311;5;6;6;6;4;6;7;-4.721496564164711;1;6;5;0;3;5;4;7;3.2596921737568922;0;5;2;5;9;6;16;5;2;1;25;21;-1.0347743574851778;2;17;18;0;0;1;3;1;6;6;12;0;2;12;14;6;12;4;6;0;5;11;0;12;8;0;10;3;6;2;0;9;11;4;10;5;5;0;5;6;0;23;1.070799972667482;21;-5.072183481308779;6;4;12;2;2;6;4;3;3;2;2;5;20;9.768560605509096;3;11;4;6;11;2;1;5;3;1;1;2;24;23;5.637226970309687;3;12;4;4;7;-6.471417115981413;0;6;3;5;0;18;20;0.013157567734939452;1;5;4;1;11;23;0.9188464573735614;5;2;8;16;6;10;5;3;6;6;3;0;1;0;15;19;4;17;5;5;22;-5.7573435533951205
TRACK:351;301;280;2;2;5;2;5;6;6;6;4;6;7;-4.721496564164711;2;4;2;5;4;1;22;7.736644546237317;8;1;3;6;7;6.574634641212252;12;6;17;1;6;5;0;3;5;4;7;3.306857659612369;0;5;2;5;9;6;16;5;2;1;25;21;-1.1269773125084361;2;17;18;0;0;1;3;1;6;6;12;0;2;22;9.150940430405496;14;6;12;4;6;0;5;11;0;12;8;0;10;3;6;2;0;9;11;4;10;5;5;0;5;6;0;23;1.043539192971581;21;-5.059538689013283;6;4;12;2;2;6;4;3;3;2;2;5;20;9.849702343809904;3;11;4;6;11;2;1;5;3;1;1;2;24;23;5.775077165330973;3;12;4;4;7;-6.533221628079773;0;6;3;5;0;18;20;-0.06446084394539324;1;5;4;1;11;23;1.0245579035629242;5;2;8;16;6;10;5;3;6;6;3;0;1;0;15;19;4;17;5;5;22;-5.703713760551443
TRACK:352;225;285;2;2;5;2;5;6;6;6;4;6;7;-4.7047677475471135;2;4;2;5;4;1;22;7.77255696479857;8;1;3;6;7;6.544941132918435;6;4;10;6;1;1;5;1;22;7.701981371008349;8;1;5;20;-9.699720975134303;4;17;1;5;4;7;-5.034859634217442;0;0;22;-4.158738871657775;22;-3.9270135559385855;3;13;1;6;5;0;3;5;4;7;3.4978059543230433;0;5;2;5;9;6;16;5;2;1;25;21;-1.1918521564001368;2;17;18;0;0;1;3;1;6;6;12;0;2;22;9.164104048430184;14;6;12;4;6;0;5;11;0;12;8;0;10;3;6;2;0;9;11;4;10;5;5;0;5;6;0;23;1.0676236910424919;21;-5.070223388596861;6;4;12;2;2;6;4;3;3;2;2;5;20;9.750379070737957;3;11;4;6;11;2;1;5;3;1;1;0;25;7;1.7011540958180997;5;22;-5.636666133885308;4;4;7;-6.610753917545339;0;6;3;5;0;18;20;-0.04828251616689358;1;5;4;1;11;23;0.9867934100467373;5;2;8;16;6;10;5;3;6;6;3;0;1;0;15;19;4;17;5;5;22;-5.820830732619008
TRACK:353;225;285;2;2;5;2;5;6;6;6;4;6;7;-4.536447208284668;2;4;2;5;4;1;22;7.770247654387997;8;1;3;6;7;6.483321546595251;6;4;10;6;1;1;5;1;13;8;1;5;20;-9.450784164186523;4;17;1;5;4;7;-4.937854690506517;0;0;22;-3.9270135559385855;17;3;13;1;6;5;0;3;5;5;6;19;0;5;2;2;14;14;6;16;5;2;1;25;21;-1.1255081633360424;2;17;18;0;0;1;3;1;6;6;12;0;2;22;9.429191520868722;14;6;12;4;6;0;5;11;0;12;8;0;18;20;-0.04828251616689358;5;5;0;5;6;0;23;1.211012603836427;21;-5.226108836632826;6;4;12;2;2;6;4;3;3;2;2;5;20;9.51875087602371;3;11;4;6;11;2;1;5;3;1;1;0;25;7;1.7070156166277308;5;22;-5.703864187745995;4;4;7;-6.694034639670487;0;6;3;5;0;18;20;-0.08493470404879966;1;5;4;1;11;23;1.0414518298135986;5;4;0;24;11;6;10;5;3;6;6;3;0;1;0;15;19;4;17;5;5;22;-5.666879313201223
TRACK:354;306;309;2;2;5;2;5;6;6;6;4;6;7;-4.7972236600023495;2;4;2;5;4;1;22;7.859947305280562;8;1;3;6;7;6.420557705743858;6;4;10;6;1;1;5;1;22;7.61657318059969;8;1;5;20;-9.791044710412043;4;17;1;5;4;7;-5.007185388941101;16;1;6;5;0;3;5;4;6;16;0;5;2;5;9;6;22;-5.961783391881488;5;2;1;25;21;-1.1825725242289031;2;17;18;0;0;1;3;1;6;6;12;0;2;22;9.207397557485763;14;6;12;4;6;0;5;11;0;12;8;0;10;3;6;2;0;9;11;4;10;5;5;0;5;6;0;23;1.2750759266190492;21;-5.243321534618958;6;4;12;2;2;6;4;3;3;2;2;5;20;9.751231690494276;3;11;4;6;11;2;1;5;3;1;1;0;25;7;1.606372630333427;5;22;-5.610809049895014;4;4;7;-6.973544487282967;0;6;3;5;0;18;20;0.15916670317420348;1;5;4;1;11;23;0.9399728326442179;5;2;8;16;6;10;5;3;6;6;3;0;1;0;15;19;4;17;5;5;22;-5.8667486214080915
TRACK:355;306;309;2;2;5;2;5;6;6;6;4;6;7;-4.7831308173509965;2;4;2;5;4;1;22;7.814832579190593;8;1;3;6;7;6.620745066366275;6;4;10;6;1;1;5;1;22;7.614055304995256;8;4;10;1;5;4;7;-4.910297388745974;0;0;22;-4.245174117015225;17;3;13;1;6;5;0;3;5;4;7;3.3224435447426566;0;5;2;5;9;6;16;5;2;1;25;21;-1.3013665884872785;2;17;18;0;0;1;3;1;6;6;12;0;2;22;9.210736324839743;14;6;12;4;6;0;5;11;0;14;8;0;10;3;6;2;0;9;11;4;10;5;5;0;5;6;0;23;0.9993561603917747;21;-4.986509703943104;6;4;12;2;2;6;4;3;3;2;2;5;20;9.771859473127325;3;11;4;6;11;2;1;5;3;1;1;0;25;7;1.7696444094091128;5;22;-5.635132247273459;4;4;7;-6.607809662596436;0;6;3;5;0;18;20;-0.0842914419760207;1;5;4;1;11;23;0.9321647181015225;5;7;-6.973544487282967;6;10;5;3;6;6;3;0;1;0;15;19;4;17;5;5;22;-5.961783391881488
TRACK:356;320;306;2;2;5;2;5;6;6;6;4;6;7;-4.521257539795013;2;4;2;5;4;1;22;7.644514520870818;8;1;3;6;7;6.534820121920323;6;4;10;6;17;1;6;5;0;3;5;4;7;3.458786760232554;0;5;2;5;9;6;16;5;2;1;25;21;-0.9200850990894575;2;17;18;0;0;1;3;1;6;6;12;0;2;12;14;6;12;4;6;0;5;11;0;12;8;0;10;3;6;2;0;7;6.420557705743858;11;4;10;5;5;0;5;6;0;23;1.1376689094883043;21;-4.935779134914696;6;4;12;2;2;6;4;3;3;2;2;5;20;9.730844738089603;3;11;4;6;11;2;1;5;3;1;10;4;4;7;-6.434966835021014;0;6;3;5;0;18;20;-0.08741019522767766;1;0;18;10;5;2;8;16;6;10;5;3;6;6;3;0;1;0;15;19;4;17;5;5;22;-5.772918031141946
TRACK:357;320;306;2;2;5;2;5;6;6;6;4;6;7;-4.7972236600023495;2;4;2;5;4;1;22;7.859947305280562;8;1;3;6;7;6.420557705743858;6;4;10;6;1;1;5;1;22;7.61657318059969;8;1;5;20;-9.791044710412043;4;17;1;5;4;7;-5.007185388941101;16;1;6;5;0;3;5;4;6;16;0;5;2;5;9;6;16;1;10;4;4;7;-6.434966835021014;0;0;1;3;1;6;6;12;0;2;22;9.207397557485763;14;6;12;4;6;0;5;11;0;12;8;0;10;3;6;2;0;9;11;4;10;5;5;0;5;6;0;23;1.2750759266190492;21;-5.243321534618958;6;4;12;2;2;6;4;3;3;2;2;5;20;9.751231690494276;3;11;4;6;11;2;1;5;3;1;1;0;25;7;1.606372630333427;5;22;-5.610809049895014;4;4;7;-6.973544487282967;0;6;3;5;0;18;20;0.15916670317420348;1;5;4;1;11;23;0.9399728326442179;5;2;8;16;6;10;5;3;6;6;3;0;1;0;15;19;4;17;5;5;22;-5.8667486214080915
TRACK:358;301;307;2;2;5;2;5;6;6;6;4;6;7;-4.686238652954311;2;4;2;5;4;1;22;7.679070466657394;8;1;3;6;7;6.6538694750227005;6;4;10;6;17;1;6;5;0;3;5;4;7;3.2596921737568922;0;5;2;5;9;6;16;5;2;1;25;21;-1.0347743574851778;2;17;18;0;5;0;5;6;0;23;1.3245235647565505;21;-5.209681980055027;6;4;12;5;5;0;5;6;0;23;1.070799972667482;21;-5.072183481308779;6;4;12;2;2;6;4;3;3;2;2;5;20;9.768560605509096;3;11;4;6;11;2;1;5;3;1;1;2;24;23;5.637226970309687;3;12;4;4;7;-6.471417115981413;0;6;3;5;0;18;20;0.013157567734939452;1;5;4;1;11;23;0.9188464573735614;5;2;8;16;6;10;5;3;6;6;3;0;1;0;15;19;4;17;5;5;22;-5.7573435533951205
TRACK:359;301;307;2;2;5;2;5;6;6;6;4;6;7;-4.778374756357653;2;4;2;5;4;1;22;7.794189941612496;8;1;3;6;7;6.348183744416492;6;4;10;6;1;1;5;1;22;7.734158023910651;8;1;5;20;-9.732823987011592;4;17;1;5;4;7;-5.0522784705515145;16;1;6;5;0;3;5;4;7;3.314978667095584;0;5;2;5;9;6;16;5;2;1;25;21;-1.1721920043609702;2;17;18;0;0;1;3;1;6;6;12;0;2;22;9.222980248389659;14;6;12;4;6;0;5;11;0;12;8;0;10;3;6;2;0;9;11;4;10;5;5;0;5;6;0;23;1.3245235647565505;21;-5.209681980055027;6;4;12;2;2;6;4;3;3;2;2;5;20;9.9811515315992;3;11;4;6;11;2;1;5;3;1;1;0;25;21;-5.072183481308779;5;22;-3.9647501117957153;4;4;7;-6.682696039612702;0;6;3;5;0;18;20;0.09596391664938689;1;5;4;1;11;23;0.8401869671769815;5;2;0;16;12;16;6;10;5;3;6;6;3;0;1;0;15;19;4;17;5;5;22;-5.70840407350171
TRACK:360;301;-1;2;2;5;2;5;6;6;6;4;6;7;-4.73203494838692;2;4;2;5;4;1;22;7.717667846071424;8;1;3;6;7;6.799053221747051;6;4;10;6;17;1;6;5;0;3;5;4;7;3.179623876497959;0;5;2;5;9;6;16;5;2;1;25;21;-1.034399929049785;2;17;18;0;0;1;3;1;6;6;12;0;2;12;14;6;12;4;6;0;5;11;0;12;8;0;10;3;6;2;0;9;11;4;10;5;5;0;5;6;0;23;1.1263502130378271;21;-4.904815853708005;6;4;12;2;2;6;4;3;3;2;2;5;20;9.843049869584592;3;11;4;6;11;2;1;5;3;1;1;2;24;23;5.638696255834207;3;12;4;4;7;-6.583435360493813;0;6;3;5;0;18;20;0.07065112488740086;1;5;4;1;11;23;0.9185558364636563;5;2;8;16;6;10;5;3;6;6;3;0;1;0;15;19;4;17;5;19
TRACK:361;352;-1;2;2;5;2;5;6;6;6;4;6;7;-4.77195069616654;2;4;2;5;4;1;22;7.775285041860807;8;1;3;6;7;6.418744220931242;6;4;10;6;1;1;5;1;22;7.559503069187944;8;1;5;20;-9.72789627321782;4;17;1;5;4;7;-4.858905543125228;0;0;22;-4.1586001005366136;22;-3.995188594012484;3;13;1;6;5;0;3;5;4;7;3.4365195489219786;0;5;2;5;9;6;16;5;2;1;25;21;-1.2956918357763643;2;17;18;0;0;1;3;1;6;6;12;0;2;22;9.158771640708236;14;6;12;4;6;0;5;11;0;12;8;6;3;25;5;5;0;5;6;0;23;1.119385198843938;21;-5.119202541553838;6;4;12;2;2;6;4;3;3;2;2;5;20;9.812068060814902;3;11;4;6;11;2;1;5;3;1;1;0;25;7;1.605084832431595;5;22;-5.673967432361652;4;4;7;-6.716858617101228;0;6;3;5;0;18;20;-0.04332349771112337;1;5;4;1;11;23;1.0673373841085618;5;2;8;16;6;10;5;3;6;6;3;0;1;0;15;19;4;17;5;5;22;-5.938356779206273
TRACK:362;354;-1;2;2;5;2;5;6;6;6;4;6;7;-4.667253673932276;2;4;2;5;4;1;22;7.943424928029178;8;1;3;6;7;6.3549652965770465;6;4;10;6;1;1;5;1;22;7.637563854600207;8;1;5;20;-9.876833530386385;4;17;1;5;4;7;-4.965334144324839;16;1;6;5;0;3;5;4;6;16;0;5;2;5;9;6;22;-5.975012274573652;5;2;1;25;21;-1.07276558801658;2;17;18;0;0;1;3;1;6;6;12;0;2;22;9.120239340612844;14;6;12;4;6;0;5;11;0;12;8;0;10;3;6;2;0;9;11;4;10;5;5;0;5;6;0;23;1.0832699795566776;21;-5.098620011623895;6;4;12;2;2;6;4;3;3;2;2;5;20;9.611154825497948;3;11;4;6;11;2;1;5;3;1;1;0;25;7;1.6875848386929793;5;22;-5.682507256669398;4;4;7;-7.177261933160489;0;6;3;5;0;18;20;0.11446353291056263;1;5;4;1;11;23;0.9487099741152097;5;2;8;16;6;10;5;3;6;6;3;3;2;24;7;9.925153739966134
TRACK:363;320;-1;2;2;5;2;5;6;6;6;4;6;7;-4.472252877173367;2;4;2;5;4;1;22;7.707686338433748;8;1;3;6;7;6.452177142039102;6;4;10;2;6;5;16;0;2;21;6.412371589785554;9;4;25;1;6;5;0;3;5;4;7;3.421837757485638;0;5;2;5;9;6;16;5;2;1;25;21;-0.959051790566352;2;17;18;0;0;1;3;1;6;6;12;0;2;12;14;6;12;4;6;0;5;11;0;12;8;0;10;3;6;2;0;9;11;4;10;5;5;0;5;6;0;23;1.0566611232258174;21;-4.967432123462208;6;4;12;2;2;6;4;3;3;2;2;5;20;9.628744995250727;3;11;4;6;11;2;1;5;3;1;10;4;4;7;-6.519999729287786;0;6;3;5;0;18;20;0.03481302729778468;1;0;18;10;5;2;8;16;6;10;5;3;6;6;3;0;1;0;15;19;4;17;5;5;22;-5.993591285754511
TRACK:364;358;-1;2;2;5;2;5;6;6;6;4;6;7;-4.826396880403316;2;4;2;5;1;3;7;-0.1743505708665598;2;13;23;-0.10630426421220207;1;3;6;7;6.7748125198660665;6;4;10;6;17;1;6;5;0;3;5;4;7;3.3698364863381762;0;5;2;5;9;6;16;5;2;1;25;21;-1.1279468663716625;2;17;18;0;5;0;5;6;0;23;1.3299680216727299;21;-5.313402547114763;6;4;12;5;5;0;5;6;0;23;0.9156736781250946;21;-4.975074217460267;6;4;12;2;2;6;4;3;3;2;2;5;20;9.567561893441617;3;11;4;6;11;2;1;5;3;1;1;2;24;23;5.667071002402708;3;12;4;4;7;-6.559629914947583;0;6;3;5;0;18;20;-0.026561174838441858;1;5;4;1;11;23;0.9210220550849815;5;2;8;16;6;10;5;3;6;6;3;0;1;0;15;19;4;17;5;5;22;-5.730226931914427
TRACK:365;280;-1;2;2;5;2;5;6;6;6;4;6;7;-4.719176702501448;2;4;2;5;4;1;22;7.679070110025357;8;1;3;6;10;6;4;10;6;17;1;6;5;0;3;5;4;7;3.488950462650147;0;5;2;5;9;6;16;5;2;1;25;21;-1.138943974431131;2;17;18;0;0;1;3;1;6;6;12;0;2;22;9.086070087267322;14;6;12;4;6;0;5;11;0;12;8;0;10;3;6;2;0;9;11;4;10;5;5;0;5;6;0;23;0.9481674721037008;21;-5.0736208978962365;6;4;12;2;2;6;4;3;3;2;2;5;20;9.820750716794429;3;11;4;6;11;2;1;5;3;1;1;2;24;23;5.669988283113909;3;12;4;4;7;-6.705748746331945;0;6;3;5;0;18;20;-0.07465390145910725;1;5;4;1;11;23;0.9858865813968671;5;2;8;16;6;10;5;3;6;6;3;0;1;0;15;19;4;17;5;5;22;-5.835681902091719
TRACK:366;353;-1;2;2;5;2;5;6;6;6;4;6;7;-4.476333910525785;2;4;2;5;4;1;22;7.881809943163207;8;1;3;6;7;6.501383508712261;6;4;10;6;1;1;5;1;13;8;1;5;20;-9.52207216830883;4;17;1;5;4;7;-4.836172139047473;0;0;22;-4.068436819479552;17;3;13;1;6;5;0;3;5;5;6;19;0;5;2;2;14;14;6;16;5;2;1;25;21;-1.145057452884498;2;17;18;0;0;1;3;1;6;6;12;0;2;22;9.453525857830169;14;6;12;4;6;0;5;11;0;12;8;0;18;20;-0.10330326251736294;5;5;0;5;6;0;23;1.2122592518954816;21;-5.258239985899652;6;4;12;2;2;6;4;3;3;2;2;5;20;9.61179455996449;3;11;4;6;11;2;1;5;3;1;1;0;25;7;1.8405627023226656;5;22;-5.71374905781845;4;4;7;-6.721137289551381;0;6;3;5;0;18;22;-9.329443209861934;1;5;4;1;11;23;1.0533322588721121;5;4;0;24;11;6;10;5;3;6;6;3;0;1;0;15;19;4;17;5;5;22;-5.521999169577387
TRACK:367;355;-1;2;2;5;2;5;6;6;6;4;6;7;-4.6797057545568395;2;4;2;5;4;1;22;7.760728086555106;8;1;3;6;7;6.64404090971013;6;4;10;6;1;1;5;1;22;7.599633265168496;8;4;10;1;5;4;7;-4.892513734521003;0;0;22;-4.32712049813199;17;3;13;1;6;5;0;3;5;4;7;3.2883671198550055;0;5;2;5;9;6;16;5;2;1;25;21;-1.3026574512842302;2;17;18;0;0;1;3;1;6;6;12;0;2;22;9.032930990009422;14;6;12;4;6;0;5;11;0;14;8;0;10;3;6;2;0;9;11;4;10;5;5;0;5;6;0;23;0.9663507584378885;21;-5.070568859593151;6;4;12;2;2;6;4;3;3;2;2;5;20;9.7736181771233;3;11;4;6;11;2;1;5;3;1;1;0;25;7;1.8640073292274404;5;22;-5.571090186839058;4;4;7;-6.660612331012535;0;6;3;5;0;18;8;1;5;4;1;11;23;0.9532896964972579;5;7;-6.916590618276968;6;10;5;3;6;6;3;0;1;0;15;19;4;17;5;5;22;-5.831327481957803
TRACK:368;306;-1;2;2;5;2;5;6;6;6;4;6;7;-4.752565576135607;2;4;2;5;4;1;22;7.892658051990319;8;1;3;6;7;6.5130358914571005;6;4;10;6;1;1;5;1;22;7.635465697102583;8;1;5;20;-9.777774899152035;4;17;1;5;4;7;-4.8102237074565934;16;1;6;5;0;3;5;4;6;16;0;5;2;5;9;6;16;5;2;1;25;21;-1.110910977292007;2;17;18;0;0;1;3;1;6;6;12;0;2;22;9.25395599594014;14;6;12;4;6;0;5;11;0;12;8;3;18;5;5;0;5;6;0;23;1.431529961897219;21;-5.14101559046107;6;4;12;2;2;6;4;3;3;2;2;5;20;9.766756290246311;3;11;4;6;11;2;1;5;3;1;1;0;25;7;1.755945798209943;5;22;-5.613326614070044;4;4;7;-6.777518564469626;0;6;3;5;0;18;20;0.14394301033342344;1;5;4;1;11;23;0.9115872508747942;5;2;8;16;6;10;5;3;6;6;3;0;1;0;15;19;4;17;5;5;22;-5.790424419100384
TRACK:369;359;-1;2;2;5;2;5;6;6;6;4;6;7;-4.780061723644524;2;4;2;5;4;1;22;7.899525334335318;8;1;3;6;7;6.341032094718695;6;4;10;6;1;1;5;1;22;7.666356914655191;8;1;5;20;-9.764904862692333;4;17;1;5;4;7;-5.177533824540625;16;1;6;5;0;3;5;4;7;3.353786413517138;0;5;2;5;9;6;16;5;2;1;25;21;-1.1014188065513486;2;17;18;0;0;1;3;1;6;6;12;0;2;19;14;6;12;4;6;0;5;11;0;12;8;0;10;3;6;2;0;9;11;4;10;5;5;0;5;6;0;23;1.4656945717420504;21;-5.1235135797866524;6;4;12;2;2;6;4;3;3;2;2;5;20;9.965081659452645;3;11;4;6;11;2;1;5;3;1;1;0;25;21;-4.896483599841591;5;22;-3.9784113784168964;4;4;7;-6.614370193739514;0;6;3;5;0;18;20;0.09090052586648734;1;5;4;1;11;23;1.0838961552288242;5;2;0;16;12;16;6;10;5;3;6;6;3;0;1;0;15;19;4;17;5;5;22;-5.809396537109379
EVAL_INSTANCE:18:0:360
EVAL_INSTANCE:18:1:361
EVAL_INSTANCE:18:2:362
EVAL_INSTANCE:18:3:363
EVAL_INSTANCE:18:4:364
EVAL_INSTANCE:18:5:365
EVAL_INSTANCE:18:6:366
EVAL_INSTANCE:18:7:367
EVAL_INSTANCE:18:8:368
EVAL_INSTANCE:18:9:369
RUN_RESULT:18:0:0:85:DDDRRRDUUULDDRDRDLLLDL
RUN_RESULT:18:1:0:2000:----
RUN_RESULT:18:2:0:49:DDDRRRDRRDLDRLLLLULD
RUN_RESULT:18:3:0:14:DDDRRRDRDLLDLL
RUN_RESULT:18:4:0:2000:----
RUN_RESULT:18:5:0:55:DDDRRRDULLUURRLLDDRRDRDLLLDL
RUN_RESULT:18:6:0:2000:----
RUN_RESULT:18:7:0:14:DDDRRRDRDLLDLL
RUN_RESULT:18:8:0:2000:----
RUN_RESULT:18:9:0:14:DDDRRRDRDLLDLL
    19 |      190 | -3.986000E+03 | -3.986000E+03
TRACK:370;306;285;2;2;5;2;5;6;6;6;4;6;7;-4.7972236600023495;2;4;2;5;4;1;22;7.859947305280562;8;1;3;6;7;6.420557705743858;6;4;10;6;1;1;5;1;22;7.61657318059969;8;1;5;20;-9.791044710412043;4;17;1;5;4;7;-5.007185388941101;16;1;6;5;0;3;5;4;6;16;0;5;2;5;9;6;16;5;2;1;25;21;-1.1825725242289031;2;17;18;0;0;1;3;1;6;6;12;0;2;22;9.207397557485763;14;6;12;4;6;0;5;11;0;12;8;0;10;3;6;2;0;9;11;4;10;5;5;0;5;6;0;23;1.2750759266190492;21;-5.243321534618958;6;4;12;2;2;6;4;3;3;2;2;5;20;9.751231690494276;3;11;4;6;11;2;1;5;3;1;8;4;4;7;-6.973544487282967;0;6;3;5;0;18;20;0.15916670317420348;1;5;4;1;11;23;0.9399728326442179;5;2;8;16;6;10;5;3;6;6;3;0;1;0;15;19;4;17;5;5;22;-5.8667486214080915
TRACK:371;306;285;2;2;5;2;5;6;6;6;4;6;7;-4.536447208284668;2;4;2;5;4;1;22;7.770247654387997;8;1;3;6;7;6.483321546595251;6;4;10;6;1;1;5;1;13;8;1;5;20;-9.450784164186523;4;17;1;5;4;7;-4.937854690506517;0;0;22;-3.9270135559385855;17;3;13;1;6;5;0;3;5;5;6;19;0;5;2;2;14;14;6;16;5;2;1;25;21;-1.1255081633360424;2;17;18;0;0;1;3;1;6;5;9;0;2;22;9.429191520868722;14;6;12;4;6;0;5;11;0;12;8;0;10;3;6;2;6;12;4;10;5;5;0;5;6;0;23;1.211012603836427;21;-5.226108836632826;6;4;12;2;2;6;4;3;3;2;2;5;20;9.51875087602371;3;11;4;6;11;2;1;5;3;1;1;0;25;7;1.7070156166277308;5;22;-5.703864187745995;4;4;7;-6.694034639670487;0;6;3;5;0;18;20;-0.08493470404879966;1;5;4;1;11;23;1.0414518298135986;5;4;0;24;11;6;10;5;3;6;6;3;0;1;0;15;19;4;17;5;5;22;-5.666879313201223
TRACK:372;225;320;2;2;5;2;5;6;6;6;4;6;7;-4.7047677475471135;2;4;2;5;4;1;22;7.77255696479857;8;1;3;6;7;6.544941132918435;6;4;10;6;1;1;5;1;22;7.701981371008349;8;1;5;20;-9.699720975134303;4;17;1;5;4;7;-5.034859634217442;0;0;22;-4.158738871657775;17;3;13;1;6;5;0;3;5;4;7;3.4978059543230433;0;5;2;5;9;6;16;5;2;1;25;21;-1.1918521564001368;2;17;18;0;0;1;3;1;6;6;12;0;2;22;9.164104048430184;14;6;12;4;6;0;5;11;0;12;8;0;10;3;6;2;0;9;11;4;10;5;5;0;5;6;0;23;1.0676236910424919;21;-5.070223388596861;6;4;12;2;2;6;4;3;3;2;2;5;20;9.750379070737957;3;11;4;6;11;2;1;5;3;1;1;0;25;7;1.7011540958180997;5;22;-5.636666133885308;4;4;7;-6.610753917545339;0;6;3;5;0;18;10;1;5;4;1;11;23;0.9867934100467373;5;2;8;16;6;10;5;3;6;6;3;0;1;0;15;19;4;17;5;5;22;-5.820830732619008
TRACK:373;225;320;2;2;5;2;5;6;6;6;4;6;7;-4.521257539795013;2;4;2;5;4;1;22;7.644514520870818;8;1;3;6;7;6.534820121920323;6;4;10;6;17;1;6;5;0;3;5;4;7;3.458786760232554;0;5;2;5;9;6;16;5;2;1;25;21;-0.9200850990894575;2;17;18;0;0;1;3;1;6;6;12;0;2;12;14;6;12;4;6;0;5;11;0;12;8;0;10;3;6;2;0;9;11;4;10;5;4;6;7;-4.7047677475471135;2;2;6;4;3;3;2;2;5;20;9.730844738089603;3;11;4;6;11;2;1;5;3;1;10;4;4;7;-6.434966835021014;0;6;3;5;0;18;20;-0.08741019522767766;1;0;18;10;5;2;8;16;6;10;5;3;6;6;3;0;1;0;15;19;4;17;5;5;22;-5.772918031141946
TRACK:374;302;307;2;2;5;2;5;6;6;6;4;6;7;-4.503952535235915;2;4;2;5;4;1;22;7.797952667399094;8;1;3;6;14;6;4;10;6;1;1;5;1;13;8;1;5;20;-9.391813370911471;4;17;1;5;4;7;-4.809614709394883;0;0;22;-3.8220962878787557;17;3;13;1;6;5;0;3;5;5;6;19;0;5;2;2;14;14;6;16;5;2;1;25;21;-1.319202650069395;2;17;18;0;0;1;3;1;6;6;12;0;2;22;9.402971996077012;14;6;12;4;6;0;5;11;0;12;8;0;10;3;6;2;6;12;4;10;5;5;0;5;6;0;23;1.171266834010307;21;-5.342853468012137;6;4;12;2;2;6;4;3;3;2;2;5;20;9.679946920031758;3;11;4;6;11;2;1;5;3;1;1;0;25;11;5;22;-5.7125010637447025;4;4;7;-6.773296617091091;0;6;3;5;0;18;20;-0.04541039290705678;1;5;4;1;11;23;1.001767013468202;5;4;0;24;11;6;10;5;3;6;6;3;0;1;0;15;19;4;10;5;5;22;-5.515464805386863
TRACK:375;302;307;2;2;5;2;5;6;6;6;4;6;7;-4.778374756357653;2;4;2;5;4;1;22;7.794189941612496;8;1;3;6;7;6.348183744416492;6;4;10;6;1;1;5;1;22;7.734158023910651;8;1;5;20;-9.732823987011592;4;17;1;5;4;7;-5.0522784705515145;16;1;6;5;0;3;5;4;7;3.314978667095584;0;5;2;5;9;6;16;5;2;1;25;21;-1.1721920043609702;2;17;18;0;0;1;3;1;6;6;12;0;2;22;9.222980248389659;14;6;12;4;6;0;5;11;0;12;8;0;10;3;6;2;0;9;11;4;10;5;5;0;5;6;0;23;1.3245235647565505;21;-5.209681980055027;6;4;12;2;2;6;4;3;3;2;21;-1.319202650069395;4;6;11;2;1;5;3;1;1;0;25;7;1.6911574371360523;5;22;-3.9647501117957153;4;4;7;-6.682696039612702;0;6;3;5;0;18;20;0.09596391664938689;1;5;4;1;11;23;0.8401869671769815;5;2;0;16;12;16;6;10;5;3;6;6;3;0;1;0;15;19;4;17;5;5;22;-5.70840407350171
TRACK:376;306;285;2;2;5;2;5;6;6;6;4;6;7;-4.7972236600023495;2;4;2;5;4;1;22;7.859947305280562;8;1;3;6;7;6.420557705743858;6;4;10;6;1;1;5;1;22;7.61657318059969;8;1;5;20;-9.791044710412043;4;17;1;5;4;7;-5.007185388941101;16;1;6;5;0;3;5;4;6;16;0;5;2;5;9;6;16;5;2;1;25;21;-1.1825725242289031;2;17;18;0;0;1;3;1;6;6;12;0;2;22;9.207397557485763;14;6;12;4;6;0;5;11;0;12;8;0;10;3;6;2;0;9;11;4;10;5;5;0;5;6;0;23;1.2750759266190492;21;-5.243321534618958;6;4;12;2;2;6;4;3;3;2;2;5;20;9.751231690494276;3;11;4;6;11;2;1;5;3;1;1;0;25;7;1.606372630333427;5;22;-5.610809049895014;4;4;7;-6.973544487282967;0;6;3;5;0;18;20;0.15916670317420348;14;6;10;5;3;6;6;3;0;1;0;15;19;4;17;5;5;22;-5.8667486214080915
TRACK:377;306;285;2;2;5;2;5;6;6;8;2;4;2;5;4;1;22;7.770247654387997;8;1;3;6;7;6.483321546595251;6;4;10;6;1;1;5;1;13;8;1;5;20;-9.450784164186523;4;17;1;5;4;7;-4.937854690506517;0;0;22;-3.9270135559385855;17;3;13;1;6;5;0;3;5;5;6;19;0;5;2;2;14;14;6;16;5;2;1;25;21;-1.1255081633360424;2;17;18;0;0;1;3;1;6;6;12;0;2;22;9.429191520868722;14;6;12;4;6;0;5;11;0;12;8;0;10;3;6;2;6;12;4;10;5;5;0;5;6;0;23;1.211012603836427;21;-5.226108836632826;6;4;12;2;2;6;4;3;3;2;2;5;20;9.51875087602371;3;11;4;6;11;2;1;5;3;1;1;0;25;7;1.7070156166277308;5;22;-5.703864187745995;4;4;7;-6.694034639670487;0;6;3;5;0;18;20;-0.08493470404879966;1;5;4;1;11;23;1.0414518298135986;5;4;0;24;11;6;10;5;3;6;6;3;0;1;0;15;19;4;17;5;5;22;-5.666879313201223
TRACK:378;309;261;2;2;5;2;5;6;6;6;4;6;7;-4.7831308173509965;2;4;2;5;4;1;22;7.814832579190593;8;1;3;6;7;6.620745066366275;6;4;10;6;1;1;5;1;22;7.614055304995256;8;4;10;1;5;4;7;-4.910297388745974;0;0;22;-4.245174117015225;17;3;13;1;6;5;0;3;5;4;7;3.3224435447426566;0;5;2;5;9;6;16;5;2;1;25;21;-1.3013665884872785;2;17;18;0;0;1;3;1;6;6;12;0;2;22;9.210736324839743;14;6;12;4;6;5;22;-5.64150059739066;0;10;3;6;2;0;9;11;4;10;5;5;0;5;6;0;23;0.9993561603917747;21;-4.986509703943104;6;4;12;2;2;6;4;3;3;2;2;5;20;9.771859473127325;3;11;4;6;11;2;1;5;3;1;1;0;25;7;1.7696444094091128;5;22;-5.635132247273459;4;4;7;-6.607809662596436;0;6;3;5;0;18;20;-0.0842914419760207;1;5;4;1;11;23;0.9321647181015225;5;2;8;16;6;10;5;3;6;6;3;0;1;0;15;19;4;17;5;5;22;-5.961783391881488
TRACK:379;309;261;2;2;5;2;5;6;6;6;4;6;7;-4.892847907328929;2;4;2;5;4;1;22;7.7939755663801025;8;1;3;6;7;6.45019809254974;6;4;10;6;1;1;5;1;22;7.6729218342016825;8;1;5;20;-9.764444907941352;4;17;1;5;4;7;-4.980072997395729;16;1;6;5;0;3;5;4;7;3.352176103077218;0;5;2;5;9;6;16;5;2;1;25;21;-1.2382465471364625;2;17;18;0;0;1;3;1;6;6;12;0;2;22;9.23605698473715;14;6;12;4;6;0;5;11;0;12;8;0;10;3;6;2;0;9;11;4;10;5;5;0;5;6;0;23;1.2761663585556544;21;-5.188504753851686;6;4;12;2;2;6;4;3;3;2;2;5;20;9.841720619057728;3;11;4;6;11;2;1;5;3;1;1;0;25;7;1.7333109892252987;5;22;-5.64150059739066;4;4;11;0;6;3;5;0;18;20;-0.10275575483540775;1;5;4;1;11;23;0.806294626558574;5;2;8;16;6;10;5;3;6;6;3;0;1;0;15;19;4;17;5;5;22;-5.756533220229769
TRACK:380;370;-1;2;2;5;2;5;6;6;6;4;6;7;-4.811912876644243;2;4;2;5;4;1;22;8.02039618009633;8;1;3;6;7;6.244663403332183;6;4;10;6;1;1;5;1;22;7.620183445611243;8;1;5;20;-9.890346812333505;4;17;1;5;4;7;-5.150235627011197;16;1;6;5;0;3;5;4;6;16;0;5;2;5;9;6;16;5;6;21;-3.140803795874203;0;0;1;3;1;6;6;12;0;2;22;9.184658692045117;14;6;12;4;6;0;5;11;0;12;8;0;10;3;6;2;0;9;11;4;10;5;5;0;5;6;0;23;1.1707103259898715;21;-5.36824506387807;6;4;12;2;2;6;4;3;3;2;2;5;20;9.795122133245506;3;11;4;6;11;2;1;5;3;1;8;4;4;7;-6.939636343997725;0;6;3;5;0;18;20;0.10840993996089848;1;5;4;1;11;23;0.8353014427895051;5;2;8;16;6;10;5;3;6;6;3;0;1;0;15;19;4;17;5;5;22;-5.945081150094953
TRACK:381;225;-1;2;2;5;2;5;6;6;6;4;6;7;-4.527758874113616;2;4;2;5;4;1;22;7.822560881159473;8;1;3;6;7;6.629860456974019;6;4;10;6;1;1;5;1;22;7.56668261432484;8;1;5;20;-9.71272298784238;4;17;1;5;4;7;-5.032565396932248;0;0;22;-4.137348319342684;17;3;13;1;6;5;0;3;5;4;7;3.3733137413211876;0;5;2;5;9;2;21;-4.465012383660438;8;5;2;1;25;21;-1.2426489746456244;2;17;18;0;0;1;3;1;6;6;12;0;2;22;8.927348296248859;14;6;12;4;6;0;5;11;0;12;8;0;10;3;6;2;0;9;11;4;10;5;5;0;5;6;0;23;0.9825371554914197;21;-5.1151925257985855;6;4;12;2;2;6;4;3;3;2;2;5;20;9.733515304364323;3;11;4;6;11;2;1;5;3;1;1;0;25;7;1.6127268206753462;5;22;-5.593146449143505;4;4;7;-6.722748151115988;0;6;3;5;0;18;20;0.12767163184155952;1;5;4;1;11;23;0.9187668554837939;5;2;8;16;6;10;5;3;6;6;3;0;1;0;15;19;4;17;5;5;22;-5.970876467454085
TRACK:382;374;-1;2;2;5;2;5;6;6;6;4;6;7;-4.435482392740878;2;4;2;5;4;1;22;8.123562962672002;8;1;0;1;9;14;1;12;22;3.936369989255695;6;4;10;6;1;1;5;1;13;8;1;5;20;-9.389296631726193;4;17;1;5;4;7;-4.73661778802217;0;0;22;-3.875706846097565;17;3;13;1;6;5;0;3;5;5;6;19;0;5;2;2;14;14;6;16;5;2;1;25;21;-1.246485652794863;2;17;18;0;0;1;3;1;6;6;12;0;2;22;9.445451971443475;14;6;12;4;6;0;5;11;0;12;8;0;10;3;6;2;6;12;4;10;5;5;0;5;6;0;23;1.15804083562569;21;-5.280441640640971;6;4;12;2;2;6;4;3;3;2;2;5;20;9.571625854140034;3;11;4;6;11;2;1;5;3;1;1;0;25;11;5;22;-5.656944589344079;4;4;7;-6.725053015485718;0;6;3;5;0;18;20;-0.08466735449020296;1;5;4;1;11;23;0.6406522548702297;5;4;0;24;11;6;10;5;3;6;6;3;0;1;0;15;19;4;10;5;5;22;-5.554593286009338
TRACK:383;376;-1;2;2;5;2;5;6;6;6;4;5;13;2;4;2;5;4;1;22;7.913867261470756;8;1;3;6;7;6.503747927371741;6;4;10;6;1;1;5;1;22;7.509447764692617;8;1;5;20;-9.711131248290545;4;17;1;5;4;7;-4.920105872588227;16;1;6;5;0;3;5;4;6;16;0;5;2;5;9;6;16;5;2;1;25;21;-1.1544031344154075;2;17;18;0;0;1;3;1;6;6;12;0;2;22;9.257822712942351;14;6;12;4;6;0;5;11;0;12;8;0;10;3;6;2;0;9;11;4;10;5;5;0;5;6;0;23;1.3841367295693412;21;-5.150577102447827;6;4;12;2;2;6;4;3;3;2;2;5;20;9.889896000160297;3;11;4;6;11;2;1;5;3;1;1;0;25;7;1.7268266316395302;5;22;-5.6036210723807205;4;4;7;-7.051174438504654;0;6;3;5;0;18;20;0.028017740981984007;14;6;10;5;3;6;6;3;0;1;0;15;19;4;17;5;5;22;-5.755969127940198
TRACK:384;378;-1;2;2;5;2;5;6;6;6;4;6;7;-4.775117154653571;2;4;2;5;4;1;22;7.633367089327203;8;1;3;6;7;6.604004249799042;6;4;10;6;1;1;5;1;22;7.571667991477455;8;4;10;1;5;4;7;-4.8563362828963905;0;0;22;-4.251235697500177;17;3;13;1;6;5;0;3;5;4;7;3.2583247886000115;0;5;2;5;9;6;16;5;2;1;25;21;-1.2281762069194946;2;17;18;0;0;1;3;1;6;6;12;0;2;22;9.067557703539228;14;6;12;4;6;5;22;-5.689257981785491;0;10;3;6;2;0;9;11;4;10;5;5;0;5;6;0;23;1.1152412914614032;21;-4.958414597200902;6;4;12;2;2;6;4;3;3;2;2;5;20;9.651831582610647;3;18;4;6;11;2;1;5;3;1;1;0;25;7;1.6655489596071649;5;22;-5.482060129181728;4;4;7;-6.593561790752313;0;6;3;5;0;18;20;0.03369407385465151;1;5;4;1;11;23;0.878000774419079;5;2;8;16;6;10;5;3;6;6;3;0;1;0;15;19;4;17;5;5;22;-5.804244254894917
TRACK:385;371;-1;2;2;5;2;5;6;6;6;4;6;7;-4.492651970588451;2;4;2;5;4;1;22;7.663398147535776;8;1;3;6;7;6.606963598227725;6;4;10;6;1;1;5;1;13;8;1;5;20;-9.348685793133772;4;17;1;5;4;7;-5.103548678079548;0;0;22;-3.9724725367793403;17;3;13;1;6;5;0;3;5;5;6;19;0;5;2;2;14;14;6;16;5;2;5;8;2;17;18;0;0;1;3;1;6;5;9;0;2;22;9.308625014426173;14;6;12;4;6;0;5;11;0;12;8;0;10;3;6;2;6;12;4;10;5;5;0;5;6;0;23;1.2308621992190003;21;-5.420985109074917;6;4;12;2;2;6;4;3;3;2;2;5;20;9.356717359184554;3;11;4;6;11;2;1;5;3;1;1;0;25;7;1.7125886356166;5;22;-5.640977509385693;4;4;7;-6.866114880326576;0;6;3;5;0;18;20;-0.02589590706915193;1;5;4;1;11;23;1.078729954647381;5;4;0;24;11;6;10;5;3;6;6;3;0;1;0;15;19;4;17;5;5;22;-5.722068768801463
TRACK:386;320;-1;2;2;5;2;5;6;6;6;4;6;7;-4.696145192856735;2;4;2;5;4;1;22;7.4285673563228745;8;1;3;6;7;6.367044450632936;6;4;10;6;17;1;6;5;0;3;5;4;7;3.5754005754929756;0;5;2;5;9;6;16;5;2;1;25;21;-0.6513052063288647;2;17;18;0;0;1;3;1;6;6;12;0;2;12;14;6;12;4;6;0;5;11;0;12;8;0;10;3;6;2;0;9;11;4;10;5;5;0;5;6;0;23;1.0993620679396046;21;-4.7000897816301554;6;4;12;2;2;6;4;3;3;2;2;5;20;9.830217936558638;3;11;4;6;11;2;1;5;3;1;10;4;4;7;-8.800685118206433;0;6;3;5;0;18;20;-0.2030992387155008;1;0;18;10;5;2;8;16;6;10;5;3;6;6;3;0;1;0;15;19;4;17;5;5;22;-5.748268921076174
TRACK:387;375;-1;2;2;5;2;5;6;6;6;4;6;7;-4.790275365749941;2;4;2;5;4;1;22;7.642472974736138;8;1;3;6;7;6.39748812629954;6;4;10;6;1;1;5;1;22;7.848814756592632;8;1;5;20;-9.678287779293038;4;17;1;5;4;7;-5.0073706093095085;16;1;6;5;0;3;5;4;7;3.3784222018518673;0;5;2;5;9;6;16;5;2;1;25;21;-1.1362911427914484;2;17;18;0;0;1;3;1;6;6;12;0;2;22;9.206458247918984;14;6;12;4;6;0;5;11;0;12;8;0;10;3;6;2;0;9;11;4;10;5;5;0;5;6;0;23;1.152327412785819;21;-5.192110000706154;6;4;12;2;2;6;4;3;3;2;21;-1.3365161412596074;4;6;11;2;1;5;3;1;1;0;25;7;1.5567085693299307;5;22;-3.808044175257133;4;4;7;-6.5979835157241675;0;6;3;5;0;18;20;0.08361504077963555;1;5;4;1;11;23;0.8498466781116178;5;2;0;16;12;16;6;10;5;3;6;6;3;0;1;0;15;19;4;12;5;5;22;-5.788420214550579
TRACK:388;377;-1;2;2;5;2;5;6;6;8;2;4;2;5;4;1;22;7.79026663176346;8;1;3;6;7;6.4900339833762715;6;4;10;6;1;1;5;4;8;1;5;20;-9.454247232195453;4;17;1;5;4;7;-4.965106347844165;0;0;22;-4.03405545268455;17;3;13;1;6;5;0;3;5;5;6;19;0;5;2;2;14;14;6;16;5;2;1;25;21;-1.145898108036097;2;17;18;0;0;1;3;1;6;6;12;0;2;22;9.750880495101335;14;6;12;4;6;0;5;11;0;12;8;0;10;3;6;2;6;12;4;10;5;5;0;5;6;0;23;1.1308454630446136;21;-5.235403805150923;6;4;12;2;2;6;4;3;3;2;2;5;20;9.37095869515556;3;11;4;6;11;2;1;5;3;1;1;0;25;7;1.636208834860567;5;22;-5.605657602468403;4;4;7;-6.64878751121714;0;6;3;5;0;18;20;-0.08046487451146751;1;5;4;1;11;23;1.0144977645426418;5;4;0;24;11;6;10;5;3;6;6;3;0;1;0;15;19;4;17;5;5;22;-5.618585857331446
TRACK:389;379;-1;2;2;5;2;5;6;6;6;4;6;7;-4.92392705768092;2;4;2;5;4;1;22;8.020054699828593;8;1;3;6;7;6.4847220834159165;6;4;10;6;1;1;5;1;22;7.507626762321318;8;1;5;20;-9.733590423193844;4;17;1;5;4;7;-4.836275931291991;16;1;6;5;0;3;5;4;7;3.4065027153789407;0;5;2;5;9;6;16;5;2;1;25;21;-1.2994010869120383;2;17;18;0;0;1;3;1;6;6;12;0;2;22;9.187419424156982;14;6;12;4;6;0;5;11;0;12;8;0;10;3;6;2;0;9;11;4;17;5;5;0;5;6;0;23;1.4025970071592964;21;-5.159327775234662;6;4;12;2;2;6;4;3;3;2;2;5;20;9.982175502006786;3;11;4;6;11;2;1;5;3;1;1;0;25;7;1.6334652810534662;5;22;-5.626345837580505;4;4;11;0;6;3;5;0;18;20;0.030027523350550533;1;5;4;1;11;23;0.7055383556357664;5;2;8;16;6;10;5;3;6;6;3;0;1;0;15;19;4;17;5;5;22;-5.742418635284469
EVAL_INSTANCE:19:0:380
EVAL_INSTANCE:19:1:381
EVAL_INSTANCE:19:2:382
EVAL_INSTANCE:19:3:383
EVAL_INSTANCE:19:4:384
EVAL_INSTANCE:19:5:385
EVAL_INSTANCE:19:6:386
EVAL_INSTANCE:19:7:387
EVAL_INSTANCE:19:8:388
EVAL_INSTANCE:19:9:389
RUN_RESULT:19:0:0:2000:----
RUN_RESULT:19:1:0:2000:----
RUN_RESULT:19:2:0:21:DDDRRRDRDLLLDL
RUN_RESULT:19:3:0:2000:----
RUN_RESULT:19:4:0:54:DDDRRRDRRDLDRLUUUURDLLD
RUN_RESULT:19:5:0:2000:----
RUN_RESULT:19:6:0:14:DDDRRRDRDLLDLL
RUN_RESULT:19:7:0:17:DRDDRRDRDLRDRUURD
RUN_RESULT:19:8:0:148:DRRRLLDDRRDULLUURRRDDDDLLLDL
RUN_RESULT:19:9:0:16:DDDRRRDRDLLDLL
    20 |      200 | -3.986000E+03 | -3.986000E+03
TRAINING ON LEVEL:112
of 184 levels
---LEVEL STRING---
__________
_b....F13_
_l..W16.._
_llwlllll_
_.....V.._
_gggG..12_
_v.g1.L18_
_f.g0...._
_ggg..B12_
__________
---LEVEL STRING---
training done.
The time of execution is: 268.2278513908386 s

TRAINING DONE


-----!!!NEW PROBLEM!!!-----


START TESTING

LEVEL:0:______\n_K.2._\n_kSF._\n_bB1._\n_..fR_\n_1..._\n_3.r._\n_251O_\n_s.31_\n_o..2_\n______
LEVEL:1:________\n_......_\n_......_\n_.Sb.s._\n_.1..s._\n_.4b..1_\n_B12..3_\n_......_\n________
LEVEL:2:____________\n_.........._\n_.r....f..._\n_.....bssss_\n_.R.......F_\n_B1..f..b.1_\n_AO........_\n_.rssssssss_\n_.........F_\n_ss...R...1_\n_....B12W.3_\n_oS14...1.._\n____________
LEVEL:3:__________\n_F13....G_\n_..R15a.1_\n_.......0_\n_a.A.b.a._\n_....a..._\n_B....ggg_\n_1.a.ag.a_\n_2....g.f_\n__________
LEVEL:4:__________\n_.....B12_\n_.W......_\n_.1wwwww._\n_.6wf..w._\n_..w..kw._\n_F.wwwww._\n_1......._\n_3...bK17_\n__________
LEVEL:5:_________\n_....B18_\n_......._\n_...R..._\n_...1..._\n_...3..._\n_......._\n_....B12_\n_......._\n_.b..R.._\n_....1.._\n_r...9.._\n_......._\n_________
LEVEL:6:____________\n_G13wwwwK14_\n_w.o.okofow_\n_wo.o.o.o.w_\n_wko.o.o.ow_\n_wggggggggw_\n_w.o.o.o.ow_\n_wo.o.o.okw_\n_w.o.o.o.ow_\n_wo.obo.o.w_\n_K17wwwwB12_\n____________
LEVEL:7:____________\n_F13wwwwK14_\n_w.o.okofow_\n_wo.oko.o.w_\n_wko.o.o.ow_\n_wo.o.o.okw_\n_wko.o.o.ow_\n_wo.o.o.okw_\n_wko.o.o.ow_\n_wo.obo.o.w_\n_K17wwwwB12_\n____________
LEVEL:8:__________\n_B12....F_\n_1......1_\n_9lllL.f3_\n_..rl1..._\n_...l8..._\n_...lllll_\n_.br....._\n_....R15._\n__________
LEVEL:9:___________\n_rg9SkofVr_\n_GF.6WOV0A_\n_Fw0.3o6AB_\n_A5W..5A2l_\n_.WO5KlF.1_\n_441934sR2_\n_vF38vVb.k_\n_W4bAS.K1K_\n_kO9.W..21_\n_0Ba4o3.L2_\n_w9G.SG99v_\n_g9Br5Kkbk_\n_.l7RRG6r3_\n_LFffV..Gv_\n_ga8.ro1wr_\n_VWV7R..3._\n___________
LEVEL:10:__________\n_........_\n_....V12._\n_........_\n_...v...._\n_F.v.v..._\n_1..v...._\n_3......._\n_....f..._\n__________
LEVEL:11:__________\n_b....Vwv_\n_.....1ww_\n_.....3.._\n_........_\n_........_\n_.....BW._\n_.....11._\n_.....26._\n__________
LEVEL:12:__________\n_...K..3._\n_.f.k...._\n_kkkk...._\n_...kgkkk_\n_........_\n_G10...b._\n_.....B12_\n_K14..F13_\n__________
LEVEL:13:__________\n_..Bwwlll_\n_b.1wwlll_\n_..2wwlll_\n_...wwlll_\n_...wwlll_\n_W16....._\n_....F13._\n_s...wwwf_\n__________
LEVEL:14:__________\n_G10gl.f._\n_.aagl.l._\n_.R.gg.ll_\n_.b..gggl_\n_...a...a_\n_..r....5_\n_B12.1..._\n_F13a.L16_\n__________
LEVEL:15:__________\n_bW12..Fr_\n_........_\n_w.w.w..S_\n_.s...s.1_\n_..w.www4_\n_B.3s1..._\n_1.w.w..._\n_2.....Rf_\n__________
LEVEL:16:__________\n_bW12..Fr_\n_........_\n_w.w.w..S_\n_.s...s.1_\n_..w.www4_\n_B.3s1..S_\n_1.w.w..._\n_2.....Rf_\n__________
LEVEL:17:__________\n_.f......_\n_.......3_\n_kkkkgkkk_\n_...g.g.._\n_K14k.k.._\n_...k.kkk_\n_B12k..b._\n_F13....._\n__________
LEVEL:18:____________________\n_B.S14.O16.R15.B12._\n_1.F13.G16.V17....._\n_.Sv..............._\n_Rggggggggggggggggg_\n_1ggggggggggggggggg_\n_.F......gggggggggg_\n_ooo.......gggggggg_\n_wwwoo.......gggggg_\n_wwwwwoo.......gggg_\n_wwwwwwwoo..r......_\n_wwwwwwwwwoo.b....._\n_wwwwwwwwwwwooaaaaa_\n____________________
LEVEL:19:_________________\n_F13w.f.w.a...rw_\n_.a.wa...b.a.a.w_\n_wwrwwwww..wwwww_\n_...a...a....a.._\n_wwwwww.wwwwwwww_\n_.a.........ar.._\n_www.wwwwwwwwwww_\n_.a...a......ba._\n_..b......a....._\n_wwwwwwwwww.war._\n_k...a.....awwww_\n_wwwwwwwwwwwwB14_\n_R16wW16wK12wB17_\n_________________
LEVEL:20:__________\n_...s.V12_\n_v..s...._\n_..sssfss_\n_..s..s.._\n_F..s..s._\n_1.....s._\n_3..S14.._\n_........_\n__________
LEVEL:21:____________________\n_.Laallgg.......BG._\n_.1aallgg.......11._\n_.8aallgg.......90._\n_..aallgg.........._\n_..9allgg.......v.._\n_..aallgg.......V.._\n_b.2allgg.......1.._\n_llllllgg.......3.._\n_llllllgg.........._\n_gggggggg.........._\n_gggggggg.......B12_\n____________________
LEVEL:22:__________\n_........_\n_...b...._\n_........_\n_F......._\n_1.B.f..._\n_3.1....._\n_..2....._\n_........_\n__________
LEVEL:23:__________\n_........_\n_B...b..._\n_1......._\n_2......._\n_........_\n_..3...f._\n_F1....f._\n_........_\n__________
LEVEL:24:__________\n_S13....._\n_.......f_\n_...r...3_\n_........_\n_........_\n_F14..R12_\n_........_\n_......s._\n__________
LEVEL:25:_________________\n_....gg.....l..._\n_....gg.....l..._\n_....gg.....l..._\n_.b..gg.....l..._\n_....gg.....l..._\n_....gg.....l..._\n_....gg.....l..._\n_....gg.B12.l..f_\n_....gg.....l..._\n_K...gg.....l..._\n_B12.gg..k..l..._\n_....gg.....l..._\n_....gg.....l..._\n_....gg.G10.l..._\n_....gg.....l..._\n_....gg.....lF13_\n_....gg.....l..._\n_....gg.....lL14_\n_________________
LEVEL:26:__________\n_.ssss.s._\n_..ss.fv._\n_...as.v._\n_.F12.A.._\n_.....1.._\n_.....3.._\n_.ggg...._\n_.s......_\n__________
LEVEL:27:__________\n_glF13S12_\n_gksgggVV_\n_ggrrrrV2_\n_vggkgkVr_\n_vvgvvvVr_\n_vvvvvlVl_\n_vvvvvlVl_\n_vvvvl.fl_\n__________
LEVEL:28:__________\n_B12..VGF_\n_S.....1._\n_1.b.s35f_\n_4...sss._\n_........_\n_gggggggg_\n_...vv..._\n_........_\n__________
LEVEL:29:__________\n_V.2a..12_\n_B12avF.._\n_bv.a...._\n_aaaaaaaa_\n_...a...._\n_..2a.A.._\n_A16a1..._\n_.1.a2f3._\n__________
LEVEL:30:__________\n_K17....._\n_......O._\n_k.vwww.._\n_...wow.k_\n_...www.._\n_KV..W16._\n_11.O1.3._\n_42..k..._\n__________
LEVEL:31:___________________\n_B12w...ag...wG10._\n_wwww...gg...wW16._\n_..13...ga...wwwww_\n_.V15..agga......._\n_.R...araga.a....._\n_.....a.ggaaa....._\n_ggggggggaaaav...._\n_.v....agga......._\n_....b..aga......._\n_......agga......._\n___________________
LEVEL:32:__________\n_b.....f._\n_.....V12_\n_........_\n_F13....._\n_........_\n_........_\n_....v..._\n_........_\n__________
LEVEL:33:__________\n_........_\n_...bV12._\n_........_\n_........_\n_.B13...._\n_........_\n_........_\n_...vv..._\n__________
LEVEL:34:__________\n_...V13.._\n_v......._\n_........_\n_......b._\n_....B12._\n_........_\n_..V15..._\n_........_\n__________
LEVEL:35:__________\n_..F1.3.._\n_llllllll_\n_..L14..._\n_........_\n_........_\n_........_\n_........_\n_bB12...f_\n__________
LEVEL:36:__________\n_B12.F13._\n_........_\n_...sss.._\n_.b.sfs.._\n_...s...._\n_...s...._\n_........_\n_........_\n__________
LEVEL:37:__________\n_s..S..a._\n_k.o....l_\n_.g....b._\n_L.g..b.w_\n_g.s..fs._\n_....B..l_\n_b...1r.._\n_G13.2b.._\n__________
LEVEL:38:__________\n_.Rrbll.f_\n_L18.lll._\n_.5..ll.r_\n_..r.ll.1_\n_..r.ll.l_\n_.F..ll.B_\n_B19.ll.1_\n_r3r....2_\n__________
LEVEL:39:__________\n_A.2...bg_\n_1.G.3.a._\n_wwg1W16._\n_..12B12b_\n_........_\n_........_\n_........_\n_........_\n__________
LEVEL:40:__________\n_b..lsllf_\n_...lslll_\n_.S.lslll_\n_L18lslll_\n_.6.ls..._\n_F......._\n_1......._\n_3.B12..._\n__________
LEVEL:41:____________________\n_llllllff........L._\n_lgggglff........1._\n_lbggglff........5._\n_lg..glff.........._\n_lG15glff.........._\n_llllllff.........._\n_ffffwww..........._\n_ffff.............._\n_.................._\n_.........F.3......_\n_..B12.....1......._\n_.................._\n_.........k........_\n_....K12..........._\n_.................._\n_.................._\n_................7._\n_.................._\n____________________
LEVEL:42:__________\n_f.k.k.kk_\n_.B12F13._\n_k......k_\n_...b...._\n_k......k_\n_........_\n_k......k_\n_.K14K17._\n__________
LEVEL:43:__________\n_ffffffff_\n_W16....._\n_Bk......_\n_1.k...k._\n_2...k..._\n_w..wwwww_\n_...k...._\n_Kk.....k_\n_1k...k.._\n_7......._\n_w..wwwww_\n_........_\n_F13...k._\n_K..k...._\n_1......._\n_4...kk.b_\n__________
LEVEL:44:__________\n_FWwwwwww_\n_11wb.fww_\n_36wwwwww_\n_G10wgkww_\n_wwwwwwww_\n_wBKwwwww_\n_w11wwwww_\n_b2.kwwww_\n__________
LEVEL:45:___________\n_.F.w..V.._\n_o1.w.o1.._\n_.4.w.o2.o_\n_wwww.o..._\n_.ov...oWw_\n_.ov.o..1w_\n_..o.O186w_\n_foo..wF13_\n___________
LEVEL:46:____________________\n_W........wwwwwwwww_\n_1wwwwwwwww......Kw_\n_6wK17ooowwR1.O.81w_\n_Kwkooo3oww..3.1.9w_\n_1wkoooooww.......w_\n_4wo1kbkowwaaaaw.ww_\n_Awooooooww.....ww._\n_1woooooowwb..w..w._\n_9wwwwwwwwww.sw.ww._\n_Awwwwwwwwwwwlwwww._\n_1wb.....ww......w._\n_4wwwww.www.b.R..w._\n_Sw......ww.r.1..w._\n_1ww.wwwwww...5L.w._\n_4wrrrrrrww....1.w._\n_Bwrrfrrrww....8.w._\n_1wwwwwwwwwwwwwwww._\n_9R19F13L18R14B12.._\n____________________
LEVEL:47:______\n_fr.b_\n_F13w_\n_gggg_\n_wwww_\n_F17w_\n_R15w_\n_G10W_\n_B121_\n_W16W_\n______
LEVEL:48:__________\n_WSLlllll_\n_111llllk_\n_556llK12_\n_lllllB17_\n_lllllK1._\n_lllkklll_\n_lllwwlll_\n_FllssllF_\n_1......1_\n_3......3_\n_f......f_\n_........_\n_........_\n_oooggooo_\n_..o..o.._\n_GBo..oOS_\n_11ob.o11_\n_89o..o58_\n__________
LEVEL:49:____________________\n_Wwvvvvvvvfvvvvvvvv_\n_1wvvvvvvv.vvvvvvvv_\n_6wvvvvvvv.vvvvvvvv_\n_Fwvvvvvvv.vvvvvvvv_\n_1wvvvvvvv.vvvvvvvv_\n_3wvvvvvvvvvvvvvvvv_\n_Vwvvvvvvvvvvvvvvvv_\n_1wvvvvvvvvvvvvvvvv_\n_4wvvvvvvvvvvvvvvvv_\n_wwvvvvvvvvvvvvvvvv_\n_..............s..._\n_......r.r.....sS.._\n_...b..rrr.....s1.._\n_..B12..R......s4.._\n_.......1......s..._\n_.......5..O1O.s..._\n_..............w..._\n_..............w..._\n____________________
LEVEL:50:_______\n_bB12._\n_...F._\n_.fR15_\n_...3._\n_.r..._\n_______
LEVEL:51:________\n_rrrrrr_\n_rrrrrr_\n_rrbrrr_\n_rr.rRr_\n_r..B12_\n_r.3.6._\n________
LEVEL:52:____________\n_v......V12_\n_...f.....F_\n_.R.....b.1_\n_B12......3_\n_...S.S14.._\n____________
LEVEL:53:__________\n_bB1...2._\n_..fR1SF._\n_1...31s._\n_3.r..2.1_\n__________
LEVEL:54:_________\n_......._\n_....b.._\n_....s.._\n_......F_\n_.B12..1_\n_......3_\n_...S121_\n_________
LEVEL:55:____________\n_.........._\n_.b..S....._\n_.....712.._\n_.....O...._\n_.B........_\n_...b.....F_\n_.........1_\n_GokK12...3_\n_V......B1._\n_r........R_\n____________
LEVEL:56:________\n_......_\n_.b...._\n_......_\n_......_\n_.S...._\n_.1...._\n_.BB123_\n_.s...3_\n________
LEVEL:57:____________\n_B1.B.....B_\n_R1.......1_\n_..5....S12_\n_.........._\n_.r.....b.._\n_...L......_\n_......1..F_\n_..f......1_\n_......s..4_\n_F13......._\n____________
LEVEL:58:_______\n_F.B12_\n_1b..._\n_3...f_\n_..k.._\n_K17.._\n_______
LEVEL:59:____________\n_B12w.....S_\n_K12w.....1_\n_F16w....7._\n_wwww......_\n_G1........_\n_1.....s..._\n_.0.3.sbs.._\n_g.....s..g_\n_gg......gg_\n_ggg....ggg_\n____________
LEVEL:60:____________\n_B12......S_\n_Br.......1_\n_R..f.....F_\n_.........1_\n_G1.......3_\n_1.....s.f._\n_.0.3.sbs.F_\n_g.....s..g_\n_gg..13..gg_\n_ggg....ggg_\n____________
LEVEL:61:_________\n_.....B8_\n_......._\n_...R..._\n_..o1..._\n_......._\n_....B.._\n_......._\n_....rs._\n_..1SF.._\n_fB31s.._\n_F112o.._\n_......._\n_________
LEVEL:62:________\n_......_\n_......_\n_......_\n_......_\n_......_\n_......_\n_..B..._\n_..1..._\n_..2F13_\n_..b..._\n_......_\n_......_\n_f.F15._\n_......_\n_......_\n________
LEVEL:63:_____________\n_.....2....._\n_.b...F....._\n_....w.712.._\n_.B....O...._\n_....S.....F_\n_........S.1_\n_.....K12..._\n_.b.W......._\n_........s.._\n_.....B12s3k_\n_..........k_\n_____________
LEVEL:64:_________\n_Fw.f.wB_\n_1w...w1_\n_3wwwww2_\n_......._\n_..W16.._\n_......._\n_...b..._\n_________
LEVEL:65:____________\n_B13......F_\n_....f....1_\n_rrrR1Rrrr2_\n_........b._\n____________
LEVEL:66:____________\n_F13wwwwK14_\n_w.o.okofow_\n_wo.o.o.o.w_\n_wko.o.o.ow_\n_wo.o.o.o.w_\n_w.o.o.o.ow_\n_wo.o.o.okw_\n_w.o.o.o.ow_\n_wo.obo.o.w_\n_K17wwwwB12_\n____________
LEVEL:67:____________\n_.........._\n_llllllll.._\n_.....r...._\n_.........._\n_..b..r...._\n_.........._\n_gggggggg.._\n_W13..G17.._\n_.........._\n_B12......._\n____________
LEVEL:68:___________\n_B12w....._\n_wwww.brk._\n_.R......._\n_........._\n_ggggggggg_\n_.1......._\n_.5......._\n_........._\n_.K......._\n_........._\n_ggggggggg_\n_........._\n_......ooo_\n_wwww..ofo_\n_W16w..ooo_\n_G10w..F13_\n___________
LEVEL:69:__________\n_k....b.._\n_w....o.o_\n_sB123ggg_\n_.fR.oo.o_\n_.....bg._\n_.r..f..._\n_.s.bs..k_\n_..sg.www_\n__________
LEVEL:70:__________\n_...12..._\n_...r.ooo_\n_2...B11O_\n_......31_\n_s2.3...2_\n_........_\n_..R1..F1_\n_.....S14_\n__________
LEVEL:71:_______________\n_.l..gL16g..l._\n_.l..ggggg..l._\n_............._\n_............._\n_..l.......l.._\n_..l.......l.._\n_3....G10....3_\n_..l.......l.._\n_..l.......l.._\n_............._\n_............._\n_.l..ggggg..l._\n_.l..gL12g..l._\n_______________
LEVEL:72:__________\n_.kSFr..._\n_vbR1Sbb._\n_g..31skB_\n_r...2so8_\n_bss...a4_\n_FR...aa._\n_S1o....w_\n_W6R11oof_\n__________
LEVEL:73:__________\n_........_\n_....V12._\n_........_\n_........_\n_F.v.v..._\n_1..v...._\n_3......._\n_....f..._\n__________
LEVEL:74:__________\n_........_\n_....V12._\n_..v.v..._\n_..vvv..._\n_F.v.v..._\n_1..v...._\n_3......._\n_....f..._\n__________
LEVEL:75:__________\n_.....B12_\n_.W.14..._\n_.1wwwww._\n_.6wf..w._\n_..w..kw._\n_F.wwwww._\n_1......._\n_3...bK17_\n__________
LEVEL:76:____________\n_K..w.kwK14_\n_1...okkfow_\n_7...B12o.w_\n_s.k......._\n_.....R...._\n_w.www..W16_\n_w........._\n_..b...r..k_\n_w........._\n_..kwwwF13._\n____________
LEVEL:77:____________\n_K.kw.kwK14_\n_1...okkfo._\n_7.o.A12o.w_\n_s.2..r.o.._\n_.....R...._\n_w.www..W16_\n_w...o..o.._\n_..b...rbak_\n_w...5...o._\n_b.fwwwF13._\n____________
LEVEL:78:__________\n_...12..._\n_...rg1.._\n_........_\n_.s..wk2g_\n_F12.V7f._\n_w.F.v..._\n_3R25K..._\n_..v....._\n__________
LEVEL:79:__________\n_W16..R15_\n_.....R13_\n_..R....._\n_B1B12.ww_\n_......wr_\n_......ww_\n_........_\n_b....R19_\n__________
LEVEL:80:__________\n_W16..R15_\n_.....R13_\n_..R....._\n_B1B12.ww_\n_......wr_\n_......ww_\n_...R...._\n_bB1..R19_\n__________
LEVEL:81:__________\n_B1B....f_\n_1......._\n_2......._\n_........_\n_........_\n_.......F_\n_.......1_\n_b......3_\n__________
LEVEL:82:__________\n_V1V....B_\n_.......1_\n_V1.....2_\n_..F....._\n_........_\n_........_\n_........_\n_bv....7F_\n_.......1_\n_.......3_\n_wwwwwwww_\n_.v....W._\n_......1._\n_f.....6._\n__________
LEVEL:83:__________\n_B12..F13_\n_........_\n_........_\n_........_\n_.b....f._\n_........_\n_........_\n_........_\n__________
LEVEL:84:__________\n_.K14.B12_\n_.fow...._\n_2o.w...3_\n_..1.W..w_\n_..4...k._\n_....rr.._\n_........_\n_....bK17_\n__________
LEVEL:85:__________\n_l......._\n_...b...._\n_L1B....._\n_..1....._\n_..2F...._\n_.b.bB1Br_\n_........_\n_.f....13_\n__________
LEVEL:86:__________\n_bF132..G_\n_....g1.1_\n_..B12AO._\n_.RF13wwr_\n_a12....._\n_o.....WF_\n_......F1_\n_.....f.._\n__________
LEVEL:87:__________\n_W16w..s._\n_...wF..._\n_...w1..._\n_...w3..._\n_r..w...._\n_...wR.b._\n_S14wB12._\n_.1Fw...r_\n__________
LEVEL:88:__________\n_W16w..s._\n_.14wF..._\n_F..w1..._\n_...w3..._\n_..rw...._\n_...wR.b._\n_S14wB12._\n_.1Fw...r_\n__________
LEVEL:89:__________\n_........_\n_WW..W16._\n_11b.B12._\n_9W......_\n_........_\n_FL...www_\n_11...wll_\n_38...wlf_\n__________
LEVEL:90:________________\n_K17..........._\n_1....3........_\n_.4w.k...Ww...._\n_..l.....1....._\n_..lw.k.76Ww..._\n_..l..........._\n_lllllllll....._\n_......ll......_\n_.............._\n_b............._\n_L14........B12_\n________________
LEVEL:91:__________\n_...K.3.._\n_.f.k...._\n_kkkk...._\n_...kgkkk_\n_........_\n_G10...b._\n_.....B12_\n_K14..F13_\n__________
LEVEL:92:__________\n_.....b.s_\n_FBs....s_\n_f13....s_\n_.2..rrrr_\n_...r...._\n_...r.RF._\n_...r.11._\n_S14r.5.._\n__________
LEVEL:93:__________\n_.B1..ww._\n_s..S...f_\n_.w1ww4.._\n_.w.SF..1_\n_1.4.Bw.4_\n_3bww3w.._\n_.......s_\n_.W12.s.._\n__________
LEVEL:94:__________\n_........_\n_B12....._\n_S16....._\n_K13.b..._\n_G16....._\n_F16..v.v_\n_.....vsv_\n_V16..vkf_\n__________
LEVEL:95:___________\n_s...f...s_\n_.k.....k._\n_..k...k.._\n_...k.k..._\n_....k...._\n_....S14.._\n_........._\n_K17...K14_\n_B12.b.F13_\n___________
LEVEL:96:__________\n_.B1.sF13_\n_S142s..._\n_...fs..._\n_sssss..._\n_........_\n_.....17._\n_.B12..b._\n_........_\n__________
LEVEL:97:_________\n_....F13_\n_......._\n_..K...._\n_..1...._\n_.f2...._\n_......._\n_k......_\n_________
LEVEL:98:__________\n_........_\n_...F13.._\n_........_\n_.......v_\n_B.....a._\n_1......._\n_2..O...._\n_..k.fb.S_\n__________
LEVEL:99:__________\n_B12.gggf_\n_F13agggg_\n_R15.gggg_\n_G10.gggg_\n_.a......_\n_..r..rr._\n_..rrrrrr_\n_b..rr..._\n__________
LEVEL:100:__________\n_........_\n_........_\n_.B...k.._\n_1......._\n_wwwvwwww_\n_.b......_\n_........_\n_.....3.._\n_...K...._\n_....1..._\n_..7....._\n_........_\n_.......V_\n_.......1_\n_B12..W14_\n__________
LEVEL:101:__________\n_....B12b_\n_....b..._\n_.......F_\n_...1...1_\n_......12_\n_........_\n_gb...f.._\n_g......._\n_g1..Rr.._\n_gfRf12.k_\n_G.f36..._\n_.b.15..F_\n_G.f....1_\n_.......4_\n_K13....._\n__________
LEVEL:102:__________\n_........_\n_........_\n_.bf....._\n_......B._\n_......1._\n_.F13..2._\n_........_\n_........_\n__________
LEVEL:103:___________\n_oLoLBLoLo_\n_o1o111o1o_\n_w8w828w8w_\n_ooo131ooo_\n_L18oboooo_\n_oooowoOoo_\n_L18oWoL18_\n_oooo1oooo_\n_L14o6oo1L_\n___________
LEVEL:104:_______________\n_B12wwW16.F.13_\n_K14ww.......k_\n_1bG.w.....k.._\n_7.1ww.w.....k_\n_f.4ww.....k.._\n_gggww..k....._\n_gggwwk......._\n_gggww..k....._\n_gggwwk......._\n_k..www..k...k_\n_..k..www..k.._\n_k......w...kw_\n_wwwwww...wwww_\n_______________
LEVEL:105:___________\n_B19L18F13_\n_1wwwwwwwW_\n_2w..b..w1_\n_ww.....w6_\n_..A....wA_\n_a.1.a..w1_\n_...5...w9_\n_.llllllll_\n_.llllllll_\n_.....l..._\n_.V1.vl.f._\n_.1...l..._\n_..2.lllll_\n___________
LEVEL:106:__________\n_.f......_\n_........_\n_kkkkkgkk_\n_B12....._\n_........_\n_G10....._\n_..F13..._\n_......b._\n__________
LEVEL:107:__________\n_.....L14_\n_.llK14wF_\n_.Wrb...1_\n_.ww....3_\n_.ww....._\n_.R1....._\n_........_\n_.1F..B12_\n__________
LEVEL:108:__________\n_b....V.B_\n_.....1.1_\n_..3..9.2_\n_.F...s.._\n_S14sss.._\n_........_\n_........_\n_....f..k_\n__________
LEVEL:109:______________\n_l.bFk...l..._\n_l.B12...l..._\n_l.k42....l.._\n_ll...R..rl2._\n_.1l......l.._\n_..llKl.lll.._\n_.k..1......._\n_....8.f..4.._\n_..2........._\n_..F1.9..K12._\n_...3........_\n_............_\n______________
LEVEL:110:__________\n_B12...fO_\n_...3...._\n_.b......_\n_F......o_\n_1......l_\n_L1......_\n_3......._\n_........_\n__________
LEVEL:111:__________\n_.2......_\n_S..b...._\n_..B....._\n_ww1....._\n_W1......_\n_.F12ss.._\n_....B123_\n_.f.....3_\n__________
LEVEL:112:__________\n_b....F13_\n_l..W16.._\n_llwlllll_\n_.....V.._\n_gggG..12_\n_v.g1.L18_\n_f.g0...._\n_ggg..B12_\n__________
LEVEL:113:______\n_...._\n_.r.._\n_...f_\n_R12._\n_..F._\n_..1._\n_..3._\n_...._\n_...._\n______
LEVEL:114:___________\n_B12aab..._\n_.......A._\n_.......1._\n_F13....7._\n_ggggggggg_\n_ggwwwwwgg_\n_www.f.www_\n_W16.k.G14_\n___________
LEVEL:115:__________\n_........_\n_........_\n_..F12..._\n_........_\n_....31A._\n_fff....._\n_..f....._\n_a.f....._\n__________
LEVEL:116:__________\n_........_\n_.......o_\n_..f....._\n_........_\n_...K13.._\n_.r.g..B._\n_..w...1._\n_...b..2k_\n__________
LEVEL:117:__________\n_B1.awB12_\n_f.o..12._\n_b....rg1_\n_1......._\n_3..Rrr.5_\n_....r..l_\n_g7.w.Ar._\n_K2.k..or_\n__________
LEVEL:118:__________\n_B12..F13_\n_1......._\n_9......._\n_..rb.9.._\n_........_\n_..R..5.._\n_..1....v_\n_V18...vf_\n__________
LEVEL:119:__________\n_b......B_\n_..1.R..1_\n_.R...5.2_\n_........_\n_.0.rrr.._\n_gggggggg_\n_gg...G10_\n_fg...F13_\n__________
LEVEL:120:__________\n_........_\n_S12.B..._\n_S..1..2._\n_........_\n_K.....s._\n_...b...._\n_........_\n_3......._\n__________
LEVEL:121:__________\n_........_\n_.b......_\n_..B....._\n_..1....._\n_..2....._\n_..3....._\n_.Ss....._\n_........_\n__________
LEVEL:122:__________\n_b......._\n_........_\n_...f...._\n_B......._\n_1......._\n_2......._\n_l......._\n_ff.lF13._\n__________
LEVEL:123:__________\n_....B12._\n_....F13._\n_k.b....._\n_....K1.._\n_....fR.._\n_........_\n_........_\n_....r..._\n__________
LEVEL:124:__________\n_........_\n_...b...._\n_........_\n_........_\n_..B...F._\n_..1...1._\n_..2...3._\n_........_\n_........_\n_.......f_\n_........_\n__________
LEVEL:125:__________\n_........_\n_b......._\n_........_\n_...r...._\n_..R12..._\n_.....F.f_\n_.....1.._\n_.....3.._\n__________
LEVEL:126:__________\n_..B12..._\n_........_\n_....F..._\n_..fR15.._\n_b...3..._\n_........_\n_........_\n_..r....._\n__________
LEVEL:127:__________\n_F13....._\n_........_\n_........_\n_.b......_\n_........_\n_...B12.._\n_........_\n_f......._\n__________
LEVEL:128:__________\n_....LLLr_\n_1...LLL._\n_F......._\n_.......F_\n_.......1_\n_.......3_\n_..Rb...._\n_.....B12_\n__________
LEVEL:129:__________\n_......13_\n_..W16..._\n_...B1B.._\n_..B1...._\n_..12...._\n_wwb....._\n_........_\n_........_\n__________
LEVEL:130:_______________\n_......w......_\n_......r..R15._\n_..g.ggr.w...._\n_..g...r...w.._\n_g.rrr.rrk...._\n_.....rK14...._\n_.r.w...r..k.._\n_..r.w.r..ggrg_\n_.bwwwwr.W16r._\n_.wr.rrrwr..k._\n_.w...gw.r..k._\n_.w.f.g..r...._\n_.wr.....r...._\n_B12G10..r.F13_\n_______________
LEVEL:131:_______________\n_......w......_\n_......r..R15._\n_..g.ggr.w...._\n_..g...r...w3._\n_g.rrr.rrk...._\n_.....rK14...._\n_.r.w...r..k.._\n_..r.w.r..ggrg_\n_.bwwwwr.W16r._\n_.wr.rrrwr..k._\n_.w...gw.r..k._\n_.w.f.g..r...._\n_.wr.....r...._\n_B12G10..r.F13_\n_______________
LEVEL:132:__________\n_.......f_\n_........_\n_.k......_\n_..k....._\n_b..k...._\n_.....F13_\n_B12....._\n_........_\n__________
LEVEL:133:__________\n_........_\n_........_\n_llllllll_\n_L.....B._\n_1...b.1._\n_8.....9._\n_........_\n_B12..F13_\n__________
LEVEL:134:_______________\n_b........wF19_\n_G.R.B.R.SwV18_\n_1.R.1.1.1wV17_\n_6.R.2.5.6wF13_\n_...r.r...wW16_\n_.........wG1G_\n_....g....wS1S_\n_wwwwswwwwwwww_\n_vg..f..svw..._\n_______________
LEVEL:135:__________\n_......F._\n_f......o_\n_..b....f_\n_......R._\n_.r....11_\n_.1OB12.._\n_1..b...._\n_3......._\n__________
LEVEL:136:__________\n_........_\n_b.....b._\n_.....b.._\n_...r...._\n_..R12..._\n_.....F.f_\n_.b...1.._\n_.....3.._\n__________
LEVEL:137:__________\n_F13....._\n_........_\n_........_\n_.b......_\n_........_\n_.....B12_\n_........_\n_f......._\n__________
LEVEL:138:__________\n_......BF_\n_.b....11_\n_....R.23_\n_1..5.r.._\n_.....r.._\n_gggggggg_\n_gggggggg_\n_gggggfgg_\n__________
LEVEL:139:__________\n_V.2a..12_\n_B12avF.._\n_bv.a...._\n_aaaaaaaa_\n_...a...._\n_r.Ra.A.._\n_A16a1..._\n_A1032f3._\n__________
LEVEL:140:__________\n_F13....f_\n_....llV._\n_....ll1l_\n_....ll2l_\n_...lll.l_\n_...lllll_\n_.v......_\n_........_\n__________
LEVEL:141:__________\n_........_\n_F12....._\n_....3..._\n_....V1.._\n_........_\n_........_\n_...f.l.v_\n_.....l.._\n__________
LEVEL:142:__________\n_....w.b._\n_....w..w_\n_B13.w.ww_\n_........_\n_F12.fff._\n_........_\n_....W15._\n_........_\n__________
LEVEL:143:__________\n_G......._\n_1..L14.._\n_0......F_\n_.......1_\n_.b.....3_\n_ggg....._\n_llg.B12._\n_fl......_\n__________
LEVEL:144:__________\n_bB1...2._\n_..fR1SF._\n_1...31s._\n_3.s..2.1_\n__________
LEVEL:145:__________\n_......wf_\n_W15..w.._\n_.....w.w_\n_.B12w.w._\n_.....w.._\n_...b..ww_\n_F13...w._\n_......w._\n__________
LEVEL:146:____________\n_A18wa....._\n_B19ww..a.._\n_1ssswa..a._\n_2K13wV13a._\n_wwwww..a.._\n_aaaaa...a._\n_a....aaVav_\n_..aa.aa1av_\n_a.ba.a.8av_\n_aaaa...akv_\n____________
LEVEL:147:__________\n_...w..w._\n_..w.fw.._\n_V12..v.w_\n_....w.w._\n_..ww...w_\n_F13.w.v._\n_.b.v...._\n_....W15._\n__________
LEVEL:148:__________\n_.....w.._\n_F13v...._\n_..V1..w._\n_.b..2..._\n_.W15...w_\n_.w...w.._\n_....w..._\n_B12.w.f._\n__________
LEVEL:149:__________\n_fwwwwwGF_\n_ggwwww11_\n_ggrwww03_\n_g...wwwW_\n_r....ww1_\n_.W19.R16_\n_.O18.1ww_\n_bB12b5.w_\n__________
LEVEL:150:__________\n_.......4_\n_.b..v.gb_\n_..lBOrv._\n_O131..F._\n_.sf2..f._\n_..w...bl_\n_...g.v.._\n_A.of.f.9_\n__________
LEVEL:151:__________\n_.B......_\n_.1..F13O_\n_.2bR...._\n_........_\n_......a._\n_........_\n_........_\n_...f...._\n__________
LEVEL:152:____________________\n_BWw..............._\n_11w.....G10......._\n_26w..wwwwwwww....._\n_www..woooooow....._\n_.....wooR15ow....._\n_.....woooooow....._\n_.....woborrow....._\n_.....woooooow....._\n_..wwwwwggggwwwww.._\n_..w............w.._\n_..w............w.._\n_..w............w.._\n_..wggg.........w.._\n_..wggg.....F13.w.._\n_..wfgg.........w.._\n_..wwwwwwwwwwwwww.._\n_.................._\n_.................._\n____________________
LEVEL:153:__________\n_L1.....O_\n_1......1_\n_8......9_\n_........_\n_F15.V12._\n_w.l.Kv.._\n_3.2.V..k_\n_.......k_\n__________
LEVEL:154:__________\n_B1gg..kb_\n_...v...._\n_......f3_\n_a3V12..._\n_........_\n_.g......_\n_K1.G...._\n_B1...F13_\n__________
LEVEL:155:__________\n_B12..G10_\n_...f...._\n_........_\n_gggggggg_\n_b......._\n_.....r.._\n_........_\n_F13..R15_\n__________
LEVEL:156:__________\n_.R.bll.f_\n_L18.lll._\n_.5..ll.r_\n_..r.ll.1_\n_..r.ll.l_\n_.F..ll.B_\n_B19.ll.1_\n_.3.....2_\n__________
LEVEL:157:__________\n_V12.r..._\n_R.rr2rw._\n_1r....wg_\n_4.ggrrwv_\n_gggF13aa_\n_r.gggggg_\n_a..rarar_\n_fargrara_\n__________
LEVEL:158:__________\n_B12..G10_\n_........_\n_gg..b.1._\n_Fgsr.r5._\n_.gsr.R.._\n_.gs....._\n_.gssss.._\n_.13S141F_\n__________
LEVEL:159:__________\n_B12..G10_\n_sss....._\n_gg..b.1._\n_Fgsr.r5._\n_.gsr.R.._\n_.gs....._\n_.gssss.._\n_.13S141F_\n__________
LEVEL:160:__________\n_kBK.w.b._\n_..1ww..._\n_..2w...._\n_wwww..V._\n_......1._\n_......3._\n_W18....._\n_.....B19_\n__________
LEVEL:161:__________\n_BK13gggG_\n_1rrrggR1_\n_2rbrgR16_\n_.rrrgg7g_\n_.ggggrgg_\n_.ggggggg_\n_.g..rggr_\n_.r.r.r.k_\n__________
LEVEL:162:__________\n_bwawaB12_\n_wawawawa_\n_awawawaw_\n_wawawawa_\n_awawawaw_\n_wawawawa_\n_awawawaw_\n_F13awawf_\n__________
LEVEL:163:__________\n_........_\n_.aaaaa.1_\n_.aabaa.3_\n_.aaaaa.._\n_........_\n_.A......_\n_.1......_\n_.2...B12_\n__________
LEVEL:164:__________\n_KRg...rs_\n_11.g..rr_\n_45.gg..._\n_.B13g..._\n_....wS12_\n_L...l..._\n_1.kkl.k._\n_0b.ll.k._\n__________
LEVEL:165:__________\n_VB12...3_\n_1o..o..._\n_4o..vK16_\n_oo.o...._\n_vobo.kk._\n_..o....._\n_..v..v.._\n_........_\n__________
LEVEL:166:__________\n_wfkwwwww_\n_lwwlwwlw_\n_sllsllsl_\n_.s......_\n_....b.s._\n_W16F13.._\n_..B19S14_\n_L18..B12_\n__________
LEVEL:167:__________\n_kk.k.kkk_\n_llo..o.k_\n_.lo..o.k_\n_.loooo.k_\n_.llll..k_\n_..looooo_\n_..lollll_\n_..lollll_\n_....llll_\n_........_\n_........_\n_L16....._\n_........_\n_........_\n_BK13...._\n_1......._\n_2.K17..._\n_b......._\n__________
LEVEL:168:_____________\n_..wwB12ww.._\n_..........._\n_..wwrwrww.._\n_..w.....w.._\n_W.Rw.b.wR.B_\n_1.w.....w.1_\n_6.w.....w.2_\n_w.w.......w_\n_w1.ww.ww.1w_\n_.........3._\n_..wwR15w..._\n_____________
LEVEL:169:_____________\n_B12F13fL17._\n_..........._\n_l.l.ll.ll.._\n_..........._\n_l.l..l..l.._\n_l..l..l...._\n_.l.....l.l._\n_ll.l.l.l..l_\n_..........._\n_..........._\n_b...B19.L18_\n_____________
LEVEL:170:__________\n_..b....._\n_B12.www._\n_K1.w.k.w_\n_...w...w_\n_....w.wF_\n_....wfw1_\n_.....w.3_\n_W17....._\n__________
LEVEL:171:_____________\n_B12S14F13ww_\n_S17O14W16bw_\n_wwwwwwwww.w_\n_wwwwww..osw_\n_wwwww..os.w_\n_wwww...so.w_\n_www...so..w_\n_ww.....so.w_\n_w......os.w_\n_........osw_\n_.......os.w_\n_w......so.w_\n_ww....so..w_\n_www....so.w_\n_wwww...os.w_\n_wwwww...osw_\n_wwwwww.os.w_\n_wwwwwwwwwfw_\n_____________
LEVEL:172:____________________\n_S16.........wwww.._\n_............wBFw.._\n_............w11w.._\n_............w23w.._\n_............wwww.._\n_...wwwwwwwww......_\n_...wosooooow......_\n_...wooooooow......_\n_...wooobosow......_\n_...wsooooosw......_\n_...woosoooow......_\n_...wwwwwwwww......_\n_.................._\n_.......f.........._\n_.................._\n_.................._\n_.................._\n_.................._\n____________________
LEVEL:173:__________\n_B12oo.b._\n_ooooo.F._\n_sosoo.1._\n_ofooo.3._\n_sosoo..._\n_oooooooo_\n_ooooO14o_\n_oooooooo_\n__________
LEVEL:174:____________________\n_wwowwf....Kwbwwow._\n_wB12wwF13.1w.wooWw_\n_wwbww.o.oA12.oo.1w_\n_LRwwV....o3o.wwo6r_\n_11.Br1......kwwwwg_\n_451.3..llll..wwwgg_\n_..4lwgwlllllllwwwg_\n_llllwvwllllllwK17w_\n____________________
LEVEL:175:__________\n_bsfgalro_\n_kwoBSFWA_\n_ROKGV213_\n_6750489w_\n_w.....ww_\n_w.wwwwWw_\n_w...vw1w_\n_B12V136w_\n__________
LEVEL:176:____________________\n_W........wwwwwwwww_\n_1wwwwwwwww......Kw_\n_6woooooowwR1.O.81w_\n_Kwooo3koww..3.1.9w_\n_1wkoooooww.......w_\n_4wo1kbkowwaaaaw.ww_\n_Awooooooww....oww._\n_1wK17ooowwb..woow._\n_9wwwwwwwwww.swoww._\n_Awwwwwwwwwwwlwwww._\n_1wb.....ww......w._\n_4wwwww.www.b.R..w._\n_Sw......ww.r.1..w._\n_1ww.wwwwww...5L.w._\n_4wrrrrrrww....1.w._\n_Bwrrfrrrww....8.w._\n_1wwwwwwwwwwwwwwww._\n_9R19F13L18R14B12.._\n____________________
LEVEL:177:__________\n_........_\n_S2..B12._\n_w...s..._\n_...7wooo_\n_.1.vooVo_\n_.3vbW1.6_\n_...voo2o_\n_V14.oO16_\n__________
LEVEL:178:____________________\n_WR1R.....wwwwwwwww_\n_1wwwwwwwww......Kw_\n_6wK17ooowwR1.O.81w_\n_Kwkooo3oww..3.1.9w_\n_1wkoooooww.......w_\n_4wo1kbkowwaaaaw.ww_\n_Awooooooww.....ww._\n_1woooooowwb..w..w._\n_9wwwwwwwwww.sw.ww._\n_Awwwwwwwwwwwlwwww._\n_1wb.....ww......w._\n_4wwwww.www.b.R..w._\n_Sw......ww.r.1..w._\n_1ww.wwwwww...5L.w._\n_4wrrrrrrww....1.w._\n_Bwrrfrrrww....8.w._\n_1wwwwwwwwwwwwwwww._\n_9R19F13L18R14B12.._\n____________________
LEVEL:179:__________\n_KF13K1K._\n_1f......_\n_4.wwwwwk_\n_B.wK1b.._\n_1.waA.6._\n_2WwvV.2._\n_w1wgG.0._\n_w6wlL.8._\n__________
LEVEL:180:____________________\n_S14W16...........V_\n_B12V18ww.........1_\n_G14S19..w........5_\n_.w.w..ww.........._\n_...www............_\n_.................._\n_.................._\n_....wwwwsw........_\n_...w.vb..w........_\n_..w..b...w........_\n_...w..b..w........_\n_....wwwwww........_\n_.................._\n_...O15........gggg_\n_...F13....gggggggg_\n_.........gggoooooo_\n_......ggggggoooooo_\n_..ggggggggggooooof_\n____________________
LEVEL:181:____________\n_L.kwB..K1r_\n_w.r..3.fos_\n_wS1.....s1_\n_g.r.W1..s4_\n_W.b......._\n_kk..rb.ff5_\n_9.B12....G_\n_.b.f.swgw1_\n_g.o...oO.0_\n_v.wwoRF1.f_\n____________
LEVEL:182:__________\n_K14....._\n_1k..k..._\n_.boL..k._\n_.A15..aa_\n_.b....b._\n_k...F.k._\n_..k.1..._\n_B12.lf13_\n__________
LEVEL:183:____________________\n_Wwvvvvvvvfvvvvvvvv_\n_1wvvvvvvv.vvvvvvvv_\n_6wvvvvvvv.vvvvvvvv_\n_Fwvvvvvvv.vvvvvvvv_\n_1wvvvvvvv.vvvvvvvv_\n_3wvvvvvvvvvvvvvvvv_\n_Vwvvvvvvvvvvvvvvvv_\n_1wvvvvvvvvvvvvvvvv_\n_4wvvvvvvvvvvvvvvvv_\n_wwvvvvvvvvvvwwwwww_\n_............r....._\n_............rRK.B._\n_...b..sss...r11.1._\n_..B12..S....r457.._\n_..B12..1....r....._\n_.......5....kw...._\n_.O1O........ww...._\n_............w....._\n____________________
BATCH:-1:0:0
BATCH:-1:1:1
BATCH:-1:2:2
BATCH:-1:3:3
BATCH:-1:4:4
BATCH:-1:5:5
BATCH:-1:6:6
BATCH:-1:7:7
BATCH:-1:8:8
BATCH:-1:9:9
BATCH:-1:10:10
BATCH:-1:11:11
BATCH:-1:12:12
BATCH:-1:13:13
BATCH:-1:14:14
BATCH:-1:15:15
BATCH:-1:16:16
BATCH:-1:17:17
BATCH:-1:18:18
BATCH:-1:19:19
BATCH:-1:20:20
BATCH:-1:21:21
BATCH:-1:22:22
BATCH:-1:23:23
BATCH:-1:24:24
BATCH:-1:25:25
BATCH:-1:26:26
BATCH:-1:27:27
BATCH:-1:28:28
BATCH:-1:29:29
BATCH:-1:30:30
BATCH:-1:31:31
BATCH:-1:32:32
BATCH:-1:33:33
BATCH:-1:34:34
BATCH:-1:35:35
BATCH:-1:36:36
BATCH:-1:37:37
BATCH:-1:38:38
BATCH:-1:39:39
BATCH:-1:40:40
BATCH:-1:41:41
BATCH:-1:42:42
BATCH:-1:43:43
BATCH:-1:44:44
BATCH:-1:45:45
BATCH:-1:46:46
BATCH:-1:47:47
BATCH:-1:48:48
BATCH:-1:49:49
BATCH:-1:50:50
BATCH:-1:51:51
BATCH:-1:52:52
BATCH:-1:53:53
BATCH:-1:54:54
BATCH:-1:55:55
BATCH:-1:56:56
BATCH:-1:57:57
BATCH:-1:58:58
BATCH:-1:59:59
BATCH:-1:60:60
BATCH:-1:61:61
BATCH:-1:62:62
BATCH:-1:63:63
BATCH:-1:64:64
BATCH:-1:65:65
BATCH:-1:66:66
BATCH:-1:67:67
BATCH:-1:68:68
BATCH:-1:69:69
BATCH:-1:70:70
BATCH:-1:71:71
BATCH:-1:72:72
BATCH:-1:73:73
BATCH:-1:74:74
BATCH:-1:75:75
BATCH:-1:76:76
BATCH:-1:77:77
BATCH:-1:78:78
BATCH:-1:79:79
BATCH:-1:80:80
BATCH:-1:81:81
BATCH:-1:82:82
BATCH:-1:83:83
BATCH:-1:84:84
BATCH:-1:85:85
BATCH:-1:86:86
BATCH:-1:87:87
BATCH:-1:88:88
BATCH:-1:89:89
BATCH:-1:90:90
BATCH:-1:91:91
BATCH:-1:92:92
BATCH:-1:93:93
BATCH:-1:94:94
BATCH:-1:95:95
BATCH:-1:96:96
BATCH:-1:97:97
BATCH:-1:98:98
BATCH:-1:99:99
BATCH:-1:100:100
BATCH:-1:101:101
BATCH:-1:102:102
BATCH:-1:103:103
BATCH:-1:104:104
BATCH:-1:105:105
BATCH:-1:106:106
BATCH:-1:107:107
BATCH:-1:108:108
BATCH:-1:109:109
BATCH:-1:110:110
BATCH:-1:111:111
BATCH:-1:112:112
BATCH:-1:113:113
BATCH:-1:114:114
BATCH:-1:115:115
BATCH:-1:116:116
BATCH:-1:117:117
BATCH:-1:118:118
BATCH:-1:119:119
BATCH:-1:120:120
BATCH:-1:121:121
BATCH:-1:122:122
BATCH:-1:123:123
BATCH:-1:124:124
BATCH:-1:125:125
BATCH:-1:126:126
BATCH:-1:127:127
BATCH:-1:128:128
BATCH:-1:129:129
BATCH:-1:130:130
BATCH:-1:131:131
BATCH:-1:132:132
BATCH:-1:133:133
BATCH:-1:134:134
BATCH:-1:135:135
BATCH:-1:136:136
BATCH:-1:137:137
BATCH:-1:138:138
BATCH:-1:139:139
BATCH:-1:140:140
BATCH:-1:141:141
BATCH:-1:142:142
BATCH:-1:143:143
BATCH:-1:144:144
BATCH:-1:145:145
BATCH:-1:146:146
BATCH:-1:147:147
BATCH:-1:148:148
BATCH:-1:149:149
BATCH:-1:150:150
BATCH:-1:151:151
BATCH:-1:152:152
BATCH:-1:153:153
BATCH:-1:154:154
BATCH:-1:155:155
BATCH:-1:156:156
BATCH:-1:157:157
BATCH:-1:158:158
BATCH:-1:159:159
BATCH:-1:160:160
BATCH:-1:161:161
BATCH:-1:162:162
BATCH:-1:163:163
BATCH:-1:164:164
BATCH:-1:165:165
BATCH:-1:166:166
BATCH:-1:167:167
BATCH:-1:168:168
BATCH:-1:169:169
BATCH:-1:170:170
BATCH:-1:171:171
BATCH:-1:172:172
BATCH:-1:173:173
BATCH:-1:174:174
BATCH:-1:175:175
BATCH:-1:176:176
BATCH:-1:177:177
BATCH:-1:178:178
BATCH:-1:179:179
BATCH:-1:180:180
BATCH:-1:181:181
BATCH:-1:182:182
BATCH:-1:183:183
EVAL_INSTANCE:0:0:386
RUN_RESULT:0:0:0:2000:----
RUN_RESULT:0:0:1:2000:----
RUN_RESULT:0:0:2:63:DLLLLLULULDDDDUURRRU
RUN_RESULT:0:0:3:2000:----
RUN_RESULT:0:0:4:2000:----
RUN_RESULT:0:0:5:2000:----
RUN_RESULT:0:0:6:2000:----
RUN_RESULT:0:0:7:792:UURRRUULLLLDLLRUULRRRDDRUULWULUWWRRRRU
RUN_RESULT:0:0:8:2000:----
RUN_RESULT:0:0:9:4:LULU
RUN_RESULT:0:0:10:2000:----
RUN_RESULT:0:0:11:2000:----
RUN_RESULT:0:0:12:92:ULLLLDRDLRUURUUUULLDL
RUN_RESULT:0:0:13:2000:----
RUN_RESULT:0:0:14:2000:----
RUN_RESULT:0:0:15:2000:----
RUN_RESULT:0:0:16:2000:----
RUN_RESULT:0:0:17:18:LLUUULLDULUUU
RUN_RESULT:0:0:18:2000:----
RUN_RESULT:0:0:19:2000:----
RUN_RESULT:0:0:20:18:RDDDRDRDURURUU
RUN_RESULT:0:0:21:2000:----
RUN_RESULT:0:0:22:4:DDDR
RUN_RESULT:0:0:23:2000:----
RUN_RESULT:0:0:24:79:RDDDDRRD
RUN_RESULT:0:0:25:2000:----
RUN_RESULT:0:0:26:3:DLL
RUN_RESULT:0:0:27:2000:----
RUN_RESULT:0:0:28:2000:----
RUN_RESULT:0:0:29:2000:----
RUN_RESULT:0:0:30:2000:----
RUN_RESULT:0:0:31:2000:----
RUN_RESULT:0:0:32:8:UUUUUURR
RUN_RESULT:0:0:33:2000:----
RUN_RESULT:0:0:34:2000:----
RUN_RESULT:0:0:35:2000:----
RUN_RESULT:0:0:36:278:UURRRRRRULDLLDD
RUN_RESULT:0:0:37:175:DDDDDRRLLUU
RUN_RESULT:0:0:38:2000:----
RUN_RESULT:0:0:39:2000:----
RUN_RESULT:0:0:40:566:RRRDDDDLDLULUDRRULUDDLURRRUUURRRR
RUN_RESULT:0:0:41:2000:----
RUN_RESULT:0:0:42:2000:----
RUN_RESULT:0:0:43:2000:----
RUN_RESULT:0:0:44:3:RLR
RUN_RESULT:0:0:45:2000:----
RUN_RESULT:0:0:46:2000:----
RUN_RESULT:0:0:47:2000:----
RUN_RESULT:0:0:48:2000:----
RUN_RESULT:0:0:49:2000:----
RUN_RESULT:0:0:50:3:RDD
RUN_RESULT:0:0:51:17:DDLDRRLUUR
RUN_RESULT:0:0:52:5:LLLLU
RUN_RESULT:0:0:53:2000:----
RUN_RESULT:0:0:54:2000:----
RUN_RESULT:0:0:55:2000:----
RUN_RESULT:0:0:56:2000:----
RUN_RESULT:0:0:57:2000:----
RUN_RESULT:0:0:58:4:DRRR
RUN_RESULT:0:0:59:2000:----
RUN_RESULT:0:0:60:1:U
RUN_RESULT:0:0:61:2000:----
RUN_RESULT:0:0:62:2000:----
RUN_RESULT:0:0:63:2000:----
RUN_RESULT:0:0:64:9:UUUUULUR
RUN_RESULT:0:0:65:1417:RDULLLDRRRRUURDRRRRURLDLDRRLDURURRRLLDDRR
RUN_RESULT:0:0:66:2000:----
RUN_RESULT:0:0:67:2000:----
RUN_RESULT:0:0:68:2000:----
RUN_RESULT:0:0:69:2000:----
RUN_RESULT:0:0:70:2000:----
RUN_RESULT:0:0:71:2000:----
RUN_RESULT:0:0:72:12:DDDRDDDR
RUN_RESULT:0:0:73:2000:----
RUN_RESULT:0:0:74:3:DDD
RUN_RESULT:0:0:75:2000:----
RUN_RESULT:0:0:76:2000:----
RUN_RESULT:0:0:77:802:ULDWWWWWWWWWWUDWDWWWDUDWWWWWWWWWWWDWWWDUDWWWWWWWWWWWDWWWDUDWWWWWWWWUDWDWWWDUUUUUUUWDDDDWDWWWDWWWWWWWWWWWWWDWWWDUDWWWWWWWWWWWDWWWDWWWWWWWWWWWWWDWWWDUUUUWWU
RUN_RESULT:0:0:78:2000:----
RUN_RESULT:0:0:79:35:RUUURRRRUULULLD
RUN_RESULT:0:0:80:487:RURUURRDDLUURRUULLULD
RUN_RESULT:0:0:81:14:UUUURUURRURRRR
RUN_RESULT:0:0:82:2000:----
RUN_RESULT:0:0:83:5:RRRRR
RUN_RESULT:0:0:84:1405:UUURRLUDRWLLLLURRRDDRULLURUDDWRRR
RUN_RESULT:0:0:85:734:DRDDDDUULDDURDLDURRURDULDDD
RUN_RESULT:0:0:86:8:RRDRRD
RUN_RESULT:0:0:87:35:UUUULULDDLLDDRRUULLRUUUUU
RUN_RESULT:0:0:88:56:UUUULULDDLLDDRRUULLRURUUUUDLLLRRU
RUN_RESULT:0:0:89:2000:----
RUN_RESULT:0:0:90:2000:----
RUN_RESULT:0:0:91:93:ULLLLDRDLRUURUUUULLDL
RUN_RESULT:0:0:92:2000:----
RUN_RESULT:0:0:93:402:LLDDURDULUDLUDRUDRDDDRLDDUULLRDLULRDRDLULUUUUDRDLLLULU
RUN_RESULT:0:0:94:2000:----
RUN_RESULT:0:0:95:2000:----
RUN_RESULT:0:0:96:2000:----
RUN_RESULT:0:0:97:3:UUR
RUN_RESULT:0:0:98:1:L
RUN_RESULT:0:0:99:2000:----
RUN_RESULT:0:0:100:2000:----
RUN_RESULT:0:0:101:2000:----
RUN_RESULT:0:0:102:1:R
RUN_RESULT:0:0:103:2000:----
RUN_RESULT:0:0:104:2000:----
RUN_RESULT:0:0:105:2000:----
RUN_RESULT:0:0:106:2000:----
RUN_RESULT:0:0:107:2000:----
RUN_RESULT:0:0:108:2000:----
RUN_RESULT:0:0:109:2000:----
RUN_RESULT:0:0:110:2000:----
RUN_RESULT:0:0:111:2000:----
RUN_RESULT:0:0:112:14:DDDRRRDRDLLDLL
RUN_RESULT:0:0:113:4:DRR
RUN_RESULT:0:0:114:2000:----
RUN_RESULT:0:0:115:2000:----
RUN_RESULT:0:0:116:2000:----
RUN_RESULT:0:0:117:2000:----
RUN_RESULT:0:0:118:2000:----
RUN_RESULT:0:0:119:2000:----
RUN_RESULT:0:0:120:2000:----
RUN_RESULT:0:0:121:2000:----
RUN_RESULT:0:0:122:8:DDDDRDDD
RUN_RESULT:0:0:123:4:RRDD
RUN_RESULT:0:0:124:2000:----
RUN_RESULT:0:0:125:8:RRDRDR
RUN_RESULT:0:0:126:3:RRU
RUN_RESULT:0:0:127:5:DDLDD
RUN_RESULT:0:0:128:2000:----
RUN_RESULT:0:0:129:32:RURURULUUUUDRU
RUN_RESULT:0:0:130:2000:----
RUN_RESULT:0:0:131:2000:----
RUN_RESULT:0:0:132:2000:----
RUN_RESULT:0:0:133:2000:----
RUN_RESULT:0:0:134:2000:----
RUN_RESULT:0:0:135:2000:----
RUN_RESULT:0:0:136:8:RRDRDR
RUN_RESULT:0:0:137:5:DDLDD
RUN_RESULT:0:0:138:2000:----
RUN_RESULT:0:0:139:2000:----
RUN_RESULT:0:0:140:12:UUUUURRURRRR
RUN_RESULT:0:0:141:2000:----
RUN_RESULT:0:0:142:2000:----
RUN_RESULT:0:0:143:2000:----
RUN_RESULT:0:0:144:2000:----
RUN_RESULT:0:0:145:77:URUURURRU
RUN_RESULT:0:0:146:2000:----
RUN_RESULT:0:0:147:2000:----
RUN_RESULT:0:0:148:2000:----
RUN_RESULT:0:0:149:2000:----
RUN_RESULT:0:0:150:2000:----
RUN_RESULT:0:0:151:2000:----
RUN_RESULT:0:0:152:2000:----
RUN_RESULT:0:0:153:2000:----
RUN_RESULT:0:0:154:6:DRRR
RUN_RESULT:0:0:155:2000:----
RUN_RESULT:0:0:156:13:LDRRRRRU
RUN_RESULT:0:0:157:272:LDLLLDLDLLD
RUN_RESULT:0:0:158:2000:----
RUN_RESULT:0:0:159:2000:----
RUN_RESULT:0:0:160:2000:----
RUN_RESULT:0:0:161:2000:----
RUN_RESULT:0:0:162:26:RRRRDRRRDDDDDD
RUN_RESULT:0:0:163:2000:----
RUN_RESULT:0:0:164:16:LDDLDLDLDLLDD
RUN_RESULT:0:0:165:2000:----
RUN_RESULT:0:0:166:185:LLLDULDR
RUN_RESULT:0:0:167:2000:----
RUN_RESULT:0:0:168:2000:----
RUN_RESULT:0:0:169:2000:----
RUN_RESULT:0:0:170:5:DDUDD
RUN_RESULT:0:0:171:2000:----
RUN_RESULT:0:0:172:61:UUUUUURRRRRDRUURRRRUUUUUUUUURRLURDRULUU
RUN_RESULT:0:0:173:23:DDDLL
RUN_RESULT:0:0:174:235:DDLWWWDLLLLDLWDLWWDD
RUN_RESULT:0:0:175:411:RRRRRDLULL
RUN_RESULT:0:0:176:2000:----
RUN_RESULT:0:0:177:2000:----
RUN_RESULT:0:0:178:2000:----
RUN_RESULT:0:0:179:2000:----
RUN_RESULT:0:0:180:2000:----
RUN_RESULT:0:0:181:2000:----
RUN_RESULT:0:0:182:2000:----
RUN_RESULT:0:0:183:2000:----
The time of execution is: 400.84709119796753 s
