pygame 2.2.0 (SDL 2.30.7, Python 3.8.10)
Hello from the pygame community. https://www.pygame.org/contribute.html
LEVEL:0:___________________\n_B12w...ag...wG10._\n_wwww...gg...wW16._\n_..13...ga...wwwww_\n_.V15..agga......._\n_.R...araga.a....._\n_.....a.ggaaa....._\n_ggggggggaaaav...._\n_.v....agga......._\n_....b..aga......._\n_......agga......._\n___________________
BATCH:0:0:0
TRAINING ON LEVEL:31
of 184 levels
---LEVEL STRING---
___________________
_B12w...ag...wG10._
_wwww...gg...wW16._
_..13...ga...wwwww_
_.V15..agga......._
_.R...araga.a....._
_.....a.ggaaa....._
_ggggggggaaaav...._
_.v....agga......._
_....b..aga......._
_......agga......._
___________________
---LEVEL STRING---
TRACK:0;-1;-1;6;5;3;3;0;2;0;4;4;4;7;4.340096797245753;5;5;2;17;16;2;4;5;2;23;4.182561235292967;13;5;1;6;8;6;19;0;3;0;5;2;23;0.968278113638199;11;2;5;22;5.749582314602243;0;9;23;3.8880767314747615;2;4;1;2;7;0.3804331508090044;23;-7.483856106842026;1;14;22;5.659610998172784;0;6;3;9;1;5;19;0;21;1.446109205419745;18
TRACK:1;-1;-1;3;1;4;4;5;1;6;2;3;5;21;-9.375234710386115;0;4;7;-0.450968365576605;5;18;5;2;4;0;21;3.193725216478853;12;1;6;24;1;10;12;3;3;5;5;3;0;2;0;14;22;-8.63360743081224;5;12;5;1;23;1.4035231301095212;20;-3.1042658661279177
TRACK:2;-1;-1;3;5;5;5;0;6;0;6;6;3;24;2;4;0;11;15;5;0;16;17;0;2;2;6;6;23;-3.2311194401633303;5;4;9;3;1;5;22;-1.562244597290828;6;22;2.1870672145361407;3;2;0;5;24;5;23;1.007932851162522;2;1;8;10;3;12
TRACK:3;-1;-1;6;2;4;1;6;0;6;1;6;3;24;5;3;8;6;1;1;2;13;13;2;10;25;5;5;20;0.8889746874788251;4;5;0;5;3;2;20;-7.5459711176415585;21;-3.7180431692223355;4;5;5;25;6;4;0;2;4;1;0;1;16;8;6;22;-6.774349306177285;0;3;23;4.471505178572828;6;21;2.050275339108179;3;0;1;0;16;18;3;24;0;6;16;0;19;17;5;5;4;6;4;12
TRACK:4;-1;-1;1;6;4;1;4;6;4;0;5;1;7;-3.9532623682789803;8;3;5;14;2;3;4;4;4;4;22;-8.864975300319077;2;5;1;6;1;9;21;-3.09618534120784;1;0;12;10;4;24;6;1;6;6;13;2;0;15;9;0;8;21;-6.760342131235511;6;4;4;2;0;1;5;0;2;7;-8.300346776710718;12;4;10;1;4;6;8;3;5;20;-3.921496754680933;6;2;2;5;15;1;10;23;-0.6952758179776719;4;4;9;5;5;3;5;2;15;19
TRACK:5;-1;-1;2;1;0;4;3;4;3;1;5;6;11;6;1;23;-2.710858346525386;21;-3.943030723246288;4;5;5;1;5;4;5;19;4;0;4;24;0;14;16;5;3;4;5;4;1;4;5;22;-2.5829357390931644;5;6;8;5;5;4;6;2;6;4;2;0;21;9.518124618979954;9;6;17;0;0;4;1;20;-3.9377058091600787;18;3;6;20;4.071437061359049;2;0;4;24;3;17;0;2;22;-3.7720028569935042;17;6;18
TRACK:6;-1;-1;0;0;5;4;2;0;0;4;1;0;13;17;2;22;8.328125268493075;25;2;6;6;18;1;1;14;21;-6.612281154220314;5;23;-9.106797228255504;4;3;0;3;16;0;21;-6.5336776643177075;13;3;0;2;0;2;8;22;6.235253975963612;2;17;25;3;6;9;4;1;4;11;0;7;-3.514625116161058;19;3;4;0;1;3;1;1;6;23;8.540422356215235;1;21;-9.595263066203344;19;2;5;19;0;15;20;5.197225431856815;5;3;4;5;8;1;6;5;0;4;23;-0.9563899983178548;5;15;5;6;2;5;22;-2.8490114388072163;4;25;3;2;3;4;4;2;0;4;2;22;0.9790299581767812;22;3.735603025836017;6;4;11;4;5;4;7;0.06325098636790472;2;5;1;5;0;3;5;14;2;6;15;5;8;0;4;0;2;8;10;1;17;17;6;6;5;12;2;3;6;5;2;6;25;5;21;6.096760690566104;0;4;6;3;5;8;3;3;3;2;16;13
TRACK:7;-1;-1;2;5;1;2;3;4;6;6;5;2;19;8;5;4;4;4;4;1;21;4.714597871280127;10;1;6;3;2;1;2;2;15;24;2;18;19;4;1;25;23;-6.802727923530805;5;3;4;7;0.5454410206775222;4;5;3;0;4;0;8;20;-6.773689479574168;6;2;8;7;8.532571982198942;3;6;0;4;4;5;2;0;4;17;5;22;1.428908356114139;4;4;16;2;0;0;5;3;3;16;3;5;6;19;5;4;1;4;8;1;14;16;0;6;2;1;5;13;3;20;5.245488986544869;1;3;23;-1.5267828112045745;5;13;3;0;1;3;11;4;20;-3.728904263808033;4;5;12
TRACK:8;-1;-1;5;0;4;2;0;5;2;3;0;2;25;15;2;13;22;-6.217353668781591;6;1;4;21;8.189795607932517;1;9;20;-8.31608078021697;4;6;0;2;4;8;6;7;3.863946135199246;5;0;16;18;2;2;1;3;4;1;22;-1.7348685918437905;18;1;1;1;9;22;-7.694368736959354;0;23;8.3094504912428;22;6.434855697400092;6;5;22;2.255671107109997;5;4;3;3;8;6;1;5;1;6;12;2;18;8;5;2;4;12;2;11;24;6;6;5;5;2;0;6;5;12;3;3;22;-3.438665533370699;2;0;2;7;2.1813518388975552;12;1;11;24;4;3;23;9.339384318013966
TRACK:9;-1;-1;1;2;2;0;3;5;2;0;1;2;7;9.405808653008819;21;5.522526202284009;1;11;22;3.6241345907373717;4;6;12;6;3;5;25;5;2;1;1;2;0;7;6.366541433229813;14;1;17;25;5;1;12;22;-9.57188861430666;5;4;0;7;-4.034704829166822;24;2;3;3;4;24;4;0;3;8;2;15;17;3;4;6;1;6;6;5;14;6;1;5;11;5;18;0;1;5;1;4;4;4;4;22;-5.796253676209697;4;2;3;4;17;6;3;19;0;4;0;5;5;2;20;-6.161358003001891;13;2;2;6;9;1;11;19;6;4;22;-4.9302607934465055;2;5;5;2;4;9;0;9;15;4;3;6;6;12;3;4;6;4;3;5;2;25;22;4.603718925904801;0;4;2;0;4;1;1;4;6;18;2;0;23;-7.69108862533683;9;1;19;22;0.8120443477926855;2;6;3;7;-9.983529906433034;6;6;22;-5.027172793799455;0;2;4;0;2;15;24;5;15;2;3;5;14;6;4;14;1;2;0;2;14;18;4;17;1;1;16;9;5;7;-3.7402907041836464;1;2;3;20;-4.327371895203365;0;10;10;0;3;22;8.16664495955714;3;18;5;1;6;2;0;4;8;4;22;-8.740612678799327;6;2;25;13;5;5;6;0;16;16;6;5;2;3;0;5;4;0;20;-0.12846220119719298;7;9.095831625595775;0;0;3;16;0;24;17;5;0;19;15;2;6;6;2;1;21;-3.5813450991373985;22;7.592455685920157;0;16;7;1.042723477828762;2;3;6;1;16;13;5;1;5;15;4;25
EVAL_INSTANCE:0:0:0
EVAL_INSTANCE:0:1:1
EVAL_INSTANCE:0:2:2
EVAL_INSTANCE:0:3:3
EVAL_INSTANCE:0:4:4
EVAL_INSTANCE:0:5:5
EVAL_INSTANCE:0:6:6
EVAL_INSTANCE:0:7:7
EVAL_INSTANCE:0:8:8
EVAL_INSTANCE:0:9:9
RUN_RESULT:0:0:0:2000:----
RUN_RESULT:0:1:0:181:LLLUUUUDRRRRURRRRDRRRD
RUN_RESULT:0:2:0:702:LLLUUUURRRRRRRRDRRRD
RUN_RESULT:0:3:0:2000:----
RUN_RESULT:0:4:0:2000:----
RUN_RESULT:0:5:0:2000:----
RUN_RESULT:0:6:0:2000:----
RUN_RESULT:0:7:0:2000:----
RUN_RESULT:0:8:0:2000:----
RUN_RESULT:0:9:0:2000:----
=================================================
n_gen  |  n_eval  |     f_avg     |     f_min    
=================================================
     1 |       10 | -7.117000E+02 | -3.819000E+03
TRACK:10;3;1;6;2;4;1;6;0;6;1;6;3;24;5;3;8;6;1;1;2;13;13;2;10;25;5;5;20;0.8889746874788251;4;5;0;5;3;2;20;-7.5459711176415585;21;-3.7180431692223355;4;5;5;25;6;4;0;2;4;1;0;1;16;8;6;22;-6.774349306177285;0;3;23;4.471505178572828;6;21;2.050275339108179;3;0;1;0;16;18;3;24;0;6;16;0;19;17;6;24
TRACK:11;3;1;3;1;4;4;5;1;6;13;5;2;4;0;21;3.193725216478853;12;1;6;24;1;10;12;3;3;5;5;3;0;2;0;14;22;-8.63360743081224;5;12;5;1;23;1.4035231301095212;20;-3.1042658661279177
TRACK:12;2;0;3;5;3;9
TRACK:13;2;0;6;5;3;3;0;2;0;4;12;5;5;2;17;16;2;4;5;2;23;4.182561235292967;13;5;1;6;8;6;19;0;3;0;5;2;23;0.968278113638199;11;2;5;22;5.749582314602243;0;9;23;3.8880767314747615;2;4;1;2;7;0.3804331508090044;23;-7.483856106842026;1;14;22;5.659610998172784;0;6;3;9;1;5;19;0;21;1.446109205419745;18
TRACK:14;4;2;1;0;16;17;6;4;4;2;0;1;5;0;2;7;-8.300346776710718;12;4;10;1;4;6;8;3;5;20;-3.921496754680933;6;2;2;5;15;1;10;23;-0.6952758179776719;4;4;9;5;5;3;5;2;15;19
TRACK:15;4;2;3;5;5;5;0;6;0;6;6;3;24;2;4;0;11;15;5;0;16;17;0;2;2;6;6;23;-3.2311194401633303;5;4;9;3;1;5;22;-1.562244597290828;6;22;2.1870672145361407;3;2;0;5;24;5;23;1.007932851162522;2;1;8;15;3;12
TRACK:16;1;8;3;1;4;4;5;1;6;2;3;5;21;-9.375234710386115;0;4;7;-0.450968365576605;5;18;5;2;4;0;21;3.193725216478853;12;1;6;24;1;18;12;3;3;5;5;3;0;2;0;14;22;-8.63360743081224;5;12;5;1;23;1.4035231301095212;20;-3.1042658661279177
TRACK:17;1;8;5;0;4;2;0;5;2;3;0;2;25;15;2;13;22;-6.217353668781591;6;1;4;21;8.189795607932517;1;9;20;-8.31608078021697;4;6;0;2;4;8;6;7;3.863946135199246;5;0;16;18;2;2;1;3;4;1;22;-1.7348685918437905;18;1;1;1;9;22;-7.694368736959354;0;23;8.3094504912428;22;6.434855697400092;6;5;22;2.255671107109997;5;4;21;-9.375234710386115;6;1;5;1;6;12;2;18;8;5;2;4;12;2;11;24;6;6;5;5;2;0;6;5;12;3;3;22;-3.438665533370699;2;0;2;7;2.1813518388975552;12;1;11;24;4;3;23;9.339384318013966
TRACK:18;7;9;2;5;1;2;3;4;6;6;5;2;19;8;5;4;4;4;4;1;21;4.714597871280127;10;1;6;3;2;1;2;2;15;24;2;18;19;4;1;25;23;-6.802727923530805;5;3;4;7;0.5454410206775222;4;5;3;0;4;0;8;20;-6.773689479574168;6;2;8;7;8.532571982198942;3;6;0;4;4;5;2;0;9;5;22;1.428908356114139;4;4;16;2;0;0;5;3;3;16;3;5;6;19;5;4;1;4;8;1;14;16;0;6;2;1;5;13;3;20;5.245488986544869;1;3;23;-1.5267828112045745;5;13;3;0;1;3;11;4;20;-3.728904263808033;4;5;12
TRACK:19;7;9;1;2;2;0;3;5;2;0;1;2;7;9.405808653008819;21;5.522526202284009;1;11;22;3.6241345907373717;4;6;12;6;3;5;25;5;2;1;1;2;0;7;6.366541433229813;14;1;17;25;5;1;12;22;-9.57188861430666;5;4;0;7;-4.034704829166822;24;2;3;3;4;24;4;0;3;8;2;15;17;3;4;6;1;6;6;5;14;6;1;5;11;5;18;0;1;5;1;4;4;4;4;22;-5.796253676209697;4;2;3;4;17;6;3;19;0;4;0;5;5;2;20;-6.161358003001891;8;2;2;6;9;1;11;19;6;4;22;-4.9302607934465055;2;5;5;2;4;9;0;9;15;4;3;6;6;12;3;4;6;4;3;5;2;25;22;4.603718925904801;0;4;2;0;4;1;1;4;6;18;2;0;23;-7.69108862533683;9;1;19;22;0.8120443477926855;2;6;3;7;-9.983529906433034;6;6;22;-5.027172793799455;0;2;4;0;2;15;24;5;15;2;3;5;14;6;4;14;1;2;0;2;14;18;4;17;1;1;16;9;5;7;-3.7402907041836464;1;2;3;20;-4.327371895203365;0;10;10;0;3;22;8.16664495955714;3;18;5;1;6;2;0;4;8;4;22;-8.740612678799327;6;2;25;13;5;5;6;0;16;16;6;5;2;3;0;5;4;0;20;-0.12846220119719298;7;9.095831625595775;0;0;3;16;0;24;17;5;0;19;15;2;6;6;2;1;21;-3.5813450991373985;22;7.592455685920157;0;16;7;1.042723477828762;2;3;6;1;16;13;5;1;5;15;4;25
TRACK:20;10;-1;6;2;4;1;6;0;6;1;6;3;24;5;3;8;6;1;1;2;13;23;3.241267604427353;2;10;25;5;5;20;0.7509793083051546;4;5;0;5;3;2;20;-7.564655671625609;21;-3.7595471025651888;4;5;5;25;6;4;0;2;4;1;0;1;16;8;6;22;-6.69397823970257;0;3;23;4.292116514185517;6;21;2.0716215395146707;3;0;1;0;16;18;3;24;0;6;16;0;19;17;6;24
TRACK:21;12;-1;3;5;3;1;2;3;5;2;3;20;2.845936417749101;4;7;9.448438583532742;3;5;5;4;24;2;1;6;5;1;9;17;2;0;2;23;1.7422641195064;8;0;24;18;4;0;16;7;-4.137038067749595;4;0;4;4;25;4;3;18
TRACK:22;14;-1;1;0;16;17;6;4;4;2;0;1;5;0;2;7;-8.360199078924104;12;4;10;1;4;3;25;3;5;20;-3.992014993087479;6;2;2;5;15;1;10;23;-0.5808754504689838;4;4;9;5;5;3;5;2;15;19
TRACK:23;16;-1;3;1;4;5;2;4;6;7;-8.860013561819436;3;0;21;-6.68186445055345;17;3;3;5;5;3;0;2;0;14;22;-8.619569229710496;5;12;5;1;23;1.5310047290153486;20;-3.192610306219418
TRACK:24;18;-1;2;5;1;2;3;4;6;6;5;2;19;8;5;4;4;4;4;1;21;4.80281173553349;10;1;6;3;2;1;2;2;15;24;2;18;19;4;1;25;23;-6.73790719122181;5;3;4;7;0.5477847264152199;4;5;3;0;4;0;8;20;-6.594924550642871;6;1;8;17;3;6;0;4;4;5;2;0;9;5;22;1.3724209499133013;4;4;16;2;0;0;5;3;3;16;3;5;6;19;5;4;1;4;8;1;14;16;0;6;2;1;5;13;3;20;5.07758914605993;1;3;23;-1.5338205240817373;5;13;3;0;1;3;11;4;20;-3.746421167480168;4;5;12
TRACK:25;11;-1;3;1;4;4;5;1;6;13;5;2;4;0;21;3.1786806936515166;12;1;6;24;1;10;12;3;3;5;5;3;0;2;0;12;22;-8.614486700009396;5;12;5;1;23;1.3180970872598765;20;-2.964235091722537
TRACK:26;13;-1;6;5;3;3;0;2;0;4;12;5;5;2;17;16;2;4;5;2;23;4.044799555713531;13;5;1;6;8;6;19;0;3;0;5;2;23;0.9899439005184801;11;2;5;22;5.668643945383534;0;9;23;3.8163797365503207;2;4;1;2;17;23;-7.4244877678500325;1;14;22;5.591711299758561;0;6;3;9;1;5;19;0;21;1.4878007825815673;18
TRACK:27;15;-1;3;5;5;5;0;6;0;6;6;3;24;2;4;0;11;15;5;0;16;17;0;2;2;6;6;23;-3.3447943901045374;5;4;9;3;1;5;22;-1.4358134463402024;6;22;2.302377478880685;3;2;0;5;24;5;23;1.2193096950188504;2;1;8;15;3;12
TRACK:28;17;-1;5;0;4;2;0;5;2;3;0;2;25;15;2;13;22;-6.04684680109059;6;1;4;21;8.262393642819386;1;9;20;-8.37779284463424;4;6;0;2;4;8;6;7;3.8930119330691864;5;0;16;18;2;2;1;3;4;1;22;-1.7145893967238657;18;1;1;1;9;22;-7.739439169765987;0;23;8.204429360845685;22;6.458945346639103;6;5;22;2.224301622108226;5;4;21;-9.362447138884896;6;1;5;1;6;12;2;13;8;5;2;4;12;2;11;24;6;6;5;5;2;0;6;5;12;3;3;22;-3.538443876418449;2;0;2;7;2.0006419187917057;12;1;11;24;4;3;23;9.293709267795702
TRACK:29;19;-1;1;2;2;0;3;5;2;0;1;2;7;9.445195815262439;21;5.424196145700997;1;11;22;3.698887219371883;4;6;12;6;3;5;25;5;2;1;1;2;0;7;6.273274756138431;14;1;17;25;5;1;12;22;-9.476616066102276;5;4;0;7;-3.959123480559999;24;2;3;3;4;24;4;0;3;8;2;15;17;3;4;6;1;6;6;5;14;6;1;5;11;5;18;0;1;5;1;4;4;4;4;22;-5.588147207680964;4;2;3;4;17;6;3;19;0;4;0;5;5;2;20;-6.144739071365397;8;2;2;6;9;1;11;19;6;4;22;-4.850443329807256;2;5;5;2;4;9;0;9;15;4;3;6;6;12;3;4;6;4;3;5;2;25;22;4.687153607457965;2;1;21;-4.570079785886316;9;4;24
EVAL_INSTANCE:1:0:20
EVAL_INSTANCE:1:1:21
EVAL_INSTANCE:1:2:22
EVAL_INSTANCE:1:3:23
EVAL_INSTANCE:1:4:24
EVAL_INSTANCE:1:5:25
EVAL_INSTANCE:1:6:26
EVAL_INSTANCE:1:7:27
EVAL_INSTANCE:1:8:28
EVAL_INSTANCE:1:9:29
RUN_RESULT:1:0:0:2000:----
RUN_RESULT:1:1:0:2000:----
RUN_RESULT:1:2:0:2000:----
RUN_RESULT:1:3:0:320:LLLUUUUDRRRRURRRRRRRDD
RUN_RESULT:1:4:0:2000:----
RUN_RESULT:1:5:0:2000:----
RUN_RESULT:1:6:0:2000:----
RUN_RESULT:1:7:0:657:LLLUUUURRRRRRRRDRRRD
RUN_RESULT:1:8:0:2000:----
RUN_RESULT:1:9:0:2000:----
     2 |       20 | -1.414000E+03 | -3.819000E+03
TRACK:30;27;1;3;5;5;5;7;-0.450968365576605
TRACK:31;27;1;3;1;4;4;5;1;6;2;3;5;21;-9.375234710386115;0;4;7;-0.450968365576605;5;18;5;2;4;0;21;3.193725216478853;12;1;6;24;1;10;12;3;3;5;5;3;0;2;0;14;22;-8.63360743081224;5;12;5;1;23;1.4035231301095212;22;2.302377478880685
TRACK:32;6;0;0;0;5;4;2;0;0;4;1;0;13;17;2;22;8.328125268493075;25;2;6;6;18;1;1;14;21;-6.612281154220314;5;23;-9.106797228255504;4;3;0;3;16;0;21;-6.5336776643177075;13;3;0;2;0;2;8;22;6.235253975963612;2;17;25;3;6;9;4;1;4;11;0;7;-3.514625116161058;19;3;4;0;1;3;1;1;6;23;8.540422356215235;1;21;-9.595263066203344;19;2;5;19;0;15;20;5.197225431856815;5;3;4;5;8;1;6;5;0;4;23;-0.9563899983178548;5;15;5;6;2;5;22;-2.8490114388072163;4;25;3;2;3;4;4;2;0;4;2;22;0.9790299581767812;22;3.735603025836017;6;4;11;4;5;4;7;0.06325098636790472;2;5;1;5;0;3;5;14;2;6;15;5;8;0;4;0;2;8;10;1;17;17;6;6;5;12;2;3;6;5;2;6;25;5;21;6.096760690566104;0;4;6;3;5;8;3;3;3;2;16;13
TRACK:33;6;0;6;5;3;3;0;2;0;4;4;4;7;4.340096797245753;5;5;2;17;16;2;4;5;2;23;4.182561235292967;13;5;1;6;8;6;19;0;3;0;5;2;23;0.968278113638199;11;2;5;22;5.749582314602243;0;9;23;3.8880767314747615;2;4;1;2;7;0.3804331508090044;23;-7.483856106842026;1;14;22;5.659610998172784;0;6;3;9;1;5;8;0;21;1.446109205419745;18
TRACK:34;23;2;3;1;4;5;2;4;6;7;-8.860013561819436;22;-1.562244597290828;3;3;5;5;3;0;2;0;14;22;-8.619569229710496;5;12;5;1;23;1.5310047290153486;20;-3.192610306219418
TRACK:35;23;2;3;5;5;5;0;6;0;6;6;22;-8.619569229710496;2;4;0;11;15;5;0;16;17;0;2;2;6;6;23;-3.2311194401633303;5;4;9;3;1;5;22;-1.562244597290828;6;22;2.1870672145361407;3;2;0;5;24;5;23;1.007932851162522;2;1;8;10;3;12
TRACK:36;23;1;3;1;4;5;2;4;6;7;-8.860013561819436;3;0;21;-6.68186445055345;17;3;3;5;5;3;0;2;0;14;22;-8.619569229710496;5;12;5;6;24
TRACK:37;23;1;3;1;4;4;5;1;6;2;3;5;21;-9.375234710386115;0;4;7;-0.450968365576605;5;18;5;2;4;0;21;3.193725216478853;12;1;6;24;1;10;12;3;3;5;5;3;0;2;0;14;22;-8.63360743081224;5;12;5;1;22;-8.619569229710496;20;-3.1042658661279177
TRACK:38;5;27;2;1;0;4;3;4;3;1;5;6;11;6;1;23;-2.710858346525386;21;-3.943030723246288;4;5;5;1;5;5;22;-1.4358134463402024;4;0;4;24;0;14;16;5;3;4;5;4;1;4;5;22;-2.5829357390931644;5;6;8;5;5;4;6;2;6;4;2;0;21;9.518124618979954;9;6;17;0;0;4;1;20;-3.9377058091600787;18;3;6;20;4.071437061359049;2;0;4;24;3;17;0;2;22;-3.7720028569935042;17;6;18
TRACK:39;5;27;3;5;5;5;0;6;0;6;6;3;20;-3.9377058091600787;2;4;0;11;15;5;0;16;17;0;2;2;6;6;23;-3.3447943901045374;5;4;9;3;1;5;22;-1.4358134463402024;6;22;2.302377478880685;3;2;0;5;24;5;23;1.2193096950188504;2;1;8;15;3;12
TRACK:40;30;-1;3;5;5;5;3;6;3;6;5;14
TRACK:41;32;-1;0;0;5;4;2;0;0;4;1;0;13;17;2;22;8.254300896593945;25;2;6;6;18;1;1;14;21;-6.59455042536136;5;23;-9.080388932665066;4;3;0;3;16;0;21;-6.390675196481265;13;3;0;2;0;2;8;22;6.312621941024024;2;17;25;3;6;9;4;1;4;11;0;7;-3.5460326712262726;19;3;4;0;1;3;1;1;6;23;8.572991940669581;1;21;-9.588877753383903;19;2;5;19;0;15;20;5.201438432789852;5;3;4;5;8;1;6;5;0;4;23;-0.9630887699836349;5;15;5;6;2;5;22;-2.981770303005881;4;25;3;2;3;4;4;2;0;4;2;22;1.0212489440251857;22;3.7555068093234962;6;4;11;4;5;4;7;0.03040683956898997;2;5;1;5;0;3;5;14;2;6;15;5;8;0;4;0;2;8;10;1;17;17;6;6;5;12;2;3;6;5;2;6;25;5;21;5.936973667483766;0;4;5;2;22;-6.6439152551576175;9;3;3;3;2;16;13
TRACK:42;34;-1;3;1;4;5;2;4;6;7;-8.675382343253418;22;-1.5700076137430585;3;3;5;5;3;0;2;0;14;15;5;12;5;1;23;1.6385957150607822;20;-3.085564744840726
TRACK:43;36;-1;3;1;4;5;2;6;7;7.401505422984712;3;0;21;-6.728175487298545;17;3;3;5;5;3;0;2;0;14;22;-8.564494155708093;5;12;5;6;24
TRACK:44;38;-1;2;1;0;4;3;4;3;1;5;6;11;6;1;23;-2.570815059910079;21;-3.710789722187248;4;5;5;1;5;5;22;-1.4893723905109943;4;0;4;24;0;14;16;5;3;4;5;4;1;4;5;22;-2.5356427341608208;5;6;17;5;5;4;6;2;6;4;2;0;21;9.668813157794098;9;6;17;0;0;4;1;20;-3.9499808693669984;18;3;6;20;4.374844976847488;2;0;4;24;3;17;0;2;22;-3.830280245882718;17;6;18
TRACK:45;31;-1;3;1;4;4;5;1;6;2;3;16;0;4;7;-0.32454519750943606;5;18;5;2;4;0;21;3.2839342042947672;12;1;6;24;1;10;12;3;3;5;5;3;0;2;0;14;22;-8.720589992860333;5;12;5;1;23;1.3235976539483771;22;2.2073154311005956
TRACK:46;33;-1;6;5;3;3;0;2;0;4;4;4;7;4.541769580481829;5;5;2;17;16;2;4;5;2;23;4.204769366356381;13;5;1;6;8;6;14;0;3;0;5;2;23;0.9617715557010804;11;2;5;22;5.707841162038342;0;9;23;4.081716553933336;2;4;1;2;7;0.5306044039922216;23;-7.423204044890284;1;14;22;5.703353628490665;0;6;3;9;1;5;8;0;21;1.5246271434354037;18
TRACK:47;35;-1;3;5;5;5;0;6;0;6;6;22;-8.530093750177;2;4;0;11;15;5;0;16;17;0;2;2;6;6;23;-3.1455403940257987;5;0;8;20;2.657620486768783;3;1;5;22;-1.593282585970391;6;22;2.0644018374710655;3;2;0;5;24;5;23;1.0209502614369226;2;1;8;10;3;12
TRACK:48;37;-1;3;1;4;4;5;1;6;2;3;5;21;-9.47166581960911;0;4;7;-0.35645344727732275;5;18;5;2;4;0;21;3.2743854969239012;12;1;6;14;1;10;12;3;3;5;5;3;0;2;0;14;22;-8.598306772613062;5;12;5;1;22;-8.44318068568797;20;-3.1174499585358766
TRACK:49;39;-1;3;5;5;5;0;6;0;6;6;3;20;-4.100920379074017;2;4;0;11;15;4;20;-6.763001492080081;0;2;2;6;6;23;-3.380242197021285;5;4;9;3;1;5;22;-1.3341486280171666;6;22;2.3333269170416093;3;2;0;5;24;5;23;1.2920847651504848;2;1;8;15;3;12
EVAL_INSTANCE:2:0:40
EVAL_INSTANCE:2:1:41
EVAL_INSTANCE:2:2:42
EVAL_INSTANCE:2:3:43
EVAL_INSTANCE:2:4:44
EVAL_INSTANCE:2:5:45
EVAL_INSTANCE:2:6:46
EVAL_INSTANCE:2:7:47
EVAL_INSTANCE:2:8:48
EVAL_INSTANCE:2:9:49
RUN_RESULT:2:0:0:2000:----
RUN_RESULT:2:1:0:2000:----
RUN_RESULT:2:2:0:1758:ULLLDLUUURUDRRRRURRRRDDRRR
RUN_RESULT:2:3:0:2000:----
RUN_RESULT:2:4:0:2000:----
RUN_RESULT:2:5:0:183:LLLUUUUDRRRRURRRRRRRDD
RUN_RESULT:2:6:0:2000:----
RUN_RESULT:2:7:0:770:ULLDLUUUUDRRRRURRRRDDDRRRU
RUN_RESULT:2:8:0:178:LLLUUUUDRRRRURRRRDRRRD
RUN_RESULT:2:9:0:466:LLLUUUURRRRRRRRDDRRR
     3 |       30 | -3.078500E+03 | -3.822000E+03
TRACK:50;27;45;3;5;5;5;0;6;0;6;6;3;24;2;4;0;11;15;5;0;16;17;0;2;2;6;6;23;-3.3447943901045374;5;4;9;3;1;5;22;-1.4358134463402024;6;22;2.302377478880685;3;2;0;5;24;5;23;1.2193096950188504;2;1;10;15;3;12
TRACK:51;27;45;3;1;4;4;5;1;6;2;3;16;0;4;7;-0.32454519750943606;5;18;5;2;4;0;21;3.2839342042947672;12;1;6;24;1;10;12;24
TRACK:52;48;49;3;1;4;4;5;1;6;2;3;5;21;-9.47166581960911;0;4;7;-0.35645344727732275;5;18;5;2;4;0;21;3.2743854969239012;12;1;6;14;1;10;12;3;3;5;5;3;0;2;0;14;22;-8.598306772613062;5;12;5;1;22;-8.44318068568797;20;-6.763001492080081
TRACK:53;48;49;3;5;5;5;0;6;0;6;6;3;20;-4.100920379074017;2;4;0;21;3.2743854969239012;12;4;20;-6.763001492080081;0;2;2;6;6;23;-3.380242197021285;5;4;9;3;1;5;22;-1.3341486280171666;6;22;2.3333269170416093;3;2;0;5;24;5;23;1.2920847651504848;2;1;8;15;3;12
TRACK:54;1;47;3;1;4;4;5;1;6;2;3;5;21;-9.375234710386115;0;4;7;-0.450968365576605;5;18;5;2;4;0;21;3.193725216478853;12;1;6;24;1;10;12;3;3;5;5;3;0;2;0;14;22;-8.63360743081224;5;12;12
TRACK:55;1;47;3;5;5;5;0;6;0;6;6;22;-8.530093750177;2;4;0;11;15;5;0;16;17;0;2;2;6;6;23;-3.1455403940257987;5;0;8;20;2.657620486768783;3;1;5;22;-1.593282585970391;5;18;3;2;0;5;24;5;23;1.0209502614369226;2;1;8;10;3;12
TRACK:56;23;49;3;1;4;5;2;4;6;7;-8.860013561819436;3;0;6;23;-3.380242197021285;17;3;3;5;5;3;0;2;0;14;22;-8.619569229710496;5;12;5;1;23;1.5310047290153486;20;-3.192610306219418
TRACK:57;23;49;3;5;5;5;0;6;0;6;6;3;20;-4.100920379074017;2;4;0;11;15;4;20;-6.763001492080081;0;2;2;6;6;23;-3.380242197021285;5;4;9;3;1;5;22;-1.3341486280171666;6;22;2.3333269170416093;3;2;0;5;24;5;23;1.2920847651504848;17
TRACK:58;48;1;3;1;4;4;5;1;6;2;3;5;21;-9.47166581960911;0;4;7;-0.35645344727732275;5;18;5;2;4;0;21;3.2743854969239012;12;1;6;14;1;10;12;3;3;5;5;6;24
TRACK:59;48;1;3;1;4;4;5;1;6;2;3;5;21;-9.375234710386115;0;4;7;-0.450968365576605;5;18;5;2;4;0;21;3.193725216478853;12;1;6;24;1;10;12;3;3;5;5;3;0;2;0;14;22;-8.63360743081224;5;12;5;12
TRACK:60;50;-1;3;5;5;5;0;6;0;6;6;3;24;2;4;0;11;15;5;0;16;17;0;2;2;6;6;23;-3.2847927210371592;5;4;9;3;1;5;15;6;22;2.385017322357285;3;2;0;5;24;5;23;1.3021231525578458;2;1;10;15;3;12
TRACK:61;52;-1;3;1;4;4;5;1;6;2;3;5;21;-9.39854932616143;0;4;7;-0.3712037073837646;5;18;5;2;4;0;21;3.211364081444575;12;1;6;14;1;10;12;3;3;5;5;3;0;2;0;14;22;-8.395872550920094;5;12;5;1;22;-8.54926580646228;11
TRACK:62;54;-1;3;1;4;4;5;1;6;2;3;5;21;-9.357564104501975;0;4;7;-0.4091685882499485;5;18;5;2;4;0;10;12;1;6;24;1;10;12;3;3;5;5;3;0;2;0;14;22;-8.667593623276595;5;12;12
TRACK:63;56;-1;3;1;4;0;6;4;6;4;1;17;23;-3.473256445132476;5;4;0;6;0;17;12;0;0;16;10;0;24;10;3;3;5;5;3;0;2;0;14;22;-8.655535297534765;5;12;5;1;23;1.447418065688059;20;-3.059428628465304
TRACK:64;58;-1;3;1;4;4;5;1;6;2;3;5;21;-9.361961096275865;0;4;7;-0.49171272342482386;5;14;5;2;4;0;21;3.1544283979349634;12;1;6;14;1;10;12;3;3;5;5;6;24
TRACK:65;51;-1;3;1;4;4;5;1;6;2;3;16;0;4;7;-0.46988147614356013;5;18;4;3;4;13;24
TRACK:66;53;-1;6;2;11;22;3.682315250430266
TRACK:67;55;-1;3;5;5;5;0;6;0;6;6;22;-8.493860236968041;2;4;0;11;15;5;0;16;17;0;2;2;6;0;24;20;1.7505444795558507;5;0;8;20;2.724920861679629;3;1;5;22;-1.5296132520331278;5;18;3;2;0;5;24;5;23;0.9442778716033622;2;1;8;10;3;12
TRACK:68;57;-1;3;5;5;5;0;6;0;6;15;2;4;0;11;15;4;20;-6.854537406678929;0;2;2;6;6;23;-3.296649546439454;5;4;9;3;1;5;22;-1.3369341213474766;6;22;2.420710644196648;3;2;0;5;24;5;23;1.2500300800244817;17
TRACK:69;59;-1;3;1;4;4;5;3;1;3;5;2;10;7;-0.5259039214540007;0;5;5;18;2;6;24;3;13;3;3;5;5;3;0;2;0;14;22;-8.667051677921663;5;12;5;12
EVAL_INSTANCE:3:0:60
EVAL_INSTANCE:3:1:61
EVAL_INSTANCE:3:2:62
EVAL_INSTANCE:3:3:63
EVAL_INSTANCE:3:4:64
EVAL_INSTANCE:3:5:65
EVAL_INSTANCE:3:6:66
EVAL_INSTANCE:3:7:67
EVAL_INSTANCE:3:8:68
EVAL_INSTANCE:3:9:69
RUN_RESULT:3:0:0:724:LLLUUUURRRRRRRRDDRRR
RUN_RESULT:3:1:0:236:LLLUUUUDRRRRURRRRDDRRR
RUN_RESULT:3:2:0:1564:LLLUUUUDRRRRURRRRDDRRR
RUN_RESULT:3:3:0:320:LLLUUUUDRRRRURRRRRRRDD
RUN_RESULT:3:4:0:2000:----
RUN_RESULT:3:5:0:2000:----
RUN_RESULT:3:6:0:2000:----
RUN_RESULT:3:7:0:2000:----
RUN_RESULT:3:8:0:559:LLLUUUURRRRRRRRDDRRR
RUN_RESULT:3:9:0:2000:----
     4 |       40 | -3.619800E+03 | -3.822000E+03
TRACK:70;63;48;3;1;4;0;6;4;6;4;1;17;23;-3.473256445132476;5;4;0;6;0;17;12;0;0;16;10;0;24;10;3;3;5;5;3;0;2;0;14;22;-8.655535297534765;5;12;5;1;23;1.447418065688059;10
TRACK:71;63;48;3;1;4;4;5;1;6;2;3;5;21;-9.47166581960911;0;4;7;-0.35645344727732275;5;18;5;2;4;0;21;3.2743854969239012;12;1;6;14;1;10;12;3;3;5;24
TRACK:72;1;45;3;1;4;4;5;1;6;2;3;5;21;-9.375234710386115;0;4;7;-0.450968365576605;5;18;5;2;4;0;21;3.193725216478853;12;1;6;24;1;10;12;3;3;5;5;3;0;2;0;14;22;-8.720589992860333;5;12;5;1;23;1.3235976539483771;22;2.2073154311005956
TRACK:73;1;45;3;1;5;12;3;3;5;5;3;0;2;0;14;22;-8.720589992860333;5;12;5;1;23;1.3235976539483771;22;2.2073154311005956
TRACK:74;61;45;3;1;4;4;5;1;6;2;3;5;21;-9.39854932616143;0;4;7;-0.3712037073837646;5;18;5;2;4;0;21;3.211364081444575;12;1;6;14;1;7;-0.32454519750943606;12;3;3;5;5;3;0;2;0;14;22;-8.395872550920094;5;12;5;1;22;-8.54926580646228;11
TRACK:75;61;45;3;1;4;4;5;1;6;2;3;16;0;4;7;-0.32454519750943606;5;18;5;2;4;22;-8.395872550920094;1;6;24;1;10;12;3;3;5;5;3;0;2;0;14;22;-8.720589992860333;5;12;5;1;23;1.3235976539483771;22;2.2073154311005956
TRACK:76;63;27;3;1;4;0;6;4;6;4;1;17;23;-3.473256445132476;5;4;0;2;1;8;15;3;12;0;0;16;10;0;24;10;3;3;5;5;3;0;2;0;14;22;-8.655535297534765;5;12;5;1;23;1.447418065688059;20;-3.059428628465304
TRACK:77;63;27;3;5;5;5;0;6;0;6;6;3;24;2;4;0;11;15;5;0;17;12;0;2;2;6;6;23;-3.3447943901045374;5;4;9;3;1;5;22;-1.4358134463402024;6;22;2.302377478880685;3;2;0;5;24;5;23;1.2193096950188504;2;1;8;15;3;12
TRACK:78;61;48;3;1;4;4;5;1;6;2;3;12;0;4;7;-0.3712037073837646;5;18;5;2;4;0;21;3.211364081444575;12;1;6;14;1;10;12;3;3;5;5;3;0;2;0;14;22;-8.395872550920094;5;12;5;1;22;-8.54926580646228;11
TRACK:79;61;48;3;1;4;4;5;1;6;2;3;18;0;4;7;-0.35645344727732275;5;18;5;2;4;0;21;3.2743854969239012;12;1;6;14;1;10;12;3;3;5;5;3;0;2;0;14;22;-8.598306772613062;5;12;5;1;22;-8.44318068568797;20;-3.1174499585358766
TRACK:80;70;-1;3;1;4;0;6;4;6;4;1;17;23;-3.52351476863208;5;4;0;6;2;15;10;0;0;16;10;0;24;10;3;3;5;5;3;0;2;0;14;22;-8.62726523717404;5;12;5;1;23;1.3778189620270334;10
TRACK:81;72;-1;3;1;4;4;5;1;6;2;3;5;21;-9.310723220489109;0;4;7;-0.5229699554774987;5;18;5;2;4;0;21;3.3048423770607265;12;1;6;21;-6.214780459827658;1;10;12;3;3;5;5;3;0;2;0;14;22;-8.629231412802365;5;12;5;1;23;1.4970123562794981;22;2.0209755876057542
TRACK:82;74;-1;3;1;4;4;5;1;6;2;3;5;21;-9.265123557038624;0;4;7;-0.26702117315423257;5;18;5;2;4;0;21;3.1120548564554418;12;1;6;14;5;14;3;3;5;5;3;0;2;0;14;22;-8.430620970185478;5;12;5;1;22;-8.58603989521021;11
TRACK:83;76;-1;3;1;4;0;6;4;6;4;1;17;23;-3.3941475585186307;5;4;0;2;1;8;15;3;12;0;0;16;10;0;24;10;3;3;5;5;3;0;3;17;5;1;23;1.4579534215588295;20;-3.1819980600889166
TRACK:84;78;-1;3;1;4;4;5;1;6;2;3;12;0;4;7;-0.3272616539096386;5;18;5;2;3;25;1;6;14;1;10;12;3;3;5;5;3;0;2;0;14;22;-8.3830547544267;5;12;5;1;22;-8.703383593593815;11
TRACK:85;71;-1;3;1;4;4;5;4;4;0;19;10;3;3;5;24
TRACK:86;73;-1;3;1;5;12;3;3;5;5;3;0;2;0;14;22;-8.851558816094675;5;12;4;22;-5.851903792782207
TRACK:87;75;-1;3;1;4;4;5;1;6;2;3;0;17;17;0;4;7;-0.09003214050751679;5;18;5;2;4;22;-8.430510091101304;1;6;24;1;10;12;3;3;5;5;3;0;2;0;14;22;-8.638637519196159;5;12;5;1;23;1.20383122816628;22;2.1891762334544054
TRACK:88;77;-1;3;5;5;5;0;6;0;6;6;3;24;2;4;0;11;15;5;0;17;12;0;2;2;6;6;23;-3.5095265580103585;5;4;9;3;1;5;22;-1.5030773059732414;0;18;24;3;2;0;5;24;5;23;1.2536632904263783;2;1;8;15;3;12
TRACK:89;79;-1;3;1;4;4;5;1;6;2;3;18;0;4;7;-0.45826674010322654;5;18;5;2;4;0;22;3.4427290180251724;18;1;6;14;1;10;12;3;3;5;5;3;0;2;0;14;22;-8.625848665645321;5;12;5;1;22;-8.524919859066374;20;-2.9780626851222296
EVAL_INSTANCE:4:0:80
EVAL_INSTANCE:4:1:81
EVAL_INSTANCE:4:2:82
EVAL_INSTANCE:4:3:83
EVAL_INSTANCE:4:4:84
EVAL_INSTANCE:4:5:85
EVAL_INSTANCE:4:6:86
EVAL_INSTANCE:4:7:87
EVAL_INSTANCE:4:8:88
EVAL_INSTANCE:4:9:89
RUN_RESULT:4:0:0:211:LLLUUUUDRRRRURRRRRRRDD
RUN_RESULT:4:1:0:180:LLLUUUUDRRRRURRRRDRRRD
RUN_RESULT:4:2:0:236:LLLUUUUDRRRRURRRRDDRRR
RUN_RESULT:4:3:0:2000:----
RUN_RESULT:4:4:0:2000:----
RUN_RESULT:4:5:0:2000:----
RUN_RESULT:4:6:0:2000:----
RUN_RESULT:4:7:0:2000:----
RUN_RESULT:4:8:0:2000:----
RUN_RESULT:4:9:0:201:LLLUUUUDRRRRURRRRRRRDD
     5 |       50 | -3.775400E+03 | -3.822000E+03
TRACK:90;61;81;3;1;4;4;5;1;6;2;3;5;21;-9.39854932616143;0;4;7;-0.3712037073837646;5;18;5;2;4;0;21;3.211364081444575;12;1;6;14;1;10;12;3;3;5;5;3;0;2;0;23;1.4970123562794981;22;-8.395872550920094;5;12;5;1;22;-8.54926580646228;11
TRACK:91;61;81;3;1;4;4;5;1;6;2;3;5;21;-9.310723220489109;0;4;7;-0.5229699554774987;5;18;5;2;4;0;21;3.3048423770607265;12;1;6;21;-6.214780459827658;1;10;12;3;3;5;5;3;0;2;0;14;22;-8.629231412802365;5;12;0;14;22;-8.395872550920094
TRACK:92;45;48;3;1;4;4;5;1;6;2;3;16;0;4;7;-0.32454519750943606;5;18;5;2;4;0;21;3.2839342042947672;12;1;6;24;1;10;12;3;3;5;5;3;0;4;7;-0.35645344727732275;5;1;23;1.3235976539483771;22;2.2073154311005956
TRACK:93;45;48;3;1;4;4;5;1;3;16;5;2;4;0;21;3.2743854969239012;12;1;6;14;1;10;12;3;3;5;5;3;0;2;0;14;22;-8.598306772613062;5;12;5;1;22;-8.44318068568797;20;-3.1174499585358766
TRACK:94;82;1;3;1;4;4;5;1;6;2;3;5;21;-9.265123557038624;0;4;7;-0.26702117315423257;5;18;5;2;4;0;21;3.1120548564554418;12;1;6;14;10;3;3;5;5;3;0;2;0;14;22;-8.430620970185478;5;12;5;1;22;-8.58603989521021;11
TRACK:95;82;1;3;1;4;4;5;1;6;2;3;5;21;-9.375234710386115;0;4;7;-0.450968365576605;5;18;5;2;4;0;21;3.193725216478853;12;1;6;24;1;7;-0.26702117315423257;12;3;3;5;5;3;0;2;0;14;22;-8.63360743081224;5;12;5;1;23;1.4035231301095212;20;-3.1042658661279177
TRACK:96;81;89;3;1;4;4;5;1;6;2;3;5;21;-9.310723220489109;0;4;7;-0.5229699554774987;5;18;5;2;18;1;6;21;-6.214780459827658;1;10;12;3;3;5;5;3;0;2;0;14;22;-8.629231412802365;5;12;5;1;23;1.4970123562794981;22;2.0209755876057542
TRACK:97;81;89;3;1;4;4;5;1;6;2;3;18;0;4;7;-0.45826674010322654;5;18;5;2;4;0;22;3.4427290180251724;18;1;6;14;1;10;12;3;3;5;5;3;0;2;0;14;22;-8.625848665645321;5;12;5;1;22;-8.524919859066374;21;-6.214780459827658
TRACK:98;48;45;3;1;4;4;5;1;6;2;3;5;21;-9.47166581960911;0;4;7;-0.35645344727732275;24;5;2;4;0;21;3.2743854969239012;12;1;6;14;1;10;12;3;3;5;5;3;0;2;0;14;22;-8.598306772613062;5;12;5;1;22;-8.44318068568797;20;-3.1174499585358766
TRACK:99;48;45;3;1;4;4;5;1;6;2;3;16;0;4;7;-0.32454519750943606;5;14;5;2;4;0;21;3.2839342042947672;12;1;6;24;1;10;12;3;3;5;5;3;0;2;0;14;22;-8.720589992860333;5;12;5;1;23;1.3235976539483771;22;2.2073154311005956
TRACK:100;90;-1;3;1;4;4;5;1;6;2;3;5;21;-9.466792498810209;0;4;7;-0.38370413723917307;5;18;5;2;4;0;21;3.200248592855432;12;1;6;14;1;10;12;3;3;5;5;3;0;2;0;23;1.5608402461266881;22;-8.379345758984547;5;12;5;10
TRACK:101;92;-1;3;1;4;4;5;1;6;2;3;16;0;4;7;-0.21201611676455645;1;12;11;5;2;4;0;21;2.971763252969072;12;1;6;24;1;10;12;3;3;5;5;3;0;4;7;-0.4665318685584284;5;1;23;1.1784241006963854;22;2.271560745082204
TRACK:102;94;-1;3;1;4;4;5;1;6;2;3;5;21;-9.337684665098019;0;4;7;-0.31337322558363034;5;18;5;2;4;0;21;3.024956307075681;12;1;6;14;10;3;3;5;5;3;0;2;0;14;22;-8.43944234688194;5;12;5;6;15
TRACK:103;96;-1;3;1;4;4;5;1;6;2;3;5;21;-9.331969103884507;0;4;20;-1.6147868636168798;5;18;5;2;18;1;6;21;-6.238611339645029;1;10;12;3;3;5;5;3;0;2;0;14;22;-8.550388396716475;5;12;5;1;23;1.3245162205664787;22;1.8835260402306417
TRACK:104;98;-1;3;1;4;4;5;1;6;2;3;5;21;-9.519394030875898;0;4;7;-0.3126073671397052;24;5;2;4;0;21;3.2854747979216734;12;1;6;14;5;8;3;3;5;5;3;0;2;0;14;22;-8.52980952167802;5;12;5;1;22;-8.316734007903936;20;-3.0504647804732654
TRACK:105;91;-1;3;1;4;4;5;1;6;2;3;5;21;-9.164004996752544;0;4;7;-0.5136903185683757;5;18;5;2;4;0;21;3.303366212414408;12;1;6;21;-6.011658837160293;1;10;12;3;3;5;5;2;3;1;2;20;-3.0541297431328633;21;3.929658737439281;6;19;2;4;2;25;15;6;4;15
TRACK:106;93;-1;3;1;4;4;5;1;3;16;1;25;24;3;3;5;5;3;0;2;0;14;22;-8.512379346239381;5;12;5;1;22;-8.414735079488224;20;-3.1002695993741107
TRACK:107;95;-1;3;1;4;4;5;1;6;2;4;12;0;4;7;-0.3841566505550343;5;18;5;2;4;0;21;3.3419048629850265;12;1;6;24;1;7;-0.3135916703593915;12;3;3;5;5;3;0;2;0;14;22;-8.516388231755554;5;12;5;1;23;1.479820572418852;20;-3.115960678367059
TRACK:108;97;-1;3;1;4;4;5;1;6;2;3;18;0;4;7;-0.5575903581959097;5;18;5;2;4;0;22;3.4935442163480315;18;1;6;14;1;10;12;3;3;5;5;4;5;3;23;-6.451123954970854
TRACK:109;99;-1;3;1;4;4;5;1;6;2;3;16;0;4;20;-5.215116139457024;5;14;5;2;4;0;21;3.2155470322878617;12;1;6;24;1;10;12;3;3;5;5;3;0;2;0;14;22;-8.75112424558481;5;12;5;1;23;1.4252482166678755;22;2.340823513297016
EVAL_INSTANCE:5:0:100
EVAL_INSTANCE:5:1:101
EVAL_INSTANCE:5:2:102
EVAL_INSTANCE:5:3:103
EVAL_INSTANCE:5:4:104
EVAL_INSTANCE:5:5:105
EVAL_INSTANCE:5:6:106
EVAL_INSTANCE:5:7:107
EVAL_INSTANCE:5:8:108
EVAL_INSTANCE:5:9:109
RUN_RESULT:5:0:0:2000:----
RUN_RESULT:5:1:0:2000:----
RUN_RESULT:5:2:0:236:LLLUUUUDRRRRURRRRDDRRR
RUN_RESULT:5:3:0:215:LLLUUUUDRRRRURRRRRRRDD
RUN_RESULT:5:4:0:179:LLLUUUUDRRRRURRRRRRRDD
RUN_RESULT:5:5:0:2000:----
RUN_RESULT:5:6:0:2000:----
RUN_RESULT:5:7:0:184:LLLUUUUDRRRRURRRRRRRDD
RUN_RESULT:5:8:0:2000:----
RUN_RESULT:5:9:0:265:LLLUUUUDRRRRURRRRRRRDD
     6 |       60 | -3.805200E+03 | -3.822000E+03
TRACK:110;104;89;3;1;4;4;5;1;6;2;3;5;21;-9.519394030875898;0;4;7;-0.3126073671397052;24;5;2;4;0;21;3.2854747979216734;12;1;6;14;5;20;-2.9780626851222296;3;3;5;5;3;0;2;0;14;22;-8.52980952167802;5;12;5;1;22;-8.316734007903936;20;-3.0504647804732654
TRACK:111;104;89;3;1;4;4;5;1;6;2;3;18;0;4;7;-0.45826674010322654;5;18;21;-9.519394030875898;3;3;5;5;3;0;2;0;14;22;-8.625848665645321;5;12;5;1;22;-8.524919859066374;20;-2.9780626851222296
TRACK:112;48;45;3;1;4;4;5;1;6;2;3;5;21;-9.47166581960911;0;12;5;18;5;2;4;0;21;3.2743854969239012;12;1;6;14;1;10;12;3;3;5;5;3;0;2;0;14;22;-8.598306772613062;5;12;5;1;22;-8.44318068568797;20;-3.1174499585358766
TRACK:113;48;45;3;1;4;4;5;1;6;2;3;16;0;4;7;-0.32454519750943606;5;18;5;2;4;0;21;3.2839342042947672;12;1;14;1;10;12;3;3;5;5;3;0;2;0;14;22;-8.720589992860333;5;12;5;1;23;1.3235976539483771;22;2.2073154311005956
TRACK:114;1;107;3;1;4;4;5;1;6;2;3;5;21;-9.375234710386115;0;4;7;-0.450968365576605;5;18;5;2;4;0;21;3.193725216478853;12;1;6;24;1;10;12;3;3;5;5;3;0;2;0;14;22;-8.63360743081224;18;5;1;23;1.4035231301095212;20;-3.1042658661279177
TRACK:115;1;107;3;1;4;4;5;1;6;2;4;12;0;4;7;-0.3841566505550343;14;5;2;4;0;21;3.3419048629850265;12;1;6;24;1;7;-0.3135916703593915;12;3;3;5;5;3;0;2;0;14;22;-8.516388231755554;5;12;5;1;23;1.479820572418852;20;-3.115960678367059
TRACK:116;48;104;3;1;4;4;5;1;6;2;3;5;21;-9.47166581960911;0;4;7;-0.35645344727732275;5;18;5;2;4;0;21;3.2743854969239012;12;1;6;14;1;10;12;3;3;5;5;3;0;2;0;14;22;-8.598306772613062;5;21;-9.519394030875898;5;1;22;-8.44318068568797;20;-3.1174499585358766
TRACK:117;48;104;3;1;4;4;5;6;14;3;3;5;5;3;0;2;0;14;22;-8.52980952167802;5;12;5;1;22;-8.316734007903936;20;-3.0504647804732654
TRACK:118;1;89;3;1;4;4;5;1;6;2;3;5;21;-9.375234710386115;0;4;7;-0.450968365576605;5;18;5;2;4;0;21;3.193725216478853;12;1;6;24;1;10;12;3;3;5;5;3;0;2;0;14;22;-8.63360743081224;5;12;5;1;23;1.4035231301095212;20;-3.1042658661279177
TRACK:119;1;89;3;1;4;4;5;1;6;2;3;18;0;4;7;-0.45826674010322654;5;18;5;2;4;0;22;3.4427290180251724;18;1;6;14;1;10;12;3;3;5;23;1.4035231301095212
TRACK:120;110;-1;3;1;4;4;5;1;6;2;3;3;14;0;4;7;-0.22391444764670246;24;5;2;4;0;21;3.546172151995154;12;1;6;14;5;20;-2.8719095401465005;3;3;5;5;3;0;2;0;14;22;-8.455822990701444;5;12;5;1;22;-8.115512427680862;20;-2.9835414387441888
TRACK:121;112;-1;3;1;4;4;5;1;6;2;3;5;21;-9.559322077952086;0;12;5;18;5;2;4;0;21;3.213897076160863;12;1;6;14;1;10;21;-3.5155659065703944;3;3;5;5;3;0;2;0;14;22;-8.529481125766393;5;12;5;1;22;-8.354309219764394;20;-3.164927136843736
TRACK:122;114;-1;3;1;4;4;5;1;6;2;3;5;21;-9.161002885782816;0;4;7;-0.39633596553094824;5;18;5;2;4;0;21;3.0769651245185945;11;1;6;24;1;10;12;3;3;5;5;3;0;2;0;14;22;-8.665277479781771;18;5;1;23;1.3334096421838915;20;-3.0910781460305254
TRACK:123;116;-1;3;1;4;1;12;14;3;3;5;5;3;0;2;0;14;22;-8.493572353927378;5;21;-9.616404059125221;5;1;22;-8.447188277934663;20;-3.168914800570152
TRACK:124;118;-1;3;1;4;4;5;1;6;2;3;5;21;-9.549528478577551;0;4;7;-0.5870370386836812;5;18;5;2;4;0;21;3.2268021845231742;12;1;6;24;1;10;12;3;3;5;5;3;0;2;0;14;17;5;12;5;1;23;1.455009887401331;20;-3.1750281535686353
TRACK:125;111;-1;3;1;4;4;5;1;6;2;3;18;0;4;7;-0.40828851268523014;5;18;2;3;1;13;16;1;1;22;-3.1785112457342324;14;0;9;20;0.6182110714843496;3;3;5;5;3;0;2;0;14;22;-8.501605975300318;5;12;5;1;22;-8.46984730840085;20;-2.8898613651131346
TRACK:126;113;-1;3;1;4;4;5;1;6;2;3;16;0;4;7;-0.2801590237493248;5;18;5;2;4;0;21;3.331611359281135;12;5;8;3;3;5;5;3;0;2;0;14;22;-8.705695396716786;5;12;5;1;23;1.4534366416843447;22;2.391353015759113
TRACK:127;115;-1;3;1;4;4;5;1;6;2;4;12;0;4;7;-0.4090094996042979;14;5;2;4;0;21;3.329002925795321;12;1;6;24;1;7;-0.3863764578143261;12;3;3;5;5;3;0;2;0;14;20;-9.351265732848981;5;12;5;1;23;1.3503208260801771;20;-3.014195505606971
TRACK:128;117;-1;3;1;4;4;5;6;14;3;3;0;3;1;3;4;20;-1.3312367215742587;5;4;11;5;6;4;6;22;-1.4013039059545367
TRACK:129;119;-1;3;1;4;2;15;13;3;3;5;23;1.5928375169875102
EVAL_INSTANCE:6:0:120
EVAL_INSTANCE:6:1:121
EVAL_INSTANCE:6:2:122
EVAL_INSTANCE:6:3:123
EVAL_INSTANCE:6:4:124
EVAL_INSTANCE:6:5:125
EVAL_INSTANCE:6:6:126
EVAL_INSTANCE:6:7:127
EVAL_INSTANCE:6:8:128
EVAL_INSTANCE:6:9:129
RUN_RESULT:6:0:0:2000:----
RUN_RESULT:6:1:0:178:LLLUUUUDRRRRURRRRDRRRD
RUN_RESULT:6:2:0:2000:----
RUN_RESULT:6:3:0:2000:----
RUN_RESULT:6:4:0:2000:----
RUN_RESULT:6:5:0:2000:----
RUN_RESULT:6:6:0:183:LLLUUUUDRRRRURRRRRRRDD
RUN_RESULT:6:7:0:2000:----
RUN_RESULT:6:8:0:2000:----
RUN_RESULT:6:9:0:2000:----
     7 |       70 | -3.814200E+03 | -3.822000E+03
TRACK:130;48;1;3;1;4;4;5;1;6;2;3;5;21;-9.47166581960911;0;4;7;-0.35645344727732275;5;18;5;2;4;1;10;12;1;6;14;1;10;12;3;3;5;5;3;0;2;0;14;22;-8.598306772613062;5;12;5;1;22;-8.44318068568797;20;-3.1174499585358766
TRACK:131;48;1;3;1;4;4;5;1;6;2;3;5;21;-9.375234710386115;0;4;7;-0.450968365576605;5;18;5;2;4;0;21;3.193725216478853;12;1;6;24;21;-9.47166581960911;3;3;5;5;3;0;2;0;14;22;-8.63360743081224;5;12;5;1;23;1.4035231301095212;20;-3.1042658661279177
TRACK:132;81;121;3;1;4;4;5;1;6;2;3;5;21;-9.310723220489109;0;4;7;-0.5229699554774987;5;18;5;2;4;0;21;3.3048423770607265;12;1;5;18;1;10;12;3;3;5;5;3;0;2;0;14;22;-8.629231412802365;5;12;5;1;23;1.4970123562794981;22;2.0209755876057542
TRACK:133;81;121;3;1;4;4;5;1;6;2;3;5;21;-9.310723220489109;0;12;5;18;5;2;4;0;21;3.213897076160863;12;1;6;14;1;10;21;-3.5155659065703944;3;3;5;5;3;0;2;0;14;22;-8.529481125766393;5;12;5;1;22;-8.354309219764394;20;-3.164927136843736
TRACK:134;107;45;3;1;4;4;5;1;6;2;4;12;0;4;7;-0.3841566505550343;5;18;0;4;7;-0.32454519750943606;5;18;3;3;5;5;3;0;2;0;14;22;-8.516388231755554;5;12;5;1;23;1.479820572418852;20;-3.115960678367059
TRACK:135;107;45;3;1;4;4;5;1;6;2;3;16;0;7;-0.3841566505550343;5;18;5;2;4;0;21;3.2839342042947672;12;1;6;24;1;10;12;3;3;5;5;3;0;2;0;14;22;-8.720589992860333;5;12;5;1;23;1.3235976539483771;22;2.2073154311005956
TRACK:136;104;1;3;1;4;4;5;1;6;2;3;5;21;-9.519394030875898;0;4;7;-0.3126073671397052;24;5;2;4;0;21;3.2854747979216734;12;1;6;14;12;3;3;5;5;3;0;2;0;14;22;-8.52980952167802;5;12;5;1;22;-8.316734007903936;20;-3.0504647804732654
TRACK:137;104;1;3;1;4;4;5;1;6;2;3;5;21;-9.375234710386115;0;4;7;-0.450968365576605;20;-3.0504647804732654;5;2;4;0;21;3.193725216478853;12;1;6;24;1;10;12;3;3;5;5;3;0;2;0;14;22;-8.63360743081224;5;12;5;1;23;1.4035231301095212;20;-3.1042658661279177
TRACK:138;81;121;3;1;4;4;5;1;6;2;3;5;21;-9.310723220489109;0;4;7;-0.5229699554774987;5;18;5;2;4;0;21;3.3048423770607265;12;1;6;21;-6.214780459827658;1;10;12;3;3;5;5;3;0;2;0;14;22;-8.629231412802365;5;21;-9.559322077952086;5;1;23;1.4970123562794981;22;2.0209755876057542
TRACK:139;81;121;3;1;4;4;5;1;6;2;3;5;21;-9.559322077952086;0;12;5;18;5;2;4;0;21;3.213897076160863;12;1;6;14;1;10;21;-3.5155659065703944;3;3;5;5;3;0;2;0;14;22;-8.529481125766393;5;12;5;1;22;-8.354309219764394;20;-3.164927136843736
TRACK:140;130;-1;3;1;4;4;5;1;6;2;3;5;21;-9.606470778767564;0;4;7;-0.29772099595392587;5;18;5;2;4;1;10;12;1;6;14;1;10;12;3;3;5;5;3;0;2;0;14;22;-8.597192431503517;5;12;5;1;22;-8.55193699187859;23;0.272056280159072
TRACK:141;132;-1;3;1;4;4;5;1;6;2;3;5;21;-9.451067088269083;0;4;7;-0.5078776915864033;5;18;5;2;4;0;21;3.372993602928885;12;1;5;18;1;10;12;3;3;5;5;2;5;22;0.4344527115793344;1;23;3.1066571649596604;14
TRACK:142;134;-1;3;1;4;4;5;1;6;2;4;12;0;4;7;-0.2752727839715705;5;18;0;4;7;-0.2911898307807632;5;18;3;3;5;5;3;0;2;1;21;-5.257217904609204;8;5;12;5;1;23;1.500864522288477;20;-2.8602968975975047
TRACK:143;136;-1;3;1;4;4;5;1;6;2;3;2;14;15;0;4;7;-0.3693881264865611;24;5;2;4;0;21;3.2928701289717384;12;1;6;14;12;3;3;5;5;3;0;2;0;14;22;-8.331411702090977;5;12;5;1;22;-8.339218739303135;20;-2.9864133196836904
TRACK:144;138;-1;3;1;4;4;5;1;6;2;3;5;21;-9.09707865273541;0;4;7;-0.5623578983427022;5;18;5;2;4;0;21;3.206736749773609;12;1;6;21;-6.042582551087069;1;10;12;3;3;5;5;3;0;2;0;14;22;-8.710758835633413;5;21;-9.738401427058236;5;1;23;1.5360621004543868;17
TRACK:145;131;-1;3;1;4;4;5;1;6;2;3;5;21;-9.447965185783197;6;3;25;5;2;4;0;21;3.0771884179315716;12;1;6;24;21;-9.340952158450142;3;3;5;5;3;0;2;0;14;22;-8.692753072654202;5;12;5;1;23;1.2837835724094047;20;-3.0742330736501415
TRACK:146;133;-1;3;1;4;4;1;3;2;1;1;2;18;8;5;15;3;4;9;3;6;6;16;5;5;6;0;4;24;5;14;3;3;5;5;3;0;2;0;14;22;-8.66766737073295;5;12;5;1;22;-8.450200728762464;20;-3.2777551080255525
TRACK:147;135;-1;3;1;4;4;5;1;6;2;3;16;0;7;-0.38228294006947733;5;18;5;2;4;0;21;3.334124139649156;12;1;6;24;1;10;12;3;3;5;5;5;3;4;14
TRACK:148;137;-1;3;1;4;4;5;4;9;3;3;5;5;3;0;2;0;14;22;-8.694094968736989;5;12;5;1;23;1.2578888270485662;20;-3.0757344043463584
TRACK:149;139;-1;3;1;4;4;5;1;6;2;3;5;15;0;12;5;18;5;2;4;0;21;3.211100186212361;12;1;6;14;1;10;21;-3.554288590243317;3;3;5;5;3;0;2;0;14;22;-8.687102791637969;5;12;5;1;22;-8.314080889571377;20;-2.9935652787926292
EVAL_INSTANCE:7:0:140
EVAL_INSTANCE:7:1:141
EVAL_INSTANCE:7:2:142
EVAL_INSTANCE:7:3:143
EVAL_INSTANCE:7:4:144
EVAL_INSTANCE:7:5:145
EVAL_INSTANCE:7:6:146
EVAL_INSTANCE:7:7:147
EVAL_INSTANCE:7:8:148
EVAL_INSTANCE:7:9:149
RUN_RESULT:7:0:0:2000:----
RUN_RESULT:7:1:0:2000:----
RUN_RESULT:7:2:0:2000:----
RUN_RESULT:7:3:0:2000:----
RUN_RESULT:7:4:0:2000:----
RUN_RESULT:7:5:0:2000:----
RUN_RESULT:7:6:0:2000:----
RUN_RESULT:7:7:0:2000:----
RUN_RESULT:7:8:0:2000:----
RUN_RESULT:7:9:0:179:LLLUUUUDRRRRURRRRRRRDD
     8 |       80 | -3.817400E+03 | -3.822000E+03
TRACK:150;48;104;3;1;4;4;5;1;6;2;3;5;21;-9.47166581960911;0;4;7;-0.35645344727732275;5;18;5;2;4;7;-0.3126073671397052;1;6;14;1;10;12;3;3;5;5;3;0;2;0;14;22;-8.598306772613062;5;12;5;1;22;-8.44318068568797;20;-3.1174499585358766
TRACK:151;48;104;3;1;4;4;5;1;6;2;3;5;21;-9.519394030875898;0;4;7;-0.3126073671397052;24;5;2;0;21;3.2743854969239012;12;1;6;14;5;8;3;3;5;5;3;0;2;0;14;22;-8.52980952167802;5;12;5;1;22;-8.316734007903936;20;-3.0504647804732654
TRACK:152;149;81;3;1;4;4;5;1;6;2;3;5;15;0;12;5;18;5;2;4;0;21;3.211100186212361;12;1;6;14;1;10;21;-3.554288590243317;3;3;5;5;0;21;3.3048423770607265;12
TRACK:153;149;81;3;1;4;4;5;1;6;2;3;5;21;-9.310723220489109;0;4;7;-0.5229699554774987;5;18;5;15;3;3;5;5;3;0;2;0;14;22;-8.629231412802365;5;12;5;1;23;1.4970123562794981;22;2.0209755876057542
TRACK:154;121;104;3;1;4;4;5;1;6;2;3;5;21;-9.519394030875898;0;4;7;-0.3126073671397052;24;5;2;4;0;21;3.2854747979216734;12;1;6;14;5;8;3;3;5;5;3;0;2;0;14;22;-8.529481125766393;5;12;5;1;22;-8.354309219764394;20;-3.164927136843736
TRACK:155;121;104;3;1;4;4;5;1;6;0;12;5;18;5;2;4;0;21;3.2854747979216734;12;1;6;14;5;8;3;3;5;5;3;0;2;0;14;22;-8.52980952167802;5;12;5;1;22;-8.316734007903936;20;-3.0504647804732654
TRACK:156;81;1;3;1;4;4;5;1;6;2;3;5;21;-9.310723220489109;0;4;7;-0.5229699554774987;5;18;5;2;4;0;21;3.3048423770607265;12;1;6;21;-6.214780459827658;1;10;12;3;3;5;5;3;0;2;0;14;22;-8.629231412802365;1;10;12;5;1;23;1.4970123562794981;22;2.0209755876057542
TRACK:157;81;1;3;1;4;4;5;1;6;2;3;5;21;-9.375234710386115;0;4;7;-0.450968365576605;5;18;5;2;1;23;1.4970123562794981;22;2.0209755876057542;1;6;24;1;10;12;3;3;5;5;3;0;2;0;14;22;-8.63360743081224;5;12;5;1;23;1.4035231301095212;20;-3.1042658661279177
TRACK:158;149;48;3;1;4;4;5;1;6;2;3;5;15;0;12;5;18;5;2;4;0;21;3.211100186212361;22;-8.44318068568797;1;6;14;1;10;21;-3.554288590243317;3;3;5;5;3;0;2;0;14;22;-8.687102791637969;5;12;5;1;22;-8.314080889571377;20;-2.9935652787926292
TRACK:159;149;48;3;1;4;4;5;1;6;2;3;1;22;-8.314080889571377;20;-2.9935652787926292;0;4;7;-0.35645344727732275;5;18;5;2;4;0;21;3.2743854969239012;12;1;6;14;1;10;12;3;3;5;5;3;0;2;0;14;22;-8.598306772613062;5;12;5;1;22;-8.44318068568797;20;-3.1174499585358766
TRACK:160;150;-1;3;1;4;4;5;1;6;2;3;5;21;-9.42635659778679;0;4;7;-0.5037983517962874;5;18;5;2;4;7;-0.2754124454271946;1;6;14;1;10;12;3;6;2;25;24
TRACK:161;152;-1;3;1;4;4;5;1;6;2;3;5;15;0;12;5;18;5;2;4;0;21;3.325325786223107;18;1;6;14;1;10;21;-3.5675387194407477;3;3;5;5;0;21;3.2373821740442943;12
TRACK:162;154;-1;3;1;4;4;5;1;6;2;3;5;21;-9.513832275459215;0;4;7;-0.3001777027016069;24;5;2;4;0;21;3.3813813330415243;12;1;6;14;5;8;3;3;5;5;3;0;2;19;18;5;1;22;-8.287759665822023;20;-3.084352720406211
TRACK:163;156;-1;3;1;4;4;5;1;6;2;3;5;21;-9.107458635784996;0;4;7;-0.4519911430070637;5;18;5;2;4;0;21;3.2704294022293805;12;1;6;21;-6.081063951442087;1;10;12;3;3;5;5;3;0;2;0;14;22;-8.609342762987712;1;10;12;5;1;10;15
TRACK:164;158;-1;3;1;4;4;5;1;6;2;3;5;15;0;12;5;18;5;3;13;3;3;5;5;3;0;2;0;14;22;-8.4896689305636;5;12;5;1;22;-8.371325105770524;20;-2.8648144046671584
TRACK:165;151;-1;3;1;4;4;5;1;6;2;3;5;21;-9.450703711506408;0;4;7;-0.2796572411816116;24;5;2;0;21;3.509264754170101;12;1;6;14;5;8;3;3;5;5;2;0;1;5;7;-9.263448130691359;2;8;16;3;6;18;6;6;0;8;18
TRACK:166;153;-1;3;1;4;4;5;1;6;2;3;5;21;-9.232748664158132;0;4;7;-0.5480627016287721;5;18;5;15;3;3;5;5;3;0;2;0;14;22;-8.774351485519759;5;12;5;1;10;20;-6.598740307073361
TRACK:167;155;-1;3;1;4;4;5;1;6;0;12;5;18;5;2;4;0;21;3.273424881000831;12;1;6;14;6;16;3;3;5;5;3;0;2;0;14;22;-8.444070108462297;5;12;5;1;22;-8.231387378332013;20;-3.1922577723648637
TRACK:168;157;-1;3;1;4;4;5;1;6;2;3;5;21;-9.336662572293433;0;4;7;-0.4190339709953535;5;18;5;2;1;23;1.5473000064255744;22;1.6668439689959338;1;2;23;5.626698261459968;25;1;10;12;3;3;5;5;3;0;2;0;14;22;-8.448838464305057;5;12;5;1;23;1.5307785609147415;20;-3.2302126162438007
TRACK:169;159;-1;1;6;4;6;2;24;18;2;2;3;0;14;19;4;3;24;0;1;6;22;-3.616739614826767;5;17;1;3;12;4;22;-2.56148914520616
EVAL_INSTANCE:8:0:160
EVAL_INSTANCE:8:1:161
EVAL_INSTANCE:8:2:162
EVAL_INSTANCE:8:3:163
EVAL_INSTANCE:8:4:164
EVAL_INSTANCE:8:5:165
EVAL_INSTANCE:8:6:166
EVAL_INSTANCE:8:7:167
EVAL_INSTANCE:8:8:168
EVAL_INSTANCE:8:9:169
RUN_RESULT:8:0:0:2000:----
RUN_RESULT:8:1:0:2000:----
RUN_RESULT:8:2:0:2000:----
RUN_RESULT:8:3:0:238:LLLUUUUDRRRRURRRRDDRRR
RUN_RESULT:8:4:0:2000:----
RUN_RESULT:8:5:0:2000:----
RUN_RESULT:8:6:0:2000:----
RUN_RESULT:8:7:0:2000:----
RUN_RESULT:8:8:0:441:LLLUUUUDRRRRURRLDLLLLLLUURDDRRRRRURRRDRRRD
RUN_RESULT:8:9:0:2000:----
     9 |       90 | -3.817400E+03 | -3.822000E+03
TRACK:170;48;81;3;1;4;4;5;1;6;2;3;5;21;-9.47166581960911;0;10;5;18;5;2;4;0;21;3.2743854969239012;12;1;6;14;1;10;12;3;3;5;5;3;0;2;0;14;22;-8.598306772613062;5;12;5;1;22;-8.44318068568797;20;-3.1174499585358766
TRACK:171;48;81;3;1;4;4;5;1;6;2;3;4;7;-0.35645344727732275;0;4;7;-0.5229699554774987;5;18;5;2;4;0;21;3.3048423770607265;12;1;6;21;-6.214780459827658;1;10;12;3;3;5;5;3;0;2;0;14;22;-8.629231412802365;5;12;5;1;23;1.4970123562794981;22;2.0209755876057542
TRACK:172;149;121;3;1;4;4;5;1;6;2;3;5;15;0;12;5;18;5;2;4;0;21;3.211100186212361;12;1;6;14;1;10;18;3;3;5;5;3;0;2;0;14;22;-8.687102791637969;5;12;5;1;22;-8.314080889571377;20;-2.9935652787926292
TRACK:173;149;121;3;1;4;4;5;1;6;2;3;5;21;-9.559322077952086;0;12;5;18;5;2;4;0;21;3.213897076160863;12;1;6;14;1;10;21;-3.5155659065703944;3;3;5;5;3;0;2;0;14;22;-8.529481125766393;5;12;5;1;22;-8.354309219764394;20;-3.164927136843736
TRACK:174;126;81;3;1;4;4;5;1;6;2;3;16;0;22;-8.629231412802365;5;18;5;2;4;0;21;3.331611359281135;12;5;8;3;3;5;5;3;0;2;0;14;22;-8.705695396716786;5;12;5;1;23;1.4534366416843447;22;2.391353015759113
TRACK:175;126;81;3;1;4;4;5;1;6;2;3;5;21;-9.310723220489109;0;4;7;-0.5229699554774987;5;18;5;2;4;0;21;3.3048423770607265;12;1;6;21;-6.214780459827658;1;12;12;3;3;5;5;3;0;2;0;14;22;-8.629231412802365;5;12;5;1;23;1.4970123562794981;22;2.0209755876057542
TRACK:176;48;149;3;1;4;4;5;1;6;2;3;5;21;-9.47166581960911;0;4;7;-0.35645344727732275;5;18;5;2;4;0;21;3.2743854969239012;12;1;6;14;1;10;12;3;3;5;2;4;0;21;3.211100186212361;12;1;6;14;1;10;21;-3.554288590243317
TRACK:177;48;149;3;1;4;4;5;1;6;2;3;0;14;22;-8.598306772613062;0;12;5;18;5;2;4;0;21;3.211100186212361;12;1;6;14;1;10;21;-3.554288590243317;3;3;5;5;3;0;2;0;14;22;-8.687102791637969;5;12;5;1;22;-8.314080889571377;20;-2.9935652787926292
TRACK:178;104;121;3;1;4;4;5;1;6;2;3;5;21;-9.519394030875898;0;4;7;-0.3126073671397052;24;5;2;4;0;21;3.2854747979216734;12;1;6;14;5;8;3;3;5;5;3;0;2;0;14;22;-8.52980952167802;5;12;5;1;22;-8.316734007903936;14
TRACK:179;104;121;3;1;4;4;5;1;6;2;3;5;21;-9.559322077952086;0;12;5;18;5;2;4;0;21;3.213897076160863;12;1;6;14;21;-9.519394030875898;3;3;5;5;3;0;2;0;14;22;-8.529481125766393;5;12;5;1;22;-8.354309219764394;20;-3.164927136843736
TRACK:180;170;-1;3;1;1;4;0;23;-9.054511976745825;12;2;4;19;0;17;9;3;3;5;5;3;0;2;0;14;22;-8.512411474759716;5;12;5;1;22;-8.401666087108314;20;-3.10931939929796
TRACK:181;172;-1;3;1;4;4;5;1;6;2;3;5;15;0;12;2;10;25;5;2;4;0;21;3.308502778953737;12;1;6;14;1;10;18;3;3;5;5;3;0;2;0;14;22;-8.616903290119707;5;12;5;1;22;-8.465175954756946;20;-3.081658236272421
TRACK:182;174;-1;5;4;9
TRACK:183;176;-1;3;1;4;4;5;1;6;2;3;1;19;14;0;4;7;-0.3986933172339555;5;18;5;2;4;0;21;3.2451496185721016;12;1;6;14;1;10;12;3;3;5;2;4;0;21;3.213988065788481;12;1;6;14;1;10;21;-3.583840128769325
TRACK:184;178;-1;3;1;4;4;5;1;6;2;3;5;21;-9.602322372332951;0;4;7;-0.27057986989322974;4;17;5;2;4;0;21;3.1824522959132238;12;1;6;14;5;8;3;3;5;5;3;0;2;0;14;22;-8.510823953900315;5;12;5;1;22;-8.22779789985671;14
TRACK:185;171;-1;3;1;4;4;5;1;6;2;3;4;7;-0.20104043887161172;0;4;7;-0.42786693638369133;5;18;5;2;4;0;21;3.2072033007218814;12;1;6;21;-6.301732953580301;1;17;12;3;3;5;5;3;0;2;0;14;22;-8.650561525526884;5;12;5;1;23;1.5226542420021887;22;1.94260949903392
TRACK:186;173;-1;3;1;4;4;5;1;6;2;3;5;21;-9.554162577492548;0;12;5;18;5;2;4;0;21;3.1320338379042867;12;1;6;8;1;10;21;-3.6754717968290613;3;3;5;5;3;0;2;0;14;22;-8.432767318321023;5;12;5;1;22;-8.306696457627238;20;-3.0189558322886403
TRACK:187;175;-1;3;1;4;4;5;1;6;2;3;5;21;-9.131966059254808;0;4;7;-0.4237637493080383;5;18;5;2;4;0;22;0.7216965697478877;12;1;6;21;-6.122510601397186;1;12;12;3;3;5;5;3;0;2;0;14;22;-8.511891173533758;5;12;5;1;23;1.7325364918641932;22;2.165037824837336
TRACK:188;177;-1;3;1;4;4;5;1;6;2;3;0;14;22;-8.521769169257295;0;12;5;18;5;2;4;0;21;3.221316829238938;12;1;6;20;-0.7584009196657142;1;10;21;-3.643849100033411;3;3;5;5;3;0;2;0;14;22;-8.579937597144882;5;12;5;1;22;-8.269159807130437;20;-2.990105085815244
TRACK:189;179;-1;3;1;4;4;5;1;6;2;3;5;21;-9.589549901275175;0;12;6;16;5;2;4;0;21;3.3746354667672107;12;1;6;14;21;-9.409283214107958;3;3;5;5;3;0;2;0;14;22;-8.516142612808713;5;12;5;1;22;-8.414268219243594;20;-3.262907874259827
EVAL_INSTANCE:9:0:180
EVAL_INSTANCE:9:1:181
EVAL_INSTANCE:9:2:182
EVAL_INSTANCE:9:3:183
EVAL_INSTANCE:9:4:184
EVAL_INSTANCE:9:5:185
EVAL_INSTANCE:9:6:186
EVAL_INSTANCE:9:7:187
EVAL_INSTANCE:9:8:188
EVAL_INSTANCE:9:9:189
RUN_RESULT:9:0:0:2000:----
RUN_RESULT:9:1:0:181:LLLUUUUDRRRRURRRRRRRDD
RUN_RESULT:9:2:0:2000:----
RUN_RESULT:9:3:0:2000:----
RUN_RESULT:9:4:0:274:LLLUUUUDRRRRURRRRDDRRR
RUN_RESULT:9:5:0:183:LLLUUUUDRRRRURRRRRRRDD
RUN_RESULT:9:6:0:224:LLLUUUUDRRRRURRRRDRRRD
RUN_RESULT:9:7:0:389:LLLUUUULURDDRRRRURRRRDRRRD
RUN_RESULT:9:8:0:2000:----
RUN_RESULT:9:9:0:2000:----
    10 |      100 | -3.819500E+03 | -3.822000E+03
TRACK:190;1;48;3;1;4;4;5;1;6;2;3;5;21;-9.375234710386115;0;4;7;-0.450968365576605;4;7;-0.35645344727732275;5;2;4;0;21;3.193725216478853;12;1;6;24;1;10;12;3;3;5;5;3;0;2;0;14;22;-8.63360743081224;5;12;5;1;23;1.4035231301095212;20;-3.1042658661279177
TRACK:191;1;48;3;2;4;0;21;3.193725216478853;12;1;6;24;1;10;12
TRACK:192;149;121;3;1;4;4;5;12;3;3;5;5;3;0;2;0;14;22;-8.687102791637969;5;12;5;1;22;-8.314080889571377;20;-2.9935652787926292
TRACK:193;149;121;3;1;4;4;5;1;6;2;3;5;21;-9.559322077952086;0;12;5;18;5;2;4;0;21;3.213897076160863;12;1;6;14;1;10;21;-3.5155659065703944;3;3;5;5;3;5;15
TRACK:194;181;1;3;1;4;4;5;1;6;2;3;5;15;0;14;22;-8.63360743081224;5;2;4;0;21;3.308502778953737;12;1;6;14;1;10;18;3;3;5;5;3;0;2;0;14;22;-8.616903290119707;5;12;5;1;22;-8.465175954756946;20;-3.081658236272421
TRACK:195;181;1;3;1;4;4;5;1;5;2;4;0;21;3.308502778953737;12;1;6;14;1;10;18;5;2;4;0;21;3.193725216478853;12;1;6;24;1;10;12;3;3;5;5;3;0;2;0;14;22;-8.63360743081224;5;12;5;1;23;1.4035231301095212;20;-3.1042658661279177
TRACK:196;104;48;3;1;4;4;5;1;6;2;3;5;21;-9.519394030875898;1;6;14;1;10;12;5;2;4;0;21;3.2854747979216734;12;1;6;14;5;8;3;3;5;5;3;0;2;0;14;22;-8.52980952167802;5;12;5;1;22;-8.316734007903936;20;-3.0504647804732654
TRACK:197;104;48;3;1;4;4;5;1;6;2;3;5;21;-9.47166581960911;0;4;7;-0.35645344727732275;5;18;5;2;4;0;21;3.2743854969239012;12;1;6;14;1;10;12;5;21;-9.519394030875898
TRACK:198;81;121;3;1;4;4;5;1;6;2;3;5;21;-9.310723220489109;0;4;7;-0.5229699554774987;5;18;5;2;4;0;21;3.3048423770607265;12;1;6;21;-6.214780459827658;1;10;12;3;3;5;5;3;0;21;3.213897076160863;12
TRACK:199;81;121;3;1;4;4;5;1;6;2;3;5;21;-9.559322077952086;0;12;5;18;5;2;4;0;21;3.213897076160863;12;1;6;14;1;10;21;-3.5155659065703944;3;3;5;5;3;0;2;0;14;22;-8.529481125766393;1;23;1.4970123562794981;22;2.0209755876057542;5;1;22;-8.354309219764394;20;-3.164927136843736
TRACK:200;190;-1;3;1;4;4;5;1;6;2;3;5;21;-9.529908169351;0;4;7;-0.24738002528092745;4;7;-0.35058814856610404;5;2;25;9;3;3;5;5;3;0;2;0;14;22;-8.594211688034855;5;12;5;1;23;1.3130985236523078;20;-3.1458857103439897
TRACK:201;192;-1;3;1;4;4;5;12;3;3;5;1;2;1;5;3;16;6;1;8;13;6;4;5;22;-2.177326221528584;4;5;1;5;13;1;25;20;-9.342266795691954
TRACK:202;194;-1;3;1;4;4;5;1;6;2;3;5;15;0;14;22;-8.660533051073532;5;2;4;0;21;3.2891449002495166;12;1;6;14;1;10;18;3;3;5;5;3;0;2;0;14;19;5;12;5;1;22;-8.27557161771106;20;-3.0189976797170783
TRACK:203;196;-1;3;1;4;4;5;1;6;2;3;5;21;-9.5648839192329;1;6;14;1;10;12;5;2;4;0;21;3.2706012537267943;12;1;6;14;5;8;3;3;4;21;1.062429256273159
TRACK:204;198;-1;3;1;4;4;5;1;6;2;3;5;21;-9.193311927938362;0;4;7;-0.48364134733566394;5;18;5;2;4;0;21;3.4709613591014987;12;1;6;21;-6.22926316199679;1;10;12;3;3;5;5;3;0;21;3.0362523691897922;1;17;20;-2.0339073081239922
TRACK:205;191;-1;3;2;4;0;21;3.0875538616589324;12;1;1;3;5;6;1;5;12;6;24;2;2;3;5;6;24;5;0;2;15;16;6;13;0;2;6;2;13;8;2;6;16;1;20;-1.148053907445604;7;7.1583232692003875;5;1;1;15;17;4;25;1;10;12
TRACK:206;193;-1;3;1;4;4;5;1;6;2;3;5;21;-9.569813441317764;0;12;5;18;5;2;4;0;22;-8.98486943010965;12;1;6;14;1;10;21;-3.59779516877728;3;3;5;5;3;5;15
TRACK:207;195;-1;3;1;4;4;5;1;5;2;4;0;21;3.2277533961372136;12;1;6;14;1;10;18;5;2;4;0;21;3.249655352415377;12;1;6;24;1;10;12;3;3;5;5;3;0;2;0;22;-4.944173035946018;22;-8.571345316814664;5;12;5;1;23;1.6430782334906593;20;-3.011032722349524
TRACK:208;197;-1;3;1;4;4;5;1;6;2;3;5;21;-9.654481692349494;0;4;7;-0.34858691841738687;5;18;0;5;22;-3.4609694620966858;0;22;7.855240525463355;7;-6.179700313142309;5;21;-9.563048981939023
TRACK:209;199;-1;3;1;4;4;5;1;6;2;3;5;21;-9.623625764616905;0;12;5;18;5;2;4;0;21;3.233930781189402;12;1;6;14;1;10;7;-8.169728427989707;3;3;5;5;3;0;2;0;14;22;-8.617406562757175;1;23;1.4143560976822092;22;1.9406164392572207;5;1;22;-8.400697287946082;20;-3.0911991673035777
EVAL_INSTANCE:10:0:200
EVAL_INSTANCE:10:1:201
EVAL_INSTANCE:10:2:202
EVAL_INSTANCE:10:3:203
EVAL_INSTANCE:10:4:204
EVAL_INSTANCE:10:5:205
EVAL_INSTANCE:10:6:206
EVAL_INSTANCE:10:7:207
EVAL_INSTANCE:10:8:208
EVAL_INSTANCE:10:9:209
RUN_RESULT:10:0:0:2000:----
RUN_RESULT:10:1:0:2000:----
RUN_RESULT:10:2:0:2000:----
RUN_RESULT:10:3:0:2000:----
RUN_RESULT:10:4:0:2000:----
RUN_RESULT:10:5:0:2000:----
RUN_RESULT:10:6:0:2000:----
RUN_RESULT:10:7:0:2000:----
RUN_RESULT:10:8:0:2000:----
RUN_RESULT:10:9:0:2000:----
    11 |      110 | -3.819500E+03 | -3.822000E+03
TRACK:210;104;181;3;1;4;4;5;1;6;2;3;5;21;-9.519394030875898;0;4;7;-0.3126073671397052;24;5;2;4;0;21;3.2854747979216734;12;1;6;14;5;8;3;3;5;5;3;0;2;0;14;22;-8.52980952167802;5;12;5;1;22;-8.316734007903936;20;-3.0504647804732654
TRACK:211;104;181;3;1;21;-9.519394030875898;3;3;5;5;3;0;2;0;14;22;-8.616903290119707;5;12;5;1;22;-8.465175954756946;20;-3.081658236272421
TRACK:212;45;121;3;1;4;4;5;1;6;2;3;16;0;4;7;-0.32454519750943606;5;18;5;2;4;0;21;3.2839342042947672;12;1;6;24;1;10;12;3;3;5;5;3;0;14;5;1;23;1.3235976539483771;22;2.2073154311005956
TRACK:213;45;121;3;1;4;4;5;1;6;2;3;5;21;-9.559322077952086;0;12;5;18;5;2;4;0;21;3.213897076160863;12;1;1;23;1.3235976539483771;22;2.2073154311005956;1;10;21;-3.5155659065703944;3;3;5;5;3;0;2;0;14;22;-8.529481125766393;5;12;5;1;22;-8.354309219764394;20;-3.164927136843736
TRACK:214;48;121;3;1;4;4;5;1;6;2;3;5;21;-9.47166581960911;0;4;7;-0.35645344727732275;5;18;5;2;4;0;21;3.2743854969239012;12;1;6;14;1;10;12;3;3;5;5;3;0;2;0;14;22;-8.598306772613062;5;12;5;1;10;20;-3.1174499585358766
TRACK:215;48;121;3;1;4;4;5;1;6;2;3;5;21;-9.559322077952086;0;22;-8.598306772613062;5;18;5;2;4;0;21;3.213897076160863;12;1;6;14;1;10;21;-3.5155659065703944;3;3;5;5;3;0;2;0;14;22;-8.529481125766393;5;12;5;1;22;-8.354309219764394;20;-3.164927136843736
TRACK:216;104;1;3;1;4;4;5;1;6;2;3;5;21;-9.519394030875898;0;4;7;-0.3126073671397052;24;5;2;4;0;21;3.2854747979216734;12;1;6;14;5;8;3;3;5;5;3;0;2;0;14;22;-8.52980952167802;5;12;5;22;-8.63360743081224
TRACK:217;104;1;3;1;4;4;5;1;1;6;14;5;8;5;2;4;0;21;3.193725216478853;12;1;6;24;1;10;12;3;3;5;5;3;0;2;0;14;22;-8.63360743081224;5;12;5;1;23;1.4035231301095212;20;-3.1042658661279177
TRACK:218;181;48;3;1;4;4;5;1;6;0;14;22;-8.598306772613062;5;2;4;0;21;3.308502778953737;12;1;6;14;1;10;18;3;3;5;5;3;0;2;0;14;22;-8.616903290119707;5;12;5;1;22;-8.465175954756946;20;-3.081658236272421
TRACK:219;181;48;3;1;4;4;5;1;6;2;3;5;21;-9.47166581960911;0;25;5;18;5;2;4;0;21;3.2743854969239012;12;1;6;14;1;10;12;3;3;5;5;3;0;2;0;14;22;-8.598306772613062;5;12;5;1;22;-8.44318068568797;20;-3.1174499585358766
TRACK:220;210;-1;3;1;4;4;5;1;6;2;3;5;21;-9.609732369851168;0;4;7;-0.4408335193587398;24;5;2;4;0;21;3.3114774823167594;12;1;6;14;5;8;3;3;5;5;3;0;2;0;14;22;-8.750452351720668;5;12;5;2;21;-7.6801046393028605;17
TRACK:221;45;-1;3;1;4;4;5;1;6;2;3;16;0;4;7;-0.26654115516476645;0;11;12;5;2;4;0;21;3.3911513060235134;12;1;6;24;1;10;12;3;3;5;5;3;0;2;0;14;22;-8.719002550011169;5;12;5;1;23;1.221592009220342;22;2.1727409316746886
TRACK:222;214;-1;3;1;4;4;5;1;6;2;3;5;21;-9.50081324154997;0;4;7;-0.32238690428173133;5;18;5;1;2;0;16;23;9.062183640204019;0;16;24;5;0;21;-8.24678298053785;14;3;3;5;5;3;0;2;0;14;22;-8.378951498407147;5;12;5;1;10;20;-3.1887196871872496
TRACK:223;216;-1;3;1;4;4;5;1;6;2;5;14;0;4;7;-0.2770244094874889;24;5;2;4;0;21;3.182307704576289;12;1;6;14;5;8;3;3;5;5;3;0;2;0;14;22;-8.745946968604278;5;12;5;22;-8.628562513983233
TRACK:224;218;-1;3;1;4;4;5;1;6;0;23;8.547255794695317;12;5;2;4;0;21;3.305347293487052;12;1;6;14;1;10;18;3;3;5;5;3;0;2;0;14;22;-8.728617801086092;5;12;5;1;22;-8.244594364313661;20;-3.1300966946232562
TRACK:225;211;-1;1;0;9;17;3;19
TRACK:226;121;-1;3;1;4;4;5;1;6;2;3;5;21;-9.507210220455471;0;12;5;18;5;2;4;0;21;3.3700601867712257;12;1;6;14;1;10;21;-3.3617325739460417;3;3;5;5;3;0;8;7;-2.0847387450698722
TRACK:227;215;-1;3;1;4;4;5;1;6;2;3;5;21;-9.648666294619513;0;22;-8.774819515349723;5;18;5;2;4;0;21;3.3202689034653563;12;1;6;14;1;10;21;-3.47946184806142;3;3;5;5;4;2;5;0;21;0.7893811328786722;19;1;5;7;7.800796175845402;6;9
TRACK:228;217;-1;3;1;4;4;5;1;1;6;14;5;8;5;2;4;2;20;-6.4743222353834184;14;2;4;24;0;7;3.597995472277521;19;3;3;5;5;3;0;2;0;14;22;-8.646220167034564;5;12;5;1;23;1.2330744687118382;20;-3.255357660456936
TRACK:229;219;-1;3;4;1;1;5;5;0;3;25;1;24;25;4;4;1;5;10;4;23;6.072879507323005;2;2;1;4;0;14;13;2;0;9;18;4;15;5;5;2;14;8;5;1;5;0;20;-8.838615337472607;16;0;2;12;25;6;12
EVAL_INSTANCE:11:0:220
EVAL_INSTANCE:11:1:221
EVAL_INSTANCE:11:2:222
EVAL_INSTANCE:11:3:223
EVAL_INSTANCE:11:4:224
EVAL_INSTANCE:11:5:225
EVAL_INSTANCE:11:6:226
EVAL_INSTANCE:11:7:227
EVAL_INSTANCE:11:8:228
EVAL_INSTANCE:11:9:229
RUN_RESULT:11:0:0:952:LLLUUUUDRRRRURRRRRRRDD
RUN_RESULT:11:1:0:2000:----
RUN_RESULT:11:2:0:2000:----
RUN_RESULT:11:3:0:2000:----
RUN_RESULT:11:4:0:2000:----
RUN_RESULT:11:5:0:2000:----
RUN_RESULT:11:6:0:2000:----
RUN_RESULT:11:7:0:2000:----
RUN_RESULT:11:8:0:2000:----
RUN_RESULT:11:9:0:2000:----
    12 |      120 | -3.819500E+03 | -3.822000E+03
TRACK:230;121;1;3;1;4;4;5;1;6;2;3;22;-8.63360743081224;0;12;5;18;5;2;4;0;21;3.213897076160863;12;1;6;14;1;10;21;-3.5155659065703944;3;3;5;5;3;0;2;0;14;22;-8.529481125766393;5;12;5;1;22;-8.354309219764394;20;-3.164927136843736
TRACK:231;121;1;3;1;4;4;5;1;6;2;3;5;21;-9.375234710386115;0;4;7;-0.450968365576605;5;18;5;2;4;0;21;3.193725216478853;12;1;6;24;1;10;12;3;3;5;5;3;0;2;0;14;22;-8.63360743081224;1;22;-8.354309219764394;20;-3.164927136843736;5;1;23;1.4035231301095212;20;-3.1042658661279177
TRACK:232;149;45;3;1;4;4;5;1;6;2;3;5;15;0;12;5;18;12;3;3;5;5;3;0;2;0;14;22;-8.687102791637969;5;12;5;1;22;-8.314080889571377;20;-2.9935652787926292
TRACK:233;149;45;3;1;4;4;5;1;6;2;3;16;0;4;7;-0.32454519750943606;5;18;5;2;4;0;21;3.2839342042947672;12;1;6;24;18;3;3;5;5;3;0;2;0;14;22;-8.720589992860333;5;12;5;1;23;1.3235976539483771;22;2.2073154311005956
TRACK:234;48;181;3;1;4;4;5;1;6;2;3;5;21;-9.47166581960911;0;4;7;-0.35645344727732275;5;18;5;2;4;0;21;3.2743854969239012;12;1;6;14;1;10;12;3;3;5;5;3;0;2;0;21;3.308502778953737;12;5;12;5;1;22;-8.44318068568797;20;-3.1174499585358766
TRACK:235;48;181;3;1;4;4;5;1;6;2;3;5;15;0;12;12;5;2;4;0;21;3.308502778953737;12;1;6;14;1;10;18;3;3;5;5;3;0;2;0;14;22;-8.616903290119707;5;12;5;1;22;-8.465175954756946;20;-3.081658236272421
TRACK:236;121;149;3;1;4;4;5;1;6;2;3;5;21;-9.559322077952086;0;12;5;18;5;15;3;3;5;5;3;0;2;0;14;22;-8.529481125766393;5;12;5;1;22;-8.354309219764394;20;-3.164927136843736
TRACK:237;121;149;3;1;4;4;5;1;6;2;3;5;15;0;12;5;18;5;2;4;0;21;3.211100186212361;12;1;6;14;1;10;21;-3.554288590243317;3;4;5;1;6;2;3;5;21;-9.559322077952086;0;12;5;18;5;2;4;0;21;3.213897076160863;12;1;6;14;1;10;21;-3.5155659065703944
TRACK:238;48;1;3;1;4;4;5;1;6;2;0;14;22;-8.63360743081224;0;4;7;-0.35645344727732275;5;18;5;2;4;0;21;3.2743854969239012;12;1;6;14;1;10;12;3;3;5;5;3;0;2;0;14;22;-8.598306772613062;5;12;5;1;22;-8.44318068568797;20;-3.1174499585358766
TRACK:239;48;1;3;1;4;4;5;1;6;2;18;0;4;7;-0.450968365576605;5;18;5;2;4;0;21;3.193725216478853;12;1;6;24;1;10;12;3;3;5;5;3;0;2;0;14;22;-8.63360743081224;5;12;5;1;23;1.4035231301095212;20;-3.1042658661279177
TRACK:240;230;-1;3;1;4;4;5;1;6;2;0;3;9;3;15;4;3;21;-9.86950286491944;5;2;4;0;21;3.1976316069023256;12;1;6;14;1;10;21;-3.4930781491330523;3;3;5;5;3;0;2;0;14;22;-8.515958557084744;5;12;5;1;22;-8.2987705241766;20;-3.2514358530201606
TRACK:241;232;-1;3;1;4;4;5;1;6;2;3;5;15;0;12;5;18;12;3;3;5;5;3;0;2;0;9;9;5;12;5;1;22;-8.308371192952707;20;-3.011331790450747
TRACK:242;234;-1;3;1;4;4;5;1;6;2;3;5;21;-9.353500704545134;0;4;7;-0.29540728853513715;5;18;5;2;4;0;21;3.3586981422155273;12;1;6;8;1;10;12;3;3;5;5;3;0;2;0;21;3.426864008871032;12;5;12;5;1;22;-8.257106755554545;20;-2.9797414814671606
TRACK:243;236;-1;3;1;4;4;5;1;6;2;3;5;21;-9.503565314666634;0;12;0;25;15;5;15;3;3;5;5;3;0;2;0;14;22;-8.768153055913416;5;12;5;1;22;-8.432733148421235;20;-3.1604743251056764
TRACK:244;238;-1;3;1;4;4;5;1;6;2;0;14;3;16;0;4;7;-0.44679434979930277;5;18;5;2;4;0;21;3.2261524491395237;12;1;6;14;1;10;12;3;3;5;5;3;0;2;0;14;22;-8.51168437444775;5;12;5;1;22;-8.435190513149097;20;-3.09642057231583
TRACK:245;231;-1;3;1;4;4;5;1;6;2;3;5;21;-9.387435884820556;0;4;7;-0.6301669376335343;5;18;5;2;4;0;21;3.0916176782564078;12;1;6;24;1;10;12;3;3;5;5;3;0;2;0;14;22;-8.488677307087155;1;22;-8.401946552141233;20;-3.2710421997988566;5;1;23;1.2361943153730441;19
TRACK:246;233;-1;3;1;4;4;5;1;6;2;3;16;0;4;7;-0.31826253063212845;5;18;5;2;4;0;21;3.126262636400978;12;6;21;4.391491044106603;3;3;5;5;3;0;2;0;14;22;-8.84093936032505;5;12;5;1;23;1.2397893394491724;22;2.169181216902742
TRACK:247;235;-1;3;1;0;2;3;1;1;4;1;6;10;4;13;3;0;5;12;0;24;12;2;1;0;3;8;1;19;19;3;5;15;4;3;4;11;0;6;0;6;1;4;13;3;15;2;3;1;15;14;1;0;7;1.7640342574855001;24;1;12;22;-2.7929838777251508;6;4;1;6;0;14;15;0;1;15;7;-5.513971724013597;6;7;-7.123863755864031;3;4;0;1;2;3;0;7;9.04913840983334;11;0;1;14;8;3;21;-7.58407288926562;1;6;0;19;7;-1.4834325175355048;1;2;18;12;0;16;14;3;0;3;1;15;15;6;2;20;8.517253837751198;18;3;3;5;5;3;0;2;0;14;22;-8.623483332910926;5;12;5;1;22;-8.509471911781025;20;-3.0120123608378497
TRACK:248;237;-1;3;1;4;4;5;1;6;2;3;5;15;0;12;5;18;5;2;4;0;21;2.9906073804996263;20;9.52248198851062;1;6;14;1;10;21;-3.750315418579618;3;4;5;1;6;2;3;5;21;-9.677938801993903;0;12;5;18;5;2;4;0;21;3.2279225707281474;12;1;6;14;1;10;21;-3.293198759742204
TRACK:249;239;-1;3;1;4;4;5;1;6;2;18;0;4;7;-0.2983960411325718;5;18;5;2;4;0;21;3.2180870791723737;12;1;6;24;1;10;12;3;3;5;5;3;0;2;0;14;22;-8.724040534744859;5;16;5;1;23;1.6008014442800176;20;-3.2750207584836546
EVAL_INSTANCE:12:0:240
EVAL_INSTANCE:12:1:241
EVAL_INSTANCE:12:2:242
EVAL_INSTANCE:12:3:243
EVAL_INSTANCE:12:4:244
EVAL_INSTANCE:12:5:245
EVAL_INSTANCE:12:6:246
EVAL_INSTANCE:12:7:247
EVAL_INSTANCE:12:8:248
EVAL_INSTANCE:12:9:249
RUN_RESULT:12:0:0:233:LLLUUUUDRRRRURRRRDRRRD
RUN_RESULT:12:1:0:2000:----
RUN_RESULT:12:2:0:2000:----
RUN_RESULT:12:3:0:2000:----
RUN_RESULT:12:4:0:179:LLLUUUUDRRRRURRRRRRRDD
RUN_RESULT:12:5:0:564:LLLUUUURRRULRRDRRRRDDRRR
RUN_RESULT:12:6:0:183:LLLUUUUDRRRRURRRRRRRDD
RUN_RESULT:12:7:0:2000:----
RUN_RESULT:12:8:0:2000:----
RUN_RESULT:12:9:0:2000:----
    13 |      130 | -3.819900E+03 | -3.822000E+03
TRACK:250;81;48;3;1;4;4;18;3;3;5;5;3;0;2;0;14;22;-8.629231412802365;5;12;5;1;23;1.4970123562794981;22;2.0209755876057542
TRACK:251;81;48;3;1;4;4;5;5;18;3;3;5;5;3;0;2;0;14;22;-8.598306772613062;5;12;5;1;22;-8.44318068568797;20;-3.1174499585358766
TRACK:252;181;244;3;1;4;4;5;1;6;2;3;5;15;0;12;2;10;25;5;2;4;0;21;3.308502778953737;12;1;6;14;1;10;18;3;3;18
TRACK:253;181;244;3;1;4;4;5;1;6;2;0;14;3;16;0;4;7;-0.44679434979930277;5;18;5;2;4;0;21;3.2261524491395237;12;1;6;14;1;10;12;3;3;5;5;3;0;2;0;12;22;-8.51168437444775;5;12;5;1;22;-8.435190513149097;20;-3.09642057231583
TRACK:254;121;104;3;1;4;4;5;1;6;2;3;5;21;-9.559322077952086;0;12;5;24;5;2;4;0;21;3.213897076160863;12;1;6;14;1;10;21;-3.5155659065703944;3;3;5;5;3;0;2;0;14;22;-8.529481125766393;5;12;5;1;22;-8.354309219764394;20;-3.164927136843736
TRACK:255;121;104;3;1;4;4;5;1;6;2;3;5;21;-9.519394030875898;0;4;7;-0.3126073671397052;0;14;22;-8.529481125766393;5;2;4;0;21;3.2854747979216734;12;1;6;14;5;8;3;3;5;5;3;0;2;0;14;22;-8.52980952167802;5;12;5;1;22;-8.316734007903936;20;-3.0504647804732654
TRACK:256;149;244;3;1;4;4;5;1;6;2;3;5;15;0;12;5;18;5;2;4;12;1;6;14;1;10;21;-3.554288590243317;3;3;5;5;3;0;2;0;14;22;-8.687102791637969;5;12;5;1;22;-8.314080889571377;20;-2.9935652787926292
TRACK:257;149;244;3;1;4;4;5;1;6;2;0;14;3;16;0;4;7;-0.44679434979930277;5;18;5;2;4;0;21;3.2261524491395237;12;1;6;14;1;10;12;3;3;5;15
TRACK:258;121;48;3;1;4;4;5;1;6;2;3;5;21;-9.559322077952086;0;12;5;18;5;2;4;0;21;3.213897076160863;12;1;6;14;1;10;21;-3.5155659065703944;2;3;5;21;-9.47166581960911;0;4;7;-0.35645344727732275;5;18
TRACK:259;121;48;3;1;4;4;5;1;6;2;3;5;21;-9.47166581960911;0;4;7;-0.35645344727732275;5;20;-3.164927136843736;5;2;4;0;21;3.2743854969239012;12;1;6;14;1;10;12;3;3;5;5;3;0;2;0;14;22;-8.598306772613062;5;12;5;1;22;-8.44318068568797;20;-3.1174499585358766
TRACK:260;250;-1;3;1;4;4;18;3;3;5;5;3;0;2;0;14;22;-8.552660270513247;5;8;5;1;23;1.5400909710186585;22;2.243757139685396
TRACK:261;252;-1;3;1;4;4;5;1;6;2;3;5;15;0;12;2;10;25;5;2;4;0;21;3.335557600498776;12;1;6;14;1;10;18;3;3;2;1;14;16;5;7;-9.016737512535355
TRACK:262;254;-1;3;1;4;4;5;1;6;2;3;2;24;13;0;12;5;24;5;2;4;0;21;3.18399619878651;12;1;6;14;1;10;21;-3.643966301616723;3;3;5;5;3;0;2;0;14;22;-8.683356190163332;5;12;5;1;22;-8.264750177196275;20;-2.9802134719346123
TRACK:263;256;-1;3;1;4;4;5;1;6;2;3;5;15;0;12;5;18;5;2;4;12;1;6;14;1;10;21;-3.4596497785835796;3;3;2;2;12;16;5;10
TRACK:264;258;-1;3;1;4;4;5;1;6;2;0;17;14;0;12;5;18;5;2;4;0;21;3.180422773720444;12;1;6;14;1;10;21;-3.3668279557665324;2;3;5;21;-9.52665955901047;0;4;7;-0.29367362668936664;5;18
TRACK:265;251;-1;1;3;0;6;1;3;15;4;7;0.8285042880121214;2;5;1;9;11;6;4;14;2;1;5;1;2;17;8;0;15;24;2;3;1;7;-3.5002942791920226;18;0;1;9;18;5;13;4;6;2;2;24;10;2;8;21;-1.3808920339078607
TRACK:266;253;-1;3;1;4;4;5;1;6;2;0;14;3;16;0;4;7;-0.384843867712815;5;18;5;2;4;0;14;12;1;6;14;1;10;12;3;3;5;5;3;0;2;0;12;22;-8.453870777895622;5;12;5;1;22;-8.389102141825544;20;-2.9528329657425094
TRACK:267;255;-1;3;1;4;4;5;1;6;2;3;5;21;-9.495285602023841;0;4;7;-0.37764607608683737;0;14;22;-8.55168256848042;5;2;4;0;21;3.2693099549651956;12;1;6;14;5;15;3;3;5;5;3;0;2;0;14;22;-8.678548576954768;5;12;5;1;22;-8.401124452459538;20;-3.0708685625944523
TRACK:268;257;-1;3;1;4;4;5;1;6;2;0;14;3;16;0;4;7;-0.5518779964057348;5;18;5;1;3;21;5.86015134636321;2;8;17;3;3;5;15
TRACK:269;259;-1;3;1;4;4;5;1;6;2;3;5;21;-9.51772563232909;0;4;7;-0.2769198883331413;5;20;-3.2667384132535773;5;2;4;0;21;3.184646270998739;12;1;6;24;1;10;12;3;3;5;5;3;0;2;0;14;22;-8.54791986698977;5;12;5;1;22;-8.483315167140244;20;-3.1868037266838263
EVAL_INSTANCE:13:0:260
EVAL_INSTANCE:13:1:261
EVAL_INSTANCE:13:2:262
EVAL_INSTANCE:13:3:263
EVAL_INSTANCE:13:4:264
EVAL_INSTANCE:13:5:265
EVAL_INSTANCE:13:6:266
EVAL_INSTANCE:13:7:267
EVAL_INSTANCE:13:8:268
EVAL_INSTANCE:13:9:269
RUN_RESULT:13:0:0:2000:----
RUN_RESULT:13:1:0:2000:----
RUN_RESULT:13:2:0:2000:----
RUN_RESULT:13:3:0:2000:----
RUN_RESULT:13:4:0:2000:----
RUN_RESULT:13:5:0:2000:----
RUN_RESULT:13:6:0:2000:----
RUN_RESULT:13:7:0:261:LLLUUUUDRRRRURRRRRRRDD
RUN_RESULT:13:8:0:2000:----
RUN_RESULT:13:9:0:261:LLLUUUUDRRRRURRRRDRRRD
    14 |      140 | -3.819900E+03 | -3.822000E+03
TRACK:270;121;149;3;1;4;4;5;1;6;2;3;5;21;-9.559322077952086;0;12;5;15;5;2;4;0;21;3.213897076160863;12;1;6;14;1;10;21;-3.5155659065703944;3;3;5;5;3;0;2;0;14;22;-8.529481125766393;5;12;5;1;22;-8.354309219764394;20;-3.164927136843736
TRACK:271;121;149;3;1;4;4;5;1;6;2;3;5;15;21;3.213897076160863;5;2;4;0;21;3.211100186212361;12;1;6;14;1;10;21;-3.554288590243317;3;3;5;5;3;0;2;0;14;22;-8.687102791637969;5;12;5;1;22;-8.314080889571377;20;-2.9935652787926292
TRACK:272;244;181;3;1;4;4;5;1;6;2;0;14;3;16;0;4;7;-0.44679434979930277;5;18;5;2;4;0;21;3.2261524491395237;12;1;6;10;1;10;12;3;3;5;5;3;0;2;0;14;22;-8.51168437444775;5;12;5;1;22;-8.435190513149097;20;-3.09642057231583
TRACK:273;244;181;3;1;4;4;5;1;6;2;3;5;15;0;12;2;10;25;5;2;4;0;21;3.308502778953737;12;1;6;14;1;10;18;3;3;5;5;3;0;22;-8.435190513149097;5;1;22;-8.465175954756946;20;-3.081658236272421
TRACK:274;48;48;3;1;4;4;5;1;6;2;3;5;21;-9.47166581960911;0;4;7;-0.35645344727732275;5;18;5;2;4;0;21;3.2743854969239012;12;1;6;14;1;10;12;3;10
TRACK:275;48;48;3;1;4;4;5;1;6;2;3;5;21;-9.47166581960911;0;4;7;-0.35645344727732275;5;18;5;2;4;0;21;3.2743854969239012;12;1;6;14;1;10;12;3;3;6;2;3;5;21;-9.47166581960911;0;4;7;-0.35645344727732275;5;18
TRACK:276;149;126;3;1;4;4;5;1;6;2;3;5;15;0;12;5;18;5;2;4;0;23;1.4534366416843447;12;1;6;14;1;10;21;-3.554288590243317;3;3;5;5;3;0;2;0;14;22;-8.687102791637969;5;12;5;1;22;-8.314080889571377;20;-2.9935652787926292
TRACK:277;149;126;3;1;4;4;5;1;6;2;3;16;0;4;7;-0.2801590237493248;5;18;5;2;4;0;21;3.331611359281135;12;5;8;3;3;5;5;3;0;2;0;21;3.211100186212361;12;5;12;5;1;23;1.4534366416843447;22;2.391353015759113
TRACK:278;121;244;3;1;4;4;5;1;6;2;3;5;16;0;12;5;18;5;2;4;0;21;3.213897076160863;12;1;6;14;1;10;21;-3.5155659065703944;3;3;5;5;3;0;2;0;14;22;-8.529481125766393;5;12;5;1;22;-8.354309219764394;20;-3.164927136843736
TRACK:279;121;244;3;1;4;4;5;1;6;2;0;14;3;16;10;5;2;4;0;21;3.2261524491395237;12;1;6;14;1;10;12;3;3;5;5;3;0;2;0;14;22;-8.51168437444775;5;12;5;1;22;-8.435190513149097;20;-3.09642057231583
TRACK:280;121;-1;3;1;4;4;5;1;6;2;3;5;21;-9.516991024067794;0;12;5;18;5;2;4;0;21;3.327882754682799;12;1;6;14;1;10;21;-3.5039741183471196;3;2;16;9
TRACK:281;272;-1;3;1;4;4;5;1;6;2;0;14;3;16;0;4;7;-0.3578824165804059;1;25;15;5;2;4;0;21;3.1738863747295945;12;1;6;10;1;10;12;3;3;5;5;3;0;2;0;14;22;-8.399545628845772;5;12;5;1;22;-8.427174281694917;20;-3.125297299362549
TRACK:282;274;-1;3;1;4;4;5;1;6;2;3;5;21;-9.561978375389463;0;4;7;-0.5342976488701762;5;18;5;2;4;0;21;3.280229116173988;12;4;0;14;15;3;10
TRACK:283;276;-1;3;1;4;4;5;1;6;2;3;5;15;0;12;5;18;5;2;4;0;23;1.4535908963090995;12;1;6;14;1;10;21;-3.3456644703886793;3;3;5;5;3;1;6;16;2;25;8
TRACK:284;278;-1;3;1;4;4;5;1;6;2;3;5;16;0;12;5;18;5;2;4;0;21;3.375986123790372;12;1;6;14;1;10;21;-3.570069707869872;5;2;3;4;25;2;2;17;19;4;21;1.2525437919848965
TRACK:285;149;-1;3;1;4;4;5;1;6;2;3;5;17;0;12;5;18;5;2;4;0;21;3.1271594872659425;12;1;6;14;1;10;21;-3.755172724586056;3;3;5;5;3;0;2;0;14;22;-8.678345506472416;5;12;5;1;22;-8.391269247933842;20;-3.00387583738487
TRACK:286;273;-1;3;1;4;4;5;1;6;2;3;5;15;0;12;2;10;25;5;2;4;0;21;3.2942662915353895;12;1;6;14;1;10;18;3;3;5;5;3;0;22;-8.29707056648245;5;1;22;1.0122531555354737;20;-3.2240317868018784
TRACK:287;275;-1;3;1;4;4;5;1;6;2;3;5;21;-9.553784657756255;0;4;7;-0.24552912682457484;5;18;5;6;1;8;10;3;3;6;2;3;5;21;-9.411988686273082;0;4;7;-0.2749846510133981;5;18
TRACK:288;277;-1;3;1;4;4;5;1;6;2;3;16;0;4;7;-0.30650996454789986;5;18;2;0;3;4;11;0;4;12;3;15;3;3;3;7;-9.280300573958888;3;3;5;5;3;0;2;0;21;3.198189926898489;12;5;12;5;1;23;1.4510123305482885;22;2.341732194178862
TRACK:289;279;-1;3;1;4;4;5;1;6;2;0;14;3;16;10;5;2;4;0;21;3.1690003215813514;12;1;6;14;1;10;12;3;3;1;13;24
EVAL_INSTANCE:14:0:280
EVAL_INSTANCE:14:1:281
EVAL_INSTANCE:14:2:282
EVAL_INSTANCE:14:3:283
EVAL_INSTANCE:14:4:284
EVAL_INSTANCE:14:5:285
EVAL_INSTANCE:14:6:286
EVAL_INSTANCE:14:7:287
EVAL_INSTANCE:14:8:288
EVAL_INSTANCE:14:9:289
RUN_RESULT:14:0:0:2000:----
RUN_RESULT:14:1:0:2000:----
RUN_RESULT:14:2:0:2000:----
RUN_RESULT:14:3:0:2000:----
RUN_RESULT:14:4:0:2000:----
RUN_RESULT:14:5:0:179:LLLUUUUDRRRRURRRRRRRDD
RUN_RESULT:14:6:0:247:LLLUUUUDRRRRURRRRRRRDD
RUN_RESULT:14:7:0:2000:----
RUN_RESULT:14:8:0:2000:----
RUN_RESULT:14:9:0:2000:----
    15 |      150 | -3.820300E+03 | -3.822000E+03
TRACK:290;121;48;3;1;4;4;5;1;6;2;3;5;21;-9.559322077952086;0;12;5;18;5;2;12;1;6;14;1;10;21;-3.5155659065703944;3;3;5;5;3;0;2;0;14;22;-8.529481125766393;5;12;5;1;22;-8.354309219764394;20;-3.164927136843736
TRACK:291;121;48;3;1;4;4;5;12;3;3;5;5;3;0;2;0;14;22;-8.598306772613062;5;12;5;1;22;-8.44318068568797;20;-3.1174499585358766
TRACK:292;285;244;3;1;4;4;5;1;6;2;3;5;17;0;12;5;18;5;2;4;0;21;3.1271594872659425;12;1;6;14;1;10;21;-3.755172724586056;3;3;5;5;3;0;2;0;14;22;-8.678345506472416;22;-8.435190513149097;5;1;22;-8.391269247933842;20;-3.00387583738487
TRACK:293;285;244;3;1;4;4;5;1;6;2;0;14;3;16;0;4;7;-0.44679434979930277;5;18;5;2;20;-3.00387583738487;1;6;14;1;10;12;3;3;5;5;3;0;2;0;14;22;-8.51168437444775;5;12;5;1;22;-8.435190513149097;20;-3.09642057231583
TRACK:294;104;1;3;3;5;21;-9.375234710386115
TRACK:295;104;1;3;1;4;4;5;1;6;2;3;5;21;-9.375234710386115;0;24;5;18;5;2;4;0;21;3.193725216478853;12;1;6;24;1;10;12;3;3;5;5;3;0;2;0;14;22;-8.63360743081224;5;12;5;1;23;1.4035231301095212;20;-3.1042658661279177
TRACK:296;244;48;3;1;4;4;5;1;6;2;0;14;3;16;0;5;21;-9.47166581960911;5;18;5;2;4;0;21;3.2261524491395237;12;1;6;14;1;10;12;3;3;5;5;3;0;2;0;14;22;-8.51168437444775;5;12;5;1;22;-8.435190513149097;20;-3.09642057231583
TRACK:297;244;48;3;1;4;4;5;1;6;2;3;5;21;-9.47166581960911;0;4;7;-0.35645344727732275;5;18;5;2;4;0;21;3.2743854969239012;12;1;5;12;1;10;12;3;3;5;5;3;0;2;0;14;22;-8.598306772613062;5;12;5;1;22;-8.44318068568797;20;-3.1174499585358766
TRACK:298;285;121;3;1;4;4;5;1;6;2;3;5;17;6;14;5;2;4;0;21;3.1271594872659425;12;1;6;14;1;10;21;-3.755172724586056;3;3;5;5;3;0;2;0;14;22;-8.678345506472416;5;12;5;1;22;-8.391269247933842;20;-3.00387583738487
TRACK:299;285;121;3;1;4;4;5;1;6;2;3;5;21;-9.559322077952086;0;12;5;18;5;2;4;22;-8.678345506472416;1;6;14;1;10;21;-3.5155659065703944;3;3;5;5;3;0;2;0;14;22;-8.529481125766393;5;12;5;1;22;-8.354309219764394;20;-3.164927136843736
TRACK:300;121;-1;3;1;0;2;5;0;2;0;0;9;12;2;7;-8.41366413596148;25;2;2;14;17;0;23;-4.189405205933179;18;1;6;1;15;23;-9.132172770860517;6;3;19;4;2;4;4;6;25;3;3;3;14;6;3;3;5;1;3;22;-8.04236918553903;1;11;22;-6.547506428446086;3;3;5;5;3;0;2;0;14;22;-8.610294900126771;5;12;5;1;22;-8.42298107654578;20;-3.2554295321275446
TRACK:301;292;-1;3;1;4;4;5;1;6;2;3;5;17;0;12;5;18;5;2;4;0;21;3.220353110879741;12;1;6;14;1;10;21;-3.532213030232593;3;5;4;3;4;4;8
TRACK:302;294;-1;3;3;3;1;2;4;5;1;24;15;6;4;6;12;3;3;0;6;19;3;21;7.412172097629487
TRACK:303;296;-1;3;1;4;4;5;1;6;2;0;14;3;16;0;5;21;-9.573958027388072;5;18;5;2;4;0;21;3.2827656275790833;12;1;6;14;1;15;12;3;3;5;5;3;0;2;0;14;22;-8.559850049663963;5;12;5;1;22;-8.582636863925234;20;-3.036534043893101
TRACK:304;298;-1;2;1;16;18;0;15;11
TRACK:305;48;-1;3;1;4;4;5;1;6;0;5;17;0;11;18;5;2;4;0;21;3.1129228412822676;12;1;6;14;1;10;12;3;3;5;5;3;0;2;0;14;22;-8.539595830447782;5;12;5;1;22;-8.466837216124366;20;-3.129136130894658
TRACK:306;293;-1;3;1;4;4;5;1;6;2;0;14;3;16;0;4;7;-0.5051433333369397;5;18;5;2;20;-2.959206765127566;3;3;19;3;3;5;5;3;0;2;0;14;22;-8.507515769229524;5;12;5;1;22;-8.407185340439968;20;-3.139860454170327
TRACK:307;295;-1;3;1;4;4;5;1;6;2;3;5;21;-9.350695856769946;0;24;5;18;5;2;4;0;21;3.2436477182497914;12;1;6;24;1;10;12;3;3;5;5;3;4;25
TRACK:308;297;-1;3;1;4;4;5;1;6;2;3;5;21;-9.504240304364231;0;4;7;-0.40661460062043686;5;18;5;2;4;0;10;12;1;5;12;1;10;12;3;3;5;5;3;0;2;0;14;22;-8.645552890502438;5;12;5;1;22;-8.457415958393556;20;-2.9877970244882337
TRACK:309;299;-1;3;1;4;4;5;1;6;2;3;5;21;-9.704382592692813;0;12;5;18;5;2;4;22;-8.560994711055459;1;6;14;1;10;21;-3.5680836765705015;3;3;5;5;4;3;4;24
EVAL_INSTANCE:15:0:300
EVAL_INSTANCE:15:1:301
EVAL_INSTANCE:15:2:302
EVAL_INSTANCE:15:3:303
EVAL_INSTANCE:15:4:304
EVAL_INSTANCE:15:5:305
EVAL_INSTANCE:15:6:306
EVAL_INSTANCE:15:7:307
EVAL_INSTANCE:15:8:308
EVAL_INSTANCE:15:9:309
RUN_RESULT:15:0:0:211:LLLUUUUDRRRRURRRRRRRDD
RUN_RESULT:15:1:0:2000:----
RUN_RESULT:15:2:0:2000:----
RUN_RESULT:15:3:0:2000:----
RUN_RESULT:15:4:0:274:LLLUUUURRRRRRRRDDRRR
RUN_RESULT:15:5:0:2000:----
RUN_RESULT:15:6:0:298:LLLUUUUDRRRRURRRRRRRDD
RUN_RESULT:15:7:0:2000:----
RUN_RESULT:15:8:0:424:LLLUUUULURDDRRRRURRRRDRRRD
RUN_RESULT:15:9:0:2000:----
    16 |      160 | -3.820300E+03 | -3.822000E+03
TRACK:310;121;81;3;1;4;4;5;1;6;2;3;5;21;-9.559322077952086;0;12;5;18;5;2;4;0;21;3.213897076160863;12;1;6;14;1;10;21;-3.5155659065703944;3;3;5;5;3;0;2;0;14;22;-8.529481125766393;5;12;22;-8.629231412802365
TRACK:311;121;81;3;1;4;4;5;1;6;2;3;5;21;-9.310723220489109;0;4;7;-0.5229699554774987;5;18;5;2;4;0;21;3.213897076160863;12;1;6;21;-6.214780459827658;1;10;12;3;3;5;5;3;0;2;0;14;22;-8.629231412802365;5;12;5;1;23;1.4970123562794981;22;2.0209755876057542
TRACK:312;48;244;3;1;4;4;5;1;6;2;3;5;16;0;4;7;-0.35645344727732275;5;18;5;2;4;0;21;3.2743854969239012;12;1;6;14;1;10;12;3;3;5;5;3;0;2;0;14;22;-8.598306772613062;5;12;5;1;22;-8.44318068568797;20;-3.1174499585358766
TRACK:313;48;244;3;1;4;4;5;1;6;5;21;-9.47166581960911;5;2;4;0;21;3.2261524491395237;12;1;6;14;1;10;12;3;3;5;5;3;0;2;0;14;22;-8.51168437444775;5;12;5;1;22;-8.435190513149097;20;-3.09642057231583
TRACK:314;149;149;3;1;4;4;5;1;6;2;3;5;15;0;12;5;18;5;2;4;0;21;3.211100186212361;12;1;6;14;1;10;21;-3.554288590243317;21;-3.554288590243317
TRACK:315;149;149;3;1;4;4;5;1;6;2;3;5;15;0;12;5;10;5;2;4;0;21;3.211100186212361;12;1;6;14;1;10;21;-3.554288590243317;3;3;5;5;3;0;2;0;14;22;-8.687102791637969;5;12;5;1;22;-8.314080889571377;20;-2.9935652787926292
TRACK:316;48;104;3;1;4;4;5;1;6;2;3;5;21;-9.47166581960911;0;4;7;-0.35645344727732275;5;18;5;2;4;0;21;3.2743854969239012;12;1;6;14;1;10;12;3;3;5;5;3;0;2;0;14;22;-8.598306772613062;5;12;5;1;22;-8.316734007903936;20;-3.1174499585358766
TRACK:317;48;104;3;1;4;4;5;1;6;2;3;5;21;-9.519394030875898;0;5;21;-9.47166581960911;24;5;2;4;0;21;3.2854747979216734;12;1;6;14;5;8;3;3;5;5;3;0;2;0;14;22;-8.52980952167802;5;12;5;1;22;-8.316734007903936;20;-3.0504647804732654
TRACK:318;121;244;3;1;4;4;5;1;6;2;3;5;21;-9.559322077952086;0;12;5;18;5;2;4;0;21;3.213897076160863;12;1;6;14;1;10;21;-3.5155659065703944;3;3;5;5;3;0;2;12;5;12;5;1;22;-8.354309219764394;20;-3.164927136843736
TRACK:319;121;244;3;1;4;4;5;1;6;2;0;14;3;16;0;4;7;-0.44679434979930277;5;18;5;2;4;0;21;3.2261524491395237;12;5;12;3;3;5;5;3;0;2;0;14;22;-8.51168437444775;5;12;5;1;22;-8.435190513149097;20;-3.09642057231583
TRACK:320;310;-1;3;1;4;4;5;16;3;3;5;5;3;0;2;0;14;22;-8.542923705643542;5;12;22;-8.758734455182262
TRACK:321;312;-1;3;1;4;4;5;1;6;2;3;5;16;0;4;7;-0.2768397540755196;5;18;5;2;4;0;21;3.3765081272984965;12;1;6;14;1;10;12;3;6;1;25;20;-6.749753292377234
TRACK:322;149;-1;3;1;4;1;6;15;3;25;3;3;5;5;3;0;2;0;14;22;-8.79750041689592;5;12;5;1;22;-8.311885693256476;20;-3.0456072765402977
TRACK:323;316;-1;3;1;4;4;5;1;6;2;3;5;21;-9.55184536644385;0;4;7;-0.40170893267708924;5;18;5;2;4;0;21;3.1649805766801022;12;1;1;9;15;1;10;12;3;3;5;5;3;0;2;0;14;22;-8.463927613197496;5;12;5;1;22;-8.337678779825515;20;-3.1281075863890613
TRACK:324;318;-1;3;1;4;4;5;1;6;2;3;5;21;-9.396200519322214;0;12;5;18;5;2;4;0;21;3.2907565724896988;12;1;6;14;1;10;21;-3.674515579816923;3;3;5;5;22;-5.202251269068765
TRACK:325;311;-1;3;1;4;4;5;1;6;2;3;5;21;-9.306829378249514;0;4;7;-0.6593286948512246;5;22;-0.42392478872930894;5;2;4;0;21;3.168276817550245;12;1;6;21;-6.105063259544767;1;10;12;3;3;5;5;3;0;2;0;14;22;-8.792390933644475;5;12;5;1;23;1.4345305154194714;22;1.872187315722082
TRACK:326;313;-1;3;1;4;4;5;1;6;5;21;-9.485974723677892;2;5;3;6;25;3;5;2;25;7;3.537911466553261;3;3;5;5;3;0;2;0;14;22;-8.414400854000363;5;12;5;1;22;-8.272018176023382;20;-2.973688854326386
TRACK:327;149;-1;3;1;4;4;5;1;6;2;5;5;10;0;12;5;18;5;2;4;0;21;3.094304263513686;12;1;6;14;1;10;21;-3.5196199706712017;3;3;5;5;3;0;2;0;14;22;-8.723530343887719;5;12;5;1;22;-8.19142520659231;20;-2.8652105369892205
TRACK:328;317;-1;4;4;5;1;4;6;17;6;3;16
TRACK:329;319;-1;3;1;4;4;5;1;6;2;0;14;3;16;0;4;7;-0.43004821347900424;5;18;6;4;25;3;3;5;5;3;0;2;0;14;22;-8.583398742394749;5;12;5;1;22;-8.317467184512088;20;-3.092959639744168
EVAL_INSTANCE:16:0:320
EVAL_INSTANCE:16:1:321
EVAL_INSTANCE:16:2:322
EVAL_INSTANCE:16:3:323
EVAL_INSTANCE:16:4:324
EVAL_INSTANCE:16:5:325
EVAL_INSTANCE:16:6:326
EVAL_INSTANCE:16:7:327
EVAL_INSTANCE:16:8:328
EVAL_INSTANCE:16:9:329
RUN_RESULT:16:0:0:523:LLLUUUURDRRURRRRRRRRDD
RUN_RESULT:16:1:0:2000:----
RUN_RESULT:16:2:0:2000:----
RUN_RESULT:16:3:0:178:LLLUUUUDRRRRURRRRDRRRD
RUN_RESULT:16:4:0:2000:----
RUN_RESULT:16:5:0:206:LLLUUUUDRRRRURRRRDRRRD
RUN_RESULT:16:6:0:2000:----
RUN_RESULT:16:7:0:181:LLLUUUUDRRRRURRRRRRRDD
RUN_RESULT:16:8:0:2000:----
RUN_RESULT:16:9:0:2000:----
    17 |      170 | -3.820800E+03 | -3.822000E+03
TRACK:330;149;104;3;1;4;4;5;1;6;2;3;5;21;-9.519394030875898;0;12;5;18;5;2;4;0;21;3.211100186212361;12;1;6;14;1;10;21;-3.554288590243317;3;3;5;5;3;0;2;0;14;22;-8.687102791637969;5;12;5;1;22;-8.314080889571377;20;-2.9935652787926292
TRACK:331;149;104;3;1;4;4;5;1;6;2;2;0;14;22;-8.687102791637969;5;12;0;4;7;-0.3126073671397052;24;5;2;4;0;21;3.2854747979216734;12;1;6;14;5;8;3;3;5;5;3;0;2;0;14;22;-8.52980952167802;5;12;5;1;22;-8.316734007903936;20;-3.0504647804732654
TRACK:332;285;323;3;1;4;4;5;1;6;2;0;4;7;-0.40170893267708924;5;18;0;12;5;18;5;2;4;0;21;3.1271594872659425;12;1;6;14;1;10;21;-3.755172724586056;3;3;5;5;3;0;2;0;14;22;-8.678345506472416;5;12;5;1;22;-8.391269247933842;20;-3.00387583738487
TRACK:333;285;323;3;1;4;4;5;1;6;2;3;5;21;-9.55184536644385;0;4;7;-0.40170893267708924;5;18;6;2;3;5;17;0;12;5;18;3;3;5;5;3;0;2;0;14;22;-8.463927613197496;5;12;5;1;22;-8.337678779825515;20;-3.1281075863890613
TRACK:334;121;104;3;1;4;4;5;1;6;2;3;5;21;-9.559322077952086;0;12;5;18;5;20;-3.0504647804732654;3;3;5;5;3;0;2;0;14;22;-8.529481125766393;5;12;5;1;22;-8.354309219764394;20;-3.164927136843736
TRACK:335;121;104;3;1;4;4;5;1;6;2;3;5;21;-9.519394030875898;0;4;7;-0.3126073671397052;24;5;2;4;0;21;3.2854747979216734;12;1;6;14;5;8;3;3;5;22;-8.529481125766393
TRACK:336;323;149;3;1;4;4;5;1;6;2;3;5;21;-9.55184536644385;0;4;7;-0.40170893267708924;5;18;5;2;4;0;21;3.1649805766801022;12;1;1;14;15;1;10;12;3;3;5;5;3;0;2;0;14;22;-8.463927613197496;5;12;5;1;22;-8.337678779825515;20;-3.1281075863890613
TRACK:337;323;149;3;1;4;4;5;1;6;2;3;5;15;0;12;5;18;5;2;4;0;21;3.211100186212361;12;1;6;14;1;14;21;-3.554288590243317;3;3;5;5;3;0;2;0;14;22;-8.687102791637969;5;12;5;1;22;-8.314080889571377;20;-2.9935652787926292
TRACK:338;121;244;3;1;4;4;5;1;14;5;2;4;0;21;3.213897076160863;12;1;6;14;1;10;21;-3.5155659065703944;3;3;5;5;3;0;2;0;14;22;-8.529481125766393;5;12;5;1;22;-8.354309219764394;20;-3.164927136843736
TRACK:339;121;244;3;1;4;4;5;10;3;3;5;5;3;0;2;0;14;22;-8.51168437444775;5;12;5;1;22;-8.435190513149097;20;-3.09642057231583
TRACK:340;330;-1;3;1;4;4;5;0;0;6;10;1;19;8;6;5;20;-2.368774101345103;3;3;5;5;3;0;2;0;14;22;-8.735497701258147;5;12;5;1;22;-8.16551628751472;20;-3.0061117040793
TRACK:341;332;-1;3;1;4;4;5;1;6;2;0;4;7;-0.36971588091169005;5;18;0;12;5;18;5;2;4;6;25;1;6;14;1;10;21;-3.7971134117577217;3;3;5;5;3;0;2;0;14;22;-8.61768930596982;5;12;5;1;22;-8.431406674690441;20;-3.0037461366719795
TRACK:342;334;-1;3;1;4;4;5;1;6;2;3;5;21;-9.46934318861186;0;12;5;18;5;20;-3.135718352948846;3;3;5;5;3;0;2;0;14;22;-8.42799290263288;2;15;24;5;1;22;-8.405304065730702;20;-3.0593799068873104
TRACK:343;336;-1;3;1;4;4;5;5;3;5;6;0;13;17;3;3;5;5;3;0;2;0;14;22;-8.501510636996453;5;12;5;1;22;-8.431450841937941;20;-3.0475331624058306
TRACK:344;338;-1;3;1;4;4;5;1;14;5;2;4;0;21;3.2049988189029484;12;1;6;14;1;10;21;-3.6641359222856353;3;1;0;5;2;4;6;6;25;3;1;2;25;10;2;24;18;0;1;2;4;6;24;0;4;25;1;13;23;1.3847245799629153;1;4;3;20;-2.081292192202433;4;5;21;-0.8244461296269385;1;4;2;2;25;8;1;13;17;6;6;3;7;4.55830927387813;2;0;1;6;1;5;12;6;17;0;1;4;11;3;9;2;2;18;13;4;18;6;5;2;3;18;1;13;21;-6.210271484832797;4;1;0;5;1;14;20;-9.611810572511818;5;4;11;5;6;5;18
TRACK:345;331;-1;3;1;4;4;5;1;6;2;7;1.3981740154259121;25;5;2;4;0;21;3.222310345459043;12;1;6;14;5;8;3;3;5;5;3;0;2;0;14;22;-8.53760926460114;5;12;5;1;22;-8.299695274254978;20;-3.140418360026971
TRACK:346;333;-1;3;1;4;4;5;1;6;2;3;5;21;-9.559917274395909;0;4;7;-0.3176477006676717;5;18;6;2;1;24;23;-5.156127372009411;0;12;5;18;3;3;5;5;3;0;2;0;14;22;-8.657539951990845;5;12;5;1;22;-8.300192614107079;20;-3.1546838298172726
TRACK:347;335;-1;3;1;4;4;5;1;6;2;3;5;21;-9.648280735204802;0;4;7;-0.34136075543473493;24;5;2;2;1;19;14;3;12;1;6;14;5;8;3;3;5;22;-8.571090165431558
TRACK:348;337;-1;3;1;4;4;5;1;6;2;3;5;15;0;12;5;18;5;2;4;0;21;3.101628159658752;12;1;6;14;1;14;21;-3.5284335210173814;3;3;5;5;3;1;7;2.703623029090762;7;-1.4851502944061714
TRACK:349;339;-1;3;1;4;4;5;10;3;3;5;5;4;0;4;25;1;24;7;-3.3378213058571067
EVAL_INSTANCE:17:0:340
EVAL_INSTANCE:17:1:341
EVAL_INSTANCE:17:2:342
EVAL_INSTANCE:17:3:343
EVAL_INSTANCE:17:4:344
EVAL_INSTANCE:17:5:345
EVAL_INSTANCE:17:6:346
EVAL_INSTANCE:17:7:347
EVAL_INSTANCE:17:8:348
EVAL_INSTANCE:17:9:349
RUN_RESULT:17:0:0:2000:----
RUN_RESULT:17:1:0:2000:----
RUN_RESULT:17:2:0:2000:----
RUN_RESULT:17:3:0:2000:----
RUN_RESULT:17:4:0:2000:----
RUN_RESULT:17:5:0:2000:----
RUN_RESULT:17:6:0:2000:----
RUN_RESULT:17:7:0:2000:----
RUN_RESULT:17:8:0:2000:----
RUN_RESULT:17:9:0:2000:----
    18 |      180 | -3.820800E+03 | -3.822000E+03
TRACK:350;121;323;3;1;4;4;5;1;6;2;3;5;21;-9.559322077952086;0;12;5;18;5;2;4;0;21;3.213897076160863;12;1;6;14;1;7;-0.40170893267708924;21;-3.5155659065703944;3;3;5;5;3;0;2;0;14;22;-8.529481125766393;5;12;5;1;22;-8.354309219764394;20;-3.164927136843736
TRACK:351;121;323;3;1;4;4;5;1;6;2;3;5;21;-9.55184536644385;0;4;7;-0.40170893267708924;5;18;5;2;4;0;21;3.1649805766801022;12;1;1;9;15;1;10;12;0;2;0;14;22;-8.529481125766393;5;12;5;1;22;-8.354309219764394;20;-3.164927136843736
TRACK:352;285;244;3;1;4;4;5;1;6;2;3;5;17;0;12;5;18;5;2;4;0;21;3.1271594872659425;12;1;6;14;12;3;3;5;5;3;0;2;0;14;22;-8.678345506472416;5;12;5;1;22;-8.391269247933842;20;-3.00387583738487
TRACK:353;285;244;3;1;4;4;5;1;6;2;0;14;3;16;0;4;7;-0.44679434979930277;5;18;5;2;4;12;1;6;14;1;10;12;3;3;5;5;3;0;2;0;14;22;-8.51168437444775;5;12;5;1;22;-8.435190513149097;20;-3.09642057231583
TRACK:354;149;149;3;1;4;4;5;1;0;2;0;14;22;-8.687102791637969;5;12;5;1;22;-8.314080889571377;20;-2.9935652787926292;5;2;4;0;21;3.211100186212361;12;1;6;14;1;10;21;-3.554288590243317;3;3;5;5;3;0;2;0;14;22;-8.687102791637969;5;12;5;1;22;-8.314080889571377;20;-2.9935652787926292
TRACK:355;149;149;3;1;4;4;5;1;6;2;3;5;15;0;12;5;18;5;2;4;18;1;6;14;1;10;21;-3.554288590243317;3;3;5;5;3;0;2;0;14;22;-8.687102791637969;5;12;5;1;22;-8.314080889571377;20;-2.9935652787926292
TRACK:356;323;121;3;1;4;4;5;1;22;-8.354309219764394;5;2;4;0;21;3.1649805766801022;12;1;1;9;15;1;10;12;3;3;5;5;3;0;2;0;14;22;-8.463927613197496;5;12;5;1;22;-8.337678779825515;20;-3.1281075863890613
TRACK:357;323;121;3;1;4;4;5;1;6;2;3;5;21;-9.559322077952086;0;12;5;22;-8.337678779825515;5;2;4;0;21;3.213897076160863;12;1;6;14;1;10;21;-3.5155659065703944;3;3;5;5;3;0;2;0;14;22;-8.529481125766393;5;12;5;1;22;-8.354309219764394;20;-3.164927136843736
TRACK:358;104;1;3;1;4;4;5;1;6;2;3;5;21;-9.519394030875898;0;4;7;-0.3126073671397052;24;5;2;4;0;21;3.2854747979216734;12;1;6;14;5;8;3;3;5;5;3;0;2;0;14;22;-8.52980952167802;21;-9.375234710386115;5;1;22;-8.316734007903936;20;-3.0504647804732654
TRACK:359;104;1;3;1;4;4;5;1;6;2;3;5;21;-9.375234710386115;0;4;7;-0.450968365576605;5;18;5;2;24;1;6;24;1;10;12;3;3;5;5;3;0;2;0;14;22;-8.63360743081224;5;12;5;1;23;1.4035231301095212;20;-3.1042658661279177
TRACK:360;350;-1;3;1;4;4;5;1;6;2;3;5;21;-9.675958786280665;0;12;5;18;5;2;4;0;21;3.4007539375419875;12;1;6;14;1;7;1.0369610843772499;21;-3.5193160770501697;3;3;5;5;3;0;2;0;14;22;-8.481108462857968;5;12;5;1;22;-8.387338863815813;20;-3.224556240253561
TRACK:361;352;-1;3;1;4;4;5;1;6;2;3;5;17;0;12;5;18;5;2;4;0;21;3.1413596784124103;12;1;6;14;12;3;3;5;5;3;5;20;-7.949295758686043
TRACK:362;354;-1;3;1;4;4;5;1;0;2;0;14;22;-8.72594239982434;3;1;20;-3.516163047354784;18;5;1;22;-8.326902956306869;20;-3.0484967814340105;5;2;4;0;21;3.391251650577608;12;1;6;14;1;10;21;-3.6093038840162603;3;3;5;5;3;0;2;0;14;22;-8.669839209291561;5;12;5;1;22;-8.258534753770366;20;-2.9407295769721373
TRACK:363;356;-1;3;1;4;4;5;1;22;-8.401946113990755;5;2;4;0;21;3.1055495233235764;12;1;1;9;15;1;10;12;3;3;5;5;3;0;2;0;21;9.461278763420069;22;-8.366505259351651;5;12;5;1;22;-8.393409518700047;20;-3.0794358623752482
TRACK:364;358;-1;3;1;4;4;5;1;6;2;3;5;21;-9.4729340928122;0;4;7;-0.3425729908886234;24;5;2;4;0;21;3.275607398294375;12;1;6;11;5;8;3;3;5;5;3;0;2;0;14;22;-8.446984345711279;21;-9.463782922909079;5;1;22;-8.231357866662771;20;-2.9815698329104676
TRACK:365;351;-1;3;1;4;4;5;1;6;2;4;18;0;4;7;-0.5783772429038894;5;18;5;2;4;0;21;3.3065916879254535;12;1;1;9;15;1;10;12;0;2;0;14;22;-8.569814235230856;5;12;5;1;22;-8.506431104755043;20;-3.2714615080846072
TRACK:366;353;-1;3;1;4;4;5;1;6;2;0;14;3;16;0;4;7;-0.3146884638385654;5;18;5;2;4;12;1;6;24;1;10;12;3;3;5;5;3;0;2;0;14;22;-8.521280830923432;5;12;5;1;22;-8.38826440322073;20;-3.1045653780724796
TRACK:367;355;-1;3;1;4;4;5;1;6;2;3;1;22;-7.129223059072776;12;0;12;5;18;5;2;4;18;1;6;14;1;10;21;-3.6173051107746246;3;3;5;5;3;0;2;0;14;22;-8.822325121528223;5;12;5;1;22;-8.397943799387138;20;-2.992049561340707
TRACK:368;357;-1;3;1;4;4;5;2;2;4;6;18;5;2;15;11;0;6;1;16;12;5;3;17;3;3;5;5;3;0;2;0;14;22;-8.567158630296742;5;12;5;1;22;-8.394327809786187;20;-2.899321329890129
TRACK:369;359;-1;3;1;4;4;5;1;6;2;3;5;21;-9.401592018089707;0;4;7;-0.3679382853392616;5;18;5;2;24;1;6;24;1;10;12;3;3;0;24;22;-1.2499855430344997
EVAL_INSTANCE:18:0:360
EVAL_INSTANCE:18:1:361
EVAL_INSTANCE:18:2:362
EVAL_INSTANCE:18:3:363
EVAL_INSTANCE:18:4:364
EVAL_INSTANCE:18:5:365
EVAL_INSTANCE:18:6:366
EVAL_INSTANCE:18:7:367
EVAL_INSTANCE:18:8:368
EVAL_INSTANCE:18:9:369
RUN_RESULT:18:0:0:178:LLLUUUUDRRRRURRRRDRRRD
RUN_RESULT:18:1:0:2000:----
RUN_RESULT:18:2:0:266:LLLUUUUDRRRRURRRRRRRDD
RUN_RESULT:18:3:0:2000:----
RUN_RESULT:18:4:0:2000:----
RUN_RESULT:18:5:0:2000:----
RUN_RESULT:18:6:0:2000:----
RUN_RESULT:18:7:0:212:LLLUUUUDRRRRURRRRRRRDD
RUN_RESULT:18:8:0:2000:----
RUN_RESULT:18:9:0:2000:----
    19 |      190 | -3.821100E+03 | -3.822000E+03
TRACK:370;121;104;3;1;4;4;5;1;6;2;6;14;0;12;5;18;5;2;4;0;21;3.213897076160863;12;1;6;14;1;10;21;-3.5155659065703944;3;3;5;5;3;0;2;0;14;22;-8.529481125766393;5;12;5;1;22;-8.354309219764394;20;-3.164927136843736
TRACK:371;121;104;3;3;0;2;0;14;22;-8.529481125766393;5;12;5;1;22;-8.354309219764394;20;-3.164927136843736
TRACK:372;360;285;3;1;4;4;5;1;6;2;3;5;21;-9.675958786280665;0;12;5;18;5;2;4;0;21;3.4007539375419875;12;1;6;14;1;7;1.0369610843772499;21;-3.5193160770501697;3;3;5;5;3;0;2;0;14;14;5;12;5;1;22;-8.387338863815813;20;-3.224556240253561
TRACK:373;360;285;3;1;4;4;5;1;6;2;3;5;17;0;12;5;18;5;2;4;0;21;3.1271594872659425;12;1;6;14;1;10;21;-3.755172724586056;3;3;5;5;3;0;2;0;14;12;5;12;5;1;22;-8.391269247933842;20;-3.00387583738487
TRACK:374;323;121;3;1;4;4;5;1;6;2;3;5;21;-9.55184536644385;0;4;7;-0.40170893267708924;5;18;5;0;2;0;14;22;-8.529481125766393;5;12;5;1;22;-8.354309219764394;20;-3.164927136843736;3;3;5;5;3;0;2;0;14;22;-8.463927613197496;5;12;5;1;22;-8.337678779825515;20;-3.1281075863890613
TRACK:375;323;121;3;1;4;4;5;1;6;2;3;5;21;-9.559322077952086;0;12;5;18;5;2;4;0;21;3.213897076160863;12;1;6;14;1;10;21;-3.5155659065703944;3;3;5;5;3;0;2;0;14;22;-8.529481125766393;5;12;5;1;22;-8.354309219764394;14
TRACK:376;104;48;3;1;4;2;3;5;21;-9.47166581960911;0;4;7;-0.35645344727732275;5;18;3;3;5;5;3;0;2;0;14;22;-8.52980952167802;5;12;5;1;22;-8.316734007903936;20;-3.0504647804732654
TRACK:377;104;48;3;1;4;4;5;1;6;2;3;5;21;-9.47166581960911;0;4;7;-0.35645344727732275;5;18;5;2;4;0;21;3.2743854969239012;12;1;6;14;1;10;12;3;3;22;-8.316734007903936
TRACK:378;81;323;3;1;4;4;5;1;6;2;3;5;21;-9.310723220489109;0;4;7;-0.5229699554774987;5;18;5;2;4;0;21;3.3048423770607265;12;1;6;21;-6.214780459827658;1;10;12;3;3;5;1;22;-8.337678779825515;20;-3.1281075863890613
TRACK:379;81;323;3;1;4;4;5;1;6;2;3;5;21;-9.55184536644385;0;4;7;-0.40170893267708924;5;18;5;2;4;0;21;3.1649805766801022;12;1;1;9;15;1;10;12;3;3;5;12
TRACK:380;370;-1;3;1;4;4;5;1;6;2;6;14;2;8;17;5;2;4;0;21;3.3520419201499467;12;1;6;14;1;10;21;-3.537615938742456;3;3;5;5;3;0;2;0;14;22;-8.57682012588678;5;12;5;1;22;-8.273760647304574;20;-3.0430980821931417
TRACK:381;360;-1;3;1;4;4;5;1;6;2;5;6;14;0;12;5;18;5;2;4;0;21;3.279693798442062;12;1;6;14;1;7;1.0205734848759;21;-3.4737066873778426;3;3;5;5;3;0;2;0;14;22;-8.21081453254834;5;12;5;1;22;-8.50548714636613;20;-3.071475782886336
TRACK:382;374;-1;3;1;4;4;2;13;19;3;3;5;5;3;0;2;0;14;22;-8.382062137582103;5;12;5;1;22;-8.264919908348592;20;-2.9992677056904102
TRACK:383;104;-1;3;1;4;4;5;1;3;4;2;25;9;5;2;4;0;21;3.294356912768442;12;1;6;14;5;8;3;3;5;5;3;0;2;0;14;22;-8.38779886553675;5;12;5;1;22;-8.202267548032577;20;-3.0306284181731145
TRACK:384;378;-1;3;1;4;4;5;1;5;2;13;16;5;2;4;0;21;3.2740119207654903;12;1;6;21;-6.251355705989457;1;10;12;3;3;5;1;22;-8.487978171870825;20;-3.1431100974040245
TRACK:385;371;-1;3;5;5;3;3;12
TRACK:386;285;-1;3;1;4;4;5;1;6;2;3;5;17;0;12;5;18;5;2;4;5;12;1;6;14;1;10;21;-3.7241289134440834;3;3;5;5;3;0;2;0;14;22;-8.58962054316262;5;12;5;1;22;-8.315400054637092;20;-3.033511492847029
TRACK:387;375;-1;6;1;6;17;2;19;17
TRACK:388;48;-1;3;1;4;4;5;1;6;2;3;5;21;-9.503524177053954;0;4;11;5;18;5;2;4;0;21;3.2946770807851;12;1;6;14;1;10;12;3;3;5;5;3;0;2;0;14;22;-8.581534377701574;5;12;5;1;22;-8.636797314128497;20;-2.971179181409336
TRACK:389;379;-1;3;1;4;4;5;1;6;2;3;5;21;-9.563859278264616;0;4;7;-0.17313899973565336;5;18;5;2;4;0;20;-2.0316774672308817;12;1;1;9;15;1;10;12;3;3;5;12
EVAL_INSTANCE:19:0:380
EVAL_INSTANCE:19:1:381
EVAL_INSTANCE:19:2:382
EVAL_INSTANCE:19:3:383
EVAL_INSTANCE:19:4:384
EVAL_INSTANCE:19:5:385
EVAL_INSTANCE:19:6:386
EVAL_INSTANCE:19:7:387
EVAL_INSTANCE:19:8:388
EVAL_INSTANCE:19:9:389
RUN_RESULT:19:0:0:2000:----
RUN_RESULT:19:1:0:186:LLLUUUUDRRRRURRRRRRRDD
RUN_RESULT:19:2:0:2000:----
RUN_RESULT:19:3:0:264:LLLUUUUDRRRRURRRRRRRDD
RUN_RESULT:19:4:0:2000:----
RUN_RESULT:19:5:0:2000:----
RUN_RESULT:19:6:0:2000:----
RUN_RESULT:19:7:0:2000:----
RUN_RESULT:19:8:0:178:LLLUUUUDRRRRURRRRDRRRD
RUN_RESULT:19:9:0:2000:----
    20 |      200 | -3.821400E+03 | -3.822000E+03
TRAINING ON LEVEL:31
of 184 levels
---LEVEL STRING---
___________________
_B12w...ag...wG10._
_wwww...gg...wW16._
_..13...ga...wwwww_
_.V15..agga......._
_.R...araga.a....._
_.....a.ggaaa....._
_ggggggggaaaav...._
_.v....agga......._
_....b..aga......._
_......agga......._
___________________
---LEVEL STRING---
training done.
The time of execution is: 1109.6088252067566 s

TRAINING DONE


-----!!!NEW PROBLEM!!!-----


START TESTING

LEVEL:0:______\n_K.2._\n_kSF._\n_bB1._\n_..fR_\n_1..._\n_3.r._\n_251O_\n_s.31_\n_o..2_\n______
LEVEL:1:________\n_......_\n_......_\n_.Sb.s._\n_.1..s._\n_.4b..1_\n_B12..3_\n_......_\n________
LEVEL:2:____________\n_.........._\n_.r....f..._\n_.....bssss_\n_.R.......F_\n_B1..f..b.1_\n_AO........_\n_.rssssssss_\n_.........F_\n_ss...R...1_\n_....B12W.3_\n_oS14...1.._\n____________
LEVEL:3:__________\n_F13....G_\n_..R15a.1_\n_.......0_\n_a.A.b.a._\n_....a..._\n_B....ggg_\n_1.a.ag.a_\n_2....g.f_\n__________
LEVEL:4:__________\n_.....B12_\n_.W......_\n_.1wwwww._\n_.6wf..w._\n_..w..kw._\n_F.wwwww._\n_1......._\n_3...bK17_\n__________
LEVEL:5:_________\n_....B18_\n_......._\n_...R..._\n_...1..._\n_...3..._\n_......._\n_....B12_\n_......._\n_.b..R.._\n_....1.._\n_r...9.._\n_......._\n_________
LEVEL:6:____________\n_G13wwwwK14_\n_w.o.okofow_\n_wo.o.o.o.w_\n_wko.o.o.ow_\n_wggggggggw_\n_w.o.o.o.ow_\n_wo.o.o.okw_\n_w.o.o.o.ow_\n_wo.obo.o.w_\n_K17wwwwB12_\n____________
LEVEL:7:____________\n_F13wwwwK14_\n_w.o.okofow_\n_wo.oko.o.w_\n_wko.o.o.ow_\n_wo.o.o.okw_\n_wko.o.o.ow_\n_wo.o.o.okw_\n_wko.o.o.ow_\n_wo.obo.o.w_\n_K17wwwwB12_\n____________
LEVEL:8:__________\n_B12....F_\n_1......1_\n_9lllL.f3_\n_..rl1..._\n_...l8..._\n_...lllll_\n_.br....._\n_....R15._\n__________
LEVEL:9:___________\n_rg9SkofVr_\n_GF.6WOV0A_\n_Fw0.3o6AB_\n_A5W..5A2l_\n_.WO5KlF.1_\n_441934sR2_\n_vF38vVb.k_\n_W4bAS.K1K_\n_kO9.W..21_\n_0Ba4o3.L2_\n_w9G.SG99v_\n_g9Br5Kkbk_\n_.l7RRG6r3_\n_LFffV..Gv_\n_ga8.ro1wr_\n_VWV7R..3._\n___________
LEVEL:10:__________\n_........_\n_....V12._\n_........_\n_...v...._\n_F.v.v..._\n_1..v...._\n_3......._\n_....f..._\n__________
LEVEL:11:__________\n_b....Vwv_\n_.....1ww_\n_.....3.._\n_........_\n_........_\n_.....BW._\n_.....11._\n_.....26._\n__________
LEVEL:12:__________\n_...K..3._\n_.f.k...._\n_kkkk...._\n_...kgkkk_\n_........_\n_G10...b._\n_.....B12_\n_K14..F13_\n__________
LEVEL:13:__________\n_..Bwwlll_\n_b.1wwlll_\n_..2wwlll_\n_...wwlll_\n_...wwlll_\n_W16....._\n_....F13._\n_s...wwwf_\n__________
LEVEL:14:__________\n_G10gl.f._\n_.aagl.l._\n_.R.gg.ll_\n_.b..gggl_\n_...a...a_\n_..r....5_\n_B12.1..._\n_F13a.L16_\n__________
LEVEL:15:__________\n_bW12..Fr_\n_........_\n_w.w.w..S_\n_.s...s.1_\n_..w.www4_\n_B.3s1..._\n_1.w.w..._\n_2.....Rf_\n__________
LEVEL:16:__________\n_bW12..Fr_\n_........_\n_w.w.w..S_\n_.s...s.1_\n_..w.www4_\n_B.3s1..S_\n_1.w.w..._\n_2.....Rf_\n__________
LEVEL:17:__________\n_.f......_\n_.......3_\n_kkkkgkkk_\n_...g.g.._\n_K14k.k.._\n_...k.kkk_\n_B12k..b._\n_F13....._\n__________
LEVEL:18:____________________\n_B.S14.O16.R15.B12._\n_1.F13.G16.V17....._\n_.Sv..............._\n_Rggggggggggggggggg_\n_1ggggggggggggggggg_\n_.F......gggggggggg_\n_ooo.......gggggggg_\n_wwwoo.......gggggg_\n_wwwwwoo.......gggg_\n_wwwwwwwoo..r......_\n_wwwwwwwwwoo.b....._\n_wwwwwwwwwwwooaaaaa_\n____________________
LEVEL:19:_________________\n_F13w.f.w.a...rw_\n_.a.wa...b.a.a.w_\n_wwrwwwww..wwwww_\n_...a...a....a.._\n_wwwwww.wwwwwwww_\n_.a.........ar.._\n_www.wwwwwwwwwww_\n_.a...a......ba._\n_..b......a....._\n_wwwwwwwwww.war._\n_k...a.....awwww_\n_wwwwwwwwwwwwB14_\n_R16wW16wK12wB17_\n_________________
LEVEL:20:__________\n_...s.V12_\n_v..s...._\n_..sssfss_\n_..s..s.._\n_F..s..s._\n_1.....s._\n_3..S14.._\n_........_\n__________
LEVEL:21:____________________\n_.Laallgg.......BG._\n_.1aallgg.......11._\n_.8aallgg.......90._\n_..aallgg.........._\n_..9allgg.......v.._\n_..aallgg.......V.._\n_b.2allgg.......1.._\n_llllllgg.......3.._\n_llllllgg.........._\n_gggggggg.........._\n_gggggggg.......B12_\n____________________
LEVEL:22:__________\n_........_\n_...b...._\n_........_\n_F......._\n_1.B.f..._\n_3.1....._\n_..2....._\n_........_\n__________
LEVEL:23:__________\n_........_\n_B...b..._\n_1......._\n_2......._\n_........_\n_..3...f._\n_F1....f._\n_........_\n__________
LEVEL:24:__________\n_S13....._\n_.......f_\n_...r...3_\n_........_\n_........_\n_F14..R12_\n_........_\n_......s._\n__________
LEVEL:25:_________________\n_....gg.....l..._\n_....gg.....l..._\n_....gg.....l..._\n_.b..gg.....l..._\n_....gg.....l..._\n_....gg.....l..._\n_....gg.....l..._\n_....gg.B12.l..f_\n_....gg.....l..._\n_K...gg.....l..._\n_B12.gg..k..l..._\n_....gg.....l..._\n_....gg.....l..._\n_....gg.G10.l..._\n_....gg.....l..._\n_....gg.....lF13_\n_....gg.....l..._\n_....gg.....lL14_\n_________________
LEVEL:26:__________\n_.ssss.s._\n_..ss.fv._\n_...as.v._\n_.F12.A.._\n_.....1.._\n_.....3.._\n_.ggg...._\n_.s......_\n__________
LEVEL:27:__________\n_glF13S12_\n_gksgggVV_\n_ggrrrrV2_\n_vggkgkVr_\n_vvgvvvVr_\n_vvvvvlVl_\n_vvvvvlVl_\n_vvvvl.fl_\n__________
LEVEL:28:__________\n_B12..VGF_\n_S.....1._\n_1.b.s35f_\n_4...sss._\n_........_\n_gggggggg_\n_...vv..._\n_........_\n__________
LEVEL:29:__________\n_V.2a..12_\n_B12avF.._\n_bv.a...._\n_aaaaaaaa_\n_...a...._\n_..2a.A.._\n_A16a1..._\n_.1.a2f3._\n__________
LEVEL:30:__________\n_K17....._\n_......O._\n_k.vwww.._\n_...wow.k_\n_...www.._\n_KV..W16._\n_11.O1.3._\n_42..k..._\n__________
LEVEL:31:___________________\n_B12w...ag...wG10._\n_wwww...gg...wW16._\n_..13...ga...wwwww_\n_.V15..agga......._\n_.R...araga.a....._\n_.....a.ggaaa....._\n_ggggggggaaaav...._\n_.v....agga......._\n_....b..aga......._\n_......agga......._\n___________________
LEVEL:32:__________\n_b.....f._\n_.....V12_\n_........_\n_F13....._\n_........_\n_........_\n_....v..._\n_........_\n__________
LEVEL:33:__________\n_........_\n_...bV12._\n_........_\n_........_\n_.B13...._\n_........_\n_........_\n_...vv..._\n__________
LEVEL:34:__________\n_...V13.._\n_v......._\n_........_\n_......b._\n_....B12._\n_........_\n_..V15..._\n_........_\n__________
LEVEL:35:__________\n_..F1.3.._\n_llllllll_\n_..L14..._\n_........_\n_........_\n_........_\n_........_\n_bB12...f_\n__________
LEVEL:36:__________\n_B12.F13._\n_........_\n_...sss.._\n_.b.sfs.._\n_...s...._\n_...s...._\n_........_\n_........_\n__________
LEVEL:37:__________\n_s..S..a._\n_k.o....l_\n_.g....b._\n_L.g..b.w_\n_g.s..fs._\n_....B..l_\n_b...1r.._\n_G13.2b.._\n__________
LEVEL:38:__________\n_.Rrbll.f_\n_L18.lll._\n_.5..ll.r_\n_..r.ll.1_\n_..r.ll.l_\n_.F..ll.B_\n_B19.ll.1_\n_r3r....2_\n__________
LEVEL:39:__________\n_A.2...bg_\n_1.G.3.a._\n_wwg1W16._\n_..12B12b_\n_........_\n_........_\n_........_\n_........_\n__________
LEVEL:40:__________\n_b..lsllf_\n_...lslll_\n_.S.lslll_\n_L18lslll_\n_.6.ls..._\n_F......._\n_1......._\n_3.B12..._\n__________
LEVEL:41:____________________\n_llllllff........L._\n_lgggglff........1._\n_lbggglff........5._\n_lg..glff.........._\n_lG15glff.........._\n_llllllff.........._\n_ffffwww..........._\n_ffff.............._\n_.................._\n_.........F.3......_\n_..B12.....1......._\n_.................._\n_.........k........_\n_....K12..........._\n_.................._\n_.................._\n_................7._\n_.................._\n____________________
LEVEL:42:__________\n_f.k.k.kk_\n_.B12F13._\n_k......k_\n_...b...._\n_k......k_\n_........_\n_k......k_\n_.K14K17._\n__________
LEVEL:43:__________\n_ffffffff_\n_W16....._\n_Bk......_\n_1.k...k._\n_2...k..._\n_w..wwwww_\n_...k...._\n_Kk.....k_\n_1k...k.._\n_7......._\n_w..wwwww_\n_........_\n_F13...k._\n_K..k...._\n_1......._\n_4...kk.b_\n__________
LEVEL:44:__________\n_FWwwwwww_\n_11wb.fww_\n_36wwwwww_\n_G10wgkww_\n_wwwwwwww_\n_wBKwwwww_\n_w11wwwww_\n_b2.kwwww_\n__________
LEVEL:45:___________\n_.F.w..V.._\n_o1.w.o1.._\n_.4.w.o2.o_\n_wwww.o..._\n_.ov...oWw_\n_.ov.o..1w_\n_..o.O186w_\n_foo..wF13_\n___________
LEVEL:46:____________________\n_W........wwwwwwwww_\n_1wwwwwwwww......Kw_\n_6wK17ooowwR1.O.81w_\n_Kwkooo3oww..3.1.9w_\n_1wkoooooww.......w_\n_4wo1kbkowwaaaaw.ww_\n_Awooooooww.....ww._\n_1woooooowwb..w..w._\n_9wwwwwwwwww.sw.ww._\n_Awwwwwwwwwwwlwwww._\n_1wb.....ww......w._\n_4wwwww.www.b.R..w._\n_Sw......ww.r.1..w._\n_1ww.wwwwww...5L.w._\n_4wrrrrrrww....1.w._\n_Bwrrfrrrww....8.w._\n_1wwwwwwwwwwwwwwww._\n_9R19F13L18R14B12.._\n____________________
LEVEL:47:______\n_fr.b_\n_F13w_\n_gggg_\n_wwww_\n_F17w_\n_R15w_\n_G10W_\n_B121_\n_W16W_\n______
LEVEL:48:__________\n_WSLlllll_\n_111llllk_\n_556llK12_\n_lllllB17_\n_lllllK1._\n_lllkklll_\n_lllwwlll_\n_FllssllF_\n_1......1_\n_3......3_\n_f......f_\n_........_\n_........_\n_oooggooo_\n_..o..o.._\n_GBo..oOS_\n_11ob.o11_\n_89o..o58_\n__________
LEVEL:49:____________________\n_Wwvvvvvvvfvvvvvvvv_\n_1wvvvvvvv.vvvvvvvv_\n_6wvvvvvvv.vvvvvvvv_\n_Fwvvvvvvv.vvvvvvvv_\n_1wvvvvvvv.vvvvvvvv_\n_3wvvvvvvvvvvvvvvvv_\n_Vwvvvvvvvvvvvvvvvv_\n_1wvvvvvvvvvvvvvvvv_\n_4wvvvvvvvvvvvvvvvv_\n_wwvvvvvvvvvvvvvvvv_\n_..............s..._\n_......r.r.....sS.._\n_...b..rrr.....s1.._\n_..B12..R......s4.._\n_.......1......s..._\n_.......5..O1O.s..._\n_..............w..._\n_..............w..._\n____________________
LEVEL:50:_______\n_bB12._\n_...F._\n_.fR15_\n_...3._\n_.r..._\n_______
LEVEL:51:________\n_rrrrrr_\n_rrrrrr_\n_rrbrrr_\n_rr.rRr_\n_r..B12_\n_r.3.6._\n________
LEVEL:52:____________\n_v......V12_\n_...f.....F_\n_.R.....b.1_\n_B12......3_\n_...S.S14.._\n____________
LEVEL:53:__________\n_bB1...2._\n_..fR1SF._\n_1...31s._\n_3.r..2.1_\n__________
LEVEL:54:_________\n_......._\n_....b.._\n_....s.._\n_......F_\n_.B12..1_\n_......3_\n_...S121_\n_________
LEVEL:55:____________\n_.........._\n_.b..S....._\n_.....712.._\n_.....O...._\n_.B........_\n_...b.....F_\n_.........1_\n_GokK12...3_\n_V......B1._\n_r........R_\n____________
LEVEL:56:________\n_......_\n_.b...._\n_......_\n_......_\n_.S...._\n_.1...._\n_.BB123_\n_.s...3_\n________
LEVEL:57:____________\n_B1.B.....B_\n_R1.......1_\n_..5....S12_\n_.........._\n_.r.....b.._\n_...L......_\n_......1..F_\n_..f......1_\n_......s..4_\n_F13......._\n____________
LEVEL:58:_______\n_F.B12_\n_1b..._\n_3...f_\n_..k.._\n_K17.._\n_______
LEVEL:59:____________\n_B12w.....S_\n_K12w.....1_\n_F16w....7._\n_wwww......_\n_G1........_\n_1.....s..._\n_.0.3.sbs.._\n_g.....s..g_\n_gg......gg_\n_ggg....ggg_\n____________
LEVEL:60:____________\n_B12......S_\n_Br.......1_\n_R..f.....F_\n_.........1_\n_G1.......3_\n_1.....s.f._\n_.0.3.sbs.F_\n_g.....s..g_\n_gg..13..gg_\n_ggg....ggg_\n____________
LEVEL:61:_________\n_.....B8_\n_......._\n_...R..._\n_..o1..._\n_......._\n_....B.._\n_......._\n_....rs._\n_..1SF.._\n_fB31s.._\n_F112o.._\n_......._\n_________
LEVEL:62:________\n_......_\n_......_\n_......_\n_......_\n_......_\n_......_\n_..B..._\n_..1..._\n_..2F13_\n_..b..._\n_......_\n_......_\n_f.F15._\n_......_\n_......_\n________
LEVEL:63:_____________\n_.....2....._\n_.b...F....._\n_....w.712.._\n_.B....O...._\n_....S.....F_\n_........S.1_\n_.....K12..._\n_.b.W......._\n_........s.._\n_.....B12s3k_\n_..........k_\n_____________
LEVEL:64:_________\n_Fw.f.wB_\n_1w...w1_\n_3wwwww2_\n_......._\n_..W16.._\n_......._\n_...b..._\n_________
LEVEL:65:____________\n_B13......F_\n_....f....1_\n_rrrR1Rrrr2_\n_........b._\n____________
LEVEL:66:____________\n_F13wwwwK14_\n_w.o.okofow_\n_wo.o.o.o.w_\n_wko.o.o.ow_\n_wo.o.o.o.w_\n_w.o.o.o.ow_\n_wo.o.o.okw_\n_w.o.o.o.ow_\n_wo.obo.o.w_\n_K17wwwwB12_\n____________
LEVEL:67:____________\n_.........._\n_llllllll.._\n_.....r...._\n_.........._\n_..b..r...._\n_.........._\n_gggggggg.._\n_W13..G17.._\n_.........._\n_B12......._\n____________
LEVEL:68:___________\n_B12w....._\n_wwww.brk._\n_.R......._\n_........._\n_ggggggggg_\n_.1......._\n_.5......._\n_........._\n_.K......._\n_........._\n_ggggggggg_\n_........._\n_......ooo_\n_wwww..ofo_\n_W16w..ooo_\n_G10w..F13_\n___________
LEVEL:69:__________\n_k....b.._\n_w....o.o_\n_sB123ggg_\n_.fR.oo.o_\n_.....bg._\n_.r..f..._\n_.s.bs..k_\n_..sg.www_\n__________
LEVEL:70:__________\n_...12..._\n_...r.ooo_\n_2...B11O_\n_......31_\n_s2.3...2_\n_........_\n_..R1..F1_\n_.....S14_\n__________
LEVEL:71:_______________\n_.l..gL16g..l._\n_.l..ggggg..l._\n_............._\n_............._\n_..l.......l.._\n_..l.......l.._\n_3....G10....3_\n_..l.......l.._\n_..l.......l.._\n_............._\n_............._\n_.l..ggggg..l._\n_.l..gL12g..l._\n_______________
LEVEL:72:__________\n_.kSFr..._\n_vbR1Sbb._\n_g..31skB_\n_r...2so8_\n_bss...a4_\n_FR...aa._\n_S1o....w_\n_W6R11oof_\n__________
LEVEL:73:__________\n_........_\n_....V12._\n_........_\n_........_\n_F.v.v..._\n_1..v...._\n_3......._\n_....f..._\n__________
LEVEL:74:__________\n_........_\n_....V12._\n_..v.v..._\n_..vvv..._\n_F.v.v..._\n_1..v...._\n_3......._\n_....f..._\n__________
LEVEL:75:__________\n_.....B12_\n_.W.14..._\n_.1wwwww._\n_.6wf..w._\n_..w..kw._\n_F.wwwww._\n_1......._\n_3...bK17_\n__________
LEVEL:76:____________\n_K..w.kwK14_\n_1...okkfow_\n_7...B12o.w_\n_s.k......._\n_.....R...._\n_w.www..W16_\n_w........._\n_..b...r..k_\n_w........._\n_..kwwwF13._\n____________
LEVEL:77:____________\n_K.kw.kwK14_\n_1...okkfo._\n_7.o.A12o.w_\n_s.2..r.o.._\n_.....R...._\n_w.www..W16_\n_w...o..o.._\n_..b...rbak_\n_w...5...o._\n_b.fwwwF13._\n____________
LEVEL:78:__________\n_...12..._\n_...rg1.._\n_........_\n_.s..wk2g_\n_F12.V7f._\n_w.F.v..._\n_3R25K..._\n_..v....._\n__________
LEVEL:79:__________\n_W16..R15_\n_.....R13_\n_..R....._\n_B1B12.ww_\n_......wr_\n_......ww_\n_........_\n_b....R19_\n__________
LEVEL:80:__________\n_W16..R15_\n_.....R13_\n_..R....._\n_B1B12.ww_\n_......wr_\n_......ww_\n_...R...._\n_bB1..R19_\n__________
LEVEL:81:__________\n_B1B....f_\n_1......._\n_2......._\n_........_\n_........_\n_.......F_\n_.......1_\n_b......3_\n__________
LEVEL:82:__________\n_V1V....B_\n_.......1_\n_V1.....2_\n_..F....._\n_........_\n_........_\n_........_\n_bv....7F_\n_.......1_\n_.......3_\n_wwwwwwww_\n_.v....W._\n_......1._\n_f.....6._\n__________
LEVEL:83:__________\n_B12..F13_\n_........_\n_........_\n_........_\n_.b....f._\n_........_\n_........_\n_........_\n__________
LEVEL:84:__________\n_.K14.B12_\n_.fow...._\n_2o.w...3_\n_..1.W..w_\n_..4...k._\n_....rr.._\n_........_\n_....bK17_\n__________
LEVEL:85:__________\n_l......._\n_...b...._\n_L1B....._\n_..1....._\n_..2F...._\n_.b.bB1Br_\n_........_\n_.f....13_\n__________
LEVEL:86:__________\n_bF132..G_\n_....g1.1_\n_..B12AO._\n_.RF13wwr_\n_a12....._\n_o.....WF_\n_......F1_\n_.....f.._\n__________
LEVEL:87:__________\n_W16w..s._\n_...wF..._\n_...w1..._\n_...w3..._\n_r..w...._\n_...wR.b._\n_S14wB12._\n_.1Fw...r_\n__________
LEVEL:88:__________\n_W16w..s._\n_.14wF..._\n_F..w1..._\n_...w3..._\n_..rw...._\n_...wR.b._\n_S14wB12._\n_.1Fw...r_\n__________
LEVEL:89:__________\n_........_\n_WW..W16._\n_11b.B12._\n_9W......_\n_........_\n_FL...www_\n_11...wll_\n_38...wlf_\n__________
LEVEL:90:________________\n_K17..........._\n_1....3........_\n_.4w.k...Ww...._\n_..l.....1....._\n_..lw.k.76Ww..._\n_..l..........._\n_lllllllll....._\n_......ll......_\n_.............._\n_b............._\n_L14........B12_\n________________
LEVEL:91:__________\n_...K.3.._\n_.f.k...._\n_kkkk...._\n_...kgkkk_\n_........_\n_G10...b._\n_.....B12_\n_K14..F13_\n__________
LEVEL:92:__________\n_.....b.s_\n_FBs....s_\n_f13....s_\n_.2..rrrr_\n_...r...._\n_...r.RF._\n_...r.11._\n_S14r.5.._\n__________
LEVEL:93:__________\n_.B1..ww._\n_s..S...f_\n_.w1ww4.._\n_.w.SF..1_\n_1.4.Bw.4_\n_3bww3w.._\n_.......s_\n_.W12.s.._\n__________
LEVEL:94:__________\n_........_\n_B12....._\n_S16....._\n_K13.b..._\n_G16....._\n_F16..v.v_\n_.....vsv_\n_V16..vkf_\n__________
LEVEL:95:___________\n_s...f...s_\n_.k.....k._\n_..k...k.._\n_...k.k..._\n_....k...._\n_....S14.._\n_........._\n_K17...K14_\n_B12.b.F13_\n___________
LEVEL:96:__________\n_.B1.sF13_\n_S142s..._\n_...fs..._\n_sssss..._\n_........_\n_.....17._\n_.B12..b._\n_........_\n__________
LEVEL:97:_________\n_....F13_\n_......._\n_..K...._\n_..1...._\n_.f2...._\n_......._\n_k......_\n_________
LEVEL:98:__________\n_........_\n_...F13.._\n_........_\n_.......v_\n_B.....a._\n_1......._\n_2..O...._\n_..k.fb.S_\n__________
LEVEL:99:__________\n_B12.gggf_\n_F13agggg_\n_R15.gggg_\n_G10.gggg_\n_.a......_\n_..r..rr._\n_..rrrrrr_\n_b..rr..._\n__________
LEVEL:100:__________\n_........_\n_........_\n_.B...k.._\n_1......._\n_wwwvwwww_\n_.b......_\n_........_\n_.....3.._\n_...K...._\n_....1..._\n_..7....._\n_........_\n_.......V_\n_.......1_\n_B12..W14_\n__________
LEVEL:101:__________\n_....B12b_\n_....b..._\n_.......F_\n_...1...1_\n_......12_\n_........_\n_gb...f.._\n_g......._\n_g1..Rr.._\n_gfRf12.k_\n_G.f36..._\n_.b.15..F_\n_G.f....1_\n_.......4_\n_K13....._\n__________
LEVEL:102:__________\n_........_\n_........_\n_.bf....._\n_......B._\n_......1._\n_.F13..2._\n_........_\n_........_\n__________
LEVEL:103:___________\n_oLoLBLoLo_\n_o1o111o1o_\n_w8w828w8w_\n_ooo131ooo_\n_L18oboooo_\n_oooowoOoo_\n_L18oWoL18_\n_oooo1oooo_\n_L14o6oo1L_\n___________
LEVEL:104:_______________\n_B12wwW16.F.13_\n_K14ww.......k_\n_1bG.w.....k.._\n_7.1ww.w.....k_\n_f.4ww.....k.._\n_gggww..k....._\n_gggwwk......._\n_gggww..k....._\n_gggwwk......._\n_k..www..k...k_\n_..k..www..k.._\n_k......w...kw_\n_wwwwww...wwww_\n_______________
LEVEL:105:___________\n_B19L18F13_\n_1wwwwwwwW_\n_2w..b..w1_\n_ww.....w6_\n_..A....wA_\n_a.1.a..w1_\n_...5...w9_\n_.llllllll_\n_.llllllll_\n_.....l..._\n_.V1.vl.f._\n_.1...l..._\n_..2.lllll_\n___________
LEVEL:106:__________\n_.f......_\n_........_\n_kkkkkgkk_\n_B12....._\n_........_\n_G10....._\n_..F13..._\n_......b._\n__________
LEVEL:107:__________\n_.....L14_\n_.llK14wF_\n_.Wrb...1_\n_.ww....3_\n_.ww....._\n_.R1....._\n_........_\n_.1F..B12_\n__________
LEVEL:108:__________\n_b....V.B_\n_.....1.1_\n_..3..9.2_\n_.F...s.._\n_S14sss.._\n_........_\n_........_\n_....f..k_\n__________
LEVEL:109:______________\n_l.bFk...l..._\n_l.B12...l..._\n_l.k42....l.._\n_ll...R..rl2._\n_.1l......l.._\n_..llKl.lll.._\n_.k..1......._\n_....8.f..4.._\n_..2........._\n_..F1.9..K12._\n_...3........_\n_............_\n______________
LEVEL:110:__________\n_B12...fO_\n_...3...._\n_.b......_\n_F......o_\n_1......l_\n_L1......_\n_3......._\n_........_\n__________
LEVEL:111:__________\n_.2......_\n_S..b...._\n_..B....._\n_ww1....._\n_W1......_\n_.F12ss.._\n_....B123_\n_.f.....3_\n__________
LEVEL:112:__________\n_b....F13_\n_l..W16.._\n_llwlllll_\n_.....V.._\n_gggG..12_\n_v.g1.L18_\n_f.g0...._\n_ggg..B12_\n__________
LEVEL:113:______\n_...._\n_.r.._\n_...f_\n_R12._\n_..F._\n_..1._\n_..3._\n_...._\n_...._\n______
LEVEL:114:___________\n_B12aab..._\n_.......A._\n_.......1._\n_F13....7._\n_ggggggggg_\n_ggwwwwwgg_\n_www.f.www_\n_W16.k.G14_\n___________
LEVEL:115:__________\n_........_\n_........_\n_..F12..._\n_........_\n_....31A._\n_fff....._\n_..f....._\n_a.f....._\n__________
LEVEL:116:__________\n_........_\n_.......o_\n_..f....._\n_........_\n_...K13.._\n_.r.g..B._\n_..w...1._\n_...b..2k_\n__________
LEVEL:117:__________\n_B1.awB12_\n_f.o..12._\n_b....rg1_\n_1......._\n_3..Rrr.5_\n_....r..l_\n_g7.w.Ar._\n_K2.k..or_\n__________
LEVEL:118:__________\n_B12..F13_\n_1......._\n_9......._\n_..rb.9.._\n_........_\n_..R..5.._\n_..1....v_\n_V18...vf_\n__________
LEVEL:119:__________\n_b......B_\n_..1.R..1_\n_.R...5.2_\n_........_\n_.0.rrr.._\n_gggggggg_\n_gg...G10_\n_fg...F13_\n__________
LEVEL:120:__________\n_........_\n_S12.B..._\n_S..1..2._\n_........_\n_K.....s._\n_...b...._\n_........_\n_3......._\n__________
LEVEL:121:__________\n_........_\n_.b......_\n_..B....._\n_..1....._\n_..2....._\n_..3....._\n_.Ss....._\n_........_\n__________
LEVEL:122:__________\n_b......._\n_........_\n_...f...._\n_B......._\n_1......._\n_2......._\n_l......._\n_ff.lF13._\n__________
LEVEL:123:__________\n_....B12._\n_....F13._\n_k.b....._\n_....K1.._\n_....fR.._\n_........_\n_........_\n_....r..._\n__________
LEVEL:124:__________\n_........_\n_...b...._\n_........_\n_........_\n_..B...F._\n_..1...1._\n_..2...3._\n_........_\n_........_\n_.......f_\n_........_\n__________
LEVEL:125:__________\n_........_\n_b......._\n_........_\n_...r...._\n_..R12..._\n_.....F.f_\n_.....1.._\n_.....3.._\n__________
LEVEL:126:__________\n_..B12..._\n_........_\n_....F..._\n_..fR15.._\n_b...3..._\n_........_\n_........_\n_..r....._\n__________
LEVEL:127:__________\n_F13....._\n_........_\n_........_\n_.b......_\n_........_\n_...B12.._\n_........_\n_f......._\n__________
LEVEL:128:__________\n_....LLLr_\n_1...LLL._\n_F......._\n_.......F_\n_.......1_\n_.......3_\n_..Rb...._\n_.....B12_\n__________
LEVEL:129:__________\n_......13_\n_..W16..._\n_...B1B.._\n_..B1...._\n_..12...._\n_wwb....._\n_........_\n_........_\n__________
LEVEL:130:_______________\n_......w......_\n_......r..R15._\n_..g.ggr.w...._\n_..g...r...w.._\n_g.rrr.rrk...._\n_.....rK14...._\n_.r.w...r..k.._\n_..r.w.r..ggrg_\n_.bwwwwr.W16r._\n_.wr.rrrwr..k._\n_.w...gw.r..k._\n_.w.f.g..r...._\n_.wr.....r...._\n_B12G10..r.F13_\n_______________
LEVEL:131:_______________\n_......w......_\n_......r..R15._\n_..g.ggr.w...._\n_..g...r...w3._\n_g.rrr.rrk...._\n_.....rK14...._\n_.r.w...r..k.._\n_..r.w.r..ggrg_\n_.bwwwwr.W16r._\n_.wr.rrrwr..k._\n_.w...gw.r..k._\n_.w.f.g..r...._\n_.wr.....r...._\n_B12G10..r.F13_\n_______________
LEVEL:132:__________\n_.......f_\n_........_\n_.k......_\n_..k....._\n_b..k...._\n_.....F13_\n_B12....._\n_........_\n__________
LEVEL:133:__________\n_........_\n_........_\n_llllllll_\n_L.....B._\n_1...b.1._\n_8.....9._\n_........_\n_B12..F13_\n__________
LEVEL:134:_______________\n_b........wF19_\n_G.R.B.R.SwV18_\n_1.R.1.1.1wV17_\n_6.R.2.5.6wF13_\n_...r.r...wW16_\n_.........wG1G_\n_....g....wS1S_\n_wwwwswwwwwwww_\n_vg..f..svw..._\n_______________
LEVEL:135:__________\n_......F._\n_f......o_\n_..b....f_\n_......R._\n_.r....11_\n_.1OB12.._\n_1..b...._\n_3......._\n__________
LEVEL:136:__________\n_........_\n_b.....b._\n_.....b.._\n_...r...._\n_..R12..._\n_.....F.f_\n_.b...1.._\n_.....3.._\n__________
LEVEL:137:__________\n_F13....._\n_........_\n_........_\n_.b......_\n_........_\n_.....B12_\n_........_\n_f......._\n__________
LEVEL:138:__________\n_......BF_\n_.b....11_\n_....R.23_\n_1..5.r.._\n_.....r.._\n_gggggggg_\n_gggggggg_\n_gggggfgg_\n__________
LEVEL:139:__________\n_V.2a..12_\n_B12avF.._\n_bv.a...._\n_aaaaaaaa_\n_...a...._\n_r.Ra.A.._\n_A16a1..._\n_A1032f3._\n__________
LEVEL:140:__________\n_F13....f_\n_....llV._\n_....ll1l_\n_....ll2l_\n_...lll.l_\n_...lllll_\n_.v......_\n_........_\n__________
LEVEL:141:__________\n_........_\n_F12....._\n_....3..._\n_....V1.._\n_........_\n_........_\n_...f.l.v_\n_.....l.._\n__________
LEVEL:142:__________\n_....w.b._\n_....w..w_\n_B13.w.ww_\n_........_\n_F12.fff._\n_........_\n_....W15._\n_........_\n__________
LEVEL:143:__________\n_G......._\n_1..L14.._\n_0......F_\n_.......1_\n_.b.....3_\n_ggg....._\n_llg.B12._\n_fl......_\n__________
LEVEL:144:__________\n_bB1...2._\n_..fR1SF._\n_1...31s._\n_3.s..2.1_\n__________
LEVEL:145:__________\n_......wf_\n_W15..w.._\n_.....w.w_\n_.B12w.w._\n_.....w.._\n_...b..ww_\n_F13...w._\n_......w._\n__________
LEVEL:146:____________\n_A18wa....._\n_B19ww..a.._\n_1ssswa..a._\n_2K13wV13a._\n_wwwww..a.._\n_aaaaa...a._\n_a....aaVav_\n_..aa.aa1av_\n_a.ba.a.8av_\n_aaaa...akv_\n____________
LEVEL:147:__________\n_...w..w._\n_..w.fw.._\n_V12..v.w_\n_....w.w._\n_..ww...w_\n_F13.w.v._\n_.b.v...._\n_....W15._\n__________
LEVEL:148:__________\n_.....w.._\n_F13v...._\n_..V1..w._\n_.b..2..._\n_.W15...w_\n_.w...w.._\n_....w..._\n_B12.w.f._\n__________
LEVEL:149:__________\n_fwwwwwGF_\n_ggwwww11_\n_ggrwww03_\n_g...wwwW_\n_r....ww1_\n_.W19.R16_\n_.O18.1ww_\n_bB12b5.w_\n__________
LEVEL:150:__________\n_.......4_\n_.b..v.gb_\n_..lBOrv._\n_O131..F._\n_.sf2..f._\n_..w...bl_\n_...g.v.._\n_A.of.f.9_\n__________
LEVEL:151:__________\n_.B......_\n_.1..F13O_\n_.2bR...._\n_........_\n_......a._\n_........_\n_........_\n_...f...._\n__________
LEVEL:152:____________________\n_BWw..............._\n_11w.....G10......._\n_26w..wwwwwwww....._\n_www..woooooow....._\n_.....wooR15ow....._\n_.....woooooow....._\n_.....woborrow....._\n_.....woooooow....._\n_..wwwwwggggwwwww.._\n_..w............w.._\n_..w............w.._\n_..w............w.._\n_..wggg.........w.._\n_..wggg.....F13.w.._\n_..wfgg.........w.._\n_..wwwwwwwwwwwwww.._\n_.................._\n_.................._\n____________________
LEVEL:153:__________\n_L1.....O_\n_1......1_\n_8......9_\n_........_\n_F15.V12._\n_w.l.Kv.._\n_3.2.V..k_\n_.......k_\n__________
LEVEL:154:__________\n_B1gg..kb_\n_...v...._\n_......f3_\n_a3V12..._\n_........_\n_.g......_\n_K1.G...._\n_B1...F13_\n__________
LEVEL:155:__________\n_B12..G10_\n_...f...._\n_........_\n_gggggggg_\n_b......._\n_.....r.._\n_........_\n_F13..R15_\n__________
LEVEL:156:__________\n_.R.bll.f_\n_L18.lll._\n_.5..ll.r_\n_..r.ll.1_\n_..r.ll.l_\n_.F..ll.B_\n_B19.ll.1_\n_.3.....2_\n__________
LEVEL:157:__________\n_V12.r..._\n_R.rr2rw._\n_1r....wg_\n_4.ggrrwv_\n_gggF13aa_\n_r.gggggg_\n_a..rarar_\n_fargrara_\n__________
LEVEL:158:__________\n_B12..G10_\n_........_\n_gg..b.1._\n_Fgsr.r5._\n_.gsr.R.._\n_.gs....._\n_.gssss.._\n_.13S141F_\n__________
LEVEL:159:__________\n_B12..G10_\n_sss....._\n_gg..b.1._\n_Fgsr.r5._\n_.gsr.R.._\n_.gs....._\n_.gssss.._\n_.13S141F_\n__________
LEVEL:160:__________\n_kBK.w.b._\n_..1ww..._\n_..2w...._\n_wwww..V._\n_......1._\n_......3._\n_W18....._\n_.....B19_\n__________
LEVEL:161:__________\n_BK13gggG_\n_1rrrggR1_\n_2rbrgR16_\n_.rrrgg7g_\n_.ggggrgg_\n_.ggggggg_\n_.g..rggr_\n_.r.r.r.k_\n__________
LEVEL:162:__________\n_bwawaB12_\n_wawawawa_\n_awawawaw_\n_wawawawa_\n_awawawaw_\n_wawawawa_\n_awawawaw_\n_F13awawf_\n__________
LEVEL:163:__________\n_........_\n_.aaaaa.1_\n_.aabaa.3_\n_.aaaaa.._\n_........_\n_.A......_\n_.1......_\n_.2...B12_\n__________
LEVEL:164:__________\n_KRg...rs_\n_11.g..rr_\n_45.gg..._\n_.B13g..._\n_....wS12_\n_L...l..._\n_1.kkl.k._\n_0b.ll.k._\n__________
LEVEL:165:__________\n_VB12...3_\n_1o..o..._\n_4o..vK16_\n_oo.o...._\n_vobo.kk._\n_..o....._\n_..v..v.._\n_........_\n__________
LEVEL:166:__________\n_wfkwwwww_\n_lwwlwwlw_\n_sllsllsl_\n_.s......_\n_....b.s._\n_W16F13.._\n_..B19S14_\n_L18..B12_\n__________
LEVEL:167:__________\n_kk.k.kkk_\n_llo..o.k_\n_.lo..o.k_\n_.loooo.k_\n_.llll..k_\n_..looooo_\n_..lollll_\n_..lollll_\n_....llll_\n_........_\n_........_\n_L16....._\n_........_\n_........_\n_BK13...._\n_1......._\n_2.K17..._\n_b......._\n__________
LEVEL:168:_____________\n_..wwB12ww.._\n_..........._\n_..wwrwrww.._\n_..w.....w.._\n_W.Rw.b.wR.B_\n_1.w.....w.1_\n_6.w.....w.2_\n_w.w.......w_\n_w1.ww.ww.1w_\n_.........3._\n_..wwR15w..._\n_____________
LEVEL:169:_____________\n_B12F13fL17._\n_..........._\n_l.l.ll.ll.._\n_..........._\n_l.l..l..l.._\n_l..l..l...._\n_.l.....l.l._\n_ll.l.l.l..l_\n_..........._\n_..........._\n_b...B19.L18_\n_____________
LEVEL:170:__________\n_..b....._\n_B12.www._\n_K1.w.k.w_\n_...w...w_\n_....w.wF_\n_....wfw1_\n_.....w.3_\n_W17....._\n__________
LEVEL:171:_____________\n_B12S14F13ww_\n_S17O14W16bw_\n_wwwwwwwww.w_\n_wwwwww..osw_\n_wwwww..os.w_\n_wwww...so.w_\n_www...so..w_\n_ww.....so.w_\n_w......os.w_\n_........osw_\n_.......os.w_\n_w......so.w_\n_ww....so..w_\n_www....so.w_\n_wwww...os.w_\n_wwwww...osw_\n_wwwwww.os.w_\n_wwwwwwwwwfw_\n_____________
LEVEL:172:____________________\n_S16.........wwww.._\n_............wBFw.._\n_............w11w.._\n_............w23w.._\n_............wwww.._\n_...wwwwwwwww......_\n_...wosooooow......_\n_...wooooooow......_\n_...wooobosow......_\n_...wsooooosw......_\n_...woosoooow......_\n_...wwwwwwwww......_\n_.................._\n_.......f.........._\n_.................._\n_.................._\n_.................._\n_.................._\n____________________
LEVEL:173:__________\n_B12oo.b._\n_ooooo.F._\n_sosoo.1._\n_ofooo.3._\n_sosoo..._\n_oooooooo_\n_ooooO14o_\n_oooooooo_\n__________
LEVEL:174:____________________\n_wwowwf....Kwbwwow._\n_wB12wwF13.1w.wooWw_\n_wwbww.o.oA12.oo.1w_\n_LRwwV....o3o.wwo6r_\n_11.Br1......kwwwwg_\n_451.3..llll..wwwgg_\n_..4lwgwlllllllwwwg_\n_llllwvwllllllwK17w_\n____________________
LEVEL:175:__________\n_bsfgalro_\n_kwoBSFWA_\n_ROKGV213_\n_6750489w_\n_w.....ww_\n_w.wwwwWw_\n_w...vw1w_\n_B12V136w_\n__________
LEVEL:176:____________________\n_W........wwwwwwwww_\n_1wwwwwwwww......Kw_\n_6woooooowwR1.O.81w_\n_Kwooo3koww..3.1.9w_\n_1wkoooooww.......w_\n_4wo1kbkowwaaaaw.ww_\n_Awooooooww....oww._\n_1wK17ooowwb..woow._\n_9wwwwwwwwww.swoww._\n_Awwwwwwwwwwwlwwww._\n_1wb.....ww......w._\n_4wwwww.www.b.R..w._\n_Sw......ww.r.1..w._\n_1ww.wwwwww...5L.w._\n_4wrrrrrrww....1.w._\n_Bwrrfrrrww....8.w._\n_1wwwwwwwwwwwwwwww._\n_9R19F13L18R14B12.._\n____________________
LEVEL:177:__________\n_........_\n_S2..B12._\n_w...s..._\n_...7wooo_\n_.1.vooVo_\n_.3vbW1.6_\n_...voo2o_\n_V14.oO16_\n__________
LEVEL:178:____________________\n_WR1R.....wwwwwwwww_\n_1wwwwwwwww......Kw_\n_6wK17ooowwR1.O.81w_\n_Kwkooo3oww..3.1.9w_\n_1wkoooooww.......w_\n_4wo1kbkowwaaaaw.ww_\n_Awooooooww.....ww._\n_1woooooowwb..w..w._\n_9wwwwwwwwww.sw.ww._\n_Awwwwwwwwwwwlwwww._\n_1wb.....ww......w._\n_4wwwww.www.b.R..w._\n_Sw......ww.r.1..w._\n_1ww.wwwwww...5L.w._\n_4wrrrrrrww....1.w._\n_Bwrrfrrrww....8.w._\n_1wwwwwwwwwwwwwwww._\n_9R19F13L18R14B12.._\n____________________
LEVEL:179:__________\n_KF13K1K._\n_1f......_\n_4.wwwwwk_\n_B.wK1b.._\n_1.waA.6._\n_2WwvV.2._\n_w1wgG.0._\n_w6wlL.8._\n__________
LEVEL:180:____________________\n_S14W16...........V_\n_B12V18ww.........1_\n_G14S19..w........5_\n_.w.w..ww.........._\n_...www............_\n_.................._\n_.................._\n_....wwwwsw........_\n_...w.vb..w........_\n_..w..b...w........_\n_...w..b..w........_\n_....wwwwww........_\n_.................._\n_...O15........gggg_\n_...F13....gggggggg_\n_.........gggoooooo_\n_......ggggggoooooo_\n_..ggggggggggooooof_\n____________________
LEVEL:181:____________\n_L.kwB..K1r_\n_w.r..3.fos_\n_wS1.....s1_\n_g.r.W1..s4_\n_W.b......._\n_kk..rb.ff5_\n_9.B12....G_\n_.b.f.swgw1_\n_g.o...oO.0_\n_v.wwoRF1.f_\n____________
LEVEL:182:__________\n_K14....._\n_1k..k..._\n_.boL..k._\n_.A15..aa_\n_.b....b._\n_k...F.k._\n_..k.1..._\n_B12.lf13_\n__________
LEVEL:183:____________________\n_Wwvvvvvvvfvvvvvvvv_\n_1wvvvvvvv.vvvvvvvv_\n_6wvvvvvvv.vvvvvvvv_\n_Fwvvvvvvv.vvvvvvvv_\n_1wvvvvvvv.vvvvvvvv_\n_3wvvvvvvvvvvvvvvvv_\n_Vwvvvvvvvvvvvvvvvv_\n_1wvvvvvvvvvvvvvvvv_\n_4wvvvvvvvvvvvvvvvv_\n_wwvvvvvvvvvvwwwwww_\n_............r....._\n_............rRK.B._\n_...b..sss...r11.1._\n_..B12..S....r457.._\n_..B12..1....r....._\n_.......5....kw...._\n_.O1O........ww...._\n_............w....._\n____________________
BATCH:-1:0:0
BATCH:-1:1:1
BATCH:-1:2:2
BATCH:-1:3:3
BATCH:-1:4:4
BATCH:-1:5:5
BATCH:-1:6:6
BATCH:-1:7:7
BATCH:-1:8:8
BATCH:-1:9:9
BATCH:-1:10:10
BATCH:-1:11:11
BATCH:-1:12:12
BATCH:-1:13:13
BATCH:-1:14:14
BATCH:-1:15:15
BATCH:-1:16:16
BATCH:-1:17:17
BATCH:-1:18:18
BATCH:-1:19:19
BATCH:-1:20:20
BATCH:-1:21:21
BATCH:-1:22:22
BATCH:-1:23:23
BATCH:-1:24:24
BATCH:-1:25:25
BATCH:-1:26:26
BATCH:-1:27:27
BATCH:-1:28:28
BATCH:-1:29:29
BATCH:-1:30:30
BATCH:-1:31:31
BATCH:-1:32:32
BATCH:-1:33:33
BATCH:-1:34:34
BATCH:-1:35:35
BATCH:-1:36:36
BATCH:-1:37:37
BATCH:-1:38:38
BATCH:-1:39:39
BATCH:-1:40:40
BATCH:-1:41:41
BATCH:-1:42:42
BATCH:-1:43:43
BATCH:-1:44:44
BATCH:-1:45:45
BATCH:-1:46:46
BATCH:-1:47:47
BATCH:-1:48:48
BATCH:-1:49:49
BATCH:-1:50:50
BATCH:-1:51:51
BATCH:-1:52:52
BATCH:-1:53:53
BATCH:-1:54:54
BATCH:-1:55:55
BATCH:-1:56:56
BATCH:-1:57:57
BATCH:-1:58:58
BATCH:-1:59:59
BATCH:-1:60:60
BATCH:-1:61:61
BATCH:-1:62:62
BATCH:-1:63:63
BATCH:-1:64:64
BATCH:-1:65:65
BATCH:-1:66:66
BATCH:-1:67:67
BATCH:-1:68:68
BATCH:-1:69:69
BATCH:-1:70:70
BATCH:-1:71:71
BATCH:-1:72:72
BATCH:-1:73:73
BATCH:-1:74:74
BATCH:-1:75:75
BATCH:-1:76:76
BATCH:-1:77:77
BATCH:-1:78:78
BATCH:-1:79:79
BATCH:-1:80:80
BATCH:-1:81:81
BATCH:-1:82:82
BATCH:-1:83:83
BATCH:-1:84:84
BATCH:-1:85:85
BATCH:-1:86:86
BATCH:-1:87:87
BATCH:-1:88:88
BATCH:-1:89:89
BATCH:-1:90:90
BATCH:-1:91:91
BATCH:-1:92:92
BATCH:-1:93:93
BATCH:-1:94:94
BATCH:-1:95:95
BATCH:-1:96:96
BATCH:-1:97:97
BATCH:-1:98:98
BATCH:-1:99:99
BATCH:-1:100:100
BATCH:-1:101:101
BATCH:-1:102:102
BATCH:-1:103:103
BATCH:-1:104:104
BATCH:-1:105:105
BATCH:-1:106:106
BATCH:-1:107:107
BATCH:-1:108:108
BATCH:-1:109:109
BATCH:-1:110:110
BATCH:-1:111:111
BATCH:-1:112:112
BATCH:-1:113:113
BATCH:-1:114:114
BATCH:-1:115:115
BATCH:-1:116:116
BATCH:-1:117:117
BATCH:-1:118:118
BATCH:-1:119:119
BATCH:-1:120:120
BATCH:-1:121:121
BATCH:-1:122:122
BATCH:-1:123:123
BATCH:-1:124:124
BATCH:-1:125:125
BATCH:-1:126:126
BATCH:-1:127:127
BATCH:-1:128:128
BATCH:-1:129:129
BATCH:-1:130:130
BATCH:-1:131:131
BATCH:-1:132:132
BATCH:-1:133:133
BATCH:-1:134:134
BATCH:-1:135:135
BATCH:-1:136:136
BATCH:-1:137:137
BATCH:-1:138:138
BATCH:-1:139:139
BATCH:-1:140:140
BATCH:-1:141:141
BATCH:-1:142:142
BATCH:-1:143:143
BATCH:-1:144:144
BATCH:-1:145:145
BATCH:-1:146:146
BATCH:-1:147:147
BATCH:-1:148:148
BATCH:-1:149:149
BATCH:-1:150:150
BATCH:-1:151:151
BATCH:-1:152:152
BATCH:-1:153:153
BATCH:-1:154:154
BATCH:-1:155:155
BATCH:-1:156:156
BATCH:-1:157:157
BATCH:-1:158:158
BATCH:-1:159:159
BATCH:-1:160:160
BATCH:-1:161:161
BATCH:-1:162:162
BATCH:-1:163:163
BATCH:-1:164:164
BATCH:-1:165:165
BATCH:-1:166:166
BATCH:-1:167:167
BATCH:-1:168:168
BATCH:-1:169:169
BATCH:-1:170:170
BATCH:-1:171:171
BATCH:-1:172:172
BATCH:-1:173:173
BATCH:-1:174:174
BATCH:-1:175:175
BATCH:-1:176:176
BATCH:-1:177:177
BATCH:-1:178:178
BATCH:-1:179:179
BATCH:-1:180:180
BATCH:-1:181:181
BATCH:-1:182:182
BATCH:-1:183:183
EVAL_INSTANCE:0:0:388
RUN_RESULT:0:0:0:2000:----
RUN_RESULT:0:0:1:2000:----
RUN_RESULT:0:0:2:7:UR
RUN_RESULT:0:0:3:2000:----
RUN_RESULT:0:0:4:2000:----
RUN_RESULT:0:0:5:2000:----
RUN_RESULT:0:0:6:4:UUUU
RUN_RESULT:0:0:7:10:UUUUUUURRR
RUN_RESULT:0:0:8:2000:----
RUN_RESULT:0:0:9:4:R
RUN_RESULT:0:0:10:26:DDD
RUN_RESULT:0:0:11:2000:----
RUN_RESULT:0:0:12:2000:----
RUN_RESULT:0:0:13:2000:----
RUN_RESULT:0:0:14:2000:----
RUN_RESULT:0:0:15:2000:----
RUN_RESULT:0:0:16:2000:----
RUN_RESULT:0:0:17:55:LLUUUUUULLL
RUN_RESULT:0:0:18:2000:----
RUN_RESULT:0:0:19:2000:----
RUN_RESULT:0:0:20:1346:DDDRDRRDUUUURR
RUN_RESULT:0:0:21:2000:----
RUN_RESULT:0:0:22:36:DDDR
RUN_RESULT:0:0:23:409:DDDLLDRRRR
RUN_RESULT:0:0:24:145:DDDDDRRR
RUN_RESULT:0:0:25:2000:----
RUN_RESULT:0:0:26:23:DLL
RUN_RESULT:0:0:27:110:DDDDDDRRRR
RUN_RESULT:0:0:28:2000:----
RUN_RESULT:0:0:29:2000:----
RUN_RESULT:0:0:30:2000:----
RUN_RESULT:0:0:31:178:LLLUUUUDRRRRURRRRDRRRD
RUN_RESULT:0:0:32:2000:----
RUN_RESULT:0:0:33:2000:----
RUN_RESULT:0:0:34:2000:----
RUN_RESULT:0:0:35:2000:----
RUN_RESULT:0:0:36:29:RRR
RUN_RESULT:0:0:37:7:UU
RUN_RESULT:0:0:38:2000:----
RUN_RESULT:0:0:39:2000:----
RUN_RESULT:0:0:40:1244:DDRDRDLRR
RUN_RESULT:0:0:41:2000:----
RUN_RESULT:0:0:42:2000:----
RUN_RESULT:0:0:43:2000:----
RUN_RESULT:0:0:44:4:RLR
RUN_RESULT:0:0:45:2000:----
RUN_RESULT:0:0:46:2000:----
RUN_RESULT:0:0:47:2000:----
RUN_RESULT:0:0:48:2000:----
RUN_RESULT:0:0:49:2000:----
RUN_RESULT:0:0:50:8:DDR
RUN_RESULT:0:0:51:14:DDLDRRLLL
RUN_RESULT:0:0:52:79:DRRR
RUN_RESULT:0:0:53:2000:----
RUN_RESULT:0:0:54:2000:----
RUN_RESULT:0:0:55:2000:----
RUN_RESULT:0:0:56:2000:----
RUN_RESULT:0:0:57:2000:----
RUN_RESULT:0:0:58:150:DDRDRDRUU
RUN_RESULT:0:0:59:2000:----
RUN_RESULT:0:0:60:1:U
RUN_RESULT:0:0:61:2000:----
RUN_RESULT:0:0:62:2000:----
RUN_RESULT:0:0:63:2000:----
RUN_RESULT:0:0:64:812:UUUUULUR
RUN_RESULT:0:0:65:328:DRDRRR
RUN_RESULT:0:0:66:10:UUUUUUURRR
RUN_RESULT:0:0:67:2000:----
RUN_RESULT:0:0:68:2000:----
RUN_RESULT:0:0:69:2000:----
RUN_RESULT:0:0:70:2000:----
RUN_RESULT:0:0:71:2000:----
RUN_RESULT:0:0:72:2000:----
RUN_RESULT:0:0:73:25:DDD
RUN_RESULT:0:0:74:15:DDD
RUN_RESULT:0:0:75:1649:ULLLUUULUURDRDLRURUDRUDDL
RUN_RESULT:0:0:76:2000:----
RUN_RESULT:0:0:77:2000:----
RUN_RESULT:0:0:78:2000:----
RUN_RESULT:0:0:79:163:UUUUURURD
RUN_RESULT:0:0:80:489:UUUUURURD
RUN_RESULT:0:0:81:95:UUUURUURRURRRR
RUN_RESULT:0:0:82:2000:----
RUN_RESULT:0:0:83:60:RRRRR
RUN_RESULT:0:0:84:2000:----
RUN_RESULT:0:0:85:2000:----
RUN_RESULT:0:0:86:111:DRRRRD
RUN_RESULT:0:0:87:147:LULDLLDDRRUUUUUUUL
RUN_RESULT:0:0:88:1873:LULDLLDDRRUUURUUUUL
RUN_RESULT:0:0:89:546:UURRDDRDR
RUN_RESULT:0:0:90:2000:----
RUN_RESULT:0:0:91:2000:----
RUN_RESULT:0:0:92:2000:----
RUN_RESULT:0:0:93:2000:----
RUN_RESULT:0:0:94:2000:----
RUN_RESULT:0:0:95:2000:----
RUN_RESULT:0:0:96:2000:----
RUN_RESULT:0:0:97:8:UUR
RUN_RESULT:0:0:98:2:L
RUN_RESULT:0:0:99:2000:----
RUN_RESULT:0:0:100:2000:----
RUN_RESULT:0:0:101:2000:----
RUN_RESULT:0:0:102:4:R
RUN_RESULT:0:0:103:2000:----
RUN_RESULT:0:0:104:2000:----
RUN_RESULT:0:0:105:2000:----
RUN_RESULT:0:0:106:2000:----
RUN_RESULT:0:0:107:2000:----
RUN_RESULT:0:0:108:2000:----
RUN_RESULT:0:0:109:2000:----
RUN_RESULT:0:0:110:2000:----
RUN_RESULT:0:0:111:2000:----
RUN_RESULT:0:0:112:2000:----
RUN_RESULT:0:0:113:18:DRR
RUN_RESULT:0:0:114:954:DDDLLULLDRRRRRUUUR
RUN_RESULT:0:0:115:2000:----
RUN_RESULT:0:0:116:341:UULUURRRRDRDDD
RUN_RESULT:0:0:117:2000:----
RUN_RESULT:0:0:118:2000:----
RUN_RESULT:0:0:119:2000:----
RUN_RESULT:0:0:120:2000:----
RUN_RESULT:0:0:121:2000:----
RUN_RESULT:0:0:122:32:DDRRR
RUN_RESULT:0:0:123:45:DDRR
RUN_RESULT:0:0:124:2000:----
RUN_RESULT:0:0:125:114:RRDRDR
RUN_RESULT:0:0:126:14:URR
RUN_RESULT:0:0:127:49:DDDDL
RUN_RESULT:0:0:128:2000:----
RUN_RESULT:0:0:129:2000:----
RUN_RESULT:0:0:130:2000:----
RUN_RESULT:0:0:131:2000:----
RUN_RESULT:0:0:132:2000:----
RUN_RESULT:0:0:133:2000:----
RUN_RESULT:0:0:134:2000:----
RUN_RESULT:0:0:135:2000:----
RUN_RESULT:0:0:136:114:RRDRDR
RUN_RESULT:0:0:137:48:DDDDL
RUN_RESULT:0:0:138:1463:DDDDDDRRRR
RUN_RESULT:0:0:139:2000:----
RUN_RESULT:0:0:140:130:UUUUURRURRRR
RUN_RESULT:0:0:141:2000:----
RUN_RESULT:0:0:142:2000:----
RUN_RESULT:0:0:143:2000:----
RUN_RESULT:0:0:144:2000:----
RUN_RESULT:0:0:145:1226:URUURURRU
RUN_RESULT:0:0:146:2000:----
RUN_RESULT:0:0:147:2000:----
RUN_RESULT:0:0:148:2000:----
RUN_RESULT:0:0:149:2000:----
RUN_RESULT:0:0:150:2000:----
RUN_RESULT:0:0:151:185:DDDDDR
RUN_RESULT:0:0:152:2000:----
RUN_RESULT:0:0:153:2000:----
RUN_RESULT:0:0:154:30:DRRR
RUN_RESULT:0:0:155:2000:----
RUN_RESULT:0:0:156:2000:----
RUN_RESULT:0:0:157:2000:----
RUN_RESULT:0:0:158:2000:----
RUN_RESULT:0:0:159:2000:----
RUN_RESULT:0:0:160:2000:----
RUN_RESULT:0:0:161:2000:----
RUN_RESULT:0:0:162:99:DDDDDDRRRDRRRR
RUN_RESULT:0:0:163:2000:----
RUN_RESULT:0:0:164:2000:----
RUN_RESULT:0:0:165:2000:----
RUN_RESULT:0:0:166:1138:LLLDULDU
RUN_RESULT:0:0:167:2000:----
RUN_RESULT:0:0:168:2000:----
RUN_RESULT:0:0:169:2000:----
RUN_RESULT:0:0:170:2000:----
RUN_RESULT:0:0:171:2000:----
RUN_RESULT:0:0:172:63:DDDDD
RUN_RESULT:0:0:173:2000:----
RUN_RESULT:0:0:174:2000:----
RUN_RESULT:0:0:175:124:RRRRRDULLL
RUN_RESULT:0:0:176:2000:----
RUN_RESULT:0:0:177:2000:----
RUN_RESULT:0:0:178:2000:----
RUN_RESULT:0:0:179:2000:----
RUN_RESULT:0:0:180:2000:----
RUN_RESULT:0:0:181:2000:----
RUN_RESULT:0:0:182:2000:----
RUN_RESULT:0:0:183:2000:----
The time of execution is: 269.92309522628784 s
