pygame 2.2.0 (SDL 2.30.7, Python 3.8.10)
Hello from the pygame community. https://www.pygame.org/contribute.html
LEVEL:0:__________\n_W16w..s._\n_...wF..._\n_...w1..._\n_...w3..._\n_r..w...._\n_...wR.b._\n_S14wB12._\n_.1Fw...r_\n__________
BATCH:0:0:0
TRAINING ON LEVEL:87
of 184 levels
---LEVEL STRING---
__________
_W16w..s._
_...wF..._
_...w1..._
_...w3..._
_r..w...._
_...wR.b._
_S14wB12._
_.1Fw...r_
__________
---LEVEL STRING---
TRACK:0;-1;-1;6;2;2;2;4;5;3;3;1;1;7;-0.4734812316321264;13;3;23;-8.105627623408244;2;5;2;4;3;1;11;7;-8.680262822223032;1;3;5;19;4;1;11;19;3;6;0;2;2;16;23;6.09196745763721;3;13;6;2;23;-9.6122111052337;21;-5.668276579011167;3;3;4;2;3;0;4;23;8.085563531719771;0;16;23;-1.6519581797793883;3;5;2;17;13;3;6;1;3;4;6;6;5;22;-0.014715271497905746;5;4;6;1;1;15;15;0;12;23;-5.166528449776635
TRACK:1;-1;-1;0;6;2;1;3;2;6;4;4;1;21;-0.027981141001893306;13;2;5;2;3;16;5;11;5;4;2;10;18;1;5;2;5;2;3;14;1;21;9.18314165576622;18;0;6;4;15;5;4;16;6;4;4;0;4;11;2;12;19;3;6;1;0;1;2;0;13;13;2;7;-3.7093222791154705;17;1;2;21;-4.708637169838362;16;6;21;-2.01595918251531;5;3;2;22;4.078072502141341;17;5;1;3;2;15;25;4;2;24;22;1.9671196300789369;5;5;6;4;3;4;4;6;6;21;1.7993236198908704
TRACK:2;-1;-1;0;6;6;1;2;1;1;4;3;4;8;4;3;5;15;0;4;2;2;18;14;3;11;5;0;5;11;6;23;-6.618246851910692;6;6;6;4;3;24;4;4;3;5;3;5;11;0;3;1;1;4;1;5;0;5;7;-3.6063262854117113;6;14;5;6;0;24;19;1;5;3;0;3;13;3;19;0;4;1;4;21;-9.015319087513667;4;21;5.789161293958337;4;6;5;19;5;6;0;2;0;2;20;4.198167570913897;15;4;25;3;1;13;9;2;1;4;10;1;13;19;3;5;16;6;6;6;0;5;0;1;4;25;6;14;3;4;20;6.264350807302467;4;1;6;2;9;22;6.916902145512264;5;1;11;23;-2.6004890937194585
TRACK:3;-1;-1;1;4;4;5;0;6;0;5;5;5;8;4;1;5;7;4.135043447243678;3;15;4;6;5;1;1;9;14;0;24;9;3;1;0;1;1;2;1;0;3;22;1.6769379967862168;4;25;3;4;7;1.5854196198210868;4;6;0;22;-3.554222380703756;14;4;3;1;6;20;0.6764625047550155;0;18;14;6;3;3;3;5;24;4;2;4;3;4;3;13;0;3;1;6;14;0;25;8;1;0;2;19;8;5;23;-9.179474948714763;6;1;12;22;-8.643223164094563;4;6;6;0;0;1;4;9;6;25;5;5;15;5;4;4;19
TRACK:4;-1;-1;1;4;2;0;0;5;6;5;3;2;13;17;4;3;0;1;1;21;9.541689928218734;8;1;14;16;2;4;13;1;18;17;6;4;0;1;4;6;25;2;3;23;-4.808125839736412;6;7;4.449449529542511;4;2;0;25;25;1;20;-5.084557643160263;24;5;0;4;3;6;2;3;7;-9.42207757752496;5;20;2.911702899804549;2;3;1;4;1;17;21;7.5454979564660505;5;6;16;6;1;3;2;12;25;3;6;15;0;4;2;2;4;4;2;2;4;8;6;9;0;5;17;2;13;19;3;1;1;1;5;7;7.704410608311857;2;24;24;2;3;10;4;17;5;4;3;7;-7.790139534942608;2;4;2;1;4;3;20;-1.4358918824259028;3;3;24;0;3;4;21;-6.413258228465343;6;1;9;11;4;3;0;2;3;7;8.755309392409174;3;11;6;2;21;-2.6960423627498358;17;5;0;2;3;4;4;0;5;20;-4.2520782827790065;6;13;5;5;3;0;2;19;16;5;23;-4.402873372890943;3;5;2;3;4;6;9;1;6;3;24;6;1;15;24
TRACK:5;-1;-1;0;1;1;3;5;0;5;6;5;0;14;19;4;1;3;2;8;24;3;2;24;25;2;2;5;2;5;6;2;16;17;4;1;5;22;-9.191729065841258;2;24;13;3;3;3;3;5;9;3;3;4;1;3;5;23;6.719111589515375;4;2;14;19;2;6;5;5;4;3;5;1;13;20;-5.928012896381574;4;3;4;1;1;6;4;25;6;2;17;12;0;4;1;24;24;0;3;22;-4.099911254813076;4;8;0;0;2;3;4;2;2;3;4;17;1;4;10;4;23;5.708435958532441;0;5;3;12;6;1;23;-7.090024976930083;8;2;2;3;3;1;2;19;14;5;23;-3.290139708151689;5;5;1;6;22;8.056751478517988;4;16;6;5;0;5;5;11;0;0;18;8;2;8;15;3;4;6;6;6;3;6;14;6;0;5;2;4;5;6;6;23;-5.239720929892526;0;4;5;6;8;3;4;3;14;4;3;3;1;5;2;8;22;-9.959248167955256;4;2;10;15
TRACK:6;-1;-1;0;3;2;3;4;4;2;4;6;2;24;25;1;3;0;17;10;0;2;19;18;6;16;1;2;2;6;4;3;6;25;2;1;0;6;7;6.1461078513453735;0;19;14;1;5;9;0;8;20;0.7222984981663121;3;3;4;25;4;5;2;3;1;23;-1.4570837241218815;20;-9.651583276528193;2;2;12;25;4;19;1;5;4;4;0;0;18;24;4;9;0;6;6;6;6;18;6;5;1;0;8;13;1;17;7;6.169326534713967;2;0;5;0;4;3;2;1;5;16;4;16;3;5;16;0;2;1;3;4;18;5;2;11;17;2;5;2;20;7.7890826046036175;9;3;2;18;22;2.8808766229698044;4;5;3;2;19;18;4;5;0;1;6;1;3;20;-0.6335657046444112;5;25;1;0;5;23;3.163259438700777;1;23;0.7073457358277224;16;3;0;19;24;5;4;6;1;23;7.816755015522837;8;5;0;3;5;1;6;6;0;19;20;5.621344413334956;1;2;6;25;3;24;6;6;21;-0.555876520364416;4;5;4;3;2;3;15;4;13
TRACK:7;-1;-1;1;0;6;5;6;1;3;5;1;5;23;2.5591797932536586;3;22;3.853745713917691;0;5;4;6;7;-0.34828715719933356;2;6;5;20;-9.270011141976223;4;2;25;25;6;2;0;2;3;6;6;1;7;5.684863340542794;8;5;1;5;3;14;3;2;21;4.201437211809431;7;-1.7887857748425855;2;6;6;1;1;10;10;6;18;6;3;1;0;14;9;5;17;0;5;5;3;1;4;16;0;18;24;1;6;5;1;6;20;-8.42792730878829;1;20;1.1718084615473394;11;2;1;1;4;12;3;15;1;6;19;4;13;2;4;6;9;2;1;7;-5.17924792569498;16;5;20;8.810584028078445;2;4;2;4;4;5;3;5;4;24;3;6;3;6;5;1;25;12;6;0;3;2;6;5;2;4;13;5;21;2.6672762631368947;4;2;2;4;23;2.1755514596757735;3;8;6;2;15;24;0;2;5;3;6;4;22;-8.66200982704482;2;4;0;6;15;3;18;5;0;0;9;17;2;16;12;6;1;4;3;0;16;23;1.0981611263403668;5;6;5;12
TRACK:8;-1;-1;2;3;0;5;4;3;6;1;6;2;25;16;2;6;20;4.179115441509136;6;8;6;5;5;3;2;6;5;7;-0.32541288388226164;1;0;20;7.962940667109667;7;-2.7994825258743568;5;22;0.6304747214635817;5;6;6;4;3;2;0;2;6;19;6;14;4;5;23;3.3218157805061352;0;6;5;21;-0.03045575524072852;0;3;15;6;17
TRACK:9;-1;-1;0;4;3;0;2;2;1;5;3;6;11;1;4;3;21;4.704887348983135;4;4;11;4;5;6;2;19;25;1;2;3;5;2;10;8;5;4;1;22;8.170802868256498;12;3;0;0;2;19;25;6;22;3.6477734228750425;4;5;18;1;5;1;5;3;2;18;11;2;5;3;12;6;2;8;9;5;5;0;0;3;14;1;21;9.724800717420386;7;2.143337071690258;1;5;25;4;25;4;2;6;3;4;1;0;5;2;21;5.943244867209135;11;2;5;10;3;20;7.746537188031795;6;2;2;12;14;3;19;1;5;3;0;4;1;1;8;16;4;25;4;1;3;12;6;19;2;0;6;4;1;1;16;25;0;20;5.194100389112979;18;6;0;4;5;15;3;4;22;-8.755115411284187;4;2;6;4;5;25;0;6;2;20;-7.642911648648047;9;4;0;24;14
EVAL_INSTANCE:0:0:0
EVAL_INSTANCE:0:1:1
EVAL_INSTANCE:0:2:2
EVAL_INSTANCE:0:3:3
EVAL_INSTANCE:0:4:4
EVAL_INSTANCE:0:5:5
EVAL_INSTANCE:0:6:6
EVAL_INSTANCE:0:7:7
EVAL_INSTANCE:0:8:8
EVAL_INSTANCE:0:9:9
RUN_RESULT:0:0:0:2000:----
RUN_RESULT:0:1:0:2000:----
RUN_RESULT:0:2:0:2000:----
RUN_RESULT:0:3:0:877:ULLDDDUUUUUUUL
RUN_RESULT:0:4:0:877:ULLDDDUUUUUUUL
RUN_RESULT:0:5:0:2000:----
RUN_RESULT:0:6:0:2000:----
RUN_RESULT:0:7:0:1512:ULLDDUUURURULULULDDURRRDDDDDLLUUUUUDDDDDURDDULUUUUUUL
RUN_RESULT:0:8:0:276:UUULUULDDLDDRURRULLUUULDDDDRRRLUU
RUN_RESULT:0:9:0:512:UUUULULDDUUUUULLLDDDDDRRRUUUUL
=================================================
n_gen  |  n_eval  |     f_avg     |     f_min    
=================================================
     1 |       10 | -1.594600E+03 | -3.724000E+03
TRACK:10;8;5;2;3;0;4;1;1;6;4;25;6;2;17;12;0;4;1;24;24;0;3;22;-4.099911254813076;4;8;6;5;5;3;2;6;5;7;-0.32541288388226164;1;0;20;7.962940667109667;7;-2.7994825258743568;5;22;0.6304747214635817;5;6;6;4;3;2;0;2;6;19;6;14;4;5;23;3.3218157805061352;0;6;5;21;-0.03045575524072852;0;3;15;6;17
TRACK:11;8;5;0;1;1;3;5;0;5;6;5;0;14;19;4;1;3;2;8;24;3;2;24;25;2;2;5;2;5;6;2;16;17;4;1;5;22;-9.191729065841258;2;24;13;3;3;3;3;5;9;3;3;20;7.962940667109667;2;6;5;5;4;3;5;1;13;20;-5.928012896381574;4;3;4;1;1;6;4;25;6;2;17;12;0;4;1;24;24;0;3;22;-4.099911254813076;4;8;0;0;2;3;4;2;2;3;4;17;1;4;10;4;23;5.708435958532441;0;5;3;12;6;1;23;-7.090024976930083;8;2;2;3;3;1;2;19;14;5;23;-3.290139708151689;5;5;1;6;22;8.056751478517988;4;16;6;5;0;5;5;11;0;0;18;8;2;8;15;3;4;6;6;6;3;6;14;6;0;5;2;4;5;6;6;23;-5.239720929892526;0;4;5;6;8;3;4;3;14;4;3;3;1;5;2;8;22;-9.959248167955256;4;2;10;15
TRACK:12;3;9;1;4;4;5;0;6;0;5;5;5;8;1;16;25;4;6;5;1;1;9;14;0;24;9;3;1;0;1;1;2;1;0;3;22;1.6769379967862168;4;25;3;4;7;1.5854196198210868;4;6;0;22;-3.554222380703756;14;4;3;1;6;20;0.6764625047550155;0;18;14;6;3;3;3;5;24;4;2;4;3;4;3;13;0;3;1;6;14;0;25;8;1;0;2;19;8;5;23;-9.179474948714763;6;1;12;22;-8.643223164094563;4;6;6;0;0;1;4;9;6;25;5;5;15;5;4;4;19
TRACK:13;3;9;0;4;3;0;2;2;1;5;3;6;11;1;4;3;21;4.704887348983135;4;4;11;4;5;6;2;19;25;1;2;3;5;2;10;8;5;4;1;22;8.170802868256498;12;3;0;0;2;19;25;6;22;3.6477734228750425;4;5;18;1;3;22;1.6769379967862168;5;5;0;0;3;14;1;21;9.724800717420386;7;2.143337071690258;1;5;25;4;25;4;2;6;3;4;1;0;5;2;21;5.943244867209135;11;2;5;10;3;20;7.746537188031795;6;2;2;12;14;3;19;1;5;3;0;4;1;1;8;16;4;25;4;1;3;12;6;19;2;0;6;4;1;1;16;25;0;20;5.194100389112979;18;6;0;4;5;15;3;4;22;-8.755115411284187;4;2;6;4;5;25;0;6;2;20;-7.642911648648047;9;4;0;24;14
TRACK:14;4;4;1;4;2;0;0;5;6;5;3;2;13;17;4;3;0;1;1;21;9.541689928218734;8;1;14;16;2;4;13;1;18;17;6;4;0;1;4;6;25;2;3;23;-4.808125839736412;6;7;4.449449529542511;4;2;0;25;25;1;20;-5.084557643160263;24;5;0;4;3;6;2;3;7;-9.42207757752496;5;20;2.911702899804549;2;3;1;4;1;17;21;7.5454979564660505;5;6;16;6;1;3;2;12;25;3;6;15;0;4;2;2;4;4;2;2;4;8;6;9;0;5;17;2;13;19;3;1;1;1;5;7;7.704410608311857;2;24;24;2;3;10;4;17;5;4;3;7;-7.790139534942608;2;4;2;1;4;3;20;-1.4358918824259028;3;3;24;0;3;4;21;-6.413258228465343;6;1;9;11;4;3;0;2;3;7;8.755309392409174;3;21;9.541689928218734;6;2;21;-2.6960423627498358;17;5;0;2;3;4;4;0;5;20;-4.2520782827790065;6;13;5;5;3;0;2;19;16;5;23;-4.402873372890943;3;5;2;3;4;6;9;1;6;3;24;6;1;15;24
TRACK:15;4;4;1;4;2;0;0;5;6;5;3;2;13;17;4;3;0;1;1;21;9.541689928218734;8;1;14;16;2;4;13;1;18;17;6;4;0;1;4;6;25;2;3;23;-4.808125839736412;6;7;4.449449529542511;4;2;0;25;25;1;20;-5.084557643160263;24;5;0;4;3;6;2;3;7;-9.42207757752496;4;21;-6.413258228465343;2;3;1;4;1;17;21;7.5454979564660505;5;6;16;6;1;3;2;12;25;3;6;15;0;4;2;2;4;4;2;2;4;8;6;9;0;5;17;2;13;19;3;1;1;1;5;7;7.704410608311857;2;24;24;2;3;10;4;17;5;4;3;7;-7.790139534942608;2;4;2;1;4;3;20;-1.4358918824259028;3;3;24;0;3;4;21;-6.413258228465343;6;1;9;11;4;3;0;2;3;7;8.755309392409174;3;11;6;2;21;-2.6960423627498358;17;5;0;2;3;4;4;0;5;20;-4.2520782827790065;6;13;5;5;3;0;2;19;16;5;23;-4.402873372890943;3;5;2;3;4;6;9;1;6;3;24;6;1;15;24
TRACK:16;3;8;1;4;4;5;0;6;0;5;5;5;8;4;1;5;7;4.135043447243678;3;15;4;6;5;1;1;9;14;0;24;9;3;1;0;1;1;2;1;0;3;22;1.6769379967862168;4;25;3;4;7;1.5854196198210868;4;6;0;22;-3.554222380703756;14;4;3;1;6;20;0.6764625047550155;0;18;14;6;3;3;3;5;24;4;2;4;3;4;3;13;0;3;1;6;14;0;25;8;1;0;2;19;8;5;23;-9.179474948714763;6;1;12;22;-8.643223164094563;4;6;6;0;0;1;4;9;6;25;5;5;15;5;4;4;19
TRACK:17;3;8;2;3;0;5;4;3;6;1;6;2;25;16;2;6;20;4.179115441509136;6;8;6;5;0;2;19;8;5;23;-9.179474948714763;5;6;6;4;3;2;0;2;6;19;6;14;4;5;23;3.3218157805061352;0;6;5;21;-0.03045575524072852;0;3;15;6;17
TRACK:18;9;7;0;4;3;0;2;2;1;5;3;6;11;1;4;3;21;4.704887348983135;4;4;11;4;5;6;2;19;25;1;9;3;0;0;2;19;25;6;22;3.6477734228750425;4;5;18;1;5;1;5;3;2;18;11;2;5;3;12;6;2;8;9;5;5;0;0;3;14;1;21;9.724800717420386;7;2.143337071690258;1;5;25;4;25;4;2;6;3;4;1;0;5;2;21;5.943244867209135;11;2;5;10;3;20;7.746537188031795;6;2;2;12;14;3;19;1;5;3;0;4;1;1;8;16;4;25;4;1;3;12;6;19;2;0;6;4;1;1;16;25;0;20;5.194100389112979;18;6;0;4;5;15;3;4;22;-8.755115411284187;4;2;6;4;5;25;0;6;2;20;-7.642911648648047;9;4;0;24;14
TRACK:19;9;7;1;0;6;5;6;1;3;5;1;5;23;2.5591797932536586;3;22;3.853745713917691;0;5;4;6;7;-0.34828715719933356;2;6;5;20;-9.270011141976223;4;2;25;25;6;2;0;2;3;6;6;1;7;5.684863340542794;8;5;1;5;3;14;3;2;21;4.201437211809431;7;-1.7887857748425855;2;6;6;1;1;10;10;6;18;6;3;1;0;14;9;5;17;0;5;5;3;1;4;16;0;18;24;1;6;5;1;6;20;-8.42792730878829;1;20;1.1718084615473394;11;2;1;1;4;12;3;15;1;6;19;4;13;2;4;6;9;2;1;7;-5.17924792569498;16;5;20;8.810584028078445;2;4;2;4;4;5;3;5;4;24;3;6;3;6;5;1;25;12;6;0;3;2;6;5;2;4;13;5;21;2.6672762631368947;4;2;2;4;23;2.1755514596757735;3;8;6;2;15;24;0;2;5;3;6;4;22;-8.66200982704482;2;4;0;6;15;3;10;5;0;0;9;17;2;16;12;6;1;4;3;0;16;23;1.0981611263403668;5;6;5;12
TRACK:20;10;-1;2;3;0;4;1;1;6;4;25;6;2;17;12;0;4;1;24;24;0;3;22;-4.085911990463633;4;8;6;5;5;3;2;6;5;7;-0.3166614171571613;1;0;20;8.117892414438966;7;-2.785064872942024;5;22;0.5162203200877158;5;6;6;4;3;2;0;2;6;19;6;14;3;22;9.425551476236286;0;6;5;21;-0.06823144439250003;0;3;15;6;17
TRACK:21;12;-1;1;4;4;5;0;6;0;5;5;5;8;1;16;25;4;6;5;1;1;9;14;0;24;9;3;1;0;1;1;2;1;0;3;22;1.6501020901412322;4;25;3;4;7;1.5609309787230186;4;6;0;22;-3.613241412410951;14;4;3;1;6;20;0.6740084383434856;0;18;14;6;3;3;3;5;24;4;2;4;3;4;3;13;0;3;1;6;14;0;25;8;1;0;2;19;8;5;23;-9.195809029766025;6;1;12;22;-8.745100759436566;4;6;6;0;0;1;4;25;6;25;5;5;15;5;4;4;19
TRACK:22;14;-1;1;4;2;0;0;5;6;5;3;2;13;17;4;3;0;1;1;21;9.463772796862871;8;1;14;16;2;4;13;1;18;17;6;4;0;1;4;6;25;2;3;23;-5.007160176711713;6;7;4.572471781253608;4;2;0;25;25;1;20;-5.065768374048701;24;5;0;4;3;6;2;3;7;-9.334805479911735;5;20;2.824585996592825;2;3;1;4;1;17;21;7.539464276738216;5;6;16;6;1;3;2;12;25;3;6;15;0;4;2;2;4;4;2;2;4;8;6;9;0;5;17;2;13;19;3;1;1;1;5;7;7.637933928681959;2;24;24;2;3;10;4;17;5;4;3;7;-7.647218107374701;2;4;2;1;4;3;20;-1.4087102502379443;3;3;24;0;3;4;21;-6.28724692288164;6;1;9;11;4;3;0;2;3;7;8.673294109952852;6;18;6;2;21;-2.8505746533628846;17;5;0;2;3;4;4;0;5;20;-4.29062202461627;6;13;5;5;3;0;2;19;16;5;23;-4.399252996948078;3;5;2;3;4;6;9;1;6;3;24;6;1;15;24
TRACK:23;16;-1;1;4;4;5;0;6;0;5;5;5;8;4;1;5;7;4.187107332053247;3;15;4;6;5;1;1;9;14;0;24;9;3;1;0;1;1;2;1;0;3;22;1.5443600471564876;4;25;3;4;7;1.6955131688847829;4;6;0;22;-3.6571371348385853;14;4;3;1;6;20;0.6639185728366447;0;18;14;6;3;3;3;5;24;4;2;4;3;4;3;13;0;3;1;5;21;3.5876296667168983;0;25;8;1;0;2;19;8;5;23;-9.161937253911244;6;1;12;22;-8.560838638451282;4;6;6;0;0;1;4;9;6;25;5;5;15;5;4;4;19
TRACK:24;9;-1;0;4;3;0;2;2;1;5;3;6;11;1;4;3;21;4.6050120621340955;4;4;11;4;5;6;2;19;25;1;2;9;18;3;0;0;2;19;25;6;22;3.6206935545223704;4;5;18;1;5;1;5;3;2;18;11;2;5;3;12;6;2;8;9;5;5;0;0;3;14;1;21;9.573383762426749;7;2.1547518164821926;1;5;25;4;25;4;2;6;3;4;1;0;5;2;21;5.991771824022402;11;2;5;10;3;20;7.747998882574841;6;2;2;12;14;3;19;1;5;3;0;4;1;1;8;16;4;25;4;1;3;12;6;19;2;0;6;4;1;1;16;25;0;20;5.179912259411035;18;6;0;4;5;15;3;4;22;-8.856301219780146;4;2;6;4;5;25;0;6;2;20;-7.558929378868412;9;4;0;24;14
TRACK:25;11;-1;0;1;1;3;5;0;5;6;5;0;14;19;4;1;3;2;8;24;3;2;24;25;2;2;5;2;5;6;2;16;17;4;1;5;22;-9.150325632356692;2;24;13;3;3;3;3;5;9;3;3;20;7.942143387473947;2;6;5;5;4;3;5;1;13;20;-5.811557068714882;4;3;4;1;1;6;1;11;10;6;2;17;12;0;4;1;24;24;0;3;22;-4.2775286436543185;4;8;0;0;2;3;4;2;2;3;4;17;1;4;10;4;23;5.711210230167603;0;5;3;12;6;1;23;-7.044913617818773;8;2;2;3;3;1;2;19;14;5;23;-3.152357671028175;5;5;1;6;22;7.914414544735784;4;16;6;5;0;5;5;11;0;0;18;8;2;8;15;3;4;6;6;6;3;6;14;6;0;5;2;4;5;6;6;23;-5.2269447584382345;0;4;5;6;8;3;4;3;14;4;3;3;1;5;2;8;22;-10.0;4;2;10;15
TRACK:26;13;-1;0;4;3;0;2;2;1;5;3;6;11;1;4;3;21;4.752793399428894;4;4;11;4;5;6;2;19;25;1;2;3;5;2;10;8;5;4;1;22;8.17445633184733;12;3;0;0;2;19;25;6;22;3.7391365543765183;4;5;18;1;3;22;1.6001833779714083;5;5;0;0;3;14;1;21;9.708399793883817;7;2.140126605928313;1;5;25;4;25;4;2;6;3;4;1;0;5;2;21;6.008646033836168;11;2;5;10;3;20;7.760832601141361;6;2;2;12;14;3;19;1;5;4;5;18;2;0;6;4;1;1;16;25;0;20;5.294814431054708;18;6;0;4;5;15;3;4;22;-8.79116124322363;4;2;6;4;5;25;0;6;2;20;-7.607752103095842;9;4;0;24;14
TRACK:27;15;-1;1;4;2;0;0;5;6;5;3;2;13;17;4;3;0;1;1;21;9.591213145990949;8;1;14;16;2;4;13;1;18;17;6;4;0;1;4;6;25;2;3;23;-4.7891883430560425;6;7;4.5502926029432675;4;2;0;25;25;1;20;-4.93122982451951;24;5;0;4;3;6;2;3;7;-9.662522144499814;4;21;-6.407903717533327;2;3;1;4;1;17;21;7.62295560169341;5;6;16;6;1;3;2;12;25;3;6;15;0;4;2;2;4;4;2;2;4;8;6;9;0;3;19;2;13;19;3;1;1;1;5;7;7.72179324768499;2;24;24;2;3;10;4;17;5;4;3;7;-7.568176847704737;2;4;2;1;4;3;20;-1.4976966855273868;3;3;24;0;3;4;21;-6.347719864573041;6;1;9;11;4;3;0;2;3;7;8.727415420442199;3;11;6;2;21;-2.5376217335992033;17;5;0;2;3;4;4;0;5;20;-4.3578521557280645;6;13;5;5;3;0;2;19;16;5;23;-4.410158110936316;3;5;2;3;4;6;9;1;6;3;24;6;1;15;24
TRACK:28;17;-1;2;5;11;5;6;6;4;3;2;0;2;6;19;6;14;4;5;23;3.340285806594055;0;6;5;21;0.11922856386751962;0;3;15;6;17
TRACK:29;7;-1;1;0;6;5;6;1;3;5;1;5;23;2.5630873419412743;3;22;3.847069225703623;0;5;4;6;7;-0.24643286865434855;2;6;5;20;-9.250422306379484;4;2;25;25;6;2;0;2;3;6;6;1;7;5.589933067824231;8;5;1;5;3;14;3;2;21;4.172703346827318;7;-1.8201560230630267;2;6;6;1;1;10;10;6;18;6;3;1;0;14;9;5;17;0;5;5;3;1;4;16;0;18;24;1;6;5;1;6;20;-8.352621213431258;1;20;1.2810937253236998;11;2;1;1;4;12;3;15;1;6;19;4;13;2;4;6;9;2;1;7;-5.213617381262667;16;5;20;8.793830485304488;2;4;2;4;4;5;3;5;4;24;3;6;3;6;5;1;25;12;6;0;3;2;6;5;2;4;13;5;21;2.735385375798586;4;2;2;4;23;2.1285913633646167;3;8;6;2;15;24;0;2;5;3;6;4;22;-8.7144797739546;2;4;0;6;15;3;18;5;0;0;9;17;2;16;12;6;1;3;5;12;0;3;24;6;8
EVAL_INSTANCE:1:0:20
EVAL_INSTANCE:1:1:21
EVAL_INSTANCE:1:2:22
EVAL_INSTANCE:1:3:23
EVAL_INSTANCE:1:4:24
EVAL_INSTANCE:1:5:25
EVAL_INSTANCE:1:6:26
EVAL_INSTANCE:1:7:27
EVAL_INSTANCE:1:8:28
EVAL_INSTANCE:1:9:29
RUN_RESULT:1:0:0:83:UUUULULDDLDDRURRDUULLUUUUUR
RUN_RESULT:1:1:0:877:ULLDDDUUUUUUUL
RUN_RESULT:1:2:0:877:ULLDDDUUUUUUUL
RUN_RESULT:1:3:0:877:ULLDDDUUUUUUUL
RUN_RESULT:1:4:0:719:LULDUUURUULULULRDDDLDDRURRDDDUULULLURRRUUUL
RUN_RESULT:1:5:0:2000:----
RUN_RESULT:1:6:0:2000:----
RUN_RESULT:1:7:0:154:ULLDLDDRUUUUUUUL
RUN_RESULT:1:8:0:1113:ULLDDDUULLUUUUULDDDDRRRLUU
RUN_RESULT:1:9:0:1396:ULLDUURULLLURRRDDDLLUUUUUUDDDDDUUUUUL
     2 |       20 | -3.387100E+03 | -3.917000E+03
TRACK:30;20;27;2;3;0;4;1;1;6;4;25;6;2;17;12;0;4;1;24;24;0;3;22;-4.085911990463633;4;8;6;5;5;3;2;6;5;7;-0.3166614171571613;1;0;20;8.117892414438966;7;-2.785064872942024;5;22;0.5162203200877158;5;6;6;4;7;4.5502926029432675
TRACK:31;20;27;1;1;1;6;4;25;6;2;17;12;0;4;1;24;24;0;3;22;-4.085911990463633;4;8;0;4;2;2;4;4;2;2;4;8;6;9;0;3;19;2;13;19;3;1;1;1;5;7;7.72179324768499;2;24;24;2;3;10;4;17;5;4;3;7;-7.568176847704737;2;4;2;1;4;3;20;-1.4976966855273868;3;3;24;0;3;4;21;-6.347719864573041;6;1;9;11;4;3;0;2;3;7;8.727415420442199;3;11;6;2;21;-2.5376217335992033;17;5;0;2;3;4;4;0;5;20;-4.3578521557280645;6;13;5;5;3;0;2;19;16;5;23;-4.410158110936316;3;5;2;3;4;6;9;1;6;3;24;6;1;15;24
TRACK:32;9;8;0;4;3;0;2;2;1;5;3;6;11;1;4;3;21;4.704887348983135;4;4;11;4;5;6;2;19;25;1;2;3;5;2;10;8;5;4;1;22;8.170802868256498;12;3;0;0;2;19;25;6;22;3.6477734228750425;4;5;18;1;5;1;5;3;2;18;11;2;5;3;12;6;2;8;9;5;5;0;0;3;14;1;21;9.724800717420386;7;2.143337071690258;1;5;25;4;25;4;2;6;3;4;1;0;5;2;21;5.943244867209135;11;2;5;10;3;20;7.746537188031795;6;2;2;12;14;3;19;1;5;3;0;4;1;1;8;16;15;4;1;3;12;6;19;2;0;6;4;1;1;16;25;0;20;5.194100389112979;18;6;0;4;5;15;3;4;22;-8.755115411284187;4;2;6;4;5;25;0;6;2;20;-7.642911648648047;9;4;0;24;14
TRACK:33;9;8;2;3;0;5;4;3;6;1;6;2;25;16;2;6;20;4.179115441509136;6;8;6;5;5;3;2;6;5;7;-0.32541288388226164;1;0;20;7.962940667109667;7;-2.7994825258743568;5;22;0.6304747214635817;5;6;9
TRACK:34;24;20;0;4;3;0;2;2;1;5;3;6;11;1;4;3;21;4.6050120621340955;4;4;11;4;5;6;2;19;25;1;2;9;18;3;0;0;2;19;25;6;22;3.6206935545223704;4;5;18;6;19;4;2;6;3;4;1;0;5;2;21;5.991771824022402;11;2;5;10;3;20;7.747998882574841;6;2;2;12;14;3;19;1;5;3;0;4;1;1;8;16;4;25;4;1;3;12;6;19;2;0;6;4;1;1;16;25;0;20;5.179912259411035;18;6;0;4;5;15;3;4;22;-8.856301219780146;4;2;6;4;5;25;0;6;2;20;-7.558929378868412;9;4;0;24;14
TRACK:35;24;20;2;3;0;4;1;1;6;4;25;6;2;17;12;0;4;1;24;24;0;3;22;-4.085911990463633;5;18;6;5;5;3;2;6;5;7;-0.3166614171571613;1;0;20;8.117892414438966;7;-2.785064872942024;5;22;0.5162203200877158;5;6;6;4;3;2;0;2;6;19;6;14;3;22;9.425551476236286;0;6;5;21;-0.06823144439250003;0;3;15;6;17
TRACK:36;27;24;1;4;2;0;0;5;6;5;3;2;13;17;4;3;0;1;1;21;9.591213145990949;8;1;14;16;2;4;13;1;18;17;6;4;0;1;4;6;25;2;3;23;-4.7891883430560425;6;7;4.5502926029432675;4;2;0;25;25;1;20;-4.93122982451951;24;5;0;4;3;6;2;3;7;-9.662522144499814;4;21;-6.407903717533327;2;3;1;4;1;17;21;7.62295560169341;5;6;16;6;1;3;2;12;25;3;6;15;0;4;2;2;4;4;2;2;4;8;6;9;0;3;19;2;13;19;3;1;1;1;5;7;7.72179324768499;2;24;24;2;3;10;4;17;5;4;3;7;-7.568176847704737;2;4;2;1;4;3;20;-1.4976966855273868;3;3;24;0;3;4;21;-6.347719864573041;6;1;9;11;4;3;0;2;3;7;8.727415420442199;3;11;6;2;21;-2.5376217335992033;17;5;0;2;3;4;4;0;5;20;-4.3578521557280645;6;13;5;5;3;0;2;19;16;5;23;-4.410158110936316;3;5;2;3;4;6;25;1;6;3;24;6;1;15;24
TRACK:37;27;24;0;4;3;0;2;2;1;5;3;6;11;1;4;3;21;4.6050120621340955;4;4;11;4;5;6;2;19;25;1;2;9;18;3;0;0;2;19;25;6;22;3.6206935545223704;4;5;18;1;5;1;5;3;2;18;11;2;5;3;12;6;2;8;9;5;5;0;0;3;14;1;21;9.573383762426749;7;2.1547518164821926;1;5;25;4;25;4;2;6;3;4;1;0;5;2;21;5.991771824022402;11;2;5;10;3;20;7.747998882574841;6;2;2;12;14;3;19;1;5;3;0;4;1;1;8;16;4;25;9;2;0;6;4;1;1;16;25;0;20;5.179912259411035;18;6;0;4;5;15;3;4;22;-8.856301219780146;4;2;6;4;5;25;0;6;2;20;-7.558929378868412;9;4;0;24;14
TRACK:38;8;9;2;3;0;5;4;3;6;1;6;2;25;16;2;6;20;4.179115441509136;6;8;6;5;5;3;2;6;5;7;-0.32541288388226164;1;0;20;7.962940667109667;7;-2.7994825258743568;5;22;0.6304747214635817;5;6;6;3;19
TRACK:39;8;9;0;4;3;0;2;2;1;25;1;4;3;21;4.704887348983135;4;4;11;4;5;6;2;19;25;1;2;3;5;2;10;8;5;4;1;22;8.170802868256498;12;3;0;0;2;19;25;6;22;3.6477734228750425;4;5;18;1;5;1;5;3;2;18;11;2;5;3;12;6;2;8;9;5;5;0;0;3;14;1;21;9.724800717420386;7;2.143337071690258;1;5;25;4;25;4;2;6;3;4;1;0;5;2;21;5.943244867209135;11;2;5;10;3;20;7.746537188031795;6;2;2;12;14;3;19;1;5;3;0;4;1;1;8;16;4;25;4;1;3;12;6;19;2;0;6;4;1;1;16;25;0;20;5.194100389112979;18;6;0;4;5;15;3;4;22;-8.755115411284187;4;2;6;4;5;25;0;6;2;20;-7.642911648648047;9;4;0;24;14
TRACK:40;20;-1;2;3;0;4;1;1;6;4;25;6;2;17;12;0;4;1;24;24;0;3;22;-4.002723194546307;4;8;6;5;5;3;1;1;2;14;10;1;16;22;-6.498367267287286;4;1;16;15;5;6;6;4;3;2;0;2;6;19;6;14;3;22;9.326225949914443;0;6;5;21;-0.09983116903962738;0;3;15;6;17
TRACK:41;32;-1;0;4;3;0;2;2;1;2;19;24;1;4;3;21;4.767465387645941;4;4;11;4;5;6;2;19;25;1;2;3;5;2;10;8;5;4;1;22;8.156987701059075;12;3;0;0;2;19;25;6;22;3.5841102046786766;4;5;18;1;5;1;5;3;2;18;11;2;5;3;12;6;2;8;9;5;5;0;0;3;14;1;21;9.705515509057745;7;2.0737374428426745;1;5;25;4;25;4;2;6;3;4;1;0;5;2;21;6.006728767301933;11;2;5;10;3;20;7.812049255721384;6;2;2;12;14;3;19;1;5;3;0;4;1;1;8;16;15;4;1;3;12;6;19;2;0;6;4;1;1;16;25;0;20;5.157550276462476;18;6;0;4;5;15;3;4;22;-8.549614324263262;4;2;6;4;5;25;0;6;2;20;-7.6306171183108455;9;4;0;24;14
TRACK:42;34;-1;0;4;3;0;2;2;1;5;3;6;11;1;4;3;21;4.692345396966353;4;4;11;4;5;6;2;19;25;1;2;9;18;3;0;0;2;19;25;6;22;3.5687855617133764;4;5;18;6;19;4;2;6;3;4;1;0;5;2;21;5.900332721828694;11;2;5;10;3;20;8.077626108365633;6;2;2;12;14;3;19;1;5;3;0;4;1;1;8;16;4;25;4;1;3;12;6;19;2;0;6;4;1;5;7;0.022902740908099517;0;20;5.3438053239828935;18;6;0;4;5;15;3;4;22;-8.865789728684963;4;2;6;4;5;25;0;6;2;20;-7.503192690669827;9;4;0;24;14
TRACK:43;36;-1;1;4;2;0;0;5;6;5;3;2;13;17;4;3;0;1;1;21;9.443998794692734;8;1;14;16;2;4;13;1;18;17;6;4;0;1;4;6;25;2;3;23;-4.924900642355987;6;7;4.562547236055327;4;2;0;25;25;1;20;-4.972220579733021;24;5;0;4;3;6;2;3;7;-9.498485053894148;4;21;-6.400176518674063;2;3;1;4;1;17;21;7.691011087447454;5;6;16;6;1;3;2;12;25;3;6;15;0;4;2;2;4;4;2;2;4;8;6;9;0;3;19;2;13;19;3;1;1;1;5;7;7.810886528320319;2;24;8;2;3;10;4;17;5;4;3;7;-7.561615303451324;2;4;2;1;4;3;20;-1.6650659799719718;3;3;24;0;3;4;21;-6.353411796686816;6;1;9;11;4;3;0;2;3;7;8.688824065165935;3;11;6;2;21;-2.4787206701012825;17;5;0;2;3;4;4;0;5;20;-4.405061403533085;6;13;5;5;3;0;2;19;16;5;23;-4.415885198059672;3;5;2;3;4;6;25;1;6;3;24;6;1;15;24
TRACK:44;38;-1;2;3;0;5;4;3;6;1;6;2;25;16;2;6;20;4.131964780987013;6;8;6;5;5;3;2;6;5;9;1;0;20;7.897813082993652;7;-2.804391312369981;5;22;0.6329398301911694;5;6;6;3;19
TRACK:45;27;-1;1;4;2;0;0;5;6;5;3;2;13;17;4;3;0;1;1;21;9.694885078165735;8;1;14;16;2;4;13;1;18;17;6;4;0;1;4;6;25;2;3;23;-4.56378480457313;6;7;4.45341443628193;4;2;0;25;25;1;20;-4.767542683998968;24;4;3;18;0;4;2;2;4;4;2;2;4;8;6;9;0;3;19;2;13;19;3;1;1;1;5;7;7.860032434215942;2;24;24;2;3;10;4;17;5;4;3;7;-7.534015311219357;2;4;2;1;4;3;20;-1.2926519950392188;3;3;24;0;3;4;21;-6.419236937931505;6;1;9;11;4;3;0;2;3;7;8.636724716041927;3;11;6;2;21;-2.6200342824256686;17;5;0;2;3;4;4;0;5;20;-4.33901787979488;6;13;5;5;3;0;2;19;16;5;23;-4.363071221975525;3;5;2;3;4;6;9;1;6;3;24;6;1;15;24
TRACK:46;33;-1;2;3;0;5;4;3;6;1;6;2;25;16;5;2;11;13;6;5;5;3;2;6;5;7;-0.23603276375694;1;0;20;8.043192659234078;7;-2.5618990598591083;5;22;0.7495557235368352;5;6;9
TRACK:47;35;-1;2;2;0;2;6;0;5;2;5;19;2;8;14;2;2;1;9;8;1;17;18;3;6;23;-1.386047363931981;5;0;3;5;3;17;5;2;5;17;4;15;1;2;3;2;5;0;20;7.1059179219972854;16;0;0;13;24;2;18;20;1.4451385240530712;4;4;2;5;17;6;15;2;2;4;0;6;7;-2.405052203315339;6;22;-5.350990187226385;3;1;0;20;8.51659286985661;11;2;9;23;9.540284568489913;4;2;4;5;10;4;5;22;4.379507593553866;2;2;1;3;4;3;4;24;4;5;3;4;17;4;4;1;1;1;20;9.98401642788362;25;6;16;1;3;20;2.6754765098831967;0;10;21;4.0207279999521095;2;6;4;3;3;2;17;12;2;5;5;3;0;21;7.530130683621422;19;0;2;6;6;18;6;3;11;1;2;6;16;2;23;0.9230322954842602;16;3;3;13;5;6;6;4;3;2;0;2;6;19;6;14;3;22;9.4013961130533;0;6;5;21;-0.10562673846900414;0;3;15;6;17
TRACK:48;37;-1;0;4;3;0;2;2;1;5;15;1;4;3;21;4.673820951984731;4;4;11;4;5;6;2;19;25;1;2;9;18;3;0;0;2;19;25;6;22;3.7196999824024553;4;5;18;1;5;1;5;3;2;18;11;2;5;3;12;6;2;8;9;5;5;0;0;3;14;1;21;9.565803199292558;7;2.020345340679855;1;5;25;4;25;4;2;6;3;4;1;0;5;2;21;6.152612883137426;11;2;5;10;3;20;7.775504125967425;6;2;2;12;14;3;19;1;5;3;0;4;1;1;8;16;4;25;9;2;0;6;4;1;1;16;25;0;20;5.046837002268353;18;6;0;4;5;15;3;4;22;-8.731079625204673;4;2;6;4;5;25;0;6;2;20;-7.612684426509934;9;4;0;24;14
TRACK:49;39;-1;0;4;3;0;2;2;1;25;1;4;3;21;4.784076591268944;4;4;11;4;5;6;2;19;25;1;2;3;5;2;10;8;5;4;1;22;8.076430883601079;12;3;0;0;2;19;25;6;22;3.575148853054598;4;5;18;1;5;1;5;3;2;18;11;2;5;3;12;6;2;8;9;5;5;0;0;3;11;1;21;9.734677689196287;7;2.1375855504500882;1;5;25;4;25;4;2;6;3;4;1;0;5;2;21;5.981532014953352;11;2;5;10;3;20;7.876051894025377;6;2;2;12;14;3;19;1;5;3;0;4;1;1;8;16;4;25;4;1;3;12;6;19;2;0;6;4;1;1;16;25;0;20;5.084522338319596;18;6;0;4;5;15;3;4;22;-8.871306961572099;4;2;6;4;5;25;0;6;2;20;-7.5876558575451325;9;4;0;24;14
EVAL_INSTANCE:2:0:40
EVAL_INSTANCE:2:1:41
EVAL_INSTANCE:2:2:42
EVAL_INSTANCE:2:3:43
EVAL_INSTANCE:2:4:44
EVAL_INSTANCE:2:5:45
EVAL_INSTANCE:2:6:46
EVAL_INSTANCE:2:7:47
EVAL_INSTANCE:2:8:48
EVAL_INSTANCE:2:9:49
RUN_RESULT:2:0:0:89:ULLDDDUUUUUUUL
RUN_RESULT:2:1:0:512:UUUULULDDUUUUULLLDDDDDRRRUUUUL
RUN_RESULT:2:2:0:637:ULLDRDUULLLDRRRDLLDUUUUUUUL
RUN_RESULT:2:3:0:154:ULLDLDDRUUUUUUUL
RUN_RESULT:2:4:0:23:UUULUULDDDDUUUUUUUL
RUN_RESULT:2:5:0:154:ULLDLDDRUUUUUUUL
RUN_RESULT:2:6:0:985:LULDURRDDULULLLDDDURUUUULDDDDDURRU
RUN_RESULT:2:7:0:2000:----
RUN_RESULT:2:8:0:723:LULUDDUUURUUUUDLDDLDDURDULULUURRRUUUL
RUN_RESULT:2:9:0:512:UUUULULDDUUUUULLLDDDDDRRRUUUUL
     3 |       30 | -3.753100E+03 | -3.977000E+03
TRACK:50;40;27;2;3;0;4;1;1;6;4;25;6;2;17;12;0;4;1;24;24;0;3;22;-4.002723194546307;4;8;6;5;5;3;1;1;2;14;10;1;16;22;-6.498367267287286;4;1;16;15;5;6;6;4;3;2;0;2;6;19;6;14;3;22;9.326225949914443;0;6;5;21;-0.09983116903962738;0;19;6;17
TRACK:51;40;27;1;4;2;0;0;5;6;5;3;2;13;17;4;3;0;1;1;21;9.591213145990949;8;1;14;16;2;4;13;1;18;17;6;4;0;1;4;6;25;2;3;23;-4.7891883430560425;6;7;4.5502926029432675;4;2;0;25;25;1;20;-4.93122982451951;24;5;0;4;3;6;2;3;7;-9.662522144499814;4;21;-6.407903717533327;2;3;1;4;1;17;21;7.62295560169341;5;6;16;6;1;3;2;12;25;3;6;15;0;4;2;2;4;4;2;2;4;8;6;9;0;3;19;2;13;19;3;1;1;1;5;7;7.72179324768499;2;24;24;2;3;10;4;17;5;4;3;7;-7.568176847704737;2;4;2;1;4;3;20;-1.4976966855273868;3;3;24;0;3;4;21;-6.347719864573041;6;1;9;11;4;3;0;2;3;7;8.727415420442199;3;11;6;2;21;-2.5376217335992033;17;5;0;2;3;4;4;0;5;20;-4.3578521557280645;6;14;5;5;3;0;2;19;16;5;23;-4.410158110936316;3;5;2;3;4;6;9;1;6;3;24;6;1;15;24
TRACK:52;43;44;1;4;2;0;0;5;6;5;3;2;13;17;4;3;0;1;1;21;9.443998794692734;8;1;14;16;2;4;13;1;18;17;6;4;0;1;4;6;25;2;3;23;-4.924900642355987;6;7;4.562547236055327;4;2;0;25;25;1;20;-4.972220579733021;24;5;0;4;3;6;2;3;7;-9.498485053894148;4;21;-6.400176518674063;2;3;1;4;1;17;21;7.691011087447454;5;6;16;6;1;3;2;12;25;3;6;15;0;4;2;2;4;4;2;2;6;20;4.131964780987013;6;8;0;3;19;2;13;19;3;1;1;1;5;7;7.810886528320319;2;24;8;2;3;10;4;17;5;4;3;7;-7.561615303451324;2;4;2;1;4;3;20;-1.6650659799719718;3;3;24;0;3;4;21;-6.353411796686816;6;1;9;11;4;3;0;2;3;7;8.688824065165935;3;11;6;2;21;-2.4787206701012825;17;5;0;2;3;4;4;0;5;20;-4.405061403533085;6;13;5;5;3;0;2;19;16;5;23;-4.415885198059672;3;5;2;3;4;6;25;1;6;3;24;6;1;15;24
TRACK:53;43;44;2;3;0;5;4;3;6;1;6;2;25;16;2;6;20;4.131964780987013;6;8;6;5;5;3;2;6;5;9;1;0;20;7.897813082993652;7;-2.804391312369981;5;22;0.6329398301911694;5;6;5;3;2;13;17
TRACK:54;20;45;2;3;0;4;1;1;6;4;25;6;2;17;12;0;4;1;24;24;0;3;22;-4.085911990463633;4;8;6;5;5;3;2;6;5;7;-0.3166614171571613;1;0;20;8.117892414438966;7;-2.785064872942024;5;22;0.5162203200877158;5;6;6;4;3;2;0;2;6;19;6;14;3;22;9.425551476236286;0;6;5;21;-0.06823144439250003;0;3;15;6;7;-7.534015311219357
TRACK:55;20;45;1;4;2;0;0;5;6;5;3;2;13;17;4;3;0;1;1;21;9.694885078165735;8;1;14;16;2;4;13;1;18;17;6;4;0;1;4;6;25;2;3;23;-4.56378480457313;6;7;4.45341443628193;4;2;0;25;25;1;20;-4.767542683998968;24;4;3;18;0;4;2;2;4;4;2;2;4;8;6;22;9.425551476236286;0;3;19;2;13;19;3;1;1;1;5;7;7.860032434215942;2;24;24;2;3;10;4;17;5;4;3;7;-7.534015311219357;2;4;2;1;4;3;20;-1.2926519950392188;3;3;24;0;3;4;21;-6.419236937931505;6;1;9;11;4;3;0;2;3;7;8.636724716041927;3;11;6;2;21;-2.6200342824256686;17;5;0;2;3;4;4;0;5;20;-4.33901787979488;6;13;5;5;3;0;2;19;16;5;23;-4.363071221975525;3;5;2;3;4;6;9;1;6;3;24;6;1;15;24
TRACK:56;20;44;2;8;5;6;6;4;3;2;0;2;6;19;6;14;3;22;9.425551476236286;0;6;5;21;-0.06823144439250003;0;3;15;6;17
TRACK:57;20;44;2;3;0;5;4;3;6;1;6;2;25;16;2;6;20;4.131964780987013;6;8;6;5;5;3;2;6;5;9;1;0;20;7.897813082993652;7;-2.804391312369981;5;19;5;6;6;3;19
TRACK:58;43;27;1;4;2;0;0;5;6;5;3;2;13;17;4;3;0;1;1;21;9.443998794692734;8;1;14;16;2;4;13;1;18;17;6;4;0;1;4;6;25;2;3;23;-4.924900642355987;6;7;4.562547236055327;4;2;0;25;25;1;20;-4.972220579733021;24;5;0;4;3;6;2;3;7;-9.498485053894148;4;21;-6.400176518674063;2;3;1;4;1;17;21;7.691011087447454;5;6;16;6;1;3;2;12;25;3;6;15;0;4;2;2;4;4;2;2;4;9;6;9;0;3;19;2;13;19;3;1;1;1;5;7;7.810886528320319;2;24;8;2;3;10;4;17;5;4;3;7;-7.561615303451324;2;4;2;1;4;3;20;-1.6650659799719718;3;3;24;0;3;4;21;-6.353411796686816;6;1;9;11;4;3;0;2;3;7;8.688824065165935;3;11;6;2;21;-2.4787206701012825;17;5;0;2;3;4;4;0;5;20;-4.405061403533085;6;13;5;5;3;0;2;19;16;5;23;-4.415885198059672;3;5;2;3;4;6;25;1;6;3;24;6;1;15;24
TRACK:59;43;27;1;4;2;0;0;5;6;5;3;2;13;17;4;3;0;1;1;21;9.591213145990949;8;1;14;16;2;4;13;1;18;17;6;4;0;1;4;6;25;2;3;23;-4.7891883430560425;6;7;4.5502926029432675;4;2;0;25;25;1;20;-4.93122982451951;24;5;0;4;3;6;2;3;7;-9.662522144499814;4;21;-6.407903717533327;2;3;1;4;1;17;21;7.62295560169341;5;6;16;6;1;3;2;12;25;3;6;15;0;4;2;2;4;4;2;2;4;8;6;9;0;3;19;2;13;19;3;1;1;1;4;13;2;24;24;2;3;10;4;17;5;4;3;7;-7.568176847704737;2;4;2;1;4;3;20;-1.4976966855273868;3;3;24;0;3;4;21;-6.347719864573041;6;1;9;11;4;3;0;2;3;7;8.727415420442199;3;11;6;2;21;-2.5376217335992033;17;5;0;2;3;4;4;0;5;20;-4.3578521557280645;6;13;5;5;3;0;2;19;16;5;23;-4.410158110936316;3;5;2;3;4;6;9;1;6;3;24;6;1;15;24
TRACK:60;50;-1;2;3;0;4;1;1;6;4;25;6;2;17;12;0;4;1;24;24;0;3;22;-4.025920214734134;4;3;19;6;5;5;3;1;1;2;14;10;1;16;22;-6.372479470785931;4;1;16;15;5;6;6;4;3;2;0;2;6;19;6;14;3;22;9.253387306704353;0;6;5;21;0.0319373859743583;0;19;6;17
TRACK:61;52;-1;1;4;2;0;0;5;6;5;3;2;13;17;4;3;0;1;1;21;9.495507680374061;8;1;14;16;2;4;13;1;18;17;6;4;0;1;4;6;25;2;3;23;-5.048590377313157;6;7;4.689884590792549;4;2;0;25;25;1;20;-4.9905446799005775;24;5;0;4;3;6;2;3;7;-9.583558736457315;4;21;-6.490444061372343;2;3;1;4;1;17;21;7.848388432676976;5;6;16;6;1;3;2;12;25;3;6;15;0;4;2;2;4;4;2;2;6;20;4.1129444494205165;6;8;0;3;19;2;13;19;3;1;1;1;5;7;7.717834395578652;2;24;8;2;3;10;4;17;5;4;3;7;-7.490289968411714;2;4;2;1;4;3;20;-1.7450021789232073;3;3;24;0;3;4;21;-6.18349601471604;6;1;9;11;4;3;0;2;3;7;8.82199927936018;3;11;6;2;21;-2.46665714123797;17;5;0;2;3;4;4;0;5;20;-4.46373170031968;6;13;5;5;3;0;2;19;16;5;9;3;5;2;3;4;6;25;1;6;3;24;6;1;15;24
TRACK:62;54;-1;2;3;0;4;1;1;6;4;25;6;2;17;12;0;4;1;24;24;0;3;22;-4.047885203113096;2;1;1;15;10;6;19;5;2;8;13;6;5;5;3;2;6;5;7;-0.2289037562637988;1;0;20;7.995835298804666;7;-2.875980056290058;5;22;0.5256696911142664;5;6;6;4;3;2;0;2;6;19;6;14;3;22;9.274974883512416;0;6;5;21;-0.1627436179179013;0;3;15;6;7;-7.582187672392479
TRACK:63;56;-1;2;8;5;6;6;4;3;2;3;5;11;0;6;5;21;-0.26442348463316045;0;3;15;6;17
TRACK:64;58;-1;1;4;2;0;0;5;6;5;3;2;13;17;4;3;0;1;1;21;9.443179544755651;8;1;14;16;2;4;13;1;18;17;6;4;0;1;4;6;25;2;3;23;-4.882917928856031;6;7;4.77715856963878;4;2;0;25;25;1;20;-4.864253298989197;24;5;0;4;3;6;2;3;7;-9.672472315783226;4;21;-6.425961965653801;2;3;1;4;1;17;21;7.838219411790819;5;6;16;6;1;3;2;12;25;3;6;22;-4.667686664869928;0;4;2;2;4;4;2;2;4;9;6;9;0;3;19;2;13;19;3;1;1;1;5;7;7.786942453615384;2;24;8;2;3;10;4;17;5;4;3;7;-7.421303852921789;2;4;2;1;4;3;20;-1.633308434885841;3;3;24;0;3;4;21;-6.458061120021651;6;1;9;11;4;3;0;2;3;7;8.736835199516804;3;11;6;2;21;-2.4150344448561007;17;5;0;2;3;4;4;0;5;20;-4.353602312618317;6;13;5;5;3;0;2;19;16;5;23;-4.480550545028404;3;5;2;3;4;6;25;1;6;3;24;6;1;15;24
TRACK:65;51;-1;1;4;2;0;0;5;6;5;3;2;13;17;4;3;0;1;1;21;9.59151251980657;19;1;14;16;2;4;13;1;18;17;6;4;0;1;4;6;25;2;3;23;-4.822950799652823;6;7;4.672228276363469;4;2;0;25;25;1;20;-4.949653371044656;24;5;0;4;3;6;2;3;7;-9.73090964117227;4;21;-6.540905165304021;2;3;1;4;1;17;21;7.612878438243131;5;6;16;6;1;3;2;12;25;3;6;15;0;4;2;2;4;4;2;2;4;8;6;9;0;3;19;2;13;19;3;1;1;1;5;7;7.642525600211134;2;24;24;2;3;10;4;17;5;4;3;7;-7.623098470626752;2;4;2;1;4;3;20;-1.4751159205994044;3;3;24;0;3;4;21;-6.516630834644281;6;1;9;11;4;3;0;2;3;7;8.585920089321487;3;11;6;2;21;-2.4970995814241173;17;5;0;2;3;4;4;0;5;20;-4.310101987676963;6;14;5;5;3;0;2;19;16;5;23;-4.379067956297303;3;5;2;3;4;6;9;1;6;3;24;6;1;15;24
TRACK:66;53;-1;2;3;0;5;4;3;6;1;6;2;25;16;2;3;20;-2.6421788879863195;6;8;6;5;5;3;2;6;5;9;1;0;20;7.814073359143697;7;-2.6957931678264497;5;22;0.6012682620432279;5;6;5;3;2;13;17
TRACK:67;55;-1;1;4;2;0;0;5;6;5;3;2;13;17;4;3;0;1;1;21;9.725281647849739;8;1;10;16;2;4;13;1;18;17;6;4;0;1;4;6;25;2;3;23;-4.510506834952562;6;7;4.141336829310381;4;2;0;25;25;1;20;-4.891137833489985;24;4;3;18;0;4;2;2;4;4;2;2;4;8;6;22;9.569163849618278;0;3;19;2;13;19;3;1;1;1;5;7;7.774189431370465;2;24;24;2;3;10;4;17;5;4;3;7;-7.564441411010725;2;4;2;1;4;3;20;-1.2110766757045057;3;3;24;0;3;4;21;-6.3654742716775825;6;1;9;11;4;3;0;2;3;7;8.65377095160963;3;11;6;2;21;-2.6986585131740166;17;5;0;2;3;4;4;0;5;20;-4.368368495421768;6;13;5;5;3;0;2;19;16;5;23;-4.504597187810012;3;5;2;3;4;6;9;1;6;3;24;6;1;15;24
TRACK:68;57;-1;2;3;0;5;4;3;6;1;6;2;25;16;2;6;20;4.023507807182156;6;8;6;5;5;3;2;6;18;6;22;7.066598673530343;5;6;6;3;19
TRACK:69;59;-1;1;4;2;0;0;5;6;5;3;2;13;17;4;3;0;1;1;21;9.67475809004698;8;1;14;16;2;4;13;1;18;17;6;4;0;1;4;6;25;2;3;23;-4.816872919576273;6;7;4.334876834300923;4;2;0;25;25;1;20;-4.920056722505526;24;5;0;4;3;6;2;3;7;-9.744154964572422;4;21;-6.571057352418579;2;3;1;4;1;17;21;7.656440672826731;5;6;16;6;1;3;2;12;25;3;6;15;0;4;2;2;4;4;2;2;4;8;6;9;0;3;19;2;13;19;3;1;1;1;4;13;2;24;24;2;3;10;4;17;5;4;3;7;-7.4524782406748065;2;4;2;1;4;3;20;-1.559323666971027;3;3;24;0;3;4;21;-6.263222862021866;6;1;9;11;4;3;0;2;3;7;8.723835860794102;3;11;6;2;21;-2.551692972850087;17;5;0;2;3;4;4;0;5;20;-4.277537717205708;6;13;2;3;5;1;2;24;15;5;25;3;3;2;0;12;20;4.764069805871625;3;10;3;5;2;3;4;6;9;1;6;3;24;6;1;15;24
EVAL_INSTANCE:3:0:60
EVAL_INSTANCE:3:1:61
EVAL_INSTANCE:3:2:62
EVAL_INSTANCE:3:3:63
EVAL_INSTANCE:3:4:64
EVAL_INSTANCE:3:5:65
EVAL_INSTANCE:3:6:66
EVAL_INSTANCE:3:7:67
EVAL_INSTANCE:3:8:68
EVAL_INSTANCE:3:9:69
RUN_RESULT:3:0:0:1982:LULDDDUUUUUUUL
RUN_RESULT:3:1:0:125:LULDLDDRUUUUUUUL
RUN_RESULT:3:2:0:1023:LULDLLRDRULULLLDDDURUUUULDDDDDURRU
RUN_RESULT:3:3:0:2000:----
RUN_RESULT:3:4:0:154:ULLDLDDRUUUUUUUL
RUN_RESULT:3:5:0:135:UUUULULDDLDDRUUUUUUUL
RUN_RESULT:3:6:0:83:UUUULULDDDDUUUUUUUL
RUN_RESULT:3:7:0:138:LULDLLDDRRUUUUUUUL
RUN_RESULT:3:8:0:32:ULLDDDUUUUUUUL
RUN_RESULT:3:9:0:433:LULDUUUUUUDDDDDUUUUUUL
     4 |       40 | -3.898400E+03 | -3.977000E+03
TRACK:70;44;40;2;3;0;5;4;3;6;1;6;4;25;2;6;20;4.131964780987013;6;8;6;5;5;3;2;6;5;9;1;0;20;7.897813082993652;7;-2.804391312369981;5;22;0.6329398301911694;5;6;6;3;19
TRACK:71;44;40;2;3;0;4;1;1;6;4;20;7.897813082993652;6;2;17;12;0;4;1;24;24;0;3;22;-4.002723194546307;4;8;6;5;5;3;1;1;2;14;10;1;16;22;-6.498367267287286;4;1;16;15;5;6;6;4;3;2;0;2;6;19;6;14;3;22;9.326225949914443;0;6;5;21;-0.09983116903962738;0;3;15;6;17
TRACK:72;66;61;2;3;0;5;4;3;6;1;6;2;25;16;2;3;20;-2.6421788879863195;6;8;6;5;5;3;2;6;5;9;1;0;20;7.814073359143697;7;-2.6957931678264497;5;22;0.6012682620432279;5;6;5;3;2;1;1;5;7;7.717834395578652;2;24;8;2;3;10;4;17;17
TRACK:73;66;61;1;4;2;0;0;5;6;5;3;2;13;17;4;3;0;1;1;21;9.495507680374061;8;1;14;16;2;4;13;1;18;17;6;4;0;1;4;6;25;2;3;23;-5.048590377313157;6;7;4.689884590792549;4;2;0;25;25;1;20;-4.9905446799005775;24;5;0;4;3;6;2;3;7;-9.583558736457315;4;21;-6.490444061372343;2;3;1;4;1;17;21;7.848388432676976;5;6;16;6;1;3;2;12;25;3;6;15;6;8
TRACK:74;65;44;1;4;2;0;0;5;6;5;3;2;13;17;4;3;0;1;1;21;9.59151251980657;19;1;14;16;2;4;13;1;18;17;6;4;0;1;4;6;25;2;3;23;-4.822950799652823;6;7;4.672228276363469;4;2;0;25;25;1;20;-4.949653371044656;24;5;0;4;3;6;2;3;7;-9.73090964117227;4;21;-6.540905165304021;2;3;1;4;1;17;21;7.612878438243131;5;6;16;6;1;3;2;12;25;3;6;15;0;4;2;2;4;4;2;2;4;8;6;9;0;3;19;20;7.897813082993652;3;1;1;1;5;7;7.642525600211134;2;24;24;2;3;10;4;17;5;4;3;7;-7.623098470626752;2;4;2;1;4;3;20;-1.4751159205994044;3;3;24;0;3;4;21;-6.516630834644281;6;1;9;11;4;3;0;2;3;7;8.585920089321487;3;11;6;2;21;-2.4970995814241173;17;5;0;2;3;4;4;0;5;20;-4.310101987676963;6;14;5;5;3;0;2;19;16;5;23;-4.379067956297303;3;5;2;3;4;6;9;1;6;3;24;6;1;15;24
TRACK:75;65;44;2;3;19;5;6;6;3;19
TRACK:76;65;66;1;4;2;0;0;5;6;5;3;2;13;17;4;3;0;1;1;21;9.59151251980657;19;1;14;16;2;4;13;1;18;17;6;4;0;1;4;6;25;2;3;23;-4.822950799652823;6;7;4.672228276363469;4;2;0;25;25;1;20;-4.949653371044656;24;5;0;4;3;6;2;3;7;-9.73090964117227;4;21;-6.540905165304021;2;3;1;4;1;17;21;7.612878438243131;5;6;16;6;1;3;2;12;25;3;0;20;7.814073359143697;7;-2.6957931678264497;0;4;2;2;4;4;2;2;4;8;6;9;0;3;19;2;13;19;3;1;1;1;5;7;7.642525600211134;2;24;24;2;3;10;4;17;5;4;3;7;-7.623098470626752;2;4;2;1;4;3;20;-1.4751159205994044;3;3;24;0;3;4;21;-6.516630834644281;6;1;9;11;4;3;0;2;3;7;8.585920089321487;3;11;6;2;21;-2.4970995814241173;17;5;0;2;3;4;4;0;5;20;-4.310101987676963;6;14;5;5;3;0;2;19;16;5;23;-4.379067956297303;3;5;2;3;4;6;9;1;6;3;24;6;1;15;24
TRACK:77;65;66;2;3;0;5;4;3;25;6;5;5;3;2;6;5;9;1;0;20;7.814073359143697;7;-2.6957931678264497;5;22;0.6012682620432279;5;6;5;3;2;13;17
TRACK:78;20;68;2;3;0;4;1;1;6;4;25;6;2;17;12;0;4;1;24;24;0;3;22;-4.085911990463633;4;8;6;1;6;2;25;16;2;6;20;4.023507807182156;6;8;5;6;6;4;3;2;0;2;6;19;6;14;3;22;9.425551476236286;0;6;5;21;-0.06823144439250003;0;3;15;6;17
TRACK:79;20;68;2;3;0;5;4;3;6;1;6;2;25;16;19;6;5;5;3;2;6;18;6;22;7.066598673530343;5;6;6;3;19
TRACK:80;70;-1;2;3;4;4;1;4;5;6;3;3;23;-8.416253660689827;4;6;4;6;4;10;5;6;6;3;19
TRACK:81;72;-1;2;3;0;5;4;3;6;1;6;2;25;16;2;3;20;-2.5026590934521815;6;8;6;5;5;3;2;6;5;9;1;0;20;7.757834408668437;7;-2.6162753398596807;2;13;11;5;6;5;3;2;1;1;5;7;7.7295705434813025;2;24;8;2;3;10;4;17;17
TRACK:82;74;-1;1;4;2;0;0;5;6;5;3;2;13;17;4;3;0;1;1;21;9.496588552648841;19;1;14;16;2;4;13;1;18;17;6;4;0;1;4;6;25;2;3;23;-4.787030215312008;6;7;4.511247044796841;4;2;0;25;25;1;20;-4.932572033865181;24;5;0;4;3;6;2;3;7;-9.745506233528483;4;21;-6.395896721251896;2;3;1;4;1;17;21;7.822926927006459;5;6;16;6;1;3;2;11;25;3;6;15;0;4;2;2;4;4;2;2;4;8;6;9;0;3;19;20;7.859835225513059;3;1;1;1;5;7;7.687655932958123;2;24;24;2;3;10;4;17;5;4;3;7;-7.7421277248411;2;4;2;1;4;3;20;-1.5594977888094927;3;3;24;0;3;4;21;-6.453062351155356;6;1;9;11;4;3;0;2;3;7;8.632396305060157;3;11;6;2;21;-2.3675892175886992;17;5;0;2;3;4;4;0;5;20;-4.401109707463278;6;14;5;5;3;0;2;19;16;5;23;-4.4144308758678585;3;5;2;3;4;6;9;1;6;3;24;6;1;15;24
TRACK:83;76;-1;1;4;2;0;0;5;6;5;3;2;13;17;4;3;0;1;1;21;9.62068393406882;19;1;14;16;2;4;13;1;18;17;6;4;0;1;4;6;25;2;3;23;-4.846233858163158;6;7;4.615168941831699;4;2;0;25;25;1;20;-5.060576226648613;24;5;0;4;25;2;3;1;4;1;17;21;7.695217560639591;5;6;16;6;1;3;2;12;25;3;0;20;7.7827888752702705;7;-2.6946040861718608;0;4;2;2;4;4;2;2;4;8;6;9;0;3;19;2;13;19;3;1;1;1;5;7;7.765287256183484;2;24;24;2;3;10;4;17;5;4;3;7;-7.617982895773371;2;4;2;1;4;3;20;-1.515368685353527;3;3;24;0;3;4;21;-6.579676499326908;6;1;9;11;4;3;0;2;3;7;8.711904631340056;3;11;6;2;21;-2.541893062236558;17;5;0;2;3;4;4;0;5;20;-4.237924520725123;6;14;5;5;3;0;2;19;16;5;23;-4.385445984581942;3;5;2;3;4;6;9;1;6;3;24;6;1;15;24
TRACK:84;78;-1;2;3;0;4;1;1;6;4;25;6;2;17;12;0;4;1;24;24;0;3;22;-4.025566798302596;4;8;6;1;6;2;25;16;2;6;20;3.989229089867206;6;8;5;6;4;2;2;17;22;-0.11013551916110131;2;15;24
TRACK:85;71;-1;2;3;0;5;3;1;2;19;24;6;11;6;5;5;3;1;1;2;14;10;1;16;22;-6.368732774896164;4;1;16;15;5;6;6;4;3;2;0;2;6;19;6;14;3;22;9.32061140359029;0;6;5;21;-0.05835971072147755;0;3;15;6;17
TRACK:86;73;-1;1;4;2;0;3;2;3;2;5;1;14;19;1;6;14;2;22;5.425952840996729;23;6.725584675921482;0;6;2;4;10;6;25;4;1;0;11;7;1.31774244193862;3;24;6;4;0;1;4;6;25;2;3;23;-5.067632243237417;6;7;4.738058809420588;4;2;0;25;25;1;20;-4.8327508319785055;24;5;0;4;3;6;2;3;7;-9.574070819562401;4;21;-6.537426644280455;2;3;1;4;1;17;21;7.993372575643815;5;6;16;6;1;3;2;12;25;3;6;15;6;8
TRACK:87;75;-1;2;3;19;2;4;1;6;0;1;24;13;2;22;-4.4979802556496296;25;0;4;6;14;0;4;15;2;21;6.9695613736689275;13;2;2;1;3;3;16;4;5;14;0;0;2;25;24;1;21;2.485902226164672;22;-8.533107247620897;5;3;18;1;3;0;2;13;11;5;16;4;5;6;14
TRACK:88;77;-1;2;3;0;5;4;6;0;0;6;19;4;7;-5.719453409885425;6;5;10;6;5;5;3;2;6;5;9;1;0;20;7.720078338328802;7;-2.5624658309374855;5;22;0.6584642608226031;5;6;5;3;2;13;17
TRACK:89;79;-1;2;3;0;5;4;3;6;1;6;2;25;16;19;6;5;4;22;-8.926108117186967;5;6;6;3;19
EVAL_INSTANCE:4:0:80
EVAL_INSTANCE:4:1:81
EVAL_INSTANCE:4:2:82
EVAL_INSTANCE:4:3:83
EVAL_INSTANCE:4:4:84
EVAL_INSTANCE:4:5:85
EVAL_INSTANCE:4:6:86
EVAL_INSTANCE:4:7:87
EVAL_INSTANCE:4:8:88
EVAL_INSTANCE:4:9:89
RUN_RESULT:4:0:0:877:ULLDDDUUUUUUUL
RUN_RESULT:4:1:0:187:UUUULULDDDDUUUUUUUL
RUN_RESULT:4:2:0:151:UUUULULDDLDDRUUUUUUUL
RUN_RESULT:4:3:0:135:UUUULULDDLDDRUUUUUUUL
RUN_RESULT:4:4:0:138:ULLDDDUUUUUUUL
RUN_RESULT:4:5:0:89:ULLDDDUUUUUUUL
RUN_RESULT:4:6:0:877:ULLDDDUUUUUUUL
RUN_RESULT:4:7:0:385:RUUUULLULDDDDUUUUUUDDDLLUULDDDDRRUU
RUN_RESULT:4:8:0:44:LULDLDDRUUUUUUUL
RUN_RESULT:4:9:0:2000:----
     5 |       50 | -3.916200E+03 | -3.977000E+03
TRACK:90;85;88;2;3;0;5;3;1;2;19;24;6;11;6;5;5;3;1;1;2;14;10;1;16;22;-6.368732774896164;4;1;16;15;5;6;6;4;3;2;0;2;6;19;4;7;-5.719453409885425;3;22;9.32061140359029;0;6;5;21;-0.05835971072147755;0;3;15;6;17
TRACK:91;85;88;2;3;0;5;4;6;0;0;6;19;4;7;-5.719453409885425;6;5;10;6;5;5;3;2;6;5;14;1;0;20;7.720078338328802;7;-2.5624658309374855;5;22;0.6584642608226031;5;6;5;3;2;13;17
TRACK:92;66;44;2;3;0;5;4;3;6;1;6;2;25;16;2;3;20;-2.6421788879863195;6;22;0.6329398301911694;6;5;5;3;2;6;5;9;1;0;20;7.814073359143697;7;-2.6957931678264497;5;22;0.6012682620432279;5;6;5;3;2;13;17
TRACK:93;66;44;2;3;0;5;6;5;3;2;13;17;6;5;5;3;2;6;5;9;1;0;20;7.897813082993652;7;-2.804391312369981;5;22;0.6329398301911694;5;6;6;3;19
TRACK:94;68;20;2;3;0;5;4;3;6;1;6;2;22;0.5162203200877158;16;2;6;20;4.023507807182156;6;8;6;5;5;3;2;6;18;6;22;7.066598673530343;5;6;6;3;19
TRACK:95;68;20;2;3;0;4;1;1;6;4;25;6;18;0;4;1;24;24;0;3;22;-4.085911990463633;4;8;6;5;5;3;2;6;5;7;-0.3166614171571613;1;0;20;8.117892414438966;7;-2.785064872942024;5;22;0.5162203200877158;5;6;6;4;3;2;0;2;6;19;6;14;3;22;9.425551476236286;0;6;5;21;-0.06823144439250003;0;3;15;6;17
TRACK:96;66;85;2;3;0;5;4;3;6;1;6;2;25;16;2;3;20;-2.6421788879863195;6;8;6;5;5;3;2;6;5;9;1;0;20;7.814073359143697;7;-2.6957931678264497;3;22;9.32061140359029;5;6;5;3;2;13;17
TRACK:97;66;85;2;3;0;5;3;1;2;19;24;6;11;6;5;5;3;1;1;2;14;10;1;16;22;-6.368732774896164;16;5;6;6;4;3;2;0;2;6;19;6;14;3;22;9.32061140359029;0;6;5;21;-0.05835971072147755;0;3;15;6;17
TRACK:98;44;68;2;3;0;5;4;3;16;6;5;5;3;2;6;5;9;1;0;20;7.897813082993652;7;-2.804391312369981;5;22;0.6329398301911694;5;6;6;3;19
TRACK:99;44;68;2;3;0;5;4;3;6;6;8;6;5;5;3;2;6;18;6;22;7.066598673530343;5;6;6;3;19
TRACK:100;90;-1;2;3;0;5;3;1;2;19;24;6;11;2;6;5;3;8;5;3;4;10;5;6;6;4;3;2;0;2;6;19;4;7;-5.588324170749557;3;22;9.482122013399014;0;6;5;21;-0.28010731867717276;0;3;15;6;17
TRACK:101;92;-1;2;3;0;5;4;3;6;1;6;2;19;16;2;3;20;-2.5950829014691346;6;22;0.6747436572383316;6;5;5;3;2;6;5;9;1;0;20;7.899717202993499;7;-2.739740274086148;5;22;0.6669034190563736;5;6;5;3;2;13;17
TRACK:102;68;-1;2;3;0;5;4;3;6;1;6;2;25;16;2;6;20;3.759645067814213;6;8;6;5;5;3;2;6;18;6;22;7.189165706019398;5;1;1;5;20;-2.494348674533951;1;23;-0.49543080279817353;15;1;6;8;3;18
TRACK:103;96;-1;2;3;0;5;4;3;6;1;6;2;25;16;4;1;16;23;4.03512553826789;6;5;5;3;2;6;5;9;1;0;20;7.915675484255625;7;-2.6099541629861975;3;22;9.194239915385937;5;6;5;3;2;13;17
TRACK:104;98;-1;2;3;1;2;4;0;3;5;11;2;6;21;9.76793780411516;0;19;17;0;5;3;5;22;1.1368378601484963;4;0;4;15;3;22;8.200263565279478;5;4;1;6;4;24;3;6;14;5;6;6;3;19
TRACK:105;91;-1;2;0;3;5;0;1;1;4;15;1;17;16;3;6;15;3;0;6;21;5.11303719103535;2;12;12;4;0;5;2;3;5;9;5;6;14;1;2;6;4;23;9.663975460340232;5;2;18;7;-5.244040711047724;2;2;5;19;6;15;2;0;17;12;2;17;23;-8.95959850473645;5;6;5;3;2;13;17
TRACK:106;93;-1;2;0;4;0;19;10;5;4;25;5;6;6;3;19
TRACK:107;20;-1;2;3;0;4;1;1;6;4;25;6;2;17;12;0;4;1;24;24;0;3;22;-4.110561786054722;4;8;6;5;5;3;2;6;5;7;-0.296608356965297;1;0;20;7.973797160599358;7;-2.885146079744261;5;22;0.22409101656424907;5;6;6;4;3;2;0;2;6;19;6;14;3;22;9.395596654466432;0;6;5;21;-0.05551786951442653;0;3;15;6;24
TRACK:108;97;-1;2;3;0;5;3;1;2;19;24;6;11;6;5;5;3;1;1;2;14;10;1;16;22;-6.396653076898505;16;5;6;6;4;3;2;0;2;6;19;6;14;3;22;9.250413102500392;0;6;5;21;0.038028374471824944;1;6;11;2;12;16
TRACK:109;99;-1;2;3;0;5;4;4;0;20;-8.384054514577695;12;6;5;5;3;2;6;18;6;22;7.194787069836847;5;6;6;3;19
EVAL_INSTANCE:5:0:100
EVAL_INSTANCE:5:1:101
EVAL_INSTANCE:5:2:102
EVAL_INSTANCE:5:3:103
EVAL_INSTANCE:5:4:104
EVAL_INSTANCE:5:5:105
EVAL_INSTANCE:5:6:106
EVAL_INSTANCE:5:7:107
EVAL_INSTANCE:5:8:108
EVAL_INSTANCE:5:9:109
RUN_RESULT:5:0:0:145:ULLDDDUUUUUUUL
RUN_RESULT:5:1:0:82:UUUULULDDLDDRUULULURUULDLRRUU
RUN_RESULT:5:2:0:32:ULLDDDUUUUUUUL
RUN_RESULT:5:3:0:303:ULLDDDUUURURULULULRR
RUN_RESULT:5:4:0:59:ULLDDDUUUUUUUL
RUN_RESULT:5:5:0:2000:----
RUN_RESULT:5:6:0:2000:----
RUN_RESULT:5:7:0:239:UUUULULDDLDDRUULULUULDDDDURRU
RUN_RESULT:5:8:0:1176:LULDDDUUUUUUUL
RUN_RESULT:5:9:0:42:ULLDDDUUUUUUUL
     6 |       60 | -3.943100E+03 | -3.977000E+03
TRACK:110;88;109;2;3;0;5;4;6;0;0;6;19;4;7;-5.719453409885425;6;5;10;6;5;5;3;2;6;5;9;1;0;20;7.720078338328802;7;-2.5624658309374855;5;22;0.6584642608226031;5;6;5;3;5;3;2;6;18;6;22;7.194787069836847
TRACK:111;88;109;2;3;9;5;6;6;3;19
TRACK:112;44;68;2;3;0;5;4;3;6;1;6;2;25;16;2;6;20;4.131964780987013;6;8;6;5;5;3;2;6;18;1;0;20;7.897813082993652;7;-2.804391312369981;5;22;0.6329398301911694;5;6;6;3;19
TRACK:113;44;68;2;3;0;5;4;2;25;16;6;5;5;3;2;6;18;6;22;7.066598673530343;5;6;6;3;19
TRACK:114;104;44;2;3;1;2;4;0;3;5;11;2;6;21;9.76793780411516;0;19;17;0;5;3;5;22;1.1368378601484963;4;0;4;15;3;22;8.200263565279478;5;4;1;6;4;24;1;0;20;7.897813082993652;7;-2.804391312369981;5;22;0.6329398301911694;5;6;6;3;19
TRACK:115;104;44;2;3;0;5;4;3;6;1;6;2;25;19;2;6;20;4.131964780987013;6;8;6;5;5;3;2;6;5;9;1;0;20;7.897813082993652;7;-2.804391312369981;5;22;0.6329398301911694;5;6;6;3;19
TRACK:116;88;68;2;3;0;5;4;6;0;0;6;19;4;7;-5.719453409885425;6;5;10;6;5;5;3;2;6;5;9;1;0;20;7.720078338328802;7;-2.5624658309374855;5;22;0.6584642608226031;5;2;25;16
TRACK:117;88;68;2;3;0;5;4;3;6;1;6;2;25;16;2;6;20;4.023507807182156;6;8;6;5;5;0;6;19;4;7;-5.719453409885425;5;6;6;3;19
TRACK:118;109;102;2;3;0;5;4;4;6;8;6;5;5;3;2;6;18;6;22;7.194787069836847;5;6;6;3;19
TRACK:119;109;102;2;3;0;5;4;3;6;1;6;2;25;16;2;6;20;3.759645067814213;6;8;6;5;5;3;2;6;18;6;22;7.189165706019398;5;1;6;5;5;3;2;6;18;6;22;7.194787069836847;1;6;8;3;18
TRACK:120;110;-1;2;3;0;5;4;6;0;0;6;19;4;7;-5.737476281963063;6;5;10;6;5;5;3;2;6;5;9;1;0;20;7.825140061842062;7;-2.5624939717136144;5;22;0.7451885168366457;5;6;5;3;5;22;-6.61490117578325
TRACK:121;112;-1;2;3;0;5;4;3;6;1;6;2;25;16;2;6;20;4.17362594952594;6;8;6;5;5;3;2;6;18;1;0;20;7.94565024435503;7;-2.8947422604376323;5;19;5;6;6;3;19
TRACK:122;114;-1;2;3;1;2;4;0;3;5;11;2;6;21;9.895529826251494;1;2;0;11;25;3;8;0;0;20;0.38146418638238444;24;5;7;0.4842059934010905;0;5;3;5;22;1.1322553906111812;4;0;4;15;3;22;8.216429131457161;5;4;1;6;4;24;1;0;20;7.86797440054989;7;-2.768805328341716;5;22;0.6904505141335489;5;6;6;3;19
TRACK:123;116;-1;5;3;0;5;1;1;23;6.699979068034871;25;0;11;16;5;5;5;19
TRACK:124;118;-1;2;3;0;5;4;4;6;8;6;5;5;3;2;6;3;25;6;0;10;18;5;6;6;3;19
TRACK:125;111;-1;2;3;5;5;4;3;6;4;0;2;8;25;6;15;5;6;6;3;19
TRACK:126;113;-1;2;3;0;5;4;2;5;0;21;1.2668694471222341;22;-7.113179389897796;16;6;5;5;3;2;6;18;6;22;6.998152710858919;5;6;6;3;19
TRACK:127;115;-1;2;3;0;5;4;3;6;1;6;2;25;19;2;6;20;4.058436198509342;3;9;6;5;5;3;2;6;5;9;1;0;20;7.833784567757944;7;-2.8601570100787423;5;22;0.526473181864046;5;6;6;3;19
TRACK:128;117;-1;2;3;0;5;4;3;6;1;6;2;25;16;2;6;20;3.915141010529408;6;8;6;5;5;0;6;19;4;7;-5.611188254668609;5;6;6;3;3;22;6.485558439672346
TRACK:129;119;-1;2;3;0;5;4;3;6;1;6;2;25;16;2;6;20;3.727315108142175;6;8;6;5;5;3;2;3;0;23;0.10017368747351973;9;5;5;9;5;1;6;5;5;3;2;6;18;6;22;7.07620093524133;1;6;8;3;18
EVAL_INSTANCE:6:0:120
EVAL_INSTANCE:6:1:121
EVAL_INSTANCE:6:2:122
EVAL_INSTANCE:6:3:123
EVAL_INSTANCE:6:4:124
EVAL_INSTANCE:6:5:125
EVAL_INSTANCE:6:6:126
EVAL_INSTANCE:6:7:127
EVAL_INSTANCE:6:8:128
EVAL_INSTANCE:6:9:129
RUN_RESULT:6:0:0:50:LULDLDDRUUUUUUUL
RUN_RESULT:6:1:0:279:LULDLDDRUUUUUUUL
RUN_RESULT:6:2:0:877:ULLDDDUUUUUUUL
RUN_RESULT:6:3:0:877:ULLDDDUUUUUUUL
RUN_RESULT:6:4:0:2000:----
RUN_RESULT:6:5:0:877:ULLDDDUUUUUUUL
RUN_RESULT:6:6:0:2000:----
RUN_RESULT:6:7:0:33:UUULUULDDDDUUUUUUUL
RUN_RESULT:6:8:0:40:ULLDDDUUUUUUUL
RUN_RESULT:6:9:0:152:ULLDDDUUUUUUUL
     7 |       70 | -3.956300E+03 | -3.977000E+03
TRACK:130;104;44;2;3;1;2;4;0;3;5;11;2;6;21;9.76793780411516;0;19;17;0;5;3;5;22;1.1368378601484963;4;0;4;15;3;1;0;20;7.897813082993652;7;-2.804391312369981;5;22;0.6329398301911694;5;4;1;6;4;24;3;6;14;5;6;6;3;19
TRACK:131;104;44;2;5;4;1;6;4;24;3;6;14;5;6;6;3;19
TRACK:132;128;102;2;3;0;5;4;3;6;1;6;2;25;16;2;6;20;3.915141010529408;6;8;6;5;5;0;6;19;4;7;-5.611188254668609;5;6;6;3;3;22;6.485558439672346
TRACK:133;128;102;2;3;0;5;4;3;6;1;6;2;25;16;2;6;20;3.759645067814213;6;8;6;5;5;3;0;6;19;4;7;-5.611188254668609;5;1;1;5;20;-2.494348674533951;1;23;-0.49543080279817353;15;1;6;8;3;18
TRACK:134;68;120;2;3;0;5;4;3;6;1;6;2;25;16;2;6;20;4.023507807182156;6;8;6;5;5;5;9;5;6;6;3;19
TRACK:135;68;120;2;3;0;5;4;6;1;6;2;25;16;2;6;20;4.023507807182156;6;8;6;5;5;3;2;6;5;9;1;0;20;7.825140061842062;7;-2.5624939717136144;5;22;0.7451885168366457;5;6;5;3;5;22;-6.61490117578325
TRACK:136;44;127;2;3;0;5;4;3;6;1;6;2;25;16;2;6;20;4.131964780987013;6;8;6;5;5;3;2;20;4.058436198509342;1;0;20;7.897813082993652;7;-2.804391312369981;5;22;0.6329398301911694;5;6;6;3;19
TRACK:137;44;127;2;3;0;5;4;3;6;25;6;5;5;3;2;6;5;9;1;0;20;7.833784567757944;7;-2.8601570100787423;5;22;0.526473181864046;5;6;6;3;19
TRACK:138;102;68;2;3;0;5;4;3;6;1;6;2;25;16;2;6;20;3.759645067814213;6;8;6;5;5;3;2;6;18;6;22;7.189165706019398;5;1;1;5;20;-2.494348674533951;1;23;-0.49543080279817353;15;1;6;8;5;6;6;3;19
TRACK:139;102;68;2;3;0;5;4;3;6;8;6;5;5;3;2;6;18;6;22;7.066598673530343;5;6;6;3;19
TRACK:140;130;-1;2;3;1;2;4;0;3;5;11;2;6;21;9.852239554778537;0;19;6;15;0;5;3;5;22;1.3380755221881868;4;0;4;15;3;1;0;20;7.933280726524158;7;-2.664108765945782;5;22;0.5953134357781031;5;4;1;6;4;24;3;6;14;5;6;6;3;19
TRACK:141;132;-1;2;3;0;5;4;3;6;1;6;2;25;16;2;6;20;3.830194074438786;6;8;6;5;5;0;6;19;4;7;-5.624467700720962;5;6;6;3;0;9;16
TRACK:142;134;-1;2;3;0;5;4;3;6;1;6;2;25;16;2;6;8;6;8;6;5;5;5;9;5;6;6;3;19
TRACK:143;136;-1;2;3;0;5;4;3;6;1;6;2;25;16;2;6;20;4.113073304225566;6;8;6;5;5;3;2;20;4.007655685474858;1;0;20;7.805628664420666;7;-2.9150003643069007;5;22;0.5455874501714061;5;6;0;3;2;10;11;2;1;15;10;6;11
TRACK:144;138;-1;2;3;0;5;4;3;6;1;6;2;25;16;2;6;20;3.97370602611976;6;8;6;5;5;3;2;6;2;16;18;6;22;7.17893574309856;5;1;1;5;20;-2.533162538936132;1;23;-0.5915217628405347;15;1;6;8;5;6;6;3;19
TRACK:145;131;-1;2;5;4;1;6;2;3;2;5;5;11;1;1;8;20;5.531126026633595;1;12;20;5.592264207347014;6;1;5;5;19;0;2;8;13;2;23;-7.278085817019811;20;-4.771017084657556;3;6;14;5;6;6;3;19
TRACK:146;133;-1;2;3;0;5;4;1;0;0;5;10;4;14;6;0;25;12;0;6;1;14;17;6;4;18;6;5;5;3;0;6;19;4;7;-5.62133184796385;5;1;1;5;20;-2.600097613854473;1;23;-0.3811021700667425;15;1;6;8;3;18
TRACK:147;135;-1;2;3;0;5;0;2;3;15;3;17;4;5;13;6;5;5;3;2;6;5;9;1;0;20;7.901909533028682;7;-2.6535149041412622;5;22;0.6168875892636618;5;6;5;3;5;22;-6.531514562762946
TRACK:148;137;-1;2;3;0;5;4;3;6;25;6;5;5;3;2;1;0;15;19;0;12;14;1;0;20;7.7568714762966495;7;-2.9621345887796813;5;22;0.5040763210332719;5;6;6;3;19
TRACK:149;139;-1;0;3;3;0;1;6;0;5;1;21;3.5939623707948893;10;3;4;12;0;1;3;0;13;7;-1.00459300266232;2;2;8;16;0;15;19;3;2;3;7;3.204383489790013;4;22;-8.052172493525767;3;1;4;2;4;19;1;17;24;2;5;0;16;7;6.213795826719753;2;6;9;1;8;12;1;4;6;6;0;2;2;5;12;5;19;3;6;18;5;4;2;7;-3.957223949114912;25;4;3;1;2;1;4;0;24;21;3.1565873715287562;2;4;7;-6.347326539978524;6;7;3.9335857290606384;0;4;6;17;2;4;20;0.6638213336475314;3;24;4;4;0;6;17;6;21;1.725215810637808
EVAL_INSTANCE:7:0:140
EVAL_INSTANCE:7:1:141
EVAL_INSTANCE:7:2:142
EVAL_INSTANCE:7:3:143
EVAL_INSTANCE:7:4:144
EVAL_INSTANCE:7:5:145
EVAL_INSTANCE:7:6:146
EVAL_INSTANCE:7:7:147
EVAL_INSTANCE:7:8:148
EVAL_INSTANCE:7:9:149
RUN_RESULT:7:0:0:59:ULLDDDUUUUUUUL
RUN_RESULT:7:1:0:230:ULLDDDUUUUUUUL
RUN_RESULT:7:2:0:985:ULLDDDUUUUUUUL
RUN_RESULT:7:3:0:2000:----
RUN_RESULT:7:4:0:56:LULUDDDDUUUUUUUL
RUN_RESULT:7:5:0:877:ULLDDDUUUUUUUL
RUN_RESULT:7:6:0:877:ULLDDDUUUUUUUL
RUN_RESULT:7:7:0:54:UUUULULDDLDDRUUUUUUUL
RUN_RESULT:7:8:0:1473:UUUULULDDUULLUUULDDDDDURRU
RUN_RESULT:7:9:0:2000:----
     8 |       80 | -3.959400E+03 | -3.977000E+03
TRACK:150;109;147;2;3;0;5;4;4;0;20;-8.384054514577695;12;6;5;22;0.6168875892636618;5;6;6;3;19
TRACK:151;109;147;2;3;0;5;0;2;3;15;3;17;4;5;13;6;5;5;3;2;6;5;9;1;0;20;7.901909533028682;7;-2.6535149041412622;5;22;0.6168875892636618;4;0;20;-8.384054514577695;12
TRACK:152;44;68;2;3;0;5;4;3;6;1;6;2;25;16;2;6;8;6;8;6;5;5;3;2;6;5;9;1;0;20;7.897813082993652;7;-2.804391312369981;5;22;0.6329398301911694;5;6;6;3;19
TRACK:153;44;68;2;3;0;5;4;3;6;1;6;2;25;16;2;6;20;4.023507807182156;6;8;6;5;5;3;2;6;18;6;22;7.066598673530343;5;6;1;0;20;7.897813082993652;7;-2.804391312369981;5;22;0.6329398301911694
TRACK:154;128;88;2;3;0;5;4;3;6;1;6;2;25;16;2;6;7;-2.5624658309374855;6;8;6;5;5;0;6;19;4;7;-5.611188254668609;5;6;6;3;3;22;6.485558439672346
TRACK:155;128;88;2;3;0;5;4;6;0;0;6;19;4;7;-5.719453409885425;6;5;10;6;5;5;3;2;6;5;9;1;0;20;7.720078338328802;7;-2.5624658309374855;5;22;0.6584642608226031;3;3;22;6.485558439672346
TRACK:156;127;44;2;3;0;5;3;2;6;5;9;1;0;20;7.897813082993652;7;-2.804391312369981;5;22;0.6329398301911694;6;5;5;3;2;6;5;9;1;0;20;7.833784567757944;7;-2.8601570100787423;5;22;0.526473181864046;5;6;6;3;19
TRACK:157;127;44;2;3;0;5;4;3;6;1;6;2;25;16;2;6;20;4.131964780987013;9;6;5;5;3;2;6;5;9;1;0;20;7.897813082993652;7;-2.804391312369981;5;22;0.6329398301911694;5;6;6;3;19
TRACK:158;102;128;2;3;0;5;4;3;6;1;6;2;25;16;2;6;20;3.759645067814213;6;8;6;5;5;3;2;6;18;6;22;7.189165706019398;5;1;1;5;20;-2.494348674533951;1;23;-0.49543080279817353;15;1;6;25;3;18
TRACK:159;102;128;2;3;0;5;4;3;6;1;6;2;25;16;2;6;20;3.915141010529408;6;8;20;3.759645067814213;5;6;6;3;3;22;6.485558439672346
TRACK:160;150;-1;2;3;0;5;4;4;0;0;18;13;12;6;5;22;0.49286120954470436;5;6;6;3;19
TRACK:161;152;-1;2;3;0;5;4;3;6;1;6;2;25;16;2;6;8;6;8;6;5;5;3;2;6;3;14;1;0;20;7.8509793983506055;7;-2.7723640110031744;5;22;0.46817626453037015;5;6;6;3;19
TRACK:162;154;-1;2;3;0;5;4;3;6;1;5;15;2;6;7;-2.5120173591083548;6;8;6;5;5;0;6;19;4;7;-5.633812103290398;5;6;6;3;3;22;6.332511902023676
TRACK:163;156;-1;2;3;0;5;3;2;6;5;9;1;0;20;7.917775968650119;7;-2.775965580189218;5;22;0.3679294363287948;6;5;5;3;2;2;24;20;-0.8023156076946663;1;0;20;7.793257101195496;7;-2.776435346066409;5;22;0.5894166822298492;5;6;6;3;19
TRACK:164;158;-1;2;3;0;5;4;3;6;1;6;2;25;16;2;6;20;3.6746575127813763;6;8;0;1;2;4;24;6;21;-1.7659349937542537;2;5;21;-3.484219393872796;2;16;18;1;5;1;10;15;1;4;10;2;7;5.323183613608364;17;5;1;1;5;20;-2.4734859408208636;1;23;-0.4206807532128927;15;1;6;25;3;18
TRACK:165;151;-1;2;3;0;5;0;2;3;15;3;17;4;5;13;6;5;5;3;2;6;5;9;1;0;9;11;5;22;0.4506440676961;4;0;20;-8.46493940524415;12
TRACK:166;153;-1;2;3;0;5;4;3;6;1;6;2;25;19;2;6;20;4.123393049498553;6;8;6;5;5;3;2;6;18;6;22;7.045833026345285;5;6;1;0;20;7.847023095618845;7;-2.8659281609950584;5;22;0.5615836360286777
TRACK:167;155;-1;5;6;0;2;5;1;2;3;0;0;25;20;-4.2117524092877705;5;18;1;0;2;12;23;2.944800015787825;6;16;3;2;16;21;7.810192076252925;5;4;2;6;14;1;11;9;2;4;3;4;5;6;25;2;4;4;0;6;7;9.301901180982895;6;13;2;5;0;6;13;2;22;-6.710433973753638;7;5.351464668108052;2;3;6;7;9.148820428058432;4;4;23;-9.62813163549894;3;1;2;4;2;2;4;22;-4.268715402465735;3;14;5;6;12;0;0;1;0;15;10;5;17;5;2;7;-5.370346158443731;7;-4.805407309245502;6;5;2;21;-7.483626586168837;9;0;5;0;5;1;23;-2.154890433459496;21;-0.9181339046401504;6;4;23;-7.606662742782293;0;1;5;3;13;1;3;9;6;22;4.918716355051016;5;6;3;17
TRACK:168;157;-1;2;3;0;5;4;3;6;1;6;2;25;16;2;6;20;4.151877851576;9;6;5;5;3;2;6;5;9;1;0;7;-9.285142599391733;7;-2.6687335668631746;5;22;0.7111532709541413;5;6;6;3;19
TRACK:169;159;-1;2;3;0;6;3;2;5;3;17;0;2;9;24;1;14;7;-3.541292437497918;20;3.6864628275699984;5;6;6;3;3;22;6.4635055145350275
EVAL_INSTANCE:8:0:160
EVAL_INSTANCE:8:1:161
EVAL_INSTANCE:8:2:162
EVAL_INSTANCE:8:3:163
EVAL_INSTANCE:8:4:164
EVAL_INSTANCE:8:5:165
EVAL_INSTANCE:8:6:166
EVAL_INSTANCE:8:7:167
EVAL_INSTANCE:8:8:168
EVAL_INSTANCE:8:9:169
RUN_RESULT:8:0:0:2000:----
RUN_RESULT:8:1:0:1056:LULDUULLLDDDDURUUUULDDDDDURRU
RUN_RESULT:8:2:0:243:RUUUULLULDDDDUUUUUUUL
RUN_RESULT:8:3:0:625:ULLUDDUUUUUUUDLDDDLLDURUUURU
RUN_RESULT:8:4:0:473:ULLDLDDRURUUUUUURL
RUN_RESULT:8:5:0:2000:----
RUN_RESULT:8:6:0:182:RUUUULLULDDLDDRUUUUUUUL
RUN_RESULT:8:7:0:234:LULDDLLRRUULLLDDDRURRUULLUUR
RUN_RESULT:8:8:0:260:LULUDDUUUUUUDDDDDUUUUUUL
RUN_RESULT:8:9:0:61:LULUDDDDUUUUUUUL
     9 |       90 | -3.959400E+03 | -3.977000E+03
TRACK:170;120;127;2;3;0;20;7.833784567757944;6;5;5;3;2;6;5;9;1;0;20;7.825140061842062;7;-2.5624939717136144;5;22;0.7451885168366457;5;6;5;3;5;22;-6.61490117578325
TRACK:171;120;127;2;3;0;5;4;3;6;1;6;2;25;19;2;6;10;3;9;6;5;5;3;2;6;5;9;1;0;20;7.833784567757944;7;-2.8601570100787423;5;22;0.526473181864046;5;6;6;3;19
TRACK:172;68;128;2;3;0;5;4;3;6;1;6;2;25;16;2;6;20;4.023507807182156;6;8;6;5;5;3;2;6;22;6.485558439672346;6;22;7.066598673530343;5;6;6;3;19
TRACK:173;68;128;2;3;0;5;4;3;6;1;6;2;25;16;2;6;20;3.915141010529408;6;8;6;5;5;0;6;19;4;7;-5.611188254668609;5;6;6;3;3;22;6.485558439672346
TRACK:174;44;102;2;3;0;5;4;3;6;1;6;2;25;16;2;6;20;4.131964780987013;6;8;6;5;5;3;2;6;18;1;0;20;7.897813082993652;7;-2.804391312369981;5;22;0.6329398301911694;5;6;6;3;19
TRACK:175;44;102;2;3;0;5;4;3;6;1;6;2;25;16;2;6;20;3.759645067814213;6;8;6;5;5;3;2;6;18;6;22;7.189165706019398;5;2;6;5;9;1;0;20;7.897813082993652;7;-2.804391312369981;5;22;0.6329398301911694
TRACK:176;68;109;2;3;0;5;4;3;6;1;6;2;18;16;2;6;20;4.023507807182156;6;8;6;5;5;3;2;6;18;6;22;7.066598673530343;5;6;6;3;19
TRACK:177;68;109;2;3;0;5;4;4;0;20;-8.384054514577695;12;6;5;5;3;2;6;6;8;6;22;7.194787069836847;5;6;6;3;19
TRACK:178;44;127;2;3;0;5;4;3;6;1;6;2;20;7.833784567757944;16;2;6;20;4.131964780987013;6;8;6;5;5;3;2;6;5;9;1;0;20;7.897813082993652;7;-2.804391312369981;5;22;0.6329398301911694;5;6;6;3;19
TRACK:179;44;127;2;3;0;5;4;3;6;1;6;2;25;19;2;6;20;4.058436198509342;3;9;6;5;5;3;2;6;5;9;1;0;20;7.833784567757944;7;-2.8601570100787423;5;22;0.526473181864046;5;6;2;6;20;4.131964780987013;6;8
TRACK:180;170;-1;2;3;0;20;7.639019155226453;6;5;5;3;2;3;23;-8.465403146359558;1;0;20;7.912347707405219;7;-2.4856180624742352;5;22;0.7173364700448935;5;6;5;3;5;22;-6.505483399715378
TRACK:181;172;-1;2;3;0;5;4;3;6;1;6;2;25;16;2;6;20;3.9915772271449264;6;8;6;5;5;3;2;6;22;6.446965605490935;6;10;5;6;6;3;19
TRACK:182;174;-1;2;3;0;5;4;3;6;1;6;2;25;16;2;6;20;4.1657726074520625;6;8;6;5;5;3;2;6;18;1;0;20;7.894089841396;7;-2.895083916016871;5;14;5;6;6;3;19
TRACK:183;176;-1;2;3;0;5;4;3;6;1;6;2;18;16;2;6;20;4.239027575043459;6;8;6;5;5;3;2;6;2;17;18;6;22;7.022391317041548;5;6;6;3;19
TRACK:184;178;-1;2;3;0;5;4;3;6;1;6;2;20;7.9065774150862485;16;2;6;20;4.2018960092173065;6;8;6;5;5;2;2;0;12;24;2;16;11;1;5;20;1.1018690738811898;6;19;5;6;6;3;19
TRACK:185;171;-1;2;3;0;5;4;3;6;1;6;6;16;2;6;10;3;9;6;5;5;3;2;6;5;9;1;0;20;8.104730929832593;7;-2.869158514099039;5;22;0.6359126266426951;5;6;6;3;19
TRACK:186;173;-1;2;3;0;5;4;3;6;1;6;2;25;16;2;6;20;3.870730282076375;6;8;6;5;5;0;6;19;4;7;-5.775235542929497;2;6;20;0.6027580473424159;2;12;17
TRACK:187;175;-1;2;3;0;5;4;3;6;1;6;2;25;16;2;6;20;3.8560746655677787;6;8;6;5;5;3;2;6;3;23;1.4859489354121642;6;22;7.084505712226154;5;2;6;5;9;1;0;20;7.926925430896433;7;-2.7648323630236846;5;22;0.7794795327052078
TRACK:188;177;-1;2;3;0;5;4;4;0;20;-8.304276662069427;12;6;5;5;0;3;2;1;9;9;2;13;15;5;5;5;22;-1.5906804572629607;5;6;6;3;19
TRACK:189;179;-1;2;3;0;5;1;2;0;2;4;10;6;9;5;4;21;3.024191192789189;4;6;1;15;12;5;2;6;3;10;0;0;16;24;0;9;25;6;5;5;3;2;6;5;9;1;0;20;7.9252366727641785;7;-2.9841889089875693;5;22;0.3956815427471715;5;6;2;6;20;4.062104397632244;6;8
EVAL_INSTANCE:9:0:180
EVAL_INSTANCE:9:1:181
EVAL_INSTANCE:9:2:182
EVAL_INSTANCE:9:3:183
EVAL_INSTANCE:9:4:184
EVAL_INSTANCE:9:5:185
EVAL_INSTANCE:9:6:186
EVAL_INSTANCE:9:7:187
EVAL_INSTANCE:9:8:188
EVAL_INSTANCE:9:9:189
RUN_RESULT:9:0:0:2000:----
RUN_RESULT:9:1:0:473:ULLDDDURDUURULLLURUUUR
RUN_RESULT:9:2:0:147:ULLDDDUUUUUUUL
RUN_RESULT:9:3:0:32:ULLDDDUUUUUUUL
RUN_RESULT:9:4:0:80:UUUULULDDLDDRUUUUUUUL
RUN_RESULT:9:5:0:27:UUULUULDDLDDRUUUUUUUL
RUN_RESULT:9:6:0:817:ULLDUUUUUUURDLDDDDUUUUU
RUN_RESULT:9:7:0:110:ULLUDDDDUUUUUUUL
RUN_RESULT:9:8:0:193:UUUULULDDUUUUUUUDDDDDUUUUUL
RUN_RESULT:9:9:0:290:UUULUULDDLDDRUUUULLULDDDDDRRUU
    10 |      100 | -3.964500E+03 | -3.977000E+03
TRACK:190;102;44;2;3;0;5;4;3;6;1;6;2;25;16;2;6;20;3.759645067814213;6;8;25;5;1;1;5;20;-2.494348674533951;1;23;-0.49543080279817353;15;1;6;8;3;18
TRACK:191;102;44;2;3;0;5;4;3;6;1;6;2;25;16;2;6;20;3.759645067814213;6;8;6;5;5;3;2;6;18;6;22;7.189165706019398;5;6;6;3;19
TRACK:192;185;183;2;3;0;5;4;3;6;1;6;6;16;2;6;10;3;9;6;5;5;3;2;6;5;19;1;0;20;8.104730929832593;7;-2.869158514099039;5;22;0.6359126266426951;5;6;6;3;19
TRACK:193;185;183;2;3;0;5;4;3;6;1;6;2;18;16;2;6;22;0.6359126266426951;6;8;6;5;5;3;2;6;2;17;18;6;22;7.022391317041548;5;6;6;3;19
TRACK:194;127;44;2;3;0;5;4;3;6;1;6;2;25;19;2;6;20;4.058436198509342;3;9;6;5;5;3;2;6;5;9;1;0;20;7.833784567757944;7;-2.8601570100787423;5;22;0.526473181864046;0;5;4;3;6;1;6;2;25;16;2;6;20;4.131964780987013;6;8;6;5;5;3;2;6;5;9;1;0;20;7.897813082993652;7;-2.804391312369981;5;22;0.6329398301911694
TRACK:195;127;44;2;3;0;5;4;3;6;1;6;2;25;16;6;5;9;6;5;5;3;2;6;5;9;1;0;20;7.897813082993652;7;-2.804391312369981;5;22;0.6329398301911694;5;6;6;3;19
TRACK:196;102;109;2;3;0;5;4;3;6;1;6;2;25;16;2;6;20;3.759645067814213;6;8;6;5;5;3;2;6;18;6;22;7.189165706019398;6;5;5;3;2;6;18;6;22;7.194787069836847
TRACK:197;102;109;2;3;23;-0.49543080279817353;5;6;6;3;19
TRACK:198;185;183;2;3;0;5;4;3;6;1;6;6;16;2;6;10;2;17;18;6;5;5;3;2;6;5;9;1;0;20;8.104730929832593;7;-2.869158514099039;5;22;0.6359126266426951;5;6;6;3;19
TRACK:199;185;183;2;3;0;5;4;3;6;1;6;2;18;16;2;6;20;4.239027575043459;6;8;6;9;5;6;6;3;19
TRACK:200;102;-1;2;3;0;5;4;3;6;1;3;5;18;2;6;20;3.7629363573273085;6;8;6;5;5;3;2;6;18;6;22;7.195668542565299;5;1;1;5;20;-2.3817089790000314;1;23;-0.5128878874422304;15;1;6;8;3;18
TRACK:201;192;-1;2;3;0;5;0;3;0;4;11;1;9;11;1;0;4;25;6;21;-7.743220100865999;3;1;21;9.059204493776328;21;-4.90000922482424;6;5;5;3;2;6;5;19;1;0;20;8.305854063559254;7;-2.791458634743549;5;22;0.6793197463620395;5;6;6;3;19
TRACK:202;194;-1;2;5;0;25;7;0.7517325161082962;0;5;4;3;6;1;6;2;25;16;2;6;20;4.175361913549608;6;8;6;5;5;3;2;6;5;9;1;0;20;8.042536988261029;7;-2.9251468987734874;5;22;0.6730626726440523
TRACK:203;196;-1;2;3;0;5;4;3;6;1;6;2;25;16;2;6;20;3.6998037674291115;6;8;6;5;5;3;2;6;18;6;5;20;8.386131899035977;6;5;5;3;2;6;18;6;22;7.215651043006933
TRACK:204;198;-1;2;3;0;5;4;3;6;1;6;6;16;2;6;10;2;17;18;6;5;5;3;2;6;5;9;1;0;20;8.168310430097314;7;-2.905832946659441;5;22;0.5146651418025502;5;1;5;2;4;4;2;17;16;2;5;3;13;4;5;22;-3.418837245964723;0;1;4;0;0;15;25;1;17;20;-0.40765263346688485;0;6;0;11;12;5;4;19;2;4;5;6;10;2;1;0;23;4.940420369170548;9;6;21;0.9886183996847215;5;1;22;-1.137264881257078;7;-9.399674019568424
TRACK:205;44;-1;2;3;0;5;3;0;6;11;0;24;25;6;5;5;3;2;6;5;9;1;0;20;7.903251206104143;7;-2.941557886964357;5;22;0.6613816737655476;5;6;6;3;19
TRACK:206;193;-1;2;3;0;5;4;3;6;1;6;2;18;16;2;6;22;0.6117044555776934;6;8;5;22;6.971166792514914;5;6;6;3;19
TRACK:207;195;-1;2;3;0;5;4;3;6;1;6;2;25;16;6;5;9;6;5;5;3;2;6;5;9;1;0;20;7.738476629494911;12;5;22;0.6631930922530366;5;6;6;3;19
TRACK:208;197;-1;2;3;23;-0.494387485944924;5;1;2;0;1;22;-2.4834018046448385;14;4;13;6;4;23;4.442219157948664;4;1;6;22;-3.292319145321338;5;17
TRACK:209;199;-1;2;3;0;5;4;3;5;1;25;19;6;9;5;6;6;3;19
EVAL_INSTANCE:10:0:200
EVAL_INSTANCE:10:1:201
EVAL_INSTANCE:10:2:202
EVAL_INSTANCE:10:3:203
EVAL_INSTANCE:10:4:204
EVAL_INSTANCE:10:5:205
EVAL_INSTANCE:10:6:206
EVAL_INSTANCE:10:7:207
EVAL_INSTANCE:10:8:208
EVAL_INSTANCE:10:9:209
RUN_RESULT:10:0:0:240:RUUUULLULDDDDUUUUUUUL
RUN_RESULT:10:1:0:2000:----
RUN_RESULT:10:2:0:2000:----
RUN_RESULT:10:3:0:911:LULDDDURRULLLRUUUUULDDDDDURRU
RUN_RESULT:10:4:0:298:UUULUULDDLDDRUUULLUULDDDDDRRUU
RUN_RESULT:10:5:0:45:UUULUULDDLDDRUUUUUUUL
RUN_RESULT:10:6:0:1793:LULDLLDRRUULLLRUUUUULDDDDDURRU
RUN_RESULT:10:7:0:2000:----
RUN_RESULT:10:8:0:877:ULLDDDUUUUUUUL
RUN_RESULT:10:9:0:231:ULLDDDUUUUUUUL
    11 |      110 | -3.965000E+03 | -3.977000E+03
TRACK:210;183;127;2;3;0;5;4;3;6;1;6;2;18;16;3;19;6;5;5;3;2;6;2;17;18;6;22;7.022391317041548;5;6;6;3;19
TRACK:211;183;127;2;3;0;5;4;3;6;1;6;2;25;19;2;6;20;4.058436198509342;3;9;6;5;5;3;2;6;20;4.239027575043459;1;0;20;7.833784567757944;7;-2.8601570100787423;5;22;0.526473181864046;5;6;6;3;19
TRACK:212;68;185;2;3;0;5;4;3;6;1;6;2;25;16;2;6;20;4.023507807182156;6;8;6;5;5;3;2;6;18;6;19;5;6;6;3;19
TRACK:213;68;185;2;3;0;5;4;3;6;1;6;6;16;2;6;10;3;9;6;5;5;3;3;2;6;18;6;22;7.066598673530343;5;6;6;3;19
TRACK:214;44;185;2;3;0;5;4;3;6;1;6;2;25;16;2;6;20;4.131964780987013;6;8;6;5;5;3;2;6;5;9;1;0;20;7.897813082993652;7;-2.804391312369981;5;22;0.6329398301911694;5;6;6;3;19
TRACK:215;44;185;2;3;0;5;4;3;6;1;6;6;16;2;6;10;3;9;6;5;5;3;2;6;5;9;1;0;20;8.104730929832593;7;-2.869158514099039;5;22;0.6359126266426951;5;6;6;3;19
TRACK:216;102;44;2;3;0;5;4;3;6;1;6;2;25;16;2;6;20;3.759645067814213;6;8;6;5;5;3;2;6;18;6;22;7.189165706019398;5;5;5;3;2;6;5;9;1;0;20;7.897813082993652;7;-2.804391312369981;5;22;0.6329398301911694
TRACK:217;102;44;2;3;0;5;4;3;6;1;6;2;25;16;2;6;20;4.131964780987013;6;8;6;5;5;3;2;6;5;18;1;0;20;7.897813082993652;7;-2.804391312369981;5;22;0.6329398301911694;5;6;6;3;19
TRACK:218;88;183;2;3;0;5;4;6;0;0;6;19;4;7;-5.719453409885425;6;5;10;6;5;5;3;2;6;5;9;1;0;20;7.720078338328802;7;-2.5624658309374855;5;22;0.6584642608226031;5;6;5;3;2;13;5;6;6;3;19
TRACK:219;88;183;2;3;0;5;4;3;6;1;6;2;18;16;2;6;20;4.239027575043459;6;8;6;5;5;3;2;6;5;9;6;22;7.022391317041548;5;6;6;3;19
TRACK:220;183;-1;2;3;0;5;4;3;6;1;6;2;9;16;2;6;20;4.23557445836962;6;8;6;5;5;3;2;6;2;17;18;6;22;7.271302512611118;5;6;6;3;19
TRACK:221;212;-1;2;3;0;5;4;3;6;1;6;2;25;16;2;6;22;-1.4581051177757676;6;8;6;5;5;3;2;6;18;6;19;5;6;6;3;19
TRACK:222;214;-1;2;3;0;5;4;3;6;1;6;2;25;16;2;6;20;4.151621606952899;6;8;6;5;5;3;2;6;5;9;1;0;20;7.867598226960235;7;-4.959913381777373;5;22;0.5953861130299584;5;6;6;3;19
TRACK:223;216;-1;2;3;0;5;4;3;6;1;6;2;25;16;2;6;20;3.9015873842805076;6;8;6;5;5;3;2;6;18;6;22;7.37352799153657;5;3;19
TRACK:224;218;-1;2;3;0;5;4;6;0;0;6;19;4;7;-5.697784620891843;6;6;20;4.787166447518228;6;5;5;3;2;6;5;9;1;0;20;7.716763943089787;7;-2.5754818368542955;5;22;0.7496020604509286;5;6;5;3;2;13;5;6;6;3;19
TRACK:225;127;-1;2;3;0;5;4;3;6;1;6;2;25;19;2;6;20;3.9811548156705774;3;9;6;5;5;3;2;6;5;9;5;1;9;10;5;6;6;3;19
TRACK:226;213;-1;2;3;0;5;4;3;6;1;6;6;16;2;6;10;3;9;6;5;5;0;5;25;5;15;5;6;6;3;19
TRACK:227;215;-1;2;3;0;5;4;3;6;1;6;6;16;2;6;24;3;9;6;5;5;3;2;6;5;9;1;0;20;8.15067609849468;7;-2.702252834265864;5;22;0.5852916840148621;5;6;6;3;19
TRACK:228;217;-1;2;3;0;5;4;3;6;1;6;2;25;16;2;6;20;4.223811634344482;6;8;2;0;5;4;10;1;6;17;0;10;19;5;0;6;7;6.495727156192849;5;16;5;6;6;3;19
TRACK:229;219;-1;2;2;5;0;4;2;1;0;5;17;3;19;3;2;10;12;3;5;2;24;14;4;6;6;0;5;10;3;9;6;4;3;5;4;0;4;8;2;9;15;5;6;6;3;19
EVAL_INSTANCE:11:0:220
EVAL_INSTANCE:11:1:221
EVAL_INSTANCE:11:2:222
EVAL_INSTANCE:11:3:223
EVAL_INSTANCE:11:4:224
EVAL_INSTANCE:11:5:225
EVAL_INSTANCE:11:6:226
EVAL_INSTANCE:11:7:227
EVAL_INSTANCE:11:8:228
EVAL_INSTANCE:11:9:229
RUN_RESULT:11:0:0:65:LULUDDDDUUUUUUUL
RUN_RESULT:11:1:0:2000:----
RUN_RESULT:11:2:0:56:ULLUDDDDUUUUUUUL
RUN_RESULT:11:3:0:32:ULLDDDUUUUUUUL
RUN_RESULT:11:4:0:60:UUUULULDDDDUUUUUUUL
RUN_RESULT:11:5:0:236:LULDDDUUUUUUUL
RUN_RESULT:11:6:0:116:ULLDDDUUUUUUUL
RUN_RESULT:11:7:0:42:UUUULULDDLDDRUUUUUUUL
RUN_RESULT:11:8:0:155:UUUULULDDLDDRUUUUUUUL
RUN_RESULT:11:9:0:85:ULLDDDUUUUUUUL
    12 |      120 | -3.966500E+03 | -3.977000E+03
TRACK:230;44;223;2;3;0;5;4;3;6;1;6;2;25;16;2;6;20;4.131964780987013;6;8;6;5;5;5;3;2;6;18;6;22;7.37352799153657;5;6;6;3;19
TRACK:231;44;223;2;3;0;5;4;3;6;1;6;2;25;16;2;6;20;3.9015873842805076;6;8;6;5;5;3;2;6;18;6;22;7.37352799153657;5;3;19
TRACK:232;68;185;2;3;0;5;4;5;3;2;6;5;9;1;0;20;8.104730929832593;7;-2.869158514099039;5;22;0.6359126266426951;6;5;5;3;2;6;18;6;22;7.066598673530343;5;6;6;3;19
TRACK:233;68;185;2;3;0;5;4;3;6;1;6;6;16;2;6;10;3;9;6;5;5;3;2;6;6;20;4.023507807182156;1;0;20;8.104730929832593;7;-2.869158514099039;5;22;0.6359126266426951;5;6;6;3;19
TRACK:234;183;223;2;3;0;5;4;3;6;1;6;2;18;16;2;6;20;4.239027575043459;6;8;6;5;5;3;2;6;2;17;18;6;22;7.022391317041548;5;6;6;19
TRACK:235;183;223;2;3;0;5;4;3;6;1;6;2;25;16;2;6;20;3.9015873842805076;6;8;19;5;3;19
TRACK:236;44;127;2;3;0;5;2;6;5;9;1;0;20;7.833784567757944;7;-2.8601570100787423;5;22;0.526473181864046;6;5;5;3;2;6;5;9;1;0;20;7.897813082993652;7;-2.804391312369981;5;22;0.6329398301911694;5;6;6;3;19
TRACK:237;44;127;2;3;0;5;4;3;6;1;6;2;25;19;2;6;20;4.058436198509342;3;9;6;5;5;3;2;6;5;9;1;0;20;7.833784567757944;7;-2.8601570100787423;5;22;0.526473181864046;5;6;6;1;0;20;7.897813082993652;7;-2.804391312369981;5;22;0.6329398301911694
TRACK:238;185;183;2;3;0;5;4;3;6;1;6;6;16;6;8;6;5;5;3;2;6;5;9;1;0;20;8.104730929832593;7;-2.869158514099039;5;22;0.6359126266426951;5;6;6;3;19
TRACK:239;185;183;2;3;0;5;4;3;6;1;6;2;18;16;2;20;8.104730929832593;6;8;6;5;5;3;2;6;2;17;18;6;22;7.022391317041548;5;6;6;3;19
TRACK:240;230;-1;2;3;0;5;4;3;6;1;6;2;25;16;2;6;20;4.3439384551879705;6;8;6;5;2;5;12;1;7;-0.5339111519651887;23;5.320713589865246;5;6;6;3;19
TRACK:241;232;-1;2;3;0;4;6;15;6;5;5;3;2;6;18;6;22;7.004127275327589;5;6;6;3;19
TRACK:242;234;-1;2;3;0;5;4;3;6;1;6;2;18;16;2;6;20;4.238734544399663;6;8;6;5;5;3;2;6;2;17;18;6;22;7.022697687779396;5;6;6;1;5;24;5;20;6.229771378574661
TRACK:243;236;-1;2;3;0;5;2;6;5;9;1;0;20;7.9284738893478215;7;-2.9884001374136284;5;22;0.5307004909293463;6;5;5;3;2;6;5;9;1;0;20;7.896904130192261;7;-2.9336577069882783;5;22;0.5220211688916646;5;6;5;3;4;4;10
TRACK:244;238;-1;5;1;13;23;-7.008029316436772
TRACK:245;231;-1;2;3;0;5;4;3;6;1;6;2;25;16;2;6;20;3.8521901739804925;6;8;6;5;0;2;4;14;0;12;23;-0.4548651071456522;3;5;13;5;3;19
TRACK:246;233;-1;2;3;0;5;4;3;6;1;6;6;16;2;6;10;3;9;6;5;5;3;2;6;6;20;4.052508666576324;1;0;20;8.177683267954688;7;-2.9436501714095358;5;22;0.5693671928086943;5;6;2;6;6;5;21;-5.560102789113557;0;3;5;8;0;1;9;14;3;11
TRACK:247;235;-1;2;3;0;5;4;3;6;1;6;2;25;16;2;6;20;3.8607762555124996;6;8;19;5;3;3;0;0;1;1;12;11;4;12;6;6;7;0.9527803023641201;2;3;1;9;12;1;4;13;6;25
TRACK:248;237;-1;2;3;0;5;4;3;6;5;24;6;5;5;3;2;6;5;9;1;0;20;7.852567132745384;7;-2.758601566493734;5;22;0.5274622678319479;5;6;6;1;0;20;7.911763764010268;7;-2.541546205947507;5;22;0.751482303973569
TRACK:249;239;-1;2;3;0;5;4;3;6;1;6;2;18;16;2;20;8.193988267730072;6;8;6;5;5;3;2;6;2;17;18;6;22;7.0393864898485;2;6;1;11;11;6;6;21;6.258244949749617
EVAL_INSTANCE:12:0:240
EVAL_INSTANCE:12:1:241
EVAL_INSTANCE:12:2:242
EVAL_INSTANCE:12:3:243
EVAL_INSTANCE:12:4:244
EVAL_INSTANCE:12:5:245
EVAL_INSTANCE:12:6:246
EVAL_INSTANCE:12:7:247
EVAL_INSTANCE:12:8:248
EVAL_INSTANCE:12:9:249
RUN_RESULT:12:0:0:112:ULLDDDUUUUUUUL
RUN_RESULT:12:1:0:241:RUUUULLULDDDDUUUUUUUL
RUN_RESULT:12:2:0:32:ULLDDDUUUUUUUL
RUN_RESULT:12:3:0:28:LULDDDUUUUUUUL
RUN_RESULT:12:4:0:874:ULLDDDUUUUUUUL
RUN_RESULT:12:5:0:171:ULLDDDUUUUUUUL
RUN_RESULT:12:6:0:2000:----
RUN_RESULT:12:7:0:172:UUUULULDDLDDRUUUUUUUL
RUN_RESULT:12:8:0:50:LULDLDDRUUUUUUUL
RUN_RESULT:12:9:0:2000:----
    13 |      130 | -3.968900E+03 | -3.977000E+03
TRACK:250;243;185;2;3;0;5;2;6;5;9;1;0;20;7.9284738893478215;7;-2.9884001374136284;5;22;0.5307004909293463;6;5;5;3;2;6;5;9;1;0;20;7.896904130192261;22;0.6359126266426951;5;22;0.5220211688916646;5;6;5;3;4;4;10
TRACK:251;243;185;2;3;0;5;4;3;6;1;6;6;7;-2.9336577069882783;2;6;10;3;9;6;5;5;3;2;6;5;9;1;0;20;8.104730929832593;7;-2.869158514099039;5;22;0.6359126266426951;5;6;6;3;19
TRACK:252;44;242;2;3;0;5;4;3;6;1;6;2;18;16;2;6;20;4.131964780987013;6;8;6;5;5;3;2;6;5;9;1;0;20;7.897813082993652;7;-2.804391312369981;5;22;0.6329398301911694;5;6;6;3;19
TRACK:253;44;242;2;3;0;5;4;3;6;1;6;2;18;16;2;6;20;4.238734544399663;6;8;6;5;5;3;2;6;6;20;4.131964780987013;6;22;7.022697687779396;5;6;6;1;5;24;5;20;6.229771378574661
TRACK:254;102;185;2;3;0;5;4;3;6;1;6;2;25;16;2;6;20;3.759645067814213;6;8;16;5;1;1;5;20;-2.494348674533951;1;23;-0.49543080279817353;15;1;6;8;3;18
TRACK:255;102;185;2;3;0;5;4;3;6;1;6;2;25;16;2;6;20;3.759645067814213;6;8;6;5;5;3;2;6;5;9;1;0;20;8.104730929832593;7;-2.869158514099039;5;22;0.6359126266426951;5;6;6;3;19
TRACK:256;102;223;2;3;0;5;4;3;6;1;6;2;25;16;2;6;20;3.759645067814213;6;8;6;5;5;3;2;6;18;6;22;7.189165706019398;5;1;1;2;6;20;3.9015873842805076;6;8;1;23;-0.49543080279817353;15;1;6;8;3;18
TRACK:257;102;223;2;3;0;5;4;3;6;1;6;2;25;16;16;6;5;5;3;2;6;18;6;22;7.37352799153657;5;3;19
TRACK:258;183;44;2;3;0;5;4;3;6;1;6;2;18;16;2;6;20;4.239027575043459;6;8;6;5;5;3;2;6;2;17;18;6;22;7.022391317041548;5;6;6;3;0;20;7.897813082993652;7;-2.804391312369981
TRACK:259;183;44;2;3;0;2;6;2;17;18;6;22;7.022391317041548;6;5;5;3;2;6;5;9;1;0;20;7.897813082993652;7;-2.804391312369981;5;22;0.6329398301911694;5;6;6;3;19
TRACK:260;250;-1;2;3;0;5;2;6;5;9;1;0;20;7.897183649094905;7;-2.954785749199999;5;22;0.5299403258295772;6;5;5;3;2;6;5;9;4;24;5;6;5;3;4;4;10
TRACK:261;252;-1;2;3;0;5;4;3;6;1;6;1;17;8;2;6;20;4.084897502405638;6;8;6;5;5;3;2;6;5;9;1;0;20;7.900725736308282;7;-2.691378789865877;5;22;0.6575271126141046;5;6;6;3;19
TRACK:262;254;-1;2;3;0;5;4;3;6;1;6;2;25;16;2;6;20;3.5644479923578363;6;8;16;5;1;2;1;2;2;2;2;21;7.535027714015442;17;4;9;3;2;16;25;2;1;0;13;12;5;21;-1.27556120248666;5;4;8;3;5;5;3;12;3;5;3;3;3;10;1;6;8;3;18
TRACK:263;256;-1;2;3;0;5;4;3;6;1;6;2;25;16;2;6;20;3.912332095505362;6;8;6;5;5;3;5;4;6;22;0.9210933435193063;5;1;1;2;6;20;3.8722645010307732;6;8;1;23;-0.39159642542409434;15;1;6;8;3;18
TRACK:264;258;-1;2;3;0;5;4;3;6;1;6;2;18;16;2;6;20;4.067361299569062;6;8;6;5;5;1;2;0;2;18;17;5;9;0;2;7;-6.280112122742643;15;1;15;19;0;2;2;9;15;0;22;0.5996918676629086;9;0;0;16;9;2;8;13;5;6;6;3;0;20;7.77836386847847;7;-2.836591190213611
TRACK:265;251;-1;2;3;0;5;4;3;6;1;6;6;7;-2.9164838492249077;2;6;10;3;9;6;5;5;1;4;1;3;14;3;20;-3.8358554190335736;0;5;1;25;22;-5.664039241931061;4;0;13;11;5;6;6;3;19
TRACK:266;253;-1;2;3;0;5;4;3;6;1;6;2;18;16;2;6;20;4.298357237690863;6;8;6;5;5;3;2;6;6;13;6;22;7.102873679790005;5;6;6;1;5;24;5;20;6.239691384909971
TRACK:267;255;-1;2;3;0;5;4;6;19;6;5;5;3;2;6;5;9;1;0;20;8.019242675678566;7;-2.821214946849351;5;22;0.6686891487720468;5;6;6;3;19
TRACK:268;257;-1;2;3;0;5;4;3;6;1;6;2;25;20;5.683073833044963;16;6;5;5;3;2;6;18;6;22;7.227923322563695;5;3;19
TRACK:269;259;-1;2;3;0;2;6;2;17;18;6;22;6.9642127971122;6;5;5;3;2;6;5;9;1;0;20;7.966417104263135;7;-2.8696529760659732;5;22;0.584937321422109;5;6;6;2;2;2;1;6;1;10;20;-8.402116703483406;3;0;18;22;-4.585387596415731;1;6;4;18;1;6;25;0;14;11;5;2;1;4;24;5;23;-1.64617714969474;1;0;19;17;1;12;8;0;2;1;3;0;11;22;0.5831155759913198;4;6;7;6.89764192098416;4;5;5;10;4;5;5;3;9
EVAL_INSTANCE:13:0:260
EVAL_INSTANCE:13:1:261
EVAL_INSTANCE:13:2:262
EVAL_INSTANCE:13:3:263
EVAL_INSTANCE:13:4:264
EVAL_INSTANCE:13:5:265
EVAL_INSTANCE:13:6:266
EVAL_INSTANCE:13:7:267
EVAL_INSTANCE:13:8:268
EVAL_INSTANCE:13:9:269
RUN_RESULT:13:0:0:562:LULUDDDDUUUUUUUL
RUN_RESULT:13:1:0:36:UUUULULDDLDDRUUUUUUUL
RUN_RESULT:13:2:0:148:ULLDDDUUUUUUUL
RUN_RESULT:13:3:0:148:ULLDDDUUUUUUUL
RUN_RESULT:13:4:0:248:ULLDDDUUUUUUUL
RUN_RESULT:13:5:0:59:ULLDDDUUUUUUUL
RUN_RESULT:13:6:0:42:UUULUULDDDDUUUUURRULU
RUN_RESULT:13:7:0:36:UUULUULDDLDDRUUUUUUUL
RUN_RESULT:13:8:0:125:RUUUULLULDDDDUUUUUUUL
RUN_RESULT:13:9:0:1137:LULDLLRDRULLULLLDDUUDRDRRDLLDUUUURURULU
    14 |      140 | -3.969300E+03 | -3.977000E+03
TRACK:270;243;44;2;3;0;5;2;6;5;9;1;0;20;7.9284738893478215;7;-2.9884001374136284;5;22;0.5307004909293463;6;5;5;3;2;6;5;9;1;0;20;7.896904130192261;20;7.897813082993652;5;22;0.5220211688916646;5;6;5;3;4;4;10
TRACK:271;243;44;2;3;0;5;4;3;6;1;6;2;25;16;2;6;10;6;8;6;5;5;3;2;6;5;9;1;0;20;7.897813082993652;7;-2.804391312369981;5;22;0.6329398301911694;5;6;6;3;19
TRACK:272;185;223;2;3;0;5;4;3;6;1;6;6;16;2;6;10;3;9;6;5;5;3;6;8;5;6;6;3;19
TRACK:273;185;223;2;3;0;5;4;3;6;1;6;2;25;16;2;6;20;3.9015873842805076;7;-2.869158514099039;6;5;5;3;2;6;18;6;22;7.37352799153657;5;3;19
TRACK:274;242;102;2;3;0;5;8;6;5;5;3;2;6;2;17;18;6;22;7.022697687779396;5;6;6;1;5;24;5;20;6.229771378574661
TRACK:275;242;102;2;3;0;5;4;3;6;1;6;2;25;16;2;6;20;3.759645067814213;6;8;6;5;5;3;2;6;18;6;22;7.189165706019398;5;1;1;5;20;-2.494348674533951;1;23;-0.49543080279817353;15;6;2;17;18
TRACK:276;223;44;2;3;0;5;4;3;6;1;6;2;25;16;2;6;22;0.6329398301911694;6;8;6;5;5;3;2;6;18;6;22;7.37352799153657;5;3;19
TRACK:277;223;44;2;3;0;5;4;25;6;5;5;3;2;6;5;9;1;0;20;7.897813082993652;7;-2.804391312369981;5;22;0.6329398301911694;5;6;6;3;19
TRACK:278;243;185;2;3;0;5;6;10;6;5;5;3;2;6;5;9;1;0;20;7.896904130192261;7;-2.9336577069882783;5;22;0.5220211688916646;5;6;5;3;4;4;10
TRACK:279;243;185;2;3;0;5;4;3;6;1;6;6;16;2;6;10;3;9;6;5;5;3;2;6;5;9;1;0;20;8.104730929832593;7;-2.869158514099039;5;22;0.6359126266426951;5;6;6;22;0.5220211688916646
TRACK:280;270;-1;2;3;0;5;2;6;5;2;4;1;25;13;3;2;17;12;1;0;20;8.040252595973364;7;-3.0389270403882254;5;22;0.542897610696609;6;5;5;3;2;6;5;9;1;0;20;7.989176457521305;20;7.889583458747843;5;22;0.6672595127002621;5;6;5;3;4;4;10
TRACK:281;272;-1;6;5;3;0;4;6;4;4;15;0;6;1;1;17;7;6.860366130624723;6;23;3.5175964838000873;4;3;3;11
TRACK:282;274;-1;2;3;0;5;8;6;5;5;3;2;6;2;17;18;6;6;8;5;6;6;1;5;24;5;20;6.2453631796946665
TRACK:283;276;-1;2;3;0;5;4;3;6;1;6;2;25;16;3;23;9.184391758738013;6;5;5;3;2;6;18;6;22;7.317155333465525;5;3;19
TRACK:284;278;-1;2;3;0;1;3;3;19;3;0;21;-4.231233558528444;10;6;5;5;3;2;6;5;9;1;0;20;7.852810628797546;7;-2.9470899045177688;5;22;0.5828321565156381;5;6;5;3;4;4;10
TRACK:285;271;-1;2;3;0;5;4;3;6;1;6;2;25;16;2;6;10;6;8;6;5;5;3;2;6;5;9;1;6;21;9.533044478745815;5;22;0.7083835410835895;5;6;6;3;19
TRACK:286;273;-1;2;5;6;3;4;18;4;4;4;6;14
TRACK:287;275;-1;2;3;0;5;4;3;6;1;6;2;25;16;2;6;20;3.685303617674787;6;8;6;5;5;3;2;6;18;6;22;7.174914735585724;5;1;1;5;20;-2.341531111723095;1;23;-0.4894031650105638;15;6;0;6;5;4;16;0;4;0;13;13;5;5;12
TRACK:288;277;-1;2;3;0;5;4;25;6;5;5;3;2;4;12;1;0;20;7.960962444676998;7;-2.785770969757576;5;22;0.7292108784901672;5;6;6;3;19
TRACK:289;279;-1;2;3;0;5;4;3;3;2;5;8;0;12;17;6;5;5;3;2;6;5;9;1;0;20;7.970701648657612;7;-3.037571277151603;5;22;0.6771772350514222;5;6;6;22;0.4976619391412372
EVAL_INSTANCE:14:0:280
EVAL_INSTANCE:14:1:281
EVAL_INSTANCE:14:2:282
EVAL_INSTANCE:14:3:283
EVAL_INSTANCE:14:4:284
EVAL_INSTANCE:14:5:285
EVAL_INSTANCE:14:6:286
EVAL_INSTANCE:14:7:287
EVAL_INSTANCE:14:8:288
EVAL_INSTANCE:14:9:289
RUN_RESULT:14:0:0:359:LULUDDDDUUUUUUUL
RUN_RESULT:14:1:0:877:ULLDDDUUUUUUUL
RUN_RESULT:14:2:0:2000:----
RUN_RESULT:14:3:0:838:ULLDUUULLLURRRDDDLLDDUUUUUUUL
RUN_RESULT:14:4:0:92:UUULUULDDLDDRURDULUUUUUUL
RUN_RESULT:14:5:0:341:LUUUUULDDLLDDRRUUULLUULDDDDDRRUU
RUN_RESULT:14:6:0:877:ULLDDDUUUUUUUL
RUN_RESULT:14:7:0:32:ULLDDDUUUUUUUL
RUN_RESULT:14:8:0:275:LULDUULLLDDUUDDDDRRRUUUUUL
RUN_RESULT:14:9:0:63:UUULUULDDDDUUUUUUUL
    15 |      150 | -3.969700E+03 | -3.977000E+03
TRACK:290;44;287;2;3;0;5;4;3;6;1;6;2;25;16;2;20;3.685303617674787;6;8;6;5;5;3;2;6;5;9;1;0;20;7.897813082993652;7;-2.804391312369981;5;22;0.6329398301911694;5;6;6;3;19
TRACK:291;44;287;2;3;0;5;4;3;6;1;6;2;25;16;2;6;20;3.685303617674787;6;8;6;5;6;5;9;5;1;1;5;20;-2.341531111723095;1;23;-0.4894031650105638;15;6;0;6;5;4;16;0;4;0;13;13;5;5;12
TRACK:292;185;223;2;3;0;5;4;3;6;1;6;6;16;2;6;10;3;9;6;5;5;3;2;6;18;6;22;7.37352799153657;5;6;6;3;19
TRACK:293;185;223;2;20;8.104730929832593;5;3;19
TRACK:294;242;44;2;3;0;5;4;3;6;1;6;2;25;16;2;6;20;4.131964780987013;6;8;6;5;5;3;2;6;2;17;18;6;22;7.022697687779396;5;6;6;1;5;24;5;20;6.229771378574661
TRACK:295;242;44;2;18;5;6;6;3;19
TRACK:296;223;243;2;3;0;5;4;3;6;1;6;2;10;16;2;6;20;3.9015873842805076;6;8;6;5;5;3;2;6;18;6;22;7.37352799153657;5;3;19
TRACK:297;223;243;2;3;0;5;2;6;5;9;1;0;20;7.9284738893478215;7;-2.9884001374136284;5;22;0.5307004909293463;6;5;5;3;2;6;5;9;1;0;20;7.896904130192261;7;-2.9336577069882783;5;22;0.5220211688916646;5;6;25
TRACK:298;185;102;2;3;0;5;4;3;6;1;6;6;16;2;6;10;3;9;6;5;5;3;2;6;5;9;1;0;20;8.104730929832593;7;-2.869158514099039;5;22;0.6359126266426951;5;6;6;6;2;25;16
TRACK:299;185;102;2;3;0;5;4;3;6;1;6;2;20;8.104730929832593;16;2;6;20;3.759645067814213;6;8;6;5;5;3;2;6;18;6;22;7.189165706019398;5;1;1;5;20;-2.494348674533951;1;23;-0.49543080279817353;15;1;6;8;3;18
TRACK:300;290;-1;2;3;0;5;4;3;6;1;6;2;25;16;2;20;3.82211369555764;6;8;6;5;5;3;2;6;1;18;7;-9.467381474491033;1;0;20;7.797628966875384;7;-2.7273208579547457;5;22;0.48813931275874556;5;6;6;3;19
TRACK:301;292;-1;2;3;0;5;6;4;6;6;22;-9.583280503626398;6;5;5;3;2;6;18;6;22;7.435712553091386;5;6;6;3;19
TRACK:302;294;-1;2;3;0;5;4;3;6;1;6;2;7;-6.602730127859385;16;2;6;20;4.119671829578436;6;8;6;5;5;3;2;6;2;17;18;6;22;7.011504776836701;5;6;6;1;5;24;5;20;6.1126151184333075
TRACK:303;296;-1;2;3;0;5;4;6;2;17;10;6;5;5;3;2;6;18;6;22;7.567828192074849;5;3;19
TRACK:304;298;-1;2;3;0;5;4;3;6;1;6;6;16;2;6;10;3;9;6;5;5;3;2;6;5;9;2;13;11;5;6;6;6;2;25;16
TRACK:305;291;-1;2;3;0;5;4;3;6;1;6;2;25;16;2;6;20;3.5972270553583776;6;8;6;5;6;5;9;5;1;1;5;20;-2.162216876704356;1;23;-0.4157995768664605;15;6;0;6;6;4;8;0;4;0;13;13;5;5;12
TRACK:306;293;-1;2;5;15;1;9;9
TRACK:307;295;-1;2;18;5;6;3;4;5;1;6;6;24;4;4;23;-8.597508843784187
TRACK:308;297;-1;2;3;0;5;2;6;5;9;1;0;20;8.043015707357547;7;-2.943093034961024;5;22;0.4222066457665685;6;5;5;3;2;6;5;21;-1.5233054128306538;1;0;20;7.954910910255624;7;-2.932810140864192;5;22;0.6661483599929742;5;6;25
TRACK:309;299;-1;2;3;0;5;4;3;6;1;6;2;20;7.947979489533715;16;2;6;20;3.9350354054568495;6;8;6;0;20;9.234967561192981;17;5;1;1;5;20;-2.486749208676686;1;23;-0.43439756195554674;15;1;6;8;3;18
EVAL_INSTANCE:15:0:300
EVAL_INSTANCE:15:1:301
EVAL_INSTANCE:15:2:302
EVAL_INSTANCE:15:3:303
EVAL_INSTANCE:15:4:304
EVAL_INSTANCE:15:5:305
EVAL_INSTANCE:15:6:306
EVAL_INSTANCE:15:7:307
EVAL_INSTANCE:15:8:308
EVAL_INSTANCE:15:9:309
RUN_RESULT:15:0:0:274:UUUULULDDLDDRURRULLUUULDDDDDURRU
RUN_RESULT:15:1:0:245:RUUUULLULDDDDUUUUUULU
RUN_RESULT:15:2:0:258:UUULUULDDDDUUUUUUUL
RUN_RESULT:15:3:0:240:RUUUULLULDDDDUUUUUUUL
RUN_RESULT:15:4:0:2000:----
RUN_RESULT:15:5:0:134:ULLDDDUUUUUUUL
RUN_RESULT:15:6:0:398:ULLDDDUUUUUUUL
RUN_RESULT:15:7:0:877:ULLDDDUUUUUUUL
RUN_RESULT:15:8:0:419:LULDLDRUULLLDDDURDUURUUU
RUN_RESULT:15:9:0:130:UUUULULDDDDUUUUUUUL
    16 |      160 | -3.969700E+03 | -3.977000E+03
TRACK:310;185;287;2;3;0;5;25;6;5;5;3;2;6;5;9;1;0;20;8.104730929832593;7;-2.869158514099039;5;22;0.6359126266426951;5;6;6;3;19
TRACK:311;185;287;2;3;0;5;4;3;6;1;6;2;25;16;2;6;20;3.685303617674787;6;8;6;5;5;3;2;20;8.104730929832593;6;22;7.174914735585724;5;1;1;5;20;-2.341531111723095;1;23;-0.4894031650105638;15;6;0;6;5;4;16;0;4;0;13;13;5;5;12
TRACK:312;242;223;2;3;0;5;4;3;6;1;6;2;18;8;2;6;20;4.238734544399663;6;8;6;5;5;3;2;6;2;17;18;6;22;7.022697687779396;5;6;6;1;5;24;5;20;6.229771378574661
TRACK:313;242;223;2;3;0;5;4;3;6;1;24;2;6;20;3.9015873842805076;6;8;6;5;5;3;2;6;18;6;22;7.37352799153657;5;3;19
TRACK:314;44;183;2;3;0;5;4;3;6;1;6;2;25;16;2;6;20;4.131964780987013;6;8;6;5;5;3;2;6;5;9;1;18;5;22;0.6329398301911694;5;6;6;3;19
TRACK:315;44;183;2;3;0;5;4;5;22;0.6329398301911694;6;5;5;3;2;6;2;17;18;6;22;7.022391317041548;5;6;6;3;19
TRACK:316;44;243;2;3;0;5;4;3;6;1;6;2;25;16;2;7;-2.9884001374136284;6;8;6;5;5;3;2;6;5;9;1;0;20;7.897813082993652;7;-2.804391312369981;5;22;0.6329398301911694;5;6;6;3;19
TRACK:317;44;243;2;3;0;5;2;6;5;9;1;0;20;7.9284738893478215;7;-2.9884001374136284;5;22;0.5307004909293463;6;5;5;3;2;6;5;22;0.6329398301911694;1;0;20;7.896904130192261;7;-2.9336577069882783;5;22;0.5220211688916646;5;6;5;3;4;4;10
TRACK:318;185;242;2;3;0;5;4;3;6;1;6;6;16;2;6;10;3;9;6;5;5;3;2;8;1;0;20;8.104730929832593;7;-2.869158514099039;5;22;0.6359126266426951;5;6;6;3;19
TRACK:319;185;242;2;3;5;6;6;3;19;5;6;6;1;5;24;5;20;6.229771378574661
TRACK:320;310;-1;2;3;0;5;25;6;5;5;3;2;6;5;9;1;0;20;8.130313948235676;7;-2.958339974579104;5;24;5;6;6;3;19
TRACK:321;312;-1;2;3;0;5;4;3;6;1;6;2;18;8;2;6;20;1.1098564869904912;6;8;6;5;5;3;2;6;2;17;18;6;22;6.934551918802409;5;6;6;1;5;24;5;20;6.181869468496636
TRACK:322;314;-1;2;3;0;5;4;3;6;1;6;2;25;16;5;4;7;-7.420611024235059;6;5;5;3;2;6;5;9;1;18;5;22;0.6059543207847268;5;6;6;3;19
TRACK:323;316;-1;2;3;0;5;4;3;6;1;6;2;25;16;2;4;16;6;8;6;5;5;3;2;6;5;9;1;0;20;7.800831019132946;7;-2.8936715713727774;5;22;0.8065458952467685;5;6;6;3;19
TRACK:324;185;-1;2;3;0;5;4;3;6;0;0;15;10;6;8;6;5;5;3;2;6;5;9;1;0;20;8.023025223116136;7;-2.917716200069348;5;22;0.7962379762869409;5;6;6;3;19
TRACK:325;311;-1;2;3;0;5;4;3;6;1;6;2;25;16;2;6;20;3.664005967618779;6;8;6;5;5;3;2;20;8.044294219828252;6;22;7.139773923918967;5;1;1;5;20;-2.267872060972962;1;23;-0.6841727852648662;15;6;0;6;5;4;16;0;4;0;13;1;13;13;5;5;12
TRACK:326;313;-1;2;3;0;5;4;3;6;1;24;1;24;13;6;5;5;3;2;6;18;6;22;7.385701150643944;5;3;19
TRACK:327;315;-1;2;3;0;5;4;5;22;0.5914990370168914;6;5;5;2;4;0;24;18;4;0;25;22;3.3430063761324433;5;6;6;3;19
TRACK:328;317;-1;2;3;0;5;2;6;5;9;1;0;20;8.02222005333571;7;-2.9435627325412175;5;22;0.5355062039435284;6;5;5;3;1;2;0;25;23;9.165365868747674;6;22;-4.214778459582109;4;4;10;5;6;5;3;4;4;10
TRACK:329;242;-1;2;3;0;5;4;3;6;1;6;2;18;16;2;3;10;6;8;6;5;5;3;2;6;2;17;18;6;22;6.864957061724165;5;6;6;1;5;24;5;20;6.321992612866982
EVAL_INSTANCE:16:0:320
EVAL_INSTANCE:16:1:321
EVAL_INSTANCE:16:2:322
EVAL_INSTANCE:16:3:323
EVAL_INSTANCE:16:4:324
EVAL_INSTANCE:16:5:325
EVAL_INSTANCE:16:6:326
EVAL_INSTANCE:16:7:327
EVAL_INSTANCE:16:8:328
EVAL_INSTANCE:16:9:329
RUN_RESULT:16:0:0:390:ULLDDDUUUUUUUL
RUN_RESULT:16:1:0:212:RUUUULLULDDDDUUUUUUUL
RUN_RESULT:16:2:0:398:ULLDDDUUUUUUUL
RUN_RESULT:16:3:0:86:UUULUULDDDDUUUUUUUL
RUN_RESULT:16:4:0:34:UUULUULDDLDDRUUUUUUUL
RUN_RESULT:16:5:0:97:UULUUULDDDDUUURURLULLRRUU
RUN_RESULT:16:6:0:2000:----
RUN_RESULT:16:7:0:1965:LULDLLDRRUULLLRUUUUULDDDDDURRU
RUN_RESULT:16:8:0:1291:LULDLDRUULLLDDDURUUUULDDDDDURRU
RUN_RESULT:16:9:0:168:RUUUULLULDDDDUUUUUUUL
    17 |      170 | -3.969700E+03 | -3.977000E+03
TRACK:330;183;185;2;3;0;5;4;10;6;5;5;3;2;6;2;17;18;6;22;7.022391317041548;5;6;6;3;19
TRACK:331;183;185;2;3;0;5;4;3;6;1;6;6;16;2;6;10;17;6;5;5;3;2;6;5;9;1;0;20;8.104730929832593;7;-2.869158514099039;5;22;0.6359126266426951;5;6;6;3;19
TRACK:332;243;44;2;3;0;5;2;6;5;9;1;0;20;7.9284738893478215;7;-2.9884001374136284;5;22;0.5307004909293463;6;5;0;20;7.897813082993652;7;-2.804391312369981;5;6;5;3;4;4;10
TRACK:333;243;44;2;3;0;5;4;3;6;1;6;2;25;16;2;6;20;4.131964780987013;6;22;0.5307004909293463;6;5;5;3;2;6;5;9;1;0;20;7.897813082993652;7;-2.804391312369981;5;22;0.6329398301911694;5;6;6;3;19
TRACK:334;102;44;2;3;0;5;4;6;1;6;2;25;16;2;6;20;4.131964780987013;6;8;6;5;5;3;2;6;18;6;22;7.189165706019398;5;1;1;5;20;-2.494348674533951;1;23;-0.49543080279817353;15;1;6;8;3;18
TRACK:335;102;44;2;3;0;5;4;3;6;1;6;2;25;16;2;6;20;4.131964780987013;6;8;6;5;5;3;2;18;1;0;20;7.897813082993652;7;-2.804391312369981;5;22;0.6329398301911694;5;6;6;3;19
TRACK:336;287;185;2;10;5;1;1;5;20;-2.341531111723095;1;23;-0.4894031650105638;15;6;0;6;5;4;16;0;4;0;13;13;5;5;12
TRACK:337;287;185;2;3;0;5;4;3;6;13;6;5;5;3;2;6;5;9;1;0;20;8.104730929832593;7;-2.869158514099039;5;22;0.6359126266426951;5;6;6;3;19
TRACK:338;102;243;2;3;0;5;4;3;6;1;6;2;25;16;2;6;20;3.759645067814213;6;8;6;5;5;3;2;6;18;6;22;7.189165706019398;5;1;1;5;20;-2.494348674533951;1;5;3;4;4;10;15;1;6;8;3;18
TRACK:339;102;243;2;3;0;5;2;6;5;9;1;0;6;8;7;-2.9884001374136284;5;22;0.5307004909293463;6;5;5;3;2;6;5;9;1;0;20;7.896904130192261;7;-2.9336577069882783;5;22;0.5220211688916646;5;6;5;3;4;4;10
TRACK:340;330;-1;2;3;4;2;15;19;5;6;6;3;19
TRACK:341;332;-1;2;3;0;5;0;3;1;1;4;19;0;7;7.306010032054338;15;3;2;23;-1.8353718660998197;17;1;3;4;4;17;0;1;4;8;3;15;2;4;20;-4.921707612864763;4;17;6;5;0;20;7.836362598814518;7;-2.8157616206638476;5;6;5;3;4;4;10
TRACK:342;334;-1;2;3;0;5;4;6;1;6;2;25;16;2;6;20;3.9567417635824276;5;3;12;6;5;5;3;2;6;18;6;22;7.168535197079298;5;1;1;5;20;-2.246986221308412;1;23;-0.38284829850244634;15;1;6;8;3;18
TRACK:343;336;-1;2;10;5;1;1;5;20;-2.304373291628315;1;23;-0.6529800650323888;15;6;0;6;5;4;16;0;4;0;13;13;5;0;2;4;8;0;20;-8.049351976987651;8;6;1;11;19
TRACK:344;338;-1;2;3;0;5;4;3;6;1;6;2;25;24;2;6;20;3.7245836114872968;6;8;6;5;5;3;2;6;18;6;22;7.159279036366806;5;1;1;5;20;-2.537867018645261;1;5;3;4;4;10;15;1;6;8;3;18
TRACK:345;331;-1;2;3;0;5;4;3;6;1;6;6;16;2;6;10;17;6;5;5;3;2;6;5;9;1;0;20;8.083395779044766;7;-2.9251612902185453;5;22;0.7049207820511103;5;5;5;1;6;10;6;22;-8.096509215124794
TRACK:346;333;-1;2;3;0;5;4;3;6;1;6;2;25;16;2;6;20;4.1247888690771894;6;22;0.6963277346550092;6;5;5;3;2;6;5;9;1;0;20;7.887507671027209;7;-2.8792630313041117;5;8;5;6;6;3;19
TRACK:347;335;-1;2;3;0;5;4;3;6;1;6;2;25;16;2;6;17;6;8;6;5;5;3;2;18;1;0;20;8.141176543269117;7;-2.7247812048700113;5;22;0.6961832845517486;5;6;6;3;19
TRACK:348;337;-1;2;3;0;5;4;3;6;13;6;5;5;3;2;6;5;9;1;0;20;8.256965827712955;7;-2.9517899448051974;5;22;0.6862771510602033;5;6;3;13
TRACK:349;339;-1;2;3;0;5;2;6;5;9;1;0;6;8;7;-3.050564002251434;5;22;0.5528794330408162;6;5;5;3;2;6;5;9;1;0;20;8.007712151752028;15;5;22;0.38888133453599394;5;6;5;3;4;4;10
EVAL_INSTANCE:17:0:340
EVAL_INSTANCE:17:1:341
EVAL_INSTANCE:17:2:342
EVAL_INSTANCE:17:3:343
EVAL_INSTANCE:17:4:344
EVAL_INSTANCE:17:5:345
EVAL_INSTANCE:17:6:346
EVAL_INSTANCE:17:7:347
EVAL_INSTANCE:17:8:348
EVAL_INSTANCE:17:9:349
RUN_RESULT:17:0:0:877:ULLDDDUUUUUUUL
RUN_RESULT:17:1:0:151:LULDDDUUUUUUUL
RUN_RESULT:17:2:0:43:ULLDDDUUUUUUUL
RUN_RESULT:17:3:0:877:ULLDDDUUUUUUUL
RUN_RESULT:17:4:0:116:ULLUDDDDUUUUUUUL
RUN_RESULT:17:5:0:29:UUULUULDDLDDRUUUUUUUL
RUN_RESULT:17:6:0:2000:----
RUN_RESULT:17:7:0:1220:LULDUULLLDDDDURUUUULDDDDDURRU
RUN_RESULT:17:8:0:34:UUULUULDDLDDRUUUUUUUL
RUN_RESULT:17:9:0:2000:----
    18 |      180 | -3.970100E+03 | -3.977000E+03
TRACK:350;185;345;2;3;0;5;4;3;6;1;6;9;2;6;10;3;9;6;5;5;3;2;6;5;9;1;0;20;8.104730929832593;7;-2.869158514099039;5;22;0.6359126266426951;5;6;6;3;19
TRACK:351;185;345;2;3;0;5;4;3;6;1;6;6;16;2;6;10;17;6;5;5;3;2;6;5;9;1;0;20;8.083395779044766;7;-2.9251612902185453;5;22;0.7049207820511103;5;5;5;5;6;6;3;19
TRACK:352;243;223;2;3;0;5;2;6;5;9;1;0;20;7.9284738893478215;7;-2.9884001374136284;5;22;0.5307004909293463;6;5;5;3;2;6;5;9;1;0;20;7.896904130192261;7;-2.9336577069882783;5;22;0.5220211688916646;5;6;5;6;18
TRACK:353;243;223;2;3;0;5;4;3;6;1;6;2;25;16;2;6;20;3.9015873842805076;6;8;3;2;6;5;9;1;0;20;7.896904130192261;7;-2.9336577069882783;5;22;0.5220211688916646;5;3;19
TRACK:354;44;243;2;3;0;5;4;3;6;1;6;2;25;16;2;6;20;4.131964780987013;6;8;6;5;5;2;6;5;9;1;0;20;7.896904130192261;7;-2.9336577069882783;5;22;0.5220211688916646;5;6;6;3;19
TRACK:355;44;243;2;3;0;5;2;6;5;9;1;0;20;7.9284738893478215;7;-2.9884001374136284;5;22;0.5307004909293463;6;5;5;3;2;6;5;9;1;0;20;7.897813082993652;7;-2.9336577069882783;5;22;0.5220211688916646;5;6;5;3;4;4;10
TRACK:356;185;287;2;3;0;5;4;3;6;1;6;6;16;2;6;10;3;9;6;5;5;3;2;4;16;1;0;20;8.104730929832593;7;-2.869158514099039;5;22;0.6359126266426951;5;6;6;3;19
TRACK:357;185;287;2;3;0;5;4;3;6;1;6;2;25;16;2;6;20;3.685303617674787;6;8;6;5;5;3;2;6;18;6;22;7.174914735585724;5;1;1;5;20;-2.341531111723095;1;0;20;8.104730929832593;7;-2.869158514099039;15;6;0;6;5;4;16;0;4;0;13;13;5;5;12
TRACK:358;102;44;2;9;5;1;1;5;20;-2.494348674533951;1;23;-0.49543080279817353;15;1;6;8;3;18
TRACK:359;102;44;2;3;0;5;4;3;15;6;5;5;3;2;6;5;9;1;0;20;7.897813082993652;7;-2.804391312369981;5;22;0.6329398301911694;5;6;6;3;19
TRACK:360;350;-1;2;3;0;5;4;3;6;1;6;9;2;6;10;3;9;6;5;5;3;2;6;3;18;1;0;20;8.241041137901231;7;-2.8970377852937212;5;22;0.5260935515637802;5;6;6;3;19
TRACK:361;352;-1;2;3;0;5;2;6;5;9;1;0;20;7.800098314806526;7;-3.005272055536232;5;22;0.534380494450046;6;5;5;3;2;6;5;9;1;0;20;7.659892218647804;7;-2.774481364262887;6;22;6.429964832773084;5;6;5;6;18
TRACK:362;354;-1;2;3;0;5;4;3;6;1;6;2;25;11;2;6;20;4.0731515196669;6;8;6;5;5;2;6;5;9;1;0;20;7.9936963410095245;7;-2.844048198399769;5;22;0.5039860601698951;5;6;6;3;19
TRACK:363;356;-1;2;3;0;4;0;1;2;14;25;2;8;17;0;4;10;0;9;18;6;5;5;3;2;4;16;1;0;20;7.9698847875228696;7;-2.923880658946298;5;22;0.5983096857964967;5;6;6;3;19
TRACK:364;358;-1;2;9;5;1;1;5;20;-2.4228560123640324;1;23;-0.6520374028555516;15;1;6;0;5;1;4;25;0;18;16;3;2;0;12;17;4;13;3;18
TRACK:365;351;-1;2;3;0;5;4;3;6;1;6;6;16;2;6;10;17;6;5;5;3;2;6;5;9;1;0;20;8.151673626820168;7;-2.8473322615131216;5;22;0.7977358340844977;1;4;4;9;4;4;8
TRACK:366;353;-1;2;3;0;5;4;3;6;1;6;2;25;16;2;6;20;3.748056802690386;6;8;4;0;5;2;3;4;7;9.460738643944993;6;5;14;2;1;1;3;7;-0.4973296096674744;0;14;11;0;1;21;-2.884754375035161;21;-4.28728732187799;6;12;1;3;3;11;1;1;12;21;-9.48650970288244;5;14;5;3;19
TRACK:367;355;-1;2;3;0;5;0;1;0;5;11;1;12;12;1;0;20;0.4427220514928809;14;6;12;6;3;4;9;6;5;5;3;2;6;5;9;1;0;20;8.007901360654396;7;-2.961141212851459;5;22;0.5407543026911049;5;6;5;3;4;4;10
TRACK:368;357;-1;2;3;0;5;4;3;6;1;6;2;25;16;2;6;20;3.4355232896364103;6;8;6;5;5;3;2;6;18;5;8;5;1;1;5;20;-2.509056694324857;1;0;20;8.083949758267442;7;-2.8495107757267095;15;6;0;6;5;4;16;0;4;0;13;13;5;5;12
TRACK:369;359;-1;2;3;0;5;4;3;15;6;5;5;3;2;6;5;9;1;1;13;10;5;22;0.6363939703987842;5;6;6;3;19
EVAL_INSTANCE:18:0:360
EVAL_INSTANCE:18:1:361
EVAL_INSTANCE:18:2:362
EVAL_INSTANCE:18:3:363
EVAL_INSTANCE:18:4:364
EVAL_INSTANCE:18:5:365
EVAL_INSTANCE:18:6:366
EVAL_INSTANCE:18:7:367
EVAL_INSTANCE:18:8:368
EVAL_INSTANCE:18:9:369
RUN_RESULT:18:0:0:1004:LULDURRDDULULLLDDDURUUUULDDDDDURRU
RUN_RESULT:18:1:0:205:ULLDUUUULDLLUDDDDDRUULRRURUUL
RUN_RESULT:18:2:0:632:UUUULULDDUUULUULLDDDDDURRU
RUN_RESULT:18:3:0:227:UUULUULDDLDDRURRULLUUULDDDDDURRU
RUN_RESULT:18:4:0:398:ULLDDDUUUUUUUL
RUN_RESULT:18:5:0:30:UUULUULDDLDDRUUUUUUUL
RUN_RESULT:18:6:0:148:ULLDDDUUUUUUUL
RUN_RESULT:18:7:0:33:UUULUULDDLDDRUUUUUUUL
RUN_RESULT:18:8:0:242:ULLDDDUUUUUUUL
RUN_RESULT:18:9:0:1609:LULDLLDRRUULLLRUUUUULDDDDDURRU
    19 |      190 | -3.970300E+03 | -3.977000E+03
TRACK:370;365;44;2;7;-2.804391312369981;1;4;4;9;4;4;8
TRACK:371;365;44;2;3;0;5;4;3;6;1;6;2;25;22;0.7977358340844977;2;6;20;4.131964780987013;6;8;6;5;5;3;2;6;5;9;1;0;20;7.897813082993652;7;-2.804391312369981;5;22;0.6329398301911694;5;6;6;3;19
TRACK:372;345;242;2;3;0;5;4;3;6;1;6;6;16;2;6;10;17;6;5;5;3;2;6;5;9;1;0;20;8.083395779044766;7;-2.9251612902185453;5;22;0.7049207820511103;5;5;5;1;6;10;6;22;-8.096509215124794
TRACK:373;345;242;2;3;0;5;4;3;6;1;6;2;18;16;2;6;20;4.238734544399663;6;17;6;5;5;3;2;6;2;17;18;6;22;7.022697687779396;5;6;6;1;5;24;5;20;6.229771378574661
TRACK:374;185;44;2;3;0;5;4;3;6;1;6;6;16;2;6;10;3;9;22;0.6329398301911694;5;6;6;3;19
TRACK:375;185;44;2;3;3;9;5;6;6;3;19
TRACK:376;345;365;2;3;0;5;4;3;6;1;6;6;16;2;6;10;17;6;5;5;3;0;20;8.151673626820168;7;-2.8473322615131216;5;5;5;1;6;10;6;22;-8.096509215124794
TRACK:377;345;365;2;3;0;5;4;3;6;1;6;6;16;2;6;10;17;6;5;5;3;0;20;8.083395779044766;7;-2.9251612902185453;1;4;4;9;4;4;8
TRACK:378;185;243;2;3;0;5;4;3;7;-2.9884001374136284;6;5;5;3;2;6;5;9;1;0;20;8.104730929832593;7;-2.869158514099039;5;22;0.6359126266426951;5;6;6;3;19
TRACK:379;185;243;2;3;0;5;2;6;5;9;1;0;20;7.9284738893478215;7;-2.9884001374136284;5;22;0.5307004909293463;6;5;5;3;2;6;5;9;1;0;20;7.896904130192261;7;-2.9336577069882783;5;22;0.5220211688916646;5;6;5;3;3;9
TRACK:380;370;-1;2;7;-2.7311085991423223;1;4;4;9;4;4;0;5;3;3;5;13;0;3;4;5;11;5;0;3;10;6;21;0.4889555206618077
TRACK:381;372;-1;2;3;0;5;4;3;6;1;6;6;16;1;4;15;6;14;6;5;5;3;2;6;5;9;1;0;20;8.001895133542227;7;-2.8478089182557795;5;22;0.7113337210436578;5;5;5;1;6;10;6;22;-8.128743391856972
TRACK:382;374;-1;2;3;0;5;4;3;6;1;6;6;16;2;6;10;3;9;22;0.5749397004606334;2;2;5;4;4;4;11;1;5;2;1;8;22;-9.448738393261456;3;11;3;2;6;14;0;14;17;5;4;1;3;6;19;3;2;13;14
TRACK:383;376;-1;2;3;0;5;4;3;6;5;8;6;5;5;3;0;20;8.145381220681983;7;-3.079097560214268;5;5;5;1;6;10;6;22;-8.070616666589672
TRACK:384;378;-1;1;3;4;1;20;-8.908603917036036;11;2;1;6;11;5;10;0;6;12;0;7;-7.100375926104466;21;1.4585213189920552
TRACK:385;371;-1;1;0;4;1;18;19;4;4;19;5;6;0;10;9
TRACK:386;373;-1;2;3;0;5;4;3;6;1;6;2;18;16;2;5;10;6;17;6;5;5;3;2;6;2;17;18;6;22;6.925890789537247;5;6;6;1;5;24;5;20;6.2996328546238916
TRACK:387;375;-1;2;0;4;3;5;11;5;1;5;12;0;22;-5.281612902015025;18;5;6;6;3;19
TRACK:388;377;-1;2;3;0;5;4;3;6;1;6;6;16;2;6;10;17;6;5;5;3;0;20;8.236303791595311;7;-2.9511865401763577;1;4;4;9;4;0;12;22;-3.3860941741024515
TRACK:389;379;-1;2;3;0;5;4;2;0;1;4;3;19;6;0;9;16;0;1;0;7;5.829331359437386;11;3;24;6;4;14;6;1;4;6;25;2;1;11;19;5;24;6;5;5;3;2;6;5;9;1;0;20;7.888973546286151;7;-2.783724606919556;5;22;0.5171318745544392;5;6;5;3;3;9
EVAL_INSTANCE:19:0:380
EVAL_INSTANCE:19:1:381
EVAL_INSTANCE:19:2:382
EVAL_INSTANCE:19:3:383
EVAL_INSTANCE:19:4:384
EVAL_INSTANCE:19:5:385
EVAL_INSTANCE:19:6:386
EVAL_INSTANCE:19:7:387
EVAL_INSTANCE:19:8:388
EVAL_INSTANCE:19:9:389
RUN_RESULT:19:0:0:877:ULLDDDUUUUUUUL
RUN_RESULT:19:1:0:33:UUULUULDDLDDRUUUUUUUL
RUN_RESULT:19:2:0:884:LULDLLDRRUULLLDDDURUUUULDDDDDURRU
RUN_RESULT:19:3:0:138:ULLUDDDDUUUUUUUL
RUN_RESULT:19:4:0:877:ULLDDDUUUUUUUL
RUN_RESULT:19:5:0:985:ULLDDDUUUUUUUL
RUN_RESULT:19:6:0:168:RUUUULLULDDDDUUUUUUUL
RUN_RESULT:19:7:0:2000:----
RUN_RESULT:19:8:0:144:ULLDDDUUUUUUUL
RUN_RESULT:19:9:0:54:UUUULULDDLDDRUUUUUUUL
    20 |      200 | -3.970300E+03 | -3.977000E+03
TRAINING ON LEVEL:87
of 184 levels
---LEVEL STRING---
__________
_W16w..s._
_...wF..._
_...w1..._
_...w3..._
_r..w...._
_...wR.b._
_S14wB12._
_.1Fw...r_
__________
---LEVEL STRING---
training done.
The time of execution is: 99.63395428657532 s

TRAINING DONE


-----!!!NEW PROBLEM!!!-----


START TESTING

LEVEL:0:______\n_K.2._\n_kSF._\n_bB1._\n_..fR_\n_1..._\n_3.r._\n_251O_\n_s.31_\n_o..2_\n______
LEVEL:1:________\n_......_\n_......_\n_.Sb.s._\n_.1..s._\n_.4b..1_\n_B12..3_\n_......_\n________
LEVEL:2:____________\n_.........._\n_.r....f..._\n_.....bssss_\n_.R.......F_\n_B1..f..b.1_\n_AO........_\n_.rssssssss_\n_.........F_\n_ss...R...1_\n_....B12W.3_\n_oS14...1.._\n____________
LEVEL:3:__________\n_F13....G_\n_..R15a.1_\n_.......0_\n_a.A.b.a._\n_....a..._\n_B....ggg_\n_1.a.ag.a_\n_2....g.f_\n__________
LEVEL:4:__________\n_.....B12_\n_.W......_\n_.1wwwww._\n_.6wf..w._\n_..w..kw._\n_F.wwwww._\n_1......._\n_3...bK17_\n__________
LEVEL:5:_________\n_....B18_\n_......._\n_...R..._\n_...1..._\n_...3..._\n_......._\n_....B12_\n_......._\n_.b..R.._\n_....1.._\n_r...9.._\n_......._\n_________
LEVEL:6:____________\n_G13wwwwK14_\n_w.o.okofow_\n_wo.o.o.o.w_\n_wko.o.o.ow_\n_wggggggggw_\n_w.o.o.o.ow_\n_wo.o.o.okw_\n_w.o.o.o.ow_\n_wo.obo.o.w_\n_K17wwwwB12_\n____________
LEVEL:7:____________\n_F13wwwwK14_\n_w.o.okofow_\n_wo.oko.o.w_\n_wko.o.o.ow_\n_wo.o.o.okw_\n_wko.o.o.ow_\n_wo.o.o.okw_\n_wko.o.o.ow_\n_wo.obo.o.w_\n_K17wwwwB12_\n____________
LEVEL:8:__________\n_B12....F_\n_1......1_\n_9lllL.f3_\n_..rl1..._\n_...l8..._\n_...lllll_\n_.br....._\n_....R15._\n__________
LEVEL:9:___________\n_rg9SkofVr_\n_GF.6WOV0A_\n_Fw0.3o6AB_\n_A5W..5A2l_\n_.WO5KlF.1_\n_441934sR2_\n_vF38vVb.k_\n_W4bAS.K1K_\n_kO9.W..21_\n_0Ba4o3.L2_\n_w9G.SG99v_\n_g9Br5Kkbk_\n_.l7RRG6r3_\n_LFffV..Gv_\n_ga8.ro1wr_\n_VWV7R..3._\n___________
LEVEL:10:__________\n_........_\n_....V12._\n_........_\n_...v...._\n_F.v.v..._\n_1..v...._\n_3......._\n_....f..._\n__________
LEVEL:11:__________\n_b....Vwv_\n_.....1ww_\n_.....3.._\n_........_\n_........_\n_.....BW._\n_.....11._\n_.....26._\n__________
LEVEL:12:__________\n_...K..3._\n_.f.k...._\n_kkkk...._\n_...kgkkk_\n_........_\n_G10...b._\n_.....B12_\n_K14..F13_\n__________
LEVEL:13:__________\n_..Bwwlll_\n_b.1wwlll_\n_..2wwlll_\n_...wwlll_\n_...wwlll_\n_W16....._\n_....F13._\n_s...wwwf_\n__________
LEVEL:14:__________\n_G10gl.f._\n_.aagl.l._\n_.R.gg.ll_\n_.b..gggl_\n_...a...a_\n_..r....5_\n_B12.1..._\n_F13a.L16_\n__________
LEVEL:15:__________\n_bW12..Fr_\n_........_\n_w.w.w..S_\n_.s...s.1_\n_..w.www4_\n_B.3s1..._\n_1.w.w..._\n_2.....Rf_\n__________
LEVEL:16:__________\n_bW12..Fr_\n_........_\n_w.w.w..S_\n_.s...s.1_\n_..w.www4_\n_B.3s1..S_\n_1.w.w..._\n_2.....Rf_\n__________
LEVEL:17:__________\n_.f......_\n_.......3_\n_kkkkgkkk_\n_...g.g.._\n_K14k.k.._\n_...k.kkk_\n_B12k..b._\n_F13....._\n__________
LEVEL:18:____________________\n_B.S14.O16.R15.B12._\n_1.F13.G16.V17....._\n_.Sv..............._\n_Rggggggggggggggggg_\n_1ggggggggggggggggg_\n_.F......gggggggggg_\n_ooo.......gggggggg_\n_wwwoo.......gggggg_\n_wwwwwoo.......gggg_\n_wwwwwwwoo..r......_\n_wwwwwwwwwoo.b....._\n_wwwwwwwwwwwooaaaaa_\n____________________
LEVEL:19:_________________\n_F13w.f.w.a...rw_\n_.a.wa...b.a.a.w_\n_wwrwwwww..wwwww_\n_...a...a....a.._\n_wwwwww.wwwwwwww_\n_.a.........ar.._\n_www.wwwwwwwwwww_\n_.a...a......ba._\n_..b......a....._\n_wwwwwwwwww.war._\n_k...a.....awwww_\n_wwwwwwwwwwwwB14_\n_R16wW16wK12wB17_\n_________________
LEVEL:20:__________\n_...s.V12_\n_v..s...._\n_..sssfss_\n_..s..s.._\n_F..s..s._\n_1.....s._\n_3..S14.._\n_........_\n__________
LEVEL:21:____________________\n_.Laallgg.......BG._\n_.1aallgg.......11._\n_.8aallgg.......90._\n_..aallgg.........._\n_..9allgg.......v.._\n_..aallgg.......V.._\n_b.2allgg.......1.._\n_llllllgg.......3.._\n_llllllgg.........._\n_gggggggg.........._\n_gggggggg.......B12_\n____________________
LEVEL:22:__________\n_........_\n_...b...._\n_........_\n_F......._\n_1.B.f..._\n_3.1....._\n_..2....._\n_........_\n__________
LEVEL:23:__________\n_........_\n_B...b..._\n_1......._\n_2......._\n_........_\n_..3...f._\n_F1....f._\n_........_\n__________
LEVEL:24:__________\n_S13....._\n_.......f_\n_...r...3_\n_........_\n_........_\n_F14..R12_\n_........_\n_......s._\n__________
LEVEL:25:_________________\n_....gg.....l..._\n_....gg.....l..._\n_....gg.....l..._\n_.b..gg.....l..._\n_....gg.....l..._\n_....gg.....l..._\n_....gg.....l..._\n_....gg.B12.l..f_\n_....gg.....l..._\n_K...gg.....l..._\n_B12.gg..k..l..._\n_....gg.....l..._\n_....gg.....l..._\n_....gg.G10.l..._\n_....gg.....l..._\n_....gg.....lF13_\n_....gg.....l..._\n_....gg.....lL14_\n_________________
LEVEL:26:__________\n_.ssss.s._\n_..ss.fv._\n_...as.v._\n_.F12.A.._\n_.....1.._\n_.....3.._\n_.ggg...._\n_.s......_\n__________
LEVEL:27:__________\n_glF13S12_\n_gksgggVV_\n_ggrrrrV2_\n_vggkgkVr_\n_vvgvvvVr_\n_vvvvvlVl_\n_vvvvvlVl_\n_vvvvl.fl_\n__________
LEVEL:28:__________\n_B12..VGF_\n_S.....1._\n_1.b.s35f_\n_4...sss._\n_........_\n_gggggggg_\n_...vv..._\n_........_\n__________
LEVEL:29:__________\n_V.2a..12_\n_B12avF.._\n_bv.a...._\n_aaaaaaaa_\n_...a...._\n_..2a.A.._\n_A16a1..._\n_.1.a2f3._\n__________
LEVEL:30:__________\n_K17....._\n_......O._\n_k.vwww.._\n_...wow.k_\n_...www.._\n_KV..W16._\n_11.O1.3._\n_42..k..._\n__________
LEVEL:31:___________________\n_B12w...ag...wG10._\n_wwww...gg...wW16._\n_..13...ga...wwwww_\n_.V15..agga......._\n_.R...araga.a....._\n_.....a.ggaaa....._\n_ggggggggaaaav...._\n_.v....agga......._\n_....b..aga......._\n_......agga......._\n___________________
LEVEL:32:__________\n_b.....f._\n_.....V12_\n_........_\n_F13....._\n_........_\n_........_\n_....v..._\n_........_\n__________
LEVEL:33:__________\n_........_\n_...bV12._\n_........_\n_........_\n_.B13...._\n_........_\n_........_\n_...vv..._\n__________
LEVEL:34:__________\n_...V13.._\n_v......._\n_........_\n_......b._\n_....B12._\n_........_\n_..V15..._\n_........_\n__________
LEVEL:35:__________\n_..F1.3.._\n_llllllll_\n_..L14..._\n_........_\n_........_\n_........_\n_........_\n_bB12...f_\n__________
LEVEL:36:__________\n_B12.F13._\n_........_\n_...sss.._\n_.b.sfs.._\n_...s...._\n_...s...._\n_........_\n_........_\n__________
LEVEL:37:__________\n_s..S..a._\n_k.o....l_\n_.g....b._\n_L.g..b.w_\n_g.s..fs._\n_....B..l_\n_b...1r.._\n_G13.2b.._\n__________
LEVEL:38:__________\n_.Rrbll.f_\n_L18.lll._\n_.5..ll.r_\n_..r.ll.1_\n_..r.ll.l_\n_.F..ll.B_\n_B19.ll.1_\n_r3r....2_\n__________
LEVEL:39:__________\n_A.2...bg_\n_1.G.3.a._\n_wwg1W16._\n_..12B12b_\n_........_\n_........_\n_........_\n_........_\n__________
LEVEL:40:__________\n_b..lsllf_\n_...lslll_\n_.S.lslll_\n_L18lslll_\n_.6.ls..._\n_F......._\n_1......._\n_3.B12..._\n__________
LEVEL:41:____________________\n_llllllff........L._\n_lgggglff........1._\n_lbggglff........5._\n_lg..glff.........._\n_lG15glff.........._\n_llllllff.........._\n_ffffwww..........._\n_ffff.............._\n_.................._\n_.........F.3......_\n_..B12.....1......._\n_.................._\n_.........k........_\n_....K12..........._\n_.................._\n_.................._\n_................7._\n_.................._\n____________________
LEVEL:42:__________\n_f.k.k.kk_\n_.B12F13._\n_k......k_\n_...b...._\n_k......k_\n_........_\n_k......k_\n_.K14K17._\n__________
LEVEL:43:__________\n_ffffffff_\n_W16....._\n_Bk......_\n_1.k...k._\n_2...k..._\n_w..wwwww_\n_...k...._\n_Kk.....k_\n_1k...k.._\n_7......._\n_w..wwwww_\n_........_\n_F13...k._\n_K..k...._\n_1......._\n_4...kk.b_\n__________
LEVEL:44:__________\n_FWwwwwww_\n_11wb.fww_\n_36wwwwww_\n_G10wgkww_\n_wwwwwwww_\n_wBKwwwww_\n_w11wwwww_\n_b2.kwwww_\n__________
LEVEL:45:___________\n_.F.w..V.._\n_o1.w.o1.._\n_.4.w.o2.o_\n_wwww.o..._\n_.ov...oWw_\n_.ov.o..1w_\n_..o.O186w_\n_foo..wF13_\n___________
LEVEL:46:____________________\n_W........wwwwwwwww_\n_1wwwwwwwww......Kw_\n_6wK17ooowwR1.O.81w_\n_Kwkooo3oww..3.1.9w_\n_1wkoooooww.......w_\n_4wo1kbkowwaaaaw.ww_\n_Awooooooww.....ww._\n_1woooooowwb..w..w._\n_9wwwwwwwwww.sw.ww._\n_Awwwwwwwwwwwlwwww._\n_1wb.....ww......w._\n_4wwwww.www.b.R..w._\n_Sw......ww.r.1..w._\n_1ww.wwwwww...5L.w._\n_4wrrrrrrww....1.w._\n_Bwrrfrrrww....8.w._\n_1wwwwwwwwwwwwwwww._\n_9R19F13L18R14B12.._\n____________________
LEVEL:47:______\n_fr.b_\n_F13w_\n_gggg_\n_wwww_\n_F17w_\n_R15w_\n_G10W_\n_B121_\n_W16W_\n______
LEVEL:48:__________\n_WSLlllll_\n_111llllk_\n_556llK12_\n_lllllB17_\n_lllllK1._\n_lllkklll_\n_lllwwlll_\n_FllssllF_\n_1......1_\n_3......3_\n_f......f_\n_........_\n_........_\n_oooggooo_\n_..o..o.._\n_GBo..oOS_\n_11ob.o11_\n_89o..o58_\n__________
LEVEL:49:____________________\n_Wwvvvvvvvfvvvvvvvv_\n_1wvvvvvvv.vvvvvvvv_\n_6wvvvvvvv.vvvvvvvv_\n_Fwvvvvvvv.vvvvvvvv_\n_1wvvvvvvv.vvvvvvvv_\n_3wvvvvvvvvvvvvvvvv_\n_Vwvvvvvvvvvvvvvvvv_\n_1wvvvvvvvvvvvvvvvv_\n_4wvvvvvvvvvvvvvvvv_\n_wwvvvvvvvvvvvvvvvv_\n_..............s..._\n_......r.r.....sS.._\n_...b..rrr.....s1.._\n_..B12..R......s4.._\n_.......1......s..._\n_.......5..O1O.s..._\n_..............w..._\n_..............w..._\n____________________
LEVEL:50:_______\n_bB12._\n_...F._\n_.fR15_\n_...3._\n_.r..._\n_______
LEVEL:51:________\n_rrrrrr_\n_rrrrrr_\n_rrbrrr_\n_rr.rRr_\n_r..B12_\n_r.3.6._\n________
LEVEL:52:____________\n_v......V12_\n_...f.....F_\n_.R.....b.1_\n_B12......3_\n_...S.S14.._\n____________
LEVEL:53:__________\n_bB1...2._\n_..fR1SF._\n_1...31s._\n_3.r..2.1_\n__________
LEVEL:54:_________\n_......._\n_....b.._\n_....s.._\n_......F_\n_.B12..1_\n_......3_\n_...S121_\n_________
LEVEL:55:____________\n_.........._\n_.b..S....._\n_.....712.._\n_.....O...._\n_.B........_\n_...b.....F_\n_.........1_\n_GokK12...3_\n_V......B1._\n_r........R_\n____________
LEVEL:56:________\n_......_\n_.b...._\n_......_\n_......_\n_.S...._\n_.1...._\n_.BB123_\n_.s...3_\n________
LEVEL:57:____________\n_B1.B.....B_\n_R1.......1_\n_..5....S12_\n_.........._\n_.r.....b.._\n_...L......_\n_......1..F_\n_..f......1_\n_......s..4_\n_F13......._\n____________
LEVEL:58:_______\n_F.B12_\n_1b..._\n_3...f_\n_..k.._\n_K17.._\n_______
LEVEL:59:____________\n_B12w.....S_\n_K12w.....1_\n_F16w....7._\n_wwww......_\n_G1........_\n_1.....s..._\n_.0.3.sbs.._\n_g.....s..g_\n_gg......gg_\n_ggg....ggg_\n____________
LEVEL:60:____________\n_B12......S_\n_Br.......1_\n_R..f.....F_\n_.........1_\n_G1.......3_\n_1.....s.f._\n_.0.3.sbs.F_\n_g.....s..g_\n_gg..13..gg_\n_ggg....ggg_\n____________
LEVEL:61:_________\n_.....B8_\n_......._\n_...R..._\n_..o1..._\n_......._\n_....B.._\n_......._\n_....rs._\n_..1SF.._\n_fB31s.._\n_F112o.._\n_......._\n_________
LEVEL:62:________\n_......_\n_......_\n_......_\n_......_\n_......_\n_......_\n_..B..._\n_..1..._\n_..2F13_\n_..b..._\n_......_\n_......_\n_f.F15._\n_......_\n_......_\n________
LEVEL:63:_____________\n_.....2....._\n_.b...F....._\n_....w.712.._\n_.B....O...._\n_....S.....F_\n_........S.1_\n_.....K12..._\n_.b.W......._\n_........s.._\n_.....B12s3k_\n_..........k_\n_____________
LEVEL:64:_________\n_Fw.f.wB_\n_1w...w1_\n_3wwwww2_\n_......._\n_..W16.._\n_......._\n_...b..._\n_________
LEVEL:65:____________\n_B13......F_\n_....f....1_\n_rrrR1Rrrr2_\n_........b._\n____________
LEVEL:66:____________\n_F13wwwwK14_\n_w.o.okofow_\n_wo.o.o.o.w_\n_wko.o.o.ow_\n_wo.o.o.o.w_\n_w.o.o.o.ow_\n_wo.o.o.okw_\n_w.o.o.o.ow_\n_wo.obo.o.w_\n_K17wwwwB12_\n____________
LEVEL:67:____________\n_.........._\n_llllllll.._\n_.....r...._\n_.........._\n_..b..r...._\n_.........._\n_gggggggg.._\n_W13..G17.._\n_.........._\n_B12......._\n____________
LEVEL:68:___________\n_B12w....._\n_wwww.brk._\n_.R......._\n_........._\n_ggggggggg_\n_.1......._\n_.5......._\n_........._\n_.K......._\n_........._\n_ggggggggg_\n_........._\n_......ooo_\n_wwww..ofo_\n_W16w..ooo_\n_G10w..F13_\n___________
LEVEL:69:__________\n_k....b.._\n_w....o.o_\n_sB123ggg_\n_.fR.oo.o_\n_.....bg._\n_.r..f..._\n_.s.bs..k_\n_..sg.www_\n__________
LEVEL:70:__________\n_...12..._\n_...r.ooo_\n_2...B11O_\n_......31_\n_s2.3...2_\n_........_\n_..R1..F1_\n_.....S14_\n__________
LEVEL:71:_______________\n_.l..gL16g..l._\n_.l..ggggg..l._\n_............._\n_............._\n_..l.......l.._\n_..l.......l.._\n_3....G10....3_\n_..l.......l.._\n_..l.......l.._\n_............._\n_............._\n_.l..ggggg..l._\n_.l..gL12g..l._\n_______________
LEVEL:72:__________\n_.kSFr..._\n_vbR1Sbb._\n_g..31skB_\n_r...2so8_\n_bss...a4_\n_FR...aa._\n_S1o....w_\n_W6R11oof_\n__________
LEVEL:73:__________\n_........_\n_....V12._\n_........_\n_........_\n_F.v.v..._\n_1..v...._\n_3......._\n_....f..._\n__________
LEVEL:74:__________\n_........_\n_....V12._\n_..v.v..._\n_..vvv..._\n_F.v.v..._\n_1..v...._\n_3......._\n_....f..._\n__________
LEVEL:75:__________\n_.....B12_\n_.W.14..._\n_.1wwwww._\n_.6wf..w._\n_..w..kw._\n_F.wwwww._\n_1......._\n_3...bK17_\n__________
LEVEL:76:____________\n_K..w.kwK14_\n_1...okkfow_\n_7...B12o.w_\n_s.k......._\n_.....R...._\n_w.www..W16_\n_w........._\n_..b...r..k_\n_w........._\n_..kwwwF13._\n____________
LEVEL:77:____________\n_K.kw.kwK14_\n_1...okkfo._\n_7.o.A12o.w_\n_s.2..r.o.._\n_.....R...._\n_w.www..W16_\n_w...o..o.._\n_..b...rbak_\n_w...5...o._\n_b.fwwwF13._\n____________
LEVEL:78:__________\n_...12..._\n_...rg1.._\n_........_\n_.s..wk2g_\n_F12.V7f._\n_w.F.v..._\n_3R25K..._\n_..v....._\n__________
LEVEL:79:__________\n_W16..R15_\n_.....R13_\n_..R....._\n_B1B12.ww_\n_......wr_\n_......ww_\n_........_\n_b....R19_\n__________
LEVEL:80:__________\n_W16..R15_\n_.....R13_\n_..R....._\n_B1B12.ww_\n_......wr_\n_......ww_\n_...R...._\n_bB1..R19_\n__________
LEVEL:81:__________\n_B1B....f_\n_1......._\n_2......._\n_........_\n_........_\n_.......F_\n_.......1_\n_b......3_\n__________
LEVEL:82:__________\n_V1V....B_\n_.......1_\n_V1.....2_\n_..F....._\n_........_\n_........_\n_........_\n_bv....7F_\n_.......1_\n_.......3_\n_wwwwwwww_\n_.v....W._\n_......1._\n_f.....6._\n__________
LEVEL:83:__________\n_B12..F13_\n_........_\n_........_\n_........_\n_.b....f._\n_........_\n_........_\n_........_\n__________
LEVEL:84:__________\n_.K14.B12_\n_.fow...._\n_2o.w...3_\n_..1.W..w_\n_..4...k._\n_....rr.._\n_........_\n_....bK17_\n__________
LEVEL:85:__________\n_l......._\n_...b...._\n_L1B....._\n_..1....._\n_..2F...._\n_.b.bB1Br_\n_........_\n_.f....13_\n__________
LEVEL:86:__________\n_bF132..G_\n_....g1.1_\n_..B12AO._\n_.RF13wwr_\n_a12....._\n_o.....WF_\n_......F1_\n_.....f.._\n__________
LEVEL:87:__________\n_W16w..s._\n_...wF..._\n_...w1..._\n_...w3..._\n_r..w...._\n_...wR.b._\n_S14wB12._\n_.1Fw...r_\n__________
LEVEL:88:__________\n_W16w..s._\n_.14wF..._\n_F..w1..._\n_...w3..._\n_..rw...._\n_...wR.b._\n_S14wB12._\n_.1Fw...r_\n__________
LEVEL:89:__________\n_........_\n_WW..W16._\n_11b.B12._\n_9W......_\n_........_\n_FL...www_\n_11...wll_\n_38...wlf_\n__________
LEVEL:90:________________\n_K17..........._\n_1....3........_\n_.4w.k...Ww...._\n_..l.....1....._\n_..lw.k.76Ww..._\n_..l..........._\n_lllllllll....._\n_......ll......_\n_.............._\n_b............._\n_L14........B12_\n________________
LEVEL:91:__________\n_...K.3.._\n_.f.k...._\n_kkkk...._\n_...kgkkk_\n_........_\n_G10...b._\n_.....B12_\n_K14..F13_\n__________
LEVEL:92:__________\n_.....b.s_\n_FBs....s_\n_f13....s_\n_.2..rrrr_\n_...r...._\n_...r.RF._\n_...r.11._\n_S14r.5.._\n__________
LEVEL:93:__________\n_.B1..ww._\n_s..S...f_\n_.w1ww4.._\n_.w.SF..1_\n_1.4.Bw.4_\n_3bww3w.._\n_.......s_\n_.W12.s.._\n__________
LEVEL:94:__________\n_........_\n_B12....._\n_S16....._\n_K13.b..._\n_G16....._\n_F16..v.v_\n_.....vsv_\n_V16..vkf_\n__________
LEVEL:95:___________\n_s...f...s_\n_.k.....k._\n_..k...k.._\n_...k.k..._\n_....k...._\n_....S14.._\n_........._\n_K17...K14_\n_B12.b.F13_\n___________
LEVEL:96:__________\n_.B1.sF13_\n_S142s..._\n_...fs..._\n_sssss..._\n_........_\n_.....17._\n_.B12..b._\n_........_\n__________
LEVEL:97:_________\n_....F13_\n_......._\n_..K...._\n_..1...._\n_.f2...._\n_......._\n_k......_\n_________
LEVEL:98:__________\n_........_\n_...F13.._\n_........_\n_.......v_\n_B.....a._\n_1......._\n_2..O...._\n_..k.fb.S_\n__________
LEVEL:99:__________\n_B12.gggf_\n_F13agggg_\n_R15.gggg_\n_G10.gggg_\n_.a......_\n_..r..rr._\n_..rrrrrr_\n_b..rr..._\n__________
LEVEL:100:__________\n_........_\n_........_\n_.B...k.._\n_1......._\n_wwwvwwww_\n_.b......_\n_........_\n_.....3.._\n_...K...._\n_....1..._\n_..7....._\n_........_\n_.......V_\n_.......1_\n_B12..W14_\n__________
LEVEL:101:__________\n_....B12b_\n_....b..._\n_.......F_\n_...1...1_\n_......12_\n_........_\n_gb...f.._\n_g......._\n_g1..Rr.._\n_gfRf12.k_\n_G.f36..._\n_.b.15..F_\n_G.f....1_\n_.......4_\n_K13....._\n__________
LEVEL:102:__________\n_........_\n_........_\n_.bf....._\n_......B._\n_......1._\n_.F13..2._\n_........_\n_........_\n__________
LEVEL:103:___________\n_oLoLBLoLo_\n_o1o111o1o_\n_w8w828w8w_\n_ooo131ooo_\n_L18oboooo_\n_oooowoOoo_\n_L18oWoL18_\n_oooo1oooo_\n_L14o6oo1L_\n___________
LEVEL:104:_______________\n_B12wwW16.F.13_\n_K14ww.......k_\n_1bG.w.....k.._\n_7.1ww.w.....k_\n_f.4ww.....k.._\n_gggww..k....._\n_gggwwk......._\n_gggww..k....._\n_gggwwk......._\n_k..www..k...k_\n_..k..www..k.._\n_k......w...kw_\n_wwwwww...wwww_\n_______________
LEVEL:105:___________\n_B19L18F13_\n_1wwwwwwwW_\n_2w..b..w1_\n_ww.....w6_\n_..A....wA_\n_a.1.a..w1_\n_...5...w9_\n_.llllllll_\n_.llllllll_\n_.....l..._\n_.V1.vl.f._\n_.1...l..._\n_..2.lllll_\n___________
LEVEL:106:__________\n_.f......_\n_........_\n_kkkkkgkk_\n_B12....._\n_........_\n_G10....._\n_..F13..._\n_......b._\n__________
LEVEL:107:__________\n_.....L14_\n_.llK14wF_\n_.Wrb...1_\n_.ww....3_\n_.ww....._\n_.R1....._\n_........_\n_.1F..B12_\n__________
LEVEL:108:__________\n_b....V.B_\n_.....1.1_\n_..3..9.2_\n_.F...s.._\n_S14sss.._\n_........_\n_........_\n_....f..k_\n__________
LEVEL:109:______________\n_l.bFk...l..._\n_l.B12...l..._\n_l.k42....l.._\n_ll...R..rl2._\n_.1l......l.._\n_..llKl.lll.._\n_.k..1......._\n_....8.f..4.._\n_..2........._\n_..F1.9..K12._\n_...3........_\n_............_\n______________
LEVEL:110:__________\n_B12...fO_\n_...3...._\n_.b......_\n_F......o_\n_1......l_\n_L1......_\n_3......._\n_........_\n__________
LEVEL:111:__________\n_.2......_\n_S..b...._\n_..B....._\n_ww1....._\n_W1......_\n_.F12ss.._\n_....B123_\n_.f.....3_\n__________
LEVEL:112:__________\n_b....F13_\n_l..W16.._\n_llwlllll_\n_.....V.._\n_gggG..12_\n_v.g1.L18_\n_f.g0...._\n_ggg..B12_\n__________
LEVEL:113:______\n_...._\n_.r.._\n_...f_\n_R12._\n_..F._\n_..1._\n_..3._\n_...._\n_...._\n______
LEVEL:114:___________\n_B12aab..._\n_.......A._\n_.......1._\n_F13....7._\n_ggggggggg_\n_ggwwwwwgg_\n_www.f.www_\n_W16.k.G14_\n___________
LEVEL:115:__________\n_........_\n_........_\n_..F12..._\n_........_\n_....31A._\n_fff....._\n_..f....._\n_a.f....._\n__________
LEVEL:116:__________\n_........_\n_.......o_\n_..f....._\n_........_\n_...K13.._\n_.r.g..B._\n_..w...1._\n_...b..2k_\n__________
LEVEL:117:__________\n_B1.awB12_\n_f.o..12._\n_b....rg1_\n_1......._\n_3..Rrr.5_\n_....r..l_\n_g7.w.Ar._\n_K2.k..or_\n__________
LEVEL:118:__________\n_B12..F13_\n_1......._\n_9......._\n_..rb.9.._\n_........_\n_..R..5.._\n_..1....v_\n_V18...vf_\n__________
LEVEL:119:__________\n_b......B_\n_..1.R..1_\n_.R...5.2_\n_........_\n_.0.rrr.._\n_gggggggg_\n_gg...G10_\n_fg...F13_\n__________
LEVEL:120:__________\n_........_\n_S12.B..._\n_S..1..2._\n_........_\n_K.....s._\n_...b...._\n_........_\n_3......._\n__________
LEVEL:121:__________\n_........_\n_.b......_\n_..B....._\n_..1....._\n_..2....._\n_..3....._\n_.Ss....._\n_........_\n__________
LEVEL:122:__________\n_b......._\n_........_\n_...f...._\n_B......._\n_1......._\n_2......._\n_l......._\n_ff.lF13._\n__________
LEVEL:123:__________\n_....B12._\n_....F13._\n_k.b....._\n_....K1.._\n_....fR.._\n_........_\n_........_\n_....r..._\n__________
LEVEL:124:__________\n_........_\n_...b...._\n_........_\n_........_\n_..B...F._\n_..1...1._\n_..2...3._\n_........_\n_........_\n_.......f_\n_........_\n__________
LEVEL:125:__________\n_........_\n_b......._\n_........_\n_...r...._\n_..R12..._\n_.....F.f_\n_.....1.._\n_.....3.._\n__________
LEVEL:126:__________\n_..B12..._\n_........_\n_....F..._\n_..fR15.._\n_b...3..._\n_........_\n_........_\n_..r....._\n__________
LEVEL:127:__________\n_F13....._\n_........_\n_........_\n_.b......_\n_........_\n_...B12.._\n_........_\n_f......._\n__________
LEVEL:128:__________\n_....LLLr_\n_1...LLL._\n_F......._\n_.......F_\n_.......1_\n_.......3_\n_..Rb...._\n_.....B12_\n__________
LEVEL:129:__________\n_......13_\n_..W16..._\n_...B1B.._\n_..B1...._\n_..12...._\n_wwb....._\n_........_\n_........_\n__________
LEVEL:130:_______________\n_......w......_\n_......r..R15._\n_..g.ggr.w...._\n_..g...r...w.._\n_g.rrr.rrk...._\n_.....rK14...._\n_.r.w...r..k.._\n_..r.w.r..ggrg_\n_.bwwwwr.W16r._\n_.wr.rrrwr..k._\n_.w...gw.r..k._\n_.w.f.g..r...._\n_.wr.....r...._\n_B12G10..r.F13_\n_______________
LEVEL:131:_______________\n_......w......_\n_......r..R15._\n_..g.ggr.w...._\n_..g...r...w3._\n_g.rrr.rrk...._\n_.....rK14...._\n_.r.w...r..k.._\n_..r.w.r..ggrg_\n_.bwwwwr.W16r._\n_.wr.rrrwr..k._\n_.w...gw.r..k._\n_.w.f.g..r...._\n_.wr.....r...._\n_B12G10..r.F13_\n_______________
LEVEL:132:__________\n_.......f_\n_........_\n_.k......_\n_..k....._\n_b..k...._\n_.....F13_\n_B12....._\n_........_\n__________
LEVEL:133:__________\n_........_\n_........_\n_llllllll_\n_L.....B._\n_1...b.1._\n_8.....9._\n_........_\n_B12..F13_\n__________
LEVEL:134:_______________\n_b........wF19_\n_G.R.B.R.SwV18_\n_1.R.1.1.1wV17_\n_6.R.2.5.6wF13_\n_...r.r...wW16_\n_.........wG1G_\n_....g....wS1S_\n_wwwwswwwwwwww_\n_vg..f..svw..._\n_______________
LEVEL:135:__________\n_......F._\n_f......o_\n_..b....f_\n_......R._\n_.r....11_\n_.1OB12.._\n_1..b...._\n_3......._\n__________
LEVEL:136:__________\n_........_\n_b.....b._\n_.....b.._\n_...r...._\n_..R12..._\n_.....F.f_\n_.b...1.._\n_.....3.._\n__________
LEVEL:137:__________\n_F13....._\n_........_\n_........_\n_.b......_\n_........_\n_.....B12_\n_........_\n_f......._\n__________
LEVEL:138:__________\n_......BF_\n_.b....11_\n_....R.23_\n_1..5.r.._\n_.....r.._\n_gggggggg_\n_gggggggg_\n_gggggfgg_\n__________
LEVEL:139:__________\n_V.2a..12_\n_B12avF.._\n_bv.a...._\n_aaaaaaaa_\n_...a...._\n_r.Ra.A.._\n_A16a1..._\n_A1032f3._\n__________
LEVEL:140:__________\n_F13....f_\n_....llV._\n_....ll1l_\n_....ll2l_\n_...lll.l_\n_...lllll_\n_.v......_\n_........_\n__________
LEVEL:141:__________\n_........_\n_F12....._\n_....3..._\n_....V1.._\n_........_\n_........_\n_...f.l.v_\n_.....l.._\n__________
LEVEL:142:__________\n_....w.b._\n_....w..w_\n_B13.w.ww_\n_........_\n_F12.fff._\n_........_\n_....W15._\n_........_\n__________
LEVEL:143:__________\n_G......._\n_1..L14.._\n_0......F_\n_.......1_\n_.b.....3_\n_ggg....._\n_llg.B12._\n_fl......_\n__________
LEVEL:144:__________\n_bB1...2._\n_..fR1SF._\n_1...31s._\n_3.s..2.1_\n__________
LEVEL:145:__________\n_......wf_\n_W15..w.._\n_.....w.w_\n_.B12w.w._\n_.....w.._\n_...b..ww_\n_F13...w._\n_......w._\n__________
LEVEL:146:____________\n_A18wa....._\n_B19ww..a.._\n_1ssswa..a._\n_2K13wV13a._\n_wwwww..a.._\n_aaaaa...a._\n_a....aaVav_\n_..aa.aa1av_\n_a.ba.a.8av_\n_aaaa...akv_\n____________
LEVEL:147:__________\n_...w..w._\n_..w.fw.._\n_V12..v.w_\n_....w.w._\n_..ww...w_\n_F13.w.v._\n_.b.v...._\n_....W15._\n__________
LEVEL:148:__________\n_.....w.._\n_F13v...._\n_..V1..w._\n_.b..2..._\n_.W15...w_\n_.w...w.._\n_....w..._\n_B12.w.f._\n__________
LEVEL:149:__________\n_fwwwwwGF_\n_ggwwww11_\n_ggrwww03_\n_g...wwwW_\n_r....ww1_\n_.W19.R16_\n_.O18.1ww_\n_bB12b5.w_\n__________
LEVEL:150:__________\n_.......4_\n_.b..v.gb_\n_..lBOrv._\n_O131..F._\n_.sf2..f._\n_..w...bl_\n_...g.v.._\n_A.of.f.9_\n__________
LEVEL:151:__________\n_.B......_\n_.1..F13O_\n_.2bR...._\n_........_\n_......a._\n_........_\n_........_\n_...f...._\n__________
LEVEL:152:____________________\n_BWw..............._\n_11w.....G10......._\n_26w..wwwwwwww....._\n_www..woooooow....._\n_.....wooR15ow....._\n_.....woooooow....._\n_.....woborrow....._\n_.....woooooow....._\n_..wwwwwggggwwwww.._\n_..w............w.._\n_..w............w.._\n_..w............w.._\n_..wggg.........w.._\n_..wggg.....F13.w.._\n_..wfgg.........w.._\n_..wwwwwwwwwwwwww.._\n_.................._\n_.................._\n____________________
LEVEL:153:__________\n_L1.....O_\n_1......1_\n_8......9_\n_........_\n_F15.V12._\n_w.l.Kv.._\n_3.2.V..k_\n_.......k_\n__________
LEVEL:154:__________\n_B1gg..kb_\n_...v...._\n_......f3_\n_a3V12..._\n_........_\n_.g......_\n_K1.G...._\n_B1...F13_\n__________
LEVEL:155:__________\n_B12..G10_\n_...f...._\n_........_\n_gggggggg_\n_b......._\n_.....r.._\n_........_\n_F13..R15_\n__________
LEVEL:156:__________\n_.R.bll.f_\n_L18.lll._\n_.5..ll.r_\n_..r.ll.1_\n_..r.ll.l_\n_.F..ll.B_\n_B19.ll.1_\n_.3.....2_\n__________
LEVEL:157:__________\n_V12.r..._\n_R.rr2rw._\n_1r....wg_\n_4.ggrrwv_\n_gggF13aa_\n_r.gggggg_\n_a..rarar_\n_fargrara_\n__________
LEVEL:158:__________\n_B12..G10_\n_........_\n_gg..b.1._\n_Fgsr.r5._\n_.gsr.R.._\n_.gs....._\n_.gssss.._\n_.13S141F_\n__________
LEVEL:159:__________\n_B12..G10_\n_sss....._\n_gg..b.1._\n_Fgsr.r5._\n_.gsr.R.._\n_.gs....._\n_.gssss.._\n_.13S141F_\n__________
LEVEL:160:__________\n_kBK.w.b._\n_..1ww..._\n_..2w...._\n_wwww..V._\n_......1._\n_......3._\n_W18....._\n_.....B19_\n__________
LEVEL:161:__________\n_BK13gggG_\n_1rrrggR1_\n_2rbrgR16_\n_.rrrgg7g_\n_.ggggrgg_\n_.ggggggg_\n_.g..rggr_\n_.r.r.r.k_\n__________
LEVEL:162:__________\n_bwawaB12_\n_wawawawa_\n_awawawaw_\n_wawawawa_\n_awawawaw_\n_wawawawa_\n_awawawaw_\n_F13awawf_\n__________
LEVEL:163:__________\n_........_\n_.aaaaa.1_\n_.aabaa.3_\n_.aaaaa.._\n_........_\n_.A......_\n_.1......_\n_.2...B12_\n__________
LEVEL:164:__________\n_KRg...rs_\n_11.g..rr_\n_45.gg..._\n_.B13g..._\n_....wS12_\n_L...l..._\n_1.kkl.k._\n_0b.ll.k._\n__________
LEVEL:165:__________\n_VB12...3_\n_1o..o..._\n_4o..vK16_\n_oo.o...._\n_vobo.kk._\n_..o....._\n_..v..v.._\n_........_\n__________
LEVEL:166:__________\n_wfkwwwww_\n_lwwlwwlw_\n_sllsllsl_\n_.s......_\n_....b.s._\n_W16F13.._\n_..B19S14_\n_L18..B12_\n__________
LEVEL:167:__________\n_kk.k.kkk_\n_llo..o.k_\n_.lo..o.k_\n_.loooo.k_\n_.llll..k_\n_..looooo_\n_..lollll_\n_..lollll_\n_....llll_\n_........_\n_........_\n_L16....._\n_........_\n_........_\n_BK13...._\n_1......._\n_2.K17..._\n_b......._\n__________
LEVEL:168:_____________\n_..wwB12ww.._\n_..........._\n_..wwrwrww.._\n_..w.....w.._\n_W.Rw.b.wR.B_\n_1.w.....w.1_\n_6.w.....w.2_\n_w.w.......w_\n_w1.ww.ww.1w_\n_.........3._\n_..wwR15w..._\n_____________
LEVEL:169:_____________\n_B12F13fL17._\n_..........._\n_l.l.ll.ll.._\n_..........._\n_l.l..l..l.._\n_l..l..l...._\n_.l.....l.l._\n_ll.l.l.l..l_\n_..........._\n_..........._\n_b...B19.L18_\n_____________
LEVEL:170:__________\n_..b....._\n_B12.www._\n_K1.w.k.w_\n_...w...w_\n_....w.wF_\n_....wfw1_\n_.....w.3_\n_W17....._\n__________
LEVEL:171:_____________\n_B12S14F13ww_\n_S17O14W16bw_\n_wwwwwwwww.w_\n_wwwwww..osw_\n_wwwww..os.w_\n_wwww...so.w_\n_www...so..w_\n_ww.....so.w_\n_w......os.w_\n_........osw_\n_.......os.w_\n_w......so.w_\n_ww....so..w_\n_www....so.w_\n_wwww...os.w_\n_wwwww...osw_\n_wwwwww.os.w_\n_wwwwwwwwwfw_\n_____________
LEVEL:172:____________________\n_S16.........wwww.._\n_............wBFw.._\n_............w11w.._\n_............w23w.._\n_............wwww.._\n_...wwwwwwwww......_\n_...wosooooow......_\n_...wooooooow......_\n_...wooobosow......_\n_...wsooooosw......_\n_...woosoooow......_\n_...wwwwwwwww......_\n_.................._\n_.......f.........._\n_.................._\n_.................._\n_.................._\n_.................._\n____________________
LEVEL:173:__________\n_B12oo.b._\n_ooooo.F._\n_sosoo.1._\n_ofooo.3._\n_sosoo..._\n_oooooooo_\n_ooooO14o_\n_oooooooo_\n__________
LEVEL:174:____________________\n_wwowwf....Kwbwwow._\n_wB12wwF13.1w.wooWw_\n_wwbww.o.oA12.oo.1w_\n_LRwwV....o3o.wwo6r_\n_11.Br1......kwwwwg_\n_451.3..llll..wwwgg_\n_..4lwgwlllllllwwwg_\n_llllwvwllllllwK17w_\n____________________
LEVEL:175:__________\n_bsfgalro_\n_kwoBSFWA_\n_ROKGV213_\n_6750489w_\n_w.....ww_\n_w.wwwwWw_\n_w...vw1w_\n_B12V136w_\n__________
LEVEL:176:____________________\n_W........wwwwwwwww_\n_1wwwwwwwww......Kw_\n_6woooooowwR1.O.81w_\n_Kwooo3koww..3.1.9w_\n_1wkoooooww.......w_\n_4wo1kbkowwaaaaw.ww_\n_Awooooooww....oww._\n_1wK17ooowwb..woow._\n_9wwwwwwwwww.swoww._\n_Awwwwwwwwwwwlwwww._\n_1wb.....ww......w._\n_4wwwww.www.b.R..w._\n_Sw......ww.r.1..w._\n_1ww.wwwwww...5L.w._\n_4wrrrrrrww....1.w._\n_Bwrrfrrrww....8.w._\n_1wwwwwwwwwwwwwwww._\n_9R19F13L18R14B12.._\n____________________
LEVEL:177:__________\n_........_\n_S2..B12._\n_w...s..._\n_...7wooo_\n_.1.vooVo_\n_.3vbW1.6_\n_...voo2o_\n_V14.oO16_\n__________
LEVEL:178:____________________\n_WR1R.....wwwwwwwww_\n_1wwwwwwwww......Kw_\n_6wK17ooowwR1.O.81w_\n_Kwkooo3oww..3.1.9w_\n_1wkoooooww.......w_\n_4wo1kbkowwaaaaw.ww_\n_Awooooooww.....ww._\n_1woooooowwb..w..w._\n_9wwwwwwwwww.sw.ww._\n_Awwwwwwwwwwwlwwww._\n_1wb.....ww......w._\n_4wwwww.www.b.R..w._\n_Sw......ww.r.1..w._\n_1ww.wwwwww...5L.w._\n_4wrrrrrrww....1.w._\n_Bwrrfrrrww....8.w._\n_1wwwwwwwwwwwwwwww._\n_9R19F13L18R14B12.._\n____________________
LEVEL:179:__________\n_KF13K1K._\n_1f......_\n_4.wwwwwk_\n_B.wK1b.._\n_1.waA.6._\n_2WwvV.2._\n_w1wgG.0._\n_w6wlL.8._\n__________
LEVEL:180:____________________\n_S14W16...........V_\n_B12V18ww.........1_\n_G14S19..w........5_\n_.w.w..ww.........._\n_...www............_\n_.................._\n_.................._\n_....wwwwsw........_\n_...w.vb..w........_\n_..w..b...w........_\n_...w..b..w........_\n_....wwwwww........_\n_.................._\n_...O15........gggg_\n_...F13....gggggggg_\n_.........gggoooooo_\n_......ggggggoooooo_\n_..ggggggggggooooof_\n____________________
LEVEL:181:____________\n_L.kwB..K1r_\n_w.r..3.fos_\n_wS1.....s1_\n_g.r.W1..s4_\n_W.b......._\n_kk..rb.ff5_\n_9.B12....G_\n_.b.f.swgw1_\n_g.o...oO.0_\n_v.wwoRF1.f_\n____________
LEVEL:182:__________\n_K14....._\n_1k..k..._\n_.boL..k._\n_.A15..aa_\n_.b....b._\n_k...F.k._\n_..k.1..._\n_B12.lf13_\n__________
LEVEL:183:____________________\n_Wwvvvvvvvfvvvvvvvv_\n_1wvvvvvvv.vvvvvvvv_\n_6wvvvvvvv.vvvvvvvv_\n_Fwvvvvvvv.vvvvvvvv_\n_1wvvvvvvv.vvvvvvvv_\n_3wvvvvvvvvvvvvvvvv_\n_Vwvvvvvvvvvvvvvvvv_\n_1wvvvvvvvvvvvvvvvv_\n_4wvvvvvvvvvvvvvvvv_\n_wwvvvvvvvvvvwwwwww_\n_............r....._\n_............rRK.B._\n_...b..sss...r11.1._\n_..B12..S....r457.._\n_..B12..1....r....._\n_.......5....kw...._\n_.O1O........ww...._\n_............w....._\n____________________
BATCH:-1:0:0
BATCH:-1:1:1
BATCH:-1:2:2
BATCH:-1:3:3
BATCH:-1:4:4
BATCH:-1:5:5
BATCH:-1:6:6
BATCH:-1:7:7
BATCH:-1:8:8
BATCH:-1:9:9
BATCH:-1:10:10
BATCH:-1:11:11
BATCH:-1:12:12
BATCH:-1:13:13
BATCH:-1:14:14
BATCH:-1:15:15
BATCH:-1:16:16
BATCH:-1:17:17
BATCH:-1:18:18
BATCH:-1:19:19
BATCH:-1:20:20
BATCH:-1:21:21
BATCH:-1:22:22
BATCH:-1:23:23
BATCH:-1:24:24
BATCH:-1:25:25
BATCH:-1:26:26
BATCH:-1:27:27
BATCH:-1:28:28
BATCH:-1:29:29
BATCH:-1:30:30
BATCH:-1:31:31
BATCH:-1:32:32
BATCH:-1:33:33
BATCH:-1:34:34
BATCH:-1:35:35
BATCH:-1:36:36
BATCH:-1:37:37
BATCH:-1:38:38
BATCH:-1:39:39
BATCH:-1:40:40
BATCH:-1:41:41
BATCH:-1:42:42
BATCH:-1:43:43
BATCH:-1:44:44
BATCH:-1:45:45
BATCH:-1:46:46
BATCH:-1:47:47
BATCH:-1:48:48
BATCH:-1:49:49
BATCH:-1:50:50
BATCH:-1:51:51
BATCH:-1:52:52
BATCH:-1:53:53
BATCH:-1:54:54
BATCH:-1:55:55
BATCH:-1:56:56
BATCH:-1:57:57
BATCH:-1:58:58
BATCH:-1:59:59
BATCH:-1:60:60
BATCH:-1:61:61
BATCH:-1:62:62
BATCH:-1:63:63
BATCH:-1:64:64
BATCH:-1:65:65
BATCH:-1:66:66
BATCH:-1:67:67
BATCH:-1:68:68
BATCH:-1:69:69
BATCH:-1:70:70
BATCH:-1:71:71
BATCH:-1:72:72
BATCH:-1:73:73
BATCH:-1:74:74
BATCH:-1:75:75
BATCH:-1:76:76
BATCH:-1:77:77
BATCH:-1:78:78
BATCH:-1:79:79
BATCH:-1:80:80
BATCH:-1:81:81
BATCH:-1:82:82
BATCH:-1:83:83
BATCH:-1:84:84
BATCH:-1:85:85
BATCH:-1:86:86
BATCH:-1:87:87
BATCH:-1:88:88
BATCH:-1:89:89
BATCH:-1:90:90
BATCH:-1:91:91
BATCH:-1:92:92
BATCH:-1:93:93
BATCH:-1:94:94
BATCH:-1:95:95
BATCH:-1:96:96
BATCH:-1:97:97
BATCH:-1:98:98
BATCH:-1:99:99
BATCH:-1:100:100
BATCH:-1:101:101
BATCH:-1:102:102
BATCH:-1:103:103
BATCH:-1:104:104
BATCH:-1:105:105
BATCH:-1:106:106
BATCH:-1:107:107
BATCH:-1:108:108
BATCH:-1:109:109
BATCH:-1:110:110
BATCH:-1:111:111
BATCH:-1:112:112
BATCH:-1:113:113
BATCH:-1:114:114
BATCH:-1:115:115
BATCH:-1:116:116
BATCH:-1:117:117
BATCH:-1:118:118
BATCH:-1:119:119
BATCH:-1:120:120
BATCH:-1:121:121
BATCH:-1:122:122
BATCH:-1:123:123
BATCH:-1:124:124
BATCH:-1:125:125
BATCH:-1:126:126
BATCH:-1:127:127
BATCH:-1:128:128
BATCH:-1:129:129
BATCH:-1:130:130
BATCH:-1:131:131
BATCH:-1:132:132
BATCH:-1:133:133
BATCH:-1:134:134
BATCH:-1:135:135
BATCH:-1:136:136
BATCH:-1:137:137
BATCH:-1:138:138
BATCH:-1:139:139
BATCH:-1:140:140
BATCH:-1:141:141
BATCH:-1:142:142
BATCH:-1:143:143
BATCH:-1:144:144
BATCH:-1:145:145
BATCH:-1:146:146
BATCH:-1:147:147
BATCH:-1:148:148
BATCH:-1:149:149
BATCH:-1:150:150
BATCH:-1:151:151
BATCH:-1:152:152
BATCH:-1:153:153
BATCH:-1:154:154
BATCH:-1:155:155
BATCH:-1:156:156
BATCH:-1:157:157
BATCH:-1:158:158
BATCH:-1:159:159
BATCH:-1:160:160
BATCH:-1:161:161
BATCH:-1:162:162
BATCH:-1:163:163
BATCH:-1:164:164
BATCH:-1:165:165
BATCH:-1:166:166
BATCH:-1:167:167
BATCH:-1:168:168
BATCH:-1:169:169
BATCH:-1:170:170
BATCH:-1:171:171
BATCH:-1:172:172
BATCH:-1:173:173
BATCH:-1:174:174
BATCH:-1:175:175
BATCH:-1:176:176
BATCH:-1:177:177
BATCH:-1:178:178
BATCH:-1:179:179
BATCH:-1:180:180
BATCH:-1:181:181
BATCH:-1:182:182
BATCH:-1:183:183
EVAL_INSTANCE:0:0:44
RUN_RESULT:0:0:0:2000:----
RUN_RESULT:0:0:1:2000:----
RUN_RESULT:0:0:2:2000:----
RUN_RESULT:0:0:3:2000:----
RUN_RESULT:0:0:4:2000:----
RUN_RESULT:0:0:5:39:DDDRRRUU
RUN_RESULT:0:0:6:238:LWWUDWWLLLDDDDDDUURWUU
RUN_RESULT:0:0:7:1326:DDLUDRDRRURRUUURULRDDDDDDDUUUUULUUUL
RUN_RESULT:0:0:8:2000:----
RUN_RESULT:0:0:9:13:DDDRDRDDRRDR
RUN_RESULT:0:0:10:3:DDD
RUN_RESULT:0:0:11:2000:----
RUN_RESULT:0:0:12:2000:----
RUN_RESULT:0:0:13:73:DDDDDURDDRRRRRR
RUN_RESULT:0:0:14:2000:----
RUN_RESULT:0:0:15:2000:----
RUN_RESULT:0:0:16:2000:----
RUN_RESULT:0:0:17:162:LLUUULLDUUUURRRRRDDDDUUUULLLLLL
RUN_RESULT:0:0:18:2000:----
RUN_RESULT:0:0:19:2000:----
RUN_RESULT:0:0:20:2000:----
RUN_RESULT:0:0:21:2000:----
RUN_RESULT:0:0:22:63:RDDD
RUN_RESULT:0:0:23:504:DDDLLDRRRR
RUN_RESULT:0:0:24:71:DDLDDLDRRRRR
RUN_RESULT:0:0:25:2000:----
RUN_RESULT:0:0:26:514:LLD
RUN_RESULT:0:0:27:38:LLDDDDDDRRRRRR
RUN_RESULT:0:0:28:2000:----
RUN_RESULT:0:0:29:2000:----
RUN_RESULT:0:0:30:2000:----
RUN_RESULT:0:0:31:2000:----
RUN_RESULT:0:0:32:2000:----
RUN_RESULT:0:0:33:2000:----
RUN_RESULT:0:0:34:1674:RUUULLRRDDDDDDDLLLLLLLUUUUUURURRLLDLDDDDDDRRUDLLUUUUUUU
RUN_RESULT:0:0:35:361:RRURRRRDLLLRRRURUUUULLLDLURRRRUULLRRDDDDDDD
RUN_RESULT:0:0:36:66:RRR
RUN_RESULT:0:0:37:5:RUUUR
RUN_RESULT:0:0:38:12:LDURRRRR
RUN_RESULT:0:0:39:2000:----
RUN_RESULT:0:0:40:22:DDRUURRRRRR
RUN_RESULT:0:0:41:2000:----
RUN_RESULT:0:0:42:2000:----
RUN_RESULT:0:0:43:2000:----
RUN_RESULT:0:0:44:3:RLR
RUN_RESULT:0:0:45:2000:----
RUN_RESULT:0:0:46:2000:----
RUN_RESULT:0:0:47:2000:----
RUN_RESULT:0:0:48:2000:----
RUN_RESULT:0:0:49:2000:----
RUN_RESULT:0:0:50:74:RDD
RUN_RESULT:0:0:51:9:DDLDRRLLL
RUN_RESULT:0:0:52:56:ULULLLLLDDDUURRR
RUN_RESULT:0:0:53:2000:----
RUN_RESULT:0:0:54:2000:----
RUN_RESULT:0:0:55:2000:----
RUN_RESULT:0:0:56:2000:----
RUN_RESULT:0:0:57:2000:----
RUN_RESULT:0:0:58:54:DDRDRDRUU
RUN_RESULT:0:0:59:2000:----
RUN_RESULT:0:0:60:1:D
RUN_RESULT:0:0:61:2000:----
RUN_RESULT:0:0:62:1972:LLDDDDRDRRRRUULDDLLLUUDDL
RUN_RESULT:0:0:63:2000:----
RUN_RESULT:0:0:64:2000:----
RUN_RESULT:0:0:65:19:DLDRRRRR
RUN_RESULT:0:0:66:2000:----
RUN_RESULT:0:0:67:2000:----
RUN_RESULT:0:0:68:2000:----
RUN_RESULT:0:0:69:2000:----
RUN_RESULT:0:0:70:2000:----
RUN_RESULT:0:0:71:2000:----
RUN_RESULT:0:0:72:2000:----
RUN_RESULT:0:0:73:3:DDD
RUN_RESULT:0:0:74:3:DDD
RUN_RESULT:0:0:75:2000:----
RUN_RESULT:0:0:76:2000:----
RUN_RESULT:0:0:77:566:LRURURLWUWDDWDWWLLDLWDLL
RUN_RESULT:0:0:78:2000:----
RUN_RESULT:0:0:79:2000:----
RUN_RESULT:0:0:80:2000:----
RUN_RESULT:0:0:81:34:RRRRRRUUURUUUU
RUN_RESULT:0:0:82:2000:----
RUN_RESULT:0:0:83:42:DDDRRRRRUUU
RUN_RESULT:0:0:84:2000:----
RUN_RESULT:0:0:85:2000:----
RUN_RESULT:0:0:86:17:RLDDDDDDDRRRRR
RUN_RESULT:0:0:87:23:UUULUULDDDDUUUUUUUL
RUN_RESULT:0:0:88:37:UUULUULDDDLLDRRUUURUUUUL
RUN_RESULT:0:0:89:9:UURRDRDRD
RUN_RESULT:0:0:90:2000:----
RUN_RESULT:0:0:91:2000:----
RUN_RESULT:0:0:92:2000:----
RUN_RESULT:0:0:93:2000:----
RUN_RESULT:0:0:94:170:RRRUUULLLLLDUURUUUULLLLLLDULDURRRRDDDDDDD
RUN_RESULT:0:0:95:2000:----
RUN_RESULT:0:0:96:2000:----
RUN_RESULT:0:0:97:15:UUR
RUN_RESULT:0:0:98:121:RURUUUUULLLURRRDDDDDDLDLL
RUN_RESULT:0:0:99:2000:----
RUN_RESULT:0:0:100:2000:----
RUN_RESULT:0:0:101:2000:----
RUN_RESULT:0:0:102:28:R
RUN_RESULT:0:0:103:2000:----
RUN_RESULT:0:0:104:2000:----
RUN_RESULT:0:0:105:2000:----
RUN_RESULT:0:0:106:2000:----
RUN_RESULT:0:0:107:2000:----
RUN_RESULT:0:0:108:2000:----
RUN_RESULT:0:0:109:2000:----
RUN_RESULT:0:0:110:2000:----
RUN_RESULT:0:0:111:2000:----
RUN_RESULT:0:0:112:2000:----
RUN_RESULT:0:0:113:11:URRDD
RUN_RESULT:0:0:114:2000:----
RUN_RESULT:0:0:115:2000:----
RUN_RESULT:0:0:116:2000:----
RUN_RESULT:0:0:117:2000:----
RUN_RESULT:0:0:118:2000:----
RUN_RESULT:0:0:119:2000:----
RUN_RESULT:0:0:120:2000:----
RUN_RESULT:0:0:121:2000:----
RUN_RESULT:0:0:122:35:RRRDD
RUN_RESULT:0:0:123:72:LLDDRRRR
RUN_RESULT:0:0:124:58:ULLLDDDDDDDDDDRRRRRRRU
RUN_RESULT:0:0:125:60:UUURRRRDDDDD
RUN_RESULT:0:0:126:1759:UUUURRDDD
RUN_RESULT:0:0:127:7:LDDDD
RUN_RESULT:0:0:128:2000:----
RUN_RESULT:0:0:129:2000:----
RUN_RESULT:0:0:130:2000:----
RUN_RESULT:0:0:131:2000:----
RUN_RESULT:0:0:132:11:UUUURRRRRRR
RUN_RESULT:0:0:133:2000:----
RUN_RESULT:0:0:134:2000:----
RUN_RESULT:0:0:135:2000:----
RUN_RESULT:0:0:136:60:UUURRRRDDDDD
RUN_RESULT:0:0:137:7:LDDDD
RUN_RESULT:0:0:138:66:LDDDDRDDLUUUDDDRRRRR
RUN_RESULT:0:0:139:2000:----
RUN_RESULT:0:0:140:139:DRRRRRRUUUUUUU
RUN_RESULT:0:0:141:2000:----
RUN_RESULT:0:0:142:67:RRDDDRLRUUUUUUUL
RUN_RESULT:0:0:143:2000:----
RUN_RESULT:0:0:144:2000:----
RUN_RESULT:0:0:145:2000:----
RUN_RESULT:0:0:146:90:LUURRRDDDRRURUUULUURULUURRRDDDDDDDDDL
RUN_RESULT:0:0:147:319:RURUUUURLRURLURULL
RUN_RESULT:0:0:148:2000:----
RUN_RESULT:0:0:149:2000:----
RUN_RESULT:0:0:150:54:URRRRRDRDDDDLDRLDLLL
RUN_RESULT:0:0:151:9:DDDDDR
RUN_RESULT:0:0:152:2000:----
RUN_RESULT:0:0:153:2000:----
RUN_RESULT:0:0:154:33:URRRRDDDUL
RUN_RESULT:0:0:155:637:RRRRRDRDLLDLUUUUUU
RUN_RESULT:0:0:156:13:LLRDURRRRR
RUN_RESULT:0:0:157:115:DLLLLDLDLLD
RUN_RESULT:0:0:158:2000:----
RUN_RESULT:0:0:159:2000:----
RUN_RESULT:0:0:160:2000:----
RUN_RESULT:0:0:161:2000:----
RUN_RESULT:0:0:162:49:DRRRRRRRDDDDDD
RUN_RESULT:0:0:163:2000:----
RUN_RESULT:0:0:164:2000:----
RUN_RESULT:0:0:165:2000:----
RUN_RESULT:0:0:166:2000:----
RUN_RESULT:0:0:167:2000:----
RUN_RESULT:0:0:168:2000:----
RUN_RESULT:0:0:169:2000:----
RUN_RESULT:0:0:170:2000:----
RUN_RESULT:0:0:171:2000:----
RUN_RESULT:0:0:172:5:DDDDD
RUN_RESULT:0:0:173:30:DDDRUUULLL
RUN_RESULT:0:0:174:2000:----
RUN_RESULT:0:0:175:16:RRRRRDULLL
RUN_RESULT:0:0:176:2000:----
RUN_RESULT:0:0:177:2000:----
RUN_RESULT:0:0:178:2000:----
RUN_RESULT:0:0:179:2000:----
RUN_RESULT:0:0:180:2000:----
RUN_RESULT:0:0:181:2000:----
RUN_RESULT:0:0:182:2000:----
RUN_RESULT:0:0:183:2000:----
The time of execution is: 275.14992666244507 s
