pygame 2.2.0 (SDL 2.30.7, Python 3.8.10)
Hello from the pygame community. https://www.pygame.org/contribute.html
LEVEL:0:____________________\n_BWw..............._\n_11w.....G10......._\n_26w..wwwwwwww....._\n_www..woooooow....._\n_.....wooR15ow....._\n_.....woooooow....._\n_.....woborrow....._\n_.....woooooow....._\n_..wwwwwggggwwwww.._\n_..w............w.._\n_..w............w.._\n_..w............w.._\n_..wggg.........w.._\n_..wggg.....F13.w.._\n_..wfgg.........w.._\n_..wwwwwwwwwwwwww.._\n_.................._\n_.................._\n____________________
BATCH:0:0:0
TRAINING ON LEVEL:152
of 184 levels
---LEVEL STRING---
____________________
_BWw..............._
_11w.....G10......._
_26w..wwwwwwww....._
_www..woooooow....._
_.....wooR15ow....._
_.....woooooow....._
_.....woborrow....._
_.....woooooow....._
_..wwwwwggggwwwww.._
_..w............w.._
_..w............w.._
_..w............w.._
_..wggg.........w.._
_..wggg.....F13.w.._
_..wfgg.........w.._
_..wwwwwwwwwwwwww.._
_.................._
_.................._
____________________
---LEVEL STRING---
TRACK:0;-1;-1;5;0;3;5;2;3;5;5;5;6;10;3;4;4;1;2;15;16;2;20;-1.2603968406275214;21;-6.3866576079212045;5;2;6;4;1;6;1;0;18;17;5;21;-8.612997043305292;2;6;0;7;8.848637997095562;11;2;2;25;13;0;20;2.154612188347105;17;6;1;0;2;0;5;25;5;12;1;4;8;4;21;5.0153801674606555;0;6;5;21;1.5653352478008813;1;4;18;3;18;1;5;3;3;9;6;6;2;22;-4.590235264349443;12
TRACK:1;-1;-1;0;6;6;2;3;3;4;0;5;2;11;14;2;2;7;0.5555535695077722;19;0;20;-2.5247589034932005;17;2;5;4;6;5;0;13;14;6;2;5;4;2;19;17;0;5;0;19;12;5;1;17;11;2;0;6;6;1;1;4;6;3;19;2;0;1;7;5.380137739547626;11;5;8;3;5;7;-7.0626302529780505;2;3;5;2;7;1.2228191466293197;19;3;1;1;7;2.2046141769047107;19;6;13;5;0;1;5;3;2;5;12;3;12;2;0;5;1;14;16;3;2;24;19;3;5;2;17;23;-1.4009825204600403;4;2;6;5;5;23;-6.408486885200338;0;4;2;14;14;3;3;21;-1.9293846128873398;1;4;3;1;0;6;0;6;7;-7.570435468614072;2;18;18;3;0;6;13;6;15;1;0;5;2;18;14;2;1;16;8;2;23;-9.544431845404866;10;3;1;5;25;1;19;21;8.818130350657793;3;2;3;3;0;6;1;23;1.3023401775102208;18;0;1;23;2.0384183102792193;22;3.5085177918744126;0;24;21;5.452323825021004;1;0;0;6;0;12;16;3;4;10;3;4;1;14;13;2;6;0;0;10;8;2;9;10;6;5;6;23;-2.9761933179814104
TRACK:2;-1;-1;3;5;2;3;5;6;3;1;0;4;22;-6.9580804831661025;0;8;14;5;4;16;6;0;5;3;6;4;5;8;4;1;2;6;2;21;-1.3037193410330943;7;-7.820087990198128;4;0;10;12;5;2;6;24;4;24
TRACK:3;-1;-1;3;3;0;1;4;4;6;0;3;2;12;22;6.560143031097578;2;1;20;-0.39729972755515597;10;5;14;1;2;1;0;4;4;21;-2.3861143024133957;2;3;13;6;12;1;1;6;25;2;20;1.081668521255315;21;3.7022175438433678;0;0;14;8;5;9;4;3;4;2;16;24;5;2;3;0;0;18;23;6.964775495532553;5;10;2;3;6;13;5;3;19;3;4;4;6;6;6;4;7;-4.7614921411913596
TRACK:4;-1;-1;4;5;5;5;3;6;5;3;1;4;18;3;9
TRACK:5;-1;-1;5;3;2;5;6;4;5;1;5;5;17;0;5;13;3;16;5;3;5;4;0;5;2;11;10;6;0;13;11
TRACK:6;-1;-1;1;4;1;3;4;2;5;3;0;1;21;-7.15242947325569;12;4;20;-7.206031960341475;3;2;4;1;15;7;7.063449729662352;3;3;17;3;1;3;1;3;2;3;8;2;16;10;0;5;6;20;-2.319290801089517;6;4;9;5;3;1;6;6;19;1;0;25;16;5;17;1;6;2;2;4;4;2;1;4;8;4;19;3;1;14;15;6;4;1;2;5;22;3.537343712169484;0;9;23;-0.3081171828085143;0;0;17;17;3;20;8.060351502395985;0;4;0;6;6;6;7;-2.89096369454027;6;0;1;12;20;3.395385315601553;2;13;25;2;2;5;3;3;24;0;3;3;16;6;3;21;6.392827762333898;4;5;3;1;25;16;6;5;0;0;3;2;0;6;16;1;20;-0.5835139923716461;8;5;0;10;12;1;6;1;5;9;0;16;25;3;5;0;9;13;2;4;2;4;2;21;-4.527031235047518;10;5;6;12;5;3;6;5;12
TRACK:7;-1;-1;4;2;1;6;6;6;2;2;4;1;16;8;0;4;13;2;17;16;0;2;6;21;8.597851037213374;6;9;5;5;21;5.095282990721914;2;2;5;2;5;3;0;18;17;3;0;3;9;3;15;5;3;0;4;2;11;18;0;2;12;24;0;12;24;4;4;1;1;4;1;12;11;2;5;9;5;12;3;4;2;8;21;3.6091464719637543;6;6;6;0;4;1;3;0;25;14;1;2;23;-9.570666725154332;22;8.798842253055295;3;20;-9.11371607603896;4;5;5;0;18;19
TRACK:8;-1;-1;6;1;4;0;4;6;2;5;4;0;7;8.535349546764856;24;6;3;2;22;-3.747759841784875;19;2;3;1;2;1;4;21;8.256172462818508;1;23;5.469541586075454;21;5.0511119703025855;3;1;10;22;3.527278032761668;5;4;3;11;4;0;4;2;3;19;3;22;1.8279648210739214;1;5;6;20;-7.567861898042281;5;2;9;11;1;2;5;0;5;0;0;0;24;19;1;20;9.90185864393995;25;3;5;13;3;2;1;0;23;7.9584449146048115;11;1;24;17;4;1;9;8;4;0;4;5;4;3;14;2;6;6;0;16;15;4;2;3;11;3;8;0;2;3;6;3;5;0;11;9;4;3;2;4;2;9;13;5;6;7;3.350859119788618;5;4;2;2;0;6;17;0;22;-8.00826127104883;24;0;2;12;10;0;12;17;2;6;1;24;8;5;4;21;-7.253049539796567
TRACK:9;-1;-1;4;3;0;0;5;6;4;1;6;0;10;23;-2.912361977328926;0;0;25;22;2.4653470724977815;3;15;4;2;6;5;0;2;7;-3.8565189333785614;15;0;20;-2.2799978390611653;8;3;5;2;2;7;-1.958661488257027;14;3;17;4;4;5;4;1;5;1;21;-1.3930571582354005;9;4;3;11
EVAL_INSTANCE:0:0:0
EVAL_INSTANCE:0:1:1
EVAL_INSTANCE:0:2:2
EVAL_INSTANCE:0:3:3
EVAL_INSTANCE:0:4:4
EVAL_INSTANCE:0:5:5
EVAL_INSTANCE:0:6:6
EVAL_INSTANCE:0:7:7
EVAL_INSTANCE:0:8:8
EVAL_INSTANCE:0:9:9
RUN_RESULT:0:0:0:2000:----
RUN_RESULT:0:1:0:2000:----
RUN_RESULT:0:2:0:2000:----
RUN_RESULT:0:3:0:2000:----
RUN_RESULT:0:4:0:2000:----
RUN_RESULT:0:5:0:2000:----
RUN_RESULT:0:6:0:2000:----
RUN_RESULT:0:7:0:2000:----
RUN_RESULT:0:8:0:2000:----
RUN_RESULT:0:9:0:2000:----
=================================================
n_gen  |  n_eval  |     f_avg     |     f_min    
=================================================
     1 |       10 |  0.000000E+00 | -0.000000E+00
TRACK:10;2;3;3;5;2;3;5;6;3;1;0;4;22;-6.9580804831661025;0;8;14;5;4;16;6;0;5;3;6;4;5;8;4;1;2;6;2;24;7;-7.820087990198128;4;0;10;12;5;2;6;24;4;24
TRACK:11;2;3;3;3;0;1;4;4;6;0;3;14;2;1;20;-0.39729972755515597;10;5;14;1;2;1;0;4;4;21;-2.3861143024133957;2;3;13;6;12;1;1;6;25;2;20;1.081668521255315;21;3.7022175438433678;0;0;14;8;5;9;4;3;4;2;16;24;5;2;3;0;0;18;23;6.964775495532553;5;10;2;3;6;13;5;3;19;3;4;4;6;6;6;4;7;-4.7614921411913596
TRACK:12;4;7;4;5;5;16
TRACK:13;4;7;4;2;1;6;6;6;2;2;4;18;0;4;13;2;17;16;0;2;6;21;8.597851037213374;6;9;5;5;21;5.095282990721914;2;2;5;2;5;3;0;18;17;3;0;3;9;3;15;5;3;0;4;2;11;18;0;2;12;24;0;12;24;4;4;1;1;4;1;12;11;2;5;9;5;12;3;4;2;8;21;3.6091464719637543;6;6;6;0;4;1;3;0;25;14;1;2;23;-9.570666725154332;22;8.798842253055295;3;20;-9.11371607603896;4;5;5;0;18;19
TRACK:14;9;4;4;5;5;5;3;6;5;3;1;4;18;3;9
TRACK:15;9;4;4;5;5;5;3;6;5;3;3;15
TRACK:16;7;8;4;2;1;6;6;6;2;2;4;1;16;8;0;4;13;2;17;16;0;2;6;21;8.597851037213374;6;9;5;5;21;5.095282990721914;2;2;5;2;5;3;0;18;17;3;0;3;9;3;15;5;3;0;4;2;11;23;5.469541586075454;0;2;12;24;0;12;24;4;4;1;1;4;1;12;11;2;5;9;5;12;3;4;2;8;21;3.6091464719637543;6;6;6;0;4;1;3;0;25;14;1;2;23;-9.570666725154332;22;8.798842253055295;3;20;-9.11371607603896;4;5;5;0;18;19
TRACK:17;7;8;6;1;4;0;4;6;2;5;4;0;7;8.535349546764856;24;6;3;2;22;-3.747759841784875;19;2;3;1;2;1;4;21;8.256172462818508;1;23;5.469541586075454;21;5.0511119703025855;3;1;10;22;3.527278032761668;5;4;3;11;4;0;4;2;3;19;3;22;1.8279648210739214;1;5;6;20;-7.567861898042281;5;2;9;11;1;2;5;0;5;0;0;0;24;19;1;20;9.90185864393995;25;3;5;13;3;2;1;0;23;7.9584449146048115;11;1;24;17;4;1;9;8;4;0;4;5;4;3;21;8.597851037213374;2;6;6;0;16;15;4;2;3;11;3;8;0;2;3;6;3;5;0;11;9;4;3;2;4;2;9;13;5;6;7;3.350859119788618;5;4;2;2;0;6;17;0;22;-8.00826127104883;24;0;2;12;10;0;12;17;2;6;1;24;8;5;4;21;-7.253049539796567
TRACK:18;9;2;4;3;0;0;5;6;4;1;6;0;10;23;-2.912361977328926;0;0;25;22;2.4653470724977815;3;24;4;2;6;5;0;2;7;-3.8565189333785614;15;0;20;-2.2799978390611653;8;3;5;2;2;7;-1.958661488257027;14;3;17;4;4;5;4;1;5;1;21;-1.3930571582354005;9;4;3;11
TRACK:19;9;2;3;5;2;3;5;6;3;1;0;4;22;-6.9580804831661025;0;8;14;5;4;16;6;0;5;3;6;4;5;8;23;-2.912361977328926
TRACK:20;10;-1;3;5;2;3;5;6;3;1;0;4;22;-6.8872013937424805;0;8;14;5;4;16;6;0;5;3;6;4;5;8;1;5;15;3;17
TRACK:21;12;-1;4;5;5;0;1;5;22;6.039173449242327;5;10;4;2;17;14
TRACK:22;14;-1;4;5;5;5;3;6;3;3;22;-7.999237052461479
TRACK:23;16;-1;4;2;1;6;6;6;2;2;4;1;16;8;0;4;13;2;17;16;0;2;6;21;8.706205556927543;6;9;5;5;21;4.924419960479834;2;2;5;2;5;3;0;18;17;3;0;3;9;3;15;5;3;0;4;2;11;23;5.64963153459733;0;2;12;24;0;12;25;4;4;1;1;4;1;12;11;2;5;9;5;12;3;4;2;8;21;3.6017517602822333;6;6;6;0;4;1;3;0;25;14;1;2;23;-9.536055851892378;22;8.84402268454342;3;20;-9.184628362408482;4;5;5;0;18;19
TRACK:24;9;-1;4;3;0;0;5;6;4;1;6;0;10;23;-3.0474391405317554;0;0;25;22;2.441888086065661;3;15;4;2;6;5;0;2;7;-3.820108318603273;15;0;20;-2.2957022604334187;8;3;5;2;2;7;-1.8158126430503287;14;3;23;-0.5771059531766483;4;4;5;4;1;5;1;21;-1.472263733445948;9;4;3;11
TRACK:25;11;-1;3;3;0;1;4;4;6;0;3;14;2;1;20;-0.47152157536729716;10;5;14;1;2;1;1;1;25;19;6;25;1;1;6;25;2;20;1.132291299296367;21;3.7392497822043738;0;0;14;8;5;9;4;3;4;2;16;24;5;2;3;0;0;18;23;7.065601009676629;5;10;2;3;6;13;5;3;19;3;4;4;6;6;6;4;7;-4.773557523530202
TRACK:26;13;-1;4;2;1;6;6;6;2;2;4;18;0;4;13;2;17;16;0;2;6;21;8.710185921106875;6;9;5;5;21;5.063657236993066;2;2;5;2;5;3;0;18;17;0;3;11;5;8;5;3;0;4;2;11;18;0;2;12;24;0;12;24;4;4;1;1;4;1;12;11;2;5;9;5;12;3;4;2;8;21;3.747711425529508;6;6;6;0;4;1;3;0;25;14;1;2;23;-9.617551570273879;22;8.76411864123174;3;20;-9.01449556519372;4;5;5;0;18;19
TRACK:27;15;-1;4;3;0;6;5;3;5;6;1;3;12;2;25;24;0;5;5;3;2;0;4;25;4;14;5;0;12;11;2;3;0;0;3;6;19;3;1;14;15;4;1;2;16;13;3;16;5;2;3;2;4;17;1;16;19;2;6;6;13;2;3;17;0;16;9
TRACK:28;17;-1;6;1;4;0;4;6;2;5;4;0;7;8.623027191311708;24;6;3;2;22;-3.8357637239100053;19;2;3;5;5;5;4;22;0.5367662887798712;4;0;4;2;3;19;3;22;1.6504112283043726;1;5;6;20;-7.625061598549792;5;2;9;11;1;2;5;0;5;0;0;0;24;19;1;20;9.761679978779092;25;3;5;13;3;2;1;0;23;8.07938950540569;11;1;24;17;4;1;9;8;4;0;4;5;4;3;21;8.617672114603577;2;6;6;0;16;15;4;2;3;11;3;8;0;2;3;6;3;5;0;11;9;4;3;2;4;2;9;13;5;6;7;3.444638922842112;5;4;2;2;0;6;17;0;22;-8.071245093707729;24;0;2;12;10;0;12;17;2;6;1;24;8;5;4;21;-7.3431669823290155
TRACK:29;2;-1;3;5;2;3;5;6;3;1;0;4;22;-6.940482351541613;0;8;14;5;4;16;6;0;5;3;6;2;2;8;8;6;16;4;1;2;6;2;21;-1.2266537757270357;7;-7.559073356760363;4;0;10;12;5;2;6;24;4;24
EVAL_INSTANCE:1:0:20
EVAL_INSTANCE:1:1:21
EVAL_INSTANCE:1:2:22
EVAL_INSTANCE:1:3:23
EVAL_INSTANCE:1:4:24
EVAL_INSTANCE:1:5:25
EVAL_INSTANCE:1:6:26
EVAL_INSTANCE:1:7:27
EVAL_INSTANCE:1:8:28
EVAL_INSTANCE:1:9:29
RUN_RESULT:1:0:0:2000:----
RUN_RESULT:1:1:0:2000:----
RUN_RESULT:1:2:0:2000:----
RUN_RESULT:1:3:0:2000:----
RUN_RESULT:1:4:0:2000:----
RUN_RESULT:1:5:0:2000:----
RUN_RESULT:1:6:0:2000:----
RUN_RESULT:1:7:0:2000:----
RUN_RESULT:1:8:0:2000:----
RUN_RESULT:1:9:0:2000:----
     2 |       20 |  0.000000E+00 | -0.000000E+00
TRACK:30;8;9;6;1;4;0;4;6;2;5;4;0;7;8.535349546764856;24;6;3;2;22;-3.747759841784875;19;2;3;1;2;1;4;21;8.256172462818508;1;23;5.469541586075454;21;5.0511119703025855;3;1;10;22;3.527278032761668;5;4;3;11;4;0;4;2;3;19;3;22;1.8279648210739214;1;5;0;25;22;2.4653470724977815;5;2;9;11;1;2;5;0;5;0;0;0;24;19;1;20;9.90185864393995;25;3;5;13;3;2;1;0;23;7.9584449146048115;11;1;24;17;4;1;9;8;4;0;4;5;4;3;14;2;6;6;0;16;15;4;2;3;11;3;8;0;2;3;6;3;5;0;11;9;4;3;2;4;2;9;13;5;6;7;3.350859119788618;5;4;2;2;0;6;17;0;22;-8.00826127104883;24;0;2;12;10;0;12;17;2;6;1;24;8;5;4;21;-7.253049539796567
TRACK:31;8;9;4;3;0;0;5;6;4;1;6;0;10;23;-2.912361977328926;0;0;25;22;2.4653470724977815;3;15;4;2;6;3;8;3;5;2;2;7;-1.958661488257027;14;3;17;4;4;5;4;1;5;1;21;-1.3930571582354005;9;4;3;11
TRACK:32;4;7;4;5;5;5;3;6;5;3;1;4;18;9
TRACK:33;4;7;4;2;1;6;6;6;2;2;4;1;16;8;0;4;13;2;17;16;0;2;6;21;8.597851037213374;6;9;5;5;21;5.095282990721914;2;2;5;2;5;3;0;18;17;3;0;3;9;3;15;5;3;0;4;2;11;18;0;2;12;24;0;12;24;4;4;1;1;4;1;12;11;2;5;9;5;12;3;4;2;8;21;3.6091464719637543;6;6;6;0;4;1;3;0;25;9;1;2;23;-9.570666725154332;22;8.798842253055295;3;20;-9.11371607603896;4;5;5;0;18;19
TRACK:34;1;7;0;6;6;2;3;3;4;0;5;2;11;14;2;2;7;0.5555535695077722;19;0;20;-2.5247589034932005;17;2;5;4;6;5;0;13;14;6;2;5;4;2;19;17;0;5;0;19;12;5;1;17;11;2;0;6;6;1;1;4;6;3;19;2;0;1;7;5.380137739547626;11;5;8;3;5;7;-7.0626302529780505;2;3;5;2;7;1.2228191466293197;19;3;1;1;7;2.2046141769047107;19;6;13;5;0;1;5;3;2;5;12;3;12;2;0;5;1;14;16;3;2;24;19;3;5;2;17;23;-1.4009825204600403;4;2;6;5;5;23;-6.408486885200338;0;4;2;14;14;3;3;21;-1.9293846128873398;1;4;3;1;0;6;0;6;7;-7.570435468614072;2;18;18;3;0;6;13;6;15;1;0;5;2;18;14;2;1;16;8;2;23;-9.544431845404866;10;3;1;5;25;1;19;21;8.818130350657793;3;2;3;3;0;6;1;23;1.3023401775102208;18;0;1;23;2.0384183102792193;22;3.5085177918744126;0;24;21;5.452323825021004;1;0;0;6;0;12;16;3;4;10;3;4;1;14;13;2;6;0;0;10;8;2;14;10;6;5;6;23;-2.9761933179814104
TRACK:35;1;7;4;2;1;6;6;6;2;2;4;1;16;8;0;4;13;2;17;16;0;2;6;21;8.597851037213374;6;9;5;5;21;5.095282990721914;2;2;5;2;5;3;0;18;17;3;0;3;9;3;15;5;3;0;4;2;11;18;0;2;12;24;0;12;24;4;4;1;1;4;1;12;11;2;5;9;5;12;0;19;12;6;6;6;0;4;1;3;0;25;14;1;2;23;-9.570666725154332;22;8.798842253055295;3;20;-9.11371607603896;4;5;5;0;18;19
TRACK:36;2;8;3;11
TRACK:37;2;8;6;1;4;0;4;6;2;5;4;0;7;8.535349546764856;24;6;3;2;22;-3.747759841784875;19;2;3;1;2;1;4;21;8.256172462818508;1;23;5.469541586075454;21;5.0511119703025855;3;6;24;5;4;3;11;4;0;4;2;3;19;3;22;1.8279648210739214;1;5;6;20;-7.567861898042281;5;2;9;11;1;2;5;0;5;0;0;0;24;19;1;20;9.90185864393995;25;3;5;13;3;2;1;0;23;7.9584449146048115;11;1;24;17;4;1;9;8;4;0;4;5;4;3;14;2;6;6;0;16;15;4;2;3;11;3;8;0;2;3;6;3;5;0;11;9;4;3;2;4;2;9;13;5;6;7;3.350859119788618;5;4;2;2;0;6;17;0;22;-8.00826127104883;24;0;2;12;10;0;12;17;2;6;1;24;8;5;4;21;-7.253049539796567
TRACK:38;0;6;5;0;3;5;2;0;6;16;1;20;-0.5835139923716461;8;5;0;10;12;5;2;6;4;1;6;1;0;18;17;5;21;-8.612997043305292;2;6;0;7;8.848637997095562;11;2;2;25;13;0;20;2.154612188347105;17;6;1;0;2;0;5;25;5;12;1;4;8;4;21;5.0153801674606555;0;6;5;21;1.5653352478008813;1;4;18;3;18;1;5;3;3;9;6;6;2;22;-4.590235264349443;12
TRACK:39;0;6;1;4;1;3;4;2;5;3;0;1;21;-7.15242947325569;12;4;20;-7.206031960341475;3;2;4;1;15;7;7.063449729662352;3;3;17;3;1;3;1;3;2;3;8;2;16;10;0;5;6;20;-2.319290801089517;6;4;9;5;3;1;6;6;19;1;0;25;16;5;17;1;6;2;2;4;4;2;1;4;8;4;19;3;1;14;15;6;4;1;2;5;22;3.537343712169484;0;9;23;-0.3081171828085143;0;0;17;17;3;20;8.060351502395985;0;4;0;6;6;6;7;-2.89096369454027;6;0;1;12;20;3.395385315601553;2;13;25;2;2;5;3;3;24;0;3;3;16;6;3;21;6.392827762333898;4;5;3;1;25;16;6;5;21;1.5653352478008813
TRACK:40;30;-1;6;1;4;0;4;6;2;5;4;0;7;8.548783321554392;24;6;3;2;22;-3.7121816928143945;19;2;3;1;2;1;4;21;8.349829867684596;1;23;5.601893940893398;21;5.05953442703501;3;1;10;22;3.6320169370035957;5;4;3;11;4;0;4;2;3;17;3;22;1.8460252059419442;1;5;0;25;22;2.536294672290838;5;2;9;11;1;2;5;0;5;0;0;0;24;19;1;20;9.893216875410266;25;3;5;13;3;2;1;0;23;8.029457865738172;11;1;24;17;4;1;9;8;4;0;4;5;4;3;14;2;6;6;0;16;15;4;2;3;11;3;8;0;2;3;6;3;5;0;11;9;4;3;2;4;2;9;13;5;6;7;3.3266990970709376;5;4;2;2;0;6;17;0;22;-8.093694912203993;24;0;2;12;10;0;12;17;2;6;1;24;8;5;4;21;-7.2359531071680605
TRACK:41;32;-1;4;1;9;25
TRACK:42;34;-1;0;6;6;2;3;3;4;0;5;2;11;14;2;2;7;0.5105981610434401;19;0;20;-2.562244880686613;17;2;5;4;6;5;0;13;14;6;2;5;4;2;19;17;0;5;0;19;12;5;1;17;11;2;0;6;6;1;1;4;6;3;19;2;0;1;7;5.313655998060952;11;5;8;3;5;7;-7.092225954081501;2;3;5;2;7;1.080650659886078;19;3;1;1;7;2.3009884695052887;19;6;13;5;0;1;5;3;2;5;12;3;12;2;0;5;1;14;16;1;10;7;-5.7412891011750355;3;5;2;17;23;-1.5552011276704798;4;2;6;5;5;23;-6.4610503586967365;0;4;2;14;14;3;3;21;-1.862202571608858;1;4;3;1;0;6;0;6;7;-7.595281906505652;2;18;18;3;0;6;13;6;15;1;0;5;2;18;14;2;1;16;8;2;23;-9.638767785201196;10;3;1;5;25;1;19;21;8.829211148508133;3;2;3;3;0;6;1;23;1.1848619215902885;18;0;1;23;2.0894227000217596;22;3.596353888034674;0;24;21;5.641330352953059;1;0;0;6;0;12;16;3;4;10;3;4;1;14;13;2;6;0;0;10;8;2;14;10;6;5;6;23;-3.0033102449475466
TRACK:43;2;-1;3;5;2;3;5;6;3;1;0;4;22;-7.046805243654465;0;8;17;5;4;16;6;0;5;3;6;4;5;8;4;1;2;6;2;21;-1.2174483720543343;7;-7.665892462831504;4;0;10;12;5;2;6;24;4;24
TRACK:44;38;-1;5;0;3;5;2;0;6;16;1;20;-0.7052989843457229;8;5;0;10;12;5;2;1;4;5;1;21;8.212877840542973;22;1.4972782216078642;0;6;2;11;12;0;0;13;11;4;19;6;1;0;2;0;5;25;5;12;1;4;8;4;21;4.881777747738767;0;6;5;21;1.572050872109479;1;4;18;3;18;1;5;3;3;9;6;6;2;22;-4.515165120019658;12
TRACK:45;31;-1;4;3;0;0;5;6;4;1;6;0;10;23;-2.7918703251659753;0;0;25;22;2.475608193154551;3;15;4;2;6;3;8;3;5;2;2;17;14;3;17;4;4;5;4;1;5;1;21;-1.2712092706893292;9;4;3;11
TRACK:46;33;-1;4;2;1;6;6;6;2;2;4;1;16;8;0;4;13;2;17;16;0;2;6;21;8.532962105551228;6;9;5;5;21;5.131815771572299;2;2;5;2;5;3;0;18;17;3;0;3;9;3;15;5;3;0;2;8;17;0;2;12;24;0;12;24;4;4;1;1;4;1;12;11;2;5;9;5;12;3;4;2;8;21;3.5937967528404657;6;6;6;0;4;1;3;0;25;9;1;2;23;-9.619906256578911;22;8.686984592047208;3;20;-9.122576471159064;4;5;5;0;18;19
TRACK:47;35;-1;4;2;1;6;6;6;2;2;4;1;16;8;0;4;13;2;17;16;0;2;6;21;8.465610236354156;6;9;5;5;21;5.117406704709455;2;2;5;2;5;3;0;18;17;3;0;3;9;3;15;5;3;0;4;2;11;18;0;2;12;24;0;12;24;4;4;1;1;4;1;12;11;2;5;9;5;12;0;19;0;11;10;6;6;6;0;4;1;3;0;25;14;1;2;23;-9.498489223369639;22;8.905772293211166;3;20;-9.110697062483034;4;5;5;0;18;19
TRACK:48;8;-1;6;1;4;2;15;9;1;2;5;0;5;0;0;0;24;19;1;20;10.0;25;3;5;13;3;2;1;0;23;7.936171125089229;11;1;24;17;4;1;9;8;4;0;4;5;4;3;14;2;6;6;0;16;15;4;2;3;11;3;8;0;2;3;6;3;5;0;11;9;4;3;2;4;2;9;13;5;6;7;3.3108444363599094;5;4;2;2;0;6;17;0;22;-8.105328332434134;24;0;2;12;10;0;12;17;2;6;1;24;8;5;4;21;-7.36304652436817
TRACK:49;39;-1;1;4;1;3;4;2;5;3;0;1;21;-7.10854160746844;12;4;20;-7.354914520352503;3;2;4;1;15;7;7.035941633842951;3;3;17;3;1;3;5;1;3;25;5;15;5;3;1;6;6;19;1;0;25;16;5;17;1;6;2;2;4;4;2;1;4;8;4;19;3;1;14;15;6;4;1;2;5;22;3.5031132576834865;0;9;23;-0.3370037096233328;0;0;17;17;3;20;7.961793682709674;0;4;0;6;6;6;7;-2.8290636489303282;6;0;1;12;20;3.4179814545564633;2;13;25;2;2;5;3;3;24;0;3;3;16;6;3;21;6.504176969364197;4;5;3;1;25;16;6;5;21;1.5617446471139846
EVAL_INSTANCE:2:0:40
EVAL_INSTANCE:2:1:41
EVAL_INSTANCE:2:2:42
EVAL_INSTANCE:2:3:43
EVAL_INSTANCE:2:4:44
EVAL_INSTANCE:2:5:45
EVAL_INSTANCE:2:6:46
EVAL_INSTANCE:2:7:47
EVAL_INSTANCE:2:8:48
EVAL_INSTANCE:2:9:49
RUN_RESULT:2:0:0:2000:----
RUN_RESULT:2:1:0:2000:----
RUN_RESULT:2:2:0:2000:----
RUN_RESULT:2:3:0:2000:----
RUN_RESULT:2:4:0:2000:----
RUN_RESULT:2:5:0:2000:----
RUN_RESULT:2:6:0:2000:----
RUN_RESULT:2:7:0:2000:----
RUN_RESULT:2:8:0:2000:----
RUN_RESULT:2:9:0:2000:----
     3 |       30 |  0.000000E+00 | -0.000000E+00
TRACK:50;2;0;3;5;2;3;5;6;3;1;0;4;22;-6.9580804831661025;0;8;14;5;4;16;6;0;5;3;6;4;5;8;4;1;2;6;2;21;-1.3037193410330943;7;-7.820087990198128;4;0;10;12;5;2;6;24;4;21;-6.3866576079212045
TRACK:51;2;0;5;0;3;5;2;3;5;5;5;6;10;3;4;4;1;2;15;16;2;20;-1.2603968406275214;21;-6.3866576079212045;5;2;6;4;1;6;1;0;18;17;5;21;-8.612997043305292;2;6;0;7;8.848637997095562;11;2;2;25;13;0;20;2.154612188347105;8;6;1;0;2;0;5;25;5;12;1;4;8;4;21;5.0153801674606555;0;6;5;21;1.5653352478008813;1;4;18;3;18;1;5;3;3;9;6;6;2;22;-4.590235264349443;12
TRACK:52;8;7;6;1;4;0;4;6;2;5;4;0;7;8.535349546764856;24;6;3;2;22;-3.747759841784875;19;2;3;1;2;1;4;21;8.256172462818508;1;23;5.469541586075454;21;5.0511119703025855;3;1;10;22;3.527278032761668;5;4;3;11;4;0;4;2;3;19;3;22;1.8279648210739214;1;5;6;20;-7.567861898042281;5;2;9;11;1;2;5;0;5;0;0;0;24;19;1;20;9.90185864393995;25;3;5;13;3;2;1;0;23;7.9584449146048115;11;1;24;17;4;1;9;8;4;0;4;5;4;3;14;18;0;2;3;6;3;5;0;11;9;4;3;2;4;2;9;13;5;6;7;3.350859119788618;5;4;2;2;0;6;17;0;22;-8.00826127104883;24;0;2;12;10;0;12;17;2;6;1;24;8;5;4;21;-7.253049539796567
TRACK:53;8;7;4;2;1;6;6;6;2;2;4;1;16;8;0;4;13;2;17;16;0;2;6;21;8.597851037213374;6;9;5;5;21;5.095282990721914;2;2;5;2;5;3;0;18;17;3;0;3;9;3;15;5;3;0;4;2;11;18;0;2;12;16;0;12;24;4;4;1;1;4;1;12;11;2;5;9;5;12;3;4;2;8;21;3.6091464719637543;6;6;6;0;4;1;3;0;25;14;1;2;23;-9.570666725154332;22;8.798842253055295;3;20;-9.11371607603896;4;5;5;0;18;19
TRACK:54;9;3;4;3;0;4;7;-4.7614921411913596;4;4;5;4;1;5;1;21;-1.3930571582354005;9;4;3;11
TRACK:55;9;3;3;3;0;1;4;4;6;0;3;2;12;22;6.560143031097578;2;1;20;-0.39729972755515597;10;5;14;1;2;1;0;4;4;21;-2.3861143024133957;2;3;13;6;12;1;1;6;25;2;20;1.081668521255315;21;3.7022175438433678;0;0;14;8;5;9;4;3;4;2;16;24;5;11;3;4;4;6;6;6;4;7;-4.7614921411913596
TRACK:56;8;2;6;1;4;0;4;6;2;5;4;0;7;8.535349546764856;24;6;3;2;22;-3.747759841784875;19;2;3;1;2;1;4;21;8.256172462818508;1;23;5.469541586075454;21;5.0511119703025855;3;1;10;22;3.527278032761668;5;4;3;11;4;0;4;2;3;19;3;22;1.8279648210739214;1;5;6;20;-7.567861898042281;5;2;9;11;1;2;5;6;3;1;0;4;22;-6.9580804831661025;0;8;14;5;4;16;4;0;4;5;4;3;14;2;6;6;0;16;15;4;2;3;11;3;8;0;2;3;6;3;5;0;11;9;4;3;2;4;2;9;13;5;6;7;3.350859119788618;5;4;2;2;0;6;17;0;22;-8.00826127104883;24;0;2;12;10;0;12;17;2;6;1;24;8;5;4;21;-7.253049539796567
TRACK:57;8;2;3;5;2;3;5;6;3;1;0;4;22;-6.9580804831661025;0;8;14;5;4;16;6;0;5;3;6;4;5;8;4;1;2;6;2;7;8.535349546764856;7;-7.820087990198128;4;0;10;12;5;2;6;24;4;24
TRACK:58;1;0;0;6;6;2;3;3;4;0;5;2;11;14;2;2;7;0.5555535695077722;19;0;20;-2.5247589034932005;17;2;5;4;6;5;0;13;14;6;2;5;4;2;19;17;3;9;2;0;6;6;1;1;4;6;3;19;2;0;1;7;5.380137739547626;11;5;8;3;5;7;-7.0626302529780505;2;3;5;2;7;1.2228191466293197;19;3;1;1;7;2.2046141769047107;19;6;13;5;0;1;5;3;2;5;12;3;12;2;0;5;1;14;16;3;2;24;19;3;5;2;17;23;-1.4009825204600403;4;2;6;5;5;23;-6.408486885200338;0;4;2;14;14;3;3;21;-1.9293846128873398;1;4;3;1;0;6;0;6;7;-7.570435468614072;2;18;18;3;0;6;13;6;15;1;0;5;2;18;14;2;1;16;8;2;23;-9.544431845404866;10;3;1;5;25;1;19;21;8.818130350657793;3;2;3;3;0;6;1;23;1.3023401775102208;18;0;1;23;2.0384183102792193;22;3.5085177918744126;0;24;21;5.452323825021004;1;0;0;6;0;12;16;3;4;10;3;4;1;14;13;2;6;0;0;10;8;2;9;10;6;5;6;23;-2.9761933179814104
TRACK:59;1;0;5;0;3;5;2;3;5;5;5;6;10;3;4;4;1;2;15;16;2;20;-1.2603968406275214;21;-6.3866576079212045;5;2;6;4;1;6;1;0;18;17;5;21;-8.612997043305292;2;6;0;7;8.848637997095562;11;2;2;25;13;0;20;2.154612188347105;17;6;1;0;2;0;5;7;-7.570435468614072;5;12;1;4;8;4;21;5.0153801674606555;0;6;5;21;1.5653352478008813;1;4;18;3;18;1;5;3;3;9;6;6;2;22;-4.590235264349443;12
TRACK:60;50;-1;3;5;2;3;5;5;3;14;6;0;5;3;6;4;5;8;4;1;2;6;2;21;-1.326313505593628;7;-7.962360261871149;4;0;10;12;5;2;6;24;4;21;-6.313839354768063
TRACK:61;52;-1;6;1;4;0;4;6;2;5;4;0;7;8.690538136323477;24;6;3;2;22;-3.669368186064831;19;2;3;1;2;1;4;21;8.341963662138799;1;23;5.370614064287355;21;5.119553358717345;3;1;10;22;3.56546620343194;5;4;3;11;4;0;4;2;3;19;3;22;1.7444171682850325;1;5;6;20;-7.602759787422277;5;2;9;11;1;2;5;0;5;0;0;0;24;19;1;20;9.910633566417635;25;3;5;13;3;2;1;0;23;8.025013275453254;11;1;24;17;4;1;9;8;4;0;4;5;0;3;7;-0.7223280345992897;6;25;18;0;2;3;6;3;5;0;11;9;4;3;2;4;2;9;13;5;6;7;3.354371483577678;5;4;2;2;0;6;17;0;22;-8.002910469633923;24;0;2;12;10;0;12;17;2;6;1;24;8;5;4;21;-7.388295615772028
TRACK:62;54;-1;4;3;0;4;7;-4.929601157671108;4;4;5;4;1;5;1;21;-1.4088600400848477;9;4;3;14
TRACK:63;56;-1;6;1;4;0;4;6;2;5;4;0;7;8.621370288864817;24;6;3;2;22;-3.5318958706859855;19;2;3;1;2;1;4;21;8.15028409014118;1;23;5.621158891189103;21;5.028401025738666;3;1;10;22;3.4254623690751744;5;4;3;11;4;0;4;2;3;19;3;22;1.9837745627177938;1;5;6;20;-7.464274923554239;5;2;9;19;1;2;5;6;3;1;0;4;22;-7.039657174883646;0;8;14;5;4;16;4;0;4;5;4;3;14;2;6;6;0;16;15;4;2;3;11;3;8;0;2;3;6;3;5;0;11;9;4;3;2;4;2;9;13;5;6;7;3.4417406893988747;5;4;2;2;0;6;17;0;22;-8.070839947287743;24;0;2;12;10;0;12;17;2;6;1;24;8;5;4;21;-7.189265571054411
TRACK:64;58;-1;0;6;6;2;3;3;4;0;5;2;11;14;2;2;7;0.5645440656648155;19;0;20;-2.534481836141722;17;2;5;4;6;5;0;13;14;6;2;5;4;2;19;17;3;9;2;0;6;6;1;1;4;6;3;19;2;0;1;7;5.365035186838656;11;5;8;3;5;7;-7.242245443530161;2;3;5;2;7;1.3012919724103345;19;3;1;1;7;2.0944411480917;19;6;13;5;0;1;5;3;2;5;12;3;12;2;0;5;1;14;16;3;2;24;19;3;5;2;17;23;-1.3349894763314187;4;2;6;5;5;23;-6.553843964342098;0;4;2;14;14;3;3;21;-1.8508592681517435;1;4;3;1;0;6;0;6;7;-7.723775464075206;2;18;18;3;0;3;25;6;15;1;0;5;2;18;14;2;1;16;8;2;23;-9.399344127000361;10;3;1;5;25;1;19;21;9.009147126962716;3;2;3;3;0;6;1;23;1.4041909594005868;18;0;1;23;2.0656049154846317;22;3.4334819313515554;0;24;21;5.4760395056728735;1;0;0;6;0;12;16;3;4;10;3;4;1;14;13;2;6;0;0;10;8;2;9;10;6;5;6;23;-2.885219612051899
TRACK:65;51;-1;5;0;3;5;2;3;5;5;5;6;10;3;4;4;1;2;15;16;2;20;-1.2822591481067582;21;-6.4534879390542255;5;2;6;6;5;19;6;1;0;2;0;5;25;5;12;1;4;8;4;21;4.955066092256012;0;6;5;21;1.5340037445229908;1;4;18;3;18;1;5;3;3;9;6;6;2;22;-4.600140768246148;12
TRACK:66;53;-1;4;2;1;6;6;6;2;2;4;1;16;8;0;4;13;2;17;16;0;2;6;21;8.484255811324081;6;9;5;5;21;5.308240472627838;2;2;5;2;5;3;0;18;17;3;0;3;9;3;15;5;3;0;4;2;11;18;0;2;12;16;0;12;24;4;4;1;1;4;1;12;11;2;5;9;5;12;3;4;2;8;21;3.5459653223023095;6;6;6;0;4;1;3;0;25;14;1;2;23;-9.428769413780339;22;8.750967652016394;1;12;18;4;5;5;0;18;19
TRACK:67;55;-1;3;3;0;1;4;4;6;0;3;2;19;22;6.50785880371666;2;1;20;-0.6374631592430763;10;5;14;1;2;1;0;4;4;21;-2.34488594208018;2;3;13;6;12;1;1;6;25;2;20;1.1278606748296902;21;3.6445067211015436;0;0;14;8;5;9;4;3;4;2;16;24;5;11;3;4;4;6;6;6;4;7;-4.578988689590327
TRACK:68;57;-1;3;5;2;3;5;6;3;1;0;4;22;-6.9055118105596165;0;8;14;5;4;16;6;0;5;3;6;24;4;1;2;6;2;7;8.635239910098981;7;-7.99191473396667;4;0;10;12;5;2;6;24;4;24
TRACK:69;59;-1;5;0;3;5;2;3;5;5;5;6;10;3;4;4;1;2;15;16;2;20;-1.1748648957222354;21;-6.32012073581677;5;2;6;4;1;6;1;0;18;17;5;21;-8.673837719584421;2;6;0;7;8.768112882537352;11;2;2;25;13;5;14;6;1;0;2;0;5;7;-7.515655275419772;5;12;1;4;8;4;21;5.010884411631961;0;6;5;21;1.6691540183036002;1;4;18;3;18;1;5;3;3;9;6;6;2;22;-4.583475687427081;12
EVAL_INSTANCE:3:0:60
EVAL_INSTANCE:3:1:61
EVAL_INSTANCE:3:2:62
EVAL_INSTANCE:3:3:63
EVAL_INSTANCE:3:4:64
EVAL_INSTANCE:3:5:65
EVAL_INSTANCE:3:6:66
EVAL_INSTANCE:3:7:67
EVAL_INSTANCE:3:8:68
EVAL_INSTANCE:3:9:69
RUN_RESULT:3:0:0:2000:----
RUN_RESULT:3:1:0:2000:----
RUN_RESULT:3:2:0:2000:----
RUN_RESULT:3:3:0:2000:----
RUN_RESULT:3:4:0:2000:----
RUN_RESULT:3:5:0:2000:----
RUN_RESULT:3:6:0:2000:----
RUN_RESULT:3:7:0:2000:----
RUN_RESULT:3:8:0:2000:----
RUN_RESULT:3:9:0:2000:----
     4 |       40 |  0.000000E+00 | -0.000000E+00
TRACK:70;3;8;3;3;0;1;4;4;6;0;3;2;12;22;6.560143031097578;2;1;20;-0.39729972755515597;10;5;14;1;2;1;0;4;4;21;-2.3861143024133957;2;3;13;6;12;1;1;1;23;5.469541586075454;21;5.0511119703025855;2;20;1.081668521255315;21;3.7022175438433678;0;0;14;8;5;9;4;3;4;2;16;24;5;2;3;0;0;18;23;6.964775495532553;5;10;2;3;6;13;5;3;19;3;4;4;6;6;6;4;7;-4.7614921411913596
TRACK:71;3;8;6;1;4;0;4;6;2;5;4;0;7;8.535349546764856;24;6;3;2;22;-3.747759841784875;19;2;3;1;2;1;4;21;8.256172462818508;1;23;5.469541586075454;21;5.0511119703025855;3;1;10;22;3.527278032761668;5;4;3;11;4;0;4;2;3;19;3;22;1.8279648210739214;1;5;6;20;-7.567861898042281;5;2;9;11;1;2;5;0;5;0;0;0;24;19;1;20;9.90185864393995;25;3;5;13;3;2;1;0;23;7.9584449146048115;11;20;-0.39729972755515597;4;1;9;8;4;0;4;5;4;3;14;2;6;6;0;16;15;4;2;3;11;3;8;0;2;3;6;3;5;0;11;9;4;3;2;4;2;9;13;5;6;7;3.350859119788618;5;4;2;2;0;6;17;0;22;-8.00826127104883;24;0;2;12;10;0;12;17;2;6;1;24;8;5;4;21;-7.253049539796567
TRACK:72;9;7;4;3;0;0;5;6;4;1;6;0;10;23;-2.912361977328926;0;0;25;22;2.4653470724977815;3;15;4;2;6;5;0;2;7;-3.8565189333785614;15;0;20;-2.2799978390611653;8;3;5;2;2;7;-1.958661488257027;8;3;17;4;4;5;4;1;5;1;21;-1.3930571582354005;9;4;3;11
TRACK:73;9;7;4;2;1;6;6;6;2;2;4;3;11;0;4;13;2;17;16;0;2;6;21;8.597851037213374;6;9;5;5;21;5.095282990721914;2;2;5;2;5;3;0;18;17;3;0;3;9;3;15;5;3;0;4;2;11;18;0;2;12;24;0;12;24;4;4;1;1;4;1;12;11;2;5;9;5;12;3;4;2;8;21;3.6091464719637543;6;6;6;0;4;1;3;0;25;14;1;2;23;-9.570666725154332;22;8.798842253055295;3;20;-9.11371607603896;4;5;5;0;18;19
TRACK:74;6;0;1;4;1;3;4;2;5;3;0;1;21;-7.15242947325569;12;4;20;-7.206031960341475;3;2;4;1;15;7;7.063449729662352;3;3;17;3;1;3;1;3;2;3;8;2;16;10;0;5;6;20;-2.319290801089517;6;4;9;5;3;1;6;6;19;1;0;25;16;5;17;1;6;2;2;4;4;2;1;4;8;4;19;3;1;14;15;6;4;1;2;5;22;3.537343712169484;0;9;23;-0.3081171828085143;0;0;17;17;3;20;8.060351502395985;0;4;0;6;6;6;7;-2.89096369454027;6;0;1;12;20;3.395385315601553;2;13;25;2;2;5;3;3;24;0;3;3;16;6;3;21;6.392827762333898;4;21;-8.612997043305292;6;5;0;0;3;2;0;6;16;1;20;-0.5835139923716461;8;5;0;10;12;1;6;1;5;9;0;16;25;3;5;0;9;13;2;4;2;4;2;21;-4.527031235047518;10;5;6;12;5;3;6;5;12
TRACK:75;6;0;5;0;3;5;2;3;5;5;5;6;10;3;4;4;1;2;15;16;2;20;-1.2603968406275214;21;-6.3866576079212045;5;2;6;4;1;6;1;0;18;17;5;21;-8.612997043305292;2;6;0;7;8.848637997095562;11;2;2;16;10;0;20;2.154612188347105;17;6;1;0;2;0;5;25;5;12;1;4;8;4;21;5.0153801674606555;0;6;5;21;1.5653352478008813;1;4;18;3;18;1;5;3;3;9;6;6;2;22;-4.590235264349443;12
TRACK:76;4;5;4;5;5;5;3;6;5;5;2;11;10
TRACK:77;4;5;5;3;2;5;6;4;5;1;4;18;3;9;5;3;5;4;0;5;2;11;10;6;0;13;11
TRACK:78;1;9;0;6;6;2;3;3;4;0;5;2;11;14;2;2;7;0.5555535695077722;19;0;20;-2.5247589034932005;17;2;5;4;6;5;0;13;14;6;2;5;4;2;19;17;0;5;0;19;12;5;1;17;11;2;0;6;6;1;1;4;6;3;19;2;0;1;7;5.380137739547626;11;5;8;3;5;7;-7.0626302529780505;2;3;5;2;7;1.2228191466293197;19;3;1;1;7;2.2046141769047107;19;6;13;5;0;1;5;3;2;5;12;3;12;2;0;5;1;14;16;3;2;24;19;3;5;2;17;23;-1.4009825204600403;4;2;6;5;5;23;-6.408486885200338;0;4;2;14;14;3;3;21;-1.9293846128873398;1;4;3;1;0;6;0;6;7;-7.570435468614072;2;18;18;3;0;6;13;6;15;1;0;5;2;18;14;2;1;16;8;2;23;-9.544431845404866;10;3;3;17;3;2;3;3;0;6;1;23;1.3023401775102208;18;0;1;23;2.0384183102792193;22;3.5085177918744126;0;24;21;5.452323825021004;1;0;0;6;0;12;16;3;4;10;3;4;1;14;13;2;6;0;0;10;8;2;9;10;6;5;6;23;-2.9761933179814104
TRACK:79;1;9;4;3;0;0;5;6;4;1;6;0;10;23;-2.912361977328926;0;0;25;22;2.4653470724977815;3;15;2;5;4;6;5;0;13;14;6;2;5;4;2;19;17;0;5;0;19;12;5;1;17;11;4;4;5;4;1;5;1;21;-1.3930571582354005;9;4;3;11
TRACK:80;70;-1;3;3;0;1;4;4;6;0;3;2;12;22;6.525291066166307;2;1;20;-0.42762568850902716;8;5;14;1;2;1;0;4;4;21;-2.4773358181250202;2;3;13;6;12;1;1;1;23;5.514605292057813;21;4.9287717861281;2;20;1.10877986412168;21;3.7028192479979247;0;0;14;8;5;9;4;3;4;2;16;24;5;2;3;0;0;18;23;6.995843094888196;5;10;2;3;6;13;5;3;19;3;4;4;6;6;6;4;7;-4.769513118439454
TRACK:81;72;-1;4;3;0;0;5;6;4;1;6;0;10;23;-2.933120538267171;0;0;25;14;3;15;4;2;6;5;0;2;7;-3.6921983878508513;15;0;20;-2.410123220978806;8;3;5;2;2;7;-1.9634479543672876;8;3;17;4;4;5;4;1;5;1;21;-1.3606110904434738;9;4;3;11
TRACK:82;74;-1;1;4;1;3;4;2;5;3;0;1;21;-7.165814422237607;12;4;20;-7.254263123850265;3;2;4;1;15;7;7.0779014038183625;3;3;17;3;1;3;1;3;2;3;8;2;16;10;0;5;6;20;-2.5250343746756823;6;4;9;5;3;1;6;6;19;1;0;25;16;5;17;1;6;2;2;4;4;2;1;4;8;4;19;3;1;14;15;6;4;1;2;5;22;3.443455860138379;0;9;23;-0.15367583680080768;0;0;17;17;3;20;8.15025462529362;0;4;0;6;6;6;7;-2.896645549119037;6;0;1;12;20;3.5089818202160963;2;13;25;2;2;5;3;3;24;0;3;3;16;6;3;21;6.4417184224719355;4;21;-8.638502981596844;6;5;0;0;3;2;0;6;16;1;20;-0.6605400351649569;8;5;0;10;12;1;6;1;5;13;0;16;25;3;5;0;9;13;2;4;2;4;2;21;-4.571346775350643;10;5;6;12;5;3;6;5;12
TRACK:83;76;-1;4;5;5;5;3;6;5;5;2;11;2;13;10
TRACK:84;78;-1;0;6;6;2;3;3;4;0;5;2;11;14;2;2;7;0.7194018718221691;19;0;20;-2.3717330314703213;17;2;5;4;6;5;0;13;14;6;2;5;4;2;19;17;0;5;0;19;12;5;1;17;11;2;0;6;6;1;1;4;6;3;19;2;0;1;16;11;5;8;3;5;7;-7.1216216188853485;2;3;5;2;7;1.2732514844277822;19;3;1;1;7;2.383473145073353;19;6;13;5;0;1;5;3;2;5;12;3;12;2;0;5;1;14;16;3;2;24;19;3;5;2;17;23;-1.5155121341927238;4;2;6;5;5;23;-6.309878838941389;0;4;2;14;14;3;3;21;-2.0955276688339968;1;4;3;1;0;6;0;6;7;-7.680131473722791;2;18;18;3;0;6;13;6;15;1;0;5;2;18;14;2;1;16;8;2;23;-9.505891556886102;10;3;3;17;3;2;3;3;0;6;1;23;1.1911815657743108;18;0;1;23;2.019307657205571;22;3.3946803867349358;0;24;21;5.392009664852908;1;0;0;6;0;12;16;3;4;10;3;4;1;14;13;2;6;0;0;10;8;2;9;10;6;5;6;23;-2.929634571785838
TRACK:85;71;-1;6;1;4;0;4;6;2;5;4;0;7;8.55184572718802;24;6;3;2;22;-3.7573078943095344;19;2;3;1;2;1;4;21;8.203495978304177;1;23;5.361452379986379;21;5.05683235115424;3;1;10;22;3.6033197772885948;5;4;3;11;4;0;4;2;3;19;3;22;1.6169160131554206;1;5;6;20;-7.405619583701052;5;2;9;11;1;2;5;0;5;0;0;0;24;19;1;20;9.794838666187633;25;3;5;13;3;2;1;0;23;7.978783752327402;11;20;-0.26545582314771204;4;1;9;8;4;0;4;5;4;3;14;2;6;6;0;16;15;4;2;3;11;3;8;0;2;3;6;3;5;0;11;9;4;3;2;4;2;9;13;5;6;7;3.4148867600886987;5;4;2;2;0;6;17;0;22;-8.03508194640313;24;0;2;12;10;2;22;-1.9806058507704236;8;2;6;1;24;8;5;4;21;-7.229778852542915
TRACK:86;73;-1;4;2;1;6;6;6;2;2;4;3;11;0;4;13;2;17;16;0;2;6;21;8.400361518012566;6;9;5;5;21;5.056259581883601;2;2;5;2;5;3;0;18;17;3;0;3;9;3;15;5;3;0;4;2;11;18;0;2;12;24;0;12;24;4;4;1;1;4;1;12;11;2;5;9;5;12;3;4;2;8;21;3.5625952738053193;6;6;6;0;4;1;3;0;25;14;1;2;23;-9.577730093551402;22;8.96249884837673;6;12;4;5;5;0;18;19
TRACK:87;75;-1;5;0;3;5;2;3;5;5;5;6;10;3;4;4;1;2;15;16;2;20;-1.1953004846366204;21;-6.308275660634297;5;2;6;4;1;6;1;4;17;5;21;-8.555591078804575;2;6;0;7;8.812268652911854;11;2;2;16;10;0;20;2.1531853649341026;17;6;1;0;2;0;5;25;5;12;1;4;8;4;21;4.960039227817239;0;6;5;21;1.6596524839689215;1;4;18;3;18;1;5;3;3;9;6;6;2;22;-4.648723127524078;12
TRACK:88;77;-1;5;3;2;5;6;4;5;1;4;18;3;9;0;3;3;3;2;6;18;6;15;2;2;3;5;6;20;-7.431510794986913;5;0;0;17;15;2;12;13;1;6;5;1;23;-4.6640411081475435;25;5;5;0;19;23;-4.370623770386595
TRACK:89;79;-1;4;3;0;0;5;6;4;1;6;0;10;23;-2.977228114057331;0;0;25;22;2.4494781656567306;3;15;2;5;4;6;5;0;13;14;6;2;5;4;2;19;17;0;5;0;19;12;5;1;17;11;4;4;5;4;1;5;1;21;-1.5521849440602917;9;4;3;11
EVAL_INSTANCE:4:0:80
EVAL_INSTANCE:4:1:81
EVAL_INSTANCE:4:2:82
EVAL_INSTANCE:4:3:83
EVAL_INSTANCE:4:4:84
EVAL_INSTANCE:4:5:85
EVAL_INSTANCE:4:6:86
EVAL_INSTANCE:4:7:87
EVAL_INSTANCE:4:8:88
EVAL_INSTANCE:4:9:89
RUN_RESULT:4:0:0:2000:----
RUN_RESULT:4:1:0:2000:----
RUN_RESULT:4:2:0:2000:----
RUN_RESULT:4:3:0:2000:----
RUN_RESULT:4:4:0:2000:----
RUN_RESULT:4:5:0:2000:----
RUN_RESULT:4:6:0:2000:----
RUN_RESULT:4:7:0:2000:----
RUN_RESULT:4:8:0:2000:----
RUN_RESULT:4:9:0:2000:----
     5 |       50 |  0.000000E+00 | -0.000000E+00
TRACK:90;8;0;6;1;4;0;4;6;2;5;4;0;7;8.535349546764856;24;6;3;2;22;-3.747759841784875;19;2;3;1;21;1.5653352478008813;5;4;3;11;4;0;4;2;3;19;3;22;1.8279648210739214;1;5;6;20;-7.567861898042281;5;2;9;11;1;2;5;0;5;0;0;0;24;19;1;20;9.90185864393995;25;3;5;13;3;2;1;0;23;7.9584449146048115;11;1;24;17;4;1;9;8;4;0;4;5;4;3;14;2;6;6;0;16;15;4;2;3;11;3;8;0;2;3;6;3;5;0;11;9;4;3;2;4;2;9;13;5;6;7;3.350859119788618;5;4;2;2;0;6;17;0;22;-8.00826127104883;24;0;2;12;10;0;12;17;2;6;1;24;8;5;4;21;-7.253049539796567
TRACK:91;8;0;5;0;3;5;2;3;5;5;5;6;10;3;4;4;1;2;15;16;2;20;-1.2603968406275214;21;-6.3866576079212045;5;2;6;4;1;6;1;0;18;17;5;21;-8.612997043305292;2;6;0;7;8.848637997095562;11;2;2;25;13;0;20;2.154612188347105;17;6;1;0;2;0;1;10;22;3.527278032761668;5;12;1;4;8;4;21;5.0153801674606555;0;6;5;21;1.5653352478008813;1;4;18;3;18;1;5;3;3;9;6;6;2;22;-4.590235264349443;12
TRACK:92;6;4;1;4;1;3;4;2;5;3;0;1;21;-7.15242947325569;12;4;20;-7.206031960341475;3;2;4;1;15;7;7.063449729662352;3;3;17;3;1;3;1;3;2;3;8;2;16;10;0;5;6;20;-2.319290801089517;6;4;9;5;3;1;6;6;19;1;0;25;16;5;17;1;6;2;2;4;4;2;1;4;8;4;19;3;1;14;15;6;4;1;2;5;22;3.537343712169484;0;9;23;-0.3081171828085143;0;0;17;17;3;20;8.060351502395985;0;4;0;4;18;6;0;1;12;20;3.395385315601553;2;13;25;2;2;5;3;3;24;0;3;3;16;6;3;21;6.392827762333898;4;5;3;1;25;16;6;5;0;0;3;2;0;6;16;1;20;-0.5835139923716461;8;5;0;10;12;1;6;1;5;9;0;16;25;3;5;0;9;13;2;4;2;4;2;21;-4.527031235047518;10;5;6;12;5;3;6;5;12
TRACK:93;6;4;4;5;5;5;3;6;5;3;1;4;18;3;13
TRACK:94;3;3;3;3;0;1;4;4;6;0;3;2;12;22;6.560143031097578;2;1;20;-0.39729972755515597;10;5;14;1;2;1;0;3;13;2;3;13;6;12;1;1;6;25;2;20;1.081668521255315;21;3.7022175438433678;0;0;14;8;5;9;4;3;4;2;16;24;5;2;3;0;0;18;23;6.964775495532553;5;10;2;3;6;13;5;3;19;3;4;4;6;6;6;4;7;-4.7614921411913596
TRACK:95;3;3;3;3;0;1;4;4;6;0;3;2;12;22;6.560143031097578;2;1;20;-0.39729972755515597;10;5;14;1;2;1;0;22;6.560143031097578;2;3;13;6;12;1;1;6;25;2;20;1.081668521255315;21;3.7022175438433678;0;0;14;8;5;9;4;3;4;2;16;24;5;2;3;0;0;18;23;6.964775495532553;5;10;2;3;6;13;5;3;19;3;4;4;6;6;6;4;7;-4.7614921411913596
TRACK:96;6;4;1;4;1;3;4;2;5;3;0;1;21;-7.15242947325569;12;4;20;-7.206031960341475;3;2;4;1;15;7;7.063449729662352;3;3;17;3;1;3;1;3;2;3;8;2;16;10;0;5;6;9;6;4;9;5;3;1;6;6;19;1;0;25;16;5;17;1;6;2;2;4;4;2;1;4;8;4;19;3;1;14;15;6;4;1;2;5;22;3.537343712169484;0;9;23;-0.3081171828085143;0;0;17;17;3;20;8.060351502395985;0;4;0;6;6;6;7;-2.89096369454027;6;0;1;12;20;3.395385315601553;2;13;25;2;2;5;3;3;24;0;3;3;16;6;3;21;6.392827762333898;4;5;3;1;25;16;6;5;0;0;3;2;0;6;16;1;20;-0.5835139923716461;8;5;0;10;12;1;6;1;5;9;0;16;25;3;5;0;9;13;2;4;2;4;2;21;-4.527031235047518;10;5;6;12;5;3;6;5;12
TRACK:97;6;4;4;5;5;5;3;6;5;3;1;4;18;3;7;7.063449729662352
TRACK:98;7;2;4;2;1;6;6;6;2;2;4;1;16;8;0;4;13;2;17;16;0;2;6;21;8.597851037213374;6;21;-1.3037193410330943;5;5;21;5.095282990721914;2;2;5;2;5;3;0;18;17;3;0;3;9;3;15;5;3;0;4;2;11;18;0;2;12;24;0;12;24;4;4;1;1;4;1;12;11;2;5;9;5;12;3;4;2;8;21;3.6091464719637543;6;6;6;0;4;1;3;0;25;14;1;2;23;-9.570666725154332;22;8.798842253055295;3;20;-9.11371607603896;4;5;5;0;18;19
TRACK:99;7;2;3;5;2;3;5;6;3;1;0;4;22;-6.9580804831661025;0;8;14;5;4;16;6;0;13;4;1;2;6;2;21;-1.3037193410330943;7;-7.820087990198128;4;0;10;12;5;2;6;24;4;24
TRACK:100;90;-1;6;1;4;0;4;6;2;5;4;0;7;8.485966534668384;24;6;3;2;22;-3.8838515209749027;19;2;3;1;21;1.5796983228083403;5;4;3;11;4;0;4;2;3;19;3;22;1.8631241099746068;1;5;6;20;-7.642250600548966;5;2;9;11;1;2;5;0;5;0;0;0;24;19;1;20;9.952042927126255;25;3;5;13;3;2;1;0;23;7.890425798071621;11;4;18;4;1;9;8;4;0;4;5;4;3;14;2;6;6;0;16;15;4;2;3;11;3;8;0;2;3;6;3;5;0;11;9;4;3;2;4;2;9;13;5;6;7;3.4140434990493134;5;4;2;2;0;6;17;0;22;-8.104941604629493;24;0;2;12;10;0;12;17;2;6;1;24;8;5;4;21;-7.26420252046723
TRACK:101;92;-1;1;4;1;3;4;2;5;3;0;1;21;-7.169512718687088;12;4;20;-7.491152166792985;3;2;4;1;15;7;7.1912688713843185;3;3;17;3;1;3;1;3;2;3;8;2;16;10;0;5;6;20;-2.426635966181998;6;4;9;5;3;1;6;6;19;1;0;25;16;5;17;1;6;2;2;4;4;2;1;4;8;4;19;3;1;14;15;6;4;1;2;5;22;3.503235589276655;0;9;23;-0.21752147486065682;0;0;17;17;3;20;8.114865157438977;0;4;0;4;18;6;0;1;12;20;3.39216232521522;2;13;25;2;2;5;3;3;24;0;3;3;16;6;3;21;6.400609674249462;4;5;3;1;25;16;6;5;0;0;3;2;0;6;16;1;20;-0.6090450092622037;8;5;0;10;12;1;6;1;5;9;0;16;25;3;5;0;9;13;2;4;2;4;2;21;-4.5056617870596245;10;5;6;12;5;0;4;10;5;18
TRACK:102;94;-1;3;3;0;1;4;4;6;0;3;2;12;22;6.420034847125582;2;1;20;-0.4401999780884596;10;5;14;1;2;1;0;3;13;2;3;13;6;12;1;1;6;25;2;20;1.3066434002446876;21;3.689037498695332;0;0;14;8;5;9;4;3;4;2;16;24;5;2;3;1;6;16;5;24;2;3;6;13;5;3;19;3;4;4;6;6;6;4;7;-4.891805035267736
TRACK:103;6;-1;1;4;1;3;4;2;5;3;0;1;21;-7.077284804556519;12;4;20;-7.152018948707227;3;2;4;1;15;7;7.154890868729545;3;3;17;3;1;3;1;3;2;3;8;2;16;10;0;5;6;20;-2.346033805876744;6;4;9;5;3;1;6;6;19;1;0;25;16;5;17;1;6;2;2;4;4;2;1;4;8;4;19;3;1;14;15;6;4;1;2;5;22;3.6122386347190965;0;9;23;-0.2946460375817579;0;0;17;17;3;20;7.9484236256724;0;4;0;6;6;6;7;-2.86750449934625;6;0;1;12;20;3.4464874435091835;2;13;25;2;2;5;3;3;24;5;16;4;5;3;1;25;16;6;5;0;0;3;2;0;6;16;1;20;-0.6349475572757498;8;5;0;10;12;1;6;1;5;9;0;16;25;3;5;0;9;13;2;4;2;4;2;21;-4.616200948029436;10;5;6;12;5;3;6;5;12
TRACK:104;98;-1;4;2;1;6;6;6;2;2;4;1;16;8;0;4;13;2;17;16;0;2;6;21;8.467549192972438;6;21;-1.3180849807550337;5;5;21;5.013778244623239;2;2;5;2;5;3;0;18;17;3;0;3;9;3;15;5;3;0;4;2;11;18;0;2;12;24;0;12;24;4;1;0;22;-9.00167423911018;24;1;22;-0.3823069483350672;12;6;6;6;0;4;1;3;0;25;14;1;2;23;-9.559302397836403;22;8.823353897973037;3;20;-9.035893710997872;4;5;5;0;18;19
TRACK:105;91;-1;5;0;3;5;2;3;5;5;5;6;10;3;4;4;1;2;15;16;2;20;-1.3181120370855357;21;-6.247849442759059;5;2;6;4;1;6;1;0;18;17;5;21;-8.658693792965494;2;6;0;7;8.85640288597472;11;2;2;25;13;0;20;2.187370626726801;17;6;1;0;2;0;1;10;22;3.479247305071058;5;12;2;4;20;0.5260637518344033;2;12;20;6.970573310792226;0;6;5;21;1.721036408317784;1;4;18;3;18;1;5;3;3;9;6;6;2;22;-4.635526238381951;12
TRACK:106;93;-1;4;5;5;5;3;2;3;19;4;20;-7.45671964164308
TRACK:107;95;-1;3;3;0;1;4;4;6;0;3;2;12;22;6.561481627225636;2;1;20;-0.2981800537288786;10;5;14;1;2;1;0;22;6.616809801950683;2;3;13;6;12;3;4;2;10;10;4;3;4;2;16;24;5;2;3;0;0;18;23;6.9409278877059695;5;10;2;3;6;13;5;3;19;3;4;4;6;6;6;4;7;-4.768447577004648
TRACK:108;4;-1;4;5;5;5;3;6;5;6;0;19;12
TRACK:109;99;-1;3;5;2;3;5;6;3;1;0;4;22;-6.8819382529622875;0;8;14;5;4;16;6;0;13;4;1;1;10;10;5;2;6;24;4;24
EVAL_INSTANCE:5:0:100
EVAL_INSTANCE:5:1:101
EVAL_INSTANCE:5:2:102
EVAL_INSTANCE:5:3:103
EVAL_INSTANCE:5:4:104
EVAL_INSTANCE:5:5:105
EVAL_INSTANCE:5:6:106
EVAL_INSTANCE:5:7:107
EVAL_INSTANCE:5:8:108
EVAL_INSTANCE:5:9:109
RUN_RESULT:5:0:0:2000:----
RUN_RESULT:5:1:0:2000:----
RUN_RESULT:5:2:0:2000:----
RUN_RESULT:5:3:0:2000:----
RUN_RESULT:5:4:0:2000:----
RUN_RESULT:5:5:0:2000:----
RUN_RESULT:5:6:0:2000:----
RUN_RESULT:5:7:0:2000:----
RUN_RESULT:5:8:0:2000:----
RUN_RESULT:5:9:0:2000:----
     6 |       60 |  0.000000E+00 | -0.000000E+00
TRACK:110;3;9;3;3;0;1;4;4;6;0;3;2;12;22;6.560143031097578;2;1;20;-0.39729972755515597;10;5;14;1;2;1;0;4;4;20;-2.2799978390611653;2;3;13;6;12;1;1;6;25;2;20;1.081668521255315;21;3.7022175438433678;0;0;14;8;5;9;4;3;4;2;16;24;5;2;3;0;0;18;23;6.964775495532553;5;10;2;3;6;13;5;3;19;3;4;4;6;6;6;4;7;-4.7614921411913596
TRACK:111;3;9;4;3;0;0;5;6;4;1;6;0;10;23;-2.912361977328926;0;0;25;22;2.4653470724977815;3;15;4;2;6;5;0;2;7;-3.8565189333785614;15;0;20;-2.2799978390611653;8;3;5;2;14;3;17;4;4;5;4;1;5;1;21;-1.3930571582354005;9;4;3;11
TRACK:112;4;5;4;5;5;5;17
TRACK:113;4;5;5;3;2;5;6;4;5;1;5;5;17;0;5;13;4;18;5;3;5;4;0;5;2;11;10;6;0;13;11
TRACK:114;8;1;6;1;4;0;4;6;2;5;4;0;7;8.535349546764856;24;6;3;2;22;-3.747759841784875;19;2;3;1;2;1;4;21;8.256172462818508;1;23;5.469541586075454;21;5.0511119703025855;3;1;10;22;3.527278032761668;5;4;3;11;4;0;4;2;3;19;3;22;1.8279648210739214;1;5;6;20;-7.567861898042281;5;2;9;11;1;2;5;0;5;0;0;0;24;19;1;20;9.90185864393995;25;3;5;13;3;2;1;0;23;7.9584449146048115;11;1;24;17;4;1;9;8;4;0;4;5;4;3;14;2;6;6;0;16;15;4;2;3;11;3;8;0;2;3;6;3;5;0;11;9;4;3;2;4;2;9;13;5;6;7;3.350859119788618;5;4;2;2;0;6;17;0;22;-8.00826127104883;24;0;2;12;10;0;12;17;23;1.3023401775102208
TRACK:115;8;1;0;6;6;2;3;3;4;0;5;2;11;14;2;2;7;0.5555535695077722;19;0;20;-2.5247589034932005;17;2;5;4;6;5;0;13;14;6;2;5;4;2;19;21;5.0511119703025855;0;5;0;19;12;5;1;17;11;2;0;6;6;1;1;4;6;3;19;2;0;1;7;5.380137739547626;11;5;8;3;5;7;-7.0626302529780505;2;3;5;2;7;1.2228191466293197;19;3;1;1;7;2.2046141769047107;19;6;13;5;0;1;5;3;2;5;12;3;12;2;0;5;1;14;16;3;2;24;19;3;5;2;17;23;-1.4009825204600403;4;2;6;5;5;23;-6.408486885200338;0;4;2;14;14;3;3;21;-1.9293846128873398;1;4;3;1;0;6;0;6;7;-7.570435468614072;2;18;18;3;0;6;13;6;15;1;0;5;2;18;14;2;1;16;8;2;23;-9.544431845404866;10;3;1;5;25;1;19;21;8.818130350657793;3;2;3;3;0;6;1;23;1.3023401775102208;18;0;1;23;2.0384183102792193;22;3.5085177918744126;0;24;21;5.452323825021004;1;0;0;6;0;12;16;3;4;10;3;4;1;14;13;2;6;0;0;10;8;2;9;10;6;5;6;23;-2.9761933179814104
TRACK:116;3;5;3;3;0;1;4;4;6;0;3;2;12;22;6.560143031097578;2;1;20;-0.39729972755515597;10;5;14;1;2;1;0;4;4;21;-2.3861143024133957;2;3;13;6;12;1;1;6;25;2;20;1.081668521255315;21;3.7022175438433678;0;0;14;13;5;9;4;3;4;2;16;24;5;2;3;0;0;18;23;6.964775495532553;5;10;2;3;6;13;5;3;19;3;4;4;6;6;6;4;7;-4.7614921411913596
TRACK:117;3;5;5;3;2;5;6;4;5;1;5;5;17;0;5;13;3;16;5;3;5;4;0;5;2;11;23;6.964775495532553;6;0;13;11
TRACK:118;6;7;1;4;1;3;4;2;5;3;0;1;21;-7.15242947325569;12;4;20;-7.206031960341475;3;2;4;1;15;7;7.063449729662352;3;3;17;3;1;3;1;3;2;3;8;2;16;10;0;5;6;20;-2.319290801089517;6;4;9;5;3;1;6;6;19;1;0;25;16;5;17;1;6;2;2;4;4;2;1;4;8;4;19;3;1;14;15;6;4;1;2;5;22;3.537343712169484;0;9;23;-0.3081171828085143;0;0;17;17;3;20;8.060351502395985;0;4;0;6;6;6;7;-2.89096369454027;6;0;1;12;20;3.395385315601553;2;13;25;2;2;5;3;3;24;0;3;3;16;6;3;21;6.392827762333898;4;5;3;1;25;16;6;5;0;0;3;12;1;6;1;5;9;0;16;25;3;5;0;9;13;2;4;2;4;2;21;-4.527031235047518;10;5;6;12;5;3;6;5;12
TRACK:119;6;7;4;2;1;6;6;6;2;2;4;1;16;8;0;4;13;2;17;16;0;2;6;21;8.597851037213374;6;9;5;5;21;5.095282990721914;2;2;5;2;5;3;0;18;17;3;0;3;9;3;15;5;3;0;4;2;11;18;0;2;12;24;0;12;24;4;4;1;1;4;1;12;11;17;3;4;2;8;21;3.6091464719637543;6;6;6;0;4;1;3;0;25;14;1;2;23;-9.570666725154332;22;8.798842253055295;3;20;-9.11371607603896;4;5;5;0;18;19
TRACK:120;110;-1;3;3;0;1;4;4;6;0;3;2;12;22;6.742985128279808;2;1;20;-0.55226203598744;10;5;14;1;2;1;0;4;4;20;-2.12340863936601;2;3;13;6;12;1;1;6;25;2;20;1.1076457311496066;21;3.6010521163337446;0;0;14;8;5;9;4;3;4;2;16;24;5;3;1;4;8;6;13;3;4;4;6;6;6;4;7;-4.714316475024027
TRACK:121;112;-1;4;5;5;5;4;18
TRACK:122;114;-1;6;1;4;0;4;6;2;5;4;0;7;8.661153776553611;24;6;3;2;22;-3.8060220427609504;19;2;3;1;2;1;4;21;8.307727385390898;1;23;5.457000996880631;21;5.057069443549952;3;1;10;22;3.692117644324298;5;4;3;11;4;0;4;2;3;19;3;22;1.6593603470330645;1;5;6;20;-7.579441457791424;5;2;13;23;9.596634147706261;1;2;5;0;5;0;0;0;24;19;1;20;9.856613750889219;25;3;5;13;3;2;1;0;23;7.79834413910091;11;1;24;17;4;1;9;8;4;0;4;5;4;3;14;2;6;6;0;16;15;4;2;3;11;3;8;0;2;3;6;3;5;0;11;9;4;3;2;4;2;9;13;5;6;7;3.4215894803916203;5;4;2;2;0;6;17;0;22;-8.041370894379657;24;0;2;12;10;0;12;17;23;1.3004617046997011
TRACK:123;116;-1;3;3;0;1;4;4;6;0;3;2;12;22;6.457387850318822;2;1;20;-0.28337036183941505;10;5;14;1;2;1;0;4;4;21;-2.445673538712924;2;3;13;6;12;1;1;6;25;2;20;0.9831741371208672;21;3.6665367011634644;0;0;14;13;5;9;4;3;4;1;18;16;5;2;3;0;0;18;23;6.8188348206973615;5;10;2;3;6;13;5;3;19;3;4;4;6;6;6;4;7;-4.799631442257083
TRACK:124;118;-1;1;4;1;3;4;2;5;3;0;1;21;-7.180510606782988;12;4;20;-7.144537896342611;3;2;4;1;15;7;7.0076583255660685;3;3;17;3;1;3;1;3;2;3;8;2;16;10;0;5;6;20;-2.2254534315121326;6;4;9;5;3;1;6;6;19;1;0;25;16;3;16;1;6;2;2;4;4;2;1;4;8;4;19;3;1;14;15;6;4;1;2;5;22;3.6207528632475072;0;9;23;-0.14848210724519495;0;0;17;17;3;20;8.178397253442167;0;4;0;6;6;6;7;-3.0091613053504207;6;0;1;12;20;3.4473492570156203;2;13;25;2;2;5;3;3;24;0;3;3;16;6;3;21;6.279717888577279;4;5;3;1;25;16;6;5;0;0;3;12;1;6;1;5;9;0;16;25;3;5;0;9;13;2;4;2;4;2;21;-4.422986855386182;10;5;6;12;5;3;6;5;12
TRACK:125;111;-1;4;0;1;6;3;4;4;2;5;0;15;16;3;0;13;11;0;6;4;4;1;0;2;13;12;0;8;15;0;5;16;3;22;-4.55854372075901;5;4;6;5;2;6;7;5.196139828101888;0;13;9;4;5;2;6;6;3;6;3;21;6.9416572792968125;3;4;2;0;4;22;8.156882324294564;4;7;9.132492406524022;3;6;9
TRACK:126;113;-1;5;3;2;5;6;4;5;1;5;5;17;0;5;13;4;18;5;3;5;4;14
TRACK:127;115;-1;0;6;6;2;3;3;4;0;5;2;11;14;2;2;7;0.4667287753071014;19;0;20;-2.460799962297203;17;2;5;4;6;5;0;13;14;6;2;5;4;2;19;21;5.060032883139947;0;5;0;19;12;5;1;17;11;2;0;6;6;1;1;4;6;3;19;2;0;1;7;5.248500273484527;11;5;8;3;5;7;-7.134853141913361;2;3;5;2;7;1.1056451333263582;19;3;1;1;7;2.208873725330832;19;6;13;5;0;1;5;3;2;5;12;3;12;2;0;5;1;14;16;3;2;24;19;3;5;2;17;23;-1.5314105175759587;4;2;6;5;1;9;25;0;4;2;14;14;3;3;21;-2.035892824143014;1;4;3;1;0;6;0;6;7;-7.696453924471851;2;18;18;3;0;6;13;6;15;1;0;5;2;18;14;2;1;16;8;2;23;-9.516033234707484;10;3;1;5;25;1;19;21;8.805790794086745;3;2;3;3;0;6;1;23;1.4111821313498611;18;0;1;23;1.9364249894161343;22;3.388002770652394;0;24;21;5.454056690869283;1;0;0;6;0;12;16;3;4;10;3;4;1;14;13;2;6;0;0;10;8;2;9;10;6;5;6;23;-3.1396219927999183
TRACK:128;117;-1;5;3;2;5;6;4;5;1;5;5;17;0;5;13;3;16;5;3;5;4;0;5;2;11;23;6.909814282447518;6;6;7;6.541104845366789
TRACK:129;119;-1;4;2;1;6;6;6;2;2;4;1;16;8;0;4;13;3;25;0;2;6;21;8.538120718980952;6;9;5;5;21;5.13664012050509;2;2;5;2;5;3;0;18;17;3;0;3;9;3;15;5;3;0;4;2;11;18;0;2;12;24;0;12;24;4;4;1;1;4;1;12;11;17;3;4;2;8;21;3.6439468513152704;6;6;6;0;4;1;3;0;25;14;1;2;23;-9.529896609442169;22;8.834579431607127;3;20;-9.140984836589558;4;5;5;0;18;19
EVAL_INSTANCE:6:0:120
EVAL_INSTANCE:6:1:121
EVAL_INSTANCE:6:2:122
EVAL_INSTANCE:6:3:123
EVAL_INSTANCE:6:4:124
EVAL_INSTANCE:6:5:125
EVAL_INSTANCE:6:6:126
EVAL_INSTANCE:6:7:127
EVAL_INSTANCE:6:8:128
EVAL_INSTANCE:6:9:129
RUN_RESULT:6:0:0:2000:----
RUN_RESULT:6:1:0:2000:----
RUN_RESULT:6:2:0:2000:----
RUN_RESULT:6:3:0:2000:----
RUN_RESULT:6:4:0:2000:----
RUN_RESULT:6:5:0:2000:----
RUN_RESULT:6:6:0:2000:----
RUN_RESULT:6:7:0:2000:----
RUN_RESULT:6:8:0:2000:----
RUN_RESULT:6:9:0:2000:----
     7 |       70 |  0.000000E+00 | -0.000000E+00
TRACK:130;1;8;0;6;6;2;3;3;4;0;5;2;11;14;2;2;7;0.5555535695077722;19;0;20;-2.5247589034932005;17;2;5;4;6;5;0;13;14;6;2;5;4;2;19;17;0;5;0;19;12;5;1;17;11;2;0;6;6;1;1;4;6;3;19;2;21;5.0511119703025855;3;5;7;-7.0626302529780505;2;3;5;2;7;1.2228191466293197;19;3;1;1;7;2.2046141769047107;19;6;13;5;0;1;5;3;2;5;12;3;12;2;0;5;1;14;16;3;2;24;19;3;5;2;17;23;-1.4009825204600403;4;2;6;5;5;23;-6.408486885200338;0;4;2;14;14;3;3;21;-1.9293846128873398;1;4;3;1;0;6;0;6;7;-7.570435468614072;2;18;18;3;0;6;13;6;15;1;0;5;2;18;14;2;1;16;8;2;23;-9.544431845404866;10;3;1;5;25;1;19;21;8.818130350657793;3;2;3;3;0;6;1;23;1.3023401775102208;18;0;1;23;2.0384183102792193;22;3.5085177918744126;0;24;21;5.452323825021004;1;0;0;6;0;12;16;3;4;10;3;4;1;14;13;2;6;0;0;10;8;2;9;10;6;5;6;23;-2.9761933179814104
TRACK:131;1;8;6;1;4;0;4;6;2;5;4;0;7;8.535349546764856;24;6;3;2;22;-3.747759841784875;19;2;3;1;2;1;4;21;8.256172462818508;1;23;5.469541586075454;21;5.0511119703025855;3;1;10;22;3.527278032761668;5;4;3;11;4;0;4;2;3;19;3;22;1.8279648210739214;1;5;6;20;-7.567861898042281;5;2;9;11;1;2;5;0;5;0;0;0;24;19;1;20;9.90185864393995;25;3;5;13;3;2;1;0;10;11;1;24;17;4;1;9;8;4;0;4;5;4;3;14;2;6;6;0;16;15;4;2;3;11;3;8;0;2;3;6;3;5;0;11;9;4;3;2;4;2;9;13;5;6;7;3.350859119788618;5;4;2;2;0;6;17;0;22;-8.00826127104883;24;0;2;12;10;0;12;17;2;6;1;24;8;5;4;21;-7.253049539796567
TRACK:132;4;2;4;5;4;22;-6.9580804831661025
TRACK:133;4;2;3;5;2;3;5;6;3;1;0;4;22;-6.9580804831661025;0;8;14;5;4;16;6;0;5;3;6;4;5;8;4;1;2;6;2;21;-1.3037193410330943;7;-7.820087990198128;4;0;10;12;18
TRACK:134;7;9;4;2;1;6;6;6;2;2;4;1;16;8;0;4;13;2;17;16;0;2;6;21;8.597851037213374;6;9;5;5;21;5.095282990721914;23;-2.912361977328926;6;6;6;0;4;1;3;0;25;14;1;2;23;-9.570666725154332;22;8.798842253055295;3;20;-9.11371607603896;4;5;5;0;18;19
TRACK:135;7;9;4;3;0;0;5;6;4;1;6;0;10;23;-2.912361977328926;0;0;25;22;2.4653470724977815;3;15;4;2;6;5;0;2;7;-3.8565189333785614;9;0;20;-2.2799978390611653;8;3;5;2;2;7;-1.958661488257027;14;3;17;4;4;5;4;1;5;1;21;-1.3930571582354005;9;4;3;11
TRACK:136;6;2;1;4;1;3;4;2;5;3;0;1;21;-7.15242947325569;12;4;20;-7.206031960341475;3;2;4;1;15;7;7.063449729662352;3;3;17;3;1;3;1;3;2;3;8;2;16;10;0;5;6;20;-2.319290801089517;6;4;9;5;3;1;6;6;19;1;0;25;16;5;17;1;6;2;2;4;4;2;1;4;8;4;19;3;1;14;15;6;4;1;2;5;22;3.537343712169484;0;9;23;-0.3081171828085143;0;0;17;17;3;20;8.060351502395985;0;4;0;6;6;6;7;-2.89096369454027;6;0;1;12;20;3.395385315601553;2;13;25;2;2;5;3;3;24;0;3;3;16;6;3;21;6.392827762333898;4;5;3;1;25;16;6;5;0;0;3;2;0;6;16;1;20;-0.5835139923716461;8;5;22;-6.9580804831661025;1;6;1;5;9;0;16;25;3;5;0;9;13;2;4;2;4;2;21;-4.527031235047518;10;5;6;12;5;3;6;5;12
TRACK:137;6;2;3;5;2;3;5;6;3;1;0;4;22;-6.9580804831661025;0;8;14;5;4;16;6;0;5;3;6;4;5;8;4;8
TRACK:138;5;0;5;3;2;5;2;6;0;7;8.848637997095562;11;2;2;25;13;0;20;2.154612188347105;17;5;3;5;4;0;5;2;11;10;6;0;13;11
TRACK:139;5;0;5;0;3;5;2;3;5;5;5;6;10;3;4;4;1;2;15;16;2;20;-1.2603968406275214;21;-6.3866576079212045;5;2;6;4;1;6;1;0;18;17;5;21;-8.612997043305292;2;6;0;11;11;2;2;25;13;0;20;2.154612188347105;17;6;1;0;2;0;5;25;5;12;1;4;8;4;21;5.0153801674606555;0;6;5;21;1.5653352478008813;1;4;18;3;18;1;5;3;3;9;6;6;2;22;-4.590235264349443;12
TRACK:140;130;-1;0;6;6;2;3;3;4;0;5;2;11;14;2;2;7;0.4939042276162906;19;0;20;-2.509582243018463;17;2;5;4;6;5;0;13;14;6;2;5;4;2;19;17;0;5;0;19;12;5;1;17;11;2;0;6;6;1;1;4;6;3;19;2;21;4.947371534745599;3;5;7;-6.9626501353765775;2;3;5;2;7;1.2601065439995969;19;3;1;1;7;2.247017822631335;19;6;13;5;0;1;5;3;2;5;12;3;12;2;0;5;1;14;16;3;2;24;19;3;5;2;17;23;-1.307970763904371;4;2;6;5;5;23;-6.189827026133826;0;4;2;14;14;3;3;21;-1.8339082811925542;1;4;3;1;0;6;0;6;7;-7.702549178686701;2;18;18;3;0;6;13;6;15;1;0;5;2;18;14;2;1;16;8;2;20;-1.5594517606301022;10;3;1;5;25;1;19;21;8.77669885557444;3;2;3;3;0;6;1;23;1.3961021077048945;18;0;1;23;2.097178181630493;22;3.4899024730162855;0;24;21;5.492135030779696;1;0;0;6;0;12;16;3;4;10;3;4;1;14;13;2;6;0;0;10;8;2;9;10;6;5;6;23;-3.0179942726522584
TRACK:141;132;-1;4;4;5;2;5;18;1;8;9
TRACK:142;134;-1;4;2;1;6;6;6;2;2;4;1;16;8;0;4;13;2;17;16;0;2;6;21;8.463119525833246;6;9;5;5;9;23;-2.810638431332135;6;6;6;0;4;1;3;0;25;14;1;2;23;-9.598615540115262;22;8.942290069697037;3;20;-9.05212044189791;4;5;5;0;18;19
TRACK:143;6;-1;1;4;1;3;4;2;5;3;0;1;21;-6.850207024391777;12;4;20;-7.325158442713994;3;2;4;1;15;7;7.117027971793622;3;3;17;3;1;3;1;3;2;3;8;2;16;10;0;5;6;20;-2.2413785959439148;6;4;9;5;3;1;6;6;19;1;0;25;16;5;17;1;6;2;2;4;4;2;1;4;8;4;19;3;1;14;15;6;4;1;2;5;22;3.616091363352719;0;9;23;-0.1926525345746471;0;0;17;17;3;20;8.001712797387569;0;4;0;6;6;6;7;-2.9241687962834555;6;0;1;12;20;3.4532960603388037;2;13;25;2;2;5;3;3;24;0;3;3;16;6;3;21;6.434366494113909;4;5;3;1;25;16;1;1;4;6;3;0;5;19;1;9;13;6;6;4;1;0;7;0.0720222984903316;16;2;11;22;-6.213380563894562;3;4;3;0;4;3;24;4;1;21;8.93378120360633;23;5.416354150490502
TRACK:144;138;-1;5;3;2;5;2;6;0;7;8.64335041605562;11;2;2;0;1;21;-5.949978468417907;11;2;14;19;13;0;20;2.1065486259453916;17;5;3;5;4;0;5;2;11;10;6;0;13;11
TRACK:145;131;-1;6;1;4;0;4;6;2;5;4;0;7;8.53709436470851;24;6;3;2;22;-3.641154687712995;19;2;3;1;2;1;4;21;8.218747124244961;1;23;5.705460459648801;12;3;1;10;22;3.564974510872671;5;4;3;11;4;0;4;2;3;19;3;22;1.737708841976101;1;5;6;20;-7.6496607965556445;5;2;9;11;1;2;5;0;5;0;0;0;24;19;1;20;9.973811742006701;25;3;5;13;3;2;1;0;10;11;1;24;17;4;1;9;8;4;0;4;5;4;3;14;2;6;6;0;16;15;4;2;3;11;3;8;0;2;3;6;3;5;0;11;9;4;3;2;4;2;9;13;5;6;7;3.241622561032555;5;4;2;2;0;6;17;0;22;-8.048546277364387;24;0;2;12;10;0;12;17;2;6;1;24;8;5;4;21;-7.28149982289053
TRACK:146;133;-1;3;5;2;3;0;4;3;9;1;3;25;5;11;6;0;5;3;6;4;5;8;4;1;2;6;2;21;-1.3921602353504174;7;-7.701769579276253;4;0;10;12;18
TRACK:147;135;-1;4;3;0;0;5;6;4;1;6;0;10;23;-2.8642165002051745;0;0;25;22;2.5675527476209408;3;15;4;2;6;5;0;2;7;-3.847461174134695;9;0;20;-2.2017392436215864;18;3;5;2;2;7;-1.8777180722517732;14;3;17;4;4;5;4;1;5;1;21;-1.4275379847371346;9;4;3;11
TRACK:148;2;-1;3;5;2;3;5;6;3;1;0;4;22;-6.977737534178183;0;8;14;5;4;16;6;0;5;3;6;4;5;8;4;1;2;6;2;21;-1.3559508671460039;7;-7.902026360288994;4;0;17;12;5;2;6;24;4;24
TRACK:149;139;-1;5;0;3;5;2;3;5;5;5;6;10;3;4;4;1;2;15;16;2;20;-1.1996783056632896;21;-6.348495115610854;5;2;6;4;1;6;1;0;18;17;5;21;-8.561331853255767;2;6;0;11;11;2;2;25;13;0;20;2.090352680565768;17;6;1;0;2;0;5;25;5;12;1;4;8;4;21;5.030365694811423;0;6;5;21;1.5868310589148702;1;4;18;3;18;1;5;3;3;9;6;6;2;23;7.60474582242497;12
EVAL_INSTANCE:7:0:140
EVAL_INSTANCE:7:1:141
EVAL_INSTANCE:7:2:142
EVAL_INSTANCE:7:3:143
EVAL_INSTANCE:7:4:144
EVAL_INSTANCE:7:5:145
EVAL_INSTANCE:7:6:146
EVAL_INSTANCE:7:7:147
EVAL_INSTANCE:7:8:148
EVAL_INSTANCE:7:9:149
RUN_RESULT:7:0:0:2000:----
RUN_RESULT:7:1:0:2000:----
RUN_RESULT:7:2:0:2000:----
RUN_RESULT:7:3:0:2000:----
RUN_RESULT:7:4:0:2000:----
RUN_RESULT:7:5:0:2000:----
RUN_RESULT:7:6:0:2000:----
RUN_RESULT:7:7:0:2000:----
RUN_RESULT:7:8:0:2000:----
RUN_RESULT:7:9:0:2000:----
     8 |       80 |  0.000000E+00 | -0.000000E+00
TRACK:150;7;5;4;2;1;6;6;0;13;11;2;2;5;2;5;3;0;18;17;3;0;3;9;3;15;5;3;0;4;2;11;18;0;2;12;24;0;12;24;4;4;1;1;4;1;12;11;2;5;9;5;12;3;4;2;8;21;3.6091464719637543;6;6;6;0;4;1;3;0;25;14;1;2;23;-9.570666725154332;22;8.798842253055295;3;20;-9.11371607603896;4;5;5;0;18;19
TRACK:151;7;5;5;3;2;5;6;4;5;1;5;5;17;0;5;13;3;16;5;3;5;4;0;5;2;20;-9.11371607603896;10;6;0;13;11
TRACK:152;0;4;5;0;3;5;2;3;5;5;5;6;10;3;4;4;1;2;15;16;2;20;-1.2603968406275214;21;-6.3866576079212045;5;2;6;4;1;6;1;0;18;17;5;21;-8.612997043305292;2;6;0;7;8.848637997095562;11;2;2;25;13;0;20;2.154612188347105;17;6;1;0;9;0;6;5;21;1.5653352478008813;1;4;18;3;18;1;5;3;3;9;6;6;2;22;-4.590235264349443;12
TRACK:153;0;4;4;5;5;6;10
TRACK:154;9;0;4;3;0;0;5;6;4;1;6;0;10;23;-2.912361977328926;0;0;25;22;2.4653470724977815;3;15;4;2;6;5;0;2;7;-3.8565189333785614;15;0;20;-2.2799978390611653;8;3;5;2;2;7;-1.958661488257027;14;3;17;5;21;-8.612997043305292
TRACK:155;9;0;5;0;3;5;2;3;5;5;5;6;10;3;4;22;2.4653470724977815;5;2;6;4;1;6;1;0;18;17;5;21;-8.612997043305292;2;6;0;7;8.848637997095562;11;2;2;25;13;0;20;2.154612188347105;17;6;1;0;2;0;5;25;5;12;1;4;8;4;21;5.0153801674606555;0;6;5;21;1.5653352478008813;1;4;18;3;18;1;5;3;3;9;6;6;2;22;-4.590235264349443;12
TRACK:156;8;4;6;1;4;0;4;6;2;5;4;0;7;8.535349546764856;24;6;3;2;22;-3.747759841784875;19;2;3;1;2;1;4;21;8.256172462818508;1;23;5.469541586075454;21;5.0511119703025855;3;1;10;22;3.527278032761668;5;4;3;11;4;0;4;2;3;19;3;22;1.8279648210739214;1;3;9;5;2;9;11;1;2;5;0;5;0;0;0;24;19;1;20;9.90185864393995;25;3;5;13;3;2;1;0;23;7.9584449146048115;11;1;24;17;4;1;9;8;4;0;4;5;4;3;14;2;6;6;0;16;15;4;2;3;11;3;8;0;2;3;6;3;5;0;11;9;4;3;2;4;2;9;13;5;6;7;3.350859119788618;5;4;2;2;0;6;17;0;22;-8.00826127104883;24;0;2;12;10;0;12;17;2;6;1;24;8;5;4;21;-7.253049539796567
TRACK:157;8;4;4;5;5;5;3;6;5;3;1;4;18;9
TRACK:158;1;3;0;6;6;2;3;3;4;0;5;2;11;14;2;2;7;0.5555535695077722;19;0;20;-2.5247589034932005;17;2;5;4;6;5;0;21;3.7022175438433678;14;6;2;5;4;2;19;17;0;5;0;19;12;5;1;17;11;2;0;6;6;1;1;4;6;3;19;2;0;1;7;5.380137739547626;11;5;8;3;5;7;-7.0626302529780505;2;3;5;2;7;1.2228191466293197;19;3;1;1;7;2.2046141769047107;19;6;13;5;0;1;5;3;2;5;12;3;12;2;0;5;1;14;16;3;2;24;19;3;5;2;17;23;-1.4009825204600403;4;2;6;5;5;23;-6.408486885200338;0;4;2;14;14;3;3;21;-1.9293846128873398;1;4;3;1;0;6;0;6;7;-7.570435468614072;2;18;18;3;0;6;13;6;15;1;0;5;2;18;14;2;1;16;8;2;23;-9.544431845404866;10;3;1;5;25;1;19;21;8.818130350657793;3;2;3;3;0;6;1;23;1.3023401775102208;18;0;1;23;2.0384183102792193;22;3.5085177918744126;0;24;21;5.452323825021004;1;0;0;6;0;12;16;3;4;10;3;4;1;14;13;2;6;0;0;10;8;2;9;10;6;5;6;23;-2.9761933179814104
TRACK:159;1;3;3;3;0;1;4;4;6;0;3;2;12;22;6.560143031097578;2;1;20;-0.39729972755515597;10;5;14;1;2;1;0;4;4;21;-2.3861143024133957;2;3;13;6;12;1;1;6;25;2;20;1.081668521255315;21;3.7022175438433678;0;23;-6.408486885200338;5;9;4;3;4;2;16;24;5;2;3;0;0;18;23;6.964775495532553;5;10;2;3;6;13;5;3;19;3;4;4;6;6;6;4;7;-4.7614921411913596
TRACK:160;150;-1;4;2;1;6;6;0;13;11;2;2;5;2;5;3;0;18;17;3;0;3;9;3;15;5;3;0;4;2;11;18;0;2;12;24;0;12;24;4;4;1;1;4;1;12;11;2;5;9;5;22;9.086407188184346;3;4;2;8;21;3.718412686246034;6;6;6;0;4;1;3;0;25;14;1;2;23;-9.528560452806728;22;8.972740519344146;3;20;-9.214290626944456;4;5;5;0;18;19
TRACK:161;0;-1;5;0;3;5;2;3;5;5;5;6;10;3;4;4;1;2;15;16;2;20;-1.4205143361446682;21;-6.516596388749548;5;2;6;4;1;6;1;0;18;17;5;21;-8.770803337652973;2;6;0;7;8.764729989145101;11;2;2;25;13;0;20;2.0290537889050166;17;6;1;0;2;0;5;25;5;12;1;4;8;4;21;5.015890937010851;0;0;5;13;2;15;15;1;4;18;3;18;1;5;3;3;9;6;6;2;22;-4.694255211768163;12
TRACK:162;154;-1;4;3;0;0;5;6;4;3;6;0;21;-8.6363074228089;13;4;2;6;5;0;2;7;-3.839410342531334;15;0;20;-2.242602234999383;8;3;5;2;2;7;-2.056933775761046;14;3;17;5;21;-8.631217711486926
TRACK:163;156;-1;6;1;4;0;4;6;2;5;4;0;7;8.354437931659563;24;6;3;2;22;-3.980773909398186;19;2;3;1;2;1;4;21;8.329967594560983;1;23;5.582371044692291;21;5.342229991548577;3;1;10;22;3.6345408710352998;5;4;3;11;4;0;4;2;3;19;3;22;1.84361068495164;1;3;9;5;2;9;11;1;2;5;0;5;0;0;0;24;19;1;20;9.782413365415316;25;3;5;13;3;2;1;0;23;8.002744128776623;11;1;24;17;4;1;9;8;4;0;4;5;4;3;14;2;6;6;0;16;15;4;2;3;11;3;8;0;2;3;6;3;5;0;11;9;4;3;2;4;2;9;13;5;6;7;3.2122804541140466;5;4;2;2;0;6;18;0;22;-7.9221772626028475;24;0;2;12;10;0;12;17;2;6;1;24;8;5;4;21;-7.29873690770832
TRACK:164;158;-1;0;6;6;2;3;3;4;0;5;2;11;14;2;2;7;0.6846087203923401;19;0;20;-2.454920354165898;17;2;5;4;6;5;0;21;3.690299794958631;14;6;2;5;4;2;19;17;0;5;0;19;12;5;1;17;11;2;0;6;6;1;1;4;6;3;19;2;0;1;7;5.237843532861295;11;5;8;3;5;7;-7.024326737073964;2;3;5;2;7;1.2187706269509404;19;3;1;1;7;2.0992412379229597;19;6;13;5;0;1;5;3;2;5;12;3;12;2;0;5;1;14;16;3;2;24;19;3;5;2;17;23;-1.4566653725922225;4;2;6;5;5;23;-6.377634894266217;0;4;2;14;14;3;3;21;-1.8887778332057488;1;4;3;1;0;6;0;6;7;-7.509338774666872;2;18;18;3;0;6;13;6;15;1;0;5;2;18;14;2;1;16;8;2;23;-9.411140385866641;10;3;1;5;25;1;19;21;8.87909910742854;3;2;3;3;0;6;1;23;1.405597149793363;18;0;1;23;2.058228317830513;22;3.3752572475685847;0;24;21;5.403543560293396;1;0;0;6;0;12;16;3;4;10;3;4;1;14;13;2;6;0;0;10;8;2;9;10;6;5;6;23;-2.808188888960742
TRACK:165;151;-1;5;3;2;5;6;4;5;1;5;5;17;0;1;18;12;3;16;5;3;5;4;0;5;2;20;-9.05584300432312;10;6;0;13;11
TRACK:166;4;-1;4;3;1;3;5;6;3;8;2;1;5;6;19;5;2;12;9;3;1;4;17;2;14;7;-2.753477562599662
TRACK:167;155;-1;5;0;3;5;2;3;5;5;5;6;10;3;4;22;2.582265254073124;5;2;6;4;1;6;1;0;18;17;5;21;-8.580835489210724;2;6;0;7;8.931455256602433;11;2;2;25;13;0;20;2.1314487141000895;17;6;1;0;2;0;5;25;5;12;1;4;8;4;21;4.978263322960914;0;6;5;21;1.3152233124664046;1;4;18;3;18;1;5;3;3;9;6;6;6;25
TRACK:168;157;-1;4;5;5;6;4;5;3;5;19
TRACK:169;159;-1;3;3;0;1;4;4;6;0;3;2;12;22;6.645507240268876;2;1;20;-0.3275170027504132;10;5;14;1;2;1;0;4;4;21;-2.521632727912588;2;3;13;1;13;8;1;1;6;25;2;20;1.0756465353807094;21;3.7885998422241065;0;23;-6.318139800464132;5;9;4;3;4;2;16;24;5;2;3;0;0;18;23;7.058388503747318;5;10;2;3;6;13;5;3;19;3;4;4;6;6;6;4;7;-4.6518446644446945
EVAL_INSTANCE:8:0:160
EVAL_INSTANCE:8:1:161
EVAL_INSTANCE:8:2:162
EVAL_INSTANCE:8:3:163
EVAL_INSTANCE:8:4:164
EVAL_INSTANCE:8:5:165
EVAL_INSTANCE:8:6:166
EVAL_INSTANCE:8:7:167
EVAL_INSTANCE:8:8:168
EVAL_INSTANCE:8:9:169
RUN_RESULT:8:0:0:2000:----
RUN_RESULT:8:1:0:2000:----
RUN_RESULT:8:2:0:2000:----
RUN_RESULT:8:3:0:2000:----
RUN_RESULT:8:4:0:2000:----
RUN_RESULT:8:5:0:2000:----
RUN_RESULT:8:6:0:2000:----
RUN_RESULT:8:7:0:2000:----
RUN_RESULT:8:8:0:2000:----
RUN_RESULT:8:9:0:2000:----
     9 |       90 |  0.000000E+00 | -0.000000E+00
TRACK:170;5;7;5;3;2;5;6;4;5;1;5;5;12;0;5;13;3;16;5;3;5;4;0;5;2;11;10;6;0;13;11
TRACK:171;5;7;4;2;1;6;6;6;2;2;4;1;16;8;0;4;13;2;17;16;0;2;6;21;8.597851037213374;6;9;5;5;21;5.095282990721914;2;11;4;4;1;1;4;1;12;11;2;5;9;5;12;3;4;2;8;21;3.6091464719637543;6;6;6;0;4;1;3;0;25;14;1;2;23;-9.570666725154332;22;8.798842253055295;3;20;-9.11371607603896;4;5;5;0;18;19
TRACK:172;0;3;5;0;3;5;2;3;5;5;5;6;10;3;4;4;1;2;15;16;2;20;-1.2603968406275214;21;-6.3866576079212045;5;2;6;4;1;6;1;0;18;17;5;21;-8.612997043305292;2;6;0;7;8.848637997095562;11;2;2;25;13;0;20;2.154612188347105;17;5;14
TRACK:173;0;3;3;3;0;1;4;4;6;18;1;2;1;0;4;4;21;-2.3861143024133957;2;3;13;6;12;1;1;6;25;2;20;1.081668521255315;21;3.7022175438433678;0;0;14;8;5;9;4;3;4;2;16;24;5;2;3;0;0;18;23;6.964775495532553;5;10;2;3;6;13;5;3;19;3;4;4;6;6;6;4;7;-4.7614921411913596
TRACK:174;6;4;1;4;1;3;4;2;5;3;0;1;21;-7.15242947325569;12;3;9;3;2;4;1;15;7;7.063449729662352;3;3;17;3;1;3;1;3;2;3;8;2;16;10;0;5;6;20;-2.319290801089517;6;4;9;5;3;1;6;6;19;1;0;25;16;5;17;1;6;2;2;4;4;2;1;4;8;4;19;3;1;14;15;6;4;1;2;5;22;3.537343712169484;0;9;23;-0.3081171828085143;0;0;17;17;3;20;8.060351502395985;0;4;0;6;6;6;7;-2.89096369454027;6;0;1;12;20;3.395385315601553;2;13;25;2;2;5;3;3;24;0;3;3;16;6;3;21;6.392827762333898;4;5;3;1;25;16;6;5;0;0;3;2;0;6;16;1;20;-0.5835139923716461;8;5;0;10;12;1;6;1;5;9;0;16;25;3;5;0;9;13;2;4;2;4;2;21;-4.527031235047518;10;5;6;12;5;3;6;5;12
TRACK:175;6;4;4;5;5;5;16
TRACK:176;5;2;5;3;2;5;6;4;5;1;5;2;21;-1.3037193410330943;7;-7.820087990198128;0;5;13;3;16;5;3;5;4;0;5;2;11;10;6;0;13;11
TRACK:177;5;2;3;5;2;3;5;6;3;1;0;4;22;-6.9580804831661025;0;8;14;5;4;16;6;0;5;3;6;4;5;8;4;1;2;6;2;21;-1.3037193410330943;7;-7.820087990198128;4;0;10;12;5;2;6;24;2;11;10
TRACK:178;1;9;0;6;6;2;3;3;4;0;5;2;11;14;2;2;7;0.5555535695077722;19;0;20;-2.5247589034932005;17;2;5;4;6;5;0;13;14;6;2;5;4;2;19;17;0;5;0;19;12;5;1;17;11;2;0;6;6;1;1;4;6;3;19;2;0;1;7;5.380137739547626;11;5;8;9;2;3;5;2;7;1.2228191466293197;19;3;1;1;7;2.2046141769047107;19;6;13;5;0;1;5;3;2;5;12;3;12;2;0;5;1;14;16;3;2;24;19;3;5;2;17;23;-1.4009825204600403;4;2;6;5;5;23;-6.408486885200338;0;4;2;14;14;3;3;21;-1.9293846128873398;1;4;3;1;0;6;0;6;7;-7.570435468614072;2;18;18;3;0;6;13;6;15;1;0;5;2;18;14;2;1;16;8;2;23;-9.544431845404866;10;3;1;5;25;1;19;21;8.818130350657793;3;2;3;3;0;6;1;23;1.3023401775102208;18;0;1;23;2.0384183102792193;22;3.5085177918744126;0;24;21;5.452323825021004;1;0;0;6;0;12;16;3;4;10;3;4;1;14;13;2;6;0;0;10;8;2;9;10;6;5;6;23;-2.9761933179814104
TRACK:179;1;9;4;3;0;0;5;6;4;1;6;0;10;23;-2.912361977328926;0;0;25;22;2.4653470724977815;3;15;4;2;6;2;9;10;3;5;2;2;7;-1.958661488257027;14;3;17;4;4;5;4;1;5;1;21;-1.3930571582354005;9;4;3;11
TRACK:180;170;-1;5;3;2;5;6;4;5;1;5;5;12;0;5;13;3;16;5;3;5;4;0;5;2;16;10;6;0;13;11
TRACK:181;172;-1;5;0;3;5;2;3;5;5;5;6;10;3;4;4;1;2;15;16;2;20;-1.3188596531202368;21;-6.429514756634589;5;2;6;4;1;6;2;2;7;5.226944318640928;23;6.499405910474255;1;20;-2.4111247922654684;8;2;6;0;7;8.84862921111874;11;2;2;25;13;0;20;2.024488043293493;17;5;14
TRACK:182;174;-1;1;4;1;3;4;2;5;3;0;1;21;-7.227093629809527;12;3;9;3;2;4;1;15;7;6.9460414609665815;3;3;17;3;1;3;1;3;2;3;8;2;16;10;0;5;6;20;-2.509704860883631;6;4;9;5;3;1;6;6;19;1;0;25;16;5;17;1;6;2;2;4;4;2;1;4;8;4;19;3;1;14;15;6;4;1;2;5;22;3.478813241975812;0;9;23;-0.12954883838170944;0;0;17;17;3;20;8.16320363862034;0;4;0;6;6;6;7;-2.6705327876327476;6;0;1;12;20;3.4689873745886555;2;13;25;2;2;5;3;3;24;0;3;3;16;6;3;21;6.401377025202669;4;5;3;1;25;16;6;5;0;0;3;2;0;6;16;1;20;-0.565662460845003;8;5;0;10;12;1;6;1;5;9;0;16;25;3;5;0;24;13;2;4;2;4;2;21;-4.516790373155737;10;5;6;12;5;3;6;5;12
TRACK:183;176;-1;3;2;2;3;9;4;20;2.5058760264269964;6;4;22;-6.641754005153144
TRACK:184;178;-1;0;6;6;2;3;3;4;0;5;2;11;14;2;2;7;0.5015824050793403;19;0;20;-2.610890860815467;17;2;5;4;6;5;0;13;14;6;2;5;4;2;19;17;0;5;0;19;12;5;1;17;11;2;0;6;6;1;1;4;6;3;19;2;0;1;7;5.513214729284569;11;5;8;9;2;3;5;2;7;1.0638829415487334;19;3;1;1;7;2.137853054998706;19;6;13;5;0;1;5;3;2;5;12;3;12;2;0;5;1;14;16;3;1;24;10;3;5;2;17;23;-1.4836095842725325;4;2;6;5;5;23;-6.334861509523929;0;4;2;14;14;3;3;21;-1.9808155216470755;1;4;3;1;0;6;0;6;7;-7.4963278715054065;2;18;18;3;0;6;13;6;15;1;0;5;2;18;14;2;1;16;8;2;23;-9.626121662986034;10;3;1;5;25;1;19;21;8.745337210717333;3;2;3;3;0;6;1;23;1.4083377158341563;18;0;1;23;2.267780660444439;22;3.4362372633877882;0;24;21;5.513890894207623;1;0;0;6;0;12;16;3;4;10;3;4;1;14;13;2;6;0;0;10;8;2;9;10;6;5;6;23;-3.181754820366722
TRACK:185;171;-1;4;2;1;6;6;6;2;2;4;1;16;8;0;4;13;2;17;16;0;2;6;21;8.591940385426385;6;9;5;5;21;5.282453218879161;2;11;4;4;1;1;4;1;12;11;2;5;9;5;12;3;4;2;8;21;3.652268736378091;6;6;6;0;4;5;7;-6.5517993457170975;4;5;5;0;18;19
TRACK:186;173;-1;3;3;0;1;4;4;6;18;1;2;1;0;4;4;21;-2.5322345441224376;2;3;13;6;12;1;1;6;25;2;20;1.0658608004383616;21;3.8566447171918417;0;0;14;13;5;9;4;3;4;2;16;24;5;2;3;0;0;18;23;6.91497069702561;5;10;2;3;6;13;5;3;19;3;4;4;6;6;6;4;7;-4.716426306064091
TRACK:187;175;-1;4;5;2;25;13
TRACK:188;177;-1;3;5;2;3;5;6;3;1;0;6;14;0;8;14;5;4;16;6;0;5;3;6;4;5;8;4;1;2;6;2;21;-1.4346500247500695;7;-7.784985494614196;4;0;10;12;5;2;6;24;2;11;10
TRACK:189;179;-1;4;3;0;0;5;6;4;1;6;0;10;23;-2.907139803775039;0;0;25;22;2.5775121354611863;5;18;4;2;6;2;9;10;3;5;2;2;7;-1.9716863819283579;14;3;17;4;4;5;4;1;5;1;21;-1.5264781508889103;9;4;3;11
EVAL_INSTANCE:9:0:180
EVAL_INSTANCE:9:1:181
EVAL_INSTANCE:9:2:182
EVAL_INSTANCE:9:3:183
EVAL_INSTANCE:9:4:184
EVAL_INSTANCE:9:5:185
EVAL_INSTANCE:9:6:186
EVAL_INSTANCE:9:7:187
EVAL_INSTANCE:9:8:188
EVAL_INSTANCE:9:9:189
RUN_RESULT:9:0:0:2000:----
RUN_RESULT:9:1:0:2000:----
RUN_RESULT:9:2:0:2000:----
RUN_RESULT:9:3:0:2000:----
RUN_RESULT:9:4:0:2000:----
RUN_RESULT:9:5:0:2000:----
RUN_RESULT:9:6:0:2000:----
RUN_RESULT:9:7:0:2000:----
RUN_RESULT:9:8:0:2000:----
RUN_RESULT:9:9:0:2000:----
    10 |      100 |  0.000000E+00 | -0.000000E+00
TRACK:190;1;9;0;6;6;2;3;3;4;0;5;2;11;14;2;2;7;0.5555535695077722;19;0;20;-2.5247589034932005;17;2;5;4;6;5;0;13;14;6;2;5;4;2;19;17;0;5;0;19;12;5;1;17;11;2;0;6;6;1;1;4;6;3;19;2;0;1;7;5.380137739547626;11;5;8;3;5;7;-7.0626302529780505;2;3;5;2;7;1.2228191466293197;19;3;1;1;7;2.2046141769047107;19;6;13;5;0;1;5;3;2;5;12;3;12;2;0;5;1;14;16;3;2;24;19;3;5;2;17;23;-1.4009825204600403;4;2;6;5;5;23;-6.408486885200338;0;4;2;14;14;3;3;21;-1.9293846128873398;1;4;3;1;0;6;0;6;7;-7.570435468614072;2;18;18;3;0;6;13;6;15;1;0;5;2;18;14;2;1;16;8;2;23;-9.544431845404866;10;3;1;5;25;1;19;21;8.818130350657793;3;2;3;3;0;6;1;23;1.3023401775102208;18;0;1;23;2.0384183102792193;22;3.5085177918744126;0;24;21;5.452323825021004;1;0;0;6;0;12;16;3;4;10;3;4;1;14;13;2;6;0;3;15;2;9;10;6;5;6;23;-2.9761933179814104
TRACK:191;1;9;4;3;0;0;5;6;4;1;6;0;10;23;-2.912361977328926;0;0;25;22;2.4653470724977815;3;15;4;2;6;5;0;2;7;-3.8565189333785614;15;0;20;-2.2799978390611653;8;3;5;6;3;19;4;4;5;4;1;5;1;21;-1.3930571582354005;9;4;3;11
TRACK:192;5;0;5;25
TRACK:193;5;0;5;0;5;1;5;5;17;0;5;13;3;16;5;2;6;4;1;6;1;0;18;17;5;21;-8.612997043305292;2;6;0;7;8.848637997095562;11;2;2;25;13;0;20;2.154612188347105;17;6;1;0;2;0;5;25;5;12;1;4;8;4;21;5.0153801674606555;0;6;5;21;1.5653352478008813;1;4;18;3;18;1;5;3;3;9;6;6;2;22;-4.590235264349443;12
TRACK:194;2;3;3;5;2;3;5;6;3;1;0;18;23;6.964775495532553;5;4;16;6;0;5;3;6;4;5;8;4;1;2;6;2;21;-1.3037193410330943;7;-7.820087990198128;4;0;10;12;5;2;6;24;4;24
TRACK:195;2;3;3;3;0;1;4;4;6;0;3;2;12;22;6.560143031097578;2;4;22;-6.9580804831661025;5;14;1;2;1;0;4;4;21;-2.3861143024133957;2;3;13;6;12;1;1;6;25;2;20;1.081668521255315;21;3.7022175438433678;0;0;14;8;5;9;4;3;4;2;16;24;5;2;3;0;0;18;23;6.964775495532553;5;10;2;3;6;13;5;3;19;3;4;4;6;6;6;4;7;-4.7614921411913596
TRACK:196;9;7;4;12
TRACK:197;9;7;4;2;1;6;6;6;2;2;4;1;16;8;0;4;13;2;17;16;0;2;6;21;8.597851037213374;6;9;5;5;21;5.095282990721914;2;2;5;2;5;3;0;18;17;3;0;3;9;3;15;5;3;0;4;2;11;18;0;20;-2.2799978390611653;8;4;4;1;1;4;1;12;11;2;5;9;5;12;3;4;2;8;21;3.6091464719637543;6;6;6;0;4;1;3;0;25;14;1;2;23;-9.570666725154332;22;8.798842253055295;3;20;-9.11371607603896;4;5;5;0;18;19
TRACK:198;6;0;1;4;1;3;4;2;5;3;0;1;21;-7.15242947325569;12;4;20;-7.206031960341475;3;2;4;1;15;7;7.063449729662352;3;3;17;3;1;3;1;3;2;3;8;2;16;10;0;5;6;20;-2.319290801089517;6;4;9;5;3;1;6;6;19;1;0;25;16;5;17;1;6;5;12;6;5;0;0;3;2;0;6;16;1;20;-0.5835139923716461;8;5;0;10;12;1;6;1;5;9;0;16;25;3;5;0;9;13;2;4;2;4;2;21;-4.527031235047518;10;5;6;12;5;3;6;5;12
TRACK:199;6;0;5;0;3;5;2;3;5;5;5;6;10;3;4;4;1;2;15;16;2;20;-1.2603968406275214;21;-6.3866576079212045;5;6;6;19
TRACK:200;190;-1;0;6;6;2;3;3;4;0;5;2;11;14;2;2;7;0.6094417030156348;19;0;20;-2.685503989651134;17;2;5;4;6;5;0;13;14;6;2;5;4;2;19;17;0;5;0;19;12;5;1;17;11;2;0;6;6;1;1;4;6;3;19;2;0;1;7;5.3746890133862015;11;5;8;3;5;7;-6.957742876513695;2;3;5;2;7;1.1012046066378187;19;3;1;1;7;2.2653607023412237;19;6;13;5;0;1;5;3;2;5;12;3;12;2;0;5;1;14;16;3;2;24;19;3;5;2;17;23;-1.3263344726691642;4;2;6;5;5;23;-6.361890131611769;0;4;2;14;14;3;3;21;-1.9014684779250155;1;4;3;1;0;6;0;6;7;-7.7005408546897;2;18;18;3;0;6;13;6;15;0;0;1;16;8;0;19;17;3;6;24;3;2;3;3;0;6;1;23;1.309738742576752;18;0;1;23;2.1273383011939493;22;3.5208581178299334;0;24;21;5.374410615569462;1;0;0;6;0;12;16;3;4;10;3;4;1;14;13;2;6;0;3;15;2;9;10;6;5;6;23;-3.1143712378318016
TRACK:201;192;-1;5;5;9
TRACK:202;194;-1;3;5;2;3;5;6;3;1;0;18;23;7.066870157119374;5;4;16;6;0;5;3;6;4;5;8;4;1;2;6;2;21;-1.2424801015674356;7;-7.631581412175921;4;0;10;12;5;2;3;9;0;15;21;3.5163407294007456
TRACK:203;196;-1;4;3;25
TRACK:204;198;-1;1;4;1;3;4;2;5;3;0;1;21;-7.162578074029015;12;4;20;-7.322946443836306;3;2;4;1;15;7;7.1591675138125845;3;3;17;3;1;3;1;3;2;3;8;2;16;10;0;5;6;20;-2.1179927085874724;6;4;9;5;3;1;6;6;19;1;0;25;16;5;17;1;6;5;12;6;5;1;3;4;1;20;-9.278768436779831;20;-9.791026939496765;2;5;5;22;-6.4193873885750685;0;5;20;-2.874200117337442;3;16
TRACK:205;191;-1;4;3;0;0;5;6;4;1;6;0;10;23;-2.9282370351668283;2;17;16;4;2;6;5;0;2;7;-3.6679350034031675;15;0;20;-2.140064850971256;8;3;5;6;3;19;4;4;5;4;1;5;1;21;-1.4115201452838833;9;4;3;11
TRACK:206;193;-1;5;0;5;1;5;5;17;0;5;13;3;16;5;2;6;4;1;6;1;0;18;17;5;21;-8.672665514232916;2;6;0;7;8.785415779413583;11;2;2;25;13;0;20;2.129783092503208;17;6;1;0;2;0;5;25;5;11;1;4;8;4;21;5.190283236564144;0;6;5;21;1.6771862934386745;1;4;18;3;18;1;5;3;3;9;6;6;2;22;-4.877521317770257;12
TRACK:207;195;-1;3;3;0;1;4;4;6;6;16;1;2;1;0;4;4;21;-2.5316916362244193;2;3;13;6;12;1;1;6;25;2;20;1.2033246070615713;21;3.878945174692795;0;0;14;8;5;9;4;3;4;2;16;24;5;2;3;0;0;18;23;6.873412422049808;5;10;2;3;6;13;5;3;19;3;4;4;6;6;6;4;7;-4.7606619526346154
TRACK:208;197;-1;4;2;1;6;6;6;2;2;4;1;16;8;0;4;13;2;17;16;0;2;6;21;8.539591705368979;6;9;5;5;21;5.118010320166185;2;2;5;2;5;3;0;18;17;3;0;3;9;3;15;5;3;0;4;2;11;18;0;20;-2.2201310525278832;8;4;4;1;1;4;1;12;11;2;5;9;5;12;3;4;2;8;21;3.5500851478883226;6;6;6;0;1;0;2;1;9;18;2;19;9;2;3;14;0;15;11;1;3;2;8;22;6.854628910618665;5;0;14;18;4;5;5;0;18;19
TRACK:209;199;-1;5;0;3;5;2;3;5;5;3;1;21;3.8365650339402873;16;3;4;4;1;2;15;16;2;20;-1.2347316102927683;21;-6.379820979995354;5;6;6;19
EVAL_INSTANCE:10:0:200
EVAL_INSTANCE:10:1:201
EVAL_INSTANCE:10:2:202
EVAL_INSTANCE:10:3:203
EVAL_INSTANCE:10:4:204
EVAL_INSTANCE:10:5:205
EVAL_INSTANCE:10:6:206
EVAL_INSTANCE:10:7:207
EVAL_INSTANCE:10:8:208
EVAL_INSTANCE:10:9:209
RUN_RESULT:10:0:0:2000:----
RUN_RESULT:10:1:0:2000:----
RUN_RESULT:10:2:0:2000:----
RUN_RESULT:10:3:0:2000:----
RUN_RESULT:10:4:0:2000:----
RUN_RESULT:10:5:0:2000:----
RUN_RESULT:10:6:0:2000:----
RUN_RESULT:10:7:0:2000:----
RUN_RESULT:10:8:0:2000:----
RUN_RESULT:10:9:0:2000:----
    11 |      110 |  0.000000E+00 | -0.000000E+00
TRACK:210;3;9;3;3;0;1;4;4;6;0;3;2;12;22;6.560143031097578;2;1;20;-0.39729972755515597;10;5;14;1;2;1;0;4;4;21;-2.3861143024133957;2;3;13;6;12;1;1;6;25;2;20;1.081668521255315;21;3.7022175438433678;0;0;14;8;0;20;-2.2799978390611653;8;4;3;4;2;16;24;5;2;3;0;0;18;23;6.964775495532553;5;10;2;3;6;13;5;3;19;3;4;4;6;6;6;4;7;-4.7614921411913596
TRACK:211;3;9;4;3;0;0;5;6;4;1;6;0;10;23;-2.912361977328926;0;0;25;22;2.4653470724977815;3;15;4;2;6;5;0;2;7;-3.8565189333785614;15;0;20;-2.2799978390611653;8;4;2;16;24;4;4;5;4;1;5;1;21;-1.3930571582354005;9;4;3;11
TRACK:212;5;7;5;3;2;5;6;4;5;1;5;5;17;0;5;13;3;16;5;3;5;12
TRACK:213;5;7;4;2;1;6;6;6;2;2;4;1;16;8;0;4;13;2;17;16;0;2;6;21;8.597851037213374;6;9;5;5;21;5.095282990721914;2;2;5;2;5;3;0;18;17;3;0;3;9;3;15;5;3;0;4;2;11;18;0;2;12;24;0;12;24;4;4;1;1;4;1;12;11;2;5;9;5;12;3;4;2;8;21;3.6091464719637543;6;5;4;0;5;2;11;10;6;0;13;11
TRACK:214;6;8;1;4;1;3;4;2;5;3;0;1;21;-7.15242947325569;12;4;20;-7.206031960341475;3;2;4;1;15;7;7.063449729662352;3;3;17;3;1;3;1;3;2;3;8;2;16;10;0;5;6;20;-2.319290801089517;6;4;9;5;3;1;6;6;19;1;0;25;16;5;17;1;6;2;2;4;4;2;1;4;8;4;19;3;1;14;15;6;4;1;2;5;22;3.537343712169484;0;9;24;0;0;17;17;3;20;8.060351502395985;0;4;0;6;6;6;7;-2.89096369454027;6;0;1;12;20;3.395385315601553;2;13;25;2;2;5;3;3;24;0;3;3;16;6;3;21;6.392827762333898;4;5;3;1;25;16;6;5;0;0;3;2;0;6;16;1;20;-0.5835139923716461;8;5;0;10;12;1;6;1;5;9;0;16;25;3;5;0;9;13;2;4;2;4;2;21;-4.527031235047518;10;5;6;12;5;3;6;5;12
TRACK:215;6;8;6;1;4;0;4;6;2;5;4;0;7;8.535349546764856;24;6;3;2;22;-3.747759841784875;19;2;3;1;2;1;4;21;8.256172462818508;1;23;5.469541586075454;21;5.0511119703025855;3;1;10;22;3.527278032761668;5;4;3;11;4;0;4;2;3;19;3;22;1.8279648210739214;1;5;6;20;-7.567861898042281;5;2;9;11;1;2;5;0;5;0;0;0;24;19;1;20;9.90185864393995;25;2;13;25;3;2;1;0;23;7.9584449146048115;11;1;24;17;4;1;9;8;4;0;4;5;4;3;14;2;6;6;0;16;15;4;2;3;11;3;8;0;2;3;6;3;5;0;11;9;4;3;2;4;2;9;13;5;6;7;3.350859119788618;5;4;2;2;0;6;17;0;22;-8.00826127104883;24;0;2;12;10;0;12;17;2;6;1;24;8;5;4;21;-7.253049539796567
TRACK:216;4;9;4;5;5;22;2.4653470724977815
TRACK:217;4;9;4;3;0;0;5;6;4;1;6;0;10;23;-2.912361977328926;0;0;25;22;2.4653470724977815;3;15;4;2;6;5;0;2;7;-3.8565189333785614;15;0;20;-2.2799978390611653;8;3;5;2;2;7;-1.958661488257027;14;3;17;4;4;5;4;1;5;1;9;9;4;3;11
TRACK:218;1;7;0;6;6;2;3;3;4;0;5;2;11;14;2;2;7;0.5555535695077722;19;0;20;-2.5247589034932005;17;2;5;4;6;5;0;13;14;6;2;5;4;2;19;17;0;5;0;19;12;5;1;17;11;2;0;6;6;1;1;4;6;3;19;2;0;1;7;5.380137739547626;11;5;8;3;5;7;-7.0626302529780505;2;3;5;2;7;1.2228191466293197;19;3;1;1;7;2.2046141769047107;19;6;13;5;0;1;5;3;2;5;12;3;12;2;0;5;1;14;16;3;2;24;19;3;5;2;17;23;-1.4009825204600403;4;2;6;5;5;23;-6.408486885200338;0;4;2;14;14;3;3;21;-1.9293846128873398;1;4;3;1;0;6;0;6;7;-7.570435468614072;2;18;18;3;0;6;13;6;15;1;0;5;2;18;14;2;1;16;8;2;23;-9.544431845404866;10;3;1;5;25;24;3;2;3;3;0;6;1;23;1.3023401775102208;18;0;1;23;2.0384183102792193;22;3.5085177918744126;0;24;21;5.452323825021004;1;0;0;6;0;12;16;3;4;10;3;4;1;14;13;2;6;0;0;10;8;2;9;10;6;5;6;23;-2.9761933179814104
TRACK:219;1;7;4;2;1;6;6;6;2;2;4;1;16;8;0;4;13;2;17;16;0;2;6;21;8.597851037213374;6;9;5;5;21;5.095282990721914;2;2;5;2;5;3;0;18;17;3;0;3;9;3;15;5;3;0;4;2;11;18;1;14;13;4;4;1;1;4;1;12;11;2;5;9;5;12;3;4;2;8;21;3.6091464719637543;6;6;6;0;4;1;3;0;25;14;1;2;23;-9.570666725154332;22;8.798842253055295;3;20;-9.11371607603896;4;5;5;0;18;19
TRACK:220;210;-1;3;3;0;1;4;4;6;0;3;2;12;22;6.558189986623012;5;14;1;2;1;0;4;4;21;-2.432959100077596;2;3;13;6;12;1;1;6;25;2;20;0.7754248670873584;21;3.724693760146923;0;0;14;8;0;20;-2.466837700262161;8;4;3;4;2;16;24;5;2;3;0;0;18;23;7.089550198475478;5;10;2;3;6;13;5;3;19;3;4;4;6;6;6;4;7;-4.857094573104631
TRACK:221;212;-1;5;2;0;4;5;5;1;14;15;0;0;5;1;17;13;1;4;10;1;15;25;4;4;3;16;3;2;6;3;3;18;6;3;2;10;19
TRACK:222;214;-1;1;4;1;3;4;2;5;3;0;1;21;-7.07426129649915;12;4;20;-7.11411748155691;3;2;4;1;15;7;7.067849809408038;3;3;17;3;1;3;1;3;2;3;8;2;16;10;0;5;6;20;-2.2254472898337854;6;4;9;5;3;1;6;6;19;1;0;25;16;5;17;1;6;2;2;4;4;2;1;4;8;4;19;3;1;14;15;2;6;3;14;2;5;12;4;16;0;4;0;6;6;6;7;-2.7424659785543533;6;0;1;12;20;3.490513170383985;2;13;25;2;2;5;3;3;24;0;3;3;16;6;3;21;6.237963674551279;4;5;3;1;25;16;6;5;0;0;3;2;0;6;16;1;20;-0.45470672231351256;8;5;0;10;12;1;6;1;5;9;0;16;25;3;5;0;9;13;2;4;2;4;2;21;-4.4207537226701055;10;5;6;12;5;3;6;5;12
TRACK:223;4;-1;4;5;5;5;3;6;5;3;1;6;8;3;9
TRACK:224;218;-1;0;6;6;2;3;3;4;0;5;2;11;14;2;2;7;0.5765043387128209;19;0;20;-2.558594088804955;17;2;5;4;6;5;0;13;14;6;2;5;4;2;19;17;0;5;0;19;12;5;1;17;11;2;0;6;6;1;1;4;6;3;19;2;0;1;7;5.443878240631341;11;5;8;3;5;7;-7.0370084611528725;2;3;5;2;7;1.0774550187879373;19;3;1;1;7;2.277913537459915;19;6;13;5;6;5;2;2;0;5;25;2;25;20;-8.353261762327111;6;0;9;7;0.25584936517384627;5;5;0;17;20;5.377634069242001;1;4;3;1;0;6;0;6;7;-7.5682545645723565;2;18;18;3;0;6;13;6;15;1;0;5;2;18;14;2;1;16;8;2;23;-9.679781213935499;10;3;1;5;25;24;3;2;3;3;0;6;1;23;1.3399668794705342;18;0;1;23;2.232106182419645;22;3.582477413527046;0;24;21;5.529461572205427;1;0;0;6;0;12;16;3;4;10;3;4;1;14;13;2;6;0;0;10;8;2;9;10;6;5;6;23;-2.8889885669355877
TRACK:225;211;-1;4;3;0;0;5;6;4;1;6;0;10;23;-2.9756559946994776;0;0;25;22;2.315557714926984;3;13;4;2;6;5;0;2;7;-3.9498952895510513;15;0;20;-2.244225862682086;8;4;2;16;24;4;4;5;4;1;5;1;21;-1.4261662389310301;9;4;3;11
TRACK:226;213;-1;4;2;1;3;6;5;2;22;3.4037773652043093;7;6.1453961613241646;2;2;5;2;5;3;0;18;17;3;0;3;9;3;15;5;3;0;4;2;11;18;0;2;12;24;0;12;24;4;4;1;1;4;1;12;11;2;5;9;5;12;3;4;2;8;21;3.7489704696818493;6;5;4;0;5;2;11;10;6;0;13;11
TRACK:227;215;-1;6;1;4;0;4;6;2;5;4;0;7;8.433293636268957;24;6;3;2;22;-3.7619965036338114;19;2;3;1;2;1;4;21;8.247987353180642;1;23;5.395011818925453;21;5.1381633272751595;3;1;10;22;3.3450783055735576;5;4;3;11;4;0;4;2;3;19;3;22;1.761368989342141;1;5;6;20;-7.554525556965673;5;2;9;11;1;2;5;0;5;0;0;0;24;19;1;20;9.945969234635935;25;2;13;25;3;2;1;0;23;8.00362796611553;11;1;24;17;4;1;9;8;4;0;4;5;4;3;14;2;6;6;0;16;15;4;2;3;11;3;8;0;2;3;6;3;5;0;11;9;0;6;16;1;17;17;5;4;2;2;0;6;17;0;22;-7.950674645290096;24;0;2;12;10;0;12;17;2;6;1;24;8;5;4;21;-7.550560499533653
TRACK:228;9;-1;4;3;0;0;5;6;4;1;6;0;10;23;-2.842738298651877;0;0;25;22;2.473185589048518;3;15;4;2;6;5;0;2;7;-3.9212219183937034;15;0;20;-2.330678798440507;8;3;2;4;22;-1.3173504672719112;2;20;-6.377812489100602;12;4;4;5;4;1;5;1;21;-1.5961025032915448;9;4;3;11
TRACK:229;219;-1;4;2;1;6;6;6;2;2;4;1;16;8;0;4;13;2;17;16;0;2;6;21;8.671725796824209;6;9;5;5;21;5.2732555987923275;2;2;5;2;5;3;0;18;17;3;0;3;9;3;15;5;3;0;4;2;11;18;1;14;13;4;4;1;1;4;1;12;11;2;5;9;5;12;3;4;2;8;21;3.565048125330708;6;6;6;0;4;1;3;0;25;14;1;2;23;-9.525309888453942;22;0.6335449852780641;3;20;-9.073374817133564;4;5;5;0;18;19
EVAL_INSTANCE:11:0:220
EVAL_INSTANCE:11:1:221
EVAL_INSTANCE:11:2:222
EVAL_INSTANCE:11:3:223
EVAL_INSTANCE:11:4:224
EVAL_INSTANCE:11:5:225
EVAL_INSTANCE:11:6:226
EVAL_INSTANCE:11:7:227
EVAL_INSTANCE:11:8:228
EVAL_INSTANCE:11:9:229
RUN_RESULT:11:0:0:2000:----
RUN_RESULT:11:1:0:2000:----
RUN_RESULT:11:2:0:2000:----
RUN_RESULT:11:3:0:2000:----
RUN_RESULT:11:4:0:2000:----
RUN_RESULT:11:5:0:2000:----
RUN_RESULT:11:6:0:2000:----
RUN_RESULT:11:7:0:2000:----
RUN_RESULT:11:8:0:2000:----
RUN_RESULT:11:9:0:2000:----
    12 |      120 |  0.000000E+00 | -0.000000E+00
TRACK:230;7;2;4;2;1;6;6;6;2;2;4;1;16;8;0;4;13;2;17;16;0;2;6;21;8.597851037213374;6;9;5;5;21;5.095282990721914;2;2;5;2;5;3;0;18;17;3;0;3;9;3;15;5;3;0;4;2;11;18;0;2;12;24;0;12;24;4;4;1;1;4;1;12;11;2;5;9;5;12;3;4;2;8;21;3.6091464719637543;6;6;6;0;4;1;8;1;2;23;-9.570666725154332;22;8.798842253055295;3;20;-9.11371607603896;4;5;5;0;18;19
TRACK:231;7;2;3;8
TRACK:232;6;3;1;4;1;3;4;2;5;3;0;1;21;-7.15242947325569;12;4;20;-7.206031960341475;3;2;4;1;15;7;7.063449729662352;3;3;17;3;1;3;1;3;2;3;8;2;16;10;0;5;6;20;-2.319290801089517;6;4;9;5;3;1;6;6;19;1;0;25;16;5;17;1;6;2;2;4;4;2;1;4;8;4;19;3;1;14;15;6;4;1;2;5;22;3.537343712169484;0;9;23;-0.3081171828085143;0;0;17;17;3;20;8.060351502395985;0;4;0;6;6;6;7;-2.89096369454027;6;0;1;12;20;3.395385315601553;2;13;25;2;2;5;3;3;24;0;3;3;16;6;3;21;6.392827762333898;4;5;3;1;25;16;6;5;0;0;3;2;0;6;16;1;20;-0.5835139923716461;8;5;0;10;12;1;0;18;23;6.964775495532553;3;5;0;9;13;2;4;2;4;2;21;-4.527031235047518;10;5;6;12;5;3;6;5;12
TRACK:233;6;3;3;3;0;1;4;4;6;0;3;2;12;22;6.560143031097578;2;1;20;-0.39729972755515597;10;5;14;1;2;1;0;4;4;21;-2.3861143024133957;2;3;13;6;12;1;1;6;25;2;20;1.081668521255315;21;3.7022175438433678;0;0;14;8;5;9;4;3;4;2;16;24;5;2;3;0;0;18;23;6.964775495532553;5;10;2;3;6;13;5;3;19;3;4;4;6;22;3.537343712169484
TRACK:234;9;4;4;3;0;0;5;6;4;1;6;0;10;23;-2.912361977328926;0;0;25;22;2.4653470724977815;3;15;4;18;4;4;5;4;1;5;1;21;-1.3930571582354005;9;4;3;11
TRACK:235;9;4;4;5;23;-2.912361977328926
TRACK:236;0;3;5;0;3;5;2;3;5;5;5;6;10;3;4;4;1;2;15;16;2;20;-1.2603968406275214;12;5;2;6;4;1;6;1;0;18;17;5;21;-8.612997043305292;2;6;0;7;8.848637997095562;11;2;2;25;13;0;20;2.154612188347105;17;6;1;0;2;0;5;25;5;12;1;4;8;4;21;5.0153801674606555;0;6;5;21;1.5653352478008813;1;4;18;3;18;1;5;3;3;9;6;6;2;22;-4.590235264349443;12
TRACK:237;0;3;3;3;0;1;4;4;6;0;3;2;12;22;6.560143031097578;2;1;20;-0.39729972755515597;10;5;14;1;2;1;0;4;4;21;-2.3861143024133957;2;3;13;6;12;1;1;6;25;2;20;1.081668521255315;21;3.7022175438433678;0;0;14;8;5;9;4;3;4;2;16;24;5;2;3;0;0;18;23;6.964775495532553;5;10;2;3;6;13;5;3;11;3;4;4;6;6;6;4;7;-4.7614921411913596
TRACK:238;7;6;4;2;1;6;6;6;2;2;4;1;16;8;0;4;13;2;17;16;0;2;6;21;8.597851037213374;6;9;5;5;21;5.095282990721914;2;2;5;2;5;3;0;18;17;3;0;3;16;3;15;5;3;0;4;2;11;18;0;2;12;24;0;12;24;4;4;1;1;4;1;12;11;2;5;9;5;12;3;4;2;8;21;3.6091464719637543;6;6;6;0;4;1;3;0;25;14;1;2;23;-9.570666725154332;22;8.798842253055295;3;20;-9.11371607603896;4;5;5;0;18;19
TRACK:239;7;6;1;4;1;3;4;2;5;3;0;1;21;-7.15242947325569;12;4;20;-7.206031960341475;3;2;4;1;15;7;7.063449729662352;3;3;17;3;1;3;1;3;2;3;8;2;16;10;0;5;6;20;-2.319290801089517;6;4;9;5;3;1;6;6;19;1;0;25;16;5;12;1;6;2;2;4;4;2;1;4;8;4;19;3;1;14;15;6;4;1;2;5;22;3.537343712169484;0;9;23;-0.3081171828085143;0;0;17;17;3;20;8.060351502395985;0;4;0;6;6;6;7;-2.89096369454027;6;0;1;12;20;3.395385315601553;2;13;25;2;2;5;3;3;24;0;3;3;16;6;3;21;6.392827762333898;4;5;3;1;25;16;6;5;0;0;3;2;0;6;16;1;20;-0.5835139923716461;8;5;0;10;12;1;6;1;5;9;0;16;25;3;5;0;9;13;2;4;2;4;2;21;-4.527031235047518;10;5;6;12;5;3;6;5;12
TRACK:240;230;-1;4;2;1;6;6;6;2;2;4;1;16;8;0;4;13;2;17;16;0;2;6;21;8.65173015162986;6;9;5;5;21;5.117801518284425;2;2;5;2;5;3;0;18;17;3;0;3;9;3;15;5;3;0;4;2;11;18;0;2;12;24;0;12;24;4;4;1;1;4;1;12;11;2;5;9;5;11;3;4;2;8;21;3.604499172720031;6;6;6;0;4;1;8;1;2;23;-9.675198149609201;22;8.771274892846646;3;20;-9.204603582728534;4;5;5;0;18;19
TRACK:241;232;-1;1;4;1;3;4;2;5;3;0;1;21;-7.258986611308751;12;4;20;-7.140389012447607;3;2;4;1;15;7;7.090257783657367;3;3;17;3;1;3;1;3;2;3;8;2;16;10;0;5;6;20;-2.382792564278568;6;4;9;5;3;1;6;6;19;1;0;25;16;5;17;1;6;2;2;4;4;2;1;4;8;4;19;3;1;14;15;6;4;1;2;5;22;3.69626738128296;0;9;23;-0.254736572353446;0;0;17;17;3;20;7.898567538919489;0;4;0;6;6;6;7;-2.812010977005867;6;0;1;12;20;3.483641958572355;2;13;25;2;2;5;3;3;24;0;3;3;16;6;3;21;6.431746751973424;4;5;3;1;25;16;6;5;0;0;3;2;0;6;16;1;20;-0.5376428673118825;8;5;0;10;12;1;0;18;23;7.070954634973374;3;5;0;9;13;2;4;16;5;3;6;5;12
TRACK:242;234;-1;4;3;0;0;5;6;4;1;6;0;10;23;-2.841130779182672;0;0;25;22;2.54712095532832;3;15;3;1;18;19;4;4;5;4;1;5;1;21;-1.3612318467420856;9;4;3;11
TRACK:243;236;-1;5;0;3;5;2;3;5;5;5;6;10;3;4;4;1;2;15;16;2;20;-1.2081786426975776;12;5;2;6;4;1;6;1;0;18;17;5;21;-8.530766992337558;2;6;4;7;8.926999462526496;2;2;25;13;0;20;2.1786722282348463;17;6;1;0;2;0;5;25;5;12;1;4;8;4;21;5.1399081884203195;0;6;5;21;1.5143216372763124;1;4;18;3;18;1;5;3;3;9;6;6;2;22;-4.405888164015522;12
TRACK:244;7;-1;4;2;1;6;6;6;2;2;4;1;16;8;0;4;13;2;17;16;0;2;6;21;8.577743271333715;6;9;5;5;21;5.055770629666756;2;2;5;2;5;3;0;18;17;3;0;3;9;3;15;5;3;0;4;2;11;18;0;2;12;24;0;12;24;4;4;1;1;4;1;12;11;2;5;9;5;12;3;4;2;8;21;3.5727470568360897;6;6;6;2;1;5;4;15;0;4;23;4.791844948753496;6;18;0;0;1;9;25;4;25;0;3;16;1;22;6.94768883982675;22;-3.906390648315467
TRACK:245;231;-1;3;3;3;6;3;3;2;6;2;3;20;-5.952298437913823;5;24;2;6;5;9;5;6;11
TRACK:246;233;-1;3;3;0;1;4;4;6;0;3;2;12;22;6.639945050036709;2;1;20;-0.2949470614569683;10;5;14;1;2;1;0;4;4;21;-2.4801365516770053;2;3;13;6;12;1;1;6;25;2;20;0.9965896965916159;11;0;0;14;8;5;9;4;3;4;2;16;24;5;2;3;0;0;18;23;6.953734419290835;5;10;2;3;6;13;5;3;19;3;4;4;6;22;3.6575057645802933
TRACK:247;235;-1;4;2;2;3;5;4;4;0;7;0.7817046548320921;11;2;6;3;3;4;25;1;1;4;0;8;25;5;6;24;5;0;1;8;22;4.520006282988785;6;19;6;2;2;1;4;0;15;8;2;0;16;16;1;17;16;4;1;3;8;2;20;-4.648856468995641;14;0;0;1;5;18;2;10;7;1.021350782756187;1;0;22;-8.5216449998893;14;2;11;18;2;4;3;8;3;1;16;15
TRACK:248;237;-1;3;3;0;1;4;4;6;0;3;2;12;22;6.756361716864748;2;1;23;3.3043557042041733;10;5;14;1;2;1;0;4;4;21;-2.4386890031876858;2;3;13;6;12;1;1;6;25;2;20;1.0792054552263708;21;3.570510153861976;0;0;14;8;5;9;4;3;4;2;16;24;5;2;3;0;0;18;23;6.814521624652977;5;10;2;3;6;13;5;3;11;3;4;4;6;6;6;4;7;-4.5694964690080635
TRACK:249;6;-1;1;4;1;3;4;2;5;3;0;1;21;-7.037013606906662;12;4;20;-7.217057723649678;3;2;4;1;15;7;6.957248759164495;3;3;17;3;1;3;1;3;2;3;8;2;16;10;0;5;6;20;-2.0880393186991704;6;4;9;5;3;1;6;6;19;1;0;25;16;5;17;5;4;5;5;6;3;9
EVAL_INSTANCE:12:0:240
EVAL_INSTANCE:12:1:241
EVAL_INSTANCE:12:2:242
EVAL_INSTANCE:12:3:243
EVAL_INSTANCE:12:4:244
EVAL_INSTANCE:12:5:245
EVAL_INSTANCE:12:6:246
EVAL_INSTANCE:12:7:247
EVAL_INSTANCE:12:8:248
EVAL_INSTANCE:12:9:249
RUN_RESULT:12:0:0:2000:----
RUN_RESULT:12:1:0:2000:----
RUN_RESULT:12:2:0:2000:----
RUN_RESULT:12:3:0:2000:----
RUN_RESULT:12:4:0:2000:----
RUN_RESULT:12:5:0:2000:----
RUN_RESULT:12:6:0:2000:----
RUN_RESULT:12:7:0:2000:----
RUN_RESULT:12:8:0:2000:----
RUN_RESULT:12:9:0:2000:----
    13 |      130 |  0.000000E+00 | -0.000000E+00
TRACK:250;5;2;5;3;2;5;6;4;5;1;5;5;17;0;5;13;3;16;5;3;5;4;0;5;2;10;10;6;0;13;11
TRACK:251;5;2;3;5;2;3;5;6;3;1;0;4;22;-6.9580804831661025;0;8;14;5;4;16;6;0;5;3;6;4;5;8;4;1;2;6;2;17;7;-7.820087990198128;4;0;10;12;5;2;6;24;4;24
TRACK:252;7;9;4;2;1;6;6;6;2;2;4;1;16;8;0;4;13;2;17;16;0;2;6;21;8.597851037213374;6;9;5;5;21;5.095282990721914;2;2;5;2;5;3;0;18;17;3;0;3;9;3;15;5;3;0;4;2;11;18;0;2;12;24;0;12;24;4;4;1;1;4;1;12;11;7;-3.8565189333785614;3;4;2;8;21;3.6091464719637543;6;6;6;0;4;1;3;0;25;14;1;2;23;-9.570666725154332;22;8.798842253055295;3;20;-9.11371607603896;4;5;5;0;18;19
TRACK:253;7;9;4;3;0;0;5;6;4;1;6;0;10;23;-2.912361977328926;0;0;25;22;2.4653470724977815;3;15;4;2;6;5;0;2;7;-3.8565189333785614;15;0;20;-2.2799978390611653;8;3;5;2;2;17;14;3;17;4;4;5;4;1;5;1;21;-1.3930571582354005;9;4;3;11
TRACK:254;3;0;3;3;0;1;4;4;6;0;3;2;12;22;6.560143031097578;2;1;20;-0.39729972755515597;10;5;14;1;2;1;0;4;4;21;-2.3861143024133957;2;3;13;6;12;1;1;6;25;2;20;1.081668521255315;21;3.7022175438433678;0;0;14;8;5;9;4;3;4;2;16;24;5;2;3;0;0;7;8.848637997095562;23;6.964775495532553;5;10;2;3;6;13;5;3;19;3;4;4;6;6;6;4;7;-4.7614921411913596
TRACK:255;3;0;5;0;3;5;2;3;18;3;4;4;1;2;15;16;2;20;-1.2603968406275214;21;-6.3866576079212045;5;2;6;4;1;6;1;0;18;17;5;21;-8.612997043305292;2;6;0;7;8.848637997095562;11;2;2;25;13;0;20;2.154612188347105;17;6;1;0;2;0;5;25;5;12;1;4;8;4;21;5.0153801674606555;0;6;5;21;1.5653352478008813;1;4;18;3;18;1;5;3;3;9;6;6;2;22;-4.590235264349443;12
TRACK:256;1;7;0;6;6;2;3;3;4;0;5;2;11;14;2;2;7;0.5555535695077722;19;0;20;-2.5247589034932005;17;2;5;4;6;5;0;13;14;6;2;5;4;2;19;17;0;5;0;19;12;5;1;17;11;2;0;6;6;1;1;4;6;3;20;-9.11371607603896;2;0;1;7;5.380137739547626;11;5;8;3;5;7;-7.0626302529780505;2;3;5;2;7;1.2228191466293197;19;3;1;1;7;2.2046141769047107;19;6;13;5;0;1;5;3;2;5;12;3;12;2;0;5;1;14;16;3;2;24;19;3;5;2;17;23;-1.4009825204600403;4;2;6;5;5;23;-6.408486885200338;0;4;2;14;14;3;3;21;-1.9293846128873398;1;4;3;1;0;6;0;6;7;-7.570435468614072;2;18;18;3;0;6;13;6;15;1;0;5;2;18;14;2;1;16;8;2;23;-9.544431845404866;10;3;1;5;25;1;19;21;8.818130350657793;3;2;3;3;0;6;1;23;1.3023401775102208;18;0;1;23;2.0384183102792193;22;3.5085177918744126;0;24;21;5.452323825021004;1;0;0;6;0;12;16;3;4;10;3;4;1;14;13;2;6;0;0;10;8;2;9;10;6;5;6;23;-2.9761933179814104
TRACK:257;1;7;4;2;1;6;6;6;2;2;4;1;16;8;0;4;13;2;17;16;0;2;6;21;8.597851037213374;6;9;5;5;21;5.095282990721914;2;2;5;2;5;3;0;18;17;3;0;3;9;3;15;5;3;5;0;19;12;4;4;1;1;4;1;12;11;2;5;9;5;12;3;4;2;8;21;3.6091464719637543;6;6;6;0;4;1;3;0;25;14;1;2;23;-9.570666725154332;22;8.798842253055295;3;20;-9.11371607603896;4;5;5;0;18;19
TRACK:258;4;9;4;5;5;5;3;6;1;21;-1.3930571582354005;9
TRACK:259;4;9;4;3;0;0;5;6;4;1;6;0;10;23;-2.912361977328926;0;0;25;22;2.4653470724977815;3;15;4;2;6;5;0;2;7;-3.8565189333785614;15;0;20;-2.2799978390611653;8;3;5;2;2;7;-1.958661488257027;14;3;17;4;4;5;4;1;5;1;21;-1.3930571582354005;18;4;3;11
TRACK:260;250;-1;5;3;2;5;6;4;5;1;5;5;17;0;5;13;3;16;5;3;5;4;24
TRACK:261;252;-1;4;2;1;6;6;6;2;2;4;1;16;8;0;4;13;2;17;16;0;2;6;21;8.652020562327461;6;9;5;5;21;5.106278351412522;2;2;5;2;5;3;0;18;17;3;0;3;9;3;15;5;3;0;4;2;11;18;3;5;11;4;4;1;1;4;1;12;11;7;-3.833636279727518;3;4;2;8;21;3.6958104973599593;6;6;6;0;4;1;3;0;25;14;1;2;23;-9.572208516634966;22;8.820860130650507;3;20;-9.110594870440776;4;5;5;0;18;19
TRACK:262;3;-1;3;3;0;1;4;4;6;0;3;2;12;22;6.450196906756438;2;1;20;-0.32240036710878406;10;5;14;1;2;1;0;4;4;21;-2.5071169938712443;2;3;13;6;12;1;1;6;25;2;20;1.045794010734422;21;3.780225611582856;0;0;14;8;5;9;4;3;4;2;16;24;5;2;3;0;0;18;23;6.886231799909333;5;10;2;3;6;13;5;3;19;3;4;4;6;6;6;6;25
TRACK:263;256;-1;0;6;6;2;3;3;4;0;5;2;11;14;2;2;7;0.58151895470328;19;0;20;-2.5718426334340414;17;2;5;4;6;5;0;13;14;6;2;5;4;2;19;17;0;5;0;19;12;5;1;17;11;2;0;6;6;1;1;4;6;3;20;-8.849935617860323;2;0;1;7;5.412703157643494;11;5;8;3;5;7;-7.05282159135076;2;3;5;2;7;1.3263775800571833;19;3;1;1;7;2.402201347728563;19;6;13;5;0;1;5;3;2;5;12;3;12;2;0;5;1;14;16;3;2;24;19;3;5;2;17;23;-1.4942028127831286;4;2;6;5;5;23;-6.407398044208626;0;4;2;14;14;3;3;21;-1.9686121598271273;1;4;3;1;0;6;0;6;7;-7.316767287799763;2;18;18;3;6;17;1;0;5;2;18;14;2;1;16;8;2;23;-9.346951961390895;10;3;1;5;25;1;19;21;8.905078251210774;3;2;3;3;0;6;1;23;1.3629092027109322;18;0;1;23;2.0430256071044;22;3.3771450271679395;0;24;21;5.527455121472765;1;0;0;6;0;12;16;3;4;10;3;4;1;14;13;2;6;0;0;10;8;2;9;10;6;5;6;23;-2.9131269847399346
TRACK:264;258;-1;4;6;5;16
TRACK:265;251;-1;3;5;2;3;5;6;3;1;0;4;22;-6.906521781414965;0;8;14;5;4;16;6;0;5;3;6;4;5;8;4;1;2;6;2;17;7;-7.867249336082667;6;3;22;9.615937875586429;5;2;6;24;4;24
TRACK:266;253;-1;4;3;0;0;5;6;4;1;6;0;10;23;-2.9996301847811564;0;0;25;22;2.6197646020598855;6;21;-7.517468159808263;4;2;6;5;0;2;7;-3.7066774534873117;15;0;20;-2.3109059187055805;8;3;5;2;2;17;14;3;17;4;4;5;4;1;5;1;21;-1.3583054911782897;9;4;3;11
TRACK:267;0;-1;5;0;3;5;2;3;5;5;5;6;10;3;4;4;1;2;15;16;2;20;-1.2496722735271533;21;-6.477771974737125;5;2;6;4;1;6;1;0;18;17;5;21;-8.701148748692384;2;6;0;7;8.681908594676246;11;2;2;25;13;0;20;2.105344381765499;17;6;1;0;2;0;5;25;5;12;1;4;8;4;21;5.050872422163459;1;5;2;16;10;1;0;18;11;2;10;14;1;5;3;3;9;6;6;2;22;-4.356949261874107;12
TRACK:268;257;-1;4;2;1;6;6;6;2;2;4;1;16;8;0;4;13;2;17;16;0;2;6;21;8.567552279951375;6;9;5;5;21;4.959512217468946;2;2;5;2;5;3;0;18;17;3;0;3;9;3;15;5;3;5;0;19;6;24;4;4;1;1;4;1;12;11;2;5;9;5;12;3;4;2;8;21;3.640860642268819;6;6;6;0;4;1;3;0;25;14;1;2;23;-9.520695066670886;22;8.805921896820792;3;20;-8.977586950502827;4;5;5;0;18;19
TRACK:269;259;-1;4;3;0;0;5;6;4;5;9;4;2;6;5;0;2;7;-3.8748231244944327;15;0;20;-2.320200085901553;8;3;5;2;2;7;-2.2567804522325248;14;3;17;4;4;5;4;1;5;1;21;-1.343417097786151;18;4;3;11
EVAL_INSTANCE:13:0:260
EVAL_INSTANCE:13:1:261
EVAL_INSTANCE:13:2:262
EVAL_INSTANCE:13:3:263
EVAL_INSTANCE:13:4:264
EVAL_INSTANCE:13:5:265
EVAL_INSTANCE:13:6:266
EVAL_INSTANCE:13:7:267
EVAL_INSTANCE:13:8:268
EVAL_INSTANCE:13:9:269
RUN_RESULT:13:0:0:2000:----
RUN_RESULT:13:1:0:2000:----
RUN_RESULT:13:2:0:2000:----
RUN_RESULT:13:3:0:2000:----
RUN_RESULT:13:4:0:2000:----
RUN_RESULT:13:5:0:2000:----
RUN_RESULT:13:6:0:2000:----
RUN_RESULT:13:7:0:2000:----
RUN_RESULT:13:8:0:2000:----
RUN_RESULT:13:9:0:2000:----
    14 |      140 |  0.000000E+00 | -0.000000E+00
TRACK:270;5;9;5;3;2;5;6;4;5;1;5;5;17;0;5;7;-3.8565189333785614;3;16;5;3;5;4;0;5;2;11;10;6;0;13;11
TRACK:271;5;9;4;0;13;11
TRACK:272;7;1;4;2;1;6;6;6;2;2;4;1;16;8;0;4;13;2;17;16;0;2;6;21;8.597851037213374;6;9;5;5;21;5.095282990721914;2;2;5;2;5;3;0;18;17;3;0;3;9;3;15;5;3;0;4;2;11;18;19;4;4;1;1;4;1;12;11;2;5;9;5;12;3;4;2;8;21;3.6091464719637543;6;6;6;0;4;1;3;0;25;14;1;2;23;-9.570666725154332;22;8.798842253055295;3;20;-9.11371607603896;4;5;5;0;18;19
TRACK:273;7;1;0;6;6;2;3;3;4;0;5;2;11;14;2;2;7;0.5555535695077722;19;0;20;-2.5247589034932005;17;2;5;4;6;5;0;13;14;6;2;5;4;2;19;17;0;5;0;19;12;5;1;17;11;2;0;6;6;1;1;4;6;3;19;2;0;1;7;5.380137739547626;11;5;8;3;5;7;-7.0626302529780505;2;3;5;2;7;1.2228191466293197;19;3;1;1;7;2.2046141769047107;19;6;13;5;0;1;5;3;2;5;12;3;12;2;0;5;1;14;16;3;2;24;19;3;18;4;2;6;5;5;23;-6.408486885200338;0;4;2;14;14;3;3;21;-1.9293846128873398;1;4;3;1;0;6;0;6;7;-7.570435468614072;2;18;18;3;0;6;13;6;15;1;0;5;2;18;14;2;1;16;8;2;23;-9.544431845404866;10;3;1;5;25;1;19;21;8.818130350657793;3;2;3;3;0;6;1;23;1.3023401775102208;18;0;1;23;2.0384183102792193;22;3.5085177918744126;0;24;21;5.452323825021004;1;0;0;6;0;12;16;3;4;10;3;4;1;14;13;2;6;0;0;10;8;2;9;10;6;5;6;23;-2.9761933179814104
TRACK:274;0;5;5;0;3;5;2;3;5;0;5;13;3;16;3;4;4;1;2;15;16;2;20;-1.2603968406275214;21;-6.3866576079212045;5;2;6;4;1;6;1;0;18;17;5;21;-8.612997043305292;2;6;0;7;8.848637997095562;11;2;2;25;13;0;20;2.154612188347105;17;6;1;0;2;0;5;25;5;12;1;4;8;4;21;5.0153801674606555;0;6;5;21;1.5653352478008813;1;4;18;3;18;1;5;3;3;9;6;6;2;22;-4.590235264349443;12
TRACK:275;0;5;5;3;2;5;6;4;5;1;5;5;17;0;5;13;3;16;5;3;0;5;25;5;12
TRACK:276;3;7;3;3;0;1;4;4;6;0;3;2;12;22;6.560143031097578;2;1;20;-0.39729972755515597;10;5;14;1;2;1;0;4;4;21;-2.3861143024133957;2;3;13;4;13;1;1;6;25;2;20;1.081668521255315;21;3.7022175438433678;0;0;14;8;5;9;4;3;4;2;16;24;5;2;3;0;0;18;23;6.964775495532553;5;10;2;3;6;13;5;3;19;3;4;4;6;6;6;4;7;-4.7614921411913596
TRACK:277;3;7;4;2;1;6;6;6;2;2;4;1;16;8;0;4;13;2;17;16;0;2;6;21;8.597851037213374;6;9;5;5;21;5.095282990721914;2;2;5;3;2;12;22;6.560143031097578;5;3;0;4;2;11;18;0;2;12;24;0;12;24;4;4;1;1;4;1;12;11;2;5;9;5;12;3;4;2;8;21;3.6091464719637543;6;6;6;0;4;1;3;0;25;14;1;2;23;-9.570666725154332;22;8.798842253055295;3;20;-9.11371607603896;4;5;5;0;18;19
TRACK:278;6;2;1;4;1;3;4;2;5;3;0;1;21;-7.15242947325569;12;4;20;-7.206031960341475;3;2;4;1;15;7;7.063449729662352;3;3;17;3;1;3;2;6;24;4;24;5;3;1;6;6;19;1;0;25;16;5;17;1;6;2;2;4;4;2;1;4;8;4;19;3;1;14;15;6;4;1;2;5;22;3.537343712169484;0;9;23;-0.3081171828085143;0;0;17;17;3;20;8.060351502395985;0;4;0;6;6;6;7;-2.89096369454027;6;0;1;12;20;3.395385315601553;2;13;25;2;2;5;3;3;24;0;3;3;16;6;3;21;6.392827762333898;4;5;3;1;25;16;6;5;0;0;3;2;0;6;16;1;20;-0.5835139923716461;8;5;0;10;12;1;6;1;5;9;0;16;25;3;5;0;9;13;2;4;2;4;2;21;-4.527031235047518;10;5;6;12;5;3;6;5;12
TRACK:279;6;2;3;5;2;3;5;6;3;1;0;4;22;-6.9580804831661025;0;8;14;5;4;9;6;0;5;3;6;4;5;8;4;1;2;6;2;21;-1.3037193410330943;7;-7.820087990198128;4;0;10;12;5;2;6;24;4;24
TRACK:280;270;-1;5;4;6;5;6;4;1;5;5;17;0;2;14;10;0;7;-6.776439620085286;20;-4.351113964797326
TRACK:281;272;-1;4;2;1;6;6;6;2;2;4;1;16;8;0;4;13;2;17;16;0;2;6;21;8.690346342974882;6;9;5;5;21;4.943617926667132;2;2;5;2;5;3;0;18;17;3;0;3;9;3;15;5;3;0;4;2;11;18;19;4;4;1;1;4;1;12;11;5;2;13;8;3;4;2;8;21;3.7116042430638236;6;6;6;0;4;1;3;0;25;14;1;2;23;-9.659946453181483;22;8.772197867607627;3;20;-9.149598340525312;4;5;5;0;18;19
TRACK:282;274;-1;5;0;3;5;2;3;5;0;5;13;3;1;22;9.016231405232894;11;3;4;4;1;2;15;16;2;20;-1.3184136253293528;21;-6.562354422891816;5;2;6;4;1;6;1;0;18;17;5;21;-8.756854710003093;2;6;0;7;8.770156739172787;11;2;2;25;13;0;20;1.978923762703498;17;6;1;0;2;0;5;25;5;12;1;4;8;4;21;4.910315787426519;0;6;5;21;1.4933223920451617;1;4;18;3;18;1;5;3;3;9;6;6;2;22;-4.563424297800557;12
TRACK:283;276;-1;3;3;0;1;4;4;6;0;3;2;12;22;6.643910013681818;2;1;20;-0.2771085517010441;10;5;14;1;2;1;0;4;4;21;-2.60339361657603;2;3;13;1;11;7;-3.0713738440902922;1;1;6;25;2;20;1.1230627514363845;21;3.6744148606688727;0;0;14;8;5;9;4;3;4;2;16;24;5;2;3;0;0;18;23;7.003305518556922;5;10;2;3;6;13;5;3;19;3;4;4;6;6;6;4;7;-4.826797258989816
TRACK:284;278;-1;1;4;1;3;4;2;5;3;0;1;21;-7.084676913691036;12;4;20;-7.183739984711665;3;2;4;1;15;7;7.005529957702898;3;3;17;1;1;5;22;7.782474186521952;3;14;5;6;11;1;6;2;2;4;4;2;1;4;8;4;19;3;1;14;15;6;4;1;2;5;22;3.6430496268788435;0;9;23;-0.17122549106879895;0;0;17;17;3;20;7.970475620734672;0;4;0;6;6;6;7;-2.923326351331161;6;0;1;12;20;3.340958454289909;2;13;25;2;2;5;3;3;24;0;3;3;16;6;3;21;6.4409877218456675;4;5;3;1;25;16;6;5;0;0;3;2;0;6;16;1;20;-0.6995247178936183;8;5;0;10;12;1;6;1;5;9;0;16;25;3;5;0;9;13;2;4;2;4;2;21;-4.422519926930381;10;5;6;12;5;3;6;5;12
TRACK:285;271;-1;6;1;6;4;14;0;5;7;-4.468964005894844;1;11;7;3.7451079771887805
TRACK:286;273;-1;0;6;6;2;3;3;4;0;5;2;11;14;2;2;7;0.6892684716531947;19;0;20;-2.5985880260890397;17;2;5;4;6;3;10;6;2;5;4;2;19;17;0;5;0;19;12;5;1;17;11;2;0;6;6;1;1;4;6;3;19;2;0;1;7;5.313944590360514;11;5;8;3;5;7;-7.200989980019979;2;3;5;2;7;1.245245931621762;19;3;1;1;7;2.1685746866355617;19;6;13;5;0;1;5;3;2;5;12;3;12;2;0;5;1;14;16;3;2;24;19;3;18;4;2;6;5;5;23;-6.535302223057929;0;4;2;14;14;3;3;21;-2.120594773416719;1;4;3;1;0;6;0;6;7;-7.504887400169027;2;18;18;3;0;6;13;6;15;1;0;5;2;18;14;2;1;16;8;2;23;-9.620260673896135;10;3;1;5;25;1;19;21;8.787174524206494;3;2;3;3;0;6;1;23;1.2630550610939832;18;0;1;23;2.1540675947092405;22;3.597173017654774;0;24;21;5.3428630332291975;1;0;0;6;0;12;16;3;4;10;3;4;1;14;13;2;6;0;0;10;8;2;9;10;6;5;6;23;-3.089728929414843
TRACK:287;275;-1;5;3;2;5;6;4;5;1;5;5;17;0;5;13;2;20;0.3878370667277604;25;5;3;0;5;25;5;12
TRACK:288;277;-1;4;2;1;6;6;6;2;2;4;1;16;8;0;4;13;2;17;16;0;2;6;21;8.82493276702662;6;9;5;5;21;5.216484732504551;2;2;5;3;2;12;22;6.4307341032736645;5;3;0;4;2;11;18;0;2;12;24;0;12;24;4;4;1;1;4;1;12;23;3.3782786545298933;2;5;9;5;12;3;4;2;8;21;3.645983190294114;6;6;6;0;4;1;3;0;25;14;1;2;23;-9.44072079564352;22;8.784362912979958;3;20;-9.19097673058274;4;5;5;0;18;19
TRACK:289;279;-1;3;5;2;3;5;6;3;1;0;4;22;-7.043054768736709;0;8;14;5;4;9;6;6;6;4;14
EVAL_INSTANCE:14:0:280
EVAL_INSTANCE:14:1:281
EVAL_INSTANCE:14:2:282
EVAL_INSTANCE:14:3:283
EVAL_INSTANCE:14:4:284
EVAL_INSTANCE:14:5:285
EVAL_INSTANCE:14:6:286
EVAL_INSTANCE:14:7:287
EVAL_INSTANCE:14:8:288
EVAL_INSTANCE:14:9:289
RUN_RESULT:14:0:0:2000:----
RUN_RESULT:14:1:0:2000:----
RUN_RESULT:14:2:0:2000:----
RUN_RESULT:14:3:0:2000:----
RUN_RESULT:14:4:0:2000:----
RUN_RESULT:14:5:0:2000:----
RUN_RESULT:14:6:0:2000:----
RUN_RESULT:14:7:0:2000:----
RUN_RESULT:14:8:0:2000:----
RUN_RESULT:14:9:0:2000:----
    15 |      150 |  0.000000E+00 | -0.000000E+00
TRACK:290;6;7;1;4;1;3;4;2;5;3;0;1;21;-7.15242947325569;12;4;20;-7.206031960341475;3;2;4;1;15;7;7.063449729662352;3;3;17;3;1;3;1;3;2;3;8;2;16;10;0;5;6;20;-2.319290801089517;6;4;9;5;3;1;6;6;19;1;0;25;16;5;17;1;6;2;2;4;4;2;1;4;8;4;19;3;1;14;15;6;4;1;2;5;22;3.537343712169484;0;9;23;-0.3081171828085143;0;0;17;17;3;20;8.060351502395985;0;4;0;6;3;9;6;0;1;12;20;3.395385315601553;2;13;25;2;2;5;3;3;24;0;3;3;16;6;3;21;6.392827762333898;4;5;3;1;25;16;6;5;0;0;3;2;0;6;16;1;20;-0.5835139923716461;8;5;0;10;12;1;6;1;5;9;0;16;25;3;5;0;9;13;2;4;2;4;2;21;-4.527031235047518;10;5;6;12;5;3;6;5;12
TRACK:291;6;7;4;2;1;6;6;6;2;2;4;1;16;8;0;4;13;2;17;16;0;2;6;21;8.597851037213374;6;9;5;5;21;5.095282990721914;2;2;5;2;5;3;0;18;17;3;0;3;9;3;15;5;3;0;4;2;11;18;0;2;12;24;0;12;24;4;4;1;1;4;1;12;11;2;5;9;5;12;3;4;2;8;21;3.6091464719637543;6;6;6;0;4;1;3;0;25;14;1;2;23;-9.570666725154332;22;8.798842253055295;3;20;-9.11371607603896;4;5;5;0;18;10
TRACK:292;3;4;3;3;18
TRACK:293;3;4;4;5;5;5;3;6;4;21;-2.3861143024133957
TRACK:294;1;6;0;6;6;2;3;3;4;0;5;2;11;14;2;2;7;0.5555535695077722;19;0;20;-2.5247589034932005;17;2;5;4;6;5;0;13;23;-0.3081171828085143;6;2;5;4;2;19;17;0;5;0;19;12;5;1;17;11;2;0;6;6;1;1;4;6;3;19;2;0;1;7;5.380137739547626;11;5;8;3;5;7;-7.0626302529780505;2;3;5;2;7;1.2228191466293197;19;3;1;1;7;2.2046141769047107;19;6;13;5;0;1;5;3;2;5;12;3;12;2;0;5;1;14;16;3;2;24;19;3;5;2;17;23;-1.4009825204600403;4;2;6;5;5;23;-6.408486885200338;0;4;2;14;14;3;3;21;-1.9293846128873398;1;4;3;1;0;6;0;6;7;-7.570435468614072;2;18;18;3;0;6;13;6;15;1;0;5;2;18;14;2;1;16;8;2;23;-9.544431845404866;10;3;1;5;25;1;19;21;8.818130350657793;3;2;3;3;0;6;1;23;1.3023401775102208;18;0;1;23;2.0384183102792193;22;3.5085177918744126;0;24;21;5.452323825021004;1;0;0;6;0;12;16;3;4;10;3;4;1;14;13;2;6;0;0;10;8;2;9;10;6;5;6;23;-2.9761933179814104
TRACK:295;1;6;1;4;1;3;4;2;5;3;0;1;21;-7.15242947325569;12;4;20;-7.206031960341475;3;2;4;1;15;7;7.063449729662352;3;3;17;3;1;3;1;3;2;3;8;2;16;10;0;5;6;20;-2.319290801089517;6;4;9;5;3;1;6;6;19;1;0;25;16;5;17;1;6;2;2;4;4;2;1;4;8;4;19;3;1;14;15;6;4;1;2;5;22;3.537343712169484;0;9;23;-0.3081171828085143;0;0;17;17;3;20;8.060351502395985;0;4;0;6;6;6;7;-2.89096369454027;6;0;1;12;20;3.395385315601553;2;13;25;2;2;5;3;3;24;0;3;3;16;6;3;21;6.392827762333898;4;5;3;1;25;16;6;5;0;0;3;2;0;6;16;1;20;-0.5835139923716461;8;19;1;6;1;5;9;0;16;25;3;5;0;9;13;2;4;2;4;2;21;-4.527031235047518;10;5;6;12;5;3;6;5;12
TRACK:296;8;1;6;1;4;0;4;6;2;5;4;0;7;8.535349546764856;24;6;3;2;22;-3.747759841784875;19;2;3;1;2;1;4;21;8.256172462818508;1;23;5.469541586075454;21;5.0511119703025855;3;1;10;22;3.527278032761668;5;4;3;11;4;0;4;2;3;19;3;22;1.8279648210739214;1;5;6;20;-7.567861898042281;5;2;9;11;1;2;5;0;5;0;0;0;24;10;1;20;9.90185864393995;25;3;5;13;3;2;1;0;23;7.9584449146048115;11;1;24;17;4;1;9;8;4;0;4;5;4;3;14;2;6;6;0;16;15;4;2;3;11;3;8;0;2;3;6;3;5;0;11;9;4;3;2;4;2;9;13;5;6;7;3.350859119788618;5;4;2;2;0;6;17;0;22;-8.00826127104883;24;0;2;12;10;0;12;17;2;6;1;24;8;5;4;21;-7.253049539796567
TRACK:297;8;1;0;6;6;2;3;3;4;0;5;2;11;14;2;2;7;0.5555535695077722;19;0;20;-2.5247589034932005;17;2;5;4;6;5;0;13;14;6;2;5;4;2;19;17;0;5;0;19;12;5;1;17;11;2;0;6;6;1;1;4;6;3;19;2;0;1;7;5.380137739547626;11;5;8;3;5;7;-7.0626302529780505;2;3;5;2;7;1.2228191466293197;19;3;1;1;7;2.2046141769047107;19;6;13;5;0;1;5;3;2;5;12;3;12;2;0;5;1;14;16;3;2;24;19;3;5;2;17;23;-1.4009825204600403;4;2;6;5;5;23;-6.408486885200338;0;4;2;14;14;3;3;21;-1.9293846128873398;1;4;3;1;0;6;0;6;7;-7.570435468614072;2;18;18;3;0;6;13;6;15;1;0;5;2;18;14;2;1;16;8;2;23;-9.544431845404866;10;3;1;5;25;1;19;21;8.818130350657793;3;2;3;3;0;6;7;3.350859119788618;0;1;23;2.0384183102792193;22;3.5085177918744126;0;24;21;5.452323825021004;1;0;0;6;0;12;16;3;4;10;3;4;1;14;13;2;6;0;0;10;8;2;9;10;6;5;6;23;-2.9761933179814104
TRACK:298;9;4;4;3;0;0;5;6;3;1;4;18;3;9;4;2;6;5;0;2;7;-3.8565189333785614;15;0;20;-2.2799978390611653;8;3;5;2;2;7;-1.958661488257027;14;3;17;4;4;5;4;1;5;1;21;-1.3930571582354005;9;4;3;11
TRACK:299;9;4;4;5;5;5;3;6;8
TRACK:300;290;-1;1;4;1;3;4;2;5;3;0;1;21;-7.074734802050293;12;4;20;-7.265681623575319;3;2;4;1;15;7;7.085747167977538;3;3;17;3;1;3;1;3;2;3;8;2;16;10;0;5;6;20;-2.257433566317782;6;4;9;5;3;1;6;6;19;1;0;25;16;5;17;1;6;2;2;4;4;2;1;4;8;4;19;3;1;14;15;6;4;1;2;5;22;3.7329202792898575;0;9;23;-0.3167739041577956;0;0;17;17;3;20;7.984061072540165;0;4;0;6;3;9;6;0;1;12;20;3.4397735721969647;2;13;25;2;2;5;3;3;24;0;3;3;16;6;3;21;6.40501888887899;4;5;3;1;25;16;6;5;0;0;3;2;0;6;19;1;20;-0.5966642884236767;8;5;0;10;12;1;6;1;5;9;0;16;25;3;5;0;9;13;2;4;2;4;2;21;-4.471957422342107;10;5;6;12;5;3;6;5;12
TRACK:301;292;-1;3;1;6;0;3;4;8;4;4;7;-5.110674327395184;3;3;4;4;8
TRACK:302;294;-1;0;6;6;2;3;3;4;0;5;2;11;14;2;2;7;0.562495246453595;19;0;20;-2.580307268513052;17;2;5;4;6;5;0;13;23;-0.3897713072889287;6;2;5;4;2;19;17;0;5;0;19;12;5;1;17;11;2;0;6;6;1;1;4;6;3;19;2;0;1;7;5.418631797611651;11;5;8;3;5;7;-7.189622884310908;2;3;5;2;7;1.2452643332754305;19;3;1;1;7;2.0570866377892205;19;6;13;5;0;1;5;3;2;5;12;3;12;2;0;5;1;14;16;3;2;24;19;3;5;2;17;23;-1.5007749522806517;4;2;6;5;5;23;-6.488024670653952;0;4;2;14;14;3;3;21;-1.8879205594347033;1;4;3;1;0;6;0;6;7;-7.503286559704841;2;18;18;3;0;6;13;6;15;1;0;5;2;18;14;2;1;16;8;2;23;-9.500700699284534;10;3;1;5;25;1;19;21;8.893597133803505;3;2;3;3;0;6;1;23;1.1626920595893533;18;0;1;23;2.0820560419054748;22;3.4001729359031336;0;24;21;5.603623558951065;1;0;0;6;0;12;16;3;4;10;3;0;4;7;7.706560821160938;6;18;2;6;0;0;10;8;2;9;10;6;5;6;23;-2.9632347246274953
TRACK:303;296;-1;6;1;4;0;4;6;2;5;4;0;7;8.563284029034248;24;6;3;2;22;-3.8535680078099444;19;2;3;1;2;1;4;21;8.491195576198207;1;23;5.510473759202574;21;5.08288903426947;3;1;10;22;3.434406955722219;5;4;3;11;4;0;4;2;3;19;2;23;-0.3517363857828322;21;-9.382057289963672;1;5;6;20;-7.47068495576606;5;2;9;11;1;2;5;0;5;0;0;0;24;10;1;20;9.948977331317577;25;3;5;13;3;2;1;0;23;8.107397765659362;11;1;24;17;4;1;9;8;4;0;4;5;4;3;14;2;6;6;0;16;15;4;2;3;11;3;8;0;2;3;6;3;5;0;11;9;4;3;2;4;2;9;13;5;6;7;3.3694978161061724;5;4;2;2;0;6;17;0;22;-7.937882175936282;24;0;2;12;10;0;12;17;2;6;1;24;8;5;4;21;-7.09688703346435
TRACK:304;298;-1;4;3;0;0;5;6;3;1;4;18;3;9;4;2;6;5;0;2;7;-4.021935663693958;15;0;20;-2.307328674805534;8;3;5;2;2;7;-1.9016815945559018;14;3;17;4;4;5;4;1;5;1;21;-1.2302543979991216;9;4;1;8;16
TRACK:305;291;-1;4;2;1;6;6;6;2;2;4;1;16;8;0;4;13;2;23;-7.855212073077087;16;0;2;6;21;8.622558636385698;6;9;5;5;21;5.147310635285049;2;2;5;2;5;3;0;18;17;3;0;3;9;3;15;5;3;0;4;2;11;18;0;2;12;24;0;12;24;4;4;1;1;4;1;12;11;2;5;9;5;12;3;4;2;8;21;3.5258058350267656;6;6;6;0;4;1;3;0;25;14;1;2;23;-9.68632292771542;22;8.778334175281696;3;20;-9.079727951721305;4;5;5;0;18;10
TRACK:306;293;-1;4;5;2;6;3;3;5;6;2;21;5.300360746353498;10;2;0;0;6;4;2;18;9;2;4;3;24;4;0;15;21;6.348516928237789;3;0;2;1;12;19;0;16;24;2;0;9;21;7.376897824431957;4;21;2.828780836552811;5;1;3;6;0;22;-4.132896862852595;19;6;6;3;10
TRACK:307;295;-1;1;4;1;3;4;2;5;3;0;1;21;-7.009858975645579;12;4;20;-7.237193253967455;3;2;4;1;15;7;6.97502407203366;3;3;17;3;1;3;1;3;2;3;8;2;16;10;0;5;6;20;-2.305765379041428;6;4;9;5;3;1;6;6;19;1;0;25;16;5;17;1;6;2;2;4;4;2;1;4;8;4;19;3;1;14;15;6;4;1;2;5;22;3.4407268982638177;0;9;23;-0.23812896168393402;0;0;17;17;3;20;8.285622748747707;0;4;0;6;6;6;7;-2.961210728221882;6;0;1;12;20;3.4724305186984776;2;13;25;2;2;5;0;5;21;4.246075659077595;6;18;0;3;3;16;6;3;21;6.382482523075279;4;5;3;1;25;16;6;5;0;0;3;2;0;6;16;1;20;-0.3978516429698926;8;19;1;6;1;5;9;0;16;25;3;5;0;9;13;2;4;2;4;2;21;-4.602118622232779;10;5;6;12;5;3;6;5;12
TRACK:308;297;-1;0;6;6;2;3;3;4;0;5;2;11;14;2;2;7;0.7202560747644544;19;0;20;-2.500845930338042;17;6;5;3;7;9.33316234323389;2;0;6;6;1;1;4;6;3;19;2;0;1;7;5.507189651401057;11;5;8;3;5;7;-7.113400990723225;2;3;5;2;7;1.0844304526816329;19;3;1;1;7;2.152117924031375;19;6;13;5;0;1;5;3;2;5;12;3;12;2;0;5;1;14;16;3;2;24;19;3;5;2;17;23;-1.3375929518917766;4;2;6;5;5;23;-6.546837382270156;0;4;2;14;14;3;3;21;-2.113179625093042;1;4;3;1;0;6;0;6;7;-7.378798403961363;2;18;18;3;0;6;13;6;15;1;0;5;2;18;14;2;1;16;8;2;23;-9.442709981518904;10;3;1;5;25;1;19;21;8.942220077473761;3;2;3;3;0;6;7;3.2461590307718806;0;1;23;2.1053036154547096;22;3.398567699905028;0;24;21;5.502521758979488;1;0;0;6;0;12;16;3;4;10;3;4;1;14;13;2;6;0;0;10;8;2;9;10;6;5;6;23;-2.9395951708872228
TRACK:309;299;-1;3;6;3;0;1;6;0;3;8;4;9;6;4;0;22;-2.955090641283366;18;3;5;0;2;10;10;6;19
EVAL_INSTANCE:15:0:300
EVAL_INSTANCE:15:1:301
EVAL_INSTANCE:15:2:302
EVAL_INSTANCE:15:3:303
EVAL_INSTANCE:15:4:304
EVAL_INSTANCE:15:5:305
EVAL_INSTANCE:15:6:306
EVAL_INSTANCE:15:7:307
EVAL_INSTANCE:15:8:308
EVAL_INSTANCE:15:9:309
RUN_RESULT:15:0:0:2000:----
RUN_RESULT:15:1:0:2000:----
RUN_RESULT:15:2:0:2000:----
RUN_RESULT:15:3:0:2000:----
RUN_RESULT:15:4:0:2000:----
RUN_RESULT:15:5:0:2000:----
RUN_RESULT:15:6:0:2000:----
RUN_RESULT:15:7:0:2000:----
RUN_RESULT:15:8:0:2000:----
RUN_RESULT:15:9:0:2000:----
    16 |      160 |  0.000000E+00 | -0.000000E+00
TRACK:310;1;7;0;6;6;2;3;3;4;0;5;2;11;14;2;2;7;0.5555535695077722;19;0;20;-2.5247589034932005;17;2;5;4;6;5;0;13;14;6;2;5;4;2;19;17;0;5;0;19;12;5;1;17;11;2;0;6;6;1;1;4;6;3;19;2;0;1;7;5.380137739547626;11;5;8;3;5;7;-7.0626302529780505;2;3;5;2;7;1.2228191466293197;19;3;1;1;7;2.2046141769047107;19;6;13;5;0;1;5;3;2;5;12;3;12;2;0;5;1;14;16;3;2;24;19;3;5;2;17;23;-1.4009825204600403;4;2;11;18;1;4;3;1;0;6;0;6;7;-7.570435468614072;2;18;18;3;0;6;13;6;15;1;0;5;2;18;14;2;1;16;8;2;23;-9.544431845404866;10;3;1;5;25;1;19;21;8.818130350657793;3;2;3;3;0;6;1;23;1.3023401775102208;18;0;1;23;2.0384183102792193;22;3.5085177918744126;0;24;21;5.452323825021004;1;0;0;6;0;12;16;3;4;10;3;4;1;14;13;2;6;0;0;10;8;2;9;10;6;5;6;23;-2.9761933179814104
TRACK:311;1;7;4;2;1;6;6;6;2;2;4;1;16;8;0;4;13;2;17;16;0;2;6;21;8.597851037213374;6;9;5;5;21;5.095282990721914;2;2;5;2;5;3;0;18;17;3;0;3;9;3;15;5;3;0;4;2;11;18;0;2;12;24;0;12;24;4;4;1;1;4;1;12;11;2;5;9;5;12;3;4;16;6;6;6;0;4;1;3;0;25;14;1;2;23;-9.570666725154332;22;8.798842253055295;3;20;-9.11371607603896;4;5;5;0;18;19
TRACK:312;6;3;1;4;1;3;4;2;5;3;0;1;21;-7.15242947325569;12;4;20;-7.206031960341475;3;2;4;1;15;7;7.063449729662352;3;3;17;3;1;3;1;3;2;3;8;2;16;10;0;5;6;20;-2.319290801089517;6;4;9;5;3;1;6;6;19;1;0;25;16;5;17;1;6;2;2;4;4;2;1;4;8;4;19;3;1;14;15;6;4;1;2;5;22;3.537343712169484;0;9;10;0;0;17;17;3;20;8.060351502395985;0;4;0;6;6;6;7;-2.89096369454027;6;0;1;12;20;3.395385315601553;2;13;25;2;2;5;3;3;24;0;3;3;16;6;3;21;6.392827762333898;4;5;3;1;25;16;6;5;0;0;3;2;0;6;16;1;20;-0.5835139923716461;8;5;0;10;12;1;6;1;5;9;0;16;25;3;5;0;9;13;2;4;2;4;2;21;-4.527031235047518;10;5;6;12;5;3;6;5;12
TRACK:313;6;3;3;3;0;1;4;4;6;0;3;2;12;22;6.560143031097578;2;1;20;-0.39729972755515597;10;5;14;1;2;1;0;4;4;21;-2.3861143024133957;2;3;13;6;12;1;1;6;25;2;20;1.081668521255315;21;3.7022175438433678;0;0;14;8;5;9;4;3;4;2;16;24;5;2;3;0;0;18;23;6.964775495532553;5;10;2;3;6;13;5;12;3;4;4;6;6;6;4;7;-4.7614921411913596
TRACK:314;0;7;5;0;3;5;2;3;5;5;5;6;10;3;4;4;1;2;15;16;2;20;-1.2603968406275214;21;-6.3866576079212045;5;2;6;4;1;6;1;0;18;17;5;21;-8.612997043305292;2;6;0;7;8.848637997095562;9;2;2;25;13;0;20;2.154612188347105;17;6;1;0;2;0;5;25;5;12;1;4;8;4;21;5.0153801674606555;0;6;5;21;1.5653352478008813;1;4;18;3;18;1;5;3;3;9;6;6;2;22;-4.590235264349443;12
TRACK:315;0;7;4;2;1;6;6;6;2;2;4;1;16;8;0;4;13;2;17;16;0;2;6;21;8.597851037213374;6;9;5;5;21;5.095282990721914;2;2;5;2;5;3;0;18;17;3;0;3;9;3;15;5;3;0;4;2;11;18;0;2;12;24;0;12;24;4;4;1;1;4;18;2;5;9;5;12;3;4;2;8;21;3.6091464719637543;6;6;6;0;4;1;3;0;25;14;1;2;23;-9.570666725154332;22;8.798842253055295;3;20;-9.11371607603896;4;5;5;0;18;19
TRACK:316;2;5;3;5;2;3;5;6;3;1;0;4;22;-6.9580804831661025;0;8;14;5;4;16;6;0;5;3;6;13;4;1;2;6;2;21;-1.3037193410330943;7;-7.820087990198128;4;0;10;12;5;2;6;24;4;24
TRACK:317;2;5;5;3;2;5;6;4;5;1;5;5;17;0;5;13;3;16;3;5;6;3;1;0;4;22;-6.9580804831661025;0;8;14;5;4;16
TRACK:318;6;9;1;4;1;3;4;2;5;3;0;1;21;-7.15242947325569;12;4;20;-7.206031960341475;3;2;4;1;15;7;7.063449729662352;3;3;17;3;1;3;1;3;2;3;8;2;16;10;0;5;6;20;-2.319290801089517;6;4;9;5;3;1;6;6;19;1;0;25;16;5;17;1;6;2;2;4;4;2;1;4;8;4;19;3;1;14;15;5;0;2;7;-3.8565189333785614;15;0;20;-2.2799978390611653;8;0;4;0;6;6;6;7;-2.89096369454027;6;0;1;12;20;3.395385315601553;2;13;25;2;2;5;3;3;24;0;3;3;16;6;3;21;6.392827762333898;4;5;3;1;25;16;6;5;0;0;3;2;0;6;16;1;20;-0.5835139923716461;8;5;0;10;12;1;6;1;5;9;0;16;25;3;5;0;9;13;2;4;2;4;2;21;-4.527031235047518;10;5;6;12;5;3;6;5;12
TRACK:319;6;9;4;3;0;0;5;6;4;7;7.063449729662352;4;2;6;5;0;2;7;-3.8565189333785614;15;0;20;-2.2799978390611653;8;3;5;2;2;7;-1.958661488257027;14;3;17;4;4;5;4;1;5;1;21;-1.3930571582354005;9;4;3;11
TRACK:320;310;-1;0;6;6;2;3;3;4;0;5;2;11;14;2;2;7;0.6194966924777371;19;0;20;-2.5713994892212106;17;2;5;4;6;5;0;13;14;6;2;5;4;2;19;17;0;5;0;19;12;5;1;17;11;2;0;6;6;1;1;4;6;3;19;2;0;1;7;5.581464122438095;11;5;8;3;5;7;-6.956387043171791;2;3;5;2;7;1.1915461568895016;19;6;12;5;0;1;5;3;2;5;12;3;12;2;0;5;1;14;16;3;2;24;19;3;5;2;17;23;-1.1974019615794167;4;2;11;18;1;4;3;1;0;6;0;6;7;-7.475767902951889;2;18;18;3;0;6;13;6;15;1;0;5;2;18;14;2;1;16;8;2;23;-9.59493993061797;10;3;1;5;25;1;19;21;8.864204942264944;3;2;3;3;0;6;1;23;1.2987439700131902;18;0;1;23;1.882173472743903;22;3.3047295669168353;0;24;21;5.594964095175989;1;0;0;6;0;12;16;3;4;10;3;4;1;14;13;2;6;0;0;10;8;2;9;10;6;5;6;23;-2.8835961145579874
TRACK:321;312;-1;1;4;1;3;4;2;5;3;0;1;21;-7.228560709098045;12;4;20;-7.14731317901029;3;2;4;1;15;7;7.0695593509135914;3;3;17;3;1;3;1;3;2;0;15;16;2;16;10;0;5;6;20;-2.3268665779983664;6;4;9;5;3;1;6;6;19;1;0;25;16;5;17;1;6;2;2;4;4;2;1;4;8;4;19;3;1;14;15;6;4;1;2;5;22;3.537908216201339;0;9;10;0;0;17;17;3;20;8.012280417568146;0;4;0;6;6;6;7;-2.9857009937599948;6;0;1;12;20;3.1896386537964614;2;13;25;2;2;5;3;3;24;0;3;3;16;6;3;21;6.502771371998977;4;5;3;1;25;16;6;5;0;0;3;2;0;6;16;1;20;-0.4352118285508799;8;5;0;10;12;1;6;1;5;9;0;16;25;3;5;0;9;13;2;4;2;4;2;21;-4.429068290479448;10;5;6;12;5;3;6;5;12
TRACK:322;314;-1;5;0;3;5;2;3;5;5;5;6;10;3;4;14;5;2;6;4;1;6;1;0;18;17;5;21;-8.827769511151441;2;6;0;7;8.8333472571321;9;2;2;25;13;0;20;2.1450499294916665;17;6;1;0;2;0;5;25;5;12;1;4;8;4;21;4.8310180265863885;0;6;5;21;1.4149168050134633;1;4;18;3;18;1;5;3;3;9;6;6;2;22;-4.558417114028007;12
TRACK:323;316;-1;3;2;4;4;6;1;5;4;6;9;5;3;5;17;0;2;0;1;4;6;4;18;5;1;5;23;7.9839565394065275;1;9;17;5;1;5;5;9;6;4;11;1;6;1;2;3;21;7.789379307380205;4;12;5;0;17;18;1;5;2;0;12;7;3.8269150000012075;0;18;24;4;0;3;8;1;12;12;1;1;5;0;6;2;22;-0.7950634235724667;23;-4.627048314992626;2;6;14;0;9;10;0;0;6;2;15;18;1;2;17;23;-2.113616771083815;1;16;10;5;0;3;7;6.196532887418609;6;14;5;5;6;4;6;17
TRACK:324;318;-1;1;4;1;3;4;2;5;3;0;1;21;-7.090797056684828;12;4;20;-7.313834996639916;3;2;4;1;15;7;6.955961409753649;3;3;17;3;1;3;1;3;2;3;8;2;16;10;0;5;6;20;-2.294842909468327;6;4;9;5;3;1;6;6;19;1;0;25;16;5;17;1;6;2;2;4;4;2;1;4;8;4;19;3;1;14;15;5;0;2;7;-3.974613359178447;15;0;20;-2.4846375509315406;8;0;4;0;6;6;6;7;-2.9164629097839105;6;0;1;12;20;3.5243568701194206;2;13;25;2;2;5;3;3;24;0;3;3;16;6;3;21;6.430990582610834;4;5;3;1;25;16;6;5;0;0;3;2;0;6;16;1;20;-0.6307830238497929;8;5;0;10;12;1;6;1;5;9;0;16;25;3;5;0;9;13;2;4;2;4;2;21;-4.4742239264695325;10;5;6;12;5;3;6;5;12
TRACK:325;311;-1;4;2;1;6;6;6;2;2;4;1;16;8;0;4;13;2;17;16;0;2;6;21;8.576307215580574;6;9;5;5;21;5.072654900152692;2;2;5;2;5;3;0;18;17;3;0;3;9;3;15;5;3;0;4;2;11;18;0;2;12;24;0;12;24;4;4;1;1;4;1;12;11;2;5;16;5;12;3;4;16;6;6;6;0;4;1;3;0;25;14;1;2;23;-9.327967896785028;22;8.846729531026137;3;20;-9.045748166607577;4;5;5;0;18;19
TRACK:326;313;-1;3;3;0;1;4;4;6;0;3;2;12;22;6.4767506247014;2;1;15;10;5;14;1;2;1;0;4;4;21;-2.207518201683656;2;3;13;6;12;1;1;6;25;2;20;1.0686496105510759;21;3.789021637172648;0;0;14;8;5;9;4;3;4;2;16;24;5;2;3;0;0;18;23;6.79166074821231;5;10;2;3;6;13;5;12;3;4;4;6;6;6;4;7;-4.872836683491198
TRACK:327;315;-1;4;1;6;0;0;1;20;9.349637469822625;8;4;13;3;6;10;5;0;5;1;11;11;0;5;19;5;14
TRACK:328;317;-1;5;3;2;5;6;4;5;1;5;5;17;0;5;13;3;16;3;5;5;0;3;4;5;22;-3.4648527037692167;1;2;1;7;2.1209082546214635;17;1;10;13;4;2;15;10
TRACK:329;319;-1;4;3;0;0;5;6;4;7;6.9835446651348745;4;2;6;5;0;2;7;-3.7697798246902745;15;1;22;-0.5105686065889863;17;3;5;2;2;7;-1.9870260285235448;14;3;17;4;4;5;4;1;5;1;21;-1.3685406145908499;9;4;3;11
EVAL_INSTANCE:16:0:320
EVAL_INSTANCE:16:1:321
EVAL_INSTANCE:16:2:322
EVAL_INSTANCE:16:3:323
EVAL_INSTANCE:16:4:324
EVAL_INSTANCE:16:5:325
EVAL_INSTANCE:16:6:326
EVAL_INSTANCE:16:7:327
EVAL_INSTANCE:16:8:328
EVAL_INSTANCE:16:9:329
RUN_RESULT:16:0:0:2000:----
RUN_RESULT:16:1:0:2000:----
RUN_RESULT:16:2:0:2000:----
RUN_RESULT:16:3:0:2000:----
RUN_RESULT:16:4:0:2000:----
RUN_RESULT:16:5:0:2000:----
RUN_RESULT:16:6:0:2000:----
RUN_RESULT:16:7:0:2000:----
RUN_RESULT:16:8:0:2000:----
RUN_RESULT:16:9:0:2000:----
    17 |      170 |  0.000000E+00 | -0.000000E+00
TRACK:330;6;8;1;4;1;3;4;2;5;3;0;1;21;-7.15242947325569;12;4;20;-7.206031960341475;3;2;4;1;15;7;7.063449729662352;3;3;17;3;1;3;1;3;2;3;8;2;16;10;0;5;6;20;-2.319290801089517;6;4;9;5;3;1;6;6;19;1;0;25;16;5;17;1;6;2;2;4;4;2;1;4;8;4;19;3;1;14;15;6;4;1;2;5;22;3.537343712169484;0;9;23;-0.3081171828085143;0;0;17;17;3;20;8.060351502395985;5;4;2;2;0;6;17;0;22;-8.00826127104883;24;0;2;12;10;0;12;17;2;6;1;24;8;5;4;21;-7.253049539796567;6;5;0;0;3;2;0;6;16;1;20;-0.5835139923716461;8;5;0;10;12;1;6;1;5;9;0;16;25;3;5;0;9;13;2;4;2;4;2;21;-4.527031235047518;10;5;6;12;5;3;6;5;12
TRACK:331;6;8;6;1;4;0;4;6;2;5;4;0;7;8.535349546764856;24;6;3;2;22;-3.747759841784875;19;2;3;1;2;1;4;21;8.256172462818508;1;23;5.469541586075454;21;5.0511119703025855;3;1;10;22;3.527278032761668;5;4;3;11;4;0;4;2;3;19;3;22;1.8279648210739214;1;5;6;20;-7.567861898042281;5;2;9;11;1;2;5;0;5;0;0;0;24;16;1;20;9.90185864393995;25;3;5;13;3;2;1;0;23;7.9584449146048115;11;1;24;17;4;1;9;8;4;0;4;5;4;3;14;2;6;6;0;16;15;4;2;3;11;3;8;0;2;3;6;3;5;0;11;9;4;3;2;4;2;9;13;5;6;7;3.350859119788618;5;4;2;2;0;6;17;0;22;-8.00826127104883;24;0;2;12;10;0;12;17;2;6;1;24;8;5;4;21;-7.253049539796567
TRACK:332;0;4;5;0;3;5;2;3;5;5;5;6;10;3;4;4;1;2;15;16;2;20;-1.2603968406275214;21;-6.3866576079212045;5;2;6;4;1;6;1;0;18;17;5;21;-8.612997043305292;2;6;0;7;8.848637997095562;11;2;2;25;13;0;20;2.154612188347105;17;6;1;0;2;0;5;25;5;12;1;4;8;4;21;5.0153801674606555;0;6;9;1;4;18;3;18;1;5;3;3;9;6;6;2;22;-4.590235264349443;12
TRACK:333;0;4;4;5;5;5;3;6;5;3;1;4;25;3;9
TRACK:334;2;5;3;5;2;3;5;6;3;1;0;4;22;-6.9580804831661025;0;8;14;5;4;16;6;0;5;3;6;4;3;16;4;1;2;6;2;21;-1.3037193410330943;7;-7.820087990198128;4;0;10;12;5;2;6;24;4;24
TRACK:335;2;5;5;3;2;5;6;4;5;1;5;5;17;0;5;13;3;16;5;3;5;4;0;5;14;6;0;13;11
TRACK:336;2;9;3;5;2;3;5;6;3;1;0;4;22;-6.9580804831661025;0;8;15;5;4;16;6;0;5;3;6;4;5;8;4;1;2;6;2;21;-1.3037193410330943;7;-7.820087990198128;4;0;10;12;5;2;6;24;4;24
TRACK:337;2;9;4;3;0;0;5;6;4;1;6;0;10;23;-2.912361977328926;0;0;25;22;2.4653470724977815;3;15;4;2;6;5;0;2;7;-3.8565189333785614;15;0;20;-2.2799978390611653;8;3;5;2;2;7;-1.958661488257027;14;3;17;4;5;8
TRACK:338;6;8;1;4;1;3;4;2;5;3;0;1;21;-7.15242947325569;12;4;20;-7.206031960341475;3;2;4;1;15;7;7.063449729662352;3;3;17;3;1;3;1;3;2;3;8;2;16;10;0;5;6;20;-2.319290801089517;6;4;9;5;3;1;6;6;19;1;0;25;16;5;17;1;6;2;2;4;9;6;4;1;2;5;22;3.537343712169484;0;9;23;-0.3081171828085143;0;0;17;17;3;20;8.060351502395985;0;4;0;6;6;6;7;-2.89096369454027;6;0;1;12;20;3.395385315601553;2;13;25;2;2;5;3;3;24;0;3;3;16;6;3;21;6.392827762333898;4;5;3;1;25;16;6;5;0;0;3;2;0;6;16;1;20;-0.5835139923716461;8;5;0;10;12;1;6;1;5;9;0;16;25;3;5;0;9;13;2;4;2;4;2;21;-4.527031235047518;10;5;6;12;5;3;6;5;12
TRACK:339;6;8;6;1;4;0;4;6;2;5;4;0;7;8.535349546764856;24;6;3;2;22;-3.747759841784875;19;2;3;1;2;1;4;21;6.392827762333898;1;23;5.469541586075454;21;5.0511119703025855;3;1;10;22;3.527278032761668;5;4;3;11;4;0;4;2;3;19;3;22;1.8279648210739214;1;5;6;20;-7.567861898042281;5;2;9;11;1;2;5;0;5;0;0;0;24;19;1;20;9.90185864393995;25;3;5;13;3;2;1;0;23;7.9584449146048115;11;1;24;17;4;1;9;8;4;0;4;5;4;3;14;2;6;6;0;16;15;4;2;3;11;3;8;0;2;3;6;3;5;0;11;9;4;3;2;4;2;9;13;5;6;7;3.350859119788618;5;4;2;2;0;6;17;0;22;-8.00826127104883;24;0;2;12;10;0;12;17;2;6;1;24;8;5;4;21;-7.253049539796567
TRACK:340;330;-1;1;4;1;3;4;2;5;3;0;1;21;-7.146523783564881;12;4;20;-7.322080816679301;3;2;4;1;15;7;7.141504827364124;3;3;17;3;1;3;1;3;2;3;8;2;16;10;0;5;6;20;-2.3192042866569826;6;4;9;5;3;1;6;6;19;1;0;25;16;5;17;1;6;2;2;4;4;2;1;4;8;4;19;3;1;14;15;6;4;1;2;5;22;3.476869583641264;2;8;23;-7.120297438927132;0;0;17;17;3;20;8.20695823179886;5;4;2;2;0;6;17;0;22;-7.8451269395240075;24;0;2;12;10;0;12;17;2;6;1;24;8;5;4;21;-7.344994652957034;6;5;0;0;3;2;0;6;16;1;20;-0.5773409829489207;8;5;0;10;12;1;6;1;5;9;0;16;25;3;5;0;9;13;2;4;2;4;2;21;-4.653577724458725;10;5;6;12;5;3;6;5;12
TRACK:341;332;-1;5;0;3;5;2;3;5;5;5;6;10;3;4;4;1;2;15;16;2;20;-1.199537388262326;21;-6.356581375295311;5;2;6;4;1;6;1;0;18;18;5;21;-8.671643899695187;2;6;0;7;8.905420173327327;11;2;2;25;13;0;20;2.231337982538029;17;6;1;0;2;0;5;25;5;12;1;4;8;4;21;4.757461041711518;0;6;9;1;4;18;3;18;1;5;3;3;9;6;6;2;22;-4.636846491895738;12
TRACK:342;334;-1;3;5;2;3;5;6;3;1;0;4;22;-6.890227596081891;0;8;14;5;4;22;3.8691150640105185;6;0;5;3;6;4;3;16;4;1;2;6;2;21;-1.4969350901463547;7;-7.95606795709479;4;0;10;12;5;2;6;24;4;24
TRACK:343;336;-1;3;5;2;3;5;6;3;1;0;4;22;-6.929224641172315;0;8;15;5;4;16;6;0;5;3;6;4;5;8;4;1;2;6;2;21;-1.2905525243835578;7;-7.90220711019886;4;0;10;12;5;2;6;24;4;10
TRACK:344;338;-1;1;4;1;3;4;2;5;3;0;1;21;-7.172279469175362;12;4;20;-7.202148261816537;3;2;4;1;15;7;7.021493951974516;3;3;17;3;1;3;1;3;2;3;8;2;16;10;0;5;6;20;-2.3971297987167905;6;4;9;5;3;1;6;6;19;1;0;25;16;5;17;1;6;2;2;4;9;6;4;1;2;5;22;3.467643992156516;0;9;23;-0.23495871921781072;0;0;17;17;3;20;8.007585246576546;0;4;0;6;6;6;7;-3.037716612313524;6;0;1;12;20;3.2949920504975756;2;13;11;2;2;5;3;3;24;0;3;3;16;6;3;21;6.477202324977661;4;5;3;1;25;16;6;5;0;0;3;2;0;6;16;1;20;-0.7209190879352287;8;5;0;10;12;1;6;1;5;9;0;16;25;3;5;0;9;13;2;4;2;4;2;21;-4.560007003761193;10;5;6;12;5;3;6;5;12
TRACK:345;331;-1;6;1;4;0;4;6;2;5;4;0;7;8.42922344914239;24;6;3;2;22;-3.7576938277774072;19;2;3;1;2;1;4;21;8.209199411460222;1;23;5.643415370462993;21;5.097564471787629;3;1;10;18;5;4;3;11;4;0;4;2;3;19;3;22;1.6428678824265406;1;5;6;20;-7.683755732805125;5;2;9;11;1;2;5;0;5;0;0;0;24;16;1;20;9.918483529024446;25;3;5;13;3;2;1;0;23;7.8839507869086285;11;1;24;17;4;1;9;8;4;0;4;5;4;3;14;2;6;6;0;16;15;4;2;3;11;3;8;0;2;3;6;3;5;0;11;9;4;3;2;4;2;9;13;5;6;7;3.4795178685405492;5;4;2;2;0;6;17;0;22;-7.977606953825168;24;0;2;12;10;0;12;17;2;6;1;24;8;5;4;21;-7.369420196943089
TRACK:346;333;-1;4;4;17
TRACK:347;335;-1;5;3;2;5;6;4;5;1;5;5;17;0;5;13;3;16;5;3;4;20;-5.117233495635989
TRACK:348;337;-1;4;3;0;0;5;6;4;1;6;0;10;23;-2.7784008151224686;0;0;8;22;2.497593470570405;3;15;4;2;6;5;0;2;7;-3.943063104353838;15;0;20;-2.2488847024121505;8;3;5;2;2;7;-1.9845949404841148;14;3;17;4;5;8
TRACK:349;339;-1;6;1;4;0;4;6;2;5;4;0;7;8.409658811783801;24;6;3;2;22;-3.61272388083611;19;2;3;1;2;1;4;21;6.461300935459146;1;23;5.5203742724875;21;4.879061439899223;3;1;10;22;3.5116622511192026;5;4;3;11;4;0;4;2;3;19;3;22;1.8232862644119745;1;5;6;20;-7.471651234249904;5;2;14;11;1;2;5;0;5;0;0;0;24;19;1;20;9.925790128613002;25;3;5;13;3;2;1;0;23;8.044710635322794;11;1;24;17;4;1;9;8;4;0;4;5;4;3;14;2;6;6;0;16;15;4;2;3;11;3;8;0;2;3;6;3;5;0;11;9;4;3;2;4;2;9;13;5;6;7;3.4650293177346003;5;4;2;2;0;6;17;0;22;-8.081861117158281;24;0;2;12;10;0;12;17;2;6;1;24;8;5;4;21;-7.4012832869409335
EVAL_INSTANCE:17:0:340
EVAL_INSTANCE:17:1:341
EVAL_INSTANCE:17:2:342
EVAL_INSTANCE:17:3:343
EVAL_INSTANCE:17:4:344
EVAL_INSTANCE:17:5:345
EVAL_INSTANCE:17:6:346
EVAL_INSTANCE:17:7:347
EVAL_INSTANCE:17:8:348
EVAL_INSTANCE:17:9:349
RUN_RESULT:17:0:0:2000:----
RUN_RESULT:17:1:0:2000:----
RUN_RESULT:17:2:0:2000:----
RUN_RESULT:17:3:0:2000:----
RUN_RESULT:17:4:0:2000:----
RUN_RESULT:17:5:0:2000:----
RUN_RESULT:17:6:0:2000:----
RUN_RESULT:17:7:0:2000:----
RUN_RESULT:17:8:0:2000:----
RUN_RESULT:17:9:0:2000:----
    18 |      180 |  0.000000E+00 | -0.000000E+00
TRACK:350;5;1;5;3;2;5;6;4;5;1;5;5;17;0;5;13;3;16;5;3;5;4;0;5;2;11;10;6;22;3.5085177918744126
TRACK:351;5;1;0;6;6;2;3;3;4;0;5;2;11;14;2;2;7;0.5555535695077722;19;0;20;-2.5247589034932005;17;2;5;4;6;5;0;13;14;6;2;5;4;2;19;17;0;5;0;19;12;5;1;17;11;2;0;6;6;1;1;4;6;3;19;2;0;1;7;5.380137739547626;11;5;8;3;5;7;-7.0626302529780505;2;3;5;2;7;1.2228191466293197;19;3;1;1;7;2.2046141769047107;19;6;13;5;0;1;5;3;2;5;12;3;12;2;0;5;1;14;16;3;2;24;19;3;5;2;17;23;-1.4009825204600403;4;2;6;5;5;23;-6.408486885200338;0;4;2;14;14;3;3;21;-1.9293846128873398;1;4;3;1;0;6;0;6;7;-7.570435468614072;2;18;18;3;0;6;13;6;15;1;0;5;2;18;14;2;1;16;8;2;23;-9.544431845404866;10;3;1;5;25;1;19;21;8.818130350657793;3;2;3;3;0;6;1;23;1.3023401775102208;18;0;1;23;2.0384183102792193;22;3.5085177918744126;0;24;21;5.452323825021004;1;0;0;6;0;12;16;3;4;10;3;4;1;14;13;2;6;3;16;6;5;6;23;-2.9761933179814104
TRACK:352;7;2;4;2;1;6;6;6;2;2;4;1;16;8;0;4;13;2;17;16;0;2;6;21;8.597851037213374;6;9;5;5;21;5.095282990721914;2;2;5;2;5;3;0;18;17;3;0;3;9;3;15;5;3;0;4;2;11;18;0;2;12;24;0;12;24;4;4;1;1;4;1;12;11;2;5;9;5;12;3;4;2;8;21;3.6091464719637543;6;6;6;0;4;1;3;0;25;14;1;2;23;-9.570666725154332;22;8.798842253055295;3;20;-9.11371607603896;4;5;5;5;8
TRACK:353;7;2;3;5;2;3;5;6;3;1;0;4;22;-6.9580804831661025;0;8;14;5;4;16;6;4;1;16;8
TRACK:354;9;3;4;3;0;0;5;6;4;1;6;0;9;23;-2.912361977328926;0;0;25;22;2.4653470724977815;3;15;4;2;6;5;0;2;7;-3.8565189333785614;15;0;20;-2.2799978390611653;8;3;5;2;2;7;-1.958661488257027;14;3;17;4;4;5;4;1;5;1;21;-1.3930571582354005;9;4;3;11
TRACK:355;9;3;3;3;0;1;4;4;6;0;3;2;12;22;6.560143031097578;2;1;20;-0.39729972755515597;10;5;14;1;2;1;0;4;4;21;-2.3861143024133957;2;3;13;6;12;1;1;6;25;2;20;1.081668521255315;14;0;0;14;8;5;9;4;3;4;2;16;24;5;2;3;0;0;18;23;6.964775495532553;5;10;2;3;6;13;5;3;19;3;4;4;6;6;6;4;7;-4.7614921411913596
TRACK:356;2;8;3;5;2;3;5;6;3;1;0;4;22;-6.9580804831661025;0;11;14;5;4;16;6;0;5;3;6;4;5;8;4;1;2;6;2;21;-1.3037193410330943;7;-7.820087990198128;4;0;10;12;5;2;6;24;4;24
TRACK:357;2;8;6;1;4;0;4;6;2;5;4;0;7;8.535349546764856;24;6;3;2;22;-3.747759841784875;19;4;0;10;12;1;2;5;0;5;0;0;0;24;19;1;20;9.90185864393995;25;3;5;13;3;2;1;0;23;7.9584449146048115;11;1;24;17;4;1;9;8;4;0;4;5;4;3;14;2;6;6;0;16;15;4;2;3;11;3;8;0;2;3;6;3;5;0;11;9;4;3;2;4;2;9;13;5;6;7;3.350859119788618;5;4;2;2;0;6;17;0;22;-8.00826127104883;24;0;2;12;10;0;12;17;2;6;1;24;8;5;4;21;-7.253049539796567
TRACK:358;7;0;4;2;1;6;6;6;2;2;4;1;16;8;0;4;13;2;17;16;0;2;6;21;8.597851037213374;6;9;5;5;21;5.095282990721914;2;2;5;4;18;5;3;0;4;2;11;18;0;2;12;24;0;12;24;4;4;1;1;4;1;12;11;2;5;9;5;12;3;4;2;8;21;3.6091464719637543;6;6;6;0;4;1;3;0;25;14;1;2;23;-9.570666725154332;22;8.798842253055295;3;20;-9.11371607603896;4;5;5;0;18;19
TRACK:359;7;0;5;0;3;5;2;3;5;5;5;6;10;3;4;4;1;2;15;16;2;20;-1.2603968406275214;21;-6.3866576079212045;5;2;6;4;1;6;1;0;18;17;5;21;-8.612997043305292;2;6;0;7;8.848637997095562;11;2;2;25;13;0;20;2.154612188347105;17;6;1;0;2;0;5;25;5;12;1;4;8;4;21;5.0153801674606555;0;6;5;21;1.5653352478008813;1;4;18;3;18;1;5;3;3;9;6;6;2;18;12
TRACK:360;350;-1;5;3;2;5;6;4;5;1;5;5;17;0;5;13;5;13;5;3;5;4;0;5;2;11;10;6;22;3.5291180042572003
TRACK:361;352;-1;4;2;1;6;6;6;2;2;4;1;16;8;0;4;13;2;17;16;0;2;6;21;8.429649023855866;6;9;5;5;21;5.106680835997891;2;2;5;2;5;3;0;18;17;3;0;3;9;3;15;5;3;0;4;2;16;18;0;2;12;24;0;12;24;4;4;1;1;4;1;12;11;2;5;9;5;12;3;4;2;8;21;3.687778958929464;6;6;6;0;4;1;3;0;25;14;1;2;23;-9.712499969682254;22;8.70529575540916;3;20;-9.090478151848686;4;5;5;5;8
TRACK:362;354;-1;4;3;0;0;5;6;4;1;6;0;9;23;-2.879796228627964;0;0;25;22;2.483605428695053;3;15;4;2;6;6;1;23;-9.261073711997291;25;3;5;2;2;7;-2.065955261364336;14;3;17;4;4;5;4;1;5;1;21;-1.3988517747049707;9;4;3;11
TRACK:363;356;-1;3;5;2;3;5;6;3;1;0;4;22;-6.994569312276206;0;11;14;5;4;16;6;0;5;3;6;4;5;8;4;1;2;6;2;21;-1.3375162828597718;7;-7.790797919934051;4;2;13;7;1.6885349756735053;5;2;6;24;4;24
TRACK:364;358;-1;4;2;1;6;6;6;2;2;4;1;16;8;5;6;24;0;2;6;21;8.702699362741257;6;9;5;5;21;5.124610915286359;2;2;5;4;18;5;3;0;4;2;11;18;0;2;12;24;0;12;24;4;4;1;1;4;1;12;11;2;5;9;5;12;3;4;2;8;21;3.6888039337751533;6;6;6;0;4;1;3;0;25;14;1;2;23;-9.599278296539525;22;8.866553524607168;3;20;-9.082276860147399;4;5;5;0;18;19
TRACK:365;351;-1;0;6;6;2;3;3;4;0;5;2;11;14;2;2;7;0.4872354251151971;19;0;20;-2.709669438436517;17;2;5;4;6;5;0;13;14;6;2;5;4;2;19;17;0;21;7.3512024052646225;23;-0.8494462052338676;2;0;6;6;1;1;4;6;3;19;2;0;1;7;5.392187545048274;11;5;8;3;5;7;-7.002679634824062;2;3;5;2;7;1.4015943170775407;19;3;1;1;7;2.3701057249745006;19;6;13;5;0;1;5;3;2;5;12;3;12;2;0;5;1;14;16;3;2;24;19;3;5;2;17;23;-1.5831489738981042;4;2;6;5;5;23;-6.455393666534758;0;4;2;14;14;3;3;21;-1.8667952178097709;1;4;3;1;0;6;0;6;7;-7.527705792165985;2;18;18;3;0;6;13;6;15;1;0;5;2;18;14;2;1;16;8;2;23;-9.532936410728723;10;3;1;5;25;1;19;21;8.80509643024709;3;2;3;3;0;6;1;23;1.2697785150091672;18;0;1;23;2.131892480862116;22;3.6860457973402494;0;24;21;5.588372122597381;1;0;0;6;0;12;16;3;4;10;3;4;1;14;13;2;6;3;16;6;5;6;23;-2.9683661413970293
TRACK:366;353;-1;3;5;2;3;5;6;3;1;0;4;22;-7.067547414940548;0;8;14;5;4;16;6;4;1;16;0;3;24;1;10;8
TRACK:367;355;-1;3;3;0;1;4;4;6;0;3;2;12;22;6.335955418007313;2;1;20;-0.36846143211322674;10;5;14;1;2;1;0;4;4;21;-2.293431397180848;2;3;13;6;12;1;1;6;25;2;20;1.0558664249403111;14;0;0;14;8;5;9;4;3;4;2;16;24;5;2;3;0;0;18;23;6.917559474607341;5;10;2;3;6;13;5;3;19;3;4;4;6;6;5;14
TRACK:368;357;-1;6;1;4;0;4;6;2;5;4;0;7;8.292393859218771;24;6;3;2;22;-3.745621642220537;19;4;0;10;12;1;2;5;0;5;0;0;0;24;19;1;20;10.0;25;3;5;13;3;6;4;5;7;-2.365094246017529;4;0;4;5;4;3;14;2;6;6;0;16;15;4;2;3;11;3;8;0;2;3;6;3;5;0;11;9;4;3;2;4;2;9;13;5;6;7;3.396499186619628;5;4;2;2;0;6;17;0;22;-7.913366230236321;24;0;2;12;10;0;12;17;2;6;1;24;8;5;4;21;-7.089698559612798
TRACK:369;359;-1;5;0;3;5;2;3;5;5;5;6;10;3;4;4;1;2;15;16;2;20;-1.1858465485470526;21;-6.327287535407188;5;2;6;4;1;6;1;0;18;17;5;21;-8.900460090980685;2;6;0;7;8.979740169267119;11;2;2;25;13;0;20;2.095782120698396;17;6;1;0;2;0;5;25;5;12;1;4;8;4;21;5.101525605912073;0;6;5;21;1.5105561178575249;1;4;18;3;18;5;24
EVAL_INSTANCE:18:0:360
EVAL_INSTANCE:18:1:361
EVAL_INSTANCE:18:2:362
EVAL_INSTANCE:18:3:363
EVAL_INSTANCE:18:4:364
EVAL_INSTANCE:18:5:365
EVAL_INSTANCE:18:6:366
EVAL_INSTANCE:18:7:367
EVAL_INSTANCE:18:8:368
EVAL_INSTANCE:18:9:369
RUN_RESULT:18:0:0:2000:----
RUN_RESULT:18:1:0:2000:----
RUN_RESULT:18:2:0:2000:----
RUN_RESULT:18:3:0:2000:----
RUN_RESULT:18:4:0:2000:----
RUN_RESULT:18:5:0:2000:----
RUN_RESULT:18:6:0:2000:----
RUN_RESULT:18:7:0:2000:----
RUN_RESULT:18:8:0:2000:----
RUN_RESULT:18:9:0:2000:----
    19 |      190 |  0.000000E+00 | -0.000000E+00
TRACK:370;9;3;4;3;0;0;5;6;4;1;6;0;10;23;-2.912361977328926;0;0;25;22;2.4653470724977815;3;15;22;6.560143031097578;4;4;5;4;1;5;1;21;-1.3930571582354005;9;4;3;11
TRACK:371;9;3;3;3;0;1;4;4;6;0;3;2;12;22;6.560143031097578;2;1;20;-0.39729972755515597;10;5;14;1;2;1;0;4;4;21;-2.3861143024133957;2;3;13;6;12;1;1;6;25;2;20;1.081668521255315;21;3.7022175438433678;0;0;14;8;5;9;4;3;4;2;16;24;5;3;17;3;4;4;6;6;6;4;7;-4.7614921411913596
TRACK:372;2;6;3;5;2;4;1;2;5;22;3.537343712169484;0;9;23;-0.3081171828085143;0;0;17;17;3;20;8.060351502395985;6;0;5;3;6;4;5;8;4;1;2;6;2;21;-1.3037193410330943;7;-7.820087990198128;4;0;10;12;5;2;6;24;4;24
TRACK:373;2;6;1;4;1;3;4;2;5;3;0;1;21;-7.15242947325569;12;4;20;-7.206031960341475;3;2;4;1;15;7;7.063449729662352;3;3;17;3;1;3;1;3;2;3;8;2;16;10;0;5;6;20;-2.319290801089517;6;4;9;5;3;1;6;6;19;1;0;25;16;5;17;1;6;2;2;4;4;2;1;4;8;4;19;3;1;14;15;6;4;1;2;5;22;3.537343712169484;0;9;23;-0.3081171828085143;0;0;17;17;3;20;8.060351502395985;0;4;0;6;6;6;7;-2.89096369454027;6;0;1;12;20;3.395385315601553;2;13;25;2;2;5;4;22;-6.9580804831661025;0;3;3;16;6;3;21;6.392827762333898;4;5;3;1;25;16;6;5;0;0;3;2;0;6;16;1;20;-0.5835139923716461;8;5;0;10;12;1;6;1;5;9;0;16;25;3;5;0;9;13;2;4;2;4;2;21;-4.527031235047518;10;5;6;12;5;3;6;5;12
TRACK:374;4;8;4;1;2;5;0;5;0;0;0;24;19;1;20;9.90185864393995;25;3;5;13;3;2;1;0;23;7.9584449146048115;11;1;24;17;4;1;9;8;4;0;4;5;4;3;14;2;6;6;0;16;15;4;2;3;11;3;8;0;2;3;6;3;5;0;11;9;4;3;2;4;2;9;13;5;6;7;3.350859119788618;5;4;2;2;0;6;17;0;22;-8.00826127104883;24;0;2;12;10;0;12;17;2;6;1;24;8;5;4;21;-7.253049539796567
TRACK:375;4;8;6;18
TRACK:376;3;7;3;3;0;1;4;4;6;0;3;2;12;22;6.560143031097578;2;1;20;-0.39729972755515597;10;3;9;1;2;1;0;4;4;21;-2.3861143024133957;2;3;13;6;12;1;1;6;25;2;20;1.081668521255315;21;3.7022175438433678;0;0;14;8;5;9;4;3;4;2;16;24;5;2;3;0;0;18;23;6.964775495532553;5;10;2;3;6;13;5;3;19;3;4;4;6;6;6;4;7;-4.7614921411913596
TRACK:377;3;7;4;2;1;6;6;6;2;2;4;1;16;8;0;4;13;2;17;16;0;2;6;21;8.597851037213374;6;9;5;5;21;5.095282990721914;2;2;5;2;5;3;0;18;17;3;0;3;9;3;15;5;3;0;4;2;11;18;0;2;12;24;0;12;24;4;4;1;1;4;1;12;11;2;5;9;5;12;3;4;2;8;21;3.6091464719637543;6;6;6;0;4;1;3;0;25;14;1;2;23;-9.570666725154332;22;8.798842253055295;3;20;-9.11371607603896;4;5;5;0;16;19
TRACK:378;5;2;5;3;2;5;6;4;5;1;5;5;17;0;5;13;3;16;5;3;5;4;0;5;2;11;10;6;0;13;24
TRACK:379;5;2;3;5;2;3;5;6;3;1;0;4;22;-6.9580804831661025;0;8;14;5;4;16;6;0;5;3;6;4;5;8;4;1;2;6;2;21;-1.3037193410330943;7;-7.820087990198128;4;0;10;12;5;2;6;24;4;24
TRACK:380;370;-1;4;3;0;0;5;6;4;1;6;0;10;23;-2.9688746555828462;0;0;25;22;2.4428080562468004;3;15;22;6.4781650948929;4;4;5;4;1;5;1;21;-1.6149948828811023;9;4;3;19
TRACK:381;372;-1;3;5;2;4;1;2;5;22;3.4007211753824547;0;9;23;-0.08033127424592842;0;0;17;17;3;20;7.986781867813326;6;0;3;3;5;4;8;4;6;0;4;7;-3.3310707439262917;4;11
TRACK:382;374;-1;4;1;2;5;0;5;0;0;0;24;19;1;20;9.986668024062329;25;3;5;13;3;2;1;0;23;7.930422286829907;11;1;24;17;4;1;9;8;4;0;4;5;4;3;14;2;6;2;3;0;23;5.87015786084886;23;4.578692806141948;2;1;24;18;6;22;-7.662164634862487;4;2;3;11;3;8;0;2;3;6;3;5;0;11;9;4;3;2;4;2;9;13;5;6;7;3.2505834777171563;5;4;2;2;0;6;17;0;22;-7.903176870590209;24;0;2;12;10;0;12;17;2;6;1;24;8;5;4;21;-7.490605421366174
TRACK:383;376;-1;0;4;3;1;3;1;4;0;1;10;17;1;22;9.79404589101225;11;4;5;5;22;8.553243884164672;1;2;2;0;0;15;8;2;19;21;-2.458660967856292;3;4;25;3;5;1;10;24;2;1;0;1;8;21;6.672868120937704;4;14;2;4;11;5;13;1;4;4;8;2;3;14;0;9;20;-6.096899653146888;6;0;6;4;6;2;0;1;16;7;2.207104331007292;1;17;16;1;4;24;6;22;1.9232644252476732;5;3;5;2;6;4;10;5;5;12
TRACK:384;378;-1;5;3;2;5;6;4;5;1;5;5;17;0;5;13;3;16;5;3;5;4;3;6;23;7.126485650119218
TRACK:385;371;-1;3;3;0;1;4;4;6;0;3;2;12;22;6.67438128984912;2;1;20;-0.49570167286959893;10;5;14;1;2;1;0;4;4;21;-2.2858642801733255;2;3;13;6;12;1;1;6;25;2;20;1.1044015067442097;21;3.736072853927079;0;0;14;8;5;9;4;3;4;2;16;24;2;6;15;5;25;3;4;4;6;6;6;4;7;-4.801077144191759
TRACK:386;373;-1;1;4;1;3;4;2;5;3;0;1;21;-7.136755529423433;12;4;20;-7.214851829631353;3;2;4;1;15;7;7.253162830602959;3;3;17;3;1;3;1;3;2;3;8;2;16;10;0;5;6;20;-2.5212588430483884;6;4;9;5;3;1;6;6;19;1;0;25;16;5;17;1;6;2;2;4;4;2;1;4;8;4;22;8.666789912768785;3;1;14;15;6;4;1;2;5;22;3.4716364735226724;0;9;23;-0.1210245478837082;0;0;17;17;3;20;8.212486031842179;0;4;0;6;6;6;7;-2.9911875398326693;6;0;1;12;20;3.4028746669434162;2;13;25;2;2;5;4;22;-6.848782453668479;0;3;3;16;6;3;21;6.421369019190947;4;5;3;1;25;16;6;5;0;0;3;2;0;6;16;1;20;-0.68457710482368;8;5;0;10;12;1;6;1;5;9;0;16;25;3;5;0;9;13;2;4;2;4;2;21;-4.449834699436659;10;5;6;12;5;3;6;5;12
TRACK:387;375;-1;6;3;6;14
TRACK:388;377;-1;4;2;1;6;6;6;2;2;4;1;16;8;0;4;13;2;17;16;0;2;6;21;8.748693752522158;6;9;5;5;21;5.0355845656380245;2;2;5;2;5;3;0;18;17;3;0;3;9;3;15;5;3;0;4;2;11;18;0;2;12;24;0;12;24;4;4;1;1;4;1;12;11;2;5;9;5;12;3;4;2;8;21;3.6489047548068;6;6;6;0;4;1;3;0;25;14;1;2;23;-9.543009755155765;22;8.611534980822539;3;20;-9.059812248538154;4;5;5;3;25
TRACK:389;379;-1;3;5;2;3;5;6;3;1;0;4;22;-6.984904006336829;0;8;14;5;4;16;6;0;5;3;6;4;5;8;4;1;2;6;2;21;-1.3584105358491985;7;-7.9749452918766615;4;0;10;12;5;2;2;23;-1.2695701225482985;23;9.907312892741846;4;24
EVAL_INSTANCE:19:0:380
EVAL_INSTANCE:19:1:381
EVAL_INSTANCE:19:2:382
EVAL_INSTANCE:19:3:383
EVAL_INSTANCE:19:4:384
EVAL_INSTANCE:19:5:385
EVAL_INSTANCE:19:6:386
EVAL_INSTANCE:19:7:387
EVAL_INSTANCE:19:8:388
EVAL_INSTANCE:19:9:389
RUN_RESULT:19:0:0:2000:----
RUN_RESULT:19:1:0:2000:----
RUN_RESULT:19:2:0:2000:----
RUN_RESULT:19:3:0:2000:----
RUN_RESULT:19:4:0:2000:----
RUN_RESULT:19:5:0:2000:----
RUN_RESULT:19:6:0:2000:----
RUN_RESULT:19:7:0:2000:----
RUN_RESULT:19:8:0:2000:----
RUN_RESULT:19:9:0:2000:----
    20 |      200 |  0.000000E+00 | -0.000000E+00
TRAINING ON LEVEL:152
of 184 levels
---LEVEL STRING---
____________________
_BWw..............._
_11w.....G10......._
_26w..wwwwwwww....._
_www..woooooow....._
_.....wooR15ow....._
_.....woooooow....._
_.....woborrow....._
_.....woooooow....._
_..wwwwwggggwwwww.._
_..w............w.._
_..w............w.._
_..w............w.._
_..wggg.........w.._
_..wggg.....F13.w.._
_..wfgg.........w.._
_..wwwwwwwwwwwwww.._
_.................._
_.................._
____________________
---LEVEL STRING---
training done.
The time of execution is: 1668.4668188095093 s

TRAINING DONE


-----!!!NEW PROBLEM!!!-----


START TESTING

LEVEL:0:______\n_K.2._\n_kSF._\n_bB1._\n_..fR_\n_1..._\n_3.r._\n_251O_\n_s.31_\n_o..2_\n______
LEVEL:1:________\n_......_\n_......_\n_.Sb.s._\n_.1..s._\n_.4b..1_\n_B12..3_\n_......_\n________
LEVEL:2:____________\n_.........._\n_.r....f..._\n_.....bssss_\n_.R.......F_\n_B1..f..b.1_\n_AO........_\n_.rssssssss_\n_.........F_\n_ss...R...1_\n_....B12W.3_\n_oS14...1.._\n____________
LEVEL:3:__________\n_F13....G_\n_..R15a.1_\n_.......0_\n_a.A.b.a._\n_....a..._\n_B....ggg_\n_1.a.ag.a_\n_2....g.f_\n__________
LEVEL:4:__________\n_.....B12_\n_.W......_\n_.1wwwww._\n_.6wf..w._\n_..w..kw._\n_F.wwwww._\n_1......._\n_3...bK17_\n__________
LEVEL:5:_________\n_....B18_\n_......._\n_...R..._\n_...1..._\n_...3..._\n_......._\n_....B12_\n_......._\n_.b..R.._\n_....1.._\n_r...9.._\n_......._\n_________
LEVEL:6:____________\n_G13wwwwK14_\n_w.o.okofow_\n_wo.o.o.o.w_\n_wko.o.o.ow_\n_wggggggggw_\n_w.o.o.o.ow_\n_wo.o.o.okw_\n_w.o.o.o.ow_\n_wo.obo.o.w_\n_K17wwwwB12_\n____________
LEVEL:7:____________\n_F13wwwwK14_\n_w.o.okofow_\n_wo.oko.o.w_\n_wko.o.o.ow_\n_wo.o.o.okw_\n_wko.o.o.ow_\n_wo.o.o.okw_\n_wko.o.o.ow_\n_wo.obo.o.w_\n_K17wwwwB12_\n____________
LEVEL:8:__________\n_B12....F_\n_1......1_\n_9lllL.f3_\n_..rl1..._\n_...l8..._\n_...lllll_\n_.br....._\n_....R15._\n__________
LEVEL:9:___________\n_rg9SkofVr_\n_GF.6WOV0A_\n_Fw0.3o6AB_\n_A5W..5A2l_\n_.WO5KlF.1_\n_441934sR2_\n_vF38vVb.k_\n_W4bAS.K1K_\n_kO9.W..21_\n_0Ba4o3.L2_\n_w9G.SG99v_\n_g9Br5Kkbk_\n_.l7RRG6r3_\n_LFffV..Gv_\n_ga8.ro1wr_\n_VWV7R..3._\n___________
LEVEL:10:__________\n_........_\n_....V12._\n_........_\n_...v...._\n_F.v.v..._\n_1..v...._\n_3......._\n_....f..._\n__________
LEVEL:11:__________\n_b....Vwv_\n_.....1ww_\n_.....3.._\n_........_\n_........_\n_.....BW._\n_.....11._\n_.....26._\n__________
LEVEL:12:__________\n_...K..3._\n_.f.k...._\n_kkkk...._\n_...kgkkk_\n_........_\n_G10...b._\n_.....B12_\n_K14..F13_\n__________
LEVEL:13:__________\n_..Bwwlll_\n_b.1wwlll_\n_..2wwlll_\n_...wwlll_\n_...wwlll_\n_W16....._\n_....F13._\n_s...wwwf_\n__________
LEVEL:14:__________\n_G10gl.f._\n_.aagl.l._\n_.R.gg.ll_\n_.b..gggl_\n_...a...a_\n_..r....5_\n_B12.1..._\n_F13a.L16_\n__________
LEVEL:15:__________\n_bW12..Fr_\n_........_\n_w.w.w..S_\n_.s...s.1_\n_..w.www4_\n_B.3s1..._\n_1.w.w..._\n_2.....Rf_\n__________
LEVEL:16:__________\n_bW12..Fr_\n_........_\n_w.w.w..S_\n_.s...s.1_\n_..w.www4_\n_B.3s1..S_\n_1.w.w..._\n_2.....Rf_\n__________
LEVEL:17:__________\n_.f......_\n_.......3_\n_kkkkgkkk_\n_...g.g.._\n_K14k.k.._\n_...k.kkk_\n_B12k..b._\n_F13....._\n__________
LEVEL:18:____________________\n_B.S14.O16.R15.B12._\n_1.F13.G16.V17....._\n_.Sv..............._\n_Rggggggggggggggggg_\n_1ggggggggggggggggg_\n_.F......gggggggggg_\n_ooo.......gggggggg_\n_wwwoo.......gggggg_\n_wwwwwoo.......gggg_\n_wwwwwwwoo..r......_\n_wwwwwwwwwoo.b....._\n_wwwwwwwwwwwooaaaaa_\n____________________
LEVEL:19:_________________\n_F13w.f.w.a...rw_\n_.a.wa...b.a.a.w_\n_wwrwwwww..wwwww_\n_...a...a....a.._\n_wwwwww.wwwwwwww_\n_.a.........ar.._\n_www.wwwwwwwwwww_\n_.a...a......ba._\n_..b......a....._\n_wwwwwwwwww.war._\n_k...a.....awwww_\n_wwwwwwwwwwwwB14_\n_R16wW16wK12wB17_\n_________________
LEVEL:20:__________\n_...s.V12_\n_v..s...._\n_..sssfss_\n_..s..s.._\n_F..s..s._\n_1.....s._\n_3..S14.._\n_........_\n__________
LEVEL:21:____________________\n_.Laallgg.......BG._\n_.1aallgg.......11._\n_.8aallgg.......90._\n_..aallgg.........._\n_..9allgg.......v.._\n_..aallgg.......V.._\n_b.2allgg.......1.._\n_llllllgg.......3.._\n_llllllgg.........._\n_gggggggg.........._\n_gggggggg.......B12_\n____________________
LEVEL:22:__________\n_........_\n_...b...._\n_........_\n_F......._\n_1.B.f..._\n_3.1....._\n_..2....._\n_........_\n__________
LEVEL:23:__________\n_........_\n_B...b..._\n_1......._\n_2......._\n_........_\n_..3...f._\n_F1....f._\n_........_\n__________
LEVEL:24:__________\n_S13....._\n_.......f_\n_...r...3_\n_........_\n_........_\n_F14..R12_\n_........_\n_......s._\n__________
LEVEL:25:_________________\n_....gg.....l..._\n_....gg.....l..._\n_....gg.....l..._\n_.b..gg.....l..._\n_....gg.....l..._\n_....gg.....l..._\n_....gg.....l..._\n_....gg.B12.l..f_\n_....gg.....l..._\n_K...gg.....l..._\n_B12.gg..k..l..._\n_....gg.....l..._\n_....gg.....l..._\n_....gg.G10.l..._\n_....gg.....l..._\n_....gg.....lF13_\n_....gg.....l..._\n_....gg.....lL14_\n_________________
LEVEL:26:__________\n_.ssss.s._\n_..ss.fv._\n_...as.v._\n_.F12.A.._\n_.....1.._\n_.....3.._\n_.ggg...._\n_.s......_\n__________
LEVEL:27:__________\n_glF13S12_\n_gksgggVV_\n_ggrrrrV2_\n_vggkgkVr_\n_vvgvvvVr_\n_vvvvvlVl_\n_vvvvvlVl_\n_vvvvl.fl_\n__________
LEVEL:28:__________\n_B12..VGF_\n_S.....1._\n_1.b.s35f_\n_4...sss._\n_........_\n_gggggggg_\n_...vv..._\n_........_\n__________
LEVEL:29:__________\n_V.2a..12_\n_B12avF.._\n_bv.a...._\n_aaaaaaaa_\n_...a...._\n_..2a.A.._\n_A16a1..._\n_.1.a2f3._\n__________
LEVEL:30:__________\n_K17....._\n_......O._\n_k.vwww.._\n_...wow.k_\n_...www.._\n_KV..W16._\n_11.O1.3._\n_42..k..._\n__________
LEVEL:31:___________________\n_B12w...ag...wG10._\n_wwww...gg...wW16._\n_..13...ga...wwwww_\n_.V15..agga......._\n_.R...araga.a....._\n_.....a.ggaaa....._\n_ggggggggaaaav...._\n_.v....agga......._\n_....b..aga......._\n_......agga......._\n___________________
LEVEL:32:__________\n_b.....f._\n_.....V12_\n_........_\n_F13....._\n_........_\n_........_\n_....v..._\n_........_\n__________
LEVEL:33:__________\n_........_\n_...bV12._\n_........_\n_........_\n_.B13...._\n_........_\n_........_\n_...vv..._\n__________
LEVEL:34:__________\n_...V13.._\n_v......._\n_........_\n_......b._\n_....B12._\n_........_\n_..V15..._\n_........_\n__________
LEVEL:35:__________\n_..F1.3.._\n_llllllll_\n_..L14..._\n_........_\n_........_\n_........_\n_........_\n_bB12...f_\n__________
LEVEL:36:__________\n_B12.F13._\n_........_\n_...sss.._\n_.b.sfs.._\n_...s...._\n_...s...._\n_........_\n_........_\n__________
LEVEL:37:__________\n_s..S..a._\n_k.o....l_\n_.g....b._\n_L.g..b.w_\n_g.s..fs._\n_....B..l_\n_b...1r.._\n_G13.2b.._\n__________
LEVEL:38:__________\n_.Rrbll.f_\n_L18.lll._\n_.5..ll.r_\n_..r.ll.1_\n_..r.ll.l_\n_.F..ll.B_\n_B19.ll.1_\n_r3r....2_\n__________
LEVEL:39:__________\n_A.2...bg_\n_1.G.3.a._\n_wwg1W16._\n_..12B12b_\n_........_\n_........_\n_........_\n_........_\n__________
LEVEL:40:__________\n_b..lsllf_\n_...lslll_\n_.S.lslll_\n_L18lslll_\n_.6.ls..._\n_F......._\n_1......._\n_3.B12..._\n__________
LEVEL:41:____________________\n_llllllff........L._\n_lgggglff........1._\n_lbggglff........5._\n_lg..glff.........._\n_lG15glff.........._\n_llllllff.........._\n_ffffwww..........._\n_ffff.............._\n_.................._\n_.........F.3......_\n_..B12.....1......._\n_.................._\n_.........k........_\n_....K12..........._\n_.................._\n_.................._\n_................7._\n_.................._\n____________________
LEVEL:42:__________\n_f.k.k.kk_\n_.B12F13._\n_k......k_\n_...b...._\n_k......k_\n_........_\n_k......k_\n_.K14K17._\n__________
LEVEL:43:__________\n_ffffffff_\n_W16....._\n_Bk......_\n_1.k...k._\n_2...k..._\n_w..wwwww_\n_...k...._\n_Kk.....k_\n_1k...k.._\n_7......._\n_w..wwwww_\n_........_\n_F13...k._\n_K..k...._\n_1......._\n_4...kk.b_\n__________
LEVEL:44:__________\n_FWwwwwww_\n_11wb.fww_\n_36wwwwww_\n_G10wgkww_\n_wwwwwwww_\n_wBKwwwww_\n_w11wwwww_\n_b2.kwwww_\n__________
LEVEL:45:___________\n_.F.w..V.._\n_o1.w.o1.._\n_.4.w.o2.o_\n_wwww.o..._\n_.ov...oWw_\n_.ov.o..1w_\n_..o.O186w_\n_foo..wF13_\n___________
LEVEL:46:____________________\n_W........wwwwwwwww_\n_1wwwwwwwww......Kw_\n_6wK17ooowwR1.O.81w_\n_Kwkooo3oww..3.1.9w_\n_1wkoooooww.......w_\n_4wo1kbkowwaaaaw.ww_\n_Awooooooww.....ww._\n_1woooooowwb..w..w._\n_9wwwwwwwwww.sw.ww._\n_Awwwwwwwwwwwlwwww._\n_1wb.....ww......w._\n_4wwwww.www.b.R..w._\n_Sw......ww.r.1..w._\n_1ww.wwwwww...5L.w._\n_4wrrrrrrww....1.w._\n_Bwrrfrrrww....8.w._\n_1wwwwwwwwwwwwwwww._\n_9R19F13L18R14B12.._\n____________________
LEVEL:47:______\n_fr.b_\n_F13w_\n_gggg_\n_wwww_\n_F17w_\n_R15w_\n_G10W_\n_B121_\n_W16W_\n______
LEVEL:48:__________\n_WSLlllll_\n_111llllk_\n_556llK12_\n_lllllB17_\n_lllllK1._\n_lllkklll_\n_lllwwlll_\n_FllssllF_\n_1......1_\n_3......3_\n_f......f_\n_........_\n_........_\n_oooggooo_\n_..o..o.._\n_GBo..oOS_\n_11ob.o11_\n_89o..o58_\n__________
LEVEL:49:____________________\n_Wwvvvvvvvfvvvvvvvv_\n_1wvvvvvvv.vvvvvvvv_\n_6wvvvvvvv.vvvvvvvv_\n_Fwvvvvvvv.vvvvvvvv_\n_1wvvvvvvv.vvvvvvvv_\n_3wvvvvvvvvvvvvvvvv_\n_Vwvvvvvvvvvvvvvvvv_\n_1wvvvvvvvvvvvvvvvv_\n_4wvvvvvvvvvvvvvvvv_\n_wwvvvvvvvvvvvvvvvv_\n_..............s..._\n_......r.r.....sS.._\n_...b..rrr.....s1.._\n_..B12..R......s4.._\n_.......1......s..._\n_.......5..O1O.s..._\n_..............w..._\n_..............w..._\n____________________
LEVEL:50:_______\n_bB12._\n_...F._\n_.fR15_\n_...3._\n_.r..._\n_______
LEVEL:51:________\n_rrrrrr_\n_rrrrrr_\n_rrbrrr_\n_rr.rRr_\n_r..B12_\n_r.3.6._\n________
LEVEL:52:____________\n_v......V12_\n_...f.....F_\n_.R.....b.1_\n_B12......3_\n_...S.S14.._\n____________
LEVEL:53:__________\n_bB1...2._\n_..fR1SF._\n_1...31s._\n_3.r..2.1_\n__________
LEVEL:54:_________\n_......._\n_....b.._\n_....s.._\n_......F_\n_.B12..1_\n_......3_\n_...S121_\n_________
LEVEL:55:____________\n_.........._\n_.b..S....._\n_.....712.._\n_.....O...._\n_.B........_\n_...b.....F_\n_.........1_\n_GokK12...3_\n_V......B1._\n_r........R_\n____________
LEVEL:56:________\n_......_\n_.b...._\n_......_\n_......_\n_.S...._\n_.1...._\n_.BB123_\n_.s...3_\n________
LEVEL:57:____________\n_B1.B.....B_\n_R1.......1_\n_..5....S12_\n_.........._\n_.r.....b.._\n_...L......_\n_......1..F_\n_..f......1_\n_......s..4_\n_F13......._\n____________
LEVEL:58:_______\n_F.B12_\n_1b..._\n_3...f_\n_..k.._\n_K17.._\n_______
LEVEL:59:____________\n_B12w.....S_\n_K12w.....1_\n_F16w....7._\n_wwww......_\n_G1........_\n_1.....s..._\n_.0.3.sbs.._\n_g.....s..g_\n_gg......gg_\n_ggg....ggg_\n____________
LEVEL:60:____________\n_B12......S_\n_Br.......1_\n_R..f.....F_\n_.........1_\n_G1.......3_\n_1.....s.f._\n_.0.3.sbs.F_\n_g.....s..g_\n_gg..13..gg_\n_ggg....ggg_\n____________
LEVEL:61:_________\n_.....B8_\n_......._\n_...R..._\n_..o1..._\n_......._\n_....B.._\n_......._\n_....rs._\n_..1SF.._\n_fB31s.._\n_F112o.._\n_......._\n_________
LEVEL:62:________\n_......_\n_......_\n_......_\n_......_\n_......_\n_......_\n_..B..._\n_..1..._\n_..2F13_\n_..b..._\n_......_\n_......_\n_f.F15._\n_......_\n_......_\n________
LEVEL:63:_____________\n_.....2....._\n_.b...F....._\n_....w.712.._\n_.B....O...._\n_....S.....F_\n_........S.1_\n_.....K12..._\n_.b.W......._\n_........s.._\n_.....B12s3k_\n_..........k_\n_____________
LEVEL:64:_________\n_Fw.f.wB_\n_1w...w1_\n_3wwwww2_\n_......._\n_..W16.._\n_......._\n_...b..._\n_________
LEVEL:65:____________\n_B13......F_\n_....f....1_\n_rrrR1Rrrr2_\n_........b._\n____________
LEVEL:66:____________\n_F13wwwwK14_\n_w.o.okofow_\n_wo.o.o.o.w_\n_wko.o.o.ow_\n_wo.o.o.o.w_\n_w.o.o.o.ow_\n_wo.o.o.okw_\n_w.o.o.o.ow_\n_wo.obo.o.w_\n_K17wwwwB12_\n____________
LEVEL:67:____________\n_.........._\n_llllllll.._\n_.....r...._\n_.........._\n_..b..r...._\n_.........._\n_gggggggg.._\n_W13..G17.._\n_.........._\n_B12......._\n____________
LEVEL:68:___________\n_B12w....._\n_wwww.brk._\n_.R......._\n_........._\n_ggggggggg_\n_.1......._\n_.5......._\n_........._\n_.K......._\n_........._\n_ggggggggg_\n_........._\n_......ooo_\n_wwww..ofo_\n_W16w..ooo_\n_G10w..F13_\n___________
LEVEL:69:__________\n_k....b.._\n_w....o.o_\n_sB123ggg_\n_.fR.oo.o_\n_.....bg._\n_.r..f..._\n_.s.bs..k_\n_..sg.www_\n__________
LEVEL:70:__________\n_...12..._\n_...r.ooo_\n_2...B11O_\n_......31_\n_s2.3...2_\n_........_\n_..R1..F1_\n_.....S14_\n__________
LEVEL:71:_______________\n_.l..gL16g..l._\n_.l..ggggg..l._\n_............._\n_............._\n_..l.......l.._\n_..l.......l.._\n_3....G10....3_\n_..l.......l.._\n_..l.......l.._\n_............._\n_............._\n_.l..ggggg..l._\n_.l..gL12g..l._\n_______________
LEVEL:72:__________\n_.kSFr..._\n_vbR1Sbb._\n_g..31skB_\n_r...2so8_\n_bss...a4_\n_FR...aa._\n_S1o....w_\n_W6R11oof_\n__________
LEVEL:73:__________\n_........_\n_....V12._\n_........_\n_........_\n_F.v.v..._\n_1..v...._\n_3......._\n_....f..._\n__________
LEVEL:74:__________\n_........_\n_....V12._\n_..v.v..._\n_..vvv..._\n_F.v.v..._\n_1..v...._\n_3......._\n_....f..._\n__________
LEVEL:75:__________\n_.....B12_\n_.W.14..._\n_.1wwwww._\n_.6wf..w._\n_..w..kw._\n_F.wwwww._\n_1......._\n_3...bK17_\n__________
LEVEL:76:____________\n_K..w.kwK14_\n_1...okkfow_\n_7...B12o.w_\n_s.k......._\n_.....R...._\n_w.www..W16_\n_w........._\n_..b...r..k_\n_w........._\n_..kwwwF13._\n____________
LEVEL:77:____________\n_K.kw.kwK14_\n_1...okkfo._\n_7.o.A12o.w_\n_s.2..r.o.._\n_.....R...._\n_w.www..W16_\n_w...o..o.._\n_..b...rbak_\n_w...5...o._\n_b.fwwwF13._\n____________
LEVEL:78:__________\n_...12..._\n_...rg1.._\n_........_\n_.s..wk2g_\n_F12.V7f._\n_w.F.v..._\n_3R25K..._\n_..v....._\n__________
LEVEL:79:__________\n_W16..R15_\n_.....R13_\n_..R....._\n_B1B12.ww_\n_......wr_\n_......ww_\n_........_\n_b....R19_\n__________
LEVEL:80:__________\n_W16..R15_\n_.....R13_\n_..R....._\n_B1B12.ww_\n_......wr_\n_......ww_\n_...R...._\n_bB1..R19_\n__________
LEVEL:81:__________\n_B1B....f_\n_1......._\n_2......._\n_........_\n_........_\n_.......F_\n_.......1_\n_b......3_\n__________
LEVEL:82:__________\n_V1V....B_\n_.......1_\n_V1.....2_\n_..F....._\n_........_\n_........_\n_........_\n_bv....7F_\n_.......1_\n_.......3_\n_wwwwwwww_\n_.v....W._\n_......1._\n_f.....6._\n__________
LEVEL:83:__________\n_B12..F13_\n_........_\n_........_\n_........_\n_.b....f._\n_........_\n_........_\n_........_\n__________
LEVEL:84:__________\n_.K14.B12_\n_.fow...._\n_2o.w...3_\n_..1.W..w_\n_..4...k._\n_....rr.._\n_........_\n_....bK17_\n__________
LEVEL:85:__________\n_l......._\n_...b...._\n_L1B....._\n_..1....._\n_..2F...._\n_.b.bB1Br_\n_........_\n_.f....13_\n__________
LEVEL:86:__________\n_bF132..G_\n_....g1.1_\n_..B12AO._\n_.RF13wwr_\n_a12....._\n_o.....WF_\n_......F1_\n_.....f.._\n__________
LEVEL:87:__________\n_W16w..s._\n_...wF..._\n_...w1..._\n_...w3..._\n_r..w...._\n_...wR.b._\n_S14wB12._\n_.1Fw...r_\n__________
LEVEL:88:__________\n_W16w..s._\n_.14wF..._\n_F..w1..._\n_...w3..._\n_..rw...._\n_...wR.b._\n_S14wB12._\n_.1Fw...r_\n__________
LEVEL:89:__________\n_........_\n_WW..W16._\n_11b.B12._\n_9W......_\n_........_\n_FL...www_\n_11...wll_\n_38...wlf_\n__________
LEVEL:90:________________\n_K17..........._\n_1....3........_\n_.4w.k...Ww...._\n_..l.....1....._\n_..lw.k.76Ww..._\n_..l..........._\n_lllllllll....._\n_......ll......_\n_.............._\n_b............._\n_L14........B12_\n________________
LEVEL:91:__________\n_...K.3.._\n_.f.k...._\n_kkkk...._\n_...kgkkk_\n_........_\n_G10...b._\n_.....B12_\n_K14..F13_\n__________
LEVEL:92:__________\n_.....b.s_\n_FBs....s_\n_f13....s_\n_.2..rrrr_\n_...r...._\n_...r.RF._\n_...r.11._\n_S14r.5.._\n__________
LEVEL:93:__________\n_.B1..ww._\n_s..S...f_\n_.w1ww4.._\n_.w.SF..1_\n_1.4.Bw.4_\n_3bww3w.._\n_.......s_\n_.W12.s.._\n__________
LEVEL:94:__________\n_........_\n_B12....._\n_S16....._\n_K13.b..._\n_G16....._\n_F16..v.v_\n_.....vsv_\n_V16..vkf_\n__________
LEVEL:95:___________\n_s...f...s_\n_.k.....k._\n_..k...k.._\n_...k.k..._\n_....k...._\n_....S14.._\n_........._\n_K17...K14_\n_B12.b.F13_\n___________
LEVEL:96:__________\n_.B1.sF13_\n_S142s..._\n_...fs..._\n_sssss..._\n_........_\n_.....17._\n_.B12..b._\n_........_\n__________
LEVEL:97:_________\n_....F13_\n_......._\n_..K...._\n_..1...._\n_.f2...._\n_......._\n_k......_\n_________
LEVEL:98:__________\n_........_\n_...F13.._\n_........_\n_.......v_\n_B.....a._\n_1......._\n_2..O...._\n_..k.fb.S_\n__________
LEVEL:99:__________\n_B12.gggf_\n_F13agggg_\n_R15.gggg_\n_G10.gggg_\n_.a......_\n_..r..rr._\n_..rrrrrr_\n_b..rr..._\n__________
LEVEL:100:__________\n_........_\n_........_\n_.B...k.._\n_1......._\n_wwwvwwww_\n_.b......_\n_........_\n_.....3.._\n_...K...._\n_....1..._\n_..7....._\n_........_\n_.......V_\n_.......1_\n_B12..W14_\n__________
LEVEL:101:__________\n_....B12b_\n_....b..._\n_.......F_\n_...1...1_\n_......12_\n_........_\n_gb...f.._\n_g......._\n_g1..Rr.._\n_gfRf12.k_\n_G.f36..._\n_.b.15..F_\n_G.f....1_\n_.......4_\n_K13....._\n__________
LEVEL:102:__________\n_........_\n_........_\n_.bf....._\n_......B._\n_......1._\n_.F13..2._\n_........_\n_........_\n__________
LEVEL:103:___________\n_oLoLBLoLo_\n_o1o111o1o_\n_w8w828w8w_\n_ooo131ooo_\n_L18oboooo_\n_oooowoOoo_\n_L18oWoL18_\n_oooo1oooo_\n_L14o6oo1L_\n___________
LEVEL:104:_______________\n_B12wwW16.F.13_\n_K14ww.......k_\n_1bG.w.....k.._\n_7.1ww.w.....k_\n_f.4ww.....k.._\n_gggww..k....._\n_gggwwk......._\n_gggww..k....._\n_gggwwk......._\n_k..www..k...k_\n_..k..www..k.._\n_k......w...kw_\n_wwwwww...wwww_\n_______________
LEVEL:105:___________\n_B19L18F13_\n_1wwwwwwwW_\n_2w..b..w1_\n_ww.....w6_\n_..A....wA_\n_a.1.a..w1_\n_...5...w9_\n_.llllllll_\n_.llllllll_\n_.....l..._\n_.V1.vl.f._\n_.1...l..._\n_..2.lllll_\n___________
LEVEL:106:__________\n_.f......_\n_........_\n_kkkkkgkk_\n_B12....._\n_........_\n_G10....._\n_..F13..._\n_......b._\n__________
LEVEL:107:__________\n_.....L14_\n_.llK14wF_\n_.Wrb...1_\n_.ww....3_\n_.ww....._\n_.R1....._\n_........_\n_.1F..B12_\n__________
LEVEL:108:__________\n_b....V.B_\n_.....1.1_\n_..3..9.2_\n_.F...s.._\n_S14sss.._\n_........_\n_........_\n_....f..k_\n__________
LEVEL:109:______________\n_l.bFk...l..._\n_l.B12...l..._\n_l.k42....l.._\n_ll...R..rl2._\n_.1l......l.._\n_..llKl.lll.._\n_.k..1......._\n_....8.f..4.._\n_..2........._\n_..F1.9..K12._\n_...3........_\n_............_\n______________
LEVEL:110:__________\n_B12...fO_\n_...3...._\n_.b......_\n_F......o_\n_1......l_\n_L1......_\n_3......._\n_........_\n__________
LEVEL:111:__________\n_.2......_\n_S..b...._\n_..B....._\n_ww1....._\n_W1......_\n_.F12ss.._\n_....B123_\n_.f.....3_\n__________
LEVEL:112:__________\n_b....F13_\n_l..W16.._\n_llwlllll_\n_.....V.._\n_gggG..12_\n_v.g1.L18_\n_f.g0...._\n_ggg..B12_\n__________
LEVEL:113:______\n_...._\n_.r.._\n_...f_\n_R12._\n_..F._\n_..1._\n_..3._\n_...._\n_...._\n______
LEVEL:114:___________\n_B12aab..._\n_.......A._\n_.......1._\n_F13....7._\n_ggggggggg_\n_ggwwwwwgg_\n_www.f.www_\n_W16.k.G14_\n___________
LEVEL:115:__________\n_........_\n_........_\n_..F12..._\n_........_\n_....31A._\n_fff....._\n_..f....._\n_a.f....._\n__________
LEVEL:116:__________\n_........_\n_.......o_\n_..f....._\n_........_\n_...K13.._\n_.r.g..B._\n_..w...1._\n_...b..2k_\n__________
LEVEL:117:__________\n_B1.awB12_\n_f.o..12._\n_b....rg1_\n_1......._\n_3..Rrr.5_\n_....r..l_\n_g7.w.Ar._\n_K2.k..or_\n__________
LEVEL:118:__________\n_B12..F13_\n_1......._\n_9......._\n_..rb.9.._\n_........_\n_..R..5.._\n_..1....v_\n_V18...vf_\n__________
LEVEL:119:__________\n_b......B_\n_..1.R..1_\n_.R...5.2_\n_........_\n_.0.rrr.._\n_gggggggg_\n_gg...G10_\n_fg...F13_\n__________
LEVEL:120:__________\n_........_\n_S12.B..._\n_S..1..2._\n_........_\n_K.....s._\n_...b...._\n_........_\n_3......._\n__________
LEVEL:121:__________\n_........_\n_.b......_\n_..B....._\n_..1....._\n_..2....._\n_..3....._\n_.Ss....._\n_........_\n__________
LEVEL:122:__________\n_b......._\n_........_\n_...f...._\n_B......._\n_1......._\n_2......._\n_l......._\n_ff.lF13._\n__________
LEVEL:123:__________\n_....B12._\n_....F13._\n_k.b....._\n_....K1.._\n_....fR.._\n_........_\n_........_\n_....r..._\n__________
LEVEL:124:__________\n_........_\n_...b...._\n_........_\n_........_\n_..B...F._\n_..1...1._\n_..2...3._\n_........_\n_........_\n_.......f_\n_........_\n__________
LEVEL:125:__________\n_........_\n_b......._\n_........_\n_...r...._\n_..R12..._\n_.....F.f_\n_.....1.._\n_.....3.._\n__________
LEVEL:126:__________\n_..B12..._\n_........_\n_....F..._\n_..fR15.._\n_b...3..._\n_........_\n_........_\n_..r....._\n__________
LEVEL:127:__________\n_F13....._\n_........_\n_........_\n_.b......_\n_........_\n_...B12.._\n_........_\n_f......._\n__________
LEVEL:128:__________\n_....LLLr_\n_1...LLL._\n_F......._\n_.......F_\n_.......1_\n_.......3_\n_..Rb...._\n_.....B12_\n__________
LEVEL:129:__________\n_......13_\n_..W16..._\n_...B1B.._\n_..B1...._\n_..12...._\n_wwb....._\n_........_\n_........_\n__________
LEVEL:130:_______________\n_......w......_\n_......r..R15._\n_..g.ggr.w...._\n_..g...r...w.._\n_g.rrr.rrk...._\n_.....rK14...._\n_.r.w...r..k.._\n_..r.w.r..ggrg_\n_.bwwwwr.W16r._\n_.wr.rrrwr..k._\n_.w...gw.r..k._\n_.w.f.g..r...._\n_.wr.....r...._\n_B12G10..r.F13_\n_______________
LEVEL:131:_______________\n_......w......_\n_......r..R15._\n_..g.ggr.w...._\n_..g...r...w3._\n_g.rrr.rrk...._\n_.....rK14...._\n_.r.w...r..k.._\n_..r.w.r..ggrg_\n_.bwwwwr.W16r._\n_.wr.rrrwr..k._\n_.w...gw.r..k._\n_.w.f.g..r...._\n_.wr.....r...._\n_B12G10..r.F13_\n_______________
LEVEL:132:__________\n_.......f_\n_........_\n_.k......_\n_..k....._\n_b..k...._\n_.....F13_\n_B12....._\n_........_\n__________
LEVEL:133:__________\n_........_\n_........_\n_llllllll_\n_L.....B._\n_1...b.1._\n_8.....9._\n_........_\n_B12..F13_\n__________
LEVEL:134:_______________\n_b........wF19_\n_G.R.B.R.SwV18_\n_1.R.1.1.1wV17_\n_6.R.2.5.6wF13_\n_...r.r...wW16_\n_.........wG1G_\n_....g....wS1S_\n_wwwwswwwwwwww_\n_vg..f..svw..._\n_______________
LEVEL:135:__________\n_......F._\n_f......o_\n_..b....f_\n_......R._\n_.r....11_\n_.1OB12.._\n_1..b...._\n_3......._\n__________
LEVEL:136:__________\n_........_\n_b.....b._\n_.....b.._\n_...r...._\n_..R12..._\n_.....F.f_\n_.b...1.._\n_.....3.._\n__________
LEVEL:137:__________\n_F13....._\n_........_\n_........_\n_.b......_\n_........_\n_.....B12_\n_........_\n_f......._\n__________
LEVEL:138:__________\n_......BF_\n_.b....11_\n_....R.23_\n_1..5.r.._\n_.....r.._\n_gggggggg_\n_gggggggg_\n_gggggfgg_\n__________
LEVEL:139:__________\n_V.2a..12_\n_B12avF.._\n_bv.a...._\n_aaaaaaaa_\n_...a...._\n_r.Ra.A.._\n_A16a1..._\n_A1032f3._\n__________
LEVEL:140:__________\n_F13....f_\n_....llV._\n_....ll1l_\n_....ll2l_\n_...lll.l_\n_...lllll_\n_.v......_\n_........_\n__________
LEVEL:141:__________\n_........_\n_F12....._\n_....3..._\n_....V1.._\n_........_\n_........_\n_...f.l.v_\n_.....l.._\n__________
LEVEL:142:__________\n_....w.b._\n_....w..w_\n_B13.w.ww_\n_........_\n_F12.fff._\n_........_\n_....W15._\n_........_\n__________
LEVEL:143:__________\n_G......._\n_1..L14.._\n_0......F_\n_.......1_\n_.b.....3_\n_ggg....._\n_llg.B12._\n_fl......_\n__________
LEVEL:144:__________\n_bB1...2._\n_..fR1SF._\n_1...31s._\n_3.s..2.1_\n__________
LEVEL:145:__________\n_......wf_\n_W15..w.._\n_.....w.w_\n_.B12w.w._\n_.....w.._\n_...b..ww_\n_F13...w._\n_......w._\n__________
LEVEL:146:____________\n_A18wa....._\n_B19ww..a.._\n_1ssswa..a._\n_2K13wV13a._\n_wwwww..a.._\n_aaaaa...a._\n_a....aaVav_\n_..aa.aa1av_\n_a.ba.a.8av_\n_aaaa...akv_\n____________
LEVEL:147:__________\n_...w..w._\n_..w.fw.._\n_V12..v.w_\n_....w.w._\n_..ww...w_\n_F13.w.v._\n_.b.v...._\n_....W15._\n__________
LEVEL:148:__________\n_.....w.._\n_F13v...._\n_..V1..w._\n_.b..2..._\n_.W15...w_\n_.w...w.._\n_....w..._\n_B12.w.f._\n__________
LEVEL:149:__________\n_fwwwwwGF_\n_ggwwww11_\n_ggrwww03_\n_g...wwwW_\n_r....ww1_\n_.W19.R16_\n_.O18.1ww_\n_bB12b5.w_\n__________
LEVEL:150:__________\n_.......4_\n_.b..v.gb_\n_..lBOrv._\n_O131..F._\n_.sf2..f._\n_..w...bl_\n_...g.v.._\n_A.of.f.9_\n__________
LEVEL:151:__________\n_.B......_\n_.1..F13O_\n_.2bR...._\n_........_\n_......a._\n_........_\n_........_\n_...f...._\n__________
LEVEL:152:____________________\n_BWw..............._\n_11w.....G10......._\n_26w..wwwwwwww....._\n_www..woooooow....._\n_.....wooR15ow....._\n_.....woooooow....._\n_.....woborrow....._\n_.....woooooow....._\n_..wwwwwggggwwwww.._\n_..w............w.._\n_..w............w.._\n_..w............w.._\n_..wggg.........w.._\n_..wggg.....F13.w.._\n_..wfgg.........w.._\n_..wwwwwwwwwwwwww.._\n_.................._\n_.................._\n____________________
LEVEL:153:__________\n_L1.....O_\n_1......1_\n_8......9_\n_........_\n_F15.V12._\n_w.l.Kv.._\n_3.2.V..k_\n_.......k_\n__________
LEVEL:154:__________\n_B1gg..kb_\n_...v...._\n_......f3_\n_a3V12..._\n_........_\n_.g......_\n_K1.G...._\n_B1...F13_\n__________
LEVEL:155:__________\n_B12..G10_\n_...f...._\n_........_\n_gggggggg_\n_b......._\n_.....r.._\n_........_\n_F13..R15_\n__________
LEVEL:156:__________\n_.R.bll.f_\n_L18.lll._\n_.5..ll.r_\n_..r.ll.1_\n_..r.ll.l_\n_.F..ll.B_\n_B19.ll.1_\n_.3.....2_\n__________
LEVEL:157:__________\n_V12.r..._\n_R.rr2rw._\n_1r....wg_\n_4.ggrrwv_\n_gggF13aa_\n_r.gggggg_\n_a..rarar_\n_fargrara_\n__________
LEVEL:158:__________\n_B12..G10_\n_........_\n_gg..b.1._\n_Fgsr.r5._\n_.gsr.R.._\n_.gs....._\n_.gssss.._\n_.13S141F_\n__________
LEVEL:159:__________\n_B12..G10_\n_sss....._\n_gg..b.1._\n_Fgsr.r5._\n_.gsr.R.._\n_.gs....._\n_.gssss.._\n_.13S141F_\n__________
LEVEL:160:__________\n_kBK.w.b._\n_..1ww..._\n_..2w...._\n_wwww..V._\n_......1._\n_......3._\n_W18....._\n_.....B19_\n__________
LEVEL:161:__________\n_BK13gggG_\n_1rrrggR1_\n_2rbrgR16_\n_.rrrgg7g_\n_.ggggrgg_\n_.ggggggg_\n_.g..rggr_\n_.r.r.r.k_\n__________
LEVEL:162:__________\n_bwawaB12_\n_wawawawa_\n_awawawaw_\n_wawawawa_\n_awawawaw_\n_wawawawa_\n_awawawaw_\n_F13awawf_\n__________
LEVEL:163:__________\n_........_\n_.aaaaa.1_\n_.aabaa.3_\n_.aaaaa.._\n_........_\n_.A......_\n_.1......_\n_.2...B12_\n__________
LEVEL:164:__________\n_KRg...rs_\n_11.g..rr_\n_45.gg..._\n_.B13g..._\n_....wS12_\n_L...l..._\n_1.kkl.k._\n_0b.ll.k._\n__________
LEVEL:165:__________\n_VB12...3_\n_1o..o..._\n_4o..vK16_\n_oo.o...._\n_vobo.kk._\n_..o....._\n_..v..v.._\n_........_\n__________
LEVEL:166:__________\n_wfkwwwww_\n_lwwlwwlw_\n_sllsllsl_\n_.s......_\n_....b.s._\n_W16F13.._\n_..B19S14_\n_L18..B12_\n__________
LEVEL:167:__________\n_kk.k.kkk_\n_llo..o.k_\n_.lo..o.k_\n_.loooo.k_\n_.llll..k_\n_..looooo_\n_..lollll_\n_..lollll_\n_....llll_\n_........_\n_........_\n_L16....._\n_........_\n_........_\n_BK13...._\n_1......._\n_2.K17..._\n_b......._\n__________
LEVEL:168:_____________\n_..wwB12ww.._\n_..........._\n_..wwrwrww.._\n_..w.....w.._\n_W.Rw.b.wR.B_\n_1.w.....w.1_\n_6.w.....w.2_\n_w.w.......w_\n_w1.ww.ww.1w_\n_.........3._\n_..wwR15w..._\n_____________
LEVEL:169:_____________\n_B12F13fL17._\n_..........._\n_l.l.ll.ll.._\n_..........._\n_l.l..l..l.._\n_l..l..l...._\n_.l.....l.l._\n_ll.l.l.l..l_\n_..........._\n_..........._\n_b...B19.L18_\n_____________
LEVEL:170:__________\n_..b....._\n_B12.www._\n_K1.w.k.w_\n_...w...w_\n_....w.wF_\n_....wfw1_\n_.....w.3_\n_W17....._\n__________
LEVEL:171:_____________\n_B12S14F13ww_\n_S17O14W16bw_\n_wwwwwwwww.w_\n_wwwwww..osw_\n_wwwww..os.w_\n_wwww...so.w_\n_www...so..w_\n_ww.....so.w_\n_w......os.w_\n_........osw_\n_.......os.w_\n_w......so.w_\n_ww....so..w_\n_www....so.w_\n_wwww...os.w_\n_wwwww...osw_\n_wwwwww.os.w_\n_wwwwwwwwwfw_\n_____________
LEVEL:172:____________________\n_S16.........wwww.._\n_............wBFw.._\n_............w11w.._\n_............w23w.._\n_............wwww.._\n_...wwwwwwwww......_\n_...wosooooow......_\n_...wooooooow......_\n_...wooobosow......_\n_...wsooooosw......_\n_...woosoooow......_\n_...wwwwwwwww......_\n_.................._\n_.......f.........._\n_.................._\n_.................._\n_.................._\n_.................._\n____________________
LEVEL:173:__________\n_B12oo.b._\n_ooooo.F._\n_sosoo.1._\n_ofooo.3._\n_sosoo..._\n_oooooooo_\n_ooooO14o_\n_oooooooo_\n__________
LEVEL:174:____________________\n_wwowwf....Kwbwwow._\n_wB12wwF13.1w.wooWw_\n_wwbww.o.oA12.oo.1w_\n_LRwwV....o3o.wwo6r_\n_11.Br1......kwwwwg_\n_451.3..llll..wwwgg_\n_..4lwgwlllllllwwwg_\n_llllwvwllllllwK17w_\n____________________
LEVEL:175:__________\n_bsfgalro_\n_kwoBSFWA_\n_ROKGV213_\n_6750489w_\n_w.....ww_\n_w.wwwwWw_\n_w...vw1w_\n_B12V136w_\n__________
LEVEL:176:____________________\n_W........wwwwwwwww_\n_1wwwwwwwww......Kw_\n_6woooooowwR1.O.81w_\n_Kwooo3koww..3.1.9w_\n_1wkoooooww.......w_\n_4wo1kbkowwaaaaw.ww_\n_Awooooooww....oww._\n_1wK17ooowwb..woow._\n_9wwwwwwwwww.swoww._\n_Awwwwwwwwwwwlwwww._\n_1wb.....ww......w._\n_4wwwww.www.b.R..w._\n_Sw......ww.r.1..w._\n_1ww.wwwwww...5L.w._\n_4wrrrrrrww....1.w._\n_Bwrrfrrrww....8.w._\n_1wwwwwwwwwwwwwwww._\n_9R19F13L18R14B12.._\n____________________
LEVEL:177:__________\n_........_\n_S2..B12._\n_w...s..._\n_...7wooo_\n_.1.vooVo_\n_.3vbW1.6_\n_...voo2o_\n_V14.oO16_\n__________
LEVEL:178:____________________\n_WR1R.....wwwwwwwww_\n_1wwwwwwwww......Kw_\n_6wK17ooowwR1.O.81w_\n_Kwkooo3oww..3.1.9w_\n_1wkoooooww.......w_\n_4wo1kbkowwaaaaw.ww_\n_Awooooooww.....ww._\n_1woooooowwb..w..w._\n_9wwwwwwwwww.sw.ww._\n_Awwwwwwwwwwwlwwww._\n_1wb.....ww......w._\n_4wwwww.www.b.R..w._\n_Sw......ww.r.1..w._\n_1ww.wwwwww...5L.w._\n_4wrrrrrrww....1.w._\n_Bwrrfrrrww....8.w._\n_1wwwwwwwwwwwwwwww._\n_9R19F13L18R14B12.._\n____________________
LEVEL:179:__________\n_KF13K1K._\n_1f......_\n_4.wwwwwk_\n_B.wK1b.._\n_1.waA.6._\n_2WwvV.2._\n_w1wgG.0._\n_w6wlL.8._\n__________
LEVEL:180:____________________\n_S14W16...........V_\n_B12V18ww.........1_\n_G14S19..w........5_\n_.w.w..ww.........._\n_...www............_\n_.................._\n_.................._\n_....wwwwsw........_\n_...w.vb..w........_\n_..w..b...w........_\n_...w..b..w........_\n_....wwwwww........_\n_.................._\n_...O15........gggg_\n_...F13....gggggggg_\n_.........gggoooooo_\n_......ggggggoooooo_\n_..ggggggggggooooof_\n____________________
LEVEL:181:____________\n_L.kwB..K1r_\n_w.r..3.fos_\n_wS1.....s1_\n_g.r.W1..s4_\n_W.b......._\n_kk..rb.ff5_\n_9.B12....G_\n_.b.f.swgw1_\n_g.o...oO.0_\n_v.wwoRF1.f_\n____________
LEVEL:182:__________\n_K14....._\n_1k..k..._\n_.boL..k._\n_.A15..aa_\n_.b....b._\n_k...F.k._\n_..k.1..._\n_B12.lf13_\n__________
LEVEL:183:____________________\n_Wwvvvvvvvfvvvvvvvv_\n_1wvvvvvvv.vvvvvvvv_\n_6wvvvvvvv.vvvvvvvv_\n_Fwvvvvvvv.vvvvvvvv_\n_1wvvvvvvv.vvvvvvvv_\n_3wvvvvvvvvvvvvvvvv_\n_Vwvvvvvvvvvvvvvvvv_\n_1wvvvvvvvvvvvvvvvv_\n_4wvvvvvvvvvvvvvvvv_\n_wwvvvvvvvvvvwwwwww_\n_............r....._\n_............rRK.B._\n_...b..sss...r11.1._\n_..B12..S....r457.._\n_..B12..1....r....._\n_.......5....kw...._\n_.O1O........ww...._\n_............w....._\n____________________
BATCH:-1:0:0
BATCH:-1:1:1
BATCH:-1:2:2
BATCH:-1:3:3
BATCH:-1:4:4
BATCH:-1:5:5
BATCH:-1:6:6
BATCH:-1:7:7
BATCH:-1:8:8
BATCH:-1:9:9
BATCH:-1:10:10
BATCH:-1:11:11
BATCH:-1:12:12
BATCH:-1:13:13
BATCH:-1:14:14
BATCH:-1:15:15
BATCH:-1:16:16
BATCH:-1:17:17
BATCH:-1:18:18
BATCH:-1:19:19
BATCH:-1:20:20
BATCH:-1:21:21
BATCH:-1:22:22
BATCH:-1:23:23
BATCH:-1:24:24
BATCH:-1:25:25
BATCH:-1:26:26
BATCH:-1:27:27
BATCH:-1:28:28
BATCH:-1:29:29
BATCH:-1:30:30
BATCH:-1:31:31
BATCH:-1:32:32
BATCH:-1:33:33
BATCH:-1:34:34
BATCH:-1:35:35
BATCH:-1:36:36
BATCH:-1:37:37
BATCH:-1:38:38
BATCH:-1:39:39
BATCH:-1:40:40
BATCH:-1:41:41
BATCH:-1:42:42
BATCH:-1:43:43
BATCH:-1:44:44
BATCH:-1:45:45
BATCH:-1:46:46
BATCH:-1:47:47
BATCH:-1:48:48
BATCH:-1:49:49
BATCH:-1:50:50
BATCH:-1:51:51
BATCH:-1:52:52
BATCH:-1:53:53
BATCH:-1:54:54
BATCH:-1:55:55
BATCH:-1:56:56
BATCH:-1:57:57
BATCH:-1:58:58
BATCH:-1:59:59
BATCH:-1:60:60
BATCH:-1:61:61
BATCH:-1:62:62
BATCH:-1:63:63
BATCH:-1:64:64
BATCH:-1:65:65
BATCH:-1:66:66
BATCH:-1:67:67
BATCH:-1:68:68
BATCH:-1:69:69
BATCH:-1:70:70
BATCH:-1:71:71
BATCH:-1:72:72
BATCH:-1:73:73
BATCH:-1:74:74
BATCH:-1:75:75
BATCH:-1:76:76
BATCH:-1:77:77
BATCH:-1:78:78
BATCH:-1:79:79
BATCH:-1:80:80
BATCH:-1:81:81
BATCH:-1:82:82
BATCH:-1:83:83
BATCH:-1:84:84
BATCH:-1:85:85
BATCH:-1:86:86
BATCH:-1:87:87
BATCH:-1:88:88
BATCH:-1:89:89
BATCH:-1:90:90
BATCH:-1:91:91
BATCH:-1:92:92
BATCH:-1:93:93
BATCH:-1:94:94
BATCH:-1:95:95
BATCH:-1:96:96
BATCH:-1:97:97
BATCH:-1:98:98
BATCH:-1:99:99
BATCH:-1:100:100
BATCH:-1:101:101
BATCH:-1:102:102
BATCH:-1:103:103
BATCH:-1:104:104
BATCH:-1:105:105
BATCH:-1:106:106
BATCH:-1:107:107
BATCH:-1:108:108
BATCH:-1:109:109
BATCH:-1:110:110
BATCH:-1:111:111
BATCH:-1:112:112
BATCH:-1:113:113
BATCH:-1:114:114
BATCH:-1:115:115
BATCH:-1:116:116
BATCH:-1:117:117
BATCH:-1:118:118
BATCH:-1:119:119
BATCH:-1:120:120
BATCH:-1:121:121
BATCH:-1:122:122
BATCH:-1:123:123
BATCH:-1:124:124
BATCH:-1:125:125
BATCH:-1:126:126
BATCH:-1:127:127
BATCH:-1:128:128
BATCH:-1:129:129
BATCH:-1:130:130
BATCH:-1:131:131
BATCH:-1:132:132
BATCH:-1:133:133
BATCH:-1:134:134
BATCH:-1:135:135
BATCH:-1:136:136
BATCH:-1:137:137
BATCH:-1:138:138
BATCH:-1:139:139
BATCH:-1:140:140
BATCH:-1:141:141
BATCH:-1:142:142
BATCH:-1:143:143
BATCH:-1:144:144
BATCH:-1:145:145
BATCH:-1:146:146
BATCH:-1:147:147
BATCH:-1:148:148
BATCH:-1:149:149
BATCH:-1:150:150
BATCH:-1:151:151
BATCH:-1:152:152
BATCH:-1:153:153
BATCH:-1:154:154
BATCH:-1:155:155
BATCH:-1:156:156
BATCH:-1:157:157
BATCH:-1:158:158
BATCH:-1:159:159
BATCH:-1:160:160
BATCH:-1:161:161
BATCH:-1:162:162
BATCH:-1:163:163
BATCH:-1:164:164
BATCH:-1:165:165
BATCH:-1:166:166
BATCH:-1:167:167
BATCH:-1:168:168
BATCH:-1:169:169
BATCH:-1:170:170
BATCH:-1:171:171
BATCH:-1:172:172
BATCH:-1:173:173
BATCH:-1:174:174
BATCH:-1:175:175
BATCH:-1:176:176
BATCH:-1:177:177
BATCH:-1:178:178
BATCH:-1:179:179
BATCH:-1:180:180
BATCH:-1:181:181
BATCH:-1:182:182
BATCH:-1:183:183
EVAL_INSTANCE:0:0:389
RUN_RESULT:0:0:0:2000:----
RUN_RESULT:0:0:1:2000:----
RUN_RESULT:0:0:2:3:LDD
RUN_RESULT:0:0:3:2000:----
RUN_RESULT:0:0:4:269:ULLLUUULUURDDRR
RUN_RESULT:0:0:5:29:DDRRRLLLL
RUN_RESULT:0:0:6:91:UUUU
RUN_RESULT:0:0:7:2000:----
RUN_RESULT:0:0:8:2000:----
RUN_RESULT:0:0:9:2000:----
RUN_RESULT:0:0:10:3:DDD
RUN_RESULT:0:0:11:2000:----
RUN_RESULT:0:0:12:232:ULLLLLDURDURRUUUULLDL
RUN_RESULT:0:0:13:2000:----
RUN_RESULT:0:0:14:2000:----
RUN_RESULT:0:0:15:2000:----
RUN_RESULT:0:0:16:2000:----
RUN_RESULT:0:0:17:12:LLUUUUULULL
RUN_RESULT:0:0:18:2000:----
RUN_RESULT:0:0:19:2000:----
RUN_RESULT:0:0:20:30:DRDDRDRRRDUUUU
RUN_RESULT:0:0:21:2000:----
RUN_RESULT:0:0:22:5:DDDR
RUN_RESULT:0:0:23:2000:----
RUN_RESULT:0:0:24:8:DDDRDDRR
RUN_RESULT:0:0:25:2000:----
RUN_RESULT:0:0:26:3:DLL
RUN_RESULT:0:0:27:11:RRRDDDDDDR
RUN_RESULT:0:0:28:2000:----
RUN_RESULT:0:0:29:2000:----
RUN_RESULT:0:0:30:2000:----
RUN_RESULT:0:0:31:2000:----
RUN_RESULT:0:0:32:9:UUUUUURR
RUN_RESULT:0:0:33:2000:----
RUN_RESULT:0:0:34:2000:----
RUN_RESULT:0:0:35:2000:----
RUN_RESULT:0:0:36:3:RRR
RUN_RESULT:0:0:37:4:UU
RUN_RESULT:0:0:38:2000:----
RUN_RESULT:0:0:39:2000:----
RUN_RESULT:0:0:40:53:RRDDLUURRRRRR
RUN_RESULT:0:0:41:2000:----
RUN_RESULT:0:0:42:6:LLLUUU
RUN_RESULT:0:0:43:2000:----
RUN_RESULT:0:0:44:3:RLR
RUN_RESULT:0:0:45:2000:----
RUN_RESULT:0:0:46:2000:----
RUN_RESULT:0:0:47:2000:----
RUN_RESULT:0:0:48:396:DUURUUUURR
RUN_RESULT:0:0:49:2000:----
RUN_RESULT:0:0:50:8:DDR
RUN_RESULT:0:0:51:18:DDLDRRLUUUU
RUN_RESULT:0:0:52:5:ULLLL
RUN_RESULT:0:0:53:2000:----
RUN_RESULT:0:0:54:2000:----
RUN_RESULT:0:0:55:2000:----
RUN_RESULT:0:0:56:2000:----
RUN_RESULT:0:0:57:2000:----
RUN_RESULT:0:0:58:4:DRRR
RUN_RESULT:0:0:59:2000:----
RUN_RESULT:0:0:60:1:U
RUN_RESULT:0:0:61:2000:----
RUN_RESULT:0:0:62:2000:----
RUN_RESULT:0:0:63:2000:----
RUN_RESULT:0:0:64:9:UUUUULUR
RUN_RESULT:0:0:65:6:DRDRRR
RUN_RESULT:0:0:66:2000:----
RUN_RESULT:0:0:67:2000:----
RUN_RESULT:0:0:68:2000:----
RUN_RESULT:0:0:69:2000:----
RUN_RESULT:0:0:70:2000:----
RUN_RESULT:0:0:71:2000:----
RUN_RESULT:0:0:72:9:RDDRDD
RUN_RESULT:0:0:73:3:DDD
RUN_RESULT:0:0:74:4:DDD
RUN_RESULT:0:0:75:269:ULLLUUULUURDDRR
RUN_RESULT:0:0:76:15:URRRRRUUUUUUUUU
RUN_RESULT:0:0:77:2000:----
RUN_RESULT:0:0:78:2000:----
RUN_RESULT:0:0:79:2000:----
RUN_RESULT:0:0:80:2000:----
RUN_RESULT:0:0:81:18:UUUURUURRURRRR
RUN_RESULT:0:0:82:2000:----
RUN_RESULT:0:0:83:5:RRRRR
RUN_RESULT:0:0:84:2000:----
RUN_RESULT:0:0:85:2000:----
RUN_RESULT:0:0:86:13:DDDDDDDRRRRR
RUN_RESULT:0:0:87:2000:----
RUN_RESULT:0:0:88:2000:----
RUN_RESULT:0:0:89:27:DDDDDRRUUURRUUDRDR
RUN_RESULT:0:0:90:2000:----
RUN_RESULT:0:0:91:232:ULLLLLDURDURRUUUULLDL
RUN_RESULT:0:0:92:2000:----
RUN_RESULT:0:0:93:2000:----
RUN_RESULT:0:0:94:2000:----
RUN_RESULT:0:0:95:2000:----
RUN_RESULT:0:0:96:2000:----
RUN_RESULT:0:0:97:3:UUR
RUN_RESULT:0:0:98:1:L
RUN_RESULT:0:0:99:2000:----
RUN_RESULT:0:0:100:2000:----
RUN_RESULT:0:0:101:9:RRRDDRRDR
RUN_RESULT:0:0:102:1:R
RUN_RESULT:0:0:103:2000:----
RUN_RESULT:0:0:104:2000:----
RUN_RESULT:0:0:105:2000:----
RUN_RESULT:0:0:106:2000:----
RUN_RESULT:0:0:107:2000:----
RUN_RESULT:0:0:108:2000:----
RUN_RESULT:0:0:109:2000:----
RUN_RESULT:0:0:110:2000:----
RUN_RESULT:0:0:111:2000:----
RUN_RESULT:0:0:112:37:DDDRRRDRDLLDLL
RUN_RESULT:0:0:113:5:DRR
RUN_RESULT:0:0:114:2000:----
RUN_RESULT:0:0:115:2000:----
RUN_RESULT:0:0:116:2000:----
RUN_RESULT:0:0:117:2000:----
RUN_RESULT:0:0:118:2000:----
RUN_RESULT:0:0:119:2000:----
RUN_RESULT:0:0:120:2000:----
RUN_RESULT:0:0:121:2000:----
RUN_RESULT:0:0:122:8:DDDDRDDD
RUN_RESULT:0:0:123:4:DDRR
RUN_RESULT:0:0:124:16:DDDDDDDDRRRR
RUN_RESULT:0:0:125:2000:----
RUN_RESULT:0:0:126:14:URR
RUN_RESULT:0:0:127:5:DDDDL
RUN_RESULT:0:0:128:2000:----
RUN_RESULT:0:0:129:2000:----
RUN_RESULT:0:0:130:2000:----
RUN_RESULT:0:0:131:2000:----
RUN_RESULT:0:0:132:11:UUUURRRRRRR
RUN_RESULT:0:0:133:2000:----
RUN_RESULT:0:0:134:2000:----
RUN_RESULT:0:0:135:2000:----
RUN_RESULT:0:0:136:2000:----
RUN_RESULT:0:0:137:5:DDDDL
RUN_RESULT:0:0:138:10:DDDDRRRDDR
RUN_RESULT:0:0:139:2000:----
RUN_RESULT:0:0:140:12:UUUUURRURRRR
RUN_RESULT:0:0:141:2000:----
RUN_RESULT:0:0:142:96:UUUUR
RUN_RESULT:0:0:143:839:UURRULLDDDRRDDDLLL
RUN_RESULT:0:0:144:2000:----
RUN_RESULT:0:0:145:1096:URUURURRU
RUN_RESULT:0:0:146:2000:----
RUN_RESULT:0:0:147:7:UL
RUN_RESULT:0:0:148:2000:----
RUN_RESULT:0:0:149:2000:----
RUN_RESULT:0:0:150:2000:----
RUN_RESULT:0:0:151:7:DDDDDR
RUN_RESULT:0:0:152:2000:----
RUN_RESULT:0:0:153:2000:----
RUN_RESULT:0:0:154:6:DRRR
RUN_RESULT:0:0:155:2000:----
RUN_RESULT:0:0:156:315:LDURRRRR
RUN_RESULT:0:0:157:2000:----
RUN_RESULT:0:0:158:2000:----
RUN_RESULT:0:0:159:2000:----
RUN_RESULT:0:0:160:2000:----
RUN_RESULT:0:0:161:2000:----
RUN_RESULT:0:0:162:18:DDDDDDRRRDRRRR
RUN_RESULT:0:0:163:2000:----
RUN_RESULT:0:0:164:2000:----
RUN_RESULT:0:0:165:2000:----
RUN_RESULT:0:0:166:2000:----
RUN_RESULT:0:0:167:2000:----
RUN_RESULT:0:0:168:2000:----
RUN_RESULT:0:0:169:186:UUUUUUURUURRRRRU
RUN_RESULT:0:0:170:5:DDUDD
RUN_RESULT:0:0:171:2000:----
RUN_RESULT:0:0:172:5:DDDDD
RUN_RESULT:0:0:173:5:DDDLL
RUN_RESULT:0:0:174:2000:----
RUN_RESULT:0:0:175:34:RRRRRDLULL
RUN_RESULT:0:0:176:2000:----
RUN_RESULT:0:0:177:2000:----
RUN_RESULT:0:0:178:2000:----
RUN_RESULT:0:0:179:2000:----
RUN_RESULT:0:0:180:2000:----
RUN_RESULT:0:0:181:2000:----
RUN_RESULT:0:0:182:2000:----
RUN_RESULT:0:0:183:2000:----
The time of execution is: 267.171311378479 s
