pygame 2.2.0 (SDL 2.30.7, Python 3.8.10)
Hello from the pygame community. https://www.pygame.org/contribute.html
LEVEL:0:__________\n_.K14.B12_\n_.fow...._\n_2o.w...3_\n_..1.W..w_\n_..4...k._\n_....rr.._\n_........_\n_....bK17_\n__________
BATCH:0:0:0
TRAINING ON LEVEL:84
of 184 levels
---LEVEL STRING---
__________
_.K14.B12_
_.fow...._
_2o.w...3_
_..1.W..w_
_..4...k._
_....rr.._
_........_
_....bK17_
__________
---LEVEL STRING---
TRACK:0;-1;-1;1;1;0;3;0;6;1;2;1;4;21;-8.091695645771441;3;24;2;2;18;9;3;19;2;0;5;21;-7.2959812932800805;3;16;2;2;7;-4.493181850482875;20;0.7795200228939336;1;14;11;2;5;2;2;0;19;25;5;8;5;5;9;0;3;0;5;20;-5.020657470907446;3;24;4;0;5;16;6;13;6;1;1;6;5;4;2;21;2.7132108609914596;10;0;5;4;4;23;-5.613450788097989;0;6;4;24;2;5;13;4;7;-9.301745737281212;5;2;3;6;2;22;7.607318748444371;9;0;1;1;23;-1.5694153766874734;13;4;22;-8.592682090192676;2;4;13;2;18;8;6;2;5;0;3;0;5;3;22;-0.46800007632423757;4;6;15;1;3;5;6;13;0;2;3;10;0;23;-6.3481384793703155;22;-3.5331572321449496;6;4;12;5;6;5;3;2;2;14;7;-1.3035809828779996;3;22;6.2665076758869915;0;5;0;0;4;0;6;3;0;19;22;6.659200931465364;5;4;2;22;-3.76164374361805;10;2;3;5;3;0;12;9;5;4;1;0;20;-9.908004235067462;13;2;23;6.339456973303058;12;6;2;3;5;0;4;14;3;8;4;2;3;6;7;-1.2569761934032346;3;5;21;6.977437885021079;5;5;3;6;4;5;0;6;18;0;15;18
TRACK:1;-1;-1;1;5;4;6;1;4;1;1;0;5;11;6;12;0;2;17;23;7.343588116177962;2;22;7.659724088851995;7;-5.032585141132115;3;6;4;12;2;3;0;3;5;17;6;2;11;22;0.6553455134787516;0;2;2;0;10;25;0;12;25;3;4;17;0;1;5;19;4;13;1;6;18;4;8;5;4;1;3;3;1;6;5;1;16;17;4;0;0;15;20;4.682158380378638;2;21;-7.427170659245787;20;9.57956403425339;4;1;3;6;1;0;9;11;1;12;22;5.103085833209297;5;2;0;1;25;16;1;9;9;4;0;21;-9.080057985711424;20;-6.565205663428026
TRACK:2;-1;-1;3;2;1;5;4;6;1;3;3;4;23;8.776868184220028;1;4;4;19;6;0;22;1.4732763329787435;15;5;3;0;0;0;2;3;9;3;8;5;5;7;-5.865911246557749;0;0;1;9;15;4;19;2;2;8;7;0.27639591876486946;2;17;16;2;1;6;2;14;15;4;4;25;1;5;5;14;4;5;19;0;0;0;5;4;0;1;5;11;0;10;8;6;0;21;-7.764013924383677;22;8.021119822980037;6;0;4;5;6;11;5;1;2;22;7.96336029676803;12;2;7;-1.06748086910439;16;1;5;5;4;5;6;25;1;5;6;2;4;19;2;8;12;4;4;5;2;24;7;7.75869826608535;1;2;1;0;3;5;3;8;4;2;1;24;8;4;17;0;0;4;1;20;-8.050513760080563;19;6;0;18;20;-9.399501037894344;0;6;3;18;5;5;7;-5.911158253709241;2;6;4;6;2;21;2.2856639257123277;11;4;4;5;5;25;1;6;4;6;2;2;22;-3.960708720543222;16;1;18;11;4;5;3;0;2;18;18;1;24;23;-0.02386083831450847
TRACK:3;-1;-1;4;1;3;5;2;4;1;5;3;2;24;10;0;6;4;17;1;0;19;9;5;22;-7.62975071277647;6;1;1;3;4;18;0;5;9;5;20;-2.9816156354807717;5;0;1;17;8;4;17;4;5;5;5;0;0;2;5;14;2;19;8;4;4;7;3.746056277809327;1;4;0;19;7;3.9275169441683353;4;2;20;2.31521386465449;22;4.238491789315953
TRACK:4;-1;-1;6;2;1;3;4;5;1;0;4;5;9;5;1;17;20;-0.9469520391402249;4;3;6;11;3;1;1;2;2;0;2;12;7;4.470267418986431;3;19;1;1;25;10;3;12;5;4;3;20;1.1111835709952107;0;5;4;4;21;0.09725600831221648;0;0;4;25;1;15;21;-5.296068650115535;3;0;20;-5.759894496157303;16;1;2;6;6;2;10;7;9.943590620202272;6;2;4;12;3;8;5;5;3;6;23;7.881597015613789;6;1;6;1;6;5;1;2;16;22;8.574948275305786;2;19;9;4;3;2;0;24;12;3;25;2;2;1;1;5;3;23;2.245224886766639;3;4;12;6;5;5;24;1;2;0;5;17;4;18;5;4;14;1;5;1;24;20;7.337434257486006;5;5;24;6;6;3;1;0;20;5.324096622276201;13;0;20;-9.219556274613506;21;-3.9433415675650547
TRACK:5;-1;-1;1;6;6;1;3;6;4;4;4;0;24;14;4;4;0;0;2;5;9;6;20;-8.726255855688649;2;5;14;6;7;-9.95321655497277;4;6;1;10;24;4;2;5;3;6;0;1;6;6;21;4.012117523453231;0;2;7;-4.5988989645168825;24;6;18;3;2;0;10;10;0;19;25;3;6;0;0;0;0;0;16;18;6;18;1;1;13;19;2;19;25;2;4;3;22;-6.567802755968186;4;3;9;2;5;0;3;19;3;21;-2.206724557577269;5;2;3;21;-5.471633268653154;3;15
TRACK:6;-1;-1;3;1;1;4;3;1;1;5;0;6;15;2;20;1.7224974763093641;20;7.177099101969013;0;2;0;25;7;4.689855129983286;4;16;6;5;21;-7.862144299204303;2;1;1;4;7;-7.325792350559537;6;24;1;3;12;1;9;13;6;1;1;18;10;2;25;21;9.92730155650895;3;6;4;1;0;2;2;8;12;1;12;12;4;4;10;5;3;1;21;-5.38438680582463;25;3;2;3;4;2;5;6;2;9;25;4;3;4;9;1;3;0;2;0;5;20;3.464618466817333;2;17;20;-3.3978690850992965;0;5;14;2;19;15;4;3;6;11;1;1;3;4;3;10;5;1;1;20;9.915510388428196;13;4;20;-0.382656399841661;5;3;5;2;22;5.099092897541018;15
TRACK:7;-1;-1;3;2;6;2;6;1;1;5;3;0;22;-2.976818997446557;13;5;0;0;19;11;2;10;24;2;5;0;0;14;10;1;14;13;0;2;3;24;2;23;7.967019396695257;20;3.418830663647279;6;4;15;4;0;3;3;6;0;11;20;6.438428466161334;0;5;1;2;13;12;5;16;6;4;0;19;10;0;0;3;4;3;1;5;6;18;2;0;19;9;2;20;2.013526145735474;8;5;1;3;6;1;4;22;1.2733373695578294;3;22;-7.108224051687076;5;4;4;6;19;4;0;3;3;5;1;0;7;1.7220496612518055;14;1;17;24;1;3;5;1;4;9;2;24;11;4;1;1;2;8;16;3;22;-6.453663071411874;1;2;24;20;8.339831654716583;5;18
TRACK:8;-1;-1;0;3;6;5;4;4;3;0;0;3;9;5;7;-6.257266748787929;4;2;21;-2.776360549348449;22;2.9448832533837894;2;2;3;6;3;3;3;2;6;10;6;15;6;4;0;1;6;4;0;22;6.408406580541655;10;3;5;2;24;22;-9.295455763989962;2;6;3;4;25;3;1;1;20;-7.537833144229753;22;-5.970774001428318;4;19;0;6;2;3;1;3;5;5;23;-5.124010727406228;5;3;2;25;10;2;4;4;0;3;13;5;15;4;2;5;0;24;25;0;5;8;6;21;-6.771852628930652;3;3;2;0;5;5;5;24;0;1;6;23;-2.0240113589058195;1;7;-8.8446594628528;19;5;0;12;14;1;0;3;6;25;2;5;13;2;7;5.8269146595156585;17;4;1;4;7;-6.8856396711382795;1;15;11
TRACK:9;-1;-1;1;2;6;1;2;5;0;3;4;4;25;4;3;1;8;9;2;6;6;4;3;17;2;1;6;2;18;7;3.5228825611996495;4;3;7;1.3148694180032034;2;6;5;12;6;4;23;-2.984599812694464;4;4;5;3;4;2;21;8.24772233220132;21;-1.9113830722890874;3;6;3;6;5;5;5;5;21;2.970980681343576;5;5;4;0;1;4;5;6;0;23;9.649455451473315;9;3;0;6;0;10;23;6.970669534347628;2;2;18;21;1.5498005403086346;3;23;-5.041012822695958;6;5;4;5;2;12;21;-6.960626994994536
EVAL_INSTANCE:0:0:0
EVAL_INSTANCE:0:1:1
EVAL_INSTANCE:0:2:2
EVAL_INSTANCE:0:3:3
EVAL_INSTANCE:0:4:4
EVAL_INSTANCE:0:5:5
EVAL_INSTANCE:0:6:6
EVAL_INSTANCE:0:7:7
EVAL_INSTANCE:0:8:8
EVAL_INSTANCE:0:9:9
RUN_RESULT:0:0:0:2000:----
RUN_RESULT:0:1:0:2000:----
RUN_RESULT:0:2:0:2000:----
RUN_RESULT:0:3:0:2000:----
RUN_RESULT:0:4:0:2000:----
RUN_RESULT:0:5:0:2000:----
RUN_RESULT:0:6:0:2000:----
RUN_RESULT:0:7:0:2000:----
RUN_RESULT:0:8:0:2000:----
RUN_RESULT:0:9:0:2000:----
=================================================
n_gen  |  n_eval  |     f_avg     |     f_min    
=================================================
     1 |       10 |  0.000000E+00 | -0.000000E+00
TRACK:10;2;8;3;2;1;5;4;6;1;3;3;4;23;8.776868184220028;1;4;4;19;6;0;22;1.4732763329787435;15;5;3;0;0;0;2;3;9;3;8;5;5;7;-5.865911246557749;0;0;1;9;15;4;19;2;2;8;7;0.27639591876486946;2;17;16;2;1;6;2;14;15;4;4;25;1;5;5;14;4;5;19;0;0;0;5;4;0;1;5;11;0;10;8;6;0;21;-7.764013924383677;22;8.021119822980037;6;0;4;5;6;11;5;1;2;22;7.96336029676803;12;2;7;-1.06748086910439;16;1;5;5;4;5;6;25;1;5;6;2;4;19;2;8;12;4;4;5;2;24;7;7.75869826608535;1;2;1;0;3;5;3;8;4;2;1;24;8;4;17;0;0;4;1;20;-8.050513760080563;19;6;0;18;20;-9.399501037894344;0;6;3;18;5;5;7;-5.911158253709241;2;6;4;6;2;21;2.2856639257123277;11;4;4;5;5;25;1;6;4;6;2;2;22;-3.960708720543222;16;1;18;10;4;5;3;0;2;18;18;1;24;23;-0.02386083831450847
TRACK:11;2;8;0;3;6;5;4;4;3;0;0;3;9;5;7;-6.257266748787929;4;2;21;-2.776360549348449;22;2.9448832533837894;2;2;3;6;3;3;3;2;6;12;6;15;6;4;0;1;6;4;0;22;6.408406580541655;10;3;5;2;24;22;-9.295455763989962;2;6;3;4;25;3;1;1;20;-7.537833144229753;22;-5.970774001428318;4;19;0;6;2;3;1;3;5;5;23;-5.124010727406228;5;3;2;25;10;2;4;4;0;3;13;5;15;4;2;5;0;24;25;0;5;8;6;21;-6.771852628930652;3;3;2;0;5;5;5;24;0;1;6;23;-2.0240113589058195;1;7;-8.8446594628528;19;5;0;12;14;1;0;3;6;25;2;5;13;2;7;5.8269146595156585;17;4;1;4;7;-6.8856396711382795;1;15;11
TRACK:12;3;1;4;1;3;5;2;4;1;5;3;2;24;10;0;6;4;17;1;0;19;9;5;22;-7.62975071277647;6;1;1;3;4;18;0;5;9;5;20;-2.9816156354807717;5;0;1;17;17;4;17;4;5;5;5;0;0;2;5;14;2;19;8;4;4;7;3.746056277809327;1;4;0;19;7;3.9275169441683353;4;2;20;2.31521386465449;22;4.238491789315953
TRACK:13;3;1;1;5;4;6;1;4;1;1;0;5;11;6;12;0;2;17;23;7.343588116177962;2;22;7.659724088851995;7;-5.032585141132115;3;6;4;12;2;3;0;3;5;17;6;2;11;22;0.6553455134787516;0;2;2;0;10;25;0;12;25;3;4;17;0;1;5;19;4;13;1;6;18;4;8;5;7;3.746056277809327
TRACK:14;4;9;6;2;1;3;4;5;1;2;6;5;12;6;4;23;-2.984599812694464;4;3;6;11;3;1;1;2;2;0;2;12;7;4.470267418986431;3;19;1;1;25;10;3;12;5;4;3;20;1.1111835709952107;0;5;4;4;21;0.09725600831221648;0;0;4;25;1;15;21;-5.296068650115535;3;0;20;-5.759894496157303;16;1;2;6;6;2;10;7;9.943590620202272;6;2;4;12;3;8;5;5;3;6;23;7.881597015613789;6;1;6;1;6;5;1;2;16;22;8.574948275305786;2;19;9;4;3;2;0;24;12;3;25;2;2;1;1;5;3;23;2.245224886766639;3;4;12;6;5;5;24;1;2;0;5;17;4;18;5;4;14;1;5;1;24;20;7.337434257486006;5;5;24;6;6;3;1;0;20;5.324096622276201;13;0;20;-9.219556274613506;21;-3.9433415675650547
TRACK:15;4;9;1;2;6;1;2;5;0;3;4;4;25;4;3;1;8;9;2;6;6;4;3;17;2;1;6;2;18;7;3.5228825611996495;4;3;7;1.3148694180032034;2;6;5;12;6;2;19;9;4;4;5;3;4;2;21;8.24772233220132;21;-1.9113830722890874;3;6;3;6;5;5;5;5;21;2.970980681343576;5;5;4;0;1;4;5;6;0;23;9.649455451473315;9;3;0;6;0;10;23;6.970669534347628;2;2;18;21;1.5498005403086346;3;23;-5.041012822695958;6;5;4;5;2;12;21;-6.960626994994536
TRACK:16;3;2;4;1;3;5;2;4;1;5;3;2;24;10;0;6;4;17;1;0;19;9;5;22;-7.62975071277647;6;1;1;3;4;18;0;5;18;5;20;-2.9816156354807717;5;0;1;17;8;4;17;4;5;5;5;0;0;2;5;14;2;19;8;4;4;7;3.746056277809327;1;4;0;19;7;3.9275169441683353;4;2;20;2.31521386465449;22;4.238491789315953
TRACK:17;3;2;3;2;1;5;4;6;1;3;3;4;23;8.776868184220028;1;17;6;0;22;1.4732763329787435;15;5;3;0;0;0;2;3;9;3;8;5;5;7;-5.865911246557749;0;0;1;9;15;4;19;2;2;8;7;0.27639591876486946;2;17;16;2;1;6;2;14;15;4;4;25;1;5;5;14;4;5;19;0;0;0;5;4;0;1;5;11;0;10;8;6;0;21;-7.764013924383677;22;8.021119822980037;6;0;4;5;6;11;5;1;2;22;7.96336029676803;12;2;7;-1.06748086910439;16;1;5;5;4;5;6;25;1;5;6;2;4;19;2;8;12;4;4;5;2;24;7;7.75869826608535;1;2;1;0;3;5;3;8;4;2;1;24;8;4;17;0;0;4;1;20;-8.050513760080563;19;6;0;18;20;-9.399501037894344;0;6;3;18;5;5;7;-5.911158253709241;2;6;4;6;2;21;2.2856639257123277;11;4;4;5;5;25;1;6;4;6;2;2;22;-3.960708720543222;16;1;18;11;4;5;3;0;2;18;18;1;24;23;-0.02386083831450847
TRACK:18;6;1;3;1;1;4;3;1;1;5;0;6;15;2;20;1.7224974763093641;20;7.177099101969013;0;6;12;6;5;21;-7.862144299204303;2;1;1;4;7;-7.325792350559537;6;24;1;3;12;1;9;13;6;1;1;18;10;2;25;21;9.92730155650895;3;6;4;1;0;2;2;8;12;1;12;12;4;4;10;5;3;1;21;-5.38438680582463;25;3;2;3;4;2;5;6;2;9;25;4;3;4;9;1;3;0;2;0;5;20;3.464618466817333;2;17;20;-3.3978690850992965;0;5;14;2;19;15;4;3;6;11;1;1;3;4;3;10;5;1;1;20;9.915510388428196;13;4;20;-0.382656399841661;5;3;5;2;22;5.099092897541018;15
TRACK:19;6;1;1;5;4;6;1;4;1;1;0;5;11;6;12;0;2;17;23;7.343588116177962;2;22;7.659724088851995;7;-5.032585141132115;3;6;4;12;2;3;0;3;5;17;6;2;11;22;0.6553455134787516;0;2;2;0;10;25;0;12;25;3;4;17;0;1;5;19;4;13;1;6;18;4;8;5;4;1;3;3;1;6;5;1;16;17;4;0;0;15;14;2;21;-7.427170659245787;20;9.57956403425339;4;1;3;6;1;0;9;11;1;12;22;5.103085833209297;5;2;0;1;25;16;1;9;9;4;0;21;-9.080057985711424;20;-6.565205663428026
TRACK:20;10;-1;3;2;1;5;4;6;1;3;3;4;23;8.947651624388245;1;4;4;19;6;0;22;1.414932201352597;15;5;3;0;1;9;12;2;1;6;2;14;15;4;4;25;1;5;5;14;4;5;19;0;0;0;5;4;0;1;5;11;0;10;8;6;0;21;-7.527001785073652;22;8.007289914801454;6;0;4;5;6;11;5;1;2;22;7.8954071886344925;12;2;7;-0.9572280506415777;16;1;5;5;4;5;6;25;1;5;6;2;4;19;2;8;12;4;4;5;2;24;7;7.776402720005243;1;2;1;0;3;5;3;8;4;2;1;24;8;4;17;0;0;4;1;20;-7.970232148740916;19;6;0;18;20;-9.54631382611561;0;6;3;18;5;5;7;-5.939586915369312;2;6;4;6;2;21;2.2019538800452456;11;4;4;5;5;25;1;6;4;6;2;2;22;-4.042605398606319;16;1;18;10;4;5;3;0;2;18;18;1;24;23;-0.2171892223082256
TRACK:21;12;-1;4;1;3;5;2;4;1;5;3;2;23;-2.2452045091650508;10;0;6;4;17;1;0;19;9;5;22;-7.675784455233353;6;1;1;3;4;18;0;5;9;5;20;-3.0023586977939303;5;0;1;17;17;4;17;4;5;5;5;0;0;2;5;14;2;19;8;4;4;7;3.8957412235764535;1;4;0;19;7;3.833103537044716;4;2;20;2.2345637820316946;22;4.1996835470886325
TRACK:22;14;-1;6;2;1;3;4;5;1;2;6;5;12;6;4;23;-2.936708800309963;4;3;6;11;3;1;1;2;2;0;2;12;7;4.335544604894309;3;19;1;1;25;10;3;12;5;4;3;20;1.0523629889616366;0;5;4;4;21;0.1472821875835271;0;0;4;25;1;15;21;-5.328599297292441;3;0;20;-5.845133462655801;16;1;2;6;6;2;10;7;9.749420149331929;6;2;4;12;3;8;5;5;3;6;23;7.861729006849137;6;1;6;1;6;5;1;2;16;22;8.543751453145953;2;19;9;4;3;2;0;24;12;3;25;2;2;1;1;5;3;23;2.1695922878040985;3;4;12;6;5;5;24;1;2;0;5;17;4;18;5;4;14;1;5;1;24;20;7.300164452578642;5;5;24;6;6;3;1;0;20;5.436444471457813;13;0;16;21;-3.827598765948118
TRACK:23;16;-1;4;1;3;5;2;4;1;5;3;2;24;10;0;6;4;17;1;0;19;9;5;22;-7.543889495152642;6;1;1;3;4;18;0;5;18;5;20;-2.9881742002314526;5;0;1;17;8;4;17;4;5;5;5;0;0;2;5;14;2;10;8;4;4;7;3.6495198261918986;1;4;0;19;7;3.9022802470079045;4;2;20;2.311074691124877;22;3.983813524514869
TRACK:24;18;-1;3;1;1;4;3;1;1;5;0;6;15;2;20;1.7212994288236498;20;7.21525934039225;0;6;12;6;5;21;-7.8267718941688775;2;1;1;4;7;-7.17643549359098;6;24;1;3;12;1;9;13;0;5;4;18;6;5;23;-2.8345169134391;3;6;4;1;0;2;2;8;12;1;12;12;4;4;10;5;3;1;21;-5.42446979076832;25;3;2;3;4;2;5;6;2;9;25;4;3;4;9;1;3;0;2;0;5;20;3.3986995717787365;2;17;20;-3.538438667460693;0;5;14;2;19;15;4;3;6;11;1;1;3;4;3;10;5;1;1;20;10.0;13;4;20;-0.3687877470704238;5;3;5;2;22;5.041732100979814;15
TRACK:25;11;-1;0;3;6;5;4;4;3;0;0;3;9;5;7;-6.17900232566953;6;6;14;2;2;3;6;3;3;3;2;6;12;6;15;6;4;0;1;6;4;0;22;6.321232848557002;10;3;5;2;24;22;-9.172765407685311;2;6;3;4;25;3;1;1;20;-7.558355353676888;22;-6.006007541998867;4;19;0;6;2;3;1;3;5;5;23;-5.064028129430004;5;3;2;25;10;2;4;4;0;3;13;5;15;4;2;5;0;24;25;0;5;8;6;21;-6.526692582555967;3;3;2;0;5;5;5;24;0;1;6;23;-1.9827006208716769;1;7;-8.765472974682144;19;5;0;12;14;1;0;3;6;25;2;5;13;2;7;5.841927815444975;17;4;1;4;7;-6.842190851461858;1;15;11
TRACK:26;13;-1;1;5;4;6;1;4;1;1;0;5;11;6;12;0;2;17;23;7.453140498429367;2;22;7.678980927246825;7;-5.095300475604406;3;6;4;12;2;3;0;3;5;17;6;2;11;22;0.5668018016173394;0;2;2;0;10;25;0;12;25;3;4;17;0;1;5;19;4;13;1;6;18;4;8;5;7;3.7895070979324865
TRACK:27;15;-1;1;2;6;1;2;5;0;3;4;4;25;4;3;1;8;9;2;6;6;4;3;17;2;1;6;2;18;7;3.4198935202107386;4;3;7;1.2910330188271835;2;6;5;12;6;2;19;9;4;4;5;3;4;2;21;8.412875419196792;21;-1.9604700424828099;3;6;3;6;5;5;5;5;21;3.0421142336786966;5;5;4;0;1;4;5;6;0;23;9.585598844897401;9;3;0;6;1;21;-8.481364554971698;12;2;2;18;21;1.587224567970814;3;23;-5.007880867470712;6;5;4;5;2;12;21;-7.141831008655212
TRACK:28;17;-1;3;2;1;5;4;6;1;3;3;4;23;8.78068928181933;1;17;6;0;22;1.5463241002361894;15;5;3;0;0;0;2;3;9;3;8;5;5;7;-5.8712239424964645;0;0;1;9;15;4;19;2;2;8;7;0.13718948162506095;2;17;16;2;1;6;2;14;15;4;4;25;1;5;5;14;4;5;19;0;0;0;5;4;0;1;5;11;0;10;8;6;0;21;-7.7058238867727065;22;7.880038874142958;6;0;4;5;6;11;5;1;2;22;7.965921022600243;12;2;7;-1.2041102716456258;16;1;5;5;4;5;6;25;1;5;6;2;4;19;2;8;12;4;4;5;2;24;7;7.902152337144907;1;2;1;0;3;5;3;7;4.656228387751199;4;2;1;24;8;4;17;0;0;4;1;20;-7.978542878628266;19;6;0;18;20;-9.315500350016777;0;6;3;18;5;5;7;-5.932254434694464;2;6;4;6;2;21;2.3104113850951955;11;4;4;5;5;25;1;6;4;6;2;2;22;-3.9666506843206433;16;1;18;11;4;5;3;0;2;18;18;1;24;23;-0.16536227660930408
TRACK:29;19;-1;1;5;4;6;1;4;1;1;0;5;11;6;12;0;2;17;23;7.272756062220851;2;22;7.795205758077907;7;-4.860029967493645;3;6;4;12;2;3;0;3;5;17;5;6;7;8.941238296835078;0;2;2;0;10;25;0;12;25;3;4;17;0;1;5;19;4;13;1;6;18;4;8;5;4;1;3;3;1;6;5;1;16;17;4;0;0;15;14;2;21;-7.374003467886816;20;9.49056775225448;4;1;3;6;1;0;9;11;1;12;22;5.2021406572778215;5;2;0;1;25;16;1;9;9;4;0;21;-9.128623477085522;20;-6.576379166086606
EVAL_INSTANCE:1:0:20
EVAL_INSTANCE:1:1:21
EVAL_INSTANCE:1:2:22
EVAL_INSTANCE:1:3:23
EVAL_INSTANCE:1:4:24
EVAL_INSTANCE:1:5:25
EVAL_INSTANCE:1:6:26
EVAL_INSTANCE:1:7:27
EVAL_INSTANCE:1:8:28
EVAL_INSTANCE:1:9:29
RUN_RESULT:1:0:0:2000:----
RUN_RESULT:1:1:0:2000:----
RUN_RESULT:1:2:0:2000:----
RUN_RESULT:1:3:0:2000:----
RUN_RESULT:1:4:0:2000:----
RUN_RESULT:1:5:0:2000:----
RUN_RESULT:1:6:0:2000:----
RUN_RESULT:1:7:0:2000:----
RUN_RESULT:1:8:0:2000:----
RUN_RESULT:1:9:0:2000:----
     2 |       20 |  0.000000E+00 | -0.000000E+00
TRACK:30;0;7;1;1;0;3;0;6;1;2;1;4;21;-8.091695645771441;3;24;2;2;18;9;3;19;2;0;5;21;-7.2959812932800805;3;16;2;2;7;-4.493181850482875;20;0.7795200228939336;1;14;11;2;5;2;2;0;19;25;5;8;5;5;9;0;3;0;5;20;-5.020657470907446;3;24;4;0;5;16;6;13;6;1;1;6;5;4;2;21;2.7132108609914596;10;0;5;4;4;23;-5.613450788097989;0;6;4;24;2;5;13;4;7;-9.301745737281212;5;2;3;6;2;22;7.607318748444371;9;0;1;1;23;-1.5694153766874734;13;4;22;-8.592682090192676;2;9;2;18;8;6;2;5;0;3;0;5;3;22;-0.46800007632423757;4;6;15;1;3;5;6;13;0;2;3;10;0;23;-6.3481384793703155;22;-3.5331572321449496;6;4;12;5;6;5;3;2;2;14;7;-1.3035809828779996;3;22;6.2665076758869915;0;5;0;0;4;0;6;3;0;19;22;6.659200931465364;5;4;2;22;-3.76164374361805;10;2;3;5;3;0;12;9;5;4;1;0;20;-9.908004235067462;13;2;23;6.339456973303058;12;6;2;3;5;0;4;14;3;8;4;2;3;6;7;-1.2569761934032346;3;5;21;6.977437885021079;5;5;3;6;4;5;0;6;18;0;15;18
TRACK:31;0;7;3;2;6;2;6;1;1;5;3;0;22;-2.976818997446557;13;5;0;0;19;11;2;10;24;2;5;0;0;14;10;1;14;13;0;2;3;24;2;23;7.967019396695257;20;3.418830663647279;6;4;15;4;0;3;3;6;0;11;20;6.438428466161334;0;5;1;2;13;12;5;16;6;4;0;19;10;0;0;3;4;3;1;5;6;18;2;0;19;9;2;20;2.013526145735474;8;5;1;3;6;1;4;22;1.2733373695578294;3;22;-7.108224051687076;5;4;4;6;19;4;0;3;3;5;1;0;7;1.7220496612518055;14;1;17;24;1;3;5;1;4;9;2;24;11;4;1;1;2;8;16;3;22;-6.453663071411874;1;2;24;20;8.339831654716583;5;18
TRACK:32;4;2;6;2;1;3;4;5;1;0;4;5;9;5;1;17;20;-0.9469520391402249;4;3;6;11;3;1;1;2;2;0;2;12;7;4.470267418986431;3;19;1;1;25;10;3;12;5;4;3;20;1.1111835709952107;0;5;4;4;21;0.09725600831221648;0;0;4;25;1;15;21;-5.296068650115535;3;0;20;-5.759894496157303;16;1;2;6;6;2;10;7;9.943590620202272;6;2;4;12;3;8;5;5;3;6;23;7.881597015613789;6;1;6;1;6;5;1;2;16;22;8.574948275305786;2;19;9;4;3;2;0;24;12;3;25;2;2;1;5;5;25;6;5;5;24;1;2;0;5;17;4;18;5;4;14;1;5;1;24;20;7.337434257486006;5;5;24;6;6;3;1;0;20;5.324096622276201;13;0;20;-9.219556274613506;21;-3.9433415675650547
TRACK:33;4;2;3;2;1;5;4;6;1;3;3;4;23;8.776868184220028;1;4;4;19;6;0;22;1.4732763329787435;15;5;3;0;0;0;2;3;9;3;8;5;5;7;-5.865911246557749;0;0;1;9;15;4;19;2;2;8;7;0.27639591876486946;2;17;16;2;1;6;2;14;15;4;4;25;1;5;5;14;4;5;19;0;0;0;5;4;0;1;5;11;0;10;8;6;0;21;-7.764013924383677;22;8.021119822980037;6;0;4;5;6;11;5;1;2;22;7.96336029676803;12;2;7;-1.06748086910439;16;1;5;5;4;5;6;25;1;5;6;2;4;19;2;8;12;4;4;5;2;24;7;7.75869826608535;1;2;1;0;3;5;3;8;4;2;1;24;8;10;0;0;4;1;20;-8.050513760080563;19;6;0;18;20;-9.399501037894344;0;6;3;18;5;5;7;-5.911158253709241;2;6;4;6;2;21;2.2856639257123277;11;4;4;5;5;25;1;6;4;6;2;2;22;-3.960708720543222;16;1;18;11;4;5;3;0;2;18;18;1;24;23;-0.02386083831450847
TRACK:34;8;0;0;3;6;5;4;4;3;0;0;3;9;5;7;-6.257266748787929;4;2;21;-2.776360549348449;22;2.9448832533837894;2;2;3;6;5;4;2;21;2.7132108609914596;10;6;4;0;1;6;4;0;22;6.408406580541655;10;3;5;2;24;22;-9.295455763989962;2;6;3;4;25;3;1;1;20;-7.537833144229753;22;-5.970774001428318;4;19;0;6;2;3;1;3;5;5;23;-5.124010727406228;5;3;2;25;10;2;4;4;0;3;13;5;15;4;2;5;0;24;25;0;5;8;6;21;-6.771852628930652;3;3;2;0;5;5;5;24;0;1;6;23;-2.0240113589058195;1;7;-8.8446594628528;19;5;0;12;14;1;0;3;6;25;2;5;13;2;7;5.8269146595156585;17;4;1;4;7;-6.8856396711382795;1;15;11
TRACK:35;8;0;1;1;0;3;0;6;1;2;1;4;21;-8.091695645771441;3;24;2;2;18;9;3;19;2;0;5;21;-7.2959812932800805;3;16;2;2;7;-4.493181850482875;20;0.7795200228939336;1;14;11;2;5;2;2;0;19;25;5;8;5;5;9;0;3;0;5;20;-5.020657470907446;3;24;4;0;5;16;6;13;6;1;1;6;5;4;2;21;2.7132108609914596;10;0;5;4;4;23;-5.613450788097989;0;6;4;24;2;5;13;4;7;-9.301745737281212;5;2;3;6;2;22;7.607318748444371;9;0;1;1;23;-1.5694153766874734;13;4;22;-8.592682090192676;2;4;13;2;18;8;6;2;5;0;3;0;5;3;22;-0.46800007632423757;4;6;15;1;3;5;6;13;0;2;3;10;0;23;-6.3481384793703155;22;-3.5331572321449496;6;4;12;5;6;5;3;2;2;14;7;-1.3035809828779996;3;22;6.2665076758869915;0;5;0;0;4;0;6;3;0;19;13;5;4;2;22;-3.76164374361805;10;2;3;5;3;0;12;9;5;4;1;0;20;-9.908004235067462;13;2;23;6.339456973303058;12;6;2;3;5;0;4;14;3;8;4;2;3;6;7;-1.2569761934032346;3;5;21;6.977437885021079;5;5;3;6;4;5;0;6;18;0;15;18
TRACK:36;4;6;6;2;1;3;4;5;1;0;4;5;9;5;1;17;20;-0.9469520391402249;4;3;6;11;3;1;1;2;2;0;2;12;7;4.470267418986431;3;19;1;1;25;10;3;12;5;4;3;20;1.1111835709952107;0;5;4;4;21;0.09725600831221648;0;0;4;25;1;15;21;-5.296068650115535;3;0;20;-5.759894496157303;16;1;2;6;6;2;10;7;9.943590620202272;6;2;4;12;3;8;5;5;3;6;23;7.881597015613789;6;1;6;1;6;5;12;4;3;2;0;24;12;3;25;2;2;1;1;5;3;23;2.245224886766639;3;4;12;6;5;5;24;1;2;0;5;17;4;18;5;4;14;1;5;1;24;20;7.337434257486006;5;5;24;6;6;3;1;0;20;5.324096622276201;13;0;20;-9.219556274613506;21;-3.9433415675650547
TRACK:37;4;6;3;1;1;4;3;1;1;5;0;6;15;2;20;1.7224974763093641;20;7.177099101969013;0;2;0;25;7;4.689855129983286;4;13;6;5;21;-7.862144299204303;2;1;1;4;7;-7.325792350559537;6;24;1;3;12;1;9;13;6;1;1;18;10;2;25;21;9.92730155650895;3;6;4;1;0;2;2;8;12;1;12;12;4;4;10;5;3;1;21;-5.38438680582463;25;3;2;3;4;2;5;6;2;9;25;4;3;4;9;1;3;0;2;0;5;20;3.464618466817333;2;17;20;-3.3978690850992965;0;5;14;2;19;15;4;3;6;11;1;1;3;4;3;10;5;1;1;20;9.915510388428196;13;4;20;-0.382656399841661;5;3;5;2;22;5.099092897541018;15
TRACK:38;1;7;1;5;4;6;1;4;11;2;3;0;3;5;17;6;2;11;22;0.6553455134787516;0;2;2;0;10;25;0;12;25;3;4;17;0;1;5;19;4;13;1;6;18;4;8;5;4;1;3;3;1;6;5;1;16;17;4;0;0;15;20;4.682158380378638;2;21;-7.427170659245787;20;9.57956403425339;4;1;3;6;1;0;9;11;1;12;22;5.103085833209297;5;2;0;1;25;16;1;9;9;4;0;21;-9.080057985711424;20;-6.565205663428026
TRACK:39;1;7;3;2;6;2;6;1;1;5;3;0;22;-2.976818997446557;13;5;0;0;19;11;2;10;24;2;5;0;0;14;10;1;14;13;0;2;3;24;2;23;7.967019396695257;20;3.418830663647279;6;4;15;4;0;3;3;6;0;11;20;6.438428466161334;0;5;1;2;13;12;5;16;6;4;0;19;10;0;0;3;4;3;1;5;6;18;2;0;19;9;2;20;2.013526145735474;12;5;1;3;6;1;4;22;1.2733373695578294;3;22;-7.108224051687076;5;4;4;6;19;4;0;3;3;5;1;0;7;1.7220496612518055;14;1;17;24;1;3;5;1;4;9;2;24;11;4;1;1;2;8;16;3;22;-6.453663071411874;1;2;24;20;8.339831654716583;5;18
TRACK:40;30;-1;1;1;0;3;0;6;1;2;1;4;21;-8.192900576085119;3;24;2;2;10;9;3;19;2;0;5;21;-7.381058310113639;3;16;2;2;7;-4.606667118287302;20;0.7655917761456413;1;14;11;2;5;2;2;0;19;25;5;8;5;5;9;0;3;0;5;20;-5.030800983691319;3;24;4;0;5;16;6;13;6;1;1;6;5;4;2;21;2.6034738972989286;10;0;5;4;4;23;-5.507012352474219;0;6;4;24;2;5;13;4;7;-9.277357110995348;5;2;3;6;2;22;7.663611209875734;9;0;1;1;23;-1.6730766668760848;13;4;22;-8.548859939082934;2;9;2;18;8;6;2;5;0;3;0;5;3;22;-0.442218318142404;4;6;15;1;3;5;6;13;0;2;3;10;0;23;-6.2832257245865755;22;-3.479306692391795;6;4;12;5;6;5;3;2;2;14;7;-1.238328447657985;3;22;6.252601041079241;0;5;0;0;4;0;6;3;0;19;22;6.513759720789314;5;4;2;22;-3.7086529990434327;10;2;3;5;3;0;12;9;5;4;1;0;20;-10.0;13;2;23;6.326579028137808;12;6;2;3;5;0;4;14;3;8;4;2;3;6;7;-1.2621439103643952;3;5;21;6.972976092495634;5;5;3;6;4;5;0;6;18;0;15;18
TRACK:41;32;-1;6;2;1;3;4;5;1;0;4;5;9;5;1;17;20;-0.8405491694792698;4;3;6;11;3;1;1;2;2;3;25;0;25;17;5;4;3;20;1.0305065188212232;0;5;4;4;21;0.23400095688236336;0;0;4;25;1;15;21;-5.2941461699417145;3;0;20;-5.7189807649959725;16;1;2;6;6;2;10;7;9.949479135753954;6;2;4;12;3;8;5;5;3;6;23;7.741501480453707;6;1;6;1;6;5;1;2;16;22;8.738509405258453;2;19;9;4;3;2;0;24;12;3;25;2;2;1;5;5;25;6;5;5;24;1;2;0;5;17;4;18;5;4;14;1;5;1;24;20;7.265020873153431;5;5;24;6;6;3;1;0;20;5.349805171767238;13;0;20;-9.171154839143147;21;-3.903976166522183
TRACK:42;34;-1;0;3;6;5;4;4;3;0;0;3;9;5;7;-6.304453554632213;4;2;21;-2.778181807033427;22;2.8872281739940617;2;2;3;6;5;4;2;21;2.754354215647048;10;6;4;0;1;6;4;0;22;6.370861978930975;10;3;5;2;24;22;-9.379010880503559;2;6;3;4;25;3;1;1;20;-7.674916359968088;22;-5.8752089287887115;4;19;0;6;2;3;1;3;5;5;23;-5.128153403940003;5;3;2;25;10;2;4;4;0;3;13;5;15;4;2;5;0;24;25;0;5;8;6;21;-6.620569565687825;3;3;2;0;5;5;5;24;0;1;6;23;-1.9855457827757825;1;7;-8.9134960988923;19;5;0;12;14;1;5;3;9;4;1;4;7;-6.853454927526629;1;15;11
TRACK:43;36;-1;6;2;1;3;4;5;1;0;2;10;14;5;1;17;20;-0.7496392070940556;4;3;6;11;3;1;1;2;2;0;2;12;7;4.460579508424796;3;19;1;1;25;10;3;12;5;4;3;20;1.1337994377916796;0;5;4;4;21;0.1673871492255642;0;0;4;25;1;15;21;-5.139056574506258;3;0;20;-5.827399531480189;16;1;2;6;6;2;10;7;10.0;6;2;4;12;3;8;5;5;3;6;23;7.922025765246433;6;1;6;1;6;5;12;4;3;2;0;24;12;3;25;2;2;1;1;5;3;23;2.2471210916952433;3;4;12;6;5;5;24;1;2;0;5;17;4;18;5;4;14;1;5;1;24;20;7.380868710028652;5;5;24;6;6;3;1;0;20;5.322468226598194;13;0;20;-9.089526215340443;21;-3.960486503776945
TRACK:44;38;-1;1;5;4;6;1;4;11;2;3;0;3;5;17;6;2;11;22;0.5123653867949066;0;2;2;0;10;25;0;12;25;3;4;17;0;1;5;19;4;13;1;6;18;4;8;5;4;1;3;3;1;6;5;1;16;17;4;0;0;15;20;4.712704319711657;2;21;-7.3783268284996675;20;9.59463467844283;4;1;3;6;1;0;9;11;1;12;22;5.149878319773845;5;2;0;1;25;16;1;23;0.25744804111730524;9;4;0;21;-9.21663195494876;20;-6.631804898124001
TRACK:45;31;-1;3;2;6;2;6;1;1;5;3;0;22;-2.9566889462763295;13;5;0;0;19;11;2;10;24;2;5;0;0;14;10;1;14;13;0;2;3;24;2;23;7.8857815703251255;20;3.382148704821062;6;4;15;4;0;3;3;6;0;11;20;6.257348087518074;0;5;1;2;13;12;5;16;6;4;0;19;10;0;0;3;4;3;1;5;6;18;2;0;19;9;2;20;2.0743255226854083;8;5;1;3;6;1;4;22;1.2386916671285533;1;14;22;-1.517781583544064;5;4;4;6;19;4;0;3;3;5;1;0;7;1.7408552775053863;14;1;17;24;1;3;5;1;4;9;2;24;11;4;1;1;2;8;16;3;22;-6.307132405651218;1;2;24;20;8.369071456527791;5;18
TRACK:46;33;-1;3;2;1;5;4;6;1;3;3;4;23;8.660394561566516;1;4;0;11;13;6;0;22;1.4747632709136358;15;5;3;0;0;0;2;3;9;3;8;5;5;7;-5.901858808887261;0;0;1;9;15;4;19;2;2;8;7;0.22022504427458614;2;17;16;2;1;6;2;14;15;4;4;25;1;5;5;14;4;5;19;0;0;0;5;4;0;1;5;11;0;10;8;6;0;21;-7.810098478868661;22;7.968685302531649;6;0;4;5;6;11;5;1;2;22;7.848802836514746;12;2;7;-1.0887384435267855;16;1;5;5;4;5;6;25;1;5;6;2;4;19;2;8;12;4;4;5;2;24;7;7.732234233682982;1;2;1;0;3;5;3;8;4;2;1;24;8;10;0;0;4;1;20;-7.989888215152976;19;6;0;18;20;-9.412712557687955;0;6;3;18;5;5;7;-5.95918538051901;2;6;4;6;2;21;2.2878991747379;11;4;4;5;5;25;1;6;4;6;2;2;22;-4.01011179174141;16;1;18;11;4;5;3;0;2;18;18;1;24;23;0.02402005210855343
TRACK:47;35;-1;1;1;0;3;0;6;1;2;1;4;21;-8.013101103281475;3;24;2;2;18;9;3;19;2;0;5;21;-7.073829188284943;3;16;2;2;7;-4.520038347606171;20;0.7359071750810202;1;14;11;2;5;2;2;0;19;25;5;8;5;5;9;0;3;0;5;20;-5.008947063823388;3;24;4;0;5;16;6;13;6;1;1;6;5;4;2;21;2.6342925915897735;10;0;5;4;4;23;-5.738927206387388;0;6;4;24;2;5;13;4;7;-9.341902674903304;5;2;3;6;2;22;7.526430653650411;9;0;1;1;23;-1.455334707284467;13;4;22;-8.494777905067314;2;4;13;2;18;8;6;2;5;0;3;0;5;3;22;-0.3659064886329949;4;6;15;1;3;5;6;13;0;2;3;10;0;23;-6.377716183440887;22;-3.670527753408319;6;4;12;5;6;5;3;2;2;14;7;-1.3163987177770842;3;22;6.1895896616384425;0;3;10;5;5;3;6;4;5;0;6;18;0;15;18
TRACK:48;37;-1;3;1;1;4;3;1;1;5;0;6;15;2;20;1.668840644122833;20;7.334804858497432;0;2;0;25;7;4.794124463528199;3;8;6;5;21;-7.748821052907777;2;1;1;4;7;-7.3145484556733615;6;24;1;3;12;1;9;13;6;1;1;18;10;2;25;21;9.695539391333801;3;6;4;1;0;2;2;8;12;1;12;12;4;4;10;5;3;1;21;-5.303412548723025;25;3;2;3;4;2;5;6;2;9;25;4;3;4;9;1;3;0;2;0;5;20;3.408232059269301;2;17;20;-3.4685777603938703;0;5;14;2;19;15;4;3;6;11;1;1;3;4;3;10;5;1;1;20;9.837388769930806;13;4;20;-0.48708126959766485;5;3;5;2;22;5.111280164525878;15
TRACK:49;39;-1;3;2;6;2;6;1;1;5;3;0;22;-2.9977344399699213;13;5;0;0;19;11;2;10;24;2;5;0;0;14;10;1;14;13;0;2;3;24;2;23;7.67330487644;20;3.47576413830595;6;4;15;4;0;3;3;6;0;11;20;6.412600006419449;0;5;1;2;13;12;5;16;6;4;0;19;10;0;0;3;4;3;1;5;6;18;2;0;19;9;2;20;2.0201397826542613;12;5;1;3;6;1;4;22;1.2176793036965627;3;22;-7.136038416457581;5;4;4;6;19;4;0;3;3;5;1;0;7;1.9458326935418417;14;1;17;24;1;3;5;1;4;9;2;24;11;4;1;1;2;8;16;3;22;-6.635275547975494;1;2;24;20;8.493118464791761;5;9
EVAL_INSTANCE:2:0:40
EVAL_INSTANCE:2:1:41
EVAL_INSTANCE:2:2:42
EVAL_INSTANCE:2:3:43
EVAL_INSTANCE:2:4:44
EVAL_INSTANCE:2:5:45
EVAL_INSTANCE:2:6:46
EVAL_INSTANCE:2:7:47
EVAL_INSTANCE:2:8:48
EVAL_INSTANCE:2:9:49
RUN_RESULT:2:0:0:2000:----
RUN_RESULT:2:1:0:2000:----
RUN_RESULT:2:2:0:2000:----
RUN_RESULT:2:3:0:2000:----
RUN_RESULT:2:4:0:2000:----
RUN_RESULT:2:5:0:2000:----
RUN_RESULT:2:6:0:2000:----
RUN_RESULT:2:7:0:2000:----
RUN_RESULT:2:8:0:2000:----
RUN_RESULT:2:9:0:2000:----
     3 |       30 |  0.000000E+00 | -0.000000E+00
TRACK:50;0;5;1;1;0;3;0;6;1;2;1;4;21;-8.091695645771441;3;24;2;2;18;9;3;19;2;0;5;21;-7.2959812932800805;3;16;2;2;7;-4.493181850482875;20;0.7795200228939336;1;14;11;2;5;2;2;0;19;25;5;8;5;5;9;0;3;0;5;20;-5.020657470907446;3;24;4;0;5;16;6;13;6;1;1;6;5;4;2;21;2.7132108609914596;10;0;5;4;4;23;-5.613450788097989;0;6;4;24;2;5;13;4;7;-9.301745737281212;5;2;3;6;2;22;7.607318748444371;9;0;1;1;23;-1.5694153766874734;13;4;22;-8.592682090192676;2;4;13;2;18;8;6;2;5;0;3;0;5;3;22;-0.46800007632423757;4;6;15;1;3;5;6;13;0;2;3;10;0;23;-6.3481384793703155;22;-3.5331572321449496;6;4;12;5;6;5;3;2;13;3;22;6.2665076758869915;0;5;0;0;4;0;6;3;0;19;22;6.659200931465364;5;4;2;22;-3.76164374361805;10;2;3;5;3;0;12;9;5;4;1;0;20;-9.908004235067462;13;2;23;6.339456973303058;12;6;2;3;5;0;4;14;3;8;4;2;3;6;7;-1.2569761934032346;3;5;21;6.977437885021079;5;5;3;6;4;5;0;6;18;0;15;18
TRACK:51;0;5;1;6;6;1;3;6;4;4;4;0;24;14;4;4;0;0;2;5;9;6;20;-8.726255855688649;2;5;14;6;7;-9.95321655497277;4;6;1;10;24;4;2;5;3;6;0;1;6;6;21;4.012117523453231;0;2;7;-4.5988989645168825;24;6;18;3;2;0;10;10;0;19;25;3;6;0;0;0;0;0;16;18;18;1;1;13;19;2;19;25;2;4;3;22;-6.567802755968186;4;3;9;2;5;0;3;19;3;21;-2.206724557577269;5;2;3;21;-5.471633268653154;3;15
TRACK:52;4;9;6;2;1;3;4;5;1;0;4;5;9;5;1;17;20;-0.9469520391402249;4;3;6;11;3;1;1;2;2;0;2;12;7;4.470267418986431;3;19;1;1;25;10;3;12;5;4;3;20;1.1111835709952107;0;5;4;4;21;0.09725600831221648;0;0;4;25;1;15;21;-5.296068650115535;3;0;20;-5.759894496157303;16;1;2;6;6;2;10;7;9.943590620202272;6;2;4;12;3;8;5;5;3;6;23;7.881597015613789;6;1;6;1;6;5;1;2;16;22;8.574948275305786;2;19;9;4;3;2;0;24;12;3;25;2;2;6;5;12;6;4;23;-2.984599812694464;6;6;3;1;0;20;5.324096622276201;13;0;20;-9.219556274613506;21;-3.9433415675650547
TRACK:53;4;9;1;2;6;1;2;5;0;3;4;4;25;4;3;1;8;9;2;6;6;1;15;21;-5.296068650115535;2;1;6;2;18;7;3.5228825611996495;4;3;7;1.3148694180032034;2;6;5;12;6;4;23;-2.984599812694464;4;4;5;3;4;2;21;8.24772233220132;21;-1.9113830722890874;3;6;3;6;5;5;5;5;21;2.970980681343576;5;5;4;0;1;4;5;6;0;23;9.649455451473315;9;3;0;6;0;10;23;6.970669534347628;2;2;18;21;1.5498005403086346;3;23;-5.041012822695958;6;5;4;5;2;12;21;-6.960626994994536
TRACK:54;8;1;0;3;6;5;4;4;3;0;0;3;9;5;16;4;2;21;-2.776360549348449;22;2.9448832533837894;2;2;3;6;3;3;3;2;6;10;6;15;6;4;0;1;6;4;0;22;6.408406580541655;10;3;5;2;24;22;-9.295455763989962;2;6;3;4;25;3;1;1;20;-7.537833144229753;22;-5.970774001428318;4;19;0;6;2;3;1;3;5;5;23;-5.124010727406228;5;3;2;25;10;2;4;4;0;3;13;5;15;4;2;5;0;24;25;0;5;8;6;21;-6.771852628930652;3;3;2;0;5;5;5;24;0;1;6;23;-2.0240113589058195;1;7;-8.8446594628528;19;5;0;12;14;1;0;3;6;25;2;5;13;2;7;5.8269146595156585;17;4;1;4;7;-6.8856396711382795;1;15;11
TRACK:55;8;1;1;5;4;6;1;4;1;1;0;5;11;6;23;-5.124010727406228;0;2;17;23;7.343588116177962;2;22;7.659724088851995;7;-5.032585141132115;3;6;4;12;2;3;0;3;5;17;6;2;11;22;0.6553455134787516;0;2;2;0;10;25;0;12;25;3;4;17;0;1;5;19;4;13;1;6;18;4;8;5;4;1;3;3;1;6;5;1;16;17;4;0;0;15;20;4.682158380378638;2;21;-7.427170659245787;20;9.57956403425339;4;1;3;6;1;0;9;11;1;12;22;5.103085833209297;5;2;0;1;25;16;1;9;9;4;0;21;-9.080057985711424;20;-6.565205663428026
TRACK:56;2;4;3;2;1;5;4;6;1;3;3;4;23;8.776868184220028;1;4;4;19;6;0;22;1.4732763329787435;15;5;3;0;0;0;2;3;9;6;23;7.881597015613789;5;5;7;-5.865911246557749;0;0;1;9;15;4;19;2;2;8;7;0.27639591876486946;2;17;16;2;1;6;2;14;15;4;4;25;1;5;5;14;4;5;19;0;0;0;5;4;0;1;5;11;0;10;8;6;0;21;-7.764013924383677;22;8.021119822980037;6;0;4;5;6;11;5;1;2;22;7.96336029676803;12;2;7;-1.06748086910439;16;1;5;5;4;5;6;25;1;5;6;2;4;19;2;8;12;4;4;5;2;24;7;7.75869826608535;1;2;1;0;3;5;3;8;4;2;1;24;8;4;17;0;0;4;1;20;-8.050513760080563;19;6;0;18;20;-9.399501037894344;0;6;3;18;5;5;7;-5.911158253709241;2;6;4;6;2;21;2.2856639257123277;11;4;4;5;5;25;1;6;4;6;2;2;22;-3.960708720543222;16;1;18;11;4;5;3;0;2;18;18;1;24;23;-0.02386083831450847
TRACK:57;2;4;6;2;1;3;4;5;1;0;4;5;9;5;1;17;20;-0.9469520391402249;4;3;6;11;3;1;1;2;2;0;2;12;7;4.470267418986431;3;19;1;1;25;10;3;12;5;4;3;20;1.1111835709952107;0;5;4;4;21;0.09725600831221648;0;0;4;25;1;15;21;-5.296068650115535;3;0;20;-5.759894496157303;16;1;2;6;6;2;10;7;9.943590620202272;6;2;4;12;3;8;5;5;3;6;23;7.881597015613789;6;1;6;1;6;5;1;2;16;22;8.574948275305786;2;19;9;4;3;2;0;24;12;3;25;2;2;1;1;5;3;23;2.245224886766639;3;4;12;6;5;5;24;1;2;0;5;17;4;18;5;4;14;1;5;1;24;20;7.337434257486006;5;5;24;6;2;24;7;7.75869826608535
TRACK:58;6;5;3;1;1;4;3;1;1;5;0;6;15;2;20;1.7224974763093641;20;7.177099101969013;0;2;0;25;7;4.689855129983286;4;16;6;5;21;-7.862144299204303;2;1;1;4;7;-7.325792350559537;6;24;1;3;12;1;9;13;6;1;1;18;10;2;25;21;9.92730155650895;3;6;4;1;0;2;2;8;12;1;12;12;4;4;10;5;3;1;21;-5.38438680582463;25;3;2;3;4;2;5;6;2;9;25;4;3;4;9;1;3;0;2;0;5;20;3.464618466817333;2;22;-6.567802755968186;20;-3.3978690850992965;0;5;14;2;19;15;4;3;6;11;1;1;3;4;3;10;5;1;1;20;9.915510388428196;13;4;20;-0.382656399841661;5;3;5;2;22;5.099092897541018;15
TRACK:59;6;5;1;6;6;1;3;6;4;4;4;0;24;14;4;4;0;0;2;5;9;6;20;-8.726255855688649;2;5;14;6;7;-9.95321655497277;4;6;1;10;24;4;2;5;3;6;0;1;6;6;21;4.012117523453231;0;2;7;-4.5988989645168825;24;6;18;3;2;0;10;10;0;19;25;3;6;0;2;20;1.7224974763093641;20;7.177099101969013;2;5;0;3;19;3;21;-2.206724557577269;5;2;3;21;-5.471633268653154;3;15
TRACK:60;50;-1;1;1;0;3;0;6;1;2;1;4;21;-8.190073424728311;3;24;2;2;18;9;3;19;2;0;5;21;-7.287590057783652;3;16;2;2;7;-4.389249735273321;20;0.7434223431141762;1;14;11;2;5;2;2;0;19;25;5;8;5;5;9;0;3;0;5;20;-5.043913474023973;3;24;4;0;5;16;6;13;6;1;1;6;5;4;2;21;2.638174581839819;10;0;5;4;4;23;-5.571253992905052;0;6;4;24;2;5;13;4;7;-9.295919025871937;5;2;3;6;2;22;7.486840192369916;9;0;1;1;23;-1.5684117636003323;13;4;22;-8.778945929955167;2;4;13;2;18;8;6;2;5;0;3;0;5;3;22;-0.4819683088490299;4;6;15;1;3;5;6;13;5;1;10;9;5;6;5;3;2;13;3;22;6.259539923211105;0;5;0;0;4;0;6;3;0;19;22;6.623674192225558;5;4;2;22;-3.76456219193796;10;2;3;5;3;0;12;9;5;4;1;0;20;-9.947777468305425;13;2;23;6.564240938882976;12;6;2;3;5;0;4;14;3;8;4;2;3;6;7;-1.1781546568084493;3;5;21;6.9590174759169425;5;5;3;6;4;5;0;6;18;0;15;18
TRACK:61;52;-1;6;2;1;3;4;5;1;0;4;5;9;5;1;17;20;-1.0074715124782183;4;3;6;11;3;1;1;2;2;0;2;12;7;4.570452568796153;3;19;1;1;25;10;3;12;5;4;3;20;1.1678291818089679;0;5;4;4;21;-0.038004841629833724;0;0;4;25;1;15;21;-5.392085317057951;3;0;20;-5.7181877737787214;16;1;2;6;6;2;10;7;10.0;6;2;4;12;3;8;5;5;3;6;23;7.960615127736979;6;1;6;1;6;5;6;2;7;7.921768995697484;23;7.748000269593394;4;3;2;0;24;12;3;25;2;2;6;5;12;6;4;23;-2.809598915958139;6;6;3;1;0;20;5.183171258908065;13;0;20;-9.274744511454063;21;-3.876849635460558
TRACK:62;54;-1;0;3;6;5;4;4;3;0;0;3;9;6;23;-8.605597270499173;4;2;21;-2.725837660224125;22;2.9671716565637545;2;2;3;6;3;3;3;2;6;10;6;15;6;4;0;1;6;4;0;22;6.357931195888608;10;3;5;2;24;22;-9.286577000902613;2;6;3;4;25;3;1;1;20;-7.532729662213571;22;-6.0457227592666625;4;19;0;6;2;3;1;3;5;5;23;-5.168199943563017;5;3;2;25;10;2;4;4;0;3;13;5;15;4;2;5;0;24;25;0;5;8;6;21;-6.801526317177248;3;3;2;0;5;5;5;24;0;1;6;23;-1.9464852888656896;1;7;-8.63812102474414;19;5;0;12;14;1;0;3;6;25;2;5;13;2;7;5.66031216411605;17;4;1;4;7;-7.083650427589352;1;15;11
TRACK:63;56;-1;3;2;1;5;4;6;1;3;3;4;23;8.82967105870382;1;4;4;19;6;0;22;1.1736429107149224;15;5;3;0;0;0;2;3;9;6;23;8.015365824977351;5;5;7;-6.08654766803896;0;0;1;9;15;4;19;2;2;8;7;0.3874763667385721;2;17;16;2;1;6;2;14;15;4;4;25;1;5;5;14;4;5;19;0;0;0;5;4;0;1;5;11;0;10;8;6;0;21;-7.877653955108507;22;8.00167298741671;6;0;4;5;6;11;5;1;2;22;8.206941463454779;12;2;7;-1.1326603400295414;16;1;5;5;4;5;6;25;1;5;6;2;4;19;2;8;12;4;4;5;2;24;18;1;2;1;0;3;5;3;8;4;2;1;24;8;4;17;0;0;4;1;20;-8.073781451589191;19;6;0;18;20;-9.4347295000774;0;6;3;18;5;5;7;-5.933099321064289;2;6;4;6;2;21;2.079344693544108;11;4;4;5;5;25;1;6;4;6;2;2;22;-4.032692048144752;16;1;18;11;4;5;3;0;2;18;18;1;24;23;0.030736322929906114
TRACK:64;6;-1;3;1;1;4;3;1;1;5;0;6;15;2;20;1.6181311744969373;20;7.077046870369098;0;2;0;25;7;4.734898531375153;4;16;6;5;21;-8.075533947273703;2;1;1;4;7;-7.132429436863617;6;24;1;3;12;1;9;13;6;1;1;18;10;2;25;21;9.939813975080458;3;6;4;1;0;2;2;8;12;1;12;12;4;4;10;5;3;1;21;-5.361631566858455;25;3;2;3;4;2;5;6;2;9;25;4;3;1;18;21;8.036968402868471;1;3;0;2;0;5;20;3.5594098715977966;2;17;20;-3.314774480151681;0;5;14;2;19;15;4;3;6;11;1;1;3;4;3;10;5;1;1;20;9.794353922068906;13;4;20;-0.4890415821894543;5;3;5;2;22;5.2187778329306145;15
TRACK:65;51;-1;1;6;6;1;3;6;4;4;4;0;24;14;4;4;0;0;2;5;9;6;20;-8.799509811639066;2;5;14;6;7;-9.913734768119305;4;6;1;10;24;4;2;5;3;6;0;1;6;6;21;3.9167338269454306;0;2;7;-4.475848360538578;24;6;18;3;2;0;10;10;0;19;25;3;6;0;0;0;0;0;16;18;18;1;2;25;10;2;19;25;2;4;3;22;-6.578357585637514;4;3;9;2;5;0;3;19;3;21;-2.231818106980804;5;2;3;21;-5.479521258091382;3;15
TRACK:66;53;-1;1;2;6;1;2;5;6;3;5;4;13;2;6;6;1;15;21;-5.233559731867049;2;1;6;2;18;7;3.4191008936884533;4;3;7;1.3395582427271633;2;6;5;12;6;4;23;-3.2211655680125535;4;4;5;3;4;2;21;8.329514118805427;21;-1.8971676523532666;3;6;3;6;5;5;5;5;21;2.883336584760614;5;5;4;0;1;4;5;6;0;23;9.561160956093655;9;3;0;6;0;10;23;6.851866474423253;2;2;18;21;1.5210357611605265;3;23;-5.198906212729576;6;5;4;5;2;12;21;-6.844546953629061
TRACK:67;55;-1;1;5;4;6;1;4;1;1;0;5;11;6;23;-5.159164721025921;0;2;17;23;7.275546003058451;2;22;7.37627379976282;12;3;6;4;12;2;3;0;3;5;17;6;2;11;22;0.5967512507994901;0;2;2;0;10;25;0;12;25;3;4;17;0;1;5;19;4;13;1;6;18;4;8;5;4;1;3;3;1;6;5;1;16;17;4;0;0;15;20;4.821405235414897;2;21;-7.4081598676586795;20;9.69408960546124;4;1;3;6;1;0;9;11;1;12;22;5.1204651423923035;5;2;0;1;25;16;1;9;9;4;0;21;-9.000210870695915;20;-6.544813259888884
TRACK:68;57;-1;6;2;1;3;4;5;1;0;5;19;5;1;17;20;-0.9552759671341379;4;3;6;11;3;1;1;2;2;0;2;12;7;4.4262761281729714;3;19;1;1;25;10;3;12;5;4;3;20;1.2825407122645802;0;5;4;4;21;0.1986939640540652;0;0;4;25;1;15;21;-5.25202578493834;3;0;20;-5.720058690902101;16;1;2;6;6;2;10;7;10.0;6;2;4;12;3;8;5;5;3;6;23;8.062182531717722;6;1;6;1;6;5;1;2;16;22;8.681794964194973;2;19;9;4;3;2;0;24;12;3;25;2;2;1;1;5;3;23;2.2603631677745217;3;4;12;6;5;5;24;1;2;0;5;17;4;18;5;4;14;1;5;1;24;20;7.235178035127147;5;5;24;6;2;24;7;7.65414199719679
TRACK:69;5;-1;1;6;6;0;1;3;1;25;15;1;4;8;4;17;3;0;5;12;3;17;4;2;5;3;6;0;1;6;6;21;3.975491819163115;0;2;7;-4.793051151090348;24;6;18;3;2;0;10;10;0;19;25;3;6;0;0;0;0;0;16;18;6;18;1;1;13;19;2;19;25;2;4;3;22;-6.6567489008029055;4;3;9;2;5;0;3;19;3;21;-2.308218081895998;5;2;3;21;-5.417364156242028;3;15
EVAL_INSTANCE:3:0:60
EVAL_INSTANCE:3:1:61
EVAL_INSTANCE:3:2:62
EVAL_INSTANCE:3:3:63
EVAL_INSTANCE:3:4:64
EVAL_INSTANCE:3:5:65
EVAL_INSTANCE:3:6:66
EVAL_INSTANCE:3:7:67
EVAL_INSTANCE:3:8:68
EVAL_INSTANCE:3:9:69
RUN_RESULT:3:0:0:2000:----
RUN_RESULT:3:1:0:2000:----
RUN_RESULT:3:2:0:2000:----
RUN_RESULT:3:3:0:2000:----
RUN_RESULT:3:4:0:2000:----
RUN_RESULT:3:5:0:2000:----
RUN_RESULT:3:6:0:2000:----
RUN_RESULT:3:7:0:2000:----
RUN_RESULT:3:8:0:2000:----
RUN_RESULT:3:9:0:2000:----
     4 |       40 |  0.000000E+00 | -0.000000E+00
TRACK:70;7;5;3;2;6;2;6;1;1;5;3;0;22;-2.976818997446557;13;5;0;0;19;11;2;10;24;2;5;0;0;14;10;1;14;13;0;2;3;24;2;23;7.967019396695257;20;3.418830663647279;6;4;15;4;0;3;3;6;0;11;20;6.438428466161334;0;5;1;2;13;12;5;16;6;4;0;19;10;0;0;3;4;3;1;5;6;18;2;0;19;9;2;20;2.013526145735474;8;5;1;3;6;1;4;22;1.2733373695578294;3;22;-7.108224051687076;5;4;4;6;19;4;0;3;3;5;1;0;7;1.7220496612518055;14;1;17;24;1;3;5;10;4;1;1;2;8;16;3;22;-6.453663071411874;1;2;24;20;8.339831654716583;5;18
TRACK:71;7;5;1;6;6;1;3;6;4;4;4;0;24;14;4;4;0;0;2;5;9;6;20;-8.726255855688649;2;5;14;6;7;-9.95321655497277;4;6;1;10;24;4;2;5;3;6;0;1;6;6;21;4.012117523453231;0;2;7;-4.5988989645168825;24;6;18;3;2;0;10;10;0;19;25;3;8
TRACK:72;9;0;1;2;6;1;2;5;0;3;4;4;25;4;3;1;8;9;2;6;6;4;3;22;-3.5331572321449496;2;1;6;2;18;7;3.5228825611996495;4;3;7;1.3148694180032034;2;6;5;12;6;4;23;-2.984599812694464;4;4;5;3;4;2;21;8.24772233220132;21;-1.9113830722890874;3;6;3;6;5;5;5;5;21;2.970980681343576;5;5;4;0;1;4;5;6;0;23;9.649455451473315;9;3;0;6;0;10;23;6.970669534347628;2;2;18;21;1.5498005403086346;3;23;-5.041012822695958;6;5;4;5;2;12;21;-6.960626994994536
TRACK:73;9;0;1;1;0;2;18;21;1.5498005403086346;6;1;1;6;5;4;2;21;2.7132108609914596;10;0;5;4;4;23;-5.613450788097989;0;6;4;24;2;5;13;4;7;-9.301745737281212;5;2;3;6;2;22;7.607318748444371;9;0;1;1;23;-1.5694153766874734;13;4;22;-8.592682090192676;2;4;13;2;18;8;6;2;5;0;3;0;5;3;22;-0.46800007632423757;4;6;15;1;3;5;6;13;0;2;3;10;0;23;-6.3481384793703155;22;-3.5331572321449496;6;4;12;5;6;5;3;2;2;14;7;-1.3035809828779996;3;22;6.2665076758869915;0;5;0;0;4;0;6;3;0;19;22;6.659200931465364;5;4;2;22;-3.76164374361805;10;2;3;5;3;0;12;9;5;4;1;0;20;-9.908004235067462;13;2;23;6.339456973303058;12;6;2;3;5;0;4;14;3;8;4;2;3;6;7;-1.2569761934032346;3;5;21;6.977437885021079;5;5;3;6;4;5;0;6;18;0;15;18
TRACK:74;1;7;1;5;4;6;1;4;1;1;0;5;11;6;12;0;2;17;23;7.343588116177962;2;22;7.659724088851995;7;-5.032585141132115;3;6;4;12;2;3;0;3;5;17;6;2;11;22;-7.108224051687076;0;2;2;0;10;25;0;12;25;3;4;17;0;1;5;19;4;13;1;6;18;4;8;5;4;1;3;3;1;6;5;1;16;17;4;0;0;15;20;4.682158380378638;2;21;-7.427170659245787;20;9.57956403425339;4;1;3;6;1;0;9;11;1;12;22;5.103085833209297;5;2;0;1;25;16;1;9;9;4;0;21;-9.080057985711424;20;-6.565205663428026
TRACK:75;1;7;3;2;6;2;6;1;1;5;3;0;22;-2.976818997446557;13;5;0;0;19;11;2;10;24;2;5;0;0;14;10;1;14;13;0;2;3;24;2;23;7.967019396695257;20;3.418830663647279;6;4;15;4;0;3;3;6;0;11;20;6.438428466161334;0;5;1;2;13;12;5;16;6;4;0;19;10;0;0;3;4;3;1;5;6;18;2;0;19;9;2;20;2.013526145735474;8;5;1;3;6;1;4;22;1.2733373695578294;3;22;-7.108224051687076;5;4;4;6;19;4;0;3;6;1;0;9;11;1;12;22;5.103085833209297;1;3;5;1;4;9;2;24;11;4;1;1;2;8;16;3;22;-6.453663071411874;1;2;24;20;8.339831654716583;5;18
TRACK:76;8;5;0;3;6;5;4;4;3;0;0;3;9;5;7;-6.257266748787929;4;2;21;-2.776360549348449;22;2.9448832533837894;2;2;3;6;3;3;3;2;6;10;6;15;6;4;0;1;6;4;0;22;6.408406580541655;10;3;5;2;24;22;-9.295455763989962;2;6;3;4;25;3;1;1;20;-7.537833144229753;22;-5.970774001428318;4;19;0;6;2;3;1;3;5;5;23;-5.124010727406228;5;3;2;25;10;2;4;4;0;3;13;5;15;4;2;5;0;24;25;0;5;8;6;21;-6.771852628930652;3;3;2;0;5;5;5;24;0;1;6;7;-9.95321655497277;1;7;-8.8446594628528;19;5;0;12;14;1;0;3;6;25;2;5;13;2;7;5.8269146595156585;17;4;1;4;7;-6.8856396711382795;1;15;11
TRACK:77;8;5;1;6;6;1;3;6;4;4;4;0;24;14;4;4;0;0;2;5;9;6;20;-8.726255855688649;2;5;14;6;7;-9.95321655497277;4;6;1;10;24;4;2;5;3;6;0;1;6;6;21;4.012117523453231;0;2;7;-4.5988989645168825;24;6;18;3;2;0;10;10;0;7;-8.8446594628528;25;3;6;0;0;0;0;0;16;18;6;18;1;1;13;19;2;19;25;2;4;3;22;-6.567802755968186;4;3;9;2;5;0;3;19;3;21;-2.206724557577269;5;2;3;21;-5.471633268653154;3;15
TRACK:78;3;4;4;1;3;5;2;4;1;5;3;2;24;10;0;6;4;17;1;0;19;9;5;22;-7.62975071277647;6;1;3;6;11;5;0;1;17;8;4;17;4;5;5;5;0;0;2;5;14;2;19;8;4;4;7;3.746056277809327;1;4;0;19;7;3.9275169441683353;4;2;20;2.31521386465449;22;4.238491789315953
TRACK:79;3;4;6;2;1;3;4;5;1;0;4;5;9;5;1;17;20;-0.9469520391402249;4;3;6;11;3;1;1;2;2;0;2;12;7;4.470267418986431;3;19;1;1;25;10;3;12;5;4;3;20;1.1111835709952107;0;5;4;4;21;0.09725600831221648;0;0;4;25;1;15;21;-5.296068650115535;3;0;20;-5.759894496157303;16;1;2;6;6;2;10;7;9.943590620202272;6;2;4;12;3;8;5;5;3;6;23;7.881597015613789;6;1;6;1;6;5;1;2;16;22;8.574948275305786;2;19;9;4;3;2;0;24;12;3;25;2;2;2;5;14;2;19;8;1;2;0;5;17;4;18;5;4;14;1;5;1;24;20;7.337434257486006;5;5;24;6;6;3;1;0;20;5.324096622276201;13;0;20;-9.219556274613506;21;-3.9433415675650547
TRACK:80;70;-1;3;2;6;2;6;1;1;5;3;0;22;-2.8437584590936145;13;5;0;0;19;11;2;10;24;2;5;0;0;14;10;1;14;13;0;2;3;24;2;23;7.916915470859032;20;3.435969429668824;6;4;15;4;0;3;3;6;0;11;20;6.485101384050669;0;5;5;16;6;4;0;19;10;0;0;3;4;3;1;5;6;18;2;0;19;9;2;20;2.1109887443486253;8;5;1;3;6;1;4;22;1.1436828592449395;3;22;-6.976429842603397;5;4;4;6;19;4;0;3;3;5;1;0;7;1.4480818544008163;14;1;17;24;1;3;5;10;4;1;1;2;8;16;3;22;-6.439222480413947;1;2;24;20;8.29703559127642;5;18
TRACK:81;72;-1;1;2;6;1;2;5;0;3;4;4;25;4;3;1;8;9;2;6;6;4;3;22;-3.4828959206748524;2;1;6;2;18;7;3.4215951106618063;4;3;7;1.2168506431047963;2;6;5;12;6;4;23;-2.8641024407281335;4;4;5;3;4;3;13;3;6;3;6;5;5;5;5;21;3.0100637404796453;5;5;4;0;1;4;5;6;0;23;9.68694410248964;9;3;0;6;0;10;23;6.99646189068721;2;2;18;21;1.4438899211776826;3;23;-4.978180725391908;6;5;4;5;2;12;21;-6.9577984742482775
TRACK:82;74;-1;1;5;4;6;1;4;1;1;0;5;11;6;12;0;2;17;23;7.323849567780002;2;22;7.56613506195989;7;-5.121988182201498;3;6;4;12;2;3;4;2;4;25;1;8;12;0;5;6;2;17;8;5;2;3;14;2;13;15;5;4;1;3;3;1;6;5;1;16;17;4;0;0;15;20;4.652911929521519;2;21;-7.4716252174804785;20;9.549204132340877;4;1;3;6;1;0;9;11;1;12;22;5.2803062478689835;5;2;0;1;25;16;1;9;9;4;0;21;-8.98707256450659;20;-6.53627825696348
TRACK:83;8;-1;0;3;6;5;4;4;3;0;0;3;9;5;7;-6.200560954144549;4;2;21;-2.7632449756049704;22;2.8982771708328343;2;2;3;6;3;3;3;2;6;10;6;15;6;4;0;1;6;4;0;22;6.3978215165361485;10;3;4;1;24;20;0.9874813854013436;2;6;3;4;25;3;1;1;20;-7.464757149959673;22;-5.885457975451309;4;19;0;6;2;3;1;3;5;5;23;-5.056997207663348;5;3;2;25;10;2;4;4;0;3;13;5;15;4;2;5;0;24;25;0;5;8;6;21;-6.773359299858673;3;3;2;0;5;5;5;24;0;1;6;23;-2.046854500249049;1;7;-9.03524470679583;19;5;0;12;14;1;0;3;6;25;2;5;13;2;7;5.878455633312809;17;4;1;4;7;-6.862518807988007;1;15;11
TRACK:84;78;-1;4;1;3;5;2;4;1;5;3;2;24;10;0;6;4;17;1;0;19;9;5;22;-7.742856320566865;6;1;3;6;11;5;0;1;17;8;4;17;4;5;5;5;0;0;2;5;14;2;19;8;4;4;7;3.7514145505363325;1;2;1;18;25;4;21;3.1942867815914955;4;2;20;2.3126904980951375;22;4.355412681771531
TRACK:85;71;-1;1;6;6;1;3;6;4;4;4;0;24;14;4;4;0;0;2;5;9;6;20;-8.747022469344072;2;5;14;6;7;-9.951767171889722;4;6;1;10;24;4;2;5;3;6;0;2;0;17;11;6;20;6.962845618841687;3;2;0;10;10;0;19;25;3;8
TRACK:86;73;-1;1;1;0;2;18;21;1.5995064656570719;6;1;1;6;5;4;2;21;2.7359173397024135;10;0;5;4;4;23;-5.381481489102943;0;6;4;24;2;5;13;4;7;-9.233628798560567;5;2;3;6;2;22;7.509032359479424;9;0;1;1;23;-1.4372570077320828;13;4;22;-8.588055492598164;2;4;13;2;18;8;6;2;5;0;3;0;5;3;22;-0.47180242463110494;4;6;15;1;3;5;6;13;0;2;3;10;0;23;-6.391267416568364;22;-3.4692921046057;6;4;12;5;6;5;3;2;2;14;7;-1.2723929994578353;3;22;6.1744300563708565;0;5;0;0;4;0;6;3;0;19;22;6.537459277886414;5;4;2;22;-3.6529669581093898;10;2;3;5;3;0;12;9;5;4;1;0;20;-10.0;13;2;23;6.30744144168794;12;6;2;3;5;0;4;14;3;8;4;2;3;6;7;-1.2556478420377633;3;5;21;7.0445983939966075;5;5;3;6;4;5;0;3;20;-5.967458700184172;0;15;18
TRACK:87;75;-1;3;2;6;2;6;1;1;5;3;0;22;-2.8932255884726956;13;5;0;0;19;11;2;10;24;2;5;0;0;14;10;1;14;13;0;2;3;24;2;23;7.899671868980817;20;3.435751853044416;6;4;15;4;0;3;3;6;0;11;20;6.443447422608184;0;5;1;2;13;12;5;16;6;4;0;19;10;0;0;3;4;3;1;5;6;18;2;0;19;9;2;20;1.9719259875568547;8;5;0;1;1;12;22;-8.24513408139838;3;17;2;3;9;6;12;4;0;3;6;1;0;9;11;1;12;22;4.9621838448484965;1;3;5;1;4;9;2;24;11;4;1;1;2;8;16;3;22;-6.506944801173745;1;2;24;20;8.466771135764805;5;18
TRACK:88;5;-1;1;6;6;1;3;6;4;4;4;0;24;14;4;4;0;0;2;5;9;6;20;-8.828921466584235;1;2;23;-1.7260506777498072;12;5;13;4;6;1;10;24;4;2;5;3;6;0;1;6;6;21;3.9448406668418188;0;2;7;-4.7413016335767635;24;6;18;3;2;0;10;10;0;19;25;3;6;0;0;0;0;0;16;18;6;18;1;1;13;19;2;19;25;2;4;3;22;-6.669529434654254;4;3;9;2;5;0;3;19;3;21;-2.183336866724084;5;2;3;21;-5.3859060225006665;3;15
TRACK:89;79;-1;6;2;1;3;4;5;1;0;4;5;9;5;1;17;20;-1.0940478244040428;4;3;6;11;3;1;1;2;2;0;2;12;7;4.511762783731621;3;19;1;1;25;10;3;12;5;4;3;20;1.1403981603473226;0;5;4;4;21;0.25269342125706873;0;0;4;25;1;15;21;-5.330846267451855;3;0;20;-5.7585544222262035;16;1;2;6;6;2;10;7;9.845628357587358;6;2;4;12;3;8;5;5;3;6;23;7.820052258924619;5;0;9;12
EVAL_INSTANCE:4:0:80
EVAL_INSTANCE:4:1:81
EVAL_INSTANCE:4:2:82
EVAL_INSTANCE:4:3:83
EVAL_INSTANCE:4:4:84
EVAL_INSTANCE:4:5:85
EVAL_INSTANCE:4:6:86
EVAL_INSTANCE:4:7:87
EVAL_INSTANCE:4:8:88
EVAL_INSTANCE:4:9:89
RUN_RESULT:4:0:0:2000:----
RUN_RESULT:4:1:0:2000:----
RUN_RESULT:4:2:0:2000:----
RUN_RESULT:4:3:0:2000:----
RUN_RESULT:4:4:0:2000:----
RUN_RESULT:4:5:0:2000:----
RUN_RESULT:4:6:0:2000:----
RUN_RESULT:4:7:0:2000:----
RUN_RESULT:4:8:0:2000:----
RUN_RESULT:4:9:0:2000:----
     5 |       50 |  0.000000E+00 | -0.000000E+00
TRACK:90;0;7;1;1;0;3;0;6;1;2;1;4;21;-8.091695645771441;3;24;2;2;18;9;3;19;2;0;5;21;-7.2959812932800805;3;16;2;2;7;-4.493181850482875;20;0.7795200228939336;1;14;11;2;5;2;2;0;19;25;5;8;5;5;9;0;3;0;5;20;-5.020657470907446;3;24;4;0;5;16;6;13;6;1;1;6;5;4;2;21;2.7132108609914596;10;0;5;4;4;23;-5.613450788097989;0;6;4;24;2;5;13;4;7;-9.301745737281212;5;2;3;6;2;22;7.607318748444371;9;0;1;1;23;-1.5694153766874734;13;4;22;-8.592682090192676;2;4;13;2;18;8;6;2;5;0;3;3;22;-6.453663071411874;1;3;5;6;13;0;2;3;10;0;23;-6.3481384793703155;22;-3.5331572321449496;6;4;12;5;6;5;3;2;2;14;7;-1.3035809828779996;3;22;6.2665076758869915;0;5;0;0;4;0;6;3;0;19;22;6.659200931465364;5;4;2;22;-3.76164374361805;10;2;3;5;3;0;12;9;5;4;1;0;20;-9.908004235067462;13;2;23;6.339456973303058;12;6;2;3;5;0;4;14;3;8;4;2;3;6;7;-1.2569761934032346;3;5;21;6.977437885021079;5;5;3;6;4;5;0;6;18;0;15;18
TRACK:91;0;7;3;2;6;2;6;1;1;5;3;0;22;-2.976818997446557;13;5;0;0;19;11;2;10;24;2;5;0;0;14;10;1;14;13;0;2;3;24;2;23;7.967019396695257;20;3.418830663647279;6;4;15;4;0;3;3;6;0;11;20;6.438428466161334;0;5;1;2;13;12;5;16;6;4;0;19;10;0;0;3;4;3;1;5;6;18;2;0;19;9;2;20;2.013526145735474;8;5;1;3;6;1;4;22;1.2733373695578294;3;22;-7.108224051687076;5;4;4;6;19;4;0;3;3;5;1;0;7;1.7220496612518055;14;9;1;3;5;1;4;9;2;24;11;4;1;1;2;8;16;3;22;-6.453663071411874;1;2;24;20;8.339831654716583;5;18
TRACK:92;1;6;1;5;4;6;1;4;1;1;0;5;11;6;12;0;2;17;23;7.343588116177962;2;22;7.659724088851995;7;-5.032585141132115;3;6;4;12;2;3;0;3;5;17;6;2;11;22;0.6553455134787516;0;2;2;0;10;25;0;12;25;3;4;17;0;1;5;19;4;13;1;6;18;4;8;5;4;1;3;3;1;6;20;3.464618466817333;4;0;0;15;20;4.682158380378638;2;21;-7.427170659245787;20;9.57956403425339;4;1;3;6;1;0;9;11;1;12;22;5.103085833209297;5;2;0;1;25;16;1;9;9;4;0;21;-9.080057985711424;20;-6.565205663428026
TRACK:93;1;6;3;1;1;4;3;1;1;5;0;6;15;2;20;1.7224974763093641;20;7.177099101969013;0;2;0;25;7;4.689855129983286;4;16;6;5;21;-7.862144299204303;2;1;1;4;7;-7.325792350559537;1;25;16;1;3;12;1;9;13;6;1;1;18;10;2;25;21;9.92730155650895;3;6;4;1;0;2;2;8;12;1;12;12;4;4;10;5;3;1;21;-5.38438680582463;25;3;2;3;4;2;5;6;2;9;25;4;3;4;9;1;3;0;2;0;5;20;3.464618466817333;2;17;20;-3.3978690850992965;0;5;14;2;19;15;4;3;6;11;1;1;3;4;3;10;5;1;1;20;9.915510388428196;13;4;20;-0.382656399841661;5;3;5;2;22;5.099092897541018;15
TRACK:94;8;0;0;3;6;5;4;4;3;0;0;3;9;5;12;4;2;21;-2.776360549348449;22;2.9448832533837894;2;2;3;6;3;3;3;2;6;10;6;15;6;4;0;1;6;4;0;22;6.408406580541655;10;3;5;2;24;22;-9.295455763989962;2;6;3;4;25;3;1;1;20;-7.537833144229753;22;-5.970774001428318;4;19;0;6;2;3;1;3;5;5;23;-5.124010727406228;5;3;2;25;10;2;4;4;0;3;13;5;15;4;2;5;0;24;25;0;5;8;6;21;-6.771852628930652;3;3;2;0;5;5;5;24;0;1;6;23;-2.0240113589058195;1;7;-8.8446594628528;19;5;0;12;14;1;0;3;6;25;2;5;13;2;7;5.8269146595156585;17;4;1;4;7;-6.8856396711382795;1;15;11
TRACK:95;8;0;1;1;0;3;0;6;1;2;1;4;21;-8.091695645771441;3;24;2;2;18;9;3;19;2;0;5;21;-7.2959812932800805;3;16;2;2;7;-4.493181850482875;20;0.7795200228939336;1;14;11;2;5;2;2;0;19;25;5;8;5;5;9;0;3;0;5;20;-5.020657470907446;3;24;4;0;5;16;6;13;6;1;1;6;5;4;2;21;2.7132108609914596;10;0;5;4;4;23;-5.613450788097989;0;6;4;24;2;5;13;4;7;-9.301745737281212;5;2;3;6;2;22;7.607318748444371;9;0;1;1;23;-1.5694153766874734;13;4;22;-8.592682090192676;2;4;13;2;18;8;6;2;5;0;3;0;5;3;22;-0.46800007632423757;4;6;15;1;3;5;6;13;0;2;3;10;0;23;-6.3481384793703155;22;-3.5331572321449496;6;4;12;5;6;5;3;2;2;14;7;-1.3035809828779996;3;22;6.2665076758869915;0;5;0;0;4;0;6;3;0;19;22;6.659200931465364;5;4;2;22;-3.76164374361805;10;2;3;5;3;0;12;9;5;4;1;0;20;-9.908004235067462;13;2;23;6.339456973303058;12;6;2;3;5;0;4;14;3;8;4;2;3;6;7;-1.2569761934032346;3;5;21;6.977437885021079;5;5;3;6;4;5;0;6;25;0;15;18
TRACK:96;2;5;3;2;1;5;4;6;1;3;3;4;23;8.776868184220028;1;4;4;19;6;0;22;1.4732763329787435;15;5;3;0;0;0;2;3;9;3;10;5;5;7;-5.865911246557749;0;0;1;9;15;4;19;2;2;8;7;0.27639591876486946;2;17;16;2;1;6;2;14;15;4;4;25;1;5;5;14;4;5;19;0;0;0;5;4;0;1;5;11;0;10;8;6;0;21;-7.764013924383677;22;8.021119822980037;6;0;4;5;6;11;5;1;2;22;7.96336029676803;12;2;7;-1.06748086910439;16;1;5;5;4;5;6;25;1;5;6;2;4;19;2;8;12;4;4;5;2;24;7;7.75869826608535;1;2;1;0;3;5;3;8;4;2;1;24;8;4;17;0;0;4;1;20;-8.050513760080563;19;6;0;18;20;-9.399501037894344;0;6;3;18;5;5;7;-5.911158253709241;2;6;4;6;2;21;2.2856639257123277;11;4;4;5;5;25;1;6;4;6;2;2;22;-3.960708720543222;16;1;18;11;4;5;3;0;2;18;18;1;24;23;-0.02386083831450847
TRACK:97;2;5;1;6;19;4;2;5;3;6;0;1;6;6;21;4.012117523453231;0;2;7;-4.5988989645168825;24;6;18;3;2;0;10;10;0;19;25;3;6;0;0;0;0;0;16;18;6;18;1;1;13;19;2;19;25;2;4;3;22;-6.567802755968186;4;3;9;2;5;0;3;19;3;21;-2.206724557577269;5;2;3;21;-5.471633268653154;3;15
TRACK:98;4;3;6;2;1;3;4;5;1;0;4;5;9;5;1;17;20;-0.9469520391402249;4;3;6;11;3;1;1;2;2;0;2;12;7;4.470267418986431;3;19;1;1;25;10;3;12;5;4;3;20;1.1111835709952107;0;5;4;4;21;0.09725600831221648;0;0;4;25;1;15;21;-5.296068650115535;3;0;20;-5.759894496157303;16;1;2;6;6;2;10;7;9.943590620202272;6;2;4;12;3;8;5;5;3;6;23;7.881597015613789;6;1;6;1;6;5;1;2;16;22;8.574948275305786;2;17;9;4;3;2;0;24;12;3;25;2;2;1;1;5;3;23;2.245224886766639;3;4;12;6;5;5;24;1;2;0;5;17;4;18;5;4;14;1;5;1;24;20;7.337434257486006;5;5;24;6;6;3;1;0;20;5.324096622276201;13;0;20;-9.219556274613506;21;-3.9433415675650547
TRACK:99;4;3;4;1;3;5;2;4;1;5;3;2;24;10;0;6;4;17;1;0;19;9;5;22;-7.62975071277647;6;1;1;3;4;18;0;5;9;5;20;-2.9816156354807717;5;0;1;17;8;4;17;4;5;5;5;0;0;2;5;14;2;19;8;5;1;24;20;7.337434257486006;1;4;0;19;7;3.9275169441683353;4;2;20;2.31521386465449;22;4.238491789315953
TRACK:100;90;-1;1;1;0;3;0;6;1;2;1;4;21;-8.150467474692597;3;24;2;2;18;9;3;19;2;0;5;21;-7.267824549464823;3;16;2;2;7;-4.53649554571068;20;0.6456132889904138;1;14;11;2;5;2;2;0;19;25;5;8;5;5;9;0;3;0;5;20;-4.935967195652391;3;24;4;0;5;16;6;13;6;1;1;6;5;4;2;21;2.873091709796031;10;0;5;4;4;23;-5.599418156757952;0;6;4;24;2;5;13;4;7;-9.199681906997922;5;2;3;6;2;22;7.660213726565931;9;0;1;1;7;-1.9966168768812587;13;4;22;-8.533932976556944;2;4;13;2;18;8;6;2;5;0;3;3;22;-6.512376985734427;1;3;5;6;13;0;2;3;10;0;23;-6.568994446822177;22;-3.5551737531088836;6;4;12;5;6;5;3;2;2;14;7;-1.2116670851233091;3;22;6.092783871926172;0;5;0;0;4;0;6;3;0;19;22;6.517941898817901;5;4;2;22;-3.6771848047333666;10;2;3;5;3;0;12;9;5;4;1;0;20;-9.919940394215047;13;2;23;6.421167537999219;12;6;2;3;5;0;4;14;3;8;4;2;3;6;7;-1.19431542274959;3;5;21;6.981690143704427;5;5;3;6;4;5;0;6;18;0;15;18
TRACK:101;92;-1;1;5;4;6;5;6;6;5;0;1;15;25;0;25;20;-9.895040646220085;5;4;1;3;3;1;6;20;3.294933630926182;4;0;0;15;20;4.673522747831444;2;21;-7.422391267898004;20;9.788652536653698;4;1;3;6;1;0;9;11;1;12;22;5.231539384676731;5;2;0;1;25;16;1;9;9;4;0;21;-9.08411853530939;20;-6.415911237481915
TRACK:102;8;-1;0;3;6;5;4;4;3;0;0;3;9;5;7;-6.232093518559008;4;2;21;-2.905706324761645;22;2.9754730336366992;2;2;3;6;3;3;3;2;6;10;6;15;6;4;0;1;6;4;0;22;6.335740661732545;10;3;5;2;24;22;-9.267063868874711;2;6;3;4;25;3;1;1;20;-7.653438584664279;22;-6.054716816659443;4;19;0;6;2;3;1;3;5;5;23;-5.06254278281341;5;3;2;25;10;2;4;4;0;3;13;5;15;4;2;5;0;24;25;0;5;8;6;21;-6.659123267665169;3;3;2;0;5;5;5;24;0;1;6;23;-2.175398873816299;1;7;-8.869836449959449;19;5;0;12;14;1;0;3;6;25;2;5;13;2;7;6.047065139510065;17;4;1;4;7;-6.89029749077031;1;23;-9.103121985895381;11
TRACK:103;96;-1;3;2;1;5;4;6;1;3;3;4;23;8.93248124438421;1;4;4;19;6;0;22;1.4299702051945198;15;5;3;0;0;0;2;3;9;3;10;5;5;7;-5.796692533239908;0;0;1;9;15;4;19;2;2;8;7;0.18510350755275978;2;17;16;2;1;6;2;14;15;4;4;25;1;5;5;14;4;5;19;0;0;0;5;4;0;1;5;11;0;10;8;6;0;21;-7.77112340269405;22;8.098710972334684;6;0;4;5;6;11;5;1;2;22;8.104476921831138;12;2;7;-0.9814825844717404;16;1;5;5;4;5;6;25;1;5;6;2;4;19;2;8;12;4;4;5;2;24;7;7.870435398943733;1;2;1;0;3;5;3;8;4;2;1;24;8;1;21;3.980382182656914;23;-0.2520886873514776;0;0;4;1;20;-7.943299592274824;19;6;0;18;20;-9.301538482904753;0;6;3;18;5;5;7;-5.876834311096002;2;6;4;6;2;21;2.204106523631968;11;4;4;5;5;25;1;6;4;6;2;2;22;-4.088825500546466;16;1;18;11;4;5;3;0;2;18;18;1;24;23;-0.10677338299397351
TRACK:104;98;-1;6;2;1;3;4;5;1;0;4;5;9;5;1;17;20;-1.0512922835035685;4;3;6;11;3;1;1;6;21;-6.485407333026522;0;5;4;4;21;0.21880659907017785;0;0;4;25;1;15;21;-5.244077911470489;3;0;20;-5.797367093596103;16;1;2;6;6;2;10;7;10.0;6;2;4;12;3;8;5;5;3;6;23;7.90344265076439;6;1;6;1;6;5;1;2;16;22;8.61760984759199;2;17;9;4;3;2;0;24;12;3;25;2;2;1;1;5;3;23;2.2857531410970457;3;4;12;6;5;5;24;1;2;0;5;17;4;18;5;4;14;1;5;1;24;20;7.423610917580678;5;5;24;6;6;3;1;0;20;5.2229663429370845;13;0;20;-9.300220993429956;21;-3.991916822630371
TRACK:105;91;-1;3;2;6;2;6;1;1;5;3;0;22;-3.1085081209372687;13;5;0;0;19;11;2;10;24;2;5;0;0;14;10;1;14;13;0;2;3;24;2;23;8.089120528664719;20;3.390494209663192;6;4;15;4;0;3;3;6;0;11;20;6.488398212022208;0;5;1;2;13;12;5;16;6;4;0;19;10;0;0;3;4;3;1;5;6;18;2;0;19;9;2;20;2.1168439707765905;8;5;1;3;6;1;4;22;1.3887141003375265;3;22;-6.996561902279692;5;4;4;6;19;4;0;3;3;5;1;0;7;1.7258840437431002;14;9;1;3;5;1;4;9;2;24;23;1.881625288930195;4;1;1;2;8;16;3;22;-6.488109958424538;1;2;24;20;8.295462715274905;5;18
TRACK:106;93;-1;3;1;1;4;3;1;1;5;0;6;15;2;20;1.777305768135505;20;7.112727294622027;0;2;0;25;7;4.613952714619348;4;16;6;5;21;-8.032280632220619;2;1;1;4;7;-7.188565500997055;1;25;16;1;3;12;1;9;13;6;1;1;18;10;2;25;21;9.85350782428965;3;6;4;0;3;11;3;8;3;2;3;4;2;5;6;2;9;25;4;3;4;9;1;3;0;2;0;5;20;3.5108948592184857;2;17;20;-3.4978013628686444;0;5;14;2;19;15;4;3;6;11;1;1;3;4;3;10;5;1;1;20;9.859945375437853;13;4;20;-0.3916696714684811;5;3;5;2;22;5.158040756779025;15
TRACK:107;0;-1;1;1;0;3;0;6;1;2;1;4;21;-8.2810092216208;3;24;2;2;18;9;3;19;2;0;5;21;-7.24286310195297;3;16;2;2;7;-4.628139922565726;20;0.8025227768461155;1;14;11;2;5;2;2;0;19;9;5;8;5;5;9;0;3;0;5;20;-5.124874839597657;3;24;4;0;5;16;6;13;6;1;1;6;5;4;2;21;2.7975463272285492;10;0;5;4;4;23;-5.460200824978119;0;6;4;24;2;5;13;4;7;-9.19142425762967;5;2;3;6;2;22;7.661648515278815;9;0;1;1;23;-1.5448836897361304;13;4;22;-8.619879540352938;2;4;13;2;18;8;6;2;5;0;3;0;5;3;22;-0.3030806727797576;4;6;15;1;3;5;6;13;0;2;3;10;0;23;-6.457226137508634;22;-3.404365447638721;6;4;12;5;6;5;3;2;2;14;7;-1.3930095050493745;3;22;6.283144700802335;0;5;0;0;4;0;6;3;0;19;22;6.724897698096532;5;4;2;22;-3.914561107771175;10;2;3;5;3;0;12;9;5;4;1;0;20;-10.0;13;2;23;6.341901294728624;12;6;2;3;5;0;4;14;3;8;4;2;3;6;7;-1.2004427195112346;3;5;21;6.928209747635517;5;5;3;6;4;5;0;6;18;0;15;18
TRACK:108;97;-1;1;6;19;4;2;5;3;6;0;1;6;6;21;3.9991127166690483;0;2;7;-4.58777312542413;24;6;18;3;2;0;10;10;0;19;25;3;6;0;0;0;0;0;16;18;6;18;1;1;13;19;2;19;25;2;4;3;22;-6.656519392600405;4;3;16;2;5;0;3;19;3;21;-2.2765920739895447;5;2;3;21;-5.335469888661794;3;15
TRACK:109;99;-1;4;1;3;5;2;4;1;5;3;2;24;10;0;6;4;17;1;0;19;9;6;17;6;1;1;3;4;18;0;5;9;5;20;-2.9596580174061056;5;0;1;17;8;4;17;4;5;5;5;0;0;2;5;14;2;19;8;5;1;24;20;7.515758223129145;1;4;0;19;7;3.948007520860857;4;2;20;2.2985847412371125;22;4.260868495230066
EVAL_INSTANCE:5:0:100
EVAL_INSTANCE:5:1:101
EVAL_INSTANCE:5:2:102
EVAL_INSTANCE:5:3:103
EVAL_INSTANCE:5:4:104
EVAL_INSTANCE:5:5:105
EVAL_INSTANCE:5:6:106
EVAL_INSTANCE:5:7:107
EVAL_INSTANCE:5:8:108
EVAL_INSTANCE:5:9:109
RUN_RESULT:5:0:0:2000:----
RUN_RESULT:5:1:0:2000:----
RUN_RESULT:5:2:0:2000:----
RUN_RESULT:5:3:0:2000:----
RUN_RESULT:5:4:0:2000:----
RUN_RESULT:5:5:0:2000:----
RUN_RESULT:5:6:0:2000:----
RUN_RESULT:5:7:0:2000:----
RUN_RESULT:5:8:0:2000:----
RUN_RESULT:5:9:0:2000:----
     6 |       60 |  0.000000E+00 | -0.000000E+00
TRACK:110;6;1;3;1;1;4;3;1;1;5;0;6;15;2;20;1.7224974763093641;20;7.177099101969013;0;2;0;25;7;4.689855129983286;4;16;6;5;21;-7.862144299204303;2;1;1;4;7;-7.325792350559537;6;24;1;3;12;1;9;13;6;1;1;18;10;2;25;21;9.92730155650895;3;6;4;1;0;2;2;8;12;1;12;12;4;4;25;5;3;1;21;-5.38438680582463;25;3;2;3;4;2;5;6;2;9;25;4;3;4;9;1;3;0;2;0;5;20;3.464618466817333;2;17;20;-3.3978690850992965;0;5;14;2;19;15;4;3;6;11;1;1;3;4;3;10;5;1;1;20;9.915510388428196;13;4;20;-0.382656399841661;5;3;5;2;22;5.099092897541018;15
TRACK:111;6;1;1;5;4;6;1;4;1;1;0;5;11;6;12;0;2;17;23;7.343588116177962;2;22;7.659724088851995;7;-5.032585141132115;3;6;4;12;2;3;0;4;16;6;2;11;22;0.6553455134787516;0;2;2;0;10;25;0;12;25;3;4;17;0;1;5;19;4;13;1;6;18;4;8;5;4;1;3;3;1;6;5;1;16;17;4;0;0;15;20;4.682158380378638;2;21;-7.427170659245787;20;9.57956403425339;4;1;3;6;1;0;9;11;1;12;22;5.103085833209297;5;2;0;1;25;16;1;9;9;4;0;21;-9.080057985711424;20;-6.565205663428026
TRACK:112;7;9;3;2;6;2;6;1;1;5;3;0;22;-2.976818997446557;13;5;0;0;19;11;7;3.5228825611996495;2;5;0;0;14;10;1;14;13;0;2;3;24;2;23;7.967019396695257;20;3.418830663647279;6;4;15;4;0;3;3;6;0;11;20;6.438428466161334;0;5;1;2;13;12;5;16;6;4;0;19;10;0;0;3;4;3;1;5;6;18;2;0;19;9;2;20;2.013526145735474;8;5;1;3;6;1;4;22;1.2733373695578294;3;22;-7.108224051687076;5;4;4;6;19;4;0;3;3;5;1;0;7;1.7220496612518055;14;1;17;24;1;3;5;1;4;9;2;24;11;4;1;1;2;8;16;3;22;-6.453663071411874;1;2;24;20;8.339831654716583;5;18
TRACK:113;7;9;1;2;6;1;2;5;0;3;4;4;25;4;3;1;8;9;2;6;6;4;3;17;2;1;6;2;18;7;3.5228825611996495;4;3;7;1.3148694180032034;2;6;5;12;6;4;23;-2.984599812694464;4;4;5;3;4;2;21;8.24772233220132;21;-1.9113830722890874;3;6;3;6;5;5;1;2;13;12;5;16;5;5;4;0;1;4;5;6;0;23;9.649455451473315;9;3;0;6;0;10;23;6.970669534347628;2;2;18;21;1.5498005403086346;3;23;-5.041012822695958;6;5;4;5;2;12;21;-6.960626994994536
TRACK:114;2;9;3;2;1;5;4;6;1;3;3;4;23;8.776868184220028;1;4;4;19;6;0;22;1.4732763329787435;15;5;3;0;0;0;2;3;9;3;8;5;5;7;-5.865911246557749;0;0;1;9;15;4;19;2;2;8;7;0.27639591876486946;2;17;16;2;1;6;2;14;15;4;4;25;1;5;5;14;4;5;19;0;0;0;5;4;0;1;5;11;0;10;8;6;0;21;-7.764013924383677;22;8.021119822980037;6;0;4;5;6;11;5;1;2;22;7.96336029676803;12;2;7;-1.06748086910439;16;1;5;5;4;5;6;25;1;5;6;2;4;19;2;8;12;4;4;5;2;24;7;7.75869826608535;1;2;1;0;3;5;3;8;4;2;1;24;8;4;17;0;0;4;1;20;-8.050513760080563;19;6;0;18;20;-9.399501037894344;0;6;3;18;5;21;8.24772233220132;2;6;4;6;2;21;2.2856639257123277;11;4;4;5;5;25;1;6;4;6;2;2;22;-3.960708720543222;16;1;18;11;4;5;3;0;2;18;18;1;24;23;-0.02386083831450847
TRACK:115;2;9;1;2;6;1;2;5;0;3;4;4;25;4;3;1;8;9;2;6;6;4;3;17;2;1;6;2;18;7;3.5228825611996495;4;3;7;1.3148694180032034;2;6;5;12;6;4;23;-2.984599812694464;4;4;5;3;4;2;21;8.24772233220132;21;-1.9113830722890874;3;6;3;6;5;5;5;5;21;2.970980681343576;5;5;4;0;1;4;5;6;0;23;9.649455451473315;9;3;0;6;0;10;23;6.970669534347628;2;2;18;21;1.5498005403086346;3;23;-5.041012822695958;6;25
TRACK:116;5;0;1;6;6;1;3;6;4;4;4;0;24;14;4;4;0;0;2;5;9;6;20;-8.726255855688649;2;5;14;6;7;-9.95321655497277;4;6;1;10;24;4;2;5;3;6;0;1;6;6;21;4.012117523453231;0;2;7;-4.5988989645168825;24;6;18;3;2;0;10;10;0;19;25;3;6;0;0;0;0;0;16;18;6;18;1;1;13;19;2;19;25;2;4;3;22;-6.567802755968186;4;3;9;2;5;0;3;19;3;21;-2.206724557577269;5;5;6;13
TRACK:117;5;0;1;1;0;3;0;6;1;2;1;4;21;-8.091695645771441;3;24;2;2;18;9;3;19;6;18;2;5;2;2;0;19;25;5;8;5;5;9;0;3;0;5;20;-5.020657470907446;3;24;4;0;5;16;6;13;6;1;1;6;5;4;2;21;2.7132108609914596;10;0;5;4;4;23;-5.613450788097989;0;6;4;24;2;5;13;4;7;-9.301745737281212;5;2;3;6;2;22;7.607318748444371;9;0;1;1;23;-1.5694153766874734;13;4;22;-8.592682090192676;2;4;13;2;18;8;6;2;5;0;3;0;5;3;22;-0.46800007632423757;4;6;15;1;3;5;6;13;0;2;3;10;0;23;-6.3481384793703155;22;-3.5331572321449496;6;4;12;5;6;5;3;2;2;14;7;-1.3035809828779996;3;22;6.2665076758869915;0;5;0;0;4;0;6;3;0;19;22;6.659200931465364;5;4;2;22;-3.76164374361805;10;2;3;5;3;0;12;9;5;4;1;0;20;-9.908004235067462;13;2;23;6.339456973303058;12;6;2;3;5;0;4;14;3;8;4;2;3;6;7;-1.2569761934032346;3;5;21;6.977437885021079;5;5;3;6;4;5;0;6;18;0;15;18
TRACK:118;3;6;4;1;3;5;2;4;1;5;3;2;24;10;0;6;4;17;1;0;19;9;5;22;-7.62975071277647;6;1;1;3;4;18;0;5;9;5;20;-2.9816156354807717;5;0;1;17;8;2;20;1.7224974763093641;20;7.177099101969013;4;5;5;5;0;0;2;5;14;2;19;8;4;4;7;3.746056277809327;1;4;0;19;7;3.9275169441683353;4;2;20;2.31521386465449;22;4.238491789315953
TRACK:119;3;6;3;1;1;4;3;1;1;5;0;6;15;2;20;1.7224974763093641;20;7.177099101969013;0;2;0;25;7;4.689855129983286;4;16;6;5;21;-7.862144299204303;2;1;1;4;7;-7.325792350559537;6;24;1;3;12;1;9;13;6;1;1;18;10;2;25;21;9.92730155650895;3;6;4;1;0;2;2;8;12;1;12;12;4;4;10;5;3;1;21;-5.38438680582463;25;3;2;3;4;2;5;6;2;9;25;4;3;4;9;1;3;0;2;0;5;20;3.464618466817333;2;17;20;-3.3978690850992965;0;5;14;2;19;15;4;3;6;11;1;1;3;4;3;10;7;3.9275169441683353;5;3;5;2;22;5.099092897541018;15
TRACK:120;110;-1;3;1;1;4;3;1;1;5;0;6;15;2;20;1.6900457713712218;20;7.090835683502706;0;2;0;25;7;4.757839915253259;4;16;6;5;21;-7.891182579044343;2;1;1;4;7;-7.419166898186323;6;24;1;3;12;1;9;13;6;1;1;18;10;2;25;21;10.0;3;6;4;1;0;2;2;8;12;1;12;12;4;4;25;5;3;1;21;-5.420583578440783;25;3;2;3;4;2;5;6;2;9;25;1;24;10;1;3;0;2;0;5;20;3.3789077773388976;2;17;20;-3.445998524907861;0;5;14;2;19;15;4;3;6;11;1;1;3;4;3;10;5;1;1;20;10.0;13;4;20;-0.3553628155116395;5;3;5;2;22;4.998489131450951;15
TRACK:121;112;-1;3;2;6;2;6;1;1;5;3;0;22;-3.0929614200604125;13;5;0;0;19;11;7;3.5171674461170994;2;5;0;0;14;10;2;16;17;0;2;3;24;2;23;8.049001686014838;20;3.465144774811747;6;4;15;4;0;3;3;6;0;11;20;6.33832521223747;0;5;1;2;13;12;5;16;6;4;0;19;10;0;0;3;4;3;1;5;6;18;2;0;19;9;2;20;2.0262610980123297;8;5;1;3;6;1;4;22;1.2397847641759885;3;22;-7.0550120095814135;5;4;4;6;19;4;0;3;3;5;1;0;7;1.7186415960509946;14;1;17;24;1;3;5;1;4;9;2;24;11;4;1;1;2;8;16;3;22;-6.496679496678432;1;2;24;20;8.397012298573411;5;18
TRACK:122;114;-1;3;2;1;5;4;6;1;3;3;4;23;8.774292198579122;1;4;4;19;6;0;22;1.4647210606763423;15;5;3;0;0;0;2;3;9;3;8;5;5;7;-5.994407475106901;0;0;1;9;15;4;19;2;2;8;7;0.22438213729215709;2;17;16;2;1;6;2;14;15;4;4;25;1;5;5;14;4;5;19;0;0;0;5;4;0;1;5;11;0;10;8;6;0;21;-7.746802208929022;22;7.821693471189988;6;0;4;5;6;11;5;1;2;22;7.768156559756626;12;2;7;-0.985720381557249;16;1;5;5;4;5;6;25;1;5;6;2;2;8;8;2;8;12;4;4;5;2;24;7;7.749084161435722;1;2;1;0;3;5;3;8;4;2;1;24;8;4;17;0;0;4;1;20;-8.019611585115104;19;6;0;18;20;-9.483362756614525;0;6;3;18;5;21;8.321763764610665;2;6;4;6;2;21;2.0788172618870773;11;4;4;5;5;25;1;6;4;6;2;2;22;-4.12762561795288;16;1;18;11;4;5;3;0;2;18;18;1;24;23;0.1711706745421212
TRACK:123;116;-1;1;6;6;1;3;6;4;4;4;0;24;14;4;4;0;0;2;5;9;6;20;-8.876539246437334;2;5;14;3;21;1.367449696786018;4;6;1;10;24;4;2;5;3;6;0;1;6;6;21;3.8832553961276695;0;2;7;-4.457163459871776;24;6;18;3;2;0;10;10;0;19;25;3;6;0;0;0;0;0;16;18;6;18;1;1;13;19;2;19;25;2;4;3;22;-6.4426157887221835;4;3;9;2;5;0;3;19;3;21;-2.174997218868471;5;5;6;13
TRACK:124;118;-1;4;1;3;5;2;4;1;5;3;2;24;10;0;6;4;17;1;0;19;9;5;22;-7.63052019944334;6;1;1;3;4;18;0;5;9;5;20;-2.8920326560173093;5;0;1;17;8;2;20;1.7588219974272035;20;7.383185896505829;4;5;5;5;0;0;2;5;14;2;19;8;4;4;7;3.794164042612732;1;4;0;19;16;4;2;20;2.400971305006518;22;4.196828751213968
TRACK:125;111;-1;1;5;4;6;1;4;1;1;0;5;11;6;12;0;2;17;23;7.659369336451886;2;22;7.6593036574010505;7;-5.030864860315913;3;6;4;12;2;3;0;4;16;6;2;11;22;0.7969665481315635;0;2;2;0;10;25;0;12;25;3;4;17;0;1;5;19;4;13;1;6;18;4;8;5;4;1;3;3;1;6;5;1;16;17;4;0;0;15;20;4.790070738754478;2;18;20;9.403682998257473;4;1;3;6;1;0;9;11;1;12;22;5.174345057050103;5;2;0;1;25;16;1;9;9;4;0;21;-9.125615244636586;20;-6.595578458574613
TRACK:126;113;-1;1;2;6;1;2;5;0;3;4;4;25;4;3;1;8;9;2;6;6;4;3;17;2;1;6;2;18;7;3.416439479274553;4;3;7;1.3471957891156066;2;6;5;12;6;4;23;-2.9595467496093044;4;4;5;3;4;2;21;8.30240982955027;21;-1.9041458806214557;3;6;3;6;5;5;1;2;13;12;5;16;5;6;17
TRACK:127;115;-1;1;2;3;0;4;0;5;21;-1.4080631076867167;6;13;6;1;4;20;1.5981019003794117;5;7;-9.398590872177442;3;6;3;6;5;5;5;5;21;2.879045119562398;5;5;4;0;1;4;5;6;0;23;9.673960066815699;9;3;0;6;0;10;23;6.914950889707765;2;2;18;21;1.6589910827687593;3;23;-5.030979642923089;6;25
TRACK:128;117;-1;1;1;0;3;0;6;1;2;1;4;21;-8.070289222945636;3;24;2;2;18;9;3;19;6;18;2;5;2;2;0;19;25;5;8;5;5;9;0;3;0;5;20;-4.9239741811638735;3;24;4;0;5;16;6;13;6;1;1;6;5;4;2;21;2.665468487842282;10;0;5;4;4;23;-5.414068632808596;0;6;4;24;2;5;13;4;7;-9.202096234146168;5;2;3;6;2;22;7.703086683695097;9;0;1;1;23;-1.7424057405226634;13;4;22;-8.686728034715628;2;4;13;2;18;8;6;2;5;0;3;0;5;3;22;-0.47856012349245514;4;6;15;1;3;5;6;13;0;2;3;10;0;23;-6.249403653756887;22;-3.561087527336217;6;4;12;5;6;5;3;2;2;14;7;-1.3991415411030053;3;22;6.1918687359607265;0;5;0;0;4;0;6;3;0;19;22;6.591227833696093;5;4;2;22;-3.9301187690899626;10;2;4;5;2;3;20;-4.488198597716826;1;9;12;2;6;4;1;8;7;1.3385246953381174;5;6;5;9;6;2;3;5;0;4;14;3;8;4;2;3;6;7;-1.2054988168972882;3;5;21;6.938190037434705;5;5;3;6;4;5;0;6;18;0;15;18
TRACK:129;119;-1;3;1;1;4;3;1;1;5;0;6;15;2;20;1.7152896086985963;20;7.090069354351937;0;2;0;25;7;4.809780825534499;4;16;6;5;21;-7.687800765132735;2;1;1;4;7;-7.382959930071277;6;24;1;3;12;1;9;13;6;1;1;15;10;2;25;21;9.84390774912415;3;6;4;1;0;2;2;8;12;1;12;12;4;4;10;5;3;1;21;-5.318498924925971;25;3;2;3;4;2;5;6;2;9;25;4;3;4;9;1;3;0;2;0;5;20;3.6215542390953868;2;17;20;-3.36669417225134;0;5;14;2;19;15;4;3;6;11;1;1;3;4;3;10;7;4.095694305090521;5;3;5;2;22;5.2428774453796345;15
EVAL_INSTANCE:6:0:120
EVAL_INSTANCE:6:1:121
EVAL_INSTANCE:6:2:122
EVAL_INSTANCE:6:3:123
EVAL_INSTANCE:6:4:124
EVAL_INSTANCE:6:5:125
EVAL_INSTANCE:6:6:126
EVAL_INSTANCE:6:7:127
EVAL_INSTANCE:6:8:128
EVAL_INSTANCE:6:9:129
RUN_RESULT:6:0:0:2000:----
RUN_RESULT:6:1:0:2000:----
RUN_RESULT:6:2:0:2000:----
RUN_RESULT:6:3:0:2000:----
RUN_RESULT:6:4:0:2000:----
RUN_RESULT:6:5:0:2000:----
RUN_RESULT:6:6:0:2000:----
RUN_RESULT:6:7:0:2000:----
RUN_RESULT:6:8:0:2000:----
RUN_RESULT:6:9:0:2000:----
     7 |       70 |  0.000000E+00 | -0.000000E+00
TRACK:130;8;5;0;3;6;5;4;4;3;0;0;3;9;5;7;-6.257266748787929;4;2;21;-2.776360549348449;22;2.9448832533837894;2;2;3;6;3;3;3;2;6;10;6;15;6;4;0;1;6;4;0;22;6.408406580541655;10;3;5;2;24;22;-9.295455763989962;2;6;3;4;25;3;1;1;20;-7.537833144229753;22;-5.970774001428318;4;19;0;6;2;3;1;3;5;5;23;-5.124010727406228;5;3;2;25;10;2;4;4;0;3;13;5;15;4;2;5;0;24;25;0;5;8;6;21;-6.771852628930652;3;3;2;0;5;5;5;24;0;1;6;23;-2.0240113589058195;1;7;-8.8446594628528;19;5;0;12;14;1;0;3;6;25;2;5;13;24;4;1;4;7;-6.8856396711382795;1;15;11
TRACK:131;8;5;1;6;6;1;3;6;4;4;4;0;24;14;4;4;0;0;2;5;9;6;20;-8.726255855688649;2;5;14;6;7;-9.95321655497277;4;1;6;23;-2.0240113589058195;1;7;-8.8446594628528;19;4;2;5;3;6;0;1;6;6;21;4.012117523453231;0;2;7;-4.5988989645168825;24;6;18;3;2;0;10;10;0;19;25;3;6;0;0;0;0;0;16;18;6;18;1;1;13;19;2;19;25;2;4;3;22;-6.567802755968186;4;3;9;2;5;0;3;19;3;21;-2.206724557577269;5;2;3;21;-5.471633268653154;3;15
TRACK:132;3;1;4;1;3;5;2;4;1;5;3;2;24;10;0;6;4;17;1;0;19;9;5;22;-7.62975071277647;6;1;1;3;4;18;0;5;9;5;20;-2.9816156354807717;5;0;1;17;8;4;17;4;5;5;5;0;0;0;15;20;4.682158380378638;4;4;7;3.746056277809327;1;4;0;19;7;3.9275169441683353;4;2;20;2.31521386465449;22;4.238491789315953
TRACK:133;3;1;1;5;4;6;1;4;1;1;0;5;11;6;12;0;2;17;23;7.343588116177962;2;22;7.659724088851995;7;-5.032585141132115;3;6;4;12;2;3;0;3;5;17;6;2;11;22;0.6553455134787516;0;2;2;0;10;25;0;12;25;3;4;17;0;1;5;19;4;13;1;6;18;4;8;17
TRACK:134;9;0;1;2;6;1;2;5;0;3;4;4;25;4;3;1;8;9;2;6;6;4;3;17;2;1;6;2;18;7;3.5228825611996495;4;3;7;1.3148694180032034;2;6;5;12;6;4;23;-2.984599812694464;4;4;5;3;4;2;21;8.24772233220132;21;-1.9113830722890874;3;6;3;6;5;5;5;5;21;2.970980681343576;5;5;4;0;1;4;5;15;3;0;6;0;10;23;6.970669534347628;2;2;18;21;1.5498005403086346;3;23;-5.041012822695958;6;5;4;5;2;12;21;-6.960626994994536
TRACK:135;9;0;1;1;0;3;0;6;1;2;1;4;21;-8.091695645771441;3;24;2;2;18;9;3;19;2;0;5;21;-7.2959812932800805;3;16;2;2;7;-4.493181850482875;20;0.7795200228939336;1;14;11;2;5;2;2;0;19;25;5;8;5;5;9;0;3;0;5;20;-5.020657470907446;3;12;4;0;5;16;6;13;6;1;1;6;5;4;2;21;2.7132108609914596;10;0;5;4;4;23;-5.613450788097989;0;6;4;24;2;5;13;4;7;-9.301745737281212;5;2;3;6;2;22;7.607318748444371;9;0;1;1;23;-1.5694153766874734;13;4;22;-8.592682090192676;2;4;13;2;18;8;6;2;5;0;3;0;5;3;22;-0.46800007632423757;4;6;15;1;3;5;6;13;0;2;3;10;0;23;-6.3481384793703155;22;-3.5331572321449496;6;4;12;5;6;5;3;2;2;14;7;-1.3035809828779996;3;22;6.2665076758869915;0;5;0;0;4;0;6;3;0;19;22;6.659200931465364;5;4;2;22;-3.76164374361805;10;2;3;5;3;0;12;9;5;4;1;0;20;-9.908004235067462;13;2;23;6.339456973303058;12;6;2;3;5;0;4;14;3;8;4;2;3;6;7;-1.2569761934032346;3;5;21;6.977437885021079;5;5;3;6;4;5;0;6;18;0;15;18
TRACK:136;8;7;0;3;6;5;4;4;3;0;0;3;9;5;7;-6.257266748787929;4;2;21;-2.776360549348449;22;2.9448832533837894;2;2;3;6;3;3;3;2;6;10;6;15;6;4;0;1;19;3;5;2;24;22;-9.295455763989962;2;6;3;4;25;3;1;1;20;-7.537833144229753;22;-5.970774001428318;4;19;0;6;2;3;1;3;5;5;23;-5.124010727406228;5;3;2;25;10;2;4;4;0;3;13;5;15;4;2;5;0;24;25;0;5;8;6;21;-6.771852628930652;3;3;2;0;5;5;5;24;0;1;6;23;-2.0240113589058195;1;7;-8.8446594628528;19;5;0;12;14;1;0;3;6;25;2;5;13;2;7;5.8269146595156585;17;4;1;4;7;-6.8856396711382795;1;15;11
TRACK:137;8;7;3;2;6;2;6;1;1;5;3;0;22;-2.976818997446557;13;5;0;0;19;11;2;10;24;2;5;0;0;14;10;1;14;13;0;2;3;24;2;23;7.967019396695257;20;3.418830663647279;6;4;15;4;0;3;3;6;0;11;20;6.438428466161334;0;5;1;2;13;12;5;16;6;4;0;19;10;0;0;3;4;3;1;5;6;18;2;0;19;9;2;20;-7.537833144229753;8;5;1;3;6;1;4;22;1.2733373695578294;3;22;-7.108224051687076;5;4;4;6;19;4;0;3;3;5;1;0;7;1.7220496612518055;14;1;17;24;1;3;5;1;4;9;2;24;11;4;1;1;2;8;16;3;22;-6.453663071411874;1;2;24;20;8.339831654716583;5;18
TRACK:138;5;6;1;6;6;1;3;6;4;4;4;0;24;14;4;4;0;0;2;5;9;6;20;-8.726255855688649;2;5;14;6;7;-9.95321655497277;4;6;1;10;24;4;2;5;3;6;0;1;6;6;21;4.012117523453231;0;2;7;-4.5988989645168825;24;6;18;3;2;0;10;10;0;19;25;3;6;0;0;0;0;4;7;-7.325792350559537;6;18;1;1;13;19;2;19;25;2;4;3;22;-6.567802755968186;4;3;9;2;5;0;3;19;3;21;-2.206724557577269;5;2;3;21;-5.471633268653154;3;15
TRACK:139;5;6;3;1;1;4;3;1;1;5;0;6;15;2;20;1.7224974763093641;20;7.177099101969013;0;2;0;25;7;4.689855129983286;4;16;6;5;21;-7.862144299204303;2;1;1;4;7;-7.325792350559537;6;24;1;3;12;1;9;13;6;1;20;-8.726255855688649;2;25;21;9.92730155650895;3;6;4;1;0;2;2;8;12;1;12;12;4;4;10;5;3;1;21;-5.38438680582463;25;3;2;3;4;2;5;6;2;9;25;4;3;4;9;1;3;0;2;0;5;20;3.464618466817333;2;17;20;-3.3978690850992965;0;5;14;2;19;15;4;3;6;11;1;1;3;4;3;10;5;1;1;20;9.915510388428196;13;4;20;-0.382656399841661;5;3;5;2;22;5.099092897541018;15
TRACK:140;130;-1;0;3;6;5;4;4;3;0;0;3;9;5;7;-6.143055662614149;4;2;21;-2.715275553710333;22;2.834094315850887;2;2;3;6;3;3;3;2;6;10;6;15;6;4;0;1;6;4;0;22;6.429916975404818;10;3;5;2;24;22;-9.352600823281215;2;6;3;4;25;3;1;1;20;-7.584462649162498;22;-5.852908827598043;4;19;0;6;2;3;1;3;5;5;23;-5.2810311518032345;5;3;2;25;10;2;4;4;0;3;13;5;15;4;2;5;0;24;25;0;5;8;6;21;-6.8484070856770725;3;3;2;0;5;5;5;10;0;1;6;23;-2.1027536478532447;1;7;-9.023653472106538;19;5;0;12;14;1;0;3;6;25;2;5;13;24;4;1;4;7;-6.694780987498878;1;15;11
TRACK:141;132;-1;4;1;3;5;2;4;1;5;3;2;24;10;0;5;1;15;9;1;0;19;9;5;22;-7.5684872642231;6;1;1;3;4;18;0;5;9;5;20;-2.883420617028426;5;0;1;17;8;4;17;4;5;5;5;0;0;0;15;20;4.7081249178594105;4;4;7;3.669134295276498;1;4;0;19;7;3.929119107550147;4;2;20;2.2102328329188676;22;4.263759993613386
TRACK:142;134;-1;1;2;6;1;2;5;0;3;4;4;25;4;3;1;8;9;2;6;6;4;3;17;2;1;6;2;18;16;4;3;7;1.456911779347822;2;6;5;12;6;4;23;-2.900218495756345;4;4;5;3;4;2;21;8.179993603866588;21;-1.8293896582059639;3;6;3;6;5;5;5;5;21;2.9913910165544872;5;5;4;0;1;4;5;15;3;0;6;0;10;23;7.108914438116183;2;2;18;21;1.6451854114602353;3;23;-4.828652010384928;6;5;4;5;2;12;21;-6.843448373868052
TRACK:143;136;-1;0;3;6;5;4;4;3;0;0;3;9;5;7;-6.046746695984773;4;2;21;-2.6869986147031346;22;2.9411335953385707;2;2;3;6;3;3;3;2;6;10;6;15;6;4;0;1;19;3;5;2;24;22;-9.276767978814537;2;6;3;4;25;3;1;1;20;-7.524815605320097;22;-5.960593898585909;4;19;0;6;2;3;1;3;5;5;23;-5.175207063783898;5;3;2;25;10;2;4;4;0;3;13;5;15;4;2;5;0;24;25;0;5;8;6;21;-6.716689970300946;3;3;2;0;5;5;5;24;0;1;6;23;-2.0903733605502044;1;7;-8.728642474503364;19;5;0;12;14;1;0;3;1;19;18;2;5;13;2;7;5.693853543784772;17;4;1;4;7;-6.8499595681377015;1;15;11
TRACK:144;138;-1;1;6;6;1;3;6;4;4;4;0;24;14;4;4;0;0;2;5;9;6;20;-8.812733966188349;2;5;14;6;7;-9.877685611197677;4;6;1;10;24;4;2;5;3;6;0;1;6;6;21;4.13649236201203;0;2;7;-4.6163110117378645;24;6;18;3;2;0;10;10;0;19;25;3;6;0;0;0;0;4;7;-7.408672500155482;6;18;1;1;13;19;2;19;25;2;4;3;22;-6.602043659683647;4;3;9;2;5;0;3;19;3;21;-2.092834644877166;5;2;3;20;8.907328439652957;3;15
TRACK:145;131;-1;1;6;6;1;3;6;4;4;4;0;24;14;4;4;0;0;2;5;9;6;20;-8.890551471943892;2;5;14;6;7;-9.904070911225583;4;1;6;23;-2.031897216312245;1;7;-8.904126184213977;19;4;2;5;3;6;0;1;6;6;21;4.07775372984655;0;2;7;-4.7346181522411985;24;6;18;3;2;0;10;10;0;19;25;3;6;0;0;0;0;0;16;18;6;18;1;1;13;19;2;19;25;2;4;3;22;-6.584439474846158;4;3;9;2;0;18;15;5;2;3;21;-5.4808406434805965;3;15
TRACK:146;133;-1;1;5;4;6;1;4;1;1;0;5;11;4;8;0;2;17;23;7.451729220755959;2;22;7.693807349319917;7;-4.924382538032265;3;6;4;12;2;3;0;3;5;17;6;2;11;22;0.6215560858136921;0;2;2;0;10;25;0;12;25;3;4;17;0;1;5;19;4;13;1;6;18;4;8;17
TRACK:147;135;-1;1;1;0;3;0;6;1;2;1;4;21;-8.142353435256927;3;24;2;2;18;9;3;19;2;0;5;21;-7.057601850095904;3;16;2;2;7;-4.352696537482321;20;0.8806957239694531;1;14;11;2;5;2;2;0;19;25;5;8;5;5;9;0;3;0;5;20;-5.079660666760531;3;12;4;0;5;16;6;13;6;1;1;6;5;4;2;21;2.623578216504598;10;0;5;4;4;23;-5.651565986400774;0;6;4;24;2;5;13;4;7;-9.278653878728061;5;2;3;6;2;22;7.504662586229018;9;0;1;1;23;-1.7074245365014638;13;4;22;-8.57146736024218;2;4;13;2;18;8;6;2;5;0;3;0;5;3;22;-0.4929082576926847;4;6;15;1;3;5;6;13;0;2;3;10;0;23;-6.195494245102036;22;-3.7546994325636214;6;4;12;5;6;5;3;2;2;14;7;-1.3471194140039489;3;22;6.298709574962471;0;5;0;0;4;0;6;3;0;19;22;6.580301535273797;5;4;2;22;-3.698739531006037;10;2;3;5;3;0;12;9;5;4;1;0;20;-9.927834698802014;13;2;23;6.349258531241394;12;6;2;3;5;0;4;14;3;8;4;2;3;6;7;-1.2633675735232108;3;3;20;-4.290779705709415;5;5;3;6;4;5;0;6;18;0;15;18
TRACK:148;137;-1;3;2;6;2;6;1;1;5;3;0;22;-3.044390801649911;13;5;0;0;19;11;2;10;24;2;5;0;0;14;10;1;14;13;0;2;3;24;2;23;8.049739526688738;20;3.314502027666515;6;4;15;4;0;3;3;6;0;11;20;6.465251143253668;0;5;1;2;13;12;5;16;6;4;0;19;10;0;0;3;4;3;1;5;6;18;2;0;19;9;2;20;-7.601800626671143;8;5;1;3;6;1;4;22;0.9629825035232047;1;16;19;5;4;4;6;19;4;0;3;3;5;1;0;7;1.720761340100382;14;1;17;24;1;3;5;1;4;9;2;24;11;4;1;1;2;8;16;3;22;-6.507743546919402;1;2;24;20;8.235943115307974;5;18
TRACK:149;139;-1;3;1;1;4;3;1;1;5;0;6;15;2;20;1.7152478083313742;20;7.177100500152193;0;2;0;25;7;4.728225073118276;4;16;6;5;21;-7.891151502131858;2;1;1;4;7;-7.519368482985023;6;24;1;3;12;1;9;13;6;1;20;-8.655321939776062;2;25;21;9.811005847753925;3;6;4;1;0;2;2;8;12;1;12;12;4;4;10;5;3;1;21;-5.5211981003985855;25;3;2;3;4;2;5;6;2;9;25;4;3;4;20;8.343516897737867;1;3;0;2;0;5;20;3.532023860578929;2;17;20;-3.4782518681946315;0;5;14;2;19;15;4;3;6;11;1;1;3;4;3;10;5;1;1;20;9.806794928867825;13;4;20;-0.5366584380789552;5;3;5;2;22;5.126309108798239;15
EVAL_INSTANCE:7:0:140
EVAL_INSTANCE:7:1:141
EVAL_INSTANCE:7:2:142
EVAL_INSTANCE:7:3:143
EVAL_INSTANCE:7:4:144
EVAL_INSTANCE:7:5:145
EVAL_INSTANCE:7:6:146
EVAL_INSTANCE:7:7:147
EVAL_INSTANCE:7:8:148
EVAL_INSTANCE:7:9:149
RUN_RESULT:7:0:0:2000:----
RUN_RESULT:7:1:0:2000:----
RUN_RESULT:7:2:0:2000:----
RUN_RESULT:7:3:0:2000:----
RUN_RESULT:7:4:0:2000:----
RUN_RESULT:7:5:0:2000:----
RUN_RESULT:7:6:0:2000:----
RUN_RESULT:7:7:0:2000:----
RUN_RESULT:7:8:0:2000:----
RUN_RESULT:7:9:0:2000:----
     8 |       80 |  0.000000E+00 | -0.000000E+00
TRACK:150;8;0;0;3;6;5;4;4;3;0;0;3;9;5;7;-6.257266748787929;4;2;21;-2.776360549348449;22;2.9448832533837894;2;2;3;6;3;3;3;2;6;10;6;15;6;4;0;1;6;4;0;22;6.408406580541655;10;3;5;2;24;22;-9.295455763989962;2;6;3;4;25;3;1;1;20;-7.537833144229753;22;-5.970774001428318;4;19;0;6;2;3;1;3;5;5;23;-5.124010727406228;5;3;2;25;10;2;4;4;0;3;13;5;15;4;2;5;0;24;25;0;5;8;6;21;-6.771852628930652;3;3;2;0;5;5;5;24;0;1;6;9;1;7;-8.8446594628528;19;5;0;12;14;1;0;3;6;25;2;5;13;2;7;5.8269146595156585;17;4;1;4;7;-6.8856396711382795;1;15;11
TRACK:151;8;0;1;1;0;3;0;6;1;2;1;4;21;-8.091695645771441;3;24;2;2;18;9;3;19;2;0;5;21;-7.2959812932800805;3;16;2;2;7;-4.493181850482875;20;0.7795200228939336;1;14;11;2;5;2;2;0;19;25;5;8;5;5;9;0;3;0;5;20;-5.020657470907446;3;24;4;0;5;16;6;13;6;1;1;6;5;4;2;21;2.7132108609914596;10;0;5;4;4;23;-5.613450788097989;0;6;4;24;2;5;13;4;7;-9.301745737281212;5;2;3;6;2;22;7.607318748444371;9;0;1;1;23;-1.5694153766874734;13;4;22;-8.592682090192676;2;4;13;2;18;8;6;2;5;0;3;0;5;3;22;-0.46800007632423757;4;24;1;3;5;6;13;0;2;3;10;0;23;-6.3481384793703155;22;-3.5331572321449496;6;4;12;5;6;5;3;2;2;14;7;-1.3035809828779996;3;22;6.2665076758869915;0;5;0;0;4;0;6;3;0;19;22;6.659200931465364;5;4;2;22;-3.76164374361805;10;2;3;5;3;0;12;9;5;4;1;0;20;-9.908004235067462;13;2;23;6.339456973303058;12;6;2;3;5;0;4;14;3;8;4;2;3;6;7;-1.2569761934032346;3;5;21;6.977437885021079;5;5;3;6;4;5;0;6;18;0;15;18
TRACK:152;3;2;4;1;3;5;2;4;1;5;3;2;24;10;0;6;4;17;1;0;19;9;5;22;-7.62975071277647;6;1;1;3;4;18;0;5;9;5;20;-2.9816156354807717;5;0;1;17;8;4;17;4;5;5;5;0;0;2;5;7;-5.911158253709241;2;19;8;4;4;7;3.746056277809327;1;4;0;19;7;3.9275169441683353;4;2;20;2.31521386465449;22;4.238491789315953
TRACK:153;3;2;3;2;1;5;4;6;1;3;3;4;23;8.776868184220028;1;4;4;19;6;0;22;1.4732763329787435;15;5;3;0;0;0;2;3;9;3;8;5;5;7;-5.865911246557749;0;0;1;9;15;4;19;2;2;8;7;0.27639591876486946;2;17;16;2;1;6;2;14;15;4;4;25;1;5;5;14;4;5;19;0;0;0;5;4;0;1;5;11;0;10;8;6;0;21;-7.764013924383677;22;8.021119822980037;6;0;4;5;6;11;5;1;2;22;7.96336029676803;12;2;7;-1.06748086910439;16;1;5;5;4;5;6;25;1;5;6;2;4;19;2;8;12;4;4;5;2;24;7;7.75869826608535;1;2;1;0;3;5;3;8;4;2;1;24;8;4;17;0;0;4;1;20;-8.050513760080563;19;6;0;18;20;-9.399501037894344;0;6;3;18;5;5;7;-5.911158253709241;2;6;4;6;2;21;2.2856639257123277;11;4;4;5;5;25;1;6;4;6;2;2;22;-3.960708720543222;16;1;18;11;4;5;3;0;2;18;18;1;24;7;3.746056277809327
TRACK:154;7;2;3;2;6;2;6;1;1;5;3;0;22;-2.976818997446557;13;5;0;0;19;11;2;10;24;2;5;0;0;14;10;1;14;13;0;2;3;24;2;23;7.967019396695257;20;3.418830663647279;6;4;15;4;0;3;3;6;0;11;20;6.438428466161334;0;5;1;2;13;12;5;16;6;4;0;19;10;0;0;3;4;3;1;5;6;18;2;0;19;9;2;20;2.013526145735474;8;5;1;3;6;1;4;22;1.2733373695578294;3;22;-7.108224051687076;9;4;0;3;3;5;1;0;7;1.7220496612518055;14;1;17;24;1;3;5;1;4;9;2;24;11;4;1;1;2;8;16;3;22;-6.453663071411874;1;2;24;20;8.339831654716583;5;18
TRACK:155;7;2;3;2;1;5;4;6;1;3;3;4;23;8.776868184220028;1;4;4;19;6;0;22;1.4732763329787435;15;5;3;0;0;0;2;3;9;3;8;5;5;7;-5.865911246557749;0;0;1;9;15;4;19;2;2;8;7;0.27639591876486946;2;17;16;2;1;6;2;14;15;4;4;25;1;5;5;14;4;5;19;0;0;0;5;4;0;1;5;11;0;10;8;6;0;21;-7.764013924383677;22;8.021119822980037;6;0;4;5;6;11;5;1;2;22;7.96336029676803;12;2;7;-1.06748086910439;16;1;5;5;4;5;6;25;1;5;6;2;4;19;2;8;12;4;4;5;2;24;7;7.75869826608535;1;2;1;0;3;5;1;17;24;4;2;1;24;8;4;17;0;0;4;1;20;-8.050513760080563;19;6;0;18;20;-9.399501037894344;0;6;3;18;5;5;7;-5.911158253709241;2;6;4;6;2;21;2.2856639257123277;11;4;4;5;5;25;1;6;4;6;2;2;22;-3.960708720543222;16;1;18;11;4;5;3;0;2;18;18;1;24;23;-0.02386083831450847
TRACK:156;4;0;6;2;1;3;4;5;1;0;4;5;9;5;1;17;20;-0.9469520391402249;4;3;6;11;3;1;1;2;2;0;2;12;7;4.470267418986431;3;19;1;1;25;10;3;12;5;4;3;20;1.1111835709952107;0;5;4;4;21;0.09725600831221648;0;0;4;25;1;15;21;-5.296068650115535;3;0;20;-5.759894496157303;16;1;2;6;6;2;10;7;9.943590620202272;6;2;4;12;3;8;5;5;3;6;23;7.881597015613789;6;1;6;1;6;5;1;2;16;22;8.574948275305786;2;19;9;4;3;2;0;24;12;3;25;2;2;1;1;5;3;23;2.245224886766639;3;4;12;6;5;5;24;1;2;0;5;17;4;18;5;4;14;1;5;1;24;20;7.337434257486006;5;5;21;-7.2959812932800805;6;6;3;1;0;20;5.324096622276201;13;0;20;-9.219556274613506;21;-3.9433415675650547
TRACK:157;4;0;1;1;0;3;0;6;1;2;1;4;21;-8.091695645771441;3;24;2;2;18;9;3;19;2;0;5;21;-7.2959812932800805;3;17;2;2;7;-4.493181850482875;20;0.7795200228939336;1;14;11;2;5;2;2;0;19;25;5;8;5;5;9;0;3;0;5;20;-5.020657470907446;3;24;4;0;5;16;6;13;6;1;1;6;5;4;2;21;2.7132108609914596;10;0;5;4;4;23;-5.613450788097989;0;6;4;24;2;5;13;4;7;-9.301745737281212;5;2;3;6;2;22;7.607318748444371;9;0;1;1;23;-1.5694153766874734;13;4;22;-8.592682090192676;2;4;13;2;18;8;6;2;5;0;3;0;5;3;22;-0.46800007632423757;4;6;15;1;3;5;6;13;0;2;3;10;0;23;-6.3481384793703155;22;-3.5331572321449496;6;4;12;5;6;5;3;2;2;14;7;-1.3035809828779996;3;22;6.2665076758869915;0;5;0;0;4;0;6;3;0;19;22;6.659200931465364;5;4;2;22;-3.76164374361805;10;2;3;5;3;0;12;9;5;4;1;0;20;-9.908004235067462;13;2;23;6.339456973303058;12;6;2;3;5;0;4;14;3;8;4;2;3;6;7;-1.2569761934032346;3;5;21;6.977437885021079;5;5;3;6;4;5;0;6;18;0;15;18
TRACK:158;7;1;3;2;6;2;6;1;1;5;3;0;22;-2.976818997446557;13;5;0;0;19;17;2;10;24;2;5;0;0;14;10;1;14;13;0;2;3;24;2;23;7.967019396695257;20;3.418830663647279;6;4;15;4;0;3;3;6;0;11;20;6.438428466161334;0;5;1;2;13;12;5;16;6;4;0;19;10;0;0;3;4;3;1;5;6;18;2;0;19;9;2;20;2.013526145735474;8;5;1;3;6;1;4;22;1.2733373695578294;3;22;-7.108224051687076;5;4;4;6;19;4;0;3;3;5;1;0;7;1.7220496612518055;14;1;17;24;1;3;5;1;4;9;2;24;11;4;1;1;2;8;16;3;22;-6.453663071411874;1;2;24;20;8.339831654716583;5;18
TRACK:159;7;1;1;5;4;6;1;4;1;1;0;5;11;6;12;0;2;17;23;7.343588116177962;2;22;7.659724088851995;7;-5.032585141132115;3;6;4;12;2;3;0;3;5;17;6;2;11;22;0.6553455134787516;0;2;2;0;10;25;0;12;25;3;4;17;0;1;5;19;4;13;1;6;18;4;8;5;4;1;3;3;1;6;5;1;16;17;4;0;0;15;20;4.682158380378638;2;21;-7.427170659245787;20;9.57956403425339;4;1;3;6;1;0;9;11;24;5;2;0;1;25;16;1;9;9;4;0;21;-9.080057985711424;20;-6.565205663428026
TRACK:160;150;-1;0;3;6;5;4;4;3;0;0;3;9;5;7;-6.360720344186905;4;2;21;-2.6458723247927285;22;2.957275704460105;2;2;3;6;3;3;3;2;6;10;6;15;6;4;0;1;6;4;0;22;6.506411061782929;10;3;5;2;24;22;-9.374359986836186;2;6;3;4;25;3;1;1;20;-7.309984141558525;22;-5.69717773050856;4;19;0;6;2;3;1;3;5;5;23;-5.047399439258222;5;3;2;25;10;2;4;4;0;3;13;5;15;4;2;5;0;24;25;0;5;8;6;21;-6.810473808973782;3;3;2;0;5;5;5;24;0;1;6;9;1;7;-8.728819023158605;19;5;0;12;14;1;0;3;6;23;5.616618672071088;2;5;13;2;7;5.693204847391914;17;4;1;4;7;-6.921435959414236;1;15;11
TRACK:161;152;-1;4;1;3;5;2;4;1;5;3;2;24;10;0;6;4;17;1;0;19;9;5;22;-7.387061394594261;6;1;1;3;4;18;0;5;9;5;20;-3.1434351720955567;5;0;1;17;8;4;17;4;5;5;5;0;0;2;5;7;-5.88332521497406;2;19;8;4;4;7;3.4492674020852707;1;4;0;19;7;3.7668975490233025;4;4;23;6.225982717706135
TRACK:162;7;-1;3;2;6;2;6;1;1;5;3;0;22;-2.9537965916356854;13;5;0;0;19;11;2;10;24;2;5;0;0;14;10;1;14;13;0;2;3;24;2;23;8.275180198036285;20;3.5240236943761123;6;25;4;0;3;3;6;0;11;20;6.509319826450161;0;5;1;2;13;12;5;16;6;4;0;19;10;0;0;3;4;3;1;5;6;18;2;0;19;9;2;20;2.1970755283713435;8;5;1;3;6;1;4;22;1.242529008498898;3;22;-7.017170714209936;5;4;4;6;19;4;0;3;3;5;1;0;7;1.7984547091804999;14;1;17;24;1;3;5;1;4;9;2;24;11;4;1;1;2;8;16;3;22;-6.543737809270232;1;2;24;20;8.381631159204678;5;18
TRACK:163;156;-1;6;2;1;3;4;5;1;0;4;5;9;5;1;17;20;-0.9007042795933748;4;3;6;11;3;1;1;2;2;0;2;12;7;4.281073147650539;3;19;1;1;25;10;3;12;5;4;3;20;1.1499867189310797;0;5;4;4;21;0.20367330352327612;0;0;4;25;1;15;21;-5.342167931714796;3;0;20;-5.873342838650155;16;1;2;6;6;6;21;4.051440311833305;6;2;4;12;3;8;5;5;3;6;23;7.998097120583835;6;1;6;1;6;5;1;2;16;22;8.651055387989484;2;19;9;4;3;2;0;24;12;3;25;2;2;1;1;5;3;23;2.3299906959323913;3;4;12;6;5;5;24;1;2;0;5;17;4;18;5;4;14;1;5;1;24;20;7.221261432725175;5;5;21;-7.360137775713136;6;6;3;1;0;20;5.451865564320356;13;0;20;-9.261367240681938;21;-3.9697915957268703
TRACK:164;158;-1;3;2;6;2;6;1;1;5;3;0;22;-3.0778643348270855;13;5;0;0;19;17;2;10;24;2;5;0;0;14;10;1;14;13;0;2;3;24;2;23;8.101863273392464;20;3.5581649090990615;6;4;15;4;0;3;3;6;0;11;20;6.388926261090514;0;5;1;2;13;12;5;16;6;4;0;19;10;0;0;3;4;3;1;5;6;18;2;0;19;9;2;20;2.100298232326728;8;5;1;3;6;1;4;22;1.3511516457707622;3;22;-7.054904596073902;5;4;4;6;19;4;0;3;3;5;1;0;7;1.6299939995273176;14;1;17;24;1;3;5;1;4;9;2;24;11;3;16
TRACK:165;151;-1;1;1;0;3;0;6;1;2;1;4;21;-7.986379685054343;3;24;2;2;18;9;3;19;2;0;5;21;-7.305694190862173;3;16;2;2;7;-4.312899543654984;20;0.6446695623795617;1;14;11;2;5;2;2;0;19;25;5;8;5;5;9;0;3;0;5;20;-4.831102869071212;3;24;4;0;5;16;6;13;6;1;1;6;5;4;2;21;2.81408906104379;10;0;5;4;4;23;-5.661364609364953;0;6;4;24;2;5;13;4;7;-9.496946628859414;5;2;3;6;2;22;7.6623999976935;9;0;1;1;23;-1.5280255593425187;13;4;22;-8.587790239279474;2;4;13;2;18;8;6;1;0;0;1;16;22;-9.548423733095719;3;20;-6.652783801659892;0;5;21;8.571364707732162;4;14;5;0;3;10;0;14;18;0;5;0;0;4;0;6;3;0;19;22;6.772667995689244;5;4;2;22;-3.816759016467524;10;2;3;5;3;0;12;9;5;4;1;0;20;-10.0;13;2;23;6.081010324497825;12;6;2;3;5;0;4;14;3;8;4;2;3;6;7;-1.303158487757031;3;5;21;7.10838152695451;5;5;3;6;4;5;0;6;18;0;15;18
TRACK:166;153;-1;3;2;1;5;4;6;9;5;3;0;0;0;2;3;9;3;8;5;5;7;-5.948314040968515;0;0;1;9;15;4;19;2;2;8;7;0.1535898886332599;2;17;16;2;1;6;2;14;15;4;4;25;1;5;5;14;4;5;19;0;0;0;5;4;0;1;5;11;0;10;8;6;0;21;-7.726008546585372;22;8.066012023681587;6;0;4;5;6;11;5;1;2;22;7.734643101013396;12;2;7;-1.0677151823180149;16;1;5;5;4;5;6;25;1;5;6;2;4;19;2;8;12;4;4;5;2;24;7;7.605523939285095;1;2;1;0;3;5;3;8;4;2;1;24;8;4;17;0;0;4;1;20;-8.097272326687643;19;6;0;18;20;-9.373568144819227;0;6;3;18;5;5;7;-6.014437565154737;2;6;4;6;2;21;2.5645822780328054;11;4;4;5;5;25;1;6;4;6;2;2;22;-3.924087910147101;16;1;18;11;4;5;3;0;2;18;18;1;24;7;3.7550062450310713
TRACK:167;2;-1;3;2;1;5;4;6;1;3;3;4;23;8.746980850652845;1;4;4;19;6;0;22;1.6091914414522837;15;5;3;0;0;0;2;3;9;3;8;5;5;7;-5.875771559503051;0;0;1;9;15;4;19;2;2;8;7;0.2908302808336712;2;17;16;2;1;6;2;14;15;4;13;1;5;5;14;4;5;19;0;0;0;5;4;0;1;5;11;0;10;8;6;0;21;-7.77274987830463;22;8.0565029894122;6;0;4;5;6;11;5;1;2;22;7.9857546731914555;12;2;7;-1.2281622606951454;16;1;5;5;4;5;6;25;1;5;6;2;4;19;2;8;12;4;4;5;2;24;7;7.988465788972745;1;2;1;0;3;5;3;8;4;2;1;24;8;4;17;0;0;4;1;20;-8.070037809437496;19;6;0;18;20;-9.466166716726852;0;6;3;18;5;5;7;-5.81063245584479;2;6;4;6;2;21;2.180230972963546;11;4;4;5;5;25;1;6;4;6;2;2;22;-3.8359884115486897;16;1;18;11;4;5;3;0;2;18;18;1;24;23;-0.019871415204803917
TRACK:168;157;-1;1;1;0;3;0;6;1;2;1;4;21;-8.070141210652311;3;24;2;2;18;9;3;19;2;0;5;21;-7.235816392561398;3;17;2;2;7;-4.540341957837267;20;0.9456636192426997;1;14;11;2;5;2;2;0;19;25;5;8;5;5;9;0;3;0;5;20;-5.081815302967772;3;24;4;0;5;16;6;13;6;1;1;6;5;4;2;21;2.643977472139889;10;0;5;4;4;23;-5.577121899131611;0;6;4;24;2;5;13;4;7;-9.380791648712846;5;2;3;6;2;22;7.599674446388212;9;0;1;1;23;-1.5862893541094403;13;4;22;-8.445150062397401;2;4;13;2;18;8;6;2;5;0;3;0;5;3;22;-0.4517020044214533;4;6;15;1;3;5;6;13;0;2;3;10;0;23;-6.356547106289044;22;-3.480902695730306;6;4;12;5;6;5;3;2;2;14;7;-1.2742103757685368;3;22;6.191366569308471;0;5;0;0;4;0;6;3;0;12;25;5;4;2;22;-3.7281508892978446;10;2;3;5;3;0;12;9;5;4;1;0;20;-10.0;13;2;23;6.386565818684889;12;6;2;3;5;0;4;14;3;8;4;2;3;6;7;-1.1812281510822735;3;5;21;6.990350756558801;5;5;3;6;4;5;0;6;18;0;15;18
TRACK:169;159;-1;1;5;4;6;1;4;1;1;0;5;11;6;12;0;2;17;23;7.322877877865817;2;22;7.754521438201454;7;-5.1074257369631715;3;6;4;12;2;3;3;3;3;23;6.535565406061295;0;2;2;0;10;25;0;12;25;3;4;17;0;1;5;19;4;13;1;6;18;4;8;5;4;1;3;3;1;6;5;1;16;17;4;0;0;15;20;4.608478766782616;2;21;-7.536098525625983;20;9.57763672184581;4;1;3;6;1;0;9;11;24;5;2;0;1;25;16;1;9;9;4;0;21;-8.961726389538667;20;-6.701130848555475
EVAL_INSTANCE:8:0:160
EVAL_INSTANCE:8:1:161
EVAL_INSTANCE:8:2:162
EVAL_INSTANCE:8:3:163
EVAL_INSTANCE:8:4:164
EVAL_INSTANCE:8:5:165
EVAL_INSTANCE:8:6:166
EVAL_INSTANCE:8:7:167
EVAL_INSTANCE:8:8:168
EVAL_INSTANCE:8:9:169
RUN_RESULT:8:0:0:2000:----
RUN_RESULT:8:1:0:2000:----
RUN_RESULT:8:2:0:2000:----
RUN_RESULT:8:3:0:2000:----
RUN_RESULT:8:4:0:2000:----
RUN_RESULT:8:5:0:2000:----
RUN_RESULT:8:6:0:2000:----
RUN_RESULT:8:7:0:2000:----
RUN_RESULT:8:8:0:2000:----
RUN_RESULT:8:9:0:2000:----
     9 |       90 |  0.000000E+00 | -0.000000E+00
TRACK:170;4;5;6;2;1;3;4;5;1;0;4;5;9;5;1;17;20;-0.9469520391402249;4;3;6;11;3;1;1;2;2;0;2;12;7;4.470267418986431;3;19;1;1;25;10;3;12;5;4;3;20;1.1111835709952107;0;5;4;4;21;0.09725600831221648;0;0;4;25;1;15;21;-5.296068650115535;3;0;20;-5.759894496157303;16;1;2;6;6;2;10;7;9.943590620202272;6;2;4;12;3;8;5;5;3;6;23;7.881597015613789;6;1;6;1;6;5;1;2;16;22;8.574948275305786;2;19;9;4;3;2;0;24;12;3;25;2;2;1;1;5;3;23;2.245224886766639;3;4;12;6;5;5;24;1;2;0;5;17;4;18;5;4;14;1;5;1;24;20;7.337434257486006;5;5;24;6;6;3;1;0;20;5.324096622276201;13;0;19;25
TRACK:171;4;5;1;6;6;1;3;6;4;4;4;0;24;14;4;4;0;0;2;5;9;6;20;-8.726255855688649;2;5;14;6;7;-9.95321655497277;4;6;1;10;24;4;2;5;3;6;0;1;6;6;21;4.012117523453231;0;2;7;-4.5988989645168825;24;6;18;3;2;0;10;10;0;19;25;3;6;0;0;0;0;0;16;18;6;18;1;1;13;19;2;19;24;2;4;3;22;-6.567802755968186;4;3;9;2;5;0;3;19;3;21;-2.206724557577269;5;2;3;21;-5.471633268653154;3;15
TRACK:172;2;9;3;2;1;5;4;6;1;3;3;4;23;8.776868184220028;1;4;4;19;6;0;22;1.4732763329787435;15;5;3;0;0;0;2;3;9;3;8;5;5;7;-5.865911246557749;0;0;1;9;15;4;19;2;2;8;7;0.27639591876486946;2;17;16;2;1;6;2;14;15;4;4;25;1;5;5;14;4;5;19;0;0;0;5;4;0;1;5;11;0;10;8;6;0;21;-7.764013924383677;22;8.021119822980037;6;0;4;5;6;11;5;1;2;22;7.96336029676803;12;2;7;-1.06748086910439;16;1;5;5;4;5;6;25;1;5;6;2;4;19;2;8;12;4;4;5;2;24;7;7.75869826608535;1;2;1;0;3;5;3;8;4;2;1;24;8;4;17;0;0;4;1;20;-8.050513760080563;19;6;0;18;20;-9.399501037894344;0;6;3;18;5;5;7;-5.911158253709241;2;6;4;23;6.970669534347628;4;4;5;5;25;1;6;4;6;2;2;22;-3.960708720543222;16;1;18;11;4;5;3;0;2;18;18;1;24;23;-0.02386083831450847
TRACK:173;2;9;1;2;6;1;2;5;0;3;4;4;25;4;3;1;8;9;2;6;6;4;3;17;2;1;6;2;18;7;3.5228825611996495;4;3;8;2;6;5;12;6;4;23;-2.984599812694464;4;4;5;3;4;2;21;8.24772233220132;21;-1.9113830722890874;3;6;3;6;5;5;5;5;21;2.970980681343576;5;5;4;0;1;4;5;6;0;23;9.649455451473315;9;3;0;6;0;10;23;6.970669534347628;2;2;18;21;1.5498005403086346;3;23;-5.041012822695958;6;5;4;5;2;12;21;-6.960626994994536
TRACK:174;0;9;1;1;0;3;0;6;1;2;1;4;21;-8.091695645771441;3;24;2;2;18;9;3;19;2;0;5;21;-7.2959812932800805;3;16;2;2;7;-4.493181850482875;20;0.7795200228939336;1;14;11;2;5;2;2;0;19;25;5;8;5;5;9;0;3;0;5;20;-5.020657470907446;3;24;4;0;5;16;6;13;6;1;1;6;5;4;2;21;2.7132108609914596;10;0;5;4;4;23;-5.613450788097989;0;6;4;24;2;5;13;4;7;-9.301745737281212;5;2;3;6;2;22;7.607318748444371;9;0;1;1;23;-1.5694153766874734;13;4;22;-8.592682090192676;2;4;13;2;18;8;6;2;5;0;3;0;5;3;22;-0.46800007632423757;4;6;15;1;3;5;6;13;0;2;3;10;0;23;-6.3481384793703155;22;-3.5331572321449496;6;4;12;5;6;5;3;2;2;14;7;-1.3035809828779996;3;22;6.2665076758869915;0;5;0;0;4;0;6;3;0;19;22;6.659200931465364;2;2;18;21;1.5498005403086346;3;23;-5.041012822695958;2;3;5;3;0;12;9;5;4;1;0;20;-9.908004235067462;13;2;23;6.339456973303058;12;6;2;3;5;0;4;14;3;8;4;2;3;6;7;-1.2569761934032346;3;5;21;6.977437885021079;5;5;3;6;4;5;0;6;18;0;15;18
TRACK:175;0;9;1;2;6;1;2;5;0;3;4;4;25;4;3;1;8;9;2;6;6;4;3;17;2;1;6;2;18;7;3.5228825611996495;4;3;7;1.3148694180032034;2;6;5;12;6;4;23;-2.984599812694464;4;4;5;3;4;2;23;-6.3481384793703155;21;-1.9113830722890874;3;6;3;6;5;5;5;5;21;2.970980681343576;5;5;4;0;1;4;5;6;0;23;9.649455451473315;9;3;0;6;0;10;23;6.970669534347628;2;2;18;21;1.5498005403086346;3;23;-5.041012822695958;6;5;4;5;2;12;21;-6.960626994994536
TRACK:176;4;7;6;2;1;3;4;5;1;0;4;5;9;5;1;17;20;-0.9469520391402249;4;3;6;11;3;1;1;2;2;0;2;12;7;4.470267418986431;3;19;1;1;25;10;3;12;5;4;3;20;1.1111835709952107;0;5;4;4;21;0.09725600831221648;0;0;4;25;1;15;21;-5.296068650115535;3;0;22;-6.453663071411874;16;1;2;6;6;2;10;7;9.943590620202272;6;2;4;12;3;8;5;5;3;6;23;7.881597015613789;6;1;6;1;6;5;1;2;16;22;8.574948275305786;2;19;9;4;3;2;0;24;12;3;25;2;2;1;1;5;3;23;2.245224886766639;3;4;12;6;5;5;24;1;2;0;5;17;4;18;5;4;14;1;5;1;24;20;7.337434257486006;5;5;24;6;6;3;1;0;20;5.324096622276201;13;0;20;-9.219556274613506;21;-3.9433415675650547
TRACK:177;4;7;3;2;6;2;6;1;1;5;3;0;22;-2.976818997446557;13;5;0;0;19;11;2;10;24;2;5;0;0;14;10;1;14;13;0;2;3;24;2;23;7.967019396695257;20;3.418830663647279;6;4;15;6;6;3;1;0;20;5.324096622276201;13;0;20;-9.219556274613506;21;-3.9433415675650547;0;0;3;4;3;1;5;6;18;2;0;19;9;2;20;2.013526145735474;8;5;1;3;6;1;4;22;1.2733373695578294;3;22;-7.108224051687076;5;4;4;6;19;4;0;3;3;5;1;0;7;1.7220496612518055;14;1;17;24;1;3;5;1;4;9;2;24;11;4;1;1;2;8;16;3;22;-6.453663071411874;1;2;24;20;8.339831654716583;5;18
TRACK:178;6;3;3;1;1;4;3;1;1;5;0;6;15;2;20;1.7224974763093641;20;7.177099101969013;0;2;0;25;7;4.689855129983286;4;16;6;5;21;-7.862144299204303;2;1;1;4;7;-7.325792350559537;6;24;1;3;12;1;9;13;6;1;1;18;10;2;25;21;9.92730155650895;3;6;4;1;0;2;2;8;12;1;12;12;4;4;10;5;3;1;21;-5.38438680582463;25;3;2;3;4;2;5;6;2;9;25;4;3;4;9;1;3;0;2;0;5;20;3.464618466817333;2;17;20;-3.3978690850992965;0;5;14;2;19;15;4;3;6;22;-7.62975071277647;1;1;3;4;3;10;5;1;1;20;9.915510388428196;13;4;20;-0.382656399841661;5;3;5;2;22;5.099092897541018;15
TRACK:179;6;3;4;1;3;5;2;4;1;5;3;2;24;10;0;6;4;17;1;0;19;9;5;22;-7.62975071277647;6;1;1;3;4;18;0;5;9;8;5;0;1;17;8;4;17;4;5;5;5;0;0;2;5;14;2;19;8;4;4;7;3.746056277809327;1;4;0;19;7;3.9275169441683353;4;2;20;2.31521386465449;22;4.238491789315953
TRACK:180;170;-1;6;2;1;3;4;5;1;0;4;5;9;5;1;17;20;-1.0652699392853557;4;3;15;3;1;1;2;2;0;2;12;7;4.245908114192733;3;19;1;1;25;10;3;12;5;4;3;20;1.3061013446303777;0;5;4;4;21;0.2042431644259341;0;0;4;25;1;15;21;-5.333143394756196;3;0;20;-5.636442605836502;16;1;2;6;6;2;10;7;9.920668453033235;6;2;4;12;3;8;5;5;3;6;23;7.749354797743156;6;1;6;1;6;5;1;2;16;22;8.440088254061273;2;19;9;4;3;2;0;24;12;3;25;2;2;1;1;5;3;23;2.199040641179548;3;4;12;6;5;5;24;1;2;0;5;17;4;18;5;4;14;1;5;1;24;20;7.356936023788234;5;5;24;6;6;3;1;0;20;5.312746256007167;13;0;19;25
TRACK:181;172;-1;3;2;1;5;4;6;1;3;3;4;23;8.803118937481548;1;4;4;19;6;0;22;1.3493025315017877;15;5;3;0;0;0;2;3;9;3;8;5;5;7;-5.9156698467117685;0;0;1;9;15;4;19;2;2;8;7;0.1668527885521027;2;17;16;2;1;6;2;14;15;4;4;25;1;5;5;14;4;5;19;0;0;0;5;4;0;1;5;11;0;10;8;6;0;21;-7.855132902594726;22;8.121595641240694;6;0;4;5;6;11;5;1;2;22;8.053793192214316;12;2;7;-1.0761436955974957;16;1;5;5;4;5;6;25;1;5;6;2;4;19;2;8;12;4;4;5;2;24;7;7.79562079141533;1;2;1;0;3;5;3;8;4;2;1;24;8;4;17;0;0;4;1;20;-8.080362498374043;19;6;0;22;-6.673599612061317;14;0;6;3;18;5;5;7;-5.910339632131098;2;6;4;23;7.059537437583482;4;4;5;5;25;1;6;4;6;2;2;22;-3.9870277356063446;16;1;18;11;4;5;3;0;2;18;18;1;24;23;-0.07105334288297521
TRACK:182;174;-1;1;1;0;3;0;6;1;2;1;4;21;-8.008748234668394;3;24;2;2;18;9;3;19;2;0;5;21;-7.430000294256123;3;16;2;2;7;-4.575967423692778;20;0.856690275995122;1;14;11;2;5;2;2;0;19;25;5;8;5;5;9;0;3;0;5;20;-4.995797021767651;3;24;4;0;5;16;6;13;6;1;1;6;5;4;2;21;2.798629024152346;10;0;5;4;4;23;-5.577672257820611;0;6;4;24;2;5;13;4;7;-9.314133051874133;5;2;3;6;2;22;7.763455960558317;9;0;1;1;23;-1.6414438096602466;13;4;22;-8.553448204332913;2;4;13;5;14;6;2;5;0;3;0;5;3;22;-0.38923852303356643;4;6;15;1;3;5;6;13;0;2;3;10;0;23;-6.2081776269812385;22;-3.4237297429654547;6;4;12;5;6;5;3;2;2;14;7;-1.2723643127810191;3;22;6.133035960353655;0;5;0;0;4;0;6;3;0;19;22;6.537571967194617;2;2;18;21;1.5428673714059187;3;23;-4.9464782660418685;2;3;5;3;0;12;9;5;4;1;0;20;-9.956393299470081;13;2;23;6.417287712352451;12;6;2;3;5;0;4;14;3;8;4;2;3;6;7;-1.2937479166114199;3;5;21;6.89686294849514;5;5;3;6;4;5;0;6;18;0;15;18
TRACK:183;176;-1;6;2;1;3;4;5;1;0;4;5;9;5;1;17;20;-0.9111348539968352;4;3;6;11;3;1;1;2;2;0;2;12;7;4.439218407226473;3;19;1;1;25;10;3;12;5;4;3;20;1.158290438023519;0;5;4;4;21;0.14731808446883896;0;0;4;25;1;15;21;-5.337427366532019;3;0;22;-6.45903403475009;16;1;2;6;6;2;10;7;9.96627635372003;6;2;4;12;3;8;5;5;3;6;23;7.876355525179921;6;1;6;1;6;5;1;2;16;22;8.686096009148576;2;19;9;4;3;2;0;24;12;3;25;2;2;1;1;5;3;23;2.332697910149343;3;4;12;6;5;5;24;1;2;0;5;17;4;18;5;4;14;1;5;1;24;20;7.297713846376972;5;5;24;6;6;6;25
TRACK:184;178;-1;3;1;1;4;3;1;1;5;0;6;15;2;20;1.6012309316156517;20;7.150072669127031;0;2;0;25;7;4.658705966254057;4;16;6;5;21;-7.995555219095096;2;1;1;4;7;-7.378187978682395;6;24;1;3;12;1;9;13;6;1;1;18;10;2;25;21;9.883462570382706;3;6;4;1;0;2;2;8;12;1;12;12;4;4;10;5;3;1;21;-5.489032243128143;25;3;2;3;4;2;5;6;2;9;25;4;3;4;9;1;3;0;2;0;5;20;3.53202087511392;2;17;20;-3.4606146083015865;0;5;14;2;19;15;4;3;6;22;-7.670678199364878;1;1;3;4;3;10;5;1;1;24;11;4;20;-0.5005654360230409;5;3;5;2;22;5.187066293552695;15
TRACK:185;171;-1;1;6;6;1;3;6;4;4;4;0;24;14;4;4;6;6;14;4;2;5;3;6;0;1;6;6;21;4.028606099547379;0;2;7;-4.588829255763801;24;6;18;3;2;0;10;10;0;19;25;3;6;0;0;0;0;0;16;18;6;18;1;1;13;19;2;19;24;2;4;3;22;-6.5656913820384455;4;3;9;2;5;0;3;19;3;21;-2.4016989375180473;5;2;3;21;-5.426693501487302;3;15
TRACK:186;173;-1;1;2;6;1;2;5;0;3;4;4;25;4;3;1;8;9;2;6;6;4;3;17;2;1;6;2;18;7;3.4582359704635404;4;3;8;2;6;5;12;6;4;23;-2.841987107624528;4;4;5;3;4;2;21;8.305798097876497;21;-1.9073230951731952;3;6;3;6;5;5;5;5;21;2.996038331627593;5;5;4;0;1;4;5;6;0;23;9.631101859284522;9;3;0;6;0;10;23;6.95031002620303;2;2;18;21;1.3264841646763714;3;23;-5.039334268675066;6;5;4;6;23;-5.566339319388931
TRACK:187;175;-1;1;2;6;1;2;5;0;3;4;4;25;4;3;1;8;15;2;6;6;4;3;17;2;1;6;2;18;7;3.400034624962917;4;3;7;1.3089202946479521;2;6;5;12;6;4;23;-3.0077069736355715;4;4;5;3;4;2;23;-6.291702867228279;21;-2.112729422400204;3;6;3;6;5;5;5;5;21;2.8525422275567593;5;5;4;0;1;4;5;6;0;23;9.835588196699675;9;3;0;6;0;10;23;7.020668315992088;2;2;18;21;1.5301320401428362;3;23;-4.980660438731471;6;5;4;5;2;12;21;-6.835281805819312
TRACK:188;177;-1;3;2;6;2;6;1;1;5;3;0;22;-3.0683013485406394;13;5;0;0;19;11;2;10;24;2;5;0;0;14;10;1;14;13;0;2;3;24;2;23;7.968239729144717;20;3.418725618175499;6;4;15;6;6;3;1;0;20;5.207927242343318;13;0;20;-9.135907268065443;21;-3.892872160787083;0;0;3;4;3;1;5;6;18;2;0;19;9;2;20;2.110155021001573;8;5;1;3;6;1;4;22;1.3540303873121946;3;22;-6.973773858834069;5;4;4;6;19;4;0;3;3;5;1;0;7;1.6289097286603182;14;1;17;24;1;3;5;1;4;9;2;24;11;4;1;1;2;8;16;3;22;-6.560817736261762;1;2;24;24;5;18
TRACK:189;179;-1;4;1;3;5;2;6;2;2;6;23;-4.303317936102875;4;12;5;5;21;-4.398744415494853;6;1;1;3;4;18;0;5;9;8;5;0;1;17;8;4;17;4;5;5;5;0;0;2;5;14;2;19;8;4;4;7;3.7735244365784593;1;4;0;19;7;3.9268571503172978;4;2;20;2.1506264066650846;22;4.312579877033851
EVAL_INSTANCE:9:0:180
EVAL_INSTANCE:9:1:181
EVAL_INSTANCE:9:2:182
EVAL_INSTANCE:9:3:183
EVAL_INSTANCE:9:4:184
EVAL_INSTANCE:9:5:185
EVAL_INSTANCE:9:6:186
EVAL_INSTANCE:9:7:187
EVAL_INSTANCE:9:8:188
EVAL_INSTANCE:9:9:189
RUN_RESULT:9:0:0:2000:----
RUN_RESULT:9:1:0:2000:----
RUN_RESULT:9:2:0:2000:----
RUN_RESULT:9:3:0:2000:----
RUN_RESULT:9:4:0:2000:----
RUN_RESULT:9:5:0:2000:----
RUN_RESULT:9:6:0:2000:----
RUN_RESULT:9:7:0:2000:----
RUN_RESULT:9:8:0:2000:----
RUN_RESULT:9:9:0:2000:----
    10 |      100 |  0.000000E+00 | -0.000000E+00
TRACK:190;9;8;1;2;6;1;2;5;0;3;4;4;25;4;3;1;8;9;2;6;6;4;3;17;2;1;6;2;18;7;3.5228825611996495;4;3;7;1.3148694180032034;2;6;5;12;6;4;23;-2.984599812694464;4;4;5;3;4;2;21;8.24772233220132;21;-1.9113830722890874;3;6;3;6;5;5;5;5;21;2.970980681343576;5;5;4;0;1;4;5;6;0;22;6.408406580541655;10;3;0;6;0;10;23;6.970669534347628;2;2;18;21;1.5498005403086346;3;23;-5.041012822695958;6;5;4;5;2;12;21;-6.960626994994536
TRACK:191;9;8;0;3;6;5;4;4;3;0;0;3;9;5;7;-6.257266748787929;4;2;21;-2.776360549348449;22;2.9448832533837894;2;2;3;6;12;6;4;0;1;6;4;0;22;6.408406580541655;10;3;5;2;24;22;-9.295455763989962;2;6;3;4;25;3;1;1;20;-7.537833144229753;22;-5.970774001428318;4;19;0;6;2;3;1;3;5;5;23;-5.124010727406228;5;3;2;25;10;2;4;4;0;3;13;5;15;4;2;5;0;24;25;0;5;8;6;21;-6.771852628930652;3;3;2;0;5;5;5;24;0;1;6;23;-2.0240113589058195;1;7;-8.8446594628528;19;5;0;12;14;1;0;3;6;25;2;5;13;2;7;5.8269146595156585;17;4;1;4;7;-6.8856396711382795;1;15;11
TRACK:192;0;4;1;1;0;3;0;6;1;2;1;4;21;-8.091695645771441;3;24;2;2;18;9;3;19;2;0;5;21;-7.2959812932800805;3;16;2;2;7;-4.493181850482875;20;0.7795200228939336;1;14;11;2;5;2;2;0;19;25;5;8;5;5;9;0;3;0;5;20;-5.020657470907446;3;24;4;0;5;16;6;13;6;1;1;6;5;4;2;21;2.7132108609914596;10;0;5;4;4;23;-5.613450788097989;0;6;4;24;2;5;13;4;7;-9.301745737281212;5;2;3;6;2;22;7.607318748444371;9;0;1;1;23;-1.5694153766874734;13;4;22;-8.592682090192676;0;24;12;6;2;5;0;3;0;5;3;22;-0.46800007632423757;4;6;15;1;3;5;6;13;0;2;3;10;0;23;-6.3481384793703155;22;-3.5331572321449496;6;4;12;5;6;5;3;2;2;14;7;-1.3035809828779996;3;22;6.2665076758869915;0;5;0;0;4;0;6;3;0;19;22;6.659200931465364;5;4;2;22;-3.76164374361805;10;2;3;5;3;0;12;9;5;4;1;0;20;-9.908004235067462;13;2;23;6.339456973303058;12;6;2;3;5;0;4;14;3;8;4;2;3;6;7;-1.2569761934032346;3;5;21;6.977437885021079;5;5;3;6;4;5;0;6;18;0;15;18
TRACK:193;0;4;6;2;1;3;4;5;1;0;4;5;9;5;1;17;20;-0.9469520391402249;4;3;6;11;3;1;1;2;2;0;2;12;7;4.470267418986431;3;19;1;1;25;10;3;12;5;4;3;20;1.1111835709952107;0;5;4;18;0;0;4;25;1;15;21;-5.296068650115535;3;0;20;-5.759894496157303;16;1;2;6;6;2;10;7;9.943590620202272;6;2;4;12;3;8;5;5;3;6;23;7.881597015613789;6;1;6;1;6;5;1;2;16;22;8.574948275305786;2;19;9;4;3;2;0;24;12;3;25;2;2;1;1;5;3;23;2.245224886766639;3;4;12;6;5;5;24;1;2;0;5;17;4;18;5;4;14;1;5;1;24;20;7.337434257486006;5;5;24;6;6;3;1;0;20;5.324096622276201;13;0;20;-9.219556274613506;21;-3.9433415675650547
TRACK:194;2;1;3;2;1;5;4;6;1;3;3;4;23;8.776868184220028;1;4;4;19;6;0;22;1.4732763329787435;15;5;3;0;0;0;2;3;9;3;8;5;5;7;-5.865911246557749;0;0;1;9;15;4;19;2;2;8;7;0.27639591876486946;2;17;16;2;1;6;2;14;15;4;4;25;1;5;5;14;4;5;19;0;0;0;5;4;0;1;5;11;0;10;8;6;0;21;-7.764013924383677;22;8.021119822980037;6;0;4;5;6;11;5;1;2;22;7.96336029676803;12;2;7;-1.06748086910439;16;1;5;5;4;5;6;25;1;5;6;2;4;19;2;8;12;4;4;5;2;24;7;7.75869826608535;1;2;1;0;3;5;3;8;4;2;1;24;8;4;17;0;0;4;1;20;-8.050513760080563;19;6;0;18;20;9.57956403425339;0;6;3;18;5;5;7;-5.911158253709241;2;6;4;6;2;21;2.2856639257123277;11;4;4;5;5;25;1;6;4;6;2;2;22;-3.960708720543222;16;1;18;11;4;5;3;0;2;18;18;1;24;23;-0.02386083831450847
TRACK:195;2;1;1;5;4;6;1;4;1;1;0;5;11;6;12;0;2;17;23;7.343588116177962;2;22;7.659724088851995;7;-5.032585141132115;3;6;4;12;2;3;0;3;5;17;6;2;11;22;0.6553455134787516;0;2;2;0;10;25;0;12;25;3;4;17;0;1;5;19;4;13;1;6;18;4;8;5;4;1;3;3;1;6;5;1;16;17;4;0;0;15;20;4.682158380378638;2;21;-7.427170659245787;20;9.57956403425339;4;1;3;6;1;0;9;11;1;12;22;5.103085833209297;5;2;0;1;25;16;1;9;9;4;0;21;-9.080057985711424;22;1.4732763329787435
TRACK:196;0;4;1;1;0;3;0;6;1;2;1;4;21;-8.091695645771441;3;24;2;2;18;9;3;19;2;0;5;21;-7.2959812932800805;3;16;2;2;7;-4.493181850482875;20;0.7795200228939336;1;14;11;2;5;2;2;0;19;25;5;8;16;0;3;0;5;20;-5.020657470907446;3;24;4;0;5;16;6;13;6;1;1;6;5;4;2;21;2.7132108609914596;10;0;5;4;4;23;-5.613450788097989;0;6;4;24;2;5;13;4;7;-9.301745737281212;5;2;3;6;2;22;7.607318748444371;9;0;1;1;23;-1.5694153766874734;13;4;22;-8.592682090192676;2;4;13;2;18;8;6;2;5;0;3;0;5;3;22;-0.46800007632423757;4;6;15;1;3;5;6;13;0;2;3;10;0;23;-6.3481384793703155;22;-3.5331572321449496;6;4;12;5;6;5;3;2;2;14;7;-1.3035809828779996;3;22;6.2665076758869915;0;5;0;0;4;0;6;3;0;19;22;6.659200931465364;5;4;2;22;-3.76164374361805;10;2;3;5;3;0;12;9;5;4;1;0;20;-9.908004235067462;13;2;23;6.339456973303058;12;6;2;3;5;0;4;14;3;8;4;2;3;6;7;-1.2569761934032346;3;5;21;6.977437885021079;5;5;3;6;4;5;0;6;18;0;15;18
TRACK:197;0;4;6;2;1;3;4;5;1;0;4;5;9;5;1;17;20;-0.9469520391402249;4;3;6;11;3;1;1;2;2;0;2;12;7;4.470267418986431;3;19;1;1;25;10;3;12;5;4;3;20;1.1111835709952107;0;5;4;4;21;0.09725600831221648;0;0;4;25;1;15;21;-5.296068650115535;3;0;20;-5.759894496157303;16;1;2;6;6;2;10;7;9.943590620202272;6;2;4;12;3;8;5;5;3;6;23;7.881597015613789;6;1;6;1;6;5;1;2;16;22;8.574948275305786;2;19;9;4;3;2;0;24;12;3;25;2;2;1;1;5;3;23;2.245224886766639;3;4;12;6;5;5;24;1;2;0;18;4;18;5;4;14;1;5;1;24;20;7.337434257486006;5;5;24;6;6;3;1;0;20;5.324096622276201;13;0;20;-9.219556274613506;21;-3.9433415675650547
TRACK:198;9;2;1;2;6;1;2;5;0;3;4;4;25;4;3;1;8;9;2;6;6;4;3;17;2;1;6;2;18;7;3.5228825611996495;4;3;7;1.3148694180032034;2;6;5;12;6;4;23;-2.984599812694464;4;4;5;3;4;2;21;8.24772233220132;21;-1.9113830722890874;3;6;3;6;5;5;5;5;21;2.970980681343576;5;5;4;0;1;4;5;6;0;16;9;3;0;6;0;10;23;6.970669534347628;2;2;18;21;1.5498005403086346;3;23;-5.041012822695958;6;5;4;5;2;12;21;-6.960626994994536
TRACK:199;9;2;3;2;1;5;4;6;1;3;3;4;23;8.776868184220028;1;4;4;19;6;0;22;1.4732763329787435;15;5;3;0;0;0;2;3;9;3;8;5;5;7;-5.865911246557749;0;0;1;9;15;4;19;2;2;8;7;0.27639591876486946;2;17;16;2;1;6;2;14;15;4;4;25;1;5;5;14;4;5;19;0;0;0;5;4;0;1;5;11;0;10;8;6;0;21;-7.764013924383677;22;8.021119822980037;6;0;4;5;6;11;5;1;2;22;7.96336029676803;12;2;7;-1.06748086910439;16;1;5;5;4;5;6;25;1;5;6;2;4;19;2;8;12;4;4;5;2;24;7;7.75869826608535;1;2;1;0;3;5;3;8;4;2;1;24;8;4;17;0;0;4;1;20;-8.050513760080563;19;6;0;18;20;-9.399501037894344;0;6;3;18;5;5;7;-5.911158253709241;2;6;4;6;2;21;2.2856639257123277;11;4;4;5;5;25;1;6;4;6;2;2;7;1.3148694180032034;16;1;18;11;4;5;3;0;2;18;18;1;24;23;-0.02386083831450847
TRACK:200;190;-1;1;2;6;1;2;5;0;3;4;4;25;4;3;1;19;9;2;6;6;4;3;17;2;1;6;2;18;7;3.504500520620592;4;3;7;1.4015039762422725;2;6;5;12;6;4;23;-3.011856709432006;4;4;5;3;4;2;21;8.16447187127371;21;-1.9733968623874805;3;6;3;6;5;5;5;5;21;2.9156561550333175;5;5;4;0;1;4;5;6;0;22;6.5760020800146375;10;3;0;6;0;10;23;6.928513482822689;2;2;18;21;1.3120491088894628;3;23;-5.1544245553494115;6;5;4;5;2;12;21;-6.894611330691022
TRACK:201;192;-1;1;1;0;3;0;6;1;2;1;4;21;-8.204673707888164;3;24;2;2;18;9;3;19;2;0;5;21;-7.339827130113927;3;16;2;2;7;-4.4393261808895765;20;0.6368158085764374;1;14;11;2;5;2;2;0;14;25;5;8;5;5;9;0;3;0;5;20;-4.893016771784561;3;24;4;0;5;16;6;13;6;1;1;6;5;4;2;21;2.610702622729697;10;0;5;4;4;23;-5.644495935927469;0;6;4;24;2;5;13;4;7;-9.379561310573022;5;2;3;6;2;22;7.680488915460342;9;0;1;1;23;-1.6845356892838383;13;4;22;-8.684541074670905;0;24;12;6;2;5;0;3;0;5;3;22;-0.4772414966838662;4;6;15;1;3;5;6;13;0;2;3;10;0;23;-6.266009808671145;22;-3.690907604420165;6;4;12;5;6;5;3;2;2;14;7;-1.1363550545196541;3;22;6.2248732325175;0;5;0;0;4;0;6;3;0;19;22;6.738291849258801;5;4;2;22;-3.786042410590111;10;2;3;5;3;0;12;9;5;4;1;0;20;-9.968375170695591;13;2;23;6.163525236935417;12;6;2;3;5;0;4;14;3;8;4;2;3;6;7;-1.3344754806723846;3;5;21;7.027251213088729;5;5;3;6;4;5;0;6;18;0;15;18
TRACK:202;194;-1;3;2;1;5;4;6;1;3;3;4;23;8.97220294802129;1;4;4;19;6;0;22;1.5421230846370126;15;5;3;0;0;0;2;3;9;3;8;5;5;7;-5.7225200858499585;0;0;1;9;15;4;19;2;2;8;7;0.2101524602507379;2;17;16;2;1;6;2;14;15;4;4;13;1;5;5;14;4;5;19;0;0;0;5;4;0;1;5;11;0;10;8;6;0;21;-7.73951703213046;22;8.014028357798358;6;0;4;5;6;11;5;1;2;22;7.9248109398697775;12;2;7;-0.9789802603858262;16;1;5;5;4;5;6;25;1;5;6;2;4;19;2;8;12;4;4;5;2;24;7;7.655169708072563;1;2;1;0;3;5;3;8;4;2;1;24;8;4;17;0;0;4;1;20;-8.210888038254156;19;6;0;18;20;9.754529510077964;0;6;3;18;5;5;7;-5.839864298725263;2;6;4;6;2;21;2.297862988606351;11;4;4;5;5;25;1;6;4;6;2;2;22;-4.1593578197200145;16;1;18;11;4;5;3;0;2;18;18;1;24;23;-0.014282590163849893
TRACK:203;0;-1;1;1;0;3;0;6;1;2;1;4;21;-8.153249120701577;3;24;2;2;18;9;3;19;2;0;5;21;-7.265340000747331;3;16;2;2;7;-4.402377182791233;20;0.5961235000335482;1;14;11;2;5;2;2;0;19;25;5;8;5;5;9;0;3;0;5;20;-5.215930856589696;3;24;4;0;5;16;6;13;6;1;1;6;5;4;2;21;2.7047548262083154;10;0;5;4;4;23;-5.598728833224689;0;6;4;24;2;5;13;4;7;-9.376757391822224;5;2;3;6;2;22;7.723129407503258;9;0;1;1;23;-1.633383699141707;13;4;22;-8.607111152853449;2;4;13;2;18;8;6;2;5;0;3;0;5;3;22;-0.4686871931837267;4;6;15;1;3;5;6;13;0;2;3;10;0;23;-6.436984354199748;22;-3.5775108389205394;6;4;12;5;6;5;3;2;2;14;7;-1.4505820084994396;3;22;6.241879846501067;0;5;0;0;4;0;6;3;0;19;22;6.698067550195218;5;4;2;22;-3.7442558561465087;10;2;3;5;3;0;12;9;5;4;6;1;10;23;9.603412639445178;6;2;3;5;0;4;14;3;8;4;2;3;6;7;-1.2915454644545006;3;5;21;7.004825759011917;5;5;3;6;4;5;0;6;18;0;15;18
TRACK:204;198;-1;1;2;6;1;2;5;0;3;4;4;25;4;3;1;8;9;2;6;6;4;3;17;2;1;6;2;18;7;3.545495595689916;4;3;7;1.2976240962021273;2;6;5;12;6;4;23;-2.951088507290518;4;4;5;3;4;2;21;8.296028823059494;21;-1.8964646253272364;3;6;3;6;5;5;5;5;21;2.9334082599593154;5;5;5;1;4;3;3;5;24;3;1;3;0;20;6.378239544942037;7;-7.220509268324684;2;6;15;4;13
TRACK:205;191;-1;0;3;6;5;4;4;3;0;0;3;9;5;7;-6.303091666624734;4;2;21;-2.7780684793642743;22;2.8985850458448157;2;2;3;6;12;6;4;0;1;6;4;0;22;6.5211493988445275;10;3;5;2;24;22;-9.259944356891108;2;6;3;4;25;3;1;1;20;-7.40316530621461;22;-6.06482867673291;3;16;0;6;2;3;1;3;5;5;23;-5.217885658013364;5;3;2;25;10;2;4;4;0;3;13;5;15;4;2;5;0;24;25;0;5;8;6;21;-6.878830943416118;3;3;2;0;5;5;5;24;0;1;6;23;-2.1550973841209244;1;7;-8.771155263942967;19;5;0;12;14;1;0;3;6;25;2;5;13;2;7;5.809878465165481;17;4;1;4;7;-6.882003934110204;1;15;11
TRACK:206;193;-1;6;2;1;3;4;5;1;0;4;5;9;5;1;17;20;-0.8943009661030289;4;3;6;11;3;1;1;2;2;0;2;12;7;4.655801030139181;3;19;1;1;25;10;3;12;5;4;3;20;1.0643668925110643;0;5;4;18;0;0;4;25;1;15;21;-5.250220854494944;3;0;20;-5.665392584203393;16;1;2;6;6;2;10;7;9.994191006492784;6;2;4;12;3;8;5;5;3;6;23;7.736794170822736;6;1;6;1;6;5;1;2;16;22;8.553449811488452;2;19;9;4;3;2;0;24;12;3;25;2;2;1;1;5;3;23;2.1955507945449413;3;4;12;6;5;5;24;1;1;2;1;20;-7.9297521947267535;21;1.0876050533718047;1;24;24;5;4;13;1;5;1;24;20;7.308137430975188;5;5;24;6;6;3;1;0;20;5.382418127977509;13;0;20;-9.348914032368848;21;-3.9297396009507337
TRACK:207;195;-1;1;5;4;6;1;4;1;1;0;5;11;6;12;0;2;17;23;7.360094573888587;2;22;7.480569922603707;7;-4.999112036273859;3;6;4;12;2;3;0;3;5;17;6;2;11;22;0.6792673541048372;0;2;2;0;10;25;0;12;25;3;4;17;0;1;5;19;4;13;1;6;18;4;8;5;4;1;3;3;1;6;5;1;16;17;4;0;0;15;20;4.704961976148383;2;21;-7.381868162785703;20;9.603652076703526;4;1;3;6;1;0;9;11;1;12;22;4.994308420335534;5;0;3;4;17;3;3;25
TRACK:208;4;-1;6;2;1;3;4;5;1;0;4;5;9;5;1;17;20;-0.9517746426072102;4;3;6;11;3;1;1;2;2;0;2;12;7;4.326413389418256;3;19;1;1;25;10;3;12;5;4;3;20;1.2191435733042868;0;0;22;8.23882615769141;21;2.9289250529895803;0;0;4;25;1;15;21;-5.21235526685602;3;0;20;-5.776511595415594;16;1;2;6;6;2;10;7;9.842412740768658;6;2;4;12;3;8;5;5;3;6;23;7.860420924532085;6;1;6;1;6;5;1;2;16;22;8.50953123106032;2;19;9;4;3;2;0;24;12;3;25;2;2;1;1;5;3;23;2.347877144407999;3;4;12;6;5;5;24;1;2;0;5;17;4;18;5;4;14;1;5;1;24;20;7.452011794005908;5;5;24;6;6;3;1;0;20;5.209713894110513;13;0;20;-9.28969740463954;21;-4.099766196724831
TRACK:209;199;-1;3;2;1;5;4;6;3;0;5;13;1;17;14;5;3;0;0;0;2;3;9;3;8;5;5;7;-6.150606667774213;0;0;1;9;15;4;19;2;2;8;7;0.13833590367413345;2;17;16;2;1;6;2;14;15;4;4;25;1;5;5;14;4;5;19;0;0;0;5;4;0;1;5;11;0;10;8;6;0;21;-7.751519698664376;22;8.014759979934182;6;0;4;5;6;11;5;1;2;22;7.8967926217704605;12;2;7;-0.9994802325161012;16;1;5;5;4;5;6;25;1;5;6;2;4;19;2;8;12;4;4;5;2;24;7;7.767758515068184;1;2;1;0;3;5;3;8;4;2;1;24;8;4;17;0;0;4;1;20;-7.909547426693454;19;6;0;18;20;-9.384492834367219;0;6;3;18;5;5;7;-5.920254057260291;2;6;4;6;2;21;2.245655621676903;11;4;4;5;5;25;1;6;4;6;2;2;7;1.3146503969722896;16;1;18;11;4;5;3;0;2;18;18;1;24;23;0.03714556617782662
EVAL_INSTANCE:10:0:200
EVAL_INSTANCE:10:1:201
EVAL_INSTANCE:10:2:202
EVAL_INSTANCE:10:3:203
EVAL_INSTANCE:10:4:204
EVAL_INSTANCE:10:5:205
EVAL_INSTANCE:10:6:206
EVAL_INSTANCE:10:7:207
EVAL_INSTANCE:10:8:208
EVAL_INSTANCE:10:9:209
RUN_RESULT:10:0:0:2000:----
RUN_RESULT:10:1:0:2000:----
RUN_RESULT:10:2:0:2000:----
RUN_RESULT:10:3:0:2000:----
RUN_RESULT:10:4:0:2000:----
RUN_RESULT:10:5:0:2000:----
RUN_RESULT:10:6:0:2000:----
RUN_RESULT:10:7:0:2000:----
RUN_RESULT:10:8:0:2000:----
RUN_RESULT:10:9:0:2000:----
    11 |      110 |  0.000000E+00 | -0.000000E+00
TRACK:210;7;6;3;2;6;2;6;1;1;5;3;0;22;-2.976818997446557;13;5;0;0;19;11;2;10;24;2;5;0;0;14;10;1;14;13;0;2;3;24;2;23;7.967019396695257;20;3.418830663647279;6;4;15;4;0;3;3;6;0;11;20;6.438428466161334;0;5;1;2;13;12;5;16;6;4;0;19;10;0;0;3;4;3;1;5;6;18;2;0;19;9;2;20;2.013526145735474;8;5;1;3;6;25;5;4;4;6;19;4;0;3;3;5;1;0;7;1.7220496612518055;14;1;17;24;1;3;5;1;4;9;2;24;11;4;1;1;2;8;16;3;22;-6.453663071411874;1;2;24;20;8.339831654716583;5;18
TRACK:211;7;6;3;1;1;4;3;1;1;5;0;6;15;2;20;1.7224974763093641;20;7.177099101969013;1;5;6;18;2;0;19;9;2;20;2.013526145735474;8;2;1;1;4;7;-7.325792350559537;6;24;1;3;12;1;9;13;6;1;1;18;10;2;25;21;9.92730155650895;3;6;4;1;0;2;2;8;12;1;12;12;4;4;10;5;3;1;21;-5.38438680582463;25;3;2;3;4;2;5;6;2;9;25;4;3;4;9;1;3;0;2;0;5;20;3.464618466817333;2;17;20;-3.3978690850992965;0;5;14;2;19;15;4;3;6;11;1;1;3;4;3;10;5;1;1;20;9.915510388428196;13;4;20;-0.382656399841661;5;3;5;2;22;5.099092897541018;15
TRACK:212;0;4;1;1;0;3;0;6;1;2;1;4;21;-8.091695645771441;3;24;2;2;18;9;3;19;2;0;5;21;-7.2959812932800805;3;16;2;2;7;-4.493181850482875;20;0.7795200228939336;1;14;11;2;5;2;2;0;19;25;5;8;5;5;9;0;3;0;5;20;-5.020657470907446;3;24;4;0;5;16;6;13;6;1;1;6;5;4;2;21;2.7132108609914596;10;0;5;4;4;23;-5.613450788097989;0;6;4;24;2;5;13;4;7;-9.301745737281212;5;2;3;6;2;22;7.607318748444371;9;0;1;1;23;-1.5694153766874734;13;4;22;-8.592682090192676;2;4;13;2;18;8;6;2;5;0;3;0;5;3;22;-0.46800007632423757;4;6;15;1;3;5;6;13;0;2;3;10;0;23;-6.3481384793703155;22;-3.5331572321449496;6;4;12;5;6;5;3;2;2;10;7;-1.3035809828779996;3;22;6.2665076758869915;0;5;0;0;4;0;6;3;0;19;22;6.659200931465364;5;4;2;22;-3.76164374361805;10;2;3;5;3;0;12;9;5;4;1;0;20;-9.908004235067462;13;2;23;6.339456973303058;12;6;2;3;5;0;4;14;3;8;4;2;3;6;7;-1.2569761934032346;3;5;21;6.977437885021079;5;5;3;6;4;5;0;6;18;0;15;18
TRACK:213;0;4;6;2;1;3;4;5;1;0;4;5;9;5;1;17;20;-0.9469520391402249;4;3;6;11;3;1;1;2;2;0;2;12;7;4.470267418986431;3;19;1;1;25;10;3;12;5;4;3;20;1.1111835709952107;0;5;4;4;21;0.09725600831221648;0;0;4;25;1;15;21;-5.296068650115535;3;0;20;-5.759894496157303;16;1;2;6;6;2;10;7;9.943590620202272;6;2;4;12;3;8;5;5;3;6;23;7.881597015613789;6;1;6;1;6;5;1;2;16;22;8.574948275305786;2;19;9;4;0;19;25;2;2;1;1;5;3;23;2.245224886766639;3;4;12;6;5;5;24;1;2;0;5;17;4;18;5;4;14;1;5;1;24;20;7.337434257486006;5;5;24;6;6;3;1;0;20;5.324096622276201;13;0;20;-9.219556274613506;21;-3.9433415675650547
TRACK:214;9;9;1;2;6;1;2;5;0;3;4;4;25;4;3;1;8;9;2;6;6;4;3;17;2;18;7;3.5228825611996495;4;4;5;3;4;2;21;8.24772233220132;21;-1.9113830722890874;3;6;3;6;5;5;5;5;21;2.970980681343576;5;5;4;0;1;4;5;6;0;23;9.649455451473315;9;3;0;6;0;10;23;6.970669534347628;2;2;18;21;1.5498005403086346;3;23;-5.041012822695958;6;5;4;5;2;12;21;-6.960626994994536
TRACK:215;9;9;1;2;6;1;2;5;0;3;4;4;25;4;3;1;8;9;2;6;6;4;3;17;2;1;6;2;18;7;3.5228825611996495;4;3;7;1.3148694180032034;2;6;5;12;6;4;23;-2.984599812694464;4;4;5;3;4;2;17;21;-1.9113830722890874;3;6;3;6;5;5;5;5;21;2.970980681343576;5;5;4;0;1;4;5;6;0;23;9.649455451473315;9;3;0;6;0;10;23;6.970669534347628;2;2;18;21;1.5498005403086346;3;23;-5.041012822695958;6;5;4;5;2;12;21;-6.960626994994536
TRACK:216;2;3;3;2;1;5;4;6;1;3;3;4;23;8.776868184220028;1;4;4;19;6;0;22;1.4732763329787435;15;5;3;0;0;0;2;3;9;3;8;5;5;7;-5.865911246557749;0;0;1;9;15;4;19;2;2;8;7;0.27639591876486946;2;17;19;2;1;6;2;14;15;4;4;25;1;5;5;14;4;5;19;0;0;0;5;4;0;1;5;11;0;10;8;6;0;21;-7.764013924383677;22;8.021119822980037;6;0;4;5;6;11;5;1;2;22;7.96336029676803;12;2;7;-1.06748086910439;16;1;5;5;4;5;6;25;1;5;6;2;4;19;2;8;12;4;4;5;2;24;7;7.75869826608535;1;2;1;0;3;5;3;8;4;2;1;24;8;4;17;0;0;4;1;20;-8.050513760080563;19;6;0;18;20;-9.399501037894344;0;6;3;18;5;5;7;-5.911158253709241;2;6;4;6;2;21;2.2856639257123277;11;4;4;5;5;25;1;6;4;6;2;2;22;-3.960708720543222;16;1;18;11;4;5;3;0;2;18;18;1;24;23;-0.02386083831450847
TRACK:217;2;3;4;1;3;5;2;4;1;5;3;2;24;10;0;6;4;17;1;0;19;9;5;22;-7.62975071277647;6;1;1;3;4;18;0;5;9;5;20;-2.9816156354807717;5;0;1;17;8;4;17;4;7;0.27639591876486946
TRACK:218;6;5;3;1;1;4;3;1;1;5;0;6;15;2;20;1.7224974763093641;20;7.177099101969013;0;2;0;25;7;4.689855129983286;4;16;6;5;21;-7.862144299204303;2;1;1;4;7;-7.325792350559537;6;24;1;3;12;1;9;13;6;1;1;18;10;2;25;21;9.92730155650895;3;6;4;1;0;2;2;8;12;1;12;12;4;4;10;5;3;1;21;-5.38438680582463;25;3;2;3;4;2;5;6;2;9;25;4;3;4;9;1;3;0;2;0;5;20;3.464618466817333;2;17;20;-3.3978690850992965;0;5;14;2;19;15;21;-5.471633268653154;1;1;3;4;3;10;5;1;1;20;9.915510388428196;13;4;20;-0.382656399841661;5;3;5;2;22;5.099092897541018;15
TRACK:219;6;5;1;6;6;1;3;6;4;4;4;0;24;14;4;4;0;0;2;5;9;6;20;-8.726255855688649;2;5;14;6;7;-9.95321655497277;4;6;1;10;24;4;2;5;3;6;0;1;6;6;9;0;2;7;-4.5988989645168825;24;6;18;3;2;0;10;10;0;19;25;3;6;0;0;0;0;0;16;18;6;18;1;1;13;19;2;19;25;2;4;3;22;-6.567802755968186;4;3;9;2;5;0;3;19;3;21;-2.206724557577269;5;2;3;21;-5.471633268653154;3;15
TRACK:220;210;-1;3;2;6;2;6;1;1;5;3;0;22;-3.07365708267147;13;5;0;0;19;11;2;10;24;2;5;0;0;14;10;1;14;13;0;2;3;24;2;23;7.9139492062726555;20;3.246975338233744;6;4;15;4;0;3;3;6;0;11;20;6.664133801217351;0;5;1;2;13;12;5;16;6;4;0;19;10;0;0;3;4;3;1;5;6;18;2;0;19;9;2;20;1.9492690277309201;8;5;1;3;6;25;5;4;4;6;19;4;0;3;3;5;1;0;9;14;1;17;24;1;3;5;1;4;9;2;24;11;4;1;1;2;8;16;3;22;-6.429871075019284;1;2;24;20;8.296663128218109;5;18
TRACK:221;212;-1;1;1;0;3;0;6;1;2;1;4;21;-8.190916273892919;3;24;2;2;18;9;3;19;2;0;5;21;-7.223896542078952;3;16;2;2;7;-4.470388082796999;20;0.7732678869598868;1;13;11;2;5;2;2;0;19;25;5;8;5;5;9;0;3;0;5;20;-4.961568805436989;3;24;4;0;5;16;6;13;6;1;1;6;5;4;2;21;2.739873619394052;10;0;5;4;4;23;-5.554242585122344;0;6;4;24;2;5;13;4;7;-9.326311100557266;5;2;3;6;2;22;7.579776815711967;9;0;1;1;23;-1.5845625881517296;13;4;22;-8.490244135129563;2;4;13;2;18;8;6;2;5;0;3;0;5;3;22;-0.46850405122774497;4;6;15;1;3;5;6;13;0;2;3;10;0;23;-6.565698466565149;22;-3.408976961473725;6;4;12;5;6;5;3;2;2;10;7;-1.2203893766472624;3;22;6.219931682229547;0;5;0;0;4;0;6;3;0;19;22;6.720315263807043;5;4;2;22;-3.796703924692904;10;2;3;5;3;0;12;9;5;4;1;0;20;-9.886230807526172;13;2;23;6.23797624316711;12;6;2;3;5;0;4;14;3;8;4;2;3;6;7;-1.3123707919534502;3;5;21;7.0368814604728485;5;5;3;6;4;5;0;6;18;0;15;18
TRACK:222;214;-1;1;2;6;1;2;5;0;3;4;4;25;4;3;1;8;9;2;6;6;4;3;17;2;18;7;3.5408346643144575;4;4;5;3;4;2;21;8.40973307545755;21;-1.8457125276592847;3;6;3;6;5;5;5;5;21;2.8849355286010065;5;5;6;6;5;3;4;3;6;25
TRACK:223;216;-1;3;2;1;5;4;6;1;3;3;4;23;8.774744326913405;1;4;4;19;6;0;22;1.602749338293848;15;5;3;0;0;0;2;3;9;3;8;5;5;25;0;0;1;9;15;4;19;2;2;8;7;0.5143826798118233;2;17;19;2;1;6;2;14;15;4;4;25;1;5;5;14;4;5;19;0;0;0;5;4;0;1;5;11;0;10;8;6;0;21;-7.855837091640079;22;8.030886464264672;6;0;4;5;6;11;5;1;2;22;7.9578419705746635;12;2;7;-1.0680181217625497;16;1;5;5;4;5;6;25;1;5;6;2;4;19;2;8;12;4;4;5;2;24;7;7.760033014537691;1;2;1;0;3;5;3;8;4;2;1;24;8;4;17;0;0;4;1;20;-7.872082995982628;19;6;0;18;20;-9.406251514524588;0;6;3;18;5;5;7;-6.011383219545399;2;6;4;6;2;21;2.4492687115111824;11;4;4;5;5;25;1;6;4;6;2;2;22;-3.952679129820247;16;1;18;11;4;5;3;0;2;18;18;1;24;23;-0.05890556585899338
TRACK:224;218;-1;3;1;1;4;3;1;1;5;0;6;15;2;20;1.7051721423197639;20;7.190410291870145;0;2;0;25;7;4.702328132392661;4;16;6;5;21;-7.773610531445332;2;1;1;4;7;-7.494325338864935;6;24;1;3;12;1;9;13;6;1;1;18;10;2;25;21;9.93842414139185;3;6;4;1;0;2;2;8;12;1;12;12;4;4;10;5;3;1;21;-5.371100668893319;25;3;2;3;4;2;5;6;2;9;25;4;3;4;9;1;3;0;2;0;5;20;3.4493937425874774;2;17;20;-3.229692960950553;0;5;14;2;19;15;21;-5.610215358474908;1;1;3;4;3;10;5;1;6;8;4;20;-0.3333079164935502;5;3;5;2;22;5.193122277949268;15
TRACK:225;211;-1;3;1;1;4;3;1;1;5;0;6;15;2;20;1.6932156290516458;20;7.080696453740554;1;5;6;18;2;0;19;9;2;20;2.1037727045546286;8;2;1;1;4;7;-7.101610635265887;6;24;1;3;12;1;9;13;6;1;1;18;10;2;25;21;9.945029104833859;3;6;4;1;0;2;2;8;12;1;12;12;4;4;10;5;3;1;21;-5.496069350922863;25;3;2;3;4;2;5;6;2;9;25;4;3;4;9;1;3;0;2;0;5;20;3.52125262910486;2;17;20;-3.5159569682562;0;5;14;2;19;15;4;3;6;11;1;1;3;4;3;10;5;1;1;11;13;4;20;-0.35571671329219845;5;3;5;2;22;5.238113206562695;15
TRACK:226;213;-1;6;2;1;3;4;5;1;0;4;5;9;5;1;17;20;-0.9700644457632833;4;3;6;11;3;1;1;2;2;0;2;12;7;4.482836525645405;3;19;1;1;25;10;3;12;5;4;3;20;1.0174138549237632;0;5;4;4;21;0.19242289001082077;0;0;4;25;1;15;21;-5.1282510539561725;3;0;20;-5.695776765941204;16;1;2;6;6;2;10;7;9.932933077319175;6;2;4;12;3;8;5;5;3;6;23;7.845718510427799;6;1;6;1;6;5;1;2;16;22;8.463589030325565;2;19;9;4;0;19;25;2;2;1;1;5;3;23;2.1142087717597247;3;4;12;6;5;5;24;1;2;0;5;17;4;18;5;4;14;1;5;1;24;20;7.468327547048283;5;5;24;6;6;3;1;0;7;-4.520630927481443;13;0;20;-9.361698483908942;21;-4.027563417024485
TRACK:227;215;-1;1;2;6;1;2;5;0;3;4;4;25;4;3;1;8;9;2;6;6;4;3;17;2;1;6;2;18;7;3.5457645713381445;4;3;7;1.3737074812080468;2;6;5;12;6;4;23;-3.116164531465252;4;4;5;3;4;2;17;21;-1.728124383708355;3;6;3;6;5;5;5;5;21;2.945286240360187;5;5;4;0;1;4;5;6;0;23;9.638562553980073;9;3;0;1;5;7;7.227754949785108;0;12;22;-9.676105277391065;2;2;18;21;1.449457480363317;3;23;-5.04590177053261;6;5;4;5;2;12;21;-6.842389251983308
TRACK:228;217;-1;4;1;3;5;2;4;1;5;3;2;24;10;0;6;4;17;1;0;19;9;5;22;-7.613852084680147;1;4;0;6;12;5;7;7.705037184646947;3;3;2;22;-7.617837637089144;13;4;7;0.24447447849018203
TRACK:229;219;-1;1;6;6;1;3;6;4;4;4;0;24;14;4;4;0;0;2;5;9;6;20;-8.742836296120153;2;5;14;6;7;-9.973373137259541;4;6;1;10;24;4;2;5;3;6;0;1;6;6;9;0;2;7;-4.700619265887724;24;6;18;3;2;0;10;10;0;19;25;3;6;0;0;4;7;-7.292983523859662;2;4;3;22;-6.590056029365537;4;3;9;2;5;0;3;19;3;21;-2.251168188901975;5;2;3;21;-5.437873926665212;3;15
EVAL_INSTANCE:11:0:220
EVAL_INSTANCE:11:1:221
EVAL_INSTANCE:11:2:222
EVAL_INSTANCE:11:3:223
EVAL_INSTANCE:11:4:224
EVAL_INSTANCE:11:5:225
EVAL_INSTANCE:11:6:226
EVAL_INSTANCE:11:7:227
EVAL_INSTANCE:11:8:228
EVAL_INSTANCE:11:9:229
RUN_RESULT:11:0:0:2000:----
RUN_RESULT:11:1:0:2000:----
RUN_RESULT:11:2:0:2000:----
RUN_RESULT:11:3:0:2000:----
RUN_RESULT:11:4:0:2000:----
RUN_RESULT:11:5:0:2000:----
RUN_RESULT:11:6:0:2000:----
RUN_RESULT:11:7:0:2000:----
RUN_RESULT:11:8:0:2000:----
RUN_RESULT:11:9:0:2000:----
    12 |      120 |  0.000000E+00 | -0.000000E+00
TRACK:230;1;5;1;5;4;6;1;4;1;1;0;5;11;6;12;0;2;17;23;7.343588116177962;2;22;7.659724088851995;7;-5.032585141132115;3;6;4;12;2;3;0;3;5;17;6;2;11;22;0.6553455134787516;0;2;2;0;10;25;0;12;25;3;4;10;0;1;5;19;4;13;1;6;18;4;8;5;4;1;3;3;1;6;5;1;16;17;4;0;0;15;20;4.682158380378638;2;21;-7.427170659245787;20;9.57956403425339;4;1;3;6;1;0;9;11;1;12;22;5.103085833209297;5;2;0;1;25;16;1;9;9;4;0;21;-9.080057985711424;20;-6.565205663428026
TRACK:231;1;5;1;6;6;1;3;6;4;4;4;0;24;14;4;4;0;0;2;5;9;6;20;-8.726255855688649;2;5;14;6;7;-9.95321655497277;4;6;1;10;24;4;2;5;3;6;0;1;6;6;21;4.012117523453231;0;2;7;-4.5988989645168825;24;6;18;3;2;0;10;10;0;19;25;3;6;0;0;0;0;0;16;18;6;18;1;19;2;19;25;2;4;3;22;-6.567802755968186;4;3;9;2;5;0;3;19;3;21;-2.206724557577269;5;2;3;21;-5.471633268653154;3;15
TRACK:232;2;9;3;2;1;5;5;3;4;2;21;8.24772233220132;21;-1.9113830722890874;5;3;0;0;0;2;3;9;3;8;5;5;7;-5.865911246557749;0;0;1;9;15;4;19;2;2;8;7;0.27639591876486946;2;17;16;2;1;6;2;14;15;4;4;25;1;5;5;14;4;5;19;0;0;0;5;4;0;1;5;11;0;10;8;6;0;21;-7.764013924383677;22;8.021119822980037;6;0;4;5;6;11;5;1;2;22;7.96336029676803;12;2;7;-1.06748086910439;16;1;5;5;4;5;6;25;1;5;6;2;4;19;2;8;12;4;4;5;2;24;7;7.75869826608535;1;2;1;0;3;5;3;8;4;2;1;24;8;4;17;0;0;4;1;20;-8.050513760080563;19;6;0;18;20;-9.399501037894344;0;6;3;18;5;5;7;-5.911158253709241;2;6;4;6;2;21;2.2856639257123277;11;4;4;5;5;25;1;6;4;6;2;2;22;-3.960708720543222;16;1;18;11;4;5;3;0;2;18;18;1;24;23;-0.02386083831450847
TRACK:233;2;9;1;2;6;1;2;5;0;3;4;4;25;4;3;1;8;9;2;6;6;4;3;17;2;1;6;2;18;7;3.5228825611996495;4;3;7;1.3148694180032034;2;6;5;12;6;4;23;-2.984599812694464;4;4;5;3;4;2;21;8.24772233220132;21;-1.9113830722890874;3;6;3;6;5;5;5;5;21;2.970980681343576;5;5;4;0;1;4;5;6;0;23;9.649455451473315;9;3;0;6;0;10;23;6.970669534347628;2;2;18;21;1.5498005403086346;3;23;-5.041012822695958;6;5;4;5;2;12;9
TRACK:234;4;8;6;2;1;3;4;5;1;0;4;5;9;5;1;17;20;-0.9469520391402249;4;3;6;11;3;1;1;2;2;0;2;12;7;4.470267418986431;3;19;1;1;25;10;3;12;5;4;3;20;1.1111835709952107;0;5;4;4;21;0.09725600831221648;0;0;4;25;1;15;21;-5.296068650115535;3;0;20;-5.759894496157303;16;1;13;5;5;3;6;23;7.881597015613789;6;1;6;1;6;5;1;2;16;22;8.574948275305786;2;19;9;4;3;2;0;24;12;3;25;2;2;1;1;5;3;23;2.245224886766639;3;4;12;6;5;5;24;1;2;0;5;17;4;18;5;4;14;1;5;1;24;20;7.337434257486006;5;5;24;6;6;3;1;0;20;5.324096622276201;13;0;20;-9.219556274613506;21;-3.9433415675650547
TRACK:235;4;8;0;3;6;5;4;4;3;0;0;3;9;5;7;-6.257266748787929;4;2;21;-2.776360549348449;22;2.9448832533837894;2;2;3;6;3;3;3;2;6;10;6;15;6;4;0;1;6;4;0;22;6.408406580541655;10;3;5;2;24;22;-9.295455763989962;2;6;3;4;25;3;21;-5.296068650115535;0;6;2;3;1;3;5;5;23;-5.124010727406228;5;3;2;25;10;2;4;4;0;3;13;5;15;4;2;5;0;24;25;0;5;8;6;21;-6.771852628930652;3;3;2;0;5;5;5;24;0;1;6;23;-2.0240113589058195;1;7;-8.8446594628528;19;5;0;12;14;1;0;3;6;25;2;5;13;2;7;5.8269146595156585;17;4;1;4;7;-6.8856396711382795;1;15;11
TRACK:236;4;1;6;2;1;3;4;5;1;0;4;20;9.57956403425339;5;1;17;20;-0.9469520391402249;4;3;6;11;3;1;1;2;2;0;2;12;7;4.470267418986431;3;19;1;1;25;10;3;12;5;4;3;20;1.1111835709952107;0;5;4;4;21;0.09725600831221648;0;0;4;25;1;15;21;-5.296068650115535;3;0;20;-5.759894496157303;16;1;2;6;6;2;10;7;9.943590620202272;6;2;4;12;3;8;5;5;3;6;23;7.881597015613789;6;1;6;1;6;5;1;2;16;22;8.574948275305786;2;19;9;4;3;2;0;24;12;3;25;2;2;1;1;5;3;23;2.245224886766639;3;4;12;6;5;5;24;1;2;0;5;17;4;18;5;4;14;1;5;1;24;20;7.337434257486006;5;5;24;6;6;3;1;0;20;5.324096622276201;13;0;20;-9.219556274613506;21;-3.9433415675650547
TRACK:237;4;1;1;5;4;6;1;4;1;1;0;5;11;6;12;0;2;17;23;7.343588116177962;2;22;7.659724088851995;7;-5.032585141132115;3;6;4;12;2;3;0;3;5;17;6;2;11;22;0.6553455134787516;0;2;2;0;10;25;0;12;25;3;4;17;0;1;5;19;4;13;1;6;18;4;8;5;4;1;3;3;1;6;5;1;16;17;4;0;0;15;20;4.682158380378638;2;21;-7.427170659245787;20;9.57956403425339;4;1;3;6;1;0;9;11;1;12;22;5.103085833209297;5;2;0;1;25;16;1;9;9;4;0;23;7.881597015613789;20;-6.565205663428026
TRACK:238;9;2;1;2;6;1;2;5;0;3;4;4;25;4;3;1;8;9;2;6;6;4;3;17;2;1;6;2;18;7;3.5228825611996495;4;3;7;1.3148694180032034;2;6;5;12;6;4;23;-2.984599812694464;4;4;5;3;4;2;21;8.24772233220132;21;-1.9113830722890874;19;5;5;4;0;1;4;5;6;0;23;9.649455451473315;9;3;0;6;0;10;23;6.970669534347628;2;2;18;21;1.5498005403086346;3;23;-5.041012822695958;6;5;4;5;2;12;21;-6.960626994994536
TRACK:239;9;2;3;2;1;5;4;6;1;3;3;4;23;8.776868184220028;1;4;4;19;6;0;22;1.4732763329787435;15;5;3;0;0;0;2;3;9;3;8;5;5;7;-5.865911246557749;0;0;1;9;15;4;19;2;2;8;7;0.27639591876486946;2;17;16;2;1;6;2;14;15;4;4;25;1;5;5;14;4;5;19;0;0;0;5;4;0;1;5;11;0;10;8;6;0;21;-7.764013924383677;22;8.021119822980037;6;0;4;5;6;11;5;1;2;22;7.96336029676803;12;2;7;-1.06748086910439;16;1;5;5;4;5;6;25;1;5;6;2;4;19;2;8;12;4;4;5;2;24;7;7.75869826608535;1;2;1;0;3;5;3;8;4;2;12;21;-6.960626994994536;0;0;4;1;20;-8.050513760080563;19;6;0;18;20;-9.399501037894344;0;6;3;18;5;5;7;-5.911158253709241;2;6;4;6;2;21;2.2856639257123277;11;4;4;5;5;25;1;6;4;6;2;2;22;-3.960708720543222;16;1;18;11;4;5;3;0;2;18;18;1;24;23;-0.02386083831450847
TRACK:240;230;-1;1;5;4;6;1;4;1;1;0;5;11;6;12;0;2;17;23;7.252337559981189;2;22;7.695055732375607;7;-4.8702577720730735;3;6;4;12;2;3;0;3;5;17;6;2;11;22;0.5621613635148202;0;2;2;0;10;25;0;12;25;3;4;10;0;1;5;19;4;13;1;6;15;4;8;5;4;1;3;3;1;6;5;1;16;17;4;0;0;15;20;4.661542239913882;2;21;-7.435366015070164;20;9.488603387403154;4;1;3;6;1;0;9;11;1;12;22;5.095419346556801;5;2;0;1;25;16;1;9;9;4;0;21;-9.092490601740712;20;-6.575435451891009
TRACK:241;2;-1;3;2;1;5;4;6;1;3;3;4;23;8.814980363765194;1;4;4;19;6;0;22;1.4879849470289215;15;5;3;0;0;0;2;3;9;3;8;5;5;7;-5.942451692322648;0;0;1;9;15;4;19;6;6;14;2;1;6;2;14;15;4;4;25;1;5;5;14;4;5;19;0;0;0;5;4;0;1;5;11;0;10;8;6;0;21;-7.891728588598817;22;7.9796651095935935;6;0;4;5;6;11;5;1;2;22;7.939218490066835;12;2;7;-0.9473594750757116;16;1;5;5;4;5;6;25;1;5;6;2;4;19;2;8;12;4;4;5;2;24;7;7.875252566309245;1;2;1;0;3;5;3;8;4;2;1;24;8;4;17;0;0;4;1;20;-8.238065688685095;19;6;0;18;20;-9.483321202310444;0;6;3;18;5;5;7;-5.898995802019916;2;6;4;6;2;21;2.2128883514366553;11;4;4;5;5;25;1;6;4;6;2;2;22;-3.8194480010608345;16;1;18;11;4;5;3;0;2;18;18;1;24;23;-0.1720477807962828
TRACK:242;234;-1;6;2;1;3;4;5;1;0;4;5;9;5;1;17;20;-0.8013348709281672;4;3;6;11;3;1;1;2;2;0;2;12;7;4.470024352165533;3;19;1;1;25;10;3;12;5;4;3;20;1.2622787783975369;0;5;4;4;21;-0.025219873909666804;0;0;4;25;1;15;21;-5.471618979075387;3;0;20;-5.853372570947947;16;1;13;5;5;3;6;23;7.988865317858945;6;1;6;1;6;5;1;2;16;22;8.504393338813655;2;19;9;4;3;2;0;24;12;3;25;2;2;1;1;5;3;23;2.261586147543799;3;4;12;6;5;5;24;1;2;0;5;17;0;16;10;5;4;14;1;5;1;24;20;7.364080486206922;5;5;24;6;6;3;1;0;20;5.330553383482088;13;0;20;-9.303257263969128;21;-3.889249424165453
TRACK:243;236;-1;6;2;1;3;4;5;1;0;4;20;9.751867876741207;5;1;17;20;-1.0418131348135224;4;3;6;11;3;1;1;2;2;0;2;12;7;4.466243281922146;3;19;1;1;25;10;3;12;5;4;3;20;1.1472804031856587;0;5;4;4;21;0.1647930951176642;0;0;4;25;1;15;21;-5.202352879081406;3;0;20;-5.729612886651876;16;1;2;6;6;2;10;7;10.0;6;2;4;12;3;8;5;5;3;6;23;7.894601058170028;6;1;6;1;6;5;1;2;16;22;8.557452041159888;2;19;9;4;3;2;0;24;12;3;25;2;2;1;1;5;3;23;2.2196582555250615;3;4;12;0;0;5;24;0;12;18;4;1;11;9;1;2;0;5;17;4;18;5;4;14;1;5;1;24;20;7.207828199305715;5;5;24;6;6;3;1;0;20;5.413278401660881;13;0;20;-9.168340653714532;21;-3.890712417134517
TRACK:244;238;-1;1;2;6;1;2;5;0;3;4;4;25;4;3;1;8;9;2;6;6;2;2;17;25;5;11;2;1;6;2;18;7;3.685721347869988;4;3;7;1.2714860031765798;2;6;5;12;6;4;23;-3.040594687321322;4;4;5;3;4;2;21;8.232341596706664;21;-1.9390279367511842;19;5;5;4;0;1;4;5;6;0;23;9.611084529724105;9;3;0;6;0;10;23;6.929996908339719;2;2;18;21;1.460167957528359;3;23;-5.176677352344679;6;5;4;5;2;12;21;-7.075149624593659
TRACK:245;231;-1;1;6;6;1;3;6;4;4;4;0;24;14;4;4;0;0;2;5;9;6;20;-8.574197015610496;2;5;14;6;7;-10.0;4;6;1;10;24;4;2;5;3;6;0;1;6;6;21;4.03823286091866;0;2;7;-4.548832809302588;24;6;18;3;2;0;10;10;0;19;25;3;6;0;0;0;0;0;16;18;6;18;1;19;2;19;25;2;4;3;22;-6.781789792529822;1;10;16;2;5;0;3;19;3;21;-2.171342971612475;5;2;3;21;-5.605243104938309;3;15
TRACK:246;9;-1;1;2;6;1;2;5;0;3;4;4;25;4;3;1;8;9;2;6;6;4;3;17;2;1;6;2;18;7;3.5467504952236926;4;3;7;1.2439785126446368;2;6;5;12;6;4;23;-3.2037717327548823;4;4;5;3;4;2;21;8.262899960856483;21;-1.9456493907581738;3;6;3;6;5;5;5;5;21;2.9381777763530086;5;5;4;0;1;4;5;6;0;23;9.808416198460701;9;3;0;6;0;10;23;7.078203880691734;2;2;18;8;3;23;-5.245544994664939;6;5;4;5;2;12;21;-6.8236810702025315
TRACK:247;235;-1;0;3;6;5;4;4;3;0;0;3;9;5;7;-6.399129642817132;4;2;21;-2.671673518576348;22;3.004191999448055;2;2;3;6;3;3;3;2;6;10;6;15;6;4;0;1;6;4;0;22;6.38007111209955;10;3;5;2;24;22;-9.48160381746192;2;6;3;4;25;3;21;-5.379970273789807;0;6;2;3;1;3;5;5;23;-5.200129638132319;5;3;2;25;10;2;4;4;0;3;13;5;15;4;2;5;0;24;25;0;5;8;6;21;-6.684467524337758;3;3;2;0;5;5;5;24;0;1;6;23;-2.0168521001576702;1;7;-8.839638516533771;19;5;0;12;14;1;0;3;6;25;2;5;13;2;7;6.0880783815209325;17;4;1;4;7;-6.8307769862230945;3;10
TRACK:248;237;-1;1;5;4;6;1;4;1;1;0;5;11;6;12;0;2;17;23;7.379456415997922;2;22;7.796691864628757;7;-4.912772420213354;3;6;4;12;2;3;0;3;5;17;6;2;11;22;0.6972659483073875;0;2;2;0;10;25;0;12;25;3;4;17;0;1;5;19;4;13;1;6;18;0;24;12;5;4;1;3;3;1;6;5;1;16;17;4;0;0;15;20;4.673464922794317;2;21;-7.2456043567344075;20;9.713883927320953;4;1;3;6;1;0;9;11;1;12;22;5.088581703712894;5;2;0;1;25;16;1;9;9;4;0;23;7.805055189534745;20;-6.593754543625894
TRACK:249;239;-1;3;2;1;5;4;6;1;3;3;4;23;8.69149536409834;1;4;4;19;6;0;22;1.6933540844745356;15;5;3;0;0;0;2;3;9;3;8;5;5;7;-5.892743842795595;0;0;1;9;15;4;19;2;2;8;7;0.29719981849419275;2;17;16;2;1;6;2;14;15;4;4;25;1;5;5;14;4;5;19;0;0;0;5;4;0;1;5;11;0;10;8;6;0;21;-7.738318741475562;22;7.933167095418837;6;0;4;5;6;11;5;1;2;22;7.9785884138581675;12;2;7;-1.1516141107365223;16;1;5;5;4;5;6;25;1;5;6;2;4;19;2;8;12;4;4;5;2;24;7;7.87664110675913;1;2;1;0;3;5;3;8;4;2;12;21;-7.098515906725937;0;0;4;1;20;-7.978770403044348;19;6;0;18;20;-9.32187108079527;0;6;3;18;5;5;7;-5.961822936599786;2;2;3;0;4;23;7.225696245103602;6;19;0;0;6;22;4.6792571365587055;3;19;3;6;8;4;4;5;5;25;1;6;4;6;2;2;22;-4.1290390588393295;16;1;18;11;4;5;3;0;2;18;18;1;24;23;0.12353674638310708
EVAL_INSTANCE:12:0:240
EVAL_INSTANCE:12:1:241
EVAL_INSTANCE:12:2:242
EVAL_INSTANCE:12:3:243
EVAL_INSTANCE:12:4:244
EVAL_INSTANCE:12:5:245
EVAL_INSTANCE:12:6:246
EVAL_INSTANCE:12:7:247
EVAL_INSTANCE:12:8:248
EVAL_INSTANCE:12:9:249
RUN_RESULT:12:0:0:2000:----
RUN_RESULT:12:1:0:2000:----
RUN_RESULT:12:2:0:2000:----
RUN_RESULT:12:3:0:2000:----
RUN_RESULT:12:4:0:2000:----
RUN_RESULT:12:5:0:2000:----
RUN_RESULT:12:6:0:2000:----
RUN_RESULT:12:7:0:2000:----
RUN_RESULT:12:8:0:2000:----
RUN_RESULT:12:9:0:2000:----
    13 |      130 |  0.000000E+00 | -0.000000E+00
TRACK:250;1;2;1;5;4;6;1;4;1;1;0;5;11;6;12;0;2;17;23;7.343588116177962;2;22;7.659724088851995;7;-5.032585141132115;3;6;4;12;2;3;0;3;5;17;6;2;11;22;0.6553455134787516;0;2;2;0;10;25;0;12;25;4;1;20;-8.050513760080563;19;0;1;5;19;4;13;1;6;18;4;8;5;4;1;3;3;1;6;5;1;16;17;4;0;0;15;20;4.682158380378638;2;21;-7.427170659245787;20;9.57956403425339;4;1;3;6;1;0;9;11;1;12;22;5.103085833209297;5;2;0;1;25;16;1;9;9;4;0;21;-9.080057985711424;20;-6.565205663428026
TRACK:251;1;2;3;2;1;5;4;6;1;3;3;4;23;8.776868184220028;1;4;4;19;6;0;22;1.4732763329787435;15;5;3;0;0;0;2;3;9;3;8;5;5;7;-5.865911246557749;0;0;1;9;15;4;19;2;2;8;7;0.27639591876486946;2;17;16;2;1;6;2;14;15;4;4;25;1;5;5;14;4;5;19;0;0;0;5;4;0;1;5;11;0;10;8;6;0;21;-7.764013924383677;22;8.021119822980037;6;0;4;5;6;11;5;1;2;22;7.96336029676803;12;2;7;-1.06748086910439;16;1;5;5;4;5;6;25;1;5;6;2;4;19;2;8;12;4;4;5;2;24;7;7.75869826608535;1;2;1;0;3;5;3;8;4;2;1;24;8;4;17;0;0;4;1;20;-8.050513760080563;19;6;0;18;20;-9.399501037894344;0;6;3;18;5;5;7;-5.911158253709241;2;6;4;6;2;21;2.2856639257123277;11;4;4;25;1;6;4;6;2;2;22;-3.960708720543222;16;1;18;11;4;5;3;0;2;18;18;1;24;23;-0.02386083831450847
TRACK:252;5;0;1;6;6;1;3;6;4;4;4;0;24;14;4;4;0;0;2;5;9;6;20;-8.726255855688649;2;5;14;6;7;-9.95321655497277;4;6;1;10;24;4;2;5;3;6;0;1;6;6;21;4.012117523453231;0;2;7;-4.5988989645168825;24;6;18;3;2;0;10;10;0;19;25;3;6;0;0;0;0;0;16;18;6;18;1;1;13;19;2;19;25;2;4;3;22;-6.567802755968186;4;3;9;2;5;5;9;5;2;3;21;-5.471633268653154;3;15
TRACK:253;5;0;1;1;0;3;0;6;1;2;1;4;21;-8.091695645771441;3;24;2;2;18;9;3;19;2;0;5;21;-7.2959812932800805;3;16;2;2;7;-4.493181850482875;20;0.7795200228939336;1;14;11;2;5;2;2;0;19;25;5;8;5;5;9;0;3;0;5;20;-5.020657470907446;3;24;4;0;5;16;6;13;6;1;1;6;5;4;2;21;2.7132108609914596;10;0;5;4;4;23;-5.613450788097989;0;6;4;24;2;5;13;4;7;-9.301745737281212;5;2;3;6;2;22;7.607318748444371;9;0;1;1;23;-1.5694153766874734;13;4;22;-8.592682090192676;2;4;13;2;18;8;6;2;5;0;3;0;5;3;22;-0.46800007632423757;4;6;15;1;3;5;6;13;0;2;3;10;0;23;-6.3481384793703155;22;-3.5331572321449496;6;4;12;5;6;5;3;2;2;14;7;-1.3035809828779996;3;22;6.2665076758869915;0;5;0;0;4;0;6;3;0;19;22;6.659200931465364;5;4;2;22;-3.76164374361805;10;2;3;5;3;0;12;9;5;3;21;-5.471633268653154;6;2;3;5;0;4;14;3;8;4;2;3;6;7;-1.2569761934032346;3;5;21;6.977437885021079;5;5;3;6;4;5;0;6;18;0;15;18
TRACK:254;4;4;6;2;1;3;4;5;1;0;11;5;1;17;20;-0.9469520391402249;4;3;6;11;3;1;1;2;2;0;2;12;7;4.470267418986431;3;19;1;1;25;10;3;12;5;4;3;20;1.1111835709952107;0;5;4;4;21;0.09725600831221648;0;0;4;25;1;15;21;-5.296068650115535;3;0;20;-5.759894496157303;16;1;2;6;6;2;10;7;9.943590620202272;6;2;4;12;3;8;5;5;3;6;23;7.881597015613789;6;1;6;1;6;5;1;2;16;22;8.574948275305786;2;19;9;4;3;2;0;24;12;3;25;2;2;1;1;5;3;23;2.245224886766639;3;4;12;6;5;5;24;1;2;0;5;17;4;18;5;4;14;1;5;1;24;20;7.337434257486006;5;5;24;6;6;3;1;0;20;5.324096622276201;13;0;20;-9.219556274613506;21;-3.9433415675650547
TRACK:255;4;4;6;2;1;3;4;5;1;0;4;5;9;5;1;17;20;-0.9469520391402249;4;3;6;11;3;1;1;3;0;20;-5.759894496157303;16;0;5;4;4;21;0.09725600831221648;0;0;4;25;1;15;21;-5.296068650115535;3;0;20;-5.759894496157303;16;1;2;6;6;2;10;7;9.943590620202272;6;2;4;12;3;8;5;5;3;6;23;7.881597015613789;6;1;6;1;6;5;1;2;16;22;8.574948275305786;2;19;9;4;3;2;0;24;12;3;25;2;2;1;1;5;3;23;2.245224886766639;3;4;12;6;5;5;24;1;2;0;5;17;4;18;5;4;14;1;5;1;24;20;7.337434257486006;5;5;24;6;6;3;1;0;20;5.324096622276201;13;0;20;-9.219556274613506;21;-3.9433415675650547
TRACK:256;6;0;3;1;1;4;3;1;1;5;0;6;15;2;20;1.7224974763093641;20;7.177099101969013;0;2;0;25;7;4.689855129983286;4;16;6;5;21;-7.862144299204303;2;1;1;4;7;-7.325792350559537;6;24;1;3;12;1;9;13;6;1;1;18;10;2;25;21;9.92730155650895;3;6;4;1;14;5;3;1;21;-5.38438680582463;25;3;2;3;4;2;5;6;2;9;25;4;3;4;9;1;3;0;2;0;5;20;3.464618466817333;2;17;20;-3.3978690850992965;0;5;14;2;19;15;4;3;6;11;1;1;3;4;3;10;5;1;1;20;9.915510388428196;13;4;20;-0.382656399841661;5;3;5;2;22;5.099092897541018;15
TRACK:257;6;0;1;1;0;3;0;6;1;2;1;4;21;-8.091695645771441;3;24;2;2;18;9;3;19;2;0;5;21;-7.2959812932800805;3;16;2;2;7;-4.493181850482875;20;0.7795200228939336;1;14;11;2;5;2;2;0;19;25;5;8;5;5;9;0;3;0;5;20;-5.020657470907446;3;24;4;0;5;16;6;13;6;1;1;6;5;4;2;21;2.7132108609914596;10;0;5;4;4;23;-5.613450788097989;0;6;4;24;2;5;13;4;7;-9.301745737281212;5;2;3;6;2;22;7.607318748444371;9;0;1;1;23;-1.5694153766874734;13;4;22;-8.592682090192676;2;4;13;2;18;8;6;2;5;0;3;0;5;3;22;-0.46800007632423757;4;6;15;1;3;5;6;13;0;2;3;10;0;23;-6.3481384793703155;22;-3.5331572321449496;6;4;12;5;6;5;3;2;2;14;7;-1.3035809828779996;3;22;6.2665076758869915;0;5;0;0;4;0;6;3;0;19;22;6.659200931465364;5;4;2;22;-3.76164374361805;10;2;3;5;3;0;12;21;9.92730155650895;5;4;1;0;20;-9.908004235067462;13;2;23;6.339456973303058;12;6;2;3;5;0;4;14;3;8;4;2;3;6;7;-1.2569761934032346;3;5;21;6.977437885021079;5;5;3;6;4;5;0;6;18;0;15;18
TRACK:258;3;7;4;1;3;5;2;4;1;5;3;2;24;10;0;6;4;17;1;0;19;9;5;22;-7.62975071277647;6;1;1;3;4;18;0;5;9;5;20;-2.9816156354807717;5;0;1;17;8;4;17;4;5;4;9
TRACK:259;3;7;3;2;6;2;6;1;1;5;3;0;22;-2.976818997446557;13;5;0;0;19;11;2;10;24;2;5;0;0;14;10;1;14;13;0;1;17;8;4;17;4;0;3;3;6;0;11;20;6.438428466161334;0;5;1;2;13;12;5;16;6;4;0;19;10;0;0;3;4;3;1;5;6;18;2;0;19;9;2;20;2.013526145735474;8;5;1;3;6;1;4;22;1.2733373695578294;3;22;-7.108224051687076;5;4;4;6;19;4;0;3;3;5;1;0;7;1.7220496612518055;14;1;17;24;1;3;5;1;4;9;2;24;11;4;1;1;2;8;16;3;22;-6.453663071411874;1;2;24;20;8.339831654716583;5;18
TRACK:260;250;-1;1;5;4;6;1;4;1;1;0;5;11;6;12;0;2;17;23;7.283323629637481;2;22;7.78904721808686;7;-5.093566026839115;3;6;4;12;2;3;0;3;5;17;6;2;11;22;0.8946065317556415;0;2;2;0;10;25;0;12;25;4;1;20;-7.958169611045271;19;0;1;5;19;4;13;1;6;18;4;8;5;4;1;3;3;1;6;5;1;16;17;4;0;0;15;20;4.648707115973359;2;21;-7.428100602690157;20;9.539177428576327;4;1;3;6;1;0;9;11;1;12;22;5.128493590780503;5;2;0;1;23;-8.970040105568092;16;1;9;9;4;0;21;-8.94790566676799;20;-6.593817693712123
TRACK:261;252;-1;1;6;6;1;3;6;4;4;4;0;24;14;4;4;0;0;2;5;9;6;20;-8.708311670213744;2;5;14;6;7;-10.0;4;6;1;10;24;4;2;5;3;6;0;1;6;6;21;3.951938272222866;0;2;17;24;6;18;3;2;0;10;10;0;19;25;3;6;0;0;0;0;0;16;18;6;18;1;1;13;19;2;19;25;2;4;3;22;-6.60294566334999;4;3;9;2;5;5;9;5;2;3;21;-5.499673256576449;3;15
TRACK:262;254;-1;6;2;1;3;4;5;1;0;11;5;1;17;19;4;3;6;11;3;1;1;2;2;0;2;12;7;4.62802217038209;3;19;1;1;25;10;3;12;5;4;3;20;1.1171036725136814;0;5;4;4;21;-0.09114691392338004;0;0;4;25;1;15;21;-5.151612416078194;3;0;20;-5.652626073844091;16;1;2;6;6;2;10;7;9.910858979241876;6;2;4;12;3;8;5;5;3;6;23;8.031701499583747;6;1;6;1;6;5;1;2;16;22;8.481943316201262;2;19;9;4;3;2;0;24;12;3;25;2;2;1;1;5;3;23;2.156073389069406;3;4;12;6;5;5;24;1;2;0;5;17;4;18;5;4;14;1;5;1;24;20;7.344943480802027;5;5;24;6;6;3;1;0;20;5.254679023750975;13;0;20;-9.269149581414242;21;-3.8860471907393586
TRACK:263;256;-1;3;1;1;4;3;1;1;5;0;4;22;-8.421142605477382;2;20;1.7653193757715782;20;7.092735393561204;0;2;0;25;7;4.790542945932557;4;16;6;5;21;-7.965429230385947;2;1;1;4;7;-7.347550706526484;6;24;1;3;12;1;9;13;6;1;1;18;10;2;25;21;9.917646066926807;3;6;4;1;14;5;3;1;21;-5.437682575668247;25;3;2;3;4;2;5;6;2;9;25;4;3;4;9;1;3;0;2;0;5;20;3.4863810189765396;2;17;20;-3.455674775542632;0;5;14;2;19;15;4;3;6;11;1;1;3;4;3;10;5;1;1;20;9.892125694878652;13;4;20;-0.35049424215109526;5;3;5;2;22;5.1372325030692;15
TRACK:264;258;-1;4;1;3;5;2;4;1;5;3;2;24;10;0;6;4;17;1;17;15;6;1;1;3;4;18;0;5;9;5;20;-2.8670987664079584;5;0;1;17;8;4;17;4;5;4;9
TRACK:265;251;-1;3;2;1;5;4;6;1;3;3;4;23;8.905243866315862;1;4;4;19;6;0;22;1.386091234724348;15;5;3;0;0;0;2;3;9;3;21;8.564815632067589;5;5;7;-5.949125367282806;0;0;1;9;15;4;19;2;2;8;7;0.18189871242396333;2;17;16;2;1;6;2;14;15;4;4;25;1;5;5;14;4;5;19;0;0;0;5;4;0;1;5;11;0;10;8;6;0;21;-7.8003789672257025;22;7.965068689200316;6;0;4;5;6;11;5;1;2;22;7.8630190462709075;12;2;7;-0.9185099436974613;16;1;5;5;4;5;6;25;1;5;6;2;4;19;2;8;12;4;4;5;2;24;7;7.659398071523345;1;2;1;0;3;5;3;8;4;2;1;24;8;4;17;0;0;4;1;20;-8.090973000963231;19;6;0;18;20;-9.5161275097946;0;6;3;18;5;5;7;-6.085952021501357;2;6;4;6;2;21;2.220952822661186;11;4;4;25;1;6;4;6;2;2;22;-4.082546194297987;16;1;18;11;4;5;3;0;2;18;18;1;24;23;0.08234699295108246
TRACK:266;253;-1;1;1;0;3;0;6;1;2;1;4;21;-8.156623147019998;3;24;2;2;18;9;3;19;2;0;5;21;-7.067884866062217;3;16;2;2;7;-4.399780000581647;20;0.7677510519787142;1;14;11;2;5;2;2;0;19;25;5;8;5;5;9;0;3;0;5;20;-5.008020999260949;3;24;4;0;5;16;6;13;6;1;1;6;5;4;2;21;2.7031734892739756;10;0;5;4;4;23;-5.62827112284189;0;6;4;24;2;5;13;4;7;-9.288750569282696;5;2;5;20;5.37595443159119;3;24;6;2;5;0;3;0;5;3;22;-0.5427029514188098;4;6;15;1;3;5;6;13;0;2;3;10;0;23;-6.2722337021889825;22;-3.6430861364856373;6;4;12;5;6;5;3;2;2;14;7;-1.3312995295918084;3;22;6.229232267987039;0;5;0;0;4;0;6;3;0;19;22;6.579013315638391;5;4;2;22;-3.8256683104409834;10;2;3;5;3;0;12;9;5;3;21;-5.4889441629133735;6;2;3;5;0;4;14;3;8;4;2;3;6;7;-1.2699077745996692;3;5;21;6.864237107070945;5;5;3;6;4;5;0;6;18;0;15;18
TRACK:267;255;-1;6;2;1;3;4;5;1;0;4;5;9;5;1;17;20;-1.0907887737309405;4;3;6;11;3;1;1;3;0;20;-5.654580332136958;16;0;5;4;4;21;0.23632219918456251;0;0;2;13;21;6.2244760363255445;1;15;21;-5.1430824145804745;3;0;20;-5.935266928862414;16;1;2;6;6;2;10;7;9.869248517603422;6;2;4;12;3;8;5;5;3;6;23;7.819116849234339;6;1;6;1;6;5;1;2;16;22;8.453675686790701;2;19;9;4;3;2;0;24;12;3;25;2;2;1;1;5;3;23;2.1880962835829405;3;4;12;6;5;5;24;1;2;0;5;17;4;18;5;4;14;1;5;1;24;20;7.331185732575494;5;5;24;6;6;3;1;0;20;5.306441070605209;13;0;20;-9.307132099572561;21;-3.79390415055157
TRACK:268;257;-1;1;1;0;3;0;6;1;2;1;4;21;-8.150075041615473;3;24;2;2;18;9;3;19;2;0;5;21;-7.2011463833496805;3;16;2;2;7;-4.4065075678322865;20;0.8561485424711477;1;14;11;2;5;2;2;0;19;25;5;8;5;5;9;0;3;0;5;20;-4.989670110894505;3;24;4;0;5;16;6;13;6;1;1;6;5;4;2;21;2.5548725757729596;10;0;5;4;4;23;-5.2467395683446085;0;6;4;24;2;5;13;4;7;-9.44492817612151;5;2;3;6;2;22;7.6673204991068715;9;0;1;1;23;-1.700503803802234;13;4;22;-8.551694687459026;2;4;13;2;18;8;6;2;5;0;3;0;5;3;22;-0.5050386252673292;4;6;15;1;3;5;6;13;0;2;3;10;0;23;-6.251665240898102;22;-3.63488511583819;6;4;12;5;6;5;3;2;2;14;7;-1.4187898876143503;3;22;6.151220117500896;0;5;0;0;4;0;6;3;0;19;22;6.737225079967695;5;4;2;22;-3.884973962610534;10;2;3;5;3;0;12;21;10.0;5;4;1;0;25;13;2;23;6.397738938295692;12;6;2;3;5;0;4;14;3;8;4;2;3;6;7;-1.400250791483358;3;5;21;6.90269666783045;5;5;3;6;4;5;0;6;18;0;15;18
TRACK:269;259;-1;3;2;6;2;6;1;1;5;3;0;22;-2.910090261814874;13;5;0;0;19;11;2;10;24;2;5;0;0;14;10;1;14;13;0;1;17;8;2;22;-3.5703258094426786;20;8.562636554059097;4;0;3;3;6;0;11;20;6.460008953538746;0;5;1;2;13;12;5;16;6;4;0;19;10;0;0;3;4;3;1;5;6;18;2;0;19;9;2;20;1.8901691202636566;8;5;1;3;6;1;4;22;1.3461905951014457;3;22;-7.044334454530454;5;4;4;6;19;4;0;3;3;5;1;0;7;1.6181222539690787;14;1;17;24;1;3;5;1;4;9;2;24;11;4;1;1;2;8;16;3;22;-6.780993478042595;1;2;24;20;8.36560631760757;5;18
EVAL_INSTANCE:13:0:260
EVAL_INSTANCE:13:1:261
EVAL_INSTANCE:13:2:262
EVAL_INSTANCE:13:3:263
EVAL_INSTANCE:13:4:264
EVAL_INSTANCE:13:5:265
EVAL_INSTANCE:13:6:266
EVAL_INSTANCE:13:7:267
EVAL_INSTANCE:13:8:268
EVAL_INSTANCE:13:9:269
RUN_RESULT:13:0:0:2000:----
RUN_RESULT:13:1:0:2000:----
RUN_RESULT:13:2:0:2000:----
RUN_RESULT:13:3:0:2000:----
RUN_RESULT:13:4:0:2000:----
RUN_RESULT:13:5:0:2000:----
RUN_RESULT:13:6:0:2000:----
RUN_RESULT:13:7:0:2000:----
RUN_RESULT:13:8:0:2000:----
RUN_RESULT:13:9:0:2000:----
    14 |      140 |  0.000000E+00 | -0.000000E+00
TRACK:270;6;4;3;1;1;4;3;1;1;5;0;6;15;2;20;1.7224974763093641;20;7.177099101969013;19;2;1;1;4;7;-7.325792350559537;6;24;1;3;12;1;9;13;6;1;1;18;10;2;25;21;9.92730155650895;3;6;4;1;0;2;2;8;12;1;12;12;4;4;10;5;3;1;21;-5.38438680582463;25;3;2;3;4;2;5;6;2;9;25;4;3;4;9;1;3;0;2;0;5;20;3.464618466817333;2;17;20;-3.3978690850992965;0;5;14;2;19;15;4;3;6;11;1;1;3;4;3;10;5;1;1;20;9.915510388428196;13;4;20;-0.382656399841661;5;3;5;2;22;5.099092897541018;15
TRACK:271;6;4;6;2;1;3;13;3;1;1;2;2;0;2;12;7;4.470267418986431;3;19;1;1;25;10;3;12;5;4;3;20;1.1111835709952107;0;5;4;4;21;0.09725600831221648;0;0;4;25;1;15;21;-5.296068650115535;3;0;20;-5.759894496157303;16;1;2;6;6;2;10;7;9.943590620202272;6;2;4;12;3;8;5;5;3;6;23;7.881597015613789;6;1;6;1;6;5;1;2;16;22;8.574948275305786;2;19;9;4;3;2;0;24;12;3;25;2;2;1;1;5;3;23;2.245224886766639;3;4;12;6;5;5;24;1;2;0;5;17;4;18;5;4;14;1;5;1;24;20;7.337434257486006;5;5;24;6;6;3;1;0;20;5.324096622276201;13;0;20;-9.219556274613506;21;-3.9433415675650547
TRACK:272;5;7;1;6;6;1;3;6;4;4;4;0;24;14;4;4;0;0;2;5;9;6;20;-8.726255855688649;2;5;14;6;7;-9.95321655497277;4;6;1;10;24;4;2;5;3;6;0;1;6;6;21;4.012117523453231;0;2;7;-4.5988989645168825;24;6;18;3;2;0;10;10;0;19;25;3;6;0;0;0;0;0;16;18;6;18;1;1;13;19;2;19;25;2;0;11;20;6.438428466161334;4;3;9;2;5;0;3;19;3;21;-2.206724557577269;5;2;3;21;-5.471633268653154;3;15
TRACK:273;5;7;3;2;6;2;6;1;1;5;3;0;22;-2.976818997446557;13;5;0;0;19;11;2;10;24;2;5;0;0;14;10;1;14;13;0;2;3;24;2;23;7.967019396695257;20;3.418830663647279;6;4;15;4;0;3;3;6;0;11;20;6.438428466161334;0;5;1;2;13;12;5;16;6;4;0;19;10;0;0;3;4;3;1;5;6;18;2;0;19;9;2;20;2.013526145735474;8;5;1;3;6;1;4;22;1.2733373695578294;3;22;-7.108224051687076;5;4;4;6;19;4;0;3;3;5;1;0;7;1.7220496612518055;14;1;17;24;1;3;5;1;4;9;2;24;11;4;1;1;2;8;16;3;22;-6.453663071411874;1;2;24;20;8.339831654716583;2;7;-4.5988989645168825;24
TRACK:274;3;8;4;6;15
TRACK:275;3;8;0;3;6;5;4;4;3;0;0;3;9;5;7;-6.257266748787929;4;2;21;-2.776360549348449;22;2.9448832533837894;2;2;3;6;3;3;3;2;6;10;6;15;6;4;0;1;6;4;0;22;6.408406580541655;10;3;5;2;24;22;-9.295455763989962;7;3.9275169441683353;0;6;2;3;1;3;5;5;23;-5.124010727406228;5;3;2;25;10;2;4;4;0;3;13;5;15;4;2;5;0;24;25;0;5;8;6;21;-6.771852628930652;3;3;2;0;5;5;5;24;0;1;6;23;-2.0240113589058195;1;7;-8.8446594628528;19;5;0;12;14;1;0;3;6;25;2;5;13;2;7;5.8269146595156585;17;4;1;4;7;-6.8856396711382795;1;15;11
TRACK:276;3;9;4;1;3;5;2;4;1;5;3;2;24;10;0;6;4;17;1;0;19;9;5;22;-7.62975071277647;6;1;1;3;4;18;0;5;9;5;20;-2.9816156354807717;5;0;1;17;8;4;17;4;5;5;5;0;0;4;25;4;4;7;3.746056277809327;1;4;0;19;7;3.9275169441683353;4;2;20;2.31521386465449;22;4.238491789315953
TRACK:277;3;9;1;2;6;1;2;5;0;3;4;4;25;4;3;1;8;9;2;6;6;4;3;17;2;1;6;2;18;7;3.5228825611996495;4;3;7;1.3148694180032034;2;6;5;12;6;4;23;-2.984599812694464;4;4;5;3;4;2;21;8.24772233220132;21;-1.9113830722890874;3;6;3;6;5;5;5;5;21;2.970980681343576;5;5;4;0;1;4;5;6;0;23;9.649455451473315;17;3;0;6;0;10;23;6.970669534347628;2;2;18;21;1.5498005403086346;3;23;-5.041012822695958;6;5;4;5;2;12;21;-6.960626994994536
TRACK:278;6;4;3;1;1;4;3;1;1;5;0;6;15;2;20;1.7224974763093641;20;7.177099101969013;0;2;0;25;7;4.689855129983286;4;16;6;5;21;-7.862144299204303;2;1;1;4;7;-7.325792350559537;6;24;1;3;12;1;9;13;6;1;1;18;10;2;25;21;9.92730155650895;3;6;4;1;0;2;2;8;12;1;12;12;4;4;10;5;3;1;21;-5.38438680582463;25;3;2;3;4;2;5;6;2;9;25;4;3;4;9;1;3;0;2;0;5;20;3.464618466817333;2;17;20;-3.3978690850992965;0;5;14;2;19;15;4;3;6;11;1;1;3;4;3;10;6;5;5;24;5;3;5;2;22;5.099092897541018;15
TRACK:279;6;4;6;2;1;6;4;1;0;2;2;8;12;1;12;12;4;4;10;5;3;1;21;-5.38438680582463;25;3;1;1;2;2;0;2;12;7;4.470267418986431;3;19;1;1;25;10;3;12;5;4;3;20;1.1111835709952107;0;5;4;4;21;0.09725600831221648;0;0;4;25;1;15;21;-5.296068650115535;3;0;20;-5.759894496157303;16;1;2;6;6;2;10;7;9.943590620202272;6;2;4;12;3;8;5;5;3;6;23;7.881597015613789;6;1;6;1;6;5;1;2;16;22;8.574948275305786;2;19;9;4;3;2;0;24;12;3;25;2;2;1;1;5;3;23;2.245224886766639;3;4;12;6;5;5;24;1;2;0;5;17;4;18;5;4;14;1;5;1;24;20;7.337434257486006;5;5;24;6;6;3;1;0;20;5.324096622276201;13;0;20;-9.219556274613506;21;-3.9433415675650547
TRACK:280;270;-1;3;1;1;4;3;1;1;5;0;6;15;2;20;1.8405372456443416;20;7.033651461803038;19;2;1;1;4;7;-7.289439829356053;6;24;1;3;12;1;9;13;6;1;1;18;10;2;25;21;10.0;3;6;4;1;0;2;2;11;12;1;12;12;4;4;10;5;3;1;21;-5.454641777974341;25;3;2;3;4;2;5;6;2;9;25;4;3;4;9;1;3;0;2;0;5;20;3.347803832604011;2;17;20;-3.597136352447828;0;5;14;2;19;15;4;3;6;11;1;1;3;4;3;10;5;1;1;20;9.918631208042928;13;4;20;-0.4193425024607243;5;3;5;2;22;5.039306195151754;15
TRACK:281;272;-1;1;6;6;1;3;6;4;4;4;0;24;14;4;4;0;0;2;5;9;6;20;-8.571554294475849;2;5;14;6;7;-9.954240534163835;4;6;1;10;24;4;2;5;3;6;0;1;6;6;21;3.9348113689609137;0;2;7;-4.377812548868194;24;6;18;3;2;0;10;10;0;19;25;3;6;0;0;0;0;0;16;18;6;18;1;1;13;19;2;19;25;0;3;3;21;-2.991273609809033;5;1;20;2.5159555858980305;23;-8.107499148313357;2;5;0;3;19;3;21;-2.3661417689247433;5;2;3;21;-5.401716054728164;3;15
TRACK:282;274;-1;4;6;3;1;25;10
TRACK:283;3;-1;4;1;3;5;2;4;1;5;3;2;24;10;0;6;4;17;1;0;19;9;5;22;-7.542567136694648;3;0;6;5;17;5;1;8;23;7.889830390753698;4;5;5;5;0;0;2;5;14;2;19;8;4;4;7;3.7689356370122167;1;4;0;19;7;4.022091880283754;4;2;20;2.4595892515639863;22;4.248552263697265
TRACK:284;278;-1;3;1;1;4;3;1;1;5;0;6;15;2;20;1.7394905535021021;20;7.106140391146987;0;2;0;25;7;4.663494903602604;4;16;6;5;21;-7.854861266014471;2;1;1;4;7;-7.345735804097798;6;24;1;3;12;1;9;13;6;1;1;18;10;2;25;21;9.993204606855796;3;6;4;1;0;2;2;8;12;1;12;12;4;4;10;5;3;1;21;-5.37775295886505;25;3;2;3;4;2;5;6;2;9;25;4;3;4;9;1;3;0;2;0;5;20;3.497030212834032;2;17;20;-3.3988727871014754;0;5;14;2;19;15;4;3;6;11;1;1;3;4;3;10;6;5;5;24;5;3;6;9
TRACK:285;271;-1;6;2;1;3;13;3;1;1;2;2;0;2;12;7;4.442029766216617;3;19;1;1;25;10;3;12;5;4;3;20;1.231373076616261;0;5;4;4;21;-0.014121964107928708;0;0;4;25;1;15;21;-5.313674370062935;3;0;20;-5.931296470209414;16;1;2;6;6;2;10;7;9.908847888505893;6;2;4;12;3;8;5;5;3;6;23;7.843394004275845;6;1;6;1;6;5;1;2;16;22;8.616306692507628;2;19;9;4;3;2;0;24;12;3;25;2;2;1;1;5;3;23;2.093738209136743;3;4;12;6;5;5;24;1;6;4;14;1;5;1;24;20;7.3709358202453314;5;5;24;6;6;3;1;0;20;5.449759953826202;13;0;20;-9.195172212940975;21;-4.098620150916623
TRACK:286;273;-1;3;2;6;2;6;1;1;5;3;0;22;-2.9721136586440937;13;5;0;0;19;11;2;10;24;2;5;0;0;14;10;1;14;13;0;2;3;24;2;23;7.796960401538154;20;3.4859635316997553;6;4;15;4;0;3;3;6;0;11;20;6.321783037282016;0;5;1;2;13;12;5;16;6;4;0;19;10;0;0;3;4;3;1;5;6;18;2;0;19;19;2;20;2.157835978571044;8;5;1;3;6;1;4;22;1.4072819792034899;3;22;-6.908831081630971;5;4;4;6;19;4;0;3;3;5;1;0;7;1.6919408331380985;14;1;17;24;1;3;5;1;4;9;2;24;11;4;1;1;2;8;16;3;22;-6.375464898924543;1;2;24;20;8.443444773361435;2;7;-4.627794317240912;24
TRACK:287;275;-1;0;3;6;5;4;4;3;0;0;5;21;7.871588159315351;5;7;-6.139051853281705;4;2;21;-2.8482648062481335;22;3.0293853124971086;2;2;3;6;3;3;3;2;6;10;6;15;6;4;0;1;6;4;0;22;6.418887160068085;10;3;5;2;24;22;-9.407669980376323;7;3.9114605856222764;0;6;2;3;1;3;5;5;23;-5.039408881752134;5;3;2;25;10;2;4;4;0;3;13;5;15;4;2;5;0;24;25;0;5;8;6;21;-6.6611192261948;3;3;2;0;5;5;5;24;0;1;6;23;-2.007681861545353;1;7;-8.951233166455184;19;5;0;12;14;1;0;3;6;25;2;5;13;2;7;5.860067963651983;17;4;1;4;7;-6.665522544670938;1;15;11
TRACK:288;9;-1;1;2;6;1;2;5;0;3;4;4;25;4;3;1;8;9;2;6;6;4;3;17;2;1;6;2;18;7;3.667617201239148;4;3;7;1.300667982131599;2;6;5;12;6;4;23;-2.933426379473717;4;4;5;3;4;2;21;8.373752935729147;21;-1.964010227429118;3;6;3;6;5;5;5;5;21;2.986967735309611;5;5;4;2;6;3;5;12;6;2;0;12;13;1;11;7;3.586312967817797
TRACK:289;279;-1;6;2;1;6;4;1;0;2;2;8;12;1;12;12;4;4;10;5;3;1;21;-5.346345373837734;25;3;1;1;2;2;0;2;12;7;4.393514722425576;3;19;1;1;25;10;3;12;5;4;3;20;1.1717167306275562;0;5;4;4;21;0.18805622042889242;0;0;4;25;1;15;21;-5.383521381580979;3;0;20;-5.689983045745705;16;1;2;6;6;2;10;7;10.0;6;2;4;12;3;8;5;5;3;6;23;8.006044545110264;6;1;6;1;6;5;1;2;16;22;8.49191285056434;2;19;9;4;3;2;0;24;12;3;25;2;2;1;1;5;3;23;2.0795606306427676;3;4;12;6;5;5;24;1;2;0;5;17;4;18;5;4;14;1;5;1;24;20;7.433434788326717;5;5;17;6;6;3;1;0;20;5.449069665096144;13;0;20;-9.1587274359782;21;-4.019542380500347
EVAL_INSTANCE:14:0:280
EVAL_INSTANCE:14:1:281
EVAL_INSTANCE:14:2:282
EVAL_INSTANCE:14:3:283
EVAL_INSTANCE:14:4:284
EVAL_INSTANCE:14:5:285
EVAL_INSTANCE:14:6:286
EVAL_INSTANCE:14:7:287
EVAL_INSTANCE:14:8:288
EVAL_INSTANCE:14:9:289
RUN_RESULT:14:0:0:2000:----
RUN_RESULT:14:1:0:2000:----
RUN_RESULT:14:2:0:2000:----
RUN_RESULT:14:3:0:2000:----
RUN_RESULT:14:4:0:2000:----
RUN_RESULT:14:5:0:2000:----
RUN_RESULT:14:6:0:2000:----
RUN_RESULT:14:7:0:2000:----
RUN_RESULT:14:8:0:2000:----
RUN_RESULT:14:9:0:2000:----
    15 |      150 |  0.000000E+00 | -0.000000E+00
TRACK:290;3;6;4;4;3;4;9
TRACK:291;3;6;3;1;1;4;3;1;1;5;0;6;15;2;20;1.7224974763093641;20;7.177099101969013;0;2;0;25;7;4.689855129983286;4;16;6;5;21;-7.862144299204303;2;1;1;4;7;-7.325792350559537;6;24;1;3;12;1;9;13;6;1;1;19;10;2;25;21;9.92730155650895;3;6;4;1;0;2;2;8;12;1;12;12;4;4;10;5;3;1;21;-5.38438680582463;25;3;2;3;4;2;5;6;2;9;25;4;3;4;9;1;3;0;2;0;5;20;3.464618466817333;2;17;20;-3.3978690850992965;0;5;14;2;19;15;4;3;6;11;1;1;3;4;3;10;5;1;1;20;9.915510388428196;13;4;20;-0.382656399841661;5;3;5;2;22;5.099092897541018;15
TRACK:292;0;4;1;1;0;3;0;6;1;2;1;4;21;-8.091695645771441;3;24;2;2;18;9;3;19;2;0;5;21;-7.2959812932800805;3;16;2;2;7;-4.493181850482875;20;0.7795200228939336;1;14;11;2;5;2;2;0;19;25;5;8;5;5;9;0;3;0;5;20;-5.020657470907446;3;23;7.881597015613789;4;0;5;16;6;13;6;1;1;6;5;4;2;21;2.7132108609914596;10;0;5;4;4;23;-5.613450788097989;0;6;4;24;2;5;13;4;7;-9.301745737281212;5;2;3;6;2;22;7.607318748444371;9;0;1;1;23;-1.5694153766874734;13;4;22;-8.592682090192676;2;4;13;2;18;8;6;2;5;0;3;0;5;3;22;-0.46800007632423757;4;6;15;1;3;5;6;13;0;2;3;10;0;23;-6.3481384793703155;22;-3.5331572321449496;6;4;12;5;6;5;3;2;2;14;7;-1.3035809828779996;3;22;6.2665076758869915;0;5;0;0;4;0;6;3;0;19;22;6.659200931465364;5;4;2;22;-3.76164374361805;10;2;3;5;3;0;12;9;5;4;1;0;20;-9.908004235067462;13;2;23;6.339456973303058;12;6;2;3;5;0;4;14;3;8;4;2;3;6;7;-1.2569761934032346;3;5;21;6.977437885021079;5;5;3;6;4;5;0;6;18;0;15;18
TRACK:293;0;4;6;2;1;3;4;5;1;0;4;5;9;5;1;17;20;-0.9469520391402249;4;3;6;11;3;1;1;2;2;0;2;12;7;4.470267418986431;3;19;1;1;25;10;3;12;5;4;3;20;1.1111835709952107;0;5;4;4;21;0.09725600831221648;0;0;4;25;1;15;21;-5.296068650115535;3;0;20;-5.759894496157303;16;1;2;6;6;2;10;7;9.943590620202272;6;2;4;12;3;8;5;5;3;6;23;7.881597015613789;6;1;6;1;6;5;1;2;16;22;8.574948275305786;2;19;9;4;3;2;0;24;12;3;25;2;2;1;1;5;3;23;2.245224886766639;3;4;12;6;5;5;24;1;22;6.659200931465364;1;5;1;24;20;7.337434257486006;5;5;24;6;6;3;1;0;20;5.324096622276201;13;0;20;-9.219556274613506;21;-3.9433415675650547
TRACK:294;5;1;1;6;6;1;3;6;4;4;4;0;24;14;4;4;0;0;2;5;9;6;20;4.682158380378638;2;5;14;6;7;-9.95321655497277;4;6;1;10;24;4;2;5;3;6;0;1;6;6;21;4.012117523453231;0;2;7;-4.5988989645168825;24;6;18;3;2;0;10;10;0;19;25;3;6;0;0;0;0;0;16;18;6;18;1;1;13;19;2;19;25;2;4;3;22;-6.567802755968186;4;3;9;2;5;0;3;19;3;21;-2.206724557577269;5;2;3;21;-5.471633268653154;3;15
TRACK:295;5;1;1;5;4;6;1;4;1;1;0;5;11;6;12;0;2;17;23;7.343588116177962;2;22;7.659724088851995;7;-5.032585141132115;3;6;4;12;2;3;0;3;5;17;6;2;11;22;0.6553455134787516;0;2;2;0;10;25;0;12;25;3;4;17;0;1;5;19;4;13;1;6;18;4;8;5;4;1;3;3;1;6;5;1;16;17;4;0;0;15;20;4.682158380378638;2;21;-7.427170659245787;20;9.57956403425339;4;1;3;6;1;0;9;11;1;12;22;5.103085833209297;5;2;0;1;25;16;1;9;9;4;0;21;-9.080057985711424;20;-6.565205663428026
TRACK:296;5;3;1;6;6;1;3;6;4;4;4;0;24;14;4;4;0;0;2;5;9;6;20;-8.726255855688649;2;5;14;6;7;-9.95321655497277;4;6;1;10;24;4;2;5;3;6;0;1;6;6;21;4.012117523453231;0;2;7;-4.5988989645168825;24;5;14;3;2;0;10;10;0;19;25;3;6;0;0;0;0;0;16;18;6;18;1;1;13;19;2;19;25;2;4;3;22;-6.567802755968186;4;3;9;2;5;0;3;19;3;21;-2.206724557577269;5;2;3;21;-5.471633268653154;3;15
TRACK:297;5;3;4;1;3;5;2;4;1;5;3;2;24;10;0;6;4;17;1;0;19;9;5;22;-7.62975071277647;6;1;1;3;4;18;0;5;9;5;20;-2.9816156354807717;5;0;1;17;8;4;17;1;3;6;4;4;4;0;24;14;4;4;0;0;2;5;9;6;20;-8.726255855688649;2;5;14;6;7;-9.95321655497277;4;6;1;10;24
TRACK:298;4;0;6;2;1;3;4;5;1;0;4;5;9;5;1;17;20;-0.9469520391402249;4;3;6;11;3;1;1;2;2;0;2;12;7;4.470267418986431;3;19;1;1;25;10;3;12;5;4;3;20;1.1111835709952107;0;5;4;4;8;0;0;4;25;1;15;21;-5.296068650115535;3;0;20;-5.759894496157303;16;1;2;6;6;2;10;7;9.943590620202272;6;2;4;12;3;8;5;5;3;6;23;7.881597015613789;6;1;6;1;6;5;1;2;16;22;8.574948275305786;2;19;9;4;3;2;0;24;12;3;25;2;2;1;1;5;3;23;2.245224886766639;3;4;12;6;5;5;24;1;2;0;5;17;4;18;5;4;14;1;5;1;24;20;7.337434257486006;5;5;24;6;6;3;1;0;20;5.324096622276201;13;0;20;-9.219556274613506;21;-3.9433415675650547
TRACK:299;4;0;1;1;0;3;0;6;1;2;1;4;21;-8.091695645771441;3;24;2;2;18;9;3;19;2;0;5;21;-7.2959812932800805;3;16;2;2;7;-4.493181850482875;20;0.7795200228939336;1;14;11;2;5;2;2;0;19;25;5;8;5;5;9;0;3;0;5;20;-5.020657470907446;3;24;4;0;5;16;6;13;6;1;1;6;5;4;2;21;2.7132108609914596;10;0;5;4;4;23;-5.613450788097989;0;6;4;24;2;5;13;4;7;-9.301745737281212;5;2;3;6;2;22;7.607318748444371;9;0;1;1;23;-1.5694153766874734;13;4;22;-8.592682090192676;2;4;13;2;18;8;6;2;5;0;3;0;5;3;22;-0.46800007632423757;4;6;15;1;3;5;6;13;0;2;3;10;0;23;-6.3481384793703155;22;-3.5331572321449496;6;4;12;5;6;5;3;2;2;14;7;-1.3035809828779996;3;22;6.2665076758869915;0;5;0;0;4;0;6;3;0;19;22;6.659200931465364;5;4;2;22;-3.76164374361805;10;2;3;5;3;0;12;9;5;4;1;0;20;-9.908004235067462;13;2;23;6.339456973303058;12;6;2;3;5;0;4;14;3;8;4;2;3;6;7;-1.2569761934032346;3;5;21;6.977437885021079;5;5;3;6;4;5;0;6;24;0;15;18
TRACK:300;290;-1;5;1;3;4;1;4;2;4;0;1;9;13;0;22;7.645665944911567;9;1;5;3;13;0;1;24;16;2;13;10;2;2;3;0;3;25;2;12;17;3;1;6;15;0;25;14;1;5;4;5;7;-8.802933692168693;4;3;2;8;24;3;4;2;4;2;2;3;6;24;0;6;20;-3.223981962884923;2;17;13;3;3;0;24;10;1;0;1;1;6;19;5;24;4;5;23;-3.3496810005568793;5;0;4;17;1;15;16;6;0;3;6;25;2;4;21;5.542900217945924;4;14
TRACK:301;292;-1;1;1;0;3;0;6;1;2;1;4;21;-7.936984287702724;3;24;2;2;18;9;3;19;2;0;5;21;-7.354750167471174;3;16;2;2;7;-4.6458744621712675;20;0.9949148621065429;1;14;11;2;5;2;2;0;19;25;5;8;5;5;9;0;3;0;5;20;-5.046974142749961;3;23;7.902171083706191;4;0;5;16;6;13;6;1;2;2;8;14;1;24;17;5;2;3;6;2;22;7.402178281470531;9;0;1;1;23;-1.5151951592574668;13;4;22;-8.39789260472834;2;4;13;2;18;8;6;2;5;0;3;0;5;3;22;-0.5286171075625185;4;6;15;1;3;5;6;13;0;2;3;10;0;23;-6.128949851050594;22;-3.5606075009512876;6;4;12;5;6;5;3;2;2;14;7;-1.4552719642060195;3;22;6.330388824886872;0;5;0;0;4;0;6;3;0;19;22;6.725427418711363;5;4;2;22;-3.9529352338192782;10;2;3;5;3;0;12;9;5;4;1;0;20;-10.0;13;2;23;6.1278187934352495;12;6;2;3;5;0;4;14;3;8;4;2;3;6;7;-1.2153107344539171;3;5;21;6.982465733527772;5;5;3;6;4;5;0;6;18;0;15;18
TRACK:302;294;-1;1;6;6;1;3;6;4;4;4;0;24;14;4;4;0;0;2;5;9;6;20;4.732990275735174;2;5;14;6;7;-9.9193233305502;4;6;1;10;24;4;2;5;3;6;0;1;6;6;21;3.9357218335294335;0;2;7;-4.586358316721457;24;6;18;3;2;0;10;10;0;19;25;3;6;0;0;0;0;0;16;18;6;18;1;2;16;13;2;19;25;2;4;3;22;-6.583305523856884;4;3;9;2;5;0;3;19;3;21;-2.426004082056102;5;2;3;21;-5.554558871148816;3;15
TRACK:303;296;-1;1;6;6;1;3;6;4;4;4;0;24;14;4;4;0;0;2;5;9;1;16;19;2;5;14;6;7;-9.967408204947825;4;6;1;10;24;4;2;5;3;6;0;1;6;6;21;3.892335967958299;0;2;7;-4.589099827238023;24;5;14;3;2;0;10;10;0;19;25;3;6;0;0;0;0;0;16;18;6;18;1;1;13;19;2;19;25;2;4;3;22;-6.453912231387134;4;3;9;2;5;0;3;19;3;21;-2.0399038212293803;5;2;3;21;-5.495790468004851;3;15
TRACK:304;298;-1;6;2;1;3;4;5;1;0;4;5;9;5;1;17;20;-1.050970382798458;4;3;6;11;2;23;5.445261761733892;8;6;1;6;1;6;5;1;2;16;22;8.548442286958945;2;19;9;4;3;2;0;24;12;3;25;2;2;1;1;5;3;23;2.38668071066651;3;4;12;6;5;5;24;1;2;0;5;17;4;18;5;4;14;1;5;1;24;20;7.532397508461573;5;5;24;6;6;3;1;0;20;5.265532319135151;13;0;20;-9.182811108963326;21;-3.8531221432962566
TRACK:305;291;-1;3;1;1;4;3;1;1;5;0;6;15;2;20;1.652593582709134;20;7.2361716631579265;0;2;0;25;7;4.787989219628872;4;16;6;5;21;-7.994871267089224;2;1;1;4;7;-7.180381886442564;6;24;1;3;12;1;9;13;6;1;1;19;10;2;25;21;9.92363176557874;3;6;4;1;0;2;2;8;12;1;12;12;4;4;10;3;14;3;2;3;4;2;5;6;2;9;25;4;3;4;9;1;3;0;2;0;5;20;3.4882412139851158;2;17;20;-3.379108967889901;0;5;14;2;19;15;4;3;6;11;1;1;3;4;3;10;5;1;1;20;9.80080726674493;13;4;20;-0.4279239966276939;5;3;5;2;22;5.059425904946349;15
TRACK:306;293;-1;6;2;1;3;4;5;1;0;4;5;9;5;1;17;20;-0.9608466913667852;4;3;6;11;3;1;1;2;2;0;2;12;7;4.487317792756817;3;19;1;1;25;10;3;12;5;4;3;20;0.9952947063220632;0;5;4;4;21;0.09180957849459497;0;0;4;25;1;15;21;-5.136290060910309;3;0;20;-5.684082558330593;16;1;2;6;6;2;10;7;9.99484866300971;6;2;4;12;3;8;5;5;3;6;23;7.809407115342588;6;6;22;-8.48062508550014
TRACK:307;295;-1;1;5;4;6;1;4;1;1;0;5;11;6;12;0;2;17;23;7.273317905814588;2;22;7.639832172183815;7;-5.054030919271467;3;1;3;15;3;16;2;3;0;3;5;17;6;2;11;22;0.5743861227211038;0;2;2;0;10;25;0;12;25;3;4;17;0;1;5;19;4;13;1;6;18;4;8;5;4;1;3;3;1;6;5;1;16;17;4;0;0;15;20;4.614461254679659;2;21;-7.532330321983313;20;9.674420142115547;4;1;3;6;1;0;9;11;1;12;22;5.012581247644287;5;2;0;1;25;16;1;9;9;4;0;21;-8.983907896135344;20;-6.568803369265019
TRACK:308;297;-1;4;1;3;5;2;4;1;5;3;2;24;10;0;6;4;17;1;0;19;9;5;22;-7.597067697362264;6;1;1;3;4;18;0;5;9;5;20;-2.8329387937395674;5;0;1;17;8;4;17;1;3;6;4;4;4;0;24;14;4;4;0;0;2;5;9;6;20;-8.550482427750513;2;5;14;6;7;-9.95676485093903;1;2;1;8;22;-9.079915060298635;5;13;5;6;11
TRACK:309;299;-1;1;1;0;3;0;6;1;2;1;4;21;-8.106023516271888;3;24;2;2;18;9;3;13;2;0;5;21;-7.294242331071039;3;16;2;2;7;-4.461962264618062;20;0.7486691960536302;1;14;11;2;5;2;2;0;19;25;5;8;5;5;9;0;3;0;5;20;-4.875432677291401;3;24;4;0;5;16;6;13;6;1;1;6;5;4;2;21;2.747061339465556;10;0;5;4;4;23;-5.519509452527879;0;6;4;24;2;5;13;4;7;-9.233471977094503;5;2;3;6;2;22;7.670489324068119;9;0;1;1;23;-1.474559919853267;13;4;22;-8.519990289055105;2;4;13;2;18;8;6;2;5;0;3;0;5;3;22;-0.453092350727472;4;6;15;1;3;5;6;13;0;2;3;10;0;23;-6.211441621497336;22;-3.672251932789558;6;4;12;5;6;5;3;2;2;14;7;-1.1649321091602085;3;22;6.269766840540834;0;5;0;0;4;0;6;3;0;19;22;6.560847398512167;5;4;2;22;-3.965164092263427;10;2;3;5;3;0;12;9;5;4;1;0;20;-9.723079325853034;13;2;23;6.423319415538796;12;6;2;3;5;0;4;14;3;8;4;2;3;6;7;-1.2987155284567455;3;5;21;6.919440313439576;5;5;3;6;4;5;0;6;24;0;15;18
EVAL_INSTANCE:15:0:300
EVAL_INSTANCE:15:1:301
EVAL_INSTANCE:15:2:302
EVAL_INSTANCE:15:3:303
EVAL_INSTANCE:15:4:304
EVAL_INSTANCE:15:5:305
EVAL_INSTANCE:15:6:306
EVAL_INSTANCE:15:7:307
EVAL_INSTANCE:15:8:308
EVAL_INSTANCE:15:9:309
RUN_RESULT:15:0:0:2000:----
RUN_RESULT:15:1:0:2000:----
RUN_RESULT:15:2:0:2000:----
RUN_RESULT:15:3:0:2000:----
RUN_RESULT:15:4:0:2000:----
RUN_RESULT:15:5:0:2000:----
RUN_RESULT:15:6:0:2000:----
RUN_RESULT:15:7:0:2000:----
RUN_RESULT:15:8:0:2000:----
RUN_RESULT:15:9:0:2000:----
    16 |      160 |  0.000000E+00 | -0.000000E+00
TRACK:310;9;2;1;2;6;1;2;5;0;3;4;4;25;4;3;1;8;9;2;6;6;4;3;17;2;1;6;2;18;7;3.5228825611996495;4;3;7;1.3148694180032034;2;6;5;12;6;4;23;-2.984599812694464;4;4;5;3;4;2;21;8.24772233220132;21;-1.9113830722890874;3;6;3;6;5;5;5;5;21;2.970980681343576;5;5;4;0;1;4;5;6;0;11;9;3;0;6;0;10;23;6.970669534347628;2;2;18;21;1.5498005403086346;3;23;-5.041012822695958;6;5;4;5;2;12;21;-6.960626994994536
TRACK:311;9;2;3;2;1;5;4;6;1;3;3;4;23;8.776868184220028;1;4;4;19;6;0;22;1.4732763329787435;15;5;3;0;0;0;2;3;9;3;8;5;5;7;-5.865911246557749;0;0;1;9;15;4;19;2;2;8;7;0.27639591876486946;2;17;16;2;1;6;2;14;15;4;4;25;1;5;5;14;4;5;19;0;0;0;5;4;0;1;5;11;0;10;8;6;0;21;-7.764013924383677;22;8.021119822980037;6;0;4;5;6;11;5;1;2;22;7.96336029676803;12;2;7;-1.06748086910439;16;1;5;5;4;5;6;25;1;5;6;2;4;19;2;8;12;4;4;5;2;24;7;7.75869826608535;1;2;1;0;3;5;3;8;4;2;1;24;8;4;17;0;0;4;1;20;-8.050513760080563;19;6;0;18;20;-9.399501037894344;0;6;3;18;5;5;7;-5.911158253709241;2;6;4;6;2;21;2.2856639257123277;11;4;4;5;5;25;1;6;4;6;2;2;22;-3.960708720543222;16;1;18;11;4;5;6;2;18;7;3.5228825611996495
TRACK:312;5;6;1;6;6;4;10;4;2;5;3;6;0;1;6;6;21;4.012117523453231;0;2;7;-4.5988989645168825;24;6;18;3;2;0;10;10;0;19;25;3;6;0;0;0;0;0;16;18;6;18;1;1;13;19;2;19;25;2;4;3;22;-6.567802755968186;4;3;9;2;5;0;3;19;3;21;-2.206724557577269;5;2;3;21;-5.471633268653154;3;15
TRACK:313;5;6;3;1;1;4;3;1;1;5;0;6;15;2;20;1.7224974763093641;20;7.177099101969013;0;2;0;25;7;4.689855129983286;4;16;6;5;21;-7.862144299204303;2;1;1;4;7;-7.325792350559537;6;24;1;3;12;1;9;13;6;1;1;18;10;2;25;21;9.92730155650895;3;6;4;1;0;2;2;8;12;1;12;12;4;7;-4.5988989645168825;5;3;1;21;-5.38438680582463;25;3;2;3;4;2;5;6;2;9;25;4;3;4;9;1;3;0;2;0;5;20;3.464618466817333;2;17;20;-3.3978690850992965;0;5;14;2;19;15;4;3;6;11;1;1;3;4;3;10;5;1;1;20;9.915510388428196;13;4;20;-0.382656399841661;5;3;5;2;22;5.099092897541018;15
TRACK:314;4;4;6;2;1;3;4;5;1;0;4;5;9;5;1;17;20;-0.9469520391402249;4;3;6;11;3;1;1;2;2;0;2;12;7;4.470267418986431;3;19;1;1;25;10;3;12;2;0;2;12;7;4.470267418986431;3;19;1;1;25;10;3;12;0;5;4;4;21;0.09725600831221648;0;0;4;25;1;15;21;-5.296068650115535;3;0;20;-5.759894496157303;16;1;2;6;6;2;10;7;9.943590620202272;6;2;4;12;3;8;5;5;3;6;23;7.881597015613789;6;1;6;1;6;5;1;2;16;22;8.574948275305786;2;19;9;4;3;2;0;24;12;3;25;2;2;1;1;5;3;23;2.245224886766639;3;4;12;6;5;5;24;1;2;0;5;17;4;18;5;4;14;1;5;1;24;20;7.337434257486006;5;5;24;6;6;3;1;0;20;5.324096622276201;13;0;20;-9.219556274613506;21;-3.9433415675650547
TRACK:315;4;4;6;2;1;3;4;5;1;0;4;5;9;5;1;17;20;-0.9469520391402249;4;3;6;11;3;1;1;2;2;0;2;12;7;4.470267418986431;3;19;1;1;25;10;3;12;5;4;3;20;1.1111835709952107;0;5;4;4;21;0.09725600831221648;0;0;4;25;1;15;21;-5.296068650115535;3;0;20;-5.759894496157303;16;1;2;6;6;2;10;7;9.943590620202272;6;2;4;12;3;8;5;5;3;6;23;7.881597015613789;6;1;6;1;6;5;1;3;12;2;19;9;4;3;2;0;24;12;3;25;2;2;1;1;5;3;23;2.245224886766639;3;4;12;6;5;5;24;1;2;0;5;17;4;18;5;4;14;1;5;1;24;20;7.337434257486006;5;5;24;6;6;3;1;0;20;5.324096622276201;13;0;20;-9.219556274613506;21;-3.9433415675650547
TRACK:316;9;3;1;2;6;1;2;5;0;3;4;4;25;4;24;2;6;6;4;3;17;2;1;6;2;18;7;3.5228825611996495;4;3;7;1.3148694180032034;2;6;5;12;6;4;23;-2.984599812694464;4;4;5;3;4;2;21;8.24772233220132;21;-1.9113830722890874;3;6;3;6;5;5;5;5;21;2.970980681343576;5;5;4;0;1;4;5;6;0;23;9.649455451473315;9;3;0;6;0;10;23;6.970669534347628;2;2;18;21;1.5498005403086346;3;23;-5.041012822695958;6;5;4;5;2;12;21;-6.960626994994536
TRACK:317;9;3;4;1;3;5;2;4;1;25;0;6;4;17;1;0;19;9;5;22;-7.62975071277647;6;1;1;3;4;18;0;5;9;5;20;-2.9816156354807717;5;0;1;17;8;4;17;4;5;5;5;0;0;2;5;14;2;19;8;4;4;7;3.746056277809327;1;4;0;19;7;3.9275169441683353;4;2;20;2.31521386465449;22;4.238491789315953
TRACK:318;5;2;1;6;6;3;0;2;18;18;1;24;23;-0.02386083831450847;4;2;5;3;6;0;1;6;6;21;4.012117523453231;0;2;7;-4.5988989645168825;24;6;18;3;2;0;10;10;0;19;25;3;6;0;0;0;0;0;16;18;6;18;1;1;13;19;2;19;25;2;4;3;22;-6.567802755968186;4;3;9;2;5;0;3;19;3;21;-2.206724557577269;5;2;3;21;-5.471633268653154;3;15
TRACK:319;5;2;3;2;1;5;4;6;1;3;3;4;23;8.776868184220028;1;4;4;19;6;0;22;1.4732763329787435;15;5;3;0;0;0;2;3;9;3;8;5;5;7;-5.865911246557749;0;0;1;9;15;4;19;2;2;8;7;0.27639591876486946;2;17;16;2;1;6;2;14;15;4;4;25;1;5;5;14;4;5;19;0;0;0;5;4;0;1;5;11;0;10;8;6;0;21;-7.764013924383677;22;8.021119822980037;6;0;4;5;6;11;5;1;2;22;7.96336029676803;12;2;7;-1.06748086910439;16;1;5;5;4;5;6;25;1;5;6;2;4;19;2;8;12;4;4;5;2;24;7;7.75869826608535;1;2;1;0;3;5;3;8;4;2;2;7;-4.5988989645168825;24;4;17;0;0;4;1;20;-8.050513760080563;19;6;0;18;20;-9.399501037894344;0;6;3;18;5;5;7;-5.911158253709241;2;6;4;6;2;21;2.2856639257123277;11;4;4;5;5;25;1;6;4;6;2;2;22;-3.960708720543222;16;1;18;11;4;5;3;0;2;18;18;1;24;23;-0.02386083831450847
TRACK:320;310;-1;1;2;6;1;2;5;0;3;4;4;25;4;3;1;8;9;2;6;6;4;3;17;2;1;6;2;18;7;3.396423508013154;4;3;7;1.3794369777219688;2;0;13;14;6;4;23;-3.0321222214411887;4;4;5;3;4;2;21;8.197242553228984;21;-1.8929475015147625;3;6;3;6;5;5;5;5;21;2.9447576311809978;5;5;4;0;1;4;5;6;0;11;9;3;0;6;0;10;23;7.010281075407027;2;2;18;21;1.5498518679073778;3;23;-5.000231338213357;6;5;4;5;2;12;21;-7.119560611506214
TRACK:321;312;-1;1;6;6;4;10;4;5;6;3;19
TRACK:322;314;-1;6;2;1;3;4;5;1;0;4;5;9;3;6;23;-2.9204078617586626;4;3;6;11;3;1;1;2;2;0;2;12;7;4.461036617761093;3;19;1;1;25;10;3;12;2;0;2;12;7;4.396732067545734;3;19;1;1;25;10;3;12;0;5;4;4;21;0.057913772247823014;0;0;4;25;1;15;21;-5.084469316289967;3;0;20;-5.820395731265323;16;1;2;6;6;2;10;7;9.792742058122474;6;2;4;12;3;8;5;5;3;6;23;7.640097218743495;6;1;6;1;6;5;1;2;16;22;8.7390378489676;2;19;9;4;3;2;0;24;12;3;25;2;2;1;1;5;3;23;2.035401568735159;3;4;12;6;5;5;24;1;2;0;5;17;4;18;5;4;14;1;5;1;24;20;7.0829949571198805;5;5;24;6;6;3;1;0;20;5.391790589280722;13;0;20;-9.08163244467626;21;-3.9252164084836694
TRACK:323;316;-1;1;2;6;1;2;5;0;3;4;4;25;4;24;2;6;6;4;3;17;2;1;6;2;18;7;3.5267453195877074;4;3;7;1.1253974352875367;2;6;5;12;6;4;23;-2.8537804443800807;4;4;5;3;4;2;21;8.42900428159958;21;-1.8733320293678781;3;6;3;6;5;5;5;5;21;2.851974958843383;5;5;4;0;1;4;5;6;0;23;9.696460348271863;9;3;0;1;0;9;11;1;21;3.9260310243430148;9;2;2;18;21;1.5779025010066259;3;23;-4.964070380840271;6;5;4;5;2;12;21;-6.999169352007085
TRACK:324;318;-1;1;6;6;3;0;2;18;18;1;24;23;-0.11070510970760478;4;2;5;3;6;0;1;6;6;21;4.0083660863967125;0;2;7;-4.546594125332784;18;6;18;3;2;0;10;10;0;19;25;3;6;0;0;0;0;0;16;18;6;18;1;1;13;19;2;19;25;2;4;3;22;-6.550110356807351;4;3;9;2;5;0;3;19;3;21;-2.2153223968158096;5;2;3;21;-5.399784381047828;3;15
TRACK:325;311;-1;3;2;1;5;4;6;1;3;3;4;23;8.823112554351408;1;4;4;19;6;0;22;1.4670708283532439;15;5;3;0;0;0;2;3;9;3;8;5;5;7;-6.00205904184371;0;0;1;9;15;4;19;2;2;8;7;0.34814646762057283;2;17;16;2;1;6;2;14;15;4;4;25;1;5;5;14;4;5;19;0;0;0;5;4;0;1;5;11;0;10;8;6;0;21;-8.059769041310675;22;7.957008613199287;6;0;4;5;6;11;5;1;2;22;7.942499722839398;12;2;7;-0.848849105870601;16;1;5;5;4;5;6;25;1;5;6;2;4;7;8.92583524724435;2;8;12;4;4;5;2;24;7;7.825229730345411;1;2;1;0;3;5;3;8;4;2;1;24;8;4;17;0;0;4;1;20;-8.03631678857116;19;6;0;18;20;-9.362429991350925;0;6;3;18;5;5;7;-6.037454770701878;2;6;4;6;2;21;2.3396978774761354;11;4;4;5;5;25;1;6;4;6;2;2;22;-4.068550434677876;16;1;18;11;4;5;6;2;18;7;3.5924156568949064
TRACK:326;313;-1;3;1;1;4;3;1;1;5;0;6;15;2;20;1.7154888673565087;20;7.172348736925695;0;2;0;25;7;4.724147279620741;4;16;6;5;21;-7.9857740678515805;2;1;1;4;7;-7.238631871703101;6;24;1;3;12;1;9;13;6;1;1;18;10;2;25;21;9.88466734058265;3;6;4;1;0;2;2;8;12;1;12;12;4;7;-4.531681473067212;5;3;1;21;-5.1913007541266385;25;3;2;3;4;2;5;6;2;9;25;4;3;4;9;1;3;0;2;0;5;20;3.432279405868736;2;17;20;-3.436164638935752;0;5;14;2;19;15;4;3;6;11;1;1;6;5;17;5;1;1;20;9.805960233485425;13;4;20;-0.4507343642835443;5;3;5;2;22;5.129331084847742;15
TRACK:327;315;-1;6;2;1;3;4;0;1;2;3;12;6;15;4;2;17;12;6;4;3;19;3;1;1;2;2;0;2;12;7;4.286965956942626;3;19;1;1;25;10;3;12;5;4;3;20;1.0480195389893732;0;5;4;4;21;0.17327519830930752;0;0;4;25;1;15;21;-5.167594249221351;3;0;20;-5.725215222774962;16;1;2;6;6;2;10;7;9.81613665525266;6;2;4;12;3;8;5;5;3;6;23;7.960517385048894;6;1;6;1;6;5;1;3;12;2;19;9;4;3;2;0;24;12;3;25;2;2;1;1;5;3;23;2.295210318376539;3;4;12;6;5;5;24;1;2;0;5;17;4;18;5;4;14;1;5;1;24;20;7.386213231303342;5;5;24;6;6;3;1;0;20;5.360253920589385;13;0;20;-9.152764251912892;21;-3.9402233688258343
TRACK:328;317;-1;4;1;3;5;2;4;1;25;0;6;4;17;1;0;19;9;5;22;-7.750822582995562;6;1;1;3;4;18;0;5;9;5;20;-2.900340974296729;5;0;1;17;8;4;17;4;5;5;5;0;0;2;5;14;2;19;8;4;4;7;3.7894356359942933;1;4;0;19;7;4.061948989601334;4;2;20;2.432889834927794;22;4.149351559666165
TRACK:329;319;-1;3;2;1;5;4;6;1;3;3;4;23;8.75644898259476;1;4;4;19;6;0;22;1.4854602289726386;15;5;3;0;0;0;2;3;9;3;8;5;5;7;-5.918336388689687;0;0;1;9;15;4;19;2;2;8;7;0.1091625553377914;2;17;16;2;1;6;2;14;15;4;4;25;1;5;5;14;4;5;19;0;0;0;5;4;0;1;5;11;0;10;8;6;0;21;-7.666077943544682;22;7.9585125101825085;6;0;4;5;6;11;5;1;2;22;8.070365156054256;12;2;7;-1.1765301424066983;16;1;5;5;4;5;6;25;1;5;6;2;4;19;2;8;12;4;4;5;2;24;7;7.587839422743334;1;2;23;-9.139873594361072;19;1;6;4;6;2;2;22;-3.937806508804252;16;1;18;11;4;5;3;0;2;18;18;1;24;23;0.009364870738373124
EVAL_INSTANCE:16:0:320
EVAL_INSTANCE:16:1:321
EVAL_INSTANCE:16:2:322
EVAL_INSTANCE:16:3:323
EVAL_INSTANCE:16:4:324
EVAL_INSTANCE:16:5:325
EVAL_INSTANCE:16:6:326
EVAL_INSTANCE:16:7:327
EVAL_INSTANCE:16:8:328
EVAL_INSTANCE:16:9:329
RUN_RESULT:16:0:0:2000:----
RUN_RESULT:16:1:0:2000:----
RUN_RESULT:16:2:0:2000:----
RUN_RESULT:16:3:0:2000:----
RUN_RESULT:16:4:0:2000:----
RUN_RESULT:16:5:0:2000:----
RUN_RESULT:16:6:0:2000:----
RUN_RESULT:16:7:0:2000:----
RUN_RESULT:16:8:0:2000:----
RUN_RESULT:16:9:0:2000:----
    17 |      170 |  0.000000E+00 | -0.000000E+00
TRACK:330;5;3;1;6;6;1;3;6;4;4;4;0;24;14;4;4;0;19;4;6;1;10;24;4;2;5;3;6;0;1;6;6;21;4.012117523453231;0;2;7;-4.5988989645168825;24;6;18;3;2;0;10;10;0;19;25;3;6;0;0;0;0;0;16;18;6;18;1;1;13;19;2;19;25;2;4;3;22;-6.567802755968186;4;3;9;2;5;0;3;19;3;21;-2.206724557577269;5;2;3;21;-5.471633268653154;3;15
TRACK:331;5;3;4;1;3;5;2;4;1;5;3;2;24;10;0;6;4;17;1;0;19;9;5;22;-7.62975071277647;6;1;1;3;4;18;0;5;9;5;20;-2.9816156354807717;5;0;1;19;8;4;17;4;5;5;5;0;0;2;5;14;2;19;8;4;4;7;3.746056277809327;1;4;0;19;7;3.9275169441683353;4;2;20;2.31521386465449;22;4.238491789315953
TRACK:332;4;6;6;2;1;3;4;5;1;0;4;5;9;5;1;17;20;-0.9469520391402249;4;3;6;11;3;1;1;2;2;0;2;12;7;4.470267418986431;3;19;1;1;25;10;3;12;5;4;3;20;1.1111835709952107;0;5;4;4;21;0.09725600831221648;0;0;4;25;1;15;21;-5.296068650115535;3;0;20;-5.759894496157303;16;1;2;6;6;2;10;7;9.943590620202272;6;2;4;12;3;8;5;5;3;6;23;7.881597015613789;6;1;18;10
TRACK:333;4;6;3;1;1;4;3;1;1;5;0;6;15;2;20;1.7224974763093641;20;7.177099101969013;0;2;0;25;7;4.689855129983286;4;16;6;5;21;-7.862144299204303;2;1;1;4;7;-7.325792350559537;6;24;1;3;12;1;9;13;6;1;1;18;10;2;25;21;9.92730155650895;3;6;4;1;0;2;2;8;12;1;12;12;4;4;10;5;3;1;21;-5.38438680582463;25;3;2;3;4;2;5;6;2;9;25;4;3;4;9;1;3;0;2;0;5;20;3.464618466817333;2;17;20;-3.3978690850992965;0;5;14;2;19;15;4;3;6;11;1;1;3;4;3;10;5;1;1;20;9.915510388428196;13;4;20;-0.382656399841661;5;19
TRACK:334;0;0;1;1;0;3;0;6;1;2;1;4;21;-8.091695645771441;3;24;2;2;18;9;3;19;2;0;5;21;-7.2959812932800805;3;16;2;2;7;-4.493181850482875;20;0.7795200228939336;1;14;11;2;5;2;2;0;19;25;5;8;5;5;9;0;3;0;5;20;-5.020657470907446;3;24;4;0;5;16;6;13;6;1;1;6;5;4;2;21;2.7132108609914596;10;0;5;4;4;23;-5.613450788097989;0;6;4;24;2;5;13;4;7;-9.301745737281212;5;2;3;6;2;22;7.607318748444371;9;0;1;1;23;-1.5694153766874734;13;4;22;-8.592682090192676;2;4;13;2;18;8;6;2;5;0;3;0;5;3;22;-0.46800007632423757;4;6;15;1;3;5;6;13;0;2;3;10;0;23;-6.3481384793703155;22;-3.5331572321449496;6;4;12;5;6;5;3;2;2;14;7;-1.3035809828779996;3;22;6.2665076758869915;0;5;0;0;4;0;6;3;0;19;22;6.659200931465364;5;4;2;22;-3.76164374361805;10;8;6;2;3;5;0;4;14;3;8;4;2;3;6;7;-1.2569761934032346;3;5;21;6.977437885021079;5;5;3;6;4;5;0;6;18;0;15;18
TRACK:335;0;0;1;1;0;3;0;6;1;2;1;4;21;-8.091695645771441;3;24;2;2;18;9;3;19;2;0;5;21;-7.2959812932800805;3;16;2;2;7;-4.493181850482875;20;0.7795200228939336;1;14;11;2;5;2;2;0;19;25;5;8;5;5;9;0;3;0;5;20;-5.020657470907446;3;24;4;0;5;16;6;13;6;1;1;6;5;4;2;21;2.7132108609914596;10;0;5;4;1;23;-1.5694153766874734;13;0;6;4;24;2;5;13;4;7;-9.301745737281212;5;2;3;6;2;22;7.607318748444371;9;0;1;1;23;-1.5694153766874734;13;4;22;-8.592682090192676;2;4;13;2;18;8;6;2;5;0;3;0;5;3;22;-0.46800007632423757;4;6;15;1;3;5;6;13;0;2;3;10;0;23;-6.3481384793703155;22;-3.5331572321449496;6;4;12;5;6;5;3;2;2;14;7;-1.3035809828779996;3;22;6.2665076758869915;0;5;0;0;4;0;6;3;0;19;22;6.659200931465364;5;4;2;22;-3.76164374361805;10;2;3;5;3;0;12;9;5;4;1;0;20;-9.908004235067462;13;2;23;6.339456973303058;12;6;2;3;5;0;4;14;3;8;4;2;3;6;7;-1.2569761934032346;3;5;21;6.977437885021079;5;5;3;6;4;5;0;6;18;0;15;18
TRACK:336;1;8;1;5;4;6;1;4;1;1;0;5;11;6;12;0;2;17;23;7.343588116177962;2;22;7.659724088851995;7;-5.032585141132115;3;6;4;15;2;3;0;3;5;17;6;2;11;22;0.6553455134787516;0;2;2;0;10;25;0;12;25;3;4;17;0;1;5;19;4;13;1;6;18;4;8;5;4;1;3;3;1;6;5;1;16;17;4;0;0;15;20;4.682158380378638;2;21;-7.427170659245787;20;9.57956403425339;4;1;3;6;1;0;9;11;1;12;22;5.103085833209297;5;2;0;1;25;16;1;9;9;4;0;21;-9.080057985711424;20;-6.565205663428026
TRACK:337;1;8;0;3;6;5;4;4;3;0;0;3;9;5;7;-6.257266748787929;4;2;21;-2.776360549348449;22;2.9448832533837894;2;2;3;6;3;3;3;2;6;10;6;15;6;4;0;1;6;4;0;22;6.408406580541655;10;3;5;2;24;22;-9.295455763989962;2;6;3;4;25;3;1;1;20;-7.537833144229753;22;-5.970774001428318;4;19;0;6;2;3;1;3;5;5;23;-5.124010727406228;5;3;2;25;10;2;4;4;0;3;13;5;15;4;2;5;0;24;25;0;5;8;6;21;-6.771852628930652;3;3;2;0;5;5;5;24;0;1;6;23;-2.0240113589058195;1;7;-8.8446594628528;19;5;0;12;14;1;0;3;17;2;5;13;2;7;5.8269146595156585;17;4;1;4;7;-6.8856396711382795;1;15;11
TRACK:338;7;5;3;2;6;2;6;1;1;5;3;0;22;-2.976818997446557;13;5;0;0;19;11;2;10;24;2;5;0;0;14;10;1;14;13;0;2;3;24;2;23;7.967019396695257;20;3.418830663647279;6;4;15;4;0;3;3;6;0;11;20;6.438428466161334;0;5;1;2;13;12;5;16;6;4;0;19;10;0;0;3;4;3;1;5;6;18;2;0;19;9;2;20;2.013526145735474;8;5;1;3;6;1;4;22;1.2733373695578294;3;22;-7.108224051687076;5;4;4;6;19;4;0;3;3;5;1;0;7;1.7220496612518055;14;1;17;24;1;3;5;1;4;9;2;24;11;4;1;1;2;8;16;3;22;-6.453663071411874;1;3;22;-6.567802755968186;5;18
TRACK:339;7;5;1;6;6;1;3;6;4;4;4;0;24;14;4;4;0;0;2;5;9;6;20;-8.726255855688649;2;5;14;6;7;-9.95321655497277;4;6;1;10;24;4;2;5;3;6;0;1;6;6;21;4.012117523453231;0;2;7;-4.5988989645168825;24;6;18;3;2;0;10;10;0;19;25;3;6;0;0;0;0;0;16;18;6;18;1;1;13;19;2;19;25;2;4;3;22;-6.567802755968186;4;3;9;2;5;0;3;19;24;5;2;3;21;-5.471633268653154;3;15
TRACK:340;330;-1;1;6;2;5;4;4;5;16;4;5;0;5;22;-5.2747269348107455;4;24;4;2;5;3;6;0;1;6;6;21;3.990925527006521;0;2;7;-4.4788615692738905;24;6;18;3;2;0;10;10;0;19;25;3;6;0;0;0;0;0;16;18;6;18;1;1;13;19;2;19;25;2;4;3;22;-6.5318935321164;4;3;9;2;5;0;3;19;3;21;-2.407344829885773;5;2;3;21;-5.576650219421016;3;15
TRACK:341;332;-1;6;2;1;3;4;5;1;0;4;5;9;5;1;17;20;-1.0460399937571334;4;3;6;11;3;1;1;2;2;0;2;12;7;4.467202705034712;3;19;1;1;25;10;3;12;5;4;3;20;1.1977495327641798;0;5;4;4;12;0;0;4;25;1;15;21;-5.247952176157443;3;0;20;-5.738554778166646;16;1;2;6;6;2;10;7;9.874926195580747;6;2;4;12;3;8;5;5;3;6;23;7.8474473245620695;6;1;18;10
TRACK:342;334;-1;1;1;0;3;0;6;1;2;1;4;21;-8.084463672648603;3;24;2;2;18;9;3;19;2;0;5;21;-7.3251392374126505;3;16;2;2;7;-4.603795787590719;20;0.6659272091815941;1;14;11;2;5;2;2;0;19;25;5;8;5;5;9;0;3;0;5;20;-4.988204792553598;3;24;4;0;5;16;6;13;6;1;1;6;5;4;2;21;2.828204613093385;10;0;5;4;4;23;-5.643790501473822;0;6;4;24;2;5;13;4;7;-9.364991399004726;5;2;3;6;2;22;7.6029479547056384;9;0;1;1;23;-1.5051095459591914;13;4;22;-8.622465664652006;2;4;13;2;18;8;6;2;5;0;3;0;5;3;23;-5.18889504091034;4;6;15;1;3;5;6;13;0;2;3;10;0;23;-6.4502156899364325;22;-3.5307791875060452;6;4;12;5;6;5;3;2;2;14;7;-1.265127969258447;3;22;6.1462742670419415;0;5;0;0;4;0;6;3;0;19;22;6.6885895848243;5;4;2;22;-3.630622816915221;10;8;6;2;3;5;0;4;14;3;8;4;2;3;6;7;-1.3585128377655804;3;5;21;7.209840579580135;5;5;3;6;4;5;0;6;18;0;15;18
TRACK:343;336;-1;1;5;4;6;1;4;1;1;0;5;11;6;12;0;2;17;23;7.415495324430568;2;22;7.441604423354528;8;3;6;4;15;2;3;0;3;5;17;6;2;11;22;0.5718072304347016;0;2;2;0;10;25;0;12;25;3;4;17;0;1;5;19;4;13;1;6;18;4;8;5;4;1;3;3;1;6;5;1;16;17;4;0;0;15;20;4.8382789902823236;2;21;-7.487920405179919;20;9.495782780039095;4;1;3;6;1;0;9;11;1;12;22;5.109207491622404;5;2;0;1;25;16;1;9;9;4;0;21;-9.132484396763372;20;-6.630353026132449
TRACK:344;338;-1;3;2;6;2;6;1;1;5;3;0;22;-3.027174885030708;13;5;0;0;19;11;2;10;24;2;5;0;0;14;10;1;14;13;0;2;3;24;2;23;7.96829115419404;20;3.60124291123823;6;4;15;4;0;3;3;6;0;11;20;6.41068740315952;0;5;1;2;13;12;5;16;6;4;0;19;10;0;0;3;4;3;1;5;6;18;2;0;19;9;2;20;2.0429098237028374;8;5;1;3;6;4;19;5;4;4;6;19;4;0;3;3;5;1;0;7;1.8533461508664895;14;1;17;24;1;3;5;1;4;9;2;24;11;4;1;1;2;8;16;3;22;-6.433434303744474;1;3;22;-6.540869282110828;5;18
TRACK:345;331;-1;4;1;3;5;2;4;1;5;3;2;24;10;0;6;4;17;1;0;19;9;5;22;-7.568070978327239;6;1;1;3;4;18;0;5;9;5;20;-3.108044151224975;5;0;1;19;8;4;17;4;5;5;5;2;10;21;8.519971828819813
TRACK:346;333;-1;3;1;1;4;3;1;1;5;0;6;15;2;20;1.7275496523499818;20;7.190409763982937;0;2;0;25;7;4.884170184916398;4;16;6;5;21;-7.855609592602552;2;1;1;4;7;-7.440675891402693;6;24;1;3;12;1;9;13;6;1;1;18;10;2;25;21;9.980926238585445;3;6;4;1;0;2;2;8;12;1;12;12;4;4;10;5;3;1;21;-5.536423572653387;25;3;2;3;4;2;5;6;2;9;25;4;3;4;9;1;3;0;2;0;5;20;3.4811096453516566;2;17;20;-3.3824448085131333;0;5;14;2;19;15;4;3;6;11;1;1;3;4;3;10;5;1;1;20;9.877076776427128;13;4;20;-0.24353735072384392;5;19
TRACK:347;335;-1;1;1;0;3;0;6;1;2;1;4;21;-8.06832414013675;3;24;2;2;18;9;3;19;2;0;5;21;-7.303577825364269;3;16;2;2;7;-4.624558328911752;20;0.6741387018937488;1;14;11;2;5;2;2;0;19;25;5;8;5;5;9;0;3;0;5;20;-4.986210777987936;3;24;4;0;5;16;6;13;6;1;1;6;5;4;2;21;2.6556225367799065;10;0;5;4;1;23;-1.4771767885180687;13;0;6;4;24;2;5;13;4;7;-9.473600217470125;5;2;3;6;2;22;7.590377023490352;9;0;1;1;23;-1.4954248966830688;13;4;22;-8.654718785435781;2;4;13;2;18;8;6;2;5;0;3;0;5;3;22;-0.40944121593207844;4;6;15;1;3;5;6;13;0;2;3;10;0;23;-6.330908494142803;22;-3.5559886188094016;6;4;12;5;6;5;3;2;2;14;7;-1.1320511826547133;3;22;6.344746340203099;0;5;0;0;4;0;6;3;0;19;22;6.7293019425509275;5;4;2;22;-3.5952935052549786;10;2;3;5;4;20;-6.006638065894165;5;4;1;0;20;-9.92166261477329;13;2;23;6.49885780793575;12;6;2;3;5;0;4;14;3;8;4;2;3;6;7;-1.237271592747198;3;5;21;6.95954096650504;5;5;3;6;4;5;0;6;18;0;15;18
TRACK:348;337;-1;0;3;6;5;4;4;3;0;0;3;9;5;7;-6.332625308713798;4;2;21;-2.8772737319978736;22;2.8864987131167124;2;2;3;6;3;3;3;2;6;10;6;15;6;4;0;1;6;4;0;22;6.334066673739353;10;3;5;2;24;22;-9.272527048545577;2;6;3;4;25;3;1;1;20;-7.515888754862996;22;-5.8624555321618335;4;19;0;6;2;3;1;3;5;5;23;-4.941806603376618;5;3;2;25;10;2;4;4;0;3;13;5;15;4;2;5;0;24;25;0;5;8;6;21;-6.828013166518987;3;3;2;0;5;5;5;24;0;1;6;23;-2.1171307318480554;1;7;-8.76787378967559;19;5;0;12;14;1;0;3;17;2;5;7;-5.3089812418336795;2;7;5.860376263967353;17;4;1;4;7;-6.78026909901593;1;15;11
TRACK:349;339;-1;1;6;6;1;3;6;4;4;4;0;24;14;4;4;0;0;2;5;9;6;20;-8.783378000878427;2;5;14;6;7;-9.9677535806636;4;6;1;10;24;4;2;5;3;6;0;1;6;6;21;4.001860133867933;0;2;7;-4.587931592339201;24;6;18;3;2;0;10;10;0;19;25;3;6;0;0;0;0;0;16;18;6;18;1;1;13;19;2;19;25;2;2;19;22;5.481528560529982;4;3;9;2;5;0;3;19;24;5;2;3;21;-5.4025566130430125;3;15
EVAL_INSTANCE:17:0:340
EVAL_INSTANCE:17:1:341
EVAL_INSTANCE:17:2:342
EVAL_INSTANCE:17:3:343
EVAL_INSTANCE:17:4:344
EVAL_INSTANCE:17:5:345
EVAL_INSTANCE:17:6:346
EVAL_INSTANCE:17:7:347
EVAL_INSTANCE:17:8:348
EVAL_INSTANCE:17:9:349
RUN_RESULT:17:0:0:2000:----
RUN_RESULT:17:1:0:2000:----
RUN_RESULT:17:2:0:2000:----
RUN_RESULT:17:3:0:2000:----
RUN_RESULT:17:4:0:2000:----
RUN_RESULT:17:5:0:2000:----
RUN_RESULT:17:6:0:2000:----
RUN_RESULT:17:7:0:2000:----
RUN_RESULT:17:8:0:2000:----
RUN_RESULT:17:9:0:2000:----
    18 |      180 |  0.000000E+00 | -0.000000E+00
TRACK:350;2;6;3;16
TRACK:351;2;6;3;1;1;4;3;1;1;5;0;6;15;2;20;1.7224974763093641;20;7.177099101969013;0;2;0;25;7;4.689855129983286;4;16;6;5;21;-7.862144299204303;2;1;11;1;3;12;1;9;13;6;1;1;18;10;2;25;21;9.92730155650895;3;6;4;1;0;2;2;8;12;1;12;12;4;4;10;5;3;1;21;-5.38438680582463;25;3;2;3;4;2;5;6;2;9;25;4;3;4;9;1;3;0;2;0;5;20;3.464618466817333;2;17;20;-3.3978690850992965;0;5;14;2;19;15;4;3;6;11;1;1;3;4;3;10;5;1;1;20;9.915510388428196;13;4;20;-0.382656399841661;5;3;5;2;22;5.099092897541018;15
TRACK:352;5;3;1;6;6;1;3;6;4;4;4;0;24;14;4;4;0;0;2;5;9;6;20;-8.726255855688649;2;5;14;6;7;-9.95321655497277;4;6;1;10;24;4;2;5;3;6;0;1;6;6;21;4.012117523453231;0;2;7;-4.5988989645168825;24;6;18;3;2;0;10;10;0;19;25;3;6;0;0;0;0;0;16;18;6;18;1;1;13;19;2;19;25;2;4;3;22;-6.567802755968186;4;3;9;2;5;0;3;17;3;21;-2.206724557577269;5;2;3;21;-5.471633268653154;3;15
TRACK:353;5;3;4;1;3;5;2;4;1;5;3;2;24;10;0;6;4;17;1;0;19;9;5;22;-7.62975071277647;6;1;1;3;4;18;0;18;5;20;-2.9816156354807717;5;0;1;17;8;4;17;4;5;5;5;0;0;2;5;14;2;19;8;4;4;7;3.746056277809327;1;4;0;19;7;3.9275169441683353;4;2;20;2.31521386465449;22;4.238491789315953
TRACK:354;7;7;3;2;6;2;6;1;1;5;3;0;22;-2.976818997446557;13;5;0;0;19;11;2;10;24;2;5;0;0;14;10;1;14;13;0;2;3;24;2;23;7.967019396695257;20;3.418830663647279;6;4;15;4;0;3;3;6;0;11;20;6.438428466161334;0;5;1;2;13;12;5;16;6;4;0;19;10;0;0;3;4;3;1;5;6;18;2;0;19;9;2;20;2.013526145735474;8;5;1;3;6;1;4;22;1.2733373695578294;3;22;-7.108224051687076;5;4;4;6;19;4;0;3;3;5;1;0;7;1.7220496612518055;14;1;17;24;1;3;5;1;4;9;2;24;11;4;1;1;2;8;16;3;22;-6.453663071411874;1;2;24;20;8.339831654716583;5;18
TRACK:355;7;7;3;2;6;2;6;1;1;5;3;0;22;-2.976818997446557;13;5;0;0;19;11;2;10;24;2;5;0;0;14;10;1;14;13;0;2;3;24;2;23;7.967019396695257;20;3.418830663647279;6;4;15;4;0;3;3;6;0;11;20;6.438428466161334;0;5;1;2;19;12;5;16;6;4;0;19;10;0;0;3;4;3;1;5;6;18;2;0;19;9;2;20;2.013526145735474;8;5;1;3;6;1;4;22;1.2733373695578294;3;22;-7.108224051687076;5;4;4;6;19;4;0;3;3;5;1;0;7;1.7220496612518055;14;1;17;24;1;3;5;1;4;9;2;24;11;4;1;1;2;8;16;3;22;-6.453663071411874;1;2;24;20;8.339831654716583;5;18
TRACK:356;6;5;3;1;1;4;3;1;1;5;0;6;15;2;20;1.7224974763093641;20;7.177099101969013;0;2;0;25;7;4.689855129983286;4;16;6;5;21;-7.862144299204303;2;1;1;4;7;-7.325792350559537;6;24;1;3;12;1;9;13;6;1;1;18;10;2;25;14;3;6;4;1;0;2;2;8;12;1;12;12;4;4;10;5;3;1;21;-5.38438680582463;25;3;2;3;4;2;5;6;2;9;25;4;3;4;9;1;3;0;2;0;5;20;3.464618466817333;2;17;20;-3.3978690850992965;0;5;14;2;19;15;4;3;6;11;1;1;3;4;3;10;5;1;1;20;9.915510388428196;13;4;20;-0.382656399841661;5;3;5;2;22;5.099092897541018;15
TRACK:357;6;5;1;6;6;1;3;6;4;4;4;0;24;14;4;4;0;0;2;5;9;6;20;-8.726255855688649;2;5;14;6;7;-9.95321655497277;4;6;1;10;24;4;2;5;3;6;0;1;6;6;21;4.012117523453231;0;2;7;-4.5988989645168825;24;6;18;3;2;0;10;10;0;19;25;3;6;0;0;0;0;0;16;18;6;18;1;1;13;19;2;19;25;2;4;3;22;-6.567802755968186;4;3;9;0;2;0;5;20;3.464618466817333;2;17;20;-3.3978690850992965;0;5;14;2;19;15;4;3;6;11
TRACK:358;3;9;4;1;3;5;2;4;1;5;3;2;24;10;0;6;4;17;1;0;19;9;5;22;-7.62975071277647;6;1;1;3;4;18;0;5;9;5;20;-2.9816156354807717;5;0;1;17;8;4;17;4;5;5;10
TRACK:359;3;9;1;2;6;1;2;5;0;3;4;4;25;4;3;1;8;9;2;6;6;4;3;17;2;1;6;2;18;7;3.5228825611996495;4;3;7;1.3148694180032034;2;6;5;12;6;4;23;-2.984599812694464;4;5;9;3;6;3;6;5;5;5;5;21;2.970980681343576;5;5;4;0;1;4;5;6;0;23;9.649455451473315;9;3;0;6;0;10;23;6.970669534347628;2;2;18;21;1.5498005403086346;3;23;-5.041012822695958;6;5;4;5;2;12;21;-6.960626994994536
TRACK:360;350;-1;2;1;12;20;-0.8354459310117139;4;16
TRACK:361;352;-1;1;6;6;1;3;6;4;4;4;0;24;14;4;4;0;0;2;5;9;6;20;-8.773233032488985;2;5;14;6;7;-9.876708604147694;4;6;1;10;24;4;2;5;3;6;0;1;6;6;21;4.060015984186981;0;2;7;-4.577884888385092;24;6;18;3;2;0;10;10;0;19;25;3;6;0;0;0;0;0;16;18;6;18;1;1;13;19;2;19;25;2;4;3;22;-6.607351854065175;4;3;9;2;5;0;3;17;3;21;-1.9768146822860846;5;2;3;11;3;15
TRACK:362;354;-1;3;2;6;2;6;1;1;5;2;8;9;5;0;0;19;11;2;10;24;2;5;0;0;14;10;1;14;13;0;2;3;24;2;23;8.028568055392812;20;3.463831083347706;6;4;15;4;0;3;3;6;0;11;20;6.543200176378666;0;5;1;2;13;12;5;16;6;4;0;19;10;0;0;3;4;3;1;5;6;18;2;0;19;9;2;20;2.1263003954006736;8;5;1;3;6;1;4;22;1.2628489493872932;3;22;-7.222019036104631;5;4;4;6;19;4;0;3;3;5;1;0;7;1.578890052409082;14;1;17;24;1;3;5;1;4;9;2;24;11;4;1;1;2;8;16;3;22;-6.566370998468724;1;2;24;20;8.346317884592601;5;18
TRACK:363;356;-1;3;1;1;4;3;1;1;5;0;6;15;2;20;1.7221753922472915;23;1.048243207898981;0;2;0;25;7;4.6017909596669675;4;16;6;5;21;-7.757552868164705;2;1;1;4;7;-7.409855936931124;6;24;1;3;12;1;9;13;6;1;1;18;10;2;25;14;3;6;4;1;0;2;2;8;12;1;12;12;4;4;10;5;3;1;21;-5.3847595436606595;25;3;2;3;4;2;5;6;2;9;25;4;3;4;9;1;3;0;2;0;5;20;3.600995476893498;2;17;20;-3.372024367252795;0;5;14;2;19;15;4;3;6;11;1;1;3;4;3;10;5;1;1;20;10.0;13;4;20;-0.2844309467834585;5;3;5;2;22;5.0441365527852495;15
TRACK:364;358;-1;4;1;3;5;2;4;1;5;3;2;24;10;0;6;4;17;1;0;19;9;5;22;-7.610822835661355;6;1;6;13;5;0;1;17;8;4;17;4;5;5;10
TRACK:365;351;-1;3;1;1;4;3;1;1;5;0;6;15;2;20;1.896351274405423;20;7.150945823288053;0;2;0;25;7;4.673664403269509;4;16;6;5;21;-7.888046563374335;2;1;11;1;3;12;1;9;13;6;1;1;18;10;2;25;21;9.948720325170997;3;6;4;6;2;2;14;23;-6.652026871745367;1;23;-3.0580828908591524;10;3;2;3;4;2;5;6;2;9;25;4;3;4;9;1;3;0;2;0;5;20;3.6064411649025567;2;17;20;-3.406958538605571;0;5;14;2;19;15;4;3;6;11;1;1;3;4;3;10;5;1;1;20;9.882155425327177;13;4;20;-0.41919481707968986;5;3;5;2;22;4.985287853657638;15
TRACK:366;353;-1;4;1;3;5;2;4;1;5;3;2;24;10;0;6;4;17;1;0;19;9;5;22;-7.481921765762515;6;1;1;3;4;18;0;18;5;20;-3.119863345963056;5;0;1;17;8;4;17;4;5;5;5;0;0;2;5;14;2;19;8;4;4;7;3.640126447441678;1;4;0;19;7;4.117504104954947;4;2;9;22;4.378886258357118
TRACK:367;355;-1;3;2;6;2;6;1;1;5;3;0;22;-3.0760842846304826;13;5;0;0;19;11;2;10;24;2;5;0;0;14;10;1;14;13;0;2;3;24;2;23;8.238935499642592;20;3.5275174330118007;6;4;15;4;0;3;3;6;0;11;20;6.249335738315044;0;5;1;2;19;12;5;16;6;4;0;19;10;0;0;3;4;3;1;5;6;18;2;0;19;9;2;20;2.1637506135745372;8;5;1;5;1;5;13;3;15;5;4;4;6;19;4;0;3;3;5;1;0;7;1.5920473410844957;14;1;17;24;1;3;5;1;4;9;2;24;11;4;1;1;2;8;16;3;22;-6.44675380540417;1;2;24;20;8.307296827908536;5;18
TRACK:368;357;-1;1;6;6;1;3;6;4;4;4;0;24;14;4;4;0;0;2;5;9;6;20;-8.71694960882311;2;5;14;6;7;-9.91204665552693;4;6;1;10;24;4;2;5;3;6;0;1;0;5;13;1;8;20;0.5012264552125245;0;2;7;-4.635331921115986;24;6;18;3;2;0;10;10;0;19;25;3;6;0;0;0;0;0;16;18;6;18;1;1;13;19;2;19;25;2;4;3;22;-6.414107037372482;4;3;9;0;2;0;5;20;3.389800626159981;2;17;20;-3.1770659721360173;0;5;14;2;19;15;4;3;6;11
TRACK:369;359;-1;1;2;6;1;2;5;0;3;4;15;4;3;1;8;9;2;6;6;4;3;17;2;1;6;2;18;7;3.558343591734905;4;3;7;1.3246437784411134;2;6;5;12;6;4;23;-3.001255564433124;4;5;9;3;6;3;6;5;5;5;5;21;2.858721176447785;5;5;4;0;1;4;5;6;0;23;9.472592215659613;9;3;0;6;0;10;23;7.222014400677657;2;2;18;21;1.64317560697911;3;23;-5.088683204361658;6;5;4;5;2;12;21;-6.751292613800957
EVAL_INSTANCE:18:0:360
EVAL_INSTANCE:18:1:361
EVAL_INSTANCE:18:2:362
EVAL_INSTANCE:18:3:363
EVAL_INSTANCE:18:4:364
EVAL_INSTANCE:18:5:365
EVAL_INSTANCE:18:6:366
EVAL_INSTANCE:18:7:367
EVAL_INSTANCE:18:8:368
EVAL_INSTANCE:18:9:369
RUN_RESULT:18:0:0:2000:----
RUN_RESULT:18:1:0:2000:----
RUN_RESULT:18:2:0:2000:----
RUN_RESULT:18:3:0:2000:----
RUN_RESULT:18:4:0:2000:----
RUN_RESULT:18:5:0:2000:----
RUN_RESULT:18:6:0:2000:----
RUN_RESULT:18:7:0:2000:----
RUN_RESULT:18:8:0:2000:----
RUN_RESULT:18:9:0:2000:----
    19 |      190 |  0.000000E+00 | -0.000000E+00
TRACK:370;9;3;1;2;6;1;2;5;0;3;4;4;25;4;3;1;8;9;2;6;6;4;3;17;2;1;6;2;18;7;3.5228825611996495;4;3;7;1.3148694180032034;2;6;5;12;6;4;23;-2.984599812694464;4;4;5;3;4;2;21;8.24772233220132;21;-1.9113830722890874;3;6;3;6;5;5;5;5;21;2.970980681343576;5;5;4;0;1;4;5;6;0;22;-7.62975071277647;9;3;0;6;0;10;23;6.970669534347628;2;2;18;21;1.5498005403086346;3;23;-5.041012822695958;6;5;4;5;2;12;21;-6.960626994994536
TRACK:371;9;3;4;1;3;5;2;4;1;5;3;2;24;10;0;6;23;9.649455451473315;1;0;19;9;5;22;-7.62975071277647;6;1;1;3;4;18;0;5;9;5;20;-2.9816156354807717;5;0;1;17;8;4;17;4;5;5;5;0;0;2;5;14;2;19;8;4;4;7;3.746056277809327;1;4;0;19;7;3.9275169441683353;4;2;20;2.31521386465449;22;4.238491789315953
TRACK:372;2;0;3;2;1;5;4;6;1;3;3;4;23;8.776868184220028;1;4;4;19;6;0;22;1.4732763329787435;15;5;3;0;0;0;2;3;9;3;8;5;5;7;-5.865911246557749;0;0;1;9;15;4;19;2;2;8;7;0.27639591876486946;2;17;16;2;1;6;2;14;15;4;4;25;1;5;5;14;4;5;19;0;0;0;5;4;0;1;5;11;0;10;8;6;0;21;-7.764013924383677;22;8.021119822980037;6;0;4;5;6;11;5;1;2;22;7.96336029676803;12;2;7;-1.06748086910439;16;1;5;5;4;5;6;25;1;5;6;1;0;20;-9.908004235067462;13;2;23;6.339456973303058;12;4;4;5;2;24;7;7.75869826608535;1;2;1;0;3;5;3;8;4;2;1;24;8;4;17;0;0;4;1;20;-8.050513760080563;19;6;0;18;20;-9.399501037894344;0;6;3;18;5;5;7;-5.911158253709241;2;6;4;6;2;21;2.2856639257123277;11;4;4;5;5;25;1;6;4;6;2;2;22;-3.960708720543222;16;1;18;11;4;5;3;0;2;18;18;1;24;23;-0.02386083831450847
TRACK:373;2;0;1;1;0;3;0;6;1;2;1;4;21;-8.091695645771441;3;24;2;2;18;9;3;19;2;0;5;21;-7.2959812932800805;3;16;2;2;7;-4.493181850482875;20;0.7795200228939336;1;14;11;2;5;2;2;0;19;25;5;8;5;5;9;0;3;0;5;20;-5.020657470907446;3;24;4;0;5;16;6;13;6;1;1;6;5;4;2;21;2.7132108609914596;10;0;5;4;4;23;-5.613450788097989;0;6;4;24;2;5;13;4;7;-9.301745737281212;5;2;3;6;2;22;7.607318748444371;9;0;1;1;23;-1.5694153766874734;13;4;22;-8.592682090192676;2;4;13;2;18;8;6;2;5;0;3;0;5;3;22;-0.46800007632423757;4;6;15;1;3;5;6;13;0;2;3;10;7;7.75869826608535;6;4;12;5;6;5;3;2;2;14;7;-1.3035809828779996;3;22;6.2665076758869915;0;5;0;0;4;0;6;3;0;19;22;6.659200931465364;5;4;2;22;-3.76164374361805;10;2;3;5;3;0;12;9;5;4;1;0;20;-9.908004235067462;13;2;23;6.339456973303058;12;6;2;3;5;0;4;14;3;8;4;2;3;6;7;-1.2569761934032346;3;5;21;6.977437885021079;5;5;3;6;4;5;0;6;18;0;15;18
TRACK:374;6;0;3;1;1;4;3;1;1;5;0;6;15;2;20;1.7224974763093641;20;7.177099101969013;0;2;0;25;7;4.689855129983286;4;16;6;5;21;-7.862144299204303;2;1;1;4;7;-7.325792350559537;6;24;1;3;12;1;9;13;6;1;1;18;10;2;25;21;9.92730155650895;3;6;4;1;0;2;2;8;12;1;12;12;4;4;10;5;3;1;21;-5.38438680582463;25;3;2;3;4;2;5;6;2;9;24;4;3;4;9;1;3;0;2;0;5;20;3.464618466817333;2;17;20;-3.3978690850992965;0;5;14;2;19;15;4;3;6;11;1;1;3;4;3;10;5;1;1;20;9.915510388428196;13;4;20;-0.382656399841661;5;3;5;2;22;5.099092897541018;15
TRACK:375;6;0;1;1;0;3;0;6;1;2;1;4;21;-8.091695645771441;3;24;2;2;18;9;3;19;2;0;5;21;-7.2959812932800805;3;16;2;2;7;-4.493181850482875;20;0.7795200228939336;1;14;11;2;5;2;2;0;19;25;5;8;5;5;9;0;3;0;5;20;-5.020657470907446;3;24;4;0;5;16;6;13;6;1;1;6;5;4;2;21;2.7132108609914596;10;0;5;4;4;23;-5.613450788097989;0;6;4;24;2;5;13;4;7;-9.301745737281212;5;2;3;6;2;22;7.607318748444371;9;0;1;1;23;-1.5694153766874734;13;4;22;-8.592682090192676;2;4;13;2;18;8;6;2;5;0;3;0;5;3;22;-0.46800007632423757;4;6;15;1;3;5;6;13;0;2;3;10;0;23;-6.3481384793703155;22;-3.5331572321449496;6;20;1.7224974763093641;5;6;5;3;2;2;14;7;-1.3035809828779996;3;22;6.2665076758869915;0;5;0;0;4;0;6;3;0;19;22;6.659200931465364;5;4;2;22;-3.76164374361805;10;2;3;5;3;0;12;9;5;4;1;0;20;-9.908004235067462;13;2;23;6.339456973303058;12;6;2;3;5;0;4;14;3;8;4;2;3;6;7;-1.2569761934032346;3;5;21;6.977437885021079;5;5;3;6;4;5;0;6;18;0;15;18
TRACK:376;6;8;3;1;1;4;3;1;1;5;0;6;15;2;20;1.7224974763093641;20;7.177099101969013;0;2;0;25;7;4.689855129983286;4;16;6;5;21;-7.862144299204303;2;1;1;4;7;-7.325792350559537;6;24;1;3;12;0;12;14;6;1;1;18;10;2;25;21;9.92730155650895;3;6;4;1;0;2;2;8;12;1;12;12;4;4;10;5;3;1;21;-5.38438680582463;25;3;2;3;4;2;5;6;2;9;25;4;3;4;9;1;3;0;2;0;5;20;3.464618466817333;2;17;20;-3.3978690850992965;0;5;14;2;19;15;4;3;6;11;1;1;3;4;3;10;5;1;1;20;9.915510388428196;13;4;20;-0.382656399841661;5;3;5;2;22;5.099092897541018;15
TRACK:377;6;8;0;3;6;5;4;4;3;0;0;3;9;5;7;-6.257266748787929;4;2;21;-2.776360549348449;22;2.9448832533837894;2;2;3;6;3;3;3;2;6;10;6;15;6;4;0;1;6;4;0;22;6.408406580541655;10;3;5;2;24;22;-9.295455763989962;2;6;3;25;3;1;1;20;-7.537833144229753;22;-5.970774001428318;4;19;0;6;2;3;1;3;5;5;23;-5.124010727406228;5;3;2;25;10;2;4;4;0;3;13;5;15;4;2;5;0;24;25;0;5;8;6;21;-6.771852628930652;3;3;2;0;5;5;5;24;0;1;6;23;-2.0240113589058195;1;7;-8.8446594628528;19;5;0;12;14;1;0;3;6;25;2;5;13;2;7;5.8269146595156585;17;4;1;4;7;-6.8856396711382795;1;15;11
TRACK:378;7;9;3;6;5;4;5;2;12;21;-6.960626994994536
TRACK:379;7;9;1;2;6;1;2;5;0;3;4;4;25;4;0;14;10;2;6;6;4;3;17;2;1;6;2;18;7;3.5228825611996495;4;3;7;1.3148694180032034;2;6;5;12;6;4;23;-2.984599812694464;4;4;5;3;4;2;21;8.24772233220132;21;-1.9113830722890874;3;6;3;6;5;5;5;5;21;2.970980681343576;5;5;4;0;1;4;5;6;0;23;9.649455451473315;9;3;0;6;0;10;23;6.970669534347628;2;2;18;21;1.5498005403086346;3;23;-5.041012822695958;6;5;4;5;2;12;21;-6.960626994994536
TRACK:380;370;-1;1;2;6;1;2;5;0;3;4;4;25;4;3;1;8;9;2;6;6;4;3;17;2;1;6;2;18;7;3.6238494969260704;4;3;7;1.1305036273420903;2;6;5;12;6;4;23;-3.1175611848210094;4;6;5;0;5;19;1;24;19;3;6;3;6;5;5;5;5;21;3.0097772763099435;5;5;4;0;1;4;5;6;0;22;-7.821671827073754;9;3;0;6;0;10;23;6.919950149242482;2;2;18;21;1.696911852654079;3;23;-5.193102724873956;6;5;4;5;2;12;21;-6.918839164482771
TRACK:381;372;-1;3;2;1;5;4;6;1;3;3;4;23;8.59903928571746;1;4;4;19;6;0;22;1.2421569729829574;15;5;3;0;0;0;2;3;9;3;8;5;5;7;-5.9283829294262755;0;0;1;9;15;4;19;2;2;8;7;0.33303816601001424;2;17;16;2;1;6;5;14;4;4;25;1;5;5;14;4;5;19;0;0;0;5;4;0;1;5;11;0;10;8;6;0;21;-7.715301309272988;22;7.9973912349597285;6;0;4;5;6;11;5;1;2;22;8.018402409278009;12;2;7;-0.7975602242529283;16;1;5;5;4;5;6;25;1;5;6;1;0;20;-10.0;13;2;23;6.266447883594762;12;4;4;5;2;24;7;7.604653382843364;1;2;1;0;3;5;3;8;4;2;1;24;8;4;17;0;0;4;1;20;-8.06957453147288;19;6;0;18;20;-9.308412826876463;0;6;3;18;5;5;7;-5.991871733509019;2;6;4;6;2;21;2.385559519273736;11;4;4;5;5;25;1;6;4;6;2;2;22;-3.76823802128195;16;1;18;11;4;5;3;0;2;18;18;1;24;23;0.07817079678183039
TRACK:382;374;-1;3;1;1;4;3;1;1;5;0;6;15;2;20;1.6102658038888675;20;7.287529298692934;0;2;0;25;7;4.596134410211332;4;16;6;5;21;-7.822148444579404;2;1;1;4;7;-7.2629292987377445;6;24;1;3;12;1;9;13;6;1;1;18;10;2;25;21;9.892371405115329;3;6;4;1;0;2;2;8;12;1;12;12;4;4;10;5;3;1;21;-5.298736754735887;25;3;2;3;4;2;5;6;2;9;24;4;3;4;9;1;3;0;2;0;5;20;3.315928292797373;2;17;20;-3.469541183237889;0;5;14;6;12;4;3;6;11;1;1;3;4;3;10;5;1;1;20;9.94114744232333;13;4;20;-0.3270297929307392;5;3;5;2;22;5.133063219978747;15
TRACK:383;6;-1;3;1;1;4;3;1;1;5;0;6;15;2;20;1.9086546682523524;20;7.058554337642132;0;2;0;25;7;4.87169536005022;4;16;6;5;21;-7.8049432041458475;2;1;1;4;7;-7.325657835316066;6;24;1;3;12;1;9;13;2;6;24;6;18;3;6;4;1;0;2;2;8;12;1;12;12;4;4;10;5;3;1;21;-5.348283836392667;25;3;2;3;4;2;5;6;2;9;25;4;3;4;9;1;3;0;2;0;5;20;3.2329446515620344;2;17;20;-3.414901305002433;0;5;14;2;19;15;4;3;6;11;1;1;3;4;3;10;5;1;1;20;10.0;13;4;20;-0.35810645117841416;5;3;5;2;22;5.169031039845023;15
TRACK:384;378;-1;3;3;3;4;0;4;5;0;3;6;22;-3.415675139080716;5;4;17;1;4;4;0;3;23;3.564644437584999;5;19;3;5;1;5;9;6;12
TRACK:385;371;-1;4;1;3;5;2;4;1;5;3;2;24;10;0;6;23;9.703327612625001;1;0;19;9;5;22;-7.592032083421527;6;1;1;3;1;19;23;5.556498930173424;0;5;9;5;20;-2.842609410249553;5;0;1;17;8;4;17;4;5;5;5;0;0;2;5;14;2;19;8;4;4;7;3.8038086650796807;1;4;0;19;7;3.950055248027531;4;2;20;2.412771717509187;22;4.3240616223527875
TRACK:386;373;-1;1;1;0;3;0;6;1;2;1;4;21;-8.080858803205842;3;24;2;2;18;9;3;19;2;0;5;21;-7.294505697670294;3;16;2;2;7;-4.425142968372899;20;0.8282192616236549;1;14;11;2;5;2;2;0;19;25;5;8;5;5;9;0;3;0;5;20;-4.874519303155143;3;24;4;0;5;16;6;13;6;1;1;6;5;4;2;21;2.7513563189468195;10;0;5;4;4;23;-5.7792821198405395;0;6;4;24;2;5;13;4;7;-9.335204280884467;5;2;3;6;2;22;7.740837046870398;9;0;1;1;23;-1.6220932729261046;13;4;22;-8.463445771597295;2;4;13;2;18;8;6;2;5;0;3;0;5;3;22;-0.3832282710569075;4;6;15;1;3;5;6;13;0;2;3;10;7;7.728792029520369;6;4;12;5;6;5;3;2;2;14;7;-1.2906332007697772;3;22;-8.030490276681734;0;5;0;0;4;0;6;3;0;19;22;6.6853049362369745;5;4;2;22;-3.807400623462461;10;2;3;5;3;0;12;9;5;4;1;0;20;-10.0;13;2;23;6.30954070124993;12;6;2;3;5;0;4;14;3;8;4;2;3;6;7;-1.248917427706548;3;5;21;6.896706717832979;5;5;3;6;4;5;0;6;18;0;15;18
TRACK:387;375;-1;1;1;0;3;0;2;25;24;2;5;2;2;0;19;25;5;8;5;5;9;0;3;0;5;20;-5.019237165280201;3;24;4;0;5;16;6;13;6;1;1;6;5;4;2;21;2.7175320622328143;10;0;5;4;4;23;-5.583499895197839;0;6;4;24;2;5;13;4;7;-9.3630479849275;5;2;3;6;2;22;7.621197781596711;9;0;1;1;23;-1.6876448768697485;13;4;22;-8.663926367488752;2;4;13;2;18;8;6;2;5;0;3;0;5;3;22;-0.42699936563251895;4;6;15;1;3;5;6;13;0;2;3;10;0;23;-6.564954685038883;22;-3.451975673811071;6;20;1.8209968063391064;5;6;5;3;2;2;14;7;-1.349552242764891;3;22;6.2904780367976825;0;5;0;0;4;0;6;3;0;19;22;6.606896264991583;5;4;2;22;-3.613933623894635;10;2;3;5;3;0;12;9;5;4;1;0;20;-9.975873953022282;13;2;23;6.3553638842426805;12;6;2;3;5;0;4;14;3;8;4;2;3;6;7;-1.1789096252703641;3;5;21;7.040287228545356;5;5;3;6;4;5;0;6;18;0;15;18
TRACK:388;8;-1;0;3;6;5;4;4;3;0;0;3;9;5;7;-6.374672445337963;4;2;21;-2.9160185441443724;22;2.84364665107162;2;2;3;6;3;3;3;2;6;10;6;15;6;4;0;1;6;4;0;22;6.415969403970868;10;3;5;2;24;22;-9.273922761524588;2;6;3;4;25;3;1;1;20;-7.504293507109428;22;-5.9934930022710455;4;19;0;6;2;3;1;3;5;5;23;-5.073688655084658;5;3;2;25;10;2;4;4;0;3;13;5;15;4;2;5;0;24;25;0;5;8;6;21;-6.8436368364448485;3;3;2;0;5;1;5;19;6;12;0;1;6;23;-2.1111971856748113;1;7;-8.812995725947474;19;5;0;12;14;1;0;3;6;25;2;5;13;2;7;5.817877253749881;17;4;1;4;7;-6.891105472151852;1;15;11
TRACK:389;379;-1;1;2;0;5;5;0;0;3;6;3;18;1;6;2;18;13;6;4;23;5.23531337372561;0;0;2;1;18;19;3;19;5;1;15;8;5;3;5;22;9.984449912640027;2;3;0;0;3;5;1;8;21;-1.6114495923995857;3;0;0;25;24;5;10;1;5;4;3;14;2;5;4;17;3;1;20;-3.7717136954814867;7;-4.525955707501204;5;6;4;3;3;6;15;3;6;3;6;5;5;5;5;21;2.926082163336716;5;5;4;0;1;4;5;6;0;23;9.60428957125499;9;3;0;6;0;10;23;6.854256452702577;2;2;18;21;1.3920021330870074;3;23;-5.017829545506683;6;5;4;5;2;12;21;-7.042141257759584
EVAL_INSTANCE:19:0:380
EVAL_INSTANCE:19:1:381
EVAL_INSTANCE:19:2:382
EVAL_INSTANCE:19:3:383
EVAL_INSTANCE:19:4:384
EVAL_INSTANCE:19:5:385
EVAL_INSTANCE:19:6:386
EVAL_INSTANCE:19:7:387
EVAL_INSTANCE:19:8:388
EVAL_INSTANCE:19:9:389
RUN_RESULT:19:0:0:2000:----
RUN_RESULT:19:1:0:2000:----
RUN_RESULT:19:2:0:2000:----
RUN_RESULT:19:3:0:2000:----
RUN_RESULT:19:4:0:2000:----
RUN_RESULT:19:5:0:2000:----
RUN_RESULT:19:6:0:2000:----
RUN_RESULT:19:7:0:2000:----
RUN_RESULT:19:8:0:2000:----
RUN_RESULT:19:9:0:2000:----
    20 |      200 |  0.000000E+00 | -0.000000E+00
TRAINING ON LEVEL:84
of 184 levels
---LEVEL STRING---
__________
_.K14.B12_
_.fow...._
_2o.w...3_
_..1.W..w_
_..4...k._
_....rr.._
_........_
_....bK17_
__________
---LEVEL STRING---
training done.
The time of execution is: 254.2541468143463 s

TRAINING DONE


-----!!!NEW PROBLEM!!!-----


START TESTING

LEVEL:0:______\n_K.2._\n_kSF._\n_bB1._\n_..fR_\n_1..._\n_3.r._\n_251O_\n_s.31_\n_o..2_\n______
LEVEL:1:________\n_......_\n_......_\n_.Sb.s._\n_.1..s._\n_.4b..1_\n_B12..3_\n_......_\n________
LEVEL:2:____________\n_.........._\n_.r....f..._\n_.....bssss_\n_.R.......F_\n_B1..f..b.1_\n_AO........_\n_.rssssssss_\n_.........F_\n_ss...R...1_\n_....B12W.3_\n_oS14...1.._\n____________
LEVEL:3:__________\n_F13....G_\n_..R15a.1_\n_.......0_\n_a.A.b.a._\n_....a..._\n_B....ggg_\n_1.a.ag.a_\n_2....g.f_\n__________
LEVEL:4:__________\n_.....B12_\n_.W......_\n_.1wwwww._\n_.6wf..w._\n_..w..kw._\n_F.wwwww._\n_1......._\n_3...bK17_\n__________
LEVEL:5:_________\n_....B18_\n_......._\n_...R..._\n_...1..._\n_...3..._\n_......._\n_....B12_\n_......._\n_.b..R.._\n_....1.._\n_r...9.._\n_......._\n_________
LEVEL:6:____________\n_G13wwwwK14_\n_w.o.okofow_\n_wo.o.o.o.w_\n_wko.o.o.ow_\n_wggggggggw_\n_w.o.o.o.ow_\n_wo.o.o.okw_\n_w.o.o.o.ow_\n_wo.obo.o.w_\n_K17wwwwB12_\n____________
LEVEL:7:____________\n_F13wwwwK14_\n_w.o.okofow_\n_wo.oko.o.w_\n_wko.o.o.ow_\n_wo.o.o.okw_\n_wko.o.o.ow_\n_wo.o.o.okw_\n_wko.o.o.ow_\n_wo.obo.o.w_\n_K17wwwwB12_\n____________
LEVEL:8:__________\n_B12....F_\n_1......1_\n_9lllL.f3_\n_..rl1..._\n_...l8..._\n_...lllll_\n_.br....._\n_....R15._\n__________
LEVEL:9:___________\n_rg9SkofVr_\n_GF.6WOV0A_\n_Fw0.3o6AB_\n_A5W..5A2l_\n_.WO5KlF.1_\n_441934sR2_\n_vF38vVb.k_\n_W4bAS.K1K_\n_kO9.W..21_\n_0Ba4o3.L2_\n_w9G.SG99v_\n_g9Br5Kkbk_\n_.l7RRG6r3_\n_LFffV..Gv_\n_ga8.ro1wr_\n_VWV7R..3._\n___________
LEVEL:10:__________\n_........_\n_....V12._\n_........_\n_...v...._\n_F.v.v..._\n_1..v...._\n_3......._\n_....f..._\n__________
LEVEL:11:__________\n_b....Vwv_\n_.....1ww_\n_.....3.._\n_........_\n_........_\n_.....BW._\n_.....11._\n_.....26._\n__________
LEVEL:12:__________\n_...K..3._\n_.f.k...._\n_kkkk...._\n_...kgkkk_\n_........_\n_G10...b._\n_.....B12_\n_K14..F13_\n__________
LEVEL:13:__________\n_..Bwwlll_\n_b.1wwlll_\n_..2wwlll_\n_...wwlll_\n_...wwlll_\n_W16....._\n_....F13._\n_s...wwwf_\n__________
LEVEL:14:__________\n_G10gl.f._\n_.aagl.l._\n_.R.gg.ll_\n_.b..gggl_\n_...a...a_\n_..r....5_\n_B12.1..._\n_F13a.L16_\n__________
LEVEL:15:__________\n_bW12..Fr_\n_........_\n_w.w.w..S_\n_.s...s.1_\n_..w.www4_\n_B.3s1..._\n_1.w.w..._\n_2.....Rf_\n__________
LEVEL:16:__________\n_bW12..Fr_\n_........_\n_w.w.w..S_\n_.s...s.1_\n_..w.www4_\n_B.3s1..S_\n_1.w.w..._\n_2.....Rf_\n__________
LEVEL:17:__________\n_.f......_\n_.......3_\n_kkkkgkkk_\n_...g.g.._\n_K14k.k.._\n_...k.kkk_\n_B12k..b._\n_F13....._\n__________
LEVEL:18:____________________\n_B.S14.O16.R15.B12._\n_1.F13.G16.V17....._\n_.Sv..............._\n_Rggggggggggggggggg_\n_1ggggggggggggggggg_\n_.F......gggggggggg_\n_ooo.......gggggggg_\n_wwwoo.......gggggg_\n_wwwwwoo.......gggg_\n_wwwwwwwoo..r......_\n_wwwwwwwwwoo.b....._\n_wwwwwwwwwwwooaaaaa_\n____________________
LEVEL:19:_________________\n_F13w.f.w.a...rw_\n_.a.wa...b.a.a.w_\n_wwrwwwww..wwwww_\n_...a...a....a.._\n_wwwwww.wwwwwwww_\n_.a.........ar.._\n_www.wwwwwwwwwww_\n_.a...a......ba._\n_..b......a....._\n_wwwwwwwwww.war._\n_k...a.....awwww_\n_wwwwwwwwwwwwB14_\n_R16wW16wK12wB17_\n_________________
LEVEL:20:__________\n_...s.V12_\n_v..s...._\n_..sssfss_\n_..s..s.._\n_F..s..s._\n_1.....s._\n_3..S14.._\n_........_\n__________
LEVEL:21:____________________\n_.Laallgg.......BG._\n_.1aallgg.......11._\n_.8aallgg.......90._\n_..aallgg.........._\n_..9allgg.......v.._\n_..aallgg.......V.._\n_b.2allgg.......1.._\n_llllllgg.......3.._\n_llllllgg.........._\n_gggggggg.........._\n_gggggggg.......B12_\n____________________
LEVEL:22:__________\n_........_\n_...b...._\n_........_\n_F......._\n_1.B.f..._\n_3.1....._\n_..2....._\n_........_\n__________
LEVEL:23:__________\n_........_\n_B...b..._\n_1......._\n_2......._\n_........_\n_..3...f._\n_F1....f._\n_........_\n__________
LEVEL:24:__________\n_S13....._\n_.......f_\n_...r...3_\n_........_\n_........_\n_F14..R12_\n_........_\n_......s._\n__________
LEVEL:25:_________________\n_....gg.....l..._\n_....gg.....l..._\n_....gg.....l..._\n_.b..gg.....l..._\n_....gg.....l..._\n_....gg.....l..._\n_....gg.....l..._\n_....gg.B12.l..f_\n_....gg.....l..._\n_K...gg.....l..._\n_B12.gg..k..l..._\n_....gg.....l..._\n_....gg.....l..._\n_....gg.G10.l..._\n_....gg.....l..._\n_....gg.....lF13_\n_....gg.....l..._\n_....gg.....lL14_\n_________________
LEVEL:26:__________\n_.ssss.s._\n_..ss.fv._\n_...as.v._\n_.F12.A.._\n_.....1.._\n_.....3.._\n_.ggg...._\n_.s......_\n__________
LEVEL:27:__________\n_glF13S12_\n_gksgggVV_\n_ggrrrrV2_\n_vggkgkVr_\n_vvgvvvVr_\n_vvvvvlVl_\n_vvvvvlVl_\n_vvvvl.fl_\n__________
LEVEL:28:__________\n_B12..VGF_\n_S.....1._\n_1.b.s35f_\n_4...sss._\n_........_\n_gggggggg_\n_...vv..._\n_........_\n__________
LEVEL:29:__________\n_V.2a..12_\n_B12avF.._\n_bv.a...._\n_aaaaaaaa_\n_...a...._\n_..2a.A.._\n_A16a1..._\n_.1.a2f3._\n__________
LEVEL:30:__________\n_K17....._\n_......O._\n_k.vwww.._\n_...wow.k_\n_...www.._\n_KV..W16._\n_11.O1.3._\n_42..k..._\n__________
LEVEL:31:___________________\n_B12w...ag...wG10._\n_wwww...gg...wW16._\n_..13...ga...wwwww_\n_.V15..agga......._\n_.R...araga.a....._\n_.....a.ggaaa....._\n_ggggggggaaaav...._\n_.v....agga......._\n_....b..aga......._\n_......agga......._\n___________________
LEVEL:32:__________\n_b.....f._\n_.....V12_\n_........_\n_F13....._\n_........_\n_........_\n_....v..._\n_........_\n__________
LEVEL:33:__________\n_........_\n_...bV12._\n_........_\n_........_\n_.B13...._\n_........_\n_........_\n_...vv..._\n__________
LEVEL:34:__________\n_...V13.._\n_v......._\n_........_\n_......b._\n_....B12._\n_........_\n_..V15..._\n_........_\n__________
LEVEL:35:__________\n_..F1.3.._\n_llllllll_\n_..L14..._\n_........_\n_........_\n_........_\n_........_\n_bB12...f_\n__________
LEVEL:36:__________\n_B12.F13._\n_........_\n_...sss.._\n_.b.sfs.._\n_...s...._\n_...s...._\n_........_\n_........_\n__________
LEVEL:37:__________\n_s..S..a._\n_k.o....l_\n_.g....b._\n_L.g..b.w_\n_g.s..fs._\n_....B..l_\n_b...1r.._\n_G13.2b.._\n__________
LEVEL:38:__________\n_.Rrbll.f_\n_L18.lll._\n_.5..ll.r_\n_..r.ll.1_\n_..r.ll.l_\n_.F..ll.B_\n_B19.ll.1_\n_r3r....2_\n__________
LEVEL:39:__________\n_A.2...bg_\n_1.G.3.a._\n_wwg1W16._\n_..12B12b_\n_........_\n_........_\n_........_\n_........_\n__________
LEVEL:40:__________\n_b..lsllf_\n_...lslll_\n_.S.lslll_\n_L18lslll_\n_.6.ls..._\n_F......._\n_1......._\n_3.B12..._\n__________
LEVEL:41:____________________\n_llllllff........L._\n_lgggglff........1._\n_lbggglff........5._\n_lg..glff.........._\n_lG15glff.........._\n_llllllff.........._\n_ffffwww..........._\n_ffff.............._\n_.................._\n_.........F.3......_\n_..B12.....1......._\n_.................._\n_.........k........_\n_....K12..........._\n_.................._\n_.................._\n_................7._\n_.................._\n____________________
LEVEL:42:__________\n_f.k.k.kk_\n_.B12F13._\n_k......k_\n_...b...._\n_k......k_\n_........_\n_k......k_\n_.K14K17._\n__________
LEVEL:43:__________\n_ffffffff_\n_W16....._\n_Bk......_\n_1.k...k._\n_2...k..._\n_w..wwwww_\n_...k...._\n_Kk.....k_\n_1k...k.._\n_7......._\n_w..wwwww_\n_........_\n_F13...k._\n_K..k...._\n_1......._\n_4...kk.b_\n__________
LEVEL:44:__________\n_FWwwwwww_\n_11wb.fww_\n_36wwwwww_\n_G10wgkww_\n_wwwwwwww_\n_wBKwwwww_\n_w11wwwww_\n_b2.kwwww_\n__________
LEVEL:45:___________\n_.F.w..V.._\n_o1.w.o1.._\n_.4.w.o2.o_\n_wwww.o..._\n_.ov...oWw_\n_.ov.o..1w_\n_..o.O186w_\n_foo..wF13_\n___________
LEVEL:46:____________________\n_W........wwwwwwwww_\n_1wwwwwwwww......Kw_\n_6wK17ooowwR1.O.81w_\n_Kwkooo3oww..3.1.9w_\n_1wkoooooww.......w_\n_4wo1kbkowwaaaaw.ww_\n_Awooooooww.....ww._\n_1woooooowwb..w..w._\n_9wwwwwwwwww.sw.ww._\n_Awwwwwwwwwwwlwwww._\n_1wb.....ww......w._\n_4wwwww.www.b.R..w._\n_Sw......ww.r.1..w._\n_1ww.wwwwww...5L.w._\n_4wrrrrrrww....1.w._\n_Bwrrfrrrww....8.w._\n_1wwwwwwwwwwwwwwww._\n_9R19F13L18R14B12.._\n____________________
LEVEL:47:______\n_fr.b_\n_F13w_\n_gggg_\n_wwww_\n_F17w_\n_R15w_\n_G10W_\n_B121_\n_W16W_\n______
LEVEL:48:__________\n_WSLlllll_\n_111llllk_\n_556llK12_\n_lllllB17_\n_lllllK1._\n_lllkklll_\n_lllwwlll_\n_FllssllF_\n_1......1_\n_3......3_\n_f......f_\n_........_\n_........_\n_oooggooo_\n_..o..o.._\n_GBo..oOS_\n_11ob.o11_\n_89o..o58_\n__________
LEVEL:49:____________________\n_Wwvvvvvvvfvvvvvvvv_\n_1wvvvvvvv.vvvvvvvv_\n_6wvvvvvvv.vvvvvvvv_\n_Fwvvvvvvv.vvvvvvvv_\n_1wvvvvvvv.vvvvvvvv_\n_3wvvvvvvvvvvvvvvvv_\n_Vwvvvvvvvvvvvvvvvv_\n_1wvvvvvvvvvvvvvvvv_\n_4wvvvvvvvvvvvvvvvv_\n_wwvvvvvvvvvvvvvvvv_\n_..............s..._\n_......r.r.....sS.._\n_...b..rrr.....s1.._\n_..B12..R......s4.._\n_.......1......s..._\n_.......5..O1O.s..._\n_..............w..._\n_..............w..._\n____________________
LEVEL:50:_______\n_bB12._\n_...F._\n_.fR15_\n_...3._\n_.r..._\n_______
LEVEL:51:________\n_rrrrrr_\n_rrrrrr_\n_rrbrrr_\n_rr.rRr_\n_r..B12_\n_r.3.6._\n________
LEVEL:52:____________\n_v......V12_\n_...f.....F_\n_.R.....b.1_\n_B12......3_\n_...S.S14.._\n____________
LEVEL:53:__________\n_bB1...2._\n_..fR1SF._\n_1...31s._\n_3.r..2.1_\n__________
LEVEL:54:_________\n_......._\n_....b.._\n_....s.._\n_......F_\n_.B12..1_\n_......3_\n_...S121_\n_________
LEVEL:55:____________\n_.........._\n_.b..S....._\n_.....712.._\n_.....O...._\n_.B........_\n_...b.....F_\n_.........1_\n_GokK12...3_\n_V......B1._\n_r........R_\n____________
LEVEL:56:________\n_......_\n_.b...._\n_......_\n_......_\n_.S...._\n_.1...._\n_.BB123_\n_.s...3_\n________
LEVEL:57:____________\n_B1.B.....B_\n_R1.......1_\n_..5....S12_\n_.........._\n_.r.....b.._\n_...L......_\n_......1..F_\n_..f......1_\n_......s..4_\n_F13......._\n____________
LEVEL:58:_______\n_F.B12_\n_1b..._\n_3...f_\n_..k.._\n_K17.._\n_______
LEVEL:59:____________\n_B12w.....S_\n_K12w.....1_\n_F16w....7._\n_wwww......_\n_G1........_\n_1.....s..._\n_.0.3.sbs.._\n_g.....s..g_\n_gg......gg_\n_ggg....ggg_\n____________
LEVEL:60:____________\n_B12......S_\n_Br.......1_\n_R..f.....F_\n_.........1_\n_G1.......3_\n_1.....s.f._\n_.0.3.sbs.F_\n_g.....s..g_\n_gg..13..gg_\n_ggg....ggg_\n____________
LEVEL:61:_________\n_.....B8_\n_......._\n_...R..._\n_..o1..._\n_......._\n_....B.._\n_......._\n_....rs._\n_..1SF.._\n_fB31s.._\n_F112o.._\n_......._\n_________
LEVEL:62:________\n_......_\n_......_\n_......_\n_......_\n_......_\n_......_\n_..B..._\n_..1..._\n_..2F13_\n_..b..._\n_......_\n_......_\n_f.F15._\n_......_\n_......_\n________
LEVEL:63:_____________\n_.....2....._\n_.b...F....._\n_....w.712.._\n_.B....O...._\n_....S.....F_\n_........S.1_\n_.....K12..._\n_.b.W......._\n_........s.._\n_.....B12s3k_\n_..........k_\n_____________
LEVEL:64:_________\n_Fw.f.wB_\n_1w...w1_\n_3wwwww2_\n_......._\n_..W16.._\n_......._\n_...b..._\n_________
LEVEL:65:____________\n_B13......F_\n_....f....1_\n_rrrR1Rrrr2_\n_........b._\n____________
LEVEL:66:____________\n_F13wwwwK14_\n_w.o.okofow_\n_wo.o.o.o.w_\n_wko.o.o.ow_\n_wo.o.o.o.w_\n_w.o.o.o.ow_\n_wo.o.o.okw_\n_w.o.o.o.ow_\n_wo.obo.o.w_\n_K17wwwwB12_\n____________
LEVEL:67:____________\n_.........._\n_llllllll.._\n_.....r...._\n_.........._\n_..b..r...._\n_.........._\n_gggggggg.._\n_W13..G17.._\n_.........._\n_B12......._\n____________
LEVEL:68:___________\n_B12w....._\n_wwww.brk._\n_.R......._\n_........._\n_ggggggggg_\n_.1......._\n_.5......._\n_........._\n_.K......._\n_........._\n_ggggggggg_\n_........._\n_......ooo_\n_wwww..ofo_\n_W16w..ooo_\n_G10w..F13_\n___________
LEVEL:69:__________\n_k....b.._\n_w....o.o_\n_sB123ggg_\n_.fR.oo.o_\n_.....bg._\n_.r..f..._\n_.s.bs..k_\n_..sg.www_\n__________
LEVEL:70:__________\n_...12..._\n_...r.ooo_\n_2...B11O_\n_......31_\n_s2.3...2_\n_........_\n_..R1..F1_\n_.....S14_\n__________
LEVEL:71:_______________\n_.l..gL16g..l._\n_.l..ggggg..l._\n_............._\n_............._\n_..l.......l.._\n_..l.......l.._\n_3....G10....3_\n_..l.......l.._\n_..l.......l.._\n_............._\n_............._\n_.l..ggggg..l._\n_.l..gL12g..l._\n_______________
LEVEL:72:__________\n_.kSFr..._\n_vbR1Sbb._\n_g..31skB_\n_r...2so8_\n_bss...a4_\n_FR...aa._\n_S1o....w_\n_W6R11oof_\n__________
LEVEL:73:__________\n_........_\n_....V12._\n_........_\n_........_\n_F.v.v..._\n_1..v...._\n_3......._\n_....f..._\n__________
LEVEL:74:__________\n_........_\n_....V12._\n_..v.v..._\n_..vvv..._\n_F.v.v..._\n_1..v...._\n_3......._\n_....f..._\n__________
LEVEL:75:__________\n_.....B12_\n_.W.14..._\n_.1wwwww._\n_.6wf..w._\n_..w..kw._\n_F.wwwww._\n_1......._\n_3...bK17_\n__________
LEVEL:76:____________\n_K..w.kwK14_\n_1...okkfow_\n_7...B12o.w_\n_s.k......._\n_.....R...._\n_w.www..W16_\n_w........._\n_..b...r..k_\n_w........._\n_..kwwwF13._\n____________
LEVEL:77:____________\n_K.kw.kwK14_\n_1...okkfo._\n_7.o.A12o.w_\n_s.2..r.o.._\n_.....R...._\n_w.www..W16_\n_w...o..o.._\n_..b...rbak_\n_w...5...o._\n_b.fwwwF13._\n____________
LEVEL:78:__________\n_...12..._\n_...rg1.._\n_........_\n_.s..wk2g_\n_F12.V7f._\n_w.F.v..._\n_3R25K..._\n_..v....._\n__________
LEVEL:79:__________\n_W16..R15_\n_.....R13_\n_..R....._\n_B1B12.ww_\n_......wr_\n_......ww_\n_........_\n_b....R19_\n__________
LEVEL:80:__________\n_W16..R15_\n_.....R13_\n_..R....._\n_B1B12.ww_\n_......wr_\n_......ww_\n_...R...._\n_bB1..R19_\n__________
LEVEL:81:__________\n_B1B....f_\n_1......._\n_2......._\n_........_\n_........_\n_.......F_\n_.......1_\n_b......3_\n__________
LEVEL:82:__________\n_V1V....B_\n_.......1_\n_V1.....2_\n_..F....._\n_........_\n_........_\n_........_\n_bv....7F_\n_.......1_\n_.......3_\n_wwwwwwww_\n_.v....W._\n_......1._\n_f.....6._\n__________
LEVEL:83:__________\n_B12..F13_\n_........_\n_........_\n_........_\n_.b....f._\n_........_\n_........_\n_........_\n__________
LEVEL:84:__________\n_.K14.B12_\n_.fow...._\n_2o.w...3_\n_..1.W..w_\n_..4...k._\n_....rr.._\n_........_\n_....bK17_\n__________
LEVEL:85:__________\n_l......._\n_...b...._\n_L1B....._\n_..1....._\n_..2F...._\n_.b.bB1Br_\n_........_\n_.f....13_\n__________
LEVEL:86:__________\n_bF132..G_\n_....g1.1_\n_..B12AO._\n_.RF13wwr_\n_a12....._\n_o.....WF_\n_......F1_\n_.....f.._\n__________
LEVEL:87:__________\n_W16w..s._\n_...wF..._\n_...w1..._\n_...w3..._\n_r..w...._\n_...wR.b._\n_S14wB12._\n_.1Fw...r_\n__________
LEVEL:88:__________\n_W16w..s._\n_.14wF..._\n_F..w1..._\n_...w3..._\n_..rw...._\n_...wR.b._\n_S14wB12._\n_.1Fw...r_\n__________
LEVEL:89:__________\n_........_\n_WW..W16._\n_11b.B12._\n_9W......_\n_........_\n_FL...www_\n_11...wll_\n_38...wlf_\n__________
LEVEL:90:________________\n_K17..........._\n_1....3........_\n_.4w.k...Ww...._\n_..l.....1....._\n_..lw.k.76Ww..._\n_..l..........._\n_lllllllll....._\n_......ll......_\n_.............._\n_b............._\n_L14........B12_\n________________
LEVEL:91:__________\n_...K.3.._\n_.f.k...._\n_kkkk...._\n_...kgkkk_\n_........_\n_G10...b._\n_.....B12_\n_K14..F13_\n__________
LEVEL:92:__________\n_.....b.s_\n_FBs....s_\n_f13....s_\n_.2..rrrr_\n_...r...._\n_...r.RF._\n_...r.11._\n_S14r.5.._\n__________
LEVEL:93:__________\n_.B1..ww._\n_s..S...f_\n_.w1ww4.._\n_.w.SF..1_\n_1.4.Bw.4_\n_3bww3w.._\n_.......s_\n_.W12.s.._\n__________
LEVEL:94:__________\n_........_\n_B12....._\n_S16....._\n_K13.b..._\n_G16....._\n_F16..v.v_\n_.....vsv_\n_V16..vkf_\n__________
LEVEL:95:___________\n_s...f...s_\n_.k.....k._\n_..k...k.._\n_...k.k..._\n_....k...._\n_....S14.._\n_........._\n_K17...K14_\n_B12.b.F13_\n___________
LEVEL:96:__________\n_.B1.sF13_\n_S142s..._\n_...fs..._\n_sssss..._\n_........_\n_.....17._\n_.B12..b._\n_........_\n__________
LEVEL:97:_________\n_....F13_\n_......._\n_..K...._\n_..1...._\n_.f2...._\n_......._\n_k......_\n_________
LEVEL:98:__________\n_........_\n_...F13.._\n_........_\n_.......v_\n_B.....a._\n_1......._\n_2..O...._\n_..k.fb.S_\n__________
LEVEL:99:__________\n_B12.gggf_\n_F13agggg_\n_R15.gggg_\n_G10.gggg_\n_.a......_\n_..r..rr._\n_..rrrrrr_\n_b..rr..._\n__________
LEVEL:100:__________\n_........_\n_........_\n_.B...k.._\n_1......._\n_wwwvwwww_\n_.b......_\n_........_\n_.....3.._\n_...K...._\n_....1..._\n_..7....._\n_........_\n_.......V_\n_.......1_\n_B12..W14_\n__________
LEVEL:101:__________\n_....B12b_\n_....b..._\n_.......F_\n_...1...1_\n_......12_\n_........_\n_gb...f.._\n_g......._\n_g1..Rr.._\n_gfRf12.k_\n_G.f36..._\n_.b.15..F_\n_G.f....1_\n_.......4_\n_K13....._\n__________
LEVEL:102:__________\n_........_\n_........_\n_.bf....._\n_......B._\n_......1._\n_.F13..2._\n_........_\n_........_\n__________
LEVEL:103:___________\n_oLoLBLoLo_\n_o1o111o1o_\n_w8w828w8w_\n_ooo131ooo_\n_L18oboooo_\n_oooowoOoo_\n_L18oWoL18_\n_oooo1oooo_\n_L14o6oo1L_\n___________
LEVEL:104:_______________\n_B12wwW16.F.13_\n_K14ww.......k_\n_1bG.w.....k.._\n_7.1ww.w.....k_\n_f.4ww.....k.._\n_gggww..k....._\n_gggwwk......._\n_gggww..k....._\n_gggwwk......._\n_k..www..k...k_\n_..k..www..k.._\n_k......w...kw_\n_wwwwww...wwww_\n_______________
LEVEL:105:___________\n_B19L18F13_\n_1wwwwwwwW_\n_2w..b..w1_\n_ww.....w6_\n_..A....wA_\n_a.1.a..w1_\n_...5...w9_\n_.llllllll_\n_.llllllll_\n_.....l..._\n_.V1.vl.f._\n_.1...l..._\n_..2.lllll_\n___________
LEVEL:106:__________\n_.f......_\n_........_\n_kkkkkgkk_\n_B12....._\n_........_\n_G10....._\n_..F13..._\n_......b._\n__________
LEVEL:107:__________\n_.....L14_\n_.llK14wF_\n_.Wrb...1_\n_.ww....3_\n_.ww....._\n_.R1....._\n_........_\n_.1F..B12_\n__________
LEVEL:108:__________\n_b....V.B_\n_.....1.1_\n_..3..9.2_\n_.F...s.._\n_S14sss.._\n_........_\n_........_\n_....f..k_\n__________
LEVEL:109:______________\n_l.bFk...l..._\n_l.B12...l..._\n_l.k42....l.._\n_ll...R..rl2._\n_.1l......l.._\n_..llKl.lll.._\n_.k..1......._\n_....8.f..4.._\n_..2........._\n_..F1.9..K12._\n_...3........_\n_............_\n______________
LEVEL:110:__________\n_B12...fO_\n_...3...._\n_.b......_\n_F......o_\n_1......l_\n_L1......_\n_3......._\n_........_\n__________
LEVEL:111:__________\n_.2......_\n_S..b...._\n_..B....._\n_ww1....._\n_W1......_\n_.F12ss.._\n_....B123_\n_.f.....3_\n__________
LEVEL:112:__________\n_b....F13_\n_l..W16.._\n_llwlllll_\n_.....V.._\n_gggG..12_\n_v.g1.L18_\n_f.g0...._\n_ggg..B12_\n__________
LEVEL:113:______\n_...._\n_.r.._\n_...f_\n_R12._\n_..F._\n_..1._\n_..3._\n_...._\n_...._\n______
LEVEL:114:___________\n_B12aab..._\n_.......A._\n_.......1._\n_F13....7._\n_ggggggggg_\n_ggwwwwwgg_\n_www.f.www_\n_W16.k.G14_\n___________
LEVEL:115:__________\n_........_\n_........_\n_..F12..._\n_........_\n_....31A._\n_fff....._\n_..f....._\n_a.f....._\n__________
LEVEL:116:__________\n_........_\n_.......o_\n_..f....._\n_........_\n_...K13.._\n_.r.g..B._\n_..w...1._\n_...b..2k_\n__________
LEVEL:117:__________\n_B1.awB12_\n_f.o..12._\n_b....rg1_\n_1......._\n_3..Rrr.5_\n_....r..l_\n_g7.w.Ar._\n_K2.k..or_\n__________
LEVEL:118:__________\n_B12..F13_\n_1......._\n_9......._\n_..rb.9.._\n_........_\n_..R..5.._\n_..1....v_\n_V18...vf_\n__________
LEVEL:119:__________\n_b......B_\n_..1.R..1_\n_.R...5.2_\n_........_\n_.0.rrr.._\n_gggggggg_\n_gg...G10_\n_fg...F13_\n__________
LEVEL:120:__________\n_........_\n_S12.B..._\n_S..1..2._\n_........_\n_K.....s._\n_...b...._\n_........_\n_3......._\n__________
LEVEL:121:__________\n_........_\n_.b......_\n_..B....._\n_..1....._\n_..2....._\n_..3....._\n_.Ss....._\n_........_\n__________
LEVEL:122:__________\n_b......._\n_........_\n_...f...._\n_B......._\n_1......._\n_2......._\n_l......._\n_ff.lF13._\n__________
LEVEL:123:__________\n_....B12._\n_....F13._\n_k.b....._\n_....K1.._\n_....fR.._\n_........_\n_........_\n_....r..._\n__________
LEVEL:124:__________\n_........_\n_...b...._\n_........_\n_........_\n_..B...F._\n_..1...1._\n_..2...3._\n_........_\n_........_\n_.......f_\n_........_\n__________
LEVEL:125:__________\n_........_\n_b......._\n_........_\n_...r...._\n_..R12..._\n_.....F.f_\n_.....1.._\n_.....3.._\n__________
LEVEL:126:__________\n_..B12..._\n_........_\n_....F..._\n_..fR15.._\n_b...3..._\n_........_\n_........_\n_..r....._\n__________
LEVEL:127:__________\n_F13....._\n_........_\n_........_\n_.b......_\n_........_\n_...B12.._\n_........_\n_f......._\n__________
LEVEL:128:__________\n_....LLLr_\n_1...LLL._\n_F......._\n_.......F_\n_.......1_\n_.......3_\n_..Rb...._\n_.....B12_\n__________
LEVEL:129:__________\n_......13_\n_..W16..._\n_...B1B.._\n_..B1...._\n_..12...._\n_wwb....._\n_........_\n_........_\n__________
LEVEL:130:_______________\n_......w......_\n_......r..R15._\n_..g.ggr.w...._\n_..g...r...w.._\n_g.rrr.rrk...._\n_.....rK14...._\n_.r.w...r..k.._\n_..r.w.r..ggrg_\n_.bwwwwr.W16r._\n_.wr.rrrwr..k._\n_.w...gw.r..k._\n_.w.f.g..r...._\n_.wr.....r...._\n_B12G10..r.F13_\n_______________
LEVEL:131:_______________\n_......w......_\n_......r..R15._\n_..g.ggr.w...._\n_..g...r...w3._\n_g.rrr.rrk...._\n_.....rK14...._\n_.r.w...r..k.._\n_..r.w.r..ggrg_\n_.bwwwwr.W16r._\n_.wr.rrrwr..k._\n_.w...gw.r..k._\n_.w.f.g..r...._\n_.wr.....r...._\n_B12G10..r.F13_\n_______________
LEVEL:132:__________\n_.......f_\n_........_\n_.k......_\n_..k....._\n_b..k...._\n_.....F13_\n_B12....._\n_........_\n__________
LEVEL:133:__________\n_........_\n_........_\n_llllllll_\n_L.....B._\n_1...b.1._\n_8.....9._\n_........_\n_B12..F13_\n__________
LEVEL:134:_______________\n_b........wF19_\n_G.R.B.R.SwV18_\n_1.R.1.1.1wV17_\n_6.R.2.5.6wF13_\n_...r.r...wW16_\n_.........wG1G_\n_....g....wS1S_\n_wwwwswwwwwwww_\n_vg..f..svw..._\n_______________
LEVEL:135:__________\n_......F._\n_f......o_\n_..b....f_\n_......R._\n_.r....11_\n_.1OB12.._\n_1..b...._\n_3......._\n__________
LEVEL:136:__________\n_........_\n_b.....b._\n_.....b.._\n_...r...._\n_..R12..._\n_.....F.f_\n_.b...1.._\n_.....3.._\n__________
LEVEL:137:__________\n_F13....._\n_........_\n_........_\n_.b......_\n_........_\n_.....B12_\n_........_\n_f......._\n__________
LEVEL:138:__________\n_......BF_\n_.b....11_\n_....R.23_\n_1..5.r.._\n_.....r.._\n_gggggggg_\n_gggggggg_\n_gggggfgg_\n__________
LEVEL:139:__________\n_V.2a..12_\n_B12avF.._\n_bv.a...._\n_aaaaaaaa_\n_...a...._\n_r.Ra.A.._\n_A16a1..._\n_A1032f3._\n__________
LEVEL:140:__________\n_F13....f_\n_....llV._\n_....ll1l_\n_....ll2l_\n_...lll.l_\n_...lllll_\n_.v......_\n_........_\n__________
LEVEL:141:__________\n_........_\n_F12....._\n_....3..._\n_....V1.._\n_........_\n_........_\n_...f.l.v_\n_.....l.._\n__________
LEVEL:142:__________\n_....w.b._\n_....w..w_\n_B13.w.ww_\n_........_\n_F12.fff._\n_........_\n_....W15._\n_........_\n__________
LEVEL:143:__________\n_G......._\n_1..L14.._\n_0......F_\n_.......1_\n_.b.....3_\n_ggg....._\n_llg.B12._\n_fl......_\n__________
LEVEL:144:__________\n_bB1...2._\n_..fR1SF._\n_1...31s._\n_3.s..2.1_\n__________
LEVEL:145:__________\n_......wf_\n_W15..w.._\n_.....w.w_\n_.B12w.w._\n_.....w.._\n_...b..ww_\n_F13...w._\n_......w._\n__________
LEVEL:146:____________\n_A18wa....._\n_B19ww..a.._\n_1ssswa..a._\n_2K13wV13a._\n_wwwww..a.._\n_aaaaa...a._\n_a....aaVav_\n_..aa.aa1av_\n_a.ba.a.8av_\n_aaaa...akv_\n____________
LEVEL:147:__________\n_...w..w._\n_..w.fw.._\n_V12..v.w_\n_....w.w._\n_..ww...w_\n_F13.w.v._\n_.b.v...._\n_....W15._\n__________
LEVEL:148:__________\n_.....w.._\n_F13v...._\n_..V1..w._\n_.b..2..._\n_.W15...w_\n_.w...w.._\n_....w..._\n_B12.w.f._\n__________
LEVEL:149:__________\n_fwwwwwGF_\n_ggwwww11_\n_ggrwww03_\n_g...wwwW_\n_r....ww1_\n_.W19.R16_\n_.O18.1ww_\n_bB12b5.w_\n__________
LEVEL:150:__________\n_.......4_\n_.b..v.gb_\n_..lBOrv._\n_O131..F._\n_.sf2..f._\n_..w...bl_\n_...g.v.._\n_A.of.f.9_\n__________
LEVEL:151:__________\n_.B......_\n_.1..F13O_\n_.2bR...._\n_........_\n_......a._\n_........_\n_........_\n_...f...._\n__________
LEVEL:152:____________________\n_BWw..............._\n_11w.....G10......._\n_26w..wwwwwwww....._\n_www..woooooow....._\n_.....wooR15ow....._\n_.....woooooow....._\n_.....woborrow....._\n_.....woooooow....._\n_..wwwwwggggwwwww.._\n_..w............w.._\n_..w............w.._\n_..w............w.._\n_..wggg.........w.._\n_..wggg.....F13.w.._\n_..wfgg.........w.._\n_..wwwwwwwwwwwwww.._\n_.................._\n_.................._\n____________________
LEVEL:153:__________\n_L1.....O_\n_1......1_\n_8......9_\n_........_\n_F15.V12._\n_w.l.Kv.._\n_3.2.V..k_\n_.......k_\n__________
LEVEL:154:__________\n_B1gg..kb_\n_...v...._\n_......f3_\n_a3V12..._\n_........_\n_.g......_\n_K1.G...._\n_B1...F13_\n__________
LEVEL:155:__________\n_B12..G10_\n_...f...._\n_........_\n_gggggggg_\n_b......._\n_.....r.._\n_........_\n_F13..R15_\n__________
LEVEL:156:__________\n_.R.bll.f_\n_L18.lll._\n_.5..ll.r_\n_..r.ll.1_\n_..r.ll.l_\n_.F..ll.B_\n_B19.ll.1_\n_.3.....2_\n__________
LEVEL:157:__________\n_V12.r..._\n_R.rr2rw._\n_1r....wg_\n_4.ggrrwv_\n_gggF13aa_\n_r.gggggg_\n_a..rarar_\n_fargrara_\n__________
LEVEL:158:__________\n_B12..G10_\n_........_\n_gg..b.1._\n_Fgsr.r5._\n_.gsr.R.._\n_.gs....._\n_.gssss.._\n_.13S141F_\n__________
LEVEL:159:__________\n_B12..G10_\n_sss....._\n_gg..b.1._\n_Fgsr.r5._\n_.gsr.R.._\n_.gs....._\n_.gssss.._\n_.13S141F_\n__________
LEVEL:160:__________\n_kBK.w.b._\n_..1ww..._\n_..2w...._\n_wwww..V._\n_......1._\n_......3._\n_W18....._\n_.....B19_\n__________
LEVEL:161:__________\n_BK13gggG_\n_1rrrggR1_\n_2rbrgR16_\n_.rrrgg7g_\n_.ggggrgg_\n_.ggggggg_\n_.g..rggr_\n_.r.r.r.k_\n__________
LEVEL:162:__________\n_bwawaB12_\n_wawawawa_\n_awawawaw_\n_wawawawa_\n_awawawaw_\n_wawawawa_\n_awawawaw_\n_F13awawf_\n__________
LEVEL:163:__________\n_........_\n_.aaaaa.1_\n_.aabaa.3_\n_.aaaaa.._\n_........_\n_.A......_\n_.1......_\n_.2...B12_\n__________
LEVEL:164:__________\n_KRg...rs_\n_11.g..rr_\n_45.gg..._\n_.B13g..._\n_....wS12_\n_L...l..._\n_1.kkl.k._\n_0b.ll.k._\n__________
LEVEL:165:__________\n_VB12...3_\n_1o..o..._\n_4o..vK16_\n_oo.o...._\n_vobo.kk._\n_..o....._\n_..v..v.._\n_........_\n__________
LEVEL:166:__________\n_wfkwwwww_\n_lwwlwwlw_\n_sllsllsl_\n_.s......_\n_....b.s._\n_W16F13.._\n_..B19S14_\n_L18..B12_\n__________
LEVEL:167:__________\n_kk.k.kkk_\n_llo..o.k_\n_.lo..o.k_\n_.loooo.k_\n_.llll..k_\n_..looooo_\n_..lollll_\n_..lollll_\n_....llll_\n_........_\n_........_\n_L16....._\n_........_\n_........_\n_BK13...._\n_1......._\n_2.K17..._\n_b......._\n__________
LEVEL:168:_____________\n_..wwB12ww.._\n_..........._\n_..wwrwrww.._\n_..w.....w.._\n_W.Rw.b.wR.B_\n_1.w.....w.1_\n_6.w.....w.2_\n_w.w.......w_\n_w1.ww.ww.1w_\n_.........3._\n_..wwR15w..._\n_____________
LEVEL:169:_____________\n_B12F13fL17._\n_..........._\n_l.l.ll.ll.._\n_..........._\n_l.l..l..l.._\n_l..l..l...._\n_.l.....l.l._\n_ll.l.l.l..l_\n_..........._\n_..........._\n_b...B19.L18_\n_____________
LEVEL:170:__________\n_..b....._\n_B12.www._\n_K1.w.k.w_\n_...w...w_\n_....w.wF_\n_....wfw1_\n_.....w.3_\n_W17....._\n__________
LEVEL:171:_____________\n_B12S14F13ww_\n_S17O14W16bw_\n_wwwwwwwww.w_\n_wwwwww..osw_\n_wwwww..os.w_\n_wwww...so.w_\n_www...so..w_\n_ww.....so.w_\n_w......os.w_\n_........osw_\n_.......os.w_\n_w......so.w_\n_ww....so..w_\n_www....so.w_\n_wwww...os.w_\n_wwwww...osw_\n_wwwwww.os.w_\n_wwwwwwwwwfw_\n_____________
LEVEL:172:____________________\n_S16.........wwww.._\n_............wBFw.._\n_............w11w.._\n_............w23w.._\n_............wwww.._\n_...wwwwwwwww......_\n_...wosooooow......_\n_...wooooooow......_\n_...wooobosow......_\n_...wsooooosw......_\n_...woosoooow......_\n_...wwwwwwwww......_\n_.................._\n_.......f.........._\n_.................._\n_.................._\n_.................._\n_.................._\n____________________
LEVEL:173:__________\n_B12oo.b._\n_ooooo.F._\n_sosoo.1._\n_ofooo.3._\n_sosoo..._\n_oooooooo_\n_ooooO14o_\n_oooooooo_\n__________
LEVEL:174:____________________\n_wwowwf....Kwbwwow._\n_wB12wwF13.1w.wooWw_\n_wwbww.o.oA12.oo.1w_\n_LRwwV....o3o.wwo6r_\n_11.Br1......kwwwwg_\n_451.3..llll..wwwgg_\n_..4lwgwlllllllwwwg_\n_llllwvwllllllwK17w_\n____________________
LEVEL:175:__________\n_bsfgalro_\n_kwoBSFWA_\n_ROKGV213_\n_6750489w_\n_w.....ww_\n_w.wwwwWw_\n_w...vw1w_\n_B12V136w_\n__________
LEVEL:176:____________________\n_W........wwwwwwwww_\n_1wwwwwwwww......Kw_\n_6woooooowwR1.O.81w_\n_Kwooo3koww..3.1.9w_\n_1wkoooooww.......w_\n_4wo1kbkowwaaaaw.ww_\n_Awooooooww....oww._\n_1wK17ooowwb..woow._\n_9wwwwwwwwww.swoww._\n_Awwwwwwwwwwwlwwww._\n_1wb.....ww......w._\n_4wwwww.www.b.R..w._\n_Sw......ww.r.1..w._\n_1ww.wwwwww...5L.w._\n_4wrrrrrrww....1.w._\n_Bwrrfrrrww....8.w._\n_1wwwwwwwwwwwwwwww._\n_9R19F13L18R14B12.._\n____________________
LEVEL:177:__________\n_........_\n_S2..B12._\n_w...s..._\n_...7wooo_\n_.1.vooVo_\n_.3vbW1.6_\n_...voo2o_\n_V14.oO16_\n__________
LEVEL:178:____________________\n_WR1R.....wwwwwwwww_\n_1wwwwwwwww......Kw_\n_6wK17ooowwR1.O.81w_\n_Kwkooo3oww..3.1.9w_\n_1wkoooooww.......w_\n_4wo1kbkowwaaaaw.ww_\n_Awooooooww.....ww._\n_1woooooowwb..w..w._\n_9wwwwwwwwww.sw.ww._\n_Awwwwwwwwwwwlwwww._\n_1wb.....ww......w._\n_4wwwww.www.b.R..w._\n_Sw......ww.r.1..w._\n_1ww.wwwwww...5L.w._\n_4wrrrrrrww....1.w._\n_Bwrrfrrrww....8.w._\n_1wwwwwwwwwwwwwwww._\n_9R19F13L18R14B12.._\n____________________
LEVEL:179:__________\n_KF13K1K._\n_1f......_\n_4.wwwwwk_\n_B.wK1b.._\n_1.waA.6._\n_2WwvV.2._\n_w1wgG.0._\n_w6wlL.8._\n__________
LEVEL:180:____________________\n_S14W16...........V_\n_B12V18ww.........1_\n_G14S19..w........5_\n_.w.w..ww.........._\n_...www............_\n_.................._\n_.................._\n_....wwwwsw........_\n_...w.vb..w........_\n_..w..b...w........_\n_...w..b..w........_\n_....wwwwww........_\n_.................._\n_...O15........gggg_\n_...F13....gggggggg_\n_.........gggoooooo_\n_......ggggggoooooo_\n_..ggggggggggooooof_\n____________________
LEVEL:181:____________\n_L.kwB..K1r_\n_w.r..3.fos_\n_wS1.....s1_\n_g.r.W1..s4_\n_W.b......._\n_kk..rb.ff5_\n_9.B12....G_\n_.b.f.swgw1_\n_g.o...oO.0_\n_v.wwoRF1.f_\n____________
LEVEL:182:__________\n_K14....._\n_1k..k..._\n_.boL..k._\n_.A15..aa_\n_.b....b._\n_k...F.k._\n_..k.1..._\n_B12.lf13_\n__________
LEVEL:183:____________________\n_Wwvvvvvvvfvvvvvvvv_\n_1wvvvvvvv.vvvvvvvv_\n_6wvvvvvvv.vvvvvvvv_\n_Fwvvvvvvv.vvvvvvvv_\n_1wvvvvvvv.vvvvvvvv_\n_3wvvvvvvvvvvvvvvvv_\n_Vwvvvvvvvvvvvvvvvv_\n_1wvvvvvvvvvvvvvvvv_\n_4wvvvvvvvvvvvvvvvv_\n_wwvvvvvvvvvvwwwwww_\n_............r....._\n_............rRK.B._\n_...b..sss...r11.1._\n_..B12..S....r457.._\n_..B12..1....r....._\n_.......5....kw...._\n_.O1O........ww...._\n_............w....._\n____________________
BATCH:-1:0:0
BATCH:-1:1:1
BATCH:-1:2:2
BATCH:-1:3:3
BATCH:-1:4:4
BATCH:-1:5:5
BATCH:-1:6:6
BATCH:-1:7:7
BATCH:-1:8:8
BATCH:-1:9:9
BATCH:-1:10:10
BATCH:-1:11:11
BATCH:-1:12:12
BATCH:-1:13:13
BATCH:-1:14:14
BATCH:-1:15:15
BATCH:-1:16:16
BATCH:-1:17:17
BATCH:-1:18:18
BATCH:-1:19:19
BATCH:-1:20:20
BATCH:-1:21:21
BATCH:-1:22:22
BATCH:-1:23:23
BATCH:-1:24:24
BATCH:-1:25:25
BATCH:-1:26:26
BATCH:-1:27:27
BATCH:-1:28:28
BATCH:-1:29:29
BATCH:-1:30:30
BATCH:-1:31:31
BATCH:-1:32:32
BATCH:-1:33:33
BATCH:-1:34:34
BATCH:-1:35:35
BATCH:-1:36:36
BATCH:-1:37:37
BATCH:-1:38:38
BATCH:-1:39:39
BATCH:-1:40:40
BATCH:-1:41:41
BATCH:-1:42:42
BATCH:-1:43:43
BATCH:-1:44:44
BATCH:-1:45:45
BATCH:-1:46:46
BATCH:-1:47:47
BATCH:-1:48:48
BATCH:-1:49:49
BATCH:-1:50:50
BATCH:-1:51:51
BATCH:-1:52:52
BATCH:-1:53:53
BATCH:-1:54:54
BATCH:-1:55:55
BATCH:-1:56:56
BATCH:-1:57:57
BATCH:-1:58:58
BATCH:-1:59:59
BATCH:-1:60:60
BATCH:-1:61:61
BATCH:-1:62:62
BATCH:-1:63:63
BATCH:-1:64:64
BATCH:-1:65:65
BATCH:-1:66:66
BATCH:-1:67:67
BATCH:-1:68:68
BATCH:-1:69:69
BATCH:-1:70:70
BATCH:-1:71:71
BATCH:-1:72:72
BATCH:-1:73:73
BATCH:-1:74:74
BATCH:-1:75:75
BATCH:-1:76:76
BATCH:-1:77:77
BATCH:-1:78:78
BATCH:-1:79:79
BATCH:-1:80:80
BATCH:-1:81:81
BATCH:-1:82:82
BATCH:-1:83:83
BATCH:-1:84:84
BATCH:-1:85:85
BATCH:-1:86:86
BATCH:-1:87:87
BATCH:-1:88:88
BATCH:-1:89:89
BATCH:-1:90:90
BATCH:-1:91:91
BATCH:-1:92:92
BATCH:-1:93:93
BATCH:-1:94:94
BATCH:-1:95:95
BATCH:-1:96:96
BATCH:-1:97:97
BATCH:-1:98:98
BATCH:-1:99:99
BATCH:-1:100:100
BATCH:-1:101:101
BATCH:-1:102:102
BATCH:-1:103:103
BATCH:-1:104:104
BATCH:-1:105:105
BATCH:-1:106:106
BATCH:-1:107:107
BATCH:-1:108:108
BATCH:-1:109:109
BATCH:-1:110:110
BATCH:-1:111:111
BATCH:-1:112:112
BATCH:-1:113:113
BATCH:-1:114:114
BATCH:-1:115:115
BATCH:-1:116:116
BATCH:-1:117:117
BATCH:-1:118:118
BATCH:-1:119:119
BATCH:-1:120:120
BATCH:-1:121:121
BATCH:-1:122:122
BATCH:-1:123:123
BATCH:-1:124:124
BATCH:-1:125:125
BATCH:-1:126:126
BATCH:-1:127:127
BATCH:-1:128:128
BATCH:-1:129:129
BATCH:-1:130:130
BATCH:-1:131:131
BATCH:-1:132:132
BATCH:-1:133:133
BATCH:-1:134:134
BATCH:-1:135:135
BATCH:-1:136:136
BATCH:-1:137:137
BATCH:-1:138:138
BATCH:-1:139:139
BATCH:-1:140:140
BATCH:-1:141:141
BATCH:-1:142:142
BATCH:-1:143:143
BATCH:-1:144:144
BATCH:-1:145:145
BATCH:-1:146:146
BATCH:-1:147:147
BATCH:-1:148:148
BATCH:-1:149:149
BATCH:-1:150:150
BATCH:-1:151:151
BATCH:-1:152:152
BATCH:-1:153:153
BATCH:-1:154:154
BATCH:-1:155:155
BATCH:-1:156:156
BATCH:-1:157:157
BATCH:-1:158:158
BATCH:-1:159:159
BATCH:-1:160:160
BATCH:-1:161:161
BATCH:-1:162:162
BATCH:-1:163:163
BATCH:-1:164:164
BATCH:-1:165:165
BATCH:-1:166:166
BATCH:-1:167:167
BATCH:-1:168:168
BATCH:-1:169:169
BATCH:-1:170:170
BATCH:-1:171:171
BATCH:-1:172:172
BATCH:-1:173:173
BATCH:-1:174:174
BATCH:-1:175:175
BATCH:-1:176:176
BATCH:-1:177:177
BATCH:-1:178:178
BATCH:-1:179:179
BATCH:-1:180:180
BATCH:-1:181:181
BATCH:-1:182:182
BATCH:-1:183:183
EVAL_INSTANCE:0:0:389
RUN_RESULT:0:0:0:1812:RRUUULUULURL
RUN_RESULT:0:0:1:2000:----
RUN_RESULT:0:0:2:7:UR
RUN_RESULT:0:0:3:2000:----
RUN_RESULT:0:0:4:1223:ULLLUUULUURDDRR
RUN_RESULT:0:0:5:97:DRRRUU
RUN_RESULT:0:0:6:91:UUUU
RUN_RESULT:0:0:7:2000:----
RUN_RESULT:0:0:8:2000:----
RUN_RESULT:0:0:9:4:R
RUN_RESULT:0:0:10:24:DDD
RUN_RESULT:0:0:11:161:DDDDDDDRRRRRU
RUN_RESULT:0:0:12:2000:----
RUN_RESULT:0:0:13:2000:----
RUN_RESULT:0:0:14:2000:----
RUN_RESULT:0:0:15:2000:----
RUN_RESULT:0:0:16:2000:----
RUN_RESULT:0:0:17:55:LLUUUUUULLL
RUN_RESULT:0:0:18:2000:----
RUN_RESULT:0:0:19:2000:----
RUN_RESULT:0:0:20:1356:DDDRDRRDUUUURR
RUN_RESULT:0:0:21:2000:----
RUN_RESULT:0:0:22:35:DDDR
RUN_RESULT:0:0:23:322:DDDLLDRRRR
RUN_RESULT:0:0:24:144:DDDDDRRR
RUN_RESULT:0:0:25:2000:----
RUN_RESULT:0:0:26:23:DLL
RUN_RESULT:0:0:27:110:DDDDDDRRRR
RUN_RESULT:0:0:28:2000:----
RUN_RESULT:0:0:29:2000:----
RUN_RESULT:0:0:30:2000:----
RUN_RESULT:0:0:31:2000:----
RUN_RESULT:0:0:32:106:UUUUUURR
RUN_RESULT:0:0:33:1501:UURUUULLU
RUN_RESULT:0:0:34:2000:----
RUN_RESULT:0:0:35:2000:----
RUN_RESULT:0:0:36:29:RRR
RUN_RESULT:0:0:37:5:UU
RUN_RESULT:0:0:38:502:LDURRRRR
RUN_RESULT:0:0:39:1153:DLUDRRU
RUN_RESULT:0:0:40:1244:DDRDRDLRR
RUN_RESULT:0:0:41:2000:----
RUN_RESULT:0:0:42:1171:LLULUU
RUN_RESULT:0:0:43:2000:----
RUN_RESULT:0:0:44:4:RLR
RUN_RESULT:0:0:45:2000:----
RUN_RESULT:0:0:46:2000:----
RUN_RESULT:0:0:47:2000:----
RUN_RESULT:0:0:48:2000:----
RUN_RESULT:0:0:49:2000:----
RUN_RESULT:0:0:50:8:DDR
RUN_RESULT:0:0:51:20:DDLDRRLLL
RUN_RESULT:0:0:52:79:DRRR
RUN_RESULT:0:0:53:911:URULULLURL
RUN_RESULT:0:0:54:2000:----
RUN_RESULT:0:0:55:2000:----
RUN_RESULT:0:0:56:2000:----
RUN_RESULT:0:0:57:2000:----
RUN_RESULT:0:0:58:104:DRRR
RUN_RESULT:0:0:59:2000:----
RUN_RESULT:0:0:60:1:U
RUN_RESULT:0:0:61:941:DLUURRD
RUN_RESULT:0:0:62:154:DDDLL
RUN_RESULT:0:0:63:2000:----
RUN_RESULT:0:0:64:812:UUUUULUR
RUN_RESULT:0:0:65:328:DRDRRR
RUN_RESULT:0:0:66:2000:----
RUN_RESULT:0:0:67:2000:----
RUN_RESULT:0:0:68:2000:----
RUN_RESULT:0:0:69:2000:----
RUN_RESULT:0:0:70:2000:----
RUN_RESULT:0:0:71:2000:----
RUN_RESULT:0:0:72:372:URDRLL
RUN_RESULT:0:0:73:24:DDD
RUN_RESULT:0:0:74:14:DDD
RUN_RESULT:0:0:75:1234:ULLLUUULUURDDRR
RUN_RESULT:0:0:76:2000:----
RUN_RESULT:0:0:77:1926:UUUULUU
RUN_RESULT:0:0:78:2000:----
RUN_RESULT:0:0:79:154:UUUUURURD
RUN_RESULT:0:0:80:469:UUUUURURD
RUN_RESULT:0:0:81:95:UUUURUURRURRRR
RUN_RESULT:0:0:82:2000:----
RUN_RESULT:0:0:83:60:RRRRR
RUN_RESULT:0:0:84:2000:----
RUN_RESULT:0:0:85:592:RURDD
RUN_RESULT:0:0:86:106:DRRRRD
RUN_RESULT:0:0:87:877:ULLDDDUUUUUUUL
RUN_RESULT:0:0:88:2000:----
RUN_RESULT:0:0:89:522:UURRDDRDR
RUN_RESULT:0:0:90:2000:----
RUN_RESULT:0:0:91:2000:----
RUN_RESULT:0:0:92:2000:----
RUN_RESULT:0:0:93:1553:ULUDLL
RUN_RESULT:0:0:94:2000:----
RUN_RESULT:0:0:95:2000:----
RUN_RESULT:0:0:96:2000:----
RUN_RESULT:0:0:97:8:UUR
RUN_RESULT:0:0:98:2:L
RUN_RESULT:0:0:99:2000:----
RUN_RESULT:0:0:100:2000:----
RUN_RESULT:0:0:101:2000:----
RUN_RESULT:0:0:102:4:R
RUN_RESULT:0:0:103:2000:----
RUN_RESULT:0:0:104:2000:----
RUN_RESULT:0:0:105:2000:----
RUN_RESULT:0:0:106:2000:----
RUN_RESULT:0:0:107:2000:----
RUN_RESULT:0:0:108:251:DRRDDRD
RUN_RESULT:0:0:109:2000:----
RUN_RESULT:0:0:110:2000:----
RUN_RESULT:0:0:111:2000:----
RUN_RESULT:0:0:112:690:DRRRDRRDLD
RUN_RESULT:0:0:113:18:DRR
RUN_RESULT:0:0:114:2000:----
RUN_RESULT:0:0:115:2000:----
RUN_RESULT:0:0:116:2000:----
RUN_RESULT:0:0:117:191:RDDDLUU
RUN_RESULT:0:0:118:2000:----
RUN_RESULT:0:0:119:2000:----
RUN_RESULT:0:0:120:2000:----
RUN_RESULT:0:0:121:2000:----
RUN_RESULT:0:0:122:32:DDRRR
RUN_RESULT:0:0:123:45:DDRR
RUN_RESULT:0:0:124:1222:DDDDDDDDRRRR
RUN_RESULT:0:0:125:111:RRDRDR
RUN_RESULT:0:0:126:14:URR
RUN_RESULT:0:0:127:48:DDDDL
RUN_RESULT:0:0:128:2000:----
RUN_RESULT:0:0:129:414:RURURUU
RUN_RESULT:0:0:130:2000:----
RUN_RESULT:0:0:131:2000:----
RUN_RESULT:0:0:132:246:UUUURRRRRRR
RUN_RESULT:0:0:133:1455:RRLURURDD
RUN_RESULT:0:0:134:2000:----
RUN_RESULT:0:0:135:2000:----
RUN_RESULT:0:0:136:111:RRDRDR
RUN_RESULT:0:0:137:48:DDDDL
RUN_RESULT:0:0:138:1463:DDDDDDRRRR
RUN_RESULT:0:0:139:2000:----
RUN_RESULT:0:0:140:127:UUUUURRURRRR
RUN_RESULT:0:0:141:2000:----
RUN_RESULT:0:0:142:391:ULUUUR
RUN_RESULT:0:0:143:2000:----
RUN_RESULT:0:0:144:911:URULULLURL
RUN_RESULT:0:0:145:1570:URUURURRU
RUN_RESULT:0:0:146:2000:----
RUN_RESULT:0:0:147:7:UL
RUN_RESULT:0:0:148:2000:----
RUN_RESULT:0:0:149:398:UUUDDLUL
RUN_RESULT:0:0:150:113:DLLL
RUN_RESULT:0:0:151:209:DDDDDR
RUN_RESULT:0:0:152:2000:----
RUN_RESULT:0:0:153:2000:----
RUN_RESULT:0:0:154:30:DRRR
RUN_RESULT:0:0:155:636:DDRRRRRUUUUULL
RUN_RESULT:0:0:156:606:LDURRRRR
RUN_RESULT:0:0:157:1117:DDLLLLLDLDL
RUN_RESULT:0:0:158:2000:----
RUN_RESULT:0:0:159:2000:----
RUN_RESULT:0:0:160:2000:----
RUN_RESULT:0:0:161:2000:----
RUN_RESULT:0:0:162:99:DDDDDDRRRDRRRR
RUN_RESULT:0:0:163:2000:----
RUN_RESULT:0:0:164:2000:----
RUN_RESULT:0:0:165:2000:----
RUN_RESULT:0:0:166:310:LLLDULDR
RUN_RESULT:0:0:167:2000:----
RUN_RESULT:0:0:168:2000:----
RUN_RESULT:0:0:169:2000:----
RUN_RESULT:0:0:170:332:DDUDD
RUN_RESULT:0:0:171:2000:----
RUN_RESULT:0:0:172:63:DDDDD
RUN_RESULT:0:0:173:65:DDDLL
RUN_RESULT:0:0:174:2000:----
RUN_RESULT:0:0:175:124:RRRRRDULLL
RUN_RESULT:0:0:176:2000:----
RUN_RESULT:0:0:177:2000:----
RUN_RESULT:0:0:178:2000:----
RUN_RESULT:0:0:179:2000:----
RUN_RESULT:0:0:180:2000:----
RUN_RESULT:0:0:181:2000:----
RUN_RESULT:0:0:182:2000:----
RUN_RESULT:0:0:183:2000:----
The time of execution is: 313.51590847969055 s
