pygame 2.2.0 (SDL 2.30.7, Python 3.8.10)
Hello from the pygame community. https://www.pygame.org/contribute.html
LEVEL:0:____________________\n_.Laallgg.......BG._\n_.1aallgg.......11._\n_.8aallgg.......90._\n_..aallgg.........._\n_..9allgg.......v.._\n_..aallgg.......V.._\n_b.2allgg.......1.._\n_llllllgg.......3.._\n_llllllgg.........._\n_gggggggg.........._\n_gggggggg.......B12_\n____________________
BATCH:0:0:0
TRAINING ON LEVEL:21
of 184 levels
---LEVEL STRING---
____________________
_.Laallgg.......BG._
_.1aallgg.......11._
_.8aallgg.......90._
_..aallgg.........._
_..9allgg.......v.._
_..aallgg.......V.._
_b.2allgg.......1.._
_llllllgg.......3.._
_llllllgg.........._
_gggggggg.........._
_gggggggg.......B12_
____________________
---LEVEL STRING---
TRACK:0;-1;-1;5;4;0;6;4;5;4;5;3;1;25;22;-2.2789326753367405;1;5;6;4;4;3;5;22;-9.633053118640953;6;2;2;3;3;2;15;17;5;3;4;25;1;1;3;5;17;6;4;13;5;2;5;14;5;13
TRACK:1;-1;-1;4;3;6;0;6;4;4;0;0;4;20;-5.809372285085031;0;9;23;0.8568595523069824;5;5;10;6;1;6;0;2;2;7;2.9024529940447863;22;-2.382032378478012;5;11;6;3;8;4;3;4;4;13
TRACK:2;-1;-1;2;6;4;4;4;4;6;0;3;1;11;20;4.7019511786850465;3;0;7;-2.1584571092920495;9;5;3;2;3;4;5;1;4;4;20;7.01822353915415;0;5;24;1;13;22;-5.651200671567507;3;5;6;5;5;4;18
TRACK:3;-1;-1;5;6;0;5;4;6;1;1;5;5;16;5;2;18;22;-2.3150351516250893;5;0;3;19;6;10;3;5;4;1;3;3;3;7;-5.860736449684394;4;4;3;18
TRACK:4;-1;-1;3;5;5;1;1;0;5;6;4;2;24;22;8.378438308070798;4;6;0;5;24;1;19;13;5;4;1;6;2;20;-2.171588292672011;19;5;4;17;6;6;0;4;1;2;23;-3.3444411952232773;22;-3.697736016703333;0;17;25;0;4;4;15;5;3;23;2.5890361802267225
TRACK:5;-1;-1;1;6;2;3;1;5;5;3;2;2;17;22;-4.568486173578405;5;25;4;2;3;0;5;20;3.2534663606236407;5;14;1;6;1;17;8;5;1;17;11;6;6;4;1;5;4;4;7;0.16175022945437867;1;4;3;11;3;6;21;-6.02803913856844;6;0;1;2;4;1;2;5;6;17;4;3;23;5.11027651737929;1;1;0;11;17;3;18;3;0;17;10;3;6;6;4;3;23;-6.094962022061052;2;2;0;3;3;6;12;4;4;0;13;21;-7.8059761096892295;1;4;2;4;8;3;8;1;1;3;8;6;13;0;2;11;9;5;22;3.9603040710894977;1;5;1;5;4;8;1;6;10;0;7;-7.560117324409525;18;5;1;3;1;19;12;1;1;10;13;6;19;3;5;1;2;4;3;1;23;6.008186689645385;19;4;1;4;21;2.100591206264193;2;13;17;5;1;0;0;24;11;5;19;2;3;16;5;9
TRACK:6;-1;-1;6;6;4;4;1;6;5;0;5;2;25;14;2;4;9;0;23;-5.284896154502463;24;0;3;1;2;2;13;18;3;13;2;0;16;8;3;19;4;5;5;5;9
TRACK:7;-1;-1;6;6;1;5;1;0;0;2;0;1;24;10;3;21;0.5180802268888449;0;4;21;3.364556439602179;0;19;9;1;3;5;10;2;1;24;22;-4.562838849728648;1;15;10;0;5;2;4;22;-1.962524054452894;0;7;7.284759351597952;12;1;2;0;9;19;4;25;1;1;15;18;4;25;5;6;0;6;0;13;14;4;2;14;15;2;6;4;3;2;0;6;19;2;17;12;4;1;23;-4.34107366180325;23;7.937041921718837;2;1;2;5;0;3;12;0;24;14;3;4;5;14;1;2;0;3;16;5;12;0;2;25;24;4;18;0;1;1;25;23;-6.153455215799822;4;23;-4.538127664356346;4;3;13;3;0;4;2;5;21;5.603694884827394;2;19;24;5;4;2;9;21;-2.958650359607655
TRACK:8;-1;-1;0;5;4;2;3;2;6;6;5;4;9;1;4;3;3;21;-7.464720865791978;3;0;5;24;5;23;8.853648769640568;4;1;2;6;2;2;16;19;6;24;3;6;6;11;1;1;3;5;24;4;5;15;5;3;1;7;-5.2146562721662;21;8.998034930761346;2;5;3;0;6;0;3;6;4;16;1;6;4;14;2;2;19;9;6;11;0;2;0;4;1;10;25;2;3;9;3;14;0;2;1;13;21;4.908196409139361;6;7;6.303769962520718;3;2;7;4.2788381616732245;21;-0.14758857552427074;5;6;3;0;16;22;4.255687554163934;4;5;0;1;5;3;2;6;10;0;9;7;-7.35010520734626;5;3;6;3;16;6;2;3;5;1;11;20;0.45754510706007423;5;3;0;12;9
TRACK:9;-1;-1;6;6;6;2;1;4;2;0;4;2;20;-5.453445147151205;8;2;4;20;0.6438739022106752;1;14;25;2;3;6;10;6;5;15;6;0;5;6;3;10;4;5;1;16;14;5;1;5;1;2;4;12;3;20;2.626966614425637;4;3;22;-1.4500025497646192;5;2;5;3;13;1;2;19;11;2;18;18
EVAL_INSTANCE:0:0:0
EVAL_INSTANCE:0:1:1
EVAL_INSTANCE:0:2:2
EVAL_INSTANCE:0:3:3
EVAL_INSTANCE:0:4:4
EVAL_INSTANCE:0:5:5
EVAL_INSTANCE:0:6:6
EVAL_INSTANCE:0:7:7
EVAL_INSTANCE:0:8:8
EVAL_INSTANCE:0:9:9
RUN_RESULT:0:0:0:2000:----
RUN_RESULT:0:1:0:2000:----
RUN_RESULT:0:2:0:2000:----
RUN_RESULT:0:3:0:2000:----
RUN_RESULT:0:4:0:2000:----
RUN_RESULT:0:5:0:2000:----
RUN_RESULT:0:6:0:2000:----
RUN_RESULT:0:7:0:2000:----
RUN_RESULT:0:8:0:2000:----
RUN_RESULT:0:9:0:2000:----
=================================================
n_gen  |  n_eval  |     f_avg     |     f_min    
=================================================
     1 |       10 |  0.000000E+00 | -0.000000E+00
TRACK:10;9;3;6;6;6;2;1;4;2;0;4;2;20;-5.453445147151205;8;2;4;20;0.6438739022106752;1;14;25;2;3;6;10;6;5;15;6;5;5;16;5;1;5;1;2;4;12;3;20;2.626966614425637;4;3;22;-1.4500025497646192;5;2;5;3;13;1;2;19;11;2;18;18
TRACK:11;9;3;5;6;0;5;4;6;1;1;5;5;16;5;2;18;22;-2.3150351516250893;5;0;3;19;6;10;3;5;4;1;3;3;5;15;4;4;3;18
TRACK:12;5;8;1;6;2;3;1;5;5;3;2;2;17;22;-4.568486173578405;5;25;4;2;3;0;5;20;3.2534663606236407;5;14;1;6;1;17;8;5;1;17;11;6;6;4;1;5;4;4;7;0.16175022945437867;1;4;3;11;3;6;21;-6.02803913856844;6;0;1;2;4;1;2;5;6;17;4;3;23;5.11027651737929;1;1;0;11;17;3;18;3;0;17;10;3;6;6;4;3;23;-6.094962022061052;2;2;0;3;3;6;12;4;4;0;13;21;-7.8059761096892295;1;4;2;4;8;3;8;1;1;3;8;6;13;0;2;11;9;5;22;3.9603040710894977;1;5;1;5;4;8;1;6;10;0;7;-7.560117324409525;18;2;1;13;21;4.908196409139361;6;7;6.303769962520718;3;5;1;2;4;3;1;23;6.008186689645385;19;4;1;4;21;2.100591206264193;2;13;17;5;1;0;0;24;11;5;19;2;3;16;5;9
TRACK:13;5;8;0;5;4;2;3;2;6;6;23;-6.094962022061052;1;4;3;3;21;-7.464720865791978;3;0;5;24;5;23;8.853648769640568;4;1;2;6;2;2;16;19;6;24;3;6;6;11;1;1;3;5;24;4;5;15;5;3;1;7;-5.2146562721662;21;8.998034930761346;2;5;3;0;6;0;3;6;4;16;1;6;4;14;2;2;19;9;6;11;0;2;0;4;1;10;25;2;3;9;3;14;0;2;1;13;21;4.908196409139361;6;7;6.303769962520718;3;2;7;4.2788381616732245;21;-0.14758857552427074;5;6;3;0;16;22;4.255687554163934;4;5;0;1;5;3;2;6;10;0;9;7;-7.35010520734626;5;3;6;3;16;6;2;3;5;1;11;20;0.45754510706007423;5;3;0;12;9
TRACK:14;2;6;2;6;4;4;4;4;6;0;3;1;11;14;3;0;7;-2.1584571092920495;9;5;3;2;3;4;5;1;4;4;20;7.01822353915415;0;5;24;1;13;22;-5.651200671567507;3;5;6;5;5;4;18
TRACK:15;2;6;6;6;4;4;1;6;5;0;5;2;25;14;2;4;9;0;23;-5.284896154502463;24;0;3;1;2;2;13;18;3;13;2;0;16;8;3;19;4;5;5;11
TRACK:16;9;0;6;6;6;2;1;4;2;0;4;2;20;-5.453445147151205;8;2;4;20;0.6438739022106752;1;14;25;2;3;6;10;6;5;15;6;0;5;22;-9.633053118640953;4;5;1;16;14;5;1;5;1;2;4;12;3;20;2.626966614425637;4;3;22;-1.4500025497646192;5;2;5;3;13;1;2;19;11;2;18;18
TRACK:17;9;0;5;4;0;6;4;5;4;5;3;16;1;5;6;4;4;3;5;22;-9.633053118640953;6;2;2;3;3;2;15;17;5;3;4;25;1;1;3;5;17;6;4;13;5;2;5;14;5;13
TRACK:18;3;8;5;6;0;5;4;6;1;1;5;5;16;5;2;18;22;-2.3150351516250893;5;0;3;19;6;10;3;5;4;1;3;3;3;7;-5.860736449684394;4;4;3;12
TRACK:19;3;8;0;5;4;2;3;2;6;6;5;4;9;1;4;3;3;21;-7.464720865791978;3;0;5;24;5;23;8.853648769640568;4;1;2;6;2;2;16;19;6;24;3;6;6;11;1;1;3;5;24;4;5;15;5;3;1;7;-5.2146562721662;21;8.998034930761346;2;5;3;0;6;0;3;6;4;16;1;6;4;14;2;2;19;9;6;11;0;2;0;4;1;10;25;2;3;9;3;14;0;2;1;13;21;4.908196409139361;6;7;6.303769962520718;3;2;7;-5.860736449684394;21;-0.14758857552427074;5;6;3;0;16;22;4.255687554163934;4;5;0;1;5;3;2;6;10;0;9;7;-7.35010520734626;5;3;6;3;16;6;2;3;5;1;11;20;0.45754510706007423;5;3;0;12;9
TRACK:20;10;-1;6;6;6;2;1;4;2;0;4;2;20;-5.452653329854345;8;2;4;20;0.5072764164742984;1;14;25;2;3;3;17;6;5;15;6;5;5;16;5;1;5;1;2;4;12;3;20;2.654541378888755;4;3;22;-1.5346095439142073;5;2;5;3;13;1;2;19;11;2;18;18
TRACK:21;12;-1;1;6;2;3;1;5;5;3;2;2;21;0.6243374803336454;21;-2.234304704613308;5;25;4;2;3;0;5;20;3.167770321401972;5;14;1;6;1;17;8;5;1;17;11;6;6;4;1;5;4;4;7;0.1234802717936357;1;4;3;11;3;6;21;-5.91385184748377;6;0;1;2;4;1;2;5;6;17;4;3;23;4.9892061433443935;1;1;0;11;17;3;18;3;0;17;10;3;6;6;4;3;23;-5.909787191596387;2;2;0;3;3;6;12;4;4;0;13;21;-7.687501054409752;1;4;2;4;8;3;8;1;1;3;8;6;13;0;2;11;9;5;22;3.9217190667417134;1;5;1;5;4;8;1;6;10;0;7;-7.599373180860639;18;2;1;13;21;4.882556429608638;6;7;6.412838949005726;3;5;1;2;4;3;1;23;5.8987906138612365;19;4;1;4;21;2.055692130671712;2;13;17;5;1;0;0;24;11;5;19;2;3;16;5;9
TRACK:22;14;-1;2;6;4;4;4;4;6;0;3;1;11;25;3;0;7;-2.1961752330047943;9;5;3;2;3;4;5;1;4;4;20;7.0870386174405855;0;5;24;1;13;22;-5.774191069027755;3;5;6;5;5;4;18
TRACK:23;16;-1;6;6;6;2;1;4;2;0;4;2;20;-5.5903622569086435;11;2;4;20;0.6083963927126471;1;14;25;2;3;6;10;6;5;15;6;0;5;22;-9.69261683834461;4;5;1;16;14;5;1;5;1;2;4;12;3;20;2.508218503059978;4;3;22;-1.3698555302753297;5;2;5;3;13;1;2;19;11;2;18;18
TRACK:24;18;-1;2;0;4;8;0;15;10;6;3;13
TRACK:25;11;-1;5;6;0;5;4;6;1;1;5;5;16;5;2;18;22;-2.2350627622697585;5;0;3;19;6;10;3;5;4;1;0;15;16;3;24
TRACK:26;13;-1;0;5;4;2;3;2;6;6;23;-6.293151629996415;1;4;3;3;21;-7.578239987830101;3;0;5;24;5;23;8.834657226894397;4;1;2;6;2;2;16;19;6;24;3;6;6;11;1;1;3;5;24;4;5;15;5;3;1;7;-5.122317156223008;21;9.039120295781833;2;5;3;0;6;0;3;6;4;16;1;6;4;14;2;1;22;-5.052365185674543;21;6.632854502628401;6;11;0;2;0;4;1;10;25;2;3;9;3;14;0;2;1;13;21;4.967649281618056;6;7;6.294045748569158;3;2;7;4.288200055692742;21;-0.22390195373438998;5;6;3;0;16;22;4.367052878820711;4;5;0;1;5;3;2;6;10;0;9;7;-7.277106546257589;5;3;6;3;16;6;2;3;5;1;11;20;0.443073210573384;5;3;0;12;9
TRACK:27;15;-1;6;6;4;4;1;6;5;0;5;2;25;14;2;3;19;0;23;-5.097627537278903;24;0;3;1;2;2;13;18;3;13;2;0;16;8;3;19;4;5;5;11
TRACK:28;17;-1;5;4;0;6;4;5;4;5;3;16;1;5;6;4;4;3;5;22;-9.632682928597383;6;2;2;3;3;2;15;17;5;3;4;25;1;1;1;25;20;6.764325883016468;6;4;13;5;2;5;14;5;13
TRACK:29;19;-1;0;5;4;2;3;2;6;6;5;4;9;1;4;3;3;21;-7.478675886583532;3;0;5;24;5;23;8.723104588252605;4;1;2;6;2;2;16;19;6;24;3;6;6;11;1;1;3;5;24;4;5;15;5;4;3;25;2;5;3;0;6;0;3;6;4;16;1;6;4;14;2;2;19;9;6;11;0;2;0;4;1;10;25;2;3;9;3;14;0;2;1;13;21;4.947605460645094;6;7;6.268310599722668;3;2;7;-5.632941835904524;21;-0.0051081778887010765;5;6;3;0;16;22;4.2759725234365895;4;5;0;1;5;3;2;6;10;0;9;7;-7.273152832899526;5;3;6;3;16;6;2;3;5;1;11;20;0.5869891357844128;5;3;0;12;9
EVAL_INSTANCE:1:0:20
EVAL_INSTANCE:1:1:21
EVAL_INSTANCE:1:2:22
EVAL_INSTANCE:1:3:23
EVAL_INSTANCE:1:4:24
EVAL_INSTANCE:1:5:25
EVAL_INSTANCE:1:6:26
EVAL_INSTANCE:1:7:27
EVAL_INSTANCE:1:8:28
EVAL_INSTANCE:1:9:29
RUN_RESULT:1:0:0:2000:----
RUN_RESULT:1:1:0:2000:----
RUN_RESULT:1:2:0:2000:----
RUN_RESULT:1:3:0:2000:----
RUN_RESULT:1:4:0:2000:----
RUN_RESULT:1:5:0:2000:----
RUN_RESULT:1:6:0:2000:----
RUN_RESULT:1:7:0:2000:----
RUN_RESULT:1:8:0:2000:----
RUN_RESULT:1:9:0:2000:----
     2 |       20 |  0.000000E+00 | -0.000000E+00
TRACK:30;4;2;3;5;5;1;1;0;5;6;4;2;24;22;8.378438308070798;4;6;0;5;9;1;19;13;5;4;1;6;2;20;-2.171588292672011;19;5;4;17;6;6;0;4;1;2;23;-3.3444411952232773;22;-3.697736016703333;0;17;25;0;4;4;15;5;3;23;2.5890361802267225
TRACK:31;4;2;2;6;4;4;4;4;6;0;3;1;11;15;3;0;7;-2.1584571092920495;9;5;3;2;3;4;5;1;4;4;20;7.01822353915415;0;5;24;1;13;22;-5.651200671567507;3;5;6;5;5;4;18
TRACK:32;9;8;6;6;6;2;1;4;2;0;4;2;20;-5.453445147151205;8;2;4;21;-0.14758857552427074;1;14;25;2;3;6;10;6;5;15;6;0;5;6;3;10;4;5;1;16;14;5;1;5;1;2;4;12;3;20;2.626966614425637;4;3;22;-1.4500025497646192;5;2;5;3;13;1;2;19;11;2;18;18
TRACK:33;9;8;0;5;4;2;3;2;6;6;5;4;9;1;4;3;3;21;-7.464720865791978;3;0;5;24;5;23;8.853648769640568;4;1;2;6;2;2;16;19;6;24;3;6;6;11;1;1;3;5;24;4;5;15;5;3;1;7;-5.2146562721662;21;8.998034930761346;2;5;3;0;6;0;3;6;4;16;1;6;4;14;2;2;19;9;6;11;0;2;0;4;2;20;-5.453445147151205;8;2;4;20;0.6438739022106752;1;14;25;0;2;1;13;21;4.908196409139361;6;7;6.303769962520718;3;2;7;4.2788381616732245;21;-0.14758857552427074;5;6;3;0;16;22;4.255687554163934;4;5;0;1;5;3;2;6;10;0;9;7;-7.35010520734626;5;3;6;3;16;6;2;3;5;1;11;20;0.45754510706007423;5;3;0;12;9
TRACK:34;7;7;6;6;1;5;1;0;0;2;0;1;24;10;3;21;0.5180802268888449;0;4;21;3.364556439602179;0;19;9;1;3;5;10;2;1;24;22;-4.562838849728648;1;15;10;0;5;2;4;22;-1.962524054452894;0;7;7.284759351597952;12;1;2;0;9;19;4;25;1;1;15;18;4;25;5;6;0;6;0;13;14;4;2;14;15;2;6;4;3;2;0;6;19;2;17;12;4;1;23;-4.34107366180325;23;7.937041921718837;2;1;2;5;0;3;12;0;24;14;3;4;12;1;2;0;3;16;5;12;0;2;25;24;4;18;0;1;1;25;23;-6.153455215799822;4;23;-4.538127664356346;4;3;13;3;0;4;2;5;21;5.603694884827394;2;19;24;5;4;2;9;21;-2.958650359607655
TRACK:35;7;7;6;6;1;5;1;0;0;2;0;1;24;10;3;21;0.5180802268888449;0;4;21;3.364556439602179;0;19;9;1;3;5;10;2;1;24;22;-4.562838849728648;1;15;10;0;5;2;4;22;-1.962524054452894;0;7;7.284759351597952;12;1;2;0;9;19;4;25;1;1;15;18;4;25;5;6;0;6;0;13;14;4;2;14;15;2;6;4;3;2;0;6;19;2;17;12;4;1;23;-4.34107366180325;23;7.937041921718837;2;1;2;5;0;3;12;0;24;14;3;4;5;14;1;2;0;3;16;5;12;0;2;25;24;4;18;0;1;1;25;23;-6.153455215799822;4;23;-4.538127664356346;1;24;10;3;0;4;2;5;21;5.603694884827394;2;19;24;5;4;2;9;21;-2.958650359607655
TRACK:36;6;5;6;6;4;4;1;6;5;0;5;2;25;14;2;4;9;0;23;-5.284896154502463;24;0;3;1;2;2;13;18;3;13;2;0;16;8;3;19;4;5;6;1;17;8
TRACK:37;6;5;1;6;2;3;1;5;5;3;2;2;17;22;-4.568486173578405;5;25;4;2;3;0;5;20;3.2534663606236407;5;14;1;6;1;17;8;5;1;17;11;6;6;4;1;5;4;4;7;0.16175022945437867;1;4;3;11;3;6;21;-6.02803913856844;6;0;1;2;4;1;2;5;6;17;4;3;23;5.11027651737929;1;1;0;11;17;3;18;3;0;17;10;3;6;6;4;3;23;-6.094962022061052;2;2;0;8;4;4;0;13;21;-7.8059761096892295;1;4;2;4;8;3;8;1;1;3;8;6;13;0;2;11;9;5;22;3.9603040710894977;1;5;1;5;4;8;1;6;10;0;7;-7.560117324409525;18;5;1;3;1;19;12;1;1;10;13;6;19;3;5;1;2;4;3;1;23;6.008186689645385;19;4;1;4;21;2.100591206264193;2;13;17;5;1;0;0;24;11;5;19;2;3;16;5;9
TRACK:38;1;0;4;3;6;0;6;6;4;4;3;5;22;-9.633053118640953;6;1;6;0;2;2;7;2.9024529940447863;22;-2.382032378478012;5;11;6;3;8;4;3;4;4;13
TRACK:39;1;0;5;4;0;6;4;5;4;5;3;1;11;22;-2.2789326753367405;1;5;6;4;4;3;5;22;-9.633053118640953;6;2;2;3;3;2;15;17;5;3;4;25;1;1;3;5;17;6;4;13;5;2;5;14;5;13
TRACK:40;30;-1;3;5;5;1;1;0;5;6;4;2;24;22;8.430537306250852;4;6;0;5;9;1;19;13;5;4;1;6;2;20;-2.3037746737801985;19;5;4;17;6;6;0;4;1;2;18;22;-3.6105970565771175;0;17;25;0;4;4;15;5;3;23;2.427299281824617
TRACK:41;32;-1;6;6;6;2;1;4;2;0;4;2;20;-5.510557821413265;8;3;1;24;9;2;3;6;10;6;5;15;6;0;5;6;3;10;4;5;1;16;14;5;1;5;1;2;4;12;3;20;2.656522284224207;4;3;22;-1.2941632372648157;5;2;5;3;13;1;2;19;11;2;18;18
TRACK:42;34;-1;6;6;1;5;1;0;0;2;0;1;24;10;3;21;0.5438480557905613;0;4;21;3.2765955660765234;0;19;9;1;3;5;10;2;1;24;22;-4.466288512924921;1;15;10;0;5;2;4;22;-2.01412627309515;0;7;7.156222122093916;12;1;2;0;9;19;4;19;1;1;15;18;4;25;5;6;0;6;0;13;14;4;2;14;15;2;6;4;3;2;0;6;19;2;17;12;4;1;23;-4.286261579849396;23;8.000412903660857;2;1;2;5;0;3;12;0;24;14;3;4;12;1;2;0;3;16;5;12;0;2;25;24;4;18;0;1;1;25;23;-6.0474641721868005;4;23;-4.500775732072162;4;3;13;3;0;4;2;5;21;5.727357097502646;2;19;24;5;4;2;9;21;-2.978514365475974
TRACK:43;36;-1;6;6;4;4;1;6;5;0;5;2;25;14;2;4;9;0;23;-5.20242874868522;24;0;3;5;6;15;4;5;6;1;17;8
TRACK:44;38;-1;4;3;6;1;4;3;3;18;2;6;0;11;12;1;6;23;-8.084103458127785;2;12;19
TRACK:45;31;-1;2;6;4;4;4;4;6;0;3;1;11;15;3;0;7;-2.26025499375986;9;5;3;2;3;4;5;1;4;4;20;6.910803730239181;0;5;24;3;16;3;5;6;5;5;4;18
TRACK:46;33;-1;0;5;4;2;3;2;6;6;5;4;9;1;4;3;3;21;-7.43633112326119;3;0;5;24;5;23;8.676841352470632;4;1;2;6;2;2;16;19;6;24;3;6;6;11;1;1;3;5;24;4;5;15;5;3;1;7;-5.39748816615603;21;8.823794205516247;2;5;3;0;6;6;0;6;5;9;5;6;21;6.709340740529221;0;2;0;4;2;20;-5.615285986774935;8;2;4;20;0.46165943779226676;1;14;25;0;2;1;13;21;4.992719848697873;6;7;6.257166889655592;3;2;7;4.212140594906961;21;-0.09844009574816079;5;6;3;0;16;22;4.257735289567206;4;5;0;1;5;3;2;6;10;0;9;7;-7.474487763441594;5;3;6;3;16;6;2;3;5;1;11;20;0.35839313493480485;5;3;0;12;9
TRACK:47;35;-1;6;6;1;5;1;0;0;2;0;1;24;10;3;21;0.4401645081343336;0;4;21;3.43800968639687;0;19;9;1;3;5;10;2;1;24;22;-4.507307110001961;1;15;10;0;5;2;4;22;-2.3049558670318637;0;7;7.190862538533373;12;1;2;0;9;19;4;25;1;1;15;18;4;25;5;6;0;6;0;13;14;4;2;14;15;2;6;4;3;2;0;6;19;2;17;12;4;1;23;-4.213770184427315;23;7.811350069287137;2;1;2;5;0;3;18;0;24;14;3;4;5;14;1;2;0;3;16;5;12;0;2;25;24;4;18;0;1;1;25;23;-6.359231090407482;4;23;-4.457672590187226;1;24;10;3;0;4;2;5;21;5.608950948637605;2;19;24;5;4;2;9;21;-2.858201177880436
TRACK:48;37;-1;1;6;2;3;1;5;5;3;2;2;17;22;-4.469118342297239;5;25;4;2;3;0;5;20;3.209661742272023;5;14;1;6;1;17;8;5;1;17;11;6;6;4;1;5;4;4;7;0.09331205985116527;1;4;3;11;3;6;21;-5.963556272871081;6;0;1;2;4;1;2;5;6;17;4;3;23;4.967539310230538;1;1;0;21;8.636451101286497;17;3;18;3;0;17;10;3;6;6;4;3;23;-6.282617416915341;2;2;0;8;4;4;0;13;21;-7.8062696325358205;1;4;2;4;8;3;8;1;1;3;8;6;13;0;2;11;9;5;22;4.023524756129578;1;5;1;5;4;8;1;6;10;0;7;-7.6118501246306;18;5;1;3;1;19;12;1;1;10;13;6;19;3;5;1;2;4;3;1;23;6.073048755921848;19;4;1;4;21;2.054719005271437;2;13;17;5;1;0;0;24;11;5;19;2;3;16;5;9
TRACK:49;39;-1;5;4;0;6;4;5;4;5;3;1;11;22;-2.3037735385578877;1;5;6;4;4;3;2;12;16;6;2;2;3;3;2;15;17;5;3;4;25;1;1;3;5;17;6;4;13;5;2;5;14;5;13
EVAL_INSTANCE:2:0:40
EVAL_INSTANCE:2:1:41
EVAL_INSTANCE:2:2:42
EVAL_INSTANCE:2:3:43
EVAL_INSTANCE:2:4:44
EVAL_INSTANCE:2:5:45
EVAL_INSTANCE:2:6:46
EVAL_INSTANCE:2:7:47
EVAL_INSTANCE:2:8:48
EVAL_INSTANCE:2:9:49
RUN_RESULT:2:0:0:2000:----
RUN_RESULT:2:1:0:2000:----
RUN_RESULT:2:2:0:2000:----
RUN_RESULT:2:3:0:2000:----
RUN_RESULT:2:4:0:2000:----
RUN_RESULT:2:5:0:2000:----
RUN_RESULT:2:6:0:2000:----
RUN_RESULT:2:7:0:2000:----
RUN_RESULT:2:8:0:2000:----
RUN_RESULT:2:9:0:2000:----
     3 |       30 |  0.000000E+00 | -0.000000E+00
TRACK:50;5;9;1;6;2;3;1;5;5;3;2;2;17;22;-4.568486173578405;5;25;4;2;3;0;5;20;3.2534663606236407;5;14;1;6;1;17;8;5;1;17;11;6;6;4;1;5;4;4;7;0.16175022945437867;1;4;3;11;3;6;21;-6.02803913856844;6;0;1;2;4;1;2;5;6;17;4;3;23;5.11027651737929;1;1;0;11;17;3;18;3;0;17;10;3;6;6;4;3;23;-6.094962022061052;2;2;0;3;3;6;12;4;4;0;13;21;-7.8059761096892295;1;4;2;4;8;3;8;1;1;3;8;6;13;0;2;11;9;5;22;3.9603040710894977;1;5;1;5;4;8;1;6;10;0;7;-7.560117324409525;18;5;1;3;1;19;12;1;1;10;13;6;19;3;5;1;2;4;3;1;23;6.008186689645385;19;4;1;4;21;2.100591206264193;2;13;17;5;1;0;0;24;10;5;19;2;3;16;5;9
TRACK:51;5;9;6;6;6;2;1;4;2;0;4;2;20;-5.453445147151205;8;2;4;20;0.6438739022106752;1;14;25;2;3;6;25;6;5;15;6;0;5;6;3;10;4;5;1;16;14;5;1;5;1;2;4;12;3;20;2.626966614425637;4;3;22;-1.4500025497646192;5;2;5;3;13;1;2;19;11;2;18;18
TRACK:52;2;3;2;6;4;4;4;4;6;0;3;1;11;20;4.7019511786850465;3;0;16;9;5;3;2;3;4;5;1;4;4;20;7.01822353915415;0;5;24;1;13;22;-5.651200671567507;3;5;6;5;5;4;18
TRACK:53;2;3;5;6;0;5;4;6;1;1;4;18;5;2;18;22;-2.3150351516250893;5;0;3;19;6;10;3;5;4;1;3;3;3;7;-5.860736449684394;4;4;3;18
TRACK:54;0;4;5;4;0;6;4;5;4;5;3;1;25;22;-2.2789326753367405;19
TRACK:55;0;4;3;5;5;1;1;0;5;6;4;2;24;22;8.378438308070798;4;6;0;5;24;1;19;13;5;4;1;6;2;20;-2.171588292672011;19;25;6;6;0;4;1;2;23;-3.3444411952232773;22;-3.697736016703333;0;17;25;0;4;4;15;5;3;23;2.5890361802267225
TRACK:56;7;9;6;6;1;5;1;0;0;2;0;1;24;10;3;21;0.5180802268888449;0;4;21;3.364556439602179;0;19;9;1;3;5;10;2;1;24;22;-4.562838849728648;1;15;10;0;5;2;4;22;-1.962524054452894;0;7;7.284759351597952;12;1;2;0;9;19;4;25;1;1;15;18;4;25;5;6;0;6;0;13;14;4;2;14;15;2;6;4;3;2;0;6;19;2;17;12;4;1;23;-4.34107366180325;23;7.937041921718837;2;1;2;5;0;3;12;0;24;14;3;4;5;10;1;2;0;3;16;5;12;0;2;25;24;4;18;0;1;1;25;23;-6.153455215799822;4;23;-4.538127664356346;4;3;13;3;0;4;2;5;21;5.603694884827394;2;19;24;5;4;2;9;21;-2.958650359607655
TRACK:57;7;9;6;6;6;2;1;4;2;0;4;2;20;-5.453445147151205;8;2;4;20;0.6438739022106752;1;14;25;2;3;6;10;6;5;15;6;0;5;6;3;10;4;5;1;16;14;5;1;5;1;2;4;12;3;20;2.626966614425637;4;3;22;-1.4500025497646192;5;2;5;3;13;1;2;19;11;2;18;18
TRACK:58;0;8;5;4;0;6;4;5;4;5;3;1;25;22;-2.2789326753367405;1;5;6;4;4;3;5;22;-9.633053118640953;6;2;2;3;3;2;15;17;5;3;4;25;1;1;3;5;17;6;4;7;-7.35010520734626;5;2;5;14;5;13
TRACK:59;0;8;0;5;4;2;3;4;3;5;22;-9.633053118640953;4;1;2;6;2;2;16;19;6;24;3;6;6;11;1;1;3;5;24;4;5;15;5;3;1;7;-5.2146562721662;21;8.998034930761346;2;5;3;0;6;0;3;6;4;16;1;6;4;14;2;2;19;9;6;11;0;2;0;4;1;10;25;2;3;9;3;14;0;2;1;13;21;4.908196409139361;6;7;6.303769962520718;3;2;7;4.2788381616732245;21;-0.14758857552427074;5;6;3;0;16;22;4.255687554163934;4;5;0;1;5;3;2;6;10;0;9;7;-7.35010520734626;5;3;6;3;16;6;2;3;5;1;11;20;0.45754510706007423;5;3;0;12;9
TRACK:60;50;-1;1;6;2;3;1;5;5;3;2;2;17;22;-4.719873674725752;5;25;4;2;3;0;5;20;3.333708829269464;5;14;1;6;1;17;8;5;1;17;11;6;6;4;1;5;4;4;7;-0.054449138038912936;1;4;3;11;3;6;21;-5.956192881778482;6;0;1;2;4;1;2;5;6;17;4;3;23;5.212578938717373;1;1;0;11;17;3;18;3;0;17;10;3;6;6;4;3;23;-5.901929907139705;2;2;0;3;3;6;12;4;4;0;13;21;-7.713603234108285;1;4;2;4;8;3;8;1;1;3;8;6;13;0;2;11;9;5;22;4.042748994228934;1;5;1;5;4;8;1;6;10;0;7;-7.503266816249016;18;5;1;3;1;19;12;1;1;10;13;6;19;3;5;2;0;14;22;-9.94517458105765;0;10;13
TRACK:61;52;-1;2;6;4;4;4;4;6;0;3;1;11;20;4.703910439237495;3;0;16;9;5;3;2;3;4;5;1;4;4;25;0;5;24;1;13;22;-5.752326371119465;3;5;6;5;5;4;18
TRACK:62;54;-1;5;4;0;5;1;4;1;4;6;20;-7.8441740023726325;3;5;9;5;2;5;1;11;17;1;0;24;21;9.411367287317471;1;18;24;5;4;6;0;1;0;18;25;6;23;-5.529650991622654;5;3;23;8.900730459100814
TRACK:63;56;-1;6;6;1;5;1;0;0;2;0;1;24;10;3;21;0.530580690010438;0;4;21;3.3959722596146644;0;19;9;1;3;5;10;2;1;24;22;-4.732621458058199;1;15;10;0;5;2;4;22;-1.8202254101472857;0;7;7.459415881356251;12;1;2;0;9;19;4;25;1;1;15;18;4;25;5;6;0;6;0;13;14;4;2;14;15;2;6;4;3;2;0;6;19;2;17;12;4;1;23;-4.318622942570587;23;7.825122056930101;2;1;2;5;0;3;12;0;24;14;3;4;5;10;1;2;0;3;16;5;12;1;1;14;9;1;9;12;0;1;1;25;23;-6.282987294208783;4;23;-4.517688379963532;4;3;13;3;0;4;2;5;21;5.447187972113727;2;19;24;5;4;2;9;21;-2.982333765678632
TRACK:64;0;-1;5;4;0;6;4;5;4;5;3;1;25;22;-2.137103704054931;1;5;6;4;4;3;5;22;-9.551212209609814;6;2;2;3;3;2;15;17;5;6;5;8;1;1;3;5;17;6;4;13;5;2;5;14;5;13
TRACK:65;51;-1;6;6;6;2;1;4;2;0;4;2;20;-5.513975288199299;8;2;4;20;0.6627008246761197;1;14;25;2;3;6;25;6;5;15;6;0;5;6;3;10;4;5;1;16;14;5;1;5;1;2;4;12;3;20;2.400287262313705;4;3;9;5;2;5;3;13;1;2;19;11;2;18;18
TRACK:66;53;-1;5;6;0;5;4;6;1;1;0;16;11;5;2;18;22;-2.28098143819569;5;0;3;19;6;10;3;5;4;1;3;3;3;7;-5.7321237837715024;4;4;3;18
TRACK:67;55;-1;0;1;6;1;4;3;3;2;6;23;1.2011121462011882;5;15;2;5;0;1;4;16;3;14;2;4;25;3;16;0;2;4;4;12;2;0;19;10;1;8;21;3.1751440693141006;1;0;6;7;5.430375577469208;6;9;1;6;17;4;16;5;1;4;6;6;1;1;9;24;2;23;-2.3521561850085826;16;6;1;0;0;0;19;18;2;7;-0.20981960542820133;8;6;6;21;6.27389308350951;5;0;5;20;9.66605646154187;3;14;3;6;0;6;6;1;6;4;10;0;1;15;13;5;8;1;4;2;6;1;15;15;4;4;25;1;4;5;1;14;16;6;2;6;13;3;23;5.359691085504242
TRACK:68;57;-1;6;6;6;2;1;4;2;0;4;2;20;-5.4376120969187935;8;2;4;20;0.5267314725239615;1;14;25;2;3;6;10;6;4;9;6;0;5;6;3;10;4;5;1;16;14;5;1;5;1;2;4;12;3;20;2.664499731527159;4;3;22;-1.5467848831788031;5;2;5;3;13;1;2;19;11;2;18;18
TRACK:69;8;-1;0;5;4;2;3;2;6;6;5;4;9;1;4;3;3;21;-7.374599056105425;3;0;0;21;-7.640737725346643;10;4;11;4;1;2;6;2;2;16;19;6;24;3;6;6;11;1;1;3;5;24;4;5;15;5;3;1;7;-5.276066589034304;21;9.005318298651869;2;5;3;0;6;0;3;6;4;16;1;6;4;14;2;2;19;9;6;11;0;2;0;4;1;10;25;2;3;9;3;14;0;2;1;13;21;4.901914696305944;6;7;6.285924771986193;3;2;7;4.326346721771492;21;0.0628180208622367;5;6;3;0;16;22;4.167640147755855;4;5;0;1;5;3;2;6;10;0;9;7;-7.341306095600856;5;3;6;3;16;6;2;3;5;1;11;20;0.3899818886414494;5;3;0;12;9
EVAL_INSTANCE:3:0:60
EVAL_INSTANCE:3:1:61
EVAL_INSTANCE:3:2:62
EVAL_INSTANCE:3:3:63
EVAL_INSTANCE:3:4:64
EVAL_INSTANCE:3:5:65
EVAL_INSTANCE:3:6:66
EVAL_INSTANCE:3:7:67
EVAL_INSTANCE:3:8:68
EVAL_INSTANCE:3:9:69
RUN_RESULT:3:0:0:2000:----
RUN_RESULT:3:1:0:2000:----
RUN_RESULT:3:2:0:2000:----
RUN_RESULT:3:3:0:2000:----
RUN_RESULT:3:4:0:2000:----
RUN_RESULT:3:5:0:2000:----
RUN_RESULT:3:6:0:2000:----
RUN_RESULT:3:7:0:2000:----
RUN_RESULT:3:8:0:2000:----
RUN_RESULT:3:9:0:2000:----
     4 |       40 |  0.000000E+00 | -0.000000E+00
TRACK:70;5;4;1;6;2;3;1;5;5;3;2;2;17;22;-4.568486173578405;5;25;4;2;3;0;5;20;3.2534663606236407;5;14;1;6;1;17;8;5;1;17;11;6;6;4;1;5;4;4;7;0.16175022945437867;1;4;3;11;3;6;21;-6.02803913856844;6;0;1;2;4;1;2;5;6;17;4;3;23;5.11027651737929;1;1;0;11;17;3;18;3;0;17;10;3;6;6;4;3;23;-6.094962022061052;2;2;0;3;3;6;12;4;4;0;13;21;-7.8059761096892295;1;4;2;4;8;3;8;1;1;3;8;6;13;0;2;11;9;5;22;3.9603040710894977;1;5;1;5;4;8;1;6;10;20;-2.171588292672011;5;1;3;1;19;12;1;1;10;13;6;19;3;5;1;2;4;3;1;23;6.008186689645385;19;4;1;4;21;2.100591206264193;2;13;17;5;1;0;0;24;11;5;19;2;3;16;5;9
TRACK:71;5;4;3;5;5;1;1;0;5;6;4;2;24;22;8.378438308070798;4;6;0;5;24;1;19;13;5;4;1;6;2;20;-2.171588292672011;19;5;4;17;6;6;0;4;1;2;23;-3.3444411952232773;22;-3.697736016703333;0;18;25;0;4;4;15;5;3;23;2.5890361802267225
TRACK:72;3;8;5;6;0;5;4;6;1;1;5;5;16;5;2;18;22;-2.3150351516250893;5;0;3;19;6;10;3;5;4;1;3;3;3;21;-7.464720865791978;4;4;3;18
TRACK:73;3;8;0;5;4;2;3;2;6;6;5;4;9;1;4;3;3;21;-7.464720865791978;3;0;5;24;5;23;8.853648769640568;4;1;2;6;2;2;16;19;6;24;3;6;6;11;1;1;3;5;24;4;5;15;5;3;1;7;-5.2146562721662;21;8.998034930761346;2;5;3;0;6;0;3;6;4;16;1;6;4;14;2;2;19;9;6;11;0;2;0;4;1;10;25;2;3;9;3;14;0;2;1;13;21;4.908196409139361;6;7;6.303769962520718;3;2;7;4.2788381616732245;18;5;6;3;0;16;22;4.255687554163934;4;5;0;1;5;3;2;6;10;0;9;7;-7.35010520734626;5;3;6;3;16;6;2;3;5;1;11;20;0.45754510706007423;5;3;0;12;9
TRACK:74;6;9;6;6;4;4;1;6;5;0;5;2;25;14;2;4;9;0;23;-5.284896154502463;24;0;3;1;2;2;13;18;3;13;2;0;16;8;22;-1.4500025497646192;4;5;5;5;9
TRACK:75;6;9;6;6;6;2;1;4;0;16;8;6;0;5;6;3;10;4;5;1;16;14;5;1;5;1;2;4;12;3;20;2.626966614425637;4;3;22;-1.4500025497646192;5;2;5;3;13;1;2;19;11;2;18;18
TRACK:76;0;7;5;4;0;6;4;5;4;5;3;1;24;22;-2.2789326753367405;1;5;6;4;4;3;5;22;-9.633053118640953;6;2;2;3;3;2;15;17;5;3;4;25;1;1;3;5;17;6;4;13;5;2;5;14;5;13
TRACK:77;0;7;6;6;1;5;1;0;0;2;0;1;24;10;3;21;0.5180802268888449;0;4;21;3.364556439602179;0;19;9;1;3;5;10;2;1;24;22;-4.562838849728648;1;15;10;0;5;2;4;22;-1.962524054452894;0;7;7.284759351597952;12;1;2;0;9;19;4;25;1;1;15;18;4;25;5;6;0;6;0;13;14;4;2;14;15;2;6;4;3;2;0;6;19;2;17;12;4;1;23;-4.34107366180325;23;7.937041921718837;2;1;2;5;0;3;12;0;24;14;3;4;5;14;1;2;0;3;16;5;12;0;2;25;24;4;18;0;1;1;25;23;-6.153455215799822;4;23;-4.538127664356346;4;3;13;3;0;4;2;5;21;5.603694884827394;2;19;14;5;4;2;9;21;-2.958650359607655
TRACK:78;2;4;2;6;4;4;4;4;1;19;13;5;3;2;3;4;5;1;4;4;20;7.01822353915415;0;5;24;1;13;22;-5.651200671567507;3;5;6;5;5;4;18
TRACK:79;2;4;3;5;5;1;1;0;5;6;4;2;9;22;8.378438308070798;4;6;0;5;24;1;19;13;5;4;1;6;2;20;-2.171588292672011;19;5;4;17;6;6;0;4;1;2;23;-3.3444411952232773;22;-3.697736016703333;0;17;25;0;4;4;15;5;3;23;2.5890361802267225
TRACK:80;70;-1;1;6;2;3;1;5;5;3;2;2;17;22;-4.676374627442271;5;25;4;2;3;0;5;20;3.2651245295500955;5;14;1;6;1;17;8;5;1;17;11;6;6;4;1;5;4;4;7;0.08956399218895712;1;4;3;11;3;6;21;-6.110335540955844;6;0;1;2;4;1;2;5;6;17;4;3;23;5.0433388509289285;1;1;0;11;17;3;18;3;0;17;10;3;6;6;4;3;23;-6.158843964833277;2;2;0;3;3;6;12;4;4;0;13;21;-8.010358248035796;1;5;22;-7.904634405049917;1;1;3;8;6;13;0;2;11;9;5;22;3.87959543654211;1;5;1;5;4;8;1;6;10;20;-2.199755842423619;5;1;3;1;19;12;1;1;10;13;6;19;3;5;1;2;4;3;1;23;6.012695864371738;19;4;1;4;21;2.2179296009081955;2;13;17;5;1;0;0;24;11;5;19;2;3;16;5;9
TRACK:81;72;-1;5;6;0;5;4;6;1;1;5;5;16;5;2;18;22;-2.371482494027481;4;18;3;5;4;1;3;3;3;21;-7.509232163206544;4;4;3;18
TRACK:82;74;-1;6;6;4;4;1;6;5;0;5;2;25;14;2;4;9;0;23;-5.209028626052415;24;0;3;1;2;2;13;18;3;13;2;0;16;8;22;-1.3776161834363085;4;5;0;2;12;18;0;9;21;5.80055746468795
TRACK:83;76;-1;5;4;0;6;4;5;4;5;3;1;24;22;-2.077508120501154;1;5;6;4;4;3;5;22;-9.686301858119725;6;2;2;3;3;2;15;17;5;3;3;11;1;1;3;5;17;6;4;13;5;2;5;14;5;13
TRACK:84;78;-1;2;6;4;4;4;4;1;19;13;5;3;2;3;6;6;18;3;5;6;5;5;4;18
TRACK:85;71;-1;3;5;5;1;1;0;5;6;4;2;24;22;8.307090779919394;4;6;0;5;24;1;19;13;5;4;1;6;2;20;-2.30678152260128;19;5;4;17;6;6;0;4;1;2;23;-3.4082163069247398;22;-3.5989938009540188;0;23;-7.99959233330283;25;0;4;4;15;5;3;23;2.628098848062348
TRACK:86;73;-1;0;5;4;2;3;2;6;6;5;4;9;1;4;3;3;21;-7.618861789715973;3;0;5;24;5;23;8.798263185558246;4;1;2;6;2;2;16;19;6;21;-2.780939666133002;3;6;6;11;1;1;3;5;24;4;5;15;5;3;1;7;-5.121430202113253;21;8.961148119590948;2;5;3;0;6;0;3;6;4;16;1;6;4;14;2;2;19;9;6;11;0;2;0;4;1;10;25;2;3;9;3;14;0;2;1;13;21;4.822232482903443;6;7;6.30837117841975;3;2;7;4.247272161308162;18;5;6;3;0;16;22;4.449706756174312;4;5;0;1;5;3;2;6;10;0;9;7;-7.33090366107269;5;3;6;3;16;6;2;3;5;1;11;20;0.4138439433572319;5;3;0;12;9
TRACK:87;75;-1;6;6;6;2;1;4;0;16;8;6;0;5;6;3;10;4;5;1;16;14;5;1;5;1;2;4;12;3;20;2.603651842415272;4;3;22;-1.5061366417016395;5;2;5;3;13;1;2;9;11;2;18;18
TRACK:88;77;-1;6;6;1;5;1;0;0;2;0;1;24;10;3;21;0.37301007931374963;0;4;21;3.235942892991838;0;19;9;1;3;5;10;2;1;24;22;-4.6255181103543626;1;15;10;0;5;2;4;22;-1.9853538089844047;0;7;7.155907760018281;12;3;1;19;25;5;6;0;6;0;13;14;4;2;14;15;2;6;4;3;2;0;6;19;2;17;12;4;1;23;-4.078702211145506;23;7.850066982723473;2;1;2;5;0;3;12;0;24;14;3;4;5;14;1;2;0;3;16;5;12;0;2;25;24;4;18;0;1;1;25;23;-6.120490963013603;4;23;-4.49504340233237;4;3;13;3;0;4;2;5;21;5.814025761812653;2;19;14;5;4;2;9;21;-2.9911191261784253
TRACK:89;79;-1;3;5;5;1;1;0;5;6;4;2;9;22;8.31769335505294;4;6;0;5;24;1;19;13;5;4;1;6;2;20;-2.3147517589478452;19;5;4;17;0;1;4;15;2;9;8;3;3;11
EVAL_INSTANCE:4:0:80
EVAL_INSTANCE:4:1:81
EVAL_INSTANCE:4:2:82
EVAL_INSTANCE:4:3:83
EVAL_INSTANCE:4:4:84
EVAL_INSTANCE:4:5:85
EVAL_INSTANCE:4:6:86
EVAL_INSTANCE:4:7:87
EVAL_INSTANCE:4:8:88
EVAL_INSTANCE:4:9:89
RUN_RESULT:4:0:0:2000:----
RUN_RESULT:4:1:0:2000:----
RUN_RESULT:4:2:0:2000:----
RUN_RESULT:4:3:0:2000:----
RUN_RESULT:4:4:0:2000:----
RUN_RESULT:4:5:0:2000:----
RUN_RESULT:4:6:0:2000:----
RUN_RESULT:4:7:0:2000:----
RUN_RESULT:4:8:0:2000:----
RUN_RESULT:4:9:0:2000:----
     5 |       50 |  0.000000E+00 | -0.000000E+00
TRACK:90;2;8;2;6;4;4;4;4;6;0;3;1;11;20;4.7019511786850465;3;0;7;-2.1584571092920495;9;5;3;2;3;4;5;1;4;4;20;7.01822353915415;0;5;24;7;-7.35010520734626;3;5;6;5;5;4;18
TRACK:91;2;8;0;5;4;2;3;2;6;6;5;4;9;1;4;3;3;21;-7.464720865791978;3;0;5;24;5;23;8.853648769640568;4;1;2;6;2;2;16;19;6;24;3;6;6;11;1;1;3;5;24;4;5;15;5;3;1;7;-5.2146562721662;21;8.998034930761346;2;5;3;0;6;0;3;6;4;16;1;6;4;14;2;2;19;9;6;11;0;2;0;4;1;10;25;2;3;9;3;14;0;2;1;13;21;4.908196409139361;6;7;6.303769962520718;3;2;7;4.2788381616732245;21;-0.14758857552427074;5;6;3;5;24;4;5;0;1;5;3;2;6;10;0;9;7;-7.35010520734626;5;3;6;3;16;6;2;3;5;1;11;20;0.45754510706007423;5;3;0;12;9
TRACK:92;6;5;6;6;4;4;1;6;5;0;5;2;25;14;2;4;9;0;23;-5.284896154502463;24;0;3;1;2;2;13;18;3;13;2;0;16;8;3;22;3.9603040710894977;4;5;5;5;9
TRACK:93;6;5;1;6;2;3;1;5;5;3;2;2;17;22;-4.568486173578405;5;25;4;2;3;0;5;20;3.2534663606236407;5;14;1;6;1;17;8;5;1;17;11;6;6;4;1;5;4;4;7;0.16175022945437867;1;4;3;11;3;6;21;-6.02803913856844;6;0;1;2;4;1;2;5;6;17;4;3;23;5.11027651737929;1;1;0;11;17;3;18;13;3;6;6;4;3;23;-6.094962022061052;2;2;0;3;3;6;12;4;4;0;13;21;-7.8059761096892295;1;4;2;4;8;3;8;1;1;3;8;6;13;0;2;11;9;5;22;3.9603040710894977;1;5;1;5;4;8;1;6;10;0;7;-7.560117324409525;18;5;1;3;1;19;12;1;1;10;13;6;19;3;5;1;2;4;3;1;23;6.008186689645385;19;4;1;4;21;2.100591206264193;2;13;17;5;1;0;0;24;11;5;19;2;3;16;5;9
TRACK:94;9;6;6;6;6;2;1;4;2;0;4;2;20;-5.453445147151205;8;2;4;20;0.6438739022106752;1;14;25;2;3;6;10;6;5;15;6;0;5;2;25;14;4;5;1;16;14;5;1;5;1;2;4;12;3;20;2.626966614425637;4;3;22;-1.4500025497646192;5;2;5;3;13;1;2;19;11;2;18;18
TRACK:95;9;6;6;2;0;4;2;20;-5.453445147151205;8;2;4;20;0.6438739022106752;1;14;25;2;3;6;10;6;5;15
TRACK:96;2;4;2;6;4;4;4;4;6;0;3;1;11;20;4.7019511786850465;3;0;7;-2.1584571092920495;9;5;3;2;3;4;5;1;4;4;20;7.01822353915415;0;5;24;1;13;22;-5.651200671567507;3;5;6;5;5;4;20;-2.171588292672011
TRACK:97;2;4;3;5;5;1;1;11;5;4;1;6;2;20;-2.171588292672011;19;5;4;17;6;6;0;4;1;2;23;-3.3444411952232773;22;-3.697736016703333;0;17;25;0;4;4;15;5;3;23;2.5890361802267225
TRACK:98;0;8;5;4;0;6;4;9;1;5;6;4;4;3;5;22;-9.633053118640953;6;2;2;3;3;2;15;17;5;3;4;25;1;1;3;5;17;6;4;13;5;2;5;14;5;13
TRACK:99;0;8;0;5;4;2;3;2;6;6;5;4;9;1;4;3;3;21;-7.464720865791978;3;0;5;24;5;23;8.853648769640568;4;1;2;6;2;2;16;19;6;24;3;6;6;11;1;1;3;5;24;4;5;15;5;3;1;7;-5.2146562721662;21;8.998034930761346;2;5;3;0;6;0;3;6;4;16;1;6;4;14;14;0;2;0;4;1;10;25;2;3;9;3;14;0;2;1;13;21;4.908196409139361;6;7;6.303769962520718;3;2;7;4.2788381616732245;21;-0.14758857552427074;5;6;3;0;16;22;4.255687554163934;4;5;0;1;5;3;2;6;10;0;9;7;-7.35010520734626;5;3;6;3;16;6;2;3;5;1;11;20;0.45754510706007423;5;3;0;12;9
TRACK:100;90;-1;2;6;4;4;4;4;6;0;3;1;11;20;4.880988064106221;3;0;7;-1.9890533466778735;9;5;3;2;3;4;5;1;4;9;0;5;24;7;-7.207832475378382;3;5;6;5;5;4;18
TRACK:101;92;-1;6;6;4;4;1;6;5;0;5;2;25;14;2;4;9;0;23;-5.33800077684561;24;0;3;1;2;2;13;18;3;13;2;0;16;8;3;22;3.878718805875281;4;5;5;5;9
TRACK:102;94;-1;6;6;6;2;1;4;2;0;4;2;20;-5.403854483554928;8;2;4;20;0.6946562614523981;1;14;25;2;3;6;10;6;5;15;6;0;5;2;25;2;7;3.891272737374006;17;4;5;1;16;14;5;1;5;1;2;4;12;3;20;2.583183573041663;4;3;22;-1.41581198483264;5;2;5;3;13;1;2;19;11;2;18;18
TRACK:103;96;-1;2;6;4;4;4;4;6;0;3;1;11;20;4.802841814408831;3;0;7;-2.245609834986001;9;5;3;2;3;4;5;3;8;3;5;6;5;5;4;20;-2.411254195937866
TRACK:104;98;-1;5;4;0;6;4;9;1;5;6;4;4;3;3;10;6;2;2;3;3;2;15;17;5;3;4;25;1;1;3;5;17;6;4;13;5;2;5;14;5;13
TRACK:105;91;-1;0;5;4;2;3;2;6;6;5;4;9;1;4;3;3;21;-7.384953208171993;3;0;5;24;5;23;8.918519021415026;4;1;2;6;2;2;16;19;6;24;3;6;6;11;1;1;3;5;24;4;5;15;5;3;1;7;-5.292575076834525;21;8.886487911724139;2;5;3;0;6;0;3;6;4;16;1;6;4;14;2;2;19;9;6;20;-2.7230826009567055;0;2;0;4;1;10;25;2;3;9;3;14;0;2;1;13;21;4.7795586939660515;6;7;6.3317028952863925;3;2;7;4.140536211685125;21;-0.09874141151543925;5;6;3;5;24;4;5;0;1;5;3;2;6;10;0;9;7;-7.4517918881996765;5;3;6;3;16;6;2;3;5;1;11;20;0.5733697936490431;5;3;0;12;9
TRACK:106;93;-1;1;6;2;3;1;5;5;3;2;2;17;22;-4.535745220065986;5;25;4;2;3;0;5;20;3.0389597868382916;5;14;1;6;1;17;8;5;1;17;11;6;6;4;1;5;4;4;7;0.13166703398832957;1;4;3;11;3;6;21;-6.040180374650808;6;0;1;2;4;1;2;5;6;17;4;3;23;5.194201385837463;1;1;0;11;17;3;18;13;3;6;6;4;3;23;-6.128875085800219;2;2;0;3;3;6;12;4;4;0;13;21;-7.916851660647191;1;4;2;4;8;3;8;1;1;3;8;6;13;0;6;24;5;22;3.8542811560780024;1;5;1;5;4;8;1;6;10;0;7;-7.320175317809623;18;5;1;3;1;19;12;1;1;10;13;6;19;3;5;1;2;4;3;1;23;6.059304365832431;19;4;1;4;21;2.067512134151489;2;13;17;5;1;0;0;24;11;5;19;2;3;16;5;9
TRACK:107;95;-1;6;2;0;4;2;20;-5.307169866177254;8;6;3;17;2;3;6;10;6;5;15
TRACK:108;97;-1;3;5;5;1;1;11;5;4;1;6;2;20;-2.2566409754301957;19;5;4;17;6;6;0;4;1;2;23;-3.597955354097485;12;0;17;25;0;4;4;15;5;3;23;2.510827233486338
TRACK:109;99;-1;0;5;4;2;3;2;6;6;5;4;9;1;4;3;3;21;-7.5286280263525995;3;0;5;24;5;23;8.737140690420219;4;1;2;6;2;2;16;19;6;24;3;6;6;11;1;1;3;5;24;4;5;15;5;3;1;7;-5.24656014303229;21;9.219766192016394;2;5;3;0;6;0;3;6;4;16;1;6;4;14;14;0;2;0;4;1;10;25;2;3;9;3;14;0;2;1;13;21;4.896838277481987;6;7;6.322521719812365;3;2;7;4.391617181292394;21;-0.04648564062066311;5;6;3;0;16;22;4.324859921823955;4;5;0;1;5;3;2;6;10;0;9;7;-7.206043402047067;5;2;5;10;2;19;10;6;2;3;5;1;11;20;0.4687246828332787;5;3;0;12;9
EVAL_INSTANCE:5:0:100
EVAL_INSTANCE:5:1:101
EVAL_INSTANCE:5:2:102
EVAL_INSTANCE:5:3:103
EVAL_INSTANCE:5:4:104
EVAL_INSTANCE:5:5:105
EVAL_INSTANCE:5:6:106
EVAL_INSTANCE:5:7:107
EVAL_INSTANCE:5:8:108
EVAL_INSTANCE:5:9:109
RUN_RESULT:5:0:0:2000:----
RUN_RESULT:5:1:0:2000:----
RUN_RESULT:5:2:0:2000:----
RUN_RESULT:5:3:0:2000:----
RUN_RESULT:5:4:0:2000:----
RUN_RESULT:5:5:0:2000:----
RUN_RESULT:5:6:0:2000:----
RUN_RESULT:5:7:0:2000:----
RUN_RESULT:5:8:0:2000:----
RUN_RESULT:5:9:0:2000:----
     6 |       60 |  0.000000E+00 | -0.000000E+00
TRACK:110;6;2;6;6;4;4;1;6;5;0;5;2;25;14;2;4;9;0;23;-5.284896154502463;24;0;3;1;2;2;13;18;3;13;2;0;16;8;13;4;5;5;5;9
TRACK:111;6;2;2;6;4;4;4;4;6;0;3;1;11;20;4.7019511786850465;3;0;7;-2.1584571092920495;9;14
TRACK:112;5;4;1;6;2;3;1;5;5;3;2;2;17;22;-4.568486173578405;5;25;4;2;3;0;5;20;3.2534663606236407;5;14;1;6;1;17;8;5;1;17;11;6;6;4;1;5;4;4;7;0.16175022945437867;1;4;3;11;3;6;21;-6.02803913856844;6;0;1;2;4;1;2;5;6;17;4;3;23;5.11027651737929;1;1;0;11;17;3;18;3;0;17;10;3;6;6;4;3;23;-6.094962022061052;2;2;0;3;3;6;12;4;4;0;13;21;-7.8059761096892295;1;4;2;4;8;3;8;1;1;3;8;6;13;0;2;11;9;5;22;3.9603040710894977;1;5;1;5;4;8;1;6;10;0;7;-7.560117324409525;18;5;1;3;1;19;12;1;1;10;13;6;19;3;5;1;2;4;3;1;23;6.008186689645385;19;4;1;4;21;2.100591206264193;2;13;17;5;1;0;0;24;11;5;19;4;15
TRACK:113;5;4;3;5;5;1;1;0;5;6;4;2;24;22;8.378438308070798;4;6;0;5;24;1;19;13;5;4;1;6;2;20;-2.171588292672011;19;5;4;17;6;6;0;4;1;2;10;22;-3.697736016703333;0;17;25;0;4;4;15;5;3;23;2.5890361802267225
TRACK:114;3;2;5;6;0;5;4;6;1;1;5;5;16;5;2;18;22;-2.3150351516250893;5;0;18;6;10;3;5;4;1;3;3;3;7;-5.860736449684394;4;4;3;18
TRACK:115;3;2;2;6;4;4;0;3;19;6;10;5;3;2;3;4;5;1;4;4;20;7.01822353915415;0;5;24;1;13;22;-5.651200671567507;3;5;6;5;5;4;18
TRACK:116;7;1;6;6;1;5;1;0;0;2;0;1;24;10;3;21;0.5180802268888449;0;4;21;3.364556439602179;0;19;9;1;3;5;10;2;1;24;22;-4.562838849728648;1;15;10;0;5;2;4;22;-1.962524054452894;0;7;7.284759351597952;12;1;2;0;9;19;4;25;1;1;15;18;4;25;5;6;0;6;0;13;14;4;2;14;15;2;6;4;3;2;0;6;19;2;17;12;4;1;23;-4.34107366180325;23;7.937041921718837;2;1;2;5;0;3;12;0;24;14;3;4;5;14;1;2;0;3;23;0.8568595523069824;5;12;0;2;25;24;4;18;0;1;1;25;23;-6.153455215799822;4;23;-4.538127664356346;4;3;13;3;0;4;2;5;21;5.603694884827394;2;19;24;5;4;2;9;21;-2.958650359607655
TRACK:117;7;1;4;3;6;0;6;4;4;0;0;4;20;-5.809372285085031;0;9;23;0.8568595523069824;4;2;9;21;-2.958650359607655;6;1;6;0;2;2;7;2.9024529940447863;22;-2.382032378478012;5;11;6;3;8;4;3;4;4;13
TRACK:118;5;6;1;6;2;3;1;5;5;3;2;2;17;22;-4.568486173578405;5;25;4;2;3;0;5;20;3.2534663606236407;5;14;1;6;1;17;8;5;1;17;11;6;6;4;1;5;4;4;7;0.16175022945437867;1;4;3;11;3;6;21;-6.02803913856844;6;0;1;2;4;1;2;5;6;17;4;3;23;5.11027651737929;1;1;0;11;17;3;18;3;0;17;10;3;6;6;4;13;2;2;0;3;3;6;12;4;4;0;13;21;-7.8059761096892295;1;4;2;4;8;3;8;1;1;3;8;6;13;0;2;11;9;5;22;3.9603040710894977;1;5;1;5;4;8;1;6;10;0;7;-7.560117324409525;18;5;1;3;1;19;12;1;1;10;13;6;19;3;5;1;2;4;3;1;23;6.008186689645385;19;4;1;4;21;2.100591206264193;2;13;17;5;1;0;0;24;11;5;19;2;3;16;5;9
TRACK:119;5;6;6;6;4;4;1;6;5;0;5;2;25;14;2;4;9;0;23;-5.284896154502463;24;0;3;1;2;2;13;18;3;13;2;0;16;8;3;17;4;5;5;5;9
TRACK:120;110;-1;6;6;4;2;4;21;1.9742991971608586;1;13;21;5.308917836982776
TRACK:121;112;-1;1;6;2;3;1;5;5;3;2;2;17;22;-4.610490067460846;5;25;4;2;3;0;5;20;3.3655611495101994;5;14;1;6;1;17;8;5;1;17;11;6;6;4;1;5;4;4;7;0.15034122890355944;1;4;3;11;3;6;21;-6.035242878796663;6;0;1;2;4;1;2;5;6;17;4;3;23;5.143761499129592;1;1;0;11;17;3;18;3;0;17;10;3;6;6;4;3;23;-6.271943939896679;2;2;0;3;3;6;12;4;4;0;13;21;-7.7324431344860285;1;4;2;0;11;16;3;8;1;1;3;8;6;13;0;2;11;9;5;22;3.98916230323501;1;5;1;5;4;8;1;6;10;0;7;-7.6034767541026085;18;5;1;3;1;19;12;1;1;10;13;6;19;3;5;1;2;4;3;1;23;6.061218920996914;19;4;1;4;21;2.125822310582189;2;13;17;5;1;0;0;24;11;5;19;4;15
TRACK:122;114;-1;5;6;0;5;4;6;1;1;5;5;16;5;2;18;22;-2.4672477372820887;5;0;18;6;10;4;1;1;4;19;2;24;7;7.3907068638457325;5;1;21;9.474125617803303;23;-0.5484049497535963
TRACK:123;116;-1;6;6;1;5;1;0;0;2;0;1;24;10;3;21;0.47931328559085556;0;4;21;3.3374292507439556;0;19;9;1;3;5;10;2;1;24;22;-4.63120753194713;1;15;10;0;5;2;4;22;-1.9601082307924225;0;7;7.308396076200199;12;1;2;5;11;6;10;1;1;15;18;4;25;5;6;0;6;0;13;14;4;2;14;15;2;6;4;3;2;0;6;19;2;17;12;4;1;23;-4.341821021680708;23;7.889480622115478;2;1;2;5;0;3;12;0;24;14;3;4;5;14;1;2;0;3;23;0.9647917057835708;5;12;0;2;25;24;4;18;0;1;1;25;23;-6.19808837664732;4;23;-4.62673532308069;4;3;13;3;0;4;2;5;21;5.656319719357488;2;19;24;5;4;2;9;21;-2.9938176228968776
TRACK:124;118;-1;1;6;2;3;1;5;5;3;2;2;17;22;-4.644102746481542;5;25;4;2;3;0;5;20;3.364157748950952;5;14;1;6;1;17;8;5;1;17;11;6;6;4;1;5;4;4;7;0.10632885130633224;1;4;3;11;3;6;21;-6.031810711988586;1;3;1;1;6;1;1;14;8;5;20;-0.36030922688643763;4;3;0;21;0.8403669003181129;22;-9.825304141843958;4;5;3;3;11;0;0;1;4;5;6;11;5;3;1;13;23;-8.224832990239188;2;3;3;6;24;2;3;1;18;7;-1.0695086256350113;4;0;14;23;7.4432740175976235;2;1;0;0;0;17;15;6;20;2.163500930571587;4;6;23;7.622507864138605;3;4;5;22;2.3726409884270776;5;0;5;2;24;12;0;4;17;4;12
TRACK:125;111;-1;2;6;4;4;4;5;14;14
TRACK:126;113;-1;3;5;5;1;1;0;5;6;4;2;24;22;8.320050322403267;4;6;0;5;24;1;19;13;5;4;1;6;2;20;-2.311164889641589;19;5;4;17;6;6;0;4;1;2;10;22;-3.491545765309885;0;23;-3.0675531872609714;25;0;4;4;15;5;3;23;2.817973623602211
TRACK:127;115;-1;2;3;0;2;0;22;5.312127945898338;25;6;8;5;3;11;5;3;2;3;4;5;1;4;4;20;7.099155946005732;0;5;24;1;13;22;-5.6181025026183296;3;5;6;5;5;4;18
TRACK:128;117;-1;4;3;6;0;6;4;4;0;0;4;20;-5.855410527530856;0;9;23;0.7194575983873077;4;2;9;21;-3.0486954253989826;6;1;6;0;2;2;7;2.9416002757748414;22;-2.3578732113754985;5;11;6;3;8;4;4;21;7.934840419051071
TRACK:129;119;-1;6;6;4;4;1;6;5;0;5;2;25;14;2;4;9;0;23;-5.373970892937735;24;0;3;1;2;2;13;19;3;13;2;0;16;8;3;17;4;5;5;5;9
EVAL_INSTANCE:6:0:120
EVAL_INSTANCE:6:1:121
EVAL_INSTANCE:6:2:122
EVAL_INSTANCE:6:3:123
EVAL_INSTANCE:6:4:124
EVAL_INSTANCE:6:5:125
EVAL_INSTANCE:6:6:126
EVAL_INSTANCE:6:7:127
EVAL_INSTANCE:6:8:128
EVAL_INSTANCE:6:9:129
RUN_RESULT:6:0:0:2000:----
RUN_RESULT:6:1:0:2000:----
RUN_RESULT:6:2:0:2000:----
RUN_RESULT:6:3:0:2000:----
RUN_RESULT:6:4:0:2000:----
RUN_RESULT:6:5:0:2000:----
RUN_RESULT:6:6:0:2000:----
RUN_RESULT:6:7:0:2000:----
RUN_RESULT:6:8:0:2000:----
RUN_RESULT:6:9:0:2000:----
     7 |       70 |  0.000000E+00 | -0.000000E+00
TRACK:130;4;9;3;5;5;1;1;0;5;6;4;2;24;22;8.378438308070798;4;6;0;5;24;1;19;13;5;4;1;6;2;20;-2.171588292672011;19;5;13;6;6;0;4;1;2;23;-3.3444411952232773;22;-3.697736016703333;0;17;25;0;4;4;15;5;3;23;2.5890361802267225
TRACK:131;4;9;6;6;6;2;1;4;17;6;0;5;6;3;10;4;5;1;16;14;5;1;5;1;2;4;12;3;20;2.626966614425637;4;3;22;-1.4500025497646192;5;2;5;3;13;1;2;19;11;2;18;18
TRACK:132;0;6;5;4;0;6;4;5;4;2;25;14;1;5;6;4;4;3;5;22;-9.633053118640953;6;2;2;3;3;2;15;17;5;3;4;25;1;1;3;5;17;6;4;13;5;2;5;14;5;13
TRACK:133;0;6;6;6;4;4;1;6;5;0;5;2;25;14;2;4;9;0;23;-5.284896154502463;17;0;3;1;2;2;13;18;3;13;2;0;16;8;3;19;4;5;5;5;9
TRACK:134;5;2;1;6;2;3;1;5;5;4;18;4;2;3;0;5;20;3.2534663606236407;5;14;1;6;1;17;8;5;1;17;11;6;6;4;1;5;4;4;7;0.16175022945437867;1;4;3;11;3;6;21;-6.02803913856844;6;0;1;2;4;1;2;5;6;17;4;3;23;5.11027651737929;1;1;0;11;17;3;18;3;0;17;10;3;6;6;4;3;23;-6.094962022061052;2;2;0;3;3;6;12;4;4;0;13;21;-7.8059761096892295;1;4;2;4;8;3;8;1;1;3;8;6;13;0;2;11;9;5;22;3.9603040710894977;1;5;1;5;4;8;1;6;10;0;7;-7.560117324409525;18;5;1;3;1;19;12;1;1;10;13;6;19;3;5;1;2;4;3;1;23;6.008186689645385;19;4;1;4;21;2.100591206264193;2;13;17;5;1;0;0;24;11;5;19;2;3;16;5;9
TRACK:135;5;2;2;6;4;4;4;1;2;5;6;17;4;3;23;5.11027651737929;1;1;0;11;17;3;18;3;0;17;10;5;3;2;3;4;5;1;4;4;20;7.01822353915415;0;5;24;1;13;22;-5.651200671567507;3;5;6;5;5;4;18
TRACK:136;9;5;6;6;6;2;1;4;2;0;4;2;20;-5.453445147151205;8;2;4;20;0.6438739022106752;1;14;25;2;3;6;10;6;5;15;6;0;5;6;3;10;4;5;1;16;19;5;1;5;1;2;4;12;3;20;2.626966614425637;4;3;22;-1.4500025497646192;5;2;5;3;13;1;2;19;11;2;18;18
TRACK:137;9;5;1;6;2;3;1;5;5;3;2;2;17;22;-4.568486173578405;5;25;4;2;3;0;5;20;3.2534663606236407;5;14;1;6;1;17;8;5;1;17;11;6;6;4;1;5;4;4;7;0.16175022945437867;1;4;3;11;3;6;21;-6.02803913856844;6;0;1;2;4;1;2;5;6;17;4;3;23;5.11027651737929;1;1;0;11;17;3;18;3;0;17;10;3;6;6;4;3;23;-6.094962022061052;2;2;0;3;3;6;12;4;4;0;13;21;-7.8059761096892295;1;4;2;4;8;3;8;1;1;3;8;6;13;0;2;11;9;5;22;3.9603040710894977;1;5;1;5;4;8;1;6;14;0;7;-7.560117324409525;18;5;1;3;1;19;12;1;1;10;13;6;19;3;5;1;2;4;3;1;23;6.008186689645385;19;4;1;4;21;2.100591206264193;2;13;17;5;1;0;0;24;11;5;19;2;3;16;5;9
TRACK:138;1;0;4;3;6;0;6;4;4;5;3;1;25;22;-2.2789326753367405;6;1;6;0;2;2;7;2.9024529940447863;22;-2.382032378478012;5;11;6;3;8;4;3;4;4;13
TRACK:139;1;0;5;4;0;6;4;5;4;5;3;1;25;22;-2.2789326753367405;4;20;-5.809372285085031
TRACK:140;4;-1;3;5;5;1;1;1;13;14;5;4;1;6;2;20;-2.1647390349927886;19;5;4;17;6;6;0;4;1;2;23;-3.248127988425509;22;-3.609708770213089;0;17;25;0;4;4;15;5;3;23;2.6056721901219384
TRACK:141;132;-1;5;4;0;6;4;5;4;2;25;14;1;5;6;4;4;3;5;22;-9.60287182823145;6;2;2;3;3;2;15;17;5;3;4;25;1;1;3;5;17;6;4;13;5;2;5;20;-5.910293699481663;5;13
TRACK:142;134;-1;1;6;2;3;1;5;5;4;18;4;2;3;0;5;20;3.3607532930268573;5;14;1;6;1;17;8;5;1;17;11;6;6;4;1;5;4;4;7;-0.08350326029076052;1;4;3;11;3;6;21;-6.04108705751314;6;0;1;2;4;1;2;5;6;17;4;3;23;5.070140680272483;1;1;0;11;17;3;18;3;0;17;10;3;6;6;4;3;23;-6.035072198918755;2;2;0;3;3;6;12;4;4;0;13;21;-7.835535982646983;1;4;2;4;8;3;8;1;1;3;8;6;13;0;2;11;9;5;22;4.001753374367819;1;5;1;5;4;8;1;6;10;0;7;-7.493906284343661;18;5;1;3;1;19;12;1;1;10;13;6;19;3;5;1;2;4;0;16;14;4;1;4;21;2.1731450237061414;2;13;17;5;1;0;0;24;11;5;19;2;3;16;5;9
TRACK:143;136;-1;6;6;6;2;1;4;4;6;23;-7.872881012860297;6;0;5;6;3;10;4;5;1;16;19;5;1;5;1;2;4;12;3;20;2.571407644253787;4;3;22;-1.589855301517564;5;2;5;3;13;1;2;19;11;2;18;18
TRACK:144;138;-1;4;3;6;0;6;4;4;5;3;1;25;22;-2.3509535458434025;6;1;6;0;2;2;7;2.9146903113381457;22;-2.38786303988489;5;11;6;3;8;4;3;4;1;11;16
TRACK:145;9;-1;6;6;6;2;1;4;2;0;4;2;20;-5.6046019082244785;8;2;4;20;0.6752129385280359;1;14;25;2;3;6;10;6;5;15;6;0;5;6;3;10;4;5;1;16;14;5;1;5;1;2;4;12;3;20;2.556584846239786;4;3;22;-1.4561627307207732;5;2;5;3;13;1;2;25;11;2;18;18
TRACK:146;133;-1;6;6;4;4;1;6;5;0;5;2;25;14;2;4;9;0;23;-5.255132151587488;25;0;3;1;2;2;13;18;3;13;2;0;16;8;3;19;4;5;5;5;9
TRACK:147;135;-1;2;6;4;4;4;1;2;5;6;17;4;3;23;5.267578301669855;1;1;0;11;17;3;18;3;0;17;10;5;3;2;3;4;6;12;3;5;6;5;5;4;18
TRACK:148;137;-1;1;6;2;3;1;5;5;3;2;2;17;22;-4.7306420051550955;5;25;4;2;3;0;5;20;3.175243517040604;5;14;1;6;1;17;8;5;1;17;11;6;6;4;1;5;4;4;7;0.2094863664905036;1;4;3;11;3;6;21;-6.055211023845822;6;0;1;4;20;5.667811394656416;6;25;3;5;1;2;4;3;1;23;5.936033751401775;19;4;1;4;21;2.128973281386779;2;13;17;5;1;0;0;24;11;5;19;2;3;16;5;9
TRACK:149;139;-1;5;4;0;6;4;5;4;5;3;22;-6.23956690644831;4;20;-5.880499085574117
EVAL_INSTANCE:7:0:140
EVAL_INSTANCE:7:1:141
EVAL_INSTANCE:7:2:142
EVAL_INSTANCE:7:3:143
EVAL_INSTANCE:7:4:144
EVAL_INSTANCE:7:5:145
EVAL_INSTANCE:7:6:146
EVAL_INSTANCE:7:7:147
EVAL_INSTANCE:7:8:148
EVAL_INSTANCE:7:9:149
RUN_RESULT:7:0:0:2000:----
RUN_RESULT:7:1:0:2000:----
RUN_RESULT:7:2:0:2000:----
RUN_RESULT:7:3:0:2000:----
RUN_RESULT:7:4:0:2000:----
RUN_RESULT:7:5:0:2000:----
RUN_RESULT:7:6:0:2000:----
RUN_RESULT:7:7:0:2000:----
RUN_RESULT:7:8:0:2000:----
RUN_RESULT:7:9:0:2000:----
     8 |       80 |  0.000000E+00 | -0.000000E+00
TRACK:150;4;7;3;5;5;1;1;0;5;6;4;2;25;22;8.378438308070798;4;6;0;5;24;1;19;13;5;4;1;6;2;20;-2.171588292672011;19;5;4;17;6;6;0;4;1;2;23;-3.3444411952232773;22;-3.697736016703333;0;17;25;0;4;4;15;5;3;23;2.5890361802267225
TRACK:151;4;7;6;6;1;5;1;0;0;2;0;1;24;10;3;21;0.5180802268888449;0;4;21;3.364556439602179;0;19;9;1;3;5;10;2;1;24;22;-4.562838849728648;1;15;10;0;5;2;4;22;-1.962524054452894;0;7;7.284759351597952;12;1;2;23;-3.3444411952232773;22;-3.697736016703333;1;1;15;18;4;25;5;6;0;6;0;13;14;4;2;14;15;2;6;4;3;2;0;6;19;2;17;12;4;1;23;-4.34107366180325;23;7.937041921718837;2;1;2;5;0;3;12;0;24;14;3;4;5;14;1;2;0;3;16;5;12;0;2;25;24;4;18;0;1;1;25;23;-6.153455215799822;4;23;-4.538127664356346;4;3;13;3;0;4;2;5;21;5.603694884827394;2;19;24;5;4;2;9;21;-2.958650359607655
TRACK:152;1;0;4;3;6;0;6;4;4;0;4;25;5;5;10;6;1;6;0;2;2;7;2.9024529940447863;22;-2.382032378478012;5;11;6;3;8;4;3;4;4;13
TRACK:153;1;0;5;4;0;6;4;5;4;5;3;1;25;22;-2.2789326753367405;1;5;6;8;6;2;2;3;3;2;15;17;5;3;4;25;1;1;3;5;17;6;4;13;5;2;5;14;5;13
TRACK:154;3;0;5;6;0;5;4;6;1;1;5;5;16;5;2;18;22;-2.3150351516250893;5;0;3;19;6;10;3;5;4;1;3;3;3;7;-5.860736449684394;4;5;13
TRACK:155;3;0;5;4;0;6;4;5;4;5;3;1;25;22;-2.2789326753367405;1;5;6;4;4;3;5;22;-9.633053118640953;6;2;2;3;3;2;15;17;5;3;4;25;1;1;3;5;17;6;4;13;5;6;10
TRACK:156;7;2;6;6;1;5;1;0;0;2;0;1;24;10;3;21;0.5180802268888449;0;4;21;3.364556439602179;0;19;9;1;3;5;10;2;1;24;22;-4.562838849728648;1;15;10;0;5;2;4;22;-1.962524054452894;0;7;7.284759351597952;12;1;2;0;9;19;4;25;1;1;15;18;4;25;5;6;0;6;0;13;14;4;2;14;15;2;6;4;3;2;0;6;19;2;17;12;4;1;23;-4.34107366180325;23;7.937041921718837;2;1;2;5;0;3;12;0;24;14;3;4;5;14;1;2;0;3;16;5;12;0;2;25;20;4.7019511786850465;4;18;0;1;1;25;23;-6.153455215799822;4;23;-4.538127664356346;4;3;13;3;0;4;2;5;21;5.603694884827394;2;19;24;5;4;2;9;21;-2.958650359607655
TRACK:157;7;2;2;6;4;4;4;4;6;0;3;1;11;20;4.7019511786850465;3;0;7;-2.1584571092920495;9;5;3;2;3;4;5;1;4;4;20;7.01822353915415;0;5;24;1;21;3.364556439602179;22;-5.651200671567507;3;5;6;5;5;4;18
TRACK:158;6;5;6;6;19
TRACK:159;6;5;1;6;2;3;1;5;5;3;2;2;17;22;-4.568486173578405;5;25;4;2;3;0;5;20;3.2534663606236407;5;14;1;6;1;17;8;5;1;17;11;6;6;4;1;5;4;4;7;0.16175022945437867;1;4;3;11;3;6;21;-6.02803913856844;6;0;1;2;4;1;2;5;6;17;4;3;23;5.11027651737929;1;1;0;11;17;3;18;3;0;17;10;3;6;6;4;3;23;-6.094962022061052;2;2;0;3;3;6;12;4;4;0;13;21;-7.8059761096892295;1;4;2;4;8;3;8;1;1;3;8;6;13;0;2;11;9;5;22;3.9603040710894977;1;5;1;5;4;8;1;6;10;0;7;-7.560117324409525;18;5;1;3;1;19;12;1;1;10;13;6;19;3;5;1;2;4;3;1;23;6.008186689645385;25;4;1;4;21;2.100591206264193;2;13;17;5;1;0;0;24;11;5;19;2;3;16;5;9
TRACK:160;150;-1;3;4;1;3;14;0;18;10
TRACK:161;152;-1;4;3;6;0;6;4;0;2;20;3.244643548563534;13;1;25;19;6;1;6;0;2;2;7;2.9639275456699306;22;-2.4073605281708685;5;11;6;3;8;4;3;4;4;13
TRACK:162;3;-1;5;6;0;5;4;6;1;1;5;5;16;5;2;8;22;-2.239089479976765;5;0;3;19;6;10;3;5;4;1;3;3;3;7;-5.865754271733585;4;4;3;18
TRACK:163;156;-1;6;6;1;5;1;0;0;2;2;6;8;2;16;21;-4.360948134802005;0;4;21;3.3830275454034093;0;19;9;1;3;5;10;2;1;24;22;-4.459070854658703;1;15;10;0;5;2;4;22;-1.9585032121559955;0;7;7.38939467291774;12;1;2;0;9;19;4;25;1;1;15;18;4;25;5;6;0;6;0;13;14;4;2;14;15;2;6;4;3;2;0;6;19;2;17;12;4;1;23;-4.2435444546445495;23;8.038469163313378;2;1;2;5;0;3;12;0;24;14;3;4;5;14;1;2;0;3;16;5;12;0;2;25;20;4.793197949079625;4;18;0;1;1;25;23;-6.124085374143269;4;23;-4.549619887802078;4;3;13;3;0;4;2;5;21;5.704936519815685;2;19;24;5;4;2;9;21;-2.937218906925923
TRACK:164;158;-1;6;2;0;3;3;11;2;2;8;10;4;9;6;3;6;22;8.409491388654999
TRACK:165;151;-1;6;6;1;5;1;0;0;2;0;1;24;10;3;21;0.5179344333748035;0;4;21;3.437996376948597;0;19;9;1;3;5;10;2;1;24;22;-4.694675653107365;1;15;10;0;5;2;4;22;-2.0555364994400316;0;7;7.302464983560094;12;1;2;23;-3.282628683021294;22;-3.6599013548665864;1;1;15;18;4;25;5;6;0;6;0;13;14;4;2;14;15;2;6;4;3;2;0;6;19;2;17;12;4;1;23;-4.265527847438768;23;7.994790699442411;2;1;2;5;0;3;12;0;24;14;3;4;5;14;1;2;0;3;16;5;12;0;2;25;24;4;18;0;1;1;25;23;-6.207960539035421;4;23;-4.730668512960152;4;3;13;3;0;4;2;5;16;2;19;24;5;4;2;9;21;-2.9301540204309093
TRACK:166;153;-1;5;4;0;6;4;5;4;5;3;1;25;22;-2.3640237751653257;1;5;6;8;6;2;2;3;3;2;15;17;5;6;0;10;20;5.181557861946084;1;1;3;5;17;6;4;13;5;2;5;14;5;13
TRACK:167;0;-1;5;4;0;6;4;5;4;5;3;1;25;22;-2.2060185911956123;1;5;6;4;4;3;5;22;-9.82237945146524;6;2;2;3;3;2;15;17;5;3;4;25;0;10;11
TRACK:168;157;-1;2;6;4;4;4;4;6;0;3;1;11;20;4.563564761756595;3;0;11;9;5;3;2;3;4;5;1;4;4;20;7.107235437027923;0;5;24;1;21;3.538555955814435;22;-5.733181267734601;3;5;6;5;5;4;18
TRACK:169;159;-1;1;6;2;3;1;5;5;3;2;2;17;22;-4.58175542073663;5;25;4;2;3;0;5;20;3.2519250745169943;5;14;1;6;1;17;8;5;1;17;11;6;6;4;1;5;4;4;7;0.17559637048039023;1;4;3;11;3;6;21;-5.897308612470262;6;0;1;2;4;1;2;5;6;17;4;3;23;5.051710499602236;1;1;0;11;17;3;18;3;0;17;10;3;6;6;4;3;23;-6.002513733662107;2;2;0;3;3;6;12;4;4;0;13;21;-7.697827845562716;1;4;2;4;8;3;8;1;1;3;8;6;13;0;2;11;9;5;22;3.8927438890385573;1;5;1;5;4;8;1;6;10;0;7;-7.266734150398869;18;5;3;0;23;-5.064887100395799;14;3;5;1;2;4;3;1;23;5.991052347611954;25;4;1;4;21;2.0743239680028576;2;13;17;5;1;0;0;24;11;5;19;2;3;16;5;9
EVAL_INSTANCE:8:0:160
EVAL_INSTANCE:8:1:161
EVAL_INSTANCE:8:2:162
EVAL_INSTANCE:8:3:163
EVAL_INSTANCE:8:4:164
EVAL_INSTANCE:8:5:165
EVAL_INSTANCE:8:6:166
EVAL_INSTANCE:8:7:167
EVAL_INSTANCE:8:8:168
EVAL_INSTANCE:8:9:169
RUN_RESULT:8:0:0:2000:----
RUN_RESULT:8:1:0:2000:----
RUN_RESULT:8:2:0:2000:----
RUN_RESULT:8:3:0:2000:----
RUN_RESULT:8:4:0:2000:----
RUN_RESULT:8:5:0:2000:----
RUN_RESULT:8:6:0:2000:----
RUN_RESULT:8:7:0:2000:----
RUN_RESULT:8:8:0:2000:----
RUN_RESULT:8:9:0:2000:----
     9 |       90 |  0.000000E+00 | -0.000000E+00
TRACK:170;0;1;5;4;0;6;4;5;4;5;3;1;25;22;-2.2789326753367405;1;5;6;4;4;3;5;22;-9.633053118640953;6;2;2;3;3;2;15;17;5;3;4;25;1;1;3;5;17;6;4;13;5;10
TRACK:171;0;1;4;3;6;0;6;15;6;1;6;0;2;2;7;2.9024529940447863;22;-2.382032378478012;5;11;6;3;8;4;3;4;4;13
TRACK:172;7;3;6;6;1;5;1;0;0;2;0;1;24;10;3;21;0.5180802268888449;0;4;21;3.364556439602179;0;19;9;1;3;5;10;2;1;24;22;-4.562838849728648;1;15;10;0;5;2;4;22;-1.962524054452894;0;7;7.284759351597952;12;1;2;0;9;19;4;25;1;1;15;18;4;25;5;6;0;6;0;13;14;4;2;14;15;2;6;4;3;2;0;6;19;2;17;12;4;1;23;-4.34107366180325;23;7.937041921718837;2;1;2;5;0;3;12;0;24;14;3;4;5;14;1;2;0;3;16;5;12;0;2;25;24;4;18;0;1;1;25;23;-6.153455215799822;4;23;-4.538127664356346;4;3;13;3;0;4;2;5;21;5.603694884827394;2;19;24;5;4;2;22;-2.3150351516250893;21;-2.958650359607655
TRACK:173;7;3;5;6;0;5;4;6;1;1;5;5;16;5;2;18;22;-2.3150351516250893;5;0;3;19;6;10;3;5;4;1;3;12;4;4;3;18
TRACK:174;4;9;3;5;5;1;1;0;5;6;4;2;24;22;8.378438308070798;4;6;0;5;24;1;19;13;5;4;1;6;2;20;-2.171588292672011;19;5;4;17;6;6;0;4;1;2;23;-3.3444411952232773;22;-3.697736016703333;0;17;25;0;4;4;15;5;11
TRACK:175;4;9;6;6;6;2;1;4;0;17;25;6;0;5;6;3;10;4;5;1;16;14;5;1;5;1;2;4;12;3;20;2.626966614425637;4;3;22;-1.4500025497646192;5;2;5;3;13;1;2;19;11;2;18;18
TRACK:176;5;6;1;6;2;3;1;5;5;3;2;2;17;22;-4.568486173578405;5;25;4;2;3;0;5;20;3.2534663606236407;5;14;1;6;1;17;8;5;1;17;11;6;6;4;1;5;4;8;1;4;3;11;3;6;21;-6.02803913856844;6;0;1;2;4;1;2;5;6;17;4;3;23;5.11027651737929;1;1;0;11;17;3;18;3;0;17;10;3;6;6;4;3;23;-6.094962022061052;2;2;0;3;3;6;12;4;4;0;13;21;-7.8059761096892295;1;4;2;4;8;3;8;1;1;3;8;6;13;0;2;11;9;5;22;3.9603040710894977;1;5;1;5;4;8;1;6;10;0;7;-7.560117324409525;18;5;1;3;1;19;12;1;1;10;13;6;19;3;5;1;2;4;3;1;23;6.008186689645385;19;4;1;4;21;2.100591206264193;2;13;17;5;1;0;0;24;11;5;19;2;3;16;5;9
TRACK:177;5;6;6;6;4;4;1;6;5;0;5;2;25;14;2;4;9;0;23;-5.284896154502463;24;0;3;1;2;2;13;17;3;13;2;0;16;8;3;19;4;5;5;5;9
TRACK:178;7;2;6;6;1;5;1;0;0;2;0;1;24;10;3;21;0.5180802268888449;0;4;21;3.364556439602179;0;19;9;1;3;5;10;2;1;24;22;-4.562838849728648;1;15;10;0;5;2;7;-2.1584571092920495;0;7;7.284759351597952;12;1;2;0;9;19;4;25;1;1;15;18;4;25;5;6;0;6;0;13;14;4;2;14;15;2;6;4;3;2;0;6;19;2;17;12;4;1;23;-4.34107366180325;23;7.937041921718837;2;1;2;5;0;3;12;0;24;14;3;4;5;14;1;2;0;3;16;5;12;0;2;25;24;4;18;0;1;1;25;23;-6.153455215799822;4;23;-4.538127664356346;4;3;13;3;0;4;2;5;21;5.603694884827394;2;19;24;5;4;2;9;21;-2.958650359607655
TRACK:179;7;2;2;6;4;4;4;4;6;0;3;1;11;20;4.7019511786850465;3;0;7;-2.1584571092920495;9;4;21;3.364556439602179
TRACK:180;0;-1;5;4;0;6;4;5;4;5;3;1;25;22;-2.2707902039328127;1;5;6;4;4;1;14;23;-5.45118118279518;6;2;2;3;3;2;15;17;5;3;4;25;1;1;3;5;17;6;4;13;5;2;5;14;5;13
TRACK:181;172;-1;6;6;1;5;1;0;0;2;0;1;24;10;3;21;0.5232384134673235;0;4;21;3.2207433735826965;0;19;9;1;3;5;10;2;1;24;22;-4.533637641994714;1;15;10;0;5;2;4;22;-2.013958442176864;0;7;7.28834752853275;12;1;2;0;9;19;4;25;1;1;15;18;4;25;5;6;0;6;0;24;14;4;2;14;15;2;6;4;3;2;0;6;19;2;17;12;4;1;23;-4.346984192903158;23;8.03701501190203;2;1;2;5;0;3;12;0;24;14;3;4;5;14;1;2;0;3;16;5;12;0;2;25;24;4;18;0;1;1;25;23;-6.1376697427709175;4;23;-4.430541241674995;4;3;13;3;0;4;2;5;21;5.701034247546205;2;19;24;5;4;2;22;-2.0662500821778873;21;-2.803018627358483
TRACK:182;174;-1;3;5;5;1;1;0;5;6;4;2;24;22;8.2636254281305;4;6;0;5;24;1;19;13;5;4;1;6;2;20;-2.1897514287141604;19;5;4;17;3;2;3;25;3;7;5.067282143308983
TRACK:183;176;-1;1;6;2;3;1;5;5;3;2;2;17;22;-4.534339847588704;5;25;4;2;3;0;5;20;3.4420696600450067;5;14;1;6;1;17;8;5;1;17;11;6;6;4;1;5;4;8;1;4;3;11;3;6;21;-5.990101587301895;6;0;1;2;4;1;2;5;6;17;4;3;23;5.169682258310292;1;0;4;10;4;14;3;0;17;10;3;6;6;4;3;23;-6.038514101768769;2;2;0;3;3;6;12;4;4;0;13;21;-7.742991804344896;1;4;2;4;8;3;8;1;1;3;8;6;13;0;2;11;9;5;22;3.914608439080431;1;5;1;5;4;8;1;6;10;0;7;-7.4634944050413745;18;5;1;3;1;19;12;1;1;10;13;6;19;3;5;1;2;4;3;1;23;6.091765624836183;19;4;1;4;21;2.1030846811349706;2;13;17;5;1;0;0;24;11;5;19;2;3;16;5;9
TRACK:184;7;-1;6;6;1;5;1;0;0;2;0;1;24;10;3;21;0.5265543743599764;0;4;21;3.444837557119364;0;19;9;1;3;5;10;2;1;24;22;-4.569218695080023;1;15;10;0;5;2;4;22;-1.9413578605372381;0;7;7.279752092321233;12;1;2;0;9;19;4;25;1;1;15;18;4;25;5;6;0;6;0;13;14;4;2;14;15;2;6;4;3;2;0;6;19;2;17;12;4;1;23;-4.398409712410664;23;7.83829910453509;2;1;2;5;0;3;12;0;24;14;3;4;5;14;1;2;0;3;16;5;12;0;2;25;24;4;18;0;6;6;18;4;3;13;3;0;4;2;5;21;5.696592638092387;2;19;24;5;4;2;9;21;-2.941701972810721
TRACK:185;1;-1;4;3;6;0;6;4;4;0;0;4;20;-5.766281621090623;0;9;23;1.060639946017799;5;5;10;6;1;6;0;2;2;7;3.11092914948424;22;-2.383709334493468;5;11;6;6;21;-0.37744154275767094;4;3;4;4;13
TRACK:186;173;-1;5;6;0;5;4;6;1;1;5;5;16;5;2;18;22;-2.4585219506884686;5;0;3;19;6;10;3;5;4;1;3;12;4;6;12
TRACK:187;175;-1;6;6;6;2;1;4;0;17;25;6;0;5;6;3;10;4;5;1;16;14;5;1;5;1;2;4;12;3;20;2.6469220411514507;4;3;22;-1.572962600764845;5;6;25
TRACK:188;177;-1;6;6;4;4;1;6;5;0;5;2;25;14;2;4;9;0;23;-5.281017964335537;24;0;3;1;2;6;18;3;13;2;0;16;8;3;19;4;5;5;5;9
TRACK:189;2;-1;2;6;4;4;4;4;6;0;3;1;11;20;4.806342576357642;3;0;7;-2.2769367032380163;9;5;3;2;0;1;5;20;5.491939302384235;5;16;1;1;17;19;2;10;10;3;5;6;5;5;4;18
EVAL_INSTANCE:9:0:180
EVAL_INSTANCE:9:1:181
EVAL_INSTANCE:9:2:182
EVAL_INSTANCE:9:3:183
EVAL_INSTANCE:9:4:184
EVAL_INSTANCE:9:5:185
EVAL_INSTANCE:9:6:186
EVAL_INSTANCE:9:7:187
EVAL_INSTANCE:9:8:188
EVAL_INSTANCE:9:9:189
RUN_RESULT:9:0:0:2000:----
RUN_RESULT:9:1:0:2000:----
RUN_RESULT:9:2:0:2000:----
RUN_RESULT:9:3:0:2000:----
RUN_RESULT:9:4:0:2000:----
RUN_RESULT:9:5:0:2000:----
RUN_RESULT:9:6:0:2000:----
RUN_RESULT:9:7:0:2000:----
RUN_RESULT:9:8:0:2000:----
RUN_RESULT:9:9:0:2000:----
    10 |      100 |  0.000000E+00 | -0.000000E+00
TRACK:190;7;6;6;6;1;5;1;0;0;2;0;1;24;10;3;21;0.5180802268888449;0;4;21;3.364556439602179;0;19;9;1;3;5;10;2;1;24;22;-4.562838849728648;1;15;10;0;5;2;4;22;-1.962524054452894;0;7;7.284759351597952;12;1;2;0;9;19;4;25;1;1;15;18;0;16;8;5;6;0;6;0;13;14;4;2;14;15;2;6;4;3;2;0;6;19;2;17;12;4;1;23;-4.34107366180325;23;7.937041921718837;2;1;2;5;0;3;12;0;24;14;3;4;5;14;1;2;0;3;16;5;12;0;2;25;24;4;18;0;1;1;25;23;-6.153455215799822;4;23;-4.538127664356346;4;3;13;3;0;4;2;5;21;5.603694884827394;2;19;24;5;4;2;9;21;-2.958650359607655
TRACK:191;7;6;6;24
TRACK:192;2;1;2;6;4;4;4;4;6;0;3;1;11;20;4.7019511786850465;3;0;7;-2.1584571092920495;9;5;13
TRACK:193;2;1;4;3;6;0;6;4;4;0;0;4;20;-5.809372285085031;0;9;23;0.8568595523069824;5;5;10;6;1;1;13;22;-5.651200671567507;4;3;4;4;13
TRACK:194;5;9;1;6;2;3;1;5;5;3;2;2;17;22;-4.568486173578405;5;25;4;2;3;0;5;20;3.2534663606236407;5;14;1;6;1;17;8;5;1;17;11;6;6;4;1;5;4;4;7;0.16175022945437867;1;4;3;11;3;6;21;-6.02803913856844;6;0;1;2;4;1;2;5;6;17;4;3;23;5.11027651737929;1;1;0;11;17;3;18;10;3;6;6;4;3;23;-6.094962022061052;2;2;0;3;3;6;12;4;4;0;13;21;-7.8059761096892295;1;4;2;4;8;3;8;1;1;3;8;6;13;0;2;11;9;5;22;3.9603040710894977;1;5;1;5;4;8;1;6;10;0;7;-7.560117324409525;18;5;1;3;1;19;12;1;1;10;13;6;19;3;5;1;2;4;3;1;23;6.008186689645385;19;4;1;4;21;2.100591206264193;2;13;17;5;1;0;0;24;11;5;19;2;3;16;5;9
TRACK:195;5;9;6;6;6;2;1;4;2;0;4;2;20;-5.453445147151205;8;2;4;20;0.6438739022106752;3;8;2;3;6;10;6;5;15;6;0;5;6;3;10;4;5;1;16;14;5;1;5;1;2;4;12;3;20;2.626966614425637;4;3;22;-1.4500025497646192;5;2;5;3;13;1;2;19;11;2;18;18
TRACK:196;4;2;3;5;5;1;1;0;5;6;4;18;4;6;0;5;24;1;19;13;5;4;1;6;2;20;-2.171588292672011;19;5;4;17;6;6;0;4;1;2;23;-3.3444411952232773;22;-3.697736016703333;0;17;25;0;4;4;15;5;3;23;2.5890361802267225
TRACK:197;4;2;2;6;4;4;4;4;6;0;3;1;11;20;4.7019511786850465;3;0;7;-2.1584571092920495;9;5;3;2;3;4;5;1;4;4;20;7.01822353915415;2;20;-2.171588292672011;19;3;5;6;5;5;4;18
TRACK:198;3;1;5;6;4;0;0;4;20;-5.809372285085031;0;9;23;0.8568595523069824;5;5;10
TRACK:199;3;1;4;3;6;0;6;4;4;0;0;4;20;-5.809372285085031;0;9;23;0.8568595523069824;5;5;10;6;1;6;0;2;2;7;2.9024529940447863;22;-2.382032378478012;5;11;6;3;8;4;3;4;10
TRACK:200;190;-1;6;6;1;5;1;0;0;2;0;1;24;10;3;21;0.5569296054555335;0;4;21;3.2511858242591996;0;19;9;1;3;5;10;2;1;24;22;-4.598355821056616;1;15;10;0;5;2;4;22;-1.908469771655418;0;7;7.389617501752721;12;1;2;0;9;19;4;25;1;1;15;18;0;16;8;5;6;0;6;0;13;14;4;2;14;15;2;6;4;3;2;0;6;19;2;17;12;4;1;23;-4.367011141415557;23;8.068744371807242;2;1;2;5;0;3;12;0;24;14;3;4;5;14;1;2;0;3;16;5;12;0;2;25;24;4;18;0;1;1;25;23;-6.057953848361357;4;23;-4.764429267936528;4;3;18;3;0;4;2;5;21;5.652850089103897;2;19;24;5;4;2;9;21;-2.9574246419730725
TRACK:201;192;-1;2;6;4;4;4;4;6;0;3;1;11;20;4.630395011203972;3;0;7;-2.3381915610260577;9;5;5;1;6;1;8;24;5;0;8;8
TRACK:202;194;-1;1;6;2;3;1;5;5;3;2;2;17;22;-4.679229238279077;5;25;4;2;3;0;5;20;3.329030067645894;5;14;1;6;1;17;8;5;1;17;11;6;6;4;1;5;4;4;7;0.3100508692989697;1;4;3;11;3;6;21;-6.02655338374966;6;0;1;2;4;1;2;5;6;17;4;3;23;5.092443942790602;1;1;0;11;17;3;18;10;3;6;6;4;3;23;-5.903138799306324;2;2;0;3;3;6;12;4;4;0;13;21;-7.762170058511311;1;4;2;4;8;3;8;1;1;3;8;6;13;0;2;11;9;5;22;3.9665672069529894;1;5;1;5;4;8;1;6;10;0;7;-7.729768012569598;18;5;1;3;1;19;12;1;1;10;13;6;19;3;5;1;2;4;3;1;23;6.008828501971988;19;4;1;4;21;2.0329026152287493;2;13;17;5;1;0;0;24;11;5;19;2;3;15;5;9
TRACK:203;196;-1;3;0;8;16
TRACK:204;198;-1;5;6;4;0;0;4;20;-5.767858085803769;0;5;3;3;25;23;0.6602715814127185;5;5;10
TRACK:205;191;-1;0;2;2;5;3;4;1;0;0;8;18;5;24;1;4;9;0;11;18;1;3;3;1;0;4;15;1;15;20;3.1750622334825334;3;0;8;9;0;6;5;2;6;14;2;14;18;1;5;4;4;20;-9.179555499007755;0;2;3;23;1.257903065821889;0;22;-7.905219140376138;9;6;0;9;13;3;6;1;6;2;4;3;10;1;6;8;5;23;3.1489116790797116;0;6;2;3;8;3;25;4;0;1;11;9;4;13;0;0;4;3;1;0;4;4;7;-0.4079905368205239;4;1;24;13;2;6;3;24;6;1;9;19;1;5;3;5;4;1;20;-8.305363218006361;21;-7.929827908708478;3;4;6;2;3;22;6.264317749801684;1;19;24;3;1;5;2;5;1;1;12;21;3.2642895154485867;3;9;4;5;0;20;-6.346046121358815;9;3;0;6;2;4;10;3;9;6;1;6;22;1.3434159893318114;5;24
TRACK:206;193;-1;4;3;6;0;6;4;4;0;0;4;20;-5.759515157556414;0;9;23;0.8468779616354232;5;5;10;6;6;13
TRACK:207;195;-1;6;6;6;2;1;4;6;3;6;6;21;-4.982325403085488;6;0;5;6;3;10;4;5;1;16;14;5;1;5;1;2;4;12;3;20;2.612000460523232;4;3;22;-1.5560385996547197;5;2;5;3;13;1;2;19;11;2;18;18
TRACK:208;197;-1;2;6;4;4;4;4;6;0;3;1;11;20;4.720405870196169;3;0;7;-2.093755485072016;9;5;3;2;3;4;5;1;4;4;20;6.918891961437555;2;20;-2.127337484764174;19;3;5;1;0;15;13;2;22;-3.892117012939968;23;7.34954654656384
TRACK:209;199;-1;4;3;6;6;3;3;1;1;14;13;1;16;21;7.388565833268032
EVAL_INSTANCE:10:0:200
EVAL_INSTANCE:10:1:201
EVAL_INSTANCE:10:2:202
EVAL_INSTANCE:10:3:203
EVAL_INSTANCE:10:4:204
EVAL_INSTANCE:10:5:205
EVAL_INSTANCE:10:6:206
EVAL_INSTANCE:10:7:207
EVAL_INSTANCE:10:8:208
EVAL_INSTANCE:10:9:209
RUN_RESULT:10:0:0:2000:----
RUN_RESULT:10:1:0:2000:----
RUN_RESULT:10:2:0:2000:----
RUN_RESULT:10:3:0:2000:----
RUN_RESULT:10:4:0:2000:----
RUN_RESULT:10:5:0:2000:----
RUN_RESULT:10:6:0:2000:----
RUN_RESULT:10:7:0:2000:----
RUN_RESULT:10:8:0:2000:----
RUN_RESULT:10:9:0:2000:----
    11 |      110 |  0.000000E+00 | -0.000000E+00
TRACK:210;4;6;3;5;5;1;1;0;5;6;4;2;24;22;8.378438308070798;4;6;0;5;24;1;19;13;5;4;1;6;2;20;-2.171588292672011;19;5;4;17;6;6;0;4;1;2;23;-3.3444411952232773;14;0;17;25;0;4;4;15;5;3;23;2.5890361802267225
TRACK:211;4;6;6;6;4;4;1;6;5;0;5;2;23;2.5890361802267225;14;2;4;9;0;23;-5.284896154502463;24;0;3;1;2;2;13;18;3;13;2;0;16;8;3;19;4;5;5;5;9
TRACK:212;8;5;0;5;4;2;3;2;6;6;5;4;9;1;4;3;3;21;-7.464720865791978;3;0;5;24;5;23;8.853648769640568;4;1;2;6;2;2;16;19;6;24;3;6;6;11;1;1;3;5;24;4;5;15;5;3;1;7;-5.2146562721662;21;8.998034930761346;2;5;3;0;6;0;3;6;4;16;1;6;4;14;2;2;19;9;6;11;0;2;0;4;1;10;25;2;3;9;3;14;0;2;1;13;21;4.908196409139361;6;7;6.303769962520718;3;2;7;4.2788381616732245;21;-0.14758857552427074;5;6;3;0;16;22;4.255687554163934;4;5;0;1;5;3;6;1;17;8;5;3;6;3;16;6;2;3;5;1;11;20;0.45754510706007423;5;3;0;12;9
TRACK:213;8;5;1;6;2;3;1;5;5;3;2;2;17;22;-4.568486173578405;5;25;4;2;3;0;5;20;3.2534663606236407;5;14;1;6;1;17;8;5;1;17;11;6;6;4;1;5;4;4;7;0.16175022945437867;1;4;3;11;3;6;21;-6.02803913856844;6;0;5;24;3;5;1;2;4;3;1;23;6.008186689645385;19;4;1;4;21;2.100591206264193;2;13;17;5;1;0;0;24;11;5;19;2;3;16;5;9
TRACK:214;7;1;6;6;1;5;1;0;0;2;0;1;22;-2.382032378478012;10;3;21;0.5180802268888449;0;4;21;3.364556439602179;0;19;9;1;3;5;10;2;1;24;22;-4.562838849728648;1;15;10;0;5;2;4;22;-1.962524054452894;0;7;7.284759351597952;12;1;2;0;9;19;4;25;1;1;15;18;4;25;5;6;0;6;0;13;14;4;2;14;15;2;6;4;3;2;0;6;19;2;17;12;4;1;23;-4.34107366180325;23;7.937041921718837;2;1;2;5;0;3;12;0;24;14;3;4;5;14;1;2;0;3;16;5;12;0;2;25;24;4;18;0;1;1;25;23;-6.153455215799822;4;23;-4.538127664356346;4;3;13;3;0;4;2;5;21;5.603694884827394;2;19;24;5;4;2;9;21;-2.958650359607655
TRACK:215;7;1;4;3;6;0;6;4;4;0;0;4;15;0;9;23;0.8568595523069824;5;5;10;6;1;6;0;2;2;7;2.9024529940447863;22;-2.382032378478012;5;11;6;3;8;4;3;4;4;13
TRACK:216;2;6;2;6;4;4;4;13;5;3;2;3;4;5;1;4;4;20;7.01822353915415;0;5;24;1;13;22;-5.651200671567507;3;5;6;5;5;4;18
TRACK:217;2;6;6;6;4;4;20;7.01822353915415
TRACK:218;5;0;1;6;2;3;1;5;5;3;2;2;17;22;-4.568486173578405;5;25;4;2;3;0;5;20;3.2534663606236407;5;14;1;6;1;17;8;5;1;17;11;6;6;4;1;5;4;4;7;0.16175022945437867;1;4;3;11;3;6;21;-6.02803913856844;6;0;1;2;4;1;2;5;6;17;4;3;23;5.11027651737929;1;1;0;11;17;3;18;3;0;17;10;3;5;22;-9.633053118640953;2;2;0;3;3;6;12;4;4;0;13;21;-7.8059761096892295;1;4;2;4;8;3;8;1;1;3;8;6;13;0;2;11;9;5;22;3.9603040710894977;1;5;1;5;4;8;1;6;10;0;7;-7.560117324409525;18;5;1;3;1;19;12;1;1;10;13;6;19;3;5;1;2;4;3;1;23;6.008186689645385;19;4;1;4;21;2.100591206264193;2;13;17;5;1;0;0;24;11;5;19;2;3;16;5;9
TRACK:219;5;0;5;4;0;6;4;5;4;5;3;0;24;11;1;5;6;4;4;3;5;22;-9.633053118640953;6;2;2;3;3;2;15;17;5;3;4;25;1;1;3;5;17;6;4;13;5;2;5;14;5;13
TRACK:220;210;-1;3;5;5;1;1;0;5;6;4;2;24;22;8.371380334117612;4;6;0;5;24;4;21;-3.3629114369827606;5;4;1;6;2;20;-2.2129017066866026;19;5;4;17;6;6;0;4;1;2;23;-3.2684140457457342;14;0;17;25;0;4;4;15;5;3;23;2.6966522681588336
TRACK:221;212;-1;0;5;4;2;3;2;6;6;5;4;9;1;4;3;3;21;-7.587274789624283;3;0;5;24;5;23;8.957454429374508;4;1;2;6;2;2;16;19;5;23;-2.4360770552709;3;6;6;11;1;1;3;5;24;4;5;15;5;3;1;7;-5.166469403607342;21;9.08230811714931;2;5;3;0;6;0;3;6;4;16;1;6;4;14;2;2;19;9;6;11;0;2;0;4;1;10;25;2;3;9;3;14;0;2;1;13;21;5.0873002744930025;6;7;6.56436847466751;3;2;7;4.298958894507962;21;-0.15634746051678058;5;6;3;0;16;22;4.427228963945236;4;5;0;1;5;3;6;1;17;8;5;3;6;3;16;6;2;3;5;1;11;20;0.5354344114552392;5;3;0;12;9
TRACK:222;214;-1;6;6;1;5;1;0;0;2;0;1;22;-2.4132520995391977;10;3;21;0.5076437851479659;0;4;21;3.252530218728783;0;19;9;1;3;5;10;2;1;24;22;-4.645230499096768;1;15;10;0;5;2;4;22;-2.1612329911400323;0;7;7.30903946831543;12;1;2;0;9;19;4;25;1;1;15;18;4;25;5;6;0;6;0;13;14;4;2;14;15;2;6;4;3;2;0;6;19;2;17;12;4;1;23;-4.50100413511027;23;7.974797662448413;2;1;2;5;0;3;12;0;24;14;3;4;5;14;1;2;0;3;16;5;12;0;2;25;24;4;18;0;1;1;25;23;-6.219088978723024;4;23;-4.549982777950008;4;3;13;3;0;6;2;4;17;0;25;23;-7.4420208209939265;5;4;2;9;21;-2.8114556404848914
TRACK:223;2;-1;2;6;4;4;4;4;6;0;3;1;11;20;4.784462291053329;3;0;7;-2.170323562609375;9;5;3;2;3;4;5;1;4;4;8;0;5;24;1;13;22;-5.606765583344694;3;5;6;5;5;4;18
TRACK:224;218;-1;1;6;2;3;1;5;5;3;2;2;17;22;-4.784811059223932;5;25;4;2;3;0;5;20;3.1684557293059745;5;14;1;6;1;17;8;5;1;17;11;6;6;4;1;5;4;4;7;0.20937323856512036;1;4;3;11;3;6;21;-5.890132887197602;6;0;1;2;4;1;2;5;6;17;4;3;23;5.021389050897179;1;1;0;11;17;3;18;3;0;17;10;3;5;22;-9.680685685071417;2;2;0;3;3;6;12;4;4;0;13;21;-7.84245237449652;1;4;2;4;8;3;8;1;1;3;8;6;13;0;2;11;9;5;22;3.9032891717194578;1;5;1;5;4;8;1;1;15;12;0;7;-7.4610817999853145;18;5;1;3;1;19;12;1;1;10;13;6;19;3;5;1;2;4;3;1;23;6.057235281679912;19;4;1;4;21;1.9034211456707877;2;13;17;5;1;0;0;24;11;5;19;2;3;16;5;9
TRACK:225;211;-1;6;6;4;4;1;6;5;0;5;2;23;2.5597642392141697;14;2;4;9;0;23;-5.218969066111066;24;0;3;1;2;2;13;18;3;13;2;0;16;8;3;19;4;4;13
TRACK:226;213;-1;1;6;2;3;1;5;5;3;2;2;17;22;-4.454591302062493;5;25;4;2;3;0;5;20;3.128222440182217;5;14;1;6;1;17;8;5;1;17;11;6;6;4;1;5;4;4;7;0.1103094936973256;1;4;3;11;3;6;21;-6.2038561512692265;6;0;5;24;3;5;1;2;4;3;1;23;6.103059378049888;19;4;1;4;21;1.9882303686258562;2;13;17;3;3;4;15
TRACK:227;215;-1;4;3;6;0;6;4;4;0;0;4;15;0;9;23;0.7780842578806607;5;5;10;6;1;6;0;2;5;14;5;11;6;3;8;4;3;4;4;13
TRACK:228;6;-1;6;6;4;4;1;6;5;0;5;2;25;14;2;3;11;0;23;-5.336823436960393;24;0;3;1;2;2;13;18;3;13;2;0;16;8;3;19;4;5;5;5;9
TRACK:229;219;-1;5;4;0;6;4;5;4;5;3;0;24;11;1;5;6;4;4;3;5;22;-9.563470833184864;6;2;2;3;3;2;15;10;5;3;4;25;1;1;3;5;17;6;4;13;5;2;5;14;5;13
EVAL_INSTANCE:11:0:220
EVAL_INSTANCE:11:1:221
EVAL_INSTANCE:11:2:222
EVAL_INSTANCE:11:3:223
EVAL_INSTANCE:11:4:224
EVAL_INSTANCE:11:5:225
EVAL_INSTANCE:11:6:226
EVAL_INSTANCE:11:7:227
EVAL_INSTANCE:11:8:228
EVAL_INSTANCE:11:9:229
RUN_RESULT:11:0:0:2000:----
RUN_RESULT:11:1:0:2000:----
RUN_RESULT:11:2:0:2000:----
RUN_RESULT:11:3:0:2000:----
RUN_RESULT:11:4:0:2000:----
RUN_RESULT:11:5:0:2000:----
RUN_RESULT:11:6:0:2000:----
RUN_RESULT:11:7:0:2000:----
RUN_RESULT:11:8:0:2000:----
RUN_RESULT:11:9:0:2000:----
    12 |      120 |  0.000000E+00 | -0.000000E+00
TRACK:230;9;1;6;6;6;2;1;4;2;0;4;2;20;-5.453445147151205;8;2;4;20;0.6438739022106752;1;14;25;2;3;6;10;6;5;15;6;0;5;6;3;10;4;5;1;16;14;5;1;5;1;2;4;12;3;20;2.626966614425637;4;3;22;-1.4500025497646192;5;2;23;0.8568595523069824;1;2;19;11;2;18;18
TRACK:231;9;1;4;3;6;0;6;4;4;0;0;4;20;-5.809372285085031;0;10;23;0.8568595523069824;5;5;10;6;1;6;0;2;2;7;2.9024529940447863;22;-2.382032378478012;5;11;6;3;8;4;3;4;4;13
TRACK:232;0;7;5;4;0;6;4;5;4;5;24;1;5;6;4;4;3;5;22;-9.633053118640953;6;2;2;3;3;2;15;17;5;3;4;25;1;1;3;5;17;6;4;13;5;2;5;14;5;13
TRACK:233;0;7;6;6;1;5;1;0;0;2;0;1;24;10;3;21;0.5180802268888449;0;4;21;3.364556439602179;0;19;9;1;3;5;10;2;1;24;22;-4.562838849728648;1;15;10;0;5;2;4;22;-1.962524054452894;0;7;7.284759351597952;12;1;2;0;9;19;4;25;1;1;15;18;4;25;5;6;0;6;0;13;14;4;2;14;15;2;6;4;3;2;0;6;19;2;17;12;4;1;23;-4.34107366180325;23;7.937041921718837;2;1;2;5;0;3;12;0;24;14;3;4;5;14;1;2;0;3;16;5;12;0;2;25;24;4;18;4;3;5;22;-9.633053118640953;3;0;4;2;5;21;5.603694884827394;2;19;24;5;4;2;9;21;-2.958650359607655
TRACK:234;4;1;3;5;5;1;1;0;5;6;4;2;24;22;8.378438308070798;20;-5.809372285085031;5;4;1;6;2;20;-2.171588292672011;19;5;4;17;6;6;0;4;1;2;23;-3.3444411952232773;22;-3.697736016703333;0;17;25;0;4;4;15;5;3;23;2.5890361802267225
TRACK:235;4;1;4;3;6;0;6;4;4;0;3;23;2.5890361802267225;5;5;10;6;1;6;0;2;2;7;2.9024529940447863;22;-2.382032378478012;5;11;6;3;8;4;3;4;4;13
TRACK:236;0;5;5;4;0;6;4;5;4;5;3;1;25;22;-2.2789326753367405;3;3;6;12
TRACK:237;0;5;1;6;2;3;1;5;5;3;2;2;17;22;-4.568486173578405;5;25;4;2;3;0;5;20;3.2534663606236407;5;14;1;6;1;17;8;5;1;17;11;6;6;4;1;5;4;4;7;0.16175022945437867;1;4;3;11;3;6;21;-6.02803913856844;6;0;1;2;4;1;2;5;6;17;4;3;23;5.11027651737929;1;1;0;11;17;3;18;3;0;17;10;3;6;6;4;3;23;-6.094962022061052;2;2;0;3;3;6;12;4;4;0;13;21;-7.8059761096892295;1;4;2;4;8;3;8;1;1;3;8;6;13;0;2;11;9;5;22;3.9603040710894977;1;5;1;5;4;8;1;6;13;0;7;-7.560117324409525;18;5;1;3;1;19;12;1;1;10;13;6;19;3;5;1;2;4;3;1;23;6.008186689645385;19;4;1;4;21;2.100591206264193;2;13;17;5;1;0;0;24;11;5;19;2;3;16;5;9
TRACK:238;9;2;6;6;6;2;1;4;2;0;4;2;20;-5.453445147151205;8;2;4;20;0.6438739022106752;1;14;25;2;3;6;10;6;5;15;6;0;5;6;3;11;4;5;1;16;14;5;1;5;1;2;4;12;3;20;2.626966614425637;4;3;22;-1.4500025497646192;5;2;5;3;13;1;2;19;11;2;18;18
TRACK:239;9;2;2;6;4;4;4;4;6;0;3;1;11;20;4.7019511786850465;3;0;7;-2.1584571092920495;9;5;18
TRACK:240;9;-1;6;6;6;2;1;4;2;0;4;2;20;-5.433484149144582;8;2;4;20;0.5420915831274571;6;16;2;3;6;10;6;5;15;6;0;5;6;3;10;4;5;1;16;14;5;1;5;1;2;4;12;3;20;2.5941569077068225;4;3;22;-1.3360317310406504;5;2;5;3;13;1;2;19;11;2;18;18
TRACK:241;232;-1;5;4;0;6;4;5;4;5;24;1;5;6;4;4;3;5;22;-9.618763468251997;6;2;2;0;2;0;14;7;6.942645172381731;5;17;2;6;12;2;12;25;5;3;4;25;1;1;3;5;17;6;4;13;5;2;5;14;5;13
TRACK:242;234;-1;3;5;5;1;1;0;5;6;6;2;16;22;-3.813189736847546;20;-5.786510885448226;5;4;1;6;2;20;-2.3553186129562986;19;5;4;17;6;6;0;4;1;2;23;-3.3827261702128686;22;-3.799096858280688;0;17;25;0;4;4;15;5;3;23;2.640166542572489
TRACK:243;236;-1;5;4;0;6;4;5;4;5;3;1;12;22;-2.3079408342283028;3;3;6;12
TRACK:244;238;-1;6;6;6;2;1;4;2;0;4;2;20;-5.421360296081984;8;2;4;20;0.4438811404263114;1;14;25;2;3;6;10;6;5;15;6;0;5;6;3;11;4;5;1;16;14;5;1;5;1;2;2;23;0.9493654963676548;16;3;20;2.5933229046102073;4;3;22;-1.4552687110181908;5;2;5;3;13;1;2;19;11;2;18;18
TRACK:245;1;-1;4;3;6;0;6;4;4;0;0;4;20;-5.772519178342283;0;9;23;0.9753701642386694;5;5;10;6;1;6;0;2;2;7;2.731099144305402;22;-2.4699556870896426;5;11;6;4;22;2.5304974146325243;4;3;4;4;13
TRACK:246;233;-1;6;6;1;5;1;0;0;2;0;1;24;10;3;21;0.5100514722238016;0;4;21;3.0209541620425053;0;19;9;1;3;5;10;2;1;24;22;-4.526565648951178;1;15;10;0;5;2;4;22;-2.007335141872982;0;7;7.268030164915981;12;1;2;0;9;19;4;25;1;1;15;18;4;25;5;6;0;0;23;-0.36932887492665856;11;4;2;14;15;2;6;4;3;2;0;6;19;2;17;12;4;1;23;-4.474103056119106;23;8.007795403438164;2;1;2;5;0;3;12;0;24;14;3;4;5;14;1;2;0;3;16;5;12;0;2;25;24;4;18;4;3;5;22;-9.567742123742486;3;0;4;2;5;21;5.6122516405239375;2;19;24;5;4;2;9;21;-3.0427800276152426
TRACK:247;235;-1;4;3;6;0;6;4;4;0;3;23;2.5879467121632747;5;5;10;6;1;6;0;2;2;7;3.00370040308432;22;-2.3872927483232496;5;11;6;3;12;4;3;4;4;13
TRACK:248;237;-1;1;6;2;3;1;5;5;3;2;2;17;22;-4.574441711197868;5;25;4;2;3;0;5;20;3.084826108683114;5;14;1;6;1;17;8;5;1;17;11;6;6;4;1;5;4;4;7;0.061226574494580854;1;4;3;11;3;6;21;-5.870598947376868;6;0;1;2;4;1;2;5;6;17;4;3;23;5.11069557475685;1;1;0;11;17;3;18;3;0;17;10;3;6;4;6;15;2;2;0;3;3;6;12;4;4;0;13;21;-7.992118426259359;1;4;2;4;8;3;8;1;1;3;8;6;13;0;2;11;9;5;22;3.9642479377390054;1;5;1;5;4;8;1;6;13;0;7;-7.463473017043427;18;5;1;3;1;19;12;1;1;10;13;6;19;3;5;1;2;4;3;1;23;5.958953923131218;19;4;1;4;21;2.184718822737676;2;13;17;5;1;0;0;24;11;5;19;2;3;16;5;9
TRACK:249;239;-1;2;6;4;4;4;4;6;0;3;1;16;20;4.831491652869297;3;0;7;-2.386042864042173;9;5;18
EVAL_INSTANCE:12:0:240
EVAL_INSTANCE:12:1:241
EVAL_INSTANCE:12:2:242
EVAL_INSTANCE:12:3:243
EVAL_INSTANCE:12:4:244
EVAL_INSTANCE:12:5:245
EVAL_INSTANCE:12:6:246
EVAL_INSTANCE:12:7:247
EVAL_INSTANCE:12:8:248
EVAL_INSTANCE:12:9:249
RUN_RESULT:12:0:0:2000:----
RUN_RESULT:12:1:0:2000:----
RUN_RESULT:12:2:0:2000:----
RUN_RESULT:12:3:0:2000:----
RUN_RESULT:12:4:0:2000:----
RUN_RESULT:12:5:0:2000:----
RUN_RESULT:12:6:0:2000:----
RUN_RESULT:12:7:0:2000:----
RUN_RESULT:12:8:0:2000:----
RUN_RESULT:12:9:0:2000:----
    13 |      130 |  0.000000E+00 | -0.000000E+00
TRACK:250;4;1;3;5;5;1;1;0;5;6;4;2;24;22;8.378438308070798;4;6;9;5;4;1;6;2;20;-2.171588292672011;19;5;4;17;6;6;0;4;1;2;23;-3.3444411952232773;22;-3.697736016703333;0;17;25;0;4;4;15;5;3;23;2.5890361802267225
TRACK:251;4;1;4;3;6;0;6;4;4;0;0;4;20;-5.809372285085031;0;9;23;0.8568595523069824;5;5;10;6;1;6;0;23;-3.3444411952232773;6;3;8;4;3;4;4;13
TRACK:252;0;6;5;4;0;6;4;5;4;5;3;1;25;22;-2.2789326753367405;1;5;6;4;4;3;5;22;-9.633053118640953;6;2;2;2;2;13;18;3;13;5;3;4;25;1;1;3;5;17;6;4;13;5;2;5;14;5;13
TRACK:253;0;6;6;6;4;4;1;6;5;0;5;2;25;14;2;4;15;0;23;-5.284896154502463;24;0;3;1;2;2;13;18;3;13;2;0;16;8;3;19;4;5;5;5;9
TRACK:254;7;8;6;6;1;5;1;0;0;2;0;1;24;10;3;21;0.5180802268888449;0;4;21;3.364556439602179;0;19;9;1;3;5;10;2;1;24;22;-4.562838849728648;1;15;10;0;5;2;4;22;-1.962524054452894;0;7;7.284759351597952;12;1;2;0;9;19;4;25;1;1;15;18;4;25;5;6;0;6;0;13;14;4;2;14;15;2;6;4;3;2;0;6;19;2;17;12;4;1;23;-4.34107366180325;23;7.937041921718837;2;1;2;5;0;3;12;0;24;14;3;4;5;14;1;2;0;3;16;5;12;0;2;25;24;4;18;0;19;4;3;13;3;0;4;2;5;21;5.603694884827394;2;19;24;5;4;2;9;21;-2.958650359607655
TRACK:255;7;8;0;5;4;2;3;2;6;6;5;4;9;1;4;3;13;3;0;5;24;5;23;8.853648769640568;4;1;2;6;2;2;16;19;6;24;3;6;6;11;1;1;3;5;24;4;5;15;5;3;1;7;-5.2146562721662;21;8.998034930761346;2;5;3;0;6;0;3;6;4;16;1;6;4;14;2;2;19;9;6;11;0;2;0;4;1;10;25;2;3;9;3;14;0;2;1;13;21;4.908196409139361;6;7;6.303769962520718;3;2;7;4.2788381616732245;21;-0.14758857552427074;5;6;3;0;16;22;4.255687554163934;4;5;0;1;5;3;2;6;10;0;9;7;-7.35010520734626;5;3;6;3;16;6;2;3;5;1;11;20;0.45754510706007423;5;3;0;12;9
TRACK:256;3;9;5;6;0;5;4;6;1;1;5;5;16;5;2;18;22;-2.3150351516250893;5;0;3;19;6;10;3;5;4;1;3;3;3;7;-5.860736449684394;4;4;3;18
TRACK:257;3;9;6;6;6;2;1;4;2;0;4;2;20;-5.453445147151205;8;2;4;20;0.6438739022106752;1;14;25;2;3;6;10;6;5;15;6;0;5;6;3;10;4;5;1;16;14;5;1;5;1;2;4;16;3;20;2.626966614425637;4;3;22;-1.4500025497646192;5;2;5;3;13;1;2;19;11;2;18;18
TRACK:258;5;2;1;6;2;3;1;5;5;3;2;2;17;22;-4.568486173578405;5;25;4;2;3;0;5;20;3.2534663606236407;5;14;1;6;1;17;8;5;1;17;11;6;6;4;1;5;4;4;7;0.16175022945437867;1;4;3;11;3;6;21;-6.02803913856844;6;0;1;2;4;1;2;5;6;17;4;3;23;5.11027651737929;1;1;0;11;17;3;18;3;0;17;10;3;6;6;4;3;23;-6.094962022061052;2;2;0;3;3;6;12;4;4;0;13;21;-7.8059761096892295;1;4;2;4;8;3;8;1;1;3;8;6;13;0;2;11;9;5;22;3.9603040710894977;1;5;1;5;4;8;1;6;10;0;7;-7.560117324409525;18;5;1;3;1;19;12;1;1;10;13;6;19;3;5;1;2;4;3;1;23;6.008186689645385;19;5;4;18;5;1;0;0;24;11;5;19;2;3;16;5;9
TRACK:259;5;2;2;6;4;4;4;4;6;0;3;1;11;20;4.7019511786850465;3;1;17;11;5;3;2;3;4;5;1;4;4;20;7.01822353915415;0;5;24;1;13;22;-5.651200671567507;3;5;6;5;5;4;18
TRACK:260;250;-1;3;5;5;1;1;0;5;6;4;2;24;22;8.335313572220203;4;6;1;24;22;-9.313558369050686;5;4;1;6;2;20;-2.266676252901132;19;5;4;17;6;6;0;4;1;2;23;-3.2475201913955383;22;-3.6904266779649406;0;17;25;0;4;4;15;5;3;23;2.568307451618697
TRACK:261;252;-1;4;6;2;5;0;22;-0.35874484574866194;10;6;3;11
TRACK:262;7;-1;6;6;1;5;1;0;0;2;0;1;24;10;3;21;0.6122331618233082;0;4;21;3.3280333818178947;0;19;9;1;3;5;10;2;1;24;22;-4.639983382448113;1;15;10;0;5;2;4;22;-2.03899570503782;0;7;7.047213973864273;12;1;2;0;9;19;4;25;1;1;15;18;4;25;5;6;0;6;0;13;14;4;2;14;15;2;6;4;3;2;0;6;19;2;17;12;4;1;23;-4.363702334684863;23;8.035737154604046;1;6;23;9.820030242919504;0;22;2.2352222423576418;23;-5.836959651946572
TRACK:263;256;-1;5;6;0;5;4;6;0;5;4;10;3;2;14;15;3;5;4;1;3;3;3;7;-5.8013846495005765;4;4;3;18
TRACK:264;5;-1;1;6;2;3;1;5;5;3;2;2;17;22;-4.570053351006869;5;25;4;2;3;0;5;20;3.2576012145650317;5;14;1;6;1;17;8;5;1;17;11;6;6;4;1;5;4;4;7;0.14628944518392176;1;4;3;11;3;4;22;9.258091601075225;6;0;1;2;4;1;2;5;6;17;4;3;23;5.052926646153069;1;1;0;11;17;3;18;3;0;17;10;3;6;6;4;3;23;-6.273791273804806;2;2;0;3;3;6;12;4;4;0;13;21;-7.810644574353478;1;4;2;4;8;3;8;1;1;3;8;6;13;0;2;11;9;5;22;4.046035506259245;1;5;1;5;4;8;1;6;10;0;7;-7.3908300165528305;18;5;1;3;1;19;12;1;1;10;13;6;19;3;5;1;2;4;3;1;23;6.030281109092815;19;4;1;4;21;1.9894603881705153;2;13;17;5;1;0;0;24;11;5;19;2;3;16;5;9
TRACK:265;251;-1;4;3;6;0;6;4;4;0;0;4;20;-5.77905881439276;0;9;23;0.838636356447627;5;5;10;2;12;24
TRACK:266;253;-1;6;6;4;4;1;6;5;0;5;2;25;14;2;4;15;0;23;-5.299049739155565;24;0;3;1;2;0;22;0.6592040031383171;18;3;13;2;0;16;8;3;19;4;5;5;5;9
TRACK:267;8;-1;0;5;4;2;3;2;6;6;5;4;9;1;4;3;3;21;-7.42331780423705;3;0;5;24;5;23;8.972472770349734;4;1;2;6;2;2;16;19;6;24;3;6;6;11;1;1;3;5;24;4;5;15;5;3;1;7;-5.277042643076089;21;9.009978667811787;2;5;3;0;6;0;3;6;4;16;1;6;4;14;2;2;19;9;6;11;0;2;0;4;1;10;25;2;3;9;3;14;0;2;1;13;21;5.018011117195014;6;7;6.297555324263034;2;11;18;5;6;3;0;16;22;4.300276793977732;4;5;0;1;5;3;2;6;10;0;9;7;-7.533721626988984;5;3;6;3;16;6;2;3;5;1;11;20;0.5409168335156294;5;3;0;12;9
TRACK:268;257;-1;6;6;6;2;1;4;2;0;4;2;20;-5.649321360402733;8;2;4;20;0.5667527190280197;1;8;25;2;3;6;10;6;5;15;6;0;5;6;3;10;4;5;1;16;14;5;1;5;1;2;4;16;3;20;2.637927234280262;4;3;22;-1.3500101932592867;5;2;5;3;13;1;2;19;11;2;18;18
TRACK:269;2;-1;2;6;4;4;4;4;6;0;3;1;11;20;4.712068766434362;3;0;7;-2.187604486068511;9;5;3;2;3;5;2;4;2;0;21;0.6102000610301044;18;1;7;-6.28433906371932;25;3;2;0;17;24;0;17;18;3;5;6;5;5;4;18
EVAL_INSTANCE:13:0:260
EVAL_INSTANCE:13:1:261
EVAL_INSTANCE:13:2:262
EVAL_INSTANCE:13:3:263
EVAL_INSTANCE:13:4:264
EVAL_INSTANCE:13:5:265
EVAL_INSTANCE:13:6:266
EVAL_INSTANCE:13:7:267
EVAL_INSTANCE:13:8:268
EVAL_INSTANCE:13:9:269
RUN_RESULT:13:0:0:2000:----
RUN_RESULT:13:1:0:2000:----
RUN_RESULT:13:2:0:2000:----
RUN_RESULT:13:3:0:2000:----
RUN_RESULT:13:4:0:2000:----
RUN_RESULT:13:5:0:2000:----
RUN_RESULT:13:6:0:2000:----
RUN_RESULT:13:7:0:2000:----
RUN_RESULT:13:8:0:2000:----
RUN_RESULT:13:9:0:2000:----
    14 |      140 |  0.000000E+00 | -0.000000E+00
TRACK:270;5;0;1;6;2;3;1;5;5;3;2;2;17;22;-4.568486173578405;5;25;4;2;3;0;5;20;3.2534663606236407;5;14;1;6;1;17;8;5;1;17;11;6;6;4;1;5;4;4;7;0.16175022945437867;1;4;3;11;3;6;21;-6.02803913856844;6;0;1;2;4;1;2;5;6;17;4;3;23;5.11027651737929;1;1;0;11;17;3;18;3;0;17;10;3;6;6;4;3;23;-6.094962022061052;2;2;0;3;3;6;12;4;4;0;13;21;-7.8059761096892295;1;4;2;4;8;3;8;1;1;3;8;6;13;0;2;11;9;5;22;3.9603040710894977;1;5;1;5;4;8;1;6;10;0;7;-7.560117324409525;18;5;1;3;1;19;12;1;1;10;13;6;19;3;5;1;2;4;3;1;23;6.008186689645385;19;4;1;4;21;2.100591206264193;2;13;17;5;1;0;0;24;11;25;2;3;16;5;9
TRACK:271;5;0;5;4;0;6;4;5;4;5;3;1;25;22;-2.2789326753367405;1;5;6;4;4;3;5;22;-9.633053118640953;6;2;2;3;3;2;15;17;5;3;4;25;1;1;3;5;17;6;19;5;2;5;14;5;13
TRACK:272;7;4;6;6;1;5;1;0;0;2;0;1;24;10;3;21;0.5180802268888449;0;4;21;3.364556439602179;0;19;9;1;3;5;10;2;1;24;22;-4.562838849728648;1;15;10;0;5;2;4;22;-1.962524054452894;0;7;7.284759351597952;12;1;2;0;9;19;4;25;1;1;15;18;4;23;2.5890361802267225;5;6;0;6;0;13;14;4;2;14;15;2;6;4;3;2;0;6;19;2;17;12;4;1;23;-4.34107366180325;23;7.937041921718837;2;1;2;5;0;3;12;0;24;14;3;4;5;14;1;2;0;3;16;5;12;0;2;25;24;4;18;0;1;1;25;23;-6.153455215799822;4;23;-4.538127664356346;4;3;13;3;0;4;2;5;21;5.603694884827394;2;19;24;5;4;2;9;21;-2.958650359607655
TRACK:273;7;4;3;5;5;1;1;0;5;6;4;2;24;22;8.378438308070798;4;6;0;5;24;1;19;13;5;4;1;6;2;20;-2.171588292672011;19;5;4;17;6;6;0;4;1;2;23;-3.3444411952232773;22;-3.697736016703333;0;17;25;0;4;4;15;5;3;24
TRACK:274;3;7;5;6;0;5;4;21;3.364556439602179;3;5;4;1;3;3;3;7;-5.860736449684394;4;4;3;18
TRACK:275;3;7;6;6;1;5;1;0;0;2;0;1;24;10;3;21;0.5180802268888449;0;4;21;3.364556439602179;0;19;9;1;3;5;10;2;1;24;22;-4.562838849728648;1;15;10;0;5;2;4;22;-1.962524054452894;0;7;7.284759351597952;12;1;2;0;9;19;4;25;1;1;15;18;4;25;5;6;0;6;0;13;19;4;2;14;15;2;6;4;3;2;0;6;19;2;17;12;4;1;23;-4.34107366180325;23;7.937041921718837;2;1;2;5;0;3;12;0;24;14;3;4;5;14;1;2;0;3;16;5;12;0;2;25;24;4;18;0;1;1;25;23;-6.153455215799822;4;23;-4.538127664356346;4;3;13;3;0;4;2;5;21;5.603694884827394;2;19;24;5;4;2;9;21;-2.958650359607655
TRACK:276;1;5;4;3;6;0;6;4;4;0;0;4;20;-5.809372285085031;0;9;23;0.8568595523069824;5;5;10;6;1;6;0;23;6.008186689645385;6;3;8;4;3;4;4;13
TRACK:277;1;5;1;6;2;3;1;5;5;3;2;2;17;22;-4.568486173578405;5;25;4;2;3;0;5;20;3.2534663606236407;5;14;20;-5.809372285085031;6;6;4;1;5;4;4;7;0.16175022945437867;1;4;3;11;3;6;21;-6.02803913856844;6;0;1;2;4;1;2;5;6;17;4;3;23;5.11027651737929;1;1;0;11;17;3;18;3;0;17;10;3;6;6;4;3;23;-6.094962022061052;2;2;0;3;3;6;12;4;4;0;13;21;-7.8059761096892295;1;4;2;4;8;3;8;1;1;3;8;6;13;0;2;11;9;5;22;3.9603040710894977;1;5;1;5;4;8;1;6;10;0;7;-7.560117324409525;18;5;1;3;1;19;12;1;1;10;13;6;19;3;5;1;2;4;3;1;23;6.008186689645385;19;4;1;4;21;2.100591206264193;2;13;17;5;1;0;0;24;11;5;19;2;3;16;5;9
TRACK:278;9;3;6;6;6;2;1;4;2;0;4;2;16;8;2;4;20;0.6438739022106752;1;14;25;2;3;6;10;6;5;15;6;0;5;6;3;10;4;5;1;16;14;5;1;5;1;2;4;12;3;20;2.626966614425637;4;3;22;-1.4500025497646192;5;2;5;3;13;1;2;19;11;2;18;18
TRACK:279;9;3;5;6;0;5;4;6;1;1;5;5;16;5;2;18;22;-1.4500025497646192;5;0;3;19;6;10;3;5;4;1;3;3;3;7;-5.860736449684394;4;4;3;18
TRACK:280;270;-1;1;6;2;3;1;5;5;3;2;2;17;22;-4.661933228255585;5;25;4;2;3;0;5;20;3.2704488228966135;5;14;1;6;1;17;8;5;1;17;11;6;6;4;1;5;4;4;7;0.16708438523293878;1;4;3;11;3;6;21;-6.187738169113133;6;0;1;2;4;1;2;5;6;14;4;3;23;5.208015350077425;1;1;0;11;17;3;18;3;0;17;10;3;6;6;4;3;23;-6.28289243646018;2;2;0;3;3;6;12;4;4;0;13;21;-7.83270844946464;1;4;2;4;8;3;8;1;1;3;8;6;13;0;2;11;9;5;22;3.952319912918309;1;5;1;5;4;8;1;6;10;0;7;-7.553279371599255;18;5;1;3;1;19;12;1;1;10;13;6;19;3;5;1;2;4;3;1;23;6.085153001763137;19;4;1;4;21;2.166328673437317;2;13;17;5;1;0;0;24;11;25;2;3;16;5;9
TRACK:281;272;-1;6;6;1;5;1;0;0;2;0;1;24;10;3;21;0.4362860474272924;0;4;21;3.391021309341256;0;19;9;1;3;5;10;2;1;24;22;-4.627028800803689;1;15;10;0;5;2;4;22;-2.0157136160033025;0;7;7.373813121959987;12;1;2;0;9;19;4;25;1;1;15;18;4;23;2.6450332690751237;5;6;0;6;0;13;14;4;2;14;15;2;6;4;3;2;0;6;19;2;17;12;4;1;23;-4.295558786566015;23;7.923923896048297;2;1;2;5;0;3;12;0;24;14;3;4;5;14;1;5;4;6;13;0;1;1;25;23;-6.218299606104172;4;23;-4.427733698598789;4;3;13;3;0;4;2;5;21;5.677579619652274;2;19;24;5;4;2;9;21;-2.9986330275365414
TRACK:282;274;-1;5;6;0;5;4;21;3.338582426691766;5;0;24;24
TRACK:283;276;-1;4;3;6;0;6;4;0;1;16;18;5;20;-3.222446521030202;6;1;6;0;23;5.978372666250609;6;3;8;4;3;4;4;13
TRACK:284;278;-1;6;6;6;2;1;4;2;0;4;2;16;8;2;4;20;0.7258152835469053;1;14;25;2;3;6;10;6;5;15;4;6;22;-6.499545231890396;5;1;5;1;2;4;12;3;20;2.7233419934397776;4;3;22;-1.5283118263474094;5;2;5;3;13;1;2;19;11;2;18;18
TRACK:285;271;-1;5;4;0;6;4;5;4;5;3;1;25;22;-2.216378458870758;1;5;6;4;4;3;5;22;-9.703319248393136;6;2;2;3;3;2;15;17;5;2;19;11;1;1;3;5;17;6;19;5;2;5;14;5;13
TRACK:286;273;-1;3;5;5;1;1;0;5;6;4;2;24;22;8.15933711456562;4;6;0;5;24;1;19;13;5;4;1;6;2;20;-2.170275355495505;19;5;4;17;6;6;0;4;1;2;23;-3.283047891668248;22;-3.902822215080943;0;17;10;0;4;4;15;5;3;24
TRACK:287;275;-1;6;6;1;5;1;0;0;2;0;1;24;10;3;21;0.39843659890963623;0;4;21;3.228115486938714;0;19;9;1;3;5;10;2;1;24;22;-4.635251084502108;1;15;10;0;5;2;4;22;-1.9458953159334278;0;7;7.1504113642123315;12;1;2;0;9;19;4;25;1;1;15;18;4;25;5;6;0;6;0;13;19;4;2;14;15;2;6;4;3;2;0;6;19;2;17;12;4;1;23;-4.422460391938251;23;8.063856969910825;2;1;2;5;0;3;12;0;24;14;3;4;5;14;1;2;0;3;16;5;12;0;2;25;24;4;18;0;1;2;15;16;4;23;-4.666160338287141;4;3;13;3;0;4;2;5;21;5.669438567887107;2;19;24;5;4;2;9;21;-3.0652207159657796
TRACK:288;277;-1;1;6;2;3;1;5;5;3;2;2;17;22;-4.6320630347257;5;25;4;2;3;0;5;20;3.3140123285242815;5;14;20;-5.882425356974558;6;6;4;1;5;4;4;7;0.07314146487297235;1;4;3;11;3;6;21;-5.898783911426889;6;0;1;2;4;1;2;5;6;17;4;3;23;5.055901907179404;1;1;0;11;17;3;18;3;0;17;10;3;6;6;4;3;23;-6.054226257880912;2;2;0;3;3;6;12;3;2;25;20;-2.1668605751961456;1;4;2;4;8;3;8;1;1;3;8;6;13;0;2;11;9;5;22;4.118097566056204;1;5;1;5;4;8;1;6;10;0;7;-7.411344709912828;18;5;1;3;1;19;12;1;1;10;13;6;19;3;5;1;2;4;3;1;23;5.998787146949305;19;4;1;4;21;1.995735376165723;2;13;17;5;1;0;0;24;11;5;19;2;3;16;5;9
TRACK:289;279;-1;5;6;0;5;4;6;1;1;5;5;16;5;2;18;22;-1.4839379270958193;5;0;3;19;6;10;3;5;4;1;3;3;3;21;1.224689513807622;4;4;3;18
EVAL_INSTANCE:14:0:280
EVAL_INSTANCE:14:1:281
EVAL_INSTANCE:14:2:282
EVAL_INSTANCE:14:3:283
EVAL_INSTANCE:14:4:284
EVAL_INSTANCE:14:5:285
EVAL_INSTANCE:14:6:286
EVAL_INSTANCE:14:7:287
EVAL_INSTANCE:14:8:288
EVAL_INSTANCE:14:9:289
RUN_RESULT:14:0:0:2000:----
RUN_RESULT:14:1:0:2000:----
RUN_RESULT:14:2:0:2000:----
RUN_RESULT:14:3:0:2000:----
RUN_RESULT:14:4:0:2000:----
RUN_RESULT:14:5:0:2000:----
RUN_RESULT:14:6:0:2000:----
RUN_RESULT:14:7:0:2000:----
RUN_RESULT:14:8:0:2000:----
RUN_RESULT:14:9:0:2000:----
    15 |      150 |  0.000000E+00 | -0.000000E+00
TRACK:290;2;7;2;6;4;4;4;3;4;5;14;5;3;2;3;4;5;1;4;4;20;7.01822353915415;0;5;24;1;13;22;-5.651200671567507;3;5;6;5;5;4;18
TRACK:291;2;7;6;6;1;5;1;0;0;2;0;1;24;10;3;21;0.5180802268888449;0;4;21;3.364556439602179;0;19;9;1;3;5;10;2;1;24;22;-4.562838849728648;1;15;10;0;5;2;4;22;-1.962524054452894;0;7;7.284759351597952;12;11;5;6;0;6;0;13;14;4;2;14;15;2;6;4;3;2;0;6;19;2;17;12;4;1;23;-4.34107366180325;23;7.937041921718837;2;1;2;5;0;3;12;0;24;14;3;4;5;14;1;2;0;3;16;5;12;0;2;25;24;4;18;0;1;1;25;23;-6.153455215799822;4;23;-4.538127664356346;4;3;13;3;0;4;2;5;21;5.603694884827394;2;19;24;5;4;2;9;21;-2.958650359607655
TRACK:292;4;9;3;5;5;1;1;0;5;6;4;2;24;22;8.378438308070798;4;6;0;5;24;1;19;13;5;4;1;6;2;20;-2.171588292672011;19;5;4;17;6;6;0;4;1;2;23;-3.3444411952232773;13;0;17;25;0;4;4;15;5;3;23;2.5890361802267225
TRACK:293;4;9;6;6;6;2;1;4;2;0;4;2;20;-5.453445147151205;8;2;4;20;0.6438739022106752;1;14;25;2;3;6;10;6;5;15;6;0;5;6;3;10;4;5;1;16;14;5;1;5;5;3;23;2.5890361802267225;5;2;5;3;13;1;2;19;11;2;18;18
TRACK:294;8;7;0;5;4;2;3;2;6;6;5;4;9;1;4;3;3;21;-7.464720865791978;3;0;5;24;5;23;8.853648769640568;4;1;2;6;2;2;16;19;6;24;19;1;1;3;5;24;4;5;15;5;3;1;7;-5.2146562721662;21;8.998034930761346;2;5;3;0;6;0;3;6;4;16;1;6;4;14;2;2;19;9;6;11;0;2;0;4;1;10;25;2;3;9;3;14;0;2;1;13;21;4.908196409139361;6;7;6.303769962520718;3;2;7;4.2788381616732245;21;-0.14758857552427074;5;6;3;0;16;22;4.255687554163934;4;5;0;1;5;3;2;6;10;0;9;7;-7.35010520734626;5;3;6;3;16;6;2;3;5;1;11;20;0.45754510706007423;5;3;0;12;9
TRACK:295;8;7;6;6;1;5;1;0;0;2;0;1;24;10;3;21;0.5180802268888449;0;4;21;3.364556439602179;0;19;9;1;3;5;10;2;1;24;22;-4.562838849728648;1;15;10;0;5;2;4;22;-1.962524054452894;4;14;1;2;0;9;19;4;25;1;1;15;18;4;25;5;6;0;6;0;13;14;4;2;14;15;2;6;4;3;2;0;6;19;2;17;12;4;1;23;-4.34107366180325;23;7.937041921718837;2;1;2;5;0;3;12;0;24;14;3;4;5;14;1;2;0;3;16;5;12;0;2;25;24;4;18;0;1;1;25;23;-6.153455215799822;4;23;-4.538127664356346;4;3;13;3;0;4;2;5;21;5.603694884827394;2;19;24;5;4;2;9;21;-2.958650359607655
TRACK:296;4;8;3;5;5;1;1;0;5;6;4;2;24;22;8.378438308070798;4;6;0;5;24;1;19;13;5;4;1;6;2;20;-2.171588292672011;19;5;4;17;6;6;0;4;1;2;23;-3.3444411952232773;22;-3.697736016703333;0;17;25;0;4;4;15;5;3;21;-0.14758857552427074
TRACK:297;4;8;0;5;4;2;3;2;6;6;5;4;20;-2.171588292672011;1;4;3;3;21;-7.464720865791978;3;0;5;24;5;23;8.853648769640568;4;1;2;6;2;2;16;19;6;24;3;6;6;11;1;1;3;5;24;4;5;15;5;3;1;7;-5.2146562721662;21;8.998034930761346;2;5;3;0;6;0;3;6;4;16;1;6;4;14;2;2;19;9;6;11;0;2;0;4;1;10;25;2;3;9;3;14;0;2;1;13;21;4.908196409139361;6;7;6.303769962520718;3;2;7;4.2788381616732245;21;-0.14758857552427074;5;6;3;0;16;22;4.255687554163934;4;5;0;1;5;3;2;6;10;0;9;7;-7.35010520734626;5;3;6;3;16;6;2;3;5;1;11;20;0.45754510706007423;5;3;0;12;9
TRACK:298;5;1;1;6;2;3;1;5;5;3;2;2;17;22;-4.568486173578405;5;25;4;2;3;0;5;20;3.2534663606236407;5;14;1;6;1;17;8;5;1;17;11;6;6;4;1;5;4;4;7;0.16175022945437867;1;4;3;11;3;6;21;-6.02803913856844;6;0;1;2;4;1;2;5;6;17;4;3;23;5.11027651737929;1;1;0;11;17;3;18;3;0;17;10;3;6;6;4;3;23;-6.094962022061052;2;2;0;3;3;6;12;4;4;0;13;21;-7.8059761096892295;1;4;2;4;8;3;8;1;1;3;8;6;13;0;2;11;9;5;22;3.9603040710894977;1;5;1;5;4;8;1;6;10;0;7;-7.560117324409525;11;5;1;3;1;19;12;1;1;10;13;6;19;3;5;1;2;4;3;1;23;6.008186689645385;19;4;1;4;21;2.100591206264193;2;13;17;5;1;0;0;24;11;5;19;2;3;16;5;9
TRACK:299;5;1;4;3;6;0;6;4;4;0;0;4;20;-5.809372285085031;0;9;23;0.8568595523069824;5;5;10;6;1;6;0;2;17;5;11;6;3;8;4;3;4;4;13
TRACK:300;290;-1;2;6;4;4;4;3;4;5;14;5;3;2;3;4;5;1;4;4;20;7.0648257037649;0;5;24;1;13;22;-5.75762588425279;2;0;0;17;18;0;14;21;-7.921624705345902;3;0;14;25
TRACK:301;292;-1;3;5;5;1;1;0;5;6;4;2;24;22;8.46830665143897;4;6;0;5;24;1;19;13;5;4;1;6;2;20;-2.1949046545452067;19;1;0;20;3.2048877892656193;13;0;16;24;6;6;0;4;1;2;23;-3.332622126760351;13;0;17;25;0;4;4;15;5;3;23;2.585237432978443
TRACK:302;294;-1;0;5;4;2;3;2;6;6;5;4;9;1;4;3;3;21;-7.475949326172266;3;0;5;24;5;23;8.852239847848857;4;1;2;6;2;2;16;19;6;24;19;1;1;3;5;24;4;5;15;5;3;1;7;-5.225784250212093;21;8.965376664437393;2;5;3;0;6;0;3;6;4;16;1;6;4;14;2;2;19;9;6;11;0;2;0;4;1;10;25;2;3;9;3;14;0;2;1;14;21;4.92381777724227;6;7;6.385374599402235;3;2;7;4.1992727732726465;21;-0.14537707354573526;5;6;3;0;16;22;4.19918868001055;4;5;0;1;5;3;2;6;10;0;9;7;-7.478374955652872;5;3;6;3;16;6;2;3;5;1;11;20;0.4295458933307337;5;3;0;12;9
TRACK:303;296;-1;3;5;5;1;1;0;5;6;4;2;24;22;8.414156706362373;4;6;0;5;24;1;19;13;5;4;1;6;2;20;-2.1954183941377967;19;2;18;16;6;6;0;4;1;2;23;-3.304288072338867;22;-3.7747902548997194;0;17;25;0;4;4;15;5;3;21;-0.2724755463781201
TRACK:304;298;-1;1;6;2;3;1;5;5;3;2;2;17;22;-4.6590752699071745;5;25;4;2;3;0;5;20;3.3545184580365235;5;14;1;6;1;17;8;5;1;17;11;6;6;4;1;5;4;4;7;0.32348705801422617;1;4;3;11;3;6;21;-6.120514475453447;6;0;1;2;4;1;2;5;6;17;4;3;23;5.168230543971762;1;1;0;11;17;3;18;3;0;17;10;3;6;6;4;3;23;-6.09859056445625;2;2;0;3;3;6;12;4;4;0;13;21;-7.817055578163886;1;4;2;4;8;3;8;1;1;3;8;6;13;0;2;11;9;5;22;3.820244498058872;1;5;1;5;4;8;1;6;10;0;7;-7.5564536341290705;11;5;1;3;1;19;12;1;1;10;13;6;19;3;5;1;4;12;5;1;0;0;24;11;5;19;2;3;16;5;9
TRACK:305;291;-1;6;6;1;5;1;0;0;2;0;1;24;10;3;21;0.5435395391156685;0;4;21;3.2338167510497455;0;19;9;1;3;5;10;2;1;24;22;-4.608237964064487;1;15;10;0;5;2;4;22;-2.082735860627546;0;7;7.438185807830374;12;11;5;6;0;6;0;13;14;4;2;14;15;2;6;4;3;2;0;6;19;2;17;12;4;1;23;-4.433497078511987;23;7.8645334288871975;2;1;2;3;1;2;19;23;0.7864519275072865;1;22;4.997457090980861;9;3;4;5;14;1;2;0;3;16;5;12;0;2;25;24;4;18;0;1;1;25;23;-6.147951292339895;4;23;-4.648152518565841;4;3;13;3;0;4;2;5;21;5.605269569724632;2;19;24;5;4;2;9;21;-2.9655445036278416
TRACK:306;293;-1;6;6;6;2;1;4;2;0;4;2;20;-5.317918181724961;8;2;4;20;0.6670791922888183;1;14;25;2;3;6;10;6;5;15;6;0;5;6;3;10;4;5;1;16;14;5;1;5;5;3;23;2.419651489080026;5;2;5;3;13;1;2;21;4.0539401374130986;11;2;18;18
TRACK:307;295;-1;6;6;1;5;1;0;0;2;0;1;24;10;3;21;0.33592117153221773;0;4;21;3.3484582262928315;0;19;9;1;3;5;10;2;1;24;22;-4.635315347970055;1;15;10;0;5;2;4;22;-2.131105476259162;4;14;1;2;0;9;19;4;25;1;1;15;18;4;25;5;0;6;1;5;9;3;12;0;3;0;15;8;1;6;12;6;7;-9.45462587693446;2;6;4;3;2;0;6;19;2;17;12;4;1;23;-4.318867570829536;23;7.918780536129193;2;1;2;5;0;3;12;0;24;14;3;4;5;14;1;2;0;3;16;5;12;0;2;25;24;4;18;0;1;1;25;23;-6.091618949815947;4;23;-4.7269457305631315;4;3;13;3;0;4;2;5;21;5.461052759763241;2;19;24;5;4;2;9;21;-3.0919030990655485
TRACK:308;297;-1;0;5;4;2;3;2;0;14;12;1;4;3;3;21;-7.4341936763894125;3;0;5;24;5;23;9.03378936994505;4;1;2;6;2;2;16;19;6;24;3;6;6;11;1;1;3;5;24;4;5;15;5;3;1;7;-5.2199133798491;21;9.100161074232412;2;5;3;0;6;0;3;6;4;16;1;6;4;14;2;2;19;9;6;11;0;2;0;4;1;10;25;2;3;9;3;14;0;2;1;13;21;5.055906154160346;6;7;6.259366854770708;3;2;7;4.158039625907274;21;-0.17299364454452737;5;6;3;0;16;22;4.295796639761116;4;5;0;1;5;3;2;6;10;0;9;7;-7.426867319573262;5;3;6;3;16;6;2;3;5;1;11;20;0.49738085938611837;5;3;0;12;9
TRACK:309;299;-1;4;3;6;0;6;4;4;0;0;4;20;-5.873190114614899;0;9;23;0.7137380262684978;5;5;10;6;1;6;0;2;17;5;11;6;3;8;4;3;0;8;8
EVAL_INSTANCE:15:0:300
EVAL_INSTANCE:15:1:301
EVAL_INSTANCE:15:2:302
EVAL_INSTANCE:15:3:303
EVAL_INSTANCE:15:4:304
EVAL_INSTANCE:15:5:305
EVAL_INSTANCE:15:6:306
EVAL_INSTANCE:15:7:307
EVAL_INSTANCE:15:8:308
EVAL_INSTANCE:15:9:309
RUN_RESULT:15:0:0:2000:----
RUN_RESULT:15:1:0:2000:----
RUN_RESULT:15:2:0:2000:----
RUN_RESULT:15:3:0:2000:----
RUN_RESULT:15:4:0:2000:----
RUN_RESULT:15:5:0:2000:----
RUN_RESULT:15:6:0:2000:----
RUN_RESULT:15:7:0:2000:----
RUN_RESULT:15:8:0:2000:----
RUN_RESULT:15:9:0:2000:----
    16 |      160 |  0.000000E+00 | -0.000000E+00
TRACK:310;6;5;6;6;4;4;1;6;5;0;8;2;4;9;0;23;-5.284896154502463;24;0;3;1;2;2;13;18;3;13;2;0;16;8;3;19;4;5;5;5;9
TRACK:311;6;5;1;6;2;3;1;5;5;3;2;2;17;22;-4.568486173578405;5;25;4;2;3;0;13;5;14;1;6;1;17;8;5;1;17;11;6;6;4;1;5;4;4;7;0.16175022945437867;1;4;3;11;3;6;21;-6.02803913856844;6;0;1;2;4;1;2;5;6;17;4;3;23;5.11027651737929;1;1;0;11;17;3;18;3;0;17;10;3;6;6;4;3;23;-6.094962022061052;2;2;0;3;3;6;12;4;4;0;13;21;-7.8059761096892295;1;4;2;4;8;3;8;1;1;3;8;6;13;0;2;11;9;5;22;3.9603040710894977;1;5;1;5;4;8;1;6;10;0;7;-7.560117324409525;18;5;1;3;1;19;12;1;1;10;13;6;19;3;5;1;2;4;3;1;23;6.008186689645385;19;4;1;4;21;2.100591206264193;2;13;17;5;1;0;0;24;11;5;19;2;3;16;5;9
TRACK:312;0;4;5;4;0;6;4;5;4;5;3;1;25;22;-2.2789326753367405;1;5;6;4;0;5;24;1;19;13;6;2;2;3;3;2;15;17;5;3;4;25;1;1;3;5;17;6;4;13;5;2;5;14;5;13
TRACK:313;0;4;3;5;5;1;5;13;6;6;0;4;1;2;23;-3.3444411952232773;22;-3.697736016703333;0;17;25;0;4;4;15;5;3;23;2.5890361802267225
TRACK:314;1;0;4;3;6;0;6;4;4;0;0;4;20;-5.809372285085031;0;9;23;0.8568595523069824;5;5;10;6;1;6;0;2;2;7;2.9024529940447863;22;-2.382032378478012;5;11;6;3;8;4;3;2;15;17
TRACK:315;1;0;5;4;0;6;4;5;4;5;3;1;25;22;-2.2789326753367405;1;5;6;4;4;3;4;20;-5.809372285085031;6;2;2;3;3;2;15;17;5;3;4;25;1;1;3;5;17;6;4;13;5;2;5;14;5;13
TRACK:316;7;1;6;6;1;5;1;0;0;2;0;1;24;10;3;21;0.5180802268888449;0;4;21;3.364556439602179;0;19;9;1;3;5;10;2;1;24;22;-4.562838849728648;1;15;10;0;5;2;4;22;-1.962524054452894;0;7;7.284759351597952;12;1;2;0;9;19;4;25;1;1;15;18;4;25;5;6;0;6;0;13;14;4;2;14;15;2;6;4;3;2;0;6;19;2;17;12;4;1;23;-4.34107366180325;23;7.937041921718837;2;1;2;5;0;3;12;0;24;14;3;4;5;14;1;2;0;3;16;5;12;0;2;25;24;4;18;0;1;1;25;23;-6.153455215799822;4;23;-4.538127664356346;4;3;13;3;0;4;2;5;21;5.603694884827394;2;19;24;5;4;2;9;21;-2.958650359607655
TRACK:317;7;1;4;3;6;0;6;4;4;0;0;4;20;-5.809372285085031;0;9;23;0.8568595523069824;5;5;10;6;1;6;0;2;2;7;2.9024529940447863;22;-2.382032378478012;5;11;6;3;8;4;22;-1.962524054452894
TRACK:318;6;2;6;6;4;4;1;6;5;0;5;2;25;14;2;4;9;0;23;-5.284896154502463;24;0;3;1;2;2;13;18;3;13;2;0;16;8;3;18;4;5;5;5;9
TRACK:319;6;2;2;6;4;4;4;4;6;0;3;1;11;16;3;0;7;-2.1584571092920495;9;5;3;2;3;4;5;1;4;4;20;7.01822353915415;0;5;24;1;13;22;-5.651200671567507;3;5;6;5;5;4;18
TRACK:320;310;-1;6;6;4;4;1;6;5;0;8;2;4;9;0;23;-5.166632116488134;24;0;3;1;2;2;13;18;3;13;2;0;16;8;3;10;4;5;5;5;9
TRACK:321;312;-1;5;4;0;6;4;5;4;5;3;1;25;22;-2.361459771219479;1;5;6;4;0;5;24;1;3;8;13;6;2;2;3;3;2;15;17;5;3;4;25;1;1;3;5;17;6;4;13;5;2;5;14;5;13
TRACK:322;314;-1;4;3;6;0;6;4;4;0;0;4;20;-5.844020536125431;0;9;23;0.7750979774005622;5;5;10;6;1;6;0;2;2;24;22;-2.180676017064095;5;11;6;3;8;4;3;2;15;17
TRACK:323;316;-1;6;6;1;5;1;0;0;2;0;1;24;10;3;21;0.6826444129479727;0;4;21;3.352620015414138;0;19;9;1;3;5;10;2;1;24;22;-4.383988952180769;1;15;10;0;5;2;4;22;-1.7940728538887563;0;7;7.33380122053182;12;1;2;0;9;19;4;10;1;1;15;18;4;25;5;6;0;6;0;13;14;4;2;14;15;2;6;4;3;2;0;6;19;2;17;12;4;1;23;-4.303809981899746;23;7.870701778920199;2;1;2;5;0;3;12;0;24;14;3;4;5;14;1;2;0;3;16;5;12;0;2;25;24;4;18;0;1;1;25;23;-6.310548330554766;4;23;-4.699895523596408;4;3;13;3;0;4;2;5;21;5.407880335782184;2;19;24;5;4;2;9;21;-3.0978534145163223
TRACK:324;318;-1;6;6;4;4;1;6;5;0;5;2;25;14;2;4;9;0;23;-5.269280377411878;24;0;3;1;2;2;13;18;3;13;2;0;16;8;3;18;4;5;0;12;15
TRACK:325;311;-1;1;6;2;3;1;5;5;3;2;2;17;22;-4.5213322049091875;5;25;4;2;3;0;13;5;14;1;6;1;17;8;5;1;17;11;6;6;4;1;5;4;4;7;-0.042907598511064876;1;4;3;11;3;6;21;-6.02625377938707;6;0;1;2;4;1;2;5;6;17;4;3;23;5.266231904197543;1;1;0;11;17;3;18;3;0;17;10;3;6;6;4;3;23;-6.164457371416287;2;2;0;3;3;6;12;4;4;0;13;21;-7.7376901814763075;1;4;2;4;8;3;7;-7.779224490506;1;1;3;8;6;13;0;2;11;9;5;22;4.002808744371884;1;5;1;5;4;8;1;6;10;0;7;-7.569054902202806;18;5;1;3;1;19;12;1;1;10;13;6;19;3;5;1;2;4;3;1;23;5.938804496808154;19;4;1;4;21;2.091239437247652;2;13;17;5;1;0;0;24;11;5;19;2;3;16;5;9
TRACK:326;313;-1;3;5;5;1;5;13;6;6;0;4;1;2;23;-3.4682366081611256;22;-3.6020018917186163;0;17;21;6.186461784507969;0;4;4;15;5;3;23;2.791665915450665
TRACK:327;315;-1;5;4;0;6;4;5;4;5;3;1;25;22;-2.239090871035599;1;5;6;4;4;3;4;20;-5.814713436998972;6;2;2;3;3;2;15;24;5;3;4;25;1;1;3;5;17;6;4;13;5;2;5;14;5;13
TRACK:328;317;-1;4;3;6;0;6;4;4;0;2;2;11;9;4;9;5;5;10;6;1;6;0;2;2;7;2.9043079868115056;22;-2.388834066069675;5;11;6;3;8;4;22;-1.8750310298592319
TRACK:329;319;-1;2;6;4;4;4;4;6;0;3;1;11;23;2.1608531526724413;3;0;7;-2.347780907454815;9;5;3;2;3;4;5;1;4;4;20;6.8126651971028584;0;5;24;1;13;22;-5.6078483340204945;3;5;6;5;5;4;18
EVAL_INSTANCE:16:0:320
EVAL_INSTANCE:16:1:321
EVAL_INSTANCE:16:2:322
EVAL_INSTANCE:16:3:323
EVAL_INSTANCE:16:4:324
EVAL_INSTANCE:16:5:325
EVAL_INSTANCE:16:6:326
EVAL_INSTANCE:16:7:327
EVAL_INSTANCE:16:8:328
EVAL_INSTANCE:16:9:329
RUN_RESULT:16:0:0:2000:----
RUN_RESULT:16:1:0:2000:----
RUN_RESULT:16:2:0:2000:----
RUN_RESULT:16:3:0:2000:----
RUN_RESULT:16:4:0:2000:----
RUN_RESULT:16:5:0:2000:----
RUN_RESULT:16:6:0:2000:----
RUN_RESULT:16:7:0:2000:----
RUN_RESULT:16:8:0:2000:----
RUN_RESULT:16:9:0:2000:----
    17 |      170 |  0.000000E+00 | -0.000000E+00
TRACK:330;3;2;5;6;0;5;4;6;1;1;9;5;2;18;22;-2.3150351516250893;5;0;3;19;6;10;3;5;4;1;3;3;3;7;-5.860736449684394;4;4;3;18
TRACK:331;3;2;2;6;4;4;4;4;6;0;3;1;11;20;4.7019511786850465;3;0;7;-2.1584571092920495;9;5;5;4;1;3;3;3;7;-5.860736449684394;4;4;3;18
TRACK:332;8;0;0;5;4;2;3;2;6;6;5;4;9;1;4;3;3;21;-7.464720865791978;3;0;5;24;5;23;8.853648769640568;4;1;2;6;2;2;16;19;6;24;3;6;6;11;1;1;3;5;24;4;5;15;5;3;1;7;-5.2146562721662;21;8.998034930761346;2;5;3;0;6;0;3;6;4;16;1;6;4;14;2;2;19;9;6;11;0;2;0;4;1;10;25;2;3;9;3;14;0;2;1;13;21;4.908196409139361;6;7;6.303769962520718;3;2;7;4.2788381616732245;21;-0.14758857552427074;5;6;3;0;16;22;4.255687554163934;4;5;0;1;5;3;2;6;10;0;9;7;-7.35010520734626;5;3;6;3;16;6;2;3;5;22;-9.633053118640953;5;3;0;12;9
TRACK:333;8;0;5;4;0;6;4;5;4;5;3;1;25;22;-2.2789326753367405;1;5;6;4;4;3;5;22;-9.633053118640953;6;5;1;11;20;0.45754510706007423
TRACK:334;5;6;1;6;2;3;1;5;5;3;2;2;17;22;-4.568486173578405;5;9;4;2;3;0;5;20;3.2534663606236407;5;14;1;6;1;17;8;5;1;17;11;6;6;4;1;5;4;4;7;0.16175022945437867;1;4;3;11;3;6;21;-6.02803913856844;6;0;1;2;4;1;2;5;6;17;4;3;23;5.11027651737929;1;1;0;11;17;3;18;3;0;17;10;3;6;6;4;3;23;-6.094962022061052;2;2;0;3;3;6;12;4;4;0;13;21;-7.8059761096892295;1;4;2;4;8;3;8;1;1;3;8;6;13;0;2;11;9;5;22;3.9603040710894977;1;5;1;5;4;8;1;6;10;0;7;-7.560117324409525;18;5;1;3;1;19;12;1;1;10;13;6;19;3;5;1;2;4;3;1;23;6.008186689645385;19;4;1;4;21;2.100591206264193;2;13;17;5;1;0;0;24;11;5;19;2;3;16;5;9
TRACK:335;5;6;6;6;4;4;1;6;5;0;5;2;25;14;2;4;9;0;23;-5.284896154502463;24;0;3;5;25;4;5;5;5;9
TRACK:336;8;3;0;5;4;2;3;2;6;6;5;4;9;1;4;3;3;21;-7.464720865791978;3;0;5;24;5;23;8.853648769640568;4;1;2;6;2;2;16;19;6;24;3;6;6;11;1;1;3;5;24;4;5;15;5;3;1;7;-5.2146562721662;21;8.998034930761346;2;5;3;0;6;0;3;6;4;16;1;6;4;14;2;2;19;9;6;11;0;2;0;4;1;10;25;2;3;9;3;14;0;2;18;6;7;6.303769962520718;3;2;7;4.2788381616732245;21;-0.14758857552427074;5;6;3;0;16;22;4.255687554163934;4;5;0;1;5;3;2;6;10;0;9;7;-7.35010520734626;5;3;6;3;16;6;2;3;5;1;11;20;0.45754510706007423;5;3;0;12;9
TRACK:337;8;3;5;6;0;5;4;6;1;1;5;5;16;5;2;18;22;-2.3150351516250893;2;3;9;3;14;3;5;4;1;3;3;3;7;-5.860736449684394;4;4;3;18
TRACK:338;7;4;6;6;1;5;1;0;0;2;0;1;24;10;3;21;0.5180802268888449;0;4;21;3.364556439602179;0;19;9;1;3;5;10;2;1;24;22;-4.562838849728648;1;15;10;0;5;2;4;22;-1.962524054452894;0;7;7.284759351597952;12;1;2;0;9;19;4;25;1;1;15;18;4;25;5;6;0;6;0;13;14;4;2;14;15;2;6;4;3;2;0;6;19;2;17;12;4;1;23;-4.34107366180325;23;7.937041921718837;2;1;2;5;0;3;12;0;24;14;3;4;5;14;1;2;0;3;16;5;12;0;2;25;24;4;18;0;1;1;25;23;-6.153455215799822;4;23;-4.538127664356346;4;3;13;3;0;4;2;5;21;5.603694884827394;2;19;24;5;4;2;9;21;-2.958650359607655
TRACK:339;7;4;3;5;5;1;1;0;5;6;4;2;24;22;8.378438308070798;4;6;0;5;24;1;19;13;5;4;1;6;2;20;-2.171588292672011;19;5;4;17;6;6;0;4;1;2;23;-4.538127664356346;22;-3.697736016703333;0;17;25;0;4;4;15;5;3;23;2.5890361802267225
TRACK:340;330;-1;5;6;0;5;4;6;1;1;9;5;4;24;5;0;3;19;6;10;3;5;4;1;3;3;3;7;-5.955364343153455;4;4;3;18
TRACK:341;332;-1;0;5;4;2;3;2;6;6;5;4;9;1;4;3;3;21;-7.385632619622442;3;0;5;24;5;23;8.881098147116168;4;1;2;6;2;2;16;19;6;24;3;6;6;11;1;1;3;5;24;4;5;15;5;3;1;7;-5.4037638742934275;21;9.076847276069001;2;5;3;0;6;0;3;6;4;16;1;6;4;14;2;2;19;9;6;11;0;1;22;-0.8649914784722679;11;1;11;23;7.599632314638459;4;5;0;1;5;3;2;6;10;0;9;7;-7.339750917911772;5;3;6;3;16;6;2;3;5;22;-9.574566119240576;5;3;0;12;9
TRACK:342;334;-1;1;6;2;3;1;5;5;3;2;2;17;22;-4.670160960196528;5;9;4;2;3;0;5;20;3.263788608044945;5;14;1;6;1;17;8;5;1;17;11;6;6;4;1;5;4;4;7;0.19104617536245022;1;4;3;11;3;6;21;-6.081310125758395;6;0;1;2;4;1;2;5;6;17;4;3;23;5.150136061359843;1;1;0;11;17;3;18;3;0;17;10;3;6;6;4;3;23;-6.133984848646103;2;2;0;3;3;6;12;4;4;0;13;21;-7.80499508355268;1;4;2;4;8;3;8;1;1;3;8;6;13;0;2;11;9;5;22;4.049280276985182;1;5;1;5;1;15;21;4.285798472077232;1;6;10;0;7;-7.6401081865658504;18;5;1;3;1;19;12;1;1;10;13;6;19;3;5;1;2;4;3;1;23;6.057497981746137;19;4;1;4;21;1.9550495353349704;2;13;17;5;1;0;0;24;11;5;19;2;3;16;5;9
TRACK:343;336;-1;0;5;4;2;3;2;6;6;5;4;9;1;4;3;3;21;-7.488680766511737;3;0;5;24;5;23;8.906629429700073;4;1;2;6;2;2;16;19;6;24;3;6;6;11;1;1;3;5;24;4;5;15;5;3;1;7;-5.159281205326696;21;8.969920385531742;2;5;3;0;6;0;3;6;4;16;1;6;4;14;2;6;7;7.81984174731226;6;11;0;2;0;4;1;10;25;2;3;9;3;14;0;2;18;6;7;6.339681454136957;3;2;7;4.087534977564955;21;-0.15585559096682952;5;6;3;0;16;22;4.1952950065717305;4;5;0;1;5;3;2;6;10;0;9;7;-7.3849671902785525;5;3;6;3;16;6;2;3;5;1;11;20;0.4748879279432402;5;3;0;12;9
TRACK:344;338;-1;6;6;1;5;1;0;0;2;0;1;24;10;3;21;0.36160694224903894;0;4;21;3.361169388540845;0;19;9;1;3;5;10;2;1;24;22;-4.621260032933092;1;15;10;0;5;2;4;22;-2.0138117121838977;0;7;7.322075541210561;12;1;2;0;9;19;4;25;1;1;15;18;4;25;5;6;0;6;0;13;14;4;2;14;11;2;6;4;3;2;0;6;19;2;17;12;4;1;23;-4.348580475365172;23;7.892870834235515;2;1;2;5;0;3;12;0;24;14;3;4;5;14;1;2;0;3;16;5;12;0;2;25;24;4;18;0;1;1;25;23;-6.1114148889707165;4;23;-4.538000128269254;4;3;13;3;0;4;2;5;21;5.532111144413749;2;19;24;5;4;2;9;21;-2.9754821272043226
TRACK:345;331;-1;2;6;4;4;4;4;6;0;3;1;11;20;4.60907541627431;3;0;7;-2.3537020685553465;9;5;1;3;2;3;0;6;17;3;8;2;4;0;7;6.122735556983674;20;1.8390924167066771;0;5;13;3;12;1;4;5;2;6;20;3.2049671361153784;5;22;2.1119037038776085;5;6;2;5;13;4;8
TRACK:346;333;-1;5;4;0;6;4;5;4;5;3;1;25;22;-2.2381870209648325;1;5;6;4;4;3;5;22;-9.505653394204074;6;5;0;4;1;12;17;3;1;20;1.626396632649353;18
TRACK:347;335;-1;6;6;4;4;1;2;0;5;10;2;7;4.030704324502761;15;1;1;17;17;1;9;19;5;3;4;17
TRACK:348;337;-1;5;6;0;5;4;6;1;1;5;5;16;5;2;18;22;-2.2338857996845354;2;3;9;3;14;3;5;1;2;0;0;2;9;8;3;11;3;5;8;6;3;2;21;1.0886733876904842;21;1.6018597835694308;0;5;6;6;13;5;1;5;22;2.9306775353987273;2;23;2.786268575200948;23;-1.0689135665507177
TRACK:349;339;-1;3;5;5;1;1;0;5;6;4;2;24;22;8.447420618076674;4;6;0;5;24;1;19;13;5;4;1;6;2;20;-2.0664914067458655;19;5;4;17;6;6;0;4;1;2;23;-4.372050320816217;22;-3.7734911983666617;0;17;25;0;4;4;15;0;5;10;0;12;17
EVAL_INSTANCE:17:0:340
EVAL_INSTANCE:17:1:341
EVAL_INSTANCE:17:2:342
EVAL_INSTANCE:17:3:343
EVAL_INSTANCE:17:4:344
EVAL_INSTANCE:17:5:345
EVAL_INSTANCE:17:6:346
EVAL_INSTANCE:17:7:347
EVAL_INSTANCE:17:8:348
EVAL_INSTANCE:17:9:349
RUN_RESULT:17:0:0:2000:----
RUN_RESULT:17:1:0:2000:----
RUN_RESULT:17:2:0:2000:----
RUN_RESULT:17:3:0:2000:----
RUN_RESULT:17:4:0:2000:----
RUN_RESULT:17:5:0:2000:----
RUN_RESULT:17:6:0:2000:----
RUN_RESULT:17:7:0:2000:----
RUN_RESULT:17:8:0:2000:----
RUN_RESULT:17:9:0:2000:----
    18 |      180 |  0.000000E+00 | -0.000000E+00
TRACK:350;4;1;3;5;5;1;1;0;5;6;4;2;11;22;8.378438308070798;4;6;0;5;24;1;19;13;5;4;1;6;2;20;-2.171588292672011;19;5;4;17;6;6;0;4;1;2;23;-3.3444411952232773;22;-3.697736016703333;0;17;25;0;4;4;15;5;3;23;2.5890361802267225
TRACK:351;4;1;4;3;6;0;6;4;4;0;0;4;20;-5.809372285085031;0;9;23;0.8568595523069824;5;5;10;6;1;6;0;2;2;7;2.9024529940447863;22;-2.382032378478012;5;11;6;3;8;5;3;23;2.5890361802267225
TRACK:352;5;7;1;6;2;3;1;5;5;3;2;2;17;22;-4.568486173578405;5;25;4;2;3;0;5;20;3.2534663606236407;5;14;1;6;1;17;8;5;1;17;11;6;6;4;1;5;4;4;7;0.16175022945437867;1;4;3;11;3;6;21;-6.02803913856844;6;0;1;2;4;1;2;5;6;17;4;3;23;5.11027651737929;1;1;0;11;17;3;18;3;0;17;10;3;6;6;4;3;23;-6.094962022061052;2;2;0;3;3;6;12;4;4;0;24;21;-7.8059761096892295;1;4;2;4;8;3;8;1;1;3;8;6;13;0;2;11;9;5;22;3.9603040710894977;1;5;1;5;4;8;1;6;10;0;7;-7.560117324409525;18;5;1;3;1;19;12;1;1;10;13;6;19;3;5;1;2;4;3;1;23;6.008186689645385;19;4;1;4;21;2.100591206264193;2;13;17;5;1;0;0;24;11;5;19;2;3;16;5;9
TRACK:353;5;7;6;6;1;5;1;0;0;2;0;1;24;10;3;21;0.5180802268888449;0;4;21;3.364556439602179;0;19;9;1;3;5;10;2;1;24;22;-4.562838849728648;1;15;10;0;5;2;4;22;-1.962524054452894;0;7;7.284759351597952;12;1;2;0;9;19;4;25;1;1;15;18;4;25;5;6;0;6;0;13;14;4;10;2;6;4;3;2;0;6;19;2;17;12;4;1;23;-4.34107366180325;23;7.937041921718837;2;1;2;5;0;3;12;0;24;14;3;4;5;14;1;2;0;3;16;5;12;0;2;25;24;4;18;0;1;1;25;23;-6.153455215799822;4;23;-4.538127664356346;4;3;13;3;0;4;2;5;21;5.603694884827394;2;19;24;5;4;2;9;21;-2.958650359607655
TRACK:354;8;0;0;5;4;2;3;2;6;6;5;4;9;1;4;3;3;21;-7.464720865791978;3;0;5;24;5;23;8.853648769640568;4;1;2;6;2;2;16;19;6;24;3;6;6;11;1;1;3;5;24;4;5;15;5;3;1;7;-5.2146562721662;21;8.998034930761346;2;5;3;0;6;0;3;6;4;16;1;6;4;14;2;2;19;9;6;11;0;2;0;4;1;10;25;2;3;9;3;14;0;2;1;13;25;6;7;6.303769962520718;3;2;7;4.2788381616732245;21;-0.14758857552427074;5;6;3;0;16;22;4.255687554163934;4;5;0;1;5;3;2;6;10;0;9;7;-7.35010520734626;5;3;6;3;16;6;2;3;5;1;11;20;0.45754510706007423;5;3;0;12;9
TRACK:355;8;0;5;4;0;6;4;5;4;5;3;1;25;22;-2.2789326753367405;1;5;6;4;4;3;5;22;-9.633053118640953;6;2;2;3;3;2;15;17;5;3;4;25;1;1;3;5;17;6;4;13;5;2;5;15;5;13
TRACK:356;4;2;3;5;5;1;1;0;13;4;6;0;5;24;1;19;13;5;4;1;6;2;20;-2.171588292672011;19;5;4;17;6;6;0;4;1;2;23;-3.3444411952232773;22;-3.697736016703333;0;17;25;0;4;4;15;5;3;23;2.5890361802267225
TRACK:357;4;2;2;6;4;4;4;4;6;0;3;1;11;20;4.7019511786850465;3;0;7;-2.1584571092920495;23;2.5890361802267225;5;3;2;3;4;5;1;4;4;20;7.01822353915415;0;5;24;1;13;22;-5.651200671567507;3;5;6;5;5;4;18
TRACK:358;1;6;4;3;6;0;6;4;4;0;0;4;20;-5.809372285085031;0;9;23;0.8568595523069824;5;5;10;6;1;6;0;2;2;7;2.9024529940447863;22;-2.382032378478012;0;23;-5.284896154502463;24;6;3;8;4;3;4;4;13
TRACK:359;1;6;6;6;4;4;1;6;5;0;5;2;25;14;2;4;9;0;23;-5.284896154502463;24;0;3;1;2;2;13;18;3;13;2;0;16;8;3;19;4;5;5;11
TRACK:360;350;-1;3;5;5;1;1;0;5;6;4;2;11;22;8.525262767201122;4;6;0;5;24;1;8;13;5;4;1;6;2;20;-2.3107407415889036;19;5;4;17;6;6;0;4;1;2;23;-3.324873368308113;22;-3.7054921851045948;0;17;25;0;4;4;15;5;3;23;2.5095340051079913
TRACK:361;352;-1;1;6;2;3;1;5;5;3;2;2;17;22;-4.54679551358707;5;25;4;2;3;0;5;20;3.187000550123054;5;14;1;6;1;17;8;5;1;17;11;6;6;4;1;5;4;4;7;0.14724856774468528;1;3;24;3;6;21;-6.1081780743292375;6;0;1;2;4;1;2;5;6;17;4;3;23;5.024527158603804;1;1;0;11;17;3;18;3;0;17;10;3;6;6;4;3;23;-6.294538867395592;2;2;0;3;3;6;12;4;4;0;24;21;-7.997059411303524;1;4;2;4;8;3;8;1;1;3;8;6;13;0;2;11;9;5;22;3.9541161466948367;1;5;1;5;4;8;1;6;10;0;7;-7.386325215313945;18;5;1;3;1;19;12;1;1;10;13;6;19;3;5;1;2;4;3;1;23;5.98772368412034;19;4;1;4;21;2.148733404992127;2;13;17;5;1;0;0;24;11;5;19;2;3;16;5;9
TRACK:362;354;-1;0;5;4;2;3;2;6;6;5;4;9;1;4;3;3;21;-7.6604498227082924;3;0;5;24;5;23;8.873231266984948;4;1;2;6;2;2;16;19;6;24;3;6;6;11;1;1;3;5;24;4;5;15;5;3;1;7;-5.173136776930879;21;9.205293633494525;2;5;3;0;6;0;3;6;4;16;1;6;4;14;2;2;19;9;6;11;0;2;0;4;1;10;25;2;3;9;6;16;0;2;1;13;25;6;7;6.262375208344562;3;2;7;4.178695813621186;21;-0.18521367436530775;5;6;3;0;16;22;4.231485034640405;4;5;0;1;5;3;2;6;10;0;9;7;-7.176615015904064;5;3;6;3;16;6;2;3;5;1;11;20;0.3501382920165452;5;3;0;12;9
TRACK:363;356;-1;3;5;5;1;1;0;13;4;6;0;5;24;1;18;24;5;4;1;6;2;20;-2.1701959956808015;19;5;4;17;6;6;0;4;1;2;23;-3.328841533525443;22;-3.7860848454015383;0;17;25;0;4;4;15;5;3;23;2.5710321133123917
TRACK:364;1;-1;4;3;6;0;6;4;4;0;0;4;20;3.978162282085094;0;9;23;0.811708105592876;5;5;10;6;1;6;0;2;2;7;2.7732572076641264;22;-2.4519287377055172;5;11;6;3;8;4;3;4;4;13
TRACK:365;351;-1;4;3;6;0;6;4;4;0;0;4;20;-5.832849429609179;0;9;23;0.7617550037778262;5;5;10;6;1;6;0;2;2;7;3.087401279203182;22;-2.2143076803287447;5;11;6;3;8;2;1;2;5;11;3;25;1;2;17;17;0;11;22;-2.354600191665135;1;3;0;23;6.18455912207142;23;0.8205701785374959;5;2;9;25
TRACK:366;353;-1;6;6;1;5;1;0;0;2;0;1;24;10;3;21;0.4399842915242403;0;4;14;0;19;9;1;3;5;10;2;1;24;22;-4.467428241291531;1;15;10;0;5;2;4;22;-1.9418991651369815;0;7;7.547709227643782;12;1;2;0;9;19;4;25;1;1;15;18;4;25;5;6;0;6;0;13;14;4;10;2;6;4;3;2;0;6;19;2;17;12;4;1;23;-4.407526700249879;23;8.08143324905701;2;1;2;5;0;3;12;0;24;14;3;4;5;14;1;2;0;3;16;5;12;0;2;25;24;4;18;0;1;1;25;23;-6.161438575482563;4;23;-4.65996614771665;4;3;13;3;0;4;2;5;21;5.631091583592139;2;19;24;5;4;2;9;21;-3.070413062435062
TRACK:367;355;-1;5;4;0;6;4;5;4;5;3;1;25;22;-2.3515096665969715;1;5;6;4;4;3;5;22;-9.662933287482073;4;13
TRACK:368;357;-1;2;5;4;0;6;2;2;23;-5.628845767844169;23;1.431707772989597;2;24;10;1;0;3;20;-0.9794890104472493;0;17;9;2;3;9;3;20;-7.816746181846222;5;3;2;3;4;5;1;4;4;20;6.939356999197015;0;5;24;1;13;22;-5.6759056208623075;3;5;6;5;5;4;18
TRACK:369;6;-1;6;6;4;4;1;6;5;0;5;2;25;14;2;4;9;0;23;-5.5786032392731695;24;0;3;2;4;8;1;24;15;4;5;5;5;9
EVAL_INSTANCE:18:0:360
EVAL_INSTANCE:18:1:361
EVAL_INSTANCE:18:2:362
EVAL_INSTANCE:18:3:363
EVAL_INSTANCE:18:4:364
EVAL_INSTANCE:18:5:365
EVAL_INSTANCE:18:6:366
EVAL_INSTANCE:18:7:367
EVAL_INSTANCE:18:8:368
EVAL_INSTANCE:18:9:369
RUN_RESULT:18:0:0:2000:----
RUN_RESULT:18:1:0:2000:----
RUN_RESULT:18:2:0:2000:----
RUN_RESULT:18:3:0:2000:----
RUN_RESULT:18:4:0:2000:----
RUN_RESULT:18:5:0:2000:----
RUN_RESULT:18:6:0:2000:----
RUN_RESULT:18:7:0:2000:----
RUN_RESULT:18:8:0:2000:----
RUN_RESULT:18:9:0:2000:----
    19 |      190 |  0.000000E+00 | -0.000000E+00
TRACK:370;7;2;6;6;1;5;1;0;0;2;0;1;24;10;3;21;0.5180802268888449;0;4;21;3.364556439602179;0;19;9;1;3;5;10;2;1;24;22;-4.562838849728648;1;15;10;0;5;2;4;22;-1.962524054452894;0;7;7.284759351597952;12;1;2;0;9;19;4;25;1;1;15;18;4;25;5;6;0;6;0;13;14;4;2;14;15;2;6;4;3;2;0;6;19;2;17;12;4;1;23;-4.34107366180325;23;7.937041921718837;2;1;2;5;0;3;12;0;24;14;3;4;5;14;1;2;0;3;16;5;11;0;2;25;24;4;18;0;1;1;25;23;-6.153455215799822;4;23;-4.538127664356346;4;3;13;3;0;4;2;5;21;5.603694884827394;2;19;24;5;4;2;9;21;-2.958650359607655
TRACK:371;7;2;2;6;4;4;4;4;6;0;3;1;11;20;4.7019511786850465;3;0;7;-2.1584571092920495;9;5;3;2;3;4;4;2;5;21;5.603694884827394;2;19;24;3;5;6;5;5;4;18
TRACK:372;9;1;6;6;6;2;1;4;2;0;4;2;20;-5.453445147151205;9;2;4;20;0.6438739022106752;1;14;25;2;3;6;10;6;5;15;6;0;5;6;3;10;4;5;1;16;14;5;1;5;1;2;4;12;3;20;2.626966614425637;4;3;22;-1.4500025497646192;5;2;5;3;13;1;2;19;11;2;18;18
TRACK:373;9;1;4;3;2;3;6;10;6;5;15
TRACK:374;8;2;0;5;4;2;3;2;6;6;5;4;9;1;4;3;3;21;-7.464720865791978;3;0;5;24;5;23;8.853648769640568;4;1;2;6;2;2;16;19;6;24;3;6;20;4.7019511786850465;1;1;3;5;24;4;5;15;5;3;1;7;-5.2146562721662;21;8.998034930761346;2;5;3;0;6;0;3;6;4;16;1;6;4;14;2;2;19;9;6;11;0;2;0;4;1;10;25;2;3;9;3;14;0;2;1;13;21;4.908196409139361;6;7;6.303769962520718;3;2;7;4.2788381616732245;21;-0.14758857552427074;5;6;3;0;16;22;4.255687554163934;4;5;0;1;5;3;2;6;10;0;9;7;-7.35010520734626;5;3;6;3;16;6;2;3;5;1;11;20;0.45754510706007423;5;3;0;12;9
TRACK:375;8;2;2;6;4;4;4;4;6;0;3;1;11;20;4.7019511786850465;3;0;7;-2.1584571092920495;9;5;2;19;9
TRACK:376;9;4;6;6;6;2;1;4;2;0;4;2;20;-5.453445147151205;8;2;4;20;0.6438739022106752;1;14;25;2;3;22;-3.697736016703333;6;5;15;6;0;5;6;3;10;4;5;1;16;14;5;1;5;1;2;4;12;3;20;2.626966614425637;4;3;22;-1.4500025497646192;5;2;5;3;13;1;2;19;11;2;18;18
TRACK:377;9;4;3;5;5;1;1;0;5;6;4;2;24;22;8.378438308070798;4;6;0;5;24;1;19;13;5;4;1;6;2;20;-2.171588292672011;19;5;4;17;6;6;0;4;1;2;23;-3.3444411952232773;11;0;17;25;0;4;4;15;5;3;23;2.5890361802267225
TRACK:378;8;3;0;5;4;2;3;2;6;6;5;4;9;1;4;3;3;21;-7.464720865791978;3;0;5;24;5;23;8.853648769640568;4;1;2;6;2;2;16;19;6;24;3;6;6;11;1;1;3;5;24;4;5;15;5;3;1;7;-5.2146562721662;21;8.998034930761346;2;5;3;0;6;0;3;6;4;16;1;6;4;14;2;2;19;9;6;11;0;2;3;19;0;2;1;13;21;4.908196409139361;6;7;6.303769962520718;3;2;7;4.2788381616732245;21;-0.14758857552427074;5;6;3;0;16;22;4.255687554163934;4;5;0;1;5;3;2;6;10;0;9;7;-7.35010520734626;5;3;6;3;16;6;2;3;5;1;11;20;0.45754510706007423;5;3;0;12;9
TRACK:379;8;3;5;6;0;5;4;6;1;1;5;5;16;5;2;18;22;-2.3150351516250893;5;0;3;19;6;10;3;5;4;1;3;3;3;7;-5.860736449684394;4;16
TRACK:380;370;-1;6;6;1;5;1;0;0;2;0;1;24;10;3;21;0.5504316874175548;0;4;21;3.3939934935636096;0;19;9;1;3;5;10;2;1;24;22;-4.596040249147534;1;15;10;0;5;2;4;22;-2.046970137048996;0;7;7.4054890123078865;12;1;2;0;9;19;0;25;21;-0.7183768191075224;1;1;15;18;4;25;5;6;0;6;0;13;14;4;2;14;15;2;6;4;3;2;0;6;19;2;17;12;4;1;23;-4.337072604649955;23;8.126006012639163;2;1;2;5;0;3;12;0;24;14;3;4;5;14;1;2;0;3;16;5;11;0;2;25;24;4;18;0;1;1;25;23;-5.984361534429367;4;23;-4.552465550916617;4;3;13;3;0;4;2;5;21;5.484330676518182;2;19;24;5;4;2;9;21;-3.0552063325459464
TRACK:381;372;-1;6;6;6;2;1;4;2;0;4;2;20;-5.4440951118113965;9;2;4;20;0.4773504940482543;1;14;25;2;3;6;10;6;5;15;6;0;5;6;3;21;9.27268777261801;4;5;1;16;14;5;1;5;1;2;4;12;3;20;2.7173183721659164;4;3;22;-1.3766346304077417;5;2;5;3;13;1;2;19;11;2;18;18
TRACK:382;374;-1;0;5;4;2;3;2;6;6;5;4;9;1;4;3;3;21;-7.553700216833477;3;0;5;24;5;23;8.92154099632352;4;1;2;6;2;2;16;19;6;24;3;6;20;4.649714861670512;1;1;3;5;24;4;5;15;5;3;1;7;-5.036328705051934;21;8.875197463524986;2;5;3;0;6;0;3;6;4;16;1;6;4;14;2;2;19;9;6;11;0;2;0;4;1;10;25;2;3;9;3;14;0;2;1;13;21;5.003049645899991;6;7;6.301587887636555;3;2;7;3.998127363365189;21;-0.2958918641684838;5;6;3;0;16;22;4.2247820317339455;4;5;4;5;6;6;6;5;15
TRACK:383;376;-1;6;6;6;2;1;4;2;0;4;2;20;-5.572436921060872;8;2;4;20;0.5241980340659739;1;14;25;2;3;22;-3.674834097212042;6;5;15;6;0;5;6;3;10;4;5;1;16;14;5;1;5;1;2;4;12;3;20;2.4931774173930292;4;6;14;5;2;5;3;13;1;2;19;11;2;18;18
TRACK:384;378;-1;0;5;4;2;3;2;6;6;5;4;9;1;4;3;3;21;-7.389118369815407;3;0;5;24;5;23;8.766211446715257;4;1;2;6;2;2;16;19;6;24;3;6;6;11;1;1;3;5;24;4;5;15;5;3;1;7;-5.246674404346271;21;8.779278473990935;2;5;3;0;6;0;3;6;4;16;1;6;4;14;2;2;19;9;6;11;0;2;3;19;0;2;1;13;21;4.900389085441934;6;7;6.409420411636888;3;2;7;4.331320849292465;21;-0.08488140577631609;5;6;3;0;16;22;4.343755829654395;4;5;0;1;5;3;2;6;10;0;9;7;-7.374044311059404;5;3;6;3;16;6;2;3;5;1;11;17;5;3;0;12;9
TRACK:385;371;-1;2;6;4;4;4;4;6;0;3;1;11;20;4.7304673232678764;3;0;7;-2.136173625794592;9;5;3;2;3;4;4;2;5;21;5.705660062855715;5;0;21;-4.077158047224603;8;3;5;6;5;5;4;18
TRACK:386;373;-1;4;1;6;1;0;2;6;6;3;22;8.584337486316787;3;1;1;18;21;6.6973807953413385;6;20;-3.530023810891107;4;2;3;5;20;-5.889516528599106;6;6;17;6;1;1;5;6;9;4;1;20;1.9327962236835141;11;5;0;0;24;13;2;12;23;2.9443046784959;0;3;3;2;6;1;1;9;22;-4.52500820532588;2;25;15;1;1;1;17;14;2;7;-4.376708743640021;19;5;0;7;-4.3062912487223315;24;4;3;4;0;3;4;20;-4.002896179392419;5;0;13;19
TRACK:387;375;-1;2;6;4;4;0;2;7;0.7418996478436153;13;3;13;5;2;19;9
TRACK:388;377;-1;3;5;5;1;1;0;5;6;4;2;24;22;8.294071212460661;4;6;0;5;24;1;19;13;5;4;1;6;2;20;-2.0946810891017282;19;5;4;17;6;6;0;4;1;2;23;-3.3858403327363833;25;0;17;25;0;4;4;15;5;3;23;2.466425050615891
TRACK:389;379;-1;5;6;0;5;4;6;1;1;5;5;16;5;2;18;22;-2.1440056137944037;5;0;3;19;6;10;3;5;4;1;2;1;19;19;2;16;20;-5.822294103769807;4;16
EVAL_INSTANCE:19:0:380
EVAL_INSTANCE:19:1:381
EVAL_INSTANCE:19:2:382
EVAL_INSTANCE:19:3:383
EVAL_INSTANCE:19:4:384
EVAL_INSTANCE:19:5:385
EVAL_INSTANCE:19:6:386
EVAL_INSTANCE:19:7:387
EVAL_INSTANCE:19:8:388
EVAL_INSTANCE:19:9:389
RUN_RESULT:19:0:0:2000:----
RUN_RESULT:19:1:0:2000:----
RUN_RESULT:19:2:0:2000:----
RUN_RESULT:19:3:0:2000:----
RUN_RESULT:19:4:0:2000:----
RUN_RESULT:19:5:0:2000:----
RUN_RESULT:19:6:0:2000:----
RUN_RESULT:19:7:0:2000:----
RUN_RESULT:19:8:0:2000:----
RUN_RESULT:19:9:0:2000:----
    20 |      200 |  0.000000E+00 | -0.000000E+00
TRAINING ON LEVEL:21
of 184 levels
---LEVEL STRING---
____________________
_.Laallgg.......BG._
_.1aallgg.......11._
_.8aallgg.......90._
_..aallgg.........._
_..9allgg.......v.._
_..aallgg.......V.._
_b.2allgg.......1.._
_llllllgg.......3.._
_llllllgg.........._
_gggggggg.........._
_gggggggg.......B12_
____________________
---LEVEL STRING---
training done.
The time of execution is: 2119.283084630966 s

TRAINING DONE


-----!!!NEW PROBLEM!!!-----


START TESTING

LEVEL:0:______\n_K.2._\n_kSF._\n_bB1._\n_..fR_\n_1..._\n_3.r._\n_251O_\n_s.31_\n_o..2_\n______
LEVEL:1:________\n_......_\n_......_\n_.Sb.s._\n_.1..s._\n_.4b..1_\n_B12..3_\n_......_\n________
LEVEL:2:____________\n_.........._\n_.r....f..._\n_.....bssss_\n_.R.......F_\n_B1..f..b.1_\n_AO........_\n_.rssssssss_\n_.........F_\n_ss...R...1_\n_....B12W.3_\n_oS14...1.._\n____________
LEVEL:3:__________\n_F13....G_\n_..R15a.1_\n_.......0_\n_a.A.b.a._\n_....a..._\n_B....ggg_\n_1.a.ag.a_\n_2....g.f_\n__________
LEVEL:4:__________\n_.....B12_\n_.W......_\n_.1wwwww._\n_.6wf..w._\n_..w..kw._\n_F.wwwww._\n_1......._\n_3...bK17_\n__________
LEVEL:5:_________\n_....B18_\n_......._\n_...R..._\n_...1..._\n_...3..._\n_......._\n_....B12_\n_......._\n_.b..R.._\n_....1.._\n_r...9.._\n_......._\n_________
LEVEL:6:____________\n_G13wwwwK14_\n_w.o.okofow_\n_wo.o.o.o.w_\n_wko.o.o.ow_\n_wggggggggw_\n_w.o.o.o.ow_\n_wo.o.o.okw_\n_w.o.o.o.ow_\n_wo.obo.o.w_\n_K17wwwwB12_\n____________
LEVEL:7:____________\n_F13wwwwK14_\n_w.o.okofow_\n_wo.oko.o.w_\n_wko.o.o.ow_\n_wo.o.o.okw_\n_wko.o.o.ow_\n_wo.o.o.okw_\n_wko.o.o.ow_\n_wo.obo.o.w_\n_K17wwwwB12_\n____________
LEVEL:8:__________\n_B12....F_\n_1......1_\n_9lllL.f3_\n_..rl1..._\n_...l8..._\n_...lllll_\n_.br....._\n_....R15._\n__________
LEVEL:9:___________\n_rg9SkofVr_\n_GF.6WOV0A_\n_Fw0.3o6AB_\n_A5W..5A2l_\n_.WO5KlF.1_\n_441934sR2_\n_vF38vVb.k_\n_W4bAS.K1K_\n_kO9.W..21_\n_0Ba4o3.L2_\n_w9G.SG99v_\n_g9Br5Kkbk_\n_.l7RRG6r3_\n_LFffV..Gv_\n_ga8.ro1wr_\n_VWV7R..3._\n___________
LEVEL:10:__________\n_........_\n_....V12._\n_........_\n_...v...._\n_F.v.v..._\n_1..v...._\n_3......._\n_....f..._\n__________
LEVEL:11:__________\n_b....Vwv_\n_.....1ww_\n_.....3.._\n_........_\n_........_\n_.....BW._\n_.....11._\n_.....26._\n__________
LEVEL:12:__________\n_...K..3._\n_.f.k...._\n_kkkk...._\n_...kgkkk_\n_........_\n_G10...b._\n_.....B12_\n_K14..F13_\n__________
LEVEL:13:__________\n_..Bwwlll_\n_b.1wwlll_\n_..2wwlll_\n_...wwlll_\n_...wwlll_\n_W16....._\n_....F13._\n_s...wwwf_\n__________
LEVEL:14:__________\n_G10gl.f._\n_.aagl.l._\n_.R.gg.ll_\n_.b..gggl_\n_...a...a_\n_..r....5_\n_B12.1..._\n_F13a.L16_\n__________
LEVEL:15:__________\n_bW12..Fr_\n_........_\n_w.w.w..S_\n_.s...s.1_\n_..w.www4_\n_B.3s1..._\n_1.w.w..._\n_2.....Rf_\n__________
LEVEL:16:__________\n_bW12..Fr_\n_........_\n_w.w.w..S_\n_.s...s.1_\n_..w.www4_\n_B.3s1..S_\n_1.w.w..._\n_2.....Rf_\n__________
LEVEL:17:__________\n_.f......_\n_.......3_\n_kkkkgkkk_\n_...g.g.._\n_K14k.k.._\n_...k.kkk_\n_B12k..b._\n_F13....._\n__________
LEVEL:18:____________________\n_B.S14.O16.R15.B12._\n_1.F13.G16.V17....._\n_.Sv..............._\n_Rggggggggggggggggg_\n_1ggggggggggggggggg_\n_.F......gggggggggg_\n_ooo.......gggggggg_\n_wwwoo.......gggggg_\n_wwwwwoo.......gggg_\n_wwwwwwwoo..r......_\n_wwwwwwwwwoo.b....._\n_wwwwwwwwwwwooaaaaa_\n____________________
LEVEL:19:_________________\n_F13w.f.w.a...rw_\n_.a.wa...b.a.a.w_\n_wwrwwwww..wwwww_\n_...a...a....a.._\n_wwwwww.wwwwwwww_\n_.a.........ar.._\n_www.wwwwwwwwwww_\n_.a...a......ba._\n_..b......a....._\n_wwwwwwwwww.war._\n_k...a.....awwww_\n_wwwwwwwwwwwwB14_\n_R16wW16wK12wB17_\n_________________
LEVEL:20:__________\n_...s.V12_\n_v..s...._\n_..sssfss_\n_..s..s.._\n_F..s..s._\n_1.....s._\n_3..S14.._\n_........_\n__________
LEVEL:21:____________________\n_.Laallgg.......BG._\n_.1aallgg.......11._\n_.8aallgg.......90._\n_..aallgg.........._\n_..9allgg.......v.._\n_..aallgg.......V.._\n_b.2allgg.......1.._\n_llllllgg.......3.._\n_llllllgg.........._\n_gggggggg.........._\n_gggggggg.......B12_\n____________________
LEVEL:22:__________\n_........_\n_...b...._\n_........_\n_F......._\n_1.B.f..._\n_3.1....._\n_..2....._\n_........_\n__________
LEVEL:23:__________\n_........_\n_B...b..._\n_1......._\n_2......._\n_........_\n_..3...f._\n_F1....f._\n_........_\n__________
LEVEL:24:__________\n_S13....._\n_.......f_\n_...r...3_\n_........_\n_........_\n_F14..R12_\n_........_\n_......s._\n__________
LEVEL:25:_________________\n_....gg.....l..._\n_....gg.....l..._\n_....gg.....l..._\n_.b..gg.....l..._\n_....gg.....l..._\n_....gg.....l..._\n_....gg.....l..._\n_....gg.B12.l..f_\n_....gg.....l..._\n_K...gg.....l..._\n_B12.gg..k..l..._\n_....gg.....l..._\n_....gg.....l..._\n_....gg.G10.l..._\n_....gg.....l..._\n_....gg.....lF13_\n_....gg.....l..._\n_....gg.....lL14_\n_________________
LEVEL:26:__________\n_.ssss.s._\n_..ss.fv._\n_...as.v._\n_.F12.A.._\n_.....1.._\n_.....3.._\n_.ggg...._\n_.s......_\n__________
LEVEL:27:__________\n_glF13S12_\n_gksgggVV_\n_ggrrrrV2_\n_vggkgkVr_\n_vvgvvvVr_\n_vvvvvlVl_\n_vvvvvlVl_\n_vvvvl.fl_\n__________
LEVEL:28:__________\n_B12..VGF_\n_S.....1._\n_1.b.s35f_\n_4...sss._\n_........_\n_gggggggg_\n_...vv..._\n_........_\n__________
LEVEL:29:__________\n_V.2a..12_\n_B12avF.._\n_bv.a...._\n_aaaaaaaa_\n_...a...._\n_..2a.A.._\n_A16a1..._\n_.1.a2f3._\n__________
LEVEL:30:__________\n_K17....._\n_......O._\n_k.vwww.._\n_...wow.k_\n_...www.._\n_KV..W16._\n_11.O1.3._\n_42..k..._\n__________
LEVEL:31:___________________\n_B12w...ag...wG10._\n_wwww...gg...wW16._\n_..13...ga...wwwww_\n_.V15..agga......._\n_.R...araga.a....._\n_.....a.ggaaa....._\n_ggggggggaaaav...._\n_.v....agga......._\n_....b..aga......._\n_......agga......._\n___________________
LEVEL:32:__________\n_b.....f._\n_.....V12_\n_........_\n_F13....._\n_........_\n_........_\n_....v..._\n_........_\n__________
LEVEL:33:__________\n_........_\n_...bV12._\n_........_\n_........_\n_.B13...._\n_........_\n_........_\n_...vv..._\n__________
LEVEL:34:__________\n_...V13.._\n_v......._\n_........_\n_......b._\n_....B12._\n_........_\n_..V15..._\n_........_\n__________
LEVEL:35:__________\n_..F1.3.._\n_llllllll_\n_..L14..._\n_........_\n_........_\n_........_\n_........_\n_bB12...f_\n__________
LEVEL:36:__________\n_B12.F13._\n_........_\n_...sss.._\n_.b.sfs.._\n_...s...._\n_...s...._\n_........_\n_........_\n__________
LEVEL:37:__________\n_s..S..a._\n_k.o....l_\n_.g....b._\n_L.g..b.w_\n_g.s..fs._\n_....B..l_\n_b...1r.._\n_G13.2b.._\n__________
LEVEL:38:__________\n_.Rrbll.f_\n_L18.lll._\n_.5..ll.r_\n_..r.ll.1_\n_..r.ll.l_\n_.F..ll.B_\n_B19.ll.1_\n_r3r....2_\n__________
LEVEL:39:__________\n_A.2...bg_\n_1.G.3.a._\n_wwg1W16._\n_..12B12b_\n_........_\n_........_\n_........_\n_........_\n__________
LEVEL:40:__________\n_b..lsllf_\n_...lslll_\n_.S.lslll_\n_L18lslll_\n_.6.ls..._\n_F......._\n_1......._\n_3.B12..._\n__________
LEVEL:41:____________________\n_llllllff........L._\n_lgggglff........1._\n_lbggglff........5._\n_lg..glff.........._\n_lG15glff.........._\n_llllllff.........._\n_ffffwww..........._\n_ffff.............._\n_.................._\n_.........F.3......_\n_..B12.....1......._\n_.................._\n_.........k........_\n_....K12..........._\n_.................._\n_.................._\n_................7._\n_.................._\n____________________
LEVEL:42:__________\n_f.k.k.kk_\n_.B12F13._\n_k......k_\n_...b...._\n_k......k_\n_........_\n_k......k_\n_.K14K17._\n__________
LEVEL:43:__________\n_ffffffff_\n_W16....._\n_Bk......_\n_1.k...k._\n_2...k..._\n_w..wwwww_\n_...k...._\n_Kk.....k_\n_1k...k.._\n_7......._\n_w..wwwww_\n_........_\n_F13...k._\n_K..k...._\n_1......._\n_4...kk.b_\n__________
LEVEL:44:__________\n_FWwwwwww_\n_11wb.fww_\n_36wwwwww_\n_G10wgkww_\n_wwwwwwww_\n_wBKwwwww_\n_w11wwwww_\n_b2.kwwww_\n__________
LEVEL:45:___________\n_.F.w..V.._\n_o1.w.o1.._\n_.4.w.o2.o_\n_wwww.o..._\n_.ov...oWw_\n_.ov.o..1w_\n_..o.O186w_\n_foo..wF13_\n___________
LEVEL:46:____________________\n_W........wwwwwwwww_\n_1wwwwwwwww......Kw_\n_6wK17ooowwR1.O.81w_\n_Kwkooo3oww..3.1.9w_\n_1wkoooooww.......w_\n_4wo1kbkowwaaaaw.ww_\n_Awooooooww.....ww._\n_1woooooowwb..w..w._\n_9wwwwwwwwww.sw.ww._\n_Awwwwwwwwwwwlwwww._\n_1wb.....ww......w._\n_4wwwww.www.b.R..w._\n_Sw......ww.r.1..w._\n_1ww.wwwwww...5L.w._\n_4wrrrrrrww....1.w._\n_Bwrrfrrrww....8.w._\n_1wwwwwwwwwwwwwwww._\n_9R19F13L18R14B12.._\n____________________
LEVEL:47:______\n_fr.b_\n_F13w_\n_gggg_\n_wwww_\n_F17w_\n_R15w_\n_G10W_\n_B121_\n_W16W_\n______
LEVEL:48:__________\n_WSLlllll_\n_111llllk_\n_556llK12_\n_lllllB17_\n_lllllK1._\n_lllkklll_\n_lllwwlll_\n_FllssllF_\n_1......1_\n_3......3_\n_f......f_\n_........_\n_........_\n_oooggooo_\n_..o..o.._\n_GBo..oOS_\n_11ob.o11_\n_89o..o58_\n__________
LEVEL:49:____________________\n_Wwvvvvvvvfvvvvvvvv_\n_1wvvvvvvv.vvvvvvvv_\n_6wvvvvvvv.vvvvvvvv_\n_Fwvvvvvvv.vvvvvvvv_\n_1wvvvvvvv.vvvvvvvv_\n_3wvvvvvvvvvvvvvvvv_\n_Vwvvvvvvvvvvvvvvvv_\n_1wvvvvvvvvvvvvvvvv_\n_4wvvvvvvvvvvvvvvvv_\n_wwvvvvvvvvvvvvvvvv_\n_..............s..._\n_......r.r.....sS.._\n_...b..rrr.....s1.._\n_..B12..R......s4.._\n_.......1......s..._\n_.......5..O1O.s..._\n_..............w..._\n_..............w..._\n____________________
LEVEL:50:_______\n_bB12._\n_...F._\n_.fR15_\n_...3._\n_.r..._\n_______
LEVEL:51:________\n_rrrrrr_\n_rrrrrr_\n_rrbrrr_\n_rr.rRr_\n_r..B12_\n_r.3.6._\n________
LEVEL:52:____________\n_v......V12_\n_...f.....F_\n_.R.....b.1_\n_B12......3_\n_...S.S14.._\n____________
LEVEL:53:__________\n_bB1...2._\n_..fR1SF._\n_1...31s._\n_3.r..2.1_\n__________
LEVEL:54:_________\n_......._\n_....b.._\n_....s.._\n_......F_\n_.B12..1_\n_......3_\n_...S121_\n_________
LEVEL:55:____________\n_.........._\n_.b..S....._\n_.....712.._\n_.....O...._\n_.B........_\n_...b.....F_\n_.........1_\n_GokK12...3_\n_V......B1._\n_r........R_\n____________
LEVEL:56:________\n_......_\n_.b...._\n_......_\n_......_\n_.S...._\n_.1...._\n_.BB123_\n_.s...3_\n________
LEVEL:57:____________\n_B1.B.....B_\n_R1.......1_\n_..5....S12_\n_.........._\n_.r.....b.._\n_...L......_\n_......1..F_\n_..f......1_\n_......s..4_\n_F13......._\n____________
LEVEL:58:_______\n_F.B12_\n_1b..._\n_3...f_\n_..k.._\n_K17.._\n_______
LEVEL:59:____________\n_B12w.....S_\n_K12w.....1_\n_F16w....7._\n_wwww......_\n_G1........_\n_1.....s..._\n_.0.3.sbs.._\n_g.....s..g_\n_gg......gg_\n_ggg....ggg_\n____________
LEVEL:60:____________\n_B12......S_\n_Br.......1_\n_R..f.....F_\n_.........1_\n_G1.......3_\n_1.....s.f._\n_.0.3.sbs.F_\n_g.....s..g_\n_gg..13..gg_\n_ggg....ggg_\n____________
LEVEL:61:_________\n_.....B8_\n_......._\n_...R..._\n_..o1..._\n_......._\n_....B.._\n_......._\n_....rs._\n_..1SF.._\n_fB31s.._\n_F112o.._\n_......._\n_________
LEVEL:62:________\n_......_\n_......_\n_......_\n_......_\n_......_\n_......_\n_..B..._\n_..1..._\n_..2F13_\n_..b..._\n_......_\n_......_\n_f.F15._\n_......_\n_......_\n________
LEVEL:63:_____________\n_.....2....._\n_.b...F....._\n_....w.712.._\n_.B....O...._\n_....S.....F_\n_........S.1_\n_.....K12..._\n_.b.W......._\n_........s.._\n_.....B12s3k_\n_..........k_\n_____________
LEVEL:64:_________\n_Fw.f.wB_\n_1w...w1_\n_3wwwww2_\n_......._\n_..W16.._\n_......._\n_...b..._\n_________
LEVEL:65:____________\n_B13......F_\n_....f....1_\n_rrrR1Rrrr2_\n_........b._\n____________
LEVEL:66:____________\n_F13wwwwK14_\n_w.o.okofow_\n_wo.o.o.o.w_\n_wko.o.o.ow_\n_wo.o.o.o.w_\n_w.o.o.o.ow_\n_wo.o.o.okw_\n_w.o.o.o.ow_\n_wo.obo.o.w_\n_K17wwwwB12_\n____________
LEVEL:67:____________\n_.........._\n_llllllll.._\n_.....r...._\n_.........._\n_..b..r...._\n_.........._\n_gggggggg.._\n_W13..G17.._\n_.........._\n_B12......._\n____________
LEVEL:68:___________\n_B12w....._\n_wwww.brk._\n_.R......._\n_........._\n_ggggggggg_\n_.1......._\n_.5......._\n_........._\n_.K......._\n_........._\n_ggggggggg_\n_........._\n_......ooo_\n_wwww..ofo_\n_W16w..ooo_\n_G10w..F13_\n___________
LEVEL:69:__________\n_k....b.._\n_w....o.o_\n_sB123ggg_\n_.fR.oo.o_\n_.....bg._\n_.r..f..._\n_.s.bs..k_\n_..sg.www_\n__________
LEVEL:70:__________\n_...12..._\n_...r.ooo_\n_2...B11O_\n_......31_\n_s2.3...2_\n_........_\n_..R1..F1_\n_.....S14_\n__________
LEVEL:71:_______________\n_.l..gL16g..l._\n_.l..ggggg..l._\n_............._\n_............._\n_..l.......l.._\n_..l.......l.._\n_3....G10....3_\n_..l.......l.._\n_..l.......l.._\n_............._\n_............._\n_.l..ggggg..l._\n_.l..gL12g..l._\n_______________
LEVEL:72:__________\n_.kSFr..._\n_vbR1Sbb._\n_g..31skB_\n_r...2so8_\n_bss...a4_\n_FR...aa._\n_S1o....w_\n_W6R11oof_\n__________
LEVEL:73:__________\n_........_\n_....V12._\n_........_\n_........_\n_F.v.v..._\n_1..v...._\n_3......._\n_....f..._\n__________
LEVEL:74:__________\n_........_\n_....V12._\n_..v.v..._\n_..vvv..._\n_F.v.v..._\n_1..v...._\n_3......._\n_....f..._\n__________
LEVEL:75:__________\n_.....B12_\n_.W.14..._\n_.1wwwww._\n_.6wf..w._\n_..w..kw._\n_F.wwwww._\n_1......._\n_3...bK17_\n__________
LEVEL:76:____________\n_K..w.kwK14_\n_1...okkfow_\n_7...B12o.w_\n_s.k......._\n_.....R...._\n_w.www..W16_\n_w........._\n_..b...r..k_\n_w........._\n_..kwwwF13._\n____________
LEVEL:77:____________\n_K.kw.kwK14_\n_1...okkfo._\n_7.o.A12o.w_\n_s.2..r.o.._\n_.....R...._\n_w.www..W16_\n_w...o..o.._\n_..b...rbak_\n_w...5...o._\n_b.fwwwF13._\n____________
LEVEL:78:__________\n_...12..._\n_...rg1.._\n_........_\n_.s..wk2g_\n_F12.V7f._\n_w.F.v..._\n_3R25K..._\n_..v....._\n__________
LEVEL:79:__________\n_W16..R15_\n_.....R13_\n_..R....._\n_B1B12.ww_\n_......wr_\n_......ww_\n_........_\n_b....R19_\n__________
LEVEL:80:__________\n_W16..R15_\n_.....R13_\n_..R....._\n_B1B12.ww_\n_......wr_\n_......ww_\n_...R...._\n_bB1..R19_\n__________
LEVEL:81:__________\n_B1B....f_\n_1......._\n_2......._\n_........_\n_........_\n_.......F_\n_.......1_\n_b......3_\n__________
LEVEL:82:__________\n_V1V....B_\n_.......1_\n_V1.....2_\n_..F....._\n_........_\n_........_\n_........_\n_bv....7F_\n_.......1_\n_.......3_\n_wwwwwwww_\n_.v....W._\n_......1._\n_f.....6._\n__________
LEVEL:83:__________\n_B12..F13_\n_........_\n_........_\n_........_\n_.b....f._\n_........_\n_........_\n_........_\n__________
LEVEL:84:__________\n_.K14.B12_\n_.fow...._\n_2o.w...3_\n_..1.W..w_\n_..4...k._\n_....rr.._\n_........_\n_....bK17_\n__________
LEVEL:85:__________\n_l......._\n_...b...._\n_L1B....._\n_..1....._\n_..2F...._\n_.b.bB1Br_\n_........_\n_.f....13_\n__________
LEVEL:86:__________\n_bF132..G_\n_....g1.1_\n_..B12AO._\n_.RF13wwr_\n_a12....._\n_o.....WF_\n_......F1_\n_.....f.._\n__________
LEVEL:87:__________\n_W16w..s._\n_...wF..._\n_...w1..._\n_...w3..._\n_r..w...._\n_...wR.b._\n_S14wB12._\n_.1Fw...r_\n__________
LEVEL:88:__________\n_W16w..s._\n_.14wF..._\n_F..w1..._\n_...w3..._\n_..rw...._\n_...wR.b._\n_S14wB12._\n_.1Fw...r_\n__________
LEVEL:89:__________\n_........_\n_WW..W16._\n_11b.B12._\n_9W......_\n_........_\n_FL...www_\n_11...wll_\n_38...wlf_\n__________
LEVEL:90:________________\n_K17..........._\n_1....3........_\n_.4w.k...Ww...._\n_..l.....1....._\n_..lw.k.76Ww..._\n_..l..........._\n_lllllllll....._\n_......ll......_\n_.............._\n_b............._\n_L14........B12_\n________________
LEVEL:91:__________\n_...K.3.._\n_.f.k...._\n_kkkk...._\n_...kgkkk_\n_........_\n_G10...b._\n_.....B12_\n_K14..F13_\n__________
LEVEL:92:__________\n_.....b.s_\n_FBs....s_\n_f13....s_\n_.2..rrrr_\n_...r...._\n_...r.RF._\n_...r.11._\n_S14r.5.._\n__________
LEVEL:93:__________\n_.B1..ww._\n_s..S...f_\n_.w1ww4.._\n_.w.SF..1_\n_1.4.Bw.4_\n_3bww3w.._\n_.......s_\n_.W12.s.._\n__________
LEVEL:94:__________\n_........_\n_B12....._\n_S16....._\n_K13.b..._\n_G16....._\n_F16..v.v_\n_.....vsv_\n_V16..vkf_\n__________
LEVEL:95:___________\n_s...f...s_\n_.k.....k._\n_..k...k.._\n_...k.k..._\n_....k...._\n_....S14.._\n_........._\n_K17...K14_\n_B12.b.F13_\n___________
LEVEL:96:__________\n_.B1.sF13_\n_S142s..._\n_...fs..._\n_sssss..._\n_........_\n_.....17._\n_.B12..b._\n_........_\n__________
LEVEL:97:_________\n_....F13_\n_......._\n_..K...._\n_..1...._\n_.f2...._\n_......._\n_k......_\n_________
LEVEL:98:__________\n_........_\n_...F13.._\n_........_\n_.......v_\n_B.....a._\n_1......._\n_2..O...._\n_..k.fb.S_\n__________
LEVEL:99:__________\n_B12.gggf_\n_F13agggg_\n_R15.gggg_\n_G10.gggg_\n_.a......_\n_..r..rr._\n_..rrrrrr_\n_b..rr..._\n__________
LEVEL:100:__________\n_........_\n_........_\n_.B...k.._\n_1......._\n_wwwvwwww_\n_.b......_\n_........_\n_.....3.._\n_...K...._\n_....1..._\n_..7....._\n_........_\n_.......V_\n_.......1_\n_B12..W14_\n__________
LEVEL:101:__________\n_....B12b_\n_....b..._\n_.......F_\n_...1...1_\n_......12_\n_........_\n_gb...f.._\n_g......._\n_g1..Rr.._\n_gfRf12.k_\n_G.f36..._\n_.b.15..F_\n_G.f....1_\n_.......4_\n_K13....._\n__________
LEVEL:102:__________\n_........_\n_........_\n_.bf....._\n_......B._\n_......1._\n_.F13..2._\n_........_\n_........_\n__________
LEVEL:103:___________\n_oLoLBLoLo_\n_o1o111o1o_\n_w8w828w8w_\n_ooo131ooo_\n_L18oboooo_\n_oooowoOoo_\n_L18oWoL18_\n_oooo1oooo_\n_L14o6oo1L_\n___________
LEVEL:104:_______________\n_B12wwW16.F.13_\n_K14ww.......k_\n_1bG.w.....k.._\n_7.1ww.w.....k_\n_f.4ww.....k.._\n_gggww..k....._\n_gggwwk......._\n_gggww..k....._\n_gggwwk......._\n_k..www..k...k_\n_..k..www..k.._\n_k......w...kw_\n_wwwwww...wwww_\n_______________
LEVEL:105:___________\n_B19L18F13_\n_1wwwwwwwW_\n_2w..b..w1_\n_ww.....w6_\n_..A....wA_\n_a.1.a..w1_\n_...5...w9_\n_.llllllll_\n_.llllllll_\n_.....l..._\n_.V1.vl.f._\n_.1...l..._\n_..2.lllll_\n___________
LEVEL:106:__________\n_.f......_\n_........_\n_kkkkkgkk_\n_B12....._\n_........_\n_G10....._\n_..F13..._\n_......b._\n__________
LEVEL:107:__________\n_.....L14_\n_.llK14wF_\n_.Wrb...1_\n_.ww....3_\n_.ww....._\n_.R1....._\n_........_\n_.1F..B12_\n__________
LEVEL:108:__________\n_b....V.B_\n_.....1.1_\n_..3..9.2_\n_.F...s.._\n_S14sss.._\n_........_\n_........_\n_....f..k_\n__________
LEVEL:109:______________\n_l.bFk...l..._\n_l.B12...l..._\n_l.k42....l.._\n_ll...R..rl2._\n_.1l......l.._\n_..llKl.lll.._\n_.k..1......._\n_....8.f..4.._\n_..2........._\n_..F1.9..K12._\n_...3........_\n_............_\n______________
LEVEL:110:__________\n_B12...fO_\n_...3...._\n_.b......_\n_F......o_\n_1......l_\n_L1......_\n_3......._\n_........_\n__________
LEVEL:111:__________\n_.2......_\n_S..b...._\n_..B....._\n_ww1....._\n_W1......_\n_.F12ss.._\n_....B123_\n_.f.....3_\n__________
LEVEL:112:__________\n_b....F13_\n_l..W16.._\n_llwlllll_\n_.....V.._\n_gggG..12_\n_v.g1.L18_\n_f.g0...._\n_ggg..B12_\n__________
LEVEL:113:______\n_...._\n_.r.._\n_...f_\n_R12._\n_..F._\n_..1._\n_..3._\n_...._\n_...._\n______
LEVEL:114:___________\n_B12aab..._\n_.......A._\n_.......1._\n_F13....7._\n_ggggggggg_\n_ggwwwwwgg_\n_www.f.www_\n_W16.k.G14_\n___________
LEVEL:115:__________\n_........_\n_........_\n_..F12..._\n_........_\n_....31A._\n_fff....._\n_..f....._\n_a.f....._\n__________
LEVEL:116:__________\n_........_\n_.......o_\n_..f....._\n_........_\n_...K13.._\n_.r.g..B._\n_..w...1._\n_...b..2k_\n__________
LEVEL:117:__________\n_B1.awB12_\n_f.o..12._\n_b....rg1_\n_1......._\n_3..Rrr.5_\n_....r..l_\n_g7.w.Ar._\n_K2.k..or_\n__________
LEVEL:118:__________\n_B12..F13_\n_1......._\n_9......._\n_..rb.9.._\n_........_\n_..R..5.._\n_..1....v_\n_V18...vf_\n__________
LEVEL:119:__________\n_b......B_\n_..1.R..1_\n_.R...5.2_\n_........_\n_.0.rrr.._\n_gggggggg_\n_gg...G10_\n_fg...F13_\n__________
LEVEL:120:__________\n_........_\n_S12.B..._\n_S..1..2._\n_........_\n_K.....s._\n_...b...._\n_........_\n_3......._\n__________
LEVEL:121:__________\n_........_\n_.b......_\n_..B....._\n_..1....._\n_..2....._\n_..3....._\n_.Ss....._\n_........_\n__________
LEVEL:122:__________\n_b......._\n_........_\n_...f...._\n_B......._\n_1......._\n_2......._\n_l......._\n_ff.lF13._\n__________
LEVEL:123:__________\n_....B12._\n_....F13._\n_k.b....._\n_....K1.._\n_....fR.._\n_........_\n_........_\n_....r..._\n__________
LEVEL:124:__________\n_........_\n_...b...._\n_........_\n_........_\n_..B...F._\n_..1...1._\n_..2...3._\n_........_\n_........_\n_.......f_\n_........_\n__________
LEVEL:125:__________\n_........_\n_b......._\n_........_\n_...r...._\n_..R12..._\n_.....F.f_\n_.....1.._\n_.....3.._\n__________
LEVEL:126:__________\n_..B12..._\n_........_\n_....F..._\n_..fR15.._\n_b...3..._\n_........_\n_........_\n_..r....._\n__________
LEVEL:127:__________\n_F13....._\n_........_\n_........_\n_.b......_\n_........_\n_...B12.._\n_........_\n_f......._\n__________
LEVEL:128:__________\n_....LLLr_\n_1...LLL._\n_F......._\n_.......F_\n_.......1_\n_.......3_\n_..Rb...._\n_.....B12_\n__________
LEVEL:129:__________\n_......13_\n_..W16..._\n_...B1B.._\n_..B1...._\n_..12...._\n_wwb....._\n_........_\n_........_\n__________
LEVEL:130:_______________\n_......w......_\n_......r..R15._\n_..g.ggr.w...._\n_..g...r...w.._\n_g.rrr.rrk...._\n_.....rK14...._\n_.r.w...r..k.._\n_..r.w.r..ggrg_\n_.bwwwwr.W16r._\n_.wr.rrrwr..k._\n_.w...gw.r..k._\n_.w.f.g..r...._\n_.wr.....r...._\n_B12G10..r.F13_\n_______________
LEVEL:131:_______________\n_......w......_\n_......r..R15._\n_..g.ggr.w...._\n_..g...r...w3._\n_g.rrr.rrk...._\n_.....rK14...._\n_.r.w...r..k.._\n_..r.w.r..ggrg_\n_.bwwwwr.W16r._\n_.wr.rrrwr..k._\n_.w...gw.r..k._\n_.w.f.g..r...._\n_.wr.....r...._\n_B12G10..r.F13_\n_______________
LEVEL:132:__________\n_.......f_\n_........_\n_.k......_\n_..k....._\n_b..k...._\n_.....F13_\n_B12....._\n_........_\n__________
LEVEL:133:__________\n_........_\n_........_\n_llllllll_\n_L.....B._\n_1...b.1._\n_8.....9._\n_........_\n_B12..F13_\n__________
LEVEL:134:_______________\n_b........wF19_\n_G.R.B.R.SwV18_\n_1.R.1.1.1wV17_\n_6.R.2.5.6wF13_\n_...r.r...wW16_\n_.........wG1G_\n_....g....wS1S_\n_wwwwswwwwwwww_\n_vg..f..svw..._\n_______________
LEVEL:135:__________\n_......F._\n_f......o_\n_..b....f_\n_......R._\n_.r....11_\n_.1OB12.._\n_1..b...._\n_3......._\n__________
LEVEL:136:__________\n_........_\n_b.....b._\n_.....b.._\n_...r...._\n_..R12..._\n_.....F.f_\n_.b...1.._\n_.....3.._\n__________
LEVEL:137:__________\n_F13....._\n_........_\n_........_\n_.b......_\n_........_\n_.....B12_\n_........_\n_f......._\n__________
LEVEL:138:__________\n_......BF_\n_.b....11_\n_....R.23_\n_1..5.r.._\n_.....r.._\n_gggggggg_\n_gggggggg_\n_gggggfgg_\n__________
LEVEL:139:__________\n_V.2a..12_\n_B12avF.._\n_bv.a...._\n_aaaaaaaa_\n_...a...._\n_r.Ra.A.._\n_A16a1..._\n_A1032f3._\n__________
LEVEL:140:__________\n_F13....f_\n_....llV._\n_....ll1l_\n_....ll2l_\n_...lll.l_\n_...lllll_\n_.v......_\n_........_\n__________
LEVEL:141:__________\n_........_\n_F12....._\n_....3..._\n_....V1.._\n_........_\n_........_\n_...f.l.v_\n_.....l.._\n__________
LEVEL:142:__________\n_....w.b._\n_....w..w_\n_B13.w.ww_\n_........_\n_F12.fff._\n_........_\n_....W15._\n_........_\n__________
LEVEL:143:__________\n_G......._\n_1..L14.._\n_0......F_\n_.......1_\n_.b.....3_\n_ggg....._\n_llg.B12._\n_fl......_\n__________
LEVEL:144:__________\n_bB1...2._\n_..fR1SF._\n_1...31s._\n_3.s..2.1_\n__________
LEVEL:145:__________\n_......wf_\n_W15..w.._\n_.....w.w_\n_.B12w.w._\n_.....w.._\n_...b..ww_\n_F13...w._\n_......w._\n__________
LEVEL:146:____________\n_A18wa....._\n_B19ww..a.._\n_1ssswa..a._\n_2K13wV13a._\n_wwwww..a.._\n_aaaaa...a._\n_a....aaVav_\n_..aa.aa1av_\n_a.ba.a.8av_\n_aaaa...akv_\n____________
LEVEL:147:__________\n_...w..w._\n_..w.fw.._\n_V12..v.w_\n_....w.w._\n_..ww...w_\n_F13.w.v._\n_.b.v...._\n_....W15._\n__________
LEVEL:148:__________\n_.....w.._\n_F13v...._\n_..V1..w._\n_.b..2..._\n_.W15...w_\n_.w...w.._\n_....w..._\n_B12.w.f._\n__________
LEVEL:149:__________\n_fwwwwwGF_\n_ggwwww11_\n_ggrwww03_\n_g...wwwW_\n_r....ww1_\n_.W19.R16_\n_.O18.1ww_\n_bB12b5.w_\n__________
LEVEL:150:__________\n_.......4_\n_.b..v.gb_\n_..lBOrv._\n_O131..F._\n_.sf2..f._\n_..w...bl_\n_...g.v.._\n_A.of.f.9_\n__________
LEVEL:151:__________\n_.B......_\n_.1..F13O_\n_.2bR...._\n_........_\n_......a._\n_........_\n_........_\n_...f...._\n__________
LEVEL:152:____________________\n_BWw..............._\n_11w.....G10......._\n_26w..wwwwwwww....._\n_www..woooooow....._\n_.....wooR15ow....._\n_.....woooooow....._\n_.....woborrow....._\n_.....woooooow....._\n_..wwwwwggggwwwww.._\n_..w............w.._\n_..w............w.._\n_..w............w.._\n_..wggg.........w.._\n_..wggg.....F13.w.._\n_..wfgg.........w.._\n_..wwwwwwwwwwwwww.._\n_.................._\n_.................._\n____________________
LEVEL:153:__________\n_L1.....O_\n_1......1_\n_8......9_\n_........_\n_F15.V12._\n_w.l.Kv.._\n_3.2.V..k_\n_.......k_\n__________
LEVEL:154:__________\n_B1gg..kb_\n_...v...._\n_......f3_\n_a3V12..._\n_........_\n_.g......_\n_K1.G...._\n_B1...F13_\n__________
LEVEL:155:__________\n_B12..G10_\n_...f...._\n_........_\n_gggggggg_\n_b......._\n_.....r.._\n_........_\n_F13..R15_\n__________
LEVEL:156:__________\n_.R.bll.f_\n_L18.lll._\n_.5..ll.r_\n_..r.ll.1_\n_..r.ll.l_\n_.F..ll.B_\n_B19.ll.1_\n_.3.....2_\n__________
LEVEL:157:__________\n_V12.r..._\n_R.rr2rw._\n_1r....wg_\n_4.ggrrwv_\n_gggF13aa_\n_r.gggggg_\n_a..rarar_\n_fargrara_\n__________
LEVEL:158:__________\n_B12..G10_\n_........_\n_gg..b.1._\n_Fgsr.r5._\n_.gsr.R.._\n_.gs....._\n_.gssss.._\n_.13S141F_\n__________
LEVEL:159:__________\n_B12..G10_\n_sss....._\n_gg..b.1._\n_Fgsr.r5._\n_.gsr.R.._\n_.gs....._\n_.gssss.._\n_.13S141F_\n__________
LEVEL:160:__________\n_kBK.w.b._\n_..1ww..._\n_..2w...._\n_wwww..V._\n_......1._\n_......3._\n_W18....._\n_.....B19_\n__________
LEVEL:161:__________\n_BK13gggG_\n_1rrrggR1_\n_2rbrgR16_\n_.rrrgg7g_\n_.ggggrgg_\n_.ggggggg_\n_.g..rggr_\n_.r.r.r.k_\n__________
LEVEL:162:__________\n_bwawaB12_\n_wawawawa_\n_awawawaw_\n_wawawawa_\n_awawawaw_\n_wawawawa_\n_awawawaw_\n_F13awawf_\n__________
LEVEL:163:__________\n_........_\n_.aaaaa.1_\n_.aabaa.3_\n_.aaaaa.._\n_........_\n_.A......_\n_.1......_\n_.2...B12_\n__________
LEVEL:164:__________\n_KRg...rs_\n_11.g..rr_\n_45.gg..._\n_.B13g..._\n_....wS12_\n_L...l..._\n_1.kkl.k._\n_0b.ll.k._\n__________
LEVEL:165:__________\n_VB12...3_\n_1o..o..._\n_4o..vK16_\n_oo.o...._\n_vobo.kk._\n_..o....._\n_..v..v.._\n_........_\n__________
LEVEL:166:__________\n_wfkwwwww_\n_lwwlwwlw_\n_sllsllsl_\n_.s......_\n_....b.s._\n_W16F13.._\n_..B19S14_\n_L18..B12_\n__________
LEVEL:167:__________\n_kk.k.kkk_\n_llo..o.k_\n_.lo..o.k_\n_.loooo.k_\n_.llll..k_\n_..looooo_\n_..lollll_\n_..lollll_\n_....llll_\n_........_\n_........_\n_L16....._\n_........_\n_........_\n_BK13...._\n_1......._\n_2.K17..._\n_b......._\n__________
LEVEL:168:_____________\n_..wwB12ww.._\n_..........._\n_..wwrwrww.._\n_..w.....w.._\n_W.Rw.b.wR.B_\n_1.w.....w.1_\n_6.w.....w.2_\n_w.w.......w_\n_w1.ww.ww.1w_\n_.........3._\n_..wwR15w..._\n_____________
LEVEL:169:_____________\n_B12F13fL17._\n_..........._\n_l.l.ll.ll.._\n_..........._\n_l.l..l..l.._\n_l..l..l...._\n_.l.....l.l._\n_ll.l.l.l..l_\n_..........._\n_..........._\n_b...B19.L18_\n_____________
LEVEL:170:__________\n_..b....._\n_B12.www._\n_K1.w.k.w_\n_...w...w_\n_....w.wF_\n_....wfw1_\n_.....w.3_\n_W17....._\n__________
LEVEL:171:_____________\n_B12S14F13ww_\n_S17O14W16bw_\n_wwwwwwwww.w_\n_wwwwww..osw_\n_wwwww..os.w_\n_wwww...so.w_\n_www...so..w_\n_ww.....so.w_\n_w......os.w_\n_........osw_\n_.......os.w_\n_w......so.w_\n_ww....so..w_\n_www....so.w_\n_wwww...os.w_\n_wwwww...osw_\n_wwwwww.os.w_\n_wwwwwwwwwfw_\n_____________
LEVEL:172:____________________\n_S16.........wwww.._\n_............wBFw.._\n_............w11w.._\n_............w23w.._\n_............wwww.._\n_...wwwwwwwww......_\n_...wosooooow......_\n_...wooooooow......_\n_...wooobosow......_\n_...wsooooosw......_\n_...woosoooow......_\n_...wwwwwwwww......_\n_.................._\n_.......f.........._\n_.................._\n_.................._\n_.................._\n_.................._\n____________________
LEVEL:173:__________\n_B12oo.b._\n_ooooo.F._\n_sosoo.1._\n_ofooo.3._\n_sosoo..._\n_oooooooo_\n_ooooO14o_\n_oooooooo_\n__________
LEVEL:174:____________________\n_wwowwf....Kwbwwow._\n_wB12wwF13.1w.wooWw_\n_wwbww.o.oA12.oo.1w_\n_LRwwV....o3o.wwo6r_\n_11.Br1......kwwwwg_\n_451.3..llll..wwwgg_\n_..4lwgwlllllllwwwg_\n_llllwvwllllllwK17w_\n____________________
LEVEL:175:__________\n_bsfgalro_\n_kwoBSFWA_\n_ROKGV213_\n_6750489w_\n_w.....ww_\n_w.wwwwWw_\n_w...vw1w_\n_B12V136w_\n__________
LEVEL:176:____________________\n_W........wwwwwwwww_\n_1wwwwwwwww......Kw_\n_6woooooowwR1.O.81w_\n_Kwooo3koww..3.1.9w_\n_1wkoooooww.......w_\n_4wo1kbkowwaaaaw.ww_\n_Awooooooww....oww._\n_1wK17ooowwb..woow._\n_9wwwwwwwwww.swoww._\n_Awwwwwwwwwwwlwwww._\n_1wb.....ww......w._\n_4wwwww.www.b.R..w._\n_Sw......ww.r.1..w._\n_1ww.wwwwww...5L.w._\n_4wrrrrrrww....1.w._\n_Bwrrfrrrww....8.w._\n_1wwwwwwwwwwwwwwww._\n_9R19F13L18R14B12.._\n____________________
LEVEL:177:__________\n_........_\n_S2..B12._\n_w...s..._\n_...7wooo_\n_.1.vooVo_\n_.3vbW1.6_\n_...voo2o_\n_V14.oO16_\n__________
LEVEL:178:____________________\n_WR1R.....wwwwwwwww_\n_1wwwwwwwww......Kw_\n_6wK17ooowwR1.O.81w_\n_Kwkooo3oww..3.1.9w_\n_1wkoooooww.......w_\n_4wo1kbkowwaaaaw.ww_\n_Awooooooww.....ww._\n_1woooooowwb..w..w._\n_9wwwwwwwwww.sw.ww._\n_Awwwwwwwwwwwlwwww._\n_1wb.....ww......w._\n_4wwwww.www.b.R..w._\n_Sw......ww.r.1..w._\n_1ww.wwwwww...5L.w._\n_4wrrrrrrww....1.w._\n_Bwrrfrrrww....8.w._\n_1wwwwwwwwwwwwwwww._\n_9R19F13L18R14B12.._\n____________________
LEVEL:179:__________\n_KF13K1K._\n_1f......_\n_4.wwwwwk_\n_B.wK1b.._\n_1.waA.6._\n_2WwvV.2._\n_w1wgG.0._\n_w6wlL.8._\n__________
LEVEL:180:____________________\n_S14W16...........V_\n_B12V18ww.........1_\n_G14S19..w........5_\n_.w.w..ww.........._\n_...www............_\n_.................._\n_.................._\n_....wwwwsw........_\n_...w.vb..w........_\n_..w..b...w........_\n_...w..b..w........_\n_....wwwwww........_\n_.................._\n_...O15........gggg_\n_...F13....gggggggg_\n_.........gggoooooo_\n_......ggggggoooooo_\n_..ggggggggggooooof_\n____________________
LEVEL:181:____________\n_L.kwB..K1r_\n_w.r..3.fos_\n_wS1.....s1_\n_g.r.W1..s4_\n_W.b......._\n_kk..rb.ff5_\n_9.B12....G_\n_.b.f.swgw1_\n_g.o...oO.0_\n_v.wwoRF1.f_\n____________
LEVEL:182:__________\n_K14....._\n_1k..k..._\n_.boL..k._\n_.A15..aa_\n_.b....b._\n_k...F.k._\n_..k.1..._\n_B12.lf13_\n__________
LEVEL:183:____________________\n_Wwvvvvvvvfvvvvvvvv_\n_1wvvvvvvv.vvvvvvvv_\n_6wvvvvvvv.vvvvvvvv_\n_Fwvvvvvvv.vvvvvvvv_\n_1wvvvvvvv.vvvvvvvv_\n_3wvvvvvvvvvvvvvvvv_\n_Vwvvvvvvvvvvvvvvvv_\n_1wvvvvvvvvvvvvvvvv_\n_4wvvvvvvvvvvvvvvvv_\n_wwvvvvvvvvvvwwwwww_\n_............r....._\n_............rRK.B._\n_...b..sss...r11.1._\n_..B12..S....r457.._\n_..B12..1....r....._\n_.......5....kw...._\n_.O1O........ww...._\n_............w....._\n____________________
BATCH:-1:0:0
BATCH:-1:1:1
BATCH:-1:2:2
BATCH:-1:3:3
BATCH:-1:4:4
BATCH:-1:5:5
BATCH:-1:6:6
BATCH:-1:7:7
BATCH:-1:8:8
BATCH:-1:9:9
BATCH:-1:10:10
BATCH:-1:11:11
BATCH:-1:12:12
BATCH:-1:13:13
BATCH:-1:14:14
BATCH:-1:15:15
BATCH:-1:16:16
BATCH:-1:17:17
BATCH:-1:18:18
BATCH:-1:19:19
BATCH:-1:20:20
BATCH:-1:21:21
BATCH:-1:22:22
BATCH:-1:23:23
BATCH:-1:24:24
BATCH:-1:25:25
BATCH:-1:26:26
BATCH:-1:27:27
BATCH:-1:28:28
BATCH:-1:29:29
BATCH:-1:30:30
BATCH:-1:31:31
BATCH:-1:32:32
BATCH:-1:33:33
BATCH:-1:34:34
BATCH:-1:35:35
BATCH:-1:36:36
BATCH:-1:37:37
BATCH:-1:38:38
BATCH:-1:39:39
BATCH:-1:40:40
BATCH:-1:41:41
BATCH:-1:42:42
BATCH:-1:43:43
BATCH:-1:44:44
BATCH:-1:45:45
BATCH:-1:46:46
BATCH:-1:47:47
BATCH:-1:48:48
BATCH:-1:49:49
BATCH:-1:50:50
BATCH:-1:51:51
BATCH:-1:52:52
BATCH:-1:53:53
BATCH:-1:54:54
BATCH:-1:55:55
BATCH:-1:56:56
BATCH:-1:57:57
BATCH:-1:58:58
BATCH:-1:59:59
BATCH:-1:60:60
BATCH:-1:61:61
BATCH:-1:62:62
BATCH:-1:63:63
BATCH:-1:64:64
BATCH:-1:65:65
BATCH:-1:66:66
BATCH:-1:67:67
BATCH:-1:68:68
BATCH:-1:69:69
BATCH:-1:70:70
BATCH:-1:71:71
BATCH:-1:72:72
BATCH:-1:73:73
BATCH:-1:74:74
BATCH:-1:75:75
BATCH:-1:76:76
BATCH:-1:77:77
BATCH:-1:78:78
BATCH:-1:79:79
BATCH:-1:80:80
BATCH:-1:81:81
BATCH:-1:82:82
BATCH:-1:83:83
BATCH:-1:84:84
BATCH:-1:85:85
BATCH:-1:86:86
BATCH:-1:87:87
BATCH:-1:88:88
BATCH:-1:89:89
BATCH:-1:90:90
BATCH:-1:91:91
BATCH:-1:92:92
BATCH:-1:93:93
BATCH:-1:94:94
BATCH:-1:95:95
BATCH:-1:96:96
BATCH:-1:97:97
BATCH:-1:98:98
BATCH:-1:99:99
BATCH:-1:100:100
BATCH:-1:101:101
BATCH:-1:102:102
BATCH:-1:103:103
BATCH:-1:104:104
BATCH:-1:105:105
BATCH:-1:106:106
BATCH:-1:107:107
BATCH:-1:108:108
BATCH:-1:109:109
BATCH:-1:110:110
BATCH:-1:111:111
BATCH:-1:112:112
BATCH:-1:113:113
BATCH:-1:114:114
BATCH:-1:115:115
BATCH:-1:116:116
BATCH:-1:117:117
BATCH:-1:118:118
BATCH:-1:119:119
BATCH:-1:120:120
BATCH:-1:121:121
BATCH:-1:122:122
BATCH:-1:123:123
BATCH:-1:124:124
BATCH:-1:125:125
BATCH:-1:126:126
BATCH:-1:127:127
BATCH:-1:128:128
BATCH:-1:129:129
BATCH:-1:130:130
BATCH:-1:131:131
BATCH:-1:132:132
BATCH:-1:133:133
BATCH:-1:134:134
BATCH:-1:135:135
BATCH:-1:136:136
BATCH:-1:137:137
BATCH:-1:138:138
BATCH:-1:139:139
BATCH:-1:140:140
BATCH:-1:141:141
BATCH:-1:142:142
BATCH:-1:143:143
BATCH:-1:144:144
BATCH:-1:145:145
BATCH:-1:146:146
BATCH:-1:147:147
BATCH:-1:148:148
BATCH:-1:149:149
BATCH:-1:150:150
BATCH:-1:151:151
BATCH:-1:152:152
BATCH:-1:153:153
BATCH:-1:154:154
BATCH:-1:155:155
BATCH:-1:156:156
BATCH:-1:157:157
BATCH:-1:158:158
BATCH:-1:159:159
BATCH:-1:160:160
BATCH:-1:161:161
BATCH:-1:162:162
BATCH:-1:163:163
BATCH:-1:164:164
BATCH:-1:165:165
BATCH:-1:166:166
BATCH:-1:167:167
BATCH:-1:168:168
BATCH:-1:169:169
BATCH:-1:170:170
BATCH:-1:171:171
BATCH:-1:172:172
BATCH:-1:173:173
BATCH:-1:174:174
BATCH:-1:175:175
BATCH:-1:176:176
BATCH:-1:177:177
BATCH:-1:178:178
BATCH:-1:179:179
BATCH:-1:180:180
BATCH:-1:181:181
BATCH:-1:182:182
BATCH:-1:183:183
EVAL_INSTANCE:0:0:389
RUN_RESULT:0:0:0:1812:RRUUULUULURL
RUN_RESULT:0:0:1:2000:----
RUN_RESULT:0:0:2:7:UR
RUN_RESULT:0:0:3:2000:----
RUN_RESULT:0:0:4:1223:ULLLUUULUURDDRR
RUN_RESULT:0:0:5:97:DRRRUU
RUN_RESULT:0:0:6:521:DLDDRRRURRUUUU
RUN_RESULT:0:0:7:2000:----
RUN_RESULT:0:0:8:2000:----
RUN_RESULT:0:0:9:4:R
RUN_RESULT:0:0:10:24:DDD
RUN_RESULT:0:0:11:161:DDDDDDDRRRRRU
RUN_RESULT:0:0:12:2000:----
RUN_RESULT:0:0:13:2000:----
RUN_RESULT:0:0:14:2000:----
RUN_RESULT:0:0:15:2000:----
RUN_RESULT:0:0:16:2000:----
RUN_RESULT:0:0:17:55:LLUUUUUULLL
RUN_RESULT:0:0:18:2000:----
RUN_RESULT:0:0:19:2000:----
RUN_RESULT:0:0:20:1346:DDDRDRRDUUUURR
RUN_RESULT:0:0:21:2000:----
RUN_RESULT:0:0:22:35:DDDR
RUN_RESULT:0:0:23:322:DDDLLDRRRR
RUN_RESULT:0:0:24:34:DDDDDRRR
RUN_RESULT:0:0:25:2000:----
RUN_RESULT:0:0:26:23:DLL
RUN_RESULT:0:0:27:110:DDDDDDRRRR
RUN_RESULT:0:0:28:2000:----
RUN_RESULT:0:0:29:2000:----
RUN_RESULT:0:0:30:2000:----
RUN_RESULT:0:0:31:2000:----
RUN_RESULT:0:0:32:106:UUUUUURR
RUN_RESULT:0:0:33:1501:UURUUULLU
RUN_RESULT:0:0:34:2000:----
RUN_RESULT:0:0:35:2000:----
RUN_RESULT:0:0:36:29:RRR
RUN_RESULT:0:0:37:5:UU
RUN_RESULT:0:0:38:502:LDURRRRR
RUN_RESULT:0:0:39:1153:DLUDRRU
RUN_RESULT:0:0:40:1244:DDRDRDLRR
RUN_RESULT:0:0:41:2000:----
RUN_RESULT:0:0:42:2000:----
RUN_RESULT:0:0:43:2000:----
RUN_RESULT:0:0:44:4:RLR
RUN_RESULT:0:0:45:2000:----
RUN_RESULT:0:0:46:2000:----
RUN_RESULT:0:0:47:2000:----
RUN_RESULT:0:0:48:2000:----
RUN_RESULT:0:0:49:2000:----
RUN_RESULT:0:0:50:8:DDR
RUN_RESULT:0:0:51:20:DDLDRRLLL
RUN_RESULT:0:0:52:79:DRRR
RUN_RESULT:0:0:53:911:URULULLURL
RUN_RESULT:0:0:54:2000:----
RUN_RESULT:0:0:55:2000:----
RUN_RESULT:0:0:56:2000:----
RUN_RESULT:0:0:57:2000:----
RUN_RESULT:0:0:58:104:DRRR
RUN_RESULT:0:0:59:2000:----
RUN_RESULT:0:0:60:1:U
RUN_RESULT:0:0:61:941:DLUURRD
RUN_RESULT:0:0:62:154:DDDLL
RUN_RESULT:0:0:63:2000:----
RUN_RESULT:0:0:64:812:UUUUULUR
RUN_RESULT:0:0:65:328:DRDRRR
RUN_RESULT:0:0:66:2000:----
RUN_RESULT:0:0:67:2000:----
RUN_RESULT:0:0:68:2000:----
RUN_RESULT:0:0:69:2000:----
RUN_RESULT:0:0:70:2000:----
RUN_RESULT:0:0:71:2000:----
RUN_RESULT:0:0:72:372:URDRLL
RUN_RESULT:0:0:73:24:DDD
RUN_RESULT:0:0:74:14:DDD
RUN_RESULT:0:0:75:2000:----
RUN_RESULT:0:0:76:2000:----
RUN_RESULT:0:0:77:2000:----
RUN_RESULT:0:0:78:2000:----
RUN_RESULT:0:0:79:154:UUUUURURD
RUN_RESULT:0:0:80:469:UUUUURURD
RUN_RESULT:0:0:81:95:UUUURUURRURRRR
RUN_RESULT:0:0:82:2000:----
RUN_RESULT:0:0:83:60:RRRRR
RUN_RESULT:0:0:84:2000:----
RUN_RESULT:0:0:85:592:RURDD
RUN_RESULT:0:0:86:106:DRRRRD
RUN_RESULT:0:0:87:2000:----
RUN_RESULT:0:0:88:2000:----
RUN_RESULT:0:0:89:522:UURRDDRDR
RUN_RESULT:0:0:90:2000:----
RUN_RESULT:0:0:91:2000:----
RUN_RESULT:0:0:92:2000:----
RUN_RESULT:0:0:93:2000:----
RUN_RESULT:0:0:94:2000:----
RUN_RESULT:0:0:95:2000:----
RUN_RESULT:0:0:96:2000:----
RUN_RESULT:0:0:97:8:UUR
RUN_RESULT:0:0:98:2:L
RUN_RESULT:0:0:99:2000:----
RUN_RESULT:0:0:100:2000:----
RUN_RESULT:0:0:101:2000:----
RUN_RESULT:0:0:102:4:R
RUN_RESULT:0:0:103:2000:----
RUN_RESULT:0:0:104:2000:----
RUN_RESULT:0:0:105:2000:----
RUN_RESULT:0:0:106:2000:----
RUN_RESULT:0:0:107:2000:----
RUN_RESULT:0:0:108:2000:----
RUN_RESULT:0:0:109:2000:----
RUN_RESULT:0:0:110:2000:----
RUN_RESULT:0:0:111:2000:----
RUN_RESULT:0:0:112:2000:----
RUN_RESULT:0:0:113:18:DRR
RUN_RESULT:0:0:114:2000:----
RUN_RESULT:0:0:115:2000:----
RUN_RESULT:0:0:116:2000:----
RUN_RESULT:0:0:117:191:RDDDLUU
RUN_RESULT:0:0:118:2000:----
RUN_RESULT:0:0:119:2000:----
RUN_RESULT:0:0:120:2000:----
RUN_RESULT:0:0:121:2000:----
RUN_RESULT:0:0:122:32:DDRRR
RUN_RESULT:0:0:123:45:DDRR
RUN_RESULT:0:0:124:1222:DDDDDDDDRRRR
RUN_RESULT:0:0:125:111:RRDRDR
RUN_RESULT:0:0:126:14:URR
RUN_RESULT:0:0:127:48:DDDDL
RUN_RESULT:0:0:128:2000:----
RUN_RESULT:0:0:129:414:RURURUU
RUN_RESULT:0:0:130:2000:----
RUN_RESULT:0:0:131:2000:----
RUN_RESULT:0:0:132:246:UUUURRRRRRR
RUN_RESULT:0:0:133:1455:RRLURURDD
RUN_RESULT:0:0:134:2000:----
RUN_RESULT:0:0:135:2000:----
RUN_RESULT:0:0:136:111:RRDRDR
RUN_RESULT:0:0:137:48:DDDDL
RUN_RESULT:0:0:138:1463:DDDDDDRRRR
RUN_RESULT:0:0:139:2000:----
RUN_RESULT:0:0:140:127:UUUUURRURRRR
RUN_RESULT:0:0:141:2000:----
RUN_RESULT:0:0:142:112:UUUUR
RUN_RESULT:0:0:143:2000:----
RUN_RESULT:0:0:144:911:URULULLURL
RUN_RESULT:0:0:145:1570:URUURURRU
RUN_RESULT:0:0:146:2000:----
RUN_RESULT:0:0:147:7:UL
RUN_RESULT:0:0:148:2000:----
RUN_RESULT:0:0:149:2000:----
RUN_RESULT:0:0:150:113:DLLL
RUN_RESULT:0:0:151:209:DDDDDR
RUN_RESULT:0:0:152:2000:----
RUN_RESULT:0:0:153:2000:----
RUN_RESULT:0:0:154:30:DRRR
RUN_RESULT:0:0:155:2000:----
RUN_RESULT:0:0:156:606:LDURRRRR
RUN_RESULT:0:0:157:1155:DDLLLLLDLDL
RUN_RESULT:0:0:158:2000:----
RUN_RESULT:0:0:159:2000:----
RUN_RESULT:0:0:160:2000:----
RUN_RESULT:0:0:161:2000:----
RUN_RESULT:0:0:162:99:DDDDDDRRRDRRRR
RUN_RESULT:0:0:163:2000:----
RUN_RESULT:0:0:164:2000:----
RUN_RESULT:0:0:165:2000:----
RUN_RESULT:0:0:166:2000:----
RUN_RESULT:0:0:167:2000:----
RUN_RESULT:0:0:168:2000:----
RUN_RESULT:0:0:169:2000:----
RUN_RESULT:0:0:170:332:DDUDD
RUN_RESULT:0:0:171:2000:----
RUN_RESULT:0:0:172:63:DDDDD
RUN_RESULT:0:0:173:63:DDDLL
RUN_RESULT:0:0:174:2000:----
RUN_RESULT:0:0:175:124:RRRRRDULLL
RUN_RESULT:0:0:176:2000:----
RUN_RESULT:0:0:177:2000:----
RUN_RESULT:0:0:178:2000:----
RUN_RESULT:0:0:179:2000:----
RUN_RESULT:0:0:180:2000:----
RUN_RESULT:0:0:181:2000:----
RUN_RESULT:0:0:182:2000:----
RUN_RESULT:0:0:183:2000:----
The time of execution is: 277.0546362400055 s
