pygame 2.2.0 (SDL 2.30.7, Python 3.8.10)
Hello from the pygame community. https://www.pygame.org/contribute.html
LEVEL:0:_________________\n_F13w.f.w.a...rw_\n_.a.wa...b.a.a.w_\n_wwrwwwww..wwwww_\n_...a...a....a.._\n_wwwwww.wwwwwwww_\n_.a.........ar.._\n_www.wwwwwwwwwww_\n_.a...a......ba._\n_..b......a....._\n_wwwwwwwwww.war._\n_k...a.....awwww_\n_wwwwwwwwwwwwB14_\n_R16wW16wK12wB17_\n_________________
BATCH:0:0:0
TRAINING ON LEVEL:19
of 184 levels
---LEVEL STRING---
_________________
_F13w.f.w.a...rw_
_.a.wa...b.a.a.w_
_wwrwwwww..wwwww_
_...a...a....a.._
_wwwwww.wwwwwwww_
_.a.........ar.._
_www.wwwwwwwwwww_
_.a...a......ba._
_..b......a....._
_wwwwwwwwww.war._
_k...a.....awwww_
_wwwwwwwwwwwwB14_
_R16wW16wK12wB17_
_________________
---LEVEL STRING---
TRACK:0;-1;-1;6;5;4;4;2;3;5;6;1;6;17;2;15;18;4;0;2;2;0;16;23;-6.8304586043140265;4;17;0;2;23;-3.045716768713536;25;3;12;0;6;6;11;3;2;16;17
TRACK:1;-1;-1;0;4;2;0;3;6;3;3;0;5;16;0;25;16;6;4;3;0;4;1;10;24;4;2;13;11;1;3;6;5;3;5;2;14;19;5;2;0;1;5;5;18;4;4;13;6;0;1;7;0.3602594837541844;16;0;9;11;0;0;4;0;23;-0.3182322762044265;9;4;3;13;2;2;5;24;1;7;2.8122087784926357;7;-2.4669799524933893;4;5;25;2;1;0;3;2;2;1;6;5;18;0;6;17;6;16;2;5;0;19;14;1;3;21;3.6787434844141735;6;16;0;2;6;4;21;-7.846505514191158;5;6;18;2;6;6;18;0;2;19;24;1;25;10;6;1;6;3;2;4;14;5;8;2;0;4;3;11;0;5;13;6;11;2;0;4;16;2;10;24;3;3;17;3;6;0;1;1;2;2;14;12;2;25;8;2;3;24;3;19;4;5;0;25;11;5;5;5;0;23;3.801344532366798;7;-2.974970712886571;1;5;0;1;6;6;1;1;23;0.09016184943938654;22;5.189633377404299;0;23;-6.059342918267059;24;4;2;3;3;13;0;2;12;15;4;20;-4.2865046718780935;3;4;1;5;3;8;3;2;18;19;6;4;2;5;3;6;3;12;6;5;2;2;25;20;9.506822019760321;4;7;-9.288801001936392
TRACK:2;-1;-1;2;4;2;0;3;3;2;2;4;6;13;3;0;25;24;6;6;6;19;5;1;6;5;0;3;22;3.613181508814362;4;19;0;6;5;4;21;3.424804278692612;1;6;2;12;8;2;3;15;4;15;0;4;5;5;2;3;6;15;6;1;13;7;8.849387438651732;4;5;4;2;5;0;12;20;-0.6141455326857592;6;6;18;6;5;2;1;4;3;0;2;0;7;5.808802450809784;10;2;16;20;-7.423574906899613;5;2;10;19;0;3;5;1;1;10;18;6;14;2;5;4;4;21;-1.2834884289231585;5;0;4;19;6;12;1;2;5;0;4;4;16;2;4;10;2;14;15;3;5;1;0;25;24;0;14;10;3;2;0;5;5;7;5.922906560229322;2;4;21;-2.519501858667459;5;14;3;3;3;24
TRACK:3;-1;-1;5;0;2;1;1;2;0;1;0;3;18;0;11;19;2;3;8;6;11;0;3;5;20;-9.854547872440747;2;3;14;0;25;20;5.266758292435906;3;1;6;4;7;-4.802489530000629;5;2;7;-1.4171908279333838;16;5;3;4;0;4;17;5;13;1;6;5;6;1;2;25;12;1;24;18;5;3;6;6;3;20;-7.581922671886156;1;6;4;0;6;3;6;9;3;2;1;10;19;2;12;15;3;6;1;2;2;4;17;2;10;7;-6.133789060629686;1;6;20;-0.8807957506615907;4;21;-2.4445561251967156;6;0;5;7;-8.41724648602375;3;22;-2.064242001124274;1;3;6;0;0;4;0;2;7;-1.13735537058224;10;1;13;8;4;0;3;18;5;18;0;6;3;1;18;21;-0.1465674434131934;2;6;6;11;1;0;14;13;0;21;-0.6777374980974411;11;1;2;5;0;6;3;0;10;16;5;5;4;19;3;1;5;2;6;21;-5.102726627346557;4;21;-7.780513196050098;3;6;1;7;-4.09981042546441;15;0;2;2;4;2;1;21;4.71681260114514;11;0;22;-6.749979277028966;9;4;1;1;21;6.70545674170857;22;-5.398647801289512;0;9;21;-3.456409740315678;1;6;6;4;10;5;2;2;12;16;3;25;6;5;0;2;5;16;6;17;6;1;7;7.846653418014004;24
TRACK:4;-1;-1;4;6;3;1;5;0;0;0;1;0;22;-9.316943896580788;14;6;7;9.167995193698214;3;4;21;0.6900502998878011;3;1;2;19;20;5.150540031187385;6;12;4;0;1;3;14;3;15;0;1;16;9;2;17;16;0;3;2;3;4;3;23;-2.86126816405317;1;5;6;10;2;3;23;3.4365161781676505;2;13;11;2;5;5;2;3;25;5;13;1;4;5;5;17;0;6;1;22;3.289733235981574;20;-6.907684957629343;4;5;9
TRACK:5;-1;-1;2;3;5;4;4;2;4;6;3;1;16;11;4;2;4;4;11;2;3;18;5;13;4;2;6;2;6;6;1;6;2;20;-1.6933720277892483;21;-6.288600675825968;5;0;13;11;5;3;3;0;5;14;6;19;6;3;0;3;3;3;6;16;2;5;5;2;12;25;3;2;3;9;4;21;1.078421764462469
TRACK:6;-1;-1;1;6;0;4;0;5;6;5;3;5;13;0;3;0;4;1;16;14;4;0;12;13;5;0;6;2;21;7.393179846246412;25;5;6;16;4;4;4;1;3;1;6;16;1;10;16;5;2;0;9;13;5;23;-1.1077769196155351;4;0;1;0;1;1;0;1;6;10;3;12;6;2;17;16;6;1;6;15;1;13;14;3;2;3;5;23;5.524369017262018;1;3;20;-2.943891205362716;3;24;0;2;5;1;1;11;12;5;16;4;6;2;20;-4.7103146743896;9;1;5;3;3;15;1;4;1;15;23;-0.35414720371207586;5;1;20;3.8200324129139958;12;2;6;0;6;2;1;17;24;1;23;-4.722944952699426;10;2;0;4;13;4;16;2;2;23;5.430651362399798;14;1;17;8;6;1;5;0;3;7;5.924280577922097;6;19;4;0;0;18;13;3;11;1;3;4;3;2;1;3;10;0;10;18;4;5;24;4;6;0;6;4;1;18;16;0;4;6;20;-7.443899367482882;3;2;22;-6.315687636015317;16
TRACK:7;-1;-1;5;5;5;3;4;4;2;2;0;6;8;1;24;8;2;2;8;23;-9.564095691132996;6;16;5;1;4;13;0;7;-5.7983231544464715;24
TRACK:8;-1;-1;0;5;4;0;6;0;6;3;1;3;15;1;13;18;5;0;0;3;21;9.428315445839132;3;12;6;6;24;0;6;1;5;1;4;17;2;9;25;6;2;1;16;24;1;11;9;6;6;5;2;5;17;3;19;6;6;1;0;6;4;5;3;4;13;0;3;4;1;5;7;7.254707054088247;6;9;6;6;2;2;18;8;2;12;21;7.330216125862577;5;0;2;0;6;1;25;8;5;2;24;7;1.2485406626853326;5;3;3;9;4;5;5;1;24;9
TRACK:9;-1;-1;3;2;3;1;3;3;4;5;4;6;20;-4.396079701379884;5;5;2;6;4;4;23;9.454700458981847;3;5;2;25;20;1.9947293996791409;2;3;5;4;6;3;2;0;15;15;6;15;4;0;5;1;3;1;0;9;7;7.498876980161818;1;10;24;1;6;0;18;7;9.426482988853774;3;1;13;21;6.652627190748316;5;4;6;1;0;25;19;0;25;20;8.105844045766343
EVAL_INSTANCE:0:0:0
EVAL_INSTANCE:0:1:1
EVAL_INSTANCE:0:2:2
EVAL_INSTANCE:0:3:3
EVAL_INSTANCE:0:4:4
EVAL_INSTANCE:0:5:5
EVAL_INSTANCE:0:6:6
EVAL_INSTANCE:0:7:7
EVAL_INSTANCE:0:8:8
EVAL_INSTANCE:0:9:9
RUN_RESULT:0:0:0:2000:----
RUN_RESULT:0:1:0:2000:----
RUN_RESULT:0:2:0:2000:----
RUN_RESULT:0:3:0:2000:----
RUN_RESULT:0:4:0:2000:----
RUN_RESULT:0:5:0:2000:----
RUN_RESULT:0:6:0:2000:----
RUN_RESULT:0:7:0:2000:----
RUN_RESULT:0:8:0:2000:----
RUN_RESULT:0:9:0:2000:----
=================================================
n_gen  |  n_eval  |     f_avg     |     f_min    
=================================================
     1 |       10 |  0.000000E+00 | -0.000000E+00
TRACK:10;4;2;4;6;3;1;5;0;0;0;1;0;22;-9.316943896580788;14;6;7;9.167995193698214;3;4;21;0.6900502998878011;3;1;2;19;20;5.150540031187385;6;12;4;0;1;3;14;3;15;0;1;16;21;3.424804278692612;2;17;16;0;3;2;3;4;3;23;-2.86126816405317;1;5;6;10;2;3;23;3.4365161781676505;2;13;11;2;5;5;2;3;25;5;13;1;4;5;5;17;0;6;1;22;3.289733235981574;20;-6.907684957629343;4;5;9
TRACK:11;4;2;2;4;2;0;3;3;2;2;4;6;13;3;0;25;24;6;6;6;19;5;1;6;5;0;3;22;3.613181508814362;4;19;0;6;5;4;23;3.4365161781676505;1;6;2;12;8;2;3;15;4;15;0;4;5;5;2;3;6;15;6;1;13;7;8.849387438651732;4;5;4;2;5;0;12;20;-0.6141455326857592;6;6;18;6;5;2;1;4;3;0;2;0;7;5.808802450809784;10;2;16;20;-7.423574906899613;5;2;10;19;0;3;5;1;1;10;18;6;14;2;5;4;4;21;-1.2834884289231585;5;0;4;19;6;12;1;2;5;0;4;4;16;2;4;10;2;14;15;3;5;1;0;25;24;0;14;10;3;2;0;5;5;7;5.922906560229322;2;4;21;-2.519501858667459;5;14;3;3;3;24
TRACK:12;3;6;5;0;2;1;1;2;0;1;0;3;18;0;11;19;2;3;8;6;11;0;3;5;20;-9.854547872440747;2;3;14;0;25;20;5.266758292435906;3;1;6;4;7;-4.802489530000629;5;2;7;-1.4171908279333838;16;5;3;4;0;4;17;5;13;1;6;5;6;1;2;25;12;1;24;18;5;3;6;6;3;20;-7.581922671886156;1;6;4;0;6;3;6;9;3;2;1;10;19;2;12;15;3;1;6;10;3;12;1;3;6;0;0;4;0;2;7;-1.13735537058224;10;1;13;8;4;0;3;18;5;18;0;6;3;1;18;21;-0.1465674434131934;2;6;6;11;1;0;14;13;0;21;-0.6777374980974411;11;1;2;5;0;6;3;0;10;16;5;5;4;19;3;1;5;2;6;21;-5.102726627346557;4;21;-7.780513196050098;3;6;1;7;-4.09981042546441;15;0;2;2;4;2;1;21;4.71681260114514;11;0;22;-6.749979277028966;9;4;1;1;21;6.70545674170857;22;-5.398647801289512;0;9;21;-3.456409740315678;1;6;6;4;10;5;2;2;12;16;3;25;6;5;0;2;5;16;6;17;6;1;7;7.846653418014004;24
TRACK:13;3;6;1;6;0;4;0;5;6;5;3;5;13;0;3;0;4;1;16;14;4;0;12;13;5;0;6;2;21;7.393179846246412;25;5;6;16;4;4;4;1;3;1;6;16;1;10;16;5;2;0;9;13;5;23;-1.1077769196155351;4;0;1;0;1;1;0;1;6;10;3;12;6;2;17;16;6;1;6;15;1;13;14;3;2;3;5;23;5.524369017262018;1;3;20;-2.943891205362716;3;24;0;2;5;1;1;11;12;5;16;4;6;2;20;-4.7103146743896;9;1;5;3;3;15;1;4;1;15;23;-0.35414720371207586;5;1;20;3.8200324129139958;12;2;6;0;6;2;1;17;24;1;23;-4.722944952699426;10;2;0;4;13;4;17;2;2;23;5.430651362399798;14;1;17;8;6;1;5;0;3;7;5.924280577922097;6;19;4;0;0;18;13;3;11;1;3;4;3;2;1;3;10;0;10;18;4;5;24;4;6;0;6;4;1;18;16;0;4;6;20;-7.443899367482882;3;2;22;-6.315687636015317;16
TRACK:14;7;0;5;5;4;0;2;2;0;16;23;-6.8304586043140265;4;17;0;2;23;-3.045716768713536;25;3;12;0;6;6;11;3;2;16;17
TRACK:15;7;0;6;5;4;4;2;3;5;6;1;6;17;2;15;18;4;0;2;2;0;16;23;-6.8304586043140265;4;17;0;2;23;-3.045716768713536;25;3;12;0;6;6;13;3;2;16;17
TRACK:16;5;3;2;3;5;4;4;2;4;6;3;1;16;11;4;2;4;4;11;2;3;18;5;13;4;2;6;2;6;6;1;6;2;20;-1.6933720277892483;21;-6.288600675825968;5;0;13;11;5;3;3;0;5;14;6;19;6;3;0;3;3;3;6;16;2;5;5;2;12;25;3;2;3;9;4;21;1.078421764462469
TRACK:17;5;3;5;0;2;1;1;2;0;1;0;3;18;0;11;19;2;3;8;6;11;0;3;5;20;-9.854547872440747;2;3;14;0;25;20;5.266758292435906;3;1;6;4;7;-4.802489530000629;5;2;7;-1.4171908279333838;16;5;3;4;0;4;17;5;13;1;6;5;6;1;2;25;12;1;24;18;5;3;6;6;3;20;-7.581922671886156;1;6;4;0;6;3;6;9;3;2;1;10;19;2;12;15;3;6;1;2;2;4;17;2;10;7;-6.133789060629686;1;6;20;-0.8807957506615907;4;21;-2.4445561251967156;6;0;5;7;-8.41724648602375;3;22;-2.064242001124274;1;3;6;0;0;4;0;2;7;-1.13735537058224;10;1;13;8;4;0;3;25;5;18;0;6;3;1;18;21;-0.1465674434131934;2;6;6;11;1;0;14;13;0;21;-0.6777374980974411;11;1;2;5;0;6;3;0;10;16;5;5;4;19;3;1;5;2;6;21;-5.102726627346557;4;21;-7.780513196050098;3;6;1;7;-4.09981042546441;15;0;2;2;4;2;1;21;4.71681260114514;11;0;22;-6.749979277028966;9;4;1;1;21;6.70545674170857;22;-5.398647801289512;0;9;21;-3.456409740315678;1;6;6;4;10;5;2;2;12;16;3;25;6;5;0;2;5;16;6;17;6;1;7;7.846653418014004;24
TRACK:18;9;2;3;2;3;1;15;5;5;2;6;4;4;23;9.454700458981847;3;5;2;25;20;1.9947293996791409;2;3;5;4;6;3;2;0;15;15;6;15;4;0;5;1;3;1;0;9;7;7.498876980161818;1;10;24;1;6;0;18;7;9.426482988853774;3;1;13;21;6.652627190748316;5;4;6;1;0;25;19;0;25;20;8.105844045766343
TRACK:19;9;2;2;4;2;0;3;3;2;2;4;6;13;3;0;25;24;6;6;6;19;5;1;6;5;0;3;22;3.613181508814362;4;19;0;6;5;4;21;3.424804278692612;1;6;2;12;8;2;3;15;4;15;0;4;5;5;2;3;6;15;6;1;13;7;8.849387438651732;4;5;4;2;5;0;12;20;-0.6141455326857592;6;6;18;6;5;2;1;4;3;0;2;0;7;5.808802450809784;10;2;16;20;-7.423574906899613;5;2;10;19;0;3;5;1;1;10;18;6;14;2;5;4;4;21;-1.2834884289231585;5;0;4;19;6;12;1;2;5;0;4;4;16;2;4;9;2;14;15;3;5;1;0;25;24;0;14;10;3;2;0;5;5;7;5.922906560229322;2;4;21;-2.519501858667459;5;14;3;3;3;24
TRACK:20;10;-1;4;6;3;1;5;0;0;0;1;0;22;-9.21410184720241;14;6;7;9.058389946743794;3;4;21;0.7722883932440316;3;1;2;19;20;5.123986004902186;6;12;4;0;1;3;14;3;15;0;1;16;21;3.419821111258375;2;17;16;0;3;2;3;4;3;23;-2.9212003418541084;1;5;6;10;2;3;23;3.467255859072409;2;13;11;2;5;5;2;3;25;5;13;1;4;5;5;17;0;6;1;22;3.2976683269758253;20;-7.017385947604127;4;6;9
TRACK:21;12;-1;5;0;2;1;1;2;0;1;0;3;18;0;11;19;2;3;8;6;11;0;3;5;20;-9.902306395554593;2;3;14;0;25;20;4.978950424354236;3;1;6;4;7;-4.820577777822035;5;2;7;-1.5488991290788712;16;5;3;4;0;4;17;5;13;1;6;5;6;1;2;25;12;1;24;18;5;3;6;6;3;20;-7.6803702406230965;5;5;5;4;8;1;3;6;0;0;4;0;2;7;-1.3197249561101039;10;1;13;8;4;0;3;18;5;18;0;6;3;1;18;21;-0.09577658980213688;2;6;6;11;1;0;14;13;0;21;-0.5670791855683457;11;1;2;5;0;6;3;0;10;16;5;5;4;19;3;1;5;2;6;21;-4.916792541146027;4;21;-7.6028336881840675;3;6;1;7;-4.18657016863279;15;0;2;2;4;2;1;21;4.770529886083634;11;0;22;-6.800598344030898;9;4;1;1;21;6.788377818161188;22;-5.49292715313001;0;9;21;-3.3845370122783383;1;6;6;4;10;5;2;2;12;16;3;25;6;5;0;2;5;16;6;17;6;1;7;7.89098062324838;24
TRACK:22;14;-1;4;1;10;23;6.4575101168888125
TRACK:23;16;-1;2;3;5;4;4;2;4;6;3;1;16;11;4;2;4;4;11;2;3;18;5;13;4;2;6;2;6;4;20;4.2235771646879545;5;3;3;0;5;14;6;19;6;3;0;3;3;3;6;16;2;5;5;2;12;25;3;2;3;9;4;21;0.8792874705358258
TRACK:24;18;-1;3;2;3;1;15;5;5;2;6;4;4;23;9.195498845156301;3;5;2;25;20;2.030564574927057;2;3;5;4;6;3;2;0;15;15;6;15;4;0;5;1;3;1;0;9;7;7.543955791914582;1;10;24;1;6;0;18;7;9.484839049619735;3;1;13;12;5;4;6;1;0;25;19;0;25;20;8.236824026969833
TRACK:25;11;-1;2;4;2;0;3;3;2;2;4;6;13;3;0;25;24;6;6;6;19;5;1;6;5;0;3;22;3.5933894049782116;4;19;0;6;5;4;23;3.3214672064649564;1;6;2;12;8;2;3;15;4;15;0;4;5;5;2;3;6;15;6;1;13;7;8.68473874021915;4;5;4;2;5;0;12;20;-0.41672910102084393;6;6;18;6;5;2;1;4;3;0;2;0;7;5.593989428098855;10;2;13;20;-7.431127516684615;5;2;10;19;0;3;5;1;1;10;18;6;14;2;5;4;4;21;-1.3177694588994;5;0;4;19;6;12;1;2;5;0;4;4;16;2;4;10;2;14;15;3;5;1;0;25;24;0;14;10;3;2;0;5;5;7;5.8841646296539665;2;4;21;-2.449242906300442;5;14;3;3;3;24
TRACK:26;13;-1;1;6;0;4;0;5;6;5;3;5;13;0;3;0;4;1;16;14;4;0;12;13;5;0;6;2;21;7.632828911929321;25;5;6;16;4;4;4;1;3;1;6;16;1;10;16;5;2;0;9;13;5;23;-1.1635252196846306;4;0;1;0;1;1;0;1;6;10;3;12;6;2;17;16;6;1;6;15;1;13;14;3;2;3;5;23;5.5608321167654156;1;3;20;-3.003520916842821;3;24;0;2;5;1;1;11;12;5;16;4;6;2;20;-4.632499408959174;9;1;5;3;3;15;1;4;1;15;23;-0.4097914587057706;5;1;20;3.7536195289511687;12;2;6;0;6;2;1;17;24;1;23;-4.693273606456555;10;2;0;4;13;4;17;2;2;23;5.436712672777158;14;1;17;8;6;1;5;0;3;7;5.874985332281145;6;19;4;0;0;18;13;3;11;1;3;4;3;2;1;3;10;0;10;18;4;5;24;4;6;0;6;5;1;9;16;0;4;6;20;-7.574792022844472;3;2;22;-6.52840048294634;16
TRACK:27;15;-1;6;5;4;4;6;0;6;5;17;0;1;25;16;6;14
TRACK:28;17;-1;5;0;2;1;1;2;0;1;0;3;18;0;11;19;2;3;8;6;11;0;3;5;20;-9.780586232273276;2;3;14;0;25;20;5.315086672997499;3;1;6;4;7;-4.916245903741133;5;2;7;-1.560639528214855;16;5;3;4;0;4;17;5;13;1;6;5;6;1;2;25;12;1;24;18;5;3;6;6;3;20;-7.496293546395054;1;6;4;0;6;3;6;9;3;2;1;10;19;2;12;15;3;6;1;2;2;4;17;2;10;7;-6.073266504687564;1;6;20;-0.8281412513924292;4;21;-2.4449222977322234;6;0;5;7;-8.453560397233616;3;24;1;3;6;0;0;4;0;2;7;-1.0874871097915226;10;1;13;8;4;0;3;25;5;18;0;6;3;1;18;21;-0.24383986836139865;2;6;6;11;1;0;14;13;0;21;-0.7241476283852003;11;1;2;5;0;6;3;0;10;16;5;5;4;19;3;1;5;2;6;21;-5.262719608090351;4;21;-7.852049462946065;3;6;1;7;-4.095019019728207;15;0;2;2;4;2;1;21;4.651165974292201;11;0;22;-6.68450220152714;9;4;1;1;21;6.554483105101875;22;-5.420725249973538;0;9;21;-3.383041654679673;1;6;6;4;10;5;2;2;12;16;3;25;6;5;0;2;5;16;6;17;6;1;7;7.779338062141397;24
TRACK:29;19;-1;2;4;2;0;3;3;2;2;4;6;13;3;0;25;24;6;6;6;19;5;1;6;5;0;3;22;3.592570021738411;4;19;0;6;5;4;21;3.50378278147701;1;6;2;12;8;2;3;15;4;15;0;4;5;5;2;3;6;15;6;1;13;7;8.6097416275607;4;5;4;2;5;0;12;20;-0.48958968883483034;6;6;18;6;5;2;1;4;3;0;2;0;7;5.874404957751243;10;2;16;20;-7.483256197924075;5;2;10;19;0;3;5;1;1;10;18;6;14;2;5;4;4;9;5;0;4;19;6;12;1;2;5;0;4;4;16;2;4;9;2;14;15;3;5;1;0;25;24;0;14;10;3;2;0;5;5;7;5.981271553534408;2;4;21;-2.5007074712034707;5;14;3;3;3;24
EVAL_INSTANCE:1:0:20
EVAL_INSTANCE:1:1:21
EVAL_INSTANCE:1:2:22
EVAL_INSTANCE:1:3:23
EVAL_INSTANCE:1:4:24
EVAL_INSTANCE:1:5:25
EVAL_INSTANCE:1:6:26
EVAL_INSTANCE:1:7:27
EVAL_INSTANCE:1:8:28
EVAL_INSTANCE:1:9:29
RUN_RESULT:1:0:0:2000:----
RUN_RESULT:1:1:0:2000:----
RUN_RESULT:1:2:0:2000:----
RUN_RESULT:1:3:0:2000:----
RUN_RESULT:1:4:0:2000:----
RUN_RESULT:1:5:0:2000:----
RUN_RESULT:1:6:0:2000:----
RUN_RESULT:1:7:0:2000:----
RUN_RESULT:1:8:0:2000:----
RUN_RESULT:1:9:0:2000:----
     2 |       20 |  0.000000E+00 | -0.000000E+00
TRACK:30;2;5;2;4;2;0;3;3;2;2;4;6;13;3;0;25;14;6;6;6;19;5;1;6;5;0;3;22;3.613181508814362;4;19;0;6;5;4;21;3.424804278692612;1;6;2;12;8;2;3;15;4;15;0;4;5;5;2;3;6;15;6;1;13;7;8.849387438651732;4;5;4;2;5;0;12;20;-0.6141455326857592;6;6;18;6;5;2;1;4;3;0;2;0;7;5.808802450809784;10;2;16;20;-7.423574906899613;5;2;10;19;0;3;5;1;1;10;18;6;14;2;5;4;4;21;-1.2834884289231585;5;0;4;19;6;12;1;2;5;0;4;4;16;2;4;10;2;14;15;3;5;1;0;25;24;0;14;10;3;2;0;5;5;7;5.922906560229322;2;4;21;-2.519501858667459;5;14;3;3;3;24
TRACK:31;2;5;2;3;5;4;4;2;4;6;3;1;16;11;4;2;4;4;11;2;3;18;5;13;4;1;10;18
TRACK:32;3;8;5;0;2;1;1;2;0;1;0;3;18;0;11;19;2;3;8;6;11;0;3;5;20;-9.854547872440747;2;3;14;0;25;20;5.266758292435906;3;1;6;4;7;-4.802489530000629;5;2;7;-1.4171908279333838;16;5;3;4;0;4;17;5;13;1;6;5;6;1;2;25;12;1;24;18;5;3;6;6;3;20;-7.581922671886156;1;6;4;0;6;3;6;9;3;2;1;10;19;2;12;15;3;6;1;2;2;4;17;2;10;7;-6.133789060629686;1;6;20;-0.8807957506615907;4;21;-2.4445561251967156;6;0;5;7;-8.41724648602375;3;22;-2.064242001124274;1;3;6;0;0;4;0;2;7;-1.13735537058224;10;1;13;8;4;0;18;5;18;0;6;3;1;18;21;-0.1465674434131934;2;6;6;11;1;0;14;13;0;21;-0.6777374980974411;11;1;2;5;0;6;3;0;10;16;5;5;4;19;3;1;5;2;6;21;-5.102726627346557;4;21;-7.780513196050098;3;6;1;7;-4.09981042546441;15;0;2;2;4;2;1;21;4.71681260114514;11;0;22;-6.749979277028966;9;4;1;1;21;6.70545674170857;22;-5.398647801289512;0;9;21;-3.456409740315678;1;6;6;4;10;5;2;2;12;16;3;25;6;5;0;2;5;16;6;17;6;1;7;7.846653418014004;24
TRACK:33;3;8;0;5;4;0;6;0;6;3;1;3;15;1;13;18;5;0;0;3;21;9.428315445839132;3;12;6;6;24;0;6;1;5;1;4;17;2;9;25;6;2;1;16;24;1;11;9;6;6;5;2;5;17;3;19;6;6;1;0;6;4;5;3;4;13;0;3;4;1;5;7;7.254707054088247;6;9;6;6;1;2;25;12;1;24;18;5;0;2;0;6;1;25;8;5;2;24;7;1.2485406626853326;5;3;3;9;4;5;5;1;24;9
TRACK:34;4;6;4;6;3;1;5;0;0;0;1;0;22;-9.316943896580788;14;6;7;9.167995193698214;3;4;21;0.6900502998878011;3;1;2;19;20;5.150540031187385;6;12;4;0;1;3;14;3;15;0;1;16;9;2;17;16;0;3;2;3;4;3;23;-2.86126816405317;1;5;6;10;2;3;23;3.4365161781676505;2;13;11;2;5;5;2;3;25;5;13;1;4;5;5;17;0;6;2;21;7.393179846246412;25;4;5;9
TRACK:35;4;6;1;6;0;4;0;4;21;0.6900502998878011;0;3;0;4;1;16;14;4;0;12;13;5;0;6;2;21;7.393179846246412;25;5;6;16;4;4;4;1;3;1;6;16;1;10;16;5;2;0;9;13;5;23;-1.1077769196155351;4;0;1;0;1;1;0;1;6;10;3;12;6;2;17;16;6;1;6;15;1;13;14;3;2;3;5;23;5.524369017262018;1;3;20;-2.943891205362716;3;24;0;2;5;1;1;11;12;5;16;4;6;2;20;-4.7103146743896;9;1;5;3;3;15;1;4;1;15;23;-0.35414720371207586;5;1;20;3.8200324129139958;12;2;6;0;6;2;1;17;24;1;23;-4.722944952699426;10;2;0;4;13;4;16;2;2;23;5.430651362399798;14;1;17;8;6;1;5;0;3;7;5.924280577922097;6;19;4;0;0;18;13;3;11;1;3;4;3;2;1;3;10;0;10;18;4;5;24;4;6;0;6;4;1;18;16;0;4;6;20;-7.443899367482882;3;2;22;-6.315687636015317;16
TRACK:36;8;0;0;5;4;0;6;0;6;3;1;3;15;1;13;18;18;0;6;1;5;1;4;17;2;9;25;6;2;1;16;24;1;11;9;6;6;5;2;5;17;3;19;6;6;1;0;6;4;5;3;4;13;0;3;4;1;5;7;7.254707054088247;6;9;6;6;2;2;18;8;2;12;21;7.330216125862577;5;0;2;0;6;1;25;8;5;2;24;7;1.2485406626853326;5;3;3;9;4;5;5;1;24;9
TRACK:37;8;0;6;5;4;4;2;3;5;6;1;6;17;2;15;18;4;0;2;2;0;16;23;-6.8304586043140265;4;17;0;2;23;-3.045716768713536;25;3;12;0;6;24;3;2;16;17
TRACK:38;4;7;4;6;3;1;5;0;0;0;1;0;22;-9.316943896580788;14;6;7;9.167995193698214;3;4;21;0.6900502998878011;3;1;2;19;20;5.150540031187385;6;12;4;0;1;3;14;3;15;16;0;3;2;3;4;3;23;-2.86126816405317;1;5;6;10;2;3;23;3.4365161781676505;2;13;11;2;5;5;2;3;25;5;13;1;4;5;5;17;0;6;1;22;3.289733235981574;20;-6.907684957629343;4;5;9
TRACK:39;4;7;5;10
TRACK:40;30;-1;2;4;2;0;3;3;2;2;4;6;13;3;0;25;14;6;6;6;19;5;1;6;5;0;3;22;3.739994630397028;4;19;0;6;5;4;21;3.494113923812653;1;6;2;12;8;2;3;15;4;15;0;4;5;5;2;3;6;15;6;1;13;7;8.639386463822843;4;5;4;2;5;0;12;20;-0.7581340183894667;6;6;18;6;5;2;1;4;3;0;2;0;7;5.889479970326745;10;2;16;20;-7.524078153974245;5;2;10;19;0;3;5;1;1;10;18;6;14;2;5;4;4;21;-1.417828459370562;5;0;4;19;6;12;1;2;5;0;4;4;16;2;4;10;2;14;15;3;5;1;3;11;0;14;10;3;2;0;5;5;7;5.985369441188185;2;4;21;-2.5590654415700076;5;14;3;3;3;24
TRACK:41;32;-1;5;0;2;1;1;2;0;1;0;3;18;0;11;19;2;3;8;6;11;0;3;5;20;-9.89000188404038;2;3;14;0;25;20;5.220960947312993;3;1;6;4;7;-5.043371023968129;5;2;7;-1.5303532986932704;16;5;3;4;0;4;17;5;13;1;6;5;6;1;2;25;12;1;24;18;5;3;6;6;3;20;-7.409475707113321;1;6;4;0;6;3;6;9;3;2;1;10;19;2;12;15;3;6;1;2;2;4;17;2;10;7;-6.115012034586403;1;6;20;-0.7630290886997834;4;21;-2.5811438262757678;6;0;5;7;-8.442089871409813;3;22;-2.0958792870081724;1;3;6;0;0;4;0;2;7;-1.2744331002735323;10;1;13;8;4;0;18;5;18;0;6;3;1;18;21;-0.154877490525528;2;6;6;11;1;0;14;13;0;19;11;1;2;5;0;6;3;0;10;16;5;5;4;19;3;1;5;2;6;21;-5.196887173355932;4;21;-7.758381492090922;3;6;1;7;-4.020872215253547;15;0;2;2;4;2;1;21;4.642184581928302;11;0;22;-6.984761504908809;9;4;1;1;21;6.668966963578403;22;-5.31428746141922;0;9;21;-3.4714127550002742;1;6;6;4;10;5;2;2;12;16;3;25;6;5;0;2;5;16;6;17;6;1;7;7.793449853267691;24
TRACK:42;34;-1;4;6;3;1;5;0;0;0;1;0;22;-9.223110785123136;14;6;7;9.22235425558848;3;4;21;0.7353057498165193;3;1;2;19;20;5.086587086169907;6;12;4;0;1;3;14;3;15;0;1;16;9;2;17;16;0;3;2;3;4;3;23;-2.836216871860591;1;5;2;21;2.0676256928486794;21;-9.080903302112475;2;3;23;3.3496000233917327;2;13;11;2;5;5;2;3;25;5;13;1;4;5;5;17;0;6;2;21;7.380895349422032;25;4;5;9
TRACK:43;36;-1;0;5;4;0;6;0;6;3;1;3;15;1;13;18;18;0;6;1;5;1;4;17;2;9;25;6;2;1;16;24;1;11;9;6;6;5;2;5;17;3;19;6;6;1;0;6;4;5;3;4;13;0;3;4;1;5;7;7.46649439100878;6;9;6;6;2;2;18;8;2;12;21;7.3776706419840625;5;0;2;0;6;1;25;8;5;2;24;7;1.237154690765169;5;3;3;9;4;5;5;1;24;9
TRACK:44;38;-1;4;6;3;1;5;0;0;0;1;0;22;-9.4127065603857;14;6;7;9.05647642222411;3;4;21;0.6142982457454383;3;1;2;19;20;5.0282033423854395;6;12;4;0;1;3;14;3;15;16;0;2;7;-6.203416331232119;14;2;5;5;2;3;25;5;13;1;4;5;5;17;0;6;1;22;3.382483755541645;20;-6.826531077083266;4;5;9
TRACK:45;31;-1;3;3;3;3;2;4;2;6;2;1;17;18;3;7;0.08975306991469978;1;6;5;25;1;4;17;4;21;-7.637733026138518;6;2;4;4;5;17;1;3;1;16;12;3;0;21;7.295548083669537;24
TRACK:46;33;-1;0;5;4;0;6;0;6;3;1;3;15;1;13;18;5;0;0;3;21;9.375647398407358;3;12;6;6;24;0;6;1;5;1;4;17;2;9;25;6;2;1;16;24;1;11;9;6;6;5;2;5;17;3;19;6;6;1;0;6;4;5;3;4;13;0;2;5;0;12;10;2;6;22;7.9084664703225265;3;25;6;6;1;2;25;12;1;24;18;5;0;2;0;6;1;25;8;5;2;24;7;1.2101306834092316;5;3;3;9;4;5;5;1;24;9
TRACK:47;35;-1;1;6;0;4;0;4;21;0.6030112481876287;0;3;0;4;1;16;14;4;0;12;13;5;0;6;2;21;7.457125693943291;25;5;6;16;4;4;4;1;3;1;6;16;1;10;16;5;2;0;9;13;5;23;-0.8058977318047122;4;0;1;0;1;1;0;1;6;10;3;12;6;2;17;16;6;1;6;15;1;13;14;3;2;3;5;23;5.496527996595478;1;3;20;-2.843211395496836;3;24;0;2;5;1;1;11;12;5;16;4;6;2;20;-4.650461437373511;9;1;5;3;3;15;1;4;1;15;23;-0.4206021325536374;5;1;20;3.8143796397583642;12;2;6;0;6;2;1;17;24;1;23;-4.80888263526061;10;2;0;4;13;4;24;2;2;23;5.4313974779464536;14;1;17;8;6;1;5;0;3;7;5.808611772731531;6;19;4;0;0;18;13;3;11;1;3;4;3;2;1;3;10;0;10;18;4;5;24;4;6;0;6;4;1;18;16;0;4;6;20;-7.315903954900207;3;2;22;-6.318584490796223;16
TRACK:48;37;-1;6;5;4;4;2;3;5;6;1;6;17;2;15;18;4;0;2;2;0;16;23;-6.769047731646132;4;17;0;2;23;-2.891698658026087;25;3;12;0;0;19;20;3.95521946111851;3;2;16;17
TRACK:49;39;-1;5;0;2;4;4;1;23;-2.599598091644215;12;0;6;6;14;3;0;20;-7.680489338147483;19;4;6;5;1;11;19
EVAL_INSTANCE:2:0:40
EVAL_INSTANCE:2:1:41
EVAL_INSTANCE:2:2:42
EVAL_INSTANCE:2:3:43
EVAL_INSTANCE:2:4:44
EVAL_INSTANCE:2:5:45
EVAL_INSTANCE:2:6:46
EVAL_INSTANCE:2:7:47
EVAL_INSTANCE:2:8:48
EVAL_INSTANCE:2:9:49
RUN_RESULT:2:0:0:2000:----
RUN_RESULT:2:1:0:2000:----
RUN_RESULT:2:2:0:2000:----
RUN_RESULT:2:3:0:2000:----
RUN_RESULT:2:4:0:2000:----
RUN_RESULT:2:5:0:2000:----
RUN_RESULT:2:6:0:2000:----
RUN_RESULT:2:7:0:2000:----
RUN_RESULT:2:8:0:2000:----
RUN_RESULT:2:9:0:2000:----
     3 |       30 |  0.000000E+00 | -0.000000E+00
TRACK:50;3;8;5;0;2;1;1;2;0;1;0;3;18;0;11;19;2;3;8;6;11;0;3;5;20;-9.854547872440747;2;3;14;0;25;20;5.266758292435906;3;1;6;4;7;-4.802489530000629;5;2;7;-1.4171908279333838;16;5;3;4;0;4;17;5;13;1;6;5;6;1;2;25;12;1;24;18;5;3;6;6;3;20;-7.581922671886156;1;6;4;0;6;3;6;9;3;2;1;10;19;2;12;15;3;6;1;2;2;4;17;2;10;7;-6.133789060629686;1;6;20;-0.8807957506615907;4;21;-2.4445561251967156;6;0;5;7;-8.41724648602375;3;22;-2.064242001124274;1;3;6;0;0;4;0;2;7;-1.13735537058224;10;1;13;8;4;0;3;18;5;18;0;6;3;9;2;6;6;11;1;0;14;13;0;21;-0.6777374980974411;11;1;2;5;0;6;3;0;10;16;5;5;4;19;3;1;5;2;6;21;-5.102726627346557;4;21;-7.780513196050098;3;6;1;7;-4.09981042546441;15;0;2;2;4;2;1;21;4.71681260114514;11;0;22;-6.749979277028966;9;4;1;1;21;6.70545674170857;22;-5.398647801289512;0;9;21;-3.456409740315678;1;6;6;4;10;5;2;2;12;16;3;25;6;5;0;2;5;16;6;17;6;1;7;7.846653418014004;24
TRACK:51;3;8;0;5;4;0;6;0;6;3;1;3;15;1;13;18;5;0;0;3;21;9.428315445839132;3;12;6;6;24;0;6;1;5;1;4;17;2;9;25;6;3;20;-7.581922671886156;6;6;5;2;5;17;3;19;6;6;1;0;6;4;5;3;4;13;0;3;4;1;5;7;7.254707054088247;6;9;6;6;2;2;18;8;2;12;21;7.330216125862577;5;0;2;0;6;1;25;8;5;2;24;7;1.2485406626853326;5;3;3;9;4;5;5;1;24;9
TRACK:52;6;2;1;6;0;4;0;5;6;5;3;5;13;0;3;0;4;1;24;14;4;0;12;13;5;0;6;2;21;7.393179846246412;25;5;6;16;4;4;4;1;3;1;6;16;1;10;16;5;2;0;9;13;5;23;-1.1077769196155351;4;0;1;0;1;1;0;1;6;10;3;12;6;2;17;16;6;1;6;15;1;13;14;3;2;3;5;23;5.524369017262018;1;3;20;-2.943891205362716;3;24;0;2;5;1;1;11;12;5;16;4;6;2;20;-4.7103146743896;9;1;5;3;3;15;1;4;1;15;23;-0.35414720371207586;5;1;20;3.8200324129139958;12;2;6;0;6;2;1;17;24;1;23;-4.722944952699426;10;2;0;4;13;4;16;2;2;23;5.430651362399798;14;1;17;8;6;1;5;0;3;7;5.924280577922097;6;19;4;0;0;18;13;3;11;1;3;4;3;2;1;3;10;0;10;18;4;5;24;4;6;0;6;4;1;18;16;0;4;6;20;-7.443899367482882;3;2;22;-6.315687636015317;16
TRACK:53;6;2;2;4;2;0;3;3;2;2;4;6;13;3;0;25;24;6;6;6;19;5;1;6;5;0;3;22;3.613181508814362;4;19;0;6;5;4;21;3.424804278692612;1;6;2;9;8;2;3;15;4;15;0;4;5;5;2;3;6;15;6;1;13;7;8.849387438651732;4;5;4;2;5;0;12;20;-0.6141455326857592;6;6;18;6;5;2;1;4;3;0;2;0;7;5.808802450809784;10;2;16;20;-7.423574906899613;5;2;10;19;0;3;5;1;1;10;18;6;14;2;5;4;4;21;-1.2834884289231585;5;0;4;19;6;12;1;2;5;0;4;4;16;2;4;10;2;14;15;3;5;1;0;25;24;0;14;10;3;2;0;5;5;7;5.922906560229322;2;4;21;-2.519501858667459;5;14;3;3;3;24
TRACK:54;9;7;3;2;3;1;3;3;4;5;4;6;20;-4.396079701379884;5;5;2;6;4;4;23;9.454700458981847;3;5;2;25;20;1.9947293996791409;2;2;2;0;6;8;1;24;8;2;2;8;23;-9.564095691132996;6;16;5;1;4;13;0;7;-5.7983231544464715;24;4;0;5;1;3;1;0;9;7;7.498876980161818;1;10;24;1;6;0;18;7;9.426482988853774;3;1;13;21;6.652627190748316;5;4;6;1;0;25;19;0;25;20;8.105844045766343
TRACK:55;9;7;5;5;1;10;24
TRACK:56;3;1;5;0;2;1;1;2;0;1;0;3;18;0;11;19;2;3;8;6;11;0;3;5;20;-9.854547872440747;2;3;14;0;25;20;5.266758292435906;3;1;6;4;7;-4.802489530000629;5;2;7;-1.4171908279333838;16;5;3;4;0;4;17;5;13;1;6;5;6;1;2;25;12;1;24;18;5;3;6;6;3;20;-7.581922671886156;1;6;5;24;3;6;1;2;2;4;17;2;10;7;-6.133789060629686;1;6;20;-0.8807957506615907;4;21;-2.4445561251967156;6;0;5;7;-8.41724648602375;3;22;-2.064242001124274;1;3;6;0;0;4;0;2;7;-1.13735537058224;10;1;13;8;4;0;3;18;5;18;0;6;3;1;18;21;-0.1465674434131934;2;6;6;11;1;0;14;13;0;21;-0.6777374980974411;11;1;2;5;0;6;3;0;10;16;5;5;4;19;3;1;5;2;6;21;-5.102726627346557;4;21;-7.780513196050098;3;6;1;7;-4.09981042546441;15;0;2;2;4;2;1;21;4.71681260114514;11;0;22;-6.749979277028966;9;4;1;1;21;6.70545674170857;22;-5.398647801289512;0;9;21;-3.456409740315678;1;6;6;4;10;5;2;2;12;16;3;25;6;5;0;2;5;16;6;17;6;1;7;7.846653418014004;24
TRACK:57;3;1;0;4;2;0;3;6;3;3;0;5;16;0;25;16;6;4;3;0;4;1;10;24;4;2;13;11;1;3;6;5;3;5;2;14;19;5;2;0;1;5;18;4;4;13;6;0;1;7;0.3602594837541844;16;0;9;11;0;0;4;0;23;-0.3182322762044265;9;4;3;13;2;2;5;24;1;7;2.8122087784926357;7;-2.4669799524933893;4;5;25;2;1;0;3;2;2;1;6;5;18;0;6;17;6;16;2;5;0;19;14;1;3;21;3.6787434844141735;6;16;0;2;6;4;21;-7.846505514191158;5;6;18;2;6;6;18;0;2;19;24;1;25;10;6;1;6;3;2;4;14;5;8;2;0;4;3;11;0;5;13;6;11;2;0;4;16;2;10;24;3;3;17;3;6;0;1;1;2;2;14;12;2;25;8;2;3;24;3;19;4;5;0;25;11;5;5;5;0;23;3.801344532366798;7;-2.974970712886571;1;5;0;1;6;6;1;1;23;0.09016184943938654;22;5.189633377404299;0;23;-6.059342918267059;24;4;2;3;3;13;0;2;12;15;4;20;-4.2865046718780935;3;4;1;5;3;8;3;2;18;19;6;4;2;5;3;6;3;12;6;5;2;2;25;20;9.506822019760321;4;7;-9.288801001936392
TRACK:58;0;4;6;5;4;4;2;3;5;6;1;6;17;2;15;18;3;23;-2.86126816405317
TRACK:59;0;4;4;0;2;2;0;16;23;-6.8304586043140265;4;17;0;2;23;-3.045716768713536;25;3;12;0;6;6;11;3;2;16;17
TRACK:60;50;-1;5;0;2;1;1;2;0;1;0;3;18;0;11;19;2;3;8;6;11;0;3;5;20;-9.852814930734654;2;3;14;0;25;20;5.278417176509713;3;1;6;4;7;-4.8016563557108185;5;2;7;-1.494264225680297;16;5;3;4;0;4;17;5;13;1;6;5;6;1;2;25;12;1;24;18;5;3;6;6;3;20;-7.610641875977194;1;6;4;0;6;3;6;9;3;2;1;10;19;2;12;15;3;6;3;18;1;3;6;0;0;4;0;2;7;-1.1936811021099798;10;1;13;8;4;0;3;18;5;18;0;6;3;9;2;6;6;11;1;0;14;13;0;21;-0.761936785759365;11;1;2;5;0;6;3;0;10;16;5;5;4;19;3;1;5;2;6;21;-4.987281103938667;4;21;-7.81104810902754;3;6;1;7;-4.211192109434345;15;0;2;2;4;2;1;21;4.586909302687339;11;0;22;-6.592022776637347;9;4;1;1;21;6.78002686777824;22;-5.361289366607584;0;9;21;-3.4384814707860505;1;6;6;4;10;5;2;2;12;16;3;25;6;5;0;2;5;16;6;17;6;1;7;7.763697510827217;24
TRACK:61;52;-1;1;6;0;4;0;5;6;5;3;5;13;0;3;0;4;1;24;14;1;19;7;9.589428489333535;5;0;6;2;21;7.421216998575764;25;5;6;16;4;4;4;1;3;1;6;16;1;10;16;5;2;0;9;13;5;23;-1.183699196785611;4;0;1;0;1;1;0;1;6;10;3;12;6;2;17;16;6;1;6;15;1;13;14;3;2;3;5;23;5.352793169594265;1;3;20;-3.0059418400499243;3;24;0;2;5;1;1;11;12;5;16;4;6;2;20;-4.632406793776159;9;1;5;3;3;15;1;4;1;15;23;-0.4032381052235804;5;1;20;3.8195727077670676;12;2;6;0;6;2;1;17;24;1;23;-4.592407436687486;10;2;0;4;13;4;16;2;2;23;5.519989154702166;14;1;17;8;6;1;5;0;3;7;5.913369108409841;6;19;4;0;0;18;13;3;11;1;3;4;3;2;1;3;10;0;10;18;4;5;24;4;6;0;6;4;1;18;16;0;4;6;20;-7.419769904892085;3;2;22;-6.550705301501101;16
TRACK:62;54;-1;3;2;3;1;3;3;4;5;4;6;20;-4.4853298229469685;5;5;2;6;4;4;23;9.421050209061422;3;5;2;25;20;2.1504010840160097;2;2;2;0;6;8;1;24;8;2;2;8;23;-9.466041289397687;6;16;5;1;4;13;0;7;-5.855713516875358;24;4;0;5;1;3;1;0;9;7;7.606905178743849;1;10;24;1;6;0;18;7;9.316904312594682;3;1;13;21;6.706833053883056;5;4;6;1;0;25;19;0;25;20;8.247810270678539
TRACK:63;56;-1;5;0;2;1;1;2;0;1;0;3;18;0;11;19;2;3;8;6;11;0;3;5;20;-9.846613807741303;2;3;14;0;25;20;5.150942181735797;3;1;6;4;7;-4.808518207765406;5;2;7;-1.4282875709701168;16;5;3;4;0;4;17;5;13;1;6;5;6;1;2;25;12;1;24;18;5;3;6;6;3;20;-7.489145001548497;1;6;5;24;3;6;1;2;2;4;17;2;10;7;-6.20240535256679;1;6;20;-0.8381065553359334;4;21;-2.569269231222888;6;0;5;7;-8.339306755137779;3;22;-2.1004962929600244;1;6;3;5;1;17;15;1;2;5;0;6;3;0;10;16;5;5;4;19;3;1;5;2;6;21;-5.162275188000398;4;21;-7.911926315694327;3;6;1;7;-4.120116303758878;15;0;2;2;4;2;1;21;4.848303487071571;11;0;22;-6.648331147301852;9;4;1;1;21;6.492328348084849;22;-5.285832342516547;0;9;21;-3.4026062356929705;1;6;6;4;10;5;2;2;12;16;3;25;6;5;0;2;5;16;6;17;6;1;7;7.678608391279377;24
TRACK:64;58;-1;6;5;4;4;5;0;4;4;2;1;16;23;2.026235151189013;5;22;2.326376294046371;4;6;6;0;20;-2.6824681531442707;16
TRACK:65;51;-1;0;5;4;0;6;0;6;3;1;3;15;1;13;18;5;0;0;3;21;9.50057875381838;3;12;6;6;24;0;6;1;5;1;4;17;2;9;25;6;3;20;-7.560889865192611;6;6;5;2;5;17;3;19;6;6;1;0;6;4;5;3;4;13;0;3;4;1;5;7;7.235160474248227;6;9;6;6;2;2;18;8;2;12;21;7.354539444609193;5;0;2;0;6;1;25;8;5;1;23;8.82479361004318;12;5;3;3;9;4;5;5;1;24;9
TRACK:66;53;-1;2;4;2;0;3;3;2;2;4;6;13;3;0;25;24;6;6;6;19;5;1;6;5;0;3;22;3.7251365531828498;4;19;0;6;5;4;21;3.4477625580665148;1;6;2;9;8;2;3;15;4;15;0;4;5;5;2;3;6;15;6;1;13;7;8.841398248079306;4;5;4;2;5;0;12;20;-0.5678956076961224;6;6;18;6;5;2;1;4;3;0;2;0;7;5.705470515346741;10;2;16;20;-7.510953813836013;5;2;10;19;0;3;5;1;1;10;18;6;14;2;5;4;4;21;-1.3335529984607342;5;0;4;19;6;12;1;2;5;0;4;4;16;2;4;10;2;14;15;3;5;1;0;25;24;0;11;10;3;2;0;5;5;7;5.6783066999732785;2;4;21;-2.4360264818604422;5;14;3;3;3;24
TRACK:67;55;-1;5;5;1;10;0;5;6;2;6;1;0;23;6.6457535164641435;12;5;16;1;2;5;24;3;24;1;2;25;22;3.190195951900737;6;18;1;5;5;1;3;2;8;10;2;5;14;3;25;1;3;1;2;0;23;4.04261249517023;8;3;23;3.9802265112698425;5;0;24;14;6;4;2;1;8;22;-5.502174786805649;2;15;17
TRACK:68;57;-1;0;4;2;0;3;6;3;3;0;5;16;0;25;16;6;4;3;0;4;1;10;24;4;2;13;11;1;3;6;5;3;5;2;14;19;5;2;0;1;5;18;4;4;13;6;0;1;7;0.4194903484379851;16;0;9;11;0;0;4;0;23;-0.339716574504199;9;4;3;13;2;2;5;24;1;7;2.8111033933225706;7;-2.541967488804618;4;5;25;2;1;0;3;2;2;1;6;5;18;0;6;17;6;16;2;4;21;2.1885969006056847;3;12;0;2;6;4;21;-7.6204043025536;5;6;18;2;6;6;18;0;2;19;24;1;25;10;6;1;6;3;2;4;14;5;8;2;0;4;3;11;0;5;13;6;11;2;0;4;16;2;10;24;3;3;17;3;6;0;1;1;2;2;14;12;2;25;8;2;3;24;3;19;4;5;0;25;11;5;5;5;0;23;3.7355711218241274;7;-2.925432907328026;1;5;0;1;6;6;1;1;23;0.07645096864787125;22;5.30403815054095;0;23;-5.86974088031382;24;4;2;3;3;13;0;2;12;15;4;20;-4.421744126989565;3;4;1;5;3;8;3;2;18;19;6;4;2;5;3;6;3;12;6;5;2;2;25;20;9.550418861889243;4;7;-9.196989112878613
TRACK:69;59;-1;4;0;2;2;16;12;0;2;23;-2.972976709370617;25;3;12;0;6;6;11;3;2;16;17
EVAL_INSTANCE:3:0:60
EVAL_INSTANCE:3:1:61
EVAL_INSTANCE:3:2:62
EVAL_INSTANCE:3:3:63
EVAL_INSTANCE:3:4:64
EVAL_INSTANCE:3:5:65
EVAL_INSTANCE:3:6:66
EVAL_INSTANCE:3:7:67
EVAL_INSTANCE:3:8:68
EVAL_INSTANCE:3:9:69
RUN_RESULT:3:0:0:2000:----
RUN_RESULT:3:1:0:2000:----
RUN_RESULT:3:2:0:2000:----
RUN_RESULT:3:3:0:2000:----
RUN_RESULT:3:4:0:2000:----
RUN_RESULT:3:5:0:2000:----
RUN_RESULT:3:6:0:2000:----
RUN_RESULT:3:7:0:2000:----
RUN_RESULT:3:8:0:2000:----
RUN_RESULT:3:9:0:2000:----
     4 |       40 |  0.000000E+00 | -0.000000E+00
TRACK:70;3;0;5;0;2;1;1;2;0;1;0;3;18;18;2;3;8;6;11;0;3;5;20;-9.854547872440747;2;3;14;0;25;20;5.266758292435906;3;1;6;4;7;-4.802489530000629;5;2;7;-1.4171908279333838;16;5;3;4;0;4;17;5;13;1;6;5;6;1;2;25;12;1;24;18;5;3;6;6;3;20;-7.581922671886156;1;6;4;0;6;3;6;9;3;2;1;10;19;2;12;15;3;6;1;2;2;4;17;2;10;7;-6.133789060629686;1;6;20;-0.8807957506615907;4;21;-2.4445561251967156;6;0;5;7;-8.41724648602375;3;22;-2.064242001124274;1;3;6;0;0;4;0;2;7;-1.13735537058224;10;1;13;8;4;0;3;18;5;18;0;6;3;1;18;21;-0.1465674434131934;2;6;6;11;1;0;14;13;0;21;-0.6777374980974411;11;1;2;5;0;6;3;0;10;16;5;5;4;19;3;1;5;2;6;21;-5.102726627346557;4;21;-7.780513196050098;3;6;1;7;-4.09981042546441;15;0;2;2;4;2;1;21;4.71681260114514;11;0;22;-6.749979277028966;9;4;1;1;21;6.70545674170857;22;-5.398647801289512;0;9;21;-3.456409740315678;1;6;6;4;10;5;2;2;12;16;3;25;6;5;0;2;5;16;6;17;6;1;7;7.846653418014004;24
TRACK:71;3;0;6;5;4;4;2;3;5;6;1;6;17;2;15;18;4;0;2;2;0;16;23;-6.8304586043140265;4;17;0;2;23;-3.045716768713536;17;3;12;0;6;6;11;3;2;16;17
TRACK:72;8;9;0;5;4;0;6;0;6;3;1;3;15;1;13;18;5;0;0;3;21;9.428315445839132;3;12;6;6;24;0;6;1;6;0;18;7;9.426482988853774;3;1;13;21;6.652627190748316;6;6;5;2;5;17;3;19;6;6;1;0;6;4;5;3;4;13;0;3;4;1;5;7;7.254707054088247;6;9;6;6;2;2;18;8;2;12;21;7.330216125862577;5;0;2;0;6;1;25;8;5;2;24;7;1.2485406626853326;5;3;3;9;4;5;5;1;24;9
TRACK:73;8;9;3;2;3;1;3;3;4;5;4;6;20;-4.396079701379884;2;5;17;3;19;2;3;5;4;6;3;2;0;15;15;6;15;4;0;5;1;3;1;0;9;7;7.498876980161818;1;10;24;1;6;0;18;7;9.426482988853774;3;1;13;21;6.652627190748316;5;4;6;1;0;25;19;0;25;20;8.105844045766343
TRACK:74;5;9;2;3;5;4;4;2;4;6;3;1;16;11;4;2;4;4;11;2;0;25;19;5;13;4;2;6;2;6;6;1;6;2;20;-1.6933720277892483;21;-6.288600675825968;5;0;13;11;5;3;3;0;5;14;6;19;6;3;0;3;3;3;6;16;2;5;5;2;12;25;3;2;3;9;4;21;1.078421764462469
TRACK:75;5;9;3;2;3;1;3;3;4;5;4;6;20;-4.396079701379884;5;5;2;6;4;4;23;9.454700458981847;3;5;2;25;20;1.9947293996791409;2;3;5;4;6;3;2;0;15;15;6;15;4;0;5;1;3;1;0;9;7;7.498876980161818;1;10;24;1;6;0;18;7;9.426482988853774;3;1;13;21;6.652627190748316;5;4;6;1;3;18;0;25;20;8.105844045766343
TRACK:76;1;6;0;4;2;0;3;6;3;3;0;5;16;0;25;16;6;4;3;0;4;1;10;24;4;2;13;11;1;3;6;5;3;5;2;14;19;5;2;0;1;5;5;18;4;4;13;6;0;1;7;0.3602594837541844;16;0;9;11;0;0;4;0;23;-0.3182322762044265;9;4;3;13;2;2;5;24;1;7;2.8122087784926357;7;-2.4669799524933893;4;5;25;2;1;0;3;2;2;1;6;5;18;0;6;17;6;16;2;5;0;19;14;1;3;21;3.6787434844141735;6;16;0;2;6;4;21;-7.846505514191158;5;6;18;2;6;6;18;0;2;19;24;1;25;10;6;1;6;3;2;4;14;5;8;2;0;4;3;11;0;5;13;6;11;2;0;4;16;2;10;24;3;3;17;3;6;0;1;1;2;2;14;12;2;25;8;2;3;24;3;19;4;5;0;25;11;5;5;5;0;23;3.801344532366798;7;-2.974970712886571;1;5;0;1;6;6;1;1;23;0.09016184943938654;22;5.189633377404299;0;23;-6.059342918267059;24;4;2;3;3;13;0;2;12;15;4;20;-4.2865046718780935;3;2;3;5;23;5.524369017262018;1;3;20;-2.943891205362716;3;24;6;4;2;5;3;6;3;12;6;5;2;2;25;20;9.506822019760321;4;7;-9.288801001936392
TRACK:77;1;6;1;6;0;4;0;5;6;5;3;5;13;0;3;0;4;1;16;14;4;0;12;13;5;0;6;2;21;7.393179846246412;25;5;6;16;4;4;4;1;3;1;6;16;1;10;16;5;2;0;9;13;5;23;-1.1077769196155351;4;0;1;0;1;1;0;1;6;10;3;12;6;2;17;16;6;1;6;15;1;13;14;3;2;3;5;23;5.524369017262018;1;3;20;-2.943891205362716;3;24;0;2;5;1;1;11;12;5;16;4;6;2;20;-4.7103146743896;9;1;5;3;3;15;1;4;1;15;23;-0.35414720371207586;5;1;20;3.8200324129139958;12;2;6;0;6;2;1;17;24;1;23;-4.722944952699426;10;2;0;4;13;4;16;2;2;23;5.430651362399798;14;1;17;8;6;1;5;0;3;7;5.924280577922097;6;19;4;0;0;18;13;3;11;1;3;4;3;2;1;3;10;0;16;18;4;5;24;4;6;0;6;4;1;18;16;0;4;6;20;-7.443899367482882;3;2;22;-6.315687636015317;16
TRACK:78;8;0;0;5;4;0;6;0;6;3;1;3;15;1;13;18;5;0;0;3;21;9.428315445839132;3;12;6;6;24;0;6;1;5;1;4;17;2;25;25;6;2;1;16;24;1;11;9;6;6;5;2;5;17;3;19;6;6;1;0;6;4;5;3;4;13;0;3;4;1;5;7;7.254707054088247;6;9;6;6;2;2;18;8;2;12;21;7.330216125862577;5;0;2;0;6;1;25;8;5;2;24;7;1.2485406626853326;5;3;3;9;4;5;5;1;24;9
TRACK:79;8;0;6;5;4;4;2;3;5;6;1;6;17;2;15;18;4;0;2;2;0;16;23;-6.8304586043140265;4;17;0;13;3;12;0;6;6;11;3;2;16;17
TRACK:80;70;-1;5;0;2;1;1;2;0;1;0;3;18;18;2;3;8;6;11;0;3;5;20;-9.719841695252113;2;3;14;0;25;20;5.21844167974225;3;1;6;4;7;-4.883488334193055;5;2;7;-1.5609109607578142;16;5;3;4;0;4;17;5;13;1;6;5;6;1;2;25;12;1;24;18;5;3;6;6;3;20;-7.653729370972666;1;6;4;0;6;3;6;9;3;2;1;10;19;2;12;15;3;6;1;2;2;4;17;2;10;7;-6.099690606244488;1;6;20;-0.898266630306642;4;21;-2.4392109927563324;6;0;5;7;-8.521003968411561;3;22;-2.1241485373919753;1;3;6;0;0;4;0;2;7;-1.0286069759502188;10;1;13;8;4;0;3;18;5;18;0;6;3;1;18;21;-0.11734497579041209;2;6;6;11;4;10;1;2;5;0;6;3;0;10;16;5;5;4;19;3;1;5;2;6;21;-5.153765881213428;4;21;-7.9147236863601735;3;6;1;7;-4.121374636093823;15;0;2;2;4;2;1;21;4.618981392550277;11;0;22;-6.836091770034368;9;4;1;1;21;6.697852010302321;22;-5.311021786363291;0;9;21;-3.3903378973119414;1;6;6;4;10;5;2;2;12;16;3;25;6;5;0;2;5;16;6;17;6;1;7;7.910797936243343;24
TRACK:81;72;-1;0;5;4;0;6;0;6;3;1;3;15;1;13;18;5;0;0;3;21;9.397534579786159;3;12;6;6;24;0;6;1;6;0;18;7;9.315771391517798;3;1;13;21;6.578389796089736;6;6;5;2;5;17;3;19;6;6;1;0;6;4;5;3;4;13;0;3;4;1;5;7;7.360555632385165;6;9;6;6;2;2;18;8;2;12;21;7.394910647684472;5;0;2;0;6;1;19;8;5;2;24;7;1.252581768407697;5;3;3;9;4;5;5;1;24;9
TRACK:82;74;-1;2;3;5;4;4;2;4;6;3;1;16;11;4;2;4;4;11;2;0;25;19;5;13;4;2;6;2;6;6;1;6;2;20;-1.507223805766351;21;-6.366557673921065;5;0;13;11;5;3;3;0;5;14;6;19;3;6;3;20;-0.9885426420823968
TRACK:83;76;-1;0;4;2;0;3;6;3;3;0;5;16;0;25;16;6;4;3;0;4;1;10;24;4;2;13;11;1;3;6;5;3;5;2;14;19;5;2;0;1;5;5;18;4;4;13;6;0;1;7;0.23603489492469343;16;0;9;11;0;0;4;0;23;-0.37637728700710105;9;4;3;13;2;2;5;24;1;7;2.747189010089362;7;-2.6747687001014175;4;5;25;2;1;0;3;2;2;1;6;5;18;0;6;17;6;16;2;5;0;19;14;1;3;21;3.450758221324886;6;16;0;2;6;4;21;-7.880688317784427;5;6;18;2;6;6;18;0;2;19;24;1;25;10;6;1;6;3;2;4;14;5;8;2;0;4;3;11;0;5;13;6;11;2;0;4;16;2;10;24;3;3;17;3;6;0;1;1;2;2;14;12;2;25;8;2;3;24;3;19;4;5;1;10;11;5;5;5;0;23;3.9162573384126853;7;-2.98916764903658;1;5;0;1;6;6;1;1;23;0.11174352083182437;22;5.257931577313389;0;23;-6.0951348785758155;24;4;2;3;3;13;0;2;12;15;4;20;-4.345660501206779;3;2;3;5;23;5.505218665593275;1;3;20;-2.8826714235383797;3;24;6;4;2;5;3;6;3;12;6;5;2;2;25;20;9.385843441632725;4;7;-9.421681300560579
TRACK:84;78;-1;0;5;4;0;6;0;6;3;5;5;10;5;0;0;3;21;9.481373770078061;3;12;6;6;24;0;6;1;5;1;4;17;2;25;25;6;2;1;16;24;1;11;9;6;6;5;2;5;17;3;19;6;6;1;0;6;4;5;3;4;13;0;3;4;1;5;7;7.289628838104529;6;9;6;6;2;2;18;8;2;12;21;7.414570787414995;5;0;2;0;6;1;25;8;5;2;24;7;1.314920993998798;5;3;3;9;4;5;5;1;24;9
TRACK:85;71;-1;6;5;4;4;2;3;5;6;1;6;17;3;9;4;0;2;2;0;16;23;-6.892012549024814;4;17;0;2;23;-3.0915161100014945;17;3;12;0;6;6;11;3;2;16;17
TRACK:86;73;-1;3;2;3;1;3;3;4;5;4;6;20;-4.464132188006786;2;5;17;3;19;2;3;5;4;6;3;2;0;15;15;6;15;6;3;1;5;2;19;19;3;1;9;7;5.4671272087660565
TRACK:87;75;-1;3;2;3;1;6;5;3;25;5;5;2;6;4;4;23;9.447584077655984;3;5;2;25;20;1.901734735053436;2;3;5;4;6;3;2;0;15;15;6;15;4;0;5;1;3;1;0;9;7;7.382683291546313;1;10;24;1;6;0;18;7;9.39002998075229;3;1;13;21;6.753856730484962;5;4;6;1;3;18;0;25;20;8.064006156561243
TRACK:88;77;-1;1;6;0;4;0;5;6;5;3;5;13;0;3;0;4;1;16;14;4;0;12;13;5;0;6;2;21;7.238719415658375;25;5;6;16;4;4;4;1;3;1;6;16;1;10;16;5;2;0;9;13;5;23;-1.102116801060606;4;0;1;0;1;1;0;1;6;10;3;12;6;2;17;16;6;1;6;15;1;13;14;3;2;3;5;23;5.469868133451598;1;3;20;-3.09514085650017;3;24;0;2;5;1;1;11;12;5;16;4;6;2;20;-4.602230532241296;9;1;5;3;3;15;1;4;1;15;23;-0.2681265998868255;5;1;20;3.8382750865421076;12;2;6;0;6;2;1;17;24;1;23;-4.838274472958737;10;2;0;4;13;4;16;2;2;23;5.3806733895930305;14;1;17;8;6;1;5;0;3;7;5.883510990276958;6;19;4;0;0;18;13;3;11;1;3;4;3;2;1;3;8;0;16;18;4;5;24;4;6;0;6;4;1;18;16;0;4;6;20;-7.423555861848453;3;2;22;-6.265114823111716;16
TRACK:89;79;-1;6;5;4;4;2;3;5;6;1;6;17;4;9;4;0;2;2;0;16;23;-6.737313611007466;4;17;0;13;3;12;0;6;6;11;3;2;16;17
EVAL_INSTANCE:4:0:80
EVAL_INSTANCE:4:1:81
EVAL_INSTANCE:4:2:82
EVAL_INSTANCE:4:3:83
EVAL_INSTANCE:4:4:84
EVAL_INSTANCE:4:5:85
EVAL_INSTANCE:4:6:86
EVAL_INSTANCE:4:7:87
EVAL_INSTANCE:4:8:88
EVAL_INSTANCE:4:9:89
RUN_RESULT:4:0:0:2000:----
RUN_RESULT:4:1:0:2000:----
RUN_RESULT:4:2:0:2000:----
RUN_RESULT:4:3:0:2000:----
RUN_RESULT:4:4:0:2000:----
RUN_RESULT:4:5:0:2000:----
RUN_RESULT:4:6:0:2000:----
RUN_RESULT:4:7:0:2000:----
RUN_RESULT:4:8:0:2000:----
RUN_RESULT:4:9:0:2000:----
     5 |       50 |  0.000000E+00 | -0.000000E+00
TRACK:90;9;1;3;2;3;1;3;3;4;5;4;6;20;-4.396079701379884;5;5;2;6;4;4;23;9.454700458981847;3;5;2;25;20;1.9947293996791409;2;3;5;4;6;3;2;0;15;15;6;15;4;0;5;1;3;1;0;9;7;7.498876980161818;1;10;24;1;6;24;3;1;13;21;6.652627190748316;5;4;6;1;0;25;19;0;25;20;8.105844045766343
TRACK:91;9;1;0;4;2;0;3;6;3;3;0;5;16;0;25;16;6;4;3;0;4;1;10;24;4;2;13;11;1;3;6;5;3;5;2;14;19;5;2;0;1;5;5;18;4;4;13;6;0;1;7;0.3602594837541844;16;0;9;11;0;0;4;0;23;-0.3182322762044265;9;4;3;13;2;2;5;24;1;7;2.8122087784926357;7;-2.4669799524933893;4;5;25;2;1;0;4;6;1;0;25;19;0;25;20;8.105844045766343;6;1;6;3;2;4;14;5;8;2;0;4;3;11;0;5;13;6;11;2;0;4;16;2;10;24;3;3;17;3;6;0;1;1;2;2;14;12;2;25;8;2;3;24;3;19;4;5;0;25;11;5;5;5;0;23;3.801344532366798;7;-2.974970712886571;1;5;0;1;6;6;1;1;23;0.09016184943938654;22;5.189633377404299;0;23;-6.059342918267059;24;4;2;3;3;13;0;2;12;15;4;20;-4.2865046718780935;3;4;1;5;3;8;3;2;18;19;6;4;2;5;3;6;3;12;6;5;2;2;25;20;9.506822019760321;4;7;-9.288801001936392
TRACK:92;7;2;5;2;14;15
TRACK:93;7;2;2;4;2;0;3;3;2;2;4;6;13;3;0;25;24;6;6;6;19;5;1;6;5;0;3;22;3.613181508814362;4;19;0;6;5;4;21;3.424804278692612;1;6;2;12;8;2;3;15;4;15;0;4;5;5;2;3;6;15;6;1;13;13;4;5;4;2;5;0;12;20;-0.6141455326857592;6;6;18;6;5;2;1;4;3;0;2;0;7;5.808802450809784;10;2;16;20;-7.423574906899613;5;2;10;19;0;3;5;1;1;10;18;6;14;2;5;4;4;21;-1.2834884289231585;5;0;4;19;6;12;1;2;5;0;4;4;16;2;4;10;2;14;15;3;5;1;0;25;24;0;14;10;3;2;0;5;5;7;5.922906560229322;2;4;21;-2.519501858667459;5;14;3;3;3;24
TRACK:94;4;5;4;6;3;1;5;0;0;0;1;0;22;-9.316943896580788;14;6;7;9.167995193698214;3;4;21;0.6900502998878011;3;1;2;19;20;5.150540031187385;6;12;4;0;1;3;14;3;15;0;1;16;9;2;17;16;0;3;2;3;4;3;23;-2.86126816405317;1;5;6;10;2;3;23;3.4365161781676505;2;13;9;2;5;5;2;3;25;5;13;1;4;5;5;17;0;6;1;22;3.289733235981574;20;-6.907684957629343;4;5;9
TRACK:95;4;5;2;3;5;4;4;2;4;6;3;1;16;11;4;2;4;4;11;2;3;18;5;13;4;2;6;2;6;6;1;6;6;12;5;0;13;11;5;3;3;0;5;14;6;19;6;3;0;3;3;3;6;16;2;5;5;2;12;25;3;2;3;9;4;21;1.078421764462469
TRACK:96;6;7;1;6;0;4;0;5;6;5;3;5;13;0;3;0;4;1;16;14;4;0;12;13;5;0;6;2;21;7.393179846246412;25;5;6;16;4;4;4;1;3;1;6;16;1;10;16;5;2;0;9;13;5;23;-1.1077769196155351;4;0;1;0;1;1;0;1;6;10;3;12;6;2;17;16;6;1;6;15;1;13;14;3;2;3;5;23;5.524369017262018;1;3;20;-2.943891205362716;3;24;0;2;5;1;1;11;12;5;16;4;6;2;20;-4.7103146743896;9;1;5;3;3;15;1;4;1;15;23;-0.35414720371207586;5;1;20;3.8200324129139958;12;2;6;0;6;2;1;17;24;1;23;-4.722944952699426;10;2;0;4;13;4;16;2;2;23;5.430651362399798;14;1;17;8;6;1;5;0;3;7;5.924280577922097;6;19;4;0;0;18;13;3;11;1;3;4;3;2;1;3;10;0;10;18;4;5;24;4;6;0;6;4;1;18;16;0;4;6;20;-7.443899367482882;3;2;22;-6.315687636015317;8
TRACK:97;6;7;5;5;5;3;4;4;2;2;0;6;8;1;24;8;2;2;8;23;-9.564095691132996;6;16;5;6;2;17;16
TRACK:98;8;0;0;5;4;0;6;0;6;3;1;3;15;1;13;18;5;0;0;3;21;9.428315445839132;3;12;6;6;24;0;6;1;5;1;4;17;2;9;25;6;2;1;16;24;1;11;9;6;6;5;2;5;17;3;19;6;6;1;0;6;17;0;3;4;1;5;7;7.254707054088247;6;9;6;6;2;2;18;8;2;12;21;7.330216125862577;5;0;2;0;6;1;25;8;5;2;24;7;1.2485406626853326;5;3;3;9;4;5;5;1;24;9
TRACK:99;8;0;6;5;4;4;2;3;5;6;1;6;17;2;15;18;4;0;2;2;0;16;23;-6.8304586043140265;4;17;0;2;23;-3.045716768713536;25;3;12;0;6;9;3;2;16;17
TRACK:100;90;-1;3;2;3;1;3;3;4;5;4;6;20;-4.300262223651792;5;5;2;6;4;4;23;9.522056249214165;3;5;2;25;20;1.8894564117068502;2;3;5;4;6;3;2;0;15;15;6;15;4;0;5;1;3;1;0;9;7;7.457140907112591;1;10;24;1;4;9;2;23;-4.214884299266397;19;5;4;6;1;0;25;19;0;25;20;8.160454932577021
TRACK:101;92;-1;5;2;1;3;5;3;6;2;9;7;-0.5996257445250492;6;4;5;2;5;22;-2.921865699483794;6;18;4;2;1;5;6;2;17;21;-2.469632758587201;0;4;5;21;-0.017448502808283806;6;4;10;5;5;2;1;14;19;6;10
TRACK:102;94;-1;4;6;3;1;5;0;0;0;1;0;22;-9.255626870619173;14;6;7;9.123564108366642;3;4;21;0.6939237728056692;3;1;2;19;20;5.099323176992255;6;12;4;0;1;3;14;3;15;0;1;16;9;2;17;16;0;3;2;3;4;6;9;1;5;6;10;2;3;23;3.3732499699651317;2;13;9;2;5;5;2;3;25;5;13;1;4;5;5;17;0;6;1;22;3.174674071534311;20;-6.81984620847996;4;5;9
TRACK:103;96;-1;1;6;0;4;0;5;6;5;3;5;13;0;3;0;4;1;16;14;4;0;12;13;5;0;6;2;21;7.318915491488071;25;5;6;16;4;4;4;1;3;1;6;16;1;10;16;5;2;0;9;13;5;23;-1.0972005403662415;4;0;1;0;1;1;0;1;6;10;3;12;6;2;17;16;6;1;6;15;1;13;14;3;2;3;5;23;5.432441493510175;1;3;20;-2.93451721828115;3;24;0;2;5;1;1;11;12;5;16;4;6;2;20;-4.754780808343485;9;1;5;3;3;15;1;4;1;15;23;-0.39265171038906704;5;1;20;3.8371581337721543;12;2;6;0;6;2;1;17;24;1;23;-4.6423706112344;10;2;0;4;13;4;16;2;2;23;5.491090410854905;14;1;17;8;6;1;5;0;3;7;5.949938068777252;6;19;4;0;0;18;13;3;11;1;3;4;3;2;1;3;10;0;10;18;0;21;3.9681480766725628;16;4;6;0;6;4;1;18;16;0;4;6;20;-7.400913553996188;3;2;22;-6.323575653771941;8
TRACK:104;98;-1;0;5;4;0;6;4;5;5;3;7;1.0251816492751349;0;6;1;5;1;4;17;2;9;25;6;2;1;16;24;1;11;9;6;6;5;2;5;17;3;19;6;6;1;0;6;17;0;3;4;1;5;7;7.246162779214668;6;9;6;6;2;2;18;8;2;12;21;7.391207874733506;5;0;2;0;6;1;25;8;5;2;24;7;1.3963724152100956;5;3;3;9;4;5;5;1;24;9
TRACK:105;91;-1;0;4;2;0;3;6;3;3;0;5;16;0;25;16;6;4;3;0;4;1;10;24;4;2;13;11;1;3;6;5;3;5;2;14;19;5;2;0;1;5;5;18;4;4;13;6;0;1;7;0.3482428379733886;16;0;9;11;0;0;4;0;23;-0.35875281509917756;9;4;3;13;2;2;5;24;1;7;2.882314536952553;7;-2.35270981666155;4;5;25;2;5;5;6;6;4;6;6;21;9.976294265581949;1;5;0;1;6;6;1;1;23;0.09903638650166244;22;5.198123770413221;0;23;-6.149913922051682;24;4;2;3;3;13;0;2;12;15;4;20;-4.245949180713628;3;4;1;5;3;8;3;2;18;19;6;4;2;5;3;6;3;12;6;5;2;2;25;20;9.774880451636108;4;7;-9.183748483843223
TRACK:106;93;-1;2;4;2;0;3;3;2;2;4;6;13;3;0;25;24;6;6;6;19;5;1;6;5;0;3;22;3.516211921937141;4;19;0;6;5;4;21;3.3722068706164277;1;6;2;12;8;2;3;15;4;15;0;6;5;4;2;11;24;4;5;4;2;5;0;12;20;-0.47509350468662115;6;6;18;6;5;2;1;4;3;0;2;0;7;5.736256244777358;10;2;16;20;-7.404556307795095;5;2;10;19;0;3;5;1;1;10;18;6;14;2;5;4;4;21;-1.0841374199937315;5;0;4;19;6;12;1;2;5;0;4;4;16;2;4;10;2;14;15;3;5;1;0;25;24;0;14;10;3;2;0;5;5;7;5.883891035758823;2;4;21;-2.507990511731298;5;14;3;3;3;24
TRACK:107;95;-1;2;3;5;4;4;2;4;6;3;1;16;11;4;2;4;4;11;2;3;18;5;13;4;2;6;2;6;6;1;6;6;12;5;0;13;11;5;3;3;0;5;14;6;19;6;3;0;3;3;3;6;16;2;5;5;2;12;25;3;2;3;9;6;25
TRACK:108;97;-1;5;5;5;3;4;4;2;2;0;6;8;1;24;8;2;2;21;9.67853036160911;23;-9.614129310057809;6;16;5;6;2;17;16
TRACK:109;99;-1;6;5;4;4;2;3;5;6;1;6;17;2;15;18;4;0;2;2;0;16;23;-6.8262469277882545;4;17;0;2;23;-2.9922734676455285;25;3;12;0;6;9;0;8;16
EVAL_INSTANCE:5:0:100
EVAL_INSTANCE:5:1:101
EVAL_INSTANCE:5:2:102
EVAL_INSTANCE:5:3:103
EVAL_INSTANCE:5:4:104
EVAL_INSTANCE:5:5:105
EVAL_INSTANCE:5:6:106
EVAL_INSTANCE:5:7:107
EVAL_INSTANCE:5:8:108
EVAL_INSTANCE:5:9:109
RUN_RESULT:5:0:0:2000:----
RUN_RESULT:5:1:0:2000:----
RUN_RESULT:5:2:0:2000:----
RUN_RESULT:5:3:0:2000:----
RUN_RESULT:5:4:0:2000:----
RUN_RESULT:5:5:0:2000:----
RUN_RESULT:5:6:0:2000:----
RUN_RESULT:5:7:0:2000:----
RUN_RESULT:5:8:0:2000:----
RUN_RESULT:5:9:0:2000:----
     6 |       60 |  0.000000E+00 | -0.000000E+00
TRACK:110;2;1;2;4;2;0;3;3;2;2;4;6;13;3;0;25;24;6;6;6;19;5;1;6;5;0;3;22;3.613181508814362;4;19;0;6;5;4;21;3.424804278692612;1;6;2;12;8;2;3;15;4;15;0;4;5;5;2;3;6;15;6;1;13;7;8.849387438651732;4;5;4;2;5;0;12;20;-0.6141455326857592;4;3;11;6;5;2;1;4;3;0;2;0;7;5.808802450809784;10;2;16;20;-7.423574906899613;5;2;10;19;0;3;5;1;1;10;18;6;14;2;5;4;4;21;-1.2834884289231585;5;0;4;19;6;12;1;2;5;0;4;4;16;2;4;10;2;14;15;3;5;1;0;25;24;0;14;10;3;2;0;5;5;7;5.922906560229322;2;4;21;-2.519501858667459;5;14;3;3;3;24
TRACK:111;2;1;0;4;2;0;3;6;3;3;0;5;16;0;25;16;6;4;3;0;4;1;10;24;4;2;13;11;1;3;6;5;3;5;2;14;19;5;2;0;1;5;5;18;4;4;13;2;14;15;0;0;4;0;23;-0.3182322762044265;9;4;3;13;2;2;5;24;1;7;2.8122087784926357;7;-2.4669799524933893;4;5;25;2;1;0;3;2;2;1;6;5;18;0;6;17;6;16;2;5;0;19;14;1;3;21;3.6787434844141735;6;16;0;2;6;4;21;-7.846505514191158;5;6;18;2;6;6;18;0;2;19;24;1;25;10;6;1;6;3;2;4;14;5;8;2;0;4;3;11;0;5;13;6;11;2;0;4;16;2;10;24;3;3;17;3;6;0;1;1;2;2;14;12;2;25;8;2;3;24;3;19;4;5;0;25;11;5;5;5;0;23;3.801344532366798;7;-2.974970712886571;1;5;0;1;6;6;1;1;23;0.09016184943938654;22;5.189633377404299;0;23;-6.059342918267059;24;4;2;3;3;13;0;2;12;15;4;20;-4.2865046718780935;3;4;1;5;3;8;3;2;18;19;6;4;2;5;3;6;3;12;6;5;2;2;25;20;9.506822019760321;4;7;-9.288801001936392
TRACK:112;3;9;5;0;2;1;1;2;0;1;0;3;18;0;11;19;2;3;8;6;11;0;3;5;20;-9.854547872440747;2;3;14;0;25;20;5.266758292435906;3;1;6;4;7;-4.802489530000629;5;2;7;-1.4171908279333838;16;5;3;4;0;4;17;5;13;1;6;5;6;1;2;25;12;1;24;18;5;3;6;6;3;20;-7.581922671886156;1;6;4;0;6;3;6;9;3;2;1;10;19;2;12;15;3;6;1;2;2;4;17;2;10;7;-6.133789060629686;1;6;20;-0.8807957506615907;18;6;0;5;7;-8.41724648602375;3;22;-2.064242001124274;1;3;6;0;0;4;0;2;7;-1.13735537058224;10;1;13;8;4;0;3;18;5;18;0;6;3;1;18;21;-0.1465674434131934;2;6;6;11;1;0;14;13;0;21;-0.6777374980974411;11;1;2;5;0;6;3;0;10;16;5;5;4;19;3;1;5;2;6;21;-5.102726627346557;4;21;-7.780513196050098;3;6;1;7;-4.09981042546441;15;0;2;2;4;2;1;21;4.71681260114514;11;0;22;-6.749979277028966;9;4;1;1;21;6.70545674170857;22;-5.398647801289512;0;9;21;-3.456409740315678;1;6;6;4;10;5;2;2;12;16;3;25;6;5;0;2;5;16;6;17;6;1;7;7.846653418014004;24
TRACK:113;3;9;3;2;3;1;3;3;4;5;4;6;20;-4.396079701379884;5;5;2;6;4;4;23;9.454700458981847;3;5;2;25;20;1.9947293996791409;2;3;5;4;6;3;2;0;15;15;6;15;4;0;5;1;3;1;0;9;7;7.498876980161818;1;10;24;1;6;0;18;7;9.426482988853774;3;1;12;21;6.652627190748316;5;4;6;1;0;25;19;0;25;20;8.105844045766343
TRACK:114;0;0;6;5;4;4;2;3;5;6;1;6;17;2;15;18;4;0;2;2;0;16;15;4;17;0;2;23;-3.045716768713536;25;3;12;0;6;6;11;3;2;16;17
TRACK:115;0;0;6;5;4;4;2;3;5;6;1;6;17;2;16;18;4;0;2;2;0;16;23;-6.8304586043140265;4;17;0;2;23;-3.045716768713536;25;3;12;0;6;6;11;3;2;16;17
TRACK:116;7;4;5;5;5;3;4;4;2;2;0;6;8;1;24;8;2;3;23;-2.86126816405317;6;16;5;1;4;13;0;7;-5.7983231544464715;24
TRACK:117;7;4;4;6;3;1;5;0;0;0;1;0;22;-9.316943896580788;14;6;7;9.167995193698214;3;4;21;0.6900502998878011;3;1;2;8;20;5.150540031187385;6;12;4;0;1;3;14;3;15;0;1;16;9;2;17;16;0;3;2;3;4;3;23;-2.86126816405317;1;5;6;10;2;3;23;3.4365161781676505;2;13;11;2;5;5;2;3;25;5;13;1;4;5;5;17;0;6;1;22;3.289733235981574;20;-6.907684957629343;4;5;9
TRACK:118;9;8;3;2;3;1;3;3;4;5;4;6;20;-4.396079701379884;5;5;2;6;4;4;23;9.454700458981847;3;5;2;25;20;1.9947293996791409;2;13;4;0;5;1;3;1;0;9;7;7.498876980161818;1;10;24;1;6;0;18;7;9.426482988853774;3;1;13;21;6.652627190748316;5;4;6;1;0;25;19;0;25;20;8.105844045766343
TRACK:119;9;8;0;5;4;0;6;0;6;3;1;3;15;1;13;18;5;0;0;3;21;9.428315445839132;3;12;6;6;24;0;6;1;5;1;4;17;2;9;25;6;2;1;16;24;1;11;9;6;6;5;2;5;17;3;19;6;6;1;0;6;4;5;3;4;13;0;3;4;1;5;7;7.254707054088247;6;9;6;6;1;0;25;19;0;25;20;8.105844045766343;5;0;2;0;6;1;25;8;5;2;24;7;1.2485406626853326;5;3;3;9;4;5;5;1;24;9
TRACK:120;110;-1;2;4;2;0;3;3;2;2;4;6;13;3;0;25;24;6;6;6;19;5;1;6;5;0;3;22;3.6874163409039076;4;19;0;6;5;4;21;3.4148468041391324;1;6;2;12;8;2;3;15;4;15;0;4;5;5;2;3;6;15;6;1;13;7;8.91722448061811;4;5;4;2;5;0;12;20;-0.5275236945228994;4;3;11;6;5;2;1;4;3;0;2;0;7;6.049428400391796;10;2;16;20;-7.5420024799808845;5;2;10;19;0;3;5;1;1;10;18;6;14;2;5;4;4;21;-1.197718274948758;5;0;4;19;6;12;1;2;5;0;4;4;16;2;0;22;4.140511734464436;7;-4.074165861302617;2;14;15;3;5;1;0;25;24;0;14;10;3;2;0;5;5;7;5.847117081678153;2;4;21;-2.65169224679641;5;14;3;3;3;24
TRACK:121;112;-1;5;0;2;1;1;2;0;1;0;3;18;0;11;19;2;3;8;6;11;0;3;5;20;-9.917114921140314;2;3;14;0;25;20;5.258206685063255;3;1;6;4;7;-4.9077553361178134;5;2;7;-1.4871392051401457;16;5;3;4;0;4;17;5;13;1;6;5;6;1;2;25;12;1;24;18;5;3;6;6;3;20;-7.570845262903517;1;6;4;0;6;3;6;9;3;2;1;10;19;2;12;15;3;6;1;2;2;4;17;2;10;7;-6.166271034525615;1;6;20;-1.0322859619350575;18;6;0;5;7;-8.318207975013918;3;22;-1.981226510842122;1;3;6;0;0;4;0;2;7;-1.079861426277136;10;1;13;8;4;0;3;18;5;18;0;6;3;1;18;21;-0.2563466547881188;2;6;6;11;1;0;14;13;0;21;-0.615971825420097;11;1;2;5;0;6;3;0;10;16;5;5;4;19;3;1;5;2;6;11;4;21;-7.758625943577891;3;6;1;7;-3.931120492227274;15;0;2;2;4;2;1;21;4.554597906608979;11;0;22;-6.662968325931334;9;4;1;1;21;6.756145042092425;22;-5.322521882062;0;9;21;-3.538051501962664;1;6;6;4;10;5;2;2;12;16;3;25;6;5;0;2;5;16;6;17;6;1;7;7.9211908673049445;24
TRACK:122;114;-1;6;5;4;4;2;3;5;6;1;6;17;2;15;18;4;0;2;2;0;16;15;4;17;0;2;23;-3.013874881925506;25;3;12;0;6;6;11;3;2;16;22;-7.353083684455499
TRACK:123;116;-1;5;5;5;2;4;9;6;22;-1.242398885184695
TRACK:124;118;-1;3;2;3;1;3;3;4;5;4;6;20;-4.509235327703477;5;5;2;6;4;4;23;9.150931129085993;3;5;2;25;20;1.9474715461571683;2;13;4;0;5;1;3;1;0;9;7;7.4447395983405045;1;10;24;1;3;14;3;1;13;21;6.731974024454559;5;4;6;1;0;25;19;0;25;20;8.076344087453354
TRACK:125;111;-1;0;4;2;0;3;6;3;3;0;5;16;0;25;16;6;4;3;0;4;1;10;24;4;2;13;11;1;3;6;5;3;5;2;14;19;5;2;0;1;5;5;18;4;4;13;2;14;15;0;0;4;0;23;-0.38321261913986104;9;4;3;13;2;2;5;24;1;7;2.602892749756889;7;-2.42891212119443;4;5;25;2;1;0;3;2;2;1;6;5;18;0;6;17;6;16;2;5;0;19;14;1;3;21;3.5759829242876977;6;16;0;2;6;4;21;-8.033626556167679;5;6;18;2;6;6;18;0;5;7;-2.3310010124020035;1;25;10;6;1;6;3;2;4;14;5;8;2;0;4;3;11;0;5;13;6;11;2;0;4;16;2;10;24;3;3;17;3;6;0;1;1;2;2;14;12;2;25;8;2;3;24;3;19;4;5;0;25;11;5;5;5;0;23;3.7163048882894865;7;-2.941975044899193;1;5;0;1;6;6;1;1;23;0.28578154736674355;22;5.139792942670986;0;23;-6.072337509481245;24;4;2;3;3;13;0;2;12;15;4;20;-4.164950738446717;3;4;1;5;3;8;3;2;18;19;6;4;2;5;3;6;3;12;6;5;2;2;25;20;9.521523158648533;4;7;-9.32641223928103
TRACK:126;113;-1;3;2;3;1;3;3;4;5;4;6;20;-4.414864819008931;5;5;2;6;4;4;23;9.203850904798633;3;5;2;25;20;1.897578991934033;2;3;5;4;6;3;2;0;15;15;6;15;4;0;5;1;3;1;0;9;7;7.416887958773388;1;10;24;1;6;0;20;-7.421712184967378;7;9.404637600613189;3;1;12;21;6.642031125931468;5;4;6;1;0;25;19;0;25;20;8.132969974037199
TRACK:127;115;-1;6;5;4;4;2;3;5;6;1;6;17;2;16;18;4;0;2;2;0;16;23;-7.028925849130863;4;17;0;2;23;-3.031982502715567;25;3;12;0;6;6;11;3;2;16;17
TRACK:128;117;-1;4;6;3;1;5;0;0;0;1;0;22;-9.316482803259294;14;6;7;9.221694905806837;3;4;21;0.5082128372626274;3;1;2;8;18;6;12;4;0;1;3;14;3;15;0;1;16;9;2;17;16;0;3;2;3;4;3;23;-2.8662387416908386;1;5;6;10;2;3;23;3.4256709932220586;2;13;11;2;5;5;2;3;25;5;13;1;4;5;5;17;0;6;1;22;3.2906973710144305;20;-6.847939847373059;4;5;9
TRACK:129;119;-1;0;5;4;0;6;0;6;3;1;3;15;1;13;18;5;0;0;3;21;9.405491494330075;3;12;6;6;24;0;6;1;5;1;4;17;2;9;25;6;2;1;16;24;1;11;9;6;6;5;2;5;17;3;19;6;6;1;0;6;4;5;3;4;13;0;3;4;1;5;7;7.319275456723822;6;9;6;6;1;0;25;19;0;25;20;8.038821101410372;5;0;2;0;6;1;25;8;5;2;24;7;1.240302884875552;1;5;3;9;2;1;13;25;2;12;25;4;5;5;1;24;9
EVAL_INSTANCE:6:0:120
EVAL_INSTANCE:6:1:121
EVAL_INSTANCE:6:2:122
EVAL_INSTANCE:6:3:123
EVAL_INSTANCE:6:4:124
EVAL_INSTANCE:6:5:125
EVAL_INSTANCE:6:6:126
EVAL_INSTANCE:6:7:127
EVAL_INSTANCE:6:8:128
EVAL_INSTANCE:6:9:129
RUN_RESULT:6:0:0:2000:----
RUN_RESULT:6:1:0:2000:----
RUN_RESULT:6:2:0:2000:----
RUN_RESULT:6:3:0:2000:----
RUN_RESULT:6:4:0:2000:----
RUN_RESULT:6:5:0:2000:----
RUN_RESULT:6:6:0:2000:----
RUN_RESULT:6:7:0:2000:----
RUN_RESULT:6:8:0:2000:----
RUN_RESULT:6:9:0:2000:----
     7 |       70 |  0.000000E+00 | -0.000000E+00
TRACK:130;8;3;0;5;4;0;6;0;6;3;1;3;15;1;13;18;5;0;0;3;21;9.428315445839132;3;12;6;6;24;0;6;1;5;1;4;17;2;9;25;6;2;1;16;24;1;11;9;6;6;5;2;5;17;3;19;6;6;1;0;6;4;5;3;4;13;0;3;4;1;5;7;7.254707054088247;6;9;6;6;2;10;7;-6.133789060629686;5;0;2;0;6;1;25;8;5;2;24;7;1.2485406626853326;5;3;3;9;4;5;5;1;24;9
TRACK:131;8;3;5;0;2;1;1;2;0;1;0;3;18;0;11;19;2;3;8;6;11;0;3;5;20;-9.854547872440747;1;3;15;1;13;18;3;1;6;4;7;-4.802489530000629;5;2;7;-1.4171908279333838;16;5;3;4;0;4;17;5;13;1;6;5;6;1;2;25;12;1;24;18;5;3;6;6;3;20;-7.581922671886156;1;6;4;0;6;3;6;9;3;2;1;10;19;2;12;15;3;6;1;2;2;4;17;2;10;7;-6.133789060629686;1;6;20;-0.8807957506615907;4;21;-2.4445561251967156;6;0;5;7;-8.41724648602375;3;22;-2.064242001124274;1;3;6;0;0;4;0;2;7;-1.13735537058224;10;1;13;8;4;0;3;18;5;18;0;6;3;1;18;21;-0.1465674434131934;2;6;6;11;1;0;14;13;0;21;-0.6777374980974411;11;1;2;5;0;6;3;0;10;16;5;5;4;19;3;1;5;2;6;21;-5.102726627346557;4;21;-7.780513196050098;3;6;1;7;-4.09981042546441;15;0;2;2;4;2;1;21;4.71681260114514;11;0;22;-6.749979277028966;9;4;1;1;21;6.70545674170857;22;-5.398647801289512;0;9;21;-3.456409740315678;1;6;6;4;10;5;2;2;12;16;3;25;6;5;0;2;5;16;6;17;6;1;7;7.846653418014004;24
TRACK:132;7;9;5;5;5;3;4;4;2;2;0;6;8;1;24;8;2;2;8;23;-9.564095691132996;6;16;5;1;0;9;7;7.498876980161818;0;7;-5.7983231544464715;24
TRACK:133;7;9;3;2;3;1;3;3;4;5;4;6;20;-4.396079701379884;5;5;2;6;4;4;23;9.454700458981847;3;5;2;25;20;1.9947293996791409;2;3;5;4;6;3;2;0;15;15;6;15;4;0;5;1;3;1;0;13;7;7.498876980161818;1;10;24;1;6;0;18;7;9.426482988853774;3;1;13;21;6.652627190748316;5;4;6;1;0;25;19;0;25;20;8.105844045766343
TRACK:134;0;4;6;5;4;4;2;3;5;6;1;6;17;2;15;18;4;0;2;2;0;16;23;-6.8304586043140265;4;17;0;2;23;-3.045716768713536;25;22;-9.316943896580788;0;6;6;11;3;2;16;17
TRACK:135;0;4;4;6;3;1;5;0;0;0;1;0;22;-9.316943896580788;14;6;7;9.167995193698214;3;4;21;0.6900502998878011;3;1;2;19;20;5.150540031187385;6;12;4;0;1;3;14;3;15;0;1;16;9;2;17;16;0;3;2;3;4;3;23;-2.86126816405317;1;5;6;10;2;3;23;3.4365161781676505;2;13;16;2;5;5;2;3;25;5;13;1;4;5;5;17;0;6;1;22;3.289733235981574;20;-6.907684957629343;4;5;9
TRACK:136;8;5;0;5;4;0;6;0;6;3;1;3;15;1;13;18;5;0;0;3;21;9.428315445839132;3;12;6;6;24;0;6;1;5;1;4;17;2;9;25;6;2;1;16;24;1;11;9;6;6;5;2;5;17;3;19;6;6;1;0;6;4;5;3;4;13;0;3;4;1;5;7;7.254707054088247;6;9;6;6;2;2;18;25;2;12;21;7.330216125862577;5;0;2;0;6;1;25;8;5;2;24;7;1.2485406626853326;5;3;3;9;4;5;5;1;24;9
TRACK:137;8;5;2;3;5;4;4;2;4;6;3;1;16;11;4;2;4;4;11;2;3;18;5;13;4;2;6;2;6;6;1;6;2;20;-1.6933720277892483;21;-6.288600675825968;5;0;18;11;5;3;3;0;5;14;6;19;6;3;0;3;3;3;6;16;2;5;5;2;12;25;3;2;3;9;4;21;1.078421764462469
TRACK:138;0;6;6;5;4;4;2;3;5;6;1;6;17;2;19;18;4;0;2;2;0;16;23;-6.8304586043140265;4;17;0;2;23;-3.045716768713536;25;3;12;0;6;6;11;3;2;16;17
TRACK:139;0;6;1;6;0;4;1;6;17;2;15;18;4;4;4;1;3;1;6;16;1;10;16;5;2;0;9;13;5;23;-1.1077769196155351;4;0;1;0;1;1;0;1;6;10;3;12;6;2;17;16;6;1;6;15;1;13;14;3;2;3;5;23;5.524369017262018;1;3;20;-2.943891205362716;3;24;0;2;5;1;1;11;12;5;16;4;6;2;20;-4.7103146743896;9;1;5;3;3;15;1;4;1;15;23;-0.35414720371207586;5;1;20;3.8200324129139958;12;2;6;0;6;2;1;17;24;1;23;-4.722944952699426;10;2;0;4;13;4;16;2;2;23;5.430651362399798;14;1;17;8;6;1;5;0;3;7;5.924280577922097;6;19;4;0;0;18;13;3;11;1;3;4;3;2;1;3;10;0;10;18;4;5;24;4;6;0;6;4;1;18;16;0;4;6;20;-7.443899367482882;3;2;22;-6.315687636015317;16
TRACK:140;130;-1;0;5;4;0;6;0;6;3;1;3;15;1;13;18;5;0;0;3;21;9.689495276167605;3;12;6;6;24;0;6;1;5;1;4;17;2;9;25;6;2;1;16;24;1;11;9;6;6;5;2;5;17;3;19;6;6;1;5;0;14;18;5;0;2;0;6;1;25;8;5;2;24;7;1.1464708061384223;5;3;3;9;4;5;5;1;24;9
TRACK:141;132;-1;5;5;5;3;4;4;2;2;0;6;8;1;24;8;2;2;8;13;6;16;5;1;0;9;7;7.658678334303285;0;7;-5.704559208240505;24
TRACK:142;134;-1;6;5;4;4;2;3;5;6;1;6;17;2;15;18;4;0;2;2;0;16;23;-6.788839339911286;4;17;0;2;23;-3.2245319957363514;11;22;-9.38482569198318;0;6;6;11;3;2;16;17
TRACK:143;136;-1;0;5;4;0;6;0;6;3;1;3;15;1;13;18;5;0;0;3;23;1.5281323087153158;3;12;6;6;24;0;6;1;5;1;4;17;2;9;25;6;2;1;16;24;1;11;9;6;6;5;2;5;17;3;19;6;6;1;0;6;4;5;3;4;13;0;3;4;1;5;7;7.2141328384663845;6;9;6;6;2;2;18;25;2;12;21;7.510488312089915;5;0;2;0;6;1;25;8;5;2;24;7;1.2049603231171793;5;3;3;9;4;5;5;1;24;9
TRACK:144;138;-1;6;5;4;4;2;3;5;6;1;6;17;2;8;25;4;0;2;2;0;16;23;-6.806207260751735;4;17;0;2;23;-2.9461184991024476;25;3;12;0;6;6;11;3;2;16;17
TRACK:145;131;-1;5;0;2;1;1;2;0;1;0;3;18;0;11;19;2;3;8;6;11;0;3;5;20;-9.923377309345051;1;3;15;1;13;18;3;1;4;12;1;8;9;5;3;4;0;4;17;5;13;1;6;5;6;1;2;25;12;1;24;18;5;3;6;6;3;20;-7.518684422122791;1;6;4;0;6;3;6;9;3;2;1;10;19;2;12;15;3;6;1;2;2;4;17;2;10;7;-6.039018303434233;1;6;20;-0.9337280697363749;4;21;-2.365764708083044;6;0;5;7;-8.184456844493749;3;22;-2.1765573027160916;1;3;6;0;0;4;0;2;7;-1.1026216909911144;10;1;13;8;4;0;3;18;5;18;0;6;3;1;18;21;-0.3955352517734658;2;6;6;11;1;0;14;13;0;21;-0.8841240042295297;11;1;2;5;0;6;3;0;10;16;5;5;4;19;3;1;5;2;6;21;-5.0931776714016745;4;21;-7.920736918742245;3;6;1;7;-4.12624755802466;15;0;2;2;4;2;1;21;4.760043975172976;11;0;22;-6.78441486295558;9;4;1;1;21;6.660885841198658;22;-5.312621395990229;0;9;21;-3.4208931837244783;1;6;6;4;10;5;2;2;12;16;3;25;6;5;0;2;5;16;6;17;6;1;7;7.831200508104275;24
TRACK:146;133;-1;3;2;3;1;3;3;4;5;4;6;20;-4.511812101847366;5;5;2;6;4;4;23;9.482549872386144;3;5;2;25;20;1.9629078578642647;2;3;5;4;1;2;5;4;8;3;2;21;6.54954842227902;13;3;4;0;11;15;4;0;5;1;3;1;0;13;7;7.496568789616631;1;10;24;1;6;0;18;7;9.455088316543833;3;1;13;21;6.8837903651556;5;4;6;1;0;25;19;0;25;20;8.211016057661581
TRACK:147;135;-1;4;6;3;1;5;0;0;0;1;0;22;-9.338860628076466;14;6;7;9.262762174203822;3;4;21;0.6434686281882398;3;1;2;19;20;5.128525508588199;6;12;4;0;1;3;14;3;15;0;1;16;9;2;17;16;0;3;2;3;4;3;23;-2.99337790807577;1;5;6;10;2;3;23;3.5384945710328313;2;13;16;2;5;5;5;3;9;1;4;5;5;17;0;6;1;22;3.1992844538625627;20;-6.900910829782969;4;5;9
TRACK:148;137;-1;2;3;5;4;4;2;4;6;3;1;16;11;4;2;4;4;11;2;3;18;5;13;4;6;2;3;3;1;14;21;-5.667488479117453;3;2;3;7;-8.70043391727934;0;23;-4.286861712224173;7;4.273789022823827
TRACK:149;139;-1;1;6;0;4;1;6;17;2;15;18;4;4;4;1;3;1;6;16;1;10;16;5;2;0;9;13;5;23;-0.9724879584391576;4;0;1;0;1;1;0;1;6;10;3;12;6;2;17;16;6;1;6;15;1;13;14;3;2;3;5;23;5.567275722262288;1;3;20;-2.967586689442373;3;24;0;2;5;1;1;11;12;5;16;4;6;2;20;-4.768277878365033;9;1;5;3;3;15;1;4;1;15;23;-0.34497861737763047;5;1;20;3.6658320410653635;12;2;6;0;6;2;1;17;24;1;23;-4.764256007591123;10;2;0;4;13;4;16;2;2;23;5.471601261236772;14;1;17;8;6;1;5;0;3;7;5.858355420417076;6;19;4;0;0;18;13;3;11;1;3;5;4;3;5;0;12;23;-6.639676572672659;4;6;0;6;4;1;18;16;0;4;6;20;-7.459222516865954;3;2;22;-6.344639566701257;16
EVAL_INSTANCE:7:0:140
EVAL_INSTANCE:7:1:141
EVAL_INSTANCE:7:2:142
EVAL_INSTANCE:7:3:143
EVAL_INSTANCE:7:4:144
EVAL_INSTANCE:7:5:145
EVAL_INSTANCE:7:6:146
EVAL_INSTANCE:7:7:147
EVAL_INSTANCE:7:8:148
EVAL_INSTANCE:7:9:149
RUN_RESULT:7:0:0:2000:----
RUN_RESULT:7:1:0:2000:----
RUN_RESULT:7:2:0:2000:----
RUN_RESULT:7:3:0:2000:----
RUN_RESULT:7:4:0:2000:----
RUN_RESULT:7:5:0:2000:----
RUN_RESULT:7:6:0:2000:----
RUN_RESULT:7:7:0:2000:----
RUN_RESULT:7:8:0:2000:----
RUN_RESULT:7:9:0:2000:----
     8 |       80 |  0.000000E+00 | -0.000000E+00
TRACK:150;4;7;4;6;3;1;5;0;0;0;1;0;22;-9.316943896580788;14;6;7;9.167995193698214;3;4;21;0.6900502998878011;3;1;2;19;20;5.150540031187385;6;12;4;0;1;3;14;3;15;0;1;16;9;2;17;16;0;3;2;13;1;5;6;10;2;3;23;3.4365161781676505;2;13;11;2;5;5;2;3;25;5;13;1;4;5;5;17;0;6;1;22;3.289733235981574;20;-6.907684957629343;4;5;9
TRACK:151;4;7;5;5;5;3;4;4;2;11;5;1;4;13;0;7;-5.7983231544464715;24
TRACK:152;6;5;1;6;0;4;0;5;6;5;3;5;13;0;3;0;4;1;16;14;4;0;12;13;5;0;6;2;21;7.393179846246412;25;5;6;16;4;4;4;1;3;1;6;16;1;10;16;5;2;0;9;13;5;23;-1.1077769196155351;4;0;1;0;1;1;0;1;6;10;3;12;6;2;17;16;6;1;6;15;1;13;14;3;2;3;5;23;5.524369017262018;1;3;20;-2.943891205362716;18;0;2;5;1;1;11;12;5;16;4;6;2;20;-4.7103146743896;9;1;5;3;3;15;1;4;1;15;23;-0.35414720371207586;5;1;20;3.8200324129139958;12;2;6;0;6;2;1;17;24;1;23;-4.722944952699426;10;2;0;4;13;4;16;2;2;23;5.430651362399798;14;1;17;8;6;1;5;0;3;7;5.924280577922097;6;19;4;0;0;18;13;3;11;1;3;4;3;2;1;3;10;0;10;18;4;5;24;4;6;0;6;4;1;18;16;0;4;6;20;-7.443899367482882;3;2;22;-6.315687636015317;16
TRACK:153;6;5;2;3;5;4;4;2;4;6;3;1;16;11;4;2;4;4;11;2;3;16;5;13;4;2;6;2;6;6;1;6;2;20;-1.6933720277892483;21;-6.288600675825968;5;0;13;11;5;3;3;0;5;14;6;19;6;3;0;3;3;3;6;16;2;5;5;2;12;25;3;2;3;9;4;21;1.078421764462469
TRACK:154;9;5;3;2;3;1;3;3;4;5;4;6;20;-4.396079701379884;5;5;2;6;4;4;23;9.454700458981847;3;5;2;25;20;1.9947293996791409;2;3;5;4;6;3;2;0;15;15;6;15;4;0;5;1;16;11;5;4;6;1;0;25;19;0;25;20;8.105844045766343
TRACK:155;9;5;2;3;5;4;4;2;4;6;3;1;16;11;4;2;4;4;11;2;3;18;5;13;4;2;6;2;6;6;1;6;2;20;-1.6933720277892483;21;-6.288600675825968;5;0;13;11;5;3;3;0;5;14;6;19;6;3;0;3;3;3;0;15;15;2;5;5;2;12;25;3;2;3;9;4;21;1.078421764462469
TRACK:156;0;8;6;5;4;4;2;3;5;6;1;6;17;2;15;18;4;4;5;5;1;24;9
TRACK:157;0;8;0;5;4;0;6;0;6;3;1;3;15;1;13;18;5;0;0;3;21;9.428315445839132;3;12;6;6;24;0;6;1;5;1;4;17;2;9;25;6;2;1;16;24;1;11;9;6;6;5;2;5;17;3;19;6;6;1;0;6;4;5;3;4;13;2;0;16;23;-6.8304586043140265;4;17;5;0;2;0;6;1;25;8;5;2;24;7;1.2485406626853326;5;3;3;9;4;5;5;1;24;9
TRACK:158;4;2;4;6;3;1;5;0;0;0;1;0;22;-9.316943896580788;14;6;7;9.167995193698214;3;4;21;0.6900502998878011;3;1;2;19;20;5.150540031187385;6;12;4;0;1;3;10;3;15;0;1;16;9;2;17;16;0;3;2;3;4;3;23;-2.86126816405317;1;5;6;10;2;3;23;3.4365161781676505;2;13;11;2;5;5;2;3;25;5;13;1;4;5;5;17;0;6;1;22;3.289733235981574;20;-6.907684957629343;4;5;9
TRACK:159;4;2;2;4;2;0;3;3;2;2;4;6;13;3;0;25;24;6;6;6;19;5;1;6;5;0;3;22;3.613181508814362;4;19;0;6;5;4;21;3.424804278692612;1;6;2;12;8;2;3;15;4;15;0;4;5;5;2;3;6;15;6;1;13;7;8.849387438651732;4;5;4;2;5;0;12;20;-0.6141455326857592;6;6;18;6;5;2;1;4;3;0;2;0;7;5.808802450809784;10;2;16;20;-7.423574906899613;5;2;10;19;0;3;5;1;1;10;18;6;14;2;5;4;4;21;-1.2834884289231585;5;0;4;19;6;12;1;2;5;0;4;4;16;2;4;10;2;14;15;3;5;1;0;25;24;0;14;10;3;2;0;5;5;7;5.922906560229322;2;4;21;-2.519501858667459;5;23;3.4365161781676505;3;3;3;24
TRACK:160;150;-1;4;6;3;1;5;0;0;0;1;0;22;-9.367053021486711;14;6;7;9.175135852893348;3;4;21;0.47437770785336236;3;1;2;19;20;5.315119148088987;6;12;4;0;1;3;14;3;15;0;1;16;9;2;17;16;0;3;2;13;1;5;6;10;2;3;23;3.3429271408047336;2;13;11;2;5;5;2;3;25;4;17;1;4;5;5;17;0;6;1;22;3.2920428657927663;20;-6.7720752828356625;4;5;9
TRACK:161;6;-1;1;6;0;4;0;5;6;5;3;5;13;0;3;0;4;1;16;14;4;0;12;13;5;0;6;2;19;25;5;6;16;4;4;4;1;3;1;6;16;1;10;16;5;2;0;9;13;5;23;-1.209928956697624;4;0;1;0;1;1;0;1;6;10;3;12;6;2;17;16;6;1;6;15;1;13;14;3;2;3;5;23;5.5091514410498075;1;3;20;-2.8306429989788615;3;24;0;2;5;1;1;11;12;5;16;4;6;2;20;-4.825374025802596;9;1;5;3;3;15;1;4;1;15;23;-0.4571593482387664;5;1;20;3.977035592223993;12;2;6;0;6;2;1;17;24;1;23;-4.9046795161532115;10;2;0;4;13;4;16;2;2;23;5.372163267835418;14;1;17;8;6;1;5;0;3;7;6.097737653799735;6;19;4;0;0;18;13;3;11;1;3;4;3;2;1;3;10;0;10;18;4;5;24;4;6;0;6;4;1;18;16;0;4;6;20;-7.489956069739935;3;2;22;-6.2561049648286975;16
TRACK:162;9;-1;3;2;3;1;3;3;4;5;4;6;20;-4.362079390036477;5;5;2;6;4;4;23;9.480571074779943;3;5;2;25;20;2.0232980271557093;2;3;5;4;6;4;5;1;11;8;4;0;5;1;3;1;0;9;7;7.555369503676458;1;10;24;1;6;0;18;7;9.37998229457482;3;1;13;21;6.629162830811899;5;4;6;1;0;25;19;0;25;20;8.016073467815835
TRACK:163;156;-1;6;5;4;4;2;2;6;13;0;12;11;4;4;5;5;1;24;9
TRACK:164;158;-1;4;6;3;1;5;0;0;0;1;0;22;-9.42870320935706;14;6;7;9.138367012626048;3;4;21;0.6835866119844037;3;1;2;19;20;5.085500575887813;6;12;4;0;1;3;10;3;15;0;1;16;9;2;17;16;0;3;2;3;4;3;23;-2.8691203287039033;1;5;6;10;2;3;23;3.6586796032264726;2;13;11;2;5;5;2;3;25;5;13;1;4;5;5;17;0;6;1;22;3.2719955976987274;20;-7.0295211637989965;0;17;9
TRACK:165;151;-1;5;5;5;4;4;0;2;4;17;2;12;18;3;6;10
TRACK:166;5;-1;2;3;5;4;4;2;4;6;3;1;16;11;4;2;4;4;11;2;3;18;5;13;4;2;6;2;6;6;1;6;2;20;-1.7886008095758241;21;-6.222015862979933;5;0;13;11;5;3;3;0;5;14;4;18;6;3;0;3;3;3;6;16;2;5;5;2;12;25;3;2;3;9;4;21;1.1903754400248727
TRACK:167;5;-1;2;3;5;4;4;2;4;6;3;1;16;11;4;2;4;4;11;2;3;18;5;13;4;2;6;2;6;6;1;6;2;20;-1.7213727519947637;21;-6.201168202376539;5;0;13;11;5;3;3;0;5;14;6;19;6;3;0;3;3;3;6;16;2;5;5;2;12;25;3;2;3;9;0;18;14
TRACK:168;157;-1;0;5;4;0;5;5;2;1;1;7;-0.7764127290965543;17;0;17;13;1;5;16;1;16;8;0;6;1;5;1;4;17;2;9;25;6;2;1;16;24;1;11;9;6;6;5;2;5;17;3;19;6;6;1;0;6;4;5;3;4;13;2;0;16;23;-6.832749960561795;4;17;5;0;2;0;6;1;25;8;5;2;24;7;1.1946462130920148;5;3;3;9;4;5;5;1;24;9
TRACK:169;159;-1;2;4;2;0;3;3;2;2;4;6;13;3;0;25;24;6;6;6;19;5;1;6;5;0;3;22;3.970009538519013;4;19;0;6;5;4;21;3.400575671736964;1;6;2;12;8;2;3;15;4;15;0;4;5;5;2;3;6;15;6;1;13;7;8.906122132808452;4;5;4;2;5;0;12;20;-0.5694287334180569;6;6;18;6;5;2;1;4;3;0;2;0;7;5.835132119701144;10;2;16;20;-7.2629766056803575;5;2;10;19;0;1;2;8;17;2;12;8;2;5;4;4;21;-1.2975955978455445;5;0;4;19;6;12;1;2;5;0;4;4;16;2;4;10;2;14;15;3;5;1;0;25;24;0;14;10;3;2;0;5;5;7;5.890860317839751;2;4;21;-2.5090359580344983;5;23;3.532965132165418;3;3;3;24
EVAL_INSTANCE:8:0:160
EVAL_INSTANCE:8:1:161
EVAL_INSTANCE:8:2:162
EVAL_INSTANCE:8:3:163
EVAL_INSTANCE:8:4:164
EVAL_INSTANCE:8:5:165
EVAL_INSTANCE:8:6:166
EVAL_INSTANCE:8:7:167
EVAL_INSTANCE:8:8:168
EVAL_INSTANCE:8:9:169
RUN_RESULT:8:0:0:2000:----
RUN_RESULT:8:1:0:2000:----
RUN_RESULT:8:2:0:2000:----
RUN_RESULT:8:3:0:2000:----
RUN_RESULT:8:4:0:2000:----
RUN_RESULT:8:5:0:2000:----
RUN_RESULT:8:6:0:2000:----
RUN_RESULT:8:7:0:2000:----
RUN_RESULT:8:8:0:2000:----
RUN_RESULT:8:9:0:2000:----
     9 |       90 |  0.000000E+00 | -0.000000E+00
TRACK:170;7;6;5;5;5;3;4;4;2;2;0;6;8;1;24;8;2;2;8;23;-9.564095691132996;6;16;5;1;16;0;7;-5.7983231544464715;24
TRACK:171;7;6;1;6;0;4;0;5;6;5;3;5;13;0;3;0;4;1;16;14;4;0;12;13;5;0;6;2;21;7.393179846246412;25;5;6;16;4;4;4;1;3;1;6;16;1;10;16;5;2;0;9;13;5;23;-1.1077769196155351;4;0;1;0;1;1;0;1;6;10;3;12;6;2;8;23;-9.564095691132996;6;1;6;15;1;13;14;3;2;3;5;23;5.524369017262018;1;3;20;-2.943891205362716;3;24;0;2;5;1;1;11;12;5;16;4;6;2;20;-4.7103146743896;9;1;5;3;3;15;1;4;1;15;23;-0.35414720371207586;5;1;20;3.8200324129139958;12;2;6;0;6;2;1;17;24;1;23;-4.722944952699426;10;2;0;4;13;4;16;2;2;23;5.430651362399798;14;1;17;8;6;1;5;0;3;7;5.924280577922097;6;19;4;0;0;18;13;3;11;1;3;4;3;2;1;3;10;0;10;18;4;5;24;4;6;0;6;4;1;18;16;0;4;6;20;-7.443899367482882;3;2;22;-6.315687636015317;16
TRACK:172;5;9;2;3;5;4;4;2;4;6;3;1;16;11;4;2;4;6;15;2;3;18;5;13;4;2;6;2;6;6;1;6;2;20;-1.6933720277892483;21;-6.288600675825968;5;0;13;11;5;3;3;0;5;14;6;19;6;3;0;3;3;3;6;16;2;5;5;2;12;25;3;2;3;9;4;21;1.078421764462469
TRACK:173;5;9;3;2;3;1;3;3;4;5;4;6;20;-4.396079701379884;5;5;2;6;4;4;23;9.454700458981847;3;5;2;25;20;1.9947293996791409;2;3;5;4;6;3;2;0;15;15;6;15;4;0;5;1;3;1;0;9;7;7.498876980161818;1;10;24;1;6;12;3;1;13;21;6.652627190748316;5;4;6;1;0;25;19;0;25;20;8.105844045766343
TRACK:174;0;8;6;5;4;4;2;3;5;6;1;6;17;2;15;18;4;0;2;2;0;16;23;-6.8304586043140265;5;17;0;2;23;-3.045716768713536;25;3;12;0;6;6;11;3;2;16;17
TRACK:175;0;8;0;5;4;0;6;0;6;3;1;3;15;1;13;18;5;0;0;3;21;9.428315445839132;3;12;6;6;24;0;6;1;5;1;4;17;2;9;25;6;2;1;16;24;1;11;9;6;6;5;2;5;17;3;19;6;6;1;0;6;4;5;3;4;13;0;3;4;1;5;7;7.254707054088247;6;9;6;6;2;2;18;8;2;16;17;5;0;2;0;6;1;25;8;5;2;24;7;1.2485406626853326;5;3;3;9;4;5;5;1;24;9
TRACK:176;4;5;4;6;3;1;5;0;0;0;1;0;22;-9.316943896580788;14;6;7;9.167995193698214;3;4;21;0.6900502998878011;3;1;2;19;20;5.150540031187385;6;12;4;0;1;3;14;3;15;0;1;16;9;2;17;16;0;3;2;3;4;3;23;-2.86126816405317;1;5;6;10;2;3;23;3.4365161781676505;2;13;11;2;5;5;2;3;25;5;13;1;4;5;5;17;0;6;3;9;4;5;9
TRACK:177;4;5;2;3;5;4;4;2;4;6;3;1;16;11;4;2;4;4;11;2;3;18;5;13;4;2;6;2;6;6;1;6;2;20;-1.6933720277892483;21;-6.288600675825968;5;0;13;11;5;3;3;0;5;14;6;19;6;3;0;6;7;9.167995193698214;2;5;5;2;12;25;3;2;3;9;4;21;1.078421764462469
TRACK:178;6;0;1;6;0;4;0;5;6;5;3;5;13;0;3;0;4;1;16;15;4;0;12;13;5;0;6;2;21;7.393179846246412;25;5;6;16;4;4;4;1;3;1;6;16;1;10;16;5;2;0;9;13;5;23;-1.1077769196155351;4;0;1;0;1;1;0;1;6;10;3;12;6;2;17;16;6;1;6;15;1;13;14;3;2;3;5;23;5.524369017262018;1;3;20;-2.943891205362716;3;24;0;2;5;1;1;11;12;5;16;4;6;2;20;-4.7103146743896;9;1;5;3;3;15;1;4;1;15;23;-0.35414720371207586;5;1;20;3.8200324129139958;12;2;6;0;6;2;1;17;24;1;23;-4.722944952699426;10;2;0;4;13;4;16;2;2;23;5.430651362399798;14;1;17;8;6;1;5;0;3;7;5.924280577922097;6;19;4;0;0;18;13;3;11;1;3;4;3;2;1;3;10;0;10;18;4;5;24;4;6;0;6;4;1;18;16;0;4;6;20;-7.443899367482882;3;2;22;-6.315687636015317;16
TRACK:179;6;0;6;5;4;4;2;3;5;6;1;6;17;2;15;18;4;0;2;2;0;16;23;-6.8304586043140265;4;17;0;2;23;-3.045716768713536;25;3;15;0;6;6;11;3;2;16;17
TRACK:180;170;-1;5;5;5;3;4;4;2;2;0;6;8;1;24;8;2;2;8;23;-9.701189203879473;6;16;5;1;16;0;7;-5.523521375696791;17
TRACK:181;172;-1;2;3;5;4;4;2;4;6;3;1;16;25;4;2;4;6;15;2;3;18;5;13;4;2;6;2;6;6;1;6;2;20;-1.8086836458826818;21;-6.316706594266486;5;0;13;11;5;3;3;0;5;14;6;19;6;3;0;3;3;3;6;16;2;5;5;2;12;25;3;2;3;9;4;21;0.9465201725745565
TRACK:182;174;-1;6;5;4;4;2;3;5;6;1;6;17;2;15;18;4;0;2;2;0;16;23;-6.700713072671652;5;17;0;2;23;-2.953001884769893;25;3;12;0;6;6;11;3;2;20;-2.97226696371818;17
TRACK:183;176;-1;4;6;3;1;5;0;0;0;1;0;22;-9.409688843991436;14;6;7;9.304056186893716;3;4;21;0.6589401912578272;3;1;2;19;20;5.096910634802389;6;13;4;0;1;3;14;3;15;0;1;16;9;2;17;16;0;3;2;3;4;3;23;-2.7248150657990506;1;5;6;10;2;3;23;3.6084457852796765;2;13;11;2;5;5;2;3;25;5;13;1;4;5;5;17;0;6;3;9;4;5;9
TRACK:184;178;-1;1;6;0;4;0;5;6;5;3;5;13;0;3;0;4;1;16;15;4;0;12;13;5;0;6;2;21;7.457467416786015;25;4;2;12;17;4;4;4;1;3;1;6;16;1;10;16;5;2;0;9;13;5;23;-1.185052270363702;4;0;1;0;1;1;0;1;6;10;3;12;6;2;17;16;6;1;6;15;1;13;14;3;2;3;5;23;5.613832432696936;1;3;20;-3.069980745529579;3;24;0;2;5;1;1;11;12;5;16;4;6;2;20;-4.589908838951171;9;1;5;3;3;15;1;4;1;15;23;-0.27515945045791756;5;1;20;3.7068269629079933;12;2;6;0;6;2;1;17;24;1;23;-4.800771770466685;10;2;0;4;13;4;16;2;2;23;5.403564765478338;14;1;17;8;6;1;5;0;3;7;5.9892828603991095;6;19;4;0;0;18;13;3;11;1;3;4;3;2;1;3;10;0;10;18;4;5;24;4;6;0;6;4;1;18;16;0;4;6;20;-7.50294958965818;3;2;22;-6.185410707946691;16
TRACK:185;171;-1;1;6;0;4;0;5;6;5;3;5;13;0;3;0;4;1;16;14;4;0;12;13;5;0;6;2;21;7.5605975119947875;25;5;6;16;4;4;4;1;3;1;6;16;1;10;16;5;2;0;9;13;5;23;-0.9548567719930801;4;0;1;0;1;1;0;1;6;10;3;12;6;2;8;23;-9.421449307938904;6;1;6;15;1;13;14;3;2;3;5;23;5.529092611674155;1;3;20;-3.2293701947863402;3;24;0;2;5;1;1;11;12;5;16;4;6;2;20;-4.735154852277261;9;1;5;3;3;15;1;4;1;15;23;-0.3281418822494898;5;1;20;3.9808285255618814;12;2;6;0;6;2;1;17;24;1;23;-4.846169549717572;10;2;0;4;13;4;16;2;2;23;5.35985430458196;14;1;17;8;6;1;5;0;3;7;5.932158604946628;6;19;4;0;0;18;13;3;11;1;3;4;3;2;1;3;10;0;10;18;4;5;24;4;6;0;6;4;1;18;16;0;6;14;3;2;22;-6.289604597509228;16
TRACK:186;173;-1;3;2;3;1;3;11;5;5;2;6;4;4;23;9.576558091050705;3;5;2;25;20;2.031596816258659;2;3;5;4;6;3;2;0;15;15;6;15;4;0;5;1;3;1;0;9;7;7.534687765418536;1;10;24;1;6;12;3;1;13;21;6.700125739292338;5;4;6;1;0;25;19;0;25;20;8.044809459878165
TRACK:187;175;-1;0;5;4;0;6;0;6;3;1;3;15;1;13;18;5;0;0;3;21;9.30144063292547;3;12;6;6;24;0;6;1;5;1;4;17;2;9;25;6;2;1;16;24;1;11;9;6;6;5;2;5;17;3;19;6;6;1;0;6;4;5;3;4;13;0;3;4;4;24;6;6;2;2;18;8;2;16;17;5;0;2;0;6;1;25;8;5;2;24;7;1.2756760453227798;5;3;3;9;4;5;5;1;24;9
TRACK:188;177;-1;2;3;5;4;4;2;4;1;3;13;5;18;4;2;4;4;11;2;3;18;5;13;4;2;6;2;6;6;1;6;2;20;-1.4848071991146816;21;-6.254463647313262;5;0;13;11;5;3;3;0;5;14;6;19;6;3;0;6;7;9.112632704077482;2;5;5;2;12;25;3;2;3;9;4;21;0.9731973405408223
TRACK:189;179;-1;6;5;4;4;2;3;3;3;15;4;0;2;2;0;16;23;-6.8737157242290134;4;17;0;2;23;-2.9785949419572253;25;3;15;0;6;6;11;3;2;16;17
EVAL_INSTANCE:9:0:180
EVAL_INSTANCE:9:1:181
EVAL_INSTANCE:9:2:182
EVAL_INSTANCE:9:3:183
EVAL_INSTANCE:9:4:184
EVAL_INSTANCE:9:5:185
EVAL_INSTANCE:9:6:186
EVAL_INSTANCE:9:7:187
EVAL_INSTANCE:9:8:188
EVAL_INSTANCE:9:9:189
RUN_RESULT:9:0:0:2000:----
RUN_RESULT:9:1:0:2000:----
RUN_RESULT:9:2:0:2000:----
RUN_RESULT:9:3:0:2000:----
RUN_RESULT:9:4:0:2000:----
RUN_RESULT:9:5:0:2000:----
RUN_RESULT:9:6:0:2000:----
RUN_RESULT:9:7:0:2000:----
RUN_RESULT:9:8:0:2000:----
RUN_RESULT:9:9:0:2000:----
    10 |      100 |  0.000000E+00 | -0.000000E+00
TRACK:190;0;3;6;5;4;4;2;3;5;6;1;6;17;2;15;18;4;0;2;2;0;25;23;-6.8304586043140265;4;17;0;2;23;-3.045716768713536;25;3;12;0;6;6;11;3;2;16;17
TRACK:191;0;3;5;0;2;1;1;2;0;1;0;3;18;0;11;19;2;3;8;6;11;0;3;5;20;-9.854547872440747;2;3;14;0;25;20;5.266758292435906;3;1;17;5;2;7;-1.4171908279333838;16;5;3;4;0;4;17;5;13;1;6;5;6;1;2;25;12;1;24;18;5;3;6;6;3;20;-7.581922671886156;1;6;4;0;6;3;6;9;3;2;1;10;19;2;12;15;3;6;1;2;2;4;17;2;10;7;-6.133789060629686;1;6;20;-0.8807957506615907;4;21;-2.4445561251967156;6;0;5;7;-8.41724648602375;3;22;-2.064242001124274;1;3;6;0;0;4;0;2;7;-1.13735537058224;10;1;13;8;4;0;3;18;5;18;0;6;3;1;18;21;-0.1465674434131934;2;6;6;11;1;0;14;13;0;21;-0.6777374980974411;11;1;2;5;0;6;3;0;10;16;5;5;4;19;3;1;5;2;6;21;-5.102726627346557;4;21;-7.780513196050098;3;6;1;7;-4.09981042546441;15;0;2;2;4;2;1;21;4.71681260114514;11;0;22;-6.749979277028966;9;4;1;1;21;6.70545674170857;22;-5.398647801289512;0;9;21;-3.456409740315678;1;6;6;4;10;5;2;2;12;16;3;25;6;5;0;2;5;16;6;17;6;1;7;7.846653418014004;24
TRACK:192;1;4;0;4;2;0;3;6;3;3;0;5;16;0;25;16;6;4;3;0;4;1;10;24;4;2;13;11;1;3;6;5;3;5;2;14;19;5;2;0;1;5;5;18;4;4;13;6;0;1;7;0.3602594837541844;16;0;9;11;0;0;4;0;23;-0.3182322762044265;9;4;3;13;2;2;5;24;1;7;2.8122087784926357;7;-2.4669799524933893;5;6;10;2;1;0;3;2;2;1;6;5;18;0;6;17;6;16;2;5;0;19;14;1;3;21;3.6787434844141735;6;16;0;2;6;4;21;-7.846505514191158;5;6;18;2;6;6;18;0;2;19;24;1;25;10;6;1;6;3;2;4;14;5;8;2;0;4;3;11;0;5;13;6;11;2;0;4;16;2;10;24;3;3;17;3;6;0;1;1;2;2;14;12;2;25;8;2;3;24;3;19;4;5;0;25;11;5;5;5;0;23;3.801344532366798;7;-2.974970712886571;1;5;0;1;6;6;1;1;23;0.09016184943938654;22;5.189633377404299;0;23;-6.059342918267059;24;4;2;3;3;13;0;2;12;15;4;20;-4.2865046718780935;3;4;1;5;3;8;3;2;18;19;6;4;2;5;3;6;3;12;6;5;2;2;25;20;9.506822019760321;4;7;-9.288801001936392
TRACK:193;1;4;4;6;3;1;5;0;0;0;1;0;22;-9.316943896580788;14;6;7;9.167995193698214;3;4;21;0.6900502998878011;3;1;2;19;20;5.150540031187385;6;12;4;0;1;3;14;3;15;0;1;16;9;2;17;16;0;3;2;3;4;3;23;-2.86126816405317;1;5;6;10;2;3;23;3.4365161781676505;2;13;11;2;5;5;2;3;25;5;13;1;17;0;6;1;22;3.289733235981574;20;-6.907684957629343;4;5;9
TRACK:194;2;2;2;4;2;0;3;3;2;2;4;6;13;3;0;25;24;6;6;6;19;5;1;6;5;0;3;22;3.613181508814362;4;19;0;6;5;4;21;3.424804278692612;1;6;2;12;8;2;3;15;4;15;0;4;5;5;2;3;6;15;6;1;13;7;8.849387438651732;4;5;4;2;5;0;12;20;-0.6141455326857592;6;6;18;6;5;2;1;4;3;0;2;0;7;5.808802450809784;10;2;16;20;-7.423574906899613;5;2;10;19;0;3;5;1;1;10;18;6;14;2;5;4;4;21;-1.2834884289231585;5;0;4;19;6;12;1;2;5;0;4;4;16;2;4;10;2;14;15;3;15;3;2;0;5;5;7;5.922906560229322;2;4;21;-2.519501858667459;5;14;3;3;3;24
TRACK:195;2;2;2;4;2;0;3;3;2;2;4;6;13;3;0;25;24;6;6;6;19;5;1;0;4;4;16;2;4;10;2;14;15;0;6;5;4;21;3.424804278692612;1;6;2;12;8;2;3;15;4;15;0;4;5;5;2;3;6;15;6;1;13;7;8.849387438651732;4;5;4;2;5;0;12;20;-0.6141455326857592;6;6;18;6;5;2;1;4;3;0;2;0;7;5.808802450809784;10;2;16;20;-7.423574906899613;5;2;10;19;0;3;5;1;1;10;18;6;14;2;5;4;4;21;-1.2834884289231585;5;0;4;19;6;12;1;2;5;0;4;4;16;2;4;10;2;14;15;3;5;1;0;25;24;0;14;10;3;2;0;5;5;7;5.922906560229322;2;4;21;-2.519501858667459;5;14;3;3;3;24
TRACK:196;7;4;5;5;5;3;4;4;2;2;0;6;8;1;24;13;2;2;8;23;-9.564095691132996;6;16;5;1;4;13;0;7;-5.7983231544464715;24
TRACK:197;7;4;4;6;3;1;5;0;0;0;1;0;22;-9.316943896580788;14;6;7;9.167995193698214;3;4;21;0.6900502998878011;3;1;2;24;20;5.150540031187385;6;12;4;0;1;3;14;3;15;0;1;16;9;2;17;16;0;3;2;3;4;3;23;-2.86126816405317;1;5;6;10;2;3;23;3.4365161781676505;2;13;11;2;5;5;2;3;25;5;13;1;4;5;5;17;0;6;1;22;3.289733235981574;20;-6.907684957629343;4;5;9
TRACK:198;8;6;0;5;4;0;6;0;6;3;1;3;15;1;13;18;5;0;0;3;21;9.428315445839132;3;12;6;6;24;0;6;1;5;1;4;17;2;9;25;6;2;1;16;24;1;11;9;6;6;5;2;5;17;3;19;6;6;1;0;6;4;5;3;4;13;0;3;4;1;5;7;7.254707054088247;6;9;6;6;2;2;18;8;2;12;21;7.330216125862577;5;0;2;0;6;1;25;8;5;2;24;7;1.2485406626853326;7;5.924280577922097;4;5;5;1;24;9
TRACK:199;8;6;1;6;0;4;0;5;6;5;3;5;13;0;3;0;4;1;16;14;4;0;12;13;5;0;6;2;21;7.393179846246412;25;5;6;16;4;4;4;1;3;1;6;16;1;10;16;5;2;0;9;13;5;23;-1.1077769196155351;4;0;1;0;1;1;0;1;6;10;3;12;6;2;17;16;6;1;6;15;1;13;14;3;2;3;5;23;5.524369017262018;1;3;20;-2.943891205362716;3;24;0;2;5;1;1;11;12;5;16;4;6;2;20;-4.7103146743896;9;1;5;3;3;15;1;4;1;15;23;-0.35414720371207586;5;1;20;3.8200324129139958;12;2;6;0;6;2;1;17;24;1;23;-4.722944952699426;10;2;0;4;13;4;16;2;2;23;5.430651362399798;14;1;17;8;6;1;5;0;3;7;5.924280577922097;6;19;4;0;0;18;13;3;11;1;3;4;3;2;1;3;10;0;10;18;4;5;24;4;6;0;6;4;1;18;9;0;4;6;20;-7.443899367482882;3;2;22;-6.315687636015317;16
TRACK:200;0;-1;6;5;4;4;2;3;5;6;1;6;17;2;15;18;4;0;2;2;0;16;23;-6.843449197352632;4;17;0;2;23;-3.030341541068265;25;3;12;3;5;19
TRACK:201;192;-1;0;4;2;0;3;6;3;3;0;5;16;0;25;16;6;4;3;0;4;1;10;24;4;2;13;11;1;3;6;5;3;5;2;16;19;5;2;0;1;5;5;18;4;4;13;6;0;1;7;0.15618232066194335;16;0;9;11;0;0;4;0;23;-0.34174662570599523;9;4;3;13;2;2;5;24;1;7;2.813222958874294;7;-2.5937890099986274;5;6;10;2;1;0;3;2;2;1;6;5;18;0;6;17;6;16;2;5;0;19;14;1;3;21;3.7965347829402503;6;16;0;2;6;4;21;-7.835976984712558;5;6;18;2;6;6;18;0;2;19;24;1;25;10;6;1;6;3;2;4;14;5;8;2;0;4;3;11;0;5;13;6;11;2;0;4;16;2;10;24;3;3;17;3;6;0;1;1;2;2;14;12;2;25;8;2;3;24;3;19;4;5;0;25;11;5;5;5;0;23;3.8153503338072103;7;-2.8197933575748;1;5;0;1;6;6;1;1;23;0.2797899011467706;22;5.1552508926538465;0;23;-6.163525246039202;24;4;2;3;3;13;0;2;12;15;4;20;-4.333399457056901;3;4;1;5;3;8;3;2;18;19;6;4;2;5;3;6;3;12;6;5;2;2;25;20;9.439192276650994;4;7;-9.108132982187524
TRACK:202;194;-1;5;6;0;5;6;3;19;6;0;0;15;16;2;18;25
TRACK:203;196;-1;5;5;5;3;4;4;2;2;0;6;8;1;24;13;2;3;7;6.447132302941068;6;16;5;1;4;13;0;7;-5.779146589246386;24
TRACK:204;198;-1;0;5;4;0;6;0;6;3;1;3;15;1;13;18;5;0;0;3;21;9.287226887716711;3;12;6;6;24;0;6;1;5;1;4;17;2;9;25;6;2;1;16;24;1;11;9;6;6;5;2;5;17;3;19;6;6;1;0;6;4;5;3;4;13;0;3;4;1;5;7;7.2493299847859705;6;9;6;6;2;2;18;8;2;12;21;7.275892404983236;5;0;6;6;0;22;-1.5474984397134008;22;-2.192246126608291;4;5;5;1;24;9
TRACK:205;3;-1;5;0;2;1;1;2;0;1;0;3;18;0;11;19;2;3;8;6;11;0;3;6;25;2;3;14;0;25;20;5.417674421139528;3;1;6;4;7;-4.637333178386243;5;2;7;-1.2409481518146581;16;5;3;4;0;4;17;5;13;1;6;5;6;1;2;25;12;1;24;18;5;3;6;6;3;20;-7.6732881098433845;1;6;4;0;6;3;6;9;3;2;1;10;19;2;12;15;3;6;1;2;2;4;17;2;10;7;-6.293689621612597;1;6;20;-0.8914421406000539;4;21;-2.433527369345808;6;0;5;7;-8.494760928204952;3;22;-2.0062519750636207;1;3;6;0;0;4;0;2;7;-1.107692323746626;10;1;13;8;4;0;3;18;5;18;0;6;3;1;18;21;-0.10249401309087762;2;6;6;11;1;0;14;13;0;21;-0.6203568435242245;11;1;2;5;0;6;3;0;10;16;5;5;4;19;3;1;5;2;6;21;-4.913729782399355;4;21;-7.712451316082307;3;6;1;7;-4.012415330664715;15;0;2;2;4;2;1;21;4.739280610254244;11;0;22;-6.670840097608225;9;4;1;1;21;6.803568096187122;22;-5.503558795335863;0;9;21;-3.409930889104966;1;6;6;4;10;5;2;2;12;16;3;25;6;5;0;2;5;16;6;17;6;1;7;7.900737053202692;24
TRACK:206;193;-1;4;6;3;1;5;0;0;0;1;0;22;-9.413620165252059;14;6;7;9.1100080165596;3;4;21;0.7125300675832397;3;1;2;19;20;5.368270653740917;6;12;4;0;1;3;14;2;24;15;0;1;16;9;2;17;16;0;3;2;3;4;3;23;-2.9569194808288066;1;5;6;10;2;3;23;3.3857978660431076;2;13;11;2;5;5;2;3;25;5;13;1;17;0;6;1;22;3.209222692397091;20;-7.043145851081401;4;5;9
TRACK:207;195;-1;2;4;2;0;3;3;2;2;4;6;13;3;0;25;24;6;6;6;19;5;1;0;4;4;16;2;4;10;2;14;15;1;0;23;8.967649044989216;16;3;7;9.165532464575286;0;4;5;5;2;3;6;15;6;1;13;7;8.886342786911404;4;5;4;2;5;0;12;20;-0.5847428022041434;6;6;18;6;5;2;1;4;3;0;2;0;7;5.848303217327186;10;2;16;20;-7.32561862980279;5;2;10;19;0;3;5;1;1;10;18;6;14;2;5;4;4;21;-1.1568228603276889;5;0;4;19;6;12;1;2;5;0;4;4;16;2;4;10;2;14;15;3;5;1;0;25;24;0;14;10;3;2;0;5;5;7;5.792294916467634;2;4;21;-2.439732572112137;5;14;3;3;3;24
TRACK:208;197;-1;4;6;5;6;4;5;5;2;6;18;3;17
TRACK:209;199;-1;1;6;0;4;0;5;6;5;3;5;13;0;3;0;4;1;16;14;1;6;25;3;25;5;0;6;2;21;7.270079591687829;25;5;6;16;4;4;4;1;3;1;6;16;1;10;16;5;2;0;9;13;5;23;-1.021485277437402;4;0;1;0;1;1;0;1;6;10;3;12;6;2;17;16;6;1;6;15;1;13;14;3;2;3;5;23;5.48694780900024;1;3;20;-3.0887695199969847;3;24;0;2;5;1;1;11;12;5;16;4;6;2;20;-4.660694646270349;9;1;5;3;3;15;1;4;1;15;23;-0.32700618582496027;5;1;20;3.9897701249906534;12;2;6;0;6;2;1;17;24;1;23;-4.795423252853072;10;2;0;4;13;4;16;2;2;23;5.394341764206601;14;1;17;8;6;1;5;0;3;7;5.98269170470427;6;19;4;0;0;18;13;3;11;1;3;4;3;2;1;3;10;0;10;18;4;5;24;4;6;0;6;4;1;18;9;0;4;6;20;-7.454498180608409;3;2;22;-6.329235042000189;16
EVAL_INSTANCE:10:0:200
EVAL_INSTANCE:10:1:201
EVAL_INSTANCE:10:2:202
EVAL_INSTANCE:10:3:203
EVAL_INSTANCE:10:4:204
EVAL_INSTANCE:10:5:205
EVAL_INSTANCE:10:6:206
EVAL_INSTANCE:10:7:207
EVAL_INSTANCE:10:8:208
EVAL_INSTANCE:10:9:209
RUN_RESULT:10:0:0:2000:----
RUN_RESULT:10:1:0:2000:----
RUN_RESULT:10:2:0:2000:----
RUN_RESULT:10:3:0:2000:----
RUN_RESULT:10:4:0:2000:----
RUN_RESULT:10:5:0:2000:----
RUN_RESULT:10:6:0:2000:----
RUN_RESULT:10:7:0:2000:----
RUN_RESULT:10:8:0:2000:----
RUN_RESULT:10:9:0:2000:----
    11 |      110 |  0.000000E+00 | -0.000000E+00
TRACK:210;8;0;0;5;4;0;6;0;6;3;1;3;15;1;13;18;5;0;0;3;21;9.428315445839132;3;12;6;6;24;0;6;1;5;1;4;17;2;9;25;6;2;1;16;24;1;11;9;6;6;5;2;5;17;3;19;6;6;1;0;6;4;5;3;4;13;0;3;4;1;5;7;7.254707054088247;6;9;6;6;2;2;18;8;2;12;21;7.330216125862577;5;0;2;18;5;3;3;9;4;5;5;1;24;9
TRACK:211;8;0;6;5;4;4;2;3;5;6;1;6;17;2;15;18;4;0;2;2;0;16;23;-6.8304586043140265;4;17;0;2;23;-3.045716768713536;25;3;12;0;6;6;11;3;2;15;17
TRACK:212;1;9;0;4;2;0;3;6;3;3;0;5;16;0;25;16;6;4;3;0;4;1;10;24;4;2;13;11;1;3;6;5;3;5;2;14;19;5;2;0;1;5;5;18;4;4;13;6;0;1;7;0.3602594837541844;16;0;9;11;0;0;4;0;23;-0.3182322762044265;9;4;3;13;2;2;5;24;1;7;2.8122087784926357;7;-2.4669799524933893;4;5;25;2;1;0;3;2;2;1;6;5;18;0;6;17;6;16;2;5;0;19;14;1;3;21;3.6787434844141735;6;16;0;2;6;4;21;-7.846505514191158;5;6;18;2;6;6;18;0;2;19;24;1;25;10;6;1;6;3;2;4;14;5;8;2;0;4;3;11;0;5;13;6;11;2;0;4;16;2;10;24;3;3;17;3;6;0;1;1;2;2;14;12;2;25;8;2;3;24;3;19;4;5;0;25;11;5;5;5;0;23;3.801344532366798;7;-2.974970712886571;1;5;0;1;6;6;1;1;23;0.09016184943938654;22;5.189633377404299;0;23;-6.059342918267059;24;4;2;3;3;13;0;2;12;15;4;25;3;4;1;5;3;8;3;2;18;19;6;4;2;5;3;6;3;12;6;5;2;2;25;20;9.506822019760321;4;7;-9.288801001936392
TRACK:213;1;9;3;2;3;1;3;3;4;5;4;6;20;-4.396079701379884;5;5;2;6;4;4;23;9.454700458981847;3;5;2;25;20;1.9947293996791409;2;3;5;4;6;3;2;0;15;15;6;15;4;0;5;1;3;1;3;19;1;10;24;1;6;0;18;7;9.426482988853774;3;1;13;21;6.652627190748316;5;4;6;1;0;25;19;0;25;20;8.105844045766343
TRACK:214;6;8;1;6;0;4;0;5;6;5;3;5;13;0;3;0;4;1;24;9;4;0;12;13;5;0;6;2;21;7.393179846246412;25;5;6;16;4;4;4;1;3;1;6;16;1;10;16;5;2;0;9;13;5;23;-1.1077769196155351;4;0;1;0;1;1;0;1;6;10;3;12;6;2;17;16;6;1;6;15;1;13;14;3;2;3;5;23;5.524369017262018;1;3;20;-2.943891205362716;3;24;0;2;5;1;1;11;12;5;16;4;6;2;20;-4.7103146743896;9;1;5;3;3;15;1;4;1;15;23;-0.35414720371207586;5;1;20;3.8200324129139958;12;2;6;0;6;2;1;17;24;1;23;-4.722944952699426;10;2;0;4;13;4;16;2;2;23;5.430651362399798;14;1;17;8;6;1;5;0;3;7;5.924280577922097;6;19;4;0;0;18;13;3;11;1;3;4;3;2;1;3;10;0;10;18;4;5;24;4;6;0;6;4;1;18;16;0;4;6;20;-7.443899367482882;3;2;22;-6.315687636015317;16
TRACK:215;6;8;0;5;4;0;6;0;4;1;18;16;5;0;0;3;21;9.428315445839132;3;12;6;6;24;0;6;1;5;1;4;17;2;9;25;6;2;1;16;24;1;11;9;6;6;5;2;5;17;3;19;6;6;1;0;6;4;5;3;4;13;0;3;4;1;5;7;7.254707054088247;6;9;6;6;2;2;18;8;2;12;21;7.330216125862577;5;0;2;0;6;1;25;8;5;2;24;7;1.2485406626853326;5;3;3;9;4;5;5;1;24;9
TRACK:216;3;1;5;0;2;1;1;2;0;1;0;3;18;0;11;19;2;3;8;6;11;0;3;5;20;-9.854547872440747;2;3;14;0;25;20;5.266758292435906;3;1;6;4;7;-4.802489530000629;5;2;7;-1.4171908279333838;16;5;3;4;0;4;17;5;13;1;6;5;6;1;2;25;12;1;24;18;5;3;6;6;3;20;-7.581922671886156;1;6;4;0;6;3;6;9;3;2;1;10;19;2;12;15;3;6;1;2;2;4;17;2;10;7;-6.133789060629686;1;6;20;-0.8807957506615907;4;21;-2.4445561251967156;6;0;5;7;-8.41724648602375;3;22;-2.064242001124274;1;3;6;0;0;4;0;2;7;-1.13735537058224;10;1;13;8;4;0;3;18;5;18;0;6;3;1;18;21;-0.1465674434131934;2;6;6;11;1;0;14;13;0;21;-0.6777374980974411;11;1;2;5;0;6;3;0;10;16;5;5;4;19;3;1;5;2;6;21;-5.102726627346557;4;21;-7.780513196050098;3;6;1;7;-4.09981042546441;15;0;2;2;4;2;1;21;4.71681260114514;11;0;22;-6.749979277028966;9;4;1;1;21;6.70545674170857;22;-5.398647801289512;0;9;21;-3.456409740315678;1;6;6;4;10;5;2;2;12;16;3;25;6;5;0;2;5;16;6;17;6;1;7;7.846653418014004;24
TRACK:217;3;1;0;4;2;0;3;6;3;3;0;5;16;0;25;16;6;4;3;0;4;1;10;24;4;2;13;11;1;3;6;5;3;5;2;14;19;5;2;0;1;5;5;18;4;4;13;6;0;1;7;0.3602594837541844;16;0;9;11;0;0;4;0;23;-0.3182322762044265;9;4;3;13;2;2;5;24;1;7;2.8122087784926357;7;-2.4669799524933893;4;5;25;2;1;0;3;2;2;1;6;5;18;0;6;17;6;16;2;5;0;19;14;1;3;21;3.6787434844141735;6;16;0;2;6;4;21;-7.846505514191158;5;6;18;2;6;6;18;0;2;19;24;1;25;10;6;1;6;3;2;4;14;5;8;2;0;4;3;11;0;5;13;6;11;2;0;4;16;2;10;24;3;3;17;3;6;0;1;1;2;2;14;12;2;25;17;2;3;24;3;19;4;5;0;25;11;5;5;5;0;23;3.801344532366798;7;-2.974970712886571;1;5;0;1;6;6;1;1;23;0.09016184943938654;22;5.189633377404299;0;23;-6.059342918267059;24;4;2;3;3;13;0;2;12;15;4;20;-4.2865046718780935;3;4;1;5;3;8;3;2;18;19;6;4;2;5;3;6;3;12;6;5;2;2;25;20;9.506822019760321;4;7;-9.288801001936392
TRACK:218;0;6;6;18
TRACK:219;0;6;1;6;0;4;0;5;6;5;3;5;13;0;3;0;4;1;16;14;4;0;23;-3.045716768713536;13;5;0;6;2;21;7.393179846246412;25;5;6;16;4;4;4;1;3;1;6;16;1;10;16;5;2;0;9;13;5;23;-1.1077769196155351;4;0;1;0;1;1;0;1;6;10;3;12;6;2;17;16;6;1;6;15;1;13;14;3;2;3;5;23;5.524369017262018;1;3;20;-2.943891205362716;3;24;0;2;5;1;1;11;12;5;16;4;6;2;20;-4.7103146743896;9;1;5;3;3;15;1;4;1;15;23;-0.35414720371207586;5;1;20;3.8200324129139958;12;2;6;0;6;2;1;17;24;1;23;-4.722944952699426;10;2;0;4;13;4;16;2;2;23;5.430651362399798;14;1;17;8;6;1;5;0;3;7;5.924280577922097;6;19;4;0;0;18;13;3;11;1;3;4;3;2;1;3;10;0;10;18;4;5;24;4;6;0;6;4;1;18;16;0;4;6;20;-7.443899367482882;3;2;22;-6.315687636015317;16
TRACK:220;210;-1;0;5;4;0;6;0;6;3;1;3;15;1;13;18;5;0;0;3;21;9.366945651206423;3;12;6;2;25;16;0;6;1;5;1;4;17;2;9;25;6;2;1;16;24;1;11;9;6;6;5;2;5;17;3;19;6;6;1;0;6;4;5;3;4;13;0;3;4;1;5;7;7.042400317331369;6;9;6;6;2;2;18;8;2;12;21;7.339307143918388;5;0;2;18;5;3;3;9;4;5;5;1;24;9
TRACK:221;212;-1;0;4;2;0;3;6;3;3;0;5;16;0;25;16;6;4;3;0;4;1;10;24;4;2;13;11;1;3;6;5;3;5;2;14;19;5;2;0;1;5;5;18;4;4;13;6;0;1;7;0.23446621398354123;16;0;9;11;0;0;4;0;23;-0.18210692047302668;9;4;3;13;2;2;5;24;1;7;2.8247775682212173;7;-2.504164078211741;4;5;25;2;1;0;3;2;2;1;6;5;18;0;6;17;6;16;2;5;0;19;14;1;3;21;3.7648680486330646;6;16;0;2;6;4;21;-7.921936188227753;5;6;18;2;6;6;18;0;2;19;24;1;25;10;6;1;6;5;5;13;2;0;4;3;11;0;5;13;6;11;2;0;4;16;2;10;24;3;3;17;3;6;0;1;1;2;2;14;12;2;25;8;2;3;24;3;19;4;5;0;25;11;5;5;5;0;23;3.9633755837887463;7;-2.912498648852064;1;5;0;1;6;6;1;1;23;-0.21385696929220277;22;5.237391448510133;0;23;-6.153084451257014;24;4;2;3;3;13;0;2;12;15;4;25;3;4;1;5;3;8;3;2;18;19;6;4;2;5;3;6;3;12;6;5;2;2;25;20;9.56220049788715;4;7;-9.26048807268982
TRACK:222;214;-1;1;6;0;4;0;5;6;5;3;5;13;0;3;0;4;1;24;9;4;0;12;13;5;0;6;2;21;7.262369558492818;25;5;6;16;4;4;4;1;3;1;6;16;1;10;16;5;2;0;9;13;5;23;-1.148460369370987;4;0;1;0;1;1;0;1;6;10;1;12;14;6;2;17;16;6;1;6;15;1;13;14;3;2;3;5;23;5.59675631920426;1;3;20;-3.0290487848606507;3;24;0;2;5;1;1;11;12;5;16;4;6;2;20;-4.749942298218013;9;1;5;3;3;15;1;4;1;15;23;-0.5272396691081562;5;1;20;3.8415954674200776;12;2;6;0;6;2;1;17;24;1;23;-4.787696641627959;10;2;0;4;13;4;16;2;2;23;5.531863322212975;14;1;17;8;6;1;5;0;3;7;5.88584848311252;6;19;4;0;0;18;13;3;11;1;3;4;3;2;1;3;10;0;10;18;4;5;24;4;6;0;6;4;1;18;16;0;4;6;20;-7.312663303075837;3;2;22;-6.452208102998534;16
TRACK:223;216;-1;5;0;2;1;1;2;0;1;0;3;18;0;11;19;2;3;8;6;11;0;3;5;20;-9.835982392487425;2;3;14;0;25;20;5.218959662172872;3;1;6;4;7;-4.872693353880789;5;2;7;-1.4395608744321673;16;5;3;4;0;4;17;5;13;1;6;5;6;1;2;25;12;1;24;18;5;3;6;6;3;20;-7.651533685883492;1;6;4;0;6;3;6;9;3;2;1;10;19;2;12;15;3;6;1;2;2;4;17;2;10;7;-6.483622869052085;1;6;20;-1.0708381628195474;4;21;-2.4626842607616704;6;0;5;7;-8.355937404464306;3;22;-2.052286048631095;1;3;6;0;0;4;0;2;7;-1.1476881270673118;10;1;13;8;4;0;3;18;5;18;0;6;3;1;18;21;-0.0450773715807168;2;6;6;11;1;0;14;13;0;21;-0.6761755376806993;11;1;2;5;0;6;3;0;10;16;5;5;4;19;3;1;5;2;6;21;-5.056337098987007;4;21;-7.767262113128236;3;6;1;7;-4.229159874307229;15;1;17;20;3.3452568593258096
TRACK:224;0;-1;6;5;4;4;2;3;5;6;1;6;17;2;15;18;4;0;2;2;0;16;23;-6.666680020393962;4;17;0;2;23;8.314782581512382;25;3;12;0;6;6;11;3;2;16;17
TRACK:225;211;-1;6;5;4;4;2;3;5;6;5;3;15;4;0;2;2;0;16;23;-6.665266559517635;4;17;0;2;23;-3.073329147522867;25;3;12;0;6;6;11;3;2;15;17
TRACK:226;213;-1;3;2;3;1;3;3;4;5;4;6;20;-4.317116701832559;2;5;1;15;19;4;4;22;3.8326960242886425;2;3;5;4;6;3;2;0;15;15;6;15;4;0;5;1;3;1;3;19;1;10;24;1;6;0;18;7;9.578348006271243;3;1;13;21;6.664133389716735;5;4;6;1;0;25;19;0;25;20;7.990216901139456
TRACK:227;215;-1;0;5;4;0;6;0;4;1;18;16;5;0;0;3;21;9.288189948444899;3;12;6;6;24;0;6;1;5;1;4;17;2;9;25;6;2;1;16;24;1;11;9;6;6;5;2;5;17;3;19;6;6;1;0;6;5;17;0;3;4;1;5;7;7.16210515999043;6;9;6;6;2;2;18;8;2;12;21;7.206531367187488;5;0;2;0;6;1;25;8;5;2;24;7;1.3447644267228187;5;3;3;9;4;5;5;1;24;9
TRACK:228;217;-1;0;4;2;0;3;6;3;3;0;5;16;0;25;16;6;4;3;0;4;1;10;24;4;2;13;11;1;3;6;5;3;5;2;14;19;5;2;0;1;5;5;18;1;15;16;6;0;1;7;0.32809560763440015;16;0;9;11;0;0;4;0;23;-0.3208592688974716;9;4;3;13;2;2;5;24;1;7;2.8472221892787424;7;-2.496039232677613;4;5;25;2;1;0;3;2;2;1;6;5;18;0;6;17;6;16;2;5;0;19;14;1;3;21;3.826375897292269;6;16;0;2;6;4;21;-7.676207819137665;5;6;18;2;6;6;18;0;2;19;24;1;25;10;6;1;6;3;2;4;14;5;8;2;0;4;3;11;0;5;13;6;11;2;0;4;16;2;10;24;3;3;17;3;6;0;1;1;2;2;14;12;2;25;17;2;3;24;3;19;4;5;0;25;11;5;5;5;0;23;3.9427479210522582;7;-3.112859189678719;1;5;0;1;6;6;1;1;23;-0.029603107882695337;22;4.845974402884974;0;23;-6.051600026971202;24;4;2;3;3;13;0;2;12;15;4;20;-4.237259281937481;3;4;1;5;3;8;3;2;18;19;6;4;2;5;3;6;3;12;6;5;2;2;25;20;9.595573605335073;4;7;-9.438900739864152
TRACK:229;6;-1;1;6;0;4;0;5;6;5;3;5;13;0;3;0;4;1;16;14;4;2;21;-0.8901256682375536;21;-2.351843907248165;5;0;6;2;21;7.398276325320778;25;5;6;16;4;4;4;1;3;1;6;16;1;10;16;5;2;0;9;13;5;23;-1.116427204824203;4;0;1;0;1;1;0;1;6;10;3;12;6;2;17;16;6;1;6;15;1;13;14;3;2;3;5;23;5.575831360587592;1;3;20;-2.896513043295876;3;24;0;2;5;1;1;11;12;5;16;4;6;2;20;-4.622711569835767;9;1;5;3;3;15;1;4;1;15;23;-0.588803990731253;5;1;20;3.859396738792213;12;2;6;0;6;2;1;17;24;1;23;-4.578185846218645;10;2;0;4;13;4;16;2;2;23;5.33746210404193;14;1;17;8;6;1;5;0;3;7;5.879916644088346;6;19;4;0;0;18;13;3;11;1;3;4;3;2;1;3;10;0;10;18;4;5;24;4;6;0;6;4;1;18;16;0;4;6;20;-7.320192056730474;3;2;22;-6.321286310842671;16
EVAL_INSTANCE:11:0:220
EVAL_INSTANCE:11:1:221
EVAL_INSTANCE:11:2:222
EVAL_INSTANCE:11:3:223
EVAL_INSTANCE:11:4:224
EVAL_INSTANCE:11:5:225
EVAL_INSTANCE:11:6:226
EVAL_INSTANCE:11:7:227
EVAL_INSTANCE:11:8:228
EVAL_INSTANCE:11:9:229
RUN_RESULT:11:0:0:2000:----
RUN_RESULT:11:1:0:2000:----
RUN_RESULT:11:2:0:2000:----
RUN_RESULT:11:3:0:2000:----
RUN_RESULT:11:4:0:2000:----
RUN_RESULT:11:5:0:2000:----
RUN_RESULT:11:6:0:2000:----
RUN_RESULT:11:7:0:2000:----
RUN_RESULT:11:8:0:2000:----
RUN_RESULT:11:9:0:2000:----
    12 |      120 |  0.000000E+00 | -0.000000E+00
TRACK:230;6;3;1;6;0;4;0;5;6;5;3;5;13;0;3;0;4;1;16;14;4;0;12;13;5;0;6;2;21;7.393179846246412;25;5;6;16;4;4;4;1;3;1;6;16;1;10;16;5;2;0;9;13;5;23;-1.1077769196155351;4;0;1;0;1;1;0;1;6;10;3;12;6;2;17;16;6;1;6;15;1;13;14;3;2;3;5;23;5.524369017262018;1;3;20;-2.943891205362716;3;24;0;2;5;1;6;17;5;16;4;6;2;20;-4.7103146743896;9;1;5;3;3;15;1;4;1;15;23;-0.35414720371207586;5;1;20;3.8200324129139958;12;2;6;0;6;2;1;17;24;1;23;-4.722944952699426;10;2;0;4;13;4;16;2;2;23;5.430651362399798;14;1;17;8;6;1;5;0;3;7;5.924280577922097;6;19;4;0;0;18;13;3;11;1;3;4;3;2;1;3;10;0;10;18;4;5;24;4;6;0;6;4;1;18;16;0;4;6;20;-7.443899367482882;3;2;22;-6.315687636015317;16
TRACK:231;6;3;5;0;2;1;1;2;0;1;0;3;18;0;11;19;2;3;8;6;11;0;3;5;20;-9.854547872440747;2;3;14;0;25;20;5.266758292435906;3;1;6;4;7;-4.802489530000629;5;2;7;-1.4171908279333838;16;5;3;4;0;4;17;5;13;1;6;5;6;1;2;25;12;1;24;18;5;3;6;6;3;20;-7.581922671886156;1;6;4;0;6;3;6;9;3;2;1;10;19;2;12;15;3;6;1;2;2;4;17;2;10;7;-6.133789060629686;1;6;20;-0.8807957506615907;4;21;-2.4445561251967156;6;0;5;7;-8.41724648602375;3;22;-2.064242001124274;1;3;6;0;0;4;0;2;7;-1.13735537058224;10;1;13;8;4;0;3;18;5;18;0;6;3;1;18;21;-0.1465674434131934;2;6;6;11;1;0;14;13;0;21;-0.6777374980974411;11;1;2;5;0;6;3;0;10;16;5;5;4;19;3;1;5;2;6;21;-5.102726627346557;4;21;-7.780513196050098;3;6;1;7;-4.09981042546441;15;0;2;2;4;2;1;21;4.71681260114514;11;0;22;-6.749979277028966;9;4;1;1;21;6.70545674170857;22;-5.398647801289512;0;9;21;-3.456409740315678;1;6;6;4;10;5;2;2;12;16;3;25;6;5;0;2;5;16;6;17;6;1;14;24
TRACK:232;0;7;6;5;4;4;2;3;5;6;1;6;17;2;15;18;4;0;2;2;24;4;17;0;2;23;-3.045716768713536;25;3;12;0;6;6;11;3;2;16;17
TRACK:233;0;7;5;5;5;3;4;4;2;2;0;6;8;1;24;8;2;2;8;23;-9.564095691132996;6;16;5;6;11
TRACK:234;8;5;0;5;4;0;6;0;6;3;1;3;15;1;13;18;5;0;0;3;21;9.428315445839132;3;12;6;6;24;0;6;1;5;1;4;17;2;9;25;6;2;1;16;24;1;11;9;6;6;5;2;5;17;3;19;6;6;1;0;6;4;5;3;4;13;0;3;4;1;5;7;7.254707054088247;6;9;6;6;2;2;18;8;2;12;21;7.330216125862577;5;0;2;0;6;1;25;8;5;2;24;16;5;3;3;9;4;5;5;1;24;9
TRACK:235;8;5;2;3;5;4;4;2;4;6;3;1;16;11;4;2;4;4;11;2;3;18;9;4;2;6;2;6;6;1;6;2;20;-1.6933720277892483;21;-6.288600675825968;5;0;13;11;5;3;3;0;5;14;6;19;6;3;0;3;3;3;6;16;2;5;5;2;12;25;3;2;3;9;4;21;1.078421764462469
TRACK:236;8;2;0;5;4;0;6;0;6;3;1;3;15;1;13;18;5;0;0;3;21;9.428315445839132;3;12;6;6;24;0;6;1;5;1;4;17;2;9;25;6;2;1;16;24;1;11;9;6;6;5;2;5;17;3;19;6;6;1;0;6;4;5;2;14;15;0;3;4;1;5;7;7.254707054088247;6;9;6;6;2;2;18;8;2;12;21;7.330216125862577;5;0;2;0;6;1;25;8;5;2;24;7;1.2485406626853326;5;3;3;9;4;5;5;1;24;9
TRACK:237;8;2;2;4;2;0;3;3;2;2;4;6;9;3;0;25;24;6;6;6;19;5;1;6;5;0;3;22;3.613181508814362;4;19;0;6;5;4;21;3.424804278692612;1;6;2;12;8;2;3;15;4;15;0;4;5;5;2;3;6;15;6;1;13;7;8.849387438651732;4;5;4;2;5;0;12;20;-0.6141455326857592;6;6;18;6;5;2;1;4;3;0;2;0;7;5.808802450809784;10;2;16;20;-7.423574906899613;5;2;10;19;0;3;5;1;1;10;18;6;14;2;5;4;4;21;-1.2834884289231585;5;0;4;19;6;12;1;2;5;0;4;4;16;2;4;10;2;14;15;3;5;1;0;25;24;0;14;10;3;2;0;5;5;7;5.922906560229322;2;4;21;-2.519501858667459;5;14;3;3;3;24
TRACK:238;6;4;1;6;0;4;0;5;6;5;3;5;13;0;3;0;4;1;16;14;4;0;12;13;5;0;6;2;21;7.393179846246412;25;5;6;16;4;4;4;1;3;3;4;21;0.6900502998878011;5;2;0;9;13;5;23;-1.1077769196155351;4;0;1;0;1;1;0;1;6;10;3;12;6;2;17;16;6;1;6;15;1;13;14;3;2;3;5;23;5.524369017262018;1;3;20;-2.943891205362716;3;24;0;2;5;1;1;11;12;5;16;4;6;2;20;-4.7103146743896;9;1;5;3;3;15;1;4;1;15;23;-0.35414720371207586;5;1;20;3.8200324129139958;12;2;6;0;6;2;1;17;24;1;23;-4.722944952699426;10;2;0;4;13;4;16;2;2;23;5.430651362399798;14;1;17;8;6;1;5;0;3;7;5.924280577922097;6;19;4;0;0;18;13;3;11;1;3;4;3;2;1;3;10;0;10;18;4;5;24;4;6;0;6;4;1;18;16;0;4;6;20;-7.443899367482882;3;2;22;-6.315687636015317;16
TRACK:239;6;4;4;6;3;1;5;0;0;0;1;0;22;-9.316943896580788;14;6;7;9.167995193698214;3;4;21;0.6900502998878011;3;1;2;19;20;5.150540031187385;6;12;4;0;1;3;14;3;15;0;16;2;17;16;0;3;2;3;4;3;23;-2.86126816405317;1;5;6;10;2;3;23;3.4365161781676505;2;13;11;2;5;5;2;3;25;5;13;1;4;5;5;17;0;6;1;22;3.289733235981574;20;-6.907684957629343;4;5;9
TRACK:240;230;-1;1;6;0;4;0;5;6;5;3;5;13;0;3;0;4;1;16;14;4;0;12;13;5;0;6;2;21;7.438688735740708;25;5;6;16;4;4;3;22;4.752966006619314;4;0;1;0;1;1;0;1;6;10;3;12;6;2;17;16;6;1;6;15;1;13;14;3;2;3;5;23;5.318570857284303;1;3;20;-2.9714173442104674;3;24;0;2;5;1;6;17;5;16;4;6;2;20;-4.49372230697597;9;1;5;3;3;15;1;4;1;15;23;-0.4224368001426056;5;1;20;3.625909448375232;12;2;6;0;6;2;1;17;24;1;23;-4.756840679538244;10;2;0;4;13;4;16;2;2;23;5.663199369799975;14;1;17;8;6;1;5;0;3;7;6.051855726858848;6;19;4;0;0;18;13;3;11;1;3;4;3;2;1;3;10;0;10;18;4;5;24;4;6;0;6;4;1;18;16;0;4;6;20;-7.603658079765138;3;2;22;-6.282539085506573;16
TRACK:241;232;-1;6;5;4;4;2;3;5;6;1;6;17;2;15;18;4;0;2;2;24;4;17;0;2;23;-3.1329702652774873;25;3;12;0;6;6;11;3;6;10
TRACK:242;234;-1;0;5;4;0;6;0;6;3;1;3;15;1;13;18;5;0;0;3;21;9.484519977077001;3;12;6;6;24;0;6;1;5;1;4;17;2;9;25;6;2;1;16;24;1;11;9;6;6;5;2;5;17;3;19;6;6;1;0;6;4;5;3;4;13;0;3;4;1;5;7;7.411894944554628;6;9;6;6;2;2;18;8;2;12;21;7.422080002469371;5;0;2;0;6;1;25;8;5;2;24;16;5;3;3;9;4;5;5;4;24
TRACK:243;236;-1;0;5;4;0;6;0;6;3;1;3;15;1;13;18;5;0;0;3;21;9.472296931432265;3;12;6;6;24;0;6;1;5;1;4;17;2;9;25;6;2;1;16;24;1;11;9;6;6;5;2;5;17;3;19;6;6;1;0;6;4;5;2;14;15;0;3;4;1;5;7;7.278279738799677;6;9;6;6;2;2;18;8;2;12;21;7.055286223020719;5;0;2;0;6;1;25;8;5;2;24;7;1.2120853917969372;5;3;3;9;4;5;5;1;24;16
TRACK:244;6;-1;1;6;0;4;0;5;6;5;3;5;13;0;3;0;4;1;16;14;4;0;12;13;5;0;6;2;21;7.588725466387596;25;5;6;16;4;4;4;1;3;1;6;16;1;10;16;5;2;0;9;13;5;23;-1.0944716954636773;4;0;1;0;1;1;0;1;6;10;3;12;6;2;17;16;6;1;2;15;16;1;13;14;3;2;3;5;23;5.50036053234234;1;3;20;-2.862219349150733;3;24;0;2;5;1;1;11;12;5;16;4;6;2;20;-4.7821928763002255;9;1;5;3;3;15;1;4;1;15;23;-0.40293647844314556;5;1;20;3.721773834008793;12;2;6;0;6;2;1;17;24;1;23;-4.80593944668234;10;2;0;4;13;4;16;2;2;23;5.678038640072085;14;1;17;8;6;1;5;0;3;7;5.758611725561058;6;19;4;0;0;18;13;3;11;1;3;4;3;2;1;3;10;0;10;18;4;5;24;4;6;0;6;4;1;18;16;0;4;6;20;-7.3471917097634;3;2;22;-6.287916631632654;16
TRACK:245;231;-1;5;0;2;1;1;2;0;1;0;3;18;0;11;19;2;3;8;6;11;0;3;5;20;-9.937980367681375;2;3;14;0;25;20;5.305161264767954;3;0;5;9;0;25;9;5;3;4;0;4;17;5;13;1;6;5;6;1;2;25;12;1;24;18;5;3;6;6;3;20;-7.623107477705265;1;6;4;0;6;3;6;9;3;2;1;10;19;2;12;15;3;6;1;2;2;4;17;2;10;7;-6.1770039332430935;1;6;20;-0.6968381227192251;4;21;-2.276161246573356;6;0;5;7;-8.454445215498811;3;22;-2.1090477025610084;1;3;6;0;0;4;0;2;7;-1.0468716719766848;10;1;13;8;4;0;3;18;5;18;0;6;3;1;18;21;-0.23195551513560003;2;6;6;11;1;0;14;13;0;21;-0.7022503798028445;11;1;2;5;0;6;3;0;10;16;5;5;4;19;3;1;5;2;6;21;-5.1534544123250425;4;21;-7.751121246337992;3;6;1;7;-4.178809618673659;15;0;2;2;4;2;1;21;4.691153181003782;11;0;22;-6.839474525597285;9;4;1;1;21;6.732135173589011;22;-5.30807581374976;0;9;21;-3.4753332916609527;1;6;6;4;10;5;2;2;12;16;3;25;6;5;0;2;5;16;6;17;6;1;14;24
TRACK:246;233;-1;5;5;2;1;1;4;0;5;3;13;1;6;13;1;22;7.547803972924541;10;2;6;4;0;10;24;5;4;6;18;6;5;3;4;6;22;0.33569661375689464;1;0;5;6;4;1;21;9.548637096498386;13;6;5;0;2;18;23;5.6258767863881936;3;11;3;1;4;5;1;11;15;5;1;4;15;3;18
TRACK:247;235;-1;2;3;5;4;4;2;4;6;3;1;16;11;4;2;4;4;11;2;3;18;9;4;2;6;2;6;3;18;5;3;3;0;5;14;6;19;6;3;0;3;3;3;6;16;2;5;5;2;12;25;3;2;3;9;4;21;1.0137360002941025
TRACK:248;237;-1;2;4;2;0;3;3;2;2;4;6;9;3;0;25;24;6;6;6;19;5;1;6;5;0;3;22;3.570992801853914;4;19;0;6;5;4;21;3.3667438527927542;1;6;2;12;8;2;3;15;4;15;0;4;5;5;2;3;6;15;6;1;13;7;8.717511778246976;4;5;4;2;5;0;12;20;-0.6765927096201244;6;6;18;6;5;2;1;4;3;0;2;0;7;5.753737531090967;10;2;16;20;-7.29238223199293;5;2;10;19;0;3;5;1;1;10;18;6;14;2;5;4;4;21;-1.3109651809766518;5;0;4;19;3;22;9.814981272407934;1;2;5;0;4;4;16;2;4;10;2;14;15;3;5;1;0;25;24;0;14;10;3;2;0;5;5;7;5.886648535902409;2;4;21;-2.3166748821688925;5;14;3;3;3;24
TRACK:249;4;-1;4;6;3;1;5;0;0;0;1;0;22;-9.342283851656962;14;6;7;9.034033891667162;3;4;21;0.8580760360660404;3;1;2;19;20;5.291734171718736;6;12;4;0;1;3;14;3;15;0;1;16;9;5;19;0;3;2;3;4;3;23;-2.8753674152481086;1;5;6;10;2;3;23;3.446507724582725;2;13;11;2;5;5;2;3;25;5;13;1;4;5;5;17;0;6;1;22;3.2750848755453763;20;-6.748953932574686;4;5;9
EVAL_INSTANCE:12:0:240
EVAL_INSTANCE:12:1:241
EVAL_INSTANCE:12:2:242
EVAL_INSTANCE:12:3:243
EVAL_INSTANCE:12:4:244
EVAL_INSTANCE:12:5:245
EVAL_INSTANCE:12:6:246
EVAL_INSTANCE:12:7:247
EVAL_INSTANCE:12:8:248
EVAL_INSTANCE:12:9:249
RUN_RESULT:12:0:0:2000:----
RUN_RESULT:12:1:0:2000:----
RUN_RESULT:12:2:0:2000:----
RUN_RESULT:12:3:0:2000:----
RUN_RESULT:12:4:0:2000:----
RUN_RESULT:12:5:0:2000:----
RUN_RESULT:12:6:0:2000:----
RUN_RESULT:12:7:0:2000:----
RUN_RESULT:12:8:0:2000:----
RUN_RESULT:12:9:0:2000:----
    13 |      130 |  0.000000E+00 | -0.000000E+00
TRACK:250;3;0;5;0;2;1;1;2;0;1;0;3;18;0;11;19;2;3;8;6;11;0;3;5;20;-9.854547872440747;2;3;14;0;25;20;5.266758292435906;3;1;6;4;7;-4.802489530000629;5;2;7;-1.4171908279333838;16;5;3;4;0;4;17;5;13;1;6;5;6;1;2;17;12;1;24;18;5;3;6;6;3;20;-7.581922671886156;1;6;4;0;6;3;6;9;3;2;1;10;19;2;12;15;3;6;1;2;2;4;17;2;10;7;-6.133789060629686;1;6;20;-0.8807957506615907;4;21;-2.4445561251967156;6;0;5;7;-8.41724648602375;3;22;-2.064242001124274;1;3;6;0;0;4;0;2;7;-1.13735537058224;10;1;13;8;4;0;3;18;5;18;0;6;3;1;18;21;-0.1465674434131934;2;6;6;11;1;0;14;13;0;21;-0.6777374980974411;11;1;2;5;0;6;3;0;10;16;5;5;4;19;3;1;5;2;6;21;-5.102726627346557;4;21;-7.780513196050098;3;6;1;7;-4.09981042546441;15;0;2;2;4;2;1;21;4.71681260114514;11;0;22;-6.749979277028966;9;4;1;1;21;6.70545674170857;22;-5.398647801289512;0;9;21;-3.456409740315678;1;6;6;4;10;5;2;2;12;16;3;25;6;5;0;2;5;16;6;17;6;1;7;7.846653418014004;24
TRACK:251;3;0;6;5;4;2;3;8;6;11
TRACK:252;7;4;5;5;5;3;4;4;2;2;0;6;8;1;24;8;2;2;8;23;-9.564095691132996;6;23;-2.86126816405317;5;1;4;13;0;7;-5.7983231544464715;24
TRACK:253;7;4;4;6;3;1;5;0;0;0;1;0;22;-9.316943896580788;14;6;7;9.167995193698214;3;4;21;0.6900502998878011;3;1;2;19;20;5.150540031187385;6;12;4;0;1;3;23;-9.564095691132996;3;15;0;1;16;9;2;17;16;0;3;2;3;4;3;23;-2.86126816405317;1;5;6;10;2;3;23;3.4365161781676505;2;13;11;2;5;5;2;3;25;5;13;1;4;5;5;17;0;6;1;22;3.289733235981574;20;-6.907684957629343;4;5;9
TRACK:254;5;2;2;3;5;4;4;2;4;6;3;1;16;11;4;2;4;4;11;2;3;21;3.424804278692612;5;13;4;2;6;2;6;6;1;6;2;20;-1.6933720277892483;21;-6.288600675825968;5;0;13;11;5;3;3;0;5;14;6;19;6;3;0;3;3;3;6;16;2;5;5;2;12;25;3;2;3;9;4;21;1.078421764462469
TRACK:255;5;2;2;4;2;0;3;3;2;2;4;6;13;3;0;25;24;6;6;6;19;5;1;6;5;0;3;22;3.613181508814362;4;19;0;6;5;4;21;3.424804278692612;1;6;2;12;8;2;3;15;4;15;0;4;5;5;2;3;6;15;6;1;13;7;8.849387438651732;4;5;4;2;5;0;12;20;-0.6141455326857592;6;6;18;6;5;2;1;4;3;0;2;0;7;5.808802450809784;10;2;16;20;-7.423574906899613;5;2;10;19;0;3;5;1;1;10;18;6;14;2;2;12;25;5;0;4;19;6;12;1;2;5;0;4;4;16;2;4;10;2;14;15;3;5;1;0;25;24;0;14;10;3;2;0;5;5;7;5.922906560229322;2;4;21;-2.519501858667459;5;14;3;3;3;24
TRACK:256;3;9;5;0;2;1;1;2;0;1;0;3;18;0;11;19;2;3;8;6;11;0;3;5;20;-9.854547872440747;2;3;14;0;25;20;5.266758292435906;3;1;6;4;7;-4.802489530000629;5;2;7;-1.4171908279333838;16;5;3;4;0;4;17;5;13;1;6;5;6;1;2;25;12;1;24;18;5;3;6;6;3;20;-7.581922671886156;1;6;4;0;6;3;6;9;3;2;1;10;19;2;12;15;3;6;1;2;2;4;17;2;10;7;-6.133789060629686;1;6;20;-0.8807957506615907;4;21;-2.4445561251967156;6;25;1;3;6;0;0;4;0;2;7;-1.13735537058224;10;1;13;8;4;0;3;18;5;18;0;6;3;1;18;21;-0.1465674434131934;2;6;6;11;1;0;14;13;0;21;-0.6777374980974411;11;1;2;5;0;6;3;0;10;16;5;5;4;19;3;1;5;2;6;21;-5.102726627346557;4;21;-7.780513196050098;3;6;1;7;-4.09981042546441;15;0;2;2;4;2;1;21;4.71681260114514;11;0;22;-6.749979277028966;9;4;1;1;21;6.70545674170857;22;-5.398647801289512;0;9;21;-3.456409740315678;1;6;6;4;10;5;2;2;12;16;3;25;6;5;0;2;5;16;6;17;6;1;7;7.846653418014004;24
TRACK:257;3;9;3;2;3;1;3;3;4;5;4;6;20;-4.396079701379884;5;5;2;6;4;4;23;9.454700458981847;3;5;2;25;20;1.9947293996791409;2;3;5;4;6;3;2;0;15;15;6;15;4;0;5;1;3;1;0;9;7;7.498876980161818;1;10;24;1;6;0;18;7;9.426482988853774;3;1;13;21;6.652627190748316;5;2;1;21;4.71681260114514;11;0;22;-6.749979277028966;9
TRACK:258;4;5;4;6;3;1;5;0;5;0;13;11;4;0;1;3;14;3;15;0;1;16;9;2;17;16;0;3;2;3;4;3;23;-2.86126816405317;1;5;6;10;2;3;23;3.4365161781676505;2;13;11;2;5;5;2;3;25;5;13;1;4;5;5;17;0;6;1;22;3.289733235981574;20;-6.907684957629343;4;5;9
TRACK:259;4;5;2;3;5;4;4;2;4;6;3;1;16;11;4;2;4;4;11;2;3;18;5;13;4;2;6;2;6;6;1;6;2;20;-1.6933720277892483;21;-6.288600675825968;5;0;13;11;5;3;3;0;5;14;6;19;6;3;0;3;3;3;6;16;2;5;5;2;12;25;3;2;3;9;2;13;11
TRACK:260;250;-1;5;0;2;1;1;2;0;1;0;3;18;0;11;19;2;3;8;6;11;0;3;5;20;-9.847316859112237;2;3;14;0;25;20;5.068016442303511;3;1;6;4;7;-4.862571286961147;5;2;7;-1.23585012911688;16;5;3;4;0;4;17;5;13;1;6;5;6;1;2;17;12;1;24;18;5;3;6;6;3;20;-7.62731342865212;1;6;4;0;6;3;6;9;3;2;1;10;19;2;12;15;3;6;1;2;2;4;17;2;10;7;-6.006759156955474;1;6;20;-0.7287656049672419;4;21;-2.2024339587213944;6;0;5;7;-8.3688058024885;3;22;-2.0285381877086617;1;3;6;0;0;4;0;2;7;-1.0118379747551787;10;1;13;8;4;0;3;18;5;18;0;6;3;1;18;21;-0.041656877813343526;2;6;6;11;1;0;14;13;0;21;-0.7042379292757146;11;1;2;5;0;6;3;0;10;16;5;5;4;19;3;1;5;2;6;21;-5.106530604215418;4;21;-7.755842184827403;3;6;1;7;-4.070937496251355;15;0;2;2;4;2;1;21;4.5277547739217985;11;0;22;-6.759027560871709;9;4;1;1;21;6.702255218113905;22;-5.445299486747487;0;9;21;-3.4044989389553946;1;6;6;4;10;5;2;2;12;16;3;25;6;5;0;2;5;16;6;17;6;1;7;7.782146240306513;24
TRACK:261;252;-1;5;5;5;3;4;4;2;2;0;6;8;1;24;8;2;2;8;9;6;23;-2.9324307172645345;5;1;4;13;0;7;-5.583303264869524;24
TRACK:262;254;-1;2;3;5;4;4;2;4;6;3;1;16;11;4;2;4;4;11;2;3;21;3.397272165002567;5;13;4;2;6;2;6;6;3;5;2;17;11;5;3;3;0;5;14;6;19;6;3;0;3;3;3;6;16;2;5;5;2;12;25;3;2;3;9;4;21;1.2215556994421468
TRACK:263;3;-1;5;0;2;1;1;2;0;1;0;3;18;0;11;19;2;3;8;6;11;0;3;5;20;-9.824877423176323;2;3;14;0;25;20;5.261020656683509;3;1;6;4;7;-4.738307109311255;5;2;7;-1.391821968333455;16;5;3;4;0;4;17;5;13;1;6;5;6;1;2;25;12;1;24;18;5;3;6;6;3;20;-7.654649275516416;1;6;4;0;6;3;6;9;3;2;1;10;19;2;12;15;3;6;1;2;2;4;17;2;10;7;-6.295675554017425;1;6;20;-0.8317051289485268;4;21;-2.466758648606826;6;0;5;7;-8.334012285226365;3;22;-2.1984912645417896;1;3;6;0;0;4;0;2;7;-1.235489073410797;10;1;13;8;4;0;3;18;5;18;0;6;3;1;18;21;-0.06418626107029662;2;6;3;17;1;0;14;13;0;21;-0.7968271538956851;11;1;2;5;0;6;3;0;10;16;5;5;4;19;3;1;5;2;6;21;-5.090779193026292;4;21;-7.806521758375322;3;6;1;7;-4.089802808257537;15;0;2;2;4;2;1;21;4.683624984974471;11;0;22;-6.762922725365633;9;4;1;1;21;6.710476254566451;22;-5.25460256945947;0;9;21;-3.453874548980267;1;6;6;4;10;5;2;2;12;16;3;25;6;5;0;2;5;16;6;17;6;1;7;8.013323335272007;24
TRACK:264;258;-1;2;6;0;2;5;2;5;15;0;16;21;-1.3873150459287587;6;5;5;8;3;3;5;4;9;0;5;1;5;2;4;16;1;18;22;-2.6312142858070313;1;4;6;8;2;1;15;21;8.403085110346279;6;14;2;0;5;4;6;25;2;5;1;13;14;1;0;15;19;0;17;20;5.675678277244927;1;1;4;0;13;24;6;3;17;1;6;1;22;6.093984603932871;22;6.6753823330096616;2;2;23;-3.866830922702002;19;6;8
TRACK:265;251;-1;6;5;4;2;1;3;2;0;3;24;2;22;6.518970441628095;16;5;5;13;1;5;5;4;8;0;4;5;16;0;5;19;6;24;6;11
TRACK:266;253;-1;4;6;3;1;5;0;0;0;1;0;22;-9.439701317607767;14;6;7;9.10425725076867;3;4;21;0.7216634337254371;3;1;2;19;20;5.212022552878824;6;12;4;0;1;3;23;-9.43413831880132;3;23;0.9582264185680085;0;1;16;9;2;17;16;0;3;2;3;4;3;23;-2.742192420534671;1;5;6;10;2;3;23;3.5507954811339197;2;13;11;2;5;5;2;3;25;5;13;1;4;5;5;17;0;6;1;22;3.3580088124001923;20;-6.818499800056123;4;5;9
TRACK:267;255;-1;2;4;2;0;3;3;2;2;4;6;13;3;0;25;24;6;4;8;5;1;6;5;0;3;22;3.5291692624662185;4;19;0;6;5;4;21;3.402872347048801;1;6;2;12;8;2;3;15;4;15;0;4;5;5;2;3;6;15;6;1;13;7;8.869431640831493;4;5;4;2;5;0;12;20;-0.6832594654657962;6;6;18;6;5;2;1;4;3;0;2;0;7;5.811052954801102;10;2;16;20;-7.443099617043163;5;2;10;19;0;3;5;1;1;10;18;6;14;2;2;12;25;5;0;4;19;6;12;1;2;5;0;4;4;16;2;4;10;2;14;15;3;5;1;0;25;24;0;14;10;3;2;0;5;5;7;6.017788849771921;2;4;21;-2.4022664676239343;5;14;3;3;3;24
TRACK:268;9;-1;3;2;3;1;3;3;4;5;4;6;20;-4.3908957950981184;5;5;2;6;4;4;23;9.618169860998028;3;5;2;25;20;1.8367309250521926;2;3;5;4;6;3;2;6;19;6;15;4;0;5;1;3;1;0;9;7;7.449016223302374;1;10;24;1;6;0;18;7;9.470836105331745;3;1;13;21;6.709199229208133;5;4;6;1;0;25;19;0;25;20;8.015527588354741
TRACK:269;259;-1;2;3;5;4;4;2;4;6;3;1;16;11;4;2;4;4;11;2;3;18;5;13;4;2;6;2;6;6;1;6;2;20;-1.712655241060656;21;-6.11480200583768;5;0;13;11;5;3;3;0;5;14;0;9;21;-1.9199494458360995;6;3;0;3;3;3;6;16;2;5;5;2;12;25;3;2;3;9;2;13;11
EVAL_INSTANCE:13:0:260
EVAL_INSTANCE:13:1:261
EVAL_INSTANCE:13:2:262
EVAL_INSTANCE:13:3:263
EVAL_INSTANCE:13:4:264
EVAL_INSTANCE:13:5:265
EVAL_INSTANCE:13:6:266
EVAL_INSTANCE:13:7:267
EVAL_INSTANCE:13:8:268
EVAL_INSTANCE:13:9:269
RUN_RESULT:13:0:0:2000:----
RUN_RESULT:13:1:0:2000:----
RUN_RESULT:13:2:0:2000:----
RUN_RESULT:13:3:0:2000:----
RUN_RESULT:13:4:0:2000:----
RUN_RESULT:13:5:0:2000:----
RUN_RESULT:13:6:0:2000:----
RUN_RESULT:13:7:0:2000:----
RUN_RESULT:13:8:0:2000:----
RUN_RESULT:13:9:0:2000:----
    14 |      140 |  0.000000E+00 | -0.000000E+00
TRACK:270;1;8;0;4;2;0;3;6;3;3;0;5;16;0;25;16;6;4;3;0;4;1;10;24;4;2;13;11;1;3;6;5;3;5;2;14;19;5;2;0;1;5;5;18;4;4;13;6;0;1;7;0.3602594837541844;16;0;9;11;0;0;4;0;23;-0.3182322762044265;9;4;3;13;2;2;5;24;1;7;2.8122087784926357;7;-2.4669799524933893;4;5;25;2;1;0;3;2;2;1;6;18;0;6;17;6;16;2;5;0;19;14;1;3;21;3.6787434844141735;6;16;0;2;6;4;21;-7.846505514191158;5;6;18;2;6;6;18;0;2;19;24;1;25;10;6;1;6;3;2;4;14;5;8;2;0;4;3;11;0;5;13;6;11;2;0;4;16;2;10;24;3;3;17;3;6;0;1;1;2;2;14;12;2;25;8;2;3;24;3;19;4;5;0;25;11;5;5;5;0;23;3.801344532366798;7;-2.974970712886571;1;5;0;1;6;6;1;1;23;0.09016184943938654;22;5.189633377404299;0;23;-6.059342918267059;24;4;2;3;3;13;0;2;12;15;4;20;-4.2865046718780935;3;4;1;5;3;8;3;2;18;19;6;4;2;5;3;6;3;12;6;5;2;2;25;20;9.506822019760321;4;7;-9.288801001936392
TRACK:271;1;8;0;5;4;0;6;0;6;3;0;23;-6.059342918267059;24;5;0;0;3;21;9.428315445839132;3;12;6;6;24;0;6;1;5;1;4;17;2;9;25;6;2;1;16;24;1;11;9;6;6;5;2;5;17;3;19;6;6;1;0;6;4;5;3;4;13;0;3;4;1;5;7;7.254707054088247;6;9;6;6;2;2;18;8;2;12;21;7.330216125862577;5;0;2;0;6;1;25;8;5;2;24;7;1.2485406626853326;5;3;3;9;4;5;5;1;24;9
TRACK:272;0;5;6;5;4;4;2;3;5;6;1;6;17;2;15;18;4;0;1;6;2;20;-1.6933720277892483;21;-6.288600675825968;5;0;13;11;0;6;6;11;3;2;16;17
TRACK:273;0;5;2;3;16;4;2;6;2;6;6;1;6;2;20;-1.6933720277892483;21;-6.288600675825968;5;0;13;11;5;3;3;0;5;14;6;19;6;3;0;3;3;3;6;16;2;5;5;2;12;25;3;2;3;9;4;21;1.078421764462469
TRACK:274;2;7;2;4;2;0;3;3;2;2;4;6;13;3;0;25;24;6;6;6;19;5;1;6;5;0;3;22;3.613181508814362;4;19;0;6;5;4;21;3.424804278692612;1;6;2;12;8;2;3;15;4;15;0;4;5;5;2;3;6;15;6;1;13;7;8.849387438651732;4;5;4;2;5;0;12;20;-0.6141455326857592;6;6;18;6;5;2;1;4;3;0;2;0;7;5.808802450809784;10;2;16;20;-7.423574906899613;5;2;10;19;0;3;5;1;1;10;18;6;14;2;5;4;4;21;-1.2834884289231585;5;0;4;19;6;12;1;2;5;0;4;4;16;2;4;10;2;14;15;3;5;1;0;25;24;0;14;10;3;2;2;0;6;8;1;24;8;2;2;8;23;-9.564095691132996;6;16;5;1;4;13;0;7;-5.7983231544464715;24
TRACK:275;2;7;5;5;5;3;4;4;2;2;0;6;8;1;24;8;2;2;8;23;-9.564095691132996;6;16;5;1;4;13;18
TRACK:276;4;0;4;6;3;1;5;0;0;0;1;23;-6.8304586043140265;6;7;9.167995193698214;3;4;21;0.6900502998878011;3;1;2;19;20;5.150540031187385;6;12;4;0;1;3;14;3;15;0;1;16;9;2;17;16;0;3;2;3;4;3;23;-2.86126816405317;1;5;6;10;2;3;23;3.4365161781676505;2;13;11;2;5;5;2;3;25;5;13;1;4;5;5;17;0;6;1;22;3.289733235981574;20;-6.907684957629343;4;5;9
TRACK:277;4;0;6;5;4;4;2;3;5;6;1;6;17;2;15;18;4;0;2;2;0;16;23;-6.8304586043140265;4;17;0;2;23;-3.045716768713536;25;3;12;0;6;6;11;3;19
TRACK:278;2;8;2;4;2;0;3;3;2;2;4;6;13;3;0;25;24;6;6;6;19;5;1;6;5;0;3;22;3.613181508814362;4;19;0;6;5;4;21;3.424804278692612;1;6;2;12;8;2;3;15;4;15;0;4;5;5;2;3;6;15;6;1;13;7;8.849387438651732;4;5;4;2;5;0;12;20;-0.6141455326857592;6;6;18;6;5;2;1;4;11;0;3;5;1;1;10;18;6;14;2;5;4;4;21;-1.2834884289231585;5;0;4;19;6;12;1;2;5;0;4;4;16;2;4;10;2;14;15;3;5;1;0;25;24;0;14;10;3;2;0;5;5;7;5.922906560229322;2;4;21;-2.519501858667459;5;14;3;3;3;24
TRACK:279;2;8;0;5;4;0;6;0;6;3;1;3;15;1;13;18;5;0;0;3;21;9.428315445839132;3;12;6;6;24;0;6;1;5;1;4;17;2;9;25;6;2;1;16;24;1;11;9;6;6;5;2;5;17;3;19;6;6;1;0;6;4;5;3;4;13;0;3;4;1;5;7;7.254707054088247;6;9;6;6;2;2;18;8;2;12;21;7.330216125862577;5;0;2;0;6;1;22;3.613181508814362;8;5;2;24;7;1.2485406626853326;5;3;3;9;4;5;5;1;24;9
TRACK:280;270;-1;0;4;2;0;3;6;3;3;0;5;16;0;25;16;6;4;3;0;4;1;10;24;4;2;13;11;1;3;6;5;3;5;2;14;19;5;2;0;1;5;5;18;4;4;13;6;0;1;7;0.2562535148449183;16;0;9;11;0;0;4;0;23;-0.3615138163263385;9;4;3;13;2;2;5;24;1;7;2.934947182027295;7;-2.5254943514634194;4;5;25;2;1;0;3;2;2;1;6;18;0;6;17;6;16;2;5;0;19;14;1;3;21;3.6591240792497497;6;16;0;2;6;4;21;-7.861919368332914;5;6;18;2;6;6;18;0;2;19;24;1;25;10;6;1;6;3;2;4;14;5;8;2;0;4;3;11;0;5;13;6;11;2;0;4;16;2;10;24;3;3;17;3;6;0;1;1;2;2;14;12;2;25;8;2;3;24;3;19;4;5;0;25;11;5;5;5;0;23;3.783864163199301;7;-2.929505720110045;1;5;0;1;6;6;1;1;23;0.08292890821782259;22;5.100647800330792;0;23;-6.103637973388895;24;4;2;3;3;13;0;2;12;15;4;20;-4.347054936188178;3;4;1;5;3;8;3;2;18;16;6;4;2;5;3;6;3;12;6;5;2;2;25;20;9.41539169132673;4;7;-9.425796332368098
TRACK:281;272;-1;6;5;4;4;2;3;5;6;1;6;17;2;15;18;4;0;1;6;2;20;-1.8466761416428508;7;4.0830816039663915;5;0;13;11;0;6;6;11;3;2;16;17
TRACK:282;274;-1;2;4;2;0;3;3;2;2;4;6;13;3;0;25;24;6;6;6;19;5;1;6;5;0;3;22;3.528918785163849;4;19;0;6;5;4;21;3.5136120672121414;1;6;2;12;8;2;3;15;4;15;0;4;5;5;2;3;6;15;6;1;13;7;9.053271088500312;4;5;4;2;5;0;12;20;-0.5350014677006765;6;6;18;6;5;2;1;4;3;0;2;0;7;5.916729841402333;10;2;16;20;-7.482218737322697;5;2;10;19;0;3;5;1;1;10;18;6;14;2;5;4;4;21;-1.294565818765918;5;0;4;19;6;12;1;2;5;0;4;4;16;2;4;10;2;14;15;3;5;1;0;25;24;0;14;10;4;18
TRACK:283;276;-1;4;6;3;1;5;0;0;0;1;23;-6.600020275735763;6;7;9.07227222580703;3;4;21;0.7500486919843846;3;1;2;19;20;5.020054705533278;6;12;4;0;1;3;14;3;15;3;4;19;0;3;2;3;4;3;23;-2.793666970091237;1;5;6;10;2;3;23;3.4243085739644767;2;13;11;2;5;5;2;3;25;5;13;1;4;5;5;17;0;6;1;22;3.3020311622971215;20;-6.824445064163267;4;5;9
TRACK:284;278;-1;2;4;2;0;3;3;2;2;4;6;13;3;0;25;24;6;6;6;19;5;1;6;5;0;3;22;3.743525634156596;4;19;0;6;5;4;21;3.530996373418434;1;4;0;24;10;2;3;15;4;15;0;4;5;5;2;3;6;15;6;1;13;7;8.893992283339635;4;5;4;2;5;0;12;20;-0.6087010883606769;6;6;18;6;5;2;1;4;11;0;3;5;1;1;10;18;6;14;2;5;4;4;21;-1.2549153360178025;5;0;4;19;6;12;1;2;5;0;4;4;16;2;4;10;2;14;15;3;5;1;0;25;24;0;14;10;3;2;0;5;5;7;5.888790412359003;2;4;21;-2.498080072652922;5;14;3;3;3;24
TRACK:285;271;-1;0;5;4;0;6;0;6;3;0;23;-6.033225346866996;24;5;0;0;3;21;9.390602960436482;3;12;6;6;24;0;6;1;5;1;4;17;2;9;25;6;2;1;16;24;1;11;9;6;6;5;2;5;17;3;19;6;6;1;0;6;4;5;3;4;13;2;4;10;2;22;8.442652787612943;12;5;0;2;0;6;1;25;8;5;2;24;7;1.1473036603425217;5;3;3;9;4;5;5;1;24;9
TRACK:286;273;-1;2;4;0;6;2;10;7;-1.0425148138705875;0;4;25;6;20;4.922465493421569;4;2;6;2;6;6;1;6;2;20;-1.6559724223731815;21;-6.241954566588791;5;0;13;11;5;3;3;0;5;14;6;19;6;3;0;3;3;3;6;16;2;5;5;2;12;25;3;2;3;9;4;21;1.2517951204599915
TRACK:287;275;-1;5;5;5;3;4;4;2;2;0;6;8;1;24;8;2;0;17;11;6;16;5;1;4;13;18
TRACK:288;277;-1;6;5;4;4;2;3;5;6;1;6;17;2;15;18;4;0;2;2;0;16;23;-6.9510317763991045;4;17;0;2;23;-3.0939879035548654;13;3;12;0;6;6;11;3;19
TRACK:289;279;-1;0;5;4;0;6;0;6;3;1;3;15;1;13;18;5;0;0;3;21;9.481155908249287;3;12;6;6;24;0;6;1;5;1;4;17;2;9;25;6;2;1;16;24;1;11;9;6;6;5;2;5;17;3;19;6;6;1;0;6;4;5;3;4;13;0;3;4;1;5;7;7.154001004169975;6;9;6;6;2;4;20;-0.2773723110042603;3;18;5;0;2;0;6;1;22;3.7385848093532372;8;5;2;24;7;1.2656282752209786;5;3;3;9;4;5;5;1;24;9
EVAL_INSTANCE:14:0:280
EVAL_INSTANCE:14:1:281
EVAL_INSTANCE:14:2:282
EVAL_INSTANCE:14:3:283
EVAL_INSTANCE:14:4:284
EVAL_INSTANCE:14:5:285
EVAL_INSTANCE:14:6:286
EVAL_INSTANCE:14:7:287
EVAL_INSTANCE:14:8:288
EVAL_INSTANCE:14:9:289
RUN_RESULT:14:0:0:2000:----
RUN_RESULT:14:1:0:2000:----
RUN_RESULT:14:2:0:2000:----
RUN_RESULT:14:3:0:2000:----
RUN_RESULT:14:4:0:2000:----
RUN_RESULT:14:5:0:2000:----
RUN_RESULT:14:6:0:2000:----
RUN_RESULT:14:7:0:2000:----
RUN_RESULT:14:8:0:2000:----
RUN_RESULT:14:9:0:2000:----
    15 |      150 |  0.000000E+00 | -0.000000E+00
TRACK:290;8;7;0;5;4;0;6;0;6;3;1;3;15;1;13;18;5;0;0;3;21;9.428315445839132;3;12;6;6;24;0;6;1;5;1;4;17;2;9;25;6;2;1;16;24;1;11;9;6;6;5;2;5;17;3;19;6;6;1;0;6;4;0;7;-5.7983231544464715;24;0;3;4;1;5;7;7.254707054088247;6;9;6;6;2;2;18;8;2;12;21;7.330216125862577;5;0;2;0;6;1;25;8;5;2;24;7;1.2485406626853326;5;3;3;9;4;5;5;1;24;9
TRACK:291;8;7;5;5;5;3;4;4;2;2;0;6;8;1;24;8;2;4;13;6;16;5;1;4;13;0;7;-5.7983231544464715;24
TRACK:292;2;5;2;4;2;0;3;3;2;2;4;6;13;3;0;25;24;6;6;6;19;5;1;6;5;0;3;22;3.613181508814362;4;19;0;6;5;4;21;3.424804278692612;1;6;2;12;8;2;3;15;4;15;0;4;5;5;2;3;6;15;6;1;13;7;8.849387438651732;4;5;4;2;5;0;12;20;-0.6141455326857592;6;6;18;6;5;2;1;4;3;0;2;0;7;5.808802450809784;10;2;16;20;-7.423574906899613;5;2;10;19;0;3;5;1;1;10;18;6;14;2;5;4;4;21;-1.2834884289231585;5;0;4;19;6;12;1;2;5;0;4;4;16;2;4;10;2;14;15;3;5;1;0;25;24;0;14;10;3;2;0;2;12;25;2;4;21;-2.519501858667459;5;14;3;3;3;24
TRACK:293;2;5;2;3;5;4;4;2;4;6;3;1;16;11;4;2;4;4;11;2;3;18;5;21;-1.2834884289231585;4;2;6;2;6;6;1;6;2;20;-1.6933720277892483;21;-6.288600675825968;5;0;13;11;5;3;3;0;5;14;6;19;6;3;0;3;3;3;6;16;2;5;5;2;12;25;3;2;3;9;4;21;1.078421764462469
TRACK:294;3;9;5;0;2;1;1;2;0;1;0;3;18;0;11;19;2;3;8;6;11;0;3;5;20;-9.854547872440747;2;3;14;0;25;20;5.266758292435906;3;1;6;4;7;-4.802489530000629;5;2;7;-1.4171908279333838;16;5;3;4;0;4;17;5;13;1;6;5;6;1;2;25;12;1;24;18;5;3;6;6;3;20;-7.581922671886156;1;6;4;0;6;3;6;9;3;2;1;10;19;2;12;15;3;6;1;2;2;4;17;2;10;10;1;6;20;-0.8807957506615907;4;21;-2.4445561251967156;6;0;5;7;-8.41724648602375;3;22;-2.064242001124274;1;3;6;0;0;4;0;2;7;-1.13735537058224;10;1;13;8;4;0;3;18;5;18;0;6;3;1;18;21;-0.1465674434131934;2;6;6;11;1;0;14;13;0;21;-0.6777374980974411;11;1;2;5;0;6;3;0;10;16;5;5;4;19;3;1;5;2;6;21;-5.102726627346557;4;21;-7.780513196050098;3;6;1;7;-4.09981042546441;15;0;2;2;4;2;1;21;4.71681260114514;11;0;22;-6.749979277028966;9;4;1;1;21;6.70545674170857;22;-5.398647801289512;0;9;21;-3.456409740315678;1;6;6;4;10;5;2;2;12;16;3;25;6;5;0;2;5;16;6;17;6;1;7;7.846653418014004;24
TRACK:295;3;9;3;2;3;1;3;3;4;5;4;6;20;-4.396079701379884;5;5;2;6;4;4;23;9.454700458981847;3;5;2;25;20;1.9947293996791409;2;3;5;4;6;3;2;0;15;15;6;15;4;0;5;1;3;1;0;9;7;7.498876980161818;1;10;24;1;6;0;18;7;9.426482988853774;3;1;13;7;-8.41724648602375;5;4;6;1;0;25;19;0;25;20;8.105844045766343
TRACK:296;5;3;2;3;5;4;4;2;4;6;3;1;16;11;4;2;4;4;11;2;3;18;5;13;4;2;6;2;6;6;1;6;2;20;-1.6933720277892483;21;-6.288600675825968;5;0;13;11;5;3;3;0;5;14;6;19;6;3;0;3;3;3;6;16;2;5;5;11;3;2;3;9;4;21;1.078421764462469
TRACK:297;5;3;5;0;2;1;1;2;0;1;0;3;18;0;11;19;2;3;8;6;11;0;3;5;20;-9.854547872440747;2;3;14;0;25;20;5.266758292435906;3;1;6;4;7;-4.802489530000629;5;2;7;-1.4171908279333838;16;5;3;4;0;4;17;5;13;1;6;5;6;1;2;25;12;1;24;18;5;3;6;6;3;20;-7.581922671886156;1;6;4;0;6;3;6;9;3;2;1;10;19;2;12;15;3;6;1;2;2;4;17;2;10;7;-6.133789060629686;1;6;20;-0.8807957506615907;4;21;-2.4445561251967156;6;0;5;7;-8.41724648602375;3;22;-2.064242001124274;1;3;6;0;0;4;0;2;7;-1.13735537058224;10;1;13;8;4;0;3;18;5;18;0;6;3;1;18;21;-0.1465674434131934;2;6;6;11;1;0;14;13;0;21;-0.6777374980974411;11;1;2;5;0;6;3;0;10;16;5;5;4;19;3;1;5;2;6;21;-5.102726627346557;4;21;-7.780513196050098;3;6;1;7;-4.09981042546441;15;0;2;2;4;2;1;21;4.71681260114514;11;0;22;-6.749979277028966;9;4;1;1;21;6.70545674170857;22;-5.398647801289512;0;9;21;-3.456409740315678;1;3;6;16;5;2;2;12;16;3;25;6;5;0;2;5;16;6;17;6;1;7;7.846653418014004;24
TRACK:298;2;6;2;4;2;0;3;3;2;2;4;6;13;3;0;25;24;6;6;6;19;5;1;6;5;0;3;22;3.613181508814362;4;19;0;6;5;4;21;3.424804278692612;1;6;2;12;8;2;3;15;4;15;0;4;5;5;2;3;6;15;6;1;13;7;8.849387438651732;4;5;4;2;5;0;12;20;-0.6141455326857592;6;6;18;6;5;2;1;4;3;0;2;0;7;5.808802450809784;10;2;16;20;-7.423574906899613;5;2;10;19;0;4;5;24;2;5;4;4;21;-1.2834884289231585;5;0;4;19;6;12;1;2;5;0;4;4;16;2;4;10;2;14;15;3;5;1;0;25;24;0;14;10;3;2;0;5;5;7;5.922906560229322;2;4;21;-2.519501858667459;5;14;3;3;3;24
TRACK:299;2;6;1;6;0;4;0;5;6;5;3;5;13;0;3;0;4;1;16;14;4;0;12;13;5;0;6;2;21;7.393179846246412;25;5;6;16;4;4;4;1;3;1;6;16;1;10;16;5;2;0;9;13;5;23;-1.1077769196155351;4;0;1;0;1;1;0;1;6;10;3;12;6;2;17;16;6;1;6;15;1;13;14;3;2;3;5;23;5.524369017262018;1;3;20;-2.943891205362716;3;24;0;2;5;1;1;11;12;5;16;4;6;2;20;-4.7103146743896;9;1;5;3;3;15;1;4;1;15;23;-0.35414720371207586;5;1;20;3.8200324129139958;12;2;6;0;6;2;1;17;24;1;23;-4.722944952699426;10;2;0;4;13;4;16;2;2;23;5.430651362399798;14;1;17;8;6;1;5;0;10;6;19;4;0;0;18;13;3;11;1;3;4;3;2;1;3;10;0;10;18;4;5;24;4;6;0;6;4;1;18;16;0;4;6;20;-7.443899367482882;3;2;22;-6.315687636015317;16
TRACK:300;290;-1;0;5;4;0;6;0;6;3;1;3;15;1;13;18;5;0;0;3;21;9.358570556574692;3;12;6;6;24;0;6;1;5;1;4;17;2;9;25;6;2;1;16;24;1;11;9;6;6;5;2;5;17;3;19;6;6;1;0;6;4;0;7;-5.668857224497423;24;0;3;4;1;5;7;7.257472717480197;6;9;6;6;2;2;18;8;2;12;21;7.368996482692389;5;0;2;0;6;1;25;8;0;1;19;10;3;13;5;3;3;9;4;5;5;1;24;9
TRACK:301;292;-1;2;4;2;0;3;3;2;2;4;6;13;3;0;25;24;6;6;6;19;5;1;6;5;0;3;22;3.684716712887544;4;19;0;6;5;4;21;3.472180393797498;1;6;2;12;8;2;3;15;4;15;0;4;5;5;2;3;6;15;6;1;13;7;8.868700735725866;4;5;4;2;5;0;12;20;-0.6177320854264453;6;6;18;6;5;2;1;4;3;0;2;0;7;5.737345718132528;10;2;16;20;-7.403318870248499;5;2;10;19;0;3;5;1;1;10;18;6;14;2;5;4;4;21;-1.212941903505828;5;0;4;19;6;12;1;2;5;0;4;4;16;2;4;10;2;14;15;3;5;1;0;25;24;0;14;10;3;2;0;2;4;25;25;2;4;21;-2.4947624055978013;5;14;3;3;3;24
TRACK:302;3;-1;5;0;2;1;1;2;0;1;0;3;18;0;11;19;2;3;8;6;11;0;3;5;20;-9.990978681771095;2;3;14;0;25;20;5.244242296880372;3;1;6;4;7;-4.745386432813989;5;2;7;-1.531590177761529;16;5;3;4;0;4;17;5;13;1;6;5;6;1;2;25;12;1;24;18;5;3;6;6;3;20;-7.6164924099993865;1;6;4;0;6;3;6;9;3;2;1;10;19;2;12;15;3;6;1;2;2;4;17;2;10;7;-6.2929304462551165;1;6;20;-0.9108233537118782;4;21;-2.419658468002459;6;0;5;7;-8.532362690240795;3;22;-2.0732485765650326;1;3;6;0;0;4;0;2;7;-1.0568000461408946;10;1;13;8;4;0;3;18;5;18;0;6;2;19;24;2;6;6;11;1;0;14;13;0;21;-0.6708075508237118;11;1;2;5;0;6;3;0;10;16;5;5;4;19;3;1;5;2;6;21;-5.207919377871114;4;21;-7.633042358267801;3;6;1;7;-4.193047313362419;15;0;2;2;4;2;1;21;4.6560339149754695;11;0;22;-6.763283785462177;9;4;1;1;21;6.699529228099029;22;-5.461215015123019;0;9;21;-3.3202272006504114;1;6;6;4;10;5;2;2;12;16;3;25;6;5;0;2;5;16;6;17;6;1;7;7.917256314711153;24
TRACK:303;296;-1;2;3;5;4;4;2;4;3;25;4;2;4;4;11;2;3;18;5;13;4;2;6;2;6;6;1;6;2;20;-1.670187807364236;21;-6.237994140863166;5;0;13;11;5;3;3;0;5;14;6;19;6;3;0;3;3;3;6;16;2;5;5;11;3;2;3;9;4;21;1.1733491635755677
TRACK:304;298;-1;2;4;2;0;3;3;2;2;4;6;13;3;0;25;24;6;6;6;19;5;1;6;5;0;3;22;3.496706545577661;4;19;0;6;5;4;21;3.457117760168159;1;6;2;12;8;2;3;15;4;15;0;4;5;5;2;3;6;15;6;1;13;7;9.054574101741526;4;5;4;2;5;0;12;20;-0.652120807789675;6;6;18;6;5;2;1;4;3;0;2;0;7;5.85943832639794;10;2;16;20;-7.512869033381955;5;2;10;19;0;4;5;24;2;5;4;4;21;-1.2374641847665888;5;0;4;19;6;12;1;2;5;0;4;4;16;2;4;10;2;14;15;3;5;1;0;25;24;0;14;10;4;9
TRACK:305;291;-1;5;5;5;3;4;4;2;2;0;6;8;1;24;8;2;4;13;6;16;6;3;1;10;19
TRACK:306;293;-1;2;3;5;4;4;2;4;6;3;1;16;11;4;2;4;4;11;2;3;18;5;21;-1.2740963822816178;4;2;6;2;6;6;1;6;2;20;-1.670446737082878;21;-6.465960819265857;5;0;13;11;5;3;3;0;5;14;6;19;6;3;0;3;3;3;6;16;2;5;5;2;19;25;3;2;3;9;4;21;1.0007872986812079
TRACK:307;9;-1;3;2;3;1;3;3;4;5;4;6;20;-4.530616095844071;5;5;2;6;4;4;23;9.377737775520174;3;5;2;25;20;1.7774177481259223;2;3;5;4;6;3;2;0;15;15;6;15;4;0;5;1;3;1;0;17;15;1;10;24;1;6;0;18;7;9.426697800405123;3;1;13;21;6.830723466346126;5;4;6;1;0;25;19;0;25;20;8.07621998497427
TRACK:308;297;-1;5;0;2;1;1;2;0;1;0;3;18;0;11;19;2;3;8;6;11;0;3;5;20;-9.825167767278348;2;3;14;0;25;20;5.376246575111654;3;1;6;4;7;-4.853690092097295;5;2;7;-1.275907939986958;16;5;3;4;0;4;17;5;13;1;6;5;6;1;2;25;12;1;24;18;5;3;6;6;3;20;-7.630535331224757;1;6;4;0;6;3;6;9;3;2;1;10;19;2;12;15;3;6;1;2;2;4;17;2;10;7;-6.241603020271785;1;6;20;-0.8308412247119558;4;21;-2.3235669211014964;6;0;5;7;-8.369875730755137;3;22;-2.138902468258742;1;3;6;0;0;4;0;2;7;-1.1919606465897052;10;1;13;8;4;0;3;18;5;18;0;6;3;1;18;21;-0.1578282096267707;2;2;10;8;1;0;14;13;0;21;-0.7409454521046694;11;1;2;5;0;6;3;0;10;16;5;5;4;19;3;1;5;2;6;21;-5.078665072267043;4;21;-7.736421522688259;3;6;1;7;-4.038155602902261;15;0;2;2;4;2;1;21;4.754405933096624;11;0;22;-6.814890954488776;9;4;1;1;21;6.740927602889742;22;-5.405230893682726;0;9;21;-3.5542320661488778;1;3;6;16;5;2;2;12;16;3;25;6;5;0;2;5;16;6;17;6;1;7;7.791575274138139;24
TRACK:309;299;-1;1;6;0;4;0;5;6;5;3;5;13;0;3;0;4;1;16;14;4;0;12;13;5;0;6;2;21;7.413853405088096;25;5;6;16;4;4;4;1;3;1;6;16;1;10;16;5;2;0;9;13;5;23;-1.2469859026956545;4;0;1;0;1;1;0;1;6;10;3;7;-7.698214463237864;6;2;17;16;6;1;6;15;1;13;14;3;2;3;5;23;5.52201875051884;1;3;20;-2.907691329774607;3;24;0;2;5;1;1;11;12;5;16;4;6;2;20;-4.770058416526556;9;1;5;3;3;15;1;4;1;15;23;-0.252146691208796;5;1;20;3.8521770898671304;12;2;6;0;6;2;1;17;24;1;23;-4.859074017191564;10;2;0;4;13;4;16;2;2;23;5.4957533861744645;14;1;17;8;6;1;5;0;10;6;19;4;0;0;18;13;3;11;1;3;4;3;2;1;3;10;0;10;18;4;5;24;4;6;0;6;4;1;18;16;0;4;6;20;-7.6487482498201596;3;2;22;-6.3718880582905415;16
EVAL_INSTANCE:15:0:300
EVAL_INSTANCE:15:1:301
EVAL_INSTANCE:15:2:302
EVAL_INSTANCE:15:3:303
EVAL_INSTANCE:15:4:304
EVAL_INSTANCE:15:5:305
EVAL_INSTANCE:15:6:306
EVAL_INSTANCE:15:7:307
EVAL_INSTANCE:15:8:308
EVAL_INSTANCE:15:9:309
RUN_RESULT:15:0:0:2000:----
RUN_RESULT:15:1:0:2000:----
RUN_RESULT:15:2:0:2000:----
RUN_RESULT:15:3:0:2000:----
RUN_RESULT:15:4:0:2000:----
RUN_RESULT:15:5:0:2000:----
RUN_RESULT:15:6:0:2000:----
RUN_RESULT:15:7:0:2000:----
RUN_RESULT:15:8:0:2000:----
RUN_RESULT:15:9:0:2000:----
    16 |      160 |  0.000000E+00 | -0.000000E+00
TRACK:310;2;4;2;4;2;0;3;3;2;2;4;6;13;3;0;25;24;6;6;6;19;5;1;6;5;6;10;0;6;5;4;21;3.424804278692612;1;6;2;12;8;2;3;15;4;15;0;4;5;5;2;3;6;15;6;1;13;7;8.849387438651732;4;5;4;2;5;0;12;20;-0.6141455326857592;6;6;18;6;5;2;1;4;3;0;2;0;7;5.808802450809784;10;2;16;20;-7.423574906899613;5;2;10;19;0;3;5;1;1;10;18;6;14;2;5;4;4;21;-1.2834884289231585;5;0;4;19;6;12;1;2;5;0;4;4;16;2;4;10;2;14;15;3;5;1;0;25;24;0;14;10;3;2;0;5;5;7;5.922906560229322;2;4;21;-2.519501858667459;5;14;3;3;3;24
TRACK:311;2;4;4;6;3;1;5;0;0;0;1;0;22;-9.316943896580788;14;6;7;9.167995193698214;3;4;21;0.6900502998878011;3;1;2;19;20;5.150540031187385;6;12;4;0;2;16;20;-7.423574906899613;0;1;16;9;2;17;16;0;3;2;3;4;3;23;-2.86126816405317;1;5;6;10;2;3;23;3.4365161781676505;2;13;11;2;5;5;2;3;25;5;13;1;4;5;5;17;0;6;1;22;3.289733235981574;20;-6.907684957629343;4;5;9
TRACK:312;7;9;5;5;5;3;4;4;2;2;0;6;8;20;1.9947293996791409;2;2;8;23;-9.564095691132996;6;16;5;1;4;13;0;7;-5.7983231544464715;24
TRACK:313;7;9;3;2;3;1;3;3;4;5;4;6;20;-4.396079701379884;5;5;2;6;4;4;23;9.454700458981847;3;5;2;25;20;1.9947293996791409;2;3;5;4;6;3;2;7;-5.7983231544464715;6;15;4;0;5;1;3;1;0;9;7;7.498876980161818;1;10;24;1;6;0;18;7;9.426482988853774;3;1;13;21;6.652627190748316;5;4;6;1;0;25;19;0;25;20;8.105844045766343
TRACK:314;1;4;0;4;2;0;3;6;3;3;0;5;16;0;25;16;6;4;3;0;4;1;10;24;4;2;13;11;1;3;6;5;3;5;2;14;19;5;2;0;1;5;5;18;4;4;13;6;0;1;7;0.3602594837541844;16;0;9;11;0;0;4;0;23;-0.3182322762044265;9;4;3;13;2;2;5;24;1;7;2.8122087784926357;7;-2.4669799524933893;4;5;25;2;1;0;3;2;2;1;6;5;18;0;6;17;6;16;2;5;0;19;14;1;3;13;6;16;0;2;6;4;21;-7.846505514191158;5;6;18;2;6;6;18;0;2;19;24;1;25;10;6;1;6;3;2;4;14;5;8;2;0;4;3;11;0;5;13;6;11;2;0;4;16;2;10;24;3;3;17;3;6;0;1;1;2;2;14;12;2;25;8;2;3;24;3;19;4;5;0;25;11;5;5;5;0;23;3.801344532366798;7;-2.974970712886571;1;5;0;1;6;6;1;1;23;0.09016184943938654;22;5.189633377404299;0;23;-6.059342918267059;24;4;2;3;3;13;0;2;12;15;4;20;-4.2865046718780935;3;4;1;5;3;8;3;2;18;19;6;4;2;5;3;6;3;12;6;5;2;2;25;20;9.506822019760321;4;7;-9.288801001936392
TRACK:315;1;4;4;6;3;1;5;0;0;0;1;0;22;-9.316943896580788;14;6;7;9.167995193698214;3;4;21;0.6900502998878011;3;1;2;19;20;5.150540031187385;6;12;4;0;19;0;1;16;9;2;17;16;0;3;2;3;4;3;23;-2.86126816405317;1;5;6;10;2;3;23;3.4365161781676505;2;13;11;2;5;5;2;3;25;5;13;1;4;5;5;17;0;6;1;22;3.289733235981574;20;-6.907684957629343;4;5;9
TRACK:316;2;1;2;4;2;0;3;3;2;2;4;6;13;3;0;25;24;6;6;6;19;5;1;6;5;0;3;22;3.613181508814362;4;19;0;6;5;4;21;3.424804278692612;1;6;2;12;8;2;3;15;4;15;0;4;5;5;2;3;6;15;6;1;13;7;8.849387438651732;4;5;4;2;5;0;12;20;-0.6141455326857592;6;6;18;6;5;2;1;4;3;0;2;0;7;5.808802450809784;10;2;16;20;-7.423574906899613;5;2;10;19;0;3;5;1;1;10;18;6;14;2;5;4;4;21;-1.2834884289231585;5;0;4;19;6;18;1;2;5;0;4;4;16;2;4;10;2;14;15;3;5;1;0;25;24;0;14;10;3;2;0;5;5;7;5.922906560229322;2;4;21;-2.519501858667459;5;14;3;3;3;24
TRACK:317;2;1;0;4;2;0;3;6;3;3;0;5;16;0;25;16;6;4;3;0;4;1;10;24;4;2;13;11;1;3;6;5;3;5;2;14;19;5;2;0;1;5;5;18;4;4;13;6;0;1;7;0.3602594837541844;16;0;9;11;0;0;4;0;23;-0.3182322762044265;9;4;3;13;2;2;5;24;1;7;2.8122087784926357;7;-2.4669799524933893;4;5;25;2;1;0;3;2;2;1;6;5;18;0;6;17;6;16;2;5;0;19;14;1;3;21;3.6787434844141735;6;16;0;2;6;4;21;-7.846505514191158;5;6;18;2;6;6;18;0;2;19;24;1;25;10;6;1;6;3;6;18;2;0;4;3;11;0;5;13;6;11;2;0;4;16;2;10;24;3;3;17;3;6;0;1;1;2;2;14;12;2;25;8;2;3;24;3;19;4;5;0;25;11;5;5;5;0;23;3.801344532366798;7;-2.974970712886571;1;5;0;1;6;6;1;1;23;0.09016184943938654;22;5.189633377404299;0;23;-6.059342918267059;24;4;2;3;3;13;0;2;12;15;4;20;-4.2865046718780935;3;4;1;5;3;8;3;2;18;19;6;4;2;5;3;6;3;12;6;5;2;2;25;20;9.506822019760321;4;7;-9.288801001936392
TRACK:318;8;7;0;5;4;0;6;0;6;3;1;3;15;1;13;18;8;0;6;1;5;1;4;17;2;9;25;6;2;1;16;24;1;11;9;6;6;5;2;5;17;3;19;6;6;1;0;6;4;5;3;4;13;0;3;4;1;5;7;7.254707054088247;6;9;6;6;2;2;18;8;2;12;21;7.330216125862577;5;0;2;0;6;1;25;8;5;2;24;7;1.2485406626853326;5;3;3;9;4;5;5;1;24;9
TRACK:319;8;7;5;5;5;3;4;4;2;2;0;6;8;1;17;8;2;2;8;23;-9.564095691132996;6;16;5;1;4;13;0;7;-5.7983231544464715;24
TRACK:320;310;-1;2;4;2;0;3;3;2;2;4;6;13;3;0;25;24;6;6;6;19;5;1;6;5;6;10;0;6;5;4;21;3.4367128891115506;1;6;2;12;8;2;3;15;4;15;0;4;5;5;2;3;6;15;6;1;13;7;8.98201241288065;4;5;4;2;5;0;12;20;-0.5458333871849768;6;6;18;6;5;2;1;4;3;0;2;0;7;6.043628663497724;10;2;16;20;-7.4849401005797445;5;2;10;19;0;3;5;1;1;10;17;6;14;2;5;4;4;21;-1.300229507574072;5;0;4;19;6;12;1;2;5;0;4;4;16;2;4;10;2;14;15;3;5;1;0;25;24;0;14;10;3;2;0;5;5;7;5.818901281874331;2;4;21;-2.3562225039996987;5;14;3;3;3;24
TRACK:321;7;-1;5;5;5;3;4;4;2;2;0;6;8;1;24;8;2;2;8;23;-9.536952721923544;6;20;-8.898550758435743;5;1;4;13;0;7;-5.8907570954999;24
TRACK:322;314;-1;0;4;2;0;3;6;3;3;0;5;16;0;25;16;6;4;3;0;4;1;10;24;4;2;13;11;1;3;6;5;3;5;2;14;19;5;2;0;1;5;5;18;4;4;13;6;0;1;7;0.4307963155721703;16;0;9;11;0;0;4;0;23;-0.06384491609387954;9;4;3;13;2;2;5;24;1;7;2.879792643196107;7;-2.3601525410665825;4;5;25;2;1;0;3;2;2;1;6;5;18;0;6;17;6;16;2;5;0;19;14;1;3;11;6;16;0;2;6;4;21;-7.767379889803426;5;6;18;2;6;6;18;0;2;19;24;1;25;10;6;1;6;3;2;4;14;5;8;2;0;4;3;11;0;5;13;6;11;2;0;4;16;2;10;24;3;3;17;3;6;0;1;1;2;2;14;12;2;25;8;2;3;24;3;19;4;5;0;25;11;5;5;5;0;23;3.8523422641455034;7;-2.8657493842982324;1;5;0;1;6;6;1;1;23;0.05463339148718819;22;5.232980234398155;0;23;-5.921717284563124;24;4;2;3;3;13;0;2;12;15;4;20;-4.230629053861922;3;4;1;5;3;8;3;2;18;19;6;4;2;5;3;6;3;12;6;5;2;2;25;20;9.599745199331448;4;7;-9.195706350119478
TRACK:323;316;-1;2;4;2;0;3;3;2;2;4;6;13;3;0;25;24;6;6;6;19;5;1;6;5;0;3;22;3.7332685695920627;4;19;0;6;5;4;21;3.5390372863397004;1;6;2;12;8;2;3;15;4;15;0;4;5;5;2;3;6;15;6;1;13;7;8.921735483577855;4;5;4;2;5;0;12;20;-0.7324904031374686;6;6;18;6;5;2;1;4;3;0;2;0;7;5.711402832402593;10;2;16;20;-7.549769818444929;5;2;10;19;0;3;5;1;1;10;18;6;14;2;5;4;4;23;-0.7753732737680181;5;0;4;19;6;18;1;2;5;0;4;4;16;2;4;10;2;14;15;3;5;1;0;25;24;0;14;10;3;2;0;5;5;7;5.865317727928966;2;4;21;-2.4397419327135355;5;14;3;3;3;24
TRACK:324;8;-1;0;5;4;0;6;0;6;3;1;3;15;1;13;18;5;0;0;3;21;9.380830514331862;3;12;6;6;24;0;6;1;5;1;4;17;2;9;25;6;2;1;16;24;1;11;9;6;6;5;2;5;17;3;19;6;6;1;0;6;4;5;3;4;13;0;3;4;1;5;7;7.149967934971148;6;9;6;6;2;2;18;8;2;12;21;7.3685706901839545;5;0;2;0;6;2;23;0.3553048692756118;13;5;2;24;7;1.3622997416516025;5;3;3;9;4;5;5;1;24;9
TRACK:325;311;-1;4;6;3;1;5;0;0;0;1;0;22;-9.255471742255756;14;6;7;9.14566615180439;3;4;21;0.7593772087444435;3;1;2;19;20;5.09708210123864;6;12;4;0;2;16;20;-7.398470722504032;0;1;16;9;2;17;16;0;3;2;3;4;3;23;-2.9211997174620863;1;5;6;10;2;3;23;3.3113517991797012;2;13;11;0;5;10;2;24;16
TRACK:326;9;-1;3;2;3;1;3;3;4;5;4;6;20;-4.534311117328805;5;5;2;6;4;4;23;9.340000522233044;3;5;2;25;20;1.969770585517175;2;3;5;4;6;3;6;6;24;4;0;5;1;3;1;0;9;7;7.514162189919214;1;10;24;1;6;0;18;7;9.351863517528331;3;1;13;21;6.528442246919894;5;4;6;1;0;25;19;0;25;20;8.095588433113766
TRACK:327;315;-1;4;6;3;1;5;0;0;0;1;0;22;-9.195025151463714;14;6;7;9.106116696726666;3;4;21;0.7316676752880281;3;1;2;19;20;4.948834860113216;6;12;4;0;19;0;1;16;9;2;17;16;0;3;2;3;4;3;23;-2.7476934704049136;1;5;6;10;2;3;23;3.2600426876053623;2;22;2.1000327452114256;11;2;5;5;2;3;25;5;13;1;4;5;5;17;0;6;1;22;3.395355722383555;20;-6.939011713840669;4;5;9
TRACK:328;317;-1;0;4;2;0;3;6;3;3;0;5;16;0;25;16;6;4;3;0;4;1;10;24;4;2;13;11;1;3;6;5;3;5;2;14;19;5;2;0;1;5;5;18;4;4;13;6;0;1;7;0.38472043300821446;16;0;9;11;0;0;4;0;23;-0.31443322185470257;9;4;3;13;2;2;5;24;1;7;2.7724023090391055;7;-2.477635998792952;4;5;25;2;1;0;3;2;2;1;6;5;18;0;6;17;6;16;2;5;0;19;14;1;3;21;3.521841522894636;6;16;0;2;6;4;21;-7.8020644237870505;5;6;18;2;6;6;18;0;2;19;24;1;25;10;6;1;6;3;6;18;2;0;4;3;11;0;5;13;6;11;2;0;4;16;2;10;24;3;3;17;3;6;0;1;1;2;2;14;12;2;25;8;2;3;24;3;19;4;5;0;25;11;5;5;5;0;23;3.714060592448765;7;-2.896660779776972;1;5;0;1;6;6;1;1;23;0.2001596350447994;22;5.008434980897215;0;23;-6.111353353530397;24;4;2;3;2;7;-9.291697597012998;16;0;2;12;15;4;20;-4.3585942311454415;3;4;1;5;3;8;3;2;18;19;6;4;2;5;3;6;3;12;6;5;2;2;25;20;9.449059033875503;4;7;-9.248137456877094
TRACK:329;7;-1;5;5;5;3;4;4;2;2;0;6;8;1;24;8;2;2;11;23;-9.434365436454746;6;16;5;1;4;13;0;7;-5.660658217082197;24
EVAL_INSTANCE:16:0:320
EVAL_INSTANCE:16:1:321
EVAL_INSTANCE:16:2:322
EVAL_INSTANCE:16:3:323
EVAL_INSTANCE:16:4:324
EVAL_INSTANCE:16:5:325
EVAL_INSTANCE:16:6:326
EVAL_INSTANCE:16:7:327
EVAL_INSTANCE:16:8:328
EVAL_INSTANCE:16:9:329
RUN_RESULT:16:0:0:2000:----
RUN_RESULT:16:1:0:2000:----
RUN_RESULT:16:2:0:2000:----
RUN_RESULT:16:3:0:2000:----
RUN_RESULT:16:4:0:2000:----
RUN_RESULT:16:5:0:2000:----
RUN_RESULT:16:6:0:2000:----
RUN_RESULT:16:7:0:2000:----
RUN_RESULT:16:8:0:2000:----
RUN_RESULT:16:9:0:2000:----
    17 |      170 |  0.000000E+00 | -0.000000E+00
TRACK:330;4;7;4;6;3;1;5;0;0;0;1;0;22;-9.316943896580788;14;6;7;9.167995193698214;3;4;21;0.6900502998878011;3;1;2;19;20;5.150540031187385;6;12;4;1;24;8;0;3;2;3;4;3;23;-2.86126816405317;1;5;6;10;2;3;23;3.4365161781676505;2;13;11;2;5;5;2;3;25;5;13;1;4;5;5;17;0;6;1;22;3.289733235981574;20;-6.907684957629343;4;5;9
TRACK:331;4;7;5;5;5;5;6;10
TRACK:332;8;6;0;5;4;0;6;0;6;3;1;3;15;1;13;18;5;0;0;3;21;9.428315445839132;3;12;6;6;24;0;6;1;5;1;4;17;2;9;25;6;2;1;16;24;1;12;9;6;6;5;2;5;17;3;19;6;6;1;0;6;4;5;3;4;13;0;3;4;1;5;7;7.254707054088247;6;9;6;6;2;2;18;8;2;12;21;7.330216125862577;5;0;2;0;6;1;25;8;5;2;24;7;1.2485406626853326;5;3;3;9;4;5;5;1;24;9
TRACK:333;8;6;1;6;0;4;0;5;6;5;3;5;13;0;3;0;4;1;16;14;4;0;12;13;5;0;6;2;21;7.393179846246412;25;5;6;16;4;4;4;1;3;1;6;12;1;10;16;5;2;0;9;13;5;23;-1.1077769196155351;4;0;1;0;1;1;0;1;6;10;3;12;6;2;17;16;6;1;6;15;1;13;14;3;2;3;5;23;5.524369017262018;1;3;20;-2.943891205362716;3;24;0;2;5;1;1;11;12;5;16;4;6;2;20;-4.7103146743896;9;1;5;3;3;15;1;4;1;15;23;-0.35414720371207586;5;1;20;3.8200324129139958;12;2;6;0;6;2;1;17;24;1;23;-4.722944952699426;10;2;0;4;13;4;16;2;2;23;5.430651362399798;14;1;17;8;6;1;5;0;3;7;5.924280577922097;6;19;4;0;0;18;13;3;11;1;3;4;3;2;1;3;10;0;10;18;4;5;24;4;6;0;6;4;1;18;16;0;4;6;20;-7.443899367482882;3;2;22;-6.315687636015317;16
TRACK:334;5;6;2;3;5;4;4;2;4;6;3;1;16;11;4;2;4;3;11;2;3;18;5;13;4;2;6;2;6;6;1;6;2;20;-1.6933720277892483;21;-6.288600675825968;5;0;13;11;5;3;3;0;5;14;6;19;6;3;0;3;3;3;6;16;2;5;5;2;12;25;3;2;3;9;4;21;1.078421764462469
TRACK:335;5;6;1;6;0;4;0;5;6;5;3;5;13;0;3;0;4;1;16;14;4;0;12;13;5;0;6;2;21;7.393179846246412;25;5;6;16;4;4;4;1;3;1;6;16;1;10;16;5;2;0;9;13;5;23;-1.1077769196155351;4;0;6;3;1;16;11;1;3;4;3;2;1;3;10;0;10;18;4;5;24;4;6;0;6;4;1;18;16;0;4;6;20;-7.443899367482882;3;2;22;-6.315687636015317;16
TRACK:336;3;8;5;0;2;1;1;2;0;1;0;3;18;0;11;19;2;3;8;6;11;0;3;5;20;-9.854547872440747;2;3;14;0;25;20;5.266758292435906;3;1;6;4;7;-4.802489530000629;5;2;7;-1.4171908279333838;16;5;3;4;0;4;17;5;13;1;6;5;6;1;2;25;12;1;24;18;5;3;6;6;3;20;-7.581922671886156;1;6;4;0;6;3;6;9;3;2;1;10;19;2;12;15;3;6;1;2;2;4;17;2;10;7;-6.133789060629686;1;6;20;-0.8807957506615907;4;21;-2.4445561251967156;6;0;5;7;-8.41724648602375;3;22;-2.064242001124274;1;3;6;0;0;4;0;2;7;-1.13735537058224;10;1;13;8;4;0;3;18;5;18;0;6;3;1;18;21;-0.1465674434131934;2;6;6;11;1;13;0;21;-0.6777374980974411;11;1;2;5;0;6;3;0;10;16;5;5;4;19;3;1;5;2;6;21;-5.102726627346557;4;21;-7.780513196050098;3;6;1;7;-4.09981042546441;15;0;2;2;4;2;1;21;4.71681260114514;11;0;22;-6.749979277028966;9;4;1;1;21;6.70545674170857;22;-5.398647801289512;0;9;21;-3.456409740315678;1;6;6;4;10;5;2;2;12;16;3;25;6;5;0;2;5;16;6;17;6;1;7;7.846653418014004;24
TRACK:337;3;8;0;6;6;4;10;6;6;1;0;6;4;5;3;4;13;0;3;4;1;5;7;7.254707054088247;6;9;6;6;2;2;18;8;2;12;21;7.330216125862577;5;0;2;0;6;1;25;8;5;2;24;7;1.2485406626853326;5;3;3;9;4;5;5;1;24;9
TRACK:338;4;1;4;6;3;1;5;0;0;0;1;0;22;-9.316943896580788;14;6;7;9.167995193698214;3;4;21;0.6900502998878011;3;1;2;19;20;5.150540031187385;6;12;13;0;3;2;3;4;3;23;-2.86126816405317;1;5;6;10;2;3;23;3.4365161781676505;2;13;11;2;5;5;2;3;25;5;13;1;4;5;5;17;0;6;1;22;3.289733235981574;20;-6.907684957629343;4;5;9
TRACK:339;4;1;0;4;2;0;3;6;3;3;0;5;16;0;25;16;6;4;3;0;4;1;10;24;4;2;13;11;1;3;6;5;3;5;2;14;19;5;2;0;1;5;5;18;4;4;13;6;0;1;7;0.3602594837541844;16;0;9;11;0;0;4;0;23;-0.3182322762044265;9;4;3;13;2;2;5;24;1;7;2.8122087784926357;7;-2.4669799524933893;4;5;25;2;1;0;3;2;2;1;6;5;18;0;6;17;6;16;2;5;0;19;14;1;3;21;3.6787434844141735;6;16;0;2;6;4;21;-7.846505514191158;5;6;18;2;6;6;18;0;2;19;24;1;25;10;6;1;6;3;2;4;14;5;8;2;0;4;3;11;0;5;13;6;11;2;0;4;16;2;10;24;3;3;17;3;6;0;1;1;2;2;14;12;2;25;8;2;3;24;3;19;4;5;0;25;11;5;5;5;0;23;3.801344532366798;7;-2.974970712886571;1;5;0;1;6;6;1;1;23;0.09016184943938654;22;5.189633377404299;0;23;-6.059342918267059;24;4;5;2;3;25;5;13;3;4;1;5;3;8;3;2;18;19;6;4;2;5;3;6;3;12;6;5;2;2;25;20;9.506822019760321;4;7;-9.288801001936392
TRACK:340;330;-1;4;6;3;1;5;0;0;0;1;0;22;-9.195204532744537;14;6;7;9.205137934936262;3;0;22;2.2916743564562854;13;3;1;2;19;20;5.2749208589178345;6;12;4;1;24;8;0;3;2;3;4;3;23;-2.863084856078656;1;5;6;10;2;3;23;3.453089532067316;2;13;11;2;5;5;2;3;25;5;13;1;4;5;5;17;0;6;1;22;3.3760805216373435;20;-7.098267292408248;4;5;9
TRACK:341;332;-1;0;4;1;4;3;0;0;1;1;19;16;6;12;2;2;10;15;4;15;6;1;3;12;0;21;-5.31518409642085;22;-8.8961754240257;5;3;5;5;5;3;25;6;6;1;0;6;4;5;3;4;13;0;3;4;1;5;7;7.44189923113786;6;9;6;6;2;2;18;8;2;12;21;7.527219631630752;5;0;2;0;6;1;25;8;5;2;24;7;1.1062122323107035;5;3;3;9;4;5;5;1;24;9
TRACK:342;334;-1;2;3;5;4;4;2;4;6;3;1;16;11;4;2;4;3;11;2;3;18;5;13;4;2;6;2;6;6;1;6;2;20;-1.551780194497205;21;-6.2742675676936575;5;0;13;11;5;3;3;0;5;14;6;19;6;3;0;3;3;3;6;16;2;5;5;2;12;25;3;2;3;9;4;7;6.638424508841506
TRACK:343;336;-1;5;0;2;1;1;2;0;1;0;3;18;0;11;19;2;3;8;6;11;0;3;5;20;-9.917173157679244;2;3;14;0;25;20;5.171062236075554;3;1;6;4;7;-4.65895574526911;5;2;7;-1.4920403467798389;16;5;3;4;0;4;17;5;13;1;6;5;6;1;2;25;12;1;24;18;5;3;6;6;3;20;-7.631849499715885;1;6;4;0;6;3;6;9;3;2;1;10;19;2;12;15;3;6;1;2;2;4;17;2;10;7;-6.167606386542939;1;6;20;-0.9870962857311606;4;21;-2.455538144831003;6;0;5;7;-8.455039996750846;3;22;-1.9413527583919559;1;3;6;0;0;4;0;2;7;-1.2496233737213127;10;1;13;8;4;0;3;18;5;18;0;6;3;1;18;21;-0.17835755863704694;2;6;6;11;1;13;0;21;-0.7509865838651376;11;1;2;5;4;0;8;10;3;1;5;2;6;21;-4.912908438164168;4;21;-7.898594178629509;3;6;1;7;-4.015965567017891;15;0;2;2;4;2;1;21;4.5543601936576215;11;0;22;-6.809927808485462;9;4;1;1;21;6.684822860572861;22;-5.4005892017355315;0;9;21;-3.3910550355523386;1;6;6;4;10;5;2;2;12;16;3;25;6;5;0;2;5;16;6;17;6;1;7;7.744037532186133;24
TRACK:344;338;-1;4;6;3;1;5;0;0;0;1;0;22;-9.591714219094548;14;6;7;9.011337183998581;3;4;21;0.35961938600246945;3;1;2;19;20;5.229252518251572;2;14;15;13;0;3;2;3;4;3;23;-2.9127486073598785;1;5;6;10;2;3;23;3.4453159392563917;2;13;11;2;5;5;2;3;25;5;13;1;4;5;5;17;0;6;1;22;3.301503131684142;20;-6.816228868360412;4;5;9
TRACK:345;331;-1;4;0;0;0;3;0;4;0;24;24;4;2;13;25;1;5;0;2;18;22;0.08574496892149064;2;7;5.909838272869655;13;5;3;4;16;3;1;0;5;3;12;1;5;23;-2.886990339561386;4;14;1;3;1;16;19;6;3;7;-0.13906403041372428;4;0;3;5;6;6;24;3;0;5;6;8;2;1;17;10;0;7;-8.97635842991836;16
TRACK:346;333;-1;1;6;0;4;0;5;6;5;3;5;13;0;3;0;4;1;16;14;4;0;12;13;5;0;6;2;21;7.422252449530678;25;5;6;16;4;4;4;1;3;1;6;12;1;10;16;5;2;0;9;13;5;23;-1.1071432694839773;4;0;1;0;1;1;0;1;6;10;3;12;6;2;17;16;6;1;6;15;1;13;14;3;2;3;5;23;5.369126969111609;1;3;20;-2.825120624227849;3;24;0;2;5;1;1;11;12;5;16;4;6;2;20;-4.830238790551628;9;1;5;3;3;15;1;4;1;15;23;-0.34848906530041773;5;1;20;3.977881105304156;12;2;6;0;6;2;1;17;24;1;23;-4.666665660004064;10;2;0;4;13;4;16;2;2;23;5.071545953407045;14;1;17;11;6;1;5;0;3;7;5.886986923615869;6;19;4;0;0;18;13;3;11;1;3;4;3;2;1;3;10;0;10;18;4;5;24;4;6;0;6;4;1;18;16;0;4;6;20;-7.48075944780205;3;2;22;-6.436653191800879;16
TRACK:347;335;-1;1;6;0;4;0;5;6;5;3;5;13;0;3;0;4;1;21;1.423460012579767;22;5.9575145196416806;4;0;12;13;5;0;6;2;21;7.394217640436821;25;5;6;16;4;4;4;1;3;1;6;16;1;10;16;5;2;0;9;13;5;23;-1.1111285771291315;4;0;6;3;1;16;11;1;3;4;3;2;1;3;10;0;10;18;4;5;24;4;6;0;6;4;1;18;16;0;4;6;20;-7.2384996915938675;3;2;22;-6.324959212512809;16
TRACK:348;337;-1;0;6;6;4;10;6;6;1;0;6;4;5;3;4;13;0;3;4;1;5;7;7.245043642972849;6;9;6;6;2;2;18;8;2;12;21;7.2428971783134335;5;0;2;0;6;1;25;8;5;2;24;7;1.123779066748861;5;5;3;21;-6.228716698698717;4;5;5;1;24;9
TRACK:349;339;-1;0;4;2;0;3;6;3;3;0;5;16;0;25;16;6;4;3;0;4;1;10;24;4;2;13;11;1;3;6;5;3;5;2;14;19;5;2;0;1;5;5;18;4;4;13;6;0;1;7;0.28879819820976455;16;0;9;11;0;0;4;0;23;-0.2915251893150779;9;4;3;13;2;2;5;24;1;7;2.8413687586040544;7;-2.5691621391518544;4;5;25;2;1;0;3;2;2;1;6;5;18;0;6;17;6;16;2;5;0;19;14;1;3;21;3.711607535419344;6;16;0;2;6;4;21;-7.94571294981271;5;6;18;2;6;6;18;0;2;19;24;1;25;10;6;1;6;3;2;4;14;5;8;2;0;4;3;11;0;3;20;-6.51837031860876;6;11;2;0;4;16;2;10;24;3;3;17;3;6;0;1;1;2;2;14;12;2;25;8;2;3;24;3;19;4;5;0;25;11;5;5;5;0;23;3.8985912072483213;7;-2.8797886433356945;1;5;0;1;6;6;1;1;23;0.14996827666268303;22;5.086465349951524;0;23;-5.9837620699835545;24;4;5;2;3;25;5;13;3;4;1;5;3;8;3;2;18;19;6;4;2;5;3;6;3;12;6;5;2;2;25;20;9.539198639457178;4;7;-9.378683561946968
EVAL_INSTANCE:17:0:340
EVAL_INSTANCE:17:1:341
EVAL_INSTANCE:17:2:342
EVAL_INSTANCE:17:3:343
EVAL_INSTANCE:17:4:344
EVAL_INSTANCE:17:5:345
EVAL_INSTANCE:17:6:346
EVAL_INSTANCE:17:7:347
EVAL_INSTANCE:17:8:348
EVAL_INSTANCE:17:9:349
RUN_RESULT:17:0:0:2000:----
RUN_RESULT:17:1:0:2000:----
RUN_RESULT:17:2:0:2000:----
RUN_RESULT:17:3:0:2000:----
RUN_RESULT:17:4:0:2000:----
RUN_RESULT:17:5:0:2000:----
RUN_RESULT:17:6:0:2000:----
RUN_RESULT:17:7:0:2000:----
RUN_RESULT:17:8:0:2000:----
RUN_RESULT:17:9:0:2000:----
    18 |      180 |  0.000000E+00 | -0.000000E+00
TRACK:350;6;9;1;6;0;4;0;5;6;5;3;5;13;0;3;0;4;1;16;14;4;0;12;13;5;0;6;2;21;7.393179846246412;25;5;6;16;4;4;4;1;3;1;6;16;1;10;16;5;2;0;9;13;5;23;-1.1077769196155351;4;0;1;0;1;1;0;1;6;10;3;12;6;2;17;16;6;1;6;15;1;13;14;3;2;3;5;23;5.524369017262018;1;3;15;3;24;0;2;5;1;1;11;12;5;16;4;6;2;20;-4.7103146743896;9;1;5;3;3;15;1;4;1;15;23;-0.35414720371207586;5;1;20;3.8200324129139958;12;2;6;0;6;2;1;17;24;1;23;-4.722944952699426;10;2;0;4;13;4;16;2;2;23;5.430651362399798;14;1;17;8;6;1;5;0;3;7;5.924280577922097;6;19;4;0;0;18;13;3;11;1;3;4;3;2;1;3;10;0;10;18;4;5;24;4;6;0;6;4;1;18;16;0;4;6;20;-7.443899367482882;3;2;22;-6.315687636015317;16
TRACK:351;6;9;3;2;3;1;3;3;4;5;4;6;20;-4.396079701379884;5;5;2;6;4;4;23;9.454700458981847;3;5;2;25;20;1.9947293996791409;2;3;5;4;6;3;2;0;15;15;6;15;4;0;5;1;3;1;0;9;7;7.498876980161818;1;10;24;1;6;0;18;7;9.426482988853774;3;1;13;21;6.652627190748316;5;4;6;4;0;12;13
TRACK:352;7;2;5;5;5;3;4;4;2;2;0;6;8;1;24;8;2;2;8;23;-9.564095691132996;6;16;14
TRACK:353;7;2;2;4;2;0;3;3;2;2;4;6;13;3;0;25;24;6;6;6;19;5;1;6;5;0;3;22;3.613181508814362;4;19;0;6;5;4;21;3.424804278692612;1;6;2;12;8;2;3;15;4;15;0;4;5;5;2;3;6;15;6;1;13;7;8.849387438651732;4;5;4;2;5;0;12;20;-0.6141455326857592;6;6;18;6;5;2;1;4;3;0;2;0;7;5.808802450809784;10;2;16;20;-7.423574906899613;5;2;10;19;0;3;5;1;1;10;18;6;14;2;5;4;4;21;-1.2834884289231585;5;0;4;19;6;12;1;16;3;2;0;5;5;7;5.922906560229322;2;4;21;-2.519501858667459;5;14;3;3;3;24
TRACK:354;0;6;6;5;4;4;2;3;5;6;2;21;7.393179846246412;25;4;0;2;2;0;16;23;-6.8304586043140265;4;17;0;2;23;-3.045716768713536;25;3;12;0;6;6;11;3;2;16;17
TRACK:355;0;6;1;6;0;4;0;5;6;5;3;5;13;0;3;0;4;1;16;14;4;0;12;13;5;0;6;2;21;7.393179846246412;25;5;6;16;4;4;4;1;3;1;6;16;1;10;16;5;2;0;9;13;5;23;-1.1077769196155351;4;0;1;0;1;1;0;1;6;10;3;12;6;2;17;16;6;1;6;15;1;13;14;3;2;3;5;23;5.524369017262018;1;3;20;-2.943891205362716;3;24;0;2;5;1;1;11;12;5;16;4;6;2;20;-4.7103146743896;9;1;5;3;3;15;1;4;1;15;23;-0.35414720371207586;5;1;20;3.8200324129139958;12;2;6;0;6;2;1;17;24;1;23;-4.722944952699426;10;2;0;4;13;4;16;2;2;23;5.430651362399798;14;1;17;8;6;1;5;0;3;7;5.924280577922097;6;19;4;0;0;16;13;3;11;1;3;4;3;2;1;3;10;0;10;18;4;5;24;4;6;0;6;4;1;18;16;0;4;6;20;-7.443899367482882;3;2;22;-6.315687636015317;16
TRACK:356;2;4;2;4;2;0;3;3;2;2;4;6;13;3;0;25;24;6;6;6;19;5;1;6;5;0;3;22;3.613181508814362;4;19;0;6;5;4;21;3.424804278692612;1;6;2;12;8;2;3;15;4;15;0;4;5;5;2;3;6;15;6;1;13;7;8.849387438651732;4;5;4;2;5;0;12;20;-0.6141455326857592;6;6;18;6;5;2;1;4;3;0;2;0;7;5.808802450809784;10;2;16;20;-7.423574906899613;5;2;10;19;0;3;5;1;1;10;18;6;14;2;5;4;4;21;-1.2834884289231585;5;0;4;19;6;12;1;2;5;0;4;4;16;4;3;23;-2.86126816405317;3;5;1;0;25;24;0;14;10;3;2;0;5;5;7;5.922906560229322;2;4;21;-2.519501858667459;5;14;3;3;3;24
TRACK:357;2;4;4;6;3;1;5;0;0;0;1;0;22;-9.316943896580788;14;6;7;9.167995193698214;3;4;21;0.6900502998878011;3;1;2;19;20;5.150540031187385;6;12;4;0;1;3;14;3;15;0;1;16;9;2;17;16;0;3;2;3;4;3;23;-2.86126816405317;1;4;19;2;3;23;3.4365161781676505;2;13;11;2;5;5;2;3;25;5;13;1;4;5;5;17;0;6;1;22;3.289733235981574;20;-6.907684957629343;4;5;9
TRACK:358;8;3;0;5;4;0;6;0;6;3;1;1;7;-4.09981042546441;15;1;13;18;5;0;0;3;21;9.428315445839132;3;12;6;6;24;0;6;1;5;1;4;17;2;9;25;6;2;1;16;24;1;11;9;6;6;5;2;5;17;3;19;6;6;1;0;6;4;5;3;4;13;0;3;4;1;5;7;7.254707054088247;6;9;6;6;2;2;18;8;2;12;21;7.330216125862577;5;0;2;0;6;1;25;8;5;2;24;7;1.2485406626853326;5;3;3;9;4;5;5;1;24;9
TRACK:359;8;3;5;0;2;1;1;2;0;1;0;3;18;0;11;19;2;3;8;6;11;0;3;9;2;3;14;0;25;20;5.266758292435906;3;1;6;4;7;-4.802489530000629;5;2;7;-1.4171908279333838;16;5;3;4;0;4;17;5;13;1;6;5;6;1;2;25;12;1;24;18;5;3;6;6;3;20;-7.581922671886156;1;6;4;0;6;3;6;9;3;2;1;10;19;2;12;15;3;6;1;2;2;4;17;2;10;7;-6.133789060629686;1;6;20;-0.8807957506615907;4;21;-2.4445561251967156;6;0;5;7;-8.41724648602375;3;22;-2.064242001124274;1;3;6;0;0;4;0;2;7;-1.13735537058224;10;1;13;8;4;0;3;18;5;18;0;6;3;1;18;21;-0.1465674434131934;2;6;6;11;1;0;14;13;0;21;-0.6777374980974411;11;1;2;5;0;6;3;0;10;16;5;5;4;19;3;1;5;2;6;21;-5.102726627346557;4;21;-7.780513196050098;3;6;1;7;-4.09981042546441;15;0;2;2;4;2;1;21;4.71681260114514;11;0;22;-6.749979277028966;9;4;1;1;21;6.70545674170857;22;-5.398647801289512;0;9;21;-3.456409740315678;1;6;6;4;10;5;2;2;12;16;3;25;6;5;0;2;5;16;6;17;6;1;7;7.846653418014004;24
TRACK:360;6;-1;1;6;0;4;0;5;6;5;3;5;13;0;3;0;4;1;16;14;4;0;12;13;5;0;6;2;21;7.2423030159514745;25;5;6;16;4;4;4;1;3;1;6;16;1;10;16;5;2;0;9;13;5;23;-1.0410824463151904;4;0;1;0;1;1;0;1;6;10;3;12;6;2;17;16;6;1;6;15;1;13;14;3;2;3;5;23;5.534538721441849;1;3;20;-2.8880991406402488;3;24;0;1;4;1;11;18;4;3;22;-6.163080416249347;1;5;3;3;15;1;4;1;15;23;-0.4374940322424627;5;1;20;3.854731754213304;12;2;6;0;6;2;1;17;24;1;23;-4.948676461739002;10;2;0;4;13;4;16;2;2;23;5.641885636809868;14;1;17;8;6;1;5;0;3;7;5.781595457367264;6;19;4;0;0;18;13;3;11;1;3;4;3;2;1;3;10;0;10;18;4;5;24;4;6;0;6;4;1;18;16;0;4;6;20;-7.529683966076331;3;2;22;-6.2380643680005825;16
TRACK:361;352;-1;5;5;5;3;4;4;2;2;0;6;8;1;24;8;2;2;8;23;-9.512459894180777;2;25;23;2.545162786341395;14
TRACK:362;354;-1;6;5;4;4;2;3;5;6;2;21;7.331419875811014;25;4;0;2;2;5;7;6.460821552016384;4;17;0;2;23;-2.975148410697311;25;3;12;0;6;6;11;3;2;16;17
TRACK:363;356;-1;2;4;2;0;3;3;2;2;4;6;13;3;0;25;24;6;6;6;19;5;1;6;5;0;3;22;3.7308213355080517;4;12;0;6;5;4;21;3.5809755998721013;1;6;2;12;8;2;3;15;4;15;0;4;5;5;2;3;6;15;6;1;13;7;8.678268465486214;4;5;4;2;5;0;12;20;-0.7010620562312475;6;6;18;6;5;2;1;4;3;0;2;0;7;5.86241040013342;10;2;16;20;-7.388471872603911;5;2;10;19;0;3;5;1;1;10;18;6;14;2;5;4;4;21;-1.4576250462098586;5;0;4;19;6;12;1;2;5;0;4;4;16;4;3;23;-2.789456005195863;3;5;1;0;25;24;0;14;10;3;2;0;5;5;7;5.927000432476182;2;4;21;-2.5849473115942856;5;14;3;3;3;24
TRACK:364;358;-1;0;5;4;0;6;0;6;3;1;1;7;-4.133919048937128;15;1;13;18;5;0;0;3;21;9.640462592681239;3;12;6;6;24;0;6;1;5;1;4;17;2;9;25;6;2;1;16;24;1;11;9;6;6;5;2;5;17;3;19;6;6;1;0;6;4;5;3;4;13;0;3;4;1;5;7;7.329427011246619;6;9;6;6;2;2;18;8;2;12;21;7.379133615160253;5;0;2;1;25;21;-0.0497938233069668;5;3;3;9;4;5;5;1;24;9
TRACK:365;9;-1;3;2;3;1;3;3;4;5;4;6;20;-4.309742975893347;5;5;2;6;4;4;23;9.490393761346542;3;5;2;25;20;1.8770115581212892;2;3;5;4;6;3;2;0;15;15;6;15;4;0;5;1;3;1;0;9;7;7.557979295220936;1;10;24;1;6;0;18;7;9.4360162466045;3;1;13;21;6.851937165437105;5;4;6;1;0;15;19;0;25;20;8.064333558331962
TRACK:366;353;-1;2;4;2;0;3;3;2;2;6;6;20;4.773022341920452;3;0;25;24;6;6;6;19;5;1;6;5;0;3;22;3.7306497309778366;4;19;0;6;5;4;21;3.4689905379638932;1;6;2;12;8;2;3;15;4;15;0;4;5;5;2;3;6;15;6;1;13;7;8.838466219352988;4;5;4;2;5;0;12;20;-0.6964928680298557;6;6;18;6;5;2;1;4;3;0;2;0;7;5.875272740448577;10;2;16;20;-7.303122124226361;5;2;10;19;0;3;5;1;1;10;18;6;14;2;5;4;4;21;-1.3432353933710304;5;0;4;19;6;12;1;16;3;2;0;5;5;7;5.990025985823855;2;4;21;-2.5059391955999195;5;14;3;3;3;24
TRACK:367;355;-1;1;6;0;4;0;5;6;5;3;5;13;0;3;0;4;1;16;14;4;0;12;13;6;18;4;4;4;1;3;1;6;16;1;10;16;5;2;0;9;13;5;23;-1.0331575695349289;4;0;1;0;1;1;0;1;6;10;3;12;6;2;17;16;6;1;6;15;1;13;14;3;2;3;5;23;5.538267734543445;1;3;20;-2.877038341109096;3;24;0;2;5;1;1;11;12;5;16;4;6;2;20;-4.849682021755672;9;1;5;3;3;15;1;4;1;15;23;-0.4197975505157952;5;1;20;3.913156252420861;12;2;6;0;6;2;1;17;24;1;23;-4.818990368183458;10;2;0;4;13;4;16;2;2;23;5.445970889858837;14;1;17;8;6;1;5;0;3;7;5.849497963451256;6;19;4;0;0;16;13;3;11;1;3;4;3;2;1;3;10;0;10;18;4;5;24;4;6;0;6;4;1;18;16;0;4;6;20;-7.5647010633514835;3;2;22;-6.348719565331032;16
TRACK:368;357;-1;4;6;3;1;5;0;0;0;3;16;3;4;21;0.49401025522039993;3;1;2;19;20;5.339248250447475;6;12;4;0;1;3;14;3;15;0;1;16;9;2;17;16;0;3;2;3;4;3;23;-3.063304586777198;1;4;19;2;3;23;3.5209130348201483;2;13;11;2;5;5;2;3;25;5;13;1;4;5;5;17;0;6;1;22;3.4283528762538977;20;-6.954788054940185;4;5;9
TRACK:369;359;-1;5;0;2;1;1;2;0;1;0;3;18;0;11;19;2;3;8;6;11;0;3;9;2;3;14;0;25;20;5.390815125760168;3;1;6;4;7;-4.826743122796219;5;2;7;-1.5505542250904374;16;5;3;4;0;4;17;5;13;1;6;5;6;1;2;25;12;1;24;18;5;3;6;6;3;20;-7.611614835536047;1;6;4;0;6;3;6;9;3;2;1;10;19;2;12;15;3;6;1;2;2;4;17;2;10;7;-6.122098645563673;1;6;20;-1.0087401944448862;4;21;-2.3117873508608198;6;0;5;7;-8.497433549498254;3;22;-2.145069323822635;1;3;6;0;0;4;0;2;7;-1.2135245197700297;10;1;13;8;4;0;3;18;5;18;0;6;3;1;18;21;-0.28940747314999815;2;6;6;11;1;0;14;13;0;21;-0.8001212163527881;11;1;2;5;0;6;3;0;10;16;5;5;4;19;3;1;5;2;6;21;-4.956243515649213;4;21;-7.981723775254311;3;6;1;7;-4.172620954674849;15;0;2;2;4;2;1;21;4.70230408176289;11;0;22;-6.727916099334344;9;4;1;1;21;6.644543427878304;22;-5.3302363550248195;0;9;21;-3.4691425869698937;1;6;6;4;10;5;2;2;22;4.129281543179291;16;3;25;6;5;0;2;5;16;6;17;6;1;7;7.856713061710282;24
EVAL_INSTANCE:18:0:360
EVAL_INSTANCE:18:1:361
EVAL_INSTANCE:18:2:362
EVAL_INSTANCE:18:3:363
EVAL_INSTANCE:18:4:364
EVAL_INSTANCE:18:5:365
EVAL_INSTANCE:18:6:366
EVAL_INSTANCE:18:7:367
EVAL_INSTANCE:18:8:368
EVAL_INSTANCE:18:9:369
RUN_RESULT:18:0:0:2000:----
RUN_RESULT:18:1:0:2000:----
RUN_RESULT:18:2:0:2000:----
RUN_RESULT:18:3:0:2000:----
RUN_RESULT:18:4:0:2000:----
RUN_RESULT:18:5:0:2000:----
RUN_RESULT:18:6:0:2000:----
RUN_RESULT:18:7:0:2000:----
RUN_RESULT:18:8:0:2000:----
RUN_RESULT:18:9:0:2000:----
    19 |      190 |  0.000000E+00 | -0.000000E+00
TRACK:370;6;0;1;6;0;4;0;5;6;5;3;5;13;0;3;0;4;1;16;14;4;0;12;13;5;0;6;2;21;7.393179846246412;25;5;6;16;4;4;4;1;3;1;6;16;6;11;5;2;0;9;13;5;23;-1.1077769196155351;4;0;1;0;1;1;0;1;6;10;3;12;6;2;17;16;6;1;6;15;1;13;14;3;2;3;5;23;5.524369017262018;1;3;20;-2.943891205362716;3;24;0;2;5;1;1;11;12;5;16;4;6;2;20;-4.7103146743896;9;1;5;3;3;15;1;4;1;15;23;-0.35414720371207586;5;1;20;3.8200324129139958;12;2;6;0;6;2;1;17;24;1;23;-4.722944952699426;10;2;0;4;13;4;16;2;2;23;5.430651362399798;14;1;17;8;6;1;5;0;3;7;5.924280577922097;6;19;4;0;0;18;13;3;11;1;3;4;3;2;1;3;10;0;10;18;4;5;24;4;6;0;6;4;1;18;16;0;4;6;20;-7.443899367482882;3;2;22;-6.315687636015317;16
TRACK:371;6;0;6;5;4;4;2;3;23;5.524369017262018;4;0;2;2;0;16;23;-6.8304586043140265;4;17;0;2;23;-3.045716768713536;25;3;12;0;6;6;11;3;2;16;17
TRACK:372;5;2;2;3;5;4;4;2;4;6;3;1;16;11;4;2;4;4;11;2;3;18;5;13;4;2;6;2;6;6;1;6;2;20;-1.6933720277892483;21;-6.288600675825968;5;0;13;11;5;3;3;0;5;14;6;19;6;3;0;3;3;3;5;14;2;5;5;2;12;25;3;2;3;9;4;21;1.078421764462469
TRACK:373;5;2;2;4;2;0;3;3;2;2;4;6;13;3;0;25;24;6;6;6;19;5;1;6;5;0;3;22;3.613181508814362;4;19;0;6;5;4;21;3.424804278692612;1;6;2;12;8;2;3;15;4;15;0;4;5;5;2;3;6;15;6;1;13;7;8.849387438651732;4;5;4;2;5;0;12;20;-0.6141455326857592;6;6;18;6;5;2;1;4;3;0;2;0;7;5.808802450809784;10;2;16;20;-7.423574906899613;5;2;10;19;0;3;5;1;1;10;18;6;14;2;5;4;4;21;-1.2834884289231585;5;0;4;19;6;11;1;2;5;0;4;4;16;2;4;10;2;14;15;3;5;1;0;25;24;0;14;10;3;2;0;5;5;7;5.922906560229322;2;4;21;-2.519501858667459;5;14;3;3;3;24
TRACK:374;8;3;0;5;4;0;6;0;6;3;1;3;15;1;13;18;5;0;0;3;21;9.428315445839132;3;12;6;6;24;0;6;1;5;1;4;17;2;9;25;6;2;1;11;24;1;11;9;6;6;5;2;5;17;3;19;6;6;1;0;6;4;5;3;4;13;0;3;4;1;5;7;7.254707054088247;6;9;6;6;2;2;18;8;2;12;21;7.330216125862577;5;0;2;0;6;1;25;8;5;2;24;7;1.2485406626853326;5;3;3;9;4;5;5;1;24;9
TRACK:375;8;3;5;0;2;1;1;2;0;1;0;3;18;0;11;19;2;3;8;6;11;0;3;5;20;-9.854547872440747;2;3;14;0;25;20;5.266758292435906;3;1;6;4;7;-4.802489530000629;5;2;7;-1.4171908279333838;16;5;3;4;0;4;17;5;13;1;6;5;6;1;2;25;12;1;24;18;5;3;6;6;3;20;-7.581922671886156;1;6;4;0;6;3;6;9;3;2;1;10;19;2;12;15;3;6;6;2;1;16;24;1;11;9;1;3;6;0;0;4;0;2;7;-1.13735537058224;10;1;13;8;4;0;3;18;5;18;0;6;3;1;18;21;-0.1465674434131934;2;6;6;11;1;0;14;13;0;21;-0.6777374980974411;11;1;2;5;0;6;3;0;10;16;5;5;4;19;3;1;5;2;6;21;-5.102726627346557;4;21;-7.780513196050098;3;6;1;7;-4.09981042546441;15;0;2;2;4;2;1;21;4.71681260114514;11;0;22;-6.749979277028966;9;4;1;1;21;6.70545674170857;22;-5.398647801289512;0;9;21;-3.456409740315678;1;6;6;4;10;5;2;2;12;16;3;25;6;5;0;2;5;16;6;17;6;1;7;7.846653418014004;24
TRACK:376;7;5;5;5;5;3;4;4;2;2;0;6;8;1;24;8;2;2;8;23;-9.564095691132996;6;16;5;1;4;12;0;7;-5.7983231544464715;24
TRACK:377;7;5;2;3;5;4;4;2;4;6;3;1;16;11;4;2;4;4;11;2;3;18;5;13;4;2;6;2;6;6;1;6;2;20;-1.6933720277892483;21;-6.288600675825968;5;0;13;11;5;3;3;0;5;14;6;19;6;3;0;3;3;3;6;24;2;5;5;2;12;25;3;2;3;9;4;21;1.078421764462469
TRACK:378;0;2;6;5;4;4;2;3;5;6;1;6;17;2;15;18;4;0;2;2;0;16;23;-6.8304586043140265;4;17;0;2;23;-3.045716768713536;25;3;12;0;6;6;11;3;2;18;17
TRACK:379;0;2;2;4;2;0;3;3;2;2;4;6;13;3;0;25;24;6;6;6;19;5;1;6;5;0;3;22;3.613181508814362;4;19;0;6;5;4;21;3.424804278692612;1;6;2;12;8;2;3;15;4;15;0;4;5;5;2;3;6;15;6;1;13;7;8.849387438651732;4;5;4;2;5;0;12;20;-0.6141455326857592;6;6;18;6;5;2;1;4;3;0;2;0;7;5.808802450809784;10;2;16;20;-7.423574906899613;5;2;10;19;0;3;5;1;1;10;18;6;14;2;5;4;4;21;-1.2834884289231585;5;0;4;19;6;12;1;2;5;0;4;4;16;2;4;10;2;14;15;3;5;1;0;25;24;0;14;10;3;2;0;5;5;7;5.922906560229322;2;4;21;-2.519501858667459;23;-6.8304586043140265;3;3;3;24
TRACK:380;370;-1;1;6;0;4;0;5;6;5;3;5;13;0;3;0;4;1;16;14;4;0;12;13;5;0;6;2;21;7.415934974677288;22;-8.150551326462796;5;6;16;4;4;4;1;3;1;6;16;6;11;5;2;0;9;13;5;23;-1.131780175937831;4;0;1;0;1;1;0;1;6;10;3;12;6;2;17;16;6;1;6;15;1;13;14;3;2;3;5;23;5.461254888839458;1;3;20;-3.0065745613207806;3;24;0;2;5;1;1;11;12;5;16;4;6;2;20;-4.693180371832993;9;1;5;3;3;15;1;4;1;15;23;-0.42340220560899144;5;1;20;3.642460567197753;12;2;6;0;6;2;1;17;24;1;23;-4.6967815166568565;10;2;0;4;13;4;16;2;2;23;5.49286603365181;14;1;17;8;6;1;5;0;3;7;5.815947672592858;6;19;4;0;0;18;13;3;11;1;3;4;3;2;1;3;10;0;10;18;4;5;24;4;6;0;6;4;1;18;16;0;4;6;20;-7.747865352946205;3;2;22;-6.134238069869902;16
TRACK:381;372;-1;2;3;5;4;4;2;4;6;3;1;16;11;4;2;4;4;11;2;3;18;5;13;4;2;6;2;6;6;1;6;2;20;-1.5987217252913541;21;-6.221977434977881;5;0;13;15;5;3;3;0;5;14;6;19;6;3;0;3;3;3;5;14;2;5;5;2;12;25;3;2;3;9;4;21;1.1110383655982254
TRACK:382;374;-1;0;5;4;0;6;0;6;3;1;3;15;1;13;18;5;0;0;3;21;9.402506869612836;3;12;6;6;24;0;6;1;5;1;4;17;2;9;25;6;2;1;11;24;1;11;9;6;6;5;2;5;17;3;19;6;6;1;0;6;4;5;3;4;13;0;3;4;1;5;17;6;9;6;6;2;2;18;8;2;12;21;7.2980527915201785;5;0;2;0;6;1;25;8;5;2;24;7;1.0667196378999075;5;3;3;9;4;5;5;1;24;9
TRACK:383;376;-1;5;5;5;3;4;4;2;2;0;6;8;1;24;8;2;2;8;23;-9.685023144411083;6;16;5;1;4;12;0;7;-5.708579638671696;23;-8.843902214451521
TRACK:384;378;-1;6;5;4;4;2;3;0;1;1;20;4.822398790708849;18;3;15;5;3;25;4;0;2;2;0;16;23;-6.863099542665664;4;17;0;2;23;-3.0071765091105367;25;3;12;0;6;6;11;3;2;18;17
TRACK:385;371;-1;6;5;4;4;2;3;23;5.664791566363719;4;0;0;5;18;4;10;0;6;6;11;3;2;16;17
TRACK:386;373;-1;2;4;2;0;3;3;2;2;4;6;13;3;0;25;24;6;6;6;19;5;1;6;5;0;3;22;3.651287160415061;4;19;0;6;5;4;21;3.4411429625985543;1;6;2;12;8;2;3;15;4;15;0;4;5;5;2;3;6;7;-0.3337768338493099;6;1;13;7;8.826509720177164;4;5;4;2;5;0;12;20;-0.623256998051329;6;6;18;6;5;2;1;4;3;0;2;0;7;5.601398872250302;10;2;16;20;-7.360074175407908;5;2;10;19;0;3;5;1;1;10;18;6;14;2;5;4;4;21;-1.1957691253298992;5;0;4;19;6;11;1;2;5;0;4;4;16;2;4;10;2;14;15;3;5;1;0;25;24;0;14;10;3;2;0;5;5;7;5.956522404915114;2;4;21;-2.3833776065448347;5;14;3;3;3;24
TRACK:387;375;-1;5;0;2;1;1;2;0;1;0;3;18;0;11;19;2;3;8;6;11;0;3;5;20;-9.946882133032869;2;3;14;0;25;20;5.263645695004478;3;1;6;4;7;-4.767076308408634;5;2;7;-1.5261005425129035;16;5;3;4;0;4;17;5;13;1;6;5;6;1;2;25;12;1;24;18;5;3;6;6;3;20;-7.401526683145163;1;6;4;0;6;3;6;9;3;2;1;10;19;2;12;15;3;6;6;2;1;16;24;1;11;9;1;3;6;0;0;4;0;2;7;-1.1813958803895106;10;1;13;8;4;0;3;18;5;18;0;6;3;1;18;21;-0.08002485592187916;2;6;6;11;1;0;14;13;0;21;-0.8316487552375021;11;1;2;5;0;6;3;0;10;16;5;5;4;19;3;1;5;2;6;21;-5.138483922544052;4;21;-7.77429616117159;3;6;1;7;-4.015964486011556;15;0;2;2;4;2;1;21;4.785012227538834;11;0;22;-6.696619055912751;9;4;1;1;21;6.512371775300458;22;-5.455511208017979;0;9;21;-3.5652695825741345;1;6;6;4;10;5;2;2;12;16;3;25;6;5;0;2;5;16;6;17;6;1;7;7.939649075957654;17
TRACK:388;377;-1;2;3;5;4;4;2;4;6;3;1;16;11;4;2;4;4;13;2;3;18;5;13;4;2;6;2;6;6;1;6;2;20;-1.5768801731744002;21;-6.261943193436943;5;0;13;11;5;3;3;0;5;14;6;19;6;3;0;3;3;3;6;24;2;5;5;2;12;25;3;2;3;9;4;21;1.180645692025771
TRACK:389;379;-1;2;4;2;0;3;3;2;2;4;6;13;3;0;25;24;6;6;6;19;5;1;6;5;0;3;22;3.6132482984508405;4;19;0;6;5;4;21;3.424443265726905;1;6;2;12;8;2;3;15;4;15;0;4;5;5;2;3;6;15;6;1;13;7;8.810579981724501;4;5;2;4;22;8.983974763046291;6;25;6;5;2;1;4;3;0;2;0;7;6.004009337093676;10;2;16;20;-7.461253721586586;5;2;10;19;0;3;5;1;1;10;18;6;14;2;5;4;4;21;-1.192029348542468;5;0;4;19;6;12;1;2;5;0;4;4;16;2;4;10;2;14;15;3;5;1;0;25;24;0;14;10;3;2;0;5;5;7;5.977612735803736;2;4;21;-2.5072551282585205;23;-6.76799407360285;3;3;3;24
EVAL_INSTANCE:19:0:380
EVAL_INSTANCE:19:1:381
EVAL_INSTANCE:19:2:382
EVAL_INSTANCE:19:3:383
EVAL_INSTANCE:19:4:384
EVAL_INSTANCE:19:5:385
EVAL_INSTANCE:19:6:386
EVAL_INSTANCE:19:7:387
EVAL_INSTANCE:19:8:388
EVAL_INSTANCE:19:9:389
RUN_RESULT:19:0:0:2000:----
RUN_RESULT:19:1:0:2000:----
RUN_RESULT:19:2:0:2000:----
RUN_RESULT:19:3:0:2000:----
RUN_RESULT:19:4:0:2000:----
RUN_RESULT:19:5:0:2000:----
RUN_RESULT:19:6:0:2000:----
RUN_RESULT:19:7:0:2000:----
RUN_RESULT:19:8:0:2000:----
RUN_RESULT:19:9:0:2000:----
    20 |      200 |  0.000000E+00 | -0.000000E+00
TRAINING ON LEVEL:19
of 184 levels
---LEVEL STRING---
_________________
_F13w.f.w.a...rw_
_.a.wa...b.a.a.w_
_wwrwwwww..wwwww_
_...a...a....a.._
_wwwwww.wwwwwwww_
_.a.........ar.._
_www.wwwwwwwwwww_
_.a...a......ba._
_..b......a....._
_wwwwwwwwww.war._
_k...a.....awwww_
_wwwwwwwwwwwwB14_
_R16wW16wK12wB17_
_________________
---LEVEL STRING---
training done.
The time of execution is: 463.8158748149872 s

TRAINING DONE


-----!!!NEW PROBLEM!!!-----


START TESTING

LEVEL:0:______\n_K.2._\n_kSF._\n_bB1._\n_..fR_\n_1..._\n_3.r._\n_251O_\n_s.31_\n_o..2_\n______
LEVEL:1:________\n_......_\n_......_\n_.Sb.s._\n_.1..s._\n_.4b..1_\n_B12..3_\n_......_\n________
LEVEL:2:____________\n_.........._\n_.r....f..._\n_.....bssss_\n_.R.......F_\n_B1..f..b.1_\n_AO........_\n_.rssssssss_\n_.........F_\n_ss...R...1_\n_....B12W.3_\n_oS14...1.._\n____________
LEVEL:3:__________\n_F13....G_\n_..R15a.1_\n_.......0_\n_a.A.b.a._\n_....a..._\n_B....ggg_\n_1.a.ag.a_\n_2....g.f_\n__________
LEVEL:4:__________\n_.....B12_\n_.W......_\n_.1wwwww._\n_.6wf..w._\n_..w..kw._\n_F.wwwww._\n_1......._\n_3...bK17_\n__________
LEVEL:5:_________\n_....B18_\n_......._\n_...R..._\n_...1..._\n_...3..._\n_......._\n_....B12_\n_......._\n_.b..R.._\n_....1.._\n_r...9.._\n_......._\n_________
LEVEL:6:____________\n_G13wwwwK14_\n_w.o.okofow_\n_wo.o.o.o.w_\n_wko.o.o.ow_\n_wggggggggw_\n_w.o.o.o.ow_\n_wo.o.o.okw_\n_w.o.o.o.ow_\n_wo.obo.o.w_\n_K17wwwwB12_\n____________
LEVEL:7:____________\n_F13wwwwK14_\n_w.o.okofow_\n_wo.oko.o.w_\n_wko.o.o.ow_\n_wo.o.o.okw_\n_wko.o.o.ow_\n_wo.o.o.okw_\n_wko.o.o.ow_\n_wo.obo.o.w_\n_K17wwwwB12_\n____________
LEVEL:8:__________\n_B12....F_\n_1......1_\n_9lllL.f3_\n_..rl1..._\n_...l8..._\n_...lllll_\n_.br....._\n_....R15._\n__________
LEVEL:9:___________\n_rg9SkofVr_\n_GF.6WOV0A_\n_Fw0.3o6AB_\n_A5W..5A2l_\n_.WO5KlF.1_\n_441934sR2_\n_vF38vVb.k_\n_W4bAS.K1K_\n_kO9.W..21_\n_0Ba4o3.L2_\n_w9G.SG99v_\n_g9Br5Kkbk_\n_.l7RRG6r3_\n_LFffV..Gv_\n_ga8.ro1wr_\n_VWV7R..3._\n___________
LEVEL:10:__________\n_........_\n_....V12._\n_........_\n_...v...._\n_F.v.v..._\n_1..v...._\n_3......._\n_....f..._\n__________
LEVEL:11:__________\n_b....Vwv_\n_.....1ww_\n_.....3.._\n_........_\n_........_\n_.....BW._\n_.....11._\n_.....26._\n__________
LEVEL:12:__________\n_...K..3._\n_.f.k...._\n_kkkk...._\n_...kgkkk_\n_........_\n_G10...b._\n_.....B12_\n_K14..F13_\n__________
LEVEL:13:__________\n_..Bwwlll_\n_b.1wwlll_\n_..2wwlll_\n_...wwlll_\n_...wwlll_\n_W16....._\n_....F13._\n_s...wwwf_\n__________
LEVEL:14:__________\n_G10gl.f._\n_.aagl.l._\n_.R.gg.ll_\n_.b..gggl_\n_...a...a_\n_..r....5_\n_B12.1..._\n_F13a.L16_\n__________
LEVEL:15:__________\n_bW12..Fr_\n_........_\n_w.w.w..S_\n_.s...s.1_\n_..w.www4_\n_B.3s1..._\n_1.w.w..._\n_2.....Rf_\n__________
LEVEL:16:__________\n_bW12..Fr_\n_........_\n_w.w.w..S_\n_.s...s.1_\n_..w.www4_\n_B.3s1..S_\n_1.w.w..._\n_2.....Rf_\n__________
LEVEL:17:__________\n_.f......_\n_.......3_\n_kkkkgkkk_\n_...g.g.._\n_K14k.k.._\n_...k.kkk_\n_B12k..b._\n_F13....._\n__________
LEVEL:18:____________________\n_B.S14.O16.R15.B12._\n_1.F13.G16.V17....._\n_.Sv..............._\n_Rggggggggggggggggg_\n_1ggggggggggggggggg_\n_.F......gggggggggg_\n_ooo.......gggggggg_\n_wwwoo.......gggggg_\n_wwwwwoo.......gggg_\n_wwwwwwwoo..r......_\n_wwwwwwwwwoo.b....._\n_wwwwwwwwwwwooaaaaa_\n____________________
LEVEL:19:_________________\n_F13w.f.w.a...rw_\n_.a.wa...b.a.a.w_\n_wwrwwwww..wwwww_\n_...a...a....a.._\n_wwwwww.wwwwwwww_\n_.a.........ar.._\n_www.wwwwwwwwwww_\n_.a...a......ba._\n_..b......a....._\n_wwwwwwwwww.war._\n_k...a.....awwww_\n_wwwwwwwwwwwwB14_\n_R16wW16wK12wB17_\n_________________
LEVEL:20:__________\n_...s.V12_\n_v..s...._\n_..sssfss_\n_..s..s.._\n_F..s..s._\n_1.....s._\n_3..S14.._\n_........_\n__________
LEVEL:21:____________________\n_.Laallgg.......BG._\n_.1aallgg.......11._\n_.8aallgg.......90._\n_..aallgg.........._\n_..9allgg.......v.._\n_..aallgg.......V.._\n_b.2allgg.......1.._\n_llllllgg.......3.._\n_llllllgg.........._\n_gggggggg.........._\n_gggggggg.......B12_\n____________________
LEVEL:22:__________\n_........_\n_...b...._\n_........_\n_F......._\n_1.B.f..._\n_3.1....._\n_..2....._\n_........_\n__________
LEVEL:23:__________\n_........_\n_B...b..._\n_1......._\n_2......._\n_........_\n_..3...f._\n_F1....f._\n_........_\n__________
LEVEL:24:__________\n_S13....._\n_.......f_\n_...r...3_\n_........_\n_........_\n_F14..R12_\n_........_\n_......s._\n__________
LEVEL:25:_________________\n_....gg.....l..._\n_....gg.....l..._\n_....gg.....l..._\n_.b..gg.....l..._\n_....gg.....l..._\n_....gg.....l..._\n_....gg.....l..._\n_....gg.B12.l..f_\n_....gg.....l..._\n_K...gg.....l..._\n_B12.gg..k..l..._\n_....gg.....l..._\n_....gg.....l..._\n_....gg.G10.l..._\n_....gg.....l..._\n_....gg.....lF13_\n_....gg.....l..._\n_....gg.....lL14_\n_________________
LEVEL:26:__________\n_.ssss.s._\n_..ss.fv._\n_...as.v._\n_.F12.A.._\n_.....1.._\n_.....3.._\n_.ggg...._\n_.s......_\n__________
LEVEL:27:__________\n_glF13S12_\n_gksgggVV_\n_ggrrrrV2_\n_vggkgkVr_\n_vvgvvvVr_\n_vvvvvlVl_\n_vvvvvlVl_\n_vvvvl.fl_\n__________
LEVEL:28:__________\n_B12..VGF_\n_S.....1._\n_1.b.s35f_\n_4...sss._\n_........_\n_gggggggg_\n_...vv..._\n_........_\n__________
LEVEL:29:__________\n_V.2a..12_\n_B12avF.._\n_bv.a...._\n_aaaaaaaa_\n_...a...._\n_..2a.A.._\n_A16a1..._\n_.1.a2f3._\n__________
LEVEL:30:__________\n_K17....._\n_......O._\n_k.vwww.._\n_...wow.k_\n_...www.._\n_KV..W16._\n_11.O1.3._\n_42..k..._\n__________
LEVEL:31:___________________\n_B12w...ag...wG10._\n_wwww...gg...wW16._\n_..13...ga...wwwww_\n_.V15..agga......._\n_.R...araga.a....._\n_.....a.ggaaa....._\n_ggggggggaaaav...._\n_.v....agga......._\n_....b..aga......._\n_......agga......._\n___________________
LEVEL:32:__________\n_b.....f._\n_.....V12_\n_........_\n_F13....._\n_........_\n_........_\n_....v..._\n_........_\n__________
LEVEL:33:__________\n_........_\n_...bV12._\n_........_\n_........_\n_.B13...._\n_........_\n_........_\n_...vv..._\n__________
LEVEL:34:__________\n_...V13.._\n_v......._\n_........_\n_......b._\n_....B12._\n_........_\n_..V15..._\n_........_\n__________
LEVEL:35:__________\n_..F1.3.._\n_llllllll_\n_..L14..._\n_........_\n_........_\n_........_\n_........_\n_bB12...f_\n__________
LEVEL:36:__________\n_B12.F13._\n_........_\n_...sss.._\n_.b.sfs.._\n_...s...._\n_...s...._\n_........_\n_........_\n__________
LEVEL:37:__________\n_s..S..a._\n_k.o....l_\n_.g....b._\n_L.g..b.w_\n_g.s..fs._\n_....B..l_\n_b...1r.._\n_G13.2b.._\n__________
LEVEL:38:__________\n_.Rrbll.f_\n_L18.lll._\n_.5..ll.r_\n_..r.ll.1_\n_..r.ll.l_\n_.F..ll.B_\n_B19.ll.1_\n_r3r....2_\n__________
LEVEL:39:__________\n_A.2...bg_\n_1.G.3.a._\n_wwg1W16._\n_..12B12b_\n_........_\n_........_\n_........_\n_........_\n__________
LEVEL:40:__________\n_b..lsllf_\n_...lslll_\n_.S.lslll_\n_L18lslll_\n_.6.ls..._\n_F......._\n_1......._\n_3.B12..._\n__________
LEVEL:41:____________________\n_llllllff........L._\n_lgggglff........1._\n_lbggglff........5._\n_lg..glff.........._\n_lG15glff.........._\n_llllllff.........._\n_ffffwww..........._\n_ffff.............._\n_.................._\n_.........F.3......_\n_..B12.....1......._\n_.................._\n_.........k........_\n_....K12..........._\n_.................._\n_.................._\n_................7._\n_.................._\n____________________
LEVEL:42:__________\n_f.k.k.kk_\n_.B12F13._\n_k......k_\n_...b...._\n_k......k_\n_........_\n_k......k_\n_.K14K17._\n__________
LEVEL:43:__________\n_ffffffff_\n_W16....._\n_Bk......_\n_1.k...k._\n_2...k..._\n_w..wwwww_\n_...k...._\n_Kk.....k_\n_1k...k.._\n_7......._\n_w..wwwww_\n_........_\n_F13...k._\n_K..k...._\n_1......._\n_4...kk.b_\n__________
LEVEL:44:__________\n_FWwwwwww_\n_11wb.fww_\n_36wwwwww_\n_G10wgkww_\n_wwwwwwww_\n_wBKwwwww_\n_w11wwwww_\n_b2.kwwww_\n__________
LEVEL:45:___________\n_.F.w..V.._\n_o1.w.o1.._\n_.4.w.o2.o_\n_wwww.o..._\n_.ov...oWw_\n_.ov.o..1w_\n_..o.O186w_\n_foo..wF13_\n___________
LEVEL:46:____________________\n_W........wwwwwwwww_\n_1wwwwwwwww......Kw_\n_6wK17ooowwR1.O.81w_\n_Kwkooo3oww..3.1.9w_\n_1wkoooooww.......w_\n_4wo1kbkowwaaaaw.ww_\n_Awooooooww.....ww._\n_1woooooowwb..w..w._\n_9wwwwwwwwww.sw.ww._\n_Awwwwwwwwwwwlwwww._\n_1wb.....ww......w._\n_4wwwww.www.b.R..w._\n_Sw......ww.r.1..w._\n_1ww.wwwwww...5L.w._\n_4wrrrrrrww....1.w._\n_Bwrrfrrrww....8.w._\n_1wwwwwwwwwwwwwwww._\n_9R19F13L18R14B12.._\n____________________
LEVEL:47:______\n_fr.b_\n_F13w_\n_gggg_\n_wwww_\n_F17w_\n_R15w_\n_G10W_\n_B121_\n_W16W_\n______
LEVEL:48:__________\n_WSLlllll_\n_111llllk_\n_556llK12_\n_lllllB17_\n_lllllK1._\n_lllkklll_\n_lllwwlll_\n_FllssllF_\n_1......1_\n_3......3_\n_f......f_\n_........_\n_........_\n_oooggooo_\n_..o..o.._\n_GBo..oOS_\n_11ob.o11_\n_89o..o58_\n__________
LEVEL:49:____________________\n_Wwvvvvvvvfvvvvvvvv_\n_1wvvvvvvv.vvvvvvvv_\n_6wvvvvvvv.vvvvvvvv_\n_Fwvvvvvvv.vvvvvvvv_\n_1wvvvvvvv.vvvvvvvv_\n_3wvvvvvvvvvvvvvvvv_\n_Vwvvvvvvvvvvvvvvvv_\n_1wvvvvvvvvvvvvvvvv_\n_4wvvvvvvvvvvvvvvvv_\n_wwvvvvvvvvvvvvvvvv_\n_..............s..._\n_......r.r.....sS.._\n_...b..rrr.....s1.._\n_..B12..R......s4.._\n_.......1......s..._\n_.......5..O1O.s..._\n_..............w..._\n_..............w..._\n____________________
LEVEL:50:_______\n_bB12._\n_...F._\n_.fR15_\n_...3._\n_.r..._\n_______
LEVEL:51:________\n_rrrrrr_\n_rrrrrr_\n_rrbrrr_\n_rr.rRr_\n_r..B12_\n_r.3.6._\n________
LEVEL:52:____________\n_v......V12_\n_...f.....F_\n_.R.....b.1_\n_B12......3_\n_...S.S14.._\n____________
LEVEL:53:__________\n_bB1...2._\n_..fR1SF._\n_1...31s._\n_3.r..2.1_\n__________
LEVEL:54:_________\n_......._\n_....b.._\n_....s.._\n_......F_\n_.B12..1_\n_......3_\n_...S121_\n_________
LEVEL:55:____________\n_.........._\n_.b..S....._\n_.....712.._\n_.....O...._\n_.B........_\n_...b.....F_\n_.........1_\n_GokK12...3_\n_V......B1._\n_r........R_\n____________
LEVEL:56:________\n_......_\n_.b...._\n_......_\n_......_\n_.S...._\n_.1...._\n_.BB123_\n_.s...3_\n________
LEVEL:57:____________\n_B1.B.....B_\n_R1.......1_\n_..5....S12_\n_.........._\n_.r.....b.._\n_...L......_\n_......1..F_\n_..f......1_\n_......s..4_\n_F13......._\n____________
LEVEL:58:_______\n_F.B12_\n_1b..._\n_3...f_\n_..k.._\n_K17.._\n_______
LEVEL:59:____________\n_B12w.....S_\n_K12w.....1_\n_F16w....7._\n_wwww......_\n_G1........_\n_1.....s..._\n_.0.3.sbs.._\n_g.....s..g_\n_gg......gg_\n_ggg....ggg_\n____________
LEVEL:60:____________\n_B12......S_\n_Br.......1_\n_R..f.....F_\n_.........1_\n_G1.......3_\n_1.....s.f._\n_.0.3.sbs.F_\n_g.....s..g_\n_gg..13..gg_\n_ggg....ggg_\n____________
LEVEL:61:_________\n_.....B8_\n_......._\n_...R..._\n_..o1..._\n_......._\n_....B.._\n_......._\n_....rs._\n_..1SF.._\n_fB31s.._\n_F112o.._\n_......._\n_________
LEVEL:62:________\n_......_\n_......_\n_......_\n_......_\n_......_\n_......_\n_..B..._\n_..1..._\n_..2F13_\n_..b..._\n_......_\n_......_\n_f.F15._\n_......_\n_......_\n________
LEVEL:63:_____________\n_.....2....._\n_.b...F....._\n_....w.712.._\n_.B....O...._\n_....S.....F_\n_........S.1_\n_.....K12..._\n_.b.W......._\n_........s.._\n_.....B12s3k_\n_..........k_\n_____________
LEVEL:64:_________\n_Fw.f.wB_\n_1w...w1_\n_3wwwww2_\n_......._\n_..W16.._\n_......._\n_...b..._\n_________
LEVEL:65:____________\n_B13......F_\n_....f....1_\n_rrrR1Rrrr2_\n_........b._\n____________
LEVEL:66:____________\n_F13wwwwK14_\n_w.o.okofow_\n_wo.o.o.o.w_\n_wko.o.o.ow_\n_wo.o.o.o.w_\n_w.o.o.o.ow_\n_wo.o.o.okw_\n_w.o.o.o.ow_\n_wo.obo.o.w_\n_K17wwwwB12_\n____________
LEVEL:67:____________\n_.........._\n_llllllll.._\n_.....r...._\n_.........._\n_..b..r...._\n_.........._\n_gggggggg.._\n_W13..G17.._\n_.........._\n_B12......._\n____________
LEVEL:68:___________\n_B12w....._\n_wwww.brk._\n_.R......._\n_........._\n_ggggggggg_\n_.1......._\n_.5......._\n_........._\n_.K......._\n_........._\n_ggggggggg_\n_........._\n_......ooo_\n_wwww..ofo_\n_W16w..ooo_\n_G10w..F13_\n___________
LEVEL:69:__________\n_k....b.._\n_w....o.o_\n_sB123ggg_\n_.fR.oo.o_\n_.....bg._\n_.r..f..._\n_.s.bs..k_\n_..sg.www_\n__________
LEVEL:70:__________\n_...12..._\n_...r.ooo_\n_2...B11O_\n_......31_\n_s2.3...2_\n_........_\n_..R1..F1_\n_.....S14_\n__________
LEVEL:71:_______________\n_.l..gL16g..l._\n_.l..ggggg..l._\n_............._\n_............._\n_..l.......l.._\n_..l.......l.._\n_3....G10....3_\n_..l.......l.._\n_..l.......l.._\n_............._\n_............._\n_.l..ggggg..l._\n_.l..gL12g..l._\n_______________
LEVEL:72:__________\n_.kSFr..._\n_vbR1Sbb._\n_g..31skB_\n_r...2so8_\n_bss...a4_\n_FR...aa._\n_S1o....w_\n_W6R11oof_\n__________
LEVEL:73:__________\n_........_\n_....V12._\n_........_\n_........_\n_F.v.v..._\n_1..v...._\n_3......._\n_....f..._\n__________
LEVEL:74:__________\n_........_\n_....V12._\n_..v.v..._\n_..vvv..._\n_F.v.v..._\n_1..v...._\n_3......._\n_....f..._\n__________
LEVEL:75:__________\n_.....B12_\n_.W.14..._\n_.1wwwww._\n_.6wf..w._\n_..w..kw._\n_F.wwwww._\n_1......._\n_3...bK17_\n__________
LEVEL:76:____________\n_K..w.kwK14_\n_1...okkfow_\n_7...B12o.w_\n_s.k......._\n_.....R...._\n_w.www..W16_\n_w........._\n_..b...r..k_\n_w........._\n_..kwwwF13._\n____________
LEVEL:77:____________\n_K.kw.kwK14_\n_1...okkfo._\n_7.o.A12o.w_\n_s.2..r.o.._\n_.....R...._\n_w.www..W16_\n_w...o..o.._\n_..b...rbak_\n_w...5...o._\n_b.fwwwF13._\n____________
LEVEL:78:__________\n_...12..._\n_...rg1.._\n_........_\n_.s..wk2g_\n_F12.V7f._\n_w.F.v..._\n_3R25K..._\n_..v....._\n__________
LEVEL:79:__________\n_W16..R15_\n_.....R13_\n_..R....._\n_B1B12.ww_\n_......wr_\n_......ww_\n_........_\n_b....R19_\n__________
LEVEL:80:__________\n_W16..R15_\n_.....R13_\n_..R....._\n_B1B12.ww_\n_......wr_\n_......ww_\n_...R...._\n_bB1..R19_\n__________
LEVEL:81:__________\n_B1B....f_\n_1......._\n_2......._\n_........_\n_........_\n_.......F_\n_.......1_\n_b......3_\n__________
LEVEL:82:__________\n_V1V....B_\n_.......1_\n_V1.....2_\n_..F....._\n_........_\n_........_\n_........_\n_bv....7F_\n_.......1_\n_.......3_\n_wwwwwwww_\n_.v....W._\n_......1._\n_f.....6._\n__________
LEVEL:83:__________\n_B12..F13_\n_........_\n_........_\n_........_\n_.b....f._\n_........_\n_........_\n_........_\n__________
LEVEL:84:__________\n_.K14.B12_\n_.fow...._\n_2o.w...3_\n_..1.W..w_\n_..4...k._\n_....rr.._\n_........_\n_....bK17_\n__________
LEVEL:85:__________\n_l......._\n_...b...._\n_L1B....._\n_..1....._\n_..2F...._\n_.b.bB1Br_\n_........_\n_.f....13_\n__________
LEVEL:86:__________\n_bF132..G_\n_....g1.1_\n_..B12AO._\n_.RF13wwr_\n_a12....._\n_o.....WF_\n_......F1_\n_.....f.._\n__________
LEVEL:87:__________\n_W16w..s._\n_...wF..._\n_...w1..._\n_...w3..._\n_r..w...._\n_...wR.b._\n_S14wB12._\n_.1Fw...r_\n__________
LEVEL:88:__________\n_W16w..s._\n_.14wF..._\n_F..w1..._\n_...w3..._\n_..rw...._\n_...wR.b._\n_S14wB12._\n_.1Fw...r_\n__________
LEVEL:89:__________\n_........_\n_WW..W16._\n_11b.B12._\n_9W......_\n_........_\n_FL...www_\n_11...wll_\n_38...wlf_\n__________
LEVEL:90:________________\n_K17..........._\n_1....3........_\n_.4w.k...Ww...._\n_..l.....1....._\n_..lw.k.76Ww..._\n_..l..........._\n_lllllllll....._\n_......ll......_\n_.............._\n_b............._\n_L14........B12_\n________________
LEVEL:91:__________\n_...K.3.._\n_.f.k...._\n_kkkk...._\n_...kgkkk_\n_........_\n_G10...b._\n_.....B12_\n_K14..F13_\n__________
LEVEL:92:__________\n_.....b.s_\n_FBs....s_\n_f13....s_\n_.2..rrrr_\n_...r...._\n_...r.RF._\n_...r.11._\n_S14r.5.._\n__________
LEVEL:93:__________\n_.B1..ww._\n_s..S...f_\n_.w1ww4.._\n_.w.SF..1_\n_1.4.Bw.4_\n_3bww3w.._\n_.......s_\n_.W12.s.._\n__________
LEVEL:94:__________\n_........_\n_B12....._\n_S16....._\n_K13.b..._\n_G16....._\n_F16..v.v_\n_.....vsv_\n_V16..vkf_\n__________
LEVEL:95:___________\n_s...f...s_\n_.k.....k._\n_..k...k.._\n_...k.k..._\n_....k...._\n_....S14.._\n_........._\n_K17...K14_\n_B12.b.F13_\n___________
LEVEL:96:__________\n_.B1.sF13_\n_S142s..._\n_...fs..._\n_sssss..._\n_........_\n_.....17._\n_.B12..b._\n_........_\n__________
LEVEL:97:_________\n_....F13_\n_......._\n_..K...._\n_..1...._\n_.f2...._\n_......._\n_k......_\n_________
LEVEL:98:__________\n_........_\n_...F13.._\n_........_\n_.......v_\n_B.....a._\n_1......._\n_2..O...._\n_..k.fb.S_\n__________
LEVEL:99:__________\n_B12.gggf_\n_F13agggg_\n_R15.gggg_\n_G10.gggg_\n_.a......_\n_..r..rr._\n_..rrrrrr_\n_b..rr..._\n__________
LEVEL:100:__________\n_........_\n_........_\n_.B...k.._\n_1......._\n_wwwvwwww_\n_.b......_\n_........_\n_.....3.._\n_...K...._\n_....1..._\n_..7....._\n_........_\n_.......V_\n_.......1_\n_B12..W14_\n__________
LEVEL:101:__________\n_....B12b_\n_....b..._\n_.......F_\n_...1...1_\n_......12_\n_........_\n_gb...f.._\n_g......._\n_g1..Rr.._\n_gfRf12.k_\n_G.f36..._\n_.b.15..F_\n_G.f....1_\n_.......4_\n_K13....._\n__________
LEVEL:102:__________\n_........_\n_........_\n_.bf....._\n_......B._\n_......1._\n_.F13..2._\n_........_\n_........_\n__________
LEVEL:103:___________\n_oLoLBLoLo_\n_o1o111o1o_\n_w8w828w8w_\n_ooo131ooo_\n_L18oboooo_\n_oooowoOoo_\n_L18oWoL18_\n_oooo1oooo_\n_L14o6oo1L_\n___________
LEVEL:104:_______________\n_B12wwW16.F.13_\n_K14ww.......k_\n_1bG.w.....k.._\n_7.1ww.w.....k_\n_f.4ww.....k.._\n_gggww..k....._\n_gggwwk......._\n_gggww..k....._\n_gggwwk......._\n_k..www..k...k_\n_..k..www..k.._\n_k......w...kw_\n_wwwwww...wwww_\n_______________
LEVEL:105:___________\n_B19L18F13_\n_1wwwwwwwW_\n_2w..b..w1_\n_ww.....w6_\n_..A....wA_\n_a.1.a..w1_\n_...5...w9_\n_.llllllll_\n_.llllllll_\n_.....l..._\n_.V1.vl.f._\n_.1...l..._\n_..2.lllll_\n___________
LEVEL:106:__________\n_.f......_\n_........_\n_kkkkkgkk_\n_B12....._\n_........_\n_G10....._\n_..F13..._\n_......b._\n__________
LEVEL:107:__________\n_.....L14_\n_.llK14wF_\n_.Wrb...1_\n_.ww....3_\n_.ww....._\n_.R1....._\n_........_\n_.1F..B12_\n__________
LEVEL:108:__________\n_b....V.B_\n_.....1.1_\n_..3..9.2_\n_.F...s.._\n_S14sss.._\n_........_\n_........_\n_....f..k_\n__________
LEVEL:109:______________\n_l.bFk...l..._\n_l.B12...l..._\n_l.k42....l.._\n_ll...R..rl2._\n_.1l......l.._\n_..llKl.lll.._\n_.k..1......._\n_....8.f..4.._\n_..2........._\n_..F1.9..K12._\n_...3........_\n_............_\n______________
LEVEL:110:__________\n_B12...fO_\n_...3...._\n_.b......_\n_F......o_\n_1......l_\n_L1......_\n_3......._\n_........_\n__________
LEVEL:111:__________\n_.2......_\n_S..b...._\n_..B....._\n_ww1....._\n_W1......_\n_.F12ss.._\n_....B123_\n_.f.....3_\n__________
LEVEL:112:__________\n_b....F13_\n_l..W16.._\n_llwlllll_\n_.....V.._\n_gggG..12_\n_v.g1.L18_\n_f.g0...._\n_ggg..B12_\n__________
LEVEL:113:______\n_...._\n_.r.._\n_...f_\n_R12._\n_..F._\n_..1._\n_..3._\n_...._\n_...._\n______
LEVEL:114:___________\n_B12aab..._\n_.......A._\n_.......1._\n_F13....7._\n_ggggggggg_\n_ggwwwwwgg_\n_www.f.www_\n_W16.k.G14_\n___________
LEVEL:115:__________\n_........_\n_........_\n_..F12..._\n_........_\n_....31A._\n_fff....._\n_..f....._\n_a.f....._\n__________
LEVEL:116:__________\n_........_\n_.......o_\n_..f....._\n_........_\n_...K13.._\n_.r.g..B._\n_..w...1._\n_...b..2k_\n__________
LEVEL:117:__________\n_B1.awB12_\n_f.o..12._\n_b....rg1_\n_1......._\n_3..Rrr.5_\n_....r..l_\n_g7.w.Ar._\n_K2.k..or_\n__________
LEVEL:118:__________\n_B12..F13_\n_1......._\n_9......._\n_..rb.9.._\n_........_\n_..R..5.._\n_..1....v_\n_V18...vf_\n__________
LEVEL:119:__________\n_b......B_\n_..1.R..1_\n_.R...5.2_\n_........_\n_.0.rrr.._\n_gggggggg_\n_gg...G10_\n_fg...F13_\n__________
LEVEL:120:__________\n_........_\n_S12.B..._\n_S..1..2._\n_........_\n_K.....s._\n_...b...._\n_........_\n_3......._\n__________
LEVEL:121:__________\n_........_\n_.b......_\n_..B....._\n_..1....._\n_..2....._\n_..3....._\n_.Ss....._\n_........_\n__________
LEVEL:122:__________\n_b......._\n_........_\n_...f...._\n_B......._\n_1......._\n_2......._\n_l......._\n_ff.lF13._\n__________
LEVEL:123:__________\n_....B12._\n_....F13._\n_k.b....._\n_....K1.._\n_....fR.._\n_........_\n_........_\n_....r..._\n__________
LEVEL:124:__________\n_........_\n_...b...._\n_........_\n_........_\n_..B...F._\n_..1...1._\n_..2...3._\n_........_\n_........_\n_.......f_\n_........_\n__________
LEVEL:125:__________\n_........_\n_b......._\n_........_\n_...r...._\n_..R12..._\n_.....F.f_\n_.....1.._\n_.....3.._\n__________
LEVEL:126:__________\n_..B12..._\n_........_\n_....F..._\n_..fR15.._\n_b...3..._\n_........_\n_........_\n_..r....._\n__________
LEVEL:127:__________\n_F13....._\n_........_\n_........_\n_.b......_\n_........_\n_...B12.._\n_........_\n_f......._\n__________
LEVEL:128:__________\n_....LLLr_\n_1...LLL._\n_F......._\n_.......F_\n_.......1_\n_.......3_\n_..Rb...._\n_.....B12_\n__________
LEVEL:129:__________\n_......13_\n_..W16..._\n_...B1B.._\n_..B1...._\n_..12...._\n_wwb....._\n_........_\n_........_\n__________
LEVEL:130:_______________\n_......w......_\n_......r..R15._\n_..g.ggr.w...._\n_..g...r...w.._\n_g.rrr.rrk...._\n_.....rK14...._\n_.r.w...r..k.._\n_..r.w.r..ggrg_\n_.bwwwwr.W16r._\n_.wr.rrrwr..k._\n_.w...gw.r..k._\n_.w.f.g..r...._\n_.wr.....r...._\n_B12G10..r.F13_\n_______________
LEVEL:131:_______________\n_......w......_\n_......r..R15._\n_..g.ggr.w...._\n_..g...r...w3._\n_g.rrr.rrk...._\n_.....rK14...._\n_.r.w...r..k.._\n_..r.w.r..ggrg_\n_.bwwwwr.W16r._\n_.wr.rrrwr..k._\n_.w...gw.r..k._\n_.w.f.g..r...._\n_.wr.....r...._\n_B12G10..r.F13_\n_______________
LEVEL:132:__________\n_.......f_\n_........_\n_.k......_\n_..k....._\n_b..k...._\n_.....F13_\n_B12....._\n_........_\n__________
LEVEL:133:__________\n_........_\n_........_\n_llllllll_\n_L.....B._\n_1...b.1._\n_8.....9._\n_........_\n_B12..F13_\n__________
LEVEL:134:_______________\n_b........wF19_\n_G.R.B.R.SwV18_\n_1.R.1.1.1wV17_\n_6.R.2.5.6wF13_\n_...r.r...wW16_\n_.........wG1G_\n_....g....wS1S_\n_wwwwswwwwwwww_\n_vg..f..svw..._\n_______________
LEVEL:135:__________\n_......F._\n_f......o_\n_..b....f_\n_......R._\n_.r....11_\n_.1OB12.._\n_1..b...._\n_3......._\n__________
LEVEL:136:__________\n_........_\n_b.....b._\n_.....b.._\n_...r...._\n_..R12..._\n_.....F.f_\n_.b...1.._\n_.....3.._\n__________
LEVEL:137:__________\n_F13....._\n_........_\n_........_\n_.b......_\n_........_\n_.....B12_\n_........_\n_f......._\n__________
LEVEL:138:__________\n_......BF_\n_.b....11_\n_....R.23_\n_1..5.r.._\n_.....r.._\n_gggggggg_\n_gggggggg_\n_gggggfgg_\n__________
LEVEL:139:__________\n_V.2a..12_\n_B12avF.._\n_bv.a...._\n_aaaaaaaa_\n_...a...._\n_r.Ra.A.._\n_A16a1..._\n_A1032f3._\n__________
LEVEL:140:__________\n_F13....f_\n_....llV._\n_....ll1l_\n_....ll2l_\n_...lll.l_\n_...lllll_\n_.v......_\n_........_\n__________
LEVEL:141:__________\n_........_\n_F12....._\n_....3..._\n_....V1.._\n_........_\n_........_\n_...f.l.v_\n_.....l.._\n__________
LEVEL:142:__________\n_....w.b._\n_....w..w_\n_B13.w.ww_\n_........_\n_F12.fff._\n_........_\n_....W15._\n_........_\n__________
LEVEL:143:__________\n_G......._\n_1..L14.._\n_0......F_\n_.......1_\n_.b.....3_\n_ggg....._\n_llg.B12._\n_fl......_\n__________
LEVEL:144:__________\n_bB1...2._\n_..fR1SF._\n_1...31s._\n_3.s..2.1_\n__________
LEVEL:145:__________\n_......wf_\n_W15..w.._\n_.....w.w_\n_.B12w.w._\n_.....w.._\n_...b..ww_\n_F13...w._\n_......w._\n__________
LEVEL:146:____________\n_A18wa....._\n_B19ww..a.._\n_1ssswa..a._\n_2K13wV13a._\n_wwwww..a.._\n_aaaaa...a._\n_a....aaVav_\n_..aa.aa1av_\n_a.ba.a.8av_\n_aaaa...akv_\n____________
LEVEL:147:__________\n_...w..w._\n_..w.fw.._\n_V12..v.w_\n_....w.w._\n_..ww...w_\n_F13.w.v._\n_.b.v...._\n_....W15._\n__________
LEVEL:148:__________\n_.....w.._\n_F13v...._\n_..V1..w._\n_.b..2..._\n_.W15...w_\n_.w...w.._\n_....w..._\n_B12.w.f._\n__________
LEVEL:149:__________\n_fwwwwwGF_\n_ggwwww11_\n_ggrwww03_\n_g...wwwW_\n_r....ww1_\n_.W19.R16_\n_.O18.1ww_\n_bB12b5.w_\n__________
LEVEL:150:__________\n_.......4_\n_.b..v.gb_\n_..lBOrv._\n_O131..F._\n_.sf2..f._\n_..w...bl_\n_...g.v.._\n_A.of.f.9_\n__________
LEVEL:151:__________\n_.B......_\n_.1..F13O_\n_.2bR...._\n_........_\n_......a._\n_........_\n_........_\n_...f...._\n__________
LEVEL:152:____________________\n_BWw..............._\n_11w.....G10......._\n_26w..wwwwwwww....._\n_www..woooooow....._\n_.....wooR15ow....._\n_.....woooooow....._\n_.....woborrow....._\n_.....woooooow....._\n_..wwwwwggggwwwww.._\n_..w............w.._\n_..w............w.._\n_..w............w.._\n_..wggg.........w.._\n_..wggg.....F13.w.._\n_..wfgg.........w.._\n_..wwwwwwwwwwwwww.._\n_.................._\n_.................._\n____________________
LEVEL:153:__________\n_L1.....O_\n_1......1_\n_8......9_\n_........_\n_F15.V12._\n_w.l.Kv.._\n_3.2.V..k_\n_.......k_\n__________
LEVEL:154:__________\n_B1gg..kb_\n_...v...._\n_......f3_\n_a3V12..._\n_........_\n_.g......_\n_K1.G...._\n_B1...F13_\n__________
LEVEL:155:__________\n_B12..G10_\n_...f...._\n_........_\n_gggggggg_\n_b......._\n_.....r.._\n_........_\n_F13..R15_\n__________
LEVEL:156:__________\n_.R.bll.f_\n_L18.lll._\n_.5..ll.r_\n_..r.ll.1_\n_..r.ll.l_\n_.F..ll.B_\n_B19.ll.1_\n_.3.....2_\n__________
LEVEL:157:__________\n_V12.r..._\n_R.rr2rw._\n_1r....wg_\n_4.ggrrwv_\n_gggF13aa_\n_r.gggggg_\n_a..rarar_\n_fargrara_\n__________
LEVEL:158:__________\n_B12..G10_\n_........_\n_gg..b.1._\n_Fgsr.r5._\n_.gsr.R.._\n_.gs....._\n_.gssss.._\n_.13S141F_\n__________
LEVEL:159:__________\n_B12..G10_\n_sss....._\n_gg..b.1._\n_Fgsr.r5._\n_.gsr.R.._\n_.gs....._\n_.gssss.._\n_.13S141F_\n__________
LEVEL:160:__________\n_kBK.w.b._\n_..1ww..._\n_..2w...._\n_wwww..V._\n_......1._\n_......3._\n_W18....._\n_.....B19_\n__________
LEVEL:161:__________\n_BK13gggG_\n_1rrrggR1_\n_2rbrgR16_\n_.rrrgg7g_\n_.ggggrgg_\n_.ggggggg_\n_.g..rggr_\n_.r.r.r.k_\n__________
LEVEL:162:__________\n_bwawaB12_\n_wawawawa_\n_awawawaw_\n_wawawawa_\n_awawawaw_\n_wawawawa_\n_awawawaw_\n_F13awawf_\n__________
LEVEL:163:__________\n_........_\n_.aaaaa.1_\n_.aabaa.3_\n_.aaaaa.._\n_........_\n_.A......_\n_.1......_\n_.2...B12_\n__________
LEVEL:164:__________\n_KRg...rs_\n_11.g..rr_\n_45.gg..._\n_.B13g..._\n_....wS12_\n_L...l..._\n_1.kkl.k._\n_0b.ll.k._\n__________
LEVEL:165:__________\n_VB12...3_\n_1o..o..._\n_4o..vK16_\n_oo.o...._\n_vobo.kk._\n_..o....._\n_..v..v.._\n_........_\n__________
LEVEL:166:__________\n_wfkwwwww_\n_lwwlwwlw_\n_sllsllsl_\n_.s......_\n_....b.s._\n_W16F13.._\n_..B19S14_\n_L18..B12_\n__________
LEVEL:167:__________\n_kk.k.kkk_\n_llo..o.k_\n_.lo..o.k_\n_.loooo.k_\n_.llll..k_\n_..looooo_\n_..lollll_\n_..lollll_\n_....llll_\n_........_\n_........_\n_L16....._\n_........_\n_........_\n_BK13...._\n_1......._\n_2.K17..._\n_b......._\n__________
LEVEL:168:_____________\n_..wwB12ww.._\n_..........._\n_..wwrwrww.._\n_..w.....w.._\n_W.Rw.b.wR.B_\n_1.w.....w.1_\n_6.w.....w.2_\n_w.w.......w_\n_w1.ww.ww.1w_\n_.........3._\n_..wwR15w..._\n_____________
LEVEL:169:_____________\n_B12F13fL17._\n_..........._\n_l.l.ll.ll.._\n_..........._\n_l.l..l..l.._\n_l..l..l...._\n_.l.....l.l._\n_ll.l.l.l..l_\n_..........._\n_..........._\n_b...B19.L18_\n_____________
LEVEL:170:__________\n_..b....._\n_B12.www._\n_K1.w.k.w_\n_...w...w_\n_....w.wF_\n_....wfw1_\n_.....w.3_\n_W17....._\n__________
LEVEL:171:_____________\n_B12S14F13ww_\n_S17O14W16bw_\n_wwwwwwwww.w_\n_wwwwww..osw_\n_wwwww..os.w_\n_wwww...so.w_\n_www...so..w_\n_ww.....so.w_\n_w......os.w_\n_........osw_\n_.......os.w_\n_w......so.w_\n_ww....so..w_\n_www....so.w_\n_wwww...os.w_\n_wwwww...osw_\n_wwwwww.os.w_\n_wwwwwwwwwfw_\n_____________
LEVEL:172:____________________\n_S16.........wwww.._\n_............wBFw.._\n_............w11w.._\n_............w23w.._\n_............wwww.._\n_...wwwwwwwww......_\n_...wosooooow......_\n_...wooooooow......_\n_...wooobosow......_\n_...wsooooosw......_\n_...woosoooow......_\n_...wwwwwwwww......_\n_.................._\n_.......f.........._\n_.................._\n_.................._\n_.................._\n_.................._\n____________________
LEVEL:173:__________\n_B12oo.b._\n_ooooo.F._\n_sosoo.1._\n_ofooo.3._\n_sosoo..._\n_oooooooo_\n_ooooO14o_\n_oooooooo_\n__________
LEVEL:174:____________________\n_wwowwf....Kwbwwow._\n_wB12wwF13.1w.wooWw_\n_wwbww.o.oA12.oo.1w_\n_LRwwV....o3o.wwo6r_\n_11.Br1......kwwwwg_\n_451.3..llll..wwwgg_\n_..4lwgwlllllllwwwg_\n_llllwvwllllllwK17w_\n____________________
LEVEL:175:__________\n_bsfgalro_\n_kwoBSFWA_\n_ROKGV213_\n_6750489w_\n_w.....ww_\n_w.wwwwWw_\n_w...vw1w_\n_B12V136w_\n__________
LEVEL:176:____________________\n_W........wwwwwwwww_\n_1wwwwwwwww......Kw_\n_6woooooowwR1.O.81w_\n_Kwooo3koww..3.1.9w_\n_1wkoooooww.......w_\n_4wo1kbkowwaaaaw.ww_\n_Awooooooww....oww._\n_1wK17ooowwb..woow._\n_9wwwwwwwwww.swoww._\n_Awwwwwwwwwwwlwwww._\n_1wb.....ww......w._\n_4wwwww.www.b.R..w._\n_Sw......ww.r.1..w._\n_1ww.wwwwww...5L.w._\n_4wrrrrrrww....1.w._\n_Bwrrfrrrww....8.w._\n_1wwwwwwwwwwwwwwww._\n_9R19F13L18R14B12.._\n____________________
LEVEL:177:__________\n_........_\n_S2..B12._\n_w...s..._\n_...7wooo_\n_.1.vooVo_\n_.3vbW1.6_\n_...voo2o_\n_V14.oO16_\n__________
LEVEL:178:____________________\n_WR1R.....wwwwwwwww_\n_1wwwwwwwww......Kw_\n_6wK17ooowwR1.O.81w_\n_Kwkooo3oww..3.1.9w_\n_1wkoooooww.......w_\n_4wo1kbkowwaaaaw.ww_\n_Awooooooww.....ww._\n_1woooooowwb..w..w._\n_9wwwwwwwwww.sw.ww._\n_Awwwwwwwwwwwlwwww._\n_1wb.....ww......w._\n_4wwwww.www.b.R..w._\n_Sw......ww.r.1..w._\n_1ww.wwwwww...5L.w._\n_4wrrrrrrww....1.w._\n_Bwrrfrrrww....8.w._\n_1wwwwwwwwwwwwwwww._\n_9R19F13L18R14B12.._\n____________________
LEVEL:179:__________\n_KF13K1K._\n_1f......_\n_4.wwwwwk_\n_B.wK1b.._\n_1.waA.6._\n_2WwvV.2._\n_w1wgG.0._\n_w6wlL.8._\n__________
LEVEL:180:____________________\n_S14W16...........V_\n_B12V18ww.........1_\n_G14S19..w........5_\n_.w.w..ww.........._\n_...www............_\n_.................._\n_.................._\n_....wwwwsw........_\n_...w.vb..w........_\n_..w..b...w........_\n_...w..b..w........_\n_....wwwwww........_\n_.................._\n_...O15........gggg_\n_...F13....gggggggg_\n_.........gggoooooo_\n_......ggggggoooooo_\n_..ggggggggggooooof_\n____________________
LEVEL:181:____________\n_L.kwB..K1r_\n_w.r..3.fos_\n_wS1.....s1_\n_g.r.W1..s4_\n_W.b......._\n_kk..rb.ff5_\n_9.B12....G_\n_.b.f.swgw1_\n_g.o...oO.0_\n_v.wwoRF1.f_\n____________
LEVEL:182:__________\n_K14....._\n_1k..k..._\n_.boL..k._\n_.A15..aa_\n_.b....b._\n_k...F.k._\n_..k.1..._\n_B12.lf13_\n__________
LEVEL:183:____________________\n_Wwvvvvvvvfvvvvvvvv_\n_1wvvvvvvv.vvvvvvvv_\n_6wvvvvvvv.vvvvvvvv_\n_Fwvvvvvvv.vvvvvvvv_\n_1wvvvvvvv.vvvvvvvv_\n_3wvvvvvvvvvvvvvvvv_\n_Vwvvvvvvvvvvvvvvvv_\n_1wvvvvvvvvvvvvvvvv_\n_4wvvvvvvvvvvvvvvvv_\n_wwvvvvvvvvvvwwwwww_\n_............r....._\n_............rRK.B._\n_...b..sss...r11.1._\n_..B12..S....r457.._\n_..B12..1....r....._\n_.......5....kw...._\n_.O1O........ww...._\n_............w....._\n____________________
BATCH:-1:0:0
BATCH:-1:1:1
BATCH:-1:2:2
BATCH:-1:3:3
BATCH:-1:4:4
BATCH:-1:5:5
BATCH:-1:6:6
BATCH:-1:7:7
BATCH:-1:8:8
BATCH:-1:9:9
BATCH:-1:10:10
BATCH:-1:11:11
BATCH:-1:12:12
BATCH:-1:13:13
BATCH:-1:14:14
BATCH:-1:15:15
BATCH:-1:16:16
BATCH:-1:17:17
BATCH:-1:18:18
BATCH:-1:19:19
BATCH:-1:20:20
BATCH:-1:21:21
BATCH:-1:22:22
BATCH:-1:23:23
BATCH:-1:24:24
BATCH:-1:25:25
BATCH:-1:26:26
BATCH:-1:27:27
BATCH:-1:28:28
BATCH:-1:29:29
BATCH:-1:30:30
BATCH:-1:31:31
BATCH:-1:32:32
BATCH:-1:33:33
BATCH:-1:34:34
BATCH:-1:35:35
BATCH:-1:36:36
BATCH:-1:37:37
BATCH:-1:38:38
BATCH:-1:39:39
BATCH:-1:40:40
BATCH:-1:41:41
BATCH:-1:42:42
BATCH:-1:43:43
BATCH:-1:44:44
BATCH:-1:45:45
BATCH:-1:46:46
BATCH:-1:47:47
BATCH:-1:48:48
BATCH:-1:49:49
BATCH:-1:50:50
BATCH:-1:51:51
BATCH:-1:52:52
BATCH:-1:53:53
BATCH:-1:54:54
BATCH:-1:55:55
BATCH:-1:56:56
BATCH:-1:57:57
BATCH:-1:58:58
BATCH:-1:59:59
BATCH:-1:60:60
BATCH:-1:61:61
BATCH:-1:62:62
BATCH:-1:63:63
BATCH:-1:64:64
BATCH:-1:65:65
BATCH:-1:66:66
BATCH:-1:67:67
BATCH:-1:68:68
BATCH:-1:69:69
BATCH:-1:70:70
BATCH:-1:71:71
BATCH:-1:72:72
BATCH:-1:73:73
BATCH:-1:74:74
BATCH:-1:75:75
BATCH:-1:76:76
BATCH:-1:77:77
BATCH:-1:78:78
BATCH:-1:79:79
BATCH:-1:80:80
BATCH:-1:81:81
BATCH:-1:82:82
BATCH:-1:83:83
BATCH:-1:84:84
BATCH:-1:85:85
BATCH:-1:86:86
BATCH:-1:87:87
BATCH:-1:88:88
BATCH:-1:89:89
BATCH:-1:90:90
BATCH:-1:91:91
BATCH:-1:92:92
BATCH:-1:93:93
BATCH:-1:94:94
BATCH:-1:95:95
BATCH:-1:96:96
BATCH:-1:97:97
BATCH:-1:98:98
BATCH:-1:99:99
BATCH:-1:100:100
BATCH:-1:101:101
BATCH:-1:102:102
BATCH:-1:103:103
BATCH:-1:104:104
BATCH:-1:105:105
BATCH:-1:106:106
BATCH:-1:107:107
BATCH:-1:108:108
BATCH:-1:109:109
BATCH:-1:110:110
BATCH:-1:111:111
BATCH:-1:112:112
BATCH:-1:113:113
BATCH:-1:114:114
BATCH:-1:115:115
BATCH:-1:116:116
BATCH:-1:117:117
BATCH:-1:118:118
BATCH:-1:119:119
BATCH:-1:120:120
BATCH:-1:121:121
BATCH:-1:122:122
BATCH:-1:123:123
BATCH:-1:124:124
BATCH:-1:125:125
BATCH:-1:126:126
BATCH:-1:127:127
BATCH:-1:128:128
BATCH:-1:129:129
BATCH:-1:130:130
BATCH:-1:131:131
BATCH:-1:132:132
BATCH:-1:133:133
BATCH:-1:134:134
BATCH:-1:135:135
BATCH:-1:136:136
BATCH:-1:137:137
BATCH:-1:138:138
BATCH:-1:139:139
BATCH:-1:140:140
BATCH:-1:141:141
BATCH:-1:142:142
BATCH:-1:143:143
BATCH:-1:144:144
BATCH:-1:145:145
BATCH:-1:146:146
BATCH:-1:147:147
BATCH:-1:148:148
BATCH:-1:149:149
BATCH:-1:150:150
BATCH:-1:151:151
BATCH:-1:152:152
BATCH:-1:153:153
BATCH:-1:154:154
BATCH:-1:155:155
BATCH:-1:156:156
BATCH:-1:157:157
BATCH:-1:158:158
BATCH:-1:159:159
BATCH:-1:160:160
BATCH:-1:161:161
BATCH:-1:162:162
BATCH:-1:163:163
BATCH:-1:164:164
BATCH:-1:165:165
BATCH:-1:166:166
BATCH:-1:167:167
BATCH:-1:168:168
BATCH:-1:169:169
BATCH:-1:170:170
BATCH:-1:171:171
BATCH:-1:172:172
BATCH:-1:173:173
BATCH:-1:174:174
BATCH:-1:175:175
BATCH:-1:176:176
BATCH:-1:177:177
BATCH:-1:178:178
BATCH:-1:179:179
BATCH:-1:180:180
BATCH:-1:181:181
BATCH:-1:182:182
BATCH:-1:183:183
EVAL_INSTANCE:0:0:389
RUN_RESULT:0:0:0:2000:----
RUN_RESULT:0:0:1:2000:----
RUN_RESULT:0:0:2:30:LDD
RUN_RESULT:0:0:3:2000:----
RUN_RESULT:0:0:4:518:URRRUUUUULLLLULLLDRDDRR
RUN_RESULT:0:0:5:2000:----
RUN_RESULT:0:0:6:2000:----
RUN_RESULT:0:0:7:2000:----
RUN_RESULT:0:0:8:2000:----
RUN_RESULT:0:0:9:4:LURR
RUN_RESULT:0:0:10:2000:----
RUN_RESULT:0:0:11:2000:----
RUN_RESULT:0:0:12:2000:----
RUN_RESULT:0:0:13:2000:----
RUN_RESULT:0:0:14:2000:----
RUN_RESULT:0:0:15:2000:----
RUN_RESULT:0:0:16:2000:----
RUN_RESULT:0:0:17:52:LLUUUUUULLL
RUN_RESULT:0:0:18:2000:----
RUN_RESULT:0:0:19:2000:----
RUN_RESULT:0:0:20:2000:----
RUN_RESULT:0:0:21:2000:----
RUN_RESULT:0:0:22:99:DDDR
RUN_RESULT:0:0:23:2000:----
RUN_RESULT:0:0:24:2000:----
RUN_RESULT:0:0:25:2000:----
RUN_RESULT:0:0:26:3:DLL
RUN_RESULT:0:0:27:80:DDRRRDDDDR
RUN_RESULT:0:0:28:2000:----
RUN_RESULT:0:0:29:2000:----
RUN_RESULT:0:0:30:2000:----
RUN_RESULT:0:0:31:2000:----
RUN_RESULT:0:0:32:2000:----
RUN_RESULT:0:0:33:2000:----
RUN_RESULT:0:0:34:2000:----
RUN_RESULT:0:0:35:2000:----
RUN_RESULT:0:0:36:3:RRR
RUN_RESULT:0:0:37:8:RRUUU
RUN_RESULT:0:0:38:2000:----
RUN_RESULT:0:0:39:2000:----
RUN_RESULT:0:0:40:2000:----
RUN_RESULT:0:0:41:2000:----
RUN_RESULT:0:0:42:2000:----
RUN_RESULT:0:0:43:2000:----
RUN_RESULT:0:0:44:6:RLR
RUN_RESULT:0:0:45:2000:----
RUN_RESULT:0:0:46:2000:----
RUN_RESULT:0:0:47:2000:----
RUN_RESULT:0:0:48:2000:----
RUN_RESULT:0:0:49:2000:----
RUN_RESULT:0:0:50:3:DDR
RUN_RESULT:0:0:51:17:DDLDRRLULL
RUN_RESULT:0:0:52:2000:----
RUN_RESULT:0:0:53:2000:----
RUN_RESULT:0:0:54:2000:----
RUN_RESULT:0:0:55:2000:----
RUN_RESULT:0:0:56:2000:----
RUN_RESULT:0:0:57:2000:----
RUN_RESULT:0:0:58:54:DRRR
RUN_RESULT:0:0:59:2000:----
RUN_RESULT:0:0:60:1:U
RUN_RESULT:0:0:61:485:UULLDDDRDDLLLD
RUN_RESULT:0:0:62:2000:----
RUN_RESULT:0:0:63:2000:----
RUN_RESULT:0:0:64:2000:----
RUN_RESULT:0:0:65:2000:----
RUN_RESULT:0:0:66:2000:----
RUN_RESULT:0:0:67:2000:----
RUN_RESULT:0:0:68:2000:----
RUN_RESULT:0:0:69:2000:----
RUN_RESULT:0:0:70:2000:----
RUN_RESULT:0:0:71:2000:----
RUN_RESULT:0:0:72:2000:----
RUN_RESULT:0:0:73:2000:----
RUN_RESULT:0:0:74:2000:----
RUN_RESULT:0:0:75:2000:----
RUN_RESULT:0:0:76:2000:----
RUN_RESULT:0:0:77:1788:LUDWWLUULRWWRLLUDWWUDRRUUU
RUN_RESULT:0:0:78:2000:----
RUN_RESULT:0:0:79:2000:----
RUN_RESULT:0:0:80:2000:----
RUN_RESULT:0:0:81:65:UUUURUURRURRRR
RUN_RESULT:0:0:82:2000:----
RUN_RESULT:0:0:83:57:RRRRR
RUN_RESULT:0:0:84:2000:----
RUN_RESULT:0:0:85:2000:----
RUN_RESULT:0:0:86:16:DDDDRRU
RUN_RESULT:0:0:87:2000:----
RUN_RESULT:0:0:88:2000:----
RUN_RESULT:0:0:89:2000:----
RUN_RESULT:0:0:90:2000:----
RUN_RESULT:0:0:91:2000:----
RUN_RESULT:0:0:92:1640:LLLLDDLDDDDRRUUUULLDDDDRUUULU
RUN_RESULT:0:0:93:2000:----
RUN_RESULT:0:0:94:379:LDDDLLLUUURUUUULLLLLDR
RUN_RESULT:0:0:95:2000:----
RUN_RESULT:0:0:96:2000:----
RUN_RESULT:0:0:97:3:UUR
RUN_RESULT:0:0:98:1:L
RUN_RESULT:0:0:99:2000:----
RUN_RESULT:0:0:100:2000:----
RUN_RESULT:0:0:101:474:RRRDRUURRLUR
RUN_RESULT:0:0:102:1:R
RUN_RESULT:0:0:103:2000:----
RUN_RESULT:0:0:104:2000:----
RUN_RESULT:0:0:105:2000:----
RUN_RESULT:0:0:106:2000:----
RUN_RESULT:0:0:107:2000:----
RUN_RESULT:0:0:108:2000:----
RUN_RESULT:0:0:109:2000:----
RUN_RESULT:0:0:110:2000:----
RUN_RESULT:0:0:111:2000:----
RUN_RESULT:0:0:112:2000:----
RUN_RESULT:0:0:113:5:DRR
RUN_RESULT:0:0:114:2000:----
RUN_RESULT:0:0:115:2000:----
RUN_RESULT:0:0:116:2000:----
RUN_RESULT:0:0:117:2000:----
RUN_RESULT:0:0:118:2000:----
RUN_RESULT:0:0:119:2000:----
RUN_RESULT:0:0:120:2000:----
RUN_RESULT:0:0:121:2000:----
RUN_RESULT:0:0:122:123:RRRDD
RUN_RESULT:0:0:123:2000:----
RUN_RESULT:0:0:124:2000:----
RUN_RESULT:0:0:125:2000:----
RUN_RESULT:0:0:126:26:URR
RUN_RESULT:0:0:127:390:DDDDL
RUN_RESULT:0:0:128:2000:----
RUN_RESULT:0:0:129:2000:----
RUN_RESULT:0:0:130:2000:----
RUN_RESULT:0:0:131:2000:----
RUN_RESULT:0:0:132:2000:----
RUN_RESULT:0:0:133:2000:----
RUN_RESULT:0:0:134:2000:----
RUN_RESULT:0:0:135:2000:----
RUN_RESULT:0:0:136:2000:----
RUN_RESULT:0:0:137:58:DDDDL
RUN_RESULT:0:0:138:2000:----
RUN_RESULT:0:0:139:2000:----
RUN_RESULT:0:0:140:133:UUUUURRURRRR
RUN_RESULT:0:0:141:2000:----
RUN_RESULT:0:0:142:2000:----
RUN_RESULT:0:0:143:2000:----
RUN_RESULT:0:0:144:2000:----
RUN_RESULT:0:0:145:2000:----
RUN_RESULT:0:0:146:2000:----
RUN_RESULT:0:0:147:2000:----
RUN_RESULT:0:0:148:2000:----
RUN_RESULT:0:0:149:2000:----
RUN_RESULT:0:0:150:2000:----
RUN_RESULT:0:0:151:2000:----
RUN_RESULT:0:0:152:2000:----
RUN_RESULT:0:0:153:2000:----
RUN_RESULT:0:0:154:2000:----
RUN_RESULT:0:0:155:466:RRDRRRDRUUUUULLL
RUN_RESULT:0:0:156:2000:----
RUN_RESULT:0:0:157:2000:----
RUN_RESULT:0:0:158:2000:----
RUN_RESULT:0:0:159:2000:----
RUN_RESULT:0:0:160:2000:----
RUN_RESULT:0:0:161:2000:----
RUN_RESULT:0:0:162:30:DDDDDDRRURURURURRDDDDD
RUN_RESULT:0:0:163:2000:----
RUN_RESULT:0:0:164:2000:----
RUN_RESULT:0:0:165:2000:----
RUN_RESULT:0:0:166:2000:----
RUN_RESULT:0:0:167:2000:----
RUN_RESULT:0:0:168:2000:----
RUN_RESULT:0:0:169:2000:----
RUN_RESULT:0:0:170:2000:----
RUN_RESULT:0:0:171:2000:----
RUN_RESULT:0:0:172:186:LLDDDDDRR
RUN_RESULT:0:0:173:2000:----
RUN_RESULT:0:0:174:2000:----
RUN_RESULT:0:0:175:34:RRDDUURRRDLDUULL
RUN_RESULT:0:0:176:2000:----
RUN_RESULT:0:0:177:2000:----
RUN_RESULT:0:0:178:2000:----
RUN_RESULT:0:0:179:2000:----
RUN_RESULT:0:0:180:2000:----
RUN_RESULT:0:0:181:2000:----
RUN_RESULT:0:0:182:2000:----
RUN_RESULT:0:0:183:2000:----
The time of execution is: 448.76740860939026 s
