pygame 2.2.0 (SDL 2.30.7, Python 3.8.10)
Hello from the pygame community. https://www.pygame.org/contribute.html
LEVEL:0:_______________\n_.l..gL16g..l._\n_.l..ggggg..l._\n_............._\n_............._\n_..l.......l.._\n_..l.......l.._\n_3....G10....3_\n_..l.......l.._\n_..l.......l.._\n_............._\n_............._\n_.l..ggggg..l._\n_.l..gL12g..l._\n_______________
BATCH:0:0:0
TRAINING ON LEVEL:71
of 184 levels
---LEVEL STRING---
_______________
_.l..gL16g..l._
_.l..ggggg..l._
_............._
_............._
_..l.......l.._
_..l.......l.._
_3....G10....3_
_..l.......l.._
_..l.......l.._
_............._
_............._
_.l..ggggg..l._
_.l..gL12g..l._
_______________
---LEVEL STRING---
TRACK:0;-1;-1;6;3;0;0;0;6;1;4;3;0;14;11;1;3;3;18;1;1;18;19;1;23;2.202451471318426;7;6.295262936657142;6;0;4;6;5;16;2;4;2;24;17;1;3;17;0;22;3.3268058000534104;14;6;6;4;1;5;0;8;16;0;6;14;3;14;4;0;1;1;0;1;1;21;6.9605096780551605;15;6;24;5;5;8;1;1;1;25;24;6;13;3;4;20;-9.50947292763229;1;2;3;2;23;3.7452249017076173;25;5;3;25;0;2;5;22;-1.1812355196477249;6;25;0;0;20;-2.893573958685163;8;1;15;14;3;4;2;3;2;23;1.7666920080381683;18;0;4;10;5;25
TRACK:1;-1;-1;5;6;6;4;2;6;6;5;6;0;8;25;4;0;3;1;4;12;6;20;-1.0233206279622031;6;4;6;18
TRACK:2;-1;-1;5;0;0;0;3;3;2;3;6;6;19;6;0;0;22;9.973488394430042;15;5;9;1;5;0;0;2;3;11;5;11;6;0;11;10;6;2;0;7;6.36117376611756;15;5;11;1;5;2;4;2;23;0.14584256788313432;24;3;6;19;3;0;5;4;17;0;1;16;19;3;16;1;2;0;3;6;1;4;16;4;23;5.6600768061438735;4;0;1;4;24;0;14;25;4;6;18;0;4;6;1;1;13;21;-6.8732043290012035;6;23;-3.0226886077861863;0;6;6;1;9;7;-9.404662164247615;2;4;3;25;4;3;21;0.12926081566464376;1;4;2;6;4;4;11;4;1;1;15;19;3;10;6;5;0;1;2;13;14;2;19;15;4;6;24;2;0;6;3;1;4;3;5;16;0;2;3;17;3;25;2;6;12;2;10;24;2;4;0;2;6;5;24;6;0;21;-9.83009271380794;22;-6.543187674929958;5;4;0;17;24;6;5;3;4;3;19;3;6;3;6;2;3;4;15;2;1;22;-2.565535398991581;12;1;8;20;-4.421787713181349
TRACK:3;-1;-1;3;2;2;1;1;2;1;1;4;0;20;9.742960491497655;18;0;4;20;-8.616955914179115;2;22;3.221053906906892;13;4;0;0;15;16;0;8;25;6;5;3;2;12;23;-1.8257522209405828;6;2;4;1;5;14;5;8;1;2;0;16;19;6;10;3;1;7;9.62998050044277;10;5;2;4;5;5;4;8;3;2;3;3;22;-9.455953192425353;5;3;12;1;5;5;3;6;6;5;16;4;2;5;2;4;6;11;6;6;8;4;4;1;2;19;9;1;13;20;-7.0604585125043595;3;6;0;0;0;3;0;6;18;1;7;-2.3594696693635324;20;0.8836047457815344;6;5;4;18;0;4;2;2;22;-0.31280581570357846;17;4;24;5;3;3;20;0.6123342399784608;3;6;5;2;3;11;6;11
TRACK:4;-1;-1;4;5;3;0;3;4;5;5;5;3;18;1;6;4;6;2;3;18;2;7;-8.191843957060472;19;5;4;5;5;1;22;-4.517676557601742;25
TRACK:5;-1;-1;5;6;0;4;4;2;3;1;6;0;17;21;2.542160989942367;5;5;18;4;5;4;5;13;4;2;1;1;4;5;3;14;2;0;3;16;0;9;23;8.700784109001493;0;1;13;12;1;21;3.0629984846299827;21;-9.152945798433269;0;1;5;1;9;19;6;3;15;4;2;5;15;2;11;15;6;5;2;4;3;20;-7.2798089276154965;6;3;19
TRACK:6;-1;-1;5;6;0;5;5;5;3;0;1;0;11;24;3;13;2;2;24;18;2;7;-7.469443974000358;15;6;0;3;1;3;2;2;24;15;1;8;22;-2.1002583620342925;6;3;1;20;-4.476998301378119;17;1;6;1;6;1;23;3.5804700677064574;21;-8.351266563700355;3;2;20;0.6905140637147262;16;3;0;5;5;9;6;6;7;3.383040986546062
TRACK:7;-1;-1;0;2;0;3;1;0;0;1;2;2;8;22;4.453803679787466;4;19;5;5;10;3;2;6;18;2;11;20;-4.576830747201253;4;0;2;4;10;0;8;8;4;3;22;5.1655929522909965;6;5;1;5;4;24;4;4;19;2;3;3;0;4;1;5;15;0;15;9;3;4;0;20;-2.6411137817220975;14;1;5;2;2;3;5;7;8.327604284025615;3;3;17;4;1;4;15;6;14;5;3;6;5;1;21;2.393053755785372;22;-9.393035975214021;0;5;3;0;2;3;3;0;19;17;1;5;1;8;21;9.862528904540227;5;6;19;2;2;6;0;22;-4.029760820892394;22;5.166766373596799;2;6;15;1;13;7;-7.550498204251523;2;6;1;18;15;5;6;22;-7.203221050520843;2;5;0;3;2;5;5;12;6;5;15;0;1;1;0;8;11;5;17;5;0;13;17;5;5;0;15;11;5;4;1;1;0;3;17;0;18;19;3;5;21;5.6757926461243215;3;6;6;13;6;6;2;2;2;2;3;5;5;11;4;0;1;13;7;-3.9107666011116127;4;14;0;5;3;6;14;5;6;5;10;4;4;3;2;0;18;16;4;13;2;0;4;4;4;0;18;15;4;3;6;1;7;-5.39080065380491;24;5;5;6;3;4;24
TRACK:8;-1;-1;2;1;3;2;0;6;6;4;1;4;16;6;21;6.190176202600192;0;2;3;5;0;18;18;6;2;2;24;24;1;22;6.5950927434167;15;6;4;3;6;18;2;1;6;6;5;5;19;4;6;0;2;16;22;-4.028209660979744;6;18;3;6;4;5;5;15;0;4;5;5;4;2;6;3;18;3;2;20;5.174240288222162;16;4;1;1;4;3;3;6;11;6;1;3;5;11;0;4;22;-6.153415675260341;5;10;1;5;1;2;2;7;-0.507259761730781;9;3;20;7.398597986655556;5;1;7;-8.58601422223352;16;6;0;1;3;24;3;18;6;1;24;14;4;5;1;3;4;4;6;4;1;11;7;2.1513159599992413;6;2;3;5;4;1;15;8;6;5;4;2;8;17
TRACK:9;-1;-1;2;3;4;1;2;0;2;6;3;3;17;3;5;1;19;25;4;6;4;2;21;-0.13464883119892512;10;3;4;2;3;4;22;-7.890205230346989;5;0;17;11;0;1;6;1;4;5;23;6.227628086098182;1;3;15;3;15;0;3;0;1;25;14;3;25;6;2;4;23;-3.3627407116145447;5;18;1;4;2;2;6;16;4;17;2;1;24;18;6;15;5;2;3;6;23;-4.111668872741618;0;0;9;11;3;15;6;3;4;4;3;4;1;5;3;13;0;0;18;19;3;20;-3.7894416492369025
EVAL_INSTANCE:0:0:0
EVAL_INSTANCE:0:1:1
EVAL_INSTANCE:0:2:2
EVAL_INSTANCE:0:3:3
EVAL_INSTANCE:0:4:4
EVAL_INSTANCE:0:5:5
EVAL_INSTANCE:0:6:6
EVAL_INSTANCE:0:7:7
EVAL_INSTANCE:0:8:8
EVAL_INSTANCE:0:9:9
RUN_RESULT:0:0:0:2000:----
RUN_RESULT:0:1:0:2000:----
RUN_RESULT:0:2:0:2000:----
RUN_RESULT:0:3:0:2000:----
RUN_RESULT:0:4:0:2000:----
RUN_RESULT:0:5:0:2000:----
RUN_RESULT:0:6:0:2000:----
RUN_RESULT:0:7:0:2000:----
RUN_RESULT:0:8:0:2000:----
RUN_RESULT:0:9:0:2000:----
=================================================
n_gen  |  n_eval  |     f_avg     |     f_min    
=================================================
     1 |       10 |  0.000000E+00 | -0.000000E+00
TRACK:10;1;3;5;6;6;4;2;6;6;5;6;0;8;25;4;0;3;1;4;12;6;11;6;4;6;18
TRACK:11;1;3;3;2;2;1;1;2;1;1;4;0;20;9.742960491497655;18;0;4;20;-8.616955914179115;2;22;3.221053906906892;13;4;0;0;15;16;0;8;25;6;5;3;2;12;23;-1.8257522209405828;6;2;4;1;5;14;5;8;1;2;0;16;19;6;10;3;1;7;9.62998050044277;10;5;2;4;5;5;4;8;3;2;3;3;12;5;3;12;1;5;5;3;6;6;5;16;4;2;5;2;4;6;11;6;6;8;4;4;1;2;19;9;1;13;20;-7.0604585125043595;3;6;0;0;0;3;0;6;18;1;7;-2.3594696693635324;20;0.8836047457815344;6;5;4;18;0;4;2;2;22;-0.31280581570357846;17;4;24;5;3;3;20;0.6123342399784608;3;6;5;2;3;11;6;11
TRACK:12;8;4;2;1;3;2;0;6;6;4;1;4;16;6;21;6.190176202600192;0;2;3;5;0;18;18;6;2;2;24;24;1;22;6.5950927434167;15;6;4;3;6;18;2;1;6;6;5;5;19;4;6;0;2;16;22;-4.028209660979744;6;18;3;6;4;5;5;15;0;4;5;5;4;2;6;3;18;3;2;20;5.174240288222162;16;4;1;1;4;3;3;6;11;6;1;3;5;11;0;4;22;-6.153415675260341;5;10;1;5;1;2;2;7;-0.507259761730781;9;3;20;7.398597986655556;5;1;7;-8.58601422223352;16;6;0;1;3;24;2;7;-8.191843957060472;19;6;1;24;14;4;5;1;3;4;4;6;4;1;11;7;2.1513159599992413;6;2;3;5;4;1;15;8;6;5;4;2;8;17
TRACK:13;8;4;4;5;3;0;3;4;5;5;5;3;18;1;6;4;6;2;3;18;2;7;-8.191843957060472;19;18
TRACK:14;7;1;0;2;0;3;1;0;0;1;2;2;8;22;4.453803679787466;4;19;5;5;10;3;2;6;18;2;11;20;-4.576830747201253;4;0;2;4;10;0;8;8;4;3;22;5.1655929522909965;6;5;1;5;4;24;4;4;19;2;3;3;0;4;1;5;15;0;15;9;3;4;0;20;-2.6411137817220975;14;1;5;2;2;3;5;7;8.327604284025615;3;3;17;4;1;4;15;6;14;5;3;6;5;1;21;2.393053755785372;22;-9.393035975214021;0;5;3;25;2;5;0;3;2;5;5;12;6;5;15;0;1;1;0;8;11;5;17;5;0;13;17;5;5;0;15;11;5;4;1;1;0;3;17;0;18;19;3;5;21;5.6757926461243215;3;6;6;13;6;6;2;2;2;2;3;5;5;11;4;0;1;13;7;-3.9107666011116127;4;14;0;5;3;6;14;5;6;5;10;4;4;3;2;0;18;16;4;13;2;0;4;4;4;0;18;15;4;3;6;1;7;-5.39080065380491;24;5;5;6;3;4;24
TRACK:15;7;1;5;6;6;6;5;1;21;2.393053755785372;22;-9.393035975214021
TRACK:16;9;4;2;3;4;1;2;0;2;6;3;3;17;3;5;1;19;25;4;6;4;2;21;-0.13464883119892512;10;3;4;2;3;4;22;-7.890205230346989;5;0;17;11;0;1;6;1;4;5;23;6.227628086098182;1;3;15;3;15;0;3;0;1;25;14;3;25;6;2;4;23;-3.3627407116145447;5;18;1;4;2;2;6;16;4;17;2;1;24;18;6;15;5;2;3;6;23;-4.111668872741618;0;0;9;11;3;15;4;5;5;1;22;-4.517676557601742;25
TRACK:17;9;4;4;5;3;0;3;4;5;5;5;3;18;1;6;0;18;19;5;4;5;5;1;22;-4.517676557601742;25
TRACK:18;6;5;5;6;0;5;0;3;16;0;9;23;8.700784109001493;6;0;3;1;3;2;2;24;15;1;8;22;-2.1002583620342925;6;3;1;20;-4.476998301378119;17;1;6;1;6;1;23;3.5804700677064574;21;-8.351266563700355;3;2;20;0.6905140637147262;16;3;0;5;5;9;6;6;7;3.383040986546062
TRACK:19;6;5;5;6;0;4;4;2;3;1;6;0;17;21;2.542160989942367;1;8;22;-2.1002583620342925;4;5;4;5;13;4;2;1;1;4;5;3;14;2;0;3;16;0;9;23;8.700784109001493;0;1;13;12;1;21;3.0629984846299827;21;-9.152945798433269;0;1;5;1;9;19;6;3;15;4;2;5;15;2;11;15;6;5;2;4;3;20;-7.2798089276154965;6;3;19
TRACK:20;1;-1;5;6;6;4;2;6;3;5;23;-9.67457787655774;4;0;3;1;4;12;6;20;-1.1932882328390524;6;4;6;18
TRACK:21;12;-1;2;1;3;2;0;6;6;4;1;4;16;6;21;6.116869641056412;0;2;3;5;0;18;18;6;2;2;24;24;1;22;6.400093522592572;15;6;4;3;6;18;2;1;6;6;5;5;19;4;6;0;2;16;22;-4.182830372533634;6;18;3;6;4;5;5;15;0;4;5;5;4;2;6;3;18;3;2;20;5.246904197643192;16;4;1;1;4;3;3;6;11;6;1;4;21;-3.2476477278084896;0;4;22;-6.269016347112718;5;10;1;5;1;2;2;7;-0.3935528552383504;9;3;20;7.290032224396441;5;1;7;-8.507213146221789;16;6;0;1;3;24;2;7;-8.235171510292098;19;6;1;24;14;4;5;1;3;4;4;6;4;1;11;7;2.2392354379924453;6;2;3;5;4;1;15;8;6;5;4;2;8;17
TRACK:22;14;-1;0;2;0;3;1;0;0;1;2;2;8;22;4.455035761245942;4;19;5;5;10;3;2;6;18;2;11;20;-4.480450415513977;4;0;2;4;10;0;8;8;4;3;22;5.156911036186245;6;5;1;5;4;24;4;4;19;2;0;16;25;1;5;2;2;3;5;7;8.196323640949455;3;3;17;4;1;4;15;6;14;5;3;6;5;1;21;2.475484528721742;22;-9.381108398870401;0;5;3;25;2;5;0;3;2;5;5;12;6;5;15;0;1;1;0;8;11;5;17;5;0;13;17;5;5;0;15;11;5;4;1;1;0;3;17;0;18;19;3;5;21;5.786827388654253;3;6;6;13;6;6;2;2;2;2;3;5;5;11;4;0;1;13;7;-3.996588101486278;4;14;0;5;3;6;14;5;6;5;10;4;4;3;2;0;18;16;4;13;2;0;4;4;4;0;18;15;4;3;6;1;7;-5.558981089521304;24;5;5;6;3;4;24
TRACK:23;16;-1;2;3;4;1;2;0;2;6;3;3;17;3;5;1;19;25;4;6;4;2;21;-0.15813652986779567;10;3;4;2;3;4;22;-7.757085521599714;5;0;17;11;0;1;6;1;4;5;23;6.35553267963411;1;3;15;3;15;0;3;4;1;14;25;6;2;4;23;-3.4811291961103032;5;18;1;4;2;2;6;16;4;17;2;1;24;18;6;15;5;2;3;6;23;-3.9629200960272297;0;0;9;11;3;15;4;5;5;1;22;-4.427163321492139;25
TRACK:24;18;-1;5;6;0;5;0;3;16;0;9;23;8.638384910555148;6;0;3;1;3;2;2;24;15;1;8;22;-2.0028732320499834;6;3;1;20;-4.528576936441788;17;2;0;13;14;3;25
TRACK:25;3;-1;3;2;2;1;1;2;1;1;4;0;20;9.822531242145423;18;0;4;20;-8.42254332132809;2;22;3.2082823752906084;13;4;0;0;15;16;0;8;25;6;5;3;2;12;23;-1.7545055994978134;6;2;4;1;5;14;5;8;1;2;0;16;19;6;10;3;1;7;9.576957478140757;10;5;2;4;5;5;4;8;3;2;3;3;22;-9.368983315346892;5;3;12;1;5;5;3;6;6;5;16;4;2;5;2;4;6;11;6;6;8;4;4;1;2;19;9;4;19;3;6;0;0;0;3;0;6;18;1;7;-2.4778248134920733;20;0.8504213518662767;6;5;4;18;0;4;2;2;22;-0.37898510275559816;17;4;24;5;3;3;20;0.3329415532647984;3;6;5;2;3;11;6;11
TRACK:26;13;-1;4;5;3;5;3;1;16;17
TRACK:27;15;-1;5;6;6;6;5;1;21;2.4303881259859192;6;1;20;-5.35838607405071;10
TRACK:28;17;-1;4;5;3;0;3;4;5;5;5;3;18;1;6;5;4;3;1;9;20;-1.0491077615817588;5;4;5;5;1;22;-4.548412293220752;25
TRACK:29;19;-1;5;6;0;4;4;2;3;1;6;5;17;1;8;22;-2.1413252792015935;4;5;4;5;13;4;2;1;1;4;5;3;14;2;0;3;16;0;9;23;8.652840392744361;0;1;13;12;1;21;2.9672028485263593;21;-9.342881705581853;0;1;5;1;9;19;6;3;15;4;2;5;15;2;11;15;6;5;2;4;3;20;-7.128184768914283;6;3;19
EVAL_INSTANCE:1:0:20
EVAL_INSTANCE:1:1:21
EVAL_INSTANCE:1:2:22
EVAL_INSTANCE:1:3:23
EVAL_INSTANCE:1:4:24
EVAL_INSTANCE:1:5:25
EVAL_INSTANCE:1:6:26
EVAL_INSTANCE:1:7:27
EVAL_INSTANCE:1:8:28
EVAL_INSTANCE:1:9:29
RUN_RESULT:1:0:0:2000:----
RUN_RESULT:1:1:0:2000:----
RUN_RESULT:1:2:0:2000:----
RUN_RESULT:1:3:0:2000:----
RUN_RESULT:1:4:0:2000:----
RUN_RESULT:1:5:0:2000:----
RUN_RESULT:1:6:0:2000:----
RUN_RESULT:1:7:0:2000:----
RUN_RESULT:1:8:0:2000:----
RUN_RESULT:1:9:0:2000:----
     2 |       20 |  0.000000E+00 | -0.000000E+00
TRACK:30;9;0;2;3;4;1;2;0;2;6;3;3;17;3;5;16;4;6;4;2;21;-0.13464883119892512;10;3;4;2;3;4;22;-7.890205230346989;5;0;17;11;0;1;6;1;4;5;23;6.227628086098182;1;3;15;3;15;0;3;0;1;25;14;3;25;6;2;4;23;-3.3627407116145447;5;18;1;4;2;2;6;16;4;17;2;1;24;18;6;15;5;2;3;6;23;-4.111668872741618;0;0;9;11;3;15;6;3;4;4;3;4;1;5;3;13;0;0;18;19;3;20;-3.7894416492369025
TRACK:31;9;0;6;3;0;0;0;6;1;4;3;0;14;11;1;3;19;1;1;18;19;1;23;2.202451471318426;7;6.295262936657142;6;0;4;6;5;16;2;4;2;24;17;1;3;17;0;22;3.3268058000534104;14;6;6;4;1;5;0;8;16;0;6;14;3;14;4;0;1;1;0;1;1;21;6.9605096780551605;15;6;24;5;5;8;1;1;1;25;24;6;13;3;4;20;-9.50947292763229;1;2;3;2;23;3.7452249017076173;25;5;3;25;0;2;5;22;-1.1812355196477249;6;25;0;0;20;-2.893573958685163;8;1;15;14;3;4;2;3;2;23;1.7666920080381683;18;0;4;10;5;25
TRACK:32;8;5;2;1;3;2;0;6;6;4;1;4;16;6;21;6.190176202600192;0;2;3;5;0;18;18;6;2;2;24;24;1;22;6.5950927434167;15;6;4;3;6;18;2;1;6;3;15;4;6;0;2;16;22;-4.028209660979744;6;18;3;6;4;5;5;15;0;4;5;5;4;2;6;3;18;3;2;20;5.174240288222162;16;4;1;1;4;3;3;6;11;6;1;3;5;11;0;4;22;-6.153415675260341;5;10;1;5;1;2;2;7;-0.507259761730781;9;3;20;7.398597986655556;5;1;7;-8.58601422223352;16;6;0;1;3;24;3;18;6;1;24;14;4;5;1;3;4;4;6;4;1;11;7;2.1513159599992413;6;2;3;5;4;1;15;8;6;5;4;2;8;17
TRACK:33;8;5;5;6;0;4;4;2;3;1;15;8;4;5;4;5;13;4;2;1;1;4;5;3;14;2;0;3;16;0;9;23;8.700784109001493;0;1;13;12;1;21;3.0629984846299827;21;-9.152945798433269;0;1;5;1;9;19;6;3;15;4;2;5;15;2;11;15;6;5;2;4;3;20;-7.2798089276154965;6;3;19
TRACK:34;7;7;0;2;0;3;1;0;0;1;2;2;8;22;4.453803679787466;4;19;5;5;10;3;2;6;18;2;11;20;-4.576830747201253;4;0;2;4;10;0;8;8;4;3;22;5.1655929522909965;6;5;1;5;4;24;4;4;19;2;3;3;0;4;1;5;15;0;15;9;3;4;0;20;-2.6411137817220975;14;1;5;2;2;3;5;7;8.327604284025615;3;3;17;4;1;4;15;6;14;5;3;6;5;1;21;2.393053755785372;22;-9.393035975214021;0;5;3;0;2;3;3;0;19;17;1;5;1;8;21;9.862528904540227;5;6;19;2;2;6;0;22;-4.029760820892394;22;5.166766373596799;2;6;15;1;13;7;-7.550498204251523;2;6;1;18;15;5;6;22;-7.203221050520843;2;5;0;3;2;5;5;12;6;5;15;0;1;1;0;8;11;5;17;5;0;8;17;5;5;0;15;11;5;4;1;1;0;3;17;0;18;19;3;5;21;5.6757926461243215;3;6;6;13;6;6;2;2;2;2;3;5;5;11;4;0;1;13;7;-3.9107666011116127;4;14;0;5;3;6;14;5;6;5;10;4;4;3;2;0;18;16;4;13;2;0;4;4;4;0;18;15;4;3;6;1;7;-5.39080065380491;24;5;5;6;3;4;24
TRACK:35;7;7;0;2;0;3;1;0;0;1;2;2;8;22;4.453803679787466;4;19;5;5;10;3;2;6;18;2;11;20;-4.576830747201253;4;0;2;4;10;0;8;8;4;3;22;5.1655929522909965;6;5;1;5;4;24;4;4;19;2;3;3;0;4;1;5;15;0;15;9;3;4;0;20;-2.6411137817220975;14;1;5;2;2;3;5;7;8.327604284025615;3;3;17;4;1;4;15;6;14;5;3;6;5;1;21;2.393053755785372;22;-9.393035975214021;0;5;3;0;2;3;3;0;19;17;1;5;1;8;21;9.862528904540227;5;6;19;2;2;6;0;22;-4.029760820892394;22;5.166766373596799;2;6;15;1;13;7;-7.550498204251523;2;6;1;18;15;5;6;22;-7.203221050520843;2;5;0;3;2;5;5;12;6;5;15;0;1;1;0;8;11;5;17;5;0;13;17;5;5;0;15;11;11;6;6;2;2;2;2;3;5;5;11;4;0;1;13;7;-3.9107666011116127;4;14;0;5;3;6;14;5;6;5;10;4;4;3;2;0;18;16;4;13;2;0;4;4;4;0;18;15;4;3;6;1;7;-5.39080065380491;24;5;5;6;3;4;24
TRACK:36;8;6;2;1;3;2;0;6;6;4;1;4;16;6;21;6.190176202600192;0;2;3;5;0;18;24;6;2;2;24;24;1;22;6.5950927434167;15;6;4;3;6;18;2;1;6;6;5;5;19;4;6;0;2;16;22;-4.028209660979744;6;18;3;6;4;5;5;15;0;4;5;5;4;2;6;3;18;3;2;20;5.174240288222162;16;4;1;1;4;3;3;6;11;6;1;3;5;11;0;4;22;-6.153415675260341;5;10;1;5;1;2;2;7;-0.507259761730781;9;3;20;7.398597986655556;5;1;7;-8.58601422223352;16;6;0;1;3;24;3;18;6;1;24;14;4;5;1;3;4;4;6;4;1;11;7;2.1513159599992413;6;2;3;5;4;1;15;8;6;5;4;2;8;17
TRACK:37;8;6;5;6;0;5;5;5;3;0;1;0;11;24;3;13;2;2;24;18;2;7;-7.469443974000358;15;6;0;3;1;3;2;2;24;15;1;8;22;-2.1002583620342925;6;3;1;20;-4.476998301378119;17;6;21;6.190176202600192
TRACK:38;9;0;2;3;4;1;2;0;2;6;3;3;17;3;5;1;19;25;4;6;4;2;21;-0.13464883119892512;10;3;4;2;3;4;22;-7.890205230346989;5;0;17;11;0;1;3;3;18;0;3;0;1;25;14;3;25;6;2;4;23;-3.3627407116145447;5;18;1;4;2;2;6;16;4;17;2;1;24;18;6;15;5;2;3;6;23;-4.111668872741618;0;0;9;11;3;15;6;3;4;4;3;4;1;5;3;13;0;0;18;19;3;20;-3.7894416492369025
TRACK:39;9;0;6;3;0;0;0;6;1;4;3;0;14;11;1;3;3;18;1;1;18;19;1;23;2.202451471318426;7;6.295262936657142;6;0;4;6;5;16;2;4;2;24;17;1;3;17;0;22;3.3268058000534104;14;6;6;4;1;5;0;8;16;0;6;14;3;14;4;0;1;1;0;1;1;21;6.9605096780551605;15;6;24;5;5;8;1;3;20;-3.7894416492369025;3;4;20;-9.50947292763229;1;2;3;2;23;3.7452249017076173;25;5;3;25;0;2;5;22;-1.1812355196477249;6;25;0;0;20;-2.893573958685163;8;1;15;14;3;4;2;3;2;23;1.7666920080381683;18;0;4;10;5;25
TRACK:40;30;-1;2;3;4;1;2;0;2;6;3;3;17;3;5;16;4;6;4;2;21;-0.060887730667328846;10;3;4;2;3;4;22;-7.803220135941774;5;0;17;11;0;1;6;1;4;5;23;6.331541164977073;1;3;15;3;15;0;3;0;1;25;14;3;25;6;2;4;23;-3.357143439899769;5;18;1;4;2;2;6;16;4;17;2;1;24;18;2;23;3.8101295340496115;19;5;2;3;6;23;-4.0563372271129285;0;0;9;11;3;15;6;3;4;4;3;4;1;5;3;13;0;0;18;19;3;20;-3.6509108537862116
TRACK:41;32;-1;2;1;3;2;0;6;6;4;1;4;16;6;21;6.0899273342199045;0;2;3;5;0;18;18;6;2;2;24;24;1;22;6.500892622739959;15;6;4;3;6;18;2;1;6;3;15;4;6;0;2;16;22;-4.098501817259293;6;18;0;2;18;24;0;11;12;0;4;5;5;4;2;6;3;18;3;2;20;5.015191563072916;16;4;1;1;4;3;3;6;11;6;1;3;5;11;0;4;22;-6.069332710805869;5;10;1;5;1;2;2;7;-0.4114642893333121;9;3;20;7.2365965727009325;5;1;7;-8.469203827447716;16;6;0;1;3;24;3;18;6;1;24;14;4;5;1;3;4;4;6;4;1;11;7;2.2561108167191177;6;2;3;5;4;1;15;8;6;5;4;2;8;17
TRACK:42;34;-1;0;2;0;3;1;0;0;1;2;2;8;22;4.4284988164322;4;21;-4.721836617437665;5;5;10;3;2;6;18;2;11;20;-4.60574390828012;4;0;2;4;10;0;8;8;4;3;22;5.182362330515057;6;5;1;5;4;24;4;4;19;2;3;3;0;4;1;5;15;0;15;9;3;4;0;20;-2.608080714160514;14;1;5;2;2;3;5;7;8.444206642415702;3;3;17;4;1;4;15;6;14;5;3;6;5;1;21;2.2960361102953373;22;-9.390801181541217;0;5;3;0;2;3;3;0;19;17;1;5;1;8;21;9.849538495363426;5;6;19;2;2;6;0;22;-4.045292166340559;22;5.153619603440272;2;6;15;1;13;7;-7.544929082723461;2;6;1;18;15;5;6;22;-7.327625121844457;2;5;0;3;2;5;5;12;6;5;15;0;1;1;0;8;11;5;17;5;0;8;17;5;5;0;15;11;5;4;1;1;0;3;17;0;18;19;3;5;21;5.666406205451632;3;6;6;13;6;6;2;2;2;2;3;5;5;11;4;0;1;13;7;-3.951488464635396;4;14;0;5;3;6;14;5;6;5;10;4;4;3;2;0;18;16;4;13;2;0;4;4;4;0;18;15;4;3;6;1;7;-5.3520482069825235;24;5;5;6;3;4;24
TRACK:43;36;-1;2;1;3;2;0;6;6;4;1;4;16;6;21;6.197688966150543;0;2;3;5;0;18;24;6;2;2;24;24;1;22;6.583182984436759;15;6;4;3;6;18;3;2;5;4;19;1;3;11;2;23;3.507059821820045;9;0;4;5;5;4;2;6;3;18;3;2;20;5.096592053322785;16;4;1;1;4;3;3;6;11;6;1;3;5;11;0;4;22;-6.413577303625378;5;10;1;5;1;2;2;7;-0.4399416209455344;9;3;20;7.418475366324067;5;1;7;-8.49288566705014;16;6;0;1;3;24;3;18;6;1;24;14;4;5;1;3;4;4;6;4;1;11;7;2.1389105045326184;6;2;3;5;4;1;15;8;6;5;4;2;8;17
TRACK:44;38;-1;2;3;4;1;2;0;2;6;3;3;17;3;5;1;19;25;4;6;4;2;21;-0.06326735336694624;10;3;4;2;3;4;22;-7.923769062503149;5;0;17;11;0;1;3;3;18;0;3;0;1;25;14;3;25;6;2;4;23;-3.3614829365146326;5;18;1;4;5;6;20;1.5339572123302307;5;2;3;6;23;-4.1501551089391775;0;0;9;11;3;15;6;3;4;4;3;4;1;5;3;13;0;0;18;19;3;20;-3.8037699770887543
TRACK:45;31;-1;6;3;0;0;0;6;1;4;3;0;14;11;1;4;6;13;1;1;18;19;1;23;2.072567804943101;7;6.406776491840986;6;0;4;6;5;16;2;4;2;24;17;1;3;17;0;22;3.425260530028094;14;6;6;4;1;5;0;8;16;0;6;14;3;14;4;0;1;1;0;1;1;21;7.007651974404492;15;6;24;5;5;8;1;1;1;25;24;6;13;3;4;20;-9.468255546018137;1;2;3;2;23;3.7496045709534442;25;5;3;25;0;2;5;22;-1.1978485598552142;6;25;0;0;20;-2.802992724334005;8;1;15;14;3;4;2;3;2;23;1.57020343346892;18;0;4;10;5;25
TRACK:46;33;-1;5;6;0;4;4;2;3;1;15;8;4;5;4;5;13;4;2;1;1;4;5;3;14;2;0;3;16;0;9;23;8.683940100220633;0;3;16;1;21;3.1001383180817887;21;-9.187958181584152;0;1;5;1;9;19;6;3;15;4;2;5;15;2;11;15;6;5;2;4;3;20;-7.2179843235208;6;3;19
TRACK:47;35;-1;0;2;0;3;1;0;0;1;2;2;8;22;4.337137390575996;4;19;5;5;10;3;2;6;18;2;11;20;-4.5842731432788675;4;0;2;4;10;0;8;8;4;3;22;5.062284533925507;6;5;1;5;4;24;4;4;19;2;3;3;0;4;1;5;15;0;15;9;3;4;0;20;-2.5776352046856528;14;1;5;2;2;3;5;7;8.429863440635465;3;3;17;4;1;4;15;6;14;5;3;6;5;1;21;2.2641340512932495;22;-9.380853101942145;0;5;3;0;2;3;3;0;19;17;1;5;1;8;21;9.717361786245613;5;6;19;2;2;6;0;22;-3.999399569194028;22;5.1095875806157665;2;6;15;1;13;7;-7.528579368465244;2;6;1;18;16;5;6;22;-7.236178630012589;2;5;0;3;2;5;5;12;6;5;15;0;1;1;0;8;11;5;17;5;0;13;17;5;5;0;15;11;11;6;6;2;2;2;2;3;5;5;11;4;0;1;13;7;-3.88458711609572;4;14;0;5;3;6;14;5;6;5;10;4;4;3;2;0;18;16;4;13;2;0;4;4;4;0;18;15;4;3;6;1;7;-5.446094747293064;24;5;5;6;3;4;24
TRACK:48;37;-1;5;6;0;5;5;2;2;2;23;-5.9028196749084945;15;3;7;-3.037448465672277;2;0;9;11;2;20;0.5783806256544626;20;-6.687978024519556;6;0;3;1;3;2;2;24;15;1;8;22;-2.23591184121364;6;3;1;20;-4.3623599626636365;17;6;21;6.214038119691252
TRACK:49;39;-1;6;3;0;0;0;6;1;4;3;0;14;11;1;3;3;18;1;1;18;19;1;23;2.318950684346103;7;6.136130789339343;6;0;4;6;5;16;2;4;2;24;17;1;3;17;0;22;3.4614304755665746;14;6;6;4;1;5;0;8;16;0;6;14;3;14;4;0;1;1;0;1;1;21;7.03302187833853;15;6;24;5;5;8;1;3;20;-3.699776940057878;3;4;20;-9.509542483020255;1;2;3;2;23;3.7136400605795776;25;5;3;25;0;2;5;22;-1.2726768259324395;6;25;0;0;20;-2.973694055579801;8;1;15;14;3;4;2;3;24;0;4;10;5;25
EVAL_INSTANCE:2:0:40
EVAL_INSTANCE:2:1:41
EVAL_INSTANCE:2:2:42
EVAL_INSTANCE:2:3:43
EVAL_INSTANCE:2:4:44
EVAL_INSTANCE:2:5:45
EVAL_INSTANCE:2:6:46
EVAL_INSTANCE:2:7:47
EVAL_INSTANCE:2:8:48
EVAL_INSTANCE:2:9:49
RUN_RESULT:2:0:0:2000:----
RUN_RESULT:2:1:0:2000:----
RUN_RESULT:2:2:0:2000:----
RUN_RESULT:2:3:0:2000:----
RUN_RESULT:2:4:0:2000:----
RUN_RESULT:2:5:0:2000:----
RUN_RESULT:2:6:0:2000:----
RUN_RESULT:2:7:0:2000:----
RUN_RESULT:2:8:0:2000:----
RUN_RESULT:2:9:0:2000:----
     3 |       30 |  0.000000E+00 | -0.000000E+00
TRACK:50;4;0;4;5;3;0;3;4;5;5;5;3;22;3.3268058000534104;1;6;4;6;2;3;18;2;7;-8.191843957060472;19;5;4;5;5;1;22;-4.517676557601742;25
TRACK:51;4;0;6;3;0;0;0;6;1;4;3;0;14;11;1;3;3;18;1;1;18;19;1;23;2.202451471318426;7;6.295262936657142;6;0;4;6;5;16;2;4;2;24;17;1;3;17;0;22;3.3268058000534104;14;6;6;4;1;5;0;8;16;0;6;14;3;14;4;0;1;1;0;1;1;21;6.9605096780551605;15;6;24;5;5;8;1;1;19;6;13;3;4;20;-9.50947292763229;1;2;3;2;23;3.7452249017076173;25;5;3;25;0;2;5;22;-1.1812355196477249;6;25;0;0;20;-2.893573958685163;8;1;15;14;3;4;2;3;2;23;1.7666920080381683;18;0;4;10;5;25
TRACK:52;1;9;5;6;6;4;2;6;6;5;6;0;8;25;4;0;3;1;4;12;6;20;-1.0233206279622031;6;15
TRACK:53;1;9;2;3;4;1;2;0;2;6;3;3;17;3;5;1;19;25;4;6;4;2;21;-0.13464883119892512;10;3;4;2;3;4;22;-7.890205230346989;5;0;17;11;0;1;6;1;4;5;23;6.227628086098182;1;3;15;3;15;0;3;0;1;25;14;3;25;6;2;4;23;-3.3627407116145447;5;18;1;4;2;2;6;16;4;17;2;1;24;18;6;15;5;2;3;6;23;-4.111668872741618;0;0;9;11;4;12;6;3;4;4;3;4;1;5;3;13;0;0;18;19;3;20;-3.7894416492369025
TRACK:54;5;9;5;6;0;4;4;2;3;1;6;0;17;21;2.542160989942367;5;5;18;4;5;4;5;13;4;2;1;1;4;0;0;9;11;3;15;2;0;3;16;0;9;23;8.700784109001493;0;1;13;12;1;21;3.0629984846299827;21;-9.152945798433269;0;1;5;1;9;19;6;3;15;4;2;5;15;2;11;15;6;5;2;4;3;20;-7.2798089276154965;6;3;19
TRACK:55;5;9;2;3;4;1;2;0;2;6;3;3;17;3;5;1;19;25;4;6;4;2;21;-0.13464883119892512;10;3;4;2;3;4;22;-7.890205230346989;5;0;17;11;0;1;6;1;4;5;23;6.227628086098182;1;3;15;3;15;2;4;3;20;-7.2798089276154965;6;3;19;1;4;2;2;6;16;4;17;2;1;24;18;6;15;5;2;3;6;23;-4.111668872741618;0;0;9;11;3;15;6;3;4;4;3;4;1;5;3;13;0;0;18;19;3;20;-3.7894416492369025
TRACK:56;2;5;5;0;0;0;3;3;2;3;6;6;19;6;0;0;22;9.973488394430042;15;5;9;1;5;0;0;2;3;11;5;11;6;0;11;10;6;2;0;7;6.36117376611756;15;5;11;1;5;2;4;2;23;0.14584256788313432;24;3;6;19;3;0;5;4;17;0;1;16;19;3;16;1;2;0;3;6;1;4;16;4;23;5.6600768061438735;4;0;1;4;24;0;14;25;4;6;18;0;4;6;1;1;13;21;-6.8732043290012035;6;23;-3.0226886077861863;0;6;6;1;9;7;-9.404662164247615;2;4;3;25;4;3;21;0.12926081566464376;1;4;2;6;4;4;11;4;1;1;15;19;3;10;6;5;0;1;2;13;14;2;19;15;4;6;24;2;0;6;3;1;4;3;5;16;0;2;3;17;3;25;2;6;12;2;10;24;2;4;0;2;6;5;24;6;0;21;-9.83009271380794;22;-6.543187674929958;5;4;0;17;24;6;5;3;4;3;19;3;6;6;5;2;4;3;20;-7.2798089276154965;6;3;19
TRACK:57;2;5;5;6;0;4;4;2;3;1;6;0;17;21;2.542160989942367;5;5;18;4;0;1;16;19;3;16;4;2;1;1;4;5;3;14;2;0;3;16;0;9;23;8.700784109001493;0;1;13;12;1;21;3.0629984846299827;21;-9.152945798433269;0;1;5;1;9;19;6;3;15;4;2;5;15;2;11;15;6;5;2;4;3;20;-7.2798089276154965;6;3;19
TRACK:58;1;3;5;6;6;4;2;6;6;8;4;0;3;1;4;12;6;20;-1.0233206279622031;6;4;6;18
TRACK:59;1;3;3;2;2;1;1;2;1;1;4;0;20;9.742960491497655;18;0;4;20;-8.616955914179115;2;22;3.221053906906892;13;4;0;0;15;16;0;8;25;6;5;3;2;12;23;-1.8257522209405828;6;2;4;1;5;14;5;8;1;2;0;16;19;6;10;3;1;7;9.62998050044277;10;5;2;4;5;5;4;8;3;2;3;3;22;-9.455953192425353;5;3;12;1;12;4;2;5;2;4;6;11;6;6;8;4;4;1;2;19;9;1;13;20;-7.0604585125043595;3;6;0;0;0;3;0;6;18;1;7;-2.3594696693635324;20;0.8836047457815344;6;5;4;18;0;4;2;2;22;-0.31280581570357846;17;4;24;5;3;3;20;0.6123342399784608;3;6;5;2;3;11;6;11
TRACK:60;50;-1;4;5;3;0;3;4;5;5;5;3;22;3.4440762073562086;1;6;4;6;4;3;18;5;4;5;5;1;22;-4.77543274313788;25
TRACK:61;52;-1;5;6;6;4;2;6;6;5;6;0;8;25;5;3;4;18
TRACK:62;54;-1;5;6;0;4;4;2;3;1;6;0;17;21;2.645890716054646;5;5;18;4;5;4;5;13;4;2;1;1;4;0;0;9;11;3;15;2;0;3;16;0;9;23;8.72118951284153;0;1;13;12;1;21;3.0620747691953434;21;-9.124513306065037;0;1;4;24;6;3;15;4;2;5;15;2;11;15;6;5;2;4;3;20;-7.1578046772267285;6;3;19
TRACK:63;56;-1;5;0;0;0;3;3;2;3;6;6;19;6;0;0;22;10.0;15;5;9;1;5;0;0;2;3;11;5;11;6;0;11;10;6;2;0;7;6.2172955937897845;15;5;11;1;5;2;4;2;23;0.35383016232470454;24;3;6;19;3;0;5;4;17;0;1;16;19;3;16;1;2;0;3;6;1;4;16;4;23;5.630025760820455;4;0;1;4;24;0;14;25;4;6;18;0;4;6;1;1;13;21;-6.933310886830456;6;23;-3.0770374660072726;0;6;6;1;9;7;-9.3083005563346;2;4;6;9;4;3;21;0.06940899166666124;1;4;2;6;4;4;11;4;1;1;15;19;3;10;6;5;0;1;2;13;14;2;19;15;4;6;24;2;0;6;3;1;4;3;5;16;0;2;3;17;3;25;2;6;12;2;10;24;2;4;0;2;6;5;24;6;0;21;-9.730287277611144;22;-6.696267006342531;5;4;0;17;24;6;5;3;4;3;19;3;6;6;5;2;4;3;20;-7.254176990116229;6;3;19
TRACK:64;58;-1;5;6;6;4;2;6;6;8;4;0;3;1;4;12;6;20;-1.3478645326192245;6;4;22;-9.38108920891459
TRACK:65;51;-1;6;3;0;0;0;6;1;4;3;0;14;11;1;3;3;18;1;1;18;19;1;23;2.1785759350832796;7;6.248450177607454;6;0;4;6;5;16;2;4;5;10;1;3;17;0;22;3.4733331739077635;14;6;6;4;1;5;0;8;16;0;6;14;3;14;4;0;1;1;0;1;1;21;6.8935005096282;15;6;24;5;5;8;1;1;19;6;13;3;4;20;-9.70633055101724;1;2;3;2;23;3.988529887075519;25;5;3;25;0;2;5;22;-0.9918950987463997;6;25;0;0;20;-3.118750074410031;8;1;15;14;3;4;2;3;2;23;1.7290345979344748;18;0;4;10;5;25
TRACK:66;53;-1;2;3;4;1;2;0;2;6;3;3;17;3;5;1;19;25;4;6;4;2;21;-0.2393829218957269;10;3;4;2;3;4;22;-8.063693867128535;5;4;21;4.533825737253345;0;1;6;1;4;5;23;6.250349775204534;1;3;15;3;15;0;3;0;1;25;14;3;25;6;2;4;23;-3.585407074780273;5;18;1;4;2;2;6;16;4;17;2;1;24;18;6;15;5;2;3;6;23;-4.122778364251806;0;0;9;11;4;12;6;3;4;4;3;4;1;5;3;13;0;0;18;19;3;20;-3.654782016730558
TRACK:67;55;-1;2;3;4;1;2;0;2;6;3;3;17;3;5;1;19;25;4;6;4;2;21;-0.08568206675173617;10;3;4;2;3;4;22;-8.007895402972322;5;10;0;1;6;1;4;5;23;6.08972949664244;1;3;15;3;15;2;4;3;20;-7.210985265753164;6;3;19;1;4;2;2;6;16;4;17;2;1;24;18;6;15;5;2;3;6;23;-4.03993732053682;0;0;9;11;3;15;6;3;4;4;3;4;1;5;3;13;0;0;18;19;3;20;-3.7369130987232957
TRACK:68;57;-1;5;6;0;4;4;2;3;1;6;0;17;21;2.524446879418605;5;5;18;4;0;1;16;19;3;16;4;2;1;1;4;5;3;14;2;0;3;16;0;9;23;8.773171138049715;0;5;15;1;18;20;-2.5736941350950016;0;1;5;1;9;19;6;3;15;4;2;5;15;2;11;15;6;5;2;4;3;20;-7.137404482618983;6;3;19
TRACK:69;59;-1;3;2;2;1;1;2;1;1;4;0;20;9.67100290518949;18;0;4;20;-8.602885939901213;2;22;3.193677756190102;13;4;0;0;15;16;0;8;25;6;5;3;2;12;23;-1.787432518187201;6;2;4;1;5;14;5;8;1;2;0;16;19;6;10;3;1;7;9.767633621021728;10;5;2;4;5;5;4;8;3;2;3;3;22;-9.486370954310772;5;3;12;1;12;4;2;2;4;5;9;4;3;21;-7.661352480590329;4;4;1;2;19;9;1;13;20;-7.006848372430759;3;6;0;0;0;3;0;6;18;1;7;-2.1992741378646397;20;0.8705383471966636;6;5;4;18;0;4;2;2;22;-0.2972994913779624;17;4;24;5;3;3;20;0.6552413166644404;3;6;5;2;3;11;6;11
EVAL_INSTANCE:3:0:60
EVAL_INSTANCE:3:1:61
EVAL_INSTANCE:3:2:62
EVAL_INSTANCE:3:3:63
EVAL_INSTANCE:3:4:64
EVAL_INSTANCE:3:5:65
EVAL_INSTANCE:3:6:66
EVAL_INSTANCE:3:7:67
EVAL_INSTANCE:3:8:68
EVAL_INSTANCE:3:9:69
RUN_RESULT:3:0:0:2000:----
RUN_RESULT:3:1:0:2000:----
RUN_RESULT:3:2:0:2000:----
RUN_RESULT:3:3:0:2000:----
RUN_RESULT:3:4:0:2000:----
RUN_RESULT:3:5:0:2000:----
RUN_RESULT:3:6:0:2000:----
RUN_RESULT:3:7:0:2000:----
RUN_RESULT:3:8:0:2000:----
RUN_RESULT:3:9:0:2000:----
     4 |       40 |  0.000000E+00 | -0.000000E+00
TRACK:70;4;3;4;5;3;0;3;4;5;5;5;3;18;1;6;4;6;2;3;18;2;7;-8.191843957060472;19;5;4;5;5;8
TRACK:71;4;3;3;2;2;1;1;2;1;1;4;0;20;9.742960491497655;18;0;4;20;-8.616955914179115;2;22;3.221053906906892;13;4;0;0;15;16;0;8;25;6;5;3;2;12;23;-1.8257522209405828;6;2;4;1;5;14;5;8;1;2;0;16;19;6;10;3;1;7;9.62998050044277;10;5;2;4;5;5;4;8;3;2;3;3;22;-9.455953192425353;5;3;12;1;5;5;3;6;6;5;16;4;2;5;2;4;6;11;6;6;8;4;4;1;2;19;9;1;13;20;-7.0604585125043595;3;6;0;0;0;3;0;6;18;1;7;-2.3594696693635324;20;0.8836047457815344;6;5;4;18;0;4;2;2;22;-0.31280581570357846;17;4;24;5;3;3;20;0.6123342399784608;3;6;5;2;3;11;7;-8.191843957060472
TRACK:72;8;7;2;1;3;2;0;6;6;4;1;4;16;6;21;6.190176202600192;0;2;3;5;0;18;18;6;2;2;24;24;1;22;6.5950927434167;15;6;4;3;6;18;2;1;6;6;5;5;19;4;6;0;2;16;22;-4.028209660979744;6;18;3;6;4;5;5;15;0;4;5;5;4;2;6;3;18;3;2;20;5.174240288222162;16;4;1;1;4;3;3;6;11;6;1;3;5;11;0;4;22;-6.153415675260341;5;10;1;5;1;2;2;7;-0.507259761730781;9;3;20;7.398597986655556;5;14;6;0;1;3;24;3;18;6;1;24;14;4;5;1;3;4;4;6;4;1;11;7;2.1513159599992413;6;2;3;5;4;1;15;8;6;5;4;2;8;17
TRACK:73;8;7;0;2;0;3;1;0;0;1;2;2;8;22;4.453803679787466;4;19;5;5;10;3;2;6;18;2;11;20;-4.576830747201253;4;0;2;4;10;0;8;8;4;3;22;5.1655929522909965;6;5;1;5;4;24;4;4;19;2;3;3;0;4;1;5;15;0;15;9;3;4;0;20;-2.6411137817220975;14;1;5;2;2;3;5;7;8.327604284025615;3;3;17;4;1;4;15;6;14;5;3;6;5;1;21;2.393053755785372;22;-9.393035975214021;0;5;3;0;2;3;3;0;19;17;1;5;1;8;21;9.862528904540227;5;6;19;2;2;6;0;22;-4.029760820892394;22;5.166766373596799;2;6;15;1;13;7;-7.550498204251523;2;6;1;18;15;5;6;22;-7.203221050520843;2;5;0;3;2;5;5;12;6;5;15;0;1;1;0;8;11;5;17;5;0;13;17;5;5;2;24;24;5;4;1;1;0;3;17;0;18;19;3;5;21;5.6757926461243215;3;6;6;13;6;6;2;2;2;2;3;5;5;11;4;0;1;13;7;-3.9107666011116127;4;14;0;5;3;6;14;5;6;5;10;4;4;3;2;0;18;16;4;13;2;0;4;4;4;0;18;15;4;3;6;1;7;-5.39080065380491;24;5;5;6;3;4;24
TRACK:74;5;0;5;6;0;4;4;2;3;1;6;0;17;21;2.542160989942367;5;5;18;4;5;4;5;13;4;2;1;1;4;5;3;14;2;0;3;16;0;9;23;8.700784109001493;0;1;13;12;1;21;3.0629984846299827;21;-9.152945798433269;0;1;5;1;9;19;6;3;15;4;8;6;5;2;4;3;20;-7.2798089276154965;6;3;19
TRACK:75;5;0;6;3;0;0;0;6;1;4;3;0;14;11;1;3;3;18;1;1;18;19;1;23;2.202451471318426;7;6.295262936657142;6;0;4;6;5;16;2;4;2;24;17;1;3;17;0;22;3.3268058000534104;14;6;6;4;1;5;0;8;16;0;6;14;3;14;4;0;1;1;0;1;1;21;6.9605096780551605;15;6;24;5;5;8;1;1;1;25;16;6;13;3;4;20;-9.50947292763229;1;2;3;2;23;3.7452249017076173;25;5;3;25;0;2;5;22;-1.1812355196477249;6;25;0;0;20;-2.893573958685163;8;1;15;14;3;4;2;3;2;23;1.7666920080381683;18;0;4;10;5;25
TRACK:76;4;2;4;5;3;0;3;4;5;5;5;3;18;1;6;4;6;2;3;18;2;7;-8.191843957060472;19;5;4;5;5;18
TRACK:77;4;2;5;0;0;0;3;3;2;3;6;6;19;6;0;0;22;9.973488394430042;15;5;9;1;5;0;0;2;3;11;5;11;6;0;11;10;6;2;0;7;6.36117376611756;15;5;11;1;5;2;4;2;23;0.14584256788313432;24;3;6;19;3;0;5;4;17;0;1;16;19;3;16;1;2;0;3;6;1;4;16;4;23;5.6600768061438735;4;0;1;4;24;0;14;25;4;6;18;0;4;6;1;1;13;21;-6.8732043290012035;6;23;-3.0226886077861863;0;6;6;1;9;7;-9.404662164247615;2;4;3;25;4;3;21;0.12926081566464376;1;4;2;6;4;4;11;4;1;1;15;19;3;10;6;5;0;1;2;13;14;2;19;15;4;6;24;2;0;6;3;1;4;3;5;16;0;2;3;17;3;25;2;6;12;2;10;24;2;4;0;2;6;5;24;6;0;21;-9.83009271380794;22;-6.543187674929958;5;4;0;17;19;6;5;3;4;3;19;3;6;3;6;2;3;4;15;2;1;22;-2.565535398991581;12;1;8;20;-4.421787713181349
TRACK:78;5;7;5;6;0;4;4;2;3;1;6;0;17;21;2.542160989942367;5;5;18;4;5;4;5;13;4;2;1;1;4;5;3;14;2;0;3;16;0;9;23;8.700784109001493;0;1;13;12;1;21;3.0629984846299827;21;-9.152945798433269;0;1;5;1;9;19;6;3;15;4;2;5;15;2;11;15;6;5;11
TRACK:79;5;7;0;2;0;3;1;0;0;1;2;2;8;22;4.453803679787466;4;19;5;5;10;3;2;6;18;2;11;20;-4.576830747201253;4;0;2;4;10;0;8;8;4;3;22;5.1655929522909965;6;5;1;5;4;24;4;4;19;2;3;3;0;4;1;5;15;0;15;9;3;4;0;20;-2.6411137817220975;14;1;5;2;2;3;5;7;8.327604284025615;3;3;17;4;1;4;15;6;14;5;3;6;5;1;21;2.393053755785372;22;-9.393035975214021;0;5;3;0;2;3;3;0;19;17;1;5;1;8;21;9.862528904540227;5;6;19;2;2;6;0;22;-4.029760820892394;22;5.166766373596799;2;6;15;1;13;7;-7.550498204251523;2;6;1;18;15;5;6;22;-7.203221050520843;2;5;0;3;2;5;5;12;6;5;15;0;1;1;0;8;11;5;17;5;0;13;17;5;5;0;15;11;5;4;1;1;0;3;17;0;18;19;3;5;21;5.6757926461243215;3;6;6;13;6;6;2;2;2;2;3;5;5;11;4;0;1;13;7;-3.9107666011116127;4;14;0;5;3;6;14;5;6;5;10;4;4;3;2;0;18;16;4;13;2;0;4;4;4;0;18;15;4;3;15;5;5;6;3;4;24
TRACK:80;70;-1;4;5;3;0;3;4;5;5;5;3;22;1.9226685773730097;1;6;4;6;2;3;18;2;7;-8.346942200588643;19;5;4;5;5;8
TRACK:81;72;-1;2;1;3;2;0;6;6;4;1;4;16;6;21;6.281267418504279;0;2;3;5;0;18;18;6;2;2;24;24;1;22;6.633478089187295;15;6;4;3;6;18;2;1;6;6;5;5;19;4;6;0;2;16;22;-3.8937492252382793;6;18;3;6;4;5;5;15;0;4;5;5;4;2;6;3;18;3;2;20;5.216034251717725;16;4;1;1;4;3;3;6;11;6;6;5;4;20;-8.557208408986929;1;5;1;2;2;7;-0.4461613053799214;9;3;20;7.50884311195902;5;14;6;0;1;3;24;3;18;6;1;24;14;4;5;1;3;4;4;6;4;1;11;7;2.0396823016908834;6;2;3;5;4;1;15;8;6;5;4;2;8;17
TRACK:82;74;-1;5;6;0;4;4;2;3;1;6;0;17;21;2.5797793081354987;5;5;18;4;5;4;5;13;4;2;1;1;1;3;16;4;21;1.9049723169389292;2;0;3;16;0;9;23;8.802588225719216;0;1;13;12;1;21;2.9634345345067374;21;-9.275265174619197;0;1;5;1;9;19;6;3;15;4;8;6;5;2;4;3;20;-7.249342628631872;6;3;19
TRACK:83;76;-1;4;5;3;0;3;4;5;5;5;3;18;1;6;4;6;2;3;18;2;8;19;5;4;5;5;18
TRACK:84;78;-1;5;6;0;4;4;2;3;1;6;0;17;21;2.4169530418326586;5;5;18;4;5;4;5;13;4;0;4;2;3;24;3;21;6.2177481735671485;5;5;6;11
TRACK:85;71;-1;3;2;2;1;1;2;1;1;4;0;20;9.74846502220182;18;0;4;20;-8.607094224052874;2;22;3.2161557280857895;13;4;0;0;15;16;0;8;25;6;5;3;2;12;23;-1.9478750708004722;6;2;4;1;5;14;5;8;1;2;0;16;19;6;10;3;1;7;9.539701318013638;10;5;2;4;5;5;4;8;3;2;3;3;22;-9.393395806563094;5;3;12;1;5;5;3;6;6;5;16;4;2;5;2;4;6;11;6;6;8;4;4;1;2;19;9;1;13;20;-7.105720157642887;3;6;0;0;0;3;0;6;18;1;7;-2.4645716602636827;20;0.8788328201192919;6;5;4;18;0;4;2;2;22;-0.3326727160456352;17;4;24;5;3;3;20;0.6211549291447316;3;6;1;8;23;9.812786434387586
TRACK:86;73;-1;0;2;0;3;1;0;0;1;2;2;8;22;4.496204936393921;4;19;5;5;10;3;2;6;18;2;11;20;-4.629167903601741;4;0;2;4;10;0;8;8;4;3;22;5.207428283492567;6;5;1;5;4;24;4;4;19;2;3;3;0;4;1;5;15;0;15;9;3;4;0;20;-2.7311257334807095;14;1;5;2;2;3;5;7;8.506404396056421;3;3;17;4;1;4;15;6;14;5;3;6;5;1;21;2.2451704797477667;22;-9.256267446063154;0;5;3;0;2;3;3;0;19;17;1;5;1;8;21;9.626940324138788;5;6;19;2;2;6;0;22;-4.224102248615593;22;5.158653439270927;2;6;15;1;13;7;-7.601803403796101;2;6;1;18;15;5;6;22;-7.297717662533684;2;5;0;3;2;5;5;12;6;5;15;0;1;1;0;8;11;5;17;5;0;13;17;5;5;2;24;11;5;4;1;1;0;3;17;0;18;19;3;5;21;5.631542822096119;3;6;6;13;6;6;2;2;2;2;3;5;5;11;4;0;1;13;7;-3.969831953081234;4;14;0;5;3;6;14;5;6;5;10;4;4;3;2;0;18;16;4;13;2;0;4;4;4;0;18;15;4;3;6;1;7;-5.472525872539999;24;5;5;6;3;4;24
TRACK:87;75;-1;6;3;0;0;0;6;1;4;3;0;14;11;1;3;3;18;1;1;18;19;1;23;2.3266529041060897;7;6.280590580196907;6;0;4;6;5;16;2;4;2;24;17;1;5;20;1.2583175948722314;0;22;3.315489698519335;14;6;6;4;1;5;0;8;16;0;6;14;3;14;4;0;1;1;0;1;1;21;7.014985048354671;15;6;24;5;5;8;1;1;1;25;16;6;13;3;4;20;-9.701554631911598;1;2;3;2;23;3.7967295567833053;25;5;3;25;0;2;5;22;-1.1052345107912784;6;25;0;0;20;-2.853268850325964;8;1;15;14;3;4;2;3;2;23;1.8424029934815567;18;0;4;10;5;25
TRACK:88;77;-1;5;0;0;0;3;3;2;3;6;6;19;6;0;0;22;9.975589735654987;15;5;9;1;5;0;0;2;3;11;5;11;6;0;11;10;6;2;0;7;6.243564708796992;15;5;11;1;5;2;4;2;23;0.03173608649134327;24;3;6;19;3;0;5;4;17;0;1;16;19;3;16;1;2;0;3;6;1;4;16;4;23;5.57761395015733;4;0;1;4;24;0;14;25;4;6;18;0;4;6;1;1;13;21;-6.756732931684416;6;23;-2.9639172966661134;0;6;6;1;9;7;-9.410721456716361;2;4;3;25;4;3;21;0.37184072312721805;1;4;2;6;4;4;11;4;1;1;19;22;7.618446982183439;3;10;6;5;0;1;2;13;14;2;19;15;4;6;24;2;0;6;3;1;4;3;5;16;0;2;3;17;3;25;2;6;12;2;10;24;2;4;0;2;6;5;24;6;0;21;-9.765287394011802;22;-6.481860181025447;5;4;0;17;19;6;5;3;4;3;19;3;6;3;6;2;3;4;15;2;1;22;-2.55381510049198;12;1;8;20;-4.137119315930523
TRACK:89;79;-1;0;2;0;3;1;0;0;1;2;2;8;22;4.59670458644969;4;19;5;5;10;3;2;6;18;2;11;20;-4.5979824003584095;4;0;2;4;10;0;8;8;4;3;22;5.160935281456233;6;5;1;5;4;24;4;4;19;2;3;3;0;4;1;5;15;0;15;9;3;4;0;20;-2.6022258517786905;14;1;5;2;2;3;5;7;8.422468398105321;3;3;17;4;1;4;15;6;14;5;3;6;5;1;21;2.457782469553283;22;-9.22294947665828;0;5;3;0;2;3;3;0;19;17;1;5;1;8;21;9.929748662177012;5;6;19;2;2;6;0;22;-4.190732889571998;22;5.243174598395935;2;6;15;1;13;7;-7.74961475449828;2;6;1;18;15;5;6;22;-7.197342924810589;2;5;0;3;2;5;5;12;6;5;15;0;1;1;0;8;11;5;14;5;0;13;17;5;5;0;15;11;5;4;1;1;0;3;17;0;18;19;3;5;21;5.668793375018883;3;6;6;13;6;6;2;2;2;2;3;5;5;11;4;0;1;13;7;-4.076961315692993;4;14;0;5;3;6;14;5;6;5;10;4;4;3;2;0;18;16;4;13;2;0;4;4;4;0;18;15;4;3;15;5;5;6;3;4;24
EVAL_INSTANCE:4:0:80
EVAL_INSTANCE:4:1:81
EVAL_INSTANCE:4:2:82
EVAL_INSTANCE:4:3:83
EVAL_INSTANCE:4:4:84
EVAL_INSTANCE:4:5:85
EVAL_INSTANCE:4:6:86
EVAL_INSTANCE:4:7:87
EVAL_INSTANCE:4:8:88
EVAL_INSTANCE:4:9:89
RUN_RESULT:4:0:0:2000:----
RUN_RESULT:4:1:0:2000:----
RUN_RESULT:4:2:0:2000:----
RUN_RESULT:4:3:0:2000:----
RUN_RESULT:4:4:0:2000:----
RUN_RESULT:4:5:0:2000:----
RUN_RESULT:4:6:0:2000:----
RUN_RESULT:4:7:0:2000:----
RUN_RESULT:4:8:0:2000:----
RUN_RESULT:4:9:0:2000:----
     5 |       50 |  0.000000E+00 | -0.000000E+00
TRACK:90;9;2;2;3;4;1;2;0;2;6;3;3;17;3;5;1;19;25;4;6;4;2;21;-0.13464883119892512;10;3;4;2;3;4;22;-7.890205230346989;5;0;17;11;0;1;6;1;4;5;23;6.227628086098182;1;3;15;3;15;0;3;0;1;25;14;3;25;6;2;4;23;-3.3627407116145447;5;18;1;4;2;2;6;16;4;17;2;1;24;18;3;25;5;2;3;6;23;-4.111668872741618;0;0;9;11;3;15;6;3;4;4;3;4;1;5;3;13;0;0;18;19;3;20;-3.7894416492369025
TRACK:91;9;2;5;0;0;0;3;3;2;3;6;6;19;6;0;0;22;9.973488394430042;15;5;9;1;5;0;0;2;3;11;5;11;6;0;11;10;6;2;0;7;6.36117376611756;15;5;11;1;5;2;4;2;23;0.14584256788313432;24;3;6;19;3;0;5;4;17;0;1;16;19;3;16;1;2;0;3;6;1;4;16;4;23;5.6600768061438735;4;0;1;4;24;0;14;25;4;6;18;0;4;6;1;1;13;21;-6.8732043290012035;6;23;-3.0226886077861863;0;6;6;1;19;7;-9.404662164247615;2;4;3;25;4;3;21;0.12926081566464376;1;4;2;6;4;4;11;4;1;1;15;19;3;10;6;5;0;1;2;13;14;2;19;15;4;6;24;2;0;6;3;1;4;3;5;16;0;2;3;17;3;25;2;6;12;2;10;24;2;4;0;2;6;5;24;6;0;21;-9.83009271380794;22;-6.543187674929958;5;4;0;17;24;6;5;3;4;3;19;3;6;3;6;2;3;4;15;2;1;22;-2.565535398991581;12;1;8;20;-4.421787713181349
TRACK:92;8;6;2;1;3;2;0;6;6;4;1;4;16;6;21;6.190176202600192;0;2;3;5;0;18;18;6;2;2;24;24;1;22;6.5950927434167;15;6;4;3;6;18;2;1;6;6;5;5;19;4;6;0;2;16;22;-4.028209660979744;6;18;3;6;4;5;5;15;0;4;5;5;4;2;6;3;18;3;2;20;5.174240288222162;16;4;1;1;4;3;3;6;11;6;1;3;5;11;0;4;22;-6.153415675260341;5;10;1;5;1;2;2;7;-0.507259761730781;9;3;20;7.398597986655556;5;1;7;-8.58601422223352;16;6;0;1;15;3;18;6;1;24;14;4;5;1;3;4;4;6;4;1;11;7;2.1513159599992413;6;2;3;5;4;1;15;8;6;5;4;2;8;17
TRACK:93;8;6;5;6;19
TRACK:94;0;9;6;3;0;0;0;6;1;4;3;0;14;11;1;3;3;18;1;1;18;19;1;23;2.202451471318426;7;6.295262936657142;6;0;4;6;5;16;2;4;2;24;17;1;3;17;0;22;3.3268058000534104;14;6;6;4;1;5;0;8;16;0;6;14;3;14;4;0;1;1;0;1;1;21;6.9605096780551605;15;6;24;5;5;8;1;1;1;25;24;6;13;3;4;20;-9.50947292763229;1;2;3;2;23;3.7452249017076173;25;5;3;25;0;2;5;22;-1.1812355196477249;0;17;11;0;0;20;-2.893573958685163;8;1;15;14;3;4;2;3;2;23;1.7666920080381683;18;0;4;10;5;25
TRACK:95;0;9;2;3;4;1;2;0;2;6;3;3;17;3;5;1;19;25;4;6;4;2;21;-0.13464883119892512;10;3;4;2;3;4;22;-7.890205230346989;5;0;17;11;0;1;6;1;4;5;23;6.227628086098182;1;3;15;3;15;0;3;0;1;25;14;3;25;6;2;4;23;-3.3627407116145447;5;18;1;4;2;2;6;16;4;17;2;1;24;18;6;15;5;2;3;6;23;-4.111668872741618;0;0;9;11;3;15;6;3;4;4;3;4;1;5;3;13;0;17;3;20;-3.7894416492369025
TRACK:96;1;4;5;6;6;4;2;6;6;5;6;0;8;25;4;0;3;2;7;-8.191843957060472;19;6;4;6;18
TRACK:97;1;4;4;5;3;0;3;4;5;5;5;3;18;1;6;4;6;2;3;18;25;5;4;5;5;1;22;-4.517676557601742;25
TRACK:98;2;0;5;0;0;0;3;3;2;3;6;6;19;6;0;0;22;9.973488394430042;15;5;9;1;5;0;0;2;3;11;5;11;6;0;11;10;6;2;0;7;6.36117376611756;15;5;11;1;5;2;4;2;23;0.14584256788313432;24;3;6;19;3;0;5;4;17;0;1;16;19;3;16;1;2;0;3;6;1;4;16;4;23;5.6600768061438735;4;0;1;4;24;0;14;25;4;6;18;0;4;6;1;1;13;21;-6.8732043290012035;6;23;-3.0226886077861863;0;6;6;1;9;7;-9.404662164247615;2;4;3;25;5;16;1;4;2;6;4;4;11;4;1;1;15;19;3;10;6;5;0;1;2;13;14;2;19;15;4;6;24;2;0;6;3;1;4;3;5;16;0;2;3;17;3;25;2;6;12;2;10;24;2;4;0;2;6;5;24;6;0;21;-9.83009271380794;22;-6.543187674929958;5;4;0;17;24;6;5;3;4;3;19;3;6;3;6;2;3;4;15;2;1;22;-2.565535398991581;12;1;8;20;-4.421787713181349
TRACK:99;2;0;6;3;0;0;0;6;1;4;3;0;14;11;1;3;3;18;1;1;18;19;1;23;2.202451471318426;7;6.295262936657142;6;0;4;6;5;16;2;4;2;24;17;1;3;17;0;22;3.3268058000534104;14;6;6;4;1;5;0;8;16;0;6;14;3;14;4;0;1;1;0;1;1;21;6.9605096780551605;15;6;24;5;5;8;1;1;1;25;24;6;13;3;4;12;1;2;3;2;23;3.7452249017076173;25;5;3;25;0;2;5;22;-1.1812355196477249;6;25;0;0;20;-2.893573958685163;8;1;15;14;3;4;2;3;2;23;1.7666920080381683;18;0;4;10;5;25
TRACK:100;90;-1;2;3;4;1;2;0;2;6;3;3;17;3;5;1;19;25;4;6;4;2;21;0.024083888211074406;10;3;4;2;3;4;22;-7.981666646363159;5;0;17;11;0;1;6;1;4;5;23;6.143603270625806;1;3;15;3;15;0;3;0;1;25;14;3;25;6;2;4;23;-3.6029407104399866;5;18;1;4;2;2;6;16;4;17;2;1;24;18;3;25;5;2;3;2;12;12;0;0;9;11;3;15;6;3;4;4;3;4;1;5;3;13;0;0;18;19;3;20;-3.760788699247077
TRACK:101;92;-1;2;1;3;2;0;6;6;4;1;4;16;6;21;6.406711752172788;0;2;3;5;0;18;18;6;2;2;24;24;1;22;6.401091594189347;15;6;4;3;6;18;2;1;6;6;5;5;19;4;6;0;2;16;22;-3.849157282512291;6;18;3;6;4;5;5;15;0;4;5;5;4;2;6;3;18;3;2;20;5.154877463960933;16;4;1;1;4;3;3;6;11;6;1;3;5;11;0;4;22;-6.298013216455223;5;10;1;5;1;2;2;7;-0.3218827686754012;9;3;20;7.317662169550305;5;1;7;-8.633141339512061;16;6;0;1;15;4;19;6;1;24;14;4;5;1;3;4;4;6;4;1;11;7;2.125796666312384;6;2;3;5;4;1;15;8;6;5;4;2;8;17
TRACK:102;94;-1;6;3;0;0;0;6;1;4;3;0;14;11;1;3;3;18;1;1;18;19;1;23;2.283683472452879;7;6.394211204305146;6;0;4;6;5;16;2;4;2;24;17;1;3;17;0;22;3.238304764799224;14;6;6;4;1;5;0;8;16;0;6;14;3;14;4;0;1;1;0;1;1;21;6.936340949536106;15;6;24;5;5;8;1;1;1;25;24;6;13;3;4;20;-9.41003095821988;1;2;3;2;23;3.597390703256741;25;5;3;12;0;2;5;22;-1.0199216230246972;0;17;11;0;0;20;-2.875398055738304;8;1;15;14;3;4;2;3;2;23;1.709325317865939;18;0;4;10;5;25
TRACK:103;96;-1;5;6;6;4;2;6;6;5;6;0;8;25;4;0;3;2;7;-8.287367969988066;19;6;4;1;11;11
TRACK:104;2;-1;5;0;0;0;3;3;2;3;6;6;19;6;0;0;22;9.943791161915822;15;5;9;1;5;0;0;2;3;11;5;11;6;0;11;10;6;2;0;7;6.281572200838651;15;5;11;1;5;2;4;2;23;0.22065678539087263;24;3;6;19;3;0;5;4;17;0;1;16;19;3;16;1;2;0;3;6;1;4;16;4;23;5.685364618490248;4;0;1;4;24;0;14;25;4;6;18;0;4;6;1;1;13;21;-7.0601790310689;6;23;-3.144039117154996;0;6;6;1;9;7;-9.41777216812138;2;4;3;25;4;3;21;0.2485719348195532;1;4;2;6;4;4;11;4;1;1;15;19;3;10;6;5;0;1;2;17;14;2;19;15;4;6;24;2;0;6;3;1;4;3;5;16;0;2;3;17;3;25;2;6;12;2;10;24;2;4;0;2;6;5;24;6;0;21;-9.834638179648584;22;-6.602643949803582;5;4;0;17;24;6;5;3;4;3;19;3;6;3;6;2;3;4;15;2;1;22;-2.5712746725631863;12;1;8;20;-4.457638413735792
TRACK:105;91;-1;5;0;0;0;3;3;2;3;6;6;19;6;0;22;3.224445064695754;24;1;5;0;0;2;3;11;5;11;6;0;11;10;6;2;0;7;6.432570592464433;15;5;11;1;5;2;4;2;23;0.17332671082852755;24;3;6;19;3;0;5;4;17;0;1;16;19;3;16;1;2;0;3;6;1;4;16;4;23;5.711656619223548;4;0;1;4;24;0;14;25;4;6;18;0;4;6;1;1;13;21;-6.810994719126279;6;23;-3.124220415703365;0;6;6;1;19;7;-9.448046235361257;2;4;3;25;4;3;21;0.25225779806039783;1;4;2;6;4;4;11;4;1;1;15;19;3;10;6;5;0;1;2;13;14;2;19;15;4;6;24;2;0;6;3;1;4;3;5;16;0;2;3;17;3;25;2;6;12;2;10;24;2;4;0;2;6;5;24;6;0;21;-9.791140933893686;22;-6.694378657677607;5;4;0;17;24;6;5;3;4;3;19;3;6;3;6;2;3;4;15;2;1;22;-2.6241118630397273;12;1;8;20;-4.250392471542715
TRACK:106;93;-1;0;1;3;0;6;3;5;25;6;2;6;21;7.357594104489667;4;22;4.079915143263239;2;2;1;0;5;21;7.1408183171236885;5;8;0;0;7;-7.397236956490261;20;-0.8916616210317763;0;25;15;0;0;3;15;3;25;4;3;19;4;0;3;2;8;19;4;6;14;2;2;0;5;1;0;15;17;6;13;1;6;1;15;21;-9.175880015744784;0;3;18;1;16;19;6;6;0;3;23;8.656011572208172;0;22;3.618176321374582;22;2.4502089484589327;1;2;2;2;0;20;-1.2346917550032206;17;3;7;4.15631616378227;2;4;20;6.450627961211396;3;10;0;2;3;10;1;12;12;1;1;15;22;8.49685202547597;3;11;4;1;3;0;13;22;9.353431992760473;0;5;10;0;13;11
TRACK:107;95;-1;2;3;4;1;2;0;2;6;3;3;17;3;5;1;19;25;4;6;4;2;21;-0.15381774303414808;10;3;4;2;3;4;22;-7.95827716763042;5;0;17;11;0;1;6;1;4;5;23;6.267630976621581;1;3;15;3;15;0;3;0;1;25;14;3;25;6;2;4;23;-3.368190225921623;5;18;1;4;2;2;6;16;4;17;2;1;24;18;6;15;5;2;3;6;23;-3.9852066030800097;0;4;14;3;15;6;3;4;4;3;4;1;5;3;13;0;17;3;20;-3.9026669650996224
TRACK:108;97;-1;4;5;3;0;3;4;5;5;3;9;1;6;4;6;2;3;18;25;5;4;5;5;1;22;-4.6267201457146605;25
TRACK:109;0;-1;6;3;0;0;0;6;1;4;3;0;14;11;1;3;3;18;1;1;18;19;1;23;2.252711800014485;7;6.188976899290272;6;0;4;6;5;16;2;4;2;24;17;1;3;17;0;22;3.282774358200661;14;6;6;4;1;5;0;8;16;0;6;14;3;14;4;0;1;1;0;1;1;8;15;6;24;5;5;8;1;1;1;25;24;6;13;3;4;20;-9.625612297687528;1;2;3;2;23;3.7480798108437305;25;5;3;25;0;2;5;22;-1.1489049913090628;6;25;0;0;20;-2.9148619692802176;8;1;15;14;3;4;2;3;2;23;1.766751067014588;18;0;4;10;5;25
EVAL_INSTANCE:5:0:100
EVAL_INSTANCE:5:1:101
EVAL_INSTANCE:5:2:102
EVAL_INSTANCE:5:3:103
EVAL_INSTANCE:5:4:104
EVAL_INSTANCE:5:5:105
EVAL_INSTANCE:5:6:106
EVAL_INSTANCE:5:7:107
EVAL_INSTANCE:5:8:108
EVAL_INSTANCE:5:9:109
RUN_RESULT:5:0:0:2000:----
RUN_RESULT:5:1:0:2000:----
RUN_RESULT:5:2:0:2000:----
RUN_RESULT:5:3:0:2000:----
RUN_RESULT:5:4:0:2000:----
RUN_RESULT:5:5:0:2000:----
RUN_RESULT:5:6:0:2000:----
RUN_RESULT:5:7:0:2000:----
RUN_RESULT:5:8:0:2000:----
RUN_RESULT:5:9:0:2000:----
     6 |       60 |  0.000000E+00 | -0.000000E+00
TRACK:110;4;5;4;5;3;0;3;5;4;5;13;1;6;4;6;2;3;18;2;7;-8.191843957060472;19;5;4;5;5;1;22;-4.517676557601742;25
TRACK:111;4;5;5;6;0;4;4;2;3;1;6;0;17;21;2.542160989942367;5;5;18;4;5;4;5;13;4;2;1;1;4;18;2;0;3;16;0;9;23;8.700784109001493;0;1;13;12;1;21;3.0629984846299827;21;-9.152945798433269;0;1;5;1;9;19;6;3;15;4;2;5;15;2;11;15;6;5;2;4;3;20;-7.2798089276154965;6;3;19
TRACK:112;7;1;0;2;0;3;1;0;0;1;2;2;8;22;4.453803679787466;4;19;5;5;10;3;2;6;18;2;11;20;-4.576830747201253;4;0;2;4;10;0;8;8;4;3;22;5.1655929522909965;6;5;1;5;4;24;4;4;19;2;3;3;0;4;1;5;15;0;15;9;3;4;0;20;-2.6411137817220975;14;1;5;2;2;3;5;7;8.327604284025615;3;3;17;4;1;4;15;6;14;5;3;6;5;1;21;2.393053755785372;22;-9.393035975214021;0;5;3;0;2;3;3;0;19;17;1;5;1;8;21;9.862528904540227;5;6;19;2;2;6;0;22;-4.029760820892394;22;5.166766373596799;2;6;15;1;13;7;-7.550498204251523;2;6;1;18;15;5;6;22;-7.203221050520843;2;5;0;3;2;5;5;12;6;5;15;0;1;1;0;8;11;5;17;5;0;13;17;5;5;0;15;11;5;4;1;1;0;3;17;0;18;19;3;5;21;5.6757926461243215;3;12;6;6;2;2;2;2;3;5;5;11;4;0;1;13;7;-3.9107666011116127;4;14;0;5;3;6;14;5;6;5;10;4;4;3;2;0;18;16;4;13;2;0;4;4;4;0;18;15;4;3;6;1;7;-5.39080065380491;24;5;5;6;3;4;24
TRACK:113;7;1;5;6;6;4;2;6;6;5;6;0;8;25;4;0;3;1;4;12;6;20;-1.0233206279622031;5;1;8;21;9.862528904540227
TRACK:114;3;6;3;2;2;1;1;2;1;1;4;0;20;9.742960491497655;18;0;4;20;-8.616955914179115;2;22;3.221053906906892;13;4;0;0;15;16;0;8;25;6;5;3;2;12;23;-1.8257522209405828;6;2;4;1;5;14;5;8;1;2;0;16;19;6;10;3;1;7;9.62998050044277;10;5;2;4;5;5;4;8;3;2;3;3;22;-9.455953192425353;5;3;12;1;5;5;3;6;6;5;16;4;2;5;1;8;22;-2.1002583620342925;4;4;1;2;19;9;1;13;20;-7.0604585125043595;3;6;0;0;0;3;0;6;18;1;7;-2.3594696693635324;20;0.8836047457815344;6;5;4;18;0;4;2;2;22;-0.31280581570357846;17;4;24;5;3;3;20;0.6123342399784608;3;6;5;2;3;11;6;11
TRACK:115;3;6;5;6;0;5;5;5;3;0;25;2;2;24;18;2;7;-7.469443974000358;15;6;0;3;1;3;2;2;24;15;1;8;22;-2.1002583620342925;6;3;1;20;-4.476998301378119;17;1;6;1;6;1;23;3.5804700677064574;21;-8.351266563700355;3;2;20;0.6905140637147262;16;3;0;5;5;9;6;6;7;3.383040986546062
TRACK:116;2;7;5;0;0;0;3;3;2;3;6;6;19;6;0;0;22;9.973488394430042;15;5;9;1;5;0;0;2;3;11;5;11;6;0;11;10;6;2;0;7;6.36117376611756;15;5;11;1;5;21;2.393053755785372;3;0;5;4;17;0;1;16;19;3;16;1;2;0;3;6;1;4;16;4;23;5.6600768061438735;4;0;1;4;24;0;14;25;4;6;18;0;4;6;1;1;13;21;-6.8732043290012035;6;23;-3.0226886077861863;0;6;6;1;9;7;-9.404662164247615;2;4;3;25;4;3;21;0.12926081566464376;1;4;2;6;4;4;11;4;1;1;15;19;3;10;6;5;0;1;2;13;14;2;19;15;4;6;24;2;0;6;3;1;4;3;5;16;0;2;3;17;3;25;2;6;12;2;10;24;2;4;0;2;6;5;24;6;0;21;-9.83009271380794;22;-6.543187674929958;5;4;0;17;24;6;5;3;4;3;19;3;6;3;6;2;3;4;15;2;1;22;-2.565535398991581;12;1;8;20;-4.421787713181349
TRACK:117;2;7;0;2;0;3;1;0;0;1;2;2;8;22;4.453803679787466;4;19;5;5;10;3;2;6;18;2;11;20;-4.576830747201253;4;0;2;4;10;0;8;23;5.6600768061438735;4;3;22;5.1655929522909965;6;5;1;5;4;24;4;4;19;2;3;3;0;4;1;5;15;0;15;9;3;4;0;20;-2.6411137817220975;14;1;5;2;2;3;5;7;8.327604284025615;3;3;17;4;1;4;15;6;14;5;3;6;5;1;21;2.393053755785372;22;-9.393035975214021;0;5;3;0;2;3;3;0;19;17;1;5;1;8;21;9.862528904540227;5;6;19;2;2;6;0;22;-4.029760820892394;22;5.166766373596799;2;6;15;1;13;7;-7.550498204251523;2;6;1;18;15;5;6;22;-7.203221050520843;2;5;0;3;2;5;5;12;6;5;15;0;1;1;0;8;11;5;17;5;0;13;17;5;5;0;15;11;5;4;1;1;0;3;17;0;18;19;3;5;21;5.6757926461243215;3;6;6;13;6;6;2;2;2;2;3;5;5;11;4;0;1;13;7;-3.9107666011116127;4;14;0;5;3;6;14;5;6;5;10;4;4;3;2;0;18;16;4;13;2;0;4;4;4;0;18;15;4;3;6;1;7;-5.39080065380491;24;5;5;6;3;4;24
TRACK:118;1;3;5;6;6;3;12
TRACK:119;1;3;3;2;2;1;1;2;1;1;4;0;12;18;0;4;20;-8.616955914179115;2;22;3.221053906906892;13;4;0;0;15;16;0;8;25;6;5;3;2;12;23;-1.8257522209405828;6;2;4;1;5;14;5;8;1;2;0;16;19;6;10;3;1;7;9.62998050044277;10;5;2;4;5;5;4;8;3;2;3;3;22;-9.455953192425353;5;3;12;1;5;5;3;6;6;5;16;4;2;5;2;4;6;11;6;6;8;4;4;1;2;19;9;1;13;20;-7.0604585125043595;3;6;0;0;0;3;0;6;18;1;7;-2.3594696693635324;20;0.8836047457815344;6;5;4;18;0;4;2;2;22;-0.31280581570357846;17;4;24;5;3;3;20;0.6123342399784608;3;6;5;2;3;11;6;11
TRACK:120;110;-1;4;5;3;0;3;5;4;5;13;0;1;4;5;0;22;-3.2168679101033177;10;5;0;4;11;5;20;3.2076336982164015;5;2;6;4;13;6;1;16;15
TRACK:121;112;-1;0;2;0;3;1;0;0;1;2;2;8;22;4.429944607457199;4;19;5;5;10;3;2;6;18;2;11;20;-4.4978255559927405;4;0;2;4;10;0;8;8;4;3;22;5.253868984700554;6;5;1;5;4;24;4;4;19;2;3;3;0;0;21;7.877811684209135;10;6;8;1;5;2;2;3;5;7;8.308761975684268;3;3;17;4;1;4;15;6;14;5;3;6;5;1;21;2.2006427545141363;22;-9.320634288391737;0;5;3;0;2;3;3;0;19;17;1;5;1;8;21;9.855722997811036;5;6;19;2;2;6;0;22;-4.066547156418776;22;5.226053973163096;2;6;15;1;13;7;-7.603045417511089;2;6;1;18;15;5;6;22;-7.075756357401687;2;5;0;3;2;5;5;12;6;5;15;0;1;1;0;8;11;5;17;5;0;13;17;5;5;0;15;11;5;4;1;1;0;3;17;0;18;19;3;5;21;5.574574879045221;3;12;6;6;2;2;2;2;3;5;5;11;4;0;1;13;7;-3.830138724360974;4;14;0;5;3;6;14;5;6;5;10;4;4;3;2;0;18;16;4;13;2;0;4;4;4;0;18;15;4;3;6;1;7;-5.486231101234529;24;5;5;6;3;4;24
TRACK:122;114;-1;3;2;2;1;1;2;1;1;4;0;20;9.744409464904752;18;0;4;20;-8.366363065518621;2;22;3.2102556616176137;13;4;0;0;15;16;0;8;25;6;5;3;2;12;23;-1.6747936708581077;6;2;4;1;5;14;5;8;1;2;0;16;19;6;10;3;1;7;9.527807623014503;10;5;2;4;5;5;4;8;3;2;3;3;22;-9.371462670793456;5;3;12;1;5;5;3;6;6;5;16;4;2;5;1;8;22;-2.196416036367295;5;5;0;18;18;3;6;0;0;0;3;0;6;18;1;7;-2.3201903155207404;20;0.9730948606630017;6;5;4;18;0;4;2;2;22;-0.4050473130980831;17;4;24;5;3;3;20;0.590108270105937;3;6;5;2;3;11;6;11
TRACK:123;116;-1;5;0;0;0;3;3;2;3;6;6;19;6;0;0;22;10.0;15;5;9;1;5;0;0;2;3;11;5;11;6;0;11;10;6;2;0;7;6.335068468774423;15;5;11;1;5;21;2.3390772001519613;3;0;5;4;17;0;1;16;19;3;16;1;2;0;3;6;1;4;16;4;23;5.481905159359135;4;0;1;4;24;0;14;25;4;6;18;0;4;6;1;1;13;21;-6.778627468656419;6;23;-3.0557079605496407;0;6;6;1;9;7;-9.292921181321809;2;4;3;25;4;3;21;0.1432507834270615;1;4;2;6;4;4;11;4;1;1;15;19;3;10;6;5;0;1;2;13;14;2;19;15;4;6;24;2;0;6;3;1;4;5;8;0;2;3;17;3;25;2;6;12;2;10;24;2;4;0;2;6;5;24;6;0;21;-9.940974609826014;22;-6.607998115344461;5;4;0;17;24;6;5;3;4;3;19;3;6;3;6;2;3;4;15;2;1;22;-2.49112626257728;12;1;8;20;-4.386338728088096
TRACK:124;118;-1;5;6;6;4;2;3;0;4;6;4;25;2;5;3;19;5;2;22;-7.864460601352199;21;4.475175358881424;4;1;4;4;6;12;3;2;4;11;4;18
TRACK:125;111;-1;5;6;0;4;4;2;3;1;6;0;17;21;2.6233580237212877;5;5;18;4;5;4;5;13;4;2;1;1;4;18;2;0;3;16;0;9;23;8.821114450943023;0;1;13;12;1;21;3.0648056795108083;21;-9.01152228892388;0;1;5;1;9;19;6;3;15;4;2;5;15;2;17;15;6;5;2;4;3;20;-7.549890692247938;6;3;19
TRACK:126;113;-1;5;6;1;1;15;23;-5.877097114505223;1;25;21;-5.251850657474226
TRACK:127;115;-1;5;6;0;5;5;5;3;0;25;2;2;24;18;2;7;-7.542746052583077;15;6;0;3;1;3;2;2;24;15;1;8;22;-2.1446322264104323;6;3;1;20;-4.368436213601472;17;1;6;1;6;1;23;3.531297318547318;19;3;2;20;0.6726515468364478;16;3;0;5;5;9;6;6;7;3.4395966330740757
TRACK:128;117;-1;0;2;0;3;1;0;0;1;2;2;8;22;4.24938301520228;4;19;5;5;10;3;2;6;18;2;11;20;-4.746266794854028;4;0;2;4;10;0;8;23;5.714040175459081;4;3;22;5.110831708144424;6;5;1;5;4;24;4;4;19;2;3;3;0;4;1;5;15;0;15;9;3;4;0;20;-2.6849571374210512;14;1;5;2;2;3;5;7;8.355668106799937;3;3;17;4;1;4;15;6;14;5;3;6;5;1;21;2.3593467828253933;22;-9.386555962625467;0;5;3;0;2;3;3;0;19;17;1;5;1;8;21;9.780772510543986;5;6;19;2;2;6;0;22;-4.181332495305685;22;5.006109932877865;2;6;15;1;13;7;-7.531565792807807;2;6;1;18;15;5;6;22;-7.118420994505625;2;5;0;3;2;5;5;12;6;5;10;0;1;1;0;8;11;5;17;5;0;13;17;5;5;0;15;11;5;4;1;1;0;3;17;0;18;19;3;5;21;5.622087155533633;3;6;6;13;6;6;2;2;2;2;3;5;5;11;4;0;1;13;7;-3.9230750558519762;4;14;0;5;3;6;14;5;6;5;10;4;4;3;2;0;18;16;4;13;2;0;4;4;4;0;18;15;4;3;6;1;7;-5.3289776850251105;24;5;5;6;3;4;24
TRACK:129;119;-1;3;2;2;1;1;2;1;5;4;17;4;0;0;15;16;0;8;25;6;5;3;2;12;23;-1.734113273326162;6;2;4;1;5;14;5;8;1;2;0;16;19;6;10;3;1;7;9.73295567724453;10;5;2;4;5;5;4;8;3;2;3;3;22;-9.637957305958665;5;3;12;1;5;5;3;6;6;5;16;4;2;5;2;4;6;11;6;6;8;4;4;1;2;19;9;1;13;20;-7.125941809597373;3;6;0;0;0;3;0;6;18;1;7;-2.2340249662165905;20;0.7257934388974888;6;5;4;18;0;4;2;2;22;-0.4350105202119764;17;4;24;5;3;3;20;0.5561887248817367;3;6;5;2;3;11;6;11
EVAL_INSTANCE:6:0:120
EVAL_INSTANCE:6:1:121
EVAL_INSTANCE:6:2:122
EVAL_INSTANCE:6:3:123
EVAL_INSTANCE:6:4:124
EVAL_INSTANCE:6:5:125
EVAL_INSTANCE:6:6:126
EVAL_INSTANCE:6:7:127
EVAL_INSTANCE:6:8:128
EVAL_INSTANCE:6:9:129
RUN_RESULT:6:0:0:2000:----
RUN_RESULT:6:1:0:2000:----
RUN_RESULT:6:2:0:2000:----
RUN_RESULT:6:3:0:2000:----
RUN_RESULT:6:4:0:2000:----
RUN_RESULT:6:5:0:2000:----
RUN_RESULT:6:6:0:2000:----
RUN_RESULT:6:7:0:2000:----
RUN_RESULT:6:8:0:2000:----
RUN_RESULT:6:9:0:2000:----
     7 |       70 |  0.000000E+00 | -0.000000E+00
TRACK:130;3;1;3;2;2;1;1;2;1;1;4;0;20;9.742960491497655;18;0;4;20;-8.616955914179115;2;22;3.221053906906892;13;4;0;0;15;16;0;8;25;6;5;3;2;12;23;-1.8257522209405828;6;2;4;1;5;14;5;8;1;2;0;16;19;6;10;3;1;7;9.62998050044277;10;5;2;4;5;5;4;8;3;2;3;3;22;-9.455953192425353;5;3;12;1;5;5;3;6;6;5;16;4;2;5;2;6;20;-1.0233206279622031;6;6;8;4;4;1;2;19;9;1;13;20;-7.0604585125043595;3;6;0;0;0;3;0;6;18;1;7;-2.3594696693635324;20;0.8836047457815344;6;5;4;18;0;4;2;2;22;-0.31280581570357846;17;4;24;5;3;3;20;0.6123342399784608;3;6;5;2;3;11;6;11
TRACK:131;3;1;5;6;15
TRACK:132;9;0;2;3;4;1;2;0;2;6;3;3;17;3;5;1;19;25;4;6;4;2;21;-0.13464883119892512;10;3;4;2;3;4;22;-7.890205230346989;5;0;17;11;0;1;6;1;4;5;23;6.227628086098182;1;3;15;3;15;0;3;0;1;25;14;3;25;6;2;4;23;-3.3627407116145447;5;18;1;4;2;2;6;16;4;17;2;1;24;18;6;15;5;2;3;6;23;-4.111668872741618;0;0;24;11;3;15;6;3;4;4;3;4;1;5;3;13;0;0;18;19;3;20;-3.7894416492369025
TRACK:133;9;0;6;3;0;0;0;6;1;4;3;0;14;11;1;3;3;18;1;1;18;19;1;23;2.202451471318426;7;6.295262936657142;6;0;4;6;5;16;2;4;2;24;25;1;3;17;0;22;3.3268058000534104;14;6;6;4;1;5;0;8;16;0;6;14;3;14;4;0;1;1;0;1;1;21;6.9605096780551605;15;6;24;5;5;8;1;1;1;25;24;6;13;3;4;20;-9.50947292763229;1;2;3;2;23;3.7452249017076173;25;5;3;25;0;2;5;22;-1.1812355196477249;6;25;0;0;20;-2.893573958685163;8;1;15;14;3;4;2;3;2;23;1.7666920080381683;18;0;4;10;5;25
TRACK:134;4;0;4;5;3;0;3;4;5;5;5;3;18;1;6;4;6;2;3;14;2;7;-8.191843957060472;19;5;4;5;5;1;22;-4.517676557601742;25
TRACK:135;4;0;6;3;0;0;0;6;1;4;3;0;14;11;1;3;3;18;1;1;18;19;1;23;2.202451471318426;7;6.295262936657142;6;0;4;6;5;16;2;4;2;24;17;1;3;17;0;22;3.3268058000534104;14;6;6;4;1;5;0;8;16;0;6;14;3;14;4;0;1;1;0;1;1;21;6.9605096780551605;15;6;24;5;5;8;1;1;1;25;24;6;13;3;4;20;-9.50947292763229;1;2;3;2;23;3.7452249017076173;25;5;3;25;0;2;22;-4.517676557601742;6;25;0;0;20;-2.893573958685163;8;1;15;14;3;4;2;3;2;23;1.7666920080381683;18;0;4;10;5;25
TRACK:136;7;3;0;2;0;3;1;0;0;1;2;2;8;22;4.453803679787466;4;19;5;5;10;3;2;6;18;2;11;20;-4.576830747201253;4;0;2;4;10;0;8;8;4;3;22;5.1655929522909965;6;5;1;5;4;24;4;4;19;2;3;3;0;4;1;5;15;0;15;9;3;4;0;20;-2.6411137817220975;14;1;5;2;2;3;5;7;8.327604284025615;3;3;17;4;1;4;15;6;14;5;3;6;5;1;21;2.393053755785372;22;-9.393035975214021;0;5;3;0;2;3;3;0;19;17;1;5;1;8;21;9.862528904540227;5;6;19;2;2;6;0;22;-4.029760820892394;22;5.166766373596799;2;6;15;1;13;7;-7.550498204251523;2;6;1;18;15;5;6;22;-7.203221050520843;2;5;0;3;2;12;6;5;15;0;1;1;0;8;11;5;17;5;0;13;17;5;5;0;15;11;5;4;1;1;0;3;17;0;18;19;3;5;21;5.6757926461243215;3;6;6;13;6;6;2;2;2;2;3;5;5;11;4;0;1;13;7;-3.9107666011116127;4;14;0;5;3;6;14;5;6;5;10;4;4;3;2;0;18;16;4;13;2;0;4;4;4;0;18;15;4;3;6;1;7;-5.39080065380491;24;5;5;6;3;4;24
TRACK:137;7;3;3;2;2;1;1;2;1;1;4;0;20;9.742960491497655;18;0;4;20;-8.616955914179115;2;22;3.221053906906892;13;4;0;0;15;16;0;8;25;6;5;3;2;12;23;-1.8257522209405828;6;2;4;1;5;14;5;8;1;2;0;16;19;6;10;3;1;7;9.62998050044277;10;5;2;4;5;5;4;8;3;2;3;3;22;-9.455953192425353;5;3;12;1;5;5;3;6;6;5;16;4;2;5;2;4;6;11;6;6;8;4;4;1;2;19;9;1;13;20;-7.0604585125043595;3;6;0;0;0;3;0;6;18;1;7;-2.3594696693635324;20;0.8836047457815344;6;5;4;18;0;4;2;2;22;-0.31280581570357846;17;4;24;5;3;3;20;0.6123342399784608;3;6;5;5;5;12
TRACK:138;4;5;4;5;3;0;3;4;5;5;5;3;18;1;6;4;6;2;3;18;21;3.0629984846299827;5;4;5;5;1;22;-4.517676557601742;25
TRACK:139;4;5;5;6;0;4;4;2;3;1;6;0;17;21;2.542160989942367;3;18;4;5;4;5;13;4;2;1;1;4;5;3;14;2;0;3;16;0;9;23;8.700784109001493;0;1;13;12;1;21;3.0629984846299827;21;-9.152945798433269;0;1;5;1;9;19;6;3;15;4;2;5;15;2;11;15;6;5;2;4;3;20;-7.2798089276154965;6;3;19
TRACK:140;3;-1;3;2;2;1;1;2;1;1;4;0;20;9.823046532708533;18;0;4;20;-8.792999863047799;2;22;3.0981772677860886;13;4;0;0;15;16;0;8;25;6;5;3;2;12;23;-1.7352892576431116;6;2;4;1;5;14;5;8;1;2;0;16;19;6;10;3;1;7;9.545373534425778;10;5;2;4;5;5;4;8;3;2;3;3;22;-9.442520516249372;5;3;12;1;5;5;3;6;6;5;16;4;2;5;2;4;4;18;6;6;8;4;4;1;2;19;9;1;13;20;-6.940721833573924;3;6;0;0;0;3;0;6;18;1;7;-2.254638447259155;20;0.9107274860349223;6;5;4;18;0;4;2;2;22;-0.188030561019578;17;4;24;5;3;3;20;0.4325450135039268;3;6;5;2;3;11;6;11
TRACK:141;132;-1;2;3;4;1;2;0;2;1;3;7;9.016238600599806;1;17;13;3;5;1;19;25;4;6;4;2;21;-0.1209001178564396;10;3;4;2;3;4;22;-7.815663480541909;5;0;17;11;0;1;6;1;4;5;23;6.258099126808201;1;3;15;3;15;0;3;0;1;25;14;3;25;6;2;4;23;-3.6208398800051858;5;18;1;4;2;2;6;16;4;17;2;1;24;18;6;15;5;2;3;6;23;-3.973706581910096;0;0;24;11;3;15;6;3;4;4;3;4;1;5;3;13;0;0;18;19;3;20;-4.033245700475399
TRACK:142;134;-1;4;5;3;0;3;4;5;5;5;3;18;1;1;4;0;1;23;5.040049827120917;17;6;20;-8.603756779625913;4;5;1;8;24;5;4;5;5;1;22;-4.431707001487742;25
TRACK:143;136;-1;0;2;0;3;1;0;0;1;2;2;8;22;4.462494669730263;4;19;5;5;10;3;2;6;18;2;11;20;-4.607100427703703;4;0;2;4;10;0;8;8;4;3;22;5.170545692905279;6;5;1;5;4;24;4;4;19;2;3;3;0;4;1;5;15;0;15;9;3;4;0;20;-2.500920985148686;14;1;5;2;2;3;5;7;8.330774345658968;3;3;17;4;1;4;15;6;14;5;3;6;5;1;21;2.319908655064409;22;-9.353188887090758;0;5;3;0;2;3;3;0;19;17;1;5;1;8;21;9.88713642037256;5;6;19;2;2;6;0;22;-3.974375093027599;22;5.346380777167329;2;6;15;1;13;7;-7.281212020501206;2;6;1;18;15;5;6;22;-7.125469039729085;2;5;0;3;2;12;6;5;15;0;1;1;0;8;11;5;17;5;0;13;17;5;5;0;15;11;5;4;1;1;0;3;17;0;18;19;3;5;21;5.447506435759104;3;6;6;13;6;6;2;2;2;2;3;5;5;11;4;0;1;13;7;-3.886845377881804;4;14;0;5;3;6;14;5;6;5;10;4;4;3;3;22;-5.257320821502109;2;0;4;4;4;0;18;15;4;3;6;1;7;-5.32379535773389;24;5;5;6;3;4;24
TRACK:144;138;-1;4;5;3;0;3;4;3;1;0;7;-0.40118605105945626;22;7.129094889651167;5;15;1;6;4;6;2;3;18;21;3.075736299273828;5;4;5;5;1;22;-4.581702437623562;25
TRACK:145;1;-1;5;6;6;6;4;3;3;2;0;23;-9.754165174774949;7;4.735785197106621;0;13;14
TRACK:146;133;-1;6;3;0;0;0;6;1;4;3;0;14;11;1;3;3;18;1;1;18;19;1;23;2.285176986106353;7;6.082470591130576;6;0;4;6;5;16;2;4;2;24;25;1;3;17;0;22;3.2974752905055618;14;6;6;4;1;5;0;8;16;0;6;14;3;14;4;0;1;1;0;1;5;23;-6.959637997467851;6;24;5;5;8;1;1;1;25;24;6;13;3;4;20;-9.48026188986547;1;2;3;2;23;3.744297401943459;25;5;3;25;0;2;5;22;-1.1361295409854344;6;25;0;0;20;-2.850302849690538;8;1;15;14;3;4;2;3;2;23;1.7330104530898;18;0;4;10;5;25
TRACK:147;135;-1;6;3;0;0;0;6;1;4;3;0;14;11;1;3;3;18;1;1;18;19;1;19;23;4.5539340079318436;6;0;4;6;5;16;2;4;2;24;17;1;3;17;0;22;3.4693773418820397;14;6;6;4;1;5;0;8;16;0;6;14;3;14;4;0;1;1;0;1;1;21;7.091140163687997;15;6;24;5;5;8;1;1;1;25;24;6;13;3;4;20;-9.389273700608948;1;2;3;2;23;3.705073762932184;25;5;3;25;0;2;22;-4.633104072291198;6;25;0;0;20;-2.772785245592202;8;1;15;14;3;4;2;3;2;23;1.731393119070985;18;0;4;10;5;25
TRACK:148;137;-1;3;2;2;1;1;2;1;1;4;0;20;9.781380412014602;18;0;4;20;-8.590655311492817;2;22;3.1679821309667777;13;4;0;0;15;16;0;8;25;6;5;3;2;12;23;-1.749926416245125;6;2;4;1;5;14;5;8;1;2;0;16;19;6;10;3;1;7;9.631929990286196;10;5;2;4;5;5;4;8;3;2;3;3;22;-9.52917852772723;5;3;12;1;5;5;3;6;6;5;16;4;2;5;2;4;6;11;6;6;8;4;4;1;2;8;9;1;13;20;-7.202635653830351;3;6;0;0;0;3;0;6;18;1;7;-2.1498624846856345;20;0.9241654117292677;6;5;4;18;0;4;2;2;22;-0.2906863564753804;17;4;24;5;3;3;20;0.5089294865096857;3;6;5;5;5;12
TRACK:149;139;-1;5;6;0;4;4;2;3;0;6;17;6;22;-2.8939051102382773;4;5;4;5;13;4;2;1;1;4;5;3;14;2;0;3;16;0;9;23;8.691514334935187;0;1;13;12;1;21;3.006223191741888;21;-9.181674591774364;0;1;5;1;9;19;6;3;15;4;2;5;15;2;11;15;6;5;2;4;3;20;-7.426801623063259;6;3;19
EVAL_INSTANCE:7:0:140
EVAL_INSTANCE:7:1:141
EVAL_INSTANCE:7:2:142
EVAL_INSTANCE:7:3:143
EVAL_INSTANCE:7:4:144
EVAL_INSTANCE:7:5:145
EVAL_INSTANCE:7:6:146
EVAL_INSTANCE:7:7:147
EVAL_INSTANCE:7:8:148
EVAL_INSTANCE:7:9:149
RUN_RESULT:7:0:0:2000:----
RUN_RESULT:7:1:0:2000:----
RUN_RESULT:7:2:0:2000:----
RUN_RESULT:7:3:0:2000:----
RUN_RESULT:7:4:0:2000:----
RUN_RESULT:7:5:0:2000:----
RUN_RESULT:7:6:0:2000:----
RUN_RESULT:7:7:0:2000:----
RUN_RESULT:7:8:0:2000:----
RUN_RESULT:7:9:0:2000:----
     8 |       80 |  0.000000E+00 | -0.000000E+00
TRACK:150;6;2;5;6;0;5;5;5;3;0;1;0;11;24;3;13;2;2;24;18;2;7;-7.469443974000358;15;6;0;3;1;3;2;2;24;15;1;8;22;-2.1002583620342925;21;-9.83009271380794;1;6;1;6;1;23;3.5804700677064574;21;-8.351266563700355;3;2;20;0.6905140637147262;16;3;0;5;5;9;6;6;7;3.383040986546062
TRACK:151;6;2;5;0;0;0;3;3;2;3;6;6;19;6;0;0;22;9.973488394430042;15;5;9;1;5;0;0;2;3;11;5;11;6;0;11;10;6;2;0;7;6.36117376611756;15;5;11;1;5;2;4;2;23;0.14584256788313432;24;3;6;19;3;0;5;4;17;0;1;16;19;3;16;1;2;0;3;6;1;20;-4.476998301378119;17;4;0;1;4;24;0;14;25;4;6;18;0;4;6;1;1;13;21;-6.8732043290012035;6;23;-3.0226886077861863;0;6;6;1;9;7;-9.404662164247615;2;4;3;25;4;3;21;0.12926081566464376;1;4;2;6;4;4;11;4;1;1;15;19;3;10;6;5;0;1;2;13;14;2;19;15;4;6;24;2;0;6;3;1;4;3;5;16;0;2;3;17;3;25;2;6;12;2;10;24;2;4;0;2;6;5;24;6;0;21;-9.83009271380794;22;-6.543187674929958;5;4;0;17;24;6;5;3;4;3;19;3;6;3;6;2;3;4;15;2;1;22;-2.565535398991581;12;1;8;20;-4.421787713181349
TRACK:152;3;5;3;2;2;1;1;2;1;1;4;0;20;9.742960491497655;18;0;4;20;-8.616955914179115;2;22;3.221053906906892;13;4;0;0;15;16;0;8;25;6;5;3;2;12;23;-1.8257522209405828;6;2;4;1;5;14;5;8;1;2;0;16;19;6;10;3;1;7;9.62998050044277;10;5;2;4;5;5;4;8;3;2;3;3;22;-9.455953192425353;5;3;12;1;5;5;3;6;6;5;16;4;2;5;2;4;6;11;6;6;8;4;4;1;2;19;9;1;13;20;-7.0604585125043595;3;6;0;0;0;3;0;6;18;1;7;-2.3594696693635324;20;0.8836047457815344;6;5;4;18;0;4;2;2;22;-0.31280581570357846;17;4;24;5;3;3;20;0.6123342399784608;3;6;5;2;3;11;21;3.0629984846299827
TRACK:153;3;5;5;6;0;4;4;2;3;1;6;0;17;21;2.542160989942367;5;5;18;4;5;4;5;13;4;2;1;1;4;3;3;22;-9.455953192425353;2;0;3;16;0;9;23;8.700784109001493;0;1;13;12;1;21;3.0629984846299827;21;-9.152945798433269;0;1;5;1;9;19;6;3;15;4;2;5;15;2;11;15;6;5;2;4;3;20;-7.2798089276154965;6;3;19
TRACK:154;9;7;2;3;4;1;2;0;2;6;3;3;17;3;5;1;19;25;4;6;4;2;21;-0.13464883119892512;10;3;4;2;3;4;22;-7.890205230346989;5;0;17;11;0;1;6;1;4;5;23;6.227628086098182;1;3;15;3;15;0;3;0;1;25;14;3;25;6;2;4;23;-3.3627407116145447;5;18;1;4;2;6;1;7;-5.39080065380491;24;2;1;24;18;6;15;5;2;3;6;23;-4.111668872741618;0;0;9;11;3;15;6;3;4;4;3;4;1;5;3;13;0;0;18;19;3;20;-3.7894416492369025
TRACK:155;9;7;0;2;0;3;1;0;0;1;2;2;8;22;4.453803679787466;4;19;5;5;10;3;2;6;18;2;11;20;-4.576830747201253;4;0;2;4;10;0;8;8;4;3;22;5.1655929522909965;6;5;1;5;4;24;4;4;19;2;3;3;0;4;1;5;15;0;15;9;3;4;0;20;-2.6411137817220975;14;1;5;2;2;3;5;7;8.327604284025615;3;3;17;4;1;4;15;6;14;5;3;6;5;1;21;2.393053755785372;22;-9.393035975214021;0;5;3;0;2;3;3;0;19;17;1;5;1;8;21;9.862528904540227;5;6;19;2;2;6;0;22;-4.029760820892394;22;5.166766373596799;2;6;15;1;13;7;-7.550498204251523;2;6;1;18;15;5;6;22;-7.203221050520843;2;5;0;3;2;5;5;12;6;5;13;0;1;1;0;8;11;5;17;5;0;13;17;5;5;0;15;11;5;4;1;1;0;3;17;0;18;19;3;5;21;5.6757926461243215;3;6;6;13;6;6;2;2;2;2;3;5;5;11;4;0;1;13;7;-3.9107666011116127;4;14;0;5;3;6;14;5;6;5;10;4;4;3;2;0;18;16;4;13;2;0;4;4;4;0;18;15;4;3;6;1;7;-5.39080065380491;24;5;5;6;3;4;24
TRACK:156;5;4;5;6;0;4;4;2;3;1;6;0;17;21;2.542160989942367;5;5;18;4;5;4;5;13;4;2;1;1;4;5;3;14;2;0;3;16;0;9;23;8.700784109001493;0;1;13;12;1;21;3.0629984846299827;21;-9.152945798433269;0;1;5;1;9;19;6;3;15;4;2;5;15;2;11;15;6;2;3;18;2;7;-8.191843957060472;19
TRACK:157;5;4;4;5;3;0;3;4;5;5;5;3;18;1;6;4;6;1;13;12;5;4;5;5;1;22;-4.517676557601742;25
TRACK:158;1;8;5;6;6;4;2;6;6;5;6;0;8;25;4;0;3;1;4;12;15;6;4;6;18
TRACK:159;1;8;2;1;3;2;0;6;6;6;0;8;25;0;2;3;5;0;18;18;6;2;2;24;24;1;22;6.5950927434167;15;6;4;3;6;18;2;1;6;6;5;5;19;4;6;0;2;16;22;-4.028209660979744;6;18;3;6;4;5;5;15;0;4;5;5;4;2;6;3;18;3;2;20;5.174240288222162;16;4;1;1;4;3;3;6;11;6;1;3;5;11;0;4;22;-6.153415675260341;5;10;1;5;1;2;2;7;-0.507259761730781;9;3;20;7.398597986655556;5;1;7;-8.58601422223352;16;6;0;1;3;24;3;18;6;1;24;14;4;5;1;3;4;4;6;4;1;11;7;2.1513159599992413;6;2;3;5;4;1;15;8;6;5;4;2;8;17
TRACK:160;150;-1;5;6;0;5;5;5;3;0;1;0;11;24;3;13;2;2;24;18;2;7;-7.480410933586493;15;6;0;3;1;3;2;2;24;15;1;8;22;-2.2079896211988794;21;-9.667433531921027;1;6;1;6;1;23;3.526062814691589;21;-8.294531630263657;2;15;17;3;0;5;5;9;6;6;7;3.319884590264276
TRACK:161;152;-1;3;2;2;1;1;2;1;1;4;0;20;9.940818127741942;18;0;4;20;-8.452573868224684;2;22;3.339963365010399;13;4;0;0;15;16;0;8;25;6;5;3;2;12;23;-1.7427149017356025;6;2;4;1;5;14;5;8;1;2;0;16;19;6;10;3;1;7;9.593970274433907;10;5;2;4;5;5;4;8;3;2;3;3;22;-9.573590340708538;5;3;12;1;5;5;3;6;6;5;16;4;2;2;0;4;17;5;12;6;1;18;13;4;4;1;2;19;9;1;13;20;-7.004548324561885;3;6;0;0;0;3;0;6;18;1;7;-2.448572636121873;20;0.9276324555962663;6;5;4;18;0;4;2;2;22;-0.3687547335105359;17;4;24;5;3;3;20;1.0035893294463705;3;6;5;2;3;11;21;3.169380772856086
TRACK:162;154;-1;2;3;4;1;2;0;2;6;3;3;17;3;5;1;19;25;4;6;4;2;21;0.01959112159812021;10;3;4;2;3;4;22;-7.965708281040549;5;0;17;11;0;1;6;1;4;5;23;6.227636504044275;1;3;15;3;15;0;3;0;1;25;14;3;25;6;2;4;23;-3.3678872643264213;5;18;1;4;2;6;1;7;-5.486913869246964;24;2;1;24;18;6;15;5;2;3;6;23;-4.262429902875726;0;0;9;11;3;15;6;3;4;4;3;4;1;5;3;13;0;0;18;19;3;19
TRACK:163;156;-1;5;6;0;4;4;2;3;1;6;0;17;21;2.2338493749204855;5;5;18;4;5;4;5;13;4;2;19;13
TRACK:164;158;-1;5;6;6;4;2;6;6;1;6;10;0;11;24;4;0;3;1;4;12;15;6;4;6;18
TRACK:165;151;-1;5;0;0;0;3;3;2;3;6;6;19;6;0;0;22;9.975906731987383;15;5;9;1;5;0;0;2;3;11;5;11;6;0;11;10;6;2;0;7;6.38501851371806;15;5;11;1;5;2;4;2;23;0.11562718928278415;24;3;6;19;3;0;5;4;17;0;1;16;19;3;16;1;2;0;3;6;1;20;-4.568766706367621;17;4;0;1;4;24;0;14;25;4;6;18;0;4;6;1;1;13;21;-6.779808283629358;6;23;-3.186640039813822;0;6;6;1;9;7;-9.438443590593401;2;4;3;25;4;3;21;0.07193316912646984;1;4;2;6;4;4;11;4;1;1;15;19;3;10;6;5;0;1;2;13;14;2;19;15;4;6;24;2;0;6;3;1;4;3;5;16;0;2;3;17;3;25;2;6;12;2;10;24;0;4;1;0;0;18;17;1;18;13;6;5;16;1;5;6;4;23;-4.11430985590952;3;1;0;7;-3.8714557563285705;19;1;13;22;9.722128565045502;3;6;3;6;2;3;4;15;2;1;22;-2.702081871124141;12;1;8;20;-4.628884859559974
TRACK:166;153;-1;5;6;0;4;4;2;3;1;6;0;17;21;2.5643109051318467;5;5;18;4;5;4;5;13;4;2;1;1;4;3;3;22;-9.484804185405483;2;0;3;16;0;9;23;8.671611181661815;0;1;10;12;1;21;2.9377271119962733;21;-9.061689784125244;0;1;5;1;9;19;6;3;15;4;2;5;15;2;11;15;6;5;2;4;3;20;-7.209883161428323;6;3;19
TRACK:167;155;-1;0;2;0;3;1;0;0;1;2;2;8;22;4.50448318697071;4;19;5;5;10;3;2;6;18;2;11;20;-4.540722608525489;4;0;2;4;10;0;8;8;4;3;22;5.219466690744282;6;5;1;5;4;24;4;4;19;2;3;3;0;4;1;5;15;0;15;9;3;4;0;20;-2.5369939072979713;14;1;5;2;2;3;5;7;8.371272108199793;3;3;17;4;1;4;15;6;14;5;3;6;5;1;21;2.3830377098581694;22;-9.409937173527481;0;5;5;2;6;1;2;1;12;25;6;17;6;1;18;13;1;5;5;5;19;0;4;6;17;4;6;22;0.846745276678778;2;5;0;3;2;5;5;12;6;5;13;0;1;1;0;8;11;5;17;5;0;13;17;5;5;0;15;11;5;4;1;1;0;3;17;0;18;19;3;5;21;5.7308548500404255;3;6;6;13;6;6;2;2;2;2;3;5;5;11;4;0;1;13;7;-3.869530424949844;4;14;0;5;3;6;14;5;6;5;10;4;4;3;2;0;18;16;4;13;2;0;4;4;4;0;18;15;4;3;6;1;7;-5.399985045273033;24;5;5;6;3;4;24
TRACK:168;157;-1;4;5;3;0;6;17;1;6;4;6;1;13;12;5;4;5;5;1;22;-4.6612059738205645;25
TRACK:169;159;-1;2;1;3;2;0;6;6;6;0;8;25;0;2;3;5;0;18;18;6;2;2;24;24;1;22;6.67515814730974;15;6;4;3;6;18;2;1;6;6;5;5;19;4;6;0;2;16;22;-4.016235765084568;6;18;3;6;4;5;5;15;0;4;5;5;4;2;6;3;18;3;2;20;5.220575256930088;16;4;1;1;4;3;3;6;11;6;1;3;5;11;0;4;22;-6.143139129027719;5;10;1;5;1;2;2;7;-0.5520967999360624;9;3;20;7.358725310162333;5;1;7;-8.572378035601504;16;6;0;1;3;24;3;18;6;1;24;14;4;5;1;3;4;4;6;4;1;11;7;2.098574814033835;6;2;3;5;4;1;15;8;6;5;4;2;12;12
EVAL_INSTANCE:8:0:160
EVAL_INSTANCE:8:1:161
EVAL_INSTANCE:8:2:162
EVAL_INSTANCE:8:3:163
EVAL_INSTANCE:8:4:164
EVAL_INSTANCE:8:5:165
EVAL_INSTANCE:8:6:166
EVAL_INSTANCE:8:7:167
EVAL_INSTANCE:8:8:168
EVAL_INSTANCE:8:9:169
RUN_RESULT:8:0:0:2000:----
RUN_RESULT:8:1:0:2000:----
RUN_RESULT:8:2:0:2000:----
RUN_RESULT:8:3:0:2000:----
RUN_RESULT:8:4:0:2000:----
RUN_RESULT:8:5:0:2000:----
RUN_RESULT:8:6:0:2000:----
RUN_RESULT:8:7:0:2000:----
RUN_RESULT:8:8:0:2000:----
RUN_RESULT:8:9:0:2000:----
     9 |       90 |  0.000000E+00 | -0.000000E+00
TRACK:170;7;1;0;2;0;3;1;0;0;1;2;2;8;22;4.453803679787466;4;19;5;5;10;3;2;6;18;2;11;20;-4.576830747201253;4;0;2;4;10;0;8;8;4;3;22;5.1655929522909965;6;5;1;5;4;24;4;4;19;2;3;3;0;4;1;5;15;0;15;9;3;4;0;20;-2.6411137817220975;14;1;5;2;2;3;5;7;8.327604284025615;3;3;17;4;1;4;15;6;14;5;3;6;5;1;21;2.393053755785372;22;-9.393035975214021;0;5;3;0;2;3;3;0;19;17;1;5;1;8;21;9.862528904540227;5;6;19;2;2;6;0;22;-4.029760820892394;22;5.166766373596799;2;6;15;1;13;7;-7.550498204251523;2;6;1;18;15;5;6;22;-7.203221050520843;2;5;0;3;2;5;5;12;6;5;15;0;1;1;0;8;11;5;17;5;0;13;17;5;5;0;15;11;5;4;1;1;0;3;17;0;18;19;3;5;21;5.6757926461243215;3;6;6;13;6;6;2;2;2;2;3;5;5;11;4;0;1;13;7;-3.9107666011116127;4;14;0;6;0;8;25;5;6;5;10;4;4;3;2;0;18;16;4;13;2;0;4;4;4;0;18;15;4;3;6;1;7;-5.39080065380491;24;5;5;6;3;4;24
TRACK:171;7;1;5;6;6;4;2;6;6;5;20;-2.6411137817220975;4;0;3;1;4;12;6;20;-1.0233206279622031;6;4;6;18
TRACK:172;9;5;2;3;4;19;6;3;4;4;3;4;1;5;3;13;0;0;18;19;3;20;-3.7894416492369025
TRACK:173;9;5;5;6;0;4;4;2;3;1;6;0;17;21;2.542160989942367;5;5;18;4;5;4;5;13;4;6;4;2;21;-0.13464883119892512;10
TRACK:174;3;2;3;2;2;1;1;2;1;1;4;0;20;9.742960491497655;18;0;4;20;-8.616955914179115;2;22;3.221053906906892;13;4;0;0;15;16;0;8;25;6;5;3;2;12;23;-1.8257522209405828;6;2;4;1;5;14;5;8;1;2;0;16;19;6;10;3;1;7;9.62998050044277;10;5;2;4;5;5;4;8;3;2;3;3;22;-9.455953192425353;5;3;12;1;5;5;3;6;6;5;16;4;2;5;2;4;6;11;6;6;8;4;4;1;2;19;9;1;13;20;-7.0604585125043595;3;6;0;0;0;3;0;1;9;7;-9.404662164247615;1;7;-2.3594696693635324;20;0.8836047457815344;6;5;4;18;0;4;2;2;22;-0.31280581570357846;17;4;24;5;3;3;20;0.6123342399784608;3;6;5;2;3;11;6;11
TRACK:175;3;2;5;0;0;0;3;3;2;3;6;6;19;6;0;0;22;9.973488394430042;15;5;9;1;5;0;0;2;3;11;5;11;6;0;11;10;6;2;0;7;6.36117376611756;15;5;11;1;5;2;4;2;23;0.14584256788313432;24;18;3;0;5;4;17;0;1;16;19;3;16;1;2;0;3;6;1;4;16;4;23;5.6600768061438735;4;0;1;4;24;0;14;25;4;6;18;0;4;6;1;1;13;21;-6.8732043290012035;6;23;-3.0226886077861863;0;6;6;1;9;7;-9.404662164247615;2;4;3;25;4;3;21;0.12926081566464376;1;4;2;6;4;4;11;4;1;1;15;19;3;10;6;5;0;1;2;13;14;2;19;15;4;6;24;2;0;6;3;1;4;3;5;16;0;2;3;17;3;25;2;6;12;2;10;24;2;4;0;2;6;5;24;6;0;21;-9.83009271380794;22;-6.543187674929958;5;4;0;17;24;6;5;3;4;3;19;3;6;3;6;2;3;4;15;2;1;22;-2.565535398991581;12;1;8;20;-4.421787713181349
TRACK:176;5;3;5;6;0;4;4;2;3;1;6;0;17;21;2.542160989942367;5;5;18;4;5;4;5;13;4;2;1;1;4;5;3;14;2;0;3;16;0;9;23;8.700784109001493;0;1;13;12;1;21;3.0629984846299827;21;-9.152945798433269;0;1;5;1;9;19;6;3;22;-0.31280581570357846;4;2;5;15;2;11;15;6;5;2;4;3;20;-7.2798089276154965;6;3;19
TRACK:177;5;3;3;2;2;1;1;2;1;1;4;0;20;9.742960491497655;18;0;4;20;-8.616955914179115;2;22;3.221053906906892;13;4;0;0;15;16;0;8;25;6;5;3;2;12;23;-1.8257522209405828;6;2;4;1;5;14;5;8;1;2;0;13;19;6;10;3;1;7;9.62998050044277;10;5;2;4;5;5;4;8;3;2;3;3;22;-9.455953192425353;5;3;12;1;5;5;3;6;6;5;16;4;2;5;2;4;6;11;6;6;8;4;4;1;2;19;9;1;13;20;-7.0604585125043595;3;6;0;0;0;3;0;6;18;1;7;-2.3594696693635324;20;0.8836047457815344;6;5;4;18;0;4;2;2;22;-0.31280581570357846;17;4;24;5;3;3;20;0.6123342399784608;3;6;5;2;3;11;6;11
TRACK:178;0;7;6;3;0;0;0;6;1;4;3;0;14;11;1;3;3;18;1;1;18;19;1;23;2.202451471318426;7;6.295262936657142;6;0;4;6;5;16;2;22;-9.393035975214021;1;3;17;0;22;3.3268058000534104;14;6;6;4;1;5;0;8;16;0;6;14;3;14;4;0;1;1;0;1;1;21;6.9605096780551605;15;6;24;5;5;8;1;1;1;25;24;6;13;3;4;20;-9.50947292763229;1;2;3;2;23;3.7452249017076173;25;5;3;25;0;2;5;22;-1.1812355196477249;6;25;0;0;20;-2.893573958685163;8;1;15;14;3;4;2;3;2;23;1.7666920080381683;18;0;4;10;5;25
TRACK:179;0;7;0;2;0;3;1;0;0;1;2;2;8;22;4.453803679787466;4;19;5;5;10;3;2;6;18;2;11;20;-4.576830747201253;4;0;2;4;10;0;8;8;4;3;22;5.1655929522909965;6;5;1;5;4;24;4;4;19;2;3;3;0;4;1;5;15;0;15;9;3;4;0;20;-2.6411137817220975;14;1;5;2;2;3;5;7;8.327604284025615;3;3;17;5;25;5;3;6;5;1;21;2.393053755785372;22;-9.393035975214021;0;5;3;0;2;3;3;0;19;17;1;5;1;8;21;9.862528904540227;5;6;19;2;2;6;0;22;-4.029760820892394;22;5.166766373596799;2;6;15;1;13;7;-7.550498204251523;2;6;1;18;15;5;6;22;-7.203221050520843;2;5;0;3;2;5;5;12;6;5;15;0;1;1;0;8;11;5;17;5;0;13;17;5;5;0;15;11;5;4;1;1;0;3;17;0;18;19;3;5;21;5.6757926461243215;3;6;6;13;6;6;2;2;2;2;3;5;5;11;4;0;1;13;7;-3.9107666011116127;4;14;0;5;3;6;14;5;6;5;10;4;4;3;2;0;18;16;4;13;2;0;4;4;4;0;18;15;4;3;6;1;7;-5.39080065380491;24;5;5;6;3;4;24
TRACK:180;170;-1;0;2;0;3;1;0;0;1;2;2;8;22;4.581195697862671;4;19;5;5;10;3;2;6;18;2;11;20;-4.466587491950987;4;0;2;4;10;0;8;8;4;3;22;5.176244849397069;6;5;1;5;4;24;4;4;19;2;3;3;0;4;1;5;15;0;15;9;3;4;0;20;-2.6735214210394447;14;1;5;2;2;3;5;7;8.396573391270605;3;3;17;4;1;4;15;6;14;5;3;6;5;1;21;2.4224794464460064;22;-9.291227747493812;0;5;3;0;2;3;3;0;19;17;1;5;1;8;21;9.846065300148757;5;6;19;2;2;6;0;22;-4.021527942653762;22;5.200248810672225;2;6;15;1;13;7;-7.6002418606747275;2;6;1;18;15;5;6;22;-7.044298374096924;2;5;0;3;2;5;5;12;6;5;15;0;1;1;0;8;11;5;17;5;0;13;17;5;5;0;15;11;5;4;1;1;0;3;17;0;18;19;3;5;21;5.606063313939616;3;6;6;13;6;6;2;2;2;2;3;5;5;11;4;0;1;13;7;-4.110996047093774;4;14;0;6;0;8;25;5;6;5;10;4;4;3;2;0;18;16;4;13;2;0;4;4;4;0;18;15;4;3;6;1;7;-5.4602501434753465;24;5;5;6;3;4;24
TRACK:181;172;-1;2;3;4;19;6;3;4;4;3;4;1;5;3;13;4;9
TRACK:182;174;-1;3;2;2;1;1;2;1;1;4;0;20;9.75497966949711;18;0;4;20;-8.471925216425596;2;22;3.163304009573689;13;4;0;0;15;16;0;8;25;6;5;3;2;12;23;-1.655900265440183;6;2;4;1;5;14;5;8;1;2;0;16;19;6;10;3;1;7;9.448035790730724;10;5;2;4;5;5;4;8;3;2;3;3;22;-9.59103885056897;5;3;12;1;5;5;3;6;6;5;16;4;2;5;2;4;6;11;6;6;8;4;4;5;21;1.3539625541436031;3;6;0;0;0;3;0;1;9;7;-9.443785148742554;1;7;-2.4398937453953318;20;0.9729644987261918;6;5;4;18;0;4;2;2;22;-0.22823215139377187;17;4;24;5;3;3;20;0.46292611326433253;3;6;5;2;3;11;6;11
TRACK:183;176;-1;5;6;0;4;4;2;3;1;6;0;17;21;2.5044103535694258;5;5;18;4;5;4;5;13;4;2;1;1;4;5;3;14;2;0;3;16;0;9;23;8.766899877270692;0;1;7;5.347641839077827;12;1;21;3.3018089375788566;21;-9.39805029569101;0;1;5;1;9;19;6;3;22;-0.5215978019751003;4;2;5;15;2;11;15;6;5;2;4;3;20;-7.334718978929005;6;3;19
TRACK:184;0;-1;6;3;0;0;0;6;1;4;3;0;14;11;1;3;3;18;1;1;18;19;1;23;2.1888861713067986;7;6.1600442770804005;6;0;4;6;5;16;2;4;2;24;17;1;3;17;0;22;3.20517167754692;14;6;6;4;1;5;0;8;16;0;6;14;3;14;4;0;1;1;0;1;1;21;6.990049738758088;15;6;24;0;4;20;-8.062685647723733;2;20;8.774323008296655;12;1;1;1;25;24;6;13;3;4;20;-9.61932043407442;1;2;3;2;23;3.7649434707821463;25;5;3;25;0;2;5;22;-1.0683242764301546;6;25;0;0;20;-2.748940762075468;8;1;15;14;3;4;2;3;2;23;1.8235456825216436;18;0;4;10;5;25
TRACK:185;171;-1;5;5;6;2;4;3;11;4;1;16;24
TRACK:186;173;-1;5;6;0;4;4;2;3;1;6;0;17;21;2.670643497626471;5;5;18;4;5;4;3;24;4;6;4;2;21;-0.09819744457311196;10
TRACK:187;175;-1;5;0;0;0;3;3;2;3;6;6;19;6;0;0;22;9.980117659487505;15;5;9;1;5;0;0;2;3;11;5;11;6;0;11;10;6;2;0;7;6.672735170967608;15;5;11;1;5;2;4;2;23;0.1931235271828576;24;18;3;0;5;4;17;0;1;16;19;3;16;1;2;0;3;6;1;4;16;4;23;5.701853056028559;4;0;1;4;24;0;14;25;4;6;18;0;4;6;1;1;13;21;-6.935542214796887;6;23;-3.059456825159038;0;6;6;1;9;7;-9.288880101785008;2;4;3;25;4;5;21;-1.025942591921325;1;4;2;6;4;4;11;4;1;1;15;19;3;10;6;5;0;1;2;13;14;2;19;15;4;6;24;2;0;6;3;1;4;3;5;16;0;2;3;17;3;25;2;6;12;2;10;24;2;4;0;2;6;5;24;6;0;21;-9.991259523859053;22;-6.55473890335366;5;4;0;17;24;6;5;3;4;3;19;3;6;3;6;2;3;4;15;2;1;22;-2.4403757367462964;12;1;8;20;-4.4766579943973115
TRACK:188;177;-1;3;2;2;1;1;2;1;1;4;0;20;9.771094329958691;18;0;4;20;-8.419038669313863;2;22;3.065797030811972;13;4;0;0;15;16;0;8;25;6;5;3;2;12;23;-1.643909859194346;6;2;4;1;5;14;5;8;1;2;0;13;19;6;10;3;1;7;9.632008891415751;10;5;2;4;5;5;4;8;3;2;3;3;22;-9.556082691260679;5;3;12;1;5;5;3;6;6;5;16;4;2;5;2;4;6;11;6;6;8;4;4;1;2;19;9;1;13;20;-7.0133586956223795;3;6;0;0;0;3;0;6;18;1;7;-2.3810601721806064;20;1.0169633273480199;6;5;4;18;0;4;2;2;22;-0.31792140879335656;17;4;24;5;3;3;20;0.6308378294771073;3;6;5;2;6;12;6;11
TRACK:189;7;-1;0;2;0;3;1;0;0;1;2;2;8;22;4.69434816470503;4;19;5;5;10;3;2;6;18;2;11;20;-4.642724662610442;4;0;2;1;19;12;0;8;8;4;3;22;5.22779032105172;6;5;1;5;4;24;4;4;19;2;3;3;0;4;1;5;15;0;15;9;3;4;0;20;-2.50906462522923;14;1;5;2;2;3;5;7;8.26492540727963;3;3;17;4;1;4;15;6;14;5;3;6;5;1;21;2.213922745580877;22;-9.45858024395611;0;5;3;0;2;3;3;0;19;17;1;5;1;8;21;9.754717880200298;5;6;19;2;2;6;0;22;-4.065404785072001;22;5.272852913427227;2;6;15;1;13;7;-7.414089180191558;2;6;1;18;15;5;6;22;-7.156635892769173;2;5;0;3;2;5;5;12;6;5;15;0;1;1;0;8;11;5;17;5;0;13;17;5;5;0;15;11;5;4;1;1;0;3;17;0;18;19;3;5;21;5.373352567874141;3;6;6;13;6;6;2;2;2;2;3;5;5;11;4;0;1;13;7;-3.810224888837012;4;14;0;5;3;6;14;5;6;5;10;4;4;3;2;0;18;16;4;13;2;0;4;4;4;0;18;15;4;3;6;1;7;-5.2031294970599395;24;5;5;6;3;4;24
EVAL_INSTANCE:9:0:180
EVAL_INSTANCE:9:1:181
EVAL_INSTANCE:9:2:182
EVAL_INSTANCE:9:3:183
EVAL_INSTANCE:9:4:184
EVAL_INSTANCE:9:5:185
EVAL_INSTANCE:9:6:186
EVAL_INSTANCE:9:7:187
EVAL_INSTANCE:9:8:188
EVAL_INSTANCE:9:9:189
RUN_RESULT:9:0:0:2000:----
RUN_RESULT:9:1:0:2000:----
RUN_RESULT:9:2:0:2000:----
RUN_RESULT:9:3:0:2000:----
RUN_RESULT:9:4:0:2000:----
RUN_RESULT:9:5:0:2000:----
RUN_RESULT:9:6:0:2000:----
RUN_RESULT:9:7:0:2000:----
RUN_RESULT:9:8:0:2000:----
RUN_RESULT:9:9:0:2000:----
    10 |      100 |  0.000000E+00 | -0.000000E+00
TRACK:190;7;8;0;2;0;3;1;0;0;1;2;2;8;22;4.453803679787466;4;19;5;5;10;3;2;6;18;2;11;20;-4.576830747201253;4;0;2;4;10;0;8;8;4;3;18;6;5;1;5;4;24;4;4;19;2;3;3;0;4;1;5;15;0;15;9;3;4;0;20;-2.6411137817220975;14;1;5;2;2;3;5;7;8.327604284025615;3;3;17;4;1;4;15;6;14;5;3;6;5;1;21;2.393053755785372;22;-9.393035975214021;0;5;3;0;2;3;3;0;19;17;1;5;1;8;21;9.862528904540227;5;6;19;2;2;6;0;22;-4.029760820892394;22;5.166766373596799;2;6;15;1;13;7;-7.550498204251523;2;6;1;18;15;5;6;22;-7.203221050520843;2;5;0;3;2;5;5;12;6;5;15;0;1;1;0;8;11;5;17;5;0;13;17;5;5;0;15;11;5;4;1;1;0;3;17;0;18;19;3;5;21;5.6757926461243215;3;6;6;13;6;6;2;2;2;2;3;5;5;11;4;0;1;13;7;-3.9107666011116127;4;14;0;5;3;6;14;5;6;5;10;4;4;3;2;0;18;16;4;13;2;0;4;4;4;0;18;15;4;3;6;1;7;-5.39080065380491;24;5;5;6;3;4;24
TRACK:191;7;8;2;1;3;2;0;6;6;4;1;4;16;6;21;6.190176202600192;0;2;3;5;0;18;18;6;2;2;24;24;1;22;6.5950927434167;15;6;4;3;6;18;2;1;6;6;5;5;19;4;6;0;2;16;22;-4.028209660979744;6;18;3;6;4;5;5;15;0;4;5;5;4;2;6;3;18;3;2;20;5.174240288222162;16;4;1;1;4;3;3;6;11;6;1;3;5;11;0;4;22;-6.153415675260341;5;10;1;5;1;2;2;7;-0.507259761730781;9;3;20;7.398597986655556;5;1;7;-8.58601422223352;16;6;0;1;3;24;3;18;6;1;24;14;4;5;1;3;4;4;6;4;1;11;7;2.1513159599992413;6;2;3;5;4;1;15;8;6;5;4;2;8;13
TRACK:192;1;4;5;6;6;4;2;6;6;5;6;19;4;0;3;1;4;12;6;20;-1.0233206279622031;6;4;6;18
TRACK:193;1;4;4;5;3;0;3;4;5;5;5;3;18;1;6;4;6;2;3;18;2;7;-8.191843957060472;19;5;4;5;12
TRACK:194;3;8;3;2;2;1;1;2;1;1;4;0;20;9.742960491497655;18;0;4;20;-8.616955914179115;2;22;3.221053906906892;13;4;0;0;15;16;0;11;25;6;5;3;2;12;23;-1.8257522209405828;6;2;4;1;5;14;5;8;1;2;0;16;19;6;10;3;1;7;9.62998050044277;10;5;2;4;5;5;4;8;3;2;3;3;22;-9.455953192425353;5;3;12;1;5;5;3;6;6;5;16;4;2;5;2;4;6;11;6;6;8;4;4;1;2;19;9;1;13;20;-7.0604585125043595;3;6;0;0;0;3;0;6;18;1;7;-2.3594696693635324;20;0.8836047457815344;6;5;4;18;0;4;2;2;22;-0.31280581570357846;17;4;24;5;3;3;20;0.6123342399784608;3;6;5;2;3;11;6;11
TRACK:195;3;8;2;1;3;2;0;6;6;4;1;4;16;6;21;6.190176202600192;0;2;3;5;0;18;18;6;2;2;24;24;1;22;6.5950927434167;15;6;4;3;6;18;2;1;6;6;5;5;19;4;6;0;2;16;22;-4.028209660979744;6;18;3;6;4;5;5;15;0;4;5;5;4;2;6;3;18;3;2;20;5.174240288222162;16;4;1;1;4;3;3;6;11;6;1;3;5;11;0;4;22;-6.153415675260341;5;10;1;5;1;2;2;7;-0.507259761730781;9;3;20;7.398597986655556;5;1;7;-8.58601422223352;16;6;0;1;3;24;3;18;6;1;24;14;4;5;1;3;4;4;6;4;1;11;7;2.1513159599992413;6;2;3;5;4;1;15;20;0.8836047457815344;6;5;4;2;8;17
TRACK:196;9;2;2;3;4;1;2;0;2;6;3;3;17;3;5;1;19;25;4;6;4;2;21;-0.13464883119892512;10;3;4;2;3;4;22;-7.890205230346989;5;0;17;11;0;1;6;1;4;5;23;6.227628086098182;1;3;15;3;15;0;3;0;1;25;14;3;25;6;2;4;23;-3.3627407116145447;5;18;1;4;2;2;6;16;4;17;2;1;24;18;6;15;5;2;3;6;23;-4.111668872741618;0;0;9;12;3;15;6;3;4;4;3;4;1;5;3;13;0;0;18;19;3;20;-3.7894416492369025
TRACK:197;9;2;5;0;0;0;3;3;2;3;6;6;19;6;0;0;22;9.973488394430042;15;5;9;1;5;0;0;2;3;11;5;11;6;0;11;10;6;2;0;7;6.36117376611756;15;5;11;1;5;2;4;2;23;0.14584256788313432;24;3;6;19;3;0;5;4;17;0;1;16;19;3;16;1;2;0;3;6;1;4;16;4;23;5.6600768061438735;4;0;1;4;24;0;14;25;4;6;18;0;4;6;1;1;13;21;-6.8732043290012035;6;23;-3.0226886077861863;0;6;6;1;9;7;-9.404662164247615;2;4;3;25;4;3;21;0.12926081566464376;1;4;2;6;4;4;11;4;1;1;15;19;3;10;6;5;0;1;2;13;14;2;19;15;4;6;24;2;0;6;3;1;4;3;5;16;0;2;3;17;3;25;2;6;12;2;10;24;2;4;0;2;21;-0.13464883119892512;10;5;4;0;17;24;6;5;3;4;3;19;3;6;3;6;2;3;4;15;2;1;22;-2.565535398991581;12;1;8;20;-4.421787713181349
TRACK:198;0;5;6;3;0;0;0;6;1;4;3;0;14;11;1;3;3;18;1;1;18;19;1;23;2.202451471318426;7;6.295262936657142;6;0;4;6;5;16;2;4;2;24;17;1;3;17;0;22;3.3268058000534104;14;6;6;4;1;5;0;8;16;0;6;14;3;14;4;0;1;1;0;1;1;21;6.9605096780551605;15;6;24;5;5;8;1;1;1;25;24;6;13;3;4;20;-9.50947292763229;1;2;3;2;12;25;5;3;25;0;2;5;22;-1.1812355196477249;6;25;0;0;20;-2.893573958685163;8;1;15;14;3;4;2;3;2;23;1.7666920080381683;18;0;4;10;5;25
TRACK:199;0;5;5;6;0;4;4;2;3;1;6;0;17;21;2.542160989942367;5;5;18;4;5;4;5;13;4;2;1;1;4;5;3;14;2;0;3;16;0;9;23;8.700784109001493;0;1;13;15;1;21;3.0629984846299827;21;-9.152945798433269;0;1;5;1;9;19;6;3;15;4;2;5;15;2;11;15;6;5;2;4;3;20;-7.2798089276154965;6;3;19
TRACK:200;190;-1;0;2;0;3;1;0;0;1;2;2;8;22;4.451041027740212;4;19;5;5;10;3;2;6;18;5;20;5.1503681772712895;4;0;2;4;10;0;8;8;4;3;18;6;5;1;5;4;24;4;4;19;2;3;3;0;4;1;5;15;0;15;9;3;4;0;20;-2.6698116446083864;14;1;5;2;2;3;5;7;8.203651060848692;3;3;17;4;1;4;15;6;14;5;3;6;5;1;21;2.389090977466504;22;-9.39183577536637;0;5;3;0;2;3;3;0;19;17;1;5;1;8;21;9.657076405274081;5;6;19;2;2;6;0;22;-3.968402509308918;22;5.238497850573889;2;6;15;1;13;7;-7.620524460668026;2;6;1;18;15;5;6;22;-7.108867170124542;2;5;0;3;2;5;5;12;6;5;15;0;1;1;0;8;11;5;17;5;0;13;17;5;5;0;15;11;5;4;1;1;0;3;17;0;18;19;3;5;21;5.83547652781664;3;6;6;13;6;6;2;2;2;2;3;5;5;11;4;0;1;13;7;-3.983984065109866;4;14;0;5;3;6;14;5;6;5;10;4;4;3;2;0;18;16;4;13;2;0;4;4;4;0;18;15;4;3;6;1;7;-5.3564411208133516;24;5;5;6;3;4;24
TRACK:201;192;-1;5;6;6;4;2;6;6;5;6;19;4;16
TRACK:202;194;-1;3;2;2;1;1;2;1;1;4;0;20;9.833620914115205;18;0;4;20;-8.654376405984022;2;22;3.3578809312834466;13;2;5;13;2;15;23;8.336017535662098;6;5;3;2;12;23;-1.5897679748525895;6;2;4;1;5;14;5;8;1;2;0;16;19;6;10;3;1;7;9.626554188508612;10;5;2;4;5;5;4;8;3;2;3;3;22;-9.41109098073675;5;3;12;1;5;5;3;6;6;5;16;4;2;5;2;4;6;11;6;6;8;4;4;1;2;19;9;1;13;20;-7.133747286588692;3;6;0;0;0;3;0;6;18;1;7;-2.4921470969131434;20;0.9690597002015493;6;5;4;18;0;4;2;2;22;-0.36819268775062974;17;4;24;5;3;3;20;0.6375794793510968;3;6;5;2;3;11;6;11
TRACK:203;196;-1;2;3;4;1;2;0;2;6;3;3;17;3;5;1;19;25;4;3;2;0;23;8.177901990481327;8;0;20;9.614604370592879;15;3;4;2;3;4;22;-7.874801667776574;5;0;17;11;0;1;6;1;4;5;23;6.114837313708637;1;3;15;3;15;0;3;0;1;25;14;3;25;6;2;4;23;-3.205036286497557;5;18;1;4;2;2;6;16;4;17;2;1;24;18;6;15;5;2;3;6;23;-3.99404921668118;0;0;9;12;3;15;6;3;4;4;3;4;1;5;3;13;0;0;18;19;3;20;-3.7814423272706343
TRACK:204;198;-1;6;3;0;0;0;6;1;4;3;0;14;10;1;3;3;18;1;1;18;19;1;23;2.344790602531005;7;6.192336788533987;6;0;4;6;5;16;2;4;2;24;17;1;3;17;0;22;3.3533686984090965;14;6;6;4;1;5;0;8;16;0;6;14;3;14;4;0;1;1;0;1;1;21;6.911296187599771;15;6;24;5;5;8;1;1;1;25;24;6;13;3;4;20;-9.518207582834272;1;2;3;2;12;25;5;3;25;0;2;5;22;-1.1911269196174672;6;25;0;0;20;-3.018207103244698;8;1;15;14;3;4;2;3;2;23;1.7099516638907153;18;0;4;10;5;25
TRACK:205;191;-1;2;1;3;2;0;6;6;4;1;4;16;6;21;6.258770726595086;0;2;3;5;0;18;18;6;2;2;24;24;1;22;6.470585810485667;15;6;4;3;6;18;2;1;6;6;5;5;19;4;6;0;2;16;22;-3.829428362360876;6;18;3;6;4;5;5;15;0;4;5;5;4;2;6;3;18;3;2;20;5.1927674919490014;16;4;1;1;4;3;3;6;11;6;1;3;5;11;0;4;22;-6.143372790368585;5;10;1;5;1;2;2;7;-0.38506937074865466;9;3;20;7.15169523826522;5;1;7;-8.589367888032697;16;6;0;1;3;24;3;18;6;1;24;14;4;5;1;3;4;4;6;4;1;11;15;6;2;3;5;4;1;15;8;6;5;4;2;8;13
TRACK:206;193;-1;4;5;3;0;3;4;5;5;5;3;18;1;6;4;6;2;3;21;-8.996417527499034;2;7;-8.194846395242829;19;5;4;5;12
TRACK:207;195;-1;2;1;3;2;0;6;6;4;1;4;16;6;21;6.3029206375567;0;2;3;5;0;18;18;6;2;2;24;24;1;22;6.699982929308911;15;6;4;3;6;18;2;1;6;6;5;5;19;4;6;0;2;16;22;-3.887849928686157;6;18;3;6;4;5;5;15;0;4;5;5;4;2;6;3;18;3;2;20;5.120897774209369;16;4;1;1;4;3;3;6;11;6;1;3;5;11;0;4;22;-6.1464506800534044;4;7;3.991580226843803;1;5;1;2;2;7;-0.4920686972677876;9;3;20;7.409278147374831;5;1;7;-8.563339018075204;16;6;0;1;3;24;3;18;6;1;24;14;4;5;1;3;4;4;6;4;1;11;7;2.1561055898342247;6;2;3;5;4;1;15;20;0.9308539401593686;6;5;4;2;8;17
TRACK:208;197;-1;5;0;0;0;3;3;2;3;6;6;19;6;0;0;22;9.979310621188743;15;5;9;1;5;0;0;2;3;11;5;11;6;0;11;10;6;2;0;7;6.329567052603697;15;5;11;1;5;2;4;2;23;0.17170948244447176;24;3;6;19;3;0;5;4;17;0;1;16;19;3;16;1;2;0;3;6;1;4;16;4;23;5.731488124693601;4;0;1;4;24;0;14;25;4;6;18;0;4;6;1;1;13;21;-7.128259755863042;6;23;-2.925519505218626;0;6;6;1;9;7;-9.502575383113344;2;4;3;25;4;3;21;0.3422831113364819;1;4;2;6;4;4;11;4;1;1;15;19;3;10;6;5;0;1;2;13;14;2;19;15;4;6;24;2;0;6;3;1;1;4;22;5.04109109104726;6;9;0;2;3;17;3;25;2;6;12;2;10;24;2;4;0;2;21;-0.17336968410975725;10;5;4;0;17;24;6;5;3;4;3;19;3;6;3;6;2;3;4;15;2;1;22;-2.651410300485759;12;1;8;20;-4.244373789152388
TRACK:209;199;-1;5;6;0;4;4;2;3;1;6;0;17;21;2.478236426342348;5;5;18;5;13;4;2;1;1;4;5;3;14;2;0;3;16;0;9;23;8.813003651494709;0;1;13;15;1;21;2.9132486435549643;21;-9.079181395615292;0;1;5;1;9;19;6;3;15;4;2;5;15;2;11;15;6;5;2;4;3;20;-7.264065746776665;6;3;19
EVAL_INSTANCE:10:0:200
EVAL_INSTANCE:10:1:201
EVAL_INSTANCE:10:2:202
EVAL_INSTANCE:10:3:203
EVAL_INSTANCE:10:4:204
EVAL_INSTANCE:10:5:205
EVAL_INSTANCE:10:6:206
EVAL_INSTANCE:10:7:207
EVAL_INSTANCE:10:8:208
EVAL_INSTANCE:10:9:209
RUN_RESULT:10:0:0:2000:----
RUN_RESULT:10:1:0:2000:----
RUN_RESULT:10:2:0:2000:----
RUN_RESULT:10:3:0:2000:----
RUN_RESULT:10:4:0:2000:----
RUN_RESULT:10:5:0:2000:----
RUN_RESULT:10:6:0:2000:----
RUN_RESULT:10:7:0:2000:----
RUN_RESULT:10:8:0:2000:----
RUN_RESULT:10:9:0:2000:----
    11 |      110 |  0.000000E+00 | -0.000000E+00
TRACK:210;4;7;4;5;3;0;3;4;5;5;5;3;18;1;6;4;6;2;3;18;2;7;-8.191843957060472;22;5.1655929522909965;5;4;5;5;1;22;-4.517676557601742;25
TRACK:211;4;7;0;2;0;3;1;0;0;1;2;2;8;22;4.453803679787466;4;19;5;5;10;3;2;6;18;2;11;20;-4.576830747201253;4;0;2;4;10;0;8;8;4;3;22;5.1655929522909965;6;5;1;5;4;24;4;4;19;2;3;3;0;4;1;5;15;0;15;9;3;4;0;20;-2.6411137817220975;14;1;5;2;2;3;5;7;8.327604284025615;3;3;17;4;1;4;15;6;14;5;3;6;5;1;25;22;-9.393035975214021;0;5;3;0;2;3;3;0;19;17;1;5;1;8;21;9.862528904540227;5;6;19;2;2;6;0;22;-4.029760820892394;22;5.166766373596799;2;6;15;1;13;7;-7.550498204251523;2;6;1;18;15;5;6;22;-7.203221050520843;2;5;0;3;2;5;5;12;6;5;15;0;1;1;0;8;11;5;17;5;0;13;17;5;5;0;15;11;5;4;1;1;0;3;17;0;18;19;3;5;21;5.6757926461243215;3;6;6;13;6;6;2;2;2;2;3;5;5;11;4;0;1;13;7;-3.9107666011116127;4;14;0;5;3;6;14;5;6;5;10;4;4;3;2;0;18;16;4;13;2;0;4;4;4;0;18;15;4;3;6;1;7;-5.39080065380491;24;5;5;6;3;4;24
TRACK:212;9;0;2;3;4;1;2;0;2;6;3;3;17;3;5;1;19;25;4;6;4;2;21;-0.13464883119892512;10;3;4;2;3;4;22;-7.890205230346989;5;0;17;11;0;1;6;1;4;5;23;6.227628086098182;1;3;15;3;15;0;3;0;1;25;14;3;25;6;2;4;23;-3.3627407116145447;5;18;1;4;2;2;6;16;4;17;2;1;24;25;6;15;5;2;3;6;23;-4.111668872741618;0;0;9;11;3;15;6;3;4;4;3;4;1;5;3;13;0;0;18;19;3;20;-3.7894416492369025
TRACK:213;9;0;6;3;0;0;0;6;1;4;3;0;14;11;1;3;3;18;1;1;18;19;1;23;2.202451471318426;7;6.295262936657142;6;0;4;6;5;16;2;4;2;24;17;1;3;17;0;22;3.3268058000534104;14;6;6;4;1;5;0;8;16;0;6;14;3;14;4;0;1;1;0;1;1;21;6.9605096780551605;15;6;24;5;5;8;1;1;1;25;24;6;13;19;1;2;3;2;23;3.7452249017076173;25;5;3;25;0;2;5;22;-1.1812355196477249;6;25;0;0;20;-2.893573958685163;8;1;15;14;3;4;2;3;2;23;1.7666920080381683;18;0;4;10;5;25
TRACK:214;2;1;5;0;0;0;3;3;2;3;6;6;19;6;0;0;22;9.973488394430042;15;5;9;1;5;0;0;2;3;11;5;11;6;0;11;10;6;2;0;7;6.36117376611756;15;5;11;1;5;2;4;2;23;0.14584256788313432;24;3;6;19;3;0;5;4;17;0;1;16;19;3;16;1;2;0;3;6;1;4;16;4;23;5.6600768061438735;4;0;1;4;24;0;14;25;4;6;18;0;4;6;1;1;13;21;-6.8732043290012035;6;23;-3.0226886077861863;0;6;6;1;9;7;-9.404662164247615;2;4;3;25;4;3;21;0.12926081566464376;1;4;2;4;6;18;4;1;1;15;19;3;10;6;5;0;1;2;13;14;2;19;15;4;6;24;2;0;6;3;1;4;3;5;16;0;2;3;17;3;25;2;6;12;2;10;24;2;4;0;2;6;5;24;6;0;21;-9.83009271380794;22;-6.543187674929958;5;4;0;17;24;6;5;3;4;3;19;3;6;3;6;2;3;4;15;2;1;22;-2.565535398991581;12;1;8;20;-4.421787713181349
TRACK:215;2;1;5;6;6;4;2;6;6;5;6;0;8;23;5.6600768061438735;4;0;3;1;4;12;6;20;-1.0233206279622031;6;4;6;18
TRACK:216;0;3;6;3;0;0;0;6;1;4;3;0;14;11;1;3;3;18;1;1;18;19;1;23;2.202451471318426;7;6.295262936657142;6;0;4;6;5;16;2;4;2;24;17;1;3;17;0;22;3.3268058000534104;14;6;6;4;1;5;0;8;16;0;6;14;3;14;4;0;1;1;0;1;1;21;6.9605096780551605;15;6;24;5;5;8;1;1;1;25;24;6;13;3;4;20;-9.50947292763229;1;2;3;2;23;3.7452249017076173;25;5;3;25;0;2;5;22;-1.1812355196477249;6;25;0;0;20;-2.893573958685163;18;1;15;14;3;4;2;3;2;23;1.7666920080381683;18;0;4;10;5;25
TRACK:217;0;3;3;2;2;1;1;2;1;1;4;0;20;9.742960491497655;18;0;4;20;-8.616955914179115;2;22;3.221053906906892;13;4;0;0;15;16;0;8;25;6;5;3;2;12;23;-1.8257522209405828;6;2;4;1;5;14;5;8;1;2;3;14;6;10;3;1;7;9.62998050044277;10;5;2;4;5;5;4;8;3;2;3;3;22;-9.455953192425353;5;3;12;1;5;5;3;6;6;5;16;4;2;5;2;4;6;11;6;6;8;4;4;1;2;19;9;1;13;20;-7.0604585125043595;3;6;0;0;0;3;0;6;18;1;7;-2.3594696693635324;20;0.8836047457815344;6;5;4;18;0;4;2;2;22;-0.31280581570357846;17;4;24;5;3;3;20;0.6123342399784608;3;6;5;2;3;11;6;11
TRACK:218;2;5;5;0;0;0;3;3;2;3;6;6;19;6;0;0;22;9.973488394430042;15;5;9;1;5;0;0;2;3;11;5;11;6;0;11;10;6;2;0;7;6.36117376611756;15;5;11;1;5;2;4;2;23;0.14584256788313432;24;3;6;19;3;0;5;5;15;0;1;16;19;3;16;1;2;0;3;6;1;4;16;4;23;5.6600768061438735;4;0;1;4;24;0;14;25;4;6;18;0;4;6;1;1;13;21;-6.8732043290012035;6;23;-3.0226886077861863;0;6;6;1;9;7;-9.404662164247615;2;4;3;25;4;3;21;0.12926081566464376;1;4;2;6;4;4;11;4;1;1;15;19;3;10;6;5;0;1;2;13;14;2;19;15;4;6;24;2;0;6;3;1;4;3;5;16;0;2;3;17;3;25;2;6;12;2;10;24;2;4;0;2;6;5;24;6;0;21;-9.83009271380794;22;-6.543187674929958;5;4;0;17;24;6;5;3;4;3;19;3;6;3;6;2;3;4;15;2;1;22;-2.565535398991581;12;1;8;20;-4.421787713181349
TRACK:219;2;5;5;6;0;4;4;2;3;1;6;0;17;21;2.542160989942367;5;5;18;4;5;4;5;13;4;2;1;1;4;5;3;14;2;0;3;16;0;9;23;8.700784109001493;0;1;13;12;1;21;3.0629984846299827;21;-9.152945798433269;0;1;5;1;9;19;6;3;15;4;2;5;15;2;11;15;6;5;2;4;3;20;-7.2798089276154965;6;23;5.6600768061438735
TRACK:220;210;-1;4;5;3;0;3;4;5;5;5;3;18;1;6;4;6;2;3;11;2;7;-7.998950509654422;22;5.162360134001201;5;4;5;5;1;22;-4.572666585465614;25
TRACK:221;212;-1;2;3;4;1;2;0;2;6;3;3;17;3;5;1;19;25;4;6;4;2;21;0.049916531685504195;10;3;4;2;3;4;22;-7.984621031501124;5;0;17;11;0;1;6;1;4;5;23;6.394896962855145;1;3;15;3;15;0;3;0;1;25;14;3;25;6;2;4;23;-3.3896519354585117;5;18;1;4;2;2;6;16;4;17;2;1;24;25;6;15;5;2;3;6;23;-4.1424364256048145;0;0;9;11;3;15;6;3;3;2;5;2;4;6;1;21;6.32162500264911;12;1;2;4;17;3;9;4;1;9;10;1;0;4;4;1;11;16;4;3;0;14;9;0;6;5;3;10;1;4;6;21;7.911277816436279;3;1;9;12
TRACK:222;214;-1;5;0;0;0;3;3;2;3;6;6;19;6;0;0;22;10.0;15;5;9;1;5;0;0;2;3;11;5;11;6;0;11;10;6;2;0;7;6.322309879577082;15;5;11;1;5;2;4;2;23;0.06804008128902046;24;3;6;19;3;0;5;4;17;0;1;16;19;3;16;1;2;0;3;6;1;4;16;4;23;5.559968440315882;4;0;1;4;24;4;14;4;6;18;0;4;6;1;1;13;21;-6.860311499611659;6;23;-2.8864249267867947;0;6;6;1;9;7;-9.50852060521769;2;4;3;25;4;3;21;-0.07634255070196311;1;4;2;4;6;18;4;1;1;15;19;3;10;6;5;0;1;2;13;14;2;19;15;4;6;24;2;0;6;3;1;4;3;5;16;0;2;3;17;3;25;2;6;12;2;10;24;2;4;0;2;6;5;24;6;0;21;-9.925449122689294;22;-6.416394215820103;5;4;0;17;24;6;5;3;4;3;19;3;6;3;6;2;3;4;15;2;1;22;-2.4513853664231866;12;1;8;20;-4.337522017473791
TRACK:223;216;-1;6;3;0;0;0;6;1;4;3;0;14;11;1;3;3;18;1;1;18;19;1;23;2.21549665885862;7;6.305755449704267;6;0;4;6;5;16;2;4;2;24;17;1;3;17;0;22;3.5311973068451556;14;6;6;4;1;5;0;8;16;0;6;14;3;14;4;0;1;1;0;1;1;21;6.849020648201807;15;6;24;5;5;8;1;5;12;3;4;20;-9.540190734127627;1;2;3;2;23;3.509629020051703;25;5;3;25;0;2;5;22;-1.2757877892947802;6;25;0;0;20;-2.780677503407049;18;1;15;14;3;4;2;3;2;23;1.8202070097193843;18;0;4;10;5;25
TRACK:224;218;-1;5;0;0;0;3;3;2;3;6;6;19;6;0;0;22;10.0;15;5;9;1;5;0;0;2;3;11;5;11;6;0;11;10;6;2;0;7;6.500371671026339;15;5;11;1;5;2;4;2;23;0.1146460857421505;24;3;6;19;3;0;5;5;15;0;1;16;19;3;16;1;2;0;3;6;1;4;16;4;23;5.555423275057113;4;0;1;4;24;0;14;25;4;6;18;0;4;6;1;1;13;21;-6.925892400107184;6;23;-3.0221116616854578;0;6;6;1;9;7;-9.430662254764368;1;1;6;21;-0.8806341307869516;6;14;4;6;14;1;4;2;6;4;4;11;4;1;1;15;19;3;10;6;5;0;1;2;13;14;2;19;15;4;6;24;2;0;6;3;1;4;3;5;16;0;2;3;17;3;25;2;6;12;2;10;24;2;4;0;2;6;5;24;6;0;21;-10.0;22;-6.668164723790559;5;4;0;17;24;6;5;3;4;3;19;3;6;3;6;2;3;4;15;2;1;22;-2.520070550013696;12;1;8;20;-4.4508863840073785
TRACK:225;211;-1;0;2;0;3;1;0;0;1;2;2;8;22;4.42093020361318;4;19;5;5;10;3;2;6;18;2;11;20;-4.607901584724226;4;0;2;4;10;0;8;8;4;3;22;5.116336106709001;6;5;1;2;4;10;6;12;4;4;19;2;3;3;0;4;1;5;15;0;15;9;3;4;0;20;-2.6231689657661805;14;1;5;2;2;3;5;7;8.495849935547211;3;3;17;4;1;4;15;6;14;5;3;6;5;1;25;22;-9.372806712508716;0;5;3;0;2;3;3;0;19;17;1;5;1;8;21;9.841821422266255;5;6;19;2;2;6;0;22;-4.108565451633316;22;5.123190296856428;2;6;15;1;13;7;-7.6326027335652595;2;6;1;18;15;5;6;22;-7.1391331998020595;2;5;0;3;2;5;5;12;6;5;15;0;1;1;0;8;11;5;17;5;0;13;17;5;5;0;15;11;5;4;1;1;0;3;17;0;18;19;3;5;21;5.619393813304107;3;6;6;13;6;6;2;2;2;2;3;5;5;11;4;0;1;13;7;-4.081960138435063;4;14;0;5;3;6;14;5;6;5;10;4;4;3;2;0;18;16;4;13;2;0;4;4;4;0;18;15;4;3;6;1;7;-5.335947562309888;24;5;5;6;3;4;24
TRACK:226;213;-1;6;3;0;0;0;6;1;4;3;0;14;11;1;3;3;18;1;1;18;19;1;23;2.0728884371265597;7;6.213578495594067;6;0;4;6;5;16;2;4;2;24;17;1;3;17;0;22;3.2295587606360443;14;6;6;4;1;5;0;8;16;0;6;14;3;14;4;0;1;1;0;1;1;21;7.016548075914215;15;6;24;5;5;8;1;1;1;25;24;6;13;19;1;2;3;2;23;3.7149449693216794;25;5;3;25;0;2;5;22;-1.0944888592004256;6;25;0;0;20;-2.813397521669529;8;1;18;14;3;4;2;3;2;23;1.933670294656236;18;0;4;10;5;25
TRACK:227;215;-1;5;6;6;4;2;6;6;5;6;0;8;23;5.569616714826402;4;0;3;1;1;23;-4.693868866170177;21;2.9517309097520243;6;20;-1.1812779904930115;6;4;6;18
TRACK:228;217;-1;3;2;2;1;1;2;1;1;4;0;20;9.777032498097357;18;5;16;4;0;0;15;16;0;8;25;6;5;3;2;12;23;-1.6832629461899191;6;2;4;1;5;14;5;8;1;2;3;14;6;10;3;1;7;9.721521481822476;10;5;2;4;5;5;4;8;3;2;3;3;22;-9.636788386593476;5;3;12;1;5;5;3;6;6;5;16;4;2;5;2;4;6;11;6;6;8;4;4;1;2;19;9;1;13;20;-6.9829742463645195;3;6;0;0;0;3;0;6;18;1;7;-2.4721377310952537;20;0.9763312589935272;6;5;4;18;0;4;2;2;22;-0.4040825947919567;17;4;24;5;3;3;20;0.6594838402419706;3;6;5;2;3;11;6;11
TRACK:229;219;-1;5;6;0;4;4;2;3;1;6;0;14;21;2.6294419907656024;5;5;18;4;5;4;5;13;4;2;1;1;4;5;3;14;2;0;3;16;0;9;23;8.700398743865932;0;1;13;12;1;21;3.0087358606756798;21;-9.15579593570236;0;1;5;1;9;19;6;3;15;4;2;5;15;2;11;15;6;5;2;4;3;20;-7.451772083332882;6;23;5.662671299077989
EVAL_INSTANCE:11:0:220
EVAL_INSTANCE:11:1:221
EVAL_INSTANCE:11:2:222
EVAL_INSTANCE:11:3:223
EVAL_INSTANCE:11:4:224
EVAL_INSTANCE:11:5:225
EVAL_INSTANCE:11:6:226
EVAL_INSTANCE:11:7:227
EVAL_INSTANCE:11:8:228
EVAL_INSTANCE:11:9:229
RUN_RESULT:11:0:0:2000:----
RUN_RESULT:11:1:0:2000:----
RUN_RESULT:11:2:0:2000:----
RUN_RESULT:11:3:0:2000:----
RUN_RESULT:11:4:0:2000:----
RUN_RESULT:11:5:0:2000:----
RUN_RESULT:11:6:0:2000:----
RUN_RESULT:11:7:0:2000:----
RUN_RESULT:11:8:0:2000:----
RUN_RESULT:11:9:0:2000:----
    12 |      120 |  0.000000E+00 | -0.000000E+00
TRACK:230;4;2;4;5;3;0;3;4;5;5;5;3;18;1;6;4;1;1;15;19;3;10;5;4;5;5;1;22;-4.517676557601742;25
TRACK:231;4;2;5;0;0;0;3;3;2;3;6;6;19;6;0;0;22;9.973488394430042;15;5;9;1;5;0;0;2;3;11;5;11;6;0;11;10;6;2;0;7;6.36117376611756;15;5;11;1;5;2;4;2;23;0.14584256788313432;24;3;6;19;3;0;5;4;17;0;1;16;19;3;16;1;2;0;3;6;1;4;16;4;23;5.6600768061438735;4;0;1;4;24;0;14;25;4;6;18;0;4;6;1;1;13;21;-6.8732043290012035;6;23;-3.0226886077861863;0;6;6;1;9;7;-9.404662164247615;2;4;3;25;4;3;21;0.12926081566464376;1;4;2;18;4;1;1;15;19;3;10;6;5;0;1;2;13;14;2;19;15;4;6;24;2;0;6;3;1;4;3;5;16;0;2;3;17;3;25;2;6;12;2;10;24;2;4;0;2;6;5;24;6;0;21;-9.83009271380794;22;-6.543187674929958;5;4;0;17;24;6;5;3;4;3;19;3;6;3;6;2;3;4;15;2;1;22;-2.565535398991581;12;1;8;20;-4.421787713181349
TRACK:232;6;3;5;6;0;5;5;5;3;0;1;0;11;24;3;13;5;16;6;0;3;1;3;2;2;24;15;1;8;22;-2.1002583620342925;6;3;1;20;-4.476998301378119;17;1;6;1;6;1;23;3.5804700677064574;21;-8.351266563700355;3;2;20;0.6905140637147262;16;3;0;5;5;9;6;6;7;3.383040986546062
TRACK:233;6;3;3;2;2;1;1;2;1;1;4;0;20;9.742960491497655;18;0;4;20;-8.616955914179115;2;22;3.221053906906892;13;4;0;0;15;16;0;8;25;6;5;3;2;12;23;-1.8257522209405828;6;2;4;1;5;14;5;8;1;2;0;16;19;6;10;3;1;7;9.62998050044277;10;5;2;4;5;5;4;8;3;2;3;3;22;-9.455953192425353;5;3;12;1;5;5;3;6;6;5;16;4;2;5;2;4;6;11;6;6;8;4;4;1;2;19;9;1;13;20;-7.0604585125043595;3;6;0;0;0;3;0;6;18;1;7;-2.3594696693635324;20;0.8836047457815344;6;5;4;18;0;4;2;2;22;-0.31280581570357846;20;-4.476998301378119;4;24;5;3;3;20;0.6123342399784608;3;6;5;2;3;11;6;11
TRACK:234;8;9;2;1;3;2;0;6;6;4;1;4;16;6;21;6.190176202600192;0;2;3;5;0;18;18;6;2;2;24;24;1;22;6.5950927434167;15;6;4;3;6;18;2;1;6;6;5;5;19;4;6;0;2;16;22;-4.028209660979744;6;18;3;6;4;5;5;15;0;4;5;5;4;2;6;3;18;3;2;20;5.174240288222162;16;4;1;1;4;3;3;6;11;6;1;3;5;11;0;4;22;-6.153415675260341;5;10;1;5;1;2;2;7;-0.507259761730781;9;3;20;7.398597986655556;5;1;7;-8.58601422223352;16;6;0;1;3;24;3;18;6;1;16;14;4;5;1;3;4;4;6;4;1;11;7;2.1513159599992413;6;2;3;5;4;1;15;8;6;5;4;2;8;17
TRACK:235;8;9;2;3;4;1;2;0;2;6;3;3;17;3;5;1;19;25;4;6;4;2;21;-0.13464883119892512;10;3;4;2;3;4;22;-7.890205230346989;5;0;17;11;0;1;6;1;4;5;23;6.227628086098182;1;3;15;3;15;0;3;0;1;25;14;3;25;6;2;4;23;-3.3627407116145447;5;18;1;4;2;2;6;16;4;17;2;1;24;18;6;15;5;2;3;22;6.5950927434167;0;0;9;11;3;15;6;3;4;4;3;4;1;5;3;13;0;0;18;19;3;20;-3.7894416492369025
TRACK:236;2;7;5;0;0;0;3;3;2;3;6;6;19;6;0;0;22;9.973488394430042;15;5;9;1;5;0;0;2;3;11;5;11;6;0;11;10;6;2;0;7;6.36117376611756;15;5;11;1;5;2;4;2;23;0.14584256788313432;24;3;6;19;3;0;5;4;17;0;1;16;19;3;16;1;2;0;3;6;1;4;16;4;23;5.6600768061438735;4;0;1;4;24;0;14;25;4;6;18;0;4;7;-3.9107666011116127;0;6;6;1;9;7;-9.404662164247615;2;4;3;25;4;3;21;0.12926081566464376;1;4;2;6;4;4;11;4;1;1;15;19;3;10;6;5;0;1;2;13;14;2;19;15;4;6;24;2;0;6;3;1;4;3;5;16;0;2;3;17;3;25;2;6;12;2;10;24;2;4;0;2;6;5;24;6;0;21;-9.83009271380794;22;-6.543187674929958;5;4;0;17;24;6;5;3;4;3;19;3;6;3;6;2;3;4;15;2;1;22;-2.565535398991581;12;1;8;20;-4.421787713181349
TRACK:237;2;7;0;2;0;3;1;0;0;1;2;2;8;22;4.453803679787466;4;19;5;5;10;3;2;6;18;2;11;20;-4.576830747201253;4;0;2;4;10;0;8;8;4;3;22;5.1655929522909965;6;5;1;5;4;24;4;4;19;2;3;3;0;4;1;5;15;0;15;9;3;4;0;20;-2.6411137817220975;14;1;5;2;2;3;5;7;8.327604284025615;3;3;17;4;1;4;15;6;14;5;3;6;5;1;21;2.393053755785372;22;-9.393035975214021;0;5;3;0;2;3;3;0;19;17;1;5;1;8;21;9.862528904540227;5;6;19;2;2;6;0;22;-4.029760820892394;22;5.166766373596799;2;6;15;1;13;7;-7.550498204251523;2;6;1;18;15;5;6;22;-7.203221050520843;2;5;0;3;2;5;5;12;6;5;15;0;1;1;0;8;11;5;17;5;0;13;17;5;5;0;15;11;5;4;1;4;3;19;3;6;6;13;6;6;2;2;2;2;3;5;5;11;4;0;1;13;7;-3.9107666011116127;4;14;0;5;3;6;14;5;6;5;10;4;4;3;2;0;18;16;4;13;2;0;4;4;4;0;18;15;4;3;6;1;7;-5.39080065380491;24;5;5;6;3;4;24
TRACK:238;1;0;5;6;6;4;2;25;4;0;3;1;4;12;6;20;-1.0233206279622031;6;4;6;18
TRACK:239;1;0;6;3;0;0;0;6;1;4;3;0;14;8;1;3;3;18;1;1;18;19;1;23;2.202451471318426;7;6.295262936657142;6;0;4;6;5;16;2;4;2;24;17;1;3;17;0;22;3.3268058000534104;14;6;6;4;1;5;0;8;16;0;6;14;3;14;4;0;1;1;0;1;1;21;6.9605096780551605;15;6;24;5;5;8;1;1;1;25;24;6;13;3;4;20;-9.50947292763229;1;2;3;2;23;3.7452249017076173;25;5;3;25;0;2;5;22;-1.1812355196477249;6;25;0;0;20;-2.893573958685163;8;1;15;14;3;4;2;3;2;23;1.7666920080381683;18;0;4;10;5;25
TRACK:240;230;-1;4;5;3;0;5;6;2;20;5.820560294479918;9;1;6;4;1;1;15;19;3;10;5;4;5;5;1;22;-4.48803551477953;25
TRACK:241;232;-1;5;6;0;5;5;5;3;0;4;0;23;7.402009142571391;12;5;16;6;0;3;1;3;2;2;24;15;1;8;22;-2.000185669685323;6;3;1;20;-4.479150410207167;17;1;6;1;6;1;23;3.461412336562096;21;-8.501465499506446;3;2;20;0.7362356015863246;16;3;0;5;5;9;6;6;7;3.302823646100326
TRACK:242;234;-1;2;1;3;2;0;6;6;4;1;4;16;6;21;6.105338007569334;0;2;3;5;0;18;18;6;2;2;24;24;1;22;6.654821241623628;15;6;4;3;6;18;2;1;6;6;5;5;19;4;6;0;2;16;22;-4.0685898844317245;6;18;3;6;4;5;5;15;0;4;5;5;4;2;6;3;18;3;2;20;5.294128211281871;16;4;1;1;6;24;6;1;3;5;11;0;4;22;-6.184563120160432;5;10;1;5;1;2;2;7;-0.5165215475404091;9;3;20;7.409715512425598;5;1;7;-8.58882451261549;16;6;0;1;3;24;3;18;6;1;16;14;4;5;1;3;4;4;6;4;1;11;7;2.1723724124588695;6;2;3;5;4;1;15;8;6;5;4;2;8;17
TRACK:243;236;-1;5;0;0;0;3;3;2;3;6;6;19;6;0;0;22;10.0;15;5;9;1;5;0;0;2;3;11;5;11;6;0;11;10;6;2;0;7;6.45718525107761;15;5;11;1;5;2;4;2;23;0.19843421591188706;24;3;6;19;3;0;5;4;17;0;1;16;19;3;16;1;2;0;3;6;1;4;16;4;23;5.515100923204371;4;0;1;4;24;0;14;25;4;6;18;0;4;7;-3.783722917820158;0;6;6;1;9;7;-9.38354994476467;2;4;3;25;4;3;21;0.12296642315807345;1;4;2;6;4;4;11;4;1;1;15;19;3;10;6;5;0;5;0;13;9;4;6;24;2;0;6;3;1;4;3;5;16;0;2;3;17;3;25;2;6;12;2;10;24;2;4;0;2;6;5;24;6;0;21;-9.810749892744019;22;-6.570100314679771;5;4;0;17;24;6;5;3;4;3;19;3;6;3;6;2;3;4;15;2;1;22;-2.652783528399168;12;1;8;20;-4.420842916824197
TRACK:244;238;-1;5;6;6;4;2;25;5;2;0;10;19;0;17;17
TRACK:245;231;-1;5;0;0;0;3;3;2;3;6;6;19;6;0;0;22;9.99246148936841;15;5;9;1;5;0;0;2;3;11;5;11;6;0;11;10;6;2;0;7;6.6267940747290925;15;5;11;1;5;2;4;2;23;0.10006263759927704;24;3;6;19;3;0;5;4;17;0;1;16;19;3;16;1;2;0;3;6;1;4;16;4;23;5.690545062741447;4;0;1;4;24;0;14;25;4;6;18;0;4;6;1;1;13;21;-6.81550114888236;6;23;-3.1118127104517126;0;6;6;1;9;7;-9.264041772248673;2;4;3;25;4;3;21;0.03071089281651662;1;4;2;18;4;1;1;15;19;3;10;6;5;0;1;2;13;14;2;19;15;4;6;24;2;0;6;3;1;4;3;5;16;0;2;3;17;3;25;2;6;12;2;10;24;2;4;0;2;6;5;24;6;0;21;-9.6997844609794;22;-6.665412699704663;5;4;0;17;24;6;5;3;4;3;21;4.166641035000529;3;6;3;6;2;3;4;15;2;1;22;-2.5752460362156815;12;1;8;20;-4.3251668535883105
TRACK:246;233;-1;3;2;2;1;1;2;1;1;4;0;20;9.540103505493116;18;0;4;20;-8.684852600463136;2;22;3.1341134581123713;13;4;0;0;15;16;0;8;25;6;5;3;2;12;23;-1.9966309729710365;6;1;2;4;2;8;14;6;3;8;1;1;0;14;14;4;11;2;6;15;1;18;10;5;2;4;5;5;4;8;3;2;3;3;22;-9.440427322740433;5;3;12;1;5;5;3;6;6;5;16;4;2;5;2;4;6;11;6;6;8;4;4;1;2;19;9;1;13;20;-7.223093590050292;3;6;0;0;0;3;0;6;18;1;7;-2.4218178557146524;20;0.9237133761874737;6;5;4;18;0;4;2;2;22;-0.29575951495013014;20;-4.547604034832104;4;24;5;3;3;20;0.7176847184516211;3;6;5;2;3;11;6;11
TRACK:247;235;-1;2;3;4;1;2;0;2;6;3;3;17;3;5;1;19;25;4;6;4;2;21;-0.06847726020483072;10;3;4;2;3;4;22;-7.982864741917887;5;0;17;11;0;1;6;1;4;5;23;6.224093786850479;1;3;15;3;15;0;3;0;1;25;14;3;25;6;2;4;23;-3.295255502433592;5;18;1;4;2;2;6;16;4;17;2;1;24;18;6;15;5;2;3;22;6.548500329310677;0;0;9;11;3;15;6;3;4;4;3;4;1;5;3;13;0;0;18;19;4;9
TRACK:248;237;-1;0;2;0;3;1;0;0;1;2;2;8;22;4.453086167216171;4;19;5;5;10;3;2;6;18;2;11;20;-4.550410054179986;4;0;2;4;10;0;8;8;4;3;22;5.2315022622656215;6;5;1;5;4;24;4;4;19;2;3;3;0;4;1;5;15;0;15;9;3;4;0;20;-2.7520077238876324;14;1;5;2;2;3;5;7;8.400900970950314;3;3;17;4;1;4;15;6;14;5;3;6;5;1;21;2.4978225267988745;22;-9.338429511212205;0;5;3;0;2;3;3;0;19;17;1;3;11;5;6;19;2;2;6;0;22;-3.8908463151416135;22;5.166787500042113;2;6;15;1;13;7;-7.536056560629074;2;6;1;18;15;5;6;22;-7.243340834237198;2;5;0;3;2;5;5;12;6;5;15;0;1;1;0;8;11;5;17;5;0;13;17;5;5;0;15;11;5;4;1;4;3;19;3;6;6;13;6;6;2;2;2;2;3;5;5;11;4;0;1;13;7;-3.863794746851754;4;14;0;5;3;6;14;5;6;5;10;4;4;3;2;0;18;16;4;13;2;0;4;4;4;0;18;15;4;3;6;1;7;-5.193419146212169;24;5;5;6;3;4;24
TRACK:249;239;-1;6;3;0;0;0;6;1;4;3;0;14;8;1;3;3;18;1;1;18;19;1;23;2.215113666512303;7;6.394506448249825;6;0;4;6;1;15;14;2;4;2;24;17;1;3;17;0;22;3.148405905173795;14;6;6;4;1;5;0;8;16;0;6;14;3;14;4;0;1;1;0;1;1;21;7.141883454067748;15;6;24;5;5;8;1;1;1;25;24;6;13;3;4;20;-9.398920567681367;1;2;3;2;23;3.5567316742440207;25;5;3;25;0;2;5;22;-0.9747977082222474;6;25;0;0;20;-2.974416300870839;8;1;15;14;3;4;2;3;2;23;1.734414811598643;18;0;4;10;5;25
EVAL_INSTANCE:12:0:240
EVAL_INSTANCE:12:1:241
EVAL_INSTANCE:12:2:242
EVAL_INSTANCE:12:3:243
EVAL_INSTANCE:12:4:244
EVAL_INSTANCE:12:5:245
EVAL_INSTANCE:12:6:246
EVAL_INSTANCE:12:7:247
EVAL_INSTANCE:12:8:248
EVAL_INSTANCE:12:9:249
RUN_RESULT:12:0:0:2000:----
RUN_RESULT:12:1:0:2000:----
RUN_RESULT:12:2:0:2000:----
RUN_RESULT:12:3:0:2000:----
RUN_RESULT:12:4:0:2000:----
RUN_RESULT:12:5:0:2000:----
RUN_RESULT:12:6:0:2000:----
RUN_RESULT:12:7:0:2000:----
RUN_RESULT:12:8:0:2000:----
RUN_RESULT:12:9:0:2000:----
    13 |      130 |  0.000000E+00 | -0.000000E+00
TRACK:250;0;1;6;3;0;0;0;6;1;4;3;0;14;11;1;3;3;18;1;1;18;19;1;23;2.202451471318426;7;6.295262936657142;6;0;4;6;5;16;2;4;2;24;17;1;3;17;0;22;3.3268058000534104;14;6;6;4;1;5;0;8;16;0;6;14;3;14;4;0;1;1;0;4;6;18;5;5;8;1;1;1;25;24;6;13;3;4;20;-9.50947292763229;1;2;3;2;23;3.7452249017076173;25;5;3;25;0;2;5;22;-1.1812355196477249;6;25;0;0;20;-2.893573958685163;8;1;15;14;3;4;2;3;2;23;1.7666920080381683;18;0;4;10;5;25
TRACK:251;0;1;5;6;6;13
TRACK:252;8;3;2;1;3;2;0;6;6;4;1;4;16;6;21;6.190176202600192;0;2;3;5;0;18;18;6;2;2;24;24;1;22;6.5950927434167;15;6;12;2;1;6;6;5;5;19;4;6;0;2;16;22;-4.028209660979744;6;18;3;6;4;5;5;15;0;4;5;5;4;2;6;3;18;3;2;20;5.174240288222162;16;4;1;1;4;3;3;6;11;6;1;3;5;11;0;4;22;-6.153415675260341;5;10;1;5;1;2;2;7;-0.507259761730781;9;3;20;7.398597986655556;5;1;7;-8.58601422223352;16;6;0;1;3;24;3;18;6;1;24;14;4;5;1;3;4;4;6;4;1;11;7;2.1513159599992413;6;2;3;5;4;1;15;8;6;5;4;2;8;17
TRACK:253;8;3;3;2;2;1;1;2;1;1;4;0;20;9.742960491497655;18;0;4;20;-8.616955914179115;2;22;3.221053906906892;13;4;0;0;15;16;0;8;25;6;5;3;2;12;23;-1.8257522209405828;6;2;4;1;5;14;5;8;1;2;0;16;19;6;10;3;1;7;9.62998050044277;10;5;2;4;5;5;4;8;3;2;3;3;22;-9.455953192425353;5;3;12;1;5;5;3;6;6;5;16;4;2;5;2;4;6;11;6;6;8;4;4;1;2;19;9;1;11;20;-7.0604585125043595;3;6;0;0;0;3;0;6;18;1;7;-2.3594696693635324;20;0.8836047457815344;6;5;4;18;0;4;2;2;22;-0.31280581570357846;17;4;24;5;3;3;20;0.6123342399784608;3;6;5;2;3;11;6;11
TRACK:254;5;2;5;6;0;4;4;2;3;1;6;0;17;21;2.542160989942367;5;5;18;4;5;4;5;13;4;2;1;1;4;5;3;14;2;0;3;16;0;9;23;8.700784109001493;0;1;13;12;1;21;3.0629984846299827;21;-9.152945798433269;0;1;5;20;-4.421787713181349;6;3;15;4;2;5;15;2;11;15;6;5;2;4;3;20;-7.2798089276154965;6;3;19
TRACK:255;5;2;5;0;0;0;3;3;2;3;6;6;19;6;0;0;22;9.973488394430042;15;5;9;1;5;0;0;2;3;11;5;11;6;0;11;10;6;2;0;7;6.36117376611756;15;5;11;1;5;2;4;2;12;24;3;6;19;3;0;5;4;17;0;1;16;19;3;16;1;2;0;3;6;1;4;16;4;23;5.6600768061438735;4;0;1;4;24;0;14;25;4;6;18;0;4;6;1;1;13;21;-6.8732043290012035;6;23;-3.0226886077861863;0;6;6;1;9;7;-9.404662164247615;2;4;3;25;4;3;21;0.12926081566464376;1;4;2;6;4;4;11;4;1;1;15;19;3;10;6;5;0;1;2;13;14;2;19;15;4;6;24;2;0;6;3;1;4;3;5;16;0;2;3;17;3;25;2;6;12;2;10;24;2;4;0;2;6;5;24;6;0;21;-9.83009271380794;22;-6.543187674929958;5;4;0;17;24;6;5;3;4;3;19;3;6;3;6;2;3;4;15;2;1;22;-2.565535398991581;12;1;8;20;-4.421787713181349
TRACK:256;0;5;6;3;0;0;0;6;1;4;3;0;14;11;1;3;3;18;1;1;18;19;1;23;2.202451471318426;7;6.295262936657142;6;0;4;6;5;16;2;4;2;24;17;1;3;17;0;22;3.3268058000534104;14;6;6;4;1;5;0;8;16;0;6;14;3;12;4;0;1;1;0;1;1;21;6.9605096780551605;15;6;24;5;5;8;1;1;1;25;24;6;13;3;4;20;-9.50947292763229;1;2;3;2;23;3.7452249017076173;25;5;3;25;0;2;5;22;-1.1812355196477249;6;25;0;0;20;-2.893573958685163;8;1;15;14;3;4;2;3;2;23;1.7666920080381683;18;0;4;10;5;25
TRACK:257;0;5;5;6;0;4;4;2;1;1;21;6.9605096780551605;15;6;24;4;5;4;5;13;4;2;1;1;4;5;3;14;2;0;3;16;0;9;23;8.700784109001493;0;1;13;12;1;21;3.0629984846299827;21;-9.152945798433269;0;1;5;1;9;19;6;3;15;4;2;5;15;2;11;15;6;5;2;4;3;20;-7.2798089276154965;6;3;19
TRACK:258;8;1;2;1;3;2;0;6;6;4;1;4;16;6;21;6.190176202600192;0;2;3;5;0;18;18;6;2;2;24;24;1;22;6.5950927434167;15;6;4;3;6;18;2;1;6;6;5;5;19;4;6;0;2;16;22;-4.028209660979744;6;18;3;6;4;5;5;15;0;4;5;5;4;2;6;3;18;3;2;20;5.174240288222162;16;4;1;1;4;3;3;6;11;6;1;3;5;11;0;4;22;-6.153415675260341;5;10;1;5;1;2;2;7;-0.507259761730781;9;3;20;7.398597986655556;5;1;7;-8.58601422223352;16;6;0;1;3;25;3;18;6;1;24;14;4;5;1;3;4;4;6;4;1;11;7;2.1513159599992413;6;2;3;5;4;1;15;8;6;5;4;2;8;17
TRACK:259;8;1;5;6;6;4;2;6;6;5;6;0;8;25;4;0;3;1;4;12;6;20;-1.0233206279622031;6;4;6;11
TRACK:260;250;-1;6;3;0;0;0;6;1;4;3;0;14;11;1;3;3;18;1;1;18;19;1;23;2.2871860667236485;7;6.25101151660127;6;0;4;6;5;16;2;4;2;24;17;1;3;17;0;22;3.226630384573363;14;6;6;4;1;5;0;8;17;0;6;14;3;14;4;0;1;1;0;4;6;18;5;5;8;1;1;1;25;24;6;13;3;4;20;-9.546854364771796;1;2;3;2;23;3.754030391630167;25;5;3;25;0;2;5;22;-1.1672619264155586;6;25;0;0;20;-3.0209531315328344;8;1;15;14;3;4;2;3;2;23;1.601254551122425;18;0;4;10;5;25
TRACK:261;252;-1;2;1;3;2;0;6;6;4;1;4;16;6;21;6.011353645202852;0;2;3;5;0;18;18;6;2;2;24;24;1;22;6.549610859381854;15;6;12;2;1;6;6;5;5;19;4;6;0;2;16;22;-4.088847441127917;6;18;3;6;4;5;5;15;0;4;5;5;4;2;6;3;18;3;2;20;5.276282313035706;16;4;1;1;0;2;1;8;8;0;17;19;1;5;18;6;11;6;1;3;5;11;0;4;22;-6.09424207914611;5;10;1;5;1;2;2;7;-0.593528440905349;9;3;20;7.235151256867608;5;1;7;-8.310568487014033;16;6;0;1;3;24;3;18;6;1;24;14;4;5;1;3;4;4;6;4;1;11;7;2.248660952627769;6;2;3;5;4;1;15;8;6;5;4;2;8;17
TRACK:262;254;-1;5;6;0;4;4;2;3;1;6;0;17;21;2.5048282126281496;5;5;18;4;5;4;5;13;4;2;2;5;3;1;15;20;-9.478230976635519;6;4;3;13;6;5;2;4;3;20;-7.199617618183242;6;3;19
TRACK:263;256;-1;6;3;0;0;0;6;1;4;3;0;14;11;1;3;3;18;1;1;18;19;1;23;2.1723874981648215;7;6.380865147973657;6;0;4;6;5;16;2;4;3;10;1;3;17;0;22;3.3157351426173776;14;6;6;4;1;5;0;8;16;0;6;14;3;12;4;0;1;1;0;1;1;21;7.003453224646978;15;6;24;5;5;8;1;1;1;25;24;6;13;3;4;20;-9.524922839160235;1;2;3;2;23;3.759735956459962;25;5;3;25;0;2;5;22;-1.3286234135788426;6;25;0;0;20;-2.9179841546594116;8;1;15;14;3;4;2;3;2;23;1.754935684911295;18;0;4;10;5;25
TRACK:264;258;-1;2;1;3;2;0;6;6;4;1;4;16;6;21;6.217262052621389;0;2;3;5;0;18;18;6;2;2;24;24;1;22;6.600102104897365;15;6;4;3;6;18;2;1;6;6;5;5;19;4;6;0;2;16;22;-3.900132883310087;6;18;3;6;4;5;5;15;0;4;5;5;4;2;6;3;18;3;2;20;5.072106546603275;16;4;1;1;4;3;3;6;11;6;1;3;5;11;0;4;22;-6.354527007194926;5;10;1;5;1;2;2;7;-0.546555000571403;9;3;20;7.3362484089469095;5;1;7;-8.55245479038118;16;6;0;1;3;25;3;18;6;1;9;14;4;5;1;3;4;4;6;4;1;11;7;2.1399195790868855;6;2;3;5;4;1;15;8;6;5;4;2;8;17
TRACK:265;251;-1;5;6;5;5;25
TRACK:266;253;-1;3;2;2;1;1;2;1;1;4;0;20;9.627835129085739;18;0;4;20;-8.676503132425378;2;22;3.185653357003761;13;4;0;0;15;16;0;8;25;6;5;3;2;12;23;-1.7731542955986264;6;2;4;1;5;14;5;8;1;2;0;16;19;6;10;3;1;7;9.713000350550589;10;5;2;4;5;5;4;8;3;2;3;3;22;-9.427315928615142;5;3;12;1;5;5;3;6;6;5;16;4;2;5;2;4;6;11;6;6;8;4;4;1;2;19;9;1;11;20;-6.913333353026145;3;6;0;0;4;4;1;6;14;4;21;-7.6866470017474136;0;4;2;2;22;-0.21558298999086334;17;4;24;5;3;3;20;0.7262434564057989;3;6;5;2;3;11;6;11
TRACK:267;255;-1;5;0;0;0;3;3;2;3;6;6;19;6;0;0;22;10.0;15;5;9;1;5;0;0;2;3;11;5;11;6;0;11;10;6;2;0;7;6.407873904089498;15;5;11;1;5;2;4;2;12;24;3;6;19;3;0;5;4;17;0;1;16;19;3;16;1;2;0;3;6;1;4;16;4;23;5.6212472453109905;4;0;1;4;24;0;14;25;4;6;18;0;4;6;1;1;13;21;-6.915549032494355;6;23;-3.0877692714287166;0;6;6;1;9;7;-9.367324693245953;2;4;3;25;4;3;21;0.2569774877395119;1;4;2;6;4;4;11;4;1;1;15;19;3;10;6;5;0;1;2;13;14;2;19;15;4;6;24;2;0;6;3;1;4;3;5;16;0;2;3;17;3;25;2;6;12;2;10;24;2;4;0;2;5;21;4.654390764905056;6;0;21;-9.955903871164903;22;-6.4804439023428;5;4;0;17;24;6;5;3;4;3;19;3;6;3;6;2;3;4;15;2;1;22;-2.450944924420101;12;1;8;20;-4.360640983186108
TRACK:268;257;-1;5;6;0;4;4;2;1;1;21;7.085274314963667;15;6;24;4;5;4;5;13;4;2;1;1;6;4;11;4;1;12;8;0;1;5;1;9;19;6;3;15;4;2;5;15;2;11;15;6;5;2;4;3;20;-7.346528082220921;6;3;19
TRACK:269;259;-1;5;6;6;4;2;6;6;5;6;0;8;25;4;0;3;4;25;6;4;6;11
EVAL_INSTANCE:13:0:260
EVAL_INSTANCE:13:1:261
EVAL_INSTANCE:13:2:262
EVAL_INSTANCE:13:3:263
EVAL_INSTANCE:13:4:264
EVAL_INSTANCE:13:5:265
EVAL_INSTANCE:13:6:266
EVAL_INSTANCE:13:7:267
EVAL_INSTANCE:13:8:268
EVAL_INSTANCE:13:9:269
RUN_RESULT:13:0:0:2000:----
RUN_RESULT:13:1:0:2000:----
RUN_RESULT:13:2:0:2000:----
RUN_RESULT:13:3:0:2000:----
RUN_RESULT:13:4:0:2000:----
RUN_RESULT:13:5:0:2000:----
RUN_RESULT:13:6:0:2000:----
RUN_RESULT:13:7:0:2000:----
RUN_RESULT:13:8:0:2000:----
RUN_RESULT:13:9:0:2000:----
    14 |      140 |  0.000000E+00 | -0.000000E+00
TRACK:270;5;2;5;1;8;20;-4.421787713181349
TRACK:271;5;2;5;0;0;0;3;3;2;3;6;6;19;6;0;0;22;9.973488394430042;15;5;9;1;5;0;0;2;3;11;5;11;6;0;11;10;6;2;0;7;6.36117376611756;15;5;11;1;5;2;4;2;23;0.14584256788313432;24;3;6;19;3;0;5;4;17;0;1;16;19;3;16;1;2;0;3;6;1;4;16;4;23;5.6600768061438735;4;0;1;4;24;0;14;25;4;6;18;0;4;6;1;1;13;21;-6.8732043290012035;6;23;-3.0226886077861863;0;6;6;1;9;7;-9.404662164247615;2;4;3;25;4;3;21;0.12926081566464376;1;4;2;6;4;4;11;9;6;5;0;1;2;13;14;2;19;15;4;6;24;2;0;6;3;1;4;3;5;16;0;2;3;17;3;25;2;6;12;2;10;24;2;4;0;2;6;5;24;6;0;21;-9.83009271380794;22;-6.543187674929958;5;4;0;17;24;6;5;3;4;3;19;3;6;3;6;2;3;4;15;2;1;22;-2.565535398991581;12;1;8;20;-4.421787713181349
TRACK:272;1;4;5;6;6;4;2;6;6;5;6;0;8;25;5;3;18
TRACK:273;1;4;4;5;3;0;3;4;5;5;5;3;18;1;6;4;18;5;4;5;5;1;22;-4.517676557601742;25
TRACK:274;8;3;2;1;3;2;0;6;6;4;1;4;16;6;21;6.190176202600192;0;2;3;5;0;18;18;6;2;2;24;24;1;22;6.5950927434167;15;6;4;3;6;18;2;1;6;6;5;5;19;4;6;0;2;16;22;-4.028209660979744;6;18;3;6;4;5;5;15;0;4;5;5;4;2;6;3;18;3;2;20;5.174240288222162;16;4;1;1;4;3;3;6;11;6;1;3;5;11;0;4;22;-6.153415675260341;5;10;1;5;1;2;2;7;-0.507259761730781;9;3;20;7.398597986655556;5;1;7;-8.58601422223352;16;6;0;1;3;24;3;18;6;1;24;14;4;5;3;6;5;2;3;11;6;11
TRACK:275;8;3;3;2;2;1;1;2;1;1;4;0;20;9.742960491497655;18;0;4;20;-8.616955914179115;2;22;3.221053906906892;13;4;0;0;15;16;0;8;25;6;5;3;2;12;23;-1.8257522209405828;6;2;4;1;5;14;5;8;1;2;0;16;19;6;10;3;1;7;9.62998050044277;10;5;2;4;5;3;18;3;2;3;3;22;-9.455953192425353;5;3;12;1;5;5;3;6;6;5;16;4;2;5;2;4;6;11;6;6;8;4;4;1;2;19;9;1;13;20;-7.0604585125043595;3;6;0;0;0;3;0;6;18;1;7;-2.3594696693635324;20;0.8836047457815344;6;5;4;18;0;4;2;2;22;-0.31280581570357846;17;4;24;5;3;3;20;0.6123342399784608;3;6;5;2;3;11;6;11
TRACK:276;0;8;6;3;0;0;0;6;1;4;3;0;14;11;1;3;3;18;1;1;18;19;1;23;2.202451471318426;7;6.295262936657142;6;0;4;6;5;16;2;4;2;24;17;1;3;17;0;22;3.3268058000534104;14;6;6;4;1;5;0;8;16;0;6;14;3;14;4;0;1;1;0;1;1;21;6.9605096780551605;15;6;24;5;5;8;1;1;1;25;24;6;13;3;4;20;-9.50947292763229;1;2;3;2;23;3.7452249017076173;25;5;3;8;0;2;5;22;-1.1812355196477249;6;25;0;0;20;-2.893573958685163;8;1;15;14;3;4;2;3;2;23;1.7666920080381683;18;0;4;10;5;25
TRACK:277;0;8;2;1;3;2;0;6;6;4;1;4;16;6;21;6.190176202600192;0;2;3;5;0;18;18;6;2;2;24;24;1;22;6.5950927434167;15;6;4;3;6;18;2;1;6;6;5;5;19;4;6;0;2;16;22;-4.028209660979744;6;16;3;6;4;5;5;15;0;4;5;5;4;2;6;3;18;3;2;20;5.174240288222162;16;4;1;1;4;3;3;6;11;6;1;3;5;11;0;4;22;-6.153415675260341;5;10;1;5;1;2;2;7;-0.507259761730781;9;3;20;7.398597986655556;5;1;7;-8.58601422223352;16;6;0;1;3;24;3;18;6;1;24;14;4;5;1;3;4;4;6;4;1;11;7;2.1513159599992413;6;2;3;5;4;1;15;8;6;5;4;2;8;17
TRACK:278;7;6;0;2;0;3;1;0;0;1;2;2;8;22;4.453803679787466;4;19;5;5;10;3;2;6;18;2;11;20;-4.576830747201253;4;0;2;4;10;0;8;8;4;3;22;5.1655929522909965;6;5;1;5;4;24;4;4;19;2;3;3;0;4;1;5;15;0;15;9;3;4;0;20;-2.6411137817220975;14;1;5;2;2;3;5;7;8.327604284025615;3;3;17;4;1;4;15;6;14;5;3;6;5;1;21;2.393053755785372;22;-9.393035975214021;0;5;3;0;2;3;3;0;19;17;1;5;1;8;21;9.862528904540227;5;6;19;2;2;6;0;22;-4.029760820892394;22;5.166766373596799;2;6;15;1;13;7;-7.550498204251523;2;6;1;18;15;5;6;22;-7.203221050520843;2;5;0;3;2;5;5;12;6;5;15;0;1;1;0;8;11;5;17;5;0;13;17;5;5;0;15;11;5;4;1;1;0;3;17;0;18;19;3;5;21;5.6757926461243215;3;6;6;13;6;6;2;2;2;2;3;5;5;11;4;0;1;13;7;-3.9107666011116127;4;14;0;5;3;6;14;5;6;5;10;4;4;3;2;0;18;16;4;13;2;0;4;4;4;0;18;15;4;3;6;1;7;-5.39080065380491;24;5;5;6;3;4;24
TRACK:279;7;6;5;6;0;5;5;5;4;3;2;0;18;16;4;13;6;0;3;1;3;2;2;24;15;1;8;22;-2.1002583620342925;6;3;1;20;-4.476998301378119;17;1;6;1;6;1;23;3.5804700677064574;21;-8.351266563700355;3;2;20;0.6905140637147262;16;3;0;5;5;9;6;6;7;3.383040986546062
TRACK:280;270;-1;5;1;5;17;20;-4.4940179870636525
TRACK:281;272;-1;5;6;6;4;2;6;1;0;5;2;10;9;3;6;16;5;2;5;7;2.5111325404799025;3;7;7.1006735774858285;5;3;18
TRACK:282;8;-1;2;1;3;2;0;6;6;4;1;4;16;6;21;5.992327872796323;0;2;3;5;0;18;18;6;2;2;24;24;1;22;6.581948540157119;15;6;4;3;6;18;2;1;6;6;5;5;19;4;6;0;2;16;22;-4.03003666845543;6;18;3;6;4;5;5;15;0;4;5;5;4;2;6;3;18;3;2;20;5.421455402201757;16;4;1;1;4;3;3;6;11;6;1;3;5;12;0;4;22;-6.066591252612794;5;10;1;5;1;2;2;7;-0.43604655550554833;9;3;20;7.348681857916117;5;1;7;-8.616410757004097;16;6;0;1;3;24;3;18;6;1;24;14;4;5;1;3;4;4;6;4;1;11;7;2.264930122815796;6;2;3;5;4;1;15;8;6;5;4;2;8;17
TRACK:283;276;-1;6;3;0;0;0;6;1;4;3;0;14;11;1;3;3;18;1;1;18;19;1;23;2.277162070610119;7;6.4150676317113895;6;0;4;6;5;16;2;4;2;24;17;1;3;17;0;22;3.3215984563336414;14;6;6;4;1;5;0;8;16;0;6;14;3;14;4;0;1;1;0;1;1;21;7.034562390275777;15;6;24;5;5;8;1;1;1;25;24;6;13;3;4;20;-9.51125659458941;1;2;3;2;23;3.569607011322183;25;5;3;8;0;2;5;22;-1.1314952004629226;6;25;0;0;20;-2.7917161295418254;8;1;15;14;3;4;2;3;2;23;1.5699324351515218;18;0;3;8;5;25
TRACK:284;278;-1;0;2;0;3;1;0;0;1;2;2;8;22;4.352264401178088;4;19;5;5;10;3;2;6;18;2;11;20;-4.525154243929464;4;0;2;4;10;0;8;8;4;3;22;5.374932158028354;6;5;1;5;4;24;4;4;19;2;3;3;0;4;1;5;15;0;15;9;3;4;0;20;-2.632529354252902;14;1;5;2;2;3;5;7;8.29161666562383;3;3;17;4;1;4;15;6;14;5;3;6;5;1;21;2.4426495291564865;22;-9.374864843101395;0;5;3;0;2;3;3;0;19;17;1;5;1;8;21;9.948539158611627;5;6;19;2;2;6;0;22;-4.000321250097265;22;5.304318410489136;2;6;15;1;13;7;-7.454839161191818;2;6;1;18;15;5;6;22;-7.1279317316602135;2;4;2;24;13;5;4;1;1;0;3;17;0;18;19;3;5;21;5.7305683717267195;3;6;6;13;6;6;2;2;2;2;3;5;5;11;4;0;1;13;7;-3.849213204353536;4;14;0;5;3;6;14;5;6;5;10;4;4;3;2;0;18;16;4;13;2;0;4;4;4;0;18;15;4;3;6;1;7;-5.376296915717311;24;5;5;6;3;4;24
TRACK:285;271;-1;5;0;0;0;3;3;2;3;6;6;19;6;0;0;22;9.869319033854682;15;5;9;1;5;0;0;2;3;11;5;11;6;0;11;10;6;2;0;7;6.28616266012879;15;5;11;1;5;2;4;2;23;0.17327852361538998;24;3;6;19;3;0;5;4;17;0;1;16;19;3;16;1;2;0;3;6;1;4;16;4;23;5.559231441008233;4;0;1;4;24;0;14;25;4;6;18;3;5;1;2;2;22;-8.421226189936803;22;7.856938277124854;1;15;23;8.756294622503038;5;5;8;1;4;2;6;4;4;11;9;6;5;0;1;2;13;14;2;19;15;4;6;24;2;0;6;3;1;4;3;5;16;0;2;3;17;3;25;2;6;12;2;10;24;2;4;0;2;6;5;24;6;0;21;-9.794814004842758;22;-6.487933855885556;5;4;0;17;24;6;5;3;4;3;19;3;6;3;6;2;3;4;15;2;1;22;-2.6718205356893674;12;1;8;20;-4.392015895329354
TRACK:286;273;-1;4;5;3;0;3;4;5;5;5;3;18;1;6;4;18;5;4;5;5;4;20;2.3321645574515024
TRACK:287;3;-1;3;2;2;1;1;2;1;1;4;5;13;0;4;20;-8.849450405711304;2;22;3.419890963084407;13;4;0;0;15;16;0;8;25;6;5;3;2;12;23;-1.7325903953357493;6;2;4;1;5;14;5;8;1;2;0;16;19;6;10;3;1;7;9.647740812520274;10;5;2;4;5;5;4;8;3;2;3;3;22;-9.586672259284786;5;3;12;1;5;5;3;6;6;5;16;4;2;5;2;4;6;11;6;6;8;4;4;1;2;19;9;1;13;20;-7.057980830714299;3;6;0;0;0;3;0;6;18;1;7;-2.268748136540721;20;0.7849433630213825;6;5;4;18;0;4;2;2;22;-0.18115520494116238;17;4;24;5;3;3;20;0.45188233626176133;3;6;5;2;3;11;6;11
TRACK:288;277;-1;2;1;3;2;0;6;6;4;1;4;16;6;21;6.180001390587486;0;2;3;5;0;18;18;6;2;2;24;24;1;22;6.6034592979711615;15;6;4;3;6;18;2;1;6;6;5;5;19;4;6;0;2;16;22;-3.9362918143006778;6;16;3;6;4;5;5;15;0;4;5;5;4;2;6;3;18;3;2;20;5.378871173655466;16;4;1;1;4;3;3;6;11;6;1;3;5;11;0;4;22;-6.200894582656212;5;10;1;5;1;2;2;7;-0.4129438455196952;9;3;20;7.378561671466652;5;1;7;-8.6711081862063;16;6;0;1;3;24;3;18;6;1;8;14;4;5;1;3;4;4;6;4;1;11;7;2.1032093264948566;6;2;3;5;4;1;15;8;6;5;4;2;8;17
TRACK:289;279;-1;5;6;0;5;5;5;4;3;2;0;18;16;4;13;6;0;2;5;15;3;21;1.7262472751115503;6;0;13;25
EVAL_INSTANCE:14:0:280
EVAL_INSTANCE:14:1:281
EVAL_INSTANCE:14:2:282
EVAL_INSTANCE:14:3:283
EVAL_INSTANCE:14:4:284
EVAL_INSTANCE:14:5:285
EVAL_INSTANCE:14:6:286
EVAL_INSTANCE:14:7:287
EVAL_INSTANCE:14:8:288
EVAL_INSTANCE:14:9:289
RUN_RESULT:14:0:0:2000:----
RUN_RESULT:14:1:0:2000:----
RUN_RESULT:14:2:0:2000:----
RUN_RESULT:14:3:0:2000:----
RUN_RESULT:14:4:0:2000:----
RUN_RESULT:14:5:0:2000:----
RUN_RESULT:14:6:0:2000:----
RUN_RESULT:14:7:0:2000:----
RUN_RESULT:14:8:0:2000:----
RUN_RESULT:14:9:0:2000:----
    15 |      150 |  0.000000E+00 | -0.000000E+00
TRACK:290;4;9;4;5;3;0;3;4;5;5;5;3;23;-4.111668872741618;1;6;4;6;2;3;18;2;7;-8.191843957060472;19;5;4;5;5;1;22;-4.517676557601742;25
TRACK:291;4;9;2;3;4;1;2;0;2;6;3;3;17;3;5;1;19;25;4;6;4;2;21;-0.13464883119892512;10;3;4;2;3;4;22;-7.890205230346989;5;0;17;11;0;1;6;1;4;5;23;6.227628086098182;1;3;15;3;15;0;3;0;1;25;14;3;25;6;2;4;23;-3.3627407116145447;5;18;1;4;2;2;6;16;4;17;2;1;24;18;6;15;5;2;19;0;0;9;11;3;15;6;3;4;4;3;4;1;5;3;13;0;0;18;19;3;20;-3.7894416492369025
TRACK:292;0;1;6;3;0;0;0;6;1;4;3;0;14;11;1;3;3;18;1;1;18;19;1;23;2.202451471318426;7;6.295262936657142;6;0;4;6;5;16;2;4;2;24;17;1;3;17;0;22;3.3268058000534104;14;6;6;0;8;25;4;0;1;1;0;1;1;21;6.9605096780551605;15;6;24;5;5;8;1;1;1;25;24;6;13;3;4;20;-9.50947292763229;1;2;3;2;23;3.7452249017076173;25;5;3;25;0;2;5;22;-1.1812355196477249;6;25;0;0;20;-2.893573958685163;8;1;15;14;3;4;2;3;2;23;1.7666920080381683;18;0;4;10;5;25
TRACK:293;0;1;5;6;6;4;2;6;6;24;4;0;3;1;4;12;6;20;-1.0233206279622031;6;4;6;18
TRACK:294;8;4;2;1;3;2;0;6;6;4;1;4;16;6;21;6.190176202600192;0;2;3;5;0;18;18;6;2;2;24;24;3;18;6;4;3;6;18;2;1;6;6;5;5;19;4;6;0;2;16;22;-4.028209660979744;6;18;3;6;4;5;5;15;0;4;5;5;4;2;6;3;18;3;2;20;5.174240288222162;16;4;1;1;4;3;3;6;11;6;1;3;5;11;0;4;22;-6.153415675260341;5;10;1;5;1;2;2;7;-0.507259761730781;9;3;20;7.398597986655556;5;1;7;-8.58601422223352;16;6;0;1;3;24;3;18;6;1;24;14;4;5;1;3;4;4;6;4;1;11;7;2.1513159599992413;6;2;3;5;4;1;15;8;6;5;4;2;8;17
TRACK:295;8;4;4;5;3;0;3;4;5;5;5;3;18;1;6;4;6;2;3;18;2;7;-8.191843957060472;19;5;4;5;19
TRACK:296;5;8;5;6;0;4;4;2;3;1;6;0;17;21;2.542160989942367;5;5;18;4;5;4;5;13;4;2;1;1;4;5;3;14;2;0;3;16;0;9;23;8.700784109001493;17;0;1;5;1;9;19;6;3;15;4;2;5;15;2;11;15;6;5;2;4;3;20;-7.2798089276154965;6;3;19
TRACK:297;5;8;2;1;3;2;0;6;6;4;1;4;16;6;21;6.190176202600192;0;2;3;5;0;18;18;6;2;2;24;24;1;22;6.5950927434167;15;6;4;3;6;18;2;1;6;6;5;5;19;4;6;0;2;16;22;-4.028209660979744;6;18;3;6;4;5;5;15;0;4;5;5;4;2;6;3;18;3;2;20;5.174240288222162;16;4;1;1;4;3;3;6;11;6;1;3;5;11;0;4;22;-6.153415675260341;5;10;1;5;1;2;2;7;-0.507259761730781;9;3;20;7.398597986655556;5;1;12;16;6;0;1;3;24;3;18;6;1;24;14;4;5;1;3;4;4;6;4;1;11;7;2.1513159599992413;6;2;3;5;4;1;15;8;6;5;4;2;8;17
TRACK:298;3;7;3;2;2;1;1;2;1;1;4;0;20;9.742960491497655;18;0;4;20;-8.616955914179115;2;22;3.221053906906892;13;4;0;0;15;16;0;8;25;6;5;3;2;12;23;-1.8257522209405828;6;2;4;1;5;14;5;8;1;2;0;16;19;6;10;3;1;7;9.62998050044277;10;5;2;4;5;5;4;8;3;2;3;3;22;-9.455953192425353;5;3;12;1;5;5;8;4;2;5;2;4;6;11;6;6;8;4;4;1;2;19;9;1;13;20;-7.0604585125043595;3;6;0;0;0;3;0;6;18;1;7;-2.3594696693635324;20;0.8836047457815344;6;5;4;18;0;4;2;2;22;-0.31280581570357846;17;4;24;5;3;3;20;0.6123342399784608;3;6;5;2;3;11;6;11
TRACK:299;3;7;0;2;0;3;1;0;0;1;2;2;8;22;4.453803679787466;4;19;5;5;10;3;2;6;18;2;11;20;-4.576830747201253;4;0;2;4;10;0;8;8;4;3;22;5.1655929522909965;6;5;1;5;4;24;4;4;19;2;3;3;0;4;1;5;15;0;15;9;3;4;0;20;-2.6411137817220975;14;1;5;2;2;3;5;7;8.327604284025615;3;3;17;4;1;4;15;6;14;5;3;6;5;1;21;2.393053755785372;22;-9.393035975214021;0;5;3;0;2;3;3;0;19;17;1;5;1;8;21;9.862528904540227;5;6;8;2;2;6;0;22;-4.029760820892394;22;5.166766373596799;2;6;15;1;13;7;-7.550498204251523;2;6;1;18;15;5;6;22;-7.203221050520843;2;5;0;3;2;5;5;12;6;5;15;0;1;1;0;8;11;5;17;5;0;13;17;5;5;0;15;11;5;4;1;1;0;3;17;0;18;19;3;5;21;5.6757926461243215;3;6;6;13;6;6;2;2;2;2;3;5;5;11;4;0;1;13;7;-3.9107666011116127;4;14;0;5;3;6;14;5;6;5;10;4;4;3;2;0;18;16;4;13;2;0;4;4;4;0;18;15;4;3;6;1;7;-5.39080065380491;24;5;5;6;3;4;24
TRACK:300;290;-1;4;5;3;0;3;4;5;5;5;3;23;-4.06917606891135;1;6;4;6;2;3;10;2;7;-8.092134886350662;19;5;4;5;5;1;22;-4.64737845526257;25
TRACK:301;292;-1;6;3;0;0;0;6;1;4;3;0;14;11;1;3;3;18;1;1;18;19;1;23;2.2548188601225667;7;6.242190514971305;6;0;4;6;5;16;2;4;3;10;1;3;17;0;22;3.3919112473672315;14;6;6;0;8;25;4;0;1;1;0;1;1;21;7.181096641536972;15;6;24;5;5;8;1;1;1;25;24;6;13;3;4;20;-9.40016780447042;1;2;3;2;23;3.7407248405501763;25;5;3;25;0;2;5;22;-1.247990439744332;6;25;0;0;20;-3.003005535945558;8;1;15;14;3;4;2;3;2;23;1.7141158917996453;18;0;4;10;5;25
TRACK:302;294;-1;2;1;3;2;0;6;6;4;1;4;16;6;21;6.2448819294513225;0;2;3;5;0;18;18;6;2;2;24;24;3;18;6;6;2;22;7.122850178824148;22;9.12983328410823;2;1;6;6;5;5;19;4;6;0;2;16;22;-4.020782003165604;6;18;3;6;4;5;5;15;0;4;5;5;4;2;6;3;18;3;2;20;5.339204930647723;16;4;1;1;4;3;3;6;11;6;1;3;5;11;0;4;22;-6.163604132324293;5;10;1;5;1;2;2;7;-0.4390502409724265;9;3;20;7.4920006295746235;5;1;7;-8.549163320637199;16;6;0;1;3;24;3;18;6;1;24;14;4;5;1;3;4;4;6;4;1;11;7;2.180494347596001;6;2;3;5;4;1;15;8;6;5;4;2;8;17
TRACK:303;296;-1;5;6;0;4;4;2;3;1;6;0;17;21;2.4468816735442718;5;5;18;4;5;4;5;13;4;2;1;1;4;5;3;8;2;0;3;16;0;9;23;8.897488862019838;17;0;1;5;1;9;19;6;3;15;4;2;5;15;2;11;15;6;5;2;4;3;20;-7.273559383799496;6;3;19
TRACK:304;298;-1;3;2;2;1;1;2;1;1;4;0;20;9.705233072651385;18;0;4;20;-8.55163894702576;2;22;3.376650457628782;13;4;1;5;19;3;19;6;5;3;2;12;23;-1.8825503346603671;6;2;4;1;5;14;5;8;1;2;0;16;19;6;10;3;1;7;9.625337269549867;10;5;2;4;5;5;4;8;3;2;3;3;22;-9.487978823119787;5;3;12;1;5;5;8;4;2;5;2;4;6;11;6;6;8;4;4;1;2;19;9;1;13;20;-7.088424375678602;3;6;0;0;0;3;0;6;18;1;7;-2.3238213227779574;20;0.8456009046056876;6;5;4;18;0;4;2;2;22;-0.1774849178603756;17;4;24;5;3;3;20;0.6167709242367014;3;6;5;2;3;11;6;11
TRACK:305;291;-1;2;3;4;1;2;0;2;6;3;3;17;3;5;1;19;25;4;6;4;2;21;0.009556577971671476;10;3;4;2;3;4;22;-8.040908666822679;5;0;17;11;0;1;6;1;4;5;23;5.9395697707583315;1;3;15;3;15;0;3;0;1;25;14;3;25;6;2;4;23;-3.2605598565174656;5;18;1;4;2;2;6;16;4;17;2;1;24;18;6;15;5;2;19;0;5;21;7.215732372730933;3;15;6;3;4;4;3;4;1;5;3;13;0;0;18;19;3;20;-3.749283399101799
TRACK:306;293;-1;5;6;6;4;2;6;6;2;1;5;18;1;20;9.488708699865779;19;4;3;7;-5.999119866777265;4;0;3;1;4;12;6;20;-1.1042238692880162;6;4;6;18
TRACK:307;295;-1;4;5;3;0;3;4;5;5;5;3;24;1;6;4;6;2;3;18;2;7;-8.30074935730639;19;5;4;5;19
TRACK:308;297;-1;2;1;3;2;0;6;6;4;1;4;16;6;21;6.157043415875802;0;2;3;3;6;24;6;2;2;24;24;1;22;6.756329301528784;15;6;4;3;6;18;2;1;6;6;5;5;19;4;6;0;2;16;22;-4.017390185251763;6;18;3;6;4;5;5;15;0;4;5;5;4;2;6;3;18;3;2;20;5.017268923316033;16;4;1;1;4;3;3;6;11;6;1;3;5;11;0;4;22;-5.979212206120172;5;10;1;5;1;2;2;7;-0.4308940636703867;9;3;20;7.368514203696657;5;1;12;16;6;0;1;3;24;3;18;6;1;24;14;4;5;1;3;4;4;6;4;1;11;7;2.277912490265874;6;2;3;5;4;1;15;8;6;5;4;2;8;17
TRACK:309;299;-1;0;2;0;3;1;0;0;1;2;2;8;22;4.597184431151299;4;19;5;5;10;3;2;6;18;2;11;20;-4.572307465294118;4;0;2;4;10;0;8;8;4;3;22;5.193510645865701;6;5;1;5;4;24;4;4;19;2;3;3;0;4;1;5;15;0;15;9;3;4;0;20;-2.6312937711947044;14;1;5;2;2;3;5;7;8.349599810584316;3;3;17;4;1;4;15;6;14;5;3;6;5;1;21;2.581749660332094;22;-9.34722566491316;0;5;3;0;2;3;3;0;19;17;1;5;0;11;10;5;6;8;2;2;6;0;22;-4.214247467198583;22;5.203104952423269;2;6;15;1;13;7;-7.516006156365227;2;6;1;18;15;5;6;22;-7.289599833477612;2;5;0;3;2;5;5;12;6;5;15;0;1;1;0;8;11;5;17;5;0;13;17;5;5;0;15;11;5;4;1;1;0;3;17;0;18;19;3;5;21;5.853255795982281;3;6;6;13;6;6;2;2;2;2;3;5;5;11;4;0;1;13;7;-4.1322647821605125;4;14;0;5;3;6;14;5;6;5;10;4;4;3;2;0;18;16;4;13;2;0;4;4;4;0;18;15;4;3;6;1;7;-5.451696302177362;24;5;5;6;3;4;24
EVAL_INSTANCE:15:0:300
EVAL_INSTANCE:15:1:301
EVAL_INSTANCE:15:2:302
EVAL_INSTANCE:15:3:303
EVAL_INSTANCE:15:4:304
EVAL_INSTANCE:15:5:305
EVAL_INSTANCE:15:6:306
EVAL_INSTANCE:15:7:307
EVAL_INSTANCE:15:8:308
EVAL_INSTANCE:15:9:309
RUN_RESULT:15:0:0:2000:----
RUN_RESULT:15:1:0:2000:----
RUN_RESULT:15:2:0:2000:----
RUN_RESULT:15:3:0:2000:----
RUN_RESULT:15:4:0:2000:----
RUN_RESULT:15:5:0:2000:----
RUN_RESULT:15:6:0:2000:----
RUN_RESULT:15:7:0:2000:----
RUN_RESULT:15:8:0:2000:----
RUN_RESULT:15:9:0:2000:----
    16 |      160 |  0.000000E+00 | -0.000000E+00
TRACK:310;9;7;2;3;4;1;2;0;2;6;3;3;17;3;5;1;19;25;4;6;4;2;21;-0.13464883119892512;10;3;4;2;3;4;22;-7.890205230346989;7;-5.39080065380491;0;1;6;1;4;5;23;6.227628086098182;1;3;15;3;15;0;3;0;1;25;14;3;25;6;2;4;23;-3.3627407116145447;5;18;1;4;2;2;6;16;4;17;2;1;24;18;6;15;5;2;3;6;23;-4.111668872741618;0;0;9;11;3;15;6;3;4;4;3;4;1;5;3;13;0;0;18;19;3;20;-3.7894416492369025
TRACK:311;9;7;0;2;0;3;1;0;0;1;2;2;8;22;4.453803679787466;4;19;5;5;10;3;2;6;18;2;11;20;-4.576830747201253;4;0;2;4;10;0;8;8;4;3;22;5.1655929522909965;6;5;1;5;4;24;4;4;19;2;3;3;0;4;1;5;15;0;15;9;3;4;0;20;-2.6411137817220975;14;1;5;2;2;3;5;7;8.327604284025615;3;3;17;4;1;4;15;6;14;5;2;6;16;4;17;0;5;3;0;2;3;3;0;19;17;1;5;1;8;21;9.862528904540227;5;6;19;2;2;6;0;22;-4.029760820892394;22;5.166766373596799;2;6;15;1;13;7;-7.550498204251523;2;6;1;18;15;5;6;22;-7.203221050520843;2;5;0;3;2;5;5;12;6;5;15;0;1;1;0;8;11;5;17;5;0;13;17;5;5;0;15;11;5;4;1;1;0;3;17;0;18;19;3;5;21;5.6757926461243215;3;6;6;13;6;6;2;2;2;2;3;5;5;11;4;0;1;13;7;-3.9107666011116127;4;14;0;5;3;6;14;5;6;5;10;4;4;3;2;0;18;16;4;13;2;0;4;4;4;0;18;15;4;3;6;1;7;-5.39080065380491;24;5;5;6;3;4;24
TRACK:312;6;4;5;6;0;5;5;5;3;0;1;0;11;24;3;13;2;2;24;18;2;7;-7.469443974000358;15;6;0;3;1;3;2;2;24;15;1;8;22;-2.1002583620342925;6;3;1;20;-4.476998301378119;17;1;6;1;6;1;23;3.5804700677064574;21;-8.351266563700355;3;18;3;0;5;5;9;6;6;7;3.383040986546062
TRACK:313;6;4;4;5;3;0;3;4;5;5;5;3;18;1;6;4;6;2;3;18;2;7;-8.191843957060472;19;5;1;3;2;2;24;15;1;8;22;-2.1002583620342925;6;3;1;20;-4.476998301378119;17
TRACK:314;1;4;5;6;6;4;2;6;6;5;6;0;8;25;25
TRACK:315;1;4;4;5;3;0;3;4;5;5;5;3;18;1;6;4;6;2;3;18;2;7;-8.191843957060472;20;-1.0233206279622031;5;4;5;5;1;22;-4.517676557601742;25
TRACK:316;7;6;0;2;0;3;1;0;0;1;2;2;8;22;4.453803679787466;4;19;5;5;10;3;2;6;18;2;11;20;-4.576830747201253;4;0;2;4;10;0;8;8;4;3;22;5.1655929522909965;6;5;1;5;4;24;4;4;19;2;3;3;0;4;1;5;15;0;15;9;3;4;0;20;-2.6411137817220975;14;1;5;2;2;3;5;7;8.327604284025615;3;3;17;4;1;4;15;6;14;5;3;6;5;1;21;2.393053755785372;22;-9.393035975214021;0;5;3;0;2;3;3;0;19;17;1;5;1;8;21;9.862528904540227;5;6;19;2;2;6;0;22;-4.029760820892394;22;5.166766373596799;2;6;15;1;13;7;-7.550498204251523;2;6;1;18;15;5;6;22;-7.203221050520843;2;5;0;3;2;5;5;12;6;5;15;0;1;1;0;8;11;5;17;5;0;13;17;5;5;0;15;11;5;4;1;1;0;3;17;0;18;19;3;5;21;5.6757926461243215;3;6;6;13;6;6;2;2;2;2;3;5;5;11;4;0;1;13;7;-3.9107666011116127;4;14;0;5;3;6;14;5;6;5;10;4;4;9;2;0;4;4;4;0;18;15;4;3;6;1;7;-5.39080065380491;24;5;5;6;3;4;24
TRACK:317;7;6;5;6;0;5;5;5;3;0;1;0;11;24;3;13;2;2;24;18;2;7;-7.469443974000358;15;6;0;3;1;3;2;2;24;15;1;7;-7.550498204251523;22;-2.1002583620342925;6;3;1;20;-4.476998301378119;17;1;6;1;6;1;23;3.5804700677064574;21;-8.351266563700355;3;2;20;0.6905140637147262;16;3;0;5;5;9;6;6;7;3.383040986546062
TRACK:318;9;5;2;3;4;1;2;0;2;6;3;3;17;3;5;1;19;25;4;6;4;2;21;-0.13464883119892512;10;3;4;2;3;4;22;-7.890205230346989;5;0;17;11;0;1;6;1;4;5;23;6.227628086098182;1;3;15;3;15;0;3;3;19;6;2;4;23;-3.3627407116145447;5;18;1;4;2;2;6;16;4;17;2;1;24;18;6;15;5;2;3;6;23;-4.111668872741618;0;0;9;11;3;15;6;3;4;4;3;4;1;5;3;13;0;0;18;19;3;20;-3.7894416492369025
TRACK:319;9;5;5;6;0;4;4;2;3;4;22;-7.890205230346989;5;0;17;11;4;2;1;1;4;5;3;14;2;0;3;16;0;9;23;8.700784109001493;0;1;13;12;1;21;3.0629984846299827;21;-9.152945798433269;0;1;5;1;9;19;6;3;15;4;2;5;15;2;11;15;6;5;2;4;3;20;-7.2798089276154965;6;3;19
TRACK:320;310;-1;2;3;4;1;2;0;2;6;3;3;17;3;5;1;19;25;4;6;4;2;21;-0.1325765141329085;10;3;4;2;3;4;22;-7.851451489395107;7;-5.269453221821339;0;1;6;1;4;5;23;6.281641016756972;1;3;15;3;15;0;3;0;1;25;14;3;25;6;2;4;23;-3.082216229085128;5;24;1;4;2;2;6;16;4;17;2;1;24;18;6;15;5;2;3;6;23;-4.051457259441603;0;0;9;11;3;15;6;3;4;4;3;4;1;5;3;13;0;0;18;19;3;20;-3.8394653427754664
TRACK:321;312;-1;5;6;0;5;5;5;3;0;1;0;11;24;3;13;2;2;24;18;2;7;-7.529894130233026;15;6;0;3;1;3;2;2;24;15;1;8;22;-2.0827178094265384;6;3;1;20;-4.394817769471512;17;1;6;1;6;1;23;3.582420863302414;21;-8.459620870992019;3;18;3;0;5;5;9;6;6;7;3.341188860628714
TRACK:322;314;-1;5;6;6;4;2;6;6;4;6;6;23;-4.471233359029512;25
TRACK:323;316;-1;0;2;0;3;1;0;0;1;2;2;8;22;4.533754680785892;4;19;5;5;10;3;2;6;18;2;11;20;-4.79172258306143;4;0;5;3;21;8.500358258897055;4;3;22;5.202880572521934;6;5;1;5;4;24;4;4;19;2;3;3;0;4;1;5;15;0;15;9;3;4;0;20;-2.6236724378508813;14;1;5;2;2;3;5;7;8.367384140984262;3;3;17;4;1;4;15;6;14;5;3;6;5;1;21;2.242867904968713;22;-9.37435579335426;0;5;3;0;2;3;3;0;19;17;1;5;1;8;21;10.0;5;6;19;2;2;6;0;22;-3.8580510480002563;22;5.068064797750769;2;6;15;1;13;7;-7.423216463491512;2;6;1;18;15;5;6;22;-7.2160723554707795;2;5;0;3;2;5;5;12;6;5;15;0;1;1;0;8;11;5;17;5;0;13;17;5;5;0;15;11;5;4;1;1;0;3;17;0;18;19;3;5;21;5.608725788728459;3;6;6;13;6;6;2;2;2;2;3;5;5;11;4;0;1;13;7;-3.796948460575647;4;14;0;5;3;6;14;5;6;5;10;4;4;9;2;0;4;4;4;0;18;15;4;3;6;1;7;-5.479541221751043;24;5;5;6;3;4;24
TRACK:324;9;-1;2;3;4;1;2;0;2;6;3;3;17;3;5;1;19;25;4;6;4;2;21;-0.027027246779478653;10;3;4;2;3;4;22;-7.932063631785514;5;0;17;11;0;1;6;1;0;6;18;2;15;23;-5.301879903235795;1;3;15;3;15;0;3;0;1;25;14;3;25;6;2;4;23;-3.300986426537582;5;18;1;4;2;2;6;16;4;17;2;1;24;18;6;15;5;2;3;6;23;-4.144149577929153;0;0;9;11;3;15;6;3;4;4;3;4;1;5;3;13;0;0;18;19;3;20;-3.801741984978619
TRACK:325;311;-1;0;2;0;3;1;0;0;1;2;5;8;4;19;5;5;10;3;2;6;18;2;11;20;-4.4709236850295895;4;0;2;4;10;0;8;8;4;3;22;5.214385347016676;6;5;1;5;4;24;4;4;19;2;3;3;0;4;1;5;15;0;15;9;3;4;0;20;-2.663204476037171;14;1;5;2;2;3;5;7;8.278083929726105;3;3;17;4;1;4;15;6;14;5;2;6;16;4;17;0;5;3;0;2;3;3;0;19;17;1;5;1;8;21;9.782422257646795;5;6;19;2;2;6;0;22;-4.1275881929598786;22;5.085342519372798;2;6;15;1;13;7;-7.678668463035182;2;6;1;18;15;5;6;22;-7.133156631036724;2;5;0;3;2;5;5;12;6;5;15;0;1;1;0;8;11;5;17;5;0;13;17;5;5;0;15;11;5;4;1;1;0;3;17;0;18;19;3;5;21;5.570066370413323;3;6;6;13;6;6;2;2;2;2;3;5;5;11;4;0;1;13;7;-3.8134837409088407;4;14;0;5;3;6;14;5;6;5;10;4;4;3;2;0;18;16;4;13;2;0;4;4;4;0;18;15;4;3;6;1;7;-5.593045989573476;24;5;5;6;3;4;24
TRACK:326;313;-1;4;5;3;0;3;4;5;5;5;3;18;1;6;4;6;2;3;18;2;7;-8.12035451417066;19;5;1;3;2;6;24;1;8;22;-2.1541881787541146;6;3;1;20;-4.395072301826336;17
TRACK:327;315;-1;4;5;3;0;3;4;5;5;2;4;12;6;8;1;6;4;6;2;3;18;2;7;-8.17366654906031;20;-0.9790489146979989;5;4;5;5;1;22;-4.415280626870375;25
TRACK:328;317;-1;5;6;0;5;5;5;3;0;1;0;11;24;3;13;2;6;15;2;7;-7.5699307420045985;15;6;0;3;1;3;2;2;24;15;1;7;-7.55705185830227;22;-1.8899256137343874;6;3;1;20;-4.756660160901183;17;1;6;1;6;1;23;3.5476874620157766;21;-8.285599155928791;3;2;20;0.7191798668781213;16;3;0;5;5;9;6;6;7;3.2669850266426503
TRACK:329;5;-1;5;6;0;4;4;2;3;1;6;0;17;21;2.572024603890044;5;5;18;4;5;4;5;13;4;2;1;1;4;5;3;14;2;0;3;16;0;9;23;8.889144206074713;0;1;13;12;1;21;3.0607643383592773;21;-9.067345360772268;0;1;5;1;9;19;6;3;15;4;2;5;15;2;11;15;6;5;2;4;3;20;-7.190424629969563;6;3;25
EVAL_INSTANCE:16:0:320
EVAL_INSTANCE:16:1:321
EVAL_INSTANCE:16:2:322
EVAL_INSTANCE:16:3:323
EVAL_INSTANCE:16:4:324
EVAL_INSTANCE:16:5:325
EVAL_INSTANCE:16:6:326
EVAL_INSTANCE:16:7:327
EVAL_INSTANCE:16:8:328
EVAL_INSTANCE:16:9:329
RUN_RESULT:16:0:0:2000:----
RUN_RESULT:16:1:0:2000:----
RUN_RESULT:16:2:0:2000:----
RUN_RESULT:16:3:0:2000:----
RUN_RESULT:16:4:0:2000:----
RUN_RESULT:16:5:0:2000:----
RUN_RESULT:16:6:0:2000:----
RUN_RESULT:16:7:0:2000:----
RUN_RESULT:16:8:0:2000:----
RUN_RESULT:16:9:0:2000:----
    17 |      170 |  0.000000E+00 | -0.000000E+00
TRACK:330;8;4;2;1;3;2;0;6;6;4;1;4;16;6;21;6.190176202600192;0;2;3;5;0;18;18;6;2;2;24;24;1;22;6.5950927434167;15;6;4;3;6;18;2;1;6;6;5;5;19;4;6;0;2;16;22;-4.028209660979744;6;18;3;6;4;5;5;15;0;4;5;5;4;2;6;3;18;3;2;20;5.174240288222162;16;4;1;1;4;3;3;6;11;6;1;3;5;11;0;4;22;-6.153415675260341;5;10;1;5;1;2;2;7;-0.507259761730781;9;3;20;7.398597986655556;5;1;7;-8.58601422223352;16;6;0;1;3;24;3;18;6;1;24;14;4;5;1;3;4;4;6;4;1;11;7;2.1513159599992413;6;2;3;5;4;1;15;8;6;5;4;18
TRACK:331;8;4;4;5;3;0;3;4;5;6;4;1;11;7;2.1513159599992413;1;6;4;6;2;3;18;2;7;-8.191843957060472;19;5;4;5;5;1;22;-4.517676557601742;25
TRACK:332;1;9;5;6;6;4;2;6;6;5;6;11;4;0;3;1;4;12;6;20;-1.0233206279622031;6;4;6;18
TRACK:333;1;9;2;3;4;1;2;0;2;6;3;3;17;25;4;6;4;2;21;-0.13464883119892512;10;3;4;2;3;4;22;-7.890205230346989;5;0;17;11;0;1;6;1;4;5;23;6.227628086098182;1;3;15;3;15;0;3;0;1;25;14;3;25;6;2;4;23;-3.3627407116145447;5;18;1;4;2;2;6;16;4;17;2;1;24;18;6;15;5;2;3;6;23;-4.111668872741618;0;0;9;11;3;15;6;3;4;4;3;4;1;5;3;13;0;0;18;19;3;20;-3.7894416492369025
TRACK:334;0;5;6;3;0;0;0;6;1;4;3;0;14;11;1;3;3;18;1;1;18;19;1;23;2.202451471318426;7;6.295262936657142;6;0;4;6;5;16;2;4;2;24;17;1;3;17;0;22;3.3268058000534104;14;6;6;4;1;5;0;8;16;0;6;14;3;14;4;0;1;1;0;1;1;21;6.9605096780551605;15;6;24;5;5;8;1;1;1;25;24;6;13;3;4;20;-9.50947292763229;1;2;5;5;18;5;3;25;0;2;5;22;-1.1812355196477249;6;25;0;0;20;-2.893573958685163;8;1;15;14;3;4;2;3;2;23;1.7666920080381683;18;0;4;10;5;25
TRACK:335;0;5;5;6;0;4;4;2;3;1;6;0;17;21;2.542160989942367;5;5;18;4;5;4;5;13;4;2;1;1;4;5;3;14;2;0;3;16;0;9;18;0;1;13;12;1;21;3.0629984846299827;21;-9.152945798433269;0;1;5;1;9;19;6;3;15;4;2;5;15;2;11;15;6;5;2;4;3;20;-7.2798089276154965;6;3;19
TRACK:336;0;6;6;3;0;0;0;6;1;4;3;0;14;11;1;3;3;18;1;1;18;19;1;23;2.202451471318426;7;6.295262936657142;6;0;4;6;5;16;2;4;2;24;17;1;3;17;0;22;3.3268058000534104;14;6;6;4;1;5;0;8;16;0;6;14;3;14;4;0;1;1;0;1;1;21;6.9605096780551605;15;6;24;5;9;1;1;1;25;24;6;13;3;4;20;-9.50947292763229;1;2;3;2;23;3.7452249017076173;25;5;3;25;0;2;5;22;-1.1812355196477249;6;25;0;0;20;-2.893573958685163;8;1;15;14;3;4;2;3;2;23;1.7666920080381683;18;0;4;10;5;25
TRACK:337;0;6;5;6;0;5;5;5;3;0;1;0;11;24;3;13;2;2;24;14;2;7;-7.469443974000358;15;6;0;3;1;3;2;2;24;15;1;8;22;-2.1002583620342925;6;3;1;20;-4.476998301378119;17;1;6;1;6;1;23;3.5804700677064574;21;-8.351266563700355;3;2;20;0.6905140637147262;16;3;0;5;5;9;6;6;7;3.383040986546062
TRACK:338;1;9;5;6;6;4;2;6;15;4;0;3;1;4;12;6;20;-1.0233206279622031;6;4;6;18
TRACK:339;1;9;2;3;4;1;2;0;2;6;3;3;17;3;5;1;19;25;4;6;4;2;21;-0.13464883119892512;10;3;4;2;3;4;22;-7.890205230346989;5;0;17;11;0;1;6;20;-1.0233206279622031;0;3;0;1;25;14;3;25;6;2;4;23;-3.3627407116145447;5;18;1;4;2;2;6;16;4;17;2;1;24;18;6;15;5;2;3;6;23;-4.111668872741618;0;0;9;11;3;15;6;3;4;4;3;4;1;5;3;13;0;0;18;19;3;20;-3.7894416492369025
TRACK:340;330;-1;2;1;3;2;0;6;6;4;1;4;16;6;21;6.365452732925201;0;2;3;5;0;18;18;6;2;2;24;24;1;22;6.64263847211116;15;6;4;3;6;18;2;1;6;6;5;5;19;4;6;0;2;16;22;-3.956477163763835;6;18;3;6;4;5;5;15;0;4;5;5;4;2;6;3;18;4;10;4;1;1;4;3;3;6;11;6;1;3;5;11;0;4;22;-6.121644561385886;5;10;1;5;1;2;2;7;-0.6318416035348325;9;3;20;7.242208787914683;5;1;7;-8.781487853906395;16;6;0;1;3;24;3;18;6;1;24;14;4;5;1;3;4;4;6;4;1;11;7;2.101075927183255;6;2;3;5;4;1;15;8;6;5;4;18
TRACK:341;1;-1;5;6;6;4;2;6;6;5;6;0;8;25;4;0;3;1;4;12;6;25;6;4;6;18
TRACK:342;334;-1;6;3;0;0;0;6;1;4;3;0;14;11;1;3;3;18;1;1;18;19;1;23;2.208976254607165;7;6.424632513851071;6;0;4;6;5;16;2;4;2;24;17;1;3;17;0;22;3.1304509245851624;14;6;6;4;1;5;0;8;16;0;6;14;3;14;4;0;1;1;0;1;1;21;7.088196973372734;15;6;24;5;5;8;1;1;1;25;24;6;13;3;4;20;-9.334003858816473;1;2;5;5;18;5;3;25;0;2;5;22;-1.2372359456116513;6;25;0;0;20;-2.7166373088487696;8;1;15;14;3;4;2;3;6;13;0;4;10;5;25
TRACK:343;0;-1;6;3;0;0;0;6;1;4;3;0;14;11;1;3;3;18;1;1;18;19;1;23;2.0674619865456934;7;6.154784554891806;6;0;4;6;5;16;2;4;2;24;17;1;3;17;0;22;3.202656655299925;14;6;6;4;1;5;0;8;16;0;6;14;3;14;4;0;1;1;0;1;1;21;6.998486103504213;15;6;24;5;5;8;1;1;1;25;24;6;13;3;4;20;-9.349864053706431;1;2;3;5;17;5;3;25;0;2;5;22;-1.1453474835299324;6;25;0;0;20;-2.858333536669966;8;1;15;14;3;4;2;3;2;23;1.7289580768555974;18;0;4;10;5;25
TRACK:344;338;-1;5;6;6;4;2;6;15;4;0;3;1;4;12;6;20;-0.9297585034836325;6;2;5;8;5;13
TRACK:345;331;-1;4;5;3;0;3;5;2;0;5;5;21;4.096249241249037;3;1;14;15;2;5;1;19;9;0;3;18;6;20;4.638447323453878;1;6;4;6;2;3;18;2;7;-8.215414432350041;19;5;4;5;5;1;22;-4.702928189766307;25
TRACK:346;9;-1;2;3;1;10;18;6;3;4;4;3;4;1;5;3;13;0;0;18;19;3;20;-3.9481697915482763
TRACK:347;335;-1;5;6;0;4;4;2;1;21;7.611377983902258;10;4;5;4;5;13;4;2;1;1;4;5;3;14;2;0;3;16;0;9;18;0;1;13;12;1;21;3.1719004920218348;21;-9.09714368909759;0;1;5;1;9;19;6;3;15;4;2;5;15;2;11;15;6;5;2;4;3;20;-7.444843257064484;6;3;19
TRACK:348;6;-1;5;6;0;5;5;5;3;0;1;0;11;24;3;13;2;2;24;18;2;7;-7.59541590860317;15;6;0;3;1;3;2;2;24;15;1;8;22;-2.2373734227111237;6;3;1;20;-4.560526714804367;17;1;6;1;6;1;23;3.615916710207102;21;-8.18456248657096;3;2;20;0.74436089771012;16;3;0;5;5;9;6;6;7;3.3120353507326357
TRACK:349;339;-1;2;3;4;1;2;0;0;2;2;7;-3.9991698310467587;25;3;20;-8.405737652650064;0;1;11;16;3;15;4;6;4;2;21;-0.1830088652744818;10;3;4;2;3;4;22;-7.939196824426997;5;0;17;11;0;1;6;20;-1.0300592828818373;0;3;0;1;25;14;3;25;6;2;4;23;-3.367941099109025;5;18;1;4;2;2;6;16;4;17;2;1;24;18;6;15;5;2;3;6;23;-3.948494664213348;0;0;9;11;3;15;6;3;4;4;3;4;1;5;3;13;0;0;18;19;3;20;-3.6088434423987676
EVAL_INSTANCE:17:0:340
EVAL_INSTANCE:17:1:341
EVAL_INSTANCE:17:2:342
EVAL_INSTANCE:17:3:343
EVAL_INSTANCE:17:4:344
EVAL_INSTANCE:17:5:345
EVAL_INSTANCE:17:6:346
EVAL_INSTANCE:17:7:347
EVAL_INSTANCE:17:8:348
EVAL_INSTANCE:17:9:349
RUN_RESULT:17:0:0:2000:----
RUN_RESULT:17:1:0:2000:----
RUN_RESULT:17:2:0:2000:----
RUN_RESULT:17:3:0:2000:----
RUN_RESULT:17:4:0:2000:----
RUN_RESULT:17:5:0:2000:----
RUN_RESULT:17:6:0:2000:----
RUN_RESULT:17:7:0:2000:----
RUN_RESULT:17:8:0:2000:----
RUN_RESULT:17:9:0:2000:----
    18 |      180 |  0.000000E+00 | -0.000000E+00
TRACK:350;1;6;5;6;6;4;2;6;6;5;6;0;8;25;1;3;2;2;24;15;1;8;22;-2.1002583620342925;6;3;1;20;-4.476998301378119;17
TRACK:351;1;6;5;6;0;5;5;5;3;0;1;0;11;24;3;13;1;4;12;6;20;-1.0233206279622031;6;0;3;1;3;2;2;24;15;1;8;22;-2.1002583620342925;6;3;1;20;-4.476998301378119;17;1;6;1;6;1;23;3.5804700677064574;21;-8.351266563700355;3;2;20;0.6905140637147262;16;3;0;5;5;9;6;6;7;3.383040986546062
TRACK:352;7;3;0;2;0;3;1;0;0;1;2;2;8;22;4.453803679787466;4;19;5;5;10;3;2;8;2;11;20;-4.576830747201253;4;0;2;4;10;0;8;8;4;3;22;5.1655929522909965;6;5;1;5;4;24;4;4;19;2;3;3;0;4;1;5;15;0;15;9;3;4;0;20;-2.6411137817220975;14;1;5;2;2;3;5;7;8.327604284025615;3;3;17;4;1;4;15;6;14;5;3;6;5;1;21;2.393053755785372;22;-9.393035975214021;0;5;3;0;2;3;3;0;19;17;1;5;1;8;21;9.862528904540227;5;6;19;2;2;6;0;22;-4.029760820892394;22;5.166766373596799;2;6;15;1;13;7;-7.550498204251523;2;6;1;18;15;5;6;22;-7.203221050520843;2;5;0;3;2;5;5;12;6;5;15;0;1;1;0;8;11;5;17;5;0;13;17;5;5;0;15;11;5;4;1;1;0;3;17;0;18;19;3;5;21;5.6757926461243215;3;6;6;13;6;6;2;2;2;2;3;5;5;11;4;0;1;13;7;-3.9107666011116127;4;14;0;5;3;6;14;5;6;5;10;4;4;3;2;0;18;16;4;13;2;0;4;4;4;0;18;15;4;3;6;1;7;-5.39080065380491;24;5;5;6;3;4;24
TRACK:353;7;3;3;2;2;1;1;2;1;1;4;0;20;9.742960491497655;18;0;4;20;-8.616955914179115;2;22;3.221053906906892;13;4;0;0;15;16;0;8;25;6;5;3;2;12;23;-1.8257522209405828;6;2;4;1;5;14;5;8;1;2;0;16;19;6;10;3;1;7;9.62998050044277;10;5;2;4;5;5;4;8;3;2;3;3;22;-9.455953192425353;5;3;12;1;5;5;3;6;6;5;16;4;2;5;2;4;6;11;6;6;8;4;4;1;2;19;9;1;13;20;-7.0604585125043595;3;6;0;0;0;3;0;6;18;1;7;-2.3594696693635324;20;0.8836047457815344;6;5;4;18;0;4;2;2;22;-0.31280581570357846;17;4;24;5;3;3;20;0.6123342399784608;3;6;5;2;3;11;6;11
TRACK:354;5;1;5;6;0;4;4;2;3;1;6;0;17;21;2.542160989942367;5;5;18;4;5;4;5;13;4;2;1;1;4;5;3;14;2;0;3;16;0;9;23;8.700784109001493;0;1;13;12;1;20;-1.0233206279622031;21;-9.152945798433269;0;1;5;1;9;19;6;3;15;4;2;5;15;2;11;15;6;5;2;4;3;20;-7.2798089276154965;6;3;19
TRACK:355;5;1;5;6;6;4;2;6;6;5;6;0;8;25;4;0;13;6;4;6;18
TRACK:356;4;3;4;5;3;0;3;4;5;24;1;6;4;6;2;3;18;2;7;-8.191843957060472;19;5;4;5;5;1;22;-4.517676557601742;25
TRACK:357;4;3;3;2;2;1;1;4;5;5;1;22;-4.517676557601742;25;6;2;4;1;5;14;5;8;1;2;0;16;19;6;10;3;1;7;9.62998050044277;10;5;2;4;5;5;4;8;3;2;3;3;22;-9.455953192425353;5;3;12;1;5;5;3;6;6;5;16;4;2;5;2;4;6;11;6;6;8;4;4;1;2;19;9;1;13;20;-7.0604585125043595;3;6;0;0;0;3;0;6;18;1;7;-2.3594696693635324;20;0.8836047457815344;6;5;4;18;0;4;2;2;22;-0.31280581570357846;17;4;24;5;3;3;20;0.6123342399784608;3;6;5;2;3;11;6;11
TRACK:358;0;5;6;3;0;0;0;6;1;4;3;0;14;11;1;3;3;18;1;1;18;19;1;23;2.202451471318426;7;6.295262936657142;6;0;4;6;5;16;2;4;2;24;17;1;3;17;0;22;3.3268058000534104;14;6;6;4;1;5;0;8;16;0;6;14;3;14;4;0;1;1;0;1;1;21;6.9605096780551605;15;6;24;5;5;8;1;1;1;25;24;6;13;3;4;20;-9.50947292763229;1;2;3;2;23;3.7452249017076173;25;5;3;25;0;2;5;22;-1.1812355196477249;6;25;0;0;20;-2.893573958685163;8;1;15;14;3;4;2;5;5;18;0;4;10;5;25
TRACK:359;0;5;5;6;0;4;4;2;3;1;6;0;17;21;2.542160989942367;5;5;18;6;25;4;2;1;1;4;5;3;14;2;0;3;16;0;9;23;8.700784109001493;0;1;13;12;1;21;3.0629984846299827;21;-9.152945798433269;0;1;5;1;9;19;6;3;15;4;2;5;15;2;11;15;6;5;2;4;3;20;-7.2798089276154965;6;3;19
TRACK:360;350;-1;5;6;6;4;2;6;6;5;6;0;8;25;1;3;2;2;24;15;1;8;22;-2.113839435499654;1;20;-2.468587823350374;25
TRACK:361;352;-1;0;2;0;3;1;0;0;1;2;2;8;22;4.506922108971785;4;19;5;5;10;3;2;8;2;11;20;-4.651369660032914;4;0;2;4;10;0;8;8;4;3;22;5.246314867571514;6;5;1;5;4;24;4;4;19;2;3;3;0;4;1;5;15;0;15;9;3;4;0;20;-2.721834963777122;14;1;5;2;2;3;5;7;8.42937013406677;3;3;17;4;1;4;15;6;14;5;3;6;5;1;21;2.4803066667795837;22;-9.377496879266001;0;5;3;0;2;3;3;0;19;17;1;5;1;8;21;9.840661315793124;5;6;19;2;2;6;0;22;-3.9193843203160137;22;5.157166695264629;2;6;15;1;13;7;-7.504147393128761;2;6;1;18;15;5;6;22;-7.2754718618581125;2;5;0;3;2;5;5;12;6;6;9;0;1;1;0;8;11;5;17;5;0;13;17;5;5;0;15;11;5;4;1;1;0;3;17;0;18;19;3;5;21;5.763486943006317;3;6;6;13;6;6;2;2;2;2;3;5;5;11;4;0;1;13;7;-3.8920370996478026;4;14;0;5;3;6;14;5;6;5;10;4;4;3;2;0;18;16;4;13;2;0;4;4;4;0;18;15;4;3;6;1;7;-5.683242412617372;24;5;5;6;3;4;24
TRACK:362;354;-1;5;6;0;4;4;2;3;1;6;0;17;21;2.474055911485772;5;5;18;4;5;4;5;13;4;2;1;1;4;5;3;14;2;0;3;16;0;9;19;0;1;13;12;1;20;-1.0361652449848098;21;-9.235829205524649;0;1;5;1;9;19;6;3;15;4;2;5;15;2;11;15;6;5;2;4;3;20;-7.357055563563282;6;3;19
TRACK:363;356;-1;4;5;3;0;3;4;5;24;1;6;4;6;2;3;9;2;7;-8.418213568720171;19;5;4;5;5;1;22;-4.561452330286263;25
TRACK:364;358;-1;6;3;0;0;0;6;1;4;3;0;14;11;1;3;3;18;1;1;18;19;1;23;2.1561843692478857;7;6.30789125136018;6;0;4;6;5;16;2;4;2;24;17;1;3;17;0;22;3.4594737828087254;14;6;6;4;1;5;0;8;16;0;6;14;3;14;4;0;1;1;0;1;1;21;7.035262962916411;15;6;24;5;5;8;1;1;1;25;24;6;13;3;4;20;-9.577715988613596;1;2;3;2;10;25;5;3;25;0;2;5;22;-1.0572452218912674;6;25;0;0;20;-2.846744354254584;8;1;15;14;3;4;2;5;5;18;0;4;10;5;25
TRACK:365;351;-1;5;6;0;5;5;2;24;9;6;0;3;1;3;2;2;24;15;1;8;22;-2.256721793384758;6;3;1;20;-4.511824178490712;17;1;6;1;6;1;23;3.5653376844456575;21;-8.380817939596977;3;2;20;0.6020493014969716;16;3;0;5;5;9;6;6;7;3.510859772783951
TRACK:366;353;-1;3;2;2;1;1;2;1;1;4;0;20;9.72338109428813;18;0;4;20;-8.834035519325596;2;22;3.1998085612840894;13;4;0;0;15;16;0;8;25;6;5;3;2;12;23;-1.8734774630274267;6;2;4;1;5;14;5;8;1;2;0;16;19;6;10;3;1;7;9.476245524923428;10;5;2;4;5;5;8;3;2;3;3;22;-9.376863946281151;5;3;12;1;5;5;3;6;6;5;16;4;2;5;2;4;6;11;6;6;8;4;4;1;2;19;9;1;13;20;-7.2146281252404005;3;6;0;0;0;3;0;6;18;1;7;-2.5675575558134827;20;0.8377179482899705;6;5;4;18;0;4;2;2;22;-0.41846892906114774;17;4;24;5;3;3;20;0.4441002209816821;3;6;5;2;3;11;6;11
TRACK:367;355;-1;5;6;6;4;3;2;1;5;20;-4.004862123272643;0;23;4.39233650042719;25;3;0;25;8
TRACK:368;357;-1;3;2;2;0;5;2;18;10;3;1;10;19;1;5;5;3;6;6;5;16;4;2;5;2;4;6;11;6;6;8;4;4;1;2;19;9;1;13;20;-7.289206343747462;3;6;0;0;0;3;0;6;18;1;7;-2.4263512631179434;20;0.8168890680072832;6;5;4;18;0;4;2;2;22;-0.2265617675751166;17;4;24;5;3;3;20;0.8457806791031368;3;6;5;2;3;11;6;11
TRACK:369;359;-1;5;6;0;4;4;2;3;1;6;0;17;21;2.5729528115606755;5;5;18;6;25;4;2;1;6;2;1;11;19;3;7;8.639631184366902;0;1;5;1;9;19;6;3;15;4;2;5;15;2;11;15;6;5;2;4;3;20;-7.225401169974506;6;3;19
EVAL_INSTANCE:18:0:360
EVAL_INSTANCE:18:1:361
EVAL_INSTANCE:18:2:362
EVAL_INSTANCE:18:3:363
EVAL_INSTANCE:18:4:364
EVAL_INSTANCE:18:5:365
EVAL_INSTANCE:18:6:366
EVAL_INSTANCE:18:7:367
EVAL_INSTANCE:18:8:368
EVAL_INSTANCE:18:9:369
RUN_RESULT:18:0:0:2000:----
RUN_RESULT:18:1:0:2000:----
RUN_RESULT:18:2:0:2000:----
RUN_RESULT:18:3:0:2000:----
RUN_RESULT:18:4:0:2000:----
RUN_RESULT:18:5:0:2000:----
RUN_RESULT:18:6:0:2000:----
RUN_RESULT:18:7:0:2000:----
RUN_RESULT:18:8:0:2000:----
RUN_RESULT:18:9:0:2000:----
    19 |      190 |  0.000000E+00 | -0.000000E+00
TRACK:370;4;3;4;5;3;0;3;4;5;5;5;3;18;1;6;8;5;4;5;5;1;22;-4.517676557601742;25
TRACK:371;4;3;3;2;2;1;1;2;1;1;4;0;20;9.742960491497655;18;0;4;20;-8.616955914179115;2;22;3.221053906906892;13;4;0;0;25;16;0;8;25;6;5;3;2;12;23;-1.8257522209405828;6;2;4;1;5;14;5;8;1;2;0;16;19;6;10;3;1;7;9.62998050044277;10;5;2;4;5;5;4;8;3;2;3;3;22;-9.455953192425353;5;3;12;1;5;5;3;6;6;5;16;4;2;5;2;4;6;11;6;6;8;4;4;1;2;19;9;1;13;20;-7.0604585125043595;3;6;0;0;0;3;0;6;18;1;7;-2.3594696693635324;20;0.8836047457815344;6;5;4;18;0;4;2;2;22;-0.31280581570357846;17;4;24;5;3;3;20;0.6123342399784608;3;6;5;2;3;11;6;11
TRACK:372;7;9;0;2;0;3;1;0;0;1;2;2;8;22;4.453803679787466;4;19;5;5;10;3;2;6;18;2;11;20;-4.576830747201253;4;0;2;4;10;0;8;8;4;3;22;5.1655929522909965;6;5;1;5;4;24;4;4;19;2;3;3;0;4;1;5;15;0;15;9;3;4;0;20;-2.6411137817220975;14;1;5;2;2;3;5;7;8.327604284025615;3;3;17;4;1;4;15;6;14;5;3;6;5;1;21;2.393053755785372;22;-9.393035975214021;0;5;3;0;2;3;3;0;19;24;1;5;1;8;21;9.862528904540227;5;6;19;2;2;6;0;22;-4.029760820892394;22;5.166766373596799;2;6;15;1;13;7;-7.550498204251523;2;6;1;18;15;5;6;22;-7.203221050520843;2;5;0;3;2;5;5;12;6;5;15;0;1;1;0;8;11;5;17;5;0;13;17;5;5;0;15;11;5;4;1;1;0;3;17;0;18;19;3;5;21;5.6757926461243215;3;6;6;13;6;6;2;2;2;2;3;5;5;11;4;0;1;13;7;-3.9107666011116127;4;14;0;5;3;6;14;5;6;5;10;4;4;3;2;0;18;16;4;13;2;0;4;4;4;0;18;15;4;3;6;1;7;-5.39080065380491;24;5;5;6;3;4;24
TRACK:373;7;9;2;3;4;1;2;0;2;6;3;3;17;3;5;1;19;25;4;6;4;2;21;-0.13464883119892512;10;3;4;2;3;4;22;-7.890205230346989;5;0;17;11;0;1;6;1;4;5;23;6.227628086098182;1;3;15;3;15;4;4;4;0;18;15;1;4;2;2;6;16;4;17;2;1;24;18;6;15;5;2;3;6;23;-4.111668872741618;0;0;9;11;3;15;6;3;4;4;3;4;1;5;3;13;0;0;18;19;3;20;-3.7894416492369025
TRACK:374;0;0;6;3;0;0;0;6;1;4;3;0;14;11;1;3;3;18;17;6;0;4;6;5;16;2;4;2;24;17;1;3;17;0;22;3.3268058000534104;14;6;6;4;1;5;0;8;16;0;6;14;3;14;4;0;1;1;0;1;1;21;6.9605096780551605;15;6;24;5;5;8;1;1;1;25;24;6;13;3;4;20;-9.50947292763229;1;2;3;2;23;3.7452249017076173;25;5;3;25;0;2;5;22;-1.1812355196477249;6;25;0;0;20;-2.893573958685163;8;1;15;14;3;4;2;3;2;23;1.7666920080381683;18;0;4;10;5;25
TRACK:375;0;0;6;3;0;0;0;6;1;14;1;3;3;18;1;1;18;19;1;23;2.202451471318426;7;6.295262936657142;6;0;4;6;5;16;2;4;2;24;17;1;3;17;0;22;3.3268058000534104;14;6;6;4;1;5;0;8;16;0;6;14;3;14;4;0;1;1;0;1;1;21;6.9605096780551605;15;6;24;5;5;8;1;1;1;25;24;6;13;3;4;20;-9.50947292763229;1;2;3;2;23;3.7452249017076173;25;5;3;25;0;2;5;22;-1.1812355196477249;6;25;0;0;20;-2.893573958685163;8;1;15;14;3;4;2;3;2;23;1.7666920080381683;18;0;4;10;5;25
TRACK:376;1;3;5;6;6;4;2;6;6;5;6;0;8;25;4;0;3;1;4;12;6;20;-1.0233206279622031;6;4;6;18
TRACK:377;1;3;3;2;2;1;1;2;1;1;4;0;20;9.742960491497655;18;0;4;20;-8.616955914179115;2;22;3.221053906906892;13;4;0;0;15;16;0;8;25;6;5;3;2;12;23;-1.8257522209405828;6;2;4;1;5;14;5;8;1;2;0;16;19;6;10;3;1;7;9.62998050044277;10;5;2;4;5;5;4;8;3;2;3;3;22;-9.455953192425353;5;3;12;1;5;5;3;6;6;5;16;4;2;5;2;4;6;11;6;6;8;4;4;1;2;19;9;1;13;20;-7.0604585125043595;3;6;0;0;0;3;0;6;18;1;7;-2.3594696693635324;20;0.8836047457815344;6;5;4;18;0;4;2;2;22;-0.31280581570357846;17;4;24;5;3;3;20;0.6123342399784608;3;6;5;2;3;20;-1.0233206279622031;6;11
TRACK:378;8;5;2;1;3;2;0;6;6;4;1;4;16;6;21;6.190176202600192;0;2;3;5;0;18;18;6;2;2;24;24;1;22;6.5950927434167;15;6;4;3;6;18;2;1;6;6;5;5;19;4;6;0;2;16;20;-7.2798089276154965;6;18;3;6;4;5;5;15;0;4;5;5;4;2;6;3;18;3;2;20;5.174240288222162;16;4;1;1;4;3;3;6;11;6;1;3;5;11;0;4;22;-6.153415675260341;5;10;1;5;1;2;2;7;-0.507259761730781;9;3;20;7.398597986655556;5;1;7;-8.58601422223352;16;6;0;1;3;24;3;18;6;1;24;14;4;5;1;3;4;4;6;4;1;11;7;2.1513159599992413;6;2;3;5;4;1;15;8;6;5;4;2;8;17
TRACK:379;8;5;5;6;0;4;4;2;3;1;6;0;17;21;2.542160989942367;5;5;18;4;5;4;5;13;4;2;1;1;4;5;3;14;2;0;3;16;0;9;23;8.700784109001493;0;1;13;12;1;8;21;-9.152945798433269;0;1;5;1;9;19;6;3;15;4;2;5;15;2;11;15;6;5;2;4;3;20;-7.2798089276154965;6;3;19
TRACK:380;370;-1;0;4;6;2;1;5;1;3;3;9;0;1;7;0.46841364871363567;21;3.0413647188863013;0;24;7;-0.9117610353209766;0;3;5;2;7;4.579478215065029;24;5;2;5;16;5;10;6;2;2;3;5;9;6;2;10;25;0;3;4;16;2;6;15;6;12;5;2;0;1;1;0;3;4;20;1.3411593701953315;1;4;18;3;10;5;6;6;12;2;6;3;1;15;7;-5.96033994376262;2;0;3;21;-0.07517691028196083;4;25;2;3;15;0;16;25;4;4;5;5;0;19;17;4;5;2;2;0;2;12;25;5;24;6;1;24;9;6;3;1;14;7;-8.880722520599956
TRACK:381;372;-1;0;2;0;3;1;0;0;1;2;2;8;22;4.54790077374898;4;19;5;5;10;3;2;6;18;2;11;20;-4.539059842620994;4;0;2;4;10;0;8;8;4;3;22;5.362615880006089;6;5;1;5;4;24;4;4;19;2;3;3;0;4;1;5;15;0;15;9;3;4;0;20;-2.6314758265878;14;1;5;2;2;3;5;7;8.239103051186012;3;3;17;4;1;4;15;6;14;5;3;6;5;1;21;2.2998155899097283;22;-9.326037261614342;0;5;3;0;2;3;3;0;19;24;1;5;1;8;21;9.648908362530728;5;6;19;2;2;6;0;22;-4.090924284268361;22;5.244582578047516;2;6;15;1;13;7;-7.477444834617748;2;6;1;18;15;5;6;22;-7.276055324113424;2;5;0;3;2;5;5;12;6;5;15;0;1;1;0;8;11;5;17;5;0;13;17;5;5;0;15;11;5;4;1;1;0;3;17;0;18;19;3;5;21;5.693283087956437;3;6;6;13;6;6;2;2;2;2;3;5;5;11;4;0;1;13;7;-3.9491393907683534;4;14;0;5;3;6;14;5;6;5;10;4;4;3;2;0;18;16;4;17;2;0;4;4;4;0;18;15;4;3;6;1;7;-5.274310216298347;24;5;5;6;3;4;24
TRACK:382;374;-1;6;3;0;0;0;6;1;4;3;25;1;3;3;18;17;6;0;4;6;5;16;2;4;2;24;17;1;3;17;0;22;3.4711234537435876;14;6;6;4;1;5;0;8;16;0;6;14;3;14;4;0;1;1;0;1;1;21;6.901769789206012;15;6;24;5;5;8;1;1;1;25;24;6;13;3;4;20;-9.570154367050018;1;2;3;2;23;3.847915718157007;25;5;3;25;0;2;5;22;-1.2788068694091341;6;25;0;0;20;-2.9555339493322372;8;1;15;14;3;4;2;3;2;23;1.8409958969013525;18;0;4;10;5;25
TRACK:383;376;-1;5;6;6;4;2;6;6;5;6;0;8;25;4;0;3;5;4;7;9.217898117325902;6;4;6;18
TRACK:384;378;-1;2;1;3;2;0;6;6;4;1;4;16;0;22;3.7766362978532637;7;-0.4668669717809024;0;2;3;5;0;18;18;6;2;2;24;24;1;22;6.611915123411399;15;6;4;3;6;18;2;1;6;6;5;5;19;4;6;0;2;16;20;-7.219717024942037;6;18;3;6;4;5;5;15;0;4;5;5;4;2;6;3;18;3;2;20;5.217236849745919;16;4;1;1;4;3;3;6;11;6;1;3;5;11;0;4;22;-6.136637862233344;5;10;1;5;1;2;2;7;-0.41432771749804936;9;3;20;7.31572146930946;5;1;7;-8.602122373631678;16;6;0;1;3;24;3;18;6;1;24;14;4;5;1;3;4;4;6;4;1;11;7;2.164767151521354;6;2;3;5;4;1;15;8;6;5;4;2;8;17
TRACK:385;371;-1;3;2;2;1;1;2;1;1;4;0;20;9.752536019765431;18;0;4;20;-8.547727739291386;2;22;3.346048806777105;13;4;0;0;25;16;0;8;25;6;5;3;2;12;23;-1.86148559644363;6;2;4;1;5;14;5;8;1;2;0;16;19;6;10;3;1;7;9.59405606075359;10;5;2;4;5;5;17;3;2;3;3;22;-9.390777769302463;5;3;12;1;5;5;3;6;6;5;16;4;2;5;2;4;6;11;6;6;8;4;4;1;2;19;9;1;13;20;-7.105420358434338;3;6;0;0;0;3;0;6;18;1;7;-2.409005527531795;20;0.8451547042761877;6;5;4;18;0;4;2;2;22;-0.26346390118827767;17;4;24;5;3;3;20;0.5343606807307141;3;6;5;2;3;11;6;11
TRACK:386;373;-1;2;3;4;1;2;0;2;6;3;3;17;3;5;4;22;1.182687392790653;4;6;4;2;21;-0.03286124235710576;10;3;4;2;3;4;22;-7.882983489964882;5;0;17;11;0;1;6;1;4;5;23;6.156403243864093;1;3;15;3;15;4;4;4;0;18;15;1;4;2;2;6;16;4;17;2;1;24;18;6;15;5;2;3;6;23;-4.155969418542372;0;0;9;11;3;15;6;3;4;4;3;4;1;5;3;13;0;0;18;19;3;20;-3.677049815563914
TRACK:387;375;-1;6;3;0;0;0;6;1;14;1;3;3;18;1;1;18;19;1;23;2.150555271965084;7;6.1539407477481864;6;0;4;6;5;16;2;4;2;24;17;1;3;17;0;22;3.338391953899279;14;6;6;4;1;5;0;8;16;0;6;14;3;14;4;0;1;1;0;1;1;21;6.929012314349995;15;6;24;5;5;8;1;1;1;25;24;6;13;3;4;20;-9.489001310933379;1;2;3;2;23;3.7294039754656145;25;5;3;25;0;2;5;22;-1.2545139401845902;3;17;0;0;20;-2.8453108191144256;8;1;15;14;3;4;2;3;2;23;1.7999104315201755;18;0;4;10;5;25
TRACK:388;377;-1;3;2;2;1;1;2;1;1;4;0;20;9.608741655764547;23;0.9966653244785029;0;4;20;-8.517842604091962;2;22;3.1649193341228834;13;4;0;0;15;16;0;8;25;6;5;3;2;12;23;-1.8166976276919755;6;2;4;1;5;14;5;8;1;2;0;16;19;6;10;3;1;7;9.668284816434525;10;5;2;4;5;5;4;8;3;2;3;3;22;-9.661348608713078;5;3;12;1;5;5;3;6;6;5;16;4;2;5;2;4;6;11;6;6;8;4;4;1;2;19;9;1;13;20;-6.863151283615251;3;6;0;0;0;3;0;6;18;1;7;-2.3270558053989454;20;0.8747998671615967;6;5;4;18;0;4;2;2;22;-0.29497119070033684;17;4;24;5;3;3;20;0.5922555002374787;3;6;5;2;3;20;-0.9639235831319802;6;11
TRACK:389;379;-1;5;6;0;4;4;2;3;1;6;0;17;21;2.566315616188502;5;5;18;4;5;4;5;13;4;2;1;1;4;5;0;12;7;9.820992778626401;2;0;3;16;0;9;23;8.812982566667497;0;1;13;12;1;8;21;-9.186647563113166;0;1;5;1;9;19;6;3;15;4;2;5;15;2;11;15;6;5;2;4;3;20;-7.289594262640537;6;3;19
EVAL_INSTANCE:19:0:380
EVAL_INSTANCE:19:1:381
EVAL_INSTANCE:19:2:382
EVAL_INSTANCE:19:3:383
EVAL_INSTANCE:19:4:384
EVAL_INSTANCE:19:5:385
EVAL_INSTANCE:19:6:386
EVAL_INSTANCE:19:7:387
EVAL_INSTANCE:19:8:388
EVAL_INSTANCE:19:9:389
RUN_RESULT:19:0:0:2000:----
RUN_RESULT:19:1:0:2000:----
RUN_RESULT:19:2:0:2000:----
RUN_RESULT:19:3:0:2000:----
RUN_RESULT:19:4:0:2000:----
RUN_RESULT:19:5:0:2000:----
RUN_RESULT:19:6:0:2000:----
RUN_RESULT:19:7:0:2000:----
RUN_RESULT:19:8:0:2000:----
RUN_RESULT:19:9:0:2000:----
    20 |      200 |  0.000000E+00 | -0.000000E+00
TRAINING ON LEVEL:71
of 184 levels
---LEVEL STRING---
_______________
_.l..gL16g..l._
_.l..ggggg..l._
_............._
_............._
_..l.......l.._
_..l.......l.._
_3....G10....3_
_..l.......l.._
_..l.......l.._
_............._
_............._
_.l..ggggg..l._
_.l..gL12g..l._
_______________
---LEVEL STRING---
training done.
The time of execution is: 849.8220059871674 s

TRAINING DONE


-----!!!NEW PROBLEM!!!-----


START TESTING

LEVEL:0:______\n_K.2._\n_kSF._\n_bB1._\n_..fR_\n_1..._\n_3.r._\n_251O_\n_s.31_\n_o..2_\n______
LEVEL:1:________\n_......_\n_......_\n_.Sb.s._\n_.1..s._\n_.4b..1_\n_B12..3_\n_......_\n________
LEVEL:2:____________\n_.........._\n_.r....f..._\n_.....bssss_\n_.R.......F_\n_B1..f..b.1_\n_AO........_\n_.rssssssss_\n_.........F_\n_ss...R...1_\n_....B12W.3_\n_oS14...1.._\n____________
LEVEL:3:__________\n_F13....G_\n_..R15a.1_\n_.......0_\n_a.A.b.a._\n_....a..._\n_B....ggg_\n_1.a.ag.a_\n_2....g.f_\n__________
LEVEL:4:__________\n_.....B12_\n_.W......_\n_.1wwwww._\n_.6wf..w._\n_..w..kw._\n_F.wwwww._\n_1......._\n_3...bK17_\n__________
LEVEL:5:_________\n_....B18_\n_......._\n_...R..._\n_...1..._\n_...3..._\n_......._\n_....B12_\n_......._\n_.b..R.._\n_....1.._\n_r...9.._\n_......._\n_________
LEVEL:6:____________\n_G13wwwwK14_\n_w.o.okofow_\n_wo.o.o.o.w_\n_wko.o.o.ow_\n_wggggggggw_\n_w.o.o.o.ow_\n_wo.o.o.okw_\n_w.o.o.o.ow_\n_wo.obo.o.w_\n_K17wwwwB12_\n____________
LEVEL:7:____________\n_F13wwwwK14_\n_w.o.okofow_\n_wo.oko.o.w_\n_wko.o.o.ow_\n_wo.o.o.okw_\n_wko.o.o.ow_\n_wo.o.o.okw_\n_wko.o.o.ow_\n_wo.obo.o.w_\n_K17wwwwB12_\n____________
LEVEL:8:__________\n_B12....F_\n_1......1_\n_9lllL.f3_\n_..rl1..._\n_...l8..._\n_...lllll_\n_.br....._\n_....R15._\n__________
LEVEL:9:___________\n_rg9SkofVr_\n_GF.6WOV0A_\n_Fw0.3o6AB_\n_A5W..5A2l_\n_.WO5KlF.1_\n_441934sR2_\n_vF38vVb.k_\n_W4bAS.K1K_\n_kO9.W..21_\n_0Ba4o3.L2_\n_w9G.SG99v_\n_g9Br5Kkbk_\n_.l7RRG6r3_\n_LFffV..Gv_\n_ga8.ro1wr_\n_VWV7R..3._\n___________
LEVEL:10:__________\n_........_\n_....V12._\n_........_\n_...v...._\n_F.v.v..._\n_1..v...._\n_3......._\n_....f..._\n__________
LEVEL:11:__________\n_b....Vwv_\n_.....1ww_\n_.....3.._\n_........_\n_........_\n_.....BW._\n_.....11._\n_.....26._\n__________
LEVEL:12:__________\n_...K..3._\n_.f.k...._\n_kkkk...._\n_...kgkkk_\n_........_\n_G10...b._\n_.....B12_\n_K14..F13_\n__________
LEVEL:13:__________\n_..Bwwlll_\n_b.1wwlll_\n_..2wwlll_\n_...wwlll_\n_...wwlll_\n_W16....._\n_....F13._\n_s...wwwf_\n__________
LEVEL:14:__________\n_G10gl.f._\n_.aagl.l._\n_.R.gg.ll_\n_.b..gggl_\n_...a...a_\n_..r....5_\n_B12.1..._\n_F13a.L16_\n__________
LEVEL:15:__________\n_bW12..Fr_\n_........_\n_w.w.w..S_\n_.s...s.1_\n_..w.www4_\n_B.3s1..._\n_1.w.w..._\n_2.....Rf_\n__________
LEVEL:16:__________\n_bW12..Fr_\n_........_\n_w.w.w..S_\n_.s...s.1_\n_..w.www4_\n_B.3s1..S_\n_1.w.w..._\n_2.....Rf_\n__________
LEVEL:17:__________\n_.f......_\n_.......3_\n_kkkkgkkk_\n_...g.g.._\n_K14k.k.._\n_...k.kkk_\n_B12k..b._\n_F13....._\n__________
LEVEL:18:____________________\n_B.S14.O16.R15.B12._\n_1.F13.G16.V17....._\n_.Sv..............._\n_Rggggggggggggggggg_\n_1ggggggggggggggggg_\n_.F......gggggggggg_\n_ooo.......gggggggg_\n_wwwoo.......gggggg_\n_wwwwwoo.......gggg_\n_wwwwwwwoo..r......_\n_wwwwwwwwwoo.b....._\n_wwwwwwwwwwwooaaaaa_\n____________________
LEVEL:19:_________________\n_F13w.f.w.a...rw_\n_.a.wa...b.a.a.w_\n_wwrwwwww..wwwww_\n_...a...a....a.._\n_wwwwww.wwwwwwww_\n_.a.........ar.._\n_www.wwwwwwwwwww_\n_.a...a......ba._\n_..b......a....._\n_wwwwwwwwww.war._\n_k...a.....awwww_\n_wwwwwwwwwwwwB14_\n_R16wW16wK12wB17_\n_________________
LEVEL:20:__________\n_...s.V12_\n_v..s...._\n_..sssfss_\n_..s..s.._\n_F..s..s._\n_1.....s._\n_3..S14.._\n_........_\n__________
LEVEL:21:____________________\n_.Laallgg.......BG._\n_.1aallgg.......11._\n_.8aallgg.......90._\n_..aallgg.........._\n_..9allgg.......v.._\n_..aallgg.......V.._\n_b.2allgg.......1.._\n_llllllgg.......3.._\n_llllllgg.........._\n_gggggggg.........._\n_gggggggg.......B12_\n____________________
LEVEL:22:__________\n_........_\n_...b...._\n_........_\n_F......._\n_1.B.f..._\n_3.1....._\n_..2....._\n_........_\n__________
LEVEL:23:__________\n_........_\n_B...b..._\n_1......._\n_2......._\n_........_\n_..3...f._\n_F1....f._\n_........_\n__________
LEVEL:24:__________\n_S13....._\n_.......f_\n_...r...3_\n_........_\n_........_\n_F14..R12_\n_........_\n_......s._\n__________
LEVEL:25:_________________\n_....gg.....l..._\n_....gg.....l..._\n_....gg.....l..._\n_.b..gg.....l..._\n_....gg.....l..._\n_....gg.....l..._\n_....gg.....l..._\n_....gg.B12.l..f_\n_....gg.....l..._\n_K...gg.....l..._\n_B12.gg..k..l..._\n_....gg.....l..._\n_....gg.....l..._\n_....gg.G10.l..._\n_....gg.....l..._\n_....gg.....lF13_\n_....gg.....l..._\n_....gg.....lL14_\n_________________
LEVEL:26:__________\n_.ssss.s._\n_..ss.fv._\n_...as.v._\n_.F12.A.._\n_.....1.._\n_.....3.._\n_.ggg...._\n_.s......_\n__________
LEVEL:27:__________\n_glF13S12_\n_gksgggVV_\n_ggrrrrV2_\n_vggkgkVr_\n_vvgvvvVr_\n_vvvvvlVl_\n_vvvvvlVl_\n_vvvvl.fl_\n__________
LEVEL:28:__________\n_B12..VGF_\n_S.....1._\n_1.b.s35f_\n_4...sss._\n_........_\n_gggggggg_\n_...vv..._\n_........_\n__________
LEVEL:29:__________\n_V.2a..12_\n_B12avF.._\n_bv.a...._\n_aaaaaaaa_\n_...a...._\n_..2a.A.._\n_A16a1..._\n_.1.a2f3._\n__________
LEVEL:30:__________\n_K17....._\n_......O._\n_k.vwww.._\n_...wow.k_\n_...www.._\n_KV..W16._\n_11.O1.3._\n_42..k..._\n__________
LEVEL:31:___________________\n_B12w...ag...wG10._\n_wwww...gg...wW16._\n_..13...ga...wwwww_\n_.V15..agga......._\n_.R...araga.a....._\n_.....a.ggaaa....._\n_ggggggggaaaav...._\n_.v....agga......._\n_....b..aga......._\n_......agga......._\n___________________
LEVEL:32:__________\n_b.....f._\n_.....V12_\n_........_\n_F13....._\n_........_\n_........_\n_....v..._\n_........_\n__________
LEVEL:33:__________\n_........_\n_...bV12._\n_........_\n_........_\n_.B13...._\n_........_\n_........_\n_...vv..._\n__________
LEVEL:34:__________\n_...V13.._\n_v......._\n_........_\n_......b._\n_....B12._\n_........_\n_..V15..._\n_........_\n__________
LEVEL:35:__________\n_..F1.3.._\n_llllllll_\n_..L14..._\n_........_\n_........_\n_........_\n_........_\n_bB12...f_\n__________
LEVEL:36:__________\n_B12.F13._\n_........_\n_...sss.._\n_.b.sfs.._\n_...s...._\n_...s...._\n_........_\n_........_\n__________
LEVEL:37:__________\n_s..S..a._\n_k.o....l_\n_.g....b._\n_L.g..b.w_\n_g.s..fs._\n_....B..l_\n_b...1r.._\n_G13.2b.._\n__________
LEVEL:38:__________\n_.Rrbll.f_\n_L18.lll._\n_.5..ll.r_\n_..r.ll.1_\n_..r.ll.l_\n_.F..ll.B_\n_B19.ll.1_\n_r3r....2_\n__________
LEVEL:39:__________\n_A.2...bg_\n_1.G.3.a._\n_wwg1W16._\n_..12B12b_\n_........_\n_........_\n_........_\n_........_\n__________
LEVEL:40:__________\n_b..lsllf_\n_...lslll_\n_.S.lslll_\n_L18lslll_\n_.6.ls..._\n_F......._\n_1......._\n_3.B12..._\n__________
LEVEL:41:____________________\n_llllllff........L._\n_lgggglff........1._\n_lbggglff........5._\n_lg..glff.........._\n_lG15glff.........._\n_llllllff.........._\n_ffffwww..........._\n_ffff.............._\n_.................._\n_.........F.3......_\n_..B12.....1......._\n_.................._\n_.........k........_\n_....K12..........._\n_.................._\n_.................._\n_................7._\n_.................._\n____________________
LEVEL:42:__________\n_f.k.k.kk_\n_.B12F13._\n_k......k_\n_...b...._\n_k......k_\n_........_\n_k......k_\n_.K14K17._\n__________
LEVEL:43:__________\n_ffffffff_\n_W16....._\n_Bk......_\n_1.k...k._\n_2...k..._\n_w..wwwww_\n_...k...._\n_Kk.....k_\n_1k...k.._\n_7......._\n_w..wwwww_\n_........_\n_F13...k._\n_K..k...._\n_1......._\n_4...kk.b_\n__________
LEVEL:44:__________\n_FWwwwwww_\n_11wb.fww_\n_36wwwwww_\n_G10wgkww_\n_wwwwwwww_\n_wBKwwwww_\n_w11wwwww_\n_b2.kwwww_\n__________
LEVEL:45:___________\n_.F.w..V.._\n_o1.w.o1.._\n_.4.w.o2.o_\n_wwww.o..._\n_.ov...oWw_\n_.ov.o..1w_\n_..o.O186w_\n_foo..wF13_\n___________
LEVEL:46:____________________\n_W........wwwwwwwww_\n_1wwwwwwwww......Kw_\n_6wK17ooowwR1.O.81w_\n_Kwkooo3oww..3.1.9w_\n_1wkoooooww.......w_\n_4wo1kbkowwaaaaw.ww_\n_Awooooooww.....ww._\n_1woooooowwb..w..w._\n_9wwwwwwwwww.sw.ww._\n_Awwwwwwwwwwwlwwww._\n_1wb.....ww......w._\n_4wwwww.www.b.R..w._\n_Sw......ww.r.1..w._\n_1ww.wwwwww...5L.w._\n_4wrrrrrrww....1.w._\n_Bwrrfrrrww....8.w._\n_1wwwwwwwwwwwwwwww._\n_9R19F13L18R14B12.._\n____________________
LEVEL:47:______\n_fr.b_\n_F13w_\n_gggg_\n_wwww_\n_F17w_\n_R15w_\n_G10W_\n_B121_\n_W16W_\n______
LEVEL:48:__________\n_WSLlllll_\n_111llllk_\n_556llK12_\n_lllllB17_\n_lllllK1._\n_lllkklll_\n_lllwwlll_\n_FllssllF_\n_1......1_\n_3......3_\n_f......f_\n_........_\n_........_\n_oooggooo_\n_..o..o.._\n_GBo..oOS_\n_11ob.o11_\n_89o..o58_\n__________
LEVEL:49:____________________\n_Wwvvvvvvvfvvvvvvvv_\n_1wvvvvvvv.vvvvvvvv_\n_6wvvvvvvv.vvvvvvvv_\n_Fwvvvvvvv.vvvvvvvv_\n_1wvvvvvvv.vvvvvvvv_\n_3wvvvvvvvvvvvvvvvv_\n_Vwvvvvvvvvvvvvvvvv_\n_1wvvvvvvvvvvvvvvvv_\n_4wvvvvvvvvvvvvvvvv_\n_wwvvvvvvvvvvvvvvvv_\n_..............s..._\n_......r.r.....sS.._\n_...b..rrr.....s1.._\n_..B12..R......s4.._\n_.......1......s..._\n_.......5..O1O.s..._\n_..............w..._\n_..............w..._\n____________________
LEVEL:50:_______\n_bB12._\n_...F._\n_.fR15_\n_...3._\n_.r..._\n_______
LEVEL:51:________\n_rrrrrr_\n_rrrrrr_\n_rrbrrr_\n_rr.rRr_\n_r..B12_\n_r.3.6._\n________
LEVEL:52:____________\n_v......V12_\n_...f.....F_\n_.R.....b.1_\n_B12......3_\n_...S.S14.._\n____________
LEVEL:53:__________\n_bB1...2._\n_..fR1SF._\n_1...31s._\n_3.r..2.1_\n__________
LEVEL:54:_________\n_......._\n_....b.._\n_....s.._\n_......F_\n_.B12..1_\n_......3_\n_...S121_\n_________
LEVEL:55:____________\n_.........._\n_.b..S....._\n_.....712.._\n_.....O...._\n_.B........_\n_...b.....F_\n_.........1_\n_GokK12...3_\n_V......B1._\n_r........R_\n____________
LEVEL:56:________\n_......_\n_.b...._\n_......_\n_......_\n_.S...._\n_.1...._\n_.BB123_\n_.s...3_\n________
LEVEL:57:____________\n_B1.B.....B_\n_R1.......1_\n_..5....S12_\n_.........._\n_.r.....b.._\n_...L......_\n_......1..F_\n_..f......1_\n_......s..4_\n_F13......._\n____________
LEVEL:58:_______\n_F.B12_\n_1b..._\n_3...f_\n_..k.._\n_K17.._\n_______
LEVEL:59:____________\n_B12w.....S_\n_K12w.....1_\n_F16w....7._\n_wwww......_\n_G1........_\n_1.....s..._\n_.0.3.sbs.._\n_g.....s..g_\n_gg......gg_\n_ggg....ggg_\n____________
LEVEL:60:____________\n_B12......S_\n_Br.......1_\n_R..f.....F_\n_.........1_\n_G1.......3_\n_1.....s.f._\n_.0.3.sbs.F_\n_g.....s..g_\n_gg..13..gg_\n_ggg....ggg_\n____________
LEVEL:61:_________\n_.....B8_\n_......._\n_...R..._\n_..o1..._\n_......._\n_....B.._\n_......._\n_....rs._\n_..1SF.._\n_fB31s.._\n_F112o.._\n_......._\n_________
LEVEL:62:________\n_......_\n_......_\n_......_\n_......_\n_......_\n_......_\n_..B..._\n_..1..._\n_..2F13_\n_..b..._\n_......_\n_......_\n_f.F15._\n_......_\n_......_\n________
LEVEL:63:_____________\n_.....2....._\n_.b...F....._\n_....w.712.._\n_.B....O...._\n_....S.....F_\n_........S.1_\n_.....K12..._\n_.b.W......._\n_........s.._\n_.....B12s3k_\n_..........k_\n_____________
LEVEL:64:_________\n_Fw.f.wB_\n_1w...w1_\n_3wwwww2_\n_......._\n_..W16.._\n_......._\n_...b..._\n_________
LEVEL:65:____________\n_B13......F_\n_....f....1_\n_rrrR1Rrrr2_\n_........b._\n____________
LEVEL:66:____________\n_F13wwwwK14_\n_w.o.okofow_\n_wo.o.o.o.w_\n_wko.o.o.ow_\n_wo.o.o.o.w_\n_w.o.o.o.ow_\n_wo.o.o.okw_\n_w.o.o.o.ow_\n_wo.obo.o.w_\n_K17wwwwB12_\n____________
LEVEL:67:____________\n_.........._\n_llllllll.._\n_.....r...._\n_.........._\n_..b..r...._\n_.........._\n_gggggggg.._\n_W13..G17.._\n_.........._\n_B12......._\n____________
LEVEL:68:___________\n_B12w....._\n_wwww.brk._\n_.R......._\n_........._\n_ggggggggg_\n_.1......._\n_.5......._\n_........._\n_.K......._\n_........._\n_ggggggggg_\n_........._\n_......ooo_\n_wwww..ofo_\n_W16w..ooo_\n_G10w..F13_\n___________
LEVEL:69:__________\n_k....b.._\n_w....o.o_\n_sB123ggg_\n_.fR.oo.o_\n_.....bg._\n_.r..f..._\n_.s.bs..k_\n_..sg.www_\n__________
LEVEL:70:__________\n_...12..._\n_...r.ooo_\n_2...B11O_\n_......31_\n_s2.3...2_\n_........_\n_..R1..F1_\n_.....S14_\n__________
LEVEL:71:_______________\n_.l..gL16g..l._\n_.l..ggggg..l._\n_............._\n_............._\n_..l.......l.._\n_..l.......l.._\n_3....G10....3_\n_..l.......l.._\n_..l.......l.._\n_............._\n_............._\n_.l..ggggg..l._\n_.l..gL12g..l._\n_______________
LEVEL:72:__________\n_.kSFr..._\n_vbR1Sbb._\n_g..31skB_\n_r...2so8_\n_bss...a4_\n_FR...aa._\n_S1o....w_\n_W6R11oof_\n__________
LEVEL:73:__________\n_........_\n_....V12._\n_........_\n_........_\n_F.v.v..._\n_1..v...._\n_3......._\n_....f..._\n__________
LEVEL:74:__________\n_........_\n_....V12._\n_..v.v..._\n_..vvv..._\n_F.v.v..._\n_1..v...._\n_3......._\n_....f..._\n__________
LEVEL:75:__________\n_.....B12_\n_.W.14..._\n_.1wwwww._\n_.6wf..w._\n_..w..kw._\n_F.wwwww._\n_1......._\n_3...bK17_\n__________
LEVEL:76:____________\n_K..w.kwK14_\n_1...okkfow_\n_7...B12o.w_\n_s.k......._\n_.....R...._\n_w.www..W16_\n_w........._\n_..b...r..k_\n_w........._\n_..kwwwF13._\n____________
LEVEL:77:____________\n_K.kw.kwK14_\n_1...okkfo._\n_7.o.A12o.w_\n_s.2..r.o.._\n_.....R...._\n_w.www..W16_\n_w...o..o.._\n_..b...rbak_\n_w...5...o._\n_b.fwwwF13._\n____________
LEVEL:78:__________\n_...12..._\n_...rg1.._\n_........_\n_.s..wk2g_\n_F12.V7f._\n_w.F.v..._\n_3R25K..._\n_..v....._\n__________
LEVEL:79:__________\n_W16..R15_\n_.....R13_\n_..R....._\n_B1B12.ww_\n_......wr_\n_......ww_\n_........_\n_b....R19_\n__________
LEVEL:80:__________\n_W16..R15_\n_.....R13_\n_..R....._\n_B1B12.ww_\n_......wr_\n_......ww_\n_...R...._\n_bB1..R19_\n__________
LEVEL:81:__________\n_B1B....f_\n_1......._\n_2......._\n_........_\n_........_\n_.......F_\n_.......1_\n_b......3_\n__________
LEVEL:82:__________\n_V1V....B_\n_.......1_\n_V1.....2_\n_..F....._\n_........_\n_........_\n_........_\n_bv....7F_\n_.......1_\n_.......3_\n_wwwwwwww_\n_.v....W._\n_......1._\n_f.....6._\n__________
LEVEL:83:__________\n_B12..F13_\n_........_\n_........_\n_........_\n_.b....f._\n_........_\n_........_\n_........_\n__________
LEVEL:84:__________\n_.K14.B12_\n_.fow...._\n_2o.w...3_\n_..1.W..w_\n_..4...k._\n_....rr.._\n_........_\n_....bK17_\n__________
LEVEL:85:__________\n_l......._\n_...b...._\n_L1B....._\n_..1....._\n_..2F...._\n_.b.bB1Br_\n_........_\n_.f....13_\n__________
LEVEL:86:__________\n_bF132..G_\n_....g1.1_\n_..B12AO._\n_.RF13wwr_\n_a12....._\n_o.....WF_\n_......F1_\n_.....f.._\n__________
LEVEL:87:__________\n_W16w..s._\n_...wF..._\n_...w1..._\n_...w3..._\n_r..w...._\n_...wR.b._\n_S14wB12._\n_.1Fw...r_\n__________
LEVEL:88:__________\n_W16w..s._\n_.14wF..._\n_F..w1..._\n_...w3..._\n_..rw...._\n_...wR.b._\n_S14wB12._\n_.1Fw...r_\n__________
LEVEL:89:__________\n_........_\n_WW..W16._\n_11b.B12._\n_9W......_\n_........_\n_FL...www_\n_11...wll_\n_38...wlf_\n__________
LEVEL:90:________________\n_K17..........._\n_1....3........_\n_.4w.k...Ww...._\n_..l.....1....._\n_..lw.k.76Ww..._\n_..l..........._\n_lllllllll....._\n_......ll......_\n_.............._\n_b............._\n_L14........B12_\n________________
LEVEL:91:__________\n_...K.3.._\n_.f.k...._\n_kkkk...._\n_...kgkkk_\n_........_\n_G10...b._\n_.....B12_\n_K14..F13_\n__________
LEVEL:92:__________\n_.....b.s_\n_FBs....s_\n_f13....s_\n_.2..rrrr_\n_...r...._\n_...r.RF._\n_...r.11._\n_S14r.5.._\n__________
LEVEL:93:__________\n_.B1..ww._\n_s..S...f_\n_.w1ww4.._\n_.w.SF..1_\n_1.4.Bw.4_\n_3bww3w.._\n_.......s_\n_.W12.s.._\n__________
LEVEL:94:__________\n_........_\n_B12....._\n_S16....._\n_K13.b..._\n_G16....._\n_F16..v.v_\n_.....vsv_\n_V16..vkf_\n__________
LEVEL:95:___________\n_s...f...s_\n_.k.....k._\n_..k...k.._\n_...k.k..._\n_....k...._\n_....S14.._\n_........._\n_K17...K14_\n_B12.b.F13_\n___________
LEVEL:96:__________\n_.B1.sF13_\n_S142s..._\n_...fs..._\n_sssss..._\n_........_\n_.....17._\n_.B12..b._\n_........_\n__________
LEVEL:97:_________\n_....F13_\n_......._\n_..K...._\n_..1...._\n_.f2...._\n_......._\n_k......_\n_________
LEVEL:98:__________\n_........_\n_...F13.._\n_........_\n_.......v_\n_B.....a._\n_1......._\n_2..O...._\n_..k.fb.S_\n__________
LEVEL:99:__________\n_B12.gggf_\n_F13agggg_\n_R15.gggg_\n_G10.gggg_\n_.a......_\n_..r..rr._\n_..rrrrrr_\n_b..rr..._\n__________
LEVEL:100:__________\n_........_\n_........_\n_.B...k.._\n_1......._\n_wwwvwwww_\n_.b......_\n_........_\n_.....3.._\n_...K...._\n_....1..._\n_..7....._\n_........_\n_.......V_\n_.......1_\n_B12..W14_\n__________
LEVEL:101:__________\n_....B12b_\n_....b..._\n_.......F_\n_...1...1_\n_......12_\n_........_\n_gb...f.._\n_g......._\n_g1..Rr.._\n_gfRf12.k_\n_G.f36..._\n_.b.15..F_\n_G.f....1_\n_.......4_\n_K13....._\n__________
LEVEL:102:__________\n_........_\n_........_\n_.bf....._\n_......B._\n_......1._\n_.F13..2._\n_........_\n_........_\n__________
LEVEL:103:___________\n_oLoLBLoLo_\n_o1o111o1o_\n_w8w828w8w_\n_ooo131ooo_\n_L18oboooo_\n_oooowoOoo_\n_L18oWoL18_\n_oooo1oooo_\n_L14o6oo1L_\n___________
LEVEL:104:_______________\n_B12wwW16.F.13_\n_K14ww.......k_\n_1bG.w.....k.._\n_7.1ww.w.....k_\n_f.4ww.....k.._\n_gggww..k....._\n_gggwwk......._\n_gggww..k....._\n_gggwwk......._\n_k..www..k...k_\n_..k..www..k.._\n_k......w...kw_\n_wwwwww...wwww_\n_______________
LEVEL:105:___________\n_B19L18F13_\n_1wwwwwwwW_\n_2w..b..w1_\n_ww.....w6_\n_..A....wA_\n_a.1.a..w1_\n_...5...w9_\n_.llllllll_\n_.llllllll_\n_.....l..._\n_.V1.vl.f._\n_.1...l..._\n_..2.lllll_\n___________
LEVEL:106:__________\n_.f......_\n_........_\n_kkkkkgkk_\n_B12....._\n_........_\n_G10....._\n_..F13..._\n_......b._\n__________
LEVEL:107:__________\n_.....L14_\n_.llK14wF_\n_.Wrb...1_\n_.ww....3_\n_.ww....._\n_.R1....._\n_........_\n_.1F..B12_\n__________
LEVEL:108:__________\n_b....V.B_\n_.....1.1_\n_..3..9.2_\n_.F...s.._\n_S14sss.._\n_........_\n_........_\n_....f..k_\n__________
LEVEL:109:______________\n_l.bFk...l..._\n_l.B12...l..._\n_l.k42....l.._\n_ll...R..rl2._\n_.1l......l.._\n_..llKl.lll.._\n_.k..1......._\n_....8.f..4.._\n_..2........._\n_..F1.9..K12._\n_...3........_\n_............_\n______________
LEVEL:110:__________\n_B12...fO_\n_...3...._\n_.b......_\n_F......o_\n_1......l_\n_L1......_\n_3......._\n_........_\n__________
LEVEL:111:__________\n_.2......_\n_S..b...._\n_..B....._\n_ww1....._\n_W1......_\n_.F12ss.._\n_....B123_\n_.f.....3_\n__________
LEVEL:112:__________\n_b....F13_\n_l..W16.._\n_llwlllll_\n_.....V.._\n_gggG..12_\n_v.g1.L18_\n_f.g0...._\n_ggg..B12_\n__________
LEVEL:113:______\n_...._\n_.r.._\n_...f_\n_R12._\n_..F._\n_..1._\n_..3._\n_...._\n_...._\n______
LEVEL:114:___________\n_B12aab..._\n_.......A._\n_.......1._\n_F13....7._\n_ggggggggg_\n_ggwwwwwgg_\n_www.f.www_\n_W16.k.G14_\n___________
LEVEL:115:__________\n_........_\n_........_\n_..F12..._\n_........_\n_....31A._\n_fff....._\n_..f....._\n_a.f....._\n__________
LEVEL:116:__________\n_........_\n_.......o_\n_..f....._\n_........_\n_...K13.._\n_.r.g..B._\n_..w...1._\n_...b..2k_\n__________
LEVEL:117:__________\n_B1.awB12_\n_f.o..12._\n_b....rg1_\n_1......._\n_3..Rrr.5_\n_....r..l_\n_g7.w.Ar._\n_K2.k..or_\n__________
LEVEL:118:__________\n_B12..F13_\n_1......._\n_9......._\n_..rb.9.._\n_........_\n_..R..5.._\n_..1....v_\n_V18...vf_\n__________
LEVEL:119:__________\n_b......B_\n_..1.R..1_\n_.R...5.2_\n_........_\n_.0.rrr.._\n_gggggggg_\n_gg...G10_\n_fg...F13_\n__________
LEVEL:120:__________\n_........_\n_S12.B..._\n_S..1..2._\n_........_\n_K.....s._\n_...b...._\n_........_\n_3......._\n__________
LEVEL:121:__________\n_........_\n_.b......_\n_..B....._\n_..1....._\n_..2....._\n_..3....._\n_.Ss....._\n_........_\n__________
LEVEL:122:__________\n_b......._\n_........_\n_...f...._\n_B......._\n_1......._\n_2......._\n_l......._\n_ff.lF13._\n__________
LEVEL:123:__________\n_....B12._\n_....F13._\n_k.b....._\n_....K1.._\n_....fR.._\n_........_\n_........_\n_....r..._\n__________
LEVEL:124:__________\n_........_\n_...b...._\n_........_\n_........_\n_..B...F._\n_..1...1._\n_..2...3._\n_........_\n_........_\n_.......f_\n_........_\n__________
LEVEL:125:__________\n_........_\n_b......._\n_........_\n_...r...._\n_..R12..._\n_.....F.f_\n_.....1.._\n_.....3.._\n__________
LEVEL:126:__________\n_..B12..._\n_........_\n_....F..._\n_..fR15.._\n_b...3..._\n_........_\n_........_\n_..r....._\n__________
LEVEL:127:__________\n_F13....._\n_........_\n_........_\n_.b......_\n_........_\n_...B12.._\n_........_\n_f......._\n__________
LEVEL:128:__________\n_....LLLr_\n_1...LLL._\n_F......._\n_.......F_\n_.......1_\n_.......3_\n_..Rb...._\n_.....B12_\n__________
LEVEL:129:__________\n_......13_\n_..W16..._\n_...B1B.._\n_..B1...._\n_..12...._\n_wwb....._\n_........_\n_........_\n__________
LEVEL:130:_______________\n_......w......_\n_......r..R15._\n_..g.ggr.w...._\n_..g...r...w.._\n_g.rrr.rrk...._\n_.....rK14...._\n_.r.w...r..k.._\n_..r.w.r..ggrg_\n_.bwwwwr.W16r._\n_.wr.rrrwr..k._\n_.w...gw.r..k._\n_.w.f.g..r...._\n_.wr.....r...._\n_B12G10..r.F13_\n_______________
LEVEL:131:_______________\n_......w......_\n_......r..R15._\n_..g.ggr.w...._\n_..g...r...w3._\n_g.rrr.rrk...._\n_.....rK14...._\n_.r.w...r..k.._\n_..r.w.r..ggrg_\n_.bwwwwr.W16r._\n_.wr.rrrwr..k._\n_.w...gw.r..k._\n_.w.f.g..r...._\n_.wr.....r...._\n_B12G10..r.F13_\n_______________
LEVEL:132:__________\n_.......f_\n_........_\n_.k......_\n_..k....._\n_b..k...._\n_.....F13_\n_B12....._\n_........_\n__________
LEVEL:133:__________\n_........_\n_........_\n_llllllll_\n_L.....B._\n_1...b.1._\n_8.....9._\n_........_\n_B12..F13_\n__________
LEVEL:134:_______________\n_b........wF19_\n_G.R.B.R.SwV18_\n_1.R.1.1.1wV17_\n_6.R.2.5.6wF13_\n_...r.r...wW16_\n_.........wG1G_\n_....g....wS1S_\n_wwwwswwwwwwww_\n_vg..f..svw..._\n_______________
LEVEL:135:__________\n_......F._\n_f......o_\n_..b....f_\n_......R._\n_.r....11_\n_.1OB12.._\n_1..b...._\n_3......._\n__________
LEVEL:136:__________\n_........_\n_b.....b._\n_.....b.._\n_...r...._\n_..R12..._\n_.....F.f_\n_.b...1.._\n_.....3.._\n__________
LEVEL:137:__________\n_F13....._\n_........_\n_........_\n_.b......_\n_........_\n_.....B12_\n_........_\n_f......._\n__________
LEVEL:138:__________\n_......BF_\n_.b....11_\n_....R.23_\n_1..5.r.._\n_.....r.._\n_gggggggg_\n_gggggggg_\n_gggggfgg_\n__________
LEVEL:139:__________\n_V.2a..12_\n_B12avF.._\n_bv.a...._\n_aaaaaaaa_\n_...a...._\n_r.Ra.A.._\n_A16a1..._\n_A1032f3._\n__________
LEVEL:140:__________\n_F13....f_\n_....llV._\n_....ll1l_\n_....ll2l_\n_...lll.l_\n_...lllll_\n_.v......_\n_........_\n__________
LEVEL:141:__________\n_........_\n_F12....._\n_....3..._\n_....V1.._\n_........_\n_........_\n_...f.l.v_\n_.....l.._\n__________
LEVEL:142:__________\n_....w.b._\n_....w..w_\n_B13.w.ww_\n_........_\n_F12.fff._\n_........_\n_....W15._\n_........_\n__________
LEVEL:143:__________\n_G......._\n_1..L14.._\n_0......F_\n_.......1_\n_.b.....3_\n_ggg....._\n_llg.B12._\n_fl......_\n__________
LEVEL:144:__________\n_bB1...2._\n_..fR1SF._\n_1...31s._\n_3.s..2.1_\n__________
LEVEL:145:__________\n_......wf_\n_W15..w.._\n_.....w.w_\n_.B12w.w._\n_.....w.._\n_...b..ww_\n_F13...w._\n_......w._\n__________
LEVEL:146:____________\n_A18wa....._\n_B19ww..a.._\n_1ssswa..a._\n_2K13wV13a._\n_wwwww..a.._\n_aaaaa...a._\n_a....aaVav_\n_..aa.aa1av_\n_a.ba.a.8av_\n_aaaa...akv_\n____________
LEVEL:147:__________\n_...w..w._\n_..w.fw.._\n_V12..v.w_\n_....w.w._\n_..ww...w_\n_F13.w.v._\n_.b.v...._\n_....W15._\n__________
LEVEL:148:__________\n_.....w.._\n_F13v...._\n_..V1..w._\n_.b..2..._\n_.W15...w_\n_.w...w.._\n_....w..._\n_B12.w.f._\n__________
LEVEL:149:__________\n_fwwwwwGF_\n_ggwwww11_\n_ggrwww03_\n_g...wwwW_\n_r....ww1_\n_.W19.R16_\n_.O18.1ww_\n_bB12b5.w_\n__________
LEVEL:150:__________\n_.......4_\n_.b..v.gb_\n_..lBOrv._\n_O131..F._\n_.sf2..f._\n_..w...bl_\n_...g.v.._\n_A.of.f.9_\n__________
LEVEL:151:__________\n_.B......_\n_.1..F13O_\n_.2bR...._\n_........_\n_......a._\n_........_\n_........_\n_...f...._\n__________
LEVEL:152:____________________\n_BWw..............._\n_11w.....G10......._\n_26w..wwwwwwww....._\n_www..woooooow....._\n_.....wooR15ow....._\n_.....woooooow....._\n_.....woborrow....._\n_.....woooooow....._\n_..wwwwwggggwwwww.._\n_..w............w.._\n_..w............w.._\n_..w............w.._\n_..wggg.........w.._\n_..wggg.....F13.w.._\n_..wfgg.........w.._\n_..wwwwwwwwwwwwww.._\n_.................._\n_.................._\n____________________
LEVEL:153:__________\n_L1.....O_\n_1......1_\n_8......9_\n_........_\n_F15.V12._\n_w.l.Kv.._\n_3.2.V..k_\n_.......k_\n__________
LEVEL:154:__________\n_B1gg..kb_\n_...v...._\n_......f3_\n_a3V12..._\n_........_\n_.g......_\n_K1.G...._\n_B1...F13_\n__________
LEVEL:155:__________\n_B12..G10_\n_...f...._\n_........_\n_gggggggg_\n_b......._\n_.....r.._\n_........_\n_F13..R15_\n__________
LEVEL:156:__________\n_.R.bll.f_\n_L18.lll._\n_.5..ll.r_\n_..r.ll.1_\n_..r.ll.l_\n_.F..ll.B_\n_B19.ll.1_\n_.3.....2_\n__________
LEVEL:157:__________\n_V12.r..._\n_R.rr2rw._\n_1r....wg_\n_4.ggrrwv_\n_gggF13aa_\n_r.gggggg_\n_a..rarar_\n_fargrara_\n__________
LEVEL:158:__________\n_B12..G10_\n_........_\n_gg..b.1._\n_Fgsr.r5._\n_.gsr.R.._\n_.gs....._\n_.gssss.._\n_.13S141F_\n__________
LEVEL:159:__________\n_B12..G10_\n_sss....._\n_gg..b.1._\n_Fgsr.r5._\n_.gsr.R.._\n_.gs....._\n_.gssss.._\n_.13S141F_\n__________
LEVEL:160:__________\n_kBK.w.b._\n_..1ww..._\n_..2w...._\n_wwww..V._\n_......1._\n_......3._\n_W18....._\n_.....B19_\n__________
LEVEL:161:__________\n_BK13gggG_\n_1rrrggR1_\n_2rbrgR16_\n_.rrrgg7g_\n_.ggggrgg_\n_.ggggggg_\n_.g..rggr_\n_.r.r.r.k_\n__________
LEVEL:162:__________\n_bwawaB12_\n_wawawawa_\n_awawawaw_\n_wawawawa_\n_awawawaw_\n_wawawawa_\n_awawawaw_\n_F13awawf_\n__________
LEVEL:163:__________\n_........_\n_.aaaaa.1_\n_.aabaa.3_\n_.aaaaa.._\n_........_\n_.A......_\n_.1......_\n_.2...B12_\n__________
LEVEL:164:__________\n_KRg...rs_\n_11.g..rr_\n_45.gg..._\n_.B13g..._\n_....wS12_\n_L...l..._\n_1.kkl.k._\n_0b.ll.k._\n__________
LEVEL:165:__________\n_VB12...3_\n_1o..o..._\n_4o..vK16_\n_oo.o...._\n_vobo.kk._\n_..o....._\n_..v..v.._\n_........_\n__________
LEVEL:166:__________\n_wfkwwwww_\n_lwwlwwlw_\n_sllsllsl_\n_.s......_\n_....b.s._\n_W16F13.._\n_..B19S14_\n_L18..B12_\n__________
LEVEL:167:__________\n_kk.k.kkk_\n_llo..o.k_\n_.lo..o.k_\n_.loooo.k_\n_.llll..k_\n_..looooo_\n_..lollll_\n_..lollll_\n_....llll_\n_........_\n_........_\n_L16....._\n_........_\n_........_\n_BK13...._\n_1......._\n_2.K17..._\n_b......._\n__________
LEVEL:168:_____________\n_..wwB12ww.._\n_..........._\n_..wwrwrww.._\n_..w.....w.._\n_W.Rw.b.wR.B_\n_1.w.....w.1_\n_6.w.....w.2_\n_w.w.......w_\n_w1.ww.ww.1w_\n_.........3._\n_..wwR15w..._\n_____________
LEVEL:169:_____________\n_B12F13fL17._\n_..........._\n_l.l.ll.ll.._\n_..........._\n_l.l..l..l.._\n_l..l..l...._\n_.l.....l.l._\n_ll.l.l.l..l_\n_..........._\n_..........._\n_b...B19.L18_\n_____________
LEVEL:170:__________\n_..b....._\n_B12.www._\n_K1.w.k.w_\n_...w...w_\n_....w.wF_\n_....wfw1_\n_.....w.3_\n_W17....._\n__________
LEVEL:171:_____________\n_B12S14F13ww_\n_S17O14W16bw_\n_wwwwwwwww.w_\n_wwwwww..osw_\n_wwwww..os.w_\n_wwww...so.w_\n_www...so..w_\n_ww.....so.w_\n_w......os.w_\n_........osw_\n_.......os.w_\n_w......so.w_\n_ww....so..w_\n_www....so.w_\n_wwww...os.w_\n_wwwww...osw_\n_wwwwww.os.w_\n_wwwwwwwwwfw_\n_____________
LEVEL:172:____________________\n_S16.........wwww.._\n_............wBFw.._\n_............w11w.._\n_............w23w.._\n_............wwww.._\n_...wwwwwwwww......_\n_...wosooooow......_\n_...wooooooow......_\n_...wooobosow......_\n_...wsooooosw......_\n_...woosoooow......_\n_...wwwwwwwww......_\n_.................._\n_.......f.........._\n_.................._\n_.................._\n_.................._\n_.................._\n____________________
LEVEL:173:__________\n_B12oo.b._\n_ooooo.F._\n_sosoo.1._\n_ofooo.3._\n_sosoo..._\n_oooooooo_\n_ooooO14o_\n_oooooooo_\n__________
LEVEL:174:____________________\n_wwowwf....Kwbwwow._\n_wB12wwF13.1w.wooWw_\n_wwbww.o.oA12.oo.1w_\n_LRwwV....o3o.wwo6r_\n_11.Br1......kwwwwg_\n_451.3..llll..wwwgg_\n_..4lwgwlllllllwwwg_\n_llllwvwllllllwK17w_\n____________________
LEVEL:175:__________\n_bsfgalro_\n_kwoBSFWA_\n_ROKGV213_\n_6750489w_\n_w.....ww_\n_w.wwwwWw_\n_w...vw1w_\n_B12V136w_\n__________
LEVEL:176:____________________\n_W........wwwwwwwww_\n_1wwwwwwwww......Kw_\n_6woooooowwR1.O.81w_\n_Kwooo3koww..3.1.9w_\n_1wkoooooww.......w_\n_4wo1kbkowwaaaaw.ww_\n_Awooooooww....oww._\n_1wK17ooowwb..woow._\n_9wwwwwwwwww.swoww._\n_Awwwwwwwwwwwlwwww._\n_1wb.....ww......w._\n_4wwwww.www.b.R..w._\n_Sw......ww.r.1..w._\n_1ww.wwwwww...5L.w._\n_4wrrrrrrww....1.w._\n_Bwrrfrrrww....8.w._\n_1wwwwwwwwwwwwwwww._\n_9R19F13L18R14B12.._\n____________________
LEVEL:177:__________\n_........_\n_S2..B12._\n_w...s..._\n_...7wooo_\n_.1.vooVo_\n_.3vbW1.6_\n_...voo2o_\n_V14.oO16_\n__________
LEVEL:178:____________________\n_WR1R.....wwwwwwwww_\n_1wwwwwwwww......Kw_\n_6wK17ooowwR1.O.81w_\n_Kwkooo3oww..3.1.9w_\n_1wkoooooww.......w_\n_4wo1kbkowwaaaaw.ww_\n_Awooooooww.....ww._\n_1woooooowwb..w..w._\n_9wwwwwwwwww.sw.ww._\n_Awwwwwwwwwwwlwwww._\n_1wb.....ww......w._\n_4wwwww.www.b.R..w._\n_Sw......ww.r.1..w._\n_1ww.wwwwww...5L.w._\n_4wrrrrrrww....1.w._\n_Bwrrfrrrww....8.w._\n_1wwwwwwwwwwwwwwww._\n_9R19F13L18R14B12.._\n____________________
LEVEL:179:__________\n_KF13K1K._\n_1f......_\n_4.wwwwwk_\n_B.wK1b.._\n_1.waA.6._\n_2WwvV.2._\n_w1wgG.0._\n_w6wlL.8._\n__________
LEVEL:180:____________________\n_S14W16...........V_\n_B12V18ww.........1_\n_G14S19..w........5_\n_.w.w..ww.........._\n_...www............_\n_.................._\n_.................._\n_....wwwwsw........_\n_...w.vb..w........_\n_..w..b...w........_\n_...w..b..w........_\n_....wwwwww........_\n_.................._\n_...O15........gggg_\n_...F13....gggggggg_\n_.........gggoooooo_\n_......ggggggoooooo_\n_..ggggggggggooooof_\n____________________
LEVEL:181:____________\n_L.kwB..K1r_\n_w.r..3.fos_\n_wS1.....s1_\n_g.r.W1..s4_\n_W.b......._\n_kk..rb.ff5_\n_9.B12....G_\n_.b.f.swgw1_\n_g.o...oO.0_\n_v.wwoRF1.f_\n____________
LEVEL:182:__________\n_K14....._\n_1k..k..._\n_.boL..k._\n_.A15..aa_\n_.b....b._\n_k...F.k._\n_..k.1..._\n_B12.lf13_\n__________
LEVEL:183:____________________\n_Wwvvvvvvvfvvvvvvvv_\n_1wvvvvvvv.vvvvvvvv_\n_6wvvvvvvv.vvvvvvvv_\n_Fwvvvvvvv.vvvvvvvv_\n_1wvvvvvvv.vvvvvvvv_\n_3wvvvvvvvvvvvvvvvv_\n_Vwvvvvvvvvvvvvvvvv_\n_1wvvvvvvvvvvvvvvvv_\n_4wvvvvvvvvvvvvvvvv_\n_wwvvvvvvvvvvwwwwww_\n_............r....._\n_............rRK.B._\n_...b..sss...r11.1._\n_..B12..S....r457.._\n_..B12..1....r....._\n_.......5....kw...._\n_.O1O........ww...._\n_............w....._\n____________________
BATCH:-1:0:0
BATCH:-1:1:1
BATCH:-1:2:2
BATCH:-1:3:3
BATCH:-1:4:4
BATCH:-1:5:5
BATCH:-1:6:6
BATCH:-1:7:7
BATCH:-1:8:8
BATCH:-1:9:9
BATCH:-1:10:10
BATCH:-1:11:11
BATCH:-1:12:12
BATCH:-1:13:13
BATCH:-1:14:14
BATCH:-1:15:15
BATCH:-1:16:16
BATCH:-1:17:17
BATCH:-1:18:18
BATCH:-1:19:19
BATCH:-1:20:20
BATCH:-1:21:21
BATCH:-1:22:22
BATCH:-1:23:23
BATCH:-1:24:24
BATCH:-1:25:25
BATCH:-1:26:26
BATCH:-1:27:27
BATCH:-1:28:28
BATCH:-1:29:29
BATCH:-1:30:30
BATCH:-1:31:31
BATCH:-1:32:32
BATCH:-1:33:33
BATCH:-1:34:34
BATCH:-1:35:35
BATCH:-1:36:36
BATCH:-1:37:37
BATCH:-1:38:38
BATCH:-1:39:39
BATCH:-1:40:40
BATCH:-1:41:41
BATCH:-1:42:42
BATCH:-1:43:43
BATCH:-1:44:44
BATCH:-1:45:45
BATCH:-1:46:46
BATCH:-1:47:47
BATCH:-1:48:48
BATCH:-1:49:49
BATCH:-1:50:50
BATCH:-1:51:51
BATCH:-1:52:52
BATCH:-1:53:53
BATCH:-1:54:54
BATCH:-1:55:55
BATCH:-1:56:56
BATCH:-1:57:57
BATCH:-1:58:58
BATCH:-1:59:59
BATCH:-1:60:60
BATCH:-1:61:61
BATCH:-1:62:62
BATCH:-1:63:63
BATCH:-1:64:64
BATCH:-1:65:65
BATCH:-1:66:66
BATCH:-1:67:67
BATCH:-1:68:68
BATCH:-1:69:69
BATCH:-1:70:70
BATCH:-1:71:71
BATCH:-1:72:72
BATCH:-1:73:73
BATCH:-1:74:74
BATCH:-1:75:75
BATCH:-1:76:76
BATCH:-1:77:77
BATCH:-1:78:78
BATCH:-1:79:79
BATCH:-1:80:80
BATCH:-1:81:81
BATCH:-1:82:82
BATCH:-1:83:83
BATCH:-1:84:84
BATCH:-1:85:85
BATCH:-1:86:86
BATCH:-1:87:87
BATCH:-1:88:88
BATCH:-1:89:89
BATCH:-1:90:90
BATCH:-1:91:91
BATCH:-1:92:92
BATCH:-1:93:93
BATCH:-1:94:94
BATCH:-1:95:95
BATCH:-1:96:96
BATCH:-1:97:97
BATCH:-1:98:98
BATCH:-1:99:99
BATCH:-1:100:100
BATCH:-1:101:101
BATCH:-1:102:102
BATCH:-1:103:103
BATCH:-1:104:104
BATCH:-1:105:105
BATCH:-1:106:106
BATCH:-1:107:107
BATCH:-1:108:108
BATCH:-1:109:109
BATCH:-1:110:110
BATCH:-1:111:111
BATCH:-1:112:112
BATCH:-1:113:113
BATCH:-1:114:114
BATCH:-1:115:115
BATCH:-1:116:116
BATCH:-1:117:117
BATCH:-1:118:118
BATCH:-1:119:119
BATCH:-1:120:120
BATCH:-1:121:121
BATCH:-1:122:122
BATCH:-1:123:123
BATCH:-1:124:124
BATCH:-1:125:125
BATCH:-1:126:126
BATCH:-1:127:127
BATCH:-1:128:128
BATCH:-1:129:129
BATCH:-1:130:130
BATCH:-1:131:131
BATCH:-1:132:132
BATCH:-1:133:133
BATCH:-1:134:134
BATCH:-1:135:135
BATCH:-1:136:136
BATCH:-1:137:137
BATCH:-1:138:138
BATCH:-1:139:139
BATCH:-1:140:140
BATCH:-1:141:141
BATCH:-1:142:142
BATCH:-1:143:143
BATCH:-1:144:144
BATCH:-1:145:145
BATCH:-1:146:146
BATCH:-1:147:147
BATCH:-1:148:148
BATCH:-1:149:149
BATCH:-1:150:150
BATCH:-1:151:151
BATCH:-1:152:152
BATCH:-1:153:153
BATCH:-1:154:154
BATCH:-1:155:155
BATCH:-1:156:156
BATCH:-1:157:157
BATCH:-1:158:158
BATCH:-1:159:159
BATCH:-1:160:160
BATCH:-1:161:161
BATCH:-1:162:162
BATCH:-1:163:163
BATCH:-1:164:164
BATCH:-1:165:165
BATCH:-1:166:166
BATCH:-1:167:167
BATCH:-1:168:168
BATCH:-1:169:169
BATCH:-1:170:170
BATCH:-1:171:171
BATCH:-1:172:172
BATCH:-1:173:173
BATCH:-1:174:174
BATCH:-1:175:175
BATCH:-1:176:176
BATCH:-1:177:177
BATCH:-1:178:178
BATCH:-1:179:179
BATCH:-1:180:180
BATCH:-1:181:181
BATCH:-1:182:182
BATCH:-1:183:183
EVAL_INSTANCE:0:0:389
RUN_RESULT:0:0:0:2000:----
RUN_RESULT:0:0:1:2000:----
RUN_RESULT:0:0:2:2000:----
RUN_RESULT:0:0:3:2000:----
RUN_RESULT:0:0:4:2000:----
RUN_RESULT:0:0:5:97:DRRRUU
RUN_RESULT:0:0:6:267:WDDDDRRURURUUU
RUN_RESULT:0:0:7:2000:----
RUN_RESULT:0:0:8:2000:----
RUN_RESULT:0:0:9:4:R
RUN_RESULT:0:0:10:24:DDD
RUN_RESULT:0:0:11:2000:----
RUN_RESULT:0:0:12:1782:LLDLLUURRUURUURDLLULLDL
RUN_RESULT:0:0:13:315:DDDDURDURDRRRRRDD
RUN_RESULT:0:0:14:2000:----
RUN_RESULT:0:0:15:2000:----
RUN_RESULT:0:0:16:2000:----
RUN_RESULT:0:0:17:42:LLUUUUUULLL
RUN_RESULT:0:0:18:2000:----
RUN_RESULT:0:0:19:2000:----
RUN_RESULT:0:0:20:1664:DDDRDRRDUUUURR
RUN_RESULT:0:0:21:2000:----
RUN_RESULT:0:0:22:35:DDDR
RUN_RESULT:0:0:23:2000:----
RUN_RESULT:0:0:24:45:DDDRDRDR
RUN_RESULT:0:0:25:2000:----
RUN_RESULT:0:0:26:23:DLL
RUN_RESULT:0:0:27:110:DDDDDDRRRR
RUN_RESULT:0:0:28:2000:----
RUN_RESULT:0:0:29:2000:----
RUN_RESULT:0:0:30:2000:----
RUN_RESULT:0:0:31:2000:----
RUN_RESULT:0:0:32:107:UUUUUURR
RUN_RESULT:0:0:33:1501:UURUUULLU
RUN_RESULT:0:0:34:2000:----
RUN_RESULT:0:0:35:2000:----
RUN_RESULT:0:0:36:29:RRR
RUN_RESULT:0:0:37:5:UU
RUN_RESULT:0:0:38:502:LDURRRRR
RUN_RESULT:0:0:39:2000:----
RUN_RESULT:0:0:40:1244:DDRDRDLRR
RUN_RESULT:0:0:41:2000:----
RUN_RESULT:0:0:42:2000:----
RUN_RESULT:0:0:43:2000:----
RUN_RESULT:0:0:44:6:RLR
RUN_RESULT:0:0:45:2000:----
RUN_RESULT:0:0:46:2000:----
RUN_RESULT:0:0:47:2000:----
RUN_RESULT:0:0:48:2000:----
RUN_RESULT:0:0:49:2000:----
RUN_RESULT:0:0:50:8:DDR
RUN_RESULT:0:0:51:20:DDLDRRLLL
RUN_RESULT:0:0:52:79:DRRR
RUN_RESULT:0:0:53:2000:----
RUN_RESULT:0:0:54:2000:----
RUN_RESULT:0:0:55:2000:----
RUN_RESULT:0:0:56:2000:----
RUN_RESULT:0:0:57:2000:----
RUN_RESULT:0:0:58:104:DRRR
RUN_RESULT:0:0:59:2000:----
RUN_RESULT:0:0:60:1:U
RUN_RESULT:0:0:61:941:DLUURRD
RUN_RESULT:0:0:62:154:DDDLL
RUN_RESULT:0:0:63:2000:----
RUN_RESULT:0:0:64:1080:ULUUUURU
RUN_RESULT:0:0:65:328:DRDRRR
RUN_RESULT:0:0:66:2000:----
RUN_RESULT:0:0:67:2000:----
RUN_RESULT:0:0:68:2000:----
RUN_RESULT:0:0:69:2000:----
RUN_RESULT:0:0:70:2000:----
RUN_RESULT:0:0:71:2000:----
RUN_RESULT:0:0:72:372:URDRLL
RUN_RESULT:0:0:73:24:DDD
RUN_RESULT:0:0:74:14:DDD
RUN_RESULT:0:0:75:2000:----
RUN_RESULT:0:0:76:2000:----
RUN_RESULT:0:0:77:214:UUDWLWLUWDDDDDLURWDLDLLL
RUN_RESULT:0:0:78:2000:----
RUN_RESULT:0:0:79:154:UUUUURURD
RUN_RESULT:0:0:80:469:UUUUURURD
RUN_RESULT:0:0:81:95:UUUURUURRURRRR
RUN_RESULT:0:0:82:2000:----
RUN_RESULT:0:0:83:60:RRRRR
RUN_RESULT:0:0:84:2000:----
RUN_RESULT:0:0:85:2000:----
RUN_RESULT:0:0:86:106:DRRRRD
RUN_RESULT:0:0:87:911:ULLDDDUUUUUUUL
RUN_RESULT:0:0:88:2000:----
RUN_RESULT:0:0:89:937:UURRDDUULUURRRDDDDDDD
RUN_RESULT:0:0:90:2000:----
RUN_RESULT:0:0:91:1838:LLDLLUURRUUUURRDLLULLDL
RUN_RESULT:0:0:92:2000:----
RUN_RESULT:0:0:93:2000:----
RUN_RESULT:0:0:94:2000:----
RUN_RESULT:0:0:95:2000:----
RUN_RESULT:0:0:96:2000:----
RUN_RESULT:0:0:97:8:UUR
RUN_RESULT:0:0:98:2:L
RUN_RESULT:0:0:99:2000:----
RUN_RESULT:0:0:100:2000:----
RUN_RESULT:0:0:101:2000:----
RUN_RESULT:0:0:102:4:R
RUN_RESULT:0:0:103:2000:----
RUN_RESULT:0:0:104:2000:----
RUN_RESULT:0:0:105:2000:----
RUN_RESULT:0:0:106:2000:----
RUN_RESULT:0:0:107:2000:----
RUN_RESULT:0:0:108:623:DRRDDRD
RUN_RESULT:0:0:109:2000:----
RUN_RESULT:0:0:110:2000:----
RUN_RESULT:0:0:111:2000:----
RUN_RESULT:0:0:112:119:RDRRDRRDRRDDLULLLRDRDLDLLLULD
RUN_RESULT:0:0:113:18:DRR
RUN_RESULT:0:0:114:2000:----
RUN_RESULT:0:0:115:2000:----
RUN_RESULT:0:0:116:2000:----
RUN_RESULT:0:0:117:2000:----
RUN_RESULT:0:0:118:2000:----
RUN_RESULT:0:0:119:2000:----
RUN_RESULT:0:0:120:2000:----
RUN_RESULT:0:0:121:2000:----
RUN_RESULT:0:0:122:32:DDRRR
RUN_RESULT:0:0:123:45:DDRR
RUN_RESULT:0:0:124:1222:DDDDDDDDRRRR
RUN_RESULT:0:0:125:111:RRDRDR
RUN_RESULT:0:0:126:14:URR
RUN_RESULT:0:0:127:48:DDDDL
RUN_RESULT:0:0:128:2000:----
RUN_RESULT:0:0:129:2000:----
RUN_RESULT:0:0:130:2000:----
RUN_RESULT:0:0:131:2000:----
RUN_RESULT:0:0:132:2000:----
RUN_RESULT:0:0:133:1455:RRLURURDD
RUN_RESULT:0:0:134:2000:----
RUN_RESULT:0:0:135:2000:----
RUN_RESULT:0:0:136:111:RRDRDR
RUN_RESULT:0:0:137:48:DDDDL
RUN_RESULT:0:0:138:886:DDRRRDRUUUDDDDDD
RUN_RESULT:0:0:139:2000:----
RUN_RESULT:0:0:140:127:UUUUURRURRRR
RUN_RESULT:0:0:141:2000:----
RUN_RESULT:0:0:142:112:UUUUR
RUN_RESULT:0:0:143:2000:----
RUN_RESULT:0:0:144:2000:----
RUN_RESULT:0:0:145:2000:----
RUN_RESULT:0:0:146:2000:----
RUN_RESULT:0:0:147:7:UL
RUN_RESULT:0:0:148:2000:----
RUN_RESULT:0:0:149:2000:----
RUN_RESULT:0:0:150:113:DLLL
RUN_RESULT:0:0:151:209:DDDDDR
RUN_RESULT:0:0:152:2000:----
RUN_RESULT:0:0:153:2000:----
RUN_RESULT:0:0:154:30:DRRR
RUN_RESULT:0:0:155:2000:----
RUN_RESULT:0:0:156:2000:----
RUN_RESULT:0:0:157:597:DDLLLLLDLDL
RUN_RESULT:0:0:158:2000:----
RUN_RESULT:0:0:159:2000:----
RUN_RESULT:0:0:160:2000:----
RUN_RESULT:0:0:161:2000:----
RUN_RESULT:0:0:162:99:DDDDDDRRRDRRRR
RUN_RESULT:0:0:163:2000:----
RUN_RESULT:0:0:164:2000:----
RUN_RESULT:0:0:165:2000:----
RUN_RESULT:0:0:166:2000:----
RUN_RESULT:0:0:167:2000:----
RUN_RESULT:0:0:168:2000:----
RUN_RESULT:0:0:169:2000:----
RUN_RESULT:0:0:170:332:DDUDD
RUN_RESULT:0:0:171:2000:----
RUN_RESULT:0:0:172:63:DDDDD
RUN_RESULT:0:0:173:373:DDDLL
RUN_RESULT:0:0:174:2000:----
RUN_RESULT:0:0:175:124:RRRRRDULLL
RUN_RESULT:0:0:176:2000:----
RUN_RESULT:0:0:177:2000:----
RUN_RESULT:0:0:178:2000:----
RUN_RESULT:0:0:179:2000:----
RUN_RESULT:0:0:180:2000:----
RUN_RESULT:0:0:181:2000:----
RUN_RESULT:0:0:182:2000:----
RUN_RESULT:0:0:183:2000:----
The time of execution is: 268.33166003227234 s
