pygame 2.2.0 (SDL 2.30.7, Python 3.8.10)
Hello from the pygame community. https://www.pygame.org/contribute.html
LEVEL:0:__________\n_KF13K1K._\n_1f......_\n_4.wwwwwk_\n_B.wK1b.._\n_1.waA.6._\n_2WwvV.2._\n_w1wgG.0._\n_w6wlL.8._\n__________
BATCH:0:0:0
TRAINING ON LEVEL:179
of 184 levels
---LEVEL STRING---
__________
_KF13K1K._
_1f......_
_4.wwwwwk_
_B.wK1b.._
_1.waA.6._
_2WwvV.2._
_w1wgG.0._
_w6wlL.8._
__________
---LEVEL STRING---
TRACK:0;-1;-1;4;0;1;5;2;2;4;3;5;4;25;4;2;2;6;19;4;23;-8.927041603051396;6;4;16;3;6;6;6;3;7;-4.206990481015422;5;1;1;5;5;2;4;14;1;19;8;1;4;6;0;15;12;4;5;0;24;20;0.7978657568565612;0;3;6;0;1;9;9;4;15;6;1;0;1;24;12;4;25;4;4;17;4;2;1;3;6;6;4;3;17;3;0;5;6;6;9;6;3;1;10;8;4;2;6;2;6;3;13;1;6;17;3;8;2;1;4;0;10;8;1;5;18;0;17;21;2.5964118228341597;6;5;2;25;23;-6.972543244393663
TRACK:1;-1;-1;0;1;0;1;0;0;5;4;4;0;20;5.896378036288432;7;9.022754734531073;5;5;5;0;24;19;6;0;2;5;5;7;6.007935926220263;1;5;16;6;12;5;2;5;18;5;9;2;0;2;2;2;0;9;7;0.3327273267933162;2;10;9;4;5;8;6;5;4;23;-1.7454755943732394;0;5;2;5;21;4.915167277757924;5;24;0;2;3;7;4.642640473603505;5;9;3;0;15;18;1;2;3;2;0;11;13;6;12;6;6;1;11;16;6;4;4;3;18;5;4;3;2;1;2;6;15;5;16;0;3;13;1;22;-9.878394341093728;11;2;6;3;17;4;1;17;23;2.816772659725693;2;6;1;2;0;1;5;6;9;4;6;8;4;1;6;13;5;7;-9.723637090433952;2;0;2;5;12;3;7;0.31809261257559385;3;0;14;7;-6.345338006181569;2;3;2;16;10;4;2;25;17;2;3;4;3;6;20;3.017498229314814;1;4;3;1;7;3.791477563285552;8;6;3;3;12;5;4;4;5;4;0;0;18;10;6;11;5;6;5;5;0;4;6;6;3;22;-1.3248626289833343;2;6;3;2;23;9.96876513821804;9;3;6;0;12;19
TRACK:2;-1;-1;0;6;6;5;4;3;3;2;5;5;10;1;1;12;19;0;25;10;0;4;3;4;5;0;1;1;3;13;4;25;6;2;9;24;1;3;1;13;23;-2.679669964986515;2;3;16;0;17;12;1;5;3;1;1;4;5;0;11;13;5;1;1;13;16;3;23;-9.456318525593595;2;6;3;5;10;2;5;3;9;6;2;21;-7.51436070073707;22;-3.3394162297943097;6;5;5;5;1;3;6;11;1;5;11;2;13;9
TRACK:3;-1;-1;6;4;4;2;1;2;3;0;5;0;7;-6.881307800574992;21;8.280358486285792;6;5;8;0;6;2;6;11;0;15;7;6.904644224871049;2;2;3;12;5;10;3;3;12;0;1;0;2;1;12;9;0;23;8.217588478766565;24;6;1;22;-0.7634871085110628;22;5.1379341503113665;5;1;0;16;10;3;15;2;5;4;5;16;0;0;2;9;22;5.151030614897923;4;8;4;1;23;-6.624883083584647;24;6;4;6;0;2;0;13;16;2;14;25;2;3;13;4;18
TRACK:4;-1;-1;4;5;2;4;3;3;2;5;2;0;14;7;-1.2880889187111588;6;14;0;6;6;13;3;0;11;12;0;3;4;5;3;4;4;18;4;5;5;4;6;2;25;19
TRACK:5;-1;-1;0;2;2;6;1;1;3;3;2;0;20;-9.365383635577913;23;-5.287668727478114;4;21;-8.098114593160226;6;6;3;5;13;1;0;0;3;5;14;4;6;21;-2.6201553840754706;2;6;4;12;6;1;14;10;2;1;0;2;15;17;6;24;6;2;10;24;0;3;2;16;15;2;3;13;3;25;2;0;3;0;5;2;0;12;8;4;17;1;4;4;12;2;4;12;5;8;4;5;6;1;0;21;-6.907583538332043;24;1;21;4.006815865931086;14;4;2;1;1;4;1;18;19;1;1;22;-2.095617523986708;12;0;12;9;2;0;5;15;0;18;19;5;5;13;4;5;3;1;10;7;3.562323825135273;4;5;2;6;3;3;0;1;16;9;6;25;1;4;3;4;0;24;8;1;4;6;3;8;0;4;6;19;4;6;10;2;6;2;2;1;2;5;2;0;12;10;4;14;4;1;1;8;14;4;11;4;1;6;0;13;24;6;0;17;11;0;1;6;6;2;22;-9.033642927023049;19;6;3;0;13;10;4;3;2;4;24;3;18;2;2;0;4;5;6;11;4;4;6;24;4;1;6;2;22;-0.15311865010446368;21;4.2403620063084375;5;1;24;21;-2.5793730474005683;6;4;3;1;1;17;13;4;8;5;6;0;6;2;4;3;5;25;4;1;1;24;20;-4.43888444086565;4;9;4;5;1;1;4;14;1;8;24;3;6;12
TRACK:6;-1;-1;4;0;6;4;3;3;3;4;1;4;21;3.0518147708368986;3;21;2.6415549205795834;3;0;6;3;1;4;5;2;12;7;-2.527865592038017;4;5;0;19;17;4;6;1;0;1;1;21;4.586339806430315;16;4;24;6;5;23;-2.892315974542732;1;5;5;10;1;6;9;3;23;-6.378502598813651
TRACK:7;-1;-1;2;3;4;3;3;2;5;4;6;2;24;7;-1.7940725247632212;4;6;2;4;10;1;17;20;0.9331938492446419;3;3;5;4;6;5;1;3;3;17;2;3;12;1;8;19
TRACK:8;-1;-1;2;5;4;4;6;6;3;4;2;1;10;20;0.39223662492968536;0;16;12;1;1;3;2;5;4;4;0;2;7;-7.642858222821538;8;1;16;10;6;6;4;3;2;25;9;2;2;4;2;6;1;0;22;-6.805726753774401;9;2;13;25;5;3;1;7;2.180537759952797;12;4;3;1;5;2;7;6.412949721534623;7;-8.164207806223855;2;4;23;-2.5066742996620883;2;14;23;7.2233321273896784;5;6;5;5;1;6;18;3;14;3;2;6;5;2;2;6;2;10;15;3;0;22;-7.91600473302108;21;-6.470118798987931;4;1;1;10;11;1;18;13;0;0;5;0;1;5;8;2;25;12;3;2;15;15;1;1;0;6;18;0;25;17;4;6;16;3;3;3;22;0.014650129639889542;3;1;1;6;6;9;6;4;24;0;2;6;18;2;23;9.768482302367424;16;5;2;12;13
TRACK:9;-1;-1;6;6;0;3;1;6;2;2;1;0;17;13;4;13;0;6;20;-2.5539155579532657;5;16;6;6;4;14;6;5;2;0;4;18;1;7;-7.665522967283129;16;3;5;7;8.146751461181559;4;0;4;6;6;3;0;21;-7.997149091638017;10;2;0;6;1;1;24;12;1;9;10;2;4;1;10;22;-4.008705363292004;2;1;20;0.7519119986355349;22;5.622109488867276;0;13;23;6.238571731230948;2;2;0;3;24;5;8;5;3;22;1.447546592768834;0;6;2;8;21;3.2638064724404465;3;3;22;9.499778417267425
EVAL_INSTANCE:0:0:0
EVAL_INSTANCE:0:1:1
EVAL_INSTANCE:0:2:2
EVAL_INSTANCE:0:3:3
EVAL_INSTANCE:0:4:4
EVAL_INSTANCE:0:5:5
EVAL_INSTANCE:0:6:6
EVAL_INSTANCE:0:7:7
EVAL_INSTANCE:0:8:8
EVAL_INSTANCE:0:9:9
RUN_RESULT:0:0:0:2000:----
RUN_RESULT:0:1:0:2000:----
RUN_RESULT:0:2:0:2000:----
RUN_RESULT:0:3:0:2000:----
RUN_RESULT:0:4:0:2000:----
RUN_RESULT:0:5:0:2000:----
RUN_RESULT:0:6:0:2000:----
RUN_RESULT:0:7:0:2000:----
RUN_RESULT:0:8:0:2000:----
RUN_RESULT:0:9:0:2000:----
=================================================
n_gen  |  n_eval  |     f_avg     |     f_min    
=================================================
     1 |       10 |  0.000000E+00 | -0.000000E+00
TRACK:10;8;4;2;5;4;4;6;6;3;4;2;1;10;20;0.39223662492968536;0;16;12;1;1;3;2;5;4;4;0;2;7;-7.642858222821538;8;1;16;10;6;6;4;3;2;25;9;2;2;4;2;6;1;0;22;-6.805726753774401;9;2;13;25;5;3;1;7;2.180537759952797;12;4;3;1;5;2;7;6.412949721534623;7;-8.164207806223855;2;4;23;-2.5066742996620883;2;14;23;7.2233321273896784;5;6;5;5;1;6;18;3;14;3;2;6;5;2;2;6;2;10;15;3;0;22;-7.91600473302108;21;-6.470118798987931;4;1;1;10;11;1;18;13;0;0;5;0;1;5;8;2;25;12;3;2;12;15;1;1;0;6;18;0;25;17;4;6;16;3;3;3;22;0.014650129639889542;3;1;1;6;6;9;6;4;24;0;2;6;18;2;23;9.768482302367424;16;5;2;12;13
TRACK:11;8;4;4;5;2;4;3;3;2;5;2;0;14;7;-1.2880889187111588;6;14;0;6;6;13;3;0;11;12;0;3;4;13;4;5;5;4;6;2;25;19
TRACK:12;2;9;0;6;6;5;22;-4.008705363292004;0;4;3;4;5;0;1;1;3;13;4;25;6;2;9;24;1;3;1;13;23;-2.679669964986515;2;3;16;0;17;12;1;5;3;1;1;4;5;0;11;13;5;1;1;13;16;3;23;-9.456318525593595;2;6;3;5;10;2;5;3;9;6;2;21;-7.51436070073707;22;-3.3394162297943097;6;5;5;5;1;3;6;11;1;5;11;2;13;9
TRACK:13;2;9;6;6;0;3;1;6;1;1;12;19;0;25;10;6;5;2;0;4;18;1;7;-7.665522967283129;16;3;5;7;8.146751461181559;4;0;4;6;6;3;0;21;-7.997149091638017;10;2;0;6;1;1;24;12;1;9;10;2;4;1;10;22;-4.008705363292004;2;1;20;0.7519119986355349;22;5.622109488867276;0;13;23;6.238571731230948;2;2;0;3;24;5;8;5;3;22;1.447546592768834;0;6;2;8;21;3.2638064724404465;3;3;22;9.499778417267425
TRACK:14;7;4;2;3;4;3;3;2;5;4;6;2;18;7;-1.7940725247632212;4;6;2;4;10;1;17;20;0.9331938492446419;3;3;5;4;6;5;1;3;3;17;2;3;12;1;8;19
TRACK:15;7;4;4;5;2;4;3;3;2;5;2;0;7;-1.7940725247632212;7;-1.2880889187111588;6;14;0;6;6;13;3;0;11;12;0;3;4;5;3;4;4;18;4;5;5;4;6;2;25;19
TRACK:16;8;5;2;5;4;4;6;6;3;4;2;1;24;20;0.39223662492968536;0;16;12;1;1;3;2;5;4;4;0;2;7;-7.642858222821538;8;1;16;10;6;6;4;3;2;25;9;2;2;4;2;6;1;0;22;-6.805726753774401;9;2;13;25;5;3;1;7;2.180537759952797;12;4;3;1;5;2;7;6.412949721534623;7;-8.164207806223855;2;4;23;-2.5066742996620883;2;14;23;7.2233321273896784;5;6;5;5;1;6;18;3;14;3;2;6;5;2;2;6;2;10;15;3;0;22;-7.91600473302108;21;-6.470118798987931;4;1;1;10;11;1;18;13;0;0;5;0;1;5;8;2;25;12;3;2;15;15;1;1;0;6;18;0;25;17;4;6;16;3;3;3;22;0.014650129639889542;3;1;1;6;6;9;6;4;24;0;2;6;18;2;23;9.768482302367424;16;5;2;12;13
TRACK:17;8;5;0;2;2;6;1;1;3;3;2;0;20;-9.365383635577913;23;-5.287668727478114;4;21;-8.098114593160226;6;6;3;5;13;1;0;0;3;5;14;4;6;21;-2.6201553840754706;2;6;4;12;6;1;14;10;2;1;0;2;15;17;6;24;6;2;10;24;0;3;2;16;15;2;3;13;3;25;2;0;3;0;5;2;0;12;8;4;17;1;4;4;12;2;4;12;5;8;4;5;6;1;0;21;-6.907583538332043;24;1;21;4.006815865931086;14;4;2;1;1;4;1;18;19;1;1;22;-2.095617523986708;12;0;12;9;2;0;5;15;0;18;19;5;5;13;4;5;3;1;10;7;3.562323825135273;4;5;2;6;3;3;0;1;16;9;6;25;1;4;3;4;0;24;8;1;4;6;3;8;0;4;6;19;4;6;10;2;6;2;2;1;2;5;2;0;12;10;4;14;4;1;1;8;14;4;11;4;1;6;0;13;24;6;0;17;11;0;1;6;6;2;22;-9.033642927023049;19;6;3;0;13;10;4;3;2;4;24;3;18;2;2;0;4;14;4;4;6;24;4;1;6;2;22;-0.15311865010446368;21;4.2403620063084375;5;1;24;21;-2.5793730474005683;6;4;3;1;1;17;13;4;8;5;6;0;6;2;4;3;5;25;4;1;1;24;20;-4.43888444086565;4;9;4;5;1;1;4;14;1;8;24;3;6;12
TRACK:18;0;7;4;0;1;5;2;2;4;3;5;4;25;4;2;2;6;19;4;23;-8.927041603051396;6;4;16;3;6;6;6;3;7;-4.206990481015422;5;1;1;5;5;2;4;14;1;19;8;1;4;6;0;15;12;4;5;0;24;20;0.7978657568565612;0;3;6;0;1;9;9;4;17;6;1;0;1;24;12;4;25;4;4;17;4;2;1;3;6;6;4;3;17;3;0;5;6;6;9;6;3;1;10;8;4;2;6;2;6;3;13;1;6;17;3;8;2;1;4;0;10;8;1;5;18;0;17;21;2.5964118228341597;6;5;2;25;23;-6.972543244393663
TRACK:19;0;7;2;3;4;3;3;2;18;4;6;2;4;10;1;17;20;0.9331938492446419;3;3;5;4;6;5;1;3;3;17;2;3;12;1;8;19
TRACK:20;10;-1;2;5;4;4;6;6;3;4;2;1;10;20;0.3018074465180957;0;16;12;1;1;3;2;5;4;4;0;2;7;-7.659779872607044;8;1;16;10;6;6;4;3;2;25;9;2;2;4;2;6;1;0;22;-6.902506438527097;9;2;13;25;5;3;1;7;2.2152844112945957;12;4;3;1;5;2;7;6.611537194736454;7;-8.020264162325311;2;4;23;-2.4858578278560084;2;14;23;7.220095716019663;5;6;1;0;21;2.6605004632247464;14;3;24;3;2;6;5;2;2;6;2;10;15;3;0;22;-7.9642418504622094;21;-6.568912568363794;4;1;1;10;11;1;18;13;0;0;5;0;1;5;8;2;25;12;3;2;12;15;1;1;0;6;18;0;25;17;4;6;16;3;3;3;22;-0.04171802141544715;3;1;1;6;6;9;6;4;24;0;2;6;18;2;23;9.78387229805812;16;5;2;12;13
TRACK:21;12;-1;0;6;6;5;22;-4.104550448385313;0;4;3;4;5;0;1;1;3;13;4;25;6;2;9;24;1;3;1;13;23;-2.6184526145471887;2;3;16;0;17;12;1;5;3;1;1;4;5;0;11;13;5;1;1;13;16;3;23;-9.475840456509225;2;6;3;5;10;2;5;3;9;6;2;21;-7.405070634329373;22;-3.3141778802619304;6;5;5;5;1;3;6;11;0;4;21;-9.28179284577471;0;17;15
TRACK:22;14;-1;2;3;4;3;3;2;5;4;6;2;18;7;-1.9724466365409006;4;6;2;6;19;1;17;20;0.8550132546048467;3;3;5;4;6;5;1;3;3;17;2;3;12;1;8;19
TRACK:23;16;-1;2;5;4;4;6;6;3;4;2;1;24;20;0.3010480787192048;0;16;12;1;1;3;2;5;4;4;0;2;7;-7.685750628922;8;1;16;10;6;6;4;3;2;25;9;2;2;4;2;6;1;0;22;-6.8291507252804715;9;2;13;25;5;3;1;7;2.1604850405308027;12;4;3;1;5;2;7;6.330924456084999;7;-8.063652377488953;2;4;23;-2.5503336909450174;2;14;23;7.174190026014065;5;6;5;5;1;6;18;3;20;-6.5450535857588115;3;2;6;5;2;2;6;2;10;15;3;0;22;-7.924297702867686;21;-6.5271117590730485;4;1;1;10;11;1;18;13;0;0;5;0;1;5;8;2;25;12;3;2;15;15;1;1;0;6;18;0;25;17;4;6;16;3;3;3;22;0.03887644257386316;3;1;1;6;6;9;6;4;24;0;2;6;18;2;23;9.726310210705881;16;5;2;12;13
TRACK:24;18;-1;4;0;1;5;2;2;4;3;5;4;25;4;2;2;6;19;4;23;-8.84876152684673;6;4;16;3;6;6;6;3;7;-4.174888588388853;5;1;1;5;5;2;4;14;1;19;8;1;4;6;0;15;12;4;5;0;17;20;0.8223403486617549;0;3;6;0;1;9;9;4;17;6;1;0;1;24;12;4;25;4;4;17;4;2;1;3;6;6;4;3;17;3;0;5;6;6;9;6;3;1;10;8;4;2;6;2;6;3;13;1;6;17;3;8;2;1;4;0;10;8;1;5;18;0;17;21;2.5608316797992594;6;5;2;25;23;-7.097397674056074
TRACK:25;11;-1;4;5;2;4;3;3;2;5;2;0;14;7;-1.068121774399019;6;14;0;6;6;13;3;0;11;12;0;3;4;13;3;2;14;12
TRACK:26;13;-1;6;6;0;3;1;6;1;1;12;19;0;25;10;6;5;2;0;4;18;1;7;-7.5232738903655125;16;3;5;7;8.037529833418839;4;0;4;6;6;3;0;21;-8.084202901972995;10;2;0;6;1;1;24;12;1;9;10;2;4;1;10;22;-3.9705541020827453;2;1;20;0.7802442823335676;22;5.712818495975541;0;13;23;6.377292045428014;2;2;0;3;24;5;8;5;3;22;1.3578903996655765;0;6;10;3;3;22;9.399701469594575
TRACK:27;15;-1;4;5;2;4;3;3;2;5;2;0;7;-1.8396287447767539;7;-1.055597918727977;6;14;0;6;6;13;3;0;11;12;0;3;4;5;20;-1.8338855526381241;4;5;5;4;6;2;25;19
TRACK:28;17;-1;0;2;2;6;1;1;3;3;2;0;20;-9.189321075933545;23;-5.25724258769798;4;21;-8.073949376302828;6;6;3;5;13;1;0;0;3;5;14;4;6;21;-2.5655216568432837;2;6;4;12;6;1;14;10;2;1;0;2;15;17;6;24;6;2;10;24;0;3;2;16;15;2;3;13;3;25;2;0;3;0;5;2;0;12;8;4;17;1;4;4;12;2;4;12;5;8;4;5;6;1;0;21;-6.876253819295027;24;1;21;3.9482990119476673;14;4;2;1;2;3;17;6;14;2;0;5;15;0;18;19;5;5;13;4;5;3;1;10;7;3.586909131528662;4;5;2;6;3;3;0;1;16;9;6;25;1;4;3;4;0;24;8;1;4;6;3;8;0;4;6;19;4;6;10;2;6;2;2;1;2;5;2;0;12;10;4;14;4;1;1;8;14;4;11;4;1;6;0;13;24;6;0;17;11;0;1;6;6;2;22;-8.862698691067756;19;6;3;0;13;10;4;3;2;4;24;3;18;2;2;0;4;14;4;4;6;24;4;1;6;2;22;-0.1952685923132209;21;4.372864502508431;5;1;24;21;-2.4938990947175395;6;4;3;1;1;17;13;4;8;5;6;0;6;2;4;3;5;25;4;1;1;24;20;-4.281222223392238;4;9;4;5;1;1;4;14;1;8;24;3;6;12
TRACK:29;19;-1;2;3;4;3;3;2;18;4;6;2;4;10;1;17;20;0.9628064730659738;3;3;6;4;0;1;2;2;1;19;15;4;18;3;5;13;0;1;6;20;2.6278909463858025;1;20;8.74461132619441;15;0;5;16;6;15;5;6;1;6;16;0;22;2.1887564270774043;9
EVAL_INSTANCE:1:0:20
EVAL_INSTANCE:1:1:21
EVAL_INSTANCE:1:2:22
EVAL_INSTANCE:1:3:23
EVAL_INSTANCE:1:4:24
EVAL_INSTANCE:1:5:25
EVAL_INSTANCE:1:6:26
EVAL_INSTANCE:1:7:27
EVAL_INSTANCE:1:8:28
EVAL_INSTANCE:1:9:29
RUN_RESULT:1:0:0:2000:----
RUN_RESULT:1:1:0:2000:----
RUN_RESULT:1:2:0:2000:----
RUN_RESULT:1:3:0:2000:----
RUN_RESULT:1:4:0:2000:----
RUN_RESULT:1:5:0:2000:----
RUN_RESULT:1:6:0:2000:----
RUN_RESULT:1:7:0:2000:----
RUN_RESULT:1:8:0:175:DDDDLRURURULDLUDLDLURRURRUUULLLLLL
RUN_RESULT:1:9:0:2000:----
     2 |       20 | -3.825000E+02 | -3.825000E+03
TRACK:30;6;1;4;0;6;4;3;2;2;2;0;9;7;0.3327273267933162;2;10;9;4;5;8;6;5;4;23;-1.7454755943732394;3;0;6;3;1;4;5;2;12;7;-2.527865592038017;4;5;0;19;17;4;6;1;0;1;1;21;4.586339806430315;16;4;24;6;5;23;-2.892315974542732;1;5;5;10;1;6;9;3;23;-6.378502598813651
TRACK:31;6;1;0;1;0;1;0;0;5;4;4;0;20;5.896378036288432;7;9.022754734531073;5;5;5;0;24;19;6;0;2;5;5;7;6.007935926220263;1;5;16;6;12;5;2;5;18;5;9;4;21;3.0518147708368986;5;4;3;2;1;2;6;15;5;16;0;3;13;1;22;-9.878394341093728;11;2;6;3;17;4;1;17;23;2.816772659725693;2;6;1;2;0;1;5;6;9;4;6;8;4;1;6;13;5;7;-9.723637090433952;2;0;2;5;12;3;7;0.31809261257559385;3;0;14;7;-6.345338006181569;2;3;2;16;10;4;2;25;17;2;3;4;3;6;20;3.017498229314814;1;4;3;1;7;3.791477563285552;8;6;3;3;12;5;4;4;5;4;0;0;18;10;6;11;5;6;5;5;0;4;6;6;3;22;-1.3248626289833343;2;6;3;2;23;9.96876513821804;9;3;6;0;12;19
TRACK:32;28;8;0;2;2;6;1;1;3;3;2;0;20;-9.189321075933545;23;-5.25724258769798;4;21;-8.073949376302828;6;6;3;5;13;1;0;0;3;5;14;4;6;21;-2.5655216568432837;2;6;4;12;6;1;14;10;2;1;0;2;15;17;6;24;6;2;10;24;0;3;2;16;15;2;3;13;3;25;2;0;3;0;5;2;0;12;8;4;17;1;4;4;12;2;4;12;5;8;4;5;6;1;0;21;-6.876253819295027;24;1;21;3.9482990119476673;14;4;2;1;2;3;17;6;14;2;0;5;15;0;18;19;5;5;13;4;5;3;1;10;7;3.586909131528662;4;5;2;6;3;3;0;1;16;9;6;25;1;4;3;4;0;24;8;1;4;6;3;8;0;4;6;24;4;6;10;2;6;2;2;1;2;5;2;0;12;10;4;14;4;1;1;8;14;4;11;4;1;6;0;13;24;6;0;17;11;0;1;6;6;2;22;-8.862698691067756;19;6;3;0;13;10;4;3;2;4;24;3;18;2;2;0;4;14;4;4;6;24;4;1;6;2;22;-0.1952685923132209;21;4.372864502508431;5;1;24;21;-2.4938990947175395;6;4;3;1;1;17;13;4;8;5;6;0;6;2;4;3;5;25;4;1;1;24;20;-4.281222223392238;4;9;4;5;1;1;4;14;1;8;24;3;6;12
TRACK:33;28;8;2;5;4;4;6;6;3;4;2;1;10;20;0.39223662492968536;0;16;12;1;1;2;3;17;6;14;2;0;5;15;0;18;19;5;5;13;3;2;6;5;2;2;6;2;10;15;3;0;22;-7.91600473302108;21;-6.470118798987931;4;1;1;10;11;1;18;13;0;0;5;0;1;5;8;2;25;12;3;2;15;15;1;1;0;6;18;0;25;17;4;6;16;3;3;3;22;0.014650129639889542;3;1;1;6;6;9;6;4;24;0;2;6;18;2;23;9.768482302367424;16;5;2;12;13
TRACK:34;3;8;6;4;4;2;1;2;3;0;5;0;7;-6.881307800574992;21;8.280358486285792;6;5;8;0;6;2;6;11;0;15;7;6.904644224871049;2;2;3;12;5;10;3;3;12;0;1;0;2;1;12;9;0;23;8.217588478766565;24;6;1;22;-0.7634871085110628;22;5.1379341503113665;5;15;2;5;4;5;16;0;0;2;9;22;5.151030614897923;4;8;4;1;23;-6.624883083584647;24;6;4;6;0;2;0;13;16;2;14;25;2;3;13;4;18
TRACK:35;3;8;2;5;4;4;6;6;3;4;2;1;10;20;0.39223662492968536;0;16;12;1;1;3;2;5;4;4;0;2;7;-7.642858222821538;8;1;16;10;6;6;4;3;2;25;9;2;2;4;2;6;6;5;8;5;3;1;7;2.180537759952797;12;4;3;1;5;2;7;6.412949721534623;7;-8.164207806223855;2;4;23;-2.5066742996620883;2;14;23;7.2233321273896784;5;6;5;5;1;6;18;3;14;3;2;6;5;2;2;6;2;10;15;3;0;22;-7.91600473302108;21;-6.470118798987931;4;1;1;10;11;1;18;13;0;0;5;0;1;5;8;2;25;12;3;2;15;15;1;1;0;6;18;0;25;17;4;6;16;3;3;3;22;0.014650129639889542;3;1;1;6;6;9;6;4;24;0;2;6;18;2;23;9.768482302367424;16;5;2;12;13
TRACK:36;7;4;2;3;4;3;3;2;5;4;6;2;24;7;-1.7940725247632212;4;6;2;4;10;1;17;20;0.9331938492446419;3;3;5;4;6;5;1;3;3;17;2;3;12;1;19;19
TRACK:37;7;4;4;5;2;4;2;3;12;1;8;19;0;3;4;5;3;4;4;18;4;5;5;4;6;2;25;19
TRACK:38;28;5;0;2;2;6;1;1;3;3;2;0;20;-9.189321075933545;23;-5.25724258769798;4;21;-8.073949376302828;6;6;3;5;13;1;0;0;3;5;14;4;6;21;-2.5655216568432837;2;6;4;12;6;1;14;10;2;1;0;2;15;17;6;24;6;2;10;24;0;3;2;16;15;2;3;13;3;25;2;0;3;0;5;2;0;12;8;4;17;1;4;4;12;2;4;12;5;8;4;5;6;1;0;21;-6.876253819295027;24;1;21;3.9482990119476673;14;4;2;1;2;3;17;6;14;2;0;5;15;0;18;19;5;5;13;4;5;3;1;10;7;3.586909131528662;4;5;2;6;3;3;0;1;16;9;6;25;1;4;3;4;0;24;8;1;4;6;3;8;0;19;4;6;10;2;6;2;2;1;2;5;2;0;12;10;4;14;4;1;1;8;14;4;11;4;1;6;0;13;24;6;0;17;11;0;1;6;6;2;22;-8.862698691067756;19;6;3;0;13;10;4;3;2;4;24;3;18;2;2;0;4;14;4;4;6;24;4;1;6;2;22;-0.1952685923132209;21;4.372864502508431;5;1;24;21;-2.4938990947175395;6;4;3;1;1;17;13;4;8;5;6;0;6;2;4;3;5;25;4;1;1;24;20;-4.281222223392238;4;9;4;5;1;1;4;14;1;8;24;3;6;12
TRACK:39;28;5;0;2;2;6;1;1;3;3;2;0;20;-9.365383635577913;23;-5.287668727478114;4;21;-8.098114593160226;6;6;3;5;13;1;0;0;3;5;14;4;6;21;-2.6201553840754706;2;6;4;12;6;1;14;10;2;1;0;2;15;17;6;24;6;2;10;24;0;3;2;16;15;2;3;13;3;25;2;0;3;0;5;2;0;12;8;4;17;1;4;4;12;2;4;12;5;8;4;5;6;1;0;21;-6.907583538332043;24;1;21;4.006815865931086;14;4;2;1;1;4;1;18;19;1;1;22;-2.095617523986708;12;0;12;9;2;0;5;15;0;18;19;5;5;13;4;5;3;1;10;7;3.562323825135273;4;5;2;6;3;3;0;1;16;9;6;25;1;4;3;4;0;24;8;1;4;6;3;8;0;4;6;19;4;6;10;2;6;2;2;1;2;5;2;0;12;10;4;14;4;1;1;8;14;4;11;4;1;6;0;13;24;6;0;17;11;0;1;6;6;2;22;-9.033642927023049;19;1;0;21;-6.876253819295027;24;1;21;3.9482990119476673;14;4;3;2;4;24;3;18;2;2;0;4;5;6;11;4;4;6;24;4;1;6;2;22;-0.15311865010446368;21;4.2403620063084375;5;1;24;21;-2.5793730474005683;6;4;3;1;1;17;13;4;8;5;6;0;6;2;4;3;5;25;4;1;1;24;20;-4.43888444086565;4;9;4;5;1;1;4;14;1;8;24;3;6;12
TRACK:40;30;-1;4;0;6;4;3;2;2;2;0;9;7;0.18331199325416872;2;10;9;4;5;8;6;5;4;23;-1.8134051755056637;3;0;6;3;1;4;5;13;4;5;0;19;17;4;6;1;0;1;1;21;4.5750686579138655;16;4;24;6;5;23;-2.820185826132881;1;5;5;10;1;6;9;3;23;-6.372911873031304
TRACK:41;32;-1;0;2;2;6;1;1;3;3;2;0;20;-9.057321922111303;23;-5.074528689005174;4;21;-8.124242524517339;6;6;3;5;13;1;0;0;3;5;14;4;6;21;-2.6237233714725856;2;6;4;12;6;1;14;10;2;1;0;2;15;17;6;24;6;2;10;24;0;3;2;16;15;2;3;13;3;25;2;0;3;0;5;2;0;12;8;4;17;1;4;4;12;2;4;12;5;8;4;5;6;1;0;21;-6.772639289252147;24;1;21;4.048392516862971;14;4;2;1;2;3;17;6;14;2;0;5;15;0;18;19;5;5;13;4;5;3;1;10;7;3.5291353847772813;4;5;2;6;3;3;0;1;16;9;6;25;1;4;3;4;0;24;8;1;4;6;3;8;0;4;6;24;4;6;10;2;6;2;2;1;2;5;2;0;12;10;4;14;4;1;1;8;14;4;11;4;1;6;0;13;24;6;0;7;8.22617572970961;11;0;1;6;6;2;22;-8.763977754542053;19;6;3;0;13;10;4;3;2;4;24;3;18;2;2;0;4;14;4;4;6;24;4;1;6;2;22;-0.1416007334690958;21;4.119656389695353;5;1;24;21;-2.582485763497089;6;4;3;1;1;17;13;4;8;5;6;0;6;2;4;3;5;25;4;1;1;24;20;-4.266060098625489;4;9;4;5;1;1;4;14;1;8;24;3;6;12
TRACK:42;34;-1;6;4;4;2;1;2;3;0;5;0;7;-6.916755809057153;21;8.313680667101497;6;5;8;0;6;2;6;11;0;15;7;6.9179882657810845;2;2;3;12;5;10;3;3;12;0;1;0;2;1;12;9;0;23;8.058933415098975;24;6;1;22;-0.7742495244895718;22;5.189522918479263;5;15;2;5;1;2;8;9;5;14;0;0;2;9;22;5.119396331763798;4;8;4;1;23;-6.709199592273297;24;6;4;6;0;2;0;13;16;2;14;25;2;3;13;4;18
TRACK:43;36;-1;2;3;4;3;6;4;5;4;18;3;3;5;4;6;5;1;3;3;17;2;3;12;1;19;19
TRACK:44;38;-1;0;2;2;6;1;1;3;3;2;0;20;-9.12096739450493;23;-5.419109646074577;4;21;-8.03692184319495;6;6;3;5;13;1;0;0;3;5;14;4;6;21;-2.437220589822696;2;6;4;12;6;1;14;10;2;1;0;2;15;17;6;24;6;2;10;24;0;3;2;16;15;2;3;13;3;25;2;0;3;0;5;2;0;12;8;4;25;1;4;4;12;2;4;12;5;8;4;5;6;1;0;21;-6.7854491109025465;24;1;21;4.049489369914762;14;4;2;1;2;3;17;6;14;2;0;5;15;0;18;19;5;5;13;4;5;3;1;10;7;3.4553673926626254;4;5;2;6;3;3;0;1;16;9;6;25;1;4;3;4;0;24;8;1;4;6;3;8;0;19;4;6;10;2;6;2;2;1;2;5;2;0;12;10;4;14;4;1;1;8;14;4;11;4;1;6;0;13;24;6;0;17;11;0;1;6;6;2;22;-8.760219911542713;19;6;3;0;13;10;4;3;2;4;24;3;18;2;2;0;4;14;4;4;6;24;4;1;6;2;22;0.07086803024715693;21;4.353482196039044;5;1;24;21;-2.652947581004392;6;4;3;1;1;17;13;4;8;5;6;0;6;2;4;3;5;25;4;1;1;24;20;-4.146579591004465;4;9;4;5;1;1;4;14;1;8;24;3;6;12
TRACK:45;31;-1;0;1;0;1;0;0;5;4;4;0;20;5.934402337533264;7;8.944889314119614;5;5;5;0;24;19;6;0;2;5;5;7;5.832052684933607;1;5;16;6;12;5;2;5;18;5;9;4;21;3.1124610941139474;5;4;3;2;1;2;6;15;5;16;0;3;13;1;22;-9.763174387258417;11;2;6;3;17;4;1;17;23;2.6503589233515163;2;6;1;2;0;1;5;6;9;4;6;8;4;1;6;13;5;7;-9.668918862399181;2;0;2;5;12;3;7;0.25649584900111033;3;0;14;7;-6.521074777499142;3;6;2;18;17;2;3;4;3;6;20;2.8850685280184956;1;4;3;1;7;3.773949443352619;8;6;3;3;12;5;4;4;5;4;0;0;18;10;6;11;5;6;5;5;0;4;6;6;3;22;-1.4020689817190706;2;6;3;2;23;9.781000137403474;9;3;6;0;12;19
TRACK:46;33;-1;2;5;4;4;6;6;3;4;2;1;10;20;0.5772253351794067;0;16;12;1;1;2;3;17;6;14;2;0;5;15;0;18;19;5;5;13;3;2;6;5;2;2;6;2;10;15;3;0;22;-7.8686648275872315;21;-6.394787953315207;4;1;1;10;11;1;18;13;0;0;5;0;1;5;8;2;25;12;3;2;15;15;1;1;0;6;18;0;25;17;1;2;13;19;0;11;9;3;3;3;22;0.03780135028267696;3;1;1;6;6;9;6;4;24;0;2;6;18;2;23;9.740679277980458;16;5;2;12;13
TRACK:47;35;-1;2;5;4;4;6;6;3;4;2;1;10;20;0.3267588505271141;0;16;12;1;1;3;2;5;4;4;0;2;7;-7.815503846431824;8;1;16;10;6;6;4;3;2;25;9;2;2;5;6;18;4;3;1;5;2;7;6.407461912012836;7;-8.17545555241625;2;4;23;-2.418361164452458;2;14;23;7.264347916764266;5;6;5;5;1;6;18;3;14;3;2;6;5;2;2;6;2;10;15;3;0;22;-7.987412095779962;21;-6.428463379387255;4;1;1;10;11;1;18;13;0;0;5;0;1;5;8;2;25;12;3;2;15;15;1;1;0;6;18;0;25;17;4;6;16;3;3;3;22;0.031088502284688492;3;1;1;6;6;9;6;4;24;0;2;6;18;2;23;9.691163644226188;16;5;2;12;13
TRACK:48;37;-1;4;5;2;4;2;3;12;1;8;19;0;3;4;5;3;4;4;18;4;5;5;4;6;2;11;19
TRACK:49;39;-1;0;2;2;6;1;1;3;3;2;0;20;-9.271294641943944;23;-5.32602928373349;4;21;-8.07593184889023;6;6;3;5;13;1;0;0;3;5;14;4;6;21;-2.6658285120977663;2;6;4;12;3;5;19;2;1;0;2;15;17;6;24;6;2;10;24;0;3;2;16;15;2;3;13;3;25;2;0;3;0;5;2;0;12;8;4;17;1;4;4;12;2;4;12;5;8;4;5;6;1;0;21;-6.91906481148807;24;1;21;4.043178617243988;14;4;2;1;1;4;1;18;19;1;1;22;-2.0642284438220457;12;0;12;9;2;0;5;15;0;18;19;5;5;13;4;5;3;1;10;7;3.6752299118711176;4;5;2;6;3;3;0;1;16;9;6;25;1;4;3;4;0;24;8;1;4;6;3;8;0;4;6;19;4;6;10;2;6;2;2;1;2;5;2;0;12;10;4;14;4;1;1;8;14;4;11;4;1;6;0;13;24;6;0;17;11;0;1;6;6;2;22;-8.986930706451258;19;1;0;21;-6.868205820832484;24;1;21;3.9969728019111472;14;4;3;2;4;24;3;18;2;2;0;4;5;6;11;4;4;6;24;4;1;6;2;22;-0.10776623557494858;21;4.260951105001124;5;1;24;21;-2.641109797416103;6;4;3;1;1;17;13;4;8;5;6;0;6;2;4;3;5;25;4;1;1;24;20;-4.386871220215729;4;9;4;5;1;1;4;14;1;8;24;3;6;12
EVAL_INSTANCE:2:0:40
EVAL_INSTANCE:2:1:41
EVAL_INSTANCE:2:2:42
EVAL_INSTANCE:2:3:43
EVAL_INSTANCE:2:4:44
EVAL_INSTANCE:2:5:45
EVAL_INSTANCE:2:6:46
EVAL_INSTANCE:2:7:47
EVAL_INSTANCE:2:8:48
EVAL_INSTANCE:2:9:49
RUN_RESULT:2:0:0:2000:----
RUN_RESULT:2:1:0:230:DDDDLRURUDLLRRURULDLULDDRRUURUUULLLLLL
RUN_RESULT:2:2:0:2000:----
RUN_RESULT:2:3:0:2000:----
RUN_RESULT:2:4:0:175:DDDDLRURURULDLUDLDLURRURRUUULLLLLL
RUN_RESULT:2:5:0:2000:----
RUN_RESULT:2:6:0:2000:----
RUN_RESULT:2:7:0:2000:----
RUN_RESULT:2:8:0:2000:----
RUN_RESULT:2:9:0:2000:----
     3 |       30 | -1.142000E+03 | -3.825000E+03
TRACK:50;28;44;0;2;2;6;1;1;3;3;2;0;20;-9.189321075933545;23;-5.25724258769798;4;21;-8.073949376302828;6;6;3;5;13;1;0;0;3;5;14;4;6;21;-2.5655216568432837;2;6;4;12;6;1;14;10;2;1;0;2;15;17;6;24;6;2;10;24;0;3;2;16;15;2;3;13;3;25;2;0;3;0;5;2;0;12;8;4;17;1;4;4;12;2;4;12;5;8;4;5;6;1;0;21;-6.876253819295027;24;1;21;3.9482990119476673;14;4;2;1;2;3;17;6;14;13;4;5;3;1;10;7;3.586909131528662;4;5;2;6;3;3;0;1;16;9;6;25;1;4;3;4;0;24;8;1;4;6;3;8;0;4;6;19;4;6;10;2;6;2;2;1;2;5;2;0;12;10;4;14;4;1;1;8;14;4;11;4;1;6;0;13;24;6;0;17;11;0;1;6;6;2;22;-8.862698691067756;19;6;3;0;13;10;4;3;2;4;24;3;18;2;2;0;4;14;4;4;6;24;4;1;6;2;22;-0.1952685923132209;21;4.372864502508431;5;1;24;21;-2.4938990947175395;6;4;3;1;1;17;13;4;8;5;6;0;6;2;4;3;5;25;4;1;1;24;20;-4.281222223392238;4;9;4;5;1;1;4;14;1;8;24;3;6;12
TRACK:51;28;44;0;2;2;6;1;1;3;3;2;0;20;-9.12096739450493;23;-5.419109646074577;4;21;-8.03692184319495;6;6;3;5;13;1;0;0;3;5;14;4;6;21;-2.437220589822696;2;6;4;12;6;1;14;10;2;1;0;2;15;17;6;24;6;1;14;10;0;3;2;16;15;2;3;13;3;25;2;0;3;0;5;2;0;12;8;4;25;1;4;4;12;2;4;12;5;8;4;5;6;1;0;21;-6.7854491109025465;24;1;21;4.049489369914762;14;4;2;1;2;3;17;6;14;2;0;5;15;0;18;19;5;5;13;4;5;3;1;10;7;3.4553673926626254;4;5;2;6;3;3;0;1;16;9;6;25;1;4;3;4;0;24;8;1;4;6;3;8;0;19;4;6;10;2;6;2;2;1;2;5;2;0;12;10;4;14;4;1;1;8;14;4;11;4;1;6;0;13;24;6;0;17;11;0;1;6;6;2;22;-8.760219911542713;19;6;3;0;13;10;4;3;2;4;24;3;18;2;2;0;4;14;4;4;6;24;4;1;6;2;22;0.07086803024715693;21;4.353482196039044;5;1;24;21;-2.652947581004392;6;4;3;1;1;17;13;4;8;5;6;0;6;2;4;3;5;25;4;1;1;24;20;-4.146579591004465;4;9;4;5;1;1;4;14;1;8;24;3;6;12
TRACK:52;4;41;4;5;2;4;3;3;2;5;2;0;14;7;-1.2880889187111588;6;14;0;6;6;13;3;0;11;12;0;3;4;5;3;4;4;18;14
TRACK:53;4;41;0;2;2;6;1;1;3;3;2;0;20;-9.057321922111303;23;-5.074528689005174;4;21;-8.124242524517339;6;6;3;5;13;1;0;0;3;5;14;4;6;21;-2.6237233714725856;2;6;4;12;6;1;14;10;2;1;0;2;15;17;6;24;6;2;10;24;0;3;2;16;15;2;3;13;3;25;2;0;3;0;5;2;0;12;8;4;17;1;4;4;12;2;4;12;5;8;4;5;6;1;0;21;-6.772639289252147;24;1;21;4.048392516862971;14;4;2;1;2;3;17;6;14;2;0;5;15;0;18;19;5;5;13;4;5;3;1;7;-1.2880889187111588;7;3.5291353847772813;4;5;2;6;3;3;0;1;16;9;6;25;1;4;3;4;0;24;8;1;4;6;3;8;0;4;6;24;4;6;10;2;6;2;2;1;2;5;2;0;12;10;4;14;4;1;1;8;14;4;11;4;1;6;0;13;24;6;0;7;8.22617572970961;11;0;1;6;6;2;22;-8.763977754542053;19;6;3;0;13;10;4;3;2;4;24;3;18;2;2;0;4;14;4;4;6;24;4;1;6;2;22;-0.1416007334690958;21;4.119656389695353;5;1;24;21;-2.582485763497089;6;4;3;1;1;17;13;4;8;5;6;0;6;2;4;3;5;25;4;1;1;24;20;-4.266060098625489;4;9;4;5;1;1;4;14;1;8;24;3;6;12
TRACK:54;6;41;4;0;6;4;3;3;3;4;1;4;21;3.0518147708368986;3;21;2.6415549205795834;3;1;1;17;13;4;8
TRACK:55;6;41;0;2;2;6;1;1;3;3;2;0;20;-9.057321922111303;23;-5.074528689005174;4;21;-8.124242524517339;6;6;3;5;13;1;0;0;3;5;14;4;6;21;-2.6237233714725856;2;6;4;12;6;1;14;10;2;1;0;2;24;17;6;24;6;2;10;24;0;3;2;16;15;2;3;13;3;25;2;0;3;0;5;2;0;12;8;4;17;1;4;4;12;2;4;12;5;8;4;5;6;1;0;21;-6.772639289252147;24;1;21;4.048392516862971;14;4;2;1;2;3;17;6;14;2;0;5;15;0;18;19;5;5;13;4;5;3;1;10;7;3.5291353847772813;4;5;2;6;3;3;0;1;16;9;6;25;1;4;3;4;0;24;8;1;4;6;3;8;0;4;6;24;4;6;10;2;6;2;2;1;2;5;2;0;12;10;4;14;4;1;1;8;14;4;11;4;1;6;0;13;24;6;0;7;8.22617572970961;11;0;1;6;6;2;22;-8.763977754542053;19;6;3;0;13;10;4;3;2;4;24;3;18;2;2;0;4;14;4;4;6;24;4;1;6;2;22;-0.1416007334690958;21;4.119656389695353;5;1;24;21;-2.582485763497089;6;4;3;1;1;17;13;4;8;5;6;0;6;2;4;3;5;25;4;1;1;24;20;-4.266060098625489;4;9;4;5;1;1;4;14;1;8;24;3;6;12
TRACK:56;6;44;4;0;6;4;3;3;3;4;1;4;21;3.0518147708368986;3;21;2.6415549205795834;3;0;6;3;1;4;5;2;12;7;-2.527865592038017;4;5;0;19;17;4;6;1;0;1;1;21;4.586339806430315;16;4;24;6;5;23;-2.892315974542732;1;5;5;10;1;6;9;3;23;-6.378502598813651
TRACK:57;6;44;0;2;2;6;1;1;3;3;2;0;20;-9.12096739450493;23;-5.419109646074577;4;21;-8.03692184319495;6;6;3;5;13;1;0;0;3;5;14;4;6;21;-2.437220589822696;2;6;4;12;6;1;14;10;2;1;0;2;15;17;6;24;6;2;10;24;0;3;2;16;15;2;3;13;3;25;2;0;3;0;5;2;0;12;8;4;25;1;4;4;12;2;4;12;5;8;4;5;6;1;0;21;-6.7854491109025465;24;1;21;4.049489369914762;14;4;2;1;2;3;17;6;14;2;0;5;15;0;18;19;5;5;13;4;5;3;1;10;7;3.4553673926626254;4;5;2;6;3;3;0;1;16;9;6;25;1;4;3;4;0;24;8;1;4;6;3;8;0;19;4;6;10;2;6;3;3;3;4;1;4;21;3.0518147708368986;3;21;2.6415549205795834;5;6;0;6;2;4;3;5;25;4;1;1;24;20;-4.146579591004465;4;9;4;5;1;1;4;14;1;8;24;3;6;12
TRACK:58;28;1;0;2;2;6;1;1;3;3;2;0;20;-9.189321075933545;23;-5.25724258769798;4;21;-8.073949376302828;6;6;3;5;13;1;0;0;3;5;14;4;6;21;-2.5655216568432837;2;6;4;12;6;1;14;10;2;1;0;2;15;17;6;24;6;2;10;24;0;3;2;16;15;2;3;13;3;25;2;0;3;0;5;2;0;12;8;4;17;1;4;4;12;2;4;12;5;8;4;5;6;1;0;21;-6.876253819295027;24;1;21;3.9482990119476673;14;4;2;1;2;3;17;6;14;2;0;5;15;0;18;19;5;5;13;4;5;3;1;10;7;3.586909131528662;4;5;2;6;3;3;0;1;16;9;6;25;1;4;3;4;0;24;8;1;4;6;6;12;0;4;6;19;4;6;10;2;6;2;2;1;2;5;2;0;12;10;4;14;4;1;1;8;14;4;11;4;1;6;0;13;24;6;0;17;11;0;1;6;6;2;22;-8.862698691067756;19;6;3;0;13;10;4;3;2;4;24;3;18;2;2;0;4;14;4;4;6;24;4;1;6;2;22;-0.1952685923132209;21;4.372864502508431;5;1;24;21;-2.4938990947175395;6;4;3;1;1;17;13;4;8;5;6;0;6;2;4;3;5;25;4;1;1;24;20;-4.281222223392238;4;9;4;5;1;1;4;14;1;8;24;3;6;12
TRACK:59;28;1;0;1;0;1;0;0;5;4;4;0;20;5.896378036288432;7;9.022754734531073;5;5;5;0;24;19;6;0;2;5;5;7;6.007935926220263;1;5;16;6;12;5;2;5;18;5;9;2;0;2;2;2;0;9;7;0.3327273267933162;2;10;9;4;5;8;6;5;4;23;-1.7454755943732394;0;5;2;5;21;4.915167277757924;5;24;0;2;3;7;4.642640473603505;5;9;3;0;15;18;1;2;3;2;0;11;13;6;12;6;6;1;11;16;6;4;4;3;18;5;4;3;2;1;2;6;15;5;16;0;3;13;1;22;-9.878394341093728;11;2;6;3;17;4;1;17;23;2.816772659725693;2;6;1;2;0;1;5;6;9;4;6;8;4;1;6;13;5;7;-9.723637090433952;2;0;2;5;12;3;7;0.31809261257559385;5;15;2;3;2;16;10;4;2;25;17;2;3;4;3;6;20;3.017498229314814;1;4;3;1;7;3.791477563285552;8;6;3;3;12;5;4;4;5;4;0;0;18;10;6;11;5;6;5;5;0;4;6;6;3;22;-1.3248626289833343;2;6;3;2;23;9.96876513821804;9;3;6;0;12;19
TRACK:60;50;-1;0;2;2;6;1;1;3;3;2;0;20;-9.192258696042499;23;-5.258280250042499;4;21;-7.93427093830071;6;6;3;5;13;1;0;0;3;5;14;4;6;21;-2.5500717300020197;2;6;4;12;6;1;14;10;2;1;0;2;15;17;6;24;6;2;10;24;0;3;2;16;15;2;3;13;3;25;2;0;3;0;5;2;3;12;1;23;-8.907562571560689;7;1.0537153632971368;1;4;4;12;2;4;12;5;8;4;5;6;1;0;21;-6.906578412026499;24;1;21;4.037530857715165;14;4;2;1;2;3;17;6;14;13;4;5;3;1;10;7;3.478674435023467;4;5;2;6;3;3;0;1;16;9;6;25;1;4;3;4;0;24;8;1;4;6;3;8;0;4;6;19;4;6;10;2;6;2;2;1;2;5;2;0;12;10;4;14;4;1;1;8;14;4;11;4;1;6;0;13;24;6;0;17;11;0;1;6;6;2;22;-8.884185887258926;19;6;3;0;13;10;4;3;2;4;24;3;18;2;2;0;4;14;4;4;6;24;4;1;6;2;22;-0.19323754847240257;21;4.224876219872504;5;1;24;21;-2.497546817061575;6;4;3;1;1;17;13;4;8;5;6;0;6;2;4;3;5;25;4;1;1;24;20;-4.410736272929883;4;9;4;5;1;1;4;14;1;8;24;3;6;12
TRACK:61;52;-1;4;5;2;4;3;3;2;5;2;0;14;7;-1.0873544991658666;6;14;0;6;6;13;1;24;14;0;3;4;5;3;4;4;18;14
TRACK:62;6;-1;4;0;6;4;3;3;3;4;1;4;21;3.1097274018667127;3;21;2.6989911349990012;3;0;6;3;1;4;5;2;12;7;-2.5976876441995103;4;5;0;19;17;4;6;1;0;1;1;21;4.589663212811818;16;4;24;6;5;23;-3.0834176627254917;1;5;0;17;8;1;6;9;3;23;-6.326023601652172
TRACK:63;56;-1;4;0;6;4;3;3;3;4;1;4;21;3.003813315713698;3;21;2.4704648494261074;3;0;6;3;1;4;5;2;12;7;-2.4077268020258145;4;5;0;19;17;4;6;1;0;1;1;21;4.608900595506841;16;4;24;6;5;23;-2.6763062223408496;1;5;5;24;1;6;9;3;23;-6.331689993060114
TRACK:64;58;-1;0;2;2;6;1;1;3;3;2;0;20;-9.033943956298035;23;-5.186964993223363;4;21;-8.121159605703136;6;6;3;5;13;1;0;0;3;5;14;4;6;21;-2.4216860034594765;2;6;4;12;6;1;14;10;3;2;0;3;11;0;15;19;3;5;15;2;0;3;0;5;2;0;12;8;4;17;1;4;4;12;2;4;12;5;8;4;5;6;1;0;21;-6.778398276730623;24;1;21;3.821357918908527;14;4;2;1;2;3;17;6;14;2;0;5;15;0;18;19;5;5;13;4;5;3;1;10;7;3.608355822091067;4;5;2;6;3;3;0;1;16;9;6;25;1;4;3;4;0;24;8;1;4;6;6;12;0;4;6;19;4;6;10;2;6;2;2;1;2;5;2;0;12;10;4;14;4;1;1;8;14;4;11;4;1;6;0;13;24;6;0;17;11;0;1;6;6;2;22;-9.000783179277484;19;6;3;0;13;10;4;3;2;4;24;3;18;2;2;0;4;14;4;4;6;24;4;1;6;2;22;-0.3793350146320372;21;4.448191584247402;5;1;24;21;-2.4714329946154354;6;4;3;1;1;17;13;4;8;5;6;0;6;2;4;3;5;25;4;1;1;24;20;-4.190061808060987;4;9;4;5;1;1;4;14;1;8;24;3;6;12
TRACK:65;51;-1;0;2;2;6;1;1;3;3;2;0;20;-9.142174341288118;23;-5.476607099667321;4;21;-7.989868346972402;6;6;3;5;13;1;0;0;3;5;14;4;6;21;-2.469235086385175;2;6;4;12;6;1;14;10;2;1;0;2;15;17;6;24;0;9;9;0;3;2;16;15;2;3;13;3;25;2;0;3;0;5;2;0;12;8;4;25;1;4;4;12;2;4;12;5;8;4;5;6;1;0;21;-6.6669315195832395;24;1;21;3.9432670073111042;14;4;2;1;2;3;17;6;14;2;0;5;15;0;18;19;5;5;13;4;5;3;1;10;7;3.4956836486648726;4;5;2;6;3;3;0;1;16;9;6;25;1;4;3;4;0;24;8;1;4;6;3;8;0;19;4;6;10;2;6;2;2;1;2;5;2;0;12;10;4;14;4;1;1;8;14;4;11;4;1;6;0;13;24;6;0;17;11;0;1;6;6;2;22;-8.818565801060581;19;6;3;0;13;10;4;3;2;4;24;3;18;2;2;0;4;14;4;4;6;24;4;1;6;2;22;-0.04820561264654773;21;4.244991454438717;5;1;24;21;-2.7605602495770816;6;4;3;1;1;17;13;4;8;5;6;0;6;2;4;3;5;25;4;1;1;24;20;-4.158650239660866;4;9;4;5;1;1;4;14;1;8;24;3;6;12
TRACK:66;53;-1;0;2;2;6;1;1;3;3;2;0;20;-9.06828461858376;23;-5.1413626120709655;4;21;-8.133568907359187;6;6;3;5;13;1;0;0;3;5;14;4;6;21;-2.633480203939576;2;6;4;12;6;1;14;8;2;1;0;2;15;17;6;24;6;2;10;24;0;3;2;16;15;2;3;13;3;25;2;0;3;0;5;2;0;12;8;4;17;1;4;4;12;2;4;12;5;8;4;5;6;1;0;21;-6.663594312072548;24;1;21;4.045272596543483;14;4;2;1;2;3;17;6;14;2;0;5;15;0;18;19;5;5;13;4;5;3;1;7;-1.2913855865791872;7;3.5123170912629926;4;5;2;6;3;3;0;1;16;9;6;25;1;4;3;4;0;24;8;1;4;6;3;8;0;4;6;24;4;6;10;2;6;2;2;1;2;5;2;0;12;10;4;14;4;1;1;8;14;4;11;4;1;6;0;13;24;6;0;7;8.057042832875393;11;0;1;6;6;2;22;-8.679370887123493;19;6;3;0;13;10;4;3;2;4;24;3;18;2;2;0;4;14;4;4;6;24;4;1;6;2;22;-0.2669464955581936;21;4.054142793530094;5;1;24;21;-2.596035750982697;6;4;3;1;1;17;13;4;8;5;6;0;6;2;4;3;5;25;4;1;1;24;20;-4.174518477865146;4;9;4;5;1;1;4;14;1;8;24;3;6;12
TRACK:67;41;-1;0;2;2;6;1;1;3;3;2;0;20;-9.139123877089986;23;-5.197293438394189;4;21;-8.421652895664609;6;6;3;5;13;1;0;0;3;5;14;4;6;21;-2.7278840677148652;2;6;4;12;6;1;14;10;2;1;0;2;15;17;6;24;6;2;10;24;0;3;2;16;15;2;3;13;3;25;2;0;3;0;5;2;0;12;8;4;17;1;4;4;12;2;4;12;5;8;4;5;6;1;0;21;-6.812207599821692;24;1;21;4.02917719758888;14;4;2;1;2;3;17;6;14;2;0;5;15;0;18;19;5;5;13;4;5;3;1;10;7;3.4855894422705975;4;5;2;6;3;3;0;1;16;9;6;25;1;4;3;4;0;24;8;1;4;6;3;8;0;4;6;24;4;6;10;2;4;6;25;5;6;0;6;2;4;3;5;25;4;1;1;24;20;-4.299982343798747;4;9;4;5;1;1;4;14;1;8;24;3;6;12
TRACK:68;57;-1;0;2;2;6;1;1;3;3;2;0;20;-9.087238388521255;23;-5.5142627816482985;4;21;-8.162985836109703;6;6;3;5;13;1;0;0;3;5;14;4;6;21;-2.493603869496229;2;6;4;12;6;1;14;10;2;1;0;2;15;17;6;24;6;2;10;24;0;3;2;16;15;2;3;13;3;25;2;0;3;0;5;2;0;12;8;4;25;1;4;4;12;2;4;12;5;8;4;5;6;1;0;21;-6.888509448896126;24;1;21;4.092831576217741;14;4;2;1;2;3;3;17;6;14;2;0;5;15;0;18;19;5;5;13;4;5;3;1;10;7;3.545252000418138;4;5;2;6;3;3;0;1;16;9;6;25;1;4;3;4;0;24;8;1;4;6;3;8;0;19;4;6;10;2;6;3;3;3;4;1;4;21;3.1463947427596857;3;21;2.639536189516876;5;6;0;6;2;4;3;5;25;4;1;1;24;20;-4.108690826838734;4;9;4;5;1;1;4;14;1;8;24;3;6;12
TRACK:69;59;-1;0;1;0;1;0;0;5;4;4;0;20;6.021476414092245;7;9.116604002384644;6;6;14;6;0;2;5;5;7;5.900702082856358;1;5;16;6;12;5;2;5;18;5;9;2;0;2;2;2;0;9;7;0.24938979035149295;2;10;9;4;5;8;6;5;4;23;-1.8570306027372703;0;5;2;5;21;4.891478962129397;5;24;0;2;3;7;4.592443003951816;5;9;3;0;15;18;1;2;3;2;0;11;13;6;12;6;6;1;11;16;6;4;4;3;18;5;4;3;2;1;2;6;15;5;16;0;3;13;1;22;-9.765054782981847;11;2;6;3;17;4;1;17;23;2.677782582278454;2;6;1;2;0;1;5;6;9;4;6;8;4;1;6;13;5;7;-9.57437760467394;2;0;2;5;12;3;7;0.27666894372777684;5;15;2;3;2;16;10;4;2;25;17;2;3;4;3;6;20;3.002105211405175;1;4;3;1;7;3.8251569930976825;8;6;3;3;12;5;4;4;5;4;0;0;18;10;6;11;5;6;5;5;0;4;6;6;3;22;-1.4284952981129786;2;6;3;2;23;9.939731332869084;9;3;6;0;12;19
EVAL_INSTANCE:3:0:60
EVAL_INSTANCE:3:1:61
EVAL_INSTANCE:3:2:62
EVAL_INSTANCE:3:3:63
EVAL_INSTANCE:3:4:64
EVAL_INSTANCE:3:5:65
EVAL_INSTANCE:3:6:66
EVAL_INSTANCE:3:7:67
EVAL_INSTANCE:3:8:68
EVAL_INSTANCE:3:9:69
RUN_RESULT:3:0:0:175:DDDDLRURURULDLUDLDLURRURRUUULLLLLL
RUN_RESULT:3:1:0:2000:----
RUN_RESULT:3:2:0:2000:----
RUN_RESULT:3:3:0:2000:----
RUN_RESULT:3:4:0:175:DDDDLRURURULDLUDLDLURRURRUUULLLLLL
RUN_RESULT:3:5:0:175:DDDDLRURURULDLUDLDLURRURRUUULLLLLL
RUN_RESULT:3:6:0:230:DDDDLRURUDLLRRURULDLULDDRRUURUUULLLLLL
RUN_RESULT:3:7:0:2000:----
RUN_RESULT:3:8:0:2000:----
RUN_RESULT:3:9:0:2000:----
     4 |       40 | -2.666500E+03 | -3.825000E+03
TRACK:70;66;64;0;2;2;6;1;1;3;3;2;0;20;-9.06828461858376;23;-5.1413626120709655;4;21;-8.133568907359187;6;6;3;5;13;1;0;0;3;5;14;4;6;21;-2.633480203939576;2;6;4;12;6;1;14;8;2;1;0;2;15;17;6;24;6;2;10;24;0;3;2;16;15;2;3;13;3;25;2;0;3;0;5;2;0;12;8;4;17;1;4;4;12;2;4;12;5;8;4;5;6;1;0;21;-6.663594312072548;24;1;21;4.045272596543483;14;4;2;1;2;3;17;6;14;2;0;5;15;0;18;19;5;5;13;4;5;3;1;7;-1.2913855865791872;7;3.5123170912629926;4;5;2;6;3;3;0;1;16;9;6;25;1;4;3;4;0;24;8;1;4;6;3;8;0;4;6;24;4;6;10;2;6;2;2;1;2;5;2;0;12;10;4;14;4;1;1;8;14;4;11;4;1;6;0;13;24;6;0;7;8.057042832875393;11;0;1;6;6;2;22;-8.679370887123493;19;6;3;0;13;10;4;3;2;4;24;3;18;2;2;0;4;14;4;4;6;24;4;1;6;2;12;21;4.054142793530094;5;1;24;21;-2.596035750982697;6;4;3;1;1;17;13;4;8;5;6;0;6;2;4;3;5;25;4;1;1;24;20;-4.174518477865146;4;9;4;5;1;1;4;14;1;8;24;3;6;12
TRACK:71;66;64;0;2;2;6;1;1;3;4;14;6;6;3;5;13;1;0;0;3;5;14;4;6;21;-2.4216860034594765;2;6;4;12;6;1;14;10;3;2;0;3;11;0;15;19;3;5;15;2;0;3;0;5;2;0;12;8;4;17;1;4;4;12;2;4;12;5;8;4;5;6;1;0;21;-6.778398276730623;24;1;21;3.821357918908527;14;4;2;1;2;3;17;6;14;2;0;5;15;0;18;19;5;5;13;4;5;3;1;10;7;3.608355822091067;4;5;2;6;3;3;0;1;16;9;6;25;1;4;3;4;0;24;8;1;4;6;6;12;0;4;6;19;4;6;10;2;6;2;2;1;2;5;2;0;12;10;4;14;4;1;1;8;14;4;11;4;1;6;0;13;24;6;0;17;11;0;1;6;6;2;22;-9.000783179277484;19;6;3;0;13;10;4;3;2;4;24;3;18;2;2;0;4;14;4;4;6;24;4;1;6;2;22;-0.3793350146320372;21;4.448191584247402;5;1;24;21;-2.4714329946154354;6;4;3;1;1;17;13;4;8;5;6;0;6;2;4;3;5;25;4;1;1;24;20;-4.190061808060987;4;9;4;5;1;1;4;14;1;8;24;3;6;12
TRACK:72;28;60;0;2;2;6;1;1;3;3;2;0;20;-9.189321075933545;23;-5.25724258769798;4;21;-8.073949376302828;6;6;3;5;13;1;0;0;3;5;14;4;6;21;-2.5655216568432837;2;6;4;12;6;1;20;-4.410736272929883;10;2;1;0;2;15;17;6;24;6;2;10;24;0;3;2;16;15;2;3;13;3;25;2;0;3;0;5;2;0;12;8;4;17;1;4;4;12;2;4;12;5;8;4;5;6;1;0;21;-6.876253819295027;24;1;21;3.9482990119476673;14;4;2;1;2;3;17;6;14;2;0;5;15;0;18;19;5;5;13;4;5;3;1;10;7;3.586909131528662;4;5;2;6;3;3;0;1;16;9;6;25;1;4;3;4;0;24;8;1;4;6;3;8;0;4;6;19;4;6;10;2;6;2;2;1;2;5;2;0;12;10;4;14;4;1;1;8;14;4;11;4;1;6;0;13;24;6;0;17;11;0;1;6;6;2;22;-8.862698691067756;19;6;3;0;13;10;4;3;2;4;24;3;18;2;2;0;4;14;4;4;6;24;4;1;6;2;22;-0.1952685923132209;21;4.372864502508431;5;1;24;21;-2.4938990947175395;6;4;3;1;1;17;13;4;8;5;6;0;6;2;4;3;5;25;4;1;1;24;20;-4.281222223392238;4;9;4;5;1;1;4;14;1;8;24;3;6;12
TRACK:73;28;60;0;2;2;6;1;1;3;3;2;0;20;-9.192258696042499;23;-5.258280250042499;4;21;-7.93427093830071;6;6;3;5;13;1;0;0;3;5;14;4;6;21;-2.5500717300020197;2;6;4;12;6;1;14;10;2;1;0;2;15;17;6;24;12;0;3;2;16;15;2;3;13;3;25;2;0;3;0;5;2;3;12;1;23;-8.907562571560689;7;1.0537153632971368;1;4;4;12;2;4;12;5;8;4;5;6;1;0;21;-6.906578412026499;24;1;21;4.037530857715165;14;4;2;1;2;3;17;6;14;13;4;5;3;1;10;7;3.478674435023467;4;5;2;6;3;3;0;1;16;9;6;25;1;4;3;4;0;24;8;1;4;6;3;8;0;4;6;19;4;6;10;2;6;2;2;1;2;5;2;0;12;10;4;14;4;1;1;8;14;4;11;4;1;6;0;13;24;6;0;17;11;0;1;6;6;2;22;-8.884185887258926;19;6;3;0;13;10;4;3;2;4;24;3;18;2;2;0;4;14;4;4;6;24;4;1;6;2;22;-0.19323754847240257;21;4.224876219872504;5;1;24;21;-2.497546817061575;6;4;3;1;1;17;13;4;8;5;6;0;6;2;4;3;5;25;4;1;1;24;20;-4.410736272929883;4;9;4;5;1;1;4;14;1;8;24;3;6;12
TRACK:74;65;28;0;2;2;6;1;1;3;3;2;0;20;-9.142174341288118;23;-5.476607099667321;4;21;-7.989868346972402;6;6;3;5;13;1;0;0;3;5;14;4;6;21;-2.469235086385175;2;6;4;12;6;1;14;10;2;1;0;2;15;17;6;24;0;9;9;0;3;2;16;15;2;3;13;3;25;2;0;3;0;5;2;0;12;8;4;25;1;4;4;12;2;4;12;5;8;4;5;6;1;0;21;-6.6669315195832395;24;1;21;3.9432670073111042;14;4;2;1;2;3;17;6;14;2;0;8;0;18;19;5;5;13;4;5;3;1;10;7;3.4956836486648726;4;5;2;6;3;3;0;1;16;9;6;25;1;4;3;4;0;24;8;1;4;6;3;8;0;19;4;6;10;2;6;2;2;1;2;5;2;0;12;10;4;14;4;1;1;8;14;4;11;4;1;6;0;13;24;6;0;17;11;0;1;6;6;2;22;-8.818565801060581;19;6;3;0;13;10;4;3;2;4;24;3;18;2;2;0;4;14;4;4;6;24;4;1;6;2;22;-0.04820561264654773;21;4.244991454438717;5;1;24;21;-2.7605602495770816;6;4;3;1;1;17;13;4;8;5;6;0;6;2;4;3;5;25;4;1;1;24;20;-4.158650239660866;4;9;4;5;1;1;4;14;1;8;24;3;6;12
TRACK:75;65;28;0;2;2;6;1;1;3;3;2;0;20;-9.189321075933545;11;4;21;-8.073949376302828;6;6;3;5;13;1;0;0;3;5;14;4;6;21;-2.5655216568432837;2;6;4;12;6;1;14;10;2;1;0;2;15;17;6;24;6;2;10;24;0;3;2;16;15;2;3;13;3;25;2;0;3;0;5;2;0;12;8;4;17;1;4;4;12;2;4;12;5;8;4;5;6;1;0;21;-6.876253819295027;24;1;21;3.9482990119476673;14;4;2;1;2;3;17;6;14;2;0;5;15;0;18;19;5;5;13;4;5;3;1;10;7;3.586909131528662;4;5;2;6;3;3;0;1;16;9;6;25;1;4;3;4;0;24;8;1;4;6;3;8;0;4;6;19;4;6;10;2;6;2;2;1;2;5;2;0;12;10;4;14;4;1;1;8;14;4;11;4;1;6;0;13;24;6;0;17;11;0;1;6;6;2;22;-8.862698691067756;19;6;3;0;13;10;4;3;2;4;24;3;18;2;2;0;4;14;4;4;6;24;4;1;6;2;22;-0.1952685923132209;21;4.372864502508431;5;1;24;21;-2.4938990947175395;6;4;3;1;1;17;13;4;8;5;6;0;6;2;4;3;5;25;4;1;1;24;20;-4.281222223392238;4;9;4;5;1;1;4;14;1;8;24;3;6;12
TRACK:76;44;60;0;2;2;6;1;1;3;3;2;0;20;-9.12096739450493;23;-5.419109646074577;4;21;-8.03692184319495;6;6;3;5;13;1;0;0;3;5;14;4;6;21;-2.437220589822696;2;6;4;12;6;1;14;10;2;1;0;2;15;17;6;24;6;2;10;24;0;3;2;16;15;2;3;13;3;25;2;0;3;0;5;2;0;12;8;4;25;1;4;4;12;2;4;12;5;8;4;5;6;1;0;21;-6.7854491109025465;24;1;21;4.049489369914762;14;4;2;1;2;3;17;6;14;2;0;5;15;0;18;19;5;5;13;4;5;3;1;10;7;3.4553673926626254;4;5;2;6;3;3;0;1;16;9;6;25;1;4;3;4;0;24;8;1;4;6;3;8;0;19;4;6;10;2;6;2;2;1;2;5;2;0;12;10;4;14;4;1;1;8;14;4;11;4;1;6;0;13;24;6;0;17;11;0;1;8;6;3;0;13;10;4;3;2;4;24;3;18;2;2;0;4;14;4;4;6;24;4;1;6;2;22;0.07086803024715693;21;4.353482196039044;5;1;24;21;-2.652947581004392;6;4;3;1;1;17;13;4;8;5;6;0;6;2;4;3;5;25;4;1;1;24;20;-4.146579591004465;4;9;4;5;1;1;4;14;1;8;24;3;6;12
TRACK:77;44;60;0;2;2;6;1;1;3;3;2;0;20;-9.192258696042499;23;-5.258280250042499;4;21;-7.93427093830071;6;6;3;5;13;1;0;0;3;5;14;4;6;21;-2.5500717300020197;2;6;4;12;6;1;14;10;2;1;0;2;15;17;6;24;6;2;10;24;0;3;2;16;15;2;3;13;3;25;2;0;3;0;5;2;3;12;1;23;-8.907562571560689;7;1.0537153632971368;1;4;4;12;2;4;12;5;8;4;5;6;1;0;21;-6.906578412026499;24;1;21;4.037530857715165;14;4;2;1;2;3;17;6;14;13;4;5;3;1;10;7;3.478674435023467;4;5;2;6;3;3;0;1;16;9;6;25;1;4;3;4;0;24;8;1;4;6;3;8;0;4;6;19;4;6;10;2;6;2;2;1;2;5;2;0;12;10;4;14;4;1;1;8;14;4;11;4;1;6;0;13;24;6;0;17;11;0;1;6;6;2;22;-8.884185887258926;19;6;3;0;13;10;4;3;2;4;24;3;18;2;2;0;4;14;4;4;6;24;4;1;6;2;22;-0.19323754847240257;21;4.224876219872504;5;1;24;21;-2.497546817061575;6;4;3;1;1;17;13;4;8;5;6;0;6;2;1;4;4;12;2;4;12;5;8;4;1;1;24;20;-4.410736272929883;4;9;4;5;1;1;4;14;1;8;24;3;6;12
TRACK:78;64;65;0;2;2;6;1;1;3;3;2;0;20;-9.033943956298035;23;-5.186964993223363;4;21;-8.121159605703136;6;6;3;5;13;1;0;0;3;5;14;4;6;21;-2.4216860034594765;2;6;4;12;6;1;14;10;3;2;0;3;11;0;15;19;3;5;15;2;0;3;0;5;2;0;12;8;4;17;1;4;4;12;2;4;12;5;8;4;5;4;9;4;2;1;2;3;17;6;14;2;0;5;15;0;18;19;5;5;13;4;5;3;1;10;7;3.608355822091067;4;5;2;6;3;3;0;1;16;9;6;25;1;4;3;4;0;24;8;1;4;6;6;12;0;4;6;19;4;6;10;2;6;2;2;1;2;5;2;0;12;10;4;14;4;1;1;8;14;4;11;4;1;6;0;13;24;6;0;17;11;0;1;6;6;2;22;-9.000783179277484;19;6;3;0;13;10;4;3;2;4;24;3;18;2;2;0;4;14;4;4;6;24;4;1;6;2;22;-0.3793350146320372;21;4.448191584247402;5;1;24;21;-2.4714329946154354;6;4;3;1;1;17;13;4;8;5;6;0;6;2;4;3;5;25;4;1;1;24;20;-4.190061808060987;4;9;4;5;1;1;4;14;1;8;24;3;6;12
TRACK:79;64;65;0;2;2;6;1;1;3;3;2;0;20;-9.142174341288118;23;-5.476607099667321;4;21;-7.989868346972402;6;6;3;5;13;1;0;0;3;5;14;4;6;21;-2.469235086385175;2;6;4;12;6;1;14;10;2;1;0;2;15;17;6;24;0;9;9;0;3;2;16;15;2;3;13;3;25;2;0;3;0;5;2;0;12;8;4;25;1;4;4;12;2;4;12;5;8;4;5;6;1;0;21;-6.6669315195832395;24;1;21;3.9432670073111042;14;4;2;1;2;3;17;6;14;2;0;5;15;0;18;19;5;5;13;4;5;3;1;10;7;3.4956836486648726;4;5;2;6;3;3;0;1;16;9;6;25;1;4;3;4;0;24;8;1;4;6;3;8;0;19;4;6;10;2;6;2;2;1;2;5;2;0;12;10;4;14;4;1;1;8;14;4;11;4;1;6;0;13;24;6;0;17;11;0;1;6;6;2;22;-8.818565801060581;19;6;3;0;13;10;4;3;2;4;24;3;18;2;2;0;4;14;4;4;6;24;4;1;6;2;22;-0.04820561264654773;21;4.244991454438717;5;1;24;21;-2.7605602495770816;6;24;5;6;0;6;2;4;3;5;25;4;1;1;24;20;-4.158650239660866;4;9;4;5;1;1;4;14;1;8;24;3;6;12
TRACK:80;70;-1;0;2;2;6;1;1;3;3;2;0;20;-9.04136874910528;23;-5.077035462986486;4;21;-8.377651644624102;6;6;3;5;13;1;0;0;3;5;14;4;6;21;-2.721092236803636;2;6;4;12;6;1;14;8;2;1;4;17;6;2;10;24;0;3;2;16;15;2;3;13;3;25;2;0;3;0;5;2;0;12;8;4;17;1;4;4;12;2;4;12;5;8;4;5;6;1;0;21;-6.65911935535109;24;1;21;4.126295485140549;14;4;2;1;2;3;17;6;14;2;0;5;15;0;18;19;5;5;13;4;5;3;1;7;-1.298170586596836;7;3.621115983758919;4;5;2;6;3;3;0;1;16;9;6;25;1;4;3;4;0;24;8;1;4;6;3;8;0;4;6;24;4;6;10;2;6;2;2;1;2;5;2;0;12;10;4;14;4;1;1;8;14;4;11;4;1;6;0;13;24;6;0;7;8.089193067373191;11;0;1;6;6;2;22;-8.635384355114219;19;6;3;0;13;10;4;3;2;4;24;3;18;2;2;0;4;14;4;4;6;24;4;1;6;2;12;21;4.1280892872739505;5;1;24;21;-2.8017792997299176;6;4;3;1;1;17;13;4;8;5;6;0;6;2;4;3;5;25;4;1;1;24;20;-4.273665623892418;4;9;4;5;1;1;4;14;1;8;24;3;6;12
TRACK:81;72;-1;0;2;2;6;1;1;3;3;2;0;20;-9.15655199709222;23;-5.191098032646552;4;21;-8.203234896920625;6;6;3;5;13;1;0;0;3;5;14;4;6;21;-2.475265234508639;2;4;15;6;1;20;-4.436254289851488;10;2;1;0;2;15;17;6;24;6;2;10;24;0;3;2;16;15;2;3;13;3;25;2;0;3;0;5;2;0;12;8;4;17;1;4;4;12;2;4;12;5;8;4;5;6;1;0;21;-6.889922308860586;24;1;21;3.8548150300100907;14;4;2;1;2;3;17;6;14;2;0;5;15;0;18;19;5;5;13;4;5;3;1;10;7;3.5879092983471894;4;5;2;6;3;3;0;1;16;9;6;25;1;4;3;4;0;24;8;1;4;6;3;8;0;4;6;19;4;6;10;2;6;2;2;1;2;5;2;0;12;10;4;14;4;1;1;8;14;4;11;4;1;6;0;13;24;6;0;17;11;0;1;6;6;2;22;-9.00494154226756;19;6;3;0;13;10;4;3;2;4;24;3;18;2;2;0;4;14;4;4;6;24;4;1;6;2;22;-0.17534979157970595;21;4.2975007757974915;5;1;24;21;-2.5081554280933664;6;4;3;1;1;17;13;4;8;5;6;0;6;2;4;3;5;25;4;1;1;24;20;-4.4764612117623;4;9;4;5;1;1;4;14;1;8;24;3;6;12
TRACK:82;65;-1;0;2;2;6;1;1;3;3;2;0;20;-9.203260237875638;23;-5.348262911354457;4;21;-8.047762746593126;6;6;3;5;13;1;0;0;3;5;14;4;6;21;-2.5087509789338007;2;6;4;12;6;1;14;10;2;1;0;2;15;17;6;24;0;9;9;0;3;2;16;15;2;3;13;3;25;2;0;3;0;5;2;0;12;8;4;25;1;4;4;12;2;4;12;5;8;4;5;6;1;0;21;-6.590144001833602;24;1;21;3.900536137012632;14;4;2;1;2;3;17;6;14;2;0;5;15;0;18;19;5;5;13;4;5;3;1;10;7;3.545554302424696;4;5;2;6;3;3;0;1;16;9;6;25;1;4;3;4;0;24;8;1;4;6;3;8;0;19;4;6;10;1;2;20;-7.437872516633687;22;9.612473590299956;4;16
TRACK:83;44;-1;0;2;2;6;1;1;3;3;2;0;20;-9.035308762632493;23;-5.427413493509816;4;21;-7.952699503058636;6;6;3;5;13;1;0;0;3;5;14;4;6;21;-2.365206849127937;2;6;4;12;6;1;14;10;2;1;0;2;15;17;6;24;6;2;10;24;0;3;2;16;15;2;3;13;3;25;2;0;3;0;5;2;0;12;8;4;25;1;4;4;12;2;4;12;5;8;4;5;6;1;0;21;-6.8788920607158;24;1;21;4.266946021695314;14;4;2;1;2;3;17;6;14;2;0;5;15;0;18;19;5;5;13;4;5;3;1;10;7;3.4050155552096646;4;5;2;6;3;3;0;1;16;9;6;25;1;4;3;4;0;24;8;1;4;6;3;8;0;19;4;6;10;2;6;2;2;1;2;5;2;0;12;10;4;14;4;1;1;8;14;4;11;4;1;6;0;13;24;6;0;17;11;0;1;6;6;2;22;-8.775710421224495;19;6;3;0;13;10;4;3;2;4;24;3;18;2;2;0;4;14;4;4;6;24;4;1;6;2;22;0.08744444515135884;21;4.285345255924887;5;1;24;21;-2.61287752630878;6;5;0;5;14;5;11;5;6;0;6;2;4;3;5;25;4;1;1;24;20;-4.199725311269456;4;9;4;5;1;1;4;14;1;8;24;3;6;12
TRACK:84;78;-1;0;2;2;6;1;1;3;3;2;4;15;4;21;-8.198283303152134;6;6;3;5;13;1;0;0;3;5;14;4;6;21;-2.3548988640673376;2;6;4;12;6;1;14;10;3;2;0;3;11;0;15;19;3;5;15;2;0;3;0;5;2;0;12;8;4;17;1;4;4;12;2;4;12;5;8;4;5;4;9;4;2;1;2;3;17;6;14;2;0;5;15;0;18;19;5;5;13;4;5;3;1;10;7;3.655109646547113;4;5;2;6;3;3;0;1;16;9;6;25;1;4;3;4;0;24;8;1;4;6;6;12;0;4;6;19;4;6;10;2;6;2;2;1;2;5;2;0;12;10;4;14;4;1;1;8;14;4;11;4;1;6;0;13;24;6;0;17;11;0;1;6;6;2;22;-8.814079797688489;19;6;3;0;13;10;4;3;2;4;24;3;18;2;2;0;4;14;4;4;6;24;4;1;6;2;22;-0.10410059793716492;21;4.413927649955681;5;1;24;21;-2.4232739931296137;6;4;3;1;1;17;13;4;8;5;6;0;6;2;4;3;5;25;4;1;1;24;20;-3.96847849742979;4;9;4;5;1;1;4;14;1;8;24;3;6;12
TRACK:85;71;-1;0;2;2;6;1;1;3;4;14;6;6;3;5;13;1;0;0;3;5;14;4;6;21;-2.397045599740108;2;6;4;12;6;1;14;10;3;2;0;3;11;0;15;19;3;5;15;2;0;3;0;5;2;0;17;8;4;17;1;4;4;12;2;4;12;5;8;4;5;6;1;0;21;-6.664186279703632;24;1;21;3.9236050961956246;14;4;2;1;2;3;17;6;14;2;0;5;15;0;18;19;5;5;13;4;5;3;1;10;7;3.6376296648210418;4;5;2;6;3;3;0;1;16;9;6;25;1;4;3;4;0;24;8;1;4;6;6;12;0;4;6;19;4;6;10;2;6;2;2;1;2;5;2;0;12;10;4;14;4;1;1;8;14;4;11;4;1;6;0;13;24;6;0;17;11;0;1;6;6;2;22;-8.951104462886763;19;6;3;0;13;10;4;3;2;4;24;3;18;2;2;0;4;14;4;4;6;24;4;1;6;2;22;-0.3823862027119948;21;4.418596697839346;5;1;24;21;-2.5366112390259348;6;4;3;1;1;17;13;4;8;5;6;0;6;2;4;3;5;25;4;1;1;24;20;-4.149653330208216;4;9;4;5;1;1;4;14;1;8;24;3;6;12
TRACK:86;73;-1;0;2;2;6;1;1;3;3;2;0;20;-9.160398666348431;23;-5.301578737310873;4;21;-7.986215696627572;6;6;3;5;13;1;0;0;3;5;14;4;6;21;-2.5160480160983845;2;2;7;-9.296859515361737;16;6;1;14;10;2;1;0;2;15;17;6;24;12;0;3;2;16;15;2;3;13;3;25;2;0;3;0;5;2;3;12;1;23;-8.817742030452443;7;0.954749977717077;1;4;4;12;2;4;12;5;8;4;5;6;1;0;21;-6.922911570852102;24;1;21;4.06246753525163;14;4;2;1;2;3;17;6;14;13;4;5;3;1;10;7;3.4001447374111624;4;5;2;6;3;3;0;1;16;9;6;25;1;4;3;4;0;24;8;1;4;6;3;8;0;4;6;19;4;6;10;2;6;2;2;1;2;5;2;0;12;10;4;14;4;1;1;8;14;4;11;4;1;6;0;13;24;6;0;17;11;0;1;6;6;2;22;-8.953421261982804;19;6;3;0;13;10;4;3;2;4;24;3;18;2;2;0;4;14;4;4;6;24;4;1;6;2;22;-0.4105305354292771;21;4.245640849068257;5;1;24;21;-2.5512296943251687;6;4;3;1;1;17;13;4;8;5;6;0;6;2;4;3;5;25;4;1;1;24;20;-4.48324592390557;4;9;4;5;1;1;4;14;1;8;24;3;6;12
TRACK:87;28;-1;0;2;2;6;1;1;3;3;2;0;20;-9.22140691141287;23;-5.356547854922755;4;21;-7.937198226286189;6;6;3;5;13;1;0;0;3;5;14;4;6;21;-2.920680370917604;2;6;4;12;6;1;14;10;2;1;0;5;21;0.704972914765392;6;24;6;2;10;24;0;3;2;16;15;2;3;13;3;25;2;0;3;0;5;2;0;12;8;4;17;1;4;4;12;2;4;12;5;8;4;5;6;1;0;21;-6.735825290392697;24;1;21;3.956202785364934;14;4;2;1;2;3;17;6;14;2;0;5;15;0;18;19;5;5;13;4;5;3;1;10;7;3.477728803114056;4;5;2;6;3;3;0;1;16;9;6;25;1;4;3;4;0;24;8;1;4;6;3;8;0;4;6;19;4;6;10;2;6;2;2;1;2;5;2;0;12;10;4;14;4;1;1;8;14;4;11;4;1;6;0;13;24;6;0;17;11;0;1;6;6;2;22;-8.898987450749514;19;6;3;0;13;10;4;3;2;4;24;3;18;2;2;0;4;14;4;4;6;24;4;1;6;2;22;-0.2521133220757505;21;4.383417352134787;5;1;24;21;-2.3613878850531944;6;4;3;1;1;17;13;4;8;5;6;0;6;2;4;3;5;25;4;1;1;24;20;-4.299324529556566;4;9;4;5;1;1;4;14;1;8;24;3;6;12
TRACK:88;60;-1;0;2;2;6;1;1;3;3;2;0;20;-9.378368103468253;23;-5.1800655086892275;4;21;-7.724444283222472;6;6;3;5;13;1;0;0;3;5;14;4;6;21;-2.425562578562194;2;6;4;12;6;1;14;10;2;1;0;2;15;17;6;24;6;19;0;3;2;16;15;2;3;13;3;25;2;0;3;0;5;2;3;12;1;23;-8.790750727341143;7;0.960337777295352;1;4;4;12;2;4;12;5;8;4;5;6;1;0;21;-6.925171044840573;24;1;21;4.094563455063977;14;4;2;1;2;3;17;6;14;13;4;5;3;1;10;7;3.5282408898028312;4;5;2;6;3;3;0;1;16;9;6;25;1;4;3;4;0;24;8;1;4;6;3;8;0;4;6;19;4;6;10;2;6;2;2;1;2;5;2;0;12;10;4;14;4;1;1;8;14;4;11;4;1;6;0;13;24;6;0;17;11;0;1;6;6;2;22;-8.909213420020492;19;6;3;0;13;10;4;3;2;4;24;3;18;2;2;0;4;14;4;4;6;24;4;1;6;2;22;-0.17825308290609687;21;4.053981302340231;5;1;24;21;-2.544544060733273;6;4;3;1;1;17;13;4;8;5;6;0;6;2;4;3;5;25;4;1;1;24;20;-4.491420846728605;4;9;4;5;1;1;4;14;1;8;24;3;6;12
TRACK:89;79;-1;0;2;2;5;0;4;19;2;13;19;2;0;3;0;5;2;0;12;8;4;25;1;4;4;12;2;4;12;5;8;4;5;6;1;0;21;-6.734554799433123;24;1;21;4.024969359280773;14;4;2;1;2;3;17;6;14;2;0;5;15;0;18;19;5;5;13;4;5;3;1;10;7;3.721886068828627;4;5;2;6;3;3;0;1;16;9;6;25;1;4;3;4;0;24;8;1;4;6;3;8;0;19;4;6;10;2;6;2;2;1;2;5;2;0;12;10;4;14;4;1;1;8;14;4;11;4;1;6;0;13;24;6;0;17;11;0;1;6;6;2;22;-8.842234071240341;19;6;3;0;13;10;4;3;2;4;24;3;18;2;2;0;4;14;4;4;6;24;4;1;6;2;22;0.07143775915521096;21;4.257346575287358;5;1;24;21;-2.8690197276652514;6;24;5;6;0;6;2;4;3;5;25;4;1;1;24;20;-4.1247290993951955;4;9;4;5;1;1;4;14;1;8;24;3;6;12
EVAL_INSTANCE:4:0:80
EVAL_INSTANCE:4:1:81
EVAL_INSTANCE:4:2:82
EVAL_INSTANCE:4:3:83
EVAL_INSTANCE:4:4:84
EVAL_INSTANCE:4:5:85
EVAL_INSTANCE:4:6:86
EVAL_INSTANCE:4:7:87
EVAL_INSTANCE:4:8:88
EVAL_INSTANCE:4:9:89
RUN_RESULT:4:0:0:229:DDDDLRURUDLLRRURULDLULDDRRURUUUULLLLLL
RUN_RESULT:4:1:0:2000:----
RUN_RESULT:4:2:0:1676:DRLDDRURULDLURRUUULLLLLL
RUN_RESULT:4:3:0:175:DDDDLRURURULDLUDLDLURRURRUUULLLLLL
RUN_RESULT:4:4:0:175:DDDDLRURURULDLUDLDLURRURRUUULLLLLL
RUN_RESULT:4:5:0:175:DDDDLRURURULDLUDLDLURRURRUUULLLLLL
RUN_RESULT:4:6:0:2000:----
RUN_RESULT:4:7:0:175:DDDDLRURURULDLUDLDLURRURRUUULLLLLL
RUN_RESULT:4:8:0:175:DDDDLRURURULDLUDLDLURRURRUUULLLLLL
RUN_RESULT:4:9:0:2000:----
     5 |       50 | -3.825000E+03 | -3.825000E+03
TRACK:90;84;44;0;2;2;6;1;1;3;3;2;4;15;4;21;-8.198283303152134;6;6;3;5;13;1;0;0;3;5;14;4;6;21;-2.3548988640673376;2;6;4;12;6;1;14;10;3;2;0;3;11;0;15;19;3;5;15;2;0;3;0;5;2;0;12;8;4;17;1;4;4;12;2;4;12;5;8;4;5;4;9;4;2;1;2;3;17;6;14;2;0;5;15;0;18;19;5;5;13;4;5;3;1;10;7;3.655109646547113;4;5;2;6;3;3;0;1;16;9;6;25;1;4;3;4;0;24;8;1;4;6;6;12;0;17;4;6;10;2;6;2;2;1;2;5;2;0;12;10;4;14;4;1;1;8;14;4;11;4;1;6;0;13;24;6;0;17;11;0;1;6;6;2;22;-8.814079797688489;19;6;3;0;13;10;4;3;2;4;24;3;18;2;2;0;4;14;4;4;6;24;4;1;6;2;22;-0.10410059793716492;21;4.413927649955681;5;1;24;21;-2.4232739931296137;6;4;3;1;1;17;13;4;8;5;6;0;6;2;4;3;5;25;4;1;1;24;20;-3.96847849742979;4;9;4;5;1;1;4;14;1;8;24;3;6;12
TRACK:91;84;44;0;2;2;6;1;1;3;3;2;0;20;-9.12096739450493;23;-5.419109646074577;4;21;-8.03692184319495;6;6;3;5;13;1;0;0;3;5;14;4;6;21;-2.437220589822696;2;6;4;12;6;1;14;10;2;1;0;2;15;17;6;24;6;2;10;24;0;3;2;14;15;2;3;13;3;25;2;0;3;0;5;2;0;12;8;4;25;1;4;4;12;2;4;12;5;8;4;5;6;1;0;21;-6.7854491109025465;24;1;21;4.049489369914762;14;4;2;1;2;3;17;6;14;2;0;5;15;0;18;19;5;5;13;4;5;3;1;10;7;3.4553673926626254;4;5;2;6;3;3;0;1;16;9;6;25;1;4;3;4;0;24;8;1;4;6;3;8;0;19;4;6;10;2;6;2;2;1;2;5;2;0;12;10;4;14;4;1;1;8;14;4;11;4;1;6;0;13;24;6;0;17;11;0;1;6;6;2;22;-8.760219911542713;19;6;3;0;13;10;4;3;2;4;24;3;18;2;2;0;4;14;4;4;6;24;4;1;6;2;22;0.07086803024715693;21;4.353482196039044;5;1;24;21;-2.652947581004392;6;4;3;1;1;17;13;4;8;5;6;0;6;2;4;3;5;25;4;1;1;24;20;-4.146579591004465;4;9;4;5;1;1;4;14;1;8;24;3;6;12
TRACK:92;60;85;0;2;2;6;1;1;3;3;2;0;20;-9.192258696042499;23;-5.258280250042499;4;21;-7.93427093830071;6;6;3;5;13;1;0;0;3;5;14;4;6;21;-2.5500717300020197;2;6;4;12;6;1;14;10;2;1;0;2;15;17;6;24;6;2;10;24;0;3;2;16;15;2;3;13;3;25;2;0;3;0;5;2;3;12;1;23;-8.907562571560689;7;1.0537153632971368;1;4;4;12;2;4;12;5;8;4;5;6;1;0;21;-6.906578412026499;24;1;21;4.037530857715165;14;4;2;1;2;3;17;6;14;13;4;5;3;1;10;7;3.478674435023467;4;5;2;6;3;3;0;1;16;9;6;25;1;4;3;4;0;24;8;18;2;6;2;2;1;2;5;2;0;12;10;4;14;4;1;1;8;14;4;11;4;1;6;0;13;24;6;0;17;11;0;1;6;6;2;22;-8.884185887258926;19;6;3;0;13;10;4;3;2;4;24;3;18;2;2;0;4;14;4;4;6;24;4;1;6;2;22;-0.19323754847240257;21;4.224876219872504;5;1;24;21;-2.497546817061575;6;4;3;1;1;17;13;4;8;5;6;0;6;2;4;3;5;25;4;1;1;24;20;-4.410736272929883;4;9;4;5;1;1;4;14;1;8;24;3;6;12
TRACK:93;60;85;0;2;2;6;1;1;3;4;14;6;6;3;5;13;1;0;0;3;5;14;4;6;21;-2.397045599740108;2;6;4;12;6;1;14;10;3;2;0;3;11;0;15;19;3;5;15;2;0;3;0;5;2;0;17;8;4;17;1;4;4;12;2;4;12;5;8;4;5;6;1;0;21;-6.664186279703632;24;1;21;3.9236050961956246;14;4;2;1;2;3;17;6;14;2;0;5;15;0;18;19;5;5;13;4;5;3;1;10;7;3.6376296648210418;4;5;2;6;3;3;0;1;16;9;6;25;1;4;3;4;0;24;8;1;4;6;6;12;0;4;6;19;4;6;10;2;6;2;2;1;2;5;2;0;12;10;4;14;4;1;1;8;14;4;11;4;1;6;0;13;24;6;0;17;11;0;1;6;6;2;22;-8.951104462886763;19;6;3;0;13;10;4;3;2;4;24;3;18;2;2;0;4;14;4;4;6;24;4;1;6;2;22;-0.3823862027119948;21;4.418596697839346;5;1;24;21;-2.5366112390259348;6;4;3;1;1;17;13;4;8;5;6;0;6;2;4;3;5;14;4;1;1;24;20;-4.149653330208216;4;9;4;5;1;1;4;14;1;8;24;3;6;12
TRACK:94;64;83;0;2;2;6;1;1;3;3;2;0;20;-9.033943956298035;23;-5.186964993223363;4;21;-8.121159605703136;6;6;3;5;13;1;0;0;3;5;14;4;6;21;-2.4216860034594765;2;6;4;12;6;1;14;10;3;2;0;3;11;0;15;19;3;5;15;2;0;3;0;5;2;0;12;8;4;17;1;4;4;12;2;4;12;5;8;4;5;6;1;0;21;-6.778398276730623;24;1;21;3.821357918908527;14;4;2;1;2;3;17;6;14;2;0;5;15;0;18;19;5;5;13;4;5;3;1;10;7;3.608355822091067;4;5;2;6;3;3;0;1;16;9;6;25;1;4;3;4;0;24;8;1;4;6;6;12;0;4;6;19;4;6;10;2;6;2;2;1;2;5;2;0;12;14;4;14;4;1;1;8;14;4;11;4;1;6;0;13;24;6;0;17;11;0;1;6;6;2;22;-9.000783179277484;19;6;3;0;13;10;4;3;2;4;24;3;18;2;2;0;4;14;4;4;6;24;4;1;6;2;22;-0.3793350146320372;21;4.448191584247402;5;1;24;21;-2.4714329946154354;6;4;3;1;1;17;13;4;8;5;6;0;6;2;4;3;5;25;4;1;1;24;20;-4.190061808060987;4;9;4;5;1;1;4;14;1;8;24;3;6;12
TRACK:95;64;83;0;2;2;6;1;1;3;3;2;0;20;-9.035308762632493;23;-5.427413493509816;4;21;-7.952699503058636;6;6;3;5;13;1;0;0;3;5;14;4;6;21;-2.365206849127937;2;6;4;12;6;1;14;10;2;1;0;2;15;17;6;24;6;2;10;24;0;3;2;16;15;2;3;13;3;25;2;0;3;0;5;2;0;12;8;4;25;1;4;4;12;2;4;12;5;8;4;5;6;1;0;21;-6.8788920607158;24;1;21;4.266946021695314;14;4;2;1;2;3;17;6;14;2;0;5;15;0;18;19;5;5;13;4;5;3;1;10;7;3.4050155552096646;4;5;2;6;3;3;0;1;16;9;6;25;1;4;3;4;0;24;8;1;4;6;3;8;0;19;4;6;10;5;8
TRACK:96;44;87;0;2;2;6;1;1;3;3;2;0;20;-9.12096739450493;23;-5.419109646074577;4;21;-8.03692184319495;6;6;3;5;13;1;0;0;3;14;4;6;21;-2.437220589822696;2;6;4;12;6;1;14;10;2;1;0;2;15;17;6;24;6;2;10;24;0;3;2;16;15;2;3;13;3;25;2;0;3;0;5;2;0;12;8;4;25;1;4;4;12;2;4;12;5;8;4;5;6;1;0;21;-6.7854491109025465;24;1;21;4.049489369914762;14;4;2;1;2;3;17;6;14;2;0;5;15;0;18;19;5;5;13;4;5;3;1;10;7;3.4553673926626254;4;5;2;6;3;3;0;1;16;9;6;25;1;4;3;4;0;24;8;1;4;6;3;8;0;19;4;6;10;2;6;2;2;1;2;5;2;0;12;10;4;14;4;1;1;8;14;4;11;4;1;6;0;13;24;6;0;17;11;0;1;6;6;2;22;-8.760219911542713;19;6;3;0;13;10;4;3;2;4;24;3;18;2;2;0;4;14;4;4;6;24;4;1;6;2;22;0.07086803024715693;21;4.353482196039044;5;1;24;21;-2.652947581004392;6;4;3;1;1;17;13;4;8;5;6;0;6;2;4;3;5;25;4;1;1;24;20;-4.146579591004465;4;9;4;5;1;1;4;14;1;8;24;3;6;12
TRACK:97;44;87;0;2;2;6;1;1;3;3;2;0;20;-9.22140691141287;23;-5.356547854922755;4;21;-7.937198226286189;6;6;3;5;13;1;0;0;3;5;14;4;6;21;-2.920680370917604;2;6;4;12;6;1;14;10;2;1;0;5;21;0.704972914765392;6;24;6;2;10;24;0;3;2;16;15;2;3;13;3;25;2;0;3;0;5;2;0;12;8;4;17;1;4;4;12;2;4;12;5;8;4;5;6;1;0;21;-6.735825290392697;24;1;21;3.956202785364934;14;4;2;1;2;3;17;6;14;2;0;5;15;0;18;19;5;5;13;4;5;3;1;10;7;3.477728803114056;4;5;2;6;3;3;0;1;16;9;6;25;1;4;3;4;0;24;8;1;4;6;3;8;0;4;6;19;4;6;10;2;6;2;2;1;2;5;2;0;12;10;4;14;4;1;1;8;14;4;11;4;1;6;0;13;24;6;0;17;11;0;1;6;6;2;22;-8.898987450749514;19;6;3;0;13;10;4;3;2;4;24;3;18;2;2;0;4;14;4;4;6;24;4;1;2;3;13;3;25;5;1;24;21;-2.3613878850531944;6;4;3;1;1;17;13;4;8;5;6;0;6;2;4;3;5;25;4;1;1;24;20;-4.299324529556566;4;9;4;5;1;1;4;14;1;8;24;3;6;12
TRACK:98;65;84;0;2;2;6;1;1;3;3;2;0;20;-9.142174341288118;23;-5.476607099667321;4;21;-7.989868346972402;6;6;3;5;13;1;0;0;3;5;14;4;6;21;-2.469235086385175;2;6;4;12;6;1;14;10;2;1;0;2;15;17;6;24;0;9;9;0;3;2;16;15;2;3;13;3;25;2;0;3;0;5;2;0;12;8;4;25;1;4;4;12;2;4;12;5;8;4;5;6;1;0;21;-6.6669315195832395;24;1;21;3.9432670073111042;14;4;2;1;2;3;17;6;14;2;0;5;15;0;18;19;5;5;13;4;5;3;19;4;5;2;6;3;3;0;1;16;9;6;25;1;4;3;4;0;24;8;1;4;6;3;8;0;19;4;6;10;2;6;2;2;1;2;5;2;0;12;10;4;14;4;1;1;8;14;4;11;4;1;6;0;13;24;6;0;17;11;0;1;6;6;2;22;-8.818565801060581;19;6;3;0;13;10;4;3;2;4;24;3;18;2;2;0;4;14;4;4;6;24;4;1;6;2;22;-0.04820561264654773;21;4.244991454438717;5;1;24;21;-2.7605602495770816;6;4;3;1;1;17;13;4;8;5;6;0;6;2;4;3;5;25;4;1;1;24;20;-4.158650239660866;4;9;4;5;1;1;4;14;1;8;24;3;6;12
TRACK:99;65;84;0;2;2;6;1;1;3;3;2;4;15;4;21;-8.198283303152134;6;6;3;5;13;1;0;0;3;5;14;4;6;21;-2.3548988640673376;2;6;4;12;6;1;14;10;3;2;0;3;11;0;15;19;3;5;15;2;0;3;0;5;2;0;14;8;4;17;1;4;4;12;2;4;12;5;8;4;5;4;9;4;2;1;2;3;17;6;14;2;0;5;15;0;18;19;5;5;13;4;5;3;1;10;7;3.655109646547113;4;5;2;6;3;3;0;1;16;9;6;25;1;4;3;4;0;24;8;1;4;6;6;12;0;4;6;19;4;6;10;2;6;2;2;1;2;5;2;0;12;10;4;14;4;1;1;8;14;4;11;4;1;6;0;13;24;6;0;17;11;0;1;6;6;2;22;-8.814079797688489;19;6;3;0;13;10;4;3;2;4;24;3;18;2;2;0;4;14;4;4;6;24;4;1;6;2;22;-0.10410059793716492;21;4.413927649955681;5;1;24;21;-2.4232739931296137;6;4;3;1;1;17;13;4;8;5;6;0;6;2;4;3;5;25;4;1;1;24;20;-3.96847849742979;4;9;4;5;1;1;4;14;1;8;24;3;6;12
TRACK:100;90;-1;0;2;2;6;1;1;3;3;2;4;15;4;21;-8.212168169335932;6;0;0;23;5.802388593953493;21;-2.463341371723855;0;7;-4.760541457087104;9;1;0;0;3;5;14;4;6;21;-2.241105276019254;2;6;4;12;6;1;14;10;3;2;0;3;11;0;15;19;3;5;15;2;0;3;0;5;2;0;12;8;4;17;1;4;4;12;2;4;12;5;8;4;5;4;9;4;2;1;2;3;17;6;14;2;0;5;15;0;18;19;5;5;13;4;5;3;1;10;7;3.667608523215043;4;5;2;6;3;3;0;1;16;9;6;25;1;4;3;4;0;24;8;1;4;6;6;12;0;17;4;6;10;2;6;2;2;1;2;5;2;0;12;10;4;14;4;1;1;8;14;4;11;4;1;6;0;13;24;6;0;17;11;0;1;6;6;2;22;-8.799357091370052;19;6;3;0;13;10;4;3;2;4;24;3;18;2;2;0;4;14;4;4;6;24;4;1;6;2;22;-0.07585419366141932;21;4.564760342482954;5;1;24;21;-2.3969083982346935;6;4;3;1;1;17;13;4;8;5;6;0;6;2;4;3;5;25;4;1;1;24;20;-4.093121567829361;4;9;4;5;1;1;4;14;1;8;24;3;6;12
TRACK:101;92;-1;0;2;2;6;1;1;3;3;2;0;20;-9.373304185580663;23;-5.287399703127752;4;21;-8.057829311189433;6;6;3;5;13;1;0;0;3;5;14;4;6;21;-2.5324534850358384;2;6;4;12;6;1;14;10;2;1;0;2;15;17;6;24;6;2;10;24;0;3;2;16;15;2;3;13;3;25;2;0;3;0;5;2;3;12;1;23;-8.982496997267198;7;1.2063445272382889;1;4;4;12;2;4;12;5;8;4;5;6;1;0;21;-6.961075790706332;24;1;21;4.126405451041906;14;4;2;1;2;3;17;6;14;13;4;5;3;1;10;7;3.52256407585568;4;5;2;6;3;3;0;1;16;9;6;25;1;4;3;4;2;15;23;0.014817269786728815;18;2;6;2;2;1;2;5;2;0;12;10;4;14;4;1;1;8;14;4;11;4;1;6;0;13;24;6;0;17;11;0;1;6;6;2;22;-8.74349258016583;19;6;3;0;13;10;4;3;2;4;24;3;18;2;2;0;4;14;4;4;6;24;4;1;6;2;22;-0.29703038899151823;21;4.24825376215537;5;1;24;21;-2.411592373953733;6;4;3;1;1;17;13;4;8;5;6;0;6;2;4;3;5;25;4;1;1;24;20;-4.427432097506977;4;9;4;5;1;1;4;14;1;8;24;3;6;12
TRACK:102;94;-1;0;2;2;6;1;1;3;3;2;0;20;-9.025678653854593;23;-5.2786312860599205;4;21;-8.223104515157141;6;6;3;5;13;1;0;0;3;5;14;4;6;21;-2.3989112600208204;2;6;4;12;6;1;14;10;3;2;0;3;11;0;15;19;3;5;15;2;0;3;0;5;2;0;12;8;4;17;1;4;4;12;2;4;12;5;8;4;5;6;1;0;21;-6.933010056912767;24;1;21;3.9516393061268094;14;4;2;1;2;3;17;6;14;2;0;5;15;0;18;19;5;5;13;4;5;3;1;10;7;3.5769813292995325;4;5;2;6;3;3;0;1;16;9;6;25;1;4;3;4;0;24;8;1;4;6;6;12;0;4;6;19;4;6;10;2;6;2;2;1;2;5;2;0;12;14;4;14;4;1;1;8;14;4;11;4;1;6;0;13;24;6;6;11;0;1;6;6;2;22;-9.048882353162323;19;6;3;0;13;10;4;3;2;4;24;3;18;2;2;0;4;14;4;4;6;24;4;1;6;2;22;-0.3672782805067338;21;4.353196040077798;5;1;24;21;-2.4165649201106043;6;4;3;1;1;17;13;4;8;5;6;0;6;2;4;3;5;25;4;1;1;24;20;-4.11967155030467;4;9;4;5;1;1;4;14;1;8;24;3;6;12
TRACK:103;96;-1;0;2;2;6;1;1;3;3;2;0;20;-9.019677409811605;23;-5.398154365571203;4;21;-8.127747416843183;6;6;3;5;13;1;0;0;3;14;4;6;21;-2.5509142658679784;2;6;4;12;6;1;14;10;2;1;0;2;15;17;6;24;6;2;10;24;0;3;2;16;15;2;3;13;3;25;2;0;3;0;5;2;0;12;8;4;25;1;4;4;12;2;4;12;5;8;4;5;6;1;0;21;-6.791406620775397;24;1;21;4.064641720225626;14;4;2;1;2;3;17;6;14;2;0;5;15;0;18;19;5;5;13;4;5;3;1;10;7;3.485418389828511;4;5;2;6;3;3;0;1;16;9;6;25;1;4;3;4;0;24;8;1;4;6;3;8;0;19;4;6;10;2;6;2;2;1;2;5;2;0;12;10;4;14;4;1;1;8;14;4;11;4;1;6;0;13;24;6;0;17;11;0;1;6;6;2;22;-8.807661695021354;19;6;3;0;13;10;4;3;2;4;24;3;18;2;2;0;4;14;4;4;6;24;4;1;6;2;22;-0.01857811370947937;21;4.1524790659276505;5;1;24;21;-2.5449354527747197;6;4;3;1;1;17;13;4;8;5;6;0;6;2;4;3;5;25;4;1;1;24;20;-4.133749137517155;4;9;4;5;1;1;4;14;1;8;14;3;6;12
TRACK:104;98;-1;0;2;2;6;1;1;3;3;2;0;20;-9.221788787785822;23;-5.399243841510059;4;21;-8.020740720623621;6;6;3;5;13;1;0;0;3;5;14;4;6;21;-2.568389013223885;2;6;20;-7.605693188307239;6;1;14;10;2;1;0;2;15;17;6;24;0;9;9;0;3;2;16;15;2;3;13;3;25;2;0;3;0;5;2;0;12;8;4;25;1;4;4;12;2;4;12;5;8;4;5;6;1;0;21;-6.662428262062695;24;1;21;3.9903959105971403;14;4;2;1;2;3;17;6;14;2;0;5;15;0;18;19;5;5;13;4;5;3;19;4;5;2;6;3;3;0;1;16;9;6;25;1;4;3;4;0;24;8;1;4;6;3;8;0;19;4;6;10;2;6;2;2;1;2;5;2;0;12;10;4;14;4;1;1;8;14;4;11;4;1;6;0;13;24;6;0;17;11;0;1;6;6;2;22;-8.907677075675823;19;6;3;0;13;10;4;3;2;4;24;3;18;2;2;0;4;14;4;4;6;24;4;1;6;2;22;0.09889237418159415;21;4.175390568527686;5;1;24;21;-2.5152267738834477;6;4;3;1;1;17;13;4;8;5;6;0;6;2;4;3;5;25;4;1;1;24;20;-4.082333358348856;4;9;4;5;1;1;4;14;1;8;24;3;6;12
TRACK:105;91;-1;0;2;2;6;1;1;3;4;1;20;6.758314449961961;16;6;6;3;5;13;1;0;0;3;5;14;4;6;21;-2.5367108856075897;2;6;4;12;6;1;14;10;2;1;0;2;15;17;6;24;6;2;10;24;0;3;2;14;15;2;3;13;3;25;2;0;3;0;5;2;0;12;8;4;25;1;4;4;12;2;4;12;5;8;4;5;6;1;0;21;-6.852317812971667;24;1;21;4.016390076993789;14;4;2;1;2;3;17;6;14;2;0;5;15;0;18;19;5;5;13;4;5;3;1;10;7;3.513992695181483;4;5;2;6;3;3;0;1;16;9;6;25;1;4;3;4;0;24;8;1;4;6;3;8;0;19;4;6;10;2;6;2;2;1;2;5;2;0;12;10;4;14;4;1;1;8;14;4;11;4;1;6;0;13;24;6;0;17;11;0;1;6;6;2;22;-8.898540227984897;19;6;3;0;13;10;4;3;2;4;24;3;18;2;2;0;4;14;4;4;6;24;4;1;6;2;22;0.15337866448159215;21;4.284417579054652;5;1;24;21;-2.551684734691547;6;4;3;1;1;17;13;4;8;5;6;0;6;2;4;3;5;25;4;1;1;24;20;-4.07443581766022;4;9;4;5;1;1;4;14;1;8;24;3;6;12
TRACK:106;93;-1;0;2;2;6;1;1;3;4;14;6;6;3;5;13;1;0;0;3;5;14;4;6;21;-2.494176287550153;2;6;4;12;6;1;14;10;3;2;0;3;11;0;15;19;3;5;15;2;0;3;0;5;2;0;17;8;4;17;1;4;4;12;2;4;12;5;8;4;5;6;1;0;21;-6.698639607618351;24;1;21;3.8779742987918673;14;4;2;1;2;3;17;6;14;2;0;3;18;5;21;2.9988379984970397;5;5;13;4;5;3;1;10;7;3.7030987048441317;4;5;2;6;3;3;0;1;16;9;6;25;1;4;3;4;0;24;8;1;4;6;6;12;0;4;6;19;4;6;10;2;6;2;2;1;2;5;2;0;12;10;4;14;4;1;1;8;14;4;11;4;1;6;0;13;24;6;0;17;11;0;1;6;6;2;22;-8.896646264175256;19;6;3;0;13;10;4;3;2;4;24;3;18;2;2;0;4;14;4;4;6;24;4;1;6;2;22;-0.3599146796920643;21;4.551469746130394;5;1;24;21;-2.3869964586962342;6;4;3;1;1;17;13;4;8;5;6;0;6;2;4;3;5;14;4;1;1;24;20;-4.004382573649693;4;9;4;5;1;1;4;14;1;8;24;3;6;12
TRACK:107;95;-1;0;2;2;6;1;1;3;3;2;0;20;-9.00626275622331;23;-5.315092782600524;4;21;-7.9884677075587245;6;6;3;5;13;1;0;0;3;5;14;4;6;21;-2.222883223358898;2;6;6;21;5.691534135223446;6;1;14;10;2;1;0;2;15;17;6;24;6;2;10;24;0;3;2;16;15;2;3;13;3;25;2;0;3;0;5;2;0;12;8;4;25;1;4;4;12;2;4;12;5;8;4;5;6;1;0;21;-6.759317517120119;24;1;21;4.381959120684151;14;4;2;1;2;3;17;6;14;2;0;5;15;0;18;19;5;5;13;4;5;3;1;10;7;3.5383268839384074;4;5;2;6;3;3;0;1;16;9;6;25;1;4;3;4;0;24;8;1;4;6;3;8;0;19;4;6;10;5;8
TRACK:108;97;-1;0;2;2;6;1;1;3;3;2;0;20;-9.161245357228344;23;-5.45465340125372;4;21;-8.00218886071904;6;6;3;5;13;1;0;0;3;5;14;4;6;21;-3.1283751362414893;2;6;4;12;6;1;14;10;2;1;0;5;21;0.6771009346894987;6;24;6;2;10;24;0;3;2;16;15;2;3;13;3;25;2;0;3;0;5;2;0;12;8;4;17;1;4;4;12;2;4;12;5;8;4;5;6;1;0;21;-6.924090311107552;24;1;21;3.9843570518061933;14;4;2;1;2;3;17;6;14;2;0;5;15;0;18;19;5;5;13;4;5;3;1;10;7;3.378784794137447;4;5;2;6;3;3;0;1;16;9;6;25;1;4;3;4;0;24;8;1;4;6;3;8;0;4;6;19;4;6;10;2;6;2;2;1;2;5;2;0;12;10;4;14;4;1;1;8;19;4;11;4;1;6;0;13;24;6;0;17;11;0;1;6;6;2;22;-9.088752870596277;19;6;3;0;13;10;4;3;2;4;24;3;18;2;2;0;4;14;4;4;6;24;4;1;2;3;13;3;25;5;1;24;21;-2.4238083931747654;6;4;3;1;1;17;13;4;8;5;6;0;6;2;4;3;5;25;4;1;1;24;20;-4.367962566158561;4;9;4;5;1;1;4;14;1;8;24;3;6;12
TRACK:109;99;-1;0;2;2;6;1;1;3;3;2;4;15;4;21;-8.120817800420378;6;6;3;5;13;1;0;0;3;5;14;4;6;21;-2.2914931875520517;2;6;4;12;6;1;14;10;3;2;0;3;11;0;15;19;3;5;15;2;0;3;0;5;2;0;14;8;4;17;1;4;4;12;2;4;12;5;8;4;5;4;9;4;2;1;2;3;17;6;14;2;0;5;15;0;18;19;5;5;13;4;5;3;1;10;7;3.6195273668305643;4;5;2;6;3;3;0;1;19;18;6;25;1;4;3;4;0;24;8;1;4;6;6;12;0;4;6;19;4;6;10;2;6;2;2;1;2;5;2;0;12;10;4;14;4;1;1;8;14;4;11;4;1;6;0;13;24;6;0;17;11;0;1;6;6;2;22;-8.882199035404104;19;6;3;0;13;10;4;3;2;4;24;3;18;2;2;0;4;14;4;4;6;24;4;1;6;2;22;-0.12006761533388505;21;4.472638464680675;5;1;24;21;-2.398955126341239;6;4;3;1;1;17;13;4;8;5;6;0;6;2;4;3;5;25;4;1;1;24;20;-3.900203803681433;4;9;4;5;1;1;4;14;1;8;24;3;6;12
EVAL_INSTANCE:5:0:100
EVAL_INSTANCE:5:1:101
EVAL_INSTANCE:5:2:102
EVAL_INSTANCE:5:3:103
EVAL_INSTANCE:5:4:104
EVAL_INSTANCE:5:5:105
EVAL_INSTANCE:5:6:106
EVAL_INSTANCE:5:7:107
EVAL_INSTANCE:5:8:108
EVAL_INSTANCE:5:9:109
RUN_RESULT:5:0:0:175:DDDDLRURURULDLUDLDLURRURRUUULLLLLL
RUN_RESULT:5:1:0:175:DDDDLRURURULDLUDLDLURRURRUUULLLLLL
RUN_RESULT:5:2:0:175:DDDDLRURURULDLUDLDLURRURRUUULLLLLL
RUN_RESULT:5:3:0:175:DDDDLRURURULDLUDLDLURRURRUUULLLLLL
RUN_RESULT:5:4:0:2000:----
RUN_RESULT:5:5:0:175:DDDDLRURURULDLUDLDLURRURRUUULLLLLL
RUN_RESULT:5:6:0:2000:----
RUN_RESULT:5:7:0:2000:----
RUN_RESULT:5:8:0:2000:----
RUN_RESULT:5:9:0:315:DDDDLRURURULDLUDLDLURRURRUUULLLLLL
     6 |       60 | -3.825000E+03 | -3.825000E+03
TRACK:110;60;85;0;2;2;6;1;1;3;3;2;0;20;-9.192258696042499;23;-5.258280250042499;4;21;-7.93427093830071;6;6;3;5;13;1;0;0;3;5;14;4;6;21;-2.5500717300020197;2;6;4;12;6;1;14;10;2;1;0;2;24;17;6;24;6;2;10;24;0;3;2;16;15;2;3;13;3;25;2;0;3;0;5;2;3;12;1;23;-8.907562571560689;7;1.0537153632971368;1;4;4;12;2;4;12;5;8;4;5;6;1;0;21;-6.906578412026499;24;1;21;4.037530857715165;14;4;2;1;2;3;17;6;14;13;4;5;3;1;10;7;3.478674435023467;4;5;2;6;3;3;0;1;16;9;6;25;1;4;3;4;0;24;8;1;4;6;3;8;0;4;6;19;4;6;10;2;6;2;2;1;2;5;2;0;12;10;4;14;4;1;1;8;14;4;11;4;1;6;0;13;24;6;0;17;11;0;1;6;6;2;22;-8.884185887258926;19;6;3;0;13;10;4;3;2;4;24;3;18;2;2;0;4;14;4;4;6;24;4;1;6;2;22;-0.19323754847240257;21;4.224876219872504;5;1;24;21;-2.497546817061575;6;4;3;1;1;17;13;4;8;5;6;0;6;2;4;3;5;25;4;1;1;24;20;-4.410736272929883;4;9;4;5;1;1;4;14;1;8;24;3;6;12
TRACK:111;60;85;0;2;2;6;1;1;3;4;14;6;6;3;5;13;1;0;0;3;5;14;4;6;21;-2.397045599740108;2;6;4;12;6;1;14;10;3;2;0;3;11;0;15;19;5;25;2;0;3;0;5;2;0;17;8;4;17;1;4;4;12;2;4;12;5;8;4;5;6;1;0;21;-6.664186279703632;24;1;21;3.9236050961956246;14;4;2;1;2;3;17;6;14;2;0;5;15;0;18;19;5;5;13;4;5;3;1;10;7;3.6376296648210418;4;5;2;6;3;3;0;1;16;9;6;25;1;4;3;4;0;24;8;1;4;6;6;12;0;4;6;19;4;6;10;2;6;2;2;1;2;5;2;0;12;10;4;14;4;1;1;8;14;4;11;4;1;6;0;13;24;6;0;17;11;0;1;6;6;2;22;-8.951104462886763;19;6;3;0;13;10;4;3;2;4;24;3;18;2;2;0;4;14;4;4;6;24;4;1;6;2;22;-0.3823862027119948;21;4.418596697839346;5;1;24;21;-2.5366112390259348;6;4;3;1;1;17;13;4;8;5;6;0;6;2;4;3;5;25;4;1;1;24;20;-4.149653330208216;4;9;4;5;1;1;4;14;1;8;24;3;6;12
TRACK:112;88;64;0;2;2;6;1;1;3;3;2;0;20;-9.378368103468253;23;-5.1800655086892275;4;21;-7.724444283222472;6;6;3;5;13;1;0;0;3;5;14;4;6;21;-2.425562578562194;2;6;4;12;6;1;14;10;2;1;0;2;15;17;6;24;6;19;0;3;2;16;15;2;3;13;3;25;2;0;3;0;5;2;3;12;1;23;-8.790750727341143;7;0.960337777295352;1;4;4;12;2;4;12;5;8;4;5;6;1;0;21;-6.925171044840573;24;1;21;4.094563455063977;14;4;2;1;2;3;17;6;14;13;4;5;3;1;10;7;3.608355822091067;4;5;2;6;3;3;0;1;16;9;6;25;1;4;3;4;0;24;8;1;4;6;3;8;0;4;6;19;4;6;10;2;6;2;2;1;2;5;2;0;12;10;4;14;4;1;1;8;14;4;11;4;1;6;0;13;24;6;0;17;11;0;1;6;6;2;22;-8.909213420020492;19;6;3;0;13;10;4;3;2;4;24;3;18;2;2;0;4;14;4;4;6;24;4;1;6;2;22;-0.17825308290609687;21;4.053981302340231;5;1;24;21;-2.544544060733273;6;4;3;1;1;17;13;4;8;5;6;0;6;2;4;3;5;25;4;1;1;24;20;-4.491420846728605;4;9;4;5;1;1;4;14;1;8;24;3;6;12
TRACK:113;88;64;0;2;2;6;1;1;3;3;2;0;20;-9.033943956298035;23;-5.186964993223363;4;21;-8.121159605703136;6;6;3;5;13;1;0;0;3;5;14;4;6;21;-2.4216860034594765;2;6;4;12;6;1;14;10;3;2;0;3;11;0;15;19;3;5;15;2;0;3;0;5;2;0;12;8;4;17;1;4;4;12;2;4;12;5;8;4;5;6;1;0;21;-6.778398276730623;24;1;21;3.821357918908527;14;4;2;1;2;3;17;6;14;2;0;5;15;0;18;19;5;5;13;4;5;3;1;10;7;3.608355822091067;4;5;2;6;3;3;0;1;16;9;6;25;1;4;3;4;0;24;8;1;4;6;6;12;0;4;6;19;4;6;10;2;6;2;2;1;2;5;2;0;12;10;4;14;4;1;1;8;14;4;11;4;1;6;0;13;24;6;0;17;11;0;1;6;6;2;22;-9.000783179277484;19;6;3;0;13;10;4;3;2;4;24;3;18;2;2;0;4;14;4;4;6;24;4;1;6;2;22;-0.3793350146320372;21;4.448191584247402;5;1;24;21;-2.4714329946154354;6;0;5;2;3;12;1;23;-8.790750727341143;7;0.960337777295352;1;4;4;12;2;4;12;5;8;5;6;0;6;2;4;3;5;25;4;1;1;24;20;-4.190061808060987;4;9;4;5;1;1;4;14;1;8;24;3;6;12
TRACK:114;44;60;0;2;2;6;1;1;3;3;2;0;20;-9.12096739450493;23;-5.419109646074577;4;21;-8.03692184319495;6;6;3;5;13;1;0;0;3;5;14;4;6;21;-2.437220589822696;2;6;4;12;6;1;14;10;2;1;0;2;15;17;6;24;6;2;10;24;0;3;2;16;15;2;3;13;3;25;2;0;3;0;5;2;0;12;8;4;25;1;4;4;12;2;4;12;5;8;4;5;6;1;0;21;-6.7854491109025465;24;1;21;4.049489369914762;14;4;2;1;2;3;17;6;14;2;0;5;15;0;18;19;5;5;13;4;5;3;1;10;7;3.4553673926626254;4;5;2;6;3;3;0;1;16;9;6;25;1;4;3;4;0;24;8;1;4;6;3;8;0;19;4;6;10;2;6;2;2;1;2;5;2;0;12;10;4;14;4;1;1;8;14;4;11;4;1;6;0;13;24;6;0;17;11;0;1;4;21;-7.93427093830071;6;3;0;13;10;4;3;2;4;24;3;18;2;2;0;4;14;4;4;6;24;4;1;6;2;22;0.07086803024715693;21;4.353482196039044;5;1;24;21;-2.652947581004392;6;4;3;1;1;17;13;4;8;5;6;0;6;2;4;3;5;25;4;1;1;24;20;-4.146579591004465;4;9;4;5;1;1;4;14;1;8;24;3;6;12
TRACK:115;44;60;0;2;2;6;1;1;3;3;2;0;20;-9.192258696042499;23;-5.258280250042499;4;21;-7.93427093830071;6;6;3;5;13;1;0;0;3;5;14;4;6;21;-2.5500717300020197;2;6;4;12;6;1;14;10;2;1;0;2;15;17;6;24;6;2;10;24;0;3;2;16;15;2;3;13;3;25;2;0;3;0;5;2;3;12;1;23;-8.907562571560689;7;1.0537153632971368;1;4;4;12;2;4;12;5;8;4;5;6;1;0;21;-6.906578412026499;24;1;21;4.037530857715165;14;4;2;0;0;3;5;14;4;6;21;-2.437220589822696;2;6;4;12;6;1;14;10;4;5;3;1;10;7;3.478674435023467;4;5;2;6;3;3;0;1;16;9;6;25;1;4;3;4;0;24;8;1;4;6;3;8;0;4;6;19;4;6;10;2;6;2;2;1;2;5;2;0;12;10;4;14;4;1;1;8;14;4;11;4;1;6;0;13;24;6;0;17;11;0;1;6;6;2;22;-8.884185887258926;19;6;3;0;13;10;4;3;2;4;24;3;18;2;2;0;4;14;4;4;6;24;4;1;6;2;22;-0.19323754847240257;21;4.224876219872504;5;1;24;21;-2.497546817061575;6;4;3;1;1;17;13;4;8;5;6;0;6;2;4;3;5;25;4;1;1;24;20;-4.410736272929883;4;9;4;5;1;1;4;14;1;8;24;3;6;12
TRACK:116;28;64;0;2;2;6;1;1;3;3;2;0;20;-9.189321075933545;23;-5.25724258769798;4;21;-8.073949376302828;6;6;3;5;13;1;0;0;3;5;14;4;6;21;-2.5655216568432837;2;6;4;12;6;1;14;10;2;1;0;2;15;17;6;24;6;2;10;24;0;3;2;16;15;2;3;13;3;25;2;0;3;0;5;2;0;12;8;4;17;1;4;4;12;2;4;12;5;8;4;5;6;1;0;21;-6.876253819295027;24;1;21;3.9482990119476673;14;4;2;1;2;3;17;6;14;2;0;5;15;0;18;19;5;5;13;4;5;3;1;10;7;3.586909131528662;4;5;2;6;3;3;0;1;16;9;6;25;1;4;3;4;0;24;8;1;4;6;3;8;0;4;6;19;4;6;10;2;6;2;2;1;2;5;2;0;12;10;4;14;4;1;1;8;14;4;11;4;1;6;0;13;24;6;0;17;11;0;1;6;6;2;22;-8.862698691067756;19;6;3;0;13;10;4;3;2;4;24;3;18;2;2;0;4;14;4;4;6;24;4;1;6;2;22;-0.1952685923132209;21;4.372864502508431;5;1;24;21;-2.4938990947175395;6;4;3;0;17;11;5;6;0;6;2;4;3;5;25;4;1;1;24;20;-4.281222223392238;4;9;4;5;1;1;4;14;1;8;24;3;6;12
TRACK:117;28;64;0;2;2;6;1;1;3;5;14;6;6;3;5;13;1;0;0;3;5;14;4;6;21;-2.4216860034594765;2;6;4;12;6;1;14;10;3;2;0;3;11;0;15;19;3;5;15;2;0;3;0;5;2;0;12;8;4;17;1;4;4;12;2;4;12;5;8;4;5;6;1;0;21;-6.778398276730623;24;1;21;3.821357918908527;14;4;2;1;2;3;17;6;14;2;0;5;15;0;18;19;5;5;13;4;5;3;1;10;7;3.608355822091067;4;5;2;6;3;3;0;1;16;9;6;25;1;4;3;4;0;24;8;1;4;6;6;12;0;4;6;19;4;6;10;2;6;2;2;1;2;5;2;0;12;10;4;14;4;1;1;8;14;4;11;4;1;6;0;13;24;6;0;17;11;0;1;6;6;2;22;-9.000783179277484;19;6;3;0;13;10;4;3;2;4;24;3;18;2;2;0;4;14;4;4;6;24;4;1;6;2;22;-0.3793350146320372;21;4.448191584247402;5;1;24;21;-2.4714329946154354;6;4;3;1;1;17;13;4;8;5;6;0;6;2;4;3;5;25;4;1;1;24;20;-4.190061808060987;4;9;4;5;1;1;4;14;1;8;24;3;6;12
TRACK:118;85;83;0;2;2;6;1;1;3;4;14;6;6;3;5;13;1;0;0;3;5;14;4;6;21;-2.397045599740108;2;6;4;12;6;1;14;10;3;2;0;3;11;0;15;19;3;5;15;2;0;3;0;5;2;0;17;8;4;17;1;4;4;12;2;4;12;5;8;4;5;6;1;0;21;-6.664186279703632;24;1;21;3.9236050961956246;14;4;2;1;2;3;17;6;14;2;0;5;15;0;18;19;5;5;13;4;5;2;0;20;-9.035308762632493;23;-5.427413493509816;4;21;-7.952699503058636;4;5;2;6;3;3;0;1;16;9;6;25;1;4;3;4;0;24;8;1;4;6;6;12;0;4;6;19;4;6;10;2;6;2;2;1;2;5;2;0;12;10;4;14;4;1;1;8;14;4;11;4;1;6;0;13;24;6;0;17;11;0;1;6;6;2;22;-8.951104462886763;19;6;3;0;13;10;4;3;2;4;24;3;18;2;2;0;4;14;4;4;6;24;4;1;6;2;22;-0.3823862027119948;21;4.418596697839346;5;1;24;21;-2.5366112390259348;6;4;3;1;1;17;13;4;8;5;6;0;6;2;4;3;5;25;4;1;1;24;20;-4.149653330208216;4;9;4;5;1;1;4;14;1;8;24;3;6;12
TRACK:119;85;83;0;2;2;6;1;1;3;3;2;0;20;-9.035308762632493;23;-5.427413493509816;4;21;-7.952699503058636;6;6;3;5;13;1;0;0;3;5;14;4;6;21;-2.365206849127937;2;6;4;12;6;1;14;10;2;1;0;2;15;17;6;24;6;2;10;24;0;3;2;16;15;2;3;13;3;25;2;0;3;0;5;2;0;12;8;4;25;1;4;4;12;2;4;12;5;8;4;5;6;1;0;21;-6.8788920607158;24;1;21;4.266946021695314;14;4;2;1;2;3;17;6;14;2;0;5;15;0;18;19;5;5;13;4;5;3;1;10;7;3.4050155552096646;4;5;2;6;3;3;0;1;16;9;6;25;1;4;3;4;0;24;8;1;4;6;3;8;0;19;4;6;10;2;6;2;2;1;2;5;2;0;12;10;4;14;4;1;1;8;14;4;11;4;1;6;0;13;24;6;0;17;11;0;1;6;6;2;22;-8.775710421224495;19;6;3;0;13;10;4;3;2;4;24;3;18;2;2;0;4;14;4;4;6;24;4;1;6;2;22;0.08744444515135884;21;4.285345255924887;5;1;24;21;-2.61287752630878;6;5;0;5;14;5;11;5;6;0;6;2;4;3;5;25;4;1;1;24;18;4;9;4;5;1;1;4;14;1;8;24;3;6;12
TRACK:120;110;-1;0;2;2;6;1;1;3;3;2;0;20;-9.13931905790338;23;-5.455725833661277;4;21;-8.02459867610256;6;6;3;5;13;1;0;0;3;5;14;4;6;21;-2.417291320619364;2;6;4;12;6;1;14;10;2;1;0;2;24;17;6;24;6;2;10;24;0;3;2;16;15;2;3;13;3;25;2;0;3;0;5;2;3;12;1;23;-8.986702158480586;7;1.0918179182715648;1;4;4;12;2;4;12;5;8;4;5;6;1;0;21;-7.005002446828915;24;1;21;3.9307495316743117;14;4;2;1;2;3;17;6;14;13;4;5;3;1;10;7;3.5625388307166026;4;5;2;6;3;3;0;1;16;9;6;25;1;4;3;4;0;24;8;1;4;6;3;8;0;4;6;19;4;6;10;2;6;2;2;1;2;5;2;0;12;10;4;14;4;1;6;14;4;11;4;1;6;0;13;24;6;0;17;11;0;1;6;6;2;22;-8.859692248671509;19;6;3;0;13;10;4;3;2;4;24;3;18;2;2;0;4;14;4;4;6;24;4;1;6;2;22;-0.004846303110925043;21;4.34313882627041;5;1;24;21;-2.545320335407054;6;4;3;1;1;17;13;4;8;5;6;0;6;2;4;3;5;25;4;1;1;24;20;-4.390275035858064;4;9;4;5;1;1;4;14;1;8;24;3;6;12
TRACK:121;88;-1;0;2;2;6;1;1;3;3;2;0;20;-9.299606608661989;23;-5.272179086943447;4;21;-7.943120193085872;6;6;3;5;13;1;0;0;3;5;14;4;6;21;-2.4517905218614353;2;6;4;12;6;1;14;10;2;1;0;2;15;17;6;24;6;19;0;3;2;16;15;2;3;13;3;25;2;0;3;0;5;2;3;12;1;23;-8.647017610027543;7;0.8349015727528162;1;4;4;12;2;4;12;5;8;4;5;6;1;0;21;-7.067280197110868;24;1;21;3.948238222808282;14;4;2;1;2;3;17;6;14;13;4;5;3;1;10;7;3.661975606839669;4;5;2;6;3;3;0;1;16;9;6;25;1;4;3;4;0;24;8;1;4;6;3;8;0;4;6;19;4;6;10;2;6;2;2;1;2;5;2;0;12;10;4;14;4;1;1;8;14;4;11;4;1;6;0;13;24;6;0;17;11;0;1;6;6;2;22;-8.733861610381712;19;6;3;0;13;10;4;3;2;4;24;3;18;2;2;0;4;14;4;4;2;23;-5.424247071034212;21;-3.300307632354171;4;1;6;2;22;-0.09637783196967027;21;4.015277507117773;5;1;24;21;-2.557966310797468;6;4;3;1;1;17;13;4;8;5;6;0;6;2;4;3;5;25;4;1;1;24;20;-4.564476890791054;4;9;4;5;1;1;4;14;1;8;24;3;6;12
TRACK:122;114;-1;0;2;2;6;1;1;3;3;2;0;20;-9.18072262975792;23;-5.3671199158629745;4;21;-8.02429579954068;6;6;3;5;13;1;0;0;3;5;14;4;6;21;-2.267900381722844;2;6;4;12;6;1;14;10;2;1;0;2;15;17;6;24;6;2;10;24;0;3;2;16;15;2;3;13;3;25;2;0;3;0;5;2;0;12;8;4;25;1;4;4;12;2;4;12;5;8;4;5;6;1;0;21;-6.785469202163956;24;1;21;3.953940343000149;14;4;2;1;2;3;17;6;14;2;0;5;15;0;18;19;5;5;13;4;5;3;1;10;7;3.2804099397855926;4;5;2;6;3;3;0;1;16;9;6;25;1;4;3;4;0;24;8;1;4;6;3;8;0;19;4;6;10;2;6;2;2;1;2;5;2;0;12;10;4;14;4;1;1;8;14;4;11;4;1;6;0;13;24;6;0;17;11;0;1;4;21;-7.917692819104176;6;3;0;13;10;4;3;6;1;22;4.949230834829347;20;9.640769971340355;2;2;0;4;14;4;4;6;24;4;1;6;2;22;0.11965906631548615;21;4.4086113311150115;5;1;24;21;-2.806584947654611;6;4;3;1;1;17;13;4;8;5;6;0;6;2;4;3;5;25;4;1;1;24;20;-3.981004601049837;4;9;4;5;1;1;4;14;1;8;24;3;6;12
TRACK:123;28;-1;0;2;2;6;1;1;3;3;2;0;20;-9.181930974016977;23;-5.292909262014403;4;21;-8.151858797420216;6;6;3;5;13;1;0;0;3;5;14;4;6;21;-2.492523232213604;2;6;4;12;6;1;14;10;2;1;0;2;15;17;6;24;6;2;10;10;0;3;2;16;15;2;3;13;3;25;2;0;3;0;5;2;0;12;8;4;17;1;4;4;12;2;4;12;5;8;4;5;6;1;0;21;-6.83180157896403;24;1;21;3.792802237292692;14;4;2;1;2;3;17;6;14;2;0;5;15;0;18;19;5;5;13;4;5;3;1;10;7;3.489907899242672;4;5;2;6;3;3;0;1;16;9;6;25;1;4;3;4;0;24;8;1;4;6;3;8;0;4;6;19;4;6;10;2;6;2;2;1;2;5;2;0;12;10;4;14;4;1;1;8;14;4;11;4;1;6;0;13;24;6;0;17;11;0;1;6;6;2;22;-8.94906224834833;19;6;3;0;13;10;4;3;2;4;24;3;18;2;2;0;4;14;4;4;6;24;4;1;6;2;22;-0.1977600967390518;21;4.489193017063611;5;1;24;21;-2.5801332487023023;6;4;3;1;1;17;13;4;8;5;6;0;6;2;4;3;5;25;4;1;1;24;20;-4.280874027908976;4;9;4;5;1;1;4;14;1;8;24;3;6;12
TRACK:124;85;-1;0;2;2;6;1;1;3;4;14;6;6;3;5;13;1;0;0;3;5;14;4;6;21;-2.300994817912435;2;6;4;12;6;1;14;10;3;2;0;3;11;0;15;19;3;5;15;2;6;4;3;10;4;2;1;2;3;17;6;14;2;0;5;15;0;18;19;5;5;13;4;5;3;1;10;7;3.51875017778955;4;5;2;6;3;3;0;1;16;9;6;25;1;4;3;4;0;24;8;1;4;6;6;12;0;4;6;19;4;6;10;2;6;2;2;1;2;5;2;0;12;10;4;14;4;1;1;8;14;4;11;4;1;6;0;13;24;6;0;17;11;0;1;6;6;2;22;-9.056881166609102;19;6;3;0;13;10;4;3;2;4;24;3;18;2;2;0;4;14;4;4;6;24;4;1;6;2;22;-0.4880953742168907;21;4.503578733749613;5;1;24;21;-2.5906978005726446;6;4;3;1;1;17;13;4;8;5;6;0;6;2;4;3;5;25;4;1;1;24;20;-4.311314848311302;4;9;4;5;1;1;4;14;1;8;24;3;6;12
TRACK:125;111;-1;0;2;2;6;1;1;3;4;14;6;6;3;5;13;1;0;0;3;5;14;4;6;21;-2.258828727903105;2;6;4;12;6;1;14;10;3;2;0;3;11;0;15;19;5;25;2;0;3;0;5;2;0;17;8;4;17;1;4;4;12;2;4;12;5;8;4;5;6;1;0;21;-6.716240610209208;24;1;21;3.9707701827463375;14;4;2;1;2;3;17;6;14;2;0;5;15;0;18;19;5;5;13;4;5;3;1;10;7;3.7942710154236385;4;5;2;6;3;3;0;1;16;9;6;25;1;4;3;4;0;24;8;1;4;6;6;12;0;4;6;19;4;6;10;2;6;2;2;1;2;5;2;0;12;10;4;14;4;1;1;8;14;4;11;4;1;6;0;13;24;6;0;17;11;0;1;6;6;2;22;-8.943916379788687;19;6;3;0;13;10;4;3;2;4;24;3;18;2;2;0;4;14;4;4;6;24;4;1;6;2;22;-0.44342658341858066;21;4.298908189546246;5;1;24;21;-2.501713763784567;6;4;3;1;1;12;13;4;8;5;6;0;6;2;4;3;5;25;4;1;1;24;20;-4.176766322411932;4;9;4;5;1;1;4;14;1;8;24;3;6;12
TRACK:126;64;-1;0;2;2;6;1;1;3;3;2;0;20;-9.064578564544965;23;-5.142886971056266;4;21;-8.358791626849323;6;6;3;5;13;1;0;0;3;5;14;4;6;21;-2.4820802030665323;2;6;4;12;6;1;14;10;3;2;0;3;11;0;15;19;3;5;15;2;0;3;0;5;2;0;12;8;4;17;1;4;4;12;2;4;12;5;8;4;5;6;1;0;21;-6.775004775849577;24;1;21;3.82453526564642;14;4;2;1;2;3;17;6;14;2;0;5;15;0;18;19;5;5;13;4;5;3;1;10;7;3.572354437328975;4;5;2;6;3;3;0;1;16;9;6;25;1;4;3;4;0;24;8;1;4;6;6;12;0;3;6;23;3.895041688967174;4;6;10;2;6;2;2;1;2;5;2;0;12;10;4;14;4;1;1;8;14;4;11;4;1;6;0;13;24;6;0;17;11;0;1;6;6;2;22;-8.941890484729429;19;6;3;0;13;10;4;3;2;4;24;3;18;2;2;0;4;14;4;4;6;24;4;1;6;2;22;-0.5209377820897781;21;4.449259955941146;5;1;24;21;-2.467755265667836;6;4;3;1;1;17;13;4;8;5;6;0;6;2;4;3;5;25;4;1;1;24;20;-4.299080972060909;4;9;4;5;1;1;4;14;1;8;24;3;6;12
TRACK:127;115;-1;0;2;2;6;1;1;3;3;2;0;20;-9.267804282668475;23;-5.302657074759737;4;21;-7.997900480627938;6;6;3;5;13;1;0;0;3;5;14;4;6;21;-2.5905322895759944;2;6;4;12;6;1;14;10;2;1;0;2;15;17;6;24;6;2;10;24;0;3;2;16;15;2;3;13;3;25;2;0;3;0;5;2;3;12;1;23;-8.791537503495842;7;1.057162939191184;6;7;-3.615985826767158;4;5;6;1;0;21;-6.68262625404621;24;1;21;3.915737843631654;14;4;2;0;0;3;5;14;4;6;21;-2.337053756529144;2;6;4;12;6;1;14;10;4;5;3;1;10;7;3.660987198242733;4;5;2;6;3;3;0;1;16;9;6;25;1;4;3;4;0;24;8;1;4;6;3;8;0;4;6;19;4;6;10;2;6;2;2;1;2;5;2;0;12;10;4;14;4;1;1;8;14;4;11;4;1;6;0;13;24;6;0;17;11;0;1;6;6;2;22;-8.911096278291911;19;6;3;0;13;10;4;3;2;4;24;3;18;2;2;0;4;14;4;4;6;24;4;1;6;2;22;-0.08139769951609979;21;4.039764270716942;5;1;24;21;-2.5966290023837804;6;4;3;1;1;17;13;4;8;5;6;0;6;2;4;3;5;25;4;1;1;24;20;-4.2279073652656285;4;9;4;5;1;1;4;14;1;8;24;3;6;12
TRACK:128;64;-1;0;2;2;6;1;1;3;3;2;0;20;-8.941221121889422;23;-5.263281381461081;4;21;-8.037158817093601;6;6;3;5;13;1;0;0;3;5;14;4;6;21;-2.3111081041549983;2;6;4;12;6;1;9;24;3;2;0;3;11;0;15;19;3;5;15;2;0;3;0;5;2;0;12;8;4;17;1;4;4;12;2;4;12;5;8;4;5;6;1;0;21;-6.7329369400046755;24;1;21;3.906794795384066;14;4;2;1;2;3;17;6;14;2;0;5;15;0;18;19;5;5;13;4;5;3;1;10;7;3.680215465046798;4;5;2;6;3;3;0;1;16;9;6;25;1;4;3;4;0;24;8;1;4;6;6;12;0;4;6;19;4;6;10;2;6;2;2;1;2;5;2;0;12;10;4;14;4;1;1;8;14;4;11;4;1;6;0;13;24;6;0;17;11;0;1;6;6;2;22;-9.05084704261688;19;6;3;0;13;10;4;3;2;4;24;3;18;2;2;0;4;14;4;4;6;24;4;1;6;2;22;-0.3403924463351997;21;4.429529893339136;5;1;24;21;-2.3117413931298634;6;4;3;1;1;17;13;4;8;5;6;0;6;2;4;3;5;25;4;1;1;24;20;-4.093214398870119;4;9;4;5;1;1;4;14;1;8;24;3;6;12
TRACK:129;83;-1;0;2;2;6;1;1;3;3;2;0;20;-9.179736140347888;23;-5.488260075650054;4;21;-8.00163320422669;6;6;3;5;13;1;0;0;3;5;14;4;6;21;-2.2989323619692454;2;6;4;12;6;1;14;10;2;1;0;2;15;17;6;24;6;2;10;24;0;3;2;16;15;2;3;13;3;25;2;0;3;0;5;2;0;12;8;4;25;1;4;4;12;2;4;12;5;8;4;0;3;11;0;8;9;4;2;1;2;3;17;6;14;2;0;5;15;0;18;19;5;5;13;4;5;3;1;10;7;3.4351667897509213;4;5;2;6;3;3;0;1;16;9;6;25;1;4;3;4;0;24;8;1;4;6;3;8;0;19;4;6;10;2;6;2;2;1;2;5;2;0;12;10;4;14;4;1;1;8;14;4;11;4;1;6;0;13;24;6;0;17;11;0;1;6;6;2;22;-8.893927675586891;19;6;3;0;13;10;4;3;2;4;24;3;18;2;2;0;4;14;4;4;6;24;4;1;6;2;22;0.04054265378593878;21;4.1521072286442315;5;1;24;21;-2.599063938855377;6;5;0;5;14;5;11;5;6;0;6;2;4;3;5;25;4;1;1;24;20;-4.193450790941247;4;9;4;5;1;1;4;14;1;8;24;3;6;12
EVAL_INSTANCE:6:0:120
EVAL_INSTANCE:6:1:121
EVAL_INSTANCE:6:2:122
EVAL_INSTANCE:6:3:123
EVAL_INSTANCE:6:4:124
EVAL_INSTANCE:6:5:125
EVAL_INSTANCE:6:6:126
EVAL_INSTANCE:6:7:127
EVAL_INSTANCE:6:8:128
EVAL_INSTANCE:6:9:129
RUN_RESULT:6:0:0:175:DDDDLRURURULDLUDLDLURRURRUUULLLLLL
RUN_RESULT:6:1:0:175:DDDDLRURURULDLUDLDLURRURRUUULLLLLL
RUN_RESULT:6:2:0:2000:----
RUN_RESULT:6:3:0:175:DDDDLRURURULDLUDLDLURRURRUUULLLLLL
RUN_RESULT:6:4:0:175:DDDDLRURURULDLUDLDLURRURRUUULLLLLL
RUN_RESULT:6:5:0:175:DDDDLRURURULDLUDLDLURRURRUUULLLLLL
RUN_RESULT:6:6:0:175:DDDDLRURURULDLUDLDLURRURRUUULLLLLL
RUN_RESULT:6:7:0:175:DDDDLRURURULDLUDLDLURRURRUUULLLLLL
RUN_RESULT:6:8:0:315:DDDDLRURURULDLUDLDLURRRURUUULLLLLL
RUN_RESULT:6:9:0:175:DDDDLRURURULDLUDLDLURRURRUUULLLLLL
     7 |       70 | -3.825000E+03 | -3.825000E+03
TRACK:130;28;84;0;2;2;6;1;1;3;3;2;0;20;-9.189321075933545;23;-5.25724258769798;4;21;-8.073949376302828;6;6;3;5;13;1;0;0;3;5;14;4;6;21;-2.5655216568432837;2;6;4;12;6;1;14;10;2;1;0;2;15;17;6;24;6;2;10;24;0;3;2;16;15;2;3;13;3;25;2;0;3;0;5;2;0;12;8;4;17;1;4;4;12;2;4;12;5;8;4;5;6;1;0;21;-6.876253819295027;24;1;21;3.9482990119476673;14;4;2;1;2;3;17;6;14;2;0;5;15;0;18;19;5;5;13;4;5;3;1;10;7;3.586909131528662;4;5;2;6;3;3;0;1;16;9;6;25;1;4;3;4;0;24;8;1;4;6;3;8;0;4;6;19;4;6;10;2;6;2;2;1;2;5;2;0;12;10;4;14;4;1;1;8;14;4;11;4;1;6;0;13;24;6;3;17;0;1;6;6;2;22;-8.862698691067756;19;6;3;0;13;10;4;3;2;4;24;3;18;2;2;0;4;14;4;4;6;24;4;1;6;2;22;-0.1952685923132209;21;4.372864502508431;5;1;24;21;-2.4938990947175395;6;4;3;1;1;17;13;4;8;5;6;0;6;2;4;3;5;25;4;1;1;24;20;-4.281222223392238;4;9;4;5;1;1;4;14;1;8;24;3;6;12
TRACK:131;28;84;0;2;2;6;1;1;3;3;2;4;15;4;21;-8.198283303152134;6;6;3;5;13;1;0;0;3;5;14;4;6;21;-2.3548988640673376;2;6;4;12;6;1;14;10;3;2;0;3;11;0;15;19;3;5;15;2;0;3;0;5;2;0;12;8;4;17;1;4;4;12;2;4;12;5;8;4;5;4;9;4;2;1;2;3;17;6;14;2;0;5;15;0;18;19;5;5;13;4;5;3;1;10;7;3.655109646547113;4;5;2;6;3;3;0;1;16;9;6;25;1;4;3;4;0;24;8;1;4;6;6;12;0;4;6;19;4;6;10;2;6;2;2;1;2;5;2;0;12;10;4;14;4;1;1;8;14;4;11;4;1;6;0;13;24;6;0;17;11;0;1;6;8;6;3;0;13;10;4;3;2;4;24;3;18;2;2;0;4;14;4;4;6;24;4;1;6;2;22;-0.10410059793716492;21;4.413927649955681;5;1;24;21;-2.4232739931296137;6;4;3;1;1;17;13;4;8;5;6;0;6;2;4;3;5;25;4;1;1;24;20;-3.96847849742979;4;9;4;5;1;1;4;14;1;8;24;3;6;12
TRACK:132;44;85;0;2;2;6;1;1;3;3;2;0;20;-9.12096739450493;23;-5.419109646074577;4;21;-8.03692184319495;6;6;3;5;13;1;0;0;3;5;14;4;6;21;-2.437220589822696;2;6;4;12;6;1;14;10;2;1;0;2;15;17;6;24;6;2;10;24;0;3;2;16;15;2;3;13;3;25;2;0;3;0;5;2;0;12;8;4;25;1;4;4;12;2;4;12;5;8;4;5;6;1;0;21;-6.7854491109025465;24;1;21;4.049489369914762;14;4;2;1;2;3;17;6;14;2;0;5;15;0;18;19;5;5;13;4;5;3;1;10;7;3.4553673926626254;4;5;2;6;3;3;0;1;16;9;6;25;1;4;3;4;0;24;8;1;4;6;3;8;0;19;4;6;10;2;6;2;2;1;2;5;4;8;4;1;1;8;14;4;11;4;1;6;0;13;24;6;0;17;11;0;1;6;6;2;22;-8.760219911542713;19;6;3;0;13;10;4;3;2;4;24;3;18;2;2;0;4;14;4;4;6;24;4;1;6;2;22;0.07086803024715693;21;4.353482196039044;5;1;24;21;-2.652947581004392;6;4;3;1;1;17;13;4;8;5;6;0;6;2;4;3;5;25;4;1;1;24;20;-4.146579591004465;4;9;4;5;1;1;4;14;1;8;24;3;6;12
TRACK:133;44;85;0;2;2;6;1;1;3;4;14;6;6;3;5;13;1;0;0;3;5;14;4;6;21;-2.397045599740108;2;6;4;12;6;1;14;10;3;2;0;3;11;0;15;19;3;5;15;2;0;3;0;5;2;0;17;8;4;17;1;4;4;12;2;4;12;5;8;4;5;6;1;0;21;-6.664186279703632;24;1;21;3.9236050961956246;14;4;2;1;2;3;17;6;14;2;0;5;15;0;18;19;5;5;13;4;5;3;1;10;7;3.6376296648210418;4;5;2;6;3;3;0;1;16;9;6;25;1;4;3;4;0;24;8;1;4;6;6;12;0;4;6;19;4;6;10;2;6;2;2;1;2;5;2;21;4.353482196039044;4;14;4;1;1;8;14;4;11;4;1;6;0;13;24;6;0;17;11;0;1;6;6;2;22;-8.951104462886763;19;6;3;0;13;10;4;3;2;4;24;3;18;2;2;0;4;14;4;4;6;24;4;1;6;2;22;-0.3823862027119948;21;4.418596697839346;5;1;24;21;-2.5366112390259348;6;4;3;1;1;17;13;4;8;5;6;0;6;2;4;3;5;25;4;1;1;24;20;-4.149653330208216;4;9;4;5;1;1;4;14;1;8;24;3;6;12
TRACK:134;65;84;0;2;2;6;1;1;3;3;2;0;20;-9.142174341288118;23;-5.476607099667321;4;21;-7.989868346972402;6;6;3;5;13;1;0;0;3;5;14;4;6;21;-2.469235086385175;2;6;4;12;6;1;14;10;2;1;0;2;15;17;6;24;0;9;9;0;3;2;16;15;2;3;13;3;25;2;0;3;0;5;2;0;12;8;4;25;1;4;4;12;2;4;12;5;8;4;5;6;1;0;21;-6.6669315195832395;24;1;21;3.9432670073111042;14;4;2;1;2;3;17;6;14;2;0;5;15;0;18;19;5;5;13;4;5;3;1;10;7;3.4956836486648726;4;5;2;6;3;3;0;1;16;9;4;15;1;4;3;4;0;24;8;1;4;6;3;8;0;19;4;6;10;2;6;2;2;1;2;5;2;0;12;10;4;14;4;1;1;8;14;4;11;4;1;6;0;13;24;6;0;17;11;0;1;6;6;2;22;-8.818565801060581;19;6;3;0;13;10;4;3;2;4;24;3;18;2;2;0;4;14;4;4;6;24;4;1;6;2;22;-0.04820561264654773;21;4.244991454438717;5;1;24;21;-2.7605602495770816;6;4;3;1;1;17;13;4;8;5;6;0;6;2;4;3;5;25;4;1;1;24;20;-4.158650239660866;4;9;4;5;1;1;4;14;1;8;24;3;6;12
TRACK:135;65;84;0;2;2;6;1;1;3;3;2;4;15;4;21;-8.198283303152134;6;6;3;5;13;1;0;0;3;5;14;4;6;21;-2.3548988640673376;2;6;4;12;6;1;14;10;3;2;0;3;11;0;15;19;3;5;15;2;0;3;0;5;2;0;12;8;4;17;1;4;4;12;2;4;12;5;8;4;5;4;9;4;2;1;2;3;17;6;14;2;0;5;15;0;18;19;5;5;13;4;5;3;1;10;7;3.655109646547113;4;5;2;6;3;3;0;1;16;9;6;25;1;4;3;4;0;24;8;1;4;6;6;12;0;4;6;19;4;6;10;2;6;2;2;1;2;5;2;0;12;10;4;14;4;1;1;8;14;4;11;4;1;6;0;13;24;6;0;17;11;0;1;6;6;2;22;-8.814079797688489;19;6;3;0;13;10;4;3;2;4;24;3;18;2;6;6;3;5;13;6;4;3;1;1;17;13;4;8;5;6;0;6;2;4;3;5;25;4;1;1;24;20;-3.96847849742979;4;9;4;5;1;1;4;14;1;8;24;3;6;12
TRACK:136;64;44;0;2;2;6;1;1;3;3;2;0;20;-9.033943956298035;23;-5.186964993223363;4;21;-8.121159605703136;6;6;3;5;13;1;0;0;3;5;14;4;6;21;-2.4216860034594765;2;6;4;12;6;1;14;10;3;2;0;3;11;0;15;19;3;5;15;2;0;3;0;5;2;0;12;8;4;17;1;4;4;12;2;4;12;5;8;4;5;6;1;0;21;-6.778398276730623;24;1;21;3.821357918908527;14;4;2;1;2;3;17;6;14;2;0;5;15;0;18;19;5;5;13;4;5;3;1;10;7;3.608355822091067;4;5;2;6;3;3;0;1;16;9;6;25;1;4;3;4;0;24;8;1;4;6;6;12;0;4;6;19;4;6;10;2;6;2;2;1;2;5;2;0;12;10;4;14;4;1;1;8;14;4;11;4;1;6;0;13;24;6;0;17;11;0;1;6;6;2;22;-9.000783179277484;19;6;3;0;13;10;4;16;2;2;0;4;14;4;4;6;24;4;1;6;2;22;-0.3793350146320372;21;4.448191584247402;5;1;24;21;-2.4714329946154354;6;4;3;1;1;17;13;4;8;5;6;0;6;2;4;3;5;25;4;1;1;24;20;-4.190061808060987;4;9;4;5;1;1;4;14;1;8;24;3;6;12
TRACK:137;64;44;0;2;2;6;1;1;3;3;2;0;20;-9.12096739450493;23;-5.419109646074577;4;21;-8.03692184319495;6;6;3;5;13;1;0;0;3;5;14;4;6;21;-2.437220589822696;2;6;4;12;6;1;14;10;2;1;0;2;15;17;6;24;6;2;10;24;0;3;2;16;15;2;3;13;3;25;2;0;3;0;5;2;0;12;8;4;25;1;4;4;12;2;4;12;5;8;4;5;6;1;0;21;-6.7854491109025465;24;1;21;4.049489369914762;14;4;2;1;2;3;17;6;14;2;0;5;15;0;18;19;5;5;13;4;5;3;1;10;7;3.4553673926626254;4;5;2;6;3;3;0;1;16;9;6;25;1;4;3;4;0;24;8;1;4;6;3;8;0;19;4;6;10;2;6;2;2;1;2;5;2;0;12;10;4;14;4;1;1;8;14;4;11;4;1;6;0;13;24;6;0;17;11;0;1;6;6;2;22;-8.760219911542713;19;6;3;0;13;10;4;3;2;4;24;3;18;2;2;0;4;14;4;4;6;24;4;1;6;2;22;0.07086803024715693;21;4.353482196039044;5;1;24;21;-2.652947581004392;6;4;3;1;11;4;8;5;6;0;6;2;4;3;5;25;4;1;1;24;20;-4.146579591004465;4;9;4;5;1;1;4;14;1;8;24;3;6;12
TRACK:138;28;85;0;2;2;6;1;1;3;3;2;0;20;-9.189321075933545;23;-5.25724258769798;4;21;-8.073949376302828;6;6;3;5;13;1;0;0;3;5;14;4;6;21;-2.5655216568432837;2;6;4;12;6;1;14;10;2;1;0;2;15;17;6;24;6;2;10;24;0;3;2;16;15;2;3;13;3;25;2;0;3;0;5;2;0;12;8;4;17;1;4;4;12;2;4;12;5;8;4;5;6;1;0;21;-6.876253819295027;24;1;21;3.9482990119476673;14;4;2;1;2;3;17;6;14;2;0;5;15;0;18;19;5;5;13;4;5;3;1;10;7;3.586909131528662;4;5;2;6;3;3;0;1;16;9;6;25;1;4;3;4;0;24;8;1;4;6;3;8;0;4;6;19;4;6;10;2;6;2;2;1;2;5;2;0;12;10;4;14;4;1;1;8;14;4;11;4;1;6;0;13;24;6;0;17;11;0;1;6;6;2;22;-8.862698691067756;14;6;3;0;13;10;4;3;2;4;24;3;18;2;2;0;4;14;4;4;6;24;4;1;6;2;22;-0.1952685923132209;21;4.372864502508431;5;1;24;21;-2.4938990947175395;6;4;3;1;1;17;13;4;8;5;6;0;6;2;4;3;5;25;4;1;1;24;20;-4.281222223392238;4;9;4;5;1;1;4;14;1;8;24;3;6;12
TRACK:139;28;85;0;2;2;6;1;1;3;4;14;6;6;3;5;13;1;0;0;3;5;14;4;6;21;-2.397045599740108;2;6;4;12;6;1;14;10;3;2;0;3;11;0;15;19;3;5;15;2;0;3;0;5;2;0;17;8;4;17;1;4;4;12;2;4;12;5;8;4;5;6;1;0;21;-6.664186279703632;24;1;21;3.9236050961956246;14;4;2;1;2;3;17;6;14;2;0;5;15;0;18;19;5;5;13;4;5;3;1;10;7;3.6376296648210418;4;5;2;6;3;3;0;1;16;9;6;25;1;4;3;4;0;24;8;1;4;6;6;12;0;4;6;19;4;6;10;2;6;2;2;1;2;5;2;0;12;10;4;14;4;1;1;8;14;4;11;4;1;6;0;13;24;6;0;17;11;0;1;6;6;2;22;-8.951104462886763;19;6;3;0;13;10;4;3;2;4;24;3;18;2;2;0;4;14;4;4;6;24;4;1;6;2;12;21;4.418596697839346;5;1;24;21;-2.5366112390259348;6;4;3;1;1;17;13;4;8;5;6;0;6;2;4;3;5;25;4;1;1;24;20;-4.149653330208216;4;9;4;5;1;1;4;14;1;8;24;3;6;12
TRACK:140;130;-1;0;2;2;6;1;1;3;3;2;0;20;-9.195236289917467;23;-5.227290891483597;4;21;-8.166263869929262;6;6;3;5;13;1;0;0;3;5;14;4;6;21;-2.567339121038099;2;6;4;12;6;1;14;10;2;1;0;2;15;17;6;24;6;2;10;24;0;3;2;16;15;2;3;13;3;25;2;0;3;0;5;2;0;12;8;4;17;1;4;4;12;2;4;12;5;8;4;5;6;1;0;21;-7.027646521002754;24;1;21;4.082205371654283;14;4;2;1;2;3;17;6;14;2;0;5;15;0;18;19;5;5;13;4;5;3;1;10;7;3.5770250862481134;4;5;2;6;3;3;0;1;16;9;6;25;1;4;3;4;0;24;8;1;4;6;3;8;0;4;6;19;4;6;10;2;6;2;2;1;2;5;2;0;12;10;4;14;4;1;1;8;14;4;11;4;1;6;0;13;25;6;3;17;0;1;6;6;2;22;-8.829847653422073;19;6;3;0;13;10;4;3;2;4;24;3;18;2;2;0;4;14;4;4;6;24;4;1;6;2;22;-0.12117367294941646;21;4.3841883921113105;5;1;24;21;-2.524246393019376;6;4;3;1;1;17;13;4;8;5;6;0;6;2;4;3;5;25;4;1;1;24;20;-4.230520245342517;4;9;4;5;1;1;4;14;1;8;24;3;6;12
TRACK:141;132;-1;0;2;2;6;1;1;3;3;2;0;20;-9.088494784810601;23;-5.455728402249112;4;21;-8.164628465815635;6;6;3;5;13;1;0;0;3;5;14;4;6;21;-2.6746334087365646;2;6;4;12;6;1;14;10;2;1;0;2;15;17;6;24;6;2;10;24;0;3;2;16;15;2;3;13;3;25;2;0;3;0;5;2;0;12;8;4;25;1;4;4;12;2;4;12;5;8;4;5;6;1;0;21;-6.69927268940969;24;1;21;4.0155238831863125;14;4;2;1;2;3;17;6;14;2;0;5;15;0;18;19;5;5;13;4;5;3;1;10;7;3.3385796110833246;4;5;2;6;3;3;0;1;16;9;6;25;1;4;3;4;0;24;8;1;4;6;3;24;0;19;4;6;10;2;6;2;2;1;2;5;4;8;4;1;1;8;14;4;11;4;1;6;0;13;24;6;0;17;11;0;1;6;6;2;22;-8.849841468488446;19;6;3;0;13;10;4;3;2;4;24;3;18;2;2;0;4;14;4;4;6;24;4;1;6;2;22;0.08659811310038978;21;4.351153815439511;5;1;24;21;-2.7067999933401308;6;4;3;1;1;17;13;4;8;5;6;0;6;2;4;3;5;25;4;1;1;24;20;-4.076334236418939;4;9;4;5;1;1;4;14;1;8;24;3;6;12
TRACK:142;134;-1;0;2;2;6;1;1;3;3;2;0;20;-9.204323260032194;23;-5.551343077044818;4;21;-7.855239916912805;6;6;3;5;13;1;0;0;3;5;14;4;6;21;-2.438808044974819;2;6;4;12;6;1;14;10;2;1;0;2;15;17;6;24;0;9;9;0;3;2;16;15;2;3;13;3;25;2;0;3;0;5;2;0;12;8;4;25;1;4;4;12;2;4;12;5;8;4;5;6;1;0;21;-6.45424804520579;24;1;21;3.8732557149187623;14;4;2;1;2;3;17;6;14;2;0;5;15;0;18;19;5;5;13;4;5;3;1;10;7;3.458020416007216;4;5;2;6;3;3;0;1;16;18;4;15;1;4;3;4;0;24;8;1;4;6;3;8;0;19;4;6;10;2;6;2;2;1;2;5;2;0;12;10;4;14;4;1;1;8;14;4;11;4;1;6;0;13;24;6;0;17;11;0;1;6;6;2;22;-8.744302689344162;19;6;3;0;13;10;4;3;2;4;24;3;18;2;2;0;4;14;4;4;6;24;4;1;6;2;22;-0.07959041318037326;21;4.2137166218806135;5;1;24;21;-2.6675695776267307;6;4;3;1;1;17;13;4;8;5;6;0;6;2;4;3;5;25;4;1;1;24;20;-4.177506447711793;4;9;4;5;1;1;4;14;1;8;24;3;6;12
TRACK:143;64;-1;0;2;2;3;3;4;1;3;4;10;2;0;14;16;4;9;2;0;3;0;5;2;0;12;8;4;17;1;4;4;12;2;4;12;5;8;4;5;6;1;0;21;-6.882476425875657;24;1;21;3.7298689407654675;14;4;2;1;2;3;17;6;14;2;0;5;15;0;18;19;5;5;13;4;5;3;1;10;7;3.594575638089325;4;5;2;6;3;3;0;1;16;9;6;25;1;4;3;4;0;24;8;1;4;6;6;12;0;4;6;19;4;6;10;2;6;2;2;1;2;5;2;0;12;10;4;14;4;1;1;8;14;4;11;4;1;6;0;13;24;6;0;17;11;0;1;6;6;2;22;-8.930045848445744;19;6;3;0;13;10;4;3;2;4;24;3;18;2;2;0;4;14;4;4;6;24;4;1;6;2;22;-0.3732152133768347;21;4.399890163720064;5;1;24;21;-2.439898176941964;6;4;3;1;1;17;13;4;8;5;6;0;6;2;4;3;5;25;4;1;1;24;20;-4.304112357334951;4;9;4;5;1;1;4;14;1;8;24;3;6;12
TRACK:144;138;-1;0;2;2;6;1;1;3;3;2;0;20;-9.343936974477435;23;-5.413307170096303;4;21;-8.00097567686424;6;6;3;5;13;1;0;0;3;5;14;4;6;21;-2.5654181811266157;2;6;4;12;6;1;14;10;2;1;0;2;15;17;6;24;6;2;10;24;0;3;2;16;15;2;3;13;3;25;2;0;3;0;5;2;0;12;8;4;17;1;4;4;12;2;4;12;5;8;4;5;6;1;0;21;-6.909657512583099;24;1;21;3.9136384615457227;14;4;2;1;2;3;4;17;6;14;2;0;5;15;0;18;19;5;5;13;4;5;3;1;10;7;3.5684279584992766;4;5;2;6;3;3;0;1;16;9;6;25;1;4;3;4;0;24;8;1;4;6;3;8;0;4;6;19;4;6;10;2;6;2;2;1;2;5;2;0;12;10;4;14;4;1;1;8;14;4;11;4;1;6;0;13;24;6;0;17;11;0;1;6;6;2;22;-8.758365385857788;14;6;3;0;13;10;4;3;2;4;24;3;18;2;2;0;4;14;4;4;6;24;4;1;6;2;22;-0.052416199268182584;21;4.204996762066486;5;1;24;21;-2.6377182604852107;6;4;3;1;1;17;13;4;8;5;6;0;6;2;4;3;5;25;4;1;1;24;20;-4.155494068699681;4;9;4;5;1;1;4;14;1;8;24;3;6;12
TRACK:145;131;-1;0;2;2;6;1;1;3;3;2;4;15;4;21;-8.346059042799439;6;6;3;5;13;1;0;0;3;5;14;4;6;21;-2.495090224046579;2;6;4;12;6;1;14;10;3;2;0;3;11;0;15;19;3;5;15;2;0;3;0;5;2;0;12;8;4;17;1;4;4;12;2;4;12;5;8;4;5;4;9;4;2;1;2;3;17;6;14;2;0;5;15;0;18;19;5;5;13;2;4;2;0;16;10;1;12;25;0;1;1;11;19;4;8;1;1;13;24;1;25;18;4;5;2;6;3;3;0;1;16;9;6;25;1;4;3;4;0;24;8;1;4;6;6;12;0;4;6;19;4;6;10;2;6;2;2;1;2;5;2;0;12;10;4;14;4;1;1;8;14;4;11;4;1;6;0;13;24;6;0;17;11;0;1;6;8;6;3;0;13;10;4;3;2;4;24;3;18;2;2;0;4;14;4;4;6;24;4;1;6;2;22;-0.07119804088352025;21;4.4547470426627065;5;1;24;21;-2.3297947869458793;6;4;3;1;1;17;13;4;8;5;6;0;6;2;4;3;5;25;4;1;1;24;20;-4.02344375331395;4;9;4;5;1;1;4;14;1;8;24;3;6;12
TRACK:146;133;-1;0;2;2;6;1;1;3;4;14;6;6;3;5;13;1;0;0;3;5;14;4;6;21;-2.4518752922502762;2;6;4;12;6;1;14;10;3;2;0;3;11;0;15;19;3;5;15;2;0;3;0;5;2;0;17;8;4;17;1;4;4;12;2;4;12;5;8;4;5;6;0;0;22;6.107735294329959;10;6;18;4;2;1;2;3;17;6;14;2;0;5;15;0;18;19;5;5;13;4;5;3;1;10;7;3.666104269599465;4;5;2;6;3;3;0;1;16;9;6;25;1;4;3;4;0;24;8;1;4;6;6;12;0;4;6;19;4;6;10;2;6;2;2;1;2;5;2;21;4.407562166515065;4;14;4;1;1;8;14;4;11;4;1;6;0;13;24;6;0;17;11;0;1;6;6;2;22;-9.057415135374258;19;6;3;0;13;10;4;3;2;4;24;3;18;2;2;0;4;14;4;4;6;24;4;1;6;2;22;-0.24239995932144923;21;4.494207971037238;5;1;24;21;-2.6251942192310707;6;4;3;1;1;17;13;4;8;5;6;0;6;2;4;3;5;25;4;1;1;24;20;-4.211366798177143;4;9;4;5;1;1;4;14;1;8;24;3;6;12
TRACK:147;135;-1;0;2;2;6;1;1;3;3;2;4;15;4;21;-8.145322428051154;6;6;3;5;13;1;0;0;3;5;14;4;6;21;-2.2007877901386577;2;6;4;12;6;1;14;10;3;2;0;3;11;0;15;19;3;5;15;2;0;3;0;5;2;0;12;8;4;17;1;4;4;12;2;4;12;5;8;4;5;4;9;4;2;1;2;3;17;6;14;2;0;5;15;0;18;19;5;5;13;4;5;3;1;10;7;3.9620230558535523;4;5;2;6;3;3;0;1;16;9;6;25;1;4;3;4;0;24;8;1;4;6;6;12;0;4;6;19;4;6;10;2;6;2;2;1;2;5;2;0;12;10;4;14;4;1;1;8;14;4;11;4;1;6;0;13;24;6;0;17;11;0;1;6;6;2;22;-8.80467810867821;19;6;3;0;13;10;4;3;2;4;24;3;18;2;0;3;0;12;19;2;5;7;-0.21970352706630436;1;23;2.6594976018608403;11;6;4;3;1;1;17;13;4;8;5;6;0;6;2;4;3;5;25;4;1;1;24;20;-3.8737515241339753;4;9;4;5;1;1;4;14;1;8;24;3;6;12
TRACK:148;44;-1;0;2;2;6;1;1;3;3;2;0;20;-9.216760937853492;23;-5.24602705909288;4;21;-8.157579084935632;6;6;3;5;13;1;0;0;3;5;14;4;6;21;-2.338919764367743;2;6;4;12;6;1;14;10;2;1;0;2;15;17;6;24;6;2;10;24;0;3;2;16;15;2;3;13;3;25;2;0;3;0;5;2;0;12;8;4;25;1;4;4;12;2;4;9;5;8;4;5;6;1;0;21;-6.766650948273722;24;1;21;4.090827349772761;14;4;2;1;2;3;17;6;14;2;0;5;15;0;18;19;5;5;13;4;5;3;1;10;7;3.561313493834018;4;5;2;6;3;3;0;1;16;9;6;25;1;4;3;4;0;24;8;1;4;6;3;8;0;19;4;6;10;2;6;2;2;1;2;5;2;0;12;10;4;14;4;1;1;8;14;4;11;4;1;6;0;13;24;6;0;17;11;0;1;6;6;2;22;-8.650811151402449;19;6;3;0;13;10;4;3;2;4;24;3;18;2;2;0;4;14;4;4;6;24;4;1;6;2;22;3.970607660996883e-07;21;4.255272067009589;5;1;24;21;-2.6075041557764;6;4;3;1;1;17;13;4;8;5;6;0;6;2;4;3;5;25;4;1;1;24;20;-3.9313999749997284;4;9;4;5;1;1;4;14;1;8;24;3;6;12
TRACK:149;139;-1;0;2;2;6;1;1;3;4;14;6;6;3;5;13;1;0;0;3;5;14;4;6;21;-2.6249926478575767;2;6;4;12;6;1;14;10;3;2;0;3;11;0;15;19;3;5;15;2;0;3;0;5;2;0;17;8;4;17;1;4;4;12;2;4;10;5;8;4;5;6;1;0;21;-6.825470611427763;24;1;21;3.9912100046176127;14;4;2;1;2;3;17;6;14;2;0;5;15;0;18;19;5;5;13;4;5;3;1;10;7;3.6603080483565456;4;5;2;6;3;3;0;1;16;9;6;25;1;4;3;4;0;24;8;1;4;6;6;12;0;4;6;19;4;6;10;2;6;2;2;1;2;5;2;0;12;10;4;14;4;1;1;8;14;4;11;4;1;6;0;13;24;6;0;17;11;0;1;6;6;2;22;-8.994416609475701;19;6;3;0;13;10;4;3;2;4;24;3;18;2;2;0;4;14;4;4;6;24;4;1;6;2;12;21;4.472589069863604;5;1;24;21;-2.4859149844746518;6;4;3;1;1;17;13;4;8;5;6;0;6;2;4;3;5;25;4;1;1;24;20;-4.050851966712357;4;9;4;5;1;1;4;14;1;8;24;3;6;12
EVAL_INSTANCE:7:0:140
EVAL_INSTANCE:7:1:141
EVAL_INSTANCE:7:2:142
EVAL_INSTANCE:7:3:143
EVAL_INSTANCE:7:4:144
EVAL_INSTANCE:7:5:145
EVAL_INSTANCE:7:6:146
EVAL_INSTANCE:7:7:147
EVAL_INSTANCE:7:8:148
EVAL_INSTANCE:7:9:149
RUN_RESULT:7:0:0:175:DDDDLRURURULDLUDLDLURRURRUUULLLLLL
RUN_RESULT:7:1:0:175:DDDDLRURURULDLUDLDLURRURRUUULLLLLL
RUN_RESULT:7:2:0:315:DDDDLRURURULDLUDLDLURRURRUUULLLLLL
RUN_RESULT:7:3:0:175:DDDDLRURURULDLUDLDLURRURRUUULLLLLL
RUN_RESULT:7:4:0:2000:----
RUN_RESULT:7:5:0:2000:----
RUN_RESULT:7:6:0:175:DDDDLRURURULDLUDLDLURRURRUUULLLLLL
RUN_RESULT:7:7:0:2000:----
RUN_RESULT:7:8:0:175:DDDDLRURURULDLUDLDLURRURRUUULLLLLL
RUN_RESULT:7:9:0:230:DDDDLRURUDLLRRURULDLULDDRRURUUUULLLLLL
     8 |       80 | -3.825000E+03 | -3.825000E+03
TRACK:150;64;88;0;3;2;4;24;3;18;2;6;2;2;1;2;5;2;0;12;10;4;14;4;1;1;8;14;4;11;4;1;6;0;13;24;6;0;17;11;0;1;6;6;2;22;-9.000783179277484;19;6;3;0;13;10;4;3;2;4;24;3;18;2;2;0;4;14;4;4;6;24;4;1;6;2;22;-0.3793350146320372;21;4.448191584247402;5;1;24;21;-2.4714329946154354;6;4;3;1;1;17;13;4;8;5;6;0;6;2;4;3;5;25;4;1;1;24;20;-4.190061808060987;4;9;4;5;1;1;4;14;1;8;24;3;6;12
TRACK:151;64;88;0;2;2;6;1;1;3;3;2;0;20;-9.378368103468253;23;-5.1800655086892275;4;21;-7.724444283222472;6;6;3;5;13;1;0;0;3;5;14;4;6;21;-2.425562578562194;2;6;4;12;6;1;14;10;2;1;0;2;15;17;6;24;6;19;0;3;2;16;15;2;3;13;3;25;2;0;3;0;5;2;3;12;1;23;-8.790750727341143;7;0.960337777295352;1;4;4;12;2;4;12;5;8;4;5;6;1;0;21;-6.925171044840573;24;1;21;4.094563455063977;14;4;2;1;2;3;17;6;14;13;4;5;3;1;10;7;3.5282408898028312;4;5;2;6;3;3;0;1;16;9;6;25;1;4;3;4;0;24;8;1;4;6;3;8;0;4;6;19;4;6;10;2;6;2;2;1;2;5;2;0;12;10;4;14;4;1;1;8;14;4;11;4;1;6;0;13;24;6;0;17;11;0;1;6;6;2;22;-8.909213420020492;19;6;3;0;13;10;4;3;2;4;24;3;18;2;2;0;4;14;4;4;6;24;4;1;6;2;22;-0.17825308290609687;21;4.053981302340231;5;1;24;21;-2.544544060733273;6;4;3;1;1;17;13;4;8;5;6;0;6;2;4;3;5;25;4;1;1;24;20;-4.491420846728605;4;9;4;5;1;1;4;14;1;8;24;3;6;12
TRACK:152;83;84;0;2;2;6;1;6;6;3;5;13;1;0;0;3;5;14;4;6;21;-2.365206849127937;2;6;4;12;6;1;14;10;2;1;0;2;15;17;6;24;6;2;10;24;0;3;2;16;15;2;3;13;3;25;2;0;3;0;5;2;0;12;8;4;25;1;4;4;12;2;4;12;5;8;4;5;6;1;0;21;-6.8788920607158;24;1;21;4.266946021695314;14;4;2;1;2;3;17;6;14;2;0;5;15;0;18;19;5;5;13;4;5;3;1;10;7;3.4050155552096646;4;5;2;6;3;3;0;1;16;9;6;25;1;4;3;4;0;24;8;1;4;6;3;8;0;19;4;6;10;2;6;2;2;1;2;5;2;0;12;10;4;14;4;1;1;8;14;4;11;4;1;6;0;13;24;6;0;17;11;0;1;6;6;2;22;-8.775710421224495;19;6;3;0;13;10;4;3;2;4;24;3;18;2;2;0;4;14;4;4;6;24;4;1;6;2;22;0.08744444515135884;21;4.285345255924887;5;1;24;21;-2.61287752630878;6;5;0;5;14;5;11;5;6;0;6;2;4;3;5;25;4;1;1;24;20;-4.199725311269456;4;9;4;5;1;1;4;14;1;8;24;3;6;12
TRACK:153;83;84;0;2;2;6;1;1;3;3;2;4;15;4;21;-8.198283303152134;6;6;3;5;13;1;0;0;3;5;14;4;6;21;-2.3548988640673376;2;6;4;12;6;1;14;10;3;2;3;17;3;5;15;2;0;3;0;5;2;0;12;8;4;17;1;4;4;12;2;4;12;5;8;4;5;4;9;4;2;1;2;3;17;6;14;2;0;5;15;0;18;19;5;5;13;4;5;3;1;10;7;3.655109646547113;4;5;2;6;3;3;0;1;16;9;6;25;1;4;3;4;0;24;8;1;4;6;6;12;0;4;6;19;4;6;10;2;6;2;2;1;2;5;2;0;12;10;4;14;4;1;1;8;14;4;11;4;1;6;0;13;24;6;0;17;11;0;1;6;6;2;22;-8.814079797688489;19;6;3;0;13;10;4;3;2;4;24;3;18;2;2;0;4;14;4;4;6;24;4;1;6;2;22;-0.10410059793716492;21;4.413927649955681;5;1;24;21;-2.4232739931296137;6;4;3;1;1;17;13;4;8;5;6;0;6;2;4;3;5;25;4;1;1;24;20;-3.96847849742979;4;9;4;5;1;1;4;14;1;8;24;3;6;12
TRACK:154;60;84;0;2;2;6;1;1;3;3;2;0;20;-9.192258696042499;23;-5.258280250042499;4;21;-7.93427093830071;6;6;3;5;13;1;0;0;3;5;14;4;6;21;-2.5500717300020197;2;6;4;12;6;1;14;10;2;1;0;2;15;17;6;24;6;2;10;24;0;3;2;16;15;2;3;13;3;25;2;0;3;0;5;2;3;12;1;23;-8.907562571560689;7;1.0537153632971368;1;4;4;12;2;4;12;5;8;4;5;6;1;0;21;-6.906578412026499;24;1;21;4.037530857715165;14;4;2;1;2;3;17;6;14;13;4;5;3;1;10;7;3.478674435023467;4;5;2;6;3;3;0;1;16;9;6;25;4;14;2;6;2;2;1;2;5;2;0;12;10;4;14;4;1;1;8;14;4;11;4;1;6;0;13;24;6;0;17;11;0;1;6;6;2;22;-8.884185887258926;19;6;3;0;13;10;4;3;2;4;24;3;18;2;2;0;4;14;4;4;6;24;4;1;6;2;22;-0.19323754847240257;21;4.224876219872504;5;1;24;21;-2.497546817061575;6;4;3;1;1;17;13;4;8;5;6;0;6;2;4;3;5;25;4;1;1;24;20;-4.410736272929883;4;9;4;5;1;1;4;14;1;8;24;3;6;12
TRACK:155;60;84;0;2;2;6;1;1;3;3;2;4;15;4;21;-8.198283303152134;6;6;3;5;13;1;0;0;3;5;14;4;6;21;-2.3548988640673376;2;6;4;12;6;1;14;10;3;2;0;3;11;0;15;19;3;5;15;2;0;3;0;5;2;0;12;8;4;17;1;4;4;12;2;4;12;5;8;4;5;4;9;4;2;1;2;3;17;6;14;2;0;5;15;0;18;19;5;5;13;4;5;3;1;10;7;3.655109646547113;4;5;2;6;3;3;0;1;16;9;6;25;1;4;3;4;0;24;8;1;4;13;0;4;6;19;4;6;10;2;6;2;2;1;2;5;2;0;12;10;4;14;4;1;1;8;14;4;11;4;1;6;0;13;24;6;0;17;11;0;1;6;6;2;22;-8.814079797688489;19;6;3;0;13;10;4;3;2;4;24;3;18;2;2;0;4;14;4;4;6;24;4;1;6;2;22;-0.10410059793716492;21;4.413927649955681;5;1;24;21;-2.4232739931296137;6;4;3;1;1;17;13;4;8;5;6;0;6;2;4;3;5;25;4;1;1;24;20;-3.96847849742979;4;9;4;5;1;1;4;14;1;8;24;3;6;12
TRACK:156;85;83;0;2;2;6;1;1;3;4;14;6;6;3;5;13;1;0;0;3;5;14;4;6;21;-2.397045599740108;2;6;4;12;6;1;14;10;3;2;0;3;11;0;15;19;3;5;15;2;0;3;0;5;2;0;17;8;4;17;1;4;4;12;6;12;4;5;6;1;0;21;-6.664186279703632;24;1;21;3.9236050961956246;14;4;2;1;2;3;17;6;14;2;0;5;15;0;18;19;5;5;13;4;5;3;1;10;7;3.6376296648210418;4;5;2;6;3;3;0;1;16;9;6;25;1;4;3;4;0;24;8;1;4;6;6;12;0;4;6;19;4;6;10;2;6;2;2;1;2;5;2;0;12;10;4;14;4;1;1;8;14;4;11;4;1;6;0;13;24;6;0;17;11;0;1;6;6;2;22;-8.951104462886763;19;6;3;0;13;10;4;3;2;4;24;3;18;2;2;0;4;14;4;4;6;24;4;1;6;2;22;-0.3823862027119948;21;4.418596697839346;5;1;24;21;-2.5366112390259348;6;4;3;1;1;17;13;4;8;5;6;0;6;2;4;3;5;25;4;1;1;24;20;-4.149653330208216;4;9;4;5;1;1;4;14;1;8;24;3;6;12
TRACK:157;85;83;0;2;2;6;1;1;3;3;2;0;20;-9.035308762632493;23;-5.427413493509816;4;21;-7.952699503058636;6;6;3;5;13;1;0;0;3;5;14;4;6;21;-2.365206849127937;2;6;4;12;6;1;14;10;2;1;0;2;15;17;6;24;6;2;10;24;0;3;2;16;15;2;3;13;3;25;2;0;3;0;5;2;0;12;8;4;25;1;4;4;12;2;4;12;5;8;4;5;6;1;0;21;-6.8788920607158;24;1;21;4.266946021695314;14;4;2;1;2;3;17;6;14;2;0;5;15;0;18;19;5;5;13;4;5;3;1;10;7;3.4050155552096646;4;5;2;6;3;3;0;1;16;9;6;25;1;4;3;4;0;24;8;1;4;6;3;8;0;19;4;6;10;2;6;2;2;1;2;5;2;0;12;10;4;14;4;1;1;8;14;4;11;4;1;6;0;13;24;6;0;17;11;0;1;6;6;2;22;-8.775710421224495;19;6;3;0;13;10;4;3;2;4;24;3;18;2;2;0;4;14;4;4;6;24;4;1;6;2;22;0.08744444515135884;21;4.285345255924887;5;1;24;21;-2.61287752630878;6;5;0;5;14;5;11;11
TRACK:158;88;87;0;2;2;6;1;1;3;3;2;0;20;-9.378368103468253;23;-5.1800655086892275;4;21;-7.724444283222472;6;6;3;5;13;1;0;0;3;5;14;4;6;21;-2.425562578562194;2;6;4;12;6;1;14;10;2;1;0;2;15;17;6;24;0;12;10;0;3;2;16;15;2;3;13;3;25;2;0;3;0;5;2;3;12;1;23;-8.790750727341143;7;0.960337777295352;1;4;4;12;2;4;12;5;8;4;5;6;1;0;21;-6.925171044840573;24;1;21;4.094563455063977;14;4;2;1;2;3;17;6;14;13;4;5;3;1;10;7;3.5282408898028312;4;5;2;6;3;3;0;1;16;9;6;25;1;4;3;4;0;24;8;1;4;6;3;8;0;4;6;19;4;6;10;2;6;2;2;1;2;5;2;0;12;10;4;14;4;1;1;8;14;4;11;4;1;6;0;13;24;6;0;17;11;0;1;6;6;2;22;-8.909213420020492;19;6;3;0;13;10;4;3;2;4;24;3;18;2;2;0;4;14;4;4;6;24;4;1;6;2;22;-0.17825308290609687;21;4.053981302340231;5;1;24;21;-2.544544060733273;6;4;3;1;1;17;13;4;8;5;6;0;6;2;4;3;5;25;4;1;1;24;20;-4.491420846728605;4;9;4;5;1;1;4;14;1;8;24;3;6;12
TRACK:159;88;87;0;2;2;6;1;1;3;3;2;0;20;-9.22140691141287;23;-5.356547854922755;4;21;-7.937198226286189;6;6;3;5;13;1;0;0;3;5;14;4;6;21;-2.920680370917604;2;6;4;12;6;1;14;10;2;1;0;5;21;0.704972914765392;6;24;6;2;10;24;0;3;2;16;15;2;3;13;3;25;2;0;3;0;5;2;0;12;8;4;17;1;4;4;12;2;4;12;5;8;4;5;6;1;0;21;-6.735825290392697;24;1;21;3.956202785364934;14;4;2;1;2;3;17;6;14;2;0;5;15;0;18;19;5;5;13;4;5;3;1;10;7;3.477728803114056;4;5;2;6;3;3;0;1;16;9;6;25;1;4;3;4;0;24;8;1;4;6;3;8;0;4;6;19;4;6;10;2;6;2;2;1;2;5;2;0;12;10;4;14;4;1;1;8;14;4;11;4;1;6;0;13;24;6;0;17;11;0;1;6;6;2;22;-8.898987450749514;19;6;3;0;13;10;4;3;2;4;24;3;18;2;2;0;4;14;4;4;6;24;4;1;6;2;22;-0.2521133220757505;21;4.383417352134787;5;1;24;21;-2.3613878850531944;6;4;3;1;1;17;13;4;8;5;6;0;6;2;4;3;5;19;4;1;1;24;20;-4.299324529556566;4;9;4;5;1;1;4;14;1;8;24;3;6;12
TRACK:160;150;-1;0;3;2;4;24;3;18;2;6;2;2;1;2;5;2;0;12;10;4;14;4;1;1;8;14;4;11;4;1;6;0;13;24;6;0;17;11;0;1;6;6;2;22;-9.09691456844333;19;6;3;0;13;10;4;3;2;4;24;3;18;2;2;0;4;14;4;4;6;24;4;1;1;4;22;-4.765668226925426;5;11;5;1;24;21;-2.551757166435688;6;4;3;1;1;17;13;4;8;5;6;0;6;2;4;3;5;25;4;1;1;24;20;-4.1089953888589585;4;9;4;5;1;1;4;14;1;8;24;3;6;12
TRACK:161;83;-1;0;2;2;6;1;1;3;0;2;8;13;1;24;20;-0.45887633356283253;6;6;3;5;13;1;0;0;3;5;14;4;6;21;-2.4539397772476605;2;6;4;12;6;1;14;10;2;1;0;2;15;17;6;24;6;2;10;24;0;3;2;16;15;2;3;13;3;25;2;0;3;0;5;2;0;12;8;4;25;1;4;4;12;2;4;12;5;8;4;5;6;1;0;21;-6.95556911492486;24;1;21;4.203711099787365;14;4;2;1;2;3;17;6;14;2;0;5;15;0;18;19;5;5;13;4;5;3;1;10;7;3.4590582098408373;4;5;2;6;3;3;0;1;16;9;6;25;1;4;3;4;0;24;8;1;4;6;3;8;0;19;4;6;10;2;6;2;2;1;2;5;2;0;12;10;4;14;4;1;1;8;14;4;11;4;1;6;0;13;24;6;0;17;11;0;1;6;6;2;22;-8.689132147310843;19;6;3;0;13;10;4;3;2;4;24;3;18;2;2;0;4;14;4;4;6;24;4;1;6;2;22;0.1185372541722712;21;4.141261745077717;5;1;24;21;-2.6254869630827615;6;5;0;5;14;5;11;5;6;0;6;2;4;3;5;25;4;1;1;24;20;-4.318780773934545;4;9;4;5;1;1;4;14;1;8;24;3;6;12
TRACK:162;154;-1;0;2;2;6;1;1;3;3;2;0;20;-9.35077156220488;23;-5.417392534174539;4;21;-8.05156123496364;6;6;3;5;13;1;0;0;3;5;14;4;6;21;-2.6171831406840136;2;6;4;12;6;1;14;10;2;1;0;2;15;17;6;24;6;2;10;24;0;3;2;16;15;2;3;13;3;25;2;0;3;0;5;2;3;12;1;23;-9.018402722125629;7;1.1335195233748059;1;4;4;12;2;4;12;5;8;4;5;6;1;0;21;-7.0047001728511304;19;1;21;3.9675878976394925;14;4;2;1;2;3;17;6;14;13;4;5;3;1;10;7;3.6734382483048216;4;5;2;6;3;3;0;1;16;9;6;25;4;14;2;6;2;2;1;2;5;2;0;12;10;4;14;4;1;1;8;14;4;11;4;1;6;0;13;24;6;0;17;11;0;1;6;6;2;22;-8.919273242839978;19;6;3;0;13;10;4;3;2;4;24;3;18;2;2;0;4;14;4;4;6;24;4;1;6;2;22;-0.1606557605663032;21;4.101802229726448;5;1;24;21;-2.5066985454611084;6;4;3;1;1;17;13;4;8;5;6;0;6;2;4;3;5;25;4;1;1;24;20;-4.347354975462267;4;9;4;5;1;1;4;14;1;8;24;3;6;12
TRACK:163;156;-1;0;2;2;6;1;1;3;4;14;6;6;3;5;13;1;0;0;3;5;14;4;6;21;-2.4250723597494193;2;6;4;12;6;1;14;10;3;2;0;3;11;0;15;19;3;5;15;2;0;3;0;5;2;0;17;8;4;17;1;4;4;12;6;12;4;5;6;1;0;21;-6.58014439132101;24;1;21;3.813046761650331;14;4;2;1;2;3;17;6;14;2;0;5;15;0;18;19;5;5;13;4;5;3;1;10;7;3.523445308554089;4;5;2;6;3;3;0;1;16;9;6;25;1;4;3;4;0;24;8;1;4;6;6;12;0;4;6;19;4;6;10;2;6;2;2;1;2;5;2;0;12;10;4;14;4;1;1;8;14;4;11;4;1;6;0;13;24;6;0;17;11;0;2;5;3;23;3.0961460388120265;3;1;22;-7.516552709408153;8;4;3;2;4;24;3;18;2;2;0;4;14;4;4;6;24;4;1;6;2;22;-0.34629352279913406;21;4.6130747670819225;5;1;24;21;-2.6143217642591585;6;4;3;1;1;17;13;4;8;5;6;0;6;2;4;3;5;25;4;1;1;24;20;-4.158467559057206;4;9;4;5;1;1;4;14;1;8;24;3;6;12
TRACK:164;158;-1;0;2;2;6;1;1;3;3;2;0;20;-9.05235849026987;23;-5.289746894537418;4;21;-7.633512636395697;6;6;3;5;13;1;0;0;3;5;14;4;6;21;-2.448339485543167;2;6;4;12;6;1;14;10;2;1;0;2;15;17;6;24;0;12;10;0;3;2;16;15;2;3;13;3;25;2;0;3;0;5;2;3;12;1;23;-8.758496539825236;7;0.7608867926123772;1;4;4;12;2;4;12;5;8;4;5;6;1;0;21;-6.9460925960280555;24;1;21;4.1148490788883665;14;4;2;1;2;3;17;6;14;13;4;5;3;1;10;7;3.6150967679102473;4;5;2;6;3;3;0;1;16;9;6;25;1;4;3;4;0;24;8;1;4;6;3;8;0;4;6;19;4;6;10;2;6;2;2;1;2;5;2;0;12;10;4;14;4;1;1;8;14;4;11;4;1;6;0;13;24;6;0;17;25;0;1;6;6;2;22;-8.974837351226856;19;6;3;0;13;10;4;3;2;4;24;3;18;2;2;0;4;14;4;4;6;24;4;1;6;2;22;0.1607375783117414;21;3.91153176112574;5;1;24;21;-2.373083233119337;6;4;3;1;1;17;13;4;8;5;6;0;6;2;4;3;5;25;4;1;1;24;20;-4.44899023967169;4;9;4;5;1;1;4;14;1;8;24;3;6;12
TRACK:165;151;-1;0;2;2;6;1;1;3;3;2;0;20;-9.297968218982419;23;-5.153374364673456;4;21;-7.740271295436914;6;2;0;24;16;5;14;1;0;0;3;5;14;4;6;21;-2.4459040241617336;2;6;4;12;6;1;14;10;2;1;0;2;15;17;6;24;6;19;0;3;2;16;15;2;3;13;3;25;2;0;3;0;5;2;3;12;1;23;-8.808550904875945;7;0.9995747671234219;1;4;4;12;2;4;12;5;8;4;5;6;1;0;21;-6.8900992807087285;24;1;21;4.049939889657097;14;4;2;1;2;3;17;6;14;13;4;5;3;1;10;7;3.4899843008479854;4;5;2;6;3;3;0;1;16;9;6;25;1;4;3;4;0;24;8;1;4;6;3;8;0;4;6;19;4;6;10;2;6;2;2;1;2;5;2;0;12;10;4;14;4;1;1;8;14;4;11;4;1;6;0;13;24;6;0;17;11;0;1;6;6;2;22;-8.94387679479459;19;6;3;0;13;10;4;3;2;4;24;3;18;2;2;0;4;14;4;4;6;24;4;1;6;2;22;-0.17628489218736393;21;4.0792731117266285;5;1;24;21;-2.497096756056197;6;4;3;1;1;17;13;4;8;5;6;0;6;2;4;3;5;25;4;1;1;24;20;-4.438635509737407;4;9;4;5;1;1;4;14;1;8;24;3;6;12
TRACK:166;84;-1;0;2;2;6;1;1;3;3;2;4;15;4;21;-8.196326999315746;6;6;3;5;13;1;0;0;3;5;14;4;6;21;-2.2060379349125836;2;6;4;12;6;1;14;10;3;2;0;3;11;0;15;19;3;5;15;2;0;3;0;5;2;0;12;8;4;17;1;4;4;12;2;4;12;5;8;4;5;4;9;4;2;1;2;3;17;6;14;2;0;5;15;0;18;19;5;5;13;4;5;3;1;10;7;3.768170800126906;4;5;2;6;3;3;0;1;16;9;6;25;1;4;3;4;0;24;8;1;4;6;6;12;0;4;6;19;4;6;10;2;6;2;2;1;2;5;2;0;12;10;4;14;4;1;1;8;14;4;11;4;1;6;0;13;24;6;0;17;11;0;1;6;6;2;22;-8.750748752896152;19;6;3;0;13;10;4;3;2;4;24;3;18;2;2;0;4;14;4;4;6;24;4;1;6;2;22;-0.08686204429555305;21;4.409651253522264;5;1;24;21;-2.377077350673531;6;4;3;1;1;17;13;4;8;5;6;0;6;2;4;3;5;25;4;1;5;8;4;9;4;5;1;1;4;14;1;8;24;3;6;12
TRACK:167;155;-1;0;2;2;6;1;1;3;3;2;4;15;4;21;-8.145941554553593;6;6;3;5;13;1;0;0;3;5;14;4;6;21;-2.2935910946451377;2;6;4;12;6;1;14;10;3;2;0;3;11;0;15;19;3;5;15;2;0;3;0;5;2;0;12;8;4;17;1;4;4;12;2;4;12;5;8;4;5;4;9;4;2;1;2;3;17;6;14;2;0;5;15;0;18;19;5;5;13;4;5;3;1;10;7;3.6505675490378393;4;5;2;6;3;3;0;1;16;9;6;25;1;4;3;4;0;24;8;1;4;13;0;4;6;19;4;6;10;2;6;2;2;1;2;5;2;0;12;10;4;14;4;1;1;8;14;4;11;4;1;6;0;13;24;6;0;17;11;0;1;6;0;2;25;22;-7.580443337259317;1;12;22;7.330967061951256;6;3;0;13;10;4;3;2;4;24;3;18;2;2;0;4;14;4;4;6;24;4;1;6;2;22;-0.05859518183853416;21;4.391531611647669;5;1;24;21;-2.3920456171423794;6;4;3;1;1;17;13;4;8;5;6;0;6;2;4;3;5;25;4;1;1;24;20;-3.9466021346024474;4;9;4;5;1;1;4;14;1;8;24;3;6;12
TRACK:168;157;-1;0;2;2;6;1;1;3;3;2;0;20;-8.977025040560939;23;-5.5057717427784105;4;21;-7.880309291811758;6;6;3;5;13;1;0;0;3;5;14;4;6;21;-2.3607255659046062;2;6;4;12;6;1;14;10;2;1;0;2;15;17;6;24;6;2;10;24;0;3;2;16;15;2;3;13;3;25;2;0;3;0;5;2;0;12;8;4;25;1;4;4;12;2;4;12;5;8;4;5;6;1;0;21;-6.998159793227328;24;1;21;4.134693517610109;14;4;2;1;2;3;17;6;14;2;0;5;15;0;18;19;5;5;13;4;5;3;1;10;7;3.374446041744578;4;5;2;6;3;3;0;1;16;9;6;25;1;4;2;3;12;5;24;1;4;6;3;8;0;19;4;6;10;2;6;2;2;1;2;5;2;0;12;10;4;14;4;1;1;8;14;4;11;4;1;6;0;13;24;6;0;17;11;0;1;6;6;2;22;-8.832444802808384;19;6;3;0;13;10;4;3;2;4;24;3;18;2;2;0;4;14;4;4;6;24;4;1;6;2;22;0.13952551103034705;21;4.137826308562959;5;1;24;21;-2.555774189800781;6;5;0;5;14;5;11;11
TRACK:169;159;-1;0;2;2;6;1;1;3;3;2;0;20;-9.316308022961593;23;-5.22813943568097;4;21;-7.949412009835969;6;6;3;5;13;1;0;0;3;5;14;4;6;21;-2.9103321817088643;2;6;4;12;6;1;14;10;2;1;0;5;21;0.8175791172529934;6;24;6;2;10;24;0;3;2;16;15;2;3;13;3;25;2;4;6;0;2;4;15;0;24;15;5;0;14;11;4;2;1;2;3;17;6;14;2;0;5;15;0;18;19;5;5;13;4;5;3;1;10;7;3.305445315120788;4;5;2;6;3;3;0;1;16;9;6;25;1;4;3;4;0;24;8;1;4;6;3;8;0;4;6;19;4;6;10;2;6;2;2;1;2;5;2;0;12;10;4;14;4;1;1;8;14;4;11;4;1;6;0;13;24;6;0;17;11;0;1;6;6;2;22;-8.702658389849239;19;6;3;0;13;10;4;3;2;4;24;3;18;2;2;0;4;14;4;4;6;24;4;1;6;2;22;-0.4166887724558436;21;4.407955608312647;5;1;24;21;-2.2361785691039975;6;4;3;1;1;17;13;4;8;5;6;0;6;2;4;3;5;19;4;1;1;24;20;-4.375678079114493;4;9;4;5;1;1;4;14;1;8;24;3;6;12
EVAL_INSTANCE:8:0:160
EVAL_INSTANCE:8:1:161
EVAL_INSTANCE:8:2:162
EVAL_INSTANCE:8:3:163
EVAL_INSTANCE:8:4:164
EVAL_INSTANCE:8:5:165
EVAL_INSTANCE:8:6:166
EVAL_INSTANCE:8:7:167
EVAL_INSTANCE:8:8:168
EVAL_INSTANCE:8:9:169
RUN_RESULT:8:0:0:2000:----
RUN_RESULT:8:1:0:175:DDDDLRURURULDLUDLDLURRURRUUULLLLLL
RUN_RESULT:8:2:0:175:DDDDLRURURULDLUDLDLURRURRUUULLLLLL
RUN_RESULT:8:3:0:2000:----
RUN_RESULT:8:4:0:230:DDDDLRURUDLLRRURULDLULDDRRUURUUULLLLLL
RUN_RESULT:8:5:0:180:DDDDLRURURULDLUDLDLURRURRUUULLLLLL
RUN_RESULT:8:6:0:175:DDDDLRURURULDLUDLDLURRURRUUULLLLLL
RUN_RESULT:8:7:0:2000:----
RUN_RESULT:8:8:0:175:DDDDLRURURULDLUDLDLURRURRUUULLLLLL
RUN_RESULT:8:9:0:230:DDDDLRURUDLLRRURULDLULDDRRUURUUULLLLLL
     9 |       90 | -3.825000E+03 | -3.825000E+03
TRACK:170;28;83;0;2;2;6;1;1;3;3;2;0;20;-9.189321075933545;23;-5.25724258769798;4;21;-8.073949376302828;6;6;3;5;13;1;0;0;3;5;14;4;6;21;-2.5655216568432837;2;6;4;12;6;1;14;10;2;1;0;2;15;17;6;24;6;2;10;24;0;3;2;16;15;2;3;13;3;25;2;0;3;0;5;2;0;12;8;4;17;1;4;4;12;2;4;12;5;8;4;5;6;1;0;21;-6.876253819295027;24;1;21;3.9482990119476673;14;4;2;1;2;3;17;6;14;2;0;5;15;0;18;19;5;5;13;4;5;3;1;10;7;3.586909131528662;4;5;2;6;3;3;0;1;16;9;6;25;1;4;3;4;0;24;8;1;4;6;3;8;0;4;6;19;4;6;10;2;6;2;2;1;2;5;2;0;12;10;1;24;20;-4.199725311269456;4;1;1;8;14;4;11;4;1;6;0;13;24;6;0;17;11;0;1;6;6;2;22;-8.862698691067756;19;6;3;0;13;10;4;3;2;4;24;3;18;2;2;0;4;14;4;4;6;24;4;1;6;2;22;-0.1952685923132209;21;4.372864502508431;5;1;24;21;-2.4938990947175395;6;4;3;1;1;17;13;4;8;5;6;0;6;2;4;3;5;25;4;1;1;24;20;-4.281222223392238;4;9;4;5;1;1;4;14;1;8;24;3;6;12
TRACK:171;28;83;0;2;2;6;1;1;3;3;2;0;20;-9.035308762632493;23;-5.427413493509816;4;21;-7.952699503058636;6;6;3;5;13;1;0;0;3;5;14;4;6;21;-2.365206849127937;2;6;4;12;6;1;14;10;2;1;0;2;15;17;6;24;6;2;10;24;0;3;2;16;15;2;3;13;3;25;2;0;3;0;5;2;0;12;8;4;25;1;4;4;12;2;4;12;5;8;4;5;6;1;0;21;-6.8788920607158;24;1;21;4.266946021695314;14;4;2;1;2;3;17;6;14;2;0;5;15;0;18;19;5;5;13;4;5;3;1;10;7;3.4050155552096646;4;5;2;6;3;3;0;1;16;9;6;25;1;4;3;4;0;24;8;1;4;6;3;8;0;19;4;6;10;2;6;2;2;1;2;5;2;0;12;10;11;4;1;1;8;14;4;11;4;1;6;0;13;24;6;0;17;11;0;1;6;6;2;22;-8.775710421224495;19;6;3;0;13;10;4;3;2;4;24;3;18;2;2;0;4;14;4;4;6;24;4;1;6;2;22;0.08744444515135884;21;4.285345255924887;5;1;24;21;-2.61287752630878;6;5;0;5;14;5;11;5;6;0;6;2;4;3;5;25;4;1;1;24;20;-4.199725311269456;4;9;4;5;1;1;4;14;1;8;24;3;6;12
TRACK:172;44;60;0;2;2;6;1;1;3;3;2;0;20;-9.12096739450493;23;-5.419109646074577;4;21;-8.03692184319495;6;6;3;5;13;1;0;0;3;5;14;4;6;21;-2.437220589822696;2;6;4;12;6;1;14;10;2;1;0;2;15;17;6;24;6;2;10;24;0;3;2;16;15;2;3;13;3;25;2;0;3;0;5;2;0;12;8;4;25;1;4;4;12;2;4;12;5;8;4;5;6;1;0;21;-6.7854491109025465;24;1;21;4.049489369914762;14;4;2;1;2;3;17;6;14;2;0;5;15;0;18;19;5;5;13;4;5;3;1;10;7;3.4553673926626254;4;5;2;6;3;3;0;1;16;9;6;25;1;4;3;4;0;24;8;1;4;1;17;13;0;19;4;6;10;2;6;2;2;1;2;5;2;0;12;10;4;14;4;1;1;8;14;4;11;4;1;6;0;13;24;6;0;17;11;0;1;6;6;2;22;-8.760219911542713;19;6;3;0;13;10;4;3;2;4;24;3;18;2;2;0;4;14;4;4;6;24;4;1;6;2;22;0.07086803024715693;21;4.353482196039044;5;1;24;21;-2.652947581004392;6;4;3;1;1;17;13;4;8;5;6;0;6;2;4;3;5;25;4;1;1;24;20;-4.146579591004465;4;9;4;5;1;1;4;14;1;8;24;3;6;12
TRACK:173;44;60;0;2;2;6;1;1;3;3;2;0;20;-9.192258696042499;23;-5.258280250042499;4;21;-7.93427093830071;6;6;3;5;13;1;0;0;3;5;14;4;6;21;-2.5500717300020197;2;6;4;12;6;1;14;10;2;1;0;2;15;17;6;24;6;2;10;24;0;3;2;16;15;2;3;13;3;25;2;0;3;0;5;2;3;12;1;23;-8.907562571560689;7;1.0537153632971368;1;4;4;12;2;4;12;5;8;4;5;6;1;0;21;-6.906578412026499;24;1;21;4.037530857715165;14;4;2;1;2;3;17;6;14;13;4;5;3;1;10;7;3.478674435023467;4;5;2;6;3;3;0;1;16;9;6;25;1;4;3;4;0;24;8;1;4;6;3;8;0;4;6;19;4;6;10;2;6;2;2;1;2;5;2;0;12;10;4;14;4;1;1;8;14;4;11;4;1;6;0;13;24;6;0;17;11;0;1;6;6;2;22;-8.884185887258926;19;6;3;0;13;10;4;3;2;4;24;3;18;2;2;0;4;14;4;4;6;24;4;1;6;2;22;-0.19323754847240257;21;4.224876219872504;5;1;24;21;-2.497546817061575;6;4;3;1;1;17;13;4;8;5;6;0;6;2;4;3;5;25;4;1;1;24;20;-4.410736272929883;4;9;4;5;1;1;4;14;1;8;24;3;6;16
TRACK:174;65;28;0;2;2;6;1;1;3;3;2;0;20;-9.142174341288118;23;-5.476607099667321;4;21;-7.989868346972402;6;6;3;5;13;1;0;0;3;5;14;4;6;21;-2.469235086385175;2;6;4;12;6;1;14;10;2;1;0;2;21;3.9482990119476673;17;6;24;0;9;9;0;3;2;16;15;2;3;13;3;25;2;0;3;0;5;2;0;12;8;4;25;1;4;4;12;2;4;12;5;8;4;5;6;1;0;21;-6.6669315195832395;24;1;21;3.9432670073111042;14;4;2;1;2;3;17;6;14;2;0;5;15;0;18;19;5;5;13;4;5;3;1;10;7;3.4956836486648726;4;5;2;6;3;3;0;1;16;9;6;25;1;4;3;4;0;24;8;1;4;6;3;8;0;19;4;6;10;2;6;2;2;1;2;5;2;0;12;10;4;14;4;1;1;8;14;4;11;4;1;6;0;13;24;6;0;17;11;0;1;6;6;2;22;-8.818565801060581;19;6;3;0;13;10;4;3;2;4;24;3;18;2;2;0;4;14;4;4;6;24;4;1;6;2;22;-0.04820561264654773;21;4.244991454438717;5;1;24;21;-2.7605602495770816;6;4;3;1;1;17;13;4;8;5;6;0;6;2;4;3;5;25;4;1;1;24;20;-4.158650239660866;4;9;4;5;1;1;4;14;1;8;24;3;6;12
TRACK:175;65;28;0;2;2;6;1;1;3;3;2;0;20;-9.189321075933545;23;-5.25724258769798;4;21;-8.073949376302828;6;6;3;5;13;1;0;0;3;5;14;4;6;21;-2.5655216568432837;2;6;4;12;6;1;14;10;2;1;0;2;15;17;6;24;6;2;10;24;0;3;2;16;15;2;3;13;3;25;2;0;3;0;5;2;0;12;8;4;17;1;4;4;12;2;4;12;5;8;4;5;6;1;0;21;-6.876253819295027;24;1;21;3.9482990119476673;14;4;2;1;2;3;17;6;14;2;0;5;15;0;18;19;5;5;13;4;5;3;1;10;7;3.586909131528662;4;5;2;6;3;3;0;1;16;9;6;25;1;4;3;4;0;24;8;1;4;6;3;8;0;4;6;19;4;6;10;2;6;2;2;1;2;5;2;0;12;10;4;14;4;1;1;8;14;4;11;4;1;6;0;13;24;6;0;17;11;0;1;6;6;2;22;-8.862698691067756;19;6;3;0;13;10;4;3;2;4;24;3;18;2;2;0;4;14;4;4;6;24;4;1;6;2;22;-0.1952685923132209;21;4.372864502508431;5;1;24;21;-2.4938990947175395;6;4;3;1;1;17;13;4;8;5;6;0;6;2;4;3;5;25;4;1;1;24;20;-4.281222223392238;4;14;4;5;1;1;4;14;1;8;24;3;6;12
TRACK:176;64;88;0;2;2;6;1;1;3;3;2;6;19;4;21;-8.121159605703136;6;6;3;5;13;1;0;0;3;5;14;4;6;21;-2.4216860034594765;2;6;4;12;6;1;14;10;3;2;0;3;11;0;15;19;3;5;15;2;0;3;0;5;2;0;12;8;4;17;1;4;4;12;2;4;12;5;8;4;5;6;1;0;21;-6.778398276730623;24;1;21;3.821357918908527;14;4;2;1;2;3;17;6;14;2;0;5;15;0;18;19;5;5;13;4;5;3;1;10;7;3.608355822091067;4;5;2;6;3;3;0;1;16;9;6;25;1;4;3;4;0;24;8;1;4;6;6;12;0;4;6;19;4;6;10;2;6;2;2;1;2;5;2;0;12;10;4;14;4;1;1;8;14;4;11;4;1;6;0;13;24;6;0;17;11;0;1;6;6;2;22;-9.000783179277484;19;6;3;0;13;10;4;3;2;4;24;3;18;2;2;0;4;14;4;4;6;24;4;1;6;2;22;-0.3793350146320372;21;4.448191584247402;5;1;24;21;-2.4714329946154354;6;4;3;1;1;17;13;4;8;5;6;0;6;2;4;3;5;25;4;1;1;24;20;-4.190061808060987;4;9;4;5;1;1;4;14;1;8;24;3;6;12
TRACK:177;64;88;0;2;2;6;1;1;3;6;10;6;6;3;5;13;1;0;0;3;5;14;4;6;21;-2.425562578562194;2;6;4;12;6;1;14;10;2;1;0;2;15;17;6;24;6;19;0;3;2;16;15;2;3;13;3;25;2;0;3;0;5;2;3;12;1;23;-8.790750727341143;7;0.960337777295352;1;4;4;12;2;4;12;5;8;4;5;6;1;0;21;-6.925171044840573;24;1;21;4.094563455063977;14;4;2;1;2;3;17;6;14;13;4;5;3;1;10;7;3.5282408898028312;4;5;2;6;3;3;0;1;16;9;6;25;1;4;3;4;0;24;8;1;4;6;3;8;0;4;6;19;4;6;10;2;6;2;2;1;2;5;2;0;12;10;4;14;4;1;1;8;14;4;11;4;1;6;0;13;24;6;0;17;11;0;1;6;6;2;22;-8.909213420020492;19;6;3;0;13;10;4;3;2;4;24;3;18;2;2;0;4;14;4;4;6;24;4;1;6;2;22;-0.17825308290609687;21;4.053981302340231;5;1;24;21;-2.544544060733273;6;4;3;1;1;17;13;4;8;5;6;0;6;2;4;3;5;25;4;1;1;24;20;-4.491420846728605;4;9;4;5;1;1;4;14;1;8;24;3;6;12
TRACK:178;83;85;0;2;2;6;1;1;3;3;2;0;20;-9.035308762632493;23;-5.427413493509816;4;21;-7.952699503058636;6;6;3;5;13;1;0;0;3;5;14;4;6;21;-2.365206849127937;2;6;4;12;6;1;14;10;2;1;0;2;15;17;6;24;6;2;10;24;0;3;15;2;3;13;3;25;2;0;3;0;5;2;0;12;8;4;25;1;4;4;12;2;4;12;5;8;4;5;6;1;0;21;-6.8788920607158;24;1;21;4.266946021695314;14;4;2;1;2;3;17;6;14;2;0;5;15;0;18;19;5;5;13;4;5;3;1;10;7;3.4050155552096646;4;5;2;6;3;3;0;1;16;9;6;25;1;4;3;4;0;24;8;1;4;6;3;8;0;19;4;6;10;2;6;2;2;1;2;5;2;0;12;10;4;14;4;1;1;8;14;4;11;4;1;6;0;13;24;6;0;17;11;0;1;6;6;2;22;-8.775710421224495;19;6;3;0;13;10;4;3;2;4;24;3;18;2;2;0;4;14;4;4;6;24;4;1;6;2;22;0.08744444515135884;21;4.285345255924887;5;1;24;21;-2.61287752630878;6;5;0;5;14;5;11;5;6;0;6;2;4;3;5;25;4;1;1;24;20;-4.199725311269456;4;9;4;5;1;1;4;14;1;8;24;3;6;12
TRACK:179;83;85;0;2;2;6;1;1;3;4;14;6;6;3;5;13;1;0;0;3;5;14;4;6;21;-2.397045599740108;2;6;4;12;6;1;14;10;3;2;0;3;11;0;15;19;3;5;15;2;0;3;0;5;2;0;17;8;4;17;1;4;4;12;2;4;12;5;8;4;5;6;1;0;21;-6.664186279703632;24;1;21;3.9236050961956246;14;4;2;1;2;3;17;6;14;2;0;5;15;0;18;19;5;5;13;4;5;3;1;10;7;3.6376296648210418;4;5;2;6;3;3;0;1;16;9;6;25;1;4;3;4;0;24;8;1;4;6;6;12;0;4;6;19;4;6;10;2;6;2;2;1;2;5;2;0;12;10;4;14;4;1;1;8;14;4;11;4;1;6;0;13;24;6;0;17;11;0;1;6;6;2;22;-8.951104462886763;19;6;3;0;13;10;4;3;2;4;24;3;18;2;2;0;4;14;4;4;6;24;4;1;6;2;22;-0.3823862027119948;21;4.418596697839346;5;1;24;21;-2.5366112390259348;6;4;3;1;1;17;13;4;8;5;6;0;6;2;4;3;5;25;4;1;8;4;9;4;5;1;1;4;14;1;8;24;3;6;12
TRACK:180;170;-1;0;2;2;6;1;1;3;3;2;0;20;-9.075677620471911;23;-5.284566327457288;4;21;-7.935090056406852;6;6;3;5;13;1;0;0;3;5;14;4;6;21;-2.4780571504397986;2;6;4;12;6;1;14;10;2;1;0;2;15;17;6;24;6;2;10;24;0;3;2;16;15;2;3;13;3;25;2;0;3;0;5;2;0;21;8.232376026977565;8;4;17;1;4;4;12;2;4;12;5;8;4;5;6;1;0;21;-6.742975106800712;24;1;21;4.051214652043585;14;4;2;1;2;3;17;6;14;2;0;5;15;0;18;19;5;5;13;4;5;3;1;10;7;3.556437703418946;4;5;2;6;3;3;0;1;16;9;6;25;1;4;3;4;0;24;8;1;4;6;3;8;0;4;6;19;4;6;10;2;6;2;2;1;2;5;2;0;12;10;1;24;20;-4.478216342120844;4;1;1;8;14;4;11;4;1;6;0;13;24;6;0;17;11;0;1;6;6;2;22;-8.727860322710857;19;6;3;0;13;10;4;3;2;4;24;3;18;2;2;0;4;14;4;4;6;24;4;1;6;2;22;-0.22466556239380947;21;4.447693039585183;5;1;24;21;-2.496315627248698;6;4;3;1;1;17;13;4;8;5;6;0;6;2;4;3;5;25;4;1;1;24;20;-4.366314579282583;4;9;4;5;1;1;4;14;1;8;24;3;6;12
TRACK:181;172;-1;0;2;2;6;1;1;3;3;2;0;20;-9.039317815372062;23;-5.396539759662109;4;21;-7.972793050090131;6;6;3;5;13;1;0;0;3;5;14;4;6;21;-2.4122520211822094;2;6;4;12;6;1;14;10;2;1;0;2;15;17;6;24;6;2;10;24;0;3;2;25;15;2;3;13;3;25;2;0;3;0;5;2;0;12;8;4;25;1;4;4;12;2;4;12;5;8;4;5;6;1;0;21;-6.766550732191229;24;1;21;3.9242742201146292;14;4;2;1;2;3;17;6;14;2;0;5;15;0;18;19;5;5;13;4;5;3;1;10;7;3.4629784902305274;4;5;2;6;3;3;0;1;16;9;6;25;1;4;3;4;0;24;8;1;4;1;17;13;0;19;4;6;10;2;6;2;2;1;2;5;2;0;12;10;4;14;4;1;1;8;14;4;11;4;1;6;0;13;24;6;0;17;11;0;1;6;6;2;22;-8.86218335802547;19;6;3;0;13;10;4;3;2;4;24;3;18;2;2;0;4;14;4;4;6;24;4;1;6;2;22;0.058263075944099595;21;4.315318533875186;5;1;24;21;-2.5999348658001393;6;4;3;1;1;17;13;4;8;5;6;0;6;2;4;3;5;25;4;1;1;24;20;-4.135293248042468;4;9;4;5;1;1;4;14;1;8;24;3;6;12
TRACK:182;174;-1;0;2;2;6;1;1;3;3;2;0;20;-9.066443709476577;23;-5.470548142858727;4;21;-7.946325343289413;6;6;3;5;13;1;0;0;3;5;14;4;6;21;-2.473109813305444;2;6;4;12;6;1;14;10;2;1;0;2;21;4.108265699833284;17;6;24;0;9;9;0;3;2;16;15;2;3;13;3;25;2;0;3;0;5;2;0;12;8;4;25;1;4;4;12;2;4;12;5;8;4;5;6;1;0;21;-6.719777610192873;24;1;21;3.814295502258987;14;4;2;1;2;3;17;6;14;2;0;5;15;0;18;19;5;5;13;4;5;3;1;10;7;3.5392604130676957;4;5;2;6;3;3;0;1;16;9;6;25;1;4;3;4;0;24;8;1;4;6;3;8;0;19;4;6;10;2;6;2;2;1;2;5;2;0;12;10;4;14;4;1;1;8;14;4;11;4;1;6;0;13;24;6;0;17;11;0;1;6;6;2;7;5.928557732780945;19;6;3;0;13;10;4;3;2;4;24;3;18;2;2;0;4;14;4;4;6;24;4;1;6;2;22;-0.08964027894774874;21;4.283252269050918;5;1;24;21;-2.6722730370623324;6;4;3;1;1;17;13;4;8;5;6;0;6;2;4;3;5;25;4;1;1;24;20;-4.303456132723229;4;9;4;5;1;1;4;14;1;8;24;3;6;12
TRACK:183;176;-1;0;2;2;6;1;1;3;3;2;6;19;4;21;-8.191646154248161;6;6;3;5;13;1;0;0;3;5;14;4;6;21;-2.3955127858094643;2;6;4;12;6;1;14;10;3;2;0;3;11;0;15;19;3;5;15;2;0;3;0;5;2;0;12;8;4;17;1;4;4;12;2;4;12;5;12;4;5;6;1;0;21;-6.743673133538111;24;1;21;3.93051976243411;14;4;2;1;2;3;17;6;14;2;0;5;15;0;18;19;5;5;13;4;5;3;1;10;7;3.467734065451298;4;5;2;6;3;3;0;1;16;9;6;25;1;4;3;4;0;24;8;1;4;6;6;12;0;4;6;19;4;6;10;2;6;2;2;1;2;5;2;0;12;10;4;14;4;1;1;8;14;4;11;4;1;6;0;13;24;6;0;17;11;0;1;6;6;2;22;-8.900478465043058;19;6;3;0;13;10;4;3;2;4;24;3;18;2;2;0;4;14;4;4;6;24;4;1;6;2;22;-0.31985369752863546;21;4.588201570097187;5;1;24;21;-2.418076932673422;6;4;3;1;1;17;13;4;8;5;6;0;6;2;4;3;5;25;4;1;1;24;20;-4.137657658856004;4;9;4;5;1;1;4;14;1;8;24;3;6;12
TRACK:184;178;-1;0;2;2;6;1;1;3;3;2;0;20;-9.040402710785504;23;-5.336605443988728;4;21;-7.945235386463256;6;6;3;5;13;1;0;0;3;5;14;4;6;21;-2.2398354624353383;2;6;4;12;6;1;14;10;2;1;0;2;15;17;6;24;6;2;10;24;0;3;15;2;3;13;3;25;2;0;3;0;5;2;0;12;8;4;25;1;4;4;12;2;4;12;5;8;4;5;6;1;0;21;-6.898386176429643;24;1;21;4.155005903852847;14;4;2;1;2;3;17;6;14;2;0;5;15;0;18;19;5;5;13;4;5;3;1;10;7;3.3342387207731408;4;5;2;6;3;3;0;1;16;9;6;25;1;4;3;4;0;24;8;1;4;6;3;8;0;19;4;6;10;2;6;2;2;1;2;5;2;0;12;10;4;14;4;1;1;8;14;4;11;4;1;6;0;13;24;6;0;17;11;0;1;6;6;2;22;-8.862725436559876;19;6;3;0;13;10;4;3;2;4;24;3;18;2;2;0;4;14;4;4;6;24;4;1;6;2;22;-0.043799792066242835;21;4.158056181431877;5;1;24;21;-2.6130650257089814;6;5;0;5;6;20;3.2425820189241854;5;11;5;6;0;6;2;4;3;5;25;4;1;1;24;20;-4.145773750427441;4;9;4;5;1;1;4;14;1;8;24;3;6;12
TRACK:185;171;-1;0;2;2;6;1;1;3;3;2;0;20;-8.860579816934637;23;-5.359761658160457;4;21;-7.724769034964308;6;6;3;5;13;1;0;0;3;5;14;4;6;21;-2.5564169246935613;2;6;4;12;6;1;14;10;2;1;0;2;15;17;6;24;6;2;10;24;0;3;2;16;15;2;3;13;3;25;2;0;3;0;5;2;0;12;8;4;25;1;4;4;12;2;4;12;5;8;4;5;6;1;0;21;-6.902328897511698;24;1;21;4.347453209672151;14;4;2;1;2;3;17;6;14;2;0;5;15;0;18;19;5;5;13;4;5;3;1;10;7;3.4476760092605487;4;5;2;6;3;3;0;1;16;9;6;25;1;4;3;4;0;24;8;1;4;6;3;8;0;19;4;6;10;2;6;2;2;1;2;5;2;0;12;10;11;4;1;1;8;14;4;11;4;1;6;0;13;24;6;0;17;11;0;1;6;6;2;22;-8.651628743659735;19;6;3;0;13;10;4;3;2;4;24;3;18;2;2;0;4;14;4;4;6;24;4;1;6;2;16;21;4.2392382195815985;5;1;24;21;-2.602319241676523;6;5;0;5;14;5;11;5;6;0;6;2;4;3;5;25;4;1;1;24;20;-4.38154787868942;4;9;4;5;1;1;4;14;1;8;24;3;6;12
TRACK:186;173;-1;0;2;2;6;1;1;3;3;2;0;20;-9.062258581325882;23;-5.237230484808646;4;21;-8.102222727756773;6;6;3;5;13;1;0;0;3;5;14;4;6;21;-2.5718344289530806;2;6;4;12;6;1;14;10;2;1;0;2;15;17;6;24;6;2;10;24;0;3;2;16;15;2;3;13;3;25;2;0;3;0;5;2;3;12;1;23;-8.820339548597303;7;1.2044091951591107;1;4;4;12;2;4;12;5;8;4;5;6;1;0;21;-6.942254870252981;24;1;21;4.066015982466615;14;4;2;1;2;3;17;6;14;13;4;5;3;1;10;7;3.6217232611639822;4;5;2;6;3;3;0;1;16;9;6;25;1;4;3;4;0;24;8;1;4;6;3;8;0;4;6;19;4;6;10;2;6;2;2;1;2;5;2;0;12;10;4;14;4;1;1;8;14;4;11;4;1;6;0;13;24;0;2;13;7;7.68461413674018;0;17;7;5.273403366102997;0;1;6;6;2;22;-8.910786359249897;19;6;3;0;13;10;4;3;2;4;24;3;18;2;2;0;4;14;4;4;6;24;4;1;6;2;22;-0.14775987557923295;21;4.38363041607215;5;1;24;21;-2.505361423041273;6;4;3;1;1;17;13;4;8;5;6;0;6;2;4;3;5;25;4;1;1;24;20;-4.409900429655465;4;9;4;5;1;1;4;14;1;8;24;3;6;16
TRACK:187;175;-1;0;2;2;6;1;1;3;3;2;0;20;-9.25386997272166;23;-5.233182318330217;4;21;-7.95965655300906;6;6;3;5;13;1;0;0;3;5;14;4;6;21;-2.5265645292882803;2;6;4;12;6;1;14;10;2;1;0;2;15;17;6;24;6;2;10;24;0;3;2;16;15;2;3;13;3;25;2;0;3;0;5;2;0;12;8;4;17;1;4;4;12;2;4;12;5;8;4;5;6;1;0;21;-6.922483797001648;24;1;21;3.7076670177364077;14;4;2;1;2;3;17;6;14;2;0;5;15;0;18;19;5;5;13;4;5;3;1;10;7;3.640910264909329;4;5;2;6;3;3;0;1;16;9;6;25;1;4;3;4;0;24;8;1;4;6;3;8;0;4;6;19;4;6;10;2;6;2;2;1;2;5;2;0;12;10;4;14;4;1;1;8;14;4;11;4;1;6;0;13;24;6;0;12;11;0;1;6;6;2;22;-8.863992833835315;19;6;3;0;13;10;4;3;2;4;24;3;18;2;2;0;4;14;4;4;6;24;4;1;6;2;22;-0.06651856741428133;21;4.359824295130431;5;1;24;21;-2.470323049418473;6;4;3;1;1;17;13;4;8;5;6;0;6;2;4;3;5;25;4;1;1;24;20;-4.297229749082498;4;14;4;5;1;1;4;14;1;8;24;3;6;12
TRACK:188;177;-1;0;2;2;6;1;1;3;6;10;6;6;3;5;13;1;0;0;3;5;14;4;6;21;-2.234485979496472;2;6;4;12;6;1;14;10;2;1;0;2;15;17;6;24;6;19;0;3;2;16;15;2;3;13;3;25;2;0;3;0;5;2;3;12;1;23;-8.787727319127141;7;1.0501436586042008;1;4;4;12;2;4;12;5;8;4;5;6;1;0;21;-6.958710586331963;24;1;21;4.049437921060054;14;4;2;1;2;3;17;6;3;13;13;4;5;3;1;10;7;3.5076712153433824;4;5;2;6;3;3;0;1;16;9;6;25;1;4;3;4;0;24;8;1;4;6;3;8;0;4;6;19;4;6;10;2;6;2;2;1;2;5;2;0;12;10;4;14;4;1;1;8;14;4;11;4;1;6;0;13;24;6;0;17;11;0;1;6;6;2;22;-9.049177723965837;19;6;3;0;13;10;4;3;2;4;24;3;18;2;2;0;4;14;4;4;6;24;4;1;6;2;22;-0.19525992211924337;21;4.193646232023491;5;1;24;21;-2.3659660659922954;6;4;3;1;1;17;13;4;8;5;6;0;6;2;4;3;5;25;4;1;1;24;20;-4.40898474977132;4;9;4;5;1;1;4;14;1;8;24;3;6;12
TRACK:189;179;-1;0;2;2;6;1;1;3;4;14;6;6;3;5;13;1;0;0;3;5;14;4;6;21;-2.1080002336394714;2;6;4;12;6;1;14;10;3;2;0;3;11;0;15;19;3;5;15;2;0;3;0;5;2;0;17;8;4;17;1;4;4;12;2;4;12;5;8;4;5;6;1;0;21;-6.610278852817997;24;1;21;3.8728683533808064;14;4;2;1;2;3;17;6;14;2;0;5;15;0;18;19;5;5;13;4;5;3;1;10;7;3.8111847740960636;4;5;2;6;3;3;0;1;16;9;6;25;1;4;3;4;0;24;8;1;4;6;6;12;0;4;6;19;4;6;10;2;6;2;2;1;2;5;2;0;12;10;4;14;4;1;1;8;14;4;11;4;1;6;0;13;24;6;0;17;11;0;1;6;6;2;22;-9.068030894838618;19;6;3;0;13;10;4;3;2;4;24;3;18;2;2;0;4;14;4;4;6;24;4;4;3;2;9;14;6;4;3;1;1;17;13;4;8;5;6;0;6;2;4;3;5;25;4;1;8;4;9;4;5;1;1;4;14;1;8;24;3;6;12
EVAL_INSTANCE:9:0:180
EVAL_INSTANCE:9:1:181
EVAL_INSTANCE:9:2:182
EVAL_INSTANCE:9:3:183
EVAL_INSTANCE:9:4:184
EVAL_INSTANCE:9:5:185
EVAL_INSTANCE:9:6:186
EVAL_INSTANCE:9:7:187
EVAL_INSTANCE:9:8:188
EVAL_INSTANCE:9:9:189
RUN_RESULT:9:0:0:175:DDDDLRURURULDLUDLDLURRURRUUULLLLLL
RUN_RESULT:9:1:0:175:DDDDLRURURULDLUDLDLURRURRUUULLLLLL
RUN_RESULT:9:2:0:2000:----
RUN_RESULT:9:3:0:175:DDDDLRURURULDLUDLDLURRURRUUULLLLLL
RUN_RESULT:9:4:0:176:DDDDLRURURULDLUDLDLURRURRUUULLLLLL
RUN_RESULT:9:5:0:230:DDDDLRURUDLLRRURULDLULDDRRURUUUULLLLLL
RUN_RESULT:9:6:0:317:DDDDLRURURULDLUDLDLURRURRUUULLLLLL
RUN_RESULT:9:7:0:175:DDDDLRURURULDLUDLDLURRURRUUULLLLLL
RUN_RESULT:9:8:0:2000:----
RUN_RESULT:9:9:0:2000:----
    10 |      100 | -3.825000E+03 | -3.825000E+03
TRACK:190;64;88;0;2;2;6;1;1;3;3;2;0;20;-9.033943956298035;23;-5.186964993223363;4;21;-8.121159605703136;6;6;3;5;13;1;0;0;3;5;14;4;6;21;-2.4216860034594765;2;6;4;12;6;1;14;10;3;2;0;3;11;0;15;19;3;5;15;2;0;3;0;5;2;0;12;8;4;17;1;4;4;12;2;4;12;5;8;4;5;6;1;0;21;-6.778398276730623;24;1;21;3.821357918908527;14;4;2;1;2;3;17;6;14;2;0;5;15;0;18;19;5;5;13;4;5;3;1;10;7;3.608355822091067;4;5;3;1;10;7;3.5282408898028312;2;6;2;2;1;2;5;2;0;12;10;4;14;4;1;1;8;14;4;11;4;1;6;0;13;24;6;0;17;11;0;1;6;6;2;22;-9.000783179277484;19;6;3;0;13;10;4;3;2;4;24;3;18;2;2;0;4;14;4;4;6;24;4;1;6;2;22;-0.3793350146320372;21;4.448191584247402;5;1;24;21;-2.4714329946154354;6;4;3;1;1;17;13;4;8;5;6;0;6;2;4;3;5;25;4;1;1;24;20;-4.190061808060987;4;9;4;5;1;1;4;14;1;8;24;3;6;12
TRACK:191;64;88;0;2;2;6;1;1;3;3;2;0;20;-9.378368103468253;23;-5.1800655086892275;4;21;-7.724444283222472;6;6;3;5;13;1;0;0;3;5;14;4;6;21;-2.425562578562194;2;6;4;12;6;1;14;10;2;1;0;2;15;17;6;24;6;19;0;3;2;16;15;2;3;13;3;25;2;0;3;0;5;2;3;12;1;23;-8.790750727341143;7;0.960337777295352;1;4;4;12;2;4;12;5;8;4;5;6;1;0;21;-6.925171044840573;24;1;21;4.094563455063977;14;4;2;1;2;3;17;6;14;13;4;5;3;1;10;7;3.5282408898028312;4;5;2;6;3;3;0;1;16;9;6;25;1;4;3;4;0;24;8;1;4;6;3;8;0;4;6;19;4;6;10;2;6;2;2;1;2;5;2;0;12;10;4;14;4;1;1;8;14;4;11;4;1;6;0;13;24;6;0;17;11;0;1;6;6;2;22;-8.909213420020492;19;6;3;0;13;10;4;3;2;4;24;3;18;2;2;0;4;14;4;4;6;24;4;1;6;2;22;-0.17825308290609687;21;4.053981302340231;5;1;24;21;-2.544544060733273;6;4;3;1;1;17;13;4;8;5;6;0;6;2;4;3;5;25;4;1;1;24;20;-4.491420846728605;4;9;4;5;1;1;4;14;1;20;-9.033943956298035;24;3;6;12
TRACK:192;83;87;0;2;2;6;1;1;3;3;2;0;20;-9.035308762632493;23;-5.427413493509816;4;21;-7.952699503058636;6;6;3;5;13;1;0;0;3;5;14;4;6;21;-2.365206849127937;2;6;4;12;6;1;14;10;2;1;0;2;15;17;6;24;6;2;10;24;0;3;2;16;15;2;3;13;3;25;2;0;3;0;5;2;0;12;8;4;25;1;4;4;12;2;4;12;5;8;4;5;6;1;0;21;-6.8788920607158;24;1;21;4.266946021695314;14;4;2;1;2;3;17;6;14;2;0;5;15;0;18;19;5;5;13;4;5;3;1;10;7;3.4050155552096646;4;5;2;6;3;3;0;1;16;9;6;25;1;4;3;4;0;24;8;1;4;6;3;8;0;19;4;6;10;2;6;2;2;1;2;5;2;0;12;10;4;14;4;1;1;8;14;4;11;4;1;6;0;13;24;6;0;17;11;0;1;6;6;12;6;3;0;13;10;4;3;2;4;24;3;18;2;2;0;4;14;4;4;6;24;4;1;6;2;22;0.08744444515135884;21;4.285345255924887;5;1;24;21;-2.61287752630878;6;5;0;5;14;5;11;5;6;0;6;2;4;3;5;25;4;1;1;24;20;-4.199725311269456;4;9;4;5;1;1;4;14;1;8;24;3;6;12
TRACK:193;83;87;0;2;2;6;1;1;3;3;2;0;20;-9.22140691141287;23;-5.356547854922755;4;21;-7.937198226286189;6;6;3;5;13;1;0;0;3;5;14;4;6;21;-2.920680370917604;2;6;4;12;6;1;14;10;2;1;0;5;21;0.704972914765392;6;24;6;2;10;24;0;3;2;16;15;2;3;13;21;-6.8788920607158;2;0;3;0;5;2;0;12;8;4;17;1;4;4;12;2;4;12;5;8;4;5;6;1;0;21;-6.735825290392697;24;1;21;3.956202785364934;14;4;2;1;2;3;17;6;14;2;0;5;15;0;18;19;5;5;13;4;5;3;1;10;7;3.477728803114056;4;5;2;6;3;3;0;1;16;9;6;25;1;4;3;4;0;24;8;1;4;6;3;8;0;4;6;19;4;6;10;2;6;2;2;1;2;5;2;0;12;10;4;14;4;1;1;8;14;4;11;4;1;6;0;13;24;6;0;17;11;0;1;6;6;2;22;-8.898987450749514;19;6;3;0;13;10;4;3;2;4;24;3;18;2;2;0;4;14;4;4;6;24;4;1;6;2;22;-0.2521133220757505;21;4.383417352134787;5;1;24;21;-2.3613878850531944;6;4;3;1;1;17;13;4;8;5;6;0;6;2;4;3;5;25;4;1;1;24;20;-4.299324529556566;4;9;4;5;1;1;4;14;1;8;24;3;6;12
TRACK:194;85;84;0;2;2;6;1;1;3;4;14;6;6;3;5;13;1;0;0;3;5;14;4;6;21;-2.397045599740108;2;6;4;12;6;1;14;10;3;2;0;3;11;0;15;19;3;5;15;2;0;3;0;5;2;0;17;8;4;17;1;4;4;12;2;4;12;5;8;4;5;6;1;0;21;-6.664186279703632;24;1;21;3.9236050961956246;14;4;2;1;2;3;17;6;14;2;0;5;15;0;18;19;5;5;13;4;5;3;1;10;7;3.6376296648210418;4;5;2;6;3;3;0;1;16;9;6;25;1;4;3;4;0;24;8;1;4;6;6;12;0;4;6;19;4;6;10;2;6;2;2;1;2;5;2;0;12;10;4;14;4;1;1;8;14;4;11;4;1;6;0;13;24;6;0;17;11;0;1;6;6;2;22;-8.951104462886763;19;6;3;0;13;10;4;3;2;4;24;3;18;2;2;0;4;14;4;4;6;24;4;1;6;2;22;-0.3823862027119948;21;4.418596697839346;5;1;24;21;-2.5366112390259348;6;4;3;1;1;17;13;4;8;5;6;0;6;2;4;3;5;25;4;1;1;24;20;-4.149653330208216;4;9;4;5;1;9;3;6;12
TRACK:195;85;84;0;2;2;6;1;1;3;3;2;4;15;4;21;-8.198283303152134;6;6;3;5;13;1;0;0;3;5;14;4;6;21;-2.3548988640673376;2;6;4;12;6;1;14;10;3;2;0;3;11;0;15;19;3;5;15;2;0;3;0;5;2;0;12;8;4;17;1;4;4;12;2;4;12;5;8;4;5;4;9;4;2;1;2;3;17;6;14;2;0;5;15;0;18;19;5;5;13;4;5;3;1;10;7;3.655109646547113;4;5;2;6;3;3;0;1;16;9;6;25;1;4;3;4;0;24;8;1;4;6;6;12;0;4;6;19;4;6;10;2;6;2;2;1;2;5;2;0;12;10;4;14;4;1;1;8;14;4;11;4;1;6;0;13;24;4;14;0;1;6;6;2;22;-8.814079797688489;19;6;3;0;13;10;4;3;2;4;24;3;18;2;2;0;4;14;4;4;6;24;4;1;6;2;22;-0.10410059793716492;21;4.413927649955681;5;1;24;21;-2.4232739931296137;6;4;3;1;1;17;13;4;8;5;6;0;6;2;4;3;5;25;4;1;1;24;20;-3.96847849742979;4;9;4;5;1;1;4;14;1;8;24;3;6;12
TRACK:196;83;44;0;2;2;6;1;1;3;3;2;0;20;-9.035308762632493;23;-5.427413493509816;4;21;-7.952699503058636;6;6;3;5;13;1;0;0;3;5;14;4;6;21;-2.365206849127937;2;6;4;12;6;1;14;10;2;1;0;2;15;17;6;24;6;2;10;24;0;3;2;16;15;2;3;13;3;25;2;0;3;0;5;2;0;12;8;4;25;1;4;4;12;2;4;12;5;8;4;5;6;1;0;21;-6.8788920607158;24;1;21;4.266946021695314;14;4;2;1;2;3;17;6;14;2;0;5;15;0;18;19;5;5;13;4;5;3;1;10;7;3.4050155552096646;4;5;2;6;3;3;0;1;16;9;6;25;1;4;3;4;0;24;8;1;4;6;3;8;0;19;4;6;10;2;6;2;2;1;2;5;2;0;12;10;4;14;4;1;1;8;14;4;11;4;5;2;0;12;10;4;14;0;1;6;6;2;22;-8.775710421224495;19;6;3;0;13;10;4;3;2;4;24;3;18;2;2;0;4;14;4;4;6;24;4;1;6;2;22;0.08744444515135884;21;4.285345255924887;5;1;24;21;-2.61287752630878;6;5;0;5;14;5;11;5;6;0;6;2;4;3;5;25;4;1;1;24;20;-4.199725311269456;4;9;4;5;1;1;4;14;1;8;24;3;6;12
TRACK:197;83;44;0;2;2;6;1;1;3;3;2;0;20;-9.12096739450493;23;-5.419109646074577;4;21;-8.03692184319495;6;6;3;5;13;1;0;0;3;5;14;4;6;21;-2.437220589822696;2;6;4;12;6;1;14;10;2;1;0;2;15;17;6;24;6;2;10;24;0;3;2;16;15;2;3;13;3;25;2;0;3;0;5;2;0;12;8;4;25;1;4;4;12;2;2;10;24;5;8;4;5;6;1;0;21;-6.7854491109025465;24;1;21;4.049489369914762;14;4;2;1;2;3;17;6;14;2;0;5;15;0;18;19;5;5;13;4;5;3;1;10;7;3.4553673926626254;4;5;2;6;3;3;0;1;16;9;6;25;1;4;3;4;0;24;8;1;4;6;3;8;0;19;4;6;10;2;6;2;2;1;2;5;2;0;12;10;4;14;4;1;1;8;14;4;11;4;1;6;0;13;24;6;0;17;11;0;1;6;6;2;22;-8.760219911542713;19;6;3;0;13;10;4;3;2;4;24;3;18;2;2;0;4;14;4;4;6;24;4;1;6;2;22;0.07086803024715693;21;4.353482196039044;5;1;24;21;-2.652947581004392;6;4;3;1;1;17;13;4;8;5;6;0;6;2;4;3;5;25;4;1;1;24;20;-4.146579591004465;4;9;4;5;1;1;4;14;1;8;24;3;6;12
TRACK:198;87;85;0;2;2;6;1;1;3;3;2;0;20;-9.22140691141287;23;-5.356547854922755;4;21;-7.937198226286189;6;6;3;5;13;1;0;0;3;5;14;4;6;21;-2.920680370917604;2;6;4;12;6;1;14;10;2;1;0;5;21;0.704972914765392;6;24;6;2;10;24;0;3;2;16;15;2;3;13;3;25;2;0;3;0;5;2;0;12;8;4;17;1;4;4;12;2;4;12;5;8;4;5;6;1;0;21;-6.735825290392697;24;1;21;3.956202785364934;14;4;2;1;2;3;17;6;14;2;0;5;15;0;18;19;5;5;13;4;5;3;1;10;7;3.477728803114056;4;5;2;6;3;3;0;1;16;9;6;25;1;4;3;4;0;24;8;1;4;6;3;8;0;4;6;19;4;6;10;2;6;2;2;1;2;5;2;0;12;10;4;14;4;1;1;8;14;4;11;4;1;6;0;13;24;6;0;17;11;0;1;6;6;2;22;-8.898987450749514;19;6;3;0;13;10;4;3;2;4;24;3;18;2;2;0;4;14;4;4;6;24;4;1;6;2;22;-0.2521133220757505;21;4.383417352134787;5;1;24;21;-2.3613878850531944;6;4;3;1;1;17;13;4;8;5;6;0;6;2;4;3;5;25;4;13;4;5;1;1;4;14;1;8;24;3;6;12
TRACK:199;87;85;0;2;2;6;1;1;3;4;14;6;6;3;5;13;1;0;0;3;5;14;4;6;21;-2.397045599740108;2;6;4;12;6;1;14;10;3;2;0;3;11;0;15;19;3;5;15;2;0;3;0;5;2;0;17;8;4;17;1;4;4;12;2;4;12;5;8;4;5;6;1;0;21;-6.664186279703632;24;1;21;3.9236050961956246;14;4;2;1;2;3;17;6;14;2;0;5;15;0;18;19;5;5;13;4;5;3;1;10;7;3.6376296648210418;4;5;2;6;3;3;0;1;16;9;6;25;1;4;3;4;0;24;8;1;4;6;6;12;0;4;6;19;4;6;10;2;6;2;2;1;2;5;2;0;12;10;4;14;4;1;1;8;14;4;11;4;1;6;0;13;24;6;0;17;11;0;1;6;6;2;22;-8.951104462886763;19;6;3;0;13;10;4;3;2;4;24;3;18;2;2;0;4;14;4;4;6;24;4;1;6;2;22;-0.3823862027119948;21;4.418596697839346;5;1;24;21;-2.5366112390259348;6;4;3;1;1;17;13;4;8;5;6;0;6;2;4;3;5;14;4;1;1;24;20;-4.149653330208216;4;9;4;5;1;1;4;14;1;8;24;3;6;12
TRACK:200;190;-1;0;2;2;6;1;1;3;3;2;0;20;-9.098929156707408;23;-5.207909996957284;4;21;-7.976782619088232;6;6;3;5;13;1;0;0;3;5;14;4;6;21;-2.510639344569726;2;6;4;12;6;1;14;10;3;2;0;3;11;0;15;19;3;5;15;2;0;3;0;5;2;0;12;8;4;17;1;4;4;12;2;4;12;5;8;4;5;6;1;0;21;-7.050607454319665;24;1;21;3.750063442278227;14;4;2;1;2;3;17;6;14;2;0;5;15;0;18;19;5;5;13;4;5;3;1;10;7;3.5545233299995322;4;5;3;1;10;7;3.570776350383792;2;6;2;2;1;2;5;2;0;12;10;4;14;4;1;1;8;14;4;11;4;1;6;0;13;24;6;0;17;11;0;1;6;6;2;22;-8.807291415218858;19;6;3;0;13;10;4;3;2;4;24;3;18;2;2;0;4;14;4;4;6;24;4;1;6;2;22;-0.3525342498747447;21;4.452384202146442;5;1;24;21;-2.456271021056228;6;4;3;1;1;17;13;4;8;5;6;0;6;2;4;3;5;25;4;1;1;24;20;-4.274220007848736;4;9;4;5;1;1;4;14;1;8;21;-1.5508973777532375;3;6;12
TRACK:201;192;-1;0;2;2;6;1;1;3;3;2;0;20;-8.950890975236652;23;-5.46263809790256;4;21;-7.911159590150187;6;6;3;5;13;1;0;0;3;5;14;4;6;21;-2.439979946694365;2;6;4;12;6;1;14;10;2;1;0;2;15;17;6;24;6;2;10;24;0;3;2;16;15;2;3;13;3;25;2;0;3;0;5;2;0;12;8;4;25;1;4;4;12;2;4;12;5;8;4;5;6;1;0;21;-6.919442598232831;24;1;21;4.2814900752217255;14;4;2;1;2;3;17;6;14;2;0;5;15;0;18;19;5;5;13;4;5;3;1;10;7;3.653412184055431;4;5;5;0;1;5;16;3;20;-5.328887806164799;0;5;12;3;11;2;6;2;2;1;2;5;2;0;12;10;4;14;4;1;1;8;14;4;11;4;1;6;0;13;24;6;0;17;11;0;1;6;6;12;6;3;0;13;10;4;3;2;4;24;3;18;2;2;0;4;14;4;4;6;24;4;1;6;2;22;0.03290375497767301;21;4.224000413907651;5;1;24;21;-2.6787718569607537;6;5;0;5;14;5;11;5;6;0;6;2;4;3;5;25;4;1;1;24;20;-4.229861700201839;4;9;4;5;1;1;4;14;1;8;24;3;6;12
TRACK:202;194;-1;0;2;2;6;1;1;3;4;14;6;6;3;5;13;1;0;0;3;5;14;4;6;21;-2.3223039058865114;2;6;4;12;6;1;14;10;3;2;0;3;11;0;15;19;3;5;15;2;0;3;0;5;2;0;17;8;4;17;1;4;4;12;2;4;12;5;8;4;5;6;1;0;21;-6.553983962494341;24;1;21;3.9558501227748666;14;4;2;1;2;3;17;6;14;2;0;5;15;0;18;19;5;5;13;4;5;3;1;10;7;3.825804904916684;4;5;2;6;3;3;0;1;16;9;6;25;1;4;3;4;0;24;8;1;4;6;6;12;0;4;6;19;4;6;10;2;6;2;2;1;2;5;2;0;12;10;4;14;4;1;1;8;14;4;11;4;1;6;0;13;24;6;0;17;11;0;1;6;6;2;22;-9.036001582427462;19;5;23;1.086126244175528;4;3;2;4;24;3;18;2;2;0;4;14;4;4;6;24;4;1;6;2;22;-0.4201750956580528;21;4.53729463686662;5;1;24;21;-2.49448801112323;6;4;3;1;1;17;13;4;8;5;6;0;6;2;4;3;5;25;4;1;1;24;20;-4.213475065777993;4;9;4;5;1;9;3;6;12
TRACK:203;196;-1;0;2;2;6;1;1;3;3;2;0;20;-9.097945844031367;23;-5.273180417550048;4;21;-7.8968314346841275;6;6;3;5;13;1;0;0;3;5;14;4;6;21;-2.340648844783014;2;6;4;12;6;1;14;10;2;1;0;2;15;17;6;24;6;2;10;24;0;3;2;16;15;2;3;13;3;25;2;0;3;0;5;2;0;12;8;4;25;1;4;4;12;2;4;12;5;8;4;5;6;1;0;21;-7.016357778855049;24;1;21;4.286634809907175;14;4;2;1;2;3;17;6;14;2;0;5;15;0;18;19;5;5;13;4;5;3;1;10;7;3.2297381342209266;4;5;2;6;3;3;0;1;16;9;6;25;1;4;3;4;0;24;8;1;4;6;3;8;0;19;4;6;10;2;6;2;2;1;2;5;2;0;12;10;4;14;4;1;1;8;14;4;7;9.620895518940333;4;5;2;0;12;10;4;14;0;1;6;6;2;22;-8.665834382124787;19;6;3;0;13;10;4;3;2;4;24;3;18;2;2;0;4;14;4;4;6;24;4;1;6;2;22;0.011801949552959823;21;4.215948911493755;5;1;24;21;-2.486501472647132;6;5;0;5;14;5;11;5;6;0;6;2;4;3;5;25;4;1;1;24;20;-4.1679885002697965;4;9;4;5;1;1;4;14;1;8;24;3;6;12
TRACK:204;198;-1;0;2;2;6;1;1;3;3;2;0;20;-9.066582473615576;23;-5.2423549933185205;4;21;-7.77388454985717;6;6;3;5;13;1;0;0;3;5;14;4;6;21;-2.8083593824577435;2;6;4;12;6;1;14;10;2;1;0;5;21;0.995369586731983;6;24;6;2;10;24;0;3;2;16;15;2;3;13;3;25;2;0;3;0;5;2;0;12;8;4;17;1;4;4;12;2;4;12;5;8;4;5;6;1;0;21;-6.731706929471336;24;1;21;3.9690587695565425;14;4;2;1;2;3;17;6;14;2;0;5;15;0;18;19;5;5;13;4;5;3;1;10;7;3.3939337182216476;4;5;2;6;3;3;0;1;16;9;6;25;1;4;3;4;0;24;8;1;4;6;3;8;0;4;6;19;4;6;10;2;6;2;2;1;2;5;2;0;12;10;4;14;4;1;1;8;14;4;11;4;1;6;0;13;24;6;0;17;11;0;1;6;6;2;22;-8.997858263002481;19;6;3;0;13;10;4;3;2;4;24;3;18;2;2;0;4;14;4;4;6;24;4;1;6;2;22;-0.13858077203853197;21;4.422162574614726;5;1;24;21;-2.41887205221516;5;3;0;5;3;8;6;4;22;-4.910065480576629;5;6;0;6;2;4;3;5;25;4;13;4;5;1;1;4;14;1;8;24;3;6;12
TRACK:205;191;-1;0;2;2;6;1;1;3;3;2;0;20;-9.336747384514418;23;-5.18559051155096;4;21;-7.787245684020252;6;6;3;5;13;1;0;0;3;5;14;4;6;21;-2.436610296675591;2;6;4;12;6;1;14;10;2;1;0;2;15;17;6;24;6;19;0;3;2;16;15;2;3;13;3;25;2;0;3;0;5;2;3;12;1;23;-8.617261631197437;7;1.0853113719469423;1;4;4;12;2;4;12;5;8;4;5;6;1;0;21;-6.966433912879956;24;1;21;3.9780641404695456;14;4;2;1;2;3;17;6;14;13;4;5;3;1;10;7;3.4776756352064457;4;5;2;6;3;3;0;1;16;9;6;25;1;4;3;4;0;24;8;1;4;6;3;8;0;4;6;19;4;6;10;2;6;2;2;1;2;5;2;0;12;10;4;14;4;1;1;8;14;4;11;4;1;6;0;13;24;6;0;17;11;0;1;6;6;2;22;-9.210252490083006;19;6;3;0;13;10;4;3;2;4;24;3;18;2;2;0;4;14;4;4;6;24;4;1;6;2;22;0.01580290058937253;21;3.99120183024898;5;1;24;21;-2.6268058619923726;6;4;3;1;1;17;13;4;8;5;6;0;6;2;4;3;5;13;4;1;1;24;20;-4.464774581138766;4;9;4;5;1;1;4;14;1;20;-8.947575028410396;24;3;6;12
TRACK:206;193;-1;0;2;2;6;1;1;3;3;2;0;20;-9.324693160867712;23;-5.224417514823322;4;21;-7.82615862596196;6;6;3;5;13;1;0;0;3;5;14;4;6;21;-3.027612819519531;2;6;4;12;6;1;14;10;2;1;0;5;21;0.7200130397946443;6;24;6;2;10;24;0;3;2;16;15;2;3;13;21;-6.951871856697271;2;0;3;0;5;2;0;12;8;4;17;1;4;4;12;2;4;12;5;8;4;1;18;25;4;2;1;2;3;17;6;14;2;0;5;15;0;18;19;5;5;13;4;5;3;1;10;7;3.4926855531466985;4;5;2;6;3;3;0;1;16;9;6;25;1;4;3;4;0;24;8;1;4;6;3;8;0;4;6;19;4;6;10;2;6;2;2;1;2;5;2;0;12;10;4;14;4;1;1;8;14;4;11;4;1;6;0;13;24;6;0;17;11;0;1;6;6;2;22;-8.789863561795478;19;6;3;0;13;10;4;3;2;4;24;3;18;2;2;0;4;14;4;4;6;24;4;1;6;2;22;-0.13887356755520308;21;4.34067211786205;5;1;24;21;-2.2216877330740563;6;4;3;1;1;17;13;4;8;5;6;0;6;2;4;3;5;25;4;1;1;24;20;-4.335859981235426;4;9;4;5;1;1;4;14;1;8;24;3;6;12
TRACK:207;195;-1;0;2;2;6;1;1;3;3;2;4;15;4;21;-8.251428949982683;6;6;3;5;13;1;0;0;3;5;14;4;6;21;-2.2626061479892616;2;6;4;12;6;1;14;10;3;2;0;3;11;0;15;19;3;5;15;2;0;3;0;5;2;0;12;8;4;17;1;4;4;12;2;4;12;5;8;4;5;4;9;4;2;1;2;3;17;6;14;2;0;5;15;0;18;19;5;5;13;4;5;3;1;10;7;3.6697291412619117;4;5;2;6;3;3;0;1;16;9;6;25;1;4;3;4;0;24;8;1;4;6;6;12;0;4;6;19;4;6;10;2;6;2;2;1;2;5;2;0;12;10;4;14;4;1;1;8;14;4;11;4;1;6;0;13;24;4;14;0;1;6;6;2;22;-8.86161176925191;19;6;3;0;13;10;4;3;2;3;12;3;18;2;2;0;4;14;4;4;6;24;4;1;6;2;22;-0.23814757133881018;21;4.391835874994286;5;1;24;21;-2.6575097349780803;6;4;3;1;1;17;13;4;8;5;6;0;6;2;4;3;5;25;4;1;1;24;20;-4.1449831499778655;4;9;4;5;1;1;4;14;1;8;24;3;6;12
TRACK:208;197;-1;0;2;2;6;1;1;3;3;2;0;20;-9.13342498849207;23;-5.393905262566912;4;21;-8.050858690868742;6;6;3;5;13;1;0;0;3;5;14;4;6;21;-2.541676492246475;2;6;4;12;6;1;14;10;2;1;0;2;15;17;6;24;6;2;10;24;0;3;2;16;15;2;3;13;3;25;2;2;10;20;-9.895150091751574;4;2;1;2;3;17;6;14;2;0;5;15;0;18;19;5;5;13;4;5;3;1;10;7;3.4591888343067017;4;5;2;6;3;3;0;1;16;9;6;25;1;4;3;4;0;24;8;1;4;6;3;8;0;19;4;6;10;2;6;2;2;1;2;5;2;0;12;10;4;14;4;1;1;8;14;4;11;4;1;6;0;13;24;6;0;17;11;0;1;6;6;2;22;-8.564709119550095;19;6;3;0;13;10;4;3;2;4;24;3;18;2;2;0;4;14;4;4;6;24;4;1;6;2;22;0.18796983162173814;21;4.309589831441106;5;1;24;21;-2.5696636619700333;6;4;3;1;1;17;13;4;8;5;6;0;6;2;4;3;5;25;4;1;1;24;20;-4.283837767372033;4;9;4;5;1;1;4;14;1;8;24;3;6;12
TRACK:209;199;-1;0;2;2;6;1;1;3;4;14;6;6;3;5;13;1;0;0;3;5;14;4;6;21;-2.5067267531423445;2;6;4;12;6;1;14;10;3;2;0;3;11;0;15;19;3;5;15;2;0;3;0;5;2;0;17;8;4;17;1;4;4;12;2;4;20;5.1720322229184355;5;8;4;5;6;1;0;21;-6.775194362761339;24;1;21;3.962937333839001;14;4;2;1;2;3;17;6;14;2;0;5;15;0;18;19;5;5;13;4;5;3;1;10;7;3.722413052362757;4;5;2;6;3;3;0;1;16;9;6;25;1;4;3;4;0;24;8;1;4;6;6;12;0;4;6;19;4;6;10;2;6;2;2;1;2;5;2;0;12;10;4;14;4;1;1;8;14;4;11;4;1;6;0;13;24;6;0;17;11;0;1;6;6;2;22;-8.990558378522147;19;6;3;0;13;10;4;3;2;4;24;3;18;2;2;0;4;14;4;4;6;24;4;1;6;2;22;-0.3523219329221854;21;4.23719842572124;5;1;24;21;-2.523530784878848;6;4;3;1;1;17;13;4;8;5;6;0;6;2;4;3;5;14;4;1;1;24;20;-4.188397464923631;4;9;4;5;1;1;4;14;1;8;24;3;6;12
EVAL_INSTANCE:10:0:200
EVAL_INSTANCE:10:1:201
EVAL_INSTANCE:10:2:202
EVAL_INSTANCE:10:3:203
EVAL_INSTANCE:10:4:204
EVAL_INSTANCE:10:5:205
EVAL_INSTANCE:10:6:206
EVAL_INSTANCE:10:7:207
EVAL_INSTANCE:10:8:208
EVAL_INSTANCE:10:9:209
RUN_RESULT:10:0:0:315:DDDDLRURURULDLUDLDLURRURRUUULLLLLL
RUN_RESULT:10:1:0:2000:----
RUN_RESULT:10:2:0:2000:----
RUN_RESULT:10:3:0:175:DDDDLRURURULDLUDLDLURRURRUUULLLLLL
RUN_RESULT:10:4:0:2000:----
RUN_RESULT:10:5:0:175:DDDDLRURURULDLUDLDLURRURRUUULLLLLL
RUN_RESULT:10:6:0:177:DDDDLRURURULDLUDLDLURRURRUUULLLLLL
RUN_RESULT:10:7:0:230:DDDDLRURUDLLRRURULDLULDDRRUURUUULLLLLL
RUN_RESULT:10:8:0:2000:----
RUN_RESULT:10:9:0:175:DDDDLRURURULDLUDLDLURRURRUUULLLLLL
    11 |      110 | -3.825000E+03 | -3.825000E+03
TRACK:210;64;84;0;2;2;6;1;1;3;3;2;0;20;-9.033943956298035;23;-5.186964993223363;4;21;-8.121159605703136;6;6;3;5;13;1;0;0;3;5;14;4;6;21;-2.4216860034594765;2;6;4;12;6;1;14;10;3;2;0;3;11;0;15;19;3;5;15;2;0;3;0;5;2;0;12;8;4;17;1;4;4;12;2;4;12;5;8;4;5;6;1;0;21;-6.778398276730623;24;1;21;3.821357918908527;14;4;2;1;2;3;17;6;14;2;0;5;15;0;18;19;5;5;13;4;5;3;1;10;7;3.608355822091067;4;5;2;6;3;3;0;1;16;9;6;25;1;4;3;4;0;8;8;1;4;6;6;12;0;4;6;19;4;6;10;2;6;2;2;1;2;5;2;0;12;10;4;14;4;1;1;8;14;4;11;4;1;6;0;13;24;6;0;17;11;0;1;6;6;2;22;-9.000783179277484;19;6;3;0;13;10;4;3;2;4;24;3;18;2;2;0;4;14;4;4;6;24;4;1;6;2;22;-0.3793350146320372;21;4.448191584247402;5;1;24;21;-2.4714329946154354;6;4;3;1;1;17;13;4;8;5;6;0;6;2;4;3;5;25;4;1;1;24;20;-4.190061808060987;4;9;4;5;1;1;4;14;1;8;24;3;6;12
TRACK:211;64;84;0;2;2;6;1;1;3;3;2;4;15;4;21;-8.198283303152134;6;6;3;5;13;1;0;0;3;5;14;4;6;21;-2.3548988640673376;2;6;4;12;6;1;14;10;3;2;0;3;11;0;15;19;3;5;15;2;0;3;0;5;2;0;12;8;4;17;1;4;4;12;2;4;12;5;8;4;5;4;9;4;2;1;2;3;17;6;14;2;0;5;15;0;18;19;5;5;13;4;5;3;1;10;7;3.655109646547113;4;5;2;6;3;3;0;1;16;9;6;25;1;4;3;4;0;24;8;1;4;6;6;12;0;4;6;19;4;6;10;2;6;2;2;1;2;5;2;0;12;10;4;14;4;1;1;8;14;4;11;4;1;6;0;13;24;6;0;17;11;0;1;6;6;2;22;-8.814079797688489;19;6;3;0;13;10;4;3;2;4;24;3;18;2;2;0;4;14;4;4;6;24;4;1;6;2;22;-0.10410059793716492;21;4.413927649955681;5;1;24;21;-2.4232739931296137;6;4;3;1;1;17;13;4;8;5;6;0;6;2;4;3;5;25;4;1;1;24;20;-3.96847849742979;4;9;4;5;1;1;4;14;1;8;24;6;12
TRACK:212;65;60;0;2;2;6;1;1;3;3;2;0;20;-9.142174341288118;23;-5.476607099667321;4;21;-7.989868346972402;6;6;3;5;13;1;0;0;3;5;14;4;6;21;-2.469235086385175;2;6;4;12;6;1;14;10;2;1;0;2;15;17;6;24;0;9;9;0;3;2;16;15;2;3;13;3;25;2;0;3;0;5;2;0;12;8;4;25;1;4;4;12;2;4;12;5;8;4;5;6;1;0;21;-6.6669315195832395;24;1;21;3.9432670073111042;14;4;2;1;2;3;17;6;14;2;0;5;15;0;18;19;5;5;13;4;5;3;1;10;7;3.4956836486648726;4;5;2;6;3;3;0;1;16;9;6;25;1;4;3;4;0;24;8;1;4;6;3;8;0;19;4;13;2;6;2;2;1;2;5;2;0;12;10;4;14;4;1;1;8;14;4;11;4;1;6;0;13;24;6;0;17;11;0;1;6;6;2;22;-8.818565801060581;19;6;3;0;13;10;4;3;2;4;24;3;18;2;2;0;4;14;4;4;6;24;4;1;6;2;22;-0.04820561264654773;21;4.244991454438717;5;1;24;21;-2.7605602495770816;6;4;3;1;1;17;13;4;8;5;6;0;6;2;4;3;5;25;4;1;1;24;20;-4.158650239660866;4;9;4;5;1;1;4;14;1;8;24;3;6;12
TRACK:213;65;60;0;2;2;6;1;1;3;3;2;0;20;-9.192258696042499;23;-5.258280250042499;4;21;-7.93427093830071;6;6;3;5;13;1;0;0;3;5;14;4;6;21;-2.5500717300020197;2;6;4;12;6;1;14;10;2;1;0;2;15;17;6;24;6;2;10;24;0;3;2;16;15;2;3;13;3;25;2;0;3;0;5;2;3;12;1;23;-8.907562571560689;7;1.0537153632971368;1;4;4;12;2;4;12;5;8;4;5;6;1;0;21;-6.906578412026499;24;1;21;4.037530857715165;14;4;2;1;2;3;17;6;14;13;4;5;3;1;10;7;3.478674435023467;4;5;2;6;3;3;0;1;16;9;6;25;1;4;3;4;0;24;8;1;4;6;3;8;0;4;6;19;4;6;10;2;6;2;2;1;2;5;2;0;12;10;4;14;4;1;1;8;14;4;11;4;1;6;0;13;24;6;0;17;11;0;1;6;6;2;22;-8.884185887258926;19;6;3;0;13;10;4;3;2;4;24;3;18;2;2;0;4;14;4;4;6;24;4;1;6;2;22;-0.19323754847240257;21;4.224876219872504;5;1;25;21;-2.497546817061575;6;4;3;1;1;17;13;4;8;5;6;0;6;2;4;3;5;25;4;1;1;24;20;-4.410736272929883;4;9;4;5;1;1;4;14;1;8;24;3;6;12
TRACK:214;28;44;0;2;2;6;1;1;3;3;2;0;20;-9.189321075933545;23;-5.25724258769798;4;21;-8.073949376302828;6;6;3;5;13;1;0;0;3;5;14;4;6;21;-2.5655216568432837;2;6;4;12;6;1;14;10;2;1;0;2;15;17;6;24;6;2;10;24;0;3;2;16;15;2;3;13;3;25;2;0;3;0;5;2;0;12;8;4;17;1;4;4;12;2;4;12;5;8;4;5;6;1;0;21;-6.876253819295027;24;1;21;3.9482990119476673;14;4;2;1;2;3;17;6;14;2;0;5;15;0;18;19;5;5;13;4;5;3;1;10;7;3.586909131528662;4;5;2;6;3;3;0;1;16;9;6;25;1;4;3;4;0;24;8;1;4;6;3;8;0;4;6;19;4;6;10;2;6;3;3;0;1;16;9;6;25;5;6;0;6;2;4;3;5;25;4;1;1;24;20;-4.281222223392238;4;9;4;5;1;1;4;14;1;8;24;3;6;12
TRACK:215;28;44;0;2;2;6;1;1;3;3;2;0;20;-9.12096739450493;23;-5.419109646074577;4;21;-8.03692184319495;6;6;3;5;13;1;0;0;3;5;14;4;6;21;-2.437220589822696;2;6;4;12;6;1;14;10;2;1;0;2;15;17;6;24;6;2;10;24;0;3;2;20;-9.189321075933545;15;2;3;13;3;25;2;0;3;0;5;2;0;12;8;4;25;1;4;4;12;2;4;12;5;8;4;5;6;1;0;21;-6.7854491109025465;24;1;21;4.049489369914762;14;4;2;1;2;3;17;6;14;2;0;5;15;0;18;19;5;5;13;4;5;3;1;10;7;3.4553673926626254;4;5;2;6;3;3;0;1;16;9;6;25;1;4;3;4;0;24;8;1;4;6;3;8;0;19;4;6;10;2;6;2;2;1;2;5;2;0;12;10;4;14;4;1;1;8;14;4;11;4;1;6;0;13;24;6;0;17;11;0;1;6;6;2;22;-8.760219911542713;19;6;3;0;13;10;4;3;2;4;24;3;18;2;2;0;4;14;4;4;6;24;4;1;6;2;22;0.07086803024715693;21;4.353482196039044;5;1;24;21;-2.652947581004392;6;4;3;1;1;17;13;4;8;5;6;0;6;2;4;3;5;25;4;1;1;24;20;-4.146579591004465;4;9;4;5;1;1;4;14;1;8;24;3;6;12
TRACK:216;28;65;0;2;2;6;1;1;3;3;2;0;20;-9.189321075933545;23;-5.25724258769798;4;21;-8.073949376302828;6;6;3;5;13;1;0;0;3;5;14;4;6;21;-2.5655216568432837;2;6;4;12;6;1;14;10;2;1;0;2;15;17;6;24;6;2;10;24;0;3;2;16;15;2;3;13;3;25;2;0;3;0;5;2;0;12;8;4;17;1;4;4;12;2;4;12;5;8;4;5;6;1;0;21;-6.876253819295027;24;1;21;3.9482990119476673;14;4;2;1;2;3;17;6;14;2;0;5;15;0;18;19;5;5;13;4;5;3;1;10;7;3.586909131528662;4;5;2;6;3;3;0;1;16;9;6;25;1;4;3;4;0;24;8;1;4;6;3;8;0;4;6;19;4;6;10;2;6;2;2;1;2;5;2;0;12;24;4;14;4;1;1;8;14;4;11;4;1;6;0;13;24;6;0;17;11;0;1;6;6;2;22;-8.862698691067756;19;6;3;0;13;10;4;3;2;4;24;3;18;2;2;0;4;14;4;4;6;24;4;1;6;2;22;-0.1952685923132209;21;4.372864502508431;5;1;24;21;-2.4938990947175395;6;4;3;1;1;17;13;4;8;5;6;0;6;2;4;3;5;25;4;1;1;24;20;-4.281222223392238;4;9;4;5;1;1;4;14;1;8;24;3;6;12
TRACK:217;28;65;0;2;2;6;1;1;3;3;2;0;20;-9.142174341288118;23;-5.476607099667321;4;21;-7.989868346972402;6;6;3;5;13;1;0;0;3;5;14;4;6;21;-2.469235086385175;2;6;4;12;6;1;14;10;2;1;0;2;15;17;6;24;0;9;9;0;3;2;16;15;2;3;13;3;25;2;0;3;0;5;2;0;12;8;4;25;1;4;4;12;2;4;12;5;8;4;5;6;1;0;21;-6.6669315195832395;24;1;21;3.9432670073111042;14;4;2;1;2;3;17;6;14;2;0;5;15;0;18;19;5;5;13;4;5;3;1;10;7;3.4956836486648726;4;5;2;6;3;3;0;1;16;9;3;17;1;4;3;4;0;24;8;1;4;6;3;8;0;19;4;6;10;2;6;2;2;1;2;5;2;0;12;10;4;14;4;1;1;8;14;4;11;4;1;6;0;13;24;6;0;17;11;0;1;6;6;2;22;-8.818565801060581;19;6;3;0;13;10;4;3;2;4;24;3;18;2;2;0;4;14;4;4;6;24;4;1;6;2;22;-0.04820561264654773;21;4.244991454438717;5;1;24;21;-2.7605602495770816;6;4;3;1;1;17;13;4;8;5;6;0;6;2;4;3;5;25;4;1;1;24;20;-4.158650239660866;4;9;4;5;1;1;4;14;1;8;24;3;6;12
TRACK:218;87;84;0;2;2;6;1;1;3;3;2;0;20;-9.22140691141287;23;-5.356547854922755;4;21;-7.937198226286189;6;6;3;5;13;1;0;0;3;5;14;4;6;21;-2.920680370917604;2;6;4;12;6;1;14;10;2;1;0;5;21;0.704972914765392;6;24;6;2;10;24;0;3;2;16;15;2;3;13;3;25;2;0;3;0;5;2;0;12;8;4;17;1;4;4;12;2;4;12;5;8;4;5;6;1;0;21;-6.735825290392697;24;1;21;3.956202785364934;14;4;2;1;2;3;17;6;14;2;0;5;15;0;18;19;5;5;13;4;5;3;1;10;7;3.477728803114056;4;5;2;6;3;3;0;1;16;9;6;25;1;4;3;4;0;24;8;1;4;6;3;8;0;4;6;19;4;6;10;2;6;2;2;1;2;5;2;0;12;10;4;14;4;1;1;8;14;4;11;2;22;-0.10410059793716492;21;4.413927649955681;0;1;6;6;2;22;-8.898987450749514;19;6;3;0;13;10;4;3;2;4;24;3;18;2;2;0;4;14;4;4;6;24;4;1;6;2;22;-0.2521133220757505;21;4.383417352134787;5;1;24;21;-2.3613878850531944;6;4;3;1;1;17;13;4;8;5;6;0;6;2;4;3;5;25;4;1;1;24;20;-4.299324529556566;4;9;4;5;1;1;4;14;1;8;24;3;6;12
TRACK:219;87;84;0;2;2;6;1;1;3;3;2;4;15;4;21;-8.198283303152134;6;6;3;5;13;1;0;0;3;5;14;4;6;21;-2.3548988640673376;2;6;4;12;6;1;14;10;3;2;0;3;11;0;15;19;3;5;15;2;0;3;0;5;2;0;12;8;4;17;1;4;4;12;2;4;12;5;8;4;5;4;9;4;2;1;2;3;17;6;14;2;0;5;15;0;18;19;5;5;13;4;5;3;1;10;7;3.655109646547113;4;5;2;6;3;3;0;1;16;9;6;25;1;4;3;4;0;24;8;1;4;6;6;12;0;4;6;19;4;6;10;2;6;2;2;1;2;5;2;0;12;10;4;14;4;1;1;8;14;4;11;4;1;6;0;13;24;6;0;17;11;0;1;6;6;2;22;-8.814079797688489;19;6;3;0;13;10;4;3;2;4;8;3;18;2;2;0;4;14;4;4;6;24;4;1;6;2;22;-0.10410059793716492;21;4.413927649955681;5;1;24;21;-2.4232739931296137;6;4;3;1;1;17;13;4;8;5;6;0;6;2;4;3;5;25;4;1;1;24;20;-3.96847849742979;4;9;4;5;1;1;4;14;1;8;24;3;6;12
TRACK:220;210;-1;0;2;2;6;1;1;3;3;2;0;20;-8.970149236438989;23;-5.273128215944842;4;21;-8.103903552015895;6;6;3;5;13;1;0;0;3;5;14;4;6;21;-2.4895123015033125;2;6;4;12;6;1;14;10;3;2;0;3;11;0;15;19;3;5;15;2;0;3;0;5;2;0;12;8;4;17;1;4;4;12;2;4;12;5;8;4;5;6;1;0;21;-6.8742818250428455;24;1;21;3.8323629997883106;14;4;2;1;2;3;17;6;14;2;0;5;15;0;18;19;5;5;13;4;5;3;1;10;7;3.6199158898467445;4;5;2;6;3;3;0;1;16;9;6;25;1;4;3;4;0;8;8;1;4;6;5;7;5.993666047584124;0;4;6;19;4;6;10;2;6;2;2;1;2;5;2;0;12;10;4;14;4;1;1;8;14;4;11;4;1;6;0;13;24;6;0;17;11;0;1;6;6;2;22;-8.95608106639073;19;6;3;0;13;10;4;3;2;4;24;3;18;2;2;0;4;14;4;4;6;24;4;1;6;2;22;-0.33696997580680044;21;4.344460366891461;5;1;24;21;-2.302571629147934;6;4;3;1;1;17;13;4;8;5;6;0;6;2;4;3;5;25;4;1;1;24;20;-4.304347123213081;4;9;4;5;1;1;4;14;1;8;24;3;6;12
TRACK:221;212;-1;0;2;2;6;1;1;3;3;2;0;20;-8.982572635594478;23;-5.477802208477169;4;21;-7.806227647810668;6;6;3;5;13;1;0;0;3;5;14;4;6;21;-2.6801931628546227;2;6;4;12;6;1;14;10;2;1;0;2;15;17;6;24;0;9;9;0;3;2;16;15;2;3;13;3;25;2;0;3;0;5;2;0;12;8;4;25;1;4;4;12;2;4;12;5;8;4;5;6;1;0;21;-6.604025781924886;24;1;21;3.9534747222660163;14;4;2;1;2;3;17;6;14;2;0;5;15;0;18;19;5;5;13;4;5;3;1;10;7;3.4388843825715285;4;5;2;6;3;3;0;1;16;9;6;25;1;4;3;4;0;24;8;1;4;6;3;8;0;19;4;13;2;6;2;2;1;2;5;2;0;12;10;4;14;4;1;1;8;14;4;11;4;1;6;0;13;24;6;0;17;11;0;1;6;6;2;22;-8.789816860681373;19;6;3;0;13;10;4;3;2;4;24;3;18;2;2;0;4;14;4;4;6;24;4;1;6;2;22;-0.14336150557277166;21;4.321044112321046;5;1;24;21;-2.7487794149518225;6;4;3;1;1;17;13;4;8;5;6;0;6;2;6;16;4;1;1;24;20;-4.227326587282521;4;9;4;5;1;1;4;14;1;8;24;3;6;12
TRACK:222;214;-1;0;2;2;6;1;1;3;3;2;0;20;-9.101155495289268;23;-5.1453903967446974;4;21;-8.11962273230182;6;6;3;5;13;1;0;0;3;14;4;6;21;-2.6740916229509732;2;6;4;12;6;1;14;10;2;1;0;2;15;17;6;24;6;2;10;24;0;3;2;16;15;2;3;13;3;25;2;0;3;0;5;2;0;12;8;4;17;1;4;4;12;2;4;12;5;8;4;5;6;1;0;21;-6.794296083974762;24;1;21;3.967134600009139;14;4;2;1;2;3;17;6;14;2;0;5;15;0;18;19;5;5;13;4;5;3;1;10;7;3.4835283123300176;4;5;2;6;3;3;0;1;16;9;6;25;1;4;3;4;0;24;8;1;4;6;3;8;0;4;6;19;4;6;10;2;6;3;3;0;1;16;9;6;25;5;6;0;6;2;4;3;5;25;4;1;1;24;20;-4.342650484597041;4;9;4;5;1;1;4;14;1;8;24;3;6;12
TRACK:223;216;-1;0;2;2;6;1;1;3;3;2;0;20;-9.099890685805164;23;-5.1366851521724675;4;21;-8.137983420513303;6;6;3;5;13;1;0;0;3;5;14;4;6;21;-2.64795009353563;2;6;4;12;6;1;14;10;2;1;0;2;15;17;6;24;6;2;10;24;0;3;2;16;15;2;3;15;3;25;2;0;3;0;5;2;0;12;8;4;17;1;4;4;12;2;4;12;5;8;4;5;6;1;0;21;-6.862016347362063;24;1;21;3.930543759206989;14;4;2;1;2;3;17;6;14;2;0;5;15;0;18;19;5;5;13;4;5;3;1;10;7;3.716639995546209;4;5;2;6;3;3;0;1;16;9;6;25;1;4;3;4;0;24;8;1;4;6;3;8;0;4;6;19;4;6;10;2;6;2;2;1;2;5;2;0;12;24;4;14;4;1;1;8;14;4;11;4;1;6;0;13;24;6;0;17;11;0;1;6;6;2;22;-8.956667250577615;19;6;3;0;13;10;4;3;2;4;24;3;18;2;2;0;4;14;4;4;6;24;4;1;6;2;22;-0.3393536047295305;21;4.4401455141501405;5;1;24;21;-2.497693398895781;6;4;3;1;1;17;13;4;8;5;6;0;6;2;4;3;5;25;4;1;1;24;20;-4.135891251074657;4;9;4;5;1;1;4;14;1;8;24;3;6;12
TRACK:224;218;-1;0;2;2;6;1;1;3;3;2;0;20;-9.341656857591413;23;-5.4098623149408995;4;21;-8.207765893037527;6;6;3;5;13;1;0;0;3;5;14;4;6;21;-3.1504984117616455;2;6;4;12;6;1;14;10;2;1;0;5;21;0.7490002931283068;6;24;6;2;10;24;0;3;2;16;15;2;3;13;3;25;2;0;3;0;5;2;0;12;8;4;17;1;4;4;12;2;4;12;5;8;4;5;6;1;0;21;-6.726503914771889;24;1;21;4.040787128861359;14;4;2;1;2;3;0;11;18;6;14;2;0;5;15;0;18;19;5;5;13;4;5;3;1;10;7;3.4844357293590833;4;5;2;6;3;3;0;1;16;9;6;25;1;4;3;4;0;24;8;1;4;6;3;8;0;4;6;19;4;6;10;2;6;2;2;1;2;5;2;0;12;10;4;14;4;1;1;8;14;4;11;2;22;-0.2752942964598987;21;4.403154865250254;0;1;6;6;2;22;-8.847840040024916;19;6;3;0;13;10;4;3;2;4;24;3;18;2;2;0;4;14;4;4;6;24;4;1;6;2;22;-0.3382081227831414;21;4.346395682535187;5;1;24;21;-2.326933511245182;6;4;3;1;1;17;13;4;8;5;6;0;6;2;4;3;5;25;4;1;1;24;20;-4.3622808197730985;4;9;4;5;1;1;4;14;1;8;24;3;6;12
TRACK:225;211;-1;0;2;2;6;1;1;3;3;2;4;15;4;21;-8.35100687015572;6;6;3;5;13;1;0;0;3;5;14;4;6;21;-2.3585430918437273;2;6;4;12;6;1;14;10;3;2;0;3;11;0;15;19;3;5;15;2;0;3;0;5;2;0;12;8;4;17;1;4;4;12;2;4;12;5;8;4;5;4;9;4;2;1;2;3;17;6;14;2;0;5;15;0;18;19;5;5;13;4;5;3;1;10;7;3.863018085264123;4;5;2;6;3;3;0;1;16;9;6;25;1;4;3;4;0;24;8;1;4;6;6;12;0;4;6;19;4;6;10;2;6;2;2;1;2;5;2;0;12;10;4;14;4;1;1;8;14;4;11;4;1;6;0;13;24;6;0;17;11;0;1;6;6;2;22;-8.632710784686516;19;6;3;0;13;10;4;3;2;4;24;3;18;2;2;0;4;14;4;4;6;24;4;1;6;2;22;-0.10528979673679363;21;4.538163235718862;5;1;24;21;-2.529053853424195;6;4;3;1;1;17;13;4;8;5;6;0;3;19;4;5;1;1;4;14;1;8;24;6;12
TRACK:226;213;-1;0;2;2;6;1;1;3;3;2;0;20;-9.039330567723923;23;-5.156706637946603;4;21;-7.902887370354968;6;6;3;5;13;1;0;0;3;5;14;4;6;21;-2.613330469902828;2;6;4;12;6;0;20;-0.11369767410290166;25;2;1;0;2;15;17;6;24;6;2;10;24;0;3;2;16;15;2;3;13;3;25;2;0;3;0;5;2;3;12;1;23;-8.846343237184309;7;0.9577975463408386;1;4;4;12;2;4;12;5;8;4;5;6;1;0;21;-6.901233071348988;24;1;21;3.964785726846529;14;4;2;1;2;3;17;6;14;13;4;5;3;1;10;7;3.49111720446306;4;5;2;6;3;3;0;1;16;9;6;25;1;4;3;4;0;24;8;1;4;6;3;8;0;4;6;19;4;6;10;2;6;2;2;1;2;5;2;0;12;10;4;14;4;1;1;8;14;4;11;4;1;6;0;13;24;6;0;17;11;0;1;6;6;2;22;-8.740687990031995;19;6;3;0;13;10;4;3;2;4;24;3;18;2;2;0;4;14;4;4;6;24;4;1;6;2;22;-0.21439971230090624;21;4.131217594332633;5;1;25;21;-2.4865936285517125;6;4;3;1;1;17;13;4;8;5;6;0;6;2;4;3;5;25;4;1;1;24;20;-4.2916282007259285;4;9;4;5;1;1;4;14;1;8;24;3;6;12
TRACK:227;215;-1;0;2;2;6;1;1;3;3;2;0;20;-8.981932191959949;23;-5.172792007685536;4;21;-7.917332767319153;6;6;3;5;13;1;0;0;3;5;14;4;6;21;-2.3261879700551615;2;6;4;12;6;1;14;10;2;1;0;2;15;17;6;24;6;2;10;24;0;3;2;20;-9.179037418929637;15;2;3;13;3;25;2;0;3;0;5;2;0;12;8;4;25;1;4;4;12;2;4;12;5;8;4;5;6;1;0;21;-6.7458487610670925;24;1;21;4.0805676933966035;14;4;2;1;2;3;17;6;14;2;0;5;15;0;18;19;5;5;13;4;5;3;1;10;7;3.5366286023735136;4;5;2;6;3;3;0;1;16;9;6;25;1;4;3;4;0;24;8;1;4;6;3;8;0;19;4;6;10;2;6;2;2;1;2;5;2;0;12;10;4;14;4;1;1;8;14;4;11;4;1;6;0;13;24;6;0;17;11;0;1;6;6;2;22;-8.73323664058613;19;6;3;0;13;10;4;3;2;4;24;3;18;2;2;0;4;14;4;4;6;24;4;1;6;2;22;0.061723910038124136;21;4.481450444559587;5;1;24;21;-2.5880534677913323;6;4;3;1;1;17;13;4;8;5;6;0;6;2;4;3;5;25;4;1;1;23;-7.970017653959973;20;-4.200117536383176;4;9;4;5;1;1;4;14;1;8;24;3;6;12
TRACK:228;217;-1;0;2;2;6;1;1;3;3;2;0;20;-9.301174738793469;23;-5.583657570929597;4;21;-8.064700091452142;6;6;3;5;13;1;0;0;3;5;14;4;6;21;-2.5849030516469704;2;6;4;12;6;1;14;10;2;1;0;2;15;17;6;24;0;9;9;0;3;2;16;15;2;3;13;3;25;2;0;3;0;5;2;0;12;8;4;25;1;4;4;12;2;4;12;5;8;4;5;6;1;0;21;-6.4891586368658025;24;1;21;3.8604002975935083;14;4;2;1;2;3;17;6;14;2;0;5;15;0;18;19;5;5;13;4;5;3;1;10;7;3.5588185352275357;4;5;2;6;3;3;0;1;16;9;3;17;1;4;3;4;0;24;8;1;4;6;3;8;0;19;4;6;10;2;6;2;2;1;2;5;2;0;12;10;4;14;4;1;1;8;14;4;11;4;1;6;0;13;24;6;0;17;11;0;1;6;6;2;22;-8.792840142474724;19;6;3;0;13;10;4;3;2;4;24;3;18;2;2;0;4;14;4;4;6;24;4;1;6;2;22;-0.07929229224617748;21;4.324348288480737;5;1;24;21;-2.7714330108248224;6;4;3;1;1;17;13;4;8;0;6;22;-7.694964969626524;6;11
TRACK:229;219;-1;0;2;2;6;1;1;3;3;2;4;15;4;21;-8.3378766194417;6;6;3;5;13;1;0;0;3;5;14;4;6;21;-2.3468092966578307;2;6;4;12;6;1;14;10;3;2;0;3;11;0;15;19;3;5;15;2;0;3;0;5;2;0;12;8;4;17;1;4;4;12;2;4;12;5;8;4;5;4;9;4;2;1;2;3;17;6;14;2;0;5;15;0;18;19;5;5;13;4;5;3;1;10;7;3.696515891711645;4;5;2;6;3;3;0;1;16;9;6;25;1;4;3;4;0;24;8;1;4;6;6;12;0;4;6;19;4;6;10;2;6;2;2;1;2;5;2;0;12;11;4;14;4;1;1;8;14;4;11;4;1;6;0;13;24;6;0;17;11;0;1;6;6;2;22;-8.807308384401873;19;6;3;0;13;10;4;3;2;4;8;3;18;2;2;0;4;14;4;4;6;24;4;1;6;2;22;-0.12659764528088707;21;4.348997777192362;5;1;24;21;-2.4881058356156385;6;4;3;1;1;17;13;4;8;5;6;0;6;2;4;3;5;25;4;1;1;24;20;-3.971342191875841;4;9;4;5;1;1;4;14;1;8;24;3;6;12
EVAL_INSTANCE:11:0:220
EVAL_INSTANCE:11:1:221
EVAL_INSTANCE:11:2:222
EVAL_INSTANCE:11:3:223
EVAL_INSTANCE:11:4:224
EVAL_INSTANCE:11:5:225
EVAL_INSTANCE:11:6:226
EVAL_INSTANCE:11:7:227
EVAL_INSTANCE:11:8:228
EVAL_INSTANCE:11:9:229
RUN_RESULT:11:0:0:175:DDDDLRURURULDLUDLDLURRURRUUULLLLLL
RUN_RESULT:11:1:0:175:DDDDLRURURULDLUDLDLURRURRUUULLLLLL
RUN_RESULT:11:2:0:2000:----
RUN_RESULT:11:3:0:175:DDDDLRURURULDLUDLDLURRURRUUULLLLLL
RUN_RESULT:11:4:0:2000:----
RUN_RESULT:11:5:0:175:DDDDLRURURULDLUDLDLURRURRUUULLLLLL
RUN_RESULT:11:6:0:2000:----
RUN_RESULT:11:7:0:175:DDDDLRURURULDLUDLDLURRURRUUULLLLLL
RUN_RESULT:11:8:0:2000:----
RUN_RESULT:11:9:0:230:DDDDLRURUDLLRRURULDLULDDRRUURUUULLLLLL
    12 |      120 | -3.825000E+03 | -3.825000E+03
TRACK:230;83;84;0;2;2;6;1;1;3;3;2;0;20;-9.035308762632493;23;-5.427413493509816;4;21;-7.952699503058636;6;6;3;5;13;1;0;0;3;5;14;4;6;21;-2.365206849127937;2;6;4;12;6;1;14;10;2;1;0;2;15;17;6;24;6;2;10;24;0;3;2;16;15;2;3;13;3;25;2;0;3;0;5;2;0;12;8;4;25;1;4;4;12;2;4;12;5;8;4;5;6;1;0;21;-6.8788920607158;24;1;21;4.266946021695314;14;4;2;1;2;3;17;6;14;2;0;5;15;0;18;19;5;5;13;4;5;3;1;10;7;3.4050155552096646;4;5;2;6;3;3;0;1;16;9;6;25;1;4;3;4;0;24;8;1;4;6;3;8;0;19;4;6;10;2;6;2;2;1;2;5;2;0;12;10;4;14;4;1;1;8;14;4;11;4;1;6;0;13;24;6;0;17;11;0;1;6;6;2;22;-8.775710421224495;19;6;3;0;13;10;4;3;2;4;24;3;18;2;2;0;4;14;4;4;6;24;4;1;6;2;22;0.08744444515135884;21;4.285345255924887;5;1;24;21;-2.61287752630878;6;5;0;5;14;5;11;5;6;0;6;2;4;3;5;25;4;1;1;24;20;-4.199725311269456;4;9;4;5;1;1;5;14;1;8;24;3;6;12
TRACK:231;83;84;0;2;2;6;1;1;3;3;2;4;15;4;21;-8.198283303152134;6;6;3;5;13;1;0;0;3;5;14;4;6;21;-2.3548988640673376;2;6;4;12;6;1;14;10;3;2;0;3;11;0;15;19;3;5;15;2;0;3;0;5;2;0;12;8;4;17;1;4;4;12;2;4;12;5;8;4;5;4;9;4;2;1;2;3;17;6;14;2;0;5;15;0;18;19;5;5;13;4;5;3;1;10;7;3.655109646547113;4;5;2;6;3;3;0;1;16;9;6;25;1;4;3;4;0;24;8;1;4;6;6;12;0;4;6;19;4;6;10;2;6;2;2;1;2;5;2;0;12;10;4;14;4;1;1;8;14;4;11;4;1;6;21;4.285345255924887;6;0;17;11;0;1;6;6;2;22;-8.814079797688489;19;6;3;0;13;10;4;3;2;4;24;3;18;2;2;0;4;14;4;4;6;24;4;1;6;2;22;-0.10410059793716492;21;4.413927649955681;5;1;24;21;-2.4232739931296137;6;4;3;1;1;17;13;4;8;5;6;0;6;2;4;3;5;25;4;1;1;24;20;-3.96847849742979;4;9;4;5;1;1;4;14;1;8;24;3;6;12
TRACK:232;64;28;0;2;2;6;1;1;3;3;2;0;20;-9.033943956298035;23;-5.186964993223363;4;21;-8.121159605703136;6;6;3;5;13;1;0;0;3;5;14;4;6;21;-2.4216860034594765;2;6;4;12;6;1;14;10;3;2;0;3;11;0;15;19;3;5;15;2;0;3;0;5;2;0;12;8;4;17;1;4;4;12;2;4;12;5;8;4;5;6;1;0;21;-6.778398276730623;24;1;21;3.821357918908527;14;4;2;1;2;3;17;6;14;2;0;5;15;0;18;19;5;5;13;4;5;3;1;10;7;3.608355822091067;4;5;2;6;3;3;0;1;16;9;6;25;1;4;3;4;0;24;8;1;4;6;6;12;0;4;6;19;4;6;10;2;6;2;2;1;2;5;2;0;12;10;4;14;4;1;1;8;14;4;11;4;1;6;0;13;24;6;0;17;11;0;1;6;6;2;22;-9.000783179277484;19;6;3;0;13;10;4;3;2;4;24;3;18;0;4;6;19;4;6;10;5;6;0;6;2;4;3;5;25;4;1;1;24;20;-4.190061808060987;4;9;4;5;1;1;4;14;1;8;24;3;6;12
TRACK:233;64;28;0;2;2;6;1;1;3;3;2;0;20;-9.189321075933545;23;-5.25724258769798;4;21;-8.073949376302828;6;6;3;5;13;1;0;0;3;5;14;4;6;21;-2.5655216568432837;2;6;4;12;6;1;14;10;2;1;0;2;15;17;6;24;6;2;10;24;0;3;2;16;15;2;3;13;3;25;2;0;3;0;5;2;0;12;8;4;17;1;4;4;12;2;4;12;5;8;4;5;6;1;0;21;-6.876253819295027;24;1;21;3.9482990119476673;14;4;2;1;2;3;17;6;14;2;0;5;15;0;18;19;5;5;13;4;5;3;1;10;7;3.586909131528662;4;5;2;6;3;3;0;1;16;9;6;25;1;4;3;4;0;24;8;1;4;6;3;8;0;4;6;19;4;6;10;2;6;2;2;1;2;5;2;0;12;10;4;14;4;1;1;8;14;4;11;4;1;6;0;13;24;6;0;17;11;0;1;6;6;2;22;-8.862698691067756;19;6;3;0;13;10;4;3;2;4;24;3;18;2;2;0;4;14;4;4;6;24;4;1;6;2;22;-0.1952685923132209;21;4.372864502508431;5;1;24;21;-2.4938990947175395;6;4;3;1;1;17;13;4;8;5;6;0;6;2;4;3;5;25;4;1;10;4;9;4;5;1;1;4;14;1;8;24;3;6;12
TRACK:234;60;60;0;2;2;6;1;1;3;3;2;0;20;-9.192258696042499;23;-5.258280250042499;4;21;-7.93427093830071;6;6;3;5;13;1;0;0;3;5;14;4;6;21;-2.5500717300020197;2;6;4;12;6;1;14;10;2;1;0;2;15;17;6;24;6;2;10;24;0;3;2;16;15;2;3;13;3;25;2;0;3;0;5;2;3;12;1;23;-8.907562571560689;7;1.0537153632971368;1;4;4;12;2;4;12;5;8;4;5;6;1;0;21;-6.906578412026499;24;1;21;4.037530857715165;14;4;2;1;2;3;17;6;14;13;4;5;3;1;10;7;3.478674435023467;4;5;2;6;3;3;0;1;16;9;6;25;1;4;3;4;0;24;8;1;4;6;3;8;0;4;6;19;4;6;10;2;6;2;2;1;2;5;2;0;12;10;4;14;4;1;1;8;14;4;11;4;1;6;0;13;24;6;0;17;11;0;1;6;6;2;22;-8.884185887258926;19;6;3;0;13;10;4;3;2;4;24;3;18;2;2;0;4;14;4;4;6;24;4;1;6;2;22;-0.19323754847240257;21;4.224876219872504;5;1;24;21;-2.497546817061575;6;4;3;1;1;17;13;4;8;5;6;0;6;2;4;3;5;25;4;1;1;24;20;-4.410736272929883;4;9;4;5;1;1;4;13;1;8;24;3;6;12
TRACK:235;60;60;0;2;2;6;1;1;3;3;2;0;20;-9.192258696042499;23;-5.258280250042499;4;21;-7.93427093830071;6;6;3;5;13;1;0;0;3;5;14;4;6;21;-2.5500717300020197;2;6;4;12;6;1;14;10;2;1;0;2;15;17;6;24;6;2;10;24;0;3;2;16;15;2;3;13;3;25;2;0;3;0;5;2;3;12;1;23;-8.907562571560689;7;1.0537153632971368;1;4;4;12;2;4;12;5;8;4;5;6;1;0;21;-6.906578412026499;24;1;21;4.037530857715165;14;4;2;1;2;3;17;6;19;13;4;5;3;1;10;7;3.478674435023467;4;5;2;6;3;3;0;1;16;9;6;25;1;4;3;4;0;24;8;1;4;6;3;8;0;4;6;19;4;6;10;2;6;2;2;1;2;5;2;0;12;10;4;14;4;1;1;8;14;4;11;4;1;6;0;13;24;6;0;17;11;0;1;6;6;2;22;-8.884185887258926;19;6;3;0;13;10;4;3;2;4;24;3;18;2;2;0;4;14;4;4;6;24;4;1;6;2;22;-0.19323754847240257;21;4.224876219872504;5;1;24;21;-2.497546817061575;6;4;3;1;1;17;13;4;8;5;6;0;6;2;4;3;5;25;4;1;1;24;20;-4.410736272929883;4;9;4;5;1;1;4;14;1;8;24;3;6;12
TRACK:236;84;44;0;2;2;6;1;1;3;3;2;4;15;4;21;-8.198283303152134;6;6;3;5;13;1;0;0;3;5;14;4;6;21;-2.3548988640673376;2;6;4;12;6;1;14;10;3;2;0;3;11;0;15;19;3;5;15;2;0;3;0;5;2;0;12;8;4;17;1;4;4;12;2;4;12;5;8;4;5;4;9;4;2;1;2;3;17;6;14;2;0;5;15;0;18;19;5;5;13;4;5;3;1;10;7;3.655109646547113;4;5;2;6;3;3;0;1;16;9;6;25;1;4;3;4;0;24;8;1;4;1;0;21;-6.7854491109025465;24;1;21;4.049489369914762;14;0;4;6;19;4;6;10;2;6;2;2;1;2;5;2;0;12;10;4;14;4;1;1;8;14;4;11;4;1;6;0;13;24;6;0;17;11;0;1;6;6;2;22;-8.814079797688489;19;6;3;0;13;10;4;3;2;4;24;3;18;2;2;0;4;14;4;4;6;24;4;1;6;2;22;-0.10410059793716492;21;4.413927649955681;5;1;24;21;-2.4232739931296137;6;4;3;1;1;17;13;4;8;5;6;0;6;2;4;3;5;25;4;1;1;24;20;-3.96847849742979;4;9;4;5;1;1;4;14;1;8;24;3;6;12
TRACK:237;84;44;0;2;2;6;1;1;3;3;2;0;20;-9.12096739450493;23;-5.419109646074577;4;21;-8.03692184319495;6;6;3;5;13;1;0;0;3;5;14;4;6;21;-2.437220589822696;2;6;4;12;6;1;14;10;2;1;0;2;15;17;6;24;6;2;10;24;0;3;2;16;15;2;3;13;3;25;2;0;3;0;5;2;0;12;8;4;25;1;4;4;12;2;4;12;5;8;4;5;6;1;0;21;-6.7854491109025465;24;1;21;4.049489369914762;14;4;2;1;2;3;17;6;14;2;0;5;15;0;18;19;5;5;13;4;5;3;1;10;7;3.4553673926626254;4;5;2;6;3;3;0;1;16;9;6;25;1;4;3;4;0;24;8;1;4;6;3;8;0;19;4;6;10;2;6;2;2;1;2;5;2;0;12;10;4;14;4;1;1;8;14;4;11;4;1;6;0;13;24;6;0;17;11;0;1;6;6;2;22;-8.760219911542713;19;6;3;0;13;10;4;3;2;4;24;3;18;2;2;0;4;14;4;4;6;24;4;1;6;2;22;0.07086803024715693;21;4.353482196039044;5;1;24;21;-2.652947581004392;6;4;3;1;1;17;13;4;8;5;6;0;6;2;4;3;5;25;4;1;1;24;20;-4.146579591004465;4;9;4;5;1;1;4;14;1;8;24;3;14
TRACK:238;64;28;0;2;2;6;1;1;3;3;2;0;20;-9.033943956298035;23;-5.186964993223363;4;21;-8.121159605703136;6;6;3;5;13;1;0;0;3;5;14;4;6;21;-2.4216860034594765;2;6;4;12;6;1;14;10;3;2;0;3;11;0;15;19;3;5;15;2;0;3;0;5;2;0;12;8;4;17;1;4;4;12;2;4;12;5;8;4;5;6;1;0;21;-6.778398276730623;24;1;21;3.821357918908527;14;4;2;1;2;3;17;6;14;2;0;5;15;0;18;19;5;5;13;4;5;3;1;10;7;3.608355822091067;4;5;2;6;3;6;4;12;1;4;3;4;0;24;8;1;4;6;6;12;0;4;6;19;4;6;10;2;6;2;2;1;2;5;2;0;12;10;4;14;4;1;1;8;14;4;11;4;1;6;0;13;24;6;0;17;11;0;1;6;6;2;22;-9.000783179277484;19;6;3;0;13;10;4;3;2;4;24;3;18;2;2;0;4;14;4;4;6;24;4;1;6;2;22;-0.3793350146320372;21;4.448191584247402;5;1;24;21;-2.4714329946154354;6;4;3;1;1;17;13;4;8;5;6;0;6;2;4;3;5;25;4;1;1;24;20;-4.190061808060987;4;9;4;5;1;1;4;14;1;8;24;3;6;12
TRACK:239;64;28;0;2;2;6;1;1;3;3;2;0;20;-9.189321075933545;23;-5.25724258769798;4;21;-8.073949376302828;13;1;0;0;3;5;14;4;6;21;-2.5655216568432837;2;6;4;12;6;1;14;10;2;1;0;2;15;17;6;24;6;2;10;24;0;3;2;16;15;2;3;13;3;25;2;0;3;0;5;2;0;12;8;4;17;1;4;4;12;2;4;12;5;8;4;5;6;1;0;21;-6.876253819295027;24;1;21;3.9482990119476673;14;4;2;1;2;3;17;6;14;2;0;5;15;0;18;19;5;5;13;4;5;3;1;10;7;3.586909131528662;4;5;2;6;3;3;0;1;16;9;6;25;1;4;3;4;0;24;8;1;4;6;3;8;0;4;6;19;4;6;10;2;6;2;2;1;2;5;2;0;12;10;4;14;4;1;1;8;14;4;11;4;1;6;0;13;24;6;0;17;11;0;1;6;6;2;22;-8.862698691067756;19;6;3;0;13;10;4;3;2;4;24;3;18;2;2;0;4;14;4;4;6;24;4;1;6;2;22;-0.1952685923132209;21;4.372864502508431;5;1;24;21;-2.4938990947175395;6;4;3;1;1;17;13;4;8;5;6;0;6;2;4;3;5;25;4;1;1;24;20;-4.281222223392238;4;9;4;5;1;1;4;14;1;8;24;3;6;12
TRACK:240;83;-1;0;2;2;6;1;1;3;3;2;0;20;-8.922266484186665;23;-5.437944906567561;4;21;-8.006814994182083;6;6;3;5;13;1;0;0;3;5;14;4;6;21;-2.3186272463057556;2;6;4;12;6;1;14;10;2;1;0;2;15;17;6;24;6;2;10;24;0;3;2;16;15;2;3;13;3;25;2;0;3;0;5;2;0;12;8;4;25;1;4;4;12;2;4;12;5;8;4;5;6;1;0;21;-7.02856237005466;24;1;21;4.061409567045452;14;4;2;1;2;3;17;6;14;2;0;5;15;0;18;19;5;5;13;4;5;3;1;10;7;3.4374743018244756;4;5;2;6;3;3;0;1;16;9;6;25;1;4;3;4;0;24;8;1;4;6;3;8;0;19;4;6;10;2;6;2;2;1;2;5;2;0;12;10;4;14;4;1;1;8;14;4;11;4;1;6;0;13;24;6;4;7;-7.292415996848702;0;1;6;6;2;22;-8.68465788212931;19;6;3;0;13;10;4;3;2;4;24;3;18;2;2;0;4;14;4;4;6;24;4;1;6;2;22;0.260737023509545;21;4.152971806465745;5;1;24;21;-2.468869871874149;6;5;0;5;14;5;11;5;6;0;6;2;4;3;5;25;4;1;1;24;20;-4.152697337565104;4;9;4;5;1;1;4;14;1;8;24;3;6;12
TRACK:241;232;-1;0;2;2;6;1;1;3;3;2;0;20;-9.111221580869827;23;-5.051231726011821;4;21;-8.116436810999842;6;6;3;5;13;1;0;0;3;5;14;4;6;21;-2.2229758633941343;2;6;4;12;6;1;14;10;3;2;0;3;11;0;15;19;3;5;15;2;0;3;0;5;2;0;12;8;4;17;1;4;4;12;2;4;12;5;8;4;5;6;1;0;21;-6.652678890777705;24;1;21;3.823669466689494;14;4;2;1;2;3;17;6;14;2;0;5;15;0;18;19;5;5;13;4;5;3;1;10;7;3.5745780890797554;4;5;2;6;3;3;0;1;16;9;6;25;1;4;3;4;0;24;8;1;4;6;6;12;0;4;6;19;4;6;10;2;6;2;2;1;2;5;2;0;12;10;4;14;4;1;1;8;14;4;11;4;1;6;0;13;24;6;0;17;11;0;1;6;6;2;22;-8.900926301426235;19;6;3;0;13;10;4;3;2;4;24;3;18;0;4;6;19;4;6;10;5;6;0;6;2;4;3;5;25;4;1;1;11;20;-4.209320727841628;4;9;4;5;1;1;4;14;1;8;24;3;6;12
TRACK:242;234;-1;0;2;2;6;1;1;3;3;2;0;20;-9.046072969045802;23;-5.266551282304025;4;21;-7.991265543393161;6;6;3;5;13;1;0;0;3;5;14;4;6;21;-2.6704087014123794;2;6;4;12;6;1;14;10;2;1;0;2;15;17;6;24;6;2;10;24;0;3;2;16;15;2;3;13;3;25;2;0;3;0;5;2;3;12;1;23;-8.891206981519328;7;1.0589851514966917;1;4;4;12;2;4;12;5;8;4;5;6;1;0;21;-6.775414374960804;24;1;21;3.9081494989980605;14;4;2;1;2;3;17;6;14;13;4;5;3;1;10;7;3.4771207371471577;4;5;0;2;5;24;2;17;23;6.8667949733108955;0;5;21;0.4452849413631359;3;14;2;6;2;2;1;2;5;2;0;12;10;4;14;4;1;1;8;14;4;11;4;1;6;0;13;24;6;0;17;11;0;1;6;6;2;22;-8.710982055831929;19;6;3;0;13;10;4;3;2;4;24;3;18;2;2;0;4;14;4;4;6;24;4;1;6;2;22;-0.1738563691252503;21;4.395573769090153;5;1;24;21;-2.571637071076225;6;4;3;1;1;17;13;4;8;5;6;0;6;2;4;3;5;25;4;1;1;24;20;-4.501697204592143;4;9;4;5;1;1;4;13;1;8;24;3;6;12
TRACK:243;236;-1;0;2;2;6;1;1;3;3;2;4;15;4;21;-8.163986631296801;6;6;3;5;13;1;0;0;3;5;14;4;6;21;-2.2363421856345207;2;6;4;12;6;1;14;10;3;2;0;3;11;0;15;19;3;5;15;2;0;3;0;5;2;0;12;8;4;17;1;4;4;12;2;4;12;5;8;4;5;4;9;4;2;1;2;3;17;6;14;2;0;5;15;0;18;19;5;5;13;4;5;3;1;10;7;3.6904092087293647;4;5;2;6;3;3;0;1;16;9;6;25;1;4;3;4;0;24;8;1;4;1;0;21;-6.991852304829576;24;1;21;4.229940463435901;14;0;4;6;19;4;6;10;2;6;2;2;1;2;5;2;0;12;10;4;14;4;1;1;8;14;4;11;4;1;6;0;13;24;6;0;17;11;0;1;6;6;2;22;-8.916483222893786;19;0;3;14;3;23;-9.411905675361611;4;3;2;4;24;3;18;2;2;0;4;14;4;4;6;24;4;1;6;2;22;-0.0840045773235317;21;4.433322642432597;5;1;24;21;-2.4007495745737457;6;4;3;1;1;17;13;4;8;5;6;0;6;2;4;3;5;25;4;1;1;24;20;-4.015516768983279;4;9;4;5;1;1;4;14;1;8;24;3;6;12
TRACK:244;238;-1;0;2;2;6;1;1;3;3;2;0;20;-8.938237095411356;23;-5.1565332846355565;4;21;-8.14520719775826;6;6;3;5;13;1;0;0;3;5;14;4;6;21;-2.0923148173761383;2;6;4;12;6;1;14;10;3;2;0;3;11;0;15;19;3;5;15;2;0;3;0;5;2;0;12;8;4;17;1;4;4;12;2;4;12;5;8;4;5;6;1;0;21;-6.9213006120662985;24;1;21;3.7258531848079;14;4;2;1;2;3;17;6;14;2;1;21;-4.230087560249949;10;5;5;13;4;5;3;1;10;7;3.4930096791697265;4;5;2;6;3;6;4;12;1;4;3;4;0;24;8;1;4;6;6;12;0;4;6;19;4;6;10;2;6;2;2;1;2;5;2;0;12;10;4;14;4;1;1;8;14;4;11;4;1;6;0;13;24;6;0;17;11;0;1;6;6;2;22;-8.856974009724905;19;6;3;0;13;10;4;3;2;4;24;3;18;2;2;0;4;14;4;4;6;24;4;1;6;2;22;-0.2567342154492881;21;4.349587658033921;5;1;24;21;-2.5206305507466005;6;4;3;1;1;17;13;4;8;5;6;0;6;2;4;3;5;25;4;1;1;24;20;-4.208643890485933;4;9;4;5;1;1;4;14;1;8;24;3;6;12
TRACK:245;84;-1;0;2;2;6;1;1;3;3;2;4;15;4;21;-8.251228389374772;6;6;3;5;13;1;0;0;3;5;14;4;6;21;-2.490065689120963;2;6;4;12;6;1;14;10;3;2;0;3;11;0;15;19;3;5;15;2;0;3;0;5;2;0;12;8;4;7;1.3136605119618991;1;4;4;12;2;4;12;5;8;4;5;4;9;4;2;1;2;3;17;6;14;2;0;5;15;0;18;19;5;5;13;4;5;3;1;10;7;3.582051139819348;4;5;2;6;3;3;0;1;16;9;6;25;1;4;3;4;0;24;8;1;4;6;6;12;0;4;6;19;4;6;10;2;6;2;2;1;2;5;2;0;12;10;4;14;4;1;1;8;14;4;11;4;1;6;0;13;24;6;0;17;11;0;1;6;6;2;22;-8.81746066979533;19;6;3;0;13;10;4;3;2;4;24;3;18;2;2;0;4;14;4;4;6;24;4;1;6;2;22;0.0511561955057388;21;4.383148720361947;5;1;24;21;-2.5248729409337898;6;4;3;1;1;17;13;4;8;5;6;0;6;2;4;3;5;25;4;1;1;24;20;-3.869129905890795;4;9;4;5;1;1;4;14;1;8;24;3;6;12
TRACK:246;233;-1;0;2;2;6;1;1;3;3;2;0;20;-9.211565719654836;23;-5.157846264559374;4;21;-8.162826353917383;6;6;3;5;13;1;0;0;3;5;14;4;6;21;-2.5540456438547148;2;6;4;12;6;1;14;10;2;1;0;2;15;17;6;24;6;2;10;24;0;3;2;16;15;2;3;13;3;25;2;0;3;0;5;2;0;12;8;4;17;1;4;4;12;2;4;12;5;8;4;5;6;1;0;21;-6.643479391955022;24;1;21;3.8296344466337304;14;4;2;1;2;3;17;6;14;2;0;5;15;0;18;19;5;5;13;4;5;3;1;10;7;3.4918747096230476;4;5;2;6;3;3;0;1;16;9;6;25;1;4;3;4;0;24;8;1;4;6;3;8;0;4;6;19;4;6;10;2;6;2;2;1;2;5;2;0;12;10;4;14;4;1;1;8;14;4;11;4;1;6;0;13;24;6;0;17;11;0;1;6;6;2;22;-8.61330966713256;19;6;3;0;13;10;4;3;2;4;24;3;18;2;2;0;4;14;4;4;6;24;4;1;6;2;22;-0.18003434923577616;21;4.437577112176741;5;1;24;21;-2.414944235868418;6;4;3;1;1;17;13;4;8;5;6;0;6;2;4;3;5;25;4;1;10;4;9;4;5;1;1;4;14;1;8;24;3;4;15
TRACK:247;235;-1;0;2;1;3;6;21;-3.538107241198947;1;5;24;2;25;23;-0.8917276863800581;4;5;2;6;3;3;0;1;16;9;6;25;1;4;3;4;0;24;8;1;4;6;3;8;0;4;6;19;4;6;10;2;6;2;2;1;2;5;2;0;12;10;4;14;4;1;1;8;14;4;11;4;1;6;0;13;24;6;0;17;11;0;1;6;6;2;22;-8.849029348287301;19;6;3;0;13;10;4;3;2;4;24;3;18;2;2;0;4;14;4;4;6;24;4;1;6;2;22;0.0008141881920272764;21;4.1386307995849405;5;1;24;21;-2.54814455217003;6;4;3;1;1;17;13;4;8;5;6;0;6;2;4;3;5;25;4;1;1;24;20;-4.401905270752905;4;9;4;5;1;1;4;14;1;8;24;3;6;12
TRACK:248;237;-1;0;2;2;6;1;1;3;3;2;0;20;-9.011738679144134;23;-5.519965886294514;4;21;-7.88468869873829;6;6;3;5;13;1;0;0;3;5;14;4;6;21;-2.4397392972873067;2;6;4;12;6;1;14;10;2;1;0;2;15;17;6;24;6;2;10;24;0;3;2;16;15;2;3;13;3;25;2;0;3;0;5;2;0;12;8;4;25;1;4;4;12;2;4;12;5;8;4;5;6;1;0;21;-6.910174919885195;24;1;21;4.078240202225545;14;4;2;1;2;3;17;6;14;2;0;5;15;0;18;19;5;5;13;4;5;3;1;10;7;3.6376363759568475;4;5;2;6;3;3;0;1;16;9;6;25;1;4;3;4;0;24;8;1;4;6;3;8;0;19;4;6;10;2;6;2;2;1;2;5;2;0;12;10;4;14;4;1;1;8;14;4;11;4;1;6;0;13;24;6;0;17;11;0;1;6;6;2;22;4.34661599772082;23;-7.132045642986022;6;3;0;13;10;4;3;2;4;24;3;18;2;2;0;4;14;4;4;6;24;4;1;6;2;22;-0.06867470453516636;21;4.416755524009782;5;1;24;21;-2.70951903651923;6;4;3;1;1;17;13;4;8;5;6;0;6;2;4;3;5;25;4;1;1;24;20;-4.335904412691695;4;9;4;5;1;1;4;14;1;8;24;3;14
TRACK:249;239;-1;0;2;2;6;1;1;3;3;2;0;20;-9.103910332492013;23;-5.215924112899638;4;21;-8.090016050017484;13;1;0;0;3;5;14;4;6;21;-2.5649292278677986;2;6;4;12;6;1;14;10;2;1;0;2;15;17;6;24;6;2;10;24;0;3;2;16;15;2;3;13;3;25;2;0;3;0;5;2;0;12;8;4;17;1;4;4;12;2;4;12;5;8;4;5;5;1;24;22;2.1986433273374892;4;2;1;2;3;17;6;14;2;0;5;15;0;18;19;5;5;13;4;5;3;1;10;7;3.632150590175645;4;5;2;6;3;3;0;1;16;9;6;25;1;4;3;4;0;24;8;1;4;6;3;8;0;4;6;19;4;6;10;2;6;2;2;1;2;5;2;0;12;10;4;14;4;1;1;8;14;4;11;4;1;6;0;13;24;6;0;17;11;0;1;6;6;2;22;-8.918798361035877;19;6;3;0;13;10;4;3;2;4;24;3;18;2;2;0;4;14;4;4;6;24;4;1;6;2;22;-0.2683913734592093;21;4.263245330119215;5;1;24;21;-2.5116364097814587;6;4;3;1;1;17;13;4;8;5;6;0;6;2;4;3;5;25;4;1;1;24;20;-4.444589470447177;4;9;4;5;1;1;4;14;1;8;24;3;6;12
EVAL_INSTANCE:12:0:240
EVAL_INSTANCE:12:1:241
EVAL_INSTANCE:12:2:242
EVAL_INSTANCE:12:3:243
EVAL_INSTANCE:12:4:244
EVAL_INSTANCE:12:5:245
EVAL_INSTANCE:12:6:246
EVAL_INSTANCE:12:7:247
EVAL_INSTANCE:12:8:248
EVAL_INSTANCE:12:9:249
RUN_RESULT:12:0:0:175:DDDDLRURURULDLUDLDLURRURRUUULLLLLL
RUN_RESULT:12:1:0:2000:----
RUN_RESULT:12:2:0:315:DDDDLRURURULDLUDLDLURRURRUUULLLLLL
RUN_RESULT:12:3:0:2000:----
RUN_RESULT:12:4:0:315:DDDDLRURURULDLUDLDLURRURRUUULLLLLL
RUN_RESULT:12:5:0:175:DDDDLRURURULDLUDLDLURRURRUUULLLLLL
RUN_RESULT:12:6:0:175:DDDDLRURURULDLUDLDLURRURRUUULLLLLL
RUN_RESULT:12:7:0:2000:----
RUN_RESULT:12:8:0:2000:----
RUN_RESULT:12:9:0:230:DDDDLRURUDLLRRURULDLULDDRRUURUUULLLLLL
    13 |      130 | -3.825000E+03 | -3.825000E+03
TRACK:250;87;83;0;2;2;6;1;1;3;3;2;0;20;-9.22140691141287;23;-5.356547854922755;4;21;-7.937198226286189;6;6;3;5;13;1;0;0;3;5;14;4;6;21;-2.920680370917604;2;6;4;12;6;1;14;10;2;1;0;5;21;0.704972914765392;6;24;6;2;10;24;0;3;2;16;15;2;3;13;3;25;2;0;3;0;5;2;0;12;8;4;17;1;4;4;12;2;4;12;5;8;4;5;6;1;0;21;-6.735825290392697;10;1;21;3.956202785364934;14;4;2;1;2;3;17;6;14;2;0;5;15;0;18;19;5;5;13;4;5;3;1;10;7;3.477728803114056;4;5;2;6;3;3;0;1;16;9;6;25;1;4;3;4;0;24;8;1;4;6;3;8;0;4;6;19;4;6;10;2;6;2;2;1;2;5;2;0;12;10;4;14;4;1;1;8;14;4;11;4;1;6;0;13;24;6;0;17;11;0;1;6;6;2;22;-8.898987450749514;19;6;3;0;13;10;4;3;2;4;24;3;18;2;2;0;4;14;4;4;6;24;4;1;6;2;22;-0.2521133220757505;21;4.383417352134787;5;1;24;21;-2.3613878850531944;6;4;3;1;1;17;13;4;8;5;6;0;6;2;4;3;5;25;4;1;1;24;20;-4.299324529556566;4;9;4;5;1;1;4;14;1;8;24;3;6;12
TRACK:251;87;83;0;2;2;6;1;1;3;3;2;0;20;-9.035308762632493;23;-5.427413493509816;4;21;-7.952699503058636;6;6;3;5;13;1;0;0;3;5;14;4;6;21;-2.365206849127937;2;6;4;12;6;1;14;10;2;1;0;2;15;17;6;24;6;2;10;24;0;3;2;16;15;2;3;13;3;25;2;0;3;0;5;2;0;12;8;4;25;1;4;4;12;2;4;12;5;8;4;5;6;1;0;21;-6.8788920607158;24;1;21;4.266946021695314;14;4;2;1;2;3;17;6;14;2;0;5;15;0;18;19;5;5;13;4;5;3;1;10;7;3.4050155552096646;4;5;2;6;3;3;0;1;16;9;6;25;1;4;3;4;0;24;8;1;4;6;3;8;0;19;4;6;10;2;6;2;2;1;2;5;2;0;12;10;4;14;4;1;1;8;14;4;11;4;1;6;0;13;24;6;0;17;11;0;1;6;6;2;22;-8.775710421224495;19;6;3;0;13;10;4;3;2;4;24;3;18;2;2;0;4;14;4;14;4;1;6;2;22;0.08744444515135884;21;4.285345255924887;5;1;24;21;-2.61287752630878;6;5;0;5;14;5;11;5;6;0;6;2;4;3;5;25;4;1;1;24;20;-4.199725311269456;4;9;4;5;1;1;4;14;1;8;24;3;6;12
TRACK:252;85;84;0;2;2;6;1;1;3;4;14;6;6;3;5;13;1;0;0;3;5;14;4;6;21;-2.397045599740108;2;6;4;12;6;1;14;10;3;2;0;3;11;0;15;19;3;5;15;2;2;0;4;14;4;4;6;24;4;1;6;2;22;-0.10410059793716492;21;4.413927649955681;5;1;24;21;-2.4232739931296137;4;2;1;2;3;17;6;14;2;0;5;15;0;18;19;5;5;13;4;5;3;1;10;7;3.6376296648210418;4;5;2;6;3;3;0;1;16;9;6;25;1;4;3;4;0;24;8;1;4;6;6;12;0;4;6;19;4;6;10;2;6;2;2;1;2;5;2;0;12;10;4;14;4;1;1;8;14;4;11;4;1;6;0;13;24;6;0;17;11;0;1;6;6;2;22;-8.951104462886763;19;6;3;0;13;10;4;3;2;4;24;3;18;2;2;0;4;14;4;4;6;24;4;1;6;2;22;-0.3823862027119948;21;4.418596697839346;5;1;24;21;-2.5366112390259348;6;4;3;1;1;17;13;4;8;5;6;0;6;2;4;3;5;25;4;1;1;24;20;-4.149653330208216;4;9;4;5;1;1;4;14;1;8;24;3;6;12
TRACK:253;85;84;0;2;2;6;1;1;3;3;2;4;15;4;21;-8.198283303152134;6;6;3;5;13;1;0;0;3;5;14;4;6;21;-2.3548988640673376;2;6;4;12;6;1;14;10;3;2;0;3;11;0;15;19;3;5;15;2;0;3;0;5;2;0;12;8;4;17;1;4;4;12;2;4;12;5;8;4;5;4;9;4;2;1;2;3;17;6;14;2;0;5;15;0;18;19;5;5;13;4;5;3;1;10;7;3.655109646547113;4;5;2;6;3;3;0;1;16;9;6;25;1;4;3;4;0;24;8;1;4;6;6;12;0;4;6;19;4;6;10;2;6;2;2;1;2;5;2;0;12;10;4;14;4;1;1;8;14;4;11;4;1;6;0;12;24;6;0;17;11;0;1;6;6;2;22;-8.814079797688489;19;6;3;0;13;10;4;3;2;4;24;3;18;2;2;0;4;14;4;4;6;24;4;1;6;2;22;-0.10410059793716492;21;4.413927649955681;5;1;24;21;-2.4232739931296137;6;4;3;1;1;17;13;4;8;5;6;0;6;2;4;3;5;25;4;1;1;24;20;-3.96847849742979;4;9;4;5;1;1;4;14;1;8;24;3;6;12
TRACK:254;65;60;0;2;2;6;1;1;3;3;2;0;20;-9.142174341288118;23;-5.476607099667321;4;21;-7.989868346972402;6;6;3;5;13;1;0;0;3;5;14;4;6;21;-2.469235086385175;2;6;4;12;6;1;14;10;2;7;3.478674435023467;0;3;2;16;15;2;3;13;3;25;2;0;3;0;5;2;0;12;8;4;25;1;4;4;12;2;4;12;5;8;4;5;6;1;0;21;-6.6669315195832395;24;1;21;3.9432670073111042;14;4;2;1;2;3;17;6;14;2;0;5;15;0;18;19;5;5;13;4;5;3;1;10;7;3.4956836486648726;4;5;2;6;3;3;0;1;16;9;6;25;1;4;3;4;0;24;8;1;4;6;3;8;0;19;4;6;10;2;6;2;2;1;2;5;2;0;12;10;4;14;4;1;1;8;14;4;11;4;1;6;0;13;24;6;0;17;11;0;1;6;6;2;22;-8.818565801060581;19;6;3;0;13;10;4;3;2;4;24;3;18;2;2;0;4;14;4;4;6;24;4;1;6;2;22;-0.04820561264654773;21;4.244991454438717;5;1;24;21;-2.7605602495770816;6;4;3;1;1;17;13;4;8;5;6;0;6;2;4;3;5;25;4;1;1;24;20;-4.158650239660866;4;9;4;5;1;1;4;14;1;8;24;3;6;12
TRACK:255;65;60;0;2;2;6;1;1;3;3;2;0;20;-9.192258696042499;23;-5.258280250042499;4;21;-7.93427093830071;6;6;3;5;13;1;0;0;3;5;14;4;6;21;-2.5500717300020197;2;6;4;12;6;1;14;10;2;1;0;2;15;17;6;24;6;2;10;24;0;3;2;16;15;2;3;13;3;25;2;0;3;0;5;2;3;12;1;23;-8.907562571560689;7;1.0537153632971368;1;4;4;12;2;4;12;5;8;4;5;6;1;0;21;-6.906578412026499;24;1;21;4.037530857715165;14;4;2;1;2;3;17;6;14;13;4;5;3;1;10;7;3.478674435023467;4;5;2;6;3;3;0;1;16;9;6;25;1;4;3;4;0;24;8;1;4;6;3;8;0;4;6;19;4;6;10;2;6;2;2;1;2;5;2;0;12;10;4;14;4;1;1;8;14;4;11;4;1;6;0;13;24;6;0;17;11;0;1;6;6;2;22;-8.884185887258926;19;6;3;0;13;10;4;3;2;4;24;3;18;2;2;0;4;14;4;4;6;24;4;1;6;2;22;-0.19323754847240257;21;4.224876219872504;5;1;24;21;-2.497546817061575;6;4;3;1;1;17;13;4;8;5;6;0;6;2;4;3;5;25;9;4;5;1;1;4;14;1;8;24;3;6;12
TRACK:256;85;64;0;2;2;6;1;1;3;4;14;6;6;3;5;13;1;0;0;3;5;14;4;6;21;-2.397045599740108;2;6;4;12;6;1;14;10;3;2;0;3;11;0;15;19;3;5;15;2;0;3;0;5;2;0;17;8;4;17;1;4;4;12;2;4;12;5;8;4;5;6;1;0;21;-6.664186279703632;24;1;21;3.9236050961956246;14;4;2;1;2;3;17;6;14;2;0;5;15;0;18;19;5;5;13;4;5;3;1;10;7;3.6376296648210418;4;5;2;6;3;3;0;1;16;9;6;25;1;4;3;4;0;24;8;1;4;6;6;12;0;4;6;19;4;6;10;2;6;2;2;1;2;5;2;0;12;10;4;14;4;1;1;8;14;4;11;4;1;6;0;13;24;6;0;17;11;0;1;6;6;2;22;-8.951104462886763;19;6;3;0;13;10;4;3;2;4;24;3;18;2;2;0;4;14;4;4;6;24;4;1;6;2;22;-0.3823862027119948;21;4.418596697839346;5;1;24;21;-2.5366112390259348;6;4;3;1;1;17;13;4;8;5;6;0;6;2;4;3;5;25;4;1;1;24;20;-4.149653330208216;4;9;4;5;1;1;4;14;1;8;24;3;6;12
TRACK:257;85;64;0;2;2;6;1;1;3;3;2;0;13;23;-5.186964993223363;4;21;-8.121159605703136;6;6;3;5;13;1;0;0;3;5;14;4;6;21;-2.4216860034594765;2;6;4;12;6;1;14;10;3;2;0;3;11;0;15;19;3;5;15;2;0;3;0;5;2;0;12;8;4;17;1;4;4;12;2;4;12;5;8;4;5;6;1;0;21;-6.778398276730623;24;1;21;3.821357918908527;14;4;2;1;2;3;17;6;14;2;0;5;15;0;18;19;5;5;13;4;5;3;1;10;7;3.608355822091067;4;5;2;6;3;3;0;1;16;9;6;25;1;4;3;4;0;24;8;1;4;6;6;12;0;4;6;19;4;6;10;2;6;2;2;1;2;5;2;0;12;10;4;14;4;1;1;8;14;4;11;4;1;6;0;13;24;6;0;17;11;0;1;6;6;2;22;-9.000783179277484;19;6;3;0;13;10;4;3;2;4;24;3;18;2;2;0;4;14;4;4;6;24;4;1;6;2;22;-0.3793350146320372;21;4.448191584247402;5;1;24;21;-2.4714329946154354;6;4;3;1;1;17;13;4;8;5;6;0;6;2;4;3;5;25;4;1;1;24;20;-4.190061808060987;4;9;4;5;1;1;4;14;1;8;24;3;6;12
TRACK:258;65;83;0;2;2;6;1;1;3;3;2;0;20;-9.142174341288118;23;-5.476607099667321;4;21;-7.989868346972402;6;6;3;5;13;1;0;0;3;5;14;4;6;21;-2.469235086385175;2;6;4;12;6;1;14;10;2;1;0;2;15;17;6;24;0;9;9;0;3;2;16;15;2;3;13;3;25;2;0;3;0;5;2;0;12;8;4;25;1;4;4;12;2;4;12;5;8;4;5;6;1;0;21;-6.6669315195832395;24;1;21;3.9432670073111042;14;4;2;1;2;3;17;6;14;2;0;5;15;0;18;19;5;5;13;19;4;5;2;6;3;3;0;1;16;9;6;25;1;4;3;4;0;24;8;1;4;6;3;8;0;19;4;6;10;2;6;2;2;1;2;5;2;0;12;10;4;14;4;1;1;8;14;4;11;4;1;6;0;13;24;6;0;17;11;0;1;6;6;2;22;-8.818565801060581;19;6;3;0;13;10;4;3;2;4;24;3;18;2;2;0;4;14;4;4;6;24;4;1;6;2;22;-0.04820561264654773;21;4.244991454438717;5;1;24;21;-2.7605602495770816;6;4;3;1;1;17;13;4;8;5;6;0;6;2;4;3;5;25;4;1;1;24;20;-4.158650239660866;4;9;4;5;1;1;4;14;1;8;24;3;6;12
TRACK:259;65;83;0;2;2;6;1;1;3;3;2;0;20;-9.035308762632493;23;-5.427413493509816;4;21;-7.952699503058636;6;6;3;5;13;1;0;0;3;5;14;4;6;21;-2.365206849127937;2;6;4;12;6;1;20;-4.158650239660866;10;2;1;0;2;15;17;6;24;6;2;10;24;0;3;2;16;15;2;3;13;3;25;2;0;3;0;5;2;0;12;8;4;25;1;4;4;12;2;4;12;5;8;4;5;6;1;0;21;-6.8788920607158;24;1;21;4.266946021695314;14;4;2;1;2;3;17;6;14;2;0;5;15;0;18;19;5;5;13;4;5;3;1;10;7;3.4050155552096646;4;5;2;6;3;3;0;1;16;9;6;25;1;4;3;4;0;24;8;1;4;6;3;8;0;19;4;6;10;2;6;2;2;1;2;5;2;0;12;10;4;14;4;1;1;8;14;4;11;4;1;6;0;13;24;6;0;17;11;0;1;6;6;2;22;-8.775710421224495;19;6;3;0;13;10;4;3;2;4;24;3;18;2;2;0;4;14;4;4;6;24;4;1;6;2;22;0.08744444515135884;21;4.285345255924887;5;1;24;21;-2.61287752630878;6;5;0;5;14;5;11;5;6;0;6;2;4;3;5;25;4;1;1;24;20;-4.199725311269456;4;9;4;5;1;1;4;14;1;8;24;3;6;12
TRACK:260;250;-1;0;2;2;6;1;1;3;3;2;0;20;-9.399746749428454;23;-5.363968105581343;4;21;-8.013510080296431;6;6;3;5;13;1;0;0;3;5;14;4;6;21;-2.8828031657969366;2;6;4;12;6;1;14;10;2;1;0;5;21;0.8245673481944445;6;24;6;2;10;24;0;3;1;14;23;9.589504401375265;2;3;13;3;25;2;0;3;0;5;2;0;12;8;4;17;1;4;4;12;2;4;12;5;8;4;5;6;1;0;21;-6.726915468189037;10;1;21;4.019207531642467;14;4;2;1;2;3;17;6;14;2;0;5;15;0;18;19;5;5;13;4;5;3;1;10;7;3.450346113441168;4;5;2;6;3;3;0;1;16;9;6;25;1;4;3;4;0;24;8;1;4;6;3;8;0;4;6;19;4;6;10;2;6;2;2;1;2;5;2;0;12;10;4;14;4;1;1;8;14;4;11;4;1;6;0;13;24;6;0;17;11;0;1;6;6;2;22;-9.127802006159975;19;6;3;0;13;10;4;3;2;4;24;3;18;2;2;0;4;14;4;4;6;24;4;1;6;2;22;-0.2828564767892279;21;4.29763192984572;5;1;24;21;-2.234106395036281;6;4;3;1;1;17;13;4;8;5;6;0;6;2;4;3;5;25;4;1;1;24;20;-4.274421016495315;4;9;4;5;1;1;4;14;1;8;24;3;6;12
TRACK:261;252;-1;0;2;2;6;1;1;3;4;14;6;6;3;5;13;1;0;0;3;5;14;4;6;21;-2.366634873140561;2;6;4;12;6;1;14;10;3;2;0;3;11;0;15;19;3;5;15;2;2;0;4;14;4;4;6;24;4;1;6;2;22;-0.17049500729633688;21;4.3767109406136155;5;1;24;21;-2.355359801787076;4;2;1;2;3;17;6;14;2;0;5;15;0;18;19;5;5;13;4;5;3;1;10;7;3.428157605583034;4;5;2;6;3;3;0;1;16;9;6;25;1;4;3;4;0;24;8;1;4;6;6;12;0;4;6;19;4;6;10;2;6;2;2;1;2;5;2;0;12;10;4;14;4;1;1;8;14;4;11;4;1;6;0;13;24;6;0;17;11;0;1;6;6;2;22;-9.03827838950396;19;6;3;0;13;10;4;3;2;4;24;3;15;2;2;0;4;14;4;4;6;24;4;1;6;2;22;-0.4836124394735568;21;4.5025415035206375;5;1;24;21;-2.6039747676134755;6;4;3;1;1;17;13;4;8;5;6;0;6;2;4;3;5;25;4;1;1;24;20;-4.132909172317287;4;9;4;5;1;1;4;14;1;8;24;3;6;12
TRACK:262;254;-1;0;2;2;6;1;1;3;3;2;0;20;-9.123380029885997;23;-5.328025366343603;4;21;-7.855473458547654;6;6;3;5;13;1;0;0;3;5;14;4;6;21;-2.568950501858443;2;6;4;12;2;13;25;2;7;3.430542643650321;0;3;2;16;15;2;3;13;3;25;2;0;3;0;5;2;0;12;8;4;25;1;4;4;12;2;4;12;5;8;4;5;6;1;0;21;-6.812578021654587;24;1;21;4.015661044828044;14;4;2;1;2;3;17;6;14;2;0;5;15;0;18;19;5;5;13;4;5;3;1;10;7;3.45275653274242;4;5;2;6;3;3;0;1;16;9;6;25;1;4;3;4;0;24;8;1;4;6;3;8;0;19;4;6;10;2;6;2;2;1;2;5;2;0;12;10;4;14;4;1;1;8;14;4;11;4;1;6;0;13;24;6;0;17;11;0;1;6;6;2;22;-8.933371930290955;19;6;3;0;13;10;4;3;2;4;24;3;18;2;2;0;4;14;4;4;6;24;4;1;6;2;22;-0.05830710257721344;21;4.1979051810445;5;1;24;21;-2.7169220735369857;6;4;3;1;1;17;13;4;8;5;6;0;6;2;4;3;5;25;4;1;1;24;20;-4.134235222775226;4;9;4;5;1;1;4;14;1;8;24;3;6;12
TRACK:263;256;-1;0;2;2;3;0;4;16;3;10;2;0;3;0;5;2;0;17;8;4;17;1;4;4;12;2;4;12;5;8;4;5;6;1;0;21;-6.473744622679306;24;1;21;4.0307760670097945;14;4;2;1;2;3;17;6;14;2;0;5;15;0;18;19;5;5;13;4;5;3;1;10;7;3.732525927835514;4;5;2;6;3;3;0;1;16;9;6;25;1;4;3;4;0;24;8;1;4;6;6;12;0;4;6;19;4;6;10;2;6;2;2;1;2;5;2;0;12;10;4;14;4;1;1;8;14;4;11;4;1;6;0;13;24;6;0;17;11;0;1;6;6;2;22;-8.93985290533373;19;6;3;0;13;10;4;3;2;4;24;3;18;2;2;0;4;14;4;4;6;24;4;1;6;2;22;-0.41550793225716515;21;4.479247040530834;5;1;24;21;-2.5794054467026064;6;4;3;1;1;17;13;4;8;5;6;0;6;2;4;3;5;25;4;1;1;24;20;-4.13595012228242;4;9;4;5;1;1;4;14;1;8;24;3;6;12
TRACK:264;258;-1;0;2;2;6;1;1;3;3;2;0;20;-9.127782749276273;23;-5.575337739722272;4;21;-8.037954760215207;6;6;3;5;13;1;0;0;3;5;14;4;6;21;-2.451705260006392;2;6;4;12;6;1;14;10;2;1;0;2;15;17;6;24;0;9;9;0;3;2;16;15;2;3;13;3;25;2;0;3;0;5;2;0;12;8;4;25;1;4;4;12;2;4;12;5;8;4;5;6;1;0;21;-6.530677416146183;24;1;21;4.181431120365155;14;4;2;1;2;3;17;6;14;2;0;5;15;0;18;19;5;5;13;19;4;5;2;6;3;3;0;1;16;9;6;25;1;4;3;4;0;24;8;1;4;6;3;8;0;19;4;6;10;2;6;2;2;1;2;5;2;0;12;10;4;14;4;1;1;8;14;4;11;6;5;21;-6.1491168085952435;0;1;6;6;2;22;-8.869238090092274;19;6;3;0;13;10;4;3;2;4;24;3;18;2;2;0;4;14;4;4;6;24;4;1;6;2;22;0.1741826353910163;21;4.200540473537313;5;1;24;21;-2.8772590203625343;6;4;3;1;1;17;13;4;8;5;6;0;6;2;4;3;5;25;4;1;1;24;20;-4.229397989227282;4;9;4;5;1;1;4;14;1;8;24;3;6;12
TRACK:265;251;-1;0;2;2;6;1;1;3;3;2;0;20;-9.117382202024825;23;-5.448840836595051;4;21;-7.833652352596995;6;6;3;5;13;1;0;0;3;5;14;4;6;21;-2.3973790751509383;2;6;4;12;6;1;14;10;2;1;0;2;15;17;6;24;6;2;10;24;0;3;2;16;15;2;3;13;3;25;2;0;3;0;5;2;0;12;8;4;25;1;4;4;12;2;4;12;5;8;4;5;6;1;0;21;-6.849588884443931;24;1;21;4.44217678470967;14;4;2;1;2;3;17;6;14;2;0;5;15;0;18;19;5;5;13;4;5;3;1;10;7;3.1642526022552833;4;5;2;6;3;3;0;1;16;9;6;25;1;4;3;4;0;24;8;1;4;6;3;8;0;19;4;6;10;2;6;2;2;1;2;5;2;0;12;10;4;14;4;1;1;8;14;4;11;4;1;6;0;13;24;6;0;17;11;0;1;6;6;2;22;-8.584034469311812;19;6;3;0;13;10;4;3;2;4;24;3;18;2;2;0;4;14;4;14;4;1;6;5;20;6.355251939467948;5;1;24;21;-2.7742810146226056;6;5;0;5;14;5;11;5;6;0;6;2;4;3;5;25;4;1;1;24;20;-4.198341892617089;4;9;4;5;1;1;4;14;1;8;24;3;6;12
TRACK:266;253;-1;0;2;2;6;1;1;3;3;2;4;15;4;21;-8.247671679231289;6;6;3;5;13;1;0;0;3;5;14;4;6;21;-2.3816619189151442;2;6;4;12;6;1;14;10;3;2;0;3;11;0;15;19;3;5;15;2;0;3;0;5;2;0;12;8;4;17;1;4;4;12;2;4;12;5;8;4;5;4;9;4;2;1;2;3;17;6;14;2;0;5;15;0;18;19;5;5;13;4;5;3;1;10;7;3.5972461570599816;4;5;2;6;3;3;0;1;16;9;6;25;1;4;3;4;0;24;8;1;4;6;6;12;0;4;6;19;4;6;10;2;6;2;2;1;2;5;2;0;12;10;4;14;4;1;1;8;14;4;11;4;1;6;0;12;24;6;0;17;11;0;1;6;6;2;22;-8.762195839906036;19;6;3;0;13;10;4;3;2;4;24;3;18;2;2;0;4;14;4;4;6;24;4;1;6;2;22;-0.20943557248372574;21;4.534882788799164;5;1;24;21;-2.4897481751279047;6;4;3;1;1;17;13;4;8;5;6;0;6;2;4;3;5;17;4;1;1;24;20;-4.008609508318293;4;9;4;5;1;1;4;14;1;8;24;3;6;12
TRACK:267;255;-1;0;2;2;6;1;1;3;3;2;0;20;-9.139217798399732;23;-5.204075100216627;4;21;-7.852321160218828;6;6;3;5;13;1;0;0;3;5;14;4;6;21;-2.6092031840289374;2;6;4;12;6;1;14;10;2;1;0;2;15;17;6;24;6;2;9;24;0;3;2;16;15;2;3;13;3;25;2;0;3;0;5;2;3;12;1;23;-8.971684597169402;7;1.0855459802641534;1;4;4;12;2;4;12;5;8;4;5;6;1;0;21;-6.80373874811324;24;1;21;4.054589626401296;14;4;2;1;2;3;17;6;14;13;4;5;3;1;10;7;3.2530588326824357;4;5;2;6;3;3;0;1;16;9;6;25;1;4;3;4;0;24;8;1;4;6;3;8;0;4;6;19;4;6;10;2;6;2;2;1;2;5;2;0;12;10;4;14;4;1;1;8;14;4;11;4;1;6;0;13;24;6;0;17;11;0;1;6;6;2;22;-8.875876464036356;19;6;3;0;13;10;4;3;2;4;24;3;18;2;2;0;4;14;4;4;6;24;4;1;6;2;22;-0.32509544773141835;21;4.127702268991044;5;1;24;21;-2.594318668503905;6;4;3;1;1;17;13;4;8;5;6;0;6;2;4;3;5;25;9;4;5;1;1;4;14;1;8;24;3;6;12
TRACK:268;257;-1;0;2;2;6;1;1;3;3;2;0;13;23;-5.15810442644907;4;21;-8.098813511146558;6;6;3;5;13;1;0;0;3;5;14;4;6;21;-2.409658343586004;2;6;4;12;6;1;14;10;3;2;0;3;11;0;15;19;3;5;15;2;0;3;0;5;2;0;12;8;4;24;1;4;4;12;2;4;12;5;8;4;5;6;1;0;21;-6.7283872262599465;24;1;21;3.8456105951354513;14;4;2;1;2;3;17;6;14;2;0;5;15;0;18;19;5;5;13;4;5;3;1;10;7;3.614433071429543;4;5;2;6;3;3;0;1;16;9;6;25;1;4;3;4;0;24;8;1;4;6;6;12;0;4;6;19;4;6;10;2;6;2;2;1;2;5;2;0;12;10;4;14;4;1;1;8;14;4;11;4;1;6;0;13;24;6;0;17;11;0;1;6;6;2;22;-8.949294510783105;19;6;3;0;13;10;4;3;2;4;24;3;18;2;2;0;4;14;4;4;6;24;4;1;6;2;22;-0.4920633428599747;21;4.306663556296085;5;1;24;21;-2.4059664853580287;6;4;3;1;1;17;13;4;8;5;6;0;6;2;4;3;5;25;4;1;1;24;20;-4.246915014808327;4;9;4;5;1;1;4;14;1;8;24;3;6;12
TRACK:269;259;-1;0;2;2;6;1;1;3;3;2;0;20;-9.084740497077359;23;-5.447350522924295;4;21;-8.034756503249989;6;6;3;5;13;1;0;0;3;5;14;4;6;21;-2.282606664033774;2;6;4;12;6;1;20;-4.059439788851593;10;2;1;0;2;15;17;6;24;6;2;10;24;0;3;2;16;15;2;3;13;3;25;2;0;3;0;5;2;0;12;8;5;25;1;4;4;12;2;4;12;5;8;4;5;6;1;0;21;-6.931153662743105;24;1;21;4.133551058650717;14;4;2;1;2;3;17;6;14;2;0;5;15;0;18;19;5;5;13;4;5;3;1;10;7;3.4397780776920244;4;5;2;6;3;3;0;1;16;9;6;25;1;4;3;4;0;24;8;1;4;6;3;8;0;19;4;6;10;2;6;2;2;1;2;5;2;0;12;10;4;14;4;1;1;8;14;4;11;4;1;6;0;13;24;6;0;17;11;0;1;6;6;2;22;-8.788852177644369;19;6;3;0;13;10;4;3;2;4;24;3;18;2;2;0;4;14;4;4;6;24;4;1;6;2;22;0.07037964505182501;21;4.30899289994547;5;1;24;21;-2.6834541174537456;6;5;0;5;14;5;11;5;6;0;6;2;4;3;5;25;4;1;1;24;20;-4.247198404375397;4;9;4;5;1;1;4;14;1;8;24;3;6;12
EVAL_INSTANCE:13:0:260
EVAL_INSTANCE:13:1:261
EVAL_INSTANCE:13:2:262
EVAL_INSTANCE:13:3:263
EVAL_INSTANCE:13:4:264
EVAL_INSTANCE:13:5:265
EVAL_INSTANCE:13:6:266
EVAL_INSTANCE:13:7:267
EVAL_INSTANCE:13:8:268
EVAL_INSTANCE:13:9:269
RUN_RESULT:13:0:0:175:DDDDLRURURULDLUDLDLURRURRUUULLLLLL
RUN_RESULT:13:1:0:2000:----
RUN_RESULT:13:2:0:2000:----
RUN_RESULT:13:3:0:175:DDDDLRURURULDLUDLDLURRURRUUULLLLLL
RUN_RESULT:13:4:0:2000:----
RUN_RESULT:13:5:0:2000:----
RUN_RESULT:13:6:0:175:DDDDLRURURULDLUDLDLURRURRUUULLLLLL
RUN_RESULT:13:7:0:316:DDDDLRURURULDLUDLDLURRURRUUULLLLLL
RUN_RESULT:13:8:0:2000:----
RUN_RESULT:13:9:0:2000:----
    14 |      140 | -3.825000E+03 | -3.825000E+03
TRACK:270;88;65;0;2;2;6;1;1;3;3;2;0;20;-9.378368103468253;23;-5.1800655086892275;4;21;-7.724444283222472;6;6;3;5;13;1;0;0;3;5;14;4;6;21;-2.425562578562194;2;6;4;12;6;1;14;10;2;1;0;2;15;17;6;24;6;19;0;3;2;16;15;2;3;13;3;25;2;0;3;0;5;2;3;12;1;23;-8.790750727341143;7;0.960337777295352;1;4;4;12;2;4;12;5;8;4;5;6;1;0;21;-6.925171044840573;24;1;21;4.094563455063977;14;4;2;1;2;3;17;6;14;13;4;5;3;1;10;7;3.5282408898028312;4;5;2;6;3;3;0;1;16;9;6;25;1;4;3;4;0;24;8;1;4;6;3;8;0;4;6;19;4;6;10;2;6;2;2;1;2;5;2;0;12;10;4;14;4;1;1;8;14;4;11;4;1;6;0;13;24;6;0;17;11;0;1;6;6;2;22;-8.909213420020492;19;6;3;21;4.244991454438717;4;3;2;4;24;3;18;2;2;0;4;14;4;4;6;24;4;1;6;2;22;-0.17825308290609687;21;4.053981302340231;5;1;24;21;-2.544544060733273;6;4;3;1;1;17;13;4;8;5;6;0;6;2;4;3;5;25;4;1;1;24;20;-4.491420846728605;4;9;4;5;1;1;4;14;1;8;24;3;6;12
TRACK:271;88;65;0;2;2;6;1;1;3;3;2;0;20;-9.142174341288118;23;-5.476607099667321;4;21;-7.989868346972402;6;6;3;5;13;1;0;0;3;5;14;4;6;21;-2.469235086385175;2;6;4;12;6;1;14;10;2;1;0;2;15;17;6;24;0;9;9;0;3;2;16;15;2;3;13;3;25;2;0;3;0;5;2;0;12;8;4;25;1;4;4;12;2;4;12;5;8;4;5;6;1;0;21;-6.6669315195832395;24;1;21;3.9432670073111042;14;4;2;1;2;3;17;6;14;2;0;5;15;0;18;19;5;5;13;4;5;3;1;10;7;3.4956836486648726;4;5;2;6;3;3;0;1;16;9;6;25;1;4;3;4;0;24;8;1;4;6;3;8;0;19;4;6;10;2;6;2;2;1;2;5;2;0;12;10;4;14;4;1;1;8;14;4;11;4;1;6;0;13;24;6;0;17;11;0;1;6;6;2;22;-8.818565801060581;19;6;3;0;13;10;4;3;2;4;24;3;18;2;2;0;4;14;4;4;6;24;4;1;6;2;22;-0.04820561264654773;21;4.244991454438717;5;1;24;21;-2.7605602495770816;6;4;3;1;1;17;13;4;8;5;6;0;6;2;4;3;5;25;4;1;1;24;20;-4.158650239660866;4;9;4;5;1;1;4;14;1;8;24;3;6;12
TRACK:272;87;83;0;2;2;6;1;1;3;3;2;0;20;-9.22140691141287;23;-5.356547854922755;4;21;-7.937198226286189;6;6;3;5;13;1;0;0;3;5;14;4;6;21;-2.920680370917604;2;6;4;12;6;1;14;10;2;1;0;5;21;0.704972914765392;6;24;6;2;10;24;0;3;0;13;10;2;3;13;3;25;2;0;3;0;5;2;0;12;8;4;17;1;4;4;12;2;4;12;5;8;4;5;6;1;0;21;-6.735825290392697;24;1;21;3.956202785364934;14;4;2;1;2;3;17;6;14;2;0;5;15;0;18;19;5;5;13;4;5;3;1;10;7;3.477728803114056;4;5;2;6;3;3;0;1;16;9;6;25;1;4;3;4;0;24;8;1;4;6;3;8;0;4;6;19;4;6;10;2;6;2;2;1;2;5;2;0;12;10;4;14;4;1;1;8;14;4;11;4;1;6;0;13;24;6;0;17;11;0;1;6;6;2;22;-8.898987450749514;19;6;3;0;13;10;4;3;2;4;24;3;18;2;2;0;4;14;4;4;6;24;4;1;6;2;22;-0.2521133220757505;21;4.383417352134787;5;1;24;21;-2.3613878850531944;6;4;3;1;1;17;13;4;8;5;6;0;6;2;4;3;5;25;4;1;1;24;20;-4.299324529556566;4;9;4;5;1;1;4;14;1;8;24;3;6;12
TRACK:273;87;83;0;2;2;6;1;1;3;3;2;0;20;-9.035308762632493;23;-5.427413493509816;4;21;-7.952699503058636;6;6;3;5;13;1;0;0;3;5;14;4;6;21;-2.365206849127937;2;6;4;12;6;1;14;10;2;1;0;2;15;17;1;21;3.956202785364934;14;6;2;10;24;0;3;2;16;15;2;3;13;3;25;2;0;3;0;5;2;0;12;8;4;25;1;4;4;12;2;4;12;5;8;4;5;6;1;0;21;-6.8788920607158;24;1;21;4.266946021695314;14;4;2;1;2;3;17;6;14;2;0;5;15;0;18;19;5;5;13;4;5;3;1;10;7;3.4050155552096646;4;5;2;6;3;3;0;1;16;9;6;25;1;4;3;4;0;24;8;1;4;6;3;8;0;19;4;6;10;2;6;2;2;1;2;5;2;0;12;10;4;14;4;1;1;8;14;4;11;4;1;6;0;13;24;6;0;17;11;0;1;6;6;2;22;-8.775710421224495;19;6;3;0;13;10;4;3;2;4;24;3;18;2;2;0;4;14;4;4;6;24;4;1;6;2;22;0.08744444515135884;21;4.285345255924887;5;1;24;21;-2.61287752630878;6;5;0;5;14;5;11;5;6;0;6;2;4;3;5;25;4;1;1;24;20;-4.199725311269456;4;9;4;5;1;1;4;14;1;8;24;3;6;12
TRACK:274;64;87;0;2;2;6;1;1;3;3;2;0;20;-9.033943956298035;23;-5.186964993223363;8;6;6;3;5;13;1;0;0;3;5;14;4;6;21;-2.4216860034594765;2;6;4;12;6;1;14;10;3;2;0;3;11;0;15;19;3;5;15;2;0;3;0;5;2;0;12;8;4;17;1;4;4;12;2;4;12;5;8;4;5;6;1;0;21;-6.778398276730623;24;1;21;3.821357918908527;14;4;2;1;2;3;17;6;14;2;0;5;15;0;18;19;5;5;13;4;5;3;1;10;7;3.608355822091067;4;5;2;6;3;3;0;1;16;9;6;25;1;4;3;4;0;24;8;1;4;6;6;12;0;4;6;19;4;6;10;2;6;2;2;1;2;5;2;0;12;10;4;14;4;1;1;8;14;4;11;4;1;6;0;13;24;6;0;17;11;0;1;6;6;2;22;-9.000783179277484;19;6;3;0;13;10;4;3;2;4;24;3;18;2;2;0;4;14;4;4;6;24;4;1;6;2;22;-0.3793350146320372;21;4.448191584247402;5;1;24;21;-2.4714329946154354;6;4;3;1;1;17;13;4;8;5;6;0;6;2;4;3;5;25;4;1;1;24;20;-4.190061808060987;4;9;4;5;1;1;4;14;1;8;24;3;6;12
TRACK:275;64;87;0;2;2;6;1;1;3;3;2;0;20;-9.22140691141287;23;-5.356547854922755;4;21;-7.937198226286189;6;6;3;5;13;1;0;0;3;5;14;4;6;21;-2.920680370917604;2;6;4;12;6;1;14;10;2;1;0;5;21;0.704972914765392;6;24;6;2;10;24;0;3;2;16;15;2;3;13;3;25;2;0;3;0;5;2;0;12;8;4;17;1;4;4;12;2;4;12;5;8;4;5;6;1;0;21;-6.735825290392697;24;1;21;3.956202785364934;14;4;2;1;2;3;17;6;14;2;0;5;15;0;20;-9.033943956298035;19;5;5;13;4;5;3;1;10;7;3.477728803114056;4;5;2;6;3;3;0;1;16;9;6;25;1;4;3;4;0;24;8;1;4;6;3;8;0;4;6;19;4;6;10;2;6;2;2;1;2;5;2;0;12;10;4;14;4;1;1;8;14;4;11;4;1;6;0;13;24;6;0;17;11;0;1;6;6;2;22;-8.898987450749514;19;6;3;0;13;10;4;3;2;4;24;3;18;2;2;0;4;14;4;4;6;24;4;1;6;2;22;-0.2521133220757505;21;4.383417352134787;5;1;24;21;-2.3613878850531944;6;4;3;1;1;17;13;4;8;5;6;0;6;2;4;3;5;25;4;1;1;24;20;-4.299324529556566;4;9;4;5;1;1;4;14;1;8;24;3;6;12
TRACK:276;64;65;0;2;2;6;1;1;3;3;2;0;20;-9.033943956298035;23;-5.186964993223363;4;21;-8.121159605703136;6;6;3;5;13;1;0;0;3;5;14;4;6;21;-2.4216860034594765;2;6;4;12;6;1;14;10;3;2;0;3;11;0;15;19;3;5;8;2;0;3;0;5;2;0;12;8;4;17;1;4;4;12;2;4;12;5;8;4;5;6;1;0;21;-6.778398276730623;24;1;21;3.821357918908527;14;4;2;1;2;3;17;6;14;2;0;5;15;0;18;19;5;5;13;4;5;3;1;10;7;3.608355822091067;4;5;2;6;3;3;0;1;16;9;6;25;1;4;3;4;0;24;8;1;4;6;6;12;0;4;6;19;4;6;10;2;6;2;2;1;2;5;2;0;12;10;4;14;4;1;1;8;14;4;11;4;1;6;0;13;24;6;0;17;11;0;1;6;6;2;22;-9.000783179277484;19;6;3;0;13;10;4;3;2;4;24;3;18;2;2;0;4;14;4;4;6;24;4;1;6;2;22;-0.3793350146320372;21;4.448191584247402;5;1;24;21;-2.4714329946154354;6;4;3;1;1;17;13;4;8;5;6;0;6;2;4;3;5;25;4;1;1;24;20;-4.190061808060987;4;9;4;5;1;1;4;14;1;8;24;3;6;12
TRACK:277;64;65;0;2;2;6;1;1;3;3;2;0;20;-9.142174341288118;23;-5.476607099667321;4;21;-7.989868346972402;6;6;3;5;13;1;0;0;3;5;14;4;6;21;-2.469235086385175;2;6;4;12;6;1;14;10;2;1;0;2;15;17;6;24;0;9;9;0;3;2;16;15;2;3;13;3;25;2;0;3;0;5;2;0;12;8;4;25;1;4;4;12;2;4;12;5;8;4;5;6;1;0;21;-6.6669315195832395;24;1;21;3.9432670073111042;14;4;2;1;2;3;17;6;14;2;0;5;15;0;18;19;5;5;13;4;5;3;1;10;7;3.4956836486648726;4;5;2;6;3;3;0;1;16;9;6;25;1;4;3;4;0;24;8;1;4;6;3;8;0;19;4;6;10;2;6;2;2;1;2;5;2;0;12;10;4;14;4;1;1;8;14;4;11;4;1;6;0;13;24;6;0;17;11;0;15;4;3;2;4;24;3;18;2;2;0;4;14;4;4;6;24;4;1;6;2;22;-0.04820561264654773;21;4.244991454438717;5;1;24;21;-2.7605602495770816;6;4;3;1;1;17;13;4;8;5;6;0;6;2;4;3;5;25;4;1;1;24;20;-4.158650239660866;4;9;4;5;1;1;4;14;1;8;24;3;6;12
TRACK:278;84;83;0;2;2;6;1;1;3;3;2;4;15;4;21;-8.198283303152134;6;6;3;5;13;1;0;0;3;5;14;4;6;21;-2.3548988640673376;2;6;4;12;6;1;14;10;3;2;0;3;11;0;15;19;3;5;15;2;0;3;0;5;2;0;12;8;4;17;1;4;4;12;2;4;12;5;8;4;5;4;9;4;2;1;2;3;17;6;14;2;0;5;15;0;18;19;5;5;13;4;5;3;1;10;7;3.655109646547113;4;5;2;6;3;3;0;1;16;9;6;25;1;4;3;4;0;24;8;1;4;6;6;12;0;4;6;19;4;6;10;2;6;2;2;1;2;5;2;0;12;10;4;14;4;1;1;8;14;4;11;4;1;6;0;13;24;6;0;17;11;0;1;6;6;2;22;-8.814079797688489;19;6;3;0;13;10;4;5;5;13;2;2;0;4;14;4;4;6;24;4;1;6;2;22;-0.10410059793716492;21;4.413927649955681;5;1;24;21;-2.4232739931296137;6;4;3;1;1;17;13;4;8;5;6;0;6;2;4;3;5;25;4;1;1;24;20;-3.96847849742979;4;9;4;5;1;1;4;14;1;8;24;3;6;12
TRACK:279;84;83;0;2;2;6;1;1;3;3;2;0;20;-9.035308762632493;23;-5.427413493509816;4;21;-7.952699503058636;6;6;3;5;13;1;0;0;3;5;14;4;6;21;-2.365206849127937;2;6;4;12;6;1;14;10;2;1;0;2;15;17;6;24;6;2;10;24;0;3;2;16;15;2;3;13;3;25;2;0;3;0;5;2;0;12;8;4;25;1;4;4;12;2;4;12;5;8;4;5;6;1;0;21;-6.8788920607158;24;1;21;4.266946021695314;14;4;2;1;2;3;17;6;14;2;0;5;15;0;18;19;5;5;13;4;5;3;1;10;7;3.4050155552096646;4;5;2;6;3;3;0;1;16;9;6;25;1;4;3;4;0;24;8;1;4;6;3;8;0;19;4;6;10;2;6;2;2;1;2;5;2;0;12;10;4;14;4;1;1;8;14;4;11;4;1;6;0;13;24;6;0;17;11;0;1;6;6;2;22;-8.775710421224495;19;6;3;0;13;10;4;3;2;4;24;3;18;2;2;0;4;14;4;4;6;10;4;1;6;2;22;0.08744444515135884;21;4.285345255924887;5;1;24;21;-2.61287752630878;6;5;0;5;14;5;11;5;6;0;6;2;4;3;5;25;4;1;1;24;20;-4.199725311269456;4;9;4;5;1;1;4;14;1;8;24;3;6;12
TRACK:280;270;-1;0;2;2;6;1;1;3;3;2;0;20;-9.316412746391304;23;-5.1593198994948715;4;21;-7.643033686841998;6;6;3;5;13;1;0;0;3;5;14;4;6;21;-2.5619414029156085;2;6;4;12;6;1;14;10;2;1;0;2;15;17;6;24;6;19;0;3;2;16;15;2;3;13;3;25;2;0;3;0;5;2;3;12;1;23;-8.963510455495593;7;1.037906712861887;1;4;4;12;2;4;12;5;8;4;5;6;1;0;21;-6.863232172582442;24;1;21;4.022427487233504;14;4;2;5;0;22;-8.24225878288489;23;-9.981822583597156;4;5;3;1;10;7;3.4811460767652282;4;5;2;6;3;3;0;1;16;9;6;25;1;4;3;4;0;24;8;1;4;6;3;8;0;4;6;19;4;6;10;2;6;2;2;1;2;5;2;0;12;10;4;14;4;1;1;8;14;4;11;4;1;6;0;13;24;6;0;17;11;0;1;6;6;2;22;-8.745656023467129;19;6;3;21;4.149880348328266;4;3;2;4;24;3;18;2;2;0;4;14;4;4;6;24;4;1;6;2;22;-0.24798810661665616;21;4.021772134492617;5;1;24;21;-2.6736764911616033;6;4;3;1;1;17;13;4;8;5;6;0;6;2;4;3;5;25;4;1;1;24;20;-4.556752938686232;4;9;4;5;1;1;4;14;1;8;24;3;6;12
TRACK:281;272;-1;0;2;2;6;1;1;3;3;2;0;20;-9.120642271997852;23;-5.321874776988791;4;21;-7.853259004319657;6;6;3;5;13;1;0;0;3;5;14;4;6;21;-2.8543360212315685;2;6;4;12;6;1;14;10;2;1;0;5;21;0.6715249783856407;6;24;6;2;10;24;0;3;0;13;10;2;3;13;3;25;2;0;3;0;5;2;0;12;8;4;17;1;4;4;12;2;4;12;5;8;4;5;6;1;0;21;-6.72007662097467;24;1;21;3.9463739550964214;14;4;2;1;2;3;17;6;14;2;0;5;15;0;18;19;5;5;13;4;5;3;1;10;7;3.3712365026297255;4;5;2;6;3;3;0;1;16;11;6;25;1;4;3;4;0;24;8;1;4;6;3;8;0;4;6;19;4;6;10;2;6;2;2;1;2;5;2;0;12;10;4;14;4;1;1;8;14;4;11;4;1;6;0;13;24;6;0;17;11;0;1;6;6;2;22;-9.010073150367193;19;6;3;0;13;10;4;3;2;4;24;3;18;2;2;0;4;14;4;4;6;24;4;1;6;2;22;-0.3507050735721047;21;4.550506139268384;5;1;24;21;-2.159248675157938;6;4;3;1;1;17;13;4;8;5;6;0;6;2;4;3;5;25;4;1;1;24;20;-4.336106810607575;4;9;4;5;1;1;4;14;1;8;24;3;6;12
TRACK:282;64;-1;0;2;2;6;1;1;3;3;3;25;6;6;3;5;13;1;0;0;3;5;14;4;6;21;-2.2217174069320063;2;6;4;12;6;1;14;10;3;2;0;3;11;0;15;19;3;5;15;2;0;3;0;5;2;0;12;8;4;17;1;4;4;12;2;4;12;5;8;4;5;6;1;0;21;-6.859482471308654;24;1;21;3.8237599497021004;14;4;2;1;2;3;17;6;14;2;0;5;15;0;18;19;5;5;13;4;5;3;1;10;7;3.6311881514073634;4;5;2;6;3;3;0;1;16;9;6;25;1;4;3;4;0;24;8;1;4;6;6;12;0;4;6;19;4;6;10;2;6;2;2;1;2;5;2;0;12;10;4;14;4;1;1;8;14;4;11;4;1;6;0;13;24;6;0;17;11;0;1;6;6;2;22;-9.009589583171746;19;6;3;0;13;10;4;3;2;4;24;3;18;2;2;0;4;14;4;4;6;24;4;1;6;2;22;-0.5078740794142125;21;4.309422107615259;5;1;24;21;-2.5588828398525605;6;4;3;1;1;17;13;4;8;5;6;0;6;2;4;3;5;25;4;1;1;24;20;-4.043905662631155;4;9;4;5;1;1;4;14;1;8;24;3;6;12
TRACK:283;276;-1;0;2;2;6;1;1;3;3;2;0;20;-8.992627642795163;23;-5.13691914130718;4;21;-8.187547733245212;6;6;3;5;13;1;0;0;3;5;14;4;6;21;-2.5219970141805774;2;6;4;12;6;1;14;10;3;2;0;3;11;0;15;19;3;5;8;2;0;3;0;5;2;0;12;8;4;17;1;4;4;12;2;4;12;5;8;4;5;6;1;0;21;-6.666306567219747;24;1;21;3.807332151283889;14;4;2;1;2;3;17;6;14;2;0;5;15;0;18;19;5;5;13;4;5;3;1;10;7;3.453654913894233;4;5;2;6;3;3;0;1;16;9;6;25;1;4;3;4;0;24;8;1;4;6;6;12;0;4;6;19;4;6;10;2;6;2;2;1;2;5;2;0;12;10;4;14;4;1;1;8;14;4;11;4;1;6;0;13;24;6;0;17;11;0;1;6;6;2;22;-8.878416640876676;19;6;3;0;13;10;4;3;2;4;24;3;18;2;2;0;4;14;4;4;6;24;4;1;6;2;22;-0.2644101463134146;21;4.322068853684004;5;1;24;21;-2.6634466169327404;6;4;3;5;12;5;6;0;6;2;4;3;5;25;4;1;1;24;20;-4.033946281094766;4;9;4;5;1;1;4;14;1;8;24;3;6;12
TRACK:284;278;-1;0;2;2;6;1;1;3;3;2;4;15;4;21;-8.133917777598072;6;6;3;5;13;1;0;0;3;5;14;4;6;21;-2.475505522421005;2;6;4;12;6;1;14;10;3;2;0;3;11;0;15;19;3;5;15;2;0;3;0;5;2;0;12;8;4;17;1;4;4;12;2;4;12;5;8;4;5;4;9;4;2;1;2;3;17;6;14;2;0;5;15;0;18;19;5;5;13;4;5;3;1;10;7;3.7665902718581434;4;5;2;6;3;3;0;1;16;9;6;25;1;4;3;4;0;24;8;1;4;6;6;12;0;4;6;19;4;6;10;2;6;2;2;1;2;5;2;0;12;10;4;14;4;1;1;8;14;4;11;4;1;6;0;13;24;6;0;17;11;0;1;6;6;2;22;-8.766895418268945;19;6;3;0;13;10;4;5;5;13;2;2;0;4;2;13;20;5.42574457907085;4;4;6;24;4;1;6;2;22;-0.08659540048664398;21;4.524527975132948;5;1;24;21;-2.5240056805050215;6;4;3;1;1;17;13;4;8;5;6;0;6;2;4;3;5;25;4;1;1;24;20;-3.828377673009361;4;9;4;5;1;1;4;14;1;8;24;3;6;12
TRACK:285;271;-1;0;2;2;6;1;1;3;3;2;0;20;-9.215601468923921;23;-5.596695210124595;4;21;-8.124983965652682;6;6;3;5;13;1;0;0;3;5;14;4;6;21;-2.4919639197870826;2;6;4;12;6;1;14;10;2;1;0;2;15;17;6;24;0;9;9;0;3;2;16;15;2;3;13;3;25;2;0;3;0;5;2;0;12;8;4;25;1;4;4;12;2;4;12;5;8;4;5;6;1;0;21;-6.697828800564277;24;1;21;3.955366341190088;14;4;2;1;2;3;17;6;14;2;0;5;15;0;18;19;5;5;13;4;5;3;1;10;7;3.3837377446835806;4;5;2;6;3;3;0;1;16;9;6;25;1;4;3;4;0;24;8;1;4;6;3;8;0;19;4;6;10;2;6;2;2;1;2;5;2;0;12;10;4;14;4;1;1;8;14;4;11;4;1;6;0;13;24;6;0;17;11;0;1;6;6;2;22;-8.825183438939924;19;6;3;0;13;10;4;3;2;4;24;3;18;2;0;5;3;5;19;4;5;2;12;17;6;4;3;1;1;17;13;4;8;5;6;0;6;2;4;3;5;25;4;1;1;24;20;-4.076019743622208;4;9;4;5;1;1;4;14;1;8;24;3;6;12
TRACK:286;273;-1;0;2;2;6;1;1;3;3;2;0;20;-8.977741410211696;23;-5.5154756608526805;4;21;-7.8875578324796765;6;6;3;5;13;1;0;0;3;5;14;4;6;21;-2.430643797669833;2;6;4;12;6;1;14;10;2;1;0;2;15;17;1;21;3.9099209282287752;14;6;2;10;24;0;3;2;16;15;2;3;13;3;25;2;0;3;0;5;2;0;12;8;4;25;1;4;4;12;2;4;12;5;8;4;5;6;1;0;21;-6.861081148465991;24;1;21;4.269870992936328;14;4;2;1;2;3;17;6;14;2;0;5;15;0;22;-0.8038491590817465;19;5;5;13;4;5;3;1;10;7;3.43838157494146;4;5;2;6;3;3;0;1;16;9;6;25;1;4;3;4;0;24;8;1;4;6;3;8;0;19;4;6;10;2;6;2;2;1;2;5;2;0;12;10;4;14;4;1;1;8;14;4;11;4;1;6;0;13;24;6;0;17;11;0;1;6;6;2;22;-8.555485794001257;19;6;3;0;13;10;4;3;2;4;24;3;18;2;2;0;4;14;4;4;6;24;4;1;6;2;22;-0.024722448039783046;21;4.222762125534021;5;1;24;21;-2.6828207727607167;6;5;0;5;14;5;11;5;6;0;6;2;4;3;5;25;4;1;1;24;20;-4.245234092552064;4;9;4;5;1;1;4;14;1;8;24;3;6;12
TRACK:287;87;-1;0;2;2;6;1;1;3;3;2;0;20;-9.211481155737413;23;-5.290398464395444;4;21;-8.060830401098714;6;6;3;5;13;1;0;0;3;5;14;4;6;21;-2.865878554826639;2;6;4;12;6;1;14;10;2;1;0;5;21;0.6845915627447219;6;24;6;2;10;24;0;3;2;16;15;2;3;13;3;25;2;0;3;0;5;2;0;12;8;4;17;1;4;4;12;2;4;12;5;8;4;5;6;1;0;21;-6.738349116516835;24;1;21;3.9593930514946556;14;4;2;1;2;3;17;1;14;19;2;0;5;15;0;18;19;5;5;13;4;5;3;1;10;7;3.491666138633662;4;5;2;6;3;3;0;1;16;9;6;25;1;4;3;4;0;24;8;1;4;6;3;8;0;4;6;19;4;6;10;2;6;2;2;1;2;5;2;0;12;10;4;14;4;1;1;8;14;4;11;4;1;6;0;13;24;6;0;17;11;0;1;6;6;2;22;-8.997118885953562;19;6;3;0;13;10;4;3;2;4;24;3;18;2;2;0;4;14;4;4;6;24;4;1;6;2;22;-0.31376987659754096;21;4.522258515983633;5;1;24;21;-2.39072182178655;6;4;3;1;1;17;13;4;8;5;6;0;6;2;4;3;5;25;4;1;1;24;20;-4.475030760919662;4;9;4;5;1;1;4;14;1;8;24;3;6;12
TRACK:288;277;-1;0;2;2;6;1;1;3;3;2;0;20;-9.191248135856943;23;-5.31953022930828;4;21;-7.827780185819196;6;6;3;5;13;1;0;0;3;5;14;4;6;21;-2.3814055800018505;2;6;4;12;6;1;14;10;2;1;0;2;15;17;5;24;0;9;9;0;3;2;16;15;2;3;13;3;25;2;0;3;0;5;2;0;12;8;4;25;1;4;4;12;2;4;12;5;8;4;5;6;1;0;21;-6.658168942880871;24;1;21;3.9341330701469412;14;4;2;1;2;3;17;6;14;2;0;5;15;0;18;19;5;5;13;4;5;3;1;10;7;3.3787682133972448;4;5;2;6;3;3;0;1;16;9;6;25;1;4;3;4;0;24;8;1;4;6;3;8;0;19;4;6;10;2;6;2;2;1;2;5;2;0;12;10;4;14;4;1;1;8;14;4;11;4;1;6;0;13;24;6;0;17;11;0;15;4;3;2;4;24;3;18;2;2;0;4;14;4;4;6;24;4;1;6;2;22;-0.11659731122704929;21;4.171216480714697;5;1;24;21;-2.7565395751429804;6;4;3;1;1;17;13;4;8;5;6;0;6;2;4;3;5;25;4;1;1;24;20;-4.145883837700295;4;9;4;5;1;1;4;14;1;8;24;3;6;12
TRACK:289;279;-1;0;2;2;6;1;1;3;3;2;0;20;-8.913014336859906;23;-5.491589595386345;4;21;-7.966892533854376;6;6;3;5;13;1;0;0;3;5;14;4;6;21;-2.4812564754093502;2;6;4;12;6;1;14;10;2;1;0;2;15;17;6;24;6;2;10;24;0;3;2;16;15;2;3;13;3;25;2;0;3;0;5;2;0;12;8;4;25;1;4;4;12;2;4;12;5;8;4;5;6;1;0;21;-7.041672555268192;24;1;21;4.322361904424376;14;4;2;1;2;3;17;6;14;2;0;5;15;0;18;19;5;5;13;4;5;3;1;10;7;3.412551716611648;4;5;2;6;3;3;0;1;16;9;6;25;1;4;3;4;0;24;8;1;4;6;3;8;0;19;4;6;10;2;6;2;2;1;2;5;2;0;12;10;4;14;4;1;1;8;14;4;11;4;1;6;0;13;24;6;0;17;11;0;1;6;6;2;22;-8.87688685851202;19;6;3;0;13;10;4;3;2;4;24;3;18;2;2;0;4;14;4;4;6;10;4;1;6;2;22;0.08310423200195557;21;4.293641708395951;5;1;24;21;-2.4898849246889867;6;5;6;6;3;22;-8.646405010035998;5;6;0;6;2;4;3;5;25;4;1;1;24;20;-4.267239045058178;4;9;4;5;1;1;4;14;1;8;24;3;6;12
EVAL_INSTANCE:14:0:280
EVAL_INSTANCE:14:1:281
EVAL_INSTANCE:14:2:282
EVAL_INSTANCE:14:3:283
EVAL_INSTANCE:14:4:284
EVAL_INSTANCE:14:5:285
EVAL_INSTANCE:14:6:286
EVAL_INSTANCE:14:7:287
EVAL_INSTANCE:14:8:288
EVAL_INSTANCE:14:9:289
RUN_RESULT:14:0:0:2000:----
RUN_RESULT:14:1:0:315:DDDDLRURURULDLUDLDLURRURRUUULLLLLL
RUN_RESULT:14:2:0:175:DDDDLRURURULDLUDLDLURRURRUUULLLLLL
RUN_RESULT:14:3:0:175:DDDDLRURURULDLUDLDLURRURRUUULLLLLL
RUN_RESULT:14:4:0:230:DDDDLRURUDLLRRURULDLULDDRRUURUUULLLLLL
RUN_RESULT:14:5:0:2000:----
RUN_RESULT:14:6:0:175:DDDDLRURURULDLUDLDLURRURRUUULLLLLL
RUN_RESULT:14:7:0:227:DDDDLRURURULDLUDLDLURRURRUUULLLLLL
RUN_RESULT:14:8:0:2000:----
RUN_RESULT:14:9:0:2000:----
    15 |      150 | -3.825000E+03 | -3.825000E+03
TRACK:290;85;44;0;2;2;6;1;1;3;4;14;6;6;3;5;13;1;0;0;3;5;14;4;6;21;-2.397045599740108;2;6;4;12;6;1;14;10;3;2;0;3;11;0;15;19;3;5;15;2;0;3;0;5;2;0;17;8;4;17;1;4;4;15;2;4;12;5;8;4;5;6;1;0;21;-6.664186279703632;24;1;21;3.9236050961956246;14;4;2;1;2;3;17;6;14;2;0;5;15;0;18;19;5;5;13;4;5;3;1;10;7;3.6376296648210418;4;5;2;6;3;3;0;1;16;9;6;25;1;4;3;4;0;24;8;1;4;6;6;12;0;4;6;19;4;6;10;2;6;2;2;1;2;5;2;0;12;10;4;14;4;1;1;8;14;4;11;4;1;6;0;13;24;6;0;17;11;0;1;6;6;2;22;-8.951104462886763;19;6;3;0;13;10;4;3;2;4;24;3;18;2;2;0;4;14;4;4;6;24;4;1;6;2;22;-0.3823862027119948;21;4.418596697839346;5;1;24;21;-2.5366112390259348;6;4;3;1;1;17;13;4;8;5;6;0;6;2;4;3;5;25;4;1;1;24;20;-4.149653330208216;4;9;4;5;1;1;4;14;1;8;24;3;6;12
TRACK:291;85;44;0;2;2;6;1;1;3;3;2;0;20;-9.12096739450493;23;-5.419109646074577;4;21;-8.03692184319495;6;6;3;5;13;1;0;0;3;5;14;4;6;21;-2.437220589822696;2;6;4;12;6;1;14;10;2;1;0;2;15;17;6;24;6;2;10;24;0;3;2;16;15;2;3;13;3;25;2;0;3;0;5;2;0;12;8;4;25;1;4;4;12;2;4;12;5;8;4;5;6;1;0;21;-6.7854491109025465;24;1;21;4.049489369914762;14;4;2;1;2;3;17;6;14;2;0;5;15;0;18;19;5;5;13;4;5;3;1;10;7;3.4553673926626254;4;5;2;6;3;3;0;1;16;9;6;25;1;4;3;4;0;24;8;1;4;6;3;8;0;19;4;6;10;2;6;2;2;1;2;5;2;0;12;10;4;14;4;1;1;8;14;4;11;4;1;6;0;13;24;6;0;17;11;0;1;6;14;6;3;0;13;10;4;3;2;4;24;3;18;2;2;0;4;14;4;4;6;24;4;1;6;2;22;0.07086803024715693;21;4.353482196039044;5;1;24;21;-2.652947581004392;6;4;3;1;1;17;13;4;8;5;6;0;6;2;4;3;5;25;4;1;1;24;20;-4.146579591004465;4;9;4;5;1;1;4;14;1;8;24;3;6;12
TRACK:292;28;83;0;2;2;6;1;1;2;3;17;6;14;2;0;5;15;0;18;19;5;5;13;1;0;0;3;5;14;4;6;21;-2.5655216568432837;2;6;4;12;6;1;14;10;2;1;0;2;15;17;6;24;6;2;10;24;0;3;2;16;15;2;3;13;3;25;2;0;3;0;5;2;0;12;8;4;17;1;4;4;12;2;4;12;5;8;4;5;6;1;0;21;-6.876253819295027;24;1;21;3.9482990119476673;14;4;2;1;2;3;17;6;14;2;0;5;15;0;18;19;5;5;13;4;5;3;1;10;7;3.586909131528662;4;5;2;6;3;3;0;1;16;9;6;25;1;4;3;4;0;24;8;1;4;6;3;8;0;4;6;19;4;6;10;2;6;2;2;1;2;5;2;0;12;10;4;14;4;1;1;8;14;4;11;4;1;6;0;13;24;6;0;17;11;0;1;6;6;2;22;-8.862698691067756;19;6;3;0;13;10;4;3;2;4;24;3;18;2;2;0;4;14;4;4;6;24;4;1;6;2;22;-0.1952685923132209;21;4.372864502508431;5;1;24;21;-2.4938990947175395;6;4;3;1;1;17;13;4;8;5;6;0;6;2;4;3;5;25;4;1;1;24;20;-4.281222223392238;4;9;4;5;1;1;4;14;1;8;24;3;6;12
TRACK:293;28;83;0;2;2;6;1;1;3;3;2;0;20;-9.035308762632493;23;-5.427413493509816;4;21;-7.952699503058636;6;6;3;5;13;1;0;0;3;5;14;4;6;21;-2.365206849127937;2;6;4;12;6;1;14;10;2;1;0;2;15;17;6;24;6;2;10;24;0;3;2;16;15;2;3;13;3;25;2;0;3;0;5;2;0;12;8;4;25;1;4;4;12;2;4;12;5;8;4;5;6;1;0;21;-6.8788920607158;24;1;21;4.266946021695314;14;4;2;1;2;3;17;6;14;2;0;5;15;0;18;19;5;5;13;4;5;3;1;10;7;3.4050155552096646;4;5;2;6;3;3;0;1;16;9;6;25;1;4;3;4;0;24;8;1;4;6;3;8;0;19;4;6;10;2;6;2;2;1;2;5;2;0;12;10;4;14;4;1;1;13;14;4;11;4;1;6;0;13;24;6;0;17;11;0;1;6;6;2;22;-8.775710421224495;19;6;3;0;13;10;4;3;2;4;24;3;18;2;2;0;4;14;4;4;6;24;4;1;6;2;22;0.08744444515135884;21;4.285345255924887;5;1;24;21;-2.61287752630878;6;5;0;5;14;5;11;5;6;0;6;2;4;3;5;25;4;1;1;24;20;-4.199725311269456;4;9;4;5;1;1;4;14;1;8;24;3;6;12
TRACK:294;88;84;0;2;2;6;1;1;3;3;2;0;20;-9.378368103468253;23;-5.1800655086892275;4;21;-7.724444283222472;6;6;3;5;13;1;0;0;3;5;14;4;6;21;-2.425562578562194;2;6;4;12;6;1;14;10;2;1;0;2;15;17;6;24;6;19;0;3;2;16;15;2;3;13;3;25;2;0;3;0;5;2;3;12;1;23;-8.790750727341143;7;0.960337777295352;1;4;4;12;2;4;12;5;8;4;5;6;1;0;21;-6.925171044840573;24;1;21;4.094563455063977;14;4;2;1;2;3;17;6;14;13;4;5;3;1;10;7;3.5282408898028312;4;5;2;6;3;3;0;1;16;9;6;25;1;4;3;4;0;24;8;1;4;6;3;8;0;4;6;19;4;6;10;2;6;2;2;1;2;5;2;0;12;10;4;14;4;1;1;8;14;4;11;4;1;6;0;13;24;6;0;17;11;0;1;6;6;2;22;-8.909213420020492;19;6;3;0;13;10;4;3;2;4;24;3;18;2;2;0;4;19;4;4;6;24;4;1;6;2;22;-0.17825308290609687;21;4.053981302340231;5;1;24;21;-2.544544060733273;6;4;3;1;1;17;13;4;8;5;6;0;6;2;4;3;5;25;4;1;1;24;20;-4.491420846728605;4;9;4;5;1;1;4;14;1;8;24;3;6;12
TRACK:295;88;84;0;2;2;6;1;1;3;3;2;4;15;4;21;-8.198283303152134;6;6;3;5;13;1;0;0;3;5;14;4;6;21;-2.3548988640673376;2;6;4;12;6;1;14;10;3;2;0;3;11;0;15;19;3;5;15;2;0;3;0;5;2;0;12;8;4;17;1;4;4;12;2;4;12;5;8;4;5;4;9;4;2;1;2;3;17;6;14;2;0;5;15;0;18;19;5;5;13;4;5;3;1;10;7;3.655109646547113;4;5;2;6;3;3;0;1;16;9;6;25;1;4;3;4;0;24;8;1;4;6;6;12;0;4;6;19;4;6;10;2;6;2;2;1;2;5;2;0;12;10;4;14;4;1;1;8;14;4;11;4;1;6;0;13;24;6;0;17;11;0;1;6;6;2;22;-8.814079797688489;19;6;3;0;13;10;4;3;2;4;24;3;18;2;2;0;4;14;4;4;6;24;4;1;6;2;22;-0.10410059793716492;21;4.413927649955681;5;1;24;21;-2.4232739931296137;6;4;3;1;1;17;13;4;8;5;6;0;6;2;4;3;5;25;4;1;1;24;20;-4.491420846728605;4;9;4;5;1;1;4;14;1;8;24;3;6;12
TRACK:296;88;44;0;2;2;6;1;1;3;3;2;0;20;-9.378368103468253;23;-5.1800655086892275;4;21;-7.724444283222472;6;6;3;5;13;1;0;0;3;5;14;4;6;21;-2.425562578562194;2;6;4;12;6;1;14;10;2;1;0;2;15;17;6;24;6;19;0;3;2;16;15;2;3;13;3;25;2;0;3;0;5;2;3;12;1;23;-8.790750727341143;7;0.960337777295352;1;4;4;12;2;4;12;5;8;4;5;6;1;0;14;24;1;21;4.094563455063977;14;4;2;1;2;3;17;6;14;13;4;5;3;1;10;7;3.5282408898028312;4;5;2;6;3;3;0;1;16;9;6;25;1;4;3;4;0;24;8;1;4;6;3;8;0;4;6;19;4;6;10;2;6;2;2;1;2;5;2;0;12;10;4;14;4;1;1;8;14;4;11;4;1;6;0;13;24;6;0;17;11;0;1;6;6;2;22;-8.909213420020492;19;6;3;0;13;10;4;3;2;4;24;3;18;2;2;0;4;14;4;4;6;24;4;1;6;2;22;-0.17825308290609687;21;4.053981302340231;5;1;24;21;-2.544544060733273;6;4;3;1;1;17;13;4;8;5;6;0;6;2;4;3;5;25;4;1;1;24;20;-4.491420846728605;4;9;4;5;1;1;4;14;1;8;24;3;6;12
TRACK:297;88;44;0;2;2;6;1;1;3;3;2;0;20;-9.12096739450493;23;-5.419109646074577;4;21;-8.03692184319495;6;6;3;5;13;1;0;0;3;5;14;4;6;21;-2.437220589822696;2;6;4;12;6;1;14;10;2;1;0;2;15;17;6;24;6;2;10;24;0;3;2;16;15;2;3;13;3;25;2;0;3;0;5;2;0;12;8;4;25;1;4;4;12;2;4;12;5;8;4;5;6;1;0;21;-6.7854491109025465;24;1;21;4.049489369914762;14;4;2;1;2;3;17;6;14;2;0;5;15;0;18;19;5;5;13;4;5;3;1;10;7;3.4553673926626254;4;5;2;6;3;3;0;1;16;9;6;25;1;4;3;4;0;24;8;1;4;6;3;8;0;19;4;6;10;2;6;2;2;1;2;5;2;0;12;10;4;14;4;1;1;8;14;4;11;4;1;6;0;13;24;6;0;17;11;0;1;6;6;2;22;-8.760219911542713;19;6;3;0;13;10;4;3;2;4;24;3;18;2;2;0;4;14;4;4;6;24;4;1;6;2;22;0.07086803024715693;21;4.353482196039044;5;1;24;21;-2.652947581004392;6;4;3;1;1;17;13;4;8;5;6;0;6;2;4;3;5;25;4;1;1;24;20;-4.146579591004465;4;9;4;5;1;1;4;14;1;8;24;1;4;14;1;8;24
TRACK:298;65;64;0;2;2;6;1;1;3;3;2;0;20;-9.142174341288118;23;-5.476607099667321;4;21;-7.989868346972402;6;6;3;5;13;1;0;0;3;5;14;4;6;21;-2.469235086385175;2;6;4;12;6;1;14;10;2;1;0;2;15;17;6;24;0;9;9;0;3;2;16;15;2;3;13;3;25;2;0;3;0;5;2;0;12;8;4;25;1;4;4;12;2;4;12;5;8;4;5;6;1;0;21;-6.6669315195832395;24;1;21;3.9432670073111042;14;4;2;1;2;3;17;6;14;2;0;5;15;0;18;19;5;5;13;4;5;3;1;10;7;3.4956836486648726;4;5;2;6;3;3;0;1;16;9;6;25;1;4;3;4;0;24;8;1;4;6;3;8;0;19;4;6;10;2;6;2;2;1;2;5;2;0;12;10;4;14;4;1;1;8;14;4;11;4;1;6;0;13;24;6;0;17;11;0;1;6;6;2;22;-8.818565801060581;19;6;3;0;13;10;4;3;2;4;24;3;18;2;2;0;4;14;4;4;6;24;4;1;6;2;22;-0.04820561264654773;21;4.244991454438717;5;1;24;21;-2.7605602495770816;6;4;3;1;1;17;13;4;8;5;6;0;6;18;4;5;1;1;4;14;1;8;24;3;6;12
TRACK:299;65;64;0;2;2;6;1;1;3;3;2;0;20;-9.033943956298035;23;-5.186964993223363;4;21;-8.121159605703136;6;6;3;5;13;1;0;0;3;5;14;4;6;21;-2.4216860034594765;2;6;4;12;6;1;14;10;3;2;0;3;11;0;15;19;3;5;15;2;0;3;0;5;2;0;12;8;4;17;1;4;4;12;2;4;12;5;8;4;5;6;1;0;21;-6.778398276730623;24;1;21;3.821357918908527;14;4;2;1;2;3;17;6;14;2;0;5;15;0;18;19;5;5;13;4;5;3;1;10;7;3.608355822091067;4;5;2;6;3;3;0;1;16;9;6;25;1;4;3;4;0;24;8;1;4;6;6;12;0;4;6;19;4;6;10;2;6;2;2;1;2;5;2;0;12;10;4;14;4;1;1;8;14;4;11;4;1;6;0;13;24;6;0;17;11;0;1;6;6;2;22;-9.000783179277484;19;6;3;0;13;10;4;3;2;4;24;3;18;2;2;0;4;14;4;4;6;9;4;1;6;2;22;-0.3793350146320372;21;4.448191584247402;5;1;24;21;-2.4714329946154354;6;4;3;1;1;17;13;4;8;5;6;0;6;2;4;3;5;25;4;1;1;24;20;-4.190061808060987;4;9;4;5;1;1;4;14;1;8;24;3;6;12
TRACK:300;85;-1;0;2;2;6;1;1;3;4;14;6;6;3;5;13;1;0;0;3;5;14;4;6;21;-2.2724448617335415;2;6;4;12;6;1;14;10;3;2;0;3;11;0;15;19;3;5;15;2;0;3;0;5;2;0;17;8;4;17;1;4;4;12;2;4;12;5;8;4;5;6;1;0;21;-6.665088939439108;24;1;21;3.7920726407279943;14;4;2;1;2;3;17;6;14;2;0;5;15;0;18;19;5;5;13;4;5;3;1;10;7;3.8157645158134694;4;5;2;6;3;3;0;1;16;9;6;25;1;4;3;4;0;24;8;1;4;6;6;12;0;4;6;19;4;6;10;2;6;2;2;1;2;5;2;0;12;10;4;21;6.933742721085057;4;1;1;8;14;4;11;4;1;6;0;13;24;6;0;17;11;0;1;6;6;2;22;-8.884494862665745;19;6;3;0;13;10;4;3;2;4;24;3;18;2;2;0;4;14;4;4;6;24;4;1;6;2;22;-0.3210376754766902;21;4.426888546889457;5;1;24;21;-2.4782212774043657;6;4;3;1;1;17;13;4;8;5;6;0;6;2;4;3;5;25;4;1;1;24;20;-4.032960441109078;4;9;4;5;1;1;4;14;1;8;24;3;6;12
TRACK:301;28;-1;0;2;2;6;1;1;3;3;2;0;20;-9.077388520866501;23;-5.310481987536925;4;21;-8.15328484825103;6;6;3;5;13;1;0;0;3;5;14;4;6;21;-2.5056788512060577;2;6;4;11;6;1;14;10;2;1;0;2;15;17;6;24;6;2;10;24;0;3;2;16;15;2;3;13;3;25;2;0;3;0;5;2;0;12;8;4;17;1;4;4;12;2;4;12;5;8;4;5;6;1;0;21;-6.794669692011367;24;1;21;3.9876635240752347;14;4;2;1;2;3;17;6;14;2;0;5;15;0;18;19;5;5;13;4;5;3;1;10;7;3.8302440210068136;4;5;2;6;3;3;0;1;16;9;6;25;1;4;3;4;0;24;8;1;4;6;3;8;0;4;6;19;4;6;10;2;6;2;2;1;2;5;2;0;12;10;4;14;4;1;1;8;14;4;11;4;1;6;0;13;24;6;0;17;11;0;1;6;6;2;22;-8.814647927485469;19;6;3;0;13;10;4;3;2;4;24;3;18;2;2;0;4;14;4;4;6;24;4;1;6;2;22;-0.1470608962133362;21;4.472073265349336;5;1;24;21;-2.5956626814469863;6;4;3;1;1;17;13;4;8;5;6;0;6;2;4;3;5;25;4;1;1;24;20;-4.3904064780197745;4;9;4;5;1;1;4;14;1;8;24;3;6;12
TRACK:302;294;-1;0;2;2;6;1;1;3;3;2;0;20;-9.242692009731089;23;-5.113635834743892;4;21;-7.7334501682670975;6;6;3;5;13;1;0;0;3;5;14;4;6;21;-2.47786564384334;2;6;4;12;6;1;14;10;2;1;0;2;15;17;6;24;6;19;0;3;2;16;15;2;3;13;3;25;2;0;3;0;5;2;3;12;1;23;-8.819764619059653;7;0.9142532767867744;1;4;4;12;2;4;12;5;8;4;5;6;1;0;21;-6.872389520760783;24;1;21;3.9153524460731504;14;4;2;1;2;3;17;6;14;13;4;5;3;1;10;7;3.4608385978537353;4;5;2;6;3;3;0;1;16;9;6;25;1;4;3;4;0;24;8;1;4;6;3;8;0;4;6;19;4;6;10;2;6;2;2;1;2;5;2;0;12;10;4;14;4;1;1;8;14;4;11;4;1;6;0;13;24;6;0;17;11;0;1;6;6;2;22;-9.046870305105744;19;6;3;0;13;10;4;3;2;4;24;3;18;2;2;0;4;19;4;4;6;24;4;1;6;2;22;-0.2741537367523058;21;3.927347214509711;5;1;24;21;-2.445732408568554;6;4;3;1;1;17;13;4;8;5;6;0;6;2;4;3;5;25;4;1;1;24;20;-4.531621348065321;4;9;2;3;14;0;24;21;1.9203248774581372
TRACK:303;296;-1;0;2;2;6;1;1;3;3;2;0;20;-9.38130273666968;23;-5.127347373341822;4;21;-7.657815222445594;6;6;3;5;13;1;0;0;3;5;14;4;6;21;-2.502633983414734;2;6;4;12;6;1;14;10;2;1;0;2;15;17;6;24;6;19;0;3;2;16;15;2;3;13;3;25;2;0;3;0;5;2;3;12;1;23;-8.626556454189286;7;0.9649328720012118;1;4;4;12;2;4;12;5;8;4;5;6;1;0;14;24;1;21;4.118715984143607;14;4;2;1;2;3;17;6;14;13;4;5;3;1;10;7;3.548037219115687;4;5;2;6;3;3;0;1;16;9;6;25;1;4;3;4;0;24;8;1;4;6;3;8;0;4;6;19;4;6;10;2;6;2;2;1;2;5;2;0;12;10;4;14;4;1;1;8;14;4;11;4;1;6;0;13;24;6;0;17;11;0;2;19;16;4;3;2;4;24;3;18;2;2;0;4;14;4;4;6;24;4;1;6;2;22;-0.3981524239533175;21;3.9639250207462102;5;1;24;21;-2.396592996867027;6;4;3;1;1;17;13;4;8;5;6;0;6;2;4;3;5;25;4;1;1;24;20;-4.278489474014776;4;9;4;5;1;1;4;14;1;8;24;3;6;12
TRACK:304;298;-1;0;2;2;6;1;1;3;3;2;0;20;-9.10443346798116;23;-5.367398155951701;4;21;-7.969084667985071;6;6;3;5;13;1;0;0;3;5;14;4;6;21;-2.7042787623291846;2;6;4;12;6;1;14;8;2;1;0;2;15;17;6;24;0;9;9;0;3;2;16;15;2;3;13;3;25;2;0;3;0;5;2;0;12;8;4;25;1;4;4;12;2;4;12;5;8;4;5;6;1;0;21;-6.6778805945041535;24;1;21;4.092580742896933;14;4;2;1;2;3;17;6;14;2;0;5;15;0;18;19;5;5;13;4;5;3;1;10;7;3.5895944057214972;4;5;2;6;3;3;0;1;16;9;6;25;1;4;3;4;0;24;8;1;4;6;3;8;0;19;4;6;10;2;6;2;2;1;2;5;2;0;12;10;4;14;4;1;1;8;14;4;11;4;1;6;0;13;24;6;0;17;11;0;1;6;6;2;22;-8.723949107367075;19;6;3;0;13;10;4;3;2;4;24;3;18;2;2;0;4;14;4;4;6;24;4;1;6;2;22;-0.13295414334474492;21;4.059792865913822;5;1;24;21;-2.5184959331368515;6;4;3;1;1;17;13;4;8;5;6;0;6;18;4;5;1;1;4;14;1;8;24;3;6;12
TRACK:305;44;-1;0;2;2;6;1;1;3;3;2;0;20;-9.169184965452455;23;-5.486484529724929;4;21;-8.03954994836821;6;6;3;5;13;1;0;0;3;5;14;4;6;21;-2.5567035010651535;2;6;4;12;6;1;14;10;2;1;0;2;15;17;6;24;6;2;10;24;0;3;2;16;15;2;3;13;3;25;2;0;3;0;5;2;0;12;8;4;25;1;4;4;12;2;4;12;5;8;4;5;6;1;0;21;-6.6732198723396525;24;1;21;3.7974275799741024;14;4;2;1;2;3;17;6;14;2;0;5;15;0;18;19;5;5;13;4;5;3;1;10;7;3.572533564858117;4;5;2;6;3;3;0;1;16;9;6;25;1;4;3;4;0;24;8;1;4;6;3;8;0;19;4;6;10;2;6;2;2;1;2;5;2;0;12;10;4;14;4;1;1;8;14;4;11;4;1;6;0;13;24;6;0;17;11;0;1;6;6;2;22;-8.539742980956971;19;6;3;0;13;10;4;3;2;4;24;3;18;2;2;0;4;14;4;4;6;24;4;1;6;2;22;-0.01658828841149429;21;4.4068737156194455;5;1;24;21;-2.642133384475989;6;4;3;1;1;17;13;4;8;5;6;0;6;2;4;3;5;25;4;1;3;25;6;7;7.125295112842849;4;5;1;1;4;14;1;8;24;3;6;12
TRACK:306;83;-1;0;2;2;6;1;1;3;3;2;0;20;-8.962182700880842;23;-5.598517863509513;4;21;-7.9829838964265605;6;6;3;5;13;1;0;0;3;5;14;4;6;21;-2.238858908016865;2;6;4;12;6;1;14;10;2;1;0;2;15;17;6;24;6;2;10;24;0;3;2;16;15;2;3;13;3;25;2;0;3;0;5;2;0;12;8;4;8;1;4;4;12;2;4;12;5;8;4;5;6;1;0;21;-6.900607657905373;24;1;21;4.340226042269949;14;4;2;1;2;3;17;6;14;2;0;5;15;0;18;19;5;5;13;4;5;3;1;10;7;3.591864433369828;4;5;2;6;3;3;0;1;16;9;6;25;1;4;3;4;0;24;8;1;4;6;3;8;0;19;4;6;10;2;6;2;2;1;2;5;2;0;12;10;4;14;4;1;1;8;14;4;11;4;1;6;0;13;24;6;0;17;11;0;1;6;6;2;22;-8.784325212891666;19;6;3;0;13;10;4;3;2;4;24;3;18;2;2;0;4;14;4;4;6;24;4;1;6;2;22;-0.05015366512672971;21;4.2334263497736915;5;1;24;21;-2.6898165878630222;6;5;0;5;14;5;11;5;6;0;6;2;4;3;5;25;4;1;1;24;20;-4.131344886986402;4;9;4;5;1;1;4;14;1;8;24;3;6;12
TRACK:307;295;-1;0;2;2;6;1;1;3;3;2;4;15;4;21;-8.14715977162664;6;6;3;5;13;1;0;0;3;5;14;4;6;21;-2.336861582079193;2;6;4;12;6;1;14;10;3;2;0;3;11;0;15;19;3;5;15;2;0;3;0;5;2;0;12;8;4;17;1;4;4;12;2;4;12;5;8;4;5;4;9;4;2;1;2;3;17;6;14;2;0;5;15;0;18;19;5;5;13;4;5;3;1;10;7;3.4547889411310932;4;5;2;6;1;1;7;-9.011093078298664;8;5;12;1;4;3;4;0;24;8;1;4;6;6;12;0;4;6;19;4;6;10;2;6;2;2;1;2;5;2;0;12;10;4;14;4;1;1;8;14;4;11;4;1;6;0;13;24;6;0;17;11;0;1;6;6;2;22;-8.927175405153033;19;6;3;0;13;10;4;3;2;4;24;3;18;2;2;0;4;14;4;4;6;24;4;1;6;2;22;-0.006861641865836279;21;4.240626635221675;5;1;24;21;-2.398076470755845;6;4;3;1;1;17;13;4;8;5;6;0;6;2;4;3;5;25;4;1;1;24;20;-4.334726453093552;4;9;4;5;1;1;4;14;1;8;24;3;6;12
TRACK:308;297;-1;0;2;2;6;1;1;3;3;2;0;20;-9.267586997682283;23;-5.372859458680228;4;21;-8.001570806498837;6;6;3;5;13;1;0;0;3;5;14;4;6;21;-2.539565190409839;2;6;4;12;6;1;14;10;2;1;0;2;15;17;6;24;6;2;10;24;0;3;2;16;15;2;3;13;3;25;2;0;3;0;5;2;0;12;8;4;25;1;4;4;12;2;4;12;5;8;4;5;6;1;0;21;-6.763300658521843;24;1;21;4.024155716561486;14;4;2;1;2;3;17;6;14;2;0;5;15;0;18;19;5;5;13;4;5;3;1;10;7;3.4831909263599607;4;5;2;6;3;3;0;1;16;9;6;25;1;4;3;4;0;24;8;1;4;6;3;8;0;19;4;6;10;2;6;2;2;1;2;5;2;0;12;10;4;14;4;1;1;8;14;4;11;4;1;6;0;13;24;6;0;17;11;0;1;6;6;2;22;-8.8613882637974;19;6;3;0;13;10;4;3;2;4;24;3;18;2;0;16;24;6;4;3;1;1;17;13;4;8;5;6;0;6;2;4;3;5;25;4;1;1;24;20;-4.263806905051764;4;9;4;5;1;1;4;14;1;8;24;1;4;14;1;8;24
TRACK:309;299;-1;0;2;2;6;1;1;3;3;2;0;20;-8.971083832963236;23;-5.09370185623977;6;14;6;6;3;5;13;1;0;0;3;5;14;4;6;21;-2.3722857850920676;2;6;4;12;6;1;14;10;3;2;0;3;11;0;15;19;3;5;15;2;0;3;0;5;2;0;12;8;4;17;1;4;4;12;2;4;12;5;8;4;5;6;1;0;21;-6.6137051950841315;24;1;21;3.629720519283731;14;4;2;1;2;3;17;6;14;2;0;5;15;0;18;19;5;5;13;4;5;3;1;10;7;3.620703607346579;4;5;2;6;3;3;0;1;16;9;6;25;1;4;3;4;0;24;8;1;4;6;6;12;0;4;6;19;4;6;10;2;6;2;2;1;2;5;2;0;12;10;4;14;4;1;1;8;14;4;11;4;1;6;0;13;24;6;0;17;11;0;1;6;6;2;22;-8.855606866901226;19;6;3;0;13;10;4;3;2;4;24;3;18;2;2;0;4;14;4;4;6;9;4;1;6;2;22;-0.3659876314660128;21;4.293979176521652;5;1;24;21;-2.4517461735224986;6;4;3;1;1;17;13;4;8;5;6;0;6;2;4;3;5;25;4;1;1;24;20;-4.412298145590065;4;9;4;5;1;1;4;14;1;8;24;3;6;12
EVAL_INSTANCE:15:0:300
EVAL_INSTANCE:15:1:301
EVAL_INSTANCE:15:2:302
EVAL_INSTANCE:15:3:303
EVAL_INSTANCE:15:4:304
EVAL_INSTANCE:15:5:305
EVAL_INSTANCE:15:6:306
EVAL_INSTANCE:15:7:307
EVAL_INSTANCE:15:8:308
EVAL_INSTANCE:15:9:309
RUN_RESULT:15:0:0:175:DDDDLRURURULDLUDLDLURRURRUUULLLLLL
RUN_RESULT:15:1:0:175:DDDDLRURURULDLUDLDLURRURRUUULLLLLL
RUN_RESULT:15:2:0:2000:----
RUN_RESULT:15:3:0:2000:----
RUN_RESULT:15:4:0:175:DDDDLRURURULDLUDLDLURRURRUUULLLLLL
RUN_RESULT:15:5:0:175:DDDDLRURURULDLUDLDLURRURRUUULLLLLL
RUN_RESULT:15:6:0:175:DDDDLRURURULDLUDLDLURRURRUUULLLLLL
RUN_RESULT:15:7:0:315:DDDDLRURURULDLUDLDLURRURRUUULLLLLL
RUN_RESULT:15:8:0:2000:----
RUN_RESULT:15:9:0:2000:----
    16 |      160 | -3.825000E+03 | -3.825000E+03
TRACK:310;28;64;0;2;2;6;1;1;3;3;2;0;20;-9.189321075933545;23;-5.25724258769798;4;21;-8.073949376302828;6;6;3;5;13;1;0;0;3;5;14;4;6;21;-2.5655216568432837;2;6;4;12;6;1;14;10;2;1;0;2;15;17;6;24;6;2;10;24;0;3;2;16;15;2;3;13;3;25;2;0;3;0;5;2;0;12;8;4;17;1;4;4;12;2;4;12;5;8;4;5;6;1;0;21;-6.876253819295027;24;1;21;3.9482990119476673;14;4;2;1;2;3;17;6;14;2;0;5;15;0;18;19;5;5;13;4;5;3;1;10;7;3.586909131528662;4;5;2;6;3;3;0;1;16;9;6;25;1;4;3;4;0;24;8;1;4;6;3;8;0;4;6;19;4;6;10;2;6;2;2;1;2;1;1;4;14;1;8;24;3;6;12;4;1;1;8;14;4;11;4;1;6;0;13;24;6;0;17;11;0;1;6;6;2;22;-8.862698691067756;19;6;3;0;13;10;4;3;2;4;24;3;18;2;2;0;4;14;4;4;6;24;4;1;6;2;22;-0.1952685923132209;21;4.372864502508431;5;1;24;21;-2.4938990947175395;6;4;3;1;1;17;13;4;8;5;6;0;6;2;4;3;5;25;4;1;1;24;20;-4.281222223392238;4;9;4;5;1;1;4;14;1;8;24;3;6;12
TRACK:311;28;64;0;2;2;6;1;1;3;3;2;0;20;-9.033943956298035;23;-5.186964993223363;4;21;-8.121159605703136;6;6;3;5;13;1;0;0;3;5;8;4;6;21;-2.4216860034594765;2;6;4;12;6;1;14;10;3;2;0;3;11;0;15;19;3;5;15;2;0;3;0;5;2;0;12;8;4;17;1;4;4;12;2;4;12;5;8;4;5;6;1;0;21;-6.778398276730623;24;1;21;3.821357918908527;14;4;2;1;2;3;17;6;14;2;0;5;15;0;18;19;5;5;13;4;5;3;1;10;7;3.608355822091067;4;5;2;6;3;3;0;1;16;9;6;25;1;4;3;4;0;24;8;1;4;6;6;12;0;4;6;19;4;6;10;2;6;2;2;1;2;5;2;0;12;10;4;14;4;1;1;8;14;4;11;4;1;6;0;13;24;6;0;17;11;0;1;6;6;2;22;-9.000783179277484;19;6;3;0;13;10;4;3;2;4;24;3;18;2;2;0;4;14;4;4;6;24;4;1;6;2;22;-0.3793350146320372;21;4.448191584247402;5;1;24;21;-2.4714329946154354;6;4;3;1;1;17;13;4;8;5;6;0;6;2;4;3;5;25;4;1;1;24;20;-4.190061808060987;4;9;4;5;1;1;4;14;1;8;24;3;6;12
TRACK:312;60;44;0;2;2;6;1;1;3;3;2;0;20;-9.192258696042499;23;-5.258280250042499;4;21;-7.93427093830071;6;6;3;5;13;1;0;0;3;5;14;4;6;21;-2.5500717300020197;2;6;4;12;6;1;14;10;2;1;0;2;15;17;6;24;6;2;10;24;0;3;2;16;15;2;3;13;3;25;2;0;3;0;5;2;3;12;1;23;-8.907562571560689;7;1.0537153632971368;1;4;4;12;2;4;12;5;8;4;5;6;1;0;21;-6.906578412026499;24;1;21;4.037530857715165;14;4;2;1;2;3;17;6;14;13;4;5;3;1;10;7;3.478674435023467;4;5;2;6;3;3;0;1;16;9;6;25;1;4;3;4;0;24;8;1;4;6;3;8;0;4;6;19;4;6;10;2;6;2;2;1;2;5;2;0;12;10;4;14;4;1;1;8;14;4;11;4;1;6;0;13;24;6;0;17;11;0;1;6;6;2;22;-8.884185887258926;19;6;3;0;13;10;4;3;2;4;24;3;18;2;2;0;4;14;4;4;6;24;4;1;6;2;22;-0.19323754847240257;21;4.224876219872504;5;1;24;21;-2.497546817061575;6;4;3;1;1;17;13;4;8;5;6;0;6;2;4;3;5;25;4;1;1;24;20;-4.410736272929883;4;9;4;5;2;15;17
TRACK:313;60;44;0;2;2;6;1;1;3;3;2;0;20;-9.12096739450493;23;-5.419109646074577;4;21;-8.03692184319495;6;6;3;5;13;1;0;0;3;5;10;4;6;21;-2.437220589822696;2;6;4;12;6;1;14;10;2;1;0;2;15;17;6;24;6;2;10;24;0;3;2;16;15;2;3;13;3;25;2;0;3;0;5;2;0;12;8;4;25;1;4;4;12;2;4;12;5;8;4;5;6;1;0;21;-6.7854491109025465;24;1;21;4.049489369914762;14;4;2;1;2;3;17;6;14;2;0;5;15;0;18;19;5;5;13;4;5;3;1;10;7;3.4553673926626254;4;5;2;6;3;3;0;1;16;9;6;25;1;4;3;4;0;24;8;1;4;6;3;8;0;19;4;6;10;2;6;2;2;1;2;5;2;0;12;10;4;14;4;1;1;8;14;4;11;4;1;6;0;13;24;6;0;17;11;0;1;6;6;2;22;-8.760219911542713;19;6;3;0;13;10;4;3;2;4;24;3;18;2;2;0;4;14;4;4;6;24;4;1;6;2;22;0.07086803024715693;21;4.353482196039044;5;1;24;21;-2.652947581004392;6;4;3;1;1;17;13;4;8;5;6;0;6;2;4;3;5;25;4;1;1;24;20;-4.146579591004465;4;9;4;5;1;1;4;14;1;8;24;3;6;12
TRACK:314;83;44;0;2;2;6;1;1;3;3;2;0;20;-9.035308762632493;23;-5.427413493509816;4;21;-7.952699503058636;6;6;3;5;13;1;4;3;2;4;24;3;18;2;1;0;2;15;17;6;24;6;2;10;24;0;3;2;16;15;2;3;13;3;25;2;0;3;0;5;2;0;12;8;4;25;1;4;4;12;2;4;12;5;8;4;5;6;1;0;21;-6.8788920607158;24;1;21;4.266946021695314;14;4;2;1;2;3;17;6;14;2;0;5;15;0;18;19;5;5;13;4;5;3;1;10;7;3.4050155552096646;4;5;2;6;3;3;0;1;16;9;6;25;1;4;3;4;0;24;8;1;4;6;3;8;0;19;4;6;10;2;6;2;2;1;2;5;2;0;12;10;4;14;4;1;1;8;14;4;11;4;1;6;0;13;24;6;0;17;11;0;1;6;6;2;22;-8.775710421224495;19;6;3;0;13;10;4;3;2;4;24;3;18;2;2;0;4;14;4;4;6;24;4;1;6;2;22;0.08744444515135884;21;4.285345255924887;5;1;24;21;-2.61287752630878;6;5;0;5;14;5;11;5;6;0;6;2;4;3;5;25;4;1;1;24;20;-4.199725311269456;4;9;4;5;1;1;4;14;1;8;24;3;6;12
TRACK:315;83;44;0;2;2;6;1;1;3;3;2;0;20;-9.12096739450493;23;-5.419109646074577;4;21;-8.03692184319495;6;6;3;5;13;1;0;0;3;5;14;4;6;21;-2.437220589822696;2;6;4;12;6;2;10;24;2;1;0;2;15;17;6;24;6;2;10;24;0;3;2;16;15;2;3;13;3;25;2;0;3;0;5;2;0;12;8;4;25;1;4;4;12;2;4;12;5;8;4;5;6;1;0;21;-6.7854491109025465;24;1;21;4.049489369914762;14;4;2;1;2;3;17;6;14;2;0;5;15;0;18;19;5;5;13;4;5;3;1;10;7;3.4553673926626254;4;5;2;6;3;3;0;1;16;9;6;25;1;4;3;4;0;24;8;1;4;6;3;8;0;19;4;6;10;2;6;2;2;1;2;5;2;0;12;10;4;14;4;1;1;8;14;4;11;4;1;6;0;13;24;6;0;17;11;0;1;6;6;2;22;-8.760219911542713;19;6;3;0;13;10;4;3;2;4;24;3;18;2;2;0;4;14;4;4;6;24;4;1;6;2;22;0.07086803024715693;21;4.353482196039044;5;1;24;21;-2.652947581004392;6;4;3;1;1;17;13;4;8;5;6;0;6;2;4;3;5;25;4;1;1;24;20;-4.146579591004465;4;9;4;5;1;1;4;14;1;8;24;3;6;12
TRACK:316;60;84;0;2;2;6;1;1;3;3;2;0;20;-9.192258696042499;23;-5.258280250042499;4;21;-7.93427093830071;6;6;3;5;13;1;0;0;3;5;14;4;6;21;-2.5500717300020197;2;6;4;12;6;1;14;10;2;1;0;2;15;17;6;24;6;2;10;24;0;3;2;16;15;2;3;13;3;25;2;0;3;0;5;2;3;12;1;23;-8.907562571560689;7;1.0537153632971368;1;4;4;12;2;4;12;5;8;4;5;6;1;0;21;-6.906578412026499;24;1;21;4.037530857715165;14;4;2;1;2;3;17;6;14;13;4;5;3;1;10;7;3.478674435023467;4;5;2;6;3;3;0;1;16;9;6;25;1;4;3;4;0;24;8;1;4;6;12;0;4;6;19;4;6;10;2;6;2;2;1;2;5;2;0;12;10;4;14;4;1;1;8;14;4;11;4;1;6;0;13;24;6;0;17;11;0;1;6;6;2;22;-8.884185887258926;19;6;3;0;13;10;4;3;2;4;24;3;18;2;2;0;4;14;4;4;6;24;4;1;6;2;22;-0.19323754847240257;21;4.224876219872504;5;1;24;21;-2.497546817061575;6;4;3;1;1;17;13;4;8;5;6;0;6;2;4;3;5;25;4;1;1;24;20;-4.410736272929883;4;9;4;5;1;1;4;14;1;8;24;3;6;12
TRACK:317;60;84;0;2;2;6;1;1;3;3;2;4;15;4;21;-8.198283303152134;1;1;8;14;4;11;1;0;0;3;5;14;4;6;21;-2.3548988640673376;2;6;4;12;6;1;14;10;3;2;0;3;11;0;15;19;3;5;15;2;0;3;0;5;2;0;12;8;4;17;1;4;4;12;2;4;12;5;8;4;5;4;9;4;2;1;2;3;17;6;14;2;0;5;15;0;18;19;5;5;13;4;5;3;1;10;7;3.655109646547113;4;5;2;6;3;3;0;1;16;9;6;25;1;4;3;4;0;24;8;1;4;6;6;12;0;4;6;19;4;6;10;2;6;2;2;1;2;5;2;0;12;10;4;14;4;1;1;8;14;4;11;4;1;6;0;13;24;6;0;17;11;0;1;6;6;2;22;-8.814079797688489;19;6;3;0;13;10;4;3;2;4;24;3;18;2;2;0;4;14;4;4;6;24;4;1;6;2;22;-0.10410059793716492;21;4.413927649955681;5;1;24;21;-2.4232739931296137;6;4;3;1;1;17;13;4;8;5;6;0;6;2;4;3;5;25;4;1;1;24;20;-3.96847849742979;4;9;4;5;1;1;4;14;1;8;24;3;6;12
TRACK:318;88;64;0;2;2;6;1;1;3;3;2;0;20;-9.378368103468253;23;-5.1800655086892275;4;21;-7.724444283222472;6;6;3;5;13;1;0;0;3;5;14;4;6;21;-2.425562578562194;2;6;4;12;6;1;14;10;2;1;0;2;15;17;6;24;6;19;0;3;2;16;15;2;3;13;3;25;2;0;3;0;5;2;3;12;1;23;-8.790750727341143;7;0.960337777295352;1;4;4;12;2;4;12;5;8;4;5;6;1;0;21;-6.925171044840573;24;1;21;4.094563455063977;14;4;2;1;2;3;17;6;14;13;4;5;3;1;10;7;3.5282408898028312;4;5;2;6;3;3;0;1;16;9;6;25;1;4;3;4;0;24;8;1;4;6;3;8;0;4;6;19;4;6;13;2;6;2;2;1;2;5;2;0;12;10;4;14;4;1;1;8;14;4;11;4;1;6;0;13;24;6;0;17;11;0;1;6;6;2;22;-8.909213420020492;19;6;3;0;13;10;4;3;2;4;24;3;18;2;2;0;4;14;4;4;6;24;4;1;6;2;22;-0.17825308290609687;21;4.053981302340231;5;1;24;21;-2.544544060733273;6;4;3;1;1;17;13;4;8;5;6;0;6;2;4;3;5;25;4;1;1;24;20;-4.491420846728605;4;9;4;5;1;1;4;14;1;8;24;3;6;12
TRACK:319;88;64;0;2;2;6;1;1;3;3;2;0;20;-9.033943956298035;23;-5.186964993223363;4;21;-8.121159605703136;6;6;3;5;13;1;0;0;3;5;14;4;6;21;-2.4216860034594765;2;6;4;12;6;1;14;10;3;2;0;3;11;0;15;19;3;5;15;2;0;3;0;5;2;0;12;8;4;17;1;4;4;12;2;4;12;5;8;4;5;6;1;0;21;-6.778398276730623;24;1;21;3.821357918908527;14;4;2;1;2;3;17;6;14;2;0;5;15;0;18;19;5;5;13;4;5;3;1;10;7;3.608355822091067;4;5;2;6;3;3;0;6;21;-2.425562578562194;6;25;1;4;3;4;0;24;8;1;4;6;6;12;0;4;6;19;4;6;10;2;6;2;2;1;2;5;2;0;12;10;4;14;4;1;1;8;14;4;11;4;1;6;0;13;24;6;0;17;11;0;1;6;6;2;22;-9.000783179277484;19;6;3;0;13;10;4;3;2;4;24;3;18;2;2;0;4;14;4;4;6;24;4;1;6;2;22;-0.3793350146320372;21;4.448191584247402;5;1;24;21;-2.4714329946154354;6;4;3;1;1;17;13;4;8;5;6;0;6;2;4;3;5;25;4;1;1;24;20;-4.190061808060987;4;9;4;5;1;1;4;14;1;8;24;3;6;12
TRACK:320;310;-1;0;2;2;6;1;1;3;3;2;0;20;-9.285517710696157;23;-5.32010965528404;4;21;-8.063069440477431;6;6;3;5;13;1;0;0;3;5;14;4;6;21;-2.531822108029749;2;6;4;12;6;1;14;10;2;1;0;2;15;17;6;24;6;2;10;24;0;3;2;16;15;2;3;13;3;25;2;0;3;0;5;2;0;12;8;4;17;1;4;4;12;2;4;12;5;8;4;5;6;1;0;21;-6.887535906040313;24;1;21;3.975241111307492;14;4;2;1;2;3;17;6;14;2;0;5;15;0;18;19;5;5;13;4;5;3;1;10;7;3.6297406785858937;4;5;2;6;3;3;0;1;16;9;6;25;1;4;3;4;0;24;8;1;4;6;3;8;0;4;1;19;9;4;6;10;2;6;2;2;1;2;1;1;4;14;1;8;24;3;6;12;4;1;1;8;14;4;11;4;1;6;0;13;24;6;0;17;11;0;1;6;6;2;22;-8.617575426973707;19;6;3;0;13;10;4;3;2;4;24;3;18;2;2;0;4;14;4;4;6;24;4;1;6;2;22;-0.150988946864067;21;4.324965172501272;5;1;24;21;-2.4917688226476242;6;4;3;1;1;17;13;4;8;5;6;0;6;2;4;3;5;25;4;1;1;24;20;-4.470018397409376;4;9;4;5;1;1;4;14;1;8;24;3;6;12
TRACK:321;312;-1;0;2;2;6;1;1;3;3;2;0;20;-9.247966049958132;23;-5.242494325812919;4;21;-8.048979145620597;6;6;3;5;13;1;0;0;3;5;14;4;6;21;-2.4423295956122173;2;6;4;12;6;1;14;10;2;1;0;2;15;17;6;24;6;2;10;24;0;3;2;16;15;2;3;13;3;25;2;0;3;0;5;2;3;12;1;23;-8.951566850410675;7;1.0011963874542826;1;4;4;12;2;4;12;5;8;4;5;6;1;0;21;-6.805139575197574;24;1;21;4.068377066371664;14;4;2;1;2;3;17;6;14;13;4;5;3;1;10;7;3.2526860061773686;4;5;2;6;3;3;0;1;16;9;6;25;1;4;3;4;0;24;8;1;4;6;3;11;0;4;6;19;4;6;10;2;6;2;2;1;2;5;2;0;12;10;4;14;4;1;1;8;14;4;11;4;1;6;0;13;24;6;0;17;11;0;1;6;6;2;22;-8.679109809807384;19;6;3;0;13;10;4;3;2;4;24;3;18;2;2;0;4;14;4;4;6;24;4;1;6;2;22;-0.05617588015610431;21;4.295505570157041;5;1;24;21;-2.432023447129607;6;4;3;1;1;17;13;4;8;5;6;0;6;2;4;3;5;25;4;1;1;24;20;-4.4113036335318405;4;9;4;5;2;15;17
TRACK:322;314;-1;0;2;2;6;1;1;3;3;2;0;20;-8.861470823333164;23;-5.396300488716852;4;21;-7.951435379817388;6;6;3;5;13;1;4;3;2;4;24;3;18;2;1;0;2;15;17;6;24;6;2;10;24;0;3;2;16;15;2;3;13;3;25;2;0;3;0;5;2;0;12;8;4;25;1;4;4;12;2;4;12;5;8;4;5;6;1;0;21;-6.8937913296875895;24;1;21;4.200998365625916;14;4;2;1;2;3;17;6;14;2;0;5;15;0;18;19;5;5;13;4;5;3;1;10;7;3.3422412103664088;4;5;2;6;3;3;0;1;16;9;6;25;1;4;3;4;0;24;8;1;4;6;3;8;0;19;4;6;10;2;6;2;2;1;2;5;2;0;12;10;4;14;4;1;1;8;14;4;11;4;1;6;0;13;24;6;0;17;11;0;1;6;6;2;22;-8.835306719053342;19;6;3;0;13;10;4;3;2;4;24;3;18;2;2;0;0;6;0;16;22;-6.577950596891007;6;5;23;-6.256365471926902;4;4;6;24;4;1;6;2;22;0.1340058486182094;21;4.270139758566127;5;1;24;21;-2.761670645535474;6;5;0;5;14;5;11;5;6;0;6;2;4;3;5;25;4;1;1;24;20;-4.394496108298712;4;9;4;5;1;1;4;14;1;8;24;3;6;12
TRACK:323;316;-1;0;2;2;6;1;1;3;3;2;0;20;-9.273880105262263;23;-5.37527196714119;4;21;-8.05064604832152;6;6;3;5;13;1;0;0;3;5;14;4;6;21;-2.514394310837107;2;6;4;12;6;1;14;10;2;1;0;2;15;17;6;24;6;2;10;24;0;3;2;16;15;2;3;13;3;25;2;0;3;0;5;2;3;12;1;23;-8.86482147343057;7;0.9209282670784248;1;4;4;12;2;4;12;5;8;4;5;6;1;0;21;-6.927868357612702;24;1;21;4.174365754544389;14;4;2;1;2;3;17;6;14;13;4;5;3;1;10;7;3.4306621001946085;4;5;2;6;3;3;0;1;16;9;6;25;1;4;3;4;0;24;8;1;4;6;12;0;4;6;19;4;6;10;2;6;2;2;1;2;5;2;0;12;10;4;14;4;1;1;8;14;4;11;4;1;6;0;13;24;6;0;17;11;3;2;2;15;18;4;21;1.6565612734109187;2;2;0;4;14;4;4;6;24;4;1;6;2;22;-0.29541110236239565;21;4.218652745515782;5;1;24;21;-2.6709048859674303;6;4;3;1;1;17;13;4;8;5;6;0;6;2;4;3;5;25;4;1;1;24;20;-4.5159480179878;4;9;4;5;1;1;4;14;1;8;24;3;6;12
TRACK:324;318;-1;0;2;2;6;1;1;3;3;2;0;20;-9.39713498011368;23;-5.265242272630097;4;21;-7.66068276353727;6;6;3;5;13;1;0;0;3;5;14;4;6;21;-2.3885126506290573;2;6;4;12;6;1;14;10;2;1;0;2;15;17;6;24;6;19;0;3;2;16;15;2;3;13;3;25;2;0;3;0;5;2;3;12;1;23;-8.847017179133262;7;0.9722359682894116;1;4;4;12;2;4;12;5;8;4;5;6;1;0;21;-6.674581863839841;24;1;21;4.059308346005294;14;4;2;1;2;3;6;7;9.094694363064264;6;14;13;4;5;3;1;10;7;3.315860785995094;4;5;2;6;3;3;0;1;16;9;6;25;1;4;3;4;0;24;8;1;4;6;3;8;0;4;6;19;4;6;13;2;6;2;2;1;2;5;2;0;12;10;4;14;4;1;1;8;14;4;11;4;1;6;0;13;24;6;0;17;11;0;1;6;6;2;22;-8.69937613568396;19;6;3;0;13;10;4;3;2;4;24;3;18;2;2;0;4;14;4;4;6;24;4;1;6;2;22;-0.3440202226568593;21;3.9666791112215556;5;1;24;21;-2.684419079217754;6;4;3;1;1;17;13;4;8;5;6;0;6;2;4;3;5;25;4;1;1;24;20;-4.680345174866033;4;9;4;5;1;1;4;14;1;8;24;3;6;12
TRACK:325;311;-1;0;2;2;6;1;1;3;3;2;0;20;-8.928124764868748;23;-5.26382927603172;4;21;-8.112396121411802;6;6;3;5;13;1;0;0;3;5;8;4;6;21;-2.3019638107144798;2;6;4;12;6;1;14;10;3;2;0;3;11;0;15;19;3;5;15;2;0;3;0;5;2;0;12;8;4;17;1;4;4;12;2;4;12;5;8;4;5;6;1;0;21;-6.777049588915147;24;1;21;3.7152259998182733;14;4;2;1;2;3;17;6;14;2;0;5;15;0;18;19;5;5;13;4;5;3;1;10;7;3.6321527511547207;4;5;2;6;3;3;0;1;16;9;6;25;1;4;3;4;0;24;8;1;4;6;6;12;0;4;6;19;4;6;10;2;6;2;2;1;2;5;2;0;12;10;4;14;4;1;1;8;14;4;11;4;1;6;0;13;24;6;0;17;11;0;1;6;6;2;22;-8.84736535526658;19;6;3;0;13;10;4;3;2;4;24;3;18;2;2;0;4;14;4;4;6;24;4;1;6;2;22;-0.47356995817278086;21;-9.496511392845457;5;1;24;21;-2.374400656332406;6;4;3;1;1;17;13;4;8;5;6;0;6;2;4;3;5;25;4;1;1;24;20;-4.32704685606791;4;9;4;5;1;1;4;14;1;8;24;3;6;12
TRACK:326;313;-1;0;2;2;6;1;1;3;3;2;0;20;-9.242252262548092;23;-5.636471673209575;4;21;-8.112704197747819;6;6;3;5;23;9.25027915356824;1;0;0;3;5;10;4;6;21;-2.4125658548730518;2;6;4;12;6;1;14;10;2;1;0;2;15;17;6;24;6;2;10;24;0;3;2;16;15;2;3;13;3;25;2;0;3;0;5;2;0;12;8;4;25;1;4;4;12;2;4;12;5;8;4;5;6;1;0;21;-6.837620476818358;24;1;21;4.210205593964645;14;4;2;1;2;3;17;6;14;2;0;5;15;0;18;19;5;5;13;4;5;3;1;10;7;3.3847914192045585;4;5;2;6;3;3;0;1;16;9;6;25;1;4;3;4;0;24;8;1;4;6;3;8;0;19;4;6;10;2;6;2;2;1;2;5;2;0;12;10;4;14;4;1;1;8;14;4;11;4;1;6;0;13;24;6;0;17;11;0;1;6;6;2;22;-8.785611018794604;19;6;3;0;13;10;4;3;2;4;24;3;18;2;2;0;4;14;4;4;6;24;4;1;6;2;22;0.0003065807138943749;21;4.342021470211846;5;1;24;21;-2.8266175662114907;6;4;3;1;1;17;13;4;8;5;6;0;6;2;4;3;5;25;4;1;1;24;20;-4.0926478348272815;4;9;4;5;1;1;4;14;1;8;24;3;6;12
TRACK:327;315;-1;0;2;2;6;1;1;3;3;2;0;20;-9.09417914333649;23;-5.399566002533612;4;21;-8.013605846068728;6;6;3;5;13;1;0;0;3;5;14;4;6;21;-2.3322894413579216;2;6;4;12;6;2;10;24;2;1;0;2;15;17;6;24;6;2;10;24;3;12;2;0;3;0;5;2;0;12;8;4;25;1;4;4;12;2;4;12;5;8;4;5;6;1;0;21;-6.975475882914972;24;1;21;3.839645388102675;14;4;2;1;2;3;17;6;14;2;0;5;15;0;18;19;5;5;13;4;5;3;1;10;7;3.4236362527225905;4;5;2;6;3;3;0;1;16;9;6;25;1;4;3;4;0;24;8;1;4;6;3;8;0;19;4;6;10;2;6;2;2;1;2;5;2;0;12;10;4;14;4;1;1;8;14;4;11;4;1;6;0;13;24;6;0;17;11;0;1;6;6;2;22;-8.789262530267722;19;6;3;0;13;10;4;3;2;4;24;3;18;2;2;0;4;14;4;4;6;24;4;1;6;2;22;0.06283952467749675;21;4.284758212778454;5;1;24;21;-2.6508974250713337;6;4;3;1;1;17;13;4;8;5;6;0;6;2;4;3;5;25;4;1;1;24;20;-4.1701433728816575;4;9;4;5;1;1;4;14;1;8;24;3;6;12
TRACK:328;317;-1;0;2;2;6;1;1;3;3;2;4;15;4;21;-8.200426292625574;1;1;8;14;4;11;1;0;0;3;5;14;4;6;21;-2.275024995108063;2;6;4;12;6;1;14;10;3;2;0;3;11;0;15;19;3;5;15;2;0;3;0;5;2;0;12;8;4;17;1;4;4;12;2;4;12;5;8;4;5;4;9;4;2;3;2;1;0;8;15;0;25;19;1;3;19;3;16;4;5;3;1;10;7;3.6374145136611697;4;5;2;6;3;3;0;1;16;9;6;25;1;4;3;4;0;24;8;1;4;6;6;12;0;4;6;19;4;6;10;2;6;2;2;1;2;5;2;0;12;10;4;14;4;1;1;8;14;4;11;4;1;6;0;13;24;6;0;17;11;0;1;6;6;2;22;-8.761845794611133;19;6;3;0;13;10;4;3;2;4;24;3;18;2;2;0;4;14;4;4;6;24;4;1;6;2;22;-0.04109598345609018;21;4.385941153745953;5;1;24;21;-2.4388554068379746;6;4;3;1;1;17;13;4;8;5;6;0;6;2;4;3;5;25;4;1;1;24;20;-4.110383558977695;4;9;4;5;1;1;4;14;1;8;24;3;6;12
TRACK:329;319;-1;0;2;2;6;1;1;3;3;2;0;20;-8.9874004287707;23;-5.216110358242187;4;21;-7.995387818768702;6;6;3;5;13;1;0;0;3;5;14;4;6;21;-2.3288644127659133;2;6;4;12;6;1;14;10;3;2;0;3;11;0;15;19;3;5;15;2;0;3;0;5;2;0;12;8;4;17;1;4;4;12;2;4;12;5;8;4;5;6;1;0;21;-6.887885470620431;24;1;21;3.7293206332876303;14;4;2;1;2;3;17;6;14;2;0;5;15;0;18;19;5;5;13;4;5;3;1;10;7;3.604506593969764;4;5;2;6;3;3;4;22;8.246262990397835;1;4;3;4;0;24;8;1;4;6;6;12;0;4;6;19;4;6;10;2;6;2;2;1;2;5;2;0;12;10;4;14;4;1;1;8;14;4;11;4;1;6;0;13;24;6;0;17;11;0;1;6;6;2;22;-9.032870662544822;19;6;3;0;13;10;4;3;2;4;24;3;18;2;2;0;4;14;4;4;6;24;4;1;6;2;22;-0.31339179406174483;21;4.4958382888288275;5;1;24;21;-2.40529176378438;6;4;3;1;1;17;13;4;8;5;6;0;6;2;4;3;5;25;4;1;1;24;20;-4.210871912218925;4;9;4;5;1;1;4;14;1;8;24;3;6;12
EVAL_INSTANCE:16:0:320
EVAL_INSTANCE:16:1:321
EVAL_INSTANCE:16:2:322
EVAL_INSTANCE:16:3:323
EVAL_INSTANCE:16:4:324
EVAL_INSTANCE:16:5:325
EVAL_INSTANCE:16:6:326
EVAL_INSTANCE:16:7:327
EVAL_INSTANCE:16:8:328
EVAL_INSTANCE:16:9:329
RUN_RESULT:16:0:0:175:DDDDLRURURULDLUDLDLURRURRUUULLLLLL
RUN_RESULT:16:1:0:175:DDDDLRURURULDLUDLDLURRURRUUULLLLLL
RUN_RESULT:16:2:0:216:DDDDLRURURULDLUDLDLURDRRURUUUULLLLLL
RUN_RESULT:16:3:0:2000:----
RUN_RESULT:16:4:0:175:DDDDLRURURULDLUDLDLURRURRUUULLLLLL
RUN_RESULT:16:5:0:2000:----
RUN_RESULT:16:6:0:2000:----
RUN_RESULT:16:7:0:175:DDDDLRURURULDLUDLDLURRURRUUULLLLLL
RUN_RESULT:16:8:0:2000:----
RUN_RESULT:16:9:0:2000:----
    17 |      170 | -3.825000E+03 | -3.825000E+03
TRACK:330;87;65;0;2;2;6;1;1;3;3;2;0;20;-9.22140691141287;23;-5.356547854922755;4;21;-7.937198226286189;6;6;3;5;13;1;0;0;3;5;14;4;6;21;-2.920680370917604;2;6;4;12;6;1;14;10;2;1;0;5;21;0.704972914765392;6;24;6;2;10;24;0;3;2;16;15;2;3;13;3;25;2;0;3;0;5;2;0;12;8;4;17;1;4;4;12;2;4;12;5;8;4;5;6;1;0;21;-6.735825290392697;24;1;21;3.956202785364934;14;4;2;1;2;3;17;6;14;2;0;5;15;0;18;19;5;5;13;4;5;3;1;10;7;3.477728803114056;4;5;2;6;3;3;0;1;16;9;6;25;1;4;3;4;0;24;8;1;4;6;3;8;0;4;6;19;4;6;10;2;6;2;2;1;2;5;2;0;12;10;4;14;4;1;1;8;14;4;11;4;1;6;0;13;24;6;0;17;11;0;1;6;6;2;22;-8.898987450749514;19;6;3;0;13;10;4;3;2;4;24;3;18;2;2;0;4;14;4;4;6;24;4;1;6;2;22;-0.2521133220757505;21;4.383417352134787;5;1;24;21;-2.3613878850531944;6;4;3;1;1;17;13;4;8;5;6;0;6;2;4;3;5;25;4;1;1;24;20;-4.299324529556566;4;9;4;5;1;1;4;14;1;17;24;3;6;12
TRACK:331;87;65;0;2;2;6;1;1;3;3;2;0;20;-9.142174341288118;23;-5.476607099667321;4;21;-7.989868346972402;6;6;3;5;13;1;0;0;3;5;14;4;6;21;-2.469235086385175;2;6;4;12;6;1;14;10;2;1;0;2;15;17;6;24;0;9;9;0;3;2;16;15;2;3;13;3;25;2;0;3;0;5;2;0;12;8;4;25;1;4;4;12;2;4;12;5;8;4;5;6;1;0;8;24;1;21;3.9432670073111042;14;4;2;1;2;3;17;6;14;2;0;5;15;0;18;19;5;5;13;4;5;3;1;10;7;3.4956836486648726;4;5;2;6;3;3;0;1;16;9;6;25;1;4;3;4;0;24;8;1;4;6;3;8;0;19;4;6;10;2;6;2;2;1;2;5;2;0;12;10;4;14;4;1;1;8;14;4;11;4;1;6;0;13;24;6;0;17;11;0;1;6;6;2;22;-8.818565801060581;19;6;3;0;13;10;4;3;2;4;24;3;18;2;2;0;4;14;4;4;6;24;4;1;6;2;22;-0.04820561264654773;21;4.244991454438717;5;1;24;21;-2.7605602495770816;6;4;3;1;1;17;13;4;8;5;6;0;6;2;4;3;5;25;4;1;1;24;20;-4.158650239660866;4;9;4;5;1;1;4;14;1;8;24;3;6;12
TRACK:332;64;84;0;2;2;6;3;2;4;15;4;21;-8.198283303152134;2;0;3;0;5;2;0;12;8;4;17;1;4;4;12;2;4;12;5;8;4;5;6;1;0;21;-6.778398276730623;24;1;21;3.821357918908527;14;4;2;1;2;3;17;6;14;2;0;5;15;0;18;19;5;5;13;4;5;3;1;10;7;3.608355822091067;4;5;2;6;3;3;0;1;16;9;6;25;1;4;3;4;0;24;8;1;4;6;6;12;0;4;6;19;4;6;10;2;6;2;2;1;2;5;2;0;12;10;4;14;4;1;1;8;14;4;11;4;1;6;0;13;24;6;0;17;11;0;1;6;6;2;22;-9.000783179277484;19;6;3;0;13;10;4;3;2;4;24;3;18;2;2;0;4;14;4;4;6;24;4;1;6;2;22;-0.3793350146320372;21;4.448191584247402;5;1;24;21;-2.4714329946154354;6;4;3;1;1;17;13;4;8;5;6;0;6;2;4;3;5;25;4;1;1;24;20;-4.190061808060987;4;9;4;5;1;1;4;14;1;8;24;3;6;12
TRACK:333;64;84;0;2;2;6;1;1;3;3;2;4;15;4;21;-8.198283303152134;6;6;3;5;13;1;0;0;3;5;14;4;6;21;-2.3548988640673376;2;6;4;12;6;1;14;10;3;2;0;3;11;0;15;19;3;5;15;2;0;3;0;5;2;0;12;8;4;17;1;4;4;12;2;4;12;5;8;4;5;4;9;4;2;1;2;3;17;6;14;2;0;5;15;0;18;19;5;5;13;4;5;3;1;10;7;3.655109646547113;4;5;2;6;3;3;0;1;16;9;6;25;1;4;3;4;0;24;8;1;4;6;6;12;0;4;6;19;4;6;10;2;6;2;2;1;2;5;2;0;12;10;4;14;4;1;1;8;14;4;11;4;1;6;0;13;24;6;0;17;11;0;1;6;6;2;22;-8.814079797688489;19;4;12;4;3;2;4;24;3;18;2;2;0;4;14;4;4;6;24;4;1;6;2;22;-0.10410059793716492;21;4.413927649955681;5;1;24;21;-2.4232739931296137;6;4;3;1;1;17;13;4;8;5;6;0;6;2;4;3;5;25;4;1;1;24;20;-3.96847849742979;4;9;4;5;1;1;4;14;1;8;24;3;6;12
TRACK:334;44;64;0;2;2;6;1;1;3;3;2;0;20;-9.12096739450493;23;-5.419109646074577;4;21;-8.03692184319495;6;6;3;5;13;1;0;0;3;5;14;4;6;21;-2.437220589822696;2;6;4;12;6;1;14;10;2;1;0;2;15;17;6;24;6;2;10;24;0;3;2;16;15;2;3;13;3;25;2;0;3;0;5;2;0;12;8;4;25;1;4;4;12;2;4;12;5;8;4;5;6;1;0;21;-6.7854491109025465;24;1;21;4.049489369914762;14;4;2;1;2;3;17;6;14;2;0;5;15;0;18;19;5;5;13;4;5;3;1;10;7;3.4553673926626254;4;5;2;6;3;3;0;1;16;9;6;25;1;4;3;4;0;24;8;1;4;6;3;8;0;19;4;6;10;2;6;2;2;1;2;5;2;0;12;10;4;14;4;1;1;8;14;4;11;4;1;6;0;13;24;6;0;17;11;0;1;6;6;2;22;-8.760219911542713;19;6;3;0;13;10;4;3;2;4;24;3;18;2;2;0;4;14;4;4;6;24;4;1;6;2;22;0.07086803024715693;21;4.353482196039044;5;1;24;21;-2.652947581004392;6;4;3;1;1;17;13;4;8;5;6;0;6;2;4;3;5;25;4;1;1;24;20;-4.146579591004465;4;9;4;5;1;1;4;14;1;8;24;3;4;8
TRACK:335;44;64;0;2;2;6;1;1;3;3;2;0;20;-9.033943956298035;23;-5.186964993223363;4;21;-8.121159605703136;6;6;3;5;13;1;0;0;3;5;14;4;6;21;-2.4216860034594765;2;6;4;12;6;1;14;10;3;2;0;3;11;0;15;19;3;5;15;2;0;3;0;5;2;0;12;8;4;17;1;4;4;12;2;4;12;5;8;4;5;6;1;0;21;-6.778398276730623;24;1;21;3.821357918908527;14;4;2;1;2;3;17;6;14;2;0;5;15;0;18;19;5;5;13;4;5;3;1;10;7;3.608355822091067;4;5;2;6;3;3;0;1;16;9;6;25;1;4;3;4;0;24;8;1;4;6;6;12;0;4;6;19;4;6;10;2;6;2;2;1;2;5;2;0;12;10;4;14;4;1;1;8;14;4;11;4;1;6;0;13;24;6;0;17;11;0;1;6;6;2;22;-9.000783179277484;19;6;3;0;13;10;4;3;2;4;24;3;18;2;2;0;4;14;4;4;6;24;4;1;6;2;22;-0.3793350146320372;21;4.448191584247402;5;1;24;21;-2.4714329946154354;6;4;3;1;1;17;13;4;8;5;6;0;6;2;4;3;5;25;4;1;1;24;20;-4.190061808060987;21;-8.03692184319495;4;5;1;1;4;14;1;8;24;3;6;12
TRACK:336;65;28;0;2;2;6;1;1;3;3;2;0;20;-9.142174341288118;23;-5.476607099667321;4;21;-7.989868346972402;6;6;3;5;13;1;0;0;3;5;14;4;6;21;-2.469235086385175;2;6;4;12;6;1;14;10;2;1;0;2;15;17;6;24;0;9;9;0;3;2;16;15;2;3;13;3;25;2;0;3;0;5;2;0;12;8;4;25;1;4;4;12;2;4;12;5;8;4;5;6;1;0;21;-6.6669315195832395;24;1;21;3.9432670073111042;14;4;2;1;2;3;17;6;14;2;0;5;15;0;18;19;5;5;13;4;5;3;1;10;7;3.4956836486648726;4;5;2;6;3;3;0;1;16;9;6;25;1;4;3;4;0;24;8;1;4;0;24;8;0;19;4;6;10;2;6;2;2;1;2;5;2;0;12;10;4;14;4;1;1;8;14;4;11;4;1;6;0;13;24;6;0;17;11;0;1;6;6;2;22;-8.818565801060581;19;6;3;0;13;10;4;3;2;4;24;3;18;2;2;0;4;14;4;4;6;24;4;1;6;2;22;-0.04820561264654773;21;4.244991454438717;5;1;24;21;-2.7605602495770816;6;4;3;1;1;17;13;4;8;5;6;0;6;2;4;3;5;25;4;1;1;24;20;-4.158650239660866;4;9;4;5;1;1;4;14;1;8;24;3;6;12
TRACK:337;65;28;0;2;2;6;1;1;3;3;2;0;20;-9.189321075933545;23;-5.25724258769798;4;21;-8.073949376302828;6;6;3;5;13;1;0;0;3;5;14;4;6;21;-2.5655216568432837;2;6;4;12;6;1;14;10;2;1;0;2;15;17;6;24;6;2;10;24;0;3;2;16;15;2;3;13;3;25;2;0;3;0;5;2;0;12;8;4;17;1;4;4;12;2;4;12;5;8;4;5;6;1;0;21;-6.876253819295027;24;1;21;3.9482990119476673;14;4;2;1;2;3;17;6;14;2;0;5;15;0;18;19;5;5;13;4;5;3;1;10;7;3.586909131528662;4;5;2;6;3;3;0;1;16;9;6;25;1;4;3;4;0;24;8;1;4;6;3;8;0;4;6;19;4;6;10;2;6;2;2;1;2;5;2;0;12;10;4;14;4;1;1;8;14;4;11;4;1;6;0;13;24;6;0;17;11;0;1;6;6;2;22;-8.862698691067756;19;6;3;0;13;10;4;3;2;4;24;3;18;2;2;0;4;14;4;4;6;24;4;1;6;2;22;-0.1952685923132209;21;4.372864502508431;5;1;24;21;-2.4938990947175395;6;4;3;1;1;17;13;4;8;5;6;0;6;2;4;3;5;25;4;1;1;24;20;-4.281222223392238;20;-4.158650239660866;4;5;1;1;4;14;1;8;24;3;6;12
TRACK:338;88;60;0;2;2;6;1;1;3;3;2;0;20;-9.378368103468253;23;-5.1800655086892275;4;21;-7.724444283222472;6;6;3;5;13;1;0;0;3;5;14;4;6;21;-2.425562578562194;2;6;4;12;6;1;14;10;2;1;0;2;15;10;6;24;6;19;0;3;2;16;15;2;3;13;3;25;2;0;3;0;5;2;3;12;1;23;-8.790750727341143;7;0.960337777295352;1;4;4;12;2;4;12;5;8;4;5;6;1;0;21;-6.925171044840573;24;1;21;4.094563455063977;14;4;2;1;2;3;17;6;14;13;4;5;3;1;10;7;3.5282408898028312;4;5;2;6;3;3;0;1;16;9;6;25;1;4;3;4;0;24;8;1;4;6;3;8;0;4;6;19;4;6;10;2;6;2;2;1;2;5;2;0;12;10;4;14;4;1;1;8;14;4;11;4;1;6;0;13;24;6;0;17;11;0;1;6;6;2;22;-8.909213420020492;19;6;3;0;13;10;4;3;2;4;24;3;18;2;2;0;4;14;4;4;6;24;4;1;6;2;22;-0.17825308290609687;21;4.053981302340231;5;1;24;21;-2.544544060733273;6;4;3;1;1;17;13;4;8;5;6;0;6;2;4;3;5;25;4;1;1;24;20;-4.491420846728605;4;9;4;5;1;1;4;14;1;8;24;3;6;12
TRACK:339;88;60;0;2;2;6;1;1;3;3;2;0;20;-9.192258696042499;23;-5.258280250042499;4;21;-7.93427093830071;6;6;3;5;13;1;0;0;3;5;14;4;6;21;-2.5500717300020197;2;6;4;12;6;1;14;10;2;1;0;2;15;17;6;24;6;2;10;24;0;3;2;16;15;2;3;13;3;25;2;0;3;0;5;2;3;12;1;23;-8.907562571560689;7;1.0537153632971368;1;4;4;12;2;4;12;5;8;4;5;6;1;0;21;-6.906578412026499;24;1;21;4.037530857715165;14;4;2;1;2;3;17;6;14;13;4;5;3;1;10;7;3.478674435023467;4;5;2;6;3;3;0;1;16;9;6;25;1;4;3;4;0;24;8;1;4;6;3;8;0;4;6;19;4;6;10;2;6;2;2;1;2;5;2;0;17;10;4;14;4;1;1;8;14;4;11;4;1;6;0;13;24;6;0;17;11;0;1;6;6;2;22;-8.884185887258926;19;6;3;0;13;10;4;3;2;4;24;3;18;2;2;0;4;14;4;4;6;24;4;1;6;2;22;-0.19323754847240257;21;4.224876219872504;5;1;24;21;-2.497546817061575;6;4;3;1;1;17;13;4;8;5;6;0;6;2;4;3;5;25;4;1;1;24;20;-4.410736272929883;4;9;4;5;1;1;4;14;1;8;24;3;6;12
TRACK:340;87;-1;0;2;2;6;1;1;3;3;2;0;20;-9.353303666472339;23;-5.384497683089992;4;21;-7.814152212212463;6;6;3;5;13;1;0;0;3;5;14;4;6;21;-2.9784281219308437;2;6;4;12;6;1;14;10;2;1;0;5;21;0.7093607139444242;6;24;6;2;10;24;0;3;2;16;15;2;3;13;3;25;2;0;3;0;5;2;0;12;8;4;17;1;4;4;12;2;4;12;5;8;4;5;6;1;0;21;-6.7130045650896015;24;1;21;3.9957745875736888;14;4;2;1;2;3;17;6;14;2;0;5;15;0;18;19;5;0;22;-6.2357860669396565;9;4;5;3;1;10;7;3.3964065797888585;4;5;2;6;3;3;0;1;16;9;6;25;1;4;3;4;0;24;8;1;4;6;3;8;0;4;6;19;4;6;10;2;6;2;2;1;2;5;2;0;12;10;4;14;4;1;1;8;14;4;11;4;1;6;0;13;24;6;0;17;11;0;1;6;6;2;22;-8.781148468237854;19;6;3;0;13;10;4;3;2;4;24;3;18;2;2;0;4;14;4;4;6;24;4;1;6;2;22;-0.3889062604455036;21;4.34397600745908;5;1;24;21;-2.519534986271881;6;4;3;1;1;17;13;4;8;5;6;0;6;2;4;3;5;25;4;1;1;24;20;-4.292515440766444;4;9;4;5;1;1;4;14;1;8;24;3;6;12
TRACK:341;332;-1;0;2;2;6;3;2;4;15;4;21;-8.146730069921889;2;0;3;0;5;2;0;12;8;4;17;1;4;4;12;2;4;12;5;8;4;5;6;1;0;21;-6.8296335111395505;24;1;21;3.7191789358614806;14;4;2;1;2;3;17;6;14;2;0;5;15;0;18;19;5;5;13;4;5;3;1;10;7;3.3713925899573107;4;5;2;6;3;3;0;1;16;9;6;25;1;4;3;4;0;24;8;1;4;6;6;12;0;4;6;19;4;6;10;2;6;2;2;0;13;14;0;1;6;6;2;22;-9.102854451001534;19;6;3;0;13;10;4;3;2;4;24;3;18;2;2;0;4;14;4;4;6;24;4;1;6;2;22;-0.535223188638699;21;4.433741007260059;5;1;24;21;-2.506946547463717;6;4;3;1;1;17;13;4;8;5;6;0;6;2;4;3;5;25;4;1;1;24;20;-4.044626234819701;4;9;4;5;1;1;4;14;1;8;24;3;6;12
TRACK:342;334;-1;0;2;2;6;1;1;3;3;2;0;20;-9.026136162815744;23;-5.525403281447746;4;21;-7.9521524027687445;6;6;3;5;13;1;0;0;2;4;8;6;18;4;6;21;-2.3300516931110686;2;6;4;12;6;1;14;10;2;1;0;2;15;17;6;24;6;2;10;24;0;3;2;16;15;2;3;13;3;25;2;0;3;0;5;2;0;12;8;4;25;1;4;4;12;2;4;12;5;8;4;5;6;1;0;21;-6.654470281831755;24;1;21;4.04932375619948;14;4;2;1;2;3;17;6;14;2;0;5;15;0;18;19;5;5;13;4;5;3;1;10;7;3.470794096921815;4;5;2;6;3;3;0;1;16;9;6;25;1;4;3;4;0;24;8;1;4;6;3;8;0;19;4;6;10;2;6;2;2;1;2;5;2;0;12;10;4;14;4;1;1;8;14;4;11;4;1;6;0;13;24;6;0;17;11;0;1;6;6;2;22;-8.713657672850157;19;6;3;0;13;10;4;3;2;4;24;3;18;2;2;0;4;14;4;4;6;24;4;1;6;2;22;0.005276415000921145;21;4.326179036572872;5;1;24;21;-2.5753771496774163;6;4;3;1;1;17;13;4;8;5;6;0;6;2;4;3;5;25;4;1;1;24;20;-4.1819841456675615;4;9;4;5;1;1;4;14;1;8;24;3;4;8
TRACK:343;65;-1;0;2;2;6;1;1;3;3;2;0;20;-8.990107886460578;23;-5.449470114462231;4;21;-8.039047253443838;6;6;3;5;13;1;0;0;3;5;14;4;6;21;-2.4890189058943326;2;6;1;9;13;6;1;14;10;2;1;0;2;15;17;6;24;0;9;9;0;3;2;16;15;2;3;13;3;25;2;0;3;0;5;2;0;12;8;4;25;1;4;4;12;2;4;12;5;8;4;5;6;1;0;21;-6.554705201358734;24;1;21;3.740044535929103;14;4;2;1;2;3;17;6;14;2;0;5;15;0;18;19;5;5;13;4;5;3;1;10;7;3.549826134092614;4;5;2;6;3;3;0;1;16;9;6;25;1;4;3;4;0;24;8;1;4;6;3;8;0;19;4;6;10;2;6;2;2;1;2;5;2;0;12;10;4;14;4;1;1;8;14;4;11;4;1;6;0;13;24;6;0;17;11;0;1;6;6;2;22;-8.900968993994072;19;6;3;0;13;10;4;3;2;4;24;3;18;2;2;0;4;14;4;4;6;24;4;1;6;2;22;0.13574783773318178;21;4.388292384940589;5;1;24;21;-2.851791666487109;6;4;3;1;1;17;13;4;8;5;6;0;6;2;4;3;5;25;4;1;1;24;20;-4.341385747760811;4;9;4;5;1;1;4;14;1;8;24;3;6;12
TRACK:344;338;-1;0;2;2;6;1;1;3;3;2;0;20;-9.380658691811982;23;-5.366739495762398;4;21;-7.668438757759552;6;6;3;5;19;1;0;0;3;5;14;4;6;21;-2.3132031763152363;2;6;4;12;6;1;14;10;2;1;0;2;15;10;6;24;6;19;0;3;2;16;15;2;3;13;3;25;2;0;3;0;5;2;3;12;1;23;-8.877161498332919;7;0.8998570882276575;1;4;4;12;2;4;12;5;8;4;5;6;1;0;21;-6.954299242456721;24;1;21;4.135687837345442;14;4;2;1;2;3;17;6;14;13;4;5;3;1;10;7;3.5083766667085423;4;5;2;6;3;3;0;1;16;9;6;25;1;4;3;4;0;24;8;1;4;6;3;8;0;4;6;19;4;6;10;2;6;2;2;1;2;5;2;0;12;10;4;14;4;1;1;8;14;4;11;4;1;6;0;13;24;6;0;17;11;0;1;6;6;2;22;-8.959483720504016;19;6;3;0;13;10;4;3;2;4;24;3;18;2;2;0;4;14;4;4;6;24;4;1;6;2;22;-0.34595017677602746;21;3.9833004239087;5;1;24;21;-2.648946073800547;6;4;3;1;1;17;13;4;8;5;6;0;6;2;4;3;5;25;4;1;1;24;20;-4.602229721952787;4;9;4;5;1;1;4;14;1;8;24;3;6;12
TRACK:345;65;-1;0;2;2;6;1;1;3;3;2;0;20;-9.12696789545339;23;-5.400827928702914;4;21;-7.967042098862199;6;6;3;5;13;1;0;0;3;5;14;4;6;21;-2.4832277210700004;2;6;4;12;6;1;14;10;2;1;0;2;15;17;6;24;0;9;9;0;3;2;16;15;2;3;13;3;25;2;0;3;0;5;2;0;12;8;4;25;1;4;4;12;2;4;12;5;8;4;5;6;1;0;21;-6.857512477746797;24;1;21;3.782405508524856;14;4;2;1;2;3;17;6;14;2;0;5;15;0;18;19;5;5;13;4;5;3;1;10;7;3.532973562295302;4;5;2;6;3;3;0;1;16;9;6;25;1;4;3;4;0;24;8;1;4;6;3;8;0;19;4;6;10;2;6;2;2;1;2;5;2;0;12;10;4;14;4;1;1;8;14;4;11;4;1;6;0;13;24;6;0;17;11;0;1;6;6;2;22;-8.827069131310338;19;6;3;0;13;10;4;3;2;4;24;3;18;2;2;0;4;14;4;4;6;24;4;1;6;2;22;-0.03445764770776437;21;4.408960918964765;5;1;24;21;-3.0508512298769457;6;4;3;1;1;17;13;4;8;5;6;0;6;2;4;3;5;25;4;23;1.350531657492617;4;5;1;1;4;14;1;8;24;3;6;12
TRACK:346;333;-1;0;2;2;6;1;1;3;3;2;4;15;4;21;-8.05811842448362;6;6;3;5;13;1;0;0;3;5;14;4;6;21;-2.4327282336668787;2;6;4;12;6;1;14;10;3;2;0;3;11;0;15;19;3;5;15;2;0;3;0;5;2;0;12;8;4;17;1;4;4;12;2;4;12;5;8;4;5;4;9;4;2;6;0;6;1;16;10;2;2;7;-8.550382966980791;25;1;9;8;4;5;3;1;10;7;3.587848336690906;4;5;2;6;3;3;0;1;16;9;6;25;1;4;3;4;0;24;8;1;4;6;6;12;0;4;6;19;4;6;10;2;6;2;2;1;2;5;2;0;12;10;4;14;4;1;1;8;14;4;11;4;1;6;0;13;24;6;0;17;11;0;1;6;6;2;22;-8.724174286050696;19;4;12;4;3;2;4;24;3;18;2;2;0;4;14;4;4;6;24;4;1;6;2;22;-0.1818065428891571;21;4.5441169606517455;5;1;24;21;-2.4550103264276375;6;4;3;1;1;17;13;4;8;5;6;0;6;2;4;3;5;25;4;1;1;24;20;-4.001919205414157;4;9;4;5;1;1;4;14;1;8;24;3;6;12
TRACK:347;335;-1;0;2;2;6;1;1;3;3;2;0;20;-9.060443334627829;23;-5.278722432951258;4;21;-8.065882578169852;6;6;3;5;15;1;0;0;3;5;14;4;6;21;-2.5218402848295254;2;6;4;12;6;1;14;10;3;2;0;3;11;0;15;19;3;5;15;2;0;3;0;5;2;0;12;8;4;17;1;4;4;12;2;4;12;5;8;4;5;6;1;0;21;-6.7869934511357375;24;1;21;3.870918221681814;14;4;2;1;2;3;17;6;14;2;0;5;15;0;18;19;5;5;13;4;5;3;1;10;7;3.731188776172227;4;5;2;6;3;3;0;1;16;9;6;25;1;4;3;4;0;24;8;1;4;6;6;12;0;4;6;19;4;6;10;2;6;2;2;1;2;5;2;0;12;10;4;14;4;1;1;8;14;4;11;4;1;6;0;13;24;6;0;17;11;0;1;6;6;2;22;-9.055345133480845;19;6;3;0;13;10;4;3;2;4;24;3;18;2;2;0;4;14;4;4;6;24;4;1;6;2;22;-0.43892130371367466;21;4.431109316803385;5;1;24;21;-2.4917265654228657;6;4;3;1;1;17;13;4;8;5;6;0;6;2;4;3;5;25;4;1;1;24;20;-4.231762828990112;21;-7.891768375467508;4;5;1;1;4;14;1;8;24;3;6;12
TRACK:348;28;-1;0;2;2;6;1;1;3;3;2;0;20;-9.098766721329937;23;-5.193161351634413;4;21;-8.10644543301255;6;6;3;5;13;1;0;0;3;5;14;4;6;21;-2.665531838771491;2;6;4;12;6;1;14;10;2;1;0;2;15;17;6;24;6;2;10;24;0;3;2;16;15;2;3;13;3;25;2;0;3;0;5;2;0;12;8;4;17;1;4;4;12;2;4;12;5;8;4;5;6;1;0;21;-6.900036870562726;24;1;21;3.875686239166893;14;4;2;1;2;3;17;6;14;2;0;5;15;0;18;19;5;5;13;4;5;3;1;10;7;3.448726866336263;4;5;3;4;5;6;18;2;6;2;2;1;2;5;2;0;12;10;4;14;4;1;1;8;14;4;11;4;1;6;0;13;24;6;0;17;11;0;1;6;6;2;22;-8.948716157948612;19;6;3;0;13;10;4;3;2;4;24;3;18;2;2;0;4;14;4;4;6;24;4;1;6;2;22;-0.34775367680336317;21;4.286821739195575;5;1;24;21;-2.295775813915363;6;4;3;1;1;17;13;4;8;5;6;0;6;2;4;3;5;25;4;1;1;24;20;-4.379982537594522;4;9;4;5;1;1;4;14;1;8;24;3;6;12
TRACK:349;339;-1;0;2;2;6;1;1;3;3;2;0;20;-9.132076852610158;23;-5.322634652357249;4;21;-7.748444769458931;6;6;3;5;13;1;0;0;3;5;14;4;6;21;-2.5252706512760166;2;6;4;12;6;1;14;17;2;1;0;2;15;17;6;24;6;2;10;24;0;3;2;16;15;2;3;13;3;25;2;0;3;0;5;2;3;12;1;23;-9.044321023461213;7;0.9941032770451078;1;4;4;12;2;4;12;5;8;4;5;6;1;0;21;-7.015925424340857;24;1;21;4.349546279751765;14;4;2;1;2;3;17;6;14;13;4;5;3;1;10;7;3.418803315505006;4;5;2;6;3;3;0;1;16;9;6;25;1;4;3;4;0;24;8;1;4;6;3;8;0;4;6;19;4;6;10;2;6;2;2;1;2;5;2;0;17;10;4;14;4;1;1;8;14;4;11;4;1;6;0;13;24;6;0;17;11;0;1;6;6;2;22;-8.830517952630718;19;6;3;0;13;10;4;3;2;4;24;3;18;2;2;0;4;14;4;4;6;24;4;1;6;2;22;-0.20329807105982156;21;4.153526049203088;5;1;24;21;-2.590192003132104;6;4;3;1;1;17;13;4;8;5;6;0;6;2;4;3;5;25;4;1;1;24;20;-4.362233154484674;4;9;4;5;1;1;4;14;1;8;24;3;6;12
EVAL_INSTANCE:17:0:340
EVAL_INSTANCE:17:1:341
EVAL_INSTANCE:17:2:342
EVAL_INSTANCE:17:3:343
EVAL_INSTANCE:17:4:344
EVAL_INSTANCE:17:5:345
EVAL_INSTANCE:17:6:346
EVAL_INSTANCE:17:7:347
EVAL_INSTANCE:17:8:348
EVAL_INSTANCE:17:9:349
RUN_RESULT:17:0:0:175:DDDDLRURURULDLUDLDLURRURRUUULLLLLL
RUN_RESULT:17:1:0:2000:----
RUN_RESULT:17:2:0:2000:----
RUN_RESULT:17:3:0:2000:----
RUN_RESULT:17:4:0:2000:----
RUN_RESULT:17:5:0:175:DDDDLRURURULDLUDLDLURRURRUUULLLLLL
RUN_RESULT:17:6:0:2000:----
RUN_RESULT:17:7:0:2000:----
RUN_RESULT:17:8:0:315:DDDDLRURURULDLUDLDLURRURRUUULLLLLL
RUN_RESULT:17:9:0:175:DDDDLRURURULDLUDLDLURRURRUUULLLLLL
    18 |      180 | -3.825000E+03 | -3.825000E+03
TRACK:350;83;85;0;2;2;6;1;1;3;3;2;0;20;-9.035308762632493;23;-5.427413493509816;4;21;-7.952699503058636;6;6;3;5;13;1;0;0;3;5;14;4;6;21;-2.365206849127937;2;6;4;12;6;1;14;10;2;1;0;2;15;17;6;24;6;2;10;24;0;3;2;16;15;2;3;13;3;25;2;0;3;0;5;2;0;12;8;4;25;1;4;4;12;2;4;12;5;8;4;5;6;1;0;21;-6.8788920607158;24;1;21;4.266946021695314;14;4;2;1;2;3;17;6;14;2;0;5;15;0;18;19;5;5;10;4;5;3;1;10;7;3.4050155552096646;4;5;2;6;3;3;0;1;16;9;6;25;1;4;3;4;0;24;8;1;4;6;3;8;0;19;4;6;10;2;6;2;2;1;2;5;2;0;12;10;4;14;4;1;1;8;14;4;11;4;1;6;0;13;24;6;0;17;11;0;1;6;6;2;22;-8.775710421224495;19;6;3;0;13;10;4;3;2;4;24;3;18;2;2;0;4;14;4;4;6;24;4;1;6;2;22;0.08744444515135884;21;4.285345255924887;5;1;24;21;-2.61287752630878;6;5;0;5;14;5;11;5;6;0;6;2;4;3;5;25;4;1;1;24;20;-4.199725311269456;4;9;4;5;1;1;4;14;1;8;24;3;6;12
TRACK:351;83;85;0;2;2;6;1;1;3;4;14;6;6;3;5;13;1;0;0;3;5;14;4;6;21;-2.397045599740108;2;6;4;12;6;1;14;10;3;2;0;3;11;0;15;19;3;5;15;2;0;3;0;5;2;0;17;8;4;17;1;4;4;12;2;4;12;5;8;4;5;6;1;0;21;-6.664186279703632;24;1;21;3.9236050961956246;14;4;2;1;2;3;17;6;14;2;0;5;15;0;18;19;5;5;13;4;5;3;1;10;7;3.6376296648210418;4;5;2;6;3;3;0;1;16;9;6;25;1;4;3;4;0;24;8;1;4;6;6;12;0;4;6;19;4;6;10;2;6;2;2;1;2;5;2;0;12;10;4;14;4;1;1;8;14;4;11;4;1;6;0;13;24;6;0;17;11;0;1;6;6;2;22;-8.951104462886763;19;6;3;0;13;10;4;3;2;4;24;3;18;2;2;0;4;14;4;4;6;24;4;1;6;2;22;-0.3823862027119948;21;4.418596697839346;5;1;24;21;-2.5366112390259348;6;4;3;1;1;17;13;4;8;5;6;0;6;2;4;3;5;25;4;1;1;24;20;-4.149653330208216;4;9;4;5;1;1;4;14;1;8;24;3;6;12
TRACK:352;87;44;0;2;2;6;1;1;3;3;2;0;20;-9.22140691141287;23;-5.356547854922755;4;21;-7.937198226286189;6;6;3;5;13;1;0;0;3;5;14;4;6;21;-2.920680370917604;2;6;4;12;6;19;2;1;0;5;21;0.704972914765392;6;24;6;2;10;24;0;3;2;16;15;2;3;13;3;25;2;0;3;0;5;2;0;12;8;4;17;1;4;4;12;2;4;12;5;8;4;5;6;1;0;21;-6.735825290392697;24;1;21;3.956202785364934;14;4;2;1;2;3;17;6;14;2;0;5;15;0;18;19;5;5;13;4;5;3;1;10;7;3.477728803114056;4;5;2;6;3;3;0;1;16;9;6;25;1;4;3;4;0;24;8;1;4;6;3;8;0;4;6;19;4;6;10;2;6;2;2;1;2;5;2;0;12;10;4;14;4;1;1;8;14;4;11;4;1;6;0;13;24;6;0;17;11;0;1;6;6;2;22;-8.898987450749514;19;6;3;0;13;10;4;3;2;4;24;3;18;2;2;0;4;14;4;4;6;24;4;1;6;2;22;-0.2521133220757505;21;4.383417352134787;5;1;24;21;-2.3613878850531944;6;4;3;1;1;17;13;4;8;5;6;0;6;2;4;3;5;25;4;1;1;24;20;-4.299324529556566;4;9;4;5;1;1;4;14;1;8;24;3;6;12
TRACK:353;87;44;0;2;2;6;1;1;3;3;2;0;20;-9.12096739450493;23;-5.419109646074577;4;21;-8.03692184319495;6;6;3;5;13;1;0;0;3;5;14;4;6;21;-2.437220589822696;2;6;4;12;6;1;14;10;2;1;0;2;15;17;6;24;6;2;10;24;0;3;2;16;15;2;3;13;3;25;2;0;3;0;5;2;0;12;8;4;25;1;4;4;12;2;4;12;5;8;4;5;6;1;0;21;-6.7854491109025465;24;1;21;4.049489369914762;14;4;2;1;2;3;17;6;14;2;0;5;15;0;18;19;5;5;13;4;5;3;1;10;7;3.4553673926626254;4;5;2;6;3;3;0;1;16;9;6;25;1;4;3;4;0;24;8;1;4;6;3;8;0;19;4;6;10;2;6;2;2;1;2;5;2;0;12;10;4;14;4;1;1;8;14;4;11;4;1;22;-0.2521133220757505;6;0;17;11;0;1;6;6;2;22;-8.760219911542713;19;6;3;0;13;10;4;3;2;4;24;3;18;2;2;0;4;14;4;4;6;24;4;1;6;2;22;0.07086803024715693;21;4.353482196039044;5;1;24;21;-2.652947581004392;6;4;3;1;1;17;13;4;8;5;6;0;6;2;4;3;5;25;4;1;1;24;20;-4.146579591004465;4;9;4;5;1;1;4;14;1;8;24;3;6;12
TRACK:354;64;60;0;2;2;6;1;1;3;3;2;0;20;-9.033943956298035;23;-5.186964993223363;4;21;-8.121159605703136;6;6;3;5;13;1;0;0;3;5;14;4;6;21;-2.4216860034594765;2;6;4;12;6;1;14;10;3;2;0;3;11;0;15;19;3;5;15;2;0;3;0;5;2;0;12;8;4;17;1;4;4;12;2;4;12;5;8;4;5;6;1;0;21;-6.778398276730623;24;1;21;3.821357918908527;14;4;2;1;2;3;17;6;14;2;0;5;15;0;18;19;5;5;13;4;5;3;1;10;7;3.608355822091067;4;5;2;6;3;3;0;1;16;9;6;25;1;4;3;4;0;24;8;1;4;6;6;12;0;4;6;19;4;6;10;2;6;2;2;1;2;5;2;0;12;10;4;14;4;1;1;8;14;4;11;4;1;6;0;13;24;6;0;17;11;0;1;6;6;2;22;-9.000783179277484;19;6;3;0;13;10;4;3;2;4;24;3;18;2;2;0;4;14;4;4;6;24;4;1;6;2;22;-0.3793350146320372;21;4.448191584247402;5;1;24;21;-2.4714329946154354;6;4;3;1;1;17;13;4;8;5;6;0;4;6;19;4;5;1;1;4;14;1;8;24;3;6;12
TRACK:355;64;60;0;2;2;6;1;1;3;3;2;0;20;-9.192258696042499;23;-5.258280250042499;4;21;-7.93427093830071;6;6;3;5;13;1;0;0;3;5;14;4;6;21;-2.5500717300020197;2;6;4;12;6;1;14;10;2;1;0;2;15;17;6;24;21;-6.778398276730623;0;3;2;16;15;2;3;13;3;25;2;0;3;0;5;2;3;12;1;23;-8.907562571560689;7;1.0537153632971368;1;4;4;12;2;4;12;5;8;4;5;6;1;0;21;-6.906578412026499;24;1;21;4.037530857715165;14;4;2;1;2;3;17;6;14;13;4;5;3;1;10;7;3.478674435023467;4;5;2;6;3;3;0;1;16;9;6;25;1;4;3;4;0;24;8;1;4;6;3;8;0;4;6;19;4;6;10;2;6;2;2;1;2;5;2;0;12;10;4;14;4;1;1;8;14;4;11;4;1;6;0;13;24;6;0;17;11;0;1;6;6;2;22;-8.884185887258926;19;6;3;0;13;10;4;3;2;4;24;3;18;2;2;0;4;14;4;4;6;24;4;1;6;2;22;-0.19323754847240257;21;4.224876219872504;5;1;24;21;-2.497546817061575;6;4;3;1;1;17;13;4;8;5;6;0;6;2;4;3;5;25;4;1;1;24;20;-4.410736272929883;4;9;4;5;1;1;4;14;1;8;24;3;6;12
TRACK:356;84;88;0;2;2;6;1;1;3;3;2;4;15;4;21;-8.198283303152134;6;6;3;5;13;1;0;0;3;5;14;4;6;21;-2.3548988640673376;2;6;4;12;6;1;14;10;3;2;0;3;11;0;15;19;4;21;-7.724444283222472;2;0;3;0;5;2;0;12;8;4;17;1;4;4;12;2;4;12;5;8;4;5;4;9;4;2;1;2;3;17;6;14;2;0;5;15;0;18;19;5;5;13;4;5;3;1;10;7;3.655109646547113;4;5;2;6;3;3;0;1;16;9;6;25;1;4;3;4;0;24;8;1;4;6;6;12;0;4;6;19;4;6;10;2;6;2;2;1;2;5;2;0;12;10;4;14;4;1;1;8;14;4;11;4;1;6;0;13;24;6;0;17;11;0;1;6;6;2;22;-8.814079797688489;19;6;3;0;13;10;4;3;2;4;24;3;18;2;2;0;4;14;4;4;6;24;4;1;6;2;22;-0.10410059793716492;21;4.413927649955681;5;1;24;21;-2.4232739931296137;6;4;3;1;1;17;13;4;8;5;6;0;6;2;4;3;5;25;4;1;1;24;20;-3.96847849742979;4;9;4;5;1;1;4;14;1;8;24;3;6;12
TRACK:357;84;88;0;2;2;6;1;1;3;3;2;0;20;-9.378368103468253;23;-5.1800655086892275;4;21;-7.724444283222472;6;6;3;5;13;1;0;0;3;5;14;4;6;21;-2.425562578562194;2;6;4;12;6;1;14;10;2;1;0;2;15;17;6;24;6;19;0;3;2;16;15;2;3;13;3;25;2;0;3;0;5;2;3;12;1;23;-8.790750727341143;7;0.960337777295352;1;4;4;12;2;4;12;5;8;4;5;6;1;0;21;-6.925171044840573;24;1;21;4.094563455063977;14;4;2;1;2;3;17;6;14;13;4;5;3;1;10;7;3.5282408898028312;4;5;2;6;3;3;0;1;16;9;6;25;1;4;3;4;0;24;8;1;4;6;3;8;0;4;6;19;4;6;10;2;6;2;2;1;2;5;2;0;12;10;4;12;4;1;1;8;14;4;11;4;1;6;0;13;24;6;0;17;11;0;1;6;6;2;22;-8.909213420020492;19;6;3;0;13;10;4;3;2;4;24;3;18;2;2;0;4;14;4;4;6;24;4;1;6;2;22;-0.17825308290609687;21;4.053981302340231;5;1;24;21;-2.544544060733273;6;4;3;1;1;17;13;4;8;5;6;0;6;2;4;3;5;25;4;1;1;24;20;-4.491420846728605;4;9;4;5;1;1;4;14;1;8;24;3;6;12
TRACK:358;64;65;0;2;2;6;1;1;3;3;2;0;20;-9.033943956298035;23;-5.186964993223363;4;21;-8.121159605703136;6;6;3;5;13;1;0;0;3;5;14;4;6;21;-2.4216860034594765;2;6;4;12;6;1;14;10;3;2;0;3;11;0;15;19;3;5;15;2;0;3;0;5;2;0;12;8;4;17;1;4;4;12;2;4;12;5;8;4;5;6;1;0;21;-6.778398276730623;24;1;21;3.821357918908527;14;4;2;1;2;3;17;6;14;2;0;5;15;0;18;19;5;5;13;4;5;3;1;10;7;3.608355822091067;4;5;2;6;3;3;0;1;16;9;6;25;1;4;3;4;0;24;8;1;4;6;6;12;0;12;8;2;6;2;2;1;2;5;2;0;12;10;4;14;4;1;1;8;14;4;11;4;1;6;0;13;24;6;0;17;11;0;1;6;6;2;22;-9.000783179277484;19;6;3;0;13;10;4;3;2;4;24;3;18;2;2;0;4;14;4;4;6;24;4;1;6;2;22;-0.3793350146320372;21;4.448191584247402;5;1;24;21;-2.4714329946154354;6;4;3;1;1;17;13;4;8;5;6;0;6;2;4;3;5;25;4;1;1;24;20;-4.190061808060987;4;9;4;5;1;1;4;14;1;8;24;3;6;12
TRACK:359;64;65;0;2;2;6;1;1;3;3;2;0;20;-9.142174341288118;23;-5.476607099667321;4;21;-7.989868346972402;6;6;3;5;13;1;0;0;3;5;14;4;6;21;-2.469235086385175;2;6;4;12;6;1;14;10;2;1;0;2;15;17;6;24;0;9;9;0;3;2;16;15;2;3;13;3;25;2;0;3;0;5;2;0;12;8;4;25;1;4;4;12;2;4;12;5;8;4;5;6;1;0;21;-6.6669315195832395;24;1;21;3.9432670073111042;14;4;2;1;2;3;17;6;14;2;0;5;15;0;18;19;5;5;13;4;5;3;1;10;7;3.4956836486648726;4;5;2;6;3;3;0;1;16;9;6;25;1;4;3;4;0;24;8;1;4;6;3;8;0;19;4;6;10;2;6;2;2;1;0;5;15;0;18;19;4;1;6;0;13;24;6;0;17;11;0;1;6;6;2;22;-8.818565801060581;19;6;3;0;13;10;4;3;2;4;24;3;18;2;2;0;4;14;4;4;6;24;4;1;6;2;22;-0.04820561264654773;21;4.244991454438717;5;1;24;21;-2.7605602495770816;6;4;3;1;1;17;13;4;8;5;6;0;6;2;4;3;5;25;4;1;1;24;20;-4.158650239660866;4;9;4;5;1;1;4;14;1;8;24;3;6;12
TRACK:360;350;-1;0;2;2;6;1;1;3;3;2;0;20;-9.091407719794589;23;-5.469835687265814;4;21;-7.951997122650039;6;6;3;5;13;1;0;0;3;5;14;4;6;21;-2.259950114505399;2;6;4;12;6;1;14;10;2;1;0;2;15;17;6;24;6;2;10;24;0;3;2;16;15;2;3;13;3;25;2;0;3;0;5;2;0;12;8;4;25;1;4;4;12;2;4;12;5;8;4;5;6;1;0;21;-6.809176527916929;24;1;21;4.164283777152933;14;4;2;1;2;3;17;6;14;2;0;5;15;0;18;19;5;5;10;4;5;3;1;10;7;3.3427111752962806;4;5;2;6;3;3;0;1;16;9;6;25;1;4;3;4;0;24;8;1;4;6;3;8;0;19;4;6;10;2;6;2;2;1;2;5;2;0;12;10;4;14;4;1;1;8;14;4;11;4;1;6;0;13;24;6;0;17;11;0;1;6;6;2;22;-8.746448485753708;19;6;3;0;13;10;4;3;2;4;24;3;18;2;2;0;4;14;4;4;6;24;4;1;6;2;22;-0.075457768808057;21;4.258492031830691;5;1;24;21;-2.4799941517594486;6;5;0;5;14;5;11;5;6;0;6;2;4;6;2;15;21;6.060132259328562;4;1;1;24;20;-4.337792442558309;4;9;4;5;1;1;4;14;1;8;24;3;6;12
TRACK:361;352;-1;0;2;2;6;1;6;1;4;17;2;23;9.626292507834759;17;3;0;6;12;0;24;10;2;0;3;0;5;2;0;12;8;4;17;1;4;4;12;2;4;12;5;8;4;5;6;1;0;21;-6.6161970493702995;24;1;21;4.046564995102741;14;4;2;1;2;3;17;6;14;2;0;5;15;0;18;19;5;5;13;4;5;3;1;10;7;3.4628433135140484;4;5;2;6;3;3;0;1;16;9;6;25;1;4;3;4;0;24;8;1;4;6;3;8;0;4;6;19;4;6;10;2;6;2;2;1;2;5;2;0;12;10;4;14;4;1;1;8;14;4;11;4;1;6;0;13;24;6;0;17;11;0;1;6;6;2;22;-8.969580381219368;19;6;3;0;13;10;4;3;2;4;24;3;18;2;2;0;4;14;4;4;6;24;4;1;6;2;22;-0.1976746547291129;21;4.379480538480021;5;1;24;21;-2.389306886226155;6;4;3;1;1;17;13;4;8;5;6;0;6;2;4;3;5;25;4;1;1;24;20;-4.272093426721777;4;9;4;5;1;1;4;14;1;8;24;3;6;12
TRACK:362;354;-1;0;2;2;6;1;1;3;3;2;0;20;-8.987038985676868;23;-5.22064991209467;4;21;-8.219153309128071;6;6;3;5;13;1;0;0;3;5;23;-3.8687055524164755;4;6;21;-2.289152250174715;2;6;4;12;6;1;14;10;3;2;0;3;11;0;15;19;3;5;15;2;0;3;0;5;2;0;12;8;4;17;1;4;4;12;2;4;12;5;8;4;5;6;1;0;21;-6.640817501586974;24;1;21;3.769640913628527;14;4;2;1;2;3;17;6;14;2;0;5;15;0;18;19;5;5;13;4;5;3;1;10;7;3.585988522339456;4;5;2;6;3;3;0;1;16;9;6;25;1;4;3;4;0;24;8;1;4;6;6;12;0;4;6;19;4;6;10;2;6;2;2;1;2;5;2;0;12;10;4;14;4;1;1;8;14;4;11;4;1;6;0;13;24;6;0;17;11;0;1;6;6;2;22;-8.94488765657713;19;6;3;0;13;10;4;3;2;4;24;3;18;2;2;0;4;14;4;4;6;24;4;1;6;2;22;-0.4290915112365261;21;4.511876484732863;5;1;24;21;-2.552587175371049;6;4;3;1;1;17;13;4;8;5;6;0;4;6;19;4;5;1;1;4;14;1;8;24;3;6;12
TRACK:363;356;-1;0;2;2;6;1;1;3;3;2;4;15;4;21;-8.128492102564817;6;6;3;5;13;1;0;0;3;5;14;4;6;21;-2.3292991930501197;2;6;4;12;6;1;14;10;3;2;0;3;11;0;15;19;4;21;-7.77982783407676;2;0;3;0;5;2;0;12;8;4;17;1;4;4;12;2;4;12;5;8;4;5;4;9;4;2;1;2;3;17;6;14;2;0;5;15;0;18;19;5;5;13;4;5;3;1;10;7;3.614810490520477;4;5;2;6;3;3;0;1;16;9;6;25;1;4;3;4;0;24;8;1;4;6;6;12;0;4;6;19;4;6;10;2;6;2;2;1;2;5;2;0;12;10;4;14;4;1;1;8;14;4;11;4;1;6;0;13;8;6;0;17;11;0;1;6;6;2;22;-8.871126849940861;19;6;3;0;13;10;4;3;2;4;24;3;18;2;2;0;4;14;4;4;6;24;4;1;6;2;22;-0.11958872362653716;21;4.487865936538455;5;1;24;21;-2.4949818046306134;6;4;3;1;1;17;13;4;8;5;6;0;6;2;4;3;5;25;4;1;1;24;20;-3.814335642373059;4;9;4;5;1;1;4;14;1;8;24;3;6;12
TRACK:364;358;-1;0;2;2;6;1;1;3;3;2;0;20;-9.078589393590189;23;-5.010416506436616;4;21;-8.100456288767763;6;6;3;5;13;1;0;0;3;5;14;4;6;21;-2.434769327663861;2;6;4;12;6;1;14;10;3;2;0;3;11;0;15;19;3;5;15;2;0;3;0;5;2;2;19;21;9.383275677620585;2;24;14;1;4;4;12;2;4;12;5;8;4;5;6;1;0;21;-6.7130754071080485;24;1;21;3.969274647953795;14;4;2;1;2;3;17;6;14;2;0;5;15;0;18;19;5;5;13;4;5;3;1;10;7;3.426367477585228;4;5;2;6;3;3;0;1;16;9;6;25;1;4;3;4;0;24;8;1;4;6;6;12;0;12;8;2;6;2;2;1;2;5;2;0;12;10;4;14;4;1;1;8;14;4;11;4;1;6;0;13;24;6;0;17;11;0;1;6;6;2;22;-9.162229462415723;19;6;3;0;13;10;4;3;2;4;24;3;18;2;2;0;4;14;4;4;6;24;4;1;6;2;22;-0.42453014407179834;21;4.31762791425725;5;1;24;21;-2.3626569680528275;6;4;3;1;1;17;13;4;8;5;6;0;6;2;4;3;5;25;4;1;1;24;20;-4.165225957422456;4;9;4;5;1;1;4;14;1;8;24;3;6;12
TRACK:365;351;-1;0;2;2;6;1;1;3;4;14;6;6;3;5;13;1;0;0;3;5;14;4;6;21;-2.3187222744052125;2;6;4;12;6;1;14;10;3;2;0;3;11;0;15;19;3;5;15;2;0;3;0;5;2;0;17;8;4;17;1;4;4;12;2;4;12;5;8;4;5;6;1;0;21;-6.749365886601583;24;1;21;3.8370093105889804;14;4;2;1;2;3;17;6;14;2;0;5;15;0;18;19;5;5;13;4;5;3;1;10;7;3.6980248829906093;4;5;2;6;3;3;0;1;16;9;6;25;1;4;3;4;0;24;8;1;4;6;6;12;0;4;6;19;4;6;10;2;6;2;2;1;2;5;2;0;12;10;4;14;4;1;1;8;14;4;11;4;1;6;0;13;24;6;0;17;11;0;1;6;6;2;22;-9.127156620885243;19;6;3;0;13;10;4;3;2;4;24;3;18;2;2;0;4;14;4;4;6;24;4;1;6;2;22;-0.38374116159671745;21;4.533135719978987;5;1;24;12;6;4;3;1;1;17;13;4;8;5;6;0;6;2;4;3;5;25;4;1;1;24;20;-4.202426564267889;4;9;4;5;1;1;4;14;1;8;24;3;6;12
TRACK:366;353;-1;0;2;2;6;1;1;3;3;2;0;20;-9.138587677425875;23;-5.453565904051876;4;21;-8.189441627352828;6;6;3;5;13;1;0;0;3;5;14;4;6;21;-2.6055777768675967;2;6;4;12;6;1;14;10;2;1;0;2;15;17;6;24;6;2;10;24;0;3;2;16;15;2;3;13;3;25;2;0;3;0;5;2;0;12;8;4;25;1;4;4;12;2;4;12;5;8;4;5;6;1;0;21;-6.998531573771244;24;1;21;3.9718525484782736;14;4;2;1;2;3;17;6;14;2;0;5;15;0;18;19;5;5;13;4;5;3;1;10;7;3.5615467403969223;4;5;2;6;3;3;0;1;16;9;6;25;1;4;3;4;0;24;8;1;4;6;3;8;0;19;4;6;10;2;6;2;2;1;2;5;2;0;12;10;4;14;4;1;1;8;14;4;11;4;1;22;-0.24434388763196535;6;0;17;11;0;1;6;6;2;22;-8.894469194617404;19;6;3;0;13;10;4;3;2;4;24;3;18;2;2;0;4;14;4;4;6;24;4;1;6;2;22;0.2002950445014448;21;4.4679372180120565;5;1;24;21;-2.537625270699296;6;4;3;1;1;17;13;4;8;5;6;0;6;2;4;3;5;25;4;1;1;24;20;-4.2163406111603905;4;9;4;5;1;1;4;14;1;8;24;3;6;12
TRACK:367;355;-1;0;2;2;6;1;1;3;3;2;0;20;-9.304705681614053;23;-5.131623572069327;4;21;-7.98697037606415;6;6;3;5;13;1;0;0;3;5;14;4;6;21;-2.522050545282375;2;6;4;12;6;1;14;10;2;1;0;2;15;17;6;24;21;-6.926633639548935;0;3;2;16;15;2;3;13;3;25;2;0;3;0;5;2;3;12;1;23;-8.948012316211926;7;1.1578784629610614;1;4;4;12;2;4;12;5;8;4;5;6;1;0;21;-6.805473799426726;24;1;21;4.028269035058981;14;4;2;1;2;3;17;6;14;13;4;4;0;5;9;4;9;4;5;2;6;3;3;0;1;16;9;6;25;1;4;3;4;0;24;8;1;4;6;3;8;0;4;6;19;4;6;10;2;6;2;2;1;2;5;2;0;12;10;4;14;4;1;1;8;14;4;11;4;1;6;0;13;24;6;0;17;11;0;1;6;6;2;22;-9.018897169059487;19;6;3;0;13;10;4;3;2;4;24;3;18;2;2;0;4;14;4;4;6;24;4;1;6;2;22;-0.18016324423779095;21;4.123466879643141;5;1;24;21;-2.257012483717294;6;4;3;1;1;17;13;4;8;5;6;0;6;2;4;3;5;25;4;1;1;24;20;-4.493384930306003;4;9;4;5;1;1;4;14;1;8;24;3;6;12
TRACK:368;357;-1;0;2;2;6;1;1;3;3;2;0;20;-9.39232472587036;23;-5.209785357278138;4;21;-7.654999516143307;6;6;3;5;13;1;0;0;3;5;14;4;6;21;-2.222324514862735;2;6;4;12;6;1;14;10;2;1;0;2;15;17;6;24;6;19;0;3;2;16;15;2;3;13;3;25;2;0;3;0;5;2;3;12;1;23;-8.873805253656778;7;0.8802624973327958;1;4;4;12;2;4;12;5;8;4;5;6;1;0;21;-6.965638382807018;24;1;21;4.286520585295566;14;4;2;1;2;3;17;6;14;13;4;5;3;1;10;7;3.629663087168789;4;5;2;6;3;3;0;1;16;9;6;25;1;4;3;4;0;24;8;1;4;6;3;8;0;4;6;19;4;6;10;2;6;2;2;1;2;5;2;0;12;10;4;12;4;1;1;8;14;4;11;4;1;6;0;13;24;6;0;17;11;0;1;6;6;2;22;-8.877826939384885;19;6;3;0;13;10;4;3;2;4;24;3;18;2;2;0;4;14;4;4;6;24;4;1;6;2;22;-0.2393698838439589;21;3.9912447005965848;5;1;23;0.7428932725102761;15;6;4;3;1;1;17;13;4;8;5;6;0;6;2;4;3;5;25;4;1;1;24;20;-4.350791925545671;4;9;4;5;1;1;4;14;1;8;24;3;6;12
TRACK:369;359;-1;0;2;2;6;1;1;3;3;2;0;20;-9.193724872917372;23;-5.572782598340872;4;21;-8.020937979645216;6;6;3;5;13;1;0;0;3;5;14;4;6;21;-2.5235548499022027;2;6;4;12;6;1;14;10;2;1;0;2;15;17;6;24;0;9;9;0;3;6;19;2;3;13;3;25;2;0;3;0;5;2;0;12;8;4;25;1;4;4;12;2;4;12;5;8;4;5;6;1;0;21;-6.564645408852931;24;1;21;4.063398936182166;14;4;2;1;2;3;17;6;14;2;0;5;15;0;18;19;5;5;13;4;5;3;1;10;7;3.55177460892174;4;5;2;6;3;3;0;1;16;9;6;25;1;4;3;4;0;24;8;1;4;6;3;8;0;19;4;6;10;2;6;2;2;1;0;5;15;0;18;19;4;1;6;0;13;24;6;0;17;11;0;1;6;6;2;22;-8.979177061673846;19;6;3;0;13;10;4;3;2;4;24;3;18;2;2;0;4;14;4;4;6;24;4;1;6;2;22;0.08044615865388381;21;4.311603866360539;5;1;24;21;-2.7042184665868363;6;4;3;1;1;17;13;4;8;5;6;0;6;2;4;3;5;25;4;1;1;24;20;-4.185225321544531;4;9;4;5;1;1;4;14;1;8;24;3;6;12
EVAL_INSTANCE:18:0:360
EVAL_INSTANCE:18:1:361
EVAL_INSTANCE:18:2:362
EVAL_INSTANCE:18:3:363
EVAL_INSTANCE:18:4:364
EVAL_INSTANCE:18:5:365
EVAL_INSTANCE:18:6:366
EVAL_INSTANCE:18:7:367
EVAL_INSTANCE:18:8:368
EVAL_INSTANCE:18:9:369
RUN_RESULT:18:0:0:175:DDDDLRURURULDLUDLDLURRURRUUULLLLLL
RUN_RESULT:18:1:0:175:DDDDLRURURULDLUDLDLURRURRUUULLLLLL
RUN_RESULT:18:2:0:2000:----
RUN_RESULT:18:3:0:175:DDDDLRURURULDLUDLDLURRURRUUULLLLLL
RUN_RESULT:18:4:0:175:DDDDLRURURULDLUDLDLURRURRUUULLLLLL
RUN_RESULT:18:5:0:2000:----
RUN_RESULT:18:6:0:175:DDDDLRURURULDLUDLDLURRURRUUULLLLLL
RUN_RESULT:18:7:0:207:DDDDLRURURULDLUDLDLURRURRUUULLLLLL
RUN_RESULT:18:8:0:2000:----
RUN_RESULT:18:9:0:175:DDDDLRURURULDLUDLDLURRURRUUULLLLLL
    19 |      190 | -3.825000E+03 | -3.825000E+03
TRACK:370;87;44;0;2;2;6;1;1;3;3;2;0;20;-9.22140691141287;23;-5.356547854922755;4;21;-7.937198226286189;6;6;3;5;13;1;0;0;3;5;14;4;6;21;-2.920680370917604;6;24;2;1;0;5;21;0.704972914765392;6;24;6;2;10;24;0;3;2;16;15;2;3;13;3;25;2;0;3;0;5;2;0;12;8;4;17;1;4;4;12;2;4;12;5;8;4;5;6;1;0;21;-6.735825290392697;24;1;21;3.956202785364934;14;4;2;1;2;3;17;6;14;2;0;5;15;0;18;19;5;5;13;4;5;3;1;10;7;3.477728803114056;4;5;2;6;3;3;0;1;16;9;6;25;1;4;3;4;0;24;8;1;4;6;3;8;0;4;6;19;4;6;10;2;6;2;2;1;2;5;2;0;12;10;4;14;4;1;1;8;14;4;11;4;1;6;0;13;24;6;0;17;11;0;1;6;6;2;22;-8.898987450749514;19;6;3;0;13;10;4;3;2;4;24;3;18;2;2;0;4;14;4;4;6;24;4;1;6;2;22;-0.2521133220757505;21;4.383417352134787;5;1;24;21;-2.3613878850531944;6;4;3;1;1;17;13;4;8;5;6;0;6;2;4;3;5;25;4;1;1;24;20;-4.299324529556566;4;9;4;5;1;1;4;14;1;8;24;3;6;12
TRACK:371;87;44;0;2;2;6;1;1;3;3;2;0;20;-9.12096739450493;23;-5.419109646074577;4;21;-8.03692184319495;6;6;3;5;13;1;0;0;3;5;14;4;6;21;-2.437220589822696;2;6;4;12;6;1;14;10;2;1;0;2;15;17;6;24;6;2;10;24;0;3;2;16;15;2;3;13;3;25;2;0;3;0;5;2;0;12;8;4;25;1;4;4;12;2;4;12;5;8;4;5;6;1;0;21;-6.7854491109025465;24;1;21;4.049489369914762;14;4;2;1;2;3;17;6;14;2;0;5;15;0;18;19;5;5;13;4;5;3;1;10;7;3.4553673926626254;4;5;2;6;3;3;0;1;16;9;6;25;1;4;3;4;0;24;8;1;4;6;3;8;0;19;4;6;10;2;6;2;2;1;2;5;2;0;12;10;4;14;4;1;1;8;14;4;11;4;1;6;0;13;24;6;0;17;11;0;1;6;6;2;22;-8.760219911542713;19;6;3;0;13;10;4;3;2;4;24;3;18;2;2;0;4;14;4;4;6;24;4;1;6;2;22;0.07086803024715693;21;4.353482196039044;5;1;24;21;-2.652947581004392;6;4;3;1;1;17;13;4;8;5;6;0;6;2;4;3;5;25;4;1;1;24;20;-4.146579591004465;4;9;4;5;1;1;4;14;1;8;24;3;6;12
TRACK:372;65;88;0;2;2;6;1;1;3;3;2;0;20;-9.142174341288118;23;-5.476607099667321;4;21;-7.989868346972402;6;6;3;5;14;1;0;0;3;5;14;4;6;21;-2.469235086385175;2;6;4;12;6;1;14;10;2;1;0;2;15;17;6;24;0;9;9;0;3;2;16;15;2;3;13;3;25;2;0;3;0;5;2;0;12;8;4;25;1;4;4;12;2;4;12;5;8;4;5;6;1;0;21;-6.6669315195832395;24;1;21;3.9432670073111042;14;4;2;1;2;3;17;6;14;2;0;5;15;0;18;19;5;5;13;4;5;3;1;10;7;3.4956836486648726;4;5;2;6;3;3;0;1;16;9;6;25;1;4;3;4;0;24;8;1;4;6;3;8;0;19;4;6;10;2;6;2;2;1;2;5;2;0;12;10;4;14;4;1;1;8;14;4;11;4;1;6;0;13;24;6;0;17;11;0;1;6;6;2;22;-8.818565801060581;19;6;3;0;13;10;4;3;2;4;24;3;18;2;2;0;4;14;4;4;6;24;4;1;6;2;22;-0.04820561264654773;21;4.244991454438717;5;1;24;21;-2.7605602495770816;6;4;3;1;1;17;13;4;8;5;6;0;6;2;4;3;5;25;4;1;1;24;20;-4.158650239660866;4;9;4;5;1;1;4;14;1;8;24;3;6;12
TRACK:373;65;88;0;2;2;6;1;1;3;3;2;0;20;-9.378368103468253;23;-5.1800655086892275;4;21;-7.724444283222472;6;6;3;5;13;1;0;0;3;5;14;4;6;21;-2.425562578562194;2;6;4;12;6;1;14;10;2;1;0;2;15;17;6;24;6;19;0;3;2;16;15;2;3;13;3;25;2;0;3;0;5;2;3;12;1;23;-8.790750727341143;7;0.960337777295352;1;4;4;12;2;4;12;5;8;4;5;6;1;0;21;-6.925171044840573;24;1;21;4.094563455063977;14;4;2;1;2;3;17;6;14;13;4;5;3;1;10;7;3.5282408898028312;4;5;2;6;3;3;0;1;16;9;6;25;1;4;3;4;0;24;8;1;4;6;3;8;0;4;6;19;4;6;10;2;6;2;2;1;2;5;2;0;12;10;4;14;4;1;1;8;14;4;11;4;1;6;0;13;24;6;0;17;11;0;1;6;6;2;22;-8.909213420020492;19;6;3;0;13;10;4;3;2;4;24;3;18;2;2;0;4;14;4;4;6;24;4;1;6;2;22;-0.17825308290609687;21;4.053981302340231;5;1;24;21;-2.544544060733273;6;4;3;1;1;17;13;4;8;5;6;0;6;2;4;3;5;25;24;4;5;1;1;4;14;1;8;24;3;6;12
TRACK:374;60;88;0;2;2;6;1;1;3;3;2;0;20;-9.192258696042499;23;-5.258280250042499;4;21;-7.93427093830071;21;-7.724444283222472;1;0;0;3;5;14;4;6;21;-2.5500717300020197;2;6;4;12;6;1;14;10;2;1;0;2;15;17;6;24;6;2;10;24;0;3;2;16;15;2;3;13;3;25;2;0;3;0;5;2;3;12;1;23;-8.907562571560689;7;1.0537153632971368;1;4;4;12;2;4;12;5;8;4;5;6;1;0;21;-6.906578412026499;24;1;21;4.037530857715165;14;4;2;1;2;3;17;6;14;13;4;5;3;1;10;7;3.478674435023467;4;5;2;6;3;3;0;1;16;9;6;25;1;4;3;4;0;24;8;1;4;6;3;8;0;4;6;19;4;6;10;2;6;2;2;1;2;5;2;0;12;10;4;14;4;1;1;8;14;4;11;4;1;6;0;13;24;6;0;17;11;0;1;6;6;2;22;-8.884185887258926;19;6;3;0;13;10;4;3;2;4;24;3;18;2;2;0;4;14;4;4;6;24;4;1;6;2;22;-0.19323754847240257;21;4.224876219872504;5;1;24;21;-2.497546817061575;6;4;3;1;1;17;13;4;8;5;6;0;6;2;4;3;5;25;4;1;1;24;20;-4.410736272929883;4;9;4;5;1;1;4;14;1;8;24;3;6;12
TRACK:375;60;88;0;2;2;6;1;1;3;3;2;0;20;-9.378368103468253;23;-5.1800655086892275;4;21;-7.724444283222472;6;6;3;5;13;1;0;0;3;5;14;4;6;21;-2.425562578562194;2;6;4;12;6;1;14;10;2;1;0;2;15;17;6;24;6;19;0;3;2;16;15;2;3;13;3;25;2;0;3;0;5;2;3;12;1;23;-8.790750727341143;7;0.960337777295352;1;4;4;12;2;4;12;5;8;4;5;6;1;0;21;-6.925171044840573;24;1;21;4.094563455063977;14;4;2;1;2;3;17;6;14;13;4;5;3;1;10;7;3.5282408898028312;4;5;2;6;3;3;0;1;16;9;6;25;1;4;3;4;0;24;8;1;4;6;3;8;0;4;6;19;4;6;10;2;6;2;2;1;2;5;2;0;12;10;4;14;4;1;1;8;14;4;11;4;1;6;0;13;24;6;0;17;11;0;1;6;6;2;22;-8.909213420020492;19;6;3;0;13;10;4;3;2;4;24;3;18;2;2;0;4;14;4;4;6;24;4;1;6;2;22;-0.17825308290609687;21;4.053981302340231;5;1;24;21;-2.544544060733273;6;4;3;1;1;17;13;4;8;5;6;0;6;2;4;3;5;25;4;1;12;4;9;4;5;1;1;4;14;1;8;24;3;6;12
TRACK:376;65;28;0;2;2;6;1;1;3;3;2;0;20;-9.142174341288118;23;-5.476607099667321;4;21;-7.989868346972402;6;6;3;5;13;1;0;0;3;5;14;4;6;21;-2.469235086385175;2;6;4;12;6;1;14;10;2;1;0;2;15;17;6;24;0;9;9;0;3;2;16;15;2;3;13;3;25;2;0;3;0;5;2;0;12;8;4;25;1;4;4;12;2;4;12;5;8;4;5;6;1;0;21;-6.6669315195832395;24;1;21;3.9432670073111042;14;4;2;1;2;3;17;6;14;2;0;5;15;0;18;19;5;5;13;4;5;3;1;10;7;3.4956836486648726;4;5;2;6;3;3;0;1;16;9;6;25;1;4;3;4;0;24;8;1;4;6;3;8;0;19;4;6;10;2;6;2;2;1;2;5;2;0;12;10;4;14;4;1;1;8;14;4;11;4;1;6;0;13;24;6;0;17;11;0;1;6;6;2;22;-8.818565801060581;19;6;3;0;13;10;4;3;2;4;24;3;18;2;2;0;4;14;4;4;6;24;4;1;6;2;22;-0.04820561264654773;21;4.244991454438717;24;6;4;3;1;1;17;13;4;8;5;6;0;6;2;4;3;5;25;4;1;1;24;20;-4.158650239660866;4;9;4;5;1;1;4;14;1;8;24;3;6;12
TRACK:377;65;28;0;2;2;6;1;1;3;3;2;0;20;-9.189321075933545;23;-5.25724258769798;4;21;-8.073949376302828;6;6;3;5;13;1;0;0;3;5;14;4;6;21;-2.5655216568432837;2;6;4;12;6;1;14;10;1;0;21;-6.6669315195832395;24;1;21;3.9432670073111042;14;2;0;3;0;5;2;0;12;8;4;17;1;4;4;12;2;4;12;5;8;4;5;6;1;0;21;-6.876253819295027;24;1;21;3.9482990119476673;14;4;2;1;2;3;17;6;14;2;0;5;15;0;18;19;5;5;13;4;5;3;1;10;7;3.586909131528662;4;5;2;6;3;3;0;1;16;9;6;25;1;4;3;4;0;24;8;1;4;6;3;8;0;4;6;19;4;6;10;2;6;2;2;1;2;5;2;0;12;10;4;14;4;1;1;8;14;4;11;4;1;6;0;13;24;6;0;17;11;0;1;6;6;2;22;-8.862698691067756;19;6;3;0;13;10;4;3;2;4;24;3;18;2;2;0;4;14;4;4;6;24;4;1;6;2;22;-0.1952685923132209;21;4.372864502508431;5;1;24;21;-2.4938990947175395;6;4;3;1;1;17;13;4;8;5;6;0;6;2;4;3;5;25;4;1;1;24;20;-4.281222223392238;4;9;4;5;1;1;4;14;1;8;24;3;6;12
TRACK:378;87;84;0;2;2;6;1;1;3;3;2;0;20;-9.22140691141287;23;-5.356547854922755;4;21;-7.937198226286189;6;6;3;5;13;1;0;0;3;5;14;4;6;21;-2.920680370917604;2;6;4;12;6;1;14;10;2;1;0;5;21;0.704972914765392;6;24;6;2;10;24;0;3;2;16;15;2;3;13;3;25;2;0;3;0;5;2;0;12;8;4;17;1;4;4;12;2;4;12;5;8;4;5;6;1;0;21;-6.735825290392697;24;1;21;3.956202785364934;14;4;2;1;2;3;17;6;14;2;0;5;15;0;18;19;5;5;13;4;5;3;1;10;7;3.477728803114056;4;5;2;6;3;3;0;1;16;9;6;25;1;4;3;4;0;24;8;1;4;6;3;8;0;4;6;19;4;6;10;2;4;24;3;18
TRACK:379;87;84;0;2;2;6;1;1;3;3;2;4;15;4;21;-8.198283303152134;6;6;3;5;13;1;0;0;3;5;14;4;6;21;-2.3548988640673376;2;6;4;12;6;1;14;10;3;2;0;3;11;0;15;19;3;5;15;2;0;3;0;5;2;0;12;8;4;17;1;4;4;12;2;4;12;5;8;4;5;4;9;4;2;1;2;3;17;6;14;2;0;5;15;0;18;19;5;5;13;4;5;3;1;10;7;3.655109646547113;4;5;2;6;3;3;0;1;16;9;6;25;1;4;3;4;0;24;8;1;4;6;6;12;0;4;6;19;4;6;10;2;6;2;2;1;2;5;2;0;12;10;4;14;4;1;1;8;14;4;11;4;1;6;0;13;24;6;0;17;11;0;1;6;6;2;22;-8.814079797688489;19;6;3;0;13;10;4;3;2;4;24;3;18;2;2;0;4;14;4;4;6;24;4;1;6;2;22;-0.10410059793716492;21;4.413927649955681;5;1;24;21;-2.4232739931296137;6;4;3;1;1;17;13;4;8;5;6;0;6;2;4;3;5;25;4;1;1;24;20;-3.96847849742979;4;9;4;5;1;1;4;14;1;8;19;3;6;12
TRACK:380;370;-1;0;2;2;6;1;1;3;3;2;0;20;-9.347582105173478;23;-5.352950126611121;4;21;-7.844379866050437;6;6;3;5;13;1;0;0;3;5;14;4;6;21;-2.8667605860314285;6;24;2;1;0;5;21;0.8120194280919963;6;24;6;2;10;24;0;3;2;16;15;2;3;13;3;25;2;0;3;0;5;2;0;12;8;4;17;1;4;4;12;2;4;12;5;8;4;5;6;1;0;21;-6.6988151744926165;24;1;21;4.107940686126173;14;4;2;1;2;3;17;6;14;2;0;5;15;0;18;19;5;5;13;4;5;3;1;10;7;3.4645375846891495;4;5;2;6;3;3;0;1;16;9;6;25;1;4;3;4;0;24;8;1;4;6;3;8;0;4;6;19;4;6;10;2;6;2;2;1;2;5;2;0;12;10;4;14;4;1;1;8;14;4;11;4;1;6;0;13;24;6;0;17;11;0;1;6;6;2;22;-8.87903424537204;19;6;3;0;13;10;4;3;2;4;24;3;18;2;2;0;4;14;4;4;6;24;4;1;6;2;22;-0.19237651355177776;21;4.358855363332939;5;1;24;21;-2.3431966669701283;6;4;3;1;1;17;13;4;8;5;6;0;6;2;4;3;5;25;4;1;1;24;20;-4.314528812373119;4;9;4;5;1;1;4;14;1;8;24;3;2;17;12
TRACK:381;65;-1;0;2;2;6;1;1;3;3;2;0;20;-9.216170328274142;23;-5.559002430935724;4;21;-8.039329500179251;6;6;3;5;13;1;0;0;3;5;14;4;6;21;-2.298845461786043;2;6;4;12;6;1;14;10;2;1;0;2;15;17;6;24;0;9;9;0;3;2;16;15;2;3;13;3;25;2;0;3;0;5;2;0;12;8;4;25;1;4;4;12;2;4;12;5;8;4;5;6;1;0;21;-6.5866339066161155;24;1;21;3.9112665253449674;14;4;2;1;2;3;17;6;14;2;3;8;5;5;13;4;5;3;1;10;7;3.4172730456631517;4;5;2;6;3;3;0;1;16;9;6;25;1;4;3;4;0;24;8;1;4;6;3;8;0;19;4;6;10;2;6;2;2;1;2;5;2;0;12;10;4;14;4;1;1;8;14;4;11;4;1;6;0;13;24;6;0;17;11;0;1;6;6;2;22;-8.772759920688252;19;6;3;0;13;10;4;3;2;4;24;3;18;2;2;0;4;14;4;4;6;24;4;1;6;2;22;0.06705099482755815;21;4.285006057322718;5;1;24;21;-2.8817518224753376;6;4;3;1;1;17;13;4;8;5;6;0;6;2;4;3;5;25;4;1;1;24;20;-4.252997308705212;4;9;4;5;1;1;4;14;1;8;24;3;6;12
TRACK:382;374;-1;0;2;2;6;1;1;3;3;2;0;20;-9.311597794621841;23;-5.134816919566137;4;21;-8.038535406790658;21;-7.742296801856465;1;0;0;3;5;14;4;6;21;-2.474771553152447;2;6;4;12;6;1;14;10;2;1;0;2;15;17;6;24;6;2;10;24;0;3;2;16;15;2;3;13;3;25;2;0;3;0;5;2;3;12;1;23;-8.884401196815976;7;0.9419262801119107;1;4;4;12;2;4;12;5;8;4;5;6;1;0;21;-6.888980753172944;24;1;21;3.88976170459285;14;4;2;1;2;3;17;6;14;13;4;5;3;1;10;7;3.4562742314102852;4;5;2;6;3;3;0;1;16;9;6;25;1;4;3;4;0;24;8;1;4;6;3;8;0;6;0;10;10;4;6;10;2;6;2;2;1;2;5;2;0;12;10;4;14;4;1;1;8;14;4;11;4;1;6;0;13;24;6;0;17;11;0;1;6;6;2;22;-8.992770755990936;19;6;3;0;13;10;4;3;2;4;24;3;18;2;2;0;4;14;4;4;6;24;4;1;6;2;22;-0.21367176111725356;21;4.131011515747922;5;1;24;21;-2.4375069088518075;6;4;3;1;1;17;13;4;8;5;6;0;6;2;4;3;5;25;4;1;1;24;20;-4.547287923994725;4;9;4;5;1;1;4;14;1;8;24;3;6;12
TRACK:383;376;-1;0;2;2;6;1;1;3;3;2;0;20;-9.130970599349748;23;-5.450788728472352;4;21;-7.967181239486222;6;6;3;5;13;1;0;0;3;5;14;4;6;21;-2.455723487671538;2;6;4;12;6;1;14;10;2;1;2;6;24;4;25;0;9;9;0;3;2;16;15;2;3;13;3;25;2;0;3;0;5;2;0;12;8;4;25;1;4;4;12;2;4;12;5;8;4;5;6;1;0;21;-6.759562663112069;24;1;21;3.840136652235562;14;4;2;1;2;3;17;6;14;2;0;5;15;0;18;19;5;5;13;4;5;3;1;10;7;3.577802851990471;4;5;2;6;3;3;0;1;16;9;6;25;1;4;3;4;0;24;8;1;4;6;3;8;0;19;4;6;10;2;6;2;2;1;2;5;2;0;12;10;4;14;4;1;1;8;14;4;11;4;1;6;0;13;24;6;0;17;11;0;1;6;6;2;22;-8.561041752120344;19;6;3;0;13;10;4;3;2;4;24;3;18;2;2;0;4;14;4;4;6;24;4;1;6;2;22;-0.07215947419545608;21;4.1757128020175145;24;6;4;3;1;1;17;13;4;8;5;6;0;6;2;4;3;5;25;4;1;1;24;20;-4.169825044712949;4;9;4;5;1;1;4;14;1;8;24;3;6;12
TRACK:384;378;-1;0;2;2;6;1;1;3;3;2;0;20;-9.070363244958441;23;-5.350625162455878;4;21;-7.862789975790364;6;6;3;5;13;1;0;0;3;5;14;4;6;21;-3.0670072827856223;2;6;4;12;6;1;14;10;2;1;0;5;21;0.862545186212379;6;24;6;2;10;24;0;3;3;17;2;3;13;3;25;2;0;3;0;5;2;0;12;8;4;17;1;4;4;12;2;4;12;5;8;4;5;6;1;0;21;-6.711525715359767;24;1;21;3.8457297259908456;14;4;2;1;2;3;17;6;14;2;0;5;15;0;18;19;5;5;13;4;5;3;1;10;7;3.551384769255933;4;5;2;6;3;3;0;1;16;9;6;25;1;4;3;4;0;24;8;1;4;6;3;8;0;4;6;19;4;6;10;2;4;24;3;18
TRACK:385;371;-1;0;2;2;6;1;1;3;3;2;0;20;-9.248406354746363;23;-5.428631128866082;4;21;-7.961388249640876;6;6;3;5;13;1;0;0;3;5;14;4;6;21;-2.301117562595538;2;6;4;12;6;1;14;10;2;1;0;2;15;17;6;24;6;2;10;24;0;3;2;16;15;2;3;13;3;25;2;0;3;0;5;2;0;12;8;4;25;1;4;4;12;2;4;12;5;8;4;5;6;1;0;21;-6.488303964336607;24;1;21;3.9699220473537635;14;4;2;1;2;3;17;4;4;14;2;0;5;15;0;18;19;5;5;13;4;5;3;1;10;7;3.661840308982297;4;5;2;6;3;3;0;1;16;9;6;25;1;4;3;4;0;24;8;1;4;6;3;8;0;19;4;6;10;2;6;2;2;1;2;5;2;0;12;10;4;14;4;1;1;8;14;4;11;4;1;6;0;13;24;6;0;17;11;0;1;6;6;2;22;-8.637889473134804;19;6;3;0;13;10;4;3;2;4;24;3;18;2;2;0;4;14;4;4;6;24;4;1;6;2;22;0.15084616793590916;21;4.245161485907093;5;1;24;21;-2.7225112744066378;6;4;3;1;1;17;13;4;8;5;6;0;6;2;4;3;5;25;4;1;1;24;20;-4.131529033623178;4;9;4;5;1;1;4;14;1;8;24;3;6;12
TRACK:386;88;-1;0;2;2;6;1;1;3;3;2;0;20;-9.246755882040826;23;-5.149770455559005;4;21;-7.5604729200770215;6;6;3;5;13;1;0;0;3;5;14;4;6;21;-2.365597372258379;2;6;4;12;6;1;14;10;2;1;0;2;15;17;6;24;6;19;0;3;2;16;15;2;3;13;3;25;2;0;3;0;5;2;3;12;1;23;-8.86586570828197;7;1.0220418069307755;1;4;4;12;2;4;12;5;8;4;5;6;1;0;21;-6.997677372003551;24;1;21;4.043726197334507;14;4;2;1;2;3;17;6;14;13;4;5;3;1;10;7;3.4764236239269533;4;5;2;6;3;3;0;1;16;9;6;25;1;4;3;4;0;24;8;1;4;6;3;8;0;4;6;19;4;6;10;2;6;2;2;1;2;5;2;0;12;10;4;14;4;1;1;8;14;4;11;4;1;0;25;11;6;0;17;11;0;1;6;6;2;22;-8.972157621467673;19;6;3;0;13;10;4;3;2;4;24;3;18;2;2;0;4;14;4;4;6;24;4;1;6;2;22;-0.0466312798749032;21;4.10926676255577;5;1;24;21;-2.5846404576779562;6;4;3;1;1;17;13;4;8;5;6;0;6;2;4;3;5;25;4;1;1;24;20;-4.435003721874136;4;9;4;5;1;1;4;14;1;8;24;3;6;12
TRACK:387;375;-1;0;2;2;6;1;1;3;3;2;0;20;-9.286907475859328;23;-5.203079984709432;4;21;-7.687278656219434;6;6;3;5;13;1;0;0;3;5;14;4;6;21;-2.2178653554640984;2;6;4;12;6;1;14;10;2;1;0;2;15;17;6;24;6;19;0;3;2;16;15;2;3;13;3;25;2;0;3;0;5;2;3;12;1;23;-8.735834281552524;7;0.9875052700057546;1;4;4;12;2;4;12;5;8;4;5;6;1;0;21;-6.991151490140518;24;1;21;4.270042542893218;14;4;2;1;2;3;17;6;14;13;4;5;3;1;10;7;3.559880376537373;4;5;2;6;3;3;0;1;16;9;6;25;1;4;3;4;0;24;8;1;4;6;3;8;0;4;6;19;4;6;10;2;6;2;2;1;2;5;2;0;12;10;4;14;4;1;1;8;14;4;11;4;1;6;0;13;24;6;0;17;11;0;1;6;6;2;22;-8.88173128157631;19;6;3;0;13;10;4;3;2;4;24;3;18;2;2;0;4;14;6;2;6;21;1.0742998497706715;6;17;4;1;6;2;22;-0.06686533484273224;21;4.136123179551237;5;1;24;21;-2.5816331362611242;6;4;3;1;1;17;13;4;8;5;6;0;6;2;4;3;5;25;4;1;12;4;9;4;5;1;1;4;14;1;8;24;3;6;12
TRACK:388;377;-1;0;2;2;6;1;1;3;3;2;0;20;-9.135031654019002;23;-5.225224681136759;4;21;-8.244440966730268;6;6;3;5;13;3;23;0.6394636882581768;2;0;3;0;5;2;0;12;8;4;17;1;4;4;12;2;4;12;5;8;4;5;6;1;0;21;-6.8188490447945345;24;1;21;4.005852389070924;14;4;2;1;2;3;17;6;14;2;0;5;15;0;18;19;5;5;13;4;5;3;1;10;7;3.7229508591866916;4;5;2;6;3;3;0;1;16;9;6;25;1;4;3;4;0;24;8;1;4;6;3;8;0;4;6;19;4;6;10;2;6;2;2;1;2;5;2;0;12;10;4;14;4;1;1;8;14;4;11;4;1;6;0;13;24;6;0;17;11;0;1;6;6;2;22;-8.983019962808322;19;6;3;0;13;10;4;3;2;4;24;3;18;2;2;0;4;14;4;4;6;24;4;1;6;2;22;-0.13625414484743054;21;4.264240672933348;5;1;24;21;-2.5010801972564187;6;4;3;1;1;17;13;4;8;5;6;0;6;2;4;3;5;25;4;1;1;24;20;-4.0819926849500385;4;9;4;5;1;1;4;14;1;8;24;3;6;12
TRACK:389;379;-1;0;2;2;6;1;1;3;3;2;4;15;4;21;-8.275134891197293;6;6;3;5;13;1;0;0;3;5;14;4;6;21;-2.361751628562568;2;6;4;12;6;1;14;10;3;2;0;3;11;0;15;19;3;5;15;2;0;3;0;5;2;0;12;8;4;17;1;4;4;12;2;4;12;5;8;4;5;4;9;4;2;1;2;3;17;6;14;2;0;5;15;0;18;19;5;5;13;4;5;3;1;10;7;3.750058213500668;4;5;2;6;3;3;0;1;16;9;6;25;1;4;3;4;0;24;8;1;4;6;6;12;0;4;6;19;4;6;10;2;6;2;2;1;2;5;2;0;12;10;4;14;4;1;1;8;14;4;11;4;1;6;0;13;24;6;0;17;11;0;1;6;6;2;22;-8.882058354199579;19;6;3;0;13;10;4;3;2;4;24;3;18;2;2;0;4;14;4;4;6;24;4;1;6;2;22;-0.01719697871567466;21;4.3980297058774624;5;1;24;21;-2.433822467733384;6;4;3;1;1;17;13;4;8;5;6;0;6;2;4;3;5;25;4;1;1;24;20;-4.0461234737266425;4;9;4;6;17
EVAL_INSTANCE:19:0:380
EVAL_INSTANCE:19:1:381
EVAL_INSTANCE:19:2:382
EVAL_INSTANCE:19:3:383
EVAL_INSTANCE:19:4:384
EVAL_INSTANCE:19:5:385
EVAL_INSTANCE:19:6:386
EVAL_INSTANCE:19:7:387
EVAL_INSTANCE:19:8:388
EVAL_INSTANCE:19:9:389
RUN_RESULT:19:0:0:315:DDDDLRURURULDLUDLDLURRURRUUULLLLLL
RUN_RESULT:19:1:0:2000:----
RUN_RESULT:19:2:0:175:DDDDLRURURULDLUDLDLURRURRUUULLLLLL
RUN_RESULT:19:3:0:175:DDDDLRURURULDLUDLDLURRURRUUULLLLLL
RUN_RESULT:19:4:0:2000:----
RUN_RESULT:19:5:0:2000:----
RUN_RESULT:19:6:0:175:DDDDLRURURULDLUDLDLURRURRUUULLLLLL
RUN_RESULT:19:7:0:2000:----
RUN_RESULT:19:8:0:2000:----
RUN_RESULT:19:9:0:175:DDDDLRURURULDLUDLDLURRURRUUULLLLLL
    20 |      200 | -3.825000E+03 | -3.825000E+03
TRAINING ON LEVEL:179
of 184 levels
---LEVEL STRING---
__________
_KF13K1K._
_1f......_
_4.wwwwwk_
_B.wK1b.._
_1.waA.6._
_2WwvV.2._
_w1wgG.0._
_w6wlL.8._
__________
---LEVEL STRING---
training done.
The time of execution is: 287.53788709640503 s

TRAINING DONE


-----!!!NEW PROBLEM!!!-----


START TESTING

LEVEL:0:______\n_K.2._\n_kSF._\n_bB1._\n_..fR_\n_1..._\n_3.r._\n_251O_\n_s.31_\n_o..2_\n______
LEVEL:1:________\n_......_\n_......_\n_.Sb.s._\n_.1..s._\n_.4b..1_\n_B12..3_\n_......_\n________
LEVEL:2:____________\n_.........._\n_.r....f..._\n_.....bssss_\n_.R.......F_\n_B1..f..b.1_\n_AO........_\n_.rssssssss_\n_.........F_\n_ss...R...1_\n_....B12W.3_\n_oS14...1.._\n____________
LEVEL:3:__________\n_F13....G_\n_..R15a.1_\n_.......0_\n_a.A.b.a._\n_....a..._\n_B....ggg_\n_1.a.ag.a_\n_2....g.f_\n__________
LEVEL:4:__________\n_.....B12_\n_.W......_\n_.1wwwww._\n_.6wf..w._\n_..w..kw._\n_F.wwwww._\n_1......._\n_3...bK17_\n__________
LEVEL:5:_________\n_....B18_\n_......._\n_...R..._\n_...1..._\n_...3..._\n_......._\n_....B12_\n_......._\n_.b..R.._\n_....1.._\n_r...9.._\n_......._\n_________
LEVEL:6:____________\n_G13wwwwK14_\n_w.o.okofow_\n_wo.o.o.o.w_\n_wko.o.o.ow_\n_wggggggggw_\n_w.o.o.o.ow_\n_wo.o.o.okw_\n_w.o.o.o.ow_\n_wo.obo.o.w_\n_K17wwwwB12_\n____________
LEVEL:7:____________\n_F13wwwwK14_\n_w.o.okofow_\n_wo.oko.o.w_\n_wko.o.o.ow_\n_wo.o.o.okw_\n_wko.o.o.ow_\n_wo.o.o.okw_\n_wko.o.o.ow_\n_wo.obo.o.w_\n_K17wwwwB12_\n____________
LEVEL:8:__________\n_B12....F_\n_1......1_\n_9lllL.f3_\n_..rl1..._\n_...l8..._\n_...lllll_\n_.br....._\n_....R15._\n__________
LEVEL:9:___________\n_rg9SkofVr_\n_GF.6WOV0A_\n_Fw0.3o6AB_\n_A5W..5A2l_\n_.WO5KlF.1_\n_441934sR2_\n_vF38vVb.k_\n_W4bAS.K1K_\n_kO9.W..21_\n_0Ba4o3.L2_\n_w9G.SG99v_\n_g9Br5Kkbk_\n_.l7RRG6r3_\n_LFffV..Gv_\n_ga8.ro1wr_\n_VWV7R..3._\n___________
LEVEL:10:__________\n_........_\n_....V12._\n_........_\n_...v...._\n_F.v.v..._\n_1..v...._\n_3......._\n_....f..._\n__________
LEVEL:11:__________\n_b....Vwv_\n_.....1ww_\n_.....3.._\n_........_\n_........_\n_.....BW._\n_.....11._\n_.....26._\n__________
LEVEL:12:__________\n_...K..3._\n_.f.k...._\n_kkkk...._\n_...kgkkk_\n_........_\n_G10...b._\n_.....B12_\n_K14..F13_\n__________
LEVEL:13:__________\n_..Bwwlll_\n_b.1wwlll_\n_..2wwlll_\n_...wwlll_\n_...wwlll_\n_W16....._\n_....F13._\n_s...wwwf_\n__________
LEVEL:14:__________\n_G10gl.f._\n_.aagl.l._\n_.R.gg.ll_\n_.b..gggl_\n_...a...a_\n_..r....5_\n_B12.1..._\n_F13a.L16_\n__________
LEVEL:15:__________\n_bW12..Fr_\n_........_\n_w.w.w..S_\n_.s...s.1_\n_..w.www4_\n_B.3s1..._\n_1.w.w..._\n_2.....Rf_\n__________
LEVEL:16:__________\n_bW12..Fr_\n_........_\n_w.w.w..S_\n_.s...s.1_\n_..w.www4_\n_B.3s1..S_\n_1.w.w..._\n_2.....Rf_\n__________
LEVEL:17:__________\n_.f......_\n_.......3_\n_kkkkgkkk_\n_...g.g.._\n_K14k.k.._\n_...k.kkk_\n_B12k..b._\n_F13....._\n__________
LEVEL:18:____________________\n_B.S14.O16.R15.B12._\n_1.F13.G16.V17....._\n_.Sv..............._\n_Rggggggggggggggggg_\n_1ggggggggggggggggg_\n_.F......gggggggggg_\n_ooo.......gggggggg_\n_wwwoo.......gggggg_\n_wwwwwoo.......gggg_\n_wwwwwwwoo..r......_\n_wwwwwwwwwoo.b....._\n_wwwwwwwwwwwooaaaaa_\n____________________
LEVEL:19:_________________\n_F13w.f.w.a...rw_\n_.a.wa...b.a.a.w_\n_wwrwwwww..wwwww_\n_...a...a....a.._\n_wwwwww.wwwwwwww_\n_.a.........ar.._\n_www.wwwwwwwwwww_\n_.a...a......ba._\n_..b......a....._\n_wwwwwwwwww.war._\n_k...a.....awwww_\n_wwwwwwwwwwwwB14_\n_R16wW16wK12wB17_\n_________________
LEVEL:20:__________\n_...s.V12_\n_v..s...._\n_..sssfss_\n_..s..s.._\n_F..s..s._\n_1.....s._\n_3..S14.._\n_........_\n__________
LEVEL:21:____________________\n_.Laallgg.......BG._\n_.1aallgg.......11._\n_.8aallgg.......90._\n_..aallgg.........._\n_..9allgg.......v.._\n_..aallgg.......V.._\n_b.2allgg.......1.._\n_llllllgg.......3.._\n_llllllgg.........._\n_gggggggg.........._\n_gggggggg.......B12_\n____________________
LEVEL:22:__________\n_........_\n_...b...._\n_........_\n_F......._\n_1.B.f..._\n_3.1....._\n_..2....._\n_........_\n__________
LEVEL:23:__________\n_........_\n_B...b..._\n_1......._\n_2......._\n_........_\n_..3...f._\n_F1....f._\n_........_\n__________
LEVEL:24:__________\n_S13....._\n_.......f_\n_...r...3_\n_........_\n_........_\n_F14..R12_\n_........_\n_......s._\n__________
LEVEL:25:_________________\n_....gg.....l..._\n_....gg.....l..._\n_....gg.....l..._\n_.b..gg.....l..._\n_....gg.....l..._\n_....gg.....l..._\n_....gg.....l..._\n_....gg.B12.l..f_\n_....gg.....l..._\n_K...gg.....l..._\n_B12.gg..k..l..._\n_....gg.....l..._\n_....gg.....l..._\n_....gg.G10.l..._\n_....gg.....l..._\n_....gg.....lF13_\n_....gg.....l..._\n_....gg.....lL14_\n_________________
LEVEL:26:__________\n_.ssss.s._\n_..ss.fv._\n_...as.v._\n_.F12.A.._\n_.....1.._\n_.....3.._\n_.ggg...._\n_.s......_\n__________
LEVEL:27:__________\n_glF13S12_\n_gksgggVV_\n_ggrrrrV2_\n_vggkgkVr_\n_vvgvvvVr_\n_vvvvvlVl_\n_vvvvvlVl_\n_vvvvl.fl_\n__________
LEVEL:28:__________\n_B12..VGF_\n_S.....1._\n_1.b.s35f_\n_4...sss._\n_........_\n_gggggggg_\n_...vv..._\n_........_\n__________
LEVEL:29:__________\n_V.2a..12_\n_B12avF.._\n_bv.a...._\n_aaaaaaaa_\n_...a...._\n_..2a.A.._\n_A16a1..._\n_.1.a2f3._\n__________
LEVEL:30:__________\n_K17....._\n_......O._\n_k.vwww.._\n_...wow.k_\n_...www.._\n_KV..W16._\n_11.O1.3._\n_42..k..._\n__________
LEVEL:31:___________________\n_B12w...ag...wG10._\n_wwww...gg...wW16._\n_..13...ga...wwwww_\n_.V15..agga......._\n_.R...araga.a....._\n_.....a.ggaaa....._\n_ggggggggaaaav...._\n_.v....agga......._\n_....b..aga......._\n_......agga......._\n___________________
LEVEL:32:__________\n_b.....f._\n_.....V12_\n_........_\n_F13....._\n_........_\n_........_\n_....v..._\n_........_\n__________
LEVEL:33:__________\n_........_\n_...bV12._\n_........_\n_........_\n_.B13...._\n_........_\n_........_\n_...vv..._\n__________
LEVEL:34:__________\n_...V13.._\n_v......._\n_........_\n_......b._\n_....B12._\n_........_\n_..V15..._\n_........_\n__________
LEVEL:35:__________\n_..F1.3.._\n_llllllll_\n_..L14..._\n_........_\n_........_\n_........_\n_........_\n_bB12...f_\n__________
LEVEL:36:__________\n_B12.F13._\n_........_\n_...sss.._\n_.b.sfs.._\n_...s...._\n_...s...._\n_........_\n_........_\n__________
LEVEL:37:__________\n_s..S..a._\n_k.o....l_\n_.g....b._\n_L.g..b.w_\n_g.s..fs._\n_....B..l_\n_b...1r.._\n_G13.2b.._\n__________
LEVEL:38:__________\n_.Rrbll.f_\n_L18.lll._\n_.5..ll.r_\n_..r.ll.1_\n_..r.ll.l_\n_.F..ll.B_\n_B19.ll.1_\n_r3r....2_\n__________
LEVEL:39:__________\n_A.2...bg_\n_1.G.3.a._\n_wwg1W16._\n_..12B12b_\n_........_\n_........_\n_........_\n_........_\n__________
LEVEL:40:__________\n_b..lsllf_\n_...lslll_\n_.S.lslll_\n_L18lslll_\n_.6.ls..._\n_F......._\n_1......._\n_3.B12..._\n__________
LEVEL:41:____________________\n_llllllff........L._\n_lgggglff........1._\n_lbggglff........5._\n_lg..glff.........._\n_lG15glff.........._\n_llllllff.........._\n_ffffwww..........._\n_ffff.............._\n_.................._\n_.........F.3......_\n_..B12.....1......._\n_.................._\n_.........k........_\n_....K12..........._\n_.................._\n_.................._\n_................7._\n_.................._\n____________________
LEVEL:42:__________\n_f.k.k.kk_\n_.B12F13._\n_k......k_\n_...b...._\n_k......k_\n_........_\n_k......k_\n_.K14K17._\n__________
LEVEL:43:__________\n_ffffffff_\n_W16....._\n_Bk......_\n_1.k...k._\n_2...k..._\n_w..wwwww_\n_...k...._\n_Kk.....k_\n_1k...k.._\n_7......._\n_w..wwwww_\n_........_\n_F13...k._\n_K..k...._\n_1......._\n_4...kk.b_\n__________
LEVEL:44:__________\n_FWwwwwww_\n_11wb.fww_\n_36wwwwww_\n_G10wgkww_\n_wwwwwwww_\n_wBKwwwww_\n_w11wwwww_\n_b2.kwwww_\n__________
LEVEL:45:___________\n_.F.w..V.._\n_o1.w.o1.._\n_.4.w.o2.o_\n_wwww.o..._\n_.ov...oWw_\n_.ov.o..1w_\n_..o.O186w_\n_foo..wF13_\n___________
LEVEL:46:____________________\n_W........wwwwwwwww_\n_1wwwwwwwww......Kw_\n_6wK17ooowwR1.O.81w_\n_Kwkooo3oww..3.1.9w_\n_1wkoooooww.......w_\n_4wo1kbkowwaaaaw.ww_\n_Awooooooww.....ww._\n_1woooooowwb..w..w._\n_9wwwwwwwwww.sw.ww._\n_Awwwwwwwwwwwlwwww._\n_1wb.....ww......w._\n_4wwwww.www.b.R..w._\n_Sw......ww.r.1..w._\n_1ww.wwwwww...5L.w._\n_4wrrrrrrww....1.w._\n_Bwrrfrrrww....8.w._\n_1wwwwwwwwwwwwwwww._\n_9R19F13L18R14B12.._\n____________________
LEVEL:47:______\n_fr.b_\n_F13w_\n_gggg_\n_wwww_\n_F17w_\n_R15w_\n_G10W_\n_B121_\n_W16W_\n______
LEVEL:48:__________\n_WSLlllll_\n_111llllk_\n_556llK12_\n_lllllB17_\n_lllllK1._\n_lllkklll_\n_lllwwlll_\n_FllssllF_\n_1......1_\n_3......3_\n_f......f_\n_........_\n_........_\n_oooggooo_\n_..o..o.._\n_GBo..oOS_\n_11ob.o11_\n_89o..o58_\n__________
LEVEL:49:____________________\n_Wwvvvvvvvfvvvvvvvv_\n_1wvvvvvvv.vvvvvvvv_\n_6wvvvvvvv.vvvvvvvv_\n_Fwvvvvvvv.vvvvvvvv_\n_1wvvvvvvv.vvvvvvvv_\n_3wvvvvvvvvvvvvvvvv_\n_Vwvvvvvvvvvvvvvvvv_\n_1wvvvvvvvvvvvvvvvv_\n_4wvvvvvvvvvvvvvvvv_\n_wwvvvvvvvvvvvvvvvv_\n_..............s..._\n_......r.r.....sS.._\n_...b..rrr.....s1.._\n_..B12..R......s4.._\n_.......1......s..._\n_.......5..O1O.s..._\n_..............w..._\n_..............w..._\n____________________
LEVEL:50:_______\n_bB12._\n_...F._\n_.fR15_\n_...3._\n_.r..._\n_______
LEVEL:51:________\n_rrrrrr_\n_rrrrrr_\n_rrbrrr_\n_rr.rRr_\n_r..B12_\n_r.3.6._\n________
LEVEL:52:____________\n_v......V12_\n_...f.....F_\n_.R.....b.1_\n_B12......3_\n_...S.S14.._\n____________
LEVEL:53:__________\n_bB1...2._\n_..fR1SF._\n_1...31s._\n_3.r..2.1_\n__________
LEVEL:54:_________\n_......._\n_....b.._\n_....s.._\n_......F_\n_.B12..1_\n_......3_\n_...S121_\n_________
LEVEL:55:____________\n_.........._\n_.b..S....._\n_.....712.._\n_.....O...._\n_.B........_\n_...b.....F_\n_.........1_\n_GokK12...3_\n_V......B1._\n_r........R_\n____________
LEVEL:56:________\n_......_\n_.b...._\n_......_\n_......_\n_.S...._\n_.1...._\n_.BB123_\n_.s...3_\n________
LEVEL:57:____________\n_B1.B.....B_\n_R1.......1_\n_..5....S12_\n_.........._\n_.r.....b.._\n_...L......_\n_......1..F_\n_..f......1_\n_......s..4_\n_F13......._\n____________
LEVEL:58:_______\n_F.B12_\n_1b..._\n_3...f_\n_..k.._\n_K17.._\n_______
LEVEL:59:____________\n_B12w.....S_\n_K12w.....1_\n_F16w....7._\n_wwww......_\n_G1........_\n_1.....s..._\n_.0.3.sbs.._\n_g.....s..g_\n_gg......gg_\n_ggg....ggg_\n____________
LEVEL:60:____________\n_B12......S_\n_Br.......1_\n_R..f.....F_\n_.........1_\n_G1.......3_\n_1.....s.f._\n_.0.3.sbs.F_\n_g.....s..g_\n_gg..13..gg_\n_ggg....ggg_\n____________
LEVEL:61:_________\n_.....B8_\n_......._\n_...R..._\n_..o1..._\n_......._\n_....B.._\n_......._\n_....rs._\n_..1SF.._\n_fB31s.._\n_F112o.._\n_......._\n_________
LEVEL:62:________\n_......_\n_......_\n_......_\n_......_\n_......_\n_......_\n_..B..._\n_..1..._\n_..2F13_\n_..b..._\n_......_\n_......_\n_f.F15._\n_......_\n_......_\n________
LEVEL:63:_____________\n_.....2....._\n_.b...F....._\n_....w.712.._\n_.B....O...._\n_....S.....F_\n_........S.1_\n_.....K12..._\n_.b.W......._\n_........s.._\n_.....B12s3k_\n_..........k_\n_____________
LEVEL:64:_________\n_Fw.f.wB_\n_1w...w1_\n_3wwwww2_\n_......._\n_..W16.._\n_......._\n_...b..._\n_________
LEVEL:65:____________\n_B13......F_\n_....f....1_\n_rrrR1Rrrr2_\n_........b._\n____________
LEVEL:66:____________\n_F13wwwwK14_\n_w.o.okofow_\n_wo.o.o.o.w_\n_wko.o.o.ow_\n_wo.o.o.o.w_\n_w.o.o.o.ow_\n_wo.o.o.okw_\n_w.o.o.o.ow_\n_wo.obo.o.w_\n_K17wwwwB12_\n____________
LEVEL:67:____________\n_.........._\n_llllllll.._\n_.....r...._\n_.........._\n_..b..r...._\n_.........._\n_gggggggg.._\n_W13..G17.._\n_.........._\n_B12......._\n____________
LEVEL:68:___________\n_B12w....._\n_wwww.brk._\n_.R......._\n_........._\n_ggggggggg_\n_.1......._\n_.5......._\n_........._\n_.K......._\n_........._\n_ggggggggg_\n_........._\n_......ooo_\n_wwww..ofo_\n_W16w..ooo_\n_G10w..F13_\n___________
LEVEL:69:__________\n_k....b.._\n_w....o.o_\n_sB123ggg_\n_.fR.oo.o_\n_.....bg._\n_.r..f..._\n_.s.bs..k_\n_..sg.www_\n__________
LEVEL:70:__________\n_...12..._\n_...r.ooo_\n_2...B11O_\n_......31_\n_s2.3...2_\n_........_\n_..R1..F1_\n_.....S14_\n__________
LEVEL:71:_______________\n_.l..gL16g..l._\n_.l..ggggg..l._\n_............._\n_............._\n_..l.......l.._\n_..l.......l.._\n_3....G10....3_\n_..l.......l.._\n_..l.......l.._\n_............._\n_............._\n_.l..ggggg..l._\n_.l..gL12g..l._\n_______________
LEVEL:72:__________\n_.kSFr..._\n_vbR1Sbb._\n_g..31skB_\n_r...2so8_\n_bss...a4_\n_FR...aa._\n_S1o....w_\n_W6R11oof_\n__________
LEVEL:73:__________\n_........_\n_....V12._\n_........_\n_........_\n_F.v.v..._\n_1..v...._\n_3......._\n_....f..._\n__________
LEVEL:74:__________\n_........_\n_....V12._\n_..v.v..._\n_..vvv..._\n_F.v.v..._\n_1..v...._\n_3......._\n_....f..._\n__________
LEVEL:75:__________\n_.....B12_\n_.W.14..._\n_.1wwwww._\n_.6wf..w._\n_..w..kw._\n_F.wwwww._\n_1......._\n_3...bK17_\n__________
LEVEL:76:____________\n_K..w.kwK14_\n_1...okkfow_\n_7...B12o.w_\n_s.k......._\n_.....R...._\n_w.www..W16_\n_w........._\n_..b...r..k_\n_w........._\n_..kwwwF13._\n____________
LEVEL:77:____________\n_K.kw.kwK14_\n_1...okkfo._\n_7.o.A12o.w_\n_s.2..r.o.._\n_.....R...._\n_w.www..W16_\n_w...o..o.._\n_..b...rbak_\n_w...5...o._\n_b.fwwwF13._\n____________
LEVEL:78:__________\n_...12..._\n_...rg1.._\n_........_\n_.s..wk2g_\n_F12.V7f._\n_w.F.v..._\n_3R25K..._\n_..v....._\n__________
LEVEL:79:__________\n_W16..R15_\n_.....R13_\n_..R....._\n_B1B12.ww_\n_......wr_\n_......ww_\n_........_\n_b....R19_\n__________
LEVEL:80:__________\n_W16..R15_\n_.....R13_\n_..R....._\n_B1B12.ww_\n_......wr_\n_......ww_\n_...R...._\n_bB1..R19_\n__________
LEVEL:81:__________\n_B1B....f_\n_1......._\n_2......._\n_........_\n_........_\n_.......F_\n_.......1_\n_b......3_\n__________
LEVEL:82:__________\n_V1V....B_\n_.......1_\n_V1.....2_\n_..F....._\n_........_\n_........_\n_........_\n_bv....7F_\n_.......1_\n_.......3_\n_wwwwwwww_\n_.v....W._\n_......1._\n_f.....6._\n__________
LEVEL:83:__________\n_B12..F13_\n_........_\n_........_\n_........_\n_.b....f._\n_........_\n_........_\n_........_\n__________
LEVEL:84:__________\n_.K14.B12_\n_.fow...._\n_2o.w...3_\n_..1.W..w_\n_..4...k._\n_....rr.._\n_........_\n_....bK17_\n__________
LEVEL:85:__________\n_l......._\n_...b...._\n_L1B....._\n_..1....._\n_..2F...._\n_.b.bB1Br_\n_........_\n_.f....13_\n__________
LEVEL:86:__________\n_bF132..G_\n_....g1.1_\n_..B12AO._\n_.RF13wwr_\n_a12....._\n_o.....WF_\n_......F1_\n_.....f.._\n__________
LEVEL:87:__________\n_W16w..s._\n_...wF..._\n_...w1..._\n_...w3..._\n_r..w...._\n_...wR.b._\n_S14wB12._\n_.1Fw...r_\n__________
LEVEL:88:__________\n_W16w..s._\n_.14wF..._\n_F..w1..._\n_...w3..._\n_..rw...._\n_...wR.b._\n_S14wB12._\n_.1Fw...r_\n__________
LEVEL:89:__________\n_........_\n_WW..W16._\n_11b.B12._\n_9W......_\n_........_\n_FL...www_\n_11...wll_\n_38...wlf_\n__________
LEVEL:90:________________\n_K17..........._\n_1....3........_\n_.4w.k...Ww...._\n_..l.....1....._\n_..lw.k.76Ww..._\n_..l..........._\n_lllllllll....._\n_......ll......_\n_.............._\n_b............._\n_L14........B12_\n________________
LEVEL:91:__________\n_...K.3.._\n_.f.k...._\n_kkkk...._\n_...kgkkk_\n_........_\n_G10...b._\n_.....B12_\n_K14..F13_\n__________
LEVEL:92:__________\n_.....b.s_\n_FBs....s_\n_f13....s_\n_.2..rrrr_\n_...r...._\n_...r.RF._\n_...r.11._\n_S14r.5.._\n__________
LEVEL:93:__________\n_.B1..ww._\n_s..S...f_\n_.w1ww4.._\n_.w.SF..1_\n_1.4.Bw.4_\n_3bww3w.._\n_.......s_\n_.W12.s.._\n__________
LEVEL:94:__________\n_........_\n_B12....._\n_S16....._\n_K13.b..._\n_G16....._\n_F16..v.v_\n_.....vsv_\n_V16..vkf_\n__________
LEVEL:95:___________\n_s...f...s_\n_.k.....k._\n_..k...k.._\n_...k.k..._\n_....k...._\n_....S14.._\n_........._\n_K17...K14_\n_B12.b.F13_\n___________
LEVEL:96:__________\n_.B1.sF13_\n_S142s..._\n_...fs..._\n_sssss..._\n_........_\n_.....17._\n_.B12..b._\n_........_\n__________
LEVEL:97:_________\n_....F13_\n_......._\n_..K...._\n_..1...._\n_.f2...._\n_......._\n_k......_\n_________
LEVEL:98:__________\n_........_\n_...F13.._\n_........_\n_.......v_\n_B.....a._\n_1......._\n_2..O...._\n_..k.fb.S_\n__________
LEVEL:99:__________\n_B12.gggf_\n_F13agggg_\n_R15.gggg_\n_G10.gggg_\n_.a......_\n_..r..rr._\n_..rrrrrr_\n_b..rr..._\n__________
LEVEL:100:__________\n_........_\n_........_\n_.B...k.._\n_1......._\n_wwwvwwww_\n_.b......_\n_........_\n_.....3.._\n_...K...._\n_....1..._\n_..7....._\n_........_\n_.......V_\n_.......1_\n_B12..W14_\n__________
LEVEL:101:__________\n_....B12b_\n_....b..._\n_.......F_\n_...1...1_\n_......12_\n_........_\n_gb...f.._\n_g......._\n_g1..Rr.._\n_gfRf12.k_\n_G.f36..._\n_.b.15..F_\n_G.f....1_\n_.......4_\n_K13....._\n__________
LEVEL:102:__________\n_........_\n_........_\n_.bf....._\n_......B._\n_......1._\n_.F13..2._\n_........_\n_........_\n__________
LEVEL:103:___________\n_oLoLBLoLo_\n_o1o111o1o_\n_w8w828w8w_\n_ooo131ooo_\n_L18oboooo_\n_oooowoOoo_\n_L18oWoL18_\n_oooo1oooo_\n_L14o6oo1L_\n___________
LEVEL:104:_______________\n_B12wwW16.F.13_\n_K14ww.......k_\n_1bG.w.....k.._\n_7.1ww.w.....k_\n_f.4ww.....k.._\n_gggww..k....._\n_gggwwk......._\n_gggww..k....._\n_gggwwk......._\n_k..www..k...k_\n_..k..www..k.._\n_k......w...kw_\n_wwwwww...wwww_\n_______________
LEVEL:105:___________\n_B19L18F13_\n_1wwwwwwwW_\n_2w..b..w1_\n_ww.....w6_\n_..A....wA_\n_a.1.a..w1_\n_...5...w9_\n_.llllllll_\n_.llllllll_\n_.....l..._\n_.V1.vl.f._\n_.1...l..._\n_..2.lllll_\n___________
LEVEL:106:__________\n_.f......_\n_........_\n_kkkkkgkk_\n_B12....._\n_........_\n_G10....._\n_..F13..._\n_......b._\n__________
LEVEL:107:__________\n_.....L14_\n_.llK14wF_\n_.Wrb...1_\n_.ww....3_\n_.ww....._\n_.R1....._\n_........_\n_.1F..B12_\n__________
LEVEL:108:__________\n_b....V.B_\n_.....1.1_\n_..3..9.2_\n_.F...s.._\n_S14sss.._\n_........_\n_........_\n_....f..k_\n__________
LEVEL:109:______________\n_l.bFk...l..._\n_l.B12...l..._\n_l.k42....l.._\n_ll...R..rl2._\n_.1l......l.._\n_..llKl.lll.._\n_.k..1......._\n_....8.f..4.._\n_..2........._\n_..F1.9..K12._\n_...3........_\n_............_\n______________
LEVEL:110:__________\n_B12...fO_\n_...3...._\n_.b......_\n_F......o_\n_1......l_\n_L1......_\n_3......._\n_........_\n__________
LEVEL:111:__________\n_.2......_\n_S..b...._\n_..B....._\n_ww1....._\n_W1......_\n_.F12ss.._\n_....B123_\n_.f.....3_\n__________
LEVEL:112:__________\n_b....F13_\n_l..W16.._\n_llwlllll_\n_.....V.._\n_gggG..12_\n_v.g1.L18_\n_f.g0...._\n_ggg..B12_\n__________
LEVEL:113:______\n_...._\n_.r.._\n_...f_\n_R12._\n_..F._\n_..1._\n_..3._\n_...._\n_...._\n______
LEVEL:114:___________\n_B12aab..._\n_.......A._\n_.......1._\n_F13....7._\n_ggggggggg_\n_ggwwwwwgg_\n_www.f.www_\n_W16.k.G14_\n___________
LEVEL:115:__________\n_........_\n_........_\n_..F12..._\n_........_\n_....31A._\n_fff....._\n_..f....._\n_a.f....._\n__________
LEVEL:116:__________\n_........_\n_.......o_\n_..f....._\n_........_\n_...K13.._\n_.r.g..B._\n_..w...1._\n_...b..2k_\n__________
LEVEL:117:__________\n_B1.awB12_\n_f.o..12._\n_b....rg1_\n_1......._\n_3..Rrr.5_\n_....r..l_\n_g7.w.Ar._\n_K2.k..or_\n__________
LEVEL:118:__________\n_B12..F13_\n_1......._\n_9......._\n_..rb.9.._\n_........_\n_..R..5.._\n_..1....v_\n_V18...vf_\n__________
LEVEL:119:__________\n_b......B_\n_..1.R..1_\n_.R...5.2_\n_........_\n_.0.rrr.._\n_gggggggg_\n_gg...G10_\n_fg...F13_\n__________
LEVEL:120:__________\n_........_\n_S12.B..._\n_S..1..2._\n_........_\n_K.....s._\n_...b...._\n_........_\n_3......._\n__________
LEVEL:121:__________\n_........_\n_.b......_\n_..B....._\n_..1....._\n_..2....._\n_..3....._\n_.Ss....._\n_........_\n__________
LEVEL:122:__________\n_b......._\n_........_\n_...f...._\n_B......._\n_1......._\n_2......._\n_l......._\n_ff.lF13._\n__________
LEVEL:123:__________\n_....B12._\n_....F13._\n_k.b....._\n_....K1.._\n_....fR.._\n_........_\n_........_\n_....r..._\n__________
LEVEL:124:__________\n_........_\n_...b...._\n_........_\n_........_\n_..B...F._\n_..1...1._\n_..2...3._\n_........_\n_........_\n_.......f_\n_........_\n__________
LEVEL:125:__________\n_........_\n_b......._\n_........_\n_...r...._\n_..R12..._\n_.....F.f_\n_.....1.._\n_.....3.._\n__________
LEVEL:126:__________\n_..B12..._\n_........_\n_....F..._\n_..fR15.._\n_b...3..._\n_........_\n_........_\n_..r....._\n__________
LEVEL:127:__________\n_F13....._\n_........_\n_........_\n_.b......_\n_........_\n_...B12.._\n_........_\n_f......._\n__________
LEVEL:128:__________\n_....LLLr_\n_1...LLL._\n_F......._\n_.......F_\n_.......1_\n_.......3_\n_..Rb...._\n_.....B12_\n__________
LEVEL:129:__________\n_......13_\n_..W16..._\n_...B1B.._\n_..B1...._\n_..12...._\n_wwb....._\n_........_\n_........_\n__________
LEVEL:130:_______________\n_......w......_\n_......r..R15._\n_..g.ggr.w...._\n_..g...r...w.._\n_g.rrr.rrk...._\n_.....rK14...._\n_.r.w...r..k.._\n_..r.w.r..ggrg_\n_.bwwwwr.W16r._\n_.wr.rrrwr..k._\n_.w...gw.r..k._\n_.w.f.g..r...._\n_.wr.....r...._\n_B12G10..r.F13_\n_______________
LEVEL:131:_______________\n_......w......_\n_......r..R15._\n_..g.ggr.w...._\n_..g...r...w3._\n_g.rrr.rrk...._\n_.....rK14...._\n_.r.w...r..k.._\n_..r.w.r..ggrg_\n_.bwwwwr.W16r._\n_.wr.rrrwr..k._\n_.w...gw.r..k._\n_.w.f.g..r...._\n_.wr.....r...._\n_B12G10..r.F13_\n_______________
LEVEL:132:__________\n_.......f_\n_........_\n_.k......_\n_..k....._\n_b..k...._\n_.....F13_\n_B12....._\n_........_\n__________
LEVEL:133:__________\n_........_\n_........_\n_llllllll_\n_L.....B._\n_1...b.1._\n_8.....9._\n_........_\n_B12..F13_\n__________
LEVEL:134:_______________\n_b........wF19_\n_G.R.B.R.SwV18_\n_1.R.1.1.1wV17_\n_6.R.2.5.6wF13_\n_...r.r...wW16_\n_.........wG1G_\n_....g....wS1S_\n_wwwwswwwwwwww_\n_vg..f..svw..._\n_______________
LEVEL:135:__________\n_......F._\n_f......o_\n_..b....f_\n_......R._\n_.r....11_\n_.1OB12.._\n_1..b...._\n_3......._\n__________
LEVEL:136:__________\n_........_\n_b.....b._\n_.....b.._\n_...r...._\n_..R12..._\n_.....F.f_\n_.b...1.._\n_.....3.._\n__________
LEVEL:137:__________\n_F13....._\n_........_\n_........_\n_.b......_\n_........_\n_.....B12_\n_........_\n_f......._\n__________
LEVEL:138:__________\n_......BF_\n_.b....11_\n_....R.23_\n_1..5.r.._\n_.....r.._\n_gggggggg_\n_gggggggg_\n_gggggfgg_\n__________
LEVEL:139:__________\n_V.2a..12_\n_B12avF.._\n_bv.a...._\n_aaaaaaaa_\n_...a...._\n_r.Ra.A.._\n_A16a1..._\n_A1032f3._\n__________
LEVEL:140:__________\n_F13....f_\n_....llV._\n_....ll1l_\n_....ll2l_\n_...lll.l_\n_...lllll_\n_.v......_\n_........_\n__________
LEVEL:141:__________\n_........_\n_F12....._\n_....3..._\n_....V1.._\n_........_\n_........_\n_...f.l.v_\n_.....l.._\n__________
LEVEL:142:__________\n_....w.b._\n_....w..w_\n_B13.w.ww_\n_........_\n_F12.fff._\n_........_\n_....W15._\n_........_\n__________
LEVEL:143:__________\n_G......._\n_1..L14.._\n_0......F_\n_.......1_\n_.b.....3_\n_ggg....._\n_llg.B12._\n_fl......_\n__________
LEVEL:144:__________\n_bB1...2._\n_..fR1SF._\n_1...31s._\n_3.s..2.1_\n__________
LEVEL:145:__________\n_......wf_\n_W15..w.._\n_.....w.w_\n_.B12w.w._\n_.....w.._\n_...b..ww_\n_F13...w._\n_......w._\n__________
LEVEL:146:____________\n_A18wa....._\n_B19ww..a.._\n_1ssswa..a._\n_2K13wV13a._\n_wwwww..a.._\n_aaaaa...a._\n_a....aaVav_\n_..aa.aa1av_\n_a.ba.a.8av_\n_aaaa...akv_\n____________
LEVEL:147:__________\n_...w..w._\n_..w.fw.._\n_V12..v.w_\n_....w.w._\n_..ww...w_\n_F13.w.v._\n_.b.v...._\n_....W15._\n__________
LEVEL:148:__________\n_.....w.._\n_F13v...._\n_..V1..w._\n_.b..2..._\n_.W15...w_\n_.w...w.._\n_....w..._\n_B12.w.f._\n__________
LEVEL:149:__________\n_fwwwwwGF_\n_ggwwww11_\n_ggrwww03_\n_g...wwwW_\n_r....ww1_\n_.W19.R16_\n_.O18.1ww_\n_bB12b5.w_\n__________
LEVEL:150:__________\n_.......4_\n_.b..v.gb_\n_..lBOrv._\n_O131..F._\n_.sf2..f._\n_..w...bl_\n_...g.v.._\n_A.of.f.9_\n__________
LEVEL:151:__________\n_.B......_\n_.1..F13O_\n_.2bR...._\n_........_\n_......a._\n_........_\n_........_\n_...f...._\n__________
LEVEL:152:____________________\n_BWw..............._\n_11w.....G10......._\n_26w..wwwwwwww....._\n_www..woooooow....._\n_.....wooR15ow....._\n_.....woooooow....._\n_.....woborrow....._\n_.....woooooow....._\n_..wwwwwggggwwwww.._\n_..w............w.._\n_..w............w.._\n_..w............w.._\n_..wggg.........w.._\n_..wggg.....F13.w.._\n_..wfgg.........w.._\n_..wwwwwwwwwwwwww.._\n_.................._\n_.................._\n____________________
LEVEL:153:__________\n_L1.....O_\n_1......1_\n_8......9_\n_........_\n_F15.V12._\n_w.l.Kv.._\n_3.2.V..k_\n_.......k_\n__________
LEVEL:154:__________\n_B1gg..kb_\n_...v...._\n_......f3_\n_a3V12..._\n_........_\n_.g......_\n_K1.G...._\n_B1...F13_\n__________
LEVEL:155:__________\n_B12..G10_\n_...f...._\n_........_\n_gggggggg_\n_b......._\n_.....r.._\n_........_\n_F13..R15_\n__________
LEVEL:156:__________\n_.R.bll.f_\n_L18.lll._\n_.5..ll.r_\n_..r.ll.1_\n_..r.ll.l_\n_.F..ll.B_\n_B19.ll.1_\n_.3.....2_\n__________
LEVEL:157:__________\n_V12.r..._\n_R.rr2rw._\n_1r....wg_\n_4.ggrrwv_\n_gggF13aa_\n_r.gggggg_\n_a..rarar_\n_fargrara_\n__________
LEVEL:158:__________\n_B12..G10_\n_........_\n_gg..b.1._\n_Fgsr.r5._\n_.gsr.R.._\n_.gs....._\n_.gssss.._\n_.13S141F_\n__________
LEVEL:159:__________\n_B12..G10_\n_sss....._\n_gg..b.1._\n_Fgsr.r5._\n_.gsr.R.._\n_.gs....._\n_.gssss.._\n_.13S141F_\n__________
LEVEL:160:__________\n_kBK.w.b._\n_..1ww..._\n_..2w...._\n_wwww..V._\n_......1._\n_......3._\n_W18....._\n_.....B19_\n__________
LEVEL:161:__________\n_BK13gggG_\n_1rrrggR1_\n_2rbrgR16_\n_.rrrgg7g_\n_.ggggrgg_\n_.ggggggg_\n_.g..rggr_\n_.r.r.r.k_\n__________
LEVEL:162:__________\n_bwawaB12_\n_wawawawa_\n_awawawaw_\n_wawawawa_\n_awawawaw_\n_wawawawa_\n_awawawaw_\n_F13awawf_\n__________
LEVEL:163:__________\n_........_\n_.aaaaa.1_\n_.aabaa.3_\n_.aaaaa.._\n_........_\n_.A......_\n_.1......_\n_.2...B12_\n__________
LEVEL:164:__________\n_KRg...rs_\n_11.g..rr_\n_45.gg..._\n_.B13g..._\n_....wS12_\n_L...l..._\n_1.kkl.k._\n_0b.ll.k._\n__________
LEVEL:165:__________\n_VB12...3_\n_1o..o..._\n_4o..vK16_\n_oo.o...._\n_vobo.kk._\n_..o....._\n_..v..v.._\n_........_\n__________
LEVEL:166:__________\n_wfkwwwww_\n_lwwlwwlw_\n_sllsllsl_\n_.s......_\n_....b.s._\n_W16F13.._\n_..B19S14_\n_L18..B12_\n__________
LEVEL:167:__________\n_kk.k.kkk_\n_llo..o.k_\n_.lo..o.k_\n_.loooo.k_\n_.llll..k_\n_..looooo_\n_..lollll_\n_..lollll_\n_....llll_\n_........_\n_........_\n_L16....._\n_........_\n_........_\n_BK13...._\n_1......._\n_2.K17..._\n_b......._\n__________
LEVEL:168:_____________\n_..wwB12ww.._\n_..........._\n_..wwrwrww.._\n_..w.....w.._\n_W.Rw.b.wR.B_\n_1.w.....w.1_\n_6.w.....w.2_\n_w.w.......w_\n_w1.ww.ww.1w_\n_.........3._\n_..wwR15w..._\n_____________
LEVEL:169:_____________\n_B12F13fL17._\n_..........._\n_l.l.ll.ll.._\n_..........._\n_l.l..l..l.._\n_l..l..l...._\n_.l.....l.l._\n_ll.l.l.l..l_\n_..........._\n_..........._\n_b...B19.L18_\n_____________
LEVEL:170:__________\n_..b....._\n_B12.www._\n_K1.w.k.w_\n_...w...w_\n_....w.wF_\n_....wfw1_\n_.....w.3_\n_W17....._\n__________
LEVEL:171:_____________\n_B12S14F13ww_\n_S17O14W16bw_\n_wwwwwwwww.w_\n_wwwwww..osw_\n_wwwww..os.w_\n_wwww...so.w_\n_www...so..w_\n_ww.....so.w_\n_w......os.w_\n_........osw_\n_.......os.w_\n_w......so.w_\n_ww....so..w_\n_www....so.w_\n_wwww...os.w_\n_wwwww...osw_\n_wwwwww.os.w_\n_wwwwwwwwwfw_\n_____________
LEVEL:172:____________________\n_S16.........wwww.._\n_............wBFw.._\n_............w11w.._\n_............w23w.._\n_............wwww.._\n_...wwwwwwwww......_\n_...wosooooow......_\n_...wooooooow......_\n_...wooobosow......_\n_...wsooooosw......_\n_...woosoooow......_\n_...wwwwwwwww......_\n_.................._\n_.......f.........._\n_.................._\n_.................._\n_.................._\n_.................._\n____________________
LEVEL:173:__________\n_B12oo.b._\n_ooooo.F._\n_sosoo.1._\n_ofooo.3._\n_sosoo..._\n_oooooooo_\n_ooooO14o_\n_oooooooo_\n__________
LEVEL:174:____________________\n_wwowwf....Kwbwwow._\n_wB12wwF13.1w.wooWw_\n_wwbww.o.oA12.oo.1w_\n_LRwwV....o3o.wwo6r_\n_11.Br1......kwwwwg_\n_451.3..llll..wwwgg_\n_..4lwgwlllllllwwwg_\n_llllwvwllllllwK17w_\n____________________
LEVEL:175:__________\n_bsfgalro_\n_kwoBSFWA_\n_ROKGV213_\n_6750489w_\n_w.....ww_\n_w.wwwwWw_\n_w...vw1w_\n_B12V136w_\n__________
LEVEL:176:____________________\n_W........wwwwwwwww_\n_1wwwwwwwww......Kw_\n_6woooooowwR1.O.81w_\n_Kwooo3koww..3.1.9w_\n_1wkoooooww.......w_\n_4wo1kbkowwaaaaw.ww_\n_Awooooooww....oww._\n_1wK17ooowwb..woow._\n_9wwwwwwwwww.swoww._\n_Awwwwwwwwwwwlwwww._\n_1wb.....ww......w._\n_4wwwww.www.b.R..w._\n_Sw......ww.r.1..w._\n_1ww.wwwwww...5L.w._\n_4wrrrrrrww....1.w._\n_Bwrrfrrrww....8.w._\n_1wwwwwwwwwwwwwwww._\n_9R19F13L18R14B12.._\n____________________
LEVEL:177:__________\n_........_\n_S2..B12._\n_w...s..._\n_...7wooo_\n_.1.vooVo_\n_.3vbW1.6_\n_...voo2o_\n_V14.oO16_\n__________
LEVEL:178:____________________\n_WR1R.....wwwwwwwww_\n_1wwwwwwwww......Kw_\n_6wK17ooowwR1.O.81w_\n_Kwkooo3oww..3.1.9w_\n_1wkoooooww.......w_\n_4wo1kbkowwaaaaw.ww_\n_Awooooooww.....ww._\n_1woooooowwb..w..w._\n_9wwwwwwwwww.sw.ww._\n_Awwwwwwwwwwwlwwww._\n_1wb.....ww......w._\n_4wwwww.www.b.R..w._\n_Sw......ww.r.1..w._\n_1ww.wwwwww...5L.w._\n_4wrrrrrrww....1.w._\n_Bwrrfrrrww....8.w._\n_1wwwwwwwwwwwwwwww._\n_9R19F13L18R14B12.._\n____________________
LEVEL:179:__________\n_KF13K1K._\n_1f......_\n_4.wwwwwk_\n_B.wK1b.._\n_1.waA.6._\n_2WwvV.2._\n_w1wgG.0._\n_w6wlL.8._\n__________
LEVEL:180:____________________\n_S14W16...........V_\n_B12V18ww.........1_\n_G14S19..w........5_\n_.w.w..ww.........._\n_...www............_\n_.................._\n_.................._\n_....wwwwsw........_\n_...w.vb..w........_\n_..w..b...w........_\n_...w..b..w........_\n_....wwwwww........_\n_.................._\n_...O15........gggg_\n_...F13....gggggggg_\n_.........gggoooooo_\n_......ggggggoooooo_\n_..ggggggggggooooof_\n____________________
LEVEL:181:____________\n_L.kwB..K1r_\n_w.r..3.fos_\n_wS1.....s1_\n_g.r.W1..s4_\n_W.b......._\n_kk..rb.ff5_\n_9.B12....G_\n_.b.f.swgw1_\n_g.o...oO.0_\n_v.wwoRF1.f_\n____________
LEVEL:182:__________\n_K14....._\n_1k..k..._\n_.boL..k._\n_.A15..aa_\n_.b....b._\n_k...F.k._\n_..k.1..._\n_B12.lf13_\n__________
LEVEL:183:____________________\n_Wwvvvvvvvfvvvvvvvv_\n_1wvvvvvvv.vvvvvvvv_\n_6wvvvvvvv.vvvvvvvv_\n_Fwvvvvvvv.vvvvvvvv_\n_1wvvvvvvv.vvvvvvvv_\n_3wvvvvvvvvvvvvvvvv_\n_Vwvvvvvvvvvvvvvvvv_\n_1wvvvvvvvvvvvvvvvv_\n_4wvvvvvvvvvvvvvvvv_\n_wwvvvvvvvvvvwwwwww_\n_............r....._\n_............rRK.B._\n_...b..sss...r11.1._\n_..B12..S....r457.._\n_..B12..1....r....._\n_.......5....kw...._\n_.O1O........ww...._\n_............w....._\n____________________
BATCH:-1:0:0
BATCH:-1:1:1
BATCH:-1:2:2
BATCH:-1:3:3
BATCH:-1:4:4
BATCH:-1:5:5
BATCH:-1:6:6
BATCH:-1:7:7
BATCH:-1:8:8
BATCH:-1:9:9
BATCH:-1:10:10
BATCH:-1:11:11
BATCH:-1:12:12
BATCH:-1:13:13
BATCH:-1:14:14
BATCH:-1:15:15
BATCH:-1:16:16
BATCH:-1:17:17
BATCH:-1:18:18
BATCH:-1:19:19
BATCH:-1:20:20
BATCH:-1:21:21
BATCH:-1:22:22
BATCH:-1:23:23
BATCH:-1:24:24
BATCH:-1:25:25
BATCH:-1:26:26
BATCH:-1:27:27
BATCH:-1:28:28
BATCH:-1:29:29
BATCH:-1:30:30
BATCH:-1:31:31
BATCH:-1:32:32
BATCH:-1:33:33
BATCH:-1:34:34
BATCH:-1:35:35
BATCH:-1:36:36
BATCH:-1:37:37
BATCH:-1:38:38
BATCH:-1:39:39
BATCH:-1:40:40
BATCH:-1:41:41
BATCH:-1:42:42
BATCH:-1:43:43
BATCH:-1:44:44
BATCH:-1:45:45
BATCH:-1:46:46
BATCH:-1:47:47
BATCH:-1:48:48
BATCH:-1:49:49
BATCH:-1:50:50
BATCH:-1:51:51
BATCH:-1:52:52
BATCH:-1:53:53
BATCH:-1:54:54
BATCH:-1:55:55
BATCH:-1:56:56
BATCH:-1:57:57
BATCH:-1:58:58
BATCH:-1:59:59
BATCH:-1:60:60
BATCH:-1:61:61
BATCH:-1:62:62
BATCH:-1:63:63
BATCH:-1:64:64
BATCH:-1:65:65
BATCH:-1:66:66
BATCH:-1:67:67
BATCH:-1:68:68
BATCH:-1:69:69
BATCH:-1:70:70
BATCH:-1:71:71
BATCH:-1:72:72
BATCH:-1:73:73
BATCH:-1:74:74
BATCH:-1:75:75
BATCH:-1:76:76
BATCH:-1:77:77
BATCH:-1:78:78
BATCH:-1:79:79
BATCH:-1:80:80
BATCH:-1:81:81
BATCH:-1:82:82
BATCH:-1:83:83
BATCH:-1:84:84
BATCH:-1:85:85
BATCH:-1:86:86
BATCH:-1:87:87
BATCH:-1:88:88
BATCH:-1:89:89
BATCH:-1:90:90
BATCH:-1:91:91
BATCH:-1:92:92
BATCH:-1:93:93
BATCH:-1:94:94
BATCH:-1:95:95
BATCH:-1:96:96
BATCH:-1:97:97
BATCH:-1:98:98
BATCH:-1:99:99
BATCH:-1:100:100
BATCH:-1:101:101
BATCH:-1:102:102
BATCH:-1:103:103
BATCH:-1:104:104
BATCH:-1:105:105
BATCH:-1:106:106
BATCH:-1:107:107
BATCH:-1:108:108
BATCH:-1:109:109
BATCH:-1:110:110
BATCH:-1:111:111
BATCH:-1:112:112
BATCH:-1:113:113
BATCH:-1:114:114
BATCH:-1:115:115
BATCH:-1:116:116
BATCH:-1:117:117
BATCH:-1:118:118
BATCH:-1:119:119
BATCH:-1:120:120
BATCH:-1:121:121
BATCH:-1:122:122
BATCH:-1:123:123
BATCH:-1:124:124
BATCH:-1:125:125
BATCH:-1:126:126
BATCH:-1:127:127
BATCH:-1:128:128
BATCH:-1:129:129
BATCH:-1:130:130
BATCH:-1:131:131
BATCH:-1:132:132
BATCH:-1:133:133
BATCH:-1:134:134
BATCH:-1:135:135
BATCH:-1:136:136
BATCH:-1:137:137
BATCH:-1:138:138
BATCH:-1:139:139
BATCH:-1:140:140
BATCH:-1:141:141
BATCH:-1:142:142
BATCH:-1:143:143
BATCH:-1:144:144
BATCH:-1:145:145
BATCH:-1:146:146
BATCH:-1:147:147
BATCH:-1:148:148
BATCH:-1:149:149
BATCH:-1:150:150
BATCH:-1:151:151
BATCH:-1:152:152
BATCH:-1:153:153
BATCH:-1:154:154
BATCH:-1:155:155
BATCH:-1:156:156
BATCH:-1:157:157
BATCH:-1:158:158
BATCH:-1:159:159
BATCH:-1:160:160
BATCH:-1:161:161
BATCH:-1:162:162
BATCH:-1:163:163
BATCH:-1:164:164
BATCH:-1:165:165
BATCH:-1:166:166
BATCH:-1:167:167
BATCH:-1:168:168
BATCH:-1:169:169
BATCH:-1:170:170
BATCH:-1:171:171
BATCH:-1:172:172
BATCH:-1:173:173
BATCH:-1:174:174
BATCH:-1:175:175
BATCH:-1:176:176
BATCH:-1:177:177
BATCH:-1:178:178
BATCH:-1:179:179
BATCH:-1:180:180
BATCH:-1:181:181
BATCH:-1:182:182
BATCH:-1:183:183
EVAL_INSTANCE:0:0:389
RUN_RESULT:0:0:0:2000:----
RUN_RESULT:0:0:1:530:UUULLDRRRRURDL
RUN_RESULT:0:0:2:32:UURD
RUN_RESULT:0:0:3:2000:----
RUN_RESULT:0:0:4:1592:URRRUUUUULLLULLLLDRRLDURRDD
RUN_RESULT:0:0:5:39:DDDRRRUU
RUN_RESULT:0:0:6:2000:----
RUN_RESULT:0:0:7:2000:----
RUN_RESULT:0:0:8:2000:----
RUN_RESULT:0:0:9:8:DDR
RUN_RESULT:0:0:10:3:DDD
RUN_RESULT:0:0:11:62:DDDDDDDRRRRRU
RUN_RESULT:0:0:12:49:ULLLLULLDDURRRRUUUULLLD
RUN_RESULT:0:0:13:63:DDDDDURDDRRRRRR
RUN_RESULT:0:0:14:2000:----
RUN_RESULT:0:0:15:2000:----
RUN_RESULT:0:0:16:2000:----
RUN_RESULT:0:0:17:40:LLUUUUUURRRDULLLLLL
RUN_RESULT:0:0:18:2000:----
RUN_RESULT:0:0:19:2000:----
RUN_RESULT:0:0:20:2000:----
RUN_RESULT:0:0:21:2000:----
RUN_RESULT:0:0:22:63:RDDD
RUN_RESULT:0:0:23:537:DDDLLDLLUURUUURRRRRDDDDD
RUN_RESULT:0:0:24:78:UURRRDDDRULULLLLLLDDDDDRDRRRRR
RUN_RESULT:0:0:25:2000:----
RUN_RESULT:0:0:26:289:LLD
RUN_RESULT:0:0:27:40:LLDDDDDDRRRRRR
RUN_RESULT:0:0:28:2000:----
RUN_RESULT:0:0:29:138:RURULLDDRRRULDLUURULRRUURDDLLDDDD
RUN_RESULT:0:0:30:2000:----
RUN_RESULT:0:0:31:2000:----
RUN_RESULT:0:0:32:71:UUUUUURR
RUN_RESULT:0:0:33:553:LLLLUUURRRUUU
RUN_RESULT:0:0:34:117:RUUULLLRRRDDDDDDDLLLUDLLLLUUUUUU
RUN_RESULT:0:0:35:2000:----
RUN_RESULT:0:0:36:66:RRR
RUN_RESULT:0:0:37:5:RUUUR
RUN_RESULT:0:0:38:17:LRDDLURURRRR
RUN_RESULT:0:0:39:2000:----
RUN_RESULT:0:0:40:22:DDRUURRRRRR
RUN_RESULT:0:0:41:2000:----
RUN_RESULT:0:0:42:9:LLLUUU
RUN_RESULT:0:0:43:2000:----
RUN_RESULT:0:0:44:3:RLR
RUN_RESULT:0:0:45:2000:----
RUN_RESULT:0:0:46:2000:----
RUN_RESULT:0:0:47:2000:----
RUN_RESULT:0:0:48:2000:----
RUN_RESULT:0:0:49:2000:----
RUN_RESULT:0:0:50:74:RDD
RUN_RESULT:0:0:51:9:DDLDRRLLL
RUN_RESULT:0:0:52:54:ULLLL
RUN_RESULT:0:0:53:294:URULDDULLLURDRRRDRRUULRDDLDULRULULDDUUUL
RUN_RESULT:0:0:54:2000:----
RUN_RESULT:0:0:55:2000:----
RUN_RESULT:0:0:56:2000:----
RUN_RESULT:0:0:57:2000:----
RUN_RESULT:0:0:58:54:DDRDRDRUU
RUN_RESULT:0:0:59:2000:----
RUN_RESULT:0:0:60:1:D
RUN_RESULT:0:0:61:2000:----
RUN_RESULT:0:0:62:30:LLDDDDRDRRRUUDDLLLL
RUN_RESULT:0:0:63:2000:----
RUN_RESULT:0:0:64:734:LUURRDDRRUUDDLLUURDDLLLLUUURLUUURR
RUN_RESULT:0:0:65:19:DLDRRRRR
RUN_RESULT:0:0:66:908:RRRRURLRLRLRLRLRLRLRLUUUURLRLRLRLRLRLLRRLRLRLDDRLRLUUUUL
RUN_RESULT:0:0:67:2000:----
RUN_RESULT:0:0:68:2000:----
RUN_RESULT:0:0:69:2000:----
RUN_RESULT:0:0:70:2000:----
RUN_RESULT:0:0:71:2000:----
RUN_RESULT:0:0:72:43:URUUDLUUULUUDUR
RUN_RESULT:0:0:73:3:DDD
RUN_RESULT:0:0:74:3:DDD
RUN_RESULT:0:0:75:2000:----
RUN_RESULT:0:0:76:2000:----
RUN_RESULT:0:0:77:2000:----
RUN_RESULT:0:0:78:2000:----
RUN_RESULT:0:0:79:2000:----
RUN_RESULT:0:0:80:1259:RLUUUUUDDDDRRRRDLLRRURRLLULULLLURURDDDDLLUUUURURRD
RUN_RESULT:0:0:81:34:RRRRRRUUURUUUU
RUN_RESULT:0:0:82:2000:----
RUN_RESULT:0:0:83:42:DDDRRRRRUUU
RUN_RESULT:0:0:84:2000:----
RUN_RESULT:0:0:85:2000:----
RUN_RESULT:0:0:86:17:RLDDDDDDDRRRRR
RUN_RESULT:0:0:87:2000:----
RUN_RESULT:0:0:88:2000:----
RUN_RESULT:0:0:89:11:UURRDRDRD
RUN_RESULT:0:0:90:2000:----
RUN_RESULT:0:0:91:53:ULLLLULLDDURRRRUUUULLLRRRRLLLLD
RUN_RESULT:0:0:92:2000:----
RUN_RESULT:0:0:93:2000:----
RUN_RESULT:0:0:94:115:RRRUUULLLLLDUURUUUULLLLLLLDURRRRDDDDDDD
RUN_RESULT:0:0:95:784:UUUUUUULULLLRRRR
RUN_RESULT:0:0:96:2000:----
RUN_RESULT:0:0:97:15:UUR
RUN_RESULT:0:0:98:95:RURUUUUULLLURRRDDDDDDLDLL
RUN_RESULT:0:0:99:2000:----
RUN_RESULT:0:0:100:2000:----
RUN_RESULT:0:0:101:2000:----
RUN_RESULT:0:0:102:28:R
RUN_RESULT:0:0:103:2000:----
RUN_RESULT:0:0:104:2000:----
RUN_RESULT:0:0:105:2000:----
RUN_RESULT:0:0:106:29:RUUUUUUULLLLLL
RUN_RESULT:0:0:107:2000:----
RUN_RESULT:0:0:108:2000:----
RUN_RESULT:0:0:109:2000:----
RUN_RESULT:0:0:110:1125:RRRRRUULLLDDDDRDLDDRRRRUUU
RUN_RESULT:0:0:111:2000:----
RUN_RESULT:0:0:112:2000:----
RUN_RESULT:0:0:113:11:URRDD
RUN_RESULT:0:0:114:2000:----
RUN_RESULT:0:0:115:2000:----
RUN_RESULT:0:0:116:245:LLLUUUUUUURRRRRRRDDDDDDD
RUN_RESULT:0:0:117:2000:----
RUN_RESULT:0:0:118:2000:----
RUN_RESULT:0:0:119:2000:----
RUN_RESULT:0:0:120:2000:----
RUN_RESULT:0:0:121:2000:----
RUN_RESULT:0:0:122:33:RRRDD
RUN_RESULT:0:0:123:72:LLDDRRRR
RUN_RESULT:0:0:124:58:ULLLDDDDDDDDDDRRRRRRRU
RUN_RESULT:0:0:125:60:UUURRRRDDDDD
RUN_RESULT:0:0:126:1651:DRRRRUDDDLLLLUUUUUUURRLLDDDRR
RUN_RESULT:0:0:127:7:LDDDD
RUN_RESULT:0:0:128:2000:----
RUN_RESULT:0:0:129:2000:----
RUN_RESULT:0:0:130:2000:----
RUN_RESULT:0:0:131:2000:----
RUN_RESULT:0:0:132:11:UUUURRRRRRR
RUN_RESULT:0:0:133:2000:----
RUN_RESULT:0:0:134:2000:----
RUN_RESULT:0:0:135:2000:----
RUN_RESULT:0:0:136:60:UUURRRRDDDDD
RUN_RESULT:0:0:137:7:LDDDD
RUN_RESULT:0:0:138:76:LDDDDRDDLUUUDDDRRRRR
RUN_RESULT:0:0:139:2000:----
RUN_RESULT:0:0:140:135:DRRRRRRUUUUUUU
RUN_RESULT:0:0:141:2000:----
RUN_RESULT:0:0:142:41:RRUUUDRDDDDDLURUUUUUUL
RUN_RESULT:0:0:143:2000:----
RUN_RESULT:0:0:144:294:URULDDULLLURDRRRDRRUULRDDLDULRULULDDUUUL
RUN_RESULT:0:0:145:2000:----
RUN_RESULT:0:0:146:419:LUURRRDDDRRURUUULULLUUURURRRRDDDDDDDDDL
RUN_RESULT:0:0:147:319:RURUUUURLRURLURULL
RUN_RESULT:0:0:148:15:DLDDRRRRRRD
RUN_RESULT:0:0:149:2000:----
RUN_RESULT:0:0:150:119:URRRRRDDDDDDLDRLLDL
RUN_RESULT:0:0:151:9:DDDDDR
RUN_RESULT:0:0:152:2000:----
RUN_RESULT:0:0:153:2000:----
RUN_RESULT:0:0:154:33:URRRRDDDUL
RUN_RESULT:0:0:155:91:DRRRRRRDRUUUUULLLL
RUN_RESULT:0:0:156:26:LLRRDDDDDDDRRRUUUUURUU
RUN_RESULT:0:0:157:2000:----
RUN_RESULT:0:0:158:2000:----
RUN_RESULT:0:0:159:2000:----
RUN_RESULT:0:0:160:2000:----
RUN_RESULT:0:0:161:2000:----
RUN_RESULT:0:0:162:39:RRRRDRRRDDDDDD
RUN_RESULT:0:0:163:2000:----
RUN_RESULT:0:0:164:2000:----
RUN_RESULT:0:0:165:2000:----
RUN_RESULT:0:0:166:18:ULLDLDULDLU
RUN_RESULT:0:0:167:2000:----
RUN_RESULT:0:0:168:2000:----
RUN_RESULT:0:0:169:2000:----
RUN_RESULT:0:0:170:2000:----
RUN_RESULT:0:0:171:1122:DDDUUDDDDDDDDDDDUUDDDDDD
RUN_RESULT:0:0:172:155:UUULLLLDDDDDDDDRRRR
RUN_RESULT:0:0:173:68:RDLDDDRUUUULLDURRDDDDD
RUN_RESULT:0:0:174:376:LLLLLDDLLDDD
RUN_RESULT:0:0:175:21:RRRRRDLULL
RUN_RESULT:0:0:176:2000:----
RUN_RESULT:0:0:177:2000:----
RUN_RESULT:0:0:178:2000:----
RUN_RESULT:0:0:179:175:DDDDLRURURULDLUDLDLURRURRUUULLLLLL
RUN_RESULT:0:0:180:2000:----
RUN_RESULT:0:0:181:2000:----
RUN_RESULT:0:0:182:2000:----
RUN_RESULT:0:0:183:2000:----
The time of execution is: 336.52219438552856 s
