pygame 2.2.0 (SDL 2.30.7, Python 3.8.10)
Hello from the pygame community. https://www.pygame.org/contribute.html
LEVEL:0:__________\n_........_\n_........_\n_.bf....._\n_......B._\n_......1._\n_.F13..2._\n_........_\n_........_\n__________
BATCH:0:0:0
TRAINING ON LEVEL:102
of 184 levels
---LEVEL STRING---
__________
_........_
_........_
_.bf....._
_......B._
_......1._
_.F13..2._
_........_
_........_
__________
---LEVEL STRING---
TRACK:0;-1;-1;6;6;1;2;4;2;6;0;0;5;21;5.6651647358236055;4;19;6;6;16;0;1;4;4;25;0;3;10;2;13;9;6;2;4;25;1;17;19;4;5;2;6;1;6;19;6;21;-0.2574869069444201;2;2;1;21;6.512752591412479;11;3;17;1;6;24;0;12;24;0;0;0;1;3;4;1;19;21;-6.891154707645986;0;0;5;19;5;15;5;2;21;3.286038634807367;13;2;2;5;4;10;5;6;22;-1.4938388920501549;3;0;3;20;-3.2981463896867975;3;13;2;4;2;2;2;22;-9.060042177173894;18;2;12;9;6;5;23;7.44253465153421;2;4;1;0;10;9;5;11;3;6;1;23;-2.18777871189711;25;3;1;6;4;1;4;17;0;22;7.731284169573168;20;-6.493167148903238;1;2;6;6;8;0;0;18;18;5;24;5;4;6;13
TRACK:1;-1;-1;2;0;5;3;3;0;5;4;6;6;20;0.8480326731529058;1;6;4;0;9;15;1;6;2;25;12;4;2;10;25;5;1;1;1;2;2;5;1;23;-9.838246952673604;18;0;6;16;4;14;1;0;5;23;-5.279205936389085;1;22;2.2027499121520293;16;3;3;13;4;1;2;3;12;5;11;4;3;13;3;0;0;2;0;23;9.902844435099695;7;2.157319758135312;0;15;17;2;1;21;-9.447895279723383;17;6;17;0;2;0;13;23;8.412065547306103;0;12;17;1;4;25;6;19;0;4;4;2;0;4;8;6;15;5;3;10;0;6;1;5;4;14;2;1;14;23;-6.0992967865105445;3;19;4;2;2;0;7;2.00330388494727;20;6.0714926728421545;2;10;9;2;3;17;2;18;19;4;1;4;6;3;1;3;2;0;20;-7.027159594687151;14;4;12;0;2;2;11;14;3;20;0.3151248016223569;3;4;25;2;2;1;0;5;6;3;15;0;5;3;24;0;4;24;3;8;0;2;0;6;20;4.124094967267901;1;9;24;4;3;14;1;4;2;10;18;1;6;7;1.7159814007593095;5;23;3.3445282171798514;5;1;5;0;1;16;12;3;21;0.06908205656192123;0;2;0;13;11;1;11;18;2;3;10;1;21;-8.844466258478738;8;3;3;0;6;0;3;17;5;19;5;5;2;16;23;-1.6318587309082044
TRACK:2;-1;-1;0;0;2;1;2;5;5;0;4;6;22;3.031182817319767;0;2;12;17;6;20;-9.97192199972452;3;1;1;2;1;12;17;0;21;-9.7268871627489;16;1;6;8;0;9;21;-9.922376920258284;1;6;6;18;4;2;17;17;4;2;4;0;5;6;15;6;1;23;-5.309494411506693;21;8.071916500284814;0;0;0;6;9;4;22;8.086509638767492;4;3;23;5.5654648444773684;4;1;2;14;22;-9.18845994352155;1;21;1.4669552435428876;11;0;2;6;0;2;4;1;15;22;9.870899242591655;3;0;25;24;5;3;5;22;-2.2431516394546254;4;3;0;6;6;8;4;0;13;16;2;4;4;0;2;3;22;-6.743427261917745;2;13;13;1;2;9;7;-2.602109691432968;4;10;1;0;4;6;1;19;16;4;6;3;24;3;4;4;3;20;7.371409276066082;3;4;0;3;4;2;5;5;9;2;3;18;2;14;17;1;6;5;2;4;25;3;7;1.1674254552004832;6;4;3;0;23;3.3317529958480634;21;-0.0517577342614679;0;4;0;4;4;3;2;0;1;22;-4.979945431917779;16;3;24;0;5;10;1;21;4.760794254241617;9;5;5;4;0;2;3;23;-1.5080508963211194;0;10;17;6;6;12;0;4;6;2;0;0;4;1;22;2.295434000885752;13;6;0;17;23;1.515564816410702;3;0;1;11;19;6;20;-1.362300833729746;2;6;3;2;21;-0.08729096684811033;23;7.443187501011423;3;1;3;14;5;17;5;2;0;0;1;0;6;16;5;23;-5.702068437292375;5;4;11;4;0;6;15;5;16;2;6;3;2;10;20;4.04547981344157;4;3;6;11;0;3;4;4;4;10;6;3;3;4;15
TRACK:3;-1;-1;5;4;1;0;0;2;0;0;1;1;15;15;2;8;21;-2.8997289864945985;0;1;20;4.429039226398494;9;5;14;1;5;4;19;1;1;15;12;5;13;0;3;5;5;20;6.640142898363042;0;4;4;10;5;2;25;17;4;2;6;4;3;25;1;3;1;10;17;6;0;11;20;-0.46712305459492676;5;2;4;3;2;6;21;-7.213051363293035;5;23;8.987989424121196;1;0;3;6;15;6;6;18;2;5;1;21;-7.606383624926931;10;4;2;21;-2.4748086995170837;12;0;5;6;3;6;2;6;15;0;21;-1.033545478096766;12;6;5;6;0;4;5;15;6;0;7;2.421066302104329;12
TRACK:4;-1;-1;0;1;5;4;0;0;4;2;6;3;12;0;5;11;2;13;22;5.567094693332455;3;1;5;5;21;5.73995195875834;2;1;19;25;5;24;4;1;3;4;2;12;14;3;3;5;19;6;4;2;5;0;5;3;5;18;6;0;3;8;6;14;6;4;2;5;4;8;4;4;20;0.7105217128576964;0;5;0;6;6;0;4;4;2;25;17;1;5;5;13;5;1;10;11;5;3;0;0;0;0;20;-0.5204531569571476;8;3;24;3;4;23;3.6304265508211913;6;0;4;7;-4.037079457636188;6;13;5;4;3;5;4;2;4;0;13;17;0;6;22;-6.000724870453986;2;20;-3.9190190415680304;22;-3.859274833082713
TRACK:5;-1;-1;3;3;5;6;6;1;3;6;1;1;23;-1.0788057009691077;16;6;14;2;2;1;4;23;-7.831770370968489;2;16;8;3;2;23;9.945857191220234;13;1;4;6;14;6;5;20;2.9794618555732537
TRACK:6;-1;-1;6;0;3;3;2;1;5;1;5;4;8;0;2;8;13;3;7;-2.7048558120171684;3;0;4;6;24;6;2;10;17;1;0;1;4;0;9;12;4;2;22;-3.42060913647561;21;8.113938495435548;1;2;3;14;2;17;12;2;1;24;15;4;8;4;6;5;0;23;0.16923710900602273;20;-4.503257548736714;2;4;4;5;0;5;3;5;10;6;6;6;17;6;0;2;4;5;2;4;15;5;18;3;1;4;4;25;4;4;13;3;4;2;5;4;22;-4.243862251472166;2;0;13;16;3;17
TRACK:7;-1;-1;4;4;3;4;4;1;1;3;1;0;10;22;-5.254613124511042;3;21;9.00311371606293;5;5;6;20;-3.615747867853627;5;0;0;1;17;18;4;25;2;2;14;12;0;19;11
TRACK:8;-1;-1;0;0;2;3;4;0;1;0;4;2;12;8;1;5;14;3;7;-7.808062755978886;5;4;0;11;24;5;5;5;2;25;11;2;2;5;0;3;3;1;17;21;-8.783570097266342;0;3;4;7;-7.666606629085364;2;6;13;5;22;-3.3783099189407073;1;0;0;1;0;13;10;4;24;4;1;19;16;5;3;6;16;1;1;3;0;10;18;2;4;25;4;16;1;2;3;14;4;20;7.895746913293127;5;1;10;17;0;4;0;3;3;1;16;24;4;1;6;11;6;18;2;5;5;3;4;16;3;0;2;3;9;4;19;3;2;15;25;1;6;4;6;3;3;1;1;11;12;4;8;0;6;6;4;2;0;5;14;3;23;-4.628897273313093;2;6;13;0;10;17;2;4;4;3;0;3;15;4;10;0;0;6;3;0;10;10;2;1;4;8;6;17;5;0;25;18;0;6;6;1;10;21;-3.1788707181708826;6;2;1;25;15;0;25;19;0;0;4;2;2;0;6;3;4;11;0;3;1;16;20;7.539812351812934;3;4;17;1;2;2;2;16;25;0;15;14;5;6;18;3;1;2;25;22;0.7421215805488295;4;7;-3.531437744753756;6;2;1;1;5;19;2;15;20;0.8553337338608245;2;1;17;13;2;11;16;4;3;0;11;14;1;3;5;4;6;4;0;20;-7.259392878894899;21;-6.448396372682195;2;2;6;3;1;2;19;16;1;19;21;7.510556700725989;2;3;5;0;25;12;2;0;6;20;-0.30542266166876786;6;9;0;4;22;-5.996351499565902;1;9;20;-0.19918090422620693;1;3;6;5;2;14;13;6;6;5;4;10;4;1;6;6;1;4;1;5;17;3;14;5;2;5;22;-6.905675303279382;2;10;7;5.651358508096733;1;1;2;3;0;0;16;18;1;9;21;-5.7733082921755585;0;5;2;16;9;2;5;7;0.7377716915115062;3;22;-2.4573491232446054;1;5;4;2;9;22;8.562087295416813;2;6;0;22;7.076372857964365;17;5;6;17;3;0;4;0;2;11;8;3;8;1;1;5;8;0;9;9;6;1;15;18
TRACK:9;-1;-1;5;6;2;2;3;3;2;6;3;0;24;7;-5.849577638755394;1;0;0;21;-1.281303466344843;21;4.922607208510069;0;23;5.007203881741621;21;-5.8370457809316285;2;1;12;10;1;18;24;6;1;4;2;3;1;22;-8.140930522045164;9;2;0;20;-0.029403678051664883;21;6.576113996066624;5;9;5;5;4;6;23;-8.675700413732324;3;6;2;6;0;5;2;12;24;2;4;21;-2.775791669689875;0;11;7;5.714236995607498;5;5;2;1;15;23;-5.928805437015097;5;7;1.5047018222999764
EVAL_INSTANCE:0:0:0
EVAL_INSTANCE:0:1:1
EVAL_INSTANCE:0:2:2
EVAL_INSTANCE:0:3:3
EVAL_INSTANCE:0:4:4
EVAL_INSTANCE:0:5:5
EVAL_INSTANCE:0:6:6
EVAL_INSTANCE:0:7:7
EVAL_INSTANCE:0:8:8
EVAL_INSTANCE:0:9:9
RUN_RESULT:0:0:0:4:R
RUN_RESULT:0:1:0:4:R
RUN_RESULT:0:2:0:1:R
RUN_RESULT:0:3:0:1:R
RUN_RESULT:0:4:0:2000:----
RUN_RESULT:0:5:0:4:R
RUN_RESULT:0:6:0:28:R
RUN_RESULT:0:7:0:2:R
RUN_RESULT:0:8:0:2000:----
RUN_RESULT:0:9:0:1:R
=================================================
n_gen  |  n_eval  |     f_avg     |     f_min    
=================================================
     1 |       10 | -3.195500E+03 | -3.999000E+03
TRACK:10;1;9;2;0;5;3;3;0;5;4;6;6;20;0.8480326731529058;1;6;4;0;9;15;1;6;2;25;12;4;2;10;25;5;1;1;1;2;2;5;1;23;-9.838246952673604;18;0;6;16;4;24;1;0;5;23;-5.279205936389085;1;22;2.2027499121520293;16;3;3;13;4;1;2;3;12;5;11;4;3;13;3;0;0;2;0;23;9.902844435099695;7;2.157319758135312;0;15;17;2;1;21;-9.447895279723383;17;6;17;0;2;0;13;23;8.412065547306103;0;12;17;1;4;25;6;19;0;4;4;2;0;4;8;6;15;5;3;10;0;6;1;5;4;14;2;1;14;23;-6.0992967865105445;3;19;4;2;2;0;7;2.00330388494727;20;6.0714926728421545;2;10;9;2;3;17;2;18;19;4;1;4;6;3;1;3;2;0;20;-7.027159594687151;14;4;12;0;2;2;11;14;3;20;0.3151248016223569;3;4;25;2;2;1;0;5;6;3;15;0;5;3;24;0;4;24;3;8;0;2;0;6;20;4.124094967267901;1;9;24;4;3;14;1;4;2;10;18;1;6;7;1.7159814007593095;5;23;3.3445282171798514;5;1;5;0;1;16;12;3;21;0.06908205656192123;0;2;0;13;11;1;11;18;2;3;10;1;21;-8.844466258478738;8;3;3;0;6;0;3;17;5;19;5;5;2;16;23;-1.6318587309082044
TRACK:11;1;9;5;6;2;2;3;3;2;6;3;0;24;7;-5.849577638755394;1;0;0;21;-1.281303466344843;9;0;23;5.007203881741621;21;-5.8370457809316285;2;1;12;10;1;18;24;6;1;4;2;3;1;22;-8.140930522045164;9;2;0;20;-0.029403678051664883;21;6.576113996066624;5;9;5;5;4;6;23;-8.675700413732324;3;6;2;6;0;5;2;12;24;2;4;21;-2.775791669689875;0;11;7;5.714236995607498;5;5;2;1;15;23;-5.928805437015097;5;7;1.5047018222999764
TRACK:12;3;7;5;4;1;0;0;2;0;0;1;1;15;15;2;8;21;-2.8997289864945985;0;1;20;4.429039226398494;9;5;14;1;5;4;19;1;1;15;12;5;13;0;3;5;5;20;6.640142898363042;0;4;4;10;5;2;25;17;4;2;6;4;3;25;1;3;1;10;17;6;0;11;20;-0.46712305459492676;5;2;4;3;2;6;21;-7.213051363293035;5;23;8.987989424121196;1;0;3;6;15;6;6;18;5;6;20;-3.615747867853627;0;5;6;3;6;2;6;15;0;21;-1.033545478096766;12;6;5;6;0;4;5;15;6;0;7;2.421066302104329;12
TRACK:13;3;7;4;4;15
TRACK:14;2;0;0;0;2;1;2;5;5;0;4;6;22;3.031182817319767;0;2;12;17;6;20;-9.97192199972452;3;1;1;2;1;12;17;0;21;-9.7268871627489;16;1;6;8;0;9;21;-9.922376920258284;1;6;6;18;4;2;17;17;4;2;4;0;5;6;15;6;1;23;-5.309494411506693;21;8.071916500284814;0;0;0;6;9;4;22;8.086509638767492;11;4;1;2;14;22;-9.18845994352155;1;21;1.4669552435428876;11;0;2;6;0;2;4;1;15;22;9.870899242591655;3;0;25;24;5;3;5;22;-2.2431516394546254;4;3;0;6;6;8;4;0;13;16;2;4;4;0;2;3;22;-6.743427261917745;2;13;13;1;2;9;7;-2.602109691432968;4;10;1;0;4;6;1;19;16;4;6;3;24;3;4;4;3;20;7.371409276066082;3;4;0;3;4;2;5;5;9;2;3;18;2;14;17;1;6;5;2;4;25;3;7;1.1674254552004832;6;4;3;0;23;3.3317529958480634;21;-0.0517577342614679;0;4;0;4;4;3;2;0;1;22;-4.979945431917779;16;3;24;0;5;10;1;21;4.760794254241617;9;5;5;4;0;2;3;23;-1.5080508963211194;0;10;17;6;6;12;0;4;6;2;0;0;4;1;22;2.295434000885752;13;6;0;17;23;1.515564816410702;3;0;1;11;19;6;20;-1.362300833729746;2;6;3;2;21;-0.08729096684811033;23;7.443187501011423;3;1;3;14;5;17;5;2;0;0;1;0;6;16;5;23;-5.702068437292375;5;4;11;4;0;6;15;5;16;2;6;3;2;10;20;4.04547981344157;4;3;6;11;0;3;4;4;4;10;6;3;3;4;15
TRACK:15;2;0;6;6;1;2;4;2;6;0;0;5;21;5.6651647358236055;4;19;6;6;16;0;1;4;4;25;0;3;10;2;13;9;6;2;4;25;1;17;19;4;5;2;6;1;6;19;6;21;-0.2574869069444201;2;2;1;21;6.512752591412479;11;3;17;1;6;24;0;12;24;0;0;0;1;3;4;1;19;21;-6.891154707645986;0;0;5;19;5;15;5;2;21;3.286038634807367;13;2;2;5;4;10;5;6;22;-1.4938388920501549;3;0;3;20;-3.2981463896867975;3;13;2;4;2;2;2;22;-9.060042177173894;18;2;12;9;6;5;23;7.44253465153421;2;4;1;0;10;9;5;11;3;6;1;23;-2.18777871189711;25;3;3;3;4;15
TRACK:16;2;3;0;0;2;1;2;5;5;0;4;6;22;3.031182817319767;0;2;12;17;6;20;-9.97192199972452;3;1;1;2;1;12;17;0;21;-9.7268871627489;16;1;6;8;0;9;21;-9.922376920258284;1;6;6;18;4;2;17;17;4;2;4;0;5;6;15;6;1;23;-5.309494411506693;21;8.071916500284814;0;0;0;6;9;4;22;8.086509638767492;4;3;23;5.5654648444773684;4;1;2;14;22;-9.18845994352155;1;21;1.4669552435428876;11;0;2;6;0;2;4;1;15;22;9.870899242591655;3;0;25;24;5;3;5;22;-2.2431516394546254;4;3;0;6;6;8;4;0;13;16;2;4;4;0;2;3;22;-6.743427261917745;2;13;13;1;2;9;7;-2.602109691432968;4;10;1;0;4;6;1;19;16;4;6;3;24;3;4;4;3;20;7.371409276066082;3;4;0;3;4;2;5;5;9;2;3;18;2;14;17;1;6;5;2;4;25;3;7;1.1674254552004832;6;4;3;0;23;3.3317529958480634;21;-0.0517577342614679;0;4;0;4;4;3;2;0;1;22;-4.979945431917779;16;3;24;0;5;10;1;21;4.760794254241617;9;5;5;4;0;2;3;23;-1.5080508963211194;0;10;17;6;6;12;0;4;6;2;0;0;4;1;22;2.295434000885752;13;6;0;17;23;1.515564816410702;3;0;1;11;19;6;20;-1.362300833729746;2;6;3;2;21;-0.08729096684811033;23;7.443187501011423;3;1;3;14;5;17;5;2;0;0;1;0;6;16;5;23;-5.702068437292375;5;9;4;0;6;15;5;16;2;6;3;2;10;20;4.04547981344157;4;3;6;11;0;3;4;4;4;10;6;3;3;4;15
TRACK:17;2;3;5;4;1;0;0;2;0;0;1;1;15;15;2;8;21;-2.8997289864945985;0;1;20;4.429039226398494;9;5;14;1;5;4;19;1;1;15;12;5;13;0;3;5;5;20;6.640142898363042;0;4;4;10;5;2;19;17;4;2;6;4;3;25;1;3;1;10;17;6;0;11;20;-0.46712305459492676;5;2;4;3;2;6;21;-7.213051363293035;5;23;8.987989424121196;1;0;3;6;15;6;6;18;2;5;1;21;-7.606383624926931;10;4;2;21;-2.4748086995170837;12;0;5;6;3;6;2;6;15;0;21;-1.033545478096766;12;6;5;6;0;4;5;15;6;0;7;2.421066302104329;12
TRACK:18;5;9;3;3;5;6;6;1;3;6;1;1;23;-1.0788057009691077;16;6;14;2;2;1;4;23;-7.831770370968489;2;16;8;3;2;23;9.945857191220234;13;1;4;6;14;6;5;20;-0.029403678051664883
TRACK:19;5;9;5;6;2;2;3;3;2;6;3;0;24;7;-5.849577638755394;1;0;0;21;-1.281303466344843;21;4.922607208510069;23;9.945857191220234;2;1;12;10;1;18;24;6;1;4;2;3;1;22;-8.140930522045164;9;2;0;20;-0.029403678051664883;21;6.576113996066624;5;9;5;5;4;6;23;-8.675700413732324;3;6;2;6;0;5;2;12;24;2;4;21;-2.775791669689875;0;11;7;5.714236995607498;5;5;2;1;15;23;-5.928805437015097;5;7;1.5047018222999764
TRACK:20;10;-1;2;0;5;3;3;0;5;4;6;6;20;0.9210010786036673;1;6;4;0;9;15;1;6;2;25;12;4;2;10;25;5;1;1;1;2;2;5;1;23;-9.879485942174355;18;0;6;16;4;24;1;0;5;23;-5.415791691133986;1;22;2.2622161031191044;16;3;3;13;4;1;2;3;12;5;11;4;3;13;3;0;0;2;0;23;9.735147368383203;7;2.0063628725132774;0;15;17;2;1;21;-9.42815250470779;17;6;17;0;2;0;13;23;8.432764558497487;0;12;17;1;4;25;6;19;0;4;4;2;0;4;8;6;15;5;3;10;0;6;1;5;4;14;2;1;14;23;-6.119655511516709;3;19;4;2;2;0;7;1.9544466496505197;20;6.026025368686304;2;10;9;2;3;17;2;18;19;4;1;4;6;3;1;3;2;0;20;-7.0836564865056975;14;4;12;0;2;2;11;14;3;20;0.29413834890703816;3;4;25;2;2;1;0;5;6;3;15;0;5;3;24;0;4;24;3;8;0;2;0;6;20;4.010435711003626;1;9;24;4;3;14;1;4;2;10;18;1;6;7;1.6413630287065786;5;23;3.404762409029306;5;1;5;0;1;16;12;3;21;0.12595177793858692;0;2;0;13;11;1;11;18;2;3;10;1;21;-8.896837374124994;8;3;3;0;6;0;3;17;4;8;5;5;2;16;23;-1.576354067365868
TRACK:21;12;-1;5;4;1;0;0;2;0;0;1;1;15;15;2;21;-0.5986427363710476;21;-2.850874645060475;0;1;20;4.553587795760294;9;5;14;1;5;4;19;1;1;15;12;5;13;0;3;5;5;20;6.670903505788042;0;4;4;10;5;2;25;17;4;2;6;4;3;25;1;3;1;10;17;6;0;11;20;-0.5463880321972979;5;2;4;3;2;6;21;-7.188924901505215;5;23;9.136524522467141;1;0;3;6;15;6;6;18;5;6;20;-3.6306182512761103;0;5;6;3;6;2;6;15;0;21;-0.8419750676653553;12;6;5;6;0;4;5;15;6;0;7;2.55348122767877;12
TRACK:22;14;-1;0;0;2;1;2;5;5;0;4;6;22;3.1376024512846805;0;2;12;17;6;20;-10.0;3;1;1;2;1;12;17;0;21;-9.63984128905789;16;1;6;8;0;9;21;-9.867098248276442;1;6;6;18;4;2;17;17;4;2;4;0;5;6;15;6;1;23;-5.449767043999264;21;8.043334842495161;0;0;0;6;9;4;22;7.999507916025976;11;4;1;2;14;22;-9.267664248065293;1;21;1.5248170402603707;11;0;2;6;0;2;4;1;15;22;9.954364267228243;3;0;25;24;5;3;5;22;-2.209189173186143;4;3;0;6;6;8;4;0;13;16;2;4;4;0;2;3;22;-6.819861215437751;2;13;13;1;2;9;7;-2.6873312323527334;4;10;1;0;4;6;1;19;16;4;6;3;24;3;4;4;3;20;7.406384448560007;3;4;0;3;4;2;5;5;9;2;3;18;2;14;17;1;6;5;2;4;25;3;7;1.0742935709902692;6;4;3;0;23;3.3180493902352772;21;0.04331538805891093;0;4;0;4;4;3;2;0;1;22;-5.040863174515768;16;3;24;0;5;10;1;21;4.8234693908999455;9;5;5;4;0;2;3;23;-1.5515800139695248;0;10;17;6;6;12;0;4;6;2;0;0;4;1;22;2.3797083920447912;13;6;0;17;23;1.4588863613307284;3;0;3;13;6;20;-1.4448078098233221;2;6;3;2;21;0.05391093961299387;23;7.249809286006625;3;1;3;14;5;17;5;2;0;0;1;0;6;16;5;23;-5.831160241759271;5;4;11;4;0;6;15;5;16;2;6;3;2;10;20;4.001050580506401;4;3;6;11;0;3;4;4;4;10;6;3;3;4;15
TRACK:23;16;-1;0;0;2;1;2;5;5;0;4;6;22;3.2668285997442634;0;2;12;17;6;20;-9.903783146159224;3;1;4;18;1;6;6;18;4;2;17;17;4;2;4;0;5;6;15;6;1;23;-5.410079225211433;21;8.068355607108614;0;0;0;6;9;4;22;8.165444327069444;4;3;23;5.519606106470469;4;1;2;14;22;-9.220126882445513;1;21;1.442335188124866;11;0;2;6;0;2;4;1;15;22;9.955555360696286;3;0;25;24;5;3;5;22;-2.2491903281556564;4;3;0;6;6;8;4;0;13;16;2;4;4;0;2;3;22;-6.811671209203136;2;13;13;1;2;9;7;-2.592353913797836;4;10;1;0;4;6;1;19;16;4;6;3;24;3;4;4;3;20;7.239519644559551;3;4;0;3;4;2;5;5;9;2;3;18;2;14;17;1;6;5;2;4;25;3;7;1.1456949179435212;6;4;3;0;23;3.330070170700423;21;-0.18845299555283795;0;4;0;4;4;3;2;0;1;22;-5.081940191264003;16;3;24;0;5;10;1;21;4.804861897982282;9;5;5;4;0;2;3;23;-1.5335799730426882;0;10;17;6;6;12;0;4;6;2;0;0;4;1;22;2.3767243719283937;13;6;0;17;23;1.6478805854896297;3;0;1;11;19;6;20;-1.3685197526869093;2;6;3;2;21;-0.0795170768706592;23;7.384744177450713;3;1;3;14;5;17;5;2;0;0;1;0;6;16;5;23;-5.675644686082391;5;9;4;0;6;15;5;16;2;6;3;2;10;20;3.7856579658018195;4;3;6;11;0;3;4;4;4;10;6;3;3;4;15
TRACK:24;18;-1;3;3;5;6;6;1;3;6;1;1;23;-0.9360471010420645;16;6;14;3;0;14;12
TRACK:25;11;-1;5;6;2;2;3;3;2;6;3;0;24;7;-5.925200892751493;1;0;0;21;-1.3488400063729067;9;0;23;4.993208176989911;21;-5.826206252100551;2;1;12;10;1;10;24;6;1;4;2;3;1;22;-7.995760844036555;9;2;0;20;-0.06391852874862233;21;6.495897404272404;5;9;5;5;4;6;23;-8.665986726034827;3;6;2;6;0;5;2;12;24;2;4;21;-2.9267110007728876;0;11;7;5.642581421030729;5;5;2;1;15;23;-5.86369986010157;5;7;1.4792654408197785
TRACK:26;13;-1;4;5;6;6;5;4;25
TRACK:27;15;-1;6;6;1;2;4;2;6;0;0;5;21;5.6924701149306935;4;19;6;6;16;0;1;4;4;25;0;3;10;2;13;9;6;2;4;25;1;17;19;4;5;2;6;1;6;19;6;21;-0.21386779125197153;2;2;1;21;6.435935379593141;11;3;17;1;6;24;0;12;24;0;0;0;1;3;4;1;19;21;-6.7677834459715465;0;0;5;19;5;15;5;2;21;3.2993115338438987;13;2;2;5;4;10;5;6;22;-1.3661414705118435;3;0;3;20;-3.2231118706991397;3;13;2;4;2;2;2;22;-8.90766627282769;18;2;18;22;3.104682982827134;6;5;23;7.464816028179315;2;4;1;0;10;9;5;11;3;6;1;23;-2.279643652492952;25;3;3;3;4;15
TRACK:28;17;-1;5;4;1;0;0;2;0;0;1;1;15;15;2;8;21;-3.116285650605017;0;1;20;4.518001568900134;9;5;14;1;5;4;19;1;1;15;12;5;13;0;3;5;5;20;6.491282683198672;0;4;4;10;5;2;19;17;4;2;6;4;3;25;1;3;1;10;17;6;0;11;20;-0.529505631861049;5;2;4;3;2;6;21;-7.40638894996376;5;23;9.09974364047189;1;0;3;6;15;6;6;18;2;5;6;14;4;2;21;-2.5058067000601274;12;0;5;6;3;6;2;6;15;0;21;-0.9834365654509548;12;6;5;6;0;4;5;15;6;0;7;2.448094492944901;12
TRACK:29;19;-1;5;6;2;2;3;3;2;6;3;0;24;7;-5.7699798291336934;1;0;0;21;-1.2012308372025036;21;4.947068466001405;23;9.844669177455938;2;1;12;10;1;18;24;6;1;4;2;3;1;22;-8.028277959779366;9;2;0;20;-0.05479148019335178;21;6.534412063832682;5;9;4;12;3;6;2;6;0;5;2;12;24;2;4;21;-2.669381924670647;0;11;7;5.732114652766611;5;5;2;1;15;23;-5.827269548133917;5;7;1.527425361287737
EVAL_INSTANCE:1:0:20
EVAL_INSTANCE:1:1:21
EVAL_INSTANCE:1:2:22
EVAL_INSTANCE:1:3:23
EVAL_INSTANCE:1:4:24
EVAL_INSTANCE:1:5:25
EVAL_INSTANCE:1:6:26
EVAL_INSTANCE:1:7:27
EVAL_INSTANCE:1:8:28
EVAL_INSTANCE:1:9:29
RUN_RESULT:1:0:0:4:R
RUN_RESULT:1:1:0:1:R
RUN_RESULT:1:2:0:1:R
RUN_RESULT:1:3:0:1:R
RUN_RESULT:1:4:0:4:R
RUN_RESULT:1:5:0:1:R
RUN_RESULT:1:6:0:4:R
RUN_RESULT:1:7:0:4:R
RUN_RESULT:1:8:0:1:R
RUN_RESULT:1:9:0:1:R
     2 |       20 | -3.998900E+03 | -3.999000E+03
TRACK:30;22;29;0;0;2;1;2;5;5;0;4;6;22;3.1376024512846805;0;2;12;17;6;20;-10.0;3;1;1;2;1;12;17;0;21;-9.63984128905789;16;1;6;8;0;9;21;-9.867098248276442;1;6;6;18;4;2;17;17;4;2;4;0;5;6;15;6;1;23;-5.449767043999264;21;8.043334842495161;0;0;0;6;9;4;22;7.999507916025976;11;4;1;2;14;22;-9.267664248065293;1;21;1.5248170402603707;11;0;2;6;0;2;4;1;15;22;9.954364267228243;3;0;25;24;5;3;5;22;-2.209189173186143;4;3;0;6;6;8;4;0;13;16;2;4;4;0;2;3;22;-6.819861215437751;2;13;13;1;2;9;7;-2.6873312323527334;4;10;1;0;4;6;1;19;16;4;6;3;24;3;4;4;3;20;7.406384448560007;3;4;0;3;4;2;5;5;9;2;3;18;2;14;17;1;6;5;2;4;25;3;7;1.0742935709902692;6;4;3;0;23;3.3180493902352772;21;0.04331538805891093;0;4;0;4;4;3;2;0;1;22;-5.040863174515768;16;3;24;0;5;10;1;21;4.8234693908999455;9;5;5;4;0;2;3;23;-1.5515800139695248;0;10;17;6;6;12;0;4;6;2;0;0;4;1;22;2.3797083920447912;13;6;0;17;23;1.4588863613307284;3;0;3;13;6;20;-1.4448078098233221;2;6;3;2;21;0.05391093961299387;23;7.249809286006625;3;1;3;14;5;17;5;2;0;0;1;0;6;9;5;23;-5.831160241759271;5;4;11;4;0;6;15;5;16;2;6;3;2;10;20;4.001050580506401;4;3;6;11;0;3;4;4;4;10;6;3;3;4;15
TRACK:31;22;29;5;6;2;2;3;3;2;6;3;0;24;7;-5.7699798291336934;1;0;0;21;-1.2012308372025036;21;4.947068466001405;23;9.844669177455938;2;1;12;10;1;18;24;6;1;4;2;3;1;22;-8.028277959779366;9;2;0;20;-0.05479148019335178;21;6.534412063832682;5;9;4;9;3;6;2;6;0;5;2;12;24;2;4;21;-2.669381924670647;0;11;7;5.732114652766611;5;5;2;1;15;23;-5.827269548133917;5;7;1.527425361287737
TRACK:32;23;28;0;0;2;1;2;5;5;0;4;6;22;3.2668285997442634;0;2;12;17;6;20;-9.903783146159224;3;1;4;18;1;6;6;18;4;2;17;17;4;2;4;0;5;6;15;6;1;23;-5.410079225211433;21;8.068355607108614;0;0;0;6;9;4;22;8.165444327069444;4;3;23;5.519606106470469;4;1;2;14;22;-9.220126882445513;1;21;1.442335188124866;11;0;2;6;0;2;4;1;15;22;9.955555360696286;3;0;25;24;5;3;5;22;-2.2491903281556564;4;3;0;6;6;8;4;0;13;16;2;4;4;0;2;3;22;-6.811671209203136;2;13;13;1;2;9;7;-2.592353913797836;4;10;1;0;4;6;1;19;16;4;6;3;24;3;4;4;3;20;7.239519644559551;3;4;0;3;4;2;5;5;9;2;3;18;2;14;17;1;6;5;2;4;25;3;7;1.1456949179435212;6;4;3;0;23;3.330070170700423;21;-0.18845299555283795;0;4;0;4;4;3;2;0;1;22;-5.081940191264003;16;3;24;0;5;10;1;21;4.804861897982282;9;5;5;4;0;2;3;23;-1.5335799730426882;0;10;17;6;6;12;0;4;6;2;0;0;4;1;22;2.3767243719283937;13;6;0;17;23;1.6478805854896297;3;0;1;11;19;1;10;17;2;6;3;2;21;-0.0795170768706592;23;7.384744177450713;3;1;3;14;5;17;5;2;0;0;1;0;6;16;5;23;-5.675644686082391;5;9;4;0;6;15;5;16;2;6;3;2;10;20;3.7856579658018195;4;3;6;11;0;3;4;4;4;10;6;3;3;4;15
TRACK:33;23;28;5;4;1;0;0;2;0;0;1;1;15;15;2;8;21;-3.116285650605017;0;1;20;4.518001568900134;9;5;14;1;5;4;19;1;1;15;12;5;13;0;3;5;5;20;6.491282683198672;0;4;4;10;5;2;19;17;4;2;6;4;3;25;1;3;1;10;17;6;0;11;20;-0.529505631861049;5;9;0;5;6;3;6;2;6;15;0;21;-0.9834365654509548;12;6;5;6;0;4;5;15;6;0;7;2.448094492944901;12
TRACK:34;25;2;5;6;2;2;3;3;2;6;3;0;24;7;-5.925200892751493;1;0;0;21;-1.3488400063729067;9;0;23;4.993208176989911;21;-5.826206252100551;2;1;12;10;1;10;24;6;1;4;2;3;1;22;-7.995760844036555;9;2;0;20;-0.06391852874862233;21;6.495897404272404;5;9;5;5;4;6;23;-8.665986726034827;3;6;2;6;0;5;2;12;24;2;4;25;0;11;7;5.642581421030729;5;5;2;1;15;23;-5.86369986010157;5;7;1.4792654408197785
TRACK:35;25;2;0;0;2;1;2;5;5;0;4;6;22;3.031182817319767;0;2;12;17;6;20;-9.97192199972452;3;1;1;2;1;12;17;0;21;-9.7268871627489;16;1;6;8;0;9;21;-9.922376920258284;1;6;6;18;4;2;17;17;4;2;4;0;5;6;15;6;1;23;-5.309494411506693;21;8.071916500284814;0;0;0;6;9;4;22;8.086509638767492;4;3;7;-5.925200892751493;4;1;2;14;22;-9.18845994352155;1;21;1.4669552435428876;11;0;2;6;0;2;4;1;15;22;9.870899242591655;3;0;25;24;5;3;5;22;-2.2431516394546254;4;3;0;6;6;8;4;0;13;16;2;4;4;0;2;3;22;-6.743427261917745;2;13;13;1;2;9;7;-2.602109691432968;4;10;1;0;4;6;1;19;16;4;6;3;24;3;4;4;3;20;7.371409276066082;3;4;0;3;4;2;5;5;9;2;3;18;2;14;17;1;6;5;2;4;25;3;7;1.1674254552004832;6;4;3;0;23;3.3317529958480634;21;-0.0517577342614679;0;4;0;4;4;3;2;0;1;22;-4.979945431917779;16;3;24;0;5;10;1;21;4.760794254241617;9;5;5;4;0;2;3;23;-1.5080508963211194;0;10;17;6;6;12;0;4;6;2;0;0;4;1;22;2.295434000885752;13;6;0;17;23;1.515564816410702;3;0;1;11;19;6;20;-1.362300833729746;2;6;3;2;21;-0.08729096684811033;23;7.443187501011423;3;1;3;14;5;17;5;2;0;0;1;0;6;16;5;23;-5.702068437292375;5;4;11;4;0;6;15;5;16;2;6;3;2;10;20;4.04547981344157;4;3;6;11;0;3;4;4;4;10;6;3;3;4;15
TRACK:36;3;25;5;4;1;0;0;2;0;0;1;1;15;15;2;8;21;-2.8997289864945985;0;1;20;4.429039226398494;9;5;14;1;5;4;19;1;1;15;12;5;13;0;3;5;5;20;6.640142898363042;0;4;4;10;5;2;25;17;4;2;6;4;3;25;1;3;1;10;17;6;0;11;20;-0.46712305459492676;5;2;4;3;2;6;21;-7.213051363293035;5;23;8.987989424121196;1;0;3;6;15;6;6;18;2;5;1;21;-7.606383624926931;10;4;2;21;-2.4748086995170837;21;6.495897404272404;0;5;6;3;6;2;6;15;0;21;-1.033545478096766;12;6;5;6;0;4;5;15;6;0;7;2.421066302104329;12
TRACK:37;3;25;5;6;2;2;3;3;2;6;3;0;24;7;-5.925200892751493;1;0;0;21;-1.3488400063729067;9;0;23;4.993208176989911;21;-5.826206252100551;2;1;12;10;1;10;24;6;1;4;2;3;0;21;-1.033545478096766;12;2;0;20;-0.06391852874862233;21;6.495897404272404;5;9;5;5;4;6;23;-8.665986726034827;3;6;2;6;0;5;2;12;24;2;4;21;-2.9267110007728876;0;11;7;5.642581421030729;5;5;2;1;15;23;-5.86369986010157;5;7;1.4792654408197785
TRACK:38;28;9;5;4;1;0;0;2;0;0;1;1;15;15;2;8;21;-3.116285650605017;0;1;20;4.518001568900134;9;5;14;1;5;4;19;1;1;15;12;5;13;0;3;5;5;20;6.491282683198672;0;4;4;10;5;2;19;17;4;2;6;4;3;25;1;3;1;10;17;6;0;11;20;-0.529505631861049;5;2;4;3;2;6;21;-7.40638894996376;5;23;9.09974364047189;1;0;3;6;15;6;6;18;2;5;2;12;24;4;2;21;-2.5058067000601274;12;0;5;6;3;6;2;6;15;0;21;-0.9834365654509548;12;6;5;6;0;4;5;15;6;0;7;2.448094492944901;12
TRACK:39;28;9;5;6;2;2;3;3;2;6;3;0;24;7;-5.849577638755394;1;0;0;21;-1.281303466344843;21;4.922607208510069;0;23;5.007203881741621;21;-5.8370457809316285;2;1;12;10;1;18;24;6;1;4;2;4;5;15;2;0;20;-0.029403678051664883;21;6.576113996066624;5;9;5;5;4;6;23;-8.675700413732324;3;6;2;6;0;5;2;12;24;2;4;21;-2.775791669689875;0;11;7;5.714236995607498;5;5;2;1;15;23;-5.928805437015097;5;7;1.5047018222999764
TRACK:40;22;-1;0;0;2;1;2;5;5;0;4;6;22;3.134397997993591;0;2;12;17;6;20;-10.0;3;1;1;2;1;12;17;0;21;-9.888466406767382;16;1;6;8;0;9;21;-9.941137254131563;1;6;6;18;4;2;17;17;4;2;4;0;5;6;15;6;1;23;-5.497964479221673;21;7.990544085447896;0;2;25;13;4;1;2;14;22;-9.307835032386754;1;21;1.5524718577874146;11;0;2;6;0;2;4;1;15;22;10.0;3;0;25;24;5;3;5;22;-2.1698374351275453;4;3;0;6;6;8;4;0;13;16;2;4;4;0;2;3;22;-6.706081617611231;2;13;13;1;2;9;7;-2.6724716317245;4;10;1;0;4;6;1;19;16;4;6;3;24;3;4;4;3;20;7.425972656522747;3;4;0;3;4;2;5;5;9;2;3;18;2;14;17;1;6;5;2;4;25;3;7;1.0884823764169251;6;4;3;0;23;3.2896177496679133;21;-0.08612614169614592;0;4;0;4;4;3;2;0;1;22;-5.121241705035911;16;3;24;0;5;10;1;21;5.011519459692955;9;5;5;4;0;2;3;23;-1.564595416820972;0;10;17;6;6;12;0;4;6;2;0;0;4;1;22;2.3278295102518323;13;6;0;17;23;1.6101951698766477;3;0;3;13;6;20;-1.3877149271177796;2;6;3;2;21;0.04896155113012132;23;7.280649853618894;3;1;3;14;5;17;5;2;0;0;1;0;6;16;5;23;-5.933679555384385;5;4;11;4;0;6;15;5;16;2;6;3;2;10;20;3.892278522807289;4;3;6;11;0;3;4;4;4;10;6;3;3;4;15
TRACK:41;32;-1;0;0;2;1;2;5;5;0;4;6;22;3.2872674647827282;0;2;12;17;6;20;-10.0;3;1;4;18;1;6;6;18;4;2;17;17;4;2;4;0;5;6;15;6;1;23;-5.422138174536169;21;8.057835120738682;0;0;0;6;9;4;22;8.132847930371394;4;3;23;5.476752064951876;4;1;2;14;22;-9.167997705125678;1;21;1.4186360003329863;11;0;2;6;0;2;4;1;15;22;9.958690569254932;3;0;25;24;5;3;5;22;-2.1200909884658343;4;3;0;6;6;8;4;0;13;16;2;4;4;0;2;3;22;-6.869747689531711;2;13;13;1;2;9;7;-2.608227417301943;4;15;1;0;4;6;1;19;16;4;6;3;24;3;4;4;3;20;7.18297677013809;3;4;0;3;4;2;5;5;9;2;3;18;2;14;17;1;6;5;2;4;25;3;7;1.2236668146145442;6;4;3;0;23;3.4565211741845707;21;-0.11439690216233703;0;4;0;4;4;3;2;0;1;22;-5.143751676482526;16;3;24;0;5;10;1;21;4.899030455421341;9;5;5;4;0;2;3;23;-1.4303853708348038;0;10;17;6;6;12;0;4;6;2;0;0;4;1;22;2.4121977733160023;13;6;0;17;23;1.7905146296665495;3;0;1;11;19;1;10;17;2;6;3;2;21;-0.23916094961449533;23;7.256982111300514;3;1;3;14;5;17;5;2;0;0;1;0;6;16;5;23;-5.639620917888795;5;9;4;0;6;15;5;16;2;6;3;2;10;20;3.896463505092169;4;3;6;11;0;3;4;4;4;10;6;3;3;4;15
TRACK:42;34;-1;5;6;6;2;2;5;3;0;3;0;15;11;3;2;14;10;6;2;6;0;0;11;20;-0.39538035611121813;6;23;-8.315891695340419;6;5;3;23;-8.284767357061176;4;0;3;3;2;3;10;3;14;1;5;1;2;20;6.4502146203213755;10;5;21;2.80423316086517;4;2;3;24;3;10
TRACK:43;36;-1;3;6;11
TRACK:44;38;-1;5;4;1;0;0;2;0;0;1;1;15;15;2;8;21;-3.1293369300168714;0;1;20;4.4804250712931974;9;5;14;1;5;4;19;1;1;15;12;5;13;0;3;5;5;20;6.365349379146438;0;4;4;10;5;2;19;17;4;2;6;4;25;1;3;1;10;17;6;0;11;20;-0.5254128404385134;5;2;4;3;2;6;21;-7.417847487309078;5;23;9.125426891168186;1;0;3;6;15;6;6;18;2;5;2;12;24;4;2;21;-2.4422847311268305;12;0;5;6;3;6;2;6;15;0;21;-0.8646057622630217;12;6;5;6;0;4;5;15;6;0;7;2.4719427370288445;12
TRACK:45;29;-1;5;6;2;2;3;3;2;6;3;0;24;7;-5.973809896256993;1;0;0;21;-1.3046261182515115;21;4.929662616271508;23;9.803500801856138;2;1;12;10;1;18;24;6;1;4;2;3;1;22;-8.128263903507698;9;2;0;20;-0.11334150912709945;21;6.41509501597622;5;9;4;12;3;6;2;6;0;5;2;12;24;2;4;21;-2.646412921189323;0;11;7;5.751980028354401;5;11
TRACK:46;33;-1;5;4;1;0;0;2;0;0;1;1;15;15;2;8;21;-3.0748678053364538;0;1;20;4.563694202924821;9;5;14;1;5;4;19;1;1;15;12;5;13;0;3;5;5;20;6.482444872414681;0;4;4;10;5;2;19;17;4;2;6;4;3;25;1;3;4;12;6;0;11;20;-0.5587043410184421;5;9;0;5;6;3;6;2;6;15;0;21;-1.0280866281864756;12;6;5;6;0;4;5;15;6;0;7;2.4955091012933712;12
TRACK:47;35;-1;0;0;2;1;2;5;5;0;4;6;22;3.0009072393358256;0;2;12;17;6;20;-9.88632523164148;3;1;1;2;1;12;17;0;21;-9.8586804309875;16;1;6;8;0;9;21;-10.0;1;6;6;18;4;2;17;17;4;2;4;0;5;6;15;6;1;23;-5.213865287393637;21;7.907633364216466;0;0;0;6;9;4;22;8.142691713346691;4;3;7;-6.030875864407764;4;1;2;14;22;-9.012492646187441;1;21;1.3166997668085492;11;0;2;6;0;2;4;1;15;22;9.82397342569072;3;0;25;24;5;3;5;22;-2.217712513012191;4;3;0;6;6;8;4;0;13;16;2;4;4;0;2;3;22;-6.75585079646492;2;13;13;1;2;9;7;-2.548762228061846;4;10;1;0;4;6;1;19;16;4;6;3;24;3;4;4;3;20;7.3646076401023155;3;4;0;3;4;2;5;5;9;2;3;18;2;14;17;1;6;5;2;4;25;3;7;1.3201120914531614;6;4;3;0;23;3.3591755529340324;21;0.030037810836677448;0;4;0;4;4;3;2;0;1;22;-5.019474813463298;16;3;24;0;5;10;1;21;4.704761595265656;9;5;5;4;0;2;3;23;-1.3538334489426724;0;10;17;6;6;12;0;4;6;2;0;0;4;1;22;2.3740209934041365;13;6;0;17;23;1.4608576364424828;3;0;1;11;19;6;20;-1.388032385040205;2;6;3;2;21;0.06261366316537217;23;7.510417467799786;3;1;3;14;5;17;5;2;0;0;1;0;6;16;5;23;-5.728762205150648;5;4;11;4;0;6;15;5;8;2;6;3;2;10;20;3.9996001040351605;4;3;6;11;0;3;4;4;4;10;6;3;3;4;15
TRACK:48;37;-1;5;6;2;2;3;3;2;6;3;0;24;7;-6.169061209192904;1;0;0;21;-1.3440348780162483;9;0;23;5.150185299021596;21;-5.718912061683955;2;1;12;10;1;10;24;6;1;4;2;3;0;21;-1.1174752872462208;12;2;0;20;-0.1254692859343765;21;6.541657751398246;5;9;5;5;4;3;16;3;6;2;6;0;5;2;12;24;2;4;21;-3.056432489676278;0;11;7;5.661993916956342;5;5;2;1;15;23;-5.839059935598681;5;7;1.3541268419336747
TRACK:49;39;-1;5;6;2;2;3;3;2;6;3;0;24;7;-5.838134689175974;1;0;0;21;-1.33987979674085;21;4.764891522746265;0;23;5.02114994646766;21;-5.7041678612182345;2;1;12;10;1;18;24;6;1;4;2;4;5;15;2;0;20;-0.06708034071302414;21;6.459596377330802;5;9;5;5;4;6;23;-8.647950687621318;3;6;2;6;0;5;0;7;-5.705412769206923;15;2;4;21;-2.741646634474818;0;11;7;5.531919183853095;5;5;2;1;15;23;-5.7816581327798;5;7;1.2362248376991678
EVAL_INSTANCE:2:0:40
EVAL_INSTANCE:2:1:41
EVAL_INSTANCE:2:2:42
EVAL_INSTANCE:2:3:43
EVAL_INSTANCE:2:4:44
EVAL_INSTANCE:2:5:45
EVAL_INSTANCE:2:6:46
EVAL_INSTANCE:2:7:47
EVAL_INSTANCE:2:8:48
EVAL_INSTANCE:2:9:49
RUN_RESULT:2:0:0:1:R
RUN_RESULT:2:1:0:1:R
RUN_RESULT:2:2:0:4:R
RUN_RESULT:2:3:0:4:R
RUN_RESULT:2:4:0:1:R
RUN_RESULT:2:5:0:1:R
RUN_RESULT:2:6:0:1:R
RUN_RESULT:2:7:0:1:R
RUN_RESULT:2:8:0:1:R
RUN_RESULT:2:9:0:1:R
     3 |       30 | -3.999000E+03 | -3.999000E+03
TRACK:50;29;28;5;6;2;2;3;3;2;6;5;4;19;1;0;0;21;-1.2012308372025036;21;4.947068466001405;23;9.844669177455938;2;1;12;10;1;18;24;6;1;4;2;3;1;22;-8.028277959779366;9;2;0;20;-0.05479148019335178;21;6.534412063832682;5;9;4;12;3;6;2;6;0;5;2;12;24;2;4;21;-2.669381924670647;0;11;7;5.732114652766611;5;5;2;1;15;23;-5.827269548133917;5;7;1.527425361287737
TRACK:51;29;28;5;4;1;0;0;2;0;0;1;1;15;15;2;8;21;-3.116285650605017;0;1;20;4.518001568900134;9;5;14;1;5;4;19;1;1;15;12;5;13;0;3;5;5;20;6.491282683198672;0;4;4;10;5;2;19;17;4;2;6;4;3;25;1;3;1;10;17;6;0;11;11;5;2;4;3;2;6;21;-7.40638894996376;5;23;9.09974364047189;1;0;3;6;15;6;6;18;2;5;6;14;4;2;21;-2.5058067000601274;12;0;5;6;3;6;2;6;15;0;21;-0.9834365654509548;12;6;5;6;0;4;5;15;6;0;7;2.448094492944901;12
TRACK:52;23;9;0;0;2;1;2;5;5;0;4;6;22;3.2668285997442634;0;2;12;17;6;20;-9.903783146159224;3;1;4;18;1;6;6;18;4;2;17;17;4;2;4;0;5;6;15;6;1;23;-5.410079225211433;21;8.068355607108614;0;0;0;6;9;4;22;8.165444327069444;4;3;23;5.519606106470469;4;1;2;14;22;-9.220126882445513;1;21;1.442335188124866;11;0;2;6;0;22;-8.140930522045164;5;3;5;22;-2.2491903281556564;4;3;0;6;6;8;4;0;13;16;2;4;4;0;2;3;22;-6.811671209203136;2;13;13;1;2;9;7;-2.592353913797836;4;10;1;0;4;6;1;19;16;4;6;3;24;3;4;4;3;20;7.239519644559551;3;4;0;3;4;2;5;5;9;2;3;18;2;14;17;1;6;5;2;4;25;3;7;1.1456949179435212;6;4;3;0;23;3.330070170700423;21;-0.18845299555283795;0;4;0;4;4;3;2;0;1;22;-5.081940191264003;16;3;24;0;5;10;1;21;4.804861897982282;9;5;5;4;0;2;3;23;-1.5335799730426882;0;10;17;6;6;12;0;4;6;2;0;0;4;1;22;2.3767243719283937;13;6;0;17;23;1.6478805854896297;3;0;1;11;19;6;20;-1.3685197526869093;2;6;3;2;21;-0.0795170768706592;23;7.384744177450713;3;1;3;14;5;17;5;2;0;0;1;0;6;16;5;23;-5.675644686082391;5;9;4;0;6;15;5;16;2;6;3;2;10;20;3.7856579658018195;4;3;6;11;0;3;4;4;4;10;6;3;3;4;15
TRACK:53;23;9;5;6;2;2;3;3;2;6;3;0;24;7;-5.849577638755394;16;6;1;4;2;3;1;22;-8.140930522045164;9;2;0;20;-0.029403678051664883;21;6.576113996066624;5;9;5;5;4;6;23;-8.675700413732324;3;6;2;6;0;5;2;12;24;2;4;21;-2.775791669689875;0;11;7;5.714236995607498;5;5;2;1;15;23;-5.928805437015097;5;7;1.5047018222999764
TRACK:54;22;40;0;0;2;1;2;5;5;0;4;6;22;3.1376024512846805;0;2;12;17;6;20;-10.0;3;1;1;2;1;12;17;0;21;-9.63984128905789;16;1;6;8;0;9;21;-9.867098248276442;1;6;6;18;4;2;17;17;4;2;4;0;5;6;15;6;1;23;-5.449767043999264;21;8.043334842495161;0;0;0;6;9;4;22;7.999507916025976;11;4;1;2;14;22;-9.267664248065293;1;21;1.5248170402603707;11;0;2;6;0;2;4;1;15;22;9.954364267228243;3;0;25;24;5;3;5;22;-2.209189173186143;4;3;0;6;6;8;4;0;13;16;2;4;4;0;2;3;22;-6.819861215437751;2;13;13;1;2;9;7;-2.6873312323527334;4;10;1;0;4;6;1;19;16;4;6;3;24;3;4;4;3;20;7.406384448560007;3;4;0;3;4;2;5;5;9;2;3;18;2;14;17;1;6;5;2;4;10;3;7;1.0742935709902692;6;4;3;0;23;3.3180493902352772;21;0.04331538805891093;0;4;0;4;4;3;2;0;1;22;-5.040863174515768;16;3;24;0;5;10;1;21;4.8234693908999455;9;5;5;4;0;2;3;23;-1.5515800139695248;0;10;17;6;6;12;0;4;6;2;0;0;4;1;22;2.3797083920447912;13;6;0;17;23;1.4588863613307284;3;0;3;13;6;20;-1.4448078098233221;2;6;3;2;21;0.05391093961299387;23;7.249809286006625;3;1;3;14;5;17;5;2;0;0;1;0;6;16;5;23;-5.831160241759271;5;4;11;4;0;6;15;5;16;2;6;3;2;10;20;4.001050580506401;4;3;6;11;0;3;4;4;4;10;6;3;3;4;15
TRACK:55;22;40;0;0;2;1;2;5;5;0;4;6;22;3.134397997993591;0;2;12;17;6;20;-10.0;3;1;1;2;1;12;17;0;21;-9.888466406767382;16;1;6;8;0;9;21;-9.941137254131563;1;6;6;18;4;2;17;17;4;2;4;0;5;6;15;6;1;23;-5.497964479221673;21;7.990544085447896;0;2;25;13;4;1;24;1;21;1.5524718577874146;11;0;2;6;0;2;4;1;15;22;10.0;3;0;25;24;5;3;5;22;-2.1698374351275453;4;3;0;6;6;8;4;0;13;16;2;4;4;0;2;3;22;-6.706081617611231;2;13;13;1;2;9;7;-2.6724716317245;4;10;1;0;4;6;1;19;16;4;6;3;24;3;4;4;3;20;7.425972656522747;3;4;0;3;4;2;5;5;9;2;3;18;2;14;17;1;6;5;2;4;25;3;7;1.0884823764169251;6;4;3;0;23;3.2896177496679133;21;-0.08612614169614592;0;4;0;4;4;3;2;0;1;22;-5.121241705035911;16;3;24;0;5;10;1;21;5.011519459692955;9;5;5;4;0;2;3;23;-1.564595416820972;0;10;17;6;6;12;0;4;6;2;0;0;4;1;22;2.3278295102518323;13;6;0;17;23;1.6101951698766477;3;0;3;13;6;20;-1.3877149271177796;2;6;3;2;21;0.04896155113012132;23;7.280649853618894;3;1;3;14;5;17;5;2;0;0;1;0;6;16;5;23;-5.933679555384385;5;4;11;4;0;6;15;5;16;2;6;3;2;10;20;3.892278522807289;4;3;6;11;0;3;4;4;4;10;6;3;3;4;15
TRACK:56;23;28;0;0;2;1;2;5;5;0;4;6;22;3.2668285997442634;0;2;12;17;6;20;-9.903783146159224;3;1;4;18;1;6;6;18;4;2;17;17;4;2;4;0;5;6;15;6;1;23;-5.410079225211433;21;8.068355607108614;0;0;0;6;9;4;22;8.165444327069444;4;3;23;5.519606106470469;4;1;2;14;22;-9.220126882445513;1;21;1.442335188124866;11;6;0;7;2.448094492944901;12;3;4;0;3;4;2;5;5;9;2;3;18;2;14;17;1;6;5;2;4;25;3;7;1.1456949179435212;6;4;3;0;23;3.330070170700423;21;-0.18845299555283795;0;4;0;4;4;3;2;0;1;22;-5.081940191264003;16;3;24;0;5;10;1;21;4.804861897982282;9;5;5;4;0;2;3;23;-1.5335799730426882;0;10;17;6;6;12;0;4;6;2;0;0;4;1;22;2.3767243719283937;13;6;0;17;23;1.6478805854896297;3;0;1;11;19;6;20;-1.3685197526869093;2;6;3;2;21;-0.0795170768706592;23;7.384744177450713;3;1;3;14;5;17;5;2;0;0;1;0;6;16;5;23;-5.675644686082391;5;9;4;0;6;15;5;16;2;6;3;2;10;20;3.7856579658018195;4;3;6;11;0;3;4;4;4;10;6;3;3;4;15
TRACK:57;23;28;5;4;1;0;0;2;0;0;1;1;15;15;2;8;21;-3.116285650605017;0;1;20;4.518001568900134;9;5;14;1;5;4;19;1;1;15;12;5;13;0;3;5;5;20;6.491282683198672;0;4;4;10;5;2;19;17;4;2;6;4;3;25;1;3;1;10;17;6;0;11;20;-0.529505631861049;5;2;4;3;2;6;21;-7.40638894996376;5;23;9.09974364047189;1;0;3;6;15;6;6;18;2;5;6;14;4;2;21;-2.5058067000601274;12;0;5;6;3;6;2;6;15;0;21;-0.9834365654509548;12;6;4;4;4;10
TRACK:58;29;25;5;6;2;2;3;3;2;6;3;0;24;7;-5.7699798291336934;1;0;0;21;-1.2012308372025036;21;4.947068466001405;23;9.844669177455938;2;1;12;10;1;18;24;6;1;4;2;3;1;22;-8.028277959779366;9;2;0;20;-0.05479148019335178;21;6.534412063832682;5;21;-5.826206252100551;4;12;3;6;2;6;0;5;2;12;24;2;4;21;-2.669381924670647;0;11;7;5.732114652766611;5;5;2;1;15;23;-5.827269548133917;5;7;1.527425361287737
TRACK:59;29;25;5;6;2;2;3;3;2;6;3;0;24;7;-5.925200892751493;1;0;0;21;-1.3488400063729067;9;0;23;4.993208176989911;21;-5.826206252100551;2;1;12;10;1;10;24;6;1;4;2;3;1;22;-7.995760844036555;9;2;0;20;-0.06391852874862233;21;6.495897404272404;5;9;5;5;4;6;23;-8.665986726034827;6;3;0;24;7;-5.7699798291336934
TRACK:60;50;-1;5;6;2;2;3;3;2;6;5;4;19;1;0;0;21;-1.176158290753753;21;5.101947415694834;23;9.62775220073849;2;1;12;10;1;18;24;6;1;4;2;3;1;22;-8.07107207914484;9;2;0;20;-0.06141390113023272;21;6.570823723295594;5;9;4;12;3;6;2;6;0;5;2;12;24;2;4;16;0;11;7;5.6006209480221045;5;5;2;1;15;23;-5.898146557630042;5;7;1.542989875231515
TRACK:61;52;-1;0;0;2;1;2;5;5;0;4;6;22;3.2647132273970385;0;2;12;17;6;20;-9.93683534946267;3;1;4;18;1;6;6;18;4;2;17;17;4;2;4;0;5;6;15;6;1;23;-5.556396829946864;21;8.373703903261712;0;0;0;6;9;4;22;8.090098645391123;4;3;23;5.618819891300131;4;1;2;14;22;-9.166982802659422;1;21;1.2277562851975707;11;0;2;6;0;22;-8.176757435271616;5;3;5;22;-2.333736627982629;4;3;0;6;6;8;4;0;13;16;2;4;4;0;2;3;22;-6.939874277946394;2;13;13;1;2;9;7;-2.481789711755706;4;10;1;0;4;6;1;19;16;4;6;3;24;3;4;4;3;20;7.127011761480511;3;4;0;3;4;2;5;5;9;2;3;18;2;14;17;1;6;5;2;4;25;3;7;1.2714476234115093;6;4;3;0;23;3.3520232331497137;21;-0.19163559464621308;0;4;0;4;4;3;2;0;1;22;-5.027178722372567;16;3;24;0;5;10;1;21;5.014751041732253;9;5;5;4;0;2;3;23;-1.4566761290299732;0;10;17;6;6;12;0;4;6;2;0;0;4;1;22;2.4532405914401627;13;6;0;17;23;1.5842481598954765;3;0;1;11;19;4;23;8.815584483924077;2;6;3;2;21;-0.021766045210126178;23;7.384238105398508;3;1;3;14;5;17;5;2;0;0;1;0;6;16;5;23;-5.685035562383178;5;9;4;0;6;15;5;16;2;6;3;2;10;20;3.7069848693394762;4;3;6;11;0;3;4;4;4;10;6;3;3;4;15
TRACK:62;54;-1;0;0;2;1;2;5;5;0;4;6;22;3.2277841362022617;0;2;12;17;6;20;-9.86574350530134;3;1;1;2;1;12;17;0;21;-9.728745667847301;16;1;6;8;0;9;21;-9.98662154693917;1;6;6;18;4;2;17;17;4;2;4;0;5;6;15;6;1;23;-5.572824260743672;21;7.993373676657325;0;0;0;6;9;4;22;8.00693354986014;11;4;1;2;14;22;-9.247497751921957;1;21;1.5558929026083155;11;0;2;6;0;2;4;1;15;22;9.98150531423273;3;0;25;24;5;3;5;22;-2.1920249836503736;4;3;0;6;6;8;4;0;13;16;2;4;4;0;0;9;15;5;19;1;0;4;6;1;19;16;4;6;3;24;3;4;4;3;20;7.437971759237237;3;4;0;3;4;2;5;5;9;2;3;18;2;14;17;1;6;5;2;4;10;3;7;1.0712771281220124;6;4;3;0;23;3.446330272190479;21;-0.026063427988760365;0;4;0;4;4;3;2;0;1;22;-4.956491491905451;16;3;24;0;5;10;1;21;4.68715369222683;9;5;5;4;0;2;3;23;-1.5570503844303492;0;10;17;6;6;12;0;4;6;2;0;0;4;1;22;2.4926091852220247;13;6;0;17;23;1.3490594359857875;3;0;3;13;6;20;-1.4313259537860645;2;6;3;2;21;0.016195200062427334;23;7.081531758410527;3;1;3;14;5;17;5;2;0;0;1;0;6;16;5;23;-5.9490045347304905;5;4;11;4;0;6;15;5;16;2;6;3;2;10;20;4.142993280989862;4;3;6;11;0;3;4;4;4;10;6;3;3;4;15
TRACK:63;56;-1;0;0;2;1;2;5;5;0;4;6;22;3.231459751370322;0;2;12;17;6;20;-9.976517340520482;3;1;4;18;1;6;6;18;4;2;17;17;4;2;4;0;5;6;15;6;1;23;-5.499757399666385;21;8.05772741266154;0;0;0;6;9;4;22;8.23261584408565;4;3;23;5.713581814107278;4;1;2;14;22;-9.316454282812415;1;21;1.3717812765382347;11;6;0;7;2.2838029480299937;12;3;4;0;3;4;2;5;5;9;2;3;18;2;14;17;1;6;5;2;4;25;3;7;1.0344256361522552;6;4;3;0;23;3.307535587039992;21;-0.04764679497468349;0;4;0;4;4;3;2;0;1;22;-5.219853073261533;16;3;24;0;5;10;1;21;4.88440856239799;9;5;5;4;0;2;3;23;-1.3504671616527313;0;10;17;6;6;12;0;4;6;2;0;0;4;1;22;2.5427431980170025;13;6;0;17;23;1.5463843512546336;3;0;1;11;19;6;20;-1.3400290430895014;2;6;3;2;21;-0.14598838661871202;23;7.349669668423627;3;1;3;14;5;17;5;2;0;0;1;0;6;16;5;23;-5.590535130975576;5;9;4;0;6;15;5;16;2;6;3;2;10;20;3.865448729859158;4;3;6;11;0;3;4;4;6;13;6;3;3;4;15
TRACK:64;58;-1;5;6;2;2;3;3;2;6;3;0;24;7;-5.948821713684567;1;0;0;21;-1.1833434347601934;21;4.777440021662365;23;9.858757044888273;2;1;12;10;1;18;24;6;1;4;2;3;1;22;-8.022466642390278;9;2;0;20;-0.09433831255740706;21;6.593211374508236;5;21;-5.655784787213855;4;12;3;6;2;6;0;5;2;12;24;2;4;21;-2.598645683520194;0;11;7;5.806067469747571;5;5;2;1;15;7;5.625407153187682;5;7;1.3717698033153698
TRACK:65;51;-1;5;4;1;0;5;20;-0.20967621572296125;5;9;0;5;6;3;6;2;6;15;0;21;-0.9188644423433222;12;6;5;6;0;4;5;15;6;0;7;2.2706072771056864;12
TRACK:66;53;-1;5;6;2;2;3;3;2;6;3;0;24;7;-5.891743519807032;16;6;1;4;2;3;1;22;-8.016768614237057;9;2;4;19;5;9;5;5;4;6;23;-8.538120808740008;3;6;2;6;0;5;2;12;24;2;4;21;-2.971283450045184;0;11;7;5.682308919417268;5;5;2;1;15;23;-5.964734833042142;5;7;1.5461692717151754
TRACK:67;55;-1;0;0;2;1;2;5;5;0;4;6;22;3.0918808225746446;2;1;20;7.364115115218407;24;5;19;3;1;1;2;1;12;17;0;21;-9.935664913794774;16;1;6;8;0;9;21;-9.874947954619108;1;6;6;18;4;2;17;17;4;2;4;0;5;6;15;6;1;23;-5.436960376862601;21;8.01087019223652;0;2;25;13;4;1;24;1;21;1.4895550770853745;11;0;2;6;0;2;4;1;15;22;9.808216377802191;3;0;25;24;5;3;5;22;-2.098785313593528;4;3;0;6;6;8;4;0;13;16;2;4;4;0;2;3;22;-6.578326949667394;2;13;13;1;2;9;7;-2.6719753374640764;4;10;1;0;4;6;1;19;16;4;6;3;24;3;4;4;3;20;7.607805650827777;3;4;0;3;4;2;5;5;9;2;3;18;2;14;17;1;6;5;2;4;25;3;7;1.1102162612834938;6;4;3;0;23;3.4934775902884163;21;0.04257675888297134;0;4;0;4;4;3;2;0;1;22;-5.045654023569137;16;3;24;0;5;10;1;21;4.83323841047735;9;5;5;4;0;2;3;23;-1.6412295272269064;0;10;17;6;6;12;0;4;6;2;0;0;4;1;22;2.291351774362448;13;6;0;17;23;1.4761358416215218;3;0;3;13;6;20;-1.3257527748450157;2;6;3;2;21;-0.02067243599230896;23;7.0228282223157255;3;1;3;14;5;17;5;2;0;0;1;0;6;16;5;23;-5.987269624253981;5;4;11;4;0;6;15;5;16;2;6;3;2;10;20;4.029526949210868;4;3;6;11;0;3;4;4;4;10;6;3;3;4;15
TRACK:68;57;-1;5;4;1;0;5;6;3;2;6;6;19;3;3;17;5;2;4;3;2;6;21;-7.2943351813928015;5;23;9.002249346410704;1;0;3;6;15;6;6;18;2;5;6;14;4;2;21;-2.7010471755754777;12;0;5;6;3;6;2;6;15;0;21;-1.0460790685521573;12;6;4;4;4;10
TRACK:69;59;-1;5;6;2;2;3;3;2;6;3;0;24;7;-5.981551962192762;1;0;0;21;-1.3405154907531154;9;0;23;5.049124436527721;21;-5.813968980502924;2;1;12;10;1;10;24;6;1;4;2;3;1;22;-8.04926201468403;9;2;0;20;-0.19984948523751134;21;6.571100639469024;5;9;5;5;4;6;23;-8.728912600864696;6;3;0;24;0;11;8
EVAL_INSTANCE:3:0:60
EVAL_INSTANCE:3:1:61
EVAL_INSTANCE:3:2:62
EVAL_INSTANCE:3:3:63
EVAL_INSTANCE:3:4:64
EVAL_INSTANCE:3:5:65
EVAL_INSTANCE:3:6:66
EVAL_INSTANCE:3:7:67
EVAL_INSTANCE:3:8:68
EVAL_INSTANCE:3:9:69
RUN_RESULT:3:0:0:4:R
RUN_RESULT:3:1:0:1:R
RUN_RESULT:3:2:0:1:R
RUN_RESULT:3:3:0:1:R
RUN_RESULT:3:4:0:1:R
RUN_RESULT:3:5:0:1:R
RUN_RESULT:3:6:0:1:R
RUN_RESULT:3:7:0:2000:----
RUN_RESULT:3:8:0:4:R
RUN_RESULT:3:9:0:1:R
     4 |       40 | -3.999000E+03 | -3.999000E+03
TRACK:70;22;25;0;0;2;1;2;5;5;0;4;6;22;3.1376024512846805;0;2;12;17;6;20;-10.0;3;1;1;2;1;12;17;0;21;-9.63984128905789;16;1;6;8;0;9;21;-9.867098248276442;1;6;6;18;4;2;17;17;4;2;4;0;5;6;15;6;1;23;-5.449767043999264;21;8.043334842495161;0;0;7;5.642581421030729;11;4;1;2;14;22;-9.267664248065293;1;21;1.5248170402603707;11;0;2;6;0;2;4;1;15;22;9.954364267228243;3;0;25;24;5;3;5;22;-2.209189173186143;4;3;0;6;6;8;4;0;13;16;2;4;4;0;2;3;22;-6.819861215437751;2;13;13;1;2;9;7;-2.6873312323527334;4;10;1;0;4;6;1;19;16;4;6;3;24;3;4;4;3;20;7.406384448560007;3;4;0;3;4;2;5;5;9;2;3;18;2;14;17;1;6;5;2;4;25;3;7;1.0742935709902692;6;4;3;0;23;3.3180493902352772;21;0.04331538805891093;0;4;0;4;4;3;2;0;1;22;-5.040863174515768;16;3;24;0;5;10;1;21;4.8234693908999455;9;5;5;4;0;2;3;23;-1.5515800139695248;0;10;17;6;6;12;0;4;6;2;0;0;4;1;22;2.3797083920447912;13;6;0;17;23;1.4588863613307284;3;0;3;13;6;20;-1.4448078098233221;2;6;3;2;21;0.05391093961299387;23;7.249809286006625;3;1;3;14;5;17;5;2;0;0;1;0;6;16;5;23;-5.831160241759271;5;4;11;4;0;6;15;5;16;2;6;3;2;10;20;4.001050580506401;4;3;6;11;0;3;4;4;4;10;6;3;3;4;15
TRACK:71;22;25;5;6;2;2;3;3;2;6;3;0;24;7;-5.925200892751493;1;0;0;21;-1.3488400063729067;9;0;23;4.993208176989911;21;-5.826206252100551;2;1;12;10;1;10;24;6;1;4;2;3;1;22;-7.995760844036555;9;2;0;20;-0.06391852874862233;21;0.04331538805891093;5;9;5;5;4;6;23;-8.665986726034827;3;6;2;6;0;5;2;12;24;2;4;21;-2.9267110007728876;0;11;7;5.642581421030729;5;5;2;1;15;23;-5.86369986010157;5;7;1.4792654408197785
TRACK:72;40;21;0;0;2;1;2;5;5;0;4;6;22;3.134397997993591;0;2;12;17;6;20;-10.0;3;1;1;2;1;12;17;0;21;-9.888466406767382;16;1;6;8;0;9;21;-9.941137254131563;1;6;6;18;4;2;17;17;4;2;4;0;5;6;15;6;1;23;-5.497964479221673;21;7.990544085447896;0;2;25;13;4;1;2;14;22;-9.307835032386754;1;21;1.5524718577874146;11;0;2;6;0;2;4;1;15;22;10.0;3;0;25;24;5;3;5;22;-2.1698374351275453;4;3;0;6;6;8;4;0;13;16;2;4;4;0;2;3;22;-6.706081617611231;2;13;13;1;2;9;7;-2.6724716317245;4;10;1;0;4;6;1;19;16;4;6;3;24;3;4;4;3;20;7.425972656522747;3;4;0;3;4;2;5;5;9;2;3;18;2;14;17;1;6;5;2;4;19;3;7;1.0884823764169251;6;4;3;0;23;3.2896177496679133;21;-0.08612614169614592;0;4;0;4;4;3;2;0;1;22;-5.121241705035911;16;3;24;0;5;10;1;21;5.011519459692955;9;5;5;4;0;2;3;23;-1.564595416820972;0;10;17;6;6;12;0;4;6;2;0;0;4;1;22;2.3278295102518323;13;6;0;17;23;1.6101951698766477;3;0;3;13;6;20;-1.3877149271177796;2;6;3;2;21;0.04896155113012132;23;7.280649853618894;3;1;3;14;5;17;5;2;0;0;1;0;6;16;5;23;-5.933679555384385;5;4;11;4;0;6;15;5;16;2;6;3;2;10;20;3.892278522807289;4;3;6;11;0;3;4;4;4;10;6;3;3;4;15
TRACK:73;40;21;5;4;1;0;0;2;0;0;1;1;15;15;2;21;-0.5986427363710476;21;-2.850874645060475;0;1;20;4.553587795760294;9;5;14;1;5;4;19;1;1;15;12;5;13;0;3;5;5;20;6.670903505788042;0;4;4;10;5;2;25;17;4;2;6;4;3;25;1;3;1;10;17;6;0;11;20;-0.5463880321972979;5;2;4;3;2;6;23;-1.564595416820972;5;23;9.136524522467141;1;0;3;6;15;6;6;18;5;6;20;-3.6306182512761103;0;5;6;3;6;2;6;15;0;21;-0.8419750676653553;12;6;5;6;0;4;5;15;6;0;7;2.55348122767877;12
TRACK:74;29;9;5;6;2;2;3;3;2;6;3;0;24;7;-5.7699798291336934;1;0;0;21;-1.2012308372025036;21;4.947068466001405;23;9.844669177455938;2;1;12;10;1;18;24;6;1;4;2;3;1;22;-8.028277959779366;9;2;0;20;-0.05479148019335178;21;6.534412063832682;11;4;12;3;6;2;6;0;5;2;12;24;2;4;21;-2.669381924670647;0;11;7;5.732114652766611;5;5;2;1;15;23;-5.827269548133917;5;7;1.527425361287737
TRACK:75;29;9;5;6;2;2;3;3;2;6;3;0;24;7;-5.849577638755394;1;0;0;21;-1.281303466344843;21;4.922607208510069;0;23;5.007203881741621;21;-5.8370457809316285;2;1;12;10;1;18;24;6;1;4;2;3;1;22;-8.140930522045164;9;2;0;20;-0.029403678051664883;21;6.576113996066624;5;9;5;5;4;6;23;-8.675700413732324;3;6;2;6;0;24;2;4;21;-2.775791669689875;0;11;7;5.714236995607498;5;5;2;1;15;23;-5.928805437015097;5;7;1.5047018222999764
TRACK:76;40;29;0;0;2;1;2;5;5;0;4;6;22;3.134397997993591;0;2;12;17;6;20;-10.0;3;1;1;2;1;12;17;0;21;-9.888466406767382;16;1;6;8;0;9;21;-9.941137254131563;1;6;6;18;4;2;17;17;4;2;4;0;5;6;15;6;1;23;-5.497964479221673;21;7.990544085447896;0;2;25;13;4;1;2;14;22;-9.307835032386754;1;21;1.5524718577874146;11;0;2;6;0;2;4;1;15;22;10.0;3;0;25;24;5;3;5;22;-2.1698374351275453;4;3;0;6;6;8;4;0;13;16;2;4;4;0;2;3;22;-6.706081617611231;2;13;13;1;2;9;7;-2.6724716317245;4;10;1;0;4;6;1;19;16;4;6;3;24;3;4;4;3;20;7.425972656522747;3;4;0;3;4;2;5;5;9;2;3;18;2;14;17;1;6;5;2;4;25;24;6;4;3;0;23;3.2896177496679133;21;-0.08612614169614592;0;4;0;4;4;3;2;0;1;22;-5.121241705035911;16;3;24;0;5;10;1;21;5.011519459692955;9;5;5;4;0;2;3;23;-1.564595416820972;0;10;17;6;6;12;0;4;6;2;0;0;4;1;22;2.3278295102518323;13;6;0;17;23;1.6101951698766477;3;0;3;13;6;20;-1.3877149271177796;2;6;3;2;21;0.04896155113012132;23;7.280649853618894;3;1;3;14;5;17;5;2;0;0;1;0;6;16;5;23;-5.933679555384385;5;4;11;4;0;6;15;5;16;2;6;3;2;10;20;3.892278522807289;4;3;6;11;0;3;4;4;4;10;6;3;3;4;15
TRACK:77;40;29;5;6;2;2;3;3;2;6;3;0;24;7;-5.7699798291336934;1;0;0;21;-1.2012308372025036;21;4.947068466001405;23;9.844669177455938;2;1;12;10;1;18;24;6;1;4;2;3;1;22;-8.028277959779366;9;2;0;20;-0.05479148019335178;21;6.534412063832682;5;9;4;12;3;6;2;6;0;5;2;12;24;2;4;21;-2.669381924670647;0;11;7;5.732114652766611;5;5;2;1;15;23;-5.827269548133917;2;21;0.04896155113012132;23;7.280649853618894
TRACK:78;25;2;5;6;2;2;3;3;2;6;3;0;24;7;-5.925200892751493;1;0;0;21;-1.3488400063729067;9;0;23;4.993208176989911;21;-5.826206252100551;2;1;12;16;1;10;24;6;1;4;2;3;1;22;-7.995760844036555;9;2;0;20;-0.06391852874862233;21;6.495897404272404;5;9;5;5;4;6;23;-8.665986726034827;3;6;2;6;0;5;2;12;24;2;4;21;-2.9267110007728876;0;11;7;5.642581421030729;5;5;2;1;15;23;-5.86369986010157;5;7;1.4792654408197785
TRACK:79;25;2;0;0;2;1;2;5;5;0;4;6;22;3.031182817319767;0;2;12;17;6;20;-9.97192199972452;3;1;1;2;1;12;17;0;21;-9.7268871627489;16;1;6;8;0;9;21;-9.922376920258284;1;6;6;18;4;2;17;17;4;2;4;0;5;6;15;6;1;23;-5.309494411506693;21;8.071916500284814;0;0;0;6;9;4;22;8.086509638767492;4;3;23;5.5654648444773684;4;1;2;14;22;-9.18845994352155;1;21;1.4669552435428876;11;0;2;6;0;2;4;1;15;22;9.870899242591655;3;0;25;24;5;3;5;22;-2.2431516394546254;4;3;0;6;6;8;4;0;13;16;2;2;4;21;-2.9267110007728876;0;11;7;5.642581421030729;1;0;4;6;1;19;16;4;6;3;24;3;4;4;3;20;7.371409276066082;3;4;0;3;4;2;5;5;9;2;3;18;2;14;17;1;6;5;2;4;25;3;7;1.1674254552004832;6;4;3;0;23;3.3317529958480634;21;-0.0517577342614679;0;4;0;4;4;3;2;0;1;22;-4.979945431917779;16;3;24;0;5;10;1;21;4.760794254241617;9;5;5;4;0;2;3;23;-1.5080508963211194;0;10;17;6;6;12;0;4;6;2;0;0;4;1;22;2.295434000885752;13;6;0;17;23;1.515564816410702;3;0;1;11;19;6;20;-1.362300833729746;2;6;3;2;21;-0.08729096684811033;23;7.443187501011423;3;1;3;14;5;17;5;2;0;0;1;0;6;16;5;23;-5.702068437292375;5;4;11;4;0;6;15;5;16;2;6;3;2;10;20;4.04547981344157;4;3;6;11;0;3;4;4;4;10;6;3;3;4;15
TRACK:80;70;-1;0;0;2;1;2;5;5;0;4;6;22;2.9649550741254616;0;2;12;17;6;20;-10.0;3;1;1;2;1;12;17;0;21;-9.683579032288302;16;1;6;8;0;9;21;-9.754969138796959;1;6;6;18;4;2;17;17;4;2;4;0;5;6;15;6;1;23;-5.389063199226865;21;8.20752212830431;0;0;7;5.4412002927428444;11;4;1;2;14;22;-9.414351522690536;1;21;1.5409755564574352;11;0;2;6;0;2;4;1;15;22;9.77475373303957;3;0;25;24;5;3;5;22;-2.1662682845349193;4;3;0;6;6;8;4;0;13;16;2;4;4;0;2;3;22;-6.700637125454602;2;13;13;1;2;9;7;-2.713319539196875;4;10;1;0;4;6;1;19;16;4;6;3;24;3;4;4;3;20;7.274870713361688;3;4;0;3;4;2;5;5;9;2;3;18;2;14;17;1;6;5;2;4;25;3;7;1.1555225567020524;6;4;3;0;23;3.5699913782970527;21;-0.013739038560834207;0;4;0;4;4;3;2;0;1;22;-5.034885315867535;16;3;24;0;5;10;1;21;4.788261774477406;9;5;5;4;1;12;16;0;4;6;2;0;0;4;1;22;2.546590463618498;13;6;0;17;23;1.5336349797702007;3;0;3;13;6;20;-1.5821332950470501;2;6;3;2;21;-0.018299535160710242;23;7.237908472974489;3;1;3;14;5;17;5;2;0;0;1;0;6;16;5;23;-5.889954478100179;5;4;11;4;0;6;15;5;16;2;6;3;2;10;20;4.0638479099120595;4;3;6;11;0;3;4;4;4;10;6;3;3;4;15
TRACK:81;72;-1;0;0;2;1;2;5;5;0;4;6;22;3.2302882176634355;0;2;12;17;6;20;-10.0;3;1;1;2;1;12;17;0;21;-9.799911156376316;16;1;6;8;0;9;21;-9.798219331382592;1;6;6;18;4;2;17;17;4;2;4;0;5;6;15;6;1;23;-5.422344158422071;21;7.8583583897243585;0;2;25;13;4;1;2;14;22;-9.199775428021892;1;21;1.5555735945066362;11;0;2;6;0;2;4;1;15;22;10.0;3;0;25;24;5;3;5;22;-2.1621677893396822;4;3;0;6;6;8;4;0;13;16;2;4;4;0;2;3;22;-6.629010360496501;2;13;13;1;2;9;7;-2.8005180007705484;4;10;1;0;4;6;1;19;16;4;6;3;24;3;4;4;3;20;7.462909067003321;3;4;0;3;4;2;5;5;9;2;3;18;2;14;17;1;6;5;2;4;19;3;7;1.0952138496285921;6;4;3;0;23;3.432521502327093;21;0.014748115000259437;0;4;0;4;4;3;2;0;1;22;-5.041668879248694;16;3;24;0;5;10;1;21;4.884094932724142;9;5;5;4;0;2;3;23;-1.5163981812776397;0;10;17;6;6;12;0;4;6;2;0;0;4;1;22;2.3172359888946064;13;6;0;17;23;1.518570434016251;3;0;3;13;6;20;-1.2791836372789418;2;6;3;2;21;0.23911133536096002;23;7.234051626523068;3;1;3;14;5;17;5;2;0;0;1;0;6;16;5;23;-5.902177904699521;5;4;11;4;0;6;15;5;16;2;6;3;2;10;23;-7.4935024960490315;4;3;6;11;0;3;4;4;4;10;6;3;3;4;15
TRACK:82;74;-1;5;6;2;2;3;3;2;6;3;0;24;7;-5.706595628002864;1;0;0;21;-1.1966286800064465;21;4.9899570923817755;23;9.66966701105168;2;1;12;10;1;18;24;6;1;4;2;3;0;16;22;-7.558570912500215;2;0;20;0.14781869366030118;21;6.533316950038286;11;4;12;3;6;2;6;0;5;2;12;24;2;4;21;-2.5312915821212902;0;11;7;5.661847729125702;5;5;2;1;15;23;-5.8548382969562;5;7;1.5545979569101127
TRACK:83;76;-1;0;0;2;1;2;5;5;0;4;6;22;3.2791164729361126;0;2;12;17;6;20;-9.928147601162056;3;1;1;2;1;12;17;0;21;-10.0;16;1;6;8;0;9;21;-9.8866009203255;1;6;5;13;4;2;17;17;4;2;4;0;5;6;15;6;1;23;-5.577439358225687;21;7.84315196122462;0;2;25;13;4;1;2;14;22;-9.2175578874234;1;21;1.659555462073719;11;0;2;6;0;2;4;1;15;22;10.0;3;0;25;24;5;3;5;22;-2.151419404955035;4;3;0;6;6;8;4;0;13;16;2;4;4;0;2;3;22;-6.670796554788324;2;13;13;1;2;9;7;-2.7542919627650364;4;10;1;0;4;6;1;19;16;4;6;3;24;3;4;4;3;20;7.377027301657039;3;4;0;3;4;2;5;5;9;2;3;18;2;14;17;1;6;5;2;4;25;24;6;4;3;0;23;3.2490935510815553;21;0.0056516987508651445;0;4;0;4;4;3;2;0;1;22;-5.283303428738343;16;3;24;0;5;10;1;21;4.860082622918966;9;5;5;4;0;2;3;23;-1.4464575876123278;0;10;17;6;6;12;0;4;6;2;0;0;4;1;22;2.432306268540344;13;6;0;17;23;1.596098518267671;3;0;3;13;6;20;-1.2477314846147733;2;6;3;2;21;0.10172831563877696;23;7.269948229852301;3;1;3;14;5;17;5;2;0;0;1;0;6;16;5;23;-5.852435479326201;5;4;11;4;0;6;15;5;16;2;6;3;2;10;20;3.9294996168211704;4;3;6;11;0;3;4;4;4;10;6;3;3;4;15
TRACK:84;78;-1;5;6;2;2;3;3;2;6;3;0;24;7;-5.918299335320043;1;0;0;21;-1.474812537727439;9;0;23;5.011670403201353;21;-5.917290909062996;2;1;12;16;1;10;24;6;1;4;2;3;1;22;-8.058564344592734;9;2;0;20;0.023315905986224086;21;6.485388891728197;5;9;5;5;3;2;23;3.8076113640044102;7;-1.2858448173113857;3;6;2;6;0;5;2;12;24;2;4;21;-2.970554272204493;0;11;7;5.4490274217110075;5;5;2;1;15;23;-5.842228552341688;5;7;1.3595802071891014
TRACK:85;71;-1;5;6;2;2;3;3;2;6;3;0;24;7;-5.951313304012472;1;0;0;21;-1.3145161796068783;9;0;23;5.020901724876165;21;-5.90489518852438;2;1;12;10;1;10;24;6;1;4;2;3;1;22;-7.985916623639009;9;2;0;20;0.1528732520610626;21;0.18948285597978448;5;9;5;5;4;6;23;-8.668473638806683;3;6;2;6;0;5;2;12;24;2;4;21;-2.9936008598453614;0;11;7;5.589869028825337;5;5;2;1;15;14;5;7;1.5189936132321198
TRACK:86;73;-1;5;4;1;0;0;2;0;0;1;1;15;15;2;21;-0.6037832326123973;21;-2.7818155084490424;0;1;20;4.534865992825944;9;5;14;1;5;4;19;1;1;15;12;5;13;0;3;5;5;20;6.587546634999217;0;4;4;10;5;2;25;17;4;2;6;4;3;25;1;3;1;10;17;6;0;11;20;-0.6239398614441786;5;2;4;3;2;6;23;-1.5602146540863024;5;23;9.1258770087302;1;0;3;6;18;6;6;18;5;6;20;-3.6519917139965794;0;5;6;3;6;2;6;15;0;21;-0.8451916316989769;12;6;5;6;0;4;5;15;6;0;7;2.5232565342064457;12
TRACK:87;75;-1;5;6;2;2;3;3;2;6;3;0;24;7;-5.790542114949413;1;0;0;21;-1.1037190642742372;21;4.826617346846167;0;23;5.027229334407334;21;-5.737410794138129;2;1;12;10;1;18;24;6;1;4;2;3;1;22;-8.124629458057509;9;2;0;19;10;5;9;5;5;4;6;23;-8.720954225989628;3;6;2;6;0;24;2;4;21;-2.706965605800462;0;11;7;5.779582373843122;5;5;2;1;15;23;-5.866692440498247;5;7;1.4946420090552617
TRACK:88;77;-1;5;6;2;2;3;3;2;6;3;0;24;7;-5.803162640571858;1;0;0;21;-1.2997989133121046;21;4.8160299473393335;23;9.680516012545318;2;1;12;10;1;18;24;6;2;18;24;3;6;2;6;0;5;2;12;24;2;4;21;-2.6333232149409618;0;11;7;5.884133305490037;5;5;2;1;15;23;-5.561535031551804;2;21;-0.004904466730750123;23;7.1463293671926245
TRACK:89;79;-1;0;0;2;1;2;5;5;0;4;6;22;3.019023866228476;0;2;12;17;6;20;-10.0;3;1;1;2;1;12;17;0;21;-9.66519675626908;16;1;6;8;0;9;21;-9.933229722575096;1;6;6;18;4;2;17;17;4;2;4;0;5;6;15;6;1;23;-5.162384968222478;21;8.054509723315876;0;0;0;6;9;4;22;8.082150582703115;4;3;23;5.513014949456861;4;1;2;14;22;-9.154736165453283;1;21;1.502484816541352;11;0;2;6;0;2;4;1;15;22;9.867722237568193;3;0;25;24;5;3;5;22;-2.1997337723138535;4;3;0;6;6;8;4;0;13;16;2;2;4;21;-2.9839625909390106;0;11;7;5.864431388266641;1;0;4;6;1;19;16;4;6;3;24;3;4;4;3;20;7.395000062496779;3;4;0;3;4;2;5;5;9;2;3;18;2;14;17;1;6;5;2;4;25;3;7;1.2249112985582356;6;4;3;0;23;3.4892994549893026;21;0.06548916019128033;0;4;0;4;4;3;2;0;1;22;-4.8831599626476505;16;3;24;0;5;10;1;21;4.61879343378663;9;5;5;4;0;2;3;23;-1.5319901777603626;0;10;17;6;6;12;0;4;6;2;0;0;4;1;22;2.2111444383413486;13;6;0;17;23;1.4413642771243906;3;0;1;11;19;6;20;-1.2252355755598137;2;6;3;2;21;-0.11859776812064912;23;7.3942062060494855;3;1;3;14;5;17;5;2;0;0;1;0;6;16;5;23;-5.767134760606009;5;4;11;4;4;7;-4.866246583389479;2;6;3;2;10;20;4.183063908814376;4;3;6;11;0;3;4;4;4;10;6;3;3;4;15
EVAL_INSTANCE:4:0:80
EVAL_INSTANCE:4:1:81
EVAL_INSTANCE:4:2:82
EVAL_INSTANCE:4:3:83
EVAL_INSTANCE:4:4:84
EVAL_INSTANCE:4:5:85
EVAL_INSTANCE:4:6:86
EVAL_INSTANCE:4:7:87
EVAL_INSTANCE:4:8:88
EVAL_INSTANCE:4:9:89
RUN_RESULT:4:0:0:1:R
RUN_RESULT:4:1:0:1:R
RUN_RESULT:4:2:0:1:R
RUN_RESULT:4:3:0:1:R
RUN_RESULT:4:4:0:1:R
RUN_RESULT:4:5:0:1:R
RUN_RESULT:4:6:0:1:R
RUN_RESULT:4:7:0:1:R
RUN_RESULT:4:8:0:1105:R
RUN_RESULT:4:9:0:5:R
     5 |       50 | -3.999000E+03 | -3.999000E+03
TRACK:90;40;28;0;0;2;1;2;5;5;0;4;6;22;3.134397997993591;0;2;12;17;6;20;-10.0;3;1;1;2;1;12;17;0;21;-9.888466406767382;16;1;6;8;0;9;21;-9.941137254131563;1;6;6;18;4;2;17;17;4;2;4;0;5;6;15;6;1;23;-5.497964479221673;21;7.990544085447896;0;2;25;13;4;1;2;14;22;-9.307835032386754;1;21;1.5524718577874146;11;0;2;6;0;2;4;1;15;22;10.0;3;0;25;24;5;3;5;22;-2.1698374351275453;4;3;0;6;6;8;4;0;13;16;2;4;4;0;2;3;22;-6.706081617611231;2;13;13;1;2;9;7;-2.6724716317245;4;10;1;0;4;6;1;19;16;4;6;3;24;3;4;4;3;20;7.425972656522747;3;4;0;3;4;2;5;5;9;2;0;7;2.448094492944901;12;2;14;17;1;6;5;2;4;25;3;7;1.0884823764169251;6;4;3;0;23;3.2896177496679133;21;-0.08612614169614592;0;4;0;4;4;3;2;0;1;22;-5.121241705035911;16;3;24;0;5;10;1;21;5.011519459692955;9;5;5;4;0;2;3;23;-1.564595416820972;0;10;17;6;6;12;0;4;6;2;0;0;4;1;22;2.3278295102518323;13;6;0;17;23;1.6101951698766477;3;0;3;13;6;20;-1.3877149271177796;2;6;3;2;21;0.04896155113012132;23;7.280649853618894;3;1;3;14;5;17;5;2;0;0;1;0;6;16;5;23;-5.933679555384385;5;4;11;4;0;6;15;5;16;2;6;3;2;10;20;3.892278522807289;4;3;6;11;0;3;4;4;4;10;6;3;3;4;15
TRACK:91;40;28;5;4;1;0;3;24;5;2;4;3;2;6;21;-7.40638894996376;5;23;9.09974364047189;1;0;3;6;15;6;6;18;2;5;6;14;4;2;21;-2.5058067000601274;12;0;5;6;3;6;2;6;15;0;21;-0.9834365654509548;12;6;5;6;0;4;5;15;6;0;7;2.448094492944901;12
TRACK:92;21;23;5;4;1;0;0;2;0;0;1;1;15;15;2;21;-0.5986427363710476;21;-2.850874645060475;0;1;20;4.553587795760294;9;5;14;1;5;4;19;1;1;15;12;5;13;0;3;5;5;20;6.670903505788042;0;4;4;10;5;2;25;17;4;2;6;4;3;22;-2.2491903281556564;1;3;1;10;17;6;0;11;20;-0.5463880321972979;5;2;4;3;2;6;21;-7.188924901505215;5;23;9.136524522467141;1;0;3;6;15;6;6;18;5;6;20;-3.6306182512761103;0;5;6;3;6;2;6;15;0;21;-0.8419750676653553;12;6;5;6;0;4;5;15;6;0;7;2.55348122767877;12
TRACK:93;21;23;0;0;2;1;2;5;5;0;4;6;22;3.2668285997442634;0;2;12;17;6;20;-9.903783146159224;3;1;4;18;1;6;6;18;4;2;17;17;4;2;4;0;5;6;15;6;1;23;-5.410079225211433;21;8.068355607108614;3;6;15;0;2;6;0;2;4;1;15;22;9.955555360696286;3;0;25;24;5;3;5;22;-2.2491903281556564;4;3;0;6;6;8;4;0;13;16;2;4;4;0;2;3;22;-6.811671209203136;2;13;13;1;2;9;7;-2.592353913797836;4;10;1;0;4;6;1;19;16;4;6;3;24;3;4;4;3;20;7.239519644559551;3;4;0;3;4;2;5;5;9;2;3;18;2;14;17;1;6;5;2;4;25;3;7;1.1456949179435212;6;4;3;0;23;3.330070170700423;21;-0.18845299555283795;0;4;0;4;4;3;2;0;1;22;-5.081940191264003;16;3;24;0;5;10;1;21;4.804861897982282;9;5;5;4;0;2;3;23;-1.5335799730426882;0;10;17;6;6;12;0;4;6;2;0;0;4;1;22;2.3767243719283937;13;6;0;17;23;1.6478805854896297;3;0;1;11;19;6;20;-1.3685197526869093;2;6;3;2;21;-0.0795170768706592;23;7.384744177450713;3;1;3;14;5;17;5;2;0;0;1;0;6;16;5;23;-5.675644686082391;5;9;4;0;6;15;5;16;2;6;3;2;10;20;3.7856579658018195;4;3;6;11;0;3;4;4;4;10;6;3;3;4;15
TRACK:94;22;2;0;0;2;1;2;5;5;0;4;6;22;3.1376024512846805;0;2;12;17;6;20;-10.0;3;1;1;2;21;-9.922376920258284;0;21;-9.63984128905789;16;1;6;8;0;9;21;-9.867098248276442;1;6;6;18;4;2;17;17;4;2;4;0;5;6;15;6;1;23;-5.449767043999264;21;8.043334842495161;0;0;0;6;9;4;22;7.999507916025976;11;4;1;2;14;22;-9.267664248065293;1;21;1.5248170402603707;11;0;2;6;0;2;4;1;15;22;9.954364267228243;3;0;25;24;5;3;5;22;-2.209189173186143;4;3;0;6;6;8;4;0;13;16;2;4;4;0;2;3;22;-6.819861215437751;2;13;13;1;2;9;7;-2.6873312323527334;4;10;1;0;4;6;1;19;16;4;6;3;24;3;4;4;3;20;7.406384448560007;3;4;0;3;4;2;5;5;9;2;3;18;2;14;17;1;6;5;2;4;25;3;7;1.0742935709902692;6;4;3;0;23;3.3180493902352772;21;0.04331538805891093;0;4;0;4;4;3;2;0;1;22;-5.040863174515768;16;3;24;0;5;10;1;21;4.8234693908999455;9;5;5;4;0;2;3;23;-1.5515800139695248;0;10;17;6;6;12;0;4;6;2;0;0;4;1;22;2.3797083920447912;13;6;0;17;23;1.4588863613307284;3;0;3;13;6;20;-1.4448078098233221;2;6;3;2;21;0.05391093961299387;23;7.249809286006625;3;1;3;14;5;17;5;2;0;0;1;0;6;16;5;23;-5.831160241759271;5;4;11;4;0;6;15;5;16;2;6;3;2;10;20;4.001050580506401;4;3;6;11;0;3;4;4;4;10;6;3;3;4;15
TRACK:95;22;2;0;0;2;1;2;5;5;0;4;6;22;3.031182817319767;0;2;12;17;6;20;-9.97192199972452;3;1;1;2;1;12;17;0;21;-9.7268871627489;16;1;6;8;0;9;21;-9.922376920258284;1;6;6;18;4;2;17;17;4;2;4;0;5;6;15;6;1;23;-5.309494411506693;21;8.071916500284814;0;0;0;6;9;4;22;8.086509638767492;4;3;23;5.5654648444773684;4;1;2;14;22;-9.18845994352155;1;21;1.4669552435428876;11;0;2;6;0;2;4;1;15;22;9.870899242591655;3;0;25;24;5;3;5;22;-2.2431516394546254;4;3;0;6;6;8;4;0;13;16;2;4;4;0;2;3;22;-6.743427261917745;2;13;13;1;2;9;7;-2.602109691432968;4;10;1;0;4;6;1;19;16;4;6;3;24;3;4;4;3;20;7.371409276066082;3;4;0;3;4;2;5;5;9;2;3;18;2;14;17;1;6;5;2;4;25;3;7;1.1674254552004832;6;4;3;0;23;3.3317529958480634;21;-0.0517577342614679;0;4;0;4;4;3;2;0;1;22;-4.979945431917779;16;3;24;0;5;10;1;21;4.760794254241617;9;5;5;4;0;2;3;23;-1.5080508963211194;0;10;17;6;6;12;0;4;6;2;0;0;4;1;22;2.295434000885752;13;6;0;17;23;1.515564816410702;15;2;6;3;2;21;-0.08729096684811033;23;7.443187501011423;3;1;3;14;5;17;5;2;0;0;1;0;6;16;5;23;-5.702068437292375;5;4;11;4;0;6;15;5;16;2;6;3;2;10;20;4.04547981344157;4;3;6;11;0;3;4;4;4;10;6;3;3;4;15
TRACK:96;23;22;0;0;2;1;2;5;5;0;4;6;22;3.2668285997442634;0;2;12;17;6;20;-9.903783146159224;3;1;4;18;1;6;6;18;4;2;17;17;4;2;4;0;5;6;15;6;1;23;-5.410079225211433;21;8.068355607108614;0;0;0;6;9;4;22;8.165444327069444;4;3;23;5.519606106470469;4;1;2;14;22;-9.220126882445513;1;21;1.442335188124866;11;0;2;6;0;2;4;1;15;22;9.955555360696286;3;0;25;24;5;3;5;22;-2.2491903281556564;4;3;0;6;6;8;4;0;13;16;2;4;4;0;2;3;22;-6.811671209203136;2;13;13;1;2;9;7;-2.592353913797836;4;10;1;0;4;6;1;19;16;4;6;3;24;3;4;4;3;20;7.239519644559551;3;4;0;3;4;2;5;5;9;2;3;18;2;14;17;1;6;5;2;4;25;3;7;1.1456949179435212;6;4;3;0;23;3.330070170700423;21;-0.18845299555283795;0;4;3;24;0;4;6;2;0;0;4;1;22;2.3767243719283937;13;6;0;17;23;1.6478805854896297;3;0;1;11;19;6;20;-1.3685197526869093;2;6;3;2;21;-0.0795170768706592;23;7.384744177450713;3;1;3;14;5;17;5;2;0;0;1;0;6;16;5;23;-5.675644686082391;5;9;4;0;6;15;5;16;2;6;3;2;10;20;3.7856579658018195;4;3;6;11;0;3;4;4;4;10;6;3;3;4;15
TRACK:97;23;22;0;0;2;1;2;5;5;0;4;6;22;3.1376024512846805;0;2;12;17;6;20;-10.0;3;1;1;2;1;12;17;0;21;-9.63984128905789;16;1;6;8;0;9;21;-9.867098248276442;1;6;6;18;4;2;17;17;4;2;4;0;5;6;15;6;1;23;-5.449767043999264;21;8.043334842495161;0;0;0;6;9;4;22;7.999507916025976;11;4;1;2;14;22;-9.267664248065293;1;21;1.5248170402603707;11;0;2;6;0;15;5;3;5;22;-2.209189173186143;4;3;0;6;6;8;4;0;13;16;2;4;4;0;2;3;22;-6.819861215437751;2;13;13;1;2;9;7;-2.6873312323527334;4;10;1;0;4;6;1;19;16;4;6;3;24;3;4;4;3;20;7.406384448560007;3;4;0;3;4;2;5;5;9;2;3;18;2;14;17;1;6;5;2;4;25;3;7;1.0742935709902692;6;4;3;0;23;3.3180493902352772;21;0.04331538805891093;0;4;0;4;4;3;2;0;1;22;-5.040863174515768;16;3;24;0;5;10;1;21;4.8234693908999455;9;5;5;4;0;2;3;23;-1.5515800139695248;0;10;17;6;6;12;0;4;6;2;0;0;4;1;22;2.3797083920447912;13;6;0;17;23;1.4588863613307284;3;0;3;13;6;20;-1.4448078098233221;2;6;3;2;21;0.05391093961299387;23;7.249809286006625;3;1;3;14;5;17;5;2;0;0;1;0;6;16;5;23;-5.831160241759271;5;4;11;4;0;6;15;5;16;2;6;3;2;10;20;4.001050580506401;4;3;6;11;0;3;4;4;4;10;6;3;3;4;15
TRACK:98;40;9;0;0;2;1;2;5;5;0;4;6;22;3.134397997993591;0;2;12;17;6;20;-10.0;3;1;1;2;1;12;17;0;21;-9.888466406767382;16;1;6;8;0;9;21;-9.941137254131563;1;6;6;18;4;2;17;17;4;2;4;0;5;6;15;6;1;23;-5.497964479221673;21;7.990544085447896;0;2;25;13;4;1;2;14;22;-9.307835032386754;1;21;1.5524718577874146;11;0;2;6;0;2;4;1;15;22;10.0;3;0;25;24;5;3;5;22;-2.1698374351275453;4;3;0;6;6;8;4;0;13;16;2;4;4;0;2;3;22;-6.706081617611231;2;13;13;1;2;9;7;-2.6724716317245;4;10;1;0;4;6;1;19;16;4;6;3;24;3;4;4;3;20;7.425972656522747;3;4;0;3;4;2;5;5;9;2;3;18;2;14;17;1;6;5;2;4;25;3;7;1.0884823764169251;6;4;3;0;23;3.2896177496679133;21;-0.08612614169614592;0;4;0;4;4;3;2;0;1;22;-5.121241705035911;16;3;24;0;5;10;1;21;5.011519459692955;9;5;5;4;0;2;3;23;-1.564595416820972;0;10;17;6;6;12;0;4;6;2;0;0;4;1;22;2.3278295102518323;13;6;0;17;23;1.6101951698766477;3;0;3;13;6;20;-1.3877149271177796;2;6;3;2;21;0.04896155113012132;15;3;1;3;14;5;17;5;2;0;0;1;0;6;16;5;23;-5.933679555384385;5;4;11;4;0;6;15;5;16;2;6;3;2;10;20;3.892278522807289;4;3;6;11;0;3;4;4;4;10;6;3;3;4;15
TRACK:99;40;9;5;6;2;2;3;3;2;6;3;0;24;7;-5.849577638755394;1;0;0;21;-1.281303466344843;21;4.922607208510069;0;23;5.007203881741621;21;-5.8370457809316285;2;1;12;10;1;18;24;6;1;4;2;3;1;22;-8.140930522045164;9;2;0;20;-0.029403678051664883;21;6.576113996066624;5;9;5;5;4;6;23;-8.675700413732324;3;6;3;24
TRACK:100;40;-1;0;0;2;1;2;5;5;0;4;6;22;3.1788026760780754;0;2;12;17;6;20;-10.0;3;1;1;2;1;12;17;0;21;-9.966634099730593;16;1;6;8;0;9;21;-9.940261757439547;1;6;6;18;4;2;17;17;4;2;4;0;5;6;15;6;1;23;-5.291203808885341;21;7.8604104850666445;0;2;25;13;4;1;2;14;22;-9.226774461874717;1;21;1.573572727178812;11;0;2;6;0;2;4;1;15;18;3;0;25;24;5;3;5;22;-2.0434204102516302;4;3;0;6;6;8;4;0;13;16;2;4;4;0;2;3;22;-6.48618455779046;2;13;13;1;2;9;7;-2.627774045324856;4;10;1;0;4;6;1;19;16;4;6;3;24;3;4;4;3;20;7.349946899770384;3;4;0;3;4;2;5;5;9;2;3;18;2;14;17;1;6;5;2;4;25;3;7;1.1880164026477116;6;4;3;0;23;3.4083419399277544;21;-0.1477365315683302;0;4;0;4;4;3;2;0;1;22;-5.1804505339520945;16;3;24;0;5;10;1;21;5.175299154746976;9;5;5;4;0;2;3;23;-1.539920025053767;0;10;17;6;6;12;0;4;6;2;0;0;4;1;22;2.434209794227446;13;6;0;17;23;1.6169816390524194;3;0;3;13;6;20;-1.4259547845984697;2;6;3;2;21;-0.17820953718596075;23;7.317205665786406;3;1;3;14;5;17;5;2;0;0;1;0;6;16;5;23;-5.924162763506421;5;4;11;4;0;6;15;5;16;2;6;3;2;10;20;3.677829342890293;4;3;6;11;0;3;4;4;4;10;6;3;3;4;15
TRACK:101;92;-1;5;4;1;0;0;2;0;0;1;1;15;15;2;21;-0.5154221533792364;21;-2.874968295725319;0;1;20;4.61447722123944;9;5;14;1;5;4;19;1;1;15;12;5;13;0;3;5;5;20;6.616616718629868;0;4;4;10;5;2;25;17;4;2;6;4;3;22;-2.299256254691281;1;3;1;10;7;-0.44487513853843197;6;0;11;20;-0.552700349339281;5;2;4;3;2;6;21;-7.324318584736853;5;23;8.92725992213304;1;0;3;6;15;6;6;18;5;6;20;-3.7380380050459814;0;5;6;3;6;2;6;15;0;21;-0.7568754191770585;12;6;5;6;0;4;5;15;6;0;7;2.449713441378621;12
TRACK:102;94;-1;0;0;2;1;2;5;5;0;4;6;22;3.309544376698983;0;2;12;17;6;20;-10.0;3;1;1;2;21;-10.0;0;21;-9.525413036881664;16;1;6;8;0;9;21;-9.867099455583416;1;6;6;18;4;2;17;17;4;2;4;0;5;6;15;6;1;23;-5.514535742142833;21;8.106282324138151;0;0;0;6;9;4;22;7.809268009048447;11;4;1;2;14;22;-9.456061647239135;1;21;1.7055393552126175;11;0;2;6;0;2;4;1;15;22;9.876117570038682;3;0;25;24;5;3;5;22;-2.1613417868923994;4;3;0;6;6;8;4;0;13;16;2;4;4;0;2;3;22;-6.811102506756489;2;13;13;1;2;9;7;-2.7206577234853038;4;10;1;0;4;6;1;19;16;4;6;3;24;3;4;3;1;15;17;3;4;0;3;4;2;5;5;9;2;3;18;2;14;17;1;6;5;2;4;25;3;7;1.0313174900919313;6;4;3;0;23;3.335176794864453;21;-0.08080351628102318;0;4;0;4;4;3;2;0;1;22;-4.982589917340104;16;3;24;0;5;10;1;21;4.771091062347686;9;5;5;4;0;2;3;23;-1.6451130950826336;0;10;17;6;6;12;0;4;6;2;0;0;4;1;22;2.2465605375338193;13;6;0;17;23;1.372509060012446;3;0;3;13;6;20;-1.4447297521403568;2;6;3;2;21;0.10682682374584558;23;7.199457622645475;3;1;3;14;5;17;5;2;0;0;1;0;6;16;5;23;-5.960968081082742;5;4;11;4;0;6;15;5;16;2;6;3;2;10;20;4.081513125055419;4;3;6;11;0;3;4;4;4;10;6;3;3;4;15
TRACK:103;96;-1;0;0;2;1;2;5;5;0;4;6;22;3.365329450029815;0;2;12;17;6;20;-10.0;3;1;4;18;1;6;6;18;4;2;17;17;4;2;4;0;5;6;15;6;1;23;-5.42872684603567;21;7.966073565920515;0;0;0;6;9;4;22;8.098938599215815;4;3;23;5.550596992306204;4;1;2;14;22;-9.170874336101473;1;21;1.3835167116299782;11;0;2;6;0;2;4;1;15;22;9.929824335602774;3;0;25;24;5;3;5;22;-2.3454364484454135;4;3;0;6;6;8;4;0;13;16;2;4;4;0;2;3;22;-7.030071164546134;2;13;13;1;2;9;7;-2.6570440110786313;4;10;1;0;4;6;1;19;16;4;6;3;24;3;4;4;3;20;7.336256277457869;3;4;0;3;4;2;5;5;9;2;3;18;2;14;17;1;6;5;2;4;25;3;7;1.122420027920842;6;4;3;0;23;3.4121023870767164;21;-0.24845991859474975;0;4;3;24;0;4;6;2;0;0;4;1;22;2.3449622553175185;13;6;0;17;23;1.5567586524908492;3;0;1;11;19;6;20;-1.5777138939156796;2;6;3;2;21;-0.1440163528383599;23;7.361081421031203;3;3;5;13;5;2;0;0;1;0;6;16;5;23;-5.760313310477324;5;9;4;0;6;15;5;16;2;6;3;2;10;20;3.637224015362634;4;3;6;11;0;3;4;4;4;10;6;3;3;4;15
TRACK:104;98;-1;0;0;2;1;2;5;5;0;4;6;22;3.183675782560213;0;2;12;17;6;20;-9.811700960710883;3;1;1;2;1;12;17;0;21;-10.0;16;1;6;8;0;9;21;-9.917241646146376;1;6;6;18;4;2;17;17;4;2;4;0;5;6;15;6;1;23;-5.546445770417597;21;7.981148041583151;0;2;25;13;4;1;2;14;22;-9.419296816824096;1;21;1.5401393662742382;11;0;2;6;0;2;4;1;15;22;10.0;3;0;25;24;5;3;5;22;-2.1977635614620272;4;3;0;6;6;8;4;0;13;16;2;4;4;1;2;14;14;6;21;-2.2276245476142176;1;0;4;6;1;19;16;4;6;3;24;3;4;4;3;20;7.492814948969346;3;4;0;3;4;2;5;5;9;2;3;18;2;14;17;1;6;5;2;4;25;3;7;1.1638487420836352;6;4;3;0;23;3.4108075552057815;21;-0.01482620335760615;0;4;0;4;4;3;2;0;1;22;-5.1651892863210405;16;3;24;0;5;10;1;21;4.899194102851966;9;5;5;4;0;2;3;23;-1.497829156611131;0;10;17;6;6;12;0;4;6;2;0;0;4;1;22;2.286917338277617;13;6;0;17;23;1.4666085708214576;3;0;3;13;6;20;-1.2358656280135742;2;6;3;2;21;0.12114012350158654;15;3;1;3;14;5;17;5;2;0;0;1;0;6;16;5;23;-5.883022878766122;5;4;11;4;0;6;15;5;16;2;6;3;2;10;20;4.018188600517395;4;3;6;11;0;3;4;4;4;10;6;3;3;4;15
TRACK:105;28;-1;5;4;1;0;0;2;0;0;1;1;15;15;2;8;21;-3.197529054395755;0;1;20;4.520433827078729;9;5;14;1;5;4;19;1;1;15;12;5;13;0;3;5;5;20;6.437534531546598;0;4;4;10;5;2;19;17;4;2;6;4;3;25;1;3;1;10;17;6;0;11;20;-0.5152244336713633;5;2;4;3;2;6;21;-7.358127633598918;5;23;8.90271196411517;1;0;3;6;15;6;6;18;2;5;1;19;22;5.939217117680521;4;2;21;-2.4087142632460847;12;0;5;6;3;6;2;6;15;0;21;-0.9801682804229557;12;6;5;6;0;4;5;15;6;0;7;2.3833673688030763;12
TRACK:106;93;-1;0;0;2;1;2;5;5;0;4;6;22;3.2381310255417626;0;2;12;17;5;25;3;1;4;18;1;6;6;18;4;2;17;17;4;2;4;0;5;6;15;6;1;23;-5.382217219606507;21;8.111675067485264;3;6;15;0;2;6;0;2;4;1;15;22;9.87694592863956;3;0;25;24;5;3;5;22;-2.0657507670601785;4;3;0;6;6;8;4;0;13;16;2;4;4;0;2;3;22;-7.0334162642610005;2;13;13;1;2;9;7;-2.5680418381651817;4;10;1;0;4;6;1;19;16;4;6;3;24;3;4;4;3;20;7.186611300792142;3;4;0;3;4;2;5;5;9;2;3;18;2;14;17;1;6;5;2;4;25;3;7;1.06526708839232;6;4;3;0;23;3.2052132765997814;21;-0.35814935603359577;0;4;0;4;4;3;2;0;1;22;-5.09882759221171;16;3;24;0;5;10;1;21;4.76161466817422;9;5;5;4;0;2;3;23;-1.574183344737609;0;10;17;6;6;12;0;4;6;2;0;0;4;1;22;2.3864696282994964;13;6;0;17;23;1.6591868140117016;3;0;1;11;19;6;20;-1.3941687873823243;2;6;3;2;21;-0.08661109334017347;23;7.28602897017845;3;1;3;14;5;17;5;2;0;0;1;0;6;16;5;23;-5.560900614177239;5;9;4;0;6;15;5;16;2;6;3;2;10;20;3.7090809363676627;4;3;6;11;0;3;4;4;4;10;6;3;3;4;15
TRACK:107;95;-1;0;0;2;1;2;5;5;0;4;6;22;3.02861609119996;0;2;12;17;6;20;-9.979704828582841;3;1;1;2;1;12;17;0;21;-9.6307194903614;16;1;6;8;0;13;7;0.37922254891655527;1;6;6;18;4;2;17;17;4;2;4;0;5;6;15;6;1;23;-5.241578694170177;21;8.13356331347454;0;0;0;6;9;4;22;7.944517084702602;4;3;23;5.505677182699286;4;1;2;14;22;-9.243581641789742;1;21;1.5668852018709094;11;0;2;6;0;2;4;1;15;22;9.86083718074684;3;0;25;24;5;3;5;22;-2.232620326585566;4;3;0;6;6;8;4;0;13;16;2;4;4;0;2;3;22;-6.843484793480692;2;13;13;1;2;9;7;-2.412487328695782;4;10;1;0;4;6;1;19;16;4;6;3;24;3;4;4;3;20;7.328791705820668;3;4;0;3;4;2;5;5;9;2;3;18;2;14;17;1;6;5;2;4;25;3;7;1.0640751665474506;6;4;3;0;23;3.4308645891157643;21;-0.04599058025252775;0;4;0;4;4;3;2;0;1;22;-5.04764484987753;16;3;24;0;5;10;1;21;4.74832297429734;9;5;5;4;0;2;3;23;-1.441853739886264;0;10;17;6;6;12;0;4;6;2;0;0;4;1;22;2.333226920058263;13;6;0;17;23;1.3828228261511855;15;2;6;3;2;21;-0.008470762012615915;23;7.577845966418832;3;1;3;14;5;17;5;2;0;0;1;0;6;16;5;23;-5.690592694442722;5;4;11;4;0;6;15;5;16;2;6;3;2;10;20;4.020723168450756;4;3;6;11;0;3;4;4;4;10;6;3;3;4;15
TRACK:108;97;-1;0;0;2;1;2;5;5;0;4;6;22;3.0063274214711293;0;2;12;17;6;20;-9.996641045089204;3;1;1;2;1;12;17;0;21;-9.74377755376775;16;1;6;8;0;9;21;-9.74230476142063;1;6;6;18;4;2;17;17;4;2;4;0;5;6;15;6;1;23;-5.253465120233757;21;7.985269998194664;0;0;0;6;9;4;22;7.87048053371497;11;4;1;2;14;22;-9.216995920633913;1;21;1.6124281194496943;11;0;2;6;0;15;5;3;5;22;-2.2730410573495914;4;3;0;6;6;8;4;0;13;16;2;4;4;0;2;3;22;-6.797772963931043;2;13;13;1;2;9;7;-2.66219944503881;4;10;1;0;4;6;1;19;16;4;6;3;24;3;4;4;3;20;7.419046928524734;3;4;0;3;4;2;5;5;9;2;3;18;2;14;17;1;6;5;2;4;25;3;7;0.9077386660209676;6;4;3;0;23;3.4308835619851545;21;-0.005558557406030423;0;4;0;4;4;3;2;0;1;22;-4.978946220815859;16;3;24;0;5;10;1;21;4.820323095737595;9;5;5;4;0;2;3;23;-1.3788510695469376;0;10;17;6;6;12;0;4;6;2;0;0;4;1;22;2.35951617435879;13;6;0;17;23;1.5853124393355114;6;1;5;8;3;20;-7.377866760579071;2;6;3;2;21;0.1742777443485054;23;7.246770304621783;3;1;3;14;5;17;5;2;0;0;1;0;6;16;5;23;-5.940891611809454;5;4;11;4;0;6;15;5;16;2;6;3;2;10;20;4.111545516385349;4;3;6;11;0;3;4;4;4;10;6;3;3;4;15
TRACK:109;99;-1;4;6;2;1;1;0;2;17;9;3;7;6.7735442796939225;1;1;17;16;6;10;3;3;2;25;16;2;4;4;6;8;4;0;2;25;14;0;24;12
EVAL_INSTANCE:5:0:100
EVAL_INSTANCE:5:1:101
EVAL_INSTANCE:5:2:102
EVAL_INSTANCE:5:3:103
EVAL_INSTANCE:5:4:104
EVAL_INSTANCE:5:5:105
EVAL_INSTANCE:5:6:106
EVAL_INSTANCE:5:7:107
EVAL_INSTANCE:5:8:108
EVAL_INSTANCE:5:9:109
RUN_RESULT:5:0:0:1:R
RUN_RESULT:5:1:0:1:R
RUN_RESULT:5:2:0:1:R
RUN_RESULT:5:3:0:5:R
RUN_RESULT:5:4:0:1:R
RUN_RESULT:5:5:0:1:R
RUN_RESULT:5:6:0:1:R
RUN_RESULT:5:7:0:1:R
RUN_RESULT:5:8:0:1:R
RUN_RESULT:5:9:0:4:R
     6 |       60 | -3.999000E+03 | -3.999000E+03
TRACK:110;40;29;0;0;2;1;2;5;5;0;4;6;22;3.134397997993591;0;2;12;17;6;20;-10.0;3;1;1;2;1;12;17;0;21;-9.888466406767382;16;1;6;8;0;9;21;-9.941137254131563;1;6;6;18;4;2;17;17;4;2;4;0;5;6;15;6;1;23;-5.497964479221673;21;7.990544085447896;0;2;25;13;4;1;2;14;22;-9.307835032386754;1;21;1.5524718577874146;11;0;2;6;0;2;4;1;15;22;10.0;3;0;25;24;5;3;5;22;-2.1698374351275453;4;3;0;6;6;8;4;0;13;16;2;4;4;0;2;3;22;-6.706081617611231;2;13;13;1;2;9;7;-2.6724716317245;4;10;1;0;4;6;1;19;16;4;6;3;24;3;4;4;3;20;7.425972656522747;3;4;0;3;4;2;5;5;9;2;3;18;2;14;17;1;6;5;2;4;25;3;20;-0.05479148019335178;6;4;3;0;23;3.2896177496679133;21;-0.08612614169614592;0;4;0;4;4;3;2;0;1;22;-5.121241705035911;16;3;24;0;5;10;1;21;5.011519459692955;9;5;5;4;0;2;3;23;-1.564595416820972;0;10;17;6;6;12;0;4;6;2;0;0;4;1;22;2.3278295102518323;13;6;0;17;23;1.6101951698766477;3;0;3;13;6;20;-1.3877149271177796;2;6;3;2;21;0.04896155113012132;23;7.280649853618894;3;1;3;14;5;17;5;2;0;0;1;0;6;16;5;23;-5.933679555384385;5;4;11;4;0;6;15;5;16;2;6;3;2;10;20;3.892278522807289;4;3;6;11;0;3;4;4;4;10;6;3;3;4;15
TRACK:111;40;29;5;6;2;2;3;3;2;6;3;0;24;7;-5.7699798291336934;1;0;0;21;-1.2012308372025036;21;4.947068466001405;23;9.844669177455938;2;1;12;10;1;18;24;6;1;4;2;3;1;22;-8.028277959779366;9;2;0;20;-0.05479148019335178;21;6.534412063832682;5;9;4;12;3;6;2;6;0;5;2;12;24;4;4;10;5;5;2;1;15;23;-5.827269548133917;5;7;1.527425361287737
TRACK:112;28;2;5;4;1;0;0;2;0;0;1;1;15;15;2;8;21;-3.116285650605017;0;1;20;4.518001568900134;9;5;14;1;5;4;19;1;1;15;12;5;13;0;3;5;5;20;6.491282683198672;0;4;4;10;5;2;19;17;4;2;6;4;3;25;1;3;1;10;17;6;0;11;20;-0.529505631861049;6;6;12;0;5;6;3;6;2;6;15;0;21;-0.9834365654509548;12;6;5;6;0;4;5;15;6;0;7;2.448094492944901;12
TRACK:113;28;2;0;0;2;1;2;5;5;0;4;6;22;3.031182817319767;0;2;12;17;6;20;-9.97192199972452;3;1;1;2;1;12;17;0;21;-9.7268871627489;16;1;6;8;0;9;21;-9.922376920258284;1;6;6;18;4;2;17;17;4;2;4;0;5;6;15;6;1;23;-5.309494411506693;21;8.071916500284814;0;0;0;6;9;4;22;8.086509638767492;4;3;23;5.5654648444773684;4;1;2;14;22;-9.18845994352155;1;21;1.4669552435428876;11;0;2;6;0;2;4;1;15;22;9.870899242591655;3;0;25;24;5;3;5;22;-2.2431516394546254;4;3;0;6;6;8;4;0;13;16;2;4;4;0;2;3;22;-6.743427261917745;2;13;13;1;2;9;7;-2.602109691432968;4;10;1;0;4;6;1;19;16;4;6;3;24;3;4;4;3;20;7.371409276066082;3;4;0;3;4;2;5;5;9;2;3;18;2;14;17;1;6;5;2;4;25;3;7;1.1674254552004832;6;4;3;0;23;3.3317529958480634;21;-0.0517577342614679;0;4;0;4;4;3;2;0;1;22;-4.979945431917779;16;3;20;4.518001568900134;0;5;10;1;21;4.760794254241617;9;5;5;4;0;2;3;23;-1.5080508963211194;0;10;17;6;6;12;0;4;6;2;0;0;4;1;22;2.295434000885752;13;6;0;17;23;1.515564816410702;3;0;1;11;19;6;20;-1.362300833729746;2;6;3;2;21;-0.08729096684811033;23;7.443187501011423;3;1;3;14;5;17;5;2;0;0;1;0;6;16;5;23;-5.702068437292375;5;4;11;4;0;6;15;5;16;2;6;3;2;10;20;4.04547981344157;4;3;6;11;0;3;4;4;4;10;6;3;3;4;15
TRACK:114;23;25;0;0;2;1;2;5;5;0;4;6;22;3.2668285997442634;0;2;12;17;6;20;-9.903783146159224;3;1;4;18;1;6;6;18;4;2;17;17;4;2;4;0;5;6;15;6;1;23;-5.410079225211433;21;8.068355607108614;0;0;0;6;9;4;22;8.165444327069444;4;3;23;5.519606106470469;4;1;2;14;22;-9.220126882445513;1;21;1.442335188124866;11;0;2;6;0;2;4;1;15;22;9.955555360696286;3;0;11;24;5;3;5;22;-2.2491903281556564;4;3;0;6;6;8;4;0;13;16;2;4;4;0;2;3;22;-6.811671209203136;2;13;13;1;2;9;7;-2.592353913797836;4;10;1;0;4;6;1;19;16;4;6;3;24;3;4;4;3;20;7.239519644559551;3;4;0;3;4;2;5;5;9;2;3;18;2;14;17;1;6;5;2;4;25;3;7;1.1456949179435212;6;4;3;0;23;3.330070170700423;21;-0.18845299555283795;0;4;0;4;4;3;2;0;1;22;-5.081940191264003;16;3;24;0;5;10;1;21;4.804861897982282;9;5;5;4;0;2;3;23;-1.5335799730426882;0;10;17;6;6;12;0;4;6;2;0;0;4;1;22;2.3767243719283937;13;6;0;17;23;1.6478805854896297;3;0;1;11;19;6;20;-1.3685197526869093;2;6;3;2;21;-0.0795170768706592;23;7.384744177450713;3;1;3;14;5;17;5;2;0;0;1;0;6;16;5;23;-5.675644686082391;5;9;4;0;6;15;5;16;2;6;3;2;10;20;3.7856579658018195;4;3;6;11;0;3;4;4;4;10;6;3;3;4;15
TRACK:115;23;25;5;6;2;2;3;3;2;6;3;0;24;7;-5.925200892751493;1;0;0;21;-1.3488400063729067;9;0;23;4.993208176989911;21;-5.826206252100551;2;1;12;10;1;10;24;6;1;22;-6.811671209203136;5;5;4;6;23;-8.665986726034827;3;6;2;6;0;5;2;12;24;2;4;21;-2.9267110007728876;0;11;7;5.642581421030729;5;5;2;1;15;23;-5.86369986010157;5;7;1.4792654408197785
TRACK:116;2;22;0;0;2;1;2;5;5;0;4;6;22;3.031182817319767;0;2;12;17;6;20;-9.97192199972452;3;1;1;2;1;12;17;0;21;-9.7268871627489;16;1;6;8;0;9;21;-9.922376920258284;1;6;6;18;4;2;17;17;4;2;4;0;5;6;15;6;1;23;-5.309494411506693;21;8.071916500284814;0;0;0;6;9;4;22;8.086509638767492;4;3;23;5.5654648444773684;4;1;2;14;22;-9.18845994352155;1;21;1.4669552435428876;11;0;2;6;0;2;4;1;15;22;9.870899242591655;3;0;25;24;5;3;5;22;-2.2431516394546254;4;3;0;6;6;8;4;0;13;16;2;4;4;0;2;3;22;-6.743427261917745;2;13;13;1;2;9;7;-2.602109691432968;4;10;1;0;4;6;1;19;16;4;6;3;24;3;4;4;3;20;7.371409276066082;3;4;0;3;4;2;5;5;9;2;3;18;2;14;17;1;6;5;2;4;25;3;7;1.1674254552004832;6;4;3;0;23;3.3317529958480634;21;-0.0517577342614679;0;4;0;4;4;3;2;0;1;22;-4.979945431917779;16;3;24;0;5;10;1;21;4.760794254241617;9;5;5;4;1;0;6;16;5;23;-5.831160241759271;5;4;11;0;4;6;2;0;0;4;1;22;2.295434000885752;13;6;0;17;23;1.515564816410702;3;0;1;11;19;6;20;-1.362300833729746;2;6;3;2;21;-0.08729096684811033;23;7.443187501011423;3;1;3;14;5;17;5;2;0;0;1;0;6;16;5;23;-5.702068437292375;5;4;11;4;0;6;15;5;16;2;6;3;2;10;20;4.04547981344157;4;3;6;11;0;3;4;4;4;10;6;3;3;4;15
TRACK:117;2;22;0;0;2;1;2;5;5;0;4;6;22;3.1376024512846805;0;2;12;17;6;20;-10.0;3;1;1;2;1;12;17;0;21;-9.63984128905789;16;1;6;8;0;9;21;-9.867098248276442;1;6;6;18;4;2;17;17;4;2;4;0;5;6;15;6;1;23;-5.449767043999264;21;8.043334842495161;0;0;0;6;9;4;22;7.999507916025976;11;4;1;2;14;22;-9.267664248065293;1;21;1.5248170402603707;11;0;2;6;0;2;4;1;15;22;9.954364267228243;3;0;25;24;5;3;5;22;-2.209189173186143;4;3;0;6;6;8;4;0;13;16;2;4;4;0;2;3;22;-6.819861215437751;2;13;13;1;2;9;7;-2.6873312323527334;4;10;1;0;4;6;1;19;16;4;6;3;24;3;4;4;3;20;7.406384448560007;3;4;0;3;4;2;5;5;9;2;3;18;2;14;17;1;6;5;2;4;25;3;7;1.0742935709902692;6;4;3;0;23;3.3180493902352772;21;0.04331538805891093;0;4;0;4;4;3;2;0;1;22;-5.040863174515768;16;3;24;0;5;10;1;21;4.8234693908999455;9;5;5;4;0;2;3;23;-1.5515800139695248;0;10;17;6;6;12;0;4;6;2;0;0;4;1;22;2.3797083920447912;13;6;0;17;23;1.4588863613307284;3;0;3;13;6;20;-1.4448078098233221;2;6;3;2;21;0.05391093961299387;23;7.249809286006625;3;1;3;14;5;17;5;2;0;0;1;0;6;16;5;23;-5.831160241759271;5;4;11;4;0;6;15;5;16;2;6;3;2;10;20;4.001050580506401;4;3;6;11;0;3;4;4;1;12;17;6;3;3;4;15
TRACK:118;3;9;5;4;1;0;0;2;0;0;1;1;15;15;2;8;21;-2.8997289864945985;0;1;20;4.429039226398494;9;5;14;1;5;4;19;1;1;15;12;5;13;0;3;5;5;20;6.640142898363042;0;4;4;10;5;2;25;17;4;2;6;4;3;25;1;3;1;10;17;6;0;11;20;-0.46712305459492676;5;2;4;3;2;6;21;-7.213051363293035;5;23;8.987989424121196;1;0;3;6;15;6;6;18;2;5;1;21;-7.606383624926931;10;4;2;21;-2.4748086995170837;12;0;5;6;3;6;2;6;15;0;21;-2.775791669689875;12;6;5;6;0;4;5;15;6;0;7;2.421066302104329;12
TRACK:119;3;9;5;6;2;2;3;3;2;6;3;0;24;7;-5.849577638755394;1;0;0;21;-1.281303466344843;21;4.922607208510069;0;23;5.007203881741621;21;-5.8370457809316285;2;1;12;10;1;18;24;6;1;4;2;3;1;22;-8.140930522045164;9;2;0;20;-0.029403678051664883;21;6.576113996066624;5;9;18;3;6;2;6;0;5;2;12;24;2;4;21;-2.775791669689875;0;11;7;5.714236995607498;5;5;2;1;15;23;-5.928805437015097;5;7;1.5047018222999764
TRACK:120;110;-1;0;0;2;1;2;5;5;0;4;6;22;3.12756382729136;0;2;12;17;6;20;-10.0;3;1;1;2;1;12;17;0;21;-9.946125289811956;16;1;6;8;0;9;21;-9.803112451045566;1;6;6;18;4;2;17;17;4;2;4;0;5;6;15;6;1;23;-5.589050988279065;21;7.915660019413737;0;2;25;5;11;4;1;2;14;22;-9.27209499111369;1;21;1.6538466089130863;11;0;2;6;0;2;4;1;15;22;10.0;3;0;25;24;5;3;5;22;-2.07213217236961;4;3;0;6;6;8;4;0;13;16;2;4;4;0;2;3;22;-6.553763055853627;2;13;13;1;2;9;7;-2.733656607181643;4;10;1;0;4;6;1;19;16;4;6;3;24;3;4;4;3;20;7.4205666636106296;3;4;0;3;4;2;5;5;9;2;3;18;2;14;17;1;6;5;2;4;25;3;20;-0.16455189553266392;6;4;3;0;23;3.376411907636312;21;-0.20945098659211964;0;4;0;4;4;3;2;0;1;22;-4.917551770025829;16;3;24;0;5;10;1;21;4.905393192372104;9;5;5;4;0;2;3;23;-1.5038027814862338;0;10;17;6;6;12;0;4;6;2;0;0;4;1;22;2.2167156213556027;13;6;0;17;23;1.5131408729662614;3;0;3;13;6;20;-1.2816079118138528;2;6;3;2;21;0.12579904886894755;23;7.455099387510338;3;1;3;14;5;17;5;2;0;0;1;0;6;16;5;23;-5.867669186500163;5;4;11;4;0;6;15;5;16;2;6;3;2;10;20;3.9606531940127794;4;3;6;11;0;3;4;4;4;10;6;3;3;4;15
TRACK:121;112;-1;5;4;1;0;0;2;0;0;1;1;15;15;2;8;21;-3.023558482708811;0;1;20;4.495888471605783;9;5;14;1;5;4;19;1;1;15;12;5;13;0;3;5;5;20;6.691959975092491;0;4;4;10;5;2;19;17;4;2;6;4;3;25;1;3;1;10;17;6;0;11;20;-0.4553767903150275;6;6;12;0;5;6;3;6;2;6;15;0;21;-1.0823328616533423;12;6;3;2;0;10;17;6;7;-5.111759153576512
TRACK:122;114;-1;0;0;2;1;2;5;5;0;4;6;22;3.3765714608834156;0;2;12;17;6;20;-9.777162985584257;3;1;4;18;1;6;6;18;4;2;17;17;4;2;4;0;5;6;15;6;1;23;-5.437244199548375;21;8.06102794050906;0;0;0;6;9;4;22;8.293623581899098;4;3;23;5.480148024610007;4;1;2;14;22;-9.243897895056591;1;21;1.5200407157884503;11;0;2;6;0;2;4;1;15;22;10.0;3;0;11;24;5;3;5;22;-2.215447667445054;4;3;0;6;6;8;4;0;13;16;2;4;4;0;2;3;22;-6.5068155699445;2;13;13;1;2;9;7;-2.548629155825834;4;10;1;0;4;6;1;19;16;4;6;3;24;3;4;4;3;20;7.093905528472665;3;4;0;3;4;2;5;5;9;2;3;18;2;14;17;1;6;5;2;4;25;3;7;1.252743371284792;6;4;3;0;23;3.3397622388479395;21;-0.12258146836972118;0;4;0;4;4;3;2;0;1;22;-5.137524645846802;16;3;24;0;5;10;1;21;4.800199998339822;9;5;5;4;0;2;3;23;-1.2613747938748903;0;10;17;6;6;12;0;4;6;2;0;0;4;1;22;2.294586667543845;13;6;0;17;23;1.721475094614448;3;0;1;11;19;6;20;-1.2574383809980247;2;6;3;2;21;-0.22428591172923912;23;7.225967638450709;3;1;3;14;5;17;5;2;0;0;1;0;6;16;5;23;-5.755330907817273;5;9;4;0;6;15;5;16;2;6;3;2;10;20;3.682532642931749;4;3;6;11;0;3;4;4;4;10;6;3;3;4;10
TRACK:123;2;-1;0;0;2;1;2;5;5;0;4;6;22;3.0858729689219113;0;2;12;17;6;20;-10.0;3;1;1;2;1;12;17;0;21;-9.66647296173333;16;1;6;8;0;9;21;-9.765961849383308;1;6;6;18;4;2;17;17;4;2;4;0;5;6;15;6;1;23;-5.4956467252404;21;8.21629778515169;0;0;0;6;9;4;22;8.2786313178823;4;3;23;5.786498395831779;4;1;2;14;22;-9.164393421735882;1;21;1.4590198884764878;11;0;2;6;0;2;4;1;15;22;9.913200029929724;3;0;25;24;5;3;5;22;-2.3919648081473834;4;3;0;6;6;8;4;0;13;16;2;4;4;0;2;3;22;-6.822890158707217;2;13;13;1;2;9;7;-2.713077479808415;4;10;1;0;4;6;1;19;16;4;6;3;24;3;4;4;3;20;7.609455634924688;3;4;0;3;4;2;5;5;9;2;3;18;2;14;17;1;6;5;2;4;25;3;7;1.0715490408888748;6;4;3;0;23;3.424298599811757;21;-0.02235854386903974;0;4;0;4;4;3;2;0;1;22;-5.136517141035117;16;3;24;0;5;10;1;21;4.915320873490678;9;5;5;4;6;5;4;12;0;4;6;2;0;0;4;1;22;2.2490985672709;13;6;0;17;23;1.3987195310112321;3;0;1;11;19;6;20;-1.110373482147774;2;6;3;2;21;-0.017384734878213848;23;7.402593237201033;3;1;3;14;5;17;5;2;0;0;1;0;6;16;5;23;-5.712186887953229;5;4;11;4;0;6;15;5;16;2;6;3;2;10;20;4.198654897113623;4;3;6;11;0;3;4;4;4;10;6;3;3;4;15
TRACK:124;118;-1;5;4;1;0;0;2;0;4;0;8;20;7.83894855566863;1;5;4;19;1;1;15;12;5;13;0;3;5;5;20;6.688223259565363;0;4;4;10;5;2;25;17;4;2;6;4;3;25;1;3;1;10;17;6;0;11;20;-0.48267266126897757;5;2;4;3;2;6;21;-7.369781429592459;5;23;9.095339950431429;1;0;3;6;15;6;6;18;2;5;1;21;-7.575321398061067;10;4;2;21;-2.375008527747327;12;0;5;6;3;6;2;6;15;0;21;-2.7871857995565392;12;6;5;6;0;4;5;15;6;0;7;2.3907687795522365;12
TRACK:125;111;-1;5;6;2;2;3;3;2;6;3;1;23;-7.492243741031874;19;1;0;0;21;-1.196277640572952;21;4.947709164226952;23;9.755113055741614;2;1;12;10;1;18;24;6;1;4;2;3;1;22;-8.116318375012293;9;2;0;20;0.02640713889118297;21;6.4488424815417025;5;9;4;12;3;6;2;6;0;5;2;12;24;4;4;10;5;5;2;1;15;23;-5.831845811032835;5;7;1.6345718775483014
TRACK:126;113;-1;0;0;2;1;2;5;5;0;4;6;22;3.022392278347919;0;2;12;17;6;20;-10.0;3;1;1;2;1;12;17;0;21;-9.707416250393251;16;1;6;8;0;9;21;-9.933068647905946;1;6;6;18;4;2;17;17;4;2;4;0;5;6;15;6;1;23;-5.2563653420340515;21;8.146280603896283;0;0;0;6;9;4;22;8.01324116769622;4;3;23;5.673468046910965;4;1;2;14;22;-9.236237262759612;1;21;1.6342637918138145;11;0;2;6;0;2;4;1;15;22;9.962771042562323;3;0;25;24;5;3;5;22;-2.3275730729617696;4;3;0;6;6;8;4;0;13;16;2;4;4;0;2;3;22;-6.653843337361089;2;13;13;1;2;9;7;-2.5285014028578816;4;10;1;0;4;6;1;19;16;4;6;3;24;3;4;4;3;20;7.307951507268914;3;4;0;3;4;2;5;5;9;2;3;18;2;14;17;1;6;5;2;4;25;3;7;1.2295121556845772;6;4;3;0;23;3.4077824337645373;21;-0.010046577116186353;0;4;0;4;4;3;2;0;1;22;-5.000042574364706;16;3;20;4.584453308685566;0;5;10;1;21;4.935516357925869;9;5;5;4;0;2;3;23;-1.630418619947293;0;10;17;6;6;12;0;4;6;2;0;0;4;1;22;2.307699516952408;13;6;0;8;23;1.5594343764299454;3;0;1;11;19;6;20;-1.2615792830332913;2;6;3;2;21;-0.10568193106194766;23;7.544406972527632;3;1;3;14;5;17;5;2;0;0;1;0;6;16;5;23;-5.659774781241486;5;4;11;4;0;6;15;5;16;2;6;3;2;10;20;4.033489965057131;4;3;6;11;0;3;4;4;4;10;6;3;3;4;15
TRACK:127;115;-1;5;6;2;2;3;3;2;6;3;0;24;7;-6.010081236709321;1;0;0;21;-1.3775878179169614;25;0;23;5.008354549872316;21;-5.713050131306268;2;1;12;10;1;10;24;6;1;22;-6.883081955403421;5;5;4;6;23;-8.782734143385817;3;6;2;6;0;5;2;12;24;2;4;21;-2.8964145293404653;0;11;7;5.649283846331996;5;5;2;1;15;23;-5.907593850557339;5;7;1.4809358954536265
TRACK:128;22;-1;0;0;2;1;2;5;5;0;4;6;22;3.0600908595623997;0;2;12;17;6;20;-9.837905160511243;3;1;1;2;1;12;17;0;21;-9.542614948105888;16;1;6;8;0;9;21;-9.611763300248358;1;6;6;18;4;2;17;17;4;2;4;0;5;6;15;6;1;23;-5.25158196817803;21;7.960011700978391;0;0;0;6;9;4;22;8.024970269272325;11;4;1;2;14;22;-9.197915505053238;1;21;1.3786575903656442;11;0;2;6;0;2;4;1;15;22;9.980288120250451;3;0;25;24;5;3;5;22;-2.1895323643426483;6;5;6;17;2;4;4;0;2;3;22;-6.821742994863432;2;13;13;1;2;9;7;-2.7433914529345205;4;10;1;0;4;6;1;19;16;4;6;3;24;3;4;4;3;20;7.436588149808915;3;4;0;3;4;2;5;5;9;2;3;18;2;14;17;1;6;5;2;4;25;3;7;1.2175519968692596;6;4;3;0;23;3.0755006551008526;21;0.20341841270474487;0;4;0;4;4;3;2;0;1;22;-4.968359898443419;16;3;24;0;5;10;1;21;4.625704981691728;9;5;5;4;0;2;3;23;-1.3874212757644486;0;10;17;6;6;12;0;4;6;2;0;0;4;1;22;2.5326921725857097;13;6;0;17;23;1.4503287494787156;3;0;3;13;6;20;-1.6111211942708512;2;6;3;2;21;0.12032793088909975;23;7.171772157960697;3;1;3;14;5;17;5;2;0;0;1;0;6;16;5;23;-5.748481214136677;5;4;11;4;0;6;15;5;16;2;6;3;2;10;20;4.17283404252761;4;3;6;11;0;3;4;4;4;10;6;3;3;4;15
TRACK:129;119;-1;5;6;2;2;3;3;2;6;3;0;24;7;-5.803417253151798;1;0;0;21;-1.1783309744290675;21;4.885488770560454;0;23;5.057198537115259;21;-5.560618952198771;2;1;12;10;1;18;24;6;1;4;2;3;1;22;-8.085905345950323;9;2;0;20;-0.07716493588994364;21;6.734677490206358;5;9;18;3;6;2;6;0;5;2;12;24;2;15;9;5;5;2;1;15;23;-5.761494803444811;5;7;1.508025633718157
EVAL_INSTANCE:6:0:120
EVAL_INSTANCE:6:1:121
EVAL_INSTANCE:6:2:122
EVAL_INSTANCE:6:3:123
EVAL_INSTANCE:6:4:124
EVAL_INSTANCE:6:5:125
EVAL_INSTANCE:6:6:126
EVAL_INSTANCE:6:7:127
EVAL_INSTANCE:6:8:128
EVAL_INSTANCE:6:9:129
RUN_RESULT:6:0:0:1:R
RUN_RESULT:6:1:0:1:R
RUN_RESULT:6:2:0:1:R
RUN_RESULT:6:3:0:1:R
RUN_RESULT:6:4:0:4:R
RUN_RESULT:6:5:0:4:R
RUN_RESULT:6:6:0:5:R
RUN_RESULT:6:7:0:66:UURRRRRDDDUUULLLLDD
RUN_RESULT:6:8:0:1:R
RUN_RESULT:6:9:0:4:R
     7 |       70 | -3.999000E+03 | -3.999000E+03
TRACK:130;29;22;5;6;2;2;3;3;2;6;3;0;24;7;-5.7699798291336934;1;0;0;21;-1.2012308372025036;21;4.947068466001405;23;9.844669177455938;3;13;6;1;4;2;3;1;22;-8.028277959779366;9;2;0;20;-0.05479148019335178;21;6.534412063832682;5;9;4;12;3;6;2;6;0;5;2;12;24;2;4;21;-2.669381924670647;0;11;7;5.732114652766611;5;5;2;1;15;23;-5.827269548133917;5;7;1.527425361287737
TRACK:131;29;22;0;0;2;1;2;5;5;0;4;6;22;3.1376024512846805;0;2;12;17;6;20;-10.0;3;1;1;2;1;12;17;0;21;-9.63984128905789;16;1;6;8;0;9;21;-9.867098248276442;1;6;6;18;4;2;17;17;4;2;4;0;5;6;15;6;1;23;-5.449767043999264;21;8.043334842495161;0;0;0;6;9;4;22;7.999507916025976;11;4;1;2;14;22;-9.267664248065293;1;21;1.5248170402603707;11;0;2;6;0;2;4;1;15;22;9.954364267228243;3;0;25;24;5;3;5;22;-2.209189173186143;4;3;0;6;6;8;4;0;13;16;2;4;4;0;2;3;22;-6.819861215437751;2;13;13;1;2;9;7;-2.6873312323527334;4;10;1;0;4;6;1;19;16;4;6;3;24;3;4;4;3;20;7.406384448560007;3;4;0;3;4;2;5;5;9;2;3;18;2;14;17;1;6;5;2;4;25;3;7;1.0742935709902692;6;4;3;0;23;3.3180493902352772;21;0.04331538805891093;0;4;0;4;4;3;2;0;1;22;-5.040863174515768;16;3;24;0;5;10;1;21;4.8234693908999455;9;5;5;4;0;2;3;23;-1.5515800139695248;0;10;17;6;6;12;0;4;6;2;0;0;4;1;22;2.3797083920447912;13;6;0;17;23;1.4588863613307284;3;0;3;13;6;20;-1.4448078098233221;2;12;3;1;3;14;5;17;5;2;0;0;1;0;6;16;5;23;-5.831160241759271;5;4;11;4;0;6;15;5;16;2;6;3;2;10;20;4.001050580506401;4;3;6;11;0;3;4;4;4;10;6;3;3;4;15
TRACK:132;23;28;0;0;2;1;2;5;5;0;4;6;22;3.2668285997442634;0;2;12;17;6;20;-9.903783146159224;3;1;4;18;1;6;6;18;4;2;17;17;4;2;4;0;5;6;15;6;1;23;-5.410079225211433;21;8.068355607108614;0;0;0;6;9;4;22;8.165444327069444;4;3;23;5.519606106470469;4;1;2;14;22;-9.220126882445513;1;21;1.442335188124866;11;0;2;6;0;2;4;1;15;22;9.955555360696286;3;0;25;24;5;3;5;22;-2.2491903281556564;4;3;0;6;6;8;4;0;13;16;2;4;4;0;2;3;22;-6.811671209203136;2;13;13;1;2;9;7;-2.592353913797836;4;10;1;0;4;6;1;19;16;4;6;3;24;3;4;4;3;20;7.239519644559551;3;4;0;3;4;2;5;5;9;2;3;18;2;14;17;1;6;5;2;4;25;3;7;1.1456949179435212;6;4;3;0;23;3.330070170700423;21;-0.18845299555283795;0;4;0;4;4;3;2;0;1;22;-5.081940191264003;16;3;24;0;5;10;1;21;4.804861897982282;9;5;5;4;0;2;3;23;-1.5335799730426882;0;10;17;6;6;12;0;4;6;2;0;0;4;1;22;2.3767243719283937;13;6;0;17;23;1.6478805854896297;3;0;1;11;19;6;20;-1.3685197526869093;2;6;3;25;3;1;3;14;5;17;5;2;0;0;1;0;6;16;5;23;-5.675644686082391;5;9;4;0;6;15;5;16;2;6;3;2;10;20;3.7856579658018195;4;3;6;11;0;3;4;4;4;10;6;3;3;4;15
TRACK:133;23;28;5;4;1;0;0;2;0;0;1;1;15;15;2;8;21;-3.116285650605017;0;1;20;4.518001568900134;9;5;14;1;5;4;19;1;1;15;12;5;13;0;3;5;5;20;6.491282683198672;0;4;4;10;5;2;19;17;4;2;6;4;3;25;1;3;1;10;17;6;0;11;20;-0.529505631861049;5;2;4;3;2;6;21;-7.40638894996376;5;23;9.09974364047189;1;0;3;6;15;6;6;18;2;5;6;14;4;2;21;-2.5058067000601274;12;15
TRACK:134;40;25;0;0;2;1;2;5;5;0;4;6;22;3.134397997993591;0;2;12;17;6;20;-10.0;3;1;1;2;1;12;17;0;21;-9.888466406767382;16;1;6;8;0;9;21;-9.941137254131563;1;6;6;18;4;2;17;17;4;2;4;0;5;6;15;6;1;23;-5.497964479221673;21;7.990544085447896;0;2;25;13;4;1;2;14;22;-9.307835032386754;1;21;1.5524718577874146;11;0;2;6;0;2;4;1;15;22;10.0;3;0;25;24;5;3;5;22;-2.1698374351275453;4;3;0;6;6;8;4;0;13;16;2;4;4;0;2;3;22;-6.706081617611231;2;13;13;1;2;9;7;-2.6724716317245;4;10;1;0;4;6;1;19;16;4;6;3;24;3;4;4;3;20;7.425972656522747;3;4;0;3;4;2;5;5;9;2;3;18;2;14;17;1;6;5;2;4;25;3;7;1.0884823764169251;6;4;3;0;23;3.2896177496679133;21;-0.08612614169614592;0;4;0;4;4;3;2;0;1;22;-5.121241705035911;16;3;24;0;7;1.4792654408197785;1;21;5.011519459692955;9;5;5;4;0;2;3;23;-1.564595416820972;0;10;17;6;6;12;0;4;6;2;0;0;4;1;22;2.3278295102518323;13;6;0;17;23;1.6101951698766477;3;0;3;13;6;20;-1.3877149271177796;2;6;3;2;21;0.04896155113012132;23;7.280649853618894;3;1;3;14;5;17;5;2;0;0;1;0;6;16;5;23;-5.933679555384385;5;4;11;4;0;6;15;5;16;2;6;3;2;10;20;3.892278522807289;4;3;6;11;0;3;4;4;4;10;6;3;3;4;15
TRACK:135;40;25;5;6;2;2;3;3;2;6;3;0;24;7;-5.925200892751493;1;0;0;21;-1.3488400063729067;9;0;23;4.993208176989911;21;-5.826206252100551;2;1;12;10;1;10;24;6;1;4;2;3;1;22;-7.995760844036555;9;2;0;20;-0.06391852874862233;21;6.495897404272404;5;9;5;21;-9.888466406767382;3;6;2;6;0;5;2;12;24;2;4;21;-2.9267110007728876;0;11;7;5.642581421030729;5;5;2;1;15;23;-5.86369986010157;5;7;1.4792654408197785
TRACK:136;40;28;0;0;2;17;0;2;6;0;2;4;1;15;22;10.0;3;0;25;24;5;3;5;22;-2.1698374351275453;4;3;0;6;6;8;4;0;13;16;2;4;4;0;2;3;22;-6.706081617611231;2;13;13;1;2;9;7;-2.6724716317245;4;10;1;0;4;6;1;19;16;4;6;3;24;3;4;4;3;20;7.425972656522747;3;4;0;3;4;2;5;5;9;2;3;18;2;14;17;1;6;5;2;4;25;3;7;1.0884823764169251;6;4;3;0;23;3.2896177496679133;21;-0.08612614169614592;0;4;0;4;4;3;2;0;1;22;-5.121241705035911;16;3;24;0;5;10;1;21;5.011519459692955;9;5;5;4;0;2;3;23;-1.564595416820972;0;10;17;6;6;12;0;4;6;2;0;0;4;1;22;2.3278295102518323;13;6;0;17;23;1.6101951698766477;3;0;3;13;6;20;-1.3877149271177796;2;6;3;2;21;0.04896155113012132;23;7.280649853618894;3;1;3;14;5;17;5;2;0;0;1;0;6;16;5;23;-5.933679555384385;5;4;11;4;0;6;15;5;16;2;6;3;2;10;20;3.892278522807289;4;3;6;11;0;3;4;4;4;10;6;3;3;4;15
TRACK:137;40;28;5;4;1;0;0;2;0;0;1;1;15;15;2;8;13;0;1;20;4.518001568900134;9;5;14;1;5;4;19;1;1;15;12;5;13;0;3;5;5;20;6.491282683198672;0;4;4;10;5;2;19;17;4;2;6;4;3;25;1;3;1;10;17;6;0;11;20;-0.529505631861049;5;2;4;3;2;6;21;-7.40638894996376;5;23;9.09974364047189;1;0;3;6;15;6;6;18;2;5;6;14;4;2;21;-2.5058067000601274;12;0;5;6;3;6;2;6;15;0;21;-0.9834365654509548;12;6;5;6;0;4;5;15;6;0;7;2.448094492944901;12
TRACK:138;21;9;5;4;1;0;0;2;0;0;24;0;1;20;4.553587795760294;9;5;14;1;5;4;19;1;1;15;12;5;13;0;3;5;5;20;6.670903505788042;0;4;4;10;5;2;25;17;4;2;6;4;3;25;1;3;1;10;17;6;0;11;20;-0.5463880321972979;5;2;4;3;2;6;21;-7.188924901505215;5;23;9.136524522467141;1;0;3;6;15;6;6;18;5;6;20;-3.6306182512761103;0;5;6;3;6;2;6;15;0;21;-0.8419750676653553;12;6;5;6;0;4;5;15;6;0;7;2.55348122767877;12
TRACK:139;21;9;5;6;2;2;3;3;2;6;3;0;24;7;-5.849577638755394;1;0;0;21;-1.281303466344843;21;4.922607208510069;0;23;5.007203881741621;21;-5.8370457809316285;2;1;12;10;1;18;7;2.55348122767877;6;1;4;2;3;1;22;-8.140930522045164;9;2;0;20;-0.029403678051664883;21;6.576113996066624;5;9;5;5;4;6;23;-8.675700413732324;3;6;2;6;0;5;2;12;24;2;4;21;-2.775791669689875;0;11;7;5.714236995607498;5;5;2;1;15;23;-5.928805437015097;5;7;1.5047018222999764
TRACK:140;130;-1;5;6;2;2;3;3;2;6;3;0;24;7;-5.655702231571619;1;0;0;21;-1.218116639662898;21;4.850191722525108;23;9.891560760625554;3;13;6;1;4;2;3;1;22;-7.9451269450044615;9;2;0;20;-0.19302781835094804;21;6.539952771256423;5;9;4;12;3;6;2;6;0;5;2;12;24;2;4;21;-2.587316779684414;0;11;7;5.779953006969462;5;5;2;1;15;11;5;7;1.4340513576463823
TRACK:141;132;-1;0;0;2;1;2;5;5;0;4;6;22;3.3100834719425283;0;2;12;17;6;20;-10.0;3;1;4;18;1;6;6;18;4;2;17;17;4;2;4;0;5;6;15;6;1;23;-5.5686257712150695;21;8.069970706190993;0;0;0;6;9;4;22;8.107048014657323;4;3;23;5.703925296140772;4;1;1;23;-2.8903197837774623;25;1;21;1.4178422485265507;11;0;2;6;0;2;4;1;15;22;9.852502482034613;3;0;25;24;5;3;5;22;-2.315552521852178;4;3;0;6;6;8;4;0;13;16;2;4;4;0;2;3;22;-6.81811795622973;2;13;13;1;2;9;7;-2.4039032380755025;4;10;1;0;4;6;1;19;16;4;6;3;24;3;4;4;3;20;7.133696797245484;3;4;0;3;4;2;5;5;9;2;3;18;2;14;17;1;6;5;2;4;25;3;7;1.2113994938925485;6;4;3;0;23;3.2301458505192406;21;-0.2597443898545351;0;4;0;4;4;3;2;0;1;22;-5.009070043011605;16;3;24;0;5;10;1;21;4.799159315733846;9;5;5;4;0;2;3;23;-1.540226756155401;0;10;17;6;6;12;0;4;6;2;0;0;4;1;22;2.3258608068208857;13;6;0;17;23;1.6054443046803508;3;0;1;11;19;6;20;-1.3623963003401562;2;6;3;25;3;1;3;14;5;17;5;2;0;0;1;0;6;16;5;23;-5.719750048444238;5;9;4;0;6;15;5;16;2;6;3;2;10;20;3.8668568368071434;4;3;6;11;0;3;4;4;4;10;6;3;3;4;15
TRACK:142;134;-1;0;0;2;1;2;5;5;0;4;6;22;3.0467826158324938;0;2;12;17;6;20;-10.0;3;1;1;2;1;12;17;0;21;-9.794352058011556;16;1;6;8;0;9;21;-10.0;1;6;6;18;4;2;17;17;4;2;4;0;5;6;15;6;1;23;-5.5232789195817364;21;8.01675634122414;0;2;25;13;4;1;2;14;22;-9.510987176578372;1;21;1.5684248447919031;11;0;2;6;0;2;4;1;15;22;10.0;3;0;25;24;5;3;5;22;-2.1144388081232512;4;3;0;6;6;8;4;0;13;16;2;4;4;0;2;3;22;-6.737649669666533;2;13;13;1;2;9;7;-2.6077775518963637;4;10;1;0;4;6;1;19;16;4;6;3;24;3;4;4;3;20;7.600712372411793;3;4;0;3;4;2;5;5;9;2;3;18;2;14;17;1;6;5;2;4;25;3;7;1.252907111034082;6;4;3;0;23;3.309804145266954;21;-0.1336958933581942;0;4;0;4;4;3;2;0;1;22;-5.035209586511309;16;3;24;0;7;1.3705632432064419;1;21;5.11676585871083;9;5;5;4;0;2;3;23;-1.5170017614203917;0;10;17;6;6;12;0;4;6;2;0;0;4;1;22;2.314488699773589;13;6;0;17;23;1.6244507771305878;3;0;3;13;6;20;-1.2995483562375894;2;6;3;2;21;-0.04478901469565984;23;7.31289760811302;3;4;0;17;15;5;2;0;0;1;0;6;16;5;23;-5.9166759917832055;5;4;11;4;0;6;15;5;16;2;6;3;2;10;20;4.046040912599347;4;3;6;11;0;3;4;4;4;10;6;3;3;4;15
TRACK:143;136;-1;0;0;2;17;0;2;6;0;2;4;1;15;22;9.965044262172663;3;0;15;24;5;3;5;22;-2.088431057651644;4;3;0;6;6;8;4;0;13;16;2;4;4;0;2;3;22;-6.858660379900427;2;13;13;1;2;9;7;-2.6574897801973756;4;10;1;0;4;6;1;19;16;4;6;3;24;3;4;4;3;20;7.425815037082257;3;4;0;3;4;2;5;5;9;2;3;18;2;14;17;1;6;5;2;4;25;3;7;0.9725167513879593;6;4;3;0;23;3.301531471018782;21;-0.04311852841170939;0;4;0;4;4;3;2;0;1;22;-5.178538862763918;16;3;24;0;5;10;1;21;5.072024727611615;9;5;5;4;0;2;3;23;-1.6691542996999704;0;10;17;6;6;12;0;4;6;2;0;0;4;1;22;2.488611434556746;13;6;0;17;23;1.716413173192788;3;0;3;13;6;20;-1.4750829547401354;2;6;3;2;21;0.20576882092960094;23;7.296250260097369;3;1;3;14;5;17;5;2;0;0;1;0;6;16;5;23;-5.868806970576852;5;4;11;4;0;6;15;5;16;2;6;3;2;10;20;3.9508350793738365;4;3;6;11;0;3;4;4;4;10;6;3;3;4;15
TRACK:144;138;-1;5;4;1;0;0;2;0;0;24;0;1;20;4.3501445364911895;9;5;14;1;5;4;19;1;1;15;12;5;13;0;3;5;5;20;6.697089607860831;0;4;4;10;5;2;25;17;4;2;6;4;3;25;1;3;1;10;17;6;0;11;20;-0.39693101559915656;5;2;4;3;2;6;21;-7.220065115210599;5;23;9.064254165909228;1;0;3;6;15;6;6;18;3;17;0;5;6;3;6;2;6;15;0;21;-0.8734774404922213;12;6;5;6;0;4;5;15;6;0;7;2.679928937634714;12
TRACK:145;131;-1;0;0;2;1;2;5;5;0;4;6;22;3.1516548488355145;0;2;12;17;6;20;-9.930047105813998;3;1;1;2;1;12;17;0;21;-9.45040435275917;16;1;6;8;0;9;21;-9.924764048190656;1;6;6;18;4;2;17;17;4;2;4;0;5;6;15;6;1;23;-5.4391374261616345;21;8.112518326762874;0;0;0;6;9;4;22;8.017200587975376;11;4;1;2;14;22;-9.16398955943811;1;21;1.5974071803341814;11;0;2;6;0;2;4;1;15;22;9.677903575801414;3;0;25;24;5;3;5;22;-2.29713777711065;4;3;0;6;6;8;4;0;13;16;2;4;4;0;2;3;22;-6.904857745000095;2;13;13;1;2;9;7;-2.550682443827544;4;10;1;0;4;6;1;19;16;4;6;3;24;3;4;4;3;20;7.32318019082419;3;4;0;3;4;2;5;5;9;2;3;18;2;14;17;1;6;5;2;4;25;3;7;1.1235546355184975;6;4;3;0;23;3.139585373190873;21;0.027554964286225177;0;4;0;4;4;3;2;0;1;22;-4.975410456535763;16;3;24;0;5;10;1;21;4.7294194609695985;9;5;5;4;0;2;3;23;-1.5888574352374663;0;10;17;6;6;12;0;4;6;2;0;0;4;1;22;2.474694835834434;13;6;0;17;23;1.382756081323795;3;0;3;13;6;20;-1.5418742803231793;2;12;3;1;3;14;5;17;5;2;0;0;1;0;6;16;5;23;-5.8607970150397;5;4;11;4;0;6;15;5;16;2;6;3;2;10;20;3.9691486693620175;4;3;6;13;0;3;4;4;4;10;6;3;3;4;15
TRACK:146;133;-1;5;4;1;0;0;2;0;0;1;1;15;15;2;8;21;-3.0075030436798786;0;1;20;4.6942083335437035;9;5;14;1;5;4;19;1;1;15;16;5;13;0;3;5;5;20;6.587762239312653;0;4;4;10;5;2;19;17;4;2;6;4;3;25;1;3;1;10;17;6;0;11;20;-0.5280882543160829;5;2;4;3;2;6;21;-7.627336379499278;5;23;9.08961413101434;1;0;3;6;15;6;6;18;2;5;6;14;4;2;21;-2.6743472798839814;12;15
TRACK:147;135;-1;5;6;2;2;3;3;2;6;3;0;24;7;-6.009749347073977;5;0;5;7;-7.039939757640747;1;23;-0.8265185897189475;21;3.1335716634704447;6;1;4;2;3;1;22;-7.856674226758268;9;2;0;20;-0.19249642679990017;21;6.467614988318202;5;9;5;21;-10.0;3;6;2;6;0;5;2;12;24;2;4;21;-2.820131045818771;0;11;7;5.475486854583719;5;5;2;1;15;23;-5.91933493590236;5;7;1.5317671886128998
TRACK:148;137;-1;5;4;1;0;0;2;0;0;1;1;15;15;2;8;13;0;1;20;4.3923511636433545;9;5;14;1;5;4;19;1;1;15;12;5;13;0;3;5;5;20;6.557993037913463;0;4;4;10;5;2;19;17;4;2;6;4;3;24;1;3;1;10;17;6;0;11;20;-0.6090896925852493;5;2;4;3;2;6;21;-7.622142574625828;5;23;9.050967119708094;1;0;3;6;15;6;6;18;2;5;6;14;4;2;21;-2.4743657892004993;12;0;5;6;3;6;2;6;15;0;21;-0.95403851581544;12;6;5;6;0;4;5;15;6;0;7;2.401122631063664;12
TRACK:149;139;-1;5;6;2;2;3;3;2;6;3;0;24;7;-5.7495457105991035;1;0;0;21;-1.2972109198435564;21;4.977408659513783;0;23;5.110028520647507;21;-5.900071471597571;2;1;12;10;1;18;7;2.5550219907114537;6;1;4;2;3;1;22;-8.052734119595964;9;2;0;20;0.0635452465014763;21;6.525784418880246;5;9;5;5;4;6;23;-8.76203269143109;3;6;2;6;0;5;2;12;24;2;4;21;-2.79094414317807;0;19;7;5.790572314018883;5;5;2;1;15;23;-5.951368442639259;5;7;1.2946742697811071
EVAL_INSTANCE:7:0:140
EVAL_INSTANCE:7:1:141
EVAL_INSTANCE:7:2:142
EVAL_INSTANCE:7:3:143
EVAL_INSTANCE:7:4:144
EVAL_INSTANCE:7:5:145
EVAL_INSTANCE:7:6:146
EVAL_INSTANCE:7:7:147
EVAL_INSTANCE:7:8:148
EVAL_INSTANCE:7:9:149
RUN_RESULT:7:0:0:1:R
RUN_RESULT:7:1:0:1:R
RUN_RESULT:7:2:0:1:R
RUN_RESULT:7:3:0:2000:----
RUN_RESULT:7:4:0:1:R
RUN_RESULT:7:5:0:1:R
RUN_RESULT:7:6:0:4:R
RUN_RESULT:7:7:0:1:R
RUN_RESULT:7:8:0:1:R
RUN_RESULT:7:9:0:1:R
     8 |       80 | -3.999000E+03 | -3.999000E+03
TRACK:150;9;29;5;6;2;2;3;3;2;6;3;0;24;7;-5.849577638755394;1;0;0;21;-1.281303466344843;21;4.922607208510069;0;23;5.007203881741621;21;-5.8370457809316285;2;1;12;10;1;18;24;6;1;4;2;3;1;22;-8.140930522045164;9;2;0;20;-0.029403678051664883;21;6.576113996066624;5;9;5;5;4;6;23;-8.675700413732324;3;6;2;6;0;5;2;12;24;2;4;21;-2.775791669689875;0;11;7;5.714236995607498;5;5;2;1;7;1.527425361287737;23;-5.928805437015097;5;7;1.5047018222999764
TRACK:151;9;29;5;6;2;2;3;3;2;6;3;0;24;7;-5.7699798291336934;1;0;0;21;-1.2012308372025036;21;4.947068466001405;23;9.844669177455938;2;1;12;10;1;18;24;6;1;4;2;3;1;22;-8.028277959779366;9;2;0;20;-0.05479148019335178;21;6.534412063832682;5;9;4;12;3;6;2;6;0;5;2;12;24;2;4;21;-2.669381924670647;18;5;5;2;1;15;23;-5.827269548133917;5;7;1.527425361287737
TRACK:152;22;40;0;0;2;1;2;5;5;0;4;6;22;3.1376024512846805;0;2;12;17;6;20;-10.0;3;1;1;2;1;12;17;0;21;-9.63984128905789;16;1;6;8;0;9;21;-9.867098248276442;1;6;6;18;4;2;17;17;4;2;4;0;5;6;15;6;1;23;-5.449767043999264;21;8.043334842495161;0;0;0;6;9;4;22;7.999507916025976;11;4;1;2;14;22;-9.267664248065293;1;21;1.5248170402603707;11;0;2;6;0;2;4;1;15;22;9.954364267228243;3;0;25;24;5;3;18;4;3;0;6;6;8;4;0;13;16;2;4;4;0;2;3;22;-6.819861215437751;2;13;13;1;2;9;7;-2.6873312323527334;4;10;1;0;4;6;1;19;16;4;6;3;24;3;4;4;3;20;7.406384448560007;3;4;0;3;4;2;5;5;9;2;3;18;2;14;17;1;6;5;2;4;25;3;7;1.0742935709902692;6;4;3;0;23;3.3180493902352772;21;0.04331538805891093;0;4;0;4;4;3;2;0;1;22;-5.040863174515768;16;3;24;0;5;10;1;21;4.8234693908999455;9;5;5;4;0;2;3;23;-1.5515800139695248;0;10;17;6;6;12;0;4;6;2;0;0;4;1;22;2.3797083920447912;13;6;0;17;23;1.4588863613307284;3;0;3;13;6;20;-1.4448078098233221;2;6;3;2;21;0.05391093961299387;23;7.249809286006625;3;1;3;14;5;17;5;2;0;0;1;0;6;16;5;23;-5.831160241759271;5;4;11;4;0;6;15;5;16;2;6;3;2;10;20;4.001050580506401;4;3;6;11;0;3;4;4;4;10;6;3;3;4;15
TRACK:153;22;40;0;0;2;1;2;5;5;0;4;6;22;3.134397997993591;0;2;12;17;6;20;-10.0;3;1;1;2;1;12;17;0;21;-9.888466406767382;16;1;6;8;0;9;21;-9.941137254131563;1;6;6;18;4;2;17;17;4;2;4;0;5;6;15;6;1;23;-5.497964479221673;21;7.990544085447896;0;2;25;13;4;1;2;14;22;-9.307835032386754;1;21;1.5524718577874146;10;0;2;6;0;2;4;1;15;22;10.0;3;0;25;24;5;3;5;22;-2.1698374351275453;4;3;0;6;6;8;4;0;13;16;2;4;4;0;2;3;22;-6.706081617611231;2;13;13;1;2;9;7;-2.6724716317245;4;10;1;0;4;6;1;19;16;4;6;3;24;3;4;4;3;20;7.425972656522747;3;4;0;3;4;2;5;5;9;2;3;18;2;14;17;1;6;5;2;4;25;3;7;1.0884823764169251;6;4;3;0;23;3.2896177496679133;21;-0.08612614169614592;0;4;0;4;4;3;2;0;1;22;-5.121241705035911;16;3;24;0;5;10;1;21;5.011519459692955;9;5;5;4;0;2;3;23;-1.564595416820972;0;10;17;6;6;12;0;4;6;2;0;0;4;1;22;2.3278295102518323;13;6;0;17;23;1.6101951698766477;3;0;3;13;6;20;-1.3877149271177796;2;6;3;2;21;0.04896155113012132;23;7.280649853618894;3;1;3;14;5;17;5;2;0;0;1;0;6;16;5;23;-5.933679555384385;5;4;11;4;0;6;15;5;16;2;6;3;2;10;20;3.892278522807289;4;3;6;11;0;3;4;4;4;10;6;3;3;4;15
TRACK:154;23;2;0;0;2;1;2;5;5;0;4;6;22;3.2668285997442634;0;2;12;17;6;20;-9.903783146159224;3;1;4;18;1;6;6;18;4;2;17;17;4;2;4;0;5;6;15;6;1;23;-5.410079225211433;21;8.068355607108614;0;0;0;6;9;4;22;8.165444327069444;4;3;23;5.519606106470469;4;1;2;14;22;-9.220126882445513;1;21;1.442335188124866;11;0;2;6;0;2;4;1;15;22;9.955555360696286;3;0;25;24;5;3;5;22;-2.2491903281556564;4;3;0;6;6;8;4;0;13;16;2;4;4;0;2;3;22;-6.811671209203136;2;13;13;1;2;9;7;-2.592353913797836;4;10;1;0;4;6;1;19;16;4;6;3;24;3;4;4;3;20;7.239519644559551;3;4;0;3;4;2;5;5;9;2;3;18;2;14;17;1;23;-5.702068437292375;6;4;3;0;23;3.330070170700423;21;-0.18845299555283795;0;4;0;4;4;3;2;0;1;22;-5.081940191264003;16;3;24;0;5;10;1;21;4.804861897982282;9;5;5;4;0;2;3;23;-1.5335799730426882;0;10;17;6;6;12;0;4;6;2;0;0;4;1;22;2.3767243719283937;13;6;0;17;23;1.6478805854896297;3;0;1;11;19;6;20;-1.3685197526869093;2;6;3;2;21;-0.0795170768706592;23;7.384744177450713;3;1;3;14;5;17;5;2;0;0;1;0;6;16;5;23;-5.675644686082391;5;9;4;0;6;15;5;16;2;6;3;2;10;20;3.7856579658018195;4;3;6;11;0;3;4;4;4;10;6;3;3;4;15
TRACK:155;23;2;0;0;2;1;2;5;5;0;4;6;22;3.031182817319767;0;2;12;17;6;20;-9.97192199972452;3;1;1;2;1;12;17;0;21;-9.7268871627489;16;1;6;8;0;9;21;-9.922376920258284;1;6;6;18;4;2;17;17;4;2;4;0;5;6;15;6;1;23;-5.309494411506693;21;8.071916500284814;0;0;0;6;9;4;22;8.086509638767492;4;3;23;5.5654648444773684;4;1;2;14;22;-9.18845994352155;1;21;1.4669552435428876;11;0;2;6;0;2;4;1;15;22;9.870899242591655;3;0;25;24;5;3;5;22;-2.2431516394546254;4;3;0;6;6;8;4;0;13;16;2;4;4;0;2;3;22;-6.743427261917745;2;13;13;1;2;9;7;-2.602109691432968;4;10;1;0;4;6;1;19;16;4;6;3;24;3;4;4;3;20;7.371409276066082;3;4;0;3;4;2;5;5;9;2;3;18;2;14;17;1;6;5;2;4;25;3;7;1.1674254552004832;6;4;3;0;23;3.3317529958480634;21;-0.0517577342614679;0;4;0;4;4;3;2;0;1;22;-4.979945431917779;16;3;24;0;5;10;1;21;4.760794254241617;9;5;5;4;0;2;3;23;-1.5080508963211194;0;10;17;6;6;12;0;4;6;2;0;0;4;1;22;2.295434000885752;13;6;0;17;23;1.515564816410702;3;0;1;11;19;6;20;-1.362300833729746;2;6;3;2;21;-0.08729096684811033;23;7.443187501011423;3;1;3;14;5;17;5;2;0;0;1;0;6;16;5;23;-5.702068437292375;5;4;11;4;0;6;15;5;16;2;6;3;2;10;20;4.04547981344157;4;3;6;11;0;3;4;17;6;3;3;4;15
TRACK:156;21;28;5;4;1;0;0;2;0;0;1;1;15;15;2;21;-0.5986427363710476;21;-2.850874645060475;0;1;20;4.553587795760294;9;5;14;1;5;4;19;1;1;15;12;5;13;0;3;5;5;20;6.670903505788042;0;4;10;5;2;25;17;4;2;6;4;3;25;1;3;1;10;17;6;0;11;20;-0.5463880321972979;5;2;4;3;2;6;21;-7.188924901505215;5;23;9.136524522467141;1;0;3;6;15;6;6;18;5;6;20;-3.6306182512761103;0;5;6;3;6;2;6;15;0;21;-0.8419750676653553;12;6;5;6;0;4;5;15;6;0;7;2.55348122767877;12
TRACK:157;21;28;5;4;1;0;0;2;0;0;1;1;15;15;2;8;21;-3.116285650605017;0;1;20;4.518001568900134;9;5;14;1;5;4;19;1;1;15;12;5;13;0;3;5;5;20;6.491282683198672;0;4;4;10;5;2;19;17;4;0;4;5;15;6;0;7;2.55348122767877;12;5;2;4;3;2;6;21;-7.40638894996376;5;23;9.09974364047189;1;0;3;6;15;6;6;18;2;5;6;14;4;2;21;-2.5058067000601274;12;0;5;6;3;6;2;6;15;0;21;-0.9834365654509548;12;6;5;6;0;4;5;15;6;0;7;2.448094492944901;12
TRACK:158;9;3;5;6;2;2;3;3;2;6;3;0;24;7;-5.849577638755394;1;0;0;21;-1.281303466344843;21;4.922607208510069;0;23;5.007203881741621;21;-5.8370457809316285;2;1;12;10;1;18;24;6;1;4;2;3;1;22;-8.140930522045164;9;2;0;20;-0.029403678051664883;21;6.576113996066624;5;9;7;2.421066302104329;3;6;2;6;0;5;2;12;24;2;4;21;-2.775791669689875;0;11;7;5.714236995607498;5;5;2;1;15;23;-5.928805437015097;5;7;1.5047018222999764
TRACK:159;9;3;5;4;1;0;0;2;0;0;1;1;15;15;2;8;21;-2.8997289864945985;0;1;20;4.429039226398494;9;5;14;1;5;4;19;1;1;15;12;5;13;0;3;5;5;20;6.640142898363042;0;4;4;10;5;2;25;17;4;2;6;4;3;25;1;22;-8.140930522045164;6;0;11;20;-0.46712305459492676;5;2;4;3;2;6;21;-7.213051363293035;5;23;8.987989424121196;1;0;3;6;15;6;6;18;2;5;1;21;-7.606383624926931;10;4;2;21;-2.4748086995170837;12;0;5;6;3;6;2;6;15;0;21;-1.033545478096766;12;6;5;6;0;4;5;15;6;0;7;2.421066302104329;12
TRACK:160;150;-1;5;6;2;2;3;3;2;6;3;0;24;7;-5.823700596213769;1;0;0;11;21;4.905309308693881;0;23;4.983004309890343;21;-5.8431421291690855;2;1;12;10;1;18;24;6;1;4;2;3;1;22;-8.086853620794752;9;2;0;20;0.10606591415072195;21;6.659000526331384;5;9;5;5;4;6;23;-8.828176191301022;3;6;2;6;0;5;2;12;24;2;4;21;-2.802757159439391;0;11;7;5.778975286058802;5;5;2;1;7;1.5976680058256407;23;-5.977233007962848;5;7;1.5791694176005762
TRACK:161;152;-1;4;6;2;2;6;4;3;15;1;0;0;20;6.7392346259591065;17;0;15;25;4;2;12;24;2;0;5;6;8;0;2;13;9;5;25;0;6;0;19;18;2;2;11;16;3;16
TRACK:162;154;-1;0;0;2;1;2;5;5;0;4;6;22;3.27953442900826;0;2;12;17;6;20;-9.870433876297161;3;1;4;18;1;6;6;18;4;2;17;17;4;2;4;0;5;6;15;6;1;23;-5.675218436932264;21;8.052892759046802;0;0;0;6;9;4;22;8.292535049431008;4;3;23;5.511476009286324;4;1;2;14;22;-9.357576441315214;1;21;1.3542284667758242;11;0;2;6;0;2;4;1;15;22;9.986356275674252;3;2;19;22;-5.776026359398967;5;3;5;22;-2.3811066747206135;4;3;0;6;6;8;4;0;13;16;2;4;4;0;2;3;22;-6.556909242592641;2;13;13;1;2;9;7;-2.744567078270102;4;10;1;0;4;6;1;19;16;4;6;3;24;3;4;4;3;20;7.102185291697345;3;4;0;3;4;2;5;5;9;2;3;18;2;14;17;1;23;-5.7904947946822585;6;4;3;0;23;3.288575222268839;21;-0.28031150298855223;0;4;0;4;4;3;2;0;1;22;-5.0498055136200914;16;3;24;0;5;10;1;21;4.801734270639721;9;5;5;4;0;2;3;23;-1.5388554476295646;0;10;17;6;6;12;0;4;6;2;0;0;4;1;22;2.2227861611261686;13;6;0;17;23;1.6133387619776327;3;0;1;11;19;6;20;-1.3934587062088821;2;6;3;2;21;0.14080231256010603;23;7.53967730012189;3;1;3;14;5;17;5;2;0;0;1;0;6;16;5;23;-5.610357933652684;5;9;4;0;6;15;5;16;2;6;3;2;10;20;3.5983533541712234;4;3;6;11;0;3;4;4;4;10;6;3;3;4;15
TRACK:163;156;-1;5;4;1;0;0;2;0;0;1;1;15;15;2;21;-0.5926534284900298;21;-3.0382422870300094;0;1;20;4.546732862217819;9;5;14;1;5;4;19;1;1;15;12;5;13;0;3;5;5;20;6.622498240172816;0;4;10;5;2;25;17;4;2;6;4;3;25;1;3;1;10;17;6;0;11;20;-0.39401838107285436;5;2;4;3;2;6;21;-7.3058170222873695;5;23;9.142978632183473;1;0;4;10;6;6;18;5;6;20;-3.497687667851096;0;5;6;3;6;2;6;15;0;21;-0.9423358758883853;12;6;5;6;0;4;5;15;6;0;7;2.633485643904287;12
TRACK:164;158;-1;5;6;2;2;3;3;2;6;3;0;24;7;-5.833812297157518;1;0;0;21;-1.0752423688460717;13;0;23;5.010425329358454;21;-5.811820668386898;2;1;12;10;1;18;24;6;1;4;2;3;1;22;-8.1138807363991;9;2;0;20;-0.03601308174774371;21;6.688325513243977;5;9;7;2.320606148276046;3;6;2;6;0;5;2;12;24;2;4;21;-2.872515862797838;0;11;7;5.8164052111110145;5;5;2;1;15;23;-5.9543619965557095;5;7;1.3443054984785436
TRACK:165;151;-1;5;6;2;2;3;3;2;6;3;0;24;7;-5.776619554665723;1;0;0;21;-1.2425738970852405;20;-6.149140874338526;23;9.912925977800128;2;1;12;10;1;18;24;6;1;4;2;3;1;22;-8.04479620601865;9;2;0;20;-0.061612394653413935;21;6.634059091562353;5;9;4;12;3;6;2;6;0;5;2;12;24;2;4;21;-2.641193030971096;18;5;5;2;1;15;23;-5.924468493671544;5;7;1.6109351852345326
TRACK:166;153;-1;0;0;2;1;2;5;5;0;4;6;22;3.166083206531858;0;2;12;17;6;20;-9.90173820608346;3;1;1;2;1;12;17;0;21;-9.830558016366746;16;1;6;8;0;9;21;-9.943317248999772;1;6;6;18;4;2;17;17;4;2;4;0;5;6;15;6;1;23;-5.538778409336173;21;7.989195277552378;0;2;25;13;4;1;2;14;22;-9.28336471149231;1;21;1.6058365068293203;10;0;2;6;0;2;4;1;15;22;10.0;3;0;25;24;5;3;5;22;-2.314745603575852;4;3;0;6;6;8;4;0;13;16;2;4;4;0;2;3;22;-6.755501804185402;2;13;13;1;2;9;7;-2.8797886458323383;4;10;1;0;4;6;1;19;16;4;6;3;24;3;4;4;3;20;7.425894645383755;3;4;0;3;4;2;5;5;9;2;3;18;2;14;17;1;6;5;2;4;25;3;7;1.0915805011046653;6;4;3;0;23;3.342359005616466;21;0.0033287623956891194;0;4;0;4;4;3;2;0;1;22;-5.085626722115719;16;3;24;0;5;10;1;21;4.9646533999909455;9;5;5;4;0;4;10;6;6;12;0;4;6;2;0;0;4;1;22;2.2809059092093724;13;6;0;17;23;1.4977771909962807;3;0;3;13;6;20;-1.4177540832429103;2;6;3;2;21;0.1948079465872445;23;7.208951325159853;3;1;3;14;5;17;5;2;0;0;1;0;6;16;5;23;-5.904481430900011;5;4;11;4;0;6;15;5;16;2;6;3;2;10;20;3.9442660449958704;4;3;6;11;0;3;4;4;4;10;6;3;3;4;15
TRACK:167;155;-1;0;0;2;1;2;5;5;0;4;6;22;3.0155700233055485;0;2;12;17;6;20;-10.0;3;1;1;2;1;12;17;0;21;-9.823278692096592;16;1;6;8;0;9;21;-9.98512229446662;1;6;3;20;2.8353570950882094;4;2;17;17;4;2;4;0;5;6;15;6;1;23;-5.247324555035403;21;8.013848949933827;0;0;0;6;9;4;22;7.902616727847737;4;3;23;5.597072143712564;4;1;2;14;22;-9.178633169848306;1;21;1.4275936807709355;11;0;2;6;0;2;4;1;15;22;9.928857684921987;3;0;25;24;5;3;5;22;-2.207211401394105;4;3;0;6;6;8;4;0;13;16;2;4;4;0;2;3;22;-6.879084227812069;2;13;13;1;2;9;7;-2.46519677585274;4;10;1;0;4;6;1;19;16;4;6;3;24;3;4;4;3;20;7.311700152304866;3;4;0;3;4;2;5;5;9;2;3;18;2;14;17;1;6;5;2;4;25;3;7;1.057311954321496;6;4;3;0;23;3.4367748658573536;21;-0.1046745432368283;0;4;0;4;4;3;2;0;1;22;-4.962558205635275;16;3;24;0;5;10;1;21;4.795224580715195;9;5;5;4;0;2;3;23;-1.6601808112051448;0;10;17;6;6;12;0;4;6;2;0;0;4;1;22;2.2713446186850237;13;6;0;17;23;1.8604515072991485;3;0;1;11;19;6;20;-1.3959470875131341;2;6;3;2;21;-0.1370611108212781;23;7.4432710631224115;3;1;3;14;5;17;5;2;0;0;1;0;6;16;5;23;-5.767348353112409;5;4;11;4;0;6;15;5;16;2;6;3;2;10;20;4.100657523927538;4;3;6;11;0;3;4;17;6;3;3;4;15
TRACK:168;157;-1;5;4;1;0;0;2;0;0;1;1;15;15;2;8;21;-3.265064949215859;0;1;20;4.5641115418567;9;5;14;1;5;4;19;1;1;15;12;5;13;0;3;5;5;20;6.6279205711528535;0;4;4;10;5;2;19;17;4;0;4;5;15;6;0;7;2.471222903130065;12;5;2;0;2;5;17;5;10;5;3;11;1;0;3;6;15;6;6;18;2;5;6;14;4;2;21;-2.5176116965589146;12;0;5;6;3;6;2;6;15;0;21;-0.8555953532083043;12;6;5;6;0;4;5;15;6;0;7;2.237417272485323;12
TRACK:169;159;-1;5;4;1;0;0;2;0;0;1;1;15;15;2;8;21;-2.923672684607526;0;1;20;4.518805458636153;9;5;14;1;6;10;2;19;15;0;3;5;5;20;6.6324691548120756;0;4;4;10;5;2;25;17;4;2;6;4;3;25;1;22;-8.128329297615076;6;0;11;20;-0.3894646970572416;5;2;4;3;2;6;21;-7.25105644254206;5;23;8.94743541215321;1;0;3;6;15;6;6;18;2;5;1;21;-7.428678781482763;10;4;2;21;-2.488790070670091;12;0;5;6;3;6;2;6;15;0;21;-1.0438603518035967;12;6;5;6;0;4;5;15;6;0;7;2.3581751465161838;12
EVAL_INSTANCE:8:0:160
EVAL_INSTANCE:8:1:161
EVAL_INSTANCE:8:2:162
EVAL_INSTANCE:8:3:163
EVAL_INSTANCE:8:4:164
EVAL_INSTANCE:8:5:165
EVAL_INSTANCE:8:6:166
EVAL_INSTANCE:8:7:167
EVAL_INSTANCE:8:8:168
EVAL_INSTANCE:8:9:169
RUN_RESULT:8:0:0:1:R
RUN_RESULT:8:1:0:4:R
RUN_RESULT:8:2:0:1:R
RUN_RESULT:8:3:0:1:R
RUN_RESULT:8:4:0:1:R
RUN_RESULT:8:5:0:1:R
RUN_RESULT:8:6:0:1:R
RUN_RESULT:8:7:0:1:R
RUN_RESULT:8:8:0:1:R
RUN_RESULT:8:9:0:1:R
     9 |       90 | -3.999000E+03 | -3.999000E+03
TRACK:170;23;3;0;0;2;1;2;5;5;0;4;6;22;3.2668285997442634;0;2;12;17;6;20;-9.903783146159224;3;1;4;18;1;6;6;18;4;2;17;17;4;2;4;0;5;6;15;6;1;23;-5.410079225211433;21;8.068355607108614;0;0;0;6;9;4;22;8.165444327069444;4;3;23;5.519606106470469;4;1;2;14;22;-9.220126882445513;1;21;1.442335188124866;11;0;2;6;0;6;15;5;3;5;22;-2.2491903281556564;4;3;0;6;6;8;4;0;13;16;2;4;4;0;2;3;22;-6.811671209203136;2;13;13;1;2;9;7;-2.592353913797836;4;10;1;0;4;6;1;19;16;4;6;3;24;3;4;4;3;20;7.239519644559551;3;4;0;3;4;2;5;5;9;2;3;18;2;14;17;1;6;5;2;4;25;3;7;1.1456949179435212;6;4;3;0;23;3.330070170700423;21;-0.18845299555283795;0;4;0;4;4;3;2;0;1;22;-5.081940191264003;16;3;24;0;5;10;1;21;4.804861897982282;9;5;5;4;0;2;3;23;-1.5335799730426882;0;10;17;6;6;12;0;4;6;2;0;0;4;1;22;2.3767243719283937;13;6;0;17;23;1.6478805854896297;3;0;1;11;19;6;20;-1.3685197526869093;2;6;3;2;21;-0.0795170768706592;23;7.384744177450713;3;1;3;14;5;17;5;2;0;0;1;0;6;16;5;23;-5.675644686082391;5;9;4;0;6;15;5;16;2;6;3;2;10;20;3.7856579658018195;4;3;6;11;0;3;4;4;4;10;6;3;3;4;15
TRACK:171;23;3;5;4;1;0;0;2;0;0;1;1;15;15;1;22;2.3767243719283937;13;0;1;20;4.429039226398494;9;5;14;1;5;4;19;1;1;15;12;5;13;0;3;5;5;20;6.640142898363042;0;4;4;10;5;2;25;17;4;2;6;4;3;25;1;3;1;10;17;6;0;11;20;-0.46712305459492676;5;2;4;3;2;6;21;-7.213051363293035;5;23;8.987989424121196;1;0;3;6;15;6;6;18;2;5;1;21;-7.606383624926931;10;4;2;21;-2.4748086995170837;12;0;5;6;3;6;2;6;15;0;21;-1.033545478096766;12;6;5;6;0;4;5;15;6;0;7;2.421066302104329;12
TRACK:172;25;22;5;6;2;2;3;3;2;6;3;0;24;7;-5.925200892751493;1;0;0;17;9;0;23;4.993208176989911;21;-5.826206252100551;2;1;12;10;1;10;24;6;1;4;2;3;1;22;-7.995760844036555;9;2;0;20;-0.06391852874862233;21;6.495897404272404;5;9;5;5;4;6;23;-8.665986726034827;3;6;2;6;0;5;2;12;24;2;4;21;-2.9267110007728876;0;11;7;5.642581421030729;5;5;2;1;15;23;-5.86369986010157;5;7;1.4792654408197785
TRACK:173;25;22;0;0;2;1;2;5;5;0;4;6;22;3.1376024512846805;0;2;12;17;6;20;-10.0;3;1;1;2;1;12;17;0;21;-9.63984128905789;16;1;6;8;0;9;21;-9.867098248276442;1;6;6;18;4;2;17;17;4;2;4;0;5;6;15;6;1;23;-5.449767043999264;21;8.043334842495161;0;0;0;6;9;4;22;7.999507916025976;11;4;1;2;14;22;-9.267664248065293;1;21;1.5248170402603707;11;0;2;6;0;2;4;1;15;22;9.954364267228243;3;0;25;24;5;3;5;22;-2.209189173186143;4;3;0;6;6;8;4;0;13;16;2;4;4;0;2;3;22;-6.819861215437751;2;13;13;1;2;9;7;-2.6873312323527334;4;10;1;0;4;6;1;19;16;4;6;3;24;3;4;4;3;20;7.406384448560007;3;4;0;3;4;2;5;5;9;2;3;18;2;14;17;1;6;5;2;4;25;3;7;1.0742935709902692;6;4;3;0;23;3.3180493902352772;21;0.04331538805891093;0;4;0;4;4;3;2;0;1;22;-5.040863174515768;16;3;24;0;5;10;1;21;4.8234693908999455;9;5;5;4;0;2;3;23;-1.5515800139695248;0;10;17;6;6;12;0;4;6;2;0;0;4;1;22;2.3797083920447912;13;6;0;17;23;1.4588863613307284;3;0;3;13;6;20;-1.4448078098233221;2;6;3;2;21;0.05391093961299387;23;7.249809286006625;3;1;3;14;5;17;5;2;0;0;1;0;6;16;5;23;-5.831160241759271;5;4;21;-1.3488400063729067;4;0;6;15;5;16;2;6;3;2;10;20;4.001050580506401;4;3;6;11;0;3;4;4;4;10;6;3;3;4;15
TRACK:174;21;23;5;4;1;0;0;2;0;0;1;1;15;15;2;21;-0.5986427363710476;21;-2.850874645060475;0;1;20;4.553587795760294;9;5;14;1;5;4;19;1;1;15;12;5;13;0;3;5;5;20;6.670903505788042;0;4;4;10;5;2;25;17;4;2;6;4;3;25;1;3;1;10;17;6;0;11;20;-0.5463880321972979;5;2;4;3;2;6;21;-7.188924901505215;5;23;9.136524522467141;1;0;3;6;15;6;6;18;5;6;20;-3.6306182512761103;0;5;6;3;6;2;6;15;0;21;-0.8419750676653553;12;6;5;6;0;4;5;15;6;0;13;12
TRACK:175;21;23;0;0;2;1;2;5;5;0;4;6;22;3.2668285997442634;0;2;12;17;6;20;-9.903783146159224;3;1;4;18;1;6;4;10;4;2;17;17;4;2;4;0;5;6;15;6;1;23;-5.410079225211433;21;8.068355607108614;0;0;0;6;9;4;22;8.165444327069444;4;3;23;5.519606106470469;4;1;2;14;22;-9.220126882445513;1;21;1.442335188124866;11;0;2;6;0;2;4;1;15;22;9.955555360696286;3;0;25;24;5;3;5;22;-2.2491903281556564;4;3;0;6;6;8;4;0;13;16;2;4;4;0;2;3;22;-6.811671209203136;2;13;13;1;2;9;7;-2.592353913797836;4;10;1;0;4;6;1;19;16;4;6;3;24;3;4;4;3;20;7.239519644559551;3;4;0;3;4;2;5;5;9;2;3;18;2;14;17;1;6;5;2;4;25;3;7;1.1456949179435212;6;4;3;0;23;3.330070170700423;21;-0.18845299555283795;0;4;0;4;4;3;2;0;1;22;-5.081940191264003;16;3;24;0;5;10;1;21;4.804861897982282;9;5;5;4;0;2;3;23;-1.5335799730426882;0;10;17;6;6;12;0;4;6;2;0;0;4;1;22;2.3767243719283937;13;6;0;17;23;1.6478805854896297;3;0;1;11;19;6;20;-1.3685197526869093;2;6;3;2;21;-0.0795170768706592;23;7.384744177450713;3;1;3;14;5;17;5;2;0;0;1;0;6;16;5;23;-5.675644686082391;5;9;4;0;6;15;5;16;2;6;3;2;10;20;3.7856579658018195;4;3;6;11;0;3;4;4;4;10;6;3;3;4;15
TRACK:176;28;21;5;4;1;0;0;2;0;0;1;1;15;15;2;8;21;-3.116285650605017;15;1;5;4;19;1;1;15;12;5;13;0;3;5;5;20;6.491282683198672;0;4;4;10;5;2;19;17;4;2;6;4;3;25;1;3;1;10;17;6;0;11;20;-0.529505631861049;5;2;4;3;2;6;21;-7.40638894996376;5;23;9.09974364047189;1;0;3;6;15;6;6;18;2;5;6;14;4;2;21;-2.5058067000601274;12;0;5;6;3;6;2;6;15;0;21;-0.9834365654509548;12;6;5;6;0;4;5;15;6;0;7;2.448094492944901;12
TRACK:177;28;21;5;4;1;0;0;2;0;0;1;1;15;15;2;21;-0.5986427363710476;21;-2.850874645060475;0;1;20;4.553587795760294;9;5;14;1;5;4;19;1;1;15;12;5;13;0;3;5;5;8;0;4;4;10;5;2;25;17;4;2;6;4;3;25;1;3;1;10;17;6;0;11;20;-0.5463880321972979;5;2;4;3;2;6;21;-7.188924901505215;5;23;9.136524522467141;1;0;3;6;15;6;6;18;5;6;20;-3.6306182512761103;0;5;6;3;6;2;6;15;0;21;-0.8419750676653553;12;6;5;6;0;4;5;15;6;0;7;2.55348122767877;12
TRACK:178;40;22;0;0;2;1;2;5;5;0;4;6;22;3.134397997993591;0;2;12;17;6;20;-10.0;3;1;1;2;1;12;17;0;21;-9.888466406767382;16;1;6;8;0;9;21;-9.941137254131563;1;6;6;18;4;2;17;17;4;2;4;0;5;6;15;6;1;23;-5.497964479221673;21;7.990544085447896;0;2;25;6;18;4;1;2;14;22;-9.307835032386754;1;21;1.5524718577874146;11;0;2;6;0;2;4;1;15;22;10.0;3;0;25;24;5;3;5;22;-2.1698374351275453;4;3;0;6;6;8;4;0;13;16;2;4;4;0;2;3;22;-6.706081617611231;2;13;13;1;2;9;7;-2.6724716317245;4;10;1;0;4;6;1;19;16;4;6;3;24;3;4;4;3;20;7.425972656522747;3;4;0;3;4;2;5;5;9;2;3;18;2;14;17;1;6;5;2;4;25;3;7;1.0884823764169251;6;4;3;0;23;3.2896177496679133;21;-0.08612614169614592;0;4;0;4;4;3;2;0;1;22;-5.121241705035911;16;3;24;0;5;10;1;21;5.011519459692955;9;5;5;4;0;2;3;23;-1.564595416820972;0;10;17;6;6;12;0;4;6;2;0;0;4;1;22;2.3278295102518323;13;6;0;17;23;1.6101951698766477;3;0;3;13;6;20;-1.3877149271177796;2;6;3;2;21;0.04896155113012132;23;7.280649853618894;3;1;3;14;5;17;5;2;0;0;1;0;6;16;5;23;-5.933679555384385;5;4;11;4;0;6;15;5;16;2;6;3;2;10;20;3.892278522807289;4;3;6;11;0;3;4;4;4;10;6;3;3;4;15
TRACK:179;40;22;0;0;2;1;2;5;5;0;4;6;22;3.1376024512846805;0;2;12;17;6;20;-10.0;3;1;1;2;1;12;17;0;21;-9.63984128905789;16;1;6;8;0;9;21;-9.867098248276442;1;6;6;18;4;2;17;17;4;2;4;0;5;6;25;6;1;23;-5.449767043999264;21;8.043334842495161;0;0;0;6;9;4;22;7.999507916025976;11;4;1;2;14;22;-9.267664248065293;1;21;1.5248170402603707;11;0;2;6;0;2;4;1;15;22;9.954364267228243;3;0;25;24;5;3;5;22;-2.209189173186143;4;3;0;6;6;8;4;0;13;16;2;4;4;0;2;3;22;-6.819861215437751;2;13;13;1;2;9;7;-2.6873312323527334;4;10;1;0;4;6;1;19;16;4;6;3;24;3;4;4;3;20;7.406384448560007;3;4;0;3;4;2;5;5;9;2;3;18;2;14;17;1;6;5;2;4;25;3;7;1.0742935709902692;6;4;3;0;23;3.3180493902352772;21;0.04331538805891093;0;4;0;4;4;3;2;0;1;22;-5.040863174515768;16;3;24;0;5;10;1;21;4.8234693908999455;9;5;5;4;0;2;3;23;-1.5515800139695248;0;10;17;6;6;12;0;4;6;2;0;0;4;1;22;2.3797083920447912;13;6;0;17;23;1.4588863613307284;3;0;3;13;6;20;-1.4448078098233221;2;6;3;2;21;0.05391093961299387;23;7.249809286006625;3;1;3;14;5;17;5;2;0;0;1;0;6;16;5;23;-5.831160241759271;5;4;11;4;0;6;15;5;16;2;6;3;2;10;20;4.001050580506401;4;3;6;11;0;3;4;4;4;10;6;3;3;4;15
TRACK:180;170;-1;0;0;2;1;2;5;5;0;4;6;22;3.3634191922011345;0;2;12;17;6;20;-9.798270858280743;3;1;4;18;1;6;6;18;4;2;17;17;4;2;4;0;5;6;15;6;1;23;-5.342524689579672;21;8.123222408573945;0;0;0;6;9;4;22;8.11457902567263;4;3;23;5.604816093812964;4;1;2;14;22;-9.284477489999674;1;21;1.3633215687953293;11;0;2;6;0;6;15;5;3;5;22;-2.266228954635172;4;3;0;6;6;8;4;0;13;16;2;4;4;0;2;3;22;-6.897413477850073;2;13;13;1;2;9;7;-2.46252367576036;4;10;1;0;4;6;1;19;16;4;6;3;24;3;4;4;3;20;7.34351067714114;3;4;0;3;4;2;5;5;9;2;3;18;2;14;17;1;6;5;2;4;25;3;7;1.0979897997680943;6;4;3;0;23;3.3074955181391528;21;-0.24859640300036795;0;4;0;4;4;3;2;0;1;22;-5.033115349440704;16;3;24;0;5;10;1;21;4.783344174290104;9;5;5;4;0;2;3;23;-1.4867204188307155;0;10;17;6;6;12;0;4;6;2;0;0;4;1;22;2.5287018305380102;13;6;0;17;23;1.5246139500304268;3;0;1;11;19;6;20;-1.2561051666639738;2;6;3;2;21;0.05970249827341256;23;7.299091568182761;3;1;3;14;5;17;5;2;0;0;1;0;6;16;5;23;-5.570447867257387;5;9;4;0;6;15;5;16;2;6;3;2;25;20;3.7429626256055175;4;3;6;11;0;3;4;4;4;10;6;3;3;4;15
TRACK:181;172;-1;5;6;4;1;4;2;24;23;1.5832734517644163;3;1;23;-8.701395424617;24
TRACK:182;174;-1;5;4;1;0;0;2;0;0;1;1;15;15;2;21;-0.5514658979699593;21;-2.974002592780547;0;1;20;4.49152991451898;9;5;14;1;5;4;19;1;1;15;12;5;13;0;3;5;5;20;6.690472828603983;0;4;4;10;5;2;25;17;4;2;6;4;3;25;1;3;1;10;17;6;0;11;20;-0.5333247592780044;5;2;4;3;2;6;21;-7.113443343526005;5;23;9.2235241101689;1;0;3;6;15;6;6;18;5;6;20;-3.596992609382808;0;5;6;3;6;2;6;15;0;21;-0.6634214218373119;12;6;5;6;0;4;5;15;6;0;23;1.5754542106588065;12
TRACK:183;176;-1;5;4;1;0;0;2;0;0;1;1;15;15;2;8;21;-2.9516101465105287;15;1;5;4;19;1;1;15;12;5;13;0;3;5;5;20;6.649398887317903;0;4;4;10;5;2;19;17;4;2;6;4;3;25;1;3;1;10;17;6;0;11;20;-0.7548084330250197;0;0;0;5;5;11;1;2;19;14;0;17;10;0;5;5;24;5;3;8;1;3;6;2;17;20;7.144902147784958;0;5;2;23;7.660751548826404;20;-5.673607830903158;5;3;11;0;5;6;3;6;2;6;15;0;21;-1.0721947411692503;12;6;5;6;0;4;5;15;6;0;7;2.4561594257489814;12
TRACK:184;178;-1;0;0;2;1;2;5;5;0;4;6;22;3.1379930394661604;0;2;12;17;6;20;-10.0;3;1;1;2;1;12;17;0;21;-9.982396515200989;16;1;6;8;0;9;10;1;6;6;18;4;2;17;17;4;2;4;0;5;6;15;6;1;23;-5.662394863956747;21;8.021252757637514;0;2;25;6;18;4;1;2;14;22;-9.465944500448993;1;21;1.5573379973401333;11;0;2;6;0;2;4;1;15;22;9.971051297396707;3;0;25;24;5;3;5;22;-2.0858696727145176;4;3;0;6;6;8;4;0;13;16;2;4;4;0;2;3;22;-6.813783426766314;2;13;13;1;2;9;7;-2.7232992240922296;4;10;1;0;4;6;1;19;16;4;6;3;24;3;4;4;3;20;7.377530796276982;3;4;0;3;4;2;5;5;9;2;3;18;2;14;17;1;6;5;2;4;25;3;7;1.0973958262255041;6;4;3;0;23;3.13368365961575;21;-0.1047790976052634;0;4;0;4;4;3;2;0;1;22;-5.127364996107732;16;3;24;0;5;10;1;21;5.020978510124888;9;5;5;4;0;2;3;23;-1.3990794857639046;0;10;17;6;6;12;0;4;6;2;0;0;4;1;22;2.4245090879908453;13;6;0;17;23;1.6254739167177903;3;0;3;13;6;20;-1.4346074527540729;2;6;3;2;21;0.05282932568553636;23;7.157767865180679;3;1;3;14;5;17;5;2;0;0;1;0;6;16;5;23;-5.932041309631851;5;4;11;4;0;6;15;5;16;2;6;3;2;10;20;3.8620215882164985;4;3;6;11;0;3;4;4;4;10;6;3;3;4;15
TRACK:185;171;-1;5;4;1;0;0;2;0;0;1;1;15;15;1;22;2.661579243478016;13;0;1;20;4.558547811284795;9;5;14;1;5;4;19;1;1;15;12;5;13;0;3;5;5;20;6.64911752914599;0;4;4;10;5;2;25;17;4;2;6;4;3;25;1;3;1;10;17;6;0;11;20;-0.6343075388711658;5;2;4;3;2;6;21;-7.235947855604528;5;23;9.087837877847933;1;0;3;6;15;6;6;18;2;5;1;21;-7.707147920043554;10;4;2;21;-2.4602647928176795;12;0;5;6;3;6;2;6;15;0;21;-1.0839963804319934;17;6;5;6;0;4;5;15;6;0;7;2.5778783327364554;12
TRACK:186;173;-1;0;0;2;1;2;5;5;0;4;6;22;3.110866517365071;0;2;12;17;6;20;-9.926075504390706;1;6;3;3;4;9;2;6;0;0;8;12;0;20;-5.5540522927314555;14;5;3;2;11;11;4;2;4;0;5;6;15;6;1;23;-5.567271508738412;21;8.11052110886813;0;0;0;6;9;4;22;8.078503072183063;11;4;1;2;14;22;-9.32246963954931;1;21;1.6439244174004997;11;0;2;6;0;2;4;1;15;22;9.975735950986401;3;0;25;24;5;3;5;22;-2.210174418289552;4;3;0;6;6;8;4;0;13;16;2;4;4;0;2;3;22;-6.738571350900356;2;13;13;1;2;9;7;-2.597685292146772;4;10;1;0;4;6;1;19;16;4;6;3;24;3;4;4;3;20;7.425696782887255;3;4;0;3;4;2;5;5;9;2;3;18;2;14;17;1;6;5;2;4;25;3;7;1.2093579914339587;6;4;3;0;23;3.3535748042481557;21;0.2730881928996119;0;4;0;4;4;3;2;0;1;22;-5.013268681598412;16;3;24;0;5;10;1;21;4.890222239664678;9;5;5;4;0;2;3;23;-1.5539306914272475;0;10;17;6;6;12;0;4;6;2;0;0;4;1;22;2.361739385394936;13;6;0;17;23;1.3906825476663085;3;0;3;13;6;20;-1.480816737006147;2;6;3;2;21;0.09544525267220977;23;7.437590072556474;3;1;3;14;5;17;5;2;0;0;1;0;6;16;5;23;-5.916829754461293;5;4;21;-1.375942331444039;4;0;6;15;5;16;2;6;3;2;10;20;4.049529565155996;4;3;6;11;0;3;4;4;4;10;6;3;3;4;15
TRACK:187;175;-1;0;0;2;1;2;5;5;0;4;6;22;3.4405206119804435;0;2;12;17;6;20;-9.78600496879021;3;1;4;18;1;6;4;10;4;2;17;17;4;2;4;0;5;6;15;6;1;23;-5.455415209111622;21;8.042495607599225;0;0;0;6;9;4;22;8.045149424100147;4;3;23;5.468064462745863;4;1;2;14;22;-9.325031928588084;1;21;1.3627035949140218;11;0;2;6;0;2;4;1;15;22;9.99983458861145;3;0;25;16;5;3;5;22;-2.26545092032364;4;3;0;6;6;8;4;0;13;16;2;4;4;0;2;3;22;-6.876799545446623;2;13;13;1;2;9;7;-2.3799352217342546;4;10;1;0;4;6;1;19;16;4;6;3;24;3;4;4;3;20;7.252739984715625;3;4;0;3;4;2;5;5;9;2;3;18;2;14;17;1;6;5;2;4;25;3;7;0.965274808942578;6;4;3;0;23;3.2912736318188585;21;-0.10695408655454666;0;4;0;4;4;3;2;0;1;22;-5.189400622651378;16;3;24;0;5;10;1;21;4.633725583792395;9;5;5;4;0;2;3;23;-1.6815888142296422;0;10;17;6;6;12;0;4;6;2;0;0;4;1;22;2.352047042090563;13;6;0;17;23;1.7779594526081621;3;0;1;11;19;6;20;-1.4953107223050421;2;6;3;2;21;0.007841864840978291;23;7.277097265363946;3;1;3;14;5;17;5;2;0;0;1;0;6;16;5;23;-5.602224476049359;5;9;4;0;6;15;5;16;2;6;3;2;10;20;3.905502989946919;4;3;6;11;0;3;4;4;4;10;6;3;3;4;15
TRACK:188;177;-1;5;4;1;0;0;2;0;0;1;1;15;15;2;21;-0.7381132447993306;21;-2.903795617110025;0;1;20;4.499857830309638;9;5;14;1;1;10;17;1;1;15;12;5;13;0;3;5;5;8;0;4;4;10;5;2;25;17;4;2;6;4;3;25;1;3;1;10;17;6;0;11;20;-0.4165230007078998;5;2;4;3;2;6;21;-7.244663806242533;5;23;9.091934334679406;1;0;3;6;15;6;6;18;5;6;20;-3.765202496247804;0;5;6;3;6;2;6;15;0;21;-0.8211683605985264;12;6;5;6;0;4;5;15;6;0;7;2.696867341959839;12
TRACK:189;179;-1;0;0;2;1;2;5;5;0;4;6;22;3.267915214670387;0;2;12;17;6;20;-10.0;3;1;1;2;1;12;17;0;21;-9.649468399815849;16;1;6;8;0;9;21;-9.829454814955927;1;6;6;18;4;2;17;17;4;2;4;0;5;6;25;6;1;23;-5.419952702733245;21;7.993397274953741;0;0;0;6;9;4;22;7.959849456807471;11;4;1;2;14;22;-9.230906803589889;1;21;1.6089585874242882;11;0;2;6;0;2;4;1;15;22;9.867007559191146;3;0;25;24;5;3;5;22;-2.2930393111158516;4;3;0;6;6;8;4;0;13;16;2;4;4;0;2;3;22;-6.876158191139667;2;13;13;1;2;9;7;-2.629629132545865;4;10;1;0;4;6;1;19;16;4;6;3;24;3;4;4;3;20;7.2812943780946675;3;4;0;3;4;2;5;5;9;2;3;18;2;14;17;1;6;5;2;4;25;3;7;1.1039572900081343;6;4;3;0;23;3.138994958281004;21;0.0727568127993692;0;4;0;4;4;3;2;0;1;22;-5.063351484569274;16;3;24;0;5;10;1;21;4.8283336085835264;9;5;5;4;0;2;3;23;-1.402567201841073;0;10;17;6;6;12;0;4;6;2;0;0;4;1;9;13;6;0;17;23;1.3597715039203264;3;0;3;13;6;20;-1.4316540755643095;2;6;3;2;21;0.008362661806488009;23;7.421568279923937;3;1;3;14;5;17;5;2;0;0;1;0;6;16;5;23;-5.734081163109266;5;4;11;4;0;6;15;5;16;2;6;3;2;10;20;3.959021836014322;4;3;6;11;0;3;4;4;4;10;6;3;3;4;15
EVAL_INSTANCE:9:0:180
EVAL_INSTANCE:9:1:181
EVAL_INSTANCE:9:2:182
EVAL_INSTANCE:9:3:183
EVAL_INSTANCE:9:4:184
EVAL_INSTANCE:9:5:185
EVAL_INSTANCE:9:6:186
EVAL_INSTANCE:9:7:187
EVAL_INSTANCE:9:8:188
EVAL_INSTANCE:9:9:189
RUN_RESULT:9:0:0:1:R
RUN_RESULT:9:1:0:4:R
RUN_RESULT:9:2:0:1:R
RUN_RESULT:9:3:0:1:R
RUN_RESULT:9:4:0:1:R
RUN_RESULT:9:5:0:1:R
RUN_RESULT:9:6:0:1:R
RUN_RESULT:9:7:0:1:R
RUN_RESULT:9:8:0:1:R
RUN_RESULT:9:9:0:1:R
    10 |      100 | -3.999000E+03 | -3.999000E+03
TRACK:190;40;22;0;0;2;1;2;5;5;0;4;6;22;3.134397997993591;0;2;12;17;6;20;-10.0;3;1;1;2;1;12;17;0;21;-9.888466406767382;16;1;6;8;0;9;21;-9.941137254131563;1;6;6;18;4;2;17;17;4;2;4;0;5;6;15;6;1;23;-5.497964479221673;21;7.990544085447896;0;2;25;13;4;1;2;14;22;-9.307835032386754;1;21;1.5524718577874146;11;0;2;6;0;2;4;1;15;22;10.0;3;0;25;24;5;3;5;22;-2.1698374351275453;4;3;0;6;6;8;4;0;13;16;2;4;4;0;2;3;22;-6.706081617611231;2;13;13;1;2;9;7;-2.6724716317245;4;10;1;0;4;6;1;19;16;4;6;3;24;3;4;4;3;20;7.425972656522747;3;4;0;3;4;2;5;5;9;2;3;18;2;14;17;1;6;5;2;4;25;3;7;1.0884823764169251;6;4;3;0;23;3.2896177496679133;21;-0.08612614169614592;0;4;0;4;4;3;2;0;1;22;-5.121241705035911;16;3;24;0;5;10;1;21;5.011519459692955;9;5;5;4;0;2;3;23;-1.564595416820972;0;10;17;6;6;12;0;4;6;2;0;0;4;1;22;2.3278295102518323;13;6;13;3;0;3;13;6;20;-1.3877149271177796;2;6;3;2;21;0.04896155113012132;23;7.280649853618894;3;1;3;14;5;17;5;2;0;0;1;0;6;16;5;23;-5.933679555384385;5;4;11;4;0;6;15;5;16;2;6;3;2;10;20;3.892278522807289;4;3;6;11;0;3;4;4;4;10;6;3;3;4;15
TRACK:191;40;22;0;0;2;1;2;5;5;0;4;6;22;3.1376024512846805;0;2;12;17;6;20;-10.0;3;1;1;2;1;12;17;0;21;-9.63984128905789;16;1;6;8;0;9;21;-9.867098248276442;1;6;6;18;4;2;17;17;4;2;4;0;5;6;15;6;1;23;-5.449767043999264;21;8.043334842495161;0;0;0;6;9;4;22;7.999507916025976;11;4;1;2;14;22;-9.267664248065293;1;21;1.5248170402603707;11;0;2;6;0;2;4;1;15;22;9.954364267228243;3;0;25;24;5;3;5;22;-2.209189173186143;4;3;0;6;6;8;4;0;13;16;2;4;4;0;2;3;22;-6.819861215437751;2;13;13;1;2;9;7;-2.6873312323527334;4;10;1;0;4;6;1;19;16;4;6;3;24;3;4;4;3;20;7.406384448560007;3;4;0;3;4;2;5;5;9;2;3;18;2;14;17;1;6;5;2;4;25;3;7;1.0742935709902692;6;4;3;0;23;3.3180493902352772;21;0.04331538805891093;0;4;0;4;4;3;2;0;1;22;-5.040863174515768;16;3;24;0;5;10;1;21;4.8234693908999455;9;5;5;4;0;2;3;23;-1.5515800139695248;0;10;17;6;6;12;0;4;6;2;0;0;4;1;22;2.3797083920447912;13;6;0;17;23;1.4588863613307284;3;0;3;13;6;20;-1.4448078098233221;2;6;3;2;21;0.05391093961299387;23;7.249809286006625;3;1;3;14;5;17;5;2;0;0;1;0;6;16;5;23;-5.831160241759271;5;4;11;4;0;6;15;5;16;2;6;3;2;10;20;4.001050580506401;4;3;6;11;0;3;4;4;4;10;6;3;3;4;15
TRACK:192;9;29;5;6;2;2;3;3;2;6;3;0;24;7;-5.849577638755394;1;0;0;21;-1.281303466344843;21;4.922607208510069;0;23;5.007203881741621;21;-5.8370457809316285;2;1;12;10;1;18;24;6;1;4;2;3;1;22;-8.140930522045164;9;2;0;20;-0.029403678051664883;21;6.576113996066624;5;9;5;5;4;6;23;-8.675700413732324;3;6;2;6;0;5;1;15;23;-5.827269548133917;2;4;21;-2.775791669689875;0;11;7;5.714236995607498;5;5;2;1;15;23;-5.928805437015097;5;7;1.5047018222999764
TRACK:193;9;29;5;6;2;2;3;3;2;6;3;0;24;7;-5.7699798291336934;1;0;0;21;-1.2012308372025036;21;4.947068466001405;23;9.844669177455938;2;1;12;10;1;18;24;6;1;4;2;3;1;22;-8.028277959779366;9;2;5;7;1.5047018222999764;5;9;4;12;3;6;2;6;0;5;2;12;24;2;4;21;-2.669381924670647;0;11;7;5.732114652766611;5;5;2;1;15;23;-5.827269548133917;5;7;1.527425361287737
TRACK:194;21;22;5;4;1;0;0;2;0;0;1;1;15;12;2;21;-0.5986427363710476;21;-2.850874645060475;0;1;20;4.553587795760294;9;5;14;1;5;4;19;1;1;15;12;5;13;0;3;5;5;20;6.670903505788042;0;4;4;10;5;2;25;17;4;2;6;4;3;25;1;3;1;10;17;6;0;11;20;-0.5463880321972979;5;2;4;3;2;6;21;-7.188924901505215;5;23;9.136524522467141;1;0;3;6;15;6;6;18;5;6;20;-3.6306182512761103;0;5;6;3;6;2;6;15;0;21;-0.8419750676653553;12;6;5;6;0;4;5;15;6;0;7;2.55348122767877;12
TRACK:195;21;22;0;0;2;1;2;5;5;0;4;6;22;3.1376024512846805;0;2;12;17;6;20;-10.0;3;1;1;2;1;12;17;0;12;16;1;6;8;0;9;21;-9.867098248276442;1;6;6;18;4;2;17;17;4;2;4;0;5;6;15;6;1;23;-5.449767043999264;21;8.043334842495161;0;0;0;6;9;4;22;7.999507916025976;11;4;1;2;14;22;-9.267664248065293;1;21;1.5248170402603707;11;0;2;6;0;2;4;1;15;22;9.954364267228243;3;0;25;24;5;3;5;22;-2.209189173186143;4;3;0;6;6;8;4;0;13;16;2;4;4;0;2;3;22;-6.819861215437751;2;13;13;1;2;9;7;-2.6873312323527334;4;10;1;0;4;6;1;19;16;4;6;3;24;3;4;4;3;20;7.406384448560007;3;4;0;3;4;2;5;5;9;2;3;18;2;14;17;1;6;5;2;4;25;3;7;1.0742935709902692;6;4;3;0;23;3.3180493902352772;21;0.04331538805891093;0;4;0;4;4;3;2;0;1;22;-5.040863174515768;16;3;24;0;5;10;1;21;4.8234693908999455;9;5;5;4;0;2;3;23;-1.5515800139695248;0;10;17;6;6;12;0;4;6;2;0;0;4;1;22;2.3797083920447912;13;6;0;17;23;1.4588863613307284;3;0;3;13;6;20;-1.4448078098233221;2;6;3;2;21;0.05391093961299387;23;7.249809286006625;3;1;3;14;5;17;5;2;0;0;1;0;6;16;5;23;-5.831160241759271;5;4;11;4;0;6;15;5;16;2;6;3;2;10;20;4.001050580506401;4;3;6;11;0;3;4;4;4;10;6;3;3;4;15
TRACK:196;40;2;0;0;2;1;2;5;5;0;4;6;22;3.134397997993591;0;2;12;17;6;20;-10.0;3;1;1;2;1;12;17;0;21;-9.888466406767382;16;1;6;8;0;9;21;-9.941137254131563;1;6;6;18;4;2;17;17;4;2;4;0;5;6;15;6;1;23;-5.497964479221673;21;7.990544085447896;0;2;25;13;4;1;2;14;22;-9.307835032386754;1;21;1.5524718577874146;11;0;2;6;0;2;4;1;15;22;10.0;3;0;25;24;5;3;5;22;-2.1698374351275453;4;3;0;6;6;8;4;0;13;16;2;4;4;0;2;3;22;-6.706081617611231;2;13;13;1;2;9;7;-2.6724716317245;4;10;1;0;4;6;1;19;16;4;6;3;24;3;4;4;3;20;7.425972656522747;3;4;0;3;4;2;5;5;9;2;3;18;2;14;17;1;6;5;2;4;25;3;7;1.0884823764169251;6;4;3;0;23;3.2896177496679133;21;-0.08612614169614592;0;4;0;4;4;3;2;0;1;22;-5.121241705035911;16;3;24;0;5;10;1;21;5.011519459692955;9;5;5;4;0;2;3;23;-1.564595416820972;0;10;17;6;6;12;0;4;6;2;0;0;4;1;22;2.3278295102518323;13;6;0;17;23;1.6101951698766477;3;0;3;13;6;20;-1.3877149271177796;2;6;3;0;13;16;3;1;3;14;5;17;5;2;0;0;1;0;6;16;5;23;-5.933679555384385;5;4;11;4;0;6;15;5;16;2;6;3;2;10;20;3.892278522807289;4;3;6;11;0;3;4;4;4;10;6;3;3;4;15
TRACK:197;40;2;0;0;2;1;2;5;5;0;4;6;22;3.031182817319767;0;2;12;17;6;20;-9.97192199972452;3;1;1;2;1;12;17;0;21;-9.7268871627489;16;1;6;8;0;9;21;-9.922376920258284;1;6;6;18;4;2;17;17;4;2;4;0;5;6;15;6;1;23;-5.309494411506693;21;8.071916500284814;0;0;0;6;9;4;22;8.086509638767492;4;3;23;5.5654648444773684;4;1;2;14;22;-9.18845994352155;1;21;1.4669552435428876;11;0;2;6;0;2;4;1;15;22;9.870899242591655;3;0;25;24;5;3;5;22;-2.2431516394546254;4;3;0;6;6;8;4;0;13;16;2;4;4;0;2;3;22;-6.743427261917745;2;13;13;1;2;9;7;-2.602109691432968;4;10;1;0;4;6;1;19;16;4;6;3;24;3;4;4;3;20;7.371409276066082;3;4;0;3;4;2;5;5;9;2;3;18;2;14;17;1;6;5;2;4;25;3;7;1.1674254552004832;6;4;3;0;23;3.3317529958480634;21;-0.0517577342614679;0;4;0;4;4;3;2;0;1;22;-4.979945431917779;16;3;24;0;5;10;1;21;4.760794254241617;9;5;5;4;0;2;3;23;-1.5080508963211194;0;10;17;6;6;12;0;4;6;2;0;0;4;1;22;2.295434000885752;13;6;0;17;23;1.515564816410702;3;0;1;11;19;6;20;-1.362300833729746;2;6;3;2;21;-0.08729096684811033;23;7.443187501011423;3;1;3;14;5;17;5;2;0;0;1;0;6;16;5;23;-5.702068437292375;5;1;22;-5.121241705035911;16;4;0;6;15;5;16;2;6;3;2;10;20;4.04547981344157;4;3;6;11;0;3;4;4;4;10;6;3;3;4;15
TRACK:198;23;21;0;0;2;1;2;5;5;0;4;6;22;3.2668285997442634;0;2;12;17;6;20;-9.903783146159224;3;1;4;18;1;6;6;18;4;2;17;17;4;2;4;0;5;6;15;6;1;23;-5.410079225211433;21;8.068355607108614;0;0;0;6;9;4;22;8.165444327069444;4;3;23;5.519606106470469;4;1;2;14;22;-9.220126882445513;1;21;1.442335188124866;11;0;2;6;0;2;4;1;19;22;9.955555360696286;3;0;25;24;5;3;5;22;-2.2491903281556564;4;3;0;6;6;8;4;0;13;16;2;4;4;0;2;3;22;-6.811671209203136;2;13;13;1;2;9;7;-2.592353913797836;4;10;1;0;4;6;1;19;16;4;6;3;24;3;4;4;3;20;7.239519644559551;3;4;0;3;4;2;5;5;9;2;3;18;2;14;17;1;6;5;2;4;25;3;7;1.1456949179435212;6;4;3;0;23;3.330070170700423;21;-0.18845299555283795;0;4;0;4;4;3;2;0;1;22;-5.081940191264003;16;3;24;0;5;10;1;21;4.804861897982282;9;5;5;4;0;2;3;23;-1.5335799730426882;0;10;17;6;6;12;0;4;6;2;0;0;4;1;22;2.3767243719283937;13;6;0;17;23;1.6478805854896297;3;0;1;11;19;6;20;-1.3685197526869093;2;6;3;2;21;-0.0795170768706592;23;7.384744177450713;3;1;3;14;5;17;5;2;0;0;1;0;6;16;5;23;-5.675644686082391;5;9;4;0;6;15;5;16;2;6;3;2;10;20;3.7856579658018195;4;3;6;11;0;3;4;4;4;10;6;3;3;4;15
TRACK:199;23;21;5;4;1;0;0;2;0;0;1;1;15;15;2;21;-0.5986427363710476;21;-2.850874645060475;0;1;20;4.553587795760294;9;5;14;1;5;4;19;1;1;15;12;5;13;0;3;5;5;20;6.670903505788042;0;4;4;10;5;2;25;17;4;2;6;4;3;25;1;3;4;15;6;0;11;20;-0.5463880321972979;5;2;4;3;2;6;21;-7.188924901505215;5;23;9.136524522467141;1;0;3;6;15;6;6;18;5;6;20;-3.6306182512761103;0;5;6;3;6;2;6;15;0;21;-0.8419750676653553;12;6;5;6;0;4;5;15;6;0;7;2.55348122767877;12
TRACK:200;190;-1;0;0;2;1;2;5;5;0;4;6;22;3.0904254351573566;0;2;12;17;6;20;-10.0;3;1;1;2;1;12;17;0;21;-9.819815547932667;16;1;6;8;0;9;21;-9.915913154038803;1;6;6;18;4;2;17;17;4;2;4;0;5;6;15;6;1;23;-5.47611962592571;21;8.088196356426671;0;2;25;13;4;1;2;14;22;-9.311804162439751;1;21;1.6520315023262864;11;0;2;6;0;2;4;1;15;22;10.0;3;0;25;24;5;3;5;22;-2.306307155322323;4;3;0;6;6;8;4;0;13;16;2;4;4;0;2;3;22;-6.528497310816617;2;13;13;1;2;9;7;-2.768914196831259;4;10;1;0;4;6;1;19;16;4;6;3;24;3;4;4;3;20;7.605424588974612;3;4;0;3;4;2;5;5;9;2;3;18;2;14;17;1;6;5;2;4;25;3;7;1.2050581736286032;6;4;3;0;23;2.9154543718454007;21;-0.05546828057148265;0;4;0;4;4;3;2;0;1;22;-5.09898368537961;16;3;24;0;5;10;1;21;4.765709063347995;9;5;5;4;0;2;3;23;-1.513011433385479;0;10;17;6;2;21;-1.216132788953729;11;0;4;6;2;0;0;4;1;22;2.434664005289091;13;6;13;3;0;3;13;6;20;-1.3032520990499143;2;6;3;2;21;0.06440084233487986;23;7.279574786242604;3;1;3;14;5;17;5;2;0;0;1;0;6;16;5;23;-5.919391448314491;5;4;11;4;0;6;15;5;16;2;6;3;2;10;20;3.8475439180608655;4;3;6;11;0;3;4;4;4;10;6;3;3;4;15
TRACK:201;192;-1;5;6;2;2;3;3;2;6;3;0;24;7;-6.002886902595475;1;0;0;21;-1.4477548419928055;21;4.9121421510106;0;23;5.10040136296453;21;-5.8990886978584625;2;1;12;10;1;18;24;6;1;4;2;3;1;22;-8.238046683505683;9;2;0;20;0.1355082899320857;21;6.55810237888103;5;9;5;5;4;6;23;-8.5681655605845;3;6;2;6;0;5;1;15;23;-5.926067167741601;2;3;7;7.477680913364264;0;11;7;5.694999619005557;5;5;2;1;15;23;-5.901504221826511;5;7;1.584935630464753
TRACK:202;194;-1;5;4;1;0;0;2;0;0;1;1;15;12;2;21;-0.6270690651299978;21;-2.766457994704322;0;1;20;4.630130284553811;9;5;14;1;5;4;19;1;1;15;12;5;13;0;3;5;5;20;6.770920163429898;0;4;4;10;5;2;25;17;4;2;6;4;3;25;1;3;1;10;17;6;0;11;20;-0.5466876195712966;5;2;4;3;2;6;21;-7.294842405939497;5;23;9.13450002262114;1;0;3;6;15;6;6;18;5;6;20;-3.4838840927951424;0;5;6;3;6;2;6;15;0;21;-0.7080262717231819;12;6;5;6;1;14;25
TRACK:203;196;-1;0;0;2;1;2;5;5;0;4;6;22;3.2589286516959266;0;2;12;17;6;20;-9.853876954316299;3;1;1;2;1;12;17;0;21;-9.861768922794955;16;1;6;8;0;9;21;-9.929276500604232;1;6;6;18;4;2;17;17;4;2;4;0;5;6;15;6;1;23;-5.514206804251394;21;8.028984113613463;0;2;25;13;4;1;2;14;22;-9.289925850277013;1;21;1.7136290830351804;11;0;2;6;0;2;4;1;15;22;9.801572315829358;3;0;25;24;5;3;5;22;-2.07225664635455;4;3;0;6;6;8;4;0;13;16;2;4;4;0;2;3;22;-6.7113720195005335;2;13;13;1;2;9;7;-2.6759173145671626;4;10;1;0;4;6;1;19;16;4;6;3;24;3;4;4;3;20;7.4139775719906496;3;4;0;3;4;2;5;5;9;2;3;18;2;14;17;1;6;5;2;4;25;3;7;1.1549174787141554;6;4;3;0;23;3.4342912103715104;21;0.050714877527247806;0;4;0;4;4;3;2;0;1;22;-5.019281566969404;16;3;24;0;5;10;1;21;4.9645083203254625;9;5;5;4;0;2;1;13;12;0;10;17;6;6;12;0;4;6;2;0;0;4;1;22;2.2751902240541186;13;6;0;17;23;1.7261764088939633;3;0;3;13;6;20;-1.390536230157535;2;6;3;0;13;16;3;1;3;14;5;17;5;2;0;0;1;0;6;16;5;23;-5.9725358255810175;5;4;11;4;0;6;15;5;16;2;6;3;2;10;20;4.156919469177504;4;3;6;11;0;3;4;4;4;10;6;3;3;4;15
TRACK:204;198;-1;0;0;2;1;2;5;5;0;4;6;22;3.1601520602159345;0;2;12;17;6;20;-10.0;3;1;4;18;1;6;6;18;4;2;17;17;4;2;4;0;5;6;15;6;1;23;-5.521920436729065;21;8.038037698148901;0;0;0;6;9;4;22;8.239504074008128;4;3;23;5.306046981479751;4;1;2;14;22;-9.140968373685755;1;21;1.346504775859417;11;0;2;6;0;2;4;1;19;22;9.937866195376115;3;0;25;24;5;3;5;22;-2.4471416604122904;4;3;0;6;6;8;4;0;13;16;2;4;4;0;2;3;22;5.8699348442342;2;13;13;1;2;9;7;-2.571540033092838;4;10;1;0;4;6;1;19;16;4;6;3;24;3;4;4;3;20;7.386329037321258;3;4;0;3;4;2;5;5;9;2;3;18;2;14;17;1;6;5;2;4;25;3;7;1.3138734138835708;6;4;3;0;23;3.420832485424275;21;0.020705298478902956;0;4;0;4;4;3;2;0;1;22;-5.071582369549565;16;3;24;0;5;10;1;21;4.727363040199626;9;5;5;4;0;2;3;23;-1.5948121757446412;0;10;17;6;6;12;0;4;6;2;0;0;4;1;22;2.599420893837581;13;6;0;17;23;1.6143283581575978;3;0;1;11;19;6;20;-1.3417010625827517;2;6;3;2;21;0.044232283194063374;23;7.300908052794008;3;1;3;14;5;17;5;2;0;0;1;0;6;16;5;23;-5.61955216149757;5;9;4;0;6;15;5;16;2;6;3;2;10;20;3.6970663695220956;4;3;6;11;0;3;4;4;4;10;6;3;3;4;15
TRACK:205;191;-1;0;0;2;1;2;5;5;0;4;6;22;3.1080967043347565;0;2;12;17;6;20;-10.0;3;1;4;6;5;18;1;6;6;18;4;2;17;17;4;2;4;0;5;6;15;6;1;23;-5.339999315481869;21;8.187102218300568;0;0;0;6;9;4;22;7.941221404032103;11;4;1;2;14;22;-9.137296231799144;1;21;1.455962589258108;11;0;2;6;0;2;4;1;15;22;9.916170171848371;3;0;25;24;5;3;5;22;-2.346012793192883;4;3;0;6;6;8;4;0;13;16;2;4;4;0;2;3;22;-6.743161363473891;2;13;13;1;2;9;7;-2.893134563937145;4;10;1;0;4;6;1;19;16;4;6;3;24;3;4;4;3;20;7.253600776563002;3;4;0;3;4;2;5;5;9;2;3;18;2;14;17;1;6;5;2;4;25;3;7;1.2450832850550855;6;4;3;0;23;3.4342033756344286;21;-0.0381190529187659;0;4;0;4;4;3;2;0;1;22;-5.070971348737273;16;3;24;0;5;10;1;21;4.92235038177266;9;5;5;4;0;2;3;23;-1.415972532279341;0;10;17;6;6;12;0;4;6;2;0;0;4;1;22;2.4316332848660167;13;6;0;17;23;1.5320593836886072;3;0;3;13;6;20;-1.498814415628106;2;6;3;2;21;0.22118405471596497;23;7.078106593134049;3;1;3;14;5;17;5;2;0;0;1;0;6;16;5;23;-5.8573987089440696;5;4;11;4;0;6;15;5;16;2;6;3;2;10;20;4.0208932968544095;4;3;6;11;0;3;4;4;4;10;6;3;3;4;15
TRACK:206;193;-1;5;6;2;2;3;3;2;6;3;0;24;7;-5.772299077676195;1;0;0;21;-1.2869832846697822;21;4.954555653997162;4;15;2;1;12;10;1;18;24;6;1;4;2;3;1;22;-8.109657234462981;9;2;5;7;1.5088433661149636;5;9;4;12;3;6;2;6;0;5;2;12;24;2;4;21;-2.7678407941050103;0;11;7;5.8004188974112445;5;5;2;1;15;23;-5.709599363368832;5;7;1.464276917054674
TRACK:207;195;-1;0;0;2;1;2;5;5;0;4;6;22;3.2405805129161163;0;2;12;17;6;20;-10.0;3;1;1;2;1;12;17;0;12;16;1;6;8;0;9;21;-10.0;1;6;6;18;4;2;17;17;4;2;4;0;5;6;15;6;1;23;-5.509615120407301;21;8.103106770332708;0;0;0;6;9;4;22;7.982034099039378;11;4;1;2;14;22;-9.31026610443345;1;21;1.4671886213161234;11;0;2;6;0;2;4;1;15;22;9.700833782803276;3;0;25;24;5;3;5;22;-2.1448785632414715;4;3;0;6;6;8;4;0;13;16;2;4;4;0;2;3;22;-6.838201918354475;2;13;13;1;2;9;7;-2.637615724735115;4;10;1;0;4;6;1;19;16;4;6;3;24;3;4;4;3;20;7.426155242156365;3;4;0;3;4;2;5;5;9;2;3;18;2;14;17;1;6;5;2;4;25;3;7;1.0663112575842923;6;4;3;0;23;3.2687436726117958;21;-0.12480621728051534;0;4;0;4;4;3;2;0;1;22;-5.114889294705234;16;3;24;0;5;10;1;23;5.08338349846899;9;5;5;4;0;2;3;23;-1.5951446309660673;0;10;17;6;6;12;0;4;6;2;0;0;4;1;22;2.372334288444241;13;6;0;17;23;1.400950105225724;3;0;3;13;6;20;-1.5204405091909114;2;6;3;2;21;0.060181824050826026;23;7.132112085649009;3;1;3;14;5;17;5;2;0;0;1;0;6;16;5;23;-5.794848553289685;5;4;11;4;0;6;15;5;16;2;6;3;2;10;20;3.93166321730703;4;3;6;11;0;3;4;4;4;10;6;3;3;4;15
TRACK:208;197;-1;0;0;2;1;2;5;5;0;4;6;22;3.000155273558813;0;2;12;17;6;20;-9.954805966375298;3;1;1;2;1;12;22;1.1329016298757093;0;21;-9.699257260416296;16;1;6;8;0;9;21;-9.87781498644176;1;6;6;18;4;2;17;17;4;2;4;0;5;6;15;6;1;23;-5.191034722982763;21;8.069327448126309;0;0;0;6;9;4;22;8.061891110850516;4;3;23;5.605036419592856;4;1;2;14;22;-9.21968994679492;1;21;1.5431406900277873;11;0;2;6;0;2;4;1;15;22;9.893290127541245;3;0;25;24;5;3;5;22;-2.2400286776192124;4;3;0;6;6;8;4;0;13;16;2;4;4;0;2;3;22;-6.656429359845734;2;13;13;1;2;9;7;-2.6213723109414633;4;10;1;0;4;6;1;19;16;4;6;3;24;3;4;4;3;20;7.289771673644114;3;4;0;3;4;2;5;5;9;2;3;18;2;14;17;1;6;5;2;4;25;3;7;1.0192049770131468;6;4;3;0;23;3.4170259615993177;21;-0.21201453544471208;0;4;0;4;4;3;2;0;1;22;-5.122324032978859;16;3;24;0;5;10;1;21;4.713742035800659;9;5;5;4;0;2;3;23;-1.6675042031402798;0;10;17;6;6;12;0;4;6;2;0;0;4;1;22;2.1852975876208127;13;6;0;17;23;1.6849439159127795;3;0;1;11;19;6;20;-1.4219161340600117;2;6;3;2;21;0.008406255542902002;23;7.461224248723951;3;1;3;14;5;17;5;2;0;0;1;0;6;16;5;23;-5.8724204756882585;5;1;22;-5.251229953894636;16;4;0;6;15;5;16;2;6;3;2;10;20;4.199294994572817;4;3;6;11;0;3;4;4;4;10;6;3;3;4;15
TRACK:209;199;-1;5;4;1;0;0;2;0;0;1;1;15;15;2;21;-0.649473963890128;21;-2.9501775540438175;0;1;20;4.533210776720411;9;5;14;1;5;4;19;1;1;15;12;5;13;0;3;5;5;20;6.640653743643294;0;4;4;10;5;2;25;17;4;2;6;4;3;25;1;3;1;25;8;6;0;11;20;-0.6258890747595552;5;2;4;3;2;6;21;-7.244377318197144;5;23;9.13865693994781;1;0;3;6;15;6;6;18;5;6;20;-3.6710841710326987;0;5;6;3;6;2;6;15;0;21;-0.8601371009178953;12;6;5;6;0;4;5;15;6;0;7;2.5334708960912553;12
EVAL_INSTANCE:10:0:200
EVAL_INSTANCE:10:1:201
EVAL_INSTANCE:10:2:202
EVAL_INSTANCE:10:3:203
EVAL_INSTANCE:10:4:204
EVAL_INSTANCE:10:5:205
EVAL_INSTANCE:10:6:206
EVAL_INSTANCE:10:7:207
EVAL_INSTANCE:10:8:208
EVAL_INSTANCE:10:9:209
RUN_RESULT:10:0:0:1:R
RUN_RESULT:10:1:0:1:R
RUN_RESULT:10:2:0:1:R
RUN_RESULT:10:3:0:1:R
RUN_RESULT:10:4:0:1:R
RUN_RESULT:10:5:0:1:R
RUN_RESULT:10:6:0:1:R
RUN_RESULT:10:7:0:1:R
RUN_RESULT:10:8:0:1:R
RUN_RESULT:10:9:0:1:R
    11 |      110 | -3.999000E+03 | -3.999000E+03
TRACK:210;23;22;0;0;2;1;2;5;5;0;4;6;22;3.2668285997442634;0;2;12;17;6;20;-9.903783146159224;3;1;4;18;1;6;6;18;4;2;17;17;4;2;4;0;5;6;15;6;1;23;-5.410079225211433;21;8.068355607108614;0;0;0;6;9;4;22;8.165444327069444;4;3;23;5.519606106470469;4;1;2;14;22;-9.220126882445513;1;21;1.442335188124866;11;0;2;6;0;2;4;1;15;22;9.955555360696286;3;0;25;24;5;3;5;22;-2.2491903281556564;4;3;0;6;6;8;4;0;13;16;2;4;4;0;2;3;22;-6.811671209203136;2;13;13;1;2;9;7;-2.592353913797836;4;10;1;0;4;6;1;19;16;4;6;3;24;3;4;4;3;20;7.239519644559551;3;4;0;3;4;2;5;5;9;2;3;18;2;14;17;1;6;5;2;4;25;3;7;1.1456949179435212;6;4;3;0;23;3.330070170700423;21;-0.18845299555283795;0;4;0;4;4;3;2;0;1;22;-5.081940191264003;16;3;24;0;5;10;1;21;4.804861897982282;9;5;5;4;0;2;3;23;-1.5335799730426882;0;10;22;-6.819861215437751;6;6;12;0;4;6;2;0;0;4;1;22;2.3767243719283937;13;6;0;17;23;1.6478805854896297;3;0;1;11;19;6;20;-1.3685197526869093;2;6;3;2;21;-0.0795170768706592;23;7.384744177450713;3;1;3;14;5;17;5;2;0;0;1;0;6;16;5;23;-5.675644686082391;5;9;4;0;6;15;5;16;2;6;3;2;10;20;3.7856579658018195;4;3;6;11;0;3;4;4;4;10;6;3;3;4;15
TRACK:211;23;22;0;0;2;1;2;5;5;0;4;6;22;3.1376024512846805;0;2;12;17;6;20;-10.0;3;1;1;2;1;12;17;0;21;-9.63984128905789;16;1;6;8;0;9;21;-9.867098248276442;1;6;6;18;4;2;17;17;4;2;4;0;5;6;15;6;1;23;-5.449767043999264;21;8.043334842495161;0;0;0;6;9;4;22;7.999507916025976;11;4;1;2;14;22;-9.267664248065293;1;21;1.5248170402603707;11;0;2;6;0;2;4;1;15;22;9.954364267228243;3;0;25;24;5;3;5;22;-2.209189173186143;4;3;0;6;6;8;4;0;13;16;2;4;4;0;2;3;22;-6.819861215437751;2;13;13;1;2;9;7;-2.6873312323527334;4;10;1;0;4;6;1;19;16;4;6;3;24;3;4;4;3;20;7.406384448560007;3;4;0;3;4;2;5;5;9;2;3;18;2;14;17;1;6;5;2;4;25;3;7;1.0742935709902692;6;4;3;0;23;3.3180493902352772;21;0.04331538805891093;0;4;0;4;4;3;2;0;1;22;-5.040863174515768;16;3;24;0;5;10;1;21;4.8234693908999455;9;5;5;4;0;2;3;23;-1.5515800139695248;0;10;17;6;6;12;0;4;6;2;0;0;4;1;22;2.3797083920447912;13;6;0;17;23;1.4588863613307284;3;0;3;13;6;20;-1.4448078098233221;22;2.3767243719283937;5;2;0;0;1;0;6;16;5;23;-5.831160241759271;5;4;11;4;0;6;15;5;16;2;6;3;2;10;20;4.001050580506401;4;3;6;11;0;3;4;4;4;10;6;3;3;4;15
TRACK:212;28;2;5;0;2;6;0;2;4;1;15;22;9.870899242591655;3;0;25;24;5;3;5;22;-2.2431516394546254;4;3;0;6;6;8;4;0;13;16;2;4;4;0;2;3;22;-6.743427261917745;2;13;13;1;2;9;7;-2.602109691432968;4;10;1;0;4;6;1;19;16;4;6;3;24;3;4;4;3;20;7.371409276066082
TRACK:213;28;2;0;0;2;1;2;5;5;0;4;6;22;3.031182817319767;0;2;12;17;6;20;-9.97192199972452;3;1;1;2;1;12;17;0;21;-9.7268871627489;16;1;6;8;0;9;21;-9.922376920258284;1;6;6;18;4;2;17;17;4;2;4;0;5;6;15;6;1;23;-5.309494411506693;21;8.071916500284814;0;0;0;6;9;4;22;8.086509638767492;4;3;23;5.5654648444773684;4;1;2;14;22;-9.18845994352155;1;21;1.4669552435428876;11;0;2;6;0;2;4;1;15;22;9.870899242591655;3;0;25;24;5;3;5;22;-2.2431516394546254;4;3;0;6;6;8;4;0;13;16;2;4;4;0;2;3;22;-6.743427261917745;2;13;13;1;2;9;7;-2.602109691432968;4;10;1;0;4;6;1;19;16;4;6;3;24;3;4;4;3;20;7.371409276066082;3;4;0;3;4;2;5;5;9;2;3;18;2;14;17;1;6;5;2;4;25;3;7;1.1674254552004832;6;4;3;0;23;3.3317529958480634;21;-0.0517577342614679;0;4;0;4;4;3;2;0;1;22;-4.979945431917779;16;3;24;0;5;10;1;21;4.760794254241617;9;5;5;4;0;2;3;23;-1.5080508963211194;0;10;17;6;6;12;0;4;6;2;0;0;4;1;22;2.295434000885752;13;6;0;17;23;1.515564816410702;3;0;1;11;19;6;20;-1.362300833729746;2;6;3;2;21;-0.08729096684811033;23;7.443187501011423;3;1;3;14;5;17;5;2;0;0;1;0;6;16;5;23;-5.702068437292375;5;4;11;4;2;6;21;-7.40638894996376;5;23;9.09974364047189;2;6;3;2;10;20;4.04547981344157;4;3;6;11;0;3;4;4;4;10;6;3;3;4;15
TRACK:214;3;9;5;4;1;0;0;2;0;0;1;1;15;15;2;8;21;-2.8997289864945985;0;1;20;4.429039226398494;9;5;14;1;5;4;19;1;1;15;12;5;13;0;3;5;5;20;6.640142898363042;0;4;4;10;5;2;25;17;4;2;6;4;3;25;1;3;1;10;17;6;0;11;20;-0.46712305459492676;5;2;4;3;2;6;21;-7.213051363293035;5;23;8.987989424121196;1;0;3;6;15;6;6;18;18;0;5;6;3;6;2;6;15;0;21;-1.033545478096766;12;6;5;6;0;4;5;15;6;0;7;2.421066302104329;12
TRACK:215;3;9;5;6;2;2;3;3;2;6;3;0;24;7;-5.849577638755394;1;0;0;21;-1.281303466344843;21;4.922607208510069;0;23;5.007203881741621;21;-5.8370457809316285;2;1;12;10;1;18;24;6;1;4;2;3;1;22;-8.140930522045164;9;2;0;20;-0.029403678051664883;21;6.576113996066624;5;9;5;5;4;6;23;-8.675700413732324;3;6;18
TRACK:216;3;40;5;4;1;0;0;2;0;0;1;1;15;15;2;8;21;-2.8997289864945985;0;1;20;4.429039226398494;9;5;14;1;5;4;19;1;1;15;12;22;-2.1698374351275453;0;3;5;5;20;6.640142898363042;0;4;4;10;5;2;25;17;4;2;6;4;3;25;1;3;1;10;17;6;0;11;20;-0.46712305459492676;5;2;4;3;2;6;21;-7.213051363293035;5;23;8.987989424121196;1;0;3;6;15;6;6;18;2;5;1;21;-7.606383624926931;10;4;2;21;-2.4748086995170837;12;0;5;6;3;6;2;6;15;0;21;-1.033545478096766;12;6;5;6;0;4;5;15;6;0;7;2.421066302104329;12
TRACK:217;3;40;0;0;2;1;2;5;5;0;4;6;22;3.134397997993591;0;2;12;17;6;20;-10.0;3;1;1;2;1;12;17;0;21;-9.888466406767382;16;1;6;8;0;9;21;-9.941137254131563;1;6;6;18;4;2;17;17;4;2;4;0;5;6;15;6;1;23;-5.497964479221673;21;7.990544085447896;0;2;25;13;4;1;2;14;22;-9.307835032386754;1;21;1.5524718577874146;11;0;2;6;0;2;4;1;15;22;10.0;3;0;25;24;5;3;5;22;-2.1698374351275453;4;3;0;6;6;21;-2.4748086995170837;4;0;13;16;2;4;4;0;2;3;22;-6.706081617611231;2;13;13;1;2;9;7;-2.6724716317245;4;10;1;0;4;6;1;19;16;4;6;3;24;3;4;4;3;20;7.425972656522747;3;4;0;3;4;2;5;5;9;2;3;18;2;14;17;1;6;5;2;4;25;3;7;1.0884823764169251;6;4;3;0;23;3.2896177496679133;21;-0.08612614169614592;0;4;0;4;4;3;2;0;1;22;-5.121241705035911;16;3;24;0;5;10;1;21;5.011519459692955;9;5;5;4;0;2;3;23;-1.564595416820972;0;10;17;6;6;12;0;4;6;2;0;0;4;1;22;2.3278295102518323;13;6;0;17;23;1.6101951698766477;3;0;3;13;6;20;-1.3877149271177796;2;6;3;2;21;0.04896155113012132;23;7.280649853618894;3;1;3;14;5;17;5;2;0;0;1;0;6;16;5;23;-5.933679555384385;5;4;11;4;0;6;15;5;16;2;6;3;2;10;20;3.892278522807289;4;3;6;11;0;3;4;4;4;10;6;3;3;4;15
TRACK:218;29;25;5;6;2;2;3;3;2;7;-5.925200892751493;1;0;0;21;-1.2012308372025036;21;4.947068466001405;23;9.844669177455938;2;1;12;10;1;18;24;6;1;4;2;3;1;22;-8.028277959779366;9;2;0;20;-0.05479148019335178;21;6.534412063832682;5;9;4;12;3;6;2;6;0;5;2;12;24;2;4;21;-2.669381924670647;0;11;7;5.732114652766611;5;5;2;1;15;23;-5.827269548133917;5;7;1.527425361287737
TRACK:219;29;25;5;6;2;2;3;3;2;6;3;0;24;7;-5.925200892751493;1;0;0;21;-1.3488400063729067;9;0;23;4.993208176989911;21;-5.826206252100551;2;1;12;10;24;6;1;4;2;3;1;22;-7.995760844036555;9;2;0;20;-0.06391852874862233;21;6.495897404272404;5;9;5;5;4;6;23;-8.665986726034827;3;6;2;6;0;5;2;12;24;2;4;21;-2.9267110007728876;0;11;7;5.642581421030729;5;5;2;1;15;23;-5.86369986010157;5;7;1.4792654408197785
TRACK:220;210;-1;0;0;2;1;2;5;5;0;4;6;22;3.306313718592642;0;2;12;17;6;20;-9.842719167650962;3;1;4;18;1;6;6;18;4;2;17;17;4;2;4;0;5;6;15;6;1;23;-5.274272660239291;21;8.034985517487721;0;0;0;6;9;4;22;8.131407694134168;4;3;23;5.535577472172917;4;1;2;14;22;-9.035929209349378;1;21;1.4258985013629084;11;0;2;6;0;2;4;1;15;22;9.964105843107347;3;0;25;24;5;3;5;22;-2.282407412878312;4;3;0;6;6;8;4;0;13;16;2;4;4;0;2;3;22;-6.846722222060778;2;13;13;1;2;9;7;-2.640635412201532;4;10;1;0;4;6;1;19;16;4;6;3;24;3;4;4;3;20;7.223213733194055;3;4;0;3;4;2;5;5;9;2;3;18;2;14;17;1;6;5;2;4;25;3;7;0.856906764381844;6;4;3;0;23;3.240308304402971;21;0.01903729621743311;0;4;0;4;4;3;2;0;1;22;-4.983606199791977;16;3;24;0;5;10;1;21;4.852312265015109;9;5;5;4;0;2;3;23;-1.449727720697599;0;10;22;-6.7059598152178665;6;6;12;0;4;6;2;0;6;19;3;0;1;11;19;6;20;-1.3671917851628343;2;6;3;2;21;-0.012063942543665607;23;7.368273654112593;3;1;3;14;5;17;5;2;0;0;1;0;6;16;5;23;-5.760229835274665;5;9;4;0;6;15;5;16;2;6;3;2;10;20;3.8433902176032135;4;3;6;11;0;3;4;4;4;10;6;3;3;4;15
TRACK:221;212;-1;5;0;2;6;0;2;4;1;15;22;9.91589682185438;3;0;25;24;5;3;5;22;-2.2688070836895533;4;3;0;6;6;8;4;0;13;16;2;4;4;0;2;3;22;-6.77551496639251;2;13;13;1;2;9;0;10;18;4;10;1;0;4;6;1;19;16;4;6;3;24;3;4;4;3;20;7.2784629947064765
TRACK:222;214;-1;5;4;1;0;0;2;0;0;1;1;15;15;2;8;21;-2.9896588250789433;0;1;20;4.466728527467065;9;5;14;1;5;4;14;1;1;15;12;5;13;0;3;5;5;20;6.697370433410638;0;4;4;10;5;2;25;17;4;2;6;4;3;25;1;3;1;10;17;6;0;11;20;-0.2838507724644408;5;2;4;3;2;6;21;-7.2093390065214615;5;23;9.002219738216706;1;0;3;6;15;6;6;18;18;0;5;6;3;6;2;6;15;0;21;-1.0110885241303027;12;6;5;6;0;4;5;15;6;0;7;2.3218328011378153;12
TRACK:223;216;-1;5;4;1;0;0;2;0;0;1;1;15;15;2;8;21;-2.9462936859956677;0;1;20;4.231174419871839;9;5;14;1;5;4;19;1;1;15;12;22;-2.225671809167411;0;3;5;5;20;6.734876438673537;0;4;4;10;5;2;25;17;4;2;6;4;3;25;1;3;1;10;17;6;0;11;20;-0.2956517232083937;5;2;4;3;2;6;21;-7.14402675864454;5;23;8.97612402668696;1;0;3;6;15;6;6;18;2;5;1;21;-7.630654026266783;10;4;2;21;-2.3258775377183754;12;0;5;6;3;6;2;6;15;0;21;-1.0159857326626578;12;6;5;6;0;4;5;15;1;4;20;-7.805800980504105;4;24
TRACK:224;29;-1;5;6;2;2;3;3;2;6;3;0;24;7;-5.772949929767618;1;0;0;21;-1.234656687994949;21;4.974776444262146;23;9.69231211254292;2;1;12;10;1;18;24;6;1;4;2;3;1;22;-8.224787853097887;9;2;0;20;0.036556025763705466;21;6.528666879776226;5;9;4;12;3;6;2;6;0;5;2;12;12;2;4;21;-2.524155801228811;0;11;7;5.729169958096146;5;5;2;1;15;23;-5.8730974761126715;5;7;1.4423886123257637
TRACK:225;211;-1;0;0;2;1;2;5;5;0;4;6;22;3.1197332997915344;0;2;12;17;6;20;-9.890564781145706;3;1;1;2;1;12;17;0;21;-9.698835935396126;16;1;6;8;0;9;21;-9.894517107958894;1;6;6;18;4;2;17;17;4;2;4;0;5;6;15;6;1;23;-5.398170454671458;21;8.114822505958658;0;0;0;6;9;4;22;7.96827400120868;11;4;1;2;14;22;-9.1656919042163;1;21;1.2392654374685526;11;0;2;6;0;2;4;1;15;22;10.0;3;0;25;24;5;3;5;22;-2.2041247844965826;4;3;0;6;6;8;4;0;13;16;2;4;4;0;2;3;22;-6.568457405782861;2;13;13;1;2;9;7;-2.6746580751049653;4;10;1;0;4;6;1;19;9;4;6;3;24;3;4;4;3;20;7.415390720275972;3;4;0;3;4;2;5;5;9;2;3;18;2;14;17;1;6;5;2;4;25;3;7;1.107435653199423;6;4;3;0;23;3.3186089050889973;21;0.13054523000574292;0;4;0;4;4;3;2;0;1;22;-4.952693020598013;16;3;24;0;5;10;1;21;4.747872388750731;9;5;5;4;0;2;3;23;-1.655212646935888;0;10;17;6;6;12;0;4;6;2;0;0;4;1;22;2.377188234200137;13;6;0;17;23;1.48084418320261;3;0;3;13;6;20;-1.4579587412743928;22;2.602254527205863;5;2;0;0;1;0;6;16;5;23;-5.815146506069563;5;4;11;4;0;6;15;5;16;2;6;3;2;10;20;3.9219176074114075;4;3;6;11;0;3;4;4;4;10;6;3;3;4;15
TRACK:226;213;-1;0;0;2;1;2;5;5;0;4;6;22;2.9755330882801876;0;2;12;17;6;20;-9.902820570014265;3;1;1;2;1;12;17;0;21;-9.790263712174909;16;1;6;8;0;9;21;-9.926533922761665;1;6;6;18;4;2;17;17;4;2;4;0;5;6;15;6;1;23;-5.360520858186128;21;8.021977238197204;0;0;0;6;9;4;22;7.910877024291262;4;3;23;5.393342768668305;4;1;2;14;22;-9.093372850266494;1;21;1.3475074379460268;11;0;2;6;0;2;4;1;15;22;10.0;3;0;25;24;5;3;5;22;-2.285460164920724;4;3;0;6;6;8;4;0;13;16;2;4;4;0;2;3;22;-6.790958607741534;2;13;13;1;2;9;7;-2.5049378456719644;4;10;1;0;4;6;1;19;16;4;6;3;24;3;4;4;3;20;7.240202186040321;3;4;0;3;4;2;5;5;9;2;3;18;2;14;17;1;6;5;2;4;25;3;7;1.1103683960993187;6;4;3;0;23;3.3419786407589385;21;0.027732591777116622;0;4;0;4;4;3;2;0;1;22;-5.050725623034366;25;3;24;0;5;10;1;21;4.799119033277177;9;5;5;4;0;2;3;23;-1.3797578360009575;0;10;17;6;6;12;0;4;6;2;0;0;4;1;22;2.3317750324348006;13;6;0;17;23;1.3855051226219006;3;0;1;11;19;6;20;-1.0461382424734056;2;6;3;2;21;0.06763514606746646;23;7.427023786167131;3;1;3;14;5;17;5;2;0;0;1;0;6;16;5;23;-5.747421865208773;5;4;11;4;2;6;21;-7.395072474282958;5;23;9.15693823004728;2;6;3;2;10;20;3.964489662336986;4;3;6;11;0;3;4;4;4;10;6;3;3;4;15
TRACK:227;215;-1;5;6;2;2;3;3;2;6;3;2;13;21;7.4995105158952775;1;0;0;21;-1.1398048895108142;21;4.857111526443715;0;23;5.0973151476521785;21;-5.805432722405497;2;1;12;10;1;18;24;6;1;4;2;3;1;22;-8.149354473719985;9;2;0;20;-0.1375632976493788;21;6.4560812278622635;5;9;5;5;4;6;23;-8.866876935160473;3;6;18
TRACK:228;217;-1;0;0;2;1;2;5;5;0;4;6;22;3.083648100487471;0;2;12;17;6;20;-10.0;3;1;1;2;1;12;17;0;21;-9.947187622155651;16;1;6;8;0;9;21;-10.0;1;6;6;18;4;2;17;17;4;2;4;0;5;6;15;6;1;23;-5.397584352401309;21;8.023986252507708;0;2;25;13;4;1;2;14;22;-9.374981559409857;3;24;0;2;6;0;2;4;1;15;22;9.92861232795461;3;0;25;24;5;3;5;22;-2.1573416067267024;4;3;0;6;6;21;-2.5658372635478144;4;0;13;16;2;4;4;0;2;3;22;-6.62934120740335;2;13;13;1;2;9;7;-2.692744784309257;4;10;1;0;4;6;1;19;16;4;6;3;24;3;4;4;3;20;7.485630720984331;3;4;0;3;4;2;5;5;9;2;3;18;2;14;17;1;6;5;2;4;25;3;7;0.955343866519363;6;4;3;0;23;3.1066078508021806;21;-0.17613094256958278;0;4;0;4;4;3;2;0;1;22;-5.135605892064129;16;3;24;0;5;10;1;21;4.952208756999135;9;5;5;4;0;2;3;23;-1.5487354400181008;0;10;17;6;6;12;0;4;6;2;0;0;4;1;22;2.324954649517473;13;6;0;17;23;1.5006622593144534;3;0;3;13;6;20;-1.2690320512980868;2;6;3;2;21;0.08052968286338197;23;7.375743166263252;3;1;3;14;5;17;5;2;0;0;1;0;6;16;5;23;-6.014462270349932;5;4;11;4;0;6;15;5;16;2;6;3;2;10;20;3.7497275424074923;4;3;6;11;0;3;4;4;4;10;6;3;3;4;15
TRACK:229;25;-1;5;6;2;2;3;3;2;6;3;0;24;7;-6.112476064863639;1;0;0;21;-1.237045916910057;9;0;23;5.111708200560534;21;-5.861938378247904;2;1;12;10;1;10;24;6;1;4;2;3;1;22;-7.946356184625749;9;2;0;20;-0.017775022715162007;21;6.751441125698574;5;9;5;5;4;6;23;-8.630395962619566;3;6;2;6;0;5;2;12;24;2;6;22;3.751519364210761;0;11;7;5.636044942464825;5;5;2;1;15;23;-5.810388197136507;5;7;1.3638961326274057
EVAL_INSTANCE:11:0:220
EVAL_INSTANCE:11:1:221
EVAL_INSTANCE:11:2:222
EVAL_INSTANCE:11:3:223
EVAL_INSTANCE:11:4:224
EVAL_INSTANCE:11:5:225
EVAL_INSTANCE:11:6:226
EVAL_INSTANCE:11:7:227
EVAL_INSTANCE:11:8:228
EVAL_INSTANCE:11:9:229
RUN_RESULT:11:0:0:1:R
RUN_RESULT:11:1:0:28:R
RUN_RESULT:11:2:0:1:R
RUN_RESULT:11:3:0:1:R
RUN_RESULT:11:4:0:1:R
RUN_RESULT:11:5:0:1:R
RUN_RESULT:11:6:0:1:R
RUN_RESULT:11:7:0:2000:----
RUN_RESULT:11:8:0:1:R
RUN_RESULT:11:9:0:28:R
    12 |      120 | -3.999000E+03 | -3.999000E+03
TRACK:230;21;25;5;4;1;0;0;2;0;0;1;1;15;15;2;21;-0.5986427363710476;21;-2.850874645060475;0;1;20;4.553587795760294;9;5;14;1;5;4;19;1;1;15;12;5;13;0;3;5;5;20;6.670903505788042;0;2;1;15;23;-5.86369986010157;5;7;1.4792654408197785;5;2;25;17;4;2;6;4;3;25;1;3;1;10;17;6;0;11;20;-0.5463880321972979;5;2;4;3;2;6;21;-7.188924901505215;5;23;9.136524522467141;1;0;3;6;15;6;6;18;5;6;20;-3.6306182512761103;0;5;6;3;6;2;6;15;0;21;-0.8419750676653553;12;6;5;6;0;4;5;15;6;0;7;2.55348122767877;12
TRACK:231;21;25;5;6;2;2;3;3;2;6;3;0;24;7;-5.925200892751493;1;0;0;21;-1.3488400063729067;9;0;23;4.993208176989911;25;2;1;12;10;1;10;24;6;1;4;2;3;1;22;-7.995760844036555;9;2;0;20;-0.06391852874862233;21;6.495897404272404;5;9;5;5;4;6;23;-8.665986726034827;3;6;2;6;0;5;2;12;24;2;4;21;-2.9267110007728876;0;11;7;5.642581421030729;5;5;2;1;15;23;-5.86369986010157;5;7;1.4792654408197785
TRACK:232;23;22;0;0;2;1;2;5;5;0;4;6;22;3.2668285997442634;0;2;12;17;6;20;-9.903783146159224;3;1;4;18;1;6;6;18;4;2;17;17;4;2;4;0;5;6;15;6;1;23;-5.410079225211433;21;8.068355607108614;0;0;0;6;9;4;22;8.165444327069444;4;3;23;5.519606106470469;4;1;2;14;22;-9.220126882445513;1;21;1.442335188124866;11;0;2;6;0;2;4;1;15;22;9.955555360696286;3;0;25;24;5;3;5;22;-2.2491903281556564;4;3;0;6;6;8;4;0;13;16;2;4;4;0;2;3;22;-6.811671209203136;2;13;13;1;2;9;7;-2.592353913797836;4;10;1;0;4;2;17;17;4;6;3;24;3;4;4;3;20;7.239519644559551;3;4;0;3;4;2;5;5;9;2;3;18;2;14;17;1;6;5;2;4;25;3;7;1.1456949179435212;6;4;3;0;23;3.330070170700423;21;-0.18845299555283795;0;4;0;4;4;3;2;0;1;22;-5.081940191264003;16;3;24;0;5;10;1;21;4.804861897982282;9;5;5;4;0;2;3;23;-1.5335799730426882;0;10;17;6;6;12;0;4;6;2;0;0;4;1;22;2.3767243719283937;13;6;0;17;23;1.6478805854896297;3;0;1;11;19;6;20;-1.3685197526869093;2;6;3;2;21;-0.0795170768706592;23;7.384744177450713;3;1;3;14;5;17;5;2;0;0;1;0;6;16;5;23;-5.675644686082391;5;9;4;0;6;15;5;16;2;6;3;2;10;20;3.7856579658018195;4;3;6;11;0;3;4;4;4;10;6;3;3;4;15
TRACK:233;23;22;0;0;2;1;2;5;5;0;4;6;22;3.1376024512846805;0;2;12;17;6;20;-10.0;3;1;1;2;1;12;17;0;21;-9.63984128905789;16;1;6;8;0;9;21;-9.867098248276442;1;6;6;18;4;2;17;17;4;2;4;0;5;6;15;6;1;23;-5.449767043999264;21;8.043334842495161;0;0;0;6;9;4;22;7.999507916025976;11;4;1;2;14;22;-9.267664248065293;1;21;1.5248170402603707;11;0;2;6;0;2;4;1;15;22;9.954364267228243;3;0;25;24;5;3;5;22;-2.209189173186143;4;3;0;6;6;8;4;0;13;16;2;4;4;0;2;3;22;-6.819861215437751;2;13;13;1;2;9;7;-2.6873312323527334;4;10;1;0;4;6;1;19;16;4;6;3;24;3;4;4;3;20;7.406384448560007;3;4;0;3;4;2;5;5;9;2;3;18;2;14;17;1;6;5;2;4;25;3;7;1.0742935709902692;6;4;3;0;23;3.3180493902352772;21;0.04331538805891093;0;4;0;4;4;3;2;0;1;22;-5.040863174515768;16;3;24;0;5;10;1;21;4.8234693908999455;9;5;5;4;0;2;3;23;-1.5515800139695248;0;10;17;6;6;12;0;4;6;2;0;0;4;1;22;2.3797083920447912;13;6;0;17;23;1.4588863613307284;3;0;3;13;6;20;-1.4448078098233221;2;6;3;2;21;0.05391093961299387;23;7.249809286006625;3;1;3;14;5;17;5;2;25;0;3;4;4;4;10;6;3;3;4;15
TRACK:234;29;2;5;6;2;2;3;3;2;6;3;0;24;7;-5.7699798291336934;1;0;0;21;-1.2012308372025036;21;4.947068466001405;23;9.844669177455938;4;10;6;1;4;2;3;1;22;-8.028277959779366;9;2;0;20;-0.05479148019335178;21;6.534412063832682;5;9;4;12;3;6;2;6;0;5;2;12;24;2;4;21;-2.669381924670647;0;11;7;5.732114652766611;5;5;2;1;15;23;-5.827269548133917;5;7;1.527425361287737
TRACK:235;29;2;0;0;2;1;2;5;5;0;4;6;22;3.031182817319767;0;2;12;17;6;20;-9.97192199972452;3;1;1;2;1;12;17;0;21;-9.7268871627489;16;1;6;8;0;9;21;-9.922376920258284;1;6;6;18;4;2;17;17;4;2;4;0;5;6;15;6;1;23;-5.309494411506693;21;8.071916500284814;0;0;0;6;9;4;22;8.086509638767492;4;3;23;5.5654648444773684;4;1;2;14;22;-9.18845994352155;1;21;1.4669552435428876;11;0;2;6;0;0;21;-1.2012308372025036;21;4.947068466001405;5;3;5;22;-2.2431516394546254;4;3;0;6;6;8;4;0;13;16;2;4;4;0;2;3;22;-6.743427261917745;2;13;13;1;2;9;7;-2.602109691432968;4;10;1;0;4;6;1;19;16;4;6;3;24;3;4;4;3;20;7.371409276066082;3;4;0;3;4;2;5;5;9;2;3;18;2;14;17;1;6;5;2;4;25;3;7;1.1674254552004832;6;4;3;0;23;3.3317529958480634;21;-0.0517577342614679;0;4;0;4;4;3;2;0;1;22;-4.979945431917779;16;3;24;0;5;10;1;21;4.760794254241617;9;5;5;4;0;2;3;23;-1.5080508963211194;0;10;17;6;6;12;0;4;6;2;0;0;4;1;22;2.295434000885752;13;6;0;17;23;1.515564816410702;3;0;1;11;19;6;20;-1.362300833729746;2;6;3;2;21;-0.08729096684811033;23;7.443187501011423;3;1;3;14;5;17;5;2;0;0;1;0;6;16;5;23;-5.702068437292375;5;4;11;4;0;6;15;5;16;2;6;3;2;10;20;4.04547981344157;4;3;6;11;0;3;4;4;4;10;6;3;3;4;15
TRACK:236;21;9;5;4;1;0;0;2;0;0;1;1;15;15;2;21;-0.5986427363710476;21;-2.850874645060475;0;1;20;4.553587795760294;9;5;14;1;5;4;19;1;1;15;12;5;13;0;3;5;5;20;6.670903505788042;0;4;4;10;5;2;25;24;4;2;6;4;3;25;1;3;1;10;17;6;0;11;20;-0.5463880321972979;5;2;4;3;2;6;21;-7.188924901505215;5;23;9.136524522467141;1;0;3;6;15;6;6;18;5;6;20;-3.6306182512761103;0;5;6;3;6;2;6;15;0;21;-0.8419750676653553;12;6;5;6;0;4;5;15;6;0;7;2.55348122767877;12
TRACK:237;21;9;5;6;2;2;3;3;2;6;3;0;24;7;-5.849577638755394;1;0;0;21;-1.281303466344843;21;4.922607208510069;0;23;5.007203881741621;21;-5.8370457809316285;2;1;12;10;1;18;24;6;1;4;2;3;1;22;-8.140930522045164;9;2;0;20;-0.029403678051664883;21;6.576113996066624;5;9;5;5;4;6;23;-8.675700413732324;3;6;2;6;0;5;2;12;24;2;4;21;-2.775791669689875;0;11;7;5.714236995607498;5;5;2;1;15;23;-5.928805437015097;6;18
TRACK:238;23;22;0;0;2;1;2;5;5;0;4;6;22;3.2668285997442634;0;2;12;17;6;20;-9.903783146159224;3;1;4;18;1;6;6;18;4;2;17;17;4;2;4;0;5;6;15;6;1;23;-5.410079225211433;21;8.068355607108614;0;0;0;6;9;4;22;8.165444327069444;4;3;23;5.519606106470469;4;1;2;14;22;-9.220126882445513;1;21;1.442335188124866;11;0;2;6;0;2;4;1;15;22;9.955555360696286;3;0;25;24;5;3;5;22;-2.2491903281556564;4;3;0;6;6;8;4;0;13;16;2;4;4;0;2;3;22;-6.811671209203136;2;13;13;1;2;22;9.954364267228243;7;-2.592353913797836;4;10;1;0;4;6;1;19;16;4;6;3;24;3;4;4;3;20;7.239519644559551;3;4;0;3;4;2;5;5;9;2;3;18;2;14;17;1;6;5;2;4;25;3;7;1.1456949179435212;6;4;3;0;23;3.330070170700423;21;-0.18845299555283795;0;4;0;4;4;3;2;0;1;22;-5.081940191264003;16;3;24;0;5;10;1;21;4.804861897982282;9;5;5;4;0;2;3;23;-1.5335799730426882;0;10;17;6;6;12;0;4;6;2;0;0;4;1;22;2.3767243719283937;13;6;0;17;23;1.6478805854896297;3;0;1;11;19;6;20;-1.3685197526869093;2;6;3;2;21;-0.0795170768706592;23;7.384744177450713;3;1;3;14;5;17;5;2;0;0;1;0;6;16;5;23;-5.675644686082391;5;9;4;0;6;15;5;16;2;6;3;2;10;20;3.7856579658018195;4;3;6;11;0;3;4;4;4;10;6;3;3;4;15
TRACK:239;23;22;0;0;2;1;2;5;5;0;4;6;22;3.1376024512846805;0;2;12;17;6;20;-10.0;3;1;1;2;1;12;17;0;21;-9.63984128905789;16;1;6;8;0;9;21;-9.867098248276442;1;6;6;18;4;2;17;17;4;2;4;0;5;6;15;6;1;23;-5.449767043999264;21;8.043334842495161;0;0;0;6;9;4;22;7.999507916025976;11;4;1;2;14;22;-9.267664248065293;1;21;1.5248170402603707;11;0;2;6;0;2;4;1;15;22;9.954364267228243;3;0;25;24;5;3;5;22;-2.209189173186143;4;3;0;6;6;8;4;0;13;16;21;1.442335188124866;3;4;0;3;4;2;5;5;9;2;3;18;2;14;17;1;6;5;2;4;25;3;7;1.0742935709902692;6;4;3;0;23;3.3180493902352772;21;0.04331538805891093;0;4;0;4;4;3;2;0;1;22;-5.040863174515768;16;3;24;0;5;10;1;21;4.8234693908999455;9;5;5;4;0;2;3;23;-1.5515800139695248;0;10;17;6;6;12;0;4;6;2;0;0;4;1;22;2.3797083920447912;13;6;0;17;23;1.4588863613307284;3;0;3;13;6;20;-1.4448078098233221;2;6;3;2;21;0.05391093961299387;23;7.249809286006625;3;1;3;14;5;17;5;2;0;0;1;0;6;16;5;23;-5.831160241759271;5;4;11;4;0;6;15;5;16;2;6;3;2;10;20;4.001050580506401;4;3;6;11;0;3;4;4;4;10;6;3;3;4;15
TRACK:240;230;-1;5;4;1;0;0;2;0;0;1;1;15;15;2;21;-0.4861819876242605;21;-2.935343433522692;0;1;20;4.566192116198341;9;5;14;1;5;4;19;1;1;15;12;5;13;0;3;5;5;20;6.632276156745191;0;2;1;15;23;-5.816697423279724;5;7;1.543676010216175;5;2;25;17;4;2;6;4;3;25;1;3;1;10;17;6;0;11;20;-0.4479153737907942;5;2;4;3;2;6;21;-7.170085028054959;5;23;9.183276278737008;1;0;3;6;15;6;6;18;5;6;20;-3.5253360128045768;0;5;0;6;0;0;2;19;13;6;25;6;3;20;-6.882497373383161;1;1;0;5;14;6;13;6;5;8;0;2;3;20;5.073566551420715;2;8;19;3;1;25;17;6;5;6;0;4;5;15;6;0;7;2.5260694056224975;12
TRACK:241;232;-1;0;0;2;1;2;5;5;0;4;6;22;3.203964995373693;0;2;12;17;6;20;-9.977147187434209;3;1;4;18;1;6;6;18;4;2;17;17;4;2;4;0;5;6;15;6;1;23;-5.402638310346265;21;8.10771791069884;0;0;0;6;9;4;22;8.283599635985809;4;3;23;5.593758930467768;4;1;2;14;22;-9.123673317411967;1;21;1.5021457437661516;11;0;2;6;0;2;4;1;15;22;9.84158852395213;3;0;25;24;5;3;5;22;-2.0930445514861216;4;3;0;6;6;8;4;0;13;16;2;4;4;0;2;3;22;-6.855235293049802;2;13;13;1;2;9;7;-2.4946075272301322;4;10;1;0;4;2;17;17;4;6;3;24;3;4;4;3;20;7.36737011937081;3;4;0;3;4;2;5;5;9;2;3;18;2;14;17;1;6;5;2;4;25;3;7;0.9034803046799174;6;4;3;0;23;3.33677042662557;21;-0.2727934493671717;0;4;0;4;4;3;2;0;1;22;-5.2608539504168945;16;3;24;0;5;10;1;21;4.70184801814217;9;5;5;4;0;2;3;23;-1.5142441988674133;0;10;17;6;6;12;0;4;6;2;0;0;4;1;22;2.3765622084995335;13;6;0;17;23;1.3836235918132196;3;0;1;11;19;6;20;-1.2774282824919334;2;6;3;2;21;-0.029442309336483043;23;7.341704334230134;3;1;3;14;5;17;2;12;18
TRACK:242;234;-1;5;6;2;2;3;3;2;6;3;0;24;19;1;0;0;21;-1.1740768012116192;21;4.876575698852926;23;9.93445674543104;4;10;6;1;4;2;3;1;22;-8.08051958225916;9;2;0;20;0.029483805356397927;21;6.538956545038524;5;9;4;12;3;6;2;6;0;5;2;12;24;2;4;21;-2.786422032712319;0;11;7;5.7001534675798595;5;5;2;1;15;23;-5.85010594432885;5;7;1.3583583616184138
TRACK:243;21;-1;5;4;1;0;0;2;0;0;1;5;11;2;21;-0.6135597404165318;21;-2.6851008843317485;0;1;20;4.474290542807076;9;5;14;1;5;4;19;1;1;15;12;5;13;0;3;5;5;20;6.635989893849367;0;4;4;10;5;2;25;17;4;2;6;4;3;25;1;3;1;10;17;6;0;11;20;-0.5438716940199539;5;2;4;3;2;6;21;-7.062709196452282;5;23;9.146794000204075;1;0;3;6;15;6;6;18;5;6;20;-3.5927422323366764;0;5;6;3;6;2;6;15;0;21;-0.7564669696706504;12;6;5;6;0;4;5;15;6;0;7;2.495920117160358;12
TRACK:244;238;-1;0;0;2;1;2;5;5;0;4;6;22;3.273734583371806;0;2;12;17;6;20;-9.902376166320513;3;1;4;18;1;6;6;18;4;2;17;17;4;2;4;0;5;6;15;6;1;23;-5.41796043002409;21;7.857072279001524;0;0;0;6;9;4;22;7.998561912374536;4;3;23;5.447211190296702;4;1;2;14;22;-9.150816373086242;1;21;1.7017140096443177;11;0;2;6;0;2;4;1;15;22;10.0;3;0;25;24;5;3;5;22;-2.3488107441681194;4;3;0;6;6;8;4;0;13;16;2;4;4;0;2;3;22;-6.769590851738042;2;13;16;1;2;22;10.0;7;-2.5987741416629597;4;10;1;0;4;6;1;19;16;4;6;3;24;3;4;4;3;20;7.200493265231644;3;4;0;3;4;2;5;5;9;2;3;18;2;14;17;1;6;5;2;4;25;3;7;0.997008662190145;6;4;3;0;23;3.438799535490455;21;-0.059936191995224486;0;4;0;4;4;3;2;0;1;22;-5.017710721359224;16;3;24;0;5;10;1;21;4.7472818867932265;9;5;5;4;0;2;3;23;-1.5429509553277911;0;10;17;6;6;12;0;4;6;2;0;0;4;1;22;2.46630066626189;13;6;0;17;23;1.601393533913267;3;0;1;11;19;6;20;-1.295555604067907;2;6;3;2;21;-0.288771309590548;23;7.40160581562595;3;1;3;14;5;17;5;2;0;0;1;0;6;16;5;23;-5.677297692746239;5;9;4;0;6;15;5;16;2;6;3;2;10;20;3.6810469982304577;4;3;6;11;0;3;4;4;4;10;6;3;3;4;15
TRACK:245;231;-1;5;6;2;2;3;6;3;3;14;6;1;4;2;3;1;22;-7.980875628987865;9;2;0;20;-0.2250132626700596;21;6.624078649899513;5;9;5;5;4;6;23;-8.786262724195005;3;6;2;6;0;5;2;12;24;2;4;21;-2.83436807180578;0;11;7;5.664128205556586;5;5;2;1;15;23;-5.787083526964117;5;7;1.5945332187898011
TRACK:246;233;-1;0;0;2;1;2;5;5;0;4;6;22;3.2382096644244456;0;2;12;17;6;20;-10.0;3;1;1;2;1;12;17;0;21;-9.745849198201993;16;1;6;8;0;9;21;-9.816225815585977;1;6;6;18;4;2;17;17;4;2;4;0;5;6;15;6;1;23;-5.4171950521954715;21;8.09424377104266;0;0;0;6;8;4;22;8.020135017873745;11;4;1;2;14;22;-9.374114442166471;1;21;1.4305683115122303;11;0;2;6;0;2;4;1;15;22;10.0;3;0;25;24;5;3;5;22;-2.116086872754832;4;3;0;6;6;8;4;0;13;16;2;4;4;0;2;3;22;-6.989090958165048;2;13;13;1;2;9;7;-2.672559208297881;4;10;1;0;4;6;1;19;16;4;6;3;24;3;4;4;3;20;7.368432102733546;3;4;0;3;4;2;5;5;9;2;3;18;2;14;17;1;6;5;2;4;25;3;7;1.153297332387876;6;4;3;0;23;3.5123556344908913;21;-0.02065533535204145;0;4;0;4;4;3;2;0;1;22;-4.854599967803263;16;3;24;0;5;10;1;21;4.851855112291272;9;5;5;4;0;2;3;23;-1.4644665311694371;0;10;17;6;6;12;0;4;6;2;0;0;4;1;22;2.265252540100886;13;6;0;17;23;1.5075653955039805;3;0;3;13;6;20;-1.417595662065239;2;6;3;2;21;-0.001947443332833844;23;7.332595862209147;3;1;3;14;5;17;5;2;25;0;3;4;4;4;10;6;3;3;4;15
TRACK:247;235;-1;0;0;2;1;2;5;5;0;4;6;22;3.1731645339534587;0;2;12;17;6;20;-9.869421914770632;3;1;1;2;1;12;17;0;21;-9.6752597399076;16;1;6;8;0;9;21;-9.765149076569097;1;6;6;18;4;2;17;17;4;2;4;0;5;6;15;6;1;23;-5.373034911033181;21;8.03668923209154;0;0;0;6;9;4;22;8.055535953683018;4;3;23;5.487820597913386;4;1;2;7;1.0303122415590025;22;-9.029347466399981;1;21;1.5252987347980318;11;0;2;6;0;0;21;-1.1834520309999803;21;4.908546836237886;5;3;5;22;-2.268584869829955;4;3;0;6;6;8;4;0;13;16;2;4;4;0;2;3;22;-6.743290443172149;2;13;13;1;2;9;7;-2.6093834673385627;4;10;1;0;4;6;1;19;16;4;6;3;24;3;4;4;3;20;7.294606676804663;3;4;0;3;4;2;5;5;9;2;3;18;2;14;17;1;6;5;2;4;25;3;7;1.142485627370629;6;4;3;0;23;3.3163167779259295;21;-0.02145463039634954;0;4;0;4;4;3;2;0;1;22;-5.043509663358813;16;3;24;0;5;10;1;21;4.788795774791894;9;5;5;4;0;2;3;23;-1.285207597228978;0;10;17;6;6;12;0;4;6;2;0;0;4;1;22;2.115810492800448;13;6;0;17;23;1.5223011486294378;3;0;1;11;19;6;20;-1.348820170615529;2;6;3;2;21;-0.1861679771077719;23;7.490821554176068;3;1;3;14;5;17;5;2;0;0;1;0;6;16;5;23;-5.67803648781877;5;4;11;4;0;6;15;5;16;2;6;3;2;10;20;4.14132605769594;4;3;6;11;0;3;4;4;4;10;6;3;3;4;15
TRACK:248;9;-1;5;6;2;2;3;3;2;6;3;0;24;7;-5.9389593576091295;1;0;0;21;-1.445067422801458;21;5.051086445030778;0;23;4.772399339397448;21;-5.819916315897483;2;1;12;10;1;18;24;6;1;4;2;3;1;22;-8.18995452171466;9;2;0;20;-0.1168251741769162;21;6.64890597124798;5;9;5;5;4;6;23;-8.516079060369373;3;6;2;6;0;5;2;12;24;2;4;21;-2.7034373151821973;0;11;7;5.822641550780193;5;5;2;1;15;23;-5.8498195987399875;5;7;1.4160544567806825
TRACK:249;239;-1;0;0;2;1;2;5;5;0;4;6;22;3.172480093418308;0;2;12;17;6;20;-10.0;3;1;1;2;1;12;17;0;21;-9.57490980714655;16;1;6;8;0;9;21;-9.72834281659728;1;6;6;18;4;2;17;17;4;2;4;0;5;6;15;3;13;0;0;0;6;9;4;22;7.936519937808588;11;4;1;2;14;22;-9.24080650819519;1;21;1.4714212454495004;11;0;2;6;0;2;4;1;15;22;10.0;3;0;25;24;5;3;5;22;-2.2626376719620866;4;3;0;6;6;8;4;0;13;16;21;1.4355375910747967;3;4;0;3;4;2;5;5;9;2;3;18;2;14;17;1;6;5;2;4;25;3;7;0.9636432146737806;6;4;3;0;23;3.2131954980457325;21;0.07040465757080332;0;4;0;4;4;3;2;0;1;22;-5.08556292072246;16;3;24;0;5;10;1;21;4.834195022695949;9;5;5;4;0;2;3;23;-1.4081943951968772;0;10;17;6;6;12;0;4;6;2;0;0;4;1;22;2.5347273066085707;13;6;0;17;23;1.5355382266734614;3;0;3;13;6;20;-1.5277573694037185;2;6;3;2;21;0.10757479984388292;23;7.37719454686825;3;1;3;14;5;17;5;2;0;0;1;0;6;16;5;23;-5.7886679177586595;5;4;11;4;0;6;15;5;16;2;6;3;2;10;20;4.068777157167682;4;3;6;11;0;3;4;4;4;10;6;3;3;4;15
EVAL_INSTANCE:12:0:240
EVAL_INSTANCE:12:1:241
EVAL_INSTANCE:12:2:242
EVAL_INSTANCE:12:3:243
EVAL_INSTANCE:12:4:244
EVAL_INSTANCE:12:5:245
EVAL_INSTANCE:12:6:246
EVAL_INSTANCE:12:7:247
EVAL_INSTANCE:12:8:248
EVAL_INSTANCE:12:9:249
RUN_RESULT:12:0:0:36:R
RUN_RESULT:12:1:0:1:R
RUN_RESULT:12:2:0:1:R
RUN_RESULT:12:3:0:1:R
RUN_RESULT:12:4:0:5:R
RUN_RESULT:12:5:0:1:R
RUN_RESULT:12:6:0:1:R
RUN_RESULT:12:7:0:1:R
RUN_RESULT:12:8:0:1:R
RUN_RESULT:12:9:0:2000:----
    13 |      130 | -3.999000E+03 | -3.999000E+03
TRACK:250;23;29;0;0;2;1;2;5;5;0;4;6;22;3.2668285997442634;0;2;12;17;6;20;-9.903783146159224;3;1;4;18;1;6;6;18;4;2;17;17;4;2;4;0;5;6;15;6;1;23;-5.410079225211433;21;8.068355607108614;0;0;0;6;9;4;22;8.165444327069444;4;3;23;5.519606106470469;4;1;2;12;22;-9.220126882445513;1;21;1.442335188124866;11;0;2;6;0;2;4;1;15;22;9.955555360696286;3;0;25;24;5;3;5;22;-2.2491903281556564;4;3;0;6;6;8;4;0;13;16;2;4;4;0;2;3;22;-6.811671209203136;2;13;13;1;2;9;7;-2.592353913797836;4;10;1;0;4;6;1;19;16;4;6;3;24;3;4;4;3;20;7.239519644559551;3;4;0;3;4;2;5;5;9;2;3;18;2;14;17;1;6;5;2;4;25;3;7;1.1456949179435212;6;4;3;0;23;3.330070170700423;21;-0.18845299555283795;0;4;0;4;4;3;2;0;1;22;-5.081940191264003;16;3;24;0;5;10;1;21;4.804861897982282;9;5;5;4;0;2;3;23;-1.5335799730426882;0;10;17;6;6;12;0;4;6;2;0;0;4;1;22;2.3767243719283937;13;6;0;17;23;1.6478805854896297;3;0;1;11;19;6;20;-1.3685197526869093;2;6;3;2;21;-0.0795170768706592;23;7.384744177450713;3;1;3;14;5;17;5;2;0;0;1;0;6;16;5;23;-5.675644686082391;5;9;4;0;6;15;5;16;2;6;3;2;10;20;3.7856579658018195;4;3;6;11;0;3;4;4;4;10;6;3;3;4;15
TRACK:251;23;29;5;6;2;2;3;3;2;6;3;0;24;7;-5.7699798291336934;1;0;0;21;-1.2012308372025036;21;4.947068466001405;23;9.844669177455938;2;1;13;10;1;18;24;6;1;4;2;3;1;22;-8.028277959779366;9;2;0;20;-0.05479148019335178;21;6.534412063832682;5;9;4;12;3;6;2;6;0;5;2;12;24;2;4;21;-2.669381924670647;0;11;7;5.732114652766611;5;5;2;1;15;23;-5.827269548133917;5;7;1.527425361287737
TRACK:252;3;22;5;4;1;0;0;2;0;0;1;1;15;15;2;11;21;-2.8997289864945985;0;1;20;4.429039226398494;9;5;14;1;5;4;19;1;1;15;12;5;13;0;3;5;5;20;6.640142898363042;0;4;4;10;5;2;25;17;4;2;6;4;3;25;1;3;1;10;17;6;0;11;20;-0.46712305459492676;5;2;4;3;2;6;21;-7.213051363293035;5;23;8.987989424121196;1;0;3;6;15;6;6;18;2;5;1;21;-7.606383624926931;10;4;2;21;-2.4748086995170837;12;0;5;6;3;6;2;6;15;0;21;-1.033545478096766;12;6;5;6;0;4;5;15;6;0;7;2.421066302104329;12
TRACK:253;3;22;0;0;2;1;2;5;5;0;4;6;22;3.1376024512846805;0;2;12;17;6;20;-10.0;3;1;1;2;1;12;17;0;21;-9.63984128905789;16;1;6;8;0;9;21;-9.867098248276442;1;6;6;18;4;2;17;17;4;2;4;0;5;6;15;6;1;23;-5.449767043999264;21;8.043334842495161;0;0;0;6;9;4;22;7.999507916025976;11;4;1;2;14;22;-9.267664248065293;1;21;1.5248170402603707;11;0;2;6;0;2;4;1;15;22;9.954364267228243;3;0;25;24;5;3;5;22;-2.209189173186143;4;3;0;6;6;8;4;0;13;16;2;4;4;0;2;3;22;-6.819861215437751;2;13;13;1;2;9;7;-2.6873312323527334;4;17;1;0;4;6;1;19;16;4;6;3;24;3;4;4;3;20;7.406384448560007;3;4;0;3;4;2;5;5;9;2;3;18;2;14;17;1;6;5;2;4;25;3;7;1.0742935709902692;6;4;3;0;23;3.3180493902352772;21;0.04331538805891093;0;4;0;4;4;3;2;0;1;22;-5.040863174515768;16;3;24;0;5;10;1;21;4.8234693908999455;9;5;5;4;0;2;3;23;-1.5515800139695248;0;10;17;6;6;12;0;4;6;2;0;0;4;1;22;2.3797083920447912;13;6;0;17;23;1.4588863613307284;3;0;3;13;6;20;-1.4448078098233221;2;6;3;2;21;0.05391093961299387;23;7.249809286006625;3;1;3;14;5;17;5;2;0;0;1;0;6;16;5;23;-5.831160241759271;5;4;11;4;0;6;15;5;16;2;6;3;2;10;20;4.001050580506401;4;3;6;11;0;3;4;4;4;10;6;3;3;4;15
TRACK:254;9;25;5;6;2;2;3;3;2;6;3;0;24;7;-5.849577638755394;1;0;0;21;-1.281303466344843;21;4.922607208510069;0;23;5.007203881741621;21;-1.3488400063729067;2;1;12;10;1;18;24;6;1;4;2;3;1;22;-8.140930522045164;9;2;0;20;-0.029403678051664883;21;6.576113996066624;5;9;5;5;4;6;23;-8.675700413732324;3;6;2;6;0;5;2;12;24;2;4;21;-2.775791669689875;0;11;7;5.714236995607498;5;5;2;1;15;23;-5.928805437015097;5;7;1.5047018222999764
TRACK:255;9;25;5;6;2;2;3;3;2;6;3;0;24;7;-5.925200892751493;1;0;0;21;-1.3488400063729067;9;0;23;4.993208176989911;21;-5.826206252100551;2;1;12;10;1;10;24;6;1;4;2;3;1;22;-8.140930522045164;9;2;0;20;-0.06391852874862233;21;6.495897404272404;5;9;5;5;4;6;23;-8.665986726034827;3;6;2;6;0;5;2;12;24;2;4;21;-2.9267110007728876;0;11;7;5.642581421030729;5;5;2;1;15;23;-5.86369986010157;5;7;1.4792654408197785
TRACK:256;21;9;5;4;1;0;0;2;0;0;1;1;15;15;2;21;-0.5986427363710476;21;-2.850874645060475;0;1;20;4.553587795760294;9;5;14;1;5;4;19;1;1;15;12;5;13;0;3;5;5;20;6.670903505788042;0;4;4;10;5;2;25;17;4;2;6;4;3;25;1;3;1;10;17;6;1;15;23;-5.928805437015097;5;2;4;3;2;6;21;-7.188924901505215;5;23;9.136524522467141;1;0;3;6;15;6;6;18;5;6;20;-3.6306182512761103;0;5;6;3;6;2;6;15;0;21;-0.8419750676653553;12;6;5;6;0;4;5;15;6;0;7;2.55348122767877;12
TRACK:257;21;9;5;6;2;2;3;3;2;6;3;0;24;7;-5.849577638755394;1;0;0;21;-1.281303466344843;21;4.922607208510069;0;23;5.007203881741621;21;-5.8370457809316285;2;1;12;10;1;18;24;6;1;4;2;3;1;22;-8.140930522045164;9;2;0;20;-0.029403678051664883;21;6.576113996066624;5;9;5;5;4;6;23;-8.675700413732324;19
TRACK:258;3;22;5;4;1;0;0;2;0;0;1;1;15;15;2;8;21;-2.8997289864945985;0;1;20;4.429039226398494;9;5;14;1;5;4;19;1;1;22;7.999507916025976;12;5;13;0;3;5;5;20;6.640142898363042;0;4;4;10;5;2;25;17;4;2;6;4;3;25;1;3;1;10;17;6;0;11;20;-0.46712305459492676;5;2;4;3;2;6;21;-7.213051363293035;5;23;8.987989424121196;1;0;3;6;15;6;6;18;2;5;1;21;-7.606383624926931;10;4;2;21;-2.4748086995170837;12;0;5;6;3;6;2;6;15;0;21;-1.033545478096766;12;6;5;6;0;4;5;15;6;0;7;2.421066302104329;12
TRACK:259;3;22;0;0;2;1;2;5;5;0;4;6;22;3.1376024512846805;0;2;12;17;6;20;-10.0;3;1;1;2;1;12;17;0;21;-9.63984128905789;16;1;6;8;0;9;21;-9.867098248276442;1;6;6;18;4;2;17;17;4;2;4;0;5;6;15;6;1;23;-5.449767043999264;21;8.043334842495161;0;0;0;6;9;4;22;7.999507916025976;11;4;1;2;14;22;-9.267664248065293;1;21;1.5248170402603707;11;0;2;6;0;2;4;1;15;22;9.954364267228243;3;0;25;24;5;3;5;22;-2.209189173186143;4;3;0;6;6;8;4;0;13;16;2;4;4;0;2;3;22;-6.819861215437751;2;13;15;1;2;9;7;-2.6873312323527334;4;10;1;0;4;6;1;19;16;4;6;3;24;3;4;4;3;20;7.406384448560007;3;4;0;3;4;2;5;5;9;2;3;18;2;14;17;1;6;5;2;4;25;3;7;1.0742935709902692;6;4;3;0;23;3.3180493902352772;21;0.04331538805891093;0;4;0;4;4;3;2;0;1;22;-5.040863174515768;16;3;24;0;5;10;1;21;4.8234693908999455;9;5;5;4;0;2;3;23;-1.5515800139695248;0;10;17;6;6;12;0;4;6;2;0;0;4;1;22;2.3797083920447912;13;6;0;17;23;1.4588863613307284;3;0;3;13;6;20;-1.4448078098233221;2;6;3;2;21;0.05391093961299387;23;7.249809286006625;3;1;3;14;5;17;5;2;0;0;1;0;6;16;5;23;-5.831160241759271;5;4;11;4;0;6;15;5;16;2;6;3;2;10;20;4.001050580506401;4;3;6;11;0;3;4;4;4;10;6;3;3;4;15
TRACK:260;250;-1;0;0;2;1;2;5;5;0;4;6;22;3.1839491589604467;0;2;12;17;6;20;-9.822397506576703;3;1;4;18;1;6;6;18;4;2;17;17;4;2;4;0;5;6;15;6;1;23;-5.390745173944936;21;8.186966614354109;0;0;0;6;9;4;22;8.182602475085519;4;3;23;5.527671144712837;4;1;2;12;22;-9.196622534049569;1;21;1.5605585232900934;11;0;2;6;0;2;4;1;15;22;9.954512925773008;3;0;25;24;5;3;5;22;-2.2286410359883755;4;3;0;6;6;8;4;0;13;16;2;4;4;0;2;3;22;-6.748364612438998;2;13;13;1;2;9;7;-2.6686786394085025;4;10;1;0;4;6;1;19;16;4;6;3;24;3;4;4;3;20;7.345996903317811;3;4;0;3;4;2;5;5;9;2;3;18;2;14;17;1;6;5;2;4;25;3;7;1.0809160456946922;6;4;3;0;23;3.302621904066238;21;-0.3142181348433829;0;4;0;4;4;3;2;0;1;22;-5.1358567776892095;16;3;24;0;5;10;1;21;4.701819936742364;9;5;5;4;0;2;3;23;-1.4701783204158574;0;10;17;6;6;12;0;4;6;2;0;0;4;1;22;2.3317379222560124;13;6;0;17;23;1.6897438354504415;3;0;1;11;19;6;25;2;6;3;2;21;-0.010493679545119025;23;7.314214196440527;3;1;3;14;5;17;5;2;0;0;1;0;6;16;5;23;-5.69192145712768;5;9;4;0;6;15;5;16;2;6;3;2;10;20;3.7177032850174183;4;3;6;11;0;3;4;4;4;10;6;3;3;4;15
TRACK:261;252;-1;5;4;1;0;0;2;0;0;1;1;15;15;2;11;21;-2.8262582813468904;0;1;20;4.418580156120442;15;5;14;1;5;4;19;1;1;15;12;5;13;0;3;5;5;20;6.688715009473674;0;4;4;10;5;2;25;17;4;2;6;4;3;25;1;3;1;10;17;6;0;11;20;-0.45774550552970095;5;2;4;3;2;6;21;-7.127675693041787;5;23;9.107590590837582;1;0;3;6;15;6;6;18;2;5;1;21;-7.586416079715262;10;4;2;21;-2.5266652871303097;12;0;5;6;3;6;2;6;15;0;21;-0.9485259950004968;12;6;5;6;0;4;5;15;6;0;7;2.274984786040913;12
TRACK:262;9;-1;2;3;8;1;24;23;5.294294527419234
TRACK:263;256;-1;5;4;1;0;0;2;0;0;1;1;15;15;2;21;-0.5579455037588155;21;-3.0157645696756448;0;1;20;4.575138332998409;9;5;14;1;5;4;19;1;1;15;12;5;13;0;3;5;5;20;6.7262847019144765;0;4;4;10;5;2;25;17;4;2;6;4;3;25;1;3;1;10;17;6;1;15;23;-5.927341580979524;5;2;4;3;2;6;21;-7.163662326191586;5;23;9.113718640539311;1;0;3;6;15;4;6;19;5;6;20;-3.696289998383837;0;5;6;3;6;2;6;15;0;21;-0.8509912606203759;12;6;5;6;0;4;5;15;6;0;7;2.4656986567751735;12
TRACK:264;258;-1;5;4;1;0;0;2;0;0;1;1;15;15;2;8;21;-2.953175834538356;0;1;20;4.582908391069445;9;5;14;1;5;4;19;1;1;22;7.876754769296146;12;5;13;0;3;5;5;20;6.577080346354743;0;4;4;10;5;2;25;17;4;2;6;4;3;25;1;3;1;10;12;6;0;11;20;-0.5484383268415368;5;2;4;3;2;6;21;-7.220042068301385;5;23;9.040614719477153;1;0;3;6;15;6;6;18;2;5;1;21;-7.653791260604128;10;4;2;21;-2.4732939832445995;12;0;5;6;3;6;2;6;15;0;21;-0.9057390140324011;12;6;5;6;0;4;5;15;6;0;7;2.338869665505562;12
TRACK:265;251;-1;5;6;2;2;3;3;2;6;3;0;24;7;-5.6644483127124055;1;0;0;21;-1.2610205633807878;21;4.852766157477719;23;9.832043301862285;2;1;13;10;1;18;24;6;1;4;2;3;1;22;-8.0240667771496;9;2;0;20;0.07491520939792096;21;6.676447774248117;5;9;4;12;3;6;2;6;0;5;2;12;24;2;4;21;-2.516083023167308;0;11;7;5.764698623754257;5;3;20;0.8927098952297108
TRACK:266;253;-1;0;0;2;1;2;5;5;0;4;6;22;3.1221677384653495;0;2;12;17;6;20;-9.919807232050688;3;1;1;2;1;12;17;0;21;-9.611651258511623;16;1;6;8;0;9;21;-9.917465407910314;1;6;6;18;4;2;17;17;4;2;4;0;5;6;15;6;1;23;-5.645209052546989;21;8.087316020844739;0;0;0;6;9;4;22;8.157862974343129;11;4;6;4;9;0;2;6;0;2;4;1;15;22;9.94486319345997;3;0;25;24;5;3;5;22;-2.251381084887017;4;3;0;6;6;8;4;0;13;16;2;4;4;0;2;3;22;-6.711780872200035;2;13;13;1;2;9;7;-2.7448595991127935;4;17;1;0;4;6;1;19;16;4;6;3;24;3;4;4;3;20;7.560628730766583;3;4;0;3;4;2;5;5;9;2;3;18;2;14;17;1;6;5;2;4;25;3;7;1.1686640513521105;6;4;3;0;23;3.301019362149196;21;0.1743591902637741;0;4;0;4;4;3;2;0;1;22;-5.086574256136673;16;3;24;0;5;10;1;21;4.957634480523158;9;5;5;4;0;2;3;23;-1.4682703981928733;0;10;17;6;6;12;0;4;6;2;0;0;4;1;22;2.3739096349669473;13;6;0;17;23;1.4439464258079897;3;0;3;13;6;20;-1.6188433662137405;2;6;3;2;21;-0.03715369760113128;23;7.179236270257472;3;1;3;14;5;17;5;2;0;0;1;0;6;16;5;23;-5.726139751909837;5;4;11;4;0;6;15;5;16;2;6;3;2;10;20;4.061834466873806;4;3;6;11;0;3;4;4;4;10;6;3;3;4;15
TRACK:267;25;-1;5;6;2;2;3;3;2;6;4;2;17;21;-8.923336991175905;1;0;0;21;-1.3284008451525495;9;0;23;4.975952400490262;21;-5.8467423051297045;2;1;12;10;1;10;24;6;1;4;2;3;1;22;-7.995649383879532;9;2;0;20;-0.009603914788723626;21;6.515557491135071;5;9;5;5;4;6;23;-8.69867305400556;3;6;2;6;0;5;2;12;24;2;4;21;-3.017237362957;0;11;7;5.570489768517026;5;5;2;1;15;23;-5.810274106376715;5;7;1.556800443166395
TRACK:268;257;-1;5;6;2;2;3;3;2;6;3;0;24;7;-5.837824844147446;1;0;0;21;-1.2174108837293118;21;4.862723725337496;0;23;5.0016734186783465;21;-5.6872555624915755;2;1;12;10;1;18;24;6;1;4;2;3;1;22;-8.176544292089782;9;2;0;20;0.06977299853357743;21;6.649401355449928;5;9;5;5;4;6;13;19
TRACK:269;259;-1;0;0;2;1;2;5;5;0;4;6;22;3.247254503716878;0;2;12;17;6;20;-9.916437661190203;3;1;1;2;1;12;17;0;21;-9.62214246777969;16;1;6;8;0;9;21;-9.990532072864248;1;6;6;18;4;2;17;17;4;2;4;0;5;6;15;6;1;23;-5.57909276411827;21;8.071023286234949;0;0;0;6;9;4;22;8.070865570004672;11;4;1;2;14;22;-9.20745476961544;1;21;1.4879024523363804;11;0;2;6;0;2;4;1;15;22;9.928425540492468;3;0;25;24;5;3;5;22;-2.162154775939225;4;3;0;6;6;8;4;0;13;16;2;4;4;0;2;3;22;-6.838571371330377;2;13;15;1;2;9;7;-2.712152081431017;4;10;1;0;4;6;1;19;16;4;6;3;24;3;4;4;3;20;7.180614711721712;3;4;0;3;4;2;5;5;9;2;3;18;2;14;17;1;6;5;2;4;25;3;7;1.0213201452596568;6;4;3;0;23;3.411312207693701;21;0.09279892483022142;0;4;0;4;4;3;2;0;1;22;-5.190374316366521;16;3;24;0;5;10;1;21;4.6241577335200645;9;5;5;4;0;2;3;16;0;10;17;6;6;12;0;4;6;2;0;0;4;1;22;2.3253403513444515;13;6;0;17;23;1.5632902380896525;3;0;3;13;6;20;-1.6230779015213173;2;6;3;2;21;-0.06244173913768561;23;7.194943486517766;3;1;3;14;5;17;5;2;0;0;1;0;6;16;5;23;-5.8331717699974766;5;4;11;4;0;6;15;5;16;2;6;3;2;10;20;3.979033437768316;4;3;6;11;0;3;4;4;4;10;6;3;3;4;15
EVAL_INSTANCE:13:0:260
EVAL_INSTANCE:13:1:261
EVAL_INSTANCE:13:2:262
EVAL_INSTANCE:13:3:263
EVAL_INSTANCE:13:4:264
EVAL_INSTANCE:13:5:265
EVAL_INSTANCE:13:6:266
EVAL_INSTANCE:13:7:267
EVAL_INSTANCE:13:8:268
EVAL_INSTANCE:13:9:269
RUN_RESULT:13:0:0:1:R
RUN_RESULT:13:1:0:1:R
RUN_RESULT:13:2:0:4:R
RUN_RESULT:13:3:0:1:R
RUN_RESULT:13:4:0:1:R
RUN_RESULT:13:5:0:1106:R
RUN_RESULT:13:6:0:1:R
RUN_RESULT:13:7:0:1:R
RUN_RESULT:13:8:0:4:R
RUN_RESULT:13:9:0:1:R
    14 |      140 | -3.999000E+03 | -3.999000E+03
TRACK:270;29;22;5;6;2;2;3;3;2;21;-9.867098248276442;1;0;0;21;-1.2012308372025036;21;4.947068466001405;23;9.844669177455938;2;1;12;10;1;18;24;6;1;4;2;3;1;22;-8.028277959779366;9;2;0;20;-0.05479148019335178;21;6.534412063832682;5;9;4;12;3;6;2;6;0;5;2;12;24;2;4;21;-2.669381924670647;0;11;7;5.732114652766611;5;5;2;1;15;23;-5.827269548133917;5;7;1.527425361287737
TRACK:271;29;22;0;0;2;1;2;5;5;0;4;6;22;3.1376024512846805;0;2;12;17;6;20;-10.0;3;1;1;2;1;12;17;0;21;-9.63984128905789;16;1;6;8;0;9;21;-9.867098248276442;1;6;6;18;4;2;17;17;4;2;4;0;5;6;15;6;1;23;-5.449767043999264;21;8.043334842495161;0;0;0;6;9;4;22;7.999507916025976;11;4;1;2;14;22;-9.267664248065293;1;21;1.5248170402603707;11;0;2;6;0;2;4;1;15;22;9.954364267228243;3;0;25;24;5;3;5;22;-2.209189173186143;4;3;0;6;6;8;4;0;13;16;2;4;4;0;2;3;22;-6.819861215437751;2;13;13;1;2;9;7;-2.6873312323527334;4;10;1;0;4;6;1;19;16;4;6;3;24;3;4;4;3;20;7.406384448560007;3;4;0;3;4;2;5;5;9;2;3;18;2;14;17;1;6;5;2;4;25;3;7;1.0742935709902692;6;4;3;0;23;3.3180493902352772;21;0.04331538805891093;0;4;0;4;4;3;2;0;1;22;-5.040863174515768;16;3;24;0;5;10;1;21;4.8234693908999455;9;5;5;4;0;2;3;23;-1.5515800139695248;0;10;17;6;6;12;0;4;6;2;0;0;4;1;22;2.3797083920447912;13;6;0;17;23;1.4588863613307284;3;0;3;13;6;20;-1.4448078098233221;2;6;3;2;21;0.05391093961299387;23;7.249809286006625;3;1;3;14;21;-2.669381924670647;5;2;0;0;1;0;6;16;5;23;-5.831160241759271;5;4;11;4;0;6;15;5;16;2;6;3;2;10;20;4.001050580506401;4;3;6;11;0;3;4;4;4;10;6;3;3;4;15
TRACK:272;21;28;5;4;1;0;0;2;0;0;1;1;15;15;2;21;-0.5986427363710476;21;-2.850874645060475;0;1;20;4.553587795760294;9;5;14;1;5;4;19;1;1;15;12;5;13;0;3;5;5;20;6.670903505788042;0;4;4;10;5;2;25;17;4;2;6;4;3;25;1;3;1;10;17;6;0;11;20;-0.5463880321972979;5;2;4;11;1;0;3;6;15;6;6;18;5;6;20;-3.6306182512761103;0;5;6;3;6;2;6;15;0;21;-0.8419750676653553;12;6;5;6;0;4;5;15;6;0;7;2.55348122767877;12
TRACK:273;21;28;5;4;1;0;0;2;0;0;1;1;15;15;2;20;6.670903505788042;21;-3.116285650605017;0;1;20;4.518001568900134;9;5;14;1;5;4;19;1;1;15;12;5;13;0;3;5;5;20;6.491282683198672;0;4;4;10;5;2;19;17;4;2;6;4;3;25;1;3;1;10;17;6;0;11;20;-0.529505631861049;5;2;4;3;2;6;21;-7.40638894996376;5;23;9.09974364047189;1;0;3;6;15;6;6;18;2;5;6;14;4;2;21;-2.5058067000601274;12;0;5;6;3;6;2;6;15;0;21;-0.9834365654509548;12;6;5;6;0;4;5;15;6;0;7;2.448094492944901;12
TRACK:274;40;9;0;0;2;1;2;5;5;0;4;6;22;3.134397997993591;0;2;12;17;6;20;-10.0;3;1;1;2;1;12;17;0;21;-9.888466406767382;16;1;6;8;0;9;21;-9.941137254131563;1;6;6;18;4;2;17;17;4;2;4;0;5;6;15;6;1;23;-5.497964479221673;21;7.990544085447896;0;2;25;13;4;1;2;14;22;-9.307835032386754;1;21;1.5524718577874146;11;0;2;6;0;2;4;1;15;22;10.0;3;0;25;24;5;3;5;22;-2.1698374351275453;4;3;0;6;6;21;-5.8370457809316285;4;0;13;16;2;4;4;0;2;3;22;-6.706081617611231;2;13;13;1;2;9;7;-2.6724716317245;4;10;1;0;4;6;1;19;16;4;6;3;24;3;4;4;3;20;7.425972656522747;3;4;0;3;4;2;5;5;9;2;3;18;2;14;17;1;6;5;2;4;25;3;7;1.0884823764169251;6;4;3;0;23;3.2896177496679133;21;-0.08612614169614592;0;4;0;4;4;3;2;0;1;22;-5.121241705035911;16;3;24;0;5;10;1;21;5.011519459692955;9;5;5;4;0;2;3;23;-1.564595416820972;0;10;17;6;6;12;0;4;6;2;0;0;4;1;22;2.3278295102518323;13;6;0;17;23;1.6101951698766477;3;0;3;13;6;20;-1.3877149271177796;2;6;3;2;21;0.04896155113012132;23;7.280649853618894;3;1;3;14;5;17;5;2;0;0;1;0;6;16;5;23;-5.933679555384385;5;4;11;4;0;6;15;5;16;2;6;3;2;10;20;3.892278522807289;4;3;6;11;0;3;4;4;4;10;6;3;3;4;15
TRACK:275;40;9;5;6;2;2;3;3;2;6;3;0;24;7;-5.849577638755394;1;0;0;21;-1.281303466344843;21;4.922607208510069;0;7;1.0884823764169251;21;-5.8370457809316285;2;1;12;10;1;18;24;6;1;4;2;3;1;22;-8.140930522045164;9;2;0;20;-0.029403678051664883;21;6.576113996066624;5;9;5;5;4;6;23;-8.675700413732324;3;6;2;6;0;5;2;12;24;2;4;21;-2.775791669689875;0;11;7;5.714236995607498;5;5;2;1;15;23;-5.928805437015097;5;7;1.5047018222999764
TRACK:276;40;2;0;0;2;1;2;5;5;0;4;6;22;3.134397997993591;0;2;12;17;6;20;-10.0;3;1;1;2;1;12;17;0;21;-9.888466406767382;16;1;6;8;0;9;21;-9.941137254131563;1;6;6;18;4;2;17;17;4;2;4;0;5;6;15;6;1;23;-5.497964479221673;21;7.990544085447896;0;2;25;13;4;1;2;14;22;-9.307835032386754;1;21;1.5524718577874146;11;0;2;6;0;2;4;1;15;22;10.0;3;0;25;24;5;3;5;22;-2.1698374351275453;4;3;0;6;6;21;-9.922376920258284;4;0;13;16;2;4;4;0;2;3;22;-6.706081617611231;2;13;13;1;2;9;7;-2.6724716317245;4;10;1;0;4;6;1;19;16;4;6;3;24;3;4;4;3;20;7.425972656522747;3;4;0;3;4;2;5;5;9;2;3;18;2;14;17;1;6;5;2;4;25;3;7;1.0884823764169251;6;4;3;0;23;3.2896177496679133;21;-0.08612614169614592;0;4;0;4;4;3;2;0;1;22;-5.121241705035911;16;3;24;0;5;10;1;21;5.011519459692955;9;5;5;4;0;2;3;23;-1.564595416820972;0;10;17;6;6;12;0;4;6;2;0;0;4;1;22;2.3278295102518323;13;6;0;17;23;1.6101951698766477;3;0;3;13;6;20;-1.3877149271177796;2;6;3;2;21;0.04896155113012132;23;7.280649853618894;3;1;3;14;5;17;5;2;0;0;1;0;6;16;5;23;-5.933679555384385;5;4;11;4;0;6;15;5;16;2;6;3;2;10;20;3.892278522807289;4;3;6;11;0;3;4;4;4;10;6;3;3;4;15
TRACK:277;40;2;0;0;2;1;2;5;5;0;4;6;22;3.031182817319767;0;2;12;17;6;20;-9.97192199972452;3;1;1;2;1;12;17;0;21;-9.7268871627489;16;1;6;8;0;9;21;-9.922376920258284;1;6;6;18;4;2;17;17;4;2;4;0;5;6;15;6;1;23;-5.309494411506693;21;8.071916500284814;0;0;0;6;9;4;22;8.086509638767492;4;3;23;5.5654648444773684;4;1;2;14;22;-9.18845994352155;1;21;1.4669552435428876;11;0;2;6;0;2;4;1;15;22;9.870899242591655;3;0;25;24;5;3;5;22;-2.2431516394546254;4;3;0;6;6;8;4;0;13;16;2;4;4;0;2;3;22;-6.743427261917745;2;13;13;1;2;9;7;-2.602109691432968;4;10;1;0;4;6;1;19;16;4;6;3;24;3;4;4;3;20;7.371409276066082;3;4;0;3;4;2;5;5;9;2;3;18;2;14;17;1;6;5;2;4;25;3;7;1.1674254552004832;6;4;3;0;23;3.3317529958480634;21;-0.0517577342614679;0;4;0;4;4;3;2;0;1;22;-4.979945431917779;16;3;24;0;5;10;1;21;4.760794254241617;9;5;5;4;0;2;17;0;10;17;6;6;12;0;4;6;2;0;0;4;1;22;2.295434000885752;13;6;0;17;23;1.515564816410702;3;0;1;11;19;6;20;-1.362300833729746;2;6;3;2;21;-0.08729096684811033;23;7.443187501011423;3;1;3;14;5;17;5;2;0;0;1;0;6;16;5;23;-5.702068437292375;5;4;11;4;0;6;15;5;16;2;6;3;2;10;20;4.04547981344157;4;3;6;11;0;3;4;4;4;10;6;3;3;4;15
TRACK:278;28;22;5;4;1;0;0;2;0;0;1;1;15;15;2;8;21;-3.116285650605017;0;1;20;4.518001568900134;9;5;14;1;5;4;19;1;1;15;12;5;13;0;3;5;5;20;6.491282683198672;0;4;4;10;5;2;19;17;4;2;6;4;3;25;1;6;11;6;0;11;20;-0.529505631861049;5;2;4;3;2;6;21;-7.40638894996376;5;23;9.09974364047189;1;0;3;6;15;6;6;18;2;5;6;14;4;2;21;-2.5058067000601274;12;0;5;6;3;6;2;6;15;0;21;-0.9834365654509548;12;6;5;6;0;4;5;15;6;0;7;2.448094492944901;12
TRACK:279;28;22;0;0;2;1;2;5;5;0;4;6;22;3.1376024512846805;0;2;12;17;6;20;-10.0;3;1;1;2;1;12;17;0;21;-9.63984128905789;16;1;6;8;0;9;21;-9.867098248276442;1;6;6;18;4;2;17;17;4;2;4;0;5;6;15;6;1;23;-5.449767043999264;21;8.043334842495161;21;-2.5058067000601274;0;2;6;0;2;4;1;15;22;9.954364267228243;3;0;25;24;5;3;5;22;-2.209189173186143;4;3;0;6;6;8;4;0;13;16;2;4;4;0;2;3;22;-6.819861215437751;2;13;13;1;2;9;7;-2.6873312323527334;4;10;1;0;4;6;1;19;16;4;6;3;24;3;4;4;3;20;7.406384448560007;3;4;0;3;4;2;5;5;9;2;3;18;2;14;17;1;6;5;2;4;25;3;7;1.0742935709902692;6;4;3;0;23;3.3180493902352772;21;0.04331538805891093;0;4;0;4;4;3;2;0;1;22;-5.040863174515768;16;3;24;0;5;10;1;21;4.8234693908999455;9;5;5;4;0;2;3;23;-1.5515800139695248;0;10;17;6;6;12;0;4;6;2;0;0;4;1;22;2.3797083920447912;13;6;0;17;23;1.4588863613307284;3;0;3;13;6;20;-1.4448078098233221;2;6;3;2;21;0.05391093961299387;23;7.249809286006625;3;1;3;14;5;17;5;2;0;0;1;0;6;16;5;23;-5.831160241759271;5;4;11;4;0;6;15;5;16;2;6;3;2;10;20;4.001050580506401;4;3;6;11;0;3;4;4;4;10;6;3;3;4;15
TRACK:280;270;-1;5;6;2;2;3;3;2;21;-9.677375521096375;1;0;0;21;-1.1767606511584185;21;4.873604833404394;23;9.798421271751511;2;1;12;10;1;18;24;6;1;4;2;3;1;22;-8.018154337951733;9;2;0;20;-0.02981127338922466;21;6.527956924225416;5;9;4;12;3;6;2;6;0;5;2;12;24;2;4;21;-2.749986313388707;0;11;7;5.868694979877027;5;5;2;1;15;13;5;7;1.568291101614977
TRACK:281;21;-1;5;4;1;0;0;2;0;0;1;1;15;15;2;21;-0.5085526052304066;21;-2.7699692962603777;0;1;20;4.4411024645438735;9;5;14;1;5;4;19;1;1;15;12;5;13;0;3;5;5;20;6.614732851852871;0;4;4;10;5;2;25;17;4;2;6;4;5;16;1;3;1;10;17;6;0;11;20;-0.6148379736021043;5;2;4;3;2;6;21;-7.18878829806776;5;23;9.188293902495946;1;0;3;6;15;6;6;18;5;6;20;-3.432668745705524;0;5;6;3;6;2;6;15;0;21;-0.7764126912077423;12;6;5;6;0;4;5;15;6;0;7;2.5883621755768855;12
TRACK:282;274;-1;0;0;2;1;2;5;5;0;4;6;22;3.1585340823112156;0;2;12;17;6;20;-9.89282813630341;3;1;1;2;1;12;17;0;21;-9.864535807741344;16;1;6;8;0;9;21;-9.899478497311318;1;6;6;18;4;2;17;17;4;2;4;0;5;6;15;6;1;23;-5.408813039935555;21;7.858530277291237;0;2;25;13;4;1;2;14;22;-9.525729056099083;1;21;1.582280968955359;11;0;2;6;0;2;4;1;15;22;9.985781113339835;3;0;25;24;5;3;5;22;-2.3193394817175035;4;3;0;6;6;21;-5.852938646089061;4;0;13;16;2;4;4;0;2;3;22;-6.833772090944458;2;13;13;1;2;9;7;-2.923349190108693;4;10;1;0;4;6;1;19;16;4;6;3;24;3;4;4;3;20;7.337724972607723;3;4;0;3;4;2;5;5;9;2;3;18;2;14;17;1;6;5;2;4;25;3;7;1.142562121888509;6;4;3;0;23;3.1826189721501104;21;-0.11041107197574118;0;4;0;4;4;3;2;0;1;22;-4.932424214957619;16;3;24;0;5;10;3;12;5;5;4;0;2;3;23;-1.5854795649653217;0;10;17;6;6;12;0;4;6;2;0;0;4;1;22;2.245143837598762;13;6;0;17;23;1.6764757205225411;3;0;3;13;6;20;-1.5080794013515706;2;6;3;2;21;0.1668009636396892;23;7.177395147679892;3;1;3;14;5;17;5;2;0;0;1;0;6;16;5;23;-6.049870973887193;5;4;11;4;0;6;15;5;16;2;6;3;2;10;20;3.7799543815625216;4;3;6;11;0;3;4;4;4;10;6;3;3;4;15
TRACK:283;276;-1;0;0;2;1;2;5;5;0;4;6;22;3.1258833182760077;0;2;12;17;6;20;-9.980859784825263;3;1;1;2;1;12;17;0;21;-9.957724320296633;16;1;6;8;0;9;21;-9.947293570286575;1;6;6;18;4;2;17;17;4;2;4;0;5;6;15;6;1;23;-5.4321187109638895;21;7.866393502105391;0;2;25;13;4;1;2;14;22;-9.217213306527526;1;21;1.4587994130888844;11;0;2;6;0;2;4;1;15;22;9.912265134781258;3;0;25;24;5;3;5;22;-2.1978913898553754;4;3;0;6;6;21;-9.974668695515643;4;0;13;16;2;4;4;0;2;3;22;-6.74253534494547;2;13;13;1;2;9;7;-2.680470977675458;4;10;1;0;4;6;1;19;16;4;6;3;24;3;4;4;3;20;7.370167891085169;3;4;6;4;11;0;4;0;4;4;3;2;0;1;22;-5.117631474882712;16;3;24;0;5;10;1;21;5.044011812400923;9;5;5;4;0;2;3;23;-1.5420313201590277;0;10;17;6;6;12;0;4;6;2;0;0;4;1;22;2.2638526860204156;13;6;0;17;23;1.619388179668035;3;0;3;13;6;20;-1.4505598140634846;2;6;3;2;21;-0.09696313328186437;23;7.399455916795336;3;1;3;14;5;17;5;2;0;0;1;0;6;16;5;23;-5.73716348652771;5;4;11;4;0;6;15;5;16;2;6;3;2;10;20;4.002791842609008;4;3;6;11;0;3;4;4;4;10;6;3;3;4;15
TRACK:284;278;-1;5;4;1;0;0;2;0;0;1;1;15;15;2;8;21;-3.2521374087306993;0;1;20;4.559849205867421;9;5;14;1;5;4;19;1;1;15;12;5;13;0;3;5;5;20;6.477037335506113;0;4;4;10;5;2;19;17;4;2;6;4;3;25;1;6;11;6;0;11;20;-0.5171018109413891;5;2;4;3;2;6;21;-7.322532987727839;5;9;1;0;3;6;15;6;6;18;2;5;6;14;4;2;21;-2.4691553193422657;12;0;5;6;3;6;2;6;15;0;21;-0.982862193565582;12;6;5;6;0;4;5;15;6;0;7;2.42967098879739;12
TRACK:285;271;-1;0;0;2;1;2;5;5;0;4;6;22;3.191252483704502;0;2;12;17;6;20;-9.847670767280652;3;1;1;2;1;12;17;0;21;-9.660634015037395;16;1;6;8;0;9;21;-9.78219708337289;1;6;6;18;4;2;17;17;4;2;4;0;5;6;15;6;1;23;-5.517624983219476;21;8.153249376258138;0;0;0;6;9;4;22;7.95631346836313;11;4;1;2;14;22;-9.367520603149913;1;21;1.4322336883744167;11;0;2;6;0;2;4;1;15;22;9.87950431958025;3;0;25;24;5;3;5;22;-2.0064534337615805;4;3;0;6;6;8;4;0;13;16;2;4;4;0;2;3;22;-6.7547269741368;2;13;13;1;2;9;7;-2.6355024791119557;4;10;1;0;4;6;1;19;16;4;6;3;24;3;4;4;3;13;3;4;0;3;4;2;5;5;9;2;3;18;2;14;17;1;6;5;2;4;25;3;7;1.3167486012533582;6;4;3;0;23;3.0954532307273634;21;0.19698094769914026;0;4;0;4;4;3;2;0;1;22;-5.013154535912216;16;3;24;0;5;10;1;21;4.79057305323854;9;5;5;4;0;2;3;23;-1.6314254692278836;0;10;17;6;6;12;0;4;6;2;0;0;4;1;22;2.4905736875931126;13;6;0;17;23;1.3794569873271805;3;0;3;13;6;20;-1.4147636400388524;2;6;3;2;21;0.01500355213202801;23;7.247466989134216;3;1;3;14;21;-2.7303826996024667;5;2;0;0;1;0;6;16;5;23;-5.817807275028451;5;4;11;4;0;6;15;5;16;2;6;3;2;10;20;3.9229080847303184;4;3;6;11;0;3;4;4;4;10;6;3;3;4;15
TRACK:286;28;-1;5;4;1;0;0;2;0;0;1;1;15;15;2;8;21;-3.0780465397895616;0;1;20;4.531162940817441;9;5;14;1;5;4;19;1;1;15;12;5;13;0;3;5;5;20;6.543931150495597;0;4;4;10;5;2;19;17;4;2;6;4;3;25;1;3;1;10;17;6;0;11;20;-0.4645903864192685;5;2;4;3;2;6;21;-7.35619166173829;5;23;9.149671841991747;1;0;3;6;15;6;6;18;2;5;6;14;4;2;21;-2.259873851329173;12;0;5;6;3;6;2;6;15;5;8;6;5;6;0;4;5;15;6;0;7;2.2872489037845947;12
TRACK:287;275;-1;5;6;2;2;3;3;2;6;3;0;24;7;-5.997214018017904;1;0;0;21;-1.2176440807645348;21;4.834447141756842;0;7;0.9443256818563435;21;-5.798644156503249;2;1;12;10;1;18;24;6;1;4;2;3;1;22;-8.208618220508425;9;2;0;20;0.20088259518584525;21;6.753094007321571;5;9;5;5;4;6;23;-8.673163507566926;3;6;2;6;0;5;2;12;24;2;4;21;-2.7444309644986093;0;7;6.573340951087815;7;5.7883603473139935;5;5;2;1;15;23;-5.93341111042422;5;7;1.5711464007353746
TRACK:288;277;-1;0;0;2;1;2;5;5;0;4;6;22;2.974026011620029;0;2;12;17;6;20;-10.0;3;1;1;2;1;12;17;0;21;-9.770067836710062;16;1;6;8;0;9;21;-9.948541670760028;1;6;6;18;4;2;17;17;4;2;4;0;5;6;15;6;1;23;-5.300697685383418;21;8.06637924516263;0;0;0;6;9;4;22;8.058065633039979;4;3;23;5.500726520659274;4;1;2;14;22;-9.140076689048135;1;21;1.2366326727767147;11;0;2;6;0;2;4;1;15;22;9.995355479307943;3;0;25;24;5;3;5;22;-2.243916122583958;4;3;0;6;6;8;4;0;13;16;2;4;4;0;2;3;22;-6.727481376858868;2;13;13;1;2;9;7;-2.642472767053769;4;10;1;0;4;6;1;19;16;4;6;3;24;3;4;4;3;20;7.354597095642989;3;4;0;3;4;2;5;5;9;2;3;18;2;14;17;1;6;5;2;4;25;3;7;1.2023416820468706;6;4;3;0;23;3.2391370438457767;21;-0.06125315030089844;0;4;0;4;4;3;2;0;0;20;-8.33942446621435;18;3;24;0;5;10;1;21;4.640112007520021;9;5;5;4;0;2;17;0;10;17;6;6;12;0;4;6;2;0;0;4;1;22;2.3848301555763443;13;6;0;17;23;1.4221283651333005;3;0;1;11;19;6;20;-1.395189860404485;2;6;3;2;21;-0.013351484602498367;23;7.426115792625666;3;1;3;14;5;17;5;2;0;0;1;0;6;16;5;23;-5.546207373258161;5;4;11;4;0;6;15;5;16;2;6;3;2;10;20;4.1312865738762765;4;3;6;11;0;3;4;4;4;10;6;3;3;4;15
TRACK:289;279;-1;0;0;2;1;2;5;5;0;4;6;22;3.2849091097457523;0;2;12;17;6;20;-10.0;3;1;1;2;1;12;17;0;21;-9.52493834927628;16;1;6;8;0;9;21;-9.942533256650055;1;6;6;18;4;2;17;17;4;2;4;0;5;6;15;6;1;23;-5.468001087750642;21;8.006895503708535;21;-2.654477640199218;0;2;6;0;2;4;1;15;22;10.0;3;0;25;24;5;3;5;22;-2.31051333994266;4;3;0;6;6;8;4;0;13;16;2;4;4;0;2;3;22;-6.865425761798306;2;13;13;1;2;9;7;-2.6433341284385903;4;10;1;0;4;6;1;19;16;4;6;3;24;3;4;4;3;20;7.4232382111183615;3;4;0;3;4;2;5;5;9;2;3;18;2;14;17;1;6;5;2;4;25;3;7;1.043842010653422;6;4;3;0;23;3.198825663530037;21;0.05266163406656423;0;4;0;4;4;3;2;0;1;22;-5.136060286938823;16;3;24;0;5;10;1;21;4.7711731841493705;9;5;5;4;0;2;3;23;-1.472668280085753;0;10;17;6;6;12;0;4;6;2;0;0;4;1;22;2.3046756327717155;13;6;0;17;23;1.564570492476565;3;0;3;13;6;20;-1.3206237965504395;2;6;3;2;21;-0.16537974487571006;23;7.230032278361882;3;1;3;14;5;17;5;2;0;0;1;0;6;16;5;23;-5.9034108317007545;5;4;11;4;0;6;15;5;16;2;6;3;2;10;20;4.132327034469561;4;1;5;7;2.366559763960481;0;21;6.109130734434473;10;0;3;4;4;4;10;6;3;3;4;15
EVAL_INSTANCE:14:0:280
EVAL_INSTANCE:14:1:281
EVAL_INSTANCE:14:2:282
EVAL_INSTANCE:14:3:283
EVAL_INSTANCE:14:4:284
EVAL_INSTANCE:14:5:285
EVAL_INSTANCE:14:6:286
EVAL_INSTANCE:14:7:287
EVAL_INSTANCE:14:8:288
EVAL_INSTANCE:14:9:289
RUN_RESULT:14:0:0:1:R
RUN_RESULT:14:1:0:1:R
RUN_RESULT:14:2:0:1:R
RUN_RESULT:14:3:0:1:R
RUN_RESULT:14:4:0:1:R
RUN_RESULT:14:5:0:1:R
RUN_RESULT:14:6:0:2000:----
RUN_RESULT:14:7:0:1:R
RUN_RESULT:14:8:0:5:R
RUN_RESULT:14:9:0:1:R
    15 |      150 | -3.999000E+03 | -3.999000E+03
TRACK:290;23;2;0;0;2;1;2;5;5;0;4;6;22;3.2668285997442634;0;2;12;17;6;20;-9.903783146159224;3;1;4;18;1;6;6;18;4;2;17;17;4;2;4;0;5;6;15;6;1;23;-5.410079225211433;21;8.068355607108614;0;0;0;6;9;4;22;8.165444327069444;4;3;23;5.519606106470469;4;1;2;14;22;-9.220126882445513;1;21;1.442335188124866;11;0;2;6;0;2;4;1;15;22;9.955555360696286;3;0;25;24;5;3;5;22;-2.2491903281556564;4;3;0;6;6;8;4;0;13;16;2;4;4;0;2;3;22;-6.811671209203136;2;13;13;1;2;9;7;-2.592353913797836;4;10;1;0;4;6;1;19;16;4;6;3;24;3;4;4;3;20;7.239519644559551;3;4;0;3;4;2;5;5;9;2;3;18;2;14;17;1;6;5;2;4;25;3;7;1.1456949179435212;6;4;3;0;23;3.330070170700423;21;-0.18845299555283795;0;4;5;5;0;4;6;22;3.031182817319767;0;2;12;17;6;20;-9.97192199972452;0;4;6;2;0;0;4;1;22;2.3767243719283937;13;6;0;17;23;1.6478805854896297;3;0;1;11;19;6;20;-1.3685197526869093;2;6;3;2;21;-0.0795170768706592;23;7.384744177450713;3;1;3;14;5;17;5;2;0;0;1;0;6;16;5;23;-5.675644686082391;5;9;4;0;6;15;5;16;2;6;3;2;10;20;3.7856579658018195;4;3;6;11;0;3;4;4;4;10;6;3;3;4;15
TRACK:291;23;2;0;0;2;1;2;5;5;0;4;6;22;3.031182817319767;0;2;12;17;6;20;-9.97192199972452;3;1;1;2;1;12;17;0;21;-9.7268871627489;16;1;6;8;0;9;21;-9.922376920258284;1;6;6;18;4;2;17;17;4;2;4;0;5;6;15;6;1;23;-5.309494411506693;21;8.071916500284814;0;0;0;6;9;4;22;8.086509638767492;4;3;23;5.5654648444773684;4;1;2;14;22;-9.18845994352155;1;21;1.4669552435428876;11;0;2;6;0;2;4;1;15;22;9.870899242591655;3;0;25;24;5;3;5;22;-2.2431516394546254;4;3;0;6;6;8;4;0;13;16;2;4;4;0;2;3;22;-6.743427261917745;2;13;13;1;2;9;7;-2.602109691432968;4;10;1;0;4;6;1;19;16;4;6;3;24;3;4;4;3;20;7.371409276066082;3;4;0;3;4;2;5;5;9;2;3;18;2;14;17;1;6;5;2;4;25;3;7;1.1674254552004832;6;4;3;0;23;3.3317529958480634;21;-0.0517577342614679;0;4;0;4;4;3;2;0;1;22;-4.979945431917779;16;3;24;0;5;10;1;21;4.760794254241617;9;5;5;4;0;2;3;23;-1.5080508963211194;0;10;17;6;6;12;0;4;6;2;0;0;4;1;22;2.295434000885752;13;6;0;17;24;3;0;1;11;19;6;20;-1.362300833729746;2;6;3;2;21;-0.08729096684811033;23;7.443187501011423;3;1;3;14;5;17;5;2;0;0;1;0;6;16;5;23;-5.702068437292375;5;4;11;4;0;6;15;5;16;2;6;3;2;10;20;4.04547981344157;4;3;6;11;0;3;4;4;4;10;6;3;3;4;15
TRACK:292;25;21;5;6;2;2;3;3;2;6;3;0;11;7;-5.925200892751493;1;0;0;21;-1.3488400063729067;9;0;23;4.993208176989911;21;-5.826206252100551;2;1;12;10;1;10;24;6;1;4;2;3;1;22;-7.995760844036555;9;2;0;20;-0.06391852874862233;21;6.495897404272404;5;9;5;5;4;6;23;-8.665986726034827;3;6;2;6;0;5;2;12;24;2;4;21;-2.9267110007728876;0;11;7;5.642581421030729;5;5;2;1;15;23;-5.86369986010157;5;7;1.4792654408197785
TRACK:293;25;21;5;4;1;0;0;2;0;0;1;1;15;15;2;21;-0.5986427363710476;21;-2.850874645060475;0;1;20;4.553587795760294;9;5;14;1;5;4;19;1;1;15;12;5;13;0;3;5;5;20;6.670903505788042;0;4;4;10;5;2;25;17;4;2;6;4;3;25;1;3;1;10;17;6;0;11;20;-0.5463880321972979;5;2;4;3;2;6;21;-7.188924901505215;5;23;9.136524522467141;1;0;3;6;15;6;6;18;5;6;20;-3.6306182512761103;0;5;6;3;6;2;6;15;0;21;-0.8419750676653553;12;6;5;6;1;10;24
TRACK:294;3;23;5;4;1;0;0;2;0;0;1;1;15;15;2;8;21;-2.8997289864945985;0;1;20;4.429039226398494;9;5;14;1;5;4;19;1;1;15;12;5;13;0;3;5;5;20;6.640142898363042;0;4;4;10;5;2;25;17;4;2;6;4;3;25;1;3;1;17;17;6;0;11;20;-0.46712305459492676;5;2;4;3;2;6;21;-7.213051363293035;5;23;8.987989424121196;1;0;3;6;15;6;6;18;2;5;1;21;-7.606383624926931;10;4;2;21;-2.4748086995170837;12;0;5;6;3;6;2;6;15;0;21;-1.033545478096766;12;6;5;6;0;4;5;15;6;0;7;2.421066302104329;12
TRACK:295;3;23;0;0;2;1;2;5;5;0;4;6;22;3.2668285997442634;0;2;12;17;6;20;-9.903783146159224;3;1;4;18;1;6;6;18;4;2;17;17;4;2;4;0;5;6;15;6;1;23;-5.410079225211433;21;8.068355607108614;0;0;0;6;9;4;22;8.165444327069444;4;3;23;5.519606106470469;4;1;2;14;22;-9.220126882445513;1;21;1.442335188124866;11;0;2;6;0;2;4;1;15;22;9.955555360696286;3;0;25;24;5;3;5;22;-2.2491903281556564;4;3;0;6;6;8;4;0;13;16;2;4;4;0;2;3;22;-6.811671209203136;2;13;13;1;2;9;7;-2.592353913797836;4;10;1;0;4;6;1;19;16;4;6;3;24;3;4;4;3;20;7.239519644559551;3;6;15;0;4;0;4;4;3;2;0;1;22;-5.081940191264003;16;3;24;0;5;10;1;21;4.804861897982282;9;5;5;4;0;2;3;23;-1.5335799730426882;0;10;17;6;6;12;0;4;6;2;0;0;4;1;22;2.3767243719283937;13;6;0;17;23;1.6478805854896297;3;0;1;11;19;6;20;-1.3685197526869093;2;6;3;2;21;-0.0795170768706592;23;7.384744177450713;3;1;3;14;5;17;5;2;0;0;1;0;6;16;5;23;-5.675644686082391;5;9;4;0;6;15;5;16;2;6;3;2;10;20;3.7856579658018195;4;3;6;11;0;3;4;4;4;10;6;3;3;4;15
TRACK:296;25;22;5;6;2;2;3;3;2;6;3;0;24;7;-5.925200892751493;1;0;0;21;-1.3488400063729067;9;0;23;4.993208176989911;21;-5.826206252100551;2;1;12;10;1;10;24;6;1;4;2;3;9;2;0;20;-0.06391852874862233;21;6.495897404272404;5;9;5;5;4;6;23;-8.665986726034827;3;6;2;6;0;5;2;12;24;2;4;21;-2.9267110007728876;0;11;7;5.642581421030729;5;5;2;1;15;23;-5.86369986010157;5;7;1.4792654408197785
TRACK:297;25;22;0;0;2;1;2;5;5;0;4;6;22;3.1376024512846805;0;2;12;17;6;20;-10.0;3;1;1;2;1;12;17;0;21;-9.63984128905789;16;1;6;8;0;9;21;-9.867098248276442;1;6;6;18;4;2;17;17;4;2;4;0;5;6;15;6;1;23;-5.449767043999264;21;8.043334842495161;0;0;0;6;9;4;22;7.999507916025976;11;4;1;2;14;22;-9.267664248065293;1;21;1.5248170402603707;11;0;2;6;0;2;4;1;15;9;3;0;25;24;5;3;5;22;-2.209189173186143;4;3;0;6;6;8;4;0;13;16;2;4;4;0;2;3;22;-6.819861215437751;2;13;13;1;2;9;7;-2.6873312323527334;4;10;1;0;4;6;1;19;16;4;6;3;24;3;4;4;3;20;7.406384448560007;3;4;0;3;4;2;5;5;9;2;3;18;2;14;17;1;6;5;2;4;25;3;7;1.0742935709902692;6;4;3;0;23;3.3180493902352772;21;0.04331538805891093;0;4;0;4;4;3;2;0;1;22;-5.040863174515768;16;3;24;0;5;10;1;21;4.8234693908999455;9;5;5;4;0;2;3;23;-1.5515800139695248;0;10;17;6;6;12;0;4;6;2;0;0;4;1;22;2.3797083920447912;13;6;0;17;23;1.4588863613307284;3;0;3;13;6;20;-1.4448078098233221;2;6;3;2;21;0.05391093961299387;23;7.249809286006625;3;1;3;14;5;17;5;2;0;0;1;0;6;16;5;23;-5.831160241759271;5;4;11;4;0;6;15;5;16;2;6;3;2;10;20;4.001050580506401;4;3;6;11;0;3;4;4;4;10;6;3;3;4;15
TRACK:298;9;21;5;6;2;2;3;3;2;6;3;0;24;7;-5.849577638755394;1;0;6;15;0;23;5.007203881741621;21;-5.8370457809316285;2;1;12;10;1;18;24;6;1;4;2;3;1;22;-8.140930522045164;9;2;0;20;-0.029403678051664883;21;6.576113996066624;5;9;5;5;4;6;23;-8.675700413732324;3;6;2;6;0;5;2;12;24;2;4;21;-2.775791669689875;0;11;7;5.714236995607498;5;5;2;1;15;23;-5.928805437015097;5;7;1.5047018222999764
TRACK:299;9;21;5;4;1;0;0;2;0;0;1;1;15;15;2;21;-0.5986427363710476;21;-2.850874645060475;0;1;20;4.553587795760294;9;5;14;1;5;4;19;1;1;15;12;5;13;0;3;5;5;20;6.670903505788042;0;4;4;10;5;2;25;17;4;2;9;1;3;1;10;17;6;0;11;20;-0.5463880321972979;5;2;4;3;2;6;21;-7.188924901505215;5;23;9.136524522467141;1;0;3;6;15;6;6;18;5;6;20;-3.6306182512761103;0;5;6;3;6;2;6;15;0;21;-0.8419750676653553;12;6;5;6;0;4;5;15;6;0;7;2.55348122767877;12
TRACK:300;290;-1;0;0;2;1;2;5;5;0;4;6;22;3.3481835903628063;0;2;12;17;6;20;-9.768544316979503;3;1;4;18;1;6;6;18;4;2;17;17;4;2;4;0;5;6;15;6;1;23;-5.516168056245643;21;7.950690109671226;0;0;0;6;9;4;22;8.14231644253729;4;3;23;5.58786712987376;4;1;2;14;22;-9.277194782888236;1;21;1.5064009960736544;11;0;2;6;0;2;4;1;15;22;9.980710454803624;3;0;25;24;5;3;5;22;-2.2474437312993603;4;3;0;6;6;8;4;0;13;16;2;4;4;0;2;3;22;-6.718677291008276;2;13;13;1;2;9;7;-2.54502074258331;4;10;1;0;4;6;1;19;16;4;6;3;24;3;4;4;3;20;7.1344398432983365;3;4;0;3;4;2;5;5;9;2;3;18;2;14;17;1;6;5;6;11;6;4;3;0;23;3.4454623908853175;21;-0.2747527413696322;0;4;5;5;0;4;6;22;2.832427436749714;0;2;12;17;6;20;-10.0;0;4;6;2;0;0;4;1;22;2.4113190046567103;13;6;0;17;23;1.6768517673872354;3;0;1;11;19;6;20;-1.3830083523782646;2;6;3;2;21;-0.010824728982539458;23;7.354305814153638;3;1;3;14;5;17;5;2;0;0;1;0;6;16;5;23;-5.887265912778353;5;9;4;0;6;15;5;16;2;6;3;2;10;20;3.6204716197714557;4;3;6;11;0;3;4;4;4;10;6;3;3;4;15
TRACK:301;292;-1;5;6;2;2;3;3;2;6;3;0;11;7;-5.899459603971427;1;0;0;21;-1.3104444569303038;9;0;23;4.934314471235736;21;-5.700324724636478;2;1;12;10;1;10;24;6;1;4;2;3;1;22;-7.971419347681743;9;2;0;20;0.09792812809029389;21;6.487698032535819;5;12;5;5;4;6;23;-8.604738778351532;3;6;2;6;0;5;2;12;24;2;4;21;-2.880279145483309;0;11;7;5.616017266198934;5;5;2;1;15;23;-5.929287933280164;5;7;1.4063163827641785
TRACK:302;294;-1;5;4;1;0;0;2;0;0;1;1;15;15;2;8;21;-2.763071313501007;0;1;20;4.411548645362808;9;5;14;1;5;4;19;1;1;15;12;5;13;0;3;5;5;20;6.478862530294217;0;4;4;10;5;2;25;17;4;2;6;4;3;25;1;3;1;17;17;6;0;11;20;-0.41561071970367797;5;2;4;3;2;6;21;-7.102495221763583;5;23;8.9692103897793;1;0;3;3;22;-5.512785510342255;6;6;18;2;5;1;21;-7.5621494403868725;10;4;2;21;-2.4674142533575587;12;0;5;6;3;6;2;6;15;0;21;-1.0243148333248777;12;6;5;6;0;4;5;15;6;0;7;2.4488792537267523;12
TRACK:303;296;-1;5;6;2;2;3;3;2;6;3;0;24;7;-5.892509496557913;1;0;0;21;-1.437681889889733;9;0;23;4.943691113215089;21;-5.875263017429534;2;1;12;10;1;10;24;6;1;4;2;3;9;2;0;20;-0.2705354940279221;21;6.472687796753643;5;9;5;5;4;6;23;-8.722961154396016;3;5;2;0;6;0;12;23;-4.850938800683;5;1;15;23;-7.690123409611513;3;4;4;16
TRACK:304;9;-1;5;6;2;2;5;6;3;4;15;6;1;4;2;3;1;22;-8.203964508378188;9;2;0;20;0.08796501703174453;21;6.714139750772444;5;9;5;5;4;6;23;-8.768006785293807;3;6;2;6;0;5;2;12;24;2;4;21;-2.8221890521310438;0;11;7;5.4640961911212;5;5;2;1;15;23;-5.8069707397474675;5;7;1.600473383292231
TRACK:305;291;-1;0;0;2;1;2;5;5;0;4;6;22;3.1531552597543695;0;2;12;17;6;20;-9.97553763506118;3;1;1;2;1;12;17;0;21;-9.66329261258636;16;1;6;8;0;9;21;-9.890523102648219;1;6;6;18;4;2;17;17;4;2;4;0;5;6;15;6;1;23;-5.34674424243181;21;8.053057156502037;0;0;0;6;9;4;22;7.9539426459387075;4;3;23;5.5698252312478465;4;1;2;14;22;-9.449927419803627;1;21;1.5546397398900367;11;0;2;6;0;2;4;1;15;22;9.892432269033142;3;0;25;24;5;3;5;22;-2.2467037617407315;4;3;0;6;6;8;4;0;13;16;2;4;4;0;2;3;22;-6.743986173062779;2;13;13;1;2;9;7;-2.520470914555227;4;10;1;0;4;3;2;24;23;2.5127846279371706;4;6;3;24;3;4;4;3;20;7.432596555455501;3;4;0;3;4;2;5;5;9;2;3;18;2;14;17;1;6;5;2;4;25;3;7;1.223298780877028;6;4;3;0;23;3.3304267317025236;21;0.13243163028816965;0;4;0;4;4;3;2;0;1;22;-4.9035874297044675;16;3;24;0;5;10;1;21;4.8202174752521625;9;5;5;4;0;2;3;23;-1.370724564426373;0;10;17;6;6;12;0;4;6;2;0;0;4;1;22;1.9563960210467282;13;6;0;17;24;3;0;1;11;19;6;20;-1.1610463254252095;2;6;3;2;21;-0.09116284184230064;23;7.439940722596233;3;1;3;14;5;17;5;2;0;0;1;0;6;16;5;23;-5.641488010959282;5;4;11;4;0;6;15;5;16;2;6;3;2;10;20;4.057347698968017;4;3;6;11;0;3;4;4;4;10;6;3;3;4;15
TRACK:306;293;-1;5;4;1;3;6;0;0;6;22;7.374800221630107;3;16;2;3;9;1;24;20;-8.500589359093054;0;5;6;3;6;2;6;15;0;21;-1.0140240937160954;12;6;5;6;1;10;24
TRACK:307;295;-1;0;0;2;1;2;5;5;0;4;6;22;3.3604584205288317;0;2;12;17;6;20;-10.0;3;1;4;18;1;6;6;18;4;2;17;17;4;2;4;0;5;6;15;6;1;23;-5.381182568052284;21;8.172886575868723;0;0;0;6;9;4;22;8.209611848710729;4;3;23;5.485000010465804;4;1;2;14;22;-9.052248799808227;1;21;1.3110511776995106;11;0;2;6;0;2;4;1;15;22;10.0;3;0;25;24;5;3;5;22;-2.2319582882358904;4;3;0;6;6;8;4;0;13;16;2;4;4;0;2;3;22;-6.972611877028033;2;13;13;1;2;9;14;4;10;1;0;4;6;1;19;16;4;6;3;24;3;4;4;3;20;7.355751757420146;3;6;15;0;4;0;4;4;3;2;0;1;22;-5.246225205879988;16;3;24;0;5;10;1;21;4.760892400210148;9;5;5;4;0;2;3;23;-1.4554467988772803;0;10;17;6;6;12;0;4;6;2;0;0;4;1;22;2.2736824907684934;13;6;0;17;23;1.5939986405759337;3;0;1;11;19;6;20;-1.3912037038189773;2;6;3;2;21;-0.09082757600636182;23;7.41806116155899;3;1;3;14;5;17;5;2;0;0;1;0;6;16;5;23;-5.544714806103757;5;9;4;0;6;15;5;16;2;6;3;2;10;20;3.8526920557902544;4;3;6;11;0;3;4;4;4;10;6;3;3;4;15
TRACK:308;297;-1;0;0;2;1;2;5;5;0;4;6;22;3.040446421736168;0;2;12;17;6;20;-10.0;3;1;1;2;1;12;17;0;21;-9.604323690805597;16;1;6;8;0;9;21;-9.746124759692531;1;6;6;18;4;2;17;17;4;2;4;0;5;6;15;6;1;23;-5.5067696033180615;21;7.90827291607682;0;0;0;6;9;4;22;7.819383405469777;11;4;1;2;14;22;-9.451786451607507;1;21;1.437586571524229;11;0;2;6;0;2;4;1;15;9;3;0;25;24;5;3;5;22;-2.1250727387051573;4;6;0;24;18;2;4;4;0;2;3;22;-6.682090380108432;2;13;13;1;2;9;7;-2.56398304994112;4;10;1;0;4;6;1;19;16;4;6;3;24;3;4;4;3;20;7.530225925549645;3;4;0;3;4;2;5;5;9;2;3;18;2;14;17;1;6;5;2;4;25;3;7;1.180345532591729;6;4;3;0;23;3.3776038508066324;21;-0.021197596238908656;0;4;0;4;4;3;2;0;1;22;-5.007256021467732;16;3;24;0;5;10;1;21;4.896021068129428;9;5;5;4;0;2;3;23;-1.4817183512673058;0;10;17;6;6;12;0;4;6;2;0;0;4;1;22;2.5213864535385477;13;6;0;17;23;1.3853644575841353;3;0;3;13;6;20;-1.4200816929658355;2;6;3;2;21;0.11465910361778839;23;7.249317868039859;3;1;3;14;5;17;5;2;0;0;1;0;6;16;5;23;-5.70419725351332;5;4;11;4;0;6;15;5;16;2;6;3;2;10;20;3.9606463389114914;4;3;6;11;0;3;4;4;4;10;6;3;3;4;15
TRACK:309;21;-1;5;4;1;0;0;2;0;0;1;1;15;15;2;21;-0.5585703886620837;21;-2.873769774808835;0;1;20;4.674924509689253;9;5;14;1;5;4;19;1;1;15;12;5;13;0;3;5;5;20;6.686650364190995;0;4;4;10;5;2;25;17;4;2;6;4;3;25;1;3;1;10;17;6;0;11;20;-0.6322549217327625;5;2;4;3;2;6;21;-7.201513181347354;6;14;1;0;3;6;15;6;6;18;5;6;20;-3.6290702683571907;0;5;6;3;6;2;6;15;0;21;-0.5413589843357032;12;6;5;6;0;4;5;15;6;0;7;2.527955722654354;12
EVAL_INSTANCE:15:0:300
EVAL_INSTANCE:15:1:301
EVAL_INSTANCE:15:2:302
EVAL_INSTANCE:15:3:303
EVAL_INSTANCE:15:4:304
EVAL_INSTANCE:15:5:305
EVAL_INSTANCE:15:6:306
EVAL_INSTANCE:15:7:307
EVAL_INSTANCE:15:8:308
EVAL_INSTANCE:15:9:309
RUN_RESULT:15:0:0:5:R
RUN_RESULT:15:1:0:1:R
RUN_RESULT:15:2:0:1:R
RUN_RESULT:15:3:0:4:R
RUN_RESULT:15:4:0:1:R
RUN_RESULT:15:5:0:1:R
RUN_RESULT:15:6:0:3:R
RUN_RESULT:15:7:0:1:R
RUN_RESULT:15:8:0:1:R
RUN_RESULT:15:9:0:1:R
    16 |      160 | -3.999000E+03 | -3.999000E+03
TRACK:310;29;21;5;6;2;2;3;3;15;6;1;4;2;3;1;22;-8.028277959779366;9;2;0;20;-0.05479148019335178;21;6.534412063832682;5;9;4;12;3;6;2;6;0;5;2;12;24;2;4;21;-2.669381924670647;0;11;7;5.732114652766611;5;5;2;1;15;23;-5.827269548133917;5;7;1.527425361287737
TRACK:311;29;21;5;4;1;0;0;2;0;0;1;1;15;15;2;21;-0.5986427363710476;21;-2.850874645060475;0;1;20;4.553587795760294;9;5;14;1;5;4;19;1;1;9;12;5;13;0;3;5;5;20;6.670903505788042;0;4;4;10;5;2;25;17;4;2;6;4;3;25;1;3;1;10;17;6;0;11;20;-0.5463880321972979;5;2;4;3;2;6;21;-7.188924901505215;5;23;9.136524522467141;1;0;3;6;15;6;6;18;5;6;20;-3.6306182512761103;0;5;6;3;6;2;6;15;0;21;-0.8419750676653553;12;6;5;6;0;4;5;15;6;0;7;2.55348122767877;12
TRACK:312;22;25;0;0;2;1;2;5;5;0;4;6;22;3.1376024512846805;0;2;12;17;6;20;-10.0;3;1;1;2;1;12;17;0;21;-9.63984128905789;16;1;6;8;0;9;21;-9.867098248276442;1;6;6;18;4;2;17;17;4;2;4;0;5;6;15;6;1;23;-5.449767043999264;21;8.043334842495161;0;0;0;6;9;4;22;7.999507916025976;11;4;1;2;14;22;-9.267664248065293;1;21;1.5248170402603707;11;0;2;6;0;2;4;1;15;22;9.954364267228243;3;0;25;24;5;3;5;22;-2.209189173186143;4;3;0;6;6;8;4;0;13;16;2;4;4;0;2;3;22;-6.819861215437751;2;13;13;1;2;9;7;-2.6873312323527334;4;10;1;0;4;6;1;19;16;4;6;3;24;3;4;4;3;20;7.406384448560007;3;4;0;3;4;2;5;5;9;2;3;18;2;14;17;1;6;5;2;4;25;3;7;1.0742935709902692;6;4;3;0;23;3.3180493902352772;21;0.04331538805891093;0;4;0;4;4;3;2;0;1;22;-5.040863174515768;16;3;24;0;5;10;1;21;4.8234693908999455;9;5;5;4;0;2;3;23;-1.5515800139695248;0;10;17;6;6;12;0;4;6;2;0;0;4;1;22;2.3797083920447912;13;6;0;17;23;1.4588863613307284;3;0;3;13;6;20;-1.4448078098233221;2;6;3;2;21;0.05391093961299387;23;7.249809286006625;3;1;3;14;5;17;5;2;0;0;1;0;6;16;5;23;-5.831160241759271;5;4;11;21;-5.826206252100551;2;6;3;2;10;20;4.001050580506401;4;3;6;11;0;3;4;4;4;10;6;3;3;4;15
TRACK:313;22;25;5;6;2;2;3;3;2;6;3;0;24;7;-5.925200892751493;1;0;0;21;-1.3488400063729067;9;0;23;4.993208176989911;21;-5.826206252100551;2;1;12;10;1;10;24;6;1;4;6;12;5;5;4;6;23;-8.665986726034827;3;6;2;6;0;5;2;12;24;2;4;21;-2.9267110007728876;0;11;7;5.642581421030729;5;5;2;1;15;23;-5.86369986010157;5;7;1.4792654408197785
TRACK:314;2;3;0;0;2;1;2;5;5;0;4;6;22;3.031182817319767;0;2;12;17;6;20;-9.97192199972452;3;1;1;2;1;12;17;0;21;-9.7268871627489;16;1;6;8;0;9;21;-9.922376920258284;1;6;6;18;4;2;17;17;4;2;4;0;5;6;15;6;1;23;-5.309494411506693;21;8.071916500284814;0;0;0;6;9;4;22;8.086509638767492;4;3;23;5.5654648444773684;4;1;2;14;22;-9.18845994352155;1;21;1.4669552435428876;11;0;2;6;0;2;4;1;15;22;9.870899242591655;3;0;25;24;5;3;5;22;-2.2431516394546254;4;3;0;6;6;8;4;0;13;16;2;4;4;0;2;3;22;-6.743427261917745;2;13;13;1;2;9;7;-2.602109691432968;4;10;1;0;4;6;1;19;16;4;6;3;24;3;4;4;3;20;7.371409276066082;3;4;0;3;4;2;5;5;9;2;3;18;2;14;17;1;6;5;2;4;25;3;7;1.1674254552004832;6;4;3;0;23;3.3317529958480634;21;-0.0517577342614679;0;4;0;4;4;3;2;0;1;22;-4.979945431917779;16;3;24;0;5;10;1;21;4.760794254241617;9;5;5;4;0;9;6;6;12;0;4;6;2;0;0;4;1;22;2.295434000885752;13;6;0;17;23;1.515564816410702;3;0;1;11;19;6;20;-1.362300833729746;2;6;3;2;21;-0.08729096684811033;23;7.443187501011423;3;1;3;14;5;17;5;2;0;0;1;0;6;16;5;23;-5.702068437292375;5;4;11;4;0;6;15;5;16;2;6;3;2;10;20;4.04547981344157;4;3;6;11;0;3;4;4;4;10;6;3;3;4;15
TRACK:315;2;3;5;4;1;0;0;6;6;8;4;2;6;4;3;25;1;3;1;10;17;6;0;11;20;-0.46712305459492676;5;2;4;3;2;6;21;-7.213051363293035;5;23;8.987989424121196;1;0;3;6;15;6;6;18;2;5;1;21;-7.606383624926931;10;4;2;21;-2.4748086995170837;12;0;5;6;3;6;2;6;15;0;21;-1.033545478096766;12;6;5;6;0;4;5;15;6;0;7;2.421066302104329;12
TRACK:316;9;23;5;6;2;2;3;3;2;6;3;0;24;7;-5.849577638755394;1;0;0;21;-1.281303466344843;21;4.922607208510069;0;23;5.007203881741621;21;-5.8370457809316285;2;1;12;10;1;18;24;6;1;4;2;3;1;22;-8.140930522045164;9;2;0;20;-0.029403678051664883;21;6.576113996066624;5;9;5;5;4;6;23;-8.675700413732324;3;6;2;6;0;5;2;12;24;2;4;21;-2.775791669689875;0;11;7;5.714236995607498;2;6;3;2;10;20;3.7856579658018195;4;3;6;11
TRACK:317;9;23;0;0;2;1;2;5;5;0;4;6;22;3.2668285997442634;0;2;12;17;6;20;-9.903783146159224;3;1;4;18;1;6;6;18;4;2;17;17;4;2;4;0;5;6;15;6;1;23;-5.410079225211433;21;8.068355607108614;0;0;0;6;9;4;22;8.165444327069444;4;3;23;5.519606106470469;4;1;2;14;22;-9.220126882445513;1;21;1.442335188124866;11;0;2;6;0;2;4;1;15;22;9.955555360696286;3;0;25;24;5;3;5;22;-2.2491903281556564;4;3;0;6;6;8;4;0;13;16;2;4;4;0;2;3;22;-6.811671209203136;2;13;13;1;2;9;7;-2.592353913797836;4;10;1;0;4;6;1;19;16;4;6;3;24;3;4;4;3;20;7.239519644559551;3;4;0;3;4;2;5;21;-1.281303466344843;2;3;18;2;14;17;1;6;5;2;4;25;3;7;1.1456949179435212;6;4;3;0;23;3.330070170700423;21;-0.18845299555283795;0;4;0;4;4;3;2;0;1;22;-5.081940191264003;16;3;24;0;5;10;1;21;4.804861897982282;9;5;5;4;0;2;3;23;-1.5335799730426882;0;10;17;6;6;12;0;4;6;2;0;0;4;1;22;2.3767243719283937;13;6;0;17;23;1.6478805854896297;3;0;1;11;19;6;20;-1.3685197526869093;2;6;3;2;21;-0.0795170768706592;23;7.384744177450713;3;1;3;14;5;17;5;2;0;0;1;0;6;16;5;23;-5.675644686082391;5;9;4;0;6;15;5;16;2;6;3;2;10;20;3.7856579658018195;4;3;6;11;0;3;4;4;4;10;6;3;3;4;15
TRACK:318;28;22;5;4;1;0;0;2;0;0;1;1;15;15;2;8;21;-3.116285650605017;0;1;20;4.518001568900134;9;5;14;1;5;4;19;1;1;15;12;5;13;0;3;5;5;20;6.491282683198672;0;4;4;10;5;2;19;10;4;2;6;4;3;25;1;3;1;10;17;6;0;11;20;-0.529505631861049;5;2;4;3;2;6;21;-7.40638894996376;5;23;9.09974364047189;1;0;3;6;15;6;6;18;2;5;6;14;4;2;21;-2.5058067000601274;12;0;5;6;3;6;2;6;15;0;21;-0.9834365654509548;12;6;5;6;0;4;5;15;6;0;7;2.448094492944901;12
TRACK:319;28;22;0;0;2;1;2;5;5;0;4;6;22;3.1376024512846805;0;2;12;17;6;20;-10.0;3;1;1;2;1;12;17;0;21;-9.63984128905789;16;1;6;8;0;9;21;-9.867098248276442;1;4;19;4;2;17;17;4;2;4;0;5;6;15;6;1;23;-5.449767043999264;21;8.043334842495161;0;0;0;6;9;4;22;7.999507916025976;11;4;1;2;14;22;-9.267664248065293;1;21;1.5248170402603707;11;0;2;6;0;2;4;1;15;22;9.954364267228243;3;0;25;24;5;3;5;22;-2.209189173186143;4;3;0;6;6;8;4;0;13;16;2;4;4;0;2;3;22;-6.819861215437751;2;13;13;1;2;9;7;-2.6873312323527334;4;10;1;0;4;6;1;19;16;4;6;3;24;3;4;4;3;20;7.406384448560007;3;4;0;3;4;2;5;5;9;2;3;18;2;14;17;1;6;5;2;4;25;3;7;1.0742935709902692;6;4;3;0;23;3.3180493902352772;21;0.04331538805891093;0;4;0;4;4;3;2;0;1;22;-5.040863174515768;16;3;24;0;5;10;1;21;4.8234693908999455;9;5;5;4;0;2;3;23;-1.5515800139695248;0;10;17;6;6;12;0;4;6;2;0;0;4;1;22;2.3797083920447912;13;6;0;17;23;1.4588863613307284;3;0;3;13;6;20;-1.4448078098233221;2;6;3;2;21;0.05391093961299387;23;7.249809286006625;3;1;3;14;5;17;5;2;0;0;1;0;6;16;5;23;-5.831160241759271;5;4;11;4;0;6;15;5;16;2;6;3;2;10;20;4.001050580506401;4;3;6;11;0;3;4;4;4;10;6;3;3;4;15
TRACK:320;310;-1;5;6;2;2;3;3;15;6;1;4;2;3;1;22;-7.89855409764378;9;2;0;20;-0.08005935573532377;21;6.471503057652635;5;9;4;12;3;6;2;6;0;5;2;12;24;2;4;18;0;11;7;5.667394528185545;5;5;2;1;15;23;-5.8184762738168265;5;7;1.553134959378192
TRACK:321;312;-1;0;0;2;1;2;5;5;0;4;6;22;3.0243627158493522;0;2;12;17;6;20;-10.0;3;1;1;2;1;12;17;0;21;-9.690787167678305;16;1;6;8;0;9;21;-9.846868597409495;1;4;21;-7.6864842707964876;4;2;17;17;4;2;4;0;5;6;15;6;1;23;-5.477127377188579;21;8.242049155135858;0;0;0;6;9;4;22;7.978616919282736;11;4;1;2;14;22;-9.285216194177357;1;21;1.8177353754481864;11;0;2;6;0;2;4;1;15;22;10.0;3;0;25;24;5;3;5;22;-2.3791034472762242;4;3;0;6;6;8;4;0;13;16;2;4;4;0;2;3;22;-6.69187143502195;2;13;13;1;2;9;7;-2.6925226383037684;4;10;1;0;4;6;1;19;16;4;6;3;24;3;4;4;3;20;7.21914561174887;3;4;0;3;4;2;5;5;9;2;3;18;2;14;17;1;6;5;2;4;25;3;7;0.9794168704891857;6;4;3;0;23;3.370549701567426;21;-0.0037697658745247803;0;4;0;4;4;3;2;0;1;22;-5.1073456770249885;16;3;24;0;5;10;1;21;4.857603421364917;9;5;5;4;0;2;3;23;-1.552810328455685;0;10;17;6;6;12;0;4;6;2;0;0;4;1;22;2.504856464674128;13;6;0;17;23;1.4595881915651103;3;0;3;13;6;20;-1.4016161530194609;2;6;3;2;21;0.115469486902571;23;7.150536771791288;3;1;3;14;5;17;5;2;0;0;1;0;6;16;5;23;-5.8705493342650605;5;4;11;21;-5.855585668745434;2;6;3;2;10;20;4.012026243065395;4;3;6;11;0;3;4;4;4;10;6;3;3;4;15
TRACK:322;314;-1;0;0;2;1;2;5;5;0;4;6;22;3.1532851820650496;0;2;12;17;6;20;-9.933293345881324;3;1;1;2;1;12;17;0;21;-9.825165939255095;16;1;6;8;0;9;21;-9.811807600450873;1;6;6;18;4;2;17;17;4;2;4;0;5;6;15;6;1;23;-5.129218878375052;21;8.066594777577897;0;0;0;6;9;4;22;7.9647949347838125;4;3;23;5.5242445532501865;4;1;2;14;22;-9.308017284146782;1;21;1.418584117645051;11;0;2;6;0;2;4;1;15;22;9.953912589126356;3;0;25;24;5;3;5;22;-2.231049073792825;4;3;0;6;6;8;4;0;13;16;2;4;4;0;2;3;22;-6.819966831762695;2;13;13;1;2;9;7;-2.5896219421337214;4;10;1;0;4;6;1;19;11;4;6;3;24;3;4;4;3;20;7.324123373984301;3;4;0;3;4;2;5;5;9;2;3;18;2;14;17;1;6;5;2;4;25;3;7;1.1762072285026604;6;4;3;0;23;3.205628248751731;21;-0.18982434280714264;0;4;0;4;4;3;2;0;1;22;-5.1399578363304546;16;3;24;0;5;10;1;21;4.850567232317531;9;5;5;4;0;9;6;6;12;0;4;6;2;0;0;4;1;22;2.187750275252866;13;6;0;17;23;1.6066396152615252;3;0;1;11;19;6;20;-1.4457256170611512;2;6;3;2;21;-0.12285327244215727;23;7.4303360212938445;3;1;3;14;5;17;5;2;0;0;1;0;6;16;5;23;-5.617127712157421;5;4;11;4;0;6;15;5;16;2;6;3;2;10;20;4.029297097391552;4;3;6;11;0;3;4;4;4;10;6;3;3;4;15
TRACK:323;316;-1;5;6;2;2;3;4;12;6;1;4;2;3;1;22;-8.228769174318085;9;2;0;20;-0.15625873222909478;21;6.677778516194125;5;9;5;5;4;6;23;-8.678964875070028;3;6;2;6;0;5;2;12;24;2;4;21;-2.9618596837420723;0;11;7;5.7110841919705635;2;6;3;2;10;20;3.5952565630953845;4;3;6;11
TRACK:324;318;-1;5;4;1;0;0;2;0;0;1;1;15;15;2;8;21;-3.142262877159361;0;1;20;4.456061510138649;9;5;14;1;5;4;19;1;1;15;12;5;13;0;3;5;5;20;6.379024842889453;0;4;4;10;5;2;19;10;4;2;6;4;3;25;1;3;1;10;17;6;0;11;20;-0.511030423654831;5;2;4;3;2;6;21;-7.278754789553315;5;23;9.152971631107809;1;0;3;6;15;6;6;18;2;5;6;14;4;2;21;-2.4547002181988278;12;0;5;6;3;6;2;6;15;0;21;-0.9700791376105214;17;6;5;6;0;4;5;15;6;0;7;2.400301492051565;12
TRACK:325;311;-1;5;4;1;0;0;2;0;0;1;1;15;15;2;21;-0.6498966209317214;21;-2.760477314808786;0;1;20;4.354616685003352;9;5;14;1;5;4;19;1;1;9;12;5;13;0;3;5;5;20;6.619574480279995;0;4;4;10;5;2;25;17;4;2;6;4;3;25;1;3;1;10;17;6;0;11;20;-0.6163272704187074;5;2;4;3;6;5;25;1;0;3;6;15;6;6;18;5;6;20;-3.5567004591682667;0;5;6;3;6;2;6;15;0;21;-0.9526332619667188;12;6;5;6;0;4;5;15;6;0;7;2.547966560986848;12
TRACK:326;313;-1;5;6;2;2;3;3;2;6;3;0;24;7;-5.948690136038046;1;0;0;21;-1.4008175040550943;9;0;23;5.0239998311860115;21;-5.843195971368785;2;1;12;10;1;10;24;6;1;4;6;12;5;5;4;6;23;-8.827796947358749;3;6;2;6;0;5;0;13;8;2;4;21;-2.829299322875528;0;11;7;5.6240966985064516;5;5;2;1;15;23;-5.883133262777757;5;7;1.4707525124732408
TRACK:327;315;-1;5;4;1;0;0;6;6;8;4;2;6;4;3;25;1;3;1;10;17;6;0;11;20;-0.40009639345843084;3;5;6;4;14;0;5;6;3;6;2;6;15;0;21;-0.9576002762073007;12;6;5;6;0;4;5;15;6;0;7;2.510341358248351;12
TRACK:328;317;-1;0;0;2;1;2;5;5;0;4;6;22;3.338367203402472;0;2;12;17;6;20;-9.999144248839906;3;1;4;18;1;6;6;18;4;2;17;17;4;2;4;0;5;6;15;6;1;23;-5.244738218299738;21;8.03360943142076;0;0;0;6;9;4;22;7.966381276181645;4;3;23;5.585727891998801;4;1;2;14;22;-9.358114925259084;1;21;1.2430904287498643;11;0;2;6;0;2;4;1;15;22;9.993167316327186;3;0;25;24;5;3;5;22;-2.3807603001006217;4;3;0;6;6;8;4;0;13;16;2;4;4;0;2;3;22;-6.736881060407828;2;13;13;1;2;9;7;-2.562472845603023;4;10;1;0;4;6;1;19;16;4;6;3;24;3;4;4;3;20;7.261369536250304;3;4;0;3;4;2;5;21;-1.1496658525852093;2;3;18;2;14;17;1;6;5;2;4;25;3;7;1.1667308963715874;6;4;3;0;23;3.339424013359403;21;-0.04389282617207896;0;4;0;4;4;3;2;0;1;22;-5.111883929334459;16;3;24;0;5;10;1;21;4.855060909912512;9;5;5;4;0;2;3;23;-1.5383270261046844;0;10;17;6;6;12;0;4;6;2;0;0;4;1;22;2.1348603962662143;13;6;0;17;23;1.7112574290913798;3;0;1;11;25;6;20;-1.3137137515724697;2;6;3;2;21;0.07866807321605487;23;7.335384178733902;3;1;3;14;5;17;5;2;0;0;1;0;6;16;5;23;-5.69783544478569;5;9;4;0;6;15;5;16;2;6;3;2;10;20;3.727505243490939;4;3;6;11;0;3;4;4;4;10;6;3;3;4;15
TRACK:329;319;-1;0;0;2;1;2;5;5;0;4;6;22;3.2974255769499847;0;2;12;17;6;20;-9.929367133143248;3;1;1;2;1;12;17;0;21;-9.750739488092076;16;1;6;8;0;9;21;-9.900743326826957;1;4;19;4;2;17;17;4;2;4;0;5;6;15;6;1;23;-5.578161028044115;21;8.048245087686416;0;0;0;6;9;4;22;8.030892507549073;11;4;1;2;14;22;-9.25035135491308;1;21;1.4727580568587353;11;0;2;6;0;2;4;1;15;22;9.831063015803316;3;0;25;24;5;3;5;22;-2.2037520420463235;4;3;0;6;6;8;4;0;13;16;2;4;4;0;2;3;22;-6.654145211460714;2;13;13;1;2;9;7;-2.5847031050301696;4;10;1;0;4;6;1;19;16;4;6;3;24;3;4;4;3;20;7.2341644016224;3;4;0;3;4;2;5;5;9;2;3;18;2;14;17;1;6;5;2;4;11;3;7;1.035470903560712;6;4;3;0;23;3.442805029467146;21;-0.018232530777524562;0;4;0;4;4;3;2;0;1;22;-4.957313481993652;16;3;24;0;5;10;1;21;4.858561274242763;9;5;5;4;0;2;3;23;-1.4503372808675492;0;10;17;6;6;12;0;4;6;2;0;0;4;1;22;2.3610018511384285;13;6;0;17;23;1.30225384235324;3;0;3;13;6;20;-1.3076032041082613;2;6;3;2;21;0.1339976163076751;23;7.270405665538171;3;1;3;14;5;17;5;2;0;0;1;0;6;16;5;23;-5.610104285749831;5;4;11;4;0;6;15;5;16;2;6;3;2;10;20;3.83087939457508;4;3;6;11;0;3;4;4;4;10;6;3;3;4;15
EVAL_INSTANCE:16:0:320
EVAL_INSTANCE:16:1:321
EVAL_INSTANCE:16:2:322
EVAL_INSTANCE:16:3:323
EVAL_INSTANCE:16:4:324
EVAL_INSTANCE:16:5:325
EVAL_INSTANCE:16:6:326
EVAL_INSTANCE:16:7:327
EVAL_INSTANCE:16:8:328
EVAL_INSTANCE:16:9:329
RUN_RESULT:16:0:0:4:R
RUN_RESULT:16:1:0:1:R
RUN_RESULT:16:2:0:1:R
RUN_RESULT:16:3:0:371:R
RUN_RESULT:16:4:0:1:R
RUN_RESULT:16:5:0:1:R
RUN_RESULT:16:6:0:2000:----
RUN_RESULT:16:7:0:4:R
RUN_RESULT:16:8:0:1:R
RUN_RESULT:16:9:0:1:R
    17 |      170 | -3.999000E+03 | -3.999000E+03
TRACK:330;25;22;5;6;2;2;3;3;2;6;3;21;1.5248170402603707;1;0;0;21;-1.3488400063729067;9;0;23;4.993208176989911;21;-5.826206252100551;2;1;12;10;1;10;24;6;1;4;2;3;1;22;-7.995760844036555;9;2;0;20;-0.06391852874862233;21;6.495897404272404;5;9;5;5;4;6;23;-8.665986726034827;3;6;2;6;0;5;2;12;24;2;4;21;-2.9267110007728876;0;11;7;5.642581421030729;5;5;2;1;15;23;-5.86369986010157;5;7;1.4792654408197785
TRACK:331;25;22;0;0;2;1;2;5;5;0;4;6;22;3.1376024512846805;0;2;12;17;6;20;-10.0;3;1;1;2;1;12;17;0;21;-9.63984128905789;16;1;6;8;0;9;21;-9.867098248276442;1;6;6;18;4;2;17;17;4;2;4;0;5;6;15;6;1;23;-5.449767043999264;21;8.043334842495161;0;0;0;6;9;4;22;7.999507916025976;11;4;1;2;14;22;-9.267664248065293;1;21;1.5248170402603707;11;0;2;6;0;2;4;1;15;22;9.954364267228243;3;0;25;24;5;3;5;22;-2.209189173186143;4;3;0;6;6;8;4;0;13;16;2;4;4;0;2;3;22;-6.819861215437751;2;13;13;1;2;9;7;-2.6873312323527334;4;10;1;0;4;6;1;19;16;4;6;3;24;3;4;4;3;20;7.406384448560007;3;4;0;3;4;2;5;5;9;2;3;18;2;14;17;1;6;5;2;4;25;3;7;1.0742935709902692;6;4;3;0;23;3.3180493902352772;21;0.04331538805891093;0;4;0;4;4;7;1.4792654408197785;5;5;4;0;2;3;23;-1.5515800139695248;0;10;17;6;6;12;0;4;6;2;0;0;4;1;22;2.3797083920447912;13;6;0;17;23;1.4588863613307284;3;0;3;13;6;20;-1.4448078098233221;2;6;3;2;21;0.05391093961299387;23;7.249809286006625;3;1;3;14;5;17;5;2;0;0;1;0;6;16;5;23;-5.831160241759271;5;4;11;4;0;6;15;5;16;2;6;3;2;10;20;4.001050580506401;4;3;6;11;0;3;4;4;4;10;6;3;3;4;15
TRACK:332;9;2;5;6;2;2;3;3;2;6;3;0;24;7;-5.849577638755394;1;0;0;21;-1.281303466344843;21;4.922607208510069;0;23;5.007203881741621;21;-5.8370457809316285;2;1;12;10;1;10;24;6;1;4;2;3;1;22;-8.140930522045164;9;2;0;20;-0.029403678051664883;21;6.576113996066624;5;9;5;5;4;6;23;-8.675700413732324;3;6;2;6;0;5;2;12;24;2;4;21;-2.775791669689875;0;11;7;5.714236995607498;5;5;2;1;15;23;-5.928805437015097;5;7;1.5047018222999764
TRACK:333;9;2;0;0;2;1;2;5;5;0;4;6;22;3.031182817319767;0;2;12;17;6;20;-9.97192199972452;3;1;1;2;1;12;17;0;21;-9.7268871627489;16;1;6;8;0;9;21;-9.922376920258284;1;6;6;18;4;2;17;17;4;2;4;0;5;6;15;6;1;23;-5.309494411506693;21;8.071916500284814;0;0;0;6;9;4;22;8.086509638767492;4;3;23;5.5654648444773684;4;1;2;14;22;-9.18845994352155;1;21;1.4669552435428876;11;0;2;6;0;2;4;1;15;22;9.870899242591655;3;0;25;24;5;3;5;22;-2.2431516394546254;4;3;0;6;6;8;4;0;13;16;2;4;4;0;2;3;22;-6.743427261917745;2;13;13;1;2;9;7;-2.602109691432968;4;10;1;0;4;6;1;19;16;4;6;3;24;3;4;4;3;20;7.371409276066082;3;4;0;3;4;2;5;5;9;2;3;18;2;14;17;1;6;5;2;4;25;3;7;1.1674254552004832;6;4;3;0;23;3.3317529958480634;21;-0.0517577342614679;0;4;0;4;4;3;2;0;1;22;-4.979945431917779;16;3;24;0;5;10;1;21;4.760794254241617;9;5;5;4;0;2;3;23;-1.5080508963211194;0;10;17;6;6;12;0;4;6;2;0;0;4;1;22;2.295434000885752;13;6;0;17;23;1.515564816410702;3;0;1;11;19;6;20;-1.362300833729746;2;6;3;2;21;-0.08729096684811033;23;7.443187501011423;3;1;3;14;5;17;5;2;0;0;1;0;6;16;5;23;-5.702068437292375;5;4;11;0;11;7;5.714236995607498;2;6;3;2;10;20;4.04547981344157;4;3;6;11;0;3;4;4;4;10;6;3;3;4;15
TRACK:334;28;25;5;4;1;0;0;2;0;0;1;1;15;15;2;8;21;-3.116285650605017;0;1;20;4.518001568900134;9;5;14;1;5;4;19;1;1;15;12;5;13;0;3;5;5;20;6.491282683198672;0;4;4;10;5;2;19;17;4;2;6;4;3;25;1;3;1;10;17;6;0;11;20;-0.529505631861049;5;2;4;3;2;6;21;-7.40638894996376;5;23;9.09974364047189;1;0;3;6;15;6;6;18;2;5;6;14;4;2;21;-2.5058067000601274;12;0;5;6;3;4;6;23;-8.665986726034827;6;5;6;0;4;5;15;6;0;7;2.448094492944901;12
TRACK:335;28;25;5;6;2;2;3;3;2;6;3;0;24;7;-5.925200892751493;1;0;0;21;-1.3488400063729067;9;0;23;4.993208176989911;21;-5.826206252100551;2;1;19;10;1;10;24;6;1;4;2;3;1;22;-7.995760844036555;9;2;0;20;-0.06391852874862233;21;6.495897404272404;5;9;5;5;4;6;23;-8.665986726034827;3;6;2;6;0;5;2;12;24;2;4;21;-2.9267110007728876;0;11;7;5.642581421030729;5;5;2;1;15;23;-5.86369986010157;5;7;1.4792654408197785
TRACK:336;3;23;5;4;1;0;0;2;0;0;1;1;15;15;2;8;21;-2.8997289864945985;0;1;20;4.429039226398494;9;5;14;1;5;4;19;1;1;15;12;5;13;0;3;5;5;20;6.640142898363042;0;4;4;10;5;2;25;17;4;2;6;4;3;25;1;3;1;10;17;6;0;11;20;-0.46712305459492676;5;2;4;3;2;6;21;-7.213051363293035;5;23;8.987989424121196;1;0;3;6;15;6;6;18;2;5;1;21;-7.606383624926931;10;4;2;21;-2.4748086995170837;11;0;5;6;3;6;2;6;15;0;21;-1.033545478096766;12;6;5;6;0;4;5;15;6;0;7;2.421066302104329;12
TRACK:337;3;23;0;0;2;1;2;5;5;0;4;6;22;3.2668285997442634;0;2;12;17;6;20;-9.903783146159224;3;1;4;18;1;6;6;18;4;2;17;17;4;2;4;0;5;6;15;6;1;23;-5.410079225211433;21;8.068355607108614;0;0;0;6;9;4;22;8.165444327069444;4;3;23;5.519606106470469;4;1;2;14;22;-9.220126882445513;1;21;1.442335188124866;11;0;2;6;0;2;4;1;15;22;9.955555360696286;3;0;25;24;5;3;5;22;-2.2491903281556564;4;3;0;6;6;8;4;0;13;16;2;4;4;0;2;3;22;-6.811671209203136;2;13;13;1;2;9;7;-2.592353913797836;4;10;1;0;4;6;1;19;16;4;21;-2.8997289864945985;3;4;4;3;20;7.239519644559551;3;4;0;3;4;2;5;5;9;2;3;18;2;14;17;1;6;5;2;4;25;3;7;1.1456949179435212;6;4;3;0;23;3.330070170700423;21;-0.18845299555283795;0;4;0;4;4;3;2;0;1;22;-5.081940191264003;16;3;24;0;5;10;1;21;4.804861897982282;9;5;5;4;0;2;3;23;-1.5335799730426882;0;10;17;6;6;12;0;4;6;2;0;0;4;1;22;2.3767243719283937;13;6;0;17;23;1.6478805854896297;3;0;1;11;19;6;20;-1.3685197526869093;2;6;3;2;21;-0.0795170768706592;23;7.384744177450713;3;1;3;14;5;17;5;2;0;0;1;0;6;16;5;23;-5.675644686082391;5;9;4;0;6;15;5;16;2;6;3;2;10;20;3.7856579658018195;4;3;6;11;0;3;4;4;4;10;6;3;3;4;15
TRACK:338;29;2;5;6;2;2;3;3;2;6;3;0;24;7;-5.7699798291336934;1;0;0;21;-1.2012308372025036;21;4.947068466001405;23;9.844669177455938;2;1;12;10;1;18;24;6;1;4;2;3;1;15;9;2;0;20;-0.05479148019335178;21;6.534412063832682;5;9;4;12;3;6;2;6;0;5;2;12;24;2;4;21;-2.669381924670647;0;11;7;5.732114652766611;5;5;2;1;15;23;-5.827269548133917;5;7;1.527425361287737
TRACK:339;29;2;0;0;2;1;2;5;5;0;4;6;22;3.031182817319767;0;2;12;17;6;20;-9.97192199972452;3;1;1;2;1;12;17;0;21;-9.7268871627489;16;1;6;8;0;9;21;-9.922376920258284;1;6;6;18;4;2;17;17;4;2;4;0;5;6;15;6;1;23;-5.309494411506693;21;8.071916500284814;0;0;0;6;9;4;22;8.086509638767492;4;3;23;5.5654648444773684;4;1;2;14;22;-9.18845994352155;1;21;1.4669552435428876;11;0;2;6;0;2;4;1;15;22;9.870899242591655;3;0;25;24;5;3;5;22;-2.2431516394546254;4;3;0;6;6;8;4;0;13;16;2;4;4;0;2;3;22;-6.743427261917745;2;13;13;1;2;9;7;-2.602109691432968;4;10;1;0;4;6;1;19;16;4;6;3;24;3;4;4;3;20;7.371409276066082;3;4;0;3;4;2;5;5;9;2;3;18;2;14;17;1;6;5;2;4;25;3;7;1.1674254552004832;6;4;3;0;23;3.3317529958480634;21;-0.0517577342614679;0;4;0;4;4;3;2;0;1;22;-4.979945431917779;16;3;24;0;5;10;1;21;4.760794254241617;9;5;5;4;0;2;3;23;-1.5080508963211194;7;-5.7699798291336934;6;6;12;0;4;6;2;0;0;4;1;22;2.295434000885752;13;6;0;17;23;1.515564816410702;3;0;1;11;19;6;20;-1.362300833729746;2;6;3;2;21;-0.08729096684811033;23;7.443187501011423;3;1;3;14;5;17;5;2;0;0;1;0;6;16;5;23;-5.702068437292375;5;4;11;4;0;6;15;5;16;2;6;3;2;10;20;4.04547981344157;4;3;6;11;0;3;4;4;4;10;6;3;3;4;15
TRACK:340;25;-1;5;6;2;2;3;3;2;6;3;0;24;7;-6.1310770263714485;1;0;0;21;-1.345748969662585;9;0;23;5.075942868369459;21;-5.861263963065501;2;1;12;10;1;10;24;6;1;4;2;3;1;22;-8.096324450908195;9;2;0;20;-0.03713988721142697;21;6.465829170515658;5;9;5;5;4;6;23;-8.54653575498598;3;6;2;6;0;5;0;23;8.869059545228165;11;2;4;21;-2.8278753075488843;0;11;7;5.612092714987795;5;5;2;1;15;23;-5.703969726554678;5;7;1.4348941985175212
TRACK:341;332;-1;5;6;2;2;3;3;2;6;3;1;11;15;1;0;0;21;-1.2688467332213953;21;4.949330355435868;0;23;4.909076736224567;21;-5.918166634746913;2;1;12;10;1;10;24;6;1;4;2;3;1;22;-8.236810737463303;9;2;0;20;-0.3482054323704227;21;6.694611572092252;5;9;5;5;4;6;23;-8.547493911158398;3;6;2;6;0;5;2;12;24;2;4;21;-2.7138473051671856;0;11;7;5.646174501848008;5;5;2;1;15;23;-5.995321704014933;5;7;1.415620147968766
TRACK:342;334;-1;5;4;1;0;0;2;0;0;1;1;15;15;2;8;21;-3.0454434987943673;0;1;20;4.5217570220953816;9;5;14;1;5;4;19;1;1;15;12;5;13;0;3;5;5;20;6.671934455564615;0;4;4;10;5;2;19;17;4;2;6;4;3;25;1;3;1;10;17;6;0;11;20;-0.5489518684186387;5;2;4;3;2;6;21;-7.612147009715874;5;15;1;0;3;6;15;6;6;18;2;5;6;14;4;2;21;-2.363790721663685;12;0;5;6;3;4;6;23;-8.738879334221052;6;5;6;0;4;5;15;6;0;7;2.5072874637360116;12
TRACK:343;336;-1;5;4;1;0;0;2;0;0;1;1;15;15;2;8;21;-2.9728877785748504;0;1;20;4.290112542662446;20;-6.7486868048061215;5;14;1;5;4;19;1;1;15;12;5;13;0;3;5;5;20;6.636978971705379;0;4;4;10;5;2;25;17;4;2;6;4;3;25;1;3;1;10;17;6;0;11;20;-0.49377399997267984;5;2;4;3;2;6;21;-7.249533082659451;5;23;9.236955703941087;1;0;3;6;15;6;6;18;2;5;1;21;-7.596206770500114;10;4;2;21;-2.543677466248052;11;0;5;6;3;6;2;6;15;0;21;-1.2141354067359114;12;6;5;6;0;4;5;15;6;0;7;2.407683358892719;12
TRACK:344;338;-1;5;6;2;2;3;3;2;6;3;0;24;7;-5.763709031583356;1;0;0;21;-1.2600649038802734;21;5.002090454153284;23;9.889397415197816;2;1;12;10;1;18;24;6;1;4;2;3;1;15;9;5;4;10;4;12;3;6;2;6;0;5;2;12;24;2;4;21;-2.5818526372944217;0;11;7;5.780257213927847;5;5;2;1;15;23;-5.977806395330432;5;7;1.4250669016122801
TRACK:345;22;-1;0;0;2;1;2;5;5;0;4;6;22;3.146849052292906;0;2;12;17;6;20;-9.900655354913342;3;1;1;2;1;12;17;0;21;-9.688417173352141;16;1;6;8;0;9;21;-9.797862113675105;1;6;6;18;4;2;17;17;4;2;4;0;5;6;15;6;1;23;-5.284870348029239;21;8.145524604249589;0;0;0;6;9;4;22;7.905097688657601;11;4;1;2;14;22;-9.30237290368936;1;21;1.4642515665623606;11;0;2;6;0;2;4;1;15;14;3;0;25;24;5;3;5;22;-2.298126388257391;4;3;0;6;6;8;4;0;13;16;2;4;4;0;2;3;22;-6.753805033583592;2;13;13;1;2;9;7;-2.6578868532870605;4;10;1;0;4;6;1;19;16;4;6;3;24;3;4;4;3;20;7.501998477514179;3;4;0;3;4;2;5;5;9;2;3;18;2;14;17;1;6;5;2;4;25;3;7;1.064430442304745;6;4;3;0;23;3.139005122689421;21;-0.06507852091898501;0;4;0;4;4;3;2;0;1;22;-4.830325306072974;16;3;24;0;5;10;1;21;4.738621846127075;9;5;5;4;0;2;3;23;-1.539686917237519;0;10;17;6;6;12;0;4;6;2;0;0;4;1;22;2.391791907288757;13;6;0;17;23;1.5742821685738975;3;0;3;13;6;20;-1.4447703323623498;2;6;3;2;21;0.020249860355194986;23;7.251981077839527;3;1;3;14;5;17;5;2;0;0;1;0;6;16;5;23;-5.996325432482867;5;4;11;4;0;6;15;5;16;2;6;3;2;10;20;4.117973992202985;4;3;6;11;0;3;4;4;4;10;6;3;3;4;15
TRACK:346;333;-1;0;0;2;1;2;5;5;0;4;6;22;3.0298781459942563;0;2;12;17;6;20;-10.0;3;1;1;2;1;12;17;0;21;-9.731661248629276;16;1;6;8;0;9;21;-9.781639162829103;1;6;6;18;4;2;17;17;4;2;4;0;5;6;15;6;1;23;-5.389562821031755;21;8.08159531457236;0;0;0;6;9;4;22;8.111446210633869;4;3;23;5.590142050428188;4;1;2;14;22;-9.256400962879653;1;21;1.5611720325062435;11;0;2;6;0;2;4;1;15;22;9.865171262155659;3;0;25;24;5;3;5;22;-2.2103388233506553;4;3;0;6;6;8;4;0;13;16;2;4;4;0;2;3;22;-6.72746359778449;2;13;13;1;2;9;24;4;10;1;0;4;6;1;19;16;4;6;3;24;3;4;4;3;20;7.455080216264744;3;4;0;3;4;2;5;5;9;2;3;18;2;14;17;1;6;5;2;4;25;3;7;0.959575173846324;6;4;3;0;23;3.225414363407272;21;-0.19016445435416127;0;4;0;4;4;3;2;0;1;22;-4.996707105461159;16;3;24;0;5;10;1;21;4.786288152088655;9;5;5;4;0;2;3;23;-1.6071152250300322;0;10;17;6;6;12;0;4;6;2;0;0;4;1;22;2.345680010183938;13;6;0;17;23;1.42436134520483;3;0;1;11;19;6;20;-1.1967490412463655;2;6;3;2;21;-0.05881167029945132;23;7.65932473607238;3;1;3;14;5;17;5;2;0;0;1;0;6;16;5;23;-5.7453010647893645;5;4;11;0;11;7;5.77303668942448;2;6;3;2;10;20;4.097668565374831;4;3;6;11;0;3;4;4;4;10;6;3;3;4;15
TRACK:347;335;-1;5;6;2;2;3;3;2;6;3;0;24;7;-5.8569471395637285;1;0;0;21;-1.2356360042369359;9;0;23;4.922278151536946;21;-5.654041279599619;2;1;19;10;1;10;24;6;1;4;2;1;25;16;6;20;-2.4345899112093257;5;5;4;6;23;-8.673624725866459;3;6;2;6;0;5;2;12;24;2;4;21;-2.9064239912683276;0;11;7;5.712127036402612;5;5;2;1;15;23;-6.02540837416741;5;7;1.5296076321545247
TRACK:348;337;-1;0;0;2;1;2;5;5;0;4;6;22;3.264654157358136;0;2;12;17;6;10;3;1;4;18;1;6;6;18;4;2;17;17;4;2;4;0;5;6;15;6;1;23;-5.2998224698420735;21;8.109156749834918;0;0;0;6;9;4;22;8.088010687504616;4;3;23;5.43007705129452;4;1;2;14;22;-9.21085875510018;1;21;1.441005998378568;11;0;2;6;0;2;4;1;15;22;9.951820611718626;3;0;25;24;5;3;5;22;-2.2066761951654073;4;3;0;6;6;8;4;0;13;16;2;4;4;0;2;3;22;-6.812935682673362;2;13;13;1;2;9;7;-2.5458143621850278;4;10;1;0;4;6;1;19;16;4;21;-2.766660276749977;3;4;4;3;20;7.250006582151947;3;4;0;3;4;2;5;5;9;2;3;18;2;14;17;1;6;5;2;4;25;3;7;1.2434550108002065;6;4;3;0;23;3.441145537340291;21;-0.1100272120723524;0;4;0;4;4;3;2;0;1;22;-5.20136914507976;16;3;24;0;5;10;1;21;4.7030587129389065;9;5;5;4;0;2;3;23;-1.330209088236615;0;10;17;6;6;12;0;4;6;2;0;0;4;1;22;2.3104669709587515;13;6;0;17;23;1.5839837300770188;3;0;1;11;19;6;20;-1.3855284197856792;2;6;3;2;21;-0.12230935230334221;23;7.301977571018055;3;1;3;14;5;17;5;2;0;0;1;0;6;16;5;23;-5.714483148798053;5;9;4;0;6;15;5;16;2;6;3;2;10;20;3.735778725974199;4;3;6;11;0;3;4;4;4;10;6;3;3;4;15
TRACK:349;339;-1;2;1;5;5;10;2;6;8;0;14;20;3.707763586303116;0;1;0;22;-7.9273085174758045;21;-4.17834309539762;4;12;1;2;15;25;2;12;15
EVAL_INSTANCE:17:0:340
EVAL_INSTANCE:17:1:341
EVAL_INSTANCE:17:2:342
EVAL_INSTANCE:17:3:343
EVAL_INSTANCE:17:4:344
EVAL_INSTANCE:17:5:345
EVAL_INSTANCE:17:6:346
EVAL_INSTANCE:17:7:347
EVAL_INSTANCE:17:8:348
EVAL_INSTANCE:17:9:349
RUN_RESULT:17:0:0:370:R
RUN_RESULT:17:1:0:1:R
RUN_RESULT:17:2:0:4:R
RUN_RESULT:17:3:0:4:R
RUN_RESULT:17:4:0:1:R
RUN_RESULT:17:5:0:1:R
RUN_RESULT:17:6:0:1:R
RUN_RESULT:17:7:0:1:R
RUN_RESULT:17:8:0:2000:----
RUN_RESULT:17:9:0:4:R
    18 |      180 | -3.999000E+03 | -3.999000E+03
TRACK:350;40;9;0;0;2;1;2;5;5;0;4;6;22;3.134397997993591;0;2;12;17;6;20;-10.0;3;1;1;2;1;12;17;0;21;-9.888466406767382;16;1;6;8;0;9;21;-9.941137254131563;1;6;6;18;4;2;17;17;4;2;4;0;5;6;15;6;1;23;-5.497964479221673;21;7.990544085447896;0;2;25;13;4;1;2;14;22;-9.307835032386754;1;21;1.5524718577874146;11;0;0;21;-1.281303466344843;21;4.922607208510069;2;4;4;0;2;3;22;-6.706081617611231;2;13;13;1;2;9;7;-2.6724716317245;4;10;1;0;4;6;1;19;16;4;6;3;24;3;4;4;3;20;7.425972656522747;3;4;0;3;4;2;5;5;9;2;3;18;2;14;17;1;6;5;2;4;25;3;7;1.0884823764169251;6;4;3;0;23;3.2896177496679133;21;-0.08612614169614592;0;4;0;4;4;3;2;0;1;22;-5.121241705035911;16;3;24;0;5;10;1;21;5.011519459692955;9;5;5;4;0;2;3;23;-1.564595416820972;0;10;17;6;6;12;0;4;6;2;0;0;4;1;22;2.3278295102518323;13;6;0;17;23;1.6101951698766477;3;0;3;13;6;20;-1.3877149271177796;2;6;3;2;21;0.04896155113012132;23;7.280649853618894;3;1;3;14;5;17;5;2;0;0;1;0;6;16;5;23;-5.933679555384385;5;4;11;4;0;6;15;5;16;2;6;3;2;10;20;3.892278522807289;4;3;6;11;0;3;4;4;4;10;6;3;3;4;15
TRACK:351;40;9;5;6;2;2;3;11;6;1;4;2;3;1;22;-8.140930522045164;9;2;0;20;-0.029403678051664883;21;6.576113996066624;5;9;5;5;4;6;23;-8.675700413732324;3;6;2;6;0;5;2;12;24;2;4;21;-2.775791669689875;0;11;7;5.714236995607498;5;5;2;1;15;23;-5.928805437015097;5;7;1.5047018222999764
TRACK:352;22;25;0;0;2;1;2;5;5;0;4;6;22;3.1376024512846805;0;2;12;17;6;20;-10.0;3;1;1;2;1;12;17;0;21;-9.63984128905789;16;1;6;8;0;9;21;-9.867098248276442;1;6;6;18;4;2;17;17;4;2;4;0;5;6;15;6;1;23;-5.449767043999264;21;8.043334842495161;0;0;0;6;9;4;22;7.999507916025976;11;4;1;2;14;22;-9.267664248065293;1;21;1.5248170402603707;11;0;2;6;0;2;4;1;15;22;9.954364267228243;3;0;25;24;5;3;5;22;-2.209189173186143;4;3;0;6;6;8;4;0;13;16;2;4;12;1;0;4;6;1;19;16;4;6;3;24;3;4;4;3;20;7.406384448560007;3;4;0;3;4;2;5;5;9;2;3;18;2;14;17;1;6;5;2;4;25;3;7;1.0742935709902692;6;4;3;0;23;3.3180493902352772;21;0.04331538805891093;0;4;0;4;4;3;2;0;1;22;-5.040863174515768;16;3;24;0;5;10;1;21;4.8234693908999455;9;5;5;4;0;2;3;23;-1.5515800139695248;0;10;17;6;6;12;0;4;6;2;0;0;4;1;22;2.3797083920447912;13;6;0;17;23;1.4588863613307284;3;0;3;13;6;20;-1.4448078098233221;2;6;3;2;21;0.05391093961299387;23;7.249809286006625;3;1;3;14;5;17;5;2;0;0;1;0;6;16;5;23;-5.831160241759271;5;4;11;4;0;6;15;5;16;2;6;3;2;10;20;4.001050580506401;4;3;6;11;0;3;4;4;4;10;6;3;3;4;15
TRACK:353;22;25;5;6;2;2;3;3;2;6;3;0;8;7;-5.925200892751493;1;0;0;21;-1.3488400063729067;9;0;23;4.993208176989911;21;-5.826206252100551;2;1;12;10;1;10;24;6;1;4;2;3;1;22;-7.995760844036555;9;2;0;20;-0.06391852874862233;21;6.495897404272404;5;9;5;5;4;6;23;-8.665986726034827;3;6;2;6;0;5;2;12;24;2;4;21;-2.9267110007728876;0;11;7;5.642581421030729;5;5;2;1;15;23;-5.86369986010157;5;7;1.4792654408197785
TRACK:354;2;23;0;0;2;1;2;5;5;0;4;6;22;3.031182817319767;0;2;12;17;6;20;-9.97192199972452;3;1;1;2;1;12;17;0;21;-9.7268871627489;23;5.519606106470469;1;6;8;0;9;21;-9.922376920258284;1;6;6;18;4;2;17;17;4;2;4;0;5;6;15;6;1;23;-5.309494411506693;21;8.071916500284814;0;0;0;6;9;4;22;8.086509638767492;4;3;23;5.5654648444773684;4;1;2;14;22;-9.18845994352155;1;21;1.4669552435428876;11;0;2;6;0;2;4;1;15;22;9.870899242591655;3;0;25;24;5;3;5;22;-2.2431516394546254;4;3;0;6;6;8;4;0;13;16;2;4;4;0;2;3;22;-6.743427261917745;2;13;13;1;2;9;7;-2.602109691432968;4;10;1;0;4;6;1;19;16;4;6;3;24;3;4;4;3;20;7.371409276066082;3;4;0;3;4;2;5;5;9;2;3;18;2;14;17;1;6;5;2;4;25;3;7;1.1674254552004832;6;4;3;0;23;3.3317529958480634;21;-0.0517577342614679;0;4;0;4;4;3;2;0;1;22;-4.979945431917779;16;3;24;0;5;10;1;21;4.760794254241617;9;5;5;4;0;2;3;23;-1.5080508963211194;0;10;17;6;6;12;0;4;6;2;0;0;4;1;22;2.295434000885752;13;6;0;17;23;1.515564816410702;3;0;1;11;19;6;20;-1.362300833729746;2;6;3;2;21;-0.08729096684811033;23;7.443187501011423;3;1;3;14;5;17;5;2;0;0;1;0;6;16;5;23;-5.702068437292375;5;4;11;4;0;6;15;5;16;2;6;3;2;10;20;4.04547981344157;4;3;6;11;0;3;4;4;4;10;6;3;3;4;15
TRACK:355;2;23;0;0;2;1;2;5;5;0;4;6;22;3.2668285997442634;0;2;12;17;6;20;-9.903783146159224;3;1;4;18;1;6;6;18;4;2;17;17;4;2;4;0;5;6;15;6;1;23;-5.410079225211433;21;8.068355607108614;0;0;0;6;9;4;22;8.165444327069444;4;3;23;5.519606106470469;4;1;2;14;22;-9.220126882445513;1;21;1.442335188124866;11;0;2;6;0;2;4;1;15;22;9.955555360696286;3;0;25;24;5;3;5;22;-2.2491903281556564;4;3;0;6;6;8;4;0;13;16;2;4;4;0;2;3;22;-6.811671209203136;2;13;13;1;2;9;7;-2.592353913797836;4;10;1;0;4;6;1;19;16;4;6;3;24;3;4;4;3;20;7.239519644559551;3;4;0;3;4;2;5;5;9;2;3;18;2;14;17;1;6;5;2;4;25;6;9;6;4;3;0;23;3.330070170700423;21;-0.18845299555283795;0;4;0;4;4;3;2;0;1;22;-5.081940191264003;16;3;24;0;5;10;1;21;4.804861897982282;9;5;5;4;0;2;3;23;-1.5335799730426882;0;10;17;6;6;12;0;4;6;2;0;0;4;1;22;2.3767243719283937;13;6;0;17;23;1.6478805854896297;3;0;1;11;19;6;20;-1.3685197526869093;2;6;3;2;21;-0.0795170768706592;23;7.384744177450713;3;1;3;14;5;17;5;2;0;0;1;0;6;16;5;23;-5.675644686082391;5;9;4;0;6;15;5;16;2;6;3;2;10;20;3.7856579658018195;4;3;6;11;0;3;4;4;4;10;6;3;3;4;15
TRACK:356;28;9;5;4;1;0;0;2;0;0;1;1;15;15;2;8;21;-3.116285650605017;0;1;20;4.518001568900134;9;5;14;1;5;4;19;1;1;15;12;5;13;0;3;5;5;20;6.491282683198672;0;23;5.007203881741621;5;2;19;17;4;2;6;4;3;25;1;3;1;10;17;6;0;11;20;-0.529505631861049;5;2;4;3;2;6;21;-7.40638894996376;5;23;9.09974364047189;1;0;3;6;15;6;6;18;2;5;6;14;4;2;21;-2.5058067000601274;12;0;5;6;3;6;2;6;15;0;21;-0.9834365654509548;12;6;5;6;0;4;5;15;6;0;7;2.448094492944901;12
TRACK:357;28;9;5;6;2;2;3;3;2;6;1;1;15;15;2;8;21;-3.116285650605017;1;0;0;21;-1.281303466344843;21;4.922607208510069;0;23;5.007203881741621;21;-5.8370457809316285;2;1;12;10;1;18;24;6;1;4;2;3;1;22;-8.140930522045164;9;2;0;20;-0.029403678051664883;21;6.576113996066624;5;9;5;5;4;6;23;-8.675700413732324;3;6;2;6;0;5;2;12;24;2;4;21;-2.775791669689875;0;11;7;5.714236995607498;5;5;2;1;15;23;-5.928805437015097;5;7;1.5047018222999764
TRACK:358;25;21;5;6;2;2;3;3;2;6;3;0;24;7;-5.925200892751493;1;0;0;21;-1.3488400063729067;9;0;23;4.993208176989911;21;-5.826206252100551;2;1;12;10;1;10;24;6;1;4;2;3;1;22;-7.995760844036555;9;2;0;20;-0.06391852874862233;21;6.495897404272404;5;9;5;5;4;6;23;-8.665986726034827;3;6;2;6;0;5;2;12;24;2;4;21;-2.9267110007728876;0;11;7;5.642581421030729;5;5;6;15
TRACK:359;25;21;5;4;1;0;0;2;0;0;1;1;15;15;2;21;-0.5986427363710476;21;-2.850874645060475;0;1;20;4.553587795760294;9;5;14;1;5;4;9;1;1;15;12;5;13;0;3;5;5;20;6.670903505788042;0;4;4;10;5;2;25;17;4;2;6;4;3;25;1;3;1;10;17;6;0;11;20;-0.5463880321972979;5;2;4;3;2;6;21;-7.188924901505215;5;23;9.136524522467141;1;0;3;6;15;6;6;18;5;6;20;-3.6306182512761103;0;5;6;3;6;2;6;15;0;21;-0.8419750676653553;12;6;5;6;0;4;5;15;6;0;7;2.55348122767877;12
TRACK:360;350;-1;0;0;2;1;2;5;5;0;4;6;22;3.2003447358434705;0;2;12;17;6;20;-9.910222565750008;3;1;1;2;1;12;17;0;21;-9.882467288171998;16;1;6;8;0;9;21;-10.0;1;6;6;18;4;2;17;17;4;2;4;0;5;6;15;6;1;23;-5.480817661513308;21;7.905283284008693;0;2;25;13;4;1;2;14;22;-9.347557181888698;1;21;1.421681790884593;11;0;0;21;-1.3411985300806575;21;4.860773173016676;2;4;4;0;2;3;22;-6.637280363736102;2;13;13;1;2;9;7;-2.821126416535291;4;10;1;0;4;6;1;19;16;4;6;3;24;3;4;4;3;20;7.317198656652388;3;4;0;3;4;2;5;5;9;2;3;18;2;14;17;1;6;5;2;4;25;3;7;0.9530467100188751;6;4;3;0;23;3.451400015832347;21;-0.06896909421977865;0;4;0;4;4;3;2;0;1;22;-5.176635399639657;16;3;24;0;5;10;1;21;4.894498410115052;9;5;5;4;0;2;3;23;-1.49439848406715;0;10;17;6;6;12;0;4;6;2;0;0;4;1;22;2.174815488773289;13;6;0;17;23;1.679884369569964;3;0;3;13;6;20;-1.1554830673637912;2;6;3;2;21;0.0790040409162775;23;7.271163929313089;3;1;3;14;5;17;5;2;0;0;1;0;6;16;5;23;-5.779824812102728;4;5;17;4;0;6;15;5;16;2;6;3;2;10;20;3.8121024222596667;4;3;6;11;0;3;4;4;4;10;6;3;3;4;15
TRACK:361;352;-1;0;0;2;1;2;5;5;0;4;0;15;17;0;2;12;17;6;20;-9.914497012186517;3;1;1;2;1;12;17;0;21;-9.6169011049536;16;1;6;8;0;9;21;-10.0;1;6;6;18;4;2;17;17;4;2;4;0;5;6;15;6;1;23;-5.503506091743001;21;7.989037176370606;0;0;0;6;9;4;22;8.073442346866631;11;4;1;2;14;22;-9.462147547238532;1;21;1.6177522480751085;11;0;2;6;0;2;4;1;15;22;9.812416974261339;3;0;25;24;5;3;5;22;-2.116471395460852;4;3;0;6;6;8;4;0;13;16;2;4;12;1;0;4;6;1;19;16;4;6;3;24;3;4;4;3;20;7.389055111487621;3;4;0;3;4;2;5;5;9;2;3;18;2;14;17;1;6;5;2;4;25;3;7;1.1204749822709057;6;4;3;0;23;3.3019553604662324;21;0.13748646705898043;0;4;0;4;4;3;2;0;1;22;-5.104129423023113;16;3;24;0;5;10;1;21;4.908669524848714;9;5;5;4;0;2;3;23;-1.327901660904372;0;10;17;6;6;12;0;4;6;2;0;0;4;1;22;2.373128616891145;13;6;0;17;23;1.5223541301436274;3;0;3;13;6;20;-1.5220592416246552;2;6;3;2;21;-0.033338209153724874;23;7.289371276216098;3;1;3;14;5;17;5;2;0;0;1;0;6;16;5;23;-5.722140819660345;5;4;11;4;0;6;15;5;16;2;6;3;2;10;20;4.09515102736923;4;3;6;11;0;3;4;4;4;10;6;3;3;4;15
TRACK:362;354;-1;0;0;2;1;2;5;5;0;4;6;22;3.003901850498335;0;2;12;17;6;20;-9.964412315356237;3;1;1;2;1;12;17;0;21;-9.89606181659524;23;5.502260158456368;1;6;8;0;9;21;-9.898538191660354;1;6;6;18;4;2;17;17;4;2;4;0;5;6;15;6;1;23;-5.424218337935455;21;8.050253566178947;0;0;0;6;9;4;22;7.91842220533237;4;3;23;5.806426212525244;4;1;2;14;22;-9.027436374157201;1;21;1.5523520822912846;11;0;2;6;0;2;22;8.701300021456156;13;6;24;4;3;0;6;6;8;4;0;13;16;2;4;4;0;2;3;22;-6.773172056241264;2;13;13;1;2;9;7;-2.694893359685984;4;10;1;0;4;6;1;19;16;4;6;3;24;3;4;4;3;20;7.44544831994982;3;4;0;3;4;2;5;5;9;2;3;18;2;14;17;1;6;5;2;4;25;3;7;1.2146618821495376;6;4;3;0;23;3.369270519559693;21;0.010070189500607118;0;4;0;4;4;3;2;0;1;22;-5.062778128517462;16;3;24;0;5;10;1;21;4.8360708345381545;9;5;5;4;0;2;3;23;-1.5314259027948856;0;10;17;6;6;12;0;4;6;2;0;0;4;1;22;2.2964720498525044;13;6;0;17;23;1.5545659096246998;3;0;1;11;19;6;20;-1.3234220709138302;2;6;3;2;21;-0.20374529989471657;23;7.367164228898647;3;1;3;14;5;17;5;2;0;0;1;0;6;16;5;23;-5.528697200483073;5;4;11;4;0;6;15;5;16;2;6;3;2;10;20;4.114561171427505;4;3;6;11;0;3;4;4;4;10;6;3;3;4;15
TRACK:363;356;-1;5;4;1;0;0;2;0;0;1;1;15;15;2;8;21;-3.0983403914119725;0;1;20;4.64230886478016;9;5;14;1;5;4;19;1;1;15;12;5;13;0;3;5;5;20;6.453916618823516;1;0;0;13;14;3;7;-1.7083170828291365;2;0;8;12;4;14;4;2;6;4;3;25;1;3;1;10;17;6;0;11;20;-0.6599129627729454;5;2;4;3;2;6;21;-7.492775018067685;5;23;9.072614462952714;1;0;3;6;15;6;6;18;2;5;6;14;4;2;21;-2.4660946758034252;12;0;5;6;3;6;2;6;15;0;21;-0.9743234828637636;12;6;5;6;0;4;5;15;6;0;7;2.440904056368048;12
TRACK:364;358;-1;5;6;2;2;3;3;2;6;3;0;24;7;-5.777464844704942;1;0;0;21;-1.307554133061791;9;0;23;4.998297784172711;21;-5.8548700124538575;2;1;12;10;1;10;24;6;1;4;2;3;1;22;-7.982291237885458;9;2;0;20;0.05675085441737428;21;6.613882488479331;5;9;5;5;4;6;23;-8.810911836899857;3;6;2;6;0;5;2;12;24;2;1;15;22;5.107155771899771;0;11;7;5.709328539280463;5;5;6;15
TRACK:365;351;-1;5;6;2;2;3;11;6;1;4;2;3;1;22;-8.15699808452955;9;2;0;20;-0.025038265420774728;21;6.405201910993624;5;9;5;5;4;6;23;-8.728757280299103;3;6;2;6;0;5;2;12;24;2;4;10;0;11;7;5.646299102075541;5;5;2;1;15;23;-6.08175547066466;5;7;1.5231781314777868
TRACK:366;353;-1;5;6;2;2;3;3;2;6;3;0;8;7;-5.911627128489872;1;0;0;21;-1.4100550333483945;9;0;23;5.043601299502655;21;-5.872966304185513;2;1;12;10;1;10;24;6;6;18;3;6;2;6;0;5;2;12;24;2;4;21;-2.816202946720711;0;11;7;5.398213443918855;5;5;2;1;15;23;-5.911350520420558;5;7;1.3661003702852084
TRACK:367;355;-1;0;0;2;1;2;5;5;0;4;6;22;3.322125578482207;0;2;12;17;6;20;-9.818479992664951;3;1;4;18;1;6;6;18;4;2;17;17;4;2;4;0;5;6;15;6;1;23;-5.442538720530528;21;8.129572361015233;0;0;0;6;9;4;22;8.187125530784348;4;3;23;5.523785886251984;4;1;2;14;22;-9.213414747500522;1;21;1.5886193696423567;11;0;2;6;0;2;4;1;15;22;9.87488182054041;3;0;25;24;5;3;5;22;-2.210437748195861;4;3;0;6;6;8;4;0;13;16;2;4;4;0;2;3;22;-6.742875110313742;2;13;13;1;2;9;7;-2.4738259821394335;4;10;1;0;4;6;1;19;16;4;6;3;24;3;4;4;3;20;7.2106563173023455;3;4;0;3;4;2;5;5;9;2;3;18;2;14;17;1;6;5;2;4;25;6;9;6;4;3;0;23;3.1663170697400003;21;-0.26707566716412556;0;4;0;4;4;3;2;0;1;22;-5.1991795840487995;16;3;13;0;5;10;1;21;4.821049787212231;9;5;5;4;0;2;3;23;-1.4789474618444303;0;10;17;6;6;12;0;4;6;2;0;0;4;1;22;2.4376471866587868;13;6;0;17;23;1.766505851144445;3;0;1;11;19;6;20;-1.5218482344592106;2;6;3;2;21;-0.050676944340565785;23;7.583390952165395;3;1;3;14;5;17;5;2;0;0;1;0;6;16;5;23;-5.875411772196287;5;9;4;0;6;15;5;16;2;6;3;2;10;20;3.861261619209686;4;3;6;11;0;3;4;4;4;10;6;3;3;4;15
TRACK:368;357;-1;5;6;2;2;3;3;2;6;1;1;15;15;2;8;21;-3.186229834031873;1;0;0;21;-1.2220080133679758;21;5.03579393818645;0;23;5.040399547636289;21;-5.824943728897059;2;1;20;2.526384382935385;20;-3.2446214367040183;0;22;7.308273660206368;18;6;1;4;2;3;1;22;-8.113552554083743;9;2;0;20;0.07769050351452077;21;6.514092252080251;5;9;5;5;4;6;23;-8.686747810488034;3;6;2;6;0;5;2;12;24;2;4;21;-2.867128227187513;0;11;7;5.740860338963982;5;5;2;1;15;23;-5.918039241411367;5;7;1.4391150552334793
TRACK:369;359;-1;5;4;1;0;0;2;0;0;1;1;15;15;2;21;-0.7359150558266455;21;-2.885348233930429;0;1;20;4.499676967822279;9;5;14;1;5;4;9;1;1;15;12;5;13;0;3;5;5;20;6.751632764367469;0;4;4;10;5;2;25;17;4;2;6;4;3;25;1;3;1;10;17;6;0;11;20;-0.6381891074205729;5;2;4;3;2;6;21;-7.079508466398577;5;23;8.988077188773353;1;0;3;6;15;6;6;18;5;6;20;-3.55567964886582;0;5;6;3;6;2;6;15;0;21;-0.8270509977448705;12;6;5;6;0;4;5;15;1;21;-1.1635588697834578;12
EVAL_INSTANCE:18:0:360
EVAL_INSTANCE:18:1:361
EVAL_INSTANCE:18:2:362
EVAL_INSTANCE:18:3:363
EVAL_INSTANCE:18:4:364
EVAL_INSTANCE:18:5:365
EVAL_INSTANCE:18:6:366
EVAL_INSTANCE:18:7:367
EVAL_INSTANCE:18:8:368
EVAL_INSTANCE:18:9:369
RUN_RESULT:18:0:0:1:R
RUN_RESULT:18:1:0:1:R
RUN_RESULT:18:2:0:1:R
RUN_RESULT:18:3:0:1:R
RUN_RESULT:18:4:0:1:R
RUN_RESULT:18:5:0:1:R
RUN_RESULT:18:6:0:1:R
RUN_RESULT:18:7:0:1:R
RUN_RESULT:18:8:0:1:R
RUN_RESULT:18:9:0:1:R
    19 |      190 | -3.999000E+03 | -3.999000E+03
TRACK:370;3;28;5;4;1;0;0;2;0;0;1;1;15;15;2;8;21;-2.8997289864945985;0;1;20;4.429039226398494;9;5;14;1;5;4;19;1;1;15;12;5;13;0;3;5;5;20;6.640142898363042;0;4;5;15;5;2;25;17;4;2;6;4;3;25;1;3;1;10;17;6;0;11;20;-0.46712305459492676;5;2;4;3;2;6;21;-7.213051363293035;5;23;8.987989424121196;1;0;3;6;15;6;6;18;2;5;1;21;-7.606383624926931;10;4;2;21;-2.4748086995170837;12;0;5;6;3;6;2;6;15;0;21;-1.033545478096766;12;6;5;6;0;4;5;15;6;0;7;2.421066302104329;12
TRACK:371;3;28;5;4;1;0;0;2;0;0;1;1;15;15;2;8;21;-3.116285650605017;0;1;20;4.518001568900134;9;5;14;1;5;4;19;1;1;15;12;5;13;0;3;5;5;20;6.491282683198672;0;4;4;10;5;2;19;17;4;2;6;4;3;25;1;3;1;10;17;6;0;11;20;-0.529505631861049;5;2;4;3;2;6;21;-7.40638894996376;5;23;9.09974364047189;1;0;3;6;15;6;6;18;2;5;6;14;4;2;21;-2.5058067000601274;21;-7.606383624926931;0;5;6;3;6;2;6;15;0;21;-0.9834365654509548;12;6;5;6;0;4;5;15;6;0;7;2.448094492944901;12
TRACK:372;9;40;5;4;6;3;24
TRACK:373;9;40;0;0;2;1;2;5;5;0;4;6;22;3.134397997993591;0;2;23;-8.675700413732324;17;6;20;-10.0;3;1;1;2;1;12;17;0;21;-9.888466406767382;16;1;6;8;0;9;21;-9.941137254131563;1;6;6;18;4;2;17;17;4;2;4;0;5;6;15;6;1;23;-5.497964479221673;21;7.990544085447896;0;2;25;13;4;1;2;14;22;-9.307835032386754;1;21;1.5524718577874146;11;0;2;6;0;2;4;1;15;22;10.0;3;0;25;24;5;3;5;22;-2.1698374351275453;4;3;0;6;6;8;4;0;13;16;2;4;4;0;2;3;22;-6.706081617611231;2;13;13;1;2;9;7;-2.6724716317245;4;10;1;0;4;6;1;19;16;4;6;3;24;3;4;4;3;20;7.425972656522747;3;4;0;3;4;2;5;5;9;2;3;18;2;14;17;1;6;5;2;4;25;3;7;1.0884823764169251;6;4;3;0;23;3.2896177496679133;21;-0.08612614169614592;0;4;0;4;4;3;2;0;1;22;-5.121241705035911;16;3;24;0;5;10;1;21;5.011519459692955;9;5;5;4;0;2;3;23;-1.564595416820972;0;10;17;6;6;12;0;4;6;2;0;0;4;1;22;2.3278295102518323;13;6;0;17;23;1.6101951698766477;3;0;3;13;6;20;-1.3877149271177796;2;6;3;2;21;0.04896155113012132;23;7.280649853618894;3;1;3;14;5;17;5;2;0;0;1;0;6;16;5;23;-5.933679555384385;5;4;11;4;0;6;15;5;16;2;6;3;2;10;20;3.892278522807289;4;3;6;11;0;3;4;4;4;10;6;3;3;4;15
TRACK:374;22;25;0;0;2;1;2;5;5;0;4;6;22;3.1376024512846805;0;2;12;17;6;20;-10.0;3;1;1;2;1;12;17;0;21;-9.63984128905789;16;1;6;8;0;9;21;-9.867098248276442;1;6;6;18;4;2;17;17;4;2;4;0;5;6;15;6;1;23;-5.449767043999264;21;8.043334842495161;0;0;0;6;9;4;22;7.999507916025976;11;4;1;2;14;22;-9.267664248065293;1;21;1.5248170402603707;11;0;2;6;0;2;4;1;15;22;9.954364267228243;3;0;25;24;5;3;5;22;-2.209189173186143;4;3;0;6;6;8;4;0;13;16;2;4;4;0;2;3;22;-6.819861215437751;2;13;13;1;2;9;7;-2.6873312323527334;4;10;1;0;4;6;1;19;16;4;6;3;24;3;4;4;3;20;7.406384448560007;3;4;0;3;4;2;5;5;9;2;3;18;2;14;17;1;6;5;2;4;25;3;7;1.0742935709902692;6;12;0;4;0;4;4;3;2;0;1;22;-5.040863174515768;16;3;24;0;5;10;1;21;4.8234693908999455;9;5;5;4;0;2;3;23;-1.5515800139695248;0;10;17;6;6;12;0;4;6;2;0;0;4;1;22;2.3797083920447912;13;6;0;17;23;1.4588863613307284;3;0;3;13;6;20;-1.4448078098233221;2;6;3;2;21;0.05391093961299387;23;7.249809286006625;3;1;3;14;5;17;5;2;0;0;1;0;6;16;5;23;-5.831160241759271;5;4;11;4;0;6;15;5;16;2;6;3;2;10;20;4.001050580506401;4;3;6;11;0;3;4;4;4;10;6;3;3;4;15
TRACK:375;22;25;5;6;2;2;3;3;2;6;3;0;24;7;-5.925200892751493;1;0;0;21;-1.3488400063729067;22;2.3797083920447912;0;23;4.993208176989911;21;-5.826206252100551;2;1;12;10;1;10;24;6;1;4;2;3;1;22;-7.995760844036555;9;2;0;20;-0.06391852874862233;21;6.495897404272404;5;9;5;5;4;6;23;-8.665986726034827;3;6;2;6;0;5;2;12;24;2;4;21;-2.9267110007728876;0;11;7;5.642581421030729;5;5;2;1;15;23;-5.86369986010157;5;7;1.4792654408197785
TRACK:376;3;2;5;4;1;0;0;2;0;0;1;1;15;15;2;8;21;-2.8997289864945985;0;1;20;4.429039226398494;9;5;14;1;5;4;19;1;1;15;12;5;13;0;3;5;5;20;6.640142898363042;0;4;4;10;5;2;25;17;4;2;6;4;3;25;1;3;1;10;17;6;0;11;7;1.1674254552004832;5;2;4;3;2;6;21;-7.213051363293035;5;23;8.987989424121196;1;0;3;6;15;6;6;18;2;5;1;21;-7.606383624926931;10;4;2;21;-2.4748086995170837;12;0;5;6;3;6;2;6;15;0;21;-1.033545478096766;12;6;5;6;0;4;5;15;6;0;7;2.421066302104329;12
TRACK:377;3;2;0;0;2;1;2;5;5;0;4;6;22;3.031182817319767;0;2;12;17;6;20;-9.97192199972452;3;1;1;2;1;12;17;0;21;-9.7268871627489;16;1;6;8;0;9;21;-9.922376920258284;1;6;6;18;4;2;17;17;4;2;4;0;5;6;15;6;1;23;-5.309494411506693;21;8.071916500284814;0;0;0;6;9;4;22;8.086509638767492;4;3;23;5.5654648444773684;4;1;2;14;22;-9.18845994352155;1;21;1.4669552435428876;11;0;2;6;0;2;4;1;15;22;9.870899242591655;3;0;25;24;5;3;5;22;-2.2431516394546254;4;3;0;6;6;8;4;0;13;16;2;4;4;0;2;3;22;-6.743427261917745;2;13;13;1;2;9;7;-2.602109691432968;4;10;1;0;4;6;1;19;16;4;6;3;24;3;4;4;3;20;7.371409276066082;3;4;0;3;4;2;5;5;9;2;3;18;2;14;17;1;6;5;2;4;25;3;7;1.1674254552004832;6;4;3;0;23;3.3317529958480634;21;-0.0517577342614679;0;4;0;4;4;3;2;0;1;22;-4.979945431917779;16;3;24;0;5;10;1;21;4.760794254241617;9;5;5;15;0;4;6;2;0;0;4;1;22;2.295434000885752;13;6;0;17;23;1.515564816410702;3;0;1;11;19;6;20;-1.362300833729746;2;6;3;2;21;-0.08729096684811033;23;7.443187501011423;3;1;3;14;5;17;5;2;0;0;1;0;6;16;5;23;-5.702068437292375;5;4;11;4;0;6;15;5;16;2;6;3;2;10;20;4.04547981344157;4;3;6;11;0;3;4;4;4;10;6;3;3;4;15
TRACK:378;9;40;5;6;2;2;3;3;2;6;3;0;24;7;-5.849577638755394;1;0;0;21;-1.281303466344843;21;4.922607208510069;0;23;5.007203881741621;21;-5.8370457809316285;2;1;12;10;1;18;24;6;1;4;2;3;1;22;-8.140930522045164;9;2;0;20;-0.029403678051664883;21;6.576113996066624;5;9;5;5;4;6;23;-8.675700413732324;3;6;2;6;0;16;2;4;21;-2.775791669689875;0;11;7;5.714236995607498;5;5;2;1;15;23;-5.928805437015097;5;7;1.5047018222999764
TRACK:379;9;40;0;0;2;1;2;5;5;0;4;6;22;3.134397997993591;0;2;12;17;6;20;-10.0;3;1;1;2;1;12;17;0;21;-9.888466406767382;16;1;6;8;0;9;21;-9.941137254131563;1;6;6;18;4;2;17;17;4;2;4;0;5;6;15;6;1;23;-5.497964479221673;21;7.990544085447896;0;2;25;13;4;1;2;14;22;-9.307835032386754;1;21;1.5524718577874146;11;0;2;6;0;2;4;1;15;22;10.0;3;0;25;24;5;3;5;22;-2.1698374351275453;4;3;0;6;6;8;4;0;13;16;2;4;4;0;2;3;22;-6.706081617611231;2;13;13;1;2;9;7;-2.6724716317245;4;10;1;0;4;6;1;19;16;4;6;3;24;3;4;4;3;20;7.425972656522747;3;4;0;3;4;2;5;5;9;2;3;18;2;14;17;1;6;5;2;4;25;3;7;1.0884823764169251;6;4;3;0;24;7;-5.849577638755394;0;4;0;4;4;3;2;0;1;22;-5.121241705035911;16;3;24;0;5;10;1;21;5.011519459692955;9;5;5;4;0;2;3;23;-1.564595416820972;0;10;17;6;6;12;0;4;6;2;0;0;4;1;22;2.3278295102518323;13;6;0;17;23;1.6101951698766477;3;0;3;13;6;20;-1.3877149271177796;2;6;3;2;21;0.04896155113012132;23;7.280649853618894;3;1;3;14;5;17;5;2;0;0;1;0;6;16;5;23;-5.933679555384385;5;4;11;4;0;6;15;5;16;2;6;3;2;10;20;3.892278522807289;4;3;6;11;0;3;4;4;4;10;6;3;3;4;15
TRACK:380;370;-1;5;4;1;0;0;2;0;0;1;1;15;15;2;8;21;-2.8173703252697506;5;18;1;5;4;19;1;1;15;12;5;13;0;3;5;5;20;6.656514111644235;0;4;5;15;5;2;25;17;4;2;6;4;3;25;1;3;1;10;17;6;0;11;20;-0.5478690965576989;5;2;4;3;2;6;21;-7.359226733992422;5;23;9.213313694376463;1;0;3;6;15;6;6;18;2;5;1;21;-7.569979200710448;10;4;2;21;-2.4529690748755044;12;0;5;6;3;6;2;6;15;0;21;-1.1463253287950645;12;6;5;6;0;4;5;15;6;0;7;2.4132391321945224;12
TRACK:381;372;-1;5;4;6;3;6;2;6;6;4;0;19;18;3;0;0;1;9;25;6;15;2;3;20;-7.112259554253457;4;22;9.007845307881546
TRACK:382;374;-1;0;0;2;1;2;5;5;0;4;6;22;3.0510778739233526;0;2;12;17;6;20;-9.941849591934817;3;1;1;2;1;12;17;0;21;-9.780243983138234;16;1;6;8;0;9;21;-10.0;1;6;6;18;4;2;17;17;4;2;4;0;5;6;15;6;1;23;-5.370325742832119;21;7.908114879234787;0;0;0;6;9;4;22;7.988833923986714;11;4;1;2;14;22;-9.04833258452994;1;21;1.5149259873827583;11;0;2;6;0;2;4;1;15;22;9.81858959316642;3;0;25;24;5;3;5;22;-2.150545156627856;4;3;0;6;6;8;4;0;13;16;2;4;4;0;2;3;22;-6.847997914920119;2;13;13;1;2;9;7;-2.7192664639592463;4;10;1;0;4;6;1;19;16;4;6;3;24;3;4;4;3;20;7.297466322162213;3;4;0;3;4;2;5;5;9;2;3;18;2;14;17;1;6;5;2;4;25;3;7;0.9219050825284891;6;12;0;4;0;4;4;3;2;0;1;9;13;6;24;0;5;10;1;21;4.938523423171972;9;5;5;4;0;2;3;23;-1.6401000893409028;0;10;17;6;6;12;0;4;6;2;0;0;4;1;22;2.248541348186145;13;6;0;17;23;1.5294675102068065;3;0;3;13;6;20;-1.4300309015531594;2;6;3;2;21;-0.03363013792660463;23;7.307516962752495;3;1;3;14;5;17;5;2;0;0;1;0;6;16;5;23;-5.943411541347442;5;4;11;4;0;6;15;5;16;2;6;3;2;10;20;4.059873035274241;4;3;6;11;0;3;4;4;4;10;6;3;3;4;15
TRACK:383;376;-1;5;4;1;0;0;2;0;0;1;1;15;15;2;8;21;-2.7717863883806797;0;1;16;9;5;14;1;5;4;19;1;1;15;12;5;13;0;3;5;5;20;6.685105904621463;0;4;4;10;5;2;25;17;4;2;6;4;3;25;1;3;1;10;17;6;0;11;7;0.9912135712751424;5;2;4;3;2;6;21;-7.399083274425846;5;23;8.958859417075812;1;0;3;6;15;6;6;18;2;5;1;21;-7.531267007740385;10;4;2;21;-2.4532926606743923;12;0;5;6;3;6;2;6;15;0;21;-1.0054332363950662;12;6;5;6;0;4;5;15;6;0;7;2.451792166659885;12
TRACK:384;378;-1;5;6;2;2;3;3;2;2;7;-0.4468659502428025;12;1;0;0;21;-1.3105190769689723;21;4.895847565431278;0;23;5.044071525239026;21;-5.8286299019760675;2;1;12;10;1;18;24;6;1;4;2;3;1;22;-8.16467959576137;9;2;0;20;-0.09975563467747171;21;6.556508755685952;5;9;5;5;4;6;23;-8.65966888178499;3;6;2;6;0;16;2;4;21;-2.6735583411879995;0;11;7;5.831858645661337;5;5;2;1;15;23;-5.884312785387847;5;7;1.3090640794519424
TRACK:385;371;-1;5;4;1;0;0;2;0;0;1;1;15;15;2;8;21;-3.06886751550496;0;1;20;4.55631390538076;9;5;14;1;5;4;19;1;1;15;12;5;13;0;3;5;5;20;6.55801091121684;0;4;4;10;5;2;19;17;4;2;6;4;3;25;1;3;1;10;17;6;0;11;20;-0.574172667257124;5;2;4;3;2;6;21;-7.421363868510944;5;23;9.146079482443993;1;0;3;6;15;6;6;18;2;5;6;14;4;2;21;-2.5240948732341906;21;-7.568293484448912;0;5;6;3;6;2;6;15;0;21;-0.884888996782941;12;6;5;6;0;4;5;23;-1.5035116679754132;6;0;7;2.3729302419513454;12
TRACK:386;373;-1;0;0;2;1;2;5;5;0;4;6;22;3.08657650363343;0;2;23;-8.532267757819373;17;6;20;-9.88505029051434;3;1;1;2;1;12;17;0;21;-9.815464447645068;16;1;6;8;0;9;21;-9.994490350339637;1;6;6;18;4;2;17;17;4;2;4;0;5;6;15;6;1;23;-5.597066809868093;21;7.9619231801150185;0;2;25;13;4;1;2;14;22;-9.296251041644988;1;21;1.5963720015959975;11;0;2;6;0;2;4;1;15;22;10.0;3;0;25;24;5;3;5;22;-2.1710470435239935;4;3;0;6;6;8;4;0;13;16;2;4;4;0;2;3;22;-6.928990990099369;2;13;13;1;2;9;7;-2.710331024543924;4;10;1;0;4;6;1;19;16;4;6;3;24;3;4;4;3;20;7.411565651113877;3;4;0;3;4;2;5;5;9;2;3;18;2;14;17;1;6;5;2;4;25;3;7;1.164614383911643;6;4;3;0;23;3.2894034182923724;21;-0.03230544121349762;0;4;0;4;4;3;2;0;1;22;-5.134769562732879;16;3;24;0;5;10;1;21;4.948927469860353;9;5;5;4;0;2;3;23;-1.4482576526536124;0;10;17;6;6;12;0;4;6;2;0;0;4;1;22;2.3924583185614514;13;6;0;17;23;1.5180168038867623;3;0;3;22;-2.2749531309086795;6;20;-1.5141309370637703;2;6;3;2;21;0.1586873020646123;23;7.441494494179987;3;1;3;14;5;17;5;2;0;0;1;0;6;16;5;23;-5.89643728181993;5;4;11;4;0;6;15;5;16;2;6;3;2;10;20;3.8293870284777745;4;3;6;11;0;3;4;4;4;10;6;3;3;4;15
TRACK:387;375;-1;5;6;2;2;3;3;2;6;3;0;24;7;-5.945854962252903;1;0;0;21;-1.3168854025876306;22;2.396025071753383;0;10;18;2;1;12;10;1;10;24;6;1;4;2;3;1;22;-7.9024307642976375;9;2;0;20;-0.12494825144036684;21;6.495796674365771;5;9;5;5;4;6;23;-8.716273471211014;3;6;2;6;0;5;2;12;24;2;4;21;-2.8452005096329858;0;11;7;5.770923446073814;5;5;2;1;15;23;-5.8167249354610515;5;7;1.3369202680235595
TRACK:388;377;-1;0;0;2;1;2;5;5;0;4;5;21;4.883244433013598;0;2;12;17;6;20;-9.932758733461958;3;1;1;2;1;12;17;0;21;-9.81282191648466;16;1;6;8;0;9;21;-9.943699220231471;1;6;6;18;4;2;17;17;4;2;4;0;5;6;15;6;1;23;-5.291106258477188;21;7.952253331136307;0;0;0;6;9;4;22;8.113818404960497;4;3;23;5.525330585844067;4;1;2;14;22;-9.330070988837715;1;21;1.493411033871665;11;0;2;6;0;2;4;1;15;22;9.988209464983937;3;0;25;24;5;3;5;22;-2.2771592995893584;4;3;0;6;6;8;4;0;13;16;2;4;4;0;2;3;22;-6.829409979751374;2;13;13;1;2;9;7;-2.644909237288957;4;10;1;0;4;6;1;19;16;4;6;3;24;3;4;4;3;20;7.342385122364553;3;4;0;3;4;2;5;5;9;2;3;18;2;14;17;1;6;5;2;4;25;3;7;1.206487066512206;6;4;3;0;23;3.2442257454728045;21;-0.0385658990778764;0;4;0;4;4;3;2;0;1;22;-4.9324632215303215;16;3;24;0;5;10;1;21;4.893656367758347;9;5;5;15;0;4;6;2;0;0;4;1;22;2.3232815553835096;13;6;0;17;23;1.4856315762284007;3;0;1;11;19;6;20;-1.5036627491979881;2;6;3;2;21;-0.11695214831140205;23;7.455840652891032;3;1;3;14;5;17;5;2;0;0;1;0;6;16;5;23;-5.835022979280215;5;4;11;4;0;6;15;5;16;2;6;3;2;10;20;4.10909306256124;4;3;6;11;0;3;4;4;4;10;6;3;3;4;15
TRACK:389;379;-1;0;0;2;1;2;5;5;0;4;6;22;3.145875014974895;0;2;23;5.660552657296236;17;6;20;-10.0;3;1;1;2;1;12;17;0;21;-9.796186055491331;16;1;6;8;0;9;21;-9.956156874164643;1;6;6;18;4;2;17;17;4;2;4;0;5;6;15;6;1;23;-5.4170381002765815;21;7.852734896711682;0;2;25;13;4;1;2;14;22;-9.588203489399305;1;21;1.5078838636923841;11;0;2;6;0;2;4;1;15;22;10.0;3;0;25;24;5;3;5;22;-2.2004968876154782;4;3;0;6;6;8;4;0;13;16;2;4;4;0;2;3;22;-6.570047923016776;2;13;13;1;2;9;7;-2.7165696752975568;4;10;1;0;4;6;1;19;16;4;6;3;24;3;4;4;3;20;7.284100270927679;3;4;0;3;4;2;5;5;9;2;3;18;2;14;17;1;6;5;2;4;25;3;7;0.9284933881382819;6;4;3;0;24;7;-5.807328498359548;0;4;0;4;4;3;2;0;1;22;-5.041184236747974;16;3;24;0;5;10;1;21;4.985948546522989;9;5;5;4;0;2;3;23;-1.574363539986344;0;10;17;6;6;12;0;4;6;2;0;0;4;1;22;2.451669081772355;13;6;0;17;23;1.7498231133441073;3;0;3;13;6;20;-1.3235607186108889;2;6;3;2;21;-0.06554859466109066;23;7.316392426891448;3;1;3;14;5;17;5;2;0;0;1;0;6;16;5;23;-5.857269894603581;5;4;11;4;0;6;15;5;16;2;6;3;2;10;20;3.875999337622146;4;3;6;11;0;3;4;4;4;10;6;3;3;4;15
EVAL_INSTANCE:19:0:380
EVAL_INSTANCE:19:1:381
EVAL_INSTANCE:19:2:382
EVAL_INSTANCE:19:3:383
EVAL_INSTANCE:19:4:384
EVAL_INSTANCE:19:5:385
EVAL_INSTANCE:19:6:386
EVAL_INSTANCE:19:7:387
EVAL_INSTANCE:19:8:388
EVAL_INSTANCE:19:9:389
RUN_RESULT:19:0:0:1:R
RUN_RESULT:19:1:0:2000:----
RUN_RESULT:19:2:0:1:R
RUN_RESULT:19:3:0:1:R
RUN_RESULT:19:4:0:1:R
RUN_RESULT:19:5:0:1:R
RUN_RESULT:19:6:0:1:R
RUN_RESULT:19:7:0:1:R
RUN_RESULT:19:8:0:1:R
RUN_RESULT:19:9:0:1:R
    20 |      200 | -3.999000E+03 | -3.999000E+03
TRAINING ON LEVEL:102
of 184 levels
---LEVEL STRING---
__________
_........_
_........_
_.bf....._
_......B._
_......1._
_.F13..2._
_........_
_........_
__________
---LEVEL STRING---
training done.
The time of execution is: 54.09804058074951 s

TRAINING DONE


-----!!!NEW PROBLEM!!!-----


START TESTING

LEVEL:0:______\n_K.2._\n_kSF._\n_bB1._\n_..fR_\n_1..._\n_3.r._\n_251O_\n_s.31_\n_o..2_\n______
LEVEL:1:________\n_......_\n_......_\n_.Sb.s._\n_.1..s._\n_.4b..1_\n_B12..3_\n_......_\n________
LEVEL:2:____________\n_.........._\n_.r....f..._\n_.....bssss_\n_.R.......F_\n_B1..f..b.1_\n_AO........_\n_.rssssssss_\n_.........F_\n_ss...R...1_\n_....B12W.3_\n_oS14...1.._\n____________
LEVEL:3:__________\n_F13....G_\n_..R15a.1_\n_.......0_\n_a.A.b.a._\n_....a..._\n_B....ggg_\n_1.a.ag.a_\n_2....g.f_\n__________
LEVEL:4:__________\n_.....B12_\n_.W......_\n_.1wwwww._\n_.6wf..w._\n_..w..kw._\n_F.wwwww._\n_1......._\n_3...bK17_\n__________
LEVEL:5:_________\n_....B18_\n_......._\n_...R..._\n_...1..._\n_...3..._\n_......._\n_....B12_\n_......._\n_.b..R.._\n_....1.._\n_r...9.._\n_......._\n_________
LEVEL:6:____________\n_G13wwwwK14_\n_w.o.okofow_\n_wo.o.o.o.w_\n_wko.o.o.ow_\n_wggggggggw_\n_w.o.o.o.ow_\n_wo.o.o.okw_\n_w.o.o.o.ow_\n_wo.obo.o.w_\n_K17wwwwB12_\n____________
LEVEL:7:____________\n_F13wwwwK14_\n_w.o.okofow_\n_wo.oko.o.w_\n_wko.o.o.ow_\n_wo.o.o.okw_\n_wko.o.o.ow_\n_wo.o.o.okw_\n_wko.o.o.ow_\n_wo.obo.o.w_\n_K17wwwwB12_\n____________
LEVEL:8:__________\n_B12....F_\n_1......1_\n_9lllL.f3_\n_..rl1..._\n_...l8..._\n_...lllll_\n_.br....._\n_....R15._\n__________
LEVEL:9:___________\n_rg9SkofVr_\n_GF.6WOV0A_\n_Fw0.3o6AB_\n_A5W..5A2l_\n_.WO5KlF.1_\n_441934sR2_\n_vF38vVb.k_\n_W4bAS.K1K_\n_kO9.W..21_\n_0Ba4o3.L2_\n_w9G.SG99v_\n_g9Br5Kkbk_\n_.l7RRG6r3_\n_LFffV..Gv_\n_ga8.ro1wr_\n_VWV7R..3._\n___________
LEVEL:10:__________\n_........_\n_....V12._\n_........_\n_...v...._\n_F.v.v..._\n_1..v...._\n_3......._\n_....f..._\n__________
LEVEL:11:__________\n_b....Vwv_\n_.....1ww_\n_.....3.._\n_........_\n_........_\n_.....BW._\n_.....11._\n_.....26._\n__________
LEVEL:12:__________\n_...K..3._\n_.f.k...._\n_kkkk...._\n_...kgkkk_\n_........_\n_G10...b._\n_.....B12_\n_K14..F13_\n__________
LEVEL:13:__________\n_..Bwwlll_\n_b.1wwlll_\n_..2wwlll_\n_...wwlll_\n_...wwlll_\n_W16....._\n_....F13._\n_s...wwwf_\n__________
LEVEL:14:__________\n_G10gl.f._\n_.aagl.l._\n_.R.gg.ll_\n_.b..gggl_\n_...a...a_\n_..r....5_\n_B12.1..._\n_F13a.L16_\n__________
LEVEL:15:__________\n_bW12..Fr_\n_........_\n_w.w.w..S_\n_.s...s.1_\n_..w.www4_\n_B.3s1..._\n_1.w.w..._\n_2.....Rf_\n__________
LEVEL:16:__________\n_bW12..Fr_\n_........_\n_w.w.w..S_\n_.s...s.1_\n_..w.www4_\n_B.3s1..S_\n_1.w.w..._\n_2.....Rf_\n__________
LEVEL:17:__________\n_.f......_\n_.......3_\n_kkkkgkkk_\n_...g.g.._\n_K14k.k.._\n_...k.kkk_\n_B12k..b._\n_F13....._\n__________
LEVEL:18:____________________\n_B.S14.O16.R15.B12._\n_1.F13.G16.V17....._\n_.Sv..............._\n_Rggggggggggggggggg_\n_1ggggggggggggggggg_\n_.F......gggggggggg_\n_ooo.......gggggggg_\n_wwwoo.......gggggg_\n_wwwwwoo.......gggg_\n_wwwwwwwoo..r......_\n_wwwwwwwwwoo.b....._\n_wwwwwwwwwwwooaaaaa_\n____________________
LEVEL:19:_________________\n_F13w.f.w.a...rw_\n_.a.wa...b.a.a.w_\n_wwrwwwww..wwwww_\n_...a...a....a.._\n_wwwwww.wwwwwwww_\n_.a.........ar.._\n_www.wwwwwwwwwww_\n_.a...a......ba._\n_..b......a....._\n_wwwwwwwwww.war._\n_k...a.....awwww_\n_wwwwwwwwwwwwB14_\n_R16wW16wK12wB17_\n_________________
LEVEL:20:__________\n_...s.V12_\n_v..s...._\n_..sssfss_\n_..s..s.._\n_F..s..s._\n_1.....s._\n_3..S14.._\n_........_\n__________
LEVEL:21:____________________\n_.Laallgg.......BG._\n_.1aallgg.......11._\n_.8aallgg.......90._\n_..aallgg.........._\n_..9allgg.......v.._\n_..aallgg.......V.._\n_b.2allgg.......1.._\n_llllllgg.......3.._\n_llllllgg.........._\n_gggggggg.........._\n_gggggggg.......B12_\n____________________
LEVEL:22:__________\n_........_\n_...b...._\n_........_\n_F......._\n_1.B.f..._\n_3.1....._\n_..2....._\n_........_\n__________
LEVEL:23:__________\n_........_\n_B...b..._\n_1......._\n_2......._\n_........_\n_..3...f._\n_F1....f._\n_........_\n__________
LEVEL:24:__________\n_S13....._\n_.......f_\n_...r...3_\n_........_\n_........_\n_F14..R12_\n_........_\n_......s._\n__________
LEVEL:25:_________________\n_....gg.....l..._\n_....gg.....l..._\n_....gg.....l..._\n_.b..gg.....l..._\n_....gg.....l..._\n_....gg.....l..._\n_....gg.....l..._\n_....gg.B12.l..f_\n_....gg.....l..._\n_K...gg.....l..._\n_B12.gg..k..l..._\n_....gg.....l..._\n_....gg.....l..._\n_....gg.G10.l..._\n_....gg.....l..._\n_....gg.....lF13_\n_....gg.....l..._\n_....gg.....lL14_\n_________________
LEVEL:26:__________\n_.ssss.s._\n_..ss.fv._\n_...as.v._\n_.F12.A.._\n_.....1.._\n_.....3.._\n_.ggg...._\n_.s......_\n__________
LEVEL:27:__________\n_glF13S12_\n_gksgggVV_\n_ggrrrrV2_\n_vggkgkVr_\n_vvgvvvVr_\n_vvvvvlVl_\n_vvvvvlVl_\n_vvvvl.fl_\n__________
LEVEL:28:__________\n_B12..VGF_\n_S.....1._\n_1.b.s35f_\n_4...sss._\n_........_\n_gggggggg_\n_...vv..._\n_........_\n__________
LEVEL:29:__________\n_V.2a..12_\n_B12avF.._\n_bv.a...._\n_aaaaaaaa_\n_...a...._\n_..2a.A.._\n_A16a1..._\n_.1.a2f3._\n__________
LEVEL:30:__________\n_K17....._\n_......O._\n_k.vwww.._\n_...wow.k_\n_...www.._\n_KV..W16._\n_11.O1.3._\n_42..k..._\n__________
LEVEL:31:___________________\n_B12w...ag...wG10._\n_wwww...gg...wW16._\n_..13...ga...wwwww_\n_.V15..agga......._\n_.R...araga.a....._\n_.....a.ggaaa....._\n_ggggggggaaaav...._\n_.v....agga......._\n_....b..aga......._\n_......agga......._\n___________________
LEVEL:32:__________\n_b.....f._\n_.....V12_\n_........_\n_F13....._\n_........_\n_........_\n_....v..._\n_........_\n__________
LEVEL:33:__________\n_........_\n_...bV12._\n_........_\n_........_\n_.B13...._\n_........_\n_........_\n_...vv..._\n__________
LEVEL:34:__________\n_...V13.._\n_v......._\n_........_\n_......b._\n_....B12._\n_........_\n_..V15..._\n_........_\n__________
LEVEL:35:__________\n_..F1.3.._\n_llllllll_\n_..L14..._\n_........_\n_........_\n_........_\n_........_\n_bB12...f_\n__________
LEVEL:36:__________\n_B12.F13._\n_........_\n_...sss.._\n_.b.sfs.._\n_...s...._\n_...s...._\n_........_\n_........_\n__________
LEVEL:37:__________\n_s..S..a._\n_k.o....l_\n_.g....b._\n_L.g..b.w_\n_g.s..fs._\n_....B..l_\n_b...1r.._\n_G13.2b.._\n__________
LEVEL:38:__________\n_.Rrbll.f_\n_L18.lll._\n_.5..ll.r_\n_..r.ll.1_\n_..r.ll.l_\n_.F..ll.B_\n_B19.ll.1_\n_r3r....2_\n__________
LEVEL:39:__________\n_A.2...bg_\n_1.G.3.a._\n_wwg1W16._\n_..12B12b_\n_........_\n_........_\n_........_\n_........_\n__________
LEVEL:40:__________\n_b..lsllf_\n_...lslll_\n_.S.lslll_\n_L18lslll_\n_.6.ls..._\n_F......._\n_1......._\n_3.B12..._\n__________
LEVEL:41:____________________\n_llllllff........L._\n_lgggglff........1._\n_lbggglff........5._\n_lg..glff.........._\n_lG15glff.........._\n_llllllff.........._\n_ffffwww..........._\n_ffff.............._\n_.................._\n_.........F.3......_\n_..B12.....1......._\n_.................._\n_.........k........_\n_....K12..........._\n_.................._\n_.................._\n_................7._\n_.................._\n____________________
LEVEL:42:__________\n_f.k.k.kk_\n_.B12F13._\n_k......k_\n_...b...._\n_k......k_\n_........_\n_k......k_\n_.K14K17._\n__________
LEVEL:43:__________\n_ffffffff_\n_W16....._\n_Bk......_\n_1.k...k._\n_2...k..._\n_w..wwwww_\n_...k...._\n_Kk.....k_\n_1k...k.._\n_7......._\n_w..wwwww_\n_........_\n_F13...k._\n_K..k...._\n_1......._\n_4...kk.b_\n__________
LEVEL:44:__________\n_FWwwwwww_\n_11wb.fww_\n_36wwwwww_\n_G10wgkww_\n_wwwwwwww_\n_wBKwwwww_\n_w11wwwww_\n_b2.kwwww_\n__________
LEVEL:45:___________\n_.F.w..V.._\n_o1.w.o1.._\n_.4.w.o2.o_\n_wwww.o..._\n_.ov...oWw_\n_.ov.o..1w_\n_..o.O186w_\n_foo..wF13_\n___________
LEVEL:46:____________________\n_W........wwwwwwwww_\n_1wwwwwwwww......Kw_\n_6wK17ooowwR1.O.81w_\n_Kwkooo3oww..3.1.9w_\n_1wkoooooww.......w_\n_4wo1kbkowwaaaaw.ww_\n_Awooooooww.....ww._\n_1woooooowwb..w..w._\n_9wwwwwwwwww.sw.ww._\n_Awwwwwwwwwwwlwwww._\n_1wb.....ww......w._\n_4wwwww.www.b.R..w._\n_Sw......ww.r.1..w._\n_1ww.wwwwww...5L.w._\n_4wrrrrrrww....1.w._\n_Bwrrfrrrww....8.w._\n_1wwwwwwwwwwwwwwww._\n_9R19F13L18R14B12.._\n____________________
LEVEL:47:______\n_fr.b_\n_F13w_\n_gggg_\n_wwww_\n_F17w_\n_R15w_\n_G10W_\n_B121_\n_W16W_\n______
LEVEL:48:__________\n_WSLlllll_\n_111llllk_\n_556llK12_\n_lllllB17_\n_lllllK1._\n_lllkklll_\n_lllwwlll_\n_FllssllF_\n_1......1_\n_3......3_\n_f......f_\n_........_\n_........_\n_oooggooo_\n_..o..o.._\n_GBo..oOS_\n_11ob.o11_\n_89o..o58_\n__________
LEVEL:49:____________________\n_Wwvvvvvvvfvvvvvvvv_\n_1wvvvvvvv.vvvvvvvv_\n_6wvvvvvvv.vvvvvvvv_\n_Fwvvvvvvv.vvvvvvvv_\n_1wvvvvvvv.vvvvvvvv_\n_3wvvvvvvvvvvvvvvvv_\n_Vwvvvvvvvvvvvvvvvv_\n_1wvvvvvvvvvvvvvvvv_\n_4wvvvvvvvvvvvvvvvv_\n_wwvvvvvvvvvvvvvvvv_\n_..............s..._\n_......r.r.....sS.._\n_...b..rrr.....s1.._\n_..B12..R......s4.._\n_.......1......s..._\n_.......5..O1O.s..._\n_..............w..._\n_..............w..._\n____________________
LEVEL:50:_______\n_bB12._\n_...F._\n_.fR15_\n_...3._\n_.r..._\n_______
LEVEL:51:________\n_rrrrrr_\n_rrrrrr_\n_rrbrrr_\n_rr.rRr_\n_r..B12_\n_r.3.6._\n________
LEVEL:52:____________\n_v......V12_\n_...f.....F_\n_.R.....b.1_\n_B12......3_\n_...S.S14.._\n____________
LEVEL:53:__________\n_bB1...2._\n_..fR1SF._\n_1...31s._\n_3.r..2.1_\n__________
LEVEL:54:_________\n_......._\n_....b.._\n_....s.._\n_......F_\n_.B12..1_\n_......3_\n_...S121_\n_________
LEVEL:55:____________\n_.........._\n_.b..S....._\n_.....712.._\n_.....O...._\n_.B........_\n_...b.....F_\n_.........1_\n_GokK12...3_\n_V......B1._\n_r........R_\n____________
LEVEL:56:________\n_......_\n_.b...._\n_......_\n_......_\n_.S...._\n_.1...._\n_.BB123_\n_.s...3_\n________
LEVEL:57:____________\n_B1.B.....B_\n_R1.......1_\n_..5....S12_\n_.........._\n_.r.....b.._\n_...L......_\n_......1..F_\n_..f......1_\n_......s..4_\n_F13......._\n____________
LEVEL:58:_______\n_F.B12_\n_1b..._\n_3...f_\n_..k.._\n_K17.._\n_______
LEVEL:59:____________\n_B12w.....S_\n_K12w.....1_\n_F16w....7._\n_wwww......_\n_G1........_\n_1.....s..._\n_.0.3.sbs.._\n_g.....s..g_\n_gg......gg_\n_ggg....ggg_\n____________
LEVEL:60:____________\n_B12......S_\n_Br.......1_\n_R..f.....F_\n_.........1_\n_G1.......3_\n_1.....s.f._\n_.0.3.sbs.F_\n_g.....s..g_\n_gg..13..gg_\n_ggg....ggg_\n____________
LEVEL:61:_________\n_.....B8_\n_......._\n_...R..._\n_..o1..._\n_......._\n_....B.._\n_......._\n_....rs._\n_..1SF.._\n_fB31s.._\n_F112o.._\n_......._\n_________
LEVEL:62:________\n_......_\n_......_\n_......_\n_......_\n_......_\n_......_\n_..B..._\n_..1..._\n_..2F13_\n_..b..._\n_......_\n_......_\n_f.F15._\n_......_\n_......_\n________
LEVEL:63:_____________\n_.....2....._\n_.b...F....._\n_....w.712.._\n_.B....O...._\n_....S.....F_\n_........S.1_\n_.....K12..._\n_.b.W......._\n_........s.._\n_.....B12s3k_\n_..........k_\n_____________
LEVEL:64:_________\n_Fw.f.wB_\n_1w...w1_\n_3wwwww2_\n_......._\n_..W16.._\n_......._\n_...b..._\n_________
LEVEL:65:____________\n_B13......F_\n_....f....1_\n_rrrR1Rrrr2_\n_........b._\n____________
LEVEL:66:____________\n_F13wwwwK14_\n_w.o.okofow_\n_wo.o.o.o.w_\n_wko.o.o.ow_\n_wo.o.o.o.w_\n_w.o.o.o.ow_\n_wo.o.o.okw_\n_w.o.o.o.ow_\n_wo.obo.o.w_\n_K17wwwwB12_\n____________
LEVEL:67:____________\n_.........._\n_llllllll.._\n_.....r...._\n_.........._\n_..b..r...._\n_.........._\n_gggggggg.._\n_W13..G17.._\n_.........._\n_B12......._\n____________
LEVEL:68:___________\n_B12w....._\n_wwww.brk._\n_.R......._\n_........._\n_ggggggggg_\n_.1......._\n_.5......._\n_........._\n_.K......._\n_........._\n_ggggggggg_\n_........._\n_......ooo_\n_wwww..ofo_\n_W16w..ooo_\n_G10w..F13_\n___________
LEVEL:69:__________\n_k....b.._\n_w....o.o_\n_sB123ggg_\n_.fR.oo.o_\n_.....bg._\n_.r..f..._\n_.s.bs..k_\n_..sg.www_\n__________
LEVEL:70:__________\n_...12..._\n_...r.ooo_\n_2...B11O_\n_......31_\n_s2.3...2_\n_........_\n_..R1..F1_\n_.....S14_\n__________
LEVEL:71:_______________\n_.l..gL16g..l._\n_.l..ggggg..l._\n_............._\n_............._\n_..l.......l.._\n_..l.......l.._\n_3....G10....3_\n_..l.......l.._\n_..l.......l.._\n_............._\n_............._\n_.l..ggggg..l._\n_.l..gL12g..l._\n_______________
LEVEL:72:__________\n_.kSFr..._\n_vbR1Sbb._\n_g..31skB_\n_r...2so8_\n_bss...a4_\n_FR...aa._\n_S1o....w_\n_W6R11oof_\n__________
LEVEL:73:__________\n_........_\n_....V12._\n_........_\n_........_\n_F.v.v..._\n_1..v...._\n_3......._\n_....f..._\n__________
LEVEL:74:__________\n_........_\n_....V12._\n_..v.v..._\n_..vvv..._\n_F.v.v..._\n_1..v...._\n_3......._\n_....f..._\n__________
LEVEL:75:__________\n_.....B12_\n_.W.14..._\n_.1wwwww._\n_.6wf..w._\n_..w..kw._\n_F.wwwww._\n_1......._\n_3...bK17_\n__________
LEVEL:76:____________\n_K..w.kwK14_\n_1...okkfow_\n_7...B12o.w_\n_s.k......._\n_.....R...._\n_w.www..W16_\n_w........._\n_..b...r..k_\n_w........._\n_..kwwwF13._\n____________
LEVEL:77:____________\n_K.kw.kwK14_\n_1...okkfo._\n_7.o.A12o.w_\n_s.2..r.o.._\n_.....R...._\n_w.www..W16_\n_w...o..o.._\n_..b...rbak_\n_w...5...o._\n_b.fwwwF13._\n____________
LEVEL:78:__________\n_...12..._\n_...rg1.._\n_........_\n_.s..wk2g_\n_F12.V7f._\n_w.F.v..._\n_3R25K..._\n_..v....._\n__________
LEVEL:79:__________\n_W16..R15_\n_.....R13_\n_..R....._\n_B1B12.ww_\n_......wr_\n_......ww_\n_........_\n_b....R19_\n__________
LEVEL:80:__________\n_W16..R15_\n_.....R13_\n_..R....._\n_B1B12.ww_\n_......wr_\n_......ww_\n_...R...._\n_bB1..R19_\n__________
LEVEL:81:__________\n_B1B....f_\n_1......._\n_2......._\n_........_\n_........_\n_.......F_\n_.......1_\n_b......3_\n__________
LEVEL:82:__________\n_V1V....B_\n_.......1_\n_V1.....2_\n_..F....._\n_........_\n_........_\n_........_\n_bv....7F_\n_.......1_\n_.......3_\n_wwwwwwww_\n_.v....W._\n_......1._\n_f.....6._\n__________
LEVEL:83:__________\n_B12..F13_\n_........_\n_........_\n_........_\n_.b....f._\n_........_\n_........_\n_........_\n__________
LEVEL:84:__________\n_.K14.B12_\n_.fow...._\n_2o.w...3_\n_..1.W..w_\n_..4...k._\n_....rr.._\n_........_\n_....bK17_\n__________
LEVEL:85:__________\n_l......._\n_...b...._\n_L1B....._\n_..1....._\n_..2F...._\n_.b.bB1Br_\n_........_\n_.f....13_\n__________
LEVEL:86:__________\n_bF132..G_\n_....g1.1_\n_..B12AO._\n_.RF13wwr_\n_a12....._\n_o.....WF_\n_......F1_\n_.....f.._\n__________
LEVEL:87:__________\n_W16w..s._\n_...wF..._\n_...w1..._\n_...w3..._\n_r..w...._\n_...wR.b._\n_S14wB12._\n_.1Fw...r_\n__________
LEVEL:88:__________\n_W16w..s._\n_.14wF..._\n_F..w1..._\n_...w3..._\n_..rw...._\n_...wR.b._\n_S14wB12._\n_.1Fw...r_\n__________
LEVEL:89:__________\n_........_\n_WW..W16._\n_11b.B12._\n_9W......_\n_........_\n_FL...www_\n_11...wll_\n_38...wlf_\n__________
LEVEL:90:________________\n_K17..........._\n_1....3........_\n_.4w.k...Ww...._\n_..l.....1....._\n_..lw.k.76Ww..._\n_..l..........._\n_lllllllll....._\n_......ll......_\n_.............._\n_b............._\n_L14........B12_\n________________
LEVEL:91:__________\n_...K.3.._\n_.f.k...._\n_kkkk...._\n_...kgkkk_\n_........_\n_G10...b._\n_.....B12_\n_K14..F13_\n__________
LEVEL:92:__________\n_.....b.s_\n_FBs....s_\n_f13....s_\n_.2..rrrr_\n_...r...._\n_...r.RF._\n_...r.11._\n_S14r.5.._\n__________
LEVEL:93:__________\n_.B1..ww._\n_s..S...f_\n_.w1ww4.._\n_.w.SF..1_\n_1.4.Bw.4_\n_3bww3w.._\n_.......s_\n_.W12.s.._\n__________
LEVEL:94:__________\n_........_\n_B12....._\n_S16....._\n_K13.b..._\n_G16....._\n_F16..v.v_\n_.....vsv_\n_V16..vkf_\n__________
LEVEL:95:___________\n_s...f...s_\n_.k.....k._\n_..k...k.._\n_...k.k..._\n_....k...._\n_....S14.._\n_........._\n_K17...K14_\n_B12.b.F13_\n___________
LEVEL:96:__________\n_.B1.sF13_\n_S142s..._\n_...fs..._\n_sssss..._\n_........_\n_.....17._\n_.B12..b._\n_........_\n__________
LEVEL:97:_________\n_....F13_\n_......._\n_..K...._\n_..1...._\n_.f2...._\n_......._\n_k......_\n_________
LEVEL:98:__________\n_........_\n_...F13.._\n_........_\n_.......v_\n_B.....a._\n_1......._\n_2..O...._\n_..k.fb.S_\n__________
LEVEL:99:__________\n_B12.gggf_\n_F13agggg_\n_R15.gggg_\n_G10.gggg_\n_.a......_\n_..r..rr._\n_..rrrrrr_\n_b..rr..._\n__________
LEVEL:100:__________\n_........_\n_........_\n_.B...k.._\n_1......._\n_wwwvwwww_\n_.b......_\n_........_\n_.....3.._\n_...K...._\n_....1..._\n_..7....._\n_........_\n_.......V_\n_.......1_\n_B12..W14_\n__________
LEVEL:101:__________\n_....B12b_\n_....b..._\n_.......F_\n_...1...1_\n_......12_\n_........_\n_gb...f.._\n_g......._\n_g1..Rr.._\n_gfRf12.k_\n_G.f36..._\n_.b.15..F_\n_G.f....1_\n_.......4_\n_K13....._\n__________
LEVEL:102:__________\n_........_\n_........_\n_.bf....._\n_......B._\n_......1._\n_.F13..2._\n_........_\n_........_\n__________
LEVEL:103:___________\n_oLoLBLoLo_\n_o1o111o1o_\n_w8w828w8w_\n_ooo131ooo_\n_L18oboooo_\n_oooowoOoo_\n_L18oWoL18_\n_oooo1oooo_\n_L14o6oo1L_\n___________
LEVEL:104:_______________\n_B12wwW16.F.13_\n_K14ww.......k_\n_1bG.w.....k.._\n_7.1ww.w.....k_\n_f.4ww.....k.._\n_gggww..k....._\n_gggwwk......._\n_gggww..k....._\n_gggwwk......._\n_k..www..k...k_\n_..k..www..k.._\n_k......w...kw_\n_wwwwww...wwww_\n_______________
LEVEL:105:___________\n_B19L18F13_\n_1wwwwwwwW_\n_2w..b..w1_\n_ww.....w6_\n_..A....wA_\n_a.1.a..w1_\n_...5...w9_\n_.llllllll_\n_.llllllll_\n_.....l..._\n_.V1.vl.f._\n_.1...l..._\n_..2.lllll_\n___________
LEVEL:106:__________\n_.f......_\n_........_\n_kkkkkgkk_\n_B12....._\n_........_\n_G10....._\n_..F13..._\n_......b._\n__________
LEVEL:107:__________\n_.....L14_\n_.llK14wF_\n_.Wrb...1_\n_.ww....3_\n_.ww....._\n_.R1....._\n_........_\n_.1F..B12_\n__________
LEVEL:108:__________\n_b....V.B_\n_.....1.1_\n_..3..9.2_\n_.F...s.._\n_S14sss.._\n_........_\n_........_\n_....f..k_\n__________
LEVEL:109:______________\n_l.bFk...l..._\n_l.B12...l..._\n_l.k42....l.._\n_ll...R..rl2._\n_.1l......l.._\n_..llKl.lll.._\n_.k..1......._\n_....8.f..4.._\n_..2........._\n_..F1.9..K12._\n_...3........_\n_............_\n______________
LEVEL:110:__________\n_B12...fO_\n_...3...._\n_.b......_\n_F......o_\n_1......l_\n_L1......_\n_3......._\n_........_\n__________
LEVEL:111:__________\n_.2......_\n_S..b...._\n_..B....._\n_ww1....._\n_W1......_\n_.F12ss.._\n_....B123_\n_.f.....3_\n__________
LEVEL:112:__________\n_b....F13_\n_l..W16.._\n_llwlllll_\n_.....V.._\n_gggG..12_\n_v.g1.L18_\n_f.g0...._\n_ggg..B12_\n__________
LEVEL:113:______\n_...._\n_.r.._\n_...f_\n_R12._\n_..F._\n_..1._\n_..3._\n_...._\n_...._\n______
LEVEL:114:___________\n_B12aab..._\n_.......A._\n_.......1._\n_F13....7._\n_ggggggggg_\n_ggwwwwwgg_\n_www.f.www_\n_W16.k.G14_\n___________
LEVEL:115:__________\n_........_\n_........_\n_..F12..._\n_........_\n_....31A._\n_fff....._\n_..f....._\n_a.f....._\n__________
LEVEL:116:__________\n_........_\n_.......o_\n_..f....._\n_........_\n_...K13.._\n_.r.g..B._\n_..w...1._\n_...b..2k_\n__________
LEVEL:117:__________\n_B1.awB12_\n_f.o..12._\n_b....rg1_\n_1......._\n_3..Rrr.5_\n_....r..l_\n_g7.w.Ar._\n_K2.k..or_\n__________
LEVEL:118:__________\n_B12..F13_\n_1......._\n_9......._\n_..rb.9.._\n_........_\n_..R..5.._\n_..1....v_\n_V18...vf_\n__________
LEVEL:119:__________\n_b......B_\n_..1.R..1_\n_.R...5.2_\n_........_\n_.0.rrr.._\n_gggggggg_\n_gg...G10_\n_fg...F13_\n__________
LEVEL:120:__________\n_........_\n_S12.B..._\n_S..1..2._\n_........_\n_K.....s._\n_...b...._\n_........_\n_3......._\n__________
LEVEL:121:__________\n_........_\n_.b......_\n_..B....._\n_..1....._\n_..2....._\n_..3....._\n_.Ss....._\n_........_\n__________
LEVEL:122:__________\n_b......._\n_........_\n_...f...._\n_B......._\n_1......._\n_2......._\n_l......._\n_ff.lF13._\n__________
LEVEL:123:__________\n_....B12._\n_....F13._\n_k.b....._\n_....K1.._\n_....fR.._\n_........_\n_........_\n_....r..._\n__________
LEVEL:124:__________\n_........_\n_...b...._\n_........_\n_........_\n_..B...F._\n_..1...1._\n_..2...3._\n_........_\n_........_\n_.......f_\n_........_\n__________
LEVEL:125:__________\n_........_\n_b......._\n_........_\n_...r...._\n_..R12..._\n_.....F.f_\n_.....1.._\n_.....3.._\n__________
LEVEL:126:__________\n_..B12..._\n_........_\n_....F..._\n_..fR15.._\n_b...3..._\n_........_\n_........_\n_..r....._\n__________
LEVEL:127:__________\n_F13....._\n_........_\n_........_\n_.b......_\n_........_\n_...B12.._\n_........_\n_f......._\n__________
LEVEL:128:__________\n_....LLLr_\n_1...LLL._\n_F......._\n_.......F_\n_.......1_\n_.......3_\n_..Rb...._\n_.....B12_\n__________
LEVEL:129:__________\n_......13_\n_..W16..._\n_...B1B.._\n_..B1...._\n_..12...._\n_wwb....._\n_........_\n_........_\n__________
LEVEL:130:_______________\n_......w......_\n_......r..R15._\n_..g.ggr.w...._\n_..g...r...w.._\n_g.rrr.rrk...._\n_.....rK14...._\n_.r.w...r..k.._\n_..r.w.r..ggrg_\n_.bwwwwr.W16r._\n_.wr.rrrwr..k._\n_.w...gw.r..k._\n_.w.f.g..r...._\n_.wr.....r...._\n_B12G10..r.F13_\n_______________
LEVEL:131:_______________\n_......w......_\n_......r..R15._\n_..g.ggr.w...._\n_..g...r...w3._\n_g.rrr.rrk...._\n_.....rK14...._\n_.r.w...r..k.._\n_..r.w.r..ggrg_\n_.bwwwwr.W16r._\n_.wr.rrrwr..k._\n_.w...gw.r..k._\n_.w.f.g..r...._\n_.wr.....r...._\n_B12G10..r.F13_\n_______________
LEVEL:132:__________\n_.......f_\n_........_\n_.k......_\n_..k....._\n_b..k...._\n_.....F13_\n_B12....._\n_........_\n__________
LEVEL:133:__________\n_........_\n_........_\n_llllllll_\n_L.....B._\n_1...b.1._\n_8.....9._\n_........_\n_B12..F13_\n__________
LEVEL:134:_______________\n_b........wF19_\n_G.R.B.R.SwV18_\n_1.R.1.1.1wV17_\n_6.R.2.5.6wF13_\n_...r.r...wW16_\n_.........wG1G_\n_....g....wS1S_\n_wwwwswwwwwwww_\n_vg..f..svw..._\n_______________
LEVEL:135:__________\n_......F._\n_f......o_\n_..b....f_\n_......R._\n_.r....11_\n_.1OB12.._\n_1..b...._\n_3......._\n__________
LEVEL:136:__________\n_........_\n_b.....b._\n_.....b.._\n_...r...._\n_..R12..._\n_.....F.f_\n_.b...1.._\n_.....3.._\n__________
LEVEL:137:__________\n_F13....._\n_........_\n_........_\n_.b......_\n_........_\n_.....B12_\n_........_\n_f......._\n__________
LEVEL:138:__________\n_......BF_\n_.b....11_\n_....R.23_\n_1..5.r.._\n_.....r.._\n_gggggggg_\n_gggggggg_\n_gggggfgg_\n__________
LEVEL:139:__________\n_V.2a..12_\n_B12avF.._\n_bv.a...._\n_aaaaaaaa_\n_...a...._\n_r.Ra.A.._\n_A16a1..._\n_A1032f3._\n__________
LEVEL:140:__________\n_F13....f_\n_....llV._\n_....ll1l_\n_....ll2l_\n_...lll.l_\n_...lllll_\n_.v......_\n_........_\n__________
LEVEL:141:__________\n_........_\n_F12....._\n_....3..._\n_....V1.._\n_........_\n_........_\n_...f.l.v_\n_.....l.._\n__________
LEVEL:142:__________\n_....w.b._\n_....w..w_\n_B13.w.ww_\n_........_\n_F12.fff._\n_........_\n_....W15._\n_........_\n__________
LEVEL:143:__________\n_G......._\n_1..L14.._\n_0......F_\n_.......1_\n_.b.....3_\n_ggg....._\n_llg.B12._\n_fl......_\n__________
LEVEL:144:__________\n_bB1...2._\n_..fR1SF._\n_1...31s._\n_3.s..2.1_\n__________
LEVEL:145:__________\n_......wf_\n_W15..w.._\n_.....w.w_\n_.B12w.w._\n_.....w.._\n_...b..ww_\n_F13...w._\n_......w._\n__________
LEVEL:146:____________\n_A18wa....._\n_B19ww..a.._\n_1ssswa..a._\n_2K13wV13a._\n_wwwww..a.._\n_aaaaa...a._\n_a....aaVav_\n_..aa.aa1av_\n_a.ba.a.8av_\n_aaaa...akv_\n____________
LEVEL:147:__________\n_...w..w._\n_..w.fw.._\n_V12..v.w_\n_....w.w._\n_..ww...w_\n_F13.w.v._\n_.b.v...._\n_....W15._\n__________
LEVEL:148:__________\n_.....w.._\n_F13v...._\n_..V1..w._\n_.b..2..._\n_.W15...w_\n_.w...w.._\n_....w..._\n_B12.w.f._\n__________
LEVEL:149:__________\n_fwwwwwGF_\n_ggwwww11_\n_ggrwww03_\n_g...wwwW_\n_r....ww1_\n_.W19.R16_\n_.O18.1ww_\n_bB12b5.w_\n__________
LEVEL:150:__________\n_.......4_\n_.b..v.gb_\n_..lBOrv._\n_O131..F._\n_.sf2..f._\n_..w...bl_\n_...g.v.._\n_A.of.f.9_\n__________
LEVEL:151:__________\n_.B......_\n_.1..F13O_\n_.2bR...._\n_........_\n_......a._\n_........_\n_........_\n_...f...._\n__________
LEVEL:152:____________________\n_BWw..............._\n_11w.....G10......._\n_26w..wwwwwwww....._\n_www..woooooow....._\n_.....wooR15ow....._\n_.....woooooow....._\n_.....woborrow....._\n_.....woooooow....._\n_..wwwwwggggwwwww.._\n_..w............w.._\n_..w............w.._\n_..w............w.._\n_..wggg.........w.._\n_..wggg.....F13.w.._\n_..wfgg.........w.._\n_..wwwwwwwwwwwwww.._\n_.................._\n_.................._\n____________________
LEVEL:153:__________\n_L1.....O_\n_1......1_\n_8......9_\n_........_\n_F15.V12._\n_w.l.Kv.._\n_3.2.V..k_\n_.......k_\n__________
LEVEL:154:__________\n_B1gg..kb_\n_...v...._\n_......f3_\n_a3V12..._\n_........_\n_.g......_\n_K1.G...._\n_B1...F13_\n__________
LEVEL:155:__________\n_B12..G10_\n_...f...._\n_........_\n_gggggggg_\n_b......._\n_.....r.._\n_........_\n_F13..R15_\n__________
LEVEL:156:__________\n_.R.bll.f_\n_L18.lll._\n_.5..ll.r_\n_..r.ll.1_\n_..r.ll.l_\n_.F..ll.B_\n_B19.ll.1_\n_.3.....2_\n__________
LEVEL:157:__________\n_V12.r..._\n_R.rr2rw._\n_1r....wg_\n_4.ggrrwv_\n_gggF13aa_\n_r.gggggg_\n_a..rarar_\n_fargrara_\n__________
LEVEL:158:__________\n_B12..G10_\n_........_\n_gg..b.1._\n_Fgsr.r5._\n_.gsr.R.._\n_.gs....._\n_.gssss.._\n_.13S141F_\n__________
LEVEL:159:__________\n_B12..G10_\n_sss....._\n_gg..b.1._\n_Fgsr.r5._\n_.gsr.R.._\n_.gs....._\n_.gssss.._\n_.13S141F_\n__________
LEVEL:160:__________\n_kBK.w.b._\n_..1ww..._\n_..2w...._\n_wwww..V._\n_......1._\n_......3._\n_W18....._\n_.....B19_\n__________
LEVEL:161:__________\n_BK13gggG_\n_1rrrggR1_\n_2rbrgR16_\n_.rrrgg7g_\n_.ggggrgg_\n_.ggggggg_\n_.g..rggr_\n_.r.r.r.k_\n__________
LEVEL:162:__________\n_bwawaB12_\n_wawawawa_\n_awawawaw_\n_wawawawa_\n_awawawaw_\n_wawawawa_\n_awawawaw_\n_F13awawf_\n__________
LEVEL:163:__________\n_........_\n_.aaaaa.1_\n_.aabaa.3_\n_.aaaaa.._\n_........_\n_.A......_\n_.1......_\n_.2...B12_\n__________
LEVEL:164:__________\n_KRg...rs_\n_11.g..rr_\n_45.gg..._\n_.B13g..._\n_....wS12_\n_L...l..._\n_1.kkl.k._\n_0b.ll.k._\n__________
LEVEL:165:__________\n_VB12...3_\n_1o..o..._\n_4o..vK16_\n_oo.o...._\n_vobo.kk._\n_..o....._\n_..v..v.._\n_........_\n__________
LEVEL:166:__________\n_wfkwwwww_\n_lwwlwwlw_\n_sllsllsl_\n_.s......_\n_....b.s._\n_W16F13.._\n_..B19S14_\n_L18..B12_\n__________
LEVEL:167:__________\n_kk.k.kkk_\n_llo..o.k_\n_.lo..o.k_\n_.loooo.k_\n_.llll..k_\n_..looooo_\n_..lollll_\n_..lollll_\n_....llll_\n_........_\n_........_\n_L16....._\n_........_\n_........_\n_BK13...._\n_1......._\n_2.K17..._\n_b......._\n__________
LEVEL:168:_____________\n_..wwB12ww.._\n_..........._\n_..wwrwrww.._\n_..w.....w.._\n_W.Rw.b.wR.B_\n_1.w.....w.1_\n_6.w.....w.2_\n_w.w.......w_\n_w1.ww.ww.1w_\n_.........3._\n_..wwR15w..._\n_____________
LEVEL:169:_____________\n_B12F13fL17._\n_..........._\n_l.l.ll.ll.._\n_..........._\n_l.l..l..l.._\n_l..l..l...._\n_.l.....l.l._\n_ll.l.l.l..l_\n_..........._\n_..........._\n_b...B19.L18_\n_____________
LEVEL:170:__________\n_..b....._\n_B12.www._\n_K1.w.k.w_\n_...w...w_\n_....w.wF_\n_....wfw1_\n_.....w.3_\n_W17....._\n__________
LEVEL:171:_____________\n_B12S14F13ww_\n_S17O14W16bw_\n_wwwwwwwww.w_\n_wwwwww..osw_\n_wwwww..os.w_\n_wwww...so.w_\n_www...so..w_\n_ww.....so.w_\n_w......os.w_\n_........osw_\n_.......os.w_\n_w......so.w_\n_ww....so..w_\n_www....so.w_\n_wwww...os.w_\n_wwwww...osw_\n_wwwwww.os.w_\n_wwwwwwwwwfw_\n_____________
LEVEL:172:____________________\n_S16.........wwww.._\n_............wBFw.._\n_............w11w.._\n_............w23w.._\n_............wwww.._\n_...wwwwwwwww......_\n_...wosooooow......_\n_...wooooooow......_\n_...wooobosow......_\n_...wsooooosw......_\n_...woosoooow......_\n_...wwwwwwwww......_\n_.................._\n_.......f.........._\n_.................._\n_.................._\n_.................._\n_.................._\n____________________
LEVEL:173:__________\n_B12oo.b._\n_ooooo.F._\n_sosoo.1._\n_ofooo.3._\n_sosoo..._\n_oooooooo_\n_ooooO14o_\n_oooooooo_\n__________
LEVEL:174:____________________\n_wwowwf....Kwbwwow._\n_wB12wwF13.1w.wooWw_\n_wwbww.o.oA12.oo.1w_\n_LRwwV....o3o.wwo6r_\n_11.Br1......kwwwwg_\n_451.3..llll..wwwgg_\n_..4lwgwlllllllwwwg_\n_llllwvwllllllwK17w_\n____________________
LEVEL:175:__________\n_bsfgalro_\n_kwoBSFWA_\n_ROKGV213_\n_6750489w_\n_w.....ww_\n_w.wwwwWw_\n_w...vw1w_\n_B12V136w_\n__________
LEVEL:176:____________________\n_W........wwwwwwwww_\n_1wwwwwwwww......Kw_\n_6woooooowwR1.O.81w_\n_Kwooo3koww..3.1.9w_\n_1wkoooooww.......w_\n_4wo1kbkowwaaaaw.ww_\n_Awooooooww....oww._\n_1wK17ooowwb..woow._\n_9wwwwwwwwww.swoww._\n_Awwwwwwwwwwwlwwww._\n_1wb.....ww......w._\n_4wwwww.www.b.R..w._\n_Sw......ww.r.1..w._\n_1ww.wwwwww...5L.w._\n_4wrrrrrrww....1.w._\n_Bwrrfrrrww....8.w._\n_1wwwwwwwwwwwwwwww._\n_9R19F13L18R14B12.._\n____________________
LEVEL:177:__________\n_........_\n_S2..B12._\n_w...s..._\n_...7wooo_\n_.1.vooVo_\n_.3vbW1.6_\n_...voo2o_\n_V14.oO16_\n__________
LEVEL:178:____________________\n_WR1R.....wwwwwwwww_\n_1wwwwwwwww......Kw_\n_6wK17ooowwR1.O.81w_\n_Kwkooo3oww..3.1.9w_\n_1wkoooooww.......w_\n_4wo1kbkowwaaaaw.ww_\n_Awooooooww.....ww._\n_1woooooowwb..w..w._\n_9wwwwwwwwww.sw.ww._\n_Awwwwwwwwwwwlwwww._\n_1wb.....ww......w._\n_4wwwww.www.b.R..w._\n_Sw......ww.r.1..w._\n_1ww.wwwwww...5L.w._\n_4wrrrrrrww....1.w._\n_Bwrrfrrrww....8.w._\n_1wwwwwwwwwwwwwwww._\n_9R19F13L18R14B12.._\n____________________
LEVEL:179:__________\n_KF13K1K._\n_1f......_\n_4.wwwwwk_\n_B.wK1b.._\n_1.waA.6._\n_2WwvV.2._\n_w1wgG.0._\n_w6wlL.8._\n__________
LEVEL:180:____________________\n_S14W16...........V_\n_B12V18ww.........1_\n_G14S19..w........5_\n_.w.w..ww.........._\n_...www............_\n_.................._\n_.................._\n_....wwwwsw........_\n_...w.vb..w........_\n_..w..b...w........_\n_...w..b..w........_\n_....wwwwww........_\n_.................._\n_...O15........gggg_\n_...F13....gggggggg_\n_.........gggoooooo_\n_......ggggggoooooo_\n_..ggggggggggooooof_\n____________________
LEVEL:181:____________\n_L.kwB..K1r_\n_w.r..3.fos_\n_wS1.....s1_\n_g.r.W1..s4_\n_W.b......._\n_kk..rb.ff5_\n_9.B12....G_\n_.b.f.swgw1_\n_g.o...oO.0_\n_v.wwoRF1.f_\n____________
LEVEL:182:__________\n_K14....._\n_1k..k..._\n_.boL..k._\n_.A15..aa_\n_.b....b._\n_k...F.k._\n_..k.1..._\n_B12.lf13_\n__________
LEVEL:183:____________________\n_Wwvvvvvvvfvvvvvvvv_\n_1wvvvvvvv.vvvvvvvv_\n_6wvvvvvvv.vvvvvvvv_\n_Fwvvvvvvv.vvvvvvvv_\n_1wvvvvvvv.vvvvvvvv_\n_3wvvvvvvvvvvvvvvvv_\n_Vwvvvvvvvvvvvvvvvv_\n_1wvvvvvvvvvvvvvvvv_\n_4wvvvvvvvvvvvvvvvv_\n_wwvvvvvvvvvvwwwwww_\n_............r....._\n_............rRK.B._\n_...b..sss...r11.1._\n_..B12..S....r457.._\n_..B12..1....r....._\n_.......5....kw...._\n_.O1O........ww...._\n_............w....._\n____________________
BATCH:-1:0:0
BATCH:-1:1:1
BATCH:-1:2:2
BATCH:-1:3:3
BATCH:-1:4:4
BATCH:-1:5:5
BATCH:-1:6:6
BATCH:-1:7:7
BATCH:-1:8:8
BATCH:-1:9:9
BATCH:-1:10:10
BATCH:-1:11:11
BATCH:-1:12:12
BATCH:-1:13:13
BATCH:-1:14:14
BATCH:-1:15:15
BATCH:-1:16:16
BATCH:-1:17:17
BATCH:-1:18:18
BATCH:-1:19:19
BATCH:-1:20:20
BATCH:-1:21:21
BATCH:-1:22:22
BATCH:-1:23:23
BATCH:-1:24:24
BATCH:-1:25:25
BATCH:-1:26:26
BATCH:-1:27:27
BATCH:-1:28:28
BATCH:-1:29:29
BATCH:-1:30:30
BATCH:-1:31:31
BATCH:-1:32:32
BATCH:-1:33:33
BATCH:-1:34:34
BATCH:-1:35:35
BATCH:-1:36:36
BATCH:-1:37:37
BATCH:-1:38:38
BATCH:-1:39:39
BATCH:-1:40:40
BATCH:-1:41:41
BATCH:-1:42:42
BATCH:-1:43:43
BATCH:-1:44:44
BATCH:-1:45:45
BATCH:-1:46:46
BATCH:-1:47:47
BATCH:-1:48:48
BATCH:-1:49:49
BATCH:-1:50:50
BATCH:-1:51:51
BATCH:-1:52:52
BATCH:-1:53:53
BATCH:-1:54:54
BATCH:-1:55:55
BATCH:-1:56:56
BATCH:-1:57:57
BATCH:-1:58:58
BATCH:-1:59:59
BATCH:-1:60:60
BATCH:-1:61:61
BATCH:-1:62:62
BATCH:-1:63:63
BATCH:-1:64:64
BATCH:-1:65:65
BATCH:-1:66:66
BATCH:-1:67:67
BATCH:-1:68:68
BATCH:-1:69:69
BATCH:-1:70:70
BATCH:-1:71:71
BATCH:-1:72:72
BATCH:-1:73:73
BATCH:-1:74:74
BATCH:-1:75:75
BATCH:-1:76:76
BATCH:-1:77:77
BATCH:-1:78:78
BATCH:-1:79:79
BATCH:-1:80:80
BATCH:-1:81:81
BATCH:-1:82:82
BATCH:-1:83:83
BATCH:-1:84:84
BATCH:-1:85:85
BATCH:-1:86:86
BATCH:-1:87:87
BATCH:-1:88:88
BATCH:-1:89:89
BATCH:-1:90:90
BATCH:-1:91:91
BATCH:-1:92:92
BATCH:-1:93:93
BATCH:-1:94:94
BATCH:-1:95:95
BATCH:-1:96:96
BATCH:-1:97:97
BATCH:-1:98:98
BATCH:-1:99:99
BATCH:-1:100:100
BATCH:-1:101:101
BATCH:-1:102:102
BATCH:-1:103:103
BATCH:-1:104:104
BATCH:-1:105:105
BATCH:-1:106:106
BATCH:-1:107:107
BATCH:-1:108:108
BATCH:-1:109:109
BATCH:-1:110:110
BATCH:-1:111:111
BATCH:-1:112:112
BATCH:-1:113:113
BATCH:-1:114:114
BATCH:-1:115:115
BATCH:-1:116:116
BATCH:-1:117:117
BATCH:-1:118:118
BATCH:-1:119:119
BATCH:-1:120:120
BATCH:-1:121:121
BATCH:-1:122:122
BATCH:-1:123:123
BATCH:-1:124:124
BATCH:-1:125:125
BATCH:-1:126:126
BATCH:-1:127:127
BATCH:-1:128:128
BATCH:-1:129:129
BATCH:-1:130:130
BATCH:-1:131:131
BATCH:-1:132:132
BATCH:-1:133:133
BATCH:-1:134:134
BATCH:-1:135:135
BATCH:-1:136:136
BATCH:-1:137:137
BATCH:-1:138:138
BATCH:-1:139:139
BATCH:-1:140:140
BATCH:-1:141:141
BATCH:-1:142:142
BATCH:-1:143:143
BATCH:-1:144:144
BATCH:-1:145:145
BATCH:-1:146:146
BATCH:-1:147:147
BATCH:-1:148:148
BATCH:-1:149:149
BATCH:-1:150:150
BATCH:-1:151:151
BATCH:-1:152:152
BATCH:-1:153:153
BATCH:-1:154:154
BATCH:-1:155:155
BATCH:-1:156:156
BATCH:-1:157:157
BATCH:-1:158:158
BATCH:-1:159:159
BATCH:-1:160:160
BATCH:-1:161:161
BATCH:-1:162:162
BATCH:-1:163:163
BATCH:-1:164:164
BATCH:-1:165:165
BATCH:-1:166:166
BATCH:-1:167:167
BATCH:-1:168:168
BATCH:-1:169:169
BATCH:-1:170:170
BATCH:-1:171:171
BATCH:-1:172:172
BATCH:-1:173:173
BATCH:-1:174:174
BATCH:-1:175:175
BATCH:-1:176:176
BATCH:-1:177:177
BATCH:-1:178:178
BATCH:-1:179:179
BATCH:-1:180:180
BATCH:-1:181:181
BATCH:-1:182:182
BATCH:-1:183:183
EVAL_INSTANCE:0:0:389
RUN_RESULT:0:0:0:2000:----
RUN_RESULT:0:0:1:2000:----
RUN_RESULT:0:0:2:2000:----
RUN_RESULT:0:0:3:2000:----
RUN_RESULT:0:0:4:211:LULLUULUUURRRDD
RUN_RESULT:0:0:5:24:DDRRRLLLL
RUN_RESULT:0:0:6:2000:----
RUN_RESULT:0:0:7:2000:----
RUN_RESULT:0:0:8:2000:----
RUN_RESULT:0:0:9:3:UUR
RUN_RESULT:0:0:10:3:DDD
RUN_RESULT:0:0:11:23:RRRRDDDRRRDDLU
RUN_RESULT:0:0:12:2000:----
RUN_RESULT:0:0:13:13:DDRRDDDRRDRRR
RUN_RESULT:0:0:14:2000:----
RUN_RESULT:0:0:15:2000:----
RUN_RESULT:0:0:16:2000:----
RUN_RESULT:0:0:17:20:DLLUUUUUUULLL
RUN_RESULT:0:0:18:2000:----
RUN_RESULT:0:0:19:2000:----
RUN_RESULT:0:0:20:114:DDDRDDDRRRRUUUUU
RUN_RESULT:0:0:21:2000:----
RUN_RESULT:0:0:22:4:RDDD
RUN_RESULT:0:0:23:142:LLDDDDRRRR
RUN_RESULT:0:0:24:44:LDDRDDRRRD
RUN_RESULT:0:0:25:2000:----
RUN_RESULT:0:0:26:3:DLL
RUN_RESULT:0:0:27:10:DDDDDRDRRR
RUN_RESULT:0:0:28:2000:----
RUN_RESULT:0:0:29:658:RUDRUULRULRULDDLRURLDDLLDDLLUUUDDRDR
RUN_RESULT:0:0:30:2000:----
RUN_RESULT:0:0:31:2000:----
RUN_RESULT:0:0:32:15:RRUUUULLUURR
RUN_RESULT:0:0:33:10:UURUULULU
RUN_RESULT:0:0:34:2000:----
RUN_RESULT:0:0:35:2000:----
RUN_RESULT:0:0:36:3:RRR
RUN_RESULT:0:0:37:2:UU
RUN_RESULT:0:0:38:2000:----
RUN_RESULT:0:0:39:593:LLLUDLUULUDLURLDRDLLLRURRRU
RUN_RESULT:0:0:40:38:RRDDLRUURRRRR
RUN_RESULT:0:0:41:2000:----
RUN_RESULT:0:0:42:6:LLLUUU
RUN_RESULT:0:0:43:2000:----
RUN_RESULT:0:0:44:7:RLR
RUN_RESULT:0:0:45:2000:----
RUN_RESULT:0:0:46:2000:----
RUN_RESULT:0:0:47:2000:----
RUN_RESULT:0:0:48:2000:----
RUN_RESULT:0:0:49:2000:----
RUN_RESULT:0:0:50:3:RDD
RUN_RESULT:0:0:51:11:DDLDRRLUUUR
RUN_RESULT:0:0:52:5:ULLLL
RUN_RESULT:0:0:53:2000:----
RUN_RESULT:0:0:54:2000:----
RUN_RESULT:0:0:55:2000:----
RUN_RESULT:0:0:56:2000:----
RUN_RESULT:0:0:57:2000:----
RUN_RESULT:0:0:58:4:DRRR
RUN_RESULT:0:0:59:2000:----
RUN_RESULT:0:0:60:1:U
RUN_RESULT:0:0:61:2000:----
RUN_RESULT:0:0:62:2000:----
RUN_RESULT:0:0:63:2000:----
RUN_RESULT:0:0:64:9:UUUUULUR
RUN_RESULT:0:0:65:6:RDRDRR
RUN_RESULT:0:0:66:2000:----
RUN_RESULT:0:0:67:2000:----
RUN_RESULT:0:0:68:2000:----
RUN_RESULT:0:0:69:2000:----
RUN_RESULT:0:0:70:2000:----
RUN_RESULT:0:0:71:2000:----
RUN_RESULT:0:0:72:7:RDDRDD
RUN_RESULT:0:0:73:3:DDD
RUN_RESULT:0:0:74:3:DDD
RUN_RESULT:0:0:75:1067:LULLUULUUURURRDDD
RUN_RESULT:0:0:76:2000:----
RUN_RESULT:0:0:77:2000:----
RUN_RESULT:0:0:78:2000:----
RUN_RESULT:0:0:79:2000:----
RUN_RESULT:0:0:80:456:UUURRRDDRDLRURUUUULULLD
RUN_RESULT:0:0:81:14:RRRRRRUUURUUUU
RUN_RESULT:0:0:82:2000:----
RUN_RESULT:0:0:83:5:RRRRR
RUN_RESULT:0:0:84:2000:----
RUN_RESULT:0:0:85:109:DRDDDDRDURRD
RUN_RESULT:0:0:86:12:DDDDDDDRRRRR
RUN_RESULT:0:0:87:1809:LULDUULLUUUUULDDDDDUURR
RUN_RESULT:0:0:88:2000:----
RUN_RESULT:0:0:89:26:DDDDDRRUUURRUURDDR
RUN_RESULT:0:0:90:2000:----
RUN_RESULT:0:0:91:2000:----
RUN_RESULT:0:0:92:2000:----
RUN_RESULT:0:0:93:2000:----
RUN_RESULT:0:0:94:2000:----
RUN_RESULT:0:0:95:2000:----
RUN_RESULT:0:0:96:2000:----
RUN_RESULT:0:0:97:3:UUR
RUN_RESULT:0:0:98:1:L
RUN_RESULT:0:0:99:2000:----
RUN_RESULT:0:0:100:2000:----
RUN_RESULT:0:0:101:70:RRDDDRRDRDDRDDRUUUUU
RUN_RESULT:0:0:102:1:R
RUN_RESULT:0:0:103:2000:----
RUN_RESULT:0:0:104:2000:----
RUN_RESULT:0:0:105:2000:----
RUN_RESULT:0:0:106:2000:----
RUN_RESULT:0:0:107:2000:----
RUN_RESULT:0:0:108:2000:----
RUN_RESULT:0:0:109:2000:----
RUN_RESULT:0:0:110:2000:----
RUN_RESULT:0:0:111:2000:----
RUN_RESULT:0:0:112:2000:----
RUN_RESULT:0:0:113:3:DRR
RUN_RESULT:0:0:114:2000:----
RUN_RESULT:0:0:115:2000:----
RUN_RESULT:0:0:116:802:UUUDRUDRURRDDD
RUN_RESULT:0:0:117:2000:----
RUN_RESULT:0:0:118:2000:----
RUN_RESULT:0:0:119:2000:----
RUN_RESULT:0:0:120:2000:----
RUN_RESULT:0:0:121:2000:----
RUN_RESULT:0:0:122:8:DDRDDDDD
RUN_RESULT:0:0:123:4:RRDD
RUN_RESULT:0:0:124:12:RRRRDDDDDDDD
RUN_RESULT:0:0:125:6:RRDRDR
RUN_RESULT:0:0:126:2000:----
RUN_RESULT:0:0:127:5:DDDDL
RUN_RESULT:0:0:128:2000:----
RUN_RESULT:0:0:129:13:UULUURRRDRU
RUN_RESULT:0:0:130:2000:----
RUN_RESULT:0:0:131:2000:----
RUN_RESULT:0:0:132:11:UUURURRRRRR
RUN_RESULT:0:0:133:2000:----
RUN_RESULT:0:0:134:2000:----
RUN_RESULT:0:0:135:2000:----
RUN_RESULT:0:0:136:6:RRDRDR
RUN_RESULT:0:0:137:5:LDDDD
RUN_RESULT:0:0:138:10:DDDDDRRRDR
RUN_RESULT:0:0:139:2000:----
RUN_RESULT:0:0:140:12:RRRRRRUUUUUU
RUN_RESULT:0:0:141:2000:----
RUN_RESULT:0:0:142:157:UULURUR
RUN_RESULT:0:0:143:2000:----
RUN_RESULT:0:0:144:2000:----
RUN_RESULT:0:0:145:2000:----
RUN_RESULT:0:0:146:2000:----
RUN_RESULT:0:0:147:1442:URRUURUDDLDDRUURUUDDRULULURUL
RUN_RESULT:0:0:148:2000:----
RUN_RESULT:0:0:149:2000:----
RUN_RESULT:0:0:150:4:DLLL
RUN_RESULT:0:0:151:6:RDDDDD
RUN_RESULT:0:0:152:2000:----
RUN_RESULT:0:0:153:2000:----
RUN_RESULT:0:0:154:4:RRRD
RUN_RESULT:0:0:155:2000:----
RUN_RESULT:0:0:156:188:DDLURDRRRURU
RUN_RESULT:0:0:157:21:DDLLLLLLDLD
RUN_RESULT:0:0:158:2000:----
RUN_RESULT:0:0:159:2000:----
RUN_RESULT:0:0:160:1297:RRDDDLRDLLLDLLDURULULLDDDRRRRUURRRDLLLDLUUULLUUU
RUN_RESULT:0:0:161:2000:----
RUN_RESULT:0:0:162:14:DDDDDDRRRDRRRR
RUN_RESULT:0:0:163:2000:----
RUN_RESULT:0:0:164:2000:----
RUN_RESULT:0:0:165:2000:----
RUN_RESULT:0:0:166:21:LLLDULDU
RUN_RESULT:0:0:167:2000:----
RUN_RESULT:0:0:168:2000:----
RUN_RESULT:0:0:169:20:RRRRURURUUUUUUUUUUU
RUN_RESULT:0:0:170:5:DDUDD
RUN_RESULT:0:0:171:2000:----
RUN_RESULT:0:0:172:5:DDDDD
RUN_RESULT:0:0:173:2000:----
RUN_RESULT:0:0:174:2000:----
RUN_RESULT:0:0:175:20:RRRRDLDURURDLULL
RUN_RESULT:0:0:176:2000:----
RUN_RESULT:0:0:177:2000:----
RUN_RESULT:0:0:178:2000:----
RUN_RESULT:0:0:179:2000:----
RUN_RESULT:0:0:180:2000:----
RUN_RESULT:0:0:181:2000:----
RUN_RESULT:0:0:182:2000:----
RUN_RESULT:0:0:183:2000:----
The time of execution is: 325.5303416252136 s
