pygame 2.2.0 (SDL 2.30.7, Python 3.8.10)
Hello from the pygame community. https://www.pygame.org/contribute.html
LEVEL:0:__________\n_F13....._\n_........_\n_........_\n_.b......_\n_........_\n_...B12.._\n_........_\n_f......._\n__________
BATCH:0:0:0
TRAINING ON LEVEL:127
of 184 levels
---LEVEL STRING---
__________
_F13....._
_........_
_........_
_.b......_
_........_
_...B12.._
_........_
_f......._
__________
---LEVEL STRING---
TRACK:0;-1;-1;5;4;6;1;3;2;5;2;6;6;19;2;5;13;2;15;16;2;6;2;3;16;3;14;6;2;5;10;2;17;16;4;2;1;0;0;6;14;2;11;21;7.66471523468303;4;1;23;8.335283213149928;19;0;4;6;9;6;0;14;20;4.816201160030245;2;3;6;4;20;-0.875651314779688;4;2;1;13;24;3;7;-7.41881561049333
TRACK:1;-1;-1;2;0;3;0;5;1;0;1;3;0;20;3.9750764413145987;18;1;0;19;12;2;7;-8.156384020020898;19;4;1;3;23;1.564980115397148;2;17;10;6;4;1;3;7;-8.36165214139035;0;13;21;-4.875931121220511;3;1;1;5;0;4;25;5;8;6;2;2;22;4.360145417006789;23;0.9110322271713507;4;24;0;1;3;1;13;8;4;3;7;-7.235524194898488;6;6;5;8;4;3;1;4;5;3;5;5;20;6.673509710840236;0;1;5;6;3;24;6;4;2;21;-1.1604845482007171;7;-8.943165717027853;2;4;3;3;24;6;0;0;22;-8.460099031566893;21;0.7634713597929768;2;20;2.2425098227863423;14;4;6;5;1;6;3;0;6;1;7;5.264536393122734;8;6;4;10;5;2;2;1;5;16;4;9;1;2;16;18;5;22;-3.9358879747827054;2;3;1;15;8;3;0;22;-7.1313356754584545;24
TRACK:2;-1;-1;3;4;3;3;1;0;5;3;1;4;14;4;8;3;5;0;5;17;2;17;16;4;2;2;0;4;13;0;21;-4.830406236993159;22;-9.739224420539552;0;3;9;3;10;1;3;2;24;10;4;0;18;19
TRACK:3;-1;-1;2;3;3;2;1;6;5;1;0;5;17;0;10;22;-1.155746230861567;3;2;14;11;4;2;2;3;2;16;12;3;6;16;0;1;1;24;10;3;15;0;4;13;2;17;9;1;1;6;6;0;6;25;5;19;4;2;1;3;13;4;24;2;5;19;5;24;4;1;0;2;4;13;1;22;-2.1763949837264267;21;0.8847260841320104;3;3;15;4;0;3;22;1.6950873237833832;4;24;5;3;1;3;4;5;1;5;3;9;1;6;19;1;21;9.654205717486079;10;3;2;4;5;3;6;10;2;4;4;1;21;-7.123142934330458;7;-7.364223219213642;3;0;0;9;8;2;17;14
TRACK:4;-1;-1;1;0;6;0;5;4;4;3;0;3;8;2;17;8;6;6;2;6;3;2;14;25;1;0;3;17;0;15;7;0.03789191738793818;5;2;11;24;3;6;6;4;4;5;1;3;21;-5.00278257127821;1;25;22;8.39908891235164;3;3;4;6;6;2;5;5;4;11;1;2;3;17;0;13;19;2;2;22;-2.972191633692109;18;5;14
TRACK:5;-1;-1;5;0;6;3;2;1;3;5;1;0;11;9;6;10;3;5;1;0;13;22;-1.776690752152918;1;8;10;4;4;5;6;6;21;-1.3552564003328165;2;0;5;6;2;1;0;3;8;3;23;0.9843969310954765;4;0;11;22;-1.6097501371310408;0;0;0;12;24;5;7;-0.8734371809778114;2;3;8;2;22;-7.63439171048967;23;5.3289200129911904;2;6;0;2;6;0;12;11;0;5;19;6;14;5;6;2;22;-2.9838119338973312;17;5;2;6;2;1;23;6.899763175241485;10;4;19;6;2;6;12;5;20;4.972132122471155;1;1;0;3;4;6;0;23;-6.233772815474166;11;0;1;5;2;16;25;4;5;25;0;3;4;23;7.525326747278829;5;3;16;3;6;6;5;3;13;2;3;0;3;3;1;14;21;5.887662033384647;5;0;0;13;10;0;8;8;4;4;6;3;0;13;21;5.27952950480185
TRACK:6;-1;-1;0;2;2;4;2;1;5;3;4;5;15;4;1;1;1;9;20;-1.854512374506891;0;18;17;2;6;19;6;25;4;3;6;6;2;7;9.932724962407317;17;4;6;5;3;6;3;6;15;1;1;0;3;0;6;4;0;19;24;2;3;5;21;-6.928563898142781;2;4;10;2;7;-8.431845840669421;20;5.73970177632301;2;2;6;0;3;24;6;25;5;0;5;9;4;12;4;4;5;5;20;2.931444480257941;5;5;5;5;1;0;18;11;2;16;12;5;1;1;3;3;0;1;17;10;1;14;9;2;4;5;1;15;16;6;1;1;21;9.571174467750268;25;0;12;10;3;5;5;5;2;19;7;2.8830750976162722;5;1;4;0;6;3;1;3;0;10;18;2;6;19;1;9;15;2;5;3;1;6;12;1;8;24;3;5;4;6;22;-8.932912263319059;4;4;6;1;3;6;6;16;5;4;0;12;24
TRACK:7;-1;-1;0;3;5;3;5;3;3;2;0;3;7;-0.037195022822722024;5;21;-6.049575580977795;3;6;9;5;0;4;2;6;1;1;1;1;14;11;2;10;8;4;2;14;22;-6.436264819959636;5;2;2;25;12;3;24;4;2;5;1;5;19;0;10;23;3.047987567890118;0;5;1;17;24;1;6;8;1;19;9;4;5;2;4;1;0;4;14;2;22;-6.445843039300245;20;-2.881118516765806;6;1;20;3.177743513240756;17;6;3;3;6;23;-9.27061476339148
TRACK:8;-1;-1;5;0;0;2;2;5;5;1;2;3;8;6;24;3;6;17;4;4;6;1;6;11;5;16;6;3;0;5;0;0;17;25;0;10;13;2;3;5;18;2;4;24;3;16;4;4;6;2;0;5;2;18;14;0;3;11;3;9;4;2;1;11;8;3;9;6;5;4;5;6;3;0;0;7;-4.7727967612619215;23;2.5748047849904587;2;22;3.3720415598793956;21;-1.7880387083744047
TRACK:9;-1;-1;4;4;2;5;5;1;6;3;6;4;21;-0.868085011888887;3;4;5;3;20;7.863131980779492;3;2;3;1;1;2;1;14;8;0;9;9;3;3;15;4;4;2;18;12;6;2;6;0;3;18;5;16;5;0;3;11;1;7;-2.1385266411511257;13
EVAL_INSTANCE:0:0:0
EVAL_INSTANCE:0:1:1
EVAL_INSTANCE:0:2:2
EVAL_INSTANCE:0:3:3
EVAL_INSTANCE:0:4:4
EVAL_INSTANCE:0:5:5
EVAL_INSTANCE:0:6:6
EVAL_INSTANCE:0:7:7
EVAL_INSTANCE:0:8:8
EVAL_INSTANCE:0:9:9
RUN_RESULT:0:0:0:5:DDDDL
RUN_RESULT:0:1:0:348:RUURRDRDDRDLUULULLDDLDLDD
RUN_RESULT:0:2:0:48:DDDDL
RUN_RESULT:0:3:0:48:DDDDL
RUN_RESULT:0:4:0:48:DDDDL
RUN_RESULT:0:5:0:5:DDLDD
RUN_RESULT:0:6:0:48:DDDDL
RUN_RESULT:0:7:0:5:DDDDL
RUN_RESULT:0:8:0:90:DDDDL
RUN_RESULT:0:9:0:130:DDDDL
=================================================
n_gen  |  n_eval  |     f_avg     |     f_min    
=================================================
     1 |       10 | -3.922500E+03 | -3.995000E+03
TRACK:10;3;0;2;3;3;2;1;6;5;1;0;5;17;0;10;22;-1.155746230861567;3;2;14;11;4;2;2;3;2;16;12;3;6;16;0;1;1;24;10;3;15;0;4;13;2;17;9;1;1;6;6;0;6;25;5;19;4;2;1;3;13;4;24;2;5;19;5;24;4;1;0;2;4;13;1;22;-2.1763949837264267;21;0.8847260841320104;3;3;15;4;0;3;22;1.6950873237833832;4;24;5;3;1;3;4;5;1;5;3;9;1;6;19;1;21;9.654205717486079;10;0;6;14;2;11;21;7.66471523468303
TRACK:11;3;0;5;4;6;1;3;2;5;2;6;6;19;2;5;13;2;15;16;2;6;2;3;16;3;14;6;2;5;10;2;17;16;4;2;1;0;0;6;14;2;11;21;7.66471523468303;4;1;23;8.335283213149928;19;0;4;6;9;6;0;14;17;2;3;6;4;20;-0.875651314779688;4;2;1;13;24;3;7;-7.41881561049333
TRACK:12;7;2;0;3;5;3;5;3;3;2;0;3;7;-0.037195022822722024;5;21;-6.049575580977795;3;6;9;5;0;4;2;6;1;1;1;1;14;11;19;4;2;14;22;-6.436264819959636;5;2;2;25;12;3;24;4;2;5;1;5;19;0;10;23;3.047987567890118;0;5;1;17;24;1;6;8;1;19;9;4;5;2;4;1;0;4;14;2;22;-6.445843039300245;20;-2.881118516765806;6;1;20;3.177743513240756;17;6;3;3;6;23;-9.27061476339148
TRACK:13;7;2;3;4;3;3;1;0;5;3;1;4;14;4;8;3;5;0;5;17;2;17;16;4;2;2;0;4;13;0;21;-4.830406236993159;22;-9.739224420539552;1;5;19;0;10;23;3.047987567890118;1;3;2;24;10;4;0;18;19
TRACK:14;4;0;1;0;6;0;5;4;4;3;0;3;8;2;17;8;6;6;2;6;3;2;14;25;1;0;3;17;0;15;7;0.03789191738793818;5;2;11;24;3;6;6;4;4;5;1;3;21;-5.00278257127821;1;25;22;8.39908891235164;3;3;4;6;6;2;5;5;4;14;1;2;3;17;0;13;19;2;2;22;-2.972191633692109;18;5;14
TRACK:15;4;0;5;4;6;1;3;2;5;2;6;6;19;2;5;13;2;15;16;2;6;2;3;16;3;14;6;2;5;10;2;17;16;4;2;1;0;0;6;14;2;11;21;7.66471523468303;4;1;23;8.335283213149928;19;0;4;6;9;6;0;14;20;4.816201160030245;14
TRACK:16;8;3;5;0;0;2;2;5;5;1;2;3;8;6;24;3;6;17;4;4;6;1;6;11;5;16;6;3;0;5;0;0;17;25;0;10;13;2;3;5;18;2;4;24;3;16;4;4;6;2;0;5;2;18;14;0;3;11;3;9;4;2;1;11;8;3;9;6;10
TRACK:17;8;3;2;3;3;2;1;6;5;1;0;5;17;0;10;22;-1.155746230861567;3;2;14;11;4;2;2;3;2;16;12;3;6;16;0;1;1;24;10;3;15;0;4;13;2;17;9;1;1;6;6;0;6;25;5;19;4;2;1;3;13;4;24;2;5;19;5;24;4;1;0;2;4;13;1;22;-2.1763949837264267;21;0.8847260841320104;3;3;15;4;0;3;22;1.6950873237833832;4;24;5;3;1;3;4;5;1;5;3;9;1;6;19;1;21;9.654205717486079;10;3;2;4;5;3;6;10;2;4;4;1;7;-4.7727967612619215;7;-7.364223219213642;3;0;0;9;8;2;17;14
TRACK:18;5;7;5;0;6;3;2;1;3;5;1;0;11;9;6;10;3;5;1;0;13;22;-1.776690752152918;1;8;10;4;4;5;6;6;21;-1.3552564003328165;2;0;5;6;2;1;0;3;8;3;23;0.9843969310954765;4;0;11;22;-1.6097501371310408;0;0;0;12;24;5;7;-0.8734371809778114;2;3;8;2;22;-7.63439171048967;23;5.3289200129911904;2;6;0;2;6;0;12;11;0;5;19;6;14;5;6;2;22;-2.9838119338973312;17;5;2;6;2;1;23;6.899763175241485;10;4;19;6;2;6;12;5;20;4.972132122471155;1;1;0;3;4;6;0;23;-6.233772815474166;11;0;1;5;2;16;25;4;5;25;0;3;4;23;7.525326747278829;5;3;16;3;6;6;5;3;13;2;3;0;3;3;7;-0.037195022822722024;5;0;0;13;10;0;8;8;4;4;6;3;0;13;21;5.27952950480185
TRACK:19;5;7;0;3;5;3;5;3;3;2;0;3;7;-0.037195022822722024;5;21;-6.049575580977795;3;6;9;5;0;4;2;6;1;1;1;1;14;11;2;10;8;4;2;14;22;-6.436264819959636;5;2;2;25;12;3;24;4;2;5;1;5;19;0;10;23;3.047987567890118;0;5;1;17;13;1;6;8;1;19;9;4;5;2;4;1;0;4;14;2;22;-6.445843039300245;20;-2.881118516765806;6;1;20;3.177743513240756;17;6;3;3;6;23;-9.27061476339148
TRACK:20;10;-1;2;3;3;2;1;6;5;1;0;5;17;0;10;22;-1.169860781776078;3;2;14;11;4;3;1;22;-8.720052841054697;9;1;1;6;6;0;6;25;5;19;4;2;1;3;13;4;24;2;5;19;5;24;4;1;0;2;4;13;1;22;-2.2214384837686616;21;0.8199136998341623;3;3;15;4;0;3;22;1.7039906586524496;4;24;5;3;1;3;4;5;1;5;3;9;1;6;19;1;21;9.731247023646969;10;0;6;14;2;11;21;7.58531419066125
TRACK:21;12;-1;0;3;5;3;5;3;3;2;0;3;7;0.1250516762487026;5;21;-6.16660010103744;3;6;9;5;0;4;2;6;1;1;1;1;14;11;19;4;2;14;22;-6.556741827975607;5;2;2;25;12;3;24;4;2;5;1;5;19;0;10;23;3.2088845905508068;0;5;1;17;24;1;6;17;1;19;9;4;5;2;4;1;0;4;14;2;22;-6.47527322256065;20;-2.8094452007416626;6;1;20;3.1125609887709653;17;6;3;3;6;23;-9.200662834279079
TRACK:22;14;-1;1;0;6;0;5;4;4;3;0;3;8;2;17;8;6;6;2;6;3;2;14;25;1;0;3;17;0;15;7;0.14822945584636027;5;2;11;24;3;6;6;4;4;5;1;3;21;-5.038161278735871;1;25;22;8.519880758141808;3;3;4;6;6;2;5;5;4;14;1;2;3;17;0;13;17;2;2;22;-2.9860843839759843;18;5;14
TRACK:23;16;-1;5;0;0;2;2;5;5;1;2;3;8;6;24;3;6;17;1;0;25;7;-7.694934007621638;5;20;0.3644640586579957;6;3;0;5;0;0;17;25;0;10;13;2;3;5;18;2;4;24;3;16;4;4;6;2;0;5;2;18;14;0;3;11;3;9;4;2;1;11;8;3;9;6;10
TRACK:24;18;-1;5;0;6;3;2;1;3;5;1;0;11;9;6;10;3;5;1;0;13;22;-1.8214901747798176;1;8;10;4;4;5;6;6;21;-1.3772404955824655;2;0;5;6;2;1;0;3;8;3;23;0.9989943793733471;4;0;11;22;-1.6600287412886947;0;0;0;12;24;5;7;-0.6658219272995152;2;3;8;2;22;-7.5889359925769595;23;5.407504659572383;2;6;0;2;6;0;12;11;0;5;23;3.0763904328337226;6;14;5;6;2;22;-2.8847424019265415;17;5;2;6;2;1;23;6.955361850200662;10;4;19;6;2;6;12;5;20;5.01878144688431;1;1;0;3;4;6;0;23;-6.316170626678112;11;0;1;5;2;16;25;4;5;25;0;3;4;23;7.261793314568906;5;3;16;3;6;6;5;3;13;2;3;0;3;3;7;-0.1854246667067484;5;0;0;13;10;0;8;8;4;4;6;3;0;13;21;5.167891715360819
TRACK:25;11;-1;5;4;6;1;3;2;5;2;6;6;19;2;5;13;2;15;16;2;6;2;3;16;3;14;6;2;5;10;2;17;16;4;2;1;0;0;6;14;2;11;21;7.69737861533265;4;1;23;8.292199214744295;19;0;4;6;9;6;0;14;17;2;3;6;4;20;-0.9420569838097692;4;2;1;13;24;3;20;1.0580185143406684
TRACK:26;13;-1;3;4;3;3;1;0;5;3;1;4;14;4;8;3;5;0;5;17;2;17;16;4;2;2;3;5;7;-8.926546738853462;1;5;19;0;10;23;3.1146151626059178;1;3;2;24;10;4;0;18;19
TRACK:27;15;-1;5;4;6;1;3;2;5;2;6;6;19;2;5;13;2;15;16;2;6;2;3;16;3;14;6;3;8;4;2;1;0;0;6;14;2;11;21;7.622414779569789;4;1;23;8.244000983309077;19;0;4;6;9;6;0;14;20;4.728525988233077;14
TRACK:28;17;-1;2;3;3;2;1;6;5;1;0;5;17;0;10;22;-1.135056947883441;3;2;14;11;4;2;2;3;2;16;12;3;6;7;5.204805173901368;0;1;1;24;10;3;15;0;4;13;2;17;9;1;1;6;6;0;6;25;5;19;4;2;1;3;13;4;24;2;5;19;5;24;4;1;0;2;4;13;1;22;-2.2254332625502244;21;0.8502191964514781;3;3;15;4;0;3;22;1.8718443182583946;4;24;5;3;1;3;4;5;1;5;3;9;1;6;19;1;21;9.657258961023148;10;3;2;4;5;3;6;10;2;4;4;1;7;-4.842092554604423;7;-7.307568300729589;3;0;0;9;8;2;17;14
TRACK:29;19;-1;0;3;5;3;5;3;3;2;0;3;7;-0.05715924639831216;5;14;3;6;9;5;0;4;2;6;1;1;1;1;14;11;2;10;8;4;2;14;22;-6.323950459613417;5;2;2;25;12;3;24;4;2;5;1;5;19;0;10;23;3.1829143440797085;0;5;1;17;13;1;6;8;1;19;9;4;5;2;4;1;0;4;14;2;22;-6.444443291851926;20;-2.8068844283859007;6;1;20;3.1658913697239965;17;6;3;3;6;23;-9.193050028658625
EVAL_INSTANCE:1:0:20
EVAL_INSTANCE:1:1:21
EVAL_INSTANCE:1:2:22
EVAL_INSTANCE:1:3:23
EVAL_INSTANCE:1:4:24
EVAL_INSTANCE:1:5:25
EVAL_INSTANCE:1:6:26
EVAL_INSTANCE:1:7:27
EVAL_INSTANCE:1:8:28
EVAL_INSTANCE:1:9:29
RUN_RESULT:1:0:0:48:DDDDL
RUN_RESULT:1:1:0:5:DDDDL
RUN_RESULT:1:2:0:48:DDDDL
RUN_RESULT:1:3:0:49:DDDDL
RUN_RESULT:1:4:0:5:DDLDD
RUN_RESULT:1:5:0:48:DDDDL
RUN_RESULT:1:6:0:48:DDDDL
RUN_RESULT:1:7:0:5:DDDDL
RUN_RESULT:1:8:0:48:DDDDL
RUN_RESULT:1:9:0:47:DDDDL
     2 |       20 | -3.977900E+03 | -3.995000E+03
TRACK:30;0;24;5;4;6;1;3;2;5;2;6;6;19;2;5;13;2;15;16;2;6;2;3;16;3;14;6;2;5;10;2;17;16;2;6;0;12;11;0;5;23;3.0763904328337226;6;14
TRACK:31;0;24;5;0;6;3;2;1;3;5;1;0;11;9;6;10;3;5;1;0;13;22;-1.8214901747798176;1;8;10;4;4;5;6;6;21;-1.3772404955824655;2;0;5;6;2;1;0;3;8;3;23;0.9989943793733471;4;0;11;22;-1.6600287412886947;0;0;0;12;24;5;7;-0.6658219272995152;2;3;8;2;22;-7.5889359925769595;23;5.407504659572383;2;6;0;2;6;0;12;11;0;5;23;3.0763904328337226;6;14;5;6;2;22;-2.8847424019265415;17;5;2;6;2;1;23;6.955361850200662;10;4;19;6;2;6;12;5;20;5.01878144688431;1;1;0;3;4;6;0;23;-6.316170626678112;11;0;1;5;14;4;5;25;0;3;4;23;7.261793314568906;5;3;16;3;6;6;5;3;13;2;3;0;3;3;7;-0.1854246667067484;5;0;0;13;10;0;8;8;4;4;6;3;0;13;21;5.167891715360819
TRACK:32;21;7;0;3;5;3;5;3;3;2;0;3;7;0.1250516762487026;5;21;-6.16660010103744;3;6;9;5;0;4;2;6;1;1;1;1;14;11;19;4;2;14;22;-6.556741827975607;5;2;2;25;12;3;24;4;2;5;1;5;19;0;10;23;3.2088845905508068;0;5;1;17;24;1;6;17;1;19;9;4;5;2;4;1;0;23;3.047987567890118;2;22;-6.47527322256065;20;-2.8094452007416626;6;1;20;3.1125609887709653;17;6;3;3;6;23;-9.200662834279079
TRACK:33;21;7;0;3;5;3;5;3;3;3;6;9;5;0;4;2;6;1;1;1;1;14;11;2;10;8;4;2;14;22;-6.436264819959636;5;2;2;25;12;3;24;4;2;5;1;5;19;0;10;23;3.047987567890118;0;5;1;17;24;1;6;8;1;19;9;4;5;2;4;1;0;4;14;2;22;-6.445843039300245;20;-2.881118516765806;6;1;20;3.177743513240756;17;6;3;3;6;23;-9.27061476339148
TRACK:34;29;3;0;3;5;3;5;3;3;2;0;3;7;-0.05715924639831216;5;14;3;6;9;5;0;4;2;6;1;1;1;1;14;11;2;10;8;4;2;14;22;-6.323950459613417;5;2;2;25;12;3;24;4;2;5;1;5;19;0;10;17;0;5;1;17;13;1;6;8;1;19;9;4;5;2;4;1;0;4;14;2;22;-6.444443291851926;20;-2.8068844283859007;6;1;20;3.1658913697239965;17;6;3;3;6;23;-9.193050028658625
TRACK:35;29;3;2;3;3;2;1;6;5;1;0;5;17;0;10;22;-1.155746230861567;3;2;14;11;4;2;2;3;2;16;12;3;6;16;0;1;1;24;10;3;15;0;4;13;2;17;9;1;1;6;6;0;6;25;5;19;4;2;1;3;13;4;24;2;5;19;5;24;4;1;0;2;4;13;1;22;-2.1763949837264267;21;0.8847260841320104;3;3;15;4;0;3;22;1.6950873237833832;4;24;5;3;1;3;4;5;1;5;3;9;1;6;19;1;21;9.654205717486079;10;3;2;4;5;3;6;10;2;4;4;1;21;-7.123142934330458;7;-7.364223219213642;3;0;0;9;22;-6.444443291851926;2;17;14
TRACK:36;5;21;5;0;6;3;2;1;3;5;1;0;11;9;6;10;3;5;1;0;13;22;-1.776690752152918;1;8;10;4;4;5;6;6;21;-1.3552564003328165;2;0;5;6;2;1;0;3;8;3;23;0.9843969310954765;4;0;11;22;-1.6097501371310408;0;0;0;12;24;5;7;-0.8734371809778114;2;3;8;2;22;-7.63439171048967;23;5.3289200129911904;2;6;0;2;6;0;12;11;0;5;19;6;14;5;6;2;22;-2.9838119338973312;17;5;2;6;2;1;23;6.899763175241485;10;4;19;6;2;6;12;5;20;4.972132122471155;1;1;0;9;0;1;5;2;16;25;4;5;25;0;3;4;23;7.525326747278829;5;3;16;3;6;6;5;3;13;2;3;0;3;3;1;14;21;5.887662033384647;5;0;0;13;10;0;8;8;4;4;6;3;0;13;21;5.27952950480185
TRACK:37;5;21;0;3;5;3;5;3;3;2;0;3;7;0.1250516762487026;5;21;-6.16660010103744;3;6;9;5;0;4;2;6;1;1;1;1;14;11;19;4;2;14;22;-6.556741827975607;5;2;2;25;12;3;24;4;2;5;1;5;19;0;10;23;3.2088845905508068;0;5;1;17;24;1;6;17;1;19;9;4;5;2;4;1;0;4;14;2;22;-6.47527322256065;20;-2.8094452007416626;6;1;9;17;6;3;3;6;23;-9.200662834279079
TRACK:38;27;7;5;4;6;1;3;2;5;2;6;6;19;2;5;13;2;15;16;2;6;2;3;16;3;14;6;3;8;4;2;1;0;0;6;14;2;11;21;7.622414779569789;4;1;23;8.244000983309077;19;0;4;6;9;3;6;23;-9.27061476339148;14
TRACK:39;27;7;0;3;5;3;5;3;23;8.244000983309077;5;0;4;2;6;1;1;1;1;14;11;2;10;8;4;2;14;22;-6.436264819959636;5;2;2;25;12;3;24;4;2;5;1;5;19;0;10;23;3.047987567890118;0;5;1;17;24;1;6;8;1;19;9;4;5;2;4;1;0;4;14;2;22;-6.445843039300245;20;-2.881118516765806;6;1;20;3.177743513240756;17;6;3;3;6;23;-9.27061476339148
TRACK:40;0;-1;5;4;6;1;3;2;5;2;6;6;19;2;5;13;2;15;16;2;6;2;3;16;3;14;6;2;5;10;2;17;16;4;2;1;5;2;2;18;7;4.477801483085756;6;19;0;4;6;9;6;0;14;20;4.671008767108458;2;3;6;4;20;-0.9558403611293671;4;2;1;13;24;3;7;-7.46185854726287
TRACK:41;32;-1;0;3;5;3;5;3;3;2;0;3;7;0.08733693517832627;5;21;-6.053121778427924;3;6;9;5;0;4;2;6;1;1;1;1;14;11;19;4;2;8;22;-6.407140304219262;5;2;2;25;12;3;24;4;2;5;1;5;19;0;10;23;3.104538931038759;0;5;1;17;24;1;6;17;1;19;9;4;5;2;4;1;0;23;2.998443347069868;2;22;-6.280854492421315;20;-2.6955215646923145;6;1;20;3.1799586935583886;17;6;3;3;6;23;-9.164804447998371
TRACK:42;29;-1;0;3;5;3;5;3;3;2;0;3;7;0.015952880285966045;5;14;3;6;9;5;0;4;2;6;1;1;1;1;14;11;2;10;8;4;2;14;22;-6.115377356524973;5;2;2;25;12;3;24;4;2;5;1;5;19;0;10;23;3.3271969486920523;0;5;1;17;13;1;6;8;1;19;9;4;5;2;3;0;4;0;17;15;5;5;16;6;3;3;6;23;-9.434565844947352
TRACK:43;36;-1;5;0;6;3;2;1;3;5;1;0;11;9;6;10;3;5;1;0;13;22;-1.6726279219569853;1;8;10;4;4;5;6;6;21;-1.4194962559279578;2;0;5;6;0;3;3;22;5.175668881802791;2;5;18;0;16;19;2;6;0;2;6;0;12;11;0;5;19;6;14;5;6;2;22;-3.0774686154046074;17;5;2;6;2;1;23;6.957265850707764;10;4;19;6;2;6;12;5;20;4.933172037191506;1;1;0;9;0;1;5;2;16;25;4;5;25;0;3;4;23;7.710612232455681;5;3;16;3;6;6;5;3;13;2;3;0;3;3;1;14;21;5.693692128321245;5;0;0;13;10;0;8;8;4;4;6;3;0;13;21;5.26225583004028
TRACK:44;38;-1;5;4;6;1;3;2;5;2;6;6;19;2;5;13;2;15;16;2;6;4;14;6;3;8;4;2;1;0;0;6;14;2;11;21;7.662504349787686;4;1;23;8.427142246257564;19;0;4;6;9;3;6;23;-9.328366592189477;14
TRACK:45;24;-1;5;0;6;3;2;1;3;5;1;0;11;9;6;10;3;5;1;0;13;22;-1.7238513423683308;1;8;10;4;4;5;6;6;21;-1.5382287012804996;2;0;5;6;2;1;0;3;8;3;23;0.8657312542301397;4;0;11;22;-1.515539572059774;0;0;0;12;24;5;7;-0.736110818616831;2;3;8;2;22;-7.467916008822898;23;5.386574444675027;2;6;0;2;6;0;12;11;0;5;23;2.982480627659341;6;14;5;6;2;22;-2.85048457164339;17;5;2;6;2;1;23;6.977220899580199;10;4;19;6;2;6;12;5;20;4.868576197764327;1;1;0;3;4;6;0;23;-6.277296625150852;11;0;1;5;2;16;25;4;5;25;0;3;4;23;7.314890718851303;5;3;16;3;6;6;5;3;13;2;3;0;3;3;7;-0.16662075280292205;5;0;0;13;10;0;8;8;4;2;6;9;5;22;-4.800364010064612
TRACK:46;33;-1;0;3;5;3;5;3;3;3;6;9;5;0;4;2;6;1;1;1;1;14;11;2;10;8;4;2;14;22;-6.418399638682385;5;2;2;25;12;3;24;4;2;5;1;5;19;0;10;23;2.917782102358659;0;5;1;17;24;1;6;8;1;19;9;4;5;2;4;1;0;4;14;2;8;20;-3.0017577343051562;6;1;20;3.134627644345367;17;6;3;3;6;23;-9.426354882400908
TRACK:47;3;-1;1;0;2;4;1;4;6;10;3;6;24;6;6;5;5;15;5;1;3;2;5;15;4;24;1;1;0;17;12;0;16;23;5.99352523058791;0;3;20;-8.231070592256316;3;21;3.084250294380105;5;6;2;6;4;4;23;9.617653315045523;1;0;0;16;20;-3.9172513627031336;0;21;-0.9386105568263439;10;6;0;25;20;-1.0657868958524492
TRACK:48;37;-1;0;3;2;2;2;3;19;1;23;8.160677733446228;12;2;1;25;8;3;8;6;5;3;25;5;0;4;2;6;1;1;1;1;14;11;19;4;2;14;22;-6.628309278901134;5;2;2;25;12;3;24;4;2;5;1;5;19;0;10;23;3.3428396236249687;0;5;1;17;24;1;6;17;1;19;9;4;5;2;4;1;0;4;14;2;22;-6.467035430367599;20;-2.8435050327345923;6;1;9;17;6;3;3;6;23;-9.122032488140036
TRACK:49;39;-1;0;3;5;3;5;3;23;8.39084620317225;5;0;4;2;6;1;1;1;1;14;11;2;10;8;4;2;14;22;-6.307978405966372;5;2;2;25;12;3;24;4;2;5;1;5;19;0;10;23;2.920357622798808;0;5;1;17;24;1;6;8;1;19;16;4;5;2;4;1;0;4;14;2;22;-6.344968538215393;20;-2.874141287173256;6;1;20;3.0897985169483997;17;6;3;3;6;23;-9.209593772976742
EVAL_INSTANCE:2:0:40
EVAL_INSTANCE:2:1:41
EVAL_INSTANCE:2:2:42
EVAL_INSTANCE:2:3:43
EVAL_INSTANCE:2:4:44
EVAL_INSTANCE:2:5:45
EVAL_INSTANCE:2:6:46
EVAL_INSTANCE:2:7:47
EVAL_INSTANCE:2:8:48
EVAL_INSTANCE:2:9:49
RUN_RESULT:2:0:0:47:DDDDL
RUN_RESULT:2:1:0:5:DDDDL
RUN_RESULT:2:2:0:47:DDDDL
RUN_RESULT:2:3:0:18:RDDLDDL
RUN_RESULT:2:4:0:48:DDDDL
RUN_RESULT:2:5:0:5:DDLDD
RUN_RESULT:2:6:0:49:DDDDL
RUN_RESULT:2:7:0:48:DDDDL
RUN_RESULT:2:8:0:47:DDDDL
RUN_RESULT:2:9:0:48:DDDDL
     3 |       30 | -3.989500E+03 | -3.995000E+03
TRACK:50;7;0;0;3;5;3;5;3;3;2;0;3;7;-0.037195022822722024;5;21;-6.049575580977795;3;6;9;5;0;4;2;6;1;1;1;1;14;11;2;10;8;4;14;5;2;2;25;12;3;24;4;2;5;1;5;19;0;10;23;3.047987567890118;0;5;1;17;24;1;6;8;1;19;9;4;5;2;4;1;0;4;14;2;22;-6.445843039300245;20;-2.881118516765806;6;1;20;3.177743513240756;17;6;3;3;6;23;-9.27061476339148
TRACK:51;7;0;5;4;6;1;3;2;5;2;6;6;19;2;5;13;2;15;16;2;6;2;3;16;3;14;6;2;5;10;2;17;16;4;2;1;0;0;6;14;2;11;21;7.66471523468303;4;1;23;8.335283213149928;19;0;4;6;9;6;0;14;20;4.816201160030245;2;3;6;4;20;-0.875651314779688;11
TRACK:52;24;27;5;0;6;3;2;1;3;5;1;0;11;9;6;10;3;5;1;0;13;22;-1.8214901747798176;1;8;10;4;4;5;6;6;21;-1.3772404955824655;2;0;5;6;2;1;0;3;8;3;23;0.9989943793733471;4;0;11;22;-1.6600287412886947;0;0;0;12;24;5;7;-0.6658219272995152;2;3;8;2;22;-7.5889359925769595;23;5.407504659572383;11;1;1;0;3;4;6;0;23;-6.316170626678112;11;0;1;5;2;16;25;4;5;25;0;3;4;23;7.261793314568906;5;3;16;3;6;6;5;3;13;2;3;0;3;3;7;-0.1854246667067484;5;0;0;13;10;0;8;8;4;4;6;3;0;13;21;5.167891715360819
TRACK:53;24;27;5;4;6;1;3;2;5;2;6;6;19;2;5;13;2;15;16;2;6;2;3;16;3;14;6;3;8;4;2;1;0;0;6;14;2;11;21;7.622414779569789;4;16;0;4;6;9;6;0;14;20;4.728525988233077;14
TRACK:54;41;7;0;3;5;3;5;3;3;2;0;3;7;0.08733693517832627;5;21;-6.053121778427924;3;6;9;5;0;4;2;6;1;1;1;1;14;11;19;4;2;8;22;-6.407140304219262;5;2;2;25;12;3;24;4;2;5;1;5;19;0;10;23;3.104538931038759;0;5;1;17;24;1;6;17;1;19;9;4;5;2;4;1;0;23;2.998443347069868;2;22;-6.280854492421315;20;-2.6955215646923145;6;1;20;3.1799586935583886;17;1;1;14;11;2;10;8
TRACK:55;41;7;0;3;5;3;5;3;3;2;0;3;7;-0.037195022822722024;5;21;-6.049575580977795;3;6;9;5;0;4;2;6;1;1;1;1;14;11;2;10;8;4;2;14;22;-6.436264819959636;5;1;20;3.1799586935583886;17;4;2;5;1;5;19;0;10;23;3.047987567890118;0;5;1;17;24;1;6;8;1;19;9;4;5;2;4;1;0;4;14;2;22;-6.445843039300245;20;-2.881118516765806;6;1;20;3.177743513240756;17;6;3;3;6;23;-9.27061476339148
TRACK:56;21;5;0;3;5;3;5;3;3;2;0;3;7;0.1250516762487026;5;21;-6.16660010103744;3;6;9;3;6;6;5;3;13
TRACK:57;21;5;5;0;6;3;2;1;3;5;1;0;11;9;6;10;3;5;1;0;13;22;-1.776690752152918;1;8;10;4;4;5;6;6;21;-1.3552564003328165;2;0;5;6;2;1;0;3;8;3;23;0.9843969310954765;4;0;11;22;-1.6097501371310408;0;0;0;12;24;5;7;-0.8734371809778114;2;3;8;2;22;-7.63439171048967;23;5.3289200129911904;2;6;0;2;6;0;12;11;0;5;19;6;14;5;6;2;22;-2.9838119338973312;17;5;2;6;2;1;23;6.899763175241485;10;4;19;6;2;6;12;5;20;4.972132122471155;1;1;0;3;4;6;0;23;-6.233772815474166;11;0;1;5;2;16;25;4;5;25;0;1;20;3.1125609887709653;17;5;3;16;3;6;6;5;3;13;2;3;0;3;3;1;14;21;5.887662033384647;5;0;0;13;10;0;8;8;4;4;6;3;0;13;21;5.27952950480185
TRACK:58;27;24;5;4;6;1;3;2;5;2;6;6;19;2;5;13;2;15;16;2;6;2;3;16;3;14;6;2;22;-2.8847424019265415;17;4;2;1;0;0;6;14;2;11;21;7.622414779569789;4;1;23;8.244000983309077;19;0;4;6;9;6;0;14;20;4.728525988233077;14
TRACK:59;27;24;5;0;6;3;2;1;3;5;1;0;11;9;6;10;3;5;1;0;13;22;-1.8214901747798176;1;8;10;4;4;5;6;6;21;-1.3772404955824655;2;0;5;6;2;1;0;3;8;3;23;0.9989943793733471;4;0;11;22;-1.6600287412886947;0;0;0;12;24;5;7;-0.6658219272995152;2;3;8;2;22;-7.5889359925769595;23;5.407504659572383;2;6;0;0;4;6;9;6;0;14;20;4.728525988233077;5;6;2;22;-2.8847424019265415;17;5;2;6;2;1;23;6.955361850200662;10;4;19;6;2;6;12;5;20;5.01878144688431;1;1;0;3;4;6;0;23;-6.316170626678112;11;0;1;5;2;16;25;4;5;25;0;3;4;23;7.261793314568906;5;3;16;3;6;6;5;3;13;2;3;0;3;3;7;-0.1854246667067484;5;0;0;13;10;0;8;8;4;4;6;3;0;13;21;5.167891715360819
TRACK:60;50;-1;0;3;5;3;5;3;3;2;0;3;7;0.12769455574650615;5;21;-5.863238492855904;3;6;9;5;0;4;2;6;1;1;1;1;14;11;2;10;8;4;14;5;2;2;25;12;3;24;4;2;2;16;15;0;5;1;17;24;1;6;8;1;19;9;4;5;2;4;1;0;4;14;2;22;-6.409795628896997;20;-2.960845413596219;6;1;20;3.31708989248417;17;6;3;3;6;23;-9.332708648542921
TRACK:61;52;-1;5;2;6;1;6;2;4;3;6;0;7;9.757438266456774;15;1;5;0;4;17;3;25;3;4;3;21;9.126014359450306;3;6;4;4;1;1;19;25;0;10;15;0;6;6;0;1;0;0;0;17;13;5;23;-7.441039609832332;1;6;7;5.40319029800669;1;15;10;3;1;0;25;25;6;8;0;2;1;4;24;2;17;17;3;5;7;-0.7692925174489993;3;2;1;21;4.369723251334534;20;3.014604533534433;3;8;6;0;3;6;3;0;5;18;5;19;2;1;0;3;3;25;5;0;15;20;0.3018832436893035;0;2;0;13;20;-7.942024474893641;1;12;10;4;4;21;-4.445813314369184;3;5;1;5;18;2;17;18
TRACK:62;54;-1;0;3;5;3;5;3;3;2;0;3;7;0.15810932578542508;5;21;-5.909043129344501;3;6;9;5;0;4;2;6;1;4;15;5;2;2;25;12;3;24;4;2;5;1;5;19;0;10;23;2.967630013193917;0;5;1;17;24;1;6;17;1;19;9;4;5;2;4;1;0;23;2.843176625766363;2;22;-6.393109853950404;20;-2.596854265357294;6;1;20;3.1640581286333176;17;1;1;14;11;2;10;8
TRACK:63;56;-1;0;3;5;3;5;3;3;2;0;6;20;-7.448965035332488;5;21;-6.205308088533018;3;6;9;3;6;6;5;3;13
TRACK:64;58;-1;5;4;6;1;3;2;5;2;6;6;19;2;5;13;2;15;16;2;6;2;3;16;3;14;6;2;22;-2.9660703828987987;17;4;2;1;0;0;6;14;2;11;21;7.5631482020051415;4;1;23;8.274997460560188;19;0;4;6;9;6;0;7;5.4531484849098195;20;4.7148820023213265;14
TRACK:65;51;-1;5;4;6;1;3;2;5;2;6;6;19;2;5;13;2;15;16;2;6;2;3;16;3;14;6;2;5;10;2;17;16;4;2;1;0;0;0;8;14;2;11;21;7.668009577090456;4;1;23;8.39397886644184;19;0;4;6;9;6;0;14;20;4.797704193312609;2;3;6;4;20;-1.129130124401522;11
TRACK:66;53;-1;5;4;3;19
TRACK:67;55;-1;0;3;5;3;5;3;3;2;0;3;7;-0.01847032687599275;5;21;-6.021500933091424;3;6;9;5;0;4;2;6;1;1;1;1;14;11;2;10;8;4;2;14;22;-6.420527721265182;5;1;20;2.9673275009304247;17;4;2;5;1;5;19;0;10;23;3.0335276791503114;0;5;1;17;24;1;6;15;1;19;9;4;5;2;4;1;0;4;14;2;22;-6.413610346390873;20;-2.748076655410954;6;1;20;3.1258214970496665;17;6;3;3;6;23;-9.338270128441476
TRACK:68;57;-1;5;0;6;3;2;1;3;5;1;0;11;9;6;10;3;5;3;20;2.050685281027974;4;4;5;6;6;21;-1.1850290913673283;2;0;5;6;2;1;0;3;8;3;23;0.8284473207789115;4;0;11;22;-1.5604947003436573;0;0;0;12;24;5;7;-0.897881578629834;2;3;8;2;22;-7.62490313635689;23;5.350793796834402;2;6;0;2;6;0;12;11;0;5;19;6;14;5;6;2;22;-3.052404700548724;17;5;2;6;2;1;23;7.031050038606553;10;4;19;6;2;6;12;5;20;5.094720479269573;1;1;0;3;4;6;0;23;-6.309842653807967;11;0;1;5;2;16;25;4;5;25;0;1;20;3.09689759965404;17;5;3;16;3;6;6;5;3;13;2;3;0;3;3;1;14;21;5.78648329038693;5;0;0;13;10;0;8;8;4;4;6;3;0;13;21;5.424018745996319
TRACK:69;59;-1;5;0;6;3;2;1;3;5;1;0;11;9;6;10;3;5;1;0;13;22;-1.967103238901895;1;8;10;4;4;5;6;6;21;-1.3090875279666454;2;0;5;6;2;1;0;3;8;3;23;1.062982928797326;4;0;11;22;-1.6566876076004455;0;0;0;12;24;5;7;-0.639296982781507;2;3;8;2;22;-7.529981080870316;23;5.427034372751799;2;6;0;0;4;6;9;6;0;14;20;4.9550758615969315;4;1;3;10;1;15;20;0.7523200096587068;5;2;6;2;1;23;7.097956056842582;10;4;19;6;2;6;12;5;20;5.075625843067385;1;1;0;3;4;6;0;23;-6.552850996059775;11;0;1;5;2;16;25;4;5;25;0;3;4;23;7.188649305462555;5;3;16;3;6;6;5;3;13;2;3;0;3;3;7;-0.2413785544842475;5;0;0;13;10;0;8;8;4;4;6;3;0;13;21;5.184746238562391
EVAL_INSTANCE:3:0:60
EVAL_INSTANCE:3:1:61
EVAL_INSTANCE:3:2:62
EVAL_INSTANCE:3:3:63
EVAL_INSTANCE:3:4:64
EVAL_INSTANCE:3:5:65
EVAL_INSTANCE:3:6:66
EVAL_INSTANCE:3:7:67
EVAL_INSTANCE:3:8:68
EVAL_INSTANCE:3:9:69
RUN_RESULT:3:0:0:5:DDDDL
RUN_RESULT:3:1:0:7:DDDDL
RUN_RESULT:3:2:0:5:DDDDL
RUN_RESULT:3:3:0:5:DDDDL
RUN_RESULT:3:4:0:47:DDDLD
RUN_RESULT:3:5:0:6:DDDDL
RUN_RESULT:3:6:0:48:DDDDL
RUN_RESULT:3:7:0:5:DDDDL
RUN_RESULT:3:8:0:5:DDLDD
RUN_RESULT:3:9:0:5:LDDDD
     4 |       40 | -3.995000E+03 | -3.995000E+03
TRACK:70;60;5;0;3;5;3;5;3;3;2;0;3;7;0.12769455574650615;5;21;-5.863238492855904;3;6;9;5;0;4;2;6;1;1;1;1;14;11;2;10;8;4;14;5;1;0;11;9;6;10;4;2;2;16;15;0;5;1;17;24;1;6;8;1;19;9;4;5;2;4;1;0;4;14;2;22;-6.409795628896997;20;-2.960845413596219;6;1;20;3.31708989248417;17;6;3;3;6;23;-9.332708648542921
TRACK:71;60;5;5;0;6;3;2;1;3;5;1;0;11;9;6;10;3;5;1;0;13;22;-1.776690752152918;1;8;10;4;4;5;6;6;21;-1.3552564003328165;2;0;5;6;2;1;0;3;8;3;23;0.9843969310954765;4;0;11;22;-1.6097501371310408;0;0;0;12;24;5;7;-0.8734371809778114;2;3;8;2;22;-7.63439171048967;23;5.3289200129911904;2;6;0;2;6;0;12;11;0;5;19;6;14;5;6;2;22;-2.9838119338973312;17;5;2;6;2;1;23;6.899763175241485;10;4;19;6;2;6;12;5;20;4.972132122471155;1;1;0;3;4;6;0;23;-6.233772815474166;11;0;1;5;2;16;25;9;0;3;4;23;7.525326747278829;5;3;16;3;6;6;5;3;13;2;3;0;3;3;1;14;21;5.887662033384647;5;0;0;13;10;0;8;8;4;4;6;3;0;13;21;5.27952950480185
TRACK:72;27;0;5;4;6;1;3;2;5;2;6;6;19;2;5;13;2;15;16;2;6;2;3;16;3;14;6;3;8;4;2;1;0;0;6;14;2;11;21;7.622414779569789;4;1;23;8.244000983309077;19;0;4;11;6;0;14;20;4.728525988233077;14
TRACK:73;27;0;5;4;6;1;3;2;5;2;6;6;19;2;5;13;2;15;16;2;6;2;3;16;3;14;6;2;5;10;2;17;16;4;2;1;0;0;6;8;2;11;21;7.66471523468303;4;1;23;8.335283213149928;19;0;4;6;9;6;0;14;20;4.816201160030245;2;3;6;4;20;-0.875651314779688;4;2;1;13;24;3;7;-7.41881561049333
TRACK:74;41;0;0;3;5;3;5;3;3;2;0;3;7;0.08733693517832627;5;21;-6.053121778427924;3;6;9;5;0;4;2;6;1;1;1;1;14;11;19;4;2;8;22;-6.407140304219262;5;2;2;25;12;3;24;4;2;5;1;5;19;0;10;23;3.104538931038759;0;5;1;17;24;1;6;17;1;19;9;4;5;2;4;1;0;23;2.998443347069868;2;22;-6.280854492421315;20;-2.6955215646923145;6;1;20;3.1799586935583886;17;6;3;3;6;10
TRACK:75;41;0;5;4;6;1;3;2;5;2;6;6;19;2;5;13;2;15;16;2;6;2;3;16;3;14;6;2;5;10;2;17;16;4;2;1;0;0;6;14;2;11;21;7.66471523468303;4;1;23;8.335283213149928;19;0;4;6;9;6;0;14;20;4.816201160030245;2;3;6;4;20;-0.875651314779688;4;2;1;8;24;3;7;-7.41881561049333
TRACK:76;5;7;5;0;6;3;2;1;3;5;1;0;11;9;6;10;3;5;1;0;13;22;-1.776690752152918;1;8;10;4;4;5;6;6;21;-1.3552564003328165;2;0;5;6;2;1;0;3;8;3;23;0.9843969310954765;4;0;11;22;-1.6097501371310408;0;0;0;12;24;5;7;-0.8734371809778114;2;3;8;2;22;-7.63439171048967;23;5.3289200129911904;2;6;0;2;6;0;12;11;0;5;19;6;14;5;6;2;22;-2.9838119338973312;17;5;2;6;2;1;23;6.899763175241485;10;4;19;6;2;6;12;5;20;4.972132122471155;1;1;0;3;4;6;0;23;-6.233772815474166;11;0;1;5;12;4;5;25;0;3;4;23;7.525326747278829;5;3;16;3;6;6;5;3;13;2;3;0;3;3;1;14;21;5.887662033384647;5;0;0;13;10;0;8;8;4;4;6;3;0;13;21;5.27952950480185
TRACK:77;5;7;0;3;5;3;5;3;3;2;0;3;22;-2.9838119338973312;5;21;-6.049575580977795;3;6;9;5;0;4;2;6;1;1;1;1;14;11;2;10;8;4;2;14;22;-6.436264819959636;5;2;2;25;12;3;24;4;2;5;1;5;19;0;10;23;3.047987567890118;0;5;1;17;24;1;6;8;1;19;9;4;5;2;4;1;0;4;14;2;22;-6.445843039300245;20;-2.881118516765806;6;1;20;3.177743513240756;17;6;3;3;6;23;-9.27061476339148
TRACK:78;62;60;0;3;5;3;5;3;3;2;0;3;7;0.15810932578542508;5;21;-5.909043129344501;3;6;9;5;0;4;2;6;1;4;15;5;2;2;25;12;3;24;4;2;5;1;5;19;0;10;23;2.967630013193917;0;5;1;17;24;1;6;17;1;19;9;2;10;8
TRACK:79;62;60;0;3;5;3;5;3;3;2;0;3;7;0.12769455574650615;5;21;-5.863238492855904;3;6;9;5;0;4;2;6;1;1;1;1;14;11;2;10;8;4;14;5;2;2;25;12;3;20;3.1640581286333176;4;2;2;16;15;0;5;1;17;24;1;6;8;1;19;9;4;5;2;4;1;0;4;14;2;22;-6.409795628896997;20;-2.960845413596219;6;1;20;3.31708989248417;17;6;3;3;6;23;-9.332708648542921
TRACK:80;70;-1;0;3;5;3;5;3;3;2;3;5;16;3;6;9;5;0;4;2;6;1;1;1;1;14;11;2;10;8;4;14;5;1;0;11;9;6;10;4;2;2;16;15;0;5;1;17;24;1;6;8;1;19;9;4;5;2;4;1;0;4;14;2;22;-6.3521053960866505;20;-2.96693434251312;6;1;20;3.158107567791035;17;6;3;3;6;23;-9.427102710848317
TRACK:81;72;-1;5;4;6;1;3;2;5;2;6;6;19;6;1;9;9;2;6;2;3;16;3;14;6;3;8;4;2;1;0;0;6;14;2;11;21;7.618235736493221;4;1;23;8.238148321849186;19;0;4;11;6;0;14;20;4.707995819921419;14
TRACK:82;74;-1;0;3;5;3;5;3;3;2;0;3;7;0.1102829408005647;5;21;-6.046654852230174;3;6;9;5;0;4;2;6;1;1;1;1;14;11;19;4;2;8;22;-6.252982731525586;5;2;2;25;12;3;24;4;2;5;1;5;19;0;10;23;-0.5115794850790287;0;5;1;17;24;1;6;17;1;19;9;4;5;2;4;1;0;23;3.00227377165247;2;22;-6.10367281934;20;-2.734973486197793;6;1;20;2.9900060033229563;17;6;3;3;6;10
TRACK:83;76;-1;5;0;6;3;2;1;3;5;1;0;11;9;6;10;3;5;1;0;13;22;-1.7745512769995027;1;8;10;4;4;5;6;6;21;-1.2832203016575896;2;0;5;6;2;1;0;3;8;3;23;1.0828800692758067;4;0;11;22;-1.501446149624019;0;0;0;12;24;5;7;-0.8980572740088948;2;3;8;2;22;-7.512151353578939;23;5.256384298708315;2;6;0;4;24;5;6;2;22;-3.0433045907917906;17;5;2;6;2;1;23;6.968092665458385;10;4;19;6;2;6;12;5;20;5.062460937013688;1;1;0;3;4;6;0;23;-6.198180380676708;11;0;1;5;12;4;5;25;0;3;4;23;7.325374145039925;5;3;16;3;6;6;5;3;13;2;3;0;3;3;1;14;21;5.883088270565961;5;0;0;13;10;0;8;8;4;4;6;3;0;13;21;5.081303711431427
TRACK:84;78;-1;0;3;5;3;5;3;3;2;0;3;7;0.24552082087598734;5;21;-5.944889196611204;3;6;9;5;0;4;2;6;1;4;15;5;2;2;25;12;3;24;4;2;5;1;2;13;18;5;19;0;5;1;17;24;1;6;17;1;19;9;2;10;8
TRACK:85;71;-1;5;0;6;3;2;1;3;5;1;0;11;9;6;10;3;5;1;0;13;22;-1.9883824377466124;1;8;10;4;4;5;6;6;21;-1.4366763149959603;2;0;5;6;2;1;0;3;8;3;23;1.0832670479949533;4;0;11;22;-1.4525570510491042;0;0;0;12;24;5;7;-0.9504525464522307;2;3;8;2;22;-7.511807195043587;23;5.280774355161169;2;6;0;2;6;0;12;11;0;5;19;6;14;5;6;2;22;-3.136708580929253;17;5;2;6;2;1;23;6.989447439361206;10;4;19;6;2;6;12;5;20;4.8580353173520905;1;1;0;3;4;6;0;23;-6.169175426140878;11;0;1;5;2;16;25;9;0;3;4;23;7.481435792460218;5;3;16;3;6;6;5;3;13;2;3;0;3;3;1;14;21;5.941698178287671;5;0;0;13;10;6;7;-1.7360938238804842;4;4;6;3;0;13;21;5.325533637607011
TRACK:86;73;-1;5;4;6;1;3;2;5;2;6;6;19;2;5;13;2;15;16;2;6;3;9;6;2;5;10;2;17;16;4;2;1;0;0;6;8;2;11;21;7.726146047654514;4;1;23;8.350919065437937;19;0;4;6;9;6;0;14;20;5.017184145235716;2;3;6;4;20;-0.7273334337972435;4;2;1;13;24;3;7;-7.420872061455957
TRACK:87;75;-1;5;4;6;1;3;2;5;2;6;6;19;2;5;13;2;15;16;2;6;2;3;16;3;14;6;2;5;10;2;17;16;4;2;1;0;0;6;14;2;20;0.5890193412273206;15;4;1;23;8.414126770818168;19;0;4;6;9;6;0;14;20;4.742609104972418;2;3;6;4;20;-0.7594468902930362;4;2;1;8;24;3;7;-7.543569749638215
TRACK:88;77;-1;0;3;5;3;5;3;3;2;0;3;22;-2.984593094609214;5;21;-5.849467224403068;3;6;9;5;0;4;2;6;1;1;1;1;14;11;2;10;8;4;2;14;13;5;2;2;25;12;3;24;4;2;5;1;5;19;0;10;23;3.08305902248764;0;5;1;17;24;1;6;8;1;19;9;4;5;2;4;1;0;4;14;2;22;-6.650677087173485;20;-3.0308378997995273;6;1;20;2.938289374868675;17;6;3;3;6;23;-9.04050118410016
TRACK:89;79;-1;0;3;5;3;5;3;3;2;0;3;7;0.1394786346729353;5;21;-5.908926334758229;3;6;9;5;0;4;2;6;1;1;1;1;14;11;2;10;8;4;14;1;4;5;23;-9.515217732931651;3;2;19;16;4;2;2;16;15;0;5;1;17;24;1;6;8;1;19;9;4;5;2;4;1;0;4;14;2;22;-6.587039448496814;20;-2.861198140909852;6;1;20;3.3306040476591687;17;6;3;3;6;23;-9.4717936035043
EVAL_INSTANCE:4:0:80
EVAL_INSTANCE:4:1:81
EVAL_INSTANCE:4:2:82
EVAL_INSTANCE:4:3:83
EVAL_INSTANCE:4:4:84
EVAL_INSTANCE:4:5:85
EVAL_INSTANCE:4:6:86
EVAL_INSTANCE:4:7:87
EVAL_INSTANCE:4:8:88
EVAL_INSTANCE:4:9:89
RUN_RESULT:4:0:0:47:DDDDL
RUN_RESULT:4:1:0:5:DDDDL
RUN_RESULT:4:2:0:5:DDDDL
RUN_RESULT:4:3:0:5:DDLDD
RUN_RESULT:4:4:0:5:DDDDL
RUN_RESULT:4:5:0:5:DDLDD
RUN_RESULT:4:6:0:6:DDDDL
RUN_RESULT:4:7:0:48:DDDDL
RUN_RESULT:4:8:0:188:LDDDD
RUN_RESULT:4:9:0:5:DDDDL
     5 |       50 | -3.995000E+03 | -3.995000E+03
TRACK:90;27;24;5;4;6;1;3;2;5;2;6;6;19;2;13;2;15;16;2;6;2;3;16;3;14;6;3;8;4;2;1;0;0;6;14;2;11;21;7.622414779569789;4;1;23;8.244000983309077;19;0;4;6;9;6;0;14;20;4.728525988233077;14
TRACK:91;27;24;5;0;6;3;2;1;3;5;1;0;11;9;6;10;3;5;1;0;13;22;-1.8214901747798176;1;8;10;4;4;5;6;6;21;-1.3772404955824655;2;0;5;6;2;1;0;3;8;3;23;0.9989943793733471;4;0;11;22;-1.6600287412886947;0;0;0;12;24;5;7;-0.6658219272995152;2;3;8;2;22;-7.5889359925769595;23;5.407504659572383;2;6;0;2;6;0;12;11;0;5;23;3.0763904328337226;6;14;5;6;2;22;-2.8847424019265415;17;5;2;6;2;1;23;6.955361850200662;10;4;19;6;2;6;12;5;20;5.01878144688431;1;1;0;6;6;19;0;1;5;2;16;25;4;5;25;0;3;4;23;7.261793314568906;5;3;16;3;6;6;5;3;13;2;3;0;3;3;7;-0.1854246667067484;5;0;0;13;10;0;8;8;4;4;6;3;0;13;21;5.167891715360819
TRACK:92;7;5;0;3;5;3;5;3;3;2;0;3;7;-0.037195022822722024;5;21;-6.049575580977795;3;6;9;5;0;4;2;6;1;1;1;1;14;11;2;10;8;4;2;14;22;-6.436264819959636;5;2;2;25;12;3;24;4;2;5;1;5;19;0;10;23;3.047987567890118;0;5;1;17;24;1;6;8;1;19;9;4;5;2;4;1;0;3;8;2;22;-6.445843039300245;20;-2.881118516765806;6;1;20;3.177743513240756;17;6;3;3;6;23;-9.27061476339148
TRACK:93;7;5;5;0;6;3;2;1;3;5;1;0;11;9;6;10;3;5;1;0;13;22;-1.776690752152918;1;8;10;4;4;5;6;6;21;-1.3552564003328165;2;2;25;12;1;1;0;3;4;6;0;23;-6.233772815474166;11;0;1;5;2;16;25;4;5;25;0;3;4;23;7.525326747278829;5;3;16;3;6;6;5;3;13;2;3;0;3;3;1;14;21;5.887662033384647;5;0;0;13;10;0;8;8;4;4;6;3;0;13;21;5.27952950480185
TRACK:94;60;24;0;3;5;3;5;3;3;2;0;3;7;0.12769455574650615;5;21;-5.863238492855904;3;6;9;5;0;4;2;6;1;1;1;1;14;11;2;10;8;4;14;5;2;2;25;12;3;24;4;2;2;16;15;0;5;1;17;24;1;6;8;2;22;-2.8847424019265415;17;4;5;2;4;1;0;4;14;2;22;-6.409795628896997;20;-2.960845413596219;6;1;20;3.31708989248417;17;6;3;3;6;23;-9.332708648542921
TRACK:95;60;24;5;0;6;3;2;1;3;5;1;0;11;9;6;10;3;5;1;0;13;22;-1.8214901747798176;1;8;10;4;4;5;6;6;16;2;0;5;6;2;1;0;3;8;3;23;0.9989943793733471;4;0;11;22;-1.6600287412886947;0;0;0;12;24;5;7;-0.6658219272995152;2;3;8;2;22;-7.5889359925769595;23;5.407504659572383;2;6;0;2;6;0;12;11;0;5;23;3.0763904328337226;6;14;5;6;2;22;-2.8847424019265415;17;5;2;6;2;1;23;6.955361850200662;10;4;19;6;2;6;12;5;20;5.01878144688431;1;1;0;3;4;6;0;23;-6.316170626678112;11;0;1;5;2;16;25;4;5;25;0;3;4;23;7.261793314568906;5;3;16;3;6;6;5;3;13;2;3;0;3;3;7;-0.1854246667067484;5;0;0;13;10;0;8;8;4;4;6;3;0;13;21;5.167891715360819
TRACK:96;27;0;5;4;6;1;3;2;5;2;6;6;19;2;5;13;2;15;16;2;1;23;8.335283213149928;19;6;3;8;4;2;1;0;0;6;14;2;11;21;7.622414779569789;4;1;23;8.244000983309077;19;0;4;6;9;6;0;14;20;4.728525988233077;14
TRACK:97;27;0;5;4;6;1;3;2;5;2;6;6;19;2;5;13;2;15;16;2;6;2;3;16;3;14;6;2;5;10;14;4;2;1;0;0;6;14;2;11;21;7.66471523468303;4;1;23;8.335283213149928;19;0;4;6;9;6;0;14;20;4.816201160030245;2;3;6;4;20;-0.875651314779688;4;2;1;13;24;3;7;-7.41881561049333
TRACK:98;5;21;5;0;6;3;2;1;3;5;1;0;11;9;6;10;3;5;1;0;13;22;-1.776690752152918;1;8;10;4;4;5;6;6;21;-1.3552564003328165;2;4;2;6;1;1;1;1;14;11;19;4;2;14;22;-6.556741827975607;5;2;2;25;12;3;24;4;2;5;1;5;19;0;10;23;3.2088845905508068;0;5;1;17;24;1;6;17;1;19;9;1;1;0;3;4;6;0;23;-6.233772815474166;11;0;1;5;2;16;25;4;5;25;0;3;4;23;7.525326747278829;5;3;16;3;6;6;5;3;13;2;3;0;3;3;1;14;21;5.887662033384647;5;0;0;13;10;0;8;8;4;4;6;3;0;13;21;5.27952950480185
TRACK:99;5;21;0;3;5;3;5;3;3;2;0;3;7;0.1250516762487026;5;21;-6.16660010103744;3;6;9;5;3;13
TRACK:100;90;-1;5;4;6;1;3;2;5;2;6;6;19;2;13;2;15;16;2;6;2;3;16;3;14;6;3;8;4;20;5.583174148455436
TRACK:101;7;-1;0;3;5;3;5;3;3;2;0;3;7;-0.1899426497495671;5;21;-6.05222990273957;3;6;9;5;0;4;2;6;1;1;1;1;14;11;2;10;8;4;2;14;22;-6.248116285376758;5;2;2;25;12;3;24;4;2;5;1;5;19;0;10;23;3.244372257977574;0;5;1;17;24;1;6;8;1;19;9;4;0;3;0;2;15;9;1;15;15;2;3;2;11;22;-2.727068058997217;0;0;24;23;-9.781734172582166;6;12
TRACK:102;94;-1;0;3;5;3;5;3;3;2;0;3;7;-0.1749383207871422;5;21;-5.954371828948724;3;6;9;5;0;4;2;6;6;6;20;-1.171636530244868;4;2;2;16;15;0;5;1;17;24;1;6;8;2;22;-2.8812482127441115;17;4;5;2;4;1;0;4;14;2;22;-6.414159499776041;20;-3.021564651040142;6;1;20;3.292791452356457;17;6;3;3;6;23;-9.365414970947416
TRACK:103;27;-1;5;4;6;1;3;2;5;2;6;6;11;2;5;13;2;15;16;2;6;2;3;16;3;14;6;3;8;4;2;1;0;0;6;14;2;11;21;7.696020396578294;4;1;23;8.395380969196125;19;0;4;6;9;6;0;14;20;4.612124379402143;14
TRACK:104;5;-1;5;0;6;3;2;1;3;5;1;0;11;9;6;10;3;5;1;0;13;22;-1.6631427618779533;1;8;10;4;4;5;6;6;21;-1.4171780062704928;2;0;5;6;2;1;0;3;8;3;23;1.0909768223512053;4;0;11;22;-1.5246206328706697;0;0;0;12;24;5;7;-1.039612351721105;2;3;8;2;22;-7.5898465576069984;23;5.326385297538448;2;6;0;3;6;15;5;6;2;22;-2.8079296992456593;17;5;2;6;2;1;23;6.81652563580066;10;4;19;6;2;6;12;5;20;4.993590747883553;1;1;0;3;4;6;0;23;-6.343525063731107;11;0;1;5;2;16;25;4;5;25;0;3;4;23;7.511743876692235;5;3;16;3;6;6;5;3;13;2;3;0;3;3;1;14;21;5.903741107257299;5;0;0;13;10;0;8;8;4;4;6;3;0;13;21;5.336456106437569
TRACK:105;91;-1;5;0;6;3;2;1;3;5;1;0;17;8;6;10;3;5;1;0;13;22;-1.8750863430583864;1;8;10;4;4;5;6;6;21;-1.4849367105769329;2;0;5;6;2;1;0;3;8;3;23;0.8549810523871588;4;0;11;22;-1.7796763682352301;0;0;0;12;24;5;7;-0.6790244864987356;2;3;8;2;22;-7.584166178570366;23;5.227916315104073;2;6;0;2;6;0;12;11;0;5;23;3.1336739458968634;6;14;5;6;2;22;-2.781099145476915;17;5;2;6;2;1;23;7.05725007110555;10;4;19;6;2;6;12;5;20;5.052232476694792;1;1;0;6;6;19;0;1;5;2;16;25;4;5;25;0;3;4;23;7.227411391139338;5;3;16;3;6;6;5;3;13;2;3;0;3;3;7;-0.20453425559388744;5;0;0;13;10;0;8;8;4;4;6;3;0;13;21;5.117826727505193
TRACK:106;5;-1;5;0;6;3;2;1;3;5;1;0;11;9;6;10;3;5;1;0;13;22;-1.8460871835698667;1;8;10;4;4;5;6;6;21;-1.6157984904006353;2;0;5;6;2;1;0;3;8;3;23;1.0449331188259268;4;0;11;22;-1.4698904379546835;0;0;0;12;24;5;7;-0.9085731814763239;2;3;8;2;22;-7.515739220802015;23;5.262029336855741;2;6;0;2;6;0;12;11;0;5;19;6;14;5;6;2;22;-2.9387643526419893;17;5;2;6;2;1;23;6.84283095780303;10;4;19;6;2;6;12;5;20;4.996627529691688;1;1;0;3;4;6;0;23;-6.364769694003829;11;0;1;5;2;16;25;4;5;25;0;3;4;23;7.597468691721896;5;3;16;3;6;6;5;3;13;2;3;3;21;6.041836539104445;4;4;6;3;0;13;21;5.122133165690696
TRACK:107;95;-1;5;0;6;3;2;1;3;5;1;4;15;6;10;3;5;1;0;13;22;-1.8094280617215996;1;8;10;4;4;5;6;6;16;2;0;5;6;2;1;0;3;8;3;23;0.8353344510217318;4;0;11;22;-1.4764045350607713;0;0;0;12;24;5;7;-0.6402306517965392;2;3;8;2;22;-7.5352775135190635;23;5.451158481181698;2;6;0;2;6;0;12;11;0;5;23;2.866813647193374;6;14;5;6;2;22;-2.9074995578508966;17;5;2;6;2;1;23;6.939064577954954;10;4;19;6;2;6;12;5;20;5.005448423342066;1;1;0;3;4;6;0;23;-6.276062571079801;11;0;1;5;2;16;25;4;5;25;0;3;4;23;7.261377257750616;5;3;16;3;6;6;5;3;13;2;3;0;3;3;7;-0.1616134683993904;5;0;0;13;10;0;8;8;4;4;6;3;0;13;21;5.076302418214839
TRACK:108;0;-1;5;4;6;1;3;2;5;2;6;6;19;2;5;13;2;15;16;2;6;2;3;16;3;25;6;2;5;10;2;17;16;4;2;1;0;0;6;14;2;11;21;7.543881794698418;4;1;23;8.37099245497236;19;0;4;6;9;6;0;14;20;4.723968916548836;2;3;6;4;20;-0.6590212051055939;4;2;1;13;24;3;7;-7.410740305745732
TRACK:109;21;-1;0;3;5;3;5;3;3;2;0;3;7;0.11655708428754472;5;21;-6.003021973437287;3;6;9;5;0;4;2;6;1;1;1;1;14;11;19;4;2;14;22;-6.723932049704008;5;2;2;25;12;3;24;4;2;5;1;5;19;0;10;23;3.0937967768352954;0;5;1;17;24;1;6;17;1;19;9;4;5;2;4;1;0;4;14;2;22;-6.617793796252119;20;-2.855128452873319;6;1;7;3.4338695416681695;17;6;3;3;6;23;-9.17576467051454
EVAL_INSTANCE:5:0:100
EVAL_INSTANCE:5:1:101
EVAL_INSTANCE:5:2:102
EVAL_INSTANCE:5:3:103
EVAL_INSTANCE:5:4:104
EVAL_INSTANCE:5:5:105
EVAL_INSTANCE:5:6:106
EVAL_INSTANCE:5:7:107
EVAL_INSTANCE:5:8:108
EVAL_INSTANCE:5:9:109
RUN_RESULT:5:0:0:48:DDDDL
RUN_RESULT:5:1:0:5:DDDDL
RUN_RESULT:5:2:0:5:DDDDL
RUN_RESULT:5:3:0:5:DDDDL
RUN_RESULT:5:4:0:5:DDLDD
RUN_RESULT:5:5:0:34:DDLDD
RUN_RESULT:5:6:0:5:DDLDD
RUN_RESULT:5:7:0:249:RDRRRRDLLLDLLLD
RUN_RESULT:5:8:0:5:DDDDL
RUN_RESULT:5:9:0:5:DDDDL
     6 |       60 | -3.995000E+03 | -3.995000E+03
TRACK:110;60;0;0;3;5;3;5;3;3;2;0;3;7;0.12769455574650615;5;21;-5.863238492855904;3;6;9;5;0;4;2;6;1;1;1;1;14;11;2;10;8;4;14;5;2;2;25;12;3;24;4;2;2;16;15;0;5;1;17;24;1;16;1;19;9;4;5;2;4;1;0;4;14;2;22;-6.409795628896997;20;-2.960845413596219;6;1;20;3.31708989248417;17;6;3;3;6;23;-9.332708648542921
TRACK:111;60;0;5;4;6;1;3;2;5;2;6;6;19;2;5;13;2;15;16;2;6;2;3;16;3;14;6;2;5;10;2;17;16;4;2;1;0;21;-5.863238492855904;4;1;23;8.335283213149928;19;0;4;6;9;6;0;14;20;4.816201160030245;2;3;6;4;20;-0.875651314779688;4;2;1;13;24;3;7;-7.41881561049333
TRACK:112;62;5;0;3;5;3;5;3;3;2;0;3;7;0.15810932578542508;5;21;-5.909043129344501;3;6;9;5;0;4;2;6;1;0;11;9;5;2;2;25;12;3;24;4;2;5;1;5;19;0;10;23;2.967630013193917;0;5;1;17;24;1;6;17;1;19;9;4;5;2;4;1;0;23;2.843176625766363;2;22;-6.393109853950404;20;-2.596854265357294;6;1;20;3.1640581286333176;17;1;1;14;11;2;10;8
TRACK:113;62;5;5;0;6;3;2;1;3;5;1;0;11;9;6;10;3;5;1;0;13;22;-1.776690752152918;1;8;10;4;4;5;6;6;21;-1.3552564003328165;2;0;5;6;2;1;0;3;8;3;23;0.9843969310954765;4;0;11;22;-1.6097501371310408;0;0;0;12;24;5;7;-0.8734371809778114;2;3;8;2;22;-7.63439171048967;23;5.3289200129911904;2;6;0;2;6;0;12;11;0;5;19;6;14;5;6;2;22;-2.9838119338973312;17;5;2;6;2;1;23;6.899763175241485;10;4;19;6;2;6;12;5;20;4.972132122471155;1;1;0;3;4;6;0;23;-6.233772815474166;11;0;1;5;2;16;25;4;5;25;0;3;1;20;3.1640581286333176;17;5;3;16;3;6;6;5;3;13;2;3;0;3;3;1;14;21;5.887662033384647;5;0;0;13;10;0;8;8;4;4;6;3;0;13;21;5.27952950480185
TRACK:114;24;0;5;0;6;3;2;1;3;5;1;0;11;9;6;10;3;5;1;0;13;22;-1.8214901747798176;1;8;10;4;4;5;6;6;21;-1.3772404955824655;2;0;5;6;2;1;0;3;8;3;23;0.9989943793733471;4;0;11;22;-1.6600287412886947;0;0;0;12;24;5;7;-0.6658219272995152;2;3;8;2;22;-7.5889359925769595;23;5.407504659572383;2;6;0;2;6;0;12;11;0;5;23;3.0763904328337226;6;14;5;6;2;22;-2.8847424019265415;17;5;2;6;2;1;23;6.955361850200662;10;4;19;6;2;6;12;5;20;5.01878144688431;1;1;0;3;4;6;0;23;-6.316170626678112;11;0;1;5;2;16;25;4;5;25;0;3;4;23;7.261793314568906;5;3;16;3;6;6;5;3;13;2;3;0;3;3;7;-0.1854246667067484;4;1;23;8.335283213149928;19;4;4;6;3;0;13;21;5.167891715360819
TRACK:115;24;0;5;4;6;1;3;2;5;2;6;6;19;2;5;13;2;15;16;2;6;10;6;2;5;10;2;17;16;4;2;1;0;0;6;14;2;11;21;7.66471523468303;4;1;23;8.335283213149928;19;0;4;6;9;6;0;14;20;4.816201160030245;2;3;6;4;20;-0.875651314779688;4;2;1;13;24;3;7;-7.41881561049333
TRACK:116;5;7;5;0;6;3;2;1;3;5;1;0;11;9;6;10;3;5;1;0;13;22;-1.776690752152918;1;8;10;4;4;5;6;6;21;-1.3552564003328165;2;0;5;6;2;1;0;3;8;3;23;0.9843969310954765;4;0;11;22;-1.6097501371310408;0;0;0;12;24;5;7;-0.8734371809778114;2;3;8;2;22;-7.63439171048967;23;5.3289200129911904;2;6;0;2;6;0;12;11;0;5;19;6;14;5;6;2;22;-2.9838119338973312;17;5;2;6;2;1;23;6.899763175241485;10;4;19;6;2;6;12;5;20;4.972132122471155;1;1;0;3;4;2;14;22;-6.436264819959636;0;1;5;2;16;25;4;5;25;0;3;4;23;7.525326747278829;5;3;16;3;6;6;5;3;13;2;3;0;3;3;1;14;21;5.887662033384647;5;0;0;13;10;0;8;8;4;4;6;3;0;13;21;5.27952950480185
TRACK:117;5;7;0;3;5;3;5;3;3;2;0;3;7;-0.037195022822722024;5;21;-6.049575580977795;3;6;9;5;0;4;2;6;1;1;1;1;14;11;2;10;8;4;2;14;22;-6.436264819959636;5;2;2;25;12;8;4;2;5;1;5;19;0;10;23;3.047987567890118;0;5;1;17;24;1;6;8;1;19;9;4;5;2;4;1;0;4;14;2;22;-6.445843039300245;20;-2.881118516765806;6;1;20;3.177743513240756;17;6;3;3;6;23;-9.27061476339148
TRACK:118;60;62;0;3;5;3;5;3;3;2;0;3;7;0.12769455574650615;5;21;-5.863238492855904;3;6;9;5;0;4;2;6;1;1;1;1;14;11;2;10;8;4;14;5;2;2;25;12;3;24;4;2;2;16;15;5;2;2;25;12;3;24;4;5;2;4;1;0;4;14;2;22;-6.409795628896997;20;-2.960845413596219;6;1;20;3.31708989248417;17;6;3;3;6;23;-9.332708648542921
TRACK:119;60;62;0;3;5;3;5;3;3;2;0;3;7;0.15810932578542508;5;21;-5.909043129344501;3;6;9;5;0;4;2;6;1;4;15;5;2;2;25;12;3;24;4;2;5;1;5;19;0;10;23;2.967630013193917;0;5;1;17;24;1;6;17;1;19;9;4;5;2;4;1;0;23;2.843176625766363;6;8;6;1;20;3.1640581286333176;17;1;1;14;11;2;10;8
TRACK:120;110;-1;0;3;5;3;5;3;3;2;0;3;7;0.12230697012395272;5;21;-5.942055561353889;3;6;9;5;0;4;2;6;1;1;1;1;14;11;2;10;8;4;14;5;2;2;25;12;3;24;4;2;2;16;15;0;5;1;17;24;1;16;1;19;9;4;5;2;4;1;0;4;14;2;22;-6.33277917968415;20;-2.787318334548723;6;1;20;3.283288180920386;17;6;3;3;6;13
TRACK:121;62;-1;0;3;5;3;5;3;3;2;0;3;7;0.19793579991132654;5;21;-5.982745504714599;3;6;9;5;0;4;2;6;1;4;15;5;2;2;25;12;3;24;4;2;5;1;5;19;0;10;23;2.9717657064557077;0;5;1;17;24;1;6;17;1;19;9;4;5;2;4;1;0;0;7;-7.002084538014534;14;2;22;-6.561017184190162;20;-2.6016414275864594;6;1;20;3.1955855323177937;17;1;1;14;11;2;10;8
TRACK:122;114;-1;5;0;6;3;2;1;3;5;1;0;11;9;6;10;3;5;1;0;13;22;-1.8209362326134633;1;8;10;4;4;5;6;6;21;-1.2411667790691405;2;0;5;6;2;1;0;3;8;3;23;1.0128407288279662;4;0;11;22;-1.7076001117507476;0;0;0;12;24;5;7;-0.7370139329148481;2;3;8;2;22;-7.5622485697236765;23;5.305795699730799;2;6;0;2;6;0;12;11;0;5;23;3.000503089537802;6;14;5;6;2;22;-2.718620310214738;17;5;2;6;2;1;23;7.117903948697566;10;4;19;6;2;6;12;5;20;4.934030239636351;1;1;0;3;4;6;6;24;0;1;5;2;16;25;4;5;25;0;3;4;23;7.333767571028468;5;3;16;3;6;6;5;3;13;2;3;0;3;3;7;0.003485341021310151;4;1;23;8.345486674325198;19;4;4;6;3;0;13;21;5.198036315140785
TRACK:123;116;-1;5;0;6;3;2;1;3;5;1;0;11;9;6;10;3;5;1;0;13;22;-1.7565331697492848;1;8;10;4;4;5;6;6;21;-1.3348011428771953;2;0;5;6;2;1;0;3;8;3;23;1.0508843408433768;4;0;11;22;-1.4974831239495416;0;0;0;12;24;5;7;-0.827885195430658;2;3;8;2;22;-7.5205666396324515;23;5.427180181283998;2;6;0;2;6;0;12;11;0;5;19;6;14;5;6;2;22;-3.032442981488743;17;4;2;1;13;18;1;13;24;1;1;0;3;4;2;14;22;-6.5188636335758625;0;1;5;2;16;25;4;5;25;0;3;4;23;7.55444648144551;5;3;16;3;6;6;5;3;13;2;3;0;3;3;1;14;21;5.833293091643647;5;0;0;13;10;0;8;8;4;4;6;3;0;13;21;5.300391209389911
TRACK:124;118;-1;0;3;5;3;5;3;3;2;0;0;19;10;5;21;-5.793486440614792;3;6;9;5;0;4;2;6;1;1;1;1;14;11;2;10;8;4;14;5;2;2;25;12;3;24;4;2;2;16;15;5;2;2;25;12;3;24;4;5;2;4;1;0;4;14;2;22;-6.43347883879399;20;-2.9521579514847995;6;1;20;3.3059401112274966;17;6;3;3;6;23;-9.32727994999158
TRACK:125;111;-1;5;4;6;1;3;2;5;2;6;6;19;2;5;13;2;15;16;2;6;2;3;16;3;14;6;2;5;10;2;17;16;4;2;1;0;21;-5.951098132127867;4;1;23;8.311105326937655;19;0;4;6;9;6;0;14;20;4.749591042980136;2;3;6;4;20;-0.8989528529087853;4;2;4;20;-6.103935274740879;3;7;-7.360350723111298
TRACK:126;5;-1;5;0;6;3;2;1;3;5;1;0;11;9;6;10;3;5;1;0;13;22;-1.854394541649552;1;8;10;4;4;5;6;6;21;-1.4091011156217161;2;0;5;6;2;1;0;3;8;3;23;0.9901747829408247;4;0;11;22;-1.571086498591828;0;0;0;12;24;5;7;-0.8424191132101145;2;3;8;2;22;-7.763543532865648;23;5.476960018403061;0;1;24;13;6;23;-0.9941603454326042;1;1;0;3;4;6;0;23;-6.044257676424766;11;0;1;5;2;16;25;4;5;25;0;3;4;23;7.641163305057151;5;3;16;3;6;6;5;3;13;2;3;0;3;3;1;14;21;5.959591594530189;5;0;0;13;10;0;8;8;4;4;6;3;0;13;21;5.367771679491735
TRACK:127;115;-1;4;5;6;4;5;0;23;6.031577204597049;16
TRACK:128;117;-1;0;3;5;3;5;3;3;2;0;3;7;-0.03439185137190415;5;21;-5.988677345401196;3;6;9;5;0;4;2;6;1;1;1;1;14;11;2;10;8;4;2;14;22;-6.4069599799750625;5;2;2;25;12;8;4;2;5;1;5;19;0;10;23;3.1566778868055674;0;5;1;17;24;1;6;8;1;19;9;4;5;2;4;5;1;22;0.34480871871890706;21;9.732497153757834;6;3;3;6;23;-9.20484541817747
TRACK:129;119;-1;0;3;5;3;5;3;3;2;0;3;7;0.07098794439990855;5;21;-5.989380207551071;3;6;9;5;0;4;2;6;1;4;15;5;2;2;25;12;3;24;4;2;5;1;5;19;0;10;23;3.0808828272621307;0;5;1;17;24;1;6;17;1;19;9;4;5;2;4;1;0;23;2.777202439881595;6;8;6;1;20;3.068129220480482;17;1;1;14;11;2;10;8
EVAL_INSTANCE:6:0:120
EVAL_INSTANCE:6:1:121
EVAL_INSTANCE:6:2:122
EVAL_INSTANCE:6:3:123
EVAL_INSTANCE:6:4:124
EVAL_INSTANCE:6:5:125
EVAL_INSTANCE:6:6:126
EVAL_INSTANCE:6:7:127
EVAL_INSTANCE:6:8:128
EVAL_INSTANCE:6:9:129
RUN_RESULT:6:0:0:5:DDDDL
RUN_RESULT:6:1:0:5:DDDDL
RUN_RESULT:6:2:0:5:DDLDD
RUN_RESULT:6:3:0:5:DDLDD
RUN_RESULT:6:4:0:5:DDDDL
RUN_RESULT:6:5:0:857:DDDDL
RUN_RESULT:6:6:0:5:LDDDD
RUN_RESULT:6:7:0:48:DDDDL
RUN_RESULT:6:8:0:5:DDLDD
RUN_RESULT:6:9:0:5:DDDDL
     7 |       70 | -3.995000E+03 | -3.995000E+03
TRACK:130;24;45;5;0;6;3;2;1;3;5;1;0;11;9;6;10;3;5;1;0;13;22;-1.8214901747798176;1;8;10;4;4;5;6;6;21;-1.3772404955824655;2;0;5;6;2;1;0;11;22;-1.515539572059774;4;0;11;22;-1.6600287412886947;0;0;0;12;24;5;7;-0.6658219272995152;2;3;8;2;22;-7.5889359925769595;23;5.407504659572383;2;6;0;2;6;0;12;11;0;5;23;3.0763904328337226;6;14;5;6;2;22;-2.8847424019265415;17;5;2;6;2;1;23;6.955361850200662;10;4;19;6;2;6;12;5;20;5.01878144688431;1;1;0;3;4;6;0;23;-6.316170626678112;11;0;1;5;2;16;25;4;5;25;0;3;4;23;7.261793314568906;5;3;16;3;6;6;5;3;13;2;3;0;3;3;7;-0.1854246667067484;5;0;0;13;10;0;8;8;4;4;6;3;0;13;21;5.167891715360819
TRACK:131;24;45;5;0;6;3;2;1;3;5;1;0;11;9;6;10;3;5;1;0;13;22;-1.7238513423683308;1;8;10;4;4;5;6;6;21;-1.5382287012804996;2;0;5;6;2;1;0;3;8;3;23;0.8657312542301397;4;0;11;22;-1.515539572059774;0;0;0;12;24;5;7;-0.736110818616831;2;3;8;2;22;-7.467916008822898;23;5.386574444675027;2;6;0;2;6;0;12;11;0;5;23;2.982480627659341;6;14;5;6;2;22;-2.85048457164339;17;5;2;6;2;1;23;6.977220899580199;10;4;19;6;2;6;12;5;20;4.868576197764327;1;1;0;3;4;6;0;23;-6.277296625150852;11;0;1;5;2;16;25;4;5;25;0;3;4;23;7.314890718851303;5;3;16;4;19;2;3;0;3;3;7;-0.16662075280292205;5;0;0;13;10;0;8;8;4;2;6;9;5;22;-4.800364010064612
TRACK:132;0;60;5;4;6;1;3;2;5;2;6;6;19;2;5;13;2;15;16;2;6;2;3;16;3;14;6;2;5;10;2;17;16;4;21;-5.863238492855904
TRACK:133;0;60;0;3;5;3;5;3;3;2;0;3;7;0.12769455574650615;5;21;-5.863238492855904;3;6;9;5;0;4;2;6;1;1;1;1;14;11;2;10;8;4;14;5;2;2;25;12;3;24;4;2;2;16;15;0;5;1;17;24;1;6;8;1;19;9;4;5;2;4;1;0;4;14;2;22;-6.409795628896997;20;-2.960845413596219;6;1;20;3.31708989248417;17;6;3;3;3;7;-7.41881561049333
TRACK:134;41;24;0;3;5;3;5;3;3;2;0;3;7;0.08733693517832627;5;21;-6.053121778427924;3;6;9;5;0;4;2;6;1;1;1;1;14;25;19;4;2;8;22;-6.407140304219262;5;2;2;25;12;3;24;4;2;5;1;5;19;0;10;23;3.104538931038759;0;5;1;17;24;1;6;17;1;19;9;4;5;2;4;1;0;23;2.998443347069868;2;22;-6.280854492421315;20;-2.6955215646923145;6;1;20;3.1799586935583886;17;6;3;3;6;23;-9.164804447998371
TRACK:135;41;24;5;0;6;3;2;1;3;5;1;0;11;9;6;10;3;5;1;0;13;22;-1.8214901747798176;1;8;10;4;4;5;6;6;21;-1.3772404955824655;2;0;5;1;5;19;0;10;23;3.104538931038759;2;6;0;2;6;0;12;11;0;5;23;3.0763904328337226;6;14;5;6;2;22;-2.8847424019265415;17;5;2;6;2;1;23;6.955361850200662;10;4;19;6;2;6;12;5;20;5.01878144688431;1;1;0;3;4;6;0;23;-6.316170626678112;11;0;1;5;2;16;25;4;5;25;0;3;4;23;7.261793314568906;5;3;16;3;6;6;5;3;13;2;3;0;3;3;7;-0.1854246667067484;5;0;0;13;10;0;8;8;4;4;6;3;0;13;21;5.167891715360819
TRACK:136;60;62;0;3;5;3;5;3;3;2;0;3;7;0.12769455574650615;5;21;-5.863238492855904;3;6;9;5;0;4;2;6;1;1;1;1;14;11;2;10;8;4;14;5;2;2;25;12;3;24;4;2;2;16;15;0;5;1;17;24;1;6;8;1;19;9;4;5;2;4;1;0;4;14;2;11;20;-2.960845413596219;6;1;20;3.31708989248417;17;6;3;3;6;23;-9.332708648542921
TRACK:137;60;62;0;3;5;3;5;3;3;2;0;3;7;0.15810932578542508;5;21;-5.909043129344501;3;6;9;5;0;4;2;6;1;4;15;5;2;2;25;12;3;24;4;2;5;1;5;19;0;10;23;2.967630013193917;0;5;17;1;6;17;1;19;9;4;5;2;4;1;0;23;2.843176625766363;2;22;-6.393109853950404;20;-2.596854265357294;6;1;20;3.1640581286333176;17;1;1;14;11;2;10;8
TRACK:138;5;0;5;0;6;3;2;1;3;5;1;0;11;9;6;10;3;5;1;0;13;22;-1.776690752152918;1;8;10;4;4;5;6;6;21;-1.3552564003328165;2;0;5;6;2;1;0;3;8;3;23;0.9843969310954765;4;0;11;22;-1.6097501371310408;0;0;0;12;24;5;7;-0.8734371809778114;2;3;8;2;22;-7.63439171048967;23;5.3289200129911904;2;6;0;2;6;0;12;11;0;5;19;6;14;5;6;2;22;-2.9838119338973312;17;5;2;6;2;1;23;6.899763175241485;10;4;19;6;2;6;12;5;20;4.972132122471155;1;1;0;3;4;6;0;23;-6.233772815474166;11;0;1;5;2;16;25;4;5;25;0;3;4;23;7.525326747278829;5;3;16;3;6;6;5;3;13;2;3;0;3;3;1;14;21;5.887662033384647;5;0;0;13;10;0;8;8;4;4;6;3;20;-0.875651314779688
TRACK:139;5;0;5;4;6;1;3;2;5;2;6;6;19;2;5;13;2;15;16;2;6;2;3;16;3;14;6;2;3;8;2;17;16;4;2;1;0;0;6;14;2;11;21;7.66471523468303;4;1;23;8.335283213149928;19;0;4;6;9;6;0;14;20;4.816201160030245;2;3;6;4;20;-0.875651314779688;4;2;1;13;24;3;7;-7.41881561049333
TRACK:140;130;-1;5;0;6;3;2;1;3;5;1;0;11;9;6;10;3;5;1;0;13;22;-1.7896980183214792;1;8;10;4;4;5;6;6;21;-1.2110461264681367;2;0;5;6;2;1;0;11;22;-1.5192713447632185;4;0;11;22;-1.8521195992971444;0;0;0;8;24;5;7;-0.7315069248519918;2;3;8;2;22;-7.517300800946075;23;5.493687416614931;2;6;0;2;6;0;12;11;0;5;23;3.014612256371808;6;14;5;6;2;22;-3.050004017128609;17;5;2;6;2;1;23;6.864012886067266;10;4;19;6;2;6;12;5;20;4.989978359187775;1;1;0;3;4;6;0;23;-6.234613395566265;11;0;1;5;2;16;25;4;5;25;0;3;4;23;7.545712868908819;5;3;16;3;6;6;5;3;13;2;3;0;3;3;7;-0.17340701032225012;5;0;0;13;10;0;8;8;4;4;6;3;0;13;21;5.1914280856391555
TRACK:141;132;-1;5;4;6;1;3;2;5;2;6;6;19;2;5;13;2;15;16;2;6;2;3;16;3;14;2;1;4;18;1;20;-8.299538876586979;13;4;4;19;4;21;-5.871981608498034
TRACK:142;134;-1;0;3;5;3;5;3;3;2;0;3;16;5;21;-6.1159917628336276;3;6;9;5;0;4;2;6;1;1;1;1;14;25;19;4;2;8;22;-6.331943849376426;5;2;2;25;12;3;24;4;2;5;1;5;19;0;10;23;3.0983667781227022;0;5;1;17;24;1;6;17;1;19;9;4;5;2;4;1;0;23;2.886115406727004;2;22;-6.339180571210297;20;-2.722828890352772;6;1;20;3.124963624837491;17;6;3;3;6;23;-9.102205420875869
TRACK:143;136;-1;0;3;5;3;5;3;3;2;0;3;7;-0.05377952796014743;5;21;-5.796870320796397;3;6;9;5;0;4;2;6;1;1;1;1;14;11;2;10;8;4;14;5;0;3;25;0;16;17;4;2;2;16;15;0;5;1;17;24;1;6;8;1;19;9;4;5;2;4;1;0;4;14;2;11;20;-2.9352518347141667;6;1;20;3.407854980687282;17;6;3;3;6;23;-9.344317481741689
TRACK:144;138;-1;5;0;6;3;2;1;3;5;1;0;11;9;6;10;3;5;1;0;13;22;-1.733501910192494;1;8;10;4;4;5;6;6;21;-1.3671131507246739;2;0;5;6;2;1;0;3;8;3;23;0.9017215980429671;4;0;11;22;-1.6324954031830932;0;0;0;12;24;5;7;-0.7372311443276811;2;3;8;2;22;-7.804586419739082;23;5.359932472858742;2;6;0;2;6;0;12;11;0;5;19;6;14;5;6;2;22;-2.986863078577118;17;5;2;6;2;1;23;6.98349179630821;10;4;11;6;2;6;12;5;20;5.084019680362709;1;1;0;3;4;6;0;23;-6.328724951889843;11;0;1;5;2;16;25;4;5;25;0;3;4;23;7.5152472259742815;5;3;16;3;6;6;5;3;13;2;3;0;3;3;1;14;21;5.996532608038117;5;0;0;13;10;0;8;8;4;4;6;3;20;-0.7795143500128893
TRACK:145;131;-1;5;0;6;3;2;1;3;5;1;0;11;9;6;10;3;5;1;0;13;22;-1.688035212378412;1;8;10;4;4;5;6;6;21;-1.4717047749639565;2;0;5;6;2;1;0;3;8;3;23;1.1050912687247685;4;0;11;22;-1.6180266124563194;0;0;0;12;24;5;7;-0.5952897432969599;2;3;8;2;24;23;5.322821771343792;2;6;0;2;6;0;12;11;0;5;23;2.8941055888126566;6;14;5;6;2;22;-2.9113193854798283;17;5;2;6;2;1;23;7.064969827899214;10;4;19;6;2;6;12;5;20;4.790021103522274;1;1;0;3;4;6;0;23;-6.208574685856916;11;0;1;5;2;16;25;4;5;25;0;3;4;23;7.362573054777311;5;3;16;4;19;2;3;0;3;3;7;-0.179425561356737;5;0;0;13;10;0;8;8;4;2;6;9;5;22;-4.659289535432291
TRACK:146;133;-1;0;3;5;1;4;5;1;6;4;22;8.692170167404374;5;4;24;5;5;6;1;5;24;6;23;-1.8680223377692968;5;0;4;2;6;1;1;1;1;14;11;2;10;8;4;14;5;2;2;25;12;3;24;4;2;2;16;15;0;5;1;17;24;1;6;8;1;19;9;4;5;2;4;1;0;4;14;2;22;-6.391737597343956;20;-2.854188637057824;6;1;20;3.3858270330780744;17;6;3;3;3;7;-7.530321640649368
TRACK:147;135;-1;5;0;6;3;2;1;3;5;1;0;11;9;6;10;3;5;1;0;13;22;-1.7387726760849616;1;8;10;4;4;5;6;6;21;-1.4519018367818943;2;0;5;1;5;19;0;10;23;3.0607188837399377;2;6;0;2;6;4;8;0;5;23;3.143199040979247;6;14;5;6;2;22;-2.91207363812078;17;5;2;6;2;1;23;6.904837242811853;10;4;19;6;2;6;12;5;20;5.203355406101265;1;1;0;3;4;6;0;23;-6.3185805251599625;11;0;1;5;2;16;25;4;5;25;0;3;4;23;7.112010419877036;5;3;16;3;6;6;5;3;13;2;3;0;3;3;7;-0.2487310790662553;5;0;0;13;10;0;8;8;4;4;6;3;0;13;21;4.893931094955562
TRACK:148;137;-1;0;3;5;3;5;3;3;2;0;3;7;0.3033075313429109;5;21;-6.007610462895946;3;6;9;5;0;4;2;6;1;4;15;5;2;2;25;12;3;24;4;2;5;1;5;19;0;10;23;2.9432342740949857;0;5;17;1;6;17;1;19;9;4;5;2;4;16;1;1;14;11;2;10;8
TRACK:149;139;-1;5;4;6;1;3;2;5;2;6;6;19;2;5;13;2;15;16;2;6;2;3;16;3;14;6;2;3;8;2;17;20;-8.399251900181607;4;2;1;0;0;6;14;2;11;21;7.438821704890547;4;1;23;8.340713030809958;19;0;4;6;9;6;0;14;20;4.7569721385624;2;3;6;4;20;-0.7826701039292577;4;2;1;13;24;3;7;-7.441170178798368
EVAL_INSTANCE:7:0:140
EVAL_INSTANCE:7:1:141
EVAL_INSTANCE:7:2:142
EVAL_INSTANCE:7:3:143
EVAL_INSTANCE:7:4:144
EVAL_INSTANCE:7:5:145
EVAL_INSTANCE:7:6:146
EVAL_INSTANCE:7:7:147
EVAL_INSTANCE:7:8:148
EVAL_INSTANCE:7:9:149
RUN_RESULT:7:0:0:5:DDLDD
RUN_RESULT:7:1:0:48:DDDDL
RUN_RESULT:7:2:0:5:DDDDL
RUN_RESULT:7:3:0:5:DDDDL
RUN_RESULT:7:4:0:5:DDLDD
RUN_RESULT:7:5:0:5:LDDDD
RUN_RESULT:7:6:0:48:DDDDL
RUN_RESULT:7:7:0:5:DDLDD
RUN_RESULT:7:8:0:5:DDDDL
RUN_RESULT:7:9:0:48:DDDDL
     8 |       80 | -3.995000E+03 | -3.995000E+03
TRACK:150;60;21;0;3;5;3;5;3;3;2;0;3;7;0.12769455574650615;5;21;-5.863238492855904;3;6;9;5;0;4;2;6;1;1;1;1;14;11;2;10;8;4;14;5;2;2;25;12;3;24;4;2;2;16;15;0;5;1;17;24;1;6;8;1;19;9;4;2;4;1;0;4;14;2;22;-6.47527322256065;20;-2.8094452007416626;6;1;20;3.1125609887709653;17;6;3;3;6;23;-9.200662834279079
TRACK:151;60;21;0;3;5;3;5;3;3;2;0;3;7;0.1250516762487026;5;21;-6.16660010103744;3;6;9;5;0;4;2;6;1;1;1;15;19;4;2;14;22;-6.556741827975607;5;2;2;25;12;3;24;4;2;5;1;5;19;0;10;23;3.2088845905508068;0;5;1;17;24;1;6;17;1;19;9;4;5;2;4;1;0;4;14;2;22;-6.47527322256065;20;-2.8094452007416626;6;1;20;3.1125609887709653;17;6;3;3;6;23;-9.200662834279079
TRACK:152;27;7;5;4;6;1;3;2;5;2;6;6;19;2;5;13;2;15;16;2;6;2;3;16;3;14;6;3;8;4;2;1;0;0;6;14;2;11;21;7.622414779569789;4;1;23;8.244000983309077;19;0;6;9;6;0;14;20;4.728525988233077;14
TRACK:153;27;7;0;3;5;3;5;3;3;2;0;3;7;-0.037195022822722024;5;21;-6.049575580977795;3;6;9;5;0;4;2;6;1;1;1;1;14;11;2;10;8;4;2;14;22;-6.436264819959636;5;2;2;25;12;3;11;4;2;5;1;5;19;0;10;23;3.047987567890118;0;5;1;17;24;1;6;8;1;19;9;4;5;2;4;1;0;4;14;2;22;-6.445843039300245;20;-2.881118516765806;6;1;20;3.177743513240756;17;6;3;3;6;23;-9.27061476339148
TRACK:154;41;45;0;3;5;3;5;3;3;2;0;3;23;-6.277296625150852;5;21;-6.053121778427924;3;6;9;5;0;4;2;6;1;1;1;1;14;11;19;4;2;8;22;-6.407140304219262;5;2;2;25;12;3;24;4;2;5;1;5;19;0;10;23;3.104538931038759;0;5;1;17;24;1;6;17;1;19;9;4;5;2;4;1;0;23;2.998443347069868;2;22;-6.280854492421315;20;-2.6955215646923145;6;1;20;3.1799586935583886;17;6;3;3;6;23;-9.164804447998371
TRACK:155;41;45;5;0;6;3;2;1;3;5;1;0;11;9;6;10;3;5;1;0;13;22;-1.7238513423683308;1;8;10;4;4;5;6;6;21;-1.5382287012804996;2;0;5;6;2;1;0;3;8;3;23;0.8657312542301397;4;0;11;22;-1.515539572059774;0;0;0;12;24;5;7;-0.736110818616831;2;3;8;2;22;-7.467916008822898;23;5.386574444675027;2;6;0;2;6;0;12;11;0;5;23;2.982480627659341;6;14;5;6;2;22;-2.85048457164339;17;5;2;6;2;5;21;-6.053121778427924;4;19;6;2;6;12;5;20;4.868576197764327;1;1;0;3;4;6;0;23;-6.277296625150852;11;0;1;5;2;16;25;4;5;25;0;3;4;23;7.314890718851303;5;3;16;3;6;6;5;3;13;2;3;0;3;3;7;-0.16662075280292205;5;0;0;13;10;0;8;8;4;2;6;9;5;22;-4.800364010064612
TRACK:156;27;41;5;4;6;1;3;2;5;2;6;6;19;2;5;13;2;15;16;2;6;2;3;16;3;14;6;3;8;4;2;1;0;0;6;14;2;11;21;7.622414779569789;4;1;9;19;0;4;6;9;6;0;14;20;4.728525988233077;14
TRACK:157;27;41;0;3;5;3;5;3;3;2;0;3;7;0.08733693517832627;5;21;-6.053121778427924;3;6;9;5;0;4;2;6;1;1;1;1;14;11;19;4;2;8;22;-6.407140304219262;5;4;1;23;8.244000983309077;19;4;2;5;1;5;19;0;10;23;3.104538931038759;0;5;1;17;24;1;6;17;1;19;9;4;5;2;4;1;0;23;2.998443347069868;2;22;-6.280854492421315;20;-2.6955215646923145;6;1;20;3.1799586935583886;17;6;3;3;6;23;-9.164804447998371
TRACK:158;7;62;0;3;5;3;5;3;3;2;0;3;7;-0.037195022822722024;5;21;-6.049575580977795;3;6;9;5;0;4;2;6;1;1;1;1;14;11;2;10;8;4;2;14;22;-6.436264819959636;5;2;2;25;12;3;24;4;2;5;1;5;19;0;10;23;3.047987567890118;0;5;1;17;24;1;6;8;1;19;9;4;5;2;4;1;0;4;14;2;22;-6.445843039300245;20;-2.881118516765806;6;1;20;3.177743513240756;17;20;-2.596854265357294
TRACK:159;7;62;0;3;5;3;5;3;3;2;0;3;7;0.15810932578542508;5;21;-5.909043129344501;3;6;9;5;0;4;2;6;1;4;15;5;2;2;25;12;3;24;4;2;5;1;5;19;0;10;23;2.967630013193917;0;5;25;1;6;17;1;19;9;4;5;2;4;1;0;23;2.843176625766363;2;22;-6.393109853950404;20;-2.596854265357294;6;1;20;3.1640581286333176;17;1;1;14;11;2;10;8
TRACK:160;150;-1;0;3;5;3;5;3;3;2;0;3;7;0.2550637048623391;5;21;-5.765026787165131;3;6;9;5;0;4;2;6;1;1;3;12;4;14;5;2;2;25;12;3;24;4;2;2;16;15;0;5;1;17;24;1;6;8;1;19;9;4;2;4;1;0;4;14;2;22;-6.377263953524976;20;-2.816784139612558;6;1;20;3.0569047950490855;17;6;3;3;6;23;-9.095927081983461
TRACK:161;152;-1;5;4;6;1;3;2;5;2;6;6;19;2;5;13;2;15;16;2;6;2;3;16;3;14;6;3;8;4;2;5;9;5;12
TRACK:162;154;-1;0;3;5;3;5;3;3;2;0;3;23;-6.363184229259913;5;21;-6.101912095578305;3;6;9;5;0;4;2;6;1;1;1;1;14;11;19;4;2;8;22;-6.311570216873105;5;2;2;25;12;3;24;4;2;5;1;5;19;0;10;23;3.215524387751597;0;5;1;17;24;1;0;8;19;1;19;9;4;5;2;4;1;0;23;3.227549223260701;2;22;-6.650003417224575;20;-2.7011345127226547;6;1;20;3.188190766578704;17;6;3;3;6;23;-9.15022550987348
TRACK:163;156;-1;5;4;6;1;3;2;5;2;6;6;19;2;5;13;2;15;16;2;6;2;3;22;-6.363412870705463;3;14;6;3;8;4;2;1;0;0;6;14;2;11;21;7.709753184220887;4;1;9;19;0;4;6;9;6;0;14;20;4.5939979116496;14
TRACK:164;158;-1;0;3;5;3;5;3;3;2;0;3;7;0.08699215769224702;5;21;-6.0755591598412835;3;6;9;5;0;4;2;6;1;1;1;1;14;11;2;10;8;4;2;14;22;-6.540157499861885;5;2;2;25;12;3;24;4;2;5;1;5;19;0;10;23;2.9901615904791017;0;5;1;17;24;1;6;8;1;19;9;4;5;2;4;1;0;4;14;2;22;-6.3803244400876915;20;-3.0174077232715013;6;1;20;3.1691843571799834;18;20;-2.766940792333815
TRACK:165;151;-1;0;3;5;3;5;3;3;2;0;3;7;0.03840648460090798;5;21;-6.023018013501967;3;6;9;5;0;4;2;6;1;1;1;15;19;4;2;14;22;-6.471635876118886;5;2;2;25;12;3;24;4;2;6;20;9.321481783948222;0;5;1;17;24;1;6;17;1;19;9;4;5;2;4;1;0;4;14;2;22;-6.582805164743977;20;-2.878599987554644;6;1;20;3.0450724306253396;17;6;3;3;6;23;-9.188204300946097
TRACK:166;153;-1;0;3;5;3;5;3;3;2;0;3;7;-0.09815689142873651;5;21;-5.875427194041879;3;6;9;5;0;4;2;6;1;1;1;1;14;11;2;10;8;4;2;14;22;-6.434098190359486;5;2;2;25;12;3;11;6;0;2;4;18;3;13;2;1;10;8;3;12;4;5;2;4;1;0;4;14;2;22;-6.4720113579436855;20;-2.842715374995675;6;1;20;3.153266528580318;17;6;3;3;6;23;-9.317916620529237
TRACK:167;155;-1;5;0;6;3;2;1;3;5;1;0;11;9;6;10;3;5;1;0;13;22;-1.7202089538051089;6;9;4;4;5;6;6;21;-1.740224078962591;2;0;5;6;2;1;0;3;8;3;23;0.7864213978634172;4;0;11;22;-1.5228928860450963;0;0;0;12;24;5;7;-0.6135149868869206;2;3;8;2;22;-7.566936224808375;23;5.292692606153364;2;6;0;2;6;0;12;11;0;5;23;3.0918392210367793;6;14;5;6;2;22;-2.685492513211771;17;5;2;6;2;5;21;-5.91951070994399;4;19;6;2;6;12;5;20;5.042326885149822;1;1;0;3;4;6;0;23;-6.153260680078802;11;0;1;5;2;16;25;4;5;25;0;3;4;23;7.295750814200451;5;3;16;3;6;6;5;3;13;2;3;0;3;3;7;-0.06580529646727809;5;0;0;13;10;0;8;8;4;2;6;9;5;22;-4.980802288425468
TRACK:168;157;-1;0;3;5;3;5;3;3;2;0;3;7;-0.1550737880747435;5;21;-6.09482141299772;3;6;9;5;0;4;2;6;1;1;1;1;14;11;19;4;2;8;22;-6.407584253503056;5;4;1;23;8.268643099959373;19;4;2;5;1;5;19;0;10;23;3.0526585060946156;0;5;1;17;24;1;6;19;1;19;9;4;5;2;4;1;0;23;3.129192280098653;2;22;-6.4086706521357195;20;-2.70975798595471;6;1;20;3.2276249304548856;17;6;3;3;6;23;-8.987000078918829
TRACK:169;159;-1;0;3;5;3;5;3;3;2;0;3;7;0.13447701826646893;5;21;-5.91070660671345;3;6;9;5;0;4;2;6;1;4;15;5;2;2;25;12;3;24;4;2;5;1;5;19;0;10;23;2.8542797897106613;0;5;4;22;-2.249813829650879;1;6;17;1;19;9;4;5;2;4;1;0;23;2.9372504662883996;2;22;-6.251981538043339;20;-2.4854000001882426;6;1;20;3.1611995730399087;17;1;1;14;11;2;10;8
EVAL_INSTANCE:8:0:160
EVAL_INSTANCE:8:1:161
EVAL_INSTANCE:8:2:162
EVAL_INSTANCE:8:3:163
EVAL_INSTANCE:8:4:164
EVAL_INSTANCE:8:5:165
EVAL_INSTANCE:8:6:166
EVAL_INSTANCE:8:7:167
EVAL_INSTANCE:8:8:168
EVAL_INSTANCE:8:9:169
RUN_RESULT:8:0:0:5:DDDDL
RUN_RESULT:8:1:0:48:DDDDL
RUN_RESULT:8:2:0:5:DDDDL
RUN_RESULT:8:3:0:5:LDDDD
RUN_RESULT:8:4:0:5:DDDDL
RUN_RESULT:8:5:0:5:DDDDL
RUN_RESULT:8:6:0:5:DDDDL
RUN_RESULT:8:7:0:5:DDLDD
RUN_RESULT:8:8:0:5:DDDDL
RUN_RESULT:8:9:0:5:DDDDL
     9 |       90 | -3.995000E+03 | -3.995000E+03
TRACK:170;21;41;0;3;5;3;5;3;3;2;4;2;8;22;-6.407140304219262;3;6;9;5;0;4;2;6;1;1;1;1;14;11;19;4;2;14;22;-6.556741827975607;5;2;2;25;12;3;24;4;2;5;1;5;19;0;10;23;3.2088845905508068;0;5;1;17;24;1;6;17;1;19;9;4;5;2;4;1;0;4;14;2;22;-6.47527322256065;20;-2.8094452007416626;6;1;20;3.1125609887709653;17;6;3;3;6;23;-9.200662834279079
TRACK:171;21;41;0;3;22;-6.47527322256065;5;0;4;2;6;1;1;1;1;14;11;19;4;2;8;22;-6.407140304219262;5;2;2;25;12;3;24;4;2;5;1;5;19;0;10;23;3.104538931038759;0;5;1;17;24;1;6;17;1;19;9;4;5;2;4;1;0;23;2.998443347069868;2;22;-6.280854492421315;20;-2.6955215646923145;6;1;20;3.1799586935583886;17;6;3;3;6;23;-9.164804447998371
TRACK:172;7;24;0;3;5;3;5;3;3;2;0;3;7;-0.037195022822722024;5;21;-6.049575580977795;3;6;9;5;6;6;5;3;13
TRACK:173;7;24;5;0;6;3;2;1;3;5;1;0;11;9;6;10;3;5;1;0;13;22;-1.8214901747798176;1;8;10;4;4;5;6;6;21;-1.3772404955824655;2;0;5;6;2;1;0;3;8;3;23;0.9989943793733471;4;0;11;22;-1.6600287412886947;0;0;0;12;24;5;7;-0.6658219272995152;2;3;8;2;22;-7.5889359925769595;23;5.407504659572383;2;6;0;2;6;0;12;11;0;5;23;3.0763904328337226;6;14;5;6;2;22;-2.8847424019265415;17;5;2;6;2;1;23;6.955361850200662;10;2;22;-6.445843039300245;20;-2.881118516765806;6;2;6;12;5;20;5.01878144688431;1;1;0;3;4;6;0;23;-6.316170626678112;11;0;1;5;2;16;25;4;5;25;0;3;4;23;7.261793314568906;5;3;16;3;6;6;5;3;13;2;3;0;3;3;7;-0.1854246667067484;5;0;0;13;10;0;8;8;4;4;6;3;0;13;21;5.167891715360819
TRACK:174;0;5;5;4;6;1;3;2;5;2;6;6;19;2;5;13;2;15;16;2;6;2;3;16;3;14;6;2;5;10;2;17;16;4;2;1;0;0;6;14;2;11;8;4;1;23;8.335283213149928;19;0;4;6;9;6;0;14;20;4.816201160030245;2;3;6;4;20;-0.875651314779688;4;2;1;13;24;3;7;-7.41881561049333
TRACK:175;0;5;5;0;6;3;2;1;3;5;1;0;11;9;6;10;3;5;1;0;13;22;-1.776690752152918;1;8;10;4;4;5;6;6;21;-1.3552564003328165;2;0;5;6;2;1;0;3;8;3;23;0.9843969310954765;4;0;11;22;-1.6097501371310408;0;0;0;12;24;5;7;-0.8734371809778114;2;3;8;2;22;-7.63439171048967;23;5.3289200129911904;2;6;0;2;6;0;12;11;0;5;19;6;14;5;6;2;22;-2.9838119338973312;17;5;2;6;2;1;23;6.899763175241485;10;4;19;6;2;6;12;5;20;4.972132122471155;1;1;0;3;4;6;0;23;-6.233772815474166;11;0;1;5;2;14;25;4;5;25;0;3;4;23;7.525326747278829;5;3;16;3;6;6;5;3;13;2;3;0;3;3;1;14;21;5.887662033384647;5;0;0;13;10;0;8;8;4;4;6;3;0;13;21;5.27952950480185
TRACK:176;7;24;0;3;5;3;5;3;3;2;0;3;7;-0.037195022822722024;5;21;-6.049575580977795;3;6;9;5;0;4;2;6;1;1;1;1;14;11;2;10;8;4;2;14;22;-6.436264819959636;5;2;2;25;12;3;24;4;2;5;1;5;19;0;10;23;3.047987567890118;0;5;1;17;24;1;6;8;1;19;9;4;5;2;4;1;0;4;14;2;22;-6.445843039300245;20;-2.881118516765806;6;1;20;3.177743513240756;17;6;3;3;0;11;22;-1.6600287412886947
TRACK:177;7;24;5;0;6;3;2;1;3;5;1;0;11;9;6;10;3;5;1;0;13;22;-1.8214901747798176;1;8;10;4;4;5;6;6;21;-1.3772404955824655;2;0;5;6;2;1;0;3;8;3;23;0.9989943793733471;4;0;11;22;-1.6600287412886947;0;0;0;12;24;5;7;-0.6658219272995152;2;3;8;2;22;-7.5889359925769595;23;5.407504659572383;2;6;0;2;6;0;12;11;0;5;23;3.0763904328337226;6;14;5;6;2;22;-2.8847424019265415;17;5;2;6;2;1;23;6.955361850200662;10;4;19;6;2;6;12;5;20;5.01878144688431;1;1;0;3;4;6;0;23;-6.316170626678112;11;0;1;5;2;16;25;4;5;22;-6.445843039300245;0;3;4;23;7.261793314568906;5;3;16;3;6;6;5;3;13;2;3;0;3;3;7;-0.1854246667067484;5;0;0;13;10;0;8;8;4;4;6;3;0;13;21;5.167891715360819
TRACK:178;62;27;0;3;5;3;5;3;3;2;0;3;7;0.15810932578542508;5;21;-5.909043129344501;3;6;9;5;0;4;2;6;1;4;15;5;2;2;25;12;3;24;4;2;5;1;5;19;0;10;23;2.967630013193917;0;5;1;17;24;1;6;17;1;19;9;4;5;2;4;1;0;23;2.843176625766363;20;4.728525988233077;6;1;20;3.1640581286333176;17;1;1;14;11;2;10;8
TRACK:179;62;27;5;4;6;1;3;2;5;2;6;6;19;2;5;13;2;15;16;2;6;2;3;16;3;14;6;3;8;4;2;1;0;0;6;14;2;11;21;7.622414779569789;4;1;23;8.244000983309077;23;2.967630013193917;0;4;6;9;6;0;14;20;4.728525988233077;14
TRACK:180;170;-1;0;3;5;3;5;3;3;2;4;2;8;22;-6.492850575605875;3;6;9;5;0;4;2;6;1;1;1;1;14;11;19;4;2;14;22;-6.677070490412124;5;2;2;25;12;3;24;4;2;5;1;5;19;0;10;23;3.20670992514515;0;5;1;17;24;1;6;17;1;19;9;0;2;4;6;16;6;2;14;25;2;5;4;17;5;6;9
TRACK:181;172;-1;0;3;5;5;4;0;25;23;-6.280811687159131;5;6;6;5;3;13
TRACK:182;174;-1;5;4;6;1;3;2;5;2;6;6;19;2;5;13;2;15;16;2;6;2;3;16;3;14;6;2;5;10;2;17;16;4;2;1;0;0;6;14;2;11;8;4;1;23;8.39222948838472;19;0;4;6;9;6;0;14;20;4.6326732746204105;2;3;6;4;20;-0.9501722606510349;4;2;1;13;24;3;23;-9.812718709614307
TRACK:183;176;-1;0;3;5;6;3;21;-0.665064149795553;5;0;4;2;6;1;1;1;1;14;11;2;10;8;4;2;14;22;-6.36293038369283;5;2;2;25;12;3;24;4;2;5;1;5;19;0;10;23;3.1273113435422;0;5;1;17;24;1;6;8;1;19;9;4;5;2;4;1;0;4;14;2;22;-6.361589185989114;20;-2.810957815444867;6;1;20;3.257797124866284;17;6;3;3;0;11;22;-1.6925627785481827
TRACK:184;178;-1;0;3;5;3;5;3;3;2;0;3;7;0.20040569912285192;5;21;-5.929907704473215;3;6;9;5;0;4;2;6;1;4;15;5;2;2;25;12;3;24;4;2;5;1;5;19;0;10;23;2.9545874913381796;0;5;1;17;24;1;6;17;1;19;9;4;5;2;4;1;0;23;2.825071458955557;20;4.58601083788576;6;1;20;3.0915260841137115;17;1;1;14;11;2;10;5;12
TRACK:185;171;-1;0;0;4;3;6;4;1;17;23;8.163299699475395;3;6;6;2;6;9;3;24;5;0;4;2;6;1;1;1;1;14;11;19;4;2;8;22;-6.217117178276265;5;2;2;25;12;3;24;4;2;5;1;5;19;0;10;23;3.053195597163492;0;5;1;17;24;1;6;17;1;19;9;4;5;2;4;1;0;23;3.0067694006462578;2;22;-6.56870640540124;20;-2.7061348672542995;6;1;20;3.1511399660833948;17;6;3;3;6;23;-9.19990853824348
TRACK:186;173;-1;5;0;6;3;2;1;3;5;1;0;11;9;6;10;3;5;1;0;13;22;-1.8748858130713044;1;8;10;4;4;5;6;6;21;-1.4679942418399454;2;0;5;6;2;1;0;3;8;3;23;1.005622022619167;4;0;11;22;-1.491108086288831;0;0;0;12;24;5;7;-0.6217920126010006;2;3;8;2;22;-7.6295909010586715;23;5.550058430888026;2;6;0;2;6;0;12;11;0;5;23;3.075912232685596;6;14;5;6;2;22;-2.7536093781601965;17;5;2;6;0;16;16;6;2;6;12;5;20;4.901528329340632;1;1;0;3;4;6;0;23;-6.390467958554851;11;0;1;5;2;16;25;4;5;25;0;3;4;23;7.170743096870492;5;3;16;3;6;6;5;3;13;2;3;0;3;3;7;-0.19760877213439748;5;0;0;13;10;0;8;8;4;4;6;3;0;13;21;4.977143799760837
TRACK:187;175;-1;5;0;6;3;2;1;3;5;1;0;11;9;6;10;3;5;1;0;13;22;-1.7213002956178043;1;8;10;4;4;5;6;6;21;-1.401132418098978;2;0;5;6;2;1;0;3;8;3;23;1.002695752755288;4;0;11;22;-1.7142628482920526;0;0;0;12;24;5;7;-0.9196940078021314;2;3;8;2;22;-7.819053694466655;23;5.365487803990652;2;6;0;2;6;0;12;11;0;5;19;6;14;5;6;2;22;-2.937660950399099;17;5;2;6;2;1;23;6.9135565744288465;10;4;19;6;2;6;12;5;20;5.085262137787831;1;1;0;3;4;6;0;23;-6.209931561041586;11;0;1;5;2;14;25;4;5;25;0;3;4;23;7.36574436885966;5;3;16;3;6;6;5;3;13;5;15
TRACK:188;177;-1;5;0;6;3;2;1;3;5;1;0;11;9;6;10;3;5;1;0;13;24;1;8;10;4;4;5;6;6;21;-1.3855916162062623;2;0;5;6;2;1;0;3;8;3;23;1.0894989751814756;4;0;11;22;-1.6511844981044388;0;0;0;12;24;5;7;-0.6277838495126923;2;3;8;2;22;-7.479564403845654;23;5.397050081330041;2;6;0;2;6;0;12;11;0;5;23;3.009536522751872;6;14;5;6;2;22;-2.9393321239857784;17;5;2;6;2;1;23;7.135997379718046;10;4;19;6;2;6;12;5;20;5.1132556886189064;1;1;0;3;4;6;0;23;-6.458583487675789;11;0;1;5;2;16;25;4;5;22;-6.428296951613297;0;3;4;23;7.109449051872508;5;3;16;3;6;6;5;3;13;2;3;0;3;3;7;-0.1401455961196043;5;0;0;13;10;0;8;8;4;4;6;3;0;13;21;5.095888788058842
TRACK:189;179;-1;5;4;6;1;3;2;5;2;6;6;19;2;5;13;2;15;16;2;6;2;3;16;3;14;6;3;8;4;2;1;0;0;6;14;2;11;8;4;1;23;8.265027701630558;23;3.1387539757170937;0;4;6;9;6;0;14;20;4.663210138463112;14
EVAL_INSTANCE:9:0:180
EVAL_INSTANCE:9:1:181
EVAL_INSTANCE:9:2:182
EVAL_INSTANCE:9:3:183
EVAL_INSTANCE:9:4:184
EVAL_INSTANCE:9:5:185
EVAL_INSTANCE:9:6:186
EVAL_INSTANCE:9:7:187
EVAL_INSTANCE:9:8:188
EVAL_INSTANCE:9:9:189
RUN_RESULT:9:0:0:47:DDDDL
RUN_RESULT:9:1:0:48:DDDDL
RUN_RESULT:9:2:0:47:DDDDL
RUN_RESULT:9:3:0:132:DDDLD
RUN_RESULT:9:4:0:5:DDDDL
RUN_RESULT:9:5:0:49:DDDDL
RUN_RESULT:9:6:0:5:DDLDD
RUN_RESULT:9:7:0:5:DDLDD
RUN_RESULT:9:8:0:5:DDLDD
RUN_RESULT:9:9:0:48:DDDDL
    10 |      100 | -3.995000E+03 | -3.995000E+03
TRACK:190;21;5;0;3;5;3;5;3;3;2;0;3;7;0.1250516762487026;5;21;-6.16660010103744;3;6;9;5;0;4;2;6;1;1;1;1;14;11;19;4;2;14;22;-6.556741827975607;5;2;2;25;12;3;24;4;2;5;1;5;20;4.972132122471155;0;10;23;3.2088845905508068;0;5;1;17;24;1;6;17;1;19;9;4;5;2;4;1;0;4;14;2;22;-6.47527322256065;20;-2.8094452007416626;6;1;20;3.1125609887709653;17;6;3;3;6;23;-9.200662834279079
TRACK:191;21;5;5;0;6;3;2;1;3;5;1;0;11;9;6;10;3;5;1;0;13;22;-1.776690752152918;1;8;10;4;4;5;6;6;21;-1.3552564003328165;2;0;5;6;2;1;0;3;8;3;23;0.9843969310954765;4;0;11;22;-1.6097501371310408;0;0;0;12;24;5;7;-0.8734371809778114;2;3;8;2;22;-7.63439171048967;23;5.3289200129911904;2;6;0;2;6;0;12;11;0;5;19;6;14;5;6;2;22;-2.9838119338973312;17;5;2;6;2;1;23;6.899763175241485;10;4;19;6;2;6;12;5;20;4.972132122471155;1;1;0;3;4;6;0;23;-6.233772815474166;11;4;1;0;4;14;2;22;-6.47527322256065;20;-2.8094452007416626;6;1;20;3.1125609887709653;17;3;6;6;5;3;13;2;3;0;3;3;1;14;21;5.887662033384647;5;0;0;13;10;0;8;8;4;4;6;3;0;13;21;5.27952950480185
TRACK:192;7;41;0;3;5;3;5;3;3;2;0;3;7;-0.037195022822722024;5;21;-6.049575580977795;3;0;10;23;3.104538931038759;5;0;4;2;6;1;1;1;1;14;11;2;10;8;4;2;14;22;-6.436264819959636;5;2;2;25;12;3;24;4;2;5;1;5;19;0;10;23;3.047987567890118;0;5;1;17;24;1;6;8;1;19;9;4;5;2;4;1;0;4;14;2;22;-6.445843039300245;20;-2.881118516765806;6;1;20;3.177743513240756;17;6;3;3;6;23;-9.27061476339148
TRACK:193;7;41;0;3;5;3;5;3;3;2;0;3;7;0.08733693517832627;5;21;-6.053121778427924;3;6;22;-6.445843039300245;5;0;4;2;6;1;1;1;1;14;11;19;4;2;8;22;-6.407140304219262;5;2;2;25;12;3;24;4;2;5;1;5;19;0;10;23;3.104538931038759;0;5;1;17;24;1;6;17;1;19;9;4;5;2;4;1;0;23;2.998443347069868;2;22;-6.280854492421315;20;-2.6955215646923145;6;1;20;3.1799586935583886;17;6;3;3;6;23;-9.164804447998371
TRACK:194;60;62;0;3;5;3;5;3;3;2;0;3;7;0.12769455574650615;5;21;-5.863238492855904;3;6;9;5;0;4;2;6;1;1;1;1;14;11;2;10;8;4;14;5;2;2;25;12;3;24;4;2;2;16;15;0;23;2.843176625766363;2;22;-6.393109853950404;20;-2.596854265357294;4;5;2;4;1;0;4;14;2;22;-6.409795628896997;20;-2.960845413596219;6;1;20;3.31708989248417;17;6;3;3;6;23;-9.332708648542921
TRACK:195;60;62;0;3;5;3;5;3;3;2;0;3;7;0.15810932578542508;5;21;-5.909043129344501;3;6;9;5;0;4;2;6;1;4;15;5;2;2;25;12;3;24;4;2;5;1;5;19;0;10;23;2.967630013193917;0;5;1;17;24;1;6;17;1;19;9;4;5;2;4;1;0;6;23;-9.332708648542921;2;22;-6.393109853950404;20;-2.596854265357294;6;1;20;3.1640581286333176;17;1;1;14;11;2;10;8
TRACK:196;45;21;5;0;6;3;2;1;3;5;1;0;11;9;6;10;3;5;1;0;13;22;-1.7238513423683308;1;8;10;4;4;5;6;6;21;-1.5382287012804996;2;0;5;6;2;1;0;3;8;3;23;0.8657312542301397;4;0;11;22;-1.515539572059774;0;0;0;12;24;5;7;-0.736110818616831;2;3;8;2;22;-7.467916008822898;23;5.386574444675027;2;6;0;2;6;0;12;11;0;5;23;2.982480627659341;6;14;5;6;2;22;-2.85048457164339;17;5;2;6;2;1;23;6.977220899580199;10;4;19;6;2;6;12;5;20;4.868576197764327;1;1;0;3;4;6;0;23;-6.277296625150852;11;0;1;5;2;16;25;4;5;25;0;3;4;17;5;3;16;3;6;6;5;3;13;2;3;0;3;3;7;-0.16662075280292205;5;0;0;13;10;0;8;8;4;2;6;9;5;22;-4.800364010064612
TRACK:197;45;21;0;3;5;3;5;3;3;2;0;3;7;0.1250516762487026;5;21;-6.16660010103744;3;6;9;5;0;4;2;6;1;1;1;1;14;11;19;4;2;14;22;-6.556741827975607;5;2;2;25;12;3;24;4;2;5;1;5;19;0;10;23;3.2088845905508068;0;5;1;17;24;1;6;17;1;19;9;4;5;2;4;0;3;8;3;23;0.8657312542301397;6;3;3;6;23;-9.200662834279079
TRACK:198;41;60;0;3;5;3;5;3;3;6;9;5;0;4;2;6;1;1;1;1;14;11;19;4;2;8;22;-6.407140304219262;5;2;2;25;12;3;24;4;2;5;1;5;19;0;10;23;3.104538931038759;0;5;1;17;24;1;6;17;1;19;9;4;5;2;4;1;0;23;2.998443347069868;2;22;-6.280854492421315;20;-2.6955215646923145;6;1;20;3.1799586935583886;17;6;3;3;6;23;-9.164804447998371
TRACK:199;41;60;0;3;5;3;5;3;3;2;0;3;7;0.12769455574650615;5;21;-5.863238492855904;3;6;9;5;0;4;2;6;1;1;1;1;14;11;2;10;8;4;14;5;2;2;25;12;3;24;4;2;2;16;15;0;5;1;17;24;1;6;8;1;19;9;4;5;2;4;1;0;4;14;2;22;-6.409795628896997;20;-2.960845413596219;6;1;20;3.31708989248417;17;6;3;3;6;23;-9.332708648542921
TRACK:200;190;-1;0;3;5;3;5;3;3;2;0;3;7;0.3838319078286738;5;21;-6.101755916447828;3;6;9;5;0;4;2;6;1;1;1;1;14;11;19;4;2;14;22;-6.576715319495634;5;2;2;25;12;3;24;4;2;5;1;5;20;4.949602337313749;2;13;17;0;5;1;17;24;1;6;17;1;19;9;4;5;2;4;1;0;4;14;2;22;-6.606452801639586;20;-2.7889149902246744;6;1;20;3.290701753796889;17;6;3;3;6;23;-9.266865011034469
TRACK:201;192;-1;0;3;0;1;4;2;3;5;12;2;6;24;4;7;3.793848012101508;0;4;6;0;16;20;-2.361309781722958;1;4;3;14;4;1;21;-6.393805739238005;16;2;3;1;3;3;25;2;6;23;-5.189205515797688;2;19;7;0.6124365248657053;1;4;5;5;20;2.9397473834131898;3;5;0;15;23;4.126073810991455;5;0;4;2;6;1;1;1;1;14;11;2;10;8;4;2;14;22;-6.595925315562081;5;2;2;25;12;3;24;4;2;5;1;5;19;0;10;23;2.844869320113496;0;5;1;17;24;1;6;8;1;19;9;4;5;2;4;1;0;4;14;2;22;-6.433343985894631;20;-2.845513412338185;6;1;20;3.227611797411318;17;6;3;3;6;23;-9.348809929832406
TRACK:202;194;-1;0;3;5;3;5;3;3;2;0;3;7;0.14997792694982515;5;21;-5.783416356847824;3;6;9;5;0;4;2;6;1;1;1;1;14;11;2;10;8;4;14;5;2;2;25;12;3;24;4;2;2;16;15;0;23;2.8799639013032334;2;22;-6.517290651252886;20;-2.532418187616013;4;5;2;4;1;0;4;14;2;22;-6.463719465049284;20;-2.9493626721181023;6;1;20;3.4330302808654714;17;6;3;3;0;17;10
TRACK:203;45;-1;5;0;6;3;2;1;3;5;1;0;11;9;6;10;3;5;1;0;13;22;-1.5390197601890057;1;8;10;4;4;5;6;6;21;-1.4371475103964488;2;0;5;6;2;1;0;3;8;3;23;0.9331683373882722;4;0;11;22;-1.5885668169136535;0;0;0;12;24;5;7;-0.7180063603273016;2;3;8;2;22;-7.741475727969304;23;5.428670711787553;2;6;0;2;6;0;12;11;0;5;23;2.9431121386113643;6;14;5;6;2;22;-2.8578294809094587;17;5;2;6;6;3;12;6;2;6;12;5;20;4.94960961034076;1;1;0;3;4;6;0;23;-6.2000638132514325;11;0;1;5;2;16;25;4;5;25;0;3;4;23;7.343745501377402;5;3;16;3;6;6;5;3;13;2;3;0;3;3;7;-0.07658973914537513;5;0;0;13;10;0;8;8;4;2;6;9;5;22;-4.982280424103102
TRACK:204;198;-1;0;3;5;3;5;1;5;1;3;13;3;24;5;3;2;22;-2.984583895327953;13;5;0;4;2;6;1;1;1;1;14;11;19;4;2;8;22;-6.537853161379091;5;2;2;25;12;3;24;4;2;5;1;5;19;0;10;23;3.1159413606013433;0;5;1;17;24;1;6;17;1;19;9;4;5;2;4;1;0;23;3.058384225913814;2;22;-6.17055936514933;20;-2.671876403564523;6;1;20;3.1836374177664037;17;6;3;3;6;23;-8.970299053535923
TRACK:205;191;-1;5;0;6;3;2;1;3;5;1;0;11;9;6;10;3;5;1;0;13;22;-1.785591033443784;1;8;10;4;4;5;6;0;19;11;2;0;5;6;2;1;0;3;8;3;23;1.1074678884719422;4;0;11;22;-1.613046153887299;0;0;0;12;24;5;7;-0.7362989485628246;2;3;8;2;22;-7.740375328867607;23;5.440990972721435;2;6;0;2;6;0;12;11;0;5;19;6;14;5;6;2;22;-2.9936105896167984;17;5;2;6;2;1;23;7.05552194867313;10;4;19;6;2;6;12;5;20;4.988180583853112;1;1;0;3;4;6;0;23;-6.219317678066049;11;4;1;0;4;14;2;22;-6.166032559474097;20;-2.8693016527477027;6;1;20;3.1360410041844946;17;3;6;6;5;3;13;2;3;0;3;3;1;14;21;5.9443678941574865;5;0;0;13;10;0;8;8;4;4;6;3;0;13;21;5.260942877685575
TRACK:206;193;-1;0;3;5;3;5;3;3;2;0;3;7;0.10455007133446995;5;21;-6.046325564929559;3;6;22;-6.512162909279179;5;0;4;2;6;1;1;1;1;14;22;-4.068865503256529;19;4;2;8;22;-6.370022831831321;5;2;2;25;12;3;24;4;2;5;1;5;19;0;10;23;3.0468431796363924;0;5;1;17;24;1;6;17;1;19;9;4;5;2;4;1;0;23;3.0481348830437787;2;22;-6.305168127163795;20;-2.7715850614031075;6;1;20;3.1176978052137923;17;6;3;3;6;23;-9.196553178311383
TRACK:207;195;-1;0;3;5;3;5;3;3;2;0;3;7;0.19901976556728657;5;21;-5.877286686397309;3;6;9;5;0;4;2;6;1;4;15;5;2;2;25;12;3;24;4;2;5;1;5;19;0;10;23;3.1959287128993963;0;5;1;17;24;1;6;17;4;21;-5.536435551342567;4;5;2;4;1;0;6;23;-9.470599603058965;2;22;-6.340877085145754;20;-2.477137577009037;6;1;20;3.2125520279779067;17;1;1;14;11;2;10;8
TRACK:208;21;-1;0;3;5;3;5;3;3;2;0;3;7;0.02900648255273082;5;21;-6.220512907746292;3;6;9;5;0;4;2;6;1;1;1;1;14;11;19;2;14;21;3.0128424149484605;5;2;2;25;12;3;24;4;2;5;1;5;19;0;10;23;3.365627395941197;0;5;1;17;24;1;6;17;1;19;9;4;5;2;4;1;0;4;14;2;22;-6.299829777951205;20;-2.8117542260669826;6;1;20;2.8575468097531194;17;6;3;3;6;23;-9.159242284950802
TRACK:209;199;-1;0;3;5;3;5;3;3;2;0;3;7;0.24071359274179518;5;21;-5.85346230388769;3;6;9;5;0;4;2;6;1;1;1;1;14;11;2;10;8;4;14;5;2;2;25;12;3;24;4;2;2;16;15;0;5;1;17;24;1;6;8;1;19;9;4;5;2;4;1;0;4;14;2;19;20;-2.952064585547018;6;1;20;3.3251806188727846;17;6;3;3;6;23;-9.432687658941738
EVAL_INSTANCE:10:0:200
EVAL_INSTANCE:10:1:201
EVAL_INSTANCE:10:2:202
EVAL_INSTANCE:10:3:203
EVAL_INSTANCE:10:4:204
EVAL_INSTANCE:10:5:205
EVAL_INSTANCE:10:6:206
EVAL_INSTANCE:10:7:207
EVAL_INSTANCE:10:8:208
EVAL_INSTANCE:10:9:209
RUN_RESULT:10:0:0:5:DDDDL
RUN_RESULT:10:1:0:49:DDDDL
RUN_RESULT:10:2:0:5:DDDDL
RUN_RESULT:10:3:0:5:DDLDD
RUN_RESULT:10:4:0:48:DDDDL
RUN_RESULT:10:5:0:337:RDRRRRDLLLDLLLD
RUN_RESULT:10:6:0:188:LDDDD
RUN_RESULT:10:7:0:5:DDDDL
RUN_RESULT:10:8:0:5:DDDDL
RUN_RESULT:10:9:0:5:DDDDL
    11 |      110 | -3.995000E+03 | -3.995000E+03
TRACK:210;21;45;0;3;5;3;5;3;3;2;0;3;7;0.1250516762487026;5;21;-6.16660010103744;3;6;9;5;0;4;2;6;1;1;1;1;14;11;19;4;2;14;22;-6.556741827975607;5;2;2;25;12;3;24;4;2;5;1;5;19;0;10;11;0;5;1;17;24;1;6;17;1;19;9;4;5;2;4;1;0;4;14;2;22;-6.47527322256065;20;-2.8094452007416626;6;1;20;3.1125609887709653;17;6;3;3;6;23;-9.200662834279079
TRACK:211;21;45;5;0;6;3;2;1;3;5;1;1;19;9;6;10;3;5;1;0;13;22;-1.7238513423683308;1;8;10;4;4;5;6;6;21;-1.5382287012804996;2;0;5;6;2;1;0;3;8;3;23;0.8657312542301397;4;0;11;22;-1.515539572059774;0;0;0;12;24;5;7;-0.736110818616831;2;3;8;2;22;-7.467916008822898;23;5.386574444675027;2;6;0;2;6;0;12;11;0;5;23;2.982480627659341;6;14;5;6;2;22;-2.85048457164339;17;5;2;6;2;1;23;6.977220899580199;10;4;19;6;2;6;12;5;20;4.868576197764327;1;1;0;3;4;6;0;23;-6.277296625150852;11;0;1;5;2;16;25;4;5;25;0;3;4;23;7.314890718851303;5;3;16;3;6;6;5;3;13;2;3;0;3;3;7;-0.16662075280292205;5;0;0;13;10;0;8;8;4;2;6;9;5;22;-4.800364010064612
TRACK:212;0;41;5;4;6;1;3;2;5;2;6;6;19;2;5;13;2;15;16;2;6;2;3;16;3;14;6;2;5;10;2;17;16;4;2;1;0;0;17;2;11;21;7.66471523468303;4;1;23;8.335283213149928;19;0;4;6;9;6;0;14;20;4.816201160030245;2;3;6;4;20;-0.875651314779688;4;2;1;13;24;3;7;-7.41881561049333
TRACK:213;0;41;0;3;5;3;5;3;3;2;0;3;7;0.08733693517832627;5;21;-6.053121778427924;3;6;9;5;0;4;2;6;1;1;1;1;16;11;19;4;2;8;22;-6.407140304219262;5;2;2;25;12;3;24;4;2;5;1;5;19;0;10;23;3.104538931038759;0;5;1;17;24;1;6;17;1;19;9;4;5;2;4;1;0;23;2.998443347069868;2;22;-6.280854492421315;20;-2.6955215646923145;6;1;20;3.1799586935583886;17;6;3;3;6;23;-9.164804447998371
TRACK:214;62;5;0;3;5;3;5;3;3;2;0;3;7;0.15810932578542508;5;21;-5.909043129344501;3;6;9;5;0;4;2;6;1;4;15;5;2;2;25;12;3;24;4;2;5;1;5;19;0;10;23;2.967630013193917;0;5;1;17;24;1;6;17;1;19;9;4;5;1;3;5;1;0;11;9;6;10;3;5;1;0;13;22;-1.776690752152918;1;8;10
TRACK:215;62;5;5;0;6;3;2;1;3;5;1;0;11;9;6;10;3;5;1;0;13;22;-1.776690752152918;1;8;10;4;4;5;6;6;21;-1.3552564003328165;2;0;5;6;2;1;0;3;8;3;23;0.9843969310954765;4;0;11;22;-1.6097501371310408;0;0;0;12;24;5;7;-0.8734371809778114;2;3;8;2;22;-7.63439171048967;23;5.3289200129911904;2;6;0;2;6;0;12;11;0;5;19;6;14;5;6;2;22;-2.9838119338973312;17;5;2;6;2;1;23;6.899763175241485;10;4;19;6;2;6;12;5;20;4.972132122471155;1;1;0;3;4;6;0;23;-6.233772815474166;11;0;1;5;2;16;25;4;5;25;0;3;4;23;7.525326747278829;5;3;16;3;1;19;9;2;3;0;3;3;1;14;21;5.887662033384647;5;0;0;13;10;0;8;8;4;4;6;3;0;13;21;5.27952950480185
TRACK:216;45;24;5;0;6;3;2;1;3;5;1;0;11;9;6;10;3;5;1;0;13;22;-1.7238513423683308;1;8;10;4;4;5;6;6;21;-1.5382287012804996;2;0;5;6;2;1;0;3;8;3;23;0.8657312542301397;4;0;11;22;-1.515539572059774;0;0;0;12;24;5;7;-0.736110818616831;2;3;8;2;22;-7.467916008822898;23;5.386574444675027;2;6;0;2;6;0;12;11;0;5;23;2.982480627659341;6;14;5;6;2;22;-2.85048457164339;17;5;2;6;2;22;-1.8214901747798176;4;19;6;2;6;12;5;20;4.868576197764327;1;1;0;3;4;6;0;23;-6.277296625150852;11;0;1;5;2;16;25;4;5;25;0;3;4;23;7.314890718851303;5;3;16;3;6;6;5;3;13;2;3;0;3;3;7;-0.16662075280292205;5;0;0;13;10;0;8;8;4;2;6;9;5;22;-4.800364010064612
TRACK:217;45;24;5;0;6;3;2;1;3;5;1;0;11;9;6;10;3;5;1;0;13;22;-1.8214901747798176;1;8;10;4;4;5;6;6;21;-1.3772404955824655;2;0;5;6;2;1;0;3;8;3;23;0.9989943793733471;4;0;11;22;-1.6600287412886947;0;0;0;12;24;5;7;-0.6658219272995152;2;3;8;2;22;-7.5889359925769595;23;5.407504659572383;2;6;5;23;2.982480627659341;5;2;6;2;1;23;6.955361850200662;10;4;19;6;2;6;12;5;20;5.01878144688431;1;1;0;3;4;6;0;23;-6.316170626678112;11;0;1;5;2;16;25;4;5;25;0;3;4;23;7.261793314568906;5;3;16;3;6;6;5;3;13;2;3;0;3;3;7;-0.1854246667067484;5;0;0;13;10;0;8;8;4;4;6;3;0;13;21;5.167891715360819
TRACK:218;27;60;5;4;6;1;3;2;5;2;6;6;19;4;14;2;6;2;3;16;3;14;6;3;8;4;2;1;0;0;6;14;2;11;21;7.622414779569789;4;1;23;8.244000983309077;19;0;4;6;9;6;0;14;20;4.728525988233077;14
TRACK:219;27;60;0;3;5;3;5;3;3;2;0;3;7;0.12769455574650615;5;21;-5.863238492855904;3;6;9;5;0;4;2;6;1;1;1;1;14;11;2;10;8;4;14;5;2;2;25;12;3;24;4;2;2;16;15;0;5;1;17;24;1;6;8;1;19;9;4;5;2;4;0;14;20;4.728525988233077;6;3;3;6;23;-9.332708648542921
TRACK:220;210;-1;0;3;5;3;5;3;3;2;0;3;7;0.3013083135205865;5;21;-7.542617036824762;3;6;9;5;0;4;2;6;1;1;1;1;14;11;19;4;2;14;22;-6.680647163496016;5;2;2;25;12;3;24;4;2;5;1;5;19;0;10;11;0;5;1;17;24;1;6;17;1;19;9;4;5;2;4;1;0;4;14;2;22;-6.644875670920884;20;-2.719713323959929;6;1;20;3.154855793796413;17;6;3;3;6;23;-9.1159358112086
TRACK:221;212;-1;5;4;6;1;3;2;5;2;6;6;19;2;5;13;2;15;16;2;6;2;3;16;3;14;6;2;5;10;4;24;4;2;1;0;0;17;2;11;21;7.567805924956192;4;1;23;8.297968245178327;19;0;4;6;9;6;0;14;20;4.812307568250482;2;3;6;4;20;-0.7772916845318228;4;2;1;13;24;3;7;-7.2713046348570725
TRACK:222;214;-1;0;3;5;3;5;3;3;2;0;3;7;0.3011744262840189;5;21;-5.844707536658944;3;6;9;5;0;4;2;6;1;4;15;5;2;2;25;12;4;21;-9.241091876935638;4;2;5;1;5;19;0;10;23;2.8012283051985465;0;5;1;17;24;1;6;17;1;19;9;4;5;1;3;5;1;0;11;9;6;10;3;5;1;0;13;22;-1.719742811426824;1;8;10
TRACK:223;216;-1;5;0;6;3;2;1;3;5;1;0;11;9;6;10;3;5;1;0;13;22;-1.8109592383410376;1;8;10;4;4;5;6;6;21;-1.4959535306372918;2;0;5;6;2;1;0;3;8;3;23;0.8298853825979638;4;0;11;22;-1.564877184000129;0;0;0;12;24;5;7;-0.5747664219908962;2;3;8;2;22;-7.377899827123652;23;5.350653103785031;2;6;0;2;6;0;12;11;0;5;23;2.955409467689412;6;14;5;6;2;22;-2.845326795640141;17;5;2;1;10;13;6;2;6;12;5;20;4.829905523071024;1;1;0;3;4;6;0;23;-6.324868726416102;11;0;1;5;2;16;25;4;5;25;0;3;4;23;7.345110104823349;5;3;16;3;6;6;5;3;13;2;3;0;3;3;7;-0.25680539690115495;5;0;0;13;10;0;8;8;4;2;6;9;5;22;-4.711834831321867
TRACK:224;218;-1;5;4;6;1;3;2;5;2;6;6;19;4;14;2;6;2;3;16;5;22;9.807129928776288;6;3;8;4;2;1;0;0;6;14;2;11;21;7.72193847483896;4;1;23;8.342641362580489;19;0;4;6;9;6;0;14;20;4.620247412920964;14
TRACK:225;211;-1;5;0;6;3;2;1;3;5;1;1;19;9;6;10;3;5;1;0;13;22;-1.7966170530911159;1;8;10;4;4;5;6;6;21;-1.5698990491630975;2;0;5;6;2;1;0;3;8;3;23;0.6670656748483;4;0;11;22;-1.6089567286215185;0;0;0;12;24;5;7;-0.7189120456031765;2;3;8;2;22;-7.254679115325275;23;5.312781669962026;2;6;0;2;6;0;12;11;0;5;23;2.8355117899308264;6;14;5;6;2;22;-2.9341865389165256;17;5;2;6;2;4;10;4;19;6;2;6;12;5;20;4.8110276601144895;1;1;0;3;4;6;0;23;-6.267190574931493;11;0;1;5;2;16;25;4;5;25;0;3;4;23;7.39927794227571;5;3;16;3;6;6;5;3;13;2;3;0;3;3;7;-0.16873732345298997;5;0;0;13;10;0;8;8;4;2;6;9;5;22;-4.695848538651196
TRACK:226;213;-1;0;3;5;3;5;3;3;2;0;3;7;-0.0745159203336459;5;21;-6.194704068493043;3;6;9;5;0;4;2;6;1;1;1;1;16;11;19;4;2;8;22;-6.2573624396091345;5;2;2;25;12;3;24;4;2;5;1;5;19;0;10;23;3.3963853935589254;0;5;1;17;24;1;6;17;1;19;20;8.84733130195929;4;5;2;4;1;0;23;2.839978527647383;2;22;-6.289303174156839;20;-2.794263041603706;6;1;20;3.358423004751022;17;6;3;3;6;23;-9.114412167482797
TRACK:227;215;-1;5;0;6;3;2;1;3;5;1;0;11;9;6;10;3;5;1;0;13;22;-1.9274407581111193;1;8;10;4;4;5;6;6;21;-1.3788639402450529;2;0;5;6;2;1;0;3;8;3;23;0.9904311819063188;4;0;11;22;-1.6787117518899692;0;0;0;12;24;5;7;-0.8292965999520121;2;3;8;2;22;-7.691491393430278;23;5.430038482135503;2;6;0;2;6;0;12;11;0;5;19;6;14;5;6;2;22;-2.851764063608231;17;5;2;6;2;1;23;6.879378335401513;10;4;19;6;2;6;12;5;20;5.098881905047105;1;1;0;3;4;6;0;23;-6.213041757953401;11;0;1;5;2;16;25;4;5;25;0;3;4;23;7.427019869873836;5;3;16;3;1;19;9;2;3;0;3;3;1;14;21;5.8900763522590855;5;0;0;13;10;5;25;4;4;6;3;0;13;21;5.180274984392007
TRACK:228;217;-1;5;0;6;3;2;1;3;5;1;0;11;9;6;10;3;5;1;0;13;22;-1.7508954654134137;1;8;10;4;4;5;6;6;21;-1.4518667552822784;2;0;5;6;2;1;0;3;8;3;23;1.0953348514514798;4;0;11;22;-1.602733524877206;0;0;1;15;8;5;7;-0.7474859028281151;2;3;8;2;22;-7.599731197123109;23;5.428901604607366;2;6;5;23;2.9403253050107763;5;2;6;2;1;23;6.898517898724852;10;4;19;6;2;6;12;5;20;5.010894072253512;1;1;0;3;4;6;0;23;-6.250266224714502;11;0;1;5;2;16;25;4;5;25;0;3;4;23;7.2991722344043275;5;3;16;3;6;6;5;3;13;2;3;0;3;3;7;-0.23499639649701856;5;0;0;13;10;0;8;8;4;4;6;3;0;13;21;5.149114715434364
TRACK:229;219;-1;0;3;5;3;5;3;3;2;0;3;7;0.13756711206086256;5;21;-5.795094223615408;3;6;9;5;0;4;2;6;1;1;1;1;14;11;2;10;8;4;14;5;2;2;25;12;3;24;4;2;2;16;15;0;5;1;17;24;1;6;8;1;19;9;4;5;2;4;0;14;20;4.758955237247587;3;5;5;5;24
EVAL_INSTANCE:11:0:220
EVAL_INSTANCE:11:1:221
EVAL_INSTANCE:11:2:222
EVAL_INSTANCE:11:3:223
EVAL_INSTANCE:11:4:224
EVAL_INSTANCE:11:5:225
EVAL_INSTANCE:11:6:226
EVAL_INSTANCE:11:7:227
EVAL_INSTANCE:11:8:228
EVAL_INSTANCE:11:9:229
RUN_RESULT:11:0:0:5:DDDDL
RUN_RESULT:11:1:0:5:DDDDL
RUN_RESULT:11:2:0:5:DDLDD
RUN_RESULT:11:3:0:5:DDLDD
RUN_RESULT:11:4:0:5:LDDDD
RUN_RESULT:11:5:0:5:DDLDD
RUN_RESULT:11:6:0:5:DDDDL
RUN_RESULT:11:7:0:5:DDLDD
RUN_RESULT:11:8:0:5:LDDDD
RUN_RESULT:11:9:0:5:DDDDL
    12 |      120 | -3.995000E+03 | -3.995000E+03
TRACK:230;7;45;0;3;5;3;5;3;3;2;0;3;7;-0.037195022822722024;5;21;-6.049575580977795;3;6;9;5;0;4;5;25;4;5;2;4;1;0;4;14;2;22;-6.445843039300245;20;-2.881118516765806;6;1;20;3.177743513240756;17;6;3;3;6;23;-9.27061476339148
TRACK:231;7;45;5;0;6;3;2;1;3;5;1;0;11;9;6;10;3;5;1;0;13;22;-1.7238513423683308;1;8;10;4;4;5;6;6;21;-1.5382287012804996;2;0;5;6;2;1;0;3;8;3;23;0.8657312542301397;4;5;19;0;0;0;12;24;5;7;-0.736110818616831;2;3;8;2;22;-7.467916008822898;23;5.386574444675027;2;6;0;2;6;0;12;11;0;5;23;2.982480627659341;6;14;5;6;2;22;-2.85048457164339;17;5;2;6;2;1;23;6.977220899580199;10;4;19;6;2;6;12;5;20;4.868576197764327;1;1;0;3;4;6;0;23;-6.277296625150852;11;0;1;5;2;16;25;4;5;25;0;3;4;23;7.314890718851303;5;3;16;3;6;6;5;3;13;2;3;0;3;3;7;-0.16662075280292205;5;0;0;13;10;0;8;8;4;2;6;9;5;22;-4.800364010064612
TRACK:232;60;27;0;3;5;3;5;3;3;2;0;3;7;0.12769455574650615;5;21;-5.863238492855904;3;6;9;5;0;4;2;6;1;1;1;1;14;11;2;10;8;4;14;5;2;2;25;12;3;24;4;2;2;16;15;0;5;1;17;24;1;6;8;1;19;9;4;5;2;11;21;7.622414779569789
TRACK:233;60;27;5;4;6;1;3;2;5;2;6;6;19;2;5;13;2;15;16;2;6;2;3;16;3;14;6;3;8;4;2;1;0;0;6;14;2;11;21;7.622414779569789;4;1;24;19;0;4;6;9;6;0;14;20;4.728525988233077;14
TRACK:234;0;5;5;4;6;1;3;2;5;2;6;6;19;2;5;13;0;13;10;2;6;2;3;16;3;14;6;2;5;10;2;17;16;4;2;1;0;0;6;14;2;11;21;7.66471523468303;4;1;23;8.335283213149928;19;0;4;6;9;6;0;14;20;4.816201160030245;2;3;6;4;20;-0.875651314779688;4;2;1;13;24;3;7;-7.41881561049333
TRACK:235;0;5;5;0;6;3;2;1;3;5;1;0;11;9;6;10;3;5;1;0;13;22;-1.776690752152918;1;8;10;4;4;5;6;6;21;-1.3552564003328165;2;0;5;6;2;1;0;3;8;3;23;0.9843969310954765;4;0;11;22;-1.6097501371310408;0;0;0;12;24;5;7;-0.8734371809778114;2;3;8;2;22;-7.63439171048967;23;5.3289200129911904;2;6;0;2;6;0;12;11;0;5;19;6;14;5;6;2;22;-2.9838119338973312;17;5;2;6;2;1;23;6.899763175241485;10;4;19;6;2;6;12;5;20;4.972132122471155;1;1;0;3;4;6;0;23;-6.233772815474166;11;0;1;5;2;16;25;4;5;25;0;3;4;23;7.525326747278829;5;3;16;3;6;6;5;3;23;8.335283213149928;2;3;0;3;3;1;14;21;5.887662033384647;5;0;0;13;10;0;8;8;4;4;6;3;0;13;21;5.27952950480185
TRACK:236;0;7;5;4;6;1;3;2;5;2;6;6;19;2;5;13;2;15;16;2;6;2;3;16;3;14;6;2;5;10;2;17;16;4;2;1;0;0;6;25;2;11;21;7.66471523468303;4;1;23;8.335283213149928;19;0;4;6;9;6;0;14;20;4.816201160030245;2;3;6;4;20;-0.875651314779688;4;2;1;13;24;3;7;-7.41881561049333
TRACK:237;0;7;0;3;5;3;5;3;3;3;7;-7.41881561049333;5;0;4;2;6;1;1;1;1;14;11;2;10;8;4;2;14;22;-6.436264819959636;5;2;2;25;12;3;24;4;2;5;1;5;19;0;10;23;3.047987567890118;0;5;1;17;24;1;6;8;1;19;9;4;5;2;4;1;0;4;14;2;22;-6.445843039300245;20;-2.881118516765806;6;1;20;3.177743513240756;17;6;3;3;6;23;-9.27061476339148
TRACK:238;60;24;0;3;5;3;5;3;3;2;0;3;7;0.12769455574650615;5;21;-5.863238492855904;3;6;9;5;0;4;2;6;1;1;1;1;14;11;2;10;8;4;14;5;2;2;25;12;3;24;4;2;2;16;15;0;5;1;17;24;1;6;8;1;19;9;4;5;2;4;1;0;19;2;22;-6.409795628896997;20;-2.960845413596219;6;1;20;3.31708989248417;17;6;3;3;6;23;-9.332708648542921
TRACK:239;60;24;5;0;6;3;2;1;3;5;1;0;11;9;6;10;3;5;1;0;13;22;-1.8214901747798176;1;8;10;4;4;5;6;6;21;-1.3772404955824655;2;0;5;6;2;1;0;3;8;3;23;0.9989943793733471;4;0;11;22;-1.6600287412886947;0;0;0;12;24;5;7;-0.6658219272995152;2;3;8;2;22;-7.5889359925769595;23;5.407504659572383;2;6;0;2;6;0;12;11;0;5;23;3.0763904328337226;6;14;5;6;2;22;-2.8847424019265415;17;5;2;6;2;1;19;10;4;19;6;2;6;12;5;20;5.01878144688431;1;1;0;3;4;6;0;23;-6.316170626678112;11;0;1;5;2;16;25;4;5;25;0;3;4;23;7.261793314568906;5;3;16;3;6;6;5;3;13;2;3;0;3;3;7;-0.1854246667067484;5;0;0;13;10;0;8;8;4;4;6;3;0;13;21;5.167891715360819
TRACK:240;230;-1;0;3;5;3;5;0;4;2;19;17;3;5;9;5;0;4;5;25;4;5;2;4;1;0;4;14;2;22;-6.480950178440331;20;-2.9090559141928347;6;1;20;3.211740135088221;17;6;3;3;6;23;-9.265886283078977
TRACK:241;232;-1;0;3;5;3;5;3;3;2;0;3;7;0.14577646331005178;5;21;-5.774974284134167;3;6;9;5;0;4;2;6;1;1;1;1;14;11;2;10;8;4;14;5;2;2;25;12;3;24;4;2;2;16;15;0;5;1;17;24;1;6;16;1;19;9;4;5;2;11;21;7.721816678246917
TRACK:242;234;-1;5;4;6;1;3;2;2;23;7.765616690153667;10;2;6;2;3;16;3;14;6;2;5;10;2;17;16;4;2;1;0;0;6;14;2;11;21;7.673100069661533;4;1;23;8.442605964661373;19;0;4;6;9;6;0;14;20;5.06738107292664;2;3;6;4;20;-0.8603032826029864;4;2;1;13;24;3;7;-7.444045085162277
TRACK:243;236;-1;5;4;6;1;0;0;11;14;4;7;-9.504827310286537;4;2;1;0;0;6;25;2;11;21;7.8086929087429215;4;1;23;8.42654076531952;19;0;4;6;9;6;0;14;20;4.939879308312407;2;3;6;4;20;-0.9088188017625791;4;2;1;13;24;3;7;-7.38081352321609
TRACK:244;238;-1;0;3;6;0;4;25;5;18;5;0;4;2;6;1;1;1;1;14;11;2;10;8;4;14;5;2;2;25;12;3;24;4;2;2;16;15;0;5;1;17;24;1;6;8;1;19;9;4;5;2;4;1;0;19;2;22;-6.39192186352664;20;-2.8798606556352926;6;1;20;3.3941654287622445;17;6;3;3;6;23;-9.228625558164433
TRACK:245;231;-1;5;0;6;3;2;1;3;5;1;0;11;9;6;10;3;5;1;0;13;22;-1.6899983871083397;1;8;10;4;4;5;6;6;21;-1.5143968683390157;2;0;5;6;2;1;0;3;8;3;23;0.9565069209349611;4;5;19;0;0;0;12;24;5;7;-0.6720522055204656;2;3;8;2;22;-7.371795910496498;23;5.14789610975707;2;6;0;2;6;0;12;11;0;5;23;3.027049659353872;6;14;4;5;4;21;0.5651349029442336;5;2;6;2;1;23;7.097345272682235;10;4;19;6;2;6;12;5;20;4.783907141504399;1;1;0;3;4;6;0;23;-6.260543741590326;11;0;1;5;2;16;25;4;5;25;0;3;4;23;7.248210456948383;5;3;16;3;6;6;5;3;13;2;3;0;3;3;7;-0.27417297682209485;5;0;0;13;10;0;8;8;4;2;6;9;5;22;-4.819974571355871
TRACK:246;233;-1;5;4;6;1;3;2;5;2;6;6;19;2;5;13;2;15;16;2;6;2;3;16;3;14;6;3;8;4;2;1;0;0;6;14;2;11;21;7.529341903482812;4;1;24;19;0;4;6;9;6;0;24;20;4.633052625160756;14
TRACK:247;235;-1;5;0;6;3;2;1;3;5;1;0;11;9;6;10;3;1;24;14;4;4;5;6;6;21;-1.3308598976390962;2;0;5;6;2;1;0;3;8;3;23;0.9881725548328625;4;0;11;22;-1.537326197805978;0;0;0;12;24;5;7;-0.8757141376811413;2;3;8;2;22;-7.718635240400158;23;5.24879585898469;2;6;0;2;6;0;12;11;0;5;19;6;14;5;6;2;22;-2.8680906853477466;17;5;2;6;2;1;23;6.728025317690826;10;4;19;6;2;6;12;5;20;4.9230395856593985;1;1;0;3;4;6;0;23;-6.301924995683051;11;0;1;5;2;16;25;4;5;25;0;3;4;23;7.5566139972078625;5;3;16;3;6;6;5;3;23;8.19612442722024;2;3;0;3;3;1;14;21;6.025436402850228;5;0;0;13;10;0;8;8;4;4;6;3;0;13;21;5.250913200640993
TRACK:248;237;-1;0;3;5;3;5;3;3;3;7;-7.395752664851814;5;0;4;2;6;1;1;1;1;14;11;2;10;8;4;2;14;22;-6.3007891195808785;5;2;2;25;12;3;24;4;2;5;1;5;19;0;10;23;2.9239119088924275;0;5;1;17;24;1;6;8;1;19;9;4;5;2;4;1;0;4;14;2;22;-6.463673302850676;20;-2.756588735722048;6;1;20;3.1312145022589846;17;0;0;6;12;6;14;2;5;18;3;25
TRACK:249;239;-1;5;0;6;3;2;1;3;5;1;0;11;9;6;10;3;5;1;0;13;22;-1.7521936999073233;1;8;10;4;4;5;6;6;16;2;0;5;6;2;1;0;3;8;3;23;1.0946919161089896;4;0;11;22;-1.6739145278480274;0;0;0;12;24;5;7;-0.6860822862055134;2;3;8;2;22;-7.601570314240121;23;5.312834206255198;2;6;0;2;6;0;12;11;0;5;23;2.980415370222909;6;14;5;6;2;22;-3.009809114659334;17;5;2;6;2;1;19;10;4;19;6;2;6;12;5;20;4.9517496353721375;1;1;0;3;4;6;0;23;-6.2979154970794;11;0;1;5;2;16;25;4;5;25;0;3;4;23;7.155893044955122;5;3;16;3;6;6;5;3;13;2;3;0;3;3;7;-0.29552931066732147;5;0;0;13;10;0;8;8;4;4;6;3;0;13;21;5.097685428539503
EVAL_INSTANCE:12:0:240
EVAL_INSTANCE:12:1:241
EVAL_INSTANCE:12:2:242
EVAL_INSTANCE:12:3:243
EVAL_INSTANCE:12:4:244
EVAL_INSTANCE:12:5:245
EVAL_INSTANCE:12:6:246
EVAL_INSTANCE:12:7:247
EVAL_INSTANCE:12:8:248
EVAL_INSTANCE:12:9:249
RUN_RESULT:12:0:0:49:DDDDL
RUN_RESULT:12:1:0:5:DDDDL
RUN_RESULT:12:2:0:5:DDDDL
RUN_RESULT:12:3:0:48:DDDDL
RUN_RESULT:12:4:0:47:DDDDL
RUN_RESULT:12:5:0:7:LDDDD
RUN_RESULT:12:6:0:5:DDDDL
RUN_RESULT:12:7:0:141:DDLDD
RUN_RESULT:12:8:0:49:DDDDL
RUN_RESULT:12:9:0:407:RDRRRRDLLLDLLLD
    13 |      130 | -3.995000E+03 | -3.995000E+03
TRACK:250;0;5;5;4;6;1;3;2;5;2;6;6;19;2;5;13;2;15;16;2;6;2;0;12;11;3;14;6;2;5;10;2;17;16;4;2;1;0;0;6;14;2;11;21;7.66471523468303;4;1;23;8.335283213149928;19;0;4;6;9;6;0;14;20;4.816201160030245;2;3;6;4;20;-0.875651314779688;4;2;1;13;24;3;7;-7.41881561049333
TRACK:251;0;5;5;0;6;3;2;1;3;5;1;0;11;9;6;10;3;5;1;0;13;22;-1.776690752152918;1;8;10;4;4;5;6;6;21;-1.3552564003328165;2;0;5;6;2;1;0;3;8;3;23;0.9843969310954765;4;0;11;22;-1.6097501371310408;0;0;0;12;24;5;7;-0.8734371809778114;2;3;8;2;22;-7.63439171048967;23;5.3289200129911904;2;6;0;2;6;0;12;11;0;5;19;6;14;5;6;2;22;-2.9838119338973312;17;5;2;6;2;1;23;6.899763175241485;10;4;19;6;2;6;12;5;20;4.972132122471155;1;1;0;3;4;6;0;14;20;4.816201160030245;0;1;5;2;16;25;4;5;25;0;3;4;23;7.525326747278829;5;3;16;3;6;6;5;3;13;2;3;0;3;3;1;14;21;5.887662033384647;5;0;0;13;10;0;8;8;4;4;6;3;0;13;21;5.27952950480185
TRACK:252;7;62;0;3;5;3;5;3;3;2;0;3;7;-0.037195022822722024;5;21;-6.049575580977795;3;6;9;5;0;4;2;6;6;9;4;2;5;1;5;19;0;10;23;3.047987567890118;0;5;1;17;24;1;6;8;1;19;9;4;5;2;4;1;0;4;14;2;22;-6.445843039300245;20;-2.881118516765806;6;1;20;3.177743513240756;17;6;3;3;6;23;-9.27061476339148
TRACK:253;7;62;0;3;5;3;5;3;3;2;0;3;7;0.15810932578542508;5;21;-5.909043129344501;3;6;9;5;0;4;2;6;1;4;24;5;2;2;25;12;3;24;4;2;5;1;5;19;0;10;23;2.967630013193917;0;5;1;17;24;1;6;17;1;19;9;4;5;2;4;1;0;23;2.843176625766363;2;22;-6.393109853950404;20;-2.596854265357294;6;1;20;3.1640581286333176;17;1;1;14;11;2;10;8
TRACK:254;45;7;5;0;6;3;2;1;3;5;1;0;11;9;6;10;3;5;1;0;13;22;-1.7238513423683308;1;8;10;4;4;5;6;6;21;-1.5382287012804996;2;0;5;6;2;1;0;3;8;3;23;0.8657312542301397;4;0;11;22;-1.515539572059774;0;0;0;12;24;5;7;-0.736110818616831;2;3;8;2;22;-7.467916008822898;23;5.386574444675027;2;6;0;2;6;0;12;11;0;5;23;2.982480627659341;6;14;5;6;2;22;-2.85048457164339;17;5;2;6;2;1;23;6.977220899580199;10;4;19;6;2;6;12;5;20;4.868576197764327;1;1;0;3;4;6;0;23;-6.277296625150852;11;0;1;5;2;16;25;4;5;25;0;3;4;23;7.314890718851303;5;3;16;3;6;6;5;3;13;2;3;0;3;3;7;-0.16662075280292205;5;0;0;23;-9.27061476339148;10;0;8;8;4;2;6;9;5;22;-4.800364010064612
TRACK:255;45;7;0;3;5;3;5;3;3;2;0;23;-6.277296625150852;5;21;-6.049575580977795;3;6;9;5;0;4;2;6;1;1;1;1;14;11;2;10;8;4;2;14;22;-6.436264819959636;5;2;2;25;12;3;24;4;2;5;1;5;19;0;10;23;3.047987567890118;0;5;1;17;24;1;6;8;1;19;9;4;5;2;4;1;0;4;14;2;22;-6.445843039300245;20;-2.881118516765806;6;1;20;3.177743513240756;17;6;3;3;6;23;-9.27061476339148
TRACK:256;45;27;5;0;6;3;2;1;3;5;1;0;11;9;6;10;3;5;1;0;13;22;-1.7238513423683308;1;8;10;4;4;5;6;6;21;-1.5382287012804996;2;0;5;6;2;1;0;3;8;3;23;0.8657312542301397;4;0;11;22;-1.515539572059774;0;0;0;12;24;5;7;-0.736110818616831;2;3;8;2;22;-7.467916008822898;23;5.386574444675027;2;6;0;2;6;0;12;11;0;5;23;2.982480627659341;6;14;5;6;2;22;-2.85048457164339;17;5;2;6;2;1;23;6.977220899580199;10;4;19;6;2;6;12;5;20;4.868576197764327;1;1;0;3;4;6;0;23;-6.277296625150852;11;0;1;5;2;16;25;4;5;25;0;3;4;23;7.314890718851303;5;3;16;3;6;6;5;3;13;2;13;4;2;6;9;5;22;-4.800364010064612
TRACK:257;45;27;5;4;6;1;3;2;5;2;6;6;19;2;5;13;2;15;16;2;6;2;3;16;3;14;6;3;8;4;2;1;0;0;6;14;2;11;21;7.622414779569789;4;1;23;8.244000983309077;19;0;4;6;9;2;22;-7.467916008822898;23;5.386574444675027;14
TRACK:258;24;21;5;0;6;3;2;1;3;5;1;0;11;9;6;10;3;5;1;0;13;22;-1.8214901747798176;1;8;10;4;4;5;6;6;21;-1.3772404955824655;2;0;5;6;2;1;0;3;8;3;23;0.9989943793733471;4;0;11;22;-1.6600287412886947;0;0;0;12;24;5;7;-0.6658219272995152;2;3;8;2;22;-7.5889359925769595;23;5.407504659572383;2;6;1;0;4;14;2;22;-6.47527322256065;20;-2.8094452007416626;6;1;20;3.1125609887709653;17;5;2;6;2;1;23;6.955361850200662;10;4;19;6;2;6;12;5;20;5.01878144688431;1;1;0;3;4;6;0;23;-6.316170626678112;11;0;1;5;2;16;25;4;5;25;0;3;4;23;7.261793314568906;5;3;16;3;6;6;5;3;13;2;3;0;3;3;7;-0.1854246667067484;5;0;0;13;10;0;8;8;4;4;6;3;0;13;21;5.167891715360819
TRACK:259;24;21;0;3;5;3;5;3;3;2;0;3;7;0.1250516762487026;5;21;-6.16660010103744;3;6;9;5;0;4;2;6;1;1;1;1;14;11;19;4;2;14;22;-6.556741827975607;5;2;2;25;12;3;24;4;2;5;1;5;19;0;10;23;3.2088845905508068;0;10;1;6;17;1;19;9;4;5;2;4;1;0;4;14;2;22;-6.47527322256065;20;-2.8094452007416626;6;1;20;3.1125609887709653;17;6;3;3;6;23;-9.200662834279079
TRACK:260;250;-1;5;4;6;1;3;2;5;2;6;6;19;2;5;13;2;15;16;2;6;2;0;12;11;3;14;6;2;5;10;2;17;16;4;2;1;0;0;6;14;2;11;21;7.7614190764308155;4;1;23;8.349599651883784;19;0;4;6;9;6;0;14;24;2;3;6;4;20;-1.1336806927311573;4;2;1;13;24;3;7;-7.5095749028666905
TRACK:261;252;-1;0;3;5;3;5;3;3;2;0;3;7;-0.04292636445395872;5;21;-6.123707379907831;3;6;9;5;0;4;2;6;6;9;4;2;5;1;5;19;0;10;23;2.848538697653444;0;5;1;17;24;1;6;8;1;19;9;4;5;2;4;1;0;4;14;2;22;-6.429928422600449;20;-2.8761996615622976;6;1;20;3.1688169024663613;17;6;3;3;3;9
TRACK:262;254;-1;5;0;6;3;2;1;3;5;1;0;11;9;6;10;3;5;1;0;13;22;-1.547364699545427;1;8;10;4;4;5;6;6;21;-1.5735002482639933;2;0;5;6;2;1;0;3;8;3;23;0.8067410599464233;4;0;11;22;-1.6094473812235726;0;0;0;12;24;5;7;-0.8667150916276313;2;3;8;2;22;-7.43580120421421;23;5.3308270286577635;2;6;0;2;6;0;12;11;0;5;23;2.900944240982555;6;14;5;6;2;22;-2.9123365678678717;17;5;2;6;2;1;23;6.976004037576998;10;4;19;6;2;6;12;5;20;4.857470335573626;1;1;0;3;4;6;0;23;-6.28638298865127;11;0;1;5;2;16;25;4;5;25;0;3;4;23;7.564992572192584;5;3;16;3;6;6;5;3;13;2;3;2;1;7;-6.625983738215;8;1;11;11;4;2;6;9;5;22;-4.627697920172592
TRACK:263;256;-1;5;0;6;3;2;1;3;5;1;0;11;9;6;10;3;5;1;0;13;22;-1.6464293445578737;1;8;10;4;4;5;6;6;21;-1.5185311349202815;2;0;5;6;2;1;0;3;8;3;23;0.9171341663014028;4;0;11;22;-1.549126964842621;0;0;0;12;24;5;7;-0.9299339063562897;2;3;8;2;22;-7.322673653234798;23;5.2009505801829095;2;6;0;2;6;0;12;11;0;5;23;3.236309178599482;6;14;5;6;2;9;17;5;2;6;2;1;23;6.988819115048508;10;4;19;6;2;6;12;5;20;4.688854083026873;1;1;0;3;4;6;0;23;-6.212283182265512;11;0;1;5;2;16;25;4;5;25;0;3;4;23;7.284185857579432;5;3;16;3;6;6;5;3;13;2;13;4;2;6;9;5;22;-4.816381504821448
TRACK:264;258;-1;5;0;6;3;2;1;3;5;1;0;11;9;6;10;3;5;1;0;13;22;-1.923287151438644;1;8;10;4;4;5;6;6;21;-1.3621447017387243;2;0;5;6;2;1;0;3;8;3;23;0.9278284856423633;4;0;11;22;-1.6662646928711466;0;0;0;12;24;5;7;-0.6391398500570514;2;3;8;2;22;-7.500508820020377;23;5.522215363623116;2;6;1;0;4;14;2;22;-6.493455715337946;20;-2.9177917449077597;6;1;20;2.9696476145620756;17;5;2;6;2;1;23;7.117660480833497;10;4;19;6;2;6;12;5;20;4.963068962425883;1;1;0;3;4;6;0;23;-6.533402263693533;11;0;1;5;2;16;25;4;5;25;0;3;4;23;7.264659925718159;5;3;16;3;6;6;5;3;13;2;3;1;2;4;25;1;8;16;2;6;16;0;8;17;4;4;6;3;0;13;21;5.102936993166295
TRACK:265;251;-1;5;0;6;3;2;1;3;5;1;0;11;9;6;10;3;5;1;0;13;22;-1.7219655693536426;1;8;10;4;4;5;6;6;21;-1.4074037743936185;2;0;5;6;2;1;0;3;8;3;23;0.9947821802690072;4;0;11;22;-1.5738460235257425;0;0;0;12;24;5;7;-1.1462101676256158;2;3;8;2;22;-7.692952036392674;23;5.2750037419360885;2;6;0;2;6;0;12;11;0;5;19;6;14;5;6;2;22;-3.0894857474045883;17;5;2;6;2;1;23;6.724825955079475;10;4;19;6;2;6;12;5;20;5.12135007241264;1;1;0;3;4;6;0;14;20;4.816319275093606;0;1;5;2;16;25;4;5;25;0;3;4;23;7.400908741893299;5;3;16;3;6;6;5;3;13;2;3;0;3;3;1;14;21;5.815641364657369;5;0;0;13;10;0;11;8;4;4;6;3;0;13;21;5.357246293229751
TRACK:266;253;-1;0;3;5;3;5;3;3;2;0;3;7;0.27384662844451163;5;21;-5.840706600591196;3;6;9;5;0;4;2;6;1;4;24;5;2;2;25;12;3;24;4;2;5;1;5;19;0;10;23;2.9132157397604987;0;5;1;17;24;1;6;17;1;19;9;4;5;2;4;1;0;5;17;2;22;-6.49892953461909;20;-2.5753986741068644;6;1;20;3.233686572156766;17;1;1;14;11;2;10;8
TRACK:267;255;-1;0;3;5;3;5;3;3;2;0;23;-6.3863942030780105;5;21;-5.987189551493912;3;6;9;5;5;5;6;0;2;0;4;16;2;19;11;3;4;19;6;0;1;15;10;3;22;-4.065400869323581
TRACK:268;257;-1;5;4;6;1;3;2;5;2;6;6;19;2;5;13;2;15;16;2;6;2;3;16;3;14;6;3;8;4;2;4;2;6;3;12;3;5;13;14
TRACK:269;259;-1;0;3;5;3;5;3;3;2;0;3;7;0.10112911148560727;5;21;-6.20601241227441;3;6;9;5;0;4;2;6;1;1;1;1;14;11;19;4;2;14;22;-6.4929589017286995;5;2;2;25;12;3;24;4;2;5;1;5;19;0;10;23;3.2504985156871333;0;10;1;6;17;1;19;9;4;5;2;4;1;0;4;22;4.974023984991014;2;22;-6.364231933517479;20;-2.635553401956799;6;1;20;2.98035494287231;17;6;3;3;6;23;-9.212689862682115
EVAL_INSTANCE:13:0:260
EVAL_INSTANCE:13:1:261
EVAL_INSTANCE:13:2:262
EVAL_INSTANCE:13:3:263
EVAL_INSTANCE:13:4:264
EVAL_INSTANCE:13:5:265
EVAL_INSTANCE:13:6:266
EVAL_INSTANCE:13:7:267
EVAL_INSTANCE:13:8:268
EVAL_INSTANCE:13:9:269
RUN_RESULT:13:0:0:858:DDDDL
RUN_RESULT:13:1:0:5:DDDDL
RUN_RESULT:13:2:0:5:DDLDD
RUN_RESULT:13:3:0:5:LDDDD
RUN_RESULT:13:4:0:5:LDDDD
RUN_RESULT:13:5:0:5:DDLDD
RUN_RESULT:13:6:0:5:DDDDL
RUN_RESULT:13:7:0:223:DRRRRRDLLLDLLLD
RUN_RESULT:13:8:0:48:DDDDL
RUN_RESULT:13:9:0:5:DDDDL
    14 |      140 | -3.995000E+03 | -3.995000E+03
TRACK:270;21;41;0;3;5;3;5;3;3;2;0;3;7;0.1250516762487026;5;21;-6.16660010103744;3;24;5;0;4;2;6;1;1;1;1;14;11;19;4;2;14;22;-6.556741827975607;5;2;2;25;12;3;24;4;2;5;1;5;19;0;10;23;3.2088845905508068;0;5;1;17;24;1;6;17;1;19;9;4;5;2;4;1;0;4;14;2;22;-6.47527322256065;20;-2.8094452007416626;6;1;20;3.1125609887709653;17;6;3;3;6;23;-9.200662834279079
TRACK:271;21;41;0;3;5;23;-9.200662834279079;5;0;4;2;6;1;1;1;1;14;11;19;4;2;8;22;-6.407140304219262;5;2;2;25;12;3;24;4;2;5;1;5;19;0;10;23;3.104538931038759;0;5;1;17;24;1;6;17;1;19;9;4;5;2;4;1;0;23;2.998443347069868;2;22;-6.280854492421315;20;-2.6955215646923145;6;1;20;3.1799586935583886;17;6;3;3;6;23;-9.164804447998371
TRACK:272;27;62;5;4;6;1;3;2;5;2;6;6;19;2;5;13;2;15;16;2;6;2;3;16;3;14;6;3;8;4;2;1;0;0;6;14;2;11;21;7.622414779569789;4;1;23;8.244000983309077;23;2.843176625766363;0;4;6;9;6;0;14;20;4.728525988233077;14
TRACK:273;27;62;0;3;5;3;5;3;3;2;0;3;7;0.15810932578542508;5;21;-5.909043129344501;3;6;9;5;0;4;2;6;1;4;15;5;2;2;25;12;3;24;4;2;5;1;5;19;0;10;23;2.967630013193917;0;5;1;17;24;1;6;17;1;19;9;4;5;2;4;1;0;23;2.843176625766363;2;22;-6.393109853950404;20;-2.596854265357294;6;1;20;3.1640581286333176;19;1;1;14;11;2;10;8
TRACK:274;24;21;5;0;6;3;2;1;3;5;1;0;11;9;6;10;3;5;1;0;13;22;-1.8214901747798176;1;8;10;4;4;5;6;6;21;-1.3772404955824655;2;0;5;6;2;1;0;3;8;3;23;0.9989943793733471;4;0;11;22;-1.6600287412886947;0;0;0;12;24;5;7;-0.6658219272995152;2;3;8;2;22;-7.5889359925769595;23;5.407504659572383;2;6;0;2;6;0;12;11;0;5;23;3.0763904328337226;6;14;5;6;2;22;-2.8847424019265415;17;5;2;6;2;1;23;6.955361850200662;10;4;19;6;2;6;12;5;20;5.01878144688431;1;1;0;3;4;6;0;23;-6.316170626678112;11;0;1;5;2;16;25;4;5;25;0;3;4;23;7.261793314568906;5;3;16;3;6;6;5;3;13;2;3;0;3;3;7;-0.1854246667067484;5;0;0;13;10;0;8;8;4;4;6;3;2;14;22;-6.556741827975607
TRACK:275;24;21;0;3;5;3;5;3;3;0;23;-6.316170626678112;11;5;0;4;2;6;1;1;1;1;14;11;19;4;2;14;22;-6.556741827975607;5;2;2;25;12;3;24;4;2;5;1;5;19;0;10;23;3.2088845905508068;0;5;1;17;24;1;6;17;1;19;9;4;5;2;4;1;0;4;14;2;22;-6.47527322256065;20;-2.8094452007416626;6;1;20;3.1125609887709653;17;6;3;3;6;23;-9.200662834279079
TRACK:276;7;5;0;3;5;3;5;3;3;2;0;3;7;-0.037195022822722024;5;21;-6.049575580977795;3;6;9;5;0;4;2;6;1;1;1;1;14;11;2;10;8;4;2;14;22;-6.436264819959636;5;2;2;25;12;3;24;4;2;5;1;5;19;0;10;23;3.047987567890118;0;5;1;17;23;0.9843969310954765;1;6;8;1;19;9;4;5;2;4;1;0;4;14;2;22;-6.445843039300245;20;-2.881118516765806;6;1;20;3.177743513240756;17;6;3;3;6;23;-9.27061476339148
TRACK:277;7;5;5;0;6;3;2;1;3;5;1;0;11;9;6;10;3;5;1;0;13;22;-1.776690752152918;1;8;10;4;4;5;6;6;21;-1.3552564003328165;2;0;5;6;2;1;0;3;8;3;23;0.9843969310954765;4;0;11;22;-1.6097501371310408;0;0;0;12;24;5;7;-0.8734371809778114;2;3;8;2;22;-7.63439171048967;23;5.3289200129911904;2;6;0;2;6;0;12;11;0;5;19;6;14;5;6;21;-6.049575580977795;5;2;6;2;1;23;6.899763175241485;10;4;19;6;2;6;12;5;20;4.972132122471155;1;1;0;3;4;6;0;23;-6.233772815474166;11;0;1;5;2;16;25;4;5;25;0;3;4;23;7.525326747278829;5;3;16;3;6;6;5;3;13;2;3;0;3;3;1;14;21;5.887662033384647;5;0;0;13;10;0;8;8;4;4;6;3;0;13;21;5.27952950480185
TRACK:278;24;27;5;0;6;3;2;1;3;5;1;0;11;9;6;10;3;5;1;0;13;22;-1.8214901747798176;1;8;10;4;4;5;6;6;21;-1.3772404955824655;2;0;5;6;2;1;0;3;8;3;23;0.9989943793733471;4;0;11;23;8.244000983309077;0;0;0;12;24;5;7;-0.6658219272995152;2;3;8;2;22;-7.5889359925769595;23;5.407504659572383;2;6;0;2;6;0;12;11;0;5;23;3.0763904328337226;6;14;5;6;2;22;-2.8847424019265415;17;5;2;6;2;1;23;6.955361850200662;10;4;19;6;2;6;12;5;20;5.01878144688431;1;1;0;3;4;6;0;23;-6.316170626678112;11;0;1;5;2;16;25;4;5;25;0;3;4;23;7.261793314568906;5;3;16;3;6;6;5;3;13;2;3;0;3;3;7;-0.1854246667067484;5;0;0;13;10;0;8;8;4;4;6;3;0;13;21;5.167891715360819
TRACK:279;24;27;5;4;6;1;3;2;5;2;6;6;19;2;5;13;2;15;16;2;6;2;3;16;3;14;6;3;8;4;2;1;0;0;6;14;2;11;21;7.622414779569789;4;1;23;8.244000983309077;19;0;0;0;13;10;0;8;8;6;0;14;20;4.728525988233077;14
TRACK:280;270;-1;0;3;5;3;5;3;3;2;0;3;7;0.1044815170601979;5;21;-6.237784226097727;3;24;1;4;20;-1.888346016832262;6;18
TRACK:281;272;-1;5;4;6;1;3;2;5;4;2;25;14;2;6;2;3;16;3;14;6;3;8;4;2;1;0;0;6;14;2;11;21;7.520348232629922;4;1;23;8.113681401991263;23;2.904657073661477;0;4;6;9;6;0;14;20;4.694039831508555;14
TRACK:282;274;-1;5;0;6;3;2;1;3;5;1;0;11;9;6;10;3;5;1;0;13;22;-1.689387355575782;1;8;10;4;4;5;6;6;21;-1.422897327993208;2;0;5;6;2;1;0;3;8;3;23;0.874668114663711;4;0;11;22;-1.6376974561658453;0;0;0;12;24;5;7;-0.5393264657416885;2;3;8;2;22;-7.799519162832136;23;5.489523187671005;2;6;0;2;6;0;12;11;0;5;23;2.7971771084324426;6;14;5;6;2;22;-2.952771855019594;17;5;2;6;2;1;23;6.8971595387697775;10;4;19;6;2;6;12;5;20;5.09587470258072;1;1;0;3;4;6;0;23;-6.328869779680205;11;0;1;5;2;16;25;4;5;25;0;3;4;23;7.307128581728577;5;3;16;3;6;6;5;3;13;2;3;0;3;3;7;-0.1475546413318071;5;3;0;17;9;4;4;6;3;2;14;22;-6.576251150088426
TRACK:283;276;-1;0;3;5;3;5;3;3;2;0;3;7;-0.0016652356636075727;5;21;-6.110648391084577;3;6;9;5;0;4;2;6;1;1;1;1;14;11;2;10;8;4;2;14;22;-6.473751515752129;5;2;2;25;12;3;24;4;2;5;1;5;19;0;10;18;0;5;1;17;23;1.1360114084629163;1;6;8;1;19;9;4;5;2;4;1;0;4;14;2;22;-6.44492467148346;20;-2.611869516063744;6;1;20;3.1926646852542024;17;6;3;3;6;23;-9.220871810497767
TRACK:284;278;-1;5;0;6;3;2;1;3;5;1;0;11;9;6;10;3;5;1;0;13;22;-1.8405074874520018;1;8;10;4;4;5;6;6;21;-1.3850831892317406;2;0;5;6;2;1;0;4;14;3;23;1.0821076677404182;4;0;11;23;8.385487661867948;0;0;0;12;24;5;7;-0.5491977662841487;2;3;8;2;22;-7.513439231908647;23;5.451275990879855;2;6;0;2;6;0;12;11;0;5;23;3.026083637597373;6;14;5;6;2;22;-2.8826246024984865;17;5;2;6;2;1;23;6.93235795280789;10;4;19;6;2;6;12;5;20;4.901028900293615;1;1;0;3;4;6;0;23;-6.353777679156971;11;0;1;5;2;16;25;4;5;25;0;3;4;23;7.307702674761451;5;3;16;3;6;6;5;3;13;2;3;0;3;3;7;-0.1354048520570313;5;0;0;13;10;0;8;8;4;4;6;3;0;13;21;5.089638531508161
TRACK:285;271;-1;5;25
TRACK:286;273;-1;0;3;5;3;5;3;3;2;0;3;7;0.3621248115780164;5;21;-5.9498748968712585;3;6;9;5;0;4;2;6;1;4;15;5;2;2;25;12;3;24;4;2;5;1;5;19;0;10;23;2.796229013857267;0;5;1;17;24;1;6;17;1;19;9;4;5;2;4;1;0;23;2.8134009686075867;2;22;-6.525922632925983;20;-2.736078567388818;1;7;-6.624609241909754;8;1;1;14;11;2;10;8
TRACK:287;275;-1;0;3;5;3;5;3;3;0;23;-6.373428135596021;11;5;0;4;2;6;1;1;1;1;14;11;19;4;2;14;22;-6.643035598626798;5;2;2;25;12;3;24;4;2;5;1;5;19;0;10;23;3.188684493802532;0;5;1;17;24;1;6;17;1;19;9;4;5;2;4;1;0;4;17;2;22;-6.420944490314658;20;-2.851548518716862;6;1;20;3.296345916107177;17;6;3;3;6;23;-9.250235625138565
TRACK:288;277;-1;5;0;6;3;2;1;3;5;1;0;11;9;6;10;3;5;1;0;13;22;-1.7712323560654026;1;8;10;4;4;5;6;6;21;-1.3387629168278898;2;0;5;6;2;1;0;3;8;3;23;0.991604886774037;4;0;11;22;-1.631202625541188;0;0;0;12;24;5;7;-0.8390660824987105;2;3;8;2;22;-7.522487028616617;23;5.338668664684816;2;6;0;2;6;0;12;11;0;5;19;6;14;5;6;21;-6.1445027300904;5;2;6;2;1;23;6.818819617737773;10;4;19;6;2;6;12;5;20;4.856916100435775;1;1;0;3;4;6;0;23;-6.141688556876225;11;0;1;5;2;16;25;4;5;25;0;3;4;23;7.473014245662432;5;3;16;3;6;6;5;3;13;2;3;3;0;13;22;5.527819986065907;4;4;6;3;0;13;21;5.037459346794848
TRACK:289;279;-1;5;4;6;1;3;2;5;2;6;6;19;2;5;13;2;15;16;2;6;2;3;16;0;16;24;6;3;8;4;2;1;0;0;6;14;2;11;21;7.5749286970575085;4;1;23;8.529925581033465;19;0;0;0;13;10;0;8;8;6;0;14;20;4.713140627004847;14
EVAL_INSTANCE:14:0:280
EVAL_INSTANCE:14:1:281
EVAL_INSTANCE:14:2:282
EVAL_INSTANCE:14:3:283
EVAL_INSTANCE:14:4:284
EVAL_INSTANCE:14:5:285
EVAL_INSTANCE:14:6:286
EVAL_INSTANCE:14:7:287
EVAL_INSTANCE:14:8:288
EVAL_INSTANCE:14:9:289
RUN_RESULT:14:0:0:5:DDDDL
RUN_RESULT:14:1:0:48:DDDDL
RUN_RESULT:14:2:0:5:DDLDD
RUN_RESULT:14:3:0:5:DDDDL
RUN_RESULT:14:4:0:5:DDLDD
RUN_RESULT:14:5:0:49:DDDDL
RUN_RESULT:14:6:0:5:DDDDL
RUN_RESULT:14:7:0:48:DDDDL
RUN_RESULT:14:8:0:5:LDDDD
RUN_RESULT:14:9:0:5:DDDDL
    15 |      150 | -3.995000E+03 | -3.995000E+03
TRACK:290;27;62;5;4;6;1;3;2;5;2;6;6;19;2;5;13;2;15;16;2;6;2;3;16;3;14;6;3;8;4;2;1;0;0;9;2;11;21;7.622414779569789;4;1;23;8.244000983309077;19;0;4;6;9;6;0;14;20;4.728525988233077;14
TRACK:291;27;62;0;3;5;3;5;3;3;2;0;3;7;0.15810932578542508;5;21;-5.909043129344501;3;6;9;5;0;4;2;6;1;4;15;5;2;2;25;12;3;24;4;2;5;1;5;19;0;10;23;2.967630013193917;0;5;1;17;24;1;6;17;1;19;9;4;5;2;4;1;0;23;2.843176625766363;2;22;-6.393109853950404;20;-2.596854265357294;6;1;20;3.1640581286333176;17;1;3;16;2;10;8
TRACK:292;41;60;0;3;5;3;5;3;3;2;0;3;7;0.08733693517832627;5;21;-6.053121778427924;3;6;9;5;0;4;2;6;1;1;1;1;14;11;19;4;2;8;22;-6.407140304219262;5;2;2;25;12;3;24;4;2;5;1;5;19;0;10;23;3.104538931038759;0;5;1;17;24;1;6;17;1;19;9;4;5;2;4;5;1;17;24;6;3;3;6;23;-9.164804447998371
TRACK:293;41;60;0;3;5;3;5;3;3;10;5;0;4;2;6;1;1;1;1;14;11;2;10;8;4;14;5;2;2;25;12;3;24;4;2;2;16;15;0;5;1;17;24;1;6;8;1;19;9;4;5;2;4;1;0;4;14;2;22;-6.409795628896997;20;-2.960845413596219;6;1;20;3.31708989248417;17;6;3;3;6;23;-9.332708648542921
TRACK:294;5;7;5;0;6;3;2;1;3;5;1;0;11;9;6;10;3;5;1;0;13;22;-1.776690752152918;1;8;10;4;4;5;6;6;21;-1.3552564003328165;2;0;5;6;2;1;0;3;8;3;23;0.9843969310954765;4;0;11;22;-1.6097501371310408;0;0;0;12;24;5;7;-0.8734371809778114;2;3;8;2;22;-7.63439171048967;23;5.3289200129911904;2;6;0;2;6;0;12;11;0;5;23;3.047987567890118;6;14;5;6;2;22;-2.9838119338973312;17;5;2;6;2;1;23;6.899763175241485;10;4;19;6;2;6;12;5;20;4.972132122471155;1;1;0;3;4;6;0;23;-6.233772815474166;11;0;1;5;2;16;25;4;5;25;0;3;4;23;7.525326747278829;5;3;16;3;6;6;5;3;13;2;3;0;3;3;1;14;21;5.887662033384647;5;0;0;13;10;0;8;8;4;4;6;3;0;13;21;5.27952950480185
TRACK:295;5;7;0;3;5;3;5;3;3;2;0;3;7;-0.037195022822722024;5;21;-6.049575580977795;3;6;9;5;0;4;2;6;1;1;1;1;14;11;2;10;8;4;2;14;22;-6.436264819959636;5;2;2;25;12;3;24;4;2;5;1;5;19;0;10;23;3.047987567890118;0;5;1;17;24;1;6;8;0;12;24;4;5;2;4;1;0;4;14;2;22;-6.445843039300245;20;-2.881118516765806;6;1;20;3.177743513240756;17;6;3;3;6;23;-9.27061476339148
TRACK:296;60;21;0;3;5;3;5;3;3;2;0;3;7;0.12769455574650615;5;21;-5.863238492855904;3;6;9;5;0;4;2;6;1;1;1;1;14;11;2;10;8;4;14;5;2;2;25;12;3;24;4;2;2;16;15;0;5;1;17;24;1;6;8;1;19;9;4;5;2;4;1;0;4;14;2;22;-6.409795628896997;20;-2.960845413596219;17;6;3;3;6;23;-9.332708648542921
TRACK:297;60;21;0;3;5;3;5;3;3;2;0;3;7;0.1250516762487026;5;21;-6.16660010103744;3;6;9;5;0;4;2;6;1;1;1;1;14;11;19;4;2;14;22;-6.556741827975607;21;-5.863238492855904;4;2;5;1;5;19;0;10;23;3.2088845905508068;0;5;1;17;24;1;6;17;1;19;9;4;5;2;4;1;0;4;14;2;22;-6.47527322256065;20;-2.8094452007416626;6;1;20;3.1125609887709653;17;6;3;3;6;23;-9.200662834279079
TRACK:298;62;41;0;3;5;3;5;3;3;2;0;3;7;0.15810932578542508;5;21;-5.909043129344501;3;6;9;5;0;4;2;6;1;4;15;5;2;2;25;12;3;24;4;2;5;1;5;19;0;10;23;2.967630013193917;0;5;1;17;24;1;6;17;1;19;9;4;5;2;23;3.104538931038759;1;1;14;11;2;10;8
TRACK:299;62;41;0;3;5;3;5;3;3;2;0;3;7;0.08733693517832627;5;21;-6.053121778427924;3;6;9;5;0;4;2;6;1;1;1;1;14;11;19;4;2;8;22;-6.407140304219262;5;2;2;25;12;3;24;4;2;5;1;5;23;2.843176625766363;0;10;23;3.104538931038759;0;5;1;17;24;1;6;17;1;19;9;4;5;2;4;1;0;23;2.998443347069868;2;22;-6.280854492421315;20;-2.6955215646923145;6;1;20;3.1799586935583886;17;6;3;3;6;23;-9.164804447998371
TRACK:300;290;-1;5;4;6;1;3;2;5;2;6;6;19;2;5;13;2;15;16;2;6;2;3;16;3;14;6;3;8;4;2;1;0;0;9;2;11;21;7.462154588791667;4;1;23;8.258929954074304;19;0;4;6;16;6;0;14;20;4.756853163406694;14
TRACK:301;292;-1;0;3;5;3;5;3;3;2;0;3;7;0.14676147170307013;5;10;3;6;9;5;0;4;2;6;1;1;1;1;14;11;19;4;2;8;22;-6.345256711071509;5;2;2;25;12;3;24;4;2;5;1;5;19;0;10;23;2.9778942542041618;0;5;1;17;24;1;6;17;1;19;9;4;5;2;4;5;1;17;24;6;3;3;6;23;-9.216389275156908
TRACK:302;5;-1;5;0;6;3;2;1;3;5;1;0;11;9;6;10;3;5;1;0;13;22;-1.7938054087015605;1;8;10;4;4;5;6;6;21;-1.2148109474046542;2;0;5;6;2;1;0;3;8;3;23;0.9093875589829548;4;0;11;22;-1.6672552441425685;0;0;0;12;24;5;7;-0.9071791539191797;2;3;8;2;22;-7.577313978211757;23;5.358548366382552;2;6;0;2;6;0;12;11;0;5;19;6;14;5;6;2;22;-2.934057730988962;17;5;2;6;2;1;23;7.026454103935892;10;4;19;6;2;6;12;5;20;5.013400179671916;1;1;0;3;4;6;0;23;-6.273904675797762;11;0;1;5;2;16;25;4;5;25;0;3;4;23;7.566104809063057;5;3;16;3;6;6;5;3;13;2;3;0;3;2;5;14;1;21;-1.2684211844925137;14;5;0;0;13;10;0;8;8;4;4;6;3;0;13;21;5.273026949241076
TRACK:303;296;-1;0;3;5;3;5;3;3;2;0;3;7;0.29454195444965825;5;21;-5.931954133876199;3;6;9;5;0;4;2;6;1;1;1;1;14;11;2;10;8;4;14;5;5;20;-6.3168428728166015;4;2;2;16;15;0;5;1;17;24;1;6;8;1;19;9;4;5;2;4;1;0;4;14;2;22;-6.331763557903838;20;-2.9219757636534154;17;6;3;3;6;23;-9.285107115467385
TRACK:304;298;-1;0;3;5;3;5;3;3;2;0;3;7;0.26561456339997275;5;21;-5.848509539289439;3;6;9;5;0;4;2;6;1;4;15;5;2;2;21;-9.044411041919538;12;3;24;4;2;5;1;5;19;0;10;23;2.9631951078532817;0;5;1;17;24;1;6;17;1;19;9;4;5;2;23;3.1744057007931032;1;1;14;11;2;10;8
TRACK:305;291;-1;0;3;5;3;5;3;1;4;1;7;-4.988457368644803;14;3;3;22;4.548593367404658;5;0;4;2;6;1;4;15;5;2;2;25;12;3;24;4;2;5;1;5;19;0;10;23;2.8581100061290603;0;5;1;17;24;1;6;17;1;19;9;4;5;2;4;1;0;23;3.204034140845242;2;22;-6.406812927420986;20;-2.4350241529174212;6;1;20;3.1092139165100994;17;1;3;16;2;10;8
TRACK:306;293;-1;0;3;5;3;5;3;3;10;5;0;4;2;6;1;1;1;1;14;11;2;20;6.7817815540049295;24;4;14;5;2;2;25;12;3;24;4;2;2;16;15;0;5;1;17;24;1;6;8;1;19;9;4;5;2;4;1;0;4;14;2;22;-6.317149401507817;20;-2.9240318619122454;6;1;20;3.476931179444163;17;6;3;3;6;23;-9.412627350788586
TRACK:307;7;-1;0;3;5;3;5;3;3;2;0;3;7;-0.07582586071301249;5;21;-6.300080311508384;3;6;9;5;0;4;2;4;0;24;9;4;2;5;1;5;19;0;10;23;2.989550398281455;0;5;1;17;24;1;6;8;1;19;9;4;5;2;4;1;0;4;14;2;22;-6.302589473886865;20;-2.814953953723348;6;1;20;3.1375999972904145;17;6;3;3;6;23;-9.241089633423075
TRACK:308;297;-1;0;3;5;3;5;3;3;2;0;3;24;5;21;-6.298103510098977;3;6;9;5;0;4;2;6;1;1;1;1;14;11;19;4;2;14;22;-6.30180634943438;21;-5.842784168910674;4;2;5;1;5;19;0;10;23;2.966109896457546;0;5;1;17;24;1;6;17;1;19;9;4;5;2;4;1;0;4;14;2;22;-6.4651060186107;20;-2.8839282298432445;6;1;20;3.031477215903862;17;6;3;3;6;23;-9.474003841035584
TRACK:309;299;-1;0;3;5;3;5;3;3;2;0;3;7;0.04598434538677428;5;21;-5.886995176018405;3;6;9;5;0;4;2;6;1;1;1;1;14;11;19;4;2;8;22;-6.524127338727053;5;2;2;25;12;3;24;4;2;5;1;5;23;2.9476552908477416;0;10;23;3.0043942185551487;0;5;1;17;24;1;6;17;1;19;9;4;5;2;4;1;0;1;22;9.234470489215418;18;2;22;-6.150499427796845;20;-2.6337007233445457;6;1;20;3.109925152253727;17;6;3;3;6;23;-9.205389775233838
EVAL_INSTANCE:15:0:300
EVAL_INSTANCE:15:1:301
EVAL_INSTANCE:15:2:302
EVAL_INSTANCE:15:3:303
EVAL_INSTANCE:15:4:304
EVAL_INSTANCE:15:5:305
EVAL_INSTANCE:15:6:306
EVAL_INSTANCE:15:7:307
EVAL_INSTANCE:15:8:308
EVAL_INSTANCE:15:9:309
RUN_RESULT:15:0:0:5:DDDDL
RUN_RESULT:15:1:0:47:DDDDL
RUN_RESULT:15:2:0:5:DDLDD
RUN_RESULT:15:3:0:5:DDDDL
RUN_RESULT:15:4:0:5:DDDDL
RUN_RESULT:15:5:0:48:DDDDL
RUN_RESULT:15:6:0:48:DDDDL
RUN_RESULT:15:7:0:5:DDDDL
RUN_RESULT:15:8:0:5:DDDDL
RUN_RESULT:15:9:0:5:DDDDL
    16 |      160 | -3.995000E+03 | -3.995000E+03
TRACK:310;60;7;0;3;5;3;5;3;23;-9.27061476339148;5;0;4;2;6;1;1;1;1;14;11;2;10;8;4;14;5;2;2;25;12;3;24;4;2;2;16;15;0;5;1;17;24;1;6;8;1;19;9;4;5;2;4;1;0;4;14;2;22;-6.409795628896997;20;-2.960845413596219;6;1;20;3.31708989248417;17;6;3;3;6;23;-9.332708648542921
TRACK:311;60;7;0;3;5;3;5;3;3;2;0;3;7;-0.037195022822722024;5;21;-6.049575580977795;3;6;9;5;0;4;2;6;1;1;1;1;14;11;2;10;8;4;2;14;22;-6.436264819959636;5;2;2;25;12;3;24;4;2;5;1;5;19;0;10;23;3.047987567890118;0;5;1;17;24;1;6;8;1;9;9;4;5;2;4;1;0;4;14;2;22;-6.445843039300245;20;-2.881118516765806;6;1;20;3.177743513240756;17;6;3;3;6;23;-9.27061476339148
TRACK:312;0;21;5;4;6;1;3;2;5;2;6;6;19;2;5;13;2;15;16;2;6;2;3;16;4;14;6;2;5;10;2;17;16;4;2;1;0;0;6;14;2;11;21;7.66471523468303;4;1;23;8.335283213149928;19;0;4;6;9;6;0;14;20;4.816201160030245;2;3;6;4;20;-0.875651314779688;4;2;1;13;24;3;7;-7.41881561049333
TRACK:313;0;21;0;3;5;3;5;3;3;2;0;3;7;0.1250516762487026;5;21;-6.16660010103744;3;6;9;5;0;4;2;6;1;1;1;1;14;11;19;4;2;14;22;-6.556741827975607;5;2;2;25;12;3;24;4;2;5;1;5;19;0;10;23;3.2088845905508068;0;5;1;17;24;1;6;17;1;19;9;4;5;2;4;1;0;4;14;2;22;-6.47527322256065;20;-2.8094452007416626;6;1;20;3.1125609887709653;17;6;3;3;6;14
TRACK:314;27;62;5;4;6;1;3;2;5;2;6;6;19;2;5;13;2;15;16;2;6;2;3;16;3;14;6;3;8;4;2;1;0;0;6;14;2;11;12;4;1;23;8.244000983309077;19;0;4;6;9;6;0;14;20;4.728525988233077;14
TRACK:315;27;62;0;3;5;3;5;3;3;2;0;3;7;0.15810932578542508;5;21;-5.909043129344501;3;6;9;5;0;4;2;6;1;4;15;5;2;2;25;12;3;24;4;2;5;1;5;19;0;10;23;2.967630013193917;0;5;1;17;24;1;6;17;1;19;9;4;5;2;4;1;0;23;2.843176625766363;2;22;-6.393109853950404;20;-2.596854265357294;6;1;20;3.1640581286333176;17;1;1;14;8;2;10;8
TRACK:316;27;5;5;4;6;1;3;2;5;2;6;6;19;2;5;13;2;15;16;3;1;14;21;5.887662033384647;4;2;1;0;0;6;14;2;11;21;7.622414779569789;4;1;23;8.244000983309077;19;0;4;6;9;6;0;14;20;4.728525988233077;14
TRACK:317;27;5;5;0;6;3;2;1;3;5;1;0;11;9;6;10;3;5;1;0;13;22;-1.776690752152918;1;8;10;4;4;5;6;6;21;-1.3552564003328165;2;0;5;6;2;1;0;3;8;3;23;0.9843969310954765;4;0;11;22;-1.6097501371310408;0;0;0;12;24;5;7;-0.8734371809778114;2;3;8;2;22;-7.63439171048967;23;5.3289200129911904;2;6;0;2;6;0;12;11;0;5;19;6;14;5;6;2;22;-2.9838119338973312;17;5;2;6;2;1;23;6.899763175241485;10;4;19;6;2;6;12;5;20;4.972132122471155;1;1;0;3;4;6;0;23;-6.233772815474166;11;0;1;5;2;16;25;4;5;25;0;3;4;23;7.525326747278829;5;3;16;3;6;6;5;3;13;2;3;0;3;3;1;14;21;5.887662033384647;5;0;6;9;0;8;8;4;4;6;3;0;13;21;5.27952950480185
TRACK:318;7;41;0;3;5;3;5;3;3;2;0;3;7;-0.037195022822722024;5;21;-6.049575580977795;3;6;9;5;0;4;2;6;1;1;1;1;14;11;2;10;8;4;2;14;22;-6.436264819959636;5;2;2;25;12;3;24;4;1;19;9;4;5;2;4;1;0;4;14;2;22;-6.445843039300245;20;-2.881118516765806;6;1;20;3.177743513240756;17;6;3;3;6;23;-9.27061476339148
TRACK:319;7;41;0;3;5;3;5;3;3;2;0;3;7;0.08733693517832627;5;21;-6.053121778427924;3;6;9;5;0;4;2;6;1;1;1;1;14;11;19;4;2;8;22;-6.407140304219262;23;3.047987567890118;4;2;5;1;5;19;0;10;23;3.104538931038759;0;5;1;17;24;1;6;17;1;19;9;4;5;2;4;1;0;23;2.998443347069868;2;22;-6.280854492421315;20;-2.6955215646923145;6;1;20;3.1799586935583886;17;6;3;3;6;23;-9.164804447998371
TRACK:320;310;-1;0;3;5;3;5;3;23;-9.23698028342526;5;0;4;2;6;1;1;1;1;14;11;2;10;8;4;14;5;2;2;25;12;3;24;4;2;2;16;15;0;5;1;15;24;1;6;8;1;19;9;4;5;2;4;1;0;4;14;2;22;-6.458388535150289;20;-2.9080795053712913;6;1;20;3.141592440837113;17;6;3;3;6;23;-9.569308002358877
TRACK:321;312;-1;5;4;6;1;3;2;5;2;6;6;19;2;5;13;2;15;16;2;6;2;3;16;4;14;6;2;5;10;2;17;16;4;2;1;0;0;6;14;2;11;21;7.601446332465417;4;5;14;0;4;6;9;6;0;14;20;4.825151892955241;2;3;6;4;20;-0.9581590680923634;4;2;1;13;24;3;7;-7.357346691213118
TRACK:322;314;-1;5;4;6;1;3;2;5;2;6;6;19;2;5;13;2;15;16;2;6;2;3;16;3;14;6;5;9;4;2;1;0;0;6;14;2;11;12;4;1;23;8.351724082384642;19;0;4;6;9;6;0;14;20;4.58785806311624;14
TRACK:323;316;-1;5;4;6;1;3;2;5;2;6;6;19;2;5;13;2;15;25;3;1;14;21;5.736138547385143;4;2;1;0;0;6;14;2;11;21;7.660223464577748;4;1;23;8.157819860248328;19;0;4;6;9;6;0;14;20;4.959816353755983;14
TRACK:324;318;-1;0;3;5;3;5;3;3;2;0;3;7;-0.059071898621395544;5;21;-6.188144692320924;3;6;9;5;0;4;2;6;1;1;1;1;14;11;3;14;4;2;14;22;-6.480476522696098;5;2;2;25;12;3;24;4;1;19;9;4;5;2;4;1;0;4;14;2;22;-6.429625244170971;20;-2.8032806373030574;6;1;20;3.21176803851053;17;6;3;3;6;23;-9.173820818915146
TRACK:325;311;-1;0;3;5;3;5;3;3;2;0;3;7;0.11041216468554807;5;21;-6.023227904432699;3;6;9;5;0;4;2;6;1;1;1;1;14;11;2;10;8;4;2;14;22;-6.604627099632763;5;2;2;25;12;3;24;4;2;5;1;5;19;0;23;4.861700657355241;23;3.2280884423883736;0;5;1;17;24;1;6;8;1;9;9;4;5;2;4;1;0;4;14;2;22;-6.444717521984717;20;-2.8286972055300335;6;1;20;3.029637024030386;17;6;3;3;6;23;-9.221445072764393
TRACK:326;313;-1;0;3;5;3;5;3;3;2;0;3;7;0.17014315500171126;5;21;-6.146468826975583;3;6;9;5;0;4;2;6;4;5;21;0.3475221129914612;4;2;5;1;5;19;0;10;23;3.299801311829815;0;5;1;17;24;1;6;17;1;19;9;4;5;2;4;1;0;4;14;2;22;-6.550766729450755;20;-2.6993627761187757;6;1;20;2.8643312093659827;17;6;3;3;6;14
TRACK:327;315;-1;0;3;2;6;6;3;1;10;14;0;2;6;0;15;21;1.3497227748812506;2;5;15;3;13;3;6;6;7;-7.702946972078905;5;0;4;2;6;1;4;15;5;2;2;25;12;3;24;4;2;5;1;5;19;0;10;23;2.8075085197245198;0;5;1;17;24;1;6;17;1;19;9;4;5;2;4;1;0;23;2.8408734136528584;2;22;-6.365031545787536;20;-2.565735427184057;6;1;20;3.0019267223736703;17;1;1;14;8;2;10;8
TRACK:328;317;-1;5;0;6;3;2;1;3;5;1;0;11;9;6;10;3;5;1;0;13;22;-1.7682242458139472;1;8;10;4;4;5;6;6;21;-1.3944522358668938;2;0;5;6;2;1;0;3;8;3;23;1.0121265095575318;4;0;11;22;-1.7677134190312254;0;0;0;12;24;5;7;-0.977997064930179;2;3;8;2;22;-7.580016450868574;23;5.2074399290638995;2;6;0;2;6;0;12;11;0;5;19;6;14;5;6;2;9;17;5;2;6;2;1;23;6.748030341753649;10;4;19;6;2;6;12;5;20;4.886979585643867;1;1;0;3;4;6;0;23;-6.29767432277977;11;0;1;5;2;16;25;4;5;25;0;3;4;23;7.420379601174767;5;3;16;3;6;6;5;3;13;2;3;0;3;3;1;14;21;5.968048274936751;5;0;6;9;0;8;8;4;4;6;3;0;13;21;5.399930684725352
TRACK:329;319;-1;0;3;5;3;5;3;3;2;0;3;7;-0.007220350093081057;5;21;-6.172829848668261;3;6;9;5;0;4;2;6;1;1;1;1;14;11;19;4;2;8;22;-6.262497528915248;23;3.043002034362501;4;2;5;1;5;19;0;10;23;3.024572475989369;0;5;1;7;8.873788466741097;24;1;6;17;1;19;9;4;5;2;4;1;0;23;2.9315050817485977;2;22;-6.340731934697917;20;-2.576551451642586;6;1;20;3.1337045106479047;17;6;3;3;6;23;-9.268770972216428
EVAL_INSTANCE:16:0:320
EVAL_INSTANCE:16:1:321
EVAL_INSTANCE:16:2:322
EVAL_INSTANCE:16:3:323
EVAL_INSTANCE:16:4:324
EVAL_INSTANCE:16:5:325
EVAL_INSTANCE:16:6:326
EVAL_INSTANCE:16:7:327
EVAL_INSTANCE:16:8:328
EVAL_INSTANCE:16:9:329
RUN_RESULT:16:0:0:48:DDDDL
RUN_RESULT:16:1:0:5:DDDDL
RUN_RESULT:16:2:0:48:DDDDL
RUN_RESULT:16:3:0:5:DDDDL
RUN_RESULT:16:4:0:5:DDDDL
RUN_RESULT:16:5:0:5:DDDDL
RUN_RESULT:16:6:0:5:DDDDL
RUN_RESULT:16:7:0:112:DDDDL
RUN_RESULT:16:8:0:5:LDDDD
RUN_RESULT:16:9:0:5:DDDDL
    17 |      170 | -3.995000E+03 | -3.995000E+03
TRACK:330;5;60;5;0;6;3;2;1;3;5;1;0;11;9;6;10;3;5;1;0;13;22;-1.776690752152918;1;8;10;4;4;5;6;6;21;-1.3552564003328165;2;0;5;6;2;1;0;3;8;3;23;0.9843969310954765;4;0;11;22;-1.6097501371310408;0;0;0;12;24;5;7;-0.8734371809778114;2;3;8;2;22;-7.63439171048967;23;5.3289200129911904;2;6;0;2;6;0;12;11;0;5;19;6;20;-2.960845413596219;5;6;2;22;-2.9838119338973312;17;5;2;6;2;1;23;6.899763175241485;10;4;19;6;2;6;12;5;20;4.972132122471155;1;1;0;3;4;6;0;23;-6.233772815474166;11;0;1;5;2;16;25;4;5;25;0;3;4;23;7.525326747278829;5;3;16;3;6;6;5;3;13;2;3;0;3;3;1;14;21;5.887662033384647;5;0;0;13;10;0;8;8;4;4;6;3;0;13;21;5.27952950480185
TRACK:331;5;60;0;3;5;3;5;3;3;2;0;3;7;0.12769455574650615;5;21;-5.863238492855904;3;6;9;5;0;4;2;6;1;1;1;1;14;11;2;10;8;4;14;5;2;2;25;12;3;24;4;2;2;16;15;0;5;1;17;24;1;6;8;1;19;9;4;5;2;4;1;0;4;14;2;22;-6.409795628896997;20;-2.960845413596219;6;1;8;17;6;3;3;6;23;-9.332708648542921
TRACK:332;41;24;0;3;5;3;5;3;3;2;0;3;7;0.08733693517832627;5;21;-6.053121778427924;3;6;9;5;0;2;6;0;2;6;0;12;11;0;5;23;3.0763904328337226;6;14;5;6;2;22;-2.8847424019265415;17;5;2;6;2;1;23;6.955361850200662;10;4;19;6;2;6;12;5;20;5.01878144688431;4;5;2;4;1;0;23;2.998443347069868;2;22;-6.280854492421315;20;-2.6955215646923145;6;1;20;3.1799586935583886;17;6;3;3;6;23;-9.164804447998371
TRACK:333;41;24;5;0;6;3;2;1;3;5;1;0;11;9;6;10;3;5;1;0;13;22;-1.8214901747798176;1;8;10;4;4;5;6;6;21;-1.3772404955824655;2;0;5;6;2;1;0;3;8;3;23;0.9989943793733471;4;0;11;22;-1.6600287412886947;0;0;0;12;24;5;7;-0.6658219272995152;2;3;8;2;22;-7.5889359925769595;23;5.407504659572383;2;6;0;2;6;0;12;21;-6.053121778427924;0;5;23;3.0763904328337226;6;14;5;6;2;22;-2.8847424019265415;17;5;2;6;2;1;23;6.955361850200662;10;4;19;6;2;6;12;5;20;5.01878144688431;1;1;0;3;4;6;0;23;-6.316170626678112;11;0;1;5;2;16;25;4;5;25;0;3;4;23;7.261793314568906;5;3;16;3;6;6;5;3;13;2;3;0;3;3;7;-0.1854246667067484;5;0;0;13;10;0;8;8;4;4;6;3;0;13;21;5.167891715360819
TRACK:334;21;41;0;3;5;3;5;3;3;2;0;3;7;0.1250516762487026;5;21;-6.16660010103744;3;6;9;5;0;4;2;6;1;1;1;1;14;11;19;4;2;8;22;-6.407140304219262;5;2;2;25;12;3;24;4;2;5;1;5;19;0;10;23;3.104538931038759;0;5;1;17;24;1;6;17;1;19;9;4;5;2;4;1;0;23;2.998443347069868;2;22;-6.280854492421315;20;-2.6955215646923145;6;1;20;3.1799586935583886;17;6;3;3;6;23;-9.164804447998371
TRACK:335;21;41;0;3;5;3;5;3;3;2;0;3;7;0.08733693517832627;5;21;-6.053121778427924;3;6;9;5;0;4;2;6;1;1;1;1;14;11;19;4;2;24;22;-6.407140304219262;5;2;2;25;12;3;24;4;2;5;1;5;19;0;10;23;3.104538931038759;0;5;1;17;24;1;6;17;1;19;9;4;5;2;4;1;0;23;2.998443347069868;2;22;-6.280854492421315;20;-2.6955215646923145;6;1;20;3.1799586935583886;17;6;3;3;6;23;-9.164804447998371
TRACK:336;5;60;5;0;6;3;2;1;3;5;1;0;11;9;6;10;3;5;1;0;13;22;-1.776690752152918;1;8;10;4;4;5;6;6;21;-1.3552564003328165;2;0;5;6;2;1;0;3;8;3;23;0.9843969310954765;4;0;11;22;-1.6097501371310408;0;0;0;12;24;5;7;-0.8734371809778114;2;3;8;2;22;-7.63439171048967;23;5.3289200129911904;2;6;0;2;6;0;12;11;0;5;19;6;14;5;6;2;22;-2.9838119338973312;17;5;2;6;2;1;23;6.899763175241485;10;4;19;6;2;6;12;5;20;4.972132122471155;1;1;0;3;4;6;0;23;-6.233772815474166;11;0;1;5;2;16;25;4;5;25;0;3;4;23;7.525326747278829;5;3;16;3;6;6;5;3;13;2;3;0;3;3;1;14;21;5.887662033384647;5;0;0;13;10;0;8;8;19
TRACK:337;5;60;0;3;5;3;5;3;3;2;0;3;7;0.12769455574650615;5;21;-5.863238492855904;3;6;9;5;0;4;2;6;1;1;1;1;14;11;2;10;8;4;14;5;2;2;25;12;3;24;4;2;2;16;15;0;5;1;17;13;1;6;8;1;19;9;4;5;2;4;1;0;4;14;2;22;-6.409795628896997;20;-2.960845413596219;6;1;20;3.31708989248417;17;6;3;3;6;23;-9.332708648542921
TRACK:338;0;24;5;4;6;1;3;2;5;2;6;6;19;2;5;13;2;15;16;2;6;2;3;16;3;14;6;2;5;10;2;17;16;4;2;1;0;0;6;14;2;11;21;7.66471523468303;4;1;23;8.335283213149928;22;-7.5889359925769595;0;4;6;9;6;0;14;20;4.816201160030245;2;3;6;4;20;-0.875651314779688;4;2;1;13;24;3;7;-7.41881561049333
TRACK:339;0;24;5;0;6;3;2;1;3;5;1;0;11;9;6;10;3;5;1;0;13;22;-1.8214901747798176;1;8;10;4;4;5;6;6;21;-1.3772404955824655;2;0;5;6;2;1;0;3;8;3;23;0.9989943793733471;4;0;11;22;-1.6600287412886947;0;0;0;12;24;5;7;-0.6658219272995152;2;3;8;2;22;-7.5889359925769595;23;5.407504659572383;2;6;0;2;6;0;12;11;0;5;23;3.0763904328337226;6;14;5;6;2;22;-2.8847424019265415;17;5;2;6;2;1;23;6.955361850200662;10;4;19;6;2;6;12;5;20;5.01878144688431;1;1;0;3;4;6;0;23;-6.316170626678112;11;0;1;5;2;16;25;4;5;25;0;3;4;23;7.261793314568906;5;3;16;3;6;6;5;3;13;2;13;4;4;6;3;0;13;21;5.167891715360819
TRACK:340;330;-1;5;0;6;3;2;1;3;5;1;0;11;9;6;10;3;5;1;0;13;22;-1.717325400414463;1;8;10;4;4;5;6;6;21;-1.4628194927812785;2;0;5;6;2;1;0;3;8;3;23;1.0176301807064498;4;0;11;22;-1.5549702288879517;0;0;0;12;24;5;7;-0.9726014373745033;2;3;8;2;22;-7.693268308723398;23;5.426287806050689;2;6;0;2;6;0;12;11;0;5;19;6;20;-2.935628520144293;5;6;2;22;-2.962032456971403;17;5;2;6;2;1;23;6.770580191744788;10;4;19;6;2;6;12;5;20;4.878404077716376;1;1;0;3;4;6;0;23;-6.193981557109681;11;0;1;5;2;16;25;4;5;25;0;0;20;-9.99304900513657;23;3.9187253678676566;5;3;16;3;6;6;5;3;13;2;3;0;3;3;1;14;21;5.968024533321968;5;0;0;13;10;0;8;8;4;4;6;3;0;13;21;5.32732706172617
TRACK:341;332;-1;0;3;5;3;5;3;3;2;0;3;7;0.09195833036563915;5;21;-5.951251990717416;3;6;9;5;0;2;6;0;2;6;3;5;13;0;5;23;3.0206050965310793;6;14;5;6;2;22;-2.8473403077604558;17;5;2;6;2;1;23;6.932446927680067;10;4;19;6;2;6;12;5;20;4.9720365168793474;4;5;2;4;1;0;23;3.1167421297154028;2;22;-6.329386512337662;20;-2.6760193352765898;6;1;20;3.1370696632995165;17;6;3;3;6;23;-9.313636216616347
TRACK:342;21;-1;0;3;5;3;5;3;3;2;0;3;7;-0.028644060086053802;5;21;-6.24411976476806;3;6;9;5;0;4;2;6;1;1;1;1;14;21;0.19820871384590433;19;4;2;14;22;-6.7809450514429175;5;2;2;25;12;3;24;4;2;5;1;5;19;0;10;23;3.0899288838288266;0;5;1;17;24;1;6;17;1;19;9;4;5;2;4;1;0;4;14;2;22;-6.520703793031998;20;-2.898615545506087;6;1;20;3.1080220615421403;17;6;3;3;6;23;-9.239751897302444
TRACK:343;336;-1;5;0;6;3;2;1;3;5;1;0;11;9;6;10;3;5;1;0;13;22;-1.8070055463373378;1;8;10;4;4;5;6;6;21;-1.392371515638459;2;0;5;6;2;1;0;3;8;3;23;0.913388515649282;4;0;11;22;-1.5950676683482268;0;0;2;20;4.1429901161890115;14;5;7;-1.0195262899555162;2;3;8;2;22;-7.721252839554645;23;5.460751293101186;2;6;0;2;6;0;12;11;0;5;19;6;14;5;6;2;22;-3.0556615125878226;17;5;2;6;2;1;23;6.774974818920926;10;4;19;6;2;6;12;5;20;4.963629001301995;1;1;0;3;4;6;0;23;-6.257855493102265;11;0;1;5;2;16;25;4;5;25;0;3;4;23;7.435359048093878;5;3;16;3;6;6;5;3;13;2;3;0;3;3;1;14;21;5.97358559549286;5;0;0;13;10;0;8;8;19
TRACK:344;338;-1;5;4;6;1;3;2;5;2;6;6;19;2;5;13;2;15;16;2;6;2;3;16;6;20;5.641856093940369;6;2;5;10;2;17;16;4;2;1;0;0;6;14;2;11;21;7.55442385624966;4;1;23;8.278036637688174;22;-7.702115005731252;0;4;6;9;6;0;14;20;4.734545624668094;2;3;6;4;20;-0.8432890042023401;4;2;1;13;24;3;7;-7.401443335031549
TRACK:345;331;-1;0;3;5;3;5;3;3;2;0;3;7;-0.0076214480276522445;5;21;-5.847541810309274;3;6;9;5;0;4;2;6;1;1;1;1;14;11;2;10;15;4;14;5;2;2;25;12;3;24;4;2;2;16;15;0;5;1;17;24;1;6;8;1;19;9;4;5;2;4;1;0;4;14;2;22;-6.5011593291417435;20;-2.9235929245162926;6;1;8;17;6;3;3;6;23;-9.28857243394157
TRACK:346;333;-1;5;0;6;3;2;1;3;5;1;0;11;9;6;10;3;5;1;0;13;22;-1.7099588540598736;1;8;10;4;4;5;6;6;21;-1.3399742145485831;2;0;5;6;2;1;0;3;8;3;23;0.8994326893019446;4;0;11;22;-1.7015593378294829;0;0;0;12;24;5;7;-0.5110830073847515;2;3;8;2;22;-7.588971185612661;23;5.468393708743682;2;6;0;2;6;0;12;21;-6.105297618017746;0;5;23;3.1115542911667267;6;14;5;6;2;22;-2.8939651086514715;17;5;2;6;2;1;23;6.8728624398841776;10;4;19;6;2;6;12;5;20;4.974161454716188;1;1;0;3;4;6;0;23;-6.351218800593501;11;0;1;5;2;16;25;4;5;25;0;3;4;23;7.346840814052734;5;3;16;3;6;6;5;3;13;2;3;0;3;5;13;5;0;0;13;10;0;8;8;4;4;6;3;0;13;21;5.054999864185249
TRACK:347;41;-1;0;3;5;3;5;3;3;2;0;3;7;0.1413364914275219;5;21;-6.004985817004304;5;2;14;17;5;0;4;2;6;1;1;1;1;14;11;19;4;2;8;22;-6.329268238236789;5;2;2;25;12;3;24;4;2;5;1;5;19;0;10;23;3.0409376147956926;0;5;1;17;24;1;6;17;1;19;9;4;5;2;4;1;0;23;2.8930950977047094;2;22;-6.225984096486302;20;-2.6121818217409776;6;1;20;3.1917076403988625;17;6;3;3;6;23;-9.023701113392711
TRACK:348;337;-1;0;3;5;3;5;3;3;2;0;3;7;0.1952259207591594;5;21;-5.902018023021218;3;6;9;5;0;4;2;6;1;1;1;1;14;11;2;10;8;4;14;5;2;2;25;12;3;24;4;2;2;16;6;2;10;15;0;5;1;17;13;1;6;8;1;19;9;4;5;2;4;1;0;4;14;2;22;-6.25919265030059;20;-3.0415437323771717;6;1;20;3.221513351073027;17;6;3;3;6;23;-9.389674328097808
TRACK:349;339;-1;5;0;6;3;2;1;3;5;1;0;11;9;6;10;3;5;1;0;13;22;-1.8432504918796038;1;8;10;4;4;5;6;6;21;-1.389632897527321;2;0;5;6;2;1;0;3;8;3;23;0.941242124386064;4;0;11;22;-1.6695194624153011;0;0;0;12;24;5;7;-0.6988666066145822;2;3;8;2;22;-7.624752422960828;23;5.442921149532676;2;6;0;2;6;0;12;11;0;5;23;3.2263686506139337;6;14;5;6;2;22;-2.98316215847169;17;5;2;6;2;1;23;7.051978874823319;10;4;19;6;2;6;12;5;20;5.025371163849324;1;1;0;3;4;6;0;23;-6.277920533850255;11;0;1;5;2;16;25;4;5;25;0;3;4;23;7.173650916119586;5;3;16;3;6;6;5;3;13;2;13;4;4;6;3;0;13;8
EVAL_INSTANCE:17:0:340
EVAL_INSTANCE:17:1:341
EVAL_INSTANCE:17:2:342
EVAL_INSTANCE:17:3:343
EVAL_INSTANCE:17:4:344
EVAL_INSTANCE:17:5:345
EVAL_INSTANCE:17:6:346
EVAL_INSTANCE:17:7:347
EVAL_INSTANCE:17:8:348
EVAL_INSTANCE:17:9:349
RUN_RESULT:17:0:0:5:DDLDD
RUN_RESULT:17:1:0:5:DDLDD
RUN_RESULT:17:2:0:5:DDDDL
RUN_RESULT:17:3:0:5:LDDDD
RUN_RESULT:17:4:0:47:DDDDL
RUN_RESULT:17:5:0:5:DDDDL
RUN_RESULT:17:6:0:5:DDLDD
RUN_RESULT:17:7:0:5:DDDDL
RUN_RESULT:17:8:0:5:DDDDL
RUN_RESULT:17:9:0:5:DDLDD
    18 |      180 | -3.995000E+03 | -3.995000E+03
TRACK:350;27;41;5;4;6;1;3;2;5;2;6;6;19;24;2;6;2;3;16;3;14;6;3;8;4;2;1;0;0;6;14;2;11;21;7.622414779569789;4;1;23;8.244000983309077;19;0;4;6;9;6;0;14;20;4.728525988233077;14
TRACK:351;27;41;0;3;5;3;5;3;3;2;0;3;7;0.08733693517832627;5;21;-6.053121778427924;3;6;9;5;0;4;2;6;1;1;1;1;14;11;19;4;2;8;22;-6.407140304219262;5;2;2;25;12;3;16;4;2;5;1;5;19;0;10;23;3.104538931038759;0;5;1;17;24;1;6;17;1;19;9;4;5;2;4;1;0;23;2.998443347069868;2;22;-6.280854492421315;20;-2.6955215646923145;6;1;20;3.1799586935583886;17;6;3;3;6;23;-9.164804447998371
TRACK:352;0;24;5;4;6;1;3;2;5;2;6;6;19;2;5;13;2;15;16;2;6;2;3;16;3;14;6;2;5;10;2;17;16;4;2;1;0;0;6;14;2;11;24;4;1;23;8.335283213149928;19;0;4;6;9;6;0;14;20;4.816201160030245;2;3;6;4;20;-0.875651314779688;4;2;1;13;24;3;7;-7.41881561049333
TRACK:353;0;24;5;0;6;3;2;1;3;5;1;0;11;9;6;10;3;5;1;0;13;22;-1.8214901747798176;1;8;10;4;4;5;6;6;21;-1.3772404955824655;2;0;5;6;2;1;0;3;8;3;23;0.9989943793733471;4;0;11;22;-1.6600287412886947;0;0;0;12;24;5;7;-0.6658219272995152;2;3;8;2;22;-7.5889359925769595;23;5.407504659572383;2;6;0;2;6;0;12;11;0;5;23;3.0763904328337226;6;14;5;6;2;22;-2.8847424019265415;17;5;2;6;2;1;23;6.955361850200662;10;4;19;6;2;6;15;5;20;5.01878144688431;1;1;0;3;4;6;0;23;-6.316170626678112;11;0;1;5;2;16;25;4;5;25;0;3;4;23;7.261793314568906;5;3;16;3;6;6;5;3;13;2;3;0;3;3;7;-0.1854246667067484;5;0;0;13;10;0;8;8;4;4;6;3;0;13;21;5.167891715360819
TRACK:354;60;45;0;3;5;3;5;3;3;2;0;3;7;0.12769455574650615;5;21;-5.863238492855904;3;6;9;5;0;4;2;6;1;1;1;1;14;11;2;10;8;4;14;5;2;2;25;12;3;24;4;2;2;16;15;0;5;1;17;24;1;6;8;1;19;9;4;5;2;4;1;0;4;14;2;22;-6.409795628896997;20;-2.960845413596219;6;1;20;3.31708989248417;17;0;0;0;12;24;5;7;-0.736110818616831;2;3;8;2;22;-7.467916008822898;23;5.386574444675027
TRACK:355;60;45;5;0;6;3;2;1;3;5;1;0;11;9;6;10;3;5;1;0;13;22;-1.7238513423683308;1;8;10;4;4;5;6;6;21;-1.5382287012804996;2;0;5;6;2;1;0;3;8;3;23;0.8657312542301397;4;0;11;22;-1.515539572059774;0;0;0;12;24;5;7;-0.736110818616831;2;3;8;2;22;-7.467916008822898;23;5.386574444675027;2;6;0;2;6;0;12;11;0;5;23;2.982480627659341;6;14;5;6;2;22;-2.85048457164339;17;5;2;6;2;1;23;6.977220899580199;10;4;19;6;2;6;12;5;20;4.868576197764327;1;1;0;3;4;6;0;23;-6.277296625150852;11;2;25;12;3;6;6;5;3;13;2;3;0;3;3;7;-0.16662075280292205;5;0;0;13;10;0;8;8;4;2;6;9;5;22;-4.800364010064612
TRACK:356;27;0;5;4;6;1;3;2;5;2;6;6;19;2;5;13;2;15;16;2;6;2;3;16;3;14;6;3;8;4;11
TRACK:357;27;0;5;4;6;1;3;2;5;2;6;6;19;2;5;13;2;15;16;2;6;2;3;16;3;14;6;6;19;4;2;1;0;0;6;14;2;11;21;7.66471523468303;4;1;23;8.335283213149928;19;0;4;6;9;6;0;14;20;4.816201160030245;2;3;6;4;20;-0.875651314779688;4;2;1;13;24;3;7;-7.41881561049333
TRACK:358;21;24;0;3;5;3;5;3;3;2;0;3;7;0.1250516762487026;5;21;-6.16660010103744;3;6;9;5;0;4;2;6;1;1;1;1;14;11;19;4;2;14;22;-6.556741827975607;5;2;2;25;12;3;24;4;2;5;1;5;19;0;10;23;3.2088845905508068;0;5;1;17;24;1;6;17;1;19;9;4;5;2;4;1;0;4;14;2;22;-6.47527322256065;14;6;1;20;3.1125609887709653;17;6;3;3;6;23;-9.200662834279079
TRACK:359;21;24;5;0;6;3;2;1;3;5;1;0;11;9;6;10;3;5;1;0;13;22;-1.8214901747798176;1;8;10;4;4;5;6;6;21;-1.3772404955824655;2;0;5;6;2;1;0;3;8;3;23;0.9989943793733471;4;0;11;22;-1.6600287412886947;0;0;0;12;24;5;7;-0.6658219272995152;2;3;8;2;22;-7.5889359925769595;23;5.407504659572383;2;6;3;3;6;23;-9.200662834279079;5;2;6;2;1;23;6.955361850200662;10;4;19;6;2;6;12;5;20;5.01878144688431;1;1;0;3;4;6;0;23;-6.316170626678112;11;0;1;5;2;16;25;4;5;25;0;3;4;23;7.261793314568906;5;3;16;3;6;6;5;3;13;2;3;0;3;3;7;-0.1854246667067484;5;0;0;13;10;0;8;8;4;4;6;3;0;13;21;5.167891715360819
TRACK:360;350;-1;5;4;2;6;0;2;6;5;4;4;20;5.178784794887498;2;5;1;6;23;0.7844687660903062;0;7;0.36466439617752755;16;3;3;6;12;2;0;4;5;1;18;13;0;3;6;17;6;1;9;11;6;3;6;3;8;2;3;3;0;3;1;3;9;5;8;1;2;3;19;4;11;0;3;18;0;14;22;0.10371608872289784;1;4;1;1;1;4;11;5;17;3;1;10;11;3;0;4;8;1;8;7;-8.904362730873563;4;1;6;3;3;19;3;2;1;24;10;5;23;0.5214320949512725
TRACK:361;0;-1;5;4;6;1;3;2;5;2;6;6;19;2;5;13;2;15;16;2;6;2;3;16;3;14;6;2;5;10;2;17;16;4;2;1;0;0;6;14;2;11;21;7.665766166175744;6;4;25;0;4;6;9;6;0;14;20;4.74380140066834;2;3;6;4;20;-0.8915986771395561;4;2;1;13;24;3;7;-7.513232525256791
TRACK:362;60;-1;0;3;5;3;5;3;3;2;0;3;7;0.1026287978416548;5;21;-5.788956755195621;3;6;9;5;0;4;2;6;1;1;1;1;14;11;2;10;8;4;14;5;2;2;25;16;3;24;4;2;2;16;15;0;5;1;17;24;1;6;8;1;19;9;4;5;2;4;1;0;4;14;2;22;-6.43765069635584;20;-3.1555397557521676;6;1;20;3.253394336430274;17;6;3;3;6;23;-9.430924770772066
TRACK:363;356;-1;5;4;5;0;1;4;15;3;20;-9.32879535790945;4;2;10;23;0.719099285349694
TRACK:364;358;-1;0;3;5;3;5;3;3;2;0;3;7;0.08236374762274236;5;21;-6.142170665518808;3;6;9;5;0;4;2;6;1;1;1;1;14;11;19;4;2;14;22;-6.813484028565245;5;2;1;9;9;3;24;4;2;5;1;5;19;0;10;23;3.449897167767531;0;5;1;17;24;1;6;17;1;19;9;4;5;2;4;1;0;4;14;2;22;-6.554161435383556;14;6;1;20;3.2962934608651304;17;6;3;3;6;23;-9.214696264473188
TRACK:365;351;-1;1;0;1;2;4;4;2;3;10;2;15;7;-1.345759144938384;4;2;0;1;8;11;4;20;-1.5505732169389468;5;2;7;3.67110092525828;22;-1.648226439958151;2;5;4;6;0;19;20;-5.376182637333997;4;0;0;1;9;18;4;15;2;2;17;17;0;8;22;1.7499936859877625;1;1;2;5;1;3;23;-5.717346830264594;2;21;-5.9833842873231475;25;0;2;1;22;3.3092033130987346;11;4;15;4;3;24;6;2;1;1;20;8.60027722869673;23;-7.913854831194302;5;19;6;1;21;0.5283116947532474;19;5;1;6;5;6;11;2;3;4;9;5;3;22;-8.77017798738395;5;4;1;3;2;3;5;13;0;0;20;9.210270979710934;9;4;19;0;3;0;3;21;-0.4393383407688862;3;20;-7.349644809719704;0;0;4;7;8.681241764212093;4;17;3;5;25
TRACK:366;24;-1;5;0;6;3;2;1;3;5;1;0;11;9;6;20;9.853896231272898;3;5;1;0;13;22;-1.8344709530526377;1;8;10;4;4;5;6;6;21;-1.223967829663252;2;0;5;6;2;1;0;3;8;3;23;1.0965277327037966;4;0;11;22;-1.7694179242379329;0;0;0;12;24;5;7;-0.5404513689851709;2;3;8;2;22;-7.832616583573077;23;5.42298568415032;2;6;0;2;6;0;12;11;0;5;23;3.199061342166295;6;14;5;6;2;22;-2.9284966807235615;17;5;2;6;2;1;23;7.142962340761133;10;4;19;6;2;6;12;5;20;4.919851254187083;1;1;0;3;4;6;0;23;-6.3425281365174175;11;0;1;5;2;16;25;4;5;25;0;3;4;23;7.315701001616814;5;3;16;3;6;6;5;3;13;2;3;0;3;3;7;-0.2729865761248161;5;0;0;13;10;0;8;8;4;4;6;3;0;13;21;5.0632036983922175
TRACK:367;45;-1;5;0;6;3;2;1;3;5;1;0;11;9;6;10;3;5;1;0;23;-1.2813397517855627;22;-1.8537275520396532;1;8;10;4;4;5;6;6;21;-1.540214992344311;2;0;5;6;2;1;0;3;8;3;23;0.8662195438365896;4;0;11;22;-1.5239913795185638;0;0;0;12;24;5;7;-0.9119988511236385;2;3;8;2;22;-7.3598182574833;23;5.484047024044413;2;6;0;2;6;0;12;11;0;5;23;2.748811293903862;6;14;5;6;2;22;-2.8252103547807486;17;5;2;6;2;1;23;6.904444410100694;10;4;19;6;2;6;12;5;20;4.83898561645793;1;1;0;3;4;6;0;23;-6.5530466452841365;11;0;1;5;2;16;25;4;5;25;0;3;4;23;7.299573124225888;5;3;16;3;6;6;5;3;13;2;3;0;3;3;7;-0.20391996836809256;5;0;0;13;10;0;8;8;4;2;6;9;5;22;-4.9247341312479955
TRACK:368;357;-1;5;4;6;1;3;2;5;2;6;6;19;2;5;13;2;17;16;2;6;2;3;16;3;14;6;6;19;4;2;1;0;0;6;14;2;11;21;7.744571909610985;4;1;23;8.143462586148742;19;0;4;6;9;6;0;14;20;4.934401463714895;2;3;6;4;20;-0.9089520488352283;4;2;1;13;24;3;7;-7.476389245874912
TRACK:369;359;-1;5;0;6;5;16;2;0;5;6;2;1;0;3;8;3;23;0.9305981277558211;4;0;11;22;-1.7093461008180995;0;0;0;12;24;5;7;-0.7084275273058136;2;3;8;2;22;-7.563154592706464;23;5.306564268506871;2;6;3;3;6;23;-9.30533548655129;5;2;6;2;1;23;6.824162036886133;10;4;19;6;2;6;12;5;20;5.082940093227449;1;1;0;3;4;6;0;23;-6.33294286103064;11;0;1;5;2;16;25;4;5;25;0;3;4;23;7.224692537762778;5;3;16;3;6;6;5;3;13;2;3;0;3;3;7;-0.21608738974550296;5;0;0;13;10;0;8;8;4;4;6;3;0;13;21;5.154089500310802
EVAL_INSTANCE:18:0:360
EVAL_INSTANCE:18:1:361
EVAL_INSTANCE:18:2:362
EVAL_INSTANCE:18:3:363
EVAL_INSTANCE:18:4:364
EVAL_INSTANCE:18:5:365
EVAL_INSTANCE:18:6:366
EVAL_INSTANCE:18:7:367
EVAL_INSTANCE:18:8:368
EVAL_INSTANCE:18:9:369
RUN_RESULT:18:0:0:49:DDDDL
RUN_RESULT:18:1:0:5:DDDDL
RUN_RESULT:18:2:0:5:DDDDL
RUN_RESULT:18:3:0:48:DDDDL
RUN_RESULT:18:4:0:5:DDDDL
RUN_RESULT:18:5:0:48:DDDDL
RUN_RESULT:18:6:0:5:DDLDD
RUN_RESULT:18:7:0:5:LDDDD
RUN_RESULT:18:8:0:48:DDDDL
RUN_RESULT:18:9:0:7:LDDDD
    19 |      190 | -3.995000E+03 | -3.995000E+03
TRACK:370;7;5;0;3;5;3;5;3;3;2;0;3;7;-0.037195022822722024;5;21;-6.049575580977795;3;6;9;5;0;4;2;6;1;1;1;1;14;11;2;10;21;-1.3552564003328165;4;2;14;22;-6.436264819959636;5;2;2;25;12;3;24;4;2;5;1;5;19;0;10;23;3.047987567890118;0;5;1;17;24;1;6;8;1;19;9;4;5;2;4;1;0;4;14;2;22;-6.445843039300245;20;-2.881118516765806;6;1;20;3.177743513240756;17;6;3;3;6;23;-9.27061476339148
TRACK:371;7;5;5;0;6;3;2;1;3;5;1;0;11;9;6;10;3;5;1;0;13;22;-1.776690752152918;1;8;10;4;4;5;6;6;21;-1.3552564003328165;2;0;5;6;2;1;0;3;8;3;23;0.9843969310954765;4;0;11;22;-1.6097501371310408;0;0;0;12;24;5;7;-0.8734371809778114;2;3;8;2;22;-7.63439171048967;23;5.3289200129911904;2;6;0;2;6;0;12;11;0;5;19;6;14;5;6;2;22;-2.9838119338973312;17;5;2;6;2;1;23;6.899763175241485;10;4;19;6;2;6;12;5;20;4.972132122471155;1;1;0;7;-0.037195022822722024;0;1;5;2;16;25;4;5;25;0;3;4;23;7.525326747278829;5;3;16;3;6;6;5;3;13;2;3;0;3;3;1;14;21;5.887662033384647;5;0;0;13;10;0;8;8;4;4;6;3;0;13;21;5.27952950480185
TRACK:372;41;21;0;3;5;3;5;3;3;2;0;3;7;0.08733693517832627;5;21;-6.053121778427924;3;6;9;5;0;4;2;6;1;1;1;1;14;11;19;4;2;8;22;-6.407140304219262;5;2;2;25;12;3;24;4;2;5;1;5;19;0;10;23;3.104538931038759;0;5;9;1;6;17;1;19;9;4;5;2;4;1;0;23;2.998443347069868;2;22;-6.280854492421315;20;-2.6955215646923145;6;1;20;3.1799586935583886;17;6;3;3;6;23;-9.164804447998371
TRACK:373;41;21;0;3;5;3;5;3;3;2;0;3;7;0.1250516762487026;5;21;-6.16660010103744;3;6;9;5;0;4;2;6;1;1;1;1;14;11;19;4;2;14;22;-6.556741827975607;5;2;2;25;12;3;24;4;2;5;1;5;19;0;10;23;3.2088845905508068;0;5;1;19;24;1;6;17;1;19;9;4;5;2;4;1;0;4;14;2;22;-6.47527322256065;20;-2.8094452007416626;6;1;20;3.1125609887709653;17;6;3;3;6;23;-9.200662834279079
TRACK:374;0;7;5;4;6;1;3;2;5;2;6;6;19;2;5;13;2;15;16;2;6;2;3;16;3;14;6;2;5;10;2;17;12;4;2;1;0;0;6;14;2;11;21;7.66471523468303;4;1;23;8.335283213149928;19;0;4;6;9;6;0;14;20;4.816201160030245;2;3;6;4;20;-0.875651314779688;4;2;1;13;24;3;7;-7.41881561049333
TRACK:375;0;7;0;3;5;3;5;3;3;2;0;3;7;-0.037195022822722024;5;21;-6.049575580977795;3;6;9;5;0;4;2;6;1;1;1;1;14;11;2;10;8;4;2;14;22;-6.436264819959636;5;2;2;25;12;3;24;4;2;5;1;5;19;0;10;23;3.047987567890118;0;5;1;17;24;1;6;14;1;19;9;4;5;2;4;1;0;4;14;2;22;-6.445843039300245;20;-2.881118516765806;6;1;20;3.177743513240756;17;6;3;3;6;23;-9.27061476339148
TRACK:376;45;0;5;0;6;3;2;1;3;5;1;0;11;9;6;10;3;5;1;0;13;22;-1.7238513423683308;1;8;10;4;4;5;6;6;21;-1.5382287012804996;2;0;5;6;2;1;0;3;8;3;23;0.8657312542301397;4;0;11;22;-1.515539572059774;0;0;0;12;24;5;7;-0.736110818616831;2;3;8;2;22;-7.467916008822898;23;5.386574444675027;2;6;0;2;6;0;12;11;0;5;23;2.982480627659341;6;14;5;6;2;22;-2.85048457164339;17;5;2;6;2;1;23;6.977220899580199;10;4;19;6;2;6;12;5;20;4.868576197764327;1;1;0;3;2;17;16;0;1;5;2;16;25;4;5;25;0;3;4;23;7.314890718851303;5;3;16;3;6;6;5;3;13;2;3;0;3;3;7;-0.16662075280292205;5;0;0;13;10;0;8;8;4;2;6;9;5;22;-4.800364010064612
TRACK:377;45;0;5;4;6;1;3;2;5;2;6;6;19;2;5;13;2;15;16;2;8;6;2;5;10;2;17;16;4;2;1;0;0;6;14;2;11;21;7.66471523468303;4;1;23;8.335283213149928;19;0;4;6;9;6;0;14;20;4.816201160030245;2;3;6;4;20;-0.875651314779688;4;2;1;13;24;3;7;-7.41881561049333
TRACK:378;21;41;0;3;5;3;5;3;3;2;0;3;7;0.1250516762487026;5;24;3;6;9;5;0;4;2;6;1;1;1;1;14;11;19;4;2;14;22;-6.556741827975607;5;2;2;25;12;3;24;4;2;5;1;5;19;0;10;23;3.2088845905508068;0;5;1;17;24;1;6;17;1;19;9;4;5;2;4;1;0;4;14;2;22;-6.47527322256065;20;-2.8094452007416626;6;1;20;3.1125609887709653;17;6;3;3;6;23;-9.200662834279079
TRACK:379;21;41;0;3;5;3;5;3;3;2;22;-6.47527322256065;3;6;9;5;0;4;2;6;1;1;1;1;14;11;19;4;2;8;22;-6.407140304219262;5;2;2;25;12;3;24;4;2;5;1;5;19;0;10;23;3.104538931038759;0;5;1;17;24;1;6;17;1;19;9;4;5;2;4;1;0;23;2.998443347069868;2;22;-6.280854492421315;20;-2.6955215646923145;6;1;20;3.1799586935583886;17;6;3;3;6;23;-9.164804447998371
TRACK:380;370;-1;0;3;5;3;5;3;3;2;0;3;7;-0.24678115267988546;5;21;-6.031705247777338;3;6;9;5;0;4;2;6;1;1;1;1;14;11;2;10;21;-1.387768626638126;4;2;14;22;-6.3701049583214475;5;2;2;25;12;3;24;4;2;5;1;5;19;0;10;23;2.9247934144053436;0;5;1;17;24;1;6;8;1;19;9;4;0;4;6;3;15;5;5;4;24
TRACK:381;372;-1;0;3;5;3;5;3;3;2;0;3;7;0.14667949364966332;5;21;-6.084509110824978;3;6;9;5;0;4;2;6;1;1;1;1;14;11;19;4;2;8;22;-6.418734476840423;5;2;2;25;12;3;12;4;2;5;1;5;19;0;10;23;2.951622676699533;0;5;9;1;6;17;1;19;9;4;5;2;4;1;0;23;3.044785657542771;2;22;-6.250286761163995;20;-2.74444059194637;6;1;20;3.0840319762559374;17;6;3;3;6;23;-9.230417961678093
TRACK:382;374;-1;5;4;6;1;3;2;5;2;6;6;19;2;5;13;2;15;16;2;6;2;3;16;3;14;6;2;5;10;2;17;12;4;2;1;0;0;6;14;2;23;7.695760455094014;21;7.533925560133455;4;1;23;8.351772561561843;19;0;4;6;9;6;0;14;20;4.846546421604211;2;3;6;4;20;-0.9242851614804957;4;2;1;13;24;3;7;-7.4898113633733905
TRACK:383;376;-1;5;0;6;3;2;1;3;5;1;0;11;9;6;10;3;5;1;0;13;22;-1.7217659978069262;1;8;10;4;4;5;6;6;21;-1.4328372684428448;2;0;5;6;2;1;0;3;8;3;23;0.9458304575330925;4;0;25;22;-1.3223637593501603;0;0;0;12;24;5;7;-0.7322376867238318;2;3;8;2;22;-7.443530646667704;23;5.367771220145571;2;6;0;2;6;0;12;11;0;5;23;2.9335630210679464;6;14;5;6;2;22;-2.933636759879603;17;5;2;6;2;1;23;6.9721486708555895;10;4;19;6;2;6;12;5;20;4.859646195613248;1;1;0;3;2;17;16;0;1;5;2;16;25;4;5;25;0;3;4;23;7.37005185706368;5;3;16;3;6;6;5;3;13;2;3;0;3;3;7;-0.2418672231910675;5;0;0;13;10;0;8;8;4;2;6;9;5;22;-4.706889452846183
TRACK:384;378;-1;0;3;0;24;19;5;0;4;2;6;1;1;1;1;14;11;19;4;2;14;22;-6.7884179843887615;5;2;2;25;12;3;24;4;2;5;1;5;19;0;10;23;3.1713472238511913;0;5;1;17;24;1;6;17;1;19;9;4;5;2;4;1;0;4;14;2;22;-6.422974930009731;20;-2.853693756836557;6;1;20;3.125261914306611;17;6;3;3;6;23;-9.164588876614992
TRACK:385;371;-1;5;0;6;3;2;1;3;5;1;0;11;9;6;10;3;5;1;0;13;22;-1.884181914127767;1;8;10;4;4;5;6;6;21;-1.429794955517247;2;0;5;6;2;1;0;3;8;3;23;0.9416890155668646;4;0;11;22;-1.5864404393146287;0;0;0;12;24;5;7;-0.9976657091827195;2;3;8;2;22;-7.599215109551943;23;5.110795413957091;2;6;0;2;6;0;12;11;0;5;19;6;14;5;6;2;22;-3.252000714227798;17;5;2;6;2;1;23;6.88383282981828;10;4;19;6;2;6;12;5;20;4.825902211510079;1;1;0;7;-0.2950284797259996;0;1;5;2;16;25;4;5;25;0;3;4;23;7.571237355041808;5;3;16;3;6;6;5;3;13;2;3;0;3;3;1;14;21;5.872021995131049;5;0;0;13;10;0;8;8;4;4;6;3;0;13;21;5.299280386258517
TRACK:386;373;-1;0;3;5;3;5;3;3;2;0;3;22;9.629425620426105;5;21;-6.131327021651923;3;6;9;5;0;4;2;6;1;1;1;1;14;11;19;4;2;14;22;-6.639543906655051;5;2;2;25;12;3;24;4;2;5;1;5;19;0;10;23;3.2555873681866565;0;5;1;19;24;1;6;17;1;19;9;4;5;2;4;1;0;4;14;2;22;-6.522178098540975;20;-2.5805614692119074;6;1;20;3.1161966506371424;17;6;3;3;6;23;-9.106755277879268
TRACK:387;375;-1;0;3;5;3;5;3;3;2;0;3;7;-0.12955996349316523;5;21;-6.0851905632627465;3;6;9;5;0;4;2;6;1;1;1;1;14;11;2;10;8;4;2;14;22;-6.40190720434631;5;2;2;25;12;3;24;4;2;5;1;5;19;0;10;23;2.995559262927947;0;5;1;17;24;1;6;14;1;19;9;4;5;1;0;4;4;25;3;2;18;18;1;0;5;23;-0.18813314692970096;4;25;2;1;18;13;0;11;15
TRACK:388;377;-1;5;4;6;1;3;2;5;2;6;6;19;2;5;13;2;15;16;2;8;6;2;5;10;2;17;16;4;2;1;0;0;6;14;2;11;21;7.728786574257027;4;1;23;8.61337468206508;19;0;4;6;9;6;0;14;20;4.745665472953674;2;5;5;9;4;2;1;13;24;3;7;-7.367106454286454
TRACK:389;379;-1;0;3;5;3;5;3;3;2;22;-6.406303464814239;3;6;9;5;0;4;2;6;1;1;1;1;14;11;19;4;2;8;22;-6.496455043045333;5;2;2;25;12;3;24;4;2;5;1;5;19;0;10;23;3.133375398477757;0;5;1;17;24;1;6;17;1;19;9;4;5;2;4;1;0;23;3.2382295603998106;2;22;-6.195685857342961;20;-2.7011765375627133;6;6;11;6;3;3;6;23;-9.04676327408637
EVAL_INSTANCE:19:0:380
EVAL_INSTANCE:19:1:381
EVAL_INSTANCE:19:2:382
EVAL_INSTANCE:19:3:383
EVAL_INSTANCE:19:4:384
EVAL_INSTANCE:19:5:385
EVAL_INSTANCE:19:6:386
EVAL_INSTANCE:19:7:387
EVAL_INSTANCE:19:8:388
EVAL_INSTANCE:19:9:389
RUN_RESULT:19:0:0:5:DDDDL
RUN_RESULT:19:1:0:5:DDDDL
RUN_RESULT:19:2:0:32:DDDDL
RUN_RESULT:19:3:0:5:DDLDD
RUN_RESULT:19:4:0:48:DDDDL
RUN_RESULT:19:5:0:5:DDLDD
RUN_RESULT:19:6:0:188:LDDDD
RUN_RESULT:19:7:0:5:DDDDL
RUN_RESULT:19:8:0:5:DDDDL
RUN_RESULT:19:9:0:28:LDDDD
    20 |      200 | -3.995000E+03 | -3.995000E+03
TRAINING ON LEVEL:127
of 184 levels
---LEVEL STRING---
__________
_F13....._
_........_
_........_
_.b......_
_........_
_...B12.._
_........_
_f......._
__________
---LEVEL STRING---
training done.
The time of execution is: 7.85613489151001 s

TRAINING DONE


-----!!!NEW PROBLEM!!!-----


START TESTING

LEVEL:0:______\n_K.2._\n_kSF._\n_bB1._\n_..fR_\n_1..._\n_3.r._\n_251O_\n_s.31_\n_o..2_\n______
LEVEL:1:________\n_......_\n_......_\n_.Sb.s._\n_.1..s._\n_.4b..1_\n_B12..3_\n_......_\n________
LEVEL:2:____________\n_.........._\n_.r....f..._\n_.....bssss_\n_.R.......F_\n_B1..f..b.1_\n_AO........_\n_.rssssssss_\n_.........F_\n_ss...R...1_\n_....B12W.3_\n_oS14...1.._\n____________
LEVEL:3:__________\n_F13....G_\n_..R15a.1_\n_.......0_\n_a.A.b.a._\n_....a..._\n_B....ggg_\n_1.a.ag.a_\n_2....g.f_\n__________
LEVEL:4:__________\n_.....B12_\n_.W......_\n_.1wwwww._\n_.6wf..w._\n_..w..kw._\n_F.wwwww._\n_1......._\n_3...bK17_\n__________
LEVEL:5:_________\n_....B18_\n_......._\n_...R..._\n_...1..._\n_...3..._\n_......._\n_....B12_\n_......._\n_.b..R.._\n_....1.._\n_r...9.._\n_......._\n_________
LEVEL:6:____________\n_G13wwwwK14_\n_w.o.okofow_\n_wo.o.o.o.w_\n_wko.o.o.ow_\n_wggggggggw_\n_w.o.o.o.ow_\n_wo.o.o.okw_\n_w.o.o.o.ow_\n_wo.obo.o.w_\n_K17wwwwB12_\n____________
LEVEL:7:____________\n_F13wwwwK14_\n_w.o.okofow_\n_wo.oko.o.w_\n_wko.o.o.ow_\n_wo.o.o.okw_\n_wko.o.o.ow_\n_wo.o.o.okw_\n_wko.o.o.ow_\n_wo.obo.o.w_\n_K17wwwwB12_\n____________
LEVEL:8:__________\n_B12....F_\n_1......1_\n_9lllL.f3_\n_..rl1..._\n_...l8..._\n_...lllll_\n_.br....._\n_....R15._\n__________
LEVEL:9:___________\n_rg9SkofVr_\n_GF.6WOV0A_\n_Fw0.3o6AB_\n_A5W..5A2l_\n_.WO5KlF.1_\n_441934sR2_\n_vF38vVb.k_\n_W4bAS.K1K_\n_kO9.W..21_\n_0Ba4o3.L2_\n_w9G.SG99v_\n_g9Br5Kkbk_\n_.l7RRG6r3_\n_LFffV..Gv_\n_ga8.ro1wr_\n_VWV7R..3._\n___________
LEVEL:10:__________\n_........_\n_....V12._\n_........_\n_...v...._\n_F.v.v..._\n_1..v...._\n_3......._\n_....f..._\n__________
LEVEL:11:__________\n_b....Vwv_\n_.....1ww_\n_.....3.._\n_........_\n_........_\n_.....BW._\n_.....11._\n_.....26._\n__________
LEVEL:12:__________\n_...K..3._\n_.f.k...._\n_kkkk...._\n_...kgkkk_\n_........_\n_G10...b._\n_.....B12_\n_K14..F13_\n__________
LEVEL:13:__________\n_..Bwwlll_\n_b.1wwlll_\n_..2wwlll_\n_...wwlll_\n_...wwlll_\n_W16....._\n_....F13._\n_s...wwwf_\n__________
LEVEL:14:__________\n_G10gl.f._\n_.aagl.l._\n_.R.gg.ll_\n_.b..gggl_\n_...a...a_\n_..r....5_\n_B12.1..._\n_F13a.L16_\n__________
LEVEL:15:__________\n_bW12..Fr_\n_........_\n_w.w.w..S_\n_.s...s.1_\n_..w.www4_\n_B.3s1..._\n_1.w.w..._\n_2.....Rf_\n__________
LEVEL:16:__________\n_bW12..Fr_\n_........_\n_w.w.w..S_\n_.s...s.1_\n_..w.www4_\n_B.3s1..S_\n_1.w.w..._\n_2.....Rf_\n__________
LEVEL:17:__________\n_.f......_\n_.......3_\n_kkkkgkkk_\n_...g.g.._\n_K14k.k.._\n_...k.kkk_\n_B12k..b._\n_F13....._\n__________
LEVEL:18:____________________\n_B.S14.O16.R15.B12._\n_1.F13.G16.V17....._\n_.Sv..............._\n_Rggggggggggggggggg_\n_1ggggggggggggggggg_\n_.F......gggggggggg_\n_ooo.......gggggggg_\n_wwwoo.......gggggg_\n_wwwwwoo.......gggg_\n_wwwwwwwoo..r......_\n_wwwwwwwwwoo.b....._\n_wwwwwwwwwwwooaaaaa_\n____________________
LEVEL:19:_________________\n_F13w.f.w.a...rw_\n_.a.wa...b.a.a.w_\n_wwrwwwww..wwwww_\n_...a...a....a.._\n_wwwwww.wwwwwwww_\n_.a.........ar.._\n_www.wwwwwwwwwww_\n_.a...a......ba._\n_..b......a....._\n_wwwwwwwwww.war._\n_k...a.....awwww_\n_wwwwwwwwwwwwB14_\n_R16wW16wK12wB17_\n_________________
LEVEL:20:__________\n_...s.V12_\n_v..s...._\n_..sssfss_\n_..s..s.._\n_F..s..s._\n_1.....s._\n_3..S14.._\n_........_\n__________
LEVEL:21:____________________\n_.Laallgg.......BG._\n_.1aallgg.......11._\n_.8aallgg.......90._\n_..aallgg.........._\n_..9allgg.......v.._\n_..aallgg.......V.._\n_b.2allgg.......1.._\n_llllllgg.......3.._\n_llllllgg.........._\n_gggggggg.........._\n_gggggggg.......B12_\n____________________
LEVEL:22:__________\n_........_\n_...b...._\n_........_\n_F......._\n_1.B.f..._\n_3.1....._\n_..2....._\n_........_\n__________
LEVEL:23:__________\n_........_\n_B...b..._\n_1......._\n_2......._\n_........_\n_..3...f._\n_F1....f._\n_........_\n__________
LEVEL:24:__________\n_S13....._\n_.......f_\n_...r...3_\n_........_\n_........_\n_F14..R12_\n_........_\n_......s._\n__________
LEVEL:25:_________________\n_....gg.....l..._\n_....gg.....l..._\n_....gg.....l..._\n_.b..gg.....l..._\n_....gg.....l..._\n_....gg.....l..._\n_....gg.....l..._\n_....gg.B12.l..f_\n_....gg.....l..._\n_K...gg.....l..._\n_B12.gg..k..l..._\n_....gg.....l..._\n_....gg.....l..._\n_....gg.G10.l..._\n_....gg.....l..._\n_....gg.....lF13_\n_....gg.....l..._\n_....gg.....lL14_\n_________________
LEVEL:26:__________\n_.ssss.s._\n_..ss.fv._\n_...as.v._\n_.F12.A.._\n_.....1.._\n_.....3.._\n_.ggg...._\n_.s......_\n__________
LEVEL:27:__________\n_glF13S12_\n_gksgggVV_\n_ggrrrrV2_\n_vggkgkVr_\n_vvgvvvVr_\n_vvvvvlVl_\n_vvvvvlVl_\n_vvvvl.fl_\n__________
LEVEL:28:__________\n_B12..VGF_\n_S.....1._\n_1.b.s35f_\n_4...sss._\n_........_\n_gggggggg_\n_...vv..._\n_........_\n__________
LEVEL:29:__________\n_V.2a..12_\n_B12avF.._\n_bv.a...._\n_aaaaaaaa_\n_...a...._\n_..2a.A.._\n_A16a1..._\n_.1.a2f3._\n__________
LEVEL:30:__________\n_K17....._\n_......O._\n_k.vwww.._\n_...wow.k_\n_...www.._\n_KV..W16._\n_11.O1.3._\n_42..k..._\n__________
LEVEL:31:___________________\n_B12w...ag...wG10._\n_wwww...gg...wW16._\n_..13...ga...wwwww_\n_.V15..agga......._\n_.R...araga.a....._\n_.....a.ggaaa....._\n_ggggggggaaaav...._\n_.v....agga......._\n_....b..aga......._\n_......agga......._\n___________________
LEVEL:32:__________\n_b.....f._\n_.....V12_\n_........_\n_F13....._\n_........_\n_........_\n_....v..._\n_........_\n__________
LEVEL:33:__________\n_........_\n_...bV12._\n_........_\n_........_\n_.B13...._\n_........_\n_........_\n_...vv..._\n__________
LEVEL:34:__________\n_...V13.._\n_v......._\n_........_\n_......b._\n_....B12._\n_........_\n_..V15..._\n_........_\n__________
LEVEL:35:__________\n_..F1.3.._\n_llllllll_\n_..L14..._\n_........_\n_........_\n_........_\n_........_\n_bB12...f_\n__________
LEVEL:36:__________\n_B12.F13._\n_........_\n_...sss.._\n_.b.sfs.._\n_...s...._\n_...s...._\n_........_\n_........_\n__________
LEVEL:37:__________\n_s..S..a._\n_k.o....l_\n_.g....b._\n_L.g..b.w_\n_g.s..fs._\n_....B..l_\n_b...1r.._\n_G13.2b.._\n__________
LEVEL:38:__________\n_.Rrbll.f_\n_L18.lll._\n_.5..ll.r_\n_..r.ll.1_\n_..r.ll.l_\n_.F..ll.B_\n_B19.ll.1_\n_r3r....2_\n__________
LEVEL:39:__________\n_A.2...bg_\n_1.G.3.a._\n_wwg1W16._\n_..12B12b_\n_........_\n_........_\n_........_\n_........_\n__________
LEVEL:40:__________\n_b..lsllf_\n_...lslll_\n_.S.lslll_\n_L18lslll_\n_.6.ls..._\n_F......._\n_1......._\n_3.B12..._\n__________
LEVEL:41:____________________\n_llllllff........L._\n_lgggglff........1._\n_lbggglff........5._\n_lg..glff.........._\n_lG15glff.........._\n_llllllff.........._\n_ffffwww..........._\n_ffff.............._\n_.................._\n_.........F.3......_\n_..B12.....1......._\n_.................._\n_.........k........_\n_....K12..........._\n_.................._\n_.................._\n_................7._\n_.................._\n____________________
LEVEL:42:__________\n_f.k.k.kk_\n_.B12F13._\n_k......k_\n_...b...._\n_k......k_\n_........_\n_k......k_\n_.K14K17._\n__________
LEVEL:43:__________\n_ffffffff_\n_W16....._\n_Bk......_\n_1.k...k._\n_2...k..._\n_w..wwwww_\n_...k...._\n_Kk.....k_\n_1k...k.._\n_7......._\n_w..wwwww_\n_........_\n_F13...k._\n_K..k...._\n_1......._\n_4...kk.b_\n__________
LEVEL:44:__________\n_FWwwwwww_\n_11wb.fww_\n_36wwwwww_\n_G10wgkww_\n_wwwwwwww_\n_wBKwwwww_\n_w11wwwww_\n_b2.kwwww_\n__________
LEVEL:45:___________\n_.F.w..V.._\n_o1.w.o1.._\n_.4.w.o2.o_\n_wwww.o..._\n_.ov...oWw_\n_.ov.o..1w_\n_..o.O186w_\n_foo..wF13_\n___________
LEVEL:46:____________________\n_W........wwwwwwwww_\n_1wwwwwwwww......Kw_\n_6wK17ooowwR1.O.81w_\n_Kwkooo3oww..3.1.9w_\n_1wkoooooww.......w_\n_4wo1kbkowwaaaaw.ww_\n_Awooooooww.....ww._\n_1woooooowwb..w..w._\n_9wwwwwwwwww.sw.ww._\n_Awwwwwwwwwwwlwwww._\n_1wb.....ww......w._\n_4wwwww.www.b.R..w._\n_Sw......ww.r.1..w._\n_1ww.wwwwww...5L.w._\n_4wrrrrrrww....1.w._\n_Bwrrfrrrww....8.w._\n_1wwwwwwwwwwwwwwww._\n_9R19F13L18R14B12.._\n____________________
LEVEL:47:______\n_fr.b_\n_F13w_\n_gggg_\n_wwww_\n_F17w_\n_R15w_\n_G10W_\n_B121_\n_W16W_\n______
LEVEL:48:__________\n_WSLlllll_\n_111llllk_\n_556llK12_\n_lllllB17_\n_lllllK1._\n_lllkklll_\n_lllwwlll_\n_FllssllF_\n_1......1_\n_3......3_\n_f......f_\n_........_\n_........_\n_oooggooo_\n_..o..o.._\n_GBo..oOS_\n_11ob.o11_\n_89o..o58_\n__________
LEVEL:49:____________________\n_Wwvvvvvvvfvvvvvvvv_\n_1wvvvvvvv.vvvvvvvv_\n_6wvvvvvvv.vvvvvvvv_\n_Fwvvvvvvv.vvvvvvvv_\n_1wvvvvvvv.vvvvvvvv_\n_3wvvvvvvvvvvvvvvvv_\n_Vwvvvvvvvvvvvvvvvv_\n_1wvvvvvvvvvvvvvvvv_\n_4wvvvvvvvvvvvvvvvv_\n_wwvvvvvvvvvvvvvvvv_\n_..............s..._\n_......r.r.....sS.._\n_...b..rrr.....s1.._\n_..B12..R......s4.._\n_.......1......s..._\n_.......5..O1O.s..._\n_..............w..._\n_..............w..._\n____________________
LEVEL:50:_______\n_bB12._\n_...F._\n_.fR15_\n_...3._\n_.r..._\n_______
LEVEL:51:________\n_rrrrrr_\n_rrrrrr_\n_rrbrrr_\n_rr.rRr_\n_r..B12_\n_r.3.6._\n________
LEVEL:52:____________\n_v......V12_\n_...f.....F_\n_.R.....b.1_\n_B12......3_\n_...S.S14.._\n____________
LEVEL:53:__________\n_bB1...2._\n_..fR1SF._\n_1...31s._\n_3.r..2.1_\n__________
LEVEL:54:_________\n_......._\n_....b.._\n_....s.._\n_......F_\n_.B12..1_\n_......3_\n_...S121_\n_________
LEVEL:55:____________\n_.........._\n_.b..S....._\n_.....712.._\n_.....O...._\n_.B........_\n_...b.....F_\n_.........1_\n_GokK12...3_\n_V......B1._\n_r........R_\n____________
LEVEL:56:________\n_......_\n_.b...._\n_......_\n_......_\n_.S...._\n_.1...._\n_.BB123_\n_.s...3_\n________
LEVEL:57:____________\n_B1.B.....B_\n_R1.......1_\n_..5....S12_\n_.........._\n_.r.....b.._\n_...L......_\n_......1..F_\n_..f......1_\n_......s..4_\n_F13......._\n____________
LEVEL:58:_______\n_F.B12_\n_1b..._\n_3...f_\n_..k.._\n_K17.._\n_______
LEVEL:59:____________\n_B12w.....S_\n_K12w.....1_\n_F16w....7._\n_wwww......_\n_G1........_\n_1.....s..._\n_.0.3.sbs.._\n_g.....s..g_\n_gg......gg_\n_ggg....ggg_\n____________
LEVEL:60:____________\n_B12......S_\n_Br.......1_\n_R..f.....F_\n_.........1_\n_G1.......3_\n_1.....s.f._\n_.0.3.sbs.F_\n_g.....s..g_\n_gg..13..gg_\n_ggg....ggg_\n____________
LEVEL:61:_________\n_.....B8_\n_......._\n_...R..._\n_..o1..._\n_......._\n_....B.._\n_......._\n_....rs._\n_..1SF.._\n_fB31s.._\n_F112o.._\n_......._\n_________
LEVEL:62:________\n_......_\n_......_\n_......_\n_......_\n_......_\n_......_\n_..B..._\n_..1..._\n_..2F13_\n_..b..._\n_......_\n_......_\n_f.F15._\n_......_\n_......_\n________
LEVEL:63:_____________\n_.....2....._\n_.b...F....._\n_....w.712.._\n_.B....O...._\n_....S.....F_\n_........S.1_\n_.....K12..._\n_.b.W......._\n_........s.._\n_.....B12s3k_\n_..........k_\n_____________
LEVEL:64:_________\n_Fw.f.wB_\n_1w...w1_\n_3wwwww2_\n_......._\n_..W16.._\n_......._\n_...b..._\n_________
LEVEL:65:____________\n_B13......F_\n_....f....1_\n_rrrR1Rrrr2_\n_........b._\n____________
LEVEL:66:____________\n_F13wwwwK14_\n_w.o.okofow_\n_wo.o.o.o.w_\n_wko.o.o.ow_\n_wo.o.o.o.w_\n_w.o.o.o.ow_\n_wo.o.o.okw_\n_w.o.o.o.ow_\n_wo.obo.o.w_\n_K17wwwwB12_\n____________
LEVEL:67:____________\n_.........._\n_llllllll.._\n_.....r...._\n_.........._\n_..b..r...._\n_.........._\n_gggggggg.._\n_W13..G17.._\n_.........._\n_B12......._\n____________
LEVEL:68:___________\n_B12w....._\n_wwww.brk._\n_.R......._\n_........._\n_ggggggggg_\n_.1......._\n_.5......._\n_........._\n_.K......._\n_........._\n_ggggggggg_\n_........._\n_......ooo_\n_wwww..ofo_\n_W16w..ooo_\n_G10w..F13_\n___________
LEVEL:69:__________\n_k....b.._\n_w....o.o_\n_sB123ggg_\n_.fR.oo.o_\n_.....bg._\n_.r..f..._\n_.s.bs..k_\n_..sg.www_\n__________
LEVEL:70:__________\n_...12..._\n_...r.ooo_\n_2...B11O_\n_......31_\n_s2.3...2_\n_........_\n_..R1..F1_\n_.....S14_\n__________
LEVEL:71:_______________\n_.l..gL16g..l._\n_.l..ggggg..l._\n_............._\n_............._\n_..l.......l.._\n_..l.......l.._\n_3....G10....3_\n_..l.......l.._\n_..l.......l.._\n_............._\n_............._\n_.l..ggggg..l._\n_.l..gL12g..l._\n_______________
LEVEL:72:__________\n_.kSFr..._\n_vbR1Sbb._\n_g..31skB_\n_r...2so8_\n_bss...a4_\n_FR...aa._\n_S1o....w_\n_W6R11oof_\n__________
LEVEL:73:__________\n_........_\n_....V12._\n_........_\n_........_\n_F.v.v..._\n_1..v...._\n_3......._\n_....f..._\n__________
LEVEL:74:__________\n_........_\n_....V12._\n_..v.v..._\n_..vvv..._\n_F.v.v..._\n_1..v...._\n_3......._\n_....f..._\n__________
LEVEL:75:__________\n_.....B12_\n_.W.14..._\n_.1wwwww._\n_.6wf..w._\n_..w..kw._\n_F.wwwww._\n_1......._\n_3...bK17_\n__________
LEVEL:76:____________\n_K..w.kwK14_\n_1...okkfow_\n_7...B12o.w_\n_s.k......._\n_.....R...._\n_w.www..W16_\n_w........._\n_..b...r..k_\n_w........._\n_..kwwwF13._\n____________
LEVEL:77:____________\n_K.kw.kwK14_\n_1...okkfo._\n_7.o.A12o.w_\n_s.2..r.o.._\n_.....R...._\n_w.www..W16_\n_w...o..o.._\n_..b...rbak_\n_w...5...o._\n_b.fwwwF13._\n____________
LEVEL:78:__________\n_...12..._\n_...rg1.._\n_........_\n_.s..wk2g_\n_F12.V7f._\n_w.F.v..._\n_3R25K..._\n_..v....._\n__________
LEVEL:79:__________\n_W16..R15_\n_.....R13_\n_..R....._\n_B1B12.ww_\n_......wr_\n_......ww_\n_........_\n_b....R19_\n__________
LEVEL:80:__________\n_W16..R15_\n_.....R13_\n_..R....._\n_B1B12.ww_\n_......wr_\n_......ww_\n_...R...._\n_bB1..R19_\n__________
LEVEL:81:__________\n_B1B....f_\n_1......._\n_2......._\n_........_\n_........_\n_.......F_\n_.......1_\n_b......3_\n__________
LEVEL:82:__________\n_V1V....B_\n_.......1_\n_V1.....2_\n_..F....._\n_........_\n_........_\n_........_\n_bv....7F_\n_.......1_\n_.......3_\n_wwwwwwww_\n_.v....W._\n_......1._\n_f.....6._\n__________
LEVEL:83:__________\n_B12..F13_\n_........_\n_........_\n_........_\n_.b....f._\n_........_\n_........_\n_........_\n__________
LEVEL:84:__________\n_.K14.B12_\n_.fow...._\n_2o.w...3_\n_..1.W..w_\n_..4...k._\n_....rr.._\n_........_\n_....bK17_\n__________
LEVEL:85:__________\n_l......._\n_...b...._\n_L1B....._\n_..1....._\n_..2F...._\n_.b.bB1Br_\n_........_\n_.f....13_\n__________
LEVEL:86:__________\n_bF132..G_\n_....g1.1_\n_..B12AO._\n_.RF13wwr_\n_a12....._\n_o.....WF_\n_......F1_\n_.....f.._\n__________
LEVEL:87:__________\n_W16w..s._\n_...wF..._\n_...w1..._\n_...w3..._\n_r..w...._\n_...wR.b._\n_S14wB12._\n_.1Fw...r_\n__________
LEVEL:88:__________\n_W16w..s._\n_.14wF..._\n_F..w1..._\n_...w3..._\n_..rw...._\n_...wR.b._\n_S14wB12._\n_.1Fw...r_\n__________
LEVEL:89:__________\n_........_\n_WW..W16._\n_11b.B12._\n_9W......_\n_........_\n_FL...www_\n_11...wll_\n_38...wlf_\n__________
LEVEL:90:________________\n_K17..........._\n_1....3........_\n_.4w.k...Ww...._\n_..l.....1....._\n_..lw.k.76Ww..._\n_..l..........._\n_lllllllll....._\n_......ll......_\n_.............._\n_b............._\n_L14........B12_\n________________
LEVEL:91:__________\n_...K.3.._\n_.f.k...._\n_kkkk...._\n_...kgkkk_\n_........_\n_G10...b._\n_.....B12_\n_K14..F13_\n__________
LEVEL:92:__________\n_.....b.s_\n_FBs....s_\n_f13....s_\n_.2..rrrr_\n_...r...._\n_...r.RF._\n_...r.11._\n_S14r.5.._\n__________
LEVEL:93:__________\n_.B1..ww._\n_s..S...f_\n_.w1ww4.._\n_.w.SF..1_\n_1.4.Bw.4_\n_3bww3w.._\n_.......s_\n_.W12.s.._\n__________
LEVEL:94:__________\n_........_\n_B12....._\n_S16....._\n_K13.b..._\n_G16....._\n_F16..v.v_\n_.....vsv_\n_V16..vkf_\n__________
LEVEL:95:___________\n_s...f...s_\n_.k.....k._\n_..k...k.._\n_...k.k..._\n_....k...._\n_....S14.._\n_........._\n_K17...K14_\n_B12.b.F13_\n___________
LEVEL:96:__________\n_.B1.sF13_\n_S142s..._\n_...fs..._\n_sssss..._\n_........_\n_.....17._\n_.B12..b._\n_........_\n__________
LEVEL:97:_________\n_....F13_\n_......._\n_..K...._\n_..1...._\n_.f2...._\n_......._\n_k......_\n_________
LEVEL:98:__________\n_........_\n_...F13.._\n_........_\n_.......v_\n_B.....a._\n_1......._\n_2..O...._\n_..k.fb.S_\n__________
LEVEL:99:__________\n_B12.gggf_\n_F13agggg_\n_R15.gggg_\n_G10.gggg_\n_.a......_\n_..r..rr._\n_..rrrrrr_\n_b..rr..._\n__________
LEVEL:100:__________\n_........_\n_........_\n_.B...k.._\n_1......._\n_wwwvwwww_\n_.b......_\n_........_\n_.....3.._\n_...K...._\n_....1..._\n_..7....._\n_........_\n_.......V_\n_.......1_\n_B12..W14_\n__________
LEVEL:101:__________\n_....B12b_\n_....b..._\n_.......F_\n_...1...1_\n_......12_\n_........_\n_gb...f.._\n_g......._\n_g1..Rr.._\n_gfRf12.k_\n_G.f36..._\n_.b.15..F_\n_G.f....1_\n_.......4_\n_K13....._\n__________
LEVEL:102:__________\n_........_\n_........_\n_.bf....._\n_......B._\n_......1._\n_.F13..2._\n_........_\n_........_\n__________
LEVEL:103:___________\n_oLoLBLoLo_\n_o1o111o1o_\n_w8w828w8w_\n_ooo131ooo_\n_L18oboooo_\n_oooowoOoo_\n_L18oWoL18_\n_oooo1oooo_\n_L14o6oo1L_\n___________
LEVEL:104:_______________\n_B12wwW16.F.13_\n_K14ww.......k_\n_1bG.w.....k.._\n_7.1ww.w.....k_\n_f.4ww.....k.._\n_gggww..k....._\n_gggwwk......._\n_gggww..k....._\n_gggwwk......._\n_k..www..k...k_\n_..k..www..k.._\n_k......w...kw_\n_wwwwww...wwww_\n_______________
LEVEL:105:___________\n_B19L18F13_\n_1wwwwwwwW_\n_2w..b..w1_\n_ww.....w6_\n_..A....wA_\n_a.1.a..w1_\n_...5...w9_\n_.llllllll_\n_.llllllll_\n_.....l..._\n_.V1.vl.f._\n_.1...l..._\n_..2.lllll_\n___________
LEVEL:106:__________\n_.f......_\n_........_\n_kkkkkgkk_\n_B12....._\n_........_\n_G10....._\n_..F13..._\n_......b._\n__________
LEVEL:107:__________\n_.....L14_\n_.llK14wF_\n_.Wrb...1_\n_.ww....3_\n_.ww....._\n_.R1....._\n_........_\n_.1F..B12_\n__________
LEVEL:108:__________\n_b....V.B_\n_.....1.1_\n_..3..9.2_\n_.F...s.._\n_S14sss.._\n_........_\n_........_\n_....f..k_\n__________
LEVEL:109:______________\n_l.bFk...l..._\n_l.B12...l..._\n_l.k42....l.._\n_ll...R..rl2._\n_.1l......l.._\n_..llKl.lll.._\n_.k..1......._\n_....8.f..4.._\n_..2........._\n_..F1.9..K12._\n_...3........_\n_............_\n______________
LEVEL:110:__________\n_B12...fO_\n_...3...._\n_.b......_\n_F......o_\n_1......l_\n_L1......_\n_3......._\n_........_\n__________
LEVEL:111:__________\n_.2......_\n_S..b...._\n_..B....._\n_ww1....._\n_W1......_\n_.F12ss.._\n_....B123_\n_.f.....3_\n__________
LEVEL:112:__________\n_b....F13_\n_l..W16.._\n_llwlllll_\n_.....V.._\n_gggG..12_\n_v.g1.L18_\n_f.g0...._\n_ggg..B12_\n__________
LEVEL:113:______\n_...._\n_.r.._\n_...f_\n_R12._\n_..F._\n_..1._\n_..3._\n_...._\n_...._\n______
LEVEL:114:___________\n_B12aab..._\n_.......A._\n_.......1._\n_F13....7._\n_ggggggggg_\n_ggwwwwwgg_\n_www.f.www_\n_W16.k.G14_\n___________
LEVEL:115:__________\n_........_\n_........_\n_..F12..._\n_........_\n_....31A._\n_fff....._\n_..f....._\n_a.f....._\n__________
LEVEL:116:__________\n_........_\n_.......o_\n_..f....._\n_........_\n_...K13.._\n_.r.g..B._\n_..w...1._\n_...b..2k_\n__________
LEVEL:117:__________\n_B1.awB12_\n_f.o..12._\n_b....rg1_\n_1......._\n_3..Rrr.5_\n_....r..l_\n_g7.w.Ar._\n_K2.k..or_\n__________
LEVEL:118:__________\n_B12..F13_\n_1......._\n_9......._\n_..rb.9.._\n_........_\n_..R..5.._\n_..1....v_\n_V18...vf_\n__________
LEVEL:119:__________\n_b......B_\n_..1.R..1_\n_.R...5.2_\n_........_\n_.0.rrr.._\n_gggggggg_\n_gg...G10_\n_fg...F13_\n__________
LEVEL:120:__________\n_........_\n_S12.B..._\n_S..1..2._\n_........_\n_K.....s._\n_...b...._\n_........_\n_3......._\n__________
LEVEL:121:__________\n_........_\n_.b......_\n_..B....._\n_..1....._\n_..2....._\n_..3....._\n_.Ss....._\n_........_\n__________
LEVEL:122:__________\n_b......._\n_........_\n_...f...._\n_B......._\n_1......._\n_2......._\n_l......._\n_ff.lF13._\n__________
LEVEL:123:__________\n_....B12._\n_....F13._\n_k.b....._\n_....K1.._\n_....fR.._\n_........_\n_........_\n_....r..._\n__________
LEVEL:124:__________\n_........_\n_...b...._\n_........_\n_........_\n_..B...F._\n_..1...1._\n_..2...3._\n_........_\n_........_\n_.......f_\n_........_\n__________
LEVEL:125:__________\n_........_\n_b......._\n_........_\n_...r...._\n_..R12..._\n_.....F.f_\n_.....1.._\n_.....3.._\n__________
LEVEL:126:__________\n_..B12..._\n_........_\n_....F..._\n_..fR15.._\n_b...3..._\n_........_\n_........_\n_..r....._\n__________
LEVEL:127:__________\n_F13....._\n_........_\n_........_\n_.b......_\n_........_\n_...B12.._\n_........_\n_f......._\n__________
LEVEL:128:__________\n_....LLLr_\n_1...LLL._\n_F......._\n_.......F_\n_.......1_\n_.......3_\n_..Rb...._\n_.....B12_\n__________
LEVEL:129:__________\n_......13_\n_..W16..._\n_...B1B.._\n_..B1...._\n_..12...._\n_wwb....._\n_........_\n_........_\n__________
LEVEL:130:_______________\n_......w......_\n_......r..R15._\n_..g.ggr.w...._\n_..g...r...w.._\n_g.rrr.rrk...._\n_.....rK14...._\n_.r.w...r..k.._\n_..r.w.r..ggrg_\n_.bwwwwr.W16r._\n_.wr.rrrwr..k._\n_.w...gw.r..k._\n_.w.f.g..r...._\n_.wr.....r...._\n_B12G10..r.F13_\n_______________
LEVEL:131:_______________\n_......w......_\n_......r..R15._\n_..g.ggr.w...._\n_..g...r...w3._\n_g.rrr.rrk...._\n_.....rK14...._\n_.r.w...r..k.._\n_..r.w.r..ggrg_\n_.bwwwwr.W16r._\n_.wr.rrrwr..k._\n_.w...gw.r..k._\n_.w.f.g..r...._\n_.wr.....r...._\n_B12G10..r.F13_\n_______________
LEVEL:132:__________\n_.......f_\n_........_\n_.k......_\n_..k....._\n_b..k...._\n_.....F13_\n_B12....._\n_........_\n__________
LEVEL:133:__________\n_........_\n_........_\n_llllllll_\n_L.....B._\n_1...b.1._\n_8.....9._\n_........_\n_B12..F13_\n__________
LEVEL:134:_______________\n_b........wF19_\n_G.R.B.R.SwV18_\n_1.R.1.1.1wV17_\n_6.R.2.5.6wF13_\n_...r.r...wW16_\n_.........wG1G_\n_....g....wS1S_\n_wwwwswwwwwwww_\n_vg..f..svw..._\n_______________
LEVEL:135:__________\n_......F._\n_f......o_\n_..b....f_\n_......R._\n_.r....11_\n_.1OB12.._\n_1..b...._\n_3......._\n__________
LEVEL:136:__________\n_........_\n_b.....b._\n_.....b.._\n_...r...._\n_..R12..._\n_.....F.f_\n_.b...1.._\n_.....3.._\n__________
LEVEL:137:__________\n_F13....._\n_........_\n_........_\n_.b......_\n_........_\n_.....B12_\n_........_\n_f......._\n__________
LEVEL:138:__________\n_......BF_\n_.b....11_\n_....R.23_\n_1..5.r.._\n_.....r.._\n_gggggggg_\n_gggggggg_\n_gggggfgg_\n__________
LEVEL:139:__________\n_V.2a..12_\n_B12avF.._\n_bv.a...._\n_aaaaaaaa_\n_...a...._\n_r.Ra.A.._\n_A16a1..._\n_A1032f3._\n__________
LEVEL:140:__________\n_F13....f_\n_....llV._\n_....ll1l_\n_....ll2l_\n_...lll.l_\n_...lllll_\n_.v......_\n_........_\n__________
LEVEL:141:__________\n_........_\n_F12....._\n_....3..._\n_....V1.._\n_........_\n_........_\n_...f.l.v_\n_.....l.._\n__________
LEVEL:142:__________\n_....w.b._\n_....w..w_\n_B13.w.ww_\n_........_\n_F12.fff._\n_........_\n_....W15._\n_........_\n__________
LEVEL:143:__________\n_G......._\n_1..L14.._\n_0......F_\n_.......1_\n_.b.....3_\n_ggg....._\n_llg.B12._\n_fl......_\n__________
LEVEL:144:__________\n_bB1...2._\n_..fR1SF._\n_1...31s._\n_3.s..2.1_\n__________
LEVEL:145:__________\n_......wf_\n_W15..w.._\n_.....w.w_\n_.B12w.w._\n_.....w.._\n_...b..ww_\n_F13...w._\n_......w._\n__________
LEVEL:146:____________\n_A18wa....._\n_B19ww..a.._\n_1ssswa..a._\n_2K13wV13a._\n_wwwww..a.._\n_aaaaa...a._\n_a....aaVav_\n_..aa.aa1av_\n_a.ba.a.8av_\n_aaaa...akv_\n____________
LEVEL:147:__________\n_...w..w._\n_..w.fw.._\n_V12..v.w_\n_....w.w._\n_..ww...w_\n_F13.w.v._\n_.b.v...._\n_....W15._\n__________
LEVEL:148:__________\n_.....w.._\n_F13v...._\n_..V1..w._\n_.b..2..._\n_.W15...w_\n_.w...w.._\n_....w..._\n_B12.w.f._\n__________
LEVEL:149:__________\n_fwwwwwGF_\n_ggwwww11_\n_ggrwww03_\n_g...wwwW_\n_r....ww1_\n_.W19.R16_\n_.O18.1ww_\n_bB12b5.w_\n__________
LEVEL:150:__________\n_.......4_\n_.b..v.gb_\n_..lBOrv._\n_O131..F._\n_.sf2..f._\n_..w...bl_\n_...g.v.._\n_A.of.f.9_\n__________
LEVEL:151:__________\n_.B......_\n_.1..F13O_\n_.2bR...._\n_........_\n_......a._\n_........_\n_........_\n_...f...._\n__________
LEVEL:152:____________________\n_BWw..............._\n_11w.....G10......._\n_26w..wwwwwwww....._\n_www..woooooow....._\n_.....wooR15ow....._\n_.....woooooow....._\n_.....woborrow....._\n_.....woooooow....._\n_..wwwwwggggwwwww.._\n_..w............w.._\n_..w............w.._\n_..w............w.._\n_..wggg.........w.._\n_..wggg.....F13.w.._\n_..wfgg.........w.._\n_..wwwwwwwwwwwwww.._\n_.................._\n_.................._\n____________________
LEVEL:153:__________\n_L1.....O_\n_1......1_\n_8......9_\n_........_\n_F15.V12._\n_w.l.Kv.._\n_3.2.V..k_\n_.......k_\n__________
LEVEL:154:__________\n_B1gg..kb_\n_...v...._\n_......f3_\n_a3V12..._\n_........_\n_.g......_\n_K1.G...._\n_B1...F13_\n__________
LEVEL:155:__________\n_B12..G10_\n_...f...._\n_........_\n_gggggggg_\n_b......._\n_.....r.._\n_........_\n_F13..R15_\n__________
LEVEL:156:__________\n_.R.bll.f_\n_L18.lll._\n_.5..ll.r_\n_..r.ll.1_\n_..r.ll.l_\n_.F..ll.B_\n_B19.ll.1_\n_.3.....2_\n__________
LEVEL:157:__________\n_V12.r..._\n_R.rr2rw._\n_1r....wg_\n_4.ggrrwv_\n_gggF13aa_\n_r.gggggg_\n_a..rarar_\n_fargrara_\n__________
LEVEL:158:__________\n_B12..G10_\n_........_\n_gg..b.1._\n_Fgsr.r5._\n_.gsr.R.._\n_.gs....._\n_.gssss.._\n_.13S141F_\n__________
LEVEL:159:__________\n_B12..G10_\n_sss....._\n_gg..b.1._\n_Fgsr.r5._\n_.gsr.R.._\n_.gs....._\n_.gssss.._\n_.13S141F_\n__________
LEVEL:160:__________\n_kBK.w.b._\n_..1ww..._\n_..2w...._\n_wwww..V._\n_......1._\n_......3._\n_W18....._\n_.....B19_\n__________
LEVEL:161:__________\n_BK13gggG_\n_1rrrggR1_\n_2rbrgR16_\n_.rrrgg7g_\n_.ggggrgg_\n_.ggggggg_\n_.g..rggr_\n_.r.r.r.k_\n__________
LEVEL:162:__________\n_bwawaB12_\n_wawawawa_\n_awawawaw_\n_wawawawa_\n_awawawaw_\n_wawawawa_\n_awawawaw_\n_F13awawf_\n__________
LEVEL:163:__________\n_........_\n_.aaaaa.1_\n_.aabaa.3_\n_.aaaaa.._\n_........_\n_.A......_\n_.1......_\n_.2...B12_\n__________
LEVEL:164:__________\n_KRg...rs_\n_11.g..rr_\n_45.gg..._\n_.B13g..._\n_....wS12_\n_L...l..._\n_1.kkl.k._\n_0b.ll.k._\n__________
LEVEL:165:__________\n_VB12...3_\n_1o..o..._\n_4o..vK16_\n_oo.o...._\n_vobo.kk._\n_..o....._\n_..v..v.._\n_........_\n__________
LEVEL:166:__________\n_wfkwwwww_\n_lwwlwwlw_\n_sllsllsl_\n_.s......_\n_....b.s._\n_W16F13.._\n_..B19S14_\n_L18..B12_\n__________
LEVEL:167:__________\n_kk.k.kkk_\n_llo..o.k_\n_.lo..o.k_\n_.loooo.k_\n_.llll..k_\n_..looooo_\n_..lollll_\n_..lollll_\n_....llll_\n_........_\n_........_\n_L16....._\n_........_\n_........_\n_BK13...._\n_1......._\n_2.K17..._\n_b......._\n__________
LEVEL:168:_____________\n_..wwB12ww.._\n_..........._\n_..wwrwrww.._\n_..w.....w.._\n_W.Rw.b.wR.B_\n_1.w.....w.1_\n_6.w.....w.2_\n_w.w.......w_\n_w1.ww.ww.1w_\n_.........3._\n_..wwR15w..._\n_____________
LEVEL:169:_____________\n_B12F13fL17._\n_..........._\n_l.l.ll.ll.._\n_..........._\n_l.l..l..l.._\n_l..l..l...._\n_.l.....l.l._\n_ll.l.l.l..l_\n_..........._\n_..........._\n_b...B19.L18_\n_____________
LEVEL:170:__________\n_..b....._\n_B12.www._\n_K1.w.k.w_\n_...w...w_\n_....w.wF_\n_....wfw1_\n_.....w.3_\n_W17....._\n__________
LEVEL:171:_____________\n_B12S14F13ww_\n_S17O14W16bw_\n_wwwwwwwww.w_\n_wwwwww..osw_\n_wwwww..os.w_\n_wwww...so.w_\n_www...so..w_\n_ww.....so.w_\n_w......os.w_\n_........osw_\n_.......os.w_\n_w......so.w_\n_ww....so..w_\n_www....so.w_\n_wwww...os.w_\n_wwwww...osw_\n_wwwwww.os.w_\n_wwwwwwwwwfw_\n_____________
LEVEL:172:____________________\n_S16.........wwww.._\n_............wBFw.._\n_............w11w.._\n_............w23w.._\n_............wwww.._\n_...wwwwwwwww......_\n_...wosooooow......_\n_...wooooooow......_\n_...wooobosow......_\n_...wsooooosw......_\n_...woosoooow......_\n_...wwwwwwwww......_\n_.................._\n_.......f.........._\n_.................._\n_.................._\n_.................._\n_.................._\n____________________
LEVEL:173:__________\n_B12oo.b._\n_ooooo.F._\n_sosoo.1._\n_ofooo.3._\n_sosoo..._\n_oooooooo_\n_ooooO14o_\n_oooooooo_\n__________
LEVEL:174:____________________\n_wwowwf....Kwbwwow._\n_wB12wwF13.1w.wooWw_\n_wwbww.o.oA12.oo.1w_\n_LRwwV....o3o.wwo6r_\n_11.Br1......kwwwwg_\n_451.3..llll..wwwgg_\n_..4lwgwlllllllwwwg_\n_llllwvwllllllwK17w_\n____________________
LEVEL:175:__________\n_bsfgalro_\n_kwoBSFWA_\n_ROKGV213_\n_6750489w_\n_w.....ww_\n_w.wwwwWw_\n_w...vw1w_\n_B12V136w_\n__________
LEVEL:176:____________________\n_W........wwwwwwwww_\n_1wwwwwwwww......Kw_\n_6woooooowwR1.O.81w_\n_Kwooo3koww..3.1.9w_\n_1wkoooooww.......w_\n_4wo1kbkowwaaaaw.ww_\n_Awooooooww....oww._\n_1wK17ooowwb..woow._\n_9wwwwwwwwww.swoww._\n_Awwwwwwwwwwwlwwww._\n_1wb.....ww......w._\n_4wwwww.www.b.R..w._\n_Sw......ww.r.1..w._\n_1ww.wwwwww...5L.w._\n_4wrrrrrrww....1.w._\n_Bwrrfrrrww....8.w._\n_1wwwwwwwwwwwwwwww._\n_9R19F13L18R14B12.._\n____________________
LEVEL:177:__________\n_........_\n_S2..B12._\n_w...s..._\n_...7wooo_\n_.1.vooVo_\n_.3vbW1.6_\n_...voo2o_\n_V14.oO16_\n__________
LEVEL:178:____________________\n_WR1R.....wwwwwwwww_\n_1wwwwwwwww......Kw_\n_6wK17ooowwR1.O.81w_\n_Kwkooo3oww..3.1.9w_\n_1wkoooooww.......w_\n_4wo1kbkowwaaaaw.ww_\n_Awooooooww.....ww._\n_1woooooowwb..w..w._\n_9wwwwwwwwww.sw.ww._\n_Awwwwwwwwwwwlwwww._\n_1wb.....ww......w._\n_4wwwww.www.b.R..w._\n_Sw......ww.r.1..w._\n_1ww.wwwwww...5L.w._\n_4wrrrrrrww....1.w._\n_Bwrrfrrrww....8.w._\n_1wwwwwwwwwwwwwwww._\n_9R19F13L18R14B12.._\n____________________
LEVEL:179:__________\n_KF13K1K._\n_1f......_\n_4.wwwwwk_\n_B.wK1b.._\n_1.waA.6._\n_2WwvV.2._\n_w1wgG.0._\n_w6wlL.8._\n__________
LEVEL:180:____________________\n_S14W16...........V_\n_B12V18ww.........1_\n_G14S19..w........5_\n_.w.w..ww.........._\n_...www............_\n_.................._\n_.................._\n_....wwwwsw........_\n_...w.vb..w........_\n_..w..b...w........_\n_...w..b..w........_\n_....wwwwww........_\n_.................._\n_...O15........gggg_\n_...F13....gggggggg_\n_.........gggoooooo_\n_......ggggggoooooo_\n_..ggggggggggooooof_\n____________________
LEVEL:181:____________\n_L.kwB..K1r_\n_w.r..3.fos_\n_wS1.....s1_\n_g.r.W1..s4_\n_W.b......._\n_kk..rb.ff5_\n_9.B12....G_\n_.b.f.swgw1_\n_g.o...oO.0_\n_v.wwoRF1.f_\n____________
LEVEL:182:__________\n_K14....._\n_1k..k..._\n_.boL..k._\n_.A15..aa_\n_.b....b._\n_k...F.k._\n_..k.1..._\n_B12.lf13_\n__________
LEVEL:183:____________________\n_Wwvvvvvvvfvvvvvvvv_\n_1wvvvvvvv.vvvvvvvv_\n_6wvvvvvvv.vvvvvvvv_\n_Fwvvvvvvv.vvvvvvvv_\n_1wvvvvvvv.vvvvvvvv_\n_3wvvvvvvvvvvvvvvvv_\n_Vwvvvvvvvvvvvvvvvv_\n_1wvvvvvvvvvvvvvvvv_\n_4wvvvvvvvvvvvvvvvv_\n_wwvvvvvvvvvvwwwwww_\n_............r....._\n_............rRK.B._\n_...b..sss...r11.1._\n_..B12..S....r457.._\n_..B12..1....r....._\n_.......5....kw...._\n_.O1O........ww...._\n_............w....._\n____________________
BATCH:-1:0:0
BATCH:-1:1:1
BATCH:-1:2:2
BATCH:-1:3:3
BATCH:-1:4:4
BATCH:-1:5:5
BATCH:-1:6:6
BATCH:-1:7:7
BATCH:-1:8:8
BATCH:-1:9:9
BATCH:-1:10:10
BATCH:-1:11:11
BATCH:-1:12:12
BATCH:-1:13:13
BATCH:-1:14:14
BATCH:-1:15:15
BATCH:-1:16:16
BATCH:-1:17:17
BATCH:-1:18:18
BATCH:-1:19:19
BATCH:-1:20:20
BATCH:-1:21:21
BATCH:-1:22:22
BATCH:-1:23:23
BATCH:-1:24:24
BATCH:-1:25:25
BATCH:-1:26:26
BATCH:-1:27:27
BATCH:-1:28:28
BATCH:-1:29:29
BATCH:-1:30:30
BATCH:-1:31:31
BATCH:-1:32:32
BATCH:-1:33:33
BATCH:-1:34:34
BATCH:-1:35:35
BATCH:-1:36:36
BATCH:-1:37:37
BATCH:-1:38:38
BATCH:-1:39:39
BATCH:-1:40:40
BATCH:-1:41:41
BATCH:-1:42:42
BATCH:-1:43:43
BATCH:-1:44:44
BATCH:-1:45:45
BATCH:-1:46:46
BATCH:-1:47:47
BATCH:-1:48:48
BATCH:-1:49:49
BATCH:-1:50:50
BATCH:-1:51:51
BATCH:-1:52:52
BATCH:-1:53:53
BATCH:-1:54:54
BATCH:-1:55:55
BATCH:-1:56:56
BATCH:-1:57:57
BATCH:-1:58:58
BATCH:-1:59:59
BATCH:-1:60:60
BATCH:-1:61:61
BATCH:-1:62:62
BATCH:-1:63:63
BATCH:-1:64:64
BATCH:-1:65:65
BATCH:-1:66:66
BATCH:-1:67:67
BATCH:-1:68:68
BATCH:-1:69:69
BATCH:-1:70:70
BATCH:-1:71:71
BATCH:-1:72:72
BATCH:-1:73:73
BATCH:-1:74:74
BATCH:-1:75:75
BATCH:-1:76:76
BATCH:-1:77:77
BATCH:-1:78:78
BATCH:-1:79:79
BATCH:-1:80:80
BATCH:-1:81:81
BATCH:-1:82:82
BATCH:-1:83:83
BATCH:-1:84:84
BATCH:-1:85:85
BATCH:-1:86:86
BATCH:-1:87:87
BATCH:-1:88:88
BATCH:-1:89:89
BATCH:-1:90:90
BATCH:-1:91:91
BATCH:-1:92:92
BATCH:-1:93:93
BATCH:-1:94:94
BATCH:-1:95:95
BATCH:-1:96:96
BATCH:-1:97:97
BATCH:-1:98:98
BATCH:-1:99:99
BATCH:-1:100:100
BATCH:-1:101:101
BATCH:-1:102:102
BATCH:-1:103:103
BATCH:-1:104:104
BATCH:-1:105:105
BATCH:-1:106:106
BATCH:-1:107:107
BATCH:-1:108:108
BATCH:-1:109:109
BATCH:-1:110:110
BATCH:-1:111:111
BATCH:-1:112:112
BATCH:-1:113:113
BATCH:-1:114:114
BATCH:-1:115:115
BATCH:-1:116:116
BATCH:-1:117:117
BATCH:-1:118:118
BATCH:-1:119:119
BATCH:-1:120:120
BATCH:-1:121:121
BATCH:-1:122:122
BATCH:-1:123:123
BATCH:-1:124:124
BATCH:-1:125:125
BATCH:-1:126:126
BATCH:-1:127:127
BATCH:-1:128:128
BATCH:-1:129:129
BATCH:-1:130:130
BATCH:-1:131:131
BATCH:-1:132:132
BATCH:-1:133:133
BATCH:-1:134:134
BATCH:-1:135:135
BATCH:-1:136:136
BATCH:-1:137:137
BATCH:-1:138:138
BATCH:-1:139:139
BATCH:-1:140:140
BATCH:-1:141:141
BATCH:-1:142:142
BATCH:-1:143:143
BATCH:-1:144:144
BATCH:-1:145:145
BATCH:-1:146:146
BATCH:-1:147:147
BATCH:-1:148:148
BATCH:-1:149:149
BATCH:-1:150:150
BATCH:-1:151:151
BATCH:-1:152:152
BATCH:-1:153:153
BATCH:-1:154:154
BATCH:-1:155:155
BATCH:-1:156:156
BATCH:-1:157:157
BATCH:-1:158:158
BATCH:-1:159:159
BATCH:-1:160:160
BATCH:-1:161:161
BATCH:-1:162:162
BATCH:-1:163:163
BATCH:-1:164:164
BATCH:-1:165:165
BATCH:-1:166:166
BATCH:-1:167:167
BATCH:-1:168:168
BATCH:-1:169:169
BATCH:-1:170:170
BATCH:-1:171:171
BATCH:-1:172:172
BATCH:-1:173:173
BATCH:-1:174:174
BATCH:-1:175:175
BATCH:-1:176:176
BATCH:-1:177:177
BATCH:-1:178:178
BATCH:-1:179:179
BATCH:-1:180:180
BATCH:-1:181:181
BATCH:-1:182:182
BATCH:-1:183:183
EVAL_INSTANCE:0:0:388
RUN_RESULT:0:0:0:2000:----
RUN_RESULT:0:0:1:2000:----
RUN_RESULT:0:0:2:7:UR
RUN_RESULT:0:0:3:2000:----
RUN_RESULT:0:0:4:2000:----
RUN_RESULT:0:0:5:28:DDRRRLLLL
RUN_RESULT:0:0:6:4:UUUU
RUN_RESULT:0:0:7:2000:----
RUN_RESULT:0:0:8:2000:----
RUN_RESULT:0:0:9:4:R
RUN_RESULT:0:0:10:3:DDD
RUN_RESULT:0:0:11:2000:----
RUN_RESULT:0:0:12:575:ULLLLDURRUUUULLDL
RUN_RESULT:0:0:13:28:DDDDDRDRRRRRR
RUN_RESULT:0:0:14:2000:----
RUN_RESULT:0:0:15:2000:----
RUN_RESULT:0:0:16:2000:----
RUN_RESULT:0:0:17:42:LLUUUUUULLL
RUN_RESULT:0:0:18:2000:----
RUN_RESULT:0:0:19:2000:----
RUN_RESULT:0:0:20:47:RDDDRDRRRDUUUU
RUN_RESULT:0:0:21:2000:----
RUN_RESULT:0:0:22:4:DDDR
RUN_RESULT:0:0:23:58:DDDLLDRRRR
RUN_RESULT:0:0:24:86:DDDDDRRR
RUN_RESULT:0:0:25:2000:----
RUN_RESULT:0:0:26:3:DLL
RUN_RESULT:0:0:27:30:DDDDDRRDRR
RUN_RESULT:0:0:28:2000:----
RUN_RESULT:0:0:29:2000:----
RUN_RESULT:0:0:30:2000:----
RUN_RESULT:0:0:31:2000:----
RUN_RESULT:0:0:32:21:UUUUUURR
RUN_RESULT:0:0:33:44:UULUDLURRRUULLU
RUN_RESULT:0:0:34:644:UULLLLLULDDDDDRRDLL
RUN_RESULT:0:0:35:2000:----
RUN_RESULT:0:0:36:3:RRR
RUN_RESULT:0:0:37:5:UU
RUN_RESULT:0:0:38:11:LDRURRRR
RUN_RESULT:0:0:39:2000:----
RUN_RESULT:0:0:40:304:DRDRDDLRR
RUN_RESULT:0:0:41:2000:----
RUN_RESULT:0:0:42:1085:LLULUU
RUN_RESULT:0:0:43:2000:----
RUN_RESULT:0:0:44:4:RLR
RUN_RESULT:0:0:45:2000:----
RUN_RESULT:0:0:46:2000:----
RUN_RESULT:0:0:47:2000:----
RUN_RESULT:0:0:48:2000:----
RUN_RESULT:0:0:49:2000:----
RUN_RESULT:0:0:50:3:DDR
RUN_RESULT:0:0:51:20:DDLDRRLLL
RUN_RESULT:0:0:52:5:ULLLL
RUN_RESULT:0:0:53:2000:----
RUN_RESULT:0:0:54:2000:----
RUN_RESULT:0:0:55:1587:UUURRRRRRRDLLLLLL
RUN_RESULT:0:0:56:2000:----
RUN_RESULT:0:0:57:2000:----
RUN_RESULT:0:0:58:4:DRRR
RUN_RESULT:0:0:59:2000:----
RUN_RESULT:0:0:60:1:U
RUN_RESULT:0:0:61:823:UULLDLLD
RUN_RESULT:0:0:62:2000:----
RUN_RESULT:0:0:63:2000:----
RUN_RESULT:0:0:64:261:UUUUULUR
RUN_RESULT:0:0:65:7:DRDRRR
RUN_RESULT:0:0:66:2000:----
RUN_RESULT:0:0:67:2000:----
RUN_RESULT:0:0:68:2000:----
RUN_RESULT:0:0:69:2000:----
RUN_RESULT:0:0:70:2000:----
RUN_RESULT:0:0:71:2000:----
RUN_RESULT:0:0:72:291:URDRLL
RUN_RESULT:0:0:73:3:DDD
RUN_RESULT:0:0:74:12:DDD
RUN_RESULT:0:0:75:2000:----
RUN_RESULT:0:0:76:2000:----
RUN_RESULT:0:0:77:1816:DLLLLLLD
RUN_RESULT:0:0:78:2000:----
RUN_RESULT:0:0:79:154:UUUUURURD
RUN_RESULT:0:0:80:469:UUUUURURD
RUN_RESULT:0:0:81:38:UUUURUURRURRRR
RUN_RESULT:0:0:82:2000:----
RUN_RESULT:0:0:83:5:RRRRR
RUN_RESULT:0:0:84:2000:----
RUN_RESULT:0:0:85:572:RURDD
RUN_RESULT:0:0:86:29:DDDDDDDRRRRR
RUN_RESULT:0:0:87:738:ULLDDDUUUUUUUL
RUN_RESULT:0:0:88:2000:----
RUN_RESULT:0:0:89:2000:----
RUN_RESULT:0:0:90:2000:----
RUN_RESULT:0:0:91:584:ULLLLDURRUUUULLDL
RUN_RESULT:0:0:92:2000:----
RUN_RESULT:0:0:93:1553:ULUDLL
RUN_RESULT:0:0:94:2000:----
RUN_RESULT:0:0:95:2000:----
RUN_RESULT:0:0:96:2000:----
RUN_RESULT:0:0:97:3:UUR
RUN_RESULT:0:0:98:1:L
RUN_RESULT:0:0:99:2000:----
RUN_RESULT:0:0:100:2000:----
RUN_RESULT:0:0:101:1004:DRRDDDDRURRUR
RUN_RESULT:0:0:102:1:R
RUN_RESULT:0:0:103:2000:----
RUN_RESULT:0:0:104:2000:----
RUN_RESULT:0:0:105:2000:----
RUN_RESULT:0:0:106:284:UUUUUUULLLLL
RUN_RESULT:0:0:107:2000:----
RUN_RESULT:0:0:108:125:DRRDDRD
RUN_RESULT:0:0:109:2000:----
RUN_RESULT:0:0:110:1934:URRURDDDDRDLLURRRR
RUN_RESULT:0:0:111:2000:----
RUN_RESULT:0:0:112:687:DRRRDRRDLD
RUN_RESULT:0:0:113:3:DRR
RUN_RESULT:0:0:114:2000:----
RUN_RESULT:0:0:115:2000:----
RUN_RESULT:0:0:116:1327:UUUDRUDRURRDDD
RUN_RESULT:0:0:117:107:RDDDLUU
RUN_RESULT:0:0:118:2000:----
RUN_RESULT:0:0:119:2000:----
RUN_RESULT:0:0:120:2000:----
RUN_RESULT:0:0:121:2000:----
RUN_RESULT:0:0:122:32:DDRRR
RUN_RESULT:0:0:123:4:DDRR
RUN_RESULT:0:0:124:100:DDDDDDDDRRRR
RUN_RESULT:0:0:125:9:RRDRDR
RUN_RESULT:0:0:126:3:URR
RUN_RESULT:0:0:127:5:DDDDL
RUN_RESULT:0:0:128:2000:----
RUN_RESULT:0:0:129:428:RRUURUU
RUN_RESULT:0:0:130:2000:----
RUN_RESULT:0:0:131:2000:----
RUN_RESULT:0:0:132:48:UUUURRRRRRR
RUN_RESULT:0:0:133:782:RRLURURDD
RUN_RESULT:0:0:134:2000:----
RUN_RESULT:0:0:135:2000:----
RUN_RESULT:0:0:136:9:RRDRDR
RUN_RESULT:0:0:137:5:DDDDL
RUN_RESULT:0:0:138:31:DDDDDRRRDR
RUN_RESULT:0:0:139:2000:----
RUN_RESULT:0:0:140:71:UUUUURRURRRR
RUN_RESULT:0:0:141:582:UUUURRURDRDDDD
RUN_RESULT:0:0:142:8:UUURUUUR
RUN_RESULT:0:0:143:2000:----
RUN_RESULT:0:0:144:2000:----
RUN_RESULT:0:0:145:1188:URUURURRU
RUN_RESULT:0:0:146:2000:----
RUN_RESULT:0:0:147:7:UL
RUN_RESULT:0:0:148:2000:----
RUN_RESULT:0:0:149:238:RUULLRL
RUN_RESULT:0:0:150:66:RRDDRDDDDLDL
RUN_RESULT:0:0:151:7:DDDDDR
RUN_RESULT:0:0:152:2000:----
RUN_RESULT:0:0:153:2000:----
RUN_RESULT:0:0:154:4:DRRR
RUN_RESULT:0:0:155:636:DDRRRRRUUUUULL
RUN_RESULT:0:0:156:352:LDURRRRR
RUN_RESULT:0:0:157:1117:DDLLLLLDLDL
RUN_RESULT:0:0:158:2000:----
RUN_RESULT:0:0:159:2000:----
RUN_RESULT:0:0:160:2000:----
RUN_RESULT:0:0:161:2000:----
RUN_RESULT:0:0:162:57:DDDDDDRRRRRRDR
RUN_RESULT:0:0:163:2000:----
RUN_RESULT:0:0:164:168:DDLDLLDLDLLDD
RUN_RESULT:0:0:165:2000:----
RUN_RESULT:0:0:166:2000:----
RUN_RESULT:0:0:167:2000:----
RUN_RESULT:0:0:168:2000:----
RUN_RESULT:0:0:169:2000:----
RUN_RESULT:0:0:170:332:DDUDD
RUN_RESULT:0:0:171:2000:----
RUN_RESULT:0:0:172:63:DDDDD
RUN_RESULT:0:0:173:70:DDDLL
RUN_RESULT:0:0:174:2000:----
RUN_RESULT:0:0:175:124:RRRRRDULLL
RUN_RESULT:0:0:176:2000:----
RUN_RESULT:0:0:177:2000:----
RUN_RESULT:0:0:178:2000:----
RUN_RESULT:0:0:179:2000:----
RUN_RESULT:0:0:180:2000:----
RUN_RESULT:0:0:181:2000:----
RUN_RESULT:0:0:182:2000:----
RUN_RESULT:0:0:183:2000:----
The time of execution is: 264.93495082855225 s
